plazo_dias,valor
1,0.77453
2,1.54794167
3,2.32135333
4,3.094765
5,3.86817667
6,4.64158833
7,5.415
8,6.12857143
9,6.84214286
10,7.55571429
11,8.26928571
12,8.98285714
13,9.69642857
14,10.41
15,11.15825
16,11.9065
17,12.65475
18,13.403
19,14.15125
20,14.8995
21,15.64775
22,16.396
23,17.14425
24,17.8925
25,18.64075
26,19.389
27,20.13725
28,20.8855
29,21.63375
30,22.382
31,23.13025
32,23.8785
33,24.62675
34,25.375
35,26.15517241
36,26.93534483
37,27.71551724
38,28.49568966
39,29.27586207
40,30.05603448
41,30.8362069
42,31.61637931
43,32.39655172
44,33.17672414
45,33.95689655
46,34.73706897
47,35.51724138
48,36.29741379
49,37.07758621
50,37.85775862
51,38.63793103
52,39.41810345
53,40.19827586
54,40.97844828
55,41.75862069
56,42.5387931
57,43.31896552
58,44.09913793
59,44.87931034
60,45.65948276
61,46.43965517
62,47.21982759
63,48.0
64,48.7887931
65,49.57758621
66,50.36637931
67,51.15517241
68,51.94396552
69,52.73275862
70,53.52155172
71,54.31034483
72,55.09913793
73,55.88793103
74,56.67672414
75,57.46551724
76,58.25431034
77,59.04310345
78,59.83189655
79,60.62068966
80,61.40948276
81,62.19827586
82,62.98706897
83,63.77586207
84,64.56465517
85,65.35344828
86,66.14224138
87,66.93103448
88,67.71982759
89,68.50862069
90,69.29741379
91,70.0862069
92,70.875
93,71.67105263
94,72.46710526
95,73.26315789
96,74.05921053
97,74.85526316
98,75.65131579
99,76.44736842
100,77.24342105
101,78.03947368
102,78.83552632
103,79.63157895
104,80.42763158
105,81.22368421
106,82.01973684
107,82.81578947
108,83.61184211
109,84.40789474
110,85.20394737
111,86.0
112,86.79605263
113,87.59210526
114,88.38815789
115,89.18421053
116,89.98026316
117,90.77631579
118,91.57236842
119,92.36842105
120,93.16447368
121,93.96052632
122,94.75657895
123,95.55263158
124,96.34868421
125,97.14473684
126,97.94078947
127,98.73684211
128,99.53289474
129,100.32894737
130,101.125
131,101.92105263
132,102.71710526
133,103.51315789
134,104.30921053
135,105.10526316
136,105.90131579
137,106.69736842
138,107.49342105
139,108.28947368
140,109.08552632
141,109.88157895
142,110.67763158
143,111.47368421
144,112.26973684
145,113.06578947
146,113.86184211
147,114.65789474
148,115.45394737
149,116.25
150,117.04605263
151,117.84210526
152,118.63815789
153,119.43421053
154,120.23026316
155,121.02631579
156,121.82236842
157,122.61842105
158,123.41447368
159,124.21052632
160,125.00657895
161,125.80263158
162,126.59868421
163,127.39473684
164,128.19078947
165,128.98684211
166,129.78289474
167,130.57894737
168,131.375
169,132.17105263
170,132.96710526
171,133.76315789
172,134.55921053
173,135.35526316
174,136.15131579
175,136.94736842
176,137.74342105
177,138.53947368
178,139.33552632
179,140.13157895
180,140.92763158
181,141.72368421
182,142.51973684
183,143.31578947
184,144.11184211
185,144.90789474
186,145.70394737
187,146.5
188,147.32833333
189,148.15666667
190,148.985
191,149.81333333
192,150.64166667
193,151.47
194,152.29833333
195,153.12666667
196,153.955
197,154.78333333
198,155.61166667
199,156.44
200,157.26833333
201,158.09666667
202,158.925
203,159.75333333
204,160.58166667
205,161.41
206,162.23833333
207,163.06666667
208,163.895
209,164.72333333
210,165.55166667
211,166.38
212,167.20833333
213,168.03666667
214,168.865
215,169.69333333
216,170.52166667
217,171.35
218,172.17833333
219,173.00666667
220,173.835
221,174.66333333
222,175.49166667
223,176.32
224,177.14833333
225,177.97666667
226,178.805
227,179.63333333
228,180.46166667
229,181.29
230,182.11833333
231,182.94666667
232,183.775
233,184.60333333
234,185.43166667
235,186.26
236,187.08833333
237,187.91666667
238,188.745
239,189.57333333
240,190.40166667
241,191.23
242,192.05833333
243,192.88666667
244,193.715
245,194.54333333
246,195.37166667
247,196.2
248,197.02833333
249,197.85666667
250,198.685
251,199.51333333
252,200.34166667
253,201.17
254,201.99833333
255,202.82666667
256,203.655
257,204.48333333
258,205.31166667
259,206.14
260,206.96833333
261,207.79666667
262,208.625
263,209.45333333
264,210.28166667
265,211.11
266,211.93833333
267,212.76666667
268,213.595
269,214.42333333
270,215.25166667
271,216.08
272,216.90833333
273,217.73666667
274,218.565
275,219.39333333
276,220.22166667
277,221.05
278,221.87897727
279,222.70795455
280,223.53693182
281,224.36590909
282,225.19488636
283,226.02386364
284,226.85284091
285,227.68181818
286,228.51079545
287,229.33977273
288,230.16875
289,230.99772727
290,231.82670455
291,232.65568182
292,233.48465909
293,234.31363636
294,235.14261364
295,235.97159091
296,236.80056818
297,237.62954545
298,238.45852273
299,239.2875
300,240.11647727
301,240.94545455
302,241.77443182
303,242.60340909
304,243.43238636
305,244.26136364
306,245.09034091
307,245.91931818
308,246.74829545
309,247.57727273
310,248.40625
311,249.23522727
312,250.06420455
313,250.89318182
314,251.72215909
315,252.55113636
316,253.38011364
317,254.20909091
318,255.03806818
319,255.86704545
320,256.69602273
321,257.525
322,258.35397727
323,259.18295455
324,260.01193182
325,260.84090909
326,261.66988636
327,262.49886364
328,263.32784091
329,264.15681818
330,264.98579545
331,265.81477273
332,266.64375
333,267.47272727
334,268.30170455
335,269.13068182
336,269.95965909
337,270.78863636
338,271.61761364
339,272.44659091
340,273.27556818
341,274.10454545
342,274.93352273
343,275.7625
344,276.59147727
345,277.42045455
346,278.24943182
347,279.07840909
348,279.90738636
349,280.73636364
350,281.56534091
351,282.39431818
352,283.22329545
353,284.05227273
354,284.88125
355,285.71022727
356,286.53920455
357,287.36818182
358,288.19715909
359,289.02613636
360,289.85511364
361,290.68409091
362,291.51306818
363,292.34204545
364,293.17102273
365,294.0
366,294.78877005
367,295.57754011
368,296.36631016
369,297.15508021
370,297.94385027
371,298.73262032
372,299.52139037
373,300.31016043
374,301.09893048
375,301.88770053
376,302.67647059
377,303.46524064
378,304.2540107
379,305.04278075
380,305.8315508
381,306.62032086
382,307.40909091
383,308.19786096
384,308.98663102
385,309.77540107
386,310.56417112
387,311.35294118
388,312.14171123
389,312.93048128
390,313.71925134
391,314.50802139
392,315.29679144
393,316.0855615
394,316.87433155
395,317.6631016
396,318.45187166
397,319.24064171
398,320.02941176
399,320.81818182
400,321.60695187
401,322.39572193
402,323.18449198
403,323.97326203
404,324.76203209
405,325.55080214
406,326.33957219
407,327.12834225
408,327.9171123
409,328.70588235
410,329.49465241
411,330.28342246
412,331.07219251
413,331.86096257
414,332.64973262
415,333.43850267
416,334.22727273
417,335.01604278
418,335.80481283
419,336.59358289
420,337.38235294
421,338.17112299
422,338.95989305
423,339.7486631
424,340.53743316
425,341.32620321
426,342.11497326
427,342.90374332
428,343.69251337
429,344.48128342
430,345.27005348
431,346.05882353
432,346.84759358
433,347.63636364
434,348.42513369
435,349.21390374
436,350.0026738
437,350.79144385
438,351.5802139
439,352.36898396
440,353.15775401
441,353.94652406
442,354.73529412
443,355.52406417
444,356.31283422
445,357.10160428
446,357.89037433
447,358.67914439
448,359.46791444
449,360.25668449
450,361.04545455
451,361.8342246
452,362.62299465
453,363.41176471
454,364.20053476
455,364.98930481
456,365.77807487
457,366.56684492
458,367.35561497
459,368.14438503
460,368.93315508
461,369.72192513
462,370.51069519
463,371.29946524
464,372.08823529
465,372.87700535
466,373.6657754
467,374.45454545
468,375.24331551
469,376.03208556
470,376.82085562
471,377.60962567
472,378.39839572
473,379.18716578
474,379.97593583
475,380.76470588
476,381.55347594
477,382.34224599
478,383.13101604
479,383.9197861
480,384.70855615
481,385.4973262
482,386.28609626
483,387.07486631
484,387.86363636
485,388.65240642
486,389.44117647
487,390.22994652
488,391.01871658
489,391.80748663
490,392.59625668
491,393.38502674
492,394.17379679
493,394.96256684
494,395.7513369
495,396.54010695
496,397.32887701
497,398.11764706
498,398.90641711
499,399.69518717
500,400.48395722
501,401.27272727
502,402.06149733
503,402.85026738
504,403.63903743
505,404.42780749
506,405.21657754
507,406.00534759
508,406.79411765
509,407.5828877
510,408.37165775
511,409.16042781
512,409.94919786
513,410.73796791
514,411.52673797
515,412.31550802
516,413.10427807
517,413.89304813
518,414.68181818
519,415.47058824
520,416.25935829
521,417.04812834
522,417.8368984
523,418.62566845
524,419.4144385
525,420.20320856
526,420.99197861
527,421.78074866
528,422.56951872
529,423.35828877
530,424.14705882
531,424.93582888
532,425.72459893
533,426.51336898
534,427.30213904
535,428.09090909
536,428.87967914
537,429.6684492
538,430.45721925
539,431.2459893
540,432.03475936
541,432.82352941
542,433.61229947
543,434.40106952
544,435.18983957
545,435.97860963
546,436.76737968
547,437.55614973
548,438.34491979
549,439.13368984
550,439.92245989
551,440.71122995
552,441.5
553,442.22639038
554,442.95250877
555,443.65375765
556,444.35465003
557,445.0551864
558,445.75536676
559,446.45519113
560,447.15466
561,447.85377239
562,448.55252879
563,449.25092923
564,449.94897369
565,450.64666268
566,451.34399466
567,452.04097125
568,452.7375919
569,453.4338566
570,454.12976538
571,454.82531873
572,455.52051566
573,456.21535668
574,456.9098418
575,457.60397101
576,458.29774484
577,458.99116229
578,459.68422386
579,460.37692956
580,461.0692794
581,461.76127331
582,462.45291145
583,463.14419376
584,463.83512023
585,464.52569088
586,465.21590572
587,465.90576526
588,466.59526849
589,467.28441594
590,467.9732076
591,468.6616435
592,469.34972414
593,470.03744852
594,470.72481715
595,471.41182946
596,472.09848662
597,472.78478859
598,473.47073433
599,474.15632438
600,474.84155873
601,475.5264374
602,476.2109604
603,476.89512827
604,477.57893996
605,478.26239601
606,478.94549643
607,479.62824123
608,480.31063095
609,480.99266454
610,481.67434193
611,482.35566435
612,483.03663121
613,483.7172425
614,484.39749878
615,485.077399
616,485.75694369
617,486.43613287
618,487.11496654
619,487.79344526
620,488.47156797
621,489.14933521
622,489.82674699
623,490.50380333
624,491.18050415
625,491.85684964
626,492.53283972
627,493.2084744
628,493.88375369
629,494.55867762
630,495.23324673
631,495.90745995
632,496.58131784
633,497.2548204
634,497.92796765
635,498.60076017
636,499.27319684
637,499.94527825
638,500.6170044
639,501.28837467
640,501.95939091
641,502.63005137
642,503.30035663
643,503.9703067
644,504.6399016
645,505.30914133
646,505.97802648
647,506.64655593
648,507.31473026
649,507.9825495
650,508.65001363
651,509.31712326
652,509.98387726
653,510.65027557
654,511.31631949
655,511.98200839
656,512.64734286
657,513.31232178
658,513.97694572
659,514.64121471
660,515.30512875
661,515.96868787
662,516.63189265
663,517.29474196
664,517.95723639
665,518.61937596
666,519.28116068
667,519.94259114
668,520.60366555
669,521.26438582
670,521.92475131
671,522.58476203
672,523.244418
673,523.90371981
674,524.56266633
675,525.22125815
676,525.87949528
677,526.53737774
678,527.19490614
679,527.85207932
680,528.50889789
681,529.16536186
682,529.82147056
683,530.47722597
684,531.13262624
685,531.78767199
686,532.44236322
687,533.09669996
688,533.75068223
689,534.40431063
690,535.057584
691,535.71050295
692,536.3630675
693,537.01527766
694,537.66713405
695,538.3186355
696,538.96978262
697,539.62057474
698,540.27101326
699,540.92109811
700,541.5708281
701,542.22020386
702,542.86922541
703,543.51789276
704,544.16620594
705,544.81416557
706,545.46177045
707,546.10902122
708,546.75591789
709,547.40246048
710,548.04864963
711,548.69448341
712,549.33996389
713,549.98509038
714,550.62986288
715,551.27428205
716,551.91834667
717,552.56205737
718,553.20541417
719,553.84841711
720,554.49106619
721,555.13336206
722,555.7753035
723,556.41689115
724,557.05812503
725,557.69900516
726,558.33953147
727,558.97970417
728,559.6195232
729,560.25898856
730,560.89810028
731,561.53685902
732,562.17526353
733,562.81331447
734,563.45101186
735,564.08835572
736,564.72534608
737,565.43605732
738,566.1466241
739,566.85704635
740,567.56732208
741,568.27745344
742,568.98743898
743,569.69728023
744,570.40697647
745,571.11652698
746,571.82593329
747,572.53519394
748,573.24431045
749,573.95328212
750,574.66210822
751,575.37079028
752,576.07932683
753,576.78771942
754,577.49596732
755,578.2040698
756,578.91202841
757,579.61984167
758,580.32751113
759,581.03503606
760,581.74241573
761,582.4496517
762,583.15674246
763,583.8636896
764,584.57049159
765,585.27715001
766,585.98366413
767,586.69003321
768,587.39625881
769,588.10233943
770,588.80827664
771,589.51406971
772,590.21971855
773,590.92522343
774,591.63058347
775,592.33580028
776,593.04087309
777,593.74580117
778,594.45058611
779,595.15522638
780,595.85972357
781,596.56407693
782,597.26828571
783,597.97235151
784,598.67627279
785,599.38005116
786,600.08368586
787,600.78717614
788,601.4905236
789,602.19372669
790,602.89678703
791,603.59970387
792,604.30247642
793,605.00510634
794,605.70759203
795,606.40993514
796,607.1121349
797,607.81419054
798,608.5161037
799,609.21787279
800,609.91949946
801,610.62098294
802,611.32232245
803,612.02351964
804,612.72457292
805,613.42548394
806,614.12625262
807,614.82687679
808,615.52735881
809,616.22769706
810,616.92789323
811,617.62794652
812,618.32785614
813,619.02762377
814,619.7272478
815,620.4267299
816,621.12606927
817,621.82526514
818,622.52431917
819,623.22322975
820,623.92199857
821,624.62062482
822,625.31910771
823,626.01744893
824,626.71564686
825,627.41370318
826,628.11161709
827,628.8093878
828,629.507017
829,630.20450305
830,630.90184766
831,631.59904918
832,632.29610933
833,632.99302729
834,633.68980226
835,634.38643595
836,635.08292669
837,635.77927623
838,636.47548374
839,637.17154912
840,637.86747266
841,638.56325342
842,639.25889313
843,639.95439097
844,640.64974611
845,641.3449603
846,642.04003186
847,642.73496252
848,643.42975147
849,644.12439788
850,644.81890349
851,645.51326662
852,646.20748902
853,646.90156986
854,647.59550831
855,648.28930612
856,648.98296161
857,649.67647652
858,650.36985004
859,651.06308131
860,651.75617211
861,652.44912072
862,653.14192894
863,653.8345959
864,654.52712077
865,655.21950534
866,655.91174786
867,656.60385015
868,657.29581134
869,657.98763059
870,658.67930969
871,659.37084691
872,660.06224405
873,660.75350099
874,661.44461539
875,662.13558981
876,662.8264225
877,663.51711526
878,664.20766724
879,664.89807757
880,665.58834809
881,666.27847701
882,666.96846617
883,667.65831471
884,668.34802175
885,669.03758913
886,669.72701507
887,670.4163014
888,671.10544727
889,671.79445179
890,672.4833168
891,673.17204053
892,673.86062482
893,674.54906879
894,675.23737156
895,675.92553498
896,676.61355727
897,677.30144027
898,677.98918312
899,678.67678491
900,679.36424752
901,680.05156913
902,680.73875163
903,681.42579319
904,682.1126957
905,682.79945826
906,683.48608074
907,684.1725635
908,684.85890547
909,685.54510855
910,686.23117183
911,686.91709442
912,687.6028782
913,688.28852135
914,688.97402577
915,689.65939054
916,690.34461476
917,691.02970034
918,691.71464544
919,692.39945195
920,693.08411898
921,693.76864561
922,694.45303375
923,695.13728156
924,695.82139094
925,696.50536099
926,697.18919079
927,697.87288226
928,698.55643354
929,699.23984656
930,699.92312039
931,700.60625413
932,701.28924969
933,701.97210521
934,702.65482263
935,703.33740102
936,704.01983945
937,704.70213987
938,705.38430039
939,706.06632297
940,706.74820746
941,707.42995136
942,708.1115574
943,708.79302369
944,709.47435219
945,710.15554197
946,710.83659209
947,711.51750451
948,712.19827733
949,712.87891252
950,713.55940913
951,714.23976623
952,714.91998579
953,715.6000659
954,716.28000853
955,716.95981274
956,717.63947759
957,718.31900505
958,718.9983932
959,719.67764404
960,720.3567566
961,721.03572995
962,721.71456607
963,722.39326303
964,723.07182283
965,723.75024451
966,724.42852711
967,725.10667265
968,725.78467917
969,726.46254869
970,727.14027924
971,727.81787286
972,728.49532857
973,729.17264622
974,729.84982622
975,730.52686739
976,731.20377179
977,731.88053843
978,732.55716634
979,733.23365756
980,733.91001011
981,734.58622604
982,735.26230436
983,735.9382441
984,736.61404731
985,737.28971199
986,737.9652402
987,738.64063096
988,739.31588328
989,739.99099922
990,740.66597679
991,741.34081804
992,742.01552198
993,742.69008764
994,743.36451707
995,744.03880827
996,744.7129633
997,745.38698119
998,746.06086093
999,746.7346046
1000,747.40821018
1001,748.08167976
1002,748.75501234
1003,749.42820691
1004,750.10126557
1005,750.77418629
1006,751.44697116
1007,752.11962001
1008,752.79213017
1009,753.46450457
1010,754.13674117
1011,754.80884208
1012,755.48080629
1013,756.15263277
1014,756.82432366
1015,757.49587689
1016,758.16729459
1017,758.83857573
1018,759.50971929
1019,760.18072742
1020,760.85159803
1021,761.52233325
1022,762.19293207
1023,762.86339347
1024,763.53371957
1025,764.2039083
1026,764.8739618
1027,765.54387905
1028,766.21365902
1029,766.88330384
1030,767.55281144
1031,768.22218397
1032,768.89142039
1033,769.56051967
1034,770.22948396
1035,770.89831118
1036,771.56700347
1037,772.23555873
1038,772.90397914
1039,773.57226365
1040,774.24041208
1041,774.90842488
1042,775.5763008
1043,776.24404201
1044,776.91164747
1045,777.57911614
1046,778.24645019
1047,778.9136475
1048,779.58071026
1049,780.24763742
1050,780.91442792
1051,781.58108396
1052,782.24760341
1053,782.91398845
1054,783.58023805
1055,784.24635113
1056,784.9123299
1057,785.57817222
1058,786.24388029
1059,786.90945306
1060,787.57488945
1061,788.24019169
1062,788.90535762
1063,789.57038946
1064,790.23528614
1065,790.90004659
1066,791.56467304
1067,792.22916332
1068,792.89351966
1069,793.55774098
1070,794.22182623
1071,794.88577762
1072,795.54959298
1073,796.21327456
1074,796.87682217
1075,797.54023294
1076,798.20351001
1077,798.8666512
1078,799.52965875
1079,800.19253158
1080,800.85526861
1081,801.5178721
1082,802.18033984
1083,802.8426741
1084,803.50487379
1085,804.16693782
1086,804.82886845
1087,805.49066348
1088,806.15232519
1089,806.81385246
1090,807.47524422
1091,808.13650274
1092,808.79762579
1093,809.45861566
1094,810.11947126
1095,810.78019148
1096,811.44077861
1097,812.10123041
1098,812.76154919
1099,813.42173384
1100,814.08178325
1101,814.74169972
1102,815.40148101
1103,816.06112943
1104,816.78201472
1105,817.50286974
1106,818.22369153
1107,818.94447986
1108,819.66523703
1109,820.38596074
1110,821.1066533
1111,821.82731357
1112,822.54794039
1113,823.26853609
1114,823.98909835
1115,824.70962949
1116,825.4301272
1117,826.15059381
1118,826.87102816
1119,827.5914291
1120,828.31179987
1121,829.03213631
1122,829.75244168
1123,830.47271481
1124,831.19295455
1125,831.91316323
1126,832.63333853
1127,833.35348278
1128,834.07359365
1129,834.79367349
1130,835.51372113
1131,836.2337354
1132,836.95371866
1133,837.67366857
1134,838.39358746
1135,839.11347395
1136,839.83332851
1137,840.55315091
1138,841.27293997
1139,841.99269806
1140,842.71242281
1141,843.43211661
1142,844.15177827
1143,844.87140661
1144,845.59100402
1145,846.31056811
1146,847.03010127
1147,847.74960113
1148,848.46907007
1149,849.18850691
1150,849.90791141
1151,850.62728406
1152,851.34662343
1153,852.06593191
1154,852.78520712
1155,853.50445145
1156,854.22366372
1157,854.94284272
1158,855.66199087
1159,856.38110576
1160,857.10018981
1161,857.81924182
1162,858.53826058
1163,859.25724852
1164,859.97620322
1165,860.69512808
1166,861.41401874
1167,862.1328786
1168,862.85170646
1169,863.5705011
1170,864.28926496
1171,865.0079956
1172,865.72669548
1173,866.44536338
1174,867.16399808
1175,867.88260203
1176,868.60117279
1177,869.31971281
1178,870.03821964
1179,870.75669575
1180,871.47514089
1181,872.19355189
1182,872.91193217
1183,873.6302793
1184,874.34859573
1185,875.066879
1186,875.78513159
1187,876.50335226
1188,877.2215398
1189,877.93969666
1190,878.6578204
1191,879.37591347
1192,880.09397467
1193,880.81200273
1194,881.53000017
1195,882.24796547
1196,882.96589916
1197,883.68379974
1198,884.40166972
1199,885.11950784
1200,885.83731286
1201,886.5550873
1202,887.27282864
1203,887.9905394
1204,888.70821834
1205,889.42586419
1206,890.14347948
1207,890.86106171
1208,891.57861338
1209,892.29613199
1210,893.01362106
1211,893.73107734
1212,894.44850057
1213,895.16589328
1214,895.88325294
1215,896.6005821
1216,897.31787822
1217,898.03514385
1218,898.75237771
1219,899.46957856
1220,900.18674892
1221,900.90388627
1222,901.62099315
1223,902.3380683
1224,903.05511045
1225,903.77212315
1226,904.48910185
1227,905.20605011
1228,905.92296539
1229,906.63985024
1230,907.35670339
1231,908.07352356
1232,908.79031333
1233,909.50707013
1234,910.22379653
1235,910.94049126
1236,911.65715303
1237,912.37378442
1238,913.09038286
1239,913.80695094
1240,914.52348709
1241,915.23999187
1242,915.95646502
1243,916.67290523
1244,917.38931511
1245,918.10569205
1246,918.82203869
1247,919.53835239
1248,920.2546358
1249,920.9708876
1250,921.68710648
1251,922.40329509
1252,923.11945078
1253,923.8355762
1254,924.55167005
1255,925.26773202
1256,925.98376271
1257,926.69976052
1258,927.41572809
1259,928.13166277
1260,928.84756722
1261,929.56344013
1262,930.27928017
1263,930.99508999
1264,931.71086696
1265,932.42661372
1266,933.14232896
1267,933.85801135
1268,934.57366356
1269,935.28928293
1270,936.00487317
1271,936.72042953
1272,937.43595573
1273,938.15145045
1274,938.86691234
1275,939.58234409
1276,940.29774302
1277,941.01311183
1278,941.72844783
1279,942.44375371
1280,943.15902813
1281,943.87426976
1282,944.58948129
1283,945.30466003
1284,946.01980868
1285,946.73492695
1286,947.45001139
1287,948.16506577
1288,948.88008737
1289,949.59507891
1290,950.3100377
1291,951.02496643
1292,951.73986377
1293,952.45472836
1294,953.16956291
1295,953.88436473
1296,954.59913653
1297,955.31387558
1298,956.02858464
1299,956.74326233
1300,957.45790836
1301,958.17252334
1302,958.8871056
1303,959.60165789
1304,960.31617884
1305,961.03066708
1306,961.74512536
1307,962.45955094
1308,963.17394658
1309,963.88830952
1310,964.60264253
1311,965.31694424
1312,966.03121326
1313,966.74545237
1314,967.45965881
1315,968.17383641
1316,968.88798166
1317,969.60209424
1318,970.31617694
1319,971.03022699
1320,971.74424716
1321,972.45823468
1322,973.17219234
1323,973.88611875
1324,974.60001252
1325,975.31387645
1326,976.02770774
1327,976.74150921
1328,977.45527805
1329,978.16901707
1330,978.88272596
1331,979.59640115
1332,980.31004655
1333,981.02365933
1334,981.73724233
1335,982.45079413
1336,983.16431334
1337,983.87780278
1338,984.59125963
1339,985.30468671
1340,986.01808122
1341,986.73144598
1342,987.44477958
1343,988.15808061
1344,988.87135191
1345,989.58459174
1346,990.29780076
1347,991.01097865
1348,991.72412398
1349,992.43723961
1350,993.1503227
1351,993.8633761
1352,994.57639696
1353,995.28938814
1354,996.00234822
1355,996.71527577
1356,997.42817367
1357,998.14103904
1358,998.85387477
1359,999.56667798
1360,1000.27945266
1361,1000.99219518
1362,1001.70490518
1363,1002.41758557
1364,1003.13023347
1365,1003.84285176
1366,1004.555439
1367,1005.26799376
1368,1005.98051893
1369,1006.69301163
1370,1007.40547474
1371,1008.11790539
1372,1008.83030647
1373,1009.54267654
1374,1010.25501415
1375,1010.96732333
1376,1011.67959894
1377,1012.39184502
1378,1013.10406011
1379,1013.81624275
1380,1014.52839588
1381,1015.24051658
1382,1015.95260776
1383,1016.66466652
1384,1017.37669579
1385,1018.0886941
1386,1018.80065999
1387,1019.51259641
1388,1020.22450041
1389,1020.93637495
1390,1021.64821822
1391,1022.3600309
1392,1023.07181267
1393,1023.78356204
1394,1024.49528197
1395,1025.20696952
1396,1025.91862765
1397,1026.63025487
1398,1027.34184973
1399,1028.05341517
1400,1028.76494825
1401,1029.47645193
1402,1030.18792325
1403,1030.89936519
1404,1031.61077627
1405,1032.32215613
1406,1033.03350549
1407,1033.7448225
1408,1034.45611016
1409,1035.16736548
1410,1035.87859147
1411,1036.58978662
1412,1037.30094944
1413,1038.01208294
1414,1038.72318412
1415,1039.43425599
1416,1040.14529704
1417,1040.85630579
1418,1041.56728525
1419,1042.2782324
1420,1042.98915141
1421,1043.70003699
1422,1044.41089329
1423,1045.12171882
1424,1045.83251206
1425,1046.54327605
1426,1047.25400775
1427,1047.96471022
1428,1048.67538194
1429,1049.38602138
1430,1050.0966316
1431,1050.80720956
1432,1051.51775831
1433,1052.2282748
1434,1052.9387621
1435,1053.64921982
1436,1054.35964415
1437,1055.0700393
1438,1055.78040221
1439,1056.49073594
1440,1057.20103745
1441,1057.91130979
1442,1058.62155145
1443,1059.33176089
1444,1060.04194118
1445,1060.75208926
1446,1061.46220821
1447,1062.1722965
1448,1062.88235258
1449,1063.59237955
1450,1064.30237549
1451,1065.01234116
1452,1065.72227464
1453,1066.43217903
1454,1067.14205279
1455,1067.85189437
1456,1068.56170688
1457,1069.27148721
1458,1069.98123849
1459,1070.69095915
1460,1071.40064765
1461,1072.11030711
1462,1072.81993442
1463,1073.52953269
1464,1074.23909881
1465,1074.94863709
1466,1075.65814361
1467,1076.367618
1468,1077.07706339
1469,1077.74546957
1470,1078.41378639
1471,1079.08200833
1472,1079.7501409
1473,1080.41817859
1474,1081.0861269
1475,1081.75398032
1476,1082.42174437
1477,1083.08941352
1478,1083.75699171
1479,1084.42447815
1480,1085.09187205
1481,1085.75917419
1482,1086.42638378
1483,1087.09350162
1484,1087.7605269
1485,1088.42746042
1486,1089.09430138
1487,1089.76105056
1488,1090.42770719
1489,1091.09427204
1490,1091.76074432
1491,1092.42712482
1492,1093.09341274
1493,1093.75960888
1494,1094.42571243
1495,1095.0917226
1496,1095.75764338
1497,1096.42346917
1498,1097.08920556
1499,1097.75484695
1500,1098.42039895
1501,1099.08585594
1502,1099.75122353
1503,1100.41649731
1504,1101.08167928
1505,1101.74676864
1506,1102.41176618
1507,1103.07667111
1508,1103.74148422
1509,1104.4062047
1510,1105.07083336
1511,1105.73536939
1512,1106.39981359
1513,1107.06416516
1514,1107.72842327
1515,1108.39259199
1516,1109.05666563
1517,1109.72064986
1518,1110.38453901
1519,1111.04833876
1520,1111.71204341
1521,1112.37565866
1522,1113.0391788
1523,1113.70260954
1524,1114.36594517
1525,1115.02919139
1526,1115.69234249
1527,1116.35540419
1528,1117.01837076
1529,1117.68124791
1530,1118.34402994
1531,1119.00672091
1532,1119.66932002
1533,1120.33182644
1534,1120.99424099
1535,1121.65656284
1536,1122.31879282
1537,1122.98093009
1538,1123.6429755
1539,1124.30492819
1540,1124.966789
1541,1125.6285571
1542,1126.29023332
1543,1126.95181682
1544,1127.61330844
1545,1128.27470733
1546,1128.93601433
1547,1129.5972286
1548,1130.25835098
1549,1130.91938062
1550,1131.58031671
1551,1132.24116338
1552,1132.90191483
1553,1133.56257686
1554,1134.22314365
1555,1134.88362103
1556,1135.54400317
1557,1136.20429589
1558,1136.86449337
1559,1137.52460142
1560,1138.18461423
1561,1138.8445376
1562,1139.50436572
1563,1140.16410442
1564,1140.82374785
1565,1141.48330186
1566,1142.14276059
1567,1142.80212822
1568,1143.46140517
1569,1144.12058684
1570,1144.77967909
1571,1145.43867604
1572,1146.09758357
1573,1146.7563958
1574,1147.4151186
1575,1148.07374609
1576,1148.73228416
1577,1149.39072692
1578,1150.04908025
1579,1150.70733825
1580,1151.36550683
1581,1152.02358008
1582,1152.68156391
1583,1153.3394524
1584,1153.99725146
1585,1154.65495518
1586,1155.31256777
1587,1155.97008841
1588,1156.62751622
1589,1157.28485209
1590,1157.94209511
1591,1158.59924618
1592,1159.25630441
1593,1159.91327069
1594,1160.57014412
1595,1161.22692559
1596,1161.88361422
1597,1162.54021088
1598,1163.19671469
1599,1163.85312654
1600,1164.50944552
1601,1165.16567255
1602,1165.82180671
1603,1166.47784718
1604,1167.13379823
1605,1167.78965386
1606,1168.44542007
1607,1169.10109086
1608,1169.75667222
1609,1170.41215815
1610,1171.06755467
1611,1171.7228557399999
1612,1172.3780674
1613,1173.03318361
1614,1173.6882104
1615,1174.34314174
1616,1174.99798366
1617,1175.65273013
1618,1176.30738717
1619,1176.96194875
1620,1177.61642091
1621,1178.2707976
1622,1178.92508313
1623,1179.57927667
1624,1180.2333773
1625,1180.88738594
1626,1181.54130167
1627,1182.19512541
1628,1182.84885623
1629,1183.50249506
1630,1184.15604096
1631,1184.80949616
1632,1185.46285586
1633,1186.11612614
1634,1186.76930091
1635,1187.42238626
1636,1188.07537609
1637,1188.72827652
1638,1189.38108142
1639,1190.03379514
1640,1190.68641685
1641,1191.33894563
1642,1191.9913824
1643,1192.64372623
1644,1193.29597805
1645,1193.94813692
1646,1194.60020378
1647,1195.2521777
1648,1195.9040596
1649,1196.55584854
1650,1197.20754548
1651,1197.85914945
1652,1198.51066141
1653,1199.16208041
1654,1199.8134074
1655,1200.46464142
1656,1201.11578342
1657,1201.76683245
1658,1202.41778768
1659,1203.06865351
1660,1203.71942375
1661,1204.37010459
1662,1205.02068982
1663,1205.67118567
1664,1206.3215859
1665,1206.97189674
1666,1207.62211197
1667,1208.2722378
1668,1208.92226801
1669,1209.57220884
1670,1210.22205403
1671,1210.87180984
1672,1211.52147002
1673,1212.17104081
1674,1212.82051596
1675,1213.46989992
1676,1214.11919185
1677,1214.76839078
1678,1215.41749767
1679,1216.06651157
1680,1216.71543343
1681,1217.36426229
1682,1218.01299911
1683,1218.66164292
1684,1219.31019471
1685,1219.95865347
1686,1220.60702021
1687,1221.25529393
1688,1221.90347561
1689,1222.55156427
1690,1223.1995609
1691,1223.84746451
1692,1224.49527608
1693,1225.14299462
1694,1225.7906193
1695,1226.43815461
1696,1227.08559556
1697,1227.73294447
1698,1228.38020035
1699,1229.02736419
1700,1229.67443499
1701,1230.32141376
1702,1230.96829948
1703,1231.61509317
1704,1232.26179382
1705,1232.90840243
1706,1233.55491799
1707,1234.20134151
1708,1234.84767199
1709,1235.49391043
1710,1236.14005582
1711,1236.78610731
1712,1237.43206946
1713,1238.07793586
1714,1238.72371291
1715,1239.36939422
1716,1240.01498617
1717,1240.66048238
1718,1241.30588924
1719,1241.95120034
1720,1242.59642209
1721,1243.24154808
1722,1243.88658474
1723,1244.53152562
1724,1245.17637717
1725,1245.82113294
1726,1246.46579937
1727,1247.11037003
1728,1247.75485136
1729,1248.3992369
1730,1249.04353123
1731,1249.68773353
1732,1250.33184275
1733,1250.97585992
1734,1251.61978402
1735,1252.26361607
1736,1252.90735504
1737,1253.55100197
1738,1254.19455582
1739,1254.83801762
1740,1255.48138635
1741,1256.12466302
1742,1256.76784661
1743,1257.41093815
1744,1258.05393661
1745,1258.69684303
1746,1259.33965635
1747,1259.98237574
1748,1260.62500582
1749,1261.26754007
1750,1261.90998501
1751,1262.55233412
1752,1263.19459393
1753,1263.8367579
1754,1264.47883257
1755,1265.1208114
1756,1265.76270093
1757,1266.40449461
1758,1267.04619899
1759,1267.68780753
1760,1268.32932677
1761,1268.97075154
1762,1269.61208426
1763,1270.25332388
1764,1270.89447145
1765,1271.53552592
1766,1272.17648643
1767,1272.81735766
1768,1273.45813302
1769,1274.09881911
1770,1274.73940931
1771,1275.37991025
1772,1276.0203153
1773,1276.66063108
1774,1277.30085098
1775,1277.9409816
1776,1278.58101635
1777,1279.22096182
1778,1279.8608114
1779,1280.50057173
1780,1281.14023615
1781,1281.77981132
1782,1282.41929058
1783,1283.05867866
1784,1283.6979747
1785,1284.33717762
1786,1284.9762885
1787,1285.61530626
1788,1286.25423198
1789,1286.89306458
1790,1287.53180515
1791,1288.17045258
1792,1288.80900799
1793,1289.44747027
1794,1290.08584051
1795,1290.72411763
1796,1291.36230271
1797,1292.00039467
1798,1292.63839459
1799,1293.27630138
1800,1293.91411615
1801,1294.55183778
1802,1295.18946543
1803,1295.82700385
1804,1296.46444633
1805,1297.1017996
1806,1297.73905692
1807,1298.37622502
1808,1299.01329718
1809,1299.65028012
1810,1300.28716712
1811,1300.9239649
1812,1301.56066673
1813,1302.19727936
1814,1302.83379603
1815,1303.47022349
1816,1304.106555
1817,1304.74279731
1818,1305.37894365
1819,1306.01499882
1820,1306.65096198
1821,1307.28683199
1822,1307.92260999
1823,1308.55829484
1824,1309.1938891
1825,1309.82938737
1826,1310.46479647
1827,1311.10010959
1828,1311.73533353
1829,1312.37046149
1830,1313.00550028
1831,1313.64044308
1832,1314.27529671
1833,1315.01298277
1834,1315.7506675
1835,1316.48834546
1836,1317.22601716
1837,1317.96368743
1838,1318.70135081
1839,1319.43900983
1840,1320.1766633
1841,1320.91431377
1842,1321.65195576
1843,1322.38959611
1844,1323.12722934
1845,1323.86485598
1846,1324.60248087
1847,1325.34009853
1848,1326.07771149
1849,1326.81531858
1850,1327.55292234
1851,1328.29051729
1852,1329.02811026
1853,1329.76569578
1854,1330.50327438
1855,1331.2408509
1856,1331.97841986
1857,1332.71598379
1858,1333.45354152
1859,1334.1910956
1860,1334.92864051
1861,1335.66618315
1862,1336.40371798
1863,1337.14124903
1864,1337.87877075
1865,1338.61628803
1866,1339.35380142
1867,1340.09130537
1868,1340.8288068
1869,1341.56630017
1870,1342.30378805
1871,1343.04126924
1872,1343.77874632
1873,1344.51621374
1874,1345.25367639
1875,1345.99113483
1876,1346.72858349
1877,1347.46602932
1878,1348.20346674
1879,1348.94089836
1880,1349.67832295
1881,1350.41574312
1882,1351.15315328
1883,1351.8905583599999
1884,1352.6279589
1885,1353.36534933
1886,1354.10273661
1887,1354.84011515
1888,1355.57748757
1889,1356.31485262
1890,1357.05221294
1891,1357.78956291
1892,1358.52690954
1893,1359.26424719
1894,1360.00157645
1895,1360.73890225
1896,1361.47621898
1897,1362.21352926
1898,1362.95083185
1899,1363.68812939
1900,1364.42541771
1901,1365.16269944
1902,1365.89997333
1903,1366.63723996
1904,1367.3744999
1905,1368.11175189
1906,1368.84899859
1907,1369.58623433
1908,1370.32346618
1909,1371.06068847
1910,1371.79790386
1911,1372.53511108
1912,1373.27231071
1913,1374.00950333
1914,1374.74668768
1915,1375.48386642
1916,1376.22103387
1917,1376.95819712
1918,1377.69535048
1919,1378.43249661
1920,1379.16963426
1921,1379.90676399
1922,1380.6438864
1923,1381.38100021
1924,1382.1181081
1925,1382.85520436
1926,1383.59229612
1927,1384.32937765
1928,1385.06645164
1929,1385.80351682
1930,1386.54057588
1931,1387.27762307
1932,1388.01466345
1933,1388.75169761
1934,1389.4887198
1935,1390.22573718
1936,1390.962744
1937,1391.69974446
1938,1392.43673281
1939,1393.17371621
1940,1393.91068891
1941,1394.64765149
1942,1395.38460904
1943,1396.12155577
1944,1396.85849441
1945,1397.59542366
1946,1398.33234623
1947,1399.06925635
1948,1399.80616124
1949,1400.54305508
1950,1401.2799385
1951,1402.01681657
1952,1402.7536835
1953,1403.49054202
1954,1404.22739083
1955,1404.96423266
1956,1405.70106171
1957,1406.43788521
1958,1407.17469735
1959,1407.91150088
1960,1408.64829448
1961,1409.38507876
1962,1410.12185432
1963,1410.85861984
1964,1411.59537808
1965,1412.3321232
1966,1413.06886248
1967,1413.80559007
1968,1414.54230874
1969,1415.27901717
1970,1416.01571595
1971,1416.7524057
1972,1417.4890851
1973,1418.22575691
1974,1418.96241527
1975,1419.6990675
1976,1420.43570771
1977,1421.1723402
1978,1421.9089591
1979,1422.64556955
1980,1423.38217219
1981,1424.11876112
1982,1424.85534368
1983,1425.59191398
1984,1426.3284748
1985,1427.06502481
1986,1427.8015668
1987,1428.53809486
1988,1429.27461635
1989,1430.01112537
1990,1430.74762252
1991,1431.48411301
1992,1432.22059092
1993,1432.95705904
1994,1433.69351604
1995,1434.42996471
1996,1435.16639913
1997,1435.90282668
1998,1436.63924143
1999,1437.37564401
2000,1438.11203963
2001,1438.84842234
2002,1439.58479497
2003,1440.32115615
2004,1441.0575087
2005,1441.79384668
2006,1442.5301775
2007,1443.2664952
2008,1444.0028004
2009,1444.73909836
2010,1445.47538308
2011,1446.21165742
2012,1446.94791999
2013,1447.68417365
2014,1448.42041393
2015,1449.15664369
2016,1449.89286155
2017,1450.62907035
2018,1451.36526411
2019,1452.10144807
2020,1452.83762288
2021,1453.57378253
2022,1454.3099345
2023,1455.04607279
2024,1455.78220025
2025,1456.51831549
2026,1457.25442138
2027,1457.9905119
2028,1458.72659233
2029,1459.4626633
2030,1460.1987188
2031,1460.93476633
2032,1461.67079985
2033,1462.40682224
2034,1463.14283211
2035,1463.87883233
2036,1464.61481686
2037,1465.35079099
2038,1466.08675538
2039,1466.82270396
2040,1467.55864429
2041,1468.29457029
2042,1469.03048487
2043,1469.76638661
2044,1470.50227841
2045,1471.23815419
2046,1471.97402153
2047,1472.70987433
2048,1473.44571325
2049,1474.18154363
2050,1474.91735938
2051,1475.65316496
2052,1476.38895427
2053,1477.12473491
2054,1477.86050077
2055,1478.59625477
2056,1479.33199549
2057,1480.06772359
2058,1480.80343973
2059,1481.53914248
2060,1482.27483477
2061,1483.01051048
2062,1483.74617723
2063,1484.48182889
2064,1485.21746839
2065,1485.9530943
2066,1486.68870729
2067,1487.42430802
2068,1488.15989506
2069,1488.89547135
2070,1489.63103073
2071,1490.36658088
2072,1491.10211561
2073,1491.8376379
2074,1492.57314629
2075,1493.30864374
2076,1494.04412407
2077,1494.77959268
2078,1495.51505026
2079,1496.25049061
2080,1496.98592144
2081,1497.72133655
2082,1498.45673892
2083,1499.19212708
2084,1499.92750401
2085,1500.66286352
2086,1501.398211
2087,1502.13354717
2088,1502.86886737
2089,1503.60417461
2090,1504.3394674
2091,1505.07474874
2092,1505.8100124
2093,1506.54526613
2094,1507.28050369
2095,1508.01572578
2096,1508.75093785
2097,1509.48613365
2098,1510.22131618
2099,1510.95648397
2100,1511.69164002
2101,1512.42677807
2102,1513.16190591
2103,1513.89701729
2104,1514.63211288
2105,1515.36719817
2106,1516.10226688
2107,1516.83732204
2108,1517.57236215
2109,1518.30739023
2110,1519.04240001
2111,1519.7773993
2112,1520.51238181
2113,1521.24735057
2114,1521.98230408
2115,1522.71724305
2116,1523.45216817
2117,1524.18707794
2118,1524.9219754
2119,1525.65685424
2120,1526.39172232
2121,1527.12657331
2122,1527.86141026
2123,1528.59623166
2124,1529.33103822
2125,1530.06583225
2126,1530.80060743
2127,1531.53537162
2128,1532.27011848
2129,1533.00485109
2130,1533.73956791
2131,1534.47427202
2132,1535.20895706
2133,1535.94362857
2134,1536.67828728
2135,1537.41292681
2136,1538.14755509
2137,1538.88216573
2138,1539.61676184
2139,1540.35134186
2140,1541.08590888
2141,1541.82045653
2142,1542.55499273
2143,1543.28951111
2144,1544.02401238
2145,1544.75850211
2146,1545.49297391
2147,1546.22743088
2148,1546.96187147
2149,1547.69629879
2150,1548.43070642
2151,1549.16510233
2152,1549.89948012
2153,1550.6338405
2154,1551.36818907
2155,1552.10251941
2156,1552.83683464
2157,1553.57113319
2158,1554.30541818
2159,1555.03968319
2160,1555.7739362
2161,1556.50817078
2162,1557.2423893
2163,1557.97659247
2164,1558.71077874
2165,1559.44495124
2166,1560.17910352
2167,1560.91324359
2168,1561.647365
2169,1562.38147088
2170,1563.11555966
2171,1563.84963449
2172,1564.58368889
2173,1565.3177285
2174,1566.05175406
2175,1566.78575909
2176,1567.51975165
2177,1568.25372524
2178,1568.98768303
2179,1569.72162343
2180,1570.45554959
2181,1571.18945502
2182,1571.92334538
2183,1572.65722142
2184,1573.39107662
2185,1574.12491908
2186,1574.85874228
2187,1575.59254939
2188,1576.32633882
2189,1577.06011375
2190,1577.79386764
2191,1578.52760618
2192,1579.26133011
2193,1579.99503292
2194,1580.72872271
2195,1581.46239295
2196,1582.19604682
2197,1582.92968272
2198,1583.66859931
2199,1584.40749621
2200,1585.1463799
2201,1585.88524217
2202,1586.62408951
2203,1587.36291945
2204,1588.10172949
2205,1588.84052615
2206,1589.5793012
2207,1590.31806114
2208,1591.05680105
2209,1591.79552577
2210,1592.53423283
2211,1593.2729214
2212,1594.01159303
2213,1594.75024443
2214,1595.48888047
2215,1596.22749622
2216,1596.96609653
2217,1597.70467813
2218,1598.44324257
2219,1599.18178902
2220,1599.92031499
2221,1600.65882535
2222,1601.39731514
2223,1602.13579092
2224,1602.87424441
2225,1603.61268214
2226,1604.35110164
2227,1605.08950038
2228,1605.82788327
2229,1606.566247
2230,1607.30459314
2231,1608.04291838
2232,1608.78122764
2233,1609.51951839
2234,1610.25778813
2235,1610.99604344
2236,1611.734276
2237,1612.47249239
2238,1613.21068762
2239,1613.94886662
2240,1614.68702604
2241,1615.4251675
2242,1616.16329013
2243,1616.90139141
2244,1617.63947628
2245,1618.37753972
2246,1619.11558837
2247,1619.85361384
2248,1620.59162276
2249,1621.32961261
2250,1622.06758084
2251,1622.80553243
2252,1623.54346401
2253,1624.28137719
2254,1625.01926861
2255,1625.75714324
2256,1626.49499855
2257,1627.23283198
2258,1627.97065021
2259,1628.70844481
2260,1629.44622244
2261,1630.18397806
2262,1630.92171665
2263,1631.65943314
2264,1632.39713423
2265,1633.13481397
2266,1633.87247152
2267,1634.61011186
2268,1635.34772993
2269,1636.08533072
2270,1636.82291085
2271,1637.56047196
2272,1638.29801317
2273,1639.03553191
2274,1639.77303322
2275,1640.51051368
2276,1641.24797494
2277,1641.98541359
2278,1642.72283466
2279,1643.46023559
2280,1644.1976138
2281,1644.93497602
2282,1645.67231375
2283,1646.40963374
2284,1647.14693086
2285,1647.88421017
2286,1648.62146908
2287,1649.35870672
2288,1650.09592473
2289,1650.83311971
2290,1651.57029669
2291,1652.30745055
2292,1653.04458636
2293,1653.78170068
2294,1654.51879517
2295,1655.25586895
2296,1655.99291943
2297,1656.72995169
2298,1657.46696057
2299,1658.20395286
2300,1658.94092001
2301,1659.67786879
2302,1660.41479661
2303,1661.15170088
2304,1661.88858669
2305,1662.62545058
2306,1663.36229423
2307,1664.09911419
2308,1664.83591554
2309,1665.57269569
2310,1666.30945375
2311,1667.0461914
2312,1667.78290517
2313,1668.51960017
2314,1669.25627122
2315,1669.99292344
2316,1670.72955335
2317,1671.46616264
2318,1672.20275043
2319,1672.93931407
2320,1673.67585872
2321,1674.41237917
2322,1675.14888226
2323,1675.88535937
2324,1676.62181734
2325,1677.35825355
2326,1678.09466538
2327,1678.83105797
2328,1679.56742783
2329,1680.30377668
2330,1681.04010099
2331,1681.77640594
2332,1682.51268888
2333,1683.2489472
2334,1683.98518777
2335,1684.72140192
2336,1685.45759653
2337,1686.19376636
2338,1686.92991659
2339,1687.66604198
2340,1688.40214943
2341,1689.13823284
2342,1689.8742913
2343,1690.61032999
2344,1691.34634366
2345,1692.0823375
2346,1692.81830797
2347,1693.55425681
2348,1694.29018311
2349,1695.0260842
2350,1695.7619653
2351,1696.49782285
2352,1697.23365862
2353,1697.96946903
2354,1698.70525932
2355,1699.44102682
2356,1700.17676888
2357,1700.91249244
2358,1701.64818874
2359,1702.38386475
2360,1703.11951518
2361,1703.85514524
2362,1704.59074964
2363,1705.32633536
2364,1706.06189624
2365,1706.79743136
2366,1707.53294596
2367,1708.26843472
2368,1709.00390289
2369,1709.73934689
2370,1710.47476851
2371,1711.21016679
2372,1711.94553906
2373,1712.68089058
2374,1713.41621601
2375,1714.15152238
2376,1714.88680085
2377,1715.62205844
2378,1716.35729246
2379,1717.09250022
2380,1717.82768701
2381,1718.56284922
2382,1719.29798863
2383,1720.03310165
2384,1720.76819357
2385,1721.50325901
2386,1722.23830504
2387,1722.97332544
2388,1723.70831927
2389,1724.44329184
2390,1725.17823776
2391,1725.91316235
2392,1726.64806199
2393,1727.38293847
2394,1728.11779085
2395,1728.85261641
2396,1729.58742048
2397,1730.32219767
2398,1731.05695505
2399,1731.79168373
2400,1732.52639078
2401,1733.2610735
2402,1733.99572915
2403,1734.73036309
2404,1735.46497167
2405,1736.1995567
2406,1736.93411453
2407,1737.66865052
2408,1738.40315925
2409,1739.13764606
2410,1739.87211
2411,1740.60654482
2412,1741.34095762
2413,1742.07534299
2414,1742.80970628
2415,1743.54404208
2416,1744.27835751
2417,1745.0126463
2418,1745.74690748
2419,1746.48114644
2420,1747.21535772
2421,1747.94954847
2422,1748.68370972
2423,1749.4178486
2424,1750.15196239
2425,1750.88604833
2426,1751.62011181
2427,1752.35414916
2428,1753.08816222
2429,1753.8221473
2430,1754.55610979
2431,1755.29004424
2432,1756.02395604
2433,1756.75784423
2434,1757.49170249
2435,1758.22553801
2436,1758.95934531
2437,1759.69312981
2438,1760.42688602
2439,1761.16062115
2440,1761.89432887
2441,1762.62800821
2442,1763.36166459
2443,1764.09529251
2444,1764.82889741
2445,1765.56247557
2446,1766.29602886
2447,1767.0295563
2448,1767.76305511
2449,1768.49653075
2450,1769.2299777
2451,1769.96340319
2452,1770.69679813
2453,1771.43016977
2454,1772.16351534
2455,1772.89683204
2456,1773.63012713
2457,1774.36339151
2458,1775.09663242
2459,1775.82984435
2460,1776.56303275
2461,1777.29619209
2462,1778.02932963
2463,1778.76243902
2464,1779.49551924
2465,1780.22857579
2466,1780.9616031
2467,1781.69460668
2468,1782.42758275
2469,1783.16053323
2470,1783.89345712
2471,1784.6263516
2472,1785.3592222
2473,1786.09206333
2474,1786.8248823
2475,1787.55766995
2476,1788.29043357
2477,1789.02317038
2478,1789.75587756
2479,1790.48856063
2480,1791.2212158
2481,1791.953845
2482,1792.68644444
2483,1793.41901964
2484,1794.15156502
2485,1794.8840861
2486,1795.61658188
2487,1796.34904593
2488,1797.08148559
2489,1797.81389525
2490,1798.54628047
2491,1799.27863744
2492,1800.01096809
2493,1800.74327141
2494,1801.47554456
2495,1802.20779312
2496,1802.94001145
2497,1803.67220694
2498,1804.40437032
2499,1805.13650898
2500,1805.86862008
2501,1806.6007008
2502,1807.3327567
2503,1808.06478396
2504,1808.79678453
2505,1809.52875458
2506,1810.2606997
2507,1810.99261423
2508,1811.72450376
2509,1812.45636728
2510,1813.18819829
2511,1813.92000421
2512,1814.65177939
2513,1815.38352941
2514,1816.11524862
2515,1816.84694445
2516,1817.5786104
2517,1818.31024543
2518,1819.04185517
2519,1819.77343392
2520,1820.50498732
2521,1821.2365115
2522,1821.96800843
2523,1822.69947709
2524,1823.43091461
2525,1824.16232662
2526,1824.89370742
2527,1825.62506448
2528,1826.35638845
2529,1827.08768678
2530,1827.81895378
2531,1828.55019509
2532,1829.28140968
2533,1830.01259099
2534,1830.74374654
2535,1831.47487058
2536,1832.20596879
2537,1832.93703543
2538,1833.66807801
2539,1834.39908998
2540,1835.13007029
2541,1835.86102462
2542,1836.59194722
2543,1837.32284377
2544,1838.05371038
2545,1838.78454904
2546,1839.51535871
2547,1840.24613649
2548,1840.97688809
2549,1841.70760773
2550,1842.43830296
2551,1843.16896433
2552,1843.8995994
2553,1844.63020238
2554,1845.360779
2555,1846.09132634
2556,1846.82184336
2557,1847.55233207
2558,1848.28278854
2559,1849.0132185
2560,1849.74361615
2561,1850.47398723
2562,1851.20433067
2563,1852.07415442
2564,1852.94402684
2565,1853.81395074
2566,1854.6839203
2567,1855.55393834
2568,1856.42400767
2569,1857.29412246
2570,1858.16428553
2571,1859.03449971
2572,1859.90475916
2573,1860.77506669
2574,1861.64542514
2575,1862.51582866
2576,1863.38628008
2577,1864.25678223
2578,1865.12732925
2579,1865.99792397
2580,1866.86856923
2581,1867.73925918
2582,1868.60999663
2583,1869.48078444
2584,1870.35161673
2585,1871.22249634
2586,1872.09342612
2587,1872.96440018
2588,1873.83542137
2589,1874.70649254
2590,1875.5776078
2591,1876.44877
2592,1877.319982
2593,1878.19123788
2594,1879.06254051
2595,1879.93389275
2596,1880.80528869
2597,1881.67673119
2598,1882.5482231
2599,1883.41975852
2600,1884.2913403
2601,1885.16297132
2602,1886.03464565
2603,1886.90636615
2604,1887.7781357
2605,1888.64994836
2606,1889.52180701
2607,1890.39371452
2608,1891.26566682
2609,1892.13766304
2610,1893.00970794
2611,1893.88179557
2612,1894.7539288
2613,1895.62611053
2614,1896.49833478
2615,1897.37060445
2616,1898.24292242
2617,1899.11528274
2618,1899.98768828
2619,1900.86014193
2620,1901.73263774
2621,1902.60517858
2622,1903.47776735
2623,1904.35039808
2624,1905.22307365
2625,1906.09579697
2626,1906.96856205
2627,1907.8413718
2628,1908.7142291
2629,1909.58712797
2630,1910.46007132
2631,1911.33306204
2632,1912.20609413
2633,1913.07917051
2634,1913.95229408
2635,1914.82545884
2636,1915.69866769
2637,1916.57192354
2638,1917.44522039
2639,1918.31856115
2640,1919.19194873
2641,1920.06537711
2642,1920.93884921
2643,1921.81236795
2644,1922.68592729
2645,1923.55953017
2646,1924.43317951
2647,1925.30686926
2648,1926.18060235
2649,1927.05438172
2650,1927.92820131
2651,1928.80206406
2652,1929.6759729
2653,1930.54992178
2654,1931.42391362
2655,1932.29795137
2656,1933.17202897
2657,1934.04614934
2658,1934.92031544
2659,1935.7945212
2660,1936.66876955
2661,1937.54306344
2662,1938.41739869
2663,1939.29177446
2664,1940.16619558
2665,1941.04065597
2666,1941.91515859
2667,1942.78970639
2668,1943.66429327
2669,1944.53892218
2670,1945.41359609
2671,1946.28830889
2672,1947.16306354
2673,1948.03786301
2674,1948.91270118
2675,1949.78758101
2676,1950.66250548
2677,1951.53746846
2678,1952.41247292
2679,1953.28752183
2680,1954.16260906
2681,1955.03773759
2682,1955.91291039
2683,1956.78812132
2684,1957.66337337
2685,1958.5386695
2686,1959.41400357
2687,1960.28938162
2688,1961.16479748
2689,1962.04025415
2690,1962.9157546
2691,1963.79129269
2692,1964.66687139
2693,1965.5424937
2694,1966.41815345
2695,1967.29385364
2696,1968.16959725
2697,1969.04537812
2698,1969.92119923
2699,1970.7970636
2700,1971.67296503
2701,1972.54890652
2702,1973.42489108
2703,1974.30091252
2704,1975.17697384
2705,1976.05307805
2706,1976.92921895
2707,1977.80539955
2708,1978.68162286
2709,1979.55788267
2710,1980.43418199
2711,1981.31052384
2712,1982.18690201
2713,1983.06331951
2714,1983.93977936
2715,1984.81627535
2716,1985.6928124
2717,1986.5693897
2718,1987.44600294
2719,1988.32265515
2720,1989.19934935
2721,1990.07607931
2722,1990.95284806
2723,1991.82965861
2724,1992.70650474
2725,1993.58338946
2726,1994.46031582
2727,1995.33727757
2728,1996.21427774
2729,1997.09131936
2730,1997.96839618
2731,1998.84551124
2732,1999.72266757
2733,2000.59985892
2734,2001.47708833
2735,2002.35435883
2736,2003.23166417
2737,2004.10900737
2738,2004.9863915
2739,2005.86381028
2740,2006.74126674
2741,2007.61876396
2742,2008.49629563
2743,2009.37386481
2744,2010.25147456
2745,2011.12911858
2746,2012.00679993
2747,2012.88452168
2748,2013.76227751
2749,2014.6400705
2750,2015.51790369
2751,2016.3957708
2752,2017.27367487
2753,2018.15161898
2754,2019.02959681
2755,2019.90761143
2756,2020.78566591
2757,2021.66375392
2758,2022.54187855
2759,2023.42004286
2760,2024.29824052
2761,2025.17647461
2762,2026.05474821
2763,2026.93305498
2764,2027.811398
2765,2028.68978036
2766,2029.56819569
2767,2030.4466471
2768,2031.32513767
2769,2032.20366104
2770,2033.08222225
2771,2033.96082049
2772,2034.83945135
2773,2035.71811792
2774,2036.5968233
2775,2037.47556112
2776,2038.35433446
2777,2039.23314645
2778,2040.11199068
2779,2040.99087027
2780,2041.86978831
2781,2042.74873843
2782,2043.62772372
2783,2044.5067473
2784,2045.38580276
2785,2046.26489322
2786,2047.14402179
2787,2048.02318207
2788,2048.90237717
2789,2049.7816102
2790,2050.66087475
2791,2051.54017395
2792,2052.41951091
2793,2053.29887921
2794,2054.17828197
2795,2055.05772232
2796,2055.93719383
2797,2056.81669963
2798,2057.69624284
2799,2058.57581704
2800,2059.45542534
2801,2060.33507088
2802,2061.21474722
2803,2062.09445749
2804,2062.97420483
2805,2063.85398278
2806,2064.7337945
2807,2065.6136431
2808,2066.49352215
2809,2067.37343477
2810,2068.25338411
2811,2069.13336371
2812,2070.01337671
2813,2070.89342626
2814,2071.77350589
2815,2072.65361874
2816,2073.53376797
2817,2074.41394709
2818,2075.29415927
2819,2076.17440765
2820,2077.05468574
2821,2077.93499671
2822,2078.81534371
2823,2079.69572223
2824,2080.57613146
2825,2081.45657656
2826,2082.33705101
2827,2083.21755799
2828,2084.09810066
2829,2084.9786725
2830,2085.85927669
2831,2086.7399164
2832,2087.6205851
2833,2088.50128598
2834,2089.38202221
2835,2090.26278725
2836,2091.1435843
2837,2092.02441651
2838,2092.90527737
2839,2093.78617006
2840,2094.66709774
2841,2095.54805389
2842,2096.42904169
2843,2097.31006432
2844,2098.19111524
2845,2099.07219762
2846,2099.95331468
2847,2100.83445984
2848,2101.71563955
2849,2102.59684725
2850,2103.47808613
2851,2104.3593594
2852,2105.24066047
2853,2106.12199255
2854,2107.00335884
2855,2107.88475277
2856,2108.76617753
2857,2109.64763633
2858,2110.52912259
2859,2111.41063951
2860,2112.2921903
2861,2113.17376837
2862,2114.05537693
2863,2114.93701919
2864,2115.81868856
2865,2116.70038823
2866,2117.58212145
2867,2118.46388158
2868,2119.34567186
2869,2120.22749551
2870,2121.1093459
2871,2121.99122626
2872,2122.87313982
2873,2123.75507995
2874,2124.63704988
2875,2125.51905284
2876,2126.40108219
2877,2127.28314317
2878,2128.165235
2879,2129.04735306
2880,2129.92950057
2881,2130.81168077
2882,2131.69388702
2883,2132.57612254
2884,2133.45839059
2885,2134.34068451
2886,2135.22300754
2887,2136.10536292
2888,2136.987744
2889,2137.87015402
2890,2138.75259622
2891,2139.63506394
2892,2140.51756043
2893,2141.40008894
2894,2142.2826428
2895,2143.16522524
2896,2144.04783955
2897,2144.93047902
2898,2145.81314692
2899,2146.6958465
2900,2147.57857108
2901,2148.46132391
2902,2149.34410827
2903,2150.22691744
2904,2151.1097547
2905,2151.99262331
2906,2152.87551656
2907,2153.75843773
2908,2154.64139009
2909,2155.52436692
2910,2156.40737149
2911,2157.29040709
2912,2158.17346698
2913,2159.05655445
2914,2159.93967277
2915,2160.82281521
2916,2161.70598506
2917,2162.58918561
2918,2163.47241009
2919,2164.35566182
2920,2165.23894407
2921,2166.1222501
2922,2167.00558319
2923,2167.88894665
2924,2168.7723337
2925,2169.65574765
2926,2170.5391918
2927,2171.42265938
2928,2172.26203005
2929,2173.10141268
2930,2173.94080318
2931,2174.78020353
2932,2175.61961368
2933,2176.45903359
2934,2177.29846322
2935,2178.13790251
2936,2178.97735144
2937,2179.81680994
2938,2180.65627799
2939,2181.49575552
2940,2182.33524251
2941,2183.17474228
2942,2184.01424803
2943,2184.8537631
2944,2185.69328744
2945,2186.53282304
2946,2187.37236579
2947,2188.21191769
2948,2189.05147867
2949,2189.89104871
2950,2190.73062776
2951,2191.57021577
2952,2192.4098127
2953,2193.2494185
2954,2194.08903313
2955,2194.92865655
2956,2195.76828872
2957,2196.60792958
2958,2197.4475791
2959,2198.28723722
2960,2199.12690392
2961,2199.96657914
2962,2200.80626488
2963,2201.64595701
2964,2202.48565753
2965,2203.32536641
2966,2204.16508358
2967,2205.00480902
2968,2205.84454267
2969,2206.6842879
2970,2207.52403786
2971,2208.36379589
2972,2209.20356197
2973,2210.04333605
2974,2210.88311808
2975,2211.72290802
2976,2212.56270583
2977,2213.40251145
2978,2214.24232486
2979,2215.08214806
2980,2215.92197689
2981,2216.76181338
2982,2217.60165747
2983,2218.44150912
2984,2219.28136829
2985,2220.12123493
2986,2220.961109
2987,2221.80099047
2988,2222.64087927
2989,2223.48077538
2990,2224.32067874
2991,2225.16058932
2992,2226.00050707
2993,2226.84043194
2994,2227.6803639
2995,2228.5203029
2996,2229.36025095
2997,2230.20020735
2998,2231.04016722
2999,2231.88013395
3000,2232.7201075
3001,2233.56008784
3002,2234.40007491
3003,2235.24006868
3004,2236.0800691
3005,2236.92007612
3006,2237.76008972
3007,2238.60010983
3008,2239.44013643
3009,2240.28016946
3010,2241.12020888
3011,2241.96025466
3012,2242.80030881
3013,2243.64036715
3014,2244.48043172
3015,2245.32050246
3016,2246.16057934
3017,2247.00066232
3018,2247.84075134
3019,2248.68084637
3020,2249.52094736
3021,2250.36105427
3022,2251.20116707
3023,2252.04128569
3024,2252.88141011
3025,2253.72154377
3026,2254.56167965
3027,2255.40182119
3028,2256.24196835
3029,2257.08212317
3030,2257.92228145
3031,2258.76244522
3032,2259.60261444
3033,2260.44278908
3034,2261.28296907
3035,2262.12315439
3036,2262.963345
3037,2263.80354083
3038,2264.64374187
3039,2265.48394806
3040,2266.32415935
3041,2267.16437572
3042,2268.00459711
3043,2268.84482349
3044,2269.6850548
3045,2270.52529102
3046,2271.36553417
3047,2272.20578005
3048,2273.04603071
3049,2273.88628609
3050,2274.72654616
3051,2275.56681087
3052,2276.40708019
3053,2277.24735759
3054,2278.08763598
3055,2278.92791885
3056,2279.76820616
3057,2280.60849785
3058,2281.44879389
3059,2282.28909424
3060,2283.12939885
3061,2283.96970769
3062,2284.8100207
3063,2285.65033995
3064,2286.4906612
3065,2287.3309865
3066,2288.17131582
3067,2289.0116491
3068,2289.85198631
3069,2290.69232741
3070,2291.53267236
3071,2292.3730211
3072,2293.21337361
3073,2294.05372983
3074,2294.89408973
3075,2295.73445326
3076,2296.57482039
3077,2297.41519107
3078,2298.25556526
3079,2299.09594501
3080,2299.93632609
3081,2300.77671411
3082,2301.61710192
3083,2302.45749302
3084,2303.29788739
3085,2304.13828497
3086,2304.97868572
3087,2305.81908961
3088,2306.6594966
3089,2307.49990663
3090,2308.34031967
3091,2309.18073568
3092,2310.02115461
3093,2310.86157643
3094,2311.70200108
3095,2312.54242854
3096,2313.38286087
3097,2314.22329381
3098,2315.06372942
3099,2315.90416767
3100,2316.74460851
3101,2317.58505191
3102,2318.42549781
3103,2319.26594619
3104,2320.10639699
3105,2320.94685018
3106,2321.78730571
3107,2322.62776355
3108,2323.46822365
3109,2324.30868957
3110,2325.14915407
3111,2325.98962072
3112,2326.83008946
3113,2327.67056237
3114,2328.51103518
3115,2329.35150997
3116,2330.19198669
3117,2331.03246531
3118,2331.87294577
3119,2332.71342804
3120,2333.55391209
3121,2334.39439786
3122,2335.23488531
3123,2336.07537442
3124,2336.91586512
3125,2337.75635739
3126,2338.59685119
3127,2339.43734646
3128,2340.27784318
3129,2341.11834342
3130,2341.95884289
3131,2342.79934369
3132,2343.63984576
3133,2344.48034907
3134,2345.32085357
3135,2346.16135923
3136,2347.001866
3137,2347.84237748
3138,2348.68288636
3139,2349.52339623
3140,2350.36390705
3141,2351.20441879
3142,2352.04493139
3143,2352.88544482
3144,2353.72595904
3145,2354.56647401
3146,2355.40699181
3147,2356.24750815
3148,2357.08802512
3149,2357.92854268
3150,2358.76906077
3151,2359.60957938
3152,2360.45009844
3153,2361.29061793
3154,2362.13113781
3155,2362.97165802
3156,2363.81217854
3157,2364.65269932
3158,2365.49322032
3159,2366.3337415
3160,2367.17426282
3161,2368.01478425
3162,2368.85530573
3163,2369.69582937
3164,2370.53635085
3165,2371.37687594
3166,2372.21739726
3167,2373.05791843
3168,2373.89843943
3169,2374.73896021
3170,2375.57948072
3171,2376.42000093
3172,2377.2605208
3173,2378.10104028
3174,2378.94155934
3175,2379.78207794
3176,2380.62259604
3177,2381.46311359
3178,2382.30363056
3179,2383.14414691
3180,2383.98466474
3181,2384.82517972
3182,2385.66569396
3183,2386.50620741
3184,2387.34672005
3185,2388.18723181
3186,2389.02774268
3187,2389.86825261
3188,2390.70876155
3189,2391.54926947
3190,2392.38977632
3191,2393.23028208
3192,2394.0707904
3193,2394.91129383
3194,2395.75179604
3195,2396.59229699
3196,2397.43279879
3197,2398.2732971
3198,2399.11379403
3199,2399.95428953
3200,2400.79478358
3201,2401.63527613
3202,2402.47576714
3203,2403.31625658
3204,2404.15674439
3205,2404.99723055
3206,2405.837715
3207,2406.67819773
3208,2407.51867867
3209,2408.3591578
3210,2409.19963508
3211,2410.04011046
3212,2410.8805839
3213,2411.72105753
3214,2412.56152699
3215,2413.4019944
3216,2414.24245971
3217,2415.08292289
3218,2415.92338391
3219,2416.76384271
3220,2417.604303
3221,2418.44475727
3222,2419.28520921
3223,2420.12565878
3224,2420.96610595
3225,2421.80655066
3226,2422.6469929
3227,2423.48743261
3228,2424.32786976
3229,2425.1683043
3230,2426.00873837
3231,2426.84916759
3232,2427.6895941
3233,2428.53001784
3234,2429.37043879
3235,2430.2108569
3236,2431.05127213
3237,2431.89168445
3238,2432.73209382
3239,2433.57250019
3240,2434.41290353
3241,2435.2533038
3242,2436.09370096
3243,2436.93409497
3244,2437.7744858
3245,2438.61487339
3246,2439.45525773
3247,2440.29564093
3248,2441.13602239
3249,2441.97639669
3250,2442.81676758
3251,2443.657135
3252,2444.49749893
3253,2445.33785932
3254,2446.17821613
3255,2447.01856933
3256,2447.85891887
3257,2448.69926473
3258,2449.53960685
3259,2450.37994521
3260,2451.22027976
3261,2452.06061046
3262,2452.90093727
3263,2453.74126234
3264,2454.58158128
3265,2455.42189621
3266,2456.2622071
3267,2457.10251391
3268,2457.94281661
3269,2458.78311516
3270,2459.62340951
3271,2460.46369963
3272,2461.30398548
3273,2462.14426702
3274,2462.98454421
3275,2463.82481702
3276,2464.66508922
3277,2465.50535315
3278,2466.34561258
3279,2467.18586747
3280,2468.02611997
3281,2468.86636566
3282,2469.70660671
3283,2470.54684306
3284,2471.38707469
3285,2472.22730155
3286,2473.0675236
3287,2473.9077408
3288,2474.74795313
3289,2475.58816053
3290,2476.42836298
3291,2477.26856043
3292,2478.10875285
3293,2478.94894019
3294,2479.78912242
3295,2480.77024734
3296,2481.75140952
3297,2482.73261656
3298,2483.71386071
3299,2484.6951496
3300,2485.67647547
3301,2486.65784594
3302,2487.63925709
3303,2488.62070502
3304,2489.60219734
3305,2490.5837263
3306,2491.56529952
3307,2492.54691144
3308,2493.52856529
3309,2494.5102555
3310,2495.49198971
3311,2496.47376014
3312,2497.45557444
3313,2498.43742868
3314,2499.41931893
3315,2500.40125285
3316,2501.38322264
3317,2502.36523598
3318,2503.34728504
3319,2504.32937752
3320,2505.31150559
3321,2506.29367694
3322,2507.27588374
3323,2508.25813369
3324,2509.24042284
3325,2510.22274724
3326,2511.20511459
3327,2512.18751706
3328,2513.16996233
3329,2514.15244259
3330,2515.13496553
3331,2516.11752331
3332,2517.10012364
3333,2518.08275868
3334,2519.06543614
3335,2520.04814816
3336,2521.03090248
3337,2522.01369512
3338,2522.99652212
3339,2523.97939122
3340,2524.96229454
3341,2525.94523982
3342,2526.92821919
3343,2527.9112404
3344,2528.89429555
3345,2529.87739241
3346,2530.86052308
3347,2531.84369532
3348,2532.82690516
3349,2533.8101486
3350,2534.79343342
3351,2535.77675172
3352,2536.76011126
3353,2537.74350414
3354,2538.72693814
3355,2539.71040534
3356,2540.69391352
3357,2541.67745477
3358,2542.66103687
3359,2543.64465583
3360,2544.62830767
3361,2545.61200015
3362,2546.59572537
3363,2547.57949112
3364,2548.56328946
3365,2549.5471282
3366,2550.5309994
3367,2551.51491087
3368,2552.49885466
3369,2553.48283859
3370,2554.46685866
3371,2555.45091084
3372,2556.43500298
3373,2557.4191271
3374,2558.40329103
3375,2559.38748682
3376,2560.3717223
3377,2561.35598949
3378,2562.34029624
3379,2563.32463458
3380,2564.30901234
3381,2565.29342551
3382,2566.27787007
3383,2567.26235385
3384,2568.24686889
3385,2569.23142304
3386,2570.2160083
3387,2571.20063253
3388,2572.18528775
3389,2573.16998181
3390,2574.15470672
3391,2575.13947036
3392,2576.12426867
3393,2577.10909764
3394,2578.09396513
3395,2579.07886314
3396,2580.06379954
3397,2581.04876633
3398,2582.03377138
3399,2583.01880668
3400,2584.00388013
3401,2584.98898592
3402,2585.9741275
3403,2586.95930304
3404,2587.94450849
3405,2588.92975177
3406,2589.91502483
3407,2590.90033559
3408,2591.88567599
3409,2592.87105396
3410,2593.85646145
3411,2594.84190637
3412,2595.82738068
3413,2596.81289231
3414,2597.79843718
3415,2598.78401124
3416,2599.76962242
3417,2600.75526265
3418,2601.74093988
3419,2602.72664602
3420,2603.71238904
3421,2604.69816084
3422,2605.68396938
3423,2606.66980658
3424,2607.6556804
3425,2608.64158675
3426,2609.62752156
3427,2610.61349279
3428,2611.59949235
3429,2612.58552821
3430,2613.57159226
3431,2614.55769248
3432,2615.54382077
3433,2616.5299851
3434,2617.51617736
3435,2618.50240554
3436,2619.48866555
3437,2620.4749533
3438,2621.46127677
3439,2622.44762785
3440,2623.43401453
3441,2624.42042868
3442,2625.40687831
3443,2626.39335528
3444,2627.37986761
3445,2628.36640714
3446,2629.3529819
3447,2630.33958778
3448,2631.32622068
3449,2632.31288861
3450,2633.29958343
3451,2634.28631316
3452,2635.27306964
3453,2636.25986091
3454,2637.2466788
3455,2638.23353136
3456,2639.22041041
3457,2640.20732399
3458,2641.194268
3459,2642.1812383
3460,2643.16824295
3461,2644.15527376
3462,2645.14233881
3463,2646.12942989
3464,2647.11655507
3465,2648.10370615
3466,2649.09089121
3467,2650.07810205
3468,2651.06534674
3469,2652.05262116
3470,2653.03992114
3471,2654.0272548
3472,2655.01461391
3473,2656.00200656
3474,2656.98942453
3475,2657.97687593
3476,2658.96435251
3477,2659.95186239
3478,2660.93939733
3479,2661.92696544
3480,2662.91456258
3481,2663.90218458
3482,2664.88983957
3483,2665.8775193
3484,2666.86523189
3485,2667.85296909
3486,2668.84073903
3487,2669.82853345
3488,2670.81636049
3489,2671.80421188
3490,2672.79209576
3491,2673.78000387
3492,2674.76794434
3493,2675.75591303
3494,2676.74390573
3495,2677.73193063
3496,2678.7199817
3497,2679.70806256
3498,2680.6961672
3499,2681.68430377
3500,2682.67246399
3501,2683.66065603
3502,2684.64887158
3503,2685.63711884
3504,2686.6253936
3505,2687.61369169
3506,2688.60202129
3507,2689.59037409
3508,2690.57875827
3509,2691.56716553
3510,2692.55560406
3511,2693.54406552
3512,2694.53255813
3513,2695.52107356
3514,2696.50962001
3515,2697.49819328
3516,2698.48678918
3517,2699.47541592
3518,2700.46406515
3519,2701.45274511
3520,2702.44144743
3521,2703.43018035
3522,2704.41893551
3523,2705.40772115
3524,2706.3965289
3525,2707.385367
3526,2708.37423125
3527,2709.36311742
3528,2710.35203377
3529,2711.34097191
3530,2712.32994011
3531,2713.31892997
3532,2714.30794977
3533,2715.29699111
3534,2716.28606226
3535,2717.27515482
3536,2718.26427708
3537,2719.2534248
3538,2720.24259374
3539,2721.2317922
3540,2722.22101176
3541,2723.2102607
3542,2724.19953062
3543,2725.18882981
3544,2726.17814984
3545,2727.16749903
3546,2728.15686893
3547,2729.14626787
3548,2730.13569159
3549,2731.12513584
3550,2732.11460894
3551,2733.10410245
3552,2734.09362469
3553,2735.08316721
3554,2736.07273833
3555,2737.06232962
3556,2738.05194939
3557,2739.0415892
3558,2740.03125737
3559,2741.02094966
3560,2742.01066178
3561,2743.0004021
3562,2743.99016214
3563,2744.97995024
3564,2745.96975794
3565,2746.9595936
3566,2747.94944872
3567,2748.93933167
3568,2749.92923397
3569,2750.91916397
3570,2751.90911742
3571,2752.89909003
3572,2753.88909016
3573,2754.87910934
3574,2755.86915592
3575,2756.85922142
3576,2757.84931421
3577,2758.83942579
3578,2759.82956454
3579,2760.81972196
3580,2761.80990643
3581,2762.80011367
3582,2763.79033939
3583,2764.78059199
3584,2765.77086294
3585,2766.76116065
3586,2767.75147659
3587,2768.74181917
3588,2769.73217986
3589,2770.72256707
3590,2771.71297458
3591,2772.70340618
3592,2773.69385988
3593,2774.68433138
3594,2775.67482912
3595,2776.66534452
3596,2777.65588604
3597,2778.6464451
3598,2779.63703016
3599,2780.62763265
3600,2781.61826101
3601,2782.60890668
3602,2783.59957811
3603,2784.59027098
3604,2785.58098096
3605,2786.57171654
3606,2787.5624691
3607,2788.55324714
3608,2789.54404204
3609,2790.5348623
3610,2791.52569931
3611,2792.51656155
3612,2793.50744041
3613,2794.4983444
3614,2795.48926917
3615,2796.48021038
3616,2797.47117653
3617,2798.462159
3618,2799.4531663
3619,2800.4441898
3620,2801.435238
3621,2802.42630229
3622,2803.41739116
3623,2804.40849599
3624,2805.3996253
3625,2806.39077473
3626,2807.38193994
3627,2808.37312945
3628,2809.3643346
3629,2810.35556395
3630,2811.34680882
3631,2812.33807776
3632,2813.32936211
3633,2814.32067041
3634,2815.311994
3635,2816.30334143
3636,2817.29470402
3637,2818.28609034
3638,2819.27749601
3639,2820.26891666
3640,2821.26036086
3641,2822.25181993
3642,2823.24330243
3643,2824.23479967
3644,2825.22632022
3645,2826.2178554
3646,2827.20941378
3647,2828.20098666
3648,2829.19258263
3649,2830.18419731
3650,2831.1758263
3651,2832.16747821
3652,2833.15914432
3653,2834.15083323
3654,2835.14253621
3655,2836.13426188
3656,2837.12600151
3657,2838.11776371
3658,2839.10953975
3659,2840.10133825
3660,2841.11177703
3661,2842.12224404
3662,2843.13273922
3663,2844.14326687
3664,2845.15382056
3665,2846.1643999
3666,2847.17500719
3667,2848.18564235
3668,2849.19630533
3669,2850.20699607
3670,2851.21771886
3671,2852.22846494
3672,2853.2392386
3673,2854.25003978
3674,2855.26086842
3675,2856.27172447
3676,2857.28260786
3677,2858.2935229
3678,2859.30446081
3679,2860.31542588
3680,2861.32641806
3681,2862.33743729
3682,2863.34848352
3683,2864.35955902
3684,2865.37066342
3685,2866.38179027
3686,2867.39294387
3687,2868.40412416
3688,2869.4153311
3689,2870.42656462
3690,2871.43782465
3691,2872.44911554
3692,2873.46042844
3693,2874.47176769
3694,2875.48313323
3695,2876.49452499
3696,2877.50594292
3697,2878.51738696
3698,2879.52886146
3699,2880.54035755
3700,2881.55187957
3701,2882.56342748
3702,2883.57500355
3703,2884.58660303
3704,2885.59822822
3705,2886.60988345
3706,2887.62155987
3707,2888.63326181
3708,2889.64498922
3709,2890.65674205
3710,2891.66852022
3711,2892.68032369
3712,2893.69215681
3713,2894.70401069
3714,2895.7158897
3715,2896.72779376
3716,2897.73972283
3717,2898.75167685
3718,2899.76365575
3719,2900.77566391
3720,2901.78769241
3721,2902.79974799
3722,2903.81182587
3723,2904.82392834
3724,2905.83605535
3725,2906.84820685
3726,2907.8603872
3727,2908.87258749
3728,2909.88481209
3729,2910.89706094
3730,2911.90933398
3731,2912.92163116
3732,2913.93395686
3733,2914.94630214
3734,2915.95867138
3735,2916.97106452
3736,2917.98348151
3737,2918.9959223
3738,2920.00838681
3739,2921.02087946
3740,2922.03339363
3741,2923.045929
3742,2924.05848788
3743,2925.07107019
3744,2926.0836759
3745,2927.09630493
3746,2928.10896171
3747,2929.12163724
3748,2930.13433592
3749,2931.14705771
3750,2932.15980254
3751,2933.17257035
3752,2934.1853611
3753,2935.19817919
3754,2936.21101563
3755,2937.22387482
3756,2938.23675672
3757,2939.24966126
3758,2940.26258838
3759,2941.27554041
3760,2942.28851702
3761,2943.30151157
3762,2944.31452847
3763,2945.32756768
3764,2946.34062913
3765,2947.35371277
3766,2948.36681855
3767,2949.37995089
3768,2950.39310075
3769,2951.40627258
3770,2952.41946631
3771,2953.43268189
3772,2954.44591925
3773,2955.45917836
3774,2956.47246364
3775,2957.48576604
3776,2958.49909001
3777,2959.51243786
3778,2960.52580478
3779,2961.5391931
3780,2962.55260275
3781,2963.5660382
3782,2964.57949037
3783,2965.5929637
3784,2966.60645814
3785,2967.61997364
3786,2968.63351014
3787,2969.64706758
3788,2970.66065043
3789,2971.67424959
3790,2972.68786952
3791,2973.70151017
3792,2974.71517148
3793,2975.72885339
3794,2976.74255585
3795,2977.75628334
3796,2978.77002912
3797,2979.7837929
3798,2980.797577
3799,2981.81138136
3800,2982.82520594
3801,2983.83905068
3802,2984.85292005
3803,2985.86680493
3804,2986.8807098
3805,2987.8946346
3806,2988.90857928
3807,2989.92254377
3808,2990.93652803
3809,2991.95053656
3810,2992.96456018
3811,2993.9786034
3812,2994.99266616
3813,2996.00674841
3814,2997.02085008
3815,2998.03497352
3816,2999.04911845
3817,3000.06327809
3818,3001.07745693
3819,3002.09165492
3820,3003.105872
3821,3004.12010813
3822,3005.13436324
3823,3006.14864185
3824,3007.16293477
3825,3008.1772465
3826,3009.191577
3827,3010.2059262
3828,3011.22029406
3829,3012.23468051
3830,3013.24909008
3831,3014.26351356
3832,3015.27795547
3833,3016.29241576
3834,3017.30689676
3835,3018.32139363
3836,3019.33590871
3837,3020.35044654
3838,3021.36499787
3839,3022.37956725
3840,3023.39415461
3841,3024.40875991
3842,3025.42338309
3843,3026.4380241
3844,3027.45268747
3845,3028.46736396
3846,3029.4820581
3847,3030.49676985
3848,3031.51149915
3849,3032.52624594
3850,3033.54101017
3851,3034.55579639
3852,3035.57059534
3853,3036.58541396
3854,3037.6002474
3855,3038.615098
3856,3039.62996572
3857,3040.64485049
3858,3041.65975688
3859,3042.67467559
3860,3043.6896112
3861,3044.70456365
3862,3045.71953287
3863,3046.73451883
3864,3047.74952145
3865,3048.76454533
3866,3049.77958114
3867,3050.79463346
3868,3051.80970224
3869,3052.82478741
3870,3053.83988893
3871,3054.85500916
3872,3055.87014785
3873,3056.88529808
3874,3057.90046445
3875,3058.91564688
3876,3059.93084534
3877,3060.94605976
3878,3061.9612901
3879,3062.97654094
3880,3063.99180294
3881,3065.00708068
3882,3066.02237412
3883,3067.0376832
3884,3068.05300787
3885,3069.06834807
3886,3070.08370841
3887,3071.09907951
3888,3072.11446598
3889,3073.12986777
3890,3074.14528724
3891,3075.1607195
3892,3076.17616692
3893,3077.19163411
3894,3078.20711167
3895,3079.22260423
3896,3080.23811173
3897,3081.25363411
3898,3082.26917132
3899,3083.28472332
3900,3084.30029471
3901,3085.3158761
3902,3086.3314721
3903,3087.34708267
3904,3088.36270775
3905,3089.37834728
3906,3090.39400122
3907,3091.40967419
3908,3092.42535677
3909,3093.44105602
3910,3094.45676703
3911,3095.47249217
3912,3096.4882314
3913,3097.50398465
3914,3098.51975658
3915,3099.53553773
3916,3100.55133275
3917,3101.56714158
3918,3102.58296417
3919,3103.59880048
3920,3104.61465043
3921,3105.6305187
3922,3106.6463958
3923,3107.6622864
3924,3108.67819045
3925,3109.69410788
3926,3110.71003864
3927,3111.72598269
3928,3112.74194712
3929,3113.75791758
3930,3114.77390115
3931,3115.7898978
3932,3116.80590747
3933,3117.8219301
3934,3118.83796564
3935,3119.85401877
3936,3120.87007997
3937,3121.88615393
3938,3122.90224059
3939,3123.91833989
3940,3124.93445179
3941,3125.95057623
3942,3126.96671789
3943,3127.98286726
3944,3128.99902901
3945,3130.01520308
3946,3131.03138944
3947,3132.04759046
3948,3133.06380121
3949,3134.08002883
3950,3135.09626377
3951,3136.11251073
3952,3137.12876965
3953,3138.14504047
3954,3139.16132316
3955,3140.17761765
3956,3141.19392865
3957,3142.21024659
3958,3143.22657618
3959,3144.24291736
3960,3145.25927009
3961,3146.27563431
3962,3147.29200996
3963,3148.30840177
3964,3149.32480015
3965,3150.34120981
3966,3151.35763314
3967,3152.3740652
3968,3153.39050839
3969,3154.40696265
3970,3155.42343271
3971,3156.43990896
3972,3157.45639613
3973,3158.47289416
3974,3159.489403
3975,3160.5059226
3976,3161.52245291
3977,3162.53899867
3978,3163.55555024
3979,3164.57211237
3980,3165.58868499
3981,3166.60526807
3982,3167.62186154
3983,3168.63847015
3984,3169.65508672
3985,3170.67171107
3986,3171.68834561
3987,3172.70499029
3988,3173.72164505
3989,3174.73830985
3990,3175.75498945
3991,3176.77167416
3992,3177.78836876
3993,3178.80507318
3994,3179.82178738
3995,3180.8385113
3996,3181.8552449
3997,3182.87199293
3998,3183.88874573
3999,3184.90550803
4000,3185.92227981
4001,3186.939061
4002,3187.95585156
4003,3188.97265389
4004,3189.98946785
4005,3191.00628619
4006,3192.0231137
4007,3193.03995031
4008,3194.05679598
4009,3195.07365065
4010,3196.09051428
4011,3197.10739165
4012,3198.12427303
4013,3199.14116321
4014,3200.15806215
4015,3201.17496978
4016,3202.19188606
4017,3203.20881094
4018,3204.22574921
4019,3205.24269113
4020,3206.25964149
4021,3207.27660024
4022,3208.2935698
4023,3209.31054518
4024,3210.32752881
4025,3211.34452548
4026,3212.36152543
4027,3213.37853347
4028,3214.39554955
4029,3215.41257361
4030,3216.42960561
4031,3217.44664549
4032,3218.46369807
4033,3219.48075357
4034,3220.4978168
4035,3221.51488771
4036,3222.53196625
4037,3223.54905237
4038,3224.56614602
4039,3225.58325203
4040,3226.60036059
4041,3227.61747899
4042,3228.63460226
4043,3229.6517328
4044,3230.66887057
4045,3231.68601551
4046,3232.70317247
4047,3233.72033162
4048,3234.73749779
4049,3235.75467093
4050,3236.771851
4051,3237.78903795
4052,3238.80623171
4053,3239.82343715
4054,3240.84064442
4055,3241.85785835
4056,3242.87507892
4057,3243.89230605
4058,3244.90953971
4059,3245.92677983
4060,3246.94403377
4061,3247.96128669
4062,3248.97854594
4063,3249.99581146
4064,3251.0130832
4065,3252.03036111
4066,3253.04764515
4067,3254.06494017
4068,3255.0822363
4069,3256.09953841
4070,3257.11684643
4071,3258.13416033
4072,3259.15148006
4073,3260.16880555
4074,3261.1861417
4075,3262.20347859
4076,3263.22082111
4077,3264.2381692
4078,3265.2555253
4079,3266.27288439
4080,3267.29024891
4081,3268.30762374
4082,3269.32499896
4083,3270.34237945
4084,3271.35976518
4085,3272.37715608
4086,3273.39455211
4087,3274.41195321
4088,3275.4293643
4089,3276.44677541
4090,3277.46419146
4091,3278.48161239
4092,3279.49903814
4093,3280.51646868
4094,3281.53390396
4095,3282.55134887
4096,3283.56879346
4097,3284.58624512
4098,3285.60369883
4099,3286.62115703
4100,3287.63861967
4101,3288.65608669
4102,3289.67356302
4103,3290.69103867
4104,3291.70851856
4105,3292.72600265
4106,3293.74349087
4107,3294.76098319
4108,3295.77847956
4109,3296.79598489
4110,3297.8134892
4111,3298.8309974
4112,3299.84850945
4113,3300.86602531
4114,3301.88354491
4115,3302.90106821
4116,3303.91860265
4117,3304.93613321
4118,3305.95366733
4119,3306.97120495
4120,3307.98874603
4121,3309.00629052
4122,3310.02383838
4123,3311.04139453
4124,3312.05894896
4125,3313.0765066
4126,3314.09406741
4127,3315.11163133
4128,3316.12919832
4129,3317.14676834
4130,3318.16434632
4131,3319.18192223
4132,3320.19950101
4133,3321.21708262
4134,3322.23466701
4135,3323.25225662
4136,3324.26984641
4137,3325.28744386
4138,3326.30503887
4139,3327.32263642
4140,3328.34023645
4141,3329.35783892
4142,3330.37544379
4143,3331.393051
4144,3332.41066552
4145,3333.42827727
4146,3334.44589122
4147,3335.46350731
4148,3336.48112551
4149,3337.49874576
4150,3338.51636801
4151,3339.53399726
4152,3340.55162338
4153,3341.56925137
4154,3342.58688367
4155,3343.60451523
4156,3344.62214851
4157,3345.63978346
4158,3346.65742507
4159,3347.67506322
4160,3348.69270289
4161,3349.71034404
4162,3350.72798661
4163,3351.74563057
4164,3352.76327587
4165,3353.7809275
4166,3354.79857532
4167,3355.81622433
4168,3356.83387448
4169,3357.85152573
4170,3358.86917803
4171,3359.88683133
4172,3360.90449064
4173,3361.92214831
4174,3362.93980432
4175,3363.95746115
4176,3364.97511873
4177,3365.99277704
4178,3367.010436
4179,3368.02810067
4180,3369.04576083
4181,3370.06342152
4182,3371.08108268
4183,3372.09874428
4184,3373.11640625
4185,3374.13406857
4186,3375.15173625
4187,3376.1693991
4188,3377.18706213
4189,3378.20472532
4190,3379.2223886
4191,3380.24005445
4192,3381.25771779
4193,3382.27538619
4194,3383.2930494
4195,3384.31071247
4196,3385.32837536
4197,3386.34603802
4198,3387.3637004
4199,3388.38136246
4200,3389.39902924
4201,3390.41669051
4202,3391.43435131
4203,3392.4520116
4204,3393.46967133
4205,3394.48733045
4206,3395.50498892
4207,3396.5226518
4208,3397.54030883
4209,3398.55796505
4210,3399.57562297
4211,3400.59327747
4212,3401.61093103
4213,3402.62858362
4214,3403.6462403
4215,3404.66389078
4216,3405.68154015
4217,3406.69918834
4218,3407.71683532
4219,3408.73448105
4220,3409.75212546
4221,3410.76977365
4222,3411.78741531
4223,3412.80505552
4224,3413.82269424
4225,3414.84033142
4226,3415.85796701
4227,3416.87560097
4228,3417.8932384
4229,3418.91087148
4230,3419.92850027
4231,3420.94612723
4232,3421.96375233
4233,3422.98137552
4234,3423.99900191
4235,3425.01662114
4236,3426.03423832
4237,3427.0518534
4238,3428.06946635
4239,3429.0870771
4240,3430.10468562
4241,3431.12229702
4242,3432.13990093
4243,3433.15750247
4244,3434.1751016
4245,3435.19269825
4246,3436.2102924
4247,3437.22788399
4248,3438.24548068
4249,3439.26306702
4250,3440.28065066
4251,3441.29823156
4252,3442.31580968
4253,3443.33338497
4254,3444.35095737
4255,3445.36853203
4256,3446.38609855
4257,3447.40366204
4258,3448.42122248
4259,3449.43877981
4260,3450.45633398
4261,3451.47388496
4262,3452.49143788
4263,3453.50898233
4264,3454.52652344
4265,3455.54406116
4266,3456.56159546
4267,3457.57912883
4268,3458.59665614
4269,3459.61418509
4270,3460.63170523
4271,3461.64922171
4272,3462.66673449
4273,3463.68424353
4274,3464.70174878
4275,3465.71925019
4276,3466.73675293
4277,3467.75424654
4278,3468.77173617
4279,3469.78922179
4280,3470.80670334
4281,3471.82418078
4282,3472.84165407
4283,3473.85912838
4284,3474.87659323
4285,3475.89405634
4286,3476.91151256
4287,3477.92896441
4288,3478.94641183
4289,3479.96385478
4290,3480.98129845
4291,3481.99873233
4292,3483.01616161
4293,3484.03358623
4294,3485.05100616
4295,3486.06842135
4296,3487.08583176
4297,3488.10324257
4298,3489.12064328
4299,3490.13803906
4300,3491.15542988
4301,3492.17281569
4302,3493.19019644
4303,3494.2075721
4304,3495.22495042
4305,3496.24231574
4306,3497.25967584
4307,3498.27703065
4308,3499.29438014
4309,3500.31172427
4310,3501.32906298
4311,3502.3464015
4312,3503.36372926
4313,3504.38105147
4314,3505.39836809
4315,3506.41567908
4316,3507.43298439
4317,3508.45028397
4318,3509.46758305
4319,3510.48487106
4320,3511.5021532
4321,3512.51942945
4322,3513.53669974
4323,3514.55396661
4324,3515.57122488
4325,3516.58848235
4326,3517.60572843
4327,3518.62296833
4328,3519.64020202
4329,3520.65742946
4330,3521.67465059
4331,3522.69186538
4332,3523.70907907
4333,3524.72628104
4334,3525.74347653
4335,3526.7606655
4336,3527.7778479
4337,3528.79502369
4338,3529.81219283
4339,3530.82936057
4340,3531.84651628
4341,3532.86366519
4342,3533.88080984
4343,3534.89794505
4344,3535.91507335
4345,3536.93219468
4346,3537.94931431
4347,3538.96642159
4348,3539.98352178
4349,3541.00061483
4350,3542.01770069
4351,3543.03477934
4352,3544.05185071
4353,3545.06892009
4354,3546.08597679
4355,3547.1030261
4356,3548.12006796
4357,3549.13710234
4358,3550.15412918
4359,3551.17114845
4360,3552.18816543
4361,3553.20517199
4362,3554.22216828
4363,3555.23915682
4364,3556.25613756
4365,3557.27311047
4366,3558.2900755
4367,3559.30703795
4368,3560.32398709
4369,3561.34092822
4370,3562.3578613
4371,3563.37478628
4372,3564.39170312
4373,3565.40861178
4374,3566.42551756
4375,3567.44240973
4376,3568.45929358
4377,3569.47616907
4378,3570.49303617
4379,3571.50989482
4380,3572.52674756
4381,3573.54359456
4382,3574.56042762
4383,3575.57725207
4384,3576.59406787
4385,3577.61087496
4386,3578.6276733
4387,3579.64446286
4388,3580.66124895
4389,3581.60232726
4390,3582.54333937
4391,3583.48429598
4392,3584.42519168
4393,3585.36602642
4394,3586.30680017
4395,3587.24751288
4396,3588.18816451
4397,3589.12875502
4398,3590.06928436
4399,3591.0097525
4400,3591.95015939
4401,3592.890505
4402,3593.83078927
4403,3594.77100679
4404,3595.71116827
4405,3596.6512683
4406,3597.59130684
4407,3598.53128384
4408,3599.47119925
4409,3600.41105305
4410,3601.35084518
4411,3602.29057561
4412,3603.23024429
4413,3604.16985119
4414,3605.10939625
4415,3606.04887945
4416,3606.98830074
4417,3607.92765467
4418,3608.86695201
4419,3609.80618732
4420,3610.74536055
4421,3611.68447166
4422,3612.62352062
4423,3613.56250738
4424,3614.5014319
4425,3615.44029413
4426,3616.37909405
4427,3617.3178316
4428,3618.25650675
4429,3619.19511946
4430,3620.13366968
4431,3621.07215195
4432,3622.01057708
4433,3622.9489396
4434,3623.88723947
4435,3624.82547665
4436,3625.7636511
4437,3626.70176278
4438,3627.63981166
4439,3628.57779768
4440,3629.5157208
4441,3630.453581
4442,3631.39137822
4443,3632.32911243
4444,3633.26677815
4445,3634.20438621
4446,3635.14193114
4447,3636.07941289
4448,3637.01683143
4449,3637.95418671
4450,3638.8914787
4451,3639.82870735
4452,3640.76587263
4453,3641.70297449
4454,3642.64001289
4455,3643.5769878
4456,3644.51389917
4457,3645.45074697
4458,3646.3875257
4459,3647.32424622
4460,3648.26090305
4461,3649.19749614
4462,3650.13402546
4463,3651.07049096
4464,3652.0068926
4465,3652.94323035
4466,3653.87950417
4467,3654.81571401
4468,3655.75185984
4469,3656.68794161
4470,3657.62395929
4471,3658.55990737
4472,3659.49579415
4473,3660.43161931
4474,3661.36738022
4475,3662.30307684
4476,3663.23870913
4477,3664.17427705
4478,3665.10978056
4479,3666.04521962
4480,3666.98059419
4481,3667.91590424
4482,3668.85114972
4483,3669.78633059
4484,3670.72144682
4485,3671.65649288
4486,3672.59147971
4487,3673.52640177
4488,3674.46125903
4489,3675.39605145
4490,3676.33077898
4491,3677.26544161
4492,3678.20003927
4493,3679.13457194
4494,3680.06903957
4495,3681.00344213
4496,3681.93777958
4497,3682.87205187
4498,3683.80625898
4499,3684.74039535
4500,3685.67447196
4501,3686.60848326
4502,3687.54242922
4503,3688.47630979
4504,3689.41012494
4505,3690.34387463
4506,3691.27755882
4507,3692.21117748
4508,3693.14473055
4509,3694.07821801
4510,3695.01163982
4511,3695.94499594
4512,3696.87828081
4513,3697.81150543
4514,3698.74466424
4515,3699.67775721
4516,3700.61078429
4517,3701.54374545
4518,3702.47664066
4519,3703.40946986
4520,3704.34223303
4521,3705.27493013
4522,3706.20756112
4523,3707.14012595
4524,3708.0726246
4525,3709.00505702
4526,3709.93741765
4527,3710.8697175
4528,3711.80195102
4529,3712.73411816
4530,3713.66621888
4531,3714.59825315
4532,3715.53022093
4533,3716.46212219
4534,3717.39395687
4535,3718.32572496
4536,3719.2574264
4537,3720.18906116
4538,3721.12062921
4539,3722.0521305
4540,3722.98355945
4541,3723.91492712
4542,3724.84622792
4543,3725.77746182
4544,3726.70862878
4545,3727.63972876
4546,3728.57076172
4547,3729.50172763
4548,3730.43262645
4549,3731.36345814
4550,3732.29422267
4551,3733.22491999
4552,3734.15555007
4553,3735.08610731
4554,3736.0166028
4555,3736.94703095
4556,3737.8773917
4557,3738.80768503
4558,3739.73791089
4559,3740.66806926
4560,3741.59816009
4561,3742.52818335
4562,3743.458139
4563,3744.388027
4564,3745.31784732
4565,3746.24759992
4566,3747.17728476
4567,3748.10689623
4568,3749.03644544
4569,3749.96592679
4570,3750.89534024
4571,3751.82468575
4572,3752.75396328
4573,3753.68317279
4574,3754.61231426
4575,3755.54138764
4576,3756.4703929
4577,3757.39933
4578,3758.3281989
4579,3759.25699957
4580,3760.18572637
4581,3761.11439046
4582,3762.04298622
4583,3762.97151359
4584,3763.89997256
4585,3764.82836307
4586,3765.7566851
4587,3766.6849386
4588,3767.61312355
4589,3768.54123991
4590,3769.46928763
4591,3770.39726668
4592,3771.32517704
4593,3772.25301865
4594,3773.18078588
4595,3774.10848991
4596,3775.03612509
4597,3775.96369139
4598,3776.89118877
4599,3777.8186172
4600,3778.74597664
4601,3779.67326706
4602,3780.60048841
4603,3781.52764067
4604,3782.4547238
4605,3783.38173776
4606,3784.30868251
4607,3785.23555802
4608,3786.16235863
4609,3787.08909556
4610,3788.01576314
4611,3788.94236134
4612,3789.86889013
4613,3790.79534947
4614,3791.72173931
4615,3792.64805964
4616,3793.5743104
4617,3794.50049158
4618,3795.42660312
4619,3796.352645
4620,3797.27861718
4621,3798.20451398
4622,3799.13034666
4623,3800.05610953
4624,3800.98180256
4625,3801.90742572
4626,3802.83297897
4627,3803.75846228
4628,3804.6838756
4629,3805.60921892
4630,3806.53449218
4631,3807.45969535
4632,3808.38482841
4633,3809.30989132
4634,3810.23488403
4635,3811.15980086
4636,3812.08465309
4637,3813.00943503
4638,3813.93414664
4639,3814.85878789
4640,3815.78335875
4641,3816.70785917
4642,3817.63228912
4643,3818.55664858
4644,3819.4809375
4645,3820.40515585
4646,3821.32930359
4647,3822.2533807
4648,3823.1773845
4649,3824.10131454
4650,3825.02517952
4651,3825.94897373
4652,3826.87269713
4653,3827.79634968
4654,3828.71993135
4655,3829.64344211
4656,3830.56688192
4657,3831.49025076
4658,3832.41354857
4659,3833.33677534
4660,3834.25993102
4661,3835.18301559
4662,3836.1060233
4663,3837.02896553
4664,3837.95183653
4665,3838.87463629
4666,3839.79736475
4667,3840.7200219
4668,3841.64260769
4669,3842.56512209
4670,3843.48756506
4671,3844.40993658
4672,3845.33223661
4673,3846.25446512
4674,3847.17662207
4675,3848.09870743
4676,3849.02071544
4677,3849.94265751
4678,3850.86452789
4679,3851.78632655
4680,3852.70805345
4681,3853.62970855
4682,3854.55129182
4683,3855.47280324
4684,3856.39424277
4685,3857.31561036
4686,3858.236906
4687,3859.15812965
4688,3860.07928127
4689,3861.0003551
4690,3861.92136256
4691,3862.8422979
4692,3863.76316108
4693,3864.68395207
4694,3865.60467083
4695,3866.52531734
4696,3867.44589155
4697,3868.36639344
4698,3869.28682297
4699,3870.20718011
4700,3871.12746483
4701,3872.04767709
4702,3872.96781686
4703,3873.88787836
4704,3874.80787305
4705,3875.72779516
4706,3876.64764464
4707,3877.56742147
4708,3878.48712562
4709,3879.40675704
4710,3880.32631572
4711,3881.24580161
4712,3882.16521468
4713,3883.08455491
4714,3884.00382225
4715,3884.92301668
4716,3885.84213816
4717,3886.76118089
4718,3887.68015638
4719,3888.59905882
4720,3889.51788819
4721,3890.43664445
4722,3891.35532756
4723,3892.27393751
4724,3893.19247424
4725,3894.11093774
4726,3895.02932797
4727,3895.94764489
4728,3896.86588848
4729,3897.7840587
4730,3898.70214975
4731,3899.62017314
4732,3900.53812306
4733,3901.4559995
4734,3902.3738024
4735,3903.29153174
4736,3904.2091875
4737,3905.12676963
4738,3906.0442781
4739,3906.96171289
4740,3907.87907395
4741,3908.79636127
4742,3909.7135748
4743,3910.63071452
4744,3911.5477746
4745,3912.4647666
4746,3913.38168468
4747,3914.29852882
4748,3915.21529899
4749,3916.13199516
4750,3917.04861729
4751,3917.96516535
4752,3918.88163931
4753,3919.79803914
4754,3920.71436481
4755,3921.63061629
4756,3922.54679354
4757,3923.46289654
4758,3924.37891943
4759,3925.29487382
4760,3926.21075385
4761,3927.1265595
4762,3928.04229075
4763,3928.95794754
4764,3929.87352986
4765,3930.78903768
4766,3931.70447095
4767,3932.61982966
4768,3933.53511377
4769,3934.45032325
4770,3935.36545806
4771,3936.28051235
4772,3937.19549775
4773,3938.11040839
4774,3939.02524424
4775,3939.94000528
4776,3940.85469147
4777,3941.76930278
4778,3942.68383918
4779,3943.59830064
4780,3944.51268713
4781,3945.42699862
4782,3946.34123508
4783,3947.25539647
4784,3948.16948277
4785,3949.08348809
4786,3949.99742411
4787,3950.91128494
4788,3951.82507056
4789,3952.73878092
4790,3953.65241601
4791,3954.5659758
4792,3955.47946024
4793,3956.39286932
4794,3957.30620299
4795,3958.21946124
4796,3959.13264402
4797,3960.04575132
4798,3960.95877724
4799,3961.87173346
4800,3962.7846141
4801,3963.69741913
4802,3964.61014852
4803,3965.52280224
4804,3966.43538026
4805,3967.34788254
4806,3968.26030906
4807,3969.17265979
4808,3970.0849347
4809,3970.99713376
4810,3971.90925693
4811,3972.82130419
4812,3973.73326964
4813,3974.64516499
4814,3975.55698433
4815,3976.46872764
4816,3977.3803949
4817,3978.29198606
4818,3979.2035011
4819,3980.11493999
4820,3981.0263027
4821,3981.9375892
4822,3982.84879945
4823,3983.75993344
4824,3984.67098846
4825,3985.58196983
4826,3986.49286894
4827,3987.40369755
4828,3988.31444975
4829,3989.2251255
4830,3990.13572478
4831,3991.04624755
4832,3991.95669378
4833,3992.86706345
4834,3993.77735653
4835,3994.68757298
4836,3995.59771278
4837,3996.5077759
4838,3997.41776231
4839,3998.32766607
4840,3999.23749897
4841,4000.14725507
4842,4001.05693434
4843,4001.96653676
4844,4002.87606229
4845,4003.7855109
4846,4004.69488257
4847,4005.60417727
4848,4006.51339497
4849,4007.42253564
4850,4008.33159924
4851,4009.24058576
4852,4010.14949516
4853,4011.05832149
4854,4011.96707657
4855,4012.87575444
4856,4013.78435508
4857,4014.69287846
4858,4015.60132455
4859,4016.50969332
4860,4017.41798474
4861,4018.32619879
4862,4019.23433543
4863,4020.14239464
4864,4021.05037638
4865,4021.95828064
4866,4022.86610144
4867,4023.77385062
4868,4024.68152223
4869,4025.58911624
4870,4026.49663261
4871,4027.40407133
4872,4028.31143235
4873,4029.21871565
4874,4030.12592121
4875,4031.033049
4876,4031.94009898
4877,4032.84707113
4878,4033.75396542
4879,4034.66078182
4880,4035.56751435
4881,4036.4741749
4882,4037.38075747
4883,4038.28726204
4884,4039.19368858
4885,4040.10003707
4886,4041.00630747
4887,4041.91249976
4888,4042.81861391
4889,4043.72464989
4890,4044.63060768
4891,4045.53648724
4892,4046.44228855
4893,4047.34801159
4894,4048.25365034
4895,4049.15921673
4896,4050.06470476
4897,4050.97011439
4898,4051.87544561
4899,4052.78069838
4900,4053.68587268
4901,4054.59096848
4902,4055.49598575
4903,4056.40092446
4904,4057.30578459
4905,4058.2105661
4906,4059.11526898
4907,4060.01988721
4908,4060.92443273
4909,4061.82889952
4910,4062.73328757
4911,4063.63759684
4912,4064.54182731
4913,4065.44597895
4914,4066.35005173
4915,4067.25404562
4916,4068.1579606
4917,4069.06179665
4918,4069.96555372
4919,4070.86923181
4920,4071.77283087
4921,4072.67634488
4922,4073.57978582
4923,4074.48314765
4924,4075.38643035
4925,4076.2896339
4926,4077.19275827
4927,4078.09580342
4928,4078.99876934
4929,4079.90165599
4930,4080.80446335
4931,4081.7071914
4932,4082.6098401
4933,4083.51240942
4934,4084.41489935
4935,4085.31730384
4936,4086.21963489
4937,4087.12188646
4938,4088.02405853
4939,4088.92615106
4940,4089.82816404
4941,4090.73009743
4942,4091.63195121
4943,4092.53372535
4944,4093.43541983
4945,4094.33703461
4946,4095.23856968
4947,4096.140025
4948,4097.04139452
4949,4097.94269027
4950,4098.8439062
4951,4099.74504228
4952,4100.64609848
4953,4101.54707478
4954,4102.44797115
4955,4103.34878756
4956,4104.249524
4957,4105.15018042
4958,4106.05075681
4959,4106.95125315
4960,4107.85166939
4961,4108.75200552
4962,4109.6522554700005
4963,4110.5524313
4964,4111.45252694
4965,4112.35254236
4966,4113.25247754
4967,4114.15233245
4968,4115.05210707
4969,4115.95180136
4970,4116.85141531
4971,4117.75094889
4972,4118.65040207
4973,4119.54977482
4974,4120.44906713
4975,4121.3482729
4976,4122.24740423
4977,4123.14645503
4978,4124.04542528
4979,4124.94431495
4980,4125.84312401
4981,4126.74185245
4982,4127.64050023
4983,4128.53906733
4984,4129.43755373
4985,4130.33595939
4986,4131.23428429
4987,4132.13252842
4988,4133.03069173
4989,4133.92876813
4990,4134.82676975
4991,4135.72469049
4992,4136.62253031
4993,4137.5202892
4994,4138.41796714
4995,4139.31556408
4996,4140.21308001
4997,4141.11051491
4998,4142.00786875
4999,4142.90514149
5000,4143.80233043
5001,4144.69944093
5002,4145.59647027
5003,4146.49341232
5004,4147.39027926
5005,4148.28706496
5006,4149.1837694
5007,4150.08039255
5008,4150.97693439
5009,4151.87339489
5010,4152.76977403
5011,4153.66607178
5012,4154.56228812
5013,4155.45842302
5014,4156.35447646
5015,4157.25044842
5016,4158.14633275
5017,4159.04214166
5018,4159.93786901
5019,4160.83351477
5020,4161.72907892
5021,4162.62456143
5022,4163.51996229
5023,4164.41528146
5024,4165.31051893
5025,4166.20567466
5026,4167.10074863
5027,4167.99574083
5028,4168.89065121
5029,4169.78547976
5030,4170.68022034
5031,4171.57488516
5032,4172.46946807
5033,4173.36396905
5034,4174.25838809
5035,4175.15272514
5036,4176.04698019
5037,4176.94115322
5038,4177.8352442
5039,4178.7292531
5040,4179.6231799
5041,4180.51702458
5042,4181.41078712
5043,4182.30446748
5044,4183.19805951
5045,4184.09157545
5046,4184.98500916
5047,4185.87836059
5048,4186.77162974
5049,4187.66481657
5050,4188.55792106
5051,4189.45094319
5052,4190.34388293
5053,4191.23674026
5054,4192.12951515
5055,4193.02220759
5056,4193.91481754
5057,4194.80733883
5058,4195.69978375
5059,4196.59214611
5060,4197.48442589
5061,4198.37662308
5062,4199.26873763
5063,4200.16076954
5064,4201.05271878
5065,4201.94458532
5066,4202.83636914
5067,4203.72807022
5068,4204.61968853
5069,4205.51122405
5070,4206.40267676
5071,4207.29404046
5072,4208.18532747
5073,4209.0765316
5074,4209.96765281
5075,4210.8586911
5076,4211.74964643
5077,4212.64051879
5078,4213.53130815
5079,4214.42201448
5080,4215.31263776
5081,4216.20317798
5082,4217.0936351
5083,4217.9840091
5084,4218.87429378
5085,4219.76450148
5086,4220.65462599
5087,4221.54466729
5088,4222.43462537
5089,4223.32450018
5090,4224.21429172
5091,4225.10399995
5092,4225.99362487
5093,4226.88316643
5094,4227.77262462
5095,4228.66199942
5096,4229.55129081
5097,4230.44049875
5098,4231.32961704
5099,4232.21865803
5100,4233.10761552
5101,4233.99648948
5102,4234.88527989
5103,4235.77398672
5104,4236.66260996
5105,4237.55114957
5106,4238.43960554
5107,4239.32797784
5108,4240.21626645
5109,4241.10447135
5110,4241.99259252
5111,4242.88062993
5112,4243.76857735
5113,4244.65644718
5114,4245.54423318
5115,4246.43193534
5116,4247.31955363
5117,4248.20708803
5118,4249.09453852
5119,4249.98190507
5120,4250.86918766
5121,4251.75638627
5122,4252.64350087
5123,4253.53053145
5124,4254.41747799
5125,4255.30433422
5126,4256.1911126
5127,4257.07780685
5128,4257.96441697
5129,4258.85094294
5130,4259.73738472
5131,4260.6237423
5132,4261.51001565
5133,4262.39620476
5134,4263.2823096
5135,4264.16833015
5136,4265.05426639
5137,4265.94011829
5138,4266.82588584
5139,4267.71156276
5140,4268.59716153
5141,4269.48267588
5142,4270.36810578
5143,4271.25345121
5144,4272.13871216
5145,4273.0238886
5146,4273.90898051
5147,4274.79398786
5148,4275.67891065
5149,4276.56374883
5150,4277.4485024
5151,4278.33317133
5152,4279.21775559
5153,4280.10224892
5154,4280.9866638
5155,4281.87099395
5156,4282.75523936
5157,4283.6394
5158,4284.52347585
5159,4285.40746689
5160,4286.29137309
5161,4287.17519444
5162,4288.05893092
5163,4288.9425825
5164,4289.82614916
5165,4290.70963088
5166,4291.59302136
5167,4292.47633314
5168,4293.35955991
5169,4294.24270166
5170,4295.12575836
5171,4296.00873
5172,4296.89161655
5173,4297.77441798
5174,4298.65713429
5175,4299.53976545
5176,4300.4223087
5177,4301.30476949
5178,4302.18714507
5179,4303.06943541
5180,4303.9516342
5181,4304.83375401
5182,4305.71578851
5183,4306.5977377
5184,4307.47960155
5185,4308.36138004
5186,4309.24307314
5187,4310.12468084
5188,4311.00620312
5189,4311.88763996
5190,4312.76899133
5191,4313.65025721
5192,4314.53143759
5193,4315.41252613
5194,4316.29353544
5195,4317.17445917
5196,4318.05529731
5197,4318.93604985
5198,4319.81671675
5199,4320.697298
5200,4321.57779359
5201,4322.45820348
5202,4323.33852766
5203,4324.2187661
5204,4325.09891879
5205,4325.97898571
5206,4326.85896684
5207,4327.73885583
5208,4328.61866531
5209,4329.49838893
5210,4330.37802667
5211,4331.25757852
5212,4332.13704445
5213,4333.01642445
5214,4333.89571849
5215,4334.77492656
5216,4335.65404862
5217,4336.53308468
5218,4337.41203469
5219,4338.29089865
5220,4339.16967653
5221,4340.04836198
5222,4340.92696764
5223,4341.80548717
5224,4342.68392054
5225,4343.56226773
5226,4344.44052873
5227,4345.3187035
5228,4346.19679204
5229,4347.07479433
5230,4347.95271034
5231,4348.83054005
5232,4349.70828344
5233,4350.5859405
5234,4351.46350485
5235,4352.34098918
5236,4353.21838711
5237,4354.09569862
5238,4354.9729237
5239,4355.85006233
5240,4356.72711448
5241,4357.60408013
5242,4358.48095928
5243,4359.35775188
5244,4360.23445794
5245,4361.11107743
5246,4361.98761032
5247,4362.8640566
5248,4363.74040989
5249,4364.61668289
5250,4365.49286922
5251,4366.36896886
5252,4367.24498179
5253,4368.120908
5254,4368.99674745
5255,4369.87250015
5256,4370.74816605
5257,4371.62374515
5258,4372.49923743
5259,4373.37464286
5260,4374.24996143
5261,4375.12519311
5262,4376.00033152
5263,4376.87538939
5264,4377.75036031
5265,4378.62524428
5266,4379.50004127
5267,4380.37475126
5268,4381.24937424
5269,4382.12391018
5270,4382.99835907
5271,4383.87272088
5272,4384.74699561
5273,4385.62118322
5274,4386.4952837
5275,4387.36929064
5276,4388.24321681
5277,4389.11705579
5278,4389.99080756
5279,4390.86447211
5280,4391.73804942
5281,4392.61153947
5282,4393.48494223
5283,4394.3582577
5284,4395.23148585
5285,4396.10462666
5286,4396.97768012
5287,4397.8506462
5288,4398.72352489
5289,4399.59630977
5290,4400.46901362
5291,4401.34163002
5292,4402.21415896
5293,4403.08660041
5294,4403.95895436
5295,4404.83122078
5296,4405.70339966
5297,4406.57549099
5298,4407.44749474
5299,4408.31941089
5300,4409.19123943
5301,4410.06298033
5302,4410.93462717
5303,4411.80619275
5304,4412.67767065
5305,4413.54906084
5306,4414.42036331
5307,4415.29157803
5308,4416.16270499
5309,4417.03374418
5310,4417.90469557
5311,4418.77555914
5312,4419.64633489
5313,4420.51702278
5314,4421.3876228
5315,4422.25813493
5316,4423.12855273
5317,4423.99888903
5318,4424.86913739
5319,4425.7392978
5320,4426.60937022
5321,4427.47935465
5322,4428.34925107
5323,4429.21905946
5324,4430.0887798
5325,4430.95841207
5326,4431.82795626
5327,4432.69741234
5328,4433.56678031
5329,4434.43606014
5330,4435.30524536
5331,4436.17434886
5332,4437.04336416
5333,4437.91229126
5334,4438.78113013
5335,4439.64988076
5336,4440.51854313
5337,4441.38711721
5338,4442.255603
5339,4443.12400048
5340,4443.99230962
5341,4444.86053041
5342,4445.72866284
5343,4446.59670042
5344,4447.46465606
5345,4448.33252328
5346,4449.20030207
5347,4450.0679924
5348,4450.93559425
5349,4451.80310762
5350,4452.67053249
5351,4453.53786883
5352,4454.40511387
5353,4455.27227311
5354,4456.13934378
5355,4457.00632585
5356,4457.87321931
5357,4458.74001767
5358,4459.60673386
5359,4460.47336139
5360,4461.33990024
5361,4462.2063504
5362,4463.07271184
5363,4463.93898456
5364,4464.80516853
5365,4465.67126373
5366,4466.53727015
5367,4467.40318778
5368,4468.26901659
5369,4469.13475657
5370,4470.00040121
5371,4470.86596347
5372,4471.73143685
5373,4472.59682133
5374,4473.4621169
5375,4474.32732353
5376,4475.19244122
5377,4476.05746994
5378,4476.92240967
5379,4477.7872604
5380,4478.65202212
5381,4479.51669481
5382,4480.38127844
5383,4481.24577301
5384,4482.11017199
5385,4482.97448837
5386,4483.83871564
5387,4484.70285377
5388,4485.56690275
5389,4486.43086257
5390,4487.2947332
5391,4488.15851464
5392,4489.02220686
5393,4489.88580984
5394,4490.74932358
5395,4491.61274806
5396,4492.47608325
5397,4493.33932914
5398,4494.2024792
5399,4495.06554645
5400,4495.92852435
5401,4496.79141289
5402,4497.65421205
5403,4498.51692181
5404,4499.37954216
5405,4500.24207308
5406,4501.10451456
5407,4501.96686658
5408,4502.82912912
5409,4503.69130216
5410,4504.5533857
5411,4505.41537318
5412,4506.27727765
5413,4507.13909257
5414,4508.00081791
5415,4508.86245366
5416,4509.7239998
5417,4510.58545633
5418,4511.44682322
5419,4512.30810045
5420,4513.16928801
5421,4514.03038589
5422,4514.89139407
5423,4515.75231253
5424,4516.61314126
5425,4517.4738737
5426,4518.33452291
5427,4519.19508235
5428,4520.05555199
5429,4520.91593181
5430,4521.77622181
5431,4522.63642197
5432,4523.49653227
5433,4524.35655269
5434,4525.21648323
5435,4526.07632385
5436,4526.93607456
5437,4527.79573533
5438,4528.65530615
5439,4529.51478044
5440,4530.3741713
5441,4531.23347217
5442,4532.09268302
5443,4532.95180384
5444,4533.81083462
5445,4534.66977533
5446,4535.52862597
5447,4536.38738652
5448,4537.24605696
5449,4538.10463728
5450,4538.96312746
5451,4539.82152748
5452,4540.67983077
5453,4541.53805044
5454,4542.39617992
5455,4543.25421918
5456,4544.11216821
5457,4544.97002699
5458,4545.82779552
5459,4546.68547377
5460,4547.54306173
5461,4548.40055939
5462,4549.25796673
5463,4550.11528373
5464,4550.97251038
5465,4551.82964666
5466,4552.68668598
5467,4553.54364149
5468,4554.40050659
5469,4555.25728126
5470,4556.11396549
5471,4556.97055927
5472,4557.82706257
5473,4558.68347539
5474,4559.53979771
5475,4560.39602952
5476,4561.2521708
5477,4562.10822153
5478,4562.9641817
5479,4563.8200447
5480,4564.67582371
5481,4565.53151211
5482,4566.3871099
5483,4567.24261705
5484,4568.09803356
5485,4568.9533594
5486,4569.80859457
5487,4571.3283294
5488,4572.84807504
5489,4574.36783035
5490,4575.8876057
5491,4577.40739441
5492,4578.92719641
5493,4580.44701162
5494,4581.96683336
5495,4583.48667478
5496,4585.00652643
5497,4586.52639378
5498,4588.04627398
5499,4589.56616695
5500,4591.08606601
5501,4592.60598432
5502,4594.1259152
5503,4595.64585579
5504,4597.16581158
5505,4598.68577307
5506,4600.20575347
5507,4601.72574607
5508,4603.24575079
5509,4604.76576758
5510,4606.28578969
5511,4607.80582759
5512,4609.32588011
5513,4610.84594439
5514,4612.36602037
5515,4613.88610797
5516,4615.40620046
5517,4616.92631108
5518,4618.44643034
5519,4619.96656371
5520,4621.48670834
5521,4623.0068575
5522,4624.52702444
5523,4626.04720244
5524,4627.5673914
5525,4629.08758849
5526,4630.6077992
5527,4632.12801399
5528,4633.64824614
5529,4635.16848892
5530,4636.68874224
5531,4638.20900603
5532,4639.72927354
5533,4641.24955529
5534,4642.76985008
5535,4644.29015507
5536,4645.81047017
5537,4647.33078862
5538,4648.85112374
5539,4650.37146877
5540,4651.89182084
5541,4653.41218547
5542,4654.93255978
5543,4656.45293701
5544,4657.97333049
5545,4659.49373345
5546,4661.01414582
5547,4662.53456753
5548,4664.054989
5549,4665.57542917
5550,4667.09587845
5551,4668.61633679
5552,4670.13680412
5553,4671.65727363
5554,4673.17775871
5555,4674.69824977
5556,4676.21875231
5557,4677.73926349
5558,4679.25978322
5559,4680.78030471
5560,4682.30084135
5561,4683.82138633
5562,4685.34193681
5563,4686.86249828
5564,4688.38306114
5565,4689.90363881
5566,4691.42422448
5567,4692.94481807
5568,4694.46541951
5569,4695.98602199
5570,4697.50663615
5571,4699.02726074
5572,4700.5478929
5573,4702.06853257
5574,4703.58917967
5575,4705.10982738
5576,4706.63048913
5577,4708.15115533
5578,4709.67183147
5579,4711.19251469
5580,4712.71319817
5581,4714.23389535
5582,4715.75459941
5583,4717.27531027
5584,4718.79602787
5585,4720.31674258
5586,4721.83747344
5587,4723.35821083
5588,4724.87895468
5589,4726.39970492
5590,4727.92046148
5591,4729.4412175
5592,4730.9619837
5593,4732.48275879
5594,4734.00353993
5595,4735.52432704
5596,4737.04511326
5597,4738.56591211
5598,4740.08671672
5599,4741.60752702
5600,4743.12834016
5601,4744.64915485
5602,4746.16998182
5603,4747.69081422
5604,4749.21165196
5605,4750.73249499
5606,4752.25334323
5607,4753.774187
5608,4755.29504546
5609,4756.81590892
5610,4758.33677731
5611,4759.85765058
5612,4761.37852182
5613,4762.89940462
5614,4764.42028928
5615,4765.94118133
5616,4767.4620779
5617,4768.9829721
5618,4770.50387751
5619,4772.02478725
5620,4773.54570123
5621,4775.0666194
5622,4776.58753889
5623,4778.10845838
5624,4779.62938868
5625,4781.15032289
5626,4782.67126094
5627,4784.19220276
5628,4785.71314144
5629,4787.23408781
5630,4788.75504054
5631,4790.27599677
5632,4791.79695643
5633,4793.3179126
5634,4794.83887892
5635,4796.35984847
5636,4797.88082117
5637,4799.40179418
5638,4800.922773
5639,4802.44374791
5640,4803.96473258
5641,4805.48572006
5642,4807.0067103
5643,4808.52770323
5644,4810.0486891
5645,4811.56968718
5646,4813.09068776
5647,4814.61169074
5648,4816.13269608
5649,4817.65370369
5650,4819.17470663
5651,4820.6957186
5652,4822.21672985
5653,4823.7377459
5654,4825.2587639
5655,4826.77977688
5656,4828.30079856
5657,4829.82182198
5658,4831.34284708
5659,4832.86387097
5660,4834.38489232
5661,4835.90592203
5662,4837.42695314
5663,4838.94798559
5664,4840.46901932
5665,4841.99005425
5666,4843.5110806
5667,4845.03211773
5668,4846.55315587
5669,4848.07419494
5670,4849.59523489
5671,4851.11626871
5672,4852.63731019
5673,4854.15835234
5674,4855.67939229
5675,4857.20043558
5676,4858.72147241
5677,4860.24251657
5678,4861.76356107
5679,4863.28460583
5680,4864.8056508
5681,4866.3266931
5682,4867.84773134
5683,4869.36877651
5684,4870.88982163
5685,4872.41086662
5686,4873.93191141
5687,4875.45294899
5688,4876.97399319
5689,4878.49503419
5690,4880.01607754
5691,4881.53712036
5692,4883.05815564
5693,4884.57919721
5694,4886.10023805
5695,4887.62127811
5696,4889.1423145
5697,4890.66335278
5698,4892.1843831
5699,4893.70541934
5700,4895.22645445
5701,4896.74748838
5702,4898.26852105
5703,4899.78954263
5704,4901.31057261
5705,4902.83160113
5706,4904.35262815
5707,4905.87365358
5708,4907.39467039
5709,4908.91569246
5710,4910.43671276
5711,4911.95772841
5712,4913.47874496
5713,4914.99975954
5714,4916.52076509
5715,4918.04177552
5716,4919.56278379
5717,4921.08378982
5718,4922.60479074
5719,4924.12578511
5720,4925.64678404
5721,4927.16778049
5722,4928.68877437
5723,4930.20976562
5724,4931.73074718
5725,4933.25173299
5726,4934.77271317
5727,4936.29369327
5728,4937.81467043
5729,4939.33564456
5730,4940.85660861
5731,4942.37757652
5732,4943.89854122
5733,4945.41949984
5734,4946.94045793
5735,4948.46140559
5736,4949.98235681
5737,4951.50330449
5738,4953.02424857
5739,4954.545189
5740,4956.06611866
5741,4957.58704875
5742,4959.1079778
5743,4960.62890292
5744,4962.14982406
5745,4963.67074116
5746,4965.19164709
5747,4966.71255589
5748,4968.23345764
5749,4969.75435789
5750,4971.27525377
5751,4972.79613817
5752,4974.31702511
5753,4975.83790749
5754,4977.35878525
5755,4978.8796555
5756,4980.40051675
5757,4981.92138024
5758,4983.44223884
5759,4984.9630925
5760,4986.48394114
5761,4988.00478471
5762,4989.52561608
5763,4991.04644649
5764,4992.56727445
5765,4994.08809708
5766,4995.60891432
5767,4997.12971902
5768,4998.65052528
5769,5000.17132595
5770,5001.69211816
5771,5003.21290747
5772,5004.733691
5773,5006.25446161
5774,5007.7752334
5775,5009.29599923
5776,5010.81675903
5777,5012.33751273
5778,5013.85825036
5779,5015.37899169
5780,5016.89972673
5781,5018.42045543
5782,5019.94117772
5783,5021.46188643
5784,5022.98259571
5785,5024.50329557
5786,5026.02399159
5787,5027.54468089
5788,5029.06536339
5789,5030.58603193
5790,5032.10670067
5791,5033.62736244
5792,5035.14801434
5793,5036.66866196
5794,5038.18929529
5795,5039.70992852
5796,5041.23055445
5797,5042.75117303
5798,5044.2717842
5799,5045.79238075
5800,5047.31297408
5801,5048.83356261
5802,5050.35414348
5803,5051.87471662
5804,5053.39528197
5805,5054.91583233
5806,5056.43638191
5807,5057.95692068
5808,5059.47745424
5809,5060.99797969
5810,5062.51848982
5811,5064.03899888
5812,5065.55949964
5813,5067.07999205
5814,5068.60047604
5815,5070.12094158
5816,5071.64140855
5817,5073.16186693
5818,5074.68231664
5819,5076.20275762
5820,5077.72318981
5821,5079.24360599
5822,5080.7640176
5823,5082.28442305
5824,5083.80481948
5825,5085.3252068
5826,5086.84557779
5827,5088.36594673
5828,5089.88630638
5829,5091.4066567
5830,5092.92699478
5831,5094.44731903
5832,5095.96764094
5833,5097.48795325
5834,5099.00825591
5835,5100.52854886
5836,5102.04883203
5837,5103.56909534
5838,5105.08935877
5839,5106.60961224
5840,5108.12985569
5841,5109.65008905
5842,5111.17030507
5843,5112.69051808
5844,5114.210718
5845,5115.73091041
5846,5117.25109244
5847,5118.77125681
5848,5120.29141787
5849,5121.81156835
5850,5123.33170821
5851,5124.85183737
5852,5126.37195294
5853,5127.8920533
5854,5129.41215001
5855,5130.93223577
5856,5132.45231053
5857,5133.97237424
5858,5135.49241959
5859,5137.01245816
5860,5138.53248831
5861,5140.05250716
5862,5141.57251464
5863,5143.09250346
5864,5144.61248803
5865,5146.13246105
5866,5147.65242247
5867,5149.17236938
5868,5150.6923074
5869,5152.21222638
5870,5153.73214075
5871,5155.25204322
5872,5156.77193372
5873,5158.29181218
5874,5159.81166847
5875,5161.33152268
5876,5162.85136469
5877,5164.37119443
5878,5165.89101183
5879,5167.41080958
5880,5168.93060213
5881,5170.45038217
5882,5171.97014681
5883,5173.48990164
5884,5175.00964378
5885,5176.5293659
5886,5178.04908247
5887,5179.56878617
5888,5181.08847694
5889,5182.60815188
5890,5184.12780932
5891,5185.64746093
5892,5187.16709936
5893,5188.68672456
5894,5190.20633647
5895,5191.72593503
5896,5193.24551005
5897,5194.76508172
5898,5196.28463986
5899,5197.80418442
5900,5199.32371532
5901,5200.84322521
5902,5202.36272863
5903,5203.88221823
5904,5205.40169109
5905,5206.92115285
5906,5208.4405933
5907,5209.96002698
5908,5211.47944654
5909,5212.99885191
5910,5214.51824304
5911,5216.03761703
5912,5217.55697218
5913,5219.07632022
5914,5220.59565378
5915,5222.1149728
5916,5223.63427722
5917,5225.15355966
5918,5226.6728347
5919,5228.19209213
5920,5229.71133756
5921,5231.2305681
5922,5232.74977636
5923,5234.26897693
5924,5235.78816244
5925,5237.30733281
5926,5238.82648516
5927,5240.3456251
5928,5241.86474239
5929,5243.38385166
5930,5244.9029455
5931,5246.42202387
5932,5247.94108669
5933,5249.46012372
5934,5250.97915529
5935,5252.49817114
5936,5254.01717122
5937,5255.53615546
5938,5257.05511646
5939,5258.57406886
5940,5260.09300525
5941,5261.61192274
5942,5263.13082694
5943,5264.64971496
5944,5266.16857938
5945,5267.68743486
5946,5269.20627398
5947,5270.72509668
5948,5272.24390008
5949,5273.7626824
5950,5275.28145551
5951,5276.80021197
5952,5278.31895173
5953,5279.83767472
5954,5281.35637351
5955,5282.8750628
5956,5284.39373231
5957,5285.91238767
5958,5287.43102597
5959,5288.94964717
5960,5290.4682438
5961,5291.9868306
5962,5293.50540011
5963,5295.02394944
5964,5296.54248421
5965,5298.06099412
5966,5299.57949392
5967,5301.09797615
5968,5302.61644075
5969,5304.13488766
5970,5305.65330941
5971,5307.17171793
5972,5308.69011143
5973,5310.20848702
5974,5311.72684463
5975,5313.24518421
5976,5314.76349828
5977,5316.28180162
5978,5317.80008392
5979,5319.3183508
5980,5320.83659936
5981,5322.35482212
5982,5323.87303387
5983,5325.39122714
5984,5326.90940186
5985,5328.42755513
5986,5329.94568515
5987,5331.46380389
5988,5332.98190385
5989,5334.49998498
5990,5336.01804723
5991,5337.53609053
5992,5339.05410738
5993,5340.57210978
5994,5342.0900959
5995,5343.60806286
5996,5345.12601058
5997,5346.64393157
5998,5348.16184066
5999,5349.67973036
6000,5351.19759776
6001,5352.71544849
6002,5354.2332722
6003,5355.75108373
6004,5357.26887559
6005,5358.78664772
6006,5360.30440004
6007,5361.82213252
6008,5363.33983477
6009,5364.85752738
6010,5366.37519997
6011,5367.89285248
6012,5369.41048486
6013,5370.92808957
6014,5372.44568152
6015,5373.96325032
6016,5375.48080162
6017,5376.9983325
6018,5378.51584291
6019,5380.03332531
6020,5381.55079461
6021,5383.06824328
6022,5384.58567126
6023,5386.10307564
6024,5387.62045457
6025,5389.13782013
6026,5390.65516478
6027,5392.17248846
6028,5393.68979112
6029,5395.20706518
6030,5396.72432275
6031,5398.24156199
6032,5399.75877997
6033,5401.27597665
6034,5402.79315197
6035,5404.31029835
6036,5405.82743078
6037,5407.34453883
6038,5408.86162815
6039,5410.37869583
6040,5411.89573428
6041,5413.41275852
6042,5414.92976095
6043,5416.44674152
6044,5417.96370017
6045,5419.48062647
6046,5420.99754112
6047,5422.5144337
6048,5424.03130414
6049,5425.54815238
6050,5427.06497839
6051,5428.58177454
6052,5430.09855303
6053,5431.61531196
6054,5433.13204842
6055,5434.64876236
6056,5436.16544617
6057,5437.68211491
6058,5439.19876095
6059,5440.71538425
6060,5442.23198191
6061,5443.748552
6062,5445.26510675
6063,5446.78163854
6064,5448.29814731
6065,5449.81463302
6066,5451.3310956
6067,5452.84752457
6068,5454.36394074
6069,5455.88033361
6070,5457.39670315
6071,5458.91304928
6072,5460.42936439
6073,5461.94566357
6074,5463.46193632
6075,5464.97818832
6076,5466.49441665
6077,5468.01061367
6078,5469.5267945
6079,5471.0429515
6080,5472.5590846
6081,5474.07519377
6082,5475.59127608
6083,5477.10732961
6084,5478.62336662
6085,5480.13937948
6086,5481.65536813
6087,5483.17133251
6088,5484.68726497
6089,5486.2031778
6090,5487.71906905
6091,5489.23493583
6092,5490.75077807
6093,5492.26658811
6094,5493.78238111
6095,5495.29814942
6096,5496.81389298
6097,5498.32960887
6098,5499.84530277
6099,5501.36096413
6100,5502.87660814
6101,5504.39222713
6102,5505.90782105
6103,5507.42338985
6104,5508.93892297
6105,5510.45444134
6106,5511.96993443
6107,5513.48540218
6108,5515.00084454
6109,5516.5162538
6110,5518.03164521
6111,5519.54701105
6112,5521.06234843
6113,5522.57766301
6114,5524.09295187
6115,5525.60820732
6116,5527.12344459
6117,5528.63865599
6118,5530.15384146
6119,5531.66899808
6120,5533.18412388
6121,5534.69923125
6122,5536.21431247
6123,5537.72936751
6124,5539.24439629
6125,5540.75939112
6126,5542.27436438
6127,5543.78931411
6128,5545.30423738
6129,5546.81913414
6130,5548.33400434
6131,5549.84884024
6132,5551.36365715
6133,5552.87844734
6134,5554.39320788
6135,5555.90794446
6136,5557.42264649
6137,5558.93732925
6138,5560.45198504
6139,5561.96661378
6140,5563.48121543
6141,5564.99578708
6142,5566.5103267
6143,5568.02484677
6144,5569.53933953
6145,5571.05380494
6146,5572.56824295
6147,5574.0826458
6148,5575.59702883
6149,5577.11138144
6150,5578.6257093
6151,5580.14000949
6152,5581.65427425
6153,5583.16851895
6154,5584.68273583
6155,5586.19692483
6156,5587.71108303
6157,5589.22521612
6158,5590.73931346
6159,5592.25339044
6160,5593.76743927
6161,5595.28145992
6162,5596.79545233
6163,5598.30940872
6164,5599.82334162
6165,5601.337249
6166,5602.85112793
6167,5604.36497835
6168,5605.8787925
6169,5607.39258577
6170,5608.90635039
6171,5610.42008343
6172,5611.93379058
6173,5613.44746892
6174,5614.96111066
6175,5616.47473123
6176,5617.98832283
6177,5619.50188541
6178,5621.01541606
6179,5622.52891271
6180,5624.04238793
6181,5625.55583394
6182,5627.06925067
6183,5628.58263808
6184,5630.09598835
6185,5631.60931695
6186,5633.1226132
6187,5634.63588279
6188,5636.1491228
6189,5637.66233318
6190,5639.1755061
6191,5640.68865706
6192,5642.20177824
6193,5643.7148667
6194,5645.22792815
6195,5646.74095188
6196,5648.25395339
6197,5649.76692487
6198,5651.27986625
6199,5652.79277749
6200,5654.30565075
6201,5655.81849868
6202,5657.33131918
6203,5658.84410934
6204,5660.35686909
6205,5661.86959841
6206,5663.38228942
6207,5664.89495768
6208,5666.40759247
6209,5667.92019948
6210,5669.43277579
6211,5670.94531354
6212,5672.45782829
6213,5673.97031219
6214,5675.48276519
6215,5676.99518435
6216,5678.50756758
6217,5680.01992755
6218,5681.53225643
6219,5683.04455414
6220,5684.55682065
6221,5686.06905591
6222,5687.58125203
6223,5689.09342175
6224,5690.60556293
6225,5692.11767265
6226,5693.62975086
6227,5695.14178969
6228,5696.65380473
6229,5698.16578812
6230,5699.67773692
6231,5701.18965684
6232,5702.70153712
6233,5704.21339337
6234,5705.72521771
6235,5707.23701009
6236,5708.74877047
6237,5710.26049879
6238,5711.77218427
6239,5713.28384832
6240,5714.79548016
6241,5716.30707974
6242,5717.81864702
6243,5719.33017408
6244,5720.84167659
6245,5722.35314376
6246,5723.86458131
6247,5725.3759863
6248,5726.88735082
6249,5728.39869055
6250,5729.90999757
6251,5731.42127184
6252,5732.9325133
6253,5734.44371904
6254,5735.95488687
6255,5737.46602963
6256,5738.97713938
6257,5740.48821608
6258,5741.99925968
6259,5743.51026226
6260,5745.02123663
6261,5746.53218063
6262,5748.04309134
6263,5749.5539687
6264,5751.06481267
6265,5752.57561529
6266,5754.08639232
6267,5755.59713292
6268,5757.10784281
6269,5758.61851906
6270,5760.12915372
6271,5761.63976253
6272,5763.15033756
6273,5764.66087876
6274,5766.17138606
6275,5767.68184865
6276,5769.19228803
6277,5770.70269338
6278,5772.21306466
6279,5773.7234018
6280,5775.23370476
6281,5776.74396558
6282,5778.25419715
6283,5779.76439729
6284,5781.27456305
6285,5782.78469438
6286,5784.29478332
6287,5785.80484567
6288,5787.31487344
6289,5788.8248666
6290,5790.33482222
6291,5791.84473807
6292,5793.35462708
6293,5794.86448129
6294,5796.37430064
6295,5797.88408509
6296,5799.39383457
6297,5800.90353823
6298,5802.41321766
6299,5803.92286199
6300,5805.43247117
6301,5806.94204516
6302,5808.45157595
6303,5809.96107939
6304,5811.47054462
6305,5812.97997733
6306,5814.48937461
6307,5815.99872845
6308,5817.50805471
6309,5819.01734538
6310,5820.52660043
6311,5822.0358198
6312,5823.54500057
6313,5825.05414047
6314,5826.56325252
6315,5828.07232871
6316,5829.58136897
6317,5831.09037328
6318,5832.59933359
6319,5834.10826294
6320,5835.61715906
6321,5837.12601903
6322,5838.63484279
6323,5840.14362232
6324,5841.65237354
6325,5843.16108841
6326,5844.66976689
6327,5846.17840604
6328,5847.68701159
6329,5849.19557261
6330,5850.70410504
6331,5852.21260084
6332,5853.72105996
6333,5855.22948236
6334,5856.73785709
6335,5858.2462059
6336,5859.75451783
6337,5861.26279286
6338,5862.77103092
6339,5864.27922396
6340,5865.78738796
6341,5867.29551485
6342,5868.80360171
6343,5870.31165425
6344,5871.81966956
6345,5873.32763955
6346,5874.83558022
6347,5876.3434835
6348,5877.85134936
6349,5879.35917485
6350,5880.86695767
6351,5882.37471094
6352,5883.8824266
6353,5885.39010459
6354,5886.89774486
6355,5888.40533934
6356,5889.91290116
6357,5891.42042801
6358,5892.92791696
6359,5894.43536797
6360,5895.94278098
6361,5897.45014791
6362,5898.95748479
6363,5900.46478354
6364,5901.97204122
6365,5903.47926356
6366,5904.98643958
6367,5906.49358533
6368,5908.00069271
6369,5909.50776168
6370,5911.01479219
6371,5912.52177325
6372,5914.0287267
6373,5915.53564156
6374,5917.04251777
6375,5918.54935529
6376,5920.05615408
6377,5921.56290601
6378,5923.06962718
6379,5924.57630658
6380,5926.08294996
6381,5927.58955436
6382,5929.09611168
6383,5930.60263801
6384,5932.10912524
6385,5933.61557331
6386,5935.1219793
6387,5936.62834893
6388,5938.13467119
6389,5939.6409622
6390,5941.14721382
6391,5942.65342602
6392,5944.15959875
6393,5945.66572386
6394,5947.17181461
6395,5948.67786864
6396,5950.18388301
6397,5951.68985768
6398,5953.1957845
6399,5954.70167963
6400,5956.20753492
6401,5957.71334744
6402,5959.21912291
6403,5960.72485842
6404,5962.23054578
6405,5963.73620119
6406,5965.24181649
6407,5966.74739164
6408,5968.25292368
6409,5969.75841025
6410,5971.26386465
6411,5972.76927871
6412,5974.27465238
6413,5975.77998562
6414,5977.28527026
6415,5978.79052251
6416,5980.29573129
6417,5981.80090236
6418,5983.30603278
6419,5984.81112249
6420,5986.31616332
6421,5987.8211715
6422,5989.32613883
6423,5990.8310624
6424,5992.33594793
6425,5993.84078434
6426,5995.34558788
6427,5996.85035036
6428,5998.35507174
6429,5999.85975196
6430,6001.36438284
6431,6002.86897772
6432,6004.37353422
6433,6005.87804939
6434,6007.38252319
6435,6008.88695556
6436,6010.39133831
6437,6011.89568771
6438,6013.39999266
6439,6014.9042589
6440,6016.40848351
6441,6017.91265825
6442,6019.41679943
6443,6020.92089884
6444,6022.42495642
6445,6023.92896924
6446,6025.43293487
6447,6026.93686672
6448,6028.44075657
6449,6029.94460438
6450,6031.4484101
6451,6032.95217368
6452,6034.45588691
6453,6035.95956319
6454,6037.46320012
6455,6038.96679473
6456,6040.47034699
6457,6041.97384865
6458,6043.47731607
6459,6044.980741
6460,6046.48412051
6461,6047.98746033
6462,6049.49074934
6463,6050.99400388
6464,6052.49721572
6465,6054.00038481
6466,6055.5035111
6467,6057.00659455
6468,6058.50962401
6469,6060.01262165
6470,6061.51557633
6471,6063.01848799
6472,6064.52135659
6473,6066.02417387
6474,6067.52695622
6475,6069.02969248
6476,6070.53238841
6477,6072.03504107
6478,6073.53764217
6479,6075.04020814
6480,6076.5427307
6481,6078.04520981
6482,6079.54764543
6483,6081.0500346
6484,6082.55237486
6485,6084.05467973
6486,6085.55694093
6487,6087.05915841
6488,6088.56133215
6489,6090.06345383
6490,6091.56553702
6491,6093.06757922
6492,6094.56957749
6493,6096.0715318
6494,6097.57343383
6495,6099.07530005
6496,6100.57712217
6497,6102.07889725
6498,6103.58063104
6499,6105.0823206
6500,6106.58395761
6501,6108.08555858
6502,6109.58711518
6503,6111.08862738
6504,6112.59009513
6505,6114.09150721
6506,6115.59288594
6507,6117.09422009
6508,6118.59550962
6509,6120.09675449
6510,6121.59795465
6511,6123.09910178
6512,6124.6002095
6513,6126.1012753
6514,6127.60229621
6515,6129.10327221
6516,6130.60419495
6517,6132.10508098
6518,6133.60592196
6519,6135.10671785
6520,6136.60746571
6521,6138.10816299
6522,6139.60882336
6523,6141.10943846
6524,6142.61000826
6525,6144.11053272
6526,6145.61101179
6527,6147.11143421
6528,6148.61182238
6529,6150.11216503
6530,6151.61246212
6531,6153.11271361
6532,6154.61291115
6533,6156.11307131
6534,6157.61318575
6535,6159.11325151
6536,6160.61327437
6537,6162.11324305
6538,6163.61317415
6539,6165.11305932
6540,6166.61289851
6541,6168.11269168
6542,6169.61243587
6543,6171.11212853
6544,6172.61178337
6545,6174.11139203
6546,6175.61095445
6547,6177.1104706
6548,6178.60993208
6549,6180.10935265
6550,6181.60872972
6551,6183.10806034
6552,6184.60734449
6553,6186.10657376
6554,6187.6057648
6555,6189.10490924
6556,6190.60400703
6557,6192.10305521
6558,6193.60205957
6559,6195.10100879
6560,6196.59991956
6561,6198.09878346
6562,6199.59760046
6563,6201.09637052
6564,6202.59508231
6565,6204.09375836
6566,6205.59238734
6567,6207.0909692
6568,6208.58950392
6569,6210.08798307
6570,6211.58642336
6571,6213.08481637
6572,6214.58315916
6573,6216.0814575
6574,6217.57970844
6575,6219.07790356
6576,6220.57605957
6577,6222.07416806
6578,6223.57222899
6579,6225.07023941
6580,6226.56819669
6581,6228.06611468
6582,6229.56398493
6583,6231.06180742
6584,6232.5595821
6585,6234.05730052
6586,6235.55497654
6587,6237.05260753
6588,6238.55019055
6589,6240.04772555
6590,6241.54521249
6591,6243.04264293
6592,6244.54003363
6593,6246.03737616
6594,6247.53466755
6595,6249.03191359
6596,6250.52910291
6597,6252.0262523
6598,6253.52335331
6599,6255.02040589
6600,6256.51741001
6601,6258.01435428
6602,6259.51126135
6603,6261.00811982
6604,6262.50492967
6605,6264.00169084
6606,6265.49840331
6607,6266.99505859
6608,6268.49167351
6609,6269.98823669
6610,6271.48475391
6611,6272.98122222
6612,6274.47763314
6613,6275.9740035
6614,6277.47032482
6615,6278.96659708
6616,6280.4628173
6617,6281.95898284
6618,6283.45510762
6619,6284.95118318
6620,6286.44720945
6621,6287.94318641
6622,6289.43911402
6623,6290.93498377
6624,6292.43080963
6625,6293.92658892
6626,6295.4223187
6627,6296.91799892
6628,6298.41362108
6629,6299.90920206
6630,6301.40473337
6631,6302.90021205
6632,6304.39564389
6633,6305.89102593
6634,6307.38634965
6635,6308.88163198
6636,6310.37686439
6637,6311.87204684
6638,6313.36717638
6639,6314.86225032
6640,6316.35728266
6641,6317.85226489
6642,6319.34719696
6643,6320.84207883
6644,6322.33690198
6645,6323.83168335
6646,6325.32641149
6647,6326.82109219
6648,6328.31572249
6649,6329.81030236
6650,6331.30482326
6651,6332.79930215
6652,6334.29373048
6653,6335.78810531
6654,6337.28243243
6655,6338.77670036
6656,6340.27092609
6657,6341.76510108
6658,6343.25922528
6659,6344.75329865
6660,6346.24731263
6661,6347.74128131
6662,6349.23520196
6663,6350.72907162
6664,6352.22289027
6665,6353.71665784
6666,6355.21036579
6667,6356.70403113
6668,6358.19764236
6669,6359.6912053
6670,6361.18471697
6671,6362.67816881
6672,6364.17157785
6673,6365.66493551
6674,6367.15824176
6675,6368.65149364
6676,6370.1446884
6677,6371.63784016
6678,6373.13094036
6679,6374.62398895
6680,6376.11698589
6681,6377.60993114
6682,6379.10281611
6683,6380.59565495
6684,6382.08844491
6685,6383.58118302
6686,6385.07386925
6687,6386.56649501
6688,6388.05907736
6689,6389.55160771
6690,6391.04408311
6691,6392.53650936
6692,6394.02887492
6693,6395.5211969
6694,6397.01346669
6695,6398.50568424
6696,6399.99784954
6697,6401.48996252
6698,6402.98201167
6699,6404.47401993
6700,6405.96597576
6701,6407.45787914
6702,6408.94973002
6703,6410.44151978
6704,6411.93326555
6705,6413.42495578
6706,6414.91659628
6707,6416.4081841
6708,6417.89971059
6709,6419.39119291
6710,6420.88262243
6711,6422.3739991
6712,6423.86532289
6713,6425.35659085
6714,6426.84780016
6715,6428.33896509
6716,6429.83007698
6717,6431.3211358
6718,6432.81214151
6719,6434.30308546
6720,6435.79398192
6721,6437.28482807
6722,6438.77562097
6723,6440.26636057
6724,6441.75703821
6725,6443.24767109
6726,6444.73825057
6727,6446.22877367
6728,6447.71924621
6729,6449.20966522
6730,6450.70002204
6731,6452.19033388
6732,6453.68059209
6733,6455.17079662
6734,6456.66094744
6735,6458.15103295
6736,6459.64107623
6737,6461.13106568
6738,6462.62100127
6739,6464.11088295
6740,6465.60070205
6741,6467.09047582
6742,6468.58019265
6743,6470.06985835
6744,6471.55946997
6745,6473.04902745
6746,6474.53852212
6747,6476.02797124
6748,6477.51736613
6749,6479.00670673
6750,6480.4959901
6751,6481.98521339
6752,6483.47439094
6753,6484.96351407
6754,6486.45258274
6755,6487.94159691
6756,6489.43055654
6757,6490.91945001
6758,6492.40830045
6759,6493.89709625
6760,6495.38583737
6761,6496.87452376
6762,6498.36314672
6763,6499.85172356
6764,6501.34024556
6765,6502.82870977
6766,6504.317122
6767,6505.8054706
6768,6507.29377291
6769,6508.78202019
6770,6510.27021243
6771,6511.75834957
6772,6513.24642865
6773,6514.73444681
6774,6516.22241846
6775,6517.71033486
6776,6519.198196
6777,6520.68600182
6778,6522.17374359
6779,6523.66143575
6780,6525.14907542
6781,6526.63665963
6782,6528.12418834
6783,6529.61165282
6784,6531.09907043
6785,6532.58643244
6786,6534.07373881
6787,6535.56098658
6788,6537.04818156
6789,6538.53531207
6790,6540.02239551
6791,6541.50942313
6792,6542.99639488
6793,6544.48331075
6794,6545.97015903
6795,6547.45696299
6796,6548.94371095
6797,6550.43040286
6798,6551.9170387
6799,6553.4036097
6800,6554.89013327
6801,6556.37660067
6802,6557.86300891
6803,6559.34936382
6804,6560.83566244
6805,6562.32189598
6806,6563.8080819
6807,6565.29421142
6808,6566.7802845
6809,6568.26629818
6810,6569.75224953
6811,6571.23815308
6812,6572.72400005
6813,6574.2097904
6814,6575.69552409
6815,6577.18119234
6816,6578.66680969
6817,6580.15237321
6818,6581.63787994
6819,6583.12332983
6820,6584.60872285
6821,6586.0940502
6822,6587.57932937
6823,6589.06455158
6824,6590.54971383
6825,6592.03482198
6826,6593.51986426
6827,6595.0048582
6828,6596.48979499
6829,6597.97467459
6830,6599.45949696
6831,6600.94425036
6832,6602.42895817
6833,6603.91360866
6834,6605.39820178
6835,6606.88273749
6836,6608.36721577
6837,6609.85162778
6838,6611.33599108
6839,6612.8202939
6840,6614.30454207
6841,6615.78873263
6842,6617.27285674
6843,6618.75693196
6844,6620.24094946
6845,6621.72490921
6846,6623.20880824
6847,6624.69264356
6848,6626.17642983
6849,6627.6601582
6850,6629.14382864
6851,6630.62744112
6852,6632.1109956
6853,6633.59448322
6854,6635.07791865
6855,6636.56129891
6856,6638.04462103
6857,6639.52788497
6858,6641.01108188
6859,6642.49422937
6860,6643.97731857
6861,6645.46034653
6862,6646.94331906
6863,6648.42622438
6864,6649.90908011
6865,6651.39187739
6866,6652.87461617
6867,6654.35729643
6868,6655.8399152
6869,6657.32246947
6870,6658.80497395
6871,6660.28741976
6872,6661.76980688
6873,6663.25213526
6874,6664.73439603
6875,6666.21660684
6876,6667.69875588
6877,6669.18084899
6878,6670.66288319
6879,6672.14485845
6880,6673.62676588
6881,6675.10862316
6882,6676.59042139
6883,6678.07215761
6884,6679.55383766
6885,6681.03544969
6886,6682.5170114
6887,6683.99851391
6888,6685.47995716
6889,6686.96134112
6890,6688.4426569
6891,6689.92391926
6892,6691.40512517
6893,6692.88627166
6894,6694.3673587
6895,6695.84838624
6896,6697.32934539
6897,6698.81025385
6898,6700.29109979
6899,6701.77188904
6900,6703.25261863
6901,6704.73327963
6902,6706.2138898
6903,6707.69444021
6904,6709.17493082
6905,6710.6553616
6906,6712.13572068
6907,6713.6160317
6908,6715.09628279
6909,6716.57647392
6910,6718.05660505
6911,6719.53667614
6912,6721.01667826
6913,6722.49662625
6914,6723.97651704
6915,6725.45634767
6916,6726.93611809
6917,6728.41581937
6918,6729.89546928
6919,6731.3750589
6920,6732.85458525
6921,6734.33405416
6922,6735.81345374
6923,6737.29280182
6924,6738.77208942
6925,6740.25131651
6926,6741.73048307
6927,6743.20958906
6928,6744.68862258
6929,6746.16760732
6930,6747.6465314
6931,6749.12539477
6932,6750.6041974
6933,6752.08293033
6934,6753.56161138
6935,6755.04022866
6936,6756.51878801
6937,6757.99728645
6938,6759.47571501
6939,6760.95409154
6940,6762.43240707
6941,6763.91066156
6942,6765.38885499
6943,6766.86698437
6944,6768.34504659
6945,6769.8230566
6946,6771.30100541
6947,6772.77889298
6948,6774.25671928
6949,6775.73447532
6950,6777.21217604
6951,6778.68981834
6952,6780.16739923
6953,6781.64491869
6954,6783.12236771
6955,6784.5997642
6956,6786.07709916
6957,6787.55436962
6958,6789.03158141
6959,6790.50873158
6960,6791.9858111
6961,6793.4628379
6962,6794.93980297
6963,6796.41670628
6964,6797.89354779
6965,6799.37031555
6966,6800.84703338
6967,6802.32368931
6968,6803.80028332
6969,6805.27681536
6970,6806.75327643
6971,6808.22968446
6972,6809.70602749
6973,6811.18231138
6974,6812.65853315
6975,6814.13469276
6976,6815.61078118
6977,6817.08681639
6978,6818.56278934
6979,6820.03870001
6980,6821.51454543
6981,6822.99032242
6982,6824.46604605
6983,6825.94170726
6984,6827.41730603
6985,6828.89284232
6986,6830.36830708
6987,6831.84371537
6988,6833.31906403
6989,6834.79435009
6990,6836.26957351
6991,6837.74473425
6992,6839.21982327
6993,6840.69485857
6994,6842.16983111
6995,6843.64473791
6996,6845.1195848200005
6997,6846.59435983
6998,6848.06908097
6999,6849.54373919
7000,6851.01833445
7001,6852.49286672
7002,6853.96733303
7003,6855.44173017
7004,6856.91607327
7005,6858.39035325
7006,6859.86457009
7007,6861.33872373
7008,6862.81280511
7009,6864.28682936
7010,6865.76079326
7011,6867.23469386
7012,6868.70853112
7013,6870.18229594
7014,6871.65600641
7015,6873.12965345
7016,6874.60323702
7017,6876.07675414
7018,6877.55021068
7019,6879.02359458
7020,6880.49692396
7021,6881.97018971
7022,6883.4433918
7023,6884.9165302
7024,6886.38959286
7025,6887.86260378
7026,6889.33555093
7027,6890.80843425
7028,6892.28125373
7029,6893.75400024
7030,6895.22669193
7031,6896.69931968
7032,6898.17188051
7033,6899.64438028
7034,6901.11681601
7035,6902.58917859
7036,6904.06148616
7037,6905.5337296
7038,6907.00590888
7039,6908.47802102
7040,6909.95006278
7041,6911.42204939
7042,6912.89397172
7043,6914.36582972
7044,6915.83762338
7045,6917.30934356
7046,6918.78100843
7047,6920.25260591
7048,6921.72414187
7049,6923.19561333
7050,6924.66702025
7051,6926.13835349
7052,6927.60963125
7053,6929.08084438
7054,6930.55198991
7055,6932.0230737
7056,6933.49408365
7057,6934.96503796
7058,6936.4359275
7059,6937.90675222
7060,6939.37751211
7061,6940.84819503
7062,6942.31882514
7063,6943.78939031
7064,6945.25989051
7065,6946.73032571
7066,6948.20069589
7067,6949.67099187
7068,6951.14123191
7069,6952.61140387
7070,6954.08151364
7071,6955.55155822
7072,6957.02152844
7073,6958.49144258
7074,6959.96129143
7075,6961.43107499
7076,6962.90079027
7077,6964.37043397
7078,6965.84002144
7079,6967.30954348
7080,6968.77900007
7081,6970.24839117
7082,6971.71771676
7083,6973.18696763
7084,6974.65615915
7085,6976.12528801
7086,6977.59435123
7087,6979.06334878
7088,6980.53227147
7089,6982.0011376
7090,6983.46993797
7091,6984.93866961
7092,6986.40733837
7093,6987.87593211
7094,6989.34446915
7095,6990.81294028
7096,6992.28134548
7097,6993.7496847
7098,6995.21795498
7099,6996.68615298
7100,6998.15429412
7101,6999.62236917
7102,7001.0903781
7103,7002.55832088
7104,7004.02618829
7105,7005.49399868
7106,7006.96173989
7107,7008.42941778
7108,7009.89702937
7109,7011.36456542
7110,7012.83204433
7111,7014.29945684
7112,7015.76680294
7113,7017.23407964
7114,7018.70129282
7115,7020.16843027
7116,7021.6355104
7117,7023.10252397
7118,7024.56947093
7119,7026.03635128
7120,7027.50315575
7121,7028.9698998
7122,7030.43658009
7123,7031.90319363
7124,7033.3697404
7125,7034.83622037
7126,7036.30262428
7127,7037.76897055
7128,7039.23524699
7129,7040.70145945
7130,7042.16760496
7131,7043.63367426
7132,7045.09968578
7133,7046.56563026
7134,7048.03150768
7135,7049.497318
7136,7050.96304899
7137,7052.42872503
7138,7053.89433388
7139,7055.35987551
7140,7056.82534991
7141,7058.29075703
7142,7059.75608759
7143,7061.22135712
7144,7062.68656225
7145,7064.15169998
7146,7065.6167703
7147,7067.08176391
7148,7068.5466993
7149,7070.01156718
7150,7071.47636458
7151,7072.94109737
7152,7074.40575329
7153,7075.87035086
7154,7077.33488078
7155,7078.79934302
7156,7080.26373754
7157,7081.72806434
7158,7083.19231113
7159,7084.65650236
7160,7086.12062576
7161,7087.58468131
7162,7089.04866898
7163,7090.51257945
7164,7091.97643126
7165,7093.44021215
7166,7094.903928
7167,7096.36757582
7168,7097.8311463
7169,7099.29465798
7170,7100.75810155
7171,7102.22147698
7172,7103.68478424
7173,7105.14802035
7174,7106.61118188
7175,7108.07428446
7176,7109.53731875
7177,7111.00028473
7178,7112.46318237
7179,7113.92600233
7180,7115.38876025
7181,7116.85145269
7182,7118.31407668
7183,7119.77663219
7184,7121.23910987
7185,7122.70152832
7186,7124.1638782
7187,7125.62615653
7188,7127.08836919
7189,7128.5505132
7190,7130.0125792
7191,7131.47458581
7192,7132.93652369
7193,7134.39839279
7194,7135.86019311
7195,7137.32191231
7196,7138.78357494
7197,7140.2451687
7198,7141.70669355
7199,7143.16814946
7200,7144.62952707
7201,7146.09084502
7202,7147.552091
7203,7149.01327089
7204,7150.4743817
7205,7151.9354234
7206,7153.39638662
7207,7154.85729003
7208,7156.31812425
7209,7157.77888926
7210,7159.23958207
7211,7160.7001992
7212,7162.16075638
7213,7163.62124424
7214,7165.08166274
7215,7166.54201186
7216,7168.00228221
7217,7169.46248952
7218,7170.92263032
7219,7172.38270162
7220,7173.8427034
7221,7175.30263563
7222,7176.76248891
7223,7178.22228196
7224,7179.68200537
7225,7181.14165616
7226,7182.60124022
7227,7184.06074519
7228,7185.52018978
7229,7186.97956461
7230,7188.43886964
7231,7189.89810484
7232,7191.35725784
7233,7192.8163533
7234,7194.27537886
7235,7195.73433447
7236,7197.19322012
7237,7198.65203578
7238,7200.11077203
7239,7201.56944467
7240,7203.02805018
7241,7204.4865856
7242,7205.94505089
7243,7207.40343662
7244,7208.86176156
7245,7210.3200163
7246,7211.7782008
7247,7213.23631207
7248,7214.69435602
7249,7216.15232022
7250,7217.6102235
7251,7219.06805639
7252,7220.52581889
7253,7221.98351096
7254,7223.44112019
7255,7224.89867132
7256,7226.35615194
7257,7227.81356202
7258,7229.27090154
7259,7230.72816104
7260,7232.18535935
7261,7233.64248701
7262,7235.09954104
7263,7236.55652733
7264,7238.01344289
7265,7239.47027827
7266,7240.9270523
7267,7242.38375552
7268,7243.84038791
7269,7245.29694649
7270,7246.75342768
7271,7248.20984741
7272,7249.6661962
7273,7251.12247401
7274,7252.57868084
7275,7254.03480719
7276,7255.49087194
7277,7256.94686266
7278,7258.40278524
7279,7259.85863668
7280,7261.31441698
7281,7262.77011663
7282,7264.22575453
7283,7265.6813212
7284,7267.13681365
7285,7268.59223776
7286,7270.0475811
7287,7271.50286256
7288,7272.95807265
7289,7274.41321135
7290,7275.86827863
7291,7277.32326203
7292,7278.77818639
7293,7280.23303925
7294,7281.68782058
7295,7283.14253036
7296,7284.59716855
7297,7286.05172567
7298,7287.50622063
7299,7288.96064097
7300,7290.41499259
7301,7291.86927249
7302,7293.32347117
7303,7294.77760758
7304,7296.2316722
7305,7297.685665
7306,7299.13958299
7307,7300.59342259
7308,7302.04719978
7309,7303.50090506
7310,7304.95453838
7311,7306.40809974
7312,7307.86158909
7313,7309.90146603
7314,7311.94129335
7315,7313.98105854
7316,7316.02074907
7317,7318.06038983
7318,7320.0999683
7319,7322.13948146
7320,7324.17892565
7321,7326.2183169
7322,7328.25764269
7323,7330.29689934
7324,7332.3361029
7325,7334.37524082
7326,7336.41431898
7327,7338.45332483
7328,7340.49227441
7329,7342.53116407
7330,7344.56999079
7331,7346.60874497
7332,7348.64744268
7333,7350.68608025
7334,7352.72464512
7335,7354.76315336
7336,7356.80160131
7337,7358.83998594
7338,7360.87829468
7339,7362.91655251
7340,7364.95474687
7341,7366.99287474
7342,7369.03093243
7343,7371.06893604
7344,7373.106873
7345,7375.14473962
7346,7377.182552
7347,7379.22029758
7348,7381.25798221
7349,7383.29559332
7350,7385.33314703
7351,7387.37063964
7352,7389.40805856
7353,7391.44541993
7354,7393.48272005
7355,7395.51995589
7356,7397.55711485
7357,7399.59422199
7358,7401.6312647
7359,7403.66823996
7360,7405.70514405
7361,7407.74199315
7362,7409.77877465
7363,7411.81548481
7364,7413.85213982
7365,7415.88873004
7366,7417.92525245
7367,7419.9617033
7368,7421.9980988
7369,7424.03442633
7370,7426.07068215
7371,7428.10688247
7372,7430.14301466
7373,7432.1790846
7374,7434.21507964
7375,7436.25101601
7376,7438.28688998
7377,7440.32269852
7378,7442.35842898
7379,7444.39410651
7380,7446.42971845
7381,7448.46525216
7382,7450.50073277
7383,7452.53614765
7384,7454.57149377
7385,7456.60676737
7386,7458.64198472
7387,7460.67713315
7388,7462.7122089
7389,7464.74722824
7390,7466.78217852
7391,7468.81706561
7392,7470.85187683
7393,7472.88662849
7394,7474.9213168
7395,7476.95593875
7396,7478.99048166
7397,7481.02497073
7398,7483.05939328
7399,7485.0937396
7400,7487.128026
7401,7489.16224869
7402,7491.19640467
7403,7493.23048122
7404,7495.26450359
7405,7497.29845909
7406,7499.3323447
7407,7501.3661566
7408,7503.39991115
7409,7505.43359567
7410,7507.46720631
7411,7509.50075947
7412,7511.53424243
7413,7513.56766107
7414,7515.60100267
7415,7517.63428361
7416,7519.66750009
7417,7521.70063936
7418,7523.73371783
7419,7525.76673168
7420,7527.79967788
7421,7529.83254371
7422,7531.86535447
7423,7533.89809744
7424,7535.9307696
7425,7537.9633671
7426,7539.99590637
7427,7542.02837468
7428,7544.06076818
7429,7546.09310331
7430,7548.12536732
7431,7550.15756609
7432,7552.18968688
7433,7554.2217491
7434,7556.25374
7435,7558.28565572
7436,7560.31751273
7437,7562.34929827
7438,7564.38101822
7439,7566.41265982
7440,7568.44423955
7441,7570.47575353
7442,7572.50719876
7443,7574.53856246
7444,7576.56987003
7445,7578.60110869
7446,7580.63226567
7447,7582.66336637
7448,7584.69439801
7449,7586.72535758
7450,7588.75624119
7451,7590.78706536
7452,7592.81781732
7453,7594.84849315
7454,7596.8791094
7455,7598.90965328
7456,7600.94013068
7457,7602.97052878
7458,7605.00086414
7459,7607.03113287
7460,7609.06133194
7461,7611.09144855
7462,7613.12150816
7463,7615.15149796
7464,7617.18140515
7465,7619.2112552
7466,7621.2410353
7467,7623.2707454
7468,7625.30037267
7469,7627.32994261
7470,7629.35944241
7471,7631.38886903
7472,7633.41821856
7473,7635.44750761
7474,7637.47672334
7475,7639.50586182
7476,7641.53493967
7477,7643.56394406
7478,7645.59288088
7479,7647.62173727
7480,7649.65052988
7481,7651.67925476
7482,7653.70789907
7483,7655.73647945
7484,7657.76499197
7485,7659.79343359
7486,7661.82179147
7487,7663.85009117
7488,7665.87831984
7489,7667.90647446
7490,7669.93455106
7491,7671.96256632
7492,7673.9905074
7493,7676.0183703
7494,7678.04617173
7495,7680.07389882
7496,7682.10155745
7497,7684.12913474
7498,7686.15665037
7499,7688.18409147
7500,7690.21145404
7501,7692.23875482
7502,7694.26598091
7503,7696.2931382
7504,7698.3202138
7505,7700.34722445
7506,7702.37416616
7507,7704.40103591
7508,7706.4278208
7509,7708.45454649
7510,7710.48120008
7511,7712.50776865
7512,7714.53427788
7513,7716.56071487
7514,7718.58707659
7515,7720.61335904
7516,7722.63957899
7517,7724.66572353
7518,7726.69178865
7519,7728.71779114
7520,7730.74371808
7521,7732.76957535
7522,7734.79535003
7523,7736.82105892
7524,7738.84669801
7525,7740.87226427
7526,7742.89774478
7527,7744.92316525
7528,7746.94851275
7529,7748.97377435
7530,7750.99897578
7531,7753.0241041
7532,7755.04915926
7533,7757.07412831
7534,7759.09903701
7535,7761.12387242
7536,7763.1486315
7537,7765.17331022
7538,7767.19792544
7539,7769.22246419
7540,7771.24692243
7541,7773.27131704
7542,7775.29563504
7543,7777.31988233
7544,7779.34404594
7545,7781.36814276
7546,7783.39216873
7547,7785.41611087
7548,7787.43998608
7549,7789.4637903
7550,7791.48752052
7551,7793.51116373
7552,7795.53474578
7553,7797.55825368
7554,7799.58168441
7555,7801.60503389
7556,7803.62831905
7557,7805.65152691
7558,7807.67465337
7559,7809.69771537
7560,7811.72069993
7561,7813.74361293
7562,7815.76644136
7563,7817.7892022
7564,7819.81189134
7565,7821.83449577
7566,7823.85703544
7567,7825.87949733
7568,7827.90188733
7569,7829.92419244
7570,7831.94642963
7571,7833.9685948
7572,7835.99068492
7573,7838.01268699
7574,7840.0346269
7575,7842.05649163
7576,7844.07826815
7577,7846.09998238
7578,7848.1216213
7579,7850.14318189
7580,7852.16466
7581,7854.18607269
7582,7856.20740691
7583,7858.22865851
7584,7860.24984455
7585,7862.27095198
7586,7864.29198669
7587,7866.31293563
7588,7868.33381586
7589,7870.35462323
7590,7872.37535474
7591,7874.39599731
7592,7876.41657693
7593,7878.43708054
7594,7880.45749508
7595,7882.47784654
7596,7884.49812185
7597,7886.51831799
7598,7888.53843081
7599,7890.55847741
7600,7892.57844768
7601,7894.5983386
7602,7896.618146
7603,7898.637887
7604,7900.65754852
7605,7902.67712638
7606,7904.69663771
7607,7906.71606942
7608,7908.73542741
7609,7910.75469858
7610,7912.77390007
7611,7914.7930277
7612,7916.81206837
7613,7918.83103923
7614,7920.8499361
7615,7922.86875595
7616,7924.88748569
7617,7926.90615138
7618,7928.92473993
7619,7930.94324832
7620,7932.96167233
7621,7934.98002917
7622,7936.9983057
7623,7939.01649773
7624,7941.03462244
7625,7943.05266672
7626,7945.07063646
7627,7947.08851854
7628,7949.10633016
7629,7951.1240671
7630,7953.14171624
7631,7955.1592948
7632,7957.17679855
7633,7959.19422448
7634,7961.21156241
7635,7963.22882958
7636,7965.24602178
7637,7967.26313597
7638,7969.280159
7639,7971.29711706
7640,7973.31399697
7641,7975.3307856
7642,7977.34750911
7643,7979.36415436
7644,7981.38071832
7645,7983.39719674
7646,7985.41360691
7647,7987.42993567
7648,7989.44617874
7649,7991.46235344
7650,7993.47844659
7651,7995.49446408
7652,7997.51039275
7653,7999.52624989
7654,8001.54203124
7655,8003.5577338
7656,8005.57334437
7657,8007.58888919
7658,8009.60435507
7659,8011.61972884
7660,8013.63503672
7661,8015.65026555
7662,8017.66541229
7663,8019.68047266
7664,8021.69546402
7665,8023.71037317
7666,8025.72520601
7667,8027.73994932
7668,8029.75462345
7669,8031.7692152
7670,8033.78372026
7671,8035.79815601
7672,8037.81250924
7673,8039.82678585
7674,8041.84097262
7675,8043.85508694
7676,8045.86912451
7677,8047.88307211
7678,8049.89694713
7679,8051.91074528
7680,8053.92446352
7681,8055.93808864
7682,8057.95164696
7683,8059.96512525
7684,8061.9785205
7685,8063.99182838
7686,8066.00506634
7687,8068.01822111
7688,8070.03128839
7689,8072.0442856
7690,8074.05719952
7691,8076.07003603
7692,8078.08278189
7693,8080.09545455
7694,8082.10804968
7695,8084.12055403
7696,8086.13298505
7697,8088.14533841
7698,8090.1576111
7699,8092.16978984
7700,8094.18190105
7701,8096.19393145
7702,8098.205881
7703,8100.21773643
7704,8102.22952416
7705,8104.24123092
7706,8106.25284341
7707,8108.26438809
7708,8110.27585165
7709,8112.2872311
7710,8114.29852206
7711,8116.30974206
7712,8118.3208778
7713,8120.33192493
7714,8122.34290097
7715,8124.35379264
7716,8126.36460583
7717,8128.37532725
7718,8130.38597445
7719,8132.39654305
7720,8134.40703004
7721,8136.4174221
7722,8138.42774572
7723,8140.43798761
7724,8142.44813443
7725,8144.4582127
7726,8146.4682091
7727,8148.47812061
7728,8150.48794284
7729,8152.49769338
7730,8154.5073589
7731,8156.51694531
7732,8158.52643929
7733,8160.53586142
7734,8162.54519837
7735,8164.55444572
7736,8166.5636211
7737,8168.57271117
7738,8170.58172184
7739,8172.59063977
7740,8174.59948258
7741,8176.60824588
7742,8178.61691629
7743,8180.62551148
7744,8182.63402702
7745,8184.64245989
7746,8186.65079673
7747,8188.65906414
7748,8190.66724875
7749,8192.67534755
7750,8194.68335611
7751,8196.69129209
7752,8198.69914213
7753,8200.7069018
7754,8202.71458877
7755,8204.72218969
7756,8206.72971045
7757,8208.73713769
7758,8210.7444891
7759,8212.75176024
7760,8214.75893771
7761,8216.76603925
7762,8218.77306038
7763,8220.7799981
7764,8222.78683901
7765,8224.79360977
7766,8226.80029699
7767,8228.80690063
7768,8230.81340729
7769,8232.81984364
7770,8234.82619629
7771,8236.83245183
7772,8238.83863695
7773,8240.84473823
7774,8242.85075268
7775,8244.85667579
7776,8246.86252535
7777,8248.86828794
7778,8250.87395907
7779,8252.87955652
7780,8254.88506689
7781,8256.89049608
7782,8258.89583066
7783,8260.90108844
7784,8262.90626491
7785,8264.91135707
7786,8266.91635147
7787,8268.92127487
7788,8270.92611382
7789,8272.9308549
7790,8274.93552485
7791,8276.94011024
7792,8278.94460804
7793,8280.94901376
7794,8282.95334521
7795,8284.95758897
7796,8286.96175093
7797,8288.96581766
7798,8290.96980699
7799,8292.97371442
7800,8294.97752648
7801,8296.98126401
7802,8298.98491355
7803,8300.98848103
7804,8302.99195297
7805,8304.99534725
7806,8306.99865934
7807,8309.00187577
7808,8311.00501442
7809,8313.00807076
7810,8315.01104178
7811,8317.01391398
7812,8319.01671422
7813,8321.019429
7814,8323.02205532
7815,8325.02458861
7816,8327.02704681
7817,8329.02941642
7818,8331.03169288
7819,8333.03389413
7820,8335.03600667
7821,8337.03803642
7822,8339.03996988
7823,8341.04182499
7824,8343.0435972
7825,8345.04527298
7826,8347.04687031
7827,8349.04838461
7828,8351.04981287
7829,8353.05114156
7830,8355.0523976
7831,8357.05356747
7832,8359.05464817
7833,8361.05563509
7834,8363.05654623
7835,8365.05737104
7836,8367.05809601
7837,8369.05874806
7838,8371.05931366
7839,8373.05978981
7840,8375.0601719
7841,8377.06047794
7842,8379.06069441
7843,8381.06081669
7844,8383.06086282
7845,8385.06081925
7846,8387.0606919
7847,8389.06046723
7848,8391.06016328
7849,8393.05977543
7850,8395.05930066
7851,8397.05872543
7852,8399.05807672
7853,8401.05734098
7854,8403.05650466
7855,8405.05559474
7856,8407.05459767
7857,8409.05351045
7858,8411.05232842
7859,8413.05106968
7860,8415.04972067
7861,8417.04828728
7862,8419.04675596
7863,8421.0451448
7864,8423.04344916
7865,8425.04165546
7866,8427.03978181
7867,8429.03782356
7868,8431.03577771
7869,8433.03363362
7870,8435.03140945
7871,8437.02910052
7872,8439.02669324
7873,8441.02420576
7874,8443.02163342
7875,8445.01897319
7876,8447.01621148
7877,8449.01337537
7878,8451.01045126
7879,8453.00743614
7880,8455.00432533
7881,8457.001137
7882,8458.99785754
7883,8460.99448228
7884,8462.99102938
7885,8464.98748523
7886,8466.98385576
7887,8468.98012735
7888,8470.97631818
7889,8472.97242357
7890,8474.96842989
7891,8476.96435535
7892,8478.96019525
7893,8480.95594659
7894,8482.95159572
7895,8484.94716979
7896,8486.94265519
7897,8488.93804888
7898,8490.93334616
7899,8492.92856527
7900,8494.92369257
7901,8496.91872334
7902,8498.91367582
7903,8500.90853936
7904,8502.90331093
7905,8504.89798582
7906,8506.89258228
7907,8508.88708666
7908,8510.88150489
7909,8512.87582329
7910,8514.87006014
7911,8516.86421072
7912,8518.85826136
7913,8520.85223035
7914,8522.84611295
7915,8524.83990615
7916,8526.83359627
7917,8528.82721056
7918,8530.82073533
7919,8532.8141569
7920,8534.80750253
7921,8536.80075854
7922,8538.7939219
7923,8540.78698787
7924,8542.77997477
7925,8544.77286892
7926,8546.76567624
7927,8548.75838302
7928,8550.75100763
7929,8552.74354528
7930,8554.73598229
7931,8556.72833701
7932,8558.72060467
7933,8560.71278226
7934,8562.70485905
7935,8564.6968534
7936,8566.68876055
7937,8568.68056678
7938,8570.67229047
7939,8572.66392685
7940,8574.6554729
7941,8576.6469149
7942,8578.63828017
7943,8580.629555
7944,8582.62073638
7945,8584.61181951
7946,8586.6028228
7947,8588.59373252
7948,8590.58454388
7949,8592.57527529
7950,8594.56591302
7951,8596.556463
7952,8598.54691148
7953,8600.5372769
7954,8602.52755446
7955,8604.5177304
7956,8606.50782317
7957,8608.49782797
7958,8610.48774178
7959,8612.47755085
7960,8614.46728257
7961,8616.45692319
7962,8618.44646969
7963,8620.43591725
7964,8622.42528435
7965,8624.41455723
7966,8626.40373105
7967,8628.3928243
7968,8630.38182621
7969,8632.37073374
7970,8634.35954206
7971,8636.34826968
7972,8638.33690283
7973,8640.32544742
7974,8642.31388967
7975,8644.3022481
7976,8646.29051787
7977,8648.27868519
7978,8650.26676858
7979,8652.2547632
7980,8654.24266604
7981,8656.23046329
7982,8658.21818245
7983,8660.20580971
7984,8662.19333127
7985,8664.18077464
7986,8666.168126
7987,8668.15538234
7988,8670.1425388
7989,8672.12961394
7990,8674.11659396
7991,8676.10348477
7992,8678.09027258
7993,8680.07697594
7994,8682.06359
7995,8684.05010094
7996,8686.03652734
7997,8688.02286432
7998,8690.00910888
7999,8691.99524718
8000,8693.98130677
8001,8695.96727382
8002,8697.95313748
8003,8699.93891638
8004,8701.92460561
8005,8703.91020217
8006,8705.89569221
8007,8707.8811033
8008,8709.86642162
8009,8711.85164413
8010,8713.83676594
8011,8715.82180569
8012,8717.80674954
8013,8719.79159256
8014,8721.77635344
8015,8723.7610183
8016,8725.74559308
8017,8727.73006391
8018,8729.71444948
8019,8731.69874485
8020,8733.68293617
8021,8735.66704212
8022,8737.65105777
8023,8739.63498012
8024,8741.61879528
8025,8743.6025309
8026,8745.58617311
8027,8747.56971889
8028,8749.5531633
8029,8751.53652505
8030,8753.51979028
8031,8755.50295402
8032,8757.48603501
8033,8759.46901937
8034,8761.45191301
8035,8763.43470205
8036,8765.4174082
8037,8767.40001758
8038,8769.3825361
8039,8771.36494988
8040,8773.34727766
8041,8775.32951449
8042,8777.31164646
8043,8779.29369233
8044,8781.27564715
8045,8783.2575079
8046,8785.23926066
8047,8787.22093316
8048,8789.20251148
8049,8791.18398172
8050,8793.16537159
8051,8795.14666718
8052,8797.12786548
8053,8799.1089615
8054,8801.08997406
8055,8803.07088922
8056,8805.05171291
8057,8807.0324312
8058,8809.01306291
8059,8810.99360304
8060,8812.97403767
8061,8814.95438563
8062,8816.93464191
8063,8818.9148035
8064,8820.89485646
8065,8822.87482857
8066,8824.8547059
8067,8826.83447449
8068,8828.81416213
8069,8830.79375489
8070,8832.77325272
8071,8834.75264167
8072,8836.73194955
8073,8838.7111624
8074,8840.69027721
8075,8842.66928896
8076,8844.64821653
8077,8846.62704597
8078,8848.60577223
8079,8850.58441421
8080,8852.56295796
8081,8854.54140939
8082,8856.51975453
8083,8858.49801229
8084,8860.47617763
8085,8862.45423658
8086,8864.43220805
8087,8866.410087
8088,8868.38787042
8089,8870.36554433
8090,8872.34313659
8091,8874.32063323
8092,8876.29803122
8093,8878.27532551
8094,8880.25253505
8095,8882.22964585
8096,8884.20665284
8097,8886.183575
8098,8888.16039831
8099,8890.1371287
8100,8892.11375217
8101,8894.09028769
8102,8896.0667302
8103,8898.04307668
8104,8900.01931609
8105,8901.99546743
8106,8903.97152563
8107,8905.94747665
8108,8907.92333951
8109,8909.89910912
8110,8911.87478248
8111,8913.85034554
8112,8915.82582628
8113,8917.80121065
8114,8919.77648464
8115,8921.7516762
8116,8923.7267713
8117,8925.70176694
8118,8927.676658
8119,8929.65146354
8120,8931.62616951
8121,8933.60078184
8122,8935.57528648
8123,8937.54970249
8124,8939.52402476
8125,8941.49823924
8126,8943.472365
8127,8945.44639692
8128,8947.42033199
8129,8949.39415615
8130,8951.36789743
8131,8953.34154176
8132,8955.31507508
8133,8957.28852542
8134,8959.26187872
8135,8961.23513196
8136,8963.20828002
8137,8965.18134199
8138,8967.15430679
8139,8969.12717141
8140,8971.0999307
8141,8973.07260379
8142,8975.0451766
8143,8977.01764398
8144,8978.99002507
8145,8980.96230578
8146,8982.93449204
8147,8984.90656976
8148,8986.87855808
8149,8988.85045185
8150,8990.82223698
8151,8992.79393263
8152,8994.76553363
8153,8996.73703698
8154,8998.70842857
8155,9000.67973651
8156,9002.65094671
8157,9004.62205614
8158,9006.59305964
8159,9008.56397639
8160,9010.53479228
8161,9012.50550214
8162,9014.47612516
8163,9016.44664722
8164,9018.41707427
8165,9020.38739216
8166,9022.35762012
8167,9024.32775296
8168,9026.29778766
8169,9028.26771309
8170,9030.23754845
8171,9032.20728858
8172,9034.17691931
8173,9036.14645991
8174,9038.11590516
8175,9040.08525206
8176,9042.05448646
8177,9044.02363656
8178,9045.99268822
8179,9047.96162727
8180,9049.93048194
8181,9051.89923806
8182,9053.86789263
8183,9055.83644043
8184,9057.80490075
8185,9059.77325941
8186,9061.74152236
8187,9063.70967543
8188,9065.67773791
8189,9067.64570458
8190,9069.61356126
8191,9071.58132727
8192,9073.54899738
8193,9075.51656857
8194,9077.48402667
8195,9079.45139994
8196,9081.4186742
8197,9083.38583526
8198,9085.35291141
8199,9087.31988845
8200,9089.28676339
8201,9091.25353096
8202,9093.22021051
8203,9095.18679084
8204,9097.15326893
8205,9099.11963953
8206,9101.08592199
8207,9103.05210213
8208,9105.01817467
8209,9106.984159
8210,9108.9500409
8211,9110.91582632
8212,9112.88150103
8213,9114.84708442
8214,9116.81257124
8215,9118.77794725
8216,9120.74323186
8217,9122.7084198
8218,9124.67350805
8219,9126.63848239
8220,9128.60337118
8221,9130.56816019
8222,9132.5328464
8223,9134.49742455
8224,9136.46191404
8225,9138.42630065
8226,9140.39057909
8227,9142.35476879
8228,9144.31885552
8229,9146.28284521
8230,9148.24672361
8231,9150.21051019
8232,9152.17419963
8233,9154.13778893
8234,9156.10126384
8235,9158.06465276
8236,9160.02794146
8237,9161.99111864
8238,9163.9542038
8239,9165.91719161
8240,9167.88007907
8241,9169.84285191
8242,9171.80553858
8243,9173.7681248
8244,9175.7305963
8245,9177.69298154
8246,9179.65526625
8247,9181.61744741
8248,9183.5795197
8249,9185.54150263
8250,9187.50338192
8251,9189.46516351
8252,9191.42683312
8253,9193.38841027
8254,9195.34988963
8255,9197.31125692
8256,9199.27253166
8257,9201.23370853
8258,9203.1947845
8259,9205.15574529
8260,9207.11661939
8261,9209.07739251
8262,9211.03805036
8263,9212.99862143
8264,9214.95909143
8265,9216.91945735
8266,9218.87971383
8267,9220.83988044
8268,9222.79994289
8269,9224.7599071
8270,9226.71975876
8271,9228.67952045
8272,9230.63917785
8273,9232.59872559
8274,9234.55818327
8275,9236.51753658
8276,9238.47679145
8277,9240.43593355
8278,9242.3949825
8279,9244.35393292
8280,9246.31277048
8281,9248.27151481
8282,9250.23016053
8283,9252.18870461
8284,9254.14713273
8285,9256.10547347
8286,9258.0637125
8287,9260.0218468
8288,9261.97987098
8289,9263.93780469
8290,9265.89563358
8291,9267.85335226
8292,9269.81098038
8293,9271.76850361
8294,9273.72592787
8295,9275.68323881
8296,9277.6404561
8297,9279.59757434
8298,9281.55459053
8299,9283.51149028
8300,9285.46830225
8301,9287.42501206
8302,9289.38160536
8303,9291.33811079
8304,9293.29451399
8305,9295.25081492
8306,9297.20699921
8307,9299.16309552
8308,9301.11908949
8309,9303.07496672
8310,9305.03075589
8311,9306.98644263
8312,9308.94202393
8313,9310.89749433
8314,9312.85287358
8315,9314.80814731
8316,9316.76332144
8317,9318.71838157
8318,9320.67334747
8319,9322.62821369
8320,9324.58296582
8321,9326.53762364
8322,9328.49218169
8323,9330.44663696
8324,9332.40097505
8325,9334.35522468
8326,9336.30937145
8327,9338.26340094
8328,9340.21734189
8329,9342.1711799
8330,9344.12491194
8331,9346.07853256
8332,9348.03206155
8333,9349.9854845
8334,9351.93880734
8335,9353.89201565
8336,9355.84512924
8337,9357.79814265
8338,9359.75104143
8339,9361.7038484
8340,9363.65654913
8341,9365.60914956
8342,9367.56163525
8343,9369.51402604
8344,9371.46631644
8345,9373.41849201
8346,9375.37057261
8347,9377.32255274
8348,9379.27442939
8349,9381.2261881
8350,9383.1778577
8351,9385.12942373
8352,9387.0808832
8353,9389.03223057
8354,9390.98348574
8355,9392.93463426
8356,9394.8856706
8357,9396.83661466
8358,9398.78745199
8359,9400.73818851
8360,9402.68880975
8361,9404.63933563
8362,9406.58976062
8363,9408.54008172
8364,9410.49028444
8365,9412.44039766
8366,9414.39040691
8367,9416.34029769
8368,9418.29009888
8369,9420.23979602
8370,9422.18938907
8371,9424.13886354
8372,9426.08824833
8373,9428.03752895
8374,9429.9866909
8375,9431.93576309
8376,9433.88473103
8377,9435.83359171
8378,9437.78233957
8379,9439.73099458
8380,9441.67954225
8381,9443.62798852
8382,9445.57631887
8383,9447.52455329
8384,9449.47268622
8385,9451.42070315
8386,9453.36862408
8387,9455.31644344
8388,9457.26415821
8389,9459.21175389
8390,9461.15925943
8391,9463.10666031
8392,9465.053942
8393,9467.00113347
8394,9468.94822021
8395,9470.89519919
8396,9472.84206484
8397,9474.78883719
8398,9476.73550171
8399,9478.68206433
8400,9480.62851052
8401,9482.57486034
8402,9484.52110817
8403,9486.46723949
8404,9488.41327733
8405,9490.35920716
8406,9492.30503491
8407,9494.25074602
8408,9496.19636057
8409,9498.14187297
8410,9500.08726865
8411,9502.03256769
8412,9503.9777645
8413,9505.92285606
8414,9507.8678278
8415,9509.81270878
8416,9511.75748443
8417,9513.70215174
8418,9515.64670509
8419,9517.5911646
8420,9519.53551568
8421,9521.47975272
8422,9523.42389584
8423,9525.36793047
8424,9527.31186253
8425,9529.25567746
8426,9531.19939538
8427,9533.14301067
8428,9535.08652031
8429,9537.02990971
8430,9538.97320798
8431,9540.91640053
8432,9542.85947276
8433,9544.80245377
8434,9546.74532899
8435,9548.6880954
8436,9550.63074733
8437,9552.57330499
8438,9554.51575673
8439,9556.45808796
8440,9558.40032781
8441,9560.34246167
8442,9562.28448655
8443,9564.22639676
8444,9566.16821251
8445,9568.10991919
8446,9570.05152274
8447,9571.99300853
8448,9573.93439679
8449,9575.87568184
8450,9577.81684905
8451,9579.75791865
8452,9581.69888496
8453,9583.63974498
8454,9585.58048407
8455,9587.52113142
8456,9589.46167239
8457,9591.40209235
8458,9593.3424205
8459,9595.2826422
8460,9597.22275445
8461,9599.16275153
8462,9601.10265372
8463,9603.04244638
8464,9604.98213545
8465,9606.92170626
8466,9608.86117911
8467,9610.80054828
8468,9612.73979912
8469,9614.67895193
8470,9616.61800098
8471,9618.55694328
8472,9620.49576714
8473,9622.43449286
8474,9624.37311474
8475,9626.31161809
8476,9628.25002324
8477,9630.18832446
8478,9632.12651875
8479,9634.06459142
8480,9636.00257176
8481,9637.9404451
8482,9639.87820841
8483,9641.81585597
8484,9643.75340812
8485,9645.69085017
8486,9647.62817639
8487,9649.56540713
8488,9651.5025277
8489,9653.43954404
8490,9655.37644145
8491,9657.31324031
8492,9659.24993487
8493,9661.18652211
8494,9663.12298734
8495,9665.05935988
8496,9666.99562503
8497,9668.9317681
8498,9670.8678184
8499,9672.80376125
8500,9674.73959362
8501,9676.67530976
8502,9678.61093007
8503,9680.54643984
8504,9682.48183329
8505,9684.41713084
8506,9686.35232076
8507,9688.28740003
8508,9690.22236288
8509,9692.15722974
8510,9694.09198588
8511,9696.02663725
8512,9697.96116911
8513,9699.8956019
8514,9701.82992984
8515,9703.76413819
8516,9705.69824741
8517,9707.6322517
8518,9709.56614806
8519,9711.49992174
8520,9713.43360217
8521,9715.36717459
8522,9717.30062425
8523,9719.23398059
8524,9721.16722884
8525,9723.10036602
8526,9725.03338629
8527,9726.96631016
8528,9728.89912288
8529,9730.83183038
8530,9732.7644179
8531,9734.69690594
8532,9736.62928869
8533,9738.56155138
8534,9740.49371453
8535,9742.42577231
8536,9744.35772172
8537,9746.28954799
8538,9748.22128059
8539,9750.15290475
8540,9752.08440867
8541,9754.01581288
8542,9755.94711157
8543,9757.87830171
8544,9759.80936853
8545,9761.74034152
8546,9763.6712059
8547,9765.60195867
8548,9767.53259397
8549,9769.46313237
8550,9771.39355908
8551,9773.32386825
8552,9775.25408046
8553,9777.18418091
8554,9779.11417553
8555,9781.04404953
8556,9782.9738235
8557,9784.90349157
8558,9786.83305075
8559,9788.76248621
8560,9790.69182752
8561,9792.62105985
8562,9794.5501684
8563,9796.47918272
8564,9798.40808801
8565,9800.33688125
8566,9802.26555656
8567,9804.19413457
8568,9806.12260048
8569,9808.05094837
8570,9809.97919891
8571,9811.90733727
8572,9813.83536937
8573,9815.76328039
8574,9817.69109396
8575,9819.61879525
8576,9821.5463902
8577,9823.47386397
8578,9825.40123721
8579,9827.32850405
8580,9829.25564962
8581,9831.18269462
8582,9833.10963313
8583,9835.03646215
8584,9836.96316683
8585,9838.88977681
8586,9840.81627723
8587,9842.74265323
8588,9844.66893447
8589,9846.59510607
8590,9848.52116505
8591,9850.44710547
8592,9852.37294805
8593,9854.29867793
8594,9856.22430105
8595,9858.14980254
8596,9860.07520312
8597,9862.00049687
8598,9863.92566891
8599,9865.85073998
8600,9867.77570415
8601,9869.70055842
8602,9871.6252879
8603,9873.54992228
8604,9875.47444669
8605,9877.39886111
8606,9879.32315064
8607,9881.24734499
8608,9883.17142928
8609,9885.0953886
8610,9887.01925269
8611,9888.94300664
8612,9890.86664745
8613,9892.79016916
8614,9894.71359257
8615,9896.63690278
8616,9898.56009381
8617,9900.48318647
8618,9902.40616586
8619,9904.32903792
8620,9906.25178772
8621,9908.17443609
8622,9910.09697706
8623,9912.01940762
8624,9913.94171285
8625,9915.86392252
8626,9917.78602173
8627,9919.70799553
8628,9921.62987371
8629,9923.55164135
8630,9925.47329545
8631,9927.39483
8632,9929.31626588
8633,9931.23758814
8634,9933.1587908
8635,9935.07989471
8636,9937.00088494
8637,9938.92176743
8638,9940.84252723
8639,9942.76318821
8640,9944.68373542
8641,9946.60417479
8642,9948.52449138
8643,9950.44470609
8644,9952.3648129
8645,9954.28479685
8646,9956.20467885
8647,9958.12445289
8648,9960.04411596
8649,9961.96365309
8650,9963.88309416
8651,9965.8024242
8652,9967.72162823
8653,9969.64073613
8654,9971.55973292
8655,9973.47861562
8656,9975.39737818
8657,9977.31604155
8658,9979.23459074
8659,9981.15303171
8660,9983.07134947
8661,9984.98956497
8662,9986.90767217
8663,9988.82565609
8664,9990.74353769
8665,9992.66131094
8666,9994.57897282
8667,9996.49650834
8668,9998.41394742
8669,10000.33127508
8670,10002.2484883
8671,10004.16558104
8672,10006.08257427
8673,10007.99945599
8674,10009.91621119
8675,10011.83286981
8676,10013.74941685
8677,10015.66584931
8678,10017.58216111
8679,10019.49837327
8680,10021.41447079
8681,10023.33044758
8682,10025.24632467
8683,10027.16208705
8684,10029.07774066
8685,10030.99327047
8686,10032.90869752
8687,10034.82401573
8688,10036.7392221
8689,10038.6543016
8690,10040.56928423
8691,10042.48415495
8692,10044.39889873
8693,10046.31354557
8694,10048.22808045
8695,10050.14250036
8696,10052.05679919
8697,10053.97099803
8698,10055.88508183
8699,10057.7990445
8700,10059.71290711
8701,10061.62665462
8702,10063.54029297
8703,10065.45380711
8704,10067.36721814
8705,10069.28051995
8706,10071.19370953
8707,10073.1067748
8708,10075.01973689
8709,10076.93258967
8710,10078.84531807
8711,10080.75794323
8712,10082.67045902
8713,10084.58286244
8714,10086.49513841
8715,10088.40731702
8716,10090.31938319
8717,10092.23132185
8718,10094.14316308
8719,10096.05489182
8720,10097.96650506
8721,10099.87799666
8722,10101.78938777
8723,10103.70066333
8724,10105.61182926
8725,10107.52287048
8726,10109.43380816
8727,10111.34463616
8728,10113.25533938
8729,10115.165939
8730,10117.07642888
8731,10118.986806
8732,10120.89705528
8733,10122.80720685
8734,10124.7172456
8735,10126.62716855
8736,10128.53696951
8737,10130.44666971
8738,10132.35625404
8739,10134.26571632
8740,10136.17507778
8741,10138.08432628
8742,10139.99345882
8743,10141.90246923
8744,10143.81137874
8745,10145.72017224
8746,10147.62884353
8747,10149.53741387
8748,10151.44586813
8749,10153.35421225
8750,10155.26243109
8751,10157.17054593
8752,10159.07855057
8753,10160.98644201
8754,10162.89420511
8755,10164.80187008
8756,10166.70942179
8757,10168.6168451
8758,10170.52417023
8759,10172.43138203
8760,10174.33847751
8761,10176.24545046
8762,10178.15232217
8763,10180.0590775
8764,10181.96571023
8765,10183.87224167
8766,10185.77865666
8767,10187.68496115
8768,10189.59113998
8769,10191.49721446
8770,10193.40317837
8771,10195.30902873
8772,10197.21475034
8773,10199.1203735
8774,10201.02588304
8775,10202.93126676
8776,10204.836546
8777,10206.74171454
8778,10208.64676937
8779,10210.55169532
8780,10212.45652268
8781,10214.36123628
8782,10216.26582093
8783,10218.17030694
8784,10220.07467912
8785,10221.97893448
8786,10223.88306677
8787,10225.78709736
8788,10227.69101107
8789,10229.59481383
8790,10231.49849045
8791,10233.40206233
8792,10235.3055232
8793,10237.20885787
8794,10239.11208774
8795,10241.01520654
8796,10242.91821128
8797,10244.82108676
8798,10246.72386332
8799,10248.62652576
8800,10250.52907108
8801,10252.43149301
8802,10254.33381297
8803,10256.23601575
8804,10258.13809507
8805,10260.04007238
8806,10261.94193542
8807,10263.84368122
8808,10265.74530346
8809,10267.64682362
8810,10269.54822646
8811,10271.4495057
8812,10273.35068279
8813,10275.25174251
8814,10277.1526908
8815,10279.05351241
8816,10280.95422884
8817,10282.85483377
8818,10284.75532421
8819,10286.65568492
8820,10288.55594632
8821,10290.45609317
8822,10292.35611023
8823,10294.25602793
8824,10296.15583103
8825,10298.05551652
8826,10299.95507809
8827,10301.85453725
8828,10303.75387875
8829,10305.65309626
8830,10307.55221132
8831,10309.45120866
8832,10311.35009422
8833,10313.24885273
8834,10315.14750573
8835,10317.0460469
8836,10318.94447323
8837,10320.84276946
8838,10322.74096606
8839,10324.63904778
8840,10326.5370023
8841,10328.43485119
8842,10330.33258811
8843,10332.23021007
8844,10334.12770177
8845,10336.02509373
8846,10337.92237067
8847,10339.8195173
8848,10341.71656413
8849,10343.61349588
8850,10345.51030956
8851,10347.4069988
8852,10349.30358519
8853,10351.20005346
8854,10353.09640953
8855,10354.99263809
8856,10356.88876078
8857,10358.78477121
8858,10360.68065408
8859,10362.57643102
8860,10364.47209564
8861,10366.36764497
8862,10368.26306367
8863,10370.15838233
8864,10372.05358562
8865,10373.94867056
8866,10375.84363075
8867,10377.73848785
8868,10379.63322654
8869,10381.52784043
8870,10383.42235117
8871,10385.31674344
8872,10387.21102318
8873,10389.10517506
8874,10390.99922373
8875,10392.89315385
8876,10394.78695903
8877,10396.68066095
8878,10398.57424428
8879,10400.46771494
8880,10402.3610576
8881,10404.25429396
8882,10406.1474176
8883,10408.04042553
8884,10409.9333024
8885,10411.82607886
8886,10413.71873955
8887,10415.61126912
8888,10417.50369822
8889,10419.3960115
8890,10421.28820597
8891,10423.1802752
8892,10425.07224091
8893,10426.96408776
8894,10428.8558093
8895,10430.74742729
8896,10432.63892635
8897,10434.53031242
8898,10436.42157013
8899,10438.31272124
8900,10440.20375932
8901,10442.09468135
8902,10443.98547197
8903,10445.87616188
8904,10447.76673569
8905,10449.65717803
8906,10451.54751962
8907,10453.43774505
8908,10455.32785433
8909,10457.21783205
8910,10459.10770895
8911,10460.99746963
8912,10462.8870987
8913,10464.7766269
8914,10466.66603883
8915,10468.55533149
8916,10470.44449842
8917,10472.33356144
8918,10474.22250513
8919,10476.11133545
8920,10478.00003698
8921,10479.88863155
8922,10481.77711269
8923,10483.66546498
8924,10485.55371027
8925,10487.44184207
8926,10489.32985739
8927,10491.21774081
8928,10493.10552311
8929,10494.99318888
8930,10496.88073513
8931,10498.76815535
8932,10500.65547141
8933,10502.5426679
8934,10504.4297383
8935,10506.3167045
8936,10508.20355107
8937,10510.09028394
8938,10511.97688768
8939,10513.86338417
8940,10515.74976692
8941,10517.63602047
8942,10519.52216972
8943,10521.4081992
8944,10523.29411487
8945,10525.17990128
8946,10527.06558033
8947,10528.95114551
8948,10530.83659383
8949,10532.72190983
8950,10534.60712436
8951,10536.49222198
8952,10538.37718723
8953,10540.26205097
8954,10542.14679774
8955,10544.03142455
8956,10545.91592486
8957,10547.80032063
8958,10549.68459638
8959,10551.56874558
8960,10553.45279019
8961,10555.33671473
8962,10557.22052515
8963,10559.10420596
8964,10560.98777914
8965,10562.87123815
8966,10564.75457998
8967,10566.63778915
8968,10568.52089659
8969,10570.4038868
8970,10572.2867443
8971,10574.16950002
8972,10576.05213846
8973,10577.93465664
8974,10579.81704798
8975,10581.6993345
8976,10583.58150368
8977,10585.46354002
8978,10587.34547447
8979,10589.22729153
8980,10591.1089882
8981,10592.99055791
8982,10594.87202269
8983,10596.75336704
8984,10598.63459689
8985,10600.51569673
8986,10602.3966886
8987,10604.27756592
8988,10606.15831318
8989,10608.03895243
8990,10609.91947708
8991,10611.79988414
8992,10613.68015808
8993,10615.56032991
8994,10617.44038409
8995,10619.32031764
8996,10621.20012396
8997,10623.07982512
8998,10624.9594056
8999,10626.83885879
9000,10628.71820678
9001,10630.59743404
9002,10632.4765465
9003,10634.35552862
9004,10636.23440251
9005,10638.11316156
9006,10639.99179021
9007,10641.87031058
9008,10643.74871606
9009,10645.62700365
9010,10647.50516078
9011,10649.38320957
9012,10651.2611434
9013,10653.13895928
9014,10655.01664165
9015,10656.89422157
9016,10658.7716835
9017,10660.64901185
9018,10662.52623772
9019,10664.40334554
9020,10666.28033232
9021,10668.15719142
9022,10670.03394499
9023,10671.91057748
9024,10673.78708222
9025,10675.6634814
9026,10677.53975945
9027,10679.41592229
9028,10681.29195434
9029,10683.1678778
9030,10685.04368601
9031,10686.91937597
9032,10688.79493211
9033,10690.67038553
9034,10692.54572067
9035,10694.42092193
9036,10696.29602044
9037,10698.17100061
9038,10700.04585945
9039,10701.92059029
9040,10703.79521535
9041,10705.669722
9042,10707.54409466
9043,10709.41836446
9044,10711.29251582
9045,10713.16654573
9046,10715.04044752
9047,10716.91424343
9048,10718.78791785
9049,10720.66147672
9050,10722.53490443
9051,10724.40822322
9052,10726.28142641
9053,10728.15449838
9054,10730.02746139
9055,10731.90030876
9056,10733.77303749
9057,10735.64563196
9058,10737.51812337
9059,10739.39049609
9060,10741.26274714
9061,10743.1348698
9062,10745.00688638
9063,10746.87878123
9064,10748.75054765
9065,10750.62220793
9066,10752.49374645
9067,10754.36516913
9068,10756.23646034
9069,10758.10764238
9070,10759.97870854
9071,10761.84964318
9072,10763.72046861
9073,10765.59117811
9074,10767.46176869
9075,10769.33222768
9076,10771.20257741
9077,10773.07281116
9078,10774.94292592
9079,10776.81290605
9080,10778.68278281
9081,10780.55254054
9082,10782.42216359
9083,10784.29168323
9084,10786.1610838
9085,10788.03036231
9086,10789.89951202
9087,10791.76855529
9088,10793.63747645
9089,10795.50626876
9090,10797.37495459
9091,10799.24351827
9092,10801.11196574
9093,10802.98028131
9094,10804.84848737
9095,10806.71657717
9096,10808.58454771
9097,10810.45238332
9098,10812.32011532
9099,10814.18772803
9100,10816.05520574
9101,10817.9225798
9102,10819.78983452
9103,10821.65696692
9104,10823.5239702
9105,10825.39086681
9106,10827.25764104
9107,10829.12428612
9108,10830.99082447
9109,10832.85724338
9110,10834.72353986
9111,10836.58970712
9112,10838.4557676
9113,10840.32170561
9114,10842.18752707
9115,10844.05321626
9116,10845.91879566
9117,10847.78425847
9118,10849.64958897
9119,10851.51480963
9120,10853.37991366
9121,10855.24489806
9122,10857.10974712
9123,10858.97449223
9124,10860.83911768
9125,10862.70362047
9126,10864.56799379
9127,10866.43226014
9128,10868.2964038
9129,10870.16041794
9130,10872.02432507
9131,10873.88810946
9132,10875.75177704
9133,10877.61531207
9134,10879.47873706
9135,10881.3420452
9136,10883.20522074
9137,10885.71562461
9138,10888.22592193
9139,10890.73613521
9140,10893.24623592
9141,10895.75625551
9142,10898.26616542
9143,10900.77598821
9144,10903.28570422
9145,10905.79533601
9146,10908.30485502
9147,10910.81429272
9148,10913.32362053
9149,10915.83286103
9150,10918.34199454
9151,10920.85104365
9152,10923.35997977
9153,10925.86883438
9154,10928.3775789
9155,10930.88623592
9156,10933.39478575
9157,10935.90325098
9158,10938.41160301
9159,10940.91986054
9160,10943.42803339
9161,10945.93609293
9162,10948.44407069
9163,10950.95193804
9164,10953.45971762
9165,10955.96738968
9166,10958.47497688
9167,10960.98245055
9168,10963.48984227
9169,10965.99712337
9170,10968.5043165
9171,10971.01140192
9172,10973.51840228
9173,10976.02528892
9174,10978.53209341
9175,10981.0387841
9176,10983.54539259
9177,10986.05189018
9178,10988.55829956
9179,10991.06460095
9180,10993.57081704
9181,10996.07691912
9182,10998.58293882
9183,11001.08884742
9184,11003.59465475
9185,11006.10037962
9186,11008.60599327
9187,11011.11151845
9188,11013.61693531
9189,11016.12226661
9190,11018.62748359
9191,11021.13261792
9192,11023.63764082
9193,11026.14257507
9194,11028.6474008
9195,11031.15214078
9196,11033.65676623
9197,11036.16130885
9198,11038.66573985
9199,11041.170082
9200,11043.67431544
9201,11046.17846294
9202,11048.68249571
9203,11051.18644547
9204,11053.6902834
9205,11056.19403231
9206,11058.69767229
9207,11061.20122616
9208,11063.70466509
9209,11066.20800791
9210,11068.71126454
9211,11071.21440612
9212,11073.71746442
9213,11076.22041058
9214,11078.72326746
9215,11081.2260151
9216,11083.72867637
9217,11086.23122239
9218,11088.73368495
9219,11091.23603516
9220,11093.73829592
9221,11096.24044723
9222,11098.74250903
9223,11101.24446131
9224,11103.74632699
9225,11106.24807715
9226,11108.74974361
9227,11111.25129746
9228,11113.75276161
9229,11116.25411604
9230,11118.7553837
9231,11121.25653563
9232,11123.75760369
9233,11126.25855893
9234,11128.75941132
9235,11131.26017976
9236,11133.76083527
9237,11136.26140082
9238,11138.76185636
9239,11141.26222485
9240,11143.76247731
9241,11146.26264564
9242,11148.76270085
9243,11151.26266593
9244,11153.76252078
9245,11156.26228842
9246,11158.76193983
9247,11161.26150693
9248,11163.76096071
9249,11166.26032418
9250,11168.75957723
9251,11171.25874288
9252,11173.75779211
9253,11176.25675686
9254,11178.75560808
9255,11181.25436882
9256,11183.75301895
9257,11186.2515815
9258,11188.75002743
9259,11191.24837567
9260,11193.74663625
9261,11196.24478011
9262,11198.74283922
9263,11201.24078452
9264,11203.73863907
9265,11206.2363827
9266,11208.73403554
9267,11211.23157739
9268,11213.72903136
9269,11216.22636834
9270,11218.72362035
9271,11221.22075827
9272,11223.71780522
9273,11226.21474099
9274,11228.7115887
9275,11231.20831923
9276,11233.70496461
9277,11236.20149571
9278,11238.69793566
9279,11241.19426424
9280,11243.6905046
9281,11246.18662756
9282,11248.68266521
9283,11251.17858838
9284,11253.67440715
9285,11256.17014053
9286,11258.66575932
9287,11261.16128672
9288,11263.65670245
9289,11266.15202969
9290,11268.64723925
9291,11271.14236325
9292,11273.63737247
9293,11276.13229013
9294,11278.62709591
9295,11281.12181305
9296,11283.61641231
9297,11286.11092583
9298,11288.60532438
9299,11291.0996312
9300,11293.59382596
9301,11296.08793189
9302,11298.58191975
9303,11301.07582172
9304,11303.56960851
9305,11306.0633034
9306,11308.55688604
9307,11311.05036654
9308,11313.54375507
9309,11316.03703123
9310,11318.53021536
9311,11321.02328706
9312,11323.51626964
9313,11326.00913379
9314,11328.50191174
9315,11330.99457416
9316,11333.48714437
9317,11335.97960197
9318,11338.47197028
9319,11340.96421997
9320,11343.45638328
9321,11345.94843088
9322,11348.4403861
9323,11350.93222852
9324,11353.42398148
9325,11355.91561562
9326,11358.40716323
9327,11360.89859493
9328,11363.38993409
9329,11365.88116025
9330,11368.3722968
9331,11370.86331433
9332,11373.35423196
9333,11375.84505989
9334,11378.33576872
9335,11380.82639076
9336,11383.31689661
9337,11385.80730967
9338,11388.29760944
9339,11390.78781935
9340,11393.27790996
9341,11395.76791363
9342,11398.25780091
9343,11400.74759524
9344,11403.23727609
9345,11405.72686692
9346,11408.21633826
9347,11410.70572249
9348,11413.19499014
9349,11415.68416468
9350,11418.17322555
9351,11420.66219624
9352,11423.15104724
9353,11425.63981098
9354,11428.12845795
9355,11430.61701164
9356,11433.10545148
9357,11435.59378474
9358,11438.08203059
9359,11440.57015952
9360,11443.05819503
9361,11445.54611654
9362,11448.03394755
9363,11450.52165855
9364,11453.00928198
9365,11455.49678829
9366,11457.98420104
9367,11460.47149959
9368,11462.95870748
9369,11465.44579517
9370,11467.93279512
9371,11470.41967778
9372,11472.90646671
9373,11475.39314126
9374,11477.87972499
9375,11480.36618832
9376,11482.85256377
9377,11485.33882173
9378,11487.8249858
9379,11490.3110353
9380,11492.79699382
9381,11495.28283177
9382,11497.76856836
9383,11500.25421389
9384,11502.73973875
9385,11505.22517548
9386,11507.71049445
9387,11510.19571929
9388,11512.68082928
9389,11515.16584805
9390,11517.65074597
9391,11520.1355556
9392,11522.62024728
9393,11525.10484468
9394,11527.58932704
9395,11530.07371803
9396,11532.55798798
9397,11535.04216947
9398,11537.52623284
9399,11540.01020177
9400,11542.49405547
9401,11544.97781467
9402,11547.4614586
9403,11549.94501094
9404,11552.428442
9405,11554.9117844
9406,11557.39500842
9407,11559.87812443
9408,11562.3611517
9409,11564.8440605
9410,11567.32687456
9411,11569.80957308
9412,11572.29217977
9413,11574.77466491
9414,11577.25706116
9415,11579.73933875
9416,11582.22152145
9417,11584.70358842
9418,11587.18556342
9419,11589.66741668
9420,11592.14918088
9421,11594.63082625
9422,11597.11237658
9423,11599.59381099
9424,11602.07515328
9425,11604.55637364
9426,11607.0375048
9427,11609.51851694
9428,11611.99943389
9429,11614.48023473
9430,11616.9609433
9431,11619.44152976
9432,11621.92201344
9433,11624.40240477
9434,11626.8826739
9435,11629.3628536
9436,11631.84291401
9437,11634.322879
9438,11636.80272761
9439,11639.28248371
9440,11641.76211744
9441,11644.24166158
9442,11646.72108626
9443,11649.20041535
9444,11651.67962789
9445,11654.1587448
9446,11656.6377451
9447,11659.11665268
9448,11661.59543765
9449,11664.07413283
9450,11666.55270831
9451,11669.031188
9452,11671.5095509
9453,11673.98782093
9454,11676.46596818
9455,11678.94401201
9456,11681.4219629
9457,11683.89979091
9458,11686.37752889
9459,11688.85514691
9460,11691.33266892
9461,11693.81007387
9462,11696.28738573
9463,11698.76457453
9464,11701.24167315
9465,11703.71865164
9466,11706.19553395
9467,11708.67229904
9468,11711.14897088
9469,11713.62551949
9470,11716.10197777
9471,11718.57831574
9472,11721.05455738
9473,11723.53068162
9474,11726.00671247
9475,11728.48261991
9476,11730.95843687
9477,11733.43413333
9478,11735.90973333
9479,11738.38521575
9480,11740.8605911
9481,11743.33586991
9482,11745.81103105
9483,11748.28609857
9484,11750.76104242
9485,11753.23589557
9486,11755.71062796
9487,11758.18526366
9488,11760.65978152
9489,11763.13420561
9490,11765.60850585
9491,11768.08271525
9492,11770.55680075
9493,11773.03079534
9494,11775.50466895
9495,11777.97844567
9496,11780.45210432
9497,11782.92566899
9498,11785.39910959
9499,11787.87245915
9500,11790.34568754
9501,11792.8188189
9502,11795.29183201
9503,11797.76475101
9504,11800.23754576
9505,11802.71023574
9506,11805.18283153
9507,11807.65530299
9508,11810.12768318
9509,11812.59994195
9510,11815.07210347
9511,11817.54414648
9512,11820.01609515
9513,11822.48791932
9514,11824.95965208
9515,11827.43126324
9516,11829.90277701
9517,11832.37417209
9518,11834.84547269
9519,11837.31664862
9520,11839.78773299
9521,11842.25869559
9522,11844.72956065
9523,11847.20030685
9524,11849.67095844
9525,11852.14148517
9526,11854.6119202
9527,11857.0822333
9528,11859.5524487
9529,11862.02254509
9530,11864.49253307
9531,11866.9624233
9532,11869.43219441
9533,11871.90187069
9534,11874.37142186
9535,11876.84088112
9536,11879.31021521
9537,11881.77945734
9538,11884.24857722
9539,11886.71759915
9540,11889.18650174
9541,11891.65530931
9542,11894.12399154
9543,11896.59258167
9544,11899.06104937
9545,11901.52941899
9546,11903.99766909
9547,11906.46582403
9548,11908.93385347
9549,11911.40179065
9550,11913.86960525
9551,11916.33732162
9552,11918.80491831
9553,11921.27241968
9554,11923.73979539
9555,11926.20706503
9556,11928.67423927
9557,11931.14128777
9558,11933.6082438
9559,11936.075077
9560,11938.54181175
9561,11941.00842657
9562,11943.47494587
9563,11945.94133924
9564,11948.40764002
9565,11950.87381779
9566,11953.33989697
9567,11955.80585606
9568,11958.27171948
9569,11960.73745682
9570,11963.20310141
9571,11965.66862283
9572,11968.13404553
9573,11970.59934796
9574,11973.06455459
9575,11975.52963497
9576,11977.99462247
9577,11980.45948662
9578,11982.92423818
9579,11985.38889678
9580,11987.85342899
9581,11990.3178682
9582,11992.78218394
9583,11995.24640069
9584,11997.71049689
9585,12000.17449702
9586,12002.6383706
9587,12005.10215103
9588,12007.56580783
9589,12010.02936551
9590,12012.49280246
9591,12014.95614321
9592,12017.41935725
9593,12019.882478
9594,12022.34547496
9595,12024.80837265
9596,12027.27114946
9597,12029.73382992
9598,12032.19638351
9599,12034.65884368
9600,12037.12117989
9601,12039.58341669
9602,12042.04553245
9603,12044.50753794
9604,12046.96944396
9605,12049.43122885
9606,12051.8929172
9607,12054.35447842
9608,12056.81594602
9609,12059.27728942
9610,12061.73853321
9611,12064.1996557
9612,12066.66068151
9613,12069.12158004
9614,12071.58238481
9615,12074.04306521
9616,12076.50364586
9617,12078.96410507
9618,12081.42446745
9619,12083.88470239
9620,12086.34484343
9621,12088.80485995
9622,12091.26477658
9623,12093.7245716
9624,12096.18426967
9625,12098.64384013
9626,12101.10331656
9627,12103.56266533
9628,12106.02190618
9629,12108.48104997
9630,12110.94006602
9631,12113.39898793
9632,12115.85778502
9633,12118.31648198
9634,12120.77505703
9635,12123.23353488
9636,12125.69188483
9637,12128.1501405
9638,12130.60827119
9639,12133.06630162
9640,12135.52420998
9641,12137.98202102
9642,12140.43970399
9643,12142.89729255
9644,12145.35475596
9645,12147.81211899
9646,12150.26935979
9647,12152.72650312
9648,12155.18351824
9649,12157.64043881
9650,12160.09723408
9651,12162.55392883
9652,12165.01050119
9653,12167.46696206
9654,12169.92332234
9655,12172.37956016
9656,12174.83570031
9657,12177.291712
9658,12179.74762896
9659,12182.20342037
9660,12184.65911107
9661,12187.11467914
9662,12189.57014942
9663,12192.02549109
9664,12194.48073788
9665,12196.93585898
9666,12199.39087922
9667,12201.84577669
9668,12204.30057623
9669,12206.755247
9670,12209.20982277
9671,12211.66426972
9672,12214.11862162
9673,12216.57284761
9674,12219.02697259
9675,12221.48097457
9676,12223.93487845
9677,12226.38865336
9678,12228.84231914
9679,12231.29588676
9680,12233.74932532
9681,12236.20266865
9682,12238.65588583
9683,12241.1090018
9684,12243.56199454
9685,12246.01488899
9686,12248.46765423
9687,12250.9203241
9688,12253.37286768
9689,12255.82530991
9690,12258.27762876
9691,12260.72984919
9692,12263.18194025
9693,12265.63393582
9694,12268.08580494
9695,12270.53757258
9696,12272.9892167
9697,12275.44076226
9698,12277.8921783
9699,12280.34349871
9700,12282.79469253
9701,12285.24578474
9702,12287.69675327
9703,12290.14760912
9704,12292.59836329
9705,12295.04899371
9706,12297.49952538
9707,12299.94992731
9708,12302.40023342
9709,12304.8504127
9710,12307.30049018
9711,12309.75044376
9712,12312.20029846
9713,12314.65002326
9714,12317.09965211
9715,12319.54915102
9716,12321.99855394
9717,12324.44782983
9718,12326.89700375
9719,12329.34605356
9720,12331.79500433
9721,12334.24382499
9722,12336.69254955
9723,12339.14114692
9724,12341.5896422
9725,12344.03801321
9726,12346.48627101
9727,12348.93442666
9728,12351.38245796
9729,12353.83039004
9730,12356.27819179
9731,12358.72589724
9732,12361.17347528
9733,12363.62095104
9734,12366.06830231
9735,12368.51555422
9736,12370.96267566
9737,12373.40970068
9738,12375.85659813
9739,12378.30339318
9740,12380.75006359
9741,12383.19663452
9742,12385.64307483
9743,12388.08941858
9744,12390.53563463
9745,12392.98174815
9746,12395.42773687
9747,12397.873626
9748,12400.31938435
9749,12402.76504603
9750,12405.21057985
9751,12407.65599692
9752,12410.10131725
9753,12412.54650965
9754,12414.99159934
9755,12417.43656402
9756,12419.88142891
9757,12422.3261628
9758,12424.77079983
9759,12427.21530878
9760,12429.6597149
9761,12432.10399586
9762,12434.54817395
9763,12436.99222682
9764,12439.43617974
9765,12441.88000147
9766,12444.32372618
9767,12446.76732261
9768,12449.21081604
9769,12451.65418412
9770,12454.09745212
9771,12456.54058879
9772,12458.98362831
9773,12461.42653941
9774,12463.86934739
9775,12466.31202987
9776,12468.754598
9777,12471.19706295
9778,12473.63940232
9779,12476.08164145
9780,12478.52374901
9781,12480.96575925
9782,12483.40764084
9783,12485.84941914
9784,12488.29107171
9785,12490.73262392
9786,12493.17404441
9787,12495.61536746
9788,12498.05656173
9789,12500.49765257
9790,12502.93861755
9791,12505.37948203
9792,12507.82021467
9793,12510.26084974
9794,12512.70135587
9795,12515.14175847
9796,12517.58203506
9797,12520.02221104
9798,12522.46225502
9799,12524.90220131
9800,12527.34201853
9801,12529.78171789
9802,12532.2213195
9803,12534.66079197
9804,12537.10016072
9805,12539.53940323
9806,12541.978542
9807,12544.41755449
9808,12546.85646614
9809,12549.29524555
9810,12551.73392704
9811,12554.1724792
9812,12556.61092749
9813,12559.04924936
9814,12561.48747028
9815,12563.9255588
9816,12566.3635493
9817,12568.80141032
9818,12571.23916735
9819,12573.67679782
9820,12576.11432722
9821,12578.55172408
9822,12580.9890228
9823,12583.4261919
9824,12585.8632569
9825,12588.30019518
9826,12590.73701803
9827,12593.17373672
9828,12595.61032862
9829,12598.04681929
9830,12600.48317721
9831,12602.91943681
9832,12605.35556658
9833,12607.79159206
9834,12610.22749063
9835,12612.66328784
9836,12615.09895216
9837,12617.53451806
9838,12619.96995397
9839,12622.40528549
9840,12624.84048995
9841,12627.27559294
9842,12629.7105629
9843,12632.14543431
9844,12634.5801756
9845,12637.01481239
9846,12639.44932198
9847,12641.88372998
9848,12644.3180048
9849,12646.75218097
9850,12649.18622689
9851,12651.62015386
9852,12654.05398212
9853,12656.48767709
9854,12658.92127331
9855,12661.35473915
9856,12663.78810028
9857,12666.22133394
9858,12668.65446582
9859,12671.08746427
9860,12673.52036384
9861,12675.95313291
9862,12678.38579715
9863,12680.81833379
9864,12683.25076852
9865,12685.68306969
9866,12688.11527187
9867,12690.54734341
9868,12692.97931
9869,12695.41114886
9870,12697.8428857
9871,12700.27448883
9872,12702.70599287
9873,12705.13736612
9874,12707.56861996
9875,12709.99977464
9876,12712.43079847
9877,12714.86171719
9878,12717.29250796
9879,12719.72319655
9880,12722.15375123
9881,12724.58420665
9882,12727.01453107
9883,12729.44475027
9884,12731.87484139
9885,12734.30483021
9886,12736.73468499
9887,12739.16444039
9888,12741.59406467
9889,12744.0235836
9890,12746.45297433
9891,12748.88226265
9892,12751.31141678
9893,12753.74047143
9894,12756.16939481
9895,12758.59821274
9896,12761.02690233
9897,12763.45548644
9898,12765.88394215
9899,12768.31228089
9900,12770.7405141
9901,12773.16861884
9902,12775.59662097
9903,12778.02448867
9904,12780.45225668
9905,12782.87989319
9906,12785.30742404
9907,12787.7348263
9908,12790.16212583
9909,12792.5892908
9910,12795.01635598
9911,12797.44328951
9912,12799.87011728
9913,12802.29681632
9914,12804.72341253
9915,12807.14987404
9916,12809.57623565
9917,12812.00246547
9918,12814.42858943
9919,12816.85458453
9920,12819.28047668
9921,12821.70623401
9922,12824.13189132
9923,12826.55741672
9924,12828.98282167
9925,12831.40812656
9926,12833.83329947
9927,12836.25836636
9928,12838.68330418
9929,12841.10813889
9930,12843.53283858
9931,12845.95743809
9932,12848.38190549
9933,12850.80626675
9934,12853.23049882
9935,12855.65462768
9936,12858.07862138
9937,12860.50251479
9938,12862.92627596
9939,12865.34993088
9940,12867.77345648
9941,12870.1968758
9942,12872.62016575
9943,12875.04335235
9944,12877.46640361
9945,12879.88935445
9946,12882.31217286
9947,12884.7348849
9948,12887.15746743
9949,12889.57993198
9950,12892.0022901
9951,12894.42451865
9952,12896.8466437
9953,12899.2686332
9954,12901.69052213
9955,12904.11227843
9956,12906.5339282
9957,12908.95544826
9958,12911.37686472
9959,12913.7981455
9960,12916.2193256
9961,12918.64037295
9962,12921.06131366
9963,12923.48212453
9964,12925.90283169
9965,12928.32340305
9966,12930.74387362
9967,12933.16421131
9968,12935.58444225
9969,12938.00454324
9970,12940.4245404
9971,12942.84440163
9972,12945.26416197
9973,12947.6837893
9974,12950.10329521
9975,12952.52270017
9976,12954.94197206
9977,12957.36113704
9978,12959.78017188
9979,12962.19910273
9980,12964.61789746
9981,12967.03659115
9982,12969.45515163
9983,12971.87360511
9984,12974.2919283
9985,12976.71014741
9986,12979.12823028
9987,12981.546212
9988,12983.96405742
9989,12986.38180166
9990,12988.79941252
9991,12991.21691624
9992,12993.63428952
9993,12996.05155857
9994,12998.4686912
9995,13000.88572255
9996,13003.3026204
9997,13005.71939638
9998,13008.13607103
9999,13010.55261211
10000,13012.96904589
10001,13015.38534903
10002,13017.80154781
10003,13020.21760997
10004,13022.63357069
10005,13025.04939773
10006,13027.46511737
10007,13029.88070624
10008,13032.29619064
10009,13034.7115383
10010,13037.12678442
10011,13039.54189673
10012,13041.95690154
10013,13044.37177546
10014,13046.7865448
10015,13049.20117729
10016,13051.61570813
10017,13054.03010503
10018,13056.44439434
10019,13058.85855262
10020,13061.27260623
10021,13063.68652286
10022,13066.10032308
10023,13068.51401857
10024,13070.92757702
10025,13073.34103367
10026,13075.7543562
10027,13078.16757098
10028,13080.58065455
10029,13082.9936333
10030,13085.40647488
10031,13087.81921457
10032,13090.23181705
10033,13092.6443176
10034,13095.05668386
10035,13097.46894224
10036,13099.88106925
10037,13102.2930913
10038,13104.70497602
10039,13107.11675871
10040,13109.528407
10041,13111.93994729
10042,13114.3513561
10043,13116.76265985
10044,13119.17382615
10045,13121.58489032
10046,13123.99581996
10047,13126.4066268
10048,13128.81733146
10049,13131.22790153
10050,13133.63836346
10051,13136.04869373
10052,13138.45891878
10053,13140.86900621
10054,13143.27899135
10055,13145.68884179
10056,13148.09858399
10057,13150.5081944
10058,13152.9176995
10059,13155.32706685
10060,13157.73633183
10061,13160.14546197
10062,13162.55448378
10063,13164.96337368
10064,13167.37215818
10065,13169.7808048
10066,13172.18934895
10067,13174.59775814
10068,13177.00605892
10069,13179.41422765
10070,13181.82229089
10071,13184.23021613
10072,13186.63802403
10073,13189.0457264
10074,13191.4532907
10075,13193.86075239
10076,13196.26807598
10077,13198.67529693
10078,13201.0823827
10079,13203.48935987
10080,13205.89620478
10081,13208.30294402
10082,13210.70954504
10083,13213.11604332
10084,13215.52240631
10085,13217.9286606
10086,13220.33478251
10087,13222.74079866
10088,13225.14667646
10089,13227.55245144
10090,13229.95809099
10091,13232.36362176
10092,13234.76902003
10093,13237.17431244
10094,13239.5794664
10095,13241.98451742
10096,13244.38943291
10097,13246.7942247
10098,13249.19891351
10099,13251.60346672
10100,13254.00791101
10101,13256.41222262
10102,13258.81642823
10103,13261.2204952
10104,13263.62445911
10105,13266.0282873
10106,13268.43200647
10107,13270.83559284
10108,13273.23907313
10109,13275.64241466
10110,13278.04565303
10111,13280.44875556
10112,13282.85174898
10113,13285.25460949
10114,13287.65736382
10115,13290.05997927
10116,13292.46249147
10117,13294.86486772
10118,13297.26713476
10119,13299.66926877
10120,13302.07129651
10121,13304.47318526
10122,13306.87495579
10123,13309.27661704
10124,13311.67814516
10125,13314.07956692
10126,13316.48084961
10127,13318.88202887
10128,13321.28307196
10129,13323.68400568
10130,13326.08480616
10131,13328.4855002
10132,13330.88605503
10133,13333.28650635
10134,13335.68682139
10135,13338.08702696
10136,13340.48709918
10137,13342.88706485
10138,13345.28689122
10139,13347.68661398
10140,13350.08620034
10141,13352.48567715
10142,13354.88502048
10143,13357.28425719
10144,13359.68335447
10145,13362.08233313
10146,13364.48120512
10147,13366.87993762
10148,13369.27856638
10149,13371.67705857
10150,13374.07544107
10151,13376.47368993
10152,13378.87183202
10153,13381.26983452
10154,13383.66773318
10155,13386.06549516
10156,13388.46314736
10157,13390.8606658
10158,13393.25807739
10159,13395.65534927
10160,13398.05251722
10161,13400.44954838
10162,13402.84646967
10163,13405.24325708
10164,13407.63993756
10165,13410.03647821
10166,13412.43291484
10167,13414.82921162
10168,13417.22540435
10169,13419.62146013
10170,13422.01739096
10171,13424.41321771
10172,13426.80890745
10173,13429.20448716
10174,13431.5999328
10175,13433.99527133
10176,13436.39046982
10177,13438.78556415
10178,13441.18052136
10179,13443.57536845
10180,13445.97008135
10181,13448.36468705
10182,13450.75915262
10183,13453.15351392
10184,13455.54773799
10185,13457.94185187
10186,13460.33583143
10187,13462.72970372
10188,13465.12343575
10189,13467.51706344
10190,13469.91055378
10191,13472.30393384
10192,13474.69717948
10193,13477.09031775
10194,13479.48331566
10195,13481.87619411
10196,13484.26896516
10197,13486.66159578
10198,13489.05412192
10199,13491.44651056
10200,13493.83878878
10201,13496.23093242
10202,13498.62296856
10203,13501.01486417
10204,13503.40665521
10205,13505.79830865
10206,13508.18985157
10207,13510.58125981
10208,13512.97256046
10209,13515.36372047
10210,13517.75477583
10211,13520.14569051
10212,13522.53650051
10213,13524.92717276
10214,13527.31773438
10215,13529.70816116
10216,13532.09848025
10217,13534.48865856
10218,13536.8787321
10219,13539.26866777
10220,13541.65847766
10221,13544.04818275
10222,13546.43774992
10223,13548.82720633
10224,13551.21652775
10225,13553.60574135
10226,13555.99481399
10227,13558.38378175
10228,13560.77261147
10229,13563.16133036
10230,13565.54991415
10231,13567.93839002
10232,13570.32672484
10233,13572.71495469
10234,13575.10304639
10235,13577.49102718
10236,13579.87887276
10237,13582.26661034
10238,13584.65420676
10239,13587.04169812
10240,13589.42905124
10241,13591.81629335
10242,13594.20340014
10243,13596.59039886
10244,13598.97725631
10245,13601.36399349
10246,13603.75062256
10247,13606.13711031
10248,13608.52349287
10249,13610.90973703
10250,13613.29587006
10251,13615.68186761
10252,13618.06775697
10253,13620.45350489
10254,13622.83914754
10255,13625.22465168
10256,13627.61004462
10257,13629.99530197
10258,13632.38044808
10259,13634.76545857
10260,13637.15036075
10261,13639.53512136
10262,13641.91977659
10263,13644.30429317
10264,13646.68869844
10265,13649.07296798
10266,13651.45712912
10267,13653.84114859
10268,13656.22506261
10269,13658.60883786
10270,13660.99248655
10271,13663.37602974
10272,13665.75943412
10273,13668.14272707
10274,13670.52588413
10275,13672.90893268
10276,13675.29183939
10277,13677.67464052
10278,13680.05730274
10279,13682.43985345
10280,13684.82226815
10281,13687.20457428
10282,13689.58673846
10283,13691.96879698
10284,13694.35071648
10285,13696.73252439
10286,13699.1141962
10287,13701.49575934
10288,13703.87718044
10289,13706.2584958
10290,13708.63967204
10291,13711.0207366
10292,13713.40166496
10293,13715.78246935
10294,13718.16316203
10295,13720.54371846
10296,13722.9241661
10297,13725.30447154
10298,13727.68467112
10299,13730.06473143
10300,13732.44467994
10301,13734.8244921
10302,13737.20419243
10303,13739.58375638
10304,13741.96321143
10305,13744.34252415
10306,13746.7217309
10307,13749.10079824
10308,13751.47975369
10309,13753.85857263
10310,13756.23728261
10311,13758.61585015
10312,13760.99431165
10313,13763.37263364
10314,13765.75084365
10315,13768.12891706
10316,13770.50688142
10317,13772.88470325
10318,13775.26240369
10319,13777.63999504
10320,13780.01744381
10321,13782.39478642
10322,13784.77198935
10323,13787.1490802
10324,13789.5260343
10325,13791.90287924
10326,13794.27958148
10327,13796.65617749
10328,13799.03263373
10329,13801.4089778
10330,13803.78518503
10331,13806.16128301
10332,13808.5372382
10333,13810.91308708
10334,13813.28879609
10335,13815.66439286
10336,13818.03985267
10337,13820.41520317
10338,13822.79041078
10339,13825.165512
10340,13827.54047325
10341,13829.91532218
10342,13832.29003406
10343,13834.66462123
10344,13837.03909604
10345,13839.41343376
10346,13841.78766204
10347,13844.16174728
10348,13846.53572602
10349,13848.90956169
10350,13851.28329083
10351,13853.65687982
10352,13856.03035635
10353,13858.40369565
10354,13860.77692541
10355,13863.15001201
10356,13865.522992
10357,13867.89583174
10358,13870.26855895
10359,13872.64114883
10360,13875.0136291
10361,13877.3859661
10362,13879.75819643
10363,13882.1302864
10364,13884.50226377
10365,13886.87410371
10366,13889.24583397
10367,13891.61742086
10368,13893.98888563
10369,13896.36024069
10370,13898.73145233
10371,13901.10255718
10372,13903.47352154
10373,13905.84437318
10374,13908.21508724
10375,13910.58569151
10376,13912.95615226
10377,13915.32650616
10378,13917.69671946
10379,13920.06681997
10380,13922.4367828
10381,13924.80663578
10382,13927.17634514
10383,13929.54594756
10384,13931.9154093
10385,13934.28475817
10386,13936.65396927
10387,13939.02307043
10388,13941.39202789
10389,13943.76087834
10390,13946.129588
10391,13948.49818472
10392,13950.86664358
10393,13953.23497406
10394,13955.60319747
10395,13957.97128002
10396,13960.33924957
10397,13962.70708117
10398,13965.0748027
10399,13967.44238035
10400,13969.80985086
10401,13972.17718041
10402,13974.54439688
10403,13976.91147532
10404,13979.27844361
10405,13981.64526793
10406,13984.01198503
10407,13986.37856108
10408,13988.74502398
10409,13991.11134875
10410,13993.4775633
10411,13995.84363379
10412,13998.20959698
10413,14000.57541903
10414,14002.94112786
10415,14005.30669847
10416,14007.67214333
10417,14010.03747494
10418,14012.40266827
10419,14014.76775129
10420,14017.13269009
10421,14019.4975215
10422,14021.86221161
10423,14024.22678841
10424,14026.59122684
10425,14028.95555488
10426,14031.31973861
10427,14033.68381487
10428,14036.04774975
10429,14038.41157125
10430,14040.77525428
10431,14043.13882684
10432,14045.50225501
10433,14047.86557565
10434,14050.2287548
10435,14052.5918205
10436,14054.95474764
10437,14057.3175613
10438,14059.68023637
10439,14062.04280088
10440,14064.40522087
10441,14066.76751773
10442,14069.12970401
10443,14071.49174571
10444,14073.85367975
10445,14076.21547215
10446,14078.57715096
10447,14080.93869104
10448,14083.30012046
10449,14085.66140523
10450,14088.02258226
10451,14090.38361756
10452,14092.7445392
10453,14095.10532202
10454,14097.46599411
10455,14099.82652146
10456,14102.186941
10457,14104.54721871
10458,14106.90738271
10459,14109.26740779
10460,14111.62732207
10461,14113.98709152
10462,14116.34675309
10463,14118.70627275
10464,14121.06567861
10465,14123.42494548
10466,14125.78408592
10467,14128.14311254
10468,14130.50200012
10469,14132.8607768
10470,14135.2194085
10471,14137.57793223
10472,14139.9363139
10473,14142.29458169
10474,14144.65271033
10475,14147.01072801
10476,14149.36860063
10477,14151.72636521
10478,14154.08398764
10479,14156.44149611
10480,14158.79886535
10481,14161.15612357
10482,14163.51323663
10483,14165.87024158
10484,14168.22710135
10485,14170.58385299
10486,14172.94046237
10487,14175.2969577
10488,14177.65331368
10489,14180.00955854
10490,14182.36565813
10491,14184.72163392
10492,14187.07749856
10493,14189.43321788
10494,14191.78882898
10495,14194.14429768
10496,14196.49965223
10497,14198.8548673
10498,14201.20997116
10499,14203.5649296
10500,14205.91977976
10501,14208.27448742
10502,14210.62908088
10503,14212.98353476
10504,14215.33787737
10505,14217.69207448
10506,14220.04616323
10507,14222.4001094
10508,14224.7539413
10509,14227.10763354
10510,14229.46121444
10511,14231.81464975
10512,14234.16797664
10513,14236.52116087
10514,14238.87423075
10515,14241.22716089
10516,14243.57996397
10517,14245.93265268
10518,14248.2852016
10519,14250.63763907
10520,14252.98993083
10521,14255.34211408
10522,14257.69415452
10523,14260.04608053
10524,14262.39786667
10525,14264.7495413
10526,14267.10107012
10527,14269.45249037
10528,14271.80376478
10529,14274.1549306
10530,14276.5059535
10531,14278.85686188
10532,14281.20763027
10533,14283.55828707
10534,14285.90879795
10535,14288.25920017
10536,14290.60945939
10537,14292.95960403
10538,14295.30960858
10539,14297.65950149
10540,14300.00924839
10541,14302.35887086
10542,14304.70838165
10543,14307.05774639
10544,14309.40700238
10545,14311.75611523
10546,14314.10511342
10547,14316.45397139
10548,14318.80271762
10549,14321.15131771
10550,14323.49980899
10551,14325.84815705
10552,14328.19639037
10553,14330.5444834
10554,14332.89246463
10555,14335.24029963
10556,14337.58802576
10557,14339.93560858
10558,14342.28307661
10559,14344.63040426
10560,14346.97762004
10561,14349.32468952
10562,14351.67165006
10563,14354.01846721
10564,14356.36515376
10565,14358.71173133
10566,14361.05816548
10567,14363.40448475
10568,14365.7506635
10569,14368.0967303
10570,14370.44265066
10571,14372.788462
10572,14375.13412687
10573,14377.4796827
10574,14379.82509498
10575,14382.1703923
10576,14384.515549
10577,14386.86059365
10578,14389.20549177
10579,14391.55028077
10580,14393.89492616
10581,14396.23945651
10582,14398.58384616
10583,14400.92812371
10584,14403.27225464
10585,14405.6162764
10586,14407.96015445
10587,14410.30391741
10588,14412.64753959
10589,14414.99103381
10590,14417.33441291
10591,14419.67765119
10592,14422.02077728
10593,14424.36375662
10594,14426.7066267
10595,14429.04935295
10596,14431.39196402
10597,14433.73443419
10598,14436.07679211
10599,14438.41900319
10600,14440.76110496
10601,14443.10306281
10602,14445.44490543
10603,14447.78660706
10604,14450.12819638
10605,14452.46963879
10606,14454.81097182
10607,14457.15216086
10608,14459.4932346
10609,14461.83416728
10610,14464.17498758
10611,14466.5156609
10612,14468.85622477
10613,14471.19664457
10614,14473.53693318
10615,14475.87711232
10616,14478.21714735
10617,14480.55706699
10618,14482.89684544
10619,14485.2365085
10620,14487.57603033
10621,14489.91543969
10622,14492.25470191
10623,14494.59385459
10624,14496.93286304
10625,14499.27175604
10626,14501.61050773
10627,14503.9491469
10628,14506.28763885
10629,14508.62602119
10630,14510.96425923
10631,14513.30238176
10632,14515.64036291
10633,14517.97823147
10634,14520.31595274
10635,14522.65356434
10636,14524.99103156
10637,14527.32838321
10638,14529.66559341
10639,14532.00267506
10640,14534.33964112
10641,14536.67646568
10642,14539.01317757
10643,14541.34974204
10644,14543.68619676
10645,14546.02250699
10646,14548.35870156
10647,14550.69475455
10648,14553.03069481
10649,14555.36648758
10650,14557.70217055
10651,14560.03770893
10652,14562.37313161
10653,14564.70841263
10654,14567.04358087
10655,14569.37860153
10656,14571.71351234
10657,14574.04827848
10658,14576.38292887
10659,14578.71743752
10660,14581.05183332
10661,14583.38608148
10662,14585.72021972
10663,14588.05421029
10664,14590.38807498
10665,14592.7218268
10666,14595.05543089
10667,14597.38892503
10668,14599.72227436
10669,14602.05550784
10670,14604.38859943
10671,14606.72157808
10672,14609.05440894
10673,14611.38712979
10674,14613.71970576
10675,14616.05216581
10676,14618.3844839
10677,14620.716689
10678,14623.04874623
10679,14625.3806934
10680,14627.71249561
10681,14630.04418184
10682,14632.37572604
10683,14634.7071572
10684,14637.0384404
10685,14639.36961349
10686,14641.70064155
10687,14644.03155358
10688,14646.36232349
10689,14648.69296433
10690,14651.02348911
10691,14653.35387174
10692,14655.68414124
10693,14658.01426268
10694,14660.34427392
10695,14662.67414002
10696,14665.00389001
10697,14667.33349777
10698,14669.66299236
10699,14671.9923388
10700,14674.321575
10701,14676.65066597
10702,14678.97964079
10703,14681.3084733
10704,14683.63719258
10705,14685.96576365
10706,14688.29422441
10707,14690.62253694
10708,14692.95073914
10709,14695.27879602
10710,14697.60673667
10711,14699.93453492
10712,14702.26220384
10713,14704.58975651
10714,14706.91716673
10715,14709.24446363
10716,14711.57161218
10717,14713.89865033
10718,14716.22554304
10719,14718.55231945
10720,14720.87895335
10721,14723.20547386
10722,14725.53184596
10723,14727.85810759
10724,14730.18422373
10725,14732.5102235
10726,14734.83608069
10727,14737.16182445
10728,14739.48741971
10729,14741.81290446
10730,14744.13824364
10731,14746.4634664
10732,14748.78854651
10733,14751.11351313
10734,14753.43833119
10735,14755.76303868
10736,14758.08760053
10737,14760.41202984
10738,14762.73634856
10739,14765.0605216
10740,14767.38457816
10741,14769.70849194
10742,14772.03229216
10743,14774.35594371
10744,14776.67948462
10745,14779.00287977
10746,14781.32615839
10747,14783.64929416
10748,14785.97231633
10749,14788.29518974
10750,14790.61795247
10751,14792.94056936
10752,14795.26306968
10753,14797.58542707
10754,14799.90766787
10755,14802.22976572
10756,14804.5517499
10757,14806.87358524
10758,14809.19530982
10759,14811.51688847
10760,14813.83835048
10761,14816.15966947
10762,14818.48085861
10763,14820.80193108
10764,14823.12286051
10765,14825.44367618
10766,14827.7643429
10767,14830.08489879
10768,14832.40530865
10769,14834.72560179
10770,14837.0457518
10771,14839.36578802
10772,14841.68567522
10773,14844.00545154
10774,14846.32508175
10775,14848.64459519
10776,14850.96396544
10777,14853.28322184
10778,14855.60232915
10779,14857.92132554
10780,14860.24017575
10781,14862.55890914
10782,14864.87749927
10783,14867.1959755
10784,14869.51430257
10785,14871.83251867
10786,14874.15058852
10787,14876.46852533
10788,14878.78635115
10789,14881.10403068
10790,14883.42159333
10791,14885.73901261
10792,14888.05631792
10793,14890.37347396
10794,14892.69051897
10795,14895.00741761
10796,14897.32419932
10797,14899.64083759
10798,14901.95735892
10799,14904.27373677
10800,14906.59000061
10801,14908.90611507
10802,14911.22211844
10803,14913.53797536
10804,14915.85371527
10805,14918.16931166
10806,14920.48479398
10807,14922.80012686
10808,14925.11534859
10809,14927.4304238
10810,14929.74538197
10811,14932.06019654
10812,14934.37488077
10813,14936.68944794
10814,14939.00387147
10815,14941.31818086
10816,14943.63234071
10817,14945.94638934
10818,14948.26029135
10819,14950.57407625
10820,14952.88771744
10821,14955.20124445
10822,14957.51462185
10823,14959.82788799
10824,14962.14100744
10825,14964.45400973
10826,14966.76686825
10827,14969.07961254
10828,14971.39220715
10829,14973.70469045
10830,14976.017027
10831,14978.32924634
10832,14980.64132185
10833,14982.95328307
10834,14985.26509456
10835,14987.57679469
10836,14989.88834799
10837,14992.19976779
10838,14994.5110762
10839,14996.82223776
10840,14999.13328205
10841,15001.4441824
10842,15003.7549684
10843,15006.06560456
10844,15008.3761293
10845,15010.68650418
10846,15012.99676762
10847,15015.30688411
10848,15017.61688327
10849,15019.92673841
10850,15022.23647913
10851,15024.54606993
10852,15026.85554925
10853,15029.16488156
10854,15031.47409649
10855,15033.78316733
10856,15036.09212371
10857,15038.4009301
10858,15040.70962497
10859,15043.01817276
10860,15045.32658682
10861,15047.63488934
10862,15049.94304474
10863,15052.25108271
10864,15054.55897648
10865,15056.86675574
10866,15059.1743849
10867,15061.48190247
10868,15063.78927287
10869,15066.09652578
10870,15068.40363444
10871,15070.71062853
10872,15073.01747247
10873,15075.32420477
10874,15077.63078984
10875,15079.93725737
10876,15082.24358059
10877,15084.5497892
10878,15086.85584758
10879,15089.16179429
10880,15091.4675937
10881,15093.77327554
10882,15096.07881298
10883,15098.38423579
10884,15100.68950831
10885,15102.99465275
10886,15105.29968253
10887,15107.60456199
10888,15109.90932971
10889,15112.21394709
10890,15114.51845271
10891,15116.82281091
10892,15119.12705147
10893,15121.43114751
10894,15123.73512884
10895,15126.03895976
10896,15128.34267889
10897,15130.64625053
10898,15132.94970448
10899,15135.25301386
10900,15137.55620848
10901,15139.85925263
10902,15142.16218494
10903,15144.4649697
10904,15146.76763674
10905,15149.07015913
10906,15151.37256673
10907,15153.67482379
10908,15155.97696898
10909,15158.27896655
10910,15160.58082995
10911,15162.88258146
10912,15165.18418531
10913,15167.48567138
10914,15169.78701272
10915,15172.0882392
10916,15174.38931505
10917,15176.69027896
10918,15178.99109516
10919,15181.29179353
10920,15183.59234711
10921,15185.89278579
10922,15188.19307378
10923,15190.49324978
10924,15192.79327802
10925,15195.09318839
10926,15197.3929539
10927,15199.69260446
10928,15201.99210428
10929,15204.29149208
10930,15206.59073205
10931,15208.8898541
10932,15211.18883124
10933,15213.48769046
10934,15215.78640474
10935,15218.08498758
10936,15220.38345248
10937,15222.68177241
10938,15224.97997732
10939,15227.27803137
10940,15229.57597332
10941,15231.87376733
10942,15234.17144337
10943,15236.46897437
10944,15238.76639031
10945,15241.06365533
10946,15243.36080822
10947,15245.6578131
10948,15247.95469997
10949,15250.25144174
10950,15252.54806841
10951,15254.84454411
10952,15257.14090763
10953,15259.43712308
10954,15261.73322048
10955,15264.02917273
10956,15266.32500984
10957,15268.62069591
10958,15270.91626977
10959,15273.2116955
10960,15275.50698664
10961,15277.80216555
10962,15280.09719631
10963,15282.39210895
