plazo_dias,valor
1,0.005745
2,0.00383
3,0.001915
4,0.0
5,0.00145114
6,0.00290229
7,0.00435343
8,0.00580457
9,0.00725571
10,0.00870686
11,0.010158
12,0.01164986
13,0.01314171
14,0.01463357
15,0.01612543
16,0.01761729
17,0.01910914
18,0.020601
19,0.02207621
20,0.02355143
21,0.02502664
22,0.02650186
23,0.02797707
24,0.02945229
25,0.0309275
26,0.0323639
27,0.0338003
28,0.0352367
29,0.0366731
30,0.0381095
31,0.0395459
32,0.0409823
33,0.0424187
34,0.0438551
35,0.0452915
36,0.04675269
37,0.04821388
38,0.04967506
39,0.05113625
40,0.05259744
41,0.05405863
42,0.05551981
43,0.056981
44,0.05844219
45,0.05990338
46,0.06136456
47,0.06282575
48,0.06428694
49,0.06574813
50,0.06720931
51,0.0686705
52,0.07013169
53,0.07159288
54,0.07305406
55,0.07451525
56,0.07597644
57,0.07743763
58,0.07889881
59,0.08036
60,0.08182119
61,0.08328238
62,0.08474356
63,0.08620475
64,0.08766594
65,0.08912713
66,0.09058831
67,0.0920495
68,0.09349674
69,0.09494398
70,0.09639122
71,0.09783847
72,0.09928571
73,0.10073295
74,0.10218019
75,0.10362743
76,0.10507467
77,0.10652191
78,0.10796916
79,0.1094164
80,0.11086364
81,0.11231088
82,0.11375812
83,0.11520536
84,0.1166526
85,0.11809984
86,0.11954709
87,0.12099433
88,0.12244157
89,0.12388881
90,0.12533605
91,0.12678329
92,0.12823053
93,0.12967778
94,0.13112502
95,0.13257226
96,0.1340195
97,0.13542326
98,0.13682702
99,0.13823077
100,0.13963453
101,0.14103829
102,0.14244205
103,0.14384581
104,0.14524956
105,0.14665332
106,0.14805708
107,0.14946084
108,0.1508646
109,0.15226835
110,0.15367211
111,0.15507587
112,0.15647963
113,0.15788339
114,0.15928715
115,0.1606909
116,0.16209466
117,0.16349842
118,0.16490218
119,0.16630594
120,0.16770969
121,0.16911345
122,0.17051721
123,0.17192097
124,0.17332473
125,0.17472848
126,0.17613224
127,0.177536
128,0.17890945
129,0.1802829
130,0.18165635
131,0.18302981
132,0.18440326
133,0.18577671
134,0.18715016
135,0.18852361
136,0.18989706
137,0.19127052
138,0.19264397
139,0.19401742
140,0.19539087
141,0.19676432
142,0.19813777
143,0.19951123
144,0.20088468
145,0.20225813
146,0.20363158
147,0.20500503
148,0.20637848
149,0.20775194
150,0.20912539
151,0.21049884
152,0.21187229
153,0.21324574
154,0.21461919
155,0.21599265
156,0.2173661
157,0.21873955
158,0.220113
159,0.22144647
160,0.22277993
161,0.2241134
162,0.22544687
163,0.22678033
164,0.2281138
165,0.22944727
166,0.23078073
167,0.2321142
168,0.23344767
169,0.23478113
170,0.2361146
171,0.23744807
172,0.23878153
173,0.240115
174,0.24144847
175,0.24278193
176,0.2441154
177,0.24544887
178,0.24678233
179,0.2481158
180,0.24944927
181,0.25078273
182,0.2521162
183,0.25344967
184,0.25478313
185,0.2561166
186,0.25745007
187,0.25878353
188,0.260117
189,0.26146641
190,0.26281582
191,0.26416524
192,0.26551465
193,0.26686406
194,0.26821347
195,0.26956288
196,0.27091229
197,0.27226171
198,0.27361112
199,0.27496053
200,0.27630994
201,0.27765935
202,0.27900876
203,0.28035818
204,0.28170759
205,0.283057
206,0.28440641
207,0.28575582
208,0.28710524
209,0.28845465
210,0.28980406
211,0.29115347
212,0.29250288
213,0.29385229
214,0.29520171
215,0.29655112
216,0.29790053
217,0.29924994
218,0.30059935
219,0.30194876
220,0.30329818
221,0.30464759
222,0.305997
223,0.30738548
224,0.30877396
225,0.31016245
226,0.31155093
227,0.31293941
228,0.31432789
229,0.31571638
230,0.31710486
231,0.31849334
232,0.31988182
233,0.3212703
234,0.32265879
235,0.32404727
236,0.32543575
237,0.32682423
238,0.32821271
239,0.3296012
240,0.33098968
241,0.33237816
242,0.33376664
243,0.33515513
244,0.33654361
245,0.33793209
246,0.33932057
247,0.34070905
248,0.34209754
249,0.34348602
250,0.3448745
251,0.34624114
252,0.34760779
253,0.34897443
254,0.35034107
255,0.35170771
256,0.35307436
257,0.354441
258,0.35580764
259,0.35717429
260,0.35854093
261,0.35990757
262,0.36127421
263,0.36264086
264,0.3640075
265,0.36537414
266,0.36674079
267,0.36810743
268,0.36947407
269,0.37084071
270,0.37220736
271,0.373574
272,0.37494064
273,0.37630729
274,0.37767393
275,0.37904057
276,0.38040721
277,0.38177386
278,0.3831405
279,0.38458318
280,0.38602587
281,0.38746855
282,0.38891123
283,0.39035392
284,0.3917966
285,0.39323928
286,0.39468197
287,0.39612465
288,0.39756733
289,0.39901002
290,0.4004527
291,0.40189538
292,0.40333807
293,0.40478075
294,0.40622343
295,0.40766612
296,0.4091088
297,0.41055148
298,0.41199417
299,0.41343685
300,0.41487953
301,0.41632222
302,0.4177649
303,0.41920758
304,0.42065027
305,0.42209295
306,0.42353563
307,0.42497832
308,0.426421
309,0.42789481
310,0.42936863
311,0.43084244
312,0.43231625
313,0.43379006
314,0.43526388
315,0.43673769
316,0.4382115
317,0.43968531
318,0.44115913
319,0.44263294
320,0.44410675
321,0.44558056
322,0.44705438
323,0.44852819
324,0.450002
325,0.45147581
326,0.45294963
327,0.45442344
328,0.45589725
329,0.45737106
330,0.45884488
331,0.46031869
332,0.4617925
333,0.46326631
334,0.46474013
335,0.46621394
336,0.46768775
337,0.46916156
338,0.47063538
339,0.47210919
340,0.473583
341,0.47504403
342,0.47650507
343,0.4779661
344,0.47942714
345,0.48088817
346,0.48234921
347,0.48381024
348,0.48527128
349,0.48673231
350,0.48819334
351,0.48965438
352,0.49111541
353,0.49257645
354,0.49403748
355,0.49549852
356,0.49695955
357,0.49842059
358,0.49988162
359,0.50134266
360,0.50280369
361,0.50426472
362,0.50572576
363,0.50718679
364,0.50864783
365,0.51010886
366,0.5115699
367,0.51303093
368,0.51449197
369,0.515953
370,0.51771405
371,0.51947511
372,0.52123616
373,0.52299722
374,0.52475827
375,0.52651933
376,0.52828038
377,0.53004143
378,0.53180249
379,0.53356354
380,0.5353246
381,0.53708565
382,0.53884671
383,0.54060776
384,0.54236882
385,0.54412987
386,0.54589092
387,0.54765198
388,0.54941303
389,0.55117409
390,0.55293514
391,0.5546962
392,0.55645725
393,0.5582183
394,0.55997936
395,0.56174041
396,0.56350147
397,0.56526252
398,0.56702358
399,0.56878463
400,0.57054568
401,0.57230674
402,0.57406779
403,0.57582885
404,0.5775899
405,0.57935096
406,0.58111201
407,0.58287307
408,0.58463412
409,0.58639517
410,0.58815623
411,0.58991728
412,0.59167834
413,0.59343939
414,0.59520045
415,0.5969615
416,0.59872255
417,0.60048361
418,0.60224466
419,0.60400572
420,0.60576677
421,0.60752783
422,0.60928888
423,0.61104993
424,0.61281099
425,0.61457204
426,0.6163331
427,0.61809415
428,0.61985521
429,0.62161626
430,0.62337732
431,0.62513837
432,0.62689942
433,0.62866048
434,0.63042153
435,0.63218259
436,0.63394364
437,0.6357047
438,0.63746575
439,0.6392268
440,0.64098786
441,0.64274891
442,0.64450997
443,0.64627102
444,0.64803208
445,0.64979313
446,0.65155418
447,0.65331524
448,0.65507629
449,0.65683735
450,0.6585984
451,0.66035946
452,0.66212051
453,0.66388157
454,0.66564262
455,0.66740367
456,0.66916473
457,0.67092578
458,0.67268684
459,0.67444789
460,0.67620895
461,0.67797
462,0.67973105
463,0.68149211
464,0.68325316
465,0.68501422
466,0.68677527
467,0.68853633
468,0.69029738
469,0.69205843
470,0.69381949
471,0.69558054
472,0.6973416
473,0.69910265
474,0.70086371
475,0.70262476
476,0.70438582
477,0.70614687
478,0.70790792
479,0.70966898
480,0.71143003
481,0.71319109
482,0.71495214
483,0.7167132
484,0.71847425
485,0.7202353
486,0.72199636
487,0.72375741
488,0.72551847
489,0.72727952
490,0.72904058
491,0.73080163
492,0.73256268
493,0.73432374
494,0.73608479
495,0.73784585
496,0.7396069
497,0.74136796
498,0.74312901
499,0.74489007
500,0.74665112
501,0.74841217
502,0.75017323
503,0.75193428
504,0.75369534
505,0.75545639
506,0.75721745
507,0.7589785
508,0.76073955
509,0.76250061
510,0.76426166
511,0.76602272
512,0.76778377
513,0.76954483
514,0.77130588
515,0.77306693
516,0.77482799
517,0.77658904
518,0.7783501
519,0.78011115
520,0.78187221
521,0.78363326
522,0.78539432
523,0.78715537
524,0.78891642
525,0.79067748
526,0.79243853
527,0.79419959
528,0.79596064
529,0.7977217
530,0.79948275
531,0.8012438
532,0.80300486
533,0.80476591
534,0.80652697
535,0.80828802
536,0.81004908
537,0.81181013
538,0.81357118
539,0.81533224
540,0.81709329
541,0.81885435
542,0.8206154
543,0.82237646
544,0.82413751
545,0.82589857
546,0.82765962
547,0.82942067
548,0.83118173
549,0.83294278
550,0.83470384
551,0.83646489
552,0.83822595
553,0.839987
554,0.84187565
555,0.84376429
556,0.84565294
557,0.84754158
558,0.84943023
559,0.85131887
560,0.85320752
561,0.85509616
562,0.85698481
563,0.85887346
564,0.8607621
565,0.86265075
566,0.86453939
567,0.86642804
568,0.86831668
569,0.87020533
570,0.87209398
571,0.87398262
572,0.87587127
573,0.87775991
574,0.87964856
575,0.8815372
576,0.88342585
577,0.88531449
578,0.88720314
579,0.88909179
580,0.89098043
581,0.89286908
582,0.89475772
583,0.89664637
584,0.89853501
585,0.90042366
586,0.9023123
587,0.90420095
588,0.9060896
589,0.90797824
590,0.90986689
591,0.91175553
592,0.91364418
593,0.91553282
594,0.91742147
595,0.91931012
596,0.92119876
597,0.92308741
598,0.92497605
599,0.9268647
600,0.92875334
601,0.93064199
602,0.93253063
603,0.93441928
604,0.93630793
605,0.93819657
606,0.94008522
607,0.94197386
608,0.94386251
609,0.94575115
610,0.9476398
611,0.94952845
612,0.95141709
613,0.95330574
614,0.95519438
615,0.95708303
616,0.95897167
617,0.96086032
618,0.96274896
619,0.96463761
620,0.96652626
621,0.9684149
622,0.97030355
623,0.97219219
624,0.97408084
625,0.97596948
626,0.97785813
627,0.97974677
628,0.98163542
629,0.98352407
630,0.98541271
631,0.98730136
632,0.98919
633,0.99107865
634,0.99296729
635,0.99485594
636,0.99674459
637,0.99863323
638,1.00052188
639,1.00241052
640,1.00429917
641,1.00618781
642,1.00807646
643,1.0099651
644,1.01185375
645,1.0137424
646,1.01563104
647,1.01751969
648,1.01940833
649,1.02129698
650,1.02318562
651,1.02507427
652,1.02696291
653,1.02885156
654,1.03074021
655,1.03262885
656,1.0345175
657,1.03640614
658,1.03829479
659,1.04018343
660,1.04207208
661,1.04396073
662,1.04584937
663,1.04773802
664,1.04962666
665,1.05151531
666,1.05340395
667,1.0552926
668,1.05718124
669,1.05906989
670,1.06095854
671,1.06284718
672,1.06473583
673,1.06662447
674,1.06851312
675,1.07040176
676,1.07229041
677,1.07417905
678,1.0760677
679,1.07795635
680,1.07984499
681,1.08173364
682,1.08362228
683,1.08551093
684,1.08739957
685,1.08928822
686,1.09117687
687,1.09306551
688,1.09495416
689,1.0968428
690,1.09873145
691,1.10062009
692,1.10250874
693,1.10439738
694,1.10628603
695,1.10817468
696,1.11006332
697,1.11195197
698,1.11384061
699,1.11572926
700,1.1176179
701,1.11950655
702,1.1213952
703,1.12328384
704,1.12517249
705,1.12706113
706,1.12894978
707,1.13083842
708,1.13272707
709,1.13461571
710,1.13650436
711,1.13839301
712,1.14028165
713,1.1421703
714,1.14405894
715,1.14594759
716,1.14783623
717,1.14972488
718,1.15161352
719,1.15350217
720,1.15539082
721,1.15727946
722,1.15916811
723,1.16105675
724,1.1629454
725,1.16483404
726,1.16672269
727,1.16861134
728,1.17049998
729,1.17238863
730,1.17427727
731,1.17616592
732,1.17805456
733,1.17994321
734,1.18183185
735,1.1837205
736,1.18600744
737,1.18829438
738,1.19058132
739,1.19286826
740,1.19515521
741,1.19744215
742,1.19972909
743,1.20201603
744,1.20430297
745,1.20658991
746,1.20887685
747,1.21116379
748,1.21345073
749,1.21573768
750,1.21802462
751,1.22031156
752,1.2225985
753,1.22488544
754,1.22717238
755,1.22945932
756,1.23174626
757,1.2340332
758,1.23632015
759,1.23860709
760,1.24089403
761,1.24318097
762,1.24546791
763,1.24775485
764,1.25004179
765,1.25232873
766,1.25461567
767,1.25690262
768,1.25918956
769,1.2614765
770,1.26376344
771,1.26605038
772,1.26833732
773,1.27062426
774,1.2729112
775,1.27519814
776,1.27748508
777,1.27977203
778,1.28205897
779,1.28434591
780,1.28663285
781,1.28891979
782,1.29120673
783,1.29349367
784,1.29578061
785,1.29806755
786,1.3003545
787,1.30264144
788,1.30492838
789,1.30721532
790,1.30950226
791,1.3117892
792,1.31407614
793,1.31636308
794,1.31865002
795,1.32093697
796,1.32322391
797,1.32551085
798,1.32779779
799,1.33008473
800,1.33237167
801,1.33465861
802,1.33694555
803,1.33923249
804,1.34151944
805,1.34380638
806,1.34609332
807,1.34838026
808,1.3506672
809,1.35295414
810,1.35524108
811,1.35752802
812,1.35981496
813,1.36210191
814,1.36438885
815,1.36667579
816,1.36896273
817,1.37124967
818,1.37353661
819,1.37582355
820,1.37811049
821,1.38039743
822,1.38268438
823,1.38497132
824,1.38725826
825,1.3895452
826,1.39183214
827,1.39411908
828,1.39640602
829,1.39869296
830,1.4009799
831,1.40326685
832,1.40555379
833,1.40784073
834,1.41012767
835,1.41241461
836,1.41470155
837,1.41698849
838,1.41927543
839,1.42156237
840,1.42384932
841,1.42613626
842,1.4284232
843,1.43071014
844,1.43299708
845,1.43528402
846,1.43757096
847,1.4398579
848,1.44214484
849,1.44443178
850,1.44671873
851,1.44900567
852,1.45129261
853,1.45357955
854,1.45586649
855,1.45815343
856,1.46044037
857,1.46272731
858,1.46501425
859,1.4673012
860,1.46958814
861,1.47187508
862,1.47416202
863,1.47644896
864,1.4787359
865,1.48102284
866,1.48330978
867,1.48559672
868,1.48788367
869,1.49017061
870,1.49245755
871,1.49474449
872,1.49703143
873,1.49931837
874,1.50160531
875,1.50389225
876,1.50617919
877,1.50846614
878,1.51075308
879,1.51304002
880,1.51532696
881,1.5176139
882,1.51990084
883,1.52218778
884,1.52447472
885,1.52676166
886,1.52904861
887,1.53133555
888,1.53362249
889,1.53590943
890,1.53819637
891,1.54048331
892,1.54277025
893,1.54505719
894,1.54734413
895,1.54963108
896,1.55191802
897,1.55420496
898,1.5564919
899,1.55877884
900,1.56106578
901,1.56335272
902,1.56563966
903,1.5679266
904,1.57021355
905,1.57250049
906,1.57478743
907,1.57707437
908,1.57936131
909,1.58164825
910,1.58393519
911,1.58622213
912,1.58850907
913,1.59079602
914,1.59308296
915,1.5953699
916,1.59765684
917,1.59994378
918,1.60223072
919,1.60451766
920,1.6068046
921,1.60909154
922,1.61137848
923,1.61366543
924,1.61595237
925,1.61823931
926,1.62052625
927,1.62281319
928,1.62510013
929,1.62738707
930,1.62967401
931,1.63196095
932,1.6342479
933,1.63653484
934,1.63882178
935,1.64110872
936,1.64339566
937,1.6456826
938,1.64796954
939,1.65025648
940,1.65254342
941,1.65483037
942,1.65711731
943,1.65940425
944,1.66169119
945,1.66397813
946,1.66626507
947,1.66855201
948,1.67083895
949,1.67312589
950,1.67541284
951,1.67769978
952,1.67998672
953,1.68227366
954,1.6845606
955,1.68684754
956,1.68913448
957,1.69142142
958,1.69370836
959,1.69599531
960,1.69828225
961,1.70056919
962,1.70285613
963,1.70514307
964,1.70743001
965,1.70971695
966,1.71200389
967,1.71429083
968,1.71657778
969,1.71886472
970,1.72115166
971,1.7234386
972,1.72572554
973,1.72801248
974,1.73029942
975,1.73258636
976,1.7348733
977,1.73716025
978,1.73944719
979,1.74173413
980,1.74402107
981,1.74630801
982,1.74859495
983,1.75088189
984,1.75316883
985,1.75545577
986,1.75774272
987,1.76002966
988,1.7623166
989,1.76460354
990,1.76689048
991,1.76917742
992,1.77146436
993,1.7737513
994,1.77603824
995,1.77832518
996,1.78061213
997,1.78289907
998,1.78518601
999,1.78747295
1000,1.78975989
1001,1.79204683
1002,1.79433377
1003,1.79662071
1004,1.79890765
1005,1.8011946
1006,1.80348154
1007,1.80576848
1008,1.80805542
1009,1.81034236
1010,1.8126293
1011,1.81491624
1012,1.81720318
1013,1.81949012
1014,1.82177707
1015,1.82406401
1016,1.82635095
1017,1.82863789
1018,1.83092483
1019,1.83321177
1020,1.83549871
1021,1.83778565
1022,1.84007259
1023,1.84235954
1024,1.84464648
1025,1.84693342
1026,1.84922036
1027,1.8515073
1028,1.85379424
1029,1.85608118
1030,1.85836812
1031,1.86065506
1032,1.86294201
1033,1.86522895
1034,1.86751589
1035,1.86980283
1036,1.87208977
1037,1.87437671
1038,1.87666365
1039,1.87895059
1040,1.88123753
1041,1.88352448
1042,1.88581142
1043,1.88809836
1044,1.8903853
1045,1.89267224
1046,1.89495918
1047,1.89724612
1048,1.89953306
1049,1.90182
1050,1.90410695
1051,1.90639389
1052,1.90868083
1053,1.91096777
1054,1.91325471
1055,1.91554165
1056,1.91782859
1057,1.92011553
1058,1.92240247
1059,1.92468942
1060,1.92697636
1061,1.9292633
1062,1.93155024
1063,1.93383718
1064,1.93612412
1065,1.93841106
1066,1.940698
1067,1.94298494
1068,1.94527188
1069,1.94755883
1070,1.94984577
1071,1.95213271
1072,1.95441965
1073,1.95670659
1074,1.95899353
1075,1.96128047
1076,1.96356741
1077,1.96585435
1078,1.9681413
1079,1.97042824
1080,1.97271518
1081,1.97500212
1082,1.97728906
1083,1.979576
1084,1.98186294
1085,1.98414988
1086,1.98643682
1087,1.98872377
1088,1.99101071
1089,1.99329765
1090,1.99558459
1091,1.99787153
1092,2.00015847
1093,2.00244541
1094,2.00473235
1095,2.00701929
1096,2.00930624
1097,2.01159318
1098,2.01388012
1099,2.01616706
1100,2.018454
1101,2.02088477
1102,2.02331554
1103,2.02574631
1104,2.02817708
1105,2.03060786
1106,2.03303863
1107,2.0354694
1108,2.03790017
1109,2.04033094
1110,2.04276171
1111,2.04519248
1112,2.04762325
1113,2.05005402
1114,2.0524848
1115,2.05491557
1116,2.05734634
1117,2.05977711
1118,2.06220788
1119,2.06463865
1120,2.06706942
1121,2.06950019
1122,2.07193096
1123,2.07436174
1124,2.07679251
1125,2.07922328
1126,2.08165405
1127,2.08408482
1128,2.08651559
1129,2.08894636
1130,2.09137713
1131,2.0938079
1132,2.09623868
1133,2.09866945
1134,2.10110022
1135,2.10353099
1136,2.10596176
1137,2.10839253
1138,2.1108233
1139,2.11325407
1140,2.11568484
1141,2.11811562
1142,2.12054639
1143,2.12297716
1144,2.12540793
1145,2.1278387
1146,2.13026947
1147,2.13270024
1148,2.13513101
1149,2.13756178
1150,2.13999256
1151,2.14242333
1152,2.1448541
1153,2.14728487
1154,2.14971564
1155,2.15214641
1156,2.15457718
1157,2.15700795
1158,2.15943872
1159,2.1618695
1160,2.16430027
1161,2.16673104
1162,2.16916181
1163,2.17159258
1164,2.17402335
1165,2.17645412
1166,2.17888489
1167,2.18131566
1168,2.18374644
1169,2.18617721
1170,2.18860798
1171,2.19103875
1172,2.19346952
1173,2.19590029
1174,2.19833106
1175,2.20076183
1176,2.2031926
1177,2.20562338
1178,2.20805415
1179,2.21048492
1180,2.21291569
1181,2.21534646
1182,2.21777723
1183,2.220208
1184,2.22263877
1185,2.22506955
1186,2.22750032
1187,2.22993109
1188,2.23236186
1189,2.23479263
1190,2.2372234
1191,2.23965417
1192,2.24208494
1193,2.24451571
1194,2.24694649
1195,2.24937726
1196,2.25180803
1197,2.2542388
1198,2.25666957
1199,2.25910034
1200,2.26153111
1201,2.26396188
1202,2.26639265
1203,2.26882343
1204,2.2712542
1205,2.27368497
1206,2.27611574
1207,2.27854651
1208,2.28097728
1209,2.28340805
1210,2.28583882
1211,2.28826959
1212,2.29070037
1213,2.29313114
1214,2.29556191
1215,2.29799268
1216,2.30042345
1217,2.30285422
1218,2.30528499
1219,2.30771576
1220,2.31014653
1221,2.31257731
1222,2.31500808
1223,2.31743885
1224,2.31986962
1225,2.32230039
1226,2.32473116
1227,2.32716193
1228,2.3295927
1229,2.33202347
1230,2.33445425
1231,2.33688502
1232,2.33931579
1233,2.34174656
1234,2.34417733
1235,2.3466081
1236,2.34903887
1237,2.35146964
1238,2.35390041
1239,2.35633119
1240,2.35876196
1241,2.36119273
1242,2.3636235
1243,2.36605427
1244,2.36848504
1245,2.37091581
1246,2.37334658
1247,2.37577735
1248,2.37820813
1249,2.3806389
1250,2.38306967
1251,2.38550044
1252,2.38793121
1253,2.39036198
1254,2.39279275
1255,2.39522352
1256,2.39765429
1257,2.40008507
1258,2.40251584
1259,2.40494661
1260,2.40737738
1261,2.40980815
1262,2.41223892
1263,2.41466969
1264,2.41710046
1265,2.41953123
1266,2.42196201
1267,2.42439278
1268,2.42682355
1269,2.42925432
1270,2.43168509
1271,2.43411586
1272,2.43654663
1273,2.4389774
1274,2.44140817
1275,2.44383895
1276,2.44626972
1277,2.44870049
1278,2.45113126
1279,2.45356203
1280,2.4559928
1281,2.45842357
1282,2.46085434
1283,2.46328511
1284,2.46571589
1285,2.46814666
1286,2.47057743
1287,2.4730082
1288,2.47543897
1289,2.47786974
1290,2.48030051
1291,2.48273128
1292,2.48516205
1293,2.48759283
1294,2.4900236
1295,2.49245437
1296,2.49488514
1297,2.49731591
1298,2.49974668
1299,2.50217745
1300,2.50460822
1301,2.50703899
1302,2.50946977
1303,2.51190054
1304,2.51433131
1305,2.51676208
1306,2.51919285
1307,2.52162362
1308,2.52405439
1309,2.52648516
1310,2.52891593
1311,2.53134671
1312,2.53377748
1313,2.53620825
1314,2.53863902
1315,2.54106979
1316,2.54350056
1317,2.54593133
1318,2.5483621
1319,2.55079287
1320,2.55322365
1321,2.55565442
1322,2.55808519
1323,2.56051596
1324,2.56294673
1325,2.5653775
1326,2.56780827
1327,2.57023904
1328,2.57266981
1329,2.57510059
1330,2.57753136
1331,2.57996213
1332,2.5823929
1333,2.58482367
1334,2.58725444
1335,2.58968521
1336,2.59211598
1337,2.59454675
1338,2.59697753
1339,2.5994083
1340,2.60183907
1341,2.60426984
1342,2.60670061
1343,2.60913138
1344,2.61156215
1345,2.61399292
1346,2.61642369
1347,2.61885447
1348,2.62128524
1349,2.62371601
1350,2.62614678
1351,2.62857755
1352,2.63100832
1353,2.63343909
1354,2.63586986
1355,2.63830063
1356,2.64073141
1357,2.64316218
1358,2.64559295
1359,2.64802372
1360,2.65045449
1361,2.65288526
1362,2.65531603
1363,2.6577468
1364,2.66017757
1365,2.66260835
1366,2.66503912
1367,2.66746989
1368,2.66990066
1369,2.67233143
1370,2.6747622
1371,2.67719297
1372,2.67962374
1373,2.68205452
1374,2.68448529
1375,2.68691606
1376,2.68934683
1377,2.6917776
1378,2.69420837
1379,2.69663914
1380,2.69906991
1381,2.70150068
1382,2.70393146
1383,2.70636223
1384,2.708793
1385,2.71122377
1386,2.71365454
1387,2.71608531
1388,2.71851608
1389,2.72094685
1390,2.72337762
1391,2.7258084
1392,2.72823917
1393,2.73066994
1394,2.73310071
1395,2.73553148
1396,2.73796225
1397,2.74039302
1398,2.74282379
1399,2.74525456
1400,2.74768534
1401,2.75011611
1402,2.75254688
1403,2.75497765
1404,2.75740842
1405,2.75983919
1406,2.76226996
1407,2.76470073
1408,2.7671315
1409,2.76956228
1410,2.77199305
1411,2.77442382
1412,2.77685459
1413,2.77928536
1414,2.78171613
1415,2.7841469
1416,2.78657767
1417,2.78900844
1418,2.79143922
1419,2.79386999
1420,2.79630076
1421,2.79873153
1422,2.8011623
1423,2.80359307
1424,2.80602384
1425,2.80845461
1426,2.81088538
1427,2.81331616
1428,2.81574693
1429,2.8181777
1430,2.82060847
1431,2.82303924
1432,2.82547001
1433,2.82790078
1434,2.83033155
1435,2.83276232
1436,2.8351931
1437,2.83762387
1438,2.84005464
1439,2.84248541
1440,2.84491618
1441,2.84734695
1442,2.84977772
1443,2.85220849
1444,2.85463926
1445,2.85707004
1446,2.85950081
1447,2.86193158
1448,2.86436235
1449,2.86679312
1450,2.86922389
1451,2.87165466
1452,2.87408543
1453,2.8765162
1454,2.87894698
1455,2.88137775
1456,2.88380852
1457,2.88623929
1458,2.88867006
1459,2.89110083
1460,2.8935316
1461,2.89596237
1462,2.89839314
1463,2.90082392
1464,2.90325469
1465,2.90568546
1466,2.90811623
1467,2.910547
1468,2.91305771
1469,2.91556843
1470,2.91807914
1471,2.92058986
1472,2.92310057
1473,2.92561129
1474,2.928122
1475,2.93063271
1476,2.93314343
1477,2.93565414
1478,2.93816486
1479,2.94067557
1480,2.94318629
1481,2.945697
1482,2.94820771
1483,2.95071843
1484,2.95322914
1485,2.95573986
1486,2.95825057
1487,2.96076129
1488,2.963272
1489,2.96578271
1490,2.96829343
1491,2.97080414
1492,2.97331486
1493,2.97582557
1494,2.97833629
1495,2.980847
1496,2.98335771
1497,2.98586843
1498,2.98837914
1499,2.99088986
1500,2.99340057
1501,2.99591129
1502,2.998422
1503,3.00093271
1504,3.00344343
1505,3.00595414
1506,3.00846486
1507,3.01097557
1508,3.01348629
1509,3.015997
1510,3.01850771
1511,3.02101843
1512,3.02352914
1513,3.02603986
1514,3.02855057
1515,3.03106129
1516,3.033572
1517,3.03608271
1518,3.03859343
1519,3.04110414
1520,3.04361486
1521,3.04612557
1522,3.04863629
1523,3.051147
1524,3.05365771
1525,3.05616843
1526,3.05867914
1527,3.06118986
1528,3.06370057
1529,3.06621129
1530,3.068722
1531,3.07123271
1532,3.07374343
1533,3.07625414
1534,3.07876486
1535,3.08127557
1536,3.08378629
1537,3.086297
1538,3.08880771
1539,3.09131843
1540,3.09382914
1541,3.09633986
1542,3.09885057
1543,3.10136129
1544,3.103872
1545,3.10638271
1546,3.10889343
1547,3.11140414
1548,3.11391486
1549,3.11642557
1550,3.11893629
1551,3.121447
1552,3.12395771
1553,3.12646843
1554,3.12897914
1555,3.13148986
1556,3.13400057
1557,3.13651129
1558,3.139022
1559,3.14153271
1560,3.14404343
1561,3.14655414
1562,3.14906486
1563,3.15157557
1564,3.15408629
1565,3.156597
1566,3.15910771
1567,3.16161843
1568,3.16412914
1569,3.16663986
1570,3.1691505700000002
1571,3.17166129
1572,3.174172
1573,3.17668271
1574,3.17919343
1575,3.18170414
1576,3.18421486
1577,3.18672557
1578,3.18923629
1579,3.191747
1580,3.19425771
1581,3.19676843
1582,3.19927914
1583,3.20178986
1584,3.20430057
1585,3.20681129
1586,3.209322
1587,3.21183271
1588,3.21434343
1589,3.21685414
1590,3.21936486
1591,3.22187557
1592,3.22438629
1593,3.226897
1594,3.22940771
1595,3.23191843
1596,3.23442914
1597,3.23693986
1598,3.23945057
1599,3.24196129
1600,3.244472
1601,3.24698271
1602,3.24949343
1603,3.25200414
1604,3.25451486
1605,3.25702557
1606,3.25953629
1607,3.262047
1608,3.26455771
1609,3.26706843
1610,3.26957914
1611,3.27208986
1612,3.27460057
1613,3.27711129
1614,3.279622
1615,3.28213271
1616,3.28464343
1617,3.28715414
1618,3.28966486
1619,3.29217557
1620,3.29468629
1621,3.297197
1622,3.29970771
1623,3.30221843
1624,3.30472914
1625,3.30723986
1626,3.30975057
1627,3.31226129
1628,3.314772
1629,3.31728271
1630,3.31979343
1631,3.32230414
1632,3.32481486
1633,3.32732557
1634,3.32983629
1635,3.332347
1636,3.33485771
1637,3.33736843
1638,3.33987914
1639,3.34238986
1640,3.34490057
1641,3.34741129
1642,3.349922
1643,3.35243271
1644,3.35494343
1645,3.35745414
1646,3.35996486
1647,3.36247557
1648,3.36498629
1649,3.367497
1650,3.37000771
1651,3.37251843
1652,3.37502914
1653,3.37753986
1654,3.38005057
1655,3.38256129
1656,3.385072
1657,3.38758271
1658,3.39009343
1659,3.39260414
1660,3.39511486
1661,3.39762557
1662,3.40013629
1663,3.402647
1664,3.40515771
1665,3.40766843
1666,3.41017914
1667,3.41268986
1668,3.41520057
1669,3.41771129
1670,3.420222
1671,3.42273271
1672,3.42524343
1673,3.42775414
1674,3.43026486
1675,3.43277557
1676,3.43528629
1677,3.437797
1678,3.44030771
1679,3.44281843
1680,3.44532914
1681,3.44783986
1682,3.45035057
1683,3.45286129
1684,3.455372
1685,3.45788271
1686,3.46039343
1687,3.46290414
1688,3.46541486
1689,3.46792557
1690,3.47043629
1691,3.472947
1692,3.47545771
1693,3.47796843
1694,3.48047914
1695,3.48298986
1696,3.48550057
1697,3.48801129
1698,3.490522
1699,3.49303271
1700,3.49554343
1701,3.49805414
1702,3.50056486
1703,3.50307557
1704,3.50558629
1705,3.508097
1706,3.51060771
1707,3.51311843
1708,3.51562914
1709,3.51813986
1710,3.52065057
1711,3.52316129
1712,3.525672
1713,3.52818271
1714,3.53069343
1715,3.53320414
1716,3.53571486
1717,3.53822557
1718,3.54073629
1719,3.543247
1720,3.54575771
1721,3.54826843
1722,3.55077914
1723,3.55328986
1724,3.55580057
1725,3.55831129
1726,3.560822
1727,3.56333271
1728,3.56584343
1729,3.56835414
1730,3.57086486
1731,3.57337557
1732,3.57588629
1733,3.578397
1734,3.58090771
1735,3.58341843
1736,3.58592914
1737,3.58843986
1738,3.59095057
1739,3.59346129
1740,3.595972
1741,3.59848271
1742,3.60099343
1743,3.60350414
1744,3.60601486
1745,3.60852557
1746,3.61103629
1747,3.613547
1748,3.61605771
1749,3.61856843
1750,3.62107914
1751,3.62358986
1752,3.62610057
1753,3.62861129
1754,3.631122
1755,3.63363271
1756,3.63614343
1757,3.63865414
1758,3.64116486
1759,3.64367557
1760,3.64618629
1761,3.648697
1762,3.65120771
1763,3.65371843
1764,3.65622914
1765,3.65873986
1766,3.66125057
1767,3.66376129
1768,3.666272
1769,3.66878271
1770,3.67129343
1771,3.67380414
1772,3.67631486
1773,3.67882557
1774,3.68133629
1775,3.683847
1776,3.68635771
1777,3.68886843
1778,3.69137914
1779,3.69388986
1780,3.69640057
1781,3.69891129
1782,3.701422
1783,3.70393271
1784,3.70644343
1785,3.70895414
1786,3.71146486
1787,3.71397557
1788,3.71648629
1789,3.718997
1790,3.72150771
1791,3.72401843
1792,3.72652914
1793,3.72903986
1794,3.73155057
1795,3.73406129
1796,3.736572
1797,3.73908271
1798,3.74159343
1799,3.74410414
1800,3.74661486
1801,3.74912557
1802,3.75163629
1803,3.754147
1804,3.75665771
1805,3.75916843
1806,3.76167914
1807,3.76418986
1808,3.76670057
1809,3.76921129
1810,3.771722
1811,3.77423271
1812,3.77674343
1813,3.77925414
1814,3.78176486
1815,3.78427557
1816,3.78678629
1817,3.789297
1818,3.79180771
1819,3.79431843
1820,3.79682914
1821,3.79933986
1822,3.80185057
1823,3.80436129
1824,3.806872
1825,3.80938271
1826,3.81189343
1827,3.81440414
1828,3.81691486
1829,3.81942557
1830,3.82193629
1831,3.824447
1832,5.09538707
1833,5.0985403
1834,5.10169379
1835,5.10484751
1836,5.1080015
1837,5.11115572
1838,5.11431021
1839,5.11746493
1840,5.1206199
1841,5.12377512
1842,5.12693058
1843,5.13008629
1844,5.13324225
1845,5.13639845
1846,5.1395549
1847,5.1427116
1848,5.14586854
1849,5.14902573
1850,5.15218316
1851,5.15534084
1852,5.15849875
1853,5.16165693
1854,5.16481534
1855,5.16797399
1856,5.17113289
1857,5.17429203
1858,5.17745141
1859,5.18061105
1860,5.18377091
1861,5.18693103
1862,5.19009138
1863,5.19325199
1864,5.19641283
1865,5.19957391
1866,5.20273523
1867,5.2058968
1868,5.2090586
1869,5.21222066
1870,5.21538294
1871,5.21854547
1872,5.22170823
1873,5.22487125
1874,5.22803449
1875,5.23119799
1876,5.23436172
1877,5.23752568
1878,5.24068989
1879,5.24385432
1880,5.24701902
1881,5.25018394
1882,5.2533491
1883,5.25651449
1884,5.25968013
1885,5.262846
1886,5.26601212
1887,5.26917846
1888,5.27234505
1889,5.27551186
1890,5.27867893
1891,5.28184622
1892,5.28501375
1893,5.28818151
1894,5.29134951
1895,5.29451775
1896,5.29768623
1897,5.30085493
1898,5.30402387
1899,5.30719304
1900,5.31036246
1901,5.3135321
1902,5.31670198
1903,5.31987209
1904,5.32304243
1905,5.32621301
1906,5.32938383
1907,5.33255486
1908,5.33572614
1909,5.33889764
1910,5.34206939
1911,5.34524135
1912,5.34841356
1913,5.351586
1914,5.35475865
1915,5.35793156
1916,5.36110468
1917,5.36427804
1918,5.36745163
1919,5.37062545
1920,5.3737995
1921,5.37697378
1922,5.38014828
1923,5.38332303
1924,5.38649798
1925,5.38967319
1926,5.3928486
1927,5.39602426
1928,5.39920014
1929,5.40237625
1930,5.40555259
1931,5.40872915
1932,5.41190594
1933,5.41508297
1934,5.4182602
1935,5.42143768
1936,5.42461537
1937,5.4277933
1938,5.43097145
1939,5.43414983
1940,5.43732843
1941,5.44050726
1942,5.44368631
1943,5.44686559
1944,5.45004509
1945,5.45322483
1946,5.45640477
1947,5.45958496
1948,5.46276535
1949,5.46594597
1950,5.46912682
1951,5.47230789
1952,5.47548919
1953,5.47867069
1954,5.48185244
1955,5.4850344
1956,5.48821659
1957,5.49139899
1958,5.49458162
1959,5.49776447
1960,5.50094755
1961,5.50413083
1962,5.50731435
1963,5.51049808
1964,5.51368204
1965,5.51686621
1966,5.52005061
1967,5.52323522
1968,5.52642006
1969,5.52960511
1970,5.53279039
1971,5.53597588
1972,5.5391616
1973,5.54234752
1974,5.54553368
1975,5.54872004
1976,5.55190663
1977,5.55509343
1978,5.55828045
1979,5.56146769
1980,5.56465514
1981,5.56784281
1982,5.5710307
1983,5.57421881
1984,5.57740713
1985,5.58059567
1986,5.58378442
1987,5.5869734
1988,5.59016257
1989,5.59335198
1990,5.59654159
1991,5.59973143
1992,5.60292147
1993,5.60611173
1994,5.60930221
1995,5.6124929
1996,5.6156838
1997,5.61887492
1998,5.62206624
1999,5.62525779
2000,5.62844954
2001,5.63164151
2002,5.63483369
2003,5.63802609
2004,5.64121869
2005,5.64441151
2006,5.64760454
2007,5.65079779
2008,5.65399123
2009,5.6571849
2010,5.66037877
2011,5.66357286
2012,5.66676716
2013,5.66996166
2014,5.67315638
2015,5.6763513
2016,5.67954644
2017,5.68274177
2018,5.68593734
2019,5.6891331
2020,5.69232907
2021,5.69552525
2022,5.69872164
2023,5.70191824
2024,5.70511506
2025,5.70831206
2026,5.71150929
2027,5.71470671
2028,5.71790436
2029,5.7211022
2030,5.72430025
2031,5.7274985
2032,5.73069697
2033,5.73389563
2034,5.73709452
2035,5.74029359
2036,5.74349289
2037,5.74669237
2038,5.74989208
2039,5.75309198
2040,5.75629208
2041,5.75949239
2042,5.76269291
2043,5.76589363
2044,5.76909456
2045,5.77229568
2046,5.77549702
2047,5.77869855
2048,5.78190029
2049,5.78510223
2050,5.78830438
2051,5.79150672
2052,5.79470926
2053,5.79791202
2054,5.80111496
2055,5.80431812
2056,5.80752148
2057,5.81072504
2058,5.81392879
2059,5.81713275
2060,5.82033691
2061,5.82354128
2062,5.82674583
2063,5.8299506
2064,5.83315555
2065,5.83636072
2066,5.83956607
2067,5.84277163
2068,5.84597739
2069,5.84918335
2070,5.8523895
2071,5.85559586
2072,5.8588024
2073,5.86200916
2074,5.8652161
2075,5.86842326
2076,5.8716306
2077,5.87483814
2078,5.87804587
2079,5.88125381
2080,5.88446194
2081,5.88767027
2082,5.89087878
2083,5.89408751
2084,5.89729642
2085,5.90050553
2086,5.90371484
2087,5.90692433
2088,5.91013404
2089,5.91334392
2090,5.91655401
2091,5.91976428
2092,5.92297477
2093,5.92618543
2094,5.9293963
2095,5.93260735
2096,5.9358186
2097,5.93903004
2098,5.94224168
2099,5.9454535
2100,5.94866553
2101,5.95187773
2102,5.95509015
2103,5.95830274
2104,5.96151553
2105,5.96472851
2106,5.96794168
2107,5.97115504
2108,5.97436861
2109,5.97758234
2110,5.98079629
2111,5.9840104
2112,5.98722473
2113,5.99043923
2114,5.99365393
2115,5.99686881
2116,6.00008389
2117,6.00329915
2118,6.00651461
2119,6.00973024
2120,6.01294607
2121,6.01616209
2122,6.01937829
2123,6.0225947
2124,6.02581127
2125,6.02902805
2126,6.032245
2127,6.03546215
2128,6.03867947
2129,6.041897
2130,6.0451147
2131,6.0483326
2132,6.05155067
2133,6.05476894
2134,6.05798738
2135,6.06120603
2136,6.06442484
2137,6.06764385
2138,6.07086304
2139,6.07408242
2140,6.07730198
2141,6.08052172
2142,6.08374165
2143,6.08696176
2144,6.09018206
2145,6.09340255
2146,6.0966232
2147,6.09984406
2148,6.10306508
2149,6.1062863
2150,6.10950769
2151,6.11272927
2152,6.11595103
2153,6.11917298
2154,6.1223951
2155,6.1256174
2156,6.12883989
2157,6.13206256
2158,6.13528541
2159,6.13850844
2160,6.14173166
2161,6.14495504
2162,6.14817862
2163,6.15140236
2164,6.1546263
2165,6.1578504
2166,6.1610747
2167,6.16429917
2168,6.16752382
2169,6.17074865
2170,6.17397366
2171,6.17719884
2172,6.18042421
2173,6.18364975
2174,6.18687547
2175,6.19010136
2176,6.19332745
2177,6.1965537
2178,6.19978013
2179,6.20300673
2180,6.20623352
2181,6.20946048
2182,6.21268762
2183,6.21591492
2184,6.21914242
2185,6.22237008
2186,6.22559793
2187,6.22882594
2188,6.23205413
2189,6.23528249
2190,6.23851102
2191,6.24173975
2192,6.24496864
2193,6.2481977
2194,6.25142694
2195,6.25465635
2196,6.25788593
2197,6.26107635
2198,6.2642669
2199,6.26745759
2200,6.27064841
2201,6.27383937
2202,6.27703045
2203,6.28022168
2204,6.28341305
2205,6.28660454
2206,6.28979618
2207,6.29298793
2208,6.29617983
2209,6.29937187
2210,6.30256403
2211,6.30575633
2212,6.30894876
2213,6.31214132
2214,6.31533402
2215,6.31852685
2216,6.32171981
2217,6.3249129
2218,6.32810613
2219,6.33129948
2220,6.33449297
2221,6.33768659
2222,6.34088034
2223,6.34407423
2224,6.34726823
2225,6.35046237
2226,6.35365665
2227,6.35685105
2228,6.36004559
2229,6.36324026
2230,6.36643504
2231,6.36962996
2232,6.37282501
2233,6.3760202
2234,6.37921551
2235,6.38241094
2236,6.3856065
2237,6.38880219
2238,6.39199802
2239,6.39519397
2240,6.39839005
2241,6.40158625
2242,6.40478258
2243,6.40797904
2244,6.41117562
2245,6.41437234
2246,6.41756919
2247,6.42076614
2248,6.42396323
2249,6.42716045
2250,6.4303578
2251,6.43355527
2252,6.43675286
2253,6.43995057
2254,6.44314841
2255,6.44634639
2256,6.44954449
2257,6.4527427
2258,6.45594105
2259,6.4591395
2260,6.4623381
2261,6.46553682
2262,6.46873565
2263,6.47193461
2264,6.47513368
2265,6.47833289
2266,6.48153223
2267,6.48473168
2268,6.48793126
2269,6.49113095
2270,6.49433076
2271,6.4975307
2272,6.50073076
2273,6.50393095
2274,6.50713125
2275,6.51033168
2276,6.51353221
2277,6.51673288
2278,6.51993367
2279,6.52313458
2280,6.52633561
2281,6.52953674
2282,6.53273801
2283,6.5359394
2284,6.5391409
2285,6.54234253
2286,6.54554427
2287,6.54874613
2288,6.55194811
2289,6.55515021
2290,6.55835243
2291,6.56155476
2292,6.56475722
2293,6.56795979
2294,6.57116247
2295,6.57436528
2296,6.5775682
2297,6.58077124
2298,6.58397439
2299,6.58717766
2300,6.59038105
2301,6.59358455
2302,6.59678818
2303,6.59999192
2304,6.60319576
2305,6.60639973
2306,6.60960381
2307,6.61280801
2308,6.61601233
2309,6.61921675
2310,6.62242128
2311,6.62562594
2312,6.62883071
2313,6.63203559
2314,6.63524059
2315,6.63844571
2316,6.64165092
2317,6.64485626
2318,6.6480617
2319,6.65126727
2320,6.65447295
2321,6.65767872
2322,6.66088463
2323,6.66409064
2324,6.66729677
2325,6.67050301
2326,6.67370935
2327,6.6769158
2328,6.68012237
2329,6.68332905
2330,6.68653585
2331,6.68974275
2332,6.69294976
2333,6.69615687
2334,6.69936411
2335,6.70257145
2336,6.7057789
2337,6.70898647
2338,6.71219412
2339,6.7154019
2340,6.7186098
2341,6.72181779
2342,6.7250259
2343,6.72823411
2344,6.73144242
2345,6.73465086
2346,6.73785939
2347,6.74106804
2348,6.74427679
2349,6.74748566
2350,6.75069461
2351,6.75390369
2352,6.75711287
2353,6.76032215
2354,6.76353155
2355,6.76674104
2356,6.76995065
2357,6.77316036
2358,6.77637018
2359,6.7795801
2360,6.78279013
2361,6.78600025
2362,6.78921049
2363,6.79242083
2364,6.79563128
2365,6.79884183
2366,6.80205249
2367,6.80526324
2368,6.8084741
2369,6.81168507
2370,6.81489614
2371,6.81810731
2372,6.82131859
2373,6.82452996
2374,6.82774144
2375,6.83095302
2376,6.83416471
2377,6.83737651
2378,6.84058838
2379,6.84380038
2380,6.84701247
2381,6.85022467
2382,6.85343697
2383,6.85664936
2384,6.85986185
2385,6.86307445
2386,6.86628715
2387,6.86949995
2388,6.87271285
2389,6.87592586
2390,6.87913894
2391,6.88235215
2392,6.88556544
2393,6.88877884
2394,6.89199235
2395,6.89520593
2396,6.89841963
2397,6.90163341
2398,6.90484731
2399,6.90806131
2400,6.91127539
2401,6.91448957
2402,6.91770385
2403,6.92091823
2404,6.92413271
2405,6.92734729
2406,6.93056196
2407,6.93377671
2408,6.93699158
2409,6.94020655
2410,6.9434216
2411,6.94663676
2412,6.949852
2413,6.95306735
2414,6.95628279
2415,6.95949832
2416,6.96271396
2417,6.96592968
2418,6.9691455
2419,6.97236142
2420,6.97557742
2421,6.97879353
2422,6.98200973
2423,6.98522602
2424,6.98844239
2425,6.99165888
2426,6.99487546
2427,6.99809212
2428,7.00130888
2429,7.00452572
2430,7.00774267
2431,7.01095971
2432,7.01417683
2433,7.01739406
2434,7.02061137
2435,7.02382876
2436,7.02704627
2437,7.03026385
2438,7.03348153
2439,7.0366993
2440,7.03991717
2441,7.04313511
2442,7.04635315
2443,7.04957129
2444,7.05278951
2445,7.05600782
2446,7.05922623
2447,7.06244471
2448,7.06566329
2449,7.06888196
2450,7.07210073
2451,7.07531958
2452,7.0785385
2453,7.08175753
2454,7.08497664
2455,7.08819585
2456,7.09141515
2457,7.09463452
2458,7.09785398
2459,7.10107353
2460,7.10429318
2461,7.1075129
2462,7.11073272
2463,7.11395263
2464,7.1171726
2465,7.12039269
2466,7.12361284
2467,7.1268331
2468,7.13005344
2469,7.13327384
2470,7.13649435
2471,7.13971494
2472,7.14293562
2473,7.14615638
2474,7.14937723
2475,7.15259815
2476,7.15581916
2477,7.15904027
2478,7.16226146
2479,7.16548272
2480,7.16870408
2481,7.1719255
2482,7.17514702
2483,7.17836863
2484,7.18159031
2485,7.18481209
2486,7.18803392
2487,7.19125586
2488,7.19447788
2489,7.19769998
2490,7.20092216
2491,7.20414442
2492,7.20736676
2493,7.21058919
2494,7.2138117
2495,7.21703429
2496,7.22025696
2497,7.22347971
2498,7.22670253
2499,7.22992545
2500,7.23314845
2501,7.23637152
2502,7.23959467
2503,7.2428179
2504,7.24604121
2505,7.24926461
2506,7.25248808
2507,7.25571163
2508,7.25893526
2509,7.26215896
2510,7.26538275
2511,7.26860662
2512,7.27183057
2513,7.27505459
2514,7.27827869
2515,7.28150286
2516,7.28472712
2517,7.28795146
2518,7.29117586
2519,7.29440036
2520,7.29762493
2521,7.30084955
2522,7.30407428
2523,7.30729907
2524,7.31052395
2525,7.3137489
2526,7.31697391
2527,7.32019901
2528,7.32342418
2529,7.32664944
2530,7.32987476
2531,7.33310017
2532,7.33632564
2533,7.33955118
2534,7.34277681
2535,7.34600251
2536,7.34922829
2537,7.35245414
2538,7.35568005
2539,7.35890605
2540,7.36213211
2541,7.36535826
2542,7.36858448
2543,7.37181076
2544,7.37503712
2545,7.37826356
2546,7.38149007
2547,7.38471665
2548,7.3879433
2549,7.39117002
2550,7.39476985
2551,7.39836996
2552,7.40197035
2553,7.40557102
2554,7.40917196
2555,7.41277318
2556,7.41637467
2557,7.41997646
2558,7.42357851
2559,7.42718084
2560,7.43078345
2561,7.43438632
2562,7.43795229
2563,7.44151851
2564,7.44508496
2565,7.44865167
2566,7.45221862
2567,7.45578581
2568,7.45935324
2569,7.46292092
2570,7.46648884
2571,7.470057
2572,7.4736254
2573,7.47719405
2574,7.48076294
2575,7.48433206
2576,7.48790144
2577,7.49147105
2578,7.49504091
2579,7.49861099
2580,7.50218133
2581,7.5057519
2582,7.50932271
2583,7.51289376
2584,7.51646506
2585,7.5200366
2586,7.52360836
2587,7.52718037
2588,7.53075262
2589,7.53432511
2590,7.53789782
2591,7.54147078
2592,7.54504399
2593,7.54861741
2594,7.55219109
2595,7.55576499
2596,7.55933915
2597,7.56291351
2598,7.56648813
2599,7.57006298
2600,7.57363807
2601,7.57721339
2602,7.58078895
2603,7.58436474
2604,7.58794076
2605,7.59151702
2606,7.59509352
2607,7.59867025
2608,7.60224719
2609,7.60582439
2610,7.60940182
2611,7.61297947
2612,7.61655736
2613,7.62013549
2614,7.62371384
2615,7.62729242
2616,7.63087123
2617,7.63445029
2618,7.63802955
2619,7.64160906
2620,7.6451888
2621,7.64876878
2622,7.65234896
2623,7.65592939
2624,7.65951005
2625,7.66309094
2626,7.66667204
2627,7.67025339
2628,7.67383496
2629,7.67741675
2630,7.68099878
2631,7.68458104
2632,7.68816352
2633,7.69174622
2634,7.69532915
2635,7.69891232
2636,7.70249569
2637,7.70607931
2638,7.70966315
2639,7.71324722
2640,7.7168315
2641,7.72041602
2642,7.72400075
2643,7.72758573
2644,7.7311709
2645,7.73475632
2646,7.73834195
2647,7.7419278
2648,7.74551389
2649,7.7491002
2650,7.75268673
2651,7.75627347
2652,7.75986045
2653,7.76344764
2654,7.76703505
2655,7.77062268
2656,7.77421055
2657,7.77779863
2658,7.78138692
2659,7.78497544
2660,7.78856419
2661,7.79215315
2662,7.79574232
2663,7.79933172
2664,7.80292135
2665,7.80651117
2666,7.81010123
2667,7.81369151
2668,7.81728201
2669,7.82087271
2670,7.82446364
2671,7.82805479
2672,7.83164615
2673,7.83523773
2674,7.83882953
2675,7.84242154
2676,7.84601377
2677,7.84960621
2678,7.85319888
2679,7.85679175
2680,7.86038485
2681,7.86397815
2682,7.86757169
2683,7.87116541
2684,7.87475937
2685,7.87835353
2686,7.88194792
2687,7.88554251
2688,7.88913731
2689,7.89273234
2690,7.89632756
2691,7.89992301
2692,7.90351867
2693,7.90711454
2694,7.91071061
2695,7.91430691
2696,7.91790342
2697,7.92150013
2698,7.92509705
2699,7.9286942
2700,7.93229154
2701,7.93588909
2702,7.93948686
2703,7.94308485
2704,7.94668303
2705,7.95028142
2706,7.95388003
2707,7.95747885
2708,7.96107785
2709,7.96467709
2710,7.96827653
2711,7.97187618
2712,7.97547602
2713,7.97907609
2714,7.98267636
2715,7.98627683
2716,7.98987751
2717,7.9934784
2718,7.99707949
2719,8.00068079
2720,8.00428229
2721,8.00788401
2722,8.01148592
2723,8.01508804
2724,8.01869036
2725,8.0222929
2726,8.02589561
2727,8.02949856
2728,8.03310171
2729,8.03670505
2730,8.04030859
2731,8.04391234
2732,8.0475163
2733,8.05112044
2734,8.05472481
2735,8.05832937
2736,8.06193413
2737,8.06553908
2738,8.06914425
2739,8.07274962
2740,8.07635519
2741,8.07996094
2742,8.08356692
2743,8.08717308
2744,8.09077944
2745,8.094386
2746,8.09799278
2747,8.10159974
2748,8.1052069
2749,8.10881426
2750,8.11242183
2751,8.11602957
2752,8.11963753
2753,8.12324568
2754,8.12685404
2755,8.13046257
2756,8.13407133
2757,8.13768027
2758,8.14128941
2759,8.14489873
2760,8.14850827
2761,8.152118
2762,8.15572791
2763,8.15933803
2764,8.16294835
2765,8.16655885
2766,8.17016955
2767,8.17378045
2768,8.17739154
2769,8.18100282
2770,8.18461429
2771,8.18822597
2772,8.19183783
2773,8.19544988
2774,8.19906213
2775,8.20267458
2776,8.2062872
2777,8.20990003
2778,8.21351305
2779,8.21712626
2780,8.22073965
2781,8.22435325
2782,8.22796703
2783,8.23158101
2784,8.23519515
2785,8.23880952
2786,8.24242406
2787,8.24603878
2788,8.2496537
2789,8.25326882
2790,8.25688412
2791,8.2604996
2792,8.26411528
2793,8.26773115
2794,8.27134718
2795,8.27496343
2796,8.27857986
2797,8.28219648
2798,8.28581327
2799,8.28943027
2800,8.29304744
2801,8.29666481
2802,8.30028234
2803,8.30390008
2804,8.307518
2805,8.3111361
2806,8.31475439
2807,8.31837287
2808,8.32199154
2809,8.32561036
2810,8.3292294
2811,8.33284861
2812,8.336468
2813,8.34008758
2814,8.34370735
2815,8.34732729
2816,8.35094741
2817,8.35456772
2818,8.35818822
2819,8.3618089
2820,8.36542975
2821,8.36905078
2822,8.37267201
2823,8.3762934
2824,8.37991499
2825,8.38353675
2826,8.3871587
2827,8.39078081
2828,8.39440312
2829,8.3980256
2830,8.40164826
2831,8.4052711
2832,8.40889413
2833,8.41251733
2834,8.4161407
2835,8.41976425
2836,8.423388
2837,8.42701191
2838,8.43063599
2839,8.43426026
2840,8.43788472
2841,8.44150932
2842,8.44513413
2843,8.4487591
2844,8.45238427
2845,8.45600958
2846,8.45963509
2847,8.46326077
2848,8.46688662
2849,8.47051266
2850,8.47413886
2851,8.47776525
2852,8.48139179
2853,8.48501852
2854,8.48864543
2855,8.49227251
2856,8.49589974
2857,8.49952718
2858,8.50315477
2859,8.50678253
2860,8.51041048
2861,8.5140386
2862,8.51766688
2863,8.52129534
2864,8.52492396
2865,8.52855278
2866,8.53218173
2867,8.53581089
2868,8.5394402
2869,8.54306969
2870,8.54669933
2871,8.55032917
2872,8.55395916
2873,8.55758934
2874,8.56121966
2875,8.56485017
2876,8.56848084
2877,8.57211168
2878,8.57574269
2879,8.57937387
2880,8.58300522
2881,8.58663673
2882,8.59026841
2883,8.59390027
2884,8.59753227
2885,8.60116446
2886,8.60479681
2887,8.60842934
2888,8.61206202
2889,8.61569486
2890,8.61932789
2891,8.62296105
2892,8.62659441
2893,8.63022792
2894,8.6338616
2895,8.63749543
2896,8.64112944
2897,8.64476361
2898,8.64839796
2899,8.65203244
2900,8.65566711
2901,8.65930193
2902,8.66293691
2903,8.66657206
2904,8.67020738
2905,8.67384286
2906,8.67747849
2907,8.68111429
2908,8.68475026
2909,8.68838637
2910,8.69202266
2911,8.69565911
2912,8.69929572
2913,8.70293247
2914,8.70656941
2915,8.7102065
2916,8.71384375
2917,8.71748115
2918,8.72111872
2919,8.72475645
2920,8.72839433
2921,8.73203237
2922,8.73567058
2923,8.73930894
2924,8.74294746
2925,8.74658613
2926,8.75022498
2927,8.75381944
2928,8.75741404
2929,8.76100878
2930,8.76460363
2931,8.76819859
2932,8.77179369
2933,8.77538892
2934,8.77898425
2935,8.78257973
2936,8.78617532
2937,8.78977104
2938,8.79336686
2939,8.79696283
2940,8.80055892
2941,8.80415512
2942,8.80775144
2943,8.8113479
2944,8.81494447
2945,8.81854116
2946,8.82213797
2947,8.82573491
2948,8.82933195
2949,8.83292914
2950,8.83652643
2951,8.84012386
2952,8.84372138
2953,8.84731904
2954,8.85091682
2955,8.8545147
2956,8.85811272
2957,8.86171086
2958,8.86530911
2959,8.86890747
2960,8.87250595
2961,8.87610457
2962,8.87970327
2963,8.88330212
2964,8.88690108
2965,8.89050014
2966,8.89409933
2967,8.89769865
2968,8.90129807
2969,8.9048976
2970,8.90849727
2971,8.91209704
2972,8.91569692
2973,8.91929692
2974,8.92289704
2975,8.92649727
2976,8.93009761
2977,8.93369807
2978,8.93729865
2979,8.94089932
2980,8.94450014
2981,8.94810105
2982,8.95170209
2983,8.95530321
2984,8.95890448
2985,8.96250584
2986,8.96610731
2987,8.9697089
2988,8.97331062
2989,8.97691243
2990,8.98051435
2991,8.98411639
2992,8.98771855
2993,8.99132079
2994,8.99492317
2995,8.99852565
2996,9.00212825
2997,9.00573093
2998,9.00933375
2999,9.01293667
3000,9.0165397
3001,9.02014283
3002,9.02374609
3003,9.02734945
3004,9.03095291
3005,9.03455648
3006,9.03816017
3007,9.04176394
3008,9.04536785
3009,9.04897186
3010,9.05257596
3011,9.05618018
3012,9.05978451
3013,9.06338895
3014,9.06699347
3015,9.07059813
3016,9.07420287
3017,9.07780772
3018,9.08141268
3019,9.08501776
3020,9.08862293
3021,9.0922282
3022,9.09583358
3023,9.09943908
3024,9.10304465
3025,9.10665035
3026,9.11025615
3027,9.11386206
3028,9.11746805
3029,9.12107417
3030,9.12468038
3031,9.12828668
3032,9.1318931
3033,9.13549963
3034,9.13910624
3035,9.14271296
3036,9.14631978
3037,9.14992672
3038,9.15353373
3039,9.15714086
3040,9.16074809
3041,9.16435543
3042,9.16796284
3043,9.17157038
3044,9.17517801
3045,9.17878573
3046,9.18239356
3047,9.1860015
3048,9.18960952
3049,9.19321764
3050,9.19682588
3051,9.2004342
3052,9.20404261
3053,9.20765113
3054,9.21125976
3055,9.21486847
3056,9.21847728
3057,9.22208619
3058,9.2256952
3059,9.22930429
3060,9.2329135
3061,9.23652279
3062,9.24013218
3063,9.24374167
3064,9.24735126
3065,9.25096094
3066,9.25457071
3067,9.25818058
3068,9.26179055
3069,9.26540059
3070,9.26901076
3071,9.27262101
3072,9.27623136
3073,9.27984178
3074,9.28345232
3075,9.28706294
3076,9.29067365
3077,9.29428446
3078,9.29789537
3079,9.30150636
3080,9.30511745
3081,9.30872862
3082,9.31233991
3083,9.31595125
3084,9.31956272
3085,9.32317426
3086,9.32678591
3087,9.33039762
3088,9.33400945
3089,9.33762136
3090,9.34123335
3091,9.34484545
3092,9.34845763
3093,9.35206991
3094,9.35568225
3095,9.35929471
3096,9.36290725
3097,9.36651987
3098,9.37013258
3099,9.37374539
3100,9.37735828
3101,9.38097126
3102,9.38458432
3103,9.38819749
3104,9.39181071
3105,9.39542405
3106,9.39903747
3107,9.40265097
3108,9.40626456
3109,9.40987824
3110,9.41349201
3111,9.41710585
3112,9.42071978
3113,9.42433381
3114,9.4279479
3115,9.4315621
3116,9.43517637
3117,9.43879074
3118,9.44240517
3119,9.44601971
3120,9.44963432
3121,9.45324901
3122,9.45686379
3123,9.46047867
3124,9.46409362
3125,9.46770864
3126,9.47132375
3127,9.47493896
3128,9.47855422
3129,9.48216959
3130,9.48578505
3131,9.48940057
3132,9.49301617
3133,9.49663186
3134,9.50024764
3135,9.50386347
3136,9.50747941
3137,9.51109542
3138,9.51471153
3139,9.51832768
3140,9.52194395
3141,9.52556028
3142,9.52917668
3143,9.53279317
3144,9.53640976
3145,9.54002641
3146,9.54364313
3147,9.54725993
3148,9.55087683
3149,9.55449378
3150,9.55811083
3151,9.56172795
3152,9.56534514
3153,9.56896242
3154,9.57257978
3155,9.57619721
3156,9.57981471
3157,9.58343229
3158,9.58704996
3159,9.59066768
3160,9.5942855
3161,9.59790338
3162,9.60152136
3163,9.60513938
3164,9.6087575
3165,9.61237569
3166,9.61599395
3167,9.61961228
3168,9.62323071
3169,9.62684919
3170,9.63046775
3171,9.63408639
3172,9.6377051
3173,9.64132387
3174,9.64494273
3175,9.64856166
3176,9.65218066
3177,9.65579973
3178,9.65941887
3179,9.6630381
3180,9.66665737
3181,9.67027675
3182,9.67389618
3183,9.67751569
3184,9.68113525
3185,9.68475491
3186,9.68837462
3187,9.69199441
3188,9.69561426
3189,9.6992342
3190,9.7028542
3191,9.70647426
3192,9.7100944
3193,9.71371462
3194,9.71733488
3195,9.72095523
3196,9.72457565
3197,9.72819612
3198,9.73181667
3199,9.7354373
3200,9.73905799
3201,9.74267874
3202,9.74629956
3203,9.74992046
3204,9.7535414
3205,9.75716244
3206,9.76078353
3207,9.7644047
3208,9.76802591
3209,9.77164721
3210,9.77526856
3211,9.77888998
3212,9.78251148
3213,9.78613303
3214,9.78975466
3215,9.79337633
3216,9.79699809
3217,9.8006199
3218,9.80424178
3219,9.80786372
3220,9.81148573
3221,9.81510781
3222,9.81872993
3223,9.82235213
3224,9.8259744
3225,9.82959671
3226,9.83321911
3227,9.83684156
3228,9.84046408
3229,9.84408664
3230,9.84770928
3231,9.85133198
3232,9.85495474
3233,9.85857756
3234,9.86220045
3235,9.8658234
3236,9.8694464
3237,9.87306946
3238,9.8766926
3239,9.88031577
3240,9.88393903
3241,9.88756234
3242,9.8911857
3243,9.89480912
3244,9.89843262
3245,9.90205617
3246,9.90567976
3247,9.90930343
3248,9.91292716
3249,9.91655092
3250,9.92017477
3251,9.92379868
3252,9.92742263
3253,9.93104664
3254,9.93467071
3255,9.93829485
3256,9.94191901
3257,9.94554327
3258,9.94916756
3259,9.95279193
3260,9.95641632
3261,9.9600408
3262,9.96366532
3263,9.96728989
3264,9.97091453
3265,9.97453923
3266,9.97816397
3267,9.98178877
3268,9.98541362
3269,9.98903854
3270,9.99266348
3271,9.99628851
3272,9.99991358
3273,10.00353872
3274,10.00716388
3275,10.01078913
3276,10.01441441
3277,10.01803974
3278,10.02166513
3279,10.02529059
3280,10.02891609
3281,10.03254163
3282,10.03616723
3283,10.03979289
3284,10.04341858
3285,10.04704435
3286,10.05067016
3287,10.05429603
3288,10.05792192
3289,10.06154789
3290,10.0651739
3291,10.06879996
3292,10.07237153
3293,10.07594311
3294,10.07951471
3295,10.08308632
3296,10.08665796
3297,10.0902296
3298,10.09380127
3299,10.09737293
3300,10.10094463
3301,10.10451633
3302,10.10808805
3303,10.11165978
3304,10.11523153
3305,10.11880328
3306,10.12237506
3307,10.12594684
3308,10.12951864
3309,10.13309045
3310,10.13666228
3311,10.14023411
3312,10.14380596
3313,10.14737782
3314,10.1509497
3315,10.15452158
3316,10.15809348
3317,10.16166538
3318,10.1652373
3319,10.16880923
3320,10.17238117
3321,10.17595312
3322,10.17952508
3323,10.18309705
3324,10.18666903
3325,10.19024102
3326,10.19381303
3327,10.19738503
3328,10.20095707
3329,10.20452909
3330,10.20810114
3331,10.21167318
3332,10.21524524
3333,10.21881731
3334,10.22238937
3335,10.22596145
3336,10.22953354
3337,10.23310564
3338,10.23667773
3339,10.24024985
3340,10.24382196
3341,10.24739408
3342,10.25096621
3343,10.25453835
3344,10.25811049
3345,10.26168264
3346,10.26525479
3347,10.26882695
3348,10.27239911
3349,10.27597129
3350,10.27954346
3351,10.28311565
3352,10.28668783
3353,10.29026003
3354,10.29383222
3355,10.29740442
3356,10.30097662
3357,10.30454883
3358,10.30812104
3359,10.31169326
3360,10.31526547
3361,10.3188377
3362,10.32240992
3363,10.32598215
3364,10.32955438
3365,10.33312662
3366,10.33669885
3367,10.34027109
3368,10.34384332
3369,10.34741557
3370,10.35098781
3371,10.35456006
3372,10.35813231
3373,10.36170455
3374,10.3652768
3375,10.36884904
3376,10.3724213
3377,10.37599354
3378,10.37956579
3379,10.38313804
3380,10.38671029
3381,10.39028253
3382,10.39385479
3383,10.39742703
3384,10.40099928
3385,10.40457152
3386,10.40814377
3387,10.411716
3388,10.41528825
3389,10.41886048
3390,10.42243272
3391,10.42600495
3392,10.42957719
3393,10.43314941
3394,10.43672165
3395,10.44029386
3396,10.44386609
3397,10.4474383
3398,10.45101052
3399,10.45458273
3400,10.45815494
3401,10.46172713
3402,10.46529934
3403,10.46887153
3404,10.47244372
3405,10.4760159
3406,10.47958809
3407,10.48316026
3408,10.48673243
3409,10.49030459
3410,10.49387675
3411,10.4974489
3412,10.50102105
3413,10.5045932
3414,10.50816533
3415,10.51173746
3416,10.51530958
3417,10.5188817
3418,10.5224538
3419,10.52602591
3420,10.52959799
3421,10.53317009
3422,10.53674216
3423,10.54031423
3424,10.54388629
3425,10.54745835
3426,10.55103039
3427,10.55460243
3428,10.55817445
3429,10.56174648
3430,10.56531848
3431,10.56889049
3432,10.57246247
3433,10.57603446
3434,10.57960643
3435,10.58317839
3436,10.58675034
3437,10.59032229
3438,10.59389421
3439,10.59746614
3440,10.60103804
3441,10.60460994
3442,10.60818183
3443,10.61175371
3444,10.61532557
3445,10.61889742
3446,10.62246926
3447,10.62604109
3448,10.6296129
3449,10.63318471
3450,10.6367565
3451,10.64032828
3452,10.64390005
3453,10.6474718
3454,10.65104354
3455,10.65461526
3456,10.65818698
3457,10.66175867
3458,10.66533036
3459,10.66890202
3460,10.67247368
3461,10.67604532
3462,10.67961695
3463,10.68318856
3464,10.68676016
3465,10.69033173
3466,10.6939033
3467,10.69747485
3468,10.70104639
3469,10.7046179
3470,10.70818941
3471,10.71176089
3472,10.71533236
3473,10.71890381
3474,10.72247525
3475,10.72604667
3476,10.72961807
3477,10.73318945
3478,10.73676083
3479,10.74033217
3480,10.74390351
3481,10.74747482
3482,10.75104612
3483,10.75461739
3484,10.75818865
3485,10.76175989
3486,10.76533112
3487,10.76890231
3488,10.7724735
3489,10.77604466
3490,10.77961581
3491,10.78318693
3492,10.78675804
3493,10.79032913
3494,10.79390019
3495,10.79747124
3496,10.80104226
3497,10.80461327
3498,10.80818425
3499,10.81175521
3500,10.81532615
3501,10.81889707
3502,10.82246796
3503,10.82603884
3504,10.82960969
3505,10.83318053
3506,10.83675133
3507,10.84032213
3508,10.84389289
3509,10.84746363
3510,10.85103435
3511,10.85460505
3512,10.85817571
3513,10.86174637
3514,10.86531699
3515,10.8688876
3516,10.87245817
3517,10.87602873
3518,10.87959925
3519,10.88316976
3520,10.88674024
3521,10.8903107
3522,10.89388112
3523,10.89745154
3524,10.90102191
3525,10.90459227
3526,10.9081626
3527,10.9117329
3528,10.91530318
3529,10.91887343
3530,10.92244365
3531,10.92601386
3532,10.92958403
3533,10.93315418
3534,10.9367243
3535,10.94029439
3536,10.94386446
3537,10.94743449
3538,10.9510045
3539,10.95457448
3540,10.95814444
3541,10.96171436
3542,10.96528426
3543,10.96885413
3544,10.97242397
3545,10.97599378
3546,10.97956357
3547,10.98313331
3548,10.98670304
3549,10.99027273
3550,10.9938424
3551,10.99741203
3552,11.00098165
3553,11.00455122
3554,11.00812077
3555,11.01169028
3556,11.01525977
3557,11.01882921
3558,11.02239864
3559,11.02596803
3560,11.02953739
3561,11.03310672
3562,11.03667602
3563,11.0402453
3564,11.04381454
3565,11.04738373
3566,11.05095291
3567,11.05452204
3568,11.05809115
3569,11.06166022
3570,11.06522926
3571,11.06879826
3572,11.07236724
3573,11.07593619
3574,11.07950509
3575,11.08307396
3576,11.0866428
3577,11.09021161
3578,11.09378037
3579,11.09734911
3580,11.10091781
3581,11.10448648
3582,11.1080551
3583,11.11162371
3584,11.11519226
3585,11.11876079
3586,11.12232928
3587,11.12589774
3588,11.12946615
3589,11.13303454
3590,11.13660288
3591,11.1401712
3592,11.14373947
3593,11.14730771
3594,11.15087591
3595,11.15444408
3596,11.1580122
3597,11.16158029
3598,11.16514834
3599,11.16871636
3600,11.17228433
3601,11.17585227
3602,11.17942017
3603,11.18298804
3604,11.18655586
3605,11.19012365
3606,11.19369139
3607,11.1972591
3608,11.20082676
3609,11.2043944
3610,11.20796198
3611,11.21152954
3612,11.21509704
3613,11.21866452
3614,11.22223196
3615,11.22579934
3616,11.2293667
3617,11.232934
3618,11.23650128
3619,11.2400685
3620,11.2436357
3621,11.24720284
3622,11.25076995
3623,11.25433701
3624,11.25790403
3625,11.26147101
3626,11.26503795
3627,11.26860484
3628,11.2721717
3629,11.27573851
3630,11.27930528
3631,11.282872
3632,11.28643869
3633,11.29000533
3634,11.29357193
3635,11.29713848
3636,11.300705
3637,11.30427146
3638,11.30783788
3639,11.31140426
3640,11.3149706
3641,11.31853688
3642,11.32358941
3643,11.32864233
3644,11.33369567
3645,11.3387494
3646,11.34380355
3647,11.34885811
3648,11.35391307
3649,11.35896845
3650,11.36402423
3651,11.36908042
3652,11.374137
3653,11.379194
3654,11.3842514
3655,11.3893092
3656,11.39436742
3657,11.39942603
3658,11.40448505
3659,11.40946175
3660,11.41443881
3661,11.41941623
3662,11.42439397
3663,11.42937209
3664,11.43435053
3665,11.43932935
3666,11.4443085
3667,11.44928797
3668,11.45426783
3669,11.45924799
3670,11.46422854
3671,11.4692094
3672,11.47419063
3673,11.47917219
3674,11.48415408
3675,11.48913635
3676,11.49411892
3677,11.49910187
3678,11.50408513
3679,11.50906876
3680,11.51405272
3681,11.51903701
3682,11.52402166
3683,11.52900663
3684,11.53399196
3685,11.53897762
3686,11.54396361
3687,11.54894995
3688,11.55393661
3689,11.55892364
3690,11.56391097
3691,11.56889867
3692,11.57388669
3693,11.57887505
3694,11.58386374
3695,11.58885276
3696,11.59384214
3697,11.59883182
3698,11.60382187
3699,11.60881223
3700,11.61380293
3701,11.61879396
3702,11.62378531
3703,11.62877703
3704,11.63376906
3705,11.63876141
3706,11.64375411
3707,11.64874712
3708,11.65374048
3709,11.65873415
3710,11.66372817
3711,11.66872252
3712,11.67371718
3713,11.67871218
3714,11.6837075
3715,11.68870316
3716,11.69369914
3717,11.69869544
3718,11.70369208
3719,11.70868903
3720,11.71368632
3721,11.71868392
3722,11.72368186
3723,11.72868012
3724,11.7336787
3725,11.73867761
3726,11.74367684
3727,11.74867639
3728,11.75367626
3729,11.75867646
3730,11.76367698
3731,11.76867782
3732,11.77367898
3733,11.77868046
3734,11.78368226
3735,11.78868439
3736,11.79368682
3737,11.79868959
3738,11.80369266
3739,11.80869606
3740,11.81369977
3741,11.81870381
3742,11.82370816
3743,11.82871282
3744,11.8337178
3745,11.8387231
3746,11.84372871
3747,11.84873464
3748,11.85374088
3749,11.85874745
3750,11.86375431
3751,11.8687615
3752,11.87376899
3753,11.87877681
3754,11.88378495
3755,11.88879337
3756,11.89380212
3757,11.89881117
3758,11.90382055
3759,11.90883022
3760,11.91384022
3761,11.91885053
3762,11.92386113
3763,11.92887205
3764,11.93388327
3765,11.93889481
3766,11.94390665
3767,11.94891881
3768,11.95393128
3769,11.95894403
3770,11.96395711
3771,11.96897048
3772,11.97398417
3773,11.97899817
3774,11.98401245
3775,11.98902706
3776,11.99404195
3777,11.99905716
3778,12.00407266
3779,12.00908848
3780,12.01410461
3781,12.01912101
3782,12.02413775
3783,12.02915475
3784,12.03417207
3785,12.03918969
3786,12.04420762
3787,12.04922586
3788,12.05424436
3789,12.0592632
3790,12.06428231
3791,12.06930173
3792,12.07432146
3793,12.07934146
3794,12.08436179
3795,12.08938238
3796,12.0944033
3797,12.09942449
3798,12.10444599
3799,12.1094678
3800,12.11448987
3801,12.11951227
3802,12.12453493
3803,12.12955792
3804,12.13458117
3805,12.13960473
3806,12.14462859
3807,12.14965272
3808,12.15467717
3809,12.15970188
3810,12.16472692
3811,12.16975223
3812,12.17477782
3813,12.17980372
3814,12.18482989
3815,12.18985637
3816,12.19488312
3817,12.19991018
3818,12.20493752
3819,12.20996513
3820,12.21499306
3821,12.22002124
3822,12.22504974
3823,12.2300785
3824,12.23510757
3825,12.24013692
3826,12.24516653
3827,12.25019647
3828,12.25522665
3829,12.26025715
3830,12.26528792
3831,12.27031896
3832,12.27535031
3833,12.28038191
3834,12.28541382
3835,12.29044599
3836,12.29547847
3837,12.30051122
3838,12.30554423
3839,12.31057755
3840,12.31561112
3841,12.32064501
3842,12.32567914
3843,12.33071358
3844,12.33574829
3845,12.34078325
3846,12.34581853
3847,12.35085405
3848,12.35588989
3849,12.36092598
3850,12.36596235
3851,12.370999
3852,12.3760359
3853,12.38107312
3854,12.38611057
3855,12.39114833
3856,12.39618636
3857,12.40122465
3858,12.40626322
3859,12.41130205
3860,12.41634118
3861,12.42138057
3862,12.42642023
3863,12.43146016
3864,12.43650036
3865,12.44154084
3866,12.44658157
3867,12.4516226
3868,12.45666389
3869,12.46170544
3870,12.46674727
3871,12.47178936
3872,12.47683173
3873,12.48187434
3874,12.48691725
3875,12.49196042
3876,12.49700385
3877,12.50204755
3878,12.50709151
3879,12.51213575
3880,12.51718025
3881,12.52222501
3882,12.52727004
3883,12.53231533
3884,12.53736089
3885,12.54240671
3886,12.54745279
3887,12.55249914
3888,12.55754575
3889,12.56259262
3890,12.56763975
3891,12.57268715
3892,12.57773481
3893,12.58278273
3894,12.58783091
3895,12.59287934
3896,12.59792805
3897,12.602977
3898,12.60802622
3899,12.61307572
3900,12.61812543
3901,12.62317543
3902,12.62822568
3903,12.63327619
3904,12.63832695
3905,12.64337797
3906,12.64842927
3907,12.65348078
3908,12.65853258
3909,12.66358462
3910,12.66863692
3911,12.67368947
3912,12.67874228
3913,12.68379536
3914,12.68884866
3915,12.69390223
3916,12.69895605
3917,12.70401013
3918,12.70906447
3919,12.71411903
3920,12.71917387
3921,12.72422893
3922,12.72928427
3923,12.73433984
3924,12.73939568
3925,12.74445177
3926,12.74950809
3927,12.75456467
3928,12.75962149
3929,12.76467857
3930,12.76973588
3931,12.77479346
3932,12.77985129
3933,12.78490934
3934,12.78996765
3935,12.7950262
3936,12.800085
3937,12.80514407
3938,12.81020334
3939,12.81526289
3940,12.82032266
3941,12.82538268
3942,12.83044295
3943,12.83550346
3944,12.84056423
3945,12.84562521
3946,12.85068646
3947,12.85574793
3948,12.86080965
3949,12.86587161
3950,12.87093381
3951,12.87599627
3952,12.88105894
3953,12.88612188
3954,12.89118502
3955,12.89624843
3956,12.90131208
3957,12.90637594
3958,12.91144008
3959,12.91650441
3960,12.92156902
3961,12.92663383
3962,12.9316989
3963,12.93676421
3964,12.94182973
3965,12.94689552
3966,12.95196151
3967,12.95702777
3968,12.96209422
3969,12.96716094
3970,12.9722279
3971,12.97729505
3972,12.98236248
3973,12.98743011
3974,12.992498
3975,12.99756611
3976,13.00263443
3977,13.00770301
3978,13.0127718
3979,13.01784084
3980,13.02291009
3981,13.02797959
3982,13.03304932
3983,13.03811925
3984,13.04318944
3985,13.04825983
3986,13.05333048
3987,13.05840135
3988,13.06347244
3989,13.06854376
3990,13.07361528
3991,13.07868707
3992,13.08375905
3993,13.08883129
3994,13.09390374
3995,13.09897641
3996,13.10404931
3997,13.10912241
3998,13.11419578
3999,13.11926933
4000,13.12434314
4001,13.12941716
4002,13.13449139
4003,13.13956585
4004,13.14464052
4005,13.14971544
4006,13.15479057
4007,13.15986591
4008,13.16494148
4009,13.17001726
4010,13.17509327
4011,13.18016948
4012,13.18524595
4013,13.19032261
4014,13.19539949
4015,13.2004766
4016,13.20555391
4017,13.21063145
4018,13.21570919
4019,13.22078718
4020,13.22586537
4021,13.23094376
4022,13.23602239
4023,13.2411012
4024,13.24618027
4025,13.25125954
4026,13.25633901
4027,13.26141871
4028,13.26649861
4029,13.27157873
4030,13.27665905
4031,13.28173961
4032,13.28682037
4033,13.29190134
4034,13.29698253
4035,13.30206391
4036,13.30714552
4037,13.31222732
4038,13.31730936
4039,13.3223916
4040,13.32747404
4041,13.3325567
4042,13.33763956
4043,13.34272263
4044,13.34780592
4045,13.3528894
4046,13.3579731
4047,13.363057
4048,13.36814111
4049,13.37322543
4050,13.37830995
4051,13.38339469
4052,13.38847962
4053,13.39356476
4054,13.3986501
4055,13.40373565
4056,13.4088214
4057,13.41390737
4058,13.41899353
4059,13.42407989
4060,13.42916646
4061,13.43425323
4062,13.43934021
4063,13.4444274
4064,13.44951476
4065,13.45460234
4066,13.45969011
4067,13.46477809
4068,13.46986627
4069,13.47495465
4070,13.48004325
4071,13.48513201
4072,13.49022099
4073,13.49531016
4074,13.50039954
4075,13.50548911
4076,13.51057888
4077,13.51566886
4078,13.52075901
4079,13.52584938
4080,13.53093993
4081,13.53603068
4082,13.54112165
4083,13.54621278
4084,13.55130413
4085,13.55639565
4086,13.56148738
4087,13.56657929
4088,13.57167141
4089,13.57676374
4090,13.58185622
4091,13.58694893
4092,13.5920418
4093,13.59713489
4094,13.60222815
4095,13.60732162
4096,13.61241529
4097,13.61750911
4098,13.62260316
4099,13.62769737
4100,13.63279178
4101,13.6378864
4102,13.64298118
4103,13.64807618
4104,13.65317133
4105,13.6582667
4106,13.66336223
4107,13.66845796
4108,13.6735539
4109,13.67864999
4110,13.68374629
4111,13.68884275
4112,13.69393943
4113,13.69903627
4114,13.7041333
4115,13.70923054
4116,13.71432793
4117,13.71942553
4118,13.72452328
4119,13.72962124
4120,13.7347194
4121,13.7398177
4122,13.74491622
4123,13.75001489
4124,13.75511377
4125,13.7602128
4126,13.76531204
4127,13.77041146
4128,13.77551104
4129,13.78061083
4130,13.78571076
4131,13.79081091
4132,13.79591122
4133,13.80101169
4134,13.80611238
4135,13.8112132
4136,13.81631424
4137,13.82141543
4138,13.82651682
4139,13.83161838
4140,13.8367201
4141,13.84182202
4142,13.84692409
4143,13.85202637
4144,13.85712878
4145,13.86223141
4146,13.8673342
4147,13.87243714
4148,13.87754029
4149,13.88264358
4150,13.88774708
4151,13.89285074
4152,13.89795456
4153,13.90305856
4154,13.90816272
4155,13.91326708
4156,13.91837157
4157,13.92347628
4158,13.92858114
4159,13.93368616
4160,13.93879136
4161,13.94389671
4162,13.94900226
4163,13.95410795
4164,13.95921384
4165,13.96431989
4166,13.9694261
4167,13.97453248
4168,13.97963901
4169,13.98474574
4170,13.98985263
4171,13.99495967
4172,14.00006689
4173,14.00517426
4174,14.01028182
4175,14.01538951
4176,14.0204974
4177,14.02560545
4178,14.03071365
4179,14.03582203
4180,14.04093055
4181,14.04603926
4182,14.0511481
4183,14.05625714
4184,14.06136633
4185,14.06647567
4186,14.07158519
4187,14.07669485
4188,14.08180469
4189,14.08691469
4190,14.09202484
4191,14.09713516
4192,14.10224563
4193,14.10735627
4194,14.11246706
4195,14.11757802
4196,14.12268913
4197,14.1278004
4198,14.13291183
4199,14.13802341
4200,14.14313516
4201,14.14824706
4202,14.15335912
4203,14.15847134
4204,14.1635837
4205,14.16869624
4206,14.17380891
4207,14.17892176
4208,14.18403477
4209,14.18914789
4210,14.1942612
4211,14.19937465
4212,14.20448827
4213,14.20960202
4214,14.21471594
4215,14.21983002
4216,14.22494423
4217,14.23005861
4218,14.23517313
4219,14.24028781
4220,14.24540264
4221,14.25051762
4222,14.25563275
4223,14.26074803
4224,14.26586346
4225,14.27097904
4226,14.27609477
4227,14.28121067
4228,14.28632668
4229,14.29144286
4230,14.29655917
4231,14.30167565
4232,14.30679226
4233,14.31190903
4234,14.31702596
4235,14.32214301
4236,14.32726022
4237,14.33237756
4238,14.33749506
4239,14.3426127
4240,14.34773049
4241,14.35284844
4242,14.3579665
4243,14.36308473
4244,14.36820309
4245,14.3733216
4246,14.37844027
4247,14.38355905
4248,14.388678
4249,14.39379706
4250,14.39891629
4251,14.40403564
4252,14.40915515
4253,14.41427481
4254,14.41939458
4255,14.42451453
4256,14.42963457
4257,14.43475478
4258,14.43987512
4259,14.44499561
4260,14.45011626
4261,14.455237
4262,14.46035792
4263,14.46547894
4264,14.47060012
4265,14.47572145
4266,14.48084288
4267,14.48596449
4268,14.49108619
4269,14.49620807
4270,14.50133005
4271,14.50645218
4272,14.51157447
4273,14.51669685
4274,14.5218194
4275,14.52694206
4276,14.53206488
4277,14.53718782
4278,14.54231087
4279,14.54743409
4280,14.55255741
4281,14.5576809
4282,14.56280448
4283,14.56792824
4284,14.57305211
4285,14.57817608
4286,14.58330023
4287,14.58842447
4288,14.59354888
4289,14.59867338
4290,14.60379804
4291,14.60892282
4292,14.61404771
4293,14.61917277
4294,14.62429791
4295,14.62942322
4296,14.63454865
4297,14.63967419
4298,14.64479987
4299,14.64992566
4300,14.6550516
4301,14.66017764
4302,14.66530384
4303,14.67043015
4304,14.67555658
4305,14.68068314
4306,14.68580981
4307,14.69093664
4308,14.69606355
4309,14.70119062
4310,14.70631781
4311,14.71144509
4312,14.71657254
4313,14.72170007
4314,14.72682776
4315,14.73195556
4316,14.73708347
4317,14.74221152
4318,14.74733966
4319,14.75246795
4320,14.75759634
4321,14.76272488
4322,14.76785352
4323,14.77298228
4324,14.77811117
4325,14.78324015
4326,14.78836929
4327,14.79349851
4328,14.79862788
4329,14.80375736
4330,14.80888695
4331,14.81401666
4332,14.81914647
4333,14.82427644
4334,14.8294065
4335,14.83453667
4336,14.83966697
4337,14.84479737
4338,14.8499279
4339,14.85505853
4340,14.8601893
4341,14.86532017
4342,14.87045115
4343,14.87558225
4344,14.88071346
4345,14.88584479
4346,14.8909762
4347,14.89610777
4348,14.90123944
4349,14.90637121
4350,14.9115031
4351,14.91663509
4352,14.92176721
4353,14.92689943
4354,14.93203176
4355,14.93716421
4356,14.94229675
4357,14.94742942
4358,14.95256218
4359,14.95769507
4360,14.96282806
4361,14.96796116
4362,14.97309437
4363,14.97822768
4364,14.9833611
4365,14.98849463
4366,14.99362827
4367,14.99876202
4368,15.00389586
4369,15.00902983
4370,15.01416388
4371,15.01929806
4372,15.02443235
4373,15.02956671
4374,15.0347012
4375,15.03983578
4376,15.04497048
4377,15.05010527
4378,15.05524018
4379,15.0603752
4380,15.06551029
4381,15.0706455
4382,15.07578081
4383,15.08091623
4384,15.08605174
4385,15.09118737
4386,15.09632311
4387,15.10145891
4388,15.10648898
4389,15.11151912
4390,15.11654928
4391,15.12157951
4392,15.12660974
4393,15.13164006
4394,15.13667041
4395,15.1417008
4396,15.14673125
4397,15.15176173
4398,15.15679224
4399,15.16182281
4400,15.16685344
4401,15.17188409
4402,15.17691479
4403,15.18194554
4404,15.1869763
4405,15.19200713
4406,15.197038
4407,15.2020689
4408,15.20709986
4409,15.21213085
4410,15.21716187
4411,15.22219293
4412,15.22722405
4413,15.2322552
4414,15.23728639
4415,15.24231763
4416,15.24734886
4417,15.25238018
4418,15.25741152
4419,15.26244291
4420,15.26747433
4421,15.27250578
4422,15.27753726
4423,15.28256878
4424,15.28760036
4425,15.29263196
4426,15.29766361
4427,15.30269528
4428,15.30772696
4429,15.31275871
4430,15.31779049
4431,15.32282231
4432,15.32785415
4433,15.33288604
4434,15.33791793
4435,15.34294987
4436,15.34798187
4437,15.35301388
4438,15.35804593
4439,15.36307801
4440,15.3681101
4441,15.37314224
4442,15.37817441
4443,15.38320663
4444,15.38823886
4445,15.39327113
4446,15.3983034
4447,15.40333574
4448,15.40836809
4449,15.41340047
4450,15.4184329
4451,15.42346534
4452,15.42849779
4453,15.43353029
4454,15.43856283
4455,15.44359538
4456,15.44862796
4457,15.45366058
4458,15.45869321
4459,15.46372586
4460,15.46875855
4461,15.47379128
4462,15.47882402
4463,15.48385678
4464,15.48888959
4465,15.49392238
4466,15.49895523
4467,15.50398809
4468,15.509021
4469,15.51405391
4470,15.51908684
4471,15.52411979
4472,15.52915277
4473,15.53418579
4474,15.53921882
4475,15.54425188
4476,15.54928496
4477,15.55431803
4478,15.55935115
4479,15.56438429
4480,15.56941746
4481,15.57445064
4482,15.57948385
4483,15.58451705
4484,15.58955028
4485,15.59458355
4486,15.59961683
4487,15.60465014
4488,15.60968346
4489,15.61471678
4490,15.61975013
4491,15.6247835
4492,15.6298169
4493,15.6348503
4494,15.63988374
4495,15.64491715
4496,15.64995062
4497,15.65498409
4498,15.66001758
4499,15.6650511
4500,15.67008461
4501,15.67511814
4502,15.68015169
4503,15.68518525
4504,15.69021884
4505,15.69525243
4506,15.70028605
4507,15.70531964
4508,15.71035329
4509,15.71538694
4510,15.7204206
4511,15.72545428
4512,15.73048796
4513,15.73552165
4514,15.74055535
4515,15.74558909
4516,15.75062281
4517,15.75565656
4518,15.76069032
4519,15.76572406
4520,15.77075784
4521,15.77579162
4522,15.78082543
4523,15.78585923
4524,15.79089304
4525,15.79592684
4526,15.80096067
4527,15.80599452
4528,15.81102836
4529,15.81606223
4530,15.82109608
4531,15.82612992
4532,15.83116381
4533,15.83619769
4534,15.84123159
4535,15.84626548
4536,15.85129939
4537,15.85633327
4538,15.86136717
4539,15.8664011
4540,15.87143502
4541,15.87646895
4542,15.88150288
4543,15.8865368
4544,15.89157074
4545,15.89660467
4546,15.90163863
4547,15.90667257
4548,15.91170653
4549,15.91674046
4550,15.92177442
4551,15.92680837
4552,15.93184233
4553,15.9368763
4554,15.94191026
4555,15.9469442
4556,15.95197816
4557,15.95701213
4558,15.96204609
4559,15.96708005
4560,15.97211402
4561,15.97714796
4562,15.98218193
4563,15.98721588
4564,15.99224985
4565,15.9972838
4566,16.00231775
4567,16.00735169
4568,16.01238563
4569,16.01741959
4570,16.02245353
4571,16.02748748
4572,16.03252141
4573,16.03755534
4574,16.04258925
4575,16.04762317
4576,16.0526571
4577,16.05769101
4578,16.06272493
4579,16.06775883
4580,16.0727927
4581,16.0778266
4582,16.08286048
4583,16.08789437
4584,16.09292824
4585,16.09796212
4586,16.10299595
4587,16.10802979
4588,16.11306365
4589,16.11809748
4590,16.12313131
4591,16.12816513
4592,16.13319892
4593,16.13823272
4594,16.14326651
4595,16.1483003
4596,16.15333407
4597,16.15836784
4598,16.16340156
4599,16.1684353
4600,16.17346904
4601,16.17850276
4602,16.18353647
4603,16.18857017
4604,16.19360383
4605,16.1986375
4606,16.20367116
4607,16.20870482
4608,16.21373845
4609,16.21877208
4610,16.22380566
4611,16.22883926
4612,16.23387284
4613,16.2389064
4614,16.24393996
4615,16.24897349
4616,16.254007
4617,16.2590405
4618,16.264074
4619,16.26910748
4620,16.27414093
4621,16.27917439
4622,16.28420779
4623,16.28924121
4624,16.2942746
4625,16.29930798
4626,16.30434134
4627,16.30937467
4628,16.31440798
4629,16.31944128
4630,16.32447458
4631,16.32950784
4632,16.3345411
4633,16.33957433
4634,16.34460751
4635,16.34964071
4636,16.35467388
4637,16.35970704
4638,16.36474016
4639,16.36977328
4640,16.37480634
4641,16.37983941
4642,16.38487246
4643,16.38990548
4644,16.39493849
4645,16.39997147
4646,16.40500441
4647,16.41003734
4648,16.41507025
4649,16.42010315
4650,16.42513601
4651,16.43016886
4652,16.43520164
4653,16.44023445
4654,16.44526721
4655,16.45029995
4656,16.45533268
4657,16.46036537
4658,16.46539802
4659,16.47043066
4660,16.47546329
4661,16.48049587
4662,16.48552843
4663,16.49056098
4664,16.49559346
4665,16.50062595
4666,16.5056584
4667,16.51069084
4668,16.51572323
4669,16.5207556
4670,16.52578793
4671,16.53082024
4672,16.53585253
4673,16.54088479
4674,16.54591702
4675,16.55094921
4676,16.55598135
4677,16.5610135
4678,16.5660456
4679,16.57107769
4680,16.57610973
4681,16.58114175
4682,16.5861737
4683,16.59120565
4684,16.59623758
4685,16.60126946
4686,16.60630132
4687,16.61133314
4688,16.61636494
4689,16.62139666
4690,16.62642838
4691,16.63146008
4692,16.63649173
4693,16.64152336
4694,16.64655494
4695,16.65158647
4696,16.65661799
4697,16.66164947
4698,16.66668093
4699,16.67171233
4700,16.67674372
4701,16.68177503
4702,16.68680633
4703,16.6918376
4704,16.69686883
4705,16.70190003
4706,16.70693118
4707,16.71196228
4708,16.71699336
4709,16.72202439
4710,16.72705541
4711,16.73208637
4712,16.7371173
4713,16.74214816
4714,16.74717902
4715,16.75220982
4716,16.75724059
4717,16.76227133
4718,16.76730201
4719,16.77233265
4720,16.77736325
4721,16.78239383
4722,16.78742435
4723,16.79245483
4724,16.79748528
4725,16.80251565
4726,16.80754602
4727,16.81257633
4728,16.81760662
4729,16.82263684
4730,16.82766703
4731,16.83269716
4732,16.83772725
4733,16.84275732
4734,16.84778733
4735,16.85281731
4736,16.85784723
4737,16.86287708
4738,16.86790693
4739,16.87293671
4740,16.87796647
4741,16.88299616
4742,16.88802582
4743,16.8930554
4744,16.89808496
4745,16.90311448
4746,16.90814394
4747,16.91317337
4748,16.91820274
4749,16.92323205
4750,16.92826132
4751,16.93329055
4752,16.93831974
4753,16.94334887
4754,16.94837796
4755,16.95340696
4756,16.95843596
4757,16.96346489
4758,16.96849377
4759,16.97352262
4760,16.9785514
4761,16.98358012
4762,16.9886088
4763,16.99363744
4764,16.99866602
4765,17.00369455
4766,17.00872304
4767,17.01375144
4768,17.01877982
4769,17.02380815
4770,17.02883643
4771,17.03386464
4772,17.0388928
4773,17.0439209
4774,17.04894895
4775,17.05397697
4776,17.05900492
4777,17.06403282
4778,17.06906066
4779,17.07408842
4780,17.07911616
4781,17.08414384
4782,17.08917147
4783,17.09419903
4784,17.09922655
4785,17.10425398
4786,17.10928137
4787,17.11430873
4788,17.11933601
4789,17.12436325
4790,17.12939041
4791,17.1344175
4792,17.13944457
4793,17.14447156
4794,17.14949851
4795,17.15452539
4796,17.15955222
4797,17.16457896
4798,17.16960566
4799,17.17463232
4800,17.1796589
4801,17.18468544
4802,17.1897119
4803,17.19473832
4804,17.19976463
4805,17.20479092
4806,17.20981715
4807,17.21484331
4808,17.21986943
4809,17.22489546
4810,17.22992143
4811,17.23494734
4812,17.23997319
4813,17.24499899
4814,17.25002472
4815,17.2550504
4816,17.26007597
4817,17.26510152
4818,17.27012699
4819,17.2751524
4820,17.28017776
4821,17.28520304
4822,17.29022825
4823,17.2952534
4824,17.3002785
4825,17.30530352
4826,17.31032848
4827,17.31535338
4828,17.32037818
4829,17.32540295
4830,17.33042764
4831,17.33545228
4832,17.34047684
4833,17.34550133
4834,17.35052574
4835,17.3555501
4836,17.3605744
4837,17.36559862
4838,17.37062279
4839,17.37564687
4840,17.38067086
4841,17.38569482
4842,17.3907187
4843,17.39574253
4844,17.40076626
4845,17.40578995
4846,17.41081352
4847,17.41583705
4848,17.42086052
4849,17.42588391
4850,17.43090724
4851,17.43593049
4852,17.44095365
4853,17.44597675
4854,17.45099979
4855,17.45602276
4856,17.46104565
4857,17.46606848
4858,17.47109119
4859,17.47611387
4860,17.48113647
4861,17.48615899
4862,17.49118146
4863,17.49620383
4864,17.50122612
4865,17.50624835
4866,17.51127052
4867,17.51629259
4868,17.5213146
4869,17.52633654
4870,17.53135837
4871,17.53638016
4872,17.54140186
4873,17.5464235
4874,17.55144505
4875,17.55646652
4876,17.56148791
4877,17.56650923
4878,17.57153048
4879,17.57655165
4880,17.58157275
4881,17.58659376
4882,17.59161466
4883,17.59663553
4884,17.60165631
4885,17.60667702
4886,17.61169764
4887,17.61671817
4888,17.62173862
4889,17.626759
4890,17.63177931
4891,17.63679953
4892,17.64181969
4893,17.64683975
4894,17.6518597
4895,17.65687961
4896,17.66189943
4897,17.66691918
4898,17.67193883
4899,17.67695842
4900,17.68197788
4901,17.68699729
4902,17.69201663
4903,17.69703588
4904,17.70205505
4905,17.70707413
4906,17.71209311
4907,17.71711202
4908,17.72213085
4909,17.72714961
4910,17.73216827
4911,17.73718685
4912,17.74220532
4913,17.74722374
4914,17.75224206
4915,17.75726029
4916,17.76227846
4917,17.76729652
4918,17.77231452
4919,17.77733238
4920,17.7823502
4921,17.78736792
4922,17.79238556
4923,17.79740312
4924,17.80242058
4925,17.80743793
4926,17.81245522
4927,17.81747243
4928,17.82248954
4929,17.82750656
4930,17.8325235
4931,17.83754032
4932,17.84255709
4933,17.84757375
4934,17.85259034
4935,17.85760683
4936,17.86262323
4937,17.86763952
4938,17.87265574
4939,17.87767188
4940,17.88268792
4941,17.88770387
4942,17.89271973
4943,17.89773546
4944,17.90275115
4945,17.90776673
4946,17.91278223
4947,17.91779763
4948,17.92281295
4949,17.92782813
4950,17.93284325
4951,17.93785829
4952,17.94287322
4953,17.94788807
4954,17.95290282
4955,17.95791746
4956,17.96293202
4957,17.96794648
4958,17.97296087
4959,17.97797514
4960,17.98298933
4961,17.98800339
4962,17.9930174
4963,17.99803129
4964,18.00304509
4965,18.00805881
4966,18.01307241
4967,18.01808591
4968,18.02309932
4969,18.02811266
4970,18.03312588
4971,18.038139
4972,18.04315204
4973,18.04816494
4974,18.05317779
4975,18.05819052
4976,18.06320317
4977,18.0682157
4978,18.07322814
4979,18.07824047
4980,18.08325271
4981,18.08826486
4982,18.0932769
4983,18.09828884
4984,18.1033007
4985,18.10831241
4986,18.11332407
4987,18.11833561
4988,18.12334707
4989,18.12835841
4990,18.13336964
4991,18.13838077
4992,18.1433918
4993,18.14840275
4994,18.15341358
4995,18.15842433
4996,18.16343495
4997,18.16844545
4998,18.17345589
4999,18.17846621
5000,18.18347644
5001,18.18848655
5002,18.19349657
5003,18.19850645
5004,18.20351625
5005,18.20852596
5006,18.21353556
5007,18.21854506
5008,18.22355444
5009,18.22856371
5010,18.23357288
5011,18.23858195
5012,18.24359093
5013,18.24859978
5014,18.25360855
5015,18.25861716
5016,18.26362572
5017,18.26863415
5018,18.27364247
5019,18.2786507
5020,18.28365881
5021,18.2886668
5022,18.2936747
5023,18.2986825
5024,18.30369018
5025,18.30869775
5026,18.31370522
5027,18.31871255
5028,18.32371981
5029,18.32872694
5030,18.33373398
5031,18.3387409
5032,18.34374771
5033,18.34875442
5034,18.35376098
5035,18.35876747
5036,18.36377384
5037,18.36878011
5038,18.37378625
5039,18.37879228
5040,18.38379819
5041,18.388804
5042,18.39380972
5043,18.3988153
5044,18.40382079
5045,18.40882615
5046,18.41383138
5047,18.41883653
5048,18.42384155
5049,18.42884648
5050,18.43385128
5051,18.43885597
5052,18.44386052
5053,18.44886497
5054,18.45386933
5055,18.45887356
5056,18.46387769
5057,18.46888169
5058,18.47388556
5059,18.47888933
5060,18.48389298
5061,18.48889653
5062,18.49389996
5063,18.49890328
5064,18.50390644
5065,18.50890953
5066,18.51391248
5067,18.51891533
5068,18.52391806
5069,18.52892067
5070,18.53392315
5071,18.53892552
5072,18.54392779
5073,18.54892992
5074,18.55393194
5075,18.55893386
5076,18.56393561
5077,18.56893729
5078,18.57393883
5079,18.57894026
5080,18.58394158
5081,18.58894276
5082,18.59394381
5083,18.59894476
5084,18.6039456
5085,18.60894631
5086,18.61394689
5087,18.61894737
5088,18.62394769
5089,18.62894793
5090,18.63394803
5091,18.63894802
5092,18.64394788
5093,18.64894762
5094,18.65394722
5095,18.65894671
5096,18.6639461
5097,18.66894534
5098,18.67394448
5099,18.67894348
5100,18.68394233
5101,18.6889411
5102,18.69393974
5103,18.69893826
5104,18.70393664
5105,18.70893492
5106,18.71393302
5107,18.71893103
5108,18.72392893
5109,18.72892669
5110,18.73392434
5111,18.73892185
5112,18.74391923
5113,18.74891648
5114,18.75391362
5115,18.75891064
5116,18.76390752
5117,18.76890429
5118,18.77390089
5119,18.7788974
5120,18.78389378
5121,18.78889002
5122,18.79388616
5123,18.79888215
5124,18.803878
5125,18.80887373
5126,18.81386935
5127,18.81886483
5128,18.82386018
5129,18.82885542
5130,18.83385048
5131,18.83884546
5132,18.84384029
5133,18.84883501
5134,18.85382958
5135,18.85882403
5136,18.86381833
5137,18.86881251
5138,18.87380658
5139,18.8788005
5140,18.88379431
5141,18.88878797
5142,18.89378147
5143,18.89877488
5144,18.90376815
5145,18.9087613
5146,18.9137543
5147,18.91874718
5148,18.92373992
5149,18.9287325
5150,18.93372498
5151,18.93871732
5152,18.94370954
5153,18.94870162
5154,18.95369357
5155,18.95868535
5156,18.96367702
5157,18.96866857
5158,18.97365997
5159,18.97865125
5160,18.98364239
5161,18.98863337
5162,18.99362424
5163,18.99861496
5164,19.00360557
5165,19.00859603
5166,19.01358636
5167,19.01857652
5168,19.02356658
5169,19.0285565
5170,19.03354627
5171,19.03853593
5172,19.04352543
5173,19.04851478
5174,19.05350401
5175,19.0584931
5176,19.06348207
5177,19.06847088
5178,19.07345957
5179,19.07844808
5180,19.0834365
5181,19.08842476
5182,19.09341288
5183,19.09840088
5184,19.10338872
5185,19.10837642
5186,19.11336398
5187,19.11835142
5188,19.12333871
5189,19.12832585
5190,19.13331287
5191,19.13829971
5192,19.14328645
5193,19.14827303
5194,19.15325949
5195,19.15824579
5196,19.16323195
5197,19.16821795
5198,19.17320383
5199,19.17818958
5200,19.18317517
5201,19.18816064
5202,19.19314594
5203,19.19813108
5204,19.20311612
5205,19.208101
5206,19.21308575
5207,19.21807034
5208,19.2230548
5209,19.22803908
5210,19.23302324
5211,19.23800727
5212,19.24299114
5213,19.24797488
5214,19.25295847
5215,19.25794189
5216,19.26292519
5217,19.26790833
5218,19.27289135
5219,19.27787421
5220,19.28285693
5221,19.28783947
5222,19.2928219
5223,19.29780418
5224,19.3027863
5225,19.3077683
5226,19.31275013
5227,19.3177318
5228,19.32271334
5229,19.32769474
5230,19.33267599
5231,19.33765708
5232,19.34263804
5233,19.34761882
5234,19.35259948
5235,19.35757998
5236,19.36256035
5237,19.36754056
5238,19.37252061
5239,19.3775005
5240,19.38248026
5241,19.38745988
5242,19.39243934
5243,19.39741867
5244,19.40239782
5245,19.4073768
5246,19.41235567
5247,19.41733438
5248,19.42231295
5249,19.42729135
5250,19.43226962
5251,19.4372477
5252,19.44222565
5253,19.44720346
5254,19.45218111
5255,19.45715862
5256,19.46213596
5257,19.46711313
5258,19.47209017
5259,19.47706706
5260,19.4820438
5261,19.48702038
5262,19.49199682
5263,19.49697309
5264,19.5019492
5265,19.50692516
5266,19.51190097
5267,19.51687664
5268,19.52185214
5269,19.5268275
5270,19.53180267
5271,19.5367777
5272,19.5417526
5273,19.54672733
5274,19.55170191
5275,19.55667633
5276,19.56165057
5277,19.56662468
5278,19.57159863
5279,19.57657243
5280,19.58154607
5281,19.58651956
5282,19.59149285
5283,19.59646603
5284,19.60143904
5285,19.60641189
5286,19.6113846
5287,19.61635713
5288,19.62132949
5289,19.62630171
5290,19.63127379
5291,19.63624569
5292,19.64121743
5293,19.64618903
5294,19.65116043
5295,19.65613171
5296,19.66110282
5297,19.66607378
5298,19.67104457
5299,19.6760152
5300,19.68098565
5301,19.68595596
5302,19.69092612
5303,19.69589611
5304,19.70086595
5305,19.70583562
5306,19.71080509
5307,19.71577445
5308,19.72074363
5309,19.72571267
5310,19.73068153
5311,19.73565024
5312,19.74061874
5313,19.74558712
5314,19.75055534
5315,19.75552339
5316,19.76049129
5317,19.76545901
5318,19.77042656
5319,19.77539395
5320,19.78036119
5321,19.78532827
5322,19.79029517
5323,19.79526193
5324,19.80022848
5325,19.80519491
5326,19.81016115
5327,19.81512724
5328,19.82009317
5329,19.82505893
5330,19.8300245
5331,19.83498992
5332,19.8399552
5333,19.84492029
5334,19.84988522
5335,19.85484999
5336,19.85981456
5337,19.864779
5338,19.86974326
5339,19.87470737
5340,19.8796713
5341,19.88463506
5342,19.88959864
5343,19.89456206
5344,19.89952534
5345,19.90448843
5346,19.90945137
5347,19.91441412
5348,19.91937668
5349,19.92433912
5350,19.92930137
5351,19.93426346
5352,19.93922538
5353,19.94418713
5354,19.94914868
5355,19.95411009
5356,19.95907134
5357,19.9640324
5358,19.96899331
5359,19.97395404
5360,19.97891458
5361,19.98387497
5362,19.98883518
5363,19.99379524
5364,19.99875512
5365,20.00371483
5366,20.00867434
5367,20.0136337
5368,20.0185929
5369,20.02355192
5370,20.02851078
5371,20.03346945
5372,20.03842794
5373,20.04338627
5374,20.04834442
5375,20.05330242
5376,20.05826023
5377,20.06321788
5378,20.06817535
5379,20.07313262
5380,20.07808974
5381,20.08304669
5382,20.08800347
5383,20.09296007
5384,20.0979165
5385,20.10287272
5386,20.10782881
5387,20.11278471
5388,20.11774043
5389,20.12269599
5390,20.12765137
5391,20.13260655
5392,20.13756157
5393,20.14251644
5394,20.14747111
5395,20.1524256
5396,20.15737994
5397,20.16233405
5398,20.16728803
5399,20.17224182
5400,20.17719545
5401,20.18214888
5402,20.18710214
5403,20.19205521
5404,20.19700811
5405,20.20196085
5406,20.2069134
5407,20.21186579
5408,20.21681798
5409,20.22176997
5410,20.22672182
5411,20.23167348
5412,20.23662497
5413,20.24157627
5414,20.2465274
5415,20.25147832
5416,20.25642908
5417,20.26137968
5418,20.26633008
5419,20.27128032
5420,20.27623036
5421,20.28118021
5422,20.28612989
5423,20.29107939
5424,20.29602873
5425,20.30097787
5426,20.30592685
5427,20.31087559
5428,20.31582421
5429,20.32077262
5430,20.32572086
5431,20.33066892
5432,20.33561679
5433,20.34056447
5434,20.34551197
5435,20.35045931
5436,20.35540645
5437,20.36035341
5438,20.3653002
5439,20.37024676
5440,20.37519319
5441,20.38013941
5442,20.38508547
5443,20.39003133
5444,20.394977
5445,20.39992248
5446,20.40486779
5447,20.40981292
5448,20.41475786
5449,20.41970263
5450,20.4246472
5451,20.42959155
5452,20.43453576
5453,20.43947977
5454,20.44442362
5455,20.44936726
5456,20.45431073
5457,20.45925397
5458,20.46419705
5459,20.46913997
5460,20.47408268
5461,20.47902522
5462,20.48539287
5463,20.49176046
5464,20.49812805
5465,20.50449561
5466,20.51086313
5467,20.51723062
5468,20.52359808
5469,20.52996547
5470,20.53633286
5471,20.54270021
5472,20.54906753
5473,20.55543482
5474,20.56180207
5475,20.56816925
5476,20.57453643
5477,20.58090357
5478,20.58727067
5479,20.59363774
5480,20.60000477
5481,20.60637175
5482,20.61273871
5483,20.61910563
5484,20.62547251
5485,20.63183935
5486,20.63819262
5487,20.64454584
5488,20.65089902
5489,20.65725215
5490,20.66360524
5491,20.66995828
5492,20.67631128
5493,20.68266423
5494,20.68901713
5495,20.69536998
5496,20.70172279
5497,20.70807555
5498,20.71442826
5499,20.72078092
5500,20.72713354
5501,20.7334861
5502,20.73983862
5503,20.74619109
5504,20.75254352
5505,20.75889589
5506,20.76524821
5507,20.77160047
5508,20.77795269
5509,20.78430486
5510,20.79065697
5511,20.79700903
5512,20.80336104
5513,20.809713
5514,20.81606491
5515,20.82241676
5516,20.82876857
5517,20.83512031
5518,20.84147201
5519,20.84782365
5520,20.85417523
5521,20.86052677
5522,20.86687825
5523,20.87322967
5524,20.87958104
5525,20.88593235
5526,20.89228361
5527,20.89863482
5528,20.90498597
5529,20.91133705
5530,20.91768808
5531,20.92403906
5532,20.93038998
5533,20.93674084
5534,20.94309164
5535,20.94944238
5536,20.95579307
5537,20.96214369
5538,20.96849426
5539,20.97484477
5540,20.98119522
5541,20.98754561
5542,20.99389594
5543,21.00024621
5544,21.00659642
5545,21.01294656
5546,21.01929665
5547,21.02564668
5548,21.03199664
5549,21.03834654
5550,21.0446964
5551,21.05104617
5552,21.05739589
5553,21.06374554
5554,21.07009513
5555,21.07644465
5556,21.08279411
5557,21.08914351
5558,21.09549284
5559,21.10184211
5560,21.10819132
5561,21.11454045
5562,21.12088953
5563,21.12723857
5564,21.13358751
5565,21.13993638
5566,21.14628519
5567,21.15263393
5568,21.15898261
5569,21.16533122
5570,21.17167976
5571,21.17802823
5572,21.18437663
5573,21.19072498
5574,21.19707325
5575,21.20342145
5576,21.20976958
5577,21.21611764
5578,21.22246563
5579,21.22881355
5580,21.2351614
5581,21.24150918
5582,21.24785689
5583,21.25420453
5584,21.2605521
5585,21.2668996
5586,21.27324702
5587,21.27959437
5588,21.28594165
5589,21.29228886
5590,21.29863599
5591,21.30498306
5592,21.31133004
5593,21.31767696
5594,21.3240238
5595,21.33037057
5596,21.33671727
5597,21.34306389
5598,21.34941043
5599,21.3557569
5600,21.36210329
5601,21.36844961
5602,21.37479585
5603,21.38114201
5604,21.3874881
5605,21.39383411
5606,21.40018004
5607,21.4065259
5608,21.41287168
5609,21.41921738
5610,21.42556301
5611,21.43190855
5612,21.43825402
5613,21.4445994
5614,21.45094471
5615,21.45728994
5616,21.46363509
5617,21.46998016
5618,21.47632515
5619,21.48267007
5620,21.4890149
5621,21.49535965
5622,21.50170432
5623,21.5080489
5624,21.51439341
5625,21.52073783
5626,21.52708217
5627,21.53342642
5628,21.5397706
5629,21.54611469
5630,21.5524587
5631,21.55880262
5632,21.56514646
5633,21.57149022
5634,21.57783389
5635,21.58417748
5636,21.59052098
5637,21.5968644
5638,21.60320773
5639,21.60955098
5640,21.61589414
5641,21.62223722
5642,21.62858022
5643,21.63492312
5644,21.64126594
5645,21.64760867
5646,21.65395131
5647,21.66029386
5648,21.66663633
5649,21.67297871
5650,21.679321
5651,21.6856632
5652,21.69200531
5653,21.69834733
5654,21.70468927
5655,21.71103111
5656,21.71737287
5657,21.72371453
5658,21.7300561
5659,21.73639759
5660,21.74273898
5661,21.74908028
5662,21.75542149
5663,21.76176261
5664,21.76810363
5665,21.77444458
5666,21.78078542
5667,21.78712617
5668,21.79346683
5669,21.79980739
5670,21.80614786
5671,21.81248823
5672,21.81882851
5673,21.8251687
5674,21.83150879
5675,21.83784879
5676,21.8441887
5677,21.85052854
5678,21.85686825
5679,21.86320787
5680,21.86954739
5681,21.87588681
5682,21.88222614
5683,21.88856537
5684,21.89490451
5685,21.90124354
5686,21.90758248
5687,21.91392133
5688,21.92026008
5689,21.92659873
5690,21.93293728
5691,21.93927573
5692,21.94561408
5693,21.95195233
5694,21.95829048
5695,21.96462853
5696,21.97096649
5697,21.97730434
5698,21.98364209
5699,21.98997974
5700,21.99631729
5701,22.00265474
5702,22.00899208
5703,22.01532933
5704,22.02166647
5705,22.02800352
5706,22.03434045
5707,22.04067729
5708,22.04701402
5709,22.05335065
5710,22.05968718
5711,22.06602362
5712,22.07235994
5713,22.07869615
5714,22.08503226
5715,22.09136827
5716,22.09770417
5717,22.10403997
5718,22.11037566
5719,22.11671124
5720,22.12304672
5721,22.1293821
5722,22.13571736
5723,22.14205252
5724,22.14838758
5725,22.15472252
5726,22.16105736
5727,22.16739209
5728,22.17372672
5729,22.18006123
5730,22.18639564
5731,22.19272994
5732,22.19906413
5733,22.20539821
5734,22.2117322
5735,22.21806606
5736,22.22439981
5737,22.23073345
5738,22.23706699
5739,22.24340041
5740,22.24973372
5741,22.25606692
5742,22.26240001
5743,22.26873298
5744,22.27506585
5745,22.2813986
5746,22.28773124
5747,22.29406377
5748,22.30039619
5749,22.30672849
5750,22.31306068
5751,22.31939276
5752,22.32572472
5753,22.33205657
5754,22.33838831
5755,22.34471993
5756,22.35105143
5757,22.35738284
5758,22.36371412
5759,22.37004528
5760,22.37637632
5761,22.38270725
5762,22.38903807
5763,22.39536876
5764,22.40169934
5765,22.40802981
5766,22.41436015
5767,22.42069038
5768,22.4270205
5769,22.43335049
5770,22.43968037
5771,22.44601013
5772,22.45233977
5773,22.45866929
5774,22.46499869
5775,22.47132797
5776,22.47765714
5777,22.48398618
5778,22.4903151
5779,22.49664391
5780,22.50297261
5781,22.50930117
5782,22.51562961
5783,22.52195793
5784,22.52828613
5785,22.53461421
5786,22.54094217
5787,22.54727
5788,22.55359772
5789,22.55992531
5790,22.56625277
5791,22.57258012
5792,22.57890737
5793,22.58523447
5794,22.59156145
5795,22.5978883
5796,22.60421502
5797,22.61054162
5798,22.6168681
5799,22.62319445
5800,22.62952068
5801,22.63584678
5802,22.64217276
5803,22.64849863
5804,22.65482435
5805,22.66114995
5806,22.66747542
5807,22.67380077
5808,22.68012599
5809,22.68645108
5810,22.69277604
5811,22.69910088
5812,22.70542559
5813,22.71175017
5814,22.71807462
5815,22.72439894
5816,22.73072314
5817,22.73704721
5818,22.74337114
5819,22.74969495
5820,22.75601863
5821,22.76234217
5822,22.76866559
5823,22.77498888
5824,22.78131203
5825,22.78763506
5826,22.79395797
5827,22.80028073
5828,22.80660336
5829,22.81292586
5830,22.81924823
5831,22.82557046
5832,22.83189257
5833,22.83821454
5834,22.84453637
5835,22.85085808
5836,22.85717965
5837,22.86350109
5838,22.86982239
5839,22.87614356
5840,22.88246459
5841,22.88878549
5842,22.89510626
5843,22.90142689
5844,22.90774738
5845,22.91406774
5846,22.92038797
5847,22.92670805
5848,22.93302801
5849,22.93934783
5850,22.94566751
5851,22.95198706
5852,22.95830646
5853,22.96462573
5854,22.97094486
5855,22.97726385
5856,22.9835827
5857,22.98990142
5858,22.99622
5859,23.00253844
5860,23.00885674
5861,23.0151749
5862,23.02149292
5863,23.0278108
5864,23.03412854
5865,23.04044614
5866,23.04676361
5867,23.05308093
5868,23.05939811
5869,23.06571515
5870,23.07203205
5871,23.0783488
5872,23.08466543
5873,23.09098191
5874,23.09729824
5875,23.10361443
5876,23.10993048
5877,23.11624638
5878,23.12256214
5879,23.12887776
5880,23.13519323
5881,23.14150856
5882,23.14782375
5883,23.1541388
5884,23.16045369
5885,23.16676845
5886,23.17308306
5887,23.17939752
5888,23.18571184
5889,23.19202602
5890,23.19834004
5891,23.20465393
5892,23.21096766
5893,23.21728125
5894,23.2235947
5895,23.22990801
5896,23.23622116
5897,23.24253416
5898,23.24884702
5899,23.25515972
5900,23.26147228
5901,23.2677847
5902,23.27409696
5903,23.28040907
5904,23.28672104
5905,23.29303286
5906,23.29934452
5907,23.30565608
5908,23.31196745
5909,23.31827866
5910,23.32458973
5911,23.33090065
5912,23.33721142
5913,23.34352204
5914,23.3498325
5915,23.35614282
5916,23.36245298
5917,23.368763
5918,23.37507287
5919,23.38138258
5920,23.38769214
5921,23.39400154
5922,23.40031079
5923,23.40661989
5924,23.41292883
5925,23.41923763
5926,23.42554626
5927,23.43185475
5928,23.43816308
5929,23.44447125
5930,23.45077928
5931,23.45708714
5932,23.46339485
5933,23.46970241
5934,23.47600981
5935,23.48231706
5936,23.48862415
5937,23.49493108
5938,23.50123786
5939,23.50754448
5940,23.51385095
5941,23.52015727
5942,23.52646342
5943,23.53276942
5944,23.53907525
5945,23.54538093
5946,23.55168645
5947,23.55799181
5948,23.56429702
5949,23.57060206
5950,23.57690695
5951,23.58321168
5952,23.58951625
5953,23.59582066
5954,23.60212491
5955,23.608429
5956,23.61473293
5957,23.6210367
5958,23.6273403
5959,23.63364375
5960,23.63994704
5961,23.64625017
5962,23.65255313
5963,23.65885593
5964,23.66515859
5965,23.67146107
5966,23.67776339
5967,23.68406554
5968,23.69036753
5969,23.69666936
5970,23.70297103
5971,23.70927253
5972,23.71557387
5973,23.72187505
5974,23.72817606
5975,23.73447691
5976,23.74077759
5977,23.74707811
5978,23.75337846
5979,23.75967865
5980,23.76597868
5981,23.77227853
5982,23.77857823
5983,23.78487775
5984,23.79117712
5985,23.79747631
5986,23.80377534
5987,23.81007421
5988,23.81637291
5989,23.82267144
5990,23.8289698
5991,23.83526799
5992,23.84156602
5993,23.84786387
5994,23.85416156
5995,23.86045908
5996,23.86675643
5997,23.87305362
5998,23.87935063
5999,23.88564748
6000,23.89194415
6001,23.89824066
6002,23.904537
6003,23.91083316
6004,23.91712916
6005,23.92342498
6006,23.92972064
6007,23.93601612
6008,23.94231144
6009,23.94860658
6010,23.95490156
6011,23.96119636
6012,23.96749099
6013,23.97378544
6014,23.98007973
6015,23.98637384
6016,23.99266777
6017,23.99896154
6018,24.00525513
6019,24.01154855
6020,24.01784179
6021,24.0241349
6022,24.03042779
6023,24.03672051
6024,24.04301306
6025,24.04930544
6026,24.05559763
6027,24.06188966
6028,24.06818151
6029,24.07447318
6030,24.08076468
6031,24.087056
6032,24.09334714
6033,24.09963813
6034,24.10592892
6035,24.11221954
6036,24.11850998
6037,24.12480024
6038,24.13109032
6039,24.13738023
6040,24.14366996
6041,24.14995951
6042,24.15624889
6043,24.16253808
6044,24.1688271
6045,24.17511594
6046,24.1814046
6047,24.18769308
6048,24.19398138
6049,24.2002695
6050,24.20655744
6051,24.2128452
6052,24.21913279
6053,24.22542019
6054,24.23170741
6055,24.23799446
6056,24.24428132
6057,24.250568
6058,24.2568545
6059,24.26314081
6060,24.26942695
6061,24.2757129
6062,24.28199867
6063,24.28828426
6064,24.29456966
6065,24.30085488
6066,24.30713992
6067,24.31342478
6068,24.31970945
6069,24.32599394
6070,24.33227825
6071,24.33856237
6072,24.34484631
6073,24.35113006
6074,24.35741363
6075,24.36369701
6076,24.36998021
6077,24.37626322
6078,24.38254607
6079,24.38882871
6080,24.39511117
6081,24.40139344
6082,24.40767552
6083,24.41395742
6084,24.42023913
6085,24.42652066
6086,24.432802
6087,24.43908315
6088,24.44536411
6089,24.45164489
6090,24.45792548
6091,24.46420588
6092,24.47048609
6093,24.47676611
6094,24.48304595
6095,24.4893256
6096,24.49560506
6097,24.50188432
6098,24.5081634
6099,24.51444229
6100,24.52072099
6101,24.52699952
6102,24.53327784
6103,24.53955597
6104,24.54583391
6105,24.55211166
6106,24.55838922
6107,24.56466658
6108,24.57094376
6109,24.57722074
6110,24.58349754
6111,24.58977414
6112,24.59605054
6113,24.60232676
6114,24.60860278
6115,24.61487862
6116,24.62115425
6117,24.6274297
6118,24.63370495
6119,24.63998001
6120,24.64625488
6121,24.65252955
6122,24.65880402
6123,24.66507831
6124,24.67135241
6125,24.6776263
6126,24.6839
6127,24.69017351
6128,24.69644682
6129,24.70271993
6130,24.70899285
6131,24.71526557
6132,24.7215381
6133,24.72781043
6134,24.73408256
6135,24.7403545
6136,24.74662627
6137,24.75289782
6138,24.75916916
6139,24.76544031
6140,24.77171126
6141,24.77798202
6142,24.78425257
6143,24.79052293
6144,24.79679309
6145,24.80306305
6146,24.80933281
6147,24.81560239
6148,24.82187176
6149,24.82814092
6150,24.83440989
6151,24.84067865
6152,24.84694722
6153,24.85321559
6154,24.85948375
6155,24.86575172
6156,24.87201949
6157,24.87828705
6158,24.88455441
6159,24.89082158
6160,24.89708854
6161,24.9033553
6162,24.90962186
6163,24.91588821
6164,24.92215437
6165,24.92842032
6166,24.93468607
6167,24.94095161
6168,24.94721696
6169,24.9534821
6170,24.95974705
6171,24.96601178
6172,24.97227631
6173,24.97854064
6174,24.98480476
6175,24.99106868
6176,24.9973324
6177,25.00359591
6178,25.00985921
6179,25.01612231
6180,25.0223852
6181,25.02864789
6182,25.03491038
6183,25.04117266
6184,25.04743473
6185,25.0536966
6186,25.05995826
6187,25.06621971
6188,25.07248096
6189,25.078742
6190,25.08500283
6191,25.09126346
6192,25.09752388
6193,25.1037841
6194,25.1100441
6195,25.1163039
6196,25.12256349
6197,25.12882287
6198,25.13508204
6199,25.141341
6200,25.14759975
6201,25.1538583
6202,25.16011663
6203,25.16637476
6204,25.17263267
6205,25.17889038
6206,25.18514788
6207,25.19140516
6208,25.19766224
6209,25.2039191
6210,25.21017576
6211,25.2164322
6212,25.22268843
6213,25.22894445
6214,25.23520026
6215,25.24145586
6216,25.24771126
6217,25.25396644
6218,25.2602214
6219,25.26647615
6220,25.27273069
6221,25.27898501
6222,25.28523912
6223,25.29149302
6224,25.29774671
6225,25.30400018
6226,25.31025344
6227,25.31650648
6228,25.32275931
6229,25.32901193
6230,25.33526433
6231,25.34151652
6232,25.34776849
6233,25.35402025
6234,25.36027179
6235,25.36652312
6236,25.37277423
6237,25.37902513
6238,25.38527581
6239,25.39152629
6240,25.39777653
6241,25.40402657
6242,25.41027638
6243,25.41652598
6244,25.42277536
6245,25.42902452
6246,25.43527347
6247,25.4415222
6248,25.44777071
6249,25.45401901
6250,25.46026708
6251,25.46651498
6252,25.47276262
6253,25.47901004
6254,25.48525724
6255,25.49150423
6256,25.49775099
6257,25.50399754
6258,25.51024386
6259,25.51648997
6260,25.52273585
6261,25.52898152
6262,25.53522698
6263,25.54147221
6264,25.54771721
6265,25.553962
6266,25.56020656
6267,25.5664509
6268,25.57269503
6269,25.57893893
6270,25.5851826
6271,25.59142606
6272,25.5976693
6273,25.60391231
6274,25.6101551
6275,25.61639767
6276,25.62264001
6277,25.62888214
6278,25.63512404
6279,25.64136571
6280,25.64760717
6281,25.6538484
6282,25.6600894
6283,25.66633018
6284,25.67257074
6285,25.67881109
6286,25.6850512
6287,25.69129108
6288,25.69753074
6289,25.70377018
6290,25.71000939
6291,25.71624837
6292,25.72248713
6293,25.72872567
6294,25.73496398
6295,25.74120206
6296,25.74743991
6297,25.75367754
6298,25.75991494
6299,25.76615212
6300,25.77238907
6301,25.77862579
6302,25.78486229
6303,25.79109855
6304,25.79733459
6305,25.80357041
6306,25.80980599
6307,25.81604135
6308,25.82227649
6309,25.82851139
6310,25.83474606
6311,25.8409805
6312,25.84721472
6313,25.8534487
6314,25.85968246
6315,25.86591598
6316,25.87214928
6317,25.87838234
6318,25.88461518
6319,25.89084778
6320,25.89708016
6321,25.9033123
6322,25.90954422
6323,25.9157759
6324,25.92200735
6325,25.92823858
6326,25.93446957
6327,25.94070032
6328,25.94693085
6329,25.95316115
6330,25.95939121
6331,25.96562105
6332,25.97185065
6333,25.97808002
6334,25.98430915
6335,25.99053805
6336,25.99676672
6337,26.00299515
6338,26.00922335
6339,26.01545132
6340,26.02167905
6341,26.02790655
6342,26.03413381
6343,26.04036084
6344,26.04658764
6345,26.0528142
6346,26.05904053
6347,26.06526662
6348,26.07149247
6349,26.07771809
6350,26.08394348
6351,26.09016863
6352,26.09639354
6353,26.10261822
6354,26.10884268
6355,26.11506689
6356,26.12129085
6357,26.12751459
6358,26.13373808
6359,26.13996134
6360,26.14618436
6361,26.15240715
6362,26.1586297
6363,26.164852
6364,26.17107408
6365,26.17729591
6366,26.18351754
6367,26.1897389
6368,26.19596002
6369,26.2021809
6370,26.20840154
6371,26.21462194
6372,26.2208421
6373,26.22706203
6374,26.23328171
6375,26.23950115
6376,26.24572036
6377,26.25193934
6378,26.25815806
6379,26.26437655
6380,26.27059479
6381,26.27681279
6382,26.28303056
6383,26.28924808
6384,26.29546536
6385,26.3016824
6386,26.30789919
6387,26.31411575
6388,26.32033206
6389,26.32654813
6390,26.33276396
6391,26.33897955
6392,26.34519489
6393,26.35141
6394,26.35762486
6395,26.36383947
6396,26.37005385
6397,26.37626798
6398,26.38248186
6399,26.38869551
6400,26.39490892
6401,26.40112207
6402,26.40733498
6403,26.41354765
6404,26.41976007
6405,26.42597225
6406,26.43218418
6407,26.43839587
6408,26.44460731
6409,26.45081851
6410,26.45702946
6411,26.46324017
6412,26.46945063
6413,26.47566085
6414,26.48187081
6415,26.48808054
6416,26.49429001
6417,26.50049924
6418,26.50670823
6419,26.51291696
6420,26.51912545
6421,26.52533369
6422,26.53154169
6423,26.53774945
6424,26.54395695
6425,26.5501642
6426,26.5563712
6427,26.56257796
6428,26.56878446
6429,26.57499072
6430,26.58119673
6431,26.58740249
6432,26.593608
6433,26.59981326
6434,26.60601828
6435,26.61222304
6436,26.61842755
6437,26.62463182
6438,26.63083583
6439,26.6370396
6440,26.64324311
6441,26.64944637
6442,26.65564939
6443,26.66185215
6444,26.66805466
6445,26.67425692
6446,26.68045894
6447,26.6866607
6448,26.69286221
6449,26.69906346
6450,26.70526446
6451,26.71146521
6452,26.71766571
6453,26.72386596
6454,26.73006595
6455,26.73626569
6456,26.74246518
6457,26.74866442
6458,26.7548634
6459,26.76106213
6460,26.7672606
6461,26.77345882
6462,26.77965679
6463,26.7858545
6464,26.79205196
6465,26.79824917
6466,26.80444612
6467,26.81064282
6468,26.81683926
6469,26.82303546
6470,26.82923139
6471,26.83542707
6472,26.84162249
6473,26.84781765
6474,26.85401256
6475,26.86020722
6476,26.86640162
6477,26.87259576
6478,26.87878964
6479,26.88498327
6480,26.89117668
6481,26.8973698
6482,26.90356266
6483,26.90975526
6484,26.91594761
6485,26.92213969
6486,26.92833152
6487,26.9345231
6488,26.94071441
6489,26.94690547
6490,26.95309627
6491,26.95928681
6492,26.9654771
6493,26.97166713
6494,26.97785689
6495,26.9840464
6496,26.99023564
6497,26.99642463
6498,27.00261336
6499,27.00880183
6500,27.01499003
6501,27.02117798
6502,27.02736567
6503,27.0335531
6504,27.03974027
6505,27.04592718
6506,27.05211382
6507,27.05830021
6508,27.06448634
6509,27.0706722
6510,27.0768578
6511,27.08304314
6512,27.08922823
6513,27.09541304
6514,27.1015976
6515,27.10778191
6516,27.11396594
6517,27.12014971
6518,27.12633322
6519,27.13251647
6520,27.13869945
6521,27.14488217
6522,27.15106463
6523,27.15724682
6524,27.16342875
6525,27.16961042
6526,27.17579182
6527,27.18197296
6528,27.18815383
6529,27.19433444
6530,27.20051479
6531,27.20669487
6532,27.21287469
6533,27.21905424
6534,27.22523353
6535,27.23141256
6536,27.23759131
6537,27.24376981
6538,27.24994805
6539,27.25612601
6540,27.26230371
6541,27.26848114
6542,27.2746583
6543,27.2808352
6544,27.28701183
6545,27.2931882
6546,27.29936429
6547,27.30554013
6548,27.31171569
6549,27.31789099
6550,27.32406602
6551,27.33024078
6552,27.33641528
6553,27.3425895
6554,27.34876346
6555,27.35493715
6556,27.36111058
6557,27.36728373
6558,27.37345662
6559,27.37962924
6560,27.38580159
6561,27.39197368
6562,27.39814549
6563,27.40431704
6564,27.41048831
6565,27.41665931
6566,27.42283005
6567,27.42900051
6568,27.4351707
6569,27.44134063
6570,27.44751028
6571,27.45367967
6572,27.45984878
6573,27.46601762
6574,27.47218619
6575,27.47835449
6576,27.48452252
6577,27.49069028
6578,27.49685777
6579,27.50302498
6580,27.50919193
6581,27.5153586
6582,27.521525
6583,27.52769113
6584,27.533857
6585,27.54002258
6586,27.54618789
6587,27.55235293
6588,27.55851769
6589,27.56468219
6590,27.5708464
6591,27.57701035
6592,27.58317402
6593,27.58933742
6594,27.59550055
6595,27.60166343
6596,27.60782601
6597,27.61398831
6598,27.62015034
6599,27.6263121
6600,27.63247358
6601,27.63863478
6602,27.64479571
6603,27.65095637
6604,27.65711674
6605,27.66327685
6606,27.66943668
6607,27.67559625
6608,27.68175552
6609,27.68791453
6610,27.69407325
6611,27.7002317
6612,27.70638987
6613,27.71254777
6614,27.71870539
6615,27.72486273
6616,27.7310198
6617,27.73717659
6618,27.7433331
6619,27.74948934
6620,27.7556453
6621,27.76180098
6622,27.76795638
6623,27.7741115
6624,27.78026635
6625,27.78642092
6626,27.79257521
6627,27.79872922
6628,27.80488295
6629,27.81103641
6630,27.8171896
6631,27.82334249
6632,27.82949511
6633,27.83564745
6634,27.84179951
6635,27.84795129
6636,27.85410279
6637,27.86025401
6638,27.86640494
6639,27.8725556
6640,27.87870598
6641,27.88485608
6642,27.8910059
6643,27.89715544
6644,27.90330469
6645,27.90945367
6646,27.91560236
6647,27.92175078
6648,27.92789891
6649,27.93404676
6650,27.94019433
6651,27.94634161
6652,27.95248862
6653,27.95863536
6654,27.9647818
6655,27.97092796
6656,27.97707383
6657,27.98321942
6658,27.98936473
6659,27.99550976
6660,28.00165451
6661,28.00779897
6662,28.01394314
6663,28.02008704
6664,28.02623065
6665,28.03237398
6666,28.03851702
6667,28.04465978
6668,28.05080225
6669,28.05694444
6670,28.06308635
6671,28.06922797
6672,28.07536931
6673,28.08151036
6674,28.08765113
6675,28.09379161
6676,28.09993182
6677,28.10607173
6678,28.11221136
6679,28.1183507
6680,28.12448975
6681,28.13062852
6682,28.136767
6683,28.1429052
6684,28.14904311
6685,28.15518073
6686,28.16131806
6687,28.16745511
6688,28.17359188
6689,28.17972835
6690,28.18586454
6691,28.19200044
6692,28.19813606
6693,28.20427138
6694,28.21040642
6695,28.21654117
6696,28.22267563
6697,28.22880981
6698,28.23494369
6699,28.24107731
6700,28.24721062
6701,28.25334364
6702,28.25947637
6703,28.26560881
6704,28.27174096
6705,28.27787283
6706,28.2840044
6707,28.29013569
6708,28.29626669
6709,28.30239739
6710,28.30852785
6711,28.31465797
6712,28.32078781
6713,28.32691736
6714,28.33304661
6715,28.33917558
6716,28.34530425
6717,28.35143264
6718,28.35756073
6719,28.36368853
6720,28.36981604
6721,28.37594328
6722,28.3820702
6723,28.38819684
6724,28.39432318
6725,28.40044924
6726,28.406575
6727,28.41270047
6728,28.41882564
6729,28.42495053
6730,28.43107512
6731,28.43719942
6732,28.44332342
6733,28.44944713
6734,28.45557055
6735,28.46169368
6736,28.46781651
6737,28.47393905
6738,28.4800613
6739,28.48618325
6740,28.49230491
6741,28.49842628
6742,28.50454735
6743,28.51066812
6744,28.51678862
6745,28.52290881
6746,28.5290287
6747,28.5351483
6748,28.5412676
6749,28.54738661
6750,28.55350532
6751,28.55962374
6752,28.56574186
6753,28.57185969
6754,28.57797722
6755,28.58409446
6756,28.5902114
6757,28.59632804
6758,28.60244439
6759,28.60856044
6760,28.61467619
6761,28.62079165
6762,28.62690681
6763,28.63302167
6764,28.63913624
6765,28.64525051
6766,28.65136448
6767,28.65747817
6768,28.66359155
6769,28.66970463
6770,28.67581742
6771,28.6819299
6772,28.68804209
6773,28.69415398
6774,28.70026557
6775,28.70637686
6776,28.71248785
6777,28.71859855
6778,28.72470894
6779,28.73081904
6780,28.73692884
6781,28.74303834
6782,28.74914754
6783,28.75525644
6784,28.76136504
6785,28.76747334
6786,28.77358134
6787,28.77968904
6788,28.78579645
6789,28.79190355
6790,28.79801036
6791,28.80411686
6792,28.81022306
6793,28.81632896
6794,28.82243456
6795,28.82853986
6796,28.83464486
6797,28.84074955
6798,28.84685395
6799,28.85295804
6800,28.85906183
6801,28.86516532
6802,28.87126851
6803,28.87737139
6804,28.88347398
6805,28.88957626
6806,28.89567824
6807,28.90177991
6808,28.90788129
6809,28.91398236
6810,28.92008313
6811,28.92618359
6812,28.93228376
6813,28.93838363
6814,28.94448319
6815,28.95058244
6816,28.95668139
6817,28.96278004
6818,28.96887838
6819,28.97497641
6820,28.98107415
6821,28.98717158
6822,28.9932687
6823,28.99936552
6824,29.00546208
6825,29.01155829
6826,29.0176542
6827,29.0237498
6828,29.0298451
6829,29.03594009
6830,29.04203477
6831,29.04812916
6832,29.05422323
6833,29.060317
6834,29.06641047
6835,29.07250362
6836,29.07859649
6837,29.08468904
6838,29.09078128
6839,29.09687321
6840,29.10296484
6841,29.10905616
6842,29.11514717
6843,29.12123788
6844,29.12732827
6845,29.13341837
6846,29.13950815
6847,29.14559763
6848,29.1516868
6849,29.15777566
6850,29.16386422
6851,29.16995246
6852,29.1760404
6853,29.18212803
6854,29.18821536
6855,29.19430237
6856,29.20038908
6857,29.20647547
6858,29.21256156
6859,29.21864736
6860,29.22473283
6861,29.23081799
6862,29.23690284
6863,29.24298738
6864,29.24907162
6865,29.25515554
6866,29.26123916
6867,29.26732246
6868,29.27340546
6869,29.27948814
6870,29.28557052
6871,29.29165258
6872,29.29773433
6873,29.30381578
6874,29.30989691
6875,29.31597773
6876,29.32205824
6877,29.32813844
6878,29.33421833
6879,29.34029791
6880,29.34637718
6881,29.35245613
6882,29.35853479
6883,29.36461312
6884,29.37069114
6885,29.37676885
6886,29.38284624
6887,29.38892333
6888,29.3950001
6889,29.40107656
6890,29.4071527
6891,29.41322854
6892,29.41930406
6893,29.42537927
6894,29.43145416
6895,29.43752874
6896,29.44360301
6897,29.44967697
6898,29.45575061
6899,29.46182394
6900,29.46789695
6901,29.47396965
6902,29.48004204
6903,29.48611411
6904,29.49218587
6905,29.49825733
6906,29.50432846
6907,29.51039928
6908,29.51646978
6909,29.52253996
6910,29.52860983
6911,29.53467939
6912,29.54074863
6913,29.54681756
6914,29.55288617
6915,29.55895446
6916,29.56502244
6917,29.5710901
6918,29.57715745
6919,29.58322448
6920,29.5892912
6921,29.5953576
6922,29.60142368
6923,29.60748945
6924,29.6135549
6925,29.61962003
6926,29.62568485
6927,29.63174935
6928,29.63781355
6929,29.64387742
6930,29.64994097
6931,29.6560042
6932,29.66206711
6933,29.66812971
6934,29.67419199
6935,29.68025395
6936,29.68631559
6937,29.69237692
6938,29.69843793
6939,29.70449865
6940,29.71055903
6941,29.71661908
6942,29.72267881
6943,29.72873823
6944,29.73479732
6945,29.7408561
6946,29.74691456
6947,29.7529727
6948,29.75903052
6949,29.76508802
6950,29.7711452
6951,29.77720208
6952,29.78325862
6953,29.78931484
6954,29.79537074
6955,29.80142632
6956,29.80748159
6957,29.81353653
6958,29.81959115
6959,29.82564545
6960,29.83169943
6961,29.83775309
6962,29.84380643
6963,29.84985945
6964,29.85591214
6965,29.86196452
6966,29.86801657
6967,29.87406831
6968,29.88011972
6969,29.88617081
6970,29.89222157
6971,29.89827202
6972,29.90432215
6973,29.91037195
6974,29.91642144
6975,29.9224706
6976,29.92851944
6977,29.93456795
6978,29.94061614
6979,29.94666401
6980,29.95271155
6981,29.95875877
6982,29.96480567
6983,29.97085225
6984,29.9768985
6985,29.98294443
6986,29.98899003
6987,29.99503532
6988,30.00108027
6989,30.00712491
6990,30.01316922
6991,30.0192132
6992,30.02525687
6993,30.0313002
6994,30.03734322
6995,30.04338591
6996,30.04942827
6997,30.05547032
6998,30.06151204
6999,30.06755343
7000,30.07359449
7001,30.07963523
7002,30.08567565
7003,30.09171574
7004,30.0977555
7005,30.10379494
7006,30.10983405
7007,30.11587284
7008,30.1219113
7009,30.12794943
7010,30.13398724
7011,30.14002473
7012,30.14606188
7013,30.15209871
7014,30.15813521
7015,30.16417139
7016,30.17020724
7017,30.17624276
7018,30.18227796
7019,30.18831283
7020,30.19434738
7021,30.2003816
7022,30.20641548
7023,30.21244904
7024,30.21848227
7025,30.22451518
7026,30.23054775
7027,30.23658
7028,30.24261192
7029,30.24864351
7030,30.25467478
7031,30.26070571
7032,30.26673632
7033,30.2727666
7034,30.27879655
7035,30.28482617
7036,30.29085546
7037,30.29688442
7038,30.30291306
7039,30.30894136
7040,30.31496933
7041,30.32099698
7042,30.3270243
7043,30.3330513
7044,30.33907795
7045,30.34510428
7046,30.35113028
7047,30.35715594
7048,30.36318128
7049,30.36920629
7050,30.37523096
7051,30.38125531
7052,30.38727932
7053,30.39330301
7054,30.3993264
7055,30.40534942
7056,30.41137211
7057,30.41739447
7058,30.4234165
7059,30.4294382
7060,30.43545957
7061,30.4414806
7062,30.4475013
7063,30.45352167
7064,30.45954171
7065,30.46556142
7066,30.47158081
7067,30.47759985
7068,30.48361857
7069,30.48963694
7070,30.49565499
7071,30.5016727
7072,30.50769008
7073,30.51370713
7074,30.51972385
7075,30.52574023
7076,30.53175628
7077,30.53777199
7078,30.54378738
7079,30.54980243
7080,30.55581714
7081,30.56183152
7082,30.56784557
7083,30.57385929
7084,30.57987267
7085,30.58588571
7086,30.59189842
7087,30.5979108
7088,30.60392285
7089,30.60993457
7090,30.61594595
7091,30.62195699
7092,30.62796769
7093,30.63397806
7094,30.6399881
7095,30.6459978
7096,30.65200716
7097,30.65801619
7098,30.66402489
7099,30.67003325
7100,30.67604127
7101,30.68204896
7102,30.68805631
7103,30.69406333
7104,30.70007001
7105,30.70607635
7106,30.71208236
7107,30.71808803
7108,30.72409337
7109,30.73009837
7110,30.73610303
7111,30.74210736
7112,30.74811136
7113,30.75411501
7114,30.76011833
7115,30.76612131
7116,30.77212395
7117,30.77812625
7118,30.78412822
7119,30.79012985
7120,30.79613114
7121,30.80213209
7122,30.80813271
7123,30.81413299
7124,30.82013293
7125,30.82613253
7126,30.8321318
7127,30.83813072
7128,30.84412931
7129,30.85012756
7130,30.85612547
7131,30.86212304
7132,30.86812027
7133,30.87411717
7134,30.88011372
7135,30.88610995
7136,30.89210583
7137,30.89810137
7138,30.90409657
7139,30.91009142
7140,30.91608594
7141,30.92208012
7142,30.92807396
7143,30.93406746
7144,30.94006062
7145,30.94605344
7146,30.95204592
7147,30.95803806
7148,30.96402986
7149,30.97002132
7150,30.97601244
7151,30.98200322
7152,30.98799366
7153,30.99398375
7154,30.99997351
7155,31.00596292
7156,31.011952
7157,31.01794073
7158,31.02392913
7159,31.02991718
7160,31.03590489
7161,31.04189226
7162,31.04787928
7163,31.05386596
7164,31.05985231
7165,31.0658383
7166,31.07182396
7167,31.07780928
7168,31.08379425
7169,31.08977892
7170,31.09576321
7171,31.10174715
7172,31.10773076
7173,31.11371401
7174,31.11969693
7175,31.12567951
7176,31.13166174
7177,31.13764362
7178,31.14362517
7179,31.14960637
7180,31.15558723
7181,31.16156776
7182,31.16754793
7183,31.17352775
7184,31.17950724
7185,31.18548638
7186,31.19146517
7187,31.19744362
7188,31.20342173
7189,31.20939949
7190,31.21537691
7191,31.22135398
7192,31.22733071
7193,31.2333071
7194,31.23928314
7195,31.24525883
7196,31.25123418
7197,31.25720919
7198,31.26318385
7199,31.26915816
7200,31.27513213
7201,31.28110576
7202,31.28707903
7203,31.29305197
7204,31.29902457
7205,31.30499681
7206,31.31096871
7207,31.31694026
7208,31.32291146
7209,31.32888232
7210,31.33485283
7211,31.34082299
7212,31.34679281
7213,31.35276228
7214,31.35873141
7215,31.36470019
7216,31.37066862
7217,31.3766367
7218,31.38260444
7219,31.38857183
7220,31.39453888
7221,31.40050557
7222,31.40647192
7223,31.41243792
7224,31.41840358
7225,31.42436888
7226,31.43033384
7227,31.43629847
7228,31.44226273
7229,31.44822664
7230,31.45419021
7231,31.46015343
7232,31.4661163
7233,31.47207882
7234,31.47804099
7235,31.48400282
7236,31.4899643
7237,31.49592542
7238,31.5018862
7239,31.50784663
7240,31.51380671
7241,31.51976644
7242,31.52572583
7243,31.53168486
7244,31.53764354
7245,31.54360188
7246,31.54955986
7247,31.5555175
7248,31.56147478
7249,31.56743172
7250,31.57338832
7251,31.57934455
7252,31.58530044
7253,31.59125598
7254,31.59721116
7255,31.603166
7256,31.60912048
7257,31.61507461
7258,31.6210284
7259,31.62698183
7260,31.63293491
7261,31.63888764
7262,31.64484002
7263,31.65079205
7264,31.65674373
7265,31.66269505
7266,31.66864603
7267,31.67459665
7268,31.68054692
7269,31.68649684
7270,31.69244641
7271,31.69839563
7272,31.70434449
7273,31.71029302
7274,31.71624118
7275,31.72218899
7276,31.72813645
7277,31.73408355
7278,31.7400303
7279,31.7459767
7280,31.75192275
7281,31.75786844
