plazo_dias,valor
1,11.185
2,11.189754440000002
3,11.19450887
4,11.199263310000001
5,11.20401774
6,11.20877218
7,11.21352661
8,11.21828105
9,11.22303549
10,11.227789920000001
11,11.23254436
12,11.23729879
13,11.24205323
14,11.24680766
15,11.2515621
16,11.256316530000001
17,11.26107097
18,11.26582541
19,11.27057984
20,11.275334280000001
21,11.28008871
22,11.28484315
23,11.28959758
24,11.29435202
25,11.299106459999999
26,11.303860890000001
27,11.30861533
28,11.31336976
29,11.3181242
30,11.32287863
31,11.32763307
32,11.33238751
33,11.33714194
34,11.34189638
35,11.34665081
36,11.351405250000001
37,11.35581596
38,11.36022668
39,11.3646374
40,11.36904811
41,11.373458829999999
42,11.37786954
43,11.38228026
44,11.38669098
45,11.39110169
46,11.39551241
47,11.39992312
48,11.40433384
49,11.40874455
50,11.41315527
51,11.41756599
52,11.4219767
53,11.426387420000001
54,11.43079813
55,11.43520885
56,11.43961957
57,11.44403028
58,11.448440999999999
59,11.452851710000001
60,11.45726243
61,11.46167315
62,11.46608386
63,11.47049458
64,11.474905289999999
65,11.47931601
66,11.48372673
67,11.48813744
68,11.49254816
69,11.49695887
70,11.501369590000001
71,11.505780309999999
72,11.51019102
73,11.51460174
74,11.51901245
75,11.52342317
76,11.52783389
77,11.5322446
78,11.53665532
79,11.54106603
80,11.54547675
81,11.54988747
82,11.55429818
83,11.558708900000001
84,11.56311961
85,11.56753033
86,11.57194104
87,11.57635176
88,11.580762479999999
89,11.58517319
90,11.58958391
91,11.59399462
92,11.59840534
93,11.60281606
94,11.607226769999999
95,11.61163749
96,11.6160482
97,11.62045892
98,11.62370521
99,11.62695151
100,11.6301978
101,11.633444090000001
102,11.63669039
103,11.63993668
104,11.64318297
105,11.64642927
106,11.64967556
107,11.65292185
108,11.65616815
109,11.65941444
110,11.66266073
111,11.66590703
112,11.66915332
113,11.672399610000001
114,11.67564591
115,11.6788922
116,11.68213849
117,11.68538479
118,11.68863108
119,11.69187737
120,11.695123670000001
121,11.69836996
122,11.70161625
123,11.70486255
124,11.708108840000001
125,11.71135513
126,11.71460143
127,11.71784772
128,11.72109401
129,11.72434031
130,11.7275866
131,11.73083289
132,11.734079190000001
133,11.737325479999999
134,11.740571769999999
135,11.743818059999999
136,11.74706436
137,11.75031065
138,11.75355694
139,11.75680324
140,11.76004953
141,11.76329582
142,11.766542119999999
143,11.76978841
144,11.7730347
145,11.776280999999999
146,11.779527289999999
147,11.78277358
148,11.78601988
149,11.78926617
150,11.79251246
151,11.79575876
152,11.79900505
153,11.80225134
154,11.80549764
155,11.80874393
156,11.81199022
157,11.81523652
158,11.81848281
159,11.8217291
160,11.8249754
161,11.82822169
162,11.831467980000001
163,11.83471428
164,11.83796057
165,11.84120686
166,11.84445316
167,11.84769945
168,11.85094574
169,11.854192040000001
170,11.85743833
171,11.86068462
172,11.86393092
173,11.86717721
174,11.870423500000001
175,11.8736698
176,11.87691609
177,11.88016238
178,11.88340868
179,11.88665497
180,11.88990126
181,11.893147560000001
182,11.89639385
183,11.899640139999999
184,11.90288644
185,11.906132730000001
186,11.90937902
187,11.91262532
188,11.91587161
189,11.9191179
190,11.922193009999999
191,11.92526812
192,11.928343230000001
193,11.93141834
194,11.93449345
195,11.93756856
196,11.94064367
197,11.94371878
198,11.94679389
199,11.949868989999999
200,11.9529441
201,11.956019210000001
202,11.95909432
203,11.96216943
204,11.96524454
205,11.96831965
206,11.971394759999999
207,11.97446987
208,11.977544980000001
209,11.98062009
210,11.9836952
211,11.98677031
212,11.98984542
213,11.99292052
214,11.99599563
215,11.999070739999999
216,12.00214585
217,12.00522096
218,12.00829607
219,12.01137118
220,12.01444629
221,12.0175214
222,12.02059651
223,12.02367162
224,12.02674673
225,12.02982184
226,12.03289695
227,12.03597205
228,12.03904716
229,12.04212227
230,12.04519738
231,12.04827249
232,12.0513476
233,12.054422709999999
234,12.05749782
235,12.060572930000001
236,12.06364804
237,12.06672315
238,12.06979826
239,12.07287337
240,12.07594848
241,12.079023580000001
242,12.08209869
243,12.0851738
244,12.08824891
245,12.09132402
246,12.09439913
247,12.09747424
248,12.100549350000001
249,12.103624459999999
250,12.10669957
251,12.109774680000001
252,12.11284979
253,12.1159249
254,12.119
255,12.122075109999999
256,12.12515022
257,12.128225330000001
258,12.131300439999999
259,12.13437555
260,12.13745066
261,12.14052577
262,12.14360088
263,12.14667599
264,12.1497511
265,12.15282621
266,12.15590132
267,12.15897643
268,12.16205153
269,12.16512664
270,12.16820175
271,12.171276859999999
272,12.17435197
273,12.17742708
274,12.18050219
275,12.1835773
276,12.18665241
277,12.18972752
278,12.192802630000001
279,12.19587774
280,12.19750097
281,12.199124209999999
282,12.20074745
283,12.202370680000001
284,12.20399392
285,12.20561716
286,12.20724039
287,12.20886363
288,12.210486869999999
289,12.212110110000001
290,12.213733340000001
291,12.21535658
292,12.21697982
293,12.21860305
294,12.22022629
295,12.22184953
296,12.22347276
297,12.225096
298,12.22671924
299,12.228342470000001
300,12.22996571
301,12.231588949999999
302,12.23321218
303,12.23483542
304,12.23645866
305,12.23808189
306,12.23970513
307,12.24132837
308,12.24295161
309,12.24457484
310,12.24619808
311,12.24782132
312,12.24944455
313,12.25106779
314,12.25269103
315,12.254314260000001
316,12.2559375
317,12.257560739999999
318,12.25918397
319,12.260807210000001
320,12.26243045
321,12.26405368
322,12.26567692
323,12.26730016
324,12.26892339
325,12.27054663
326,12.27216987
327,12.27379311
328,12.27541634
329,12.27703958
330,12.27866282
331,12.28028605
332,12.28190929
333,12.28353253
334,12.285155759999999
335,12.286779000000001
336,12.28840224
337,12.29002547
338,12.29164871
339,12.29327195
340,12.29489518
341,12.29651842
342,12.29814166
343,12.29976489
344,12.30138813
345,12.30301137
346,12.304634609999999
347,12.306257839999999
348,12.30788108
349,12.30950432
350,12.31112755
351,12.31275079
352,12.31437403
353,12.31599726
354,12.3176205
355,12.31924374
356,12.320866969999999
357,12.32249021
358,12.32411345
359,12.32573668
360,12.32735992
361,12.32898316
362,12.33060639
363,12.332229629999999
364,12.333852870000001
365,12.33547611
366,12.33709934
367,12.33872258
368,12.34034582
369,12.34196905
370,12.34359229
371,12.34389017
372,12.34418806
373,12.34448594
374,12.34478382
375,12.34508171
376,12.34537959
377,12.34567747
378,12.34597536
379,12.34627324
380,12.34657112
381,12.34686901
382,12.34716689
383,12.34746477
384,12.34776266
385,12.34806054
386,12.348358430000001
387,12.34865631
388,12.34895419
389,12.349252080000001
390,12.349549960000001
391,12.34984784
392,12.350145730000001
393,12.350443610000001
394,12.35074149
395,12.351039380000001
396,12.351337260000001
397,12.35163514
398,12.35193303
399,12.352230910000001
400,12.352528790000001
401,12.35282668
402,12.353124560000001
403,12.35342245
404,12.35372033
405,12.354018210000001
406,12.3543161
407,12.35461398
408,12.35491186
409,12.35520975
410,12.35550763
411,12.35580551
412,12.3561034
413,12.35640128
414,12.35669916
415,12.35699705
416,12.35729493
417,12.35759281
418,12.3578907
419,12.35818858
420,12.35848646
421,12.35878435
422,12.35908223
423,12.35938012
424,12.359678
425,12.35997588
426,12.360273770000001
427,12.36057165
428,12.36086953
429,12.36116742
430,12.3614653
431,12.36176318
432,12.36206107
433,12.36235895
434,12.36265683
435,12.36295472
436,12.363252600000001
437,12.36355048
438,12.36384837
439,12.36414625
440,12.36444413
441,12.36474202
442,12.3650399
443,12.36533779
444,12.36563567
445,12.36593355
446,12.36623144
447,12.36652932
448,12.3668272
449,12.36712509
450,12.36742297
451,12.36772085
452,12.36801874
453,12.36831662
454,12.3686145
455,12.36891239
456,12.36921027
457,12.36950815
458,12.36980604
459,12.37010392
460,12.370401809999999
461,12.37069969
462,12.37099757
463,12.371295459999999
464,12.37159334
465,12.37189122
466,12.372189109999999
467,12.37248699
468,12.37278487
469,12.373082759999999
470,12.373380639999999
471,12.37367852
472,12.37397641
473,12.374274289999999
474,12.37457217
475,12.37487006
476,12.375167939999999
477,12.37546582
478,12.37576371
479,12.376061589999999
480,12.37635948
481,12.37665736
482,12.37695524
483,12.37725313
484,12.37755101
485,12.37784889
486,12.37814678
487,12.37844466
488,12.37874254
489,12.37904043
490,12.37933831
491,12.37963619
492,12.37993408
493,12.38023196
494,12.38052984
495,12.38082773
496,12.38112561
497,12.38142349
498,12.38172138
499,12.38201926
500,12.382317149999999
501,12.38261503
502,12.38291291
503,12.3832108
504,12.383508679999998
505,12.38380656
506,12.384104449999999
507,12.38440233
508,12.38470021
509,12.3849981
510,12.385295979999999
511,12.38559386
512,12.385891749999999
513,12.38618963
514,12.386487509999998
515,12.3867854
516,12.387083279999999
517,12.38738116
518,12.38767905
519,12.38797693
520,12.38827482
521,12.388572700000001
522,12.388870579999999
523,12.389168470000001
524,12.38946635
525,12.38976423
526,12.39006212
527,12.390360000000001
528,12.39065788
529,12.390955770000001
530,12.39125365
531,12.391551530000001
532,12.39184942
533,12.392147300000001
534,12.39244518
535,12.39274307
536,12.39304095
537,12.39333884
538,12.39363672
539,12.393934600000001
540,12.39423249
541,12.39453037
542,12.39482825
543,12.39512614
544,12.39542402
545,12.3957219
546,12.39601979
547,12.39631767
548,12.39661555
549,12.39691344
550,12.39721132
551,12.3975092
552,12.39780709
553,12.39810497
554,12.39840285
555,12.398193809999999
556,12.39798476
557,12.39777571
558,12.39756666
559,12.39735761
560,12.397148569999999
561,12.39693952
562,12.39673047
563,12.396521420000001
564,12.39631237
565,12.396103329999999
566,12.39589428
567,12.39568523
568,12.39547618
569,12.39526713
570,12.39505808
571,12.39484904
572,12.39463999
573,12.39443094
574,12.394221889999999
575,12.39401284
576,12.3938038
577,12.39359475
578,12.3933857
579,12.39317665
580,12.3929676
581,12.39275856
582,12.39254951
583,12.39234046
584,12.39213141
585,12.39192236
586,12.39171331
587,12.39150427
588,12.39129522
589,12.39108617
590,12.39087712
591,12.39066807
592,12.39045903
593,12.39024998
594,12.39004093
595,12.389831880000001
596,12.389622829999999
597,12.38941379
598,12.38920474
599,12.38899569
600,12.388786640000001
601,12.388577589999999
602,12.38836854
603,12.3881595
604,12.38795045
605,12.387741400000001
606,12.387532349999999
607,12.3873233
608,12.38711426
609,12.38690521
610,12.386696160000001
611,12.38648711
612,12.38627806
613,12.38606901
614,12.38585997
615,12.38565092
616,12.38544187
617,12.38523282
618,12.38502377
619,12.38481473
620,12.38460568
621,12.38439663
622,12.38418758
623,12.38397853
624,12.38376949
625,12.38356044
626,12.38335139
627,12.383142340000001
628,12.38293329
629,12.38272424
630,12.3825152
631,12.38230615
632,12.3820971
633,12.38188805
634,12.381679
635,12.381469959999999
636,12.38126091
637,12.38105186
638,12.38084281
639,12.38063376
640,12.380424719999999
641,12.38021567
642,12.38000662
643,12.37979757
644,12.37958852
645,12.37937947
646,12.37917043
647,12.37896138
648,12.37875233
649,12.37854328
650,12.37833423
651,12.37812519
652,12.37791614
653,12.37770709
654,12.377498039999999
655,12.37728899
656,12.37707995
657,12.3768709
658,12.37666185
659,12.3764528
660,12.37624375
661,12.3760347
662,12.37582566
663,12.37561661
664,12.37540756
665,12.37519851
666,12.37498946
667,12.37478042
668,12.37457137
669,12.37436232
670,12.37415327
671,12.373944219999998
672,12.37373517
673,12.37352613
674,12.37331708
675,12.373108030000001
676,12.372898979999999
677,12.37268993
678,12.37248089
679,12.37227184
680,12.372062790000001
681,12.371853739999999
682,12.37164469
683,12.37143565
684,12.3712266
685,12.371017550000001
686,12.370808499999999
687,12.37059945
688,12.3703904
689,12.37018136
690,12.369972310000001
691,12.36976326
692,12.36955421
693,12.36934516
694,12.36913612
695,12.36892707
696,12.36871802
697,12.36850897
698,12.36829992
699,12.36809088
700,12.36788183
701,12.36767278
702,12.36746373
703,12.36725468
704,12.36704563
705,12.36683659
706,12.36662754
707,12.366418490000001
708,12.36620944
709,12.36600039
710,12.365791349999999
711,12.3655823
712,12.365373250000001
713,12.3651642
714,12.36495515
715,12.364746109999999
716,12.36453706
717,12.36432801
718,12.36411896
719,12.36390991
720,12.36370086
721,12.36349182
722,12.36328277
723,12.36307372
724,12.36286467
725,12.36265562
726,12.36244658
727,12.36223753
728,12.36202848
729,12.36181943
730,12.36161038
731,12.36140134
732,12.36119229
733,12.36098324
734,12.360774189999999
735,12.36056514
736,12.36035609
737,12.360329389999999
738,12.36030269
739,12.360276
740,12.3602493
741,12.3602226
742,12.360195899999999
743,12.3601692
744,12.3601425
745,12.3601158
746,12.3600891
747,12.3600624
748,12.3600357
749,12.360009
750,12.3599823
751,12.3599556
752,12.3599289
753,12.3599022
754,12.359875500000001
755,12.3598488
756,12.359822099999999
757,12.3597954
758,12.3597687
759,12.359742
760,12.3597153
761,12.3596886
762,12.3596619
763,12.359635200000001
764,12.3596085
765,12.359581799999999
766,12.3595551
767,12.3595284
768,12.359501700000001
769,12.359475
770,12.3594483
771,12.359421600000001
772,12.35939491
773,12.359368210000001
774,12.35934151
775,12.359314809999999
776,12.35928811
777,12.35926141
778,12.359234709999999
779,12.35920801
780,12.35918131
781,12.359154610000001
782,12.359127910000002
783,12.359101209999999
784,12.35907451
785,12.35904781
786,12.35902111
787,12.35899441
788,12.35896771
789,12.35894101
790,12.358914310000001
791,12.35888761
792,12.358860909999999
793,12.35883421
794,12.35880751
795,12.35878081
796,12.35875411
797,12.35872741
798,12.358700709999999
799,12.35867401
800,12.35864731
801,12.35862061
802,12.35859391
803,12.35856721
804,12.358540510000001
805,12.35851381
806,12.35848712
807,12.35846042
808,12.35843372
809,12.358407020000001
810,12.35838032
811,12.358353619999999
812,12.35832692
813,12.35830022
814,12.358273520000001
815,12.35824682
816,12.35822012
817,12.35819342
818,12.35816672
819,12.35814002
820,12.35811332
821,12.35808662
822,12.35805992
823,12.358033220000001
824,12.35800652
825,12.357979819999999
826,12.35795312
827,12.35792642
828,12.35789972
829,12.35787302
830,12.35784632
831,12.35781962
832,12.357792920000001
833,12.357766219999998
834,12.357739519999999
835,12.35771282
836,12.35768612
837,12.357659420000001
838,12.35763272
839,12.35760603
840,12.35757933
841,12.35755263
842,12.35752593
843,12.35749923
844,12.357472529999999
845,12.35744583
846,12.35741913
847,12.357392429999999
848,12.35736573
849,12.35733903
850,12.357312330000001
851,12.35728563
852,12.357258929999999
853,12.35723223
854,12.35720553
855,12.35717883
856,12.35715213
857,12.35712543
858,12.35709873
859,12.357072030000001
860,12.35704533
861,12.357018629999999
862,12.35699193
863,12.35696523
864,12.35693853
865,12.35691183
866,12.35688513
867,12.35685843
868,12.35683173
869,12.35680503
870,12.35677833
871,12.35675163
872,12.35672493
873,12.35669824
874,12.35667154
875,12.35664484
876,12.35661814
877,12.35659144
878,12.356564740000001
879,12.35653804
880,12.356511339999999
881,12.35648464
882,12.35645794
883,12.356431240000001
884,12.35640454
885,12.35637784
886,12.356351140000001
887,12.35632444
888,12.356297739999999
889,12.35627104
890,12.35624434
891,12.35621764
892,12.356190940000001
893,12.35616424
894,12.35613754
895,12.35611084
896,12.35608414
897,12.356057439999999
898,12.35603074
899,12.35600404
900,12.35597734
901,12.35595064
902,12.35592394
903,12.35589724
904,12.35587054
905,12.35584384
906,12.35581715
907,12.355790449999999
908,12.35576375
909,12.35573705
910,12.35571035
911,12.35568365
912,12.35565695
913,12.35563025
914,12.35560355
915,12.35557685
916,12.35555015
917,12.35552345
918,12.35549675
919,12.355470050000001
920,12.35544335
921,12.35541665
922,12.35538995
923,12.35536325
924,12.35533655
925,12.35530985
926,12.35528315
927,12.35525645
928,12.355229750000001
929,12.35520305
930,12.355176349999999
931,12.35514965
932,12.35512295
933,12.35509625
934,12.35506955
935,12.35504285
936,12.35501615
937,12.35498945
938,12.35496275
939,12.35493605
940,12.35490936
941,12.35488266
942,12.35485596
943,12.354829259999999
944,12.35480256
945,12.35477586
946,12.35474916
947,12.354722460000001
948,12.35469576
949,12.354669059999999
950,12.35464236
951,12.35461566
952,12.35458896
953,12.35456226
954,12.35453556
955,12.354508860000001
956,12.35448216
957,12.354455459999999
958,12.35442876
959,12.35440206
960,12.35437536
961,12.35434866
962,12.35432196
963,12.35429526
964,12.35426856
965,12.35424186
966,12.354215159999999
967,12.35418846
968,12.35416176
969,12.35413506
970,12.35410836
971,12.35408166
972,12.35405496
973,12.35402827
974,12.354001570000001
975,12.35397487
976,12.353948169999999
977,12.35392147
978,12.35389477
979,12.35386807
980,12.35384137
981,12.35381467
982,12.35378797
983,12.35376127
984,12.35373457
985,12.35370787
986,12.35368117
987,12.35365447
988,12.353627770000001
989,12.35360107
990,12.35357437
991,12.35354767
992,12.35352097
993,12.35349427
994,12.35346757
995,12.35344087
996,12.35341417
997,12.353387470000001
998,12.35336077
999,12.353334069999999
1000,12.35330737
1001,12.35328067
1002,12.35325397
1003,12.35322727
1004,12.35320057
1005,12.353173870000001
1006,12.35314717
1007,12.35312048
1008,12.35309378
1009,12.35306708
1010,12.35304038
1011,12.35301368
1012,12.352986979999999
1013,12.35296028
1014,12.35293358
1015,12.35290688
1016,12.35288018
1017,12.35285348
1018,12.35282678
1019,12.35280008
1020,12.35277338
1021,12.35274668
1022,12.35271998
1023,12.35269328
1024,12.352666580000001
1025,12.35263988
1026,12.352613179999999
1027,12.35258648
1028,12.35255978
1029,12.35253308
1030,12.35250638
1031,12.35247968
1032,12.35245298
1033,12.352426280000001
1034,12.35239958
1035,12.352372879999999
1036,12.35234618
1037,12.35231948
1038,12.35229278
1039,12.35226608
1040,12.35223939
1041,12.35221269
1042,12.35218599
1043,12.352159290000001
1044,12.35213259
1045,12.352105889999999
1046,12.35207919
1047,12.35205249
1048,12.35202579
1049,12.35199909
1050,12.35197239
1051,12.35194569
1052,12.351918990000001
1053,12.351892289999999
1054,12.35186559
1055,12.35183889
1056,12.35181219
1057,12.351785490000001
1058,12.35175879
1059,12.35173209
1060,12.351705390000001
1061,12.35167869
1062,12.351651989999999
1063,12.35162529
1064,12.35159859
1065,12.35157189
1066,12.35154519
1067,12.35151849
1068,12.35149179
1069,12.35146509
1070,12.35143839
1071,12.351411689999999
1072,12.35138499
1073,12.35135829
1074,12.3513316
1075,12.3513049
1076,12.3512782
1077,12.3512515
1078,12.3512248
1079,12.351198100000001
1080,12.3511714
1081,12.351144699999999
1082,12.351118
1083,12.3510913
1084,12.3510646
1085,12.3510379
1086,12.3510112
1087,12.3509845
1088,12.3509578
1089,12.3509311
1090,12.3509044
1091,12.3508777
1092,12.350851
1093,12.350824300000001
1094,12.3507976
1095,12.350770899999999
1096,12.3507442
1097,12.3507175
1098,12.3506908
1099,12.3506641
1100,12.3506374
1101,12.3506107
1102,12.350584000000001
1103,12.3505573
1104,12.35115972
1105,12.351762149999999
1106,12.35236457
1107,12.35296699
1108,12.35356941
1109,12.35417183
1110,12.35477425
1111,12.35537667
1112,12.35597909
1113,12.35658151
1114,12.35718393
1115,12.35778635
1116,12.358388770000001
1117,12.35899119
1118,12.35959361
1119,12.36019603
1120,12.36079846
1121,12.36140088
1122,12.3620033
1123,12.36260572
1124,12.36320814
1125,12.363810560000001
1126,12.36441298
1127,12.365015399999999
1128,12.365617819999999
1129,12.36622024
1130,12.36682266
1131,12.36742508
1132,12.3680275
1133,12.36862992
1134,12.36923234
1135,12.36983477
1136,12.37043719
1137,12.371039609999999
1138,12.37164203
1139,12.37224445
1140,12.37284687
1141,12.37344929
1142,12.37405171
1143,12.37465413
1144,12.37525655
1145,12.375858970000001
1146,12.37646139
1147,12.37706381
1148,12.37766623
1149,12.37826865
1150,12.378871080000001
1151,12.3794735
1152,12.38007592
1153,12.38067834
1154,12.381280760000001
1155,12.38188318
1156,12.382485599999999
1157,12.383088019999999
1158,12.38369044
1159,12.38429286
1160,12.38489528
1161,12.3854977
1162,12.38610012
1163,12.38670254
1164,12.38730496
1165,12.38790739
1166,12.388509809999999
1167,12.38911223
1168,12.38971465
1169,12.39031707
1170,12.39091949
1171,12.39152191
1172,12.39212433
1173,12.39272675
1174,12.393329170000001
1175,12.39393159
1176,12.39453401
1177,12.39513643
1178,12.39573885
1179,12.39634127
1180,12.3969437
1181,12.39754612
1182,12.39814854
1183,12.398750960000001
1184,12.39935338
1185,12.399955799999999
1186,12.40055822
1187,12.40116064
1188,12.40176306
1189,12.40236548
1190,12.4029679
1191,12.40357032
1192,12.40417274
1193,12.40477516
1194,12.40537758
1195,12.40598001
1196,12.40658243
1197,12.40718485
1198,12.40778727
1199,12.40838969
1200,12.40899211
1201,12.40959453
1202,12.410196950000001
1203,12.41079937
1204,12.41140179
1205,12.41200421
1206,12.41260663
1207,12.41320905
1208,12.413811469999999
1209,12.41441389
1210,12.41501632
1211,12.415618740000001
1212,12.416221160000001
1213,12.416823579999999
1214,12.417425999999999
1215,12.41802842
1216,12.41863084
1217,12.41923326
1218,12.41983568
1219,12.4204381
1220,12.42104052
1221,12.42164294
1222,12.42224536
1223,12.42284778
1224,12.4234502
1225,12.42405263
1226,12.42465505
1227,12.42525747
1228,12.42585989
1229,12.42646231
1230,12.42706473
1231,12.427667150000001
1232,12.42826957
1233,12.42887199
1234,12.42947441
1235,12.43007683
1236,12.43067925
1237,12.431281669999999
1238,12.43188409
1239,12.43248651
1240,12.433088940000001
1241,12.433691360000001
1242,12.434293779999999
1243,12.434896199999999
1244,12.43549862
1245,12.43610104
1246,12.43670346
1247,12.43730588
1248,12.4379083
1249,12.43851072
1250,12.43911314
1251,12.43971556
1252,12.44031798
1253,12.4409204
1254,12.441522820000001
1255,12.44212525
1256,12.44272767
1257,12.44333009
1258,12.44393251
1259,12.44453493
1260,12.44513735
1261,12.44573977
1262,12.44634219
1263,12.446944610000001
1264,12.44754703
1265,12.448149449999999
1266,12.448751869999999
1267,12.44935429
1268,12.44995671
1269,12.45055913
1270,12.45116156
1271,12.451763979999999
1272,12.4523664
1273,12.45296882
1274,12.45357124
1275,12.454173659999999
1276,12.45477608
1277,12.4553785
1278,12.45598092
1279,12.45658334
1280,12.45718576
1281,12.45778818
1282,12.4583906
1283,12.458993020000001
1284,12.45959544
1285,12.46019787
1286,12.46080029
1287,12.46140271
1288,12.462005130000001
1289,12.46260755
1290,12.46320997
1291,12.46381239
1292,12.464414810000001
1293,12.46501723
1294,12.465619649999999
1295,12.46622207
1296,12.46682449
1297,12.46742691
1298,12.46802933
1299,12.46863175
1300,12.469234179999999
1301,12.4698366
1302,12.47043902
1303,12.47104144
1304,12.47164386
1305,12.47224628
1306,12.4728487
1307,12.47345112
1308,12.47405354
1309,12.47465596
1310,12.47525838
1311,12.4758608
1312,12.47646322
1313,12.47706564
1314,12.47766806
1315,12.47827049
1316,12.47887291
1317,12.47947533
1318,12.48007775
1319,12.48068017
1320,12.48128259
1321,12.481885010000001
1322,12.482487429999999
1323,12.483089849999999
1324,12.48369227
1325,12.48429469
1326,12.48489711
1327,12.485499529999998
1328,12.48610195
1329,12.48670437
1330,12.4873068
1331,12.48790922
1332,12.488511639999999
1333,12.48911406
1334,12.48971648
1335,12.4903189
1336,12.49092132
1337,12.49152374
1338,12.49212616
1339,12.49272858
1340,12.493331000000001
1341,12.49393342
1342,12.49453584
1343,12.49513826
1344,12.49574068
1345,12.49634311
1346,12.49694553
1347,12.49754795
1348,12.49815037
1349,12.498752790000001
1350,12.499355210000001
1351,12.499957629999999
1352,12.50056005
1353,12.501162469999999
1354,12.50176489
1355,12.50236731
1356,12.502969729999998
1357,12.50357215
1358,12.504174570000002
1359,12.50477699
1360,12.50537942
1361,12.505981839999999
1362,12.50658426
1363,12.507186679999998
1364,12.5077891
1365,12.50839152
1366,12.508993939999998
1367,12.50959636
1368,12.510198780000001
1369,12.5108012
1370,12.51140362
1371,12.512006040000001
1372,12.51260846
1373,12.51321088
1374,12.5138133
1375,12.51441573
1376,12.515018150000001
1377,12.51562057
1378,12.516222990000001
1379,12.51682541
1380,12.517427829999999
1381,12.51803025
1382,12.518632669999999
1383,12.51923509
1384,12.51983751
1385,12.520439929999998
1386,12.52104235
1387,12.521644770000002
1388,12.52224719
1389,12.52284961
1390,12.523452039999999
1391,12.52405446
1392,12.524656880000002
1393,12.5252593
1394,12.52586172
1395,12.526464139999998
1396,12.52706656
1397,12.527668980000001
1398,12.5282714
1399,12.52887382
1400,12.529476240000001
1401,12.53007866
1402,12.53068108
1403,12.5312835
1404,12.531885919999999
1405,12.532488350000001
1406,12.53309077
1407,12.533693190000001
1408,12.534295610000001
1409,12.534898029999999
1410,12.53550045
1411,12.536102869999999
1412,12.53670529
1413,12.53730771
1414,12.537910129999998
1415,12.53851255
1416,12.539114970000002
1417,12.53971739
1418,12.54031981
1419,12.540922230000001
1420,12.54152466
1421,12.542127080000002
1422,12.5427295
1423,12.54333192
1424,12.543934339999998
1425,12.54453676
1426,12.545139180000001
1427,12.5457416
1428,12.54634402
1429,12.546946440000001
1430,12.54754886
1431,12.54815128
1432,12.5487537
1433,12.549356119999999
1434,12.54995854
1435,12.55056097
1436,12.551163390000001
1437,12.551765810000001
1438,12.552368229999999
1439,12.55297065
1440,12.553573069999999
1441,12.55417549
1442,12.55477791
1443,12.555380329999998
1444,12.55598275
1445,12.556585170000002
1446,12.55718759
1447,12.55779001
1448,12.558392430000001
1449,12.55899485
1450,12.559597280000002
1451,12.5601997
1452,12.56080212
1453,12.561404540000002
1454,12.56200696
1455,12.562609380000001
1456,12.5632118
1457,12.56381422
1458,12.564416640000001
1459,12.56501906
1460,12.56562148
1461,12.5662239
1462,12.566826319999999
1463,12.56742874
1464,12.56803116
1465,12.568633590000001
1466,12.569236010000001
1467,12.569838429999999
1468,12.57044085
1469,12.57104908
1470,12.571657319999998
1471,12.572265550000001
1472,12.57287379
1473,12.573482020000002
1474,12.57409026
1475,12.57469849
1476,12.57530673
1477,12.57591496
1478,12.5765232
1479,12.57713143
1480,12.57773967
1481,12.5783479
1482,12.57895614
1483,12.579564369999998
1484,12.580172610000002
1485,12.58078084
1486,12.58138908
1487,12.58199731
1488,12.58260555
1489,12.58321378
1490,12.58382202
1491,12.58443025
1492,12.58503849
1493,12.58564672
1494,12.586254960000002
1495,12.58686319
1496,12.587471429999999
1497,12.588079660000002
1498,12.5886879
1499,12.58929613
1500,12.58990437
1501,12.5905126
1502,12.59112084
1503,12.59172908
1504,12.592337310000001
1505,12.592945550000001
1506,12.59355378
1507,12.594162019999999
1508,12.594770250000002
1509,12.59537849
1510,12.595986719999999
1511,12.59659496
1512,12.59720319
1513,12.59781143
1514,12.59841966
1515,12.599027900000001
1516,12.59963613
1517,12.600244369999999
1518,12.600852600000001
1519,12.601460840000001
1520,12.602069069999999
1521,12.602677309999999
1522,12.60328554
1523,12.60389378
1524,12.60450201
1525,12.605110250000001
1526,12.60571848
1527,12.60632672
1528,12.606934950000001
1529,12.607543190000001
1530,12.608151419999999
1531,12.608759659999999
1532,12.609367890000001
1533,12.60997613
1534,12.610584359999999
1535,12.6111926
1536,12.61180083
1537,12.61240907
1538,12.613017300000001
1539,12.613625540000001
1540,12.61423377
1541,12.614842009999998
1542,12.615450240000001
1543,12.61605848
1544,12.616666709999999
1545,12.617274949999999
1546,12.61788318
1547,12.61849142
1548,12.61909965
1549,12.61970789
1550,12.62031612
1551,12.62092436
1552,12.621532590000001
1553,12.622140830000001
1554,12.622749059999999
1555,12.623357299999999
1556,12.62396553
1557,12.62457377
1558,12.625181999999999
1559,12.62579024
1560,12.62639847
1561,12.62700671
1562,12.62761494
1563,12.62822318
1564,12.62883141
1565,12.629439649999998
1566,12.630047880000001
1567,12.63065612
1568,12.63126436
1569,12.63187259
1570,12.63248083
1571,12.63308906
1572,12.6336973
1573,12.63430553
1574,12.63491377
1575,12.635521999999998
1576,12.636130239999998
1577,12.636738470000001
1578,12.63734671
1579,12.637954940000002
1580,12.63856318
1581,12.63917141
1582,12.63977965
1583,12.64038788
1584,12.64099612
1585,12.64160435
1586,12.642212589999998
1587,12.64282082
1588,12.643429059999999
1589,12.644037289999998
1590,12.644645530000002
1591,12.64525376
1592,12.645862
1593,12.64647023
1594,12.64707847
1595,12.6476867
1596,12.64829494
1597,12.64890317
1598,12.64951141
1599,12.650119639999998
1600,12.650727880000002
1601,12.651336109999999
1602,12.651944349999999
1603,12.652552580000002
1604,12.65316082
1605,12.65376905
1606,12.65437729
1607,12.65498552
1608,12.65559376
1609,12.65620199
1610,12.656810230000001
1611,12.65741846
1612,12.658026699999999
1613,12.658634930000002
1614,12.65924317
1615,12.659851399999999
1616,12.66045964
1617,12.66106787
1618,12.66167611
1619,12.66228434
1620,12.66289258
1621,12.66350081
1622,12.66410905
1623,12.664717280000001
1624,12.665325520000001
1625,12.665933749999999
1626,12.666541989999999
1627,12.66715022
1628,12.66775846
1629,12.66836669
1630,12.66897493
1631,12.669583170000001
1632,12.6701914
1633,12.67079964
1634,12.671407870000001
1635,12.672016110000001
1636,12.672624339999999
1637,12.673232579999999
1638,12.67384081
1639,12.67444905
1640,12.675057279999999
1641,12.67566552
1642,12.67627375
1643,12.67688199
1644,12.677490220000001
1645,12.678098460000001
1646,12.67870669
1647,12.679314929999999
1648,12.679923160000001
1649,12.6805314
1650,12.681139629999999
1651,12.68174787
1652,12.6823561
1653,12.68296434
1654,12.68357257
1655,12.68418081
1656,12.68478904
1657,12.68539728
1658,12.686005510000001
1659,12.686613750000001
1660,12.687221979999999
1661,12.687830219999999
1662,12.68843845
1663,12.68904669
1664,12.689654919999999
1665,12.69026316
1666,12.69087139
1667,12.69147963
1668,12.69208786
1669,12.692696100000001
1670,12.69330433
1671,12.693912569999998
1672,12.694520800000001
1673,12.69512904
1674,12.695737269999999
1675,12.69634551
1676,12.69695374
1677,12.69756198
1678,12.69817021
1679,12.69877845
1680,12.69938668
1681,12.699994919999998
1682,12.700603150000001
1683,12.701211390000001
1684,12.701819619999998
1685,12.702427860000002
1686,12.70303609
1687,12.70364433
1688,12.70425256
1689,12.7048608
1690,12.70546903
1691,12.70607727
1692,12.7066855
1693,12.70729374
1694,12.707901969999998
1695,12.708510210000002
1696,12.709118450000002
1697,12.70972668
1698,12.71033492
1699,12.71094315
1700,12.71155139
1701,12.71215962
1702,12.71276786
1703,12.71337609
1704,12.71398433
1705,12.714592559999998
1706,12.715200800000002
1707,12.715809029999999
1708,12.716417269999999
1709,12.717025500000002
1710,12.71763374
1711,12.71824197
1712,12.71885021
1713,12.71945844
1714,12.72006668
1715,12.72067491
1716,12.721283150000001
1717,12.72189138
1718,12.722499619999999
1719,12.723107850000002
1720,12.72371609
1721,12.72432432
1722,12.72493256
1723,12.72554079
1724,12.72614903
1725,12.72675726
1726,12.727365500000001
1727,12.72797373
1728,12.72858197
1729,12.729190200000001
1730,12.729798440000001
1731,12.730406669999999
1732,12.731014909999999
1733,12.73162314
1734,12.73223138
1735,12.73283961
1736,12.73344785
1737,12.73405608
1738,12.73466432
1739,12.735272550000001
1740,12.735880790000001
1741,12.73648902
1742,12.737097259999999
1743,12.737705490000002
1744,12.73831373
1745,12.738921959999999
1746,12.739530199999999
1747,12.74013843
1748,12.74074667
1749,12.7413549
1750,12.741963140000001
1751,12.74257137
1752,12.743179609999999
1753,12.743787840000001
1754,12.744396080000001
1755,12.745004309999999
1756,12.745612549999999
1757,12.74622078
1758,12.74682902
1759,12.747437249999999
1760,12.74804549
1761,12.748653730000001
1762,12.74926196
1763,12.749870199999998
1764,12.750478430000001
1765,12.75108667
1766,12.751694899999999
1767,12.752303139999999
1768,12.75291137
1769,12.75351961
1770,12.75412784
1771,12.75473608
1772,12.75534431
1773,12.75595255
1774,12.756560780000001
1775,12.757169020000001
1776,12.757777249999998
1777,12.758385489999998
1778,12.75899372
1779,12.75960196
1780,12.760210189999999
1781,12.76081843
1782,12.76142666
1783,12.7620349
1784,12.76264313
1785,12.76325137
1786,12.7638596
1787,12.764467839999998
1788,12.765076070000001
1789,12.76568431
1790,12.766292539999998
1791,12.76690078
1792,12.76750901
1793,12.76811725
1794,12.76872548
1795,12.76933372
1796,12.76994195
1797,12.77055019
1798,12.77115842
1799,12.77176666
1800,12.772374889999998
1801,12.772983130000002
1802,12.77359136
1803,12.7741996
1804,12.77480783
1805,12.77541607
1806,12.7760243
1807,12.77663254
1808,12.77724077
1809,12.77784901
1810,12.77845724
1811,12.779065479999998
1812,12.77967371
1813,12.78028195
1814,12.780890180000002
1815,12.78149842
1816,12.78210665
1817,12.78271489
1818,12.78332312
1819,12.78393136
1820,12.78453959
1821,12.78514783
1822,12.78575606
1823,12.7863643
1824,12.786972539999999
1825,12.787580770000002
1826,12.78818901
1827,12.78879724
1828,12.78940548
1829,12.79001371
1830,12.79062195
1831,12.79123018
1832,12.791838420000001
1833,12.79326996
1834,12.794701510000001
1835,12.79613306
1836,12.7975646
1837,12.79899615
1838,12.8004277
1839,12.801859239999999
1840,12.803290789999998
1841,12.80472234
1842,12.806153880000002
1843,12.807585430000001
1844,12.809016979999999
1845,12.810448520000001
1846,12.81188007
1847,12.81331162
1848,12.81474316
1849,12.81617471
1850,12.81760626
1851,12.8190378
1852,12.82046935
1853,12.8219009
1854,12.823332439999998
1855,12.82476399
1856,12.826195539999999
1857,12.827627080000001
1858,12.82905863
1859,12.830490180000002
1860,12.83192172
1861,12.83335327
1862,12.83478482
1863,12.83621637
1864,12.83764791
1865,12.839079459999999
1866,12.84051101
1867,12.841942549999999
1868,12.843374099999998
1869,12.84480565
1870,12.846237190000002
1871,12.847668740000001
1872,12.84910029
1873,12.850531830000001
1874,12.85196338
1875,12.85339493
1876,12.854826469999999
1877,12.85625802
1878,12.85768957
1879,12.859121109999998
1880,12.86055266
1881,12.86198421
1882,12.863415750000001
1883,12.864847300000001
1884,12.86627885
1885,12.867710390000001
1886,12.86914194
1887,12.87057349
1888,12.87200503
1889,12.87343658
1890,12.87486813
1891,12.87629967
1892,12.87773122
1893,12.879162769999999
1894,12.88059431
1895,12.882025859999999
1896,12.883457409999998
1897,12.88488895
1898,12.8863205
1899,12.887752050000001
1900,12.8891836
1901,12.89061514
1902,12.89204669
1903,12.89347824
1904,12.894909779999999
1905,12.89634133
1906,12.89777288
1907,12.899204419999998
1908,12.90063597
1909,12.90206752
1910,12.903499060000001
1911,12.904930610000001
1912,12.90636216
1913,12.907793700000001
1914,12.90922525
1915,12.9106568
1916,12.91208834
1917,12.91351989
1918,12.91495144
1919,12.91638298
1920,12.91781453
1921,12.919246079999999
1922,12.920677620000001
1923,12.92210917
1924,12.923540720000002
1925,12.92497226
1926,12.92640381
1927,12.927835360000001
1928,12.9292669
1929,12.93069845
1930,12.93213
1931,12.93356154
1932,12.934993089999999
1933,12.936424639999998
1934,12.93785618
1935,12.939287729999998
1936,12.940719279999998
1937,12.94215083
1938,12.943582370000001
1939,12.945013920000001
1940,12.94644547
1941,12.947877010000001
1942,12.94930856
1943,12.95074011
1944,12.95217165
1945,12.9536032
1946,12.95503475
1947,12.956466289999998
1948,12.95789784
1949,12.959329389999999
1950,12.960760930000001
1951,12.96219248
1952,12.963624030000002
1953,12.96505557
1954,12.96648712
1955,12.96791867
1956,12.96935021
1957,12.97078176
1958,12.972213309999999
1959,12.97364485
1960,12.975076399999999
1961,12.976507949999998
1962,12.97793949
1963,12.979371040000002
1964,12.980802590000001
1965,12.98223413
1966,12.983665680000001
1967,12.985097230000001
1968,12.98652877
1969,12.98796032
1970,12.98939187
1971,12.990823409999999
1972,12.992254959999999
1973,12.99368651
1974,12.995118050000002
1975,12.996549600000002
1976,12.99798115
1977,12.999412699999999
1978,13.000844240000001
1979,13.00227579
1980,13.00370734
1981,13.00513888
1982,13.00657043
1983,13.00800198
1984,13.00943352
1985,13.01086507
1986,13.012296619999999
1987,13.01372816
1988,13.015159709999999
1989,13.016591259999998
1990,13.0180228
1991,13.01945435
1992,13.020885900000001
1993,13.02231744
1994,13.02374899
1995,13.025180540000001
1996,13.02661208
1997,13.028043629999999
1998,13.02947518
1999,13.030906719999999
2000,13.032338269999999
2001,13.03376982
2002,13.03520136
2003,13.036632910000002
2004,13.038064460000001
2005,13.039496
2006,13.040927550000001
2007,13.0423591
2008,13.04379064
2009,13.04522219
2010,13.04665374
2011,13.048085279999999
2012,13.04951683
2013,13.05094838
2014,13.052379929999999
2015,13.053811470000001
2016,13.05524302
2017,13.056674569999998
2018,13.05810611
2019,13.05953766
2020,13.060969210000001
2021,13.06240075
2022,13.0638323
2023,13.065263850000001
2024,13.06669539
2025,13.068126939999999
2026,13.069558489999999
2027,13.070990029999999
2028,13.072421579999999
2029,13.073853129999998
2030,13.07528467
2031,13.076716220000002
2032,13.078147770000001
2033,13.07957931
2034,13.081010860000001
2035,13.08244241
2036,13.08387395
2037,13.0853055
2038,13.08673705
2039,13.088168589999999
2040,13.089600139999998
2041,13.09103169
2042,13.092463230000002
2043,13.093894780000001
2044,13.09532633
2045,13.096757870000001
2046,13.09818942
2047,13.09962097
2048,13.101052509999999
2049,13.10248406
2050,13.10391561
2051,13.105347159999999
2052,13.1067787
2053,13.108210249999999
2054,13.109641799999999
2055,13.11107334
2056,13.112504890000002
2057,13.113936440000002
2058,13.11536798
2059,13.116799530000002
2060,13.118231080000001
2061,13.11966262
2062,13.12109417
2063,13.12252572
2064,13.12395726
2065,13.125388809999999
2066,13.12682036
2067,13.128251899999999
2068,13.129683449999998
2069,13.131115
2070,13.13254654
2071,13.133978090000001
2072,13.13540964
2073,13.13684118
2074,13.13827273
2075,13.13970428
2076,13.141135819999999
2077,13.14256737
2078,13.14399892
2079,13.145430459999998
2080,13.14686201
2081,13.148293559999999
2082,13.149725100000001
2083,13.15115665
2084,13.1525882
2085,13.15401974
2086,13.15545129
2087,13.15688284
2088,13.158314390000001
2089,13.15974593
2090,13.16117748
2091,13.16260903
2092,13.16404057
2093,13.165472119999999
2094,13.16690367
2095,13.16833521
2096,13.169766760000002
2097,13.171198310000001
2098,13.17262985
2099,13.174061400000001
2100,13.17549295
2101,13.17692449
2102,13.17835604
2103,13.17978759
2104,13.181219129999999
2105,13.18265068
2106,13.18408223
2107,13.185513770000002
2108,13.18694532
2109,13.188376869999999
2110,13.189808410000001
2111,13.19123996
2112,13.19267151
2113,13.19410305
2114,13.1955346
2115,13.19696615
2116,13.19839769
2117,13.19982924
2118,13.20126079
2119,13.202692329999998
2120,13.20412388
2121,13.205555429999999
2122,13.20698697
2123,13.20841852
2124,13.209850070000002
2125,13.211281620000001
2126,13.21271316
2127,13.214144710000001
2128,13.21557626
2129,13.2170078
2130,13.21843935
2131,13.2198709
2132,13.221302439999999
2133,13.222733989999998
2134,13.22416554
2135,13.225597080000002
2136,13.227028630000001
2137,13.22846018
2138,13.229891720000001
2139,13.23132327
2140,13.23275482
2141,13.234186359999999
2142,13.23561791
2143,13.23704946
2144,13.238480999999998
2145,13.23991255
2146,13.2413441
2147,13.242775640000001
2148,13.244207190000001
2149,13.245638739999999
2150,13.24707028
2151,13.24850183
2152,13.249933380000002
2153,13.25136492
2154,13.25279647
2155,13.25422802
2156,13.25565956
2157,13.25709111
2158,13.258522659999999
2159,13.2599542
2160,13.261385749999999
2161,13.262817299999998
2162,13.26424885
2163,13.26568039
2164,13.267111940000001
2165,13.26854349
2166,13.26997503
2167,13.27140658
2168,13.27283813
2169,13.274269669999999
2170,13.27570122
2171,13.27713277
2172,13.278564309999998
2173,13.27999586
2174,13.28142741
2175,13.282858950000001
2176,13.284290500000001
2177,13.28572205
2178,13.28715359
2179,13.28858514
2180,13.29001669
2181,13.29144823
2182,13.29287978
2183,13.29431133
2184,13.29574287
2185,13.29717442
2186,13.298605969999999
2187,13.300037510000001
2188,13.30146906
2189,13.302900610000002
2190,13.30433215
2191,13.3057637
2192,13.307195250000001
2193,13.30862679
2194,13.31005834
2195,13.31148989
2196,13.31292143
2197,13.314352979999999
2198,13.31589198
2199,13.317430980000001
2200,13.318969990000001
2201,13.320508989999999
2202,13.32204799
2203,13.323586989999999
2204,13.32512599
2205,13.326664999999998
2206,13.328204
2207,13.329742999999999
2208,13.331282
2209,13.332821000000001
2210,13.33436
2211,13.335899009999999
2212,13.33743801
2213,13.33897701
2214,13.34051601
2215,13.342055010000001
2216,13.34359401
2217,13.345133019999999
2218,13.34667202
2219,13.34821102
2220,13.34975002
2221,13.351289020000001
2222,13.352828019999999
2223,13.35436703
2224,13.35590603
2225,13.357445030000001
2226,13.358984030000002
2227,13.36052303
2228,13.362062029999999
2229,13.36360104
2230,13.36514004
2231,13.366679040000001
2232,13.368218039999999
2233,13.36975704
2234,13.371296039999999
2235,13.37283505
2236,13.374374050000002
2237,13.37591305
2238,13.377452049999999
2239,13.37899105
2240,13.380530060000002
2241,13.38206906
2242,13.383608059999998
2243,13.38514706
2244,13.38668606
2245,13.38822506
2246,13.389764069999998
2247,13.39130307
2248,13.39284207
2249,13.39438107
2250,13.39592007
2251,13.39745907
2252,13.398998079999998
2253,13.40053708
2254,13.40207608
2255,13.40361508
2256,13.40515408
2257,13.406693080000002
2258,13.40823209
2259,13.40977109
2260,13.41131009
2261,13.412849090000002
2262,13.414388090000001
2263,13.415927089999999
2264,13.4174661
2265,13.4190051
2266,13.4205441
2267,13.422083100000002
2268,13.4236221
2269,13.425161099999999
2270,13.42670011
2271,13.428239110000002
2272,13.42977811
2273,13.431317109999998
2274,13.43285611
2275,13.434395120000001
2276,13.43593412
2277,13.437473120000002
2278,13.43901212
2279,13.440551119999999
2280,13.44209012
2281,13.443629130000001
2282,13.445168129999999
2283,13.446707129999998
2284,13.44824613
2285,13.44978513
2286,13.45132413
2287,13.452863139999998
2288,13.45440214
2289,13.45594114
2290,13.45748014
2291,13.45901914
2292,13.46055814
2293,13.46209715
2294,13.46363615
2295,13.46517515
2296,13.46671415
2297,13.46825315
2298,13.469792150000002
2299,13.47133116
2300,13.47287016
2301,13.47440916
2302,13.475948160000002
2303,13.47748716
2304,13.479026159999998
2305,13.48056517
2306,13.482104170000001
2307,13.48364317
2308,13.485182170000002
2309,13.48672117
2310,13.488260180000001
2311,13.48979918
2312,13.491338180000001
2313,13.49287718
2314,13.494416179999998
2315,13.49595518
2316,13.497494190000001
2317,13.49903319
2318,13.500572189999998
2319,13.502111189999999
2320,13.50365019
2321,13.50518919
2322,13.506728200000001
2323,13.508267199999999
2324,13.5098062
2325,13.5113452
2326,13.5128842
2327,13.5144232
2328,13.515962209999998
2329,13.517501209999999
2330,13.51904021
2331,13.52057921
2332,13.52211821
2333,13.523657210000001
2334,13.52519622
2335,13.526735219999999
2336,13.52827422
2337,13.529813220000001
2338,13.53135222
2339,13.532891220000002
2340,13.53443023
2341,13.53596923
2342,13.53750823
2343,13.539047230000001
2344,13.54058623
2345,13.542125229999998
2346,13.54366424
2347,13.545203240000001
2348,13.54674224
2349,13.548281240000001
2350,13.549820239999999
2351,13.55135925
2352,13.55289825
2353,13.554437250000001
2354,13.555976249999999
2355,13.55751525
2356,13.559054249999999
2357,13.560593260000001
2358,13.56213226
2359,13.56367126
2360,13.565210259999999
2361,13.56674926
2362,13.56828826
2363,13.569827270000001
2364,13.571366269999999
2365,13.57290527
2366,13.574444269999999
2367,13.57598327
2368,13.577522270000001
2369,13.57906128
2370,13.580600279999999
2371,13.58213928
2372,13.58367828
2373,13.58521728
2374,13.586756280000001
2375,13.58829529
2376,13.589834289999999
2377,13.59137329
2378,13.592912290000001
2379,13.59445129
2380,13.595990290000001
2381,13.5975293
2382,13.5990683
2383,13.6006073
2384,13.602146300000001
2385,13.603685300000002
2386,13.60522431
2387,13.60676331
2388,13.608302310000001
2389,13.60984131
2390,13.611380310000001
2391,13.612919309999999
2392,13.61445832
2393,13.61599732
2394,13.617536320000001
2395,13.619075319999999
2396,13.62061432
2397,13.622153319999999
2398,13.62369233
2399,13.625231330000002
2400,13.62677033
2401,13.628309329999999
2402,13.62984833
2403,13.631387329999999
2404,13.632926340000001
2405,13.634465339999998
2406,13.63600434
2407,13.637543339999999
2408,13.63908234
2409,13.640621340000001
2410,13.64216035
2411,13.643699349999999
2412,13.64523835
2413,13.64677735
2414,13.64831635
2415,13.649855350000001
2416,13.65139436
2417,13.65293336
2418,13.65447236
2419,13.65601136
2420,13.65755036
2421,13.65908937
2422,13.66062837
2423,13.66216737
2424,13.66370637
2425,13.665245370000001
2426,13.666784370000002
2427,13.66832338
2428,13.66986238
2429,13.67140138
2430,13.672940380000002
2431,13.67447938
2432,13.676018379999999
2433,13.67755739
2434,13.679096390000002
2435,13.68063539
2436,13.682174389999998
2437,13.68371339
2438,13.685252389999999
2439,13.6867914
2440,13.688330400000002
2441,13.6898694
2442,13.691408399999998
2443,13.6929474
2444,13.6944864
2445,13.69602541
2446,13.697564409999998
2447,13.69910341
2448,13.70064241
2449,13.70218141
2450,13.70372041
2451,13.705259419999999
2452,13.706798419999998
2453,13.70833742
2454,13.70987642
2455,13.71141542
2456,13.712954429999998
2457,13.71449343
2458,13.71603243
2459,13.71757143
2460,13.71911043
2461,13.720649430000002
2462,13.72218844
2463,13.72372744
2464,13.72526644
2465,13.72680544
2466,13.72834444
2467,13.729883440000002
2468,13.73142245
2469,13.73296145
2470,13.73450045
2471,13.736039450000002
2472,13.737578449999999
2473,13.739117449999998
2474,13.74065646
2475,13.742195460000001
2476,13.74373446
2477,13.745273459999998
2478,13.74681246
2479,13.74835146
2480,13.74989047
2481,13.751429470000001
2482,13.752968469999999
2483,13.75450747
2484,13.75604647
2485,13.75758547
2486,13.75912448
2487,13.760663479999998
2488,13.76220248
2489,13.76374148
2490,13.76528048
2491,13.766819490000001
2492,13.768358489999999
2493,13.76989749
2494,13.77143649
2495,13.77297549
2496,13.774514490000001
2497,13.7760535
2498,13.777592499999999
2499,13.7791315
2500,13.7806705
2501,13.7822095
2502,13.783748500000002
2503,13.78528751
2504,13.78682651
2505,13.78836551
2506,13.789904510000001
2507,13.79144351
2508,13.792982509999998
2509,13.79452152
2510,13.796060520000001
2511,13.79759952
2512,13.799138520000001
2513,13.800677519999999
2514,13.802216519999998
2515,13.80375553
2516,13.805294530000001
2517,13.80683353
2518,13.808372529999998
2519,13.809911529999999
2520,13.81145053
2521,13.81298954
2522,13.814528540000001
2523,13.816067539999999
2524,13.81760654
2525,13.81914554
2526,13.82068454
2527,13.82222355
2528,13.82376255
2529,13.825301549999999
2530,13.82684055
2531,13.82837955
2532,13.829918560000001
2533,13.831457559999999
2534,13.83299656
2535,13.834535559999999
2536,13.83607456
2537,13.837613560000001
2538,13.83915257
2539,13.840691569999999
2540,13.84223057
2541,13.843769570000001
2542,13.84530857
2543,13.846847570000001
2544,13.84838658
2545,13.84992558
2546,13.85146458
2547,13.853003580000001
2548,13.85454258
2549,13.856081579999998
2550,13.85762059
2551,13.85915959
2552,13.86069859
2553,13.862237590000001
2554,13.863776589999999
2555,13.86531559
2556,13.8668546
2557,13.868393600000001
2558,13.869932600000002
2559,13.8714716
2560,13.873010599999999
2561,13.8745496
2562,13.87608861
2563,13.878393729999999
2564,13.88069885
2565,13.883003969999999
2566,13.88530909
2567,13.887614209999999
2568,13.88991933
2569,13.892224449999999
2570,13.89452957
2571,13.89683469
2572,13.89913981
2573,13.90144493
2574,13.90375005
2575,13.90605517
2576,13.90836029
2577,13.91066541
2578,13.912970529999999
2579,13.91527565
2580,13.917580769999999
2581,13.91988589
2582,13.92219101
2583,13.92449613
2584,13.92680125
2585,13.92910637
2586,13.93141149
2587,13.93371661
2588,13.93602173
2589,13.93832685
2590,13.94063197
2591,13.94293709
2592,13.94524221
2593,13.94754733
2594,13.94985245
2595,13.95215757
2596,13.95446269
2597,13.95676781
2598,13.95907293
2599,13.96137805
2600,13.96368317
2601,13.96598829
2602,13.96829341
2603,13.97059853
2604,13.97290365
2605,13.97520877
2606,13.97751389
2607,13.97981901
2608,13.98212414
2609,13.98442926
2610,13.986734379999998
2611,13.9890395
2612,13.991344620000001
2613,13.99364974
2614,13.995954860000001
2615,13.99825998
2616,14.000565100000001
2617,14.00287022
2618,14.005175340000001
2619,14.00748046
2620,14.00978558
2621,14.012090699999998
2622,14.01439582
2623,14.016700939999998
2624,14.01900606
2625,14.021311180000001
2626,14.0236163
2627,14.025921420000001
2628,14.028226539999999
2629,14.030531660000001
2630,14.032836779999998
2631,14.035141900000001
2632,14.037447019999998
2633,14.039752140000001
2634,14.042057259999998
2635,14.04436238
2636,14.046667500000002
2637,14.04897262
2638,14.051277740000002
2639,14.053582859999999
2640,14.055887980000001
2641,14.058193099999999
2642,14.060498220000001
2643,14.062803339999999
2644,14.065108460000001
2645,14.067413579999998
2646,14.0697187
2647,14.072023819999998
2648,14.07432894
2649,14.076634060000002
2650,14.078939179999999
2651,14.081244300000002
2652,14.083549419999999
2653,14.085854540000001
2654,14.088159659999999
2655,14.090464780000001
2656,14.092769899999999
2657,14.09507502
2658,14.097380139999999
2659,14.09968526
2660,14.101990380000002
2661,14.1042955
2662,14.106600629999999
2663,14.10890575
2664,14.111210869999999
2665,14.11351599
2666,14.115821109999999
2667,14.11812623
2668,14.12043135
2669,14.12273647
2670,14.12504159
2671,14.12734671
2672,14.12965183
2673,14.13195695
2674,14.13426207
2675,14.13656719
2676,14.13887231
2677,14.141177429999999
2678,14.14348255
2679,14.14578767
2680,14.14809279
2681,14.15039791
2682,14.15270303
2683,14.15500815
2684,14.15731327
2685,14.15961839
2686,14.16192351
2687,14.16422863
2688,14.16653375
2689,14.16883887
2690,14.171143990000001
2691,14.17344911
2692,14.17575423
2693,14.17805935
2694,14.18036447
2695,14.18266959
2696,14.18497471
2697,14.18727983
2698,14.18958495
2699,14.19189007
2700,14.19419519
2701,14.19650031
2702,14.19880543
2703,14.201110550000001
2704,14.20341567
2705,14.20572079
2706,14.20802591
2707,14.21033103
2708,14.21263615
2709,14.21494127
2710,14.21724639
2711,14.21955151
2712,14.22185663
2713,14.22416175
2714,14.226466870000001
2715,14.22877199
2716,14.231077119999998
2717,14.233382240000001
2718,14.235687359999998
2719,14.23799248
2720,14.240297599999998
2721,14.24260272
2722,14.244907840000002
2723,14.247212959999999
2724,14.249518080000001
2725,14.251823199999999
2726,14.254128320000001
2727,14.256433439999999
2728,14.258738560000001
2729,14.261043679999998
2730,14.263348800000001
2731,14.265653919999998
2732,14.267959040000001
2733,14.270264160000002
2734,14.272569279999999
2735,14.274874400000002
2736,14.277179519999999
2737,14.279484640000002
2738,14.281789759999999
2739,14.284094880000001
2740,14.286399999999999
2741,14.28870512
2742,14.291010239999999
2743,14.29331536
2744,14.295620479999998
2745,14.2979256
2746,14.300230720000002
2747,14.30253584
2748,14.304840960000002
2749,14.307146079999999
2750,14.309451200000002
2751,14.311756319999999
2752,14.31406144
2753,14.316366559999999
2754,14.31867168
2755,14.320976799999999
2756,14.32328192
2757,14.325587040000002
2758,14.32789216
2759,14.33019728
2760,14.3325024
2761,14.33480752
2762,14.337112639999999
2763,14.33941776
2764,14.341722879999999
2765,14.344028
2766,14.346333119999999
2767,14.34863824
2768,14.350943360000002
2769,14.35324848
2770,14.35555361
2771,14.35785873
2772,14.36016385
2773,14.36246897
2774,14.36477409
2775,14.36707921
2776,14.36938433
2777,14.37168945
2778,14.37399457
2779,14.37629969
2780,14.37860481
2781,14.38090993
2782,14.38321505
2783,14.38552017
2784,14.38782529
2785,14.39013041
2786,14.39243553
2787,14.394740650000001
2788,14.39704577
2789,14.399350890000001
2790,14.40165601
2791,14.40396113
2792,14.40626625
2793,14.40857137
2794,14.41087649
2795,14.41318161
2796,14.41548673
2797,14.41779185
2798,14.42009697
2799,14.42240209
2800,14.424707210000001
2801,14.42701233
2802,14.429317450000001
2803,14.43162257
2804,14.43392769
2805,14.43623281
2806,14.43853793
2807,14.44084305
2808,14.44314817
2809,14.44545329
2810,14.44775841
2811,14.450063530000001
2812,14.45236865
2813,14.454673770000001
2814,14.45697889
2815,14.459284010000001
2816,14.46158913
2817,14.463894250000001
2818,14.466199369999998
2819,14.46850449
2820,14.470809609999998
2821,14.47311473
2822,14.475419849999998
2823,14.477724980000001
2824,14.480030099999999
2825,14.482335220000001
2826,14.484640339999999
2827,14.486945460000001
2828,14.489250579999998
2829,14.4915557
2830,14.493860820000002
2831,14.49616594
2832,14.498471060000002
2833,14.500776179999999
2834,14.503081300000002
2835,14.505386419999999
2836,14.50769154
2837,14.509996659999999
2838,14.51230178
2839,14.514606899999999
2840,14.51691202
2841,14.519217139999999
2842,14.52152226
2843,14.523827380000002
2844,14.5261325
2845,14.528437620000002
2846,14.530742739999999
2847,14.53304786
2848,14.535352979999999
2849,14.5376581
2850,14.539963219999999
2851,14.54226834
2852,14.544573459999999
2853,14.54687858
2854,14.5491837
2855,14.55148882
2856,14.55379394
2857,14.55609906
2858,14.55840418
2859,14.5607093
2860,14.56301442
2861,14.565319539999999
2862,14.56762466
2863,14.569929779999999
2864,14.5722349
2865,14.57454002
2866,14.57684514
2867,14.57915026
2868,14.58145538
2869,14.5837605
2870,14.58606562
2871,14.58837074
2872,14.59067586
2873,14.59298098
2874,14.5952861
2875,14.59759122
2876,14.599896339999999
2877,14.60220147
2878,14.60450659
2879,14.60681171
2880,14.60911683
2881,14.61142195
2882,14.61372707
2883,14.61603219
2884,14.618337310000001
2885,14.62064243
2886,14.622947550000001
2887,14.62525267
2888,14.627557790000001
2889,14.62986291
2890,14.63216803
2891,14.63447315
2892,14.63677827
2893,14.63908339
2894,14.64138851
2895,14.643693629999998
2896,14.64599875
2897,14.648303870000001
2898,14.65060899
2899,14.652914110000001
2900,14.65521923
2901,14.657524350000001
2902,14.65982947
2903,14.66213459
2904,14.66443971
2905,14.66674483
2906,14.669049949999998
2907,14.67135507
2908,14.673660190000001
2909,14.67596531
2910,14.678270430000001
2911,14.68057555
2912,14.682880670000001
2913,14.685185789999998
2914,14.687490910000001
2915,14.689796029999998
2916,14.692101150000001
2917,14.694406269999998
2918,14.69671139
2919,14.699016509999998
2920,14.70132163
2921,14.703626750000002
2922,14.70593187
2923,14.708236990000001
2924,14.710542109999999
2925,14.712847230000001
2926,14.715152349999999
2927,14.717457470000001
2928,14.71948572
2929,14.721513980000001
2930,14.72354223
2931,14.72557048
2932,14.727598729999999
2933,14.729626979999999
2934,14.73165523
2935,14.733683480000002
2936,14.73571173
2937,14.73773998
2938,14.73976823
2939,14.74179648
2940,14.74382473
2941,14.745852979999999
2942,14.74788123
2943,14.749909480000001
2944,14.75193773
2945,14.753965990000001
2946,14.75599424
2947,14.75802249
2948,14.76005074
2949,14.76207899
2950,14.76410724
2951,14.766135490000002
2952,14.76816374
2953,14.77019199
2954,14.77222024
2955,14.77424849
2956,14.77627674
2957,14.778304989999999
2958,14.78033324
2959,14.782361490000001
2960,14.78438974
2961,14.78641799
2962,14.788446250000002
2963,14.7904745
2964,14.79250275
2965,14.794531
2966,14.79655925
2967,14.798587499999998
2968,14.800615750000002
2969,14.802644
2970,14.804672250000001
2971,14.8067005
2972,14.80872875
2973,14.810756999999999
2974,14.81278525
2975,14.814813499999998
2976,14.816841750000002
2977,14.81887
2978,14.82089825
2979,14.82292651
2980,14.82495476
2981,14.82698301
2982,14.82901126
2983,14.83103951
2984,14.833067759999999
2985,14.83509601
2986,14.837124260000001
2987,14.83915251
2988,14.84118076
2989,14.843209009999999
2990,14.84523726
2991,14.84726551
2992,14.849293760000002
2993,14.85132201
2994,14.853350260000001
2995,14.85537851
2996,14.85740677
2997,14.85943502
2998,14.86146327
2999,14.86349152
3000,14.865519769999999
3001,14.86754802
3002,14.869576270000001
3003,14.87160452
3004,14.87363277
3005,14.87566102
3006,14.87768927
3007,14.87971752
3008,14.881745769999998
3009,14.88377402
3010,14.885802270000001
3011,14.887830520000001
3012,14.88985878
3013,14.891887030000001
3014,14.89391528
3015,14.89594353
3016,14.897971779999999
3017,14.90000003
3018,14.902028279999998
3019,14.904056530000002
3020,14.90608478
3021,14.90811303
3022,14.91014128
3023,14.91216953
3024,14.914197779999999
3025,14.916226029999999
3026,14.918254280000001
3027,14.920282530000001
3028,14.92231078
3029,14.924339040000001
3030,14.92636729
3031,14.92839554
3032,14.930423789999999
3033,14.93245204
3034,14.93448029
3035,14.936508539999998
3036,14.93853679
3037,14.940565040000001
3038,14.94259329
3039,14.94462154
3040,14.946649789999999
3041,14.948678039999999
3042,14.95070629
3043,14.952734540000002
3044,14.95476279
3045,14.95679104
3046,14.9588193
3047,14.96084755
3048,14.9628758
3049,14.96490405
3050,14.9669323
3051,14.968960549999998
3052,14.9709888
3053,14.973017050000001
3054,14.975045300000001
3055,14.97707355
3056,14.9791018
3057,14.981130049999999
3058,14.9831583
3059,14.985186549999998
3060,14.9872148
3061,14.98924305
3062,14.991271300000001
3063,14.99329956
3064,14.995327810000001
3065,14.99735606
3066,14.99938431
3067,15.001412559999999
3068,15.003440809999999
3069,15.005469060000001
3070,15.007497310000002
3071,15.00952556
3072,15.01155381
3073,15.01358206
3074,15.01561031
3075,15.017638559999998
3076,15.019666810000002
3077,15.02169506
3078,15.023723310000001
3079,15.02575157
3080,15.027779820000001
3081,15.02980807
3082,15.03183632
3083,15.033864569999999
3084,15.035892819999999
3085,15.03792107
3086,15.039949320000002
3087,15.04197757
3088,15.04400582
3089,15.04603407
3090,15.04806232
3091,15.05009057
3092,15.052118819999999
3093,15.05414707
3094,15.056175320000001
3095,15.05820357
3096,15.060231830000001
3097,15.062260080000001
3098,15.06428833
3099,15.06631658
3100,15.06834483
3101,15.07037308
3102,15.072401329999998
3103,15.07442958
3104,15.07645783
3105,15.078486080000001
3106,15.08051433
3107,15.08254258
3108,15.084570829999999
3109,15.08659908
3110,15.088627330000001
3111,15.09065558
3112,15.09268383
3113,15.094712090000002
3114,15.09674034
3115,15.09876859
3116,15.10079684
3117,15.10282509
3118,15.104853339999998
3119,15.106881589999999
3120,15.10890984
3121,15.110938090000001
3122,15.11296634
3123,15.11499459
3124,15.117022839999999
3125,15.11905109
3126,15.121079339999998
3127,15.123107590000002
3128,15.12513584
3129,15.127164100000002
3130,15.12919235
3131,15.1312206
3132,15.13324885
3133,15.1352771
3134,15.13730535
3135,15.139333599999999
3136,15.141361850000001
3137,15.143390100000001
3138,15.14541835
3139,15.1474466
3140,15.14947485
3141,15.1515031
3142,15.15353135
3143,15.155559599999998
3144,15.15758785
3145,15.159616100000001
3146,15.16164436
3147,15.16367261
3148,15.165700860000001
3149,15.16772911
3150,15.16975736
3151,15.171785609999999
3152,15.17381386
3153,15.175842110000001
3154,15.17787036
3155,15.17989861
3156,15.18192686
3157,15.18395511
3158,15.18598336
3159,15.188011609999998
3160,15.190039859999999
3161,15.192068110000001
3162,15.194096360000001
3163,15.19612462
3164,15.198152870000001
3165,15.20018112
3166,15.20220937
3167,15.204237619999999
3168,15.20626587
3169,15.208294119999998
3170,15.210322370000002
3171,15.21235062
3172,15.21437887
3173,15.21640712
3174,15.21843537
3175,15.220463619999999
3176,15.222491869999999
3177,15.224520120000001
3178,15.226548370000001
3179,15.22857662
3180,15.230604880000001
3181,15.23263313
3182,15.23466138
3183,15.23668963
3184,15.23871788
3185,15.24074613
3186,15.242774379999998
3187,15.24480263
3188,15.246830880000001
3189,15.24885913
3190,15.25088738
3191,15.25291563
3192,15.254943879999999
3193,15.25697213
3194,15.259000380000002
3195,15.26102863
3196,15.263056890000001
3197,15.26508514
3198,15.26711339
3199,15.26914164
3200,15.27116989
3201,15.27319814
3202,15.275226389999998
3203,15.277254639999999
3204,15.279282890000001
3205,15.281311140000001
3206,15.28333939
3207,15.28536764
3208,15.287395889999999
3209,15.28942414
3210,15.291452389999998
3211,15.293480640000002
3212,15.29550889
3213,15.297537150000002
3214,15.2995654
3215,15.301593650000001
3216,15.3036219
3217,15.30565015
3218,15.307678399999999
3219,15.309706649999999
3220,15.311734900000001
3221,15.313763150000002
3222,15.3157914
3223,15.31781965
3224,15.3198479
3225,15.32187615
3226,15.3239044
3227,15.325932649999999
3228,15.3279609
3229,15.329989150000001
3230,15.33201741
3231,15.334045660000001
3232,15.33607391
3233,15.33810216
3234,15.34013041
3235,15.342158659999999
3236,15.34418691
3237,15.346215160000002
3238,15.34824341
3239,15.35027166
3240,15.35229991
3241,15.35432816
3242,15.35635641
3243,15.358384659999999
3244,15.360412909999999
3245,15.362441160000001
3246,15.36446941
3247,15.366497670000001
3248,15.368525920000002
3249,15.37055417
3250,15.37258242
3251,15.37461067
3252,15.37663892
3253,15.378667169999998
3254,15.380695420000002
3255,15.38272367
3256,15.384751920000001
3257,15.38678017
3258,15.38880842
3259,15.390836669999999
3260,15.39286492
3261,15.394893170000001
3262,15.396921420000002
3263,15.39894968
3264,15.400977930000002
3265,15.40300618
3266,15.40503443
3267,15.40706268
3268,15.40909093
3269,15.41111918
3270,15.413147429999999
3271,15.41517568
3272,15.417203930000001
3273,15.41923218
3274,15.42126043
3275,15.423288679999999
3276,15.42531693
3277,15.42734518
3278,15.429373430000002
3279,15.43140168
3280,15.433429940000002
3281,15.43545819
3282,15.43748644
3283,15.43951469
3284,15.44154294
3285,15.44357119
3286,15.445599439999999
3287,15.44762769
3288,15.449655940000001
3289,15.45168419
3290,15.45371244
3291,15.45574069
3292,15.45776894
3293,15.45979719
3294,15.461825439999998
3295,15.46460945
3296,15.46739346
3297,15.47017747
3298,15.47296148
3299,15.475745490000001
3300,15.478529499999999
3301,15.48131351
3302,15.48409752
3303,15.48688153
3304,15.48966554
3305,15.492449550000002
3306,15.495233559999999
3307,15.49801758
3308,15.500801589999998
3309,15.5035856
3310,15.50636961
3311,15.50915362
3312,15.51193763
3313,15.514721640000001
3314,15.517505649999999
3315,15.52028966
3316,15.52307367
3317,15.52585768
3318,15.52864169
3319,15.531425700000002
3320,15.534209709999999
3321,15.53699372
3322,15.53977773
3323,15.54256174
3324,15.545345750000001
3325,15.548129760000002
3326,15.55091377
3327,15.55369778
3328,15.556481790000001
3329,15.559265799999999
3330,15.562049810000001
3331,15.56483382
3332,15.56761783
3333,15.57040184
3334,15.573185849999998
3335,15.575969859999999
3336,15.57875387
3337,15.581537879999999
3338,15.58432189
3339,15.587105900000001
3340,15.589889909999998
3341,15.59267392
3342,15.59545793
3343,15.59824194
3344,15.60102595
3345,15.603809960000001
3346,15.606593969999999
3347,15.60937798
3348,15.61216199
3349,15.614946
3350,15.61773001
3351,15.620514020000002
3352,15.623298029999999
3353,15.62608204
3354,15.628866050000001
3355,15.631650059999998
3356,15.63443407
3357,15.63721808
3358,15.64000209
3359,15.6427861
3360,15.645570110000001
3361,15.648354119999999
3362,15.65113813
3363,15.65392214
3364,15.65670615
3365,15.65949016
3366,15.662274170000002
3367,15.665058179999999
3368,15.66784219
3369,15.670626200000001
3370,15.67341021
3371,15.676194220000001
3372,15.678978230000002
3373,15.68176224
3374,15.68454625
3375,15.68733026
3376,15.690114269999999
3377,15.692898280000001
3378,15.695682289999999
3379,15.6984663
3380,15.70125031
3381,15.704034319999998
3382,15.706818329999999
3383,15.70960234
3384,15.71238635
3385,15.71517036
3386,15.717954370000001
3387,15.720738379999998
3388,15.72352239
3389,15.7263064
3390,15.72909041
3391,15.73187442
3392,15.734658430000001
3393,15.737442439999999
3394,15.74022645
3395,15.74301046
3396,15.74579447
3397,15.74857848
3398,15.751362490000002
3399,15.7541465
3400,15.75693051
3401,15.759714529999998
3402,15.76249854
3403,15.76528255
3404,15.76806656
3405,15.77085057
3406,15.773634580000001
3407,15.776418589999999
3408,15.7792026
3409,15.78198661
3410,15.78477062
3411,15.78755463
3412,15.790338640000002
3413,15.793122649999999
3414,15.79590666
3415,15.798690670000001
3416,15.80147468
3417,15.804258690000001
3418,15.807042700000002
3419,15.80982671
3420,15.81261072
3421,15.815394729999998
3422,15.81817874
3423,15.82096275
3424,15.823746759999999
3425,15.82653077
3426,15.82931478
3427,15.832098789999998
3428,15.834882799999999
3429,15.83766681
3430,15.84045082
3431,15.84323483
3432,15.846018840000001
3433,15.848802849999998
3434,15.85158686
3435,15.85437087
3436,15.85715488
3437,15.85993889
3438,15.862722900000001
3439,15.865506909999999
3440,15.86829092
3441,15.87107493
3442,15.87385894
3443,15.87664295
3444,15.879426960000002
3445,15.88221097
3446,15.88499498
3447,15.887778990000001
3448,15.890562999999998
3449,15.89334701
3450,15.89613102
3451,15.89891503
3452,15.90169904
3453,15.904483050000001
3454,15.907267059999999
3455,15.91005107
3456,15.91283508
3457,15.91561909
3458,15.9184031
3459,15.921187110000002
3460,15.92397112
3461,15.92675513
3462,15.929539140000001
3463,15.93232315
3464,15.935107160000001
3465,15.937891169999999
3466,15.94067518
3467,15.94345919
3468,15.946243199999998
3469,15.94902721
3470,15.95181122
3471,15.954595229999999
3472,15.95737924
3473,15.96016325
3474,15.962947259999998
3475,15.96573127
3476,15.96851528
3477,15.97129929
3478,15.9740833
3479,15.976867310000001
3480,15.979651319999999
3481,15.98243533
3482,15.98521934
3483,15.98800335
3484,15.99078736
3485,15.993571370000002
3486,15.996355379999999
3487,15.99913939
3488,16.001923400000003
3489,16.004707409999998
3490,16.00749142
3491,16.01027543
3492,16.01305944
3493,16.01584345
3494,16.01862746
3495,16.02141147
3496,16.02419549
3497,16.0269795
3498,16.02976351
3499,16.03254752
3500,16.03533153
3501,16.03811554
3502,16.040899550000002
3503,16.043683559999998
3504,16.04646757
3505,16.04925158
3506,16.05203559
3507,16.054819600000002
3508,16.05760361
3509,16.06038762
3510,16.06317163
3511,16.06595564
3512,16.06873965
3513,16.07152366
3514,16.07430767
3515,16.07709168
3516,16.07987569
3517,16.082659699999997
3518,16.08544371
3519,16.08822772
3520,16.091011729999998
3521,16.09379574
3522,16.09657975
3523,16.09936376
3524,16.10214777
3525,16.10493178
3526,16.10771579
3527,16.1104998
3528,16.113283810000002
3529,16.116067819999998
3530,16.11885183
3531,16.12163584
3532,16.12441985
3533,16.12720386
3534,16.12998787
3535,16.13277188
3536,16.13555589
3537,16.138339900000002
3538,16.141123909999997
3539,16.14390792
3540,16.146691930000003
3541,16.14947594
3542,16.15225995
3543,16.15504396
3544,16.15782797
3545,16.16061198
3546,16.16339599
3547,16.16618
3548,16.16896401
3549,16.171748020000003
3550,16.174532029999998
3551,16.17731604
3552,16.18010005
3553,16.18288406
3554,16.185668070000002
3555,16.188452079999998
3556,16.19123609
3557,16.1940201
3558,16.19680411
3559,16.19958812
3560,16.20237213
3561,16.20515614
3562,16.20794015
3563,16.21072416
3564,16.213508169999997
3565,16.21629218
3566,16.21907619
3567,16.2218602
3568,16.22464421
3569,16.22742822
3570,16.23021223
3571,16.23299624
3572,16.23578025
3573,16.23856426
3574,16.24134827
3575,16.244132280000002
3576,16.246916289999998
3577,16.2497003
3578,16.25248431
3579,16.25526832
3580,16.25805233
3581,16.26083634
3582,16.26362035
3583,16.26640436
3584,16.269188370000002
3585,16.27197238
3586,16.27475639
3587,16.2775404
3588,16.28032441
3589,16.28310842
3590,16.285892439999998
3591,16.28867645
3592,16.29146046
3593,16.29424447
3594,16.29702848
3595,16.29981249
3596,16.3025965
3597,16.30538051
3598,16.308164520000002
3599,16.31094853
3600,16.31373254
3601,16.31651655
3602,16.31930056
3603,16.32208457
3604,16.32486858
3605,16.32765259
3606,16.330436600000002
3607,16.333220609999998
3608,16.33600462
3609,16.33878863
3610,16.34157264
3611,16.344356649999998
3612,16.34714066
3613,16.34992467
3614,16.35270868
3615,16.355492690000002
3616,16.358276699999998
3617,16.36106071
3618,16.36384472
3619,16.36662873
3620,16.36941274
3621,16.37219675
3622,16.37498076
3623,16.37776477
3624,16.38054878
3625,16.38333279
3626,16.3861168
3627,16.388900810000003
3628,16.39168482
3629,16.39446883
3630,16.39725284
3631,16.40003685
3632,16.40282086
3633,16.40560487
3634,16.40838888
3635,16.41117289
3636,16.413956900000002
3637,16.416740909999998
3638,16.41952492
3639,16.42230893
3640,16.42509294
3641,16.42787695
3642,16.430660959999997
3643,16.43344497
3644,16.43622898
3645,16.43901299
3646,16.441797
3647,16.44458101
3648,16.44736502
3649,16.45014903
3650,16.45293304
3651,16.45571705
3652,16.45850106
3653,16.461285070000002
3654,16.464069079999998
3655,16.46685309
3656,16.4696371
3657,16.47242111
3658,16.47520512
3659,16.47798913
3660,16.48079612
3661,16.48360311
3662,16.4864101
3663,16.48921709
3664,16.492024089999997
3665,16.49483108
3666,16.49763807
3667,16.50044506
3668,16.50325205
3669,16.50605904
3670,16.50886603
3671,16.51167302
3672,16.51448001
3673,16.517287
3674,16.52009399
3675,16.52290098
3676,16.52570797
3677,16.52851496
3678,16.53132195
3679,16.534128940000002
3680,16.53693593
3681,16.539742920000002
3682,16.54254991
3683,16.54535691
3684,16.548163900000002
3685,16.55097089
3686,16.553777880000002
3687,16.55658487
3688,16.55939186
3689,16.56219885
3690,16.565005839999998
3691,16.56781283
3692,16.570619819999997
3693,16.57342681
3694,16.5762338
3695,16.57904079
3696,16.58184778
3697,16.58465477
3698,16.58746176
3699,16.59026875
3700,16.59307574
3701,16.59588273
3702,16.59868973
3703,16.60149672
3704,16.60430371
3705,16.6071107
3706,16.60991769
3707,16.61272468
3708,16.61553167
3709,16.618338660000003
3710,16.62114565
3711,16.62395264
3712,16.62675963
3713,16.62956662
3714,16.632373610000002
3715,16.635180599999998
3716,16.63798759
3717,16.64079458
3718,16.64360157
3719,16.64640856
3720,16.649215549999997
3721,16.65202255
3722,16.654829539999998
3723,16.65763653
3724,16.66044352
3725,16.66325051
3726,16.6660575
3727,16.668864489999997
3728,16.67167148
3729,16.67447847
3730,16.67728546
3731,16.68009245
3732,16.68289944
3733,16.68570643
3734,16.68851342
3735,16.69132041
3736,16.6941274
3737,16.696934390000003
3738,16.69974138
3739,16.70254837
3740,16.70535537
3741,16.70816236
3742,16.71096935
3743,16.71377634
3744,16.716583330000002
3745,16.71939032
3746,16.722197310000002
3747,16.7250043
3748,16.727811289999998
3749,16.73061828
3750,16.733425269999998
3751,16.73623226
3752,16.73903925
3753,16.74184624
3754,16.74465323
3755,16.74746022
3756,16.75026721
3757,16.7530742
3758,16.75588119
3759,16.75868819
3760,16.76149518
3761,16.76430217
3762,16.76710916
3763,16.76991615
3764,16.77272314
3765,16.77553013
3766,16.77833712
3767,16.78114411
3768,16.7839511
3769,16.78675809
3770,16.78956508
3771,16.79237207
3772,16.795179060000002
3773,16.79798605
3774,16.800793040000002
3775,16.80360003
3776,16.806407019999998
3777,16.80921402
3778,16.81202101
3779,16.814828000000002
3780,16.81763499
3781,16.820441980000002
3782,16.823248969999998
3783,16.82605596
3784,16.82886295
3785,16.831669939999998
3786,16.83447693
3787,16.83728392
3788,16.84009091
3789,16.8428979
3790,16.84570489
3791,16.84851188
3792,16.85131887
3793,16.85412586
3794,16.85693285
3795,16.85973984
3796,16.86254684
3797,16.86535383
3798,16.86816082
3799,16.87096781
3800,16.8737748
3801,16.87658179
3802,16.87938878
3803,16.88219577
3804,16.88500276
3805,16.88780975
3806,16.89061674
3807,16.893423730000002
3808,16.89623072
3809,16.89903771
3810,16.901844699999998
3811,16.90465169
3812,16.90745868
3813,16.910265669999998
3814,16.91307266
3815,16.915879659999998
3816,16.91868665
3817,16.921493639999998
3818,16.92430063
3819,16.92710762
3820,16.92991461
3821,16.9327216
3822,16.93552859
3823,16.93833558
3824,16.94114257
3825,16.94394956
3826,16.94675655
3827,16.94956354
3828,16.95237053
3829,16.95517752
3830,16.95798451
3831,16.9607915
3832,16.963598490000003
3833,16.96640548
3834,16.96921248
3835,16.97201947
3836,16.97482646
3837,16.97763345
3838,16.98044044
3839,16.983247430000002
3840,16.98605442
3841,16.98886141
3842,16.991668400000002
3843,16.994475389999998
3844,16.99728238
3845,17.000089369999998
3846,17.00289636
3847,17.00570335
3848,17.00851034
3849,17.01131733
3850,17.014124319999997
3851,17.01693131
3852,17.0197383
3853,17.0225453
3854,17.02535229
3855,17.02815928
3856,17.03096627
3857,17.03377326
3858,17.03658025
3859,17.03938724
3860,17.04219423
3861,17.04500122
3862,17.04780821
3863,17.0506152
3864,17.05342219
3865,17.05622918
3866,17.05903617
3867,17.061843160000002
3868,17.06465015
3869,17.067457140000002
3870,17.07026413
3871,17.07307113
3872,17.07587812
3873,17.07868511
3874,17.081492100000002
3875,17.08429909
3876,17.08710608
3877,17.08991307
3878,17.092720059999998
3879,17.09552705
3880,17.098334039999997
3881,17.10114103
3882,17.10394802
3883,17.10675501
3884,17.109562
3885,17.11236899
3886,17.11517598
3887,17.11798297
3888,17.12078996
3889,17.12359695
3890,17.12640395
3891,17.12921094
3892,17.13201793
3893,17.13482492
3894,17.13763191
3895,17.1404389
3896,17.14324589
3897,17.146052880000003
3898,17.14885987
3899,17.15166686
3900,17.15447385
3901,17.15728084
3902,17.160087830000002
3903,17.162894819999998
3904,17.16570181
3905,17.1685088
3906,17.17131579
3907,17.17412278
3908,17.176929769999997
3909,17.17973677
3910,17.182543759999998
3911,17.18535075
3912,17.18815774
3913,17.19096473
3914,17.19377172
3915,17.196578709999997
3916,17.1993857
3917,17.20219269
3918,17.20499968
3919,17.20780667
3920,17.21061366
3921,17.21342065
3922,17.21622764
3923,17.21903463
3924,17.22184162
3925,17.224648610000003
3926,17.2274556
3927,17.230262590000002
3928,17.23306959
3929,17.23587658
3930,17.23868357
3931,17.24149056
3932,17.244297550000002
3933,17.24710454
3934,17.249911530000002
3935,17.25271852
3936,17.25552551
3937,17.2583325
3938,17.261139489999998
3939,17.26394648
3940,17.26675347
3941,17.26956046
3942,17.27236745
3943,17.27517444
3944,17.27798143
3945,17.28078842
3946,17.28359541
3947,17.28640241
3948,17.2892094
3949,17.29201639
3950,17.29482338
3951,17.29763037
3952,17.30043736
3953,17.30324435
3954,17.30605134
3955,17.30885833
3956,17.31166532
3957,17.31447231
3958,17.3172793
3959,17.32008629
3960,17.322893280000002
3961,17.32570027
3962,17.328507260000002
3963,17.33131425
3964,17.33412124
3965,17.33692823
3966,17.33973523
3967,17.342542220000002
3968,17.34534921
3969,17.348156200000002
3970,17.350963189999998
3971,17.35377018
3972,17.35657717
3973,17.359384159999998
3974,17.36219115
3975,17.364998139999997
3976,17.36780513
3977,17.37061212
3978,17.37341911
3979,17.3762261
3980,17.37903309
3981,17.38184008
3982,17.38464707
3983,17.38745406
3984,17.39026106
3985,17.39306805
3986,17.39587504
3987,17.39868203
3988,17.40148902
3989,17.40429601
3990,17.407103
3991,17.40990999
3992,17.412716980000003
3993,17.41552397
3994,17.41833096
3995,17.421137950000002
3996,17.42394494
3997,17.426751930000002
3998,17.429558919999998
3999,17.43236591
4000,17.4351729
4001,17.43797989
4002,17.44078688
4003,17.443593879999998
4004,17.44640087
4005,17.449207859999998
4006,17.45201485
4007,17.45482184
4008,17.45762883
4009,17.46043582
4010,17.463242809999997
4011,17.4660498
4012,17.46885679
4013,17.47166378
4014,17.47447077
4015,17.47727776
4016,17.48008475
4017,17.48289174
4018,17.48569873
4019,17.48850572
4020,17.491312710000003
4021,17.4941197
4022,17.4969267
4023,17.49973369
4024,17.50254068
4025,17.50534767
4026,17.50815466
4027,17.510961650000002
4028,17.51376864
4029,17.516575630000002
4030,17.519382620000002
4031,17.522189609999998
4032,17.5249966
4033,17.527803589999998
4034,17.53061058
4035,17.53341757
4036,17.53622456
4037,17.53903155
4038,17.54183854
4039,17.54464553
4040,17.54745252
4041,17.55025952
4042,17.55306651
4043,17.5558735
4044,17.55868049
4045,17.56148748
4046,17.56429447
4047,17.56710146
4048,17.56990845
4049,17.57271544
4050,17.57552243
4051,17.57832942
4052,17.58113641
4053,17.5839434
4054,17.58675039
4055,17.589557380000002
4056,17.59236437
4057,17.595171360000002
4058,17.597978349999998
4059,17.600785339999998
4060,17.60359234
4061,17.60639933
4062,17.609206320000002
4063,17.61201331
4064,17.6148203
4065,17.61762729
4066,17.62043428
4067,17.62324127
4068,17.626048259999997
4069,17.62885525
4070,17.63166224
4071,17.63446923
4072,17.63727622
4073,17.64008321
4074,17.6428902
4075,17.64569719
4076,17.64850418
4077,17.65131117
4078,17.65411817
4079,17.65692516
4080,17.65973215
4081,17.66253914
4082,17.66534613
4083,17.66815312
4084,17.67096011
4085,17.673767100000003
4086,17.67657409
4087,17.67938108
4088,17.68218807
4089,17.68499506
4090,17.687802050000002
4091,17.69060904
4092,17.69341603
4093,17.696223019999998
4094,17.69903001
4095,17.701837
4096,17.704643989999997
4097,17.70745099
4098,17.710257979999998
4099,17.71306497
4100,17.715871959999998
4101,17.71867895
4102,17.72148594
4103,17.72429293
4104,17.72709992
4105,17.72990691
4106,17.7327139
4107,17.73552089
4108,17.73832788
4109,17.74113487
4110,17.74394186
4111,17.74674885
4112,17.74955584
4113,17.752362830000003
4114,17.75516982
4115,17.757976810000002
4116,17.76078381
4117,17.7635908
4118,17.76639779
4119,17.76920478
4120,17.772011770000002
4121,17.77481876
4122,17.777625750000002
4123,17.78043274
4124,17.78323973
4125,17.78604672
4126,17.788853709999998
4127,17.7916607
4128,17.794467689999998
4129,17.79727468
4130,17.80008167
4131,17.80288866
4132,17.80569565
4133,17.80850264
4134,17.81130963
4135,17.814116629999997
4136,17.81692362
4137,17.81973061
4138,17.8225376
4139,17.82534459
4140,17.82815158
4141,17.83095857
4142,17.83376556
4143,17.83657255
4144,17.83937954
4145,17.84218653
4146,17.84499352
4147,17.84780051
4148,17.8506075
4149,17.85341449
4150,17.856221480000002
4151,17.85902847
4152,17.86183546
4153,17.86464245
4154,17.86744945
4155,17.870256440000002
4156,17.87306343
4157,17.875870420000002
4158,17.878677409999998
4159,17.8814844
4160,17.88429139
4161,17.887098379999998
4162,17.88990537
4163,17.892712359999997
4164,17.89551935
4165,17.89832634
4166,17.90113333
4167,17.90394032
4168,17.90674731
4169,17.9095543
4170,17.91236129
4171,17.91516828
4172,17.91797527
4173,17.92078227
4174,17.92358926
4175,17.92639625
4176,17.92920324
4177,17.93201023
4178,17.93481722
4179,17.93762421
4180,17.940431200000003
4181,17.94323819
4182,17.94604518
4183,17.94885217
4184,17.95165916
4185,17.954466150000002
4186,17.957273139999998
4187,17.96008013
4188,17.96288712
4189,17.96569411
4190,17.9685011
4191,17.971308099999998
4192,17.97411509
4193,17.976922079999998
4194,17.97972907
4195,17.98253606
4196,17.98534305
4197,17.98815004
4198,17.990957029999997
4199,17.99376402
4200,17.99657101
4201,17.999378
4202,18.00218499
4203,18.00499198
4204,18.00779897
4205,18.01060596
4206,18.01341295
4207,18.01621994
4208,18.019026930000003
4209,18.02183392
4210,18.024640920000003
4211,18.02744791
4212,18.0302549
4213,18.03306189
4214,18.03586888
4215,18.038675870000002
4216,18.04148286
4217,18.044289850000002
4218,18.04709684
4219,18.049903829999998
4220,18.05271082
4221,18.055517809999998
4222,18.0583248
4223,18.06113179
4224,18.06393878
4225,18.06674577
4226,18.06955276
4227,18.07235975
4228,18.07516674
4229,18.07797374
4230,18.08078073
4231,18.08358772
4232,18.08639471
4233,18.0892017
4234,18.09200869
4235,18.09481568
4236,18.09762267
4237,18.10042966
4238,18.103236650000003
4239,18.10604364
4240,18.10885063
4241,18.11165762
4242,18.11446461
4243,18.117271600000002
4244,18.12007859
4245,18.122885580000002
4246,18.12569257
4247,18.12849956
4248,18.13130656
4249,18.13411355
4250,18.136920540000002
4251,18.13972753
4252,18.14253452
4253,18.145341509999998
4254,18.1481485
4255,18.15095549
4256,18.153762479999997
4257,18.15656947
4258,18.15937646
4259,18.16218345
4260,18.16499044
4261,18.16779743
4262,18.17060442
4263,18.17341141
4264,18.1762184
4265,18.17902539
4266,18.18183238
4267,18.18463938
4268,18.18744637
4269,18.19025336
4270,18.19306035
4271,18.19586734
4272,18.19867433
4273,18.20148132
4274,18.20428831
4275,18.207095300000002
4276,18.20990229
4277,18.21270928
4278,18.215516270000002
4279,18.21832326
4280,18.22113025
4281,18.223937239999998
4282,18.22674423
4283,18.22955122
4284,18.23235821
4285,18.23516521
4286,18.237972199999998
4287,18.24077919
4288,18.243586179999998
4289,18.24639317
4290,18.24920016
4291,18.25200715
4292,18.25481414
4293,18.25762113
4294,18.26042812
4295,18.26323511
4296,18.2660421
4297,18.26884909
4298,18.27165608
4299,18.27446307
4300,18.27727006
4301,18.28007705
4302,18.28288404
4303,18.285691030000002
4304,18.28849803
4305,18.29130502
4306,18.29411201
4307,18.296919
4308,18.29972599
4309,18.30253298
4310,18.305339970000002
4311,18.30814696
4312,18.310953950000002
4313,18.31376094
4314,18.316567929999998
4315,18.31937492
4316,18.322181909999998
4317,18.3249889
4318,18.32779589
4319,18.33060288
4320,18.33340987
4321,18.33621686
4322,18.33902385
4323,18.341830849999997
4324,18.34463784
4325,18.34744483
4326,18.35025182
4327,18.35305881
4328,18.3558658
4329,18.35867279
4330,18.36147978
4331,18.36428677
4332,18.36709376
4333,18.36990075
4334,18.37270774
4335,18.37551473
4336,18.37832172
4337,18.38112871
4338,18.383935700000002
4339,18.38674269
4340,18.389549680000002
4341,18.39235667
4342,18.39516367
4343,18.39797066
4344,18.40077765
4345,18.403584640000002
4346,18.406391629999998
4347,18.40919862
4348,18.41200561
4349,18.4148126
4350,18.41761959
4351,18.420426579999997
4352,18.42323357
4353,18.42604056
4354,18.42884755
4355,18.43165454
4356,18.43446153
4357,18.43726852
4358,18.44007551
4359,18.4428825
4360,18.44568949
4361,18.44849649
4362,18.45130348
4363,18.45411047
4364,18.45691746
4365,18.45972445
4366,18.46253144
4367,18.46533843
4368,18.468145420000003
4369,18.47095241
4370,18.4737594
4371,18.47656639
4372,18.47937338
4373,18.482180370000002
4374,18.484987359999998
4375,18.48779435
4376,18.49060134
4377,18.49340833
4378,18.49621532
4379,18.499022309999997
4380,18.50182931
4381,18.504636299999998
4382,18.50744329
4383,18.51025028
4384,18.51305727
4385,18.51586426
4386,18.51867125
4387,18.52147824
4388,18.52428523
4389,18.52729373
4390,18.53030223
4391,18.53331073
4392,18.53631923
4393,18.53932773
4394,18.54233623
4395,18.54534473
4396,18.54835323
4397,18.55136173
4398,18.55437023
4399,18.55737873
4400,18.56038723
4401,18.56339573
4402,18.56640423
4403,18.56941273
4404,18.57242123
4405,18.57542973
4406,18.57843823
4407,18.58144673
4408,18.58445523
4409,18.58746373
4410,18.59047223
4411,18.59348073
4412,18.59648923
4413,18.59949773
4414,18.60250623
4415,18.60551473
4416,18.60852323
4417,18.61153173
4418,18.614540230000003
4419,18.61754873
4420,18.620557230000003
4421,18.62356573
4422,18.62657423
4423,18.62958273
4424,18.63259123
4425,18.63559973
4426,18.63860823
4427,18.64161673
4428,18.64462523
4429,18.64763373
4430,18.65064223
4431,18.65365073
4432,18.65665923
4433,18.659667730000002
4434,18.66267623
4435,18.665684730000002
4436,18.66869323
4437,18.671701730000002
4438,18.67471023
4439,18.677718730000002
4440,18.68072723
4441,18.683735730000002
4442,18.68674423
4443,18.689752730000002
4444,18.69276123
4445,18.695769730000002
4446,18.69877823
4447,18.70178673
4448,18.70479523
4449,18.70780373
4450,18.710812230000002
4451,18.71382073
4452,18.716829230000002
4453,18.71983773
4454,18.722846230000002
4455,18.72585473
4456,18.72886323
4457,18.731871729999998
4458,18.73488023
4459,18.737888729999998
4460,18.74089723
4461,18.743905729999998
4462,18.74691423
4463,18.749922729999998
4464,18.75293123
4465,18.75593973
4466,18.75894823
4467,18.76195673
4468,18.76496523
4469,18.76797373
4470,18.77098223
4471,18.77399073
4472,18.77699922
4473,18.78000772
4474,18.78301622
4475,18.78602472
4476,18.78903322
4477,18.79204172
4478,18.79505022
4479,18.79805872
4480,18.80106722
4481,18.80407572
4482,18.80708422
4483,18.81009272
4484,18.81310122
4485,18.81610972
4486,18.81911822
4487,18.82212672
4488,18.82513522
4489,18.82814372
4490,18.83115222
4491,18.83416072
4492,18.83716922
4493,18.84017772
4494,18.84318622
4495,18.84619472
4496,18.84920322
4497,18.85221172
4498,18.85522022
4499,18.85822872
4500,18.86123722
4501,18.86424572
4502,18.86725422
4503,18.87026272
4504,18.873271220000003
4505,18.87627972
4506,18.87928822
4507,18.88229672
4508,18.88530522
4509,18.88831372
4510,18.89132222
4511,18.89433072
4512,18.89733922
4513,18.90034772
4514,18.90335622
4515,18.90636472
4516,18.90937322
4517,18.91238172
4518,18.91539022
4519,18.91839872
4520,18.92140722
4521,18.924415720000002
4522,18.92742422
4523,18.930432720000002
4524,18.93344122
4525,18.936449720000002
4526,18.93945822
4527,18.942466720000002
4528,18.94547522
4529,18.948483720000002
4530,18.95149222
4531,18.95450072
4532,18.95750922
4533,18.96051772
4534,18.96352622
4535,18.96653472
4536,18.969543220000002
4537,18.97255172
4538,18.975560220000002
4539,18.97856872
4540,18.981577220000002
4541,18.98458572
4542,18.987594220000002
4543,18.99060272
4544,18.993611220000002
4545,18.996619719999998
4546,18.99962822
4547,19.002636719999998
4548,19.00564522
4549,19.008653719999998
4550,19.01166222
4551,19.014670719999998
4552,19.01767922
4553,19.02068772
4554,19.02369622
4555,19.02670472
4556,19.029713219999998
4557,19.03272172
4558,19.035730219999998
4559,19.03873872
4560,19.041747219999998
4561,19.04475572
4562,19.047764219999998
4563,19.05077272
4564,19.053781219999998
4565,19.05678972
4566,19.059798219999998
4567,19.06280672
4568,19.065815219999998
4569,19.06882372
4570,19.07183222
4571,19.07484072
4572,19.07784922
4573,19.08085772
4574,19.08386622
4575,19.08687472
4576,19.08988322
4577,19.09289172
4578,19.09590022
4579,19.09890872
4580,19.10191722
4581,19.104925719999997
4582,19.10793422
4583,19.110942719999997
4584,19.11395122
4585,19.11695972
4586,19.11996822
4587,19.12297672
4588,19.12598522
4589,19.12899372
4590,19.13200222
4591,19.13501072
4592,19.13801922
4593,19.14102772
4594,19.14403622
4595,19.14704472
4596,19.15005322
4597,19.15306172
4598,19.15607022
4599,19.15907872
4600,19.16208722
4601,19.16509572
4602,19.16810422
4603,19.17111272
4604,19.17412122
4605,19.17712972
4606,19.18013822
4607,19.18314672
4608,19.18615522
4609,19.18916372
4610,19.19217222
4611,19.19518072
4612,19.19818922
4613,19.20119772
4614,19.20420622
4615,19.20721472
4616,19.21022322
4617,19.213231720000003
4618,19.21624022
4619,19.21924872
4620,19.22225722
4621,19.22526572
4622,19.22827422
4623,19.23128272
4624,19.23429122
4625,19.23729972
4626,19.24030822
4627,19.24331672
4628,19.24632522
4629,19.24933372
4630,19.25234222
4631,19.25535072
4632,19.25835922
4633,19.26136772
4634,19.264376220000003
4635,19.26738472
4636,19.270393220000003
4637,19.27340172
4638,19.276410220000002
4639,19.27941872
4640,19.282427220000002
4641,19.28543572
4642,19.288444220000002
4643,19.29145272
4644,19.29446122
4645,19.29746972
4646,19.30047822
4647,19.30348672
4648,19.306495209999998
4649,19.30950371
4650,19.312512209999998
4651,19.31552071
4652,19.318529209999998
4653,19.32153771
4654,19.324546209999998
4655,19.32755471
4656,19.33056321
4657,19.33357171
4658,19.33658021
4659,19.33958871
4660,19.34259721
4661,19.34560571
4662,19.34861421
4663,19.35162271
4664,19.35463121
4665,19.35763971
4666,19.36064821
4667,19.36365671
4668,19.36666521
4669,19.369673709999997
4670,19.37268221
4671,19.375690709999997
4672,19.37869921
4673,19.38170771
4674,19.38471621
4675,19.38772471
4676,19.39073321
4677,19.39374171
4678,19.39675021
4679,19.39975871
4680,19.40276721
4681,19.40577571
4682,19.40878421
4683,19.41179271
4684,19.41480121
4685,19.41780971
4686,19.42081821
4687,19.42382671
4688,19.42683521
4689,19.42984371
4690,19.43285221
4691,19.43586071
4692,19.43886921
4693,19.44187771
4694,19.44488621
4695,19.44789471
4696,19.45090321
4697,19.45391171
4698,19.45692021
4699,19.45992871
4700,19.46293721
4701,19.46594571
4702,19.46895421
4703,19.47196271
4704,19.47497121
4705,19.47797971
4706,19.48098821
4707,19.48399671
4708,19.48700521
4709,19.49001371
4710,19.49302221
4711,19.49603071
4712,19.49903921
4713,19.50204771
4714,19.50505621
4715,19.50806471
4716,19.51107321
4717,19.51408171
4718,19.51709021
4719,19.52009871
4720,19.523107210000003
4721,19.52611571
4722,19.529124210000003
4723,19.53213271
4724,19.535141210000003
4725,19.53814971
4726,19.541158210000003
4727,19.54416671
4728,19.54717521
4729,19.55018371
4730,19.55319221
4731,19.55620071
4732,19.55920921
4733,19.56221771
4734,19.56522621
4735,19.56823471
4736,19.57124321
4737,19.574251710000002
4738,19.57726021
4739,19.580268710000002
4740,19.58327721
4741,19.586285710000002
4742,19.58929421
4743,19.592302710000002
4744,19.59531121
4745,19.598319710000002
4746,19.60132821
4747,19.604336710000002
4748,19.60734521
4749,19.610353710000002
4750,19.61336221
4751,19.61637071
4752,19.619379209999998
4753,19.622387709999998
4754,19.62539621
4755,19.628404709999998
4756,19.63141321
4757,19.634421709999998
4758,19.63743021
4759,19.640438709999998
4760,19.64344721
4761,19.646455709999998
4762,19.64946421
4763,19.652472709999998
4764,19.65548121
4765,19.658489709999998
4766,19.66149821
4767,19.664506709999998
4768,19.66751521
4769,19.67052371
4770,19.67353221
4771,19.67654071
4772,19.67954921
4773,19.68255771
4774,19.68556621
4775,19.68857471
4776,19.69158321
4777,19.69459171
4778,19.697600209999997
4779,19.70060871
4780,19.703617209999997
4781,19.70662571
4782,19.709634209999997
4783,19.71264271
4784,19.715651209999997
4785,19.71865971
4786,19.72166821
4787,19.72467671
4788,19.72768521
4789,19.73069371
4790,19.73370221
4791,19.73671071
4792,19.73971921
4793,19.74272771
4794,19.74573621
4795,19.74874471
4796,19.75175321
4797,19.75476171
4798,19.75777021
4799,19.76077871
4800,19.76378721
4801,19.76679571
4802,19.76980421
4803,19.77281271
4804,19.77582121
4805,19.77882971
4806,19.78183821
4807,19.78484671
4808,19.78785521
4809,19.79086371
4810,19.79387221
4811,19.79688071
4812,19.79988921
4813,19.80289771
4814,19.80590621
4815,19.80891471
4816,19.81192321
4817,19.81493171
4818,19.81794021
4819,19.82094871
4820,19.82395721
4821,19.82696571
4822,19.82997421
4823,19.83298271
4824,19.8359912
4825,19.838999700000002
4826,19.8420082
4827,19.845016700000002
4828,19.8480252
4829,19.851033700000002
4830,19.8540422
4831,19.857050700000002
4832,19.8600592
4833,19.863067700000002
4834,19.8660762
4835,19.869084700000002
4836,19.8720932
4837,19.875101700000002
4838,19.8781102
4839,19.881118700000002
4840,19.884127200000002
4841,19.887135699999998
4842,19.8901442
4843,19.893152699999998
4844,19.8961612
4845,19.899169699999998
4846,19.9021782
4847,19.905186699999998
4848,19.9081952
4849,19.911203699999998
4850,19.9142122
4851,19.917220699999998
4852,19.9202292
4853,19.923237699999998
4854,19.9262462
4855,19.929254699999998
4856,19.9322632
4857,19.9352717
4858,19.9382802
4859,19.9412887
4860,19.9442972
4861,19.9473057
4862,19.9503142
4863,19.9533227
4864,19.9563312
4865,19.9593397
4866,19.962348199999997
4867,19.9653567
4868,19.968365199999997
4869,19.9713737
4870,19.974382199999997
4871,19.9773907
4872,19.9803992
4873,19.9834077
4874,19.9864162
4875,19.9894247
4876,19.9924332
4877,19.9954417
4878,19.9984502
4879,20.0014587
4880,20.0044672
4881,20.0074757
4882,20.0104842
4883,20.0134927
4884,20.0165012
4885,20.0195097
4886,20.0225182
4887,20.0255267
4888,20.0285352
4889,20.0315437
4890,20.0345522
4891,20.0375607
4892,20.0405692
4893,20.0435777
4894,20.0465862
4895,20.0495947
4896,20.0526032
4897,20.0556117
4898,20.0586202
4899,20.0616287
4900,20.0646372
4901,20.0676457
4902,20.0706542
4903,20.0736627
4904,20.0766712
4905,20.0796797
4906,20.0826882
4907,20.0856967
4908,20.0887052
4909,20.0917137
4910,20.0947222
4911,20.0977307
4912,20.1007392
4913,20.1037477
4914,20.1067562
4915,20.1097647
4916,20.1127732
4917,20.1157817
4918,20.1187902
4919,20.1217987
4920,20.1248072
4921,20.127815700000003
4922,20.1308242
4923,20.133832700000003
4924,20.1368412
4925,20.1398497
4926,20.1428582
4927,20.1458667
4928,20.1488752
4929,20.1518837
4930,20.1548922
4931,20.1579007
4932,20.1609092
4933,20.1639177
4934,20.1669262
4935,20.1699347
4936,20.1729432
4937,20.1759517
4938,20.178960200000002
4939,20.1819687
4940,20.184977200000002
4941,20.1879857
4942,20.190994200000002
4943,20.1940027
4944,20.197011200000002
4945,20.2000197
4946,20.203028200000002
4947,20.2060367
4948,20.209045200000002
4949,20.2120537
4950,20.2150622
4951,20.2180707
4952,20.2210792
4953,20.224087700000002
4954,20.2270962
4955,20.230104700000002
4956,20.2331132
4957,20.2361217
4958,20.239130199999998
4959,20.2421387
4960,20.245147199999998
4961,20.2481557
4962,20.251164199999998
4963,20.2541727
4964,20.257181199999998
4965,20.2601897
4966,20.263198199999998
4967,20.2662067
4968,20.269215199999998
4969,20.2722237
4970,20.2752322
4971,20.2782407
4972,20.2812492
4973,20.2842577
4974,20.2872662
4975,20.290274699999998
4976,20.2932832
4977,20.296291699999998
4978,20.2993002
4979,20.302308699999998
4980,20.3053172
4981,20.308325699999997
4982,20.3113342
4983,20.314342699999997
4984,20.3173512
4985,20.3203597
4986,20.3233682
4987,20.3263767
4988,20.3293852
4989,20.3323937
4990,20.3354022
4991,20.3384107
4992,20.3414192
4993,20.3444277
4994,20.3474362
4995,20.3504447
4996,20.3534532
4997,20.3564617
4998,20.3594702
4999,20.3624787
5000,20.36548719
5001,20.36849569
5002,20.37150419
5003,20.37451269
5004,20.37752119
5005,20.38052969
5006,20.38353819
5007,20.38654669
5008,20.38955519
5009,20.392563690000003
5010,20.39557219
5011,20.398580690000003
5012,20.40158919
5013,20.40459769
5014,20.40760619
5015,20.41061469
5016,20.41362319
5017,20.41663169
5018,20.41964019
5019,20.42264869
5020,20.42565719
5021,20.42866569
5022,20.43167419
5023,20.43468269
5024,20.437691190000002
5025,20.44069969
5026,20.443708190000002
5027,20.44671669
5028,20.449725190000002
5029,20.45273369
5030,20.455742190000002
5031,20.45875069
5032,20.461759190000002
5033,20.46476769
5034,20.467776190000002
5035,20.47078469
5036,20.473793190000002
5037,20.47680169
5038,20.47981019
5039,20.48281869
5040,20.48582719
5041,20.488835690000002
5042,20.49184419
5043,20.494852690000002
5044,20.49786119
5045,20.500869690000002
5046,20.50387819
5047,20.50688669
5048,20.509895189999998
5049,20.51290369
5050,20.515912189999998
5051,20.51892069
5052,20.521929189999998
5053,20.52493769
5054,20.527946189999998
5055,20.53095469
5056,20.53396319
5057,20.53697169
5058,20.53998019
5059,20.54298869
5060,20.54599719
5061,20.54900569
5062,20.55201419
5063,20.555022689999998
5064,20.55803119
5065,20.561039689999998
5066,20.56404819
5067,20.567056689999998
5068,20.57006519
5069,20.573073689999998
5070,20.57608219
5071,20.579090689999997
5072,20.58209919
5073,20.58510769
5074,20.58811619
5075,20.59112469
5076,20.59413319
5077,20.59714169
5078,20.60015019
5079,20.60315869
5080,20.60616719
5081,20.60917569
5082,20.61218419
5083,20.61519269
5084,20.61820119
5085,20.62120969
5086,20.62421819
5087,20.62722669
5088,20.63023519
5089,20.63324369
5090,20.63625219
5091,20.63926069
5092,20.64226919
5093,20.64527769
5094,20.64828619
5095,20.65129469
5096,20.65430319
5097,20.65731169
5098,20.66032019
5099,20.66332869
5100,20.66633719
5101,20.66934569
5102,20.67235419
5103,20.67536269
5104,20.67837119
5105,20.68137969
5106,20.68438819
5107,20.68739669
5108,20.69040519
5109,20.69341369
5110,20.69642219
5111,20.69943069
5112,20.70243919
5113,20.70544769
5114,20.70845619
5115,20.71146469
5116,20.71447319
5117,20.71748169
5118,20.72049019
5119,20.72349869
5120,20.72650719
5121,20.72951569
5122,20.73252419
5123,20.73553269
5124,20.73854119
5125,20.74154969
5126,20.74455819
5127,20.74756669
5128,20.75057519
5129,20.75358369
5130,20.75659219
5131,20.75960069
5132,20.76260919
5133,20.76561769
5134,20.76862619
5135,20.77163469
5136,20.77464319
5137,20.777651690000003
5138,20.78066019
5139,20.783668690000002
5140,20.78667719
5141,20.789685690000002
5142,20.79269419
5143,20.795702690000002
5144,20.79871119
5145,20.801719690000002
5146,20.80472819
5147,20.80773669
5148,20.81074519
5149,20.81375369
5150,20.81676219
5151,20.81977069
5152,20.82277919
5153,20.82578769
5154,20.828796190000002
5155,20.83180469
5156,20.834813190000002
5157,20.83782169
5158,20.840830190000002
5159,20.84383869
5160,20.846847190000002
5161,20.84985569
5162,20.852864190000002
5163,20.855872689999998
5164,20.85888119
5165,20.861889689999998
5166,20.86489819
5167,20.867906689999998
5168,20.87091519
5169,20.87392369
5170,20.87693219
5171,20.87994069
5172,20.882949189999998
5173,20.88595769
5174,20.888966189999998
5175,20.89197469
5176,20.89498318
5177,20.89799168
5178,20.90100018
5179,20.90400868
5180,20.90701718
5181,20.91002568
5182,20.91303418
5183,20.91604268
5184,20.91905118
5185,20.92205968
5186,20.92506818
5187,20.92807668
5188,20.93108518
5189,20.93409368
5190,20.93710218
5191,20.94011068
5192,20.94311918
5193,20.94612768
5194,20.94913618
5195,20.95214468
5196,20.95515318
5197,20.95816168
5198,20.96117018
5199,20.96417868
5200,20.96718718
5201,20.97019568
5202,20.97320418
5203,20.97621268
5204,20.97922118
5205,20.98222968
5206,20.98523818
5207,20.98824668
5208,20.991255180000003
5209,20.99426368
5210,20.99727218
5211,21.00028068
5212,21.00328918
5213,21.00629768
5214,21.00930618
5215,21.01231468
5216,21.01532318
5217,21.01833168
5218,21.02134018
5219,21.02434868
5220,21.02735718
5221,21.03036568
5222,21.03337418
5223,21.03638268
5224,21.03939118
5225,21.042399680000003
5226,21.04540818
5227,21.048416680000003
5228,21.05142518
5229,21.054433680000002
5230,21.05744218
5231,21.060450680000002
5232,21.06345918
5233,21.066467680000002
5234,21.06947618
5235,21.07248468
5236,21.07549318
5237,21.07850168
5238,21.08151018
5239,21.08451868
5240,21.087527180000002
5241,21.09053568
5242,21.093544180000002
5243,21.09655268
5244,21.099561180000002
5245,21.10256968
5246,21.105578180000002
5247,21.10858668
5248,21.111595180000002
5249,21.11460368
5250,21.117612180000002
5251,21.12062068
5252,21.123629180000002
5253,21.126637679999998
5254,21.12964618
5255,21.132654679999998
5256,21.13566318
5257,21.13867168
5258,21.14168018
5259,21.14468868
5260,21.147697179999998
5261,21.15070568
5262,21.153714179999998
5263,21.15672268
5264,21.159731179999998
5265,21.16273968
5266,21.165748179999998
5267,21.16875668
5268,21.171765179999998
5269,21.17477368
5270,21.177782179999998
5271,21.18079068
5272,21.183799179999998
5273,21.18680768
5274,21.18981618
5275,21.19282468
5276,21.19583318
5277,21.19884168
5278,21.20185018
5279,21.20485868
5280,21.20786718
5281,21.21087568
5282,21.21388418
5283,21.21689268
5284,21.21990118
5285,21.222909679999997
5286,21.22591818
5287,21.228926679999997
5288,21.23193518
5289,21.23494368
5290,21.23795218
5291,21.24096068
5292,21.24396918
5293,21.24697768
5294,21.24998618
5295,21.25299468
5296,21.25600318
5297,21.25901168
5298,21.26202018
5299,21.26502868
5300,21.26803718
5301,21.27104568
5302,21.27405418
5303,21.27706268
5304,21.28007118
5305,21.28307968
5306,21.28608818
5307,21.28909668
5308,21.29210518
5309,21.29511368
5310,21.29812218
5311,21.30113068
5312,21.30413918
5313,21.30714768
5314,21.31015618
5315,21.31316468
5316,21.31617318
5317,21.31918168
5318,21.32219018
5319,21.32519868
5320,21.32820718
5321,21.33121568
5322,21.33422418
5323,21.33723268
5324,21.34024118
5325,21.34324968
5326,21.34625818
5327,21.34926668
5328,21.35227518
5329,21.35528368
5330,21.35829218
5331,21.36130068
5332,21.36430918
5333,21.36731768
5334,21.37032618
5335,21.37333468
5336,21.37634318
5337,21.37935168
5338,21.382360180000003
5339,21.38536868
5340,21.388377180000003
5341,21.39138568
5342,21.394394180000003
5343,21.39740268
5344,21.40041118
5345,21.40341968
5346,21.40642818
5347,21.40943668
5348,21.41244518
5349,21.41545368
5350,21.41846218
5351,21.42147068
5352,21.424479169999998
5353,21.42748767
5354,21.430496169999998
5355,21.43350467
5356,21.436513169999998
5357,21.43952167
5358,21.442530169999998
5359,21.44553867
5360,21.44854717
5361,21.45155567
5362,21.45456417
5363,21.45757267
5364,21.46058117
5365,21.46358967
5366,21.46659817
5367,21.46960667
5368,21.47261517
5369,21.475623669999997
5370,21.47863217
5371,21.481640669999997
5372,21.48464917
5373,21.487657669999997
5374,21.49066617
5375,21.493674669999997
5376,21.49668317
5377,21.49969167
5378,21.50270017
5379,21.50570867
5380,21.50871717
5381,21.51172567
5382,21.51473417
5383,21.51774267
5384,21.52075117
5385,21.52375967
5386,21.52676817
5387,21.52977667
5388,21.53278517
5389,21.53579367
5390,21.53880217
5391,21.54181067
5392,21.54481917
5393,21.54782767
5394,21.55083617
5395,21.55384467
5396,21.55685317
5397,21.55986167
5398,21.56287017
5399,21.56587867
5400,21.56888717
5401,21.57189567
5402,21.57490417
5403,21.57791267
5404,21.58092117
5405,21.58392967
5406,21.58693817
5407,21.58994667
5408,21.59295517
5409,21.59596367
5410,21.59897217
5411,21.60198067
5412,21.60498917
5413,21.60799767
5414,21.61100617
5415,21.61401467
5416,21.61702317
5417,21.62003167
5418,21.62304017
5419,21.62604867
5420,21.62905717
5421,21.63206567
5422,21.63507417
5423,21.63808267
5424,21.641091170000003
5425,21.64409967
5426,21.647108170000003
5427,21.65011667
5428,21.653125170000003
5429,21.65613367
5430,21.659142170000003
5431,21.66215067
5432,21.66515917
5433,21.66816767
5434,21.67117617
5435,21.67418467
5436,21.67719317
5437,21.68020167
5438,21.68321017
5439,21.68621867
5440,21.68922717
5441,21.692235670000002
5442,21.69524417
5443,21.698252670000002
5444,21.70126117
5445,21.704269670000002
5446,21.70727817
5447,21.710286670000002
5448,21.71329517
5449,21.716303670000002
5450,21.71931217
5451,21.722320670000002
5452,21.72532917
5453,21.728337670000002
5454,21.73134617
5455,21.734354670000002
5456,21.73736317
5457,21.74037167
5458,21.743380170000002
5459,21.746388669999998
5460,21.74939717
5461,21.752405669999998
5462,21.75541417
5463,21.758422669999998
5464,21.76143117
5465,21.764439669999998
5466,21.76744817
5467,21.770456669999998
5468,21.77346517
5469,21.776473669999998
5470,21.77948217
5471,21.782490669999998
5472,21.78549917
5473,21.78850767
5474,21.79151617
5475,21.79452467
5476,21.79753317
5477,21.80054167
5478,21.80355017
5479,21.80655867
5480,21.80956717
5481,21.81257567
5482,21.815584169999997
5483,21.81859267
5484,21.821601169999997
5485,21.82460967
5486,21.827618169999997
5487,21.832603289999998
5488,21.837588399999998
5489,21.84257352
5490,21.84755864
5491,21.85254376
5492,21.85752888
5493,21.862514
5494,21.86749912
5495,21.872484240000002
5496,21.877469350000002
5497,21.882454470000003
5498,21.88743959
5499,21.89242471
5500,21.89740983
5501,21.90239495
5502,21.90738007
5503,21.912365180000002
5504,21.9173503
5505,21.92233542
5506,21.92732054
5507,21.93230566
5508,21.937290779999998
5509,21.9422759
5510,21.94726102
5511,21.95224613
5512,21.95723125
5513,21.96221637
5514,21.96720149
5515,21.97218661
5516,21.977171730000002
5517,21.982156850000003
5518,21.987141960000002
5519,21.992127080000003
5520,21.9971122
5521,22.00209732
5522,22.00708244
5523,22.012067560000002
5524,22.01705268
5525,22.02203779
5526,22.02702291
5527,22.03200803
5528,22.03699315
5529,22.04197827
5530,22.04696339
5531,22.05194851
5532,22.05693363
5533,22.06191874
5534,22.06690386
5535,22.07188898
5536,22.076874099999998
5537,22.08185922
5538,22.08684434
5539,22.09182946
5540,22.09681457
5541,22.10179969
5542,22.10678481
5543,22.11176993
5544,22.116755050000002
5545,22.121740170000002
5546,22.12672529
5547,22.13171041
5548,22.13669552
5549,22.14168064
5550,22.14666576
5551,22.151650880000002
5552,22.156636
5553,22.16162112
5554,22.16660624
5555,22.17159135
5556,22.17657647
5557,22.18156159
5558,22.18654671
5559,22.19153183
5560,22.19651695
5561,22.20150207
5562,22.20648718
5563,22.211472299999997
5564,22.216457419999998
5565,22.221442539999998
5566,22.22642766
5567,22.23141278
5568,22.2363979
5569,22.24138302
5570,22.24636813
5571,22.25135325
5572,22.25633837
5573,22.261323490000002
5574,22.26630861
5575,22.27129373
5576,22.27627885
5577,22.28126396
5578,22.28624908
5579,22.2912342
5580,22.29621932
5581,22.30120444
5582,22.30618956
5583,22.31117468
5584,22.316159799999998
5585,22.321144909999997
5586,22.326130029999998
5587,22.33111515
5588,22.33610027
5589,22.34108539
5590,22.34607051
5591,22.35105563
5592,22.35604074
5593,22.36102586
5594,22.366010980000002
5595,22.370996100000003
5596,22.37598122
5597,22.38096634
5598,22.38595146
5599,22.39093658
5600,22.39592169
5601,22.40090681
5602,22.40589193
5603,22.41087705
5604,22.41586217
5605,22.42084729
5606,22.425832409999998
5607,22.430817519999998
5608,22.43580264
5609,22.44078776
5610,22.44577288
5611,22.450758
5612,22.455743119999998
5613,22.460728239999998
5614,22.465713349999998
5615,22.47069847
5616,22.47568359
5617,22.48066871
5618,22.48565383
5619,22.49063895
5620,22.49562407
5621,22.500609190000002
5622,22.505594300000002
5623,22.51057942
5624,22.51556454
5625,22.52054966
5626,22.52553478
5627,22.5305199
5628,22.53550502
5629,22.54049013
5630,22.54547525
5631,22.55046037
5632,22.55544549
5633,22.56043061
5634,22.565415729999998
5635,22.57040085
5636,22.57538597
5637,22.58037108
5638,22.5853562
5639,22.59034132
5640,22.59532644
5641,22.60031156
5642,22.605296680000002
5643,22.610281800000003
5644,22.615266910000003
5645,22.62025203
5646,22.62523715
5647,22.63022227
5648,22.63520739
5649,22.640192510000002
5650,22.64517763
5651,22.65016275
5652,22.65514786
5653,22.66013298
5654,22.6651181
5655,22.67010322
5656,22.67508834
5657,22.68007346
5658,22.68505858
5659,22.69004369
5660,22.69502881
5661,22.700013929999997
5662,22.704999049999998
5663,22.70998417
5664,22.71496929
5665,22.71995441
5666,22.72493952
5667,22.72992464
5668,22.73490976
5669,22.73989488
5670,22.744880000000002
5671,22.749865120000003
5672,22.75485024
5673,22.75983536
5674,22.76482047
5675,22.76980559
5676,22.77479071
5677,22.77977583
5678,22.78476095
5679,22.78974607
5680,22.79473119
5681,22.7997163
5682,22.80470142
5683,22.809686539999998
5684,22.81467166
5685,22.81965678
5686,22.8246419
5687,22.82962702
5688,22.834612139999997
5689,22.839597249999997
5690,22.844582369999998
5691,22.84956749
5692,22.85455261
5693,22.85953773
5694,22.86452285
5695,22.86950797
5696,22.87449308
5697,22.8794782
5698,22.884463320000002
5699,22.88944844
5700,22.89443356
5701,22.89941868
5702,22.9044038
5703,22.90938891
5704,22.91437403
5705,22.91935915
5706,22.92434427
5707,22.92932939
5708,22.93431451
5709,22.93929963
5710,22.944284749999998
5711,22.949269859999998
5712,22.954254979999998
5713,22.9592401
5714,22.96422522
5715,22.96921034
5716,22.97419546
5717,22.97918058
5718,22.98416569
5719,22.98915081
5720,22.994135930000002
5721,22.99912105
5722,23.00410617
5723,23.00909129
5724,23.01407641
5725,23.019061530000002
5726,23.02404664
5727,23.02903176
5728,23.03401688
5729,23.039002
5730,23.04398712
5731,23.04897224
5732,23.05395736
5733,23.058942469999998
5734,23.06392759
5735,23.06891271
5736,23.07389783
5737,23.078882949999997
5738,23.083868069999998
5739,23.08885319
5740,23.09383831
5741,23.09882342
5742,23.10380854
5743,23.10879366
5744,23.11377878
5745,23.1187639
5746,23.12374902
5747,23.128734140000002
5748,23.133719250000002
5749,23.13870437
5750,23.14368949
5751,23.14867461
5752,23.15365973
5753,23.158644849999998
5754,23.16362997
5755,23.16861508
5756,23.1736002
5757,23.17858532
5758,23.18357044
5759,23.188555559999998
5760,23.193540679999998
5761,23.1985258
5762,23.20351092
5763,23.20849603
5764,23.21348115
5765,23.21846627
5766,23.22345139
5767,23.22843651
5768,23.233421630000002
5769,23.238406750000003
5770,23.243391860000003
5771,23.24837698
5772,23.2533621
5773,23.25834722
5774,23.26333234
5775,23.26831746
5776,23.27330258
5777,23.2782877
5778,23.28327281
5779,23.28825793
5780,23.29324305
5781,23.298228169999998
5782,23.30321329
5783,23.30819841
5784,23.31318353
5785,23.31816864
5786,23.32315376
5787,23.328138879999997
5788,23.333123999999998
5789,23.33810912
5790,23.34309424
5791,23.34807936
5792,23.35306447
5793,23.35804959
5794,23.36303471
5795,23.36801983
5796,23.373004950000002
5797,23.37799007
5798,23.38297519
5799,23.38796031
5800,23.39294542
5801,23.39793054
5802,23.40291566
5803,23.40790078
5804,23.4128859
5805,23.41787102
5806,23.42285614
5807,23.42784125
5808,23.43282637
5809,23.437811489999998
5810,23.44279661
5811,23.44778173
5812,23.45276685
5813,23.45775197
5814,23.46273709
5815,23.4677222
5816,23.47270732
5817,23.477692440000002
5818,23.482677560000003
5819,23.48766268
5820,23.4926478
5821,23.49763292
5822,23.50261803
5823,23.50760315
5824,23.512588270000002
5825,23.51757339
5826,23.52255851
5827,23.52754363
5828,23.53252875
5829,23.537513869999998
5830,23.54249898
5831,23.5474841
5832,23.55246922
5833,23.55745434
5834,23.56243946
5835,23.567424579999997
5836,23.572409699999998
5837,23.577394809999998
5838,23.58237993
5839,23.58736505
5840,23.59235017
5841,23.59733529
5842,23.60232041
5843,23.60730553
5844,23.61229064
5845,23.617275760000002
5846,23.622260880000002
5847,23.627246
5848,23.63223112
5849,23.63721624
5850,23.64220136
5851,23.64718648
5852,23.652171590000002
5853,23.65715671
5854,23.66214183
5855,23.66712695
5856,23.67211207
5857,23.677097189999998
5858,23.68208231
5859,23.687067419999998
5860,23.69205254
5861,23.69703766
5862,23.70202278
5863,23.7070079
5864,23.71199302
5865,23.716978140000002
5866,23.721963260000003
5867,23.726948370000002
5868,23.731933490000003
5869,23.73691861
5870,23.74190373
5871,23.74688885
5872,23.751873970000002
5873,23.75685909
5874,23.761844200000002
5875,23.76682932
5876,23.77181444
5877,23.77679956
5878,23.78178468
5879,23.7867698
5880,23.79175492
5881,23.79674004
5882,23.80172515
5883,23.80671027
5884,23.81169539
5885,23.816680509999998
5886,23.82166563
5887,23.82665075
5888,23.83163587
5889,23.83662098
5890,23.8416061
5891,23.84659122
5892,23.85157634
5893,23.85656146
5894,23.861546580000002
5895,23.8665317
5896,23.871516810000003
5897,23.87650193
5898,23.88148705
5899,23.88647217
5900,23.89145729
5901,23.89644241
5902,23.90142753
5903,23.90641265
5904,23.91139776
5905,23.91638288
5906,23.921368
5907,23.926353119999998
5908,23.93133824
5909,23.93632336
5910,23.94130848
5911,23.94629359
5912,23.95127871
5913,23.956263829999997
5914,23.961248949999998
5915,23.96623407
5916,23.97121919
5917,23.97620431
5918,23.98118943
5919,23.98617454
5920,23.99115966
5921,23.99614478
5922,24.001129900000002
5923,24.00611502
5924,24.01110014
5925,24.01608526
5926,24.02107037
5927,24.02605549
5928,24.03104061
5929,24.03602573
5930,24.04101085
5931,24.04599597
5932,24.05098109
5933,24.0559662
5934,24.06095132
5935,24.065936439999998
5936,24.07092156
5937,24.07590668
5938,24.0808918
5939,24.08587692
5940,24.09086204
5941,24.09584715
5942,24.10083227
5943,24.105817390000002
5944,24.110802510000003
5945,24.11578763
5946,24.12077275
5947,24.12575787
5948,24.13074298
5949,24.1357281
5950,24.140713220000002
5951,24.14569834
5952,24.15068346
5953,24.15566858
5954,24.1606537
5955,24.165638819999998
5956,24.170623929999998
5957,24.17560905
5958,24.18059417
5959,24.18557929
5960,24.19056441
5961,24.195549529999997
5962,24.200534649999998
5963,24.205519759999998
5964,24.21050488
5965,24.21549
5966,24.22047512
5967,24.22546024
5968,24.23044536
5969,24.23543048
5970,24.240415600000002
5971,24.245400710000002
5972,24.250385830000003
5973,24.25537095
5974,24.26035607
5975,24.26534119
5976,24.27032631
5977,24.27531143
5978,24.28029654
5979,24.28528166
5980,24.29026678
5981,24.2952519
5982,24.30023702
5983,24.305222139999998
5984,24.31020726
5985,24.31519237
5986,24.32017749
5987,24.32516261
5988,24.33014773
5989,24.33513285
5990,24.34011797
5991,24.345103090000002
5992,24.350088210000003
5993,24.355073320000002
5994,24.36005844
5995,24.36504356
5996,24.37002868
5997,24.3750138
5998,24.379998920000002
5999,24.38498404
6000,24.38996915
6001,24.39495427
6002,24.39993939
6003,24.40492451
6004,24.40990963
6005,24.41489475
6006,24.41987987
6007,24.42486499
6008,24.4298501
6009,24.43483522
6010,24.43982034
6011,24.444805459999998
6012,24.44979058
6013,24.4547757
6014,24.45976082
6015,24.46474593
6016,24.46973105
6017,24.47471617
6018,24.47970129
6019,24.484686410000002
6020,24.489671530000003
6021,24.49465665
6022,24.49964177
6023,24.50462688
6024,24.509612
6025,24.51459712
6026,24.519582240000002
6027,24.52456736
6028,24.52955248
6029,24.5345376
6030,24.53952271
6031,24.54450783
6032,24.549492949999998
6033,24.55447807
6034,24.55946319
6035,24.56444831
6036,24.56943343
6037,24.57441854
6038,24.579403659999997
6039,24.584388779999998
6040,24.5893739
6041,24.59435902
6042,24.59934414
6043,24.60432926
6044,24.60931438
6045,24.61429949
6046,24.61928461
6047,24.62426973
6048,24.629254850000002
6049,24.63423997
6050,24.63922509
6051,24.64421021
6052,24.64919532
6053,24.65418044
6054,24.659165559999998
6055,24.66415068
6056,24.6691358
6057,24.67412092
6058,24.67910604
6059,24.684091159999998
6060,24.689076269999997
6061,24.694061389999998
6062,24.69904651
6063,24.70403163
6064,24.70901675
6065,24.71400187
6066,24.71898699
6067,24.7239721
6068,24.72895722
6069,24.733942340000002
6070,24.73892746
6071,24.74391258
6072,24.7488977
6073,24.75388282
6074,24.75886793
6075,24.76385305
6076,24.76883817
6077,24.77382329
6078,24.77880841
6079,24.78379353
6080,24.78877865
6081,24.793763769999998
6082,24.798748879999998
6083,24.803734
6084,24.80871912
6085,24.81370424
6086,24.81868936
6087,24.823674479999998
6088,24.828659599999998
6089,24.833644709999998
6090,24.83862983
6091,24.84361495
6092,24.84860007
6093,24.85358519
6094,24.85857031
6095,24.86355543
6096,24.868540550000002
6097,24.873525660000002
6098,24.87851078
6099,24.8834959
6100,24.88848102
6101,24.89346614
6102,24.89845126
6103,24.90343638
6104,24.90842149
6105,24.91340661
6106,24.91839173
6107,24.92337685
6108,24.928361969999997
6109,24.933347089999998
6110,24.93833221
6111,24.94331733
6112,24.94830244
6113,24.95328756
6114,24.95827268
6115,24.9632578
6116,24.96824292
6117,24.973228040000002
6118,24.978213160000003
6119,24.983198270000003
6120,24.98818339
6121,24.99316851
6122,24.99815363
6123,25.003138749999998
6124,25.00812387
6125,25.01310899
6126,25.0180941
6127,25.02307922
6128,25.02806434
6129,25.03304946
6130,25.03803458
6131,25.043019700000002
6132,25.048004820000003
6133,25.052989939999996
6134,25.057975049999996
6135,25.062960169999997
6136,25.067945289999997
6137,25.072930409999998
6138,25.07791553
6139,25.08290065
6140,25.08788577
6141,25.09287088
6142,25.097856
6143,25.10284112
6144,25.107826239999998
6145,25.11281136
6146,25.11779648
6147,25.1227816
6148,25.12776672
6149,25.13275183
6150,25.13773695
6151,25.14272207
6152,25.147707190000002
6153,25.152692310000003
6154,25.157677429999996
6155,25.162662549999997
6156,25.167647659999997
6157,25.172632779999997
6158,25.177617899999998
6159,25.18260302
6160,25.18758814
6161,25.19257326
6162,25.19755838
6163,25.2025435
6164,25.20752861
6165,25.21251373
6166,25.21749885
6167,25.22248397
6168,25.22746909
6169,25.23245421
6170,25.23743933
6171,25.24242444
6172,25.24740956
6173,25.252394680000002
6174,25.257379800000002
6175,25.262364920000003
6176,25.267350039999997
6177,25.272335159999997
6178,25.277320269999997
6179,25.282305389999998
6180,25.28729051
6181,25.29227563
6182,25.29726075
6183,25.30224587
6184,25.30723099
6185,25.31221611
6186,25.31720122
6187,25.322186340000002
6188,25.32717146
6189,25.33215658
6190,25.3371417
6191,25.34212682
6192,25.34711194
6193,25.35209705
6194,25.35708217
6195,25.362067290000002
6196,25.367052410000003
6197,25.372037530000004
6198,25.377022649999997
6199,25.382007769999998
6200,25.38699289
6201,25.391977999999998
6202,25.39696312
6203,25.40194824
6204,25.40693336
6205,25.41191848
6206,25.4169036
6207,25.421888720000002
6208,25.42687383
6209,25.431858950000002
6210,25.43684407
6211,25.44182919
6212,25.44681431
6213,25.45179943
6214,25.456784550000002
6215,25.46176966
6216,25.466754780000002
6217,25.471739900000003
6218,25.476725020000003
6219,25.481710140000004
6220,25.486695259999998
6221,25.49168038
6222,25.4966655
6223,25.50165061
6224,25.50663573
6225,25.51162085
6226,25.51660597
6227,25.52159109
6228,25.52657621
6229,25.531561330000002
6230,25.536546440000002
6231,25.541531560000003
6232,25.546516679999996
6233,25.551501799999997
6234,25.556486919999998
6235,25.561472039999998
6236,25.56645716
6237,25.57144228
6238,25.57642739
6239,25.58141251
6240,25.58639763
6241,25.59138275
6242,25.596367869999998
6243,25.60135299
6244,25.60633811
6245,25.61132322
6246,25.61630834
6247,25.62129346
6248,25.62627858
6249,25.6312637
6250,25.636248820000002
6251,25.641233940000003
6252,25.646219059999996
6253,25.651204170000003
6254,25.656189289999997
6255,25.661174409999997
6256,25.666159529999998
6257,25.67114465
6258,25.67612977
6259,25.68111489
6260,25.6861
6261,25.69108512
6262,25.69607024
6263,25.70105536
6264,25.70604048
6265,25.7110256
6266,25.71601072
6267,25.72099583
6268,25.72598095
6269,25.73096607
6270,25.73595119
6271,25.740936310000002
6272,25.745921430000003
6273,25.750906550000003
6274,25.755891669999997
6275,25.760876780000004
6276,25.765861899999997
6277,25.770847019999998
6278,25.77583214
6279,25.78081726
6280,25.78580238
6281,25.7907875
6282,25.79577261
6283,25.80075773
6284,25.80574285
6285,25.810727970000002
6286,25.81571309
6287,25.82069821
6288,25.82568333
6289,25.83066845
6290,25.83565356
6291,25.84063868
6292,25.845623800000002
6293,25.850608920000003
6294,25.855594040000003
6295,25.860579160000004
6296,25.865564279999997
6297,25.870549390000004
6298,25.875534509999998
6299,25.88051963
6300,25.88550475
6301,25.89048987
6302,25.89547499
6303,25.90046011
6304,25.90544522
6305,25.91043034
6306,25.915415460000002
6307,25.920400580000003
6308,25.925385699999996
6309,25.930370819999997
6310,25.935355939999997
6311,25.940341059999998
6312,25.945326169999998
6313,25.95031129
6314,25.95529641
6315,25.96028153
6316,25.96526665
6317,25.97025177
6318,25.975236889999998
6319,25.980221999999998
6320,25.98520712
6321,25.99019224
6322,25.99517736
6323,26.00016248
6324,26.0051476
6325,26.01013272
6326,26.015117840000002
6327,26.020102950000002
6328,26.025088070000002
6329,26.030073190000003
6330,26.035058309999997
6331,26.040043429999997
6332,26.045028549999998
6333,26.05001367
6334,26.05499878
6335,26.0599839
6336,26.06496902
6337,26.06995414
6338,26.07493926
6339,26.07992438
6340,26.0849095
6341,26.08989462
6342,26.09487973
6343,26.09986485
6344,26.10484997
6345,26.10983509
6346,26.11482021
6347,26.119805330000002
6348,26.124790450000003
6349,26.129775560000002
6350,26.134760680000003
6351,26.139745800000004
6352,26.144730919999997
6353,26.149716039999998
6354,26.15470116
6355,26.15968628
6356,26.16467139
6357,26.16965651
6358,26.17464163
6359,26.17962675
6360,26.18461187
6361,26.189596990000002
6362,26.19458211
6363,26.19956723
6364,26.20455234
6365,26.20953746
6366,26.21452258
6367,26.2195077
6368,26.224492820000002
6369,26.229477940000002
6370,26.234463060000003
6371,26.239448170000003
6372,26.244433290000003
6373,26.249418410000004
6374,26.254403529999998
6375,26.259388649999998
6376,26.26437377
6377,26.26935889
6378,26.27434401
6379,26.27932912
6380,26.28431424
6381,26.28929936
6382,26.29428448
6383,26.299269600000002
6384,26.304254719999996
6385,26.309239839999996
6386,26.314224949999996
6387,26.319210069999997
6388,26.324195189999998
6389,26.329180309999998
6390,26.33416543
6391,26.33915055
6392,26.34413567
6393,26.34912079
6394,26.3541059
6395,26.359091019999997
6396,26.364076139999998
6397,26.36906126
6398,26.37404638
6399,26.3790315
6400,26.38401662
6401,26.38900173
6402,26.39398685
6403,26.39897197
6404,26.403957090000002
6405,26.408942210000003
6406,26.413927329999996
6407,26.418912449999997
6408,26.423897559999997
6409,26.428882679999997
6410,26.433867799999998
6411,26.43885292
6412,26.44383804
6413,26.44882316
6414,26.45380828
6415,26.4587934
6416,26.46377851
6417,26.468763629999998
6418,26.47374875
6419,26.47873387
6420,26.48371899
6421,26.48870411
6422,26.49368923
6423,26.49867434
6424,26.50365946
6425,26.508644580000002
6426,26.513629700000003
6427,26.518614820000003
6428,26.523599939999997
6429,26.528585059999997
6430,26.533570179999998
6431,26.538555289999998
6432,26.54354041
6433,26.54852553
6434,26.55351065
6435,26.55849577
6436,26.56348089
6437,26.56846601
6438,26.57345112
6439,26.57843624
6440,26.58342136
6441,26.58840648
6442,26.5933916
6443,26.59837672
6444,26.60336184
6445,26.60834695
6446,26.613332070000002
6447,26.618317190000003
6448,26.623302310000003
6449,26.628287430000004
6450,26.633272549999997
6451,26.638257669999998
6452,26.64324279
6453,26.6482279
6454,26.65321302
6455,26.65819814
6456,26.66318326
6457,26.66816838
6458,26.6731535
6459,26.678138620000002
6460,26.683123730000002
6461,26.68810885
6462,26.69309397
6463,26.69807909
6464,26.70306421
6465,26.70804933
6466,26.713034450000002
6467,26.718019570000003
6468,26.723004680000003
6469,26.727989800000003
6470,26.732974920000004
6471,26.737960039999997
6472,26.742945159999998
6473,26.74793028
6474,26.7529154
6475,26.75790051
6476,26.76288563
6477,26.76787075
6478,26.77285587
6479,26.77784099
6480,26.782826110000002
6481,26.787811230000003
6482,26.792796349999996
6483,26.797781459999996
6484,26.802766579999997
6485,26.807751699999997
6486,26.812736819999998
6487,26.81772194
6488,26.82270706
6489,26.82769218
6490,26.83267729
6491,26.83766241
6492,26.84264753
6493,26.847632649999998
6494,26.85261777
6495,26.85760289
6496,26.86258801
6497,26.86757312
6498,26.87255824
6499,26.87754336
6500,26.88252848
6501,26.887513600000002
6502,26.892498720000003
6503,26.897483840000003
6504,26.902468959999997
6505,26.907454069999996
6506,26.912439189999997
6507,26.917424309999998
6508,26.92240943
6509,26.92739455
6510,26.93237967
6511,26.93736479
6512,26.9423499
6513,26.94733502
6514,26.95232014
6515,26.95730526
6516,26.96229038
6517,26.9672755
6518,26.97226062
6519,26.97724574
6520,26.98223085
6521,26.98721597
6522,26.992201090000002
6523,26.997186210000002
6524,27.002171330000003
6525,27.007156450000004
6526,27.012141569999997
6527,27.017126679999997
6528,27.022111799999998
6529,27.027096919999998
6530,27.03208204
6531,27.03706716
6532,27.04205228
6533,27.0470374
6534,27.05202252
6535,27.05700763
6536,27.06199275
6537,27.06697787
6538,27.07196299
6539,27.07694811
6540,27.08193323
6541,27.08691835
6542,27.09190346
6543,27.09688858
6544,27.101873700000002
6545,27.106858820000003
6546,27.111843940000004
6547,27.116829059999997
6548,27.121814179999998
6549,27.126799289999997
6550,27.131784409999998
6551,27.13676953
6552,27.14175465
6553,27.14673977
6554,27.15172489
6555,27.15671001
6556,27.161695130000002
6557,27.16668024
6558,27.171665360000002
6559,27.17665048
6560,27.1816356
6561,27.18662072
6562,27.19160584
6563,27.19659096
6564,27.20157607
6565,27.206561190000002
6566,27.211546310000003
6567,27.216531430000003
6568,27.221516550000004
6569,27.226501669999998
6570,27.231486789999998
6571,27.23647191
6572,27.24145702
6573,27.24644214
6574,27.25142726
6575,27.25641238
6576,27.2613975
6577,27.26638262
6578,27.271367740000002
6579,27.276352850000002
6580,27.281337970000003
6581,27.286323089999996
6582,27.291308209999997
6583,27.296293329999997
6584,27.301278449999998
6585,27.30626357
6586,27.31124868
6587,27.3162338
6588,27.32121892
6589,27.32620404
6590,27.33118916
6591,27.336174279999998
6592,27.3411594
6593,27.34614452
6594,27.35112963
6595,27.35611475
6596,27.36109987
6597,27.36608499
6598,27.37107011
6599,27.376055230000002
6600,27.381040350000003
6601,27.386025460000003
6602,27.391010580000003
6603,27.395995699999997
6604,27.400980819999997
6605,27.405965939999998
6606,27.41095106
6607,27.41593618
6608,27.4209213
6609,27.42590641
6610,27.43089153
6611,27.43587665
6612,27.44086177
6613,27.44584689
6614,27.45083201
6615,27.45581713
6616,27.46080224
6617,27.46578736
6618,27.47077248
6619,27.4757576
6620,27.480742720000002
6621,27.485727840000003
6622,27.490712960000003
6623,27.495698079999997
6624,27.500683190000004
6625,27.505668309999997
6626,27.510653429999998
6627,27.51563855
6628,27.52062367
6629,27.52560879
6630,27.53059391
6631,27.53557902
6632,27.54056414
6633,27.54554926
6634,27.550534380000002
6635,27.5555195
6636,27.56050462
6637,27.56548974
6638,27.57047485
6639,27.57545997
6640,27.58044509
6641,27.585430210000002
6642,27.590415330000003
6643,27.595400450000003
6644,27.600385570000004
6645,27.605370689999997
6646,27.610355800000004
6647,27.615340919999998
6648,27.62032604
6649,27.62531116
6650,27.63029628
6651,27.6352814
6652,27.64026652
6653,27.64525163
6654,27.65023675
6655,27.655221870000002
6656,27.660206990000002
6657,27.665192109999996
6658,27.670177229999997
6659,27.675162349999997
6660,27.680147469999998
6661,27.685132579999998
6662,27.6901177
6663,27.69510282
6664,27.70008794
6665,27.70507306
6666,27.71005818
6667,27.715043299999998
6668,27.72002841
6669,27.72501353
6670,27.72999865
6671,27.73498377
6672,27.73996889
6673,27.74495401
6674,27.74993913
6675,27.75492424
6676,27.75990936
6677,27.764894480000002
6678,27.769879600000003
6679,27.774864719999997
6680,27.779849839999997
6681,27.784834959999998
6682,27.78982008
6683,27.794805189999998
6684,27.79979031
6685,27.80477543
6686,27.80976055
6687,27.81474567
6688,27.81973079
6689,27.82471591
6690,27.829701019999998
6691,27.83468614
6692,27.83967126
6693,27.84465638
6694,27.8496415
6695,27.85462662
6696,27.859611740000002
6697,27.864596860000002
6698,27.869581970000002
6699,27.874567090000003
6700,27.879552210000003
6701,27.884537329999997
6702,27.889522449999998
6703,27.89450757
6704,27.89949269
6705,27.9044778
6706,27.90946292
6707,27.91444804
6708,27.91943316
6709,27.92441828
6710,27.9294034
6711,27.93438852
6712,27.93937364
6713,27.94435875
6714,27.94934387
6715,27.95432899
6716,27.95931411
6717,27.96429923
6718,27.969284350000002
6719,27.974269470000003
6720,27.979254580000003
6721,27.984239700000003
6722,27.989224820000004
6723,27.994209939999998
6724,27.999195059999998
6725,28.00418018
6726,28.0091653
6727,28.01415041
6728,28.01913553
6729,28.02412065
6730,28.02910577
6731,28.03409089
6732,28.039076010000002
6733,28.044061129999996
6734,28.049046249999996
6735,28.054031359999996
6736,28.059016479999997
6737,28.064001599999997
6738,28.068986719999998
6739,28.07397184
6740,28.07895696
6741,28.08394208
6742,28.08892719
6743,28.09391231
6744,28.09889743
6745,28.103882549999998
6746,28.10886767
6747,28.11385279
6748,28.11883791
6749,28.12382303
6750,28.12880814
6751,28.13379326
6752,28.13877838
6753,28.143763500000002
6754,28.148748620000003
6755,28.153733739999996
6756,28.158718859999997
6757,28.163703969999997
6758,28.168689089999997
6759,28.173674209999998
6760,28.17865933
6761,28.18364445
6762,28.18862957
6763,28.19361469
6764,28.19859981
6765,28.20358492
6766,28.208570039999998
6767,28.21355516
6768,28.21854028
6769,28.2235254
6770,28.22851052
6771,28.23349564
6772,28.23848075
6773,28.24346587
6774,28.248450990000002
6775,28.253436110000003
6776,28.258421230000003
6777,28.263406349999997
6778,28.268391469999997
6779,28.273376579999997
6780,28.278361699999998
6781,28.28334682
6782,28.28833194
6783,28.29331706
6784,28.29830218
6785,28.3032873
6786,28.30827242
6787,28.31325753
6788,28.31824265
6789,28.32322777
6790,28.32821289
6791,28.33319801
6792,28.33818313
6793,28.34316825
6794,28.34815336
6795,28.353138480000002
6796,28.358123600000003
6797,28.363108720000003
6798,28.368093840000004
6799,28.373078959999997
6800,28.378064079999998
6801,28.3830492
6802,28.38803431
6803,28.39301943
6804,28.39800455
6805,28.40298967
6806,28.40797479
6807,28.41295991
6808,28.417945030000002
6809,28.422930140000002
6810,28.42791526
6811,28.43290038
6812,28.4378855
6813,28.44287062
6814,28.44785574
6815,28.452840860000002
6816,28.457825970000002
6817,28.462811090000002
6818,28.467796210000003
6819,28.472781330000004
6820,28.477766450000004
6821,28.482751569999998
6822,28.48773669
6823,28.49272181
6824,28.49770692
6825,28.50269204
6826,28.50767716
6827,28.51266228
6828,28.5176474
6829,28.522632520000002
6830,28.527617640000003
6831,28.532602750000002
6832,28.537587869999996
6833,28.542572989999996
6834,28.547558109999997
6835,28.552543229999998
6836,28.55752835
6837,28.56251347
6838,28.56749859
6839,28.5724837
6840,28.57746882
6841,28.58245394
6842,28.587439059999998
6843,28.59242418
6844,28.5974093
6845,28.60239442
6846,28.60737953
6847,28.61236465
6848,28.61734977
6849,28.62233489
6850,28.627320010000002
6851,28.632305130000002
6852,28.637290250000003
6853,28.642275369999997
6854,28.647260479999996
6855,28.652245599999997
6856,28.657230719999998
6857,28.66221584
6858,28.66720096
6859,28.67218608
6860,28.6771712
6861,28.68215631
6862,28.68714143
6863,28.69212655
6864,28.697111669999998
6865,28.70209679
6866,28.70708191
6867,28.71206703
6868,28.71705214
6869,28.72203726
6870,28.72702238
6871,28.7320075
6872,28.736992620000002
6873,28.741977740000003
6874,28.746962860000004
6875,28.751947979999997
6876,28.756933089999997
6877,28.761918209999997
6878,28.766903329999998
6879,28.77188845
6880,28.77687357
6881,28.78185869
6882,28.78684381
6883,28.79182892
6884,28.79681404
6885,28.80179916
6886,28.80678428
6887,28.8117694
6888,28.81675452
6889,28.82173964
6890,28.82672476
6891,28.83170987
6892,28.83669499
6893,28.841680110000002
6894,28.846665230000003
6895,28.851650350000003
6896,28.856635470000004
6897,28.861620589999998
6898,28.866605699999997
6899,28.871590819999998
6900,28.87657594
6901,28.88156106
6902,28.88654618
6903,28.8915313
6904,28.89651642
6905,28.90150154
6906,28.90648665
6907,28.911471770000002
6908,28.91645689
6909,28.92144201
6910,28.92642713
6911,28.93141225
6912,28.93639737
6913,28.94138248
6914,28.946367600000002
6915,28.951352720000003
6916,28.956337840000003
6917,28.961322960000004
6918,28.966308079999997
6919,28.971293199999998
6920,28.976278309999998
6921,28.98126343
6922,28.98624855
6923,28.99123367
6924,28.99621879
6925,29.00120391
6926,29.00618903
6927,29.011174150000002
6928,29.016159260000002
6929,29.021144380000003
6930,29.026129499999996
6931,29.031114619999997
6932,29.036099739999997
6933,29.041084859999998
6934,29.04606998
6935,29.05105509
6936,29.05604021
6937,29.06102533
6938,29.06601045
6939,29.07099557
6940,29.075980689999998
6941,29.08096581
6942,29.08595093
6943,29.09093604
6944,29.09592116
6945,29.10090628
6946,29.1058914
6947,29.11087652
6948,29.115861640000002
6949,29.120846760000003
6950,29.125831870000003
6951,29.130816990000003
6952,29.135802109999997
6953,29.140787229999997
6954,29.145772349999998
6955,29.15075747
6956,29.15574259
6957,29.1607277
6958,29.16571282
6959,29.17069794
6960,29.17568306
6961,29.18066818
6962,29.1856533
6963,29.19063842
6964,29.19562354
6965,29.20060865
6966,29.20559377
6967,29.21057889
6968,29.21556401
6969,29.220549130000002
6970,29.225534250000003
6971,29.230519370000003
6972,29.235504480000003
6973,29.240489600000004
6974,29.245474719999997
6975,29.250459839999998
6976,29.25544496
6977,29.26043008
6978,29.2654152
6979,29.27040032
6980,29.27538543
6981,29.28037055
6982,29.28535567
6983,29.290340790000002
6984,29.29532591
6985,29.30031103
6986,29.30529615
6987,29.31028126
6988,29.31526638
6989,29.3202515
6990,29.325236620000002
6991,29.330221740000002
6992,29.335206860000003
6993,29.340191980000004
6994,29.345177099999997
6995,29.350162210000004
6996,29.355147329999998
6997,29.36013245
6998,29.36511757
6999,29.37010269
7000,29.37508781
7001,29.38007293
7002,29.38505804
7003,29.39004316
7004,29.395028280000002
7005,29.400013400000002
7006,29.404998519999996
7007,29.409983639999997
7008,29.414968759999997
7009,29.419953869999997
7010,29.424938989999998
7011,29.429924109999998
7012,29.43490923
7013,29.43989435
7014,29.44487947
7015,29.44986459
7016,29.454849709999998
7017,29.45983482
7018,29.464819939999998
7019,29.46980506
7020,29.47479018
7021,29.4797753
7022,29.48476042
7023,29.48974554
7024,29.49473065
7025,29.49971577
7026,29.504700890000002
7027,29.509686010000003
7028,29.514671129999996
7029,29.519656249999997
7030,29.524641369999998
7031,29.52962649
7032,29.534611599999998
7033,29.53959672
7034,29.54458184
7035,29.54956696
7036,29.55455208
7037,29.5595372
7038,29.56452232
7039,29.56950743
7040,29.57449255
7041,29.57947767
7042,29.58446279
7043,29.58944791
7044,29.59443303
7045,29.59941815
7046,29.604403270000002
7047,29.609388380000002
7048,29.614373500000003
7049,29.619358620000003
7050,29.624343739999997
7051,29.629328859999998
7052,29.634313979999998
7053,29.6392991
7054,29.64428421
7055,29.64926933
7056,29.65425445
7057,29.65923957
7058,29.66422469
7059,29.66920981
7060,29.67419493
7061,29.679180040000002
7062,29.68416516
7063,29.68915028
7064,29.6941354
7065,29.69912052
7066,29.70410564
7067,29.709090760000002
7068,29.714075880000003
7069,29.719060990000003
7070,29.724046110000003
7071,29.729031230000004
7072,29.734016349999997
7073,29.739001469999998
7074,29.74398659
7075,29.74897171
7076,29.75395682
7077,29.75894194
7078,29.76392706
7079,29.76891218
7080,29.7738973
7081,29.778882420000002
7082,29.783867539999996
7083,29.788852659999996
7084,29.793837769999996
7085,29.798822889999997
7086,29.803808009999997
7087,29.808793129999998
7088,29.81377825
7089,29.81876337
7090,29.82374849
7091,29.8287336
7092,29.83371872
7093,29.83870384
7094,29.843688959999998
7095,29.84867408
7096,29.8536592
7097,29.85864432
7098,29.86362943
7099,29.86861455
7100,29.87359967
7101,29.87858479
7102,29.883569910000002
7103,29.888555030000003
7104,29.893540149999996
7105,29.898525269999997
7106,29.903510379999997
7107,29.908495499999997
7108,29.913480619999998
7109,29.91846574
7110,29.92345086
7111,29.92843598
7112,29.9334211
7113,29.93840621
7114,29.94339133
7115,29.94837645
7116,29.95336157
7117,29.95834669
7118,29.96333181
7119,29.96831693
7120,29.97330205
7121,29.97828716
7122,29.98327228
7123,29.988257400000002
7124,29.993242520000003
7125,29.998227640000003
7126,30.003212759999997
7127,30.008197879999997
7128,30.013182989999997
7129,30.018168109999998
7130,30.02315323
7131,30.02813835
7132,30.03312347
7133,30.03810859
7134,30.04309371
7135,30.04807883
7136,30.05306394
7137,30.058049060000002
7138,30.06303418
7139,30.0680193
7140,30.07300442
7141,30.07798954
7142,30.08297466
7143,30.08795977
7144,30.092944890000002
7145,30.097930010000002
7146,30.102915130000003
7147,30.107900250000004
7148,30.112885369999997
7149,30.117870489999998
7150,30.122855599999998
7151,30.12784072
7152,30.13282584
7153,30.13781096
7154,30.14279608
7155,30.1477812
7156,30.15276632
7157,30.157751440000002
7158,30.16273655
7159,30.16772167
7160,30.17270679
7161,30.17769191
7162,30.18267703
7163,30.18766215
7164,30.192647270000002
7165,30.19763238
7166,30.202617500000002
7167,30.207602620000003
7168,30.212587740000004
7169,30.217572860000004
7170,30.222557979999998
7171,30.2275431
7172,30.23252822
7173,30.23751333
7174,30.24249845
7175,30.24748357
7176,30.25246869
7177,30.25745381
7178,30.262438930000002
7179,30.267424050000002
7180,30.272409160000002
7181,30.277394279999996
7182,30.282379399999996
7183,30.287364519999997
7184,30.292349639999998
7185,30.29733476
7186,30.30231988
7187,30.30730499
7188,30.31229011
7189,30.31727523
7190,30.32226035
7191,30.32724547
7192,30.332230589999998
7193,30.33721571
7194,30.34220083
7195,30.34718594
7196,30.35217106
7197,30.35715618
7198,30.3621413
7199,30.36712642
7200,30.372111540000002
7201,30.377096660000003
7202,30.382081770000003
7203,30.387066889999996
7204,30.392052009999997
7205,30.397037129999998
7206,30.402022249999998
7207,30.40700737
7208,30.41199249
7209,30.41697761
7210,30.42196272
7211,30.42694784
7212,30.43193296
7213,30.43691808
7214,30.4419032
7215,30.44688832
7216,30.45187344
7217,30.45685855
7218,30.46184367
7219,30.46682879
7220,30.47181391
7221,30.476799030000002
7222,30.481784150000003
7223,30.486769270000003
7224,30.491754389999997
7225,30.496739499999997
7226,30.501724619999997
7227,30.506709739999998
7228,30.51169486
7229,30.51667998
7230,30.5216651
7231,30.52665022
7232,30.53163533
7233,30.53662045
7234,30.54160557
7235,30.54659069
7236,30.55157581
7237,30.55656093
7238,30.56154605
7239,30.56653116
7240,30.57151628
7241,30.5765014
7242,30.581486520000002
7243,30.586471640000003
7244,30.591456760000003
7245,30.596441880000004
7246,30.601426999999997
7247,30.606412109999997
7248,30.611397229999998
7249,30.61638235
7250,30.62136747
7251,30.62635259
7252,30.63133771
7253,30.63632283
7254,30.64130794
7255,30.64629306
7256,30.651278180000002
7257,30.6562633
7258,30.66124842
7259,30.66623354
7260,30.67121866
7261,30.67620378
7262,30.68118889
7263,30.686174010000002
7264,30.691159130000003
7265,30.696144250000003
7266,30.701129370000004
7267,30.706114490000004
7268,30.711099609999998
7269,30.716084719999998
7270,30.72106984
7271,30.72605496
7272,30.73104008
7273,30.7360252
7274,30.74101032
7275,30.74599544
7276,30.750980560000002
7277,30.755965670000002
7278,30.760950790000003
7279,30.765935909999996
7280,30.770921029999997
7281,30.775906149999997
7282,30.780891269999998
7283,30.78587639
7284,30.7908615
7285,30.79584662
7286,30.80083174
7287,30.80581686
7288,30.81080198
7289,30.8157871
7290,30.82077222
7291,30.82575733
7292,30.83074245
7293,30.83572757
7294,30.84071269
7295,30.84569781
7296,30.85068293
7297,30.855668050000002
7298,30.860653170000003
7299,30.865638280000002
7300,30.870623400000003
7301,30.875608519999997
7302,30.880593639999997
7303,30.885578759999998
7304,30.89056388
7305,30.895549
7306,30.90053411
7307,30.90551923
7308,30.91050435
7309,30.91548947
7310,30.92047459
7311,30.92545971
7312,30.93044483
7313,30.93749528
7314,30.944545740000002
7315,30.951596199999997
7316,30.95864665
7317,30.96569711
7318,30.97274757
7319,30.97979802
7320,30.986848480000003
7321,30.993898939999998
7322,31.00094939
7323,31.00799985
7324,31.015050309999996
7325,31.022100759999997
7326,31.02915122
7327,31.036201679999998
7328,31.04325213
7329,31.05030259
7330,31.057353049999996
7331,31.064403509999998
7332,31.07145396
7333,31.07850442
7334,31.08555488
7335,31.09260533
7336,31.099655790000003
7337,31.10670625
7338,31.1137567
7339,31.120807160000002
7340,31.12785762
7341,31.13490807
7342,31.141958530000004
7343,31.14900899
7344,31.15605944
7345,31.163109900000002
7346,31.170160359999997
7347,31.17721081
7348,31.18426127
7349,31.19131173
7350,31.19836218
7351,31.205412640000002
7352,31.212463099999997
7353,31.21951355
7354,31.22656401
7355,31.23361447
7356,31.24066492
7357,31.247715380000002
7358,31.254765839999997
7359,31.26181629
7360,31.26886675
7361,31.27591721
7362,31.28296766
7363,31.290018120000003
7364,31.297068579999998
7365,31.30411904
7366,31.31116949
7367,31.31821995
7368,31.32527041
7369,31.332320860000003
7370,31.339371319999998
7371,31.34642178
7372,31.35347223
7373,31.360522689999996
7374,31.36757315
7375,31.3746236
7376,31.381674059999998
7377,31.38872452
7378,31.39577497
7379,31.402825429999996
7380,31.40987589
7381,31.41692634
7382,31.4239768
7383,31.43102726
7384,31.43807771
7385,31.445128169999997
7386,31.45217863
7387,31.45922908
7388,31.46627954
7389,31.47333
7390,31.480380450000002
7391,31.487430910000004
7392,31.49448137
7393,31.50153182
7394,31.508582280000002
7395,31.51563274
7396,31.522683190000002
7397,31.529733650000004
7398,31.53678411
7399,31.54383457
7400,31.550885020000003
7401,31.557935479999998
7402,31.56498594
7403,31.57203639
7404,31.57908685
7405,31.58613731
7406,31.593187760000003
7407,31.600238219999998
7408,31.60728868
7409,31.61433913
7410,31.62138959
7411,31.628440050000002
7412,31.635490500000003
7413,31.642540959999998
7414,31.64959142
7415,31.65664187
7416,31.66369233
7417,31.670742790000002
7418,31.677793240000003
7419,31.6848437
7420,31.69189416
7421,31.69894461
7422,31.705995069999997
7423,31.71304553
7424,31.72009598
7425,31.72714644
7426,31.7341969
7427,31.741247350000002
7428,31.748297809999997
7429,31.75534827
7430,31.76239872
7431,31.76944918
7432,31.77649964
7433,31.783550100000003
7434,31.790600549999997
7435,31.79765101
7436,31.80470147
7437,31.81175192
7438,31.81880238
7439,31.825852840000003
7440,31.832903289999997
7441,31.83995375
7442,31.84700421
7443,31.854054659999996
7444,31.861105119999998
7445,31.86815558
7446,31.875206029999998
7447,31.88225649
7448,31.88930695
7449,31.896357400000003
7450,31.903407859999998
7451,31.91045832
7452,31.91750877
7453,31.92455923
7454,31.931609690000002
7455,31.938660140000003
7456,31.945710599999998
7457,31.95276106
7458,31.95981151
7459,31.96686197
7460,31.973912430000002
7461,31.980962880000003
7462,31.98801334
7463,31.9950638
7464,32.002114250000005
7465,32.00916471
7466,32.01621517
7467,32.02326563
7468,32.03031608
7469,32.03736654
7470,32.044416999999996
7471,32.05146745
7472,32.05851791
7473,32.06556837
7474,32.072618819999995
7475,32.07966928
7476,32.08671974
7477,32.09377019
7478,32.10082065
7479,32.107871110000005
7480,32.11492156
7481,32.12197202
7482,32.12902248
7483,32.13607293
7484,32.14312339
7485,32.15017385
7486,32.157224299999996
7487,32.16427476
7488,32.17132522
7489,32.17837567
7490,32.18542613
7491,32.192476590000005
7492,32.19952704
7493,32.2065775
7494,32.213627960000004
7495,32.22067841
7496,32.22772887
7497,32.23477933
7498,32.24182979
7499,32.24888024
7500,32.2559307
7501,32.262981159999995
7502,32.27003161
7503,32.27708207
7504,32.28413253
7505,32.29118298
7506,32.298233440000004
7507,32.3052839
7508,32.31233435
7509,32.31938481
7510,32.32643527
7511,32.33348572
7512,32.34053618
7513,32.347586639999996
7514,32.35463709
7515,32.36168755
7516,32.36873801
7517,32.375788459999995
7518,32.38283892
7519,32.38988938
7520,32.39693983
7521,32.40399029
7522,32.41104075
7523,32.4180912
7524,32.42514166
7525,32.432192119999996
7526,32.43924257
7527,32.44629303
7528,32.453343489999995
7529,32.460393939999996
7530,32.4674444
7531,32.47449486
7532,32.48154532
7533,32.48859577
7534,32.495646230000006
7535,32.50269669
7536,32.50974714
7537,32.516797600000004
7538,32.52384806
7539,32.53089851
7540,32.53794897
7541,32.54499943
7542,32.55204988
7543,32.55910034
7544,32.566150799999996
7545,32.57320125
7546,32.58025171
7547,32.58730217
7548,32.59435262
7549,32.601403080000004
7550,32.60845354
7551,32.61550399
7552,32.62255445
7553,32.62960491
7554,32.63665536
7555,32.64370582
7556,32.650756279999996
7557,32.65780673
7558,32.66485719
7559,32.67190765
7560,32.6789581
7561,32.686008560000005
7562,32.69305902
7563,32.70010947
7564,32.70715993
7565,32.71421039
7566,32.72126085
7567,32.7283113
7568,32.735361759999996
7569,32.74241222
7570,32.74946267
7571,32.756513129999995
7572,32.76356359
7573,32.77061404
7574,32.7776645
7575,32.78471496
7576,32.791765410000004
7577,32.79881587
7578,32.80586633
7579,32.81291678
7580,32.81996724
7581,32.8270177
7582,32.83406815
7583,32.841118609999995
7584,32.84816907
7585,32.85521952
7586,32.86226998
7587,32.86932044
7588,32.876370890000004
7589,32.883421350000006
7590,32.89047181
7591,32.89752226
7592,32.904572720000004
7593,32.91162318
7594,32.91867363
7595,32.92572409
7596,32.93277455
7597,32.939825
7598,32.94687546
7599,32.953925919999996
7600,32.96097638
7601,32.96802683
7602,32.97507729
7603,32.982127750000004
7604,32.989178200000005
7605,32.99622866
7606,33.00327912
7607,33.01032957
7608,33.01738003
7609,33.02443049
7610,33.03148094
7611,33.0385314
7612,33.04558186
7613,33.05263231
7614,33.059682769999995
7615,33.06673323
7616,33.073783680000005
7617,33.08083414
7618,33.0878846
7619,33.094935050000004
7620,33.10198551
7621,33.10903597
7622,33.11608642
7623,33.12313688
7624,33.13018734
7625,33.13723779
7626,33.144288249999995
7627,33.15133871
7628,33.15838916
7629,33.16543962
7630,33.17249008
7631,33.179540530000004
7632,33.18659099
7633,33.19364145
7634,33.20069191
7635,33.20774236
7636,33.21479282
7637,33.22184328
7638,33.228893729999996
7639,33.23594419
7640,33.24299465
7641,33.250045099999994
7642,33.257095559999996
7643,33.26414602
7644,33.27119647
7645,33.27824693
7646,33.285297390000004
7647,33.29234784
7648,33.2993983
7649,33.30644876
7650,33.31349921
7651,33.32054967
7652,33.32760013
7653,33.33465058
7654,33.34170104
7655,33.3487515
7656,33.35580195
7657,33.36285241
7658,33.369902870000004
7659,33.376953320000005
7660,33.38400378
7661,33.39105424
7662,33.398104690000004
7663,33.40515515
7664,33.41220561
7665,33.41925606
7666,33.42630652
7667,33.43335698
7668,33.440407439999994
7669,33.447457889999995
7670,33.45450835
7671,33.46155881
7672,33.46860926
7673,33.47565972
7674,33.482710180000005
7675,33.48976063
7676,33.49681109
7677,33.50386155
7678,33.510912
7679,33.51796246
7680,33.52501292
7681,33.532063369999996
7682,33.53911383
7683,33.54616429
7684,33.55321474
7685,33.5602652
7686,33.567315660000006
7687,33.57436611
7688,33.58141657
7689,33.588467030000004
7690,33.59551748
7691,33.60256794
7692,33.6096184
7693,33.616668849999996
7694,33.62371931
7695,33.63076977
7696,33.637820219999995
7697,33.64487068
7698,33.65192114
7699,33.65897159
7700,33.66602205
7701,33.673072510000004
7702,33.68012297
7703,33.68717342
7704,33.69422388
7705,33.70127434
7706,33.70832479
7707,33.71537525
7708,33.722425709999996
7709,33.72947616
7710,33.73652662
7711,33.743577079999994
7712,33.75062753
7713,33.757677990000005
7714,33.76472845
7715,33.7717789
7716,33.77882936
7717,33.78587982
7718,33.79293027
7719,33.79998073
7720,33.80703119
7721,33.81408164
7722,33.8211321
7723,33.828182559999995
7724,33.835233009999996
7725,33.84228347
7726,33.84933393
7727,33.85638438
7728,33.863434840000004
7729,33.8704853
7730,33.87753575
7731,33.88458621
7732,33.891636670000004
7733,33.89868713
7734,33.90573758
7735,33.91278804
7736,33.9198385
7737,33.92688895
7738,33.93393941
7739,33.940989869999996
7740,33.94804032
7741,33.95509078
7742,33.96214124
7743,33.96919169
7744,33.976242150000004
7745,33.98329261
7746,33.99034306
7747,33.99739352
7748,34.00444398
7749,34.01149443
7750,34.01854489
7751,34.025595349999996
7752,34.0326458
7753,34.03969626
7754,34.04674672
7755,34.05379717
7756,34.060847630000005
7757,34.06789809
7758,34.07494854
7759,34.081999
7760,34.08904946
7761,34.09609991
7762,34.10315037
7763,34.11020083
7764,34.11725128
7765,34.12430174
7766,34.131352199999995
7767,34.13840266
7768,34.14545311
7769,34.15250357
7770,34.15955403
7771,34.166604480000004
7772,34.17365494
7773,34.1807054
7774,34.18775585
7775,34.19480631
7776,34.20185677
7777,34.20890722
7778,34.215957679999995
7779,34.22300814
7780,34.23005859
7781,34.23710905
7782,34.24415951
7783,34.251209960000004
7784,34.25826042
7785,34.26531088
7786,34.27236133
7787,34.27941179
7788,34.28646225
7789,34.2935127
7790,34.30056316
7791,34.30761362
7792,34.31466407
7793,34.32171453
7794,34.328764989999996
7795,34.33581544
7796,34.3428659
7797,34.34991636
7798,34.35696681
7799,34.364017270000005
7800,34.37106773
7801,34.37811819
7802,34.38516864
7803,34.3922191
7804,34.39926956
7805,34.40632001
7806,34.41337047
7807,34.42042093
7808,34.42747138
7809,34.43452184
7810,34.441572300000004
7811,34.44862275
7812,34.45567321
7813,34.46272367
7814,34.469774120000004
7815,34.47682458
7816,34.48387504
7817,34.49092549
7818,34.49797595
7819,34.50502641
7820,34.51207686
7821,34.519127319999996
7822,34.52617778
7823,34.53322823
7824,34.54027869
7825,34.54732915
7826,34.554379600000004
7827,34.56143006
7828,34.56848052
7829,34.57553097
7830,34.58258143
7831,34.58963189
7832,34.59668234
7833,34.603732799999996
7834,34.61078326
7835,34.61783372
7836,34.624884169999994
7837,34.631934629999996
7838,34.63898509
7839,34.64603554
7840,34.653086
7841,34.660136460000004
7842,34.66718691
7843,34.67423737
7844,34.68128783
7845,34.688338279999996
7846,34.69538874
7847,34.7024392
7848,34.70948965
7849,34.71654011
7850,34.72359057
7851,34.73064102
7852,34.73769148
7853,34.744741940000004
7854,34.751792390000006
7855,34.75884285
7856,34.76589331
7857,34.772943760000004
7858,34.77999422
7859,34.78704468
7860,34.79409513
7861,34.80114559
7862,34.80819605
7863,34.8152465
7864,34.822296959999996
7865,34.82934742
7866,34.83639787
7867,34.84344833
7868,34.85049879
7869,34.85754925
7870,34.8645997
7871,34.87165016
7872,34.878700620000004
7873,34.88575107
7874,34.89280153
7875,34.89985199
7876,34.906902439999996
7877,34.9139529
7878,34.92100336
7879,34.92805381
7880,34.935104270000004
7881,34.942154730000006
7882,34.94920518
7883,34.95625564
7884,34.963306100000004
7885,34.97035655
7886,34.97740701
7887,34.98445747
7888,34.99150792
7889,34.99855838
7890,35.00560884
7891,35.012659289999995
7892,35.01970975
7893,35.02676021
7894,35.03381066
7895,35.04086112
7896,35.047911580000005
7897,35.05496203
7898,35.06201249
7899,35.06906295
7900,35.0761134
7901,35.08316386
7902,35.09021432
7903,35.097264779999996
7904,35.10431523
7905,35.11136569
7906,35.11841615
7907,35.125466599999996
7908,35.13251706
7909,35.13956752
7910,35.14661797
7911,35.15366843
7912,35.16071889
7913,35.16776934
7914,35.1748198
7915,35.18187026
7916,35.18892071
7917,35.19597117
7918,35.203021629999995
7919,35.210072079999996
7920,35.21712254
7921,35.224173
7922,35.23122345
7923,35.238273910000004
7924,35.24532437
7925,35.25237482
7926,35.25942528
7927,35.26647574
7928,35.27352619
7929,35.28057665
7930,35.28762711
7931,35.29467756
7932,35.30172802
7933,35.30877848
7934,35.315828939999996
7935,35.32287939
7936,35.32992985
7937,35.33698031
7938,35.34403076
7939,35.351081220000005
7940,35.35813168
7941,35.36518213
7942,35.37223259
7943,35.37928305
7944,35.3863335
7945,35.39338396
7946,35.400434419999996
7947,35.40748487
7948,35.41453533
7949,35.42158579
7950,35.42863624
7951,35.435686700000005
7952,35.44273716
7953,35.44978761
7954,35.45683807
7955,35.46388853
7956,35.47093898
7957,35.47798944
7958,35.4850399
7959,35.49209035
7960,35.49914081
7961,35.506191269999995
7962,35.513241719999996
7963,35.52029218
7964,35.52734264
7965,35.53439309
7966,35.541443550000004
7967,35.54849401
7968,35.55554447
7969,35.56259492
7970,35.56964538
7971,35.57669584
7972,35.58374629
7973,35.590796749999996
7974,35.59784721
7975,35.60489766
7976,35.61194812
7977,35.61899858
7978,35.626049030000004
7979,35.63309949
7980,35.64014995
7981,35.6472004
7982,35.65425086
7983,35.66130132
7984,35.66835177
7985,35.675402229999996
7986,35.68245269
7987,35.68950314
7988,35.6965536
7989,35.703604059999996
7990,35.71065451
7991,35.71770497
7992,35.72475543
7993,35.73180588
7994,35.738856340000005
7995,35.7459068
7996,35.75295725
7997,35.760007710000004
7998,35.76705817
7999,35.77410862
8000,35.78115908
8001,35.78820954
8002,35.79526
8003,35.80231045
8004,35.809360909999995
8005,35.81641137
8006,35.823461820000006
8007,35.83051228
8008,35.83756274
8009,35.844613190000004
8010,35.85166365
8011,35.85871411
8012,35.86576456
8013,35.87281502
8014,35.87986548
8015,35.88691593
8016,35.893966389999996
8017,35.90101685
8018,35.9080673
8019,35.91511776
8020,35.92216822
8021,35.929218670000004
8022,35.93626913
8023,35.94331959
8024,35.95037004
8025,35.9574205
8026,35.96447096
8027,35.97152141
8028,35.978571869999996
8029,35.98562233
8030,35.99267278
8031,35.999723239999994
8032,36.0067737
8033,36.01382415
8034,36.02087461
8035,36.02792507
8036,36.034975530000004
8037,36.04202598
8038,36.04907644
8039,36.0561269
8040,36.06317735
8041,36.07022781
8042,36.07727827
8043,36.084328719999995
8044,36.09137918
8045,36.09842964
8046,36.10548009
8047,36.11253055
8048,36.119581010000005
8049,36.126631460000006
8050,36.13368192
8051,36.14073238
8052,36.147782830000004
8053,36.15483329
8054,36.16188375
8055,36.1689342
8056,36.17598466
8057,36.18303512
8058,36.19008557
8059,36.197136029999996
8060,36.20418649
8061,36.21123694
8062,36.2182874
8063,36.22533786
8064,36.232388310000005
8065,36.23943877
8066,36.24648923
8067,36.25353968
8068,36.26059014
8069,36.2676406
8070,36.27469106
8071,36.281741509999996
8072,36.28879197
8073,36.29584243
8074,36.30289288
8075,36.309943340000004
8076,36.316993800000006
8077,36.32404425
8078,36.33109471
8079,36.338145170000004
8080,36.34519562
8081,36.35224608
8082,36.35929654
8083,36.36634699
8084,36.37339745
8085,36.38044791
8086,36.387498359999995
8087,36.39454882
8088,36.40159928
8089,36.40864973
8090,36.41570019
8091,36.422750650000005
8092,36.4298011
8093,36.43685156
8094,36.44390202
8095,36.45095247
8096,36.45800293
8097,36.46505339
8098,36.472103839999996
8099,36.4791543
8100,36.48620476
8101,36.49325521
8102,36.50030567
8103,36.507356130000005
8104,36.51440659
8105,36.52145704
8106,36.5285075
8107,36.53555796
8108,36.54260841
8109,36.54965887
8110,36.55670933
8111,36.56375978
8112,36.57081024
8113,36.577860699999995
8114,36.584911149999996
8115,36.59196161
8116,36.59901207
8117,36.60606252
8118,36.613112980000004
8119,36.62016344
8120,36.62721389
8121,36.63426435
8122,36.64131481
8123,36.64836526
8124,36.65541572
8125,36.662466179999996
8126,36.66951663
8127,36.67656709
8128,36.683617549999994
8129,36.690667999999995
8130,36.69771846
8131,36.70476892
8132,36.71181937
8133,36.71886983
8134,36.725920290000005
8135,36.73297074
8136,36.7400212
8137,36.74707166
8138,36.75412212
8139,36.76117257
8140,36.76822303
8141,36.77527349
8142,36.78232394
8143,36.7893744
8144,36.79642486
8145,36.80347531
8146,36.810525770000005
8147,36.81757623
8148,36.82462668
8149,36.831677140000004
8150,36.8387276
8151,36.84577805
8152,36.85282851
8153,36.85987897
8154,36.86692942
8155,36.87397988
8156,36.881030339999995
8157,36.88808079
8158,36.89513125
8159,36.90218171
8160,36.90923216
8161,36.916282620000004
8162,36.92333308
8163,36.93038353
8164,36.93743399
8165,36.94448445
8166,36.9515349
8167,36.95858536
8168,36.965635819999996
8169,36.97268628
8170,36.97973673
8171,36.98678719
8172,36.99383765
8173,37.000888100000004
8174,37.00793856
8175,37.01498902
8176,37.02203947
8177,37.02908993
8178,37.03614039
8179,37.04319084
8180,37.050241299999996
8181,37.05729176
8182,37.06434221
8183,37.071392669999994
8184,37.07844313
8185,37.08549358
8186,37.09254404
8187,37.0995945
8188,37.10664495
8189,37.113695410000005
8190,37.12074587
8191,37.12779632
8192,37.134846780000004
8193,37.14189724
8194,37.14894769
8195,37.15599815
8196,37.16304861
8197,37.17009906
8198,37.17714952
8199,37.18419998
8200,37.19125043
8201,37.19830089
8202,37.20535135
8203,37.21240181
8204,37.219452260000004
8205,37.22650272
8206,37.23355318
8207,37.24060363
8208,37.24765409
8209,37.25470455
8210,37.261755
8211,37.268805459999996
8212,37.27585592
8213,37.28290637
8214,37.28995683
8215,37.29700729
8216,37.304057740000005
8217,37.3111082
8218,37.31815866
8219,37.32520911
8220,37.33225957
8221,37.33931003
8222,37.34636048
8223,37.353410939999996
8224,37.3604614
8225,37.36751185
8226,37.374562309999995
8227,37.38161277
8228,37.38866322
8229,37.39571368
8230,37.40276414
8231,37.40981459
8232,37.41686505
8233,37.42391551
8234,37.43096596
8235,37.43801642
8236,37.44506688
8237,37.45211734
8238,37.459167789999995
8239,37.46621825
8240,37.47326871
8241,37.48031916
8242,37.48736962
8243,37.494420080000005
8244,37.50147053
8245,37.50852099
8246,37.51557145
8247,37.522621900000004
8248,37.52967236
8249,37.53672282
8250,37.54377327
8251,37.55082373
8252,37.55787419
8253,37.56492464
8254,37.571975099999996
8255,37.57902556
8256,37.58607601
8257,37.59312647
8258,37.60017693
8259,37.607227380000005
8260,37.61427784
8261,37.6213283
8262,37.62837875
8263,37.63542921
8264,37.64247967
8265,37.64953012
8266,37.656580579999996
8267,37.66363104
8268,37.67068149
8269,37.67773195
8270,37.684782410000004
8271,37.691832870000006
8272,37.69888332
8273,37.70593378
8274,37.712984240000004
8275,37.72003469
8276,37.72708515
8277,37.73413561
8278,37.74118606
8279,37.74823652
8280,37.75528698
8281,37.762337429999995
8282,37.76938789
8283,37.77643835
8284,37.7834888
8285,37.79053926
8286,37.797589720000005
8287,37.80464017
8288,37.81169063
8289,37.81874109
8290,37.82579154
8291,37.832842
8292,37.83989246
8293,37.846942909999996
8294,37.85399337
8295,37.86104383
8296,37.868094279999994
8297,37.875144739999996
8298,37.8821952
8299,37.88924565
8300,37.89629611
8301,37.903346570000004
8302,37.91039702
8303,37.91744748
8304,37.92449794
8305,37.9315484
8306,37.93859885
8307,37.94564931
8308,37.952699769999995
8309,37.95975022
8310,37.96680068
8311,37.97385114
8312,37.98090159
8313,37.987952050000004
8314,37.99500251
8315,38.00205296
8316,38.00910342
8317,38.01615388
8318,38.02320433
8319,38.03025479
8320,38.037305249999996
8321,38.0443557
8322,38.05140616
8323,38.058456619999994
8324,38.065507069999995
8325,38.07255753
8326,38.07960799
8327,38.08665844
8328,38.0937089
8329,38.100759360000005
8330,38.10780981
8331,38.11486027
8332,38.12191073
8333,38.12896118
8334,38.13601164
8335,38.1430621
8336,38.150112549999996
8337,38.15716301
8338,38.16421347
8339,38.17126393
8340,38.17831438
8341,38.185364840000005
8342,38.1924153
8343,38.19946575
8344,38.206516210000004
8345,38.21356667
8346,38.22061712
8347,38.22766758
8348,38.23471804
8349,38.24176849
8350,38.24881895
8351,38.255869409999995
8352,38.26291986
8353,38.26997032
8354,38.27702078
8355,38.28407123
8356,38.291121690000004
8357,38.29817215
8358,38.3052226
8359,38.31227306
8360,38.31932352
8361,38.32637397
8362,38.33342443
8363,38.340474889999996
8364,38.34752534
8365,38.3545758
8366,38.36162626
8367,38.36867671
8368,38.375727170000005
8369,38.38277763
8370,38.38982809
8371,38.39687854
8372,38.403929
8373,38.41097946
8374,38.41802991
8375,38.425080369999996
8376,38.43213083
8377,38.43918128
8378,38.446231739999995
8379,38.4532822
8380,38.46033265
8381,38.46738311
8382,38.47443357
8383,38.48148402
8384,38.48853448
8385,38.49558494
8386,38.50263539
8387,38.509685850000004
8388,38.51673631
8389,38.52378676
8390,38.53083722
8391,38.53788768
8392,38.54493813
8393,38.55198859
8394,38.559039049999996
8395,38.566089500000004
8396,38.573139960000006
8397,38.58019042
8398,38.58724087
8399,38.594291330000004
8400,38.60134179
8401,38.60839224
8402,38.6154427
8403,38.62249316
8404,38.62954362
8405,38.63659407
8406,38.643644529999996
8407,38.65069499
8408,38.65774544
8409,38.6647959
8410,38.67184636
8411,38.678896810000005
8412,38.68594727
8413,38.69299773
8414,38.70004818
8415,38.70709864
8416,38.7141491
8417,38.72119955
8418,38.72825001
8419,38.73530047
8420,38.74235092
8421,38.749401379999995
8422,38.75645184
8423,38.76350229
8424,38.77055275
8425,38.77760321
8426,38.784653660000004
8427,38.79170412
8428,38.79875458
8429,38.80580503
8430,38.81285549
8431,38.81990595
8432,38.8269564
8433,38.834006859999995
8434,38.84105732
8435,38.84810777
8436,38.85515823
8437,38.86220869
8438,38.869259150000005
8439,38.8763096
8440,38.88336006
8441,38.89041052
8442,38.89746097
8443,38.90451143
8444,38.91156189
8445,38.918612339999996
8446,38.9256628
8447,38.93271326
8448,38.93976371
8449,38.946814169999996
8450,38.95386463
8451,38.96091508
8452,38.96796554
8453,38.975016000000004
8454,38.982066450000005
8455,38.98911691
8456,38.99616737
8457,39.00321782
8458,39.01026828
8459,39.01731874
8460,39.02436919
8461,39.03141965
8462,39.03847011
8463,39.04552056
8464,39.05257102
8465,39.059621480000004
8466,39.066671930000005
8467,39.07372239
8468,39.08077285
8469,39.087823300000004
8470,39.09487376
8471,39.10192422
8472,39.10897468
8473,39.11602513
8474,39.12307559
8475,39.13012605
8476,39.137176499999995
8477,39.14422696
8478,39.15127742
8479,39.15832787
8480,39.16537833
8481,39.172428790000005
8482,39.17947924
8483,39.1865297
8484,39.19358016
8485,39.20063061
8486,39.20768107
8487,39.21473153
8488,39.221781979999996
8489,39.22883244
8490,39.2358829
8491,39.24293335
8492,39.24998381
8493,39.257034270000005
8494,39.26408472
8495,39.27113518
8496,39.278185640000004
8497,39.28523609
8498,39.29228655
8499,39.29933701
8500,39.306387459999996
8501,39.31343792
8502,39.32048838
8503,39.327538829999995
8504,39.33458929
8505,39.34163975
8506,39.34869021
8507,39.35574066
8508,39.362791120000004
8509,39.36984158
8510,39.37689203
8511,39.38394249
8512,39.39099295
8513,39.3980434
8514,39.40509386
8515,39.412144319999996
8516,39.41919477
8517,39.42624523
8518,39.433295689999994
8519,39.440346139999996
8520,39.4473966
8521,39.45444706
8522,39.46149751
8523,39.46854797
8524,39.47559843
8525,39.48264888
8526,39.48969934
8527,39.496749799999996
8528,39.50380025
8529,39.51085071
8530,39.51790117
8531,39.524951619999996
8532,39.53200208
8533,39.53905254
8534,39.54610299
8535,39.55315345
8536,39.560203910000006
8537,39.56725436
8538,39.57430482
8539,39.581355280000004
8540,39.58840574
8541,39.59545619
8542,39.60250665
8543,39.60955711
8544,39.61660756
8545,39.62365802
8546,39.630708479999996
8547,39.63775893
8548,39.64480939
8549,39.65185985
8550,39.6589103
8551,39.665960760000004
8552,39.67301122
8553,39.68006167
8554,39.68711213
8555,39.69416259
8556,39.70121304
8557,39.7082635
8558,39.715313959999996
8559,39.72236441
8560,39.72941487
8561,39.73646533
8562,39.74351578
8563,39.750566240000005
8564,39.7576167
8565,39.76466715
8566,39.77171761
8567,39.77876807
8568,39.78581852
8569,39.79286898
8570,39.79991944
8571,39.80696989
8572,39.81402035
8573,39.821070809999995
8574,39.82812127
8575,39.83517172
8576,39.84222218
8577,39.84927264
8578,39.856323090000004
8579,39.86337355
8580,39.87042401
8581,39.87747446
8582,39.88452492
8583,39.89157538
8584,39.89862583
8585,39.905676289999995
8586,39.91272675
8587,39.9197772
8588,39.92682766
8589,39.93387812
8590,39.94092857
8591,39.94797903
8592,39.95502949
8593,39.96207994
8594,39.969130400000004
8595,39.97618086
8596,39.98323131
8597,39.99028177
8598,39.99733223
8599,40.00438268
8600,40.01143314
8601,40.018483599999996
8602,40.02553405
8603,40.03258451
8604,40.03963497
8605,40.046685430000004
8606,40.053735880000005
8607,40.06078634
8608,40.0678368
8609,40.07488725
8610,40.08193771
8611,40.08898817
8612,40.09603862
8613,40.10308908
8614,40.11013954
8615,40.11718999
8616,40.124240449999995
8617,40.13129091
8618,40.13834136
8619,40.14539182
8620,40.15244228
8621,40.159492730000004
8622,40.16654319
8623,40.17359365
8624,40.1806441
8625,40.18769456
8626,40.19474502
8627,40.20179547
8628,40.208845929999995
8629,40.21589639
8630,40.22294684
8631,40.2299973
8632,40.23704776
8633,40.244098210000004
8634,40.25114867
8635,40.25819913
8636,40.26524958
8637,40.27230004
8638,40.2793505
8639,40.28640096
8640,40.293451409999996
8641,40.30050187
8642,40.30755233
8643,40.314602779999994
8644,40.321653239999996
8645,40.3287037
8646,40.33575415
8647,40.34280461
8648,40.349855070000004
8649,40.356905520000005
8650,40.36395598
8651,40.37100644
8652,40.37805689
8653,40.38510735
8654,40.39215781
8655,40.39920826
8656,40.40625872
8657,40.41330918
8658,40.42035963
8659,40.42741009
8660,40.434460550000004
8661,40.441511000000006
8662,40.44856146
8663,40.45561192
8664,40.462662370000004
8665,40.46971283
8666,40.47676329
8667,40.48381374
8668,40.4908642
8669,40.49791466
8670,40.50496511
8671,40.512015569999996
8672,40.51906603
8673,40.52611649
8674,40.53316694
8675,40.5402174
8676,40.547267860000005
8677,40.55431831
8678,40.56136877
8679,40.56841923
8680,40.57546968
8681,40.58252014
8682,40.5895706
8683,40.596621049999996
8684,40.60367151
8685,40.61072197
8686,40.617772419999994
8687,40.624822879999996
8688,40.63187334
8689,40.63892379
8690,40.64597425
8691,40.653024710000004
8692,40.66007516
8693,40.66712562
8694,40.67417608
8695,40.681226529999996
8696,40.68827699
8697,40.69532745
8698,40.702377899999995
8699,40.70942836
8700,40.71647882
8701,40.72352927
8702,40.73057973
8703,40.737630190000004
8704,40.74468064
8705,40.7517311
8706,40.75878156
8707,40.76583202
8708,40.77288247
8709,40.77993293
8710,40.786983389999996
8711,40.79403384
8712,40.8010843
8713,40.808134759999994
8714,40.815185209999996
8715,40.82223567
8716,40.82928613
8717,40.83633658
8718,40.84338704
8719,40.8504375
8720,40.85748795
8721,40.86453841
8722,40.87158887
8723,40.87863932
8724,40.88568978
8725,40.892740239999995
8726,40.899790689999996
8727,40.90684115
8728,40.91389161
8729,40.92094206
8730,40.927992520000004
8731,40.935042980000006
8732,40.94209343
8733,40.94914389
8734,40.956194350000004
8735,40.9632448
8736,40.97029526
8737,40.97734572
8738,40.98439617
8739,40.99144663
8740,40.99849709
8741,41.005547549999996
8742,41.012598
8743,41.01964846
8744,41.02669892
8745,41.03374937
8746,41.040799830000005
8747,41.04785029
8748,41.05490074
8749,41.0619512
8750,41.06900166
8751,41.07605211
8752,41.08310257
8753,41.090153029999996
8754,41.09720348
8755,41.10425394
8756,41.1113044
8757,41.11835485
8758,41.125405310000005
8759,41.13245577
8760,41.13950622
8761,41.14655668
8762,41.15360714
8763,41.16065759
8764,41.16770805
8765,41.17475851
8766,41.18180896
8767,41.18885942
8768,41.195909879999995
8769,41.202960329999996
8770,41.21001079
8771,41.21706125
8772,41.2241117
8773,41.231162160000004
8774,41.23821262
8775,41.24526308
8776,41.25231353
8777,41.25936399
8778,41.26641445
8779,41.2734649
8780,41.280515359999995
8781,41.28756582
8782,41.29461627
8783,41.301666729999994
8784,41.308717189999996
8785,41.315767640000004
8786,41.322818100000006
8787,41.32986856
8788,41.33691901
8789,41.343969470000005
8790,41.35101993
8791,41.35807038
8792,41.36512084
8793,41.3721713
8794,41.37922175
8795,41.38627221
8796,41.393322669999996
8797,41.40037312
8798,41.40742358
8799,41.41447404
8800,41.42152449
8801,41.428574950000005
8802,41.43562541
8803,41.44267586
8804,41.44972632
8805,41.45677678
8806,41.46382724
8807,41.47087769
8808,41.47792815
8809,41.48497861
8810,41.49202906
8811,41.499079519999995
8812,41.50612998
8813,41.51318043
8814,41.52023089
8815,41.52728135
8816,41.534331800000004
8817,41.54138226
8818,41.54843272
8819,41.55548317
8820,41.56253363
8821,41.56958409
8822,41.57663454
8823,41.583684999999996
8824,41.59073546
8825,41.59778591
8826,41.60483637
8827,41.61188683
8828,41.618937280000004
8829,41.62598774
8830,41.6330382
8831,41.64008865
8832,41.64713911
8833,41.65418957
8834,41.66124002
8835,41.668290479999996
8836,41.67534094
8837,41.68239139
8838,41.689441849999994
8839,41.69649231
8840,41.70354277
8841,41.71059322
8842,41.71764368
8843,41.724694140000004
8844,41.73174459
8845,41.73879505
8846,41.74584551
8847,41.752895960000004
8848,41.75994642
8849,41.76699688
8850,41.77404733
8851,41.78109779
8852,41.78814825
8853,41.7951987
8854,41.80224916
8855,41.809299620000004
8856,41.816350070000006
8857,41.82340053
8858,41.83045099
8859,41.837501440000004
8860,41.8445519
8861,41.85160236
8862,41.85865281
8863,41.86570327
8864,41.87275373
8865,41.87980418
8866,41.886854639999996
8867,41.8939051
8868,41.90095555
8869,41.90800601
8870,41.91505647
8871,41.922106920000004
8872,41.92915738
8873,41.93620784
8874,41.943258300000004
8875,41.95030875
8876,41.95735921
8877,41.96440967
8878,41.971460119999996
8879,41.97851058
8880,41.98556104
8881,41.99261149
8882,41.999661950000004
8883,42.006712410000006
8884,42.01376286
8885,42.02081332
8886,42.027863780000004
8887,42.03491423
8888,42.04196469
8889,42.04901515
8890,42.0560656
8891,42.06311606
8892,42.07016652
8893,42.077216969999995
8894,42.08426743
8895,42.09131789
8896,42.09836834
8897,42.1054188
8898,42.112469260000005
8899,42.11951971
8900,42.12657017
8901,42.13362063
8902,42.14067108
8903,42.14772154
8904,42.154772
8905,42.16182245
8906,42.16887291
8907,42.17592337
8908,42.182973829999995
8909,42.190024279999996
8910,42.19707474
8911,42.2041252
8912,42.21117565
8913,42.21822611
8914,42.22527657
8915,42.23232702
8916,42.23937748
8917,42.24642794
8918,42.25347839
8919,42.26052885
8920,42.267579309999995
8921,42.274629759999996
8922,42.28168022
8923,42.28873068
8924,42.29578113
8925,42.302831590000004
8926,42.30988205
8927,42.3169325
8928,42.32398296
8929,42.331033420000004
8930,42.33808387
8931,42.34513433
8932,42.35218479
8933,42.35923524
8934,42.3662857
8935,42.37333616
8936,42.380386609999995
8937,42.38743707
8938,42.39448753
8939,42.40153798
8940,42.40858844
8941,42.415638900000005
8942,42.42268936
8943,42.42973981
8944,42.43679027
8945,42.44384073
8946,42.45089118
8947,42.45794164
8948,42.464992099999996
8949,42.47204255
8950,42.47909301
8951,42.48614347
8952,42.49319392
8953,42.500244380000005
8954,42.50729484
8955,42.51434529
8956,42.52139575
8957,42.52844621
8958,42.53549666
8959,42.54254712
8960,42.54959758
8961,42.55664803
8962,42.56369849
8963,42.570748949999995
8964,42.577799399999996
8965,42.58484986
8966,42.59190032
8967,42.59895077
8968,42.606001230000004
8969,42.61305169
8970,42.62010214
8971,42.6271526
8972,42.63420306
8973,42.64125351
8974,42.64830397
8975,42.655354429999996
8976,42.66240489
8977,42.66945534
8978,42.6765058
8979,42.68355626
8980,42.69060671
8981,42.69765717
8982,42.70470763
8983,42.71175808
8984,42.71880854
8985,42.725859
8986,42.73290945
8987,42.73995991
8988,42.74701037
8989,42.75406082
8990,42.76111128
8991,42.76816174
8992,42.77521219
8993,42.78226265
8994,42.78931311
8995,42.79636356
8996,42.803414020000005
8997,42.81046448
8998,42.81751493
8999,42.824565390000004
9000,42.83161585
9001,42.8386663
9002,42.84571676
9003,42.85276722
9004,42.85981767
9005,42.86686813
9006,42.873918589999995
9007,42.88096904
9008,42.8880195
9009,42.89506996
9010,42.90212042
9011,42.909170870000004
9012,42.91622133
9013,42.92327179
9014,42.93032224
9015,42.9373727
9016,42.94442316
9017,42.95147361
9018,42.958524069999996
9019,42.96557453
9020,42.97262498
9021,42.97967544
9022,42.9867259
9023,42.993776350000005
9024,43.00082681
9025,43.00787727
9026,43.01492772
9027,43.02197818
9028,43.02902864
9029,43.03607909
9030,43.043129549999996
9031,43.05018001
9032,43.05723046
9033,43.064280919999995
9034,43.07133138
9035,43.07838183
9036,43.08543229
9037,43.09248275
9038,43.0995332
9039,43.10658366
9040,43.11363412
9041,43.12068458
9042,43.12773503
9043,43.13478549
9044,43.14183595
9045,43.1488864
9046,43.15593686
9047,43.16298732
9048,43.17003777
9049,43.17708823
9050,43.184138690000005
9051,43.191189140000006
9052,43.1982396
9053,43.20529006
9054,43.212340510000004
9055,43.21939097
9056,43.22644143
9057,43.23349188
9058,43.24054234
9059,43.2475928
9060,43.25464325
9061,43.261693709999996
9062,43.26874417
9063,43.27579462
9064,43.28284508
9065,43.28989554
9066,43.296945990000005
9067,43.30399645
9068,43.31104691
9069,43.31809736
9070,43.32514782
9071,43.33219828
9072,43.33924873
9073,43.346299189999996
9074,43.35334965
9075,43.36040011
9076,43.367450559999995
9077,43.37450102
9078,43.38155148
9079,43.38860193
9080,43.39565239
9081,43.402702850000004
9082,43.4097533
9083,43.41680376
9084,43.42385422
9085,43.43090467
9086,43.43795513
9087,43.44500559
9088,43.452056039999995
9089,43.4591065
9090,43.46615696
9091,43.47320741
9092,43.48025787
9093,43.487308330000005
9094,43.49435878
9095,43.50140924
9096,43.5084597
9097,43.51551015
9098,43.52256061
9099,43.52961107
9100,43.536661519999996
9101,43.54371198
9102,43.55076244
9103,43.557812889999994
9104,43.564863349999996
9105,43.57191381
9106,43.57896426
9107,43.58601472
9108,43.59306518
9109,43.60011564
9110,43.60716609
9111,43.61421655
9112,43.62126701
9113,43.62831746
9114,43.63536792
9115,43.642418379999995
9116,43.649468829999996
9117,43.65651929
9118,43.66356975
9119,43.6706202
9120,43.677670660000004
9121,43.68472112
9122,43.69177157
9123,43.69882203
9124,43.70587249
9125,43.71292294
9126,43.7199734
9127,43.72702386
9128,43.73407431
9129,43.74112477
9130,43.74817523
9131,43.755225679999995
9132,43.76227614
9133,43.7693266
9134,43.77637705
9135,43.78342751
9136,43.790477970000005
9137,43.79939557
9138,43.80831318
9139,43.81723079
9140,43.82614839
9141,43.835066
9142,43.843983609999995
9143,43.85290121
9144,43.861818819999996
9145,43.87073643
9146,43.87965403
9147,43.88857164
9148,43.89748925
9149,43.90640685
9150,43.91532446
9151,43.924242070000005
9152,43.93315967
9153,43.94207728
9154,43.95099489
9155,43.95991249
9156,43.9688301
9157,43.977747709999996
9158,43.98666531
9159,43.99558292
9160,44.00450053
9161,44.01341813
9162,44.02233574
9163,44.03125335
9164,44.040170950000004
9165,44.04908856
9166,44.058006170000006
9167,44.06692377
9168,44.07584138
9169,44.08475899
9170,44.09367659
9171,44.1025942
9172,44.111511809999996
9173,44.12042941
9174,44.12934702
9175,44.13826462
9176,44.14718223
9177,44.15609984
9178,44.16501744
9179,44.173935050000004
9180,44.18285266
9181,44.19177026
9182,44.200687869999996
9183,44.20960548
9184,44.21852308
9185,44.227440689999995
9186,44.2363583
9187,44.245275899999996
9188,44.25419351
9189,44.26311112
9190,44.27202872
9191,44.28094633
9192,44.289863940000004
9193,44.29878154
9194,44.307699150000005
9195,44.31661676
9196,44.32553436
9197,44.334451969999996
9198,44.34336958
9199,44.35228718
9200,44.361204789999995
9201,44.3701224
9202,44.379039999999996
9203,44.38795761
9204,44.39687522
9205,44.40579282
9206,44.41471043
9207,44.423628040000004
9208,44.43254564
9209,44.44146325
9210,44.45038086
9211,44.45929846
9212,44.46821607
9213,44.477133679999994
9214,44.48605128
9215,44.494968889999996
9216,44.5038865
9217,44.5128041
9218,44.52172171
9219,44.53063932
9220,44.53955692
9221,44.54847453
9222,44.557392130000004
9223,44.56630974
9224,44.57522735
9225,44.584144949999995
9226,44.59306256
9227,44.60198017
9228,44.61089777
9229,44.61981538
9230,44.628732989999996
9231,44.63765059
9232,44.6465682
9233,44.65548581
9234,44.66440341
9235,44.67332102
9236,44.68223863
9237,44.691156230000004
9238,44.70007384
9239,44.70899145
9240,44.717909049999996
9241,44.72682666
9242,44.73574427
9243,44.74466187
9244,44.75357948
9245,44.76249709
9246,44.77141469
9247,44.7803323
9248,44.78924991
9249,44.79816751
9250,44.80708512
9251,44.81600273
9252,44.82492033
9253,44.833837939999995
9254,44.84275555
9255,44.851673149999996
9256,44.86059076
9257,44.86950837
9258,44.87842597
9259,44.88734358
9260,44.89626119
9261,44.90517879
9262,44.9140964
9263,44.92301401
9264,44.93193161
9265,44.940849220000004
9266,44.94976682
9267,44.95868443
9268,44.967602039999996
9269,44.97651964
9270,44.98543725
9271,44.99435486
9272,45.00327246
9273,45.01219007
9274,45.02110768
9275,45.030025280000004
9276,45.03894289
9277,45.0478605
9278,45.0567781
9279,45.06569571
9280,45.07461332
9281,45.08353092
9282,45.09244853
9283,45.101366139999996
9284,45.11028374
9285,45.11920135
9286,45.12811896
9287,45.13703656
9288,45.14595417
9289,45.15487178
9290,45.163789380000004
9291,45.17270699
9292,45.1816246
9293,45.1905422
9294,45.19945981
9295,45.20837742
9296,45.217295019999995
9297,45.22621263
9298,45.23513024
9299,45.24404784
9300,45.25296545
9301,45.26188306
9302,45.27080066
9303,45.279718270000004
9304,45.28863588
9305,45.297553480000005
9306,45.30647109
9307,45.3153887
9308,45.3243063
9309,45.33322391
9310,45.34214151
9311,45.351059119999995
9312,45.35997673
9313,45.368894329999996
9314,45.37781194
9315,45.38672955
9316,45.39564715
9317,45.40456476
9318,45.413482370000004
9319,45.42239997
9320,45.431317580000005
9321,45.44023519
9322,45.44915279
9323,45.4580704
9324,45.466988009999994
9325,45.47590561
9326,45.484823219999996
9327,45.49374083
9328,45.50265843
9329,45.51157604
9330,45.52049365
9331,45.52941125
9332,45.53832886
9333,45.547246470000005
9334,45.55616407
9335,45.565081680000006
9336,45.57399929
9337,45.58291689
9338,45.5918345
9339,45.600752109999995
9340,45.60966971
9341,45.618587319999996
9342,45.62750493
9343,45.63642253
9344,45.64534014
9345,45.65425775
9346,45.66317535
9347,45.67209296
9348,45.681010570000005
9349,45.68992817
9350,45.69884578
9351,45.70776339
9352,45.71668099
9353,45.7255986
9354,45.734516209999995
9355,45.74343381
9356,45.75235142
9357,45.76126902
9358,45.77018663
9359,45.77910424
9360,45.78802184
9361,45.79693945
9362,45.80585706
9363,45.814774660000005
9364,45.82369227
9365,45.83260988
9366,45.841527479999996
9367,45.85044509
9368,45.8593627
9369,45.868280299999995
9370,45.87719791
9371,45.88611552
9372,45.89503312
9373,45.90395073
9374,45.91286834
9375,45.92178594
9376,45.930703550000004
9377,45.93962116
9378,45.948538760000005
9379,45.95745637
9380,45.96637398
9381,45.97529158
9382,45.98420919
9383,45.9931268
9384,46.002044399999996
9385,46.01096201
9386,46.01987962
9387,46.02879722
9388,46.03771483
9389,46.04663244
9390,46.05555004
9391,46.064467650000005
9392,46.07338526
9393,46.08230286
9394,46.091220469999996
9395,46.10013808
9396,46.10905568
9397,46.117973289999995
9398,46.1268909
9399,46.135808499999996
9400,46.14472611
9401,46.15364371
9402,46.16256132
9403,46.17147893
9404,46.18039653
9405,46.18931414
9406,46.198231750000005
9407,46.20714935
9408,46.21606696
9409,46.22498457
9410,46.23390217
9411,46.24281978
9412,46.251737389999995
9413,46.26065499
9414,46.2695726
9415,46.27849021
9416,46.28740781
9417,46.29632542
9418,46.30524303
9419,46.31416063
9420,46.32307824
9421,46.33199585
9422,46.34091345
9423,46.34983106
9424,46.35874867
9425,46.36766627
9426,46.37658388
9427,46.385501489999996
9428,46.39441909
9429,46.4033367
9430,46.41225431
9431,46.42117191
9432,46.43008952
9433,46.43900713
9434,46.447924730000004
9435,46.45684234
9436,46.46575995
9437,46.474677549999996
9438,46.48359516
9439,46.49251277
9440,46.50143037
9441,46.51034798
9442,46.519265589999996
9443,46.52818319
9444,46.5371008
9445,46.5460184
9446,46.55493601
9447,46.56385362
9448,46.57277122
9449,46.581688830000004
9450,46.59060644
9451,46.59952404
9452,46.608441649999996
9453,46.61735926
9454,46.62627686
9455,46.63519447
9456,46.64411208
9457,46.65302968
9458,46.66194729
9459,46.6708649
9460,46.6797825
9461,46.68870011
9462,46.697617720000004
9463,46.70653532
9464,46.71545293
9465,46.724370539999995
9466,46.73328814
9467,46.74220575
9468,46.75112336
9469,46.76004096
9470,46.76895857
9471,46.77787618
9472,46.78679378
9473,46.79571139
9474,46.804629
9475,46.8135466
9476,46.82246421
9477,46.831381820000004
9478,46.84029942
9479,46.84921703
9480,46.858134639999996
9481,46.86705224
9482,46.87596985
9483,46.88488746
9484,46.89380506
9485,46.90272267
9486,46.91164028
9487,46.920557880000004
9488,46.92947549
9489,46.9383931
9490,46.9473107
9491,46.95622831
9492,46.96514591
9493,46.97406352
9494,46.98298113
9495,46.991898729999996
9496,47.00081634
9497,47.00973395
9498,47.01865155
9499,47.02756916
9500,47.03648677
9501,47.04540437
9502,47.054321980000005
9503,47.06323959
9504,47.072157190000006
9505,47.0810748
9506,47.08999241
9507,47.09891001
9508,47.107827619999995
9509,47.11674523
9510,47.125662829999996
9511,47.13458044
9512,47.14349805
9513,47.15241565
9514,47.16133326
9515,47.170250870000004
9516,47.17916847
9517,47.188086080000005
9518,47.19700369
9519,47.20592129
9520,47.214838900000004
9521,47.22375651
9522,47.23267411
9523,47.241591719999995
9524,47.25050933
9525,47.25942693
9526,47.26834454
9527,47.27726215
9528,47.28617975
9529,47.29509736
9530,47.304014970000004
9531,47.31293257
9532,47.321850180000006
9533,47.33076779
9534,47.33968539
9535,47.348603
9536,47.3575206
9537,47.36643821
9538,47.375355819999996
9539,47.38427342
9540,47.39319103
9541,47.40210864
9542,47.41102624
9543,47.41994385
9544,47.42886146
9545,47.437779060000004
9546,47.44669667
9547,47.455614280000006
9548,47.46453188
9549,47.47344949
9550,47.4823671
9551,47.4912847
9552,47.50020231
9553,47.509119919999996
9554,47.51803752
9555,47.52695513
9556,47.53587274
9557,47.54479034
9558,47.55370795
9559,47.56262556
9560,47.571543160000004
9561,47.58046077
9562,47.58937838
9563,47.598295979999996
9564,47.60721359
9565,47.6161312
9566,47.6250488
9567,47.63396641
9568,47.64288402
9569,47.65180162
9570,47.66071923
9571,47.66963684
9572,47.67855444
9573,47.687472050000004
9574,47.69638966
9575,47.705307260000005
9576,47.71422487
9577,47.72314248
9578,47.73206008
9579,47.74097769
9580,47.74989529
9581,47.758812899999995
9582,47.76773051
9583,47.77664811
9584,47.78556572
9585,47.79448333
9586,47.80340093
9587,47.81231854
9588,47.821236150000004
9589,47.83015375
9590,47.83907136
9591,47.84798897
9592,47.85690657
9593,47.86582418
9594,47.87474179
9595,47.88365939
9596,47.892576999999996
9597,47.90149461
9598,47.91041221
9599,47.91932982
9600,47.92824743
9601,47.93716503
9602,47.94608264
9603,47.955000250000005
9604,47.96391785
9605,47.97283546
9606,47.981753069999996
9607,47.99067067
9608,47.99958828
9609,48.008505889999995
9610,48.01742349
9611,48.026341099999996
9612,48.03525871
9613,48.04417631
9614,48.05309392
9615,48.06201153
9616,48.07092913
9617,48.07984674
9618,48.088764350000005
9619,48.09768195
9620,48.10659956
9621,48.11551717
9622,48.12443477
9623,48.13335238
9624,48.142269989999996
9625,48.15118759
9626,48.1601052
9627,48.1690228
9628,48.17794041
9629,48.18685802
9630,48.19577562
9631,48.204693230000004
9632,48.21361084
9633,48.22252844
9634,48.231446049999995
9635,48.24036366
9636,48.24928126
9637,48.25819887
9638,48.26711648
9639,48.27603408
9640,48.28495169
9641,48.2938693
9642,48.3027869
9643,48.31170451
9644,48.32062212
9645,48.32953972
9646,48.338457330000004
9647,48.34737494
9648,48.35629254
9649,48.365210149999996
9650,48.37412776
9651,48.38304536
9652,48.39196297
9653,48.40088058
9654,48.40979818
9655,48.41871579
9656,48.4276334
9657,48.436551
9658,48.44546861
9659,48.45438622
9660,48.46330382
9661,48.47222143
9662,48.48113904
9663,48.49005664
9664,48.498974249999996
9665,48.50789186
9666,48.51680946
9667,48.52572707
9668,48.53464468
9669,48.54356228
9670,48.55247989
9671,48.561397490000004
9672,48.5703151
9673,48.57923271
9674,48.58815031
9675,48.59706792
9676,48.60598553
9677,48.614903129999995
9678,48.62382074
9679,48.63273835
9680,48.64165595
9681,48.65057356
9682,48.65949117
9683,48.66840877
9684,48.677326380000004
9685,48.68624399
9686,48.695161590000005
9687,48.7040792
9688,48.71299681
9689,48.72191441
9690,48.73083202
9691,48.73974963
9692,48.748667229999995
9693,48.75758484
9694,48.76650245
9695,48.77542005
9696,48.78433766
9697,48.79325527
9698,48.80217287
9699,48.811090480000004
9700,48.82000809
9701,48.828925690000005
9702,48.8378433
9703,48.84676091
9704,48.85567851
9705,48.864596119999995
9706,48.87351373
9707,48.882431329999996
9708,48.89134894
9709,48.90026655
9710,48.90918415
9711,48.91810176
9712,48.927019370000004
9713,48.93593697
9714,48.944854580000005
9715,48.95377218
9716,48.96268979
9717,48.9716074
9718,48.980525
9719,48.98944261
9720,48.998360219999995
9721,49.00727782
9722,49.016195429999996
9723,49.02511304
9724,49.03403064
9725,49.04294825
9726,49.05186586
9727,49.06078346
9728,49.06970107
9729,49.078618680000005
9730,49.08753628
9731,49.09645389
9732,49.1053715
9733,49.1142891
9734,49.12320671
9735,49.132124319999996
9736,49.14104192
9737,49.14995953
9738,49.15887714
9739,49.16779474
9740,49.17671235
9741,49.18562996
9742,49.194547560000004
9743,49.20346517
9744,49.212382780000006
9745,49.22130038
9746,49.23021799
9747,49.2391356
9748,49.2480532
9749,49.25697081
9750,49.265888419999996
9751,49.27480602
9752,49.28372363
9753,49.29264124
9754,49.30155884
9755,49.31047645
9756,49.31939406
9757,49.328311660000004
9758,49.33722927
9759,49.34614688
9760,49.355064479999996
9761,49.36398209
9762,49.37289969
9763,49.3818173
9764,49.39073491
9765,49.399652509999996
9766,49.40857012
9767,49.41748773
9768,49.42640533
9769,49.43532294
9770,49.44424055
9771,49.45315815
9772,49.462075760000005
9773,49.47099337
9774,49.47991097
9775,49.488828579999996
9776,49.49774619
9777,49.50666379
9778,49.5155814
9779,49.52449901
9780,49.533416609999996
9781,49.54233422
9782,49.55125183
9783,49.56016943
9784,49.56908704
9785,49.578004650000004
9786,49.58692225
9787,49.59583986
9788,49.60475747
9789,49.61367507
9790,49.62259268
9791,49.63151029
9792,49.64042789
9793,49.649345499999995
9794,49.65826311
9795,49.66718071
9796,49.67609832
9797,49.68501593
9798,49.69393353
9799,49.70285114
9800,49.711768750000005
9801,49.72068635
9802,49.72960396
9803,49.738521569999996
9804,49.74743917
9805,49.75635678
9806,49.76527438
9807,49.77419199
9808,49.783109599999996
9809,49.7920272
9810,49.80094481
9811,49.80986242
9812,49.81878002
9813,49.82769763
9814,49.83661524
9815,49.845532840000004
9816,49.85445045
9817,49.86336806
9818,49.872285659999996
9819,49.88120327
9820,49.89012088
9821,49.89903848
9822,49.90795609
9823,49.9168737
9824,49.9257913
9825,49.93470891
9826,49.94362652
9827,49.95254412
9828,49.96146173
9829,49.97037934
9830,49.97929694
9831,49.988214549999995
9832,49.99713216
9833,50.00604976
9834,50.014967369999994
9835,50.02388498
9836,50.03280258
9837,50.04172019000001
9838,50.0506378
9839,50.0595554
9840,50.068473010000005
9841,50.077390619999996
9842,50.08630822
9843,50.095225830000004
9844,50.10414344
9845,50.11306104
9846,50.121978649999996
9847,50.13089626
9848,50.139813860000004
9849,50.148731469999994
9850,50.15764908
9851,50.16656668
9852,50.17548429000001
9853,50.18440189
9854,50.1933195
9855,50.202237110000006
9856,50.21115471
9857,50.22007232
9858,50.22898993
9859,50.23790753
9860,50.24682514
9861,50.255742749999996
9862,50.26466035
9863,50.273577960000004
9864,50.282495569999995
9865,50.29141317
9866,50.30033078
9867,50.30924839000001
9868,50.31816599
9869,50.3270836
9870,50.336001210000006
9871,50.344918809999996
9872,50.35383642
9873,50.36275403
9874,50.37167163
9875,50.38058923999999
9876,50.38950685
9877,50.39842445
9878,50.407342060000005
9879,50.416259669999995
9880,50.42517727
9881,50.43409488
9882,50.44301249000001
9883,50.45193009
9884,50.4608477
9885,50.46976531
9886,50.478682909999996
9887,50.48760052
9888,50.49651813
9889,50.50543573
9890,50.51435333999999
9891,50.52327095
9892,50.53218855
9893,50.541106160000005
9894,50.550023769999996
9895,50.55894137
9896,50.567858980000004
9897,50.57677658000001
9898,50.58569419
9899,50.5946118
9900,50.6035294
9901,50.61244701
9902,50.621364619999994
9903,50.63028222
9904,50.63919983
9905,50.64811743999999
9906,50.65703504
9907,50.66595265
9908,50.674870260000006
9909,50.683787859999995
9910,50.69270547
9911,50.701623080000005
9912,50.71054068000001
9913,50.71945829
9914,50.7283759
9915,50.7372935
9916,50.74621111
9917,50.755128719999995
9918,50.76404632
9919,50.77296393
9920,50.78188153999999
9921,50.79079914
9922,50.79971675
9923,50.808634360000006
9924,50.817551959999996
9925,50.82646957
9926,50.835387180000005
9927,50.84430478
9928,50.85322239
9929,50.86214
9930,50.8710576
9931,50.87997521
9932,50.888892819999995
9933,50.89781042
9934,50.906728030000004
9935,50.915645639999994
9936,50.92456324
9937,50.93348085
9938,50.94239846000001
9939,50.951316059999996
9940,50.96023367
9941,50.969151270000005
9942,50.97806888
9943,50.98698649
9944,50.995904089999996
9945,51.0048217
9946,51.01373930999999
9947,51.022656909999995
9948,51.03157452
9949,51.040492130000004
9950,51.049409729999994
9951,51.05832734
9952,51.06724495
9953,51.07616255000001
9954,51.08508016
9955,51.09399777
9956,51.102915370000005
9957,51.11183298
9958,51.12075059
9959,51.12966819
9960,51.1385858
9961,51.14750340999999
9962,51.156421009999995
9963,51.16533862
9964,51.174256230000005
9965,51.183173829999994
9966,51.19209144
9967,51.20100905
9968,51.20992665000001
9969,51.21884426
9970,51.22776187
9971,51.23667947
9972,51.24559708
9973,51.25451468999999
9974,51.26343229
9975,51.2723499
9976,51.28126750999999
9977,51.290185109999996
9978,51.29910272
9979,51.308020330000005
9980,51.316937929999995
9981,51.32585554
9982,51.334773150000004
9983,51.34369075000001
9984,51.35260836
9985,51.36152597
9986,51.37044357
9987,51.379361180000004
9988,51.38827877999999
9989,51.39719639
9990,51.406114
9991,51.415031600000006
9992,51.423949209999996
9993,51.43286682
9994,51.441784420000005
9995,51.450702029999995
9996,51.45961964
9997,51.46853724
9998,51.47745485
9999,51.48637246
10000,51.49529006
10001,51.50420767
10002,51.513125280000004
10003,51.522042879999994
10004,51.53096049
10005,51.5398781
10006,51.54879570000001
10007,51.55771331
10008,51.56663092
10009,51.575548520000005
10010,51.584466129999996
10011,51.59338374
10012,51.602301340000004
10013,51.61121895
10014,51.62013656
10015,51.629054159999995
10016,51.63797177
10017,51.646889380000005
10018,51.655806979999994
10019,51.66472459
10020,51.6736422
10021,51.68255980000001
10022,51.69147741
10023,51.70039502
10024,51.709312620000006
10025,51.718230229999996
10026,51.72714784
10027,51.736065440000004
10028,51.74498305
10029,51.75390066
10030,51.762818259999996
10031,51.77173587
10032,51.780653470000004
10033,51.789571079999995
10034,51.79848869
10035,51.80740629
10036,51.81632390000001
10037,51.82524151
10038,51.83415911
10039,51.843076720000006
10040,51.85199433
10041,51.86091193
10042,51.86982954
10043,51.87874715
10044,51.88766475
10045,51.89658236
10046,51.90549997
10047,51.914417570000005
10048,51.923335179999995
10049,51.93225279
10050,51.94117039
10051,51.95008800000001
10052,51.95900561
10053,51.96792321
10054,51.97684082000001
10055,51.98575843
10056,51.99467603
10057,52.00359364
10058,52.01251125
10059,52.02142884999999
10060,52.03034646
10061,52.03926407
10062,52.048181670000005
10063,52.057099279999996
10064,52.06601689
10065,52.074934490000004
10066,52.08385210000001
10067,52.09276971
10068,52.10168731
10069,52.11060492
10070,52.11952253
10071,52.12844013
10072,52.13735774
10073,52.14627535
10074,52.15519294999999
10075,52.16411056
10076,52.17302816
10077,52.181945770000006
10078,52.190863379999996
10079,52.19978098
10080,52.208698590000004
10081,52.21761620000001
10082,52.2265338
10083,52.23545141
10084,52.24436902
10085,52.25328662
10086,52.262204229999995
10087,52.27112184
10088,52.28003944
10089,52.28895704999999
10090,52.29787466
10091,52.30679226
10092,52.315709870000006
10093,52.32462748
10094,52.33354508
10095,52.342462690000005
10096,52.3513803
10097,52.3602979
10098,52.369215510000004
10099,52.37813312
10100,52.38705072
10101,52.395968329999995
10102,52.40488594
10103,52.41380354
10104,52.422721149999994
10105,52.43163876
10106,52.44055636
10107,52.44947397000001
10108,52.45839158
10109,52.46730918
10110,52.476226790000005
10111,52.485144399999996
10112,52.494062
10113,52.50297961
10114,52.51189722
10115,52.52081482
10116,52.529732429999996
10117,52.53865004
10118,52.547567640000004
10119,52.556485249999994
10120,52.56540286
10121,52.57432046
10122,52.58323807000001
10123,52.59215567
10124,52.60107328
10125,52.609990890000006
10126,52.61890849
10127,52.6278261
10128,52.63674371
10129,52.64566131
10130,52.65457891999999
10131,52.663496529999996
10132,52.67241413
10133,52.681331740000005
10134,52.690249349999995
10135,52.69916695
10136,52.70808456
10137,52.71700217000001
10138,52.72591977
10139,52.73483738
10140,52.74375499
10141,52.75267259
10142,52.7615902
10143,52.77050781
10144,52.77942541
10145,52.78834301999999
10146,52.79726063
10147,52.80617823
10148,52.815095840000005
10149,52.824013449999995
10150,52.83293105
10151,52.841848660000004
10152,52.85076627000001
10153,52.85968387
10154,52.86860148
10155,52.87751909
10156,52.886436690000004
10157,52.895354299999994
10158,52.90427191
10159,52.91318951
10160,52.92210711999999
10161,52.93102473
10162,52.93994233
10163,52.948859940000006
10164,52.957777549999996
10165,52.96669515
10166,52.975612760000004
10167,52.98453036
10168,52.99344797
10169,53.00236558
10170,53.01128318
10171,53.020200790000004
10172,53.029118399999994
10173,53.038036
10174,53.04695361
10175,53.05587121999999
10176,53.06478882
10177,53.07370643
10178,53.082624040000006
10179,53.091541639999996
10180,53.10045925
10181,53.109376860000005
10182,53.11829446
10183,53.12721207
10184,53.136129679999996
10185,53.14504728
10186,53.153964890000005
10187,53.162882499999995
10188,53.1718001
10189,53.18071771
10190,53.189635319999994
10191,53.19855292
10192,53.20747053
10193,53.21638814000001
10194,53.225305739999996
10195,53.23422335
10196,53.243140960000005
10197,53.25205856
10198,53.26097617
10199,53.26989378
10200,53.27881138
10201,53.287728990000005
10202,53.296646599999995
10203,53.3055642
10204,53.314481810000004
10205,53.323399419999994
10206,53.33231702
10207,53.34123463
10208,53.35015224000001
10209,53.35906984
10210,53.36798745
10211,53.37690505
10212,53.38582266
10213,53.39474027
10214,53.403657869999996
10215,53.41257548
10216,53.421493090000006
10217,53.430410689999995
10218,53.4393283
10219,53.448245910000004
10220,53.45716351000001
10221,53.46608112
10222,53.47499873
10223,53.48391633
10224,53.49283394
10225,53.50175155
10226,53.51066915
10227,53.51958676
10228,53.52850436999999
10229,53.53742197
10230,53.54633958
10231,53.555257190000006
10232,53.564174789999996
10233,53.5730924
10234,53.582010010000005
10235,53.59092761000001
10236,53.59984522
10237,53.60876283
10238,53.61768043
10239,53.62659804
10240,53.63551565
10241,53.64443325
10242,53.65335086
10243,53.662268469999994
10244,53.67118607
10245,53.68010368
10246,53.68902129000001
10247,53.697938889999996
10248,53.7068565
10249,53.715774110000005
10250,53.72469171
10251,53.73360932
10252,53.742526930000004
10253,53.75144453
10254,53.76036214
10255,53.769279749999995
10256,53.77819735
10257,53.787114960000004
10258,53.79603255999999
10259,53.80495017
10260,53.81386778
10261,53.822785380000006
10262,53.83170299
10263,53.8406206
10264,53.849538200000005
10265,53.85845581
10266,53.86737342
10267,53.87629102
10268,53.88520863
10269,53.89412624
10270,53.903043839999995
10271,53.91196145
10272,53.920879060000004
10273,53.929796659999994
10274,53.93871427
10275,53.94763188
10276,53.95654948000001
10277,53.96546709
10278,53.9743847
10279,53.983302300000005
10280,53.99221991
10281,54.00113752
10282,54.01005512
10283,54.01897273
10284,54.02789034
10285,54.036807939999996
10286,54.04572555
10287,54.054643160000005
10288,54.063560759999994
10289,54.07247837
10290,54.08139598
10291,54.09031358000001
10292,54.09923119
10293,54.1081488
10294,54.1170664
10295,54.125984009999996
10296,54.13490162
10297,54.14381922
10298,54.15273683
10299,54.16165443999999
10300,54.170572039999996
10301,54.17948965
10302,54.188407250000004
10303,54.197324859999995
10304,54.20624247
10305,54.21516007
10306,54.22407768000001
10307,54.23299529
10308,54.24191289
10309,54.2508305
10310,54.25974811
10311,54.26866570999999
10312,54.27758332
10313,54.28650093
10314,54.29541852999999
10315,54.30433614
10316,54.31325375
10317,54.322171350000005
10318,54.331088959999995
10319,54.34000657
10320,54.348924170000004
10321,54.35784178
10322,54.36675939
10323,54.37567699
10324,54.3845946
10325,54.39351221
10326,54.402429809999994
10327,54.41134742
10328,54.42026503
10329,54.42918262999999
10330,54.43810024
10331,54.44701785
10332,54.455935450000005
10333,54.464853059999996
10334,54.47377067
10335,54.482688270000004
10336,54.49160588
10337,54.50052349
10338,54.509441089999996
10339,54.5183587
10340,54.52727631
10341,54.536193909999994
10342,54.54511152
10343,54.55402913
10344,54.56294672999999
10345,54.57186434
10346,54.58078195
10347,54.589699550000006
10348,54.598617159999996
10349,54.60753476
10350,54.616452370000005
10351,54.62536998
10352,54.63428758
10353,54.643205189999996
10354,54.6521228
10355,54.661040400000005
10356,54.669958009999995
10357,54.67887562
10358,54.68779322
10359,54.696710829999994
10360,54.70562844
10361,54.71454604
10362,54.72346365000001
10363,54.73238126
10364,54.74129886
10365,54.75021647
10366,54.75913408
10367,54.76805168
10368,54.77696929
10369,54.7858869
10370,54.794804500000005
10371,54.803722109999995
10372,54.81263972
10373,54.821557320000004
10374,54.830474929999994
10375,54.83939254
10376,54.84831014
10377,54.85722775000001
10378,54.86614536
10379,54.87506296
10380,54.88398057
10381,54.89289818
10382,54.90181577999999
10383,54.91073339
10384,54.919651
10385,54.928568600000006
10386,54.937486209999996
10387,54.94640382
10388,54.955321420000004
10389,54.964239029999995
10390,54.97315664
10391,54.98207424
10392,54.99099185
10393,54.99990945
10394,55.00882706
10395,55.01774467
10396,55.02666227
10397,55.03557987999999
10398,55.04449749
10399,55.05341509
10400,55.062332700000006
10401,55.071250309999996
10402,55.08016791
10403,55.089085520000005
10404,55.098003129999995
10405,55.10692073
10406,55.11583834
10407,55.12475595
10408,55.13367355
10409,55.142591159999995
10410,55.15150877
10411,55.16042637
10412,55.169343979999994
10413,55.17826159
10414,55.18717919
10415,55.19609680000001
10416,55.20501441
10417,55.21393201
10418,55.222849620000005
10419,55.231767229999996
10420,55.24068483
10421,55.249602440000004
10422,55.25852005
10423,55.26743765
10424,55.276355259999995
10425,55.28527287
10426,55.294190470000004
10427,55.303108079999994
10428,55.31202569
10429,55.32094329
10430,55.32986090000001
10431,55.33877851
10432,55.34769611
10433,55.356613720000006
10434,55.365531329999996
10435,55.37444893
10436,55.38336654
10437,55.39228414
10438,55.40120175
10439,55.410119359999996
10440,55.41903696
10441,55.427954570000004
10442,55.436872179999995
10443,55.44578978
10444,55.45470739
10445,55.46362500000001
10446,55.4725426
10447,55.48146021
10448,55.490377820000006
10449,55.49929542
10450,55.50821303
10451,55.51713064
10452,55.52604824
10453,55.53496584999999
10454,55.543883459999996
10455,55.55280106
10456,55.561718670000005
10457,55.570636279999995
10458,55.57955388
10459,55.58847149
10460,55.59738910000001
10461,55.6063067
10462,55.61522431
10463,55.62414192
10464,55.63305952
10465,55.64197713
10466,55.65089474
10467,55.65981234
10468,55.66872994999999
10469,55.67764756
10470,55.68656516
10471,55.695482770000005
10472,55.704400379999996
10473,55.71331798
10474,55.722235590000004
10475,55.73115320000001
10476,55.7400708
10477,55.74898841
10478,55.75790602
10479,55.76682362
10480,55.775741229999994
10481,55.78465884
10482,55.79357644
10483,55.80249404999999
10484,55.81141165
10485,55.82032926
10486,55.829246870000006
10487,55.838164469999995
10488,55.84708208
10489,55.855999690000004
10490,55.86491729000001
10491,55.8738349
10492,55.88275251
10493,55.89167011
10494,55.90058772
10495,55.909505329999995
10496,55.91842293
10497,55.92734054
10498,55.93625814999999
10499,55.94517575
10500,55.95409336
10501,55.963010970000006
10502,55.971928569999996
10503,55.98084618
10504,55.989763790000005
10505,55.99868139
10506,56.007599
10507,56.01651661
10508,56.02543421
10509,56.03435182
10510,56.043269429999995
10511,56.05218703
10512,56.06110464
10513,56.070022249999994
10514,56.07893985
10515,56.08785746
10516,56.09677507000001
10517,56.105692669999996
10518,56.11461028
10519,56.123527890000005
10520,56.13244549
10521,56.1413631
10522,56.15028071
10523,56.15919831
10524,56.16811591999999
10525,56.177033529999996
10526,56.18595113
10527,56.194868740000004
10528,56.20378633999999
10529,56.21270395
10530,56.22162156
10531,56.230539160000006
10532,56.23945677
10533,56.24837438
10534,56.257291980000005
10535,56.26620959
10536,56.2751272
10537,56.2840448
10538,56.29296241
10539,56.30188001999999
10540,56.310797619999995
10541,56.31971523
10542,56.328632840000004
10543,56.337550439999994
10544,56.34646805
10545,56.35538566
10546,56.36430326000001
10547,56.37322087
10548,56.38213848
10549,56.39105608
10550,56.39997369
10551,56.40889129999999
10552,56.4178089
10553,56.42672651
10554,56.43564411999999
10555,56.444561719999996
10556,56.45347933
10557,56.462396940000005
10558,56.471314539999995
10559,56.48023215
10560,56.489149760000004
10561,56.49806736000001
10562,56.50698497
10563,56.51590258
10564,56.52482018
10565,56.53373779
10566,56.542655399999994
10567,56.551573
10568,56.56049061
10569,56.56940821999999
10570,56.578325819999996
10571,56.58724343
10572,56.596161030000005
10573,56.605078639999995
10574,56.61399625
10575,56.62291385
10576,56.63183146
10577,56.64074907
10578,56.64966667
10579,56.65858428
10580,56.667501890000004
10581,56.676419489999994
10582,56.6853371
10583,56.69425471
10584,56.70317231000001
10585,56.71208992
10586,56.72100753
10587,56.729925130000005
10588,56.738842739999996
10589,56.74776035
10590,56.756677950000004
10591,56.76559556
10592,56.77451317
10593,56.783430769999995
10594,56.79234838
10595,56.801265990000005
10596,56.810183589999994
10597,56.8191012
10598,56.82801881
10599,56.83693641000001
10600,56.84585402
10601,56.85477163
10602,56.863689230000006
10603,56.872606839999996
10604,56.88152445
10605,56.890442050000004
10606,56.89935966
10607,56.90827727
10608,56.917194869999996
10609,56.92611248
10610,56.935030090000005
10611,56.943947689999995
10612,56.9528653
10613,56.961782910000004
10614,56.97070051000001
10615,56.97961812
10616,56.98853573
10617,56.997453330000006
10618,57.00637094
10619,57.01528854
10620,57.02420615
10621,57.03312376
10622,57.04204136
10623,57.050958969999996
10624,57.05987658
10625,57.068794180000005
10626,57.077711789999995
10627,57.0866294
10628,57.095547
10629,57.10446461000001
10630,57.11338222
10631,57.12229982
10632,57.13121743000001
10633,57.14013504
10634,57.14905264
10635,57.15797025
10636,57.16688786
10637,57.17580545999999
10638,57.18472307
10639,57.19364068
10640,57.202558280000005
10641,57.211475889999996
10642,57.2203935
10643,57.229311100000004
10644,57.23822871000001
10645,57.24714632
10646,57.25606392
10647,57.26498153
10648,57.27389914
10649,57.28281674
10650,57.29173435
10651,57.30065196
10652,57.30956955999999
10653,57.31848717
10654,57.32740478
10655,57.336322380000006
10656,57.345239989999996
10657,57.3541576
10658,57.363075200000004
10659,57.37199281000001
10660,57.38091042
10661,57.38982802
10662,57.39874563
10663,57.40766323
10664,57.416580839999995
10665,57.42549845
10666,57.43441605
10667,57.44333365999999
10668,57.45225127
10669,57.46116887
10670,57.470086480000006
10671,57.47900409
10672,57.48792169
10673,57.496839300000005
10674,57.50575691
10675,57.51467451
10676,57.52359212
10677,57.53250973
10678,57.54142733
10679,57.550344939999995
10680,57.55926255
10681,57.56818015
10682,57.577097759999994
10683,57.58601537
10684,57.59493297
10685,57.60385058000001
10686,57.61276819
10687,57.62168579
10688,57.630603400000005
10689,57.63952101
10690,57.64843861
10691,57.65735622
10692,57.66627383
10693,57.67519143
10694,57.684109039999996
10695,57.69302665
10696,57.701944250000004
10697,57.710861859999994
10698,57.71977947
10699,57.72869707
10700,57.73761468000001
10701,57.74653229
10702,57.75544989
10703,57.764367500000006
10704,57.77328511
10705,57.78220271
10706,57.79112032
10707,57.80003792
10708,57.80895552999999
10709,57.817873139999996
10710,57.82679074
10711,57.835708350000004
10712,57.844625959999995
10713,57.85354356
10714,57.86246117
10715,57.87137878000001
10716,57.88029638
10717,57.88921399
10718,57.8981316
10719,57.9070492
10720,57.91596681
10721,57.92488442
10722,57.93380202
10723,57.94271962999999
10724,57.95163724
10725,57.96055484
10726,57.969472450000005
10727,57.978390059999995
10728,57.98730766
10729,57.996225270000004
10730,58.00514288000001
10731,58.01406048
10732,58.02297809
10733,58.0318957
10734,58.0408133
10735,58.049730909999994
10736,58.05864852
10737,58.06756612
10738,58.07648372999999
10739,58.08540134
10740,58.09431894
10741,58.103236550000005
10742,58.112154159999996
10743,58.12107176
10744,58.129989370000004
10745,58.13890698
10746,58.14782458
10747,58.15674219
10748,58.1656598
10749,58.174577400000004
10750,58.183495009999994
10751,58.19241262
10752,58.20133022
10753,58.21024782999999
10754,58.21916543
10755,58.22808304
10756,58.237000650000006
10757,58.245918249999995
10758,58.25483586
10759,58.263753470000005
10760,58.27267107
10761,58.28158868
10762,58.290506289999996
10763,58.29942389
10764,58.308341500000004
10765,58.317259109999995
10766,58.32617671
10767,58.33509432
10768,58.34401192999999
10769,58.35292953
10770,58.36184714
10771,58.370764750000006
10772,58.379682349999996
10773,58.38859996
10774,58.397517570000005
10775,58.40643517
10776,58.41535278
10777,58.42427039
10778,58.43318799
10779,58.442105600000005
10780,58.451023209999995
10781,58.45994081
10782,58.468858420000004
10783,58.477776029999994
10784,58.48669363
10785,58.49561124
10786,58.50452885000001
10787,58.513446449999996
10788,58.52236406
10789,58.53128167
10790,58.54019927
10791,58.54911688
10792,58.55803449
10793,58.56695209
10794,58.575869700000005
10795,58.584787309999996
10796,58.59370491
10797,58.602622520000004
10798,58.61154012000001
10799,58.62045773
10800,58.62937534
10801,58.63829294
10802,58.64721055
10803,58.65612816
10804,58.66504576
10805,58.67396337
10806,58.68288097999999
10807,58.69179858
10808,58.70071619
10809,58.709633800000006
10810,58.718551399999996
10811,58.72746901
10812,58.736386620000005
10813,58.74530422000001
10814,58.75422183
10815,58.76313944
10816,58.77205704
10817,58.78097465
10818,58.78989226
10819,58.79880986
10820,58.80772747
10821,58.816645079999994
10822,58.82556268
10823,58.83448029
10824,58.84339790000001
10825,58.852315499999996
10826,58.86123311
10827,58.870150720000005
10828,58.87906832
10829,58.88798593
10830,58.896903540000004
10831,58.90582114
10832,58.91473875
10833,58.923656359999995
10834,58.93257396
10835,58.941491570000004
10836,58.950409179999994
10837,58.95932678
10838,58.96824439
10839,58.97716200000001
10840,58.9860796
10841,58.99499721
10842,59.003914820000006
10843,59.01283242
10844,59.02175003
10845,59.030667629999996
10846,59.03958524
10847,59.04850285
10848,59.057420449999995
10849,59.06633806
10850,59.075255670000004
10851,59.084173269999994
10852,59.09309088
10853,59.10200849
10854,59.11092609000001
10855,59.1198437
10856,59.12876131
10857,59.137678910000005
10858,59.14659652
10859,59.15551413
10860,59.16443173
10861,59.17334934
10862,59.18226695
10863,59.191184549999996
10864,59.20010216
10865,59.209019770000005
10866,59.217937369999994
10867,59.22685498
10868,59.23577259
10869,59.24469019000001
10870,59.2536078
10871,59.26252541
10872,59.27144301
10873,59.28036062
10874,59.28927823
10875,59.29819583
10876,59.30711344
10877,59.31603104999999
10878,59.324948649999996
10879,59.33386626
10880,59.342783870000005
10881,59.351701469999995
10882,59.36061908
10883,59.369536690000004
10884,59.37845429000001
10885,59.3873719
10886,59.39628951
10887,59.40520711
10888,59.414124720000004
10889,59.42304231999999
10890,59.43195993
10891,59.44087754
10892,59.44979513999999
10893,59.45871275
10894,59.46763036
10895,59.476547960000005
10896,59.485465569999995
10897,59.49438318
10898,59.503300780000004
10899,59.51221839
10900,59.521136
10901,59.5300536
10902,59.53897121
10903,59.54788882
10904,59.556806419999994
10905,59.56572403
10906,59.57464164
10907,59.58355923999999
10908,59.59247685
10909,59.60139446
10910,59.610312060000005
10911,59.619229669999996
10912,59.62814728
10913,59.637064880000004
10914,59.64598249
10915,59.6549001
10916,59.663817699999996
10917,59.67273531
10918,59.68165292
10919,59.690570519999994
10920,59.69948813
10921,59.70840574
10922,59.71732333999999
10923,59.72624095
10924,59.73515856
10925,59.744076160000006
10926,59.752993769999996
10927,59.76191138
10928,59.770828980000005
10929,59.77974659
10930,59.7886642
10931,59.797581799999996
10932,59.80649941
10933,59.815417010000004
10934,59.824334619999995
10935,59.83325223
10936,59.84216983
10937,59.85108743999999
10938,59.86000505
10939,59.86892265
10940,59.877840260000006
10941,59.88675787
10942,59.89567547
10943,59.90459308
10944,59.91351069
10945,59.92242829
10946,59.9313459
10947,59.94026351
10948,59.949181110000005
10949,59.958098719999995
10950,59.96701633
10951,59.975933930000004
10952,59.984851539999994
10953,59.99376915
10954,60.00268675
10955,60.01160436000001
10956,60.02052197
10957,60.02943957
10958,60.03835718
10959,60.04727479
10960,60.05619238999999
10961,60.06511
10962,60.07402761
10963,60.082945210000005
