plazo_dias,valor
1,-0.0279963189
2,0.0090920898
3,0.0214838303
4,0.027701393
5,0.024917253
6,0.0230803142
7,0.0217797498
8,0.0216279546
9,0.0215185935
10,0.0214389301
11,0.0213808596
12,0.0213310736
13,0.0212949524
14,0.0212695635
15,0.021001584
16,0.0207720485
17,0.0205741692
18,0.0204026663
19,0.0202190327
20,0.0200577067
21,0.0199154981
22,0.0197897973
23,0.0196784483
24,0.0195796544
25,0.0194919066
26,0.0194219754
27,0.0193601294
28,0.0193055
29,0.0192573387
30,0.0192149963
31,0.0191779078
32,0.0191455785
33,0.0191175739
34,0.0190935108
35,0.0189743098
36,0.0188619058
37,0.0187543105
38,0.0186542798
39,0.0185612303
40,0.0184746367
41,0.0183940255
42,0.0183189675
43,0.0182490744
44,0.0181839923
45,0.0181233991
46,0.018067001
47,0.0180145287
48,0.0179657358
49,0.0179203957
50,0.0178783001
51,0.0178392569
52,0.0178030888
53,0.0177696321
54,0.0177387349
55,0.0177102567
56,0.0176840667
57,0.0176600434
58,0.0176380739
59,0.0176180525
60,0.017599881
61,0.0175834674
62,0.0175687257
63,0.0175555753
64,0.0175294386
65,0.0175051984
66,0.0174827678
67,0.0174620645
68,0.0174483087
69,0.0174359771
70,0.0174250082
71,0.0174153432
72,0.0174069271
73,0.0173997078
74,0.0173936358
75,0.0173886648
76,0.0173847502
77,0.0173818502
78,0.0173799251
79,0.0173789369
80,0.01737885
81,0.0173796302
82,0.0173812449
83,0.0173836636
84,0.0173868565
85,0.017390796
86,0.0173954549
87,0.0174008081
88,0.0174068311
89,0.0174135006
90,0.0174207947
91,0.0174286918
92,0.0174371719
93,0.0174378566
94,0.0174392671
95,0.0174413798
96,0.0174441722
97,0.0174455033
98,0.0174361742
99,0.0174275108
100,0.0174194924
101,0.0174120997
102,0.017405314
103,0.0173991169
104,0.0173934913
105,0.0173884205
106,0.0173838883
107,0.0173798792
108,0.0173763784
109,0.0173733716
110,0.0173708447
111,0.0173687847
112,0.0173671786
113,0.0173660139
114,0.0173652788
115,0.0173649617
116,0.0173650514
117,0.0173655372
118,0.0173664086
119,0.0173676556
120,0.0173692686
121,0.017371238
122,0.0173735548
123,0.0173762103
124,0.017379196
125,0.0173825033
126,0.0173861248
127,0.0173900523
128,0.0173949537
129,0.0174001362
130,0.0174055928
131,0.0174113171
132,0.0174173027
133,0.0174235433
134,0.017430033
135,0.0174367659
136,0.0174437365
137,0.0174509392
138,0.0174583687
139,0.0174660198
140,0.0174738875
141,0.017481967
142,0.0174902534
143,0.0174987422
144,0.0175074289
145,0.0175163091
146,0.0175253786
147,0.0175346332
148,0.0175440691
149,0.0175536822
150,0.0175634686
151,0.0175734249
152,0.0175835474
153,0.0175938324
154,0.0176042768
155,0.017614877
156,0.0176256298
157,0.0176365323
158,0.0176475811
159,0.0176476342
160,0.0176479668
161,0.0176485735
162,0.0176494491
163,0.0176505883
164,0.0176519859
165,0.0176536372
166,0.0176555374
167,0.0176576816
168,0.0176600653
169,0.0176626842
170,0.0176655336
171,0.0176686094
172,0.0176719076
173,0.0176754239
174,0.0176791543
175,0.0176830951
176,0.0176872423
177,0.0176915924
178,0.0176961416
179,0.0177008863
180,0.0177058232
181,0.017710949
182,0.01771626
183,0.0177217533
184,0.0177274257
185,0.0177332738
186,0.0177392949
187,0.0177454859
188,0.0177337747
189,0.0177292486
190,0.0177233814
191,0.0177177947
192,0.017712484
193,0.0177074451
194,0.0177026731
195,0.0176981641
196,0.0176939137
197,0.0176899178
198,0.0176861726
199,0.0176826737
200,0.0176794176
201,0.0176764003
202,0.0176736183
203,0.0176710676
204,0.0176687449
205,0.0176666466
206,0.0176647693
207,0.0176631096
208,0.017661664
209,0.0176604296
210,0.017659403
211,0.0176585811
212,0.0176579608
213,0.0176575391
214,0.0176573133
215,0.0176572802
216,0.017657437
217,0.0176577811
218,0.0176583096
219,0.0176590199
220,0.0176599092
221,0.0176609749
222,0.0176622148
223,0.0176628503
224,0.0176636617
225,0.0176646466
226,0.0176658024
227,0.0176671268
228,0.0176686174
229,0.0176702718
230,0.0176720878
231,0.0176740632
232,0.0176761956
233,0.017678483
234,0.0176809232
235,0.017683514
236,0.0176862536
237,0.0176891397
238,0.0176921705
239,0.0176953439
240,0.0176986581
241,0.0177021109
242,0.0177057008
243,0.0177094259
244,0.0177132844
245,0.0177172744
246,0.0177213942
247,0.017725642
248,0.0177300163
249,0.0177345154
250,0.0177386451
251,0.0177429003
252,0.0177472794
253,0.0177517806
254,0.0177564023
255,0.0177611432
256,0.0177660015
257,0.017770976
258,0.0177760649
259,0.017781267
260,0.0177865807
261,0.0177920046
262,0.0177975373
263,0.0178031776
264,0.017808924
265,0.0178147751
266,0.0178207298
267,0.0178267866
268,0.0178329444
269,0.0178392018
270,0.0178455576
271,0.0178520108
272,0.0178585599
273,0.0178652039
274,0.0178719417
275,0.017878772
276,0.0178856936
277,0.0178927056
278,0.0178995672
279,0.017906254
280,0.0178995862
281,0.0178930157
282,0.0178865411
283,0.0178801615
284,0.0178738759
285,0.0178676831
286,0.0178615821
287,0.0178555721
288,0.0178496519
289,0.0178438207
290,0.0178380772
291,0.0178324209
292,0.0178268505
293,0.0178213653
294,0.0178159643
295,0.0178106466
296,0.0178054114
297,0.0178002577
298,0.0177951847
299,0.0177901914
300,0.0177852773
301,0.0177804414
302,0.0177756826
303,0.0177710006
304,0.0177663943
305,0.0177618628
306,0.0177574058
307,0.017753022
308,0.017748711
309,0.0177444696
310,0.0177402996
311,0.0177362001
312,0.0177321702
313,0.0177282095
314,0.0177243171
315,0.0177204924
316,0.0177167347
317,0.0177130432
318,0.0177094174
319,0.0177058567
320,0.0177023603
321,0.0176989275
322,0.0176955579
323,0.0176922507
324,0.0176890053
325,0.0176858212
326,0.0176826978
327,0.0176796344
328,0.0176766304
329,0.0176736853
330,0.0176707985
331,0.0176679694
332,0.0176651975
333,0.0176624824
334,0.0176598231
335,0.0176572195
336,0.0176546709
337,0.0176521768
338,0.0176497367
339,0.01764735
340,0.0176450163
341,0.0176529776
342,0.0176609389
343,0.0176689003
344,0.0176768616
345,0.0176848229
346,0.0176927843
347,0.0177007456
348,0.0177087069
349,0.0177166683
350,0.0177246296
351,0.0177325909
352,0.0177405523
353,0.0177485136
354,0.0177564749
355,0.0177644363
356,0.0177723976
357,0.0177803589
358,0.0177883203
359,0.0177962816
360,0.0178042429
361,0.0178122043
362,0.0178201656
363,0.0178281269
364,0.0178360883
365,0.0178440496
366,0.0178520109
367,0.0178599723
368,0.0178679336
369,0.0178758949
370,0.0178794518
371,0.0178830088
372,0.0178865657
373,0.0178901226
374,0.0178936795
375,0.0178972365
376,0.0179007934
377,0.0179043503
378,0.0179079073
379,0.0179114642
380,0.0179150211
381,0.017918578
382,0.017922135
383,0.0179256919
384,0.0179292488
385,0.0179328057
386,0.0179363627
387,0.0179399196
388,0.0179434765
389,0.0179470334
390,0.0179505904
391,0.0179541473
392,0.0179577042
393,0.0179612611
394,0.0179648181
395,0.017968375
396,0.0179719319
397,0.0179754888
398,0.0179790458
399,0.0179826027
400,0.0179861596
401,0.0179897165
402,0.0179932735
403,0.0179968304
404,0.0180003873
405,0.0180039442
406,0.0180075012
407,0.0180110581
408,0.018014615
409,0.0180181719
410,0.0180217289
411,0.0180252858
412,0.0180288427
413,0.0180323996
414,0.0180359566
415,0.0180395135
416,0.0180430704
417,0.0180466273
418,0.0180501843
419,0.0180537412
420,0.0180572981
421,0.018060855
422,0.018064412
423,0.0180679689
424,0.0180715258
425,0.0180750827
426,0.0180786397
427,0.0180821966
428,0.0180857535
429,0.0180893105
430,0.0180928674
431,0.0180964243
432,0.0180999812
433,0.0181035382
434,0.0181070951
435,0.018110652
436,0.0181142089
437,0.0181177659
438,0.0181213228
439,0.0181248797
440,0.0181284366
441,0.0181319936
442,0.0181355505
443,0.0181391074
444,0.0181426643
445,0.0181462213
446,0.0181497782
447,0.0181533351
448,0.018156892
449,0.018160449
450,0.0181640059
451,0.0181675628
452,0.0181711197
453,0.0181746767
454,0.0181782336
455,0.0181817905
456,0.0181853474
457,0.0181889044
458,0.0181924613
459,0.0181960182
460,0.0181995751
461,0.0182031321
462,0.018206689
463,0.0182102459
464,0.0182138028
465,0.0182173598
466,0.0182209167
467,0.0182244736
468,0.0182280305
469,0.0182315875
470,0.0182351444
471,0.0182387013
472,0.0182422582
473,0.0182458152
474,0.0182493721
475,0.018252929
476,0.0182564859
477,0.0182600429
478,0.0182635998
479,0.0182671567
480,0.0182707137
481,0.0182742706
482,0.0182778275
483,0.0182813844
484,0.0182849414
485,0.0182884983
486,0.0182920552
487,0.0182956121
488,0.0182991691
489,0.018302726
490,0.0183062829
491,0.0183098398
492,0.0183133968
493,0.0183169537
494,0.0183205106
495,0.0183240675
496,0.0183276245
497,0.0183311814
498,0.0183347383
499,0.0183382952
500,0.0183418522
501,0.0183454091
502,0.018348966
503,0.0183525229
504,0.0183560799
505,0.0183596368
506,0.0183631937
507,0.0183667506
508,0.0183703076
509,0.0183738645
510,0.0183774214
511,0.0183809783
512,0.0183845353
513,0.0183880922
514,0.0183916491
515,0.018395206
516,0.018398763
517,0.0184023199
518,0.0184058768
519,0.0184094337
520,0.0184129907
521,0.0184165476
522,0.0184201045
523,0.0184236614
524,0.0184272184
525,0.0184307753
526,0.0184343322
527,0.0184378891
528,0.0184414461
529,0.018445003
530,0.0184485599
531,0.0184521169
532,0.0184556738
533,0.0184592307
534,0.0184627876
535,0.0184663446
536,0.0184699015
537,0.0184734584
538,0.0184770153
539,0.0184805723
540,0.0184841292
541,0.0184876861
542,0.018491243
543,0.0184948
544,0.0184983569
545,0.0185019138
546,0.0185054707
547,0.0185090277
548,0.0185125846
549,0.0185161415
550,0.0185196984
551,0.0185232554
552,0.0185268123
553,0.0185303692
554,0.0185339261
555,0.0185374831
556,0.01854104
557,0.0185445969
558,0.0185481538
559,0.0185517108
560,0.0185552677
561,0.0185588246
562,0.0185623815
563,0.0185659385
564,0.0185694954
565,0.0185730523
566,0.0185766092
567,0.0185801662
568,0.0185837231
569,0.01858728
570,0.0185908369
571,0.0185943939
572,0.0185979508
573,0.0186015077
574,0.0186050646
575,0.0186086216
576,0.0186121785
577,0.0186157354
578,0.0186192923
579,0.0186228493
580,0.0186264062
581,0.0186299631
582,0.0186335201
583,0.018637077
584,0.0186406339
585,0.0186441908
586,0.0186477478
587,0.0186513047
588,0.0186548616
589,0.0186584185
590,0.0186619755
591,0.0186655324
592,0.0186690893
593,0.0186726462
594,0.0186762032
595,0.0186797601
596,0.018683317
597,0.0186868739
598,0.0186904309
599,0.0186939878
600,0.0186975447
601,0.0187011016
602,0.0187046586
603,0.0187082155
604,0.0187117724
605,0.0187153293
606,0.0187188863
607,0.0187224432
608,0.0187260001
609,0.018729557
610,0.018733114
611,0.0187366709
612,0.0187402278
613,0.0187437847
614,0.0187473417
615,0.0187508986
616,0.0187544555
617,0.0187580124
618,0.0187615694
619,0.0187651263
620,0.0187686832
621,0.0187722401
622,0.0187757971
623,0.018779354
624,0.0187829109
625,0.0187864678
626,0.0187900248
627,0.0187935817
628,0.0187971386
629,0.0188006955
630,0.0188042525
631,0.0188078094
632,0.0188113663
633,0.0188149233
634,0.0188184802
635,0.0188220371
636,0.018825594
637,0.018829151
638,0.0188327079
639,0.0188362648
640,0.0188398217
641,0.0188433787
642,0.0188469356
643,0.0188504925
644,0.0188540494
645,0.0188576064
646,0.0188611633
647,0.0188647202
648,0.0188682771
649,0.0188718341
650,0.018875391
651,0.0188789479
652,0.0188825048
653,0.0188860618
654,0.0188896187
655,0.0188931756
656,0.0188967325
657,0.0189002895
658,0.0189038464
659,0.0189074033
660,0.0189109602
661,0.0189145172
662,0.0189180741
663,0.018921631
664,0.0189251879
665,0.0189287449
666,0.0189323018
667,0.0189358587
668,0.0189394156
669,0.0189429726
670,0.0189465295
671,0.0189500864
672,0.0189536433
673,0.0189572003
674,0.0189607572
675,0.0189643141
676,0.018967871
677,0.018971428
678,0.0189749849
679,0.0189785418
680,0.0189820987
681,0.0189856557
682,0.0189892126
683,0.0189927695
684,0.0189963265
685,0.0189998834
686,0.0190034403
687,0.0190069972
688,0.0190105542
689,0.0190141111
690,0.019017668
691,0.0190212249
692,0.0190247819
693,0.0190283388
694,0.0190318957
695,0.0190354526
696,0.0190390096
697,0.0190425665
698,0.0190461234
699,0.0190496803
700,0.0190532373
701,0.0190567942
702,0.0190603511
703,0.019063908
704,0.019067465
705,0.0190710219
706,0.0190745788
707,0.0190781357
708,0.0190816927
709,0.0190852496
710,0.0190888065
711,0.0190923634
712,0.0190959204
713,0.0190994773
714,0.0191030342
715,0.0191065911
716,0.0191101481
717,0.019113705
718,0.0191172619
719,0.0191208188
720,0.0191243758
721,0.0191279327
722,0.0191314896
723,0.0191350465
724,0.0191386035
725,0.0191421604
726,0.0191457173
727,0.0191492742
728,0.0191528312
729,0.0191563881
730,0.019159945
731,0.0191635019
732,0.0191670589
733,0.0191706158
734,0.0191741727
735,0.0191777297
736,0.0191786645
737,0.0191795994
738,0.0191805343
739,0.0191814692
740,0.019182404
741,0.0191833389
742,0.0191842738
743,0.0191852087
744,0.0191861436
745,0.0191870784
746,0.0191880133
747,0.0191889482
748,0.0191898831
749,0.019190818
750,0.0191917528
751,0.0191926877
752,0.0191936226
753,0.0191945575
754,0.0191954924
755,0.0191964272
756,0.0191973621
757,0.019198297
758,0.0191992319
759,0.0192001667
760,0.0192011016
761,0.0192020365
762,0.0192029714
763,0.0192039063
764,0.0192048411
765,0.019205776
766,0.0192067109
767,0.0192076458
768,0.0192085807
769,0.0192095155
770,0.0192104504
771,0.0192113853
772,0.0192123202
773,0.0192132551
774,0.0192141899
775,0.0192151248
776,0.0192160597
777,0.0192169946
778,0.0192179295
779,0.0192188643
780,0.0192197992
781,0.0192207341
782,0.019221669
783,0.0192226038
784,0.0192235387
785,0.0192244736
786,0.0192254085
787,0.0192263434
788,0.0192272782
789,0.0192282131
790,0.019229148
791,0.0192300829
792,0.0192310178
793,0.0192319526
794,0.0192328875
795,0.0192338224
796,0.0192347573
797,0.0192356922
798,0.019236627
799,0.0192375619
800,0.0192384968
801,0.0192394317
802,0.0192403666
803,0.0192413014
804,0.0192422363
805,0.0192431712
806,0.0192441061
807,0.0192450409
808,0.0192459758
809,0.0192469107
810,0.0192478456
811,0.0192487805
812,0.0192497153
813,0.0192506502
814,0.0192515851
815,0.01925252
816,0.0192534549
817,0.0192543897
818,0.0192553246
819,0.0192562595
820,0.0192571944
821,0.0192581293
822,0.0192590641
823,0.019259999
824,0.0192609339
825,0.0192618688
826,0.0192628037
827,0.0192637385
828,0.0192646734
829,0.0192656083
830,0.0192665432
831,0.019267478
832,0.0192684129
833,0.0192693478
834,0.0192702827
835,0.0192712176
836,0.0192721524
837,0.0192730873
838,0.0192740222
839,0.0192749571
840,0.019275892
841,0.0192768268
842,0.0192777617
843,0.0192786966
844,0.0192796315
845,0.0192805664
846,0.0192815012
847,0.0192824361
848,0.019283371
849,0.0192843059
850,0.0192852408
851,0.0192861756
852,0.0192871105
853,0.0192880454
854,0.0192889803
855,0.0192899151
856,0.01929085
857,0.0192917849
858,0.0192927198
859,0.0192936547
860,0.0192945895
861,0.0192955244
862,0.0192964593
863,0.0192973942
864,0.0192983291
865,0.0192992639
866,0.0193001988
867,0.0193011337
868,0.0193020686
869,0.0193030035
870,0.0193039383
871,0.0193048732
872,0.0193058081
873,0.019306743
874,0.0193076779
875,0.0193086127
876,0.0193095476
877,0.0193104825
878,0.0193114174
879,0.0193123522
880,0.0193132871
881,0.019314222
882,0.0193151569
883,0.0193160918
884,0.0193170266
885,0.0193179615
886,0.0193188964
887,0.0193198313
888,0.0193207662
889,0.019321701
890,0.0193226359
891,0.0193235708
892,0.0193245057
893,0.0193254406
894,0.0193263754
895,0.0193273103
896,0.0193282452
897,0.0193291801
898,0.019330115
899,0.0193310498
900,0.0193319847
901,0.0193329196
902,0.0193338545
903,0.0193347893
904,0.0193357242
905,0.0193366591
906,0.019337594
907,0.0193385289
908,0.0193394637
909,0.0193403986
910,0.0193413335
911,0.0193422684
912,0.0193432033
913,0.0193441381
914,0.019345073
915,0.0193460079
916,0.0193469428
917,0.0193478777
918,0.0193488125
919,0.0193497474
920,0.0193506823
921,0.0193516172
922,0.019352552
923,0.0193534869
924,0.0193544218
925,0.0193553567
926,0.0193562916
927,0.0193572264
928,0.0193581613
929,0.0193590962
930,0.0193600311
931,0.019360966
932,0.0193619008
933,0.0193628357
934,0.0193637706
935,0.0193647055
936,0.0193656404
937,0.0193665752
938,0.0193675101
939,0.019368445
940,0.0193693799
941,0.0193703148
942,0.0193712496
943,0.0193721845
944,0.0193731194
945,0.0193740543
946,0.0193749891
947,0.019375924
948,0.0193768589
949,0.0193777938
950,0.0193787287
951,0.0193796635
952,0.0193805984
953,0.0193815333
954,0.0193824682
955,0.0193834031
956,0.0193843379
957,0.0193852728
958,0.0193862077
959,0.0193871426
960,0.0193880775
961,0.0193890123
962,0.0193899472
963,0.0193908821
964,0.019391817
965,0.0193927519
966,0.0193936867
967,0.0193946216
968,0.0193955565
969,0.0193964914
970,0.0193974262
971,0.0193983611
972,0.019399296
973,0.0194002309
974,0.0194011658
975,0.0194021006
976,0.0194030355
977,0.0194039704
978,0.0194049053
979,0.0194058402
980,0.019406775
981,0.0194077099
982,0.0194086448
983,0.0194095797
984,0.0194105146
985,0.0194114494
986,0.0194123843
987,0.0194133192
988,0.0194142541
989,0.019415189
990,0.0194161238
991,0.0194170587
992,0.0194179936
993,0.0194189285
994,0.0194198633
995,0.0194207982
996,0.0194217331
997,0.019422668
998,0.0194236029
999,0.0194245377
1000,0.0194254726
1001,0.0194264075
1002,0.0194273424
1003,0.0194282773
1004,0.0194292121
1005,0.019430147
1006,0.0194310819
1007,0.0194320168
1008,0.0194329517
1009,0.0194338865
1010,0.0194348214
1011,0.0194357563
1012,0.0194366912
1013,0.0194376261
1014,0.0194385609
1015,0.0194394958
1016,0.0194404307
1017,0.0194413656
1018,0.0194423004
1019,0.0194432353
1020,0.0194441702
1021,0.0194451051
1022,0.01944604
1023,0.0194469748
1024,0.0194479097
1025,0.0194488446
1026,0.0194497795
1027,0.0194507144
1028,0.0194516492
1029,0.0194525841
1030,0.019453519
1031,0.0194544539
1032,0.0194553888
1033,0.0194563236
1034,0.0194572585
1035,0.0194581934
1036,0.0194591283
1037,0.0194600632
1038,0.019460998
1039,0.0194619329
1040,0.0194628678
1041,0.0194638027
1042,0.0194647375
1043,0.0194656724
1044,0.0194666073
1045,0.0194675422
1046,0.0194684771
1047,0.0194694119
1048,0.0194703468
1049,0.0194712817
1050,0.0194722166
1051,0.0194731515
1052,0.0194740863
1053,0.0194750212
1054,0.0194759561
1055,0.019476891
1056,0.0194778259
1057,0.0194787607
1058,0.0194796956
1059,0.0194806305
1060,0.0194815654
1061,0.0194825003
1062,0.0194834351
1063,0.01948437
1064,0.0194853049
1065,0.0194862398
1066,0.0194871746
1067,0.0194881095
1068,0.0194890444
1069,0.0194899793
1070,0.0194909142
1071,0.019491849
1072,0.0194927839
1073,0.0194937188
1074,0.0194946537
1075,0.0194955886
1076,0.0194965234
1077,0.0194974583
1078,0.0194983932
1079,0.0194993281
1080,0.019500263
1081,0.0195011978
1082,0.0195021327
1083,0.0195030676
1084,0.0195040025
1085,0.0195049373
1086,0.0195058722
1087,0.0195068071
1088,0.019507742
1089,0.0195086769
1090,0.0195096117
1091,0.0195105466
1092,0.0195114815
1093,0.0195124164
1094,0.0195133513
1095,0.0195142861
1096,0.019515221
1097,0.0195161559
1098,0.0195170908
1099,0.0195180257
1100,0.0195189605
1101,0.0195200954
1102,0.0195212303
1103,0.0195223652
1104,0.0195235
1105,0.0195246349
1106,0.0195257698
1107,0.0195269046
1108,0.0195280395
1109,0.0195291744
1110,0.0195303093
1111,0.0195314441
1112,0.019532579
1113,0.0195337139
1114,0.0195348487
1115,0.0195359836
1116,0.0195371185
1117,0.0195382534
1118,0.0195393882
1119,0.0195405231
1120,0.019541658
1121,0.0195427928
1122,0.0195439277
1123,0.0195450626
1124,0.0195461975
1125,0.0195473323
1126,0.0195484672
1127,0.0195496021
1128,0.0195507369
1129,0.0195518718
1130,0.0195530067
1131,0.0195541416
1132,0.0195552764
1133,0.0195564113
1134,0.0195575462
1135,0.019558681
1136,0.0195598159
1137,0.0195609508
1138,0.0195620857
1139,0.0195632205
1140,0.0195643554
1141,0.0195654903
1142,0.0195666252
1143,0.01956776
1144,0.0195688949
1145,0.0195700298
1146,0.0195711646
1147,0.0195722995
1148,0.0195734344
1149,0.0195745693
1150,0.0195757041
1151,0.019576839
1152,0.0195779739
1153,0.0195791087
1154,0.0195802436
1155,0.0195813785
1156,0.0195825134
1157,0.0195836482
1158,0.0195847831
1159,0.019585918
1160,0.0195870528
1161,0.0195881877
1162,0.0195893226
1163,0.0195904575
1164,0.0195915923
1165,0.0195927272
1166,0.0195938621
1167,0.0195949969
1168,0.0195961318
1169,0.0195972667
1170,0.0195984016
1171,0.0195995364
1172,0.0196006713
1173,0.0196018062
1174,0.019602941
1175,0.0196040759
1176,0.0196052108
1177,0.0196063457
1178,0.0196074805
1179,0.0196086154
1180,0.0196097503
1181,0.0196108852
1182,0.01961202
1183,0.0196131549
1184,0.0196142898
1185,0.0196154246
1186,0.0196165595
1187,0.0196176944
1188,0.0196188293
1189,0.0196199641
1190,0.019621099
1191,0.0196222339
1192,0.0196233687
1193,0.0196245036
1194,0.0196256385
1195,0.0196267734
1196,0.0196279082
1197,0.0196290431
1198,0.019630178
1199,0.0196313128
1200,0.0196324477
1201,0.0196335826
1202,0.0196347175
1203,0.0196358523
1204,0.0196369872
1205,0.0196381221
1206,0.0196392569
1207,0.0196403918
1208,0.0196415267
1209,0.0196426616
1210,0.0196437964
1211,0.0196449313
1212,0.0196460662
1213,0.019647201
1214,0.0196483359
1215,0.0196494708
1216,0.0196506057
1217,0.0196517405
1218,0.0196528754
1219,0.0196540103
1220,0.0196551452
1221,0.01965628
1222,0.0196574149
1223,0.0196585498
1224,0.0196596846
1225,0.0196608195
1226,0.0196619544
1227,0.0196630893
1228,0.0196642241
1229,0.019665359
1230,0.0196664939
1231,0.0196676287
1232,0.0196687636
1233,0.0196698985
1234,0.0196710334
1235,0.0196721682
1236,0.0196733031
1237,0.019674438
1238,0.0196755728
1239,0.0196767077
1240,0.0196778426
1241,0.0196789775
1242,0.0196801123
1243,0.0196812472
1244,0.0196823821
1245,0.0196835169
1246,0.0196846518
1247,0.0196857867
1248,0.0196869216
1249,0.0196880564
1250,0.0196891913
1251,0.0196903262
1252,0.019691461
1253,0.0196925959
1254,0.0196937308
1255,0.0196948657
1256,0.0196960005
1257,0.0196971354
1258,0.0196982703
1259,0.0196994052
1260,0.01970054
1261,0.0197016749
1262,0.0197028098
1263,0.0197039446
1264,0.0197050795
1265,0.0197062144
1266,0.0197073493
1267,0.0197084841
1268,0.019709619
1269,0.0197107539
1270,0.0197118887
1271,0.0197130236
1272,0.0197141585
1273,0.0197152934
1274,0.0197164282
1275,0.0197175631
1276,0.019718698
1277,0.0197198328
1278,0.0197209677
1279,0.0197221026
1280,0.0197232375
1281,0.0197243723
1282,0.0197255072
1283,0.0197266421
1284,0.0197277769
1285,0.0197289118
1286,0.0197300467
1287,0.0197311816
1288,0.0197323164
1289,0.0197334513
1290,0.0197345862
1291,0.019735721
1292,0.0197368559
1293,0.0197379908
1294,0.0197391257
1295,0.0197402605
1296,0.0197413954
1297,0.0197425303
1298,0.0197436652
1299,0.0197448
1300,0.0197459349
1301,0.0197470698
1302,0.0197482046
1303,0.0197493395
1304,0.0197504744
1305,0.0197516093
1306,0.0197527441
1307,0.019753879
1308,0.0197550139
1309,0.0197561487
1310,0.0197572836
1311,0.0197584185
1312,0.0197595534
1313,0.0197606882
1314,0.0197618231
1315,0.019762958
1316,0.0197640928
1317,0.0197652277
1318,0.0197663626
1319,0.0197674975
1320,0.0197686323
1321,0.0197697672
1322,0.0197709021
1323,0.0197720369
1324,0.0197731718
1325,0.0197743067
1326,0.0197754416
1327,0.0197765764
1328,0.0197777113
1329,0.0197788462
1330,0.019779981
1331,0.0197811159
1332,0.0197822508
1333,0.0197833857
1334,0.0197845205
1335,0.0197856554
1336,0.0197867903
1337,0.0197879252
1338,0.01978906
1339,0.0197901949
1340,0.0197913298
1341,0.0197924646
1342,0.0197935995
1343,0.0197947344
1344,0.0197958693
1345,0.0197970041
1346,0.019798139
1347,0.0197992739
1348,0.0198004087
1349,0.0198015436
1350,0.0198026785
1351,0.0198038134
1352,0.0198049482
1353,0.0198060831
1354,0.019807218
1355,0.0198083528
1356,0.0198094877
1357,0.0198106226
1358,0.0198117575
1359,0.0198128923
1360,0.0198140272
1361,0.0198151621
1362,0.0198162969
1363,0.0198174318
1364,0.0198185667
1365,0.0198197016
1366,0.0198208364
1367,0.0198219713
1368,0.0198231062
1369,0.019824241
1370,0.0198253759
1371,0.0198265108
1372,0.0198276457
1373,0.0198287805
1374,0.0198299154
1375,0.0198310503
1376,0.0198321852
1377,0.01983332
1378,0.0198344549
1379,0.0198355898
1380,0.0198367246
1381,0.0198378595
1382,0.0198389944
1383,0.0198401293
1384,0.0198412641
1385,0.019842399
1386,0.0198435339
1387,0.0198446687
1388,0.0198458036
1389,0.0198469385
1390,0.0198480734
1391,0.0198492082
1392,0.0198503431
1393,0.019851478
1394,0.0198526128
1395,0.0198537477
1396,0.0198548826
1397,0.0198560175
1398,0.0198571523
1399,0.0198582872
1400,0.0198594221
1401,0.0198605569
1402,0.0198616918
1403,0.0198628267
1404,0.0198639616
1405,0.0198650964
1406,0.0198662313
1407,0.0198673662
1408,0.019868501
1409,0.0198696359
1410,0.0198707708
1411,0.0198719057
1412,0.0198730405
1413,0.0198741754
1414,0.0198753103
1415,0.0198764452
1416,0.01987758
1417,0.0198787149
1418,0.0198798498
1419,0.0198809846
1420,0.0198821195
1421,0.0198832544
1422,0.0198843893
1423,0.0198855241
1424,0.019886659
1425,0.0198877939
1426,0.0198889287
1427,0.0198900636
1428,0.0198911985
1429,0.0198923334
1430,0.0198934682
1431,0.0198946031
1432,0.019895738
1433,0.0198968728
1434,0.0198980077
1435,0.0198991426
1436,0.0199002775
1437,0.0199014123
1438,0.0199025472
1439,0.0199036821
1440,0.0199048169
1441,0.0199059518
1442,0.0199070867
1443,0.0199082216
1444,0.0199093564
1445,0.0199104913
1446,0.0199116262
1447,0.019912761
1448,0.0199138959
1449,0.0199150308
1450,0.0199161657
1451,0.0199173005
1452,0.0199184354
1453,0.0199195703
1454,0.0199207052
1455,0.01992184
1456,0.0199229749
1457,0.0199241098
1458,0.0199252446
1459,0.0199263795
1460,0.0199275144
1461,0.0199286493
1462,0.0199297841
1463,0.019930919
1464,0.0199320539
1465,0.0199331887
1466,0.0199343236
1467,0.0199354585
1468,0.019938315
1469,0.0199411715
1470,0.019944028
1471,0.0199468845
1472,0.0199497411
1473,0.0199525976
1474,0.0199554541
1475,0.0199583106
1476,0.0199611671
1477,0.0199640236
1478,0.0199668802
1479,0.0199697367
1480,0.0199725932
1481,0.0199754497
1482,0.0199783062
1483,0.0199811627
1484,0.0199840192
1485,0.0199868758
1486,0.0199897323
1487,0.0199925888
1488,0.0199954453
1489,0.0199983018
1490,0.0200011583
1491,0.0200040148
1492,0.0200068714
1493,0.0200097279
1494,0.0200125844
1495,0.0200154409
1496,0.0200182974
1497,0.0200211539
1498,0.0200240105
1499,0.020026867
1500,0.0200297235
1501,0.02003258
1502,0.0200354365
1503,0.020038293
1504,0.0200411495
1505,0.0200440061
1506,0.0200468626
1507,0.0200497191
1508,0.0200525756
1509,0.0200554321
1510,0.0200582886
1511,0.0200611451
1512,0.0200640017
1513,0.0200668582
1514,0.0200697147
1515,0.0200725712
1516,0.0200754277
1517,0.0200782842
1518,0.0200811408
1519,0.0200839973
1520,0.0200868538
1521,0.0200897103
1522,0.0200925668
1523,0.0200954233
1524,0.0200982798
1525,0.0201011364
1526,0.0201039929
1527,0.0201068494
1528,0.0201097059
1529,0.0201125624
1530,0.0201154189
1531,0.0201182755
1532,0.020121132
1533,0.0201239885
1534,0.020126845
1535,0.0201297015
1536,0.020132558
1537,0.0201354145
1538,0.0201382711
1539,0.0201411276
1540,0.0201439841
1541,0.0201468406
1542,0.0201496971
1543,0.0201525536
1544,0.0201554101
1545,0.0201582667
1546,0.0201611232
1547,0.0201639797
1548,0.0201668362
1549,0.0201696927
1550,0.0201725492
1551,0.0201754058
1552,0.0201782623
1553,0.0201811188
1554,0.0201839753
1555,0.0201868318
1556,0.0201896883
1557,0.0201925448
1558,0.0201954014
1559,0.0201982579
1560,0.0202011144
1561,0.0202039709
1562,0.0202068274
1563,0.0202096839
1564,0.0202125404
1565,0.020215397
1566,0.0202182535
1567,0.02022111
1568,0.0202239665
1569,0.020226823
1570,0.0202296795
1571,0.0202325361
1572,0.0202353926
1573,0.0202382491
1574,0.0202411056
1575,0.0202439621
1576,0.0202468186
1577,0.0202496751
1578,0.0202525317
1579,0.0202553882
1580,0.0202582447
1581,0.0202611012
1582,0.0202639577
1583,0.0202668142
1584,0.0202696707
1585,0.0202725273
1586,0.0202753838
1587,0.0202782403
1588,0.0202810968
1589,0.0202839533
1590,0.0202868098
1591,0.0202896664
1592,0.0202925229
1593,0.0202953794
1594,0.0202982359
1595,0.0203010924
1596,0.0203039489
1597,0.0203068054
1598,0.020309662
1599,0.0203125185
1600,0.020315375
1601,0.0203182315
1602,0.020321088
1603,0.0203239445
1604,0.0203268011
1605,0.0203296576
1606,0.0203325141
1607,0.0203353706
1608,0.0203382271
1609,0.0203410836
1610,0.0203439401
1611,0.0203467967
1612,0.0203496532
1613,0.0203525097
1614,0.0203553662
1615,0.0203582227
1616,0.0203610792
1617,0.0203639357
1618,0.0203667923
1619,0.0203696488
1620,0.0203725053
1621,0.0203753618
1622,0.0203782183
1623,0.0203810748
1624,0.0203839314
1625,0.0203867879
1626,0.0203896444
1627,0.0203925009
1628,0.0203953574
1629,0.0203982139
1630,0.0204010704
1631,0.020403927
1632,0.0204067835
1633,0.02040964
1634,0.0204124965
1635,0.020415353
1636,0.0204182095
1637,0.020421066
1638,0.0204239226
1639,0.0204267791
1640,0.0204296356
1641,0.0204324921
1642,0.0204353486
1643,0.0204382051
1644,0.0204410617
1645,0.0204439182
1646,0.0204467747
1647,0.0204496312
1648,0.0204524877
1649,0.0204553442
1650,0.0204582007
1651,0.0204610573
1652,0.0204639138
1653,0.0204667703
1654,0.0204696268
1655,0.0204724833
1656,0.0204753398
1657,0.0204781963
1658,0.0204810529
1659,0.0204839094
1660,0.0204867659
1661,0.0204896224
1662,0.0204924789
1663,0.0204953354
1664,0.020498192
1665,0.0205010485
1666,0.020503905
1667,0.0205067615
1668,0.020509618
1669,0.0205124745
1670,0.020515331
1671,0.0205181876
1672,0.0205210441
1673,0.0205239006
1674,0.0205267571
1675,0.0205296136
1676,0.0205324701
1677,0.0205353267
1678,0.0205381832
1679,0.0205410397
1680,0.0205438962
1681,0.0205467527
1682,0.0205496092
1683,0.0205524657
1684,0.0205553223
1685,0.0205581788
1686,0.0205610353
1687,0.0205638918
1688,0.0205667483
1689,0.0205696048
1690,0.0205724613
1691,0.0205753179
1692,0.0205781744
1693,0.0205810309
1694,0.0205838874
1695,0.0205867439
1696,0.0205896004
1697,0.020592457
1698,0.0205953135
1699,0.02059817
1700,0.0206010265
1701,0.020603883
1702,0.0206067395
1703,0.020609596
1704,0.0206124526
1705,0.0206153091
1706,0.0206181656
1707,0.0206210221
1708,0.0206238786
1709,0.0206267351
1710,0.0206295916
1711,0.0206324482
1712,0.0206353047
1713,0.0206381612
1714,0.0206410177
1715,0.0206438742
1716,0.0206467307
1717,0.0206495873
1718,0.0206524438
1719,0.0206553003
1720,0.0206581568
1721,0.0206610133
1722,0.0206638698
1723,0.0206667263
1724,0.0206695829
1725,0.0206724394
1726,0.0206752959
1727,0.0206781524
1728,0.0206810089
1729,0.0206838654
1730,0.020686722
1731,0.0206895785
1732,0.020692435
1733,0.0206952915
1734,0.020698148
1735,0.0207010045
1736,0.020703861
1737,0.0207067176
1738,0.0207095741
1739,0.0207124306
1740,0.0207152871
1741,0.0207181436
1742,0.0207210001
1743,0.0207238566
1744,0.0207267132
1745,0.0207295697
1746,0.0207324262
1747,0.0207352827
1748,0.0207381392
1749,0.0207409957
1750,0.0207438523
1751,0.0207467088
1752,0.0207495653
1753,0.0207524218
1754,0.0207552783
1755,0.0207581348
1756,0.0207609913
1757,0.0207638479
1758,0.0207667044
1759,0.0207695609
1760,0.0207724174
1761,0.0207752739
1762,0.0207781304
1763,0.0207809869
1764,0.0207838435
1765,0.0207867
1766,0.0207895565
1767,0.020792413
1768,0.0207952695
1769,0.020798126
1770,0.0208009826
1771,0.0208038391
1772,0.0208066956
1773,0.0208095521
1774,0.0208124086
1775,0.0208152651
1776,0.0208181216
1777,0.0208209782
1778,0.0208238347
1779,0.0208266912
1780,0.0208295477
1781,0.0208324042
1782,0.0208352607
1783,0.0208381172
1784,0.0208409738
1785,0.0208438303
1786,0.0208466868
1787,0.0208495433
1788,0.0208523998
1789,0.0208552563
1790,0.0208581129
1791,0.0208609694
1792,0.0208638259
1793,0.0208666824
1794,0.0208695389
1795,0.0208723954
1796,0.0208752519
1797,0.0208781085
1798,0.020880965
1799,0.0208838215
1800,0.020886678
1801,0.0208895345
1802,0.020892391
1803,0.0208952476
1804,0.0208981041
1805,0.0209009606
1806,0.0209038171
1807,0.0209066736
1808,0.0209095301
1809,0.0209123866
1810,0.0209152432
1811,0.0209180997
1812,0.0209209562
1813,0.0209238127
1814,0.0209266692
1815,0.0209295257
1816,0.0209323822
1817,0.0209352388
1818,0.0209380953
1819,0.0209409518
1820,0.0209438083
1821,0.0209466648
1822,0.0209495213
1823,0.0209523779
1824,0.0209552344
1825,0.0209580909
1826,0.0209609474
1827,0.0209638039
1828,0.0209666604
1829,0.0209695169
1830,0.0209723735
1831,0.02097523
1832,0.0209785098
1833,0.0209817896
1834,0.0209850695
1835,0.0209883493
1836,0.0209916291
1837,0.020994909
1838,0.0209981888
1839,0.0210014686
1840,0.0210047485
1841,0.0210080283
1842,0.0210113082
1843,0.021014588
1844,0.0210178678
1845,0.0210211477
1846,0.0210244275
1847,0.0210277073
1848,0.0210309872
1849,0.021034267
1850,0.0210375468
1851,0.0210408267
1852,0.0210441065
1853,0.0210473863
1854,0.0210506662
1855,0.021053946
1856,0.0210572258
1857,0.0210605057
1858,0.0210637855
1859,0.0210670653
1860,0.0210703452
1861,0.021073625
1862,0.0210769048
1863,0.0210801847
1864,0.0210834645
1865,0.0210867443
1866,0.0210900242
1867,0.021093304
1868,0.0210965838
1869,0.0210998637
1870,0.0211031435
1871,0.0211064233
1872,0.0211097032
1873,0.021112983
1874,0.0211162628
1875,0.0211195427
1876,0.0211228225
1877,0.0211261023
1878,0.0211293822
1879,0.021132662
1880,0.0211359419
1881,0.0211392217
1882,0.0211425015
1883,0.0211457814
1884,0.0211490612
1885,0.021152341
1886,0.0211556209
1887,0.0211589007
1888,0.0211621805
1889,0.0211654604
1890,0.0211687402
1891,0.02117202
1892,0.0211752999
1893,0.0211785797
1894,0.0211818595
1895,0.0211851394
1896,0.0211884192
1897,0.021191699
1898,0.0211949789
1899,0.0211982587
1900,0.0212015385
1901,0.0212048184
1902,0.0212080982
1903,0.021211378
1904,0.0212146579
1905,0.0212179377
1906,0.0212212175
1907,0.0212244974
1908,0.0212277772
1909,0.021231057
1910,0.0212343369
1911,0.0212376167
1912,0.0212408965
1913,0.0212441764
1914,0.0212474562
1915,0.0212507361
1916,0.0212540159
1917,0.0212572957
1918,0.0212605756
1919,0.0212638554
1920,0.0212671352
1921,0.0212704151
1922,0.0212736949
1923,0.0212769747
1924,0.0212802546
1925,0.0212835344
1926,0.0212868142
1927,0.0212900941
1928,0.0212933739
1929,0.0212966537
1930,0.0212999336
1931,0.0213032134
1932,0.0213064932
1933,0.0213097731
1934,0.0213130529
1935,0.0213163327
1936,0.0213196126
1937,0.0213228924
1938,0.0213261722
1939,0.0213294521
1940,0.0213327319
1941,0.0213360117
1942,0.0213392916
1943,0.0213425714
1944,0.0213458512
1945,0.0213491311
1946,0.0213524109
1947,0.0213556907
1948,0.0213589706
1949,0.0213622504
1950,0.0213655303
1951,0.0213688101
1952,0.0213720899
1953,0.0213753698
1954,0.0213786496
1955,0.0213819294
1956,0.0213852093
1957,0.0213884891
1958,0.0213917689
1959,0.0213950488
1960,0.0213983286
1961,0.0214016084
1962,0.0214048883
1963,0.0214081681
1964,0.0214114479
1965,0.0214147278
1966,0.0214180076
1967,0.0214212874
1968,0.0214245673
1969,0.0214278471
1970,0.0214311269
1971,0.0214344068
1972,0.0214376866
1973,0.0214409664
1974,0.0214442463
1975,0.0214475261
1976,0.0214508059
1977,0.0214540858
1978,0.0214573656
1979,0.0214606454
1980,0.0214639253
1981,0.0214672051
1982,0.0214704849
1983,0.0214737648
1984,0.0214770446
1985,0.0214803245
1986,0.0214836043
1987,0.0214868841
1988,0.021490164
1989,0.0214934438
1990,0.0214967236
1991,0.0215000035
1992,0.0215032833
1993,0.0215065631
1994,0.021509843
1995,0.0215131228
1996,0.0215164026
1997,0.0215196825
1998,0.0215229623
1999,0.0215262421
2000,0.021529522
2001,0.0215328018
2002,0.0215360816
2003,0.0215393615
2004,0.0215426413
2005,0.0215459211
2006,0.021549201
2007,0.0215524808
2008,0.0215557606
2009,0.0215590405
2010,0.0215623203
2011,0.0215656001
2012,0.02156888
2013,0.0215721598
2014,0.0215754396
2015,0.0215787195
2016,0.0215819993
2017,0.0215852791
2018,0.021588559
2019,0.0215918388
2020,0.0215951186
2021,0.0215983985
2022,0.0216016783
2023,0.0216049582
2024,0.021608238
2025,0.0216115178
2026,0.0216147977
2027,0.0216180775
2028,0.0216213573
2029,0.0216246372
2030,0.021627917
2031,0.0216311968
2032,0.0216344767
2033,0.0216377565
2034,0.0216410363
2035,0.0216443162
2036,0.021647596
2037,0.0216508758
2038,0.0216541557
2039,0.0216574355
2040,0.0216607153
2041,0.0216639952
2042,0.021667275
2043,0.0216705548
2044,0.0216738347
2045,0.0216771145
2046,0.0216803943
2047,0.0216836742
2048,0.021686954
2049,0.0216902338
2050,0.0216935137
2051,0.0216967935
2052,0.0217000733
2053,0.0217033532
2054,0.021706633
2055,0.0217099128
2056,0.0217131927
2057,0.0217164725
2058,0.0217197524
2059,0.0217230322
2060,0.021726312
2061,0.0217295919
2062,0.0217328717
2063,0.0217361515
2064,0.0217394314
2065,0.0217427112
2066,0.021745991
2067,0.0217492709
2068,0.0217525507
2069,0.0217558305
2070,0.0217591104
2071,0.0217623902
2072,0.02176567
2073,0.0217689499
2074,0.0217722297
2075,0.0217755095
2076,0.0217787894
2077,0.0217820692
2078,0.021785349
2079,0.0217886289
2080,0.0217919087
2081,0.0217951885
2082,0.0217984684
2083,0.0218017482
2084,0.021805028
2085,0.0218083079
2086,0.0218115877
2087,0.0218148675
2088,0.0218181474
2089,0.0218214272
2090,0.021824707
2091,0.0218279869
2092,0.0218312667
2093,0.0218345466
2094,0.0218378264
2095,0.0218411062
2096,0.0218443861
2097,0.0218476659
2098,0.0218509457
2099,0.0218542256
2100,0.0218575054
2101,0.0218607852
2102,0.0218640651
2103,0.0218673449
2104,0.0218706247
2105,0.0218739046
2106,0.0218771844
2107,0.0218804642
2108,0.0218837441
2109,0.0218870239
2110,0.0218903037
2111,0.0218935836
2112,0.0218968634
2113,0.0219001432
2114,0.0219034231
2115,0.0219067029
2116,0.0219099827
2117,0.0219132626
2118,0.0219165424
2119,0.0219198222
2120,0.0219231021
2121,0.0219263819
2122,0.0219296617
2123,0.0219329416
2124,0.0219362214
2125,0.0219395012
2126,0.0219427811
2127,0.0219460609
2128,0.0219493407
2129,0.0219526206
2130,0.0219559004
2131,0.0219591803
2132,0.0219624601
2133,0.0219657399
2134,0.0219690198
2135,0.0219722996
2136,0.0219755794
2137,0.0219788593
2138,0.0219821391
2139,0.0219854189
2140,0.0219886988
2141,0.0219919786
2142,0.0219952584
2143,0.0219985383
2144,0.0220018181
2145,0.0220050979
2146,0.0220083778
2147,0.0220116576
2148,0.0220149374
2149,0.0220182173
2150,0.0220214971
2151,0.0220247769
2152,0.0220280568
2153,0.0220313366
2154,0.0220346164
2155,0.0220378963
2156,0.0220411761
2157,0.0220444559
2158,0.0220477358
2159,0.0220510156
2160,0.0220542954
2161,0.0220575753
2162,0.0220608551
2163,0.0220641349
2164,0.0220674148
2165,0.0220706946
2166,0.0220739745
2167,0.0220772543
2168,0.0220805341
2169,0.022083814
2170,0.0220870938
2171,0.0220903736
2172,0.0220936535
2173,0.0220969333
2174,0.0221002131
2175,0.022103493
2176,0.0221067728
2177,0.0221100526
2178,0.0221133325
2179,0.0221166123
2180,0.0221198921
2181,0.022123172
2182,0.0221264518
2183,0.0221297316
2184,0.0221330115
2185,0.0221362913
2186,0.0221395711
2187,0.022142851
2188,0.0221461308
2189,0.0221494106
2190,0.0221526905
2191,0.0221559703
2192,0.0221592501
2193,0.02216253
2194,0.0221658098
2195,0.0221690896
2196,0.0221723695
2197,0.0221757602
2198,0.0221791509
2199,0.0221825416
2200,0.0221859322
2201,0.0221893229
2202,0.0221927136
2203,0.0221961043
2204,0.022199495
2205,0.0222028857
2206,0.0222062764
2207,0.0222096671
2208,0.0222130578
2209,0.0222164485
2210,0.0222198392
2211,0.0222232299
2212,0.0222266205
2213,0.0222300112
2214,0.0222334019
2215,0.0222367926
2216,0.0222401833
2217,0.022243574
2218,0.0222469647
2219,0.0222503554
2220,0.0222537461
2221,0.0222571368
2222,0.0222605275
2223,0.0222639182
2224,0.0222673088
2225,0.0222706995
2226,0.0222740902
2227,0.0222774809
2228,0.0222808716
2229,0.0222842623
2230,0.022287653
2231,0.0222910437
2232,0.0222944344
2233,0.0222978251
2234,0.0223012158
2235,0.0223046065
2236,0.0223079972
2237,0.0223113878
2238,0.0223147785
2239,0.0223181692
2240,0.0223215599
2241,0.0223249506
2242,0.0223283413
2243,0.022331732
2244,0.0223351227
2245,0.0223385134
2246,0.0223419041
2247,0.0223452948
2248,0.0223486855
2249,0.0223520761
2250,0.0223554668
2251,0.0223588575
2252,0.0223622482
2253,0.0223656389
2254,0.0223690296
2255,0.0223724203
2256,0.022375811
2257,0.0223792017
2258,0.0223825924
2259,0.0223859831
2260,0.0223893738
2261,0.0223927644
2262,0.0223961551
2263,0.0223995458
2264,0.0224029365
2265,0.0224063272
2266,0.0224097179
2267,0.0224131086
2268,0.0224164993
2269,0.02241989
2270,0.0224232807
2271,0.0224266714
2272,0.0224300621
2273,0.0224334527
2274,0.0224368434
2275,0.0224402341
2276,0.0224436248
2277,0.0224470155
2278,0.0224504062
2279,0.0224537969
2280,0.0224571876
2281,0.0224605783
2282,0.022463969
2283,0.0224673597
2284,0.0224707504
2285,0.022474141
2286,0.0224775317
2287,0.0224809224
2288,0.0224843131
2289,0.0224877038
2290,0.0224910945
2291,0.0224944852
2292,0.0224978759
2293,0.0225012666
2294,0.0225046573
2295,0.022508048
2296,0.0225114387
2297,0.0225148293
2298,0.02251822
2299,0.0225216107
2300,0.0225250014
2301,0.0225283921
2302,0.0225317828
2303,0.0225351735
2304,0.0225385642
2305,0.0225419549
2306,0.0225453456
2307,0.0225487363
2308,0.022552127
2309,0.0225555176
2310,0.0225589083
2311,0.022562299
2312,0.0225656897
2313,0.0225690804
2314,0.0225724711
2315,0.0225758618
2316,0.0225792525
2317,0.0225826432
2318,0.0225860339
2319,0.0225894246
2320,0.0225928153
2321,0.0225962059
2322,0.0225995966
2323,0.0226029873
2324,0.022606378
2325,0.0226097687
2326,0.0226131594
2327,0.0226165501
2328,0.0226199408
2329,0.0226233315
2330,0.0226267222
2331,0.0226301129
2332,0.0226335036
2333,0.0226368943
2334,0.0226402849
2335,0.0226436756
2336,0.0226470663
2337,0.022650457
2338,0.0226538477
2339,0.0226572384
2340,0.0226606291
2341,0.0226640198
2342,0.0226674105
2343,0.0226708012
2344,0.0226741919
2345,0.0226775826
2346,0.0226809732
2347,0.0226843639
2348,0.0226877546
2349,0.0226911453
2350,0.022694536
2351,0.0226979267
2352,0.0227013174
2353,0.0227047081
2354,0.0227080988
2355,0.0227114895
2356,0.0227148802
2357,0.0227182709
2358,0.0227216615
2359,0.0227250522
2360,0.0227284429
2361,0.0227318336
2362,0.0227352243
2363,0.022738615
2364,0.0227420057
2365,0.0227453964
2366,0.0227487871
2367,0.0227521778
2368,0.0227555685
2369,0.0227589592
2370,0.0227623498
2371,0.0227657405
2372,0.0227691312
2373,0.0227725219
2374,0.0227759126
2375,0.0227793033
2376,0.022782694
2377,0.0227860847
2378,0.0227894754
2379,0.0227928661
2380,0.0227962568
2381,0.0227996475
2382,0.0228030381
2383,0.0228064288
2384,0.0228098195
2385,0.0228132102
2386,0.0228166009
2387,0.0228199916
2388,0.0228233823
2389,0.022826773
2390,0.0228301637
2391,0.0228335544
2392,0.0228369451
2393,0.0228403358
2394,0.0228437264
2395,0.0228471171
2396,0.0228505078
2397,0.0228538985
2398,0.0228572892
2399,0.0228606799
2400,0.0228640706
2401,0.0228674613
2402,0.022870852
2403,0.0228742427
2404,0.0228776334
2405,0.0228810241
2406,0.0228844147
2407,0.0228878054
2408,0.0228911961
2409,0.0228945868
2410,0.0228979775
2411,0.0229013682
2412,0.0229047589
2413,0.0229081496
2414,0.0229115403
2415,0.022914931
2416,0.0229183217
2417,0.0229217124
2418,0.0229251031
2419,0.0229284937
2420,0.0229318844
2421,0.0229352751
2422,0.0229386658
2423,0.0229420565
2424,0.0229454472
2425,0.0229488379
2426,0.0229522286
2427,0.0229556193
2428,0.02295901
2429,0.0229624007
2430,0.0229657914
2431,0.022969182
2432,0.0229725727
2433,0.0229759634
2434,0.0229793541
2435,0.0229827448
2436,0.0229861355
2437,0.0229895262
2438,0.0229929169
2439,0.0229963076
2440,0.0229996983
2441,0.023003089
2442,0.0230064797
2443,0.0230098703
2444,0.023013261
2445,0.0230166517
2446,0.0230200424
2447,0.0230234331
2448,0.0230268238
2449,0.0230302145
2450,0.0230336052
2451,0.0230369959
2452,0.0230403866
2453,0.0230437773
2454,0.023047168
2455,0.0230505586
2456,0.0230539493
2457,0.02305734
2458,0.0230607307
2459,0.0230641214
2460,0.0230675121
2461,0.0230709028
2462,0.0230742935
2463,0.0230776842
2464,0.0230810749
2465,0.0230844656
2466,0.0230878563
2467,0.0230912469
2468,0.0230946376
2469,0.0230980283
2470,0.023101419
2471,0.0231048097
2472,0.0231082004
2473,0.0231115911
2474,0.0231149818
2475,0.0231183725
2476,0.0231217632
2477,0.0231251539
2478,0.0231285446
2479,0.0231319352
2480,0.0231353259
2481,0.0231387166
2482,0.0231421073
2483,0.023145498
2484,0.0231488887
2485,0.0231522794
2486,0.0231556701
2487,0.0231590608
2488,0.0231624515
2489,0.0231658422
2490,0.0231692329
2491,0.0231726235
2492,0.0231760142
2493,0.0231794049
2494,0.0231827956
2495,0.0231861863
2496,0.023189577
2497,0.0231929677
2498,0.0231963584
2499,0.0231997491
2500,0.0232031398
2501,0.0232065305
2502,0.0232099212
2503,0.0232133119
2504,0.0232167025
2505,0.0232200932
2506,0.0232234839
2507,0.0232268746
2508,0.0232302653
2509,0.023233656
2510,0.0232370467
2511,0.0232404374
2512,0.0232438281
2513,0.0232472188
2514,0.0232506095
2515,0.0232540002
2516,0.0232573908
2517,0.0232607815
2518,0.0232641722
2519,0.0232675629
2520,0.0232709536
2521,0.0232743443
2522,0.023277735
2523,0.0232811257
2524,0.0232845164
2525,0.0232879071
2526,0.0232912978
2527,0.0232946885
2528,0.0232980791
2529,0.0233014698
2530,0.0233048605
2531,0.0233082512
2532,0.0233116419
2533,0.0233150326
2534,0.0233184233
2535,0.023321814
2536,0.0233252047
2537,0.0233285954
2538,0.0233319861
2539,0.0233353768
2540,0.0233387674
2541,0.0233421581
2542,0.0233455488
2543,0.0233489395
2544,0.0233523302
2545,0.0233557209
2546,0.0233591116
2547,0.0233625023
2548,0.023365893
2549,0.0233692837
2550,0.0233726744
2551,0.0233760651
2552,0.0233794557
2553,0.0233828464
2554,0.0233862371
2555,0.0233896278
2556,0.0233930185
2557,0.0233964092
2558,0.0233997999
2559,0.0234031906
2560,0.0234065813
2561,0.023409972
2562,0.0234135978
2563,0.0234172237
2564,0.0234208495
2565,0.0234244754
2566,0.0234281012
2567,0.0234317271
2568,0.0234353529
2569,0.0234389788
2570,0.0234426046
2571,0.0234462305
2572,0.0234498563
2573,0.0234534822
2574,0.023457108
2575,0.0234607339
2576,0.0234643597
2577,0.0234679856
2578,0.023471611400000002
2579,0.0234752373
2580,0.0234788631
2581,0.023482489
2582,0.0234861148
2583,0.0234897407
2584,0.0234933665
2585,0.0234969924
2586,0.0235006182
2587,0.0235042441
2588,0.0235078699
2589,0.0235114958
2590,0.0235151216
2591,0.0235187475
2592,0.0235223733
2593,0.0235259992
2594,0.023529625
2595,0.0235332509
2596,0.0235368767
2597,0.0235405026
2598,0.0235441284
2599,0.0235477543
2600,0.0235513801
2601,0.023555006
2602,0.0235586318
2603,0.0235622577
2604,0.0235658835
2605,0.0235695094
2606,0.0235731352
2607,0.0235767611
2608,0.0235803869
2609,0.0235840128
2610,0.0235876386
2611,0.0235912645
2612,0.0235948903
2613,0.0235985162
2614,0.0236021421
2615,0.0236057679
2616,0.0236093938
2617,0.0236130196
2618,0.0236166455
2619,0.0236202713
2620,0.0236238972
2621,0.023627523
2622,0.0236311489
2623,0.0236347747
2624,0.0236384006
2625,0.0236420264
2626,0.0236456523
2627,0.0236492781
2628,0.023652904
2629,0.0236565298
2630,0.0236601557
2631,0.0236637815
2632,0.0236674074
2633,0.0236710332
2634,0.0236746591
2635,0.0236782849
2636,0.0236819108
2637,0.0236855366
2638,0.0236891625
2639,0.0236927883
2640,0.0236964142
2641,0.02370004
2642,0.0237036659
2643,0.0237072917
2644,0.0237109176
2645,0.0237145434
2646,0.0237181693
2647,0.0237217951
2648,0.023725421
2649,0.0237290468
2650,0.0237326727
2651,0.0237362985
2652,0.0237399244
2653,0.0237435502
2654,0.0237471761
2655,0.0237508019
2656,0.0237544278
2657,0.0237580536
2658,0.0237616795
2659,0.0237653053
2660,0.0237689312
2661,0.023772557
2662,0.0237761829
2663,0.0237798087
2664,0.0237834346
2665,0.0237870604
2666,0.0237906863
2667,0.0237943121
2668,0.023797938
2669,0.0238015638
2670,0.0238051897
2671,0.0238088155
2672,0.0238124414
2673,0.0238160672
2674,0.0238196931
2675,0.0238233189
2676,0.0238269448
2677,0.0238305706
2678,0.0238341965
2679,0.0238378223
2680,0.0238414482
2681,0.023845074
2682,0.0238486999
2683,0.0238523257
2684,0.0238559516
2685,0.0238595774
2686,0.0238632033
2687,0.0238668291
2688,0.023870455
2689,0.0238740808
2690,0.0238777067
2691,0.0238813325
2692,0.0238849584
2693,0.0238885842
2694,0.0238922101
2695,0.0238958359
2696,0.0238994618
2697,0.0239030876
2698,0.0239067135
2699,0.0239103393
2700,0.0239139652
2701,0.023917591
2702,0.0239212169
2703,0.0239248427
2704,0.0239284686
2705,0.0239320944
2706,0.0239357203
2707,0.0239393461
2708,0.023942972
2709,0.0239465979
2710,0.0239502237
2711,0.0239538496
2712,0.0239574754
2713,0.0239611013
2714,0.0239647271
2715,0.023968353
2716,0.0239719788
2717,0.0239756047
2718,0.0239792305
2719,0.0239828564
2720,0.0239864822
2721,0.0239901081
2722,0.0239937339
2723,0.0239973598
2724,0.0240009856
2725,0.0240046115
2726,0.0240082373
2727,0.0240118632
2728,0.024015489
2729,0.0240191149
2730,0.0240227407
2731,0.0240263666
2732,0.0240299924
2733,0.0240336183
2734,0.0240372441
2735,0.02404087
2736,0.0240444958
2737,0.0240481217
2738,0.0240517475
2739,0.0240553734
2740,0.0240589992
2741,0.0240626251
2742,0.0240662509
2743,0.0240698768
2744,0.0240735026
2745,0.0240771285
2746,0.0240807543
2747,0.0240843802
2748,0.024088006
2749,0.0240916319
2750,0.0240952577
2751,0.0240988836
2752,0.0241025094
2753,0.0241061353
2754,0.0241097611
2755,0.024113387
2756,0.0241170128
2757,0.0241206387
2758,0.0241242645
2759,0.0241278904
2760,0.0241315162
2761,0.0241351421
2762,0.0241387679
2763,0.0241423938
2764,0.0241460196
2765,0.0241496455
2766,0.0241532713
2767,0.0241568972
2768,0.024160523
2769,0.0241641489
2770,0.0241677747
2771,0.0241714006
2772,0.0241750264
2773,0.0241786523
2774,0.0241822781
2775,0.024185904
2776,0.0241895298
2777,0.0241931557
2778,0.0241967815
2779,0.0242004074
2780,0.0242040332
2781,0.0242076591
2782,0.0242112849
2783,0.0242149108
2784,0.0242185366
2785,0.0242221625
2786,0.0242257883
2787,0.0242294142
2788,0.02423304
2789,0.0242366659
2790,0.0242402917
2791,0.0242439176
2792,0.0242475434
2793,0.0242511693
2794,0.0242547951
2795,0.024258421
2796,0.0242620468
2797,0.0242656727
2798,0.0242692985
2799,0.0242729244
2800,0.0242765502
2801,0.0242801761
2802,0.0242838019
2803,0.0242874278
2804,0.0242910537
2805,0.0242946795
2806,0.0242983054
2807,0.0243019312
2808,0.0243055571
2809,0.0243091829
2810,0.0243128088
2811,0.0243164346
2812,0.0243200605
2813,0.0243236863
2814,0.0243273122
2815,0.024330938
2816,0.0243345639
2817,0.0243381897
2818,0.0243418156
2819,0.0243454414
2820,0.0243490673
2821,0.0243526931
2822,0.024356319
2823,0.0243599448
2824,0.0243635707
2825,0.0243671965
2826,0.0243708224
2827,0.0243744482
2828,0.0243780741
2829,0.0243816999
2830,0.0243853258
2831,0.0243889516
2832,0.0243925775
2833,0.0243962033
2834,0.0243998292
2835,0.024403455
2836,0.0244070809
2837,0.0244107067
2838,0.0244143326
2839,0.0244179584
2840,0.0244215843
2841,0.0244252101
2842,0.024428836
2843,0.0244324618
2844,0.0244360877
2845,0.0244397135
2846,0.0244433394
2847,0.0244469652
2848,0.0244505911
2849,0.0244542169
2850,0.0244578428
2851,0.0244614686
2852,0.0244650945
2853,0.0244687203
2854,0.0244723462
2855,0.024475972
2856,0.0244795979
2857,0.0244832237
2858,0.0244868496
2859,0.0244904754
2860,0.0244941013
2861,0.0244977271
2862,0.024501353
2863,0.0245049788
2864,0.0245086047
2865,0.0245122305
2866,0.0245158564
2867,0.0245194822
2868,0.0245231081
2869,0.0245267339
2870,0.0245303598
2871,0.0245339856
2872,0.0245376115
2873,0.0245412373
2874,0.0245448632
2875,0.024548489
2876,0.0245521149
2877,0.0245557407
2878,0.0245593666
2879,0.0245629924
2880,0.0245666183
2881,0.0245702441
2882,0.02457387
2883,0.0245774958
2884,0.0245811217
2885,0.0245847475
2886,0.0245883734
2887,0.0245919992
2888,0.0245956251
2889,0.0245992509
2890,0.0246028768
2891,0.0246065026
2892,0.0246101285
2893,0.0246137543
2894,0.0246173802
2895,0.024621006
2896,0.0246246319
2897,0.0246282577
2898,0.0246318836
2899,0.0246355094
2900,0.0246391353
2901,0.0246427612
2902,0.024646387
2903,0.0246500129
2904,0.0246536387
2905,0.0246572646
2906,0.0246608904
2907,0.0246645163
2908,0.0246681421
2909,0.024671768
2910,0.0246753938
2911,0.0246790197
2912,0.0246826455
2913,0.0246862714
2914,0.0246898972
2915,0.0246935231
2916,0.0246971489
2917,0.0247007748
2918,0.0247044006
2919,0.0247080265
2920,0.0247116523
2921,0.0247152782
2922,0.024718904
2923,0.0247225299
2924,0.0247261557
2925,0.0247297816
2926,0.0247334074
2927,0.024736491
2928,0.0247395746
2929,0.0247426582
2930,0.0247457418
2931,0.0247488254
2932,0.024751909
2933,0.0247549926
2934,0.0247580762
2935,0.0247611598
2936,0.0247642434
2937,0.024767327
2938,0.0247704106
2939,0.0247734942
2940,0.0247765778
2941,0.0247796614
2942,0.024782745
2943,0.0247858286
2944,0.0247889123
2945,0.0247919959
2946,0.0247950795
2947,0.0247981631
2948,0.0248012467
2949,0.0248043303
2950,0.0248074139
2951,0.0248104975
2952,0.0248135811
2953,0.0248166647
2954,0.0248197483
2955,0.0248228319
2956,0.0248259155
2957,0.0248289991
2958,0.0248320827
2959,0.0248351663
2960,0.0248382499
2961,0.0248413335
2962,0.0248444171
2963,0.0248475007
2964,0.0248505843
2965,0.0248536679
2966,0.0248567515
2967,0.0248598351
2968,0.0248629187
2969,0.0248660023
2970,0.0248690859
2971,0.0248721695
2972,0.0248752531
2973,0.0248783367
2974,0.0248814203
2975,0.0248845039
2976,0.0248875875
2977,0.0248906711
2978,0.0248937547
2979,0.0248968383
2980,0.0248999219
2981,0.0249030055
2982,0.0249060891
2983,0.0249091727
2984,0.0249122563
2985,0.0249153399
2986,0.0249184235
2987,0.0249215071
2988,0.0249245907
2989,0.0249276743
2990,0.0249307579
2991,0.0249338415
2992,0.0249369252
2993,0.0249400088
2994,0.0249430924
2995,0.024946176
2996,0.0249492596
2997,0.0249523432
2998,0.0249554268
2999,0.0249585104
3000,0.024961594
3001,0.0249646776
3002,0.0249677612
3003,0.0249708448
3004,0.0249739284
3005,0.024977012
3006,0.0249800956
3007,0.0249831792
3008,0.0249862628
3009,0.0249893464
3010,0.02499243
3011,0.0249955136
3012,0.0249985972
3013,0.0250016808
3014,0.0250047644
3015,0.025007848
3016,0.0250109316
3017,0.0250140152
3018,0.0250170988
3019,0.0250201824
3020,0.025023266
3021,0.0250263496
3022,0.0250294332
3023,0.0250325168
3024,0.0250356004
3025,0.025038684
3026,0.0250417676
3027,0.0250448512
3028,0.0250479348
3029,0.0250510184
3030,0.025054102
3031,0.0250571856
3032,0.0250602692
3033,0.0250633528
3034,0.0250664364
3035,0.02506952
3036,0.0250726036
3037,0.0250756872
3038,0.0250787708
3039,0.0250818544
3040,0.025084938
3041,0.0250880217
3042,0.0250911053
3043,0.0250941889
3044,0.0250972725
3045,0.0251003561
3046,0.0251034397
3047,0.0251065233
3048,0.0251096069
3049,0.0251126905
3050,0.0251157741
3051,0.0251188577
3052,0.0251219413
3053,0.0251250249
3054,0.0251281085
3055,0.0251311921
3056,0.0251342757
3057,0.0251373593
3058,0.0251404429
3059,0.0251435265
3060,0.0251466101
3061,0.0251496937
3062,0.0251527773
3063,0.0251558609
3064,0.0251589445
3065,0.0251620281
3066,0.0251651117
3067,0.0251681953
3068,0.0251712789
3069,0.0251743625
3070,0.0251774461
3071,0.0251805297
3072,0.0251836133
3073,0.0251866969
3074,0.0251897805
3075,0.0251928641
3076,0.0251959477
3077,0.0251990313
3078,0.0252021149
3079,0.0252051985
3080,0.0252082821
3081,0.0252113657
3082,0.0252144493
3083,0.0252175329
3084,0.0252206165
3085,0.0252237001
3086,0.0252267837
3087,0.0252298673
3088,0.0252329509
3089,0.0252360346
3090,0.0252391182
3091,0.0252422018
3092,0.0252452854
3093,0.025248369
3094,0.0252514526
3095,0.0252545362
3096,0.0252576198
3097,0.0252607034
3098,0.025263787
3099,0.0252668706
3100,0.0252699542
3101,0.0252730378
3102,0.0252761214
3103,0.025279205
3104,0.0252822886
3105,0.0252853722
3106,0.0252884558
3107,0.0252915394
3108,0.025294623
3109,0.0252977066
3110,0.0253007902
3111,0.0253038738
3112,0.0253069574
3113,0.025310041
3114,0.0253131246
3115,0.0253162082
3116,0.0253192918
3117,0.0253223754
3118,0.025325459
3119,0.0253285426
3120,0.0253316262
3121,0.0253347098
3122,0.0253377934
3123,0.025340877
3124,0.0253439606
3125,0.0253470442
3126,0.0253501278
3127,0.0253532114
3128,0.025356295
3129,0.0253593786
3130,0.0253624622
3131,0.0253655458
3132,0.0253686294
3133,0.025371713
3134,0.0253747966
3135,0.0253778802
3136,0.0253809638
3137,0.0253840474
3138,0.0253871311
3139,0.0253902147
3140,0.0253932983
3141,0.0253963819
3142,0.0253994655
3143,0.0254025491
3144,0.0254056327
3145,0.0254087163
3146,0.0254117999
3147,0.0254148835
3148,0.0254179671
3149,0.0254210507
3150,0.0254241343
3151,0.0254272179
3152,0.0254303015
3153,0.0254333851
3154,0.0254364687
3155,0.0254395523
3156,0.0254426359
3157,0.0254457195
3158,0.0254488031
3159,0.0254518867
3160,0.0254549703
3161,0.0254580539
3162,0.0254611375
3163,0.0254642211
3164,0.0254673047
3165,0.0254703883
3166,0.0254734719
3167,0.0254765555
3168,0.0254796391
3169,0.0254827227
3170,0.0254858063
3171,0.0254888899
3172,0.0254919735
3173,0.0254950571
3174,0.0254981407
3175,0.0255012243
3176,0.0255043079
3177,0.0255073915
3178,0.0255104751
3179,0.0255135587
3180,0.0255166423
3181,0.0255197259
3182,0.0255228095
3183,0.0255258931
3184,0.0255289767
3185,0.0255320603
3186,0.025535144
3187,0.0255382276
3188,0.0255413112
3189,0.0255443948
3190,0.0255474784
3191,0.025550562
3192,0.0255536456
3193,0.0255567292
3194,0.0255598128
3195,0.0255628964
3196,0.02556598
3197,0.0255690636
3198,0.0255721472
3199,0.0255752308
3200,0.0255783144
3201,0.025581398
3202,0.0255844816
3203,0.0255875652
3204,0.0255906488
3205,0.0255937324
3206,0.025596816
3207,0.0255998996
3208,0.0256029832
3209,0.0256060668
3210,0.0256091504
3211,0.025612234
3212,0.0256153176
3213,0.0256184012
3214,0.0256214848
3215,0.0256245684
3216,0.025627652
3217,0.0256307356
3218,0.0256338192
3219,0.0256369028
3220,0.0256399864
3221,0.02564307
3222,0.0256461536
3223,0.0256492372
3224,0.0256523208
3225,0.0256554044
3226,0.025658488
3227,0.0256615716
3228,0.0256646552
3229,0.0256677388
3230,0.0256708224
3231,0.025673906
3232,0.0256769896
3233,0.0256800732
3234,0.0256831568
3235,0.0256862405
3236,0.0256893241
3237,0.0256924077
3238,0.0256954913
3239,0.0256985749
3240,0.0257016585
3241,0.0257047421
3242,0.0257078257
3243,0.0257109093
3244,0.0257139929
3245,0.0257170765
3246,0.0257201601
3247,0.0257232437
3248,0.0257263273
3249,0.0257294109
3250,0.0257324945
3251,0.0257355781
3252,0.0257386617
3253,0.0257417453
3254,0.0257448289
3255,0.0257479125
3256,0.0257509961
3257,0.0257540797
3258,0.0257571633
3259,0.0257602469
3260,0.0257633305
3261,0.0257664141
3262,0.0257694977
3263,0.0257725813
3264,0.0257756649
3265,0.0257787485
3266,0.0257818321
3267,0.0257849157
3268,0.0257879993
3269,0.0257910829
3270,0.0257941665
3271,0.0257972501
3272,0.0258003337
3273,0.0258034173
3274,0.0258065009
3275,0.0258095845
3276,0.0258126681
3277,0.0258157517
3278,0.0258188353
3279,0.0258219189
3280,0.0258250025
3281,0.0258280861
3282,0.0258311697
3283,0.0258342533
3284,0.025837337
3285,0.0258404206
3286,0.0258435042
3287,0.0258465878
3288,0.0258496714
3289,0.025852755
3290,0.0258558386
3291,0.0258589222
3292,0.0258622679
3293,0.0258656137
3294,0.0258689595
3295,0.0258723053
3296,0.025875651
3297,0.0258789968
3298,0.0258823426
3299,0.0258856883
3300,0.0258890341
3301,0.0258923799
3302,0.0258957256
3303,0.0258990714
3304,0.0259024172
3305,0.025905763
3306,0.0259091087
3307,0.0259124545
3308,0.0259158003
3309,0.025919146
3310,0.0259224918
3311,0.0259258376
3312,0.0259291834
3313,0.0259325291
3314,0.0259358749
3315,0.0259392207
3316,0.0259425664
3317,0.0259459122
3318,0.025949258
3319,0.0259526038
3320,0.0259559495
3321,0.0259592953
3322,0.0259626411
3323,0.0259659868
3324,0.0259693326
3325,0.0259726784
3326,0.0259760242
3327,0.0259793699
3328,0.0259827157
3329,0.0259860615
3330,0.0259894072
3331,0.025992753
3332,0.0259960988
3333,0.0259994445
3334,0.0260027903
3335,0.0260061361
3336,0.0260094819
3337,0.0260128276
3338,0.0260161734
3339,0.0260195192
3340,0.0260228649
3341,0.0260262107
3342,0.0260295565
3343,0.0260329023
3344,0.026036248
3345,0.0260395938
3346,0.0260429396
3347,0.0260462853
3348,0.0260496311
3349,0.0260529769
3350,0.0260563227
3351,0.0260596684
3352,0.0260630142
3353,0.02606636
3354,0.0260697057
3355,0.0260730515
3356,0.0260763973
3357,0.0260797431
3358,0.0260830888
3359,0.0260864346
3360,0.0260897804
3361,0.0260931261
3362,0.0260964719
3363,0.0260998177
3364,0.0261031634
3365,0.0261065092
3366,0.026109855
3367,0.0261132008
3368,0.0261165465
3369,0.0261198923
3370,0.0261232381
3371,0.0261265838
3372,0.0261299296
3373,0.0261332754
3374,0.0261366212
3375,0.0261399669
3376,0.0261433127
3377,0.0261466585
3378,0.0261500042
3379,0.02615335
3380,0.0261566958
3381,0.0261600416
3382,0.0261633873
3383,0.0261667331
3384,0.0261700789
3385,0.0261734246
3386,0.0261767704
3387,0.0261801162
3388,0.026183462
3389,0.0261868077
3390,0.0261901535
3391,0.0261934993
3392,0.026196845
3393,0.0262001908
3394,0.0262035366
3395,0.0262068824
3396,0.0262102281
3397,0.0262135739
3398,0.0262169197
3399,0.0262202654
3400,0.0262236112
3401,0.026226957
3402,0.0262303027
3403,0.0262336485
3404,0.0262369943
3405,0.0262403401
3406,0.0262436858
3407,0.0262470316
3408,0.0262503774
3409,0.0262537231
3410,0.0262570689
3411,0.0262604147
3412,0.0262637605
3413,0.0262671062
3414,0.026270452
3415,0.0262737978
3416,0.0262771435
3417,0.0262804893
3418,0.0262838351
3419,0.0262871809
3420,0.0262905266
3421,0.0262938724
3422,0.0262972182
3423,0.0263005639
3424,0.0263039097
3425,0.0263072555
3426,0.0263106013
3427,0.026313947
3428,0.0263172928
3429,0.0263206386
3430,0.0263239843
3431,0.0263273301
3432,0.0263306759
3433,0.0263340216
3434,0.0263373674
3435,0.0263407132
3436,0.026344059
3437,0.0263474047
3438,0.0263507505
3439,0.0263540963
3440,0.026357442
3441,0.0263607878
3442,0.0263641336
3443,0.0263674794
3444,0.0263708251
3445,0.0263741709
3446,0.0263775167
3447,0.0263808624
3448,0.0263842082
3449,0.026387554
3450,0.0263908998
3451,0.0263942455
3452,0.0263975913
3453,0.0264009371
3454,0.0264042828
3455,0.0264076286
3456,0.0264109744
3457,0.0264143202
3458,0.0264176659
3459,0.0264210117
3460,0.0264243575
3461,0.0264277032
3462,0.026431049
3463,0.0264343948
3464,0.0264377406
3465,0.0264410863
3466,0.0264444321
3467,0.0264477779
3468,0.0264511236
3469,0.0264544694
3470,0.0264578152
3471,0.0264611609
3472,0.0264645067
3473,0.0264678525
3474,0.0264711983
3475,0.026474544
3476,0.0264778898
3477,0.0264812356
3478,0.0264845813
3479,0.0264879271
3480,0.0264912729
3481,0.0264946187
3482,0.0264979644
3483,0.0265013102
3484,0.026504656
3485,0.0265080017
3486,0.0265113475
3487,0.0265146933
3488,0.0265180391
3489,0.0265213848
3490,0.0265247306
3491,0.0265280764
3492,0.0265314221
3493,0.0265347679
3494,0.0265381137
3495,0.0265414595
3496,0.0265448052
3497,0.026548151
3498,0.0265514968
3499,0.0265548425
3500,0.0265581883
3501,0.0265615341
3502,0.0265648798
3503,0.0265682256
3504,0.0265715714
3505,0.0265749172
3506,0.0265782629
3507,0.0265816087
3508,0.0265849545
3509,0.0265883002
3510,0.026591646
3511,0.0265949918
3512,0.0265983376
3513,0.0266016833
3514,0.0266050291
3515,0.0266083749
3516,0.0266117206
3517,0.0266150664
3518,0.0266184122
3519,0.026621758
3520,0.0266251037
3521,0.0266284495
3522,0.0266317953
3523,0.026635141
3524,0.0266384868
3525,0.0266418326
3526,0.0266451784
3527,0.0266485241
3528,0.0266518699
3529,0.0266552157
3530,0.0266585614
3531,0.0266619072
3532,0.026665253
3533,0.0266685987
3534,0.0266719445
3535,0.0266752903
3536,0.0266786361
3537,0.0266819818
3538,0.0266853276
3539,0.0266886734
3540,0.0266920191
3541,0.0266953649
3542,0.0266987107
3543,0.0267020565
3544,0.0267054022
3545,0.026708748
3546,0.0267120938
3547,0.0267154395
3548,0.0267187853
3549,0.0267221311
3550,0.0267254769
3551,0.0267288226
3552,0.0267321684
3553,0.0267355142
3554,0.0267388599
3555,0.0267422057
3556,0.0267455515
3557,0.0267488973
3558,0.026752243
3559,0.0267555888
3560,0.0267589346
3561,0.0267622803
3562,0.0267656261
3563,0.0267689719
3564,0.0267723177
3565,0.0267756634
3566,0.0267790092
3567,0.026782355
3568,0.0267857007
3569,0.0267890465
3570,0.0267923923
3571,0.026795738
3572,0.0267990838
3573,0.0268024296
3574,0.0268057754
3575,0.0268091211
3576,0.0268124669
3577,0.0268158127
3578,0.0268191584
3579,0.0268225042
3580,0.02682585
3581,0.0268291958
3582,0.0268325415
3583,0.0268358873
3584,0.0268392331
3585,0.0268425788
3586,0.0268459246
3587,0.0268492704
3588,0.0268526162
3589,0.0268559619
3590,0.0268593077
3591,0.0268626535
3592,0.0268659992
3593,0.026869345
3594,0.0268726908
3595,0.0268760366
3596,0.0268793823
3597,0.0268827281
3598,0.0268860739
3599,0.0268894196
3600,0.0268927654
3601,0.0268961112
3602,0.0268994569
3603,0.0269028027
3604,0.0269061485
3605,0.0269094943
3606,0.02691284
3607,0.0269161858
3608,0.0269195316
3609,0.0269228773
3610,0.0269262231
3611,0.0269295689
3612,0.0269329147
3613,0.0269362604
3614,0.0269396062
3615,0.026942952
3616,0.0269462977
3617,0.0269496435
3618,0.0269529893
3619,0.0269563351
3620,0.0269596808
3621,0.0269630266
3622,0.0269663724
3623,0.0269697181
3624,0.0269730639
3625,0.0269764097
3626,0.0269797555
3627,0.0269831012
3628,0.026986447
3629,0.0269897928
3630,0.0269931385
3631,0.0269964843
3632,0.0269998301
3633,0.0270031758
3634,0.0270065216
3635,0.0270098674
3636,0.0270132132
3637,0.0270165589
3638,0.0270199047
3639,0.0270232505
3640,0.0270265962
3641,0.027029942
3642,0.0270332878
3643,0.0270366336
3644,0.0270399793
3645,0.0270433251
3646,0.0270466709
3647,0.0270500166
3648,0.0270533624
3649,0.0270567082
3650,0.027060054
3651,0.0270633997
3652,0.0270667455
3653,0.0270700913
3654,0.027073437
3655,0.0270767828
3656,0.0270801286
3657,0.0270834744
3658,0.0270868201
3659,0.0270899489
3660,0.0270930776
3661,0.0270962063
3662,0.0270993351
3663,0.0271024638
3664,0.0271055926
3665,0.0271087213
3666,0.02711185
3667,0.0271149788
3668,0.0271181075
3669,0.0271212363
3670,0.027124365
3671,0.0271274937
3672,0.0271306225
3673,0.0271337512
3674,0.02713688
3675,0.0271400087
3676,0.0271431374
3677,0.0271462662
3678,0.0271493949
3679,0.0271525237
3680,0.0271556524
3681,0.0271587811
3682,0.0271619099
3683,0.0271650386
3684,0.0271681674
3685,0.0271712961
3686,0.0271744248
3687,0.0271775536
3688,0.0271806823
3689,0.0271838111
3690,0.0271869398
3691,0.0271900685
3692,0.0271931973
3693,0.027196326
3694,0.0271994548
3695,0.0272025835
3696,0.0272057122
3697,0.027208841
3698,0.0272119697
3699,0.0272150985
3700,0.0272182272
3701,0.0272213559
3702,0.0272244847
3703,0.0272276134
3704,0.0272307421
3705,0.0272338709
3706,0.0272369996
3707,0.0272401284
3708,0.0272432571
3709,0.0272463858
3710,0.0272495146
3711,0.0272526433
3712,0.0272557721
3713,0.0272589008
3714,0.0272620295
3715,0.0272651583
3716,0.027268287
3717,0.0272714158
3718,0.0272745445
3719,0.0272776732
3720,0.027280802
3721,0.0272839307
3722,0.0272870595
3723,0.0272901882
3724,0.0272933169
3725,0.0272964457
3726,0.0272995744
3727,0.0273027032
3728,0.0273058319
3729,0.0273089606
3730,0.0273120894
3731,0.0273152181
3732,0.0273183469
3733,0.0273214756
3734,0.0273246043
3735,0.0273277331
3736,0.0273308618
3737,0.0273339906
3738,0.0273371193
3739,0.027340248
3740,0.0273433768
3741,0.0273465055
3742,0.0273496343
3743,0.027352763
3744,0.0273558917
3745,0.0273590205
3746,0.0273621492
3747,0.027365278
3748,0.0273684067
3749,0.0273715354
3750,0.0273746642
3751,0.0273777929
3752,0.0273809217
3753,0.0273840504
3754,0.0273871791
3755,0.0273903079
3756,0.0273934366
3757,0.0273965654
3758,0.0273996941
3759,0.0274028228
3760,0.0274059516
3761,0.0274090803
3762,0.0274122091
3763,0.0274153378
3764,0.0274184665
3765,0.0274215953
3766,0.027424724
3767,0.0274278527
3768,0.0274309815
3769,0.0274341102
3770,0.027437239
3771,0.0274403677
3772,0.0274434964
3773,0.0274466252
3774,0.0274497539
3775,0.0274528827
3776,0.0274560114
3777,0.0274591401
3778,0.0274622689
3779,0.0274653976
3780,0.0274685264
3781,0.0274716551
3782,0.0274747838
3783,0.0274779126
3784,0.0274810413
3785,0.0274841701
3786,0.0274872988
3787,0.0274904275
3788,0.0274935563
3789,0.027496685
3790,0.0274998138
3791,0.0275029425
3792,0.0275060712
3793,0.0275092
3794,0.0275123287
3795,0.0275154575
3796,0.0275185862
3797,0.0275217149
3798,0.0275248437
3799,0.0275279724
3800,0.0275311012
3801,0.0275342299
3802,0.0275373586
3803,0.0275404874
3804,0.0275436161
3805,0.0275467449
3806,0.0275498736
3807,0.0275530023
3808,0.0275561311
3809,0.0275592598
3810,0.0275623886
3811,0.0275655173
3812,0.027568646
3813,0.0275717748
3814,0.0275749035
3815,0.0275780323
3816,0.027581161
3817,0.0275842897
3818,0.0275874185
3819,0.0275905472
3820,0.027593676
3821,0.0275968047
3822,0.0275999334
3823,0.0276030622
3824,0.0276061909
3825,0.0276093197
3826,0.0276124484
3827,0.0276155771
3828,0.0276187059
3829,0.0276218346
3830,0.0276249633
3831,0.0276280921
3832,0.0276312208
3833,0.0276343496
3834,0.0276374783
3835,0.027640607
3836,0.0276437358
3837,0.0276468645
3838,0.0276499933
3839,0.027653122
3840,0.0276562507
3841,0.0276593795
3842,0.0276625082
3843,0.027665637
3844,0.0276687657
3845,0.0276718944
3846,0.0276750232
3847,0.0276781519
3848,0.0276812807
3849,0.0276844094
3850,0.0276875381
3851,0.0276906669
3852,0.0276937956
3853,0.0276969244
3854,0.0277000531
3855,0.0277031818
3856,0.0277063106
3857,0.0277094393
3858,0.0277125681
3859,0.0277156968
3860,0.0277188255
3861,0.0277219543
3862,0.027725083
3863,0.0277282118
3864,0.0277313405
3865,0.0277344692
3866,0.027737598
3867,0.0277407267
3868,0.0277438555
3869,0.0277469842
3870,0.0277501129
3871,0.0277532417
3872,0.0277563704
3873,0.0277594992
3874,0.0277626279
3875,0.0277657566
3876,0.0277688854
3877,0.0277720141
3878,0.0277751429
3879,0.0277782716
3880,0.0277814003
3881,0.0277845291
3882,0.0277876578
3883,0.0277907866
3884,0.0277939153
3885,0.027797044
3886,0.0278001728
3887,0.0278033015
3888,0.0278064303
3889,0.027809559
3890,0.0278126877
3891,0.0278158165
3892,0.0278189452
3893,0.0278220739
3894,0.0278252027
3895,0.0278283314
3896,0.0278314602
3897,0.0278345889
3898,0.0278377176
3899,0.0278408464
3900,0.0278439751
3901,0.0278471039
3902,0.0278502326
3903,0.0278533613
3904,0.0278564901
3905,0.0278596188
3906,0.0278627476
3907,0.0278658763
3908,0.027869005
3909,0.0278721338
3910,0.0278752625
3911,0.0278783913
3912,0.02788152
3913,0.0278846487
3914,0.0278877775
3915,0.0278909062
3916,0.027894035
3917,0.0278971637
3918,0.0279002924
3919,0.0279034212
3920,0.0279065499
3921,0.0279096787
3922,0.0279128074
3923,0.0279159361
3924,0.0279190649
3925,0.0279221936
3926,0.0279253224
3927,0.0279284511
3928,0.0279315798
3929,0.0279347086
3930,0.0279378373
3931,0.0279409661
3932,0.0279440948
3933,0.0279472235
3934,0.0279503523
3935,0.027953481
3936,0.0279566098
3937,0.0279597385
3938,0.0279628672
3939,0.027965996
3940,0.0279691247
3941,0.0279722535
3942,0.0279753822
3943,0.0279785109
3944,0.0279816397
3945,0.0279847684
3946,0.0279878972
3947,0.0279910259
3948,0.0279941546
3949,0.0279972834
3950,0.0280004121
3951,0.0280035409
3952,0.0280066696
3953,0.0280097983
3954,0.0280129271
3955,0.0280160558
3956,0.0280191845
3957,0.0280223133
3958,0.028025442
3959,0.0280285708
3960,0.0280316995
3961,0.0280348282
3962,0.028037957
3963,0.0280410857
3964,0.0280442145
3965,0.0280473432
3966,0.0280504719
3967,0.0280536007
3968,0.0280567294
3969,0.0280598582
3970,0.0280629869
3971,0.0280661156
3972,0.0280692444
3973,0.0280723731
3974,0.0280755019
3975,0.0280786306
3976,0.0280817593
3977,0.0280848881
3978,0.0280880168
3979,0.0280911456
3980,0.0280942743
3981,0.028097403
3982,0.0281005318
3983,0.0281036605
3984,0.0281067893
3985,0.028109918
3986,0.0281130467
3987,0.0281161755
3988,0.0281193042
3989,0.028122433
3990,0.0281255617
3991,0.0281286904
3992,0.0281318192
3993,0.0281349479
3994,0.0281380767
3995,0.0281412054
3996,0.0281443341
3997,0.0281474629
3998,0.0281505916
3999,0.0281537204
4000,0.0281568491
4001,0.0281599778
4002,0.0281631066
4003,0.0281662353
4004,0.0281693641
4005,0.0281724928
4006,0.0281756215
4007,0.0281787503
4008,0.028181879
4009,0.0281850078
4010,0.0281881365
4011,0.0281912652
4012,0.028194394
4013,0.0281975227
4014,0.0282006515
4015,0.0282037802
4016,0.0282069089
4017,0.0282100377
4018,0.0282131664
4019,0.0282162951
4020,0.0282194239
4021,0.0282225526
4022,0.0282256814
4023,0.0282288101
4024,0.0282319388
4025,0.0282350676
4026,0.0282381963
4027,0.0282413251
4028,0.0282444538
4029,0.0282475825
4030,0.0282507113
4031,0.02825384
4032,0.0282569688
4033,0.0282600975
4034,0.0282632262
4035,0.028266355
4036,0.0282694837
4037,0.0282726125
4038,0.0282757412
4039,0.0282788699
4040,0.0282819987
4041,0.0282851274
4042,0.0282882562
4043,0.0282913849
4044,0.0282945136
4045,0.0282976424
4046,0.0283007711
4047,0.0283038999
4048,0.0283070286
4049,0.0283101573
4050,0.0283132861
4051,0.0283164148
4052,0.0283195436
4053,0.0283226723
4054,0.028325801
4055,0.0283289298
4056,0.0283320585
4057,0.0283351873
4058,0.028338316
4059,0.0283414447
4060,0.0283445735
4061,0.0283477022
4062,0.028350831
4063,0.0283539597
4064,0.0283570884
4065,0.0283602172
4066,0.0283633459
4067,0.0283664747
4068,0.0283696034
4069,0.0283727321
4070,0.0283758609
4071,0.0283789896
4072,0.0283821184
4073,0.0283852471
4074,0.0283883758
4075,0.0283915046
4076,0.0283946333
4077,0.028397762
4078,0.0284008908
4079,0.0284040195
4080,0.0284071483
4081,0.028410277
4082,0.0284134057
4083,0.0284165345
4084,0.0284196632
4085,0.028422792
4086,0.0284259207
4087,0.0284290494
4088,0.0284321782
4089,0.0284353069
4090,0.0284384357
4091,0.0284415644
4092,0.0284446931
4093,0.0284478219
4094,0.0284509506
4095,0.0284540794
4096,0.0284572081
4097,0.0284603368
4098,0.0284634656
4099,0.0284665943
4100,0.0284697231
4101,0.0284728518
4102,0.0284759805
4103,0.0284791093
4104,0.028482238
4105,0.0284853668
4106,0.0284884955
4107,0.0284916242
4108,0.028494753
4109,0.0284978817
4110,0.0285010105
4111,0.0285041392
4112,0.0285072679
4113,0.0285103967
4114,0.0285135254
4115,0.0285166542
4116,0.0285197829
4117,0.0285229116
4118,0.0285260404
4119,0.0285291691
4120,0.0285322979
4121,0.0285354266
4122,0.0285385553
4123,0.0285416841
4124,0.0285448128
4125,0.0285479416
4126,0.0285510703
4127,0.028554199
4128,0.0285573278
4129,0.0285604565
4130,0.0285635853
4131,0.028566714
4132,0.0285698427
4133,0.0285729715
4134,0.0285761002
4135,0.028579229
4136,0.0285823577
4137,0.0285854864
4138,0.0285886152
4139,0.0285917439
4140,0.0285948726
4141,0.0285980014
4142,0.0286011301
4143,0.0286042589
4144,0.0286073876
4145,0.0286105163
4146,0.0286136451
4147,0.0286167738
4148,0.0286199026
4149,0.0286230313
4150,0.02862616
4151,0.0286292888
4152,0.0286324175
4153,0.0286355463
4154,0.028638675
4155,0.0286418037
4156,0.0286449325
4157,0.0286480612
4158,0.02865119
4159,0.0286543187
4160,0.0286574474
4161,0.0286605762
4162,0.0286637049
4163,0.0286668337
4164,0.0286699624
4165,0.0286730911
4166,0.0286762199
4167,0.0286793486
4168,0.0286824774
4169,0.0286856061
4170,0.0286887348
4171,0.0286918636
4172,0.0286949923
4173,0.0286981211
4174,0.0287012498
4175,0.0287043785
4176,0.0287075073
4177,0.028710636
4178,0.0287137648
4179,0.0287168935
4180,0.0287200222
4181,0.028723151
4182,0.0287262797
4183,0.0287294085
4184,0.0287325372
4185,0.0287356659
4186,0.0287387947
4187,0.0287419234
4188,0.0287450522
4189,0.0287481809
4190,0.0287513096
4191,0.0287544384
4192,0.0287575671
4193,0.0287606959
4194,0.0287638246
4195,0.0287669533
4196,0.0287700821
4197,0.0287732108
4198,0.0287763396
4199,0.0287794683
4200,0.028782597
4201,0.0287857258
4202,0.0287888545
4203,0.0287919832
4204,0.028795112
4205,0.0287982407
4206,0.0288013695
4207,0.0288044982
4208,0.0288076269
4209,0.0288107557
4210,0.0288138844
4211,0.0288170132
4212,0.0288201419
4213,0.0288232706
4214,0.0288263994
4215,0.0288295281
4216,0.0288326569
4217,0.0288357856
4218,0.0288389143
4219,0.0288420431
4220,0.0288451718
4221,0.0288483006
4222,0.0288514293
4223,0.028854558
4224,0.0288576868
4225,0.0288608155
4226,0.0288639443
4227,0.028867073
4228,0.0288702017
4229,0.0288733305
4230,0.0288764592
4231,0.028879588
4232,0.0288827167
4233,0.0288858454
4234,0.0288889742
4235,0.0288921029
4236,0.0288952317
4237,0.0288983604
4238,0.0289014891
4239,0.0289046179
4240,0.0289077466
4241,0.0289108754
4242,0.0289140041
4243,0.0289171328
4244,0.0289202616
4245,0.0289233903
4246,0.0289265191
4247,0.0289296478
4248,0.0289327765
4249,0.0289359053
4250,0.028939034
4251,0.0289421628
4252,0.0289452915
4253,0.0289484202
4254,0.028951549
4255,0.0289546777
4256,0.0289578065
4257,0.0289609352
4258,0.0289640639
4259,0.0289671927
4260,0.0289703214
4261,0.0289734502
4262,0.0289765789
4263,0.0289797076
4264,0.0289828364
4265,0.0289859651
4266,0.0289890938
4267,0.0289922226
4268,0.0289953513
4269,0.0289984801
4270,0.0290016088
4271,0.0290047375
4272,0.0290078663
4273,0.029010995
4274,0.0290141238
4275,0.0290172525
4276,0.0290203812
4277,0.02902351
4278,0.0290266387
4279,0.0290297675
4280,0.0290328962
4281,0.0290360249
4282,0.0290391537
4283,0.0290422824
4284,0.0290454112
4285,0.0290485399
4286,0.0290516686
4287,0.0290547974
4288,0.0290579261
4289,0.0290610549
4290,0.0290641836
4291,0.0290673123
4292,0.0290704411
4293,0.0290735698
4294,0.0290766986
4295,0.0290798273
4296,0.029082956
4297,0.0290860848
4298,0.0290892135
4299,0.0290923423
4300,0.029095471
4301,0.0290985997
4302,0.0291017285
4303,0.0291048572
4304,0.029107986
4305,0.0291111147
4306,0.0291142434
4307,0.0291173722
4308,0.0291205009
4309,0.0291236297
4310,0.0291267584
4311,0.0291298871
4312,0.0291330159
4313,0.0291361446
4314,0.0291392734
4315,0.0291424021
4316,0.0291455308
4317,0.0291486596
4318,0.0291517883
4319,0.0291549171
4320,0.0291580458
4321,0.0291611745
4322,0.0291643033
4323,0.029167432
4324,0.0291705608
4325,0.0291736895
4326,0.0291768182
4327,0.029179947
4328,0.0291830757
4329,0.0291862044
4330,0.0291893332
4331,0.0291924619
4332,0.0291955907
4333,0.0291987194
4334,0.0292018481
4335,0.0292049769
4336,0.0292081056
4337,0.0292112344
4338,0.0292143631
4339,0.0292174918
4340,0.0292206206
4341,0.0292237493
4342,0.0292268781
4343,0.0292300068
4344,0.0292331355
4345,0.0292362643
4346,0.029239393
4347,0.0292425218
4348,0.0292456505
4349,0.0292487792
4350,0.029251908
4351,0.0292550367
4352,0.0292581655
4353,0.0292612942
4354,0.0292644229
4355,0.0292675517
4356,0.0292706804
4357,0.0292738092
4358,0.0292769379
4359,0.0292800666
4360,0.0292831954
4361,0.0292863241
4362,0.0292894529
4363,0.0292925816
4364,0.0292957103
4365,0.0292988391
4366,0.0293019678
4367,0.0293050966
4368,0.0293082253
4369,0.029311354
4370,0.0293144828
4371,0.0293176115
4372,0.0293207403
4373,0.029323869
4374,0.0293269977
4375,0.0293301265
4376,0.0293332552
4377,0.029336384
4378,0.0293395127
4379,0.0293426414
4380,0.0293457702
4381,0.0293488989
4382,0.0293520277
4383,0.0293551564
4384,0.0293582851
4385,0.0293614139
4386,0.0293645426
4387,0.0293676714
4388,0.0293721972
4389,0.0293767231
4390,0.0293812489
4391,0.0293857748
4392,0.0293903007
4393,0.0293948265
4394,0.0293993524
4395,0.0294038783
4396,0.0294084041
4397,0.02941293
4398,0.0294174559
4399,0.0294219817
4400,0.0294265076
4401,0.0294310335
4402,0.0294355593
4403,0.0294400852
4404,0.029444611
4405,0.0294491369
4406,0.0294536628
4407,0.0294581886
4408,0.0294627145
4409,0.0294672404
4410,0.0294717662
4411,0.0294762921
4412,0.029480818
4413,0.0294853438
4414,0.0294898697
4415,0.0294943956
4416,0.0294989214
4417,0.0295034473
4418,0.0295079731
4419,0.029512499
4420,0.0295170249
4421,0.0295215507
4422,0.0295260766
4423,0.0295306025
4424,0.0295351283
4425,0.0295396542
4426,0.0295441801
4427,0.0295487059
4428,0.0295532318
4429,0.0295577577
4430,0.0295622835
4431,0.0295668094
4432,0.0295713353
4433,0.0295758611
4434,0.029580387
4435,0.0295849128
4436,0.0295894387
4437,0.0295939646
4438,0.0295984904
4439,0.0296030163
4440,0.0296075422
4441,0.029612068
4442,0.0296165939
4443,0.0296211198
4444,0.0296256456
4445,0.0296301715
4446,0.0296346974
4447,0.0296392232
4448,0.0296437491
4449,0.0296482749
4450,0.0296528008
4451,0.0296573267
4452,0.0296618525
4453,0.0296663784
4454,0.0296709043
4455,0.0296754301
4456,0.029679956
4457,0.0296844819
4458,0.0296890077
4459,0.0296935336
4460,0.0296980595
4461,0.0297025853
4462,0.0297071112
4463,0.0297116371
4464,0.0297161629
4465,0.0297206888
4466,0.0297252146
4467,0.0297297405
4468,0.0297342664
4469,0.0297387922
4470,0.0297433181
4471,0.029747844
4472,0.0297523698
4473,0.0297568957
4474,0.0297614216
4475,0.0297659474
4476,0.0297704733
4477,0.0297749992
4478,0.029779525
4479,0.0297840509
4480,0.0297885767
4481,0.0297931026
4482,0.0297976285
4483,0.0298021543
4484,0.0298066802
4485,0.0298112061
4486,0.0298157319
4487,0.0298202578
4488,0.0298247837
4489,0.0298293095
4490,0.0298338354
4491,0.0298383613
4492,0.0298428871
4493,0.029847413
4494,0.0298519389
4495,0.0298564647
4496,0.0298609906
4497,0.0298655164
4498,0.0298700423
4499,0.0298745682
4500,0.029879094
4501,0.0298836199
4502,0.0298881458
4503,0.0298926716
4504,0.0298971975
4505,0.0299017234
4506,0.0299062492
4507,0.0299107751
4508,0.029915301
4509,0.0299198268
4510,0.0299243527
4511,0.0299288785
4512,0.0299334044
4513,0.0299379303
4514,0.0299424561
4515,0.029946982
4516,0.0299515079
4517,0.0299560337
4518,0.0299605596
4519,0.0299650855
4520,0.0299696113
4521,0.0299741372
4522,0.0299786631
4523,0.0299831889
4524,0.0299877148
4525,0.0299922407
4526,0.0299967665
4527,0.0300012924
4528,0.0300058182
4529,0.0300103441
4530,0.03001487
4531,0.0300193958
4532,0.0300239217
4533,0.0300284476
4534,0.0300329734
4535,0.0300374993
4536,0.0300420252
4537,0.030046551
4538,0.0300510769
4539,0.0300556028
4540,0.0300601286
4541,0.0300646545
4542,0.0300691803
4543,0.0300737062
4544,0.0300782321
4545,0.0300827579
4546,0.0300872838
4547,0.0300918097
4548,0.0300963355
4549,0.0301008614
4550,0.0301053873
4551,0.0301099131
4552,0.030114439
4553,0.0301189649
4554,0.0301234907
4555,0.0301280166
4556,0.0301325425
4557,0.0301370683
4558,0.0301415942
4559,0.03014612
4560,0.0301506459
4561,0.0301551718
4562,0.0301596976
4563,0.0301642235
4564,0.0301687494
4565,0.0301732752
4566,0.0301778011
4567,0.030182327
4568,0.0301868528
4569,0.0301913787
4570,0.0301959046
4571,0.0302004304
4572,0.0302049563
4573,0.0302094821
4574,0.030214008
4575,0.0302185339
4576,0.0302230597
4577,0.0302275856
4578,0.0302321115
4579,0.0302366373
4580,0.0302411632
4581,0.0302456891
4582,0.0302502149
4583,0.0302547408
4584,0.0302592667
4585,0.0302637925
4586,0.0302683184
4587,0.0302728443
4588,0.0302773701
4589,0.030281896
4590,0.0302864218
4591,0.0302909477
4592,0.0302954736
4593,0.0302999994
4594,0.0303045253
4595,0.0303090512
4596,0.030313577
4597,0.0303181029
4598,0.0303226288
4599,0.0303271546
4600,0.0303316805
4601,0.0303362064
4602,0.0303407322
4603,0.0303452581
4604,0.0303497839
4605,0.0303543098
4606,0.0303588357
4607,0.0303633615
4608,0.0303678874
4609,0.0303724133
4610,0.0303769391
4611,0.030381465
4612,0.0303859909
4613,0.0303905167
4614,0.0303950426
4615,0.0303995685
4616,0.0304040943
4617,0.0304086202
4618,0.0304131461
4619,0.0304176719
4620,0.0304221978
4621,0.0304267236
4622,0.0304312495
4623,0.0304357754
4624,0.0304403012
4625,0.0304448271
4626,0.030449353
4627,0.0304538788
4628,0.0304584047
4629,0.0304629306
4630,0.0304674564
4631,0.0304719823
4632,0.0304765082
4633,0.030481034
4634,0.0304855599
4635,0.0304900857
4636,0.0304946116
4637,0.0304991375
4638,0.0305036633
4639,0.0305081892
4640,0.0305127151
4641,0.0305172409
4642,0.0305217668
4643,0.0305262927
4644,0.0305308185
4645,0.0305353444
4646,0.0305398703
4647,0.0305443961
4648,0.030548922
4649,0.0305534479
4650,0.0305579737
4651,0.0305624996
4652,0.0305670254
4653,0.0305715513
4654,0.0305760772
4655,0.030580603
4656,0.0305851289
4657,0.0305896548
4658,0.0305941806
4659,0.0305987065
4660,0.0306032324
4661,0.0306077582
4662,0.0306122841
4663,0.03061681
4664,0.0306213358
4665,0.0306258617
4666,0.0306303875
4667,0.0306349134
4668,0.0306394393
4669,0.0306439651
4670,0.030648491
4671,0.0306530169
4672,0.0306575427
4673,0.0306620686
4674,0.0306665945
4675,0.0306711203
4676,0.0306756462
4677,0.0306801721
4678,0.0306846979
4679,0.0306892238
4680,0.0306937497
4681,0.0306982755
4682,0.0307028014
4683,0.0307073272
4684,0.0307118531
4685,0.030716379
4686,0.0307209048
4687,0.0307254307
4688,0.0307299566
4689,0.0307344824
4690,0.0307390083
4691,0.0307435342
4692,0.03074806
4693,0.0307525859
4694,0.0307571118
4695,0.0307616376
4696,0.0307661635
4697,0.0307706893
4698,0.0307752152
4699,0.0307797411
4700,0.0307842669
4701,0.0307887928
4702,0.0307933187
4703,0.0307978445
4704,0.0308023704
4705,0.0308068963
4706,0.0308114221
4707,0.030815948
4708,0.0308204739
4709,0.0308249997
4710,0.0308295256
4711,0.0308340514
4712,0.0308385773
4713,0.0308431032
4714,0.030847629
4715,0.0308521549
4716,0.0308566808
4717,0.0308612066
4718,0.0308657325
4719,0.0308702584
4720,0.0308747842
4721,0.0308793101
4722,0.030883836
4723,0.0308883618
4724,0.0308928877
4725,0.0308974136
4726,0.0309019394
4727,0.0309064653
4728,0.0309109911
4729,0.030915517
4730,0.0309200429
4731,0.0309245687
4732,0.0309290946
4733,0.0309336205
4734,0.0309381463
4735,0.0309426722
4736,0.0309471981
4737,0.0309517239
4738,0.0309562498
4739,0.0309607757
4740,0.0309653015
4741,0.0309698274
4742,0.0309743532
4743,0.0309788791
4744,0.030983405
4745,0.0309879308
4746,0.0309924567
4747,0.0309969826
4748,0.0310015084
4749,0.0310060343
4750,0.0310105602
4751,0.031015086
4752,0.0310196119
4753,0.0310241378
4754,0.0310286636
4755,0.0310331895
4756,0.0310377154
4757,0.0310422412
4758,0.0310467671
4759,0.0310512929
4760,0.0310558188
4761,0.0310603447
4762,0.0310648705
4763,0.0310693964
4764,0.0310739223
4765,0.0310784481
4766,0.031082974
4767,0.0310874999
4768,0.0310920257
4769,0.0310965516
4770,0.0311010775
4771,0.0311056033
4772,0.0311101292
4773,0.031114655
4774,0.0311191809
4775,0.0311237068
4776,0.0311282326
4777,0.0311327585
4778,0.0311372844
4779,0.0311418102
4780,0.0311463361
4781,0.031150862
4782,0.0311553878
4783,0.0311599137
4784,0.0311644396
4785,0.0311689654
4786,0.0311734913
4787,0.0311780172
4788,0.031182543
4789,0.0311870689
4790,0.0311915947
4791,0.0311961206
4792,0.0312006465
4793,0.0312051723
4794,0.0312096982
4795,0.0312142241
4796,0.0312187499
4797,0.0312232758
4798,0.0312278017
4799,0.0312323275
4800,0.0312368534
4801,0.0312413793
4802,0.0312459051
4803,0.031250431
4804,0.0312549568
4805,0.0312594827
4806,0.0312640086
4807,0.0312685344
4808,0.0312730603
4809,0.0312775862
4810,0.031282112
4811,0.0312866379
4812,0.0312911638
4813,0.0312956896
4814,0.0313002155
4815,0.0313047414
4816,0.0313092672
4817,0.0313137931
4818,0.031318319
4819,0.0313228448
4820,0.0313273707
4821,0.0313318965
4822,0.0313364224
4823,0.0313409483
4824,0.0313454741
4825,0.03135
4826,0.0313545259
4827,0.0313590517
4828,0.0313635776
4829,0.0313681035
4830,0.0313726293
4831,0.0313771552
4832,0.0313816811
4833,0.0313862069
4834,0.0313907328
4835,0.0313952586
4836,0.0313997845
4837,0.0314043104
4838,0.0314088362
4839,0.0314133621
4840,0.031417888
4841,0.0314224138
4842,0.0314269397
4843,0.0314314656
4844,0.0314359914
4845,0.0314405173
4846,0.0314450432
4847,0.031449569
4848,0.0314540949
4849,0.0314586208
4850,0.0314631466
4851,0.0314676725
4852,0.0314721983
4853,0.0314767242
4854,0.0314812501
4855,0.0314857759
4856,0.0314903018
4857,0.0314948277
4858,0.0314993535
4859,0.0315038794
4860,0.0315084053
4861,0.0315129311
4862,0.031517457
4863,0.0315219829
4864,0.0315265087
4865,0.0315310346
4866,0.0315355604
4867,0.0315400863
4868,0.0315446122
4869,0.031549138
4870,0.0315536639
4871,0.0315581898
4872,0.0315627156
4873,0.0315672415
4874,0.0315717674
4875,0.0315762932
4876,0.0315808191
4877,0.031585345
4878,0.0315898708
4879,0.0315943967
4880,0.0315989226
4881,0.0316034484
4882,0.0316079743
4883,0.0316125001
4884,0.031617026
4885,0.0316215519
4886,0.0316260777
4887,0.0316306036
4888,0.0316351295
4889,0.0316396553
4890,0.0316441812
4891,0.0316487071
4892,0.0316532329
4893,0.0316577588
4894,0.0316622847
4895,0.0316668105
4896,0.0316713364
4897,0.0316758622
4898,0.0316803881
4899,0.031684914
4900,0.0316894398
4901,0.0316939657
4902,0.0316984916
4903,0.0317030174
4904,0.0317075433
4905,0.0317120692
4906,0.031716595
4907,0.0317211209
4908,0.0317256468
4909,0.0317301726
4910,0.0317346985
4911,0.0317392244
4912,0.0317437502
4913,0.0317482761
4914,0.0317528019
4915,0.0317573278
4916,0.0317618537
4917,0.0317663795
4918,0.0317709054
4919,0.0317754313
4920,0.0317799571
4921,0.031784483
4922,0.0317890089
4923,0.0317935347
4924,0.0317980606
4925,0.0318025865
4926,0.0318071123
4927,0.0318116382
4928,0.031816164
4929,0.0318206899
4930,0.0318252158
4931,0.0318297416
4932,0.0318342675
4933,0.0318387934
4934,0.0318433192
4935,0.0318478451
4936,0.031852371
4937,0.0318568968
4938,0.0318614227
4939,0.0318659486
4940,0.0318704744
4941,0.0318750003
4942,0.0318795262
4943,0.031884052
4944,0.0318885779
4945,0.0318931037
4946,0.0318976296
4947,0.0319021555
4948,0.0319066813
4949,0.0319112072
4950,0.0319157331
4951,0.0319202589
4952,0.0319247848
4953,0.0319293107
4954,0.0319338365
4955,0.0319383624
4956,0.0319428883
4957,0.0319474141
4958,0.03195194
4959,0.0319564658
4960,0.0319609917
4961,0.0319655176
4962,0.0319700434
4963,0.0319745693
4964,0.0319790952
4965,0.031983621
4966,0.0319881469
4967,0.0319926728
4968,0.0319971986
4969,0.0320017245
4970,0.0320062504
4971,0.0320107762
4972,0.0320153021
4973,0.032019828
4974,0.0320243538
4975,0.0320288797
4976,0.0320334055
4977,0.0320379314
4978,0.0320424573
4979,0.0320469831
4980,0.032051509
4981,0.0320560349
4982,0.0320605607
4983,0.0320650866
4984,0.0320696125
4985,0.0320741383
4986,0.0320786642
4987,0.0320831901
4988,0.0320877159
4989,0.0320922418
4990,0.0320967676
4991,0.0321012935
4992,0.0321058194
4993,0.0321103452
4994,0.0321148711
4995,0.032119397
4996,0.0321239228
4997,0.0321284487
4998,0.0321329746
4999,0.0321375004
5000,0.0321420263
5001,0.0321465522
5002,0.032151078
5003,0.0321556039
5004,0.0321601297
5005,0.0321646556
5006,0.0321691815
5007,0.0321737073
5008,0.0321782332
5009,0.0321827591
5010,0.0321872849
5011,0.0321918108
5012,0.0321963367
5013,0.0322008625
5014,0.0322053884
5015,0.0322099143
5016,0.0322144401
5017,0.032218966
5018,0.0322234919
5019,0.0322280177
5020,0.0322325436
5021,0.0322370694
5022,0.0322415953
5023,0.0322461212
5024,0.032250647
5025,0.0322551729
5026,0.0322596988
5027,0.0322642246
5028,0.0322687505
5029,0.0322732764
5030,0.0322778022
5031,0.0322823281
5032,0.032286854
5033,0.0322913798
5034,0.0322959057
5035,0.0323004315
5036,0.0323049574
5037,0.0323094833
5038,0.0323140091
5039,0.032318535
5040,0.0323230609
5041,0.0323275867
5042,0.0323321126
5043,0.0323366385
5044,0.0323411643
5045,0.0323456902
5046,0.0323502161
5047,0.0323547419
5048,0.0323592678
5049,0.0323637937
5050,0.0323683195
5051,0.0323728454
5052,0.0323773712
5053,0.0323818971
5054,0.032386423
5055,0.0323909488
5056,0.0323954747
5057,0.0324000006
5058,0.0324045264
5059,0.0324090523
5060,0.0324135782
5061,0.032418104
5062,0.0324226299
5063,0.0324271558
5064,0.0324316816
5065,0.0324362075
5066,0.0324407333
5067,0.0324452592
5068,0.0324497851
5069,0.0324543109
5070,0.0324588368
5071,0.0324633627
5072,0.0324678885
5073,0.0324724144
5074,0.0324769403
5075,0.0324814661
5076,0.032485992
5077,0.0324905179
5078,0.0324950437
5079,0.0324995696
5080,0.0325040955
5081,0.0325086213
5082,0.0325131472
5083,0.032517673
5084,0.0325221989
5085,0.0325267248
5086,0.0325312506
5087,0.0325357765
5088,0.0325403024
5089,0.0325448282
5090,0.0325493541
5091,0.03255388
5092,0.0325584058
5093,0.0325629317
5094,0.0325674576
5095,0.0325719834
5096,0.0325765093
5097,0.0325810351
5098,0.032585561
5099,0.0325900869
5100,0.0325946127
5101,0.0325991386
5102,0.0326036645
5103,0.0326081903
5104,0.0326127162
5105,0.0326172421
5106,0.0326217679
5107,0.0326262938
5108,0.0326308197
5109,0.0326353455
5110,0.0326398714
5111,0.0326443973
5112,0.0326489231
5113,0.032653449
5114,0.0326579748
5115,0.0326625007
5116,0.0326670266
5117,0.0326715524
5118,0.0326760783
5119,0.0326806042
5120,0.03268513
5121,0.0326896559
5122,0.0326941818
5123,0.0326987076
5124,0.0327032335
5125,0.0327077594
5126,0.0327122852
5127,0.0327168111
5128,0.0327213369
5129,0.0327258628
5130,0.0327303887
5131,0.0327349145
5132,0.0327394404
5133,0.0327439663
5134,0.0327484921
5135,0.032753018
5136,0.0327575439
5137,0.0327620697
5138,0.0327665956
5139,0.0327711215
5140,0.0327756473
5141,0.0327801732
5142,0.0327846991
5143,0.0327892249
5144,0.0327937508
5145,0.0327982766
5146,0.0328028025
5147,0.0328073284
5148,0.0328118542
5149,0.0328163801
5150,0.032820906
5151,0.0328254318
5152,0.0328299577
5153,0.0328344836
5154,0.0328390094
5155,0.0328435353
5156,0.0328480612
5157,0.032852587
5158,0.0328571129
5159,0.0328616387
5160,0.0328661646
5161,0.0328706905
5162,0.0328752163
5163,0.0328797422
5164,0.0328842681
5165,0.0328887939
5166,0.0328933198
5167,0.0328978457
5168,0.0329023715
5169,0.0329068974
5170,0.0329114233
5171,0.0329159491
5172,0.032920475
5173,0.0329250009
5174,0.0329295267
5175,0.0329340526
5176,0.0329385784
5177,0.0329431043
5178,0.0329476302
5179,0.032952156
5180,0.0329566819
5181,0.0329612078
5182,0.0329657336
5183,0.0329702595
5184,0.0329747854
5185,0.0329793112
5186,0.0329838371
5187,0.032988363
5188,0.0329928888
5189,0.0329974147
5190,0.0330019405
5191,0.0330064664
5192,0.0330109923
5193,0.0330155181
5194,0.033020044
5195,0.0330245699
5196,0.0330290957
5197,0.0330336216
5198,0.0330381475
5199,0.0330426733
5200,0.0330471992
5201,0.0330517251
5202,0.0330562509
5203,0.0330607768
5204,0.0330653027
5205,0.0330698285
5206,0.0330743544
5207,0.0330788802
5208,0.0330834061
5209,0.033087932
5210,0.0330924578
5211,0.0330969837
5212,0.0331015096
5213,0.0331060354
5214,0.0331105613
5215,0.0331150872
5216,0.033119613
5217,0.0331241389
5218,0.0331286648
5219,0.0331331906
5220,0.0331377165
5221,0.0331422423
5222,0.0331467682
5223,0.0331512941
5224,0.0331558199
5225,0.0331603458
5226,0.0331648717
5227,0.0331693975
5228,0.0331739234
5229,0.0331784493
5230,0.0331829751
5231,0.033187501
5232,0.0331920269
5233,0.0331965527
5234,0.0332010786
5235,0.0332056045
5236,0.0332101303
5237,0.0332146562
5238,0.033219182
5239,0.0332237079
5240,0.0332282338
5241,0.0332327596
5242,0.0332372855
5243,0.0332418114
5244,0.0332463372
5245,0.0332508631
5246,0.033255389
5247,0.0332599148
5248,0.0332644407
5249,0.0332689666
5250,0.0332734924
5251,0.0332780183
5252,0.0332825441
5253,0.03328707
5254,0.0332915959
5255,0.0332961217
5256,0.0333006476
5257,0.0333051735
5258,0.0333096993
5259,0.0333142252
5260,0.0333187511
5261,0.0333232769
5262,0.0333278028
5263,0.0333323287
5264,0.0333368545
5265,0.0333413804
5266,0.0333459063
5267,0.0333504321
5268,0.033354958
5269,0.0333594838
5270,0.0333640097
5271,0.0333685356
5272,0.0333730614
5273,0.0333775873
5274,0.0333821132
5275,0.033386639
5276,0.0333911649
5277,0.0333956908
5278,0.0334002166
5279,0.0334047425
5280,0.0334092684
5281,0.0334137942
5282,0.0334183201
5283,0.0334228459
5284,0.0334273718
5285,0.0334318977
5286,0.0334364235
5287,0.0334409494
5288,0.0334454753
5289,0.0334500011
5290,0.033454527
5291,0.0334590529
5292,0.0334635787
5293,0.0334681046
5294,0.0334726305
5295,0.0334771563
5296,0.0334816822
5297,0.0334862081
5298,0.0334907339
5299,0.0334952598
5300,0.0334997856
5301,0.0335043115
5302,0.0335088374
5303,0.0335133632
5304,0.0335178891
5305,0.033522415
5306,0.0335269408
5307,0.0335314667
5308,0.0335359926
5309,0.0335405184
5310,0.0335450443
5311,0.0335495702
5312,0.033554096
5313,0.0335586219
5314,0.0335631477
5315,0.0335676736
5316,0.0335721995
5317,0.0335767253
5318,0.0335812512
5319,0.0335857771
5320,0.0335903029
5321,0.0335948288
5322,0.0335993547
5323,0.0336038805
5324,0.0336084064
5325,0.0336129323
5326,0.0336174581
5327,0.033621984
5328,0.0336265098
5329,0.0336310357
5330,0.0336355616
5331,0.0336400874
5332,0.0336446133
5333,0.0336491392
5334,0.033653665
5335,0.0336581909
5336,0.0336627168
5337,0.0336672426
5338,0.0336717685
5339,0.0336762944
5340,0.0336808202
5341,0.0336853461
5342,0.033689872
5343,0.0336943978
5344,0.0336989237
5345,0.0337034495
5346,0.0337079754
5347,0.0337125013
5348,0.0337170271
5349,0.033721553
5350,0.0337260789
5351,0.0337306047
5352,0.0337351306
5353,0.0337396565
5354,0.0337441823
5355,0.0337487082
5356,0.0337532341
5357,0.0337577599
5358,0.0337622858
5359,0.0337668116
5360,0.0337713375
5361,0.0337758634
5362,0.0337803892
5363,0.0337849151
5364,0.033789441
5365,0.0337939668
5366,0.0337984927
5367,0.0338030186
5368,0.0338075444
5369,0.0338120703
5370,0.0338165962
5371,0.033821122
5372,0.0338256479
5373,0.0338301738
5374,0.0338346996
5375,0.0338392255
5376,0.0338437513
5377,0.0338482772
5378,0.0338528031
5379,0.0338573289
5380,0.0338618548
5381,0.0338663807
5382,0.0338709065
5383,0.0338754324
5384,0.0338799583
5385,0.0338844841
5386,0.03388901
5387,0.0338935359
5388,0.0338980617
5389,0.0339025876
5390,0.0339071134
5391,0.0339116393
5392,0.0339161652
5393,0.033920691
5394,0.0339252169
5395,0.0339297428
5396,0.0339342686
5397,0.0339387945
5398,0.0339433204
5399,0.0339478462
5400,0.0339523721
5401,0.033956898
5402,0.0339614238
5403,0.0339659497
5404,0.0339704756
5405,0.0339750014
5406,0.0339795273
5407,0.0339840531
5408,0.033988579
5409,0.0339931049
5410,0.0339976307
5411,0.0340021566
5412,0.0340066825
5413,0.0340112083
5414,0.0340157342
5415,0.0340202601
5416,0.0340247859
5417,0.0340293118
5418,0.0340338377
5419,0.0340383635
5420,0.0340428894
5421,0.0340474152
5422,0.0340519411
5423,0.034056467
5424,0.0340609928
5425,0.0340655187
5426,0.0340700446
5427,0.0340745704
5428,0.0340790963
5429,0.0340836222
5430,0.034088148
5431,0.0340926739
5432,0.0340971998
5433,0.0341017256
5434,0.0341062515
5435,0.0341107774
5436,0.0341153032
5437,0.0341198291
5438,0.0341243549
5439,0.0341288808
5440,0.0341334067
5441,0.0341379325
5442,0.0341424584
5443,0.0341469843
5444,0.0341515101
5445,0.034156036
5446,0.0341605619
5447,0.0341650877
5448,0.0341696136
5449,0.0341741395
5450,0.0341786653
5451,0.0341831912
5452,0.034187717
5453,0.0341922429
5454,0.0341967688
5455,0.0342012946
5456,0.0342058205
5457,0.0342103464
5458,0.0342148722
5459,0.0342193981
5460,0.034223924
5461,0.0342284498
5462,0.0342329757
5463,0.0342375016
5464,0.0342420274
5465,0.0342465533
5466,0.0342510792
5467,0.034255605
5468,0.0342601309
5469,0.0342646567
5470,0.0342691826
5471,0.0342737085
5472,0.0342782343
5473,0.0342827602
5474,0.0342872861
5475,0.0342918119
5476,0.0342963378
5477,0.0343008637
5478,0.0343053895
5479,0.0343099154
5480,0.0343144413
5481,0.0343189671
5482,0.034323493
5483,0.0343280188
5484,0.0343325447
5485,0.0343370706
5486,0.0343398421
5487,0.0343426136
5488,0.0343453851
5489,0.0343481565
5490,0.034350928
5491,0.0343536995
5492,0.034356471
5493,0.0343592425
5494,0.034362014
5495,0.0343647855
5496,0.034367557
5497,0.0343703285
5498,0.0343731
5499,0.0343758715
5500,0.0343786429
5501,0.0343814144
5502,0.0343841859
5503,0.0343869574
5504,0.0343897289
5505,0.0343925004
5506,0.0343952719
5507,0.0343980434
5508,0.0344008149
5509,0.0344035864
5510,0.0344063579
5511,0.0344091293
5512,0.0344119008
5513,0.0344146723
5514,0.0344174438
5515,0.0344202153
5516,0.0344229868
5517,0.0344257583
5518,0.0344285298
5519,0.0344313013
5520,0.0344340728
5521,0.0344368443
5522,0.0344396157
5523,0.0344423872
5524,0.0344451587
5525,0.0344479302
5526,0.0344507017
5527,0.0344534732
5528,0.0344562447
5529,0.0344590162
5530,0.0344617877
5531,0.0344645592
5532,0.0344673307
5533,0.0344701021
5534,0.0344728736
5535,0.0344756451
5536,0.0344784166
5537,0.0344811881
5538,0.0344839596
5539,0.0344867311
5540,0.0344895026
5541,0.0344922741
5542,0.0344950456
5543,0.0344978171
5544,0.0345005885
5545,0.03450336
5546,0.0345061315
5547,0.034508903
5548,0.0345116745
5549,0.034514446
5550,0.0345172175
5551,0.034519989
5552,0.0345227605
5553,0.034525532
5554,0.0345283035
5555,0.0345310749
5556,0.0345338464
5557,0.0345366179
5558,0.0345393894
5559,0.0345421609
5560,0.0345449324
5561,0.0345477039
5562,0.0345504754
5563,0.0345532469
5564,0.0345560184
5565,0.0345587899
5566,0.0345615613
5567,0.0345643328
5568,0.0345671043
5569,0.0345698758
5570,0.0345726473
5571,0.0345754188
5572,0.0345781903
5573,0.0345809618
5574,0.0345837333
5575,0.0345865048
5576,0.0345892763
5577,0.0345920478
5578,0.0345948192
5579,0.0345975907
5580,0.0346003622
5581,0.0346031337
5582,0.0346059052
5583,0.0346086767
5584,0.0346114482
5585,0.0346142197
5586,0.0346169912
5587,0.0346197627
5588,0.0346225342
5589,0.0346253056
5590,0.0346280771
5591,0.0346308486
5592,0.0346336201
5593,0.0346363916
5594,0.0346391631
5595,0.0346419346
5596,0.0346447061
5597,0.0346474776
5598,0.0346502491
5599,0.0346530206
5600,0.034655792
5601,0.0346585635
5602,0.034661335
5603,0.0346641065
5604,0.034666878
5605,0.0346696495
5606,0.034672421
5607,0.0346751925
5608,0.034677964
5609,0.0346807355
5610,0.034683507
5611,0.0346862784
5612,0.0346890499
5613,0.0346918214
5614,0.0346945929
5615,0.0346973644
5616,0.0347001359
5617,0.0347029074
5618,0.0347056789
5619,0.0347084504
5620,0.0347112219
5621,0.0347139934
5622,0.0347167648
5623,0.0347195363
5624,0.0347223078
5625,0.0347250793
5626,0.0347278508
5627,0.0347306223
5628,0.0347333938
5629,0.0347361653
5630,0.0347389368
5631,0.0347417083
5632,0.0347444798
5633,0.0347472512
5634,0.0347500227
5635,0.0347527942
5636,0.0347555657
5637,0.0347583372
5638,0.0347611087
5639,0.0347638802
5640,0.0347666517
5641,0.0347694232
5642,0.0347721947
5643,0.0347749662
5644,0.0347777376
5645,0.0347805091
5646,0.0347832806
5647,0.0347860521
5648,0.0347888236
5649,0.0347915951
5650,0.0347943666
5651,0.0347971381
5652,0.0347999096
5653,0.0348026811
5654,0.0348054526
5655,0.034808224
5656,0.0348109955
5657,0.034813767
5658,0.0348165385
5659,0.03481931
5660,0.0348220815
5661,0.034824853
5662,0.0348276245
5663,0.034830396
5664,0.0348331675
5665,0.034835939
5666,0.0348387105
5667,0.0348414819
5668,0.0348442534
5669,0.0348470249
5670,0.0348497964
5671,0.0348525679
5672,0.0348553394
5673,0.0348581109
5674,0.0348608824
5675,0.0348636539
5676,0.0348664254
5677,0.0348691969
5678,0.0348719683
5679,0.0348747398
5680,0.0348775113
5681,0.0348802828
5682,0.0348830543
5683,0.0348858258
5684,0.0348885973
5685,0.0348913688
5686,0.0348941403
5687,0.0348969118
5688,0.0348996833
5689,0.0349024547
5690,0.0349052262
5691,0.0349079977
5692,0.0349107692
5693,0.0349135407
5694,0.0349163122
5695,0.0349190837
5696,0.0349218552
5697,0.0349246267
5698,0.0349273982
5699,0.0349301697
5700,0.0349329411
5701,0.0349357126
5702,0.0349384841
5703,0.0349412556
5704,0.0349440271
5705,0.0349467986
5706,0.0349495701
5707,0.0349523416
5708,0.0349551131
5709,0.0349578846
5710,0.0349606561
5711,0.0349634275
5712,0.034966199
5713,0.0349689705
5714,0.034971742
5715,0.0349745135
5716,0.034977285
5717,0.0349800565
5718,0.034982828
5719,0.0349855995
5720,0.034988371
5721,0.0349911425
5722,0.0349939139
5723,0.0349966854
5724,0.0349994569
5725,0.0350022284
5726,0.0350049999
5727,0.0350077714
5728,0.0350105429
5729,0.0350133144
5730,0.0350160859
5731,0.0350188574
5732,0.0350216289
5733,0.0350244003
5734,0.0350271718
5735,0.0350299433
5736,0.0350327148
5737,0.0350354863
5738,0.0350382578
5739,0.0350410293
5740,0.0350438008
5741,0.0350465723
5742,0.0350493438
5743,0.0350521153
5744,0.0350548867
5745,0.0350576582
5746,0.0350604297
5747,0.0350632012
5748,0.0350659727
5749,0.0350687442
5750,0.0350715157
5751,0.0350742872
5752,0.0350770587
5753,0.0350798302
5754,0.0350826017
5755,0.0350853732
5756,0.0350881446
5757,0.0350909161
5758,0.0350936876
5759,0.0350964591
5760,0.0350992306
5761,0.0351020021
5762,0.0351047736
5763,0.0351075451
5764,0.0351103166
5765,0.0351130881
5766,0.0351158596
5767,0.035118631
5768,0.0351214025
5769,0.035124174
5770,0.0351269455
5771,0.035129717
5772,0.0351324885
5773,0.03513526
5774,0.0351380315
5775,0.035140803
5776,0.0351435745
5777,0.035146346
5778,0.0351491174
5779,0.0351518889
5780,0.0351546604
5781,0.0351574319
5782,0.0351602034
5783,0.0351629749
5784,0.0351657464
5785,0.0351685179
5786,0.0351712894
5787,0.0351740609
5788,0.0351768324
5789,0.0351796038
5790,0.0351823753
5791,0.0351851468
5792,0.0351879183
5793,0.0351906898
5794,0.0351934613
5795,0.0351962328
5796,0.0351990043
5797,0.0352017758
5798,0.0352045473
5799,0.0352073188
5800,0.0352100902
5801,0.0352128617
5802,0.0352156332
5803,0.0352184047
5804,0.0352211762
5805,0.0352239477
5806,0.0352267192
5807,0.0352294907
5808,0.0352322622
5809,0.0352350337
5810,0.0352378052
5811,0.0352405766
5812,0.0352433481
5813,0.0352461196
5814,0.0352488911
5815,0.0352516626
5816,0.0352544341
5817,0.0352572056
5818,0.0352599771
5819,0.0352627486
5820,0.0352655201
5821,0.0352682916
5822,0.035271063
5823,0.0352738345
5824,0.035276606
5825,0.0352793775
5826,0.035282149
5827,0.0352849205
5828,0.035287692
5829,0.0352904635
5830,0.035293235
5831,0.0352960065
5832,0.035298778
5833,0.0353015494
5834,0.0353043209
5835,0.0353070924
5836,0.0353098639
5837,0.0353126354
5838,0.0353154069
5839,0.0353181784
5840,0.0353209499
5841,0.0353237214
5842,0.0353264929
5843,0.0353292644
5844,0.0353320359
5845,0.0353348073
5846,0.0353375788
5847,0.0353403503
5848,0.0353431218
5849,0.0353458933
5850,0.0353486648
5851,0.0353514363
5852,0.0353542078
5853,0.0353569793
5854,0.0353597508
5855,0.0353625223
5856,0.0353652937
5857,0.0353680652
5858,0.0353708367
5859,0.0353736082
5860,0.0353763797
5861,0.0353791512
5862,0.0353819227
5863,0.0353846942
5864,0.0353874657
5865,0.0353902372
5866,0.0353930087
5867,0.0353957801
5868,0.0353985516
5869,0.0354013231
5870,0.0354040946
5871,0.0354068661
5872,0.0354096376
5873,0.0354124091
5874,0.0354151806
5875,0.0354179521
5876,0.0354207236
5877,0.0354234951
5878,0.0354262665
5879,0.035429038
5880,0.0354318095
5881,0.035434581
5882,0.0354373525
5883,0.035440124
5884,0.0354428955
5885,0.035445667
5886,0.0354484385
5887,0.03545121
5888,0.0354539815
5889,0.0354567529
5890,0.0354595244
5891,0.0354622959
5892,0.0354650674
5893,0.0354678389
5894,0.0354706104
5895,0.0354733819
5896,0.0354761534
5897,0.0354789249
5898,0.0354816964
5899,0.0354844679
5900,0.0354872393
5901,0.0354900108
5902,0.0354927823
5903,0.0354955538
5904,0.0354983253
5905,0.0355010968
5906,0.0355038683
5907,0.0355066398
5908,0.0355094113
5909,0.0355121828
5910,0.0355149543
5911,0.0355177257
5912,0.0355204972
5913,0.0355232687
5914,0.0355260402
5915,0.0355288117
5916,0.0355315832
5917,0.0355343547
5918,0.0355371262
5919,0.0355398977
5920,0.0355426692
5921,0.0355454407
5922,0.0355482121
5923,0.0355509836
5924,0.0355537551
5925,0.0355565266
5926,0.0355592981
5927,0.0355620696
5928,0.0355648411
5929,0.0355676126
5930,0.0355703841
5931,0.0355731556
5932,0.0355759271
5933,0.0355786986
5934,0.03558147
5935,0.0355842415
5936,0.035587013
5937,0.0355897845
5938,0.035592556
5939,0.0355953275
5940,0.035598099
5941,0.0356008705
5942,0.035603642
5943,0.0356064135
5944,0.035609185
5945,0.0356119564
5946,0.0356147279
5947,0.0356174994
5948,0.0356202709
5949,0.0356230424
5950,0.0356258139
5951,0.0356285854
5952,0.0356313569
5953,0.0356341284
5954,0.0356368999
5955,0.0356396714
5956,0.0356424428
5957,0.0356452143
5958,0.0356479858
5959,0.0356507573
5960,0.0356535288
5961,0.0356563003
5962,0.0356590718
5963,0.0356618433
5964,0.0356646148
5965,0.0356673863
5966,0.0356701578
5967,0.0356729292
5968,0.0356757007
5969,0.0356784722
5970,0.0356812437
5971,0.0356840152
5972,0.0356867867
5973,0.0356895582
5974,0.0356923297
5975,0.0356951012
5976,0.0356978727
5977,0.0357006442
5978,0.0357034156
5979,0.0357061871
5980,0.0357089586
5981,0.0357117301
5982,0.0357145016
5983,0.0357172731
5984,0.0357200446
5985,0.0357228161
5986,0.0357255876
5987,0.0357283591
5988,0.0357311306
5989,0.035733902
5990,0.0357366735
5991,0.035739445
5992,0.0357422165
5993,0.035744988
5994,0.0357477595
5995,0.035750531
5996,0.0357533025
5997,0.035756074
5998,0.0357588455
5999,0.035761617
6000,0.0357643884
6001,0.0357671599
6002,0.0357699314
6003,0.0357727029
6004,0.0357754744
6005,0.0357782459
6006,0.0357810174
6007,0.0357837889
6008,0.0357865604
6009,0.0357893319
6010,0.0357921034
6011,0.0357948748
6012,0.0357976463
6013,0.0358004178
6014,0.0358031893
6015,0.0358059608
6016,0.0358087323
6017,0.0358115038
6018,0.0358142753
6019,0.0358170468
6020,0.0358198183
6021,0.0358225898
6022,0.0358253613
6023,0.0358281327
6024,0.0358309042
6025,0.0358336757
6026,0.0358364472
6027,0.0358392187
6028,0.0358419902
6029,0.0358447617
6030,0.0358475332
6031,0.0358503047
6032,0.0358530762
6033,0.0358558477
6034,0.0358586191
6035,0.0358613906
6036,0.0358641621
6037,0.0358669336
6038,0.0358697051
6039,0.0358724766
6040,0.0358752481
6041,0.0358780196
6042,0.0358807911
6043,0.0358835626
6044,0.0358863341
6045,0.0358891055
6046,0.035891877
6047,0.0358946485
6048,0.03589742
6049,0.0359001915
6050,0.035902963
6051,0.0359057345
6052,0.035908506
6053,0.0359112775
6054,0.035914049
6055,0.0359168205
6056,0.0359195919
6057,0.0359223634
6058,0.0359251349
6059,0.0359279064
6060,0.0359306779
6061,0.0359334494
6062,0.0359362209
6063,0.0359389924
6064,0.0359417639
6065,0.0359445354
6066,0.0359473069
6067,0.0359500783
6068,0.0359528498
6069,0.0359556213
6070,0.0359583928
6071,0.0359611643
6072,0.0359639358
6073,0.0359667073
6074,0.0359694788
6075,0.0359722503
6076,0.0359750218
6077,0.0359777933
6078,0.0359805647
6079,0.0359833362
6080,0.0359861077
6081,0.0359888792
6082,0.0359916507
6083,0.0359944222
6084,0.0359971937
6085,0.0359999652
6086,0.0360027367
6087,0.0360055082
6088,0.0360082797
6089,0.0360110511
6090,0.0360138226
6091,0.0360165941
6092,0.0360193656
6093,0.0360221371
6094,0.0360249086
6095,0.0360276801
6096,0.0360304516
6097,0.0360332231
6098,0.0360359946
6099,0.0360387661
6100,0.0360415375
6101,0.036044309
6102,0.0360470805
6103,0.036049852
6104,0.0360526235
6105,0.036055395
6106,0.0360581665
6107,0.036060938
6108,0.0360637095
6109,0.036066481
6110,0.0360692525
6111,0.036072024
6112,0.0360747954
6113,0.0360775669
6114,0.0360803384
6115,0.0360831099
6116,0.0360858814
6117,0.0360886529
6118,0.0360914244
6119,0.0360941959
6120,0.0360969674
6121,0.0360997389
6122,0.0361025104
6123,0.0361052818
6124,0.0361080533
6125,0.0361108248
6126,0.0361135963
6127,0.0361163678
6128,0.0361191393
6129,0.0361219108
6130,0.0361246823
6131,0.0361274538
6132,0.0361302253
6133,0.0361329968
6134,0.0361357682
6135,0.0361385397
6136,0.0361413112
6137,0.0361440827
6138,0.0361468542
6139,0.0361496257
6140,0.0361523972
6141,0.0361551687
6142,0.0361579402
6143,0.0361607117
6144,0.0361634832
6145,0.0361662546
6146,0.0361690261
6147,0.0361717976
6148,0.0361745691
6149,0.0361773406
6150,0.0361801121
6151,0.0361828836
6152,0.0361856551
6153,0.0361884266
6154,0.0361911981
6155,0.0361939696
6156,0.036196741
6157,0.0361995125
6158,0.036202284
6159,0.0362050555
6160,0.036207827
6161,0.0362105985
6162,0.03621337
6163,0.0362161415
6164,0.036218913
6165,0.0362216845
6166,0.036224456
6167,0.0362272274
6168,0.0362299989
6169,0.0362327704
6170,0.0362355419
6171,0.0362383134
6172,0.0362410849
6173,0.0362438564
6174,0.0362466279
6175,0.0362493994
6176,0.0362521709
6177,0.0362549424
6178,0.0362577138
6179,0.0362604853
6180,0.0362632568
6181,0.0362660283
6182,0.0362687998
6183,0.0362715713
6184,0.0362743428
6185,0.0362771143
6186,0.0362798858
6187,0.0362826573
6188,0.0362854288
6189,0.0362882002
6190,0.0362909717
6191,0.0362937432
6192,0.0362965147
6193,0.0362992862
6194,0.0363020577
6195,0.0363048292
6196,0.0363076007
6197,0.0363103722
6198,0.0363131437
6199,0.0363159152
6200,0.0363186867
6201,0.0363214581
6202,0.0363242296
6203,0.0363270011
6204,0.0363297726
6205,0.0363325441
6206,0.0363353156
6207,0.0363380871
6208,0.0363408586
6209,0.0363436301
6210,0.0363464016
6211,0.0363491731
6212,0.0363519445
6213,0.036354716
6214,0.0363574875
6215,0.036360259
6216,0.0363630305
6217,0.036365802
6218,0.0363685735
6219,0.036371345
6220,0.0363741165
6221,0.036376888
6222,0.0363796595
6223,0.0363824309
6224,0.0363852024
6225,0.0363879739
6226,0.0363907454
6227,0.0363935169
6228,0.0363962884
6229,0.0363990599
6230,0.0364018314
6231,0.0364046029
6232,0.0364073744
6233,0.0364101459
6234,0.0364129173
6235,0.0364156888
6236,0.0364184603
6237,0.0364212318
6238,0.0364240033
6239,0.0364267748
6240,0.0364295463
6241,0.0364323178
6242,0.0364350893
6243,0.0364378608
6244,0.0364406323
6245,0.0364434037
6246,0.0364461752
6247,0.0364489467
6248,0.0364517182
6249,0.0364544897
6250,0.0364572612
6251,0.0364600327
6252,0.0364628042
6253,0.0364655757
6254,0.0364683472
6255,0.0364711187
6256,0.0364738901
6257,0.0364766616
6258,0.0364794331
6259,0.0364822046
6260,0.0364849761
6261,0.0364877476
6262,0.0364905191
6263,0.0364932906
6264,0.0364960621
6265,0.0364988336
6266,0.0365016051
6267,0.0365043765
6268,0.036507148
6269,0.0365099195
6270,0.036512691
6271,0.0365154625
6272,0.036518234
6273,0.0365210055
6274,0.036523777
6275,0.0365265485
6276,0.03652932
6277,0.0365320915
6278,0.0365348629
6279,0.0365376344
6280,0.0365404059
6281,0.0365431774
6282,0.0365459489
6283,0.0365487204
6284,0.0365514919
6285,0.0365542634
6286,0.0365570349
6287,0.0365598064
6288,0.0365625779
6289,0.0365653494
6290,0.0365681208
6291,0.0365708923
6292,0.0365736638
6293,0.0365764353
6294,0.0365792068
6295,0.0365819783
6296,0.0365847498
6297,0.0365875213
6298,0.0365902928
6299,0.0365930643
6300,0.0365958358
6301,0.0365986072
6302,0.0366013787
6303,0.0366041502
6304,0.0366069217
6305,0.0366096932
6306,0.0366124647
6307,0.0366152362
6308,0.0366180077
6309,0.0366207792
6310,0.0366235507
6311,0.0366263222
6312,0.0366290936
6313,0.0366318651
6314,0.0366346366
6315,0.0366374081
6316,0.0366401796
6317,0.0366429511
6318,0.0366457226
6319,0.0366484941
6320,0.0366512656
6321,0.0366540371
6322,0.0366568086
6323,0.03665958
6324,0.0366623515
6325,0.036665123
6326,0.0366678945
6327,0.036670666
6328,0.0366734375
6329,0.036676209
6330,0.0366789805
6331,0.036681752
6332,0.0366845235
6333,0.036687295
6334,0.0366900664
6335,0.0366928379
6336,0.0366956094
6337,0.0366983809
6338,0.0367011524
6339,0.0367039239
6340,0.0367066954
6341,0.0367094669
6342,0.0367122384
6343,0.0367150099
6344,0.0367177814
6345,0.0367205528
6346,0.0367233243
6347,0.0367260958
6348,0.0367288673
6349,0.0367316388
6350,0.0367344103
6351,0.0367371818
6352,0.0367399533
6353,0.0367427248
6354,0.0367454963
6355,0.0367482678
6356,0.0367510392
6357,0.0367538107
6358,0.0367565822
6359,0.0367593537
6360,0.0367621252
6361,0.0367648967
6362,0.0367676682
6363,0.0367704397
6364,0.0367732112
6365,0.0367759827
6366,0.0367787542
6367,0.0367815256
6368,0.0367842971
6369,0.0367870686
6370,0.0367898401
6371,0.0367926116
6372,0.0367953831
6373,0.0367981546
6374,0.0368009261
6375,0.0368036976
6376,0.0368064691
6377,0.0368092406
6378,0.0368120121
6379,0.0368147835
6380,0.036817555
6381,0.0368203265
6382,0.036823098
6383,0.0368258695
6384,0.036828641
6385,0.0368314125
6386,0.036834184
6387,0.0368369555
6388,0.036839727
6389,0.0368424985
6390,0.0368452699
6391,0.0368480414
6392,0.0368508129
6393,0.0368535844
6394,0.0368563559
6395,0.0368591274
6396,0.0368618989
6397,0.0368646704
6398,0.0368674419
6399,0.0368702134
6400,0.0368729849
6401,0.0368757563
6402,0.0368785278
6403,0.0368812993
6404,0.0368840708
6405,0.0368868423
6406,0.0368896138
6407,0.0368923853
6408,0.0368951568
6409,0.0368979283
6410,0.0369006998
6411,0.0369034713
6412,0.0369062427
6413,0.0369090142
6414,0.0369117857
6415,0.0369145572
6416,0.0369173287
6417,0.0369201002
6418,0.0369228717
6419,0.0369256432
6420,0.0369284147
6421,0.0369311862
6422,0.0369339577
6423,0.0369367291
6424,0.0369395006
6425,0.0369422721
6426,0.0369450436
6427,0.0369478151
6428,0.0369505866
6429,0.0369533581
6430,0.0369561296
6431,0.0369589011
6432,0.0369616726
6433,0.0369644441
6434,0.0369672155
6435,0.036969987
6436,0.0369727585
6437,0.03697553
6438,0.0369783015
6439,0.036981073
6440,0.0369838445
6441,0.036986616
6442,0.0369893875
6443,0.036992159
6444,0.0369949305
6445,0.0369977019
6446,0.0370004734
6447,0.0370032449
6448,0.0370060164
6449,0.0370087879
6450,0.0370115594
6451,0.0370143309
6452,0.0370171024
6453,0.0370198739
6454,0.0370226454
6455,0.0370254169
6456,0.0370281883
6457,0.0370309598
6458,0.0370337313
6459,0.0370365028
6460,0.0370392743
6461,0.0370420458
6462,0.0370448173
6463,0.0370475888
6464,0.0370503603
6465,0.0370531318
6466,0.0370559033
6467,0.0370586748
6468,0.0370614462
6469,0.0370642177
6470,0.0370669892
6471,0.0370697607
6472,0.0370725322
6473,0.0370753037
6474,0.0370780752
6475,0.0370808467
6476,0.0370836182
6477,0.0370863897
6478,0.0370891612
6479,0.0370919326
6480,0.0370947041
6481,0.0370974756
6482,0.0371002471
6483,0.0371030186
6484,0.0371057901
6485,0.0371085616
6486,0.0371113331
6487,0.0371141046
6488,0.0371168761
6489,0.0371196476
6490,0.037122419
6491,0.0371251905
6492,0.037127962
6493,0.0371307335
6494,0.037133505
6495,0.0371362765
6496,0.037139048
6497,0.0371418195
6498,0.037144591
6499,0.0371473625
6500,0.037150134
6501,0.0371529054
6502,0.0371556769
6503,0.0371584484
6504,0.0371612199
6505,0.0371639914
6506,0.0371667629
6507,0.0371695344
6508,0.0371723059
6509,0.0371750774
6510,0.0371778489
6511,0.0371806204
6512,0.0371833918
6513,0.0371861633
6514,0.0371889348
6515,0.0371917063
6516,0.0371944778
6517,0.0371972493
6518,0.0372000208
6519,0.0372027923
6520,0.0372055638
6521,0.0372083353
6522,0.0372111068
6523,0.0372138782
6524,0.0372166497
6525,0.0372194212
6526,0.0372221927
6527,0.0372249642
6528,0.0372277357
6529,0.0372305072
6530,0.0372332787
6531,0.0372360502
6532,0.0372388217
6533,0.0372415932
6534,0.0372443646
6535,0.0372471361
6536,0.0372499076
6537,0.0372526791
6538,0.0372554506
6539,0.0372582221
6540,0.0372609936
6541,0.0372637651
6542,0.0372665366
6543,0.0372693081
6544,0.0372720796
6545,0.037274851
6546,0.0372776225
6547,0.037280394
6548,0.0372831655
6549,0.037285937
6550,0.0372887085
6551,0.03729148
6552,0.0372942515
6553,0.037297023
6554,0.0372997945
6555,0.037302566
6556,0.0373053375
6557,0.0373081089
6558,0.0373108804
6559,0.0373136519
6560,0.0373164234
6561,0.0373191949
6562,0.0373219664
6563,0.0373247379
6564,0.0373275094
6565,0.0373302809
6566,0.0373330524
6567,0.0373358239
6568,0.0373385953
6569,0.0373413668
6570,0.0373441383
6571,0.0373469098
6572,0.0373496813
6573,0.0373524528
6574,0.0373552243
6575,0.0373579958
6576,0.0373607673
6577,0.0373635388
6578,0.0373663103
6579,0.0373690817
6580,0.0373718532
6581,0.0373746247
6582,0.0373773962
6583,0.0373801677
6584,0.0373829392
6585,0.0373857107
6586,0.0373884822
6587,0.0373912537
6588,0.0373940252
6589,0.0373967967
6590,0.0373995681
6591,0.0374023396
6592,0.0374051111
6593,0.0374078826
6594,0.0374106541
6595,0.0374134256
6596,0.0374161971
6597,0.0374189686
6598,0.0374217401
6599,0.0374245116
6600,0.0374272831
6601,0.0374300545
6602,0.037432826
6603,0.0374355975
6604,0.037438369
6605,0.0374411405
6606,0.037443912
6607,0.0374466835
6608,0.037449455
6609,0.0374522265
6610,0.037454998
6611,0.0374577695
6612,0.0374605409
6613,0.0374633124
6614,0.0374660839
6615,0.0374688554
6616,0.0374716269
6617,0.0374743984
6618,0.0374771699
6619,0.0374799414
6620,0.0374827129
6621,0.0374854844
6622,0.0374882559
6623,0.0374910273
6624,0.0374937988
6625,0.0374965703
6626,0.0374993418
6627,0.0375021133
6628,0.0375048848
6629,0.0375076563
6630,0.0375104278
6631,0.0375131993
6632,0.0375159708
6633,0.0375187423
6634,0.0375215137
6635,0.0375242852
6636,0.0375270567
6637,0.0375298282
6638,0.0375325997
6639,0.0375353712
6640,0.0375381427
6641,0.0375409142
6642,0.0375436857
6643,0.0375464572
6644,0.0375492287
6645,0.0375520002
6646,0.0375547716
6647,0.0375575431
6648,0.0375603146
6649,0.0375630861
6650,0.0375658576
6651,0.0375686291
6652,0.0375714006
6653,0.0375741721
6654,0.0375769436
6655,0.0375797151
6656,0.0375824866
6657,0.037585258
6658,0.0375880295
6659,0.037590801
6660,0.0375935725
6661,0.037596344
6662,0.0375991155
6663,0.037601887
6664,0.0376046585
6665,0.03760743
6666,0.0376102015
6667,0.037612973
6668,0.0376157444
6669,0.0376185159
6670,0.0376212874
6671,0.0376240589
6672,0.0376268304
6673,0.0376296019
6674,0.0376323734
6675,0.0376351449
6676,0.0376379164
6677,0.0376406879
6678,0.0376434594
6679,0.0376462308
6680,0.0376490023
6681,0.0376517738
6682,0.0376545453
6683,0.0376573168
6684,0.0376600883
6685,0.0376628598
6686,0.0376656313
6687,0.0376684028
6688,0.0376711743
6689,0.0376739458
6690,0.0376767172
6691,0.0376794887
6692,0.0376822602
6693,0.0376850317
6694,0.0376878032
6695,0.0376905747
6696,0.0376933462
6697,0.0376961177
6698,0.0376988892
6699,0.0377016607
6700,0.0377044322
6701,0.0377072036
6702,0.0377099751
6703,0.0377127466
6704,0.0377155181
6705,0.0377182896
6706,0.0377210611
6707,0.0377238326
6708,0.0377266041
6709,0.0377293756
6710,0.0377321471
6711,0.0377349186
6712,0.03773769
6713,0.0377404615
6714,0.037743233
6715,0.0377460045
6716,0.037748776
6717,0.0377515475
6718,0.037754319
6719,0.0377570905
6720,0.037759862
6721,0.0377626335
6722,0.037765405
6723,0.0377681764
6724,0.0377709479
6725,0.0377737194
6726,0.0377764909
6727,0.0377792624
6728,0.0377820339
6729,0.0377848054
6730,0.0377875769
6731,0.0377903484
6732,0.0377931199
6733,0.0377958914
6734,0.0377986629
6735,0.0378014343
6736,0.0378042058
6737,0.0378069773
6738,0.0378097488
6739,0.0378125203
6740,0.0378152918
6741,0.0378180633
6742,0.0378208348
6743,0.0378236063
6744,0.0378263778
6745,0.0378291493
6746,0.0378319207
6747,0.0378346922
6748,0.0378374637
6749,0.0378402352
6750,0.0378430067
6751,0.0378457782
6752,0.0378485497
6753,0.0378513212
6754,0.0378540927
6755,0.0378568642
6756,0.0378596357
6757,0.0378624071
6758,0.0378651786
6759,0.0378679501
6760,0.0378707216
6761,0.0378734931
6762,0.0378762646
6763,0.0378790361
6764,0.0378818076
6765,0.0378845791
6766,0.0378873506
6767,0.0378901221
6768,0.0378928935
6769,0.037895665
6770,0.0378984365
6771,0.037901208
6772,0.0379039795
6773,0.037906751
6774,0.0379095225
6775,0.037912294
6776,0.0379150655
6777,0.037917837
6778,0.0379206085
6779,0.0379233799
6780,0.0379261514
6781,0.0379289229
6782,0.0379316944
6783,0.0379344659
6784,0.0379372374
6785,0.0379400089
6786,0.0379427804
6787,0.0379455519
6788,0.0379483234
6789,0.0379510949
6790,0.0379538663
6791,0.0379566378
6792,0.0379594093
6793,0.0379621808
6794,0.0379649523
6795,0.0379677238
6796,0.0379704953
6797,0.0379732668
6798,0.0379760383
6799,0.0379788098
6800,0.0379815813
6801,0.0379843527
6802,0.0379871242
6803,0.0379898957
6804,0.037992667199999997
6805,0.0379954387
6806,0.0379982102
6807,0.0380009817
6808,0.0380037532
6809,0.0380065247
6810,0.0380092962
6811,0.0380120677
6812,0.0380148391
6813,0.0380176106
6814,0.0380203821
6815,0.0380231536
6816,0.0380259251
6817,0.0380286966
6818,0.0380314681
6819,0.0380342396
6820,0.0380370111
6821,0.0380397826
6822,0.0380425541
6823,0.0380453256
6824,0.038048097
6825,0.0380508685
6826,0.03805364
6827,0.0380564115
6828,0.038059183
6829,0.0380619545
6830,0.038064726
6831,0.0380674975
6832,0.038070269
6833,0.0380730405
6834,0.038075812
6835,0.0380785834
6836,0.0380813549
6837,0.0380841264
6838,0.0380868979
6839,0.0380896694
6840,0.0380924409
6841,0.0380952124
6842,0.0380979839
6843,0.0381007554
6844,0.0381035269
6845,0.0381062984
6846,0.0381090698
6847,0.0381118413
6848,0.0381146128
6849,0.0381173843
6850,0.0381201558
6851,0.0381229273
6852,0.0381256988
6853,0.0381284703
6854,0.0381312418
6855,0.0381340133
6856,0.0381367848
6857,0.0381395562
6858,0.0381423277
6859,0.0381450992
6860,0.0381478707
6861,0.0381506422
6862,0.0381534137
6863,0.0381561852
6864,0.0381589567
6865,0.0381617282
6866,0.0381644997
6867,0.0381672712
6868,0.0381700426
6869,0.0381728141
6870,0.0381755856
6871,0.0381783571
6872,0.0381811286
6873,0.0381839001
6874,0.0381866716
6875,0.0381894431
6876,0.0381922146
6877,0.0381949861
6878,0.0381977576
6879,0.038200529
6880,0.0382033005
6881,0.038206072
6882,0.0382088435
6883,0.038211615
6884,0.0382143865
6885,0.038217158
6886,0.0382199295
6887,0.038222701
6888,0.0382254725
6889,0.038228244
6890,0.0382310154
6891,0.0382337869
6892,0.0382365584
6893,0.0382393299
6894,0.0382421014
6895,0.0382448729
6896,0.0382476444
6897,0.0382504159
6898,0.0382531874
6899,0.0382559589
6900,0.0382587304
6901,0.0382615018
6902,0.0382642733
6903,0.0382670448
6904,0.0382698163
6905,0.0382725878
6906,0.0382753593
6907,0.0382781308
6908,0.0382809023
6909,0.0382836738
6910,0.0382864453
6911,0.0382892168
6912,0.0382919883
6913,0.0382947597
6914,0.0382975312
6915,0.0383003027
6916,0.0383030742
6917,0.0383058457
6918,0.0383086172
6919,0.0383113887
6920,0.0383141602
6921,0.0383169317
6922,0.0383197032
6923,0.0383224747
6924,0.0383252461
6925,0.0383280176
6926,0.0383307891
6927,0.0383335606
6928,0.0383363321
6929,0.0383391036
6930,0.0383418751
6931,0.0383446466
6932,0.0383474181
6933,0.0383501896
6934,0.0383529611
6935,0.0383557325
6936,0.038358504
6937,0.0383612755
6938,0.038364047
6939,0.0383668185
6940,0.03836959
6941,0.0383723615
6942,0.038375133
6943,0.0383779045
6944,0.038380676
6945,0.0383834475
6946,0.0383862189
6947,0.0383889904
6948,0.0383917619
6949,0.0383945334
6950,0.0383973049
6951,0.0384000764
6952,0.0384028479
6953,0.0384056194
6954,0.0384083909
6955,0.0384111624
6956,0.0384139339
6957,0.0384167053
6958,0.0384194768
6959,0.0384222483
6960,0.0384250198
6961,0.0384277913
6962,0.0384305628
6963,0.0384333343
6964,0.0384361058
6965,0.0384388773
6966,0.0384416488
6967,0.0384444203
6968,0.0384471917
6969,0.0384499632
6970,0.0384527347
6971,0.0384555062
6972,0.0384582777
6973,0.0384610492
6974,0.0384638207
6975,0.0384665922
6976,0.0384693637
6977,0.0384721352
6978,0.0384749067
6979,0.0384776781
6980,0.0384804496
6981,0.0384832211
6982,0.0384859926
6983,0.0384887641
6984,0.0384915356
6985,0.0384943071
6986,0.0384970786
6987,0.0384998501
6988,0.0385026216
6989,0.0385053931
6990,0.0385081645
6991,0.038510936
6992,0.0385137075
6993,0.038516479
6994,0.0385192505
6995,0.038522022
6996,0.0385247935
6997,0.038527565
6998,0.0385303365
6999,0.038533108
7000,0.0385358795
7001,0.038538651
7002,0.0385414224
7003,0.0385441939
7004,0.0385469654
7005,0.0385497369
7006,0.0385525084
7007,0.0385552799
7008,0.0385580514
7009,0.0385608229
7010,0.0385635944
7011,0.0385663659
7012,0.0385691374
7013,0.0385719088
7014,0.0385746803
7015,0.0385774518
7016,0.0385802233
7017,0.0385829948
7018,0.0385857663
7019,0.0385885378
7020,0.0385913093
7021,0.0385940808
7022,0.0385968523
7023,0.0385996238
7024,0.0386023952
7025,0.0386051667
7026,0.0386079382
7027,0.0386107097
7028,0.0386134812
7029,0.0386162527
7030,0.0386190242
7031,0.0386217957
7032,0.0386245672
7033,0.0386273387
7034,0.0386301102
7035,0.0386328816
7036,0.0386356531
7037,0.0386384246
7038,0.0386411961
7039,0.0386439676
7040,0.0386467391
7041,0.0386495106
7042,0.0386522821
7043,0.0386550536
7044,0.0386578251
7045,0.0386605966
7046,0.038663368
7047,0.0386661395
7048,0.038668911
7049,0.0386716825
7050,0.038674454
7051,0.0386772255
7052,0.038679997
7053,0.0386827685
7054,0.03868554
7055,0.0386883115
7056,0.038691083
7057,0.0386938544
7058,0.0386966259
7059,0.0386993974
7060,0.0387021689
7061,0.0387049404
7062,0.0387077119
7063,0.0387104834
7064,0.0387132549
7065,0.0387160264
7066,0.0387187979
7067,0.0387215694
7068,0.0387243408
7069,0.0387271123
7070,0.0387298838
7071,0.0387326553
7072,0.0387354268
7073,0.0387381983
7074,0.0387409698
7075,0.0387437413
7076,0.0387465128
7077,0.0387492843
7078,0.0387520558
7079,0.0387548272
7080,0.0387575987
7081,0.0387603702
7082,0.0387631417
7083,0.0387659132
7084,0.0387686847
7085,0.0387714562
7086,0.0387742277
7087,0.0387769992
7088,0.0387797707
7089,0.0387825422
7090,0.0387853137
7091,0.0387880851
7092,0.0387908566
7093,0.0387936281
7094,0.0387963996
7095,0.0387991711
7096,0.0388019426
7097,0.0388047141
7098,0.0388074856
7099,0.0388102571
7100,0.0388130286
7101,0.0388158001
7102,0.0388185715
7103,0.038821343
7104,0.0388241145
7105,0.038826886
7106,0.0388296575
7107,0.038832429
7108,0.0388352005
7109,0.038837972
7110,0.0388407435
7111,0.038843515
7112,0.0388462865
7113,0.0388490579
7114,0.0388518294
7115,0.0388546009
7116,0.0388573724
7117,0.0388601439
7118,0.0388629154
7119,0.0388656869
7120,0.0388684584
7121,0.0388712299
7122,0.0388740014
7123,0.0388767729
7124,0.0388795443
7125,0.0388823158
7126,0.0388850873
7127,0.0388878588
7128,0.0388906303
7129,0.0388934018
7130,0.0388961733
7131,0.0388989448
7132,0.0389017163
7133,0.0389044878
7134,0.0389072593
7135,0.0389100307
7136,0.0389128022
7137,0.0389155737
7138,0.0389183452
7139,0.0389211167
7140,0.0389238882
7141,0.0389266597
7142,0.0389294312
7143,0.0389322027
7144,0.0389349742
7145,0.0389377457
7146,0.0389405171
7147,0.0389432886
7148,0.0389460601
7149,0.0389488316
7150,0.0389516031
7151,0.0389543746
7152,0.0389571461
7153,0.0389599176
7154,0.0389626891
7155,0.0389654606
7156,0.0389682321
7157,0.0389710035
7158,0.038973775
7159,0.0389765465
7160,0.038979318
7161,0.0389820895
7162,0.038984861
7163,0.0389876325
7164,0.038990404
7165,0.0389931755
7166,0.038995947
7167,0.0389987185
7168,0.0390014899
7169,0.0390042614
7170,0.0390070329
7171,0.0390098044
7172,0.0390125759
7173,0.0390153474
7174,0.0390181189
7175,0.0390208904
7176,0.0390236619
7177,0.0390264334
7178,0.0390292049
7179,0.0390319764
7180,0.0390347478
7181,0.0390375193
7182,0.0390402908
7183,0.0390430623
7184,0.0390458338
7185,0.0390486053
7186,0.0390513768
7187,0.0390541483
7188,0.0390569198
7189,0.0390596913
7190,0.0390624628
7191,0.0390652342
7192,0.0390680057
7193,0.0390707772
7194,0.0390735487
7195,0.0390763202
7196,0.0390790917
7197,0.0390818632
7198,0.0390846347
7199,0.0390874062
7200,0.0390901777
7201,0.0390929492
7202,0.0390957206
7203,0.0390984921
7204,0.0391012636
7205,0.0391040351
7206,0.0391068066
7207,0.0391095781
7208,0.0391123496
7209,0.0391151211
7210,0.0391178926
7211,0.0391206641
7212,0.0391234356
7213,0.039126207
7214,0.0391289785
7215,0.03913175
7216,0.0391345215
7217,0.039137293
7218,0.0391400645
7219,0.039142836
7220,0.0391456075
7221,0.039148379
7222,0.0391511505
7223,0.039153922
7224,0.0391566934
7225,0.0391594649
7226,0.0391622364
7227,0.0391650079
7228,0.0391677794
7229,0.0391705509
7230,0.0391733224
7231,0.0391760939
7232,0.0391788654
7233,0.0391816369
7234,0.0391844084
7235,0.0391871798
7236,0.0391899513
7237,0.0391927228
7238,0.0391954943
7239,0.0391982658
7240,0.0392010373
7241,0.0392038088
7242,0.0392065803
7243,0.0392093518
7244,0.0392121233
7245,0.0392148948
7246,0.0392176662
7247,0.0392204377
7248,0.0392232092
7249,0.0392259807
7250,0.0392287522
7251,0.0392315237
7252,0.0392342952
7253,0.0392370667
7254,0.0392398382
7255,0.0392426097
7256,0.0392453812
7257,0.0392481526
7258,0.0392509241
7259,0.0392536956
7260,0.0392564671
7261,0.0392592386
7262,0.0392620101
7263,0.0392647816
7264,0.0392675531
7265,0.0392703246
7266,0.0392730961
7267,0.0392758676
7268,0.0392786391
7269,0.0392814105
7270,0.039284182
7271,0.0392869535
7272,0.039289725
7273,0.0392924965
7274,0.039295268
7275,0.0392980395
7276,0.039300811
7277,0.0393035825
7278,0.039306354
7279,0.0393091255
7280,0.0393118969
7281,0.0393146684
7282,0.0393174399
7283,0.0393202114
7284,0.0393229829
7285,0.0393257544
7286,0.0393285259
7287,0.0393312974
7288,0.0393340689
7289,0.0393368404
7290,0.0393396119
7291,0.0393423833
7292,0.0393451548
7293,0.0393479263
7294,0.0393506978
7295,0.0393534693
7296,0.0393562408
7297,0.0393590123
7298,0.0393617838
7299,0.0393645553
7300,0.0393673268
7301,0.0393700983
7302,0.0393728697
7303,0.0393756412
7304,0.0393784127
7305,0.0393811842
7306,0.0393839557
7307,0.0393867272
7308,0.0393894987
7309,0.0393922702
7310,0.0393949388
7311,0.0393976074
7312,0.0394002759
7313,0.0394029445
7314,0.0394056131
7315,0.0394082817
7316,0.0394109503
7317,0.0394136189
7318,0.0394162875
7319,0.039418956
7320,0.0394216246
7321,0.0394242932
7322,0.0394269618
7323,0.0394296304
7324,0.039432299
7325,0.0394349676
7326,0.0394376361
7327,0.0394403047
7328,0.0394429733
7329,0.0394456419
7330,0.0394483105
7331,0.0394509791
7332,0.0394536477
7333,0.0394563162
7334,0.0394589848
7335,0.0394616534
7336,0.039464322
7337,0.0394669906
7338,0.0394696592
7339,0.0394723278
7340,0.0394749963
7341,0.0394776649
7342,0.0394803335
7343,0.0394830021
7344,0.0394856707
7345,0.0394883393
7346,0.0394910079
7347,0.0394936764
7348,0.039496345
7349,0.0394990136
7350,0.0395016822
7351,0.0395043508
7352,0.0395070194
7353,0.039509688
7354,0.0395123565
7355,0.0395150251
7356,0.0395176937
7357,0.0395203623
7358,0.0395230309
7359,0.0395256995
7360,0.0395283681
7361,0.0395310366
7362,0.0395337052
7363,0.0395363738
7364,0.0395390424
7365,0.039541711
7366,0.0395443796
7367,0.0395470482
7368,0.0395497167
7369,0.0395523853
7370,0.0395550539
7371,0.0395577225
7372,0.0395603911
7373,0.0395630597
7374,0.0395657283
7375,0.0395683968
7376,0.0395710654
7377,0.039573734
7378,0.0395764026
7379,0.0395790712
7380,0.0395817398
7381,0.0395844084
7382,0.0395870769
7383,0.0395897455
7384,0.0395924141
7385,0.0395950827
7386,0.0395977513
7387,0.0396004199
7388,0.0396030885
7389,0.039605757
7390,0.0396084256
7391,0.0396110942
7392,0.0396137628
7393,0.0396164314
7394,0.0396191
7395,0.0396217686
7396,0.0396244371
7397,0.0396271057
7398,0.0396297743
7399,0.0396324429
7400,0.0396351115
7401,0.0396377801
7402,0.0396404487
7403,0.0396431172
7404,0.0396457858
7405,0.0396484544
7406,0.039651123
7407,0.0396537916
7408,0.0396564602
7409,0.0396591288
7410,0.0396617973
7411,0.0396644659
7412,0.0396671345
7413,0.0396698031
7414,0.0396724717
7415,0.0396751403
7416,0.0396778089
7417,0.0396804774
7418,0.039683146
7419,0.0396858146
7420,0.0396884832
7421,0.0396911518
7422,0.0396938204
7423,0.039696489
7424,0.0396991575
7425,0.0397018261
7426,0.0397044947
7427,0.0397071633
7428,0.0397098319
7429,0.0397125005
7430,0.0397151691
7431,0.0397178376
7432,0.0397205062
7433,0.0397231748
7434,0.0397258434
7435,0.039728512
7436,0.0397311806
7437,0.0397338492
7438,0.0397365177
7439,0.0397391863
7440,0.0397418549
7441,0.0397445235
7442,0.0397471921
7443,0.0397498607
7444,0.0397525293
7445,0.0397551978
7446,0.0397578664
7447,0.039760535
7448,0.0397632036
7449,0.0397658722
7450,0.0397685408
7451,0.0397712094
7452,0.0397738779
7453,0.0397765465
7454,0.0397792151
7455,0.0397818837
7456,0.0397845523
7457,0.0397872209
7458,0.0397898895
7459,0.039792558
7460,0.0397952266
7461,0.0397978952
7462,0.0398005638
7463,0.0398032324
7464,0.039805901
7465,0.0398085696
7466,0.0398112381
7467,0.0398139067
7468,0.0398165753
7469,0.0398192439
7470,0.0398219125
7471,0.0398245811
7472,0.0398272497
7473,0.0398299182
7474,0.0398325868
7475,0.0398352554
7476,0.039837924
7477,0.0398405926
7478,0.0398432612
7479,0.0398459298
7480,0.0398485983
7481,0.0398512669
7482,0.0398539355
7483,0.0398566041
7484,0.0398592727
7485,0.0398619413
7486,0.0398646099
7487,0.0398672784
7488,0.039869947
7489,0.0398726156
7490,0.0398752842
7491,0.0398779528
7492,0.0398806214
7493,0.03988329
7494,0.0398859585
7495,0.0398886271
7496,0.0398912957
7497,0.0398939643
7498,0.0398966329
7499,0.0398993015
7500,0.0399019701
7501,0.0399046386
7502,0.0399073072
7503,0.0399099758
7504,0.0399126444
7505,0.039915313
7506,0.0399179816
7507,0.0399206502
7508,0.0399233187
7509,0.0399259873
7510,0.0399286559
7511,0.0399313245
7512,0.0399339931
7513,0.0399366617
7514,0.0399393303
7515,0.0399419988
7516,0.0399446674
7517,0.039947336
7518,0.0399500046
7519,0.0399526732
7520,0.0399553418
7521,0.0399580104
7522,0.0399606789
7523,0.0399633475
7524,0.0399660161
7525,0.0399686847
7526,0.0399713533
7527,0.0399740219
7528,0.0399766905
7529,0.039979359
7530,0.0399820276
7531,0.0399846962
7532,0.0399873648
7533,0.0399900334
7534,0.039992702
7535,0.0399953706
7536,0.0399980391
7537,0.0400007077
7538,0.0400033763
7539,0.0400060449
7540,0.0400087135
7541,0.0400113821
7542,0.0400140507
7543,0.0400167192
7544,0.0400193878
7545,0.0400220564
7546,0.040024725
7547,0.0400273936
7548,0.0400300622
7549,0.0400327308
7550,0.0400353993
7551,0.0400380679
7552,0.0400407365
7553,0.0400434051
7554,0.0400460737
7555,0.0400487423
7556,0.0400514109
7557,0.0400540794
7558,0.040056748
7559,0.0400594166
7560,0.0400620852
7561,0.0400647538
7562,0.0400674224
7563,0.040070091
7564,0.0400727595
7565,0.0400754281
7566,0.0400780967
7567,0.0400807653
7568,0.0400834339
7569,0.0400861025
7570,0.0400887711
7571,0.0400914396
7572,0.0400941082
7573,0.0400967768
7574,0.0400994454
7575,0.040102114
7576,0.0401047826
7577,0.0401074512
7578,0.0401101197
7579,0.0401127883
7580,0.0401154569
7581,0.0401181255
7582,0.0401207941
7583,0.0401234627
7584,0.0401261313
7585,0.0401287998
7586,0.0401314684
7587,0.040134137
7588,0.0401368056
7589,0.0401394742
7590,0.0401421428
7591,0.0401448114
7592,0.0401474799
7593,0.0401501485
7594,0.0401528171
7595,0.0401554857
7596,0.0401581543
7597,0.0401608229
7598,0.0401634915
7599,0.04016616
7600,0.0401688286
7601,0.0401714972
7602,0.0401741658
7603,0.0401768344
7604,0.040179503
7605,0.0401821716
7606,0.0401848401
7607,0.0401875087
7608,0.0401901773
7609,0.0401928459
7610,0.0401955145
7611,0.0401981831
7612,0.0402008517
7613,0.0402035202
7614,0.0402061888
7615,0.0402088574
7616,0.040211526
7617,0.0402141946
7618,0.0402168632
7619,0.0402195318
7620,0.0402222003
7621,0.0402248689
7622,0.0402275375
7623,0.0402302061
7624,0.0402328747
7625,0.0402355433
7626,0.0402382119
7627,0.0402408804
7628,0.040243549
7629,0.0402462176
7630,0.0402488862
7631,0.0402515548
7632,0.0402542234
7633,0.040256892
7634,0.0402595605
7635,0.0402622291
7636,0.0402648977
7637,0.0402675663
7638,0.0402702349
7639,0.0402729035
7640,0.0402755721
7641,0.0402782406
7642,0.0402809092
7643,0.0402835778
7644,0.0402862464
7645,0.040288915
7646,0.0402915836
7647,0.0402942522
7648,0.0402969207
7649,0.0402995893
7650,0.0403022579
7651,0.0403049265
7652,0.0403075951
7653,0.0403102637
7654,0.0403129323
7655,0.0403156008
7656,0.0403182694
7657,0.040320938
7658,0.0403236066
7659,0.0403262752
7660,0.0403289438
7661,0.0403316124
7662,0.0403342809
7663,0.0403369495
7664,0.0403396181
7665,0.0403422867
7666,0.0403449553
7667,0.0403476239
7668,0.0403502925
7669,0.040352961
7670,0.0403556296
7671,0.0403582982
7672,0.0403609668
7673,0.0403636354
7674,0.040366304
7675,0.0403689726
7676,0.0403716411
7677,0.0403743097
7678,0.0403769783
7679,0.0403796469
7680,0.0403823155
7681,0.0403849841
7682,0.0403876527
7683,0.0403903212
7684,0.0403929898
7685,0.0403956584
7686,0.040398327
7687,0.0404009956
7688,0.0404036642
7689,0.0404063328
7690,0.0404090014
7691,0.0404116699
7692,0.0404143385
7693,0.0404170071
7694,0.0404196757
7695,0.0404223443
7696,0.0404250129
7697,0.0404276815
7698,0.04043035
7699,0.0404330186
7700,0.0404356872
7701,0.0404383558
7702,0.0404410244
7703,0.040443693
7704,0.0404463616
7705,0.0404490301
7706,0.0404516987
7707,0.0404543673
7708,0.0404570359
7709,0.0404597045
7710,0.0404623731
7711,0.0404650417
7712,0.0404677102
7713,0.0404703788
7714,0.0404730474
7715,0.040475716
7716,0.0404783846
7717,0.0404810532
7718,0.0404837218
7719,0.0404863903
7720,0.0404890589
7721,0.0404917275
7722,0.0404943961
7723,0.0404970647
7724,0.0404997333
7725,0.0405024019
7726,0.0405050704
7727,0.040507739
7728,0.0405104076
7729,0.0405130762
7730,0.0405157448
7731,0.0405184134
7732,0.040521082
7733,0.0405237505
7734,0.0405264191
7735,0.0405290877
7736,0.0405317563
7737,0.0405344249
7738,0.0405370935
7739,0.0405397621
7740,0.0405424306
7741,0.0405450992
7742,0.0405477678
7743,0.0405504364
7744,0.040553105
7745,0.0405557736
7746,0.0405584422
7747,0.0405611107
7748,0.0405637793
7749,0.0405664479
7750,0.0405691165
7751,0.0405717851
7752,0.0405744537
7753,0.0405771223
7754,0.0405797908
7755,0.0405824594
7756,0.040585128
7757,0.0405877966
7758,0.0405904652
7759,0.0405931338
7760,0.0405958024
7761,0.0405984709
7762,0.0406011395
7763,0.0406038081
7764,0.0406064767
7765,0.0406091453
7766,0.0406118139
7767,0.0406144825
7768,0.040617151
7769,0.0406198196
7770,0.0406224882
7771,0.0406251568
7772,0.0406278254
7773,0.040630494
7774,0.0406331626
7775,0.0406358311
7776,0.0406384997
7777,0.0406411683
7778,0.0406438369
7779,0.0406465055
7780,0.0406491741
7781,0.0406518427
7782,0.0406545112
7783,0.0406571798
7784,0.0406598484
7785,0.040662517
7786,0.0406651856
7787,0.0406678542
7788,0.0406705228
7789,0.0406731913
7790,0.0406758599
7791,0.0406785285
7792,0.0406811971
7793,0.0406838657
7794,0.0406865343
7795,0.0406892029
7796,0.0406918714
7797,0.04069454
7798,0.0406972086
7799,0.0406998772
7800,0.0407025458
7801,0.0407052144
7802,0.040707883
7803,0.0407105515
7804,0.0407132201
7805,0.0407158887
7806,0.0407185573
7807,0.0407212259
7808,0.0407238945
7809,0.0407265631
7810,0.0407292316
7811,0.0407319002
7812,0.0407345688
7813,0.0407372374
7814,0.040739906
7815,0.0407425746
7816,0.0407452432
7817,0.0407479117
7818,0.0407505803
7819,0.0407532489
7820,0.0407559175
7821,0.0407585861
7822,0.0407612547
7823,0.0407639233
7824,0.0407665918
7825,0.0407692604
7826,0.040771929
7827,0.0407745976
7828,0.0407772662
7829,0.0407799348
7830,0.0407826034
7831,0.0407852719
7832,0.0407879405
7833,0.0407906091
7834,0.0407932777
7835,0.0407959463
7836,0.0407986149
7837,0.0408012835
7838,0.040803952
7839,0.0408066206
7840,0.0408092892
7841,0.0408119578
7842,0.0408146264
7843,0.040817295
7844,0.0408199636
7845,0.0408226321
7846,0.0408253007
7847,0.0408279693
7848,0.0408306379
7849,0.0408333065
7850,0.0408359751
7851,0.0408386437
7852,0.0408413122
7853,0.0408439808
7854,0.0408466494
7855,0.040849318
7856,0.0408519866
7857,0.0408546552
7858,0.0408573238
7859,0.0408599923
7860,0.0408626609
7861,0.0408653295
7862,0.0408679981
7863,0.0408706667
7864,0.0408733353
7865,0.0408760039
7866,0.0408786724
7867,0.040881341
7868,0.0408840096
7869,0.0408866782
7870,0.0408893468
7871,0.0408920154
7872,0.040894684
7873,0.0408973525
7874,0.0409000211
7875,0.0409026897
7876,0.0409053583
7877,0.0409080269
7878,0.0409106955
7879,0.0409133641
7880,0.0409160326
7881,0.0409187012
7882,0.0409213698
7883,0.0409240384
7884,0.040926707
7885,0.0409293756
7886,0.0409320442
7887,0.0409347127
7888,0.0409373813
7889,0.0409400499
7890,0.0409427185
7891,0.0409453871
7892,0.0409480557
7893,0.0409507243
7894,0.0409533928
7895,0.0409560614
7896,0.04095873
7897,0.0409613986
7898,0.0409640672
7899,0.0409667358
7900,0.0409694044
7901,0.0409720729
7902,0.0409747415
7903,0.0409774101
7904,0.0409800787
7905,0.0409827473
7906,0.0409854159
7907,0.0409880845
7908,0.040990753
7909,0.0409934216
7910,0.0409960902
7911,0.0409987588
7912,0.0410014274
7913,0.041004096
7914,0.0410067646
7915,0.0410094331
7916,0.0410121017
7917,0.0410147703
7918,0.0410174389
7919,0.0410201075
7920,0.0410227761
7921,0.0410254447
7922,0.0410281132
7923,0.0410307818
7924,0.0410334504
7925,0.041036119
7926,0.0410387876
7927,0.0410414562
7928,0.0410441248
7929,0.0410467933
7930,0.0410494619
7931,0.0410521305
7932,0.0410547991
7933,0.0410574677
7934,0.0410601363
7935,0.0410628049
7936,0.0410654734
7937,0.041068142
7938,0.0410708106
7939,0.0410734792
7940,0.0410761478
7941,0.0410788164
7942,0.041081485
7943,0.0410841535
7944,0.0410868221
7945,0.0410894907
7946,0.0410921593
7947,0.0410948279
7948,0.0410974965
7949,0.0411001651
7950,0.0411028336
7951,0.0411055022
7952,0.0411081708
7953,0.0411108394
7954,0.041113508
7955,0.0411161766
7956,0.0411188452
7957,0.0411215137
7958,0.0411241823
7959,0.0411268509
7960,0.0411295195
7961,0.0411321881
7962,0.0411348567
7963,0.0411375253
7964,0.0411401938
7965,0.0411428624
7966,0.041145531
7967,0.0411481996
7968,0.0411508682
7969,0.0411535368
7970,0.0411562054
7971,0.0411588739
7972,0.0411615425
7973,0.0411642111
7974,0.0411668797
7975,0.0411695483
7976,0.0411722169
7977,0.0411748855
7978,0.041177554
7979,0.0411802226
7980,0.0411828912
7981,0.0411855598
7982,0.0411882284
7983,0.041190897
7984,0.0411935656
7985,0.0411962341
7986,0.0411989027
7987,0.0412015713
7988,0.0412042399
7989,0.0412069085
7990,0.0412095771
7991,0.0412122457
7992,0.0412149142
7993,0.0412175828
7994,0.0412202514
7995,0.04122292
7996,0.0412255886
7997,0.0412282572
7998,0.0412309258
7999,0.0412335943
8000,0.0412362629
8001,0.0412389315
8002,0.0412416001
8003,0.0412442687
8004,0.0412469373
8005,0.0412496059
8006,0.0412522744
8007,0.041254943
8008,0.0412576116
8009,0.0412602802
8010,0.0412629488
8011,0.0412656174
8012,0.041268286
8013,0.0412709545
8014,0.0412736231
8015,0.0412762917
8016,0.0412789603
8017,0.0412816289
8018,0.0412842975
8019,0.0412869661
8020,0.0412896346
8021,0.0412923032
8022,0.0412949718
8023,0.0412976404
8024,0.041300309
8025,0.0413029776
8026,0.0413056462
8027,0.0413083147
8028,0.0413109833
8029,0.0413136519
8030,0.0413163205
8031,0.0413189891
8032,0.0413216577
8033,0.0413243263
8034,0.0413269948
8035,0.0413296634
8036,0.041332332
8037,0.0413350006
8038,0.0413376692
8039,0.0413403378
8040,0.0413430064
8041,0.0413456749
8042,0.0413483435
8043,0.0413510121
8044,0.0413536807
8045,0.0413563493
8046,0.0413590179
8047,0.0413616865
8048,0.041364355
8049,0.0413670236
8050,0.0413696922
8051,0.0413723608
8052,0.0413750294
8053,0.041377698
8054,0.0413803666
8055,0.0413830351
8056,0.0413857037
8057,0.0413883723
8058,0.0413910409
8059,0.0413937095
8060,0.0413963781
8061,0.0413990467
8062,0.0414017152
8063,0.0414043838
8064,0.0414070524
8065,0.041409721
8066,0.0414123896
8067,0.0414150582
8068,0.0414177268
8069,0.0414203953
8070,0.0414230639
8071,0.0414257325
8072,0.0414284011
8073,0.0414310697
8074,0.0414337383
8075,0.0414364069
8076,0.0414390754
8077,0.041441744
8078,0.0414444126
8079,0.0414470812
8080,0.0414497498
8081,0.0414524184
8082,0.041455087
8083,0.0414577555
8084,0.0414604241
8085,0.0414630927
8086,0.0414657613
8087,0.0414684299
8088,0.0414710985
8089,0.0414737671
8090,0.0414764356
8091,0.0414791042
8092,0.0414817728
8093,0.0414844414
8094,0.04148711
8095,0.0414897786
8096,0.0414924472
8097,0.0414951157
8098,0.0414977843
8099,0.0415004529
8100,0.0415031215
8101,0.0415057901
8102,0.0415084587
8103,0.0415111273
8104,0.0415137958
8105,0.0415164644
8106,0.041519133
8107,0.0415218016
8108,0.0415244702
8109,0.0415271388
8110,0.0415298074
8111,0.0415324759
8112,0.0415351445
8113,0.0415378131
8114,0.0415404817
8115,0.0415431503
8116,0.0415458189
8117,0.0415484875
8118,0.041551156
8119,0.0415538246
8120,0.0415564932
8121,0.0415591618
8122,0.0415618304
8123,0.041564499
8124,0.0415671676
8125,0.0415698361
8126,0.0415725047
8127,0.0415751733
8128,0.0415778419
8129,0.0415805105
8130,0.0415831791
8131,0.0415858477
8132,0.0415885162
8133,0.0415911848
8134,0.0415938534
8135,0.041596522
8136,0.0415991906
8137,0.0416018592
8138,0.0416045278
8139,0.0416071963
8140,0.0416098649
8141,0.0416125335
8142,0.0416152021
8143,0.0416178707
8144,0.0416205393
8145,0.0416232079
8146,0.0416258764
8147,0.041628545
8148,0.0416312136
8149,0.0416338822
8150,0.0416365508
8151,0.0416392194
8152,0.041641888
8153,0.0416445565
8154,0.0416472251
8155,0.0416498937
8156,0.0416525623
8157,0.0416552309
8158,0.0416578995
8159,0.0416605681
8160,0.0416632366
8161,0.0416659052
8162,0.0416685738
8163,0.0416712424
8164,0.041673911
8165,0.0416765796
8166,0.0416792482
8167,0.0416819167
8168,0.0416845853
8169,0.0416872539
8170,0.0416899225
8171,0.0416925911
8172,0.0416952597
8173,0.0416979283
8174,0.0417005968
8175,0.0417032654
8176,0.041705934
8177,0.0417086026
8178,0.0417112712
8179,0.0417139398
8180,0.0417166084
8181,0.0417192769
8182,0.0417219455
8183,0.0417246141
8184,0.0417272827
8185,0.0417299513
8186,0.0417326199
8187,0.0417352885
8188,0.0417379571
8189,0.0417406256
8190,0.0417432942
8191,0.0417459628
8192,0.0417486314
8193,0.0417513
8194,0.0417539686
8195,0.0417566372
8196,0.0417593057
8197,0.0417619743
8198,0.0417646429
8199,0.0417673115
8200,0.0417699801
8201,0.0417726487
8202,0.0417753173
8203,0.0417779858
8204,0.0417806544
8205,0.041783323
8206,0.0417859916
8207,0.0417886602
8208,0.0417913288
8209,0.0417939974
8210,0.0417966659
8211,0.0417993345
8212,0.0418020031
8213,0.0418046717
8214,0.0418073403
8215,0.0418100089
8216,0.0418126775
8217,0.041815346
8218,0.0418180146
8219,0.0418206832
8220,0.0418233518
8221,0.0418260204
8222,0.041828689
8223,0.0418313576
8224,0.0418340261
8225,0.0418366947
8226,0.0418393633
8227,0.0418420319
8228,0.0418447005
8229,0.0418473691
8230,0.0418500377
8231,0.0418527062
8232,0.0418553748
8233,0.0418580434
8234,0.041860712
8235,0.0418633806
8236,0.0418660492
8237,0.0418687178
8238,0.0418713863
8239,0.0418740549
8240,0.0418767235
8241,0.0418793921
8242,0.0418820607
8243,0.0418847293
8244,0.0418873979
8245,0.0418900664
8246,0.041892735
8247,0.0418954036
8248,0.0418980722
8249,0.0419007408
8250,0.0419034094
8251,0.041906078
8252,0.0419087465
8253,0.0419114151
8254,0.0419140837
8255,0.0419167523
8256,0.0419194209
8257,0.0419220895
8258,0.0419247581
8259,0.0419274266
8260,0.0419300952
8261,0.0419327638
8262,0.0419354324
8263,0.041938101
8264,0.0419407696
8265,0.0419434382
8266,0.0419461067
8267,0.0419487753
8268,0.0419514439
8269,0.0419541125
8270,0.0419567811
8271,0.0419594497
8272,0.0419621183
8273,0.0419647868
8274,0.0419674554
8275,0.041970124
8276,0.0419727926
8277,0.0419754612
8278,0.0419781298
8279,0.0419807984
8280,0.0419834669
8281,0.0419861355
8282,0.0419888041
8283,0.0419914727
8284,0.0419941413
8285,0.0419968099
8286,0.0419994785
8287,0.042002147
8288,0.0420048156
8289,0.0420074842
8290,0.0420101528
8291,0.0420128214
8292,0.04201549
8293,0.0420181586
8294,0.0420208271
8295,0.0420234957
8296,0.0420261643
8297,0.0420288329
8298,0.0420315015
8299,0.0420341701
8300,0.0420368387
8301,0.0420395072
8302,0.0420421758
8303,0.0420448444
8304,0.042047513
8305,0.0420501816
8306,0.0420528502
8307,0.0420555188
8308,0.0420581873
8309,0.0420608559
8310,0.0420635245
8311,0.0420661931
8312,0.0420688617
8313,0.0420715303
8314,0.0420741989
8315,0.0420768674
8316,0.042079536
8317,0.0420822046
8318,0.0420848732
8319,0.0420875418
8320,0.0420902104
8321,0.042092879
8322,0.0420955475
8323,0.0420982161
8324,0.0421008847
8325,0.0421035533
8326,0.0421062219
8327,0.0421088905
8328,0.0421115591
8329,0.0421142276
8330,0.0421168962
8331,0.0421195648
8332,0.0421222334
8333,0.042124902
8334,0.0421275706
8335,0.0421302392
8336,0.0421329077
8337,0.0421355763
8338,0.0421382449
8339,0.0421409135
8340,0.0421435821
8341,0.0421462507
8342,0.0421489193
8343,0.0421515878
8344,0.0421542564
8345,0.042156925
8346,0.0421595936
8347,0.0421622622
8348,0.0421649308
8349,0.0421675994
8350,0.0421702679
8351,0.0421729365
8352,0.0421756051
8353,0.0421782737
8354,0.0421809423
8355,0.0421836109
8356,0.0421862795
8357,0.042188948
8358,0.0421916166
8359,0.0421942852
8360,0.0421969538
8361,0.0421996224
8362,0.042202291
8363,0.0422049596
8364,0.0422076281
8365,0.0422102967
8366,0.0422129653
8367,0.0422156339
8368,0.0422183025
8369,0.0422209711
8370,0.0422236397
8371,0.0422263082
8372,0.0422289768
8373,0.0422316454
8374,0.042234314
8375,0.0422369826
8376,0.0422396512
8377,0.0422423198
8378,0.0422449883
8379,0.0422476569
8380,0.0422503255
8381,0.0422529941
8382,0.0422556627
8383,0.0422583313
8384,0.0422609999
8385,0.0422636684
8386,0.042266337
8387,0.0422690056
8388,0.0422716742
8389,0.0422743428
8390,0.0422770114
8391,0.04227968
8392,0.0422823485
8393,0.0422850171
8394,0.0422876857
8395,0.0422903543
8396,0.0422930229
8397,0.0422956915
8398,0.0422983601
8399,0.0423010286
8400,0.0423036972
8401,0.0423063658
8402,0.0423090344
8403,0.042311703
8404,0.0423143716
8405,0.0423170402
8406,0.0423197087
8407,0.0423223773
8408,0.0423250459
8409,0.0423277145
8410,0.0423303831
8411,0.0423330517
8412,0.0423357203
8413,0.0423383888
8414,0.0423410574
8415,0.042343726
8416,0.0423463946
8417,0.0423490632
8418,0.0423517318
8419,0.0423544004
8420,0.0423570689
8421,0.0423597375
8422,0.0423624061
8423,0.0423650747
8424,0.0423677433
8425,0.0423704119
8426,0.0423730805
8427,0.042375749
8428,0.0423784176
8429,0.0423810862
8430,0.0423837548
8431,0.0423864234
8432,0.042389092
8433,0.0423917606
8434,0.0423944291
8435,0.0423970977
8436,0.0423997663
8437,0.0424024349
8438,0.0424051035
8439,0.0424077721
8440,0.0424104407
8441,0.0424131092
8442,0.0424157778
8443,0.0424184464
8444,0.042421115
8445,0.0424237836
8446,0.0424264522
8447,0.0424291208
8448,0.0424317893
8449,0.0424344579
8450,0.0424371265
8451,0.0424397951
8452,0.0424424637
8453,0.0424451323
8454,0.0424478009
8455,0.0424504694
8456,0.042453138
8457,0.0424558066
8458,0.0424584752
8459,0.0424611438
8460,0.0424638124
8461,0.042466481
8462,0.0424691495
8463,0.0424718181
8464,0.0424744867
8465,0.0424771553
8466,0.0424798239
8467,0.0424824925
8468,0.0424851611
8469,0.0424878296
8470,0.0424904982
8471,0.0424931668
8472,0.0424958354
8473,0.042498504
8474,0.0425011726
8475,0.0425038412
8476,0.0425065097
8477,0.0425091783
8478,0.0425118469
8479,0.0425145155
8480,0.0425171841
8481,0.0425198527
8482,0.0425225213
8483,0.0425251898
8484,0.0425278584
8485,0.042530527
8486,0.0425331956
8487,0.0425358642
8488,0.0425385328
8489,0.0425412014
8490,0.0425438699
8491,0.0425465385
8492,0.0425492071
8493,0.0425518757
8494,0.0425545443
8495,0.0425572129
8496,0.0425598815
8497,0.04256255
8498,0.0425652186
8499,0.0425678872
8500,0.0425705558
8501,0.0425732244
8502,0.042575893
8503,0.0425785616
8504,0.0425812301
8505,0.0425838987
8506,0.0425865673
8507,0.0425892359
8508,0.0425919045
8509,0.0425945731
8510,0.0425972417
8511,0.0425999102
8512,0.0426025788
8513,0.0426052474
8514,0.042607916
8515,0.0426105846
8516,0.0426132532
8517,0.0426159218
8518,0.0426185903
8519,0.0426212589
8520,0.0426239275
8521,0.0426265961
8522,0.0426292647
8523,0.0426319333
8524,0.0426346019
8525,0.0426372704
8526,0.042639939
8527,0.0426426076
8528,0.0426452762
8529,0.0426479448
8530,0.0426506134
8531,0.042653282
8532,0.0426559505
8533,0.0426586191
8534,0.0426612877
8535,0.0426639563
8536,0.0426666249
8537,0.0426692935
8538,0.0426719621
8539,0.0426746306
8540,0.0426772992
8541,0.0426799678
8542,0.0426826364
8543,0.042685305
8544,0.0426879736
8545,0.0426906422
8546,0.0426933107
8547,0.0426959793
8548,0.0426986479
8549,0.0427013165
8550,0.0427039851
8551,0.0427066537
8552,0.0427093223
8553,0.0427119908
8554,0.0427146594
8555,0.042717328
8556,0.0427199966
8557,0.0427226652
8558,0.0427253338
8559,0.0427280024
8560,0.0427306709
8561,0.0427333395
8562,0.0427360081
8563,0.0427386767
8564,0.0427413453
8565,0.0427440139
8566,0.0427466825
8567,0.042749351
8568,0.0427520196
8569,0.0427546882
8570,0.0427573568
8571,0.0427600254
8572,0.042762694
8573,0.0427653626
8574,0.0427680311
8575,0.0427706997
8576,0.0427733683
8577,0.0427760369
8578,0.0427787055
8579,0.0427813741
8580,0.0427840427
8581,0.0427867112
8582,0.0427893798
8583,0.0427920484
8584,0.042794717
8585,0.0427973856
8586,0.0428000542
8587,0.0428027228
8588,0.0428053913
8589,0.0428080599
8590,0.0428107285
8591,0.0428133971
8592,0.0428160657
8593,0.0428187343
8594,0.0428214029
8595,0.0428240714
8596,0.04282674
8597,0.0428294086
8598,0.0428320772
8599,0.0428347458
8600,0.0428374144
8601,0.042840083
8602,0.0428427515
8603,0.0428454201
8604,0.0428480887
8605,0.0428507573
8606,0.0428534259
8607,0.0428560945
8608,0.0428587631
8609,0.0428614316
8610,0.0428641002
8611,0.0428667688
8612,0.0428694374
8613,0.042872106
8614,0.0428747746
8615,0.0428774432
8616,0.0428801117
8617,0.0428827803
8618,0.0428854489
8619,0.0428881175
8620,0.0428907861
8621,0.0428934547
8622,0.0428961233
8623,0.0428987918
8624,0.0429014604
8625,0.042904129
8626,0.0429067976
8627,0.0429094662
8628,0.0429121348
8629,0.0429148034
8630,0.0429174719
8631,0.0429201405
8632,0.0429228091
8633,0.0429254777
8634,0.0429281463
8635,0.0429308149
8636,0.0429334835
8637,0.042936152
8638,0.0429388206
8639,0.0429414892
8640,0.0429441578
8641,0.0429468264
8642,0.042949495
8643,0.0429521636
8644,0.0429548321
8645,0.0429575007
8646,0.0429601693
8647,0.0429628379
8648,0.0429655065
8649,0.0429681751
8650,0.0429708437
8651,0.0429735122
8652,0.0429761808
8653,0.0429788494
8654,0.042981518
8655,0.0429841866
8656,0.0429868552
8657,0.0429895238
8658,0.0429921923
8659,0.0429948609
8660,0.0429975295
8661,0.0430001981
8662,0.0430028667
8663,0.0430055353
8664,0.0430082039
8665,0.0430108724
8666,0.043013541
8667,0.0430162096
8668,0.0430188782
8669,0.0430215468
8670,0.0430242154
8671,0.043026884
8672,0.0430295525
8673,0.0430322211
8674,0.0430348897
8675,0.0430375583
8676,0.0430402269
8677,0.0430428955
8678,0.0430455641
8679,0.0430482327
8680,0.0430509012
8681,0.0430535698
8682,0.0430562384
8683,0.043058907
8684,0.0430615756
8685,0.0430642442
8686,0.0430669128
8687,0.0430695813
8688,0.0430722499
8689,0.0430749185
8690,0.0430775871
8691,0.0430802557
8692,0.0430829243
8693,0.0430855929
8694,0.0430882614
8695,0.04309093
8696,0.0430935986
8697,0.0430962672
8698,0.0430989358
8699,0.0431016044
8700,0.043104273
8701,0.0431069415
8702,0.0431096101
8703,0.0431122787
8704,0.0431149473
8705,0.0431176159
8706,0.0431202845
8707,0.0431229531
8708,0.0431256216
8709,0.0431282902
8710,0.0431309588
8711,0.0431336274
8712,0.043136296
8713,0.0431389646
8714,0.0431416332
8715,0.0431443017
8716,0.0431469703
8717,0.0431496389
8718,0.0431523075
8719,0.0431549761
8720,0.0431576447
8721,0.0431603133
8722,0.0431629818
8723,0.0431656504
8724,0.043168319
8725,0.0431709876
8726,0.0431736562
8727,0.0431763248
8728,0.0431789934
8729,0.0431816619
8730,0.0431843305
8731,0.0431869991
8732,0.0431896677
8733,0.0431923363
8734,0.0431950049
8735,0.0431976735
8736,0.043200342
8737,0.0432030106
8738,0.0432056792
8739,0.0432083478
8740,0.0432110164
8741,0.043213685
8742,0.0432163536
8743,0.0432190221
8744,0.0432216907
8745,0.0432243593
8746,0.0432270279
8747,0.0432296965
8748,0.0432323651
8749,0.0432350337
8750,0.0432377022
8751,0.0432403708
8752,0.0432430394
8753,0.043245708
8754,0.0432483766
8755,0.0432510452
8756,0.0432537138
8757,0.0432563823
8758,0.0432590509
8759,0.0432617195
8760,0.0432643881
8761,0.0432670567
8762,0.0432697253
8763,0.0432723939
8764,0.0432750624
8765,0.043277731
8766,0.0432803996
8767,0.0432830682
8768,0.0432857368
8769,0.0432884054
8770,0.043291074
8771,0.0432937425
8772,0.0432964111
8773,0.0432990797
8774,0.0433017483
8775,0.0433044169
8776,0.0433070855
8777,0.0433097541
8778,0.0433124226
8779,0.0433150912
8780,0.0433177598
8781,0.0433204284
8782,0.043323097
8783,0.0433257656
8784,0.0433284342
8785,0.0433311027
8786,0.0433337713
8787,0.0433364399
8788,0.0433391085
8789,0.0433417771
8790,0.0433444457
8791,0.0433471143
8792,0.0433497828
8793,0.0433524514
8794,0.04335512
8795,0.0433577886
8796,0.0433604572
8797,0.0433631258
8798,0.0433657944
8799,0.0433684629
8800,0.0433711315
8801,0.0433738001
8802,0.0433764687
8803,0.0433791373
8804,0.0433818059
8805,0.0433844745
8806,0.043387143
8807,0.0433898116
8808,0.0433924802
8809,0.0433951488
8810,0.0433978174
8811,0.043400486
8812,0.0434031546
8813,0.0434058231
8814,0.0434084917
8815,0.0434111603
8816,0.0434138289
8817,0.0434164975
8818,0.0434191661
8819,0.0434218347
8820,0.0434245032
8821,0.0434271718
8822,0.0434298404
8823,0.043432509
8824,0.0434351776
8825,0.0434378462
8826,0.0434405148
8827,0.0434431833
8828,0.0434458519
8829,0.0434485205
8830,0.0434511891
8831,0.0434538577
8832,0.0434565263
8833,0.0434591949
8834,0.0434618634
8835,0.043464532
8836,0.0434672006
8837,0.0434698692
8838,0.0434725378
8839,0.0434752064
8840,0.043477875
8841,0.0434805435
8842,0.0434832121
8843,0.0434858807
8844,0.0434885493
8845,0.0434912179
8846,0.0434938865
8847,0.0434965551
8848,0.0434992236
8849,0.0435018922
8850,0.0435045608
8851,0.0435072294
8852,0.043509898
8853,0.0435125666
8854,0.0435152352
8855,0.0435179037
8856,0.0435205723
8857,0.0435232409
8858,0.0435259095
8859,0.0435285781
8860,0.0435312467
8861,0.0435339153
8862,0.0435365838
8863,0.0435392524
8864,0.043541921
8865,0.0435445896
8866,0.0435472582
8867,0.0435499268
8868,0.0435525954
8869,0.0435552639
8870,0.0435579325
8871,0.0435606011
8872,0.0435632697
8873,0.0435659383
8874,0.0435686069
8875,0.0435712755
8876,0.043573944
8877,0.0435766126
8878,0.0435792812
8879,0.0435819498
8880,0.0435846184
8881,0.043587287
8882,0.0435899556
8883,0.0435926241
8884,0.0435952927
8885,0.0435979613
8886,0.0436006299
8887,0.0436032985
8888,0.0436059671
8889,0.0436086357
8890,0.0436113042
8891,0.0436139728
8892,0.0436166414
8893,0.04361931
8894,0.0436219786
8895,0.0436246472
8896,0.0436273158
8897,0.0436299843
8898,0.0436326529
8899,0.0436353215
8900,0.0436379901
8901,0.0436406587
8902,0.0436433273
8903,0.0436459959
8904,0.0436486644
8905,0.043651333
8906,0.0436540016
8907,0.0436566702
8908,0.0436593388
8909,0.0436620074
8910,0.043664676
8911,0.0436673445
8912,0.0436700131
8913,0.0436726817
8914,0.0436753503
8915,0.0436780189
8916,0.0436806875
8917,0.0436833561
8918,0.0436860246
8919,0.0436886932
8920,0.0436913618
8921,0.0436940304
8922,0.043696699
8923,0.0436993676
8924,0.0437020362
8925,0.0437047047
8926,0.0437073733
8927,0.0437100419
8928,0.0437127105
8929,0.0437153791
8930,0.0437180477
8931,0.0437207163
8932,0.0437233848
8933,0.0437260534
8934,0.043728722
8935,0.0437313906
8936,0.0437340592
8937,0.0437367278
8938,0.0437393964
8939,0.0437420649
8940,0.0437447335
8941,0.0437474021
8942,0.0437500707
8943,0.0437527393
8944,0.0437554079
8945,0.0437580765
8946,0.043760745
8947,0.0437634136
8948,0.0437660822
8949,0.0437687508
8950,0.0437714194
8951,0.043774088
8952,0.0437767566
8953,0.0437794251
8954,0.0437820937
8955,0.0437847623
8956,0.0437874309
8957,0.0437900995
8958,0.0437927681
8959,0.0437954367
8960,0.0437981052
8961,0.0438007738
8962,0.0438034424
8963,0.043806111
8964,0.0438087796
8965,0.0438114482
8966,0.0438141168
8967,0.0438167853
8968,0.0438194539
8969,0.0438221225
8970,0.0438247911
8971,0.0438274597
8972,0.0438301283
8973,0.0438327969
8974,0.0438354654
8975,0.043838134
8976,0.0438408026
8977,0.0438434712
8978,0.0438461398
8979,0.0438488084
8980,0.043851477
8981,0.0438541455
8982,0.0438568141
8983,0.0438594827
8984,0.0438621513
8985,0.0438648199
8986,0.0438674885
8987,0.0438701571
8988,0.0438728256
8989,0.0438754942
8990,0.0438781628
8991,0.0438808314
8992,0.0438835
8993,0.0438861686
8994,0.0438888372
8995,0.0438915057
8996,0.0438941743
8997,0.0438968429
8998,0.0438995115
8999,0.0439021801
9000,0.0439048487
9001,0.0439075173
9002,0.0439101858
9003,0.0439128544
9004,0.043915523
9005,0.0439181916
9006,0.0439208602
9007,0.0439235288
9008,0.0439261974
9009,0.0439288659
9010,0.0439315345
9011,0.0439342031
9012,0.0439368717
9013,0.0439395403
9014,0.0439422089
9015,0.0439448775
9016,0.043947546
9017,0.0439502146
9018,0.0439528832
9019,0.0439555518
9020,0.0439582204
9021,0.043960889
9022,0.0439635576
9023,0.0439662261
9024,0.0439688947
9025,0.0439715633
9026,0.0439742319
9027,0.0439769005
9028,0.0439795691
9029,0.0439822377
9030,0.0439849062
9031,0.0439875748
9032,0.0439902434
9033,0.043992912
9034,0.0439955806
9035,0.0439982492
9036,0.0440009178
9037,0.0440035863
9038,0.0440062549
9039,0.0440089235
9040,0.0440115921
9041,0.0440142607
9042,0.0440169293
9043,0.0440195979
9044,0.0440222664
9045,0.044024935
9046,0.0440276036
9047,0.0440302722
9048,0.0440329408
9049,0.0440356094
9050,0.044038278
9051,0.0440409465
9052,0.0440436151
9053,0.0440462837
9054,0.0440489523
9055,0.0440516209
9056,0.0440542895
9057,0.0440569581
9058,0.0440596266
9059,0.0440622952
9060,0.0440649638
9061,0.0440676324
9062,0.044070301
9063,0.0440729696
9064,0.0440756382
9065,0.0440783067
9066,0.0440809753
9067,0.0440836439
9068,0.0440863125
9069,0.0440889811
9070,0.0440916497
9071,0.0440943183
9072,0.0440969868
9073,0.0440996554
9074,0.044102324
9075,0.0441049926
9076,0.0441076612
9077,0.0441103298
9078,0.0441129984
9079,0.0441156669
9080,0.0441183355
9081,0.0441210041
9082,0.0441236727
9083,0.0441263413
9084,0.0441290099
9085,0.0441316785
9086,0.044134347
9087,0.0441370156
9088,0.0441396842
9089,0.0441423528
9090,0.0441450214
9091,0.04414769
9092,0.0441503586
9093,0.0441530271
9094,0.0441556957
9095,0.0441583643
9096,0.0441610329
9097,0.0441637015
9098,0.0441663701
9099,0.0441690387
9100,0.0441717072
9101,0.0441743758
9102,0.0441770444
9103,0.044179713
9104,0.0441823816
9105,0.0441850502
9106,0.0441877188
9107,0.0441903873
9108,0.0441930559
9109,0.0441957245
9110,0.0441983931
9111,0.0442010617
9112,0.0442037303
9113,0.0442063989
9114,0.0442090674
9115,0.044211736
9116,0.0442144046
9117,0.0442170732
9118,0.0442197418
9119,0.0442224104
9120,0.044225079
9121,0.0442277475
9122,0.0442304161
9123,0.0442330847
9124,0.0442357533
9125,0.0442384219
9126,0.0442410905
9127,0.0442437591
9128,0.0442464276
9129,0.0442490962
9130,0.0442517648
9131,0.0442544334
9132,0.044257102
9133,0.0442597706
9134,0.0442624392
9135,0.0442651077
