plazo_dias,valor
1,3.57999999999947
2,3.5818915498442196
3,3.58378309968898
4,3.5856746495337397
5,3.5875661993785
6,3.58945774922192
7,3.5913492990668696
8,3.5932408489117695
9,3.59513239875575
10,3.59702394860068
11,3.5989154984448604
12,3.6008070482898002
13,3.60269859813409
14,3.60459014797902
15,3.6064816978234
16,3.60837324766782
17,3.6102647975127597
18,3.6121563473572302
19,3.6140478972017296
20,3.61593944704625
21,3.6178309968908002
22,3.6197225467353698
23,3.6216140965799495
24,3.6235056464245496
25,3.6253971962691605
26,3.62669396169883
27,3.6279907271286
28,3.62928749255846
29,3.6305842579881302
30,3.6318810234178898
31,3.63317778884747
32,3.63447455427715
33,3.6357713197069
34,3.63706808513673
35,3.63836485056641
36,3.6396616159961503
37,3.6409583814257602
38,3.64225514685564
39,3.64355191228538
40,3.6448486777149904
41,3.64614544314467
42,3.64744220857441
43,3.64873897400421
44,3.6500357394338803
45,3.65133250486362
46,3.65262927029341
47,3.65392603572309
48,3.6552228011528203
49,3.6565195665826096
50,3.65781633201228
51,3.65911309744201
52,3.66040986287163
53,3.6617066283014603
54,3.66300339373119
55,3.66430015916082
56,3.6655969245906403
57,3.66689369002036
58,3.66819045544999
59,3.66948722087981
60,3.67078398630953
61,3.6720807517391605
62,3.67337751716897
63,3.6746742825986902
64,3.67597104802833
65,3.6772678134581303
66,3.6785645788878503
67,3.6798613443176102
68,3.6811581097472796
69,3.682454875177
70,3.6838451685907403
71,3.68523546200444
72,3.68662575541822
73,3.68801604883196
74,3.68940634224567
75,3.69079663565944
76,3.69218692907318
77,3.6935772224868804
78,3.69496751590066
79,3.69635780931439
80,3.6977481027281005
81,3.6991383961418696
82,3.70052868955561
83,3.70191898296931
84,3.70330927638308
85,3.70469956979682
86,3.7060898632105204
87,3.70748015662429
88,3.70887045003803
89,3.71026074345173
90,3.7116510368655002
91,3.71304133027923
92,3.71443162369294
93,3.7158219171067097
94,3.71721221052044
95,3.71860250393415
96,3.71999279734791
97,3.72138309076165
98,3.72277338417535
99,3.7241636775891105
100,3.72555397100285
101,3.7269442644165602
102,3.72833455783032
103,3.72972485124405
104,3.7311151446577604
105,3.7325054380715197
106,3.7338957314852497
107,3.73528602489896
108,3.73667631831272
109,3.73806661172645
110,3.7394569051401603
111,3.7408471985539196
112,3.7422374919676504
113,3.74362778538143
114,3.7450180787951197
115,3.74640837220885
116,3.74779866562263
117,3.74918895903631
118,3.7505792524500503
119,3.7519695458638203
120,3.75335983927758
121,3.75475013269131
122,3.75614042610502
123,3.75753071951877
124,3.7589210129325
125,3.76031130634621
126,3.76170159975997
127,3.7630918931737
128,3.76448218658747
129,3.7658724800011605
130,3.76726277341489
131,3.7686530668286604
132,3.7700433602424104
133,3.77143365365614
134,3.77282394706985
135,3.7742142404836
136,3.7756045338973303
137,3.7769948273110496
138,3.7783851207247996
139,3.77977541413853
140,3.7811657075522898
141,3.78255600096599
142,3.7839462943797697
143,3.78533658779348
144,3.78672688120723
145,3.78811717462096
146,3.7895074680346705
147,3.7908977614484205
148,3.79228805486215
149,3.7936783482759204
150,3.7950686416896597
151,3.79645893510339
152,3.7978492285171
153,3.79923952193085
154,3.8006298153445797
155,3.8020201087583403
156,3.80341040217204
157,3.8048006955858202
158,3.80619098899953
159,3.8075812824132798
160,3.808971575827
161,3.81009370141975
162,3.8112158270124903
163,3.8123379526052297
164,3.8134600781980104
165,3.8145822037907404
166,3.8157043293835096
167,3.81682645497623
168,3.817948580569
169,3.81907070616172
170,3.82019283175448
171,3.82131495734723
172,3.82243708293998
173,3.82355920853273
174,3.82468133412548
175,3.8258034597182204
176,3.82692558531096
177,3.8280477109037396
178,3.82916983649647
179,3.8302919620892
180,3.83141408768197
181,3.83253621327473
182,3.8336583388674503
183,3.83478046446021
184,3.83590259005297
185,3.8370247156457196
186,3.8381468412384696
187,3.8392689668312197
188,3.84039109242396
189,3.8415132180166998
190,3.8426353436094303
191,3.84375746920221
192,3.84487959479494
193,3.84600172038771
194,3.8471238459804296
195,3.8482459715732
196,3.84936809716591
197,3.85049022275867
198,3.85161234835142
199,3.85273447394417
200,3.85385659953692
201,3.8549787251296594
202,3.8561008507224
203,3.85722297631518
204,3.8583451019079202
205,3.85946722750065
206,3.8605893530934203
207,3.86171147868614
208,3.8628336042789098
209,3.86395572987166
210,3.86507785546442
211,3.86619998105714
212,3.8673221066498895
213,3.8684442322426302
214,3.86956635783538
215,3.87068848342816
216,3.8718106090209004
217,3.87293273461363
218,3.8740548602064004
219,3.87517698579913
220,3.8762991113919
221,3.87742123698462
222,3.87854336257738
223,3.87966548817014
224,3.88078761376289
225,3.88190973935561
226,3.88303186494836
227,3.88415399054114
228,3.8852761161338805
229,3.88639824172662
230,3.88752036731936
231,3.8886424929121297
232,3.88976461850486
233,3.89088674409762
234,3.8920088696903496
235,3.8931309952831104
236,3.89425312087587
237,3.89537524646859
238,3.89649737206134
239,3.89761949765409
240,3.89874162324683
241,3.8998637488396097
242,3.90098587443235
243,3.9021080000250903
244,3.90323012561783
245,3.9043522512105904
246,3.9054743768033204
247,3.90659650239608
248,3.9077186279888396
249,3.90884075358157
250,3.90996287917432
251,3.91108500476707
252,3.91191180167308
253,3.91273859857909
254,3.9135653954850804
255,3.91439219239111
256,3.91521898929711
257,3.91604578620309
258,3.91687258310911
259,3.9176993800151
260,3.9185261769211
261,3.91935297382711
262,3.9201797707331303
263,3.9210065676391204
264,3.92183336454515
265,3.92266016145112
266,3.92348695835714
267,3.9243137552631597
268,3.92514055216915
269,3.92596734907516
270,3.9267941459811704
271,3.9276209428871596
272,3.9284477397931497
273,3.92927453669919
274,3.93010133360517
275,3.93092813051118
276,3.9317549274171797
277,3.93258172432318
278,3.9334085212291896
279,3.9342353181352
280,3.93506211504119
281,3.93588891194722
282,3.93671570885322
283,3.93754250575921
284,3.9383693026652304
285,3.9391960995712196
286,3.94002289647723
287,3.94084969338324
288,3.94167649028925
289,3.94250328719525
290,3.94333008410125
291,3.9441568810072605
292,3.9449836779132497
293,3.9458104748192704
294,3.9466372717252702
295,3.94746406863127
296,3.94829086553729
297,3.94911766244328
298,3.94994445934928
299,3.95077125625528
300,3.9515980531612898
301,3.9524248500673096
302,3.9532516469733103
303,3.95407844387931
304,3.95490524078532
305,3.95573203769131
306,3.9565588345973297
307,3.9573856315033304
308,3.9582124284093396
309,3.9590392253153297
310,3.95986602222135
311,3.96069281912735
312,3.96151961603335
313,3.9623464129393597
314,3.96317320984535
315,3.96400000675135
316,3.9648268036573597
317,3.9656536005633702
318,3.9664803974693803
319,3.96730719437538
320,3.96813399128138
321,3.96896078818739
322,3.9697875850933997
323,3.9706143819994004
324,3.9714411789054003
325,3.9722679758114103
326,3.97309477271742
327,3.97392156962341
328,3.97474836652941
329,3.97557516343542
330,3.9764019603414305
331,3.9772287572474396
332,3.9780555541534404
333,3.97888235105944
334,3.9797091479654503
335,3.98053594487144
336,3.9813627417774597
337,3.98218953868347
338,3.9830163355894697
339,3.9838431324954597
340,3.9846699294014796
341,3.9854967263074803
342,3.98632352321349
343,3.9868787698783796
344,3.9874340165432502
345,3.9879892632081497
346,3.98854450987304
347,3.9890997565379305
348,3.98965500320282
349,3.9902102498677103
350,3.9907654965325903
351,3.9913207431974804
352,3.99187598986236
353,3.99243123652724
354,3.9929864831921202
355,3.9935417298570197
356,3.9940969765219
357,3.9946522231868
358,3.9952074698516795
359,3.99576271651657
360,3.9963179631814496
361,3.9968732098463398
362,3.9974284565112304
363,3.9979837031761
364,3.99853894984099
365,3.99909419650588
366,3.9996494431707696
367,4.00020468983565
368,4.00075993650054
369,4.00131518316544
370,4.00187042983032
371,4.0024256764952
372,4.00298092316008
373,4.003536169824979
374,4.00409141648986
375,4.00464666315475
376,4.00520190981963
377,4.00575715648452
378,4.00631240314942
379,4.00686764981431
380,4.0074228964792
381,4.0079781431440695
382,4.00853338980895
383,4.00908863647384
384,4.00964388313872
385,4.01019912980363
386,4.01075437646851
387,4.01130962313339
388,4.01186486979827
389,4.01242011646317
390,4.012975363128049
391,4.01353060979295
392,4.01408585645782
393,4.01464110312272
394,4.01519634978761
395,4.01575159645248
396,4.01630684311737
397,4.0168620897822604
398,4.01741733644715
399,4.01797258311204
400,4.0185278297769305
401,4.01908307644181
402,4.0196383231066894
403,4.02019356977158
404,4.0207488164364795
405,4.02130406310136
406,4.02185930976624
407,4.02241455643113
408,4.02296980309601
409,4.02352504976091
410,4.0240802964258
411,4.024635543090669
412,4.02519078975556
413,4.0257460364204505
414,4.02630128308534
415,4.02685652975023
416,4.02741177641512
417,4.02796702308
418,4.02852226974489
419,4.02907751640977
420,4.02963276307465
421,4.03018800973955
422,4.03074325640443
423,4.03129850306931
424,4.03185374973421
425,4.03240899639908
426,4.03296424306398
427,4.03351948972887
428,4.03407473639375
429,4.03462998305864
430,4.03518522972353
431,4.03574047638842
432,4.0362957230533
433,4.03685096971819
434,4.03718633730186
435,4.03752170488553
436,4.03785707246919
437,4.03819244005285
438,4.03852780763653
439,4.0388631752202
440,4.03919854280386
441,4.03953391038754
442,4.0398692779712
443,4.04020464555487
444,4.04054001313854
445,4.04087538072221
446,4.04121074830587
447,4.04154611588954
448,4.0418814834732
449,4.04221685105687
450,4.04255221864055
451,4.04288758622422
452,4.04322295380788
453,4.04355832139155
454,4.04389368897522
455,4.04422905655888
456,4.04456442414255
457,4.04489979172622
458,4.04523515930989
459,4.04557052689356
460,4.04590589447722
461,4.0462412620608905
462,4.04657662964457
463,4.04691199722822
464,4.047247364811899
465,4.04758273239557
466,4.04791809997924
467,4.04825346756291
468,4.04858883514657
469,4.04892420273024
470,4.049259570313899
471,4.04959493789758
472,4.04993030548124
473,4.05026567306491
474,4.05060104064858
475,4.05093640823225
476,4.05127177581591
477,4.051607143399591
478,4.05194251098325
479,4.05227787856692
480,4.052613246150591
481,4.05294861373425
482,4.05328398131793
483,4.05361934890158
484,4.05395471648525
485,4.05429008406892
486,4.054625451652591
487,4.05496081923626
488,4.05529618681993
489,4.0556315544036
490,4.05596692198727
491,4.05630228957093
492,4.0566376571546
493,4.05697302473827
494,4.05730839232194
495,4.0576437599056
496,4.05797912748927
497,4.05831449507294
498,4.05864986265661
499,4.05898523024028
500,4.05932059782395
501,4.05965596540761
502,4.05999133299128
503,4.06032670057496
504,4.06066206815863
505,4.06099743574229
506,4.06133280332595
507,4.06166817090962
508,4.06200353849329
509,4.06233890607696
510,4.06267427366063
511,4.06300964124429
512,4.06334500882796
513,4.06368037641163
514,4.06401574399529
515,4.0643511115789694
516,4.06468647916263
517,4.06502184674631
518,4.06535721432998
519,4.06569258191364
520,4.06602794949731
521,4.066363317080969
522,4.06669868466464
523,4.06703405224831
524,4.06736941983198
525,4.06757176294696
526,4.06777410606192
527,4.0679764491769
528,4.06817879229187
529,4.06838113540684
530,4.0685834785218296
531,4.068785821636809
532,4.0689881647517705
533,4.06919050786674
534,4.06939285098172
535,4.0695951940967
536,4.06979753721167
537,4.06999988032665
538,4.07020222344162
539,4.0704045665566
540,4.07060690967157
541,4.07080925278654
542,4.07101159590152
543,4.0712139390165
544,4.07141628213147
545,4.07161862524645
546,4.07182096836142
547,4.0720233114763795
548,4.072225654591359
549,4.07242799770634
550,4.07263034082132
551,4.07283268393629
552,4.07303502705126
553,4.07323737016624
554,4.0734397132812
555,4.073642056396181
556,4.07384439951115
557,4.074046742626139
558,4.07424908574111
559,4.07445142885609
560,4.07465377197105
561,4.07485611508603
562,4.075058458201
563,4.07526080131598
564,4.07546314443095
565,4.07566548754593
566,4.0758678306609095
567,4.07607017377588
568,4.07627251689085
569,4.0764748600058205
570,4.07667720312081
571,4.076879546235769
572,4.07708188935075
573,4.07728423246572
574,4.0774865755807
575,4.07768891869567
576,4.07789126181065
577,4.07809360492563
578,4.078295948040591
579,4.07849829115558
580,4.078700634270549
581,4.0789029773855106
582,4.07910532050049
583,4.07930766361547
584,4.07951000673044
585,4.07971234984542
586,4.0799146929604
587,4.08011703607537
588,4.08031937919034
589,4.08052172230532
590,4.0807240654202905
591,4.08092640853526
592,4.0811287516502395
593,4.08133109476521
594,4.08153343788019
595,4.081735780995159
596,4.08193812411013
597,4.08214046722512
598,4.08234281034009
599,4.08254515345506
600,4.08274749657004
601,4.08294983968501
602,4.08315218279999
603,4.08335452591495
604,4.0835568690299295
605,4.08375921214491
606,4.08396155525989
607,4.08416389837486
608,4.08436624148983
609,4.0845685846048
610,4.08477092771978
611,4.08497327083475
612,4.08517561394973
613,4.0853779570647
614,4.08558030017967
615,4.08578264329465
616,4.08592264528105
617,4.08606264726744
618,4.08620264925382
619,4.08634265124021
620,4.08648265322661
621,4.086622655213
622,4.08676265719938
623,4.086902659185769
624,4.087042661172171
625,4.08718266315856
626,4.08732266514494
627,4.08746266713134
628,4.08760266911773
629,4.08774267110412
630,4.08788267309051
631,4.0880226750769
632,4.08816267706328
633,4.08830267904968
634,4.08844268103607
635,4.08858268302246
636,4.08872268500885
637,4.08886268699524
638,4.08900268898163
639,4.08914269096802
640,4.08928269295441
641,4.0894226949408
642,4.0895626969271905
643,4.08970269891359
644,4.08984270089997
645,4.0899827028863704
646,4.0901227048727495
647,4.09026270685915
648,4.09040270884554
649,4.09054271083193
650,4.09068271281832
651,4.09082271480471
652,4.0909627167911005
653,4.0911027187774796
654,4.09124272076388
655,4.09138272275027
656,4.0915227247366595
657,4.09166272672306
658,4.09180272870944
659,4.0919427306958305
660,4.09208273268222
661,4.09222273466861
662,4.092362736655001
663,4.0925027386414
664,4.09264274062778
665,4.09278274261417
666,4.09292274460056
667,4.09306274658696
668,4.09320274857334
669,4.09334275055973
670,4.09348275254612
671,4.09362275453251
672,4.0937627565189
673,4.0939027585053
674,4.09404276049169
675,4.09418276247808
676,4.0943227644644695
677,4.09446276645087
678,4.09460276843725
679,4.09474277042364
680,4.09488277241003
681,4.09502277439642
682,4.095162776382811
683,4.0953027783692
684,4.095442780355589
685,4.09558278234198
686,4.09572278432837
687,4.09586278631477
688,4.09600278830116
689,4.09614279028754
690,4.09628279227393
691,4.09642279426032
692,4.09656279624671
693,4.0967027982331
694,4.0968428002195
695,4.096982802205891
696,4.09712280419228
697,4.097262806178669
698,4.09740280816506
699,4.09754281015144
700,4.09768281213784
701,4.09782281412423
702,4.09796281611062
703,4.0981028180970105
704,4.09824282008341
705,4.09838282206979
706,4.09852282405618
707,4.0986628260425695
708,4.09880282802896
709,4.09894283001535
710,4.0990828320017405
711,4.09922283398814
712,4.09936283597453
713,4.09950283796092
714,4.09964520245536
715,4.0997875669498205
716,4.09992993144428
717,4.10007229593873
718,4.10021466043319
719,4.10035702492764
720,4.10049938942209
721,4.10064175391654
722,4.100784118410989
723,4.10092648290545
724,4.10106884739991
725,4.101211211894349
726,4.10135357638881
727,4.10149594088326
728,4.10163830537772
729,4.10178066987218
730,4.10192303436662
731,4.10206539886108
732,4.10220776335553
733,4.10235012784999
734,4.10249249234443
735,4.102634856838891
736,4.10277722133335
737,4.1029195858278005
738,4.1030619503222505
739,4.10320431481671
740,4.10334667931116
741,4.10348904380561
742,4.10363140830007
743,4.10377377279451
744,4.10391613728897
745,4.10405850178343
746,4.1042008662778695
747,4.10434323077233
748,4.104485595266779
749,4.10462795976124
750,4.10477032425569
751,4.10491268875014
752,4.1050550532446
753,4.10519741773906
754,4.1053397822335
755,4.10548214672795
756,4.10562451122241
757,4.10576687571686
758,4.10590924021131
759,4.106051604705771
760,4.1061939692002305
761,4.10633633369467
762,4.106478698189131
763,4.10662106268358
764,4.10676342717804
765,4.1069057916724905
766,4.10704815616694
767,4.10719052066139
768,4.1073328851558495
769,4.10747524965031
770,4.10761761414476
771,4.107759978639209
772,4.10790234313367
773,4.1080447076281095
774,4.108187072122569
775,4.10832943661703
776,4.10847180111148
777,4.10861416560593
778,4.10875653010039
779,4.10889889459484
780,4.10904125908929
781,4.10918362358375
782,4.10932598807819
783,4.10946835257265
784,4.1096107170671
785,4.10975308156155
786,4.10989544605602
787,4.11003781055046
788,4.11018017504491
789,4.11032253953937
790,4.11046490403383
791,4.11060726852827
792,4.1107496330227296
793,4.11089199751718
794,4.11103436201164
795,4.1111767265060895
796,4.11131909100055
797,4.111461455495
798,4.111603819989449
799,4.1117461844839
800,4.11188854897835
801,4.11203091347281
802,4.11217327796726
803,4.11231564246172
804,4.11245800695617
805,4.1126056068799395
806,4.1127532068037205
807,4.11290080672749
808,4.11304840665126
809,4.113196006575031
810,4.1133436064988
811,4.11349120642258
812,4.11363880634634
813,4.11378640627012
814,4.11393400619389
815,4.114081606117661
816,4.11422920604143
817,4.11437680596521
818,4.11452440588898
819,4.11467200581275
820,4.11481960573652
821,4.1149672056602995
822,4.11511480558407
823,4.11526240550784
824,4.11541000543161
825,4.11555760535538
826,4.11570520527916
827,4.1158528052029295
828,4.1160004051267
829,4.11614800505048
830,4.11629560497425
831,4.116443204898021
832,4.11659080482179
833,4.11673840474556
834,4.11688600466934
835,4.117033604593099
836,4.11718120451688
837,4.11732880444065
838,4.11747640436442
839,4.1176240042882
840,4.11777160421197
841,4.11791920413574
842,4.11806680405951
843,4.11821440398328
844,4.11836200390705
845,4.11850960383083
846,4.1186572037546
847,4.11880480367837
848,4.11895240360214
849,4.1191000035259195
850,4.11924760344969
851,4.119395203373459
852,4.11954280329723
853,4.119690403221
854,4.1198380031447694
855,4.11998560306854
856,4.12013320299232
857,4.12028080291609
858,4.12042840283987
859,4.12057600276363
860,4.12072360268741
861,4.1208712026111805
862,4.12101880253495
863,4.12116640245872
864,4.121314002382491
865,4.12146160230627
866,4.12160920223004
867,4.1217568021538105
868,4.12190440207759
869,4.12205200200136
870,4.1221996019251295
871,4.1223472018489
872,4.12249480177267
873,4.122642401696449
874,4.12279000162022
875,4.12293760154399
876,4.1230852014677595
877,4.12323280139153
878,4.12338040131531
879,4.12352800123908
880,4.123675601162851
881,4.12382320108662
882,4.1239708010103895
883,4.1241184009341705
884,4.12426600085794
885,4.12441360078172
886,4.1245612007054895
887,4.12470880062926
888,4.12485640055303
889,4.1250040004768
890,4.12515160040057
891,4.12529920032434
892,4.1254468002481195
893,4.12559440017189
894,4.12574200009566
895,4.12588960001943
896,4.126052254370189
897,4.12621490872095
898,4.12637756307171
899,4.12654021742246
900,4.12670287177323
901,4.12686552612398
902,4.12702818047474
903,4.1271908348255
904,4.12735348917626
905,4.127516143527011
906,4.12767879787777
907,4.127841452228529
908,4.12800410657929
909,4.12816676093005
910,4.1283294152808
911,4.12849206963156
912,4.12865472398232
913,4.12881737833308
914,4.12898003268384
915,4.12914268703459
916,4.129305341385351
917,4.1294679957361105
918,4.12963065008687
919,4.12979330443763
920,4.12995595878839
921,4.13011861313914
922,4.1302812674899
923,4.1304439218406594
924,4.1306065761914095
925,4.13076923054217
926,4.13093188489293
927,4.13109453924369
928,4.13125719359445
929,4.13141984794521
930,4.13158250229597
931,4.13174515664673
932,4.13190781099748
933,4.13207046534824
934,4.132233119698999
935,4.13239577404976
936,4.13255842840052
937,4.13272108275127
938,4.13288373710204
939,4.13304639145279
940,4.13320904580355
941,4.13337170015431
942,4.13353435450506
943,4.133697008855821
944,4.1338596632065805
945,4.13402231755734
946,4.1341849719081
947,4.13434762625886
948,4.13451028060961
949,4.13467293496037
950,4.1348355893111295
951,4.1349982436618795
952,4.13516089801264
953,4.1353235523634
954,4.13548620671416
955,4.1356488610649205
956,4.13581151541568
957,4.13597416976644
958,4.13613682411719
959,4.13629947846795
960,4.13646213281871
961,4.1366247871694695
962,4.13678744152023
963,4.13695009587098
964,4.13711275022174
965,4.1372754045725
966,4.13743805892326
967,4.13760071327402
968,4.13776336762477
969,4.13792602197553
970,4.138088676326291
971,4.13825133067705
972,4.138413985027809
973,4.13857663937857
974,4.13873929372932
975,4.13890194808008
976,4.13906460243084
977,4.13922725678159
978,4.1393899111323496
979,4.13955256548312
980,4.13971521983387
981,4.13987787418463
982,4.1400405285353905
983,4.14020318288615
984,4.1403658372369
985,4.14052849158766
986,4.14069114593842
987,4.1408654190596
988,4.1410396921807795
989,4.14121396530196
990,4.14138823842314
991,4.14156251154432
992,4.1417367846654995
993,4.14191105778668
994,4.14208533090786
995,4.14225960402904
996,4.14243387715022
997,4.1426081502714
998,4.14278242339258
999,4.14295669651376
1000,4.1431309696349405
1001,4.14330524275612
1002,4.1434795158773
1003,4.14365378899849
1004,4.14382806211967
1005,4.14400233524085
1006,4.14417660836202
1007,4.1443508814831995
1008,4.144525154604381
1009,4.14469942772557
1010,4.14487370084675
1011,4.14504797396793
1012,4.1452222470891105
1013,4.14539652021029
1014,4.14557079333147
1015,4.14574506645265
1016,4.1459193395738305
1017,4.14609361269501
1018,4.14626788581619
1019,4.1464421589373694
1020,4.14661643205854
1021,4.14679070517973
1022,4.14696497830091
1023,4.1471392514220895
1024,4.147313524543271
1025,4.14748779766445
1026,4.14766207078563
1027,4.1478363439068096
1028,4.14801061702799
1029,4.14818489014917
1030,4.14835916327035
1031,4.14853343639153
1032,4.14870770951271
1033,4.14888198263389
1034,4.14905625575507
1035,4.14923052887625
1036,4.14940480199743
1037,4.14957907511861
1038,4.1497533482398
1039,4.14992762136097
1040,4.15010189448216
1041,4.15027616760333
1042,4.15045044072452
1043,4.1506247138456995
1044,4.15079898696687
1045,4.15097326008806
1046,4.15114753320924
1047,4.15132180633041
1048,4.1514960794516
1049,4.15167035257278
1050,4.15184462569396
1051,4.152018898815131
1052,4.15219317193631
1053,4.15236744505749
1054,4.15254171817868
1055,4.152715991299861
1056,4.15289026442104
1057,4.15306453754222
1058,4.1532388106633995
1059,4.153413083784581
1060,4.15358735690576
1061,4.15376163002694
1062,4.15393590314812
1063,4.154110176269301
1064,4.15428444939048
1065,4.15445872251166
1066,4.15463299563284
1067,4.15480726875402
1068,4.1549815418752
1069,4.15515581499638
1070,4.15533008811756
1071,4.15550436123874
1072,4.15567863435992
1073,4.1558529074811
1074,4.15602718060228
1075,4.15620145372346
1076,4.156375726844639
1077,4.15654999996582
1078,4.156738342997031
1079,4.15692668602824
1080,4.15711502905945
1081,4.15730337209066
1082,4.15749171512187
1083,4.15768005815308
1084,4.15786840118429
1085,4.158056744215511
1086,4.15824508724672
1087,4.15843343027792
1088,4.15862177330914
1089,4.15881011634034
1090,4.15899845937155
1091,4.15918680240277
1092,4.15937514543398
1093,4.15956348846519
1094,4.1597518314964
1095,4.15994017452761
1096,4.16012851755882
1097,4.160316860590029
1098,4.1605052036212395
1099,4.16069354665245
1100,4.16088188968366
1101,4.16107023271487
1102,4.16125857574608
1103,4.1614469187772904
1104,4.161635261808501
1105,4.16182360483972
1106,4.16201194787093
1107,4.16220029090213
1108,4.1623886339333405
1109,4.16257697696455
1110,4.16276531999576
1111,4.162953663026981
1112,4.16314200605819
1113,4.16333034908939
1114,4.16351869212061
1115,4.16370703515181
1116,4.16389537818303
1117,4.164083721214229
1118,4.16427206424545
1119,4.1644604072766604
1120,4.16464875030786
1121,4.16483709333908
1122,4.16502543637028
1123,4.165213779401499
1124,4.16540212243271
1125,4.16559046546392
1126,4.16577880849513
1127,4.16596715152634
1128,4.16615549455755
1129,4.1663438375887605
1130,4.166532180619971
1131,4.16672052365118
1132,4.16690886668239
1133,4.1670972097136
1134,4.1672855527448105
1135,4.16747389577602
1136,4.16766223880723
1137,4.16785058183844
1138,4.16803892486965
1139,4.16822726790087
1140,4.16841561093207
1141,4.16860395396328
1142,4.16879229699449
1143,4.1689806400256995
1144,4.16916898305692
1145,4.1693573260881305
1146,4.16954566911933
1147,4.16973401215054
1148,4.16992235518176
1149,4.170110698212969
1150,4.17029904124417
1151,4.17048738427538
1152,4.1706757273066
1153,4.17086407033781
1154,4.17105241336901
1155,4.1712407564002305
1156,4.171429099431441
1157,4.17161744246265
1158,4.17180578549386
1159,4.17199412852507
1160,4.1721824715562805
1161,4.17237081458749
1162,4.1725591576187
1163,4.17274750064991
1164,4.17293584368112
1165,4.17312418671233
1166,4.17331252974354
1167,4.17350087277475
1168,4.17368921580596
1169,4.17382884695391
1170,4.17396847810185
1171,4.17410810924978
1172,4.17424774039773
1173,4.17438737154567
1174,4.17452700269361
1175,4.17466663384155
1176,4.17480626498949
1177,4.17494589613744
1178,4.17508552728537
1179,4.17522515843331
1180,4.17536478958126
1181,4.1755044207292
1182,4.17564405187714
1183,4.17578368302508
1184,4.17592331417303
1185,4.17606294532096
1186,4.17620257646891
1187,4.17634220761685
1188,4.17648183876479
1189,4.17662146991273
1190,4.17676110106067
1191,4.17690073220861
1192,4.17704036335655
1193,4.1771799945045
1194,4.17731962565244
1195,4.17745925680038
1196,4.17759888794831
1197,4.17773851909626
1198,4.1778781502442
1199,4.17801778139214
1200,4.17815741254008
1201,4.17829704368802
1202,4.17843667483597
1203,4.17857630598391
1204,4.17871593713185
1205,4.17885556827979
1206,4.17899519942773
1207,4.17913483057567
1208,4.17927446172361
1209,4.17941409287155
1210,4.17955372401949
1211,4.17969335516744
1212,4.17983298631538
1213,4.17997261746332
1214,4.18011224861126
1215,4.18025187975921
1216,4.18039151090715
1217,4.18053114205509
1218,4.180670773203031
1219,4.18081040435097
1220,4.18095003549891
1221,4.18108966664685
1222,4.18122929779479
1223,4.18136892894274
1224,4.18150856009068
1225,4.18164819123861
1226,4.1817878223865605
1227,4.1819274535345
1228,4.18206708468244
1229,4.18220671583039
1230,4.18234634697832
1231,4.182485978126261
1232,4.1826256092742
1233,4.1827652404221505
1234,4.1829048715700905
1235,4.18304450271803
1236,4.18318413386597
1237,4.18332376501391
1238,4.183463396161851
1239,4.1836030273097995
1240,4.1837426584577395
1241,4.18388228960568
1242,4.1840219207536204
1243,4.18416155190156
1244,4.1843011830495
1245,4.18444081419745
1246,4.1845804453453805
1247,4.184720076493321
1248,4.1848597076412695
1249,4.1849993387892
1250,4.18513896993715
1251,4.1852786010850895
1252,4.18541823223303
1253,4.18555786338097
1254,4.1856974945289105
1255,4.185837125676859
1256,4.1859767568248
1257,4.18611638797274
1258,4.18625601912068
1259,4.1863956502686195
1260,4.1865352814165595
1261,4.1866749125645
1262,4.18681454371245
1263,4.186954174860389
1264,4.18709380600832
1265,4.18723343715627
1266,4.18737306830421
1267,4.187512699452149
1268,4.1876523306000895
1269,4.18779196174803
1270,4.18793159289598
1271,4.188071224043919
1272,4.18821085519186
1273,4.1883504863398
1274,4.18849011748774
1275,4.188629748635679
1276,4.188769379783619
1277,4.18890901093157
1278,4.18904864207951
1279,4.18918827322744
1280,4.18932790437539
1281,4.18946753552333
1282,4.18960716667127
1283,4.189746797819209
1284,4.18988642896715
1285,4.1900260601151
1286,4.19016569126304
1287,4.19030532241098
1288,4.19044495355892
1289,4.19058458470686
1290,4.1907242158548
1291,4.190863847002739
1292,4.19100347815069
1293,4.19114310929863
1294,4.19128274044657
1295,4.19142237159451
1296,4.19156200274245
1297,4.19170163389039
1298,4.19184126503833
1299,4.19198089618628
1300,4.19212052733421
1301,4.19226015848216
1302,4.19239978963009
1303,4.19253942077804
1304,4.19267905192598
1305,4.19281868307392
1306,4.19295831422186
1307,4.1930979453698
1308,4.19323757651775
1309,4.19337720766569
1310,4.19351683881362
1311,4.19365646996157
1312,4.19379610110951
1313,4.19393573225745
1314,4.19407536340539
1315,4.19421499455333
1316,4.19435462570127
1317,4.19449425684922
1318,4.19463388799716
1319,4.1947735191451
1320,4.19491315029304
1321,4.19505278144098
1322,4.19519241258892
1323,4.19533204373687
1324,4.19547167488481
1325,4.195611306032751
1326,4.19575093718069
1327,4.19589056832863
1328,4.19603019947657
1329,4.19616983062451
1330,4.19630946177245
1331,4.19644909292039
1332,4.19658872406834
1333,4.196728355216281
1334,4.19686798636422
1335,4.19700761751216
1336,4.1971472486601
1337,4.19728687980804
1338,4.19742651095599
1339,4.19756614210392
1340,4.19770577325187
1341,4.1978454043998
1342,4.19798503554775
1343,4.19812466669569
1344,4.19826429784363
1345,4.198403928991571
1346,4.19854356013951
1347,4.19868319128746
1348,4.19882282243539
1349,4.1989624535833405
1350,4.19910208473128
1351,4.19924171587922
1352,4.19938134702716
1353,4.199520978175101
1354,4.19966060932304
1355,4.19980024047098
1356,4.1999398716189305
1357,4.2000795027668705
1358,4.20021913391481
1359,4.20035876506275
1360,4.20049839621069
1361,4.200638027358631
1362,4.20077765850657
1363,4.2009172896545195
1364,4.20105692080246
1365,4.2011965519504
1366,4.20133618309834
1367,4.20147581424628
1368,4.2016154453942205
1369,4.2017550765421605
1370,4.201894707690109
1371,4.20203433883804
1372,4.20217396998599
1373,4.20231360113393
1374,4.2024532322818695
1375,4.2025928634298095
1376,4.20273249457776
1377,4.2028721257257
1378,4.20301175687363
1379,4.20315138802157
1380,4.20329101916951
1381,4.20343065031746
1382,4.2035702814653995
1383,4.2037099126133395
1384,4.20384954376128
1385,4.20398917490923
1386,4.204128806057169
1387,4.20426843720511
1388,4.20440806835305
1389,4.20454769950099
1390,4.204687330648929
1391,4.20482696179687
1392,4.20496659294481
1393,4.20510622409276
1394,4.2052458552407
1395,4.20538548638864
1396,4.20552511753658
1397,4.20566474868452
1398,4.205804379832459
1399,4.2059440109804
1400,4.20608364212834
1401,4.20622327327629
1402,4.2063629044242195
1403,4.20650253557217
1404,4.20664216672011
1405,4.20678179786805
1406,4.206921429015989
1407,4.20706106016393
1408,4.20720069131187
1409,4.20734032245982
1410,4.20747995360776
1411,4.2076195847557
1412,4.20775921590364
1413,4.20789884705158
1414,4.20803847819952
1415,4.20817810934747
1416,4.2083177404954
1417,4.20845737164335
1418,4.20859700279129
1419,4.20873663393923
1420,4.20887626508717
1421,4.20901589623511
1422,4.20915552738305
1423,4.209295158531
1424,4.20943478967893
1425,4.20957442082688
1426,4.20971405197482
1427,4.20985368312276
1428,4.2099933142707
1429,4.21013294541864
1430,4.21027257656658
1431,4.21041220771453
1432,4.210551838862471
1433,4.21069147001041
1434,4.21083110115835
1435,4.21097073230629
1436,4.21111036345423
1437,4.21124999460217
1438,4.21138962575011
1439,4.21152925689805
1440,4.21166888804599
1441,4.21180851919394
1442,4.21194815034188
1443,4.21208778148982
1444,4.21222741263776
1445,4.2123670437857
1446,4.21250667493364
1447,4.21264630608159
1448,4.21278593722952
1449,4.21292556837747
1450,4.21306519952541
1451,4.21320483067335
1452,4.21334446182129
1453,4.21348409296923
1454,4.21362372411718
1455,4.21376335526511
1456,4.213902986413061
1457,4.214042617561
1458,4.21418224870894
1459,4.21432187985688
1460,4.214461511004821
1461,4.21460114215276
1462,4.2147407733007
1463,4.21488040444864
1464,4.2150200355965906
1465,4.21515966674453
1466,4.21529929789247
1467,4.21543892904041
1468,4.21569422859844
1469,4.21594952815647
1470,4.2162048277145
1471,4.21646012727253
1472,4.21671542683055
1473,4.21697072638858
1474,4.2172260259466094
1475,4.217481325504631
1476,4.21773662506266
1477,4.21799192462069
1478,4.21824722417872
1479,4.21850252373675
1480,4.21875782329477
1481,4.2190131228528
1482,4.21926842241083
1483,4.2195237219688595
1484,4.2197790215268896
1485,4.2200343210849205
1486,4.22028962064294
1487,4.22054492020097
1488,4.220800219759
1489,4.22105551931703
1490,4.22131081887506
1491,4.22156611843309
1492,4.2218214179911095
1493,4.22207671754914
1494,4.22233201710717
1495,4.222587316665201
1496,4.222842616223231
1497,4.22309791578125
1498,4.22335321533928
1499,4.22360851489731
1500,4.22386381445534
1501,4.22411911401337
1502,4.22437441357139
1503,4.2246297131294295
1504,4.22488501268745
1505,4.225140312245481
1506,4.2253956118035
1507,4.22565091136153
1508,4.225906210919559
1509,4.22616151047759
1510,4.22641681003562
1511,4.22667210959365
1512,4.2269274091516795
1513,4.22718270870971
1514,4.22743800826773
1515,4.22769330782576
1516,4.22794860738379
1517,4.22820390694182
1518,4.228459206499839
1519,4.22871450605787
1520,4.2289698056159
1521,4.2292251051739305
1522,4.22948040473196
1523,4.22973570428998
1524,4.22999100384801
1525,4.23024630340604
1526,4.23050160296407
1527,4.2307569025220895
1528,4.2310122020801195
1529,4.2312675016381505
1530,4.2315228011961805
1531,4.23177810075421
1532,4.23203340031223
1533,4.23228869987027
1534,4.23254399942829
1535,4.23279929898632
1536,4.23305459854435
1537,4.23330989810238
1538,4.233565197660409
1539,4.233820497218431
1540,4.23407579677646
1541,4.23433109633449
1542,4.23458639589252
1543,4.23484169545055
1544,4.23509699500857
1545,4.2353522945666
1546,4.23560759412463
1547,4.2358628936826594
1548,4.23611819324069
1549,4.23637349279871
1550,4.23662879235674
1551,4.23688409191477
1552,4.2371393914728
1553,4.23739469103082
1554,4.23764999058886
1555,4.23790529014688
1556,4.2381605897049095
1557,4.2384158892629396
1558,4.2386711888209705
1559,4.2389264883790005
1560,4.23918178793703
1561,4.23943708749505
1562,4.23969238705308
1563,4.23994768661111
1564,4.24020298616914
1565,4.24045828572717
1566,4.24071358528519
1567,4.24096888484322
1568,4.241224184401251
1569,4.24147948395928
1570,4.2417347835173
1571,4.24199008307533
1572,4.24224538263336
1573,4.24250068219139
1574,4.24275598174942
1575,4.24301128130745
1576,4.2432665808654795
1577,4.2435218804235
1578,4.243777179981531
1579,4.24403247953956
1580,4.24428777909758
1581,4.244543078655609
1582,4.24479837821364
1583,4.24505367777167
1584,4.2453089773297
1585,4.2455642768877295
1586,4.24581957644575
1587,4.24607487600378
1588,4.24633017556181
1589,4.24658547511984
1590,4.246840774677859
1591,4.2470960742359
1592,4.24735137379392
1593,4.24760667335195
1594,4.24786197290998
1595,4.24811727246801
1596,4.24837257202603
1597,4.24862787158406
1598,4.24888317114209
1599,4.24913847070012
1600,4.24939377025815
1601,4.249649069816179
1602,4.24990436937421
1603,4.2501596689322305
1604,4.25041496849026
1605,4.25067026804829
1606,4.25092556760631
1607,4.251180867164351
1608,4.25143616672237
1609,4.2516914662804
1610,4.251946765838429
1611,4.25220206539646
1612,4.252457364954481
1613,4.25271266451251
1614,4.25296796407054
1615,4.25322326362857
1616,4.2534785631866
1617,4.25373386274463
1618,4.25398916230265
1619,4.25424446186068
1620,4.2544997614187094
1621,4.25475506097674
1622,4.25501036053477
1623,4.25526566009279
1624,4.25552095965082
1625,4.25577625920885
1626,4.25603155876688
1627,4.25628685832491
1628,4.25654215788293
1629,4.2567974574409595
1630,4.2570527569989896
1631,4.2573080565570205
1632,4.2575633561150505
1633,4.25781865567307
1634,4.2580739552311
1635,4.25832925478913
1636,4.25858455434716
1637,4.25883985390519
1638,4.2590951534632095
1639,4.25935045302124
1640,4.25960575257927
1641,4.259861052137301
1642,4.26011635169533
1643,4.26037165125335
1644,4.26062695081138
1645,4.26088225036941
1646,4.26113754992744
1647,4.26139284948547
1648,4.2616481490435
1649,4.26190344860152
1650,4.26215874815955
1651,4.26241404771758
1652,4.26266934727561
1653,4.26292464683364
1654,4.263179946391659
1655,4.26343524594969
1656,4.26369054550772
1657,4.26394584506575
1658,4.2642011446237795
1659,4.2644564441818
1660,4.264711743739831
1661,4.26496704329786
1662,4.26522234285589
1663,4.265477642413909
1664,4.26573294197194
1665,4.26598824152997
1666,4.266243541088
1667,4.26649884064603
1668,4.26675414020406
1669,4.26700943976209
1670,4.26726473932011
1671,4.26752003887814
1672,4.26777533843617
1673,4.2680306379942
1674,4.26828593755222
1675,4.26854123711026
1676,4.26879653666828
1677,4.26905183622631
1678,4.26930713578434
1679,4.26956243534236
1680,4.269817734900401
1681,4.27007303445842
1682,4.27032833401645
1683,4.270583633574479
1684,4.27083893313251
1685,4.27109423269054
1686,4.27134953224856
1687,4.27160483180659
1688,4.27186013136462
1689,4.27211543092265
1690,4.27237073048068
1691,4.2726260300387
1692,4.272881329596729
1693,4.2731366291547594
1694,4.27339192871279
1695,4.27364722827082
1696,4.2739025278288505
1697,4.27415782738687
1698,4.2744131269449
1699,4.27466842650293
1700,4.27492372606096
1701,4.27517902561898
1702,4.27543432517702
1703,4.2756896247350396
1704,4.2759449242930705
1705,4.2762002238511005
1706,4.27645552340912
1707,4.27671082296715
1708,4.27696612252518
1709,4.27722142208321
1710,4.27747672164124
1711,4.27773202119927
1712,4.27798732075729
1713,4.27824262031532
1714,4.278497919873351
1715,4.27875321943138
1716,4.27900851898941
1717,4.27926381854744
1718,4.27951911810546
1719,4.27977441766349
1720,4.28002971722152
1721,4.28028501677955
1722,4.28054031633757
1723,4.280795615895601
1724,4.28105091545363
1725,4.28130621501166
1726,4.28156151456969
1727,4.28181681412771
1728,4.28207211368574
1729,4.28232741324377
1730,4.2825827128018
1731,4.2828380123598295
1732,4.28309331191786
1733,4.28334861147588
1734,4.28360391103391
1735,4.28385921059194
1736,4.28411451014997
1737,4.284369809708
1738,4.28462510926602
1739,4.28488040882405
1740,4.28513570838208
1741,4.28539100794011
1742,4.28564630749814
1743,4.28590160705616
1744,4.28615690661419
1745,4.28641220617222
1746,4.28666750573025
1747,4.28692280528828
1748,4.2871781048463005
1749,4.28743340440433
1750,4.28768870396236
1751,4.28794400352039
1752,4.28819930307842
1753,4.288454602636451
1754,4.28870990219447
1755,4.2889652017525
1756,4.289220501310529
1757,4.28947580086856
1758,4.289731100426581
1759,4.28998639998461
1760,4.29024169954264
1761,4.29049699910067
1762,4.2907522986587
1763,4.29100759821673
1764,4.29126289777476
1765,4.291518197332779
1766,4.2917734968908094
1767,4.29202879644884
1768,4.29228409600687
1769,4.2925393955649
1770,4.29279469512292
1771,4.29304999468095
1772,4.29330529423898
1773,4.29356059379701
1774,4.2938158933550294
1775,4.2940711929130595
1776,4.2943264924710896
1777,4.2945817920291205
1778,4.2948370915871505
1779,4.29509239114518
1780,4.2953476907032
1781,4.29560299026123
1782,4.29585828981926
1783,4.29611358937729
1784,4.2963688889353095
1785,4.29662418849334
1786,4.2968794880513705
1787,4.297134787609401
1788,4.29739008716743
1789,4.29764538672546
1790,4.29790068628348
1791,4.29815598584151
1792,4.29841128539954
1793,4.29866658495757
1794,4.29892188451559
1795,4.2991771840736295
1796,4.299432483631651
1797,4.29968778318968
1798,4.29994308274771
1799,4.30019838230574
1800,4.30045368186377
1801,4.3007089814218
1802,4.30096428097982
1803,4.30121958053785
1804,4.3014748800958795
1805,4.30173017965391
1806,4.3019854792119405
1807,4.30224077876996
1808,4.30249607832799
1809,4.30275137788602
1810,4.30300667744405
1811,4.30326197700208
1812,4.3035172765601
1813,4.30377257611813
1814,4.30402787567616
1815,4.30428317523419
1816,4.30453847479221
1817,4.30479377435025
1818,4.30504907390827
1819,4.3053043734663
1820,4.30555967302433
1821,4.30581497258236
1822,4.30607027214038
1823,4.30632557169841
1824,4.30658087125644
1825,4.30683617081447
1826,4.3070914703725
1827,4.30734676993052
1828,4.30760206948855
1829,4.307857369046579
1830,4.30811266860461
1831,4.30836796816264
1832,4.30868724330772
1833,4.30900651845281
1834,4.3093257935979
1835,4.30964506874298
1836,4.30996434388807
1837,4.31028361903315
1838,4.31060289417824
1839,4.31092216932332
1840,4.3112414444684095
1841,4.3115607196134995
1842,4.3118799947585895
1843,4.31219926990367
1844,4.312518545048761
1845,4.31283782019384
1846,4.31315709533893
1847,4.31347637048402
1848,4.3137956456291
1849,4.314114920774189
1850,4.3144341959192705
1851,4.3147534710643605
1852,4.3150727462094505
1853,4.31539202135453
1854,4.31571129649962
1855,4.31603057164471
1856,4.31634984678979
1857,4.31666912193488
1858,4.31698839707996
1859,4.31730767222505
1860,4.31762694737014
1861,4.31794622251522
1862,4.31826549766031
1863,4.3185847728054
1864,4.31890404795048
1865,4.31922332309557
1866,4.31954259824065
1867,4.31986187338574
1868,4.32018114853082
1869,4.3205004236759095
1870,4.3208196988209995
1871,4.32113897396608
1872,4.32145824911117
1873,4.321777524256261
1874,4.32209679940134
1875,4.32241607454643
1876,4.32273534969151
1877,4.3230546248366
1878,4.323373899981689
1879,4.32369317512677
1880,4.32401245027186
1881,4.32433172541695
1882,4.32465100056203
1883,4.32497027570712
1884,4.3252895508522
1885,4.32560882599729
1886,4.32592810114238
1887,4.32624737628747
1888,4.32656665143255
1889,4.32688592657764
1890,4.32720520172272
1891,4.32752447686781
1892,4.3278437520129
1893,4.32816302715798
1894,4.32848230230307
1895,4.32880157744815
1896,4.32912085259324
1897,4.32944012773832
1898,4.329759402883409
1899,4.330078678028499
1900,4.33039795317358
1901,4.330717228318671
1902,4.331036503463761
1903,4.33135577860884
1904,4.33167505375393
1905,4.33199432889902
1906,4.3323136040441
1907,4.332632879189189
1908,4.33295215433427
1909,4.33327142947936
1910,4.33359070462444
1911,4.33390997976953
1912,4.33422925491462
1913,4.3345485300597
1914,4.33486780520479
1915,4.33518708034988
1916,4.33550635549496
1917,4.33582563064005
1918,4.33614490578514
1919,4.33646418093022
1920,4.33678345607531
1921,4.33710273122039
1922,4.33742200636548
1923,4.33774128151057
1924,4.33806055665565
1925,4.33837983180074
1926,4.33869910694583
1927,4.33901838209091
1928,4.339337657235999
1929,4.33965693238108
1930,4.3399762075261705
1931,4.3402954826712605
1932,4.34061475781634
1933,4.34093403296143
1934,4.34125330810651
1935,4.3415725832516
1936,4.34189185839669
1937,4.34221113354177
1938,4.34253040868686
1939,4.34284968383194
1940,4.34316895897703
1941,4.34348823412212
1942,4.3438075092672
1943,4.34412678441229
1944,4.34444605955737
1945,4.34476533470246
1946,4.34508460984755
1947,4.34540388499264
1948,4.3457231601377195
1949,4.3460424352828095
1950,4.34636171042789
1951,4.34668098557298
1952,4.347000260718071
1953,4.34731953586315
1954,4.34763881100824
1955,4.34795808615333
1956,4.34827736129841
1957,4.348596636443499
1958,4.3489159115885805
1959,4.3492351867336705
1960,4.3495544618787605
1961,4.34987373702384
1962,4.35019301216893
1963,4.35051228731401
1964,4.3508315624591
1965,4.35115083760419
1966,4.35147011274927
1967,4.35178938789436
1968,4.35210866303944
1969,4.35242793818453
1970,4.35274721332962
1971,4.3530664884747
1972,4.35338576361979
1973,4.35370503876488
1974,4.35402431390996
1975,4.35434358905505
1976,4.35466286420013
1977,4.3549821393452195
1978,4.3553014144903095
1979,4.35562068963539
1980,4.35593996478048
1981,4.35625923992556
1982,4.35657851507065
1983,4.35689779021574
1984,4.35721706536082
1985,4.35753634050591
1986,4.357855615650999
1987,4.3581748907960804
1988,4.3584941659411705
1989,4.3588134410862605
1990,4.35913271623134
1991,4.35945199137643
1992,4.35977126652151
1993,4.3600905416666
1994,4.36040981681169
1995,4.36072909195677
1996,4.36104836710186
1997,4.36136764224695
1998,4.36168691739203
1999,4.36200619253712
2000,4.3623254676822
2001,4.36264474282729
2002,4.36296401797237
2003,4.36328329311746
2004,4.36360256826255
2005,4.36392184340764
2006,4.3642411185527195
2007,4.3645603936978095
2008,4.36487966884289
2009,4.365198943987981
2010,4.365518219133071
2011,4.36583749427815
2012,4.36615676942324
2013,4.36647604456832
2014,4.36679531971341
2015,4.36711459485849
2016,4.36743387000358
2017,4.36775314514867
2018,4.36807242029375
2019,4.36839169543884
2020,4.36871097058393
2021,4.36903024572901
2022,4.3693495208741
2023,4.36966879601919
2024,4.36998807116427
2025,4.37030734630936
2026,4.37062662145444
2027,4.37094589659953
2028,4.37126517174462
2029,4.3715844468897
2030,4.37190372203479
2031,4.37222299717988
2032,4.37254227232496
2033,4.37286154747005
2034,4.37318082261513
2035,4.373500097760219
2036,4.373819372905309
2037,4.37413864805039
2038,4.3744579231954805
2039,4.37477719834056
2040,4.37509647348565
2041,4.37541574863074
2042,4.37573502377582
2043,4.37605429892091
2044,4.37637357406599
2045,4.37669284921108
2046,4.37701212435617
2047,4.37733139950125
2048,4.37765067464634
2049,4.37796994979143
2050,4.37828922493651
2051,4.3786085000816
2052,4.37892777522668
2053,4.37924705037177
2054,4.37956632551686
2055,4.37988560066195
2056,4.3802048758070296
2057,4.3805241509521196
2058,4.3808434260972
2059,4.38116270124229
2060,4.381481976387381
2061,4.38180125153246
2062,4.38212052667755
2063,4.38243980182263
2064,4.382759076967719
2065,4.3830783521128
2066,4.3833976272578905
2067,4.3837169024029805
2068,4.38403617754806
2069,4.38435545269315
2070,4.38467472783824
2071,4.38499400298333
2072,4.38531327812841
2073,4.385632553273499
2074,4.38595182841858
2075,4.38627110356367
2076,4.38659037870875
2077,4.38690965385384
2078,4.38722892899893
2079,4.38754820414401
2080,4.3878674792891
2081,4.38818675443418
2082,4.38850602957927
2083,4.38882530472436
2084,4.38914457986944
2085,4.3894638550145295
2086,4.38978313015961
2087,4.3901024053047
2088,4.39042168044979
2089,4.39074095559487
2090,4.39106023073996
2091,4.39137950588505
2092,4.39169878103013
2093,4.39201805617522
2094,4.392337331320309
2095,4.3926566064653905
2096,4.3929758816104805
2097,4.39329515675556
2098,4.39361443190065
2099,4.39393370704573
2100,4.39425298219082
2101,4.39457225733591
2102,4.39489153248099
2103,4.39521080762608
2104,4.39553008277117
2105,4.39584935791625
2106,4.39616863306134
2107,4.39648790820643
2108,4.39680718335151
2109,4.3971264584966
2110,4.39744573364168
2111,4.39776500878677
2112,4.39808428393186
2113,4.39840355907694
2114,4.3987228342220295
2115,4.3990421093671195
2116,4.3993613845122
2117,4.399680659657291
2118,4.39999993480237
2119,4.40031920994746
2120,4.40063848509255
2121,4.40095776023763
2122,4.40127703538272
2123,4.4015963105278
2124,4.40191558567289
2125,4.40223486081797
2126,4.40255413596306
2127,4.40287341110815
2128,4.40319268625324
2129,4.40351196139832
2130,4.40383123654341
2131,4.40415051168849
2132,4.40446978683358
2133,4.40478906197867
2134,4.40510833712375
2135,4.40542761226884
2136,4.40574688741392
2137,4.40606616255901
2138,4.4063854377041
2139,4.40670471284918
2140,4.40702398799427
2141,4.40734326313936
2142,4.40766253828444
2143,4.407981813429529
2144,4.408301088574619
2145,4.4086203637197
2146,4.408939638864791
2147,4.40925891400987
2148,4.40957818915496
2149,4.40989746430004
2150,4.41021673944513
2151,4.41053601459022
2152,4.410855289735309
2153,4.41117456488039
2154,4.41149384002548
2155,4.41181311517056
2156,4.41213239031565
2157,4.41245166546073
2158,4.41277094060582
2159,4.41309021575091
2160,4.41340949089599
2161,4.41372876604108
2162,4.41404804118617
2163,4.41436731633125
2164,4.41468659147634
2165,4.41500586662142
2166,4.41532514176651
2167,4.4156444169116
2168,4.41596369205668
2169,4.41628296720177
2170,4.41660224234685
2171,4.41692151749194
2172,4.417240792637029
2173,4.41756006778211
2174,4.4178793429272005
2175,4.4181986180722905
2176,4.41851789321737
2177,4.41883716836246
2178,4.41915644350755
2179,4.41947571865263
2180,4.41979499379772
2181,4.4201142689428
2182,4.42043354408789
2183,4.42075281923298
2184,4.42107209437806
2185,4.42139136952315
2186,4.42171064466824
2187,4.42202991981332
2188,4.42234919495841
2189,4.42266847010349
2190,4.42298774524858
2191,4.42330702039366
2192,4.4236262955387495
2193,4.4239455706838395
2194,4.4242648458289295
2195,4.42458412097401
2196,4.4249033961191
2197,4.42525705787405
2198,4.4256107196290095
2199,4.42596438138396
2200,4.42631804313892
2201,4.42667170489388
2202,4.42702536664883
2203,4.42737902840378
2204,4.42773269015874
2205,4.4280863519137
2206,4.4284400136686495
2207,4.42879367542361
2208,4.42914733717856
2209,4.42950099893352
2210,4.42985466068847
2211,4.43020832244343
2212,4.43056198419838
2213,4.43091564595334
2214,4.4312693077083
2215,4.43162296946325
2216,4.431976631218211
2217,4.43233029297316
2218,4.43268395472812
2219,4.4330376164830705
2220,4.43339127823803
2221,4.43374493999298
2222,4.43409860174794
2223,4.43445226350289
2224,4.43480592525785
2225,4.4351595870128
2226,4.4355132487677595
2227,4.43586691052272
2228,4.43622057227767
2229,4.43657423403263
2230,4.43692789578758
2231,4.43728155754254
2232,4.43763521929749
2233,4.43798888105245
2234,4.4383425428073995
2235,4.43869620456236
2236,4.43904986631731
2237,4.43940352807227
2238,4.43975718982723
2239,4.44011085158218
2240,4.440464513337139
2241,4.44081817509209
2242,4.44117183684705
2243,4.441525498602
2244,4.441879160356961
2245,4.44223282211191
2246,4.44258648386687
2247,4.4429401456218205
2248,4.44329380737678
2249,4.44364746913173
2250,4.44400113088669
2251,4.44435479264165
2252,4.4447084543966
2253,4.44506211615156
2254,4.4454157779065095
2255,4.44576943966147
2256,4.44612310141642
2257,4.44647676317138
2258,4.44683042492633
2259,4.44718408668129
2260,4.4475377484362495
2261,4.4478914101912
2262,4.44824507194616
2263,4.44859873370111
2264,4.44895239545607
2265,4.44930605721102
2266,4.44965971896598
2267,4.45001338072093
2268,4.450367042475889
2269,4.45072070423084
2270,4.4510743659858
2271,4.45142802774075
2272,4.451781689495711
2273,4.45213535125066
2274,4.45248901300562
2275,4.45284267476058
2276,4.45319633651553
2277,4.45354999827049
2278,4.45390366002544
2279,4.4542573217804
2280,4.45461098353535
2281,4.45496464529031
2282,4.4553183070452596
2283,4.45567196880022
2284,4.45602563055517
2285,4.45637929231013
2286,4.456732954065091
2287,4.45708661582004
2288,4.4574402775749995
2289,4.45779393932995
2290,4.45814760108491
2291,4.45850126283986
2292,4.45885492459482
2293,4.45920858634977
2294,4.45956224810473
2295,4.45991590985968
2296,4.460269571614639
2297,4.46062323336959
2298,4.46097689512455
2299,4.46133055687951
2300,4.461684218634461
2301,4.46203788038941
2302,4.46239154214437
2303,4.46274520389933
2304,4.46309886565428
2305,4.46345252740924
2306,4.46380618916419
2307,4.46415985091915
2308,4.4645135126741
2309,4.4648671744290604
2310,4.46522083618402
2311,4.46557449793897
2312,4.46592815969393
2313,4.46628182144888
2314,4.46663548320384
2315,4.46698914495879
2316,4.4673428067137495
2317,4.46769646846871
2318,4.46805013022366
2319,4.46840379197862
2320,4.46875745373357
2321,4.46911111548852
2322,4.46946477724348
2323,4.46981843899844
2324,4.470172100753389
2325,4.47052576250835
2326,4.4708794242633
2327,4.47123308601826
2328,4.471586747773211
2329,4.4719404095281705
2330,4.472294071283129
2331,4.47264773303808
2332,4.47300139479304
2333,4.47335505654799
2334,4.473708718302951
2335,4.4740623800579
2336,4.47441604181286
2337,4.4747697035678105
2338,4.47512336532277
2339,4.47547702707772
2340,4.47583068883268
2341,4.47618435058763
2342,4.476538012342591
2343,4.47689167409755
2344,4.4772453358524995
2345,4.47759899760746
2346,4.47795265936241
2347,4.47830632111737
2348,4.47865998287232
2349,4.47901364462728
2350,4.47936730638223
2351,4.47972096813719
2352,4.4800746298921394
2353,4.4804282916471
2354,4.48078195340206
2355,4.48113561515701
2356,4.48148927691197
2357,4.48184293866692
2358,4.482196600421879
2359,4.48255026217683
2360,4.48290392393179
2361,4.48325758568674
2362,4.483611247441701
2363,4.4839649091966605
2364,4.48431857095161
2365,4.48467223270657
2366,4.48502589446152
2367,4.48537955621648
2368,4.48573321797143
2369,4.48608687972639
2370,4.48644054148134
2371,4.4867942032363
2372,4.4871478649912495
2373,4.48750152674621
2374,4.48785518850117
2375,4.48820885025612
2376,4.48856251201107
2377,4.48891617376603
2378,4.4892698355209895
2379,4.48962349727594
2380,4.4899771590309
2381,4.49033082078585
2382,4.49068448254081
2383,4.49103814429576
2384,4.49139180605072
2385,4.49174546780567
2386,4.492099129560629
2387,4.49245279131559
2388,4.49280645307054
2389,4.4931601148255
2390,4.493513776580451
2391,4.4938674383354105
2392,4.49422110009036
2393,4.49457476184532
2394,4.49492842360027
2395,4.49528208535523
2396,4.495635747110191
2397,4.49598940886514
2398,4.496343070620091
2399,4.49669673237505
2400,4.49705039413001
2401,4.49740405588496
2402,4.49775771763992
2403,4.49811137939487
2404,4.498465041149831
2405,4.49881870290478
2406,4.4991723646597395
2407,4.49952602641469
2408,4.49987968816965
2409,4.5002333499246
2410,4.50058701167956
2411,4.50094067343452
2412,4.50129433518947
2413,4.50164799694443
2414,4.502001658699379
2415,4.50235532045434
2416,4.50270898220929
2417,4.50306264396425
2418,4.503416305719201
2419,4.5037699674741605
2420,4.50412362922911
2421,4.50447729098407
2422,4.50483095273903
2423,4.50518461449398
2424,4.50553827624893
2425,4.50589193800389
2426,4.5062455997588495
2427,4.5065992615138
2428,4.50695292326876
2429,4.50730658502371
2430,4.50766024677867
2431,4.50801390853363
2432,4.508367570288581
2433,4.50872123204353
2434,4.5090748937984895
2435,4.50942855555345
2436,4.5097822173084
2437,4.51013587906335
2438,4.51048954081831
2439,4.51084320257327
2440,4.51119686432822
2441,4.51155052608318
2442,4.511904187838129
2443,4.51225784959309
2444,4.51261151134805
2445,4.512965173103
2446,4.5133188348579605
2447,4.5136724966129105
2448,4.51402615836786
2449,4.51437982012282
2450,4.51473348187778
2451,4.51508714363274
2452,4.515440805387691
2453,4.51579446714264
2454,4.5161481288975995
2455,4.51650179065255
2456,4.51685545240751
2457,4.51720911416246
2458,4.51756277591742
2459,4.51791643767238
2460,4.518270099427331
2461,4.51862376118229
2462,4.5189774229372395
2463,4.5193310846922
2464,4.51968474644715
2465,4.52003840820211
2466,4.5203920699570705
2467,4.52074573171202
2468,4.521099393466979
2469,4.52145305522193
2470,4.52180671697689
2471,4.52216037873184
2472,4.5225140404868
2473,4.52286770224175
2474,4.52322136399671
2475,4.52357502575167
2476,4.523928687506619
2477,4.52428234926158
2478,4.52463601101653
2479,4.52498967277149
2480,4.525343334526441
2481,4.5256969962814
2482,4.5260506580363495
2483,4.52640431979131
2484,4.52675798154626
2485,4.52711164330122
2486,4.52746530505617
2487,4.52781896681113
2488,4.528172628566081
2489,4.52852629032104
2490,4.5288799520759895
2491,4.52923361383095
2492,4.5295872755859
2493,4.52994093734086
2494,4.5302945990958206
2495,4.53064826085077
2496,4.531001922605729
2497,4.53135558436068
2498,4.53170924611564
2499,4.53206290787059
2500,4.53241656962555
2501,4.5327702313805
2502,4.5331238931354605
2503,4.53347755489042
2504,4.533831216645369
2505,4.53418487840032
2506,4.53453854015528
2507,4.53489220191024
2508,4.535245863665191
2509,4.53559952542015
2510,4.5359531871750995
2511,4.53630684893006
2512,4.53666051068501
2513,4.53701417243997
2514,4.537367834194931
2515,4.53772149594988
2516,4.5380751577048395
2517,4.53842881945979
2518,4.53878248121475
2519,4.5391361429697
2520,4.53948980472466
2521,4.53984346647961
2522,4.540197128234571
2523,4.54055078998953
2524,4.540904451744479
2525,4.54125811349944
2526,4.54161177525439
2527,4.54196543700934
2528,4.5423190987643
2529,4.54267276051926
2530,4.54302642227421
2531,4.54338008402917
2532,4.543733745784119
2533,4.54408740753908
2534,4.54444106929404
2535,4.54479473104899
2536,4.54514839280395
2537,4.5455020545589
2538,4.54585571631386
2539,4.54620937806881
2540,4.54656303982377
2541,4.54691670157872
2542,4.547270363333681
2543,4.54762402508863
2544,4.5479776868435895
2545,4.54833134859854
2546,4.5486850103535
2547,4.54903867210846
2548,4.54939233386341
2549,4.54974599561836
2550,4.550099657373321
2551,4.55045331912828
2552,4.550806980883229
2553,4.55116064263819
2554,4.55151430439315
2555,4.5518679661481
2556,4.55222162790305
2557,4.55257528965801
2558,4.552928951412969
2559,4.55328261316792
2560,4.55363627492288
2561,4.55398993667783
2562,4.55437128946075
2563,4.55475264224366
2564,4.55513399502658
2565,4.555515347809489
2566,4.55589670059241
2567,4.556278053375331
2568,4.55665940615824
2569,4.55704075894116
2570,4.55742211172407
2571,4.55780346450699
2572,4.5581848172899
2573,4.55856617007282
2574,4.55894752285573
2575,4.559328875638649
2576,4.559710228421561
2577,4.56009158120448
2578,4.5604729339874
2579,4.56085428677031
2580,4.56123563955323
2581,4.56161699233614
2582,4.56199834511906
2583,4.56237969790198
2584,4.56276105068489
2585,4.563142403467809
2586,4.563523756250721
2587,4.56390510903364
2588,4.56428646181656
2589,4.56466781459947
2590,4.56504916738238
2591,4.5654305201653
2592,4.56581187294821
2593,4.56619322573113
2594,4.56657457851405
2595,4.56695593129696
2596,4.56733728407988
2597,4.5677186368628
2598,4.56809998964571
2599,4.56848134242862
2600,4.56886269521154
2601,4.56924404799446
2602,4.56962540077737
2603,4.57000675356029
2604,4.57038810634321
2605,4.57076945912612
2606,4.57115081190904
2607,4.57153216469195
2608,4.57191351747487
2609,4.57229487025778
2610,4.5726762230407
2611,4.57305757582362
2612,4.57343892860653
2613,4.57382028138945
2614,4.5742016341723595
2615,4.57458298695528
2616,4.57496433973819
2617,4.57534569252111
2618,4.57572704530402
2619,4.57610839808694
2620,4.57648975086986
2621,4.5768711036527705
2622,4.577252456435691
2623,4.5776338092186
2624,4.5780151620015195
2625,4.57839651478443
2626,4.57877786756735
2627,4.57915922035027
2628,4.57954057313318
2629,4.5799219259161
2630,4.580303278699009
2631,4.5806846314819305
2632,4.581065984264851
2633,4.58144733704776
2634,4.58182868983067
2635,4.58221004261359
2636,4.58259139539651
2637,4.5829727481794205
2638,4.58335410096234
2639,4.58373545374525
2640,4.584116806528169
2641,4.5844981593110905
2642,4.584879512094
2643,4.58526086487692
2644,4.58564221765983
2645,4.58602357044275
2646,4.58640492322567
2647,4.5867862760085805
2648,4.5871676287915
2649,4.58754898157441
2650,4.587930334357329
2651,4.588311687140241
2652,4.58869303992316
2653,4.5890743927060695
2654,4.58945574548899
2655,4.58983709827191
2656,4.59021845105482
2657,4.5905998038377405
2658,4.59098115662065
2659,4.59136250940357
2660,4.59174386218648
2661,4.5921252149694
2662,4.59250656775232
2663,4.59288792053523
2664,4.59326927331815
2665,4.59365062610106
2666,4.59403197888398
2667,4.59441333166689
2668,4.59479468444981
2669,4.5951760372327195
2670,4.59555739001564
2671,4.59593874279856
2672,4.59632009558147
2673,4.59670144836438
2674,4.5970828011473
2675,4.59746415393022
2676,4.5978455067131305
2677,4.59822685949605
2678,4.59860821227896
2679,4.5989895650618795
2680,4.5993709178448
2681,4.59975227062771
2682,4.60013362341063
2683,4.60051497619354
2684,4.60089632897646
2685,4.60127768175938
2686,4.6016590345422905
2687,4.60204038732521
2688,4.60242174010812
2689,4.6028030928910395
2690,4.60318444567395
2691,4.60356579845687
2692,4.6039471512397805
2693,4.6043285040227
2694,4.60470985680562
2695,4.6050912095885295
2696,4.6054725623714505
2697,4.60585391515436
2698,4.60623526793728
2699,4.6066166207201995
2700,4.60699797350311
2701,4.60737932628603
2702,4.6077606790689405
2703,4.60814203185186
2704,4.608523384634769
2705,4.6089047374176895
2706,4.6092860902006105
2707,4.60966744298352
2708,4.61004879576643
2709,4.61043014854935
2710,4.61081150133227
2711,4.61119285411518
2712,4.6115742068981005
2713,4.61195555968101
2714,4.61233691246393
2715,4.6127182652468495
2716,4.61309961802976
2717,4.61348097081268
2718,4.61386232359559
2719,4.61424367637851
2720,4.61462502916142
2721,4.61500638194434
2722,4.6153877347272605
2723,4.61576908751017
2724,4.61615044029309
2725,4.616531793076
2726,4.61691314585892
2727,4.61729449864183
2728,4.61767585142475
2729,4.61805720420766
2730,4.61843855699058
2731,4.6188199097734906
2732,4.61920126255641
2733,4.61958261533933
2734,4.6199639681222395
2735,4.62034532090516
2736,4.62072667368807
2737,4.62110802647099
2738,4.62148937925391
2739,4.62187073203682
2740,4.62225208481974
2741,4.6226334376026506
2742,4.62301479038557
2743,4.62339614316848
2744,4.6237774959513995
2745,4.62415884873431
2746,4.62454020151723
2747,4.62492155430015
2748,4.62530290708306
2749,4.62568425986598
2750,4.62606561264889
2751,4.6264469654318106
2752,4.62682831821473
2753,4.62720967099764
2754,4.6275910237805595
2755,4.62797237656347
2756,4.62835372934639
2757,4.6287350821293
2758,4.62911643491222
2759,4.62949778769514
2760,4.62987914047805
2761,4.6302604932609706
2762,4.63064184604388
2763,4.6310231988268
2764,4.63140455160971
2765,4.63178590439263
2766,4.63216725717555
2767,4.63254860995846
2768,4.63292996274137
2769,4.633311315524289
2770,4.63369266830721
2771,4.63407402109012
2772,4.63445537387304
2773,4.63483672665595
2774,4.63521807943887
2775,4.63559943222178
2776,4.6359807850047
2777,4.6363621377876205
2778,4.63674349057053
2779,4.637124843353449
2780,4.637506196136361
2781,4.63788754891928
2782,4.6382689017022
2783,4.63865025448511
2784,4.63903160726803
2785,4.63941296005094
2786,4.63979431283386
2787,4.64017566561677
2788,4.64055701839969
2789,4.640938371182609
2790,4.64131972396552
2791,4.64170107674844
2792,4.64208242953135
2793,4.64246378231427
2794,4.64284513509718
2795,4.6432264878801
2796,4.643607840663011
2797,4.64398919344593
2798,4.644370546228839
2799,4.6447518990117596
2800,4.64513325179468
2801,4.64551460457759
2802,4.64589595736051
2803,4.64627731014342
2804,4.64665866292634
2805,4.64704001570926
2806,4.647421368492171
2807,4.64780272127509
2808,4.648184074057999
2809,4.64856542684092
2810,4.64894677962383
2811,4.64932813240675
2812,4.64970948518967
2813,4.65009083797258
2814,4.6504721907555
2815,4.65085354353841
2816,4.651234896321331
2817,4.65161624910424
2818,4.65199760188716
2819,4.65237895467008
2820,4.65276030745299
2821,4.65314166023591
2822,4.65352301301882
2823,4.65390436580174
2824,4.654285718584649
2825,4.65466707136757
2826,4.65504842415048
2827,4.6554297769334
2828,4.65581112971632
2829,4.65619248249923
2830,4.65657383528215
2831,4.65695518806506
2832,4.65733654084798
2833,4.6577178936309
2834,4.658099246413809
2835,4.65848059919673
2836,4.65886195197964
2837,4.65924330476256
2838,4.65962465754547
2839,4.66000601032839
2840,4.6603873631113
2841,4.66076871589422
2842,4.66115006867713
2843,4.66153142146005
2844,4.661912774242969
2845,4.662294127025881
2846,4.6626754798088
2847,4.66305683259171
2848,4.66343818537463
2849,4.66381953815755
2850,4.66420089094046
2851,4.66458224372338
2852,4.66496359650629
2853,4.66534494928921
2854,4.66572630207212
2855,4.666107654855041
2856,4.66648900763796
2857,4.66687036042087
2858,4.66725171320379
2859,4.6676330659867
2860,4.66801441876962
2861,4.66839577155253
2862,4.66877712433545
2863,4.669158477118359
2864,4.66953982990128
2865,4.669921182684201
2866,4.67030253546711
2867,4.67068388825003
2868,4.67106524103294
2869,4.67144659381586
2870,4.67182794659877
2871,4.67220929938169
2872,4.67259065216461
2873,4.672972004947519
2874,4.67335335773044
2875,4.67373471051335
2876,4.67411606329627
2877,4.67449741607918
2878,4.6748787688621
2879,4.67526012164502
2880,4.67564147442793
2881,4.676022827210851
2882,4.67640417999376
2883,4.676785532776679
2884,4.67716688555959
2885,4.67754823834251
2886,4.67792959112542
2887,4.67831094390834
2888,4.67869229669126
2889,4.67907364947417
2890,4.67945500225709
2891,4.679836355040011
2892,4.68021770782292
2893,4.68059906060583
2894,4.68098041338875
2895,4.68136176617167
2896,4.68174311895458
2897,4.6821244717375
2898,4.68250582452041
2899,4.68288717730333
2900,4.68326853008625
2901,4.68364988286916
2902,4.68403123565208
2903,4.68441258843499
2904,4.68479394121791
2905,4.68517529400082
2906,4.68555664678374
2907,4.68593799956666
2908,4.68631935234957
2909,4.686700705132489
2910,4.687082057915401
2911,4.68746341069832
2912,4.6878447634812295
2913,4.68822611626415
2914,4.68860746904707
2915,4.68898882182998
2916,4.6893701746129
2917,4.68975152739581
2918,4.69013288017873
2919,4.69051423296164
2920,4.690895585744561
2921,4.69127693852748
2922,4.69165829131039
2923,4.69203964409331
2924,4.69242099687622
2925,4.69280234965914
2926,4.69318370244205
2927,4.69359381532999
2928,4.69400392821792
2929,4.69441404110586
2930,4.6948241539938
2931,4.69523426688173
2932,4.69564437976967
2933,4.69605449265761
2934,4.696464605545541
2935,4.69687471843348
2936,4.69728483132141
2937,4.69769494420935
2938,4.6981050570972895
2939,4.69851516998522
2940,4.69892528287316
2941,4.6993353957611
2942,4.6997455086490305
2943,4.70015562153697
2944,4.7005657344249
2945,4.70097584731284
2946,4.70138596020077
2947,4.70179607308871
2948,4.7022061859766495
2949,4.70261629886458
2950,4.70302641175252
2951,4.70343652464046
2952,4.7038466375283905
2953,4.70425675041633
2954,4.70466686330426
2955,4.7050769761922
2956,4.7054870890801395
2957,4.70589720196807
2958,4.7063073148560095
2959,4.70671742774394
2960,4.70712754063188
2961,4.70753765351982
2962,4.7079477664077505
2963,4.70835787929569
2964,4.70876799218362
2965,4.70917810507156
2966,4.7095882179594994
2967,4.70999833084743
2968,4.7104084437353695
2969,4.7108185566233
2970,4.71122866951124
2971,4.71163878239918
2972,4.71204889528711
2973,4.71245900817505
2974,4.71286912106299
2975,4.71327923395092
2976,4.713689346838859
2977,4.71409945972679
2978,4.71450957261473
2979,4.71491968550266
2980,4.7153297983906
2981,4.71573991127854
2982,4.71615002416647
2983,4.71656013705441
2984,4.71697024994235
2985,4.71738036283028
2986,4.717790475718219
2987,4.71820058860616
2988,4.71861070149409
2989,4.71902081438203
2990,4.71943092726996
2991,4.7198410401579
2992,4.72025115304584
2993,4.72066126593377
2994,4.721071378821709
2995,4.72148149170964
2996,4.72189160459758
2997,4.72230171748552
2998,4.72271183037345
2999,4.72312194326139
3000,4.72353205614933
3001,4.723942169037261
3002,4.7243522819252
3003,4.72476239481313
3004,4.725172507701069
3005,4.72558262058901
3006,4.72599273347694
3007,4.72640284636488
3008,4.72681295925281
3009,4.72722307214075
3010,4.72763318502869
3011,4.72804329791662
3012,4.72845341080456
3013,4.72886352369249
3014,4.72927363658043
3015,4.72968374946837
3016,4.7300938623563
3017,4.73050397524424
3018,4.73091408813218
3019,4.731324201020111
3020,4.73173431390805
3021,4.73214442679598
3022,4.732554539683919
3023,4.73296465257186
3024,4.73337476545979
3025,4.73378487834773
3026,4.73419499123566
3027,4.7346051041236
3028,4.73501521701154
3029,4.735425329899471
3030,4.73583544278741
3031,4.73624555567534
3032,4.73665566856328
3033,4.73706578145122
3034,4.73747589433915
3035,4.73788600722709
3036,4.73829612011503
3037,4.738706233002961
3038,4.7391163458909
3039,4.73952645877883
3040,4.73993657166677
3041,4.74034668455471
3042,4.74075679744264
3043,4.74116691033058
3044,4.74157702321851
3045,4.74198713610645
3046,4.74239724899439
3047,4.7428073618823205
3048,4.74321747477026
3049,4.7436275876582
3050,4.74403770054613
3051,4.7444478134340695
3052,4.744857926322
3053,4.74526803920994
3054,4.74567815209788
3055,4.7460882649858105
3056,4.74649837787375
3057,4.7469084907616805
3058,4.74731860364962
3059,4.74772871653756
3060,4.74813882942549
3061,4.7485489423134295
3062,4.74895905520137
3063,4.7493691680892995
3064,4.74977928097724
3065,4.7501893938651705
3066,4.75059950675311
3067,4.75100961964104
3068,4.75141973252898
3069,4.75182984541692
3070,4.75223995830485
3071,4.7526500711927895
3072,4.75306018408073
3073,4.75347029696866
3074,4.7538804098566
3075,4.7542905227445305
3076,4.75470063563247
3077,4.75511074852041
3078,4.75552086140834
3079,4.75593097429628
3080,4.75634108718421
3081,4.7567512000721495
3082,4.75716131296009
3083,4.75757142584803
3084,4.75798153873596
3085,4.7583916516239
3086,4.75880176451183
3087,4.75921187739977
3088,4.7596219902877
3089,4.760032103175639
3090,4.76044221606358
3091,4.76085232895151
3092,4.76126244183945
3093,4.76167255472739
3094,4.76208266761532
3095,4.76249278050326
3096,4.7629028933912
3097,4.76331300627913
3098,4.763723119167071
3099,4.764133232054999
3100,4.76454334494294
3101,4.76495345783087
3102,4.76536357071881
3103,4.76577368360675
3104,4.76618379649468
3105,4.76659390938262
3106,4.76700402227055
3107,4.76741413515849
3108,4.767824248046431
3109,4.76823436093436
3110,4.7686444738223
3111,4.76905458671024
3112,4.76946469959817
3113,4.76987481248611
3114,4.77028492537404
3115,4.77069503826198
3116,4.77110515114991
3117,4.771515264037849
3118,4.77192537692579
3119,4.77233548981372
3120,4.77274560270166
3121,4.7731557155896
3122,4.77356582847753
3123,4.77397594136547
3124,4.774386054253401
3125,4.77479616714134
3126,4.7752062800292805
3127,4.77561639291721
3128,4.77602650580515
3129,4.77643661869309
3130,4.77684673158102
3131,4.77725684446896
3132,4.77766695735689
3133,4.77807707024483
3134,4.77848718313277
3135,4.7788972960207
3136,4.7793074089086405
3137,4.77971752179657
3138,4.78012763468451
3139,4.78053774757245
3140,4.78094786046038
3141,4.78135797334832
3142,4.781768086236251
3143,4.78217819912419
3144,4.78258831201213
3145,4.78299842490006
3146,4.783408537788
3147,4.78381865067594
3148,4.78422876356387
3149,4.78463887645181
3150,4.78504898933974
3151,4.78545910222768
3152,4.785869215115611
3153,4.78627932800355
3154,4.78668944089149
3155,4.78709955377942
3156,4.7875096666673596
3157,4.7879197795553
3158,4.78832989244323
3159,4.78874000533117
3160,4.78915011821911
3161,4.78956023110704
3162,4.78997034399498
3163,4.79038045688291
3164,4.79079056977085
3165,4.79120068265879
3166,4.7916107955467195
3167,4.79202090843466
3168,4.79243102132259
3169,4.79284113421053
3170,4.79325124709847
3171,4.7936613599864
3172,4.79407147287434
3173,4.79448158576227
3174,4.79489169865021
3175,4.795301811538151
3176,4.7957119244260795
3177,4.79612203731402
3178,4.79653215020196
3179,4.79694226308989
3180,4.79735237597783
3181,4.79776248886576
3182,4.7981726017537
3183,4.79858271464163
3184,4.7989928275295695
3185,4.79940294041751
3186,4.7998130533054395
3187,4.80022316619338
3188,4.80063327908132
3189,4.80104339196925
3190,4.80145350485719
3191,4.80186361774513
3192,4.80227373063306
3193,4.802683843521001
3194,4.803093956408929
3195,4.80350406929687
3196,4.80391418218481
3197,4.80432429507274
3198,4.80473440796068
3199,4.80514452084861
3200,4.80555463373655
3201,4.80596474662449
3202,4.80637485951242
3203,4.806784972400361
3204,4.807195085288289
3205,4.80760519817623
3206,4.80801531106417
3207,4.8084254239521
3208,4.80883553684004
3209,4.80924564972797
3210,4.80965576261591
3211,4.810065875503851
3212,4.810475988391779
3213,4.81088610127972
3214,4.81129621416765
3215,4.81170632705559
3216,4.81211643994353
3217,4.81252655283146
3218,4.8129366657194
3219,4.81334677860734
3220,4.81375689149527
3221,4.8141670043832105
3222,4.81457711727115
3223,4.81498723015908
3224,4.81539734304702
3225,4.81580745593495
3226,4.81621756882289
3227,4.81662768171082
3228,4.81703779459876
3229,4.8174479074867005
3230,4.81785802037463
3231,4.8182681332625705
3232,4.8186782461505
3233,4.81908835903844
3234,4.81949847192638
3235,4.81990858481431
3236,4.82031869770225
3237,4.8207288105901895
3238,4.82113892347812
3239,4.8215490363660605
3240,4.821959149253989
3241,4.8223692621419305
3242,4.82277937502987
3243,4.8231894879178
3244,4.82359960080574
3245,4.8240097136936795
3246,4.82441982658161
3247,4.82482993946955
3248,4.82524005235748
3249,4.8256501652454205
3250,4.82606027813336
3251,4.82647039102129
3252,4.82688050390923
3253,4.82729061679716
3254,4.8277007296851
3255,4.8281108425730395
3256,4.82852095546097
3257,4.82893106834891
3258,4.82934118123685
3259,4.82975129412478
3260,4.83016140701272
3261,4.83057151990065
3262,4.83098163278859
3263,4.831391745676529
3264,4.83180185856446
3265,4.8322119714524
3266,4.83262208434033
3267,4.83303219722827
3268,4.8334423101162
3269,4.83385242300414
3270,4.83426253589208
3271,4.83467264878002
3272,4.83508276166795
3273,4.835492874555889
3274,4.83590298744382
3275,4.83631310033176
3276,4.83672321321969
3277,4.83713332610763
3278,4.83754343899557
3279,4.8379535518834995
3280,4.83836366477144
3281,4.83877377765937
3282,4.83918389054731
3283,4.83959400343525
3284,4.84000411632318
3285,4.84041422921112
3286,4.84082434209905
3287,4.84123445498699
3288,4.84164456787493
3289,4.8420546807628595
3290,4.8424647936508
3291,4.842874906538739
3292,4.843316176496311
3293,4.84375744645389
3294,4.84419871641146
3295,4.84463998636904
3296,4.84508125632662
3297,4.8455225262841894
3298,4.8459637962417705
3299,4.846405066199351
3300,4.84684633615692
3301,4.8472876061145
3302,4.84772887607207
3303,4.848170146029649
3304,4.84861141598723
3305,4.8490526859448
3306,4.84949395590238
3307,4.84993522585995
3308,4.85037649581753
3309,4.8508177657750995
3310,4.85125903573268
3311,4.85170030569026
3312,4.85214157564783
3313,4.85258284560541
3314,4.85302411556298
3315,4.853465385520559
3316,4.85390665547814
3317,4.85434792543571
3318,4.85478919539329
3319,4.85523046535086
3320,4.85567173530844
3321,4.856113005266019
3322,4.856554275223591
3323,4.85699554518117
3324,4.85743681513874
3325,4.85787808509632
3326,4.8583193550539
3327,4.858760625011469
3328,4.85920189496905
3329,4.85964316492662
3330,4.8600844348842
3331,4.86052570484177
3332,4.86096697479935
3333,4.861408244756929
3334,4.8618495147145
3335,4.86229078467208
3336,4.86273205462965
3337,4.86317332458723
3338,4.86361459454481
3339,4.8640558645023795
3340,4.86449713445996
3341,4.86493840441753
3342,4.86537967437511
3343,4.86582094433269
3344,4.86626221429026
3345,4.866703484247839
3346,4.867144754205411
3347,4.86758602416299
3348,4.8680272941205605
3349,4.86846856407814
3350,4.86890983403572
3351,4.8693511039932895
3352,4.86979237395087
3353,4.87023364390845
3354,4.87067491386602
3355,4.8711161838236
3356,4.87155745378117
3357,4.871998723738749
3358,4.87243999369632
3359,4.8728812636539
3360,4.87332253361148
3361,4.87376380356905
3362,4.87420507352663
3363,4.874646343484209
3364,4.87508761344178
3365,4.87552888339936
3366,4.87597015335693
3367,4.87641142331451
3368,4.87685269327208
3369,4.8772939632296595
3370,4.87773523318724
3371,4.87817650314481
3372,4.87861777310239
3373,4.87905904305996
3374,4.87950031301754
3375,4.879941582975119
3376,4.88038285293269
3377,4.88082412289027
3378,4.8812653928478404
3379,4.88170666280542
3380,4.88214793276299
3381,4.8825892027205695
3382,4.88303047267815
3383,4.88347174263572
3384,4.8839130125933
3385,4.88435428255088
3386,4.88479555250845
3387,4.885236822466029
3388,4.8856780924236
3389,4.88611936238118
3390,4.8865606323387505
3391,4.88700190229633
3392,4.88744317225391
3393,4.8878844422114796
3394,4.88832571216906
3395,4.88876698212664
3396,4.88920825208421
3397,4.88964952204179
3398,4.89009079199936
3399,4.8905320619569395
3400,4.89097333191451
3401,4.89141460187209
3402,4.89185587182967
3403,4.89229714178724
3404,4.89273841174482
3405,4.89317968170239
3406,4.89362095165997
3407,4.89406222161755
3408,4.89450349157512
3409,4.8949447615327
3410,4.89538603149027
3411,4.8958273014478495
3412,4.89626857140543
3413,4.896709841363
3414,4.89715111132058
3415,4.89759238127815
3416,4.89803365123573
3417,4.898474921193309
3418,4.89891619115088
3419,4.89935746110846
3420,4.8997987310660305
3421,4.90024000102361
3422,4.90068127098118
3423,4.9011225409387595
3424,4.90156381089634
3425,4.90200508085391
3426,4.90244635081149
3427,4.90288762076906
3428,4.90332889072664
3429,4.9037701606842194
3430,4.90421143064179
3431,4.90465270059937
3432,4.9050939705569405
3433,4.90553524051452
3434,4.9059765104721
3435,4.90641778042967
3436,4.90685905038725
3437,4.90730032034482
3438,4.9077415903024
3439,4.90818286025998
3440,4.90862413021755
3441,4.9090654001751295
3442,4.9095066701327
3443,4.90994794009028
3444,4.91038921004786
3445,4.91083048000543
3446,4.91127174996301
3447,4.91171301992058
3448,4.91215428987816
3449,4.91259555983574
3450,4.9130368297933105
3451,4.91347809975089
3452,4.91391936970846
3453,4.9143606396660395
3454,4.91480190962361
3455,4.91524317958119
3456,4.91568444953877
3457,4.91612571949634
3458,4.91656698945392
3459,4.91700825941149
3460,4.91744952936907
3461,4.91789079932665
3462,4.9183320692842205
3463,4.9187733392418
3464,4.91921460919937
3465,4.91965587915695
3466,4.92009714911452
3467,4.9205384190721
3468,4.92097968902968
3469,4.92142095898725
3470,4.92186222894483
3471,4.9223034989024095
3472,4.92274476885998
3473,4.92318603881756
3474,4.9236273087751306
3475,4.92406857873271
3476,4.92450984869029
3477,4.92495111864786
3478,4.92539238860544
3479,4.92583365856301
3480,4.9262749285205905
3481,4.92671619847817
3482,4.92715746843574
3483,4.9275987383933195
3484,4.92804000835089
3485,4.92848127830847
3486,4.92892254826604
3487,4.92936381822362
3488,4.9298050881812
3489,4.93024635813877
3490,4.93068762809635
3491,4.93112889805392
3492,4.9315701680115005
3493,4.93201143796908
3494,4.93245270792665
3495,4.93289397788423
3496,4.9333352478418
3497,4.93377651779938
3498,4.93421778775696
3499,4.93465905771453
3500,4.93510032767211
3501,4.93554159762968
3502,4.93598286758726
3503,4.93642413754483
3504,4.9368654075024105
3505,4.93730667745999
3506,4.93774794741756
3507,4.93818921737514
3508,4.93863048733271
3509,4.93907175729029
3510,4.9395130272478704
3511,4.93995429720544
3512,4.94039556716302
3513,4.94083683712059
3514,4.94127810707817
3515,4.94171937703575
3516,4.942160646993321
3517,4.94260191695089
3518,4.943043186908469
3519,4.94348445686605
3520,4.94392572682363
3521,4.94436699678121
3522,4.9448082667387805
3523,4.94524953669635
3524,4.94569080665393
3525,4.9461320766115096
3526,4.94657334656908
3527,4.94701461652666
3528,4.94745588648423
3529,4.94789715644181
3530,4.94833842639939
3531,4.94877969635696
3532,4.94922096631454
3533,4.94966223627211
3534,4.9501035062296905
3535,4.95054477618726
3536,4.95098604614484
3537,4.95142731610242
3538,4.95186858606
3539,4.95230985601757
3540,4.95275112597515
3541,4.95319239593272
3542,4.9536336658903
3543,4.9540749358478795
3544,4.95451620580545
3545,4.95495747576302
3546,4.955398745720601
3547,4.95584001567818
3548,4.956281285635749
3549,4.95672255559333
3550,4.9571638255509
3551,4.95760509550848
3552,4.9580463654660605
3553,4.95848763542363
3554,4.95892890538121
3555,4.95937017533878
3556,4.95981144529636
3557,4.96025271525394
3558,4.960693985211511
3559,4.96113525516909
3560,4.9615765251266595
3561,4.96201779508424
3562,4.96245906504182
3563,4.96290033499939
3564,4.9633416049569705
3565,4.96378287491454
3566,4.96422414487212
3567,4.9646654148297
3568,4.96510668478727
3569,4.96554795474485
3570,4.96598922470242
3571,4.96643049466
3572,4.96687176461758
3573,4.96731303457515
3574,4.96775430453273
3575,4.9681955744903
3576,4.968636844447881
3577,4.96907811440545
3578,4.96951938436303
3579,4.96996065432061
3580,4.97040192427818
3581,4.97084319423576
3582,4.97128446419333
3583,4.97172573415091
3584,4.97216700410849
3585,4.97260827406606
3586,4.97304954402364
3587,4.97349081398121
3588,4.973932083938791
3589,4.97437335389637
3590,4.9748146238539395
3591,4.97525589381152
3592,4.97569716376909
3593,4.97613843372667
3594,4.97657970368424
3595,4.97702097364182
3596,4.9774622435994
3597,4.97790351355697
3598,4.97834478351455
3599,4.97878605347212
3600,4.979227323429701
3601,4.97966859338728
3602,4.9801098633448495
3603,4.98055113330243
3604,4.98099240326
3605,4.98143367321758
3606,4.9818749431751606
3607,4.98231621313273
3608,4.98275748309031
3609,4.98319875304788
3610,4.98364002300546
3611,4.98408129296304
3612,4.98452256292061
3613,4.98496383287819
3614,4.9854051028357595
3615,4.98584637279334
3616,4.98628764275091
3617,4.98672891270849
3618,4.987170182666071
3619,4.98761145262364
3620,4.98805272258122
3621,4.9884939925388
3622,4.98893526249637
3623,4.98937653245395
3624,4.98981780241152
3625,4.9902590723691
3626,4.99070034232667
3627,4.99114161228425
3628,4.99158288224183
3629,4.9920241521994
3630,4.992465422156981
3631,4.99290669211455
3632,4.9933479620721295
3633,4.9937892320297
3634,4.99423050198728
3635,4.99467177194486
3636,4.99511304190243
3637,4.99555431186001
3638,4.99599558181758
3639,4.99643685177516
3640,4.99687812173274
3641,4.9973193916903105
3642,4.997760661647891
3643,4.99820193160546
3644,4.9986432015630395
3645,4.99908447152062
3646,4.99952574147819
3647,4.99996701143577
3648,5.000408281393351
3649,5.00084955135092
3650,5.0012908213085
3651,5.00173209126607
3652,5.00217336122365
3653,5.00261463118123
3654,5.0030559011388
3655,5.00349717109638
3656,5.00393844105395
3657,5.00437971101153
3658,5.0048209809691
3659,5.00530464517587
3660,5.00578830938263
3661,5.00627197358939
3662,5.00675563779615
3663,5.00723930200292
3664,5.0077229662096805
3665,5.008206630416439
3666,5.0086902946232
3667,5.00917395882997
3668,5.00965762303673
3669,5.01014128724349
3670,5.01062495145025
3671,5.01110861565702
3672,5.01159227986378
3673,5.012075944070539
3674,5.0125596082773
3675,5.01304327248407
3676,5.0135269366908295
3677,5.01401060089759
3678,5.01449426510435
3679,5.014977929311111
3680,5.01546159351788
3681,5.015945257724639
3682,5.0164289219314
3683,5.01691258613816
3684,5.01739625034493
3685,5.01787991455169
3686,5.01836357875845
3687,5.018847242965211
3688,5.01933090717197
3689,5.01981457137874
3690,5.0202982355855
3691,5.02078189979226
3692,5.0212655639990205
3693,5.02174922820579
3694,5.02223289241255
3695,5.02271655661931
3696,5.0232002208260695
3697,5.02368388503284
3698,5.0241675492396
3699,5.02465121344636
3700,5.02513487765312
3701,5.02561854185988
3702,5.02610220606665
3703,5.02658587027341
3704,5.0270695344801695
3705,5.02755319868694
3706,5.0280368628937
3707,5.02852052710046
3708,5.02900419130722
3709,5.02948785551398
3710,5.029971519720751
3711,5.03045518392751
3712,5.030938848134269
3713,5.03142251234103
3714,5.0319061765478
3715,5.03238984075456
3716,5.03287350496132
3717,5.03335716916808
3718,5.03384083337484
3719,5.0343244975816095
3720,5.03480816178837
3721,5.03529182599513
3722,5.03577549020189
3723,5.03625915440866
3724,5.03674281861542
3725,5.03722648282218
3726,5.03771014702894
3727,5.038193811235709
3728,5.03867747544247
3729,5.03916113964923
3730,5.03964480385599
3731,5.04012846806276
3732,5.04061213226952
3733,5.04109579647628
3734,5.04157946068304
3735,5.042063124889809
3736,5.04254678909657
3737,5.04303045330333
3738,5.043514117510091
3739,5.04399778171685
3740,5.04448144592362
3741,5.04496511013038
3742,5.04544877433714
3743,5.0459324385439
3744,5.04641610275066
3745,5.04689976695743
3746,5.0473834311641905
3747,5.0478670953709495
3748,5.04835075957772
3749,5.04883442378448
3750,5.04931808799124
3751,5.049801752198
3752,5.05028541640477
3753,5.05076908061153
3754,5.0512527448182905
3755,5.051736409025049
3756,5.05222007323181
3757,5.05270373743858
3758,5.0531874016453395
3759,5.0536710658521
3760,5.05415473005886
3761,5.05463839426562
3762,5.05512205847239
3763,5.055605722679149
3764,5.05608938688591
3765,5.05657305109268
3766,5.0570567152994395
3767,5.0575403795062
3768,5.05802404371296
3769,5.05850770791972
3770,5.05899137212648
3771,5.05947503633325
3772,5.05995870054001
3773,5.06044236474677
3774,5.06092602895354
3775,5.0614096931603
3776,5.06189335736706
3777,5.06237702157382
3778,5.06286068578058
3779,5.06334434998735
3780,5.06382801419411
3781,5.06431167840087
3782,5.06479534260764
3783,5.0652790068144
3784,5.06576267102116
3785,5.06624633522792
3786,5.06672999943469
3787,5.06721366364145
3788,5.06769732784821
3789,5.06818099205497
3790,5.06866465626173
3791,5.0691483204685
3792,5.06963198467526
3793,5.07011564888202
3794,5.070599313088779
3795,5.07108297729554
3796,5.07156664150231
3797,5.0720503057090705
3798,5.07253396991583
3799,5.073017634122589
3800,5.073501298329361
3801,5.0739849625361195
3802,5.07446862674288
3803,5.07495229094964
3804,5.07543595515641
3805,5.07591961936317
3806,5.07640328356993
3807,5.07688694777669
3808,5.0773706119834605
3809,5.0778542761902195
3810,5.07833794039698
3811,5.07882160460374
3812,5.0793052688105
3813,5.07978893301727
3814,5.08027259722403
3815,5.08075626143079
3816,5.08123992563755
3817,5.081723589844319
3818,5.08220725405108
3819,5.08269091825784
3820,5.083174582464601
3821,5.08365824667137
3822,5.08414191087813
3823,5.08462557508489
3824,5.08510923929165
3825,5.085592903498419
3826,5.08607656770518
3827,5.08656023191194
3828,5.087043896118701
3829,5.0875275603254595
3830,5.08801122453223
3831,5.08849488873899
3832,5.08897855294575
3833,5.08946221715251
3834,5.08994588135928
3835,5.09042954556604
3836,5.0909132097728005
3837,5.091396873979559
3838,5.09188053818633
3839,5.09236420239309
3840,5.09284786659985
3841,5.09333153080661
3842,5.09381519501337
3843,5.09429885922014
3844,5.0947825234269
3845,5.095266187633659
3846,5.09574985184042
3847,5.09623351604719
3848,5.0967171802539495
3849,5.09720084446071
3850,5.09768450866747
3851,5.0981681728742405
3852,5.098651837081
3853,5.099135501287759
3854,5.09961916549452
3855,5.10010282970129
3856,5.10058649390805
3857,5.10107015811481
3858,5.10155382232157
3859,5.10203748652834
3860,5.1025211507351
3861,5.10300481494186
3862,5.10348847914862
3863,5.10397214335538
3864,5.10445580756215
3865,5.10493947176891
3866,5.10542313597567
3867,5.10590680018243
3868,5.1063904643892
3869,5.10687412859596
3870,5.10735779280272
3871,5.10784145700948
3872,5.10832512121624
3873,5.10880878542301
3874,5.10929244962977
3875,5.10977611383653
3876,5.1102597780433
3877,5.11074344225006
3878,5.11122710645682
3879,5.11171077066358
3880,5.11219443487034
3881,5.11267809907711
3882,5.113161763283871
3883,5.11364542749063
3884,5.11412909169739
3885,5.11461275590415
3886,5.11509642011092
3887,5.11558008431768
3888,5.11606374852444
3889,5.1165474127312
3890,5.1170310769379705
3891,5.1175147411447295
3892,5.11799840535149
3893,5.11848206955826
3894,5.11896573376502
3895,5.11944939797178
3896,5.11993306217854
3897,5.1204167263853
3898,5.1209003905920705
3899,5.121384054798829
3900,5.12186771900559
3901,5.12235138321235
3902,5.1228350474191195
3903,5.12331871162588
3904,5.12380237583264
3905,5.1242860400394
3906,5.12476970424616
3907,5.125253368452929
3908,5.12573703265969
3909,5.12622069686645
3910,5.126704361073211
3911,5.1271880252799695
3912,5.12767168948674
3913,5.1281553536935
3914,5.12863901790026
3915,5.12912268210702
3916,5.12960634631379
3917,5.13009001052055
3918,5.1305736747273105
3919,5.1310573389340695
3920,5.13154100314084
3921,5.1320246673476
3922,5.13250833155436
3923,5.13299199576112
3924,5.13347565996789
3925,5.13395932417465
3926,5.1344429883814104
3927,5.134926652588169
3928,5.13541031679494
3929,5.1358939810017
3930,5.1363776452084595
3931,5.13686130941522
3932,5.13734497362199
3933,5.13782863782875
3934,5.13831230203551
3935,5.138795966242269
3936,5.13927963044903
3937,5.1397632946558
3938,5.14024695886256
3939,5.14073062306932
3940,5.14121428727608
3941,5.1416979514828505
3942,5.14218161568961
3943,5.14266527989637
3944,5.14314894410313
3945,5.14363260830989
3946,5.14411627251666
3947,5.14459993672342
3948,5.14508360093018
3949,5.14556726513694
3950,5.14605092934371
3951,5.14653459355047
3952,5.14701825775723
3953,5.1475019219639995
3954,5.14798558617076
3955,5.14846925037752
3956,5.14895291458428
3957,5.14943657879104
3958,5.14992024299781
3959,5.15040390720457
3960,5.15088757141133
3961,5.15137123561809
3962,5.15185489982486
3963,5.15233856403162
3964,5.152822228238381
3965,5.15330589244514
3966,5.15378955665191
3967,5.15427322085867
3968,5.15475688506543
3969,5.15524054927219
3970,5.15572421347896
3971,5.15620787768572
3972,5.156691541892481
3973,5.1571752060992395
3974,5.157658870306
3975,5.15814253451277
3976,5.15862619871953
3977,5.15910986292629
3978,5.15959352713305
3979,5.16007719133981
3980,5.1605608555465805
3981,5.161044519753339
3982,5.1615281839601
3983,5.16201184816686
3984,5.16249551237363
3985,5.16297917658039
3986,5.16346284078715
3987,5.16394650499391
3988,5.16443016920067
3989,5.164913833407439
3990,5.1653974976142
3991,5.16588116182096
3992,5.1663648260277295
3993,5.16684849023449
3994,5.16733215444125
3995,5.16781581864801
3996,5.16829948285477
3997,5.168783147061539
3998,5.1692668112683
3999,5.16975047547506
4000,5.1702341396818206
4001,5.17071780388859
4002,5.17120146809535
4003,5.17168513230211
4004,5.17216879650887
4005,5.17265246071564
4006,5.1731361249224
4007,5.17361978912916
4008,5.1741034533359205
4009,5.174587117542679
4010,5.17507078174945
4011,5.17555444595621
4012,5.1760381101629696
4013,5.17652177436974
4014,5.1770054385765
4015,5.17748910278326
4016,5.17797276699002
4017,5.17845643119679
4018,5.178940095403551
4019,5.17942375961031
4020,5.1799074238170695
4021,5.18039108802383
4022,5.18087475223059
4023,5.1813584164373605
4024,5.18184208064412
4025,5.18232574485088
4026,5.18280940905764
4027,5.18329307326441
4028,5.18377673747117
4029,5.18426040167793
4030,5.18474406588469
4031,5.18522773009146
4032,5.18571139429822
4033,5.18619505850498
4034,5.18667872271174
4035,5.1871623869185095
4036,5.18764605112527
4037,5.18812971533203
4038,5.1886133795388
4039,5.18909704374556
4040,5.18958070795232
4041,5.19006437215908
4042,5.19054803636584
4043,5.1910317005726
4044,5.19151536477937
4045,5.19199902898613
4046,5.19248269319289
4047,5.19296635739965
4048,5.19345002160642
4049,5.19393368581318
4050,5.19441735001994
4051,5.1949010142267005
4052,5.19538467843347
4053,5.19586834264023
4054,5.196352006846991
4055,5.1968356710537496
4056,5.19731933526052
4057,5.19780299946727
4058,5.19828666367404
4059,5.1987703278808
4060,5.19925399208757
4061,5.19973765629433
4062,5.2002213205010905
4063,5.2007049847078495
4064,5.20118864891461
4065,5.20167231312138
4066,5.20215597732814
4067,5.2026396415349
4068,5.20312330574166
4069,5.20360696994843
4070,5.20409063415518
4071,5.204574298361949
4072,5.20505796256871
4073,5.20554162677548
4074,5.2060252909822395
4075,5.206508955189
4076,5.20699261939576
4077,5.20747628360253
4078,5.20795994780929
4079,5.208443612016049
4080,5.20892727622281
4081,5.20941094042957
4082,5.20989460463634
4083,5.2103782688431
4084,5.21086193304986
4085,5.21134559725662
4086,5.21182926146338
4087,5.21231292567015
4088,5.21279658987691
4089,5.21328025408367
4090,5.2137639182904305
4091,5.2142475824971894
4092,5.21473124670396
4093,5.21521491091072
4094,5.21569857511748
4095,5.21618223932425
4096,5.21666590353101
4097,5.21714956773777
4098,5.21763323194453
4099,5.2181168961513
4100,5.21860056035806
4101,5.21908422456482
4102,5.2195678887715795
4103,5.22005155297834
4104,5.22053521718511
4105,5.2210188813918705
4106,5.22150254559863
4107,5.2219862098054
4108,5.22246987401215
4109,5.22295353821892
4110,5.22343720242568
4111,5.22392086663245
4112,5.22440453083921
4113,5.2248881950459705
4114,5.22537185925273
4115,5.22585552345949
4116,5.226339187666261
4117,5.2268228518730195
4118,5.22730651607978
4119,5.22779018028654
4120,5.22827384449331
4121,5.22875750870007
4122,5.22924117290683
4123,5.22972483711359
4124,5.23020850132035
4125,5.2306921655271195
4126,5.23117582973388
4127,5.23165949394064
4128,5.2321431581474
4129,5.23262682235417
4130,5.23311048656093
4131,5.23359415076769
4132,5.23407781497445
4133,5.234561479181219
4134,5.23504514338798
4135,5.23552880759474
4136,5.236012471801501
4137,5.23649613600826
4138,5.23697980021503
4139,5.23746346442179
4140,5.23794712862855
4141,5.23843079283531
4142,5.23891445704207
4143,5.23939812124884
4144,5.239881785455601
4145,5.2403654496623595
4146,5.24084911386912
4147,5.24133277807589
4148,5.24181644228265
4149,5.24230010648941
4150,5.24278377069617
4151,5.24326743490294
4152,5.2437510991097005
4153,5.244234763316459
4154,5.24471842752322
4155,5.24520209172999
4156,5.24568575593675
4157,5.24616942014351
4158,5.24665308435027
4159,5.24713674855704
4160,5.2476204127638
4161,5.248104076970559
4162,5.24858774117732
4163,5.24907140538408
4164,5.2495550695908495
4165,5.25003873379761
4166,5.25052239800437
4167,5.25100606221113
4168,5.2514897264179
4169,5.25197339062466
4170,5.25245705483142
4171,5.25294071903818
4172,5.25342438324495
4173,5.25390804745171
4174,5.25439171165847
4175,5.25487537586523
4176,5.25535904007199
4177,5.25584270427876
4178,5.25632636848552
4179,5.25681003269228
4180,5.25729369689905
4181,5.25777736110581
4182,5.25826102531257
4183,5.25874468951933
4184,5.2592283537261
4185,5.25971201793286
4186,5.26019568213962
4187,5.26067934634638
4188,5.26116301055315
4189,5.26164667475991
4190,5.262130338966671
4191,5.26261400317343
4192,5.26309766738019
4193,5.26358133158695
4194,5.26406499579372
4195,5.2645486600004805
4196,5.26503232420724
4197,5.26551598841401
4198,5.265999652620771
4199,5.26648331682753
4200,5.26696698103429
4201,5.26745064524105
4202,5.26793430944782
4203,5.26841797365458
4204,5.26890163786134
4205,5.2693853020681
4206,5.269868966274871
4207,5.2703526304816295
4208,5.27083629468839
4209,5.27131995889515
4210,5.27180362310191
4211,5.27228728730868
4212,5.27277095151544
4213,5.2732546157222
4214,5.27373827992896
4215,5.274221944135729
4216,5.27470560834249
4217,5.27518927254925
4218,5.275672936756011
4219,5.27615660096278
4220,5.27664026516954
4221,5.2771239293763
4222,5.27760759358306
4223,5.2780912577898205
4224,5.27857492199659
4225,5.27905858620335
4226,5.279542250410111
4227,5.2800259146168695
4228,5.28050957882364
4229,5.2809932430304
4230,5.28147690723716
4231,5.28196057144392
4232,5.28244423565069
4233,5.28292789985745
4234,5.2834115640642105
4235,5.2838952282709695
4236,5.28437889247774
4237,5.2848625566845
4238,5.28534622089126
4239,5.28582988509802
4240,5.28631354930478
4241,5.28679721351155
4242,5.2872808777183105
4243,5.287764541925069
4244,5.28824820613183
4245,5.28873187033859
4246,5.2892155345453595
4247,5.28969919875212
4248,5.29018286295888
4249,5.290666527165651
4250,5.29115019137241
4251,5.291633855579169
4252,5.292117519785941
4253,5.2926011839927
4254,5.29308484819946
4255,5.29356851240622
4256,5.29405217661298
4257,5.29453584081974
4258,5.29501950502651
4259,5.29550316923327
4260,5.29598683344003
4261,5.29647049764679
4262,5.29695416185356
4263,5.29743782606032
4264,5.29792149026708
4265,5.29840515447384
4266,5.2988888186806
4267,5.29937248288737
4268,5.29985614709413
4269,5.30033981130089
4270,5.30082347550765
4271,5.30130713971442
4272,5.301790803921181
4273,5.30227446812794
4274,5.30275813233471
4275,5.30324179654147
4276,5.30372546074823
4277,5.3042091249549905
4278,5.30469278916175
4279,5.30517645336851
4280,5.305660117575281
4281,5.30614378178204
4282,5.3066274459888
4283,5.30711111019556
4284,5.30759477440233
4285,5.3080784386090905
4286,5.30856210281585
4287,5.30904576702261
4288,5.309529431229381
4289,5.3100130954361395
4290,5.3104967596429
4291,5.31098042384966
4292,5.31146408805643
4293,5.31194775226319
4294,5.31243141646995
4295,5.31291508067671
4296,5.3133987448834805
4297,5.3138824090902395
4298,5.314366073297
4299,5.31484973750376
4300,5.31533340171052
4301,5.31581706591729
4302,5.31630073012405
4303,5.31678439433081
4304,5.31726805853757
4305,5.317751722744339
4306,5.3182353869511
4307,5.31871905115786
4308,5.319202715364621
4309,5.31968637957139
4310,5.32017004377815
4311,5.32065370798491
4312,5.32113737219167
4313,5.32162103639844
4314,5.3221047006052
4315,5.32258836481196
4316,5.323072029018721
4317,5.32355569322549
4318,5.32403935743225
4319,5.32452302163901
4320,5.32500668584577
4321,5.32549035005253
4322,5.3259740142593
4323,5.32645767846606
4324,5.3269413426728205
4325,5.327425006879579
4326,5.32790867108635
4327,5.32839233529311
4328,5.32887599949987
4329,5.32935966370663
4330,5.3298433279134
4331,5.33032699212016
4332,5.33081065632692
4333,5.331294320533679
4334,5.33177798474044
4335,5.33226164894721
4336,5.33274531315397
4337,5.33322897736073
4338,5.33371264156749
4339,5.3341963057742605
4340,5.33467996998102
4341,5.33516363418778
4342,5.33564729839454
4343,5.33613096260131
4344,5.33661462680807
4345,5.33709829101483
4346,5.33758195522159
4347,5.33806561942835
4348,5.33854928363512
4349,5.33903294784188
4350,5.33951661204864
4351,5.3400002762554095
4352,5.34048394046217
4353,5.34096760466893
4354,5.34145126887569
4355,5.34193493308245
4356,5.3424185972892095
4357,5.34290226149598
4358,5.34338592570274
4359,5.343869589909509
4360,5.34435325411626
4361,5.34483691832303
4362,5.345320582529791
4363,5.34580424673655
4364,5.34628791094332
4365,5.34677157515008
4366,5.34725523935684
4367,5.3477389035636005
4368,5.34822256777037
4369,5.34870623197713
4370,5.349189896183891
4371,5.34967356039065
4372,5.35015722459741
4373,5.35064088880418
4374,5.35112455301094
4375,5.3516082172177
4376,5.35209188142446
4377,5.35257554563122
4378,5.3530592098379906
4379,5.3535428740447495
4380,5.35402653825151
4381,5.35451020245827
4382,5.35499386666504
4383,5.3554775308718
4384,5.35596119507856
4385,5.35644485928532
4386,5.35692852349208
4387,5.357412187698849
4388,5.35793980935097
4389,5.35846743100309
4390,5.35899505265521
4391,5.35952267430733
4392,5.36005029595946
4393,5.36057791761158
4394,5.3611055392637
4395,5.36163316091582
4396,5.3621607825679405
4397,5.36268840422007
4398,5.36321602587219
4399,5.36374364752431
4400,5.36427126917643
4401,5.36479889082855
4402,5.36532651248067
4403,5.36585413413279
4404,5.36638175578492
4405,5.36690937743704
4406,5.3674369990891595
4407,5.36796462074128
4408,5.3684922423934
4409,5.369019864045519
4410,5.36954748569765
4411,5.37007510734977
4412,5.37060272900189
4413,5.371130350654011
4414,5.37165797230613
4415,5.37218559395825
4416,5.37271321561038
4417,5.3732408372625
4418,5.37376845891462
4419,5.37429608056674
4420,5.37482370221886
4421,5.37535132387099
4422,5.37587894552311
4423,5.37640656717523
4424,5.3769341888273505
4425,5.37746181047947
4426,5.3779894321315895
4427,5.37851705378371
4428,5.37904467543584
4429,5.37957229708796
4430,5.38009991874008
4431,5.3806275403922
4432,5.38115516204432
4433,5.3816827836964505
4434,5.38221040534856
4435,5.38273802700069
4436,5.38326564865281
4437,5.383793270304929
4438,5.38432089195705
4439,5.38484851360917
4440,5.38537613526129
4441,5.38590375691342
4442,5.38643137856554
4443,5.38695900021766
4444,5.387486621869781
4445,5.3880142435219
4446,5.38854186517403
4447,5.38906948682615
4448,5.38959710847827
4449,5.39012473013039
4450,5.39065235178251
4451,5.39117997343463
4452,5.391707595086761
4453,5.39223521673888
4454,5.392762838391
4455,5.39329046004312
4456,5.3938180816952395
4457,5.39434570334736
4458,5.39487332499948
4459,5.39540094665161
4460,5.39592856830373
4461,5.39645618995585
4462,5.39698381160797
4463,5.397511433260091
4464,5.39803905491222
4465,5.398566676564339
4466,5.39909429821646
4467,5.39962191986858
4468,5.4001495415207
4469,5.40067716317282
4470,5.40120478482495
4471,5.40173240647707
4472,5.402260028129191
4473,5.40278764978131
4474,5.4033152714334305
4475,5.40384289308555
4476,5.4043705147376695
4477,5.4048981363898
4478,5.40542575804192
4479,5.40595337969404
4480,5.40648100134616
4481,5.40700862299828
4482,5.40753624465041
4483,5.40806386630252
4484,5.4085914879546495
4485,5.40911910960677
4486,5.40964673125889
4487,5.410174352911009
4488,5.41070197456313
4489,5.41122959621526
4490,5.41175721786738
4491,5.412284839519501
4492,5.41281246117162
4493,5.41334008282374
4494,5.4138677044758605
4495,5.41439532612799
4496,5.414922947780109
4497,5.41545056943223
4498,5.41597819108435
4499,5.41650581273647
4500,5.4170334343886
4501,5.41756105604072
4502,5.4180886776928405
4503,5.4186162993449605
4504,5.4191439209970795
4505,5.4196715426492
4506,5.42019916430132
4507,5.42072678595345
4508,5.42125440760557
4509,5.42178202925769
4510,5.42230965090981
4511,5.42283727256193
4512,5.42336489421405
4513,5.42389251586618
4514,5.4244201375183
4515,5.424947759170419
4516,5.42547538082254
4517,5.42600300247467
4518,5.42653062412678
4519,5.427058245778911
4520,5.42758586743103
4521,5.42811348908315
4522,5.428641110735271
4523,5.42916873238739
4524,5.429696354039519
4525,5.43022397569163
4526,5.43075159734376
4527,5.43127921899588
4528,5.431806840648
4529,5.43233446230012
4530,5.43286208395224
4531,5.4333897056043705
4532,5.43391732725649
4533,5.43444494890861
4534,5.43497257056073
4535,5.435500192212849
4536,5.43602781386497
4537,5.43655543551709
4538,5.43708305716922
4539,5.43761067882134
4540,5.43813830047346
4541,5.438665922125581
4542,5.4391935437777
4543,5.439721165429829
4544,5.44024878708195
4545,5.44077640873407
4546,5.441304030386189
4547,5.44183165203831
4548,5.44235927369043
4549,5.44288689534256
4550,5.443414516994681
4551,5.4439421386468
4552,5.4444697602989205
4553,5.44499738195104
4554,5.4455250036031595
4555,5.44605262525529
4556,5.44658024690741
4557,5.44710786855953
4558,5.44763549021165
4559,5.44816311186377
4560,5.44869073351589
4561,5.44921835516801
4562,5.44974597682014
4563,5.4502735984722595
4564,5.45080122012438
4565,5.4513288417765
4566,5.45185646342862
4567,5.45238408508075
4568,5.45291170673287
4569,5.45343932838499
4570,5.45396695003711
4571,5.45449457168923
4572,5.4550221933413505
4573,5.45554981499347
4574,5.456077436645599
4575,5.45660505829772
4576,5.45713267994984
4577,5.45766030160196
4578,5.45818792325408
4579,5.45871554490621
4580,5.45924316655833
4581,5.4597707882104505
4582,5.4602984098625695
4583,5.46082603151469
4584,5.46135365316681
4585,5.46188127481894
4586,5.46240889647106
4587,5.46293651812318
4588,5.4634641397753
4589,5.46399176142742
4590,5.46451938307954
4591,5.465047004731661
4592,5.46557462638378
4593,5.46610224803591
4594,5.46662986968803
4595,5.46715749134015
4596,5.46768511299228
4597,5.46821273464439
4598,5.46874035629651
4599,5.46926797794864
4600,5.469795599600761
4601,5.47032322125288
4602,5.470850842905
4603,5.47137846455712
4604,5.47190608620925
4605,5.47243370786137
4606,5.47296132951349
4607,5.47348895116561
4608,5.47401657281773
4609,5.47454419446985
4610,5.47507181612198
4611,5.4755994377741
4612,5.47612705942622
4613,5.476654681078339
4614,5.47718230273046
4615,5.47770992438258
4616,5.47823754603471
4617,5.47876516768683
4618,5.47929278933895
4619,5.47982041099107
4620,5.48034803264319
4621,5.48087565429531
4622,5.48140327594744
4623,5.48193089759956
4624,5.48245851925168
4625,5.4829861409038
4626,5.48351376255592
4627,5.48404138420804
4628,5.484569005860171
4629,5.48509662751229
4630,5.48562424916441
4631,5.48615187081653
4632,5.4866794924686495
4633,5.48720711412077
4634,5.48773473577289
4635,5.48826235742502
4636,5.48878997907714
4637,5.48931760072926
4638,5.48984522238138
4639,5.490372844033501
4640,5.49090046568562
4641,5.4914280873377495
4642,5.49195570898987
4643,5.49248333064199
4644,5.49301095229411
4645,5.49353857394623
4646,5.49406619559836
4647,5.49459381725048
4648,5.4951214389026
4649,5.49564906055472
4650,5.4961766822068405
4651,5.49670430385897
4652,5.49723192551109
4653,5.49775954716321
4654,5.49828716881533
4655,5.49881479046745
4656,5.49934241211957
4657,5.4998700337717
4658,5.50039765542382
4659,5.50092527707593
4660,5.5014528987280595
4661,5.50198052038018
4662,5.5025081420323
4663,5.503035763684419
4664,5.50356338533655
4665,5.50409100698867
4666,5.50461862864079
4667,5.50514625029291
4668,5.50567387194503
4669,5.5062014935971595
4670,5.506729115249271
4671,5.5072567369014
4672,5.50778435855352
4673,5.50831198020564
4674,5.50883960185776
4675,5.50936722350988
4676,5.509894845162
4677,5.51042246681413
4678,5.510950088466251
4679,5.51147771011837
4680,5.51200533177049
4681,5.51253295342261
4682,5.51306057507474
4683,5.51358819672686
4684,5.51411581837898
4685,5.5146434400311
4686,5.51517106168322
4687,5.51569868333534
4688,5.51622630498747
4689,5.51675392663959
4690,5.51728154829171
4691,5.517809169943829
4692,5.51833679159595
4693,5.51886441324807
4694,5.5193920349002
4695,5.51991965655232
4696,5.52044727820444
4697,5.52097489985656
4698,5.521502521508681
4699,5.52203014316081
4700,5.5225577648129205
4701,5.52308538646505
4702,5.52361300811717
4703,5.52414062976929
4704,5.52466825142141
4705,5.52519587307353
4706,5.525723494725661
4707,5.52625111637778
4708,5.5267787380299
4709,5.52730635968202
4710,5.5278339813341395
4711,5.52836160298626
4712,5.52888922463839
4713,5.529416846290499
4714,5.52994446794263
4715,5.53047208959475
4716,5.53099971124687
4717,5.531527332898991
4718,5.53205495455112
4719,5.5325825762032395
4720,5.53311019785536
4721,5.53363781950748
4722,5.534165441159599
4723,5.53469306281172
4724,5.53522068446384
4725,5.53574830611597
4726,5.53627592776809
4727,5.53680354942021
4728,5.5373311710723305
4729,5.5378587927244505
4730,5.5383864143765695
4731,5.5389140360287
4732,5.53944165768082
4733,5.53996927933294
4734,5.54049690098506
4735,5.54102452263718
4736,5.5415521442893
4737,5.5420797659414305
4738,5.5426073875935495
4739,5.54313500924567
4740,5.54366263089779
4741,5.544190252549909
4742,5.54471787420203
4743,5.54524549585416
4744,5.54577311750628
4745,5.546300739158401
4746,5.54682836081052
4747,5.54735598246264
4748,5.547883604114761
4749,5.54841122576688
4750,5.548938847419009
4751,5.54946646907113
4752,5.54999409072325
4753,5.55052171237537
4754,5.5510493340275
4755,5.55157695567962
4756,5.55210457733174
4757,5.5526321989838605
4758,5.55315982063598
4759,5.5536874422881
4760,5.55421506394022
4761,5.55474268559235
4762,5.55527030724447
4763,5.55579792889659
4764,5.55632555054871
4765,5.55685317220083
4766,5.55738079385295
4767,5.557908415505071
4768,5.5584360371572
4769,5.558963658809319
4770,5.55949128046144
4771,5.56001890211356
4772,5.560546523765679
4773,5.561074145417811
4774,5.56160176706993
4775,5.56212938872205
4776,5.562657010374171
4777,5.56318463202629
4778,5.5637122536784105
4779,5.56423987533054
4780,5.56476749698266
4781,5.56529511863478
4782,5.5658227402869
4783,5.56635036193902
4784,5.56687798359114
4785,5.56740560524327
4786,5.56793322689539
4787,5.5684608485475104
4788,5.56898847019963
4789,5.5695160918517495
4790,5.57004371350387
4791,5.570571335156
4792,5.57109895680812
4793,5.57162657846024
4794,5.57215420011236
4795,5.57268182176448
4796,5.5732094434166
4797,5.5737370650687295
4798,5.57426468672085
4799,5.57479230837297
4800,5.575319930025089
4801,5.57584755167721
4802,5.57637517332933
4803,5.57690279498145
4804,5.577430416633581
4805,5.5779580382857
4806,5.57848565993782
4807,5.5790132815899405
4808,5.5795409032420595
4809,5.58006852489419
4810,5.58059614654631
4811,5.58112376819843
4812,5.58165138985055
4813,5.58217901150267
4814,5.5827066331548
4815,5.58323425480691
4816,5.58376187645904
4817,5.5842894981111595
4818,5.58481711976328
4819,5.5853447414154
4820,5.58587236306752
4821,5.58639998471964
4822,5.58692760637177
4823,5.58745522802389
4824,5.58798284967601
4825,5.58851047132813
4826,5.589038092980251
4827,5.58956571463237
4828,5.590093336284499
4829,5.59062095793662
4830,5.59114857958874
4831,5.59167620124086
4832,5.59220382289298
4833,5.5927314445451
4834,5.59325906619723
4835,5.5937866878493505
4836,5.59431430950147
4837,5.59484193115359
4838,5.59536955280571
4839,5.595897174457829
4840,5.59642479610995
4841,5.59695241776208
4842,5.5974800394142
4843,5.59800766106632
4844,5.59853528271844
4845,5.59906290437056
4846,5.59959052602268
4847,5.60011814767481
4848,5.60064576932693
4849,5.60117339097905
4850,5.60170101263117
4851,5.60222863428329
4852,5.60275625593541
4853,5.60328387758754
4854,5.603811499239661
4855,5.60433912089178
4856,5.6048667425439
4857,5.60539436419602
4858,5.6059219858481395
4859,5.60644960750027
4860,5.60697722915239
4861,5.60750485080451
4862,5.60803247245663
4863,5.60856009410875
4864,5.60908771576088
4865,5.6096153374130004
4866,5.61014295906512
4867,5.6106705807172395
4868,5.61119820236936
4869,5.61172582402148
4870,5.6122534456736
4871,5.61278106732573
4872,5.61330868897785
4873,5.61383631062997
4874,5.61436393228209
4875,5.61489155393421
4876,5.6154191755863305
4877,5.61594679723846
4878,5.61647441889058
4879,5.6170020405427
4880,5.61752966219482
4881,5.61805728384694
4882,5.61858490549906
4883,5.61911252715119
4884,5.61964014880331
4885,5.6201677704554305
4886,5.6206953921075495
4887,5.62122301375967
4888,5.62175063541179
4889,5.62227825706392
4890,5.62280587871604
4891,5.62333350036816
4892,5.62386112202028
4893,5.6243887436724
4894,5.62491636532453
4895,5.6254439869766495
4896,5.62597160862877
4897,5.62649923028089
4898,5.62702685193301
4899,5.62755447358513
4900,5.62808209523725
4901,5.62860971688938
4902,5.6291373385415
4903,5.62966496019362
4904,5.630192581845741
4905,5.63072020349786
4906,5.63124782514998
4907,5.63177544680211
4908,5.63230306845423
4909,5.63283069010635
4910,5.63335831175847
4911,5.63388593341059
4912,5.63441355506271
4913,5.6349411767148405
4914,5.63546879836696
4915,5.63599642001908
4916,5.6365240416712
4917,5.637051663323319
4918,5.63757928497545
4919,5.63810690662756
4920,5.63863452827968
4921,5.63916214993181
4922,5.63968977158393
4923,5.6402173932360595
4924,5.640745014888171
4925,5.6412726365403
4926,5.64180025819242
4927,5.64232787984454
4928,5.64285550149666
4929,5.64338312314879
4930,5.64391074480091
4931,5.64443836645302
4932,5.644965988105151
4933,5.64549360975727
4934,5.64602123140939
4935,5.64654885306151
4936,5.6470764747136295
4937,5.64760409636576
4938,5.64813171801788
4939,5.64865933967
4940,5.64918696132212
4941,5.64971458297424
4942,5.65024220462637
4943,5.65076982627849
4944,5.65129744793061
4945,5.6518250695827295
4946,5.65235269123485
4947,5.65288031288697
4948,5.653407934539089
4949,5.65393555619122
4950,5.65446317784334
4951,5.65499079949546
4952,5.65551842114758
4953,5.6560460427997
4954,5.6565736644518205
4955,5.65710128610395
4956,5.65762890775607
4957,5.65815652940819
4958,5.65868415106031
4959,5.65921177271243
4960,5.65973939436455
4961,5.66026701601667
4962,5.6607946376688
4963,5.6613222593209205
4964,5.6618498809730395
4965,5.66237750262516
4966,5.66290512427728
4967,5.663432745929399
4968,5.66396036758152
4969,5.66448798923365
4970,5.66501561088577
4971,5.665543232537891
4972,5.66607085419001
4973,5.6665984758421395
4974,5.66712609749426
4975,5.66765371914638
4976,5.668181340798499
4977,5.66870896245062
4978,5.66923658410274
4979,5.66976420575486
4980,5.67029182740699
4981,5.67081944905911
4982,5.67134707071123
4983,5.6718746923633505
4984,5.67240231401547
4985,5.6729299356676
4986,5.67345755731972
4987,5.67398517897184
4988,5.67451280062396
4989,5.67504042227608
4990,5.6755680439282
4991,5.6760956655803305
4992,5.67662328723245
4993,5.6771509088845695
4994,5.67767853053669
4995,5.678206152188809
4996,5.67873377384094
4997,5.67926139549305
4998,5.67978901714518
4999,5.680316638797301
5000,5.68084426044942
5001,5.68137188210154
5002,5.68189950375367
5003,5.68242712540578
5004,5.682954747057909
5005,5.68348236871003
5006,5.68400999036215
5007,5.68453761201427
5008,5.68506523366639
5009,5.68559285531851
5010,5.68612047697064
5011,5.68664809862276
5012,5.68717572027488
5013,5.6877033419270004
5014,5.68823096357912
5015,5.6887585852312395
5016,5.68928620688337
5017,5.68981382853549
5018,5.69034145018761
5019,5.69086907183973
5020,5.69139669349185
5021,5.69192431514397
5022,5.6924519367961
5023,5.6929795584482195
5024,5.69350718010034
5025,5.69403480175246
5026,5.694562423404579
5027,5.6950900450567
5028,5.69561766670883
5029,5.69614528836095
5030,5.696672910013071
5031,5.69720053166519
5032,5.69772815331731
5033,5.6982557749694305
5034,5.6987833966215495
5035,5.69931101827368
5036,5.6998386399258
5037,5.70036626157792
5038,5.70089388323004
5039,5.70142150488216
5040,5.70194912653428
5041,5.7024767481864105
5042,5.70300436983853
5043,5.7035319914906495
5044,5.70405961314277
5045,5.70458723479489
5046,5.70511485644702
5047,5.70564247809914
5048,5.70617009975126
5049,5.70669772140338
5050,5.7072253430555
5051,5.70775296470762
5052,5.70828058635975
5053,5.70880820801187
5054,5.709335829663989
5055,5.70986345131611
5056,5.71039107296823
5057,5.71091869462035
5058,5.711446316272481
5059,5.7119739379246
5060,5.71250155957672
5061,5.7130291812288405
5062,5.71355680288096
5063,5.71408442453308
5064,5.71461204618521
5065,5.71513966783733
5066,5.71566728948945
5067,5.71619491114157
5068,5.71672253279369
5069,5.71725015444581
5070,5.71777777609794
5071,5.7183053977500595
5072,5.71883301940218
5073,5.7193606410543
5074,5.71988826270642
5075,5.72041588435854
5076,5.72094350601066
5077,5.72147112766279
5078,5.72199874931491
5079,5.72252637096703
5080,5.723053992619151
5081,5.72358161427128
5082,5.72410923592339
5083,5.72463685757552
5084,5.72516447922764
5085,5.72569210087976
5086,5.72621972253188
5087,5.726747344184
5088,5.72727496583612
5089,5.7278025874882506
5090,5.72833020914037
5091,5.7288578307924904
5092,5.72938545244461
5093,5.7299130740967295
5094,5.73044069574886
5095,5.73096831740098
5096,5.7314959390531
5097,5.73202356070522
5098,5.73255118235734
5099,5.73307880400947
5100,5.73360642566159
5101,5.7341340473137095
5102,5.73466166896583
5103,5.73518929061795
5104,5.73571691227007
5105,5.73624453392219
5106,5.73677215557432
5107,5.73729977722644
5108,5.737827398878561
5109,5.73835502053068
5110,5.7388826421828
5111,5.7394102638349205
5112,5.7399378854870395
5113,5.74046550713917
5114,5.74099312879129
5115,5.74152075044341
5116,5.74204837209553
5117,5.74257599374765
5118,5.74310361539978
5119,5.7436312370519005
5120,5.74415885870402
5121,5.7446864803561395
5122,5.74521410200826
5123,5.74574172366038
5124,5.7462693453125
5125,5.74679696696463
5126,5.74732458861675
5127,5.74785221026887
5128,5.74837983192099
5129,5.74890745357311
5130,5.749435075225231
5131,5.74996269687735
5132,5.75049031852948
5133,5.7510179401816
5134,5.75154556183372
5135,5.75207318348584
5136,5.75260080513796
5137,5.75312842679009
5138,5.75365604844221
5139,5.7541836700943305
5140,5.75471129174645
5141,5.75523891339857
5142,5.7557665350507
5143,5.75629415670282
5144,5.75682177835494
5145,5.75734940000706
5146,5.75787702165918
5147,5.7584046433113
5148,5.75893226496342
5149,5.7594598866155495
5150,5.75998750826767
5151,5.76051512991979
5152,5.76104275157191
5153,5.76157037322403
5154,5.76209799487616
5155,5.76262561652827
5156,5.7631532381804
5157,5.76368085983252
5158,5.764208481484641
5159,5.76473610313676
5160,5.76526372478888
5161,5.76579134644101
5162,5.7663189680931195
5163,5.76684658974525
5164,5.76737421139737
5165,5.76790183304949
5166,5.76842945470161
5167,5.7689570763537406
5168,5.76948469800586
5169,5.77001231965798
5170,5.7705399413101
5171,5.7710675629622195
5172,5.77159518461434
5173,5.77212280626646
5174,5.77265042791859
5175,5.77317804957071
5176,5.77370567122283
5177,5.77423329287495
5178,5.77476091452707
5179,5.7752885361792
5180,5.775816157831319
5181,5.77634377948344
5182,5.77687140113556
5183,5.77739902278768
5184,5.7779266444398
5185,5.77845426609192
5186,5.77898188774404
5187,5.77950950939617
5188,5.78003713104829
5189,5.7805647527004105
5190,5.7810923743525295
5191,5.78161999600465
5192,5.78214761765678
5193,5.7826752393089
5194,5.78320286096102
5195,5.78373048261314
5196,5.78425810426526
5197,5.784785725917381
5198,5.78531334756951
5199,5.7858409692216295
5200,5.78636859087375
5201,5.78689621252587
5202,5.787423834177989
5203,5.78795145583011
5204,5.78847907748224
5205,5.78900669913436
5206,5.78953432078648
5207,5.7900619424386
5208,5.79058956409072
5209,5.7911171857428405
5210,5.79164480739497
5211,5.79217242904709
5212,5.79270005069921
5213,5.79322767235133
5214,5.79375529400345
5215,5.79428291565557
5216,5.79481053730769
5217,5.7953381589598205
5218,5.79586578061194
5219,5.7963934022640595
5220,5.79692102391618
5221,5.797448645568299
5222,5.79797626722042
5223,5.79850388887255
5224,5.79903151052467
5225,5.799559132176791
5226,5.80008675382891
5227,5.80061437548103
5228,5.801141997133151
5229,5.80166961878528
5230,5.802197240437399
5231,5.80272486208952
5232,5.80325248374164
5233,5.80378010539376
5234,5.80430772704589
5235,5.80483534869801
5236,5.80536297035013
5237,5.80589059200225
5238,5.80641821365437
5239,5.8069458353064904
5240,5.80747345695862
5241,5.80800107861074
5242,5.80852870026286
5243,5.80905632191498
5244,5.8095839435671
5245,5.81011156521922
5246,5.81063918687135
5247,5.81116680852347
5248,5.81169443017559
5249,5.8122220518277095
5250,5.81274967347983
5251,5.81327729513195
5252,5.813804916784069
5253,5.8143325384362
5254,5.81486016008832
5255,5.81538778174044
5256,5.815915403392561
5257,5.81644302504468
5258,5.816970646696809
5259,5.81749826834893
5260,5.81802589000105
5261,5.81855351165317
5262,5.81908113330529
5263,5.81960875495741
5264,5.82013637660953
5265,5.82066399826166
5266,5.82119161991378
5267,5.8217192415659005
5268,5.82224686321802
5269,5.82277448487015
5270,5.82330210652227
5271,5.82382972817439
5272,5.82435734982651
5273,5.82488497147863
5274,5.82541259313075
5275,5.82594021478287
5276,5.826467836435
5277,5.8269954580871195
5278,5.82752307973924
5279,5.82805070139136
5280,5.828578323043479
5281,5.8291059446956
5282,5.82963356634772
5283,5.83016118799985
5284,5.830688809651971
5285,5.83121643130409
5286,5.83174405295621
5287,5.8322716746083305
5288,5.83279929626045
5289,5.83332691791258
5290,5.8338545395647
5291,5.83438216121682
5292,5.83490978286894
5293,5.83543740452107
5294,5.83596502617319
5295,5.8364926478253105
5296,5.83702026947743
5297,5.8375478911295495
5298,5.83807551278167
5299,5.83860313443379
5300,5.83913075608591
5301,5.83965837773804
5302,5.84018599939016
5303,5.84071362104228
5304,5.8412412426944
5305,5.84176886434652
5306,5.842296485998641
5307,5.84282410765076
5308,5.843351729302889
5309,5.84387935095501
5310,5.84440697260713
5311,5.84493459425925
5312,5.845462215911381
5313,5.8459898375635
5314,5.84651745921562
5315,5.8470450808677406
5316,5.84757270251986
5317,5.8481003241719804
5318,5.8486279458241
5319,5.8491555674762195
5320,5.84968318912835
5321,5.85021081078047
5322,5.85073843243259
5323,5.85126605408471
5324,5.85179367573684
5325,5.85232129738896
5326,5.85284891904108
5327,5.8533765406931995
5328,5.85390416234532
5329,5.85443178399744
5330,5.85495940564956
5331,5.85548702730169
5332,5.85601464895381
5333,5.85654227060593
5334,5.857069892258051
5335,5.85759751391017
5336,5.858125135562299
5337,5.85865275721442
5338,5.85918037886654
5339,5.85970800051866
5340,5.86023562217078
5341,5.8607632438229
5342,5.86129086547502
5343,5.861818487127151
5344,5.86234610877927
5345,5.8628737304313905
5346,5.86340135208351
5347,5.8639289737356295
5348,5.86445659538776
5349,5.86498421703987
5350,5.865511838692
5351,5.86603946034412
5352,5.86656708199624
5353,5.86709470364836
5354,5.86762232530048
5355,5.8681499469526095
5356,5.8686775686047294
5357,5.86920519025685
5358,5.86973281190897
5359,5.87026043356109
5360,5.87078805521321
5361,5.87131567686533
5362,5.871843298517461
5363,5.87237092016958
5364,5.8728985418217
5365,5.8734261634738205
5366,5.87395378512594
5367,5.87448140677806
5368,5.87500902843019
5369,5.87553665008231
5370,5.87606427173443
5371,5.87659189338655
5372,5.87711951503868
5373,5.87764713669079
5374,5.8781747583429205
5375,5.8787023799950395
5376,5.87923000164716
5377,5.87975762329928
5378,5.8802852449514
5379,5.88081286660352
5380,5.88134048825565
5381,5.88186810990777
5382,5.88239573155989
5383,5.88292335321201
5384,5.883450974864131
5385,5.88397859651626
5386,5.88450621816837
5387,5.8850338398205
5388,5.88556146147262
5389,5.88608908312474
5390,5.88661670477686
5391,5.88714432642898
5392,5.88767194808111
5393,5.8881995697332306
5394,5.88872719138535
5395,5.88925481303747
5396,5.88978243468959
5397,5.8903100563417095
5398,5.89083767799384
5399,5.89136529964596
5400,5.89189292129808
5401,5.8924205429502
5402,5.89294816460232
5403,5.89347578625445
5404,5.89400340790657
5405,5.89453102955869
5406,5.895058651210809
5407,5.89558627286293
5408,5.89611389451505
5409,5.89664151616718
5410,5.8971691378193
5411,5.89769675947142
5412,5.898224381123541
5413,5.89875200277566
5414,5.89927962442778
5415,5.8998072460799005
5416,5.90033486773203
5417,5.90086248938415
5418,5.90139011103627
5419,5.90191773268839
5420,5.90244535434051
5421,5.90297297599263
5422,5.90350059764476
5423,5.90402821929688
5424,5.904555840949
5425,5.9050834626011195
5426,5.90561108425324
5427,5.90613870590537
5428,5.906666327557479
5429,5.90719394920961
5430,5.90772157086173
5431,5.90824919251385
5432,5.90877681416597
5433,5.90930443581809
5434,5.90983205747021
5435,5.91035967912234
5436,5.91088730077446
5437,5.91141492242658
5438,5.9119425440787
5439,5.91247016573083
5440,5.91299778738295
5441,5.91352540903507
5442,5.91405303068719
5443,5.9145806523393105
5444,5.91510827399143
5445,5.9156358956435495
5446,5.91616351729567
5447,5.9166911389478
5448,5.91721876059992
5449,5.91774638225204
5450,5.91827400390416
5451,5.918801625556281
5452,5.9193292472084
5453,5.9198568688605295
5454,5.92038449051265
5455,5.92091211216477
5456,5.921439733816889
5457,5.92196735546901
5458,5.92249497712114
5459,5.92302259877326
5460,5.92355022042538
5461,5.9240778420775
5462,5.92460546372962
5463,5.92513308538174
5464,5.92566070703387
5465,5.92618832868599
5466,5.92671595033811
5467,5.92724357199023
5468,5.92777119364235
5469,5.92829881529447
5470,5.92882643694659
5471,5.929354058598721
5472,5.92988168025084
5473,5.93040930190296
5474,5.93093692355508
5475,5.9314645452071995
5476,5.93199216685932
5477,5.93251978851145
5478,5.93304741016357
5479,5.93357503181569
5480,5.93410265346781
5481,5.93463027511993
5482,5.93515789677206
5483,5.93568551842418
5484,5.936213140076299
5485,5.93674076172842
5486,5.93727281164124
5487,5.93780486155406
5488,5.93833691146688
5489,5.9388689613797
5490,5.93940101129252
5491,5.93993306120534
5492,5.940465111118161
5493,5.94099716103098
5494,5.9415292109438
5495,5.942061260856621
5496,5.94259331076944
5497,5.94312536068226
5498,5.943657410595081
5499,5.9441894605079
5500,5.94472151042072
5501,5.945253560333541
5502,5.94578561024636
5503,5.946317660159179
5504,5.946849710072
5505,5.94738175998482
5506,5.947913809897639
5507,5.94844585981046
5508,5.94897790972328
5509,5.949509959636099
5510,5.95004200954892
5511,5.95057405946174
5512,5.95110610937456
5513,5.95163815928738
5514,5.9521702092002
5515,5.95270225911302
5516,5.95323430902584
5517,5.95376635893866
5518,5.95429840885148
5519,5.9548304587643
5520,5.95536250867712
5521,5.95589455858994
5522,5.95642660850276
5523,5.95695865841558
5524,5.9574907083284
5525,5.95802275824122
5526,5.95855480815404
5527,5.95908685806686
5528,5.95961890797968
5529,5.9601509578925
5530,5.96068300780532
5531,5.961215057718141
5532,5.96174710763096
5533,5.96227915754378
5534,5.962811207456601
5535,5.96334325736942
5536,5.96387530728225
5537,5.96440735719507
5538,5.96493940710789
5539,5.9654714570206995
5540,5.96600350693353
5541,5.96653555684634
5542,5.9670676067591595
5543,5.96759965667198
5544,5.96813170658481
5545,5.9686637564976195
5546,5.9691958064104504
5547,5.969727856323271
5548,5.9702599062360795
5549,5.9707919561489
5550,5.97132400606173
5551,5.971856055974549
5552,5.97238810588737
5553,5.97292015580019
5554,5.97345220571301
5555,5.97398425562583
5556,5.97451630553865
5557,5.97504835545147
5558,5.97558040536428
5559,5.97611245527711
5560,5.97664450518993
5561,5.97717655510275
5562,5.97770860501557
5563,5.97824065492839
5564,5.97877270484121
5565,5.97930475475403
5566,5.97983680466685
5567,5.98036885457967
5568,5.98090090449249
5569,5.98143295440531
5570,5.9819650043181305
5571,5.98249705423095
5572,5.98302910414377
5573,5.9835611540565905
5574,5.98409320396941
5575,5.98462525388223
5576,5.9851573037950505
5577,5.98568935370787
5578,5.98622140362069
5579,5.9867534535335105
5580,5.98728550344633
5581,5.98781755335915
5582,5.9883496032719705
5583,5.98888165318479
5584,5.989413703097609
5585,5.98994575301043
5586,5.99047780292325
5587,5.991009852836069
5588,5.99154190274889
5589,5.99207395266171
5590,5.992606002574529
5591,5.99313805248735
5592,5.99367010240017
5593,5.99420215231299
5594,5.99473420222581
5595,5.99526625213863
5596,5.99579830205145
5597,5.99633035196427
5598,5.99686240187709
5599,5.99739445178991
5600,5.99792650170273
5601,5.99845855161555
5602,5.99899060152837
5603,5.99952265144119
5604,6.00005470135401
5605,6.00058675126683
5606,6.001118801179651
5607,6.00165085109247
5608,6.00218290100529
5609,6.002714950918111
5610,6.00324700083093
5611,6.00377905074375
5612,6.004311100656571
5613,6.00484315056939
5614,6.00537520048221
5615,6.005907250395031
5616,6.00643930030785
5617,6.006971350220669
5618,6.00750340013349
5619,6.00803545004631
5620,6.008567499959129
5621,6.00909954987195
5622,6.00963159978477
5623,6.010163649697589
5624,6.01069569961041
5625,6.01122774952323
5626,6.011759799436049
5627,6.01229184934887
5628,6.01282389926169
5629,6.01335594917451
5630,6.01388799908733
5631,6.01442004900015
5632,6.01495209891298
5633,6.0154841488257995
5634,6.01601619873861
5635,6.01654824865144
5636,6.01708029856425
5637,6.01761234847708
5638,6.01814439838989
5639,6.01867644830271
5640,6.01920849821554
5641,6.01974054812836
5642,6.0202725980411795
5643,6.02080464795399
5644,6.02133669786682
5645,6.021868747779631
5646,6.02240079769246
5647,6.02293284760528
5648,6.023464897518091
5649,6.02399694743091
5650,6.02452899734374
5651,6.02506104725656
5652,6.02559309716937
5653,6.0261251470822
5654,6.02665719699501
5655,6.02718924690783
5656,6.0277212968206495
5657,6.0282533467334805
5658,6.0287853966463
5659,6.02931744655912
5660,6.0298494964719405
5661,6.03038154638476
5662,6.03091359629758
5663,6.0314456462104005
5664,6.03197769612322
5665,6.032509746036039
5666,6.03304179594886
5667,6.03357384586168
5668,6.0341058957745
5669,6.03463794568732
5670,6.03516999560014
5671,6.03570204551296
5672,6.03623409542578
5673,6.0367661453386
5674,6.03729819525142
5675,6.03783024516424
5676,6.03836229507706
5677,6.03889434498988
5678,6.0394263949027
5679,6.03995844481552
5680,6.04049049472834
5681,6.04102254464116
5682,6.04155459455398
5683,6.0420866444668
5684,6.04261869437962
5685,6.04315074429244
5686,6.04368279420526
5687,6.0442148441180805
5688,6.0447468940309
5689,6.04527894394372
5690,6.0458109938565405
5691,6.04634304376936
5692,6.04687509368218
5693,6.0474071435950005
5694,6.04793919350782
5695,6.04847124342064
5696,6.0490032933334605
5697,6.04953534324628
5698,6.050067393159099
5699,6.05059944307192
5700,6.05113149298474
5701,6.051663542897559
5702,6.05219559281038
5703,6.0527276427232
5704,6.053259692636019
5705,6.05379174254884
5706,6.05432379246166
5707,6.05485584237448
5708,6.0553878922873
5709,6.05591994220012
5710,6.05645199211294
5711,6.05698404202576
5712,6.05751609193858
5713,6.0580481418514
5714,6.05858019176422
5715,6.05911224167704
5716,6.05964429158986
5717,6.06017634150268
5718,6.0607083914155
5719,6.06124044132832
5720,6.06177249124114
5721,6.06230454115396
5722,6.06283659106678
5723,6.063368640979601
5724,6.06390069089242
5725,6.06443274080524
5726,6.064964790718061
5727,6.06549684063088
5728,6.0660288905437
5729,6.066560940456521
5730,6.06709299036934
5731,6.067625040282159
5732,6.06815709019498
5733,6.0686891401078
5734,6.069221190020619
5735,6.06975323993344
5736,6.07028528984626
5737,6.0708173397590794
5738,6.0713493896719
5739,6.07188143958472
5740,6.0724134894975395
5741,6.07294553941036
5742,6.07347758932318
5743,6.07400963923601
5744,6.07454168914883
5745,6.07507373906165
5746,6.075605788974469
5747,6.0761378388872895
5748,6.07666988880011
5749,6.07720193871292
5750,6.0777339886257495
5751,6.07826603853856
5752,6.07879808845138
5753,6.0793301383642
5754,6.07986218827703
5755,6.08039423818985
5756,6.0809262881026696
5757,6.08145833801549
5758,6.08199038792831
5759,6.08252243784113
5760,6.08305448775395
5761,6.08358653766677
5762,6.0841185875795905
5763,6.08465063749241
5764,6.08518268740523
5765,6.0857147373180505
5766,6.08624678723087
5767,6.08677883714369
5768,6.0873108870565105
5769,6.08784293696933
5770,6.08837498688215
5771,6.0889070367949705
5772,6.08943908670779
5773,6.08997113662061
5774,6.0905031865334305
5775,6.09103523644625
5776,6.09156728635907
5777,6.0920993362718905
5778,6.09263138618471
5779,6.093163436097529
5780,6.09369548601035
5781,6.09422753592317
5782,6.094759585835989
5783,6.09529163574881
5784,6.09582368566163
5785,6.09635573557445
5786,6.09688778548727
5787,6.09741983540009
5788,6.09795188531291
5789,6.09848393522573
5790,6.09901598513855
5791,6.09954803505137
5792,6.10008008496419
5793,6.10061213487701
5794,6.10114418478983
5795,6.10167623470265
5796,6.10220828461547
5797,6.10274033452829
5798,6.10327238444111
5799,6.10380443435393
5800,6.10433648426675
5801,6.1048685341795705
5802,6.10540058409239
5803,6.10593263400521
5804,6.1064646839180305
5805,6.10699673383085
5806,6.10752878374367
5807,6.1080608336564906
5808,6.10859288356931
5809,6.10912493348213
5810,6.109656983394951
5811,6.11018903330777
5812,6.110721083220589
5813,6.11125313313341
5814,6.11178518304623
5815,6.112317232959049
5816,6.11284928287187
5817,6.11338133278469
5818,6.113913382697509
5819,6.11444543261033
5820,6.11497748252315
5821,6.11550953243597
5822,6.11604158234879
5823,6.11657363226161
5824,6.11710568217443
5825,6.11763773208725
5826,6.11816978200007
5827,6.11870183191289
5828,6.11923388182571
5829,6.11976593173853
5830,6.12029798165135
5831,6.12083003156417
5832,6.12136208147699
5833,6.12189413138981
5834,6.12242618130263
5835,6.12295823121545
5836,6.12349028112827
5837,6.12402233104109
5838,6.12455438095391
5839,6.12508643086673
5840,6.1256184807795595
5841,6.12615053069237
5842,6.1266825806052
5843,6.12721463051802
5844,6.12774668043083
5845,6.12827873034365
5846,6.12881078025648
5847,6.1293428301693
5848,6.1298748800821095
5849,6.13040692999494
5850,6.13093897990776
5851,6.13147102982058
5852,6.1320030797334
5853,6.13253512964622
5854,6.1330671795590295
5855,6.13359922947186
5856,6.134131279384681
5857,6.1346633292975
5858,6.13519537921032
5859,6.135727429123141
5860,6.136259479035959
5861,6.1367915289487796
5862,6.1373235788616
5863,6.13785562877442
5864,6.13838767868724
5865,6.13891972860006
5866,6.13945177851288
5867,6.1399838284257
5868,6.14051587833852
5869,6.14104792825134
5870,6.14157997816416
5871,6.14211202807698
5872,6.1426440779898
5873,6.14317612790262
5874,6.14370817781544
5875,6.14424022772826
5876,6.14477227764108
5877,6.1453043275539
5878,6.14583637746672
5879,6.1463684273795405
5880,6.14690047729236
5881,6.14743252720518
5882,6.1479645771180005
5883,6.14849662703082
5884,6.14902867694364
5885,6.1495607268564605
5886,6.15009277676928
5887,6.1506248266821
5888,6.1511568765949205
5889,6.15168892650774
5890,6.15222097642056
5891,6.1527530263333805
5892,6.1532850762462
5893,6.153817126159019
5894,6.15434917607184
5895,6.15488122598466
5896,6.155413275897479
5897,6.1559453258103
5898,6.15647737572312
5899,6.157009425635939
5900,6.15754147554876
5901,6.15807352546158
5902,6.1586055753744
5903,6.15913762528722
5904,6.15966967520004
5905,6.16020172511286
5906,6.16073377502568
5907,6.1612658249385
5908,6.16179787485132
5909,6.16232992476414
5910,6.16286197467696
5911,6.16339402458978
5912,6.1639260745026
5913,6.16445812441542
5914,6.16499017432824
5915,6.165522224241061
5916,6.16605427415388
5917,6.1665863240667
5918,6.167118373979521
5919,6.16765042389234
5920,6.16818247380516
5921,6.168714523717981
5922,6.1692465736308
5923,6.16977862354362
5924,6.170310673456441
5925,6.17084272336926
5926,6.17137477328208
5927,6.1719068231949
5928,6.17243887310772
5929,6.172970923020539
5930,6.17350297293336
5931,6.17403502284618
5932,6.174567072758999
5933,6.17509912267183
5934,6.17563117258464
5935,6.176163222497459
5936,6.17669527241029
5937,6.1772273223231
5938,6.17775937223593
5939,6.17829142214875
5940,6.17882347206156
5941,6.17935552197439
5942,6.1798875718872095
5943,6.18041962180003
5944,6.18095167171285
5945,6.1814837216256695
5946,6.18201577153849
5947,6.18254782145131
5948,6.1830798713641295
5949,6.18361192127695
5950,6.18414397118977
5951,6.18467602110258
5952,6.1852080710154
5953,6.18574012092823
5954,6.1862721708410495
5955,6.18680422075387
5956,6.18733627066669
5957,6.18786832057951
5958,6.18840037049233
5959,6.18893242040515
5960,6.18946447031797
5961,6.18999652023079
5962,6.19052857014361
5963,6.19106062005643
5964,6.19159266996925
5965,6.19212471988207
5966,6.19265676979489
5967,6.19318881970771
5968,6.19372086962053
5969,6.19425291953335
5970,6.19478496944617
5971,6.19531701935899
5972,6.1958490692718104
5973,6.196381119184631
5974,6.196913169097449
5975,6.19744521901027
5976,6.19797726892309
5977,6.19850931883591
5978,6.19904136874873
5979,6.19957341866155
5980,6.20010546857437
5981,6.20063751848719
5982,6.20116956840001
5983,6.20170161831283
5984,6.20223366822565
5985,6.20276571813847
5986,6.20329776805129
5987,6.20382981796411
5988,6.20436186787693
5989,6.20489391778975
5990,6.20542596770257
5991,6.20595801761539
5992,6.20649006752821
5993,6.20702211744103
5994,6.20755416735385
5995,6.20808621726667
5996,6.2086182671794905
5997,6.20915031709231
5998,6.20968236700513
5999,6.2102144169179505
6000,6.21074646683077
6001,6.21127851674359
6002,6.2118105666564105
6003,6.21234261656923
6004,6.21287466648205
6005,6.2134067163948705
6006,6.21393876630769
6007,6.21447081622051
6008,6.21500286613333
6009,6.21553491604615
6010,6.216066965958969
6011,6.21659901587179
6012,6.21713106578461
6013,6.217663115697429
6014,6.21819516561025
6015,6.21872721552307
6016,6.21925926543589
6017,6.21979131534871
6018,6.22032336526153
6019,6.22085541517435
6020,6.22138746508717
6021,6.22191951499999
6022,6.22245156491281
6023,6.22298361482563
6024,6.22351566473845
6025,6.22404771465127
6026,6.22457976456409
6027,6.22511181447691
6028,6.22564386438973
6029,6.2261759143025595
6030,6.22670796421537
6031,6.22724001412819
6032,6.2277720640410195
6033,6.22830411395383
6034,6.22883616386665
6035,6.229368213779471
6036,6.2299002636923
6037,6.23043231360511
6038,6.230964363517931
6039,6.23149641343076
6040,6.23202846334357
6041,6.23256051325639
6042,6.23309256316922
6043,6.23362461308204
6044,6.23415666299485
6045,6.23468871290768
6046,6.235220762820489
6047,6.23575281273332
6048,6.23628486264614
6049,6.23681691255896
6050,6.23734896247178
6051,6.23788101238459
6052,6.238413062297409
6053,6.23894511221024
6054,6.239477162123061
6055,6.240009212035879
6056,6.2405412619486995
6057,6.24107331186152
6058,6.24160536177434
6059,6.2421374116871595
6060,6.24266946159998
6061,6.2432015115128
6062,6.2437335614256195
6063,6.24426561133844
6064,6.24479766125126
6065,6.2453297111640795
6066,6.2458617610769
6067,6.24639381098972
6068,6.2469258609025395
6069,6.24745791081536
6070,6.24798996072818
6071,6.248522010641
6072,6.24905406055382
6073,6.24958611046664
6074,6.25011816037946
6075,6.25065021029228
6076,6.2511822602051
6077,6.2517143101179204
6078,6.25224636003074
6079,6.25277840994356
6080,6.2533104598563805
6081,6.2538425097692
6082,6.25437455968202
6083,6.2549066095948405
6084,6.25543865950766
6085,6.25597070942048
6086,6.2565027593333005
6087,6.25703480924612
6088,6.25756685915894
6089,6.2580989090717605
6090,6.258630958984581
6091,6.2591630088974
6092,6.2596950588102205
6093,6.260227108723041
6094,6.26075915863586
6095,6.2612912085486805
6096,6.261823258461501
6097,6.26235530837432
6098,6.2628873582871405
6099,6.263419408199961
6100,6.26395145811278
6101,6.2644835080256005
6102,6.265015557938421
6103,6.265547607851241
6104,6.2660796577640605
6105,6.266611707676881
6106,6.267143757589699
6107,6.26767580750252
6108,6.268207857415339
6109,6.268739907328159
6110,6.26927195724098
6111,6.269804007153799
6112,6.270336057066619
6113,6.27086810697944
6114,6.271400156892259
6115,6.271932206805079
6116,6.2724642567179
6117,6.27299630663072
6118,6.273528356543539
6119,6.27406040645636
6120,6.27459245636918
6121,6.275124506281999
6122,6.27565655619482
6123,6.27618860610764
6124,6.276720656020459
6125,6.277252705933289
6126,6.2777847558461
6127,6.278316805758919
6128,6.27884885567174
6129,6.27938090558457
6130,6.27991295549738
6131,6.2804450054102
6132,6.28097705532302
6133,6.28150910523584
6134,6.28204115514866
6135,6.28257320506148
6136,6.28310525497431
6137,6.2836373048871295
6138,6.28416935479995
6139,6.28470140471277
6140,6.2852334546255895
6141,6.28576550453841
6142,6.28629755445122
6143,6.2868296043640495
6144,6.28736165427687
6145,6.28789370418969
6146,6.2884257541025
6147,6.28895780401533
6148,6.28948985392815
6149,6.2900219038409695
6150,6.29055395375378
6151,6.29108600366661
6152,6.29161805357943
6153,6.29215010349225
6154,6.29268215340507
6155,6.29321420331789
6156,6.29374625323071
6157,6.29427830314353
6158,6.29481035305635
6159,6.29534240296917
6160,6.29587445288199
6161,6.29640650279481
6162,6.29693855270763
6163,6.29747060262045
6164,6.29800265253327
6165,6.298534702446091
6166,6.29906675235891
6167,6.29959880227173
6168,6.300130852184551
6169,6.30066290209737
6170,6.30119495201019
6171,6.301727001923011
6172,6.30225905183583
6173,6.30279110174865
6174,6.303323151661471
6175,6.30385520157429
6176,6.30438725148711
6177,6.304919301399931
6178,6.30545135131275
6179,6.30598340122557
6180,6.306515451138391
6181,6.30704750105121
6182,6.3075795509640304
6183,6.308111600876851
6184,6.308643650789671
6185,6.3091757007024905
6186,6.309707750615309
6187,6.310239800528129
6188,6.31077185044095
6189,6.311303900353769
6190,6.311835950266589
6191,6.31236800017941
6192,6.31290005009223
6193,6.313432100005049
6194,6.31396414991787
6195,6.31449619983069
6196,6.315028249743509
6197,6.31556029965633
6198,6.31609234956915
6199,6.316624399481969
6200,6.31715644939479
6201,6.31768849930761
6202,6.318220549220429
6203,6.31875259913325
6204,6.31928464904607
6205,6.319816698958889
6206,6.32034874887171
6207,6.32088079878453
6208,6.321412848697359
6209,6.32194489861017
6210,6.32247694852299
6211,6.32300899843581
6212,6.32354104834863
6213,6.32407309826145
6214,6.32460514817427
6215,6.32513719808709
6216,6.32566924799991
6217,6.32620129791273
6218,6.32673334782555
6219,6.32726539773837
6220,6.32779744765119
6221,6.32832949756401
6222,6.32886154747683
6223,6.32939359738965
6224,6.3299256473024705
6225,6.33045769721529
6226,6.33098974712812
6227,6.3315217970409305
6228,6.33205384695375
6229,6.33258589686658
6230,6.3331179467793906
6231,6.33364999669222
6232,6.33418204660503
6233,6.334714096517851
6234,6.33524614643067
6235,6.33577819634349
6236,6.336310246256311
6237,6.33684229616913
6238,6.33737434608195
6239,6.337906395994771
6240,6.33843844590759
6241,6.33897049582041
6242,6.33950254573324
6243,6.340034595646051
6244,6.34056664555888
6245,6.341098695471691
6246,6.341630745384511
6247,6.34216279529734
6248,6.342694845210151
6249,6.343226895122971
6250,6.34375894503579
6251,6.34429099494862
6252,6.344823044861431
6253,6.34535509477425
6254,6.34588714468708
6255,6.346419194599901
6256,6.34695124451272
6257,6.34748329442554
6258,6.348015344338361
6259,6.348547394251169
6260,6.349079444164
6261,6.349611494076821
6262,6.350143543989641
6263,6.35067559390246
6264,6.351207643815281
6265,6.351739693728101
6266,6.35227174364092
6267,6.352803793553739
6268,6.353335843466559
6269,6.3538678933793795
6270,6.354399943292199
6271,6.354931993205019
6272,6.3554640431178395
6273,6.35599609303066
6274,6.356528142943479
6275,6.3570601928562995
6276,6.35759224276912
6277,6.358124292681939
6278,6.3586563425947595
6279,6.35918839250758
6280,6.359720442420399
6281,6.3602524923332195
6282,6.36078454224604
6283,6.361316592158859
6284,6.3618486420716795
6285,6.3623806919845
6286,6.36291274189732
6287,6.3634447918101396
6288,6.36397684172296
6289,6.36450889163578
6290,6.3650409415486
6291,6.36557299146142
6292,6.36610504137424
6293,6.36663709128706
6294,6.36716914119988
6295,6.3677011911127
6296,6.36823324102552
6297,6.36876529093834
6298,6.36929734085116
6299,6.36982939076398
6300,6.3703614406768
6301,6.37089349058962
6302,6.37142554050244
6303,6.37195759041526
6304,6.37248964032808
6305,6.3730216902409005
6306,6.37355374015372
6307,6.37408579006654
6308,6.3746178399793605
6309,6.37514988989218
6310,6.375681939805
6311,6.3762139897178205
6312,6.37674603963064
6313,6.37727808954346
6314,6.3778101394562805
6315,6.37834218936911
6316,6.37887423928192
6317,6.3794062891947405
6318,6.379938339107561
6319,6.38047038902038
6320,6.3810024389332005
6321,6.381534488846021
6322,6.38206653875885
6323,6.3825985886716605
6324,6.383130638584481
6325,6.3836626884973
6326,6.3841947384101205
6327,6.384726788322941
6328,6.38525883823576
6329,6.3857908881485805
6330,6.386322938061401
6331,6.38685498797422
6332,6.3873870378870405
6333,6.387919087799861
6334,6.388451137712679
6335,6.3889831876255
6336,6.389515237538319
6337,6.390047287451139
6338,6.39057933736396
6339,6.391111387276779
6340,6.391643437189599
6341,6.39217548710242
6342,6.392707537015239
6343,6.393239586928059
6344,6.39377163684089
6345,6.394303686753711
6346,6.394835736666519
6347,6.39536778657935
6348,6.39589983649217
6349,6.396431886404989
6350,6.3969639363178095
6351,6.39749598623063
6352,6.398028036143449
6353,6.3985600860562695
6354,6.39909213596909
6355,6.399624185881909
6356,6.4001562357947295
6357,6.40068828570755
6358,6.401220335620369
6359,6.4017523855331895
6360,6.40228443544601
6361,6.402816485358829
6362,6.4033485352716495
6363,6.40388058518447
6364,6.404412635097289
6365,6.4049446850101095
6366,6.40547673492293
6367,6.40600878483575
6368,6.4065408347485695
6369,6.40707288466139
6370,6.40760493457421
6371,6.4081369844870295
6372,6.40866903439985
6373,6.40920108431267
6374,6.4097331342254895
6375,6.41026518413831
6376,6.41079723405113
6377,6.4113292839639495
6378,6.41186133387677
6379,6.41239338378959
6380,6.41292543370241
6381,6.41345748361523
6382,6.41398953352805
6383,6.41452158344087
6384,6.41505363335369
6385,6.41558568326651
6386,6.41611773317933
6387,6.41664978309215
6388,6.41718183300497
6389,6.41771388291779
6390,6.41824593283061
6391,6.41877798274343
6392,6.41931003265625
6393,6.41984208256907
6394,6.42037413248189
6395,6.4209061823947104
6396,6.42143823230753
6397,6.42197028222035
6398,6.4225023321331705
6399,6.423034382045991
6400,6.42356643195881
6401,6.4240984818716305
6402,6.424630531784451
6403,6.42516258169727
6404,6.4256946316100905
6405,6.426226681522911
6406,6.42675873143573
6407,6.4272907813485505
6408,6.427822831261371
6409,6.42835488117419
6410,6.4288869310870105
6411,6.429418980999831
6412,6.429951030912651
6413,6.4304830808254705
6414,6.431015130738291
6415,6.431547180651109
6416,6.43207923056393
6417,6.432611280476749
6418,6.433143330389569
6419,6.43367538030239
6420,6.434207430215209
6421,6.434739480128029
6422,6.43527153004085
6423,6.435803579953669
6424,6.436335629866489
6425,6.43686767977931
6426,6.43739972969213
6427,6.437931779604949
6428,6.43846382951777
6429,6.43899587943059
6430,6.439527929343409
6431,6.440059979256239
6432,6.44059202916905
6433,6.441124079081869
6434,6.441656128994699
6435,6.44218817890752
6436,6.442720228820339
6437,6.443252278733159
6438,6.44378432864597
6439,6.444316378558799
6440,6.444848428471619
6441,6.44538047838444
6442,6.44591252829726
6443,6.44644457821007
6444,6.44697662812289
6445,6.44750867803572
6446,6.448040727948539
6447,6.44857277786135
6448,6.44910482777418
6449,6.4496368776869994
6450,6.45016892759982
6451,6.45070097751263
6452,6.4512330274254595
6453,6.45176507733827
6454,6.45229712725109
6455,6.4528291771639195
6456,6.45336122707674
6457,6.45389327698956
6458,6.4544253269023795
6459,6.4549573768152
6460,6.45548942672802
6461,6.45602147664084
6462,6.45655352655366
6463,6.45708557646648
6464,6.4576176263793
6465,6.45814967629212
6466,6.45868172620494
6467,6.45921377611776
6468,6.45974582603058
6469,6.4602778759434
6470,6.46080992585622
6471,6.46134197576904
6472,6.46187402568186
6473,6.46240607559468
6474,6.462938125507501
6475,6.46347017542032
6476,6.46400222533314
6477,6.464534275245961
6478,6.46506632515878
6479,6.4655983750716
6480,6.466130424984421
6481,6.46666247489724
6482,6.46719452481006
6483,6.467726574722881
6484,6.4682586246357
6485,6.46879067454852
6486,6.469322724461341
6487,6.46985477437416
6488,6.47038682428698
6489,6.470918874199801
6490,6.47145092411262
6491,6.47198297402544
6492,6.472515023938261
6493,6.473047073851081
6494,6.4735791237639
6495,6.474111173676721
6496,6.474643223589539
6497,6.4751752735023596
6498,6.475707323415179
6499,6.476239373327999
6500,6.47677142324082
6501,6.47730347315364
6502,6.477835523066459
6503,6.47836757297928
6504,6.4788996228921
6505,6.479431672804919
6506,6.47996372271774
6507,6.48049577263056
6508,6.481027822543379
6509,6.4815598724562
6510,6.48209192236902
6511,6.482623972281839
6512,6.48315602219466
6513,6.48368807210748
6514,6.484220122020299
6515,6.48475217193312
6516,6.48528422184594
6517,6.485816271758759
6518,6.48634832167158
6519,6.4868803715844
6520,6.48741242149722
6521,6.48794447141004
6522,6.48847652132286
6523,6.48900857123568
6524,6.4895406211485
6525,6.49007267106132
6526,6.49060472097414
6527,6.49113677088696
6528,6.49166882079978
6529,6.4922008707126
6530,6.49273292062542
6531,6.49326497053824
6532,6.49379702045106
6533,6.4943290703638805
6534,6.49486112027671
6535,6.49539317018952
6536,6.4959252201023405
6537,6.49645727001516
6538,6.49698931992799
6539,6.4975213698408005
6540,6.49805341975363
6541,6.49858546966644
6542,6.49911751957927
6543,6.49964956949208
6544,6.50018161940491
6545,6.50071366931773
6546,6.50124571923055
6547,6.50177776914336
6548,6.50230981905619
6549,6.50284186896901
6550,6.50337391888183
6551,6.50390596879465
6552,6.50443801870747
6553,6.50497006862029
6554,6.505502118533101
6555,6.506034168445931
6556,6.50656621835875
6557,6.507098268271561
6558,6.507630318184391
6559,6.50816236809721
6560,6.50869441801003
6561,6.509226467922851
6562,6.50975851783567
6563,6.51029056774849
6564,6.510822617661311
6565,6.51135466757413
6566,6.51188671748695
6567,6.512418767399771
6568,6.512950817312591
6569,6.51348286722541
6570,6.514014917138231
6571,6.514546967051051
6572,6.51507901696387
6573,6.515611066876691
6574,6.516143116789511
6575,6.51667516670233
6576,6.517207216615151
6577,6.517739266527969
6578,6.5182713164407895
6579,6.518803366353609
6580,6.519335416266429
6581,6.5198674661792495
6582,6.52039951609207
6583,6.520931566004889
6584,6.5214636159177095
6585,6.52199566583053
6586,6.522527715743349
6587,6.5230597656561695
6588,6.52359181556899
6589,6.524123865481809
6590,6.5246559153946295
6591,6.52518796530745
6592,6.525720015220269
6593,6.5262520651330895
6594,6.52678411504591
6595,6.52731616495873
6596,6.5278482148715495
6597,6.52838026478437
6598,6.52891231469719
6599,6.5294443646100095
6600,6.52997641452283
6601,6.53050846443565
6602,6.5310405143484696
6603,6.53157256426129
6604,6.53210461417411
6605,6.53263666408693
6606,6.53316871399975
6607,6.53370076391257
6608,6.53423281382539
6609,6.53476486373821
6610,6.53529691365103
6611,6.53582896356385
6612,6.53636101347667
6613,6.53689306338949
6614,6.5374251133023105
6615,6.53795716321513
6616,6.53848921312795
6617,6.5390212630407705
6618,6.53955331295359
6619,6.54008536286641
6620,6.5406174127792305
6621,6.54114946269205
6622,6.54168151260487
6623,6.5422135625176905
6624,6.54274561243051
6625,6.54327766234333
6626,6.5438097122561505
6627,6.544341762168971
6628,6.54487381208179
6629,6.5454058619946105
6630,6.545937911907431
6631,6.54646996182025
6632,6.5470020117330705
6633,6.547534061645891
6634,6.54806611155871
6635,6.5485981614715305
6636,6.549130211384351
6637,6.54966226129718
6638,6.55019431121
6639,6.550726361122811
6640,6.55125841103563
6641,6.5517904609484505
6642,6.552322510861271
6643,6.55285456077409
6644,6.55338661068692
6645,6.553918660599741
6646,6.554450710512549
6647,6.55498276042538
6648,6.555514810338201
6649,6.556046860251009
6650,6.55657891016384
6651,6.557110960076661
6652,6.557643009989481
6653,6.5581750599023
6654,6.558707109815121
6655,6.559239159727929
6656,6.55977120964076
6657,6.560303259553581
6658,6.560835309466399
6659,6.561367359379219
6660,6.56189940929204
6661,6.562431459204859
6662,6.5629635091176795
6663,6.5634955590305
6664,6.564027608943319
6665,6.5645596588561395
6666,6.56509170876896
6667,6.565623758681779
6668,6.5661558085945995
6669,6.56668785850742
6670,6.567219908420239
6671,6.5677519583330595
6672,6.56828400824588
6673,6.568816058158699
6674,6.5693481080715195
6675,6.56988015798434
6676,6.57041220789716
6677,6.5709442578099795
6678,6.5714763077228
6679,6.57200835763562
6680,6.5725404075484395
6681,6.57307245746126
6682,6.57360450737408
6683,6.5741365572868995
6684,6.57466860719972
6685,6.57520065711254
6686,6.5757327070253595
6687,6.57626475693818
6688,6.576796806851
6689,6.57732885676382
6690,6.57786090667664
6691,6.57839295658946
6692,6.57892500650228
6693,6.5794570564151
6694,6.57998910632792
6695,6.58052115624074
6696,6.58105320615356
6697,6.58158525606638
6698,6.5821173059792
6699,6.58264935589202
6700,6.58318140580484
6701,6.58371345571766
6702,6.58424550563048
6703,6.5847775555433
6704,6.58530960545612
6705,6.58584165536894
6706,6.58637370528176
6707,6.58690575519458
6708,6.587437805107401
6709,6.58796985502022
6710,6.58850190493304
6711,6.589033954845861
6712,6.58956600475868
6713,6.5900980546715004
6714,6.590630104584321
6715,6.59116215449714
6716,6.5916942044099605
6717,6.592226254322781
6718,6.5927583042356
6719,6.5932903541484205
6720,6.593822404061241
6721,6.594354453974061
6722,6.5948865038868805
6723,6.595418553799701
6724,6.595950603712521
6725,6.59648265362534
6726,6.597014703538159
6727,6.597546753450979
6728,6.5980788033638
6729,6.598610853276619
6730,6.599142903189439
6731,6.59967495310226
6732,6.600207003015079
6733,6.600739052927899
6734,6.60127110284072
6735,6.60180315275354
6736,6.602335202666359
6737,6.60286725257918
6738,6.603399302492011
6739,6.603931352404829
6740,6.604463402317649
6741,6.60499545223047
6742,6.605527502143289
6743,6.606059552056109
6744,6.60659160196893
6745,6.607123651881749
6746,6.607655701794569
6747,6.60818775170739
6748,6.6087198016202
6749,6.609251851533029
6750,6.60978390144585
6751,6.61031595135867
6752,6.610848001271489
6753,6.61138005118431
6754,6.61191210109713
6755,6.612444151009949
6756,6.61297620092277
6757,6.61350825083559
6758,6.614040300748409
6759,6.61457235066123
6760,6.61510440057405
6761,6.615636450486869
6762,6.61616850039969
6763,6.61670055031251
6764,6.617232600225329
6765,6.61776465013815
6766,6.61829670005097
6767,6.6188287499637894
6768,6.61936079987661
6769,6.61989284978943
6770,6.62042489970225
6771,6.62095694961507
6772,6.62148899952789
6773,6.62202104944071
6774,6.62255309935353
6775,6.62308514926635
6776,6.62361719917917
6777,6.62414924909199
6778,6.62468129900481
6779,6.62521334891763
6780,6.62574539883045
6781,6.62627744874327
6782,6.62680949865609
6783,6.627341548568911
6784,6.62787359848173
6785,6.62840564839455
6786,6.628937698307371
6787,6.62946974822019
6788,6.63000179813301
6789,6.630533848045831
6790,6.63106589795865
6791,6.63159794787147
6792,6.632129997784291
6793,6.63266204769711
6794,6.63319409760993
6795,6.633726147522751
6796,6.63425819743557
6797,6.63479024734839
6798,6.635322297261211
6799,6.63585434717403
6800,6.63638639708685
6801,6.636918446999671
6802,6.637450496912491
6803,6.63798254682531
6804,6.638514596738131
6805,6.639046646650951
6806,6.6395786965637695
6807,6.640110746476589
6808,6.640642796389409
6809,6.6411748463022295
6810,6.64170689621505
6811,6.642238946127869
6812,6.6427709960406895
6813,6.64330304595351
6814,6.643835095866329
6815,6.6443671457791496
6816,6.64489919569197
6817,6.645431245604789
6818,6.64596329551761
6819,6.64649534543043
6820,6.647027395343249
6821,6.64755944525607
6822,6.64809149516889
6823,6.648623545081709
6824,6.64915559499453
6825,6.64968764490735
6826,6.650219694820169
6827,6.65075174473299
6828,6.65128379464581
6829,6.65181584455863
6830,6.65234789447145
6831,6.65287994438427
6832,6.65341199429709
6833,6.65394404420991
6834,6.65447609412273
6835,6.65500814403556
6836,6.65554019394837
6837,6.65607224386119
6838,6.65660429377401
6839,6.65713634368683
6840,6.65766839359965
6841,6.65820044351248
6842,6.6587324934252905
6843,6.65926454333812
6844,6.65979659325093
6845,6.66032864316376
6846,6.66086069307658
6847,6.6613927429894
6848,6.66192479290222
6849,6.66245684281504
6850,6.66298889272786
6851,6.66352094264068
6852,6.66405299255349
6853,6.66458504246631
6854,6.66511709237914
6855,6.66564914229195
6856,6.66618119220477
6857,6.6667132421176
6858,6.66724529203042
6859,6.66777734194324
6860,6.66830939185606
6861,6.66884144176888
6862,6.6693734916817
6863,6.66990554159452
6864,6.670437591507341
6865,6.67096964142016
6866,6.67150169133298
6867,6.672033741245801
6868,6.67256579115862
6869,6.67309784107144
6870,6.673629890984261
6871,6.67416194089708
6872,6.6746939908099
6873,6.675226040722721
6874,6.67575809063554
6875,6.67629014054836
6876,6.676822190461181
6877,6.677354240374001
6878,6.67788629028682
6879,6.678418340199641
6880,6.678950390112461
6881,6.67948244002528
6882,6.680014489938101
6883,6.680546539850921
6884,6.68107858976374
6885,6.681610639676561
6886,6.682142689589381
6887,6.6826747395021995
6888,6.683206789415019
6889,6.683738839327839
6890,6.6842708892406595
6891,6.68480293915348
6892,6.685334989066299
6893,6.6858670389791195
6894,6.68639908889194
6895,6.686931138804759
6896,6.6874631887175795
6897,6.6879952386304
6898,6.688527288543219
6899,6.6890593384560395
6900,6.68959138836886
6901,6.690123438281679
6902,6.6906554881944995
6903,6.69118753810732
6904,6.69171958802014
6905,6.6922516379329595
6906,6.69278368784578
6907,6.6933157377586
6908,6.6938477876714195
6909,6.69437983758424
6910,6.69491188749706
6911,6.6954439374098795
6912,6.6959759873227
6913,6.69650803723552
6914,6.6970400871483395
6915,6.69757213706116
6916,6.69810418697398
6917,6.6986362368867995
6918,6.69916828679962
6919,6.69970033671244
6920,6.7002323866252596
6921,6.70076443653808
6922,6.7012964864509
6923,6.7018285363637204
6924,6.70236058627654
6925,6.70289263618936
6926,6.7034246861021805
6927,6.703956736015
6928,6.70448878592782
6929,6.7050208358406405
6930,6.70555288575346
6931,6.70608493566629
6932,6.7066169855791005
6933,6.70714903549192
6934,6.70768108540474
6935,6.7082131353175605
6936,6.708745185230381
6937,6.7092772351432
6938,6.7098092850560205
6939,6.7103413349688505
6940,6.71087338488167
6941,6.7114054347944805
6942,6.711937484707301
6943,6.71246953462012
6944,6.7130015845329405
6945,6.713533634445771
6946,6.71406568435858
6947,6.71459773427141
6948,6.715129784184231
6949,6.71566183409705
6950,6.71619388400987
6951,6.716725933922691
6952,6.71725798383551
6953,6.71779003374833
6954,6.718322083661151
6955,6.71885413357397
6956,6.71938618348679
6957,6.719918233399611
6958,6.720450283312431
6959,6.72098233322525
6960,6.721514383138071
6961,6.722046433050891
6962,6.72257848296371
6963,6.723110532876531
6964,6.723642582789351
6965,6.72417463270217
6966,6.724706682614991
6967,6.725238732527811
6968,6.725770782440629
6969,6.72630283235345
6970,6.726834882266269
6971,6.727366932179089
6972,6.72789898209191
6973,6.728431032004729
6974,6.728963081917549
6975,6.72949513183037
6976,6.730027181743189
6977,6.7305592316560094
6978,6.73109128156883
6979,6.731623331481649
6980,6.7321553813944695
6981,6.73268743130729
6982,6.733219481220109
6983,6.7337515311329295
6984,6.73428358104575
6985,6.73481563095857
6986,6.7353476808713895
6987,6.73587973078421
6988,6.73641178069703
6989,6.7369438306098495
6990,6.73747588052267
6991,6.73800793043549
6992,6.7385399803483095
6993,6.73907203026113
6994,6.73960408017395
6995,6.7401361300867695
6996,6.74066817999959
6997,6.74120022991241
6998,6.74173227982523
6999,6.74226432973805
7000,6.74279637965087
7001,6.74332842956369
7002,6.74386047947651
7003,6.74439252938933
7004,6.74492457930215
7005,6.74545662921497
7006,6.74598867912779
7007,6.74652072904061
7008,6.74705277895343
7009,6.74758482886625
7010,6.74811687877907
7011,6.74864892869189
7012,6.74918097860471
7013,6.74971302851753
7014,6.75024507843035
7015,6.75077712834317
7016,6.75130917825599
7017,6.751841228168811
7018,6.75237327808163
7019,6.75290532799445
7020,6.753437377907271
7021,6.75396942782009
7022,6.75450147773291
7023,6.755033527645731
7024,6.75556557755855
7025,6.75609762747137
7026,6.756629677384191
7027,6.75716172729701
7028,6.75769377720983
7029,6.758225827122651
7030,6.758757877035471
7031,6.7592899269482905
7032,6.759821976861111
7033,6.760354026773931
7034,6.7608860766867505
7035,6.761418126599569
7036,6.761950176512389
7037,6.76248222642521
7038,6.763014276338029
7039,6.763546326250849
7040,6.76407837616368
7041,6.764610426076489
7042,6.765142475989309
7043,6.76567452590213
7044,6.76620657581495
7045,6.766738625727769
7046,6.76727067564059
7047,6.76780272555341
7048,6.768334775466241
7049,6.76886682537905
7050,6.76939887529188
7051,6.769930925204689
7052,6.770462975117519
7053,6.77099502503034
7054,6.771527074943149
7055,6.772059124855979
7056,6.7725911747688
7057,6.773123224681619
7058,6.773655274594439
7059,6.77418732450726
7060,6.77471937442008
7061,6.775251424332899
7062,6.77578347424572
7063,6.77631552415854
7064,6.776847574071359
7065,6.77737962398418
7066,6.777911673897
7067,6.778443723809819
7068,6.77897577372264
7069,6.77950782363546
7070,6.780039873548279
7071,6.7805719234611
7072,6.78110397337392
7073,6.781636023286739
7074,6.78216807319956
7075,6.78270012311238
7076,6.783232173025199
7077,6.78376422293802
7078,6.78429627285084
7079,6.78482832276366
7080,6.78536037267648
7081,6.7858924225893
7082,6.78642447250212
7083,6.78695652241494
7084,6.78748857232776
7085,6.78802062224058
7086,6.7885526721534
7087,6.78908472206622
7088,6.78961677197904
7089,6.79014882189186
7090,6.79068087180468
7091,6.7912129217175
7092,6.791744971630321
7093,6.79227702154314
7094,6.79280907145596
7095,6.793341121368781
7096,6.7938731712816
7097,6.79440522119442
7098,6.794937271107241
7099,6.79546932102006
7100,6.79600137093288
7101,6.796533420845701
7102,6.79706547075852
7103,6.79759752067134
7104,6.798129570584161
7105,6.79866162049698
7106,6.7991936704098
7107,6.799725720322621
7108,6.80025777023544
7109,6.80078982014826
7110,6.801321870061081
7111,6.801853919973901
7112,6.80238596988672
7113,6.802918019799541
7114,6.803450069712361
7115,6.80398211962518
7116,6.804514169537999
7117,6.805046219450819
7118,6.8055782693636395
7119,6.80611031927646
7120,6.806642369189279
7121,6.8071744191020995
7122,6.80770646901492
7123,6.808238518927739
7124,6.8087705688405595
7125,6.80930261875338
7126,6.809834668666199
7127,6.8103667185790195
7128,6.81089876849184
7129,6.811430818404659
7130,6.8119628683174795
7131,6.8124949182303
7132,6.813026968143129
7133,6.813559018055949
7134,6.81409106796876
7135,6.814623117881579
7136,6.8151551677944
7137,6.81568721770722
7138,6.81621926762004
7139,6.81675131753286
7140,6.81728336744569
7141,6.8178154173585
7142,6.818347467271329
7143,6.81887951718415
7144,6.81941156709697
7145,6.81994361700978
7146,6.82047566692261
7147,6.82100771683543
7148,6.821539766748249
7149,6.82207181666107
7150,6.82260386657389
7151,6.823135916486709
7152,6.82366796639952
7153,6.82420001631235
7154,6.82473206622517
7155,6.82526411613798
7156,6.8257961660508
7157,6.82632821596363
7158,6.82686026587645
7159,6.82739231578927
7160,6.82792436570209
7161,6.82845641561491
7162,6.82898846552773
7163,6.82952051544055
7164,6.83005256535337
7165,6.83058461526619
7166,6.83111666517901
7167,6.83164871509183
7168,6.83218076500465
7169,6.83271281491747
7170,6.83324486483029
7171,6.83377691474311
7172,6.83430896465593
7173,6.834841014568751
7174,6.83537306448157
7175,6.83590511439439
7176,6.836437164307211
7177,6.83696921422003
7178,6.83750126413285
7179,6.838033314045671
7180,6.83856536395849
7181,6.83909741387131
7182,6.839629463784131
7183,6.84016151369695
7184,6.84069356360977
7185,6.841225613522591
7186,6.841757663435411
7187,6.84228971334823
7188,6.842821763261051
7189,6.843353813173871
7190,6.84388586308669
7191,6.844417912999511
7192,6.844949962912331
7193,6.84548201282515
7194,6.846014062737971
7195,6.846546112650791
7196,6.84707816256361
7197,6.847610212476429
7198,6.848142262389249
7199,6.8486743123020695
7200,6.84920636221489
7201,6.849738412127709
7202,6.8502704620405295
7203,6.85080251195335
7204,6.851334561866169
7205,6.8518666117789895
7206,6.85239866169181
7207,6.852930711604629
7208,6.8534627615174495
7209,6.85399481143027
7210,6.854526861343089
7211,6.8550589112559095
7212,6.85559096116873
7213,6.85612301108155
7214,6.8566550609943695
7215,6.85718711090719
7216,6.85771916082001
7217,6.8582512107328295
7218,6.85878326064565
7219,6.85931531055847
7220,6.8598473604712895
7221,6.86037941038411
7222,6.86091146029693
7223,6.8614435102097495
7224,6.86197556012257
7225,6.86250761003539
7226,6.8630396599482095
7227,6.86357170986103
7228,6.86410375977385
7229,6.8646358096866695
7230,6.86516785959949
7231,6.86569990951232
7232,6.86623195942513
7233,6.86676400933795
7234,6.86729605925077
7235,6.86782810916359
7236,6.86836015907642
7237,6.86889220898923
7238,6.86942425890205
7239,6.86995630881487
7240,6.87048835872769
7241,6.8710204086405104
7242,6.87155245855333
7243,6.87208450846615
7244,6.8726165583789705
7245,6.873148608291791
7246,6.87368065820462
7247,6.8742127081174305
7248,6.8747447580302605
7249,6.87527680794308
7250,6.8758088578558905
7251,6.876340907768711
7252,6.87687295768153
7253,6.87740500759436
7254,6.877937057507171
7255,6.87846910741999
7256,6.87900115733282
7257,6.8795332072456405
7258,6.88006525715846
7259,6.88059730707128
7260,6.8811293569841006
7261,6.88166140689692
7262,6.8821934568097305
7263,6.882725506722561
7264,6.883257556635369
7265,6.8837896065482
7266,6.884321656461021
7267,6.884853706373841
7268,6.88538575628666
7269,6.885917806199481
7270,6.886449856112301
7271,6.88698190602512
7272,6.887513955937941
7273,6.888046005850761
7274,6.88857805576358
7275,6.889110105676401
7276,6.889642155589221
7277,6.89017420550204
7278,6.89070625541486
7279,6.891238305327679
7280,6.891770355240499
7281,6.89230240515332
7282,6.892834455066139
7283,6.893366504978959
7284,6.89389855489178
7285,6.894430604804599
7286,6.894962654717419
7287,6.89549470463024
7288,6.896026754543059
7289,6.896558804455879
7290,6.8970908543687
7291,6.897622904281519
7292,6.898154954194339
7293,6.89868700410716
7294,6.89921905401998
7295,6.8997511039327994
7296,6.90028315384562
7297,6.90081520375844
7298,6.9013472536712595
7299,6.90187930358408
7300,6.9024113534969
7301,6.9029434034097195
7302,6.90347545332254
7303,6.90400750323536
7304,6.9045395531481795
7305,6.905071603061
7306,6.90560365297382
7307,6.90613570288664
7308,6.90666775279946
7309,6.90719980271228
7310,6.90768524834284
7311,6.908170693973389
7312,6.908656139603949
7313,6.90914158523451
7314,6.90962703086507
7315,6.91011247649562
7316,6.91059792212618
7317,6.91108336775674
7318,6.911568813387289
7319,6.912054259017849
7320,6.91253970464841
7321,6.91302515027896
7322,6.9135105959095196
7323,6.91399604154008
7324,6.91448148717063
7325,6.914966932801191
7326,6.915452378431749
7327,6.9159378240623095
7328,6.91642326969286
7329,6.916908715323419
7330,6.91739416095398
7331,6.91787960658453
7332,6.918365052215091
7333,6.918850497845649
7334,6.9193359434762
7335,6.91982138910676
7336,6.92030683473732
7337,6.92079228036787
7338,6.92127772599843
7339,6.9217631716289905
7340,6.922248617259549
7341,6.9227340628900995
7342,6.92321950852066
7343,6.9237049541512095
7344,6.92419039978177
7345,6.92467584541233
7346,6.92516129104289
7347,6.925646736673439
7348,6.926132182303999
7349,6.92661762793456
7350,6.92710307356511
7351,6.92758851919567
7352,6.92807396482623
7353,6.9285594104567805
7354,6.929044856087339
7355,6.929530301717899
7356,6.930015747348451
7357,6.93050119297901
7358,6.9309866386095695
7359,6.93147208424013
7360,6.93195752987068
7361,6.932442975501241
7362,6.932928421131799
7363,6.933413866762351
7364,6.93389931239291
7365,6.934384758023469
7366,6.93487020365402
7367,6.93535564928458
7368,6.935841094915141
7369,6.936326540545689
7370,6.9368119861762505
7371,6.93729743180681
7372,6.9377828774373596
7373,6.93826832306792
7374,6.93875376869848
7375,6.9392392143290405
7376,6.939724659959589
7377,6.94021010559015
7378,6.940695551220701
7379,6.941180996851259
7380,6.94166644248182
7381,6.94215188811238
7382,6.942637333742931
7383,6.943122779373489
7384,6.94360822500405
7385,6.944093670634601
7386,6.944579116265159
7387,6.94506456189572
7388,6.94555000752628
7389,6.9460354531568305
7390,6.946520898787389
7391,6.94700634441795
7392,6.947491790048501
7393,6.947977235679061
7394,6.9484626813096195
7395,6.94894812694017
7396,6.94943357257073
7397,6.949919018201289
7398,6.95040446383184
7399,6.950889909462401
7400,6.951375355092961
7401,6.951860800723519
7402,6.95234624635407
7403,6.95283169198463
7404,6.95331713761518
7405,6.95380258324574
7406,6.9542880288763005
7407,6.954773474506861
7408,6.9552589201374095
7409,6.95574436576797
7410,6.95622981139853
7411,6.95671525702908
7412,6.95720070265964
7413,6.9576861482902
7414,6.958171593920761
7415,6.958657039551309
7416,6.95914248518187
7417,6.95962793081242
7418,6.960113376442981
7419,6.96059882207354
7420,6.9610842677041
7421,6.961569713334651
7422,6.962055158965209
7423,6.96254060459577
7424,6.96302605022632
7425,6.9635114958568805
7426,6.96399694148744
7427,6.964482387118
7428,6.964967832748551
7429,6.965453278379111
7430,6.96593872400966
7431,6.96642416964022
7432,6.96690961527078
7433,6.96739506090134
7434,6.96788050653189
7435,6.968365952162451
7436,6.968851397792999
7437,6.96933684342356
7438,6.96982228905412
7439,6.97030773468468
7440,6.97079318031523
7441,6.97127862594579
7442,6.9717640715763505
7443,6.972249517206899
7444,6.9727349628374595
7445,6.97322040846802
7446,6.97370585409857
7447,6.97419129972913
7448,6.97467674535969
7449,6.975162190990241
7450,6.975647636620801
7451,6.976133082251359
7452,6.97661852788192
7453,6.97710397351247
7454,6.97758941914303
7455,6.97807486477359
7456,6.9785603104041405
7457,6.979045756034701
7458,6.979531201665259
7459,6.98001664729581
7460,6.98050209292637
7461,6.98098753855693
7462,6.98147298418748
7463,6.98195842981804
7464,6.982443875448601
7465,6.982929321079159
7466,6.98341476670971
7467,6.98390021234027
7468,6.98438565797083
7469,6.98487110360138
7470,6.98535654923194
7471,6.985841994862491
7472,6.986327440493049
7473,6.98681288612361
7474,6.98729833175417
7475,6.9877837773847205
7476,6.98826922301528
7477,6.98875466864584
7478,6.989240114276391
7479,6.989725559906949
7480,6.9902110055375095
7481,6.99069645116807
7482,6.99118189679862
7483,6.99166734242918
7484,6.99215278805974
7485,6.992638233690291
7486,6.993123679320851
7487,6.993609124951409
7488,6.99409457058196
7489,6.99458001621252
7490,6.99506546184308
7491,6.99555090747363
7492,6.9960363531041905
7493,6.996521798734751
7494,6.997007244365309
7495,6.99749268999586
7496,6.99797813562642
7497,6.99846358125697
7498,6.99894902688753
7499,6.99943447251809
7500,6.999919918148639
7501,7.000405363779199
7502,7.00089080940976
7503,7.00137625504032
7504,7.00186170067088
7505,7.00234714630143
7506,7.00283259193199
7507,7.003318037562541
7508,7.003803483193099
7509,7.00428892882366
7510,7.00477437445422
7511,7.0052598200847696
7512,7.00574526571533
7513,7.00623071134588
7514,7.006716156976441
7515,7.007201602606999
7516,7.0076870482375595
7517,7.00817249386811
7518,7.00865793949867
7519,7.00914338512923
7520,7.00962883075978
7521,7.010114276390341
7522,7.010599722020899
7523,7.01108516765145
7524,7.01157061328201
7525,7.01205605891257
7526,7.01254150454312
7527,7.01302695017368
7528,7.0135123958042405
7529,7.013997841434789
7530,7.0144832870653495
7531,7.01496873269591
7532,7.01545417832647
7533,7.01593962395702
7534,7.01642506958758
7535,7.01691051521814
7536,7.017395960848689
7537,7.017881406479249
7538,7.01836685210981
7539,7.01885229774036
7540,7.01933774337092
7541,7.01982318900148
7542,7.0203086346320305
7543,7.020794080262591
7544,7.021279525893149
7545,7.02176497152371
7546,7.02225041715426
7547,7.0227358627848195
7548,7.02322130841538
7549,7.02370675404594
7550,7.024192199676491
7551,7.024677645307049
7552,7.0251630909376
7553,7.02564853656816
7554,7.02613398219872
7555,7.02661942782927
7556,7.02710487345983
7557,7.027590319090391
7558,7.028075764720939
7559,7.0285612103515
7560,7.02904665598206
7561,7.0295321016126096
7562,7.03001754724317
7563,7.03050299287373
7564,7.030988438504281
7565,7.031473884134839
7566,7.0319593297653995
7567,7.03244477539596
7568,7.032930221026509
7569,7.03341566665707
7570,7.03390111228763
7571,7.034386557918181
7572,7.034872003548739
7573,7.035357449179299
7574,7.03584289480986
7575,7.03632834044041
7576,7.03681378607097
7577,7.03729923170153
7578,7.0377846773320805
7579,7.038270122962639
7580,7.038755568593199
7581,7.03924101422375
7582,7.03972645985431
7583,7.0402119054848695
7584,7.04069735111542
7585,7.04118279674598
7586,7.041668242376541
7587,7.042153688007089
7588,7.04263913363765
7589,7.04312457926821
7590,7.043610024898769
7591,7.04409547052932
7592,7.04458091615988
7593,7.045066361790429
7594,7.045551807420989
7595,7.04603725305155
7596,7.04652269868211
7597,7.0470081443126595
7598,7.04749358994322
7599,7.04797903557378
7600,7.048464481204331
7601,7.048949926834889
7602,7.0494353724654495
7603,7.049920818096
7604,7.050406263726559
7605,7.05089170935712
7606,7.05137715498768
7607,7.051862600618231
7608,7.052348046248789
7609,7.052833491879349
7610,7.0533189375099
7611,7.053804383140461
7612,7.05428982877102
7613,7.05477527440157
7614,7.0552607200321305
7615,7.055746165662689
7616,7.05623161129324
7617,7.0567170569238
7618,7.057202502554361
7619,7.0576879481849195
7620,7.05817339381547
7621,7.05865883944603
7622,7.059144285076591
7623,7.05962973070714
7624,7.0601151763377
7625,7.060600621968261
7626,7.06108606759881
7627,7.06157151322937
7628,7.06205695885993
7629,7.062542404490479
7630,7.06302785012104
7631,7.0635132957516
7632,7.063998741382151
7633,7.0644841870127095
7634,7.06496963264327
7635,7.06545507827383
7636,7.065940523904379
7637,7.06642596953494
7638,7.0669114151654995
7639,7.067396860796051
7640,7.067882306426609
7641,7.06836775205717
7642,7.06885319768772
7643,7.0693386433182805
7644,7.06982408894884
7645,7.0703095345793905
7646,7.070794980209951
7647,7.071280425840509
7648,7.07176587147107
7649,7.07225131710162
7650,7.07273676273218
7651,7.07322220836274
7652,7.07370765399329
7653,7.074193099623851
7654,7.074678545254411
7655,7.07516399088496
7656,7.07564943651552
7657,7.07613488214608
7658,7.07662032777663
7659,7.07710577340719
7660,7.077591219037751
7661,7.078076664668299
7662,7.07856211029886
7663,7.07904755592942
7664,7.07953300155998
7665,7.08001844719053
7666,7.08050389282109
7667,7.0809893384516505
7668,7.081474784082201
7669,7.0819602297127595
7670,7.08244567534332
7671,7.08293112097387
7672,7.08341656660443
7673,7.08390201223499
7674,7.084387457865541
7675,7.084872903496101
7676,7.085358349126659
7677,7.08584379475721
7678,7.08632924038777
7679,7.0868146860183305
7680,7.08730013164889
7681,7.0877855772794405
7682,7.088271022910001
7683,7.088756468540559
7684,7.08924191417111
7685,7.08972735980167
7686,7.09021280543223
7687,7.09069825106278
7688,7.09118369669334
7689,7.091669142323901
7690,7.092154587954449
7691,7.09264003358501
7692,7.09312547921557
7693,7.09361092484612
7694,7.09409637047668
7695,7.09458181610724
7696,7.095067261737801
7697,7.095552707368349
7698,7.09603815299891
7699,7.09652359862947
7700,7.09700904426002
7701,7.09749448989058
7702,7.09797993552113
7703,7.098465381151691
7704,7.098950826782249
7705,7.0994362724128095
7706,7.09992171804336
7707,7.10040716367392
7708,7.10089260930448
7709,7.10137805493504
7710,7.101863500565591
7711,7.102348946196151
7712,7.102834391826709
7713,7.10331983745726
7714,7.10380528308782
7715,7.1042907287183805
7716,7.10477617434893
7717,7.1052616199794905
7718,7.105747065610051
7719,7.1062325112405995
7720,7.10671795687116
7721,7.10720340250172
7722,7.10768884813227
7723,7.10817429376283
7724,7.10865973939339
7725,7.109145185023941
7726,7.109630630654499
7727,7.11011607628506
7728,7.11060152191562
7729,7.11108696754617
7730,7.11157241317673
7731,7.11205785880729
7732,7.112543304437841
7733,7.113028750068399
7734,7.11351419569896
7735,7.11399964132951
7736,7.11448508696007
7737,7.11497053259063
7738,7.11545597822118
7739,7.115941423851741
7740,7.116426869482299
7741,7.1169123151128595
7742,7.11739776074341
7743,7.11788320637397
7744,7.11836865200452
7745,7.11885409763508
7746,7.119339543265641
7747,7.119824988896189
7748,7.12031043452675
7749,7.12079588015731
7750,7.12128132578787
7751,7.12176677141842
7752,7.12225221704898
7753,7.1227376626795404
7754,7.123223108310089
7755,7.1237085539406495
7756,7.12419399957121
7757,7.12467944520176
7758,7.12516489083232
7759,7.12565033646288
7760,7.12613578209344
7761,7.126621227723989
7762,7.127106673354549
7763,7.12759211898511
7764,7.12807756461566
7765,7.12856301024622
7766,7.12904845587678
7767,7.1295339015073305
7768,7.130019347137891
7769,7.130504792768449
7770,7.130990238399
7771,7.13147568402956
7772,7.13196112966012
7773,7.13244657529068
7774,7.13293202092123
7775,7.133417466551791
7776,7.133902912182349
7777,7.1343883578129
7778,7.13487380344346
7779,7.13535924907401
7780,7.13584469470457
7781,7.13633014033513
7782,7.1368155859656905
7783,7.137301031596239
7784,7.1377864772268
7785,7.13827192285736
7786,7.1387573684879095
7787,7.13924281411847
7788,7.13972825974903
7789,7.140213705379581
7790,7.140699151010139
7791,7.1411845966406995
7792,7.14167004227126
7793,7.14215548790181
7794,7.14264093353237
7795,7.14312637916293
7796,7.143611824793481
7797,7.144097270424039
7798,7.144582716054599
7799,7.14506816168515
7800,7.14555360731571
7801,7.14603905294627
7802,7.14652449857683
7803,7.1470099442073804
7804,7.147495389837941
7805,7.147980835468499
7806,7.14846628109905
7807,7.14895172672961
7808,7.1494371723601695
7809,7.14992261799072
7810,7.15040806362128
7811,7.150893509251841
7812,7.151378954882389
7813,7.15186440051295
7814,7.15234984614351
7815,7.15283529177406
7816,7.15332073740462
7817,7.15380618303518
7818,7.154291628665729
7819,7.154777074296289
7820,7.15526251992685
7821,7.15574796555741
7822,7.1562334111879595
7823,7.15671885681852
7824,7.15720430244908
7825,7.157689748079631
7826,7.158175193710189
7827,7.1586606393407495
7828,7.1591460849713
7829,7.159631530601859
7830,7.16011697623242
7831,7.16060242186298
7832,7.1610878674935305
7833,7.161573313124089
7834,7.162058758754649
7835,7.1625442043852
7836,7.16302965001576
7837,7.16351509564632
7838,7.16400054127687
7839,7.16448598690743
7840,7.164971432537991
7841,7.165456878168549
7842,7.1659423237991
7843,7.16642776942966
7844,7.16691321506021
7845,7.16739866069077
7846,7.16788410632133
7847,7.168369551951891
7848,7.168854997582439
7849,7.169340443213
7850,7.169825888843551
7851,7.17031133447411
7852,7.17079678010467
7853,7.17128222573523
7854,7.171767671365779
7855,7.172253116996339
7856,7.1727385626269
7857,7.173224008257451
7858,7.1737094538880095
7859,7.17419489951857
7860,7.17468034514912
7861,7.175165790779681
7862,7.175651236410239
7863,7.17613668204079
7864,7.176622127671351
7865,7.177107573301909
7866,7.17759301893247
7867,7.17807846456302
7868,7.1785639101935805
7869,7.179049355824139
7870,7.17953480145469
7871,7.180020247085251
7872,7.18050569271581
7873,7.18099113834636
7874,7.18147658397692
7875,7.18196202960748
7876,7.182447475238039
7877,7.1829329208685895
7878,7.183418366499151
7879,7.183903812129699
7880,7.18438925776026
7881,7.18487470339082
7882,7.18536014902138
7883,7.18584559465193
7884,7.186331040282489
7885,7.186816485913051
7886,7.187301931543599
7887,7.18778737717416
7888,7.18827282280472
7889,7.18875826843527
7890,7.18924371406583
7891,7.189729159696389
7892,7.190214605326941
7893,7.190700050957501
7894,7.1911854965880595
7895,7.19167094221862
7896,7.19215638784917
7897,7.192641833479731
7898,7.193127279110289
7899,7.193612724740841
7900,7.194098170371401
7901,7.194583616001959
7902,7.19506906163251
7903,7.19555450726307
7904,7.1960399528936305
7905,7.19652539852418
7906,7.1970108441547405
7907,7.197496289785301
7908,7.1979817354158495
7909,7.19846718104641
7910,7.19895262667697
7911,7.19943807230752
7912,7.19992351793808
7913,7.20040896356864
7914,7.200894409199201
7915,7.201379854829749
7916,7.20186530046031
7917,7.20235074609087
7918,7.2028361917214205
7919,7.20332163735198
7920,7.20380708298254
7921,7.2042925286131005
7922,7.204777974243649
7923,7.20526341987421
7924,7.20574886550476
7925,7.20623431113532
7926,7.20671975676588
7927,7.20720520239644
7928,7.207690648026991
7929,7.208176093657551
7930,7.2086615392881095
7931,7.20914698491866
7932,7.20963243054922
7933,7.21011787617978
7934,7.21060332181033
7935,7.211088767440891
7936,7.211574213071451
7937,7.212059658702
7938,7.21254510433256
7939,7.21303054996312
7940,7.21351599559367
7941,7.21400144122423
7942,7.2144868868547904
7943,7.214972332485351
7944,7.2154577781158995
7945,7.21594322374646
7946,7.21642866937701
7947,7.21691411500757
7948,7.21739956063813
7949,7.21788500626869
7950,7.218370451899241
7951,7.218855897529799
7952,7.21934134316036
7953,7.21982678879091
7954,7.2203122344214705
7955,7.22079768005203
7956,7.22128312568259
7957,7.221768571313141
7958,7.222254016943699
7959,7.22273946257426
7960,7.22322490820481
7961,7.22371035383537
7962,7.22419579946593
7963,7.22468124509648
7964,7.225166690727041
7965,7.225652136357601
7966,7.22613758198815
7967,7.22662302761871
7968,7.22710847324927
7969,7.22759391887983
7970,7.22807936451038
7971,7.2285648101409405
7972,7.229050255771489
7973,7.22953570140205
7974,7.23002114703261
7975,7.23050659266317
7976,7.23099203829372
7977,7.23147748392428
7978,7.23196292955484
7979,7.232448375185389
7980,7.2329338208159495
7981,7.23341926644651
7982,7.23390471207706
7983,7.23439015770762
7984,7.23487560333818
7985,7.235361048968731
7986,7.235846494599291
7987,7.236331940229849
7988,7.2368173858604
7989,7.23730283149096
7990,7.23778827712152
7991,7.23827372275208
7992,7.2387591683826304
7993,7.239244614013191
7994,7.239730059643749
7995,7.2402155052743
7996,7.24070095090486
7997,7.24118639653542
7998,7.24167184216598
7999,7.24215728779653
8000,7.242642733427091
8001,7.243128179057639
8002,7.2436136246882
8003,7.24409907031876
8004,7.24458451594932
8005,7.24506996157987
8006,7.24555540721043
8007,7.2460408528409905
8008,7.246526298471539
8009,7.2470117441021
8010,7.24749718973266
8011,7.24798263536321
8012,7.24846808099377
8013,7.24895352662433
8014,7.24943897225489
8015,7.249924417885439
8016,7.2504098635159995
8017,7.25089530914656
8018,7.25138075477711
8019,7.25186620040767
8020,7.25235164603823
8021,7.2528370916687805
8022,7.253322537299341
8023,7.253807982929899
8024,7.25429342856045
8025,7.25477887419101
8026,7.25526431982157
8027,7.25574976545212
8028,7.25623521108268
8029,7.256720656713241
8030,7.257206102343799
8031,7.25769154797435
8032,7.25817699360491
8033,7.25866243923546
8034,7.25914788486602
8035,7.25963333049658
8036,7.260118776127141
8037,7.260604221757689
8038,7.26108966738825
8039,7.26157511301881
8040,7.26206055864936
8041,7.26254600427992
8042,7.26303144991048
8043,7.263516895541031
8044,7.264002341171589
8045,7.26448778680215
8046,7.2649732324327
8047,7.2654586780632595
8048,7.26594412369382
8049,7.26642956932437
8050,7.266915014954931
8051,7.267400460585489
8052,7.26788590621604
8053,7.2683713518466
8054,7.26885679747716
8055,7.26934224310772
8056,7.26982768873828
8057,7.2703131343688305
8058,7.270798579999389
8059,7.27128402562994
8060,7.2717694712605
8061,7.27225491689106
8062,7.27274036252162
8063,7.27322580815217
8064,7.27371125378273
8065,7.274196699413279
8066,7.2746821450438395
8067,7.2751675906744
8068,7.27565303630496
8069,7.27613848193551
8070,7.27662392756607
8071,7.27710937319663
8072,7.277594818827179
8073,7.278080264457739
8074,7.2785657100883
8075,7.27905115571886
8076,7.27953660134941
8077,7.28002204697997
8078,7.28050749261053
8079,7.280992938241081
8080,7.281478383871639
8081,7.2819638295022
8082,7.28244927513275
8083,7.2829347207633095
8084,7.28342016639387
8085,7.28390561202442
8086,7.284391057654981
8087,7.284876503285539
8088,7.2853619489160995
8089,7.28584739454665
8090,7.28633284017721
8091,7.28681828580776
8092,7.28730373143832
8093,7.2877891770688805
8094,7.288274622699439
8095,7.28876006832999
8096,7.28924551396055
8097,7.28973095959111
8098,7.29021640522166
8099,7.29070185085222
8100,7.29118729648278
8101,7.291672742113329
8102,7.2921581877438895
8103,7.29264363337445
8104,7.293129079004999
8105,7.29361452463556
8106,7.29409997026612
8107,7.2945854158966705
8108,7.295070861527229
8109,7.295556307157789
8110,7.29604175278835
8111,7.2965271984189
8112,7.29701264404946
8113,7.29749808968002
8114,7.29798353531057
8115,7.298468980941129
8116,7.298954426571689
8117,7.299439872202241
8118,7.2999253178328
8119,7.3004107634633595
8120,7.30089620909391
8121,7.30138165472447
8122,7.301867100355031
8123,7.302352545985589
8124,7.302837991616141
8125,7.3033234372467
8126,7.303808882877259
8127,7.30429432850781
8128,7.30477977413837
8129,7.3052652197689305
8130,7.305750665399479
8131,7.3062361110300404
8132,7.306721556660591
8133,7.3072070022911495
8134,7.30769244792171
8135,7.30817789355227
8136,7.308663339182821
8137,7.309148784813379
8138,7.30963423044394
8139,7.310119676074491
8140,7.310605121705049
8141,7.31109056733561
8142,7.31157601296617
8143,7.3120614585967205
8144,7.312546904227279
8145,7.31303234985784
8146,7.313517795488391
8147,7.314003241118951
8148,7.31448868674951
8149,7.31497413238006
8150,7.31545957801062
8151,7.315945023641179
8152,7.31643046927173
8153,7.316915914902291
8154,7.317401360532851
8155,7.3178868061634095
8156,7.31837225179396
8157,7.31885769742452
8158,7.31934314305507
8159,7.31982858868563
8160,7.3203140343161905
8161,7.320799479946751
8162,7.3212849255773
8163,7.32177037120786
8164,7.32225581683842
8165,7.32274126246897
8166,7.32322670809953
8167,7.32371215373009
8168,7.324197599360641
8169,7.3246830449911995
8170,7.32516849062176
8171,7.32565393625231
8172,7.32613938188287
8173,7.32662482751343
8174,7.32711027314399
8175,7.327595718774541
8176,7.328081164405099
8177,7.32856661003566
8178,7.32905205566621
8179,7.3295375012967705
8180,7.33002294692733
8181,7.3305083925578804
8182,7.330993838188441
8183,7.331479283818999
8184,7.33196472944955
8185,7.33245017508011
8186,7.33293562071067
8187,7.33342106634123
8188,7.33390651197178
8189,7.334391957602341
8190,7.334877403232901
8191,7.33536284886345
8192,7.33584829449401
8193,7.33633374012457
8194,7.33681918575513
8195,7.33730463138568
8196,7.3377900770162405
8197,7.338275522646789
8198,7.33876096827735
8199,7.33924641390791
8200,7.33973185953846
8201,7.34021730516902
8202,7.34070275079958
8203,7.34118819643014
8204,7.341673642060691
8205,7.3421590876912495
8206,7.34264453332181
8207,7.34312997895236
8208,7.34361542458292
8209,7.34410087021348
8210,7.3445863158440305
8211,7.345071761474591
8212,7.345557207105149
8213,7.3460426527357
8214,7.34652809836626
8215,7.3470135439968205
8216,7.34749898962737
8217,7.34798443525793
8218,7.348469880888491
8219,7.3489553265190395
8220,7.3494407721496
8221,7.34992621778016
8222,7.35041166341072
8223,7.35089710904127
8224,7.35138255467183
8225,7.351868000302391
8226,7.352353445932939
8227,7.3528388915635
8228,7.35332433719406
8229,7.35380978282462
8230,7.35429522845517
8231,7.35478067408573
8232,7.355266119716281
8233,7.355751565346839
8234,7.3562370109774
8235,7.35672245660795
8236,7.35720790223851
8237,7.35769334786907
8238,7.35817879349963
8239,7.358664239130181
8240,7.359149684760739
8241,7.3596351303912995
8242,7.36012057602185
8243,7.36060602165241
8244,7.36109146728297
8245,7.36157691291352
8246,7.3620623585440805
8247,7.362547804174641
8248,7.36303324980519
8249,7.36351869543575
8250,7.36400414106631
8251,7.36448958669687
8252,7.36497503232742
8253,7.36546047795798
8254,7.365945923588529
8255,7.3664313692190895
8256,7.36691681484965
8257,7.36740226048021
8258,7.36788770611076
8259,7.36837315174132
8260,7.36885859737188
8261,7.369344043002431
8262,7.369829488632989
8263,7.37031493426355
8264,7.3708003798941
8265,7.37128582552466
8266,7.37177127115522
8267,7.37225671678578
8268,7.372742162416331
8269,7.373227608046889
8270,7.37371305367745
8271,7.374198499308
8272,7.37468394493856
8273,7.37516939056912
8274,7.37565483619968
8275,7.376140281830231
8276,7.376625727460789
8277,7.3771111730913494
8278,7.3775966187219
8279,7.37808206435246
8280,7.37856750998302
8281,7.37905295561357
8282,7.3795384012441305
8283,7.380023846874679
8284,7.38050929250524
8285,7.3809947381358
8286,7.38148018376636
8287,7.38196562939691
8288,7.38245107502747
8289,7.38293652065803
8290,7.383421966288579
8291,7.3839074119191395
8292,7.3843928575497
8293,7.38487830318025
8294,7.38536374881081
8295,7.38584919444137
8296,7.38633464007193
8297,7.386820085702479
8298,7.387305531333039
8299,7.3877909769636
8300,7.38827642259415
8301,7.38876186822471
8302,7.38924731385527
8303,7.38973275948583
8304,7.390218205116381
8305,7.390703650746939
8306,7.3911890963774995
8307,7.39167454200805
8308,7.3921599876386095
8309,7.39264543326917
8310,7.39313087889972
8311,7.393616324530281
8312,7.394101770160839
8313,7.39458721579139
8314,7.39507266142195
8315,7.39555810705251
8316,7.39604355268306
8317,7.39652899831362
8318,7.3970144439441805
8319,7.397499889574729
8320,7.39798533520529
8321,7.39847078083585
8322,7.3989562264663995
8323,7.39944167209696
8324,7.39992711772752
8325,7.40041256335808
8326,7.400898008988629
8327,7.4013834546191895
8328,7.40186890024974
8329,7.4023543458803
8330,7.40283979151086
8331,7.40332523714142
8332,7.4038106827719705
8333,7.404296128402529
8334,7.404781574033089
8335,7.40526701966365
8336,7.4057524652942
8337,7.40623791092476
8338,7.40672335655532
8339,7.40720880218587
8340,7.407694247816431
8341,7.408179693446989
8342,7.40866513907754
8343,7.4091505847081
8344,7.4096360303386595
8345,7.41012147596921
8346,7.41060692159977
8347,7.411092367230331
8348,7.411577812860879
8349,7.41206325849144
8350,7.412548704122
8351,7.41303414975256
8352,7.41351959538311
8353,7.41400504101367
8354,7.4144904866442305
8355,7.414975932274779
8356,7.4154613779053395
8357,7.41594682353589
8358,7.4164322691664495
8359,7.41691771479701
8360,7.41740316042757
8361,7.417888606058121
8362,7.418374051688679
8363,7.418859497319239
8364,7.41934494294979
8365,7.419830388580349
8366,7.42031583421091
8367,7.42080127984146
8368,7.4212867254720205
8369,7.421772171102579
8370,7.422257616733139
8371,7.42274306236369
8372,7.423228507994251
8373,7.42371395362481
8374,7.42419939925536
8375,7.42468484488592
8376,7.425170290516479
8377,7.42565573614703
8378,7.42614118177759
8379,7.426626627408151
8380,7.4271120730387
8381,7.42759751866926
8382,7.42808296429982
8383,7.428568409930381
8384,7.42905385556093
8385,7.42953930119149
8386,7.430024746822041
8387,7.4305101924526
8388,7.43099563808316
8389,7.43148108371372
8390,7.431966529344269
8391,7.43245197497483
8392,7.4329374206053895
8393,7.433422866235941
8394,7.4339083118664995
8395,7.43439375749706
8396,7.43487920312761
8397,7.435364648758171
8398,7.43585009438873
8399,7.436335540019289
8400,7.436820985649841
8401,7.437306431280399
8402,7.43779187691096
8403,7.43827732254151
8404,7.4387627681720705
8405,7.43924821380263
8406,7.43973365943318
8407,7.440219105063741
8408,7.440704550694301
8409,7.44118999632485
8410,7.44167544195541
8411,7.44216088758597
8412,7.44264633321652
8413,7.44313177884708
8414,7.443617224477641
8415,7.444102670108189
8416,7.44458811573875
8417,7.44507356136931
8418,7.44555900699987
8419,7.44604445263042
8420,7.44652989826098
8421,7.4470153438915405
8422,7.447500789522089
8423,7.44798623515265
8424,7.44847168078321
8425,7.44895712641376
8426,7.44944257204432
8427,7.44992801767488
8428,7.45041346330544
8429,7.450898908935991
8430,7.4513843545665495
8431,7.45186980019711
8432,7.45235524582766
8433,7.45284069145822
8434,7.45332613708878
8435,7.4538115827193305
8436,7.454297028349891
8437,7.454782473980449
8438,7.455267919611
8439,7.45575336524156
8440,7.4562388108721205
8441,7.45672425650267
8442,7.45720970213323
8443,7.457695147763791
8444,7.4581805933943395
8445,7.4586660390249
8446,7.45915148465546
8447,7.45963693028602
8448,7.46012237591657
8449,7.46060782154713
8450,7.461093267177691
8451,7.461578712808239
8452,7.4620641584388
8453,7.46254960406935
8454,7.4630350496999105
8455,7.46352049533047
8456,7.46400594096103
8457,7.4644913865915905
8458,7.464976832222139
8459,7.4654622778527
8460,7.46594772348326
8461,7.46643316911381
8462,7.46691861474437
8463,7.46740406037492
8464,7.467889506005481
8465,7.468374951636041
8466,7.4688603972665994
8467,7.46934584289715
8468,7.46983128852771
8469,7.47031673415827
8470,7.47080217978882
8471,7.4712876254193805
8472,7.471773071049941
8473,7.472258516680499
8474,7.47274396231105
8475,7.47322940794161
8476,7.47371485357216
8477,7.47420029920272
8478,7.47468574483328
8479,7.475171190463829
8480,7.4756566360943895
8481,7.47614208172495
8482,7.47662752735551
8483,7.47711297298606
8484,7.47759841861662
8485,7.47808386424718
8486,7.478569309877731
8487,7.479054755508289
8488,7.47954020113885
8489,7.4800256467694
8490,7.48051109239996
8491,7.48099653803052
8492,7.48148198366107
8493,7.481967429291631
8494,7.482452874922189
8495,7.4829383205527495
8496,7.4834237661833
8497,7.48390921181386
8498,7.48439465744442
8499,7.48488010307497
8500,7.485365548705531
8501,7.485850994336091
8502,7.48633643996664
8503,7.4868218855972
8504,7.48730733122776
8505,7.48779277685831
8506,7.48827822248887
8507,7.4887636681194305
8508,7.489249113749991
8509,7.48973455938054
8510,7.4902200050111
8511,7.49070545064166
8512,7.49119089627221
8513,7.49167634190277
8514,7.49216178753333
8515,7.492647233163879
8516,7.4931326787944394
8517,7.493618124425
8518,7.49410357005555
8519,7.49458901568611
8520,7.49507446131667
8521,7.4955599069472205
8522,7.496045352577781
8523,7.496530798208339
8524,7.4970162438389
8525,7.49750168946945
8526,7.49798713510001
8527,7.49847258073056
8528,7.49895802636112
8529,7.499443471991681
8530,7.499928917622239
8531,7.50041436325279
8532,7.50089980888335
8533,7.50138525451391
8534,7.50187070014447
8535,7.50235614577502
8536,7.502841591405581
8537,7.503327037036139
8538,7.50381248266669
8539,7.50429792829725
8540,7.5047833739278
8541,7.50526881955836
8542,7.50575426518892
8543,7.5062397108194805
8544,7.506725156450029
8545,7.5072106020805895
8546,7.50769604771115
8547,7.5081814933416995
8548,7.50866693897226
8549,7.50915238460282
8550,7.509637830233371
8551,7.510123275863929
8552,7.510608721494489
8553,7.51109416712504
8554,7.5115796127556
8555,7.51206505838616
8556,7.51255050401672
8557,7.5130359496472705
8558,7.513521395277829
8559,7.514006840908389
8560,7.51449228653894
8561,7.5149777321695
8562,7.51546317780006
8563,7.51594862343062
8564,7.51643406906117
8565,7.516919514691731
8566,7.517404960322289
8567,7.51789040595284
8568,7.5183758515834
8569,7.51886129721395
8570,7.51934674284451
8571,7.51983218847507
8572,7.520317634105619
8573,7.520803079736179
8574,7.52128852536674
8575,7.5217739709973
8576,7.52225941662785
8577,7.52274486225841
8578,7.52323030788897
8579,7.523715753519521
8580,7.524201199150079
8581,7.5246866447806395
8582,7.52517209041119
8583,7.5256575360417495
8584,7.52614298167231
8585,7.52662842730287
8586,7.527113872933421
8587,7.527599318563979
8588,7.528084764194539
8589,7.52857020982509
8590,7.52905565545565
8591,7.52954110108621
8592,7.53002654671676
8593,7.5305119923473205
8594,7.530997437977879
8595,7.531482883608439
8596,7.53196832923899
8597,7.53245377486955
8598,7.5329392205001
8599,7.53342466613066
8600,7.53391011176122
8601,7.534395557391769
8602,7.534881003022329
8603,7.53536644865289
8604,7.53585189428345
8605,7.536337339914
8606,7.53682278554456
8607,7.53730823117512
8608,7.537793676805669
8609,7.538279122436229
8610,7.53876456806679
8611,7.539250013697341
8612,7.5397354593279
8613,7.54022090495846
8614,7.54070635058901
8615,7.541191796219569
8616,7.541677241850129
8617,7.5421626874806895
8618,7.542648133111241
8619,7.5431335787417995
8620,7.54361902437236
8621,7.54410447000291
8622,7.544589915633471
8623,7.545075361264029
8624,7.54556080689458
8625,7.546046252525141
8626,7.5465316981557
8627,7.54701714378625
8628,7.54750258941681
8629,7.5479880350473705
8630,7.548473480677929
8631,7.5489589263084795
8632,7.549444371939041
8633,7.5499298175696
8634,7.55041526320015
8635,7.55090070883071
8636,7.55138615446127
8637,7.55187160009182
8638,7.552357045722379
8639,7.552842491352941
8640,7.553327936983489
8641,7.55381338261405
8642,7.55429882824461
8643,7.5547842738751605
8644,7.55526971950572
8645,7.555755165136279
8646,7.5562406107668405
8647,7.556726056397391
8648,7.55721150202795
8649,7.5576969476585
8650,7.55818239328906
8651,7.55866783891962
8652,7.559153284550179
8653,7.559638730180731
8654,7.560124175811291
8655,7.5606096214418494
8656,7.5610950670724
8657,7.56158051270296
8658,7.562065958333521
8659,7.562551403964079
8660,7.5630368495946305
8661,7.563522295225191
8662,7.564007740855749
8663,7.5644931864863
8664,7.56497863211686
8665,7.56546407774741
8666,7.56594952337797
8667,7.56643496900853
8668,7.566920414639091
8669,7.5674058602696395
8670,7.5678913059002
8671,7.56837675153076
8672,7.56886219716131
8673,7.56934764279187
8674,7.56983308842243
8675,7.570318534052981
8676,7.570803979683539
8677,7.5712894253141
8678,7.57177487094466
8679,7.5722603165752105
8680,7.57274576220577
8681,7.57323120783633
8682,7.573716653466881
8683,7.574202099097441
8684,7.5746875447279995
8685,7.57517299035856
8686,7.57565843598911
8687,7.57614388161967
8688,7.57662932725022
8689,7.577114772880781
8690,7.577600218511341
8691,7.578085664141899
8692,7.57857110977245
8693,7.57905655540301
8694,7.579542001033571
8695,7.58002744666412
8696,7.5805128922946805
8697,7.580998337925241
8698,7.58148378355579
8699,7.58196922918635
8700,7.58245467481691
8701,7.58294012044746
8702,7.58342556607802
8703,7.58391101170858
8704,7.584396457339131
8705,7.5848819029696894
8706,7.58536734860025
8707,7.5858527942308
8708,7.58633823986136
8709,7.58682368549192
8710,7.58730913112248
8711,7.587794576753031
8712,7.588280022383589
8713,7.58876546801415
8714,7.5892509136447
8715,7.5897363592752605
8716,7.59022180490582
8717,7.59070725053637
8718,7.591192696166931
8719,7.591678141797489
8720,7.59216358742804
8721,7.5926490330586
8722,7.59313447868916
8723,7.59361992431972
8724,7.59410536995027
8725,7.594590815580831
8726,7.595076261211379
8727,7.59556170684194
8728,7.5960471524725
8729,7.59653259810306
8730,7.59701804373361
8731,7.59750348936417
8732,7.5979889349947305
8733,7.598474380625279
8734,7.5989598262558395
8735,7.5994452718864
8736,7.59993071751695
8737,7.60041616314751
8738,7.60090160877807
8739,7.60138705440863
8740,7.601872500039181
8741,7.602357945669739
8742,7.60284339130029
8743,7.60332883693085
8744,7.60381428256141
8745,7.60429972819197
8746,7.6047851738225205
8747,7.605270619453081
8748,7.605756065083639
8749,7.6062415107142
8750,7.60672695634475
8751,7.6072124019753105
8752,7.60769784760587
8753,7.60818329323642
8754,7.608668738866981
8755,7.6091541844975294
8756,7.60963963012809
8757,7.61012507575865
8758,7.61061052138921
8759,7.61109596701976
8760,7.61158141265032
8761,7.612066858280881
8762,7.612552303911429
8763,7.61303774954199
8764,7.61352319517255
8765,7.6140086408031
8766,7.61449408643366
8767,7.61497953206422
8768,7.615464977694771
8769,7.615950423325329
8770,7.6164358689558895
8771,7.61692131458645
8772,7.617406760217
8773,7.61789220584756
8774,7.61837765147811
8775,7.618863097108671
8776,7.619348542739229
8777,7.619833988369789
8778,7.62031943400034
8779,7.6208048796309
8780,7.62129032526146
8781,7.62177577089201
8782,7.6222612165225705
8783,7.622746662153131
8784,7.623232107783689
8785,7.62371755341424
8786,7.6242029990448
8787,7.6246884446753596
8788,7.62517389030591
8789,7.62565933593647
8790,7.626144781567019
8791,7.626630227197589
8792,7.62711567282814
8793,7.6276011184587
8794,7.62808656408925
8795,7.62857200971981
8796,7.62905745535037
8797,7.629542900980919
8798,7.630028346611479
8799,7.63051379224204
8800,7.63099923787259
8801,7.63148468350315
8802,7.63197012913371
8803,7.63245557476427
8804,7.632941020394821
8805,7.633426466025379
8806,7.6339119116559395
8807,7.63439735728649
8808,7.63488280291705
8809,7.63536824854761
8810,7.63585369417816
8811,7.636339139808721
8812,7.636824585439279
8813,7.63731003106983
8814,7.63779547670039
8815,7.63828092233095
8816,7.63876636796151
8817,7.63925181359206
8818,7.6397372592226205
8819,7.640222704853181
8820,7.6407081504837295
8821,7.64119359611429
8822,7.6416790417448395
8823,7.6421644873754
8824,7.64264993300596
8825,7.64313537863652
8826,7.643620824267069
8827,7.644106269897629
8828,7.64459171552819
8829,7.64507716115875
8830,7.6455626067893
8831,7.64604805241986
8832,7.64653349805042
8833,7.647018943680969
8834,7.647504389311529
8835,7.64798983494209
8836,7.64847528057264
8837,7.6489607262032
8838,7.64944617183376
8839,7.64993161746431
8840,7.650417063094871
8841,7.650902508725429
8842,7.6513879543559895
8843,7.65187339998654
8844,7.6523588456170994
8845,7.65284429124765
8846,7.65332973687821
8847,7.653815182508771
8848,7.654300628139329
8849,7.65478607376988
8850,7.65527151940044
8851,7.655756965031
8852,7.65624241066155
8853,7.65672785629211
8854,7.6572133019226705
8855,7.657698747553219
8856,7.6581841931837795
8857,7.65866963881434
8858,7.6591550844448895
8859,7.65964053007545
8860,7.66012597570601
8861,7.660611421336561
8862,7.661096866967119
8863,7.661582312597679
8864,7.662067758228231
8865,7.66255320385879
8866,7.66303864948935
8867,7.66352409511991
8868,7.6640095407504605
8869,7.664494986381019
8870,7.664980432011579
8871,7.665465877642131
8872,7.66595132327269
8873,7.6664367689032495
8874,7.6669222145338
8875,7.66740766016436
8876,7.667893105794921
8877,7.668378551425469
8878,7.668863997056031
8879,7.66934944268659
8880,7.669834888317149
8881,7.6703203339477
8882,7.67080577957826
8883,7.671291225208821
8884,7.671776670839369
8885,7.6722621164699305
8886,7.67274756210049
8887,7.67323300773104
8888,7.6737184533616
8889,7.67420389899216
8890,7.6746893446227205
8891,7.675174790253269
8892,7.67566023588383
8893,7.67614568151439
8894,7.6766311271449394
8895,7.6771165727755
8896,7.67760201840606
8897,7.678087464036611
8898,7.678572909667169
8899,7.67905835529773
8900,7.679543800928281
8901,7.680029246558839
8902,7.6805146921894
8903,7.68100013781995
8904,7.6814855834505105
8905,7.681971029081069
8906,7.68245647471163
8907,7.682941920342181
8908,7.683427365972741
8909,7.6839128116032995
8910,7.68439825723385
8911,7.68488370286441
8912,7.685369148494969
8913,7.68585459412552
8914,7.686340039756081
8915,7.686825485386641
8916,7.68731093101719
8917,7.68779637664775
8918,7.68828182227831
8919,7.68876726790886
8920,7.68925271353942
8921,7.6897381591699805
8922,7.690223604800531
8923,7.6907090504310895
8924,7.69119449606165
8925,7.69167994169221
8926,7.69216538732276
8927,7.69265083295332
8928,7.69313627858388
8929,7.693621724214431
8930,7.694107169844989
8931,7.69459261547555
8932,7.6950780611061
8933,7.695563506736661
8934,7.69604895236722
8935,7.6965343979977705
8936,7.697019843628331
8937,7.697505289258889
8938,7.69799073488944
8939,7.69847618052
8940,7.6989616261505605
8941,7.69944707178112
8942,7.69993251741167
8943,7.700417963042231
8944,7.700903408672791
8945,7.70138885430334
8946,7.7018742999339
8947,7.70235974556446
8948,7.70284519119501
8949,7.70333063682557
8950,7.703816082456131
8951,7.704301528086679
8952,7.70478697371724
8953,7.7052724193478
8954,7.7057578649783505
8955,7.70624331060891
8956,7.70672875623947
8957,7.7072142018700305
8958,7.707699647500579
8959,7.7081850931311395
8960,7.7086705387617
8961,7.70915598439225
8962,7.70964143002281
8963,7.71012687565337
8964,7.710612321283921
8965,7.711097766914481
8966,7.711583212545039
8967,7.7120686581756
8968,7.71255410380615
8969,7.71303954943671
8970,7.71352499506727
8971,7.7140104406978205
8972,7.714495886328381
8973,7.714981331958939
8974,7.71546677758949
8975,7.71595222322005
8976,7.71643766885061
8977,7.71692311448116
8978,7.71740856011172
8979,7.717894005742281
8980,7.718379451372839
8981,7.71886489700339
8982,7.71935034263395
8983,7.7198357882645
8984,7.72032123389506
8985,7.72080667952562
8986,7.721292125156171
8987,7.721777570786729
8988,7.72226301641729
8989,7.72274846204784
8990,7.7232339076784005
8991,7.72371935330896
8992,7.72420479893952
8993,7.724690244570071
8994,7.725175690200629
8995,7.7256611358311895
8996,7.72614658146174
8997,7.7266320270923
8998,7.72711747272286
8999,7.72760291835342
9000,7.728088363983971
9001,7.728573809614531
9002,7.72905925524508
9003,7.72954470087564
9004,7.7300301465062
9005,7.73051559213676
9006,7.73100103776731
9007,7.7314864833978705
9008,7.731971929028431
9009,7.7324573746589795
9010,7.73294282028954
9011,7.7334282659201
9012,7.73391371155066
9013,7.73439915718121
9014,7.73488460281177
9015,7.735370048442319
9016,7.735855494072879
9017,7.73634093970344
9018,7.73682638533399
9019,7.73731183096455
9020,7.73779727659511
9021,7.73828272222567
9022,7.738768167856221
9023,7.739253613486779
9024,7.73973905911734
9025,7.74022450474789
9026,7.7407099503784496
9027,7.74119539600901
9028,7.74168084163956
9029,7.742166287270121
9030,7.742651732900679
9031,7.7431371785312395
9032,7.74362262416179
9033,7.74410806979235
9034,7.74459351542291
9035,7.74507896105346
9036,7.745564406684021
9037,7.746049852314579
9038,7.74653529794513
9039,7.74702074357569
9040,7.74750618920625
9041,7.7479916348368
9042,7.74847708046736
9043,7.7489625260979205
9044,7.749447971728469
9045,7.749933417359039
9046,7.75041886298959
9047,7.75090430862015
9048,7.7513897542507
9049,7.75187519988126
9050,7.75236064551182
9051,7.752846091142369
9052,7.753331536772929
9053,7.75381698240349
9054,7.75430242803404
9055,7.7547878736646
9056,7.75527331929516
9057,7.75575876492572
9058,7.756244210556271
9059,7.756729656186829
9060,7.75721510181739
9061,7.75770054744794
9062,7.7581859930784995
9063,7.75867143870906
9064,7.75915688433961
9065,7.759642329970171
9066,7.760127775600729
9067,7.76061322123128
9068,7.76109866686184
9069,7.7615841124924
9070,7.76206955812295
9071,7.76255500375351
9072,7.763040449384071
9073,7.763525895014629
9074,7.76401134064518
9075,7.76449678627574
9076,7.76498223190629
9077,7.76546767753685
9078,7.76595312316741
9079,7.7664385687979705
9080,7.766924014428519
9081,7.7674094600590795
9082,7.76789490568964
9083,7.7683803513201894
9084,7.76886579695075
9085,7.76935124258131
9086,7.76983668821187
9087,7.770322133842419
9088,7.770807579472979
9089,7.77129302510354
9090,7.77177847073409
9091,7.77226391636465
9092,7.77274936199521
9093,7.7732348076257605
9094,7.773720253256319
9095,7.774205698886879
9096,7.77469114451743
9097,7.77517659014799
9098,7.7756620357785495
9099,7.7761474814091
9100,7.77663292703966
9101,7.777118372670221
9102,7.777603818300769
9103,7.77808926393133
9104,7.77857470956189
9105,7.77906015519244
9106,7.779545600823
9107,7.78003104645356
9108,7.780516492084109
9109,7.781001937714669
9110,7.78148738334523
9111,7.78197282897579
9112,7.7824582746063395
9113,7.7829437202369
9114,7.78342916586746
9115,7.783914611498011
9116,7.784400057128569
9117,7.7848855027591295
9118,7.78537094838968
9119,7.785856394020239
9120,7.7863418396508
9121,7.78682728528135
9122,7.787312730911911
9123,7.787798176542469
9124,7.7882836221730205
9125,7.78876906780358
9126,7.789254513434141
9127,7.7897399590647
9128,7.79022540469525
9129,7.7907108503258105
9130,7.791196295956369
9131,7.791681741586929
9132,7.79216718721748
9133,7.792652632848041
9134,7.79313807847859
9135,7.79362352410915
9136,7.794064322883661
9137,7.79450512165817
9138,7.7949459204326805
9139,7.7953867192071895
9140,7.7958275179817
9141,7.796268316756209
9142,7.79670911553072
9143,7.797149914305231
9144,7.79759071307974
9145,7.7980315118542505
9146,7.79847231062875
9147,7.79891310940326
9148,7.799353908177769
9149,7.79979470695228
9150,7.800235505726789
9151,7.8006763045013
9152,7.801117103275811
9153,7.80155790205032
9154,7.80199870082483
9155,7.802439499599339
9156,7.80288029837385
9157,7.803321097148359
9158,7.80376189592287
9159,7.804202694697369
9160,7.80464349347188
9161,7.8050842922463906
9162,7.805525091020909
9163,7.80596588979542
9164,7.806406688569919
9165,7.80684748734443
9166,7.807288286118939
9167,7.80772908489345
9168,7.8081698836679605
9169,7.8086106824424695
9170,7.80905148121698
9171,7.809492279991489
9172,7.809933078766
9173,7.810373877540509
9174,7.81081467631502
9175,7.81125547508953
9176,7.811696273864039
9177,7.81213707263854
9178,7.812577871413059
9179,7.81301867018756
9180,7.813459468962069
9181,7.81390026773658
9182,7.81434106651109
9183,7.8147818652856
9184,7.81522266406011
9185,7.815663462834619
9186,7.81610426160913
9187,7.816545060383639
9188,7.81698585915815
9189,7.817426657932661
9190,7.8178674567071695
9191,7.81830825548168
9192,7.818749054256189
9193,7.8191898530307
9194,7.819630651805209
9195,7.82007145057972
9196,7.82051224935422
9197,7.82095304812873
9198,7.8213938469032405
9199,7.82183464567775
9200,7.82227544445226
9201,7.82271624322677
9202,7.82315704200128
9203,7.82359784077579
9204,7.8240386395503
9205,7.82447943832481
9206,7.82492023709932
9207,7.82536103587383
9208,7.82580183464834
9209,7.82624263342284
9210,7.82668343219736
9211,7.82712423097187
9212,7.82756502974637
9213,7.8280058285208804
9214,7.82844662729539
9215,7.8288874260699
9216,7.82932822484441
9217,7.82976902361892
9218,7.83020982239343
9219,7.83065062116794
9220,7.83109141994245
9221,7.83153221871696
9222,7.83197301749147
9223,7.83241381626598
9224,7.83285461504049
9225,7.833295413815
9226,7.83373621258951
9227,7.834177011364011
9228,7.8346178101385195
9229,7.83505860891303
9230,7.835499407687541
9231,7.83594020646205
9232,7.836381005236561
9233,7.83682180401107
9234,7.8372626027855805
9235,7.8377034015600895
9236,7.8381442003346
9237,7.838584999109111
9238,7.83902579788362
9239,7.839466596658131
9240,7.83990739543264
9241,7.840348194207141
9242,7.840788992981659
9243,7.84122979175616
9244,7.841670590530669
9245,7.84211138930518
9246,7.842552188079691
9247,7.8429929868542
9248,7.843433785628711
9249,7.84387458440322
9250,7.84431538317773
9251,7.844756181952239
9252,7.84519698072675
9253,7.845637779501261
9254,7.84607857827577
9255,7.846519377050281
9256,7.8469601758247896
9257,7.8474009745992905
9258,7.8478417733737995
9259,7.84828257214831
9260,7.848723370922819
9261,7.84916416969733
9262,7.849604968471841
9263,7.85004576724635
9264,7.8504865660208605
9265,7.8509273647953695
9266,7.85136816356988
9267,7.851808962344391
9268,7.8522497611189
9269,7.852690559893411
9270,7.85313135866792
9271,7.85357215744243
9272,7.854012956216939
9273,7.85445375499145
9274,7.854894553765961
9275,7.85533535254046
9276,7.855776151314969
9277,7.85621695008948
9278,7.856657748863991
9279,7.8570985476385
9280,7.85753934641301
9281,7.857980145187519
9282,7.85842094396203
9283,7.858861742736541
9284,7.85930254151105
9285,7.8597433402855605
9286,7.8601841390600695
9287,7.86062493783458
9288,7.861065736609089
9289,7.86150653538359
9290,7.861947334158111
9291,7.86238813293261
9292,7.8628289317071305
9293,7.8632697304816395
9294,7.8637105292561404
9295,7.864151328030649
9296,7.86459212680516
9297,7.865032925579669
9298,7.86547372435418
9299,7.865914523128691
9300,7.8663553219032
9301,7.86679612067771
9302,7.867236919452219
9303,7.86767771822673
9304,7.868118517001239
9305,7.86855931577575
9306,7.869000114550261
9307,7.86944091332477
9308,7.869881712099271
9309,7.870322510873789
9310,7.87076330964829
9311,7.871204108422799
9312,7.87164490719731
9313,7.872085705971819
9314,7.87252650474633
9315,7.8729673035208405
9316,7.8734081022953495
9317,7.87384890106986
9318,7.874289699844369
9319,7.87473049861888
9320,7.875171297393389
9321,7.8756120961679
9322,7.8760528949424105
9323,7.876493693716919
9324,7.87693449249142
9325,7.877375291265929
9326,7.87781609004044
9327,7.878256888814949
9328,7.87869768758946
9329,7.87913848636397
9330,7.87957928513848
9331,7.88002008391299
9332,7.880460882687499
9333,7.88090168146201
9334,7.881342480236519
9335,7.88178327901103
9336,7.882224077785541
9337,7.8826648765600495
9338,7.88310567533455
9339,7.883546474109069
9340,7.88398727288358
9341,7.88442807165808
9342,7.88486887043259
9343,7.8853096692071
9344,7.88575046798161
9345,7.88619126675612
9346,7.88663206553063
9347,7.88707286430514
9348,7.88751366307965
9349,7.88795446185416
9350,7.88839526062867
9351,7.88883605940318
9352,7.88927685817769
9353,7.8897176569522
9354,7.89015845572671
9355,7.89059925450122
9356,7.89104005327573
9357,7.89148085205023
9358,7.89192165082474
9359,7.89236244959925
9360,7.8928032483737605
9361,7.89324404714827
9362,7.89368484592278
9363,7.89412564469729
9364,7.8945664434718
9365,7.89500724224631
9366,7.89544804102082
9367,7.89588883979533
9368,7.89632963856984
9369,7.89677043734435
9370,7.89721123611886
9371,7.89765203489337
9372,7.898092833667871
9373,7.89853363244239
9374,7.898974431216891
9375,7.8994152299914
9376,7.89985602876591
9377,7.900296827540421
9378,7.90073762631493
9379,7.901178425089441
9380,7.90161922386395
9381,7.9020600226384605
9382,7.9025008214129695
9383,7.90294162018748
9384,7.903382418961991
9385,7.9038232177365
9386,7.904264016511011
9387,7.90470481528551
9388,7.9051456140600305
9389,7.9055864128345394
9390,7.90602721160904
9391,7.906468010383549
9392,7.90690880915806
9393,7.907349607932571
9394,7.90779040670708
9395,7.908231205481591
9396,7.9086720042561
9397,7.90911280303061
9398,7.909553601805119
9399,7.90999440057963
9400,7.910435199354141
9401,7.91087599812865
9402,7.911316796903161
9403,7.91175759567767
9404,7.91219839445218
9405,7.9126391932266795
9406,7.9130799920012
9407,7.913520790775699
9408,7.91396158955021
9409,7.914402388324721
9410,7.91484318709923
9411,7.9152839858737405
9412,7.9157247846482495
9413,7.91616558342276
9414,7.916606382197269
9415,7.91704718097178
9416,7.917487979746291
9417,7.9179287785208
9418,7.91836957729531
9419,7.918810376069819
9420,7.91925117484432
9421,7.919691973618829
9422,7.92013277239334
9423,7.920573571167849
9424,7.92101436994237
9425,7.921455168716871
9426,7.92189596749138
9427,7.92233676626589
9428,7.922777565040399
9429,7.92321836381491
9430,7.923659162589421
9431,7.92409996136393
9432,7.9245407601384406
9433,7.9249815589129495
9434,7.92542235768746
9435,7.925863156461969
9436,7.92630395523648
9437,7.926744754010979
9438,7.92718555278549
9439,7.927626351560001
9440,7.92806715033451
9441,7.9285079491090205
9442,7.928948747883529
9443,7.92938954665804
9444,7.929830345432549
9445,7.93027114420706
9446,7.930711942981571
9447,7.93115274175608
9448,7.93159354053059
9449,7.932034339305099
9450,7.9324751380796
9451,7.932915936854119
9452,7.93335673562863
9453,7.933797534403129
9454,7.93423833317764
9455,7.934679131952151
9456,7.9351199307266596
9457,7.93556072950117
9458,7.936001528275679
9459,7.93644232705019
9460,7.936883125824699
9461,7.93732392459921
9462,7.9377647233737205
9463,7.9382055221482295
9464,7.93864632092274
9465,7.939087119697249
9466,7.93952791847176
9467,7.939968717246269
9468,7.94040951602077
9469,7.94085031479528
9470,7.94129111356979
9471,7.9417319123443
9472,7.942172711118809
9473,7.94261350989332
9474,7.943054308667829
9475,7.94349510744234
9476,7.94393590621685
9477,7.94437670499136
9478,7.94481750376587
9479,7.945258302540379
9480,7.94569910131489
9481,7.946139900089399
9482,7.94658069886391
9483,7.94702149763842
9484,7.94746229641292
9485,7.94790309518743
9486,7.948343893961949
9487,7.94878469273645
9488,7.94922549151096
9489,7.94966629028547
9490,7.95010708905998
9491,7.95054788783449
9492,7.950988686609
9493,7.95142948538351
9494,7.95187028415802
9495,7.95231108293253
9496,7.95275188170704
9497,7.95319268048155
9498,7.95363347925606
9499,7.95407427803057
9500,7.95451507680508
9501,7.9549558755795795
9502,7.9553966743541
9503,7.9558374731286
9504,7.95627827190311
9505,7.95671907067762
9506,7.95715986945213
9507,7.9576006682266405
9508,7.95804146700115
9509,7.95848226577566
9510,7.95892306455017
9511,7.95936386332468
9512,7.95980466209919
9513,7.9602454608737
9514,7.96068625964821
9515,7.96112705842272
9516,7.96156785719723
9517,7.96200865597174
9518,7.96244945474625
9519,7.962890253520751
9520,7.96333105229526
9521,7.963771851069771
9522,7.96421264984428
9523,7.96465344861879
9524,7.965094247393301
9525,7.96553504616781
9526,7.965975844942321
9527,7.96641664371683
9528,7.9668574424913405
9529,7.9672982412658495
9530,7.96773904004036
9531,7.968179838814871
9532,7.96862063758938
9533,7.969061436363881
9534,7.9695022351384
9535,7.969943033912901
9536,7.9703838326874195
9537,7.97082463146192
9538,7.971265430236429
9539,7.97170622901094
9540,7.972147027785451
9541,7.97258782655996
9542,7.973028625334471
9543,7.97346942410898
9544,7.97391022288349
9545,7.974351021657999
9546,7.97479182043251
9547,7.975232619207021
9548,7.97567341798153
9549,7.976114216756041
9550,7.97655501553055
9551,7.976995814305051
9552,7.9774366130795595
9553,7.97787741185407
9554,7.978318210628579
9555,7.97875900940309
9556,7.979199808177601
9557,7.97964060695211
9558,7.9800814057266205
9559,7.9805222045011295
9560,7.98096300327564
9561,7.981403802050149
9562,7.98184460082466
9563,7.982285399599171
9564,7.98272619837368
9565,7.983166997148181
9566,7.983607795922699
9567,7.9840485946972
9568,7.984489393471709
9569,7.98493019224622
9570,7.985370991020729
9571,7.98581178979524
9572,7.986252588569751
9573,7.98669338734426
9574,7.98713418611877
9575,7.987574984893279
9576,7.98801578366779
9577,7.988456582442301
9578,7.98889738121681
9579,7.989338179991321
9580,7.9897789787658295
9581,7.9902197775403305
9582,7.990660576314849
9583,7.99110137508935
9584,7.991542173863859
9585,7.99198297263837
9586,7.992423771412881
9587,7.99286457018739
9588,7.9933053689619005
9589,7.9937461677364094
9590,7.99418696651092
9591,7.994627765285429
9592,7.99506856405994
9593,7.995509362834451
9594,7.99595016160896
9595,7.99639096038347
9596,7.996831759157979
9597,7.99727255793249
9598,7.997713356706999
9599,7.9981541554815
9600,7.998594954256009
9601,7.99903575303052
9602,7.999476551805031
9603,7.99991735057954
9604,8.000358149354051
9605,8.00079894812856
9606,8.001239746903071
9607,8.00168054567758
9608,8.00212134445209
9609,8.002562143226601
9610,8.00300294200111
9611,8.003443740775621
9612,8.00388453955013
9613,8.00432533832464
9614,8.00476613709914
9615,8.00520693587366
9616,8.005647734648159
9617,8.00608853342267
9618,8.00652933219718
9619,8.00697013097169
9620,8.0074109297462
9621,8.00785172852071
9622,8.00829252729522
9623,8.008733326069729
9624,8.00917412484424
9625,8.00961492361875
9626,8.01005572239326
9627,8.01049652116777
9628,8.010937319942279
9629,8.01137811871679
9630,8.011818917491299
9631,8.01225971626581
9632,8.01270051504031
9633,8.01314131381482
9634,8.013582112589331
9635,8.01402291136384
9636,8.014463710138351
9637,8.01490450891286
9638,8.01534530768737
9639,8.01578610646188
9640,8.01622690523639
9641,8.016667704010901
9642,8.01710850278541
9643,8.01754930155992
9644,8.01799010033443
9645,8.01843089910894
9646,8.018871697883451
9647,8.01931249665796
9648,8.019753295432459
9649,8.02019409420697
9650,8.02063489298148
9651,8.02107569175599
9652,8.0215164905305
9653,8.021957289305009
9654,8.02239808807952
9655,8.02283888685403
9656,8.02327968562854
9657,8.02372048440305
9658,8.024161283177559
9659,8.02460208195207
9660,8.025042880726579
9661,8.02548367950109
9662,8.0259244782756
9663,8.02636527705011
9664,8.02680607582462
9665,8.027246874599129
9666,8.02768767337363
9667,8.02812847214814
9668,8.02856927092265
9669,8.02901006969716
9670,8.02945086847167
9671,8.029891667246181
9672,8.03033246602069
9673,8.0307732647952
9674,8.03121406356971
9675,8.03165486234422
9676,8.03209566111873
9677,8.03253645989324
9678,8.032977258667751
9679,8.03341805744226
9680,8.03385885621676
9681,8.034299654991269
9682,8.03474045376578
9683,8.035181252540289
9684,8.0356220513148
9685,8.036062850089309
9686,8.03650364886382
9687,8.03694444763833
9688,8.037385246412839
9689,8.03782604518735
9690,8.038266843961859
9691,8.03870764273637
9692,8.039148441510878
9693,8.03958924028539
9694,8.0400300390599
9695,8.040470837834409
9696,8.04091163660891
9697,8.041352435383429
9698,8.04179323415793
9699,8.04223403293244
9700,8.04267483170695
9701,8.04311563048146
9702,8.04355642925597
9703,8.04399722803048
9704,8.04443802680499
9705,8.0448788255795
9706,8.04531962435401
9707,8.04576042312852
9708,8.04620122190303
9709,8.04664202067754
9710,8.04708281945204
9711,8.04752361822656
9712,8.04796441700106
9713,8.04840521577558
9714,8.04884601455008
9715,8.04928681332459
9716,8.049727612099101
9717,8.05016841087361
9718,8.05060920964812
9719,8.05105000842263
9720,8.05149080719714
9721,8.05193160597165
9722,8.05237240474616
9723,8.052813203520671
9724,8.05325400229518
9725,8.05369480106969
9726,8.0541355998442
9727,8.05457639861871
9728,8.05501719739322
9729,8.05545799616773
9730,8.05589879494223
9731,8.05633959371674
9732,8.05678039249125
9733,8.057221191265759
9734,8.05766199004027
9735,8.05810278881478
9736,8.05854358758929
9737,8.0589843863638
9738,8.05942518513831
9739,8.05986598391282
9740,8.06030678268733
9741,8.06074758146184
9742,8.06118838023635
9743,8.06162917901086
9744,8.06206997778537
9745,8.06251077655988
9746,8.06295157533439
9747,8.06339237410889
9748,8.0638331728834
9749,8.064273971657911
9750,8.06471477043242
9751,8.065155569206931
9752,8.06559636798144
9753,8.066037166755951
9754,8.06647796553046
9755,8.06691876430497
9756,8.067359563079481
9757,8.06780036185399
9758,8.068241160628501
9759,8.06868195940301
9760,8.06912275817751
9761,8.06956355695203
9762,8.07000435572653
9763,8.070445154501039
9764,8.07088595327555
9765,8.07132675205006
9766,8.07176755082457
9767,8.07220834959908
9768,8.07264914837359
9769,8.0730899471481
9770,8.073530745922609
9771,8.07397154469712
9772,8.07441234347163
9773,8.07485314224614
9774,8.07529394102065
9775,8.075734739795159
9776,8.076175538569661
9777,8.076616337344179
9778,8.07705713611868
9779,8.07749793489319
9780,8.0779387336677
9781,8.078379532442211
9782,8.07882033121672
9783,8.079261129991231
9784,8.07970192876574
9785,8.08014272754025
9786,8.08058352631476
9787,8.08102432508927
9788,8.081465123863781
9789,8.08190592263829
9790,8.0823467214128
9791,8.08278752018731
9792,8.08322831896182
9793,8.083669117736319
9794,8.08410991651083
9795,8.084550715285339
9796,8.08499151405986
9797,8.08543231283436
9798,8.08587311160887
9799,8.08631391038338
9800,8.086754709157889
9801,8.0871955079324
9802,8.08763630670691
9803,8.08807710548142
9804,8.08851790425593
9805,8.088958703030439
9806,8.08939950180495
9807,8.089840300579459
9808,8.09028109935396
9809,8.09072189812848
9810,8.09116269690299
9811,8.09160349567749
9812,8.092044294452009
9813,8.09248509322651
9814,8.09292589200102
9815,8.09336669077553
9816,8.09380748955004
9817,8.09424828832455
9818,8.094689087099061
9819,8.09512988587357
9820,8.09557068464808
9821,8.09601148342259
9822,8.0964522821971
9823,8.09689308097161
9824,8.09733387974611
9825,8.097774678520619
9826,8.09821547729513
9827,8.09865627606964
9828,8.099097074844149
9829,8.09953787361866
9830,8.099978672393169
9831,8.10041947116768
9832,8.100860269942189
9833,8.1013010687167
9834,8.10174186749121
9835,8.102182666265719
9836,8.10262346504023
9837,8.103064263814739
9838,8.10350506258925
9839,8.103945861363758
9840,8.10438666013827
9841,8.10482745891277
9842,8.105268257687289
9843,8.10570905646179
9844,8.1061498552363
9845,8.10659065401081
9846,8.10703145278532
9847,8.10747225155983
9848,8.10791305033434
9849,8.10835384910885
9850,8.10879464788336
9851,8.10923544665787
9852,8.10967624543238
9853,8.11011704420689
9854,8.1105578429814
9855,8.1109986417559
9856,8.11143944053042
9857,8.11188023930493
9858,8.11232103807943
9859,8.11276183685395
9860,8.11320263562845
9861,8.11364343440296
9862,8.11408423317747
9863,8.114525031951981
9864,8.11496583072649
9865,8.115406629501
9866,8.11584742827551
9867,8.11628822705002
9868,8.11672902582453
9869,8.11716982459904
9870,8.117610623373551
9871,8.11805142214805
9872,8.11849222092257
9873,8.118933019697069
9874,8.11937381847159
9875,8.11981461724609
9876,8.1202554160206
9877,8.12069621479511
9878,8.12113701356962
9879,8.12157781234413
9880,8.122018611118639
9881,8.12245940989315
9882,8.12290020866766
9883,8.12334100744217
9884,8.12378180621668
9885,8.12422260499119
9886,8.1246634037657
9887,8.12510420254021
9888,8.12554500131472
9889,8.12598580008922
9890,8.12642659886374
9891,8.126867397638241
9892,8.12730819641275
9893,8.127748995187261
9894,8.12818979396177
9895,8.12863059273628
9896,8.129071391510791
9897,8.1295121902853
9898,8.129952989059811
9899,8.13039378783432
9900,8.130834586608831
9901,8.13127538538334
9902,8.13171618415785
9903,8.132156982932361
9904,8.13259778170687
9905,8.133038580481381
9906,8.13347937925589
9907,8.13392017803039
9908,8.1343609768049
9909,8.13480177557941
9910,8.135242574353919
9911,8.13568337312843
9912,8.13612417190294
9913,8.13656497067745
9914,8.13700576945196
9915,8.13744656822647
9916,8.13788736700098
9917,8.138328165775489
9918,8.13876896455
9919,8.13920976332451
9920,8.13965056209901
9921,8.14009136087353
9922,8.14053215964804
9923,8.140972958422541
9924,8.14141375719705
9925,8.14185455597156
9926,8.14229535474607
9927,8.14273615352058
9928,8.143176952295091
9929,8.1436177510696
9930,8.144058549844111
9931,8.14449934861862
9932,8.14494014739313
9933,8.14538094616764
9934,8.14582174494215
9935,8.146262543716661
9936,8.14670334249117
9937,8.14714414126568
9938,8.14758494004018
9939,8.14802573881469
9940,8.148466537589211
9941,8.14890733636371
9942,8.149348135138219
9943,8.14978893391273
9944,8.15022973268724
9945,8.15067053146175
9946,8.15111133023626
9947,8.151552129010769
9948,8.15199292778528
9949,8.152433726559789
9950,8.1528745253343
9951,8.15331532410881
9952,8.153756122883319
9953,8.15419692165783
9954,8.154637720432339
9955,8.15507851920684
9956,8.15551931798135
9957,8.15596011675586
9958,8.15640091553037
9959,8.15684171430488
9960,8.157282513079391
9961,8.1577233118539
9962,8.15816411062841
9963,8.15860490940292
9964,8.15904570817743
9965,8.159486506951941
9966,8.15992730572645
9967,8.16036810450096
9968,8.16080890327547
9969,8.16124970204997
9970,8.16169050082449
9971,8.16213129959899
9972,8.162572098373499
9973,8.16301289714802
9974,8.16345369592252
9975,8.163894494697029
9976,8.16433529347154
9977,8.164776092246049
9978,8.16521689102056
9979,8.165657689795069
9980,8.16609848856958
9981,8.16653928734409
9982,8.166980086118599
9983,8.16742088489311
9984,8.167861683667619
9985,8.16830248244213
9986,8.168743281216639
9987,8.16918407999115
9988,8.16962487876565
9989,8.17006567754016
9990,8.17050647631467
9991,8.17094727508918
9992,8.17138807386369
9993,8.1718288726382
9994,8.17226967141271
9995,8.17271047018722
9996,8.17315126896173
9997,8.17359206773624
9998,8.17403286651075
9999,8.17447366528526
10000,8.17491446405977
10001,8.17535526283428
10002,8.17579606160879
10003,8.1762368603833
10004,8.1766776591578
10005,8.17711845793232
10006,8.17755925670682
10007,8.17800005548133
10008,8.17844085425584
10009,8.17888165303035
10010,8.179322451804861
10011,8.17976325057937
10012,8.18020404935388
10013,8.18064484812839
10014,8.1810856469029
10015,8.18152644567741
10016,8.18196724445192
10017,8.182408043226431
10018,8.18284884200094
10019,8.18328964077545
10020,8.183730439549949
10021,8.18417123832446
10022,8.18461203709897
10023,8.18505283587348
10024,8.18549363464799
10025,8.1859344334225
10026,8.18637523219701
10027,8.186816030971519
10028,8.18725682974603
10029,8.18769762852054
10030,8.18813842729505
10031,8.18857922606956
10032,8.18902002484407
10033,8.18946082361858
10034,8.18990162239309
10035,8.1903424211676
10036,8.1907832199421
10037,8.19122401871661
10038,8.191664817491121
10039,8.19210561626563
10040,8.192546415040141
10041,8.19298721381465
10042,8.19342801258916
10043,8.193868811363672
10044,8.19430961013818
10045,8.194750408912691
10046,8.1951912076872
10047,8.195632006461711
10048,8.19607280523622
10049,8.19651360401073
10050,8.196954402785241
10051,8.19739520155975
10052,8.197836000334249
10053,8.19827679910876
10054,8.19871759788327
10055,8.19915839665778
10056,8.19959919543229
10057,8.200039994206799
10058,8.20048079298131
10059,8.20092159175582
10060,8.20136239053033
10061,8.20180318930484
10062,8.20224398807935
10063,8.20268478685386
10064,8.203125585628369
10065,8.20356638440288
10066,8.20400718317738
10067,8.2044479819519
10068,8.20488878072641
10069,8.20532957950092
10070,8.205770378275421
10071,8.206211177049939
10072,8.20665197582444
10073,8.20709277459895
10074,8.20753357337346
10075,8.207974372147971
10076,8.20841517092248
10077,8.208855969696991
10078,8.2092967684715
10079,8.20973756724601
10080,8.21017836602052
10081,8.21061916479503
10082,8.211059963569541
10083,8.21150076234405
10084,8.21194156111855
10085,8.21238235989306
10086,8.21282315866758
10087,8.21326395744209
10088,8.21370475621659
10089,8.214145554991099
10090,8.21458635376561
10091,8.21502715254012
10092,8.21546795131463
10093,8.21590875008914
10094,8.216349548863649
10095,8.21679034763816
10096,8.217231146412669
10097,8.21767194518718
10098,8.21811274396168
10099,8.218553542736199
10100,8.21899434151071
10101,8.21943514028521
10102,8.21987593905972
10103,8.22031673783423
10104,8.22075753660874
10105,8.22119833538325
10106,8.22163913415776
10107,8.222079932932271
10108,8.22252073170678
10109,8.22296153048129
10110,8.2234023292558
10111,8.22384312803031
10112,8.224283926804821
10113,8.22472472557933
10114,8.22516552435384
10115,8.22560632312835
10116,8.22604712190286
10117,8.22648792067737
10118,8.22692871945187
10119,8.227369518226379
10120,8.22781031700089
10121,8.22825111577541
10122,8.22869191454991
10123,8.22913271332442
10124,8.229573512098929
10125,8.23001431087344
10126,8.230455109647949
10127,8.23089590842246
10128,8.23133670719697
10129,8.231777505971479
10130,8.23221830474599
10131,8.232659103520499
10132,8.23309990229501
10133,8.233540701069519
10134,8.23398149984402
10135,8.23442229861853
10136,8.23486309739304
10137,8.23530389616755
10138,8.23574469494206
10139,8.23618549371657
10140,8.23662629249108
10141,8.23706709126559
10142,8.2375078900401
10143,8.23794868881461
10144,8.23838948758912
10145,8.23883028636363
10146,8.23927108513814
10147,8.23971188391265
10148,8.24015268268716
10149,8.24059348146166
10150,8.241034280236171
10151,8.24147507901068
10152,8.24191587778519
10153,8.2423566765597
10154,8.24279747533421
10155,8.24323827410872
10156,8.24367907288323
10157,8.244119871657741
10158,8.24456067043225
10159,8.24500146920676
10160,8.24544226798127
10161,8.24588306675578
10162,8.24632386553029
10163,8.2467646643048
10164,8.247205463079311
10165,8.24764626185381
10166,8.24808706062833
10167,8.248527859402829
10168,8.24896865817735
10169,8.24940945695185
10170,8.24985025572636
10171,8.25029105450087
10172,8.25073185327538
10173,8.25117265204989
10174,8.251613450824399
10175,8.25205424959891
10176,8.25249504837342
10177,8.25293584714793
10178,8.25337664592244
10179,8.25381744469695
10180,8.25425824347146
10181,8.25469904224597
10182,8.25513984102048
10183,8.25558063979498
10184,8.25602143856949
10185,8.256462237344001
10186,8.25690303611851
10187,8.257343834893021
10188,8.25778463366753
10189,8.25822543244204
10190,8.258666231216552
10191,8.25910702999106
10192,8.259547828765571
10193,8.25998862754008
10194,8.260429426314591
10195,8.2608702250891
10196,8.26131102386361
10197,8.261751822638121
10198,8.26219262141262
10199,8.262633420187141
10200,8.26307421896164
10201,8.26351501773615
10202,8.26395581651066
10203,8.26439661528517
10204,8.264837414059679
10205,8.26527821283419
10206,8.2657190116087
10207,8.26615981038321
10208,8.26660060915772
10209,8.26704140793223
10210,8.26748220670674
10211,8.267923005481249
10212,8.26836380425576
10213,8.26880460303026
10214,8.26924540180478
10215,8.269686200579281
10216,8.2701269993538
10217,8.270567798128301
10218,8.27100859690281
10219,8.27144939567732
10220,8.27189019445183
10221,8.27233099322634
10222,8.272771792000851
10223,8.27321259077536
10224,8.273653389549871
10225,8.27409418832438
10226,8.27453498709889
10227,8.2749757858734
10228,8.27541658464791
10229,8.275857383422421
10230,8.27629818219693
10231,8.27673898097143
10232,8.27717977974594
10233,8.27762057852045
10234,8.278061377294959
10235,8.27850217606947
10236,8.278942974843979
10237,8.27938377361849
10238,8.279824572393
10239,8.28026537116751
10240,8.28070616994202
10241,8.281146968716529
10242,8.28158776749104
10243,8.282028566265549
10244,8.28246936504006
10245,8.28291016381456
10246,8.283350962589079
10247,8.283791761363581
10248,8.28423256013809
10249,8.2846733589126
10250,8.28511415768711
10251,8.28555495646162
10252,8.28599575523613
10253,8.28643655401064
10254,8.286877352785151
10255,8.28731815155966
10256,8.28775895033417
10257,8.28819974910868
10258,8.28864054788319
10259,8.289081346657701
10260,8.28952214543221
10261,8.28996294420672
10262,8.29040374298123
10263,8.29084454175573
10264,8.29128534053025
10265,8.29172613930475
10266,8.292166938079259
10267,8.29260773685377
10268,8.29304853562828
10269,8.29348933440279
10270,8.2939301331773
10271,8.294370931951809
10272,8.29481173072632
10273,8.295252529500829
10274,8.29569332827534
10275,8.29613412704985
10276,8.296574925824359
10277,8.29701572459887
10278,8.29745652337337
10279,8.29789732214789
10280,8.298338120922399
10281,8.2987789196969
10282,8.29921971847141
10283,8.29966051724592
10284,8.30010131602043
10285,8.30054211479494
10286,8.30098291356945
10287,8.30142371234396
10288,8.30186451111847
10289,8.30230530989298
10290,8.30274610866749
10291,8.303186907442
10292,8.30362770621651
10293,8.30406850499101
10294,8.30450930376553
10295,8.30495010254004
10296,8.30539090131455
10297,8.305831700089051
10298,8.30627249886356
10299,8.30671329763807
10300,8.30715409641258
10301,8.30759489518709
10302,8.3080356939616
10303,8.30847649273611
10304,8.308917291510621
10305,8.30935809028513
10306,8.30979888905964
10307,8.31023968783415
10308,8.31068048660866
10309,8.31112128538317
10310,8.31156208415768
10311,8.31200288293218
10312,8.3124436817067
10313,8.3128844804812
10314,8.313325279255709
10315,8.31376607803022
10316,8.31420687680473
10317,8.31464767557924
10318,8.31508847435375
10319,8.31552927312826
10320,8.31597007190277
10321,8.316410870677279
10322,8.31685166945179
10323,8.3172924682263
10324,8.31773326700081
10325,8.31817406577532
10326,8.31861486454983
10327,8.31905566332434
10328,8.31949646209885
10329,8.31993726087335
10330,8.32037805964786
10331,8.32081885842237
10332,8.321259657196881
10333,8.32170045597139
10334,8.322141254745901
10335,8.32258205352041
10336,8.32302285229492
10337,8.32346365106943
10338,8.32390444984394
10339,8.324345248618451
10340,8.32478604739296
10341,8.325226846167471
10342,8.32566764494198
10343,8.32610844371649
10344,8.326549242490989
10345,8.3269900412655
10346,8.327430840040009
10347,8.32787163881452
10348,8.328312437589041
10349,8.32875323636354
10350,8.32919403513805
10351,8.329634833912559
10352,8.33007563268707
10353,8.33051643146158
10354,8.33095723023609
10355,8.3313980290106
10356,8.33183882778511
10357,8.33227962655962
10358,8.332720425334129
10359,8.33316122410864
10360,8.33360202288314
10361,8.33404282165766
10362,8.334483620432161
10363,8.33492441920668
10364,8.33536521798119
10365,8.33580601675569
10366,8.3362468155302
10367,8.33668761430471
10368,8.33712841307922
10369,8.337569211853731
10370,8.33801001062824
10371,8.338450809402751
10372,8.33889160817726
10373,8.33933240695177
10374,8.33977320572628
10375,8.34021400450079
10376,8.340654803275301
10377,8.3410956020498
10378,8.34153640082431
10379,8.34197719959882
10380,8.34241799837333
10381,8.342858797147839
10382,8.34329959592235
10383,8.343740394696859
10384,8.34418119347137
10385,8.34462199224588
10386,8.34506279102039
10387,8.3455035897949
10388,8.345944388569409
10389,8.34638518734392
10390,8.346825986118429
10391,8.34726678489294
10392,8.34770758366744
10393,8.34814838244195
10394,8.348589181216461
10395,8.34902997999097
10396,8.34947077876548
10397,8.34991157753999
10398,8.3503523763145
10399,8.35079317508901
10400,8.35123397386352
10401,8.351674772638031
10402,8.35211557141254
10403,8.35255637018705
10404,8.35299716896156
10405,8.35343796773607
10406,8.35387876651058
10407,8.35431956528509
10408,8.3547603640596
10409,8.35520116283411
10410,8.35564196160861
10411,8.356082760383119
10412,8.35652355915763
10413,8.356964357932139
10414,8.35740515670665
10415,8.35784595548116
10416,8.35828675425567
10417,8.35872755303018
10418,8.359168351804689
10419,8.3596091505792
10420,8.360049949353709
10421,8.36049074812822
10422,8.36093154690273
10423,8.361372345677239
10424,8.36181314445175
10425,8.362253943226259
10426,8.36269474200076
10427,8.363135540775279
10428,8.36357633954978
10429,8.36401713832429
10430,8.3644579370988
10431,8.364898735873311
10432,8.36533953464782
10433,8.36578033342233
10434,8.36622113219684
10435,8.36666193097135
10436,8.36710272974586
10437,8.36754352852037
10438,8.36798432729488
10439,8.36842512606939
10440,8.3688659248439
10441,8.36930672361841
10442,8.36974752239291
10443,8.37018832116742
10444,8.370629119941931
10445,8.37106991871644
10446,8.37151071749095
10447,8.37195151626546
10448,8.37239231503997
10449,8.37283311381448
10450,8.37327391258899
10451,8.373714711363501
10452,8.37415551013801
10453,8.37459630891252
10454,8.37503710768703
10455,8.37547790646154
10456,8.37591870523605
10457,8.37635950401056
10458,8.37680030278506
10459,8.37724110155957
10460,8.37768190033408
10461,8.378122699108589
10462,8.3785634978831
10463,8.37900429665761
10464,8.37944509543212
10465,8.37988589420663
10466,8.38032669298114
10467,8.38076749175565
10468,8.381208290530159
10469,8.38164908930467
10470,8.38208988807918
10471,8.38253068685369
10472,8.3829714856282
10473,8.38341228440271
10474,8.383853083177211
10475,8.384293881951729
10476,8.38473468072623
10477,8.38517547950074
10478,8.38561627827525
10479,8.386057077049761
10480,8.38649787582427
10481,8.386938674598781
10482,8.38737947337329
10483,8.3878202721478
10484,8.38826107092231
10485,8.38870186969682
10486,8.389142668471331
10487,8.38958346724584
10488,8.390024266020351
10489,8.39046506479486
10490,8.39090586356936
10491,8.391346662343869
10492,8.39178746111838
10493,8.392228259892889
10494,8.3926690586674
10495,8.39310985744191
10496,8.39355065621642
10497,8.39399145499093
10498,8.394432253765439
10499,8.39487305253995
10500,8.39531385131446
10501,8.39575465008897
10502,8.39619544886347
10503,8.39663624763799
10504,8.3970770464125
10505,8.397517845187009
10506,8.39795864396152
10507,8.39839944273603
10508,8.39884024151053
10509,8.399281040285041
10510,8.39972183905955
10511,8.400162637834061
10512,8.40060343660857
10513,8.40104423538308
10514,8.40148503415759
10515,8.4019258329321
10516,8.402366631706611
10517,8.40280743048112
10518,8.403248229255631
10519,8.40368902803014
10520,8.40412982680465
10521,8.40457062557916
10522,8.40501142435367
10523,8.405452223128169
10524,8.40589302190268
10525,8.40633382067719
10526,8.4067746194517
10527,8.40721541822621
10528,8.407656217000719
10529,8.40809701577523
10530,8.408537814549739
10531,8.40897861332425
10532,8.40941941209876
10533,8.40986021087327
10534,8.41030100964778
10535,8.410741808422289
10536,8.4111826071968
10537,8.411623405971309
10538,8.41206420474581
10539,8.41250500352032
10540,8.41294580229483
10541,8.413386601069341
10542,8.41382739984385
10543,8.41426819861836
10544,8.41470899739287
10545,8.41514979616738
10546,8.41559059494189
10547,8.4160313937164
10548,8.416472192490911
10549,8.41691299126542
10550,8.41735379003993
10551,8.41779458881444
10552,8.41823538758895
10553,8.41867618636346
10554,8.41911698513797
10555,8.41955778391247
10556,8.41999858268698
10557,8.42043938146149
10558,8.420880180235999
10559,8.42132097901051
10560,8.421761777785019
10561,8.42220257655953
10562,8.42264337533404
10563,8.42308417410855
10564,8.42352497288306
10565,8.423965771657569
10566,8.42440657043208
10567,8.424847369206589
10568,8.4252881679811
10569,8.42572896675561
10570,8.42616976553011
10571,8.42661056430462
10572,8.42705136307913
10573,8.42749216185364
10574,8.42793296062815
10575,8.42837375940266
10576,8.42881455817717
10577,8.42925535695168
10578,8.429696155726191
10579,8.4301369545007
10580,8.43057775327521
10581,8.43101855204972
10582,8.43145935082423
10583,8.43190014959874
10584,8.43234094837325
10585,8.43278174714775
10586,8.433222545922261
10587,8.43366334469677
10588,8.43410414347128
10589,8.43454494224579
10590,8.4349857410203
10591,8.435426539794811
10592,8.43586733856932
10593,8.436308137343831
10594,8.43674893611834
10595,8.43718973489285
10596,8.43763053366736
10597,8.43807133244187
10598,8.438512131216381
10599,8.43895292999089
10600,8.4393937287654
10601,8.43983452753991
10602,8.44027532631441
10603,8.44071612508892
10604,8.44115692386344
10605,8.44159772263794
10606,8.44203852141246
10607,8.44247932018696
10608,8.442920118961469
10609,8.44336091773598
10610,8.44380171651049
10611,8.444242515285
10612,8.44468331405951
10613,8.44512411283402
10614,8.44556491160853
10615,8.446005710383039
10616,8.44644650915755
10617,8.44688730793206
10618,8.44732810670656
10619,8.44776890548108
10620,8.44820970425558
10621,8.448650503030091
10622,8.4490913018046
10623,8.44953210057911
10624,8.44997289935362
10625,8.45041369812813
10626,8.450854496902641
10627,8.45129529567715
10628,8.451736094451661
10629,8.45217689322617
10630,8.45261769200068
10631,8.45305849077519
10632,8.4534992895497
10633,8.453940088324211
10634,8.45438088709872
10635,8.454821685873231
10636,8.45526248464774
10637,8.45570328342224
10638,8.456144082196749
10639,8.45658488097126
10640,8.457025679745769
10641,8.45746647852028
10642,8.45790727729479
10643,8.4583480760693
10644,8.45878887484381
10645,8.459229673618319
10646,8.45967047239283
10647,8.46011127116734
10648,8.46055206994185
10649,8.46099286871636
10650,8.46143366749087
10651,8.46187446626538
10652,8.46231526503988
10653,8.46275606381439
10654,8.4631968625889
10655,8.46363766136341
10656,8.46407846013792
10657,8.46451925891243
10658,8.464960057686941
10659,8.46540085646145
10660,8.46584165523596
10661,8.46628245401047
10662,8.46672325278498
10663,8.467164051559491
10664,8.467604850334
10665,8.468045649108511
10666,8.46848644788302
10667,8.46892724665753
10668,8.46936804543204
10669,8.46980884420654
10670,8.470249642981049
10671,8.47069044175556
10672,8.47113124053007
10673,8.47157203930458
10674,8.47201283807909
10675,8.472453636853599
10676,8.47289443562811
10677,8.473335234402619
10678,8.47377603317713
10679,8.47421683195164
10680,8.47465763072615
10681,8.47509842950066
10682,8.475539228275169
10683,8.47598002704968
10684,8.476420825824189
10685,8.47686162459869
10686,8.4773024233732
10687,8.47774322214771
10688,8.478184020922221
10689,8.47862481969673
10690,8.47906561847124
10691,8.47950641724575
10692,8.47994721602026
10693,8.48038801479477
10694,8.48082881356928
10695,8.481269612343791
10696,8.4817104111183
10697,8.48215120989281
10698,8.48259200866732
10699,8.48303280744183
10700,8.48347360621634
10701,8.48391440499085
10702,8.48435520376535
10703,8.48479600253986
10704,8.48523680131437
10705,8.485677600088879
10706,8.48611839886339
10707,8.486559197637899
10708,8.48699999641241
10709,8.48744079518692
10710,8.48788159396143
10711,8.48832239273594
10712,8.488763191510449
10713,8.48920399028496
10714,8.489644789059469
10715,8.49008558783397
10716,8.49052638660848
10717,8.490967185382999
10718,8.4914079841575
10719,8.49184878293201
10720,8.49228958170652
10721,8.49273038048103
10722,8.49317117925554
10723,8.49361197803005
10724,8.49405277680456
10725,8.49449357557907
10726,8.49493437435358
10727,8.49537517312809
10728,8.4958159719026
10729,8.49625677067711
10730,8.49669756945162
10731,8.49713836822613
10732,8.49757916700064
10733,8.49801996577515
10734,8.49846076454965
10735,8.49890156332416
10736,8.49934236209867
10737,8.49978316087318
10738,8.500223959647691
10739,8.5006647584222
10740,8.501105557196711
10741,8.50154635597122
10742,8.50198715474573
10743,8.50242795352024
10744,8.50286875229475
10745,8.503309551069261
10746,8.50375034984377
10747,8.50419114861828
10748,8.50463194739278
10749,8.5050727461673
10750,8.5055135449418
10751,8.50595434371631
10752,8.50639514249082
10753,8.50683594126533
10754,8.50727674003984
10755,8.50771753881435
10756,8.50815833758886
10757,8.50859913636337
10758,8.50903993513788
10759,8.50948073391239
10760,8.5099215326869
10761,8.51036233146141
10762,8.510803130235919
10763,8.51124392901043
10764,8.51168472778494
10765,8.51212552655945
10766,8.512566325333951
10767,8.51300712410846
10768,8.513447922882971
10769,8.51388872165748
10770,8.51432952043199
10771,8.5147703192065
10772,8.51521111798101
10773,8.515651916755521
10774,8.51609271553003
10775,8.516533514304541
10776,8.51697431307905
10777,8.51741511185356
10778,8.51785591062807
10779,8.51829670940258
10780,8.518737508177079
10781,8.5191783069516
10782,8.519619105726111
10783,8.52005990450061
10784,8.52050070327512
10785,8.520941502049629
10786,8.52138230082414
10787,8.521823099598649
10788,8.52226389837316
10789,8.52270469714767
10790,8.52314549592218
10791,8.52358629469669
10792,8.524027093471199
10793,8.52446789224571
10794,8.524908691020219
10795,8.52534948979473
10796,8.52579028856924
10797,8.52623108734374
10798,8.526671886118251
10799,8.52711268489276
10800,8.52755348366727
10801,8.52799428244179
10802,8.52843508121629
10803,8.5288758799908
10804,8.52931667876531
10805,8.529757477539821
10806,8.53019827631433
10807,8.53063907508884
10808,8.53107987386335
10809,8.53152067263786
10810,8.531961471412371
10811,8.53240227018688
10812,8.532843068961379
10813,8.53328386773589
10814,8.5337246665104
10815,8.534165465284909
10816,8.53460626405942
10817,8.535047062833929
10818,8.53548786160844
10819,8.53592866038295
10820,8.53636945915746
10821,8.53681025793197
10822,8.537251056706479
10823,8.53769185548099
10824,8.538132654255499
10825,8.53857345303001
10826,8.53901425180452
10827,8.53945505057902
10828,8.53989584935354
10829,8.54033664812804
10830,8.54077744690255
10831,8.541218245677069
10832,8.54165904445157
10833,8.54209984322608
10834,8.54254064200059
10835,8.542981440775101
10836,8.54342223954961
10837,8.54386303832412
10838,8.54430383709863
10839,8.54474463587314
10840,8.54518543464765
10841,8.54562623342216
10842,8.546067032196671
10843,8.54650783097118
10844,8.54694862974569
10845,8.5473894285202
10846,8.5478302272947
10847,8.548271026069209
10848,8.54871182484373
10849,8.54915262361823
10850,8.54959342239275
10851,8.55003422116725
10852,8.550475019941759
10853,8.55091581871627
10854,8.551356617490779
10855,8.55179741626529
10856,8.5522382150398
10857,8.55267901381431
10858,8.55311981258881
10859,8.553560611363329
10860,8.55400141013783
10861,8.554442208912349
10862,8.55488300768686
10863,8.55532380646137
10864,8.55576460523587
10865,8.55620540401039
10866,8.55664620278489
10867,8.5570870015594
10868,8.55752780033391
10869,8.55796859910842
10870,8.55840939788293
10871,8.55885019665744
10872,8.55929099543195
10873,8.55973179420646
10874,8.56017259298097
10875,8.56061339175548
10876,8.56105419052999
10877,8.5614949893045
10878,8.561935788079001
10879,8.56237658685352
10880,8.562817385628021
10881,8.56325818440253
10882,8.56369898317704
10883,8.56413978195155
10884,8.56458058072606
10885,8.565021379500571
10886,8.56546217827508
10887,8.565902977049591
10888,8.5663437758241
10889,8.56678457459861
10890,8.56722537337312
10891,8.56766617214763
10892,8.568106970922141
10893,8.56854776969665
10894,8.56898856847115
10895,8.56942936724567
10896,8.56987016602018
10897,8.57031096479468
10898,8.57075176356919
10899,8.5711925623437
10900,8.57163336111821
10901,8.57207415989272
10902,8.57251495866723
10903,8.57295575744174
10904,8.57339655621625
10905,8.57383735499076
10906,8.57427815376527
10907,8.57471895253978
10908,8.57515975131429
10909,8.575600550088799
10910,8.57604134886331
10911,8.57648214763781
10912,8.57692294641232
10913,8.577363745186831
10914,8.57780454396134
10915,8.578245342735851
10916,8.57868614151036
10917,8.57912694028487
10918,8.57956773905938
10919,8.58000853783389
10920,8.580449336608401
10921,8.58089013538291
10922,8.581330934157421
10923,8.58177173293193
10924,8.58221253170644
10925,8.58265333048095
10926,8.58309412925545
10927,8.583534928029959
10928,8.58397572680447
10929,8.58441652557898
10930,8.58485732435349
10931,8.585298123128
10932,8.585738921902509
10933,8.58617972067702
10934,8.586620519451529
10935,8.58706131822604
10936,8.58750211700055
10937,8.58794291577506
10938,8.58838371454957
10939,8.588824513324079
10940,8.589265312098581
10941,8.589706110873099
10942,8.59014690964761
10943,8.59058770842212
10944,8.59102850719663
10945,8.59146930597114
10946,8.59191010474564
10947,8.59235090352015
10948,8.59279170229466
10949,8.59323250106917
10950,8.59367329984368
10951,8.59411409861819
10952,8.594554897392701
10953,8.59499569616721
10954,8.59543649494172
10955,8.59587729371623
10956,8.59631809249074
10957,8.596758891265251
10958,8.59719969003976
10959,8.597640488814271
10960,8.59808128758878
10961,8.59852208636328
10962,8.5989628851378
10963,8.59932877720686
10964,8.59969466927592
10965,8.60006056134498
10966,8.60042645341405
10967,8.60079234548311
10968,8.60115823755218
10969,8.60152412962124
10970,8.6018900216903
10971,8.602255913759361
10972,8.602621805828429
10973,8.60298769789749
10974,8.60335358996655
10975,8.60371948203562
10976,8.60408537410468
10977,8.60445126617374
10978,8.60481715824281
10979,8.605183050311869
10980,8.605548942380931
10981,8.60591483445
10982,8.60628072651906
10983,8.606646618588119
10984,8.60701251065719
10985,8.60737840272625
10986,8.60774429479532
10987,8.60811018686438
10988,8.60847607893344
10989,8.608841971002509
10990,8.609207863071571
10991,8.60957375514063
10992,8.6099396472097
10993,8.61030553927876
10994,8.61067143134782
10995,8.61103732341689
10996,8.61140321548595
10997,8.611769107555011
10998,8.61213499962408
10999,8.61250089169314
11000,8.6128667837622
11001,8.61323267583127
11002,8.613598567900329
11003,8.61396445996939
11004,8.61433035203846
11005,8.61469624410752
11006,8.61506213617658
11007,8.61542802824565
11008,8.61579392031471
11009,8.616159812383769
11010,8.61652570445284
11011,8.6168915965219
11012,8.617257488590969
11013,8.61762338066003
11014,8.61798927272909
11015,8.61835516479815
11016,8.618721056867221
11017,8.61908694893628
11018,8.61945284100534
11019,8.619818733074409
11020,8.620184625143471
11021,8.62055051721254
11022,8.6209164092816
11023,8.62128230135066
11024,8.62164819341972
11025,8.62201408548879
11026,8.62237997755785
11027,8.622745869626911
11028,8.62311176169598
11029,8.62347765376504
11030,8.623843545834111
11031,8.62420943790317
11032,8.62457532997223
11033,8.62494122204129
11034,8.62530711411036
11035,8.62567300617942
11036,8.62603889824849
11037,8.626404790317551
11038,8.62677068238661
11039,8.62713657445568
11040,8.62750246652474
11041,8.6278683585938
11042,8.628234250662869
11043,8.62860014273193
11044,8.62896603480099
11045,8.62933192687006
11046,8.62969781893912
11047,8.63006371100818
11048,8.63042960307725
11049,8.630795495146309
11050,8.63116138721538
11051,8.63152727928444
11052,8.6318931713535
11053,8.632259063422559
11054,8.63262495549163
11055,8.63299084756069
11056,8.63335673962975
11057,8.63372263169882
11058,8.634088523767879
11059,8.63445441583694
11060,8.634820307906011
11061,8.63518619997507
11062,8.63555209204413
11063,8.6359179841132
11064,8.63628387618226
11065,8.63664976825132
11066,8.637015660320388
11067,8.637381552389451
11068,8.637747444458519
11069,8.63811333652758
11070,8.63847922859664
11071,8.6388451206657
11072,8.63921101273477
11073,8.63957690480383
11074,8.6399427968729
11075,8.64030868894196
11076,8.64067458101102
11077,8.64104047308008
11078,8.64140636514915
11079,8.641772257218209
11080,8.64213814928728
11081,8.64250404135634
11082,8.6428699334254
11083,8.64323582549447
11084,8.64360171756353
11085,8.64396760963259
11086,8.644333501701649
11087,8.64469939377072
11088,8.64506528583978
11089,8.645431177908849
11090,8.64579706997791
11091,8.64616296204697
11092,8.64652885411604
11093,8.646894746185101
11094,8.64726063825416
11095,8.64762653032323
11096,8.647992422392289
11097,8.648358314461351
11098,8.648724206530419
11099,8.64909009859948
11100,8.64945599066854
11101,8.64982188273761
11102,8.65018777480667
11103,8.65055366687573
11104,8.650919558944791
11105,8.65128545101386
11106,8.65165134308292
11107,8.652017235151991
11108,8.65238312722105
11109,8.652749019290109
11110,8.65311491135918
11111,8.65348080342824
11112,8.65384669549731
11113,8.65421258756637
11114,8.65457847963543
11115,8.6549443717045
11116,8.65531026377356
11117,8.65567615584262
11118,8.65604204791168
11119,8.656407939980749
11120,8.65677383204981
11121,8.65713972411887
11122,8.65750561618794
11123,8.657871508257001
11124,8.65823740032607
11125,8.65860329239513
11126,8.658969184464189
11127,8.65933507653326
11128,8.65970096860232
11129,8.66006686067138
11130,8.66043275274044
11131,8.66079864480951
11132,8.66116453687857
11133,8.661530428947641
11134,8.6618963210167
11135,8.66226221308576
11136,8.66262810515483
11137,8.662993997223891
11138,8.66335988929295
11139,8.66372578136202
11140,8.66409167343108
11141,8.66445756550014
11142,8.66482345756921
11143,8.66518934963827
11144,8.665555241707331
11145,8.6659211337764
11146,8.66628702584546
11147,8.66665291791453
11148,8.66701880998359
11149,8.667384702052649
11150,8.66775059412171
11151,8.66811648619078
11152,8.66848237825984
11153,8.6688482703289
11154,8.66921416239797
11155,8.66958005446703
11156,8.669945946536101
11157,8.67031183860516
11158,8.67067773067422
11159,8.671043622743289
11160,8.67140951481235
11161,8.67177540688141
11162,8.67214129895047
11163,8.672507191019541
11164,8.6728730830886
11165,8.673238975157659
11166,8.673604867226729
11167,8.673970759295791
11168,8.67433665136486
11169,8.67470254343392
11170,8.67506843550298
11171,8.67543432757205
11172,8.67580021964111
11173,8.676166111710168
11174,8.67653200377924
11175,8.676897895848299
11176,8.67726378791736
11177,8.67762967998642
11178,8.67799557205549
11179,8.67836146412455
11180,8.67872735619362
11181,8.67909324826268
11182,8.67945914033174
11183,8.6798250324008
11184,8.680190924469871
11185,8.68055681653893
11186,8.680922708608001
11187,8.68128860067706
11188,8.68165449274612
11189,8.68202038481519
11190,8.68238627688425
11191,8.68275216895331
11192,8.68311806102238
11193,8.683483953091441
11194,8.68384984516051
11195,8.68421573722957
11196,8.684581629298629
11197,8.68494752136769
11198,8.68531341343676
11199,8.68567930550582
11200,8.686045197574881
11201,8.68641108964395
11202,8.68677698171301
11203,8.687142873782081
11204,8.68750876585114
11205,8.687874657920199
11206,8.68824054998926
11207,8.68860644205833
11208,8.68897233412739
11209,8.68933822619646
11210,8.68970411826552
11211,8.69007001033458
11212,8.69043590240365
11213,8.69080179447271
11214,8.691167686541771
11215,8.69153357861083
11216,8.6918994706799
11217,8.69226536274896
11218,8.69263125481803
11219,8.69299714688709
11220,8.69336303895615
11221,8.69372893102522
11222,8.69409482309428
11223,8.69446071516334
11224,8.694826607232411
11225,8.69519249930147
11226,8.695558391370529
11227,8.6959242834396
11228,8.69629017550866
11229,8.69665606757772
11230,8.69702195964678
11231,8.69738785171585
11232,8.69775374378491
11233,8.698119635853981
11234,8.69848552792304
11235,8.69885141999211
11236,8.699217312061169
11237,8.69958320413023
11238,8.69994909619929
11239,8.70031498826836
11240,8.700680880337421
11241,8.70104677240648
11242,8.70141266447555
11243,8.70177855654461
11244,8.702144448613671
11245,8.702510340682739
11246,8.7028762327518
11247,8.70324212482086
11248,8.70360801688993
11249,8.70397390895899
11250,8.70433980102805
11251,8.70470569309712
11252,8.70507158516618
11253,8.70543747723525
11254,8.70580336930431
11255,8.70616926137337
11256,8.70653515344243
11257,8.7069010455115
11258,8.70726693758056
11259,8.70763282964963
11260,8.70799872171869
11261,8.70836461378775
11262,8.708730505856819
11263,8.709096397925881
11264,8.70946228999494
11265,8.70982818206401
11266,8.710194074133069
11267,8.71055996620213
11268,8.71092585827119
11269,8.71129175034026
11270,8.711657642409321
11271,8.71202353447839
11272,8.71238942654745
11273,8.712755318616509
11274,8.71312121068558
11275,8.71348710275464
11276,8.7138529948237
11277,8.71421888689277
11278,8.71458477896183
11279,8.71495067103089
11280,8.715316563099961
11281,8.71568245516902
11282,8.716048347238079
11283,8.71641423930715
11284,8.71678013137621
11285,8.71714602344527
11286,8.71751191551434
11287,8.7178778075834
11288,8.71824369965247
11289,8.71860959172153
11290,8.71897548379059
11291,8.719341375859651
11292,8.719707267928719
11293,8.72007315999778
11294,8.72043905206684
11295,8.72080494413591
11296,8.72117083620497
11297,8.72153672827404
11298,8.7219026203431
11299,8.72226851241216
11300,8.722634404481221
11301,8.72300029655029
11302,8.72336618861935
11303,8.723732080688421
11304,8.72409797275748
11305,8.72446386482654
11306,8.7248297568956
11307,8.72519564896467
11308,8.72556154103374
11309,8.72592743310279
11310,8.726293325171861
11311,8.72665921724092
11312,8.72702510930999
11313,8.72739100137905
11314,8.72775689344811
11315,8.72812278551718
11316,8.72848867758624
11317,8.7288545696553
11318,8.72922046172437
11319,8.72958635379343
11320,8.72995224586249
11321,8.73031813793156
11322,8.730684030000619
11323,8.73104992206968
11324,8.73141581413875
11325,8.73178170620781
11326,8.73214759827687
11327,8.73251349034594
11328,8.732879382415
11329,8.73324527448407
11330,8.73361116655313
11331,8.733977058622191
11332,8.73434295069125
11333,8.734708842760321
11334,8.73507473482938
11335,8.73544062689845
11336,8.73580651896751
11337,8.73617241103657
11338,8.73653830310563
11339,8.736904195174699
11340,8.737270087243761
11341,8.73763597931282
11342,8.73800187138189
11343,8.738367763450949
11344,8.73873365552002
11345,8.73909954758908
11346,8.73946543965814
11347,8.73983133172721
11348,8.74019722379627
11349,8.74056311586533
11350,8.740929007934401
11351,8.74129490000346
11352,8.74166079207252
11353,8.74202668414159
11354,8.74239257621065
11355,8.74275846827971
11356,8.74312436034877
11357,8.74349025241784
11358,8.7438561444869
11359,8.74422203655597
11360,8.74458792862503
11361,8.74495382069409
11362,8.745319712763159
11363,8.745685604832222
11364,8.74605149690128
11365,8.74641738897035
11366,8.74678328103941
11367,8.74714917310847
11368,8.74751506517754
11369,8.747880957246599
11370,8.748246849315661
11371,8.74861274138473
11372,8.74897863345379
11373,8.749344525522849
11374,8.74971041759192
11375,8.75007630966098
11376,8.75044220173004
11377,8.75080809379911
11378,8.75117398586817
11379,8.75153987793723
11380,8.751905770006301
11381,8.75227166207536
11382,8.75263755414442
11383,8.75300344621349
11384,8.75336933828255
11385,8.75373523035161
11386,8.75410112242068
11387,8.754467014489741
11388,8.75483290655881
11389,8.75519879862787
11390,8.75556469069693
11391,8.755930582766
11392,8.75629647483506
11393,8.75666236690412
11394,8.75702825897319
11395,8.75739415104225
11396,8.75776004311131
11397,8.75812593518038
11398,8.75849182724944
11399,8.758857719318499
11400,8.75922361138757
11401,8.75958950345663
11402,8.75995539552569
11403,8.76032128759476
11404,8.76068717966382
11405,8.76105307173288
11406,8.76141896380195
11407,8.76178485587101
11408,8.76215074794007
11409,8.762516640009139
11410,8.762882532078201
11411,8.76324842414726
11412,8.76361431621633
11413,8.763980208285389
11414,8.76434610035445
11415,8.76471199242352
11416,8.76507788449258
11417,8.76544377656165
11418,8.76580966863071
11419,8.76617556069977
11420,8.76654145276883
11421,8.7669073448379
11422,8.76727323690696
11423,8.76763912897602
11424,8.76800502104509
11425,8.76837091311415
11426,8.76873680518321
11427,8.769102697252281
11428,8.76946858932134
11429,8.76983448139041
11430,8.77020037345947
11431,8.77056626552853
11432,8.7709321575976
11433,8.77129804966666
11434,8.77166394173572
11435,8.77202983380479
11436,8.77239572587385
11437,8.77276161794291
11438,8.77312751001198
11439,8.773493402081039
11440,8.773859294150101
11441,8.77422518621917
11442,8.77459107828823
11443,8.77495697035729
11444,8.77532286242636
11445,8.77568875449542
11446,8.776054646564479
11447,8.77642053863355
11448,8.77678643070261
11449,8.77715232277167
11450,8.77751821484074
11451,8.7778841069098
11452,8.77824999897886
11453,8.77861589104793
11454,8.77898178311699
11455,8.77934767518605
11456,8.779713567255119
11457,8.780079459324181
11458,8.78044535139324
11459,8.78081124346231
11460,8.78117713553137
11461,8.78154302760043
11462,8.7819089196695
11463,8.78227481173856
11464,8.78264070380762
11465,8.78300659587669
11466,8.78337248794575
11467,8.78373838001481
11468,8.78410427208388
11469,8.784470164152939
11470,8.78483605622201
11471,8.78520194829107
11472,8.78556784036013
11473,8.7859337324292
11474,8.78629962449826
11475,8.78666551656732
11476,8.787031408636379
11477,8.78739730070545
11478,8.78776319277451
11479,8.788129084843579
11480,8.78849497691264
11481,8.7888608689817
11482,8.78922676105076
11483,8.789592653119831
11484,8.78995854518889
11485,8.79032443725796
11486,8.790690329327019
11487,8.791056221396081
11488,8.79142211346515
11489,8.79178800553421
11490,8.79215389760327
11491,8.79251978967234
11492,8.7928856817414
11493,8.79325157381046
11494,8.79361746587953
11495,8.79398335794859
11496,8.79434925001765
11497,8.794715142086721
11498,8.79508103415578
11499,8.79544692622484
11500,8.79581281829391
11501,8.79617871036297
11502,8.79654460243203
11503,8.7969104945011
11504,8.79727638657016
11505,8.79764227863923
11506,8.79800817070829
11507,8.79837406277735
11508,8.79873995484641
11509,8.799105846915479
11510,8.79947173898454
11511,8.7998376310536
11512,8.80020352312267
11513,8.80056941519173
11514,8.80093530726079
11515,8.80130119932986
11516,8.801667091398919
11517,8.802032983467981
11518,8.80239887553705
11519,8.80276476760611
11520,8.803130659675169
11521,8.80349655174424
11522,8.8038624438133
11523,8.80422833588236
11524,8.80459422795143
11525,8.80496012002049
11526,8.805326012089559
11527,8.805691904158621
11528,8.80605779622768
11529,8.80642368829675
11530,8.80678958036581
11531,8.80715547243487
11532,8.80752136450394
11533,8.807887256573
11534,8.808253148642061
11535,8.808619040711129
11536,8.80898493278019
11537,8.80935082484925
11538,8.80971671691832
11539,8.81008260898738
11540,8.81044850105644
11541,8.81081439312551
11542,8.81118028519457
11543,8.81154617726363
11544,8.81191206933269
11545,8.81227796140176
11546,8.812643853470819
11547,8.81300974553989
11548,8.81337563760895
11549,8.81374152967801
11550,8.81410742174708
11551,8.81447331381614
11552,8.81483920588521
11553,8.815205097954271
11554,8.81557099002333
11555,8.815936882092391
11556,8.816302774161459
11557,8.81666866623052
11558,8.81703455829958
11559,8.81740045036865
11560,8.81776634243771
11561,8.81813223450677
11562,8.81849812657584
11563,8.818864018644899
11564,8.819229910713961
11565,8.819595802783029
11566,8.81996169485209
11567,8.82032758692116
11568,8.82069347899022
11569,8.82105937105928
11570,8.82142526312835
11571,8.82179115519741
11572,8.82215704726647
11573,8.82252293933553
11574,8.822888831404601
11575,8.82325472347366
11576,8.82362061554273
11577,8.82398650761179
11578,8.82435239968085
11579,8.82471829174992
11580,8.82508418381898
11581,8.82545007588804
11582,8.82581596795711
11583,8.82618186002617
11584,8.82654775209523
11585,8.8269136441643
11586,8.827279536233359
11587,8.82764542830242
11588,8.82801132037149
11589,8.82837721244055
11590,8.82874310450961
11591,8.82910899657868
11592,8.82947488864774
11593,8.829840780716799
11594,8.83020667278587
11595,8.83057256485493
11596,8.83093845692399
11597,8.83130434899306
11598,8.83167024106212
11599,8.83203613313119
11600,8.83240202520025
11601,8.83276791726931
11602,8.83313380933837
11603,8.83349970140744
11604,8.833865593476501
11605,8.834231485545569
11606,8.83459737761463
11607,8.83496326968369
11608,8.83532916175275
11609,8.83569505382182
11610,8.83606094589088
11611,8.83642683795994
11612,8.83679273002901
11613,8.83715862209807
11614,8.837524514167141
11615,8.8378904062362
11616,8.838256298305259
11617,8.83862219037432
11618,8.83898808244339
11619,8.83935397451245
11620,8.83971986658151
11621,8.84008575865058
11622,8.84045165071964
11623,8.840817542788699
11624,8.84118343485777
11625,8.84154932692683
11626,8.841915218995899
11627,8.84228111106496
11628,8.84264700313402
11629,8.84301289520309
11630,8.843378787272151
11631,8.84374467934121
11632,8.84411057141028
11633,8.844476463479339
11634,8.844842355548401
11635,8.84520824761747
11636,8.84557413968653
11637,8.84594003175559
11638,8.84630592382466
11639,8.84667181589372
11640,8.84703770796278
11641,8.84740360003185
11642,8.847769492100909
11643,8.84813538416997
11644,8.848501276239041
11645,8.8488671683081
11646,8.84923306037716
11647,8.84959895244623
11648,8.84996484451529
11649,8.85033073658436
11650,8.85069662865342
11651,8.851062520722481
11652,8.85142841279154
11653,8.85179430486061
11654,8.85216019692967
11655,8.85252608899874
11656,8.852891981067799
11657,8.85325787313686
11658,8.85362376520592
11659,8.85398965727499
11660,8.854355549344051
11661,8.85472144141311
11662,8.85508733348218
11663,8.855453225551239
11664,8.85581911762031
11665,8.85618500968937
11666,8.85655090175843
11667,8.8569167938275
11668,8.85728268589656
11669,8.85764857796562
11670,8.858014470034691
11671,8.85838036210375
11672,8.858746254172809
11673,8.85911214624188
11674,8.85947803831094
11675,8.85984393038
11676,8.86020982244907
11677,8.86057571451813
11678,8.86094160658719
11679,8.86130749865626
11680,8.86167339072532
11681,8.862039282794381
11682,8.862405174863449
11683,8.86277106693251
11684,8.86313695900157
11685,8.86350285107064
11686,8.8638687431397
11687,8.86423463520876
11688,8.86460052727783
11689,8.86496641934689
11690,8.86533231141595
11691,8.865698203485021
11692,8.86606409555408
11693,8.866429987623139
11694,8.86679587969221
11695,8.86716177176127
11696,8.86752766383033
11697,8.8678935558994
11698,8.86825944796846
11699,8.86862534003752
11700,8.868991232106591
11701,8.86935712417565
11702,8.86972301624471
11703,8.870088908313779
11704,8.87045480038284
11705,8.8708206924519
11706,8.87118658452097
11707,8.87155247659003
11708,8.87191836865909
11709,8.87228426072816
11710,8.87265015279722
11711,8.873016044866281
11712,8.873381936935349
11713,8.87374782900441
11714,8.87411372107347
11715,8.87447961314254
11716,8.8748455052116
11717,8.87521139728067
11718,8.87557728934973
11719,8.87594318141879
11720,8.87630907348786
11721,8.876674965556921
11722,8.87704085762598
11723,8.877406749695052
11724,8.87777264176411
11725,8.87813853383317
11726,8.87850442590223
11727,8.8788703179713
11728,8.87923621004036
11729,8.87960210210942
11730,8.879967994178491
11731,8.88033388624756
11732,8.88069977831662
11733,8.881065670385679
11734,8.88143156245474
11735,8.88179745452381
11736,8.88216334659287
11737,8.882529238661931
11738,8.882895130731
11739,8.88326102280006
11740,8.883626914869119
11741,8.88399280693819
11742,8.88435869900725
11743,8.88472459107632
11744,8.88509048314538
11745,8.88545637521444
11746,8.88582226728351
11747,8.886188159352571
11748,8.88655405142163
11749,8.886919943490689
11750,8.88728583555976
11751,8.887651727628821
11752,8.88801761969788
11753,8.88838351176695
11754,8.88874940383601
11755,8.88911529590508
11756,8.88948118797414
11757,8.8898470800432
11758,8.89021297211227
11759,8.890578864181329
11760,8.89094475625039
11761,8.89131064831946
11762,8.89167654038852
11763,8.892042432457579
11764,8.89240832452665
11765,8.89277421659571
11766,8.89314010866477
11767,8.893506000733831
11768,8.8938718928029
11769,8.89423778487196
11770,8.894603676941031
11771,8.89496956901009
11772,8.89533546107915
11773,8.89570135314821
11774,8.89606724521728
11775,8.89643313728634
11776,8.89679902935541
11777,8.897164921424471
11778,8.89753081349353
11779,8.8978967055626
11780,8.89826259763166
11781,8.89862848970072
11782,8.89899438176979
11783,8.89936027383885
11784,8.89972616590791
11785,8.90009205797698
11786,8.90045795004604
11787,8.9008238421151
11788,8.90118973418417
11789,8.901555626253229
11790,8.9019215183223
11791,8.90228741039136
11792,8.90265330246042
11793,8.90301919452949
11794,8.90338508659855
11795,8.90375097866761
11796,8.90411687073668
11797,8.90448276280574
11798,8.904848654874801
11799,8.90521454694386
11800,8.905580439012931
11801,8.90594633108199
11802,8.90631222315106
11803,8.906678115220119
11804,8.90704400728918
11805,8.90740989935824
11806,8.90777579142731
11807,8.908141683496371
11808,8.90850757556544
11809,8.9088734676345
11810,8.909239359703559
11811,8.90960525177263
11812,8.90997114384169
11813,8.91033703591075
11814,8.910702927979811
11815,8.91106882004888
11816,8.91143471211794
11817,8.911800604187011
11818,8.91216649625607
11819,8.912532388325129
11820,8.9128982803942
11821,8.91326417246326
11822,8.91363006453232
11823,8.91399595660139
11824,8.91436184867045
11825,8.91472774073951
11826,8.91509363280857
11827,8.91545952487764
11828,8.915825416946701
11829,8.916191309015769
11830,8.916557201084832
11831,8.91692309315389
11832,8.91728898522296
11833,8.91765487729202
11834,8.91802076936109
11835,8.91838666143015
11836,8.91875255349921
11837,8.919118445568271
11838,8.91948433763734
11839,8.9198502297064
11840,8.920216121775459
11841,8.92058201384453
11842,8.92094790591359
11843,8.92131379798265
11844,8.92167969005172
11845,8.92204558212078
11846,8.922411474189849
11847,8.922777366258911
11848,8.92314325832797
11849,8.92350915039704
11850,8.9238750424661
11851,8.92424093453516
11852,8.92460682660423
11853,8.92497271867329
11854,8.925338610742351
11855,8.92570450281142
11856,8.92607039488048
11857,8.92643628694954
11858,8.92680217901861
11859,8.927168071087669
11860,8.92753396315673
11861,8.92789985522579
11862,8.92826574729486
11863,8.92863163936392
11864,8.92899753143299
11865,8.92936342350205
11866,8.929729315571109
11867,8.93009520764018
11868,8.93046109970924
11869,8.9308269917783
11870,8.931192883847359
11871,8.93155877591643
11872,8.93192466798549
11873,8.93229056005456
11874,8.93265645212362
11875,8.93302234419268
11876,8.933388236261749
11877,8.933754128330811
11878,8.93412002039987
11879,8.93448591246894
11880,8.934851804537999
11881,8.93521769660707
11882,8.93558358867613
11883,8.93594948074519
11884,8.936315372814251
11885,8.93668126488332
11886,8.93704715695238
11887,8.93741304902144
11888,8.93777894109051
11889,8.93814483315957
11890,8.93851072522863
11891,8.9388766172977
11892,8.93924250936676
11893,8.93960840143582
11894,8.939974293504891
11895,8.94034018557395
11896,8.94070607764302
11897,8.94107196971208
11898,8.94143786178114
11899,8.941803753850209
11900,8.94216964591927
11901,8.94253553798833
11902,8.9429014300574
11903,8.94326732212646
11904,8.94363321419552
11905,8.94399910626459
11906,8.944364998333649
11907,8.94473089040272
11908,8.94509678247178
11909,8.94546267454084
11910,8.9458285666099
11911,8.94619445867897
11912,8.94656035074803
11913,8.94692624281709
11914,8.94729213488616
11915,8.94765802695522
11916,8.94802391902428
11917,8.948389811093351
11918,8.94875570316241
11919,8.94912159523147
11920,8.94948748730053
11921,8.9498533793696
11922,8.95021927143866
11923,8.950585163507728
11924,8.950951055576791
11925,8.95131694764585
11926,8.95168283971492
11927,8.95204873178398
11928,8.95241462385304
11929,8.95278051592211
11930,8.95314640799117
11931,8.95351230006023
11932,8.9538781921293
11933,8.95424408419836
11934,8.95460997626742
11935,8.95497586833649
11936,8.955341760405549
11937,8.95570765247462
11938,8.95607354454368
11939,8.95643943661274
11940,8.95680532868181
11941,8.95717122075087
11942,8.95753711281993
11943,8.95790300488899
11944,8.95826889695806
11945,8.95863478902712
11946,8.95900068109618
11947,8.959366573165251
11948,8.95973246523431
11949,8.96009835730338
11950,8.960464249372441
11951,8.9608301414415
11952,8.96119603351057
11953,8.961561925579629
11954,8.961927817648691
11955,8.962293709717759
11956,8.96265960178682
11957,8.96302549385588
11958,8.96339138592495
11959,8.96375727799401
11960,8.96412317006307
11961,8.96448906213214
11962,8.9648549542012
11963,8.96522084627026
11964,8.965586738339331
11965,8.96595263040839
11966,8.966318522477449
11967,8.96668441454652
11968,8.96705030661558
11969,8.96741619868464
11970,8.96778209075371
11971,8.96814798282277
11972,8.96851387489183
11973,8.9688797669609
11974,8.96924565902996
11975,8.96961155109902
11976,8.969977443168089
11977,8.97034333523715
11978,8.97070922730621
11979,8.97107511937528
11980,8.97144101144434
11981,8.9718069035134
11982,8.97217279558247
11983,8.972538687651529
11984,8.9729045797206
11985,8.97327047178966
11986,8.97363636385872
11987,8.97400225592779
11988,8.97436814799685
11989,8.97473404006592
11990,8.97509993213497
11991,8.97546582420404
11992,8.9758317162731
11993,8.976197608342169
11994,8.976563500411231
11995,8.97692939248029
11996,8.97729528454936
11997,8.97766117661842
11998,8.97802706868748
11999,8.97839296075655
12000,8.97875885282561
12001,8.979124744894671
12002,8.97949063696374
12003,8.9798565290328
12004,8.98022242110186
12005,8.98058831317093
12006,8.980954205239989
12007,8.98132009730905
12008,8.98168598937811
12009,8.98205188144718
12010,8.98241777351624
12011,8.98278366558531
12012,8.98314955765437
12013,8.983515449723429
12014,8.9838813417925
12015,8.98424723386156
12016,8.98461312593062
12017,8.98497901799969
12018,8.98534491006875
12019,8.98571080213781
12020,8.986076694206881
12021,8.98644258627594
12022,8.98680847834501
12023,8.987174370414069
12024,8.987540262483131
12025,8.98790615455219
12026,8.98827204662126
12027,8.98863793869032
12028,8.98900383075939
12029,8.98936972282845
12030,8.989735614897508
12031,8.99010150696658
12032,8.99046739903564
12033,8.9908332911047
12034,8.99119918317377
12035,8.99156507524283
12036,8.99193096731189
12037,8.99229685938096
12038,8.99266275145002
12039,8.99302864351908
12040,8.99339453558815
12041,8.993760427657211
12042,8.99412631972627
12043,8.99449221179534
12044,8.9948581038644
12045,8.99522399593346
12046,8.99558988800252
12047,8.99595578007159
12048,8.99632167214065
12049,8.99668756420972
12050,8.99705345627878
12051,8.99741934834785
12052,8.9977852404169
12053,8.998151132485969
12054,8.998517024555031
12055,8.9988829166241
12056,8.99924880869316
12057,8.99961470076222
12058,8.99998059283129
12059,9.00034648490035
12060,9.000712376969409
12061,9.00107826903848
12062,9.001444161107539
12063,9.001810053176609
12064,9.00217594524567
12065,9.00254183731473
12066,9.00290772938379
12067,9.00327362145286
12068,9.00363951352192
12069,9.00400540559098
12070,9.00437129766005
12071,9.004737189729111
12072,9.005103081798179
12073,9.00546897386724
12074,9.0058348659363
12075,9.00620075800537
12076,9.00656665007443
12077,9.00693254214349
12078,9.00729843421256
12079,9.00766432628162
12080,9.00803021835068
12081,9.00839611041974
12082,9.00876200248881
12083,9.009127894557869
12084,9.00949378662693
12085,9.009859678696
12086,9.01022557076506
12087,9.01059146283412
12088,9.01095735490319
12089,9.01132324697225
12090,9.011689139041309
12091,9.01205503111038
12092,9.01242092317944
12093,9.012786815248509
12094,9.01315270731757
12095,9.01351859938663
12096,9.0138844914557
12097,9.014250383524761
12098,9.01461627559382
12099,9.01498216766288
12100,9.015348059731949
12101,9.015713951801011
12102,9.016079843870079
12103,9.01644573593914
12104,9.0168116280082
12105,9.01717752007727
12106,9.01754341214633
12107,9.0179093042154
12108,9.01827519628446
12109,9.01864108835352
12110,9.01900698042258
12111,9.019372872491651
12112,9.01973876456071
12113,9.02010465662978
12114,9.02047054869884
12115,9.0208364407679
12116,9.02120233283697
12117,9.02156822490602
12118,9.02193411697509
12119,9.022300009044159
12120,9.02266590111322
12121,9.02303179318228
12122,9.02339768525135
12123,9.023763577320409
12124,9.02412946938947
12125,9.02449536145854
12126,9.0248612535276
12127,9.025227145596661
12128,9.02559303766572
12129,9.02595892973479
12130,9.026324821803849
12131,9.02669071387292
12132,9.02705660594198
12133,9.02742249801104
12134,9.0277883900801
12135,9.02815428214917
12136,9.02852017421823
12137,9.028886066287301
12138,9.02925195835636
12139,9.02961785042542
12140,9.02998374249448
12141,9.03034963456355
12142,9.03071552663261
12143,9.03108141870168
12144,9.03144731077074
12145,9.0318132028398
12146,9.03217909490887
12147,9.03254498697793
12148,9.032910879046991
12149,9.033276771116059
12150,9.03364266318512
12151,9.03400855525418
12152,9.03437444732325
12153,9.03474033939231
12154,9.03510623146137
12155,9.03547212353044
12156,9.0358380155995
12157,9.03620390766856
12158,9.03656979973763
12159,9.03693569180669
12160,9.037301583875761
12161,9.03766747594482
12162,9.03803336801388
12163,9.03839926008294
12164,9.03876515215201
12165,9.03913104422107
12166,9.03949693629014
12167,9.039862828359201
12168,9.04022872042826
12169,9.040594612497319
12170,9.040960504566389
12171,9.04132639663545
12172,9.04169228870452
12173,9.04205818077358
12174,9.04242407284264
12175,9.04278996491171
12176,9.04315585698077
12177,9.043521749049829
12178,9.043887641118891
12179,9.044253533187959
12180,9.04461942525703
12181,9.04498531732608
12182,9.04535120939515
12183,9.04571710146421
12184,9.04608299353328
12185,9.04644888560234
12186,9.0468147776714
12187,9.04718066974047
12188,9.047546561809531
12189,9.04791245387859
12190,9.048278345947649
12191,9.04864423801672
12192,9.04901013008578
12193,9.04937602215485
12194,9.04974191422391
12195,9.05010780629298
12196,9.05047369836204
12197,9.050839590431101
12198,9.05120548250016
12199,9.05157137456923
12200,9.051937266638289
12201,9.05230315870736
12202,9.05266905077642
12203,9.05303494284548
12204,9.05340083491455
12205,9.05376672698361
12206,9.05413261905267
12207,9.054498511121729
12208,9.0548644031908
12209,9.05523029525986
12210,9.05559618732892
12211,9.05596207939799
12212,9.05632797146705
12213,9.05669386353611
12214,9.05705975560518
12215,9.05742564767424
12216,9.05779153974331
12217,9.05815743181237
12218,9.058523323881431
12219,9.058889215950499
12220,9.05925510801956
12221,9.05962100008862
12222,9.05998689215769
12223,9.06035278422675
12224,9.06071867629581
12225,9.06108456836488
12226,9.061450460433939
12227,9.061816352503
12228,9.062182244572071
12229,9.06254813664113
12230,9.062914028710189
12231,9.06327992077925
12232,9.06364581284832
12233,9.06401170491738
12234,9.06437759698645
12235,9.06474348905551
12236,9.06510938112457
12237,9.065475273193641
12238,9.0658411652627
12239,9.06620705733177
12240,9.066572949400829
12241,9.06693884146989
12242,9.06730473353895
12243,9.06767062560802
12244,9.068036517677081
12245,9.06840240974614
12246,9.06876830181521
12247,9.06913419388427
12248,9.06950008595333
12249,9.0698659780224
12250,9.07023187009146
12251,9.07059776216052
12252,9.07096365422959
12253,9.07132954629865
12254,9.07169543836771
12255,9.07206133043678
12256,9.072427222505839
12257,9.07279311457491
12258,9.07315900664397
12259,9.07352489871303
12260,9.07389079078209
12261,9.07425668285116
12262,9.07462257492022
12263,9.07498846698929
12264,9.07535435905835
12265,9.07572025112741
12266,9.076086143196479
12267,9.076452035265541
12268,9.0768179273346
12269,9.07718381940367
12270,9.077549711472729
12271,9.07791560354179
12272,9.07828149561086
12273,9.07864738767992
12274,9.079013279748981
12275,9.07937917181805
12276,9.07974506388711
12277,9.080110955956169
12278,9.08047684802523
12279,9.0808427400943
12280,9.08120863216336
12281,9.08157452423243
12282,9.08194041630149
12283,9.08230630837055
12284,9.082672200439621
12285,9.08303809250868
12286,9.08340398457775
12287,9.08376987664681
12288,9.08413576871587
12289,9.08450166078493
12290,9.084867552854
12291,9.08523344492306
12292,9.08559933699212
12293,9.08596522906119
12294,9.08633112113025
12295,9.08669701319932
12296,9.087062905268379
12297,9.087428797337441
12298,9.08779468940651
12299,9.08816058147557
12300,9.08852647354463
12301,9.08889236561369
12302,9.08925825768276
12303,9.08962414975182
12304,9.08999004182089
12305,9.090355933889951
12306,9.09072182595901
12307,9.091087718028081
12308,9.09145361009714
12309,9.0918195021662
12310,9.09218539423526
12311,9.09255128630433
12312,9.09291717837339
12313,9.09328307044246
12314,9.093648962511521
12315,9.09401485458058
12316,9.09438074664965
12317,9.09474663871871
12318,9.09511253078777
12319,9.09547842285684
12320,9.0958443149259
12321,9.09621020699496
12322,9.09657609906403
12323,9.09694199113309
12324,9.09730788320215
12325,9.09767377527122
12326,9.098039667340279
12327,9.09840555940934
12328,9.09877145147841
12329,9.09913734354747
12330,9.09950323561653
12331,9.0998691276856
12332,9.10023501975466
12333,9.100600911823719
12334,9.10096680389278
12335,9.101332695961851
12336,9.10169858803091
12337,9.10206448009998
12338,9.10243037216904
12339,9.1027962642381
12340,9.10316215630717
12341,9.10352804837623
12342,9.10389394044529
12343,9.104259832514359
12344,9.104625724583421
12345,9.10499161665248
12346,9.10535750872155
12347,9.105723400790609
12348,9.10608929285968
12349,9.10645518492874
12350,9.1068210769978
12351,9.10718696906687
12352,9.10755286113593
12353,9.10791875320499
12354,9.108284645274061
12355,9.10865053734312
12356,9.10901642941218
12357,9.10938232148125
12358,9.10974821355031
12359,9.11011410561937
12360,9.11047999768844
12361,9.1108458897575
12362,9.11121178182656
12363,9.11157767389563
12364,9.11194356596469
12365,9.11230945803375
12366,9.112675350102819
12367,9.11304124217188
12368,9.11340713424094
12369,9.11377302631001
12370,9.11413891837907
12371,9.11450481044813
12372,9.1148707025172
12373,9.115236594586259
12374,9.115602486655321
12375,9.11596837872439
12376,9.11633427079345
12377,9.116700162862509
12378,9.11706605493158
12379,9.11743194700064
12380,9.1177978390697
12381,9.11816373113877
12382,9.11852962320783
12383,9.11889551527689
12384,9.119261407345961
12385,9.11962729941502
12386,9.11999319148408
12387,9.12035908355315
12388,9.12072497562221
12389,9.12109086769127
12390,9.12145675976034
12391,9.121822651829401
12392,9.12218854389847
12393,9.12255443596753
12394,9.12292032803659
12395,9.12328622010566
12396,9.12365211217472
12397,9.12401800424378
12398,9.12438389631285
12399,9.12474978838191
12400,9.12511568045097
12401,9.12548157252004
12402,9.1258474645891
12403,9.126213356658159
12404,9.12657924872723
12405,9.12694514079629
12406,9.12731103286535
12407,9.12767692493442
12408,9.12804281700348
12409,9.12840870907254
12410,9.12877460114161
12411,9.12914049321067
12412,9.129506385279731
12413,9.129872277348799
12414,9.130238169417861
12415,9.13060406148692
12416,9.13096995355599
12417,9.13133584562505
12418,9.13170173769412
12419,9.13206762976318
12420,9.13243352183224
12421,9.132799413901301
12422,9.133165305970369
12423,9.13353119803943
12424,9.13389709010849
12425,9.13426298217756
12426,9.13462887424662
12427,9.13499476631568
12428,9.13536065838475
12429,9.13572655045381
12430,9.13609244252287
12431,9.136458334591941
12432,9.136824226661
12433,9.13719011873007
12434,9.13755601079913
12435,9.13792190286819
12436,9.13828779493726
12437,9.13865368700631
12438,9.13901957907538
12439,9.13938547114444
12440,9.13975136321351
12441,9.14011725528257
12442,9.14048314735164
12443,9.140849039420699
12444,9.14121493148976
12445,9.14158082355882
12446,9.14194671562789
12447,9.14231260769695
12448,9.14267849976602
12449,9.14304439183508
12450,9.143410283904139
12451,9.14377617597321
12452,9.14414206804227
12453,9.14450796011133
12454,9.144873852180389
12455,9.14523974424946
12456,9.14560563631852
12457,9.14597152838759
12458,9.14633742045665
12459,9.14670331252571
12460,9.147069204594779
12461,9.147435096663841
12462,9.147800988732909
12463,9.14816688080197
12464,9.14853277287103
12465,9.14889866494009
12466,9.14926455700916
12467,9.14963044907822
12468,9.14999634114729
12469,9.15036223321635
12470,9.15072812528541
12471,9.15109401735447
12472,9.15145990942354
12473,9.151825801492599
12474,9.15219169356166
12475,9.15255758563073
12476,9.15292347769979
12477,9.15328936976885
12478,9.15365526183792
12479,9.15402115390698
12480,9.154387045976051
12481,9.15475293804511
12482,9.15511883011417
12483,9.15548472218323
12484,9.1558506142523
12485,9.15621650632136
12486,9.15658239839043
12487,9.156948290459491
12488,9.15731418252855
12489,9.15768007459762
12490,9.158045966666679
12491,9.158411858735741
12492,9.15877775080481
12493,9.15914364287387
12494,9.15950953494293
12495,9.159875427012
12496,9.16024131908106
12497,9.16060721115012
12498,9.16097310321919
12499,9.16133899528825
12500,9.16170488735731
12501,9.162070779426381
12502,9.16243667149544
12503,9.16280256356451
12504,9.16316845563357
12505,9.16353434770263
12506,9.16390023977169
12507,9.16426613184075
12508,9.164632023909821
12509,9.16499791597888
12510,9.16536380804795
12511,9.16572970011701
12512,9.16609559218607
12513,9.166461484255139
12514,9.1668273763242
12515,9.16719326839326
12516,9.16755916046233
12517,9.16792505253139
12518,9.16829094460045
12519,9.16865683666952
12520,9.169022728738579
12521,9.169388620807641
12522,9.16975451287671
12523,9.17012040494577
12524,9.170486297014829
12525,9.1708521890839
12526,9.17121808115296
12527,9.171583973222031
12528,9.17194986529109
12529,9.172315757360149
12530,9.17268164942921
12531,9.173047541498281
12532,9.17341343356734
12533,9.17377932563641
12534,9.17414521770547
12535,9.17451110977453
12536,9.1748770018436
12537,9.17524289391266
12538,9.175608785981721
12539,9.17597467805078
12540,9.17634057011985
12541,9.17670646218891
12542,9.17707235425798
12543,9.17743824632704
12544,9.1778041383961
12545,9.17817003046517
12546,9.17853592253423
12547,9.17890181460329
12548,9.179267706672361
12549,9.17963359874142
12550,9.179999490810479
12551,9.18036538287955
12552,9.18073127494861
12553,9.18109716701767
12554,9.18146305908673
12555,9.1818289511558
12556,9.18219484322486
12557,9.182560735293931
12558,9.18292662736299
12559,9.18329251943205
12560,9.183658411501119
12561,9.18402430357018
12562,9.18439019563924
12563,9.18475608770831
12564,9.18512197977737
12565,9.18548787184644
12566,9.1858537639155
12567,9.186219655984559
12568,9.18658554805363
12569,9.186951440122689
12570,9.18731733219175
12571,9.18768322426081
12572,9.18804911632988
12573,9.18841500839894
12574,9.18878090046801
12575,9.18914679253707
12576,9.18951268460613
12577,9.18987857667519
12578,9.190244468744261
12579,9.19061036081332
12580,9.19097625288239
12581,9.19134214495145
12582,9.19170803702051
12583,9.19207392908958
12584,9.19243982115864
12585,9.1928057132277
12586,9.19317160529677
12587,9.19353749736583
12588,9.19390338943489
12589,9.19426928150396
12590,9.194635173573019
12591,9.19500106564208
12592,9.19536695771114
12593,9.19573284978021
12594,9.196098741849271
12595,9.19646463391833
12596,9.1968305259874
12597,9.197196418056459
12598,9.19756231012553
12599,9.19792820219459
12600,9.19829409426365
12601,9.19865998633272
12602,9.19902587840178
12603,9.19939177047085
12604,9.199757662539911
12605,9.20012355460897
12606,9.20048944667803
12607,9.2008553387471
12608,9.201221230816161
12609,9.20158712288522
12610,9.20195301495429
12611,9.20231890702335
12612,9.20268479909241
12613,9.20305069116148
12614,9.20341658323054
12615,9.203782475299601
12616,9.20414836736867
12617,9.20451425943773
12618,9.2048801515068
12619,9.20524604357586
12620,9.205611935644919
12621,9.20597782771398
12622,9.20634371978305
12623,9.20670961185211
12624,9.20707550392117
12625,9.20744139599024
12626,9.2078072880593
12627,9.208173180128359
12628,9.20853907219743
12629,9.2089049642665
12630,9.209270856335559
12631,9.20963674840462
12632,9.21000264047368
12633,9.21036853254274
12634,9.210734424611811
12635,9.21110031668087
12636,9.21146620874994
12637,9.211832100818999
12638,9.212197992888061
12639,9.21256388495713
12640,9.21292977702619
12641,9.21329566909525
12642,9.21366156116432
12643,9.21402745323338
12644,9.214393345302438
12645,9.21475923737151
12646,9.215125129440569
12647,9.21549102150963
12648,9.2158569135787
12649,9.21622280564776
12650,9.21658869771683
12651,9.21695458978589
12652,9.21732048185495
12653,9.21768637392401
12654,9.21805226599308
12655,9.218418158062141
12656,9.218784050131209
12657,9.219149942200259
12658,9.21951583426933
12659,9.21988172633839
12660,9.220247618407459
12661,9.22061351047652
12662,9.22097940254558
12663,9.22134529461465
12664,9.221711186683711
12665,9.22207707875277
12666,9.22244297082184
12667,9.222808862890899
12668,9.22317475495996
12669,9.22354064702903
12670,9.22390653909809
12671,9.224272431167151
12672,9.22463832323622
12673,9.22500421530528
12674,9.225370107374339
12675,9.22573599944341
12676,9.226101891512469
12677,9.22646778358154
12678,9.2268336756506
12679,9.22719956771966
12680,9.22756545978873
12681,9.22793135185779
12682,9.22829724392685
12683,9.22866313599591
12684,9.22902902806498
12685,9.229394920134041
12686,9.229760812203109
12687,9.23012670427217
12688,9.23049259634123
12689,9.2308584884103
12690,9.23122438047936
12691,9.23159027254842
12692,9.23195616461749
12693,9.23232205668655
12694,9.23268794875562
12695,9.23305384082467
12696,9.23341973289374
12697,9.233785624962799
12698,9.23415151703187
12699,9.23451740910093
12700,9.23488330117
12701,9.23524919323906
12702,9.23561508530812
12703,9.23598097737718
12704,9.236346869446251
12705,9.23671276151531
12706,9.23707865358437
12707,9.237444545653439
12708,9.2378104377225
12709,9.23817632979156
12710,9.23854222186063
12711,9.238908113929691
12712,9.23927400599876
12713,9.23963989806782
12714,9.24000579013688
12715,9.240371682205941
12716,9.240737574275009
12717,9.24110346634407
12718,9.24146935841313
12719,9.2418352504822
12720,9.24220114255126
12721,9.24256703462032
12722,9.24293292668939
12723,9.24329881875845
12724,9.24366471082751
12725,9.24403060289658
12726,9.24439649496564
12727,9.244762387034712
12728,9.24512827910377
12729,9.24549417117283
12730,9.2458600632419
12731,9.24622595531096
12732,9.24659184738002
12733,9.246957739449089
12734,9.247323631518151
12735,9.24768952358721
12736,9.24805541565628
12737,9.248421307725339
12738,9.2487871997944
12739,9.24915309186346
12740,9.24951898393253
12741,9.249884876001591
12742,9.25025076807066
12743,9.25061666013972
12744,9.250982552208779
12745,9.25134844427785
12746,9.25171433634691
12747,9.25208022841597
12748,9.25244612048504
12749,9.2528120125541
12750,9.25317790462317
12751,9.253543796692231
12752,9.25390968876129
12753,9.25427558083036
12754,9.25464147289942
12755,9.25500736496848
12756,9.25537325703754
12757,9.25573914910661
12758,9.25610504117567
12759,9.25647093324473
12760,9.2568368253138
12761,9.25720271738286
12762,9.25756860945193
12763,9.257934501520989
12764,9.258300393590051
12765,9.25866628565912
12766,9.25903217772818
12767,9.25939806979724
12768,9.25976396186631
12769,9.26012985393537
12770,9.26049574600443
12771,9.2608616380735
12772,9.26122753014256
12773,9.26159342221162
12774,9.261959314280691
12775,9.26232520634975
12776,9.26269109841881
12777,9.26305699048788
12778,9.26342288255694
12779,9.263788774626
12780,9.26415466669507
12781,9.264520558764131
12782,9.26488645083319
12783,9.26525234290226
12784,9.26561823497132
12785,9.26598412704038
12786,9.26635001910945
12787,9.26671591117851
12788,9.26708180324757
12789,9.26744769531664
12790,9.2678135873857
12791,9.26817947945476
12792,9.26854537152383
12793,9.268911263592889
12794,9.26927715566196
12795,9.26964304773102
12796,9.27000893980008
12797,9.27037483186914
12798,9.27074072393821
12799,9.27110661600727
12800,9.27147250807634
12801,9.2718384001454
12802,9.272204292214461
12803,9.272570184283529
12804,9.272936076352591
12805,9.27330196842165
12806,9.27366786049071
12807,9.27403375255978
12808,9.27439964462884
12809,9.27476553669791
12810,9.275131428766969
12811,9.275497320836031
12812,9.2758632129051
12813,9.27622910497416
12814,9.276594997043219
12815,9.27696088911229
12816,9.27732678118135
12817,9.27769267325041
12818,9.27805856531948
12819,9.27842445738854
12820,9.2787903494576
12821,9.279156241526671
12822,9.27952213359573
12823,9.2798880256648
12824,9.28025391773386
12825,9.28061980980292
12826,9.28098570187199
12827,9.28135159394105
12828,9.28171748601011
12829,9.28208337807917
12830,9.28244927014824
12831,9.2828151622173
12832,9.28318105428636
12833,9.283546946355429
12834,9.283912838424492
12835,9.28427873049356
12836,9.28464462256262
12837,9.28501051463168
12838,9.28537640670074
12839,9.28574229876981
12840,9.286108190838869
12841,9.286474082907931
12842,9.286839974977
12843,9.28720586704606
12844,9.28757175911513
12845,9.28793765118419
12846,9.28830354325325
12847,9.28866943532231
12848,9.28903532739138
12849,9.28940121946044
12850,9.289767111529509
12851,9.290133003598571
12852,9.29049889566763
12853,9.2908647877367
12854,9.29123067980576
12855,9.29159657187482
12856,9.29196246394389
12857,9.29232835601295
12858,9.292694248082011
12859,9.29306014015108
12860,9.29342603222014
12861,9.2937919242892
12862,9.29415781635827
12863,9.294523708427329
12864,9.29488960049639
12865,9.29525549256546
12866,9.29562138463452
12867,9.29598727670358
12868,9.29635316877265
12869,9.29671906084171
12870,9.297084952910769
12871,9.29745084497983
12872,9.2978167370489
12873,9.298182629117969
12874,9.29854852118702
12875,9.29891441325609
12876,9.29928030532515
12877,9.29964619739422
12878,9.30001208946328
12879,9.30037798153234
12880,9.300743873601409
12881,9.301109765670471
12882,9.30147565773954
12883,9.3018415498086
12884,9.30220744187766
12885,9.30257333394672
12886,9.30293922601579
12887,9.30330511808485
12888,9.303671010153911
12889,9.30403690222298
12890,9.30440279429204
12891,9.3047686863611
12892,9.30513457843017
12893,9.30550047049923
12894,9.30586636256829
12895,9.30623225463736
12896,9.30659814670642
12897,9.30696403877548
12898,9.307329930844551
12899,9.30769582291361
12900,9.30806171498268
12901,9.30842760705174
12902,9.3087934991208
12903,9.30915939118986
12904,9.30952528325893
12905,9.30989117532799
12906,9.31025706739705
12907,9.31062295946612
12908,9.31098885153518
12909,9.31135474360425
12910,9.311720635673309
12911,9.312086527742371
12912,9.31245241981144
12913,9.3128183118805
12914,9.31318420394956
12915,9.31355009601863
12916,9.31391598808769
12917,9.314281880156749
12918,9.31464777222582
12919,9.31501366429488
12920,9.31537955636394
12921,9.31574544843301
12922,9.31611134050207
12923,9.31647723257113
12924,9.3168431246402
12925,9.31720901670926
12926,9.31757490877832
12927,9.317940800847389
12928,9.318306692916451
12929,9.31867258498551
12930,9.31903847705458
12931,9.31940436912364
12932,9.3197702611927
12933,9.32013615326177
12934,9.32050204533083
12935,9.3208679373999
12936,9.32123382946896
12937,9.32159972153802
12938,9.32196561360708
12939,9.32233150567615
12940,9.322697397745209
12941,9.323063289814272
12942,9.32342918188334
12943,9.3237950739524
12944,9.32416096602146
12945,9.32452685809053
12946,9.32489275015959
12947,9.325258642228649
12948,9.32562453429772
12949,9.32599042636678
12950,9.32635631843584
12951,9.32672221050491
12952,9.32708810257397
12953,9.32745399464304
12954,9.327819886712101
12955,9.32818577878116
12956,9.32855167085023
12957,9.328917562919289
12958,9.329283454988351
12959,9.329649347057419
12960,9.33001523912648
12961,9.33038113119554
12962,9.33074702326461
12963,9.33111291533367
12964,9.33147880740273
12965,9.3318446994718
12966,9.33221059154086
12967,9.33257648360992
12968,9.332942375678991
12969,9.33330826774805
12970,9.33367415981711
12971,9.33404005188618
12972,9.33440594395524
12973,9.3347718360243
12974,9.33513772809337
12975,9.33550362016243
12976,9.3358695122315
12977,9.33623540430056
12978,9.33660129636962
12979,9.33696718843869
12980,9.337333080507749
12981,9.33769897257681
12982,9.33806486464587
12983,9.33843075671494
12984,9.338796648784
12985,9.33916254085306
12986,9.33952843292213
12987,9.339894324991189
12988,9.34026021706026
12989,9.34062610912932
12990,9.34099200119838
12991,9.341357893267439
12992,9.34172378533651
12993,9.34208967740557
12994,9.342455569474641
12995,9.3428214615437
12996,9.34318735361276
12997,9.343553245681829
12998,9.343919137750891
12999,9.34428502981995
13000,9.34465092188902
13001,9.34501681395808
13002,9.34538270602714
13003,9.34574859809621
13004,9.34611449016527
13005,9.346480382234331
13006,9.346846274303399
13007,9.34721216637246
13008,9.34757805844152
13009,9.34794395051059
13010,9.34830984257965
13011,9.34867573464871
13012,9.34904162671778
13013,9.34940751878684
13014,9.3497734108559
13015,9.35013930292497
13016,9.35050519499403
13017,9.350871087063089
13018,9.35123697913216
13019,9.35160287120122
13020,9.35196876327028
13021,9.35233465533935
13022,9.35270054740841
13023,9.35306643947748
13024,9.353432331546541
13025,9.3537982236156
13026,9.35416411568466
13027,9.354530007753729
13028,9.35489589982279
13029,9.35526179189186
13030,9.35562768396092
13031,9.35599357602998
13032,9.35635946809905
13033,9.35672536016811
13034,9.357091252237169
13035,9.35745714430624
13036,9.357823036375299
13037,9.35818892844436
13038,9.35855482051343
13039,9.35892071258249
13040,9.35928660465155
13041,9.35965249672061
13042,9.36001838878968
13043,9.36038428085874
13044,9.36075017292781
13045,9.361116064996871
13046,9.36148195706593
13047,9.361847849135
13048,9.36221374120406
13049,9.36257963327312
13050,9.36294552534219
13051,9.36331141741125
13052,9.36367730948031
13053,9.36404320154938
13054,9.36440909361844
13055,9.3647749856875
13056,9.36514087775657
13057,9.365506769825629
13058,9.36587266189469
13059,9.36623855396376
13060,9.36660444603282
13061,9.366970338101881
13062,9.36733623017095
13063,9.36770212224001
13064,9.368068014309069
13065,9.36843390637814
13066,9.3687997984472
13067,9.36916569051626
13068,9.36953158258533
13069,9.36989747465439
13070,9.37026336672345
13071,9.37062925879251
13072,9.37099515086158
13073,9.37136104293064
13074,9.37172693499971
13075,9.372092827068771
13076,9.372458719137839
13077,9.3728246112069
13078,9.37319050327596
13079,9.37355639534502
13080,9.37392228741409
13081,9.37428817948315
13082,9.37465407155222
13083,9.37501996362128
13084,9.37538585569034
13085,9.3757517477594
13086,9.37611763982847
13087,9.376483531897529
13088,9.3768494239666
13089,9.37721531603566
13090,9.37758120810472
13091,9.37794710017379
13092,9.37831299224285
13093,9.37867888431191
13094,9.379044776380981
13095,9.37941066845004
13096,9.3797765605191
13097,9.380142452588169
13098,9.38050834465723
13099,9.38087423672629
13100,9.38124012879536
13101,9.381606020864421
13102,9.38197191293348
13103,9.38233780500255
13104,9.382703697071609
13105,9.383069589140671
13106,9.38343548120974
13107,9.3838013732788
13108,9.38416726534786
13109,9.38453315741693
13110,9.38489904948599
13111,9.38526494155505
13112,9.38563083362412
13113,9.385996725693179
13114,9.38636261776224
13115,9.386728509831311
13116,9.38709440190037
13117,9.38746029396944
13118,9.3878261860385
13119,9.38819207810756
13120,9.38855797017662
13121,9.38892386224569
13122,9.38928975431475
13123,9.389655646383819
13124,9.390021538452881
13125,9.39038743052194
13126,9.39075332259101
13127,9.391119214660069
13128,9.39148510672913
13129,9.39185099879819
13130,9.39221689086726
13131,9.392582782936321
13132,9.39294867500539
13133,9.39331456707445
13134,9.393680459143509
13135,9.39404635121258
13136,9.39441224328164
13137,9.3947781353507
13138,9.39514402741977
13139,9.39550991948883
13140,9.39587581155789
13141,9.396241703626949
13142,9.39660759569602
13143,9.396973487765079
13144,9.39733937983415
13145,9.39770527190321
13146,9.39807116397227
13147,9.39843705604134
13148,9.3988029481104
13149,9.39916884017946
13150,9.39953473224853
13151,9.39990062431759
13152,9.400266516386651
13153,9.400632408455719
13154,9.40099830052478
13155,9.40136419259385
13156,9.40173008466291
13157,9.40209597673197
13158,9.40246186880103
13159,9.4028277608701
13160,9.40319365293916
13161,9.40355954500823
13162,9.403925437077291
13163,9.40429132914635
13164,9.404657221215421
13165,9.40502311328448
13166,9.40538900535354
13167,9.405754897422609
13168,9.40612078949167
13169,9.40648668156073
13170,9.4068525736298
13171,9.407218465698861
13172,9.40758435776792
13173,9.40795024983699
13174,9.408316141906049
13175,9.40868203397511
13176,9.40904792604418
13177,9.40941381811324
13178,9.4097797101823
13179,9.41014560225137
13180,9.41051149432043
13181,9.41087738638949
13182,9.41124327845856
13183,9.411609170527619
13184,9.41197506259668
13185,9.41234095466575
13186,9.41270684673481
13187,9.41307273880387
13188,9.41343863087293
13189,9.413804522942
13190,9.41417041501106
13191,9.41453630708013
13192,9.414902199149191
13193,9.415268091218259
13194,9.415633983287309
13195,9.41599987535638
13196,9.41636576742544
13197,9.41673165949451
13198,9.41709755156357
13199,9.41746344363263
13200,9.4178293357017
13201,9.418195227770761
13202,9.41856111983982
13203,9.41892701190889
13204,9.419292903977949
13205,9.41965879604701
13206,9.42002468811608
13207,9.42039058018514
13208,9.420756472254201
13209,9.42112236432327
13210,9.42148825639233
13211,9.421854148461389
13212,9.42222004053046
13213,9.42258593259952
13214,9.42295182466858
13215,9.42331771673765
13216,9.42368360880671
13217,9.42404950087578
13218,9.42441539294484
13219,9.4247812850139
13220,9.42514717708297
13221,9.42551306915203
13222,9.425878961221091
13223,9.426244853290159
13224,9.42661074535922
13225,9.42697663742828
13226,9.42734252949735
13227,9.42770842156641
13228,9.42807431363547
13229,9.428440205704531
13230,9.428806097773599
13231,9.42917198984266
13232,9.42953788191172
13233,9.42990377398079
13234,9.430269666049849
13235,9.43063555811892
13236,9.43100145018798
13237,9.43136734225704
13238,9.43173323432611
13239,9.43209912639517
13240,9.432465018464239
13241,9.432830910533301
13242,9.43319680260236
13243,9.43356269467143
13244,9.43392858674049
13245,9.43429447880955
13246,9.43466037087861
13247,9.43502626294768
13248,9.435392155016741
13249,9.4357580470858
13250,9.43612393915487
13251,9.43648983122393
13252,9.43685572329299
13253,9.43722161536206
13254,9.43758750743112
13255,9.43795339950019
13256,9.43831929156925
13257,9.43868518363831
13258,9.439051075707381
13259,9.43941696777644
13260,9.439782859845499
13261,9.44014875191456
13262,9.44051464398363
13263,9.44088053605269
13264,9.44124642812175
13265,9.44161232019082
13266,9.44197821225988
13267,9.44234410432895
13268,9.44270999639801
13269,9.443075888467071
13270,9.44344178053613
13271,9.443807672605201
13272,9.44417356467426
13273,9.44453945674333
13274,9.444905348812389
13275,9.44527124088145
13276,9.44563713295052
13277,9.44600302501958
13278,9.446368917088641
13279,9.44673480915771
13280,9.44710070122677
13281,9.447466593295829
13282,9.4478324853649
13283,9.44819837743396
13284,9.44856426950302
13285,9.44893016157209
13286,9.44929605364115
13287,9.44966194571021
13288,9.450027837779281
13289,9.45039372984834
13290,9.45075962191741
13291,9.45112551398647
13292,9.45149140605553
13293,9.45185729812459
13294,9.45222319019366
13295,9.45258908226272
13296,9.45295497433178
13297,9.45332086640085
13298,9.45368675846991
13299,9.454052650538971
13300,9.454418542608039
13301,9.454784434677102
13302,9.45515032674616
13303,9.45551621881523
13304,9.45588211088429
13305,9.45624800295335
13306,9.45661389502242
13307,9.45697978709148
13308,9.457345679160541
13309,9.45771157122961
13310,9.45807746329867
13311,9.458443355367729
13312,9.4588092474368
13313,9.45917513950586
13314,9.45954103157493
13315,9.45990692364399
13316,9.46027281571305
13317,9.460638707782119
13318,9.461004599851181
13319,9.46137049192024
13320,9.46173638398931
13321,9.46210227605837
13322,9.46246816812743
13323,9.4628340601965
13324,9.46319995226556
13325,9.463565844334621
13326,9.46393173640369
13327,9.46429762847275
13328,9.46466352054181
13329,9.46502941261088
13330,9.465395304679939
13331,9.465761196749
13332,9.46612708881807
13333,9.46649298088713
13334,9.46685887295619
13335,9.46722476502526
13336,9.46759065709432
13337,9.467956549163379
13338,9.46832244123245
13339,9.46868833330151
13340,9.46905422537057
13341,9.46942011743964
13342,9.4697860095087
13343,9.47015190157776
13344,9.47051779364683
13345,9.47088368571589
13346,9.47124957778496
13347,9.471615469854019
13348,9.471981361923081
13349,9.47234725399215
13350,9.47271314606121
13351,9.47307903813027
13352,9.47344493019934
13353,9.4738108222684
13354,9.47417671433746
13355,9.47454260640653
13356,9.47490849847559
13357,9.47527439054465
13358,9.47564028261371
13359,9.47600617468278
13360,9.47637206675184
13361,9.4767379588209
13362,9.47710385088997
13363,9.47746974295903
13364,9.47783563502809
13365,9.478201527097161
13366,9.47856741916622
13367,9.47893331123529
13368,9.47929920330435
13369,9.47966509537341
13370,9.480030987442479
13371,9.48039687951154
13372,9.4807627715806
13373,9.48112866364967
13374,9.48149455571873
13375,9.48186044778779
13376,9.48222633985686
13377,9.482592231925919
13378,9.482958123994981
13379,9.48332401606405
13380,9.48368990813311
13381,9.484055800202169
13382,9.48442169227124
13383,9.4847875843403
13384,9.48515347640936
13385,9.48551936847843
13386,9.48588526054749
13387,9.48625115261655
13388,9.486617044685621
13389,9.48698293675468
13390,9.48734882882375
13391,9.48771472089281
13392,9.48808061296187
13393,9.48844650503094
13394,9.488812397099998
13395,9.489178289169061
13396,9.48954418123813
13397,9.48991007330719
13398,9.49027596537625
13399,9.49064185744532
13400,9.49100774951438
13401,9.49137364158344
13402,9.49173953365251
13403,9.49210542572157
13404,9.49247131779063
13405,9.492837209859701
13406,9.49320310192876
13407,9.493568993997819
13408,9.49393488606689
13409,9.49430077813595
13410,9.49466667020501
13411,9.49503256227407
13412,9.49539845434314
13413,9.4957643464122
13414,9.496130238481271
13415,9.49649613055033
13416,9.49686202261939
13417,9.497227914688459
13418,9.497593806757521
13419,9.49795969882658
13420,9.49832559089565
13421,9.49869148296471
13422,9.49905737503377
13423,9.49942326710284
13424,9.499789159171899
13425,9.500155051240961
13426,9.500520943310029
13427,9.50088683537909
13428,9.50125272744815
13429,9.50161861951722
13430,9.50198451158628
13431,9.50235040365535
13432,9.50271629572441
13433,9.50308218779347
13434,9.50344807986253
13435,9.503813971931601
13436,9.50417986400066
13437,9.50454575606973
13438,9.50491164813879
13439,9.50527754020785
13440,9.50564343227692
13441,9.50600932434598
13442,9.50637521641504
13443,9.50674110848411
13444,9.50710700055317
13445,9.50747289262223
13446,9.5078387846913
13447,9.508204676760359
13448,9.50857056882942
13449,9.50893646089849
13450,9.50930235296755
13451,9.50966824503661
13452,9.51003413710568
13453,9.51040002917474
13454,9.510765921243799
13455,9.511131813312861
13456,9.51149770538193
13457,9.511863597450999
13458,9.51222948952006
13459,9.51259538158912
13460,9.51296127365818
13461,9.513327165727251
13462,9.51369305779631
13463,9.51405894986537
13464,9.514424841934439
13465,9.514790734003501
13466,9.51515662607256
13467,9.51552251814163
13468,9.51588841021069
13469,9.51625430227976
13470,9.51662019434882
13471,9.51698608641788
13472,9.517351978486941
13473,9.51771787055601
13474,9.51808376262507
13475,9.51844965469413
13476,9.5188155467632
13477,9.519181438832259
13478,9.51954733090132
13479,9.51991322297039
13480,9.52027911503945
13481,9.52064500710852
13482,9.52101089917758
13483,9.52137679124664
13484,9.521742683315699
13485,9.52210857538477
13486,9.52247446745383
13487,9.522840359522899
13488,9.52320625159196
13489,9.52357214366102
13490,9.52393803573009
13491,9.524303927799151
13492,9.52466981986821
13493,9.52503571193727
13494,9.525401604006339
13495,9.525767496075401
13496,9.52613338814447
13497,9.52649928021353
13498,9.52686517228259
13499,9.52723106435165
13500,9.52759695642072
13501,9.527962848489778
13502,9.52832874055885
13503,9.52869463262791
13504,9.52906052469697
13505,9.52942641676604
13506,9.5297923088351
13507,9.53015820090416
13508,9.53052409297323
13509,9.53088998504229
13510,9.53125587711135
13511,9.53162176918042
13512,9.531987661249481
13513,9.53235355331854
13514,9.53271944538761
13515,9.53308533745667
13516,9.53345122952573
13517,9.533817121594799
13518,9.53418301366386
13519,9.53454890573293
13520,9.53491479780199
13521,9.53528068987105
13522,9.53564658194011
13523,9.53601247400918
13524,9.536378366078239
13525,9.536744258147301
13526,9.53711015021637
13527,9.53747604228543
13528,9.537841934354491
13529,9.53820782642356
13530,9.53857371849262
13531,9.538939610561679
13532,9.53930550263075
13533,9.539671394699809
13534,9.54003728676887
13535,9.54040317883794
13536,9.540769070907
13537,9.54113496297607
13538,9.54150085504513
13539,9.54186674711419
13540,9.54223263918326
13541,9.54259853125232
13542,9.542964423321381
13543,9.543330315390449
13544,9.54369620745951
13545,9.54406209952857
13546,9.54442799159764
13547,9.5447938836667
13548,9.54515977573576
13549,9.54552566780483
13550,9.54589155987389
13551,9.54625745194295
13552,9.546623344012021
13553,9.54698923608108
13554,9.547355128150139
13555,9.54772102021921
13556,9.54808691228827
13557,9.54845280435733
13558,9.5488186964264
13559,9.54918458849546
13560,9.54955048056452
13561,9.549916372633591
13562,9.55028226470265
13563,9.55064815677171
13564,9.551014048840779
13565,9.55137994090984
13566,9.5517458329789
13567,9.55211172504797
13568,9.552477617117031
13569,9.55284350918609
13570,9.55320940125516
13571,9.553575293324219
13572,9.553941185393281
13573,9.554307077462349
13574,9.55467296953141
13575,9.55503886160048
13576,9.55540475366954
13577,9.5557706457386
13578,9.55613653780766
13579,9.55650242987673
13580,9.55686832194579
13581,9.55723421401485
13582,9.557600106083921
13583,9.55796599815298
13584,9.558331890222039
13585,9.55869778229111
13586,9.55906367436017
13587,9.55942956642923
13588,9.5597954584983
13589,9.56016135056736
13590,9.56052724263642
13591,9.560893134705491
13592,9.56125902677455
13593,9.56162491884362
13594,9.561990810912679
13595,9.56235670298174
13596,9.56272259505081
13597,9.56308848711987
13598,9.563454379188931
13599,9.563820271258
13600,9.56418616332706
13601,9.564552055396119
13602,9.56491794746519
13603,9.56528383953425
13604,9.56564973160331
13605,9.56601562367238
13606,9.56638151574144
13607,9.5667474078105
13608,9.567113299879571
13609,9.56747919194863
13610,9.56784508401769
13611,9.56821097608675
13612,9.56857686815582
13613,9.56894276022488
13614,9.56930865229395
13615,9.56967454436301
13616,9.57004043643207
13617,9.57040632850114
13618,9.5707722205702
13619,9.571138112639261
13620,9.571504004708329
13621,9.57186989677739
13622,9.57223578884646
13623,9.57260168091552
13624,9.57296757298458
13625,9.57333346505365
13626,9.57369935712271
13627,9.57406524919177
13628,9.57443114126083
13629,9.5747970333299
13630,9.57516292539896
13631,9.575528817468019
13632,9.57589470953709
13633,9.57626060160615
13634,9.576626493675219
13635,9.57699238574428
13636,9.57735827781334
13637,9.57772416988241
13638,9.578090061951471
13639,9.57845595402053
13640,9.5788218460896
13641,9.579187738158659
13642,9.57955363022772
13643,9.57991952229679
13644,9.58028541436585
13645,9.58065130643491
13646,9.58101719850398
13647,9.58138309057304
13648,9.5817489826421
13649,9.58211487471117
13650,9.582480766780229
13651,9.58284665884929
13652,9.58321255091836
13653,9.58357844298742
13654,9.58394433505648
13655,9.58431022712555
13656,9.58467611919461
13657,9.58504201126368
13658,9.58540790333274
13659,9.585773795401801
13660,9.58613968747086
13661,9.586505579539931
13662,9.58687147160899
13663,9.58723736367806
13664,9.58760325574712
13665,9.58796914781618
13666,9.58833503988525
13667,9.58870093195431
13668,9.589066824023371
13669,9.58943271609243
13670,9.5897986081615
13671,9.590164500230559
13672,9.59053039229962
13673,9.59089628436869
13674,9.59126217643775
13675,9.591628068506811
13676,9.59199396057588
13677,9.59235985264494
13678,9.592725744713999
13679,9.59309163678307
13680,9.593457528852129
13681,9.5938234209212
13682,9.59418931299026
13683,9.59455520505932
13684,9.59492109712839
13685,9.59528698919745
13686,9.59565288126651
13687,9.59601877333558
13688,9.59638466540464
13689,9.596750557473701
13690,9.597116449542769
13691,9.59748234161183
13692,9.59784823368089
13693,9.59821412574996
13694,9.59858001781902
13695,9.59894590988808
13696,9.59931180195715
13697,9.599677694026209
13698,9.60004358609527
13699,9.600409478164341
13700,9.6007753702334
13701,9.601141262302459
13702,9.60150715437153
13703,9.60187304644059
13704,9.60223893850965
13705,9.60260483057872
13706,9.60297072264778
13707,9.60333661471684
13708,9.603702506785911
13709,9.60406839885497
13710,9.60443429092404
13711,9.6048001829931
13712,9.60516607506216
13713,9.60553196713123
13714,9.60589785920029
13715,9.606263751269351
13716,9.60662964333841
13717,9.60699553540748
13718,9.60736142747654
13719,9.60772731954561
13720,9.60809321161467
13721,9.60845910368373
13722,9.60882499575279
13723,9.60919088782186
13724,9.60955677989092
13725,9.60992267195999
13726,9.61028856402905
13727,9.610654456098109
13728,9.61102034816717
13729,9.61138624023624
13730,9.6117521323053
13731,9.61211802437436
13732,9.61248391644343
13733,9.61284980851249
13734,9.61321570058156
13735,9.61358159265062
13736,9.61394748471968
13737,9.614313376788749
13738,9.614679268857811
13739,9.61504516092687
13740,9.61541105299594
13741,9.615776945064999
13742,9.61614283713406
13743,9.61650872920312
13744,9.61687462127219
13745,9.617240513341251
13746,9.61760640541032
13747,9.61797229747938
13748,9.618338189548439
13749,9.61870408161751
13750,9.61906997368657
13751,9.61943586575563
13752,9.61980175782469
13753,9.62016764989376
13754,9.62053354196282
13755,9.620899434031891
13756,9.62126532610095
13757,9.62163121817002
13758,9.62199711023908
13759,9.62236300230814
13760,9.62272889437721
13761,9.62309478644627
13762,9.62346067851533
13763,9.6238265705844
13764,9.62419246265346
13765,9.62455835472252
13766,9.62492424679159
13767,9.625290138860649
13768,9.625656030929711
13769,9.62602192299878
13770,9.62638781506784
13771,9.6267537071369
13772,9.62711959920596
13773,9.62748549127503
13774,9.62785138334409
13775,9.62821727541316
13776,9.62858316748222
13777,9.62894905955128
13778,9.629314951620339
13779,9.62968084368941
13780,9.63004673575847
13781,9.63041262782753
13782,9.6307785198966
13783,9.63114441196566
13784,9.63151030403473
13785,9.631876196103791
13786,9.63224208817285
13787,9.63260798024192
13788,9.63297387231098
13789,9.63333976438004
13790,9.63370565644911
13791,9.63407154851817
13792,9.63443744058723
13793,9.63480333265629
13794,9.63516922472536
13795,9.63553511679442
13796,9.63590100886349
13797,9.636266900932549
13798,9.63663279300161
13799,9.63699868507068
13800,9.63736457713974
13801,9.63773046920881
13802,9.63809636127787
13803,9.63846225334693
13804,9.638828145415989
13805,9.63919403748506
13806,9.639559929554121
13807,9.63992582162318
13808,9.64029171369225
13809,9.64065760576131
13810,9.64102349783038
13811,9.64138938989944
13812,9.6417552819685
13813,9.64212117403757
13814,9.642487066106629
13815,9.642852958175691
13816,9.643218850244759
13817,9.64358474231382
13818,9.64395063438288
13819,9.64431652645195
13820,9.64468241852101
13821,9.64504831059007
13822,9.64541420265914
13823,9.6457800947282
13824,9.646145986797269
13825,9.646511878866331
13826,9.64687777093539
13827,9.64724366300445
13828,9.64760955507352
13829,9.64797544714258
13830,9.64834133921164
13831,9.6487072312807
13832,9.64907312334977
13833,9.64943901541883
13834,9.6498049074879
13835,9.65017079955696
13836,9.65053669162602
13837,9.650902583695089
13838,9.65126847576415
13839,9.65163436783321
13840,9.65200025990228
13841,9.65236615197134
13842,9.6527320440404
13843,9.65309793610947
13844,9.653463828178529
13845,9.653829720247591
13846,9.65419561231666
13847,9.65456150438572
13848,9.654927396454779
13849,9.65529328852385
13850,9.65565918059291
13851,9.65602507266197
13852,9.65639096473104
13853,9.6567568568001
13854,9.657122748869169
13855,9.657488640938231
13856,9.65785453300729
13857,9.65822042507635
13858,9.65858631714542
13859,9.65895220921448
13860,9.65931810128355
13861,9.65968399335261
13862,9.660049885421671
13863,9.66041577749074
13864,9.6607816695598
13865,9.66114756162886
13866,9.66151345369793
13867,9.66187934576699
13868,9.66224523783605
13869,9.66261112990512
13870,9.66297702197418
13871,9.66334291404324
13872,9.6637088061123
13873,9.66407469818137
13874,9.664440590250429
13875,9.664806482319491
13876,9.66517237438856
13877,9.66553826645762
13878,9.66590415852669
13879,9.66627005059575
13880,9.66663594266481
13881,9.66700183473388
13882,9.66736772680294
13883,9.667733618872001
13884,9.668099510941069
13885,9.668465403010131
13886,9.6688312950792
13887,9.66919718714826
13888,9.66956307921732
13889,9.66992897128638
13890,9.67029486335545
13891,9.67066075542451
13892,9.67102664749358
13893,9.671392539562639
13894,9.6717584316317
13895,9.67212432370076
13896,9.67249021576983
13897,9.67285610783889
13898,9.67322199990795
13899,9.67358789197702
13900,9.67395378404608
13901,9.67431967611514
13902,9.674685568184211
13903,9.67505146025327
13904,9.675417352322329
13905,9.6757832443914
13906,9.67614913646046
13907,9.67651502852952
13908,9.67688092059859
13909,9.67724681266765
13910,9.67761270473672
13911,9.67797859680578
13912,9.67834448887484
13913,9.67871038094391
13914,9.679076273012969
13915,9.67944216508203
13916,9.6798080571511
13917,9.68017394922016
13918,9.68053984128922
13919,9.68090573335828
13920,9.68127162542735
13921,9.681637517496409
13922,9.682003409565471
13923,9.68236930163454
13924,9.6827351937036
13925,9.68310108577267
13926,9.68346697784173
13927,9.68383286991079
13928,9.68419876197986
13929,9.68456465404892
13930,9.68493054611798
13931,9.685296438187049
13932,9.685662330256111
13933,9.68602822232517
13934,9.68639411439424
13935,9.6867600064633
13936,9.68712589853236
13937,9.68749179060143
13938,9.68785768267049
13939,9.68822357473955
13940,9.68858946680862
13941,9.68895535887768
13942,9.68932125094674
13943,9.68968714301581
13944,9.690053035084869
13945,9.69041892715393
13946,9.690784819223
13947,9.69115071129206
13948,9.69151660336113
13949,9.69188249543019
13950,9.69224838749925
13951,9.692614279568321
13952,9.69298017163738
13953,9.69334606370644
13954,9.6937119557755
13955,9.69407784784457
13956,9.69444373991363
13957,9.6948096319827
13958,9.695175524051761
13959,9.69554141612082
13960,9.69590730818989
13961,9.696273200258949
13962,9.696639092328011
13963,9.69700498439708
13964,9.69737087646614
13965,9.6977367685352
13966,9.69810266060427
13967,9.69846855267333
13968,9.69883444474239
13969,9.69920033681146
13970,9.69956622888052
13971,9.69993212094958
13972,9.700298013018651
13973,9.70066390508771
13974,9.70102979715677
13975,9.70139568922584
13976,9.7017615812949
13977,9.70212747336396
13978,9.70249336543303
13979,9.70285925750209
13980,9.70322514957115
13981,9.70359104164022
13982,9.70395693370928
13983,9.70432282577834
13984,9.704688717847409
13985,9.70505460991647
13986,9.70542050198554
13987,9.7057863940546
13988,9.70615228612366
13989,9.70651817819273
13990,9.70688407026179
13991,9.707249962330849
13992,9.707615854399911
13993,9.70798174646898
13994,9.70834763853804
13995,9.70871353060711
13996,9.70907942267617
13997,9.70944531474523
13998,9.70981120681429
13999,9.71017709888336
14000,9.710542990952419
14001,9.71090888302149
14002,9.711274775090551
14003,9.71164066715961
14004,9.71200655922868
14005,9.71237245129774
14006,9.7127383433668
14007,9.71310423543587
14008,9.71347012750493
14009,9.713836019573991
14010,9.714201911643059
14011,9.71456780371212
14012,9.71493369578118
14013,9.71529958785025
14014,9.71566547991931
14015,9.71603137198837
14016,9.71639726405744
14017,9.7167631561265
14018,9.71712904819556
14019,9.717494940264631
14020,9.71786083233369
14021,9.718226724402749
14022,9.71859261647182
14023,9.71895850854088
14024,9.71932440060994
14025,9.71969029267901
14026,9.72005618474807
14027,9.72042207681714
14028,9.720787968886201
14029,9.72115386095526
14030,9.72151975302433
14031,9.721885645093389
14032,9.72225153716245
14033,9.72261742923152
14034,9.72298332130058
14035,9.72334921336964
14036,9.72371510543871
14037,9.72408099750777
14038,9.724446889576829
14039,9.724812781645891
14040,9.725178673714959
14041,9.72554456578402
14042,9.72591045785308
14043,9.72627634992215
14044,9.72664224199121
14045,9.72700813406028
14046,9.72737402612934
14047,9.7277399181984
14048,9.72810581026747
14049,9.728471702336531
14050,9.72883759440559
14051,9.72920348647466
14052,9.72956937854372
14053,9.72993527061278
14054,9.73030116268185
14055,9.73066705475091
14056,9.73103294681997
14057,9.73139883888904
14058,9.731764730958101
14059,9.73213062302716
14060,9.73249651509623
14061,9.732862407165289
14062,9.73322829923435
14063,9.73359419130342
14064,9.73396008337248
14065,9.734325975441541
14066,9.73469186751061
14067,9.73505775957967
14068,9.735423651648729
14069,9.7357895437178
14070,9.73615543578686
14071,9.73652132785592
14072,9.73688721992499
14073,9.73725311199405
14074,9.73761900406312
14075,9.73798489613218
14076,9.73835078820124
14077,9.73871668027031
14078,9.73908257233937
14079,9.739448464408431
14080,9.739814356477499
14081,9.74018024854656
14082,9.74054614061562
14083,9.74091203268469
14084,9.74127792475375
14085,9.74164381682281
14086,9.742009708891871
14087,9.74237560096094
14088,9.74274149303
14089,9.74310738509906
14090,9.74347327716813
14091,9.743839169237189
14092,9.74420506130626
14093,9.74457095337532
14094,9.74493684544438
14095,9.74530273751345
14096,9.74566862958251
14097,9.746034521651579
14098,9.746400413720641
14099,9.7467663057897
14100,9.74713219785876
14101,9.747498089927829
14102,9.74786398199689
14103,9.74822987406595
14104,9.74859576613502
14105,9.748961658204081
14106,9.74932755027314
14107,9.74969344234221
14108,9.750059334411269
14109,9.75042522648034
14110,9.7507911185494
14111,9.75115701061846
14112,9.75152290268752
14113,9.75188879475659
14114,9.75225468682565
14115,9.75262057889471
14116,9.75298647096378
14117,9.753352363032839
14118,9.7537182551019
14119,9.75408414717097
14120,9.75445003924003
14121,9.75481593130909
14122,9.75518182337816
14123,9.75554771544722
14124,9.75591360751628
14125,9.75627949958535
14126,9.756645391654411
14127,9.757011283723479
14128,9.757377175792541
14129,9.7577430678616
14130,9.75810895993066
14131,9.758474851999729
14132,9.75884074406879
14133,9.75920663613786
14134,9.75957252820692
14135,9.759938420275981
14136,9.76030431234505
14137,9.76067020441411
14138,9.761036096483169
14139,9.76140198855224
14140,9.7617678806213
14141,9.76213377269036
14142,9.76249966475943
14143,9.76286555682849
14144,9.76323144889755
14145,9.763597340966621
14146,9.76396323303568
14147,9.764329125104739
14148,9.76469501717381
14149,9.76506090924287
14150,9.76542680131193
14151,9.765792693381
14152,9.76615858545006
14153,9.76652447751912
14154,9.76689036958819
14155,9.76725626165725
14156,9.767622153726311
14157,9.767988045795379
14158,9.76835393786444
14159,9.7687198299335
14160,9.76908572200257
14161,9.76945161407163
14162,9.7698175061407
14163,9.77018339820976
14164,9.77054929027882
14165,9.77091518234788
14166,9.771281074416951
14167,9.77164696648601
14168,9.772012858555069
14169,9.77237875062414
14170,9.7727446426932
14171,9.773110534762269
14172,9.77347642683133
14173,9.77384231890039
14174,9.774208210969459
14175,9.774574103038521
14176,9.77493999510758
14177,9.77530588717665
14178,9.77567177924571
14179,9.77603767131477
14180,9.77640356338383
14181,9.7767694554529
14182,9.777135347521961
14183,9.77750123959102
14184,9.77786713166009
14185,9.77823302372915
14186,9.77859891579822
14187,9.778964807867279
14188,9.77933069993634
14189,9.77969659200541
14190,9.78006248407447
14191,9.78042837614353
14192,9.7807942682126
14193,9.78116016028166
14194,9.78152605235072
14195,9.78189194441978
14196,9.78225783648885
14197,9.78262372855791
14198,9.782989620626982
14199,9.78335551269604
14200,9.7837214047651
14201,9.78408729683417
14202,9.78445318890323
14203,9.78481908097229
14204,9.785184973041359
14205,9.785550865110421
14206,9.78591675717949
14207,9.78628264924855
14208,9.786648541317609
14209,9.78701443338667
14210,9.78738032545574
14211,9.7877462175248
14212,9.78811210959387
14213,9.78847800166293
14214,9.78884389373199
14215,9.789209785801049
14216,9.78957567787012
14217,9.78994156993918
14218,9.79030746200825
14219,9.79067335407731
14220,9.79103924614637
14221,9.79140513821544
14222,9.791771030284501
14223,9.79213692235356
14224,9.79250281442263
14225,9.79286870649169
14226,9.79323459856075
14227,9.79360049062981
14228,9.79396638269888
14229,9.79433227476794
14230,9.79469816683701
14231,9.79506405890607
14232,9.79542995097513
14233,9.7957958430442
14234,9.796161735113259
14235,9.796527627182321
14236,9.79689351925139
14237,9.79725941132045
14238,9.797625303389509
14239,9.79799119545858
14240,9.79835708752764
14241,9.7987229795967
14242,9.799088871665761
14243,9.79945476373483
14244,9.799820655803899
14245,9.800186547872961
14246,9.80055243994202
14247,9.80091833201108
14248,9.80128422408015
14249,9.80165011614921
14250,9.80201600821827
14251,9.80238190028734
14252,9.802747792356401
14253,9.80311368442547
14254,9.80347957649453
14255,9.80384546856359
14256,9.80421136063266
14257,9.80457725270172
14258,9.80494314477078
14259,9.80530903683984
14260,9.80567492890891
14261,9.80604082097797
14262,9.80640671304703
14263,9.8067726051161
14264,9.807138497185159
14265,9.80750438925422
14266,9.80787028132329
14267,9.80823617339235
14268,9.80860206546141
14269,9.80896795753048
14270,9.80933384959954
14271,9.80969974166861
14272,9.81006563373767
14273,9.810431525806731
14274,9.810797417875799
14275,9.811163309944861
14276,9.81152920201392
14277,9.81189509408298
14278,9.81226098615205
14279,9.81262687822111
14280,9.81299277029018
14281,9.813358662359239
14282,9.813724554428301
14283,9.81409044649737
14284,9.81445633856643
14285,9.814822230635489
14286,9.81518812270456
14287,9.81555401477362
14288,9.81591990684268
14289,9.81628579891175
14290,9.81665169098081
14291,9.81701758304987
14292,9.817383475118941
14293,9.817749367188
14294,9.818115259257059
14295,9.81848115132613
14296,9.81884704339519
14297,9.81921293546425
14298,9.81957882753332
14299,9.81994471960238
14300,9.82031061167144
14301,9.82067650374051
14302,9.82104239580957
14303,9.82140828787864
14304,9.821774179947699
14305,9.822140072016762
14306,9.82250596408582
14307,9.82287185615489
14308,9.82323774822395
14309,9.82360364029301
14310,9.82396953236208
14311,9.824335424431139
14312,9.824701316500201
14313,9.82506720856927
14314,9.82543310063833
14315,9.825798992707389
14316,9.82616488477646
14317,9.82653077684552
14318,9.826896668914591
14319,9.82726256098365
14320,9.82762845305271
14321,9.827994345121779
14322,9.828360237190841
14323,9.8287261292599
14324,9.82909202132897
14325,9.82945791339803
14326,9.82982380546709
14327,9.83018969753616
14328,9.83055558960522
14329,9.830921481674281
14330,9.83128737374335
14331,9.83165326581241
14332,9.83201915788147
14333,9.83238504995054
14334,9.832750942019599
14335,9.83311683408866
14336,9.83348272615773
14337,9.83384861822679
14338,9.83421451029585
14339,9.83458040236492
14340,9.83494629443398
14341,9.835312186503039
14342,9.83567807857211
14343,9.83604397064117
14344,9.836409862710239
14345,9.8367757547793
14346,9.83714164684836
14347,9.83750753891742
14348,9.83787343098649
14349,9.83823932305555
14350,9.83860521512461
14351,9.838971107193679
14352,9.839336999262741
14353,9.8397028913318
14354,9.84006878340087
14355,9.84043467546993
14356,9.840800567539
14357,9.84116645960806
14358,9.84153235167712
14359,9.841898243746181
14360,9.84226413581525
14361,9.84263002788431
14362,9.842995919953381
14363,9.84336181202244
14364,9.8437277040915
14365,9.84409359616057
14366,9.84445948822963
14367,9.84482538029869
14368,9.84519127236776
14369,9.845557164436821
14370,9.84592305650588
14371,9.84628894857495
14372,9.84665484064401
14373,9.84702073271307
14374,9.847386624782139
14375,9.8477525168512
14376,9.84811840892026
14377,9.84848430098933
14378,9.84885019305839
14379,9.84921608512745
14380,9.84958197719652
14381,9.849947869265579
14382,9.850313761334641
14383,9.85067965340371
14384,9.85104554547277
14385,9.85141143754183
14386,9.8517773296109
14387,9.85214322167996
14388,9.852509113749019
14389,9.85287500581809
14390,9.85324089788715
14391,9.85360678995621
14392,9.85397268202528
14393,9.85433857409434
14394,9.85470446616341
14395,9.85507035823247
14396,9.85543625030153
14397,9.85580214237059
14398,9.856168034439658
14399,9.856533926508721
14400,9.85689981857778
14401,9.85726571064685
14402,9.85763160271591
14403,9.85799749478498
14404,9.85836338685404
14405,9.8587292789231
14406,9.85909517099217
14407,9.85946106306123
14408,9.85982695513029
14409,9.860192847199361
14410,9.86055873926842
14411,9.860924631337479
14412,9.86129052340655
14413,9.86165641547561
14414,9.86202230754467
14415,9.86238819961374
14416,9.8627540916828
14417,9.86311998375186
14418,9.863485875820919
14419,9.86385176788999
14420,9.86421765995905
14421,9.864583552028119
14422,9.86494944409718
14423,9.86531533616624
14424,9.86568122823531
14425,9.866047120304371
14426,9.86641301237343
14427,9.8667789044425
14428,9.867144796511559
14429,9.867510688580621
14430,9.867876580649689
14431,9.86824247271875
14432,9.86860836478781
14433,9.86897425685688
14434,9.86934014892594
14435,9.869706040995
14436,9.87007193306407
14437,9.87043782513313
14438,9.87080371720219
14439,9.871169609271261
14440,9.87153550134032
14441,9.87190139340939
14442,9.87226728547845
14443,9.87263317754751
14444,9.87299906961658
14445,9.87336496168564
14446,9.8737308537547
14447,9.87409674582377
14448,9.87446263789283
14449,9.87482852996189
14450,9.87519442203095
14451,9.875560314100019
14452,9.87592620616908
14453,9.87629209823815
14454,9.87665799030721
14455,9.87702388237627
14456,9.87738977444534
14457,9.8777556665144
14458,9.878121558583459
14459,9.87848745065253
14460,9.87885334272159
14461,9.87921923479065
14462,9.87958512685971
14463,9.87995101892878
14464,9.88031691099784
14465,9.880682803066911
14466,9.88104869513597
14467,9.88141458720503
14468,9.8817804792741
14469,9.882146371343161
14470,9.88251226341222
14471,9.88287815548129
14472,9.88324404755035
14473,9.88360993961941
14474,9.88397583168848
14475,9.88434172375754
14476,9.884707615826601
14477,9.885073507895669
14478,9.88543939996473
14479,9.88580529203379
14480,9.88617118410286
14481,9.88653707617192
14482,9.88690296824098
14483,9.88726886031005
14484,9.88763475237911
14485,9.88800064444817
14486,9.88836653651724
14487,9.8887324285863
14488,9.889098320655371
14489,9.88946421272443
14490,9.88983010479349
14491,9.890195996862559
14492,9.89056188893162
14493,9.89092778100068
14494,9.89129367306974
14495,9.891659565138811
14496,9.89202545720787
14497,9.89239134927693
14498,9.892757241345999
14499,9.89312313341506
14500,9.89348902548413
14501,9.89385491755319
14502,9.89422080962225
14503,9.89458670169132
14504,9.89495259376038
14505,9.895318485829439
14506,9.89568437789851
14507,9.896050269967569
14508,9.89641616203663
14509,9.89678205410569
14510,9.89714794617476
14511,9.89751383824382
14512,9.89787973031289
14513,9.89824562238195
14514,9.89861151445101
14515,9.89897740652008
14516,9.899343298589141
14517,9.8997091906582
14518,9.90007508272727
14519,9.90044097479633
14520,9.9008068668654
14521,9.90117275893446
14522,9.90153865100352
14523,9.90190454307258
14524,9.90227043514165
14525,9.902636327210711
14526,9.90300221927978
14527,9.90336811134884
14528,9.903734003417899
14529,9.90409989548696
14530,9.90446578755603
14531,9.90483167962509
14532,9.905197571694151
14533,9.90556346376322
14534,9.90592935583228
14535,9.906295247901339
14536,9.90666113997041
14537,9.907027032039469
14538,9.90739292410853
14539,9.9077588161776
14540,9.90812470824666
14541,9.90849060031573
14542,9.90885649238479
14543,9.90922238445385
14544,9.90958827652292
14545,9.90995416859198
14546,9.910320060661041
14547,9.9106859527301
14548,9.91105184479917
14549,9.91141773686823
14550,9.9117836289373
14551,9.91214952100636
14552,9.91251541307542
14553,9.91288130514449
14554,9.91324719721355
14555,9.91361308928261
14556,9.913978981351681
14557,9.91434487342074
14558,9.914710765489799
14559,9.91507665755887
14560,9.91544254962793
14561,9.91580844169699
14562,9.91617433376606
14563,9.91654022583512
14564,9.91690611790418
14565,9.917272009973251
14566,9.91763790204231
14567,9.91800379411138
14568,9.918369686180439
14569,9.9187355782495
14570,9.91910147031856
14571,9.91946736238763
14572,9.919833254456691
14573,9.92019914652575
14574,9.92056503859482
14575,9.920930930663879
14576,9.921296822732941
14577,9.92166271480201
14578,9.92202860687107
14579,9.92239449894013
14580,9.9227603910092
14581,9.92312628307826
14582,9.92349217514732
14583,9.92385806721639
14584,9.924223959285449
14585,9.92458985135452
14586,9.924955743423581
14587,9.92532163549264
14588,9.9256875275617
14589,9.92605341963077
14590,9.92641931169983
14591,9.9267852037689
14592,9.92715109583796
14593,9.92751698790702
14594,9.92788287997608
14595,9.928248772045151
14596,9.92861466411422
14597,9.92898055618328
14598,9.929346448252339
14599,9.9297123403214
14600,9.93007823239047
14601,9.93044412445953
14602,9.930810016528591
14603,9.93117590859766
14604,9.93154180066672
14605,9.931907692735779
14606,9.93227358480485
14607,9.93263947687391
14608,9.93300536894297
14609,9.93337126101204
14610,9.9337371530811
14611,9.93410304515016
14612,9.934468937219231
14613,9.93483482928829
14614,9.935200721357349
14615,9.93545100330476
14616,9.93570128525217
14617,9.93595156719959
14618,9.936201849147
14619,9.936452131094411
14620,9.93670241304182
14621,9.93695269498923
14622,9.937202976936641
14623,9.93745325888405
14624,9.93770354083146
14625,9.93795382277887
14626,9.93820410472628
14627,9.93845438667369
14628,9.9387046686211
14629,9.93895495056851
14630,9.93920523251592
14631,9.93945551446333
14632,9.93970579641074
14633,9.93995607835815
14634,9.940206360305561
14635,9.94045664225297
14636,9.94070692420038
14637,9.94095720614779
14638,9.9412074880952
14639,9.941457770042609
14640,9.94170805199002
14641,9.941958333937439
14642,9.94220861588484
14643,9.94245889783225
14644,9.94270917977967
14645,9.942959461727071
14646,9.94320974367449
14647,9.943460025621901
14648,9.943710307569301
14649,9.94396058951672
14650,9.944210871464131
14651,9.94446115341153
14652,9.944711435358949
14653,9.94496171730636
14654,9.94521199925377
14655,9.94546228120118
14656,9.94571256314859
14657,9.945962845096
14658,9.94621312704341
14659,9.94646340899082
14660,9.94671369093823
14661,9.94696397288564
14662,9.947214254833051
14663,9.94746453678046
14664,9.947714818727869
14665,9.94796510067528
14666,9.948215382622699
14667,9.948465664570099
14668,9.94871594651751
14669,9.94896622846493
14670,9.94921651041234
14671,9.94946679235974
14672,9.94971707430716
14673,9.94996735625457
14674,9.95021763820197
14675,9.950467920149391
14676,9.9507182020968
14677,9.95096848404421
14678,9.95121876599162
14679,9.95146904793903
14680,9.951719329886439
14681,9.95196961183385
14682,9.95221989378126
14683,9.95247017572867
14684,9.95272045767608
14685,9.95297073962349
14686,9.9532210215709
14687,9.95347130351831
14688,9.95372158546572
14689,9.95397186741313
14690,9.954222149360541
14691,9.95447243130795
14692,9.954722713255359
14693,9.954972995202779
14694,9.95522327715018
14695,9.95547355909759
14696,9.95572384104501
14697,9.95597412299242
14698,9.95622440493983
14699,9.95647468688724
14700,9.95672496883464
14701,9.95697525078206
14702,9.95722553272947
14703,9.957475814676881
14704,9.95772609662429
14705,9.957976378571699
14706,9.95822666051911
14707,9.95847694246652
14708,9.958727224413929
14709,9.95897750636134
14710,9.95922778830875
14711,9.95947807025616
14712,9.95972835220357
14713,9.95997863415098
14714,9.96022891609839
14715,9.9604791980458
14716,9.96072947999321
14717,9.96097976194062
14718,9.96123004388803
14719,9.96148032583544
14720,9.96173060778285
14721,9.961980889730269
14722,9.96223117167767
14723,9.96248145362509
14724,9.96273173557249
14725,9.96298201751991
14726,9.96323229946732
14727,9.96348258141473
14728,9.96373286336214
14729,9.96398314530955
14730,9.96423342725696
14731,9.964483709204371
14732,9.96473399115178
14733,9.964984273099189
14734,9.9652345550466
14735,9.96548483699401
14736,9.965735118941419
14737,9.96598540088883
14738,9.96623568283624
14739,9.96648596478365
14740,9.96673624673106
14741,9.96698652867847
14742,9.96723681062588
14743,9.96748709257329
14744,9.9677373745207
14745,9.96798765646811
14746,9.96823793841552
14747,9.96848822036293
14748,9.96873850231034
14749,9.96898878425776
14750,9.96923906620516
14751,9.96948934815258
14752,9.96973963009999
14753,9.9699899120474
14754,9.97024019399481
14755,9.97049047594222
14756,9.970740757889631
14757,9.97099103983704
14758,9.97124132178445
14759,9.97149160373186
14760,9.97174188567927
14761,9.971992167626679
14762,9.97224244957409
14763,9.9724927315215
14764,9.97274301346891
14765,9.97299329541632
14766,9.97324357736373
14767,9.97349385931114
14768,9.97374414125855
14769,9.97399442320596
14770,9.974244705153371
14771,9.97449498710078
14772,9.974745269048189
14773,9.9749955509956
14774,9.97524583294301
14775,9.97549611489042
14776,9.97574639683784
14777,9.97599667878525
14778,9.97624696073266
14779,9.976497242680061
14780,9.97674752462748
14781,9.97699780657489
14782,9.9772480885223
14783,9.97749837046971
14784,9.977748652417121
14785,9.97799893436453
14786,9.978249216311939
14787,9.97849949825935
14788,9.97874978020676
14789,9.979000062154169
14790,9.97925034410158
14791,9.97950062604899
14792,9.9797509079964
14793,9.98000118994381
14794,9.98025147189122
14795,9.980501753838631
14796,9.98075203578604
14797,9.98100231773345
14798,9.98125259968086
14799,9.98150288162827
14800,9.981753163575679
14801,9.98200344552309
14802,9.982253727470509
14803,9.98250400941791
14804,9.98275429136533
14805,9.98300457331273
14806,9.98325485526014
14807,9.98350513720756
14808,9.98375541915497
14809,9.98400570110238
14810,9.98425598304979
14811,9.9845062649972
14812,9.984756546944611
14813,9.98500682889202
14814,9.985257110839429
14815,9.98550739278684
14816,9.98575767473425
14817,9.986007956681659
14818,9.98625823862907
14819,9.98650852057648
14820,9.986758802523891
14821,9.9870090844713
14822,9.98725936641871
14823,9.987509648366121
14824,9.98775993031353
14825,9.988010212260939
14826,9.98826049420835
14827,9.98851077615576
14828,9.98876105810317
14829,9.98901134005059
14830,9.989261621997999
14831,9.98951190394541
14832,9.98976218589282
14833,9.99001246784023
14834,9.99026274978764
14835,9.99051303173505
14836,9.99076331368246
14837,9.99101359562987
14838,9.99126387757728
14839,9.99151415952469
14840,9.9917644414721
14841,9.99201472341951
14842,9.992265005366919
14843,9.99251528731433
14844,9.99276556926174
14845,9.99301585120915
14846,9.99326613315656
14847,9.99351641510397
14848,9.993766697051381
14849,9.99401697899879
14850,9.9942672609462
14851,9.994517542893611
14852,9.99476782484102
14853,9.995018106788429
14854,9.99526838873584
14855,9.995518670683259
14856,9.99576895263067
14857,9.99601923457808
14858,9.996269516525489
14859,9.9965197984729
14860,9.99677008042031
14861,9.99702036236772
14862,9.99727064431513
14863,9.99752092626254
14864,9.99777120820995
14865,9.99802149015736
14866,9.99827177210477
14867,9.998522054052179
14868,9.99877233599959
14869,9.999022617947
14870,9.99927289989441
14871,9.99952318184182
14872,9.99977346378923
14873,10.0000237457366
14874,10.000274027684
14875,10.0005243096314
14876,10.0007745915788
14877,10.0010248735262
14878,10.0012751554736
14879,10.0015254374211
14880,10.0017757193685
14881,10.002026001315901
14882,10.002276283263301
14883,10.0025265652107
14884,10.0027768471581
14885,10.0030271291055
14886,10.003277411052899
14887,10.003527693000299
14888,10.0037779749478
14889,10.0040282568952
14890,10.0042785388426
14891,10.00452882079
14892,10.0047791027374
14893,10.0050293846848
14894,10.0052796666322
14895,10.0055299485796
14896,10.005780230527
14897,10.0060305124744
14898,10.0062807944219
14899,10.006531076369301
14900,10.006781358316701
14901,10.007031640264099
14902,10.0072819222115
14903,10.0075322041589
14904,10.007782486106299
14905,10.0080327680537
14906,10.0082830500011
14907,10.0085333319485
14908,10.008783613896
14909,10.0090338958434
14910,10.0092841777908
14911,10.0095344597382
14912,10.0097847416856
14913,10.010035023633
14914,10.0102853055804
14915,10.0105355875278
14916,10.0107858694752
14917,10.0110361514227
14918,10.011286433370099
14919,10.011536715317499
14920,10.0117869972649
14921,10.0120372792123
14922,10.012287561159699
14923,10.0125378431071
14924,10.0127881250545
14925,10.013038407001899
14926,10.0132886889493
14927,10.0135389708968
14928,10.0137892528442
14929,10.0140395347916
14930,10.014289816739
14931,10.0145400986864
14932,10.014790380633801
14933,10.0150406625812
14934,10.0152909445286
14935,10.015541226476001
14936,10.015791508423499
14937,10.016041790370899
14938,10.0162920723183
14939,10.0165423542657
14940,10.016792636213099
14941,10.0170429181605
14942,10.0172932001079
14943,10.017543482055299
14944,10.0177937640027
14945,10.0180440459501
14946,10.0182943278976
14947,10.018544609845
14948,10.0187948917924
14949,10.0190451737398
14950,10.0192954556872
14951,10.0195457376346
14952,10.019796019582
14953,10.020046301529401
14954,10.0202965834768
14955,10.0205468654242
14956,10.0207971473717
14957,10.021047429319099
14958,10.0212977112665
14959,10.0215479932139
14960,10.0217982751613
14961,10.0220485571087
14962,10.0222988390561
14963,10.0225491210035
14964,10.022799402950898
14965,10.0230496848984
14966,10.0232999668458
14967,10.0235502487932
14968,10.0238005307406
14969,10.024050812688
14970,10.0243010946354
14971,10.024551376582801
14972,10.0248016585302
14973,10.0250519404776
14974,10.025302222425001
14975,10.025552504372499
14976,10.0258027863199
14977,10.0260530682673
14978,10.0263033502147
14979,10.0265536321621
14980,10.0268039141095
14981,10.0270541960569
14982,10.0273044780043
14983,10.0275547599517
14984,10.0278050418991
14985,10.028055323846601
14986,10.028305605794
14987,10.0285558877414
14988,10.028806169688801
14989,10.0290564516362
14990,10.0293067335836
14991,10.029557015531001
14992,10.029807297478401
14993,10.0300575794258
14994,10.0303078613733
14995,10.0305581433207
14996,10.0308084252681
14997,10.0310587072155
14998,10.0313089891629
14999,10.0315592711103
15000,10.0318095530577
15001,10.0320598350051
15002,10.0323101169525
15003,10.0325603988999
15004,10.0328106808474
15005,10.0330609627948
15006,10.033311244742201
15007,10.0335615266896
15008,10.033811808637
15009,10.034062090584401
15010,10.0343123725318
15011,10.034562654479199
15012,10.0348129364266
15013,10.035063218374
15014,10.0353135003215
15015,10.0355637822689
15016,10.0358140642163
15017,10.0360643461637
15018,10.0363146281111
15019,10.0365649100585
15020,10.0368151920059
15021,10.0370654739533
15022,10.0373157559007
15023,10.037566037848201
15024,10.037816319795601
15025,10.038066601743
15026,10.038316883690399
15027,10.0385671656378
15028,10.038817447585199
15029,10.039067729532599
15030,10.03931801148
15031,10.0395682934274
15032,10.039818575374799
15033,10.0400688573223
15034,10.0403191392697
15035,10.0405694212171
15036,10.0408197031645
15037,10.0410699851119
15038,10.0413202670593
15039,10.0415705490067
15040,10.0418208309541
15041,10.0420711129015
15042,10.042321394848901
15043,10.042571676796399
15044,10.0428219587438
15045,10.0430722406912
15046,10.043322522638599
15047,10.043572804586
15048,10.0438230865334
15049,10.0440733684808
15050,10.0443236504282
15051,10.0445739323756
15052,10.0448242143231
15053,10.0450744962705
15054,10.0453247782179
15055,10.0455750601653
15056,10.0458253421127
15057,10.0460756240601
15058,10.0463259060075
15059,10.0465761879549
15060,10.0468264699023
15061,10.0470767518497
15062,10.0473270337972
15063,10.0475773157446
15064,10.047827597691999
15065,10.0480778796394
15066,10.0483281615868
15067,10.048578443534199
15068,10.0488287254816
15069,10.049079007429
15070,10.0493292893764
15071,10.0495795713239
15072,10.0498298532713
15073,10.0500801352187
15074,10.050330417166101
15075,10.0505806991135
15076,10.0508309810609
15077,10.051081263008301
15078,10.0513315449557
15079,10.0515818269031
15080,10.051832108850501
15081,10.052082390798
15082,10.052332672745399
15083,10.0525829546928
15084,10.0528332366402
15085,10.053083518587599
15086,10.053333800535
15087,10.0535840824824
15088,10.0538343644298
15089,10.0540846463772
15090,10.0543349283246
15091,10.0545852102721
15092,10.0548354922195
15093,10.0550857741669
15094,10.0553360561143
15095,10.055586338061701
15096,10.0558366200091
15097,10.0560869019565
15098,10.056337183903901
15099,10.0565874658513
15100,10.0568377477988
15101,10.0570880297462
15102,10.0573383116936
15103,10.057588593641
15104,10.0578388755884
15105,10.0580891575358
15106,10.058339439483198
15107,10.0585897214306
15108,10.058840003378
15109,10.0590902853254
15110,10.0593405672729
15111,10.0595908492203
15112,10.0598411311677
15113,10.060091413115101
15114,10.0603416950625
15115,10.0605919770099
15116,10.060842258957301
15117,10.0610925409047
15118,10.0613428228521
15119,10.0615931047995
15120,10.061843386747
15121,10.0620936686944
15122,10.0623439506418
15123,10.0625942325892
15124,10.0628445145366
15125,10.063094796484
15126,10.0633450784314
15127,10.0635953603788
15128,10.0638456423262
15129,10.0640959242737
15130,10.064346206221101
15131,10.0645964881685
15132,10.0648467701159
15133,10.065097052063301
15134,10.065347334010701
15135,10.065597615958099
15136,10.065847897905499
15137,10.0660981798529
15138,10.066348461800299
15139,10.0665987437478
15140,10.0668490256952
15141,10.0670993076426
15142,10.06734958959
15143,10.0675998715374
15144,10.0678501534848
15145,10.0681004354322
15146,10.0683507173796
15147,10.068600999327
15148,10.0688512812744
15149,10.0691015632219
15150,10.0693518451693
15151,10.0696021271167
15152,10.0698524090641
15153,10.070102691011499
15154,10.0703529729589
15155,10.0706032549063
15156,10.070853536853699
15157,10.0711038188011
15158,10.0713541007486
15159,10.071604382696
15160,10.0718546646434
15161,10.0721049465908
15162,10.0723552285382
15163,10.0726055104856
15164,10.072855792433
15165,10.0731060743804
15166,10.0733563563278
15167,10.0736066382752
15168,10.073856920222699
15169,10.0741072021701
15170,10.074357484117499
15171,10.074607766064899
15172,10.0748580480123
15173,10.0751083299597
15174,10.075358611907099
15175,10.0756088938545
15176,10.0758591758019
15177,10.076109457749299
15178,10.0763597396968
15179,10.0766100216442
15180,10.0768603035916
15181,10.077110585539
15182,10.0773608674864
15183,10.0776111494338
15184,10.077861431381201
15185,10.0781117133286
15186,10.078361995276
15187,10.0786122772235
15188,10.078862559170899
15189,10.0791128411183
15190,10.0793631230657
15191,10.0796134050131
15192,10.0798636869605
15193,10.0801139689079
15194,10.0803642508553
15195,10.080614532802699
15196,10.0808648147501
15197,10.0811150966976
15198,10.081365378645
15199,10.0816156605924
15200,10.0818659425398
15201,10.0821162244872
15202,10.0823665064346
15203,10.082616788382
15204,10.0828670703294
15205,10.083117352276801
15206,10.083367634224299
15207,10.0836179161717
15208,10.0838681981191
15209,10.0841184800665
15210,10.0843687620139
15211,10.0846190439613
15212,10.0848693259087
15213,10.0851196078561
15214,10.0853698898035
15215,10.0856201717509
15216,10.085870453698401
15217,10.0861207356458
15218,10.0863710175932
15219,10.086621299540601
15220,10.086871581488
15221,10.0871218634354
15222,10.087372145382801
15223,10.087622427330201
15224,10.0878727092776
15225,10.088122991225
15226,10.0883732731725
15227,10.088623555119899
15228,10.0888738370673
15229,10.0891241190147
15230,10.0893744009621
15231,10.0896246829095
15232,10.0898749648569
15233,10.0901252468043
15234,10.0903755287517
15235,10.0906258106992
15236,10.0908760926466
15237,10.091126374594001
15238,10.0913766565414
15239,10.0916269384888
15240,10.091877220436201
15241,10.0921275023836
15242,10.092377784331
15243,10.092628066278401
15244,10.0928783482258
15245,10.0931286301733
15246,10.0933789121207
15247,10.0936291940681
15248,10.0938794760155
15249,10.0941297579629
15250,10.0943800399103
15251,10.0946303218577
15252,10.0948806038051
15253,10.0951308857525
15254,10.0953811677
15255,10.095631449647401
15256,10.0958817315948
15257,10.0961320135422
15258,10.096382295489601
15259,10.096632577437
15260,10.096882859384399
15261,10.0971331413318
15262,10.0973834232792
15263,10.097633705226599
15264,10.0978839871741
15265,10.0981342691215
15266,10.0983845510689
15267,10.0986348330163
15268,10.0988851149637
15269,10.0991353969111
15270,10.0993856788585
15271,10.0996359608059
15272,10.0998862427533
15273,10.1001365247007
15274,10.1003868066482
15275,10.100637088595601
15276,10.100887370543001
15277,10.101137652490399
15278,10.101387934437799
15279,10.1016382163852
15280,10.101888498332599
15281,10.102138780279999
15282,10.1023890622274
15283,10.1026393441749
15284,10.1028896261223
15285,10.1031399080697
15286,10.1033901900171
15287,10.1036404719645
15288,10.1038907539119
15289,10.1041410358593
15290,10.1043913178067
15291,10.1046415997541
15292,10.1048918817015
15293,10.105142163649
15294,10.1053924455964
15295,10.105642727543799
15296,10.1058930094912
15297,10.1061432914386
15298,10.106393573385999
15299,10.1066438553334
15300,10.1068941372808
15301,10.1071444192282
15302,10.1073947011756
15303,10.1076449831231
15304,10.1078952650705
15305,10.1081455470179
15306,10.1083958289653
15307,10.1086461109127
15308,10.1088963928601
15309,10.1091466748075
15310,10.1093969567549
15311,10.1096472387023
15312,10.1098975206498
15313,10.110147802597199
15314,10.1103980845446
15315,10.110648366492
15316,10.110898648439399
15317,10.1111489303868
15318,10.1113992123342
15319,10.111649494281599
15320,10.111899776229
15321,10.1121500581764
15322,10.1124003401239
15323,10.1126506220713
15324,10.1129009040187
15325,10.1131511859661
15326,10.113401467913501
15327,10.1136517498609
15328,10.1139020318083
15329,10.114152313755701
15330,10.1144025957031
15331,10.1146528776506
15332,10.114903159598
15333,10.1151534415454
15334,10.1154037234928
15335,10.1156540054402
15336,10.1159042873876
15337,10.116154569334999
15338,10.1164048512824
15339,10.1166551332298
15340,10.1169054151772
15341,10.1171556971247
15342,10.1174059790721
15343,10.1176562610195
15344,10.1179065429669
15345,10.1181568249143
15346,10.1184071068617
15347,10.118657388809101
15348,10.1189076707565
15349,10.1191579527039
15350,10.119408234651301
15351,10.1196585165988
15352,10.1199087985462
15353,10.1201590804936
15354,10.120409362441
15355,10.1206596443884
15356,10.1209099263358
15357,10.1211602082832
15358,10.1214104902306
15359,10.121660772178
15360,10.1219110541254
15361,10.122161336072901
15362,10.1224116180203
15363,10.1226618999677
15364,10.122912181915101
15365,10.123162463862501
15366,10.1234127458099
15367,10.1236630277573
15368,10.123913309704701
15369,10.1241635916521
15370,10.1244138735996
15371,10.124664155547
15372,10.1249144374944
15373,10.1251647194418
15374,10.1254150013892
15375,10.1256652833366
15376,10.125915565284
15377,10.1261658472314
15378,10.1264161291788
15379,10.1266664111262
15380,10.1269166930737
15381,10.1271669750211
15382,10.127417256968501
15383,10.1276675389159
15384,10.1279178208633
15385,10.128168102810701
15386,10.1284183847581
15387,10.128668666705499
15388,10.1289189486529
15389,10.1291692306004
15390,10.1294195125478
15391,10.1296697944952
15392,10.1299200764426
15393,10.13017035839
15394,10.1304206403374
15395,10.1306709222848
15396,10.1309212042322
15397,10.1311714861796
15398,10.131421768127
15399,10.1316720500745
15400,10.131922332021901
15401,10.1321726139693
15402,10.132422895916699
15403,10.1326731778641
15404,10.1329234598115
15405,10.133173741758899
15406,10.1334240237063
15407,10.1336743056537
15408,10.133924587601099
15409,10.1341748695486
15410,10.134425151496
15411,10.1346754334434
15412,10.1349257153908
15413,10.1351759973382
15414,10.1354262792856
15415,10.135676561233
15416,10.1359268431804
15417,10.1361771251278
15418,10.1364274070753
15419,10.136677689022699
15420,10.136927970970099
15421,10.1371782529175
15422,10.137428534864899
15423,10.137678816812299
15424,10.1379290987597
15425,10.1381793807071
15426,10.138429662654499
15427,10.1386799446019
15428,10.1389302265494
15429,10.1391805084968
15430,10.1394307904442
15431,10.1396810723916
15432,10.139931354339
15433,10.1401816362864
15434,10.1404319182338
15435,10.1406822001812
15436,10.140932482128601
15437,10.141182764076099
15438,10.1414330460235
15439,10.1416833279709
15440,10.141933609918299
15441,10.1421838918657
15442,10.1424341738131
15443,10.1426844557605
15444,10.1429347377079
15445,10.1431850196553
15446,10.1434353016027
15447,10.1436855835502
15448,10.1439358654976
15449,10.144186147445
15450,10.1444364293924
15451,10.1446867113398
15452,10.1449369932872
15453,10.1451872752346
15454,10.145437557182
15455,10.1456878391294
15456,10.1459381210768
15457,10.1461884030243
15458,10.146438684971699
15459,10.1466889669191
15460,10.1469392488665
15461,10.1471895308139
15462,10.1474398127613
15463,10.1476900947087
15464,10.1479403766561
15465,10.1481906586035
15466,10.1484409405509
15467,10.1486912224984
15468,10.148941504445801
15469,10.1491917863932
15470,10.1494420683406
15471,10.149692350288001
15472,10.1499426322354
15473,10.1501929141828
15474,10.150443196130201
15475,10.150693478077601
15476,10.1509437600251
15477,10.1511940419725
15478,10.1514443239199
15479,10.151694605867299
15480,10.1519448878147
15481,10.1521951697621
15482,10.1524454517095
15483,10.1526957336569
15484,10.1529460156043
15485,10.1531962975517
15486,10.1534465794992
15487,10.1536968614466
15488,10.153947143394
15489,10.154197425341401
15490,10.1544477072888
15491,10.1546979892362
15492,10.154948271183601
15493,10.155198553131
15494,10.1554488350784
15495,10.1556991170259
15496,10.1559493989733
15497,10.1561996809207
15498,10.1564499628681
15499,10.1567002448155
15500,10.1569505267629
15501,10.1572008087103
15502,10.1574510906577
15503,10.1577013726051
15504,10.1579516545525
15505,10.1582019365
15506,10.158452218447401
15507,10.158702500394801
15508,10.1589527823422
15509,10.1592030642896
15510,10.159453346237001
15511,10.159703628184399
15512,10.159953910131799
15513,10.1602041920792
15514,10.1604544740266
15515,10.1607047559741
15516,10.1609550379215
15517,10.1612053198689
15518,10.1614556018163
15519,10.1617058837637
15520,10.1619561657111
15521,10.1622064476585
15522,10.1624567296059
15523,10.1627070115533
15524,10.162957293500801
15525,10.163207575448201
15526,10.1634578573956
15527,10.163708139343
15528,10.1639584212904
15529,10.164208703237799
15530,10.1644589851852
15531,10.1647092671326
15532,10.164959549079999
15533,10.1652098310274
15534,10.1654601129749
15535,10.1657103949223
15536,10.1659606768697
15537,10.1662109588171
15538,10.1664612407645
15539,10.1667115227119
15540,10.1669618046593
15541,10.1672120866067
15542,10.1674623685541
15543,10.1677126505015
15544,10.167962932448999
15545,10.1682132143964
15546,10.1684634963438
15547,10.168713778291199
15548,10.1689640602386
15549,10.169214342186
15550,10.169464624133399
15551,10.1697149060808
15552,10.1699651880282
15553,10.1702154699757
15554,10.1704657519231
15555,10.1707160338705
15556,10.1709663158179
15557,10.1712165977653
15558,10.1714668797127
15559,10.1717171616601
15560,10.171967443607501
15561,10.1722177255549
15562,10.1724680075023
15563,10.1727182894498
15564,10.1729685713972
15565,10.173218853344599
15566,10.173469135292
15567,10.1737194172394
15568,10.173969699186799
15569,10.1742199811342
15570,10.1744702630816
15571,10.174720545028999
15572,10.1749708269764
15573,10.1752211089239
15574,10.1754713908713
15575,10.1757216728187
15576,10.1759719547661
15577,10.1762222367135
15578,10.176472518660901
15579,10.1767228006083
15580,10.1769730825557
15581,10.177223364503101
15582,10.177473646450599
15583,10.177723928398
15584,10.1779742103454
15585,10.1782244922928
15586,10.1784747742402
15587,10.1787250561876
15588,10.178975338135
15589,10.179225620082399
15590,10.1794759020298
15591,10.1797261839772
15592,10.1799764659247
15593,10.1802267478721
15594,10.1804770298195
15595,10.1807273117669
15596,10.1809775937143
15597,10.1812278756617
15598,10.1814781576091
15599,10.181728439556501
15600,10.1819787215039
15601,10.1822290034514
15602,10.1824792853988
15603,10.1827295673462
15604,10.1829798492936
15605,10.183230131241
15606,10.1834804131884
15607,10.1837306951358
15608,10.1839809770832
15609,10.1842312590306
15610,10.184481540978
15611,10.1847318229255
15612,10.1849821048729
15613,10.185232386820301
15614,10.1854826687677
15615,10.1857329507151
15616,10.185983232662501
15617,10.186233514609901
15618,10.1864837965573
15619,10.1867340785047
15620,10.1869843604521
15621,10.187234642399599
15622,10.187484924347
15623,10.1877352062944
15624,10.1879854882418
15625,10.1882357701892
15626,10.1884860521366
15627,10.188736334084
15628,10.1889866160314
15629,10.1892368979788
15630,10.1894871799263
15631,10.189737461873701
15632,10.1899877438211
15633,10.1902380257685
15634,10.190488307715901
15635,10.1907385896633
15636,10.190988871610699
15637,10.1912391535581
15638,10.1914894355055
15639,10.191739717452899
15640,10.1919899994004
15641,10.1922402813478
15642,10.1924905632952
15643,10.1927408452426
15644,10.19299112719
15645,10.1932414091374
15646,10.1934916910848
15647,10.1937419730322
15648,10.1939922549796
15649,10.194242536927
15650,10.1944928188745
15651,10.1947431008219
15652,10.194993382769301
15653,10.195243664716699
15654,10.195493946664099
15655,10.1957442286115
15656,10.1959945105589
15657,10.196244792506299
15658,10.1964950744537
15659,10.1967453564012
15660,10.1969956383486
15661,10.197245920296
15662,10.1974962022434
15663,10.1977464841908
15664,10.1979967661382
15665,10.1982470480856
15666,10.198497330033
15667,10.1987476119804
15668,10.1989978939278
15669,10.1992481758753
15670,10.1994984578227
15671,10.199748739770099
15672,10.1999990217175
15673,10.2002493036649
15674,10.2004995856123
15675,10.2007498675597
15676,10.2010001495071
15677,10.2012504314545
15678,10.201500713401899
15679,10.2017509953494
15680,10.2020012772968
15681,10.2022515592442
15682,10.2025018411916
15683,10.202752123139
15684,10.2030024050864
15685,10.2032526870338
15686,10.2035029689812
15687,10.2037532509286
15688,10.2040035328761
15689,10.204253814823499
15690,10.2045040967709
15691,10.2047543787183
15692,10.205004660665699
15693,10.2052549426131
15694,10.2055052245605
15695,10.2057555065079
15696,10.2060057884553
15697,10.2062560704027
15698,10.2065063523502
15699,10.2067566342976
15700,10.207006916245
15701,10.2072571981924
15702,10.207507480139801
15703,10.2077577620872
15704,10.2080080440346
15705,10.208258325982001
15706,10.2085086079294
15707,10.208758889876899
15708,10.2090091718243
15709,10.2092594537717
15710,10.209509735719099
15711,10.2097600176665
15712,10.2100102996139
15713,10.2102605815613
15714,10.2105108635087
15715,10.2107611454561
15716,10.2110114274035
15717,10.211261709351
15718,10.2115119912984
15719,10.2117622732458
15720,10.212012555193201
15721,10.2122628371406
15722,10.212513119088
15723,10.212763401035401
15724,10.2130136829828
15725,10.2132639649302
15726,10.213514246877601
15727,10.2137645288251
15728,10.2140148107725
15729,10.2142650927199
15730,10.2145153746673
15731,10.214765656614698
15732,10.2150159385621
15733,10.2152662205095
15734,10.2155165024569
15735,10.2157667844043
15736,10.2160170663517
15737,10.2162673482992
15738,10.2165176302466
15739,10.216767912194
15740,10.2170181941414
15741,10.217268476088801
15742,10.2175187580362
15743,10.2177690399836
15744,10.218019321931001
15745,10.218269603878399
15746,10.2185198858259
15747,10.2187701677733
15748,10.2190204497207
15749,10.2192707316681
15750,10.2195210136155
15751,10.2197712955629
15752,10.2200215775103
15753,10.2202718594577
15754,10.2205221414051
15755,10.2207724233525
15756,10.2210227053
15757,10.2212729872474
15758,10.221523269194801
15759,10.221773551142201
15760,10.2220238330896
15761,10.222274115037
15762,10.2225243969844
15763,10.222774678931799
15764,10.223024960879199
15765,10.2232752428267
15766,10.2235255247741
15767,10.2237758067215
15768,10.2240260886689
15769,10.2242763706163
15770,10.2245266525637
15771,10.2247769345111
15772,10.2250272164585
15773,10.2252774984059
15774,10.2255277803533
15775,10.2257780623008
15776,10.226028344248201
15777,10.226278626195601
15778,10.226528908142999
15779,10.2267791900904
15780,10.2270294720378
15781,10.227279753985199
15782,10.2275300359326
15783,10.22778031788
15784,10.228030599827399
15785,10.2282808817749
15786,10.2285311637223
15787,10.2287814456697
15788,10.2290317276171
15789,10.2292820095645
15790,10.2295322915119
15791,10.2297825734593
15792,10.2300328554067
15793,10.2302831373541
15794,10.2305334193016
15795,10.230783701248999
15796,10.231033983196399
15797,10.2312842651438
15798,10.2315345470912
15799,10.231784829038599
15800,10.232035110986
15801,10.2322853929334
15802,10.232535674880799
15803,10.2327859568282
15804,10.2330362387757
15805,10.2332865207231
15806,10.2335368026705
15807,10.2337870846179
15808,10.2340373665653
15809,10.2342876485127
15810,10.2345379304601
15811,10.2347882124075
15812,10.235038494354901
15813,10.235288776302399
15814,10.2355390582498
15815,10.2357893401972
15816,10.2360396221446
15817,10.236289904092
15818,10.2365401860394
15819,10.2367904679868
15820,10.237040749934199
15821,10.2372910318816
15822,10.237541313829
15823,10.2377915957765
15824,10.2380418777239
15825,10.2382921596713
15826,10.2385424416187
15827,10.2387927235661
15828,10.2390430055135
15829,10.2392932874609
15830,10.239543569408301
15831,10.2397938513557
15832,10.2400441333031
15833,10.2402944152506
15834,10.240544697197999
15835,10.2407949791454
15836,10.2410452610928
15837,10.2412955430402
15838,10.2415458249876
15839,10.241796106935
15840,10.2420463888824
15841,10.2422966708298
15842,10.2425469527773
15843,10.2427972347247
15844,10.243047516672101
15845,10.2432977986195
15846,10.2435480805669
15847,10.243798362514301
15848,10.2440486444617
15849,10.2442989264091
15850,10.2445492083565
15851,10.244799490303901
15852,10.245049772251399
15853,10.2453000541988
15854,10.2455503361462
15855,10.2458006180936
15856,10.246050900041
15857,10.2463011819884
15858,10.2465514639358
15859,10.2468017458832
15860,10.2470520278306
15861,10.247302309778
15862,10.247552591725501
15863,10.2478028736729
15864,10.2480531556203
15865,10.248303437567701
15866,10.2485537195151
15867,10.2488040014625
15868,10.249054283409901
15869,10.249304565357301
15870,10.2495548473047
15871,10.2498051292522
15872,10.2500554111996
15873,10.250305693146998
15874,10.2505559750944
15875,10.2508062570418
15876,10.2510565389892
15877,10.2513068209366
15878,10.251557102884
15879,10.2518073848314
15880,10.2520576667788
15881,10.2523079487263
15882,10.2525582306737
15883,10.252808512621101
15884,10.2530587945685
15885,10.2533090765159
15886,10.253559358463301
15887,10.253809640410699
15888,10.254059922358099
15889,10.2543102043055
15890,10.2545604862529
15891,10.2548107682004
15892,10.2550610501478
15893,10.2553113320952
15894,10.2555616140426
15895,10.25581189599
15896,10.2560621779374
15897,10.2563124598848
15898,10.2565627418322
15899,10.2568130237796
15900,10.257063305727101
15901,10.257313587674501
15902,10.2575638696219
15903,10.257814151569299
15904,10.2580644335167
15905,10.258314715464099
15906,10.258564997411499
15907,10.2588152793589
15908,10.2590655613063
15909,10.259315843253699
15910,10.2595661252012
15911,10.2598164071486
15912,10.260066689096
15913,10.2603169710434
15914,10.2605672529908
15915,10.2608175349382
15916,10.2610678168856
15917,10.261318098833
15918,10.2615683807804
15919,10.2618186627278
15920,10.262068944675299
15921,10.2623192266227
15922,10.2625695085701
15923,10.262819790517499
15924,10.2630700724649
15925,10.2633203544123
15926,10.2635706363597
15927,10.2638209183071
15928,10.2640712002545
15929,10.264321482202
15930,10.2645717641494
15931,10.2648220460968
15932,10.2650723280442
15933,10.2653226099916
15934,10.265572891939
15935,10.2658231738864
15936,10.2660734558338
15937,10.2663237377812
15938,10.2665740197286
15939,10.2668243016761
15940,10.2670745836235
15941,10.267324865570899
15942,10.2675751475183
15943,10.2678254294657
15944,10.268075711413099
15945,10.2683259933605
15946,10.2685762753079
15947,10.2688265572553
15948,10.2690768392028
15949,10.2693271211502
15950,10.2695774030976
15951,10.269827685045
15952,10.2700779669924
15953,10.2703282489398
15954,10.270578530887201
15955,10.2708288128346
15956,10.271079094782
15957,10.271329376729401
15958,10.2715796586769
15959,10.2718299406243
15960,10.2720802225717
15961,10.2723305045191
15962,10.272580786466499
15963,10.2728310684139
15964,10.2730813503613
15965,10.2733316323087
15966,10.2735819142561
15967,10.2738321962035
15968,10.274082478151
15969,10.2743327600984
15970,10.2745830420458
15971,10.2748333239932
15972,10.275083605940601
15973,10.275333887888
15974,10.2755841698354
15975,10.275834451782801
15976,10.2760847337302
15977,10.2763350156777
15978,10.2765852976251
15979,10.2768355795725
15980,10.2770858615199
15981,10.2773361434673
15982,10.2775864254147
15983,10.2778367073621
15984,10.2780869893095
15985,10.2783372712569
15986,10.2785875532043
15987,10.2788378351518
15988,10.2790881170992
15989,10.279338399046601
15990,10.279588680994001
15991,10.2798389629414
15992,10.2800892448888
15993,10.280339526836201
15994,10.2805898087836
15995,10.280840090731
15996,10.2810903726784
15997,10.2813406546259
15998,10.2815909365733
15999,10.2818412185207
16000,10.2820915004681
16001,10.2823417824155
16002,10.2825920643629
16003,10.2828423463103
16004,10.2830926282577
16005,10.2833429102051
16006,10.2835931921526
16007,10.283843474100001
16008,10.2840937560474
16009,10.2843440379948
16010,10.284594319942201
16011,10.284844601889601
16012,10.285094883836999
16013,10.2853451657844
16014,10.2855954477318
16015,10.285845729679199
16016,10.2860960116267
16017,10.2863462935741
16018,10.2865965755215
16019,10.2868468574689
16020,10.2870971394163
16021,10.2873474213637
16022,10.2875977033111
16023,10.2878479852585
16024,10.2880982672059
16025,10.2883485491533
16026,10.2885988311008
16027,10.2888491130482
16028,10.289099394995601
16029,10.289349676943
16030,10.289599958890399
16031,10.2898502408378
16032,10.2901005227852
16033,10.290350804732599
16034,10.29060108668
16035,10.2908513686275
16036,10.2911016505749
16037,10.2913519325223
16038,10.2916022144697
16039,10.2918524964171
16040,10.2921027783645
16041,10.2923530603119
16042,10.2926033422593
16043,10.292853624206701
16044,10.2931039061541
16045,10.293354188101599
16046,10.293604470049
16047,10.293854751996399
16048,10.294105033943799
16049,10.2943553158912
16050,10.2946055978386
16051,10.294855879785999
16052,10.2951061617334
16053,10.2953564436808
16054,10.2956067256283
16055,10.2958570075757
16056,10.2961072895231
16057,10.2963575714705
16058,10.2966078534179
16059,10.2968581353653
16060,10.2971084173127
16061,10.2973586992601
16062,10.2976089812075
16063,10.2978592631549
16064,10.2981095451024
16065,10.298359827049799
16066,10.2986101089972
16067,10.2988603909446
16068,10.299110672892
16069,10.2993609548394
16070,10.2996112367868
16071,10.2998615187342
16072,10.300111800681599
16073,10.300362082629
16074,10.3006123645765
16075,10.3008626465239
16076,10.3011129284713
16077,10.3013632104187
16078,10.3016134923661
16079,10.3018637743135
16080,10.3021140562609
16081,10.3023643382083
16082,10.302614620155701
16083,10.302864902103199
16084,10.3031151840506
16085,10.303365465998
16086,10.303615747945399
16087,10.3038660298928
16088,10.3041163118402
16089,10.3043665937876
16090,10.304616875735
16091,10.3048671576824
16092,10.3051174396298
16093,10.305367721577301
16094,10.3056180035247
16095,10.3058682854721
16096,10.306118567419501
16097,10.3063688493669
16098,10.3066191313143
16099,10.306869413261701
16100,10.3071196952091
16101,10.3073699771565
16102,10.3076202591039
16103,10.3078705410514
16104,10.308120822998799
16105,10.3083711049462
16106,10.3086213868936
16107,10.308871668841
16108,10.3091219507884
16109,10.3093722327358
16110,10.3096225146832
16111,10.3098727966306
16112,10.3101230785781
16113,10.3103733605255
16114,10.310623642472901
16115,10.3108739244203
16116,10.3111242063677
16117,10.311374488315101
16118,10.3116247702625
16119,10.3118750522099
16120,10.312125334157301
16121,10.3123756161047
16122,10.3126258980522
16123,10.3128761799996
16124,10.313126461947
16125,10.3133767438944
16126,10.3136270258418
16127,10.3138773077892
16128,10.3141275897366
16129,10.314377871684
16130,10.3146281536314
16131,10.3148784355788
16132,10.315128717526301
16133,10.3153789994737
16134,10.3156292814211
16135,10.315879563368501
16136,10.3161298453159
16137,10.3163801272633
16138,10.3166304092107
16139,10.3168806911581
16140,10.317130973105499
16141,10.317381255053
16142,10.3176315370004
16143,10.3178818189478
16144,10.3181321008952
16145,10.3183823828426
16146,10.31863266479
16147,10.3188829467374
16148,10.3191332286848
16149,10.3193835106322
16150,10.3196337925796
16151,10.3198840745271
16152,10.320134356474501
16153,10.320384638421901
16154,10.320634920369299
16155,10.3208852023167
16156,10.3211354842641
16157,10.321385766211499
16158,10.3216360481589
16159,10.3218863301063
16160,10.3221366120537
16161,10.3223868940012
16162,10.3226371759486
16163,10.322887457896
16164,10.3231377398434
16165,10.3233880217908
16166,10.3236383037382
16167,10.3238885856856
16168,10.324138867633
16169,10.3243891495804
16170,10.3246394315279
16171,10.3248897134753
16172,10.325139995422699
16173,10.3253902773701
16174,10.3256405593175
16175,10.325890841264899
16176,10.3261411232123
16177,10.3263914051597
16178,10.3266416871071
16179,10.3268919690545
16180,10.327142251002
16181,10.3273925329494
16182,10.3276428148968
16183,10.3278930968442
16184,10.3281433787916
16185,10.328393660739001
16186,10.3286439426864
16187,10.3288942246338
16188,10.329144506581201
16189,10.329394788528699
16190,10.329645070476099
16191,10.3298953524235
16192,10.3301456343709
16193,10.330395916318299
16194,10.3306461982657
16195,10.3308964802131
16196,10.331146762160499
16197,10.3313970441079
16198,10.3316473260553
16199,10.3318976080028
16200,10.3321478899502
16201,10.3323981718976
16202,10.332648453845
16203,10.3328987357924
16204,10.3331490177398
16205,10.3333992996872
16206,10.333649581634601
16207,10.333899863582
16208,10.3341501455294
16209,10.3344004274769
16210,10.3346507094243
16211,10.3349009913717
16212,10.3351512733191
16213,10.3354015552665
16214,10.335651837213899
16215,10.3359021191613
16216,10.3361524011087
16217,10.3364026830561
16218,10.3366529650036
16219,10.336903246951
16220,10.3371535288984
16221,10.3374038108458
16222,10.3376540927932
16223,10.3379043747406
16224,10.338154656688001
16225,10.3384049386354
16226,10.3386552205828
16227,10.338905502530201
16228,10.339155784477699
16229,10.3394060664251
16230,10.3396563483725
16231,10.3399066303199
16232,10.3401569122673
16233,10.3404071942147
16234,10.3406574761621
16235,10.3409077581095
16236,10.3411580400569
16237,10.3414083220043
16238,10.341658603951801
16239,10.3419088858992
16240,10.3421591678466
16241,10.342409449794001
16242,10.342659731741401
16243,10.3429100136888
16244,10.3431602956362
16245,10.343410577583601
16246,10.343660859531
16247,10.3439111414785
16248,10.3441614234259
16249,10.3444117053733
16250,10.3446619873207
16251,10.3449122692681
16252,10.3451625512155
16253,10.3454128331629
16254,10.3456631151103
16255,10.3459133970577
16256,10.3461636790051
16257,10.3464139609526
16258,10.3466642429
16259,10.346914524847401
16260,10.3471648067948
16261,10.3474150887422
16262,10.347665370689601
16263,10.347915652637
16264,10.348165934584399
16265,10.3484162165318
16266,10.3486664984793
16267,10.3489167804267
16268,10.3491670623741
16269,10.3494173443215
16270,10.3496676262689
16271,10.3499179082163
16272,10.3501681901637
16273,10.3504184721111
16274,10.3506687540585
16275,10.3509190360059
16276,10.3511693179534
16277,10.351419599900801
16278,10.3516698818482
16279,10.351920163795599
16280,10.352170445743
16281,10.3524207276904
16282,10.352671009637799
16283,10.3529212915852
16284,10.3531715735326
16285,10.353421855479999
16286,10.3536721374275
16287,10.3539224193749
16288,10.3541727013223
16289,10.3544229832697
16290,10.3546732652171
16291,10.3549235471645
16292,10.3551738291119
16293,10.3554241110593
16294,10.3556743930067
16295,10.355924674954101
16296,10.356174956901599
16297,10.356425238849
16298,10.3566755207964
16299,10.356925802743799
16300,10.3571760846912
16301,10.3574263666386
16302,10.357676648586
16303,10.357926930533399
16304,10.3581772124808
16305,10.3584274944283
16306,10.3586777763757
16307,10.3589280583231
16308,10.3591783402705
16309,10.3594286222179
16310,10.3596789041653
16311,10.3599291861127
16312,10.3601794680601
16313,10.3604297500075
16314,10.360680031954999
16315,10.3609303139024
16316,10.3611805958498
16317,10.361430877797199
16318,10.3616811597446
16319,10.361931441692
16320,10.3621817236394
16321,10.3624320055868
16322,10.3626822875342
16323,10.3629325694816
16324,10.3631828514291
16325,10.3634331333765
16326,10.3636834153239
16327,10.363933697271301
16328,10.3641839792187
16329,10.3644342611661
16330,10.364684543113501
16331,10.3649348250609
16332,10.3651851070083
16333,10.3654353889557
16334,10.3656856709032
16335,10.365935952850599
16336,10.366186234798
16337,10.3664365167454
16338,10.366686798692799
16339,10.3669370806402
16340,10.3671873625876
16341,10.367437644535
16342,10.3676879264824
16343,10.3679382084298
16344,10.3681884903773
16345,10.368438772324701
16346,10.3686890542721
16347,10.3689393362195
16348,10.369189618166901
16349,10.3694399001143
16350,10.3696901820617
16351,10.369940464009101
16352,10.3701907459565
16353,10.370441027904
16354,10.3706913098514
16355,10.3709415917988
16356,10.371191873746199
16357,10.3714421556936
16358,10.371692437641
16359,10.3719427195884
16360,10.3721930015358
16361,10.3724432834832
16362,10.3726935654306
16363,10.3729438473781
16364,10.3731941293255
16365,10.3734444112729
16366,10.373694693220301
16367,10.3739449751677
16368,10.3741952571151
16369,10.374445539062501
16370,10.3746958210099
16371,10.3749461029573
16372,10.3751963849048
16373,10.3754466668522
16374,10.3756969487996
16375,10.375947230747
16376,10.3761975126944
16377,10.3764477946418
16378,10.3766980765892
16379,10.3769483585366
16380,10.377198640484
16381,10.3774489224314
16382,10.3776992043789
16383,10.377949486326301
16384,10.378199768273701
16385,10.3784500502211
16386,10.3787003321685
16387,10.378950614115901
16388,10.379200896063299
16389,10.379451178010699
16390,10.3797014599581
16391,10.3799517419055
16392,10.380202023853
16393,10.3804523058004
16394,10.3807025877478
16395,10.3809528696952
16396,10.3812031516426
16397,10.38145343359
16398,10.3817037155374
16399,10.3819539974848
16400,10.3822042794322
16401,10.382454561379701
16402,10.3827048433271
16403,10.3829551252745
16404,10.3832054072219
16405,10.3834556891693
16406,10.383705971116699
16407,10.3839562530641
16408,10.3842065350115
16409,10.384456816958899
16410,10.3847070989063
16411,10.3849573808538
16412,10.3852076628012
16413,10.3854579447486
16414,10.385708226696
16415,10.3859585086434
16416,10.3862087905908
16417,10.3864590725382
16418,10.3867093544856
16419,10.386959636433
16420,10.3872099183804
16421,10.387460200327899
16422,10.3877104822753
16423,10.3879607642227
16424,10.388211046170099
16425,10.3884613281175
16426,10.3887116100649
16427,10.388961892012299
16428,10.3892121739597
16429,10.3894624559071
16430,10.3897127378545
16431,10.389963019802
16432,10.3902133017494
16433,10.3904635836968
16434,10.3907138656442
16435,10.3909641475916
16436,10.391214429539
16437,10.391464711486401
16438,10.3917149934338
16439,10.3919652753812
16440,10.3922155573287
16441,10.392465839276099
16442,10.3927161212235
16443,10.3929664031709
16444,10.3932166851183
16445,10.393466967065699
16446,10.3937172490131
16447,10.3939675309605
16448,10.394217812907899
16449,10.3944680948553
16450,10.3947183768028
16451,10.3949686587502
16452,10.3952189406976
16453,10.395469222645
16454,10.3957195045924
16455,10.3959697865398
16456,10.3962200684872
16457,10.3964703504346
16458,10.396720632382001
16459,10.396970914329499
16460,10.3972211962769
16461,10.3974714782243
16462,10.3977217601717
16463,10.3979720421191
16464,10.3982223240665
16465,10.3984726060139
16466,10.3987228879613
16467,10.3989731699087
16468,10.3992234518561
16469,10.399473733803601
16470,10.399724015751
16471,10.3999742976984
16472,10.400224579645801
16473,10.4004748615932
16474,10.4007251435406
16475,10.400975425488
16476,10.401225707435401
16477,10.4014759893828
16478,10.4017262713303
16479,10.4019765532777
16480,10.402226835225099
16481,10.4024771171725
16482,10.4027273991199
16483,10.4029776810673
16484,10.4032279630147
16485,10.4034782449621
16486,10.4037285269095
16487,10.4039788088569
16488,10.4042290908044
16489,10.4044793727518
16490,10.404729654699201
16491,10.4049799366466
16492,10.405230218594
16493,10.405480500541401
16494,10.405730782488801
16495,10.4059810644362
16496,10.406231346383601
16497,10.406481628331
16498,10.406731910278499
16499,10.4069821922259
16500,10.4072324741733
16501,10.4074827561207
16502,10.4077330380681
16503,10.4079833200155
16504,10.4082336019629
16505,10.4084838839103
16506,10.4087341658577
16507,10.4089844478051
16508,10.409234729752601
16509,10.4094850117
16510,10.4097352936474
16511,10.409985575594801
16512,10.4102358575422
16513,10.410486139489599
16514,10.410736421437
16515,10.4109867033844
16516,10.411236985331799
16517,10.4114872672793
16518,10.4117375492267
16519,10.4119878311741
16520,10.4122381131215
16521,10.4124883950689
16522,10.4127386770163
16523,10.4129889589637
16524,10.4132392409111
16525,10.4134895228585
16526,10.4137398048059
16527,10.4139900867534
16528,10.4142403687008
16529,10.414490650648201
16530,10.414740932595599
16531,10.414991214542999
16532,10.4152414964904
16533,10.4154917784378
16534,10.415742060385199
16535,10.4159923423326
16536,10.4162426242801
16537,10.4164929062275
16538,10.4167431881749
16539,10.4169934701223
16540,10.4172437520697
16541,10.4174940340171
16542,10.4177443159645
16543,10.4179945979119
16544,10.4182448798593
16545,10.4184951618067
16546,10.4187454437542
16547,10.4189957257016
16548,10.419246007648999
16549,10.4194962895964
16550,10.4197465715438
16551,10.419996853491199
16552,10.4202471354386
16553,10.420497417386
16554,10.4207476993334
16555,10.420997981280799
16556,10.4212482632283
16557,10.4214985451757
16558,10.4217488271231
16559,10.4219991090705
16560,10.4222493910179
16561,10.4224996729653
16562,10.4227499549127
16563,10.4230002368601
16564,10.4232505188075
16565,10.423500800755
16566,10.423751082702399
16567,10.4240013646498
16568,10.4242516465972
16569,10.424501928544599
16570,10.424752210492
16571,10.4250024924394
16572,10.4252527743868
16573,10.4255030563342
16574,10.4257533382816
16575,10.4260036202291
16576,10.4262539021765
16577,10.4265041841239
16578,10.4267544660713
16579,10.427004748018701
16580,10.4272550299661
16581,10.4275053119135
16582,10.427755593860901
16583,10.4280058758083
16584,10.4282561577558
16585,10.4285064397032
16586,10.4287567216506
16587,10.429007003597999
16588,10.4292572855454
16589,10.4295075674928
16590,10.429757849440199
16591,10.4300081313876
16592,10.430258413335
16593,10.4305086952824
16594,10.4307589772299
16595,10.4310092591773
16596,10.4312595411247
16597,10.431509823072101
16598,10.4317601050195
16599,10.4320103869669
16600,10.432260668914301
16601,10.4325109508617
16602,10.4327612328091
16603,10.433011514756501
16604,10.433261796704
16605,10.4335120786514
16606,10.4337623605988
16607,10.4340126425462
16608,10.4342629244936
16609,10.434513206441
16610,10.4347634883884
16611,10.4350137703358
16612,10.4352640522832
16613,10.4355143342307
16614,10.435764616178101
16615,10.4360148981255
16616,10.4362651800729
16617,10.4365154620203
16618,10.436765743967701
16619,10.4370160259151
16620,10.4372663078625
16621,10.437516589809901
16622,10.4377668717573
16623,10.4380171537048
16624,10.4382674356522
16625,10.4385177175996
16626,10.438767999547
16627,10.4390182814944
16628,10.4392685634418
16629,10.4395188453892
16630,10.4397691273366
16631,10.440019409284
16632,10.4402696912314
16633,10.4405199731789
16634,10.4407702551263
16635,10.441020537073701
16636,10.441270819021101
16637,10.4415211009685
16638,10.441771382915901
16639,10.4420216648633
16640,10.442271946810699
16641,10.4425222287581
16642,10.4427725107056
16643,10.443022792653
16644,10.4432730746004
16645,10.4435233565478
16646,10.4437736384952
16647,10.4440239204426
16648,10.44427420239
16649,10.4445244843374
16650,10.4447747662848
16651,10.4450250482322
16652,10.4452753301797
16653,10.445525612127101
16654,10.4457758940745
16655,10.446026176021899
16656,10.4462764579693
16657,10.4465267399167
16658,10.446777021864099
16659,10.4470273038115
16660,10.4472775857589
16661,10.447527867706299
16662,10.4477781496538
16663,10.4480284316012
16664,10.4482787135486
16665,10.448528995496
16666,10.4487792774434
16667,10.4490295593908
16668,10.4492798413382
16669,10.4495301232856
16670,10.449780405233
16671,10.4500306871805
16672,10.450280969127899
16673,10.450531251075299
16674,10.4507815330227
16675,10.4510318149701
16676,10.451282096917499
16677,10.4515323788649
16678,10.4517826608123
16679,10.452032942759699
16680,10.4522832247071
16681,10.4525335066546
16682,10.452783788602
16683,10.4530340705494
16684,10.4532843524968
16685,10.4535346344442
16686,10.4537849163916
16687,10.454035198339
16688,10.4542854802864
16689,10.454535762233801
16690,10.454786044181299
16691,10.4550363261287
16692,10.4552866080761
16693,10.455536890023499
16694,10.4557871719709
16695,10.4560374539183
16696,10.4562877358657
16697,10.456538017813099
16698,10.4567882997605
16699,10.4570385817079
16700,10.4572888636554
16701,10.4575391456028
16702,10.4577894275502
16703,10.4580397094976
16704,10.458289991445
16705,10.4585402733924
16706,10.4587905553398
16707,10.459040837287201
16708,10.4592911192346
16709,10.459541401182
16710,10.4597916831295
16711,10.460041965076899
16712,10.4602922470243
16713,10.4605425289717
16714,10.4607928109191
16715,10.4610430928665
16716,10.4612933748139
16717,10.4615436567613
16718,10.4617939387087
16719,10.4620442206562
16720,10.4622945026036
16721,10.462544784551001
16722,10.4627950664984
16723,10.4630453484458
16724,10.463295630393201
16725,10.4635459123406
16726,10.463796194288
16727,10.4640464762354
16728,10.464296758182801
16729,10.464547040130299
16730,10.4647973220777
16731,10.4650476040251
16732,10.465297885972499
16733,10.4655481679199
16734,10.4657984498673
16735,10.4660487318147
16736,10.4662990137621
16737,10.4665492957095
16738,10.4667995776569
16739,10.467049859604401
16740,10.4673001415518
16741,10.4675504234992
16742,10.467800705446601
16743,10.468050987394
16744,10.4683012693414
16745,10.468551551288801
16746,10.468801833236201
16747,10.4690521151836
16748,10.4693023971311
16749,10.4695526790785
16750,10.4698029610259
16751,10.4700532429733
16752,10.4703035249207
16753,10.4705538068681
16754,10.4708040888155
16755,10.4710543707629
16756,10.4713046527103
16757,10.4715549346577
16758,10.4718052166052
16759,10.4720554985526
16760,10.472305780500001
16761,10.4725560624474
16762,10.4728063443948
16763,10.473056626342201
16764,10.473306908289599
16765,10.473557190236999
16766,10.4738074721844
16767,10.4740577541318
16768,10.4743080360793
16769,10.4745583180267
16770,10.4748085999741
16771,10.4750588819215
16772,10.4753091638689
16773,10.4755594458163
16774,10.4758097277637
16775,10.4760600097111
16776,10.4763102916585
16777,10.476560573606001
16778,10.476810855553401
16779,10.4770611375008
16780,10.4773114194482
16781,10.4775617013956
16782,10.477811983342999
16783,10.4780622652904
16784,10.4783125472378
16785,10.4785628291852
16786,10.478813111132599
16787,10.4790633930801
16788,10.4793136750275
16789,10.4795639569749
16790,10.4798142389223
16791,10.4800645208697
16792,10.4803148028171
16793,10.4805650847645
16794,10.4808153667119
16795,10.4810656486593
16796,10.4813159306068
16797,10.481566212554199
16798,10.4818164945016
16799,10.482066776449
16800,10.482317058396399
16801,10.4825673403438
16802,10.4828176222912
16803,10.483067904238599
16804,10.483318186186
16805,10.4835684681334
16806,10.4838187500809
16807,10.4840690320283
16808,10.4843193139757
16809,10.4845695959231
16810,10.484819877870502
16811,10.4850701598179
16812,10.4853204417653
16813,10.485570723712701
16814,10.4858210056601
16815,10.4860712876075
16816,10.486321569555
16817,10.4865718515024
16818,10.486822133449799
16819,10.4870724153972
16820,10.4873226973446
16821,10.487572979291999
16822,10.4878232612394
16823,10.4880735431868
16824,10.4883238251342
16825,10.4885741070817
16826,10.4888243890291
16827,10.4890746709765
16828,10.4893249529239
16829,10.4895752348713
16830,10.4898255168187
16831,10.490075798766101
16832,10.4903260807135
16833,10.4905763626609
16834,10.490826644608301
16835,10.491076926555799
16836,10.4913272085032
16837,10.4915774904506
16838,10.491827772398
16839,10.492078054345399
16840,10.4923283362928
16841,10.4925786182402
16842,10.492828900187599
16843,10.493079182135
16844,10.4933294640824
16845,10.4935797460299
16846,10.4938300279773
16847,10.4940803099247
16848,10.4943305918721
16849,10.494580873819501
16850,10.4948311557669
16851,10.4950814377143
16852,10.495331719661701
16853,10.4955820016091
16854,10.4958322835566
16855,10.496082565504
16856,10.4963328474514
16857,10.4965831293988
16858,10.4968334113462
16859,10.4970836932936
16860,10.497333975241
16861,10.4975842571884
16862,10.4978345391358
16863,10.4980848210832
16864,10.4983351030307
16865,10.4985853849781
16866,10.498835666925501
16867,10.4990859488729
16868,10.4993362308203
16869,10.4995865127677
16870,10.499836794715101
16871,10.5000870766625
16872,10.5003373586099
16873,10.5005876405573
16874,10.5008379225048
16875,10.5010882044522
16876,10.5013384863996
16877,10.501588768347
16878,10.5018390502944
16879,10.5020893322418
16880,10.5023396141892
16881,10.5025898961366
16882,10.502840178084
16883,10.5030904600315
16884,10.503340741978901
16885,10.5035910239263
16886,10.5038413058737
16887,10.504091587821101
16888,10.504341869768501
16889,10.504592151715899
16890,10.5048424336633
16891,10.5050927156107
16892,10.505342997558099
16893,10.5055932795056
16894,10.505843561453
16895,10.5060938434004
16896,10.5063441253478
16897,10.5065944072952
16898,10.5068446892426
16899,10.50709497119
16900,10.5073452531374
16901,10.5075955350848
16902,10.5078458170322
16903,10.5080960989797
16904,10.5083463809271
16905,10.508596662874501
16906,10.508846944821899
16907,10.509097226769299
16908,10.5093475087167
16909,10.5095977906641
16910,10.509848072611499
16911,10.5100983545589
16912,10.5103486365064
16913,10.5105989184538
16914,10.5108492004012
16915,10.5110994823486
16916,10.511349764296
16917,10.5116000462434
16918,10.5118503281908
16919,10.5121006101382
16920,10.5123508920856
16921,10.512601174033
16922,10.5128514559805
16923,10.5131017379279
16924,10.513352019875299
16925,10.5136023018227
16926,10.5138525837701
16927,10.5141028657175
16928,10.514353147664899
16929,10.5146034296123
16930,10.5148537115597
16931,10.5151039935072
16932,10.5153542754546
16933,10.515604557402
16934,10.5158548393494
16935,10.5161051212968
16936,10.5163554032442
16937,10.5166056851916
16938,10.516855967139
16939,10.5171062490864
16940,10.5173565310338
16941,10.5176068129813
16942,10.517857094928699
16943,10.5181073768761
16944,10.5183576588235
16945,10.518607940770899
16946,10.5188582227183
16947,10.5191085046657
16948,10.5193587866131
16949,10.5196090685605
16950,10.5198593505079
16951,10.5201096324554
16952,10.520359914402801
16953,10.5206101963502
16954,10.5208604782976
16955,10.521110760245001
16956,10.5213610421924
16957,10.5216113241398
16958,10.5218616060872
16959,10.522111888034601
16960,10.522362169982099
16961,10.5226124519295
16962,10.5228627338769
16963,10.523113015824299
16964,10.5233632977717
16965,10.5236135797191
16966,10.5238638616665
16967,10.5241141436139
16968,10.5243644255613
16969,10.5246147075087
16970,10.5248649894562
16971,10.5251152714036
16972,10.525365553351
16973,10.525615835298401
16974,10.5258661172458
16975,10.5261163991932
16976,10.526366681140601
16977,10.526616963088
16978,10.5268672450354
16979,10.527117526982801
16980,10.5273678089303
16981,10.527618090877699
16982,10.5278683728251
16983,10.5281186547725
16984,10.528368936719898
16985,10.5286192186673
16986,10.5288695006147
16987,10.5291197825621
16988,10.5293700645095
16989,10.529620346457
16990,10.5298706284044
16991,10.530120910351801
16992,10.5303711922992
16993,10.5306214742466
16994,10.530871756194001
16995,10.5311220381414
16996,10.5313723200888
16997,10.531622602036201
16998,10.5318728839836
16999,10.5321231659311
17000,10.5323734478785
17001,10.5326237298259
17002,10.5328740117733
17003,10.5331242937207
17004,10.5333745756681
17005,10.5336248576155
17006,10.5338751395629
17007,10.5341254215103
17008,10.5343757034577
17009,10.5346259854052
17010,10.5348762673526
17011,10.5351265493
17012,10.535376831247401
17013,10.5356271131948
17014,10.5358773951422
17015,10.5361276770896
17016,10.536377959036999
17017,10.536628240984399
17018,10.5368785229319
17019,10.5371288048793
17020,10.5373790868267
17021,10.5376293687741
17022,10.5378796507215
17023,10.5381299326689
17024,10.5383802146163
17025,10.5386304965637
17026,10.5388807785111
17027,10.5391310604585
17028,10.539381342406
17029,10.539631624353401
17030,10.539881906300801
17031,10.540132188248199
17032,10.5403824701956
17033,10.540632752143
17034,10.540883034090399
17035,10.5411333160378
17036,10.5413835979852
17037,10.5416338799326
17038,10.5418841618801
17039,10.5421344438275
17040,10.5423847257749
17041,10.5426350077223
17042,10.5428852896697
17043,10.5431355716171
17044,10.5433858535645
17045,10.5436361355119
17046,10.5438864174593
17047,10.5441366994068
17048,10.544386981354199
17049,10.544637263301599
17050,10.544887545249
17051,10.5451378271964
17052,10.545388109143799
17053,10.5456383910912
17054,10.5458886730386
17055,10.546138954985999
17056,10.5463892369334
17057,10.5466395188809
17058,10.5468898008283
17059,10.5471400827757
17060,10.5473903647231
17061,10.5476406466705
17062,10.547890928617901
17063,10.5481412105653
17064,10.5483914925127
17065,10.548641774460101
17066,10.548892056407599
17067,10.549142338355
17068,10.5493926203024
17069,10.5496429022498
17070,10.549893184197199
17071,10.5501434661446
17072,10.550393748092
17073,10.550644030039399
17074,10.5508943119868
17075,10.5511445939342
17076,10.5513948758817
17077,10.5516451578291
17078,10.5518954397765
17079,10.5521457217239
17080,10.5523960036713
17081,10.5526462856187
17082,10.5528965675661
17083,10.553146849513501
17084,10.5533971314609
17085,10.5536474134083
17086,10.5538976953558
17087,10.554147977303199
17088,10.5543982592506
17089,10.554648541198
17090,10.5548988231454
17091,10.5551491050928
17092,10.5553993870402
17093,10.5556496689876
17094,10.555899950935
17095,10.5561502328825
17096,10.5564005148299
17097,10.556650796777301
17098,10.5569010787247
17099,10.5571513606721
17100,10.5574016426195
17101,10.557651924566901
17102,10.5579022065143
17103,10.5581524884617
17104,10.558402770409101
17105,10.558653052356599
17106,10.558903334304
17107,10.5591536162514
17108,10.5594038981988
17109,10.5596541801462
17110,10.5599044620936
17111,10.560154744041
17112,10.5604050259884
17113,10.5606553079358
17114,10.5609055898832
17115,10.561155871830701
17116,10.5614061537781
17117,10.5616564357255
17118,10.561906717672901
17119,10.5621569996203
17120,10.5624072815677
17121,10.562657563515101
17122,10.562907845462501
17123,10.5631581274099
17124,10.5634084093574
17125,10.5636586913048
17126,10.5639089732522
17127,10.5641592551996
17128,10.564409537147
17129,10.5646598190944
17130,10.5649101010418
17131,10.5651603829892
17132,10.5654106649366
17133,10.565660946884
17134,10.5659112288315
17135,10.5661615107789
17136,10.566411792726301
17137,10.5666620746737
17138,10.5669123566211
17139,10.567162638568501
17140,10.5674129205159
17141,10.567663202463299
17142,10.5679134844107
17143,10.5681637663581
17144,10.5684140483056
17145,10.568664330253
17146,10.5689146122004
17147,10.5691648941478
17148,10.5694151760952
17149,10.5696654580426
17150,10.56991573999
17151,10.5701660219374
17152,10.5704163038848
17153,10.5706665858323
17154,10.570916867779701
17155,10.5711671497271
17156,10.571417431674499
17157,10.5716677136219
17158,10.571917995569299
17159,10.572168277516699
17160,10.5724185594641
17161,10.5726688414115
17162,10.572919123358899
17163,10.5731694053064
17164,10.5734196872538
17165,10.5736699692012
17166,10.5739202511486
17167,10.574170533096
17168,10.5744208150434
17169,10.5746710969908
17170,10.5749213789382
17171,10.5751716608856
17172,10.5754219428331
17173,10.575672224780499
17174,10.5759225067279
17175,10.5761727886753
17176,10.576423070622699
17177,10.5766733525701
17178,10.5769236345175
17179,10.5771739164649
17180,10.577424198412299
17181,10.5776744803597
17182,10.5779247623072
17183,10.5781750442546
17184,10.578425326202
17185,10.5786756081494
17186,10.5789258900968
17187,10.5791761720442
17188,10.5794264539916
17189,10.579676735939
17190,10.5799270178864
17191,10.5801772998338
17192,10.5804275817813
17193,10.5806778637287
17194,10.580928145676099
17195,10.5811784276235
17196,10.5814287095709
17197,10.581678991518299
17198,10.5819292734657
17199,10.5821795554131
17200,10.5824298373605
17201,10.582680119308
17202,10.5829304012554
17203,10.5831806832028
17204,10.583430965150201
17205,10.5836812470976
17206,10.583931529045
17207,10.584181810992401
17208,10.5844320929398
17209,10.5846823748872
17210,10.5849326568346
17211,10.5851829387821
17212,10.585433220729499
17213,10.5856835026769
17214,10.5859337846243
17215,10.586184066571699
17216,10.5864343485191
17217,10.5866846304665
17218,10.5869349124139
17219,10.5871851943613
17220,10.5874354763087
17221,10.5876857582562
17222,10.5879360402036
17223,10.588186322151
17224,10.5884366040984
17225,10.588686886045801
17226,10.5889371679932
17227,10.5891874499406
17228,10.589437731888001
17229,10.5896880138354
17230,10.5899382957829
17231,10.5901885777303
17232,10.5904388596777
17233,10.5906891416251
17234,10.5909394235725
17235,10.5911897055199
17236,10.5914399874673
17237,10.5916902694147
17238,10.5919405513621
17239,10.5921908333095
17240,10.592441115257
17241,10.5926913972044
17242,10.5929416791518
17243,10.593191961099201
17244,10.5934422430466
17245,10.593692524994
17246,10.593942806941401
17247,10.5941930888888
17248,10.5944433708362
17249,10.5946936527836
17250,10.5949439347311
17251,10.5951942166785
17252,10.5954444986259
17253,10.5956947805733
17254,10.5959450625207
17255,10.5961953444681
17256,10.5964456264155
17257,10.5966959083629
17258,10.5969461903103
17259,10.5971964722578
17260,10.597446754205201
17261,10.5976970361526
17262,10.5979473181
17263,10.598197600047401
17264,10.598447881994801
17265,10.598698163942199
17266,10.5989484458896
17267,10.599198727837
17268,10.599449009784399
17269,10.5996992917319
17270,10.5999495736793
17271,10.6001998556267
17272,10.6004501375741
17273,10.6007004195215
17274,10.6009507014689
17275,10.6012009834163
17276,10.6014512653637
17277,10.6017015473111
17278,10.601951829258601
17279,10.602202111206
17280,10.6024523931534
17281,10.602702675100801
17282,10.6029529570482
17283,10.603203238995599
17284,10.603453520943
17285,10.6037038028904
17286,10.603954084837799
17287,10.6042043667852
17288,10.6044546487327
17289,10.6047049306801
17290,10.6049552126275
17291,10.6052054945749
17292,10.6054557765223
17293,10.6057060584697
17294,10.6059563404171
17295,10.6062066223645
17296,10.606456904311901
17297,10.6067071862593
17298,10.606957468206799
17299,10.6072077501542
17300,10.607458032101599
17301,10.607708314048999
17302,10.6079585959964
17303,10.6082088779438
17304,10.608459159891199
17305,10.6087094418386
17306,10.608959723786
17307,10.609210005733399
17308,10.6094602876809
17309,10.6097105696283
17310,10.6099608515757
17311,10.6102111335231
17312,10.6104614154705
17313,10.6107116974179
17314,10.610961979365301
17315,10.6112122613127
17316,10.6114625432601
17317,10.6117128252076
17318,10.611963107154999
17319,10.6122133891024
17320,10.6124636710498
17321,10.6127139529972
17322,10.612964234944599
17323,10.613214516892
17324,10.6134647988394
17325,10.613715080786799
17326,10.6139653627342
17327,10.6142156446817
17328,10.6144659266291
17329,10.6147162085765
17330,10.6149664905239
17331,10.6152167724713
17332,10.6154670544187
17333,10.6157173363661
17334,10.6159676183135
17335,10.616217900260901
17336,10.616468182208399
17337,10.6167184641558
17338,10.6169687461032
17339,10.6172190280506
17340,10.617469309998
17341,10.6177195919454
17342,10.6179698738928
17343,10.6182201558402
17344,10.6184704377876
17345,10.618720719735
17346,10.618971001682501
17347,10.6192212836299
17348,10.6194715655773
17349,10.619721847524701
17350,10.6199721294721
17351,10.6202224114195
17352,10.6204726933669
17353,10.620722975314301
17354,10.6209732572617
17355,10.6212235392091
17356,10.6214738211566
17357,10.621724103103999
17358,10.6219743850514
17359,10.6222246669988
17360,10.6224749489462
17361,10.6227252308936
17362,10.622975512841
17363,10.6232257947884
17364,10.6234760767358
17365,10.6237263586833
17366,10.6239766406307
17367,10.624226922578101
17368,10.6244772045255
17369,10.6247274864729
17370,10.624977768420301
17371,10.6252280503677
17372,10.6254783323151
17373,10.625728614262501
17374,10.6259788962099
17375,10.6262291781574
17376,10.6264794601048
17377,10.6267297420522
17378,10.6269800239996
17379,10.627230305947
17380,10.6274805878944
17381,10.6277308698418
17382,10.6279811517892
17383,10.6282314337366
17384,10.6284817156841
17385,10.628731997631501
17386,10.6289822795789
17387,10.6292325615263
17388,10.629482843473701
17389,10.6297331254211
17390,10.6299834073685
17391,10.6302336893159
17392,10.6304839712633
17393,10.630734253210699
17394,10.6309845351582
17395,10.6312348171056
17396,10.631485099053
17397,10.6317353810004
17398,10.6319856629478
17399,10.6322359448952
17400,10.6324862268426
17401,10.63273650879
17402,10.6329867907374
17403,10.6332370726848
17404,10.6334873546323
17405,10.633737636579701
17406,10.633987918527101
17407,10.634238200474499
17408,10.6344884824219
17409,10.6347387643693
17410,10.634989046316699
17411,10.635239328264099
17412,10.6354896102115
17413,10.635739892159
17414,10.6359901741064
17415,10.6362404560538
17416,10.6364907380012
17417,10.6367410199486
17418,10.636991301896
17419,10.6372415838434
17420,10.6374918657908
17421,10.6377421477382
17422,10.6379924296856
17423,10.6382427116331
17424,10.6384929935805
17425,10.638743275527899
17426,10.6389935574753
17427,10.6392438394227
17428,10.639494121370099
17429,10.6397444033175
17430,10.6399946852649
17431,10.6402449672123
17432,10.6404952491597
17433,10.6407455311072
17434,10.6409958130546
17435,10.641246095002
17436,10.6414963769494
17437,10.6417466588968
17438,10.641996940844201
17439,10.6422472227916
17440,10.642497504739
17441,10.6427477866864
17442,10.6429980686339
17443,10.643248350581299
17444,10.6434986325287
17445,10.6437489144761
17446,10.643999196423499
17447,10.6442494783709
17448,10.6444997603183
17449,10.644750042265699
17450,10.6450003242131
17451,10.6452506061605
17452,10.645500888108
17453,10.6457511700554
17454,10.6460014520028
17455,10.6462517339502
17456,10.646502015897601
17457,10.646752297845
17458,10.6470025797924
17459,10.647252861739801
17460,10.6475031436872
17461,10.6477534256347
17462,10.6480037075821
17463,10.6482539895295
17464,10.648504271476899
17465,10.6487545534243
17466,10.6490048353717
17467,10.649255117319099
17468,10.6495053992665
17469,10.6497556812139
17470,10.6500059631613
17471,10.6502562451088
17472,10.6505065270562
17473,10.6507568090036
17474,10.651007090951
17475,10.6512573728984
17476,10.6515076548458
17477,10.651757936793201
17478,10.6520082187406
17479,10.652258500688
17480,10.652508782635401
17481,10.6527590645829
17482,10.6530093465303
17483,10.6532596284777
17484,10.6535099104251
17485,10.6537601923725
17486,10.6540104743199
17487,10.6542607562673
17488,10.6545110382147
17489,10.6547613201621
17490,10.6550116021096
17491,10.655261884057001
17492,10.6555121660044
17493,10.6557624479518
17494,10.6560127298992
17495,10.656263011846601
17496,10.656513293794
17497,10.6567635757414
17498,10.657013857688801
17499,10.6572641396362
17500,10.6575144215837
17501,10.6577647035311
17502,10.6580149854785
17503,10.6582652674259
17504,10.6585155493733
17505,10.6587658313207
17506,10.6590161132681
17507,10.6592663952155
17508,10.6595166771629
17509,10.6597669591103
17510,10.6600172410578
17511,10.6602675230052
17512,10.660517804952601
17513,10.6607680869
17514,10.6610183688474
17515,10.661268650794801
17516,10.6615189327422
17517,10.661769214689599
17518,10.662019496637
17519,10.6622697785845
17520,10.6625200605319
17521,10.6627703424793
17522,10.6630206244267
17523,10.6632709063741
17524,10.6635211883215
17525,10.6637714702689
17526,10.6640217522163
17527,10.6642720341637
17528,10.6645223161111
17529,10.6647725980586
17530,10.665022880006001
17531,10.6652731619534
17532,10.665523443900799
17533,10.6657737258482
17534,10.6660240077956
17535,10.666274289742999
17536,10.6665245716904
17537,10.6667748536378
17538,10.667025135585199
17539,10.6672754175327
17540,10.6675256994801
17541,10.6677759814275
17542,10.6680262633749
17543,10.6682765453223
17544,10.6685268272697
17545,10.6687771092171
17546,10.6690273911645
17547,10.6692776731119
17548,10.6695279550594
17549,10.669778237006799
17550,10.6700285189542
17551,10.6702788009016
17552,10.670529082848999
17553,10.670779364796399
17554,10.6710296467438
17555,10.6712799286912
17556,10.671530210638599
17557,10.671780492586
17558,10.6720307745335
17559,10.6722810564809
17560,10.6725313384283
17561,10.6727816203757
17562,10.6730319023231
17563,10.6732821842705
17564,10.6735324662179
17565,10.6737827481653
17566,10.674033030112701
17567,10.674283312060199
17568,10.6745335940076
17569,10.674783875955
17570,10.675034157902399
17571,10.6752844398498
17572,10.6755347217972
17573,10.6757850037446
17574,10.676035285692
17575,10.6762855676394
17576,10.6765358495868
17577,10.6767861315343
17578,10.6770364134817
17579,10.6772866954291
17580,10.677536977376501
17581,10.6777872593239
17582,10.6780375412713
17583,10.6782878232187
17584,10.6785381051661
17585,10.6787883871135
17586,10.6790386690609
17587,10.6792889510084
17588,10.679539232955799
17589,10.6797895149032
17590,10.6800397968506
17591,10.680290078798
17592,10.6805403607454
17593,10.6807906426928
17594,10.6810409246402
17595,10.6812912065876
17596,10.6815414885351
17597,10.6817917704825
17598,10.682042052429901
17599,10.6822923343773
17600,10.6825426163247
17601,10.682792898272101
17602,10.6830431802195
17603,10.6832934621669
17604,10.683543744114301
17605,10.683794026061701
17606,10.684044308009199
17607,10.6842945899566
17608,10.684544871904
17609,10.684795153851399
17610,10.6850454357988
17611,10.6852957177462
17612,10.6855459996936
17613,10.685796281641
17614,10.6860465635884
17615,10.6862968455358
17616,10.6865471274833
17617,10.6867974094307
17618,10.6870476913781
17619,10.687297973325501
17620,10.6875482552729
17621,10.6877985372203
17622,10.688048819167701
17623,10.6882991011151
17624,10.6885493830625
17625,10.68879966501
17626,10.6890499469574
17627,10.6893002289048
17628,10.6895505108522
17629,10.6898007927996
17630,10.690051074747
17631,10.6903013566944
17632,10.6905516386418
17633,10.6908019205892
17634,10.6910522025366
17635,10.6913024844841
17636,10.6915527664315
17637,10.691803048378901
17638,10.6920533303263
17639,10.6923036122737
17640,10.692553894221101
17641,10.692804176168499
17642,10.693054458115899
17643,10.6933047400633
17644,10.6935550220108
17645,10.6938053039582
17646,10.6940555859056
17647,10.694305867853
17648,10.6945561498004
17649,10.6948064317478
17650,10.6950567136952
17651,10.6953069956426
17652,10.69555727759
17653,10.6958075595374
17654,10.696057841484901
17655,10.6963081234323
17656,10.6965584053797
17657,10.6968086873271
17658,10.6970589692745
17659,10.697309251221899
17660,10.6975595331693
17661,10.6978098151167
17662,10.698060097064099
17663,10.698310379011499
17664,10.698560660959
17665,10.6988109429064
17666,10.6990612248538
17667,10.6993115068012
17668,10.6995617887486
17669,10.699812070696
17670,10.7000623526434
17671,10.7003126345908
17672,10.7005629165382
17673,10.7008131984857
17674,10.701063480433099
17675,10.7013137623805
17676,10.7015640443279
17677,10.701814326275299
17678,10.7020646082227
17679,10.7023148901701
17680,10.702565172117499
17681,10.7028154540649
17682,10.7030657360123
17683,10.7033160179598
17684,10.7035662999072
17685,10.7038165818546
17686,10.704066863802
17687,10.7043171457494
17688,10.7045674276968
17689,10.7048177096442
17690,10.705067991591601
17691,10.705318273539
17692,10.7055685554864
17693,10.7058188374339
17694,10.7060691193813
17695,10.706319401328699
17696,10.7065696832761
17697,10.7068199652235
17698,10.707070247170899
17699,10.7073205291183
17700,10.7075708110657
17701,10.707821093013099
17702,10.7080713749606
17703,10.708321656908
17704,10.7085719388554
17705,10.7088222208028
17706,10.7090725027502
17707,10.7093227846976
17708,10.709573066645001
17709,10.7098233485924
17710,10.7100736305398
17711,10.710323912487201
17712,10.710574194434699
17713,10.7108244763821
17714,10.7110747583295
17715,10.7113250402769
17716,10.7115753222243
17717,10.7118256041717
17718,10.7120758861191
17719,10.7123261680665
17720,10.7125764500139
17721,10.7128267319613
17722,10.713077013908801
17723,10.7133272958562
17724,10.7135775778036
17725,10.713827859751
17726,10.7140781416984
17727,10.7143284236458
17728,10.7145787055932
17729,10.714828987540601
17730,10.715079269488
17731,10.7153295514355
17732,10.7155798333829
17733,10.7158301153303
17734,10.7160803972777
17735,10.7163306792251
17736,10.7165809611725
17737,10.7168312431199
17738,10.7170815250673
17739,10.7173318070147
17740,10.7175820889621
17741,10.7178323709096
17742,10.718082652857
17743,10.718332934804401
17744,10.7185832167518
17745,10.7188334986992
17746,10.719083780646601
17747,10.719334062594001
17748,10.7195843445414
17749,10.719834626488801
17750,10.7200849084362
17751,10.720335190383699
17752,10.7205854723311
17753,10.7208357542785
17754,10.7210860362259
17755,10.7213363181733
17756,10.7215866001207
17757,10.7218368820681
17758,10.7220871640155
17759,10.7223374459629
17760,10.7225877279104
17761,10.722838009857801
17762,10.7230882918052
17763,10.7233385737526
17764,10.723588855700001
17765,10.7238391376474
17766,10.724089419594799
17767,10.7243397015422
17768,10.7245899834896
17769,10.724840265436999
17770,10.7250905473845
17771,10.7253408293319
17772,10.7255911112793
17773,10.7258413932267
17774,10.7260916751741
17775,10.7263419571215
17776,10.7265922390689
17777,10.7268425210163
17778,10.7270928029637
17779,10.727343084911201
17780,10.7275933668586
17781,10.727843648806
17782,10.728093930753401
17783,10.728344212700799
17784,10.728594494648199
17785,10.7288447765956
17786,10.729095058543
17787,10.729345340490399
17788,10.7295956224378
17789,10.7298459043853
17790,10.7300961863327
17791,10.7303464682801
17792,10.7305967502275
17793,10.7308470321749
17794,10.7310973141223
17795,10.7313475960697
17796,10.7315978780171
17797,10.7318481599645
17798,10.7320984419119
17799,10.7323487238594
17800,10.7325990058068
17801,10.732849287754199
17802,10.7330995697016
17803,10.733349851649
17804,10.733600133596399
17805,10.733850415543799
17806,10.7341006974912
17807,10.7343509794386
17808,10.7346012613861
17809,10.7348515433335
17810,10.7351018252809
17811,10.7353521072283
17812,10.7356023891757
17813,10.7358526711231
17814,10.7361029530705
17815,10.7363532350179
17816,10.7366035169653
17817,10.7368537989127
17818,10.7371040808602
17819,10.737354362807599
17820,10.737604644755
17821,10.7378549267024
17822,10.738105208649799
17823,10.7383554905972
17824,10.7386057725446
17825,10.738856054492
17826,10.7391063364394
17827,10.7393566183868
17828,10.7396069003343
17829,10.7398571822817
17830,10.7401074642291
17831,10.7403577461765
17832,10.740608028123901
17833,10.7408583100713
17834,10.7411085920187
17835,10.7413588739661
17836,10.7416091559135
17837,10.741859437860999
17838,10.7421097198084
17839,10.7423600017558
17840,10.742610283703199
17841,10.7428605656506
17842,10.743110847598
17843,10.7433611295454
17844,10.7436114114928
17845,10.7438616934402
17846,10.7441119753876
17847,10.7443622573351
17848,10.7446125392825
17849,10.7448628212299
17850,10.745113103177301
17851,10.7453633851247
17852,10.7456136670721
17853,10.745863949019501
17854,10.7461142309669
17855,10.7463645129143
17856,10.746614794861701
17857,10.7468650768092
17858,10.7471153587566
17859,10.747365640704
17860,10.7476159226514
17861,10.7478662045988
17862,10.7481164865462
17863,10.7483667684936
17864,10.748617050441
17865,10.7488673323884
17866,10.7491176143359
17867,10.7493678962833
17868,10.7496181782307
17869,10.7498684601781
17870,10.7501187421255
17871,10.750369024072901
17872,10.7506193060203
17873,10.7508695879677
17874,10.751119869915101
17875,10.7513701518625
17876,10.75162043381
17877,10.7518707157574
17878,10.7521209977048
17879,10.7523712796522
17880,10.7526215615996
17881,10.752871843547
17882,10.7531221254944
17883,10.7533724074418
17884,10.7536226893892
17885,10.753872971336701
17886,10.7541232532841
17887,10.7543735352315
17888,10.754623817178901
17889,10.754874099126301
17890,10.7551243810737
17891,10.755374663021101
17892,10.7556249449685
17893,10.755875226915899
17894,10.756125508863299
17895,10.7563757908108
17896,10.7566260727582
17897,10.7568763547056
17898,10.757126636653
17899,10.7573769186004
17900,10.7576272005478
17901,10.7578774824952
17902,10.7581277644426
17903,10.75837804639
17904,10.7586283283374
17905,10.7588786102849
17906,10.759128892232301
17907,10.759379174179701
17908,10.759629456127099
17909,10.7598797380745
17910,10.7601300200219
17911,10.760380301969299
17912,10.7606305839167
17913,10.7608808658641
17914,10.761131147811499
17915,10.761381429759
17916,10.7616317117064
17917,10.7618819936538
17918,10.7621322756012
17919,10.7623825575486
17920,10.762632839496
17921,10.762883121443402
17922,10.7631334033908
17923,10.7633836853382
17924,10.7636339672857
17925,10.763884249233099
17926,10.764134531180499
17927,10.7643848131279
17928,10.7646350950753
17929,10.764885377022699
17930,10.7651356589701
17931,10.7653859409175
17932,10.765636222864899
17933,10.7658865048123
17934,10.7661367867598
17935,10.7663870687072
17936,10.7666373506546
17937,10.766887632602
17938,10.7671379145494
17939,10.7673881964968
17940,10.7676384784442
17941,10.7678887603916
17942,10.768139042339001
17943,10.768389324286499
17944,10.7686396062339
17945,10.7688898881813
17946,10.7691401701287
17947,10.769390452076099
17948,10.7696407340235
17949,10.7698910159709
17950,10.770141297918299
17951,10.7703915798657
17952,10.7706418618131
17953,10.7708921437606
17954,10.771142425708
17955,10.7713927076554
17956,10.7716429896028
17957,10.7718932715502
17958,10.7721435534976
17959,10.772393835445
17960,10.772644117392401
17961,10.7728943993398
17962,10.7731446812872
17963,10.7733949632347
17964,10.773645245182099
17965,10.7738955271295
17966,10.7741458090769
17967,10.7743960910243
17968,10.7746463729717
17969,10.7748966549191
17970,10.7751469368665
17971,10.7753972188139
17972,10.7756475007614
17973,10.7758977827088
17974,10.776148064656201
17975,10.7763983466036
17976,10.776648628551
17977,10.7768989104984
17978,10.7771491924458
17979,10.7773994743932
17980,10.7776497563406
17981,10.777900038288001
17982,10.778150320235499
17983,10.7784006021829
17984,10.7786508841303
17985,10.7789011660777
17986,10.7791514480251
17987,10.7794017299725
17988,10.7796520119199
17989,10.7799022938673
17990,10.7801525758147
17991,10.7804028577621
17992,10.780653139709601
17993,10.780903421657
17994,10.7811537036044
17995,10.781403985551801
17996,10.7816542674992
17997,10.7819045494466
17998,10.782154831394001
17999,10.782405113341401
18000,10.7826553952888
18001,10.7829056772363
18002,10.7831559591837
18003,10.7834062411311
18004,10.7836565230785
18005,10.7839068050259
18006,10.7841570869733
18007,10.7844073689207
18008,10.7846576508681
18009,10.7849079328155
18010,10.7851582147629
18011,10.7854084967104
18012,10.7856587786578
18013,10.785909060605201
18014,10.7861593425526
18015,10.7864096245
18016,10.786659906447401
18017,10.786910188394799
18018,10.787160470342199
18019,10.7874107522896
18020,10.787661034237
18021,10.7879113161845
18022,10.7881615981319
18023,10.7884118800793
18024,10.7886621620267
18025,10.7889124439741
18026,10.7891627259215
18027,10.7894130078689
18028,10.7896632898163
18029,10.7899135717637
18030,10.790163853711201
18031,10.790414135658601
18032,10.790664417606
18033,10.7909146995534
18034,10.7911649815008
18035,10.791415263448199
18036,10.791665545395599
18037,10.791915827343
18038,10.7921661092904
18039,10.792416391237799
18040,10.7926666731853
18041,10.7929169551327
18042,10.7931672370801
18043,10.7934175190275
18044,10.7936678009749
18045,10.7939180829223
18046,10.7941683648697
18047,10.7944186468171
18048,10.7946689287645
18049,10.794919210712001
18050,10.795169492659399
18051,10.7954197746068
18052,10.7956700565542
18053,10.795920338501599
18054,10.796170620449
18055,10.7964209023964
18056,10.7966711843438
18057,10.7969214662912
18058,10.7971717482386
18059,10.7974220301861
18060,10.7976723121335
18061,10.7979225940809
18062,10.7981728760283
18063,10.798423157975702
18064,10.7986734399231
18065,10.7989237218705
18066,10.7991740038179
18067,10.7994242857653
18068,10.7996745677127
18069,10.7999248496602
18070,10.8001751316076
18071,10.800425413554999
18072,10.8006756955024
18073,10.8009259774498
18074,10.801176259397199
18075,10.8014265413446
18076,10.801676823292
18077,10.8019271052394
18078,10.8021773871869
18079,10.8024276691343
18080,10.8026779510817
18081,10.8029282330291
18082,10.8031785149765
18083,10.8034287969239
18084,10.803679078871301
18085,10.8039293608187
18086,10.8041796427661
18087,10.804429924713501
18088,10.804680206661
18089,10.804930488608399
18090,10.8051807705558
18091,10.8054310525032
18092,10.805681334450599
18093,10.805931616398
18094,10.8061818983454
18095,10.8064321802928
18096,10.8066824622402
18097,10.8069327441877
18098,10.8071830261351
18099,10.8074333080825
18100,10.8076835900299
18101,10.8079338719773
18102,10.808184153924701
18103,10.8084344358721
18104,10.8086847178195
18105,10.808934999766901
18106,10.8091852817143
18107,10.8094355636618
18108,10.8096858456092
18109,10.8099361275566
18110,10.810186409504
18111,10.8104366914514
18112,10.8106869733988
18113,10.8109372553462
18114,10.8111875372936
18115,10.811437819241
18116,10.8116881011884
18117,10.8119383831359
18118,10.8121886650833
18119,10.8124389470307
18120,10.8126892289781
18121,10.8129395109255
18122,10.8131897928729
18123,10.813440074820301
18124,10.8136903567677
18125,10.8139406387151
18126,10.8141909206625
18127,10.81444120261
18128,10.8146914845574
18129,10.8149417665048
18130,10.8151920484522
18131,10.8154423303996
18132,10.815692612347
18133,10.8159428942944
18134,10.8161931762418
18135,10.8164434581892
18136,10.8166937401367
18137,10.816944022084101
18138,10.8171943040315
18139,10.8174445859789
18140,10.817694867926301
18141,10.817945149873701
18142,10.818195431821099
18143,10.8184457137685
18144,10.8186959957159
18145,10.818946277663299
18146,10.8191965596108
18147,10.8194468415582
18148,10.8196971235056
18149,10.819947405453
18150,10.8201976874004
18151,10.8204479693478
18152,10.8206982512952
18153,10.8209485332426
18154,10.82119881519
18155,10.8214490971374
18156,10.8216993790849
18157,10.8219496610323
18158,10.822199942979701
18159,10.8224502249271
18160,10.822700506874499
18161,10.8229507888219
18162,10.8232010707693
18163,10.823451352716699
18164,10.8237016346641
18165,10.8239519166116
18166,10.824202198559
18167,10.8244524805064
18168,10.8247027624538
18169,10.8249530444012
18170,10.8252033263486
18171,10.825453608296
18172,10.8257038902434
18173,10.825954172190801
18174,10.8262044541382
18175,10.8264547360857
18176,10.8267050180331
18177,10.826955299980499
18178,10.827205581927899
18179,10.8274558638753
18180,10.8277061458227
18181,10.827956427770099
18182,10.8282067097175
18183,10.8284569916649
18184,10.8287072736124
18185,10.8289575555598
18186,10.8292078375072
18187,10.8294581194546
18188,10.829708401402
18189,10.8299586833494
18190,10.8302089652968
18191,10.8304592472442
18192,10.8307095291916
18193,10.830959811139
18194,10.8312100930865
18195,10.831460375033899
18196,10.8317106569813
18197,10.8319609389287
18198,10.8322112208761
18199,10.8324615028235
18200,10.8327117847709
18201,10.8329620667183
18202,10.8332123486657
18203,10.8334626306132
18204,10.8337129125606
18205,10.833963194508001
18206,10.8342134764554
18207,10.8344637584028
18208,10.8347140403502
18209,10.8349643222976
18210,10.835214604245
18211,10.8354648861924
18212,10.835715168139801
18213,10.835965450087299
18214,10.8362157320347
18215,10.8364660139821
18216,10.836716295929499
18217,10.8369665778769
18218,10.8372168598243
18219,10.8374671417717
18220,10.8377174237191
18221,10.8379677056665
18222,10.8382179876139
18223,10.838468269561401
18224,10.8387185515088
18225,10.8389688334562
18226,10.839219115403601
18227,10.839469397351
18228,10.8397196792984
18229,10.839969961245801
18230,10.8402202431932
18231,10.8404705251406
18232,10.840720807088001
18233,10.8409710890355
18234,10.841221370982899
18235,10.8414716529303
18236,10.8417219348777
18237,10.8419722168251
18238,10.8422224987725
18239,10.8424727807199
18240,10.8427230626673
18241,10.8429733446147
18242,10.8432236265622
18243,10.8434739085096
18244,10.843724190457001
18245,10.8439744724044
18246,10.8442247543518
18247,10.844475036299201
18248,10.8447253182466
18249,10.844975600194
18250,10.845225882141401
18251,10.8454761640888
18252,10.8457264460363
18253,10.8459767279837
18254,10.8462270099311
18255,10.8464772918785
18256,10.8467275738259
18257,10.8469778557733
18258,10.8472281377207
18259,10.8474784196681
18260,10.8477287016155
18261,10.847978983563
18262,10.848229265510401
18263,10.8484795474578
18264,10.8487298294052
18265,10.848980111352601
18266,10.8492303933
18267,10.8494806752474
