nemo_o_isin,clase_inversion,moneda,tasa_facial,ubicacion,clasificacion,riesgo,clase
CA14068G1046,Acciones Internacionales,CAD,N/A,INTERNACIONAL,R VARIABLE,VARIABLE,R VARIABLE
US1921085049,Acciones Internacionales,USD,N/A,INTERNACIONAL,R VARIABLE,VARIABLE,R VARIABLE
CA3809564097,Acciones Internacionales,CAD,N/A,INTERNACIONAL,R VARIABLE,VARIABLE,R VARIABLE
CA4969024047,Acciones Internacionales,CAD,N/A,INTERNACIONAL,R VARIABLE,VARIABLE,R VARIABLE
CA6979001089,Acciones Internacionales,CAD,N/A,INTERNACIONAL,R VARIABLE,VARIABLE,R VARIABLE
CA69946Q1046,Acciones Internacionales,CAD,N/A,INTERNACIONAL,R VARIABLE,VARIABLE,R VARIABLE
CA8283361076,Acciones Internacionales,CAD,N/A,INTERNACIONAL,R VARIABLE,VARIABLE,R VARIABLE
AOPF5 AH 3547 COLPATRIA,VISTA,COP,TASA FIJA,NACIONAL,CAJA,VARIABLE,CAJA
AOPF5 AH B BANCOLOMBIA,VISTA,COP,TASA FIJA,NACIONAL,CAJA,VARIABLE,CAJA
AOPF5 AH B BOGOTA,VISTA,COP,TASA FIJA,NACIONAL,CAJA,VARIABLE,CAJA
AOPF5 AH B CITIBANK,VISTA,COP,TASA FIJA,NACIONAL,CAJA,VARIABLE,CAJA
AOPF5 AH B CORPBANCA,VISTA,COP,TASA FIJA,NACIONAL,CAJA,VARIABLE,CAJA
AOPF5 AH B DAVIVIENDA,VISTA,COP,TASA FIJA,NACIONAL,CAJA,VARIABLE,CAJA
AOPF5 AH B OCCIDENTE,VISTA,COP,TASA FIJA,NACIONAL,CAJA,VARIABLE,CAJA
AOPF5 AH B SUDAMERIS,VISTA,COP,TASA FIJA,NACIONAL,CAJA,VARIABLE,CAJA
AOPF5 AH BCO BBVA,VISTA,COP,TASA FIJA,NACIONAL,CAJA,VARIABLE,CAJA
AOPF5 AH COLPATRIA,VISTA,COP,TASA FIJA,NACIONAL,CAJA,VARIABLE,CAJA
MX0MGO0000R8,EM BONDS,MXN,TASA FIJA,INTERNACIONAL,R FIJA,TASA FIJA,R FIJA
MX0SGO000098,EM BONDS,MXN,TASA FIJA,INTERNACIONAL,R FIJA,TASA FIJA,R FIJA
US05968LAG77,EM CORPORATIVOS,USD,TASA FIJA,INTERNACIONAL,R FIJA,TASA FIJA,R FIJA
USP09252AC47,EM CORPORATIVOS,USD,TASA FIJA,INTERNACIONAL,R FIJA,TASA FIJA,R FIJA
USP16259AH99,EM CORPORATIVOS,USD,TASA FIJA,INTERNACIONAL,R FIJA,TASA FIJA,R FIJA
USG0732RAG32,EM CORPORATIVOS,USD,TASA FIJA,INTERNACIONAL,R FIJA,TASA FIJA,R FIJA
USG0732RAF58,EM CORPORATIVOS,USD,TASA FIJA,INTERNACIONAL,R FIJA,TASA FIJA,R FIJA
US279158AC30,EM CORPORATIVOS,USD,TASA FIJA,INTERNACIONAL,R FIJA,TASA FIJA,R FIJA
US279158AL39,EM CORPORATIVOS,USD,TASA FIJA,INTERNACIONAL,R FIJA,TASA FIJA,R FIJA
USG42045AA58,EM CORPORATIVOS,USD,TASA FIJA,INTERNACIONAL,R FIJA,TASA FIJA,R FIJA
USG42045AB32,EM CORPORATIVOS,USD,TASA FIJA,INTERNACIONAL,R FIJA,TASA FIJA,R FIJA
USP1342SAC00,EM CORPORATIVOS,USD,TASA FIJA,INTERNACIONAL,R FIJA,TASA FIJA,R FIJA
US46556MAH51,EM CORPORATIVOS,USD,TASA FIJA,INTERNACIONAL,R FIJA,TASA FIJA,R FIJA
USP3083SAC90,GLOBAL CORPORATIVOS,USD,TASA FIJA,INTERNACIONAL,R FIJA,TASA FIJA,R FIJA
BBOC07148D03,Variable-CORPORATIVO LOCAL,COP,IBR,NACIONAL,R FIJA,VARIABLE,R FIJA
BBPO09148D3,Variable-CORPORATIVO LOCAL,COP,IBR,NACIONAL,R FIJA,VARIABLE,R FIJA
BBPO09148D2,Variable-CORPORATIVO LOCAL,COP,IBR,NACIONAL,R FIJA,VARIABLE,R FIJA
BFAN04148D24,Variable-CORPORATIVO LOCAL,COP,IBR,NACIONAL,R FIJA,VARIABLE,R FIJA
BFAN04148D36,Variable-CORPORATIVO LOCAL,COP,IBR,NACIONAL,R FIJA,VARIABLE,R FIJA
BSIS01148E02,Variable-CORPORATIVO LOCAL,COP,IBR,NACIONAL,R FIJA,VARIABLE,R FIJA
BLGC05148E3,Variable-CORPORATIVO LOCAL,COP,IBR,NACIONAL,R FIJA,VARIABLE,R FIJA
BSFN01138B3,Variable-CORPORATIVO LOCAL,COP,IBR,NACIONAL,R FIJA,VARIABLE,R FIJA
BFAN0414SA30,CORPORATIVO LOCAL,COP,TASA FIJA,NACIONAL,R FIJA,TASA FIJA,R FIJA
BDVI0815SF36,CORPORATIVO LOCAL,COP,TASA FIJA,NACIONAL,R FIJA,TASA FIJA,R FIJA
BBOC0815SA02,CORPORATIVO LOCAL,COP,TASA FIJA,NACIONAL,R FIJA,TASA FIJA,R FIJA
BBPO1015SB02,CORPORATIVO LOCAL,COP,TASA FIJA,NACIONAL,R FIJA,TASA FIJA,R FIJA
BARG0112SA3,CORPORATIVO LOCAL,COP,TASA FIJA,NACIONAL,R FIJA,TASA FIJA,R FIJA
BCCB0314SA02,CORPORATIVO LOCAL,COP,TASA FIJA,NACIONAL,R FIJA,TASA FIJA,R FIJA
USP3703CAA82,TES GLOBAL,COP,TASA FIJA,NACIONAL,R FIJA,TASA FIJA,R FIJA
USP9379RAV98,TES GLOBAL,COP,TASA FIJA,NACIONAL,R FIJA,TASA FIJA,R FIJA
USP40420AA25,TES GLOBAL,COP,TASA FIJA,NACIONAL,R FIJA,TASA FIJA,R FIJA
BLGC0111SA10,CORPORATIVO LOCAL,COP,TASA FIJA,NACIONAL,R FIJA,TASA FIJA,R FIJA
BLGC0311SA6,CORPORATIVO LOCAL,COP,TASA FIJA,NACIONAL,R FIJA,TASA FIJA,R FIJA
BLGC210SA10,CORPORATIVO LOCAL,COP,TASA FIJA,NACIONAL,R FIJA,TASA FIJA,R FIJA
BTPL0113SVA7,CORPORATIVO LOCAL,COP,TASA FIJA,NACIONAL,R FIJA,TASA FIJA,R FIJA
BAVA01099B,Inflacion-CORPORATIVO LOCAL,COP,IPC,NACIONAL,R FIJA,INFLACIÓN,R FIJA
BAVA01099C,Inflacion-CORPORATIVO LOCAL,COP,IPC,NACIONAL,R FIJA,INFLACIÓN,R FIJA
BBCB1099B15,Inflacion-CORPORATIVO LOCAL,COP,IPC,NACIONAL,R FIJA,INFLACIÓN,R FIJA
BBCB3079C10,Inflacion-CORPORATIVO LOCAL,COP,IPC,NACIONAL,R FIJA,INFLACIÓN,R FIJA
BBCB01149D20,Inflacion-CORPORATIVO LOCAL,COP,IPC,NACIONAL,R FIJA,INFLACIÓN,R FIJA
BBCB01149D15,Inflacion-CORPORATIVO LOCAL,COP,IPC,NACIONAL,R FIJA,INFLACIÓN,R FIJA
BBCB01109D8,Inflacion-CORPORATIVO LOCAL,COP,IPC,NACIONAL,R FIJA,INFLACIÓN,R FIJA
BBCB02109D15,Inflacion-CORPORATIVO LOCAL,COP,IPC,NACIONAL,R FIJA,INFLACIÓN,R FIJA
BBCB03119D12,Inflacion-CORPORATIVO LOCAL,COP,IPC,NACIONAL,R FIJA,INFLACIÓN,R FIJA
BBCB03119D15,Inflacion-CORPORATIVO LOCAL,COP,IPC,NACIONAL,R FIJA,INFLACIÓN,R FIJA
BBSA110BAVA,Inflacion-CORPORATIVO LOCAL,COP,IPC,NACIONAL,R FIJA,INFLACIÓN,R FIJA
BBSA1139AS10,Inflacion-CORPORATIVO LOCAL,COP,IPC,NACIONAL,R FIJA,INFLACIÓN,R FIJA
BBCR3119B84,Inflacion-CORPORATIVO LOCAL,COP,IPC,NACIONAL,R FIJA,INFLACIÓN,R FIJA
BDVI06149C60,Inflacion-CORPORATIVO LOCAL,COP,IPC,NACIONAL,R FIJA,INFLACIÓN,R FIJA
BDVI1099G7,Inflacion-CORPORATIVO LOCAL,COP,IPC,NACIONAL,R FIJA,INFLACIÓN,R FIJA
BDVI07149C60,Inflacion-CORPORATIVO LOCAL,COP,IPC,NACIONAL,R FIJA,INFLACIÓN,R FIJA
BDVI29C180,Inflacion-CORPORATIVO LOCAL,COP,IPC,NACIONAL,R FIJA,INFLACIÓN,R FIJA
BDVI02109C7,Inflacion-CORPORATIVO LOCAL,COP,IPC,NACIONAL,R FIJA,INFLACIÓN,R FIJA
BDVI0219C126,Inflacion-CORPORATIVO LOCAL,COP,IPC,NACIONAL,R FIJA,INFLACIÓN,R FIJA
BDVI1139C12,Inflacion-CORPORATIVO LOCAL,COP,IPC,NACIONAL,R FIJA,INFLACIÓN,R FIJA
BDVI1139C18,Inflacion-CORPORATIVO LOCAL,COP,IPC,NACIONAL,R FIJA,INFLACIÓN,R FIJA
BDVI3129C180,Inflacion-CORPORATIVO LOCAL,COP,IPC,NACIONAL,R FIJA,INFLACIÓN,R FIJA
BBOC07149B10,Inflacion-CORPORATIVO LOCAL,COP,IPC,NACIONAL,R FIJA,INFLACIÓN,R FIJA
BBOC03119B10,Inflacion-CORPORATIVO LOCAL,COP,IPC,NACIONAL,R FIJA,INFLACIÓN,R FIJA
BBOC03119B5,Inflacion-CORPORATIVO LOCAL,COP,IPC,NACIONAL,R FIJA,INFLACIÓN,R FIJA
BLOC1099C4TV,Inflacion-CORPORATIVO LOCAL,COP,IPC,NACIONAL,R FIJA,INFLACIÓN,R FIJA
BBOC07149B07,Inflacion-CORPORATIVO LOCAL,COP,IPC,NACIONAL,R FIJA,INFLACIÓN,R FIJA
BBOC01129B10,Inflacion-CORPORATIVO LOCAL,COP,IPC,NACIONAL,R FIJA,INFLACIÓN,R FIJA
BBOC01129B15,Inflacion-CORPORATIVO LOCAL,COP,IPC,NACIONAL,R FIJA,INFLACIÓN,R FIJA
BBOC04129B10,Inflacion-CORPORATIVO LOCAL,COP,IPC,NACIONAL,R FIJA,INFLACIÓN,R FIJA
BBOC04129BS7,Inflacion-CORPORATIVO LOCAL,COP,IPC,NACIONAL,R FIJA,INFLACIÓN,R FIJA
BBOC6139BS12,Inflacion-CORPORATIVO LOCAL,COP,IPC,NACIONAL,R FIJA,INFLACIÓN,R FIJA
BBPO10159C05,Inflacion-CORPORATIVO LOCAL,COP,IPC,NACIONAL,R FIJA,INFLACIÓN,R FIJA
BBPO011309C5,Inflacion-CORPORATIVO LOCAL,COP,IPC,NACIONAL,R FIJA,INFLACIÓN,R FIJA
BBPO06129C5,Inflacion-CORPORATIVO LOCAL,COP,IPC,NACIONAL,R FIJA,INFLACIÓN,R FIJA
BBPO07139C7,Inflacion-CORPORATIVO LOCAL,COP,IPC,NACIONAL,R FIJA,INFLACIÓN,R FIJA
BBPO05129C5,Inflacion-CORPORATIVO LOCAL,COP,IPC,NACIONAL,R FIJA,INFLACIÓN,R FIJA
BBGA3149G240,Inflacion-CORPORATIVO LOCAL,COP,IPC,NACIONAL,R FIJA,INFLACIÓN,R FIJA
BBGA01119G18,Inflacion-CORPORATIVO LOCAL,COP,IPC,NACIONAL,R FIJA,INFLACIÓN,R FIJA
BBGA2139180,Inflacion-CORPORATIVO LOCAL,COP,IPC,NACIONAL,R FIJA,INFLACIÓN,R FIJA
BCLI01139D12,Inflacion-CORPORATIVO LOCAL,COP,IPC,NACIONAL,R FIJA,INFLACIÓN,R FIJA
BCLI01139D20,Inflacion-CORPORATIVO LOCAL,COP,IPC,NACIONAL,R FIJA,INFLACIÓN,R FIJA
BCCB03149C15,Inflacion-CORPORATIVO LOCAL,COP,IPC,NACIONAL,R FIJA,INFLACIÓN,R FIJA
BCCB1059AVC,Inflacion-CORPORATIVO LOCAL,COP,IPC,NACIONAL,R FIJA,INFLACIÓN,R FIJA
BCCB01129C15,Inflacion-CORPORATIVO LOCAL,COP,IPC,NACIONAL,R FIJA,INFLACIÓN,R FIJA
BCOS01109B6,Inflacion-CORPORATIVO LOCAL,COP,IPC,NACIONAL,R FIJA,INFLACIÓN,R FIJA
BCOS1079A10A,Inflacion-CORPORATIVO LOCAL,COP,IPC,NACIONAL,R FIJA,INFLACIÓN,R FIJA
BCOL1099A10,Inflacion-CORPORATIVO LOCAL,COP,IPC,NACIONAL,R FIJA,INFLACIÓN,R FIJA
BCOL1079A10A,Inflacion-CORPORATIVO LOCAL,COP,IPC,NACIONAL,R FIJA,INFLACIÓN,R FIJA
BCHB01139B6,Inflacion-CORPORATIVO LOCAL,COP,IPC,NACIONAL,R FIJA,INFLACIÓN,R FIJA
BEMG1099B12,Inflacion-CORPORATIVO LOCAL,COP,IPC,NACIONAL,R FIJA,INFLACIÓN,R FIJA
BFDI01109B,Inflacion-CORPORATIVO LOCAL,COP,IPC,NACIONAL,R FIJA,INFLACIÓN,R FIJA
BFDI01109C,Inflacion-CORPORATIVO LOCAL,COP,IPC,NACIONAL,R FIJA,INFLACIÓN,R FIJA
BSIS01099C20,Inflacion-CORPORATIVO LOCAL,COP,IPC,NACIONAL,R FIJA,INFLACIÓN,R FIJA
BSIS1099C40,Inflacion-CORPORATIVO LOCAL,COP,IPC,NACIONAL,R FIJA,INFLACIÓN,R FIJA
BGAO01129A10,Inflacion-CORPORATIVO LOCAL,COP,IPC,NACIONAL,R FIJA,INFLACIÓN,R FIJA
BGAO01129A20,Inflacion-CORPORATIVO LOCAL,COP,IPC,NACIONAL,R FIJA,INFLACIÓN,R FIJA
BGAO0199A7,Inflacion-CORPORATIVO LOCAL,COP,IPC,NACIONAL,R FIJA,INFLACIÓN,R FIJA
BGAA1099A15,Inflacion-CORPORATIVO LOCAL,COP,IPC,NACIONAL,R FIJA,INFLACIÓN,R FIJA
BLGC03119D12,Inflacion-CORPORATIVO LOCAL,COP,IPC,NACIONAL,R FIJA,INFLACIÓN,R FIJA
BLGC01119D10,Inflacion-CORPORATIVO LOCAL,COP,IPC,NACIONAL,R FIJA,INFLACIÓN,R FIJA
BLGC0219D10,Inflacion-CORPORATIVO LOCAL,COP,IPC,NACIONAL,R FIJA,INFLACIÓN,R FIJA
BLGC04139C4,Inflacion-CORPORATIVO LOCAL,COP,IPC,NACIONAL,R FIJA,INFLACIÓN,R FIJA
BLGC04139C8,Inflacion-CORPORATIVO LOCAL,COP,IPC,NACIONAL,R FIJA,INFLACIÓN,R FIJA
BLGC06159C05,Inflacion-CORPORATIVO LOCAL,COP,IPC,NACIONAL,R FIJA,INFLACIÓN,R FIJA
BLGC05149D10,Inflacion-CORPORATIVO LOCAL,COP,IPC,NACIONAL,R FIJA,INFLACIÓN,R FIJA
BPIN1099A10,Inflacion-CORPORATIVO LOCAL,COP,IPC,NACIONAL,R FIJA,INFLACIÓN,R FIJA
BPMG01159A04,Inflacion-CORPORATIVO LOCAL,COP,IPC,NACIONAL,R FIJA,INFLACIÓN,R FIJA
BPMG01159A15,Inflacion-CORPORATIVO LOCAL,COP,IPC,NACIONAL,R FIJA,INFLACIÓN,R FIJA
BPMG01139A20,Inflacion-CORPORATIVO LOCAL,COP,IPC,NACIONAL,R FIJA,INFLACIÓN,R FIJA
BPMG1099C15,Inflacion-CORPORATIVO LOCAL,COP,IPC,NACIONAL,R FIJA,INFLACIÓN,R FIJA
BPMG01099C10,Inflacion-CORPORATIVO LOCAL,COP,IPC,NACIONAL,R FIJA,INFLACIÓN,R FIJA
BSFN01139C5,Inflacion-CORPORATIVO LOCAL,COP,IPC,NACIONAL,R FIJA,INFLACIÓN,R FIJA
BSOB01149C20,Inflacion-CORPORATIVO LOCAL,COP,IPC,NACIONAL,R FIJA,INFLACIÓN,R FIJA
BSOG1139A20,Inflacion-CORPORATIVO LOCAL,COP,IPC,NACIONAL,R FIJA,INFLACIÓN,R FIJA
BTPL01159D15,Inflacion-CORPORATIVO LOCAL,COP,IPC,NACIONAL,R FIJA,INFLACIÓN,R FIJA
BTPL01139C10,Inflacion-CORPORATIVO LOCAL,COP,IPC,NACIONAL,R FIJA,INFLACIÓN,R FIJA
BTPL01139C18,Inflacion-CORPORATIVO LOCAL,COP,IPC,NACIONAL,R FIJA,INFLACIÓN,R FIJA
BTPL01139C5,Inflacion-CORPORATIVO LOCAL,COP,IPC,NACIONAL,R FIJA,INFLACIÓN,R FIJA
BBBO01107BS1,Inflacion-CORPORATIVO LOCAL,UVR,TASA FIJA,NACIONAL,R FIJA,INFLACIÓN,R FIJA
BPEMINHTA3,Bono Pensional,COP,IPC,NACIONAL,R FIJA,INFLACIÓN,R FIJA
BPEISSA4,Bono Pensional,COP,IPC,NACIONAL,R FIJA,INFLACIÓN,R FIJA
BPEISSA3,Bono Pensional,COP,IPC,NACIONAL,R FIJA,INFLACIÓN,R FIJA
BPEMINHTA4,Bono Pensional,COP,IPC,NACIONAL,R FIJA,INFLACIÓN,R FIJA
BDCU10792A,Inflacion-CORPORATIVO LOCAL,COP,IPC,NACIONAL,R FIJA,INFLACIÓN,R FIJA
BECO01109A10,Inflacion-CORPORATIVO LOCAL,COP,IPC,NACIONAL,R FIJA,INFLACIÓN,R FIJA
BECO01109A30,Inflacion-CORPORATIVO LOCAL,COP,IPC,NACIONAL,R FIJA,INFLACIÓN,R FIJA
BECO01109A7,Inflacion-CORPORATIVO LOCAL,COP,IPC,NACIONAL,R FIJA,INFLACIÓN,R FIJA
BECO1139C15,Inflacion-CORPORATIVO LOCAL,COP,IPC,NACIONAL,R FIJA,INFLACIÓN,R FIJA
BECO1139C30,Inflacion-CORPORATIVO LOCAL,COP,IPC,NACIONAL,R FIJA,INFLACIÓN,R FIJA
BEPM05139A20,Inflacion-CORPORATIVO LOCAL,COP,IPC,NACIONAL,R FIJA,INFLACIÓN,R FIJA
BEPM01109A20,Inflacion-CORPORATIVO LOCAL,COP,IPC,NACIONAL,R FIJA,INFLACIÓN,R FIJA
BEPM07159A05,Inflacion-CORPORATIVO LOCAL,COP,IPC,NACIONAL,R FIJA,INFLACIÓN,R FIJA
BEPM07159A12,Inflacion-CORPORATIVO LOCAL,COP,IPC,NACIONAL,R FIJA,INFLACIÓN,R FIJA
BEPM1089A10,Inflacion-CORPORATIVO LOCAL,COP,IPC,NACIONAL,R FIJA,INFLACIÓN,R FIJA
BEPM06149A20,Inflacion-CORPORATIVO LOCAL,COP,IPC,NACIONAL,R FIJA,INFLACIÓN,R FIJA
BISA07049A,Inflacion-CORPORATIVO LOCAL,COP,IPC,NACIONAL,R FIJA,INFLACIÓN,R FIJA
BISA01139VC1,Inflacion-CORPORATIVO LOCAL,COP,IPC,NACIONAL,R FIJA,INFLACIÓN,R FIJA
BISA07049B,Inflacion-CORPORATIVO LOCAL,COP,IPC,NACIONAL,R FIJA,INFLACIÓN,R FIJA
BISA4049VA,Inflacion-CORPORATIVO LOCAL,COP,IPC,NACIONAL,R FIJA,INFLACIÓN,R FIJA
BMME01149A30,Inflacion-CORPORATIVO LOCAL,COP,IPC,NACIONAL,R FIJA,INFLACIÓN,R FIJA
BTSE01119A15,Inflacion-CORPORATIVO LOCAL,COP,IPC,NACIONAL,R FIJA,INFLACIÓN,R FIJA
BTSE104D9A,Inflacion-CORPORATIVO LOCAL,COP,IPC,NACIONAL,R FIJA,INFLACIÓN,R FIJA
SPAT1097D67,Inflacion-CORPORATIVO LOCAL,UVR,TASA FIJA,NACIONAL,R FIJA,INFLACIÓN,R FIJA
SPAT1097D74,Inflacion-CORPORATIVO LOCAL,UVR,TASA FIJA,NACIONAL,R FIJA,INFLACIÓN,R FIJA
SPAT5097D56,Inflacion-CORPORATIVO LOCAL,UVR,TASA FIJA,NACIONAL,R FIJA,INFLACIÓN,R FIJA
CDTDVI80,Variable-CORPORATIVO LOCAL,COP,IBR,NACIONAL,R FIJA,VARIABLE,R FIJA
CDTBOC80P,Variable-CORPORATIVO LOCAL,COP,IBR,NACIONAL,R FIJA,VARIABLE,R FIJA
CDTBSC80,Variable-CORPORATIVO LOCAL,COP,IBR,NACIONAL,R FIJA,VARIABLE,R FIJA
CDTBGA80,Variable-CORPORATIVO LOCAL,COP,IBR,NACIONAL,R FIJA,VARIABLE,R FIJA
CDTBBO80,Variable-CORPORATIVO LOCAL,COP,IBR,NACIONAL,R FIJA,VARIABLE,R FIJA
CDTFAL80,Variable-CORPORATIVO LOCAL,COP,IBR,NACIONAL,R FIJA,VARIABLE,R FIJA
CDTCFC80,Variable-CORPORATIVO LOCAL,COP,IBR,NACIONAL,R FIJA,VARIABLE,R FIJA
CDTFDT80,Variable-CORPORATIVO LOCAL,COP,IBR,NACIONAL,R FIJA,VARIABLE,R FIJA
CDTLGC80,Variable-CORPORATIVO LOCAL,COP,IBR,NACIONAL,R FIJA,VARIABLE,R FIJA
CDTFANS0V,CORPORATIVO LOCAL,COP,TASA FIJA,NACIONAL,R FIJA,TASA FIJA,R FIJA
CDTBCBS0V,CORPORATIVO LOCAL,COP,TASA FIJA,NACIONAL,R FIJA,TASA FIJA,R FIJA
CDTBBOS0V,CORPORATIVO LOCAL,COP,TASA FIJA,NACIONAL,R FIJA,TASA FIJA,R FIJA
CDTBSAS0V,CORPORATIVO LOCAL,COP,TASA FIJA,NACIONAL,R FIJA,TASA FIJA,R FIJA
CDTDVIS0V,CORPORATIVO LOCAL,COP,TASA FIJA,NACIONAL,R FIJA,TASA FIJA,R FIJA
CDTIVCS0V,CORPORATIVO LOCAL,COP,TASA FIJA,NACIONAL,R FIJA,TASA FIJA,R FIJA
CDTMIAS0VD,CORPORATIVO LOCAL,COP,TASA FIJA,NACIONAL,R FIJA,TASA FIJA,R FIJA
CDTBPCS0V,CORPORATIVO LOCAL,COP,TASA FIJA,NACIONAL,R FIJA,TASA FIJA,R FIJA
CDTBGAS0V,CORPORATIVO LOCAL,COP,TASA FIJA,NACIONAL,R FIJA,TASA FIJA,R FIJA
CDTLGCS0V,CORPORATIVO LOCAL,COP,TASA FIJA,NACIONAL,R FIJA,TASA FIJA,R FIJA
CDTBSCS5V,CORPORATIVO LOCAL,COP,TASA FIJA,NACIONAL,R FIJA,TASA FIJA,R FIJA
CDTGMAS5V,CORPORATIVO LOCAL,COP,TASA FIJA,NACIONAL,R FIJA,TASA FIJA,R FIJA
CDTITAS5V,CORPORATIVO LOCAL,COP,TASA FIJA,NACIONAL,R FIJA,TASA FIJA,R FIJA
CDTBCB90DP,Inflacion-CORPORATIVO LOCAL,COP,IPC,NACIONAL,R FIJA,INFLACIÓN,R FIJA
CDTBCB90V,Inflacion-CORPORATIVO LOCAL,COP,IPC,NACIONAL,R FIJA,INFLACIÓN,R FIJA
CDTCBC90,Inflacion-CORPORATIVO LOCAL,COP,IPC,NACIONAL,R FIJA,INFLACIÓN,R FIJA
CDTBOC90P,Inflacion-CORPORATIVO LOCAL,COP,IPC,NACIONAL,R FIJA,INFLACIÓN,R FIJA
CDTIVC90,Inflacion-CORPORATIVO LOCAL,COP,IPC,NACIONAL,R FIJA,INFLACIÓN,R FIJA
CDTBPO90,Inflacion-CORPORATIVO LOCAL,COP,IPC,NACIONAL,R FIJA,INFLACIÓN,R FIJA
CDTBBO90,Inflacion-CORPORATIVO LOCAL,COP,IPC,NACIONAL,R FIJA,INFLACIÓN,R FIJA
CDTFAL90,Inflacion-CORPORATIVO LOCAL,COP,IPC,NACIONAL,R FIJA,INFLACIÓN,R FIJA
CDTCFC90,Inflacion-CORPORATIVO LOCAL,COP,IPC,NACIONAL,R FIJA,INFLACIÓN,R FIJA
CDTFDT90P,Inflacion-CORPORATIVO LOCAL,COP,IPC,NACIONAL,R FIJA,INFLACIÓN,R FIJA
CDTLGC90,Inflacion-CORPORATIVO LOCAL,COP,IPC,NACIONAL,R FIJA,INFLACIÓN,R FIJA
CDTLSV90P,Inflacion-CORPORATIVO LOCAL,COP,IPC,NACIONAL,R FIJA,INFLACIÓN,R FIJA
CDTDVI95,Inflacion-CORPORATIVO LOCAL,COP,IPC,NACIONAL,R FIJA,INFLACIÓN,R FIJA
CDTBPO95,Inflacion-CORPORATIVO LOCAL,COP,IPC,NACIONAL,R FIJA,INFLACIÓN,R FIJA
CDTBSC95V,Inflacion-CORPORATIVO LOCAL,COP,IPC,NACIONAL,R FIJA,INFLACIÓN,R FIJA
CDTBGA95V,Inflacion-CORPORATIVO LOCAL,COP,IPC,NACIONAL,R FIJA,INFLACIÓN,R FIJA
FED5 FCP BLACKSTONECPTLPARTNER,Fondo de Capital Privado,USD,N/A,INTERNACIONAL,R VARIABLE,VARIABLE,R VARIABLE
FED5 FCP CARLYLEASIAPARTNERIII,Fondo de Capital Privado,USD,N/A,INTERNACIONAL,R VARIABLE,VARIABLE,R VARIABLE
FED5 FCP DOVER STREET VIII LLC,Fondo de Capital Privado,USD,N/A,INTERNACIONAL,R VARIABLE,VARIABLE,R VARIABLE
FED5 FCP HARBOURVEST GLOBAL,Fondo de Capital Privado,USD,N/A,INTERNACIONAL,R VARIABLE,VARIABLE,R VARIABLE
FED5 FCP KKR INVESTORS,Fondo de Capital Privado,USD,N/A,INTERNACIONAL,R VARIABLE,VARIABLE,R VARIABLE
FED5 FCP LEXINGTON CAP P VIII,Fondo de Capital Privado,USD,N/A,INTERNACIONAL,R VARIABLE,VARIABLE,R VARIABLE
FED5 FCP MORGANSTANLEYCREDIT,Fondo de Capital Privado,USD,N/A,INTERNACIONAL,R VARIABLE,VARIABLE,R VARIABLE
FED5 FCP MS INFRASTRUC,Fondo de Capital Privado,USD,N/A,INTERNACIONAL,R VARIABLE,VARIABLE,R VARIABLE
FED5 FCP MS PMF V,Fondo de Capital Privado,USD,N/A,INTERNACIONAL,R VARIABLE,VARIABLE,R VARIABLE
FED5 FCP NB CROSSROADS 2010 FU,Fondo de Capital Privado,USD,N/A,INTERNACIONAL,R VARIABLE,VARIABLE,R VARIABLE
FED5 FCP PARTNERS GROUPDIR INV,Fondo de Capital Privado,USD,N/A,INTERNACIONAL,R VARIABLE,VARIABLE,R VARIABLE
FED5 FCP PINEBRIDGE C OPP P-II,Fondo de Capital Privado,USD,N/A,INTERNACIONAL,R VARIABLE,VARIABLE,R VARIABLE
FED5 FCP PINEBRIDGE SEC P- III,Fondo de Capital Privado,USD,N/A,INTERNACIONAL,R VARIABLE,VARIABLE,R VARIABLE
FED5 FCP POMONA,Fondo de Capital Privado,USD,N/A,INTERNACIONAL,R VARIABLE,VARIABLE,R VARIABLE
FED5 FCP POMONA VIII CO INVEST,Fondo de Capital Privado,USD,N/A,INTERNACIONAL,R VARIABLE,VARIABLE,R VARIABLE
FED5 FCP POMONA VIII LP,Fondo de Capital Privado,USD,N/A,INTERNACIONAL,R VARIABLE,VARIABLE,R VARIABLE
FED5 FCP QUILVEST,Fondo de Capital Privado,USD,N/A,INTERNACIONAL,R VARIABLE,VARIABLE,R VARIABLE
FED5 FCP RIVERSTONE,Fondo de Capital Privado,USD,N/A,INTERNACIONAL,R VARIABLE,VARIABLE,R VARIABLE
FEE5 FCP CARLYLE EUROPE P. IV,Fondo de Capital Privado,EUR,N/A,INTERNACIONAL,R VARIABLE,VARIABLE,R VARIABLE
HCOLSEL,Acciones Colombia,COP,N/A,NACIONAL,R VARIABLE,VARIABLE,R VARIABLE
FEP5 CCC INMB PREMIUM ALIANZA,Titularización Inmobiliaria,COP,N/A,NACIONAL,R VARIABLE,VARIABLE,R VARIABLE
CORL3PT00010,Titularización Inmobiliaria,COP,N/A,NACIONAL,R VARIABLE,VARIABLE,R VARIABLE
COR23PT00030,Fondo de Capital Privado Colombia,COP,N/A,NACIONAL,R VARIABLE,VARIABLE,R VARIABLE
COR23PT00048,Fondo de Capital Privado Colombia,COP,N/A,NACIONAL,R VARIABLE,VARIABLE,R VARIABLE
COR23PT00055,Fondo de Capital Privado Colombia,COP,N/A,NACIONAL,R VARIABLE,VARIABLE,R VARIABLE
COR23PT00022,Fondo de Capital Privado Colombia,COP,N/A,NACIONAL,R VARIABLE,VARIABLE,R VARIABLE
COR23PT00063,Fondo de Capital Privado Colombia,COP,N/A,NACIONAL,R VARIABLE,VARIABLE,R VARIABLE
COR23PT00071,Fondo de Capital Privado Colombia,COP,N/A,NACIONAL,R VARIABLE,VARIABLE,R VARIABLE
COR23PT00089,Fondo de Capital Privado Colombia,COP,N/A,NACIONAL,R VARIABLE,VARIABLE,R VARIABLE
COR23PT00097,Fondo de Capital Privado Colombia,COP,N/A,NACIONAL,R VARIABLE,VARIABLE,R VARIABLE
COR23PT00105,Fondo de Capital Privado Colombia,COP,N/A,NACIONAL,R VARIABLE,VARIABLE,R VARIABLE
COR23PT00113,Fondo de Capital Privado Colombia,COP,N/A,NACIONAL,R VARIABLE,VARIABLE,R VARIABLE
COR23PT00121,Fondo de Capital Privado Colombia,COP,N/A,NACIONAL,R VARIABLE,VARIABLE,R VARIABLE
COR23PT00139,Fondo de Capital Privado Colombia,COP,N/A,NACIONAL,R VARIABLE,VARIABLE,R VARIABLE
COR23PT00147,Fondo de Capital Privado Colombia,COP,N/A,NACIONAL,R VARIABLE,VARIABLE,R VARIABLE
COR23PT00154,Fondo de Capital Privado Colombia,COP,N/A,NACIONAL,R VARIABLE,VARIABLE,R VARIABLE
COR23PT00162,Fondo de Capital Privado Colombia,COP,N/A,NACIONAL,R VARIABLE,VARIABLE,R VARIABLE
COR23PT00170,Fondo de Capital Privado Colombia,COP,N/A,NACIONAL,R VARIABLE,VARIABLE,R VARIABLE
COR23PT00188,Fondo de Capital Privado Colombia,COP,N/A,NACIONAL,R VARIABLE,VARIABLE,R VARIABLE
COR23PT00196,Fondo de Capital Privado Colombia,COP,N/A,NACIONAL,R VARIABLE,VARIABLE,R VARIABLE
CORH7PT00116,Fondo de Capital Privado Colombia,COP,N/A,NACIONAL,R VARIABLE,VARIABLE,R VARIABLE
CORH7PT00124,Fondo de Capital Privado Colombia,COP,N/A,NACIONAL,R VARIABLE,VARIABLE,R VARIABLE
CORH7PT00132,Fondo de Capital Privado Colombia,COP,N/A,NACIONAL,R VARIABLE,VARIABLE,R VARIABLE
CORK9PT00018,Fondo de Capital Privado Colombia,COP,N/A,NACIONAL,R VARIABLE,VARIABLE,R VARIABLE
CORK9PT00026,Fondo de Capital Privado Colombia,COP,N/A,NACIONAL,R VARIABLE,VARIABLE,R VARIABLE
CORK9PT00067,Fondo de Capital Privado Colombia,COP,N/A,NACIONAL,R VARIABLE,VARIABLE,R VARIABLE
CORK9PT00042,Fondo de Capital Privado Colombia,COP,N/A,NACIONAL,R VARIABLE,VARIABLE,R VARIABLE
CORK9PT00059,Fondo de Capital Privado Colombia,COP,N/A,NACIONAL,R VARIABLE,VARIABLE,R VARIABLE
CORE4PT00140,Fondo de Capital Privado Colombia,COP,N/A,NACIONAL,R VARIABLE,VARIABLE,R VARIABLE
CORE4PT00157,Fondo de Capital Privado Colombia,COP,N/A,NACIONAL,R VARIABLE,VARIABLE,R VARIABLE
CORE4PT00165,Fondo de Capital Privado Colombia,COP,N/A,NACIONAL,R VARIABLE,VARIABLE,R VARIABLE
CORE4PT00173,Fondo de Capital Privado Colombia,COP,N/A,NACIONAL,R VARIABLE,VARIABLE,R VARIABLE
CORL8PT00019,Fondo de Capital Privado Colombia,COP,N/A,NACIONAL,R VARIABLE,VARIABLE,R VARIABLE
CORG4PT00015,Fondo de Capital Privado Colombia,COP,N/A,NACIONAL,R VARIABLE,VARIABLE,R VARIABLE
COR4IPT00049,Fondo de Capital Privado Colombia,COP,N/A,NACIONAL,R VARIABLE,VARIABLE,R VARIABLE
COR4IPT00064,Fondo de Capital Privado Colombia,COP,N/A,NACIONAL,R VARIABLE,VARIABLE,R VARIABLE
COR4IPT00072,Fondo de Capital Privado Colombia,COP,N/A,NACIONAL,R VARIABLE,VARIABLE,R VARIABLE
COR4IPT00098,Fondo de Capital Privado Colombia,COP,N/A,NACIONAL,R VARIABLE,VARIABLE,R VARIABLE
COR4IPT00106,Fondo de Capital Privado Colombia,COP,N/A,NACIONAL,R VARIABLE,VARIABLE,R VARIABLE
COR4IPT00122,Fondo de Capital Privado Colombia,COP,N/A,NACIONAL,R VARIABLE,VARIABLE,R VARIABLE
COR4IPT00031,Fondo de Capital Privado Colombia,COP,N/A,NACIONAL,R VARIABLE,VARIABLE,R VARIABLE
COR4IPT00130,Fondo de Capital Privado Colombia,COP,N/A,NACIONAL,R VARIABLE,VARIABLE,R VARIABLE
COR97PT00026,Fondo de Capital Privado Colombia,COP,N/A,NACIONAL,R VARIABLE,VARIABLE,R VARIABLE
COR4LPT00019,Fondo de Capital Privado Colombia,COP,N/A,NACIONAL,R VARIABLE,VARIABLE,R VARIABLE
COR9BPT00068,Fondo de Capital Privado Colombia,COP,N/A,NACIONAL,R VARIABLE,VARIABLE,R VARIABLE
COR9BPT00076,Fondo de Capital Privado Colombia,COP,N/A,NACIONAL,R VARIABLE,VARIABLE,R VARIABLE
COR9BPT00084,Fondo de Capital Privado Colombia,COP,N/A,NACIONAL,R VARIABLE,VARIABLE,R VARIABLE
COR9BPT00092,Fondo de Capital Privado Colombia,COP,N/A,NACIONAL,R VARIABLE,VARIABLE,R VARIABLE
COR9BPT00100,Fondo de Capital Privado Colombia,COP,N/A,NACIONAL,R VARIABLE,VARIABLE,R VARIABLE
COR9BPT00126,Fondo de Capital Privado Colombia,COP,N/A,NACIONAL,R VARIABLE,VARIABLE,R VARIABLE
COR9BPT00134,Fondo de Capital Privado Colombia,COP,N/A,NACIONAL,R VARIABLE,VARIABLE,R VARIABLE
COR9BPT00142,Fondo de Capital Privado Colombia,COP,N/A,NACIONAL,R VARIABLE,VARIABLE,R VARIABLE
COR9BPT00167,Fondo de Capital Privado Colombia,COP,N/A,NACIONAL,R VARIABLE,VARIABLE,R VARIABLE
COR9BPT00175,Fondo de Capital Privado Colombia,COP,N/A,NACIONAL,R VARIABLE,VARIABLE,R VARIABLE
COR9BPT00183,Fondo de Capital Privado Colombia,COP,N/A,NACIONAL,R VARIABLE,VARIABLE,R VARIABLE
COR9BPT00191,Fondo de Capital Privado Colombia,COP,N/A,NACIONAL,R VARIABLE,VARIABLE,R VARIABLE
COR9BPT00209,Fondo de Capital Privado Colombia,COP,N/A,NACIONAL,R VARIABLE,VARIABLE,R VARIABLE
COR9BPT00217,Fondo de Capital Privado Colombia,COP,N/A,NACIONAL,R VARIABLE,VARIABLE,R VARIABLE
COR9BPT00225,Fondo de Capital Privado Colombia,COP,N/A,NACIONAL,R VARIABLE,VARIABLE,R VARIABLE
COR9BPT00233,Fondo de Capital Privado Colombia,COP,N/A,NACIONAL,R VARIABLE,VARIABLE,R VARIABLE
COR9BPT00241,Fondo de Capital Privado Colombia,COP,N/A,NACIONAL,R VARIABLE,VARIABLE,R VARIABLE
COR9BPT00258,Fondo de Capital Privado Colombia,COP,N/A,NACIONAL,R VARIABLE,VARIABLE,R VARIABLE
COR9BPT00266,Fondo de Capital Privado Colombia,COP,N/A,NACIONAL,R VARIABLE,VARIABLE,R VARIABLE
COR9BPT00274,Fondo de Capital Privado Colombia,COP,N/A,NACIONAL,R VARIABLE,VARIABLE,R VARIABLE
COR9BPT00050,Fondo de Capital Privado Colombia,COP,N/A,NACIONAL,R VARIABLE,VARIABLE,R VARIABLE
COR9BPT00282,Fondo de Capital Privado Colombia,COP,N/A,NACIONAL,R VARIABLE,VARIABLE,R VARIABLE
COR9BPT00290,Fondo de Capital Privado Colombia,COP,N/A,NACIONAL,R VARIABLE,VARIABLE,R VARIABLE
COR9BPT00308,Fondo de Capital Privado Colombia,COP,N/A,NACIONAL,R VARIABLE,VARIABLE,R VARIABLE
COR9BPT00316,Fondo de Capital Privado Colombia,COP,N/A,NACIONAL,R VARIABLE,VARIABLE,R VARIABLE
COR9BPT00324,Fondo de Capital Privado Colombia,COP,N/A,NACIONAL,R VARIABLE,VARIABLE,R VARIABLE
COR9BPT00332,Fondo de Capital Privado Colombia,COP,N/A,NACIONAL,R VARIABLE,VARIABLE,R VARIABLE
COR9BPT00340,Fondo de Capital Privado Colombia,COP,N/A,NACIONAL,R VARIABLE,VARIABLE,R VARIABLE
COR9BPT00357,Fondo de Capital Privado Colombia,COP,N/A,NACIONAL,R VARIABLE,VARIABLE,R VARIABLE
CORM3PT00027,Fondo de Capital Privado Colombia,COP,N/A,NACIONAL,R VARIABLE,VARIABLE,R VARIABLE
CORM3PT00035,Fondo de Capital Privado Colombia,COP,N/A,NACIONAL,R VARIABLE,VARIABLE,R VARIABLE
CORM3PT00043,Fondo de Capital Privado Colombia,COP,N/A,NACIONAL,R VARIABLE,VARIABLE,R VARIABLE
COR28PT00021,Fondo de Capital Privado Colombia,COP,N/A,NACIONAL,R VARIABLE,VARIABLE,R VARIABLE
FEP5 FCP INMOB ULTRABURSATILES,Titularización Inmobiliaria,COP,N/A,NACIONAL,R VARIABLE,VARIABLE,R VARIABLE
CORA5PT00018,Fondo de Capital Privado Colombia,COP,N/A,NACIONAL,R VARIABLE,VARIABLE,R VARIABLE
CORA5PT00026,Fondo de Capital Privado Colombia,COP,N/A,NACIONAL,R VARIABLE,VARIABLE,R VARIABLE
CORA5PT00042,Fondo de Capital Privado Colombia,COP,N/A,NACIONAL,R VARIABLE,VARIABLE,R VARIABLE
CORA5PT00067,Fondo de Capital Privado Colombia,COP,N/A,NACIONAL,R VARIABLE,VARIABLE,R VARIABLE
CORA5PT00075,Fondo de Capital Privado Colombia,COP,N/A,NACIONAL,R VARIABLE,VARIABLE,R VARIABLE
CORA5PT00083,Fondo de Capital Privado Colombia,COP,N/A,NACIONAL,R VARIABLE,VARIABLE,R VARIABLE
CORA5PT00133,Fondo de Capital Privado Colombia,COP,N/A,NACIONAL,R VARIABLE,VARIABLE,R VARIABLE
CORA5PT00141,Fondo de Capital Privado Colombia,COP,N/A,NACIONAL,R VARIABLE,VARIABLE,R VARIABLE
CORA5PT00182,Fondo de Capital Privado Colombia,COP,N/A,NACIONAL,R VARIABLE,VARIABLE,R VARIABLE
CORA5PT00190,Fondo de Capital Privado Colombia,COP,N/A,NACIONAL,R VARIABLE,VARIABLE,R VARIABLE
CORA5PT00208,Fondo de Capital Privado Colombia,COP,N/A,NACIONAL,R VARIABLE,VARIABLE,R VARIABLE
CORA5PT00216,Fondo de Capital Privado Colombia,COP,N/A,NACIONAL,R VARIABLE,VARIABLE,R VARIABLE
CORH6PT00019,Fondo de Capital Privado Colombia,COP,N/A,NACIONAL,R VARIABLE,VARIABLE,R VARIABLE
CORH6PT00027,Fondo de Capital Privado Colombia,COP,N/A,NACIONAL,R VARIABLE,VARIABLE,R VARIABLE
CORH6PT00035,Fondo de Capital Privado Colombia,COP,N/A,NACIONAL,R VARIABLE,VARIABLE,R VARIABLE
CORH6PT00043,Fondo de Capital Privado Colombia,COP,N/A,NACIONAL,R VARIABLE,VARIABLE,R VARIABLE
CORH6PT00050,Fondo de Capital Privado Colombia,COP,N/A,NACIONAL,R VARIABLE,VARIABLE,R VARIABLE
CORH6PT00068,Fondo de Capital Privado Colombia,COP,N/A,NACIONAL,R VARIABLE,VARIABLE,R VARIABLE
COR39PT00051,Fondo de Capital Privado Colombia,COP,N/A,NACIONAL,R VARIABLE,VARIABLE,R VARIABLE
COR39PT00069,Fondo de Capital Privado Colombia,COP,N/A,NACIONAL,R VARIABLE,VARIABLE,R VARIABLE
COR39PT00077,Fondo de Capital Privado Colombia,COP,N/A,NACIONAL,R VARIABLE,VARIABLE,R VARIABLE
COR39PT00085,Fondo de Capital Privado Colombia,COP,N/A,NACIONAL,R VARIABLE,VARIABLE,R VARIABLE
COR39PT00093,Fondo de Capital Privado Colombia,COP,N/A,NACIONAL,R VARIABLE,VARIABLE,R VARIABLE
COR39PT00101,Fondo de Capital Privado Colombia,COP,N/A,NACIONAL,R VARIABLE,VARIABLE,R VARIABLE
COR39PT00119,Fondo de Capital Privado Colombia,COP,N/A,NACIONAL,R VARIABLE,VARIABLE,R VARIABLE
COR39PT00127,Fondo de Capital Privado Colombia,COP,N/A,NACIONAL,R VARIABLE,VARIABLE,R VARIABLE
COR39PT00135,Fondo de Capital Privado Colombia,COP,N/A,NACIONAL,R VARIABLE,VARIABLE,R VARIABLE
COR39PT00143,Fondo de Capital Privado Colombia,COP,N/A,NACIONAL,R VARIABLE,VARIABLE,R VARIABLE
COR39PT00150,Fondo de Capital Privado Colombia,COP,N/A,NACIONAL,R VARIABLE,VARIABLE,R VARIABLE
COR39PT00168,Fondo de Capital Privado Colombia,COP,N/A,NACIONAL,R VARIABLE,VARIABLE,R VARIABLE
COR39PT00176,Fondo de Capital Privado Colombia,COP,N/A,NACIONAL,R VARIABLE,VARIABLE,R VARIABLE
COR39PT00184,Fondo de Capital Privado Colombia,COP,N/A,NACIONAL,R VARIABLE,VARIABLE,R VARIABLE
COR39PT00192,Fondo de Capital Privado Colombia,COP,N/A,NACIONAL,R VARIABLE,VARIABLE,R VARIABLE
COR39PT00200,Fondo de Capital Privado Colombia,COP,N/A,NACIONAL,R VARIABLE,VARIABLE,R VARIABLE
COR39PT00218,Fondo de Capital Privado Colombia,COP,N/A,NACIONAL,R VARIABLE,VARIABLE,R VARIABLE
COR39PT00226,Fondo de Capital Privado Colombia,COP,N/A,NACIONAL,R VARIABLE,VARIABLE,R VARIABLE
COR39PT00234,Fondo de Capital Privado Colombia,COP,N/A,NACIONAL,R VARIABLE,VARIABLE,R VARIABLE
COR39PT00242,Fondo de Capital Privado Colombia,COP,N/A,NACIONAL,R VARIABLE,VARIABLE,R VARIABLE
COR39PT00259,Fondo de Capital Privado Colombia,COP,N/A,NACIONAL,R VARIABLE,VARIABLE,R VARIABLE
COR39PT00267,Fondo de Capital Privado Colombia,COP,N/A,NACIONAL,R VARIABLE,VARIABLE,R VARIABLE
COR39PT00275,Fondo de Capital Privado Colombia,COP,N/A,NACIONAL,R VARIABLE,VARIABLE,R VARIABLE
COR39PT00283,Fondo de Capital Privado Colombia,COP,N/A,NACIONAL,R VARIABLE,VARIABLE,R VARIABLE
COR39PT00291,Fondo de Capital Privado Colombia,COP,N/A,NACIONAL,R VARIABLE,VARIABLE,R VARIABLE
COR39PT00309,Fondo de Capital Privado Colombia,COP,N/A,NACIONAL,R VARIABLE,VARIABLE,R VARIABLE
COR39PT00044,Fondo de Capital Privado Colombia,COP,N/A,NACIONAL,R VARIABLE,VARIABLE,R VARIABLE
CORG6PT00044,Fondo de Capital Privado Colombia,COP,N/A,NACIONAL,R VARIABLE,VARIABLE,R VARIABLE
CORG6PT00051,Fondo de Capital Privado Colombia,COP,N/A,NACIONAL,R VARIABLE,VARIABLE,R VARIABLE
CORG6PT00069,Fondo de Capital Privado Colombia,COP,N/A,NACIONAL,R VARIABLE,VARIABLE,R VARIABLE
CORG6PT00077,Fondo de Capital Privado Colombia,COP,N/A,NACIONAL,R VARIABLE,VARIABLE,R VARIABLE
CORG6PT00085,Fondo de Capital Privado Colombia,COP,N/A,NACIONAL,R VARIABLE,VARIABLE,R VARIABLE
CORG6PT00093,Fondo de Capital Privado Colombia,COP,N/A,NACIONAL,R VARIABLE,VARIABLE,R VARIABLE
CORG6PT00101,Fondo de Capital Privado Colombia,COP,N/A,NACIONAL,R VARIABLE,VARIABLE,R VARIABLE
CORG6PT00119,Fondo de Capital Privado Colombia,COP,N/A,NACIONAL,R VARIABLE,VARIABLE,R VARIABLE
CORG6PT00036,Fondo de Capital Privado Colombia,COP,N/A,NACIONAL,R VARIABLE,VARIABLE,R VARIABLE
CORG6PT00127,Fondo de Capital Privado Colombia,COP,N/A,NACIONAL,R VARIABLE,VARIABLE,R VARIABLE
CORG6PT00135,Fondo de Capital Privado Colombia,COP,N/A,NACIONAL,R VARIABLE,VARIABLE,R VARIABLE
CORG6PT00143,Fondo de Capital Privado Colombia,COP,N/A,NACIONAL,R VARIABLE,VARIABLE,R VARIABLE
CORG6PT00150,Fondo de Capital Privado Colombia,COP,N/A,NACIONAL,R VARIABLE,VARIABLE,R VARIABLE
CORG6PT00168,Fondo de Capital Privado Colombia,COP,N/A,NACIONAL,R VARIABLE,VARIABLE,R VARIABLE
CORG6PT00176,Fondo de Capital Privado Colombia,COP,N/A,NACIONAL,R VARIABLE,VARIABLE,R VARIABLE
CORG6PT00184,Fondo de Capital Privado Colombia,COP,N/A,NACIONAL,R VARIABLE,VARIABLE,R VARIABLE
CORG6PT00192,Fondo de Capital Privado Colombia,COP,N/A,NACIONAL,R VARIABLE,VARIABLE,R VARIABLE
CORG6PT00200,Fondo de Capital Privado Colombia,COP,N/A,NACIONAL,R VARIABLE,VARIABLE,R VARIABLE
CORG6PT00218,Fondo de Capital Privado Colombia,COP,N/A,NACIONAL,R VARIABLE,VARIABLE,R VARIABLE
CORG6PT00226,Fondo de Capital Privado Colombia,COP,N/A,NACIONAL,R VARIABLE,VARIABLE,R VARIABLE
CORG6PT00234,Fondo de Capital Privado Colombia,COP,N/A,NACIONAL,R VARIABLE,VARIABLE,R VARIABLE
CORG6PT00242,Fondo de Capital Privado Colombia,COP,N/A,NACIONAL,R VARIABLE,VARIABLE,R VARIABLE
CORG6PT00259,Fondo de Capital Privado Colombia,COP,N/A,NACIONAL,R VARIABLE,VARIABLE,R VARIABLE
CORG6PT00267,Fondo de Capital Privado Colombia,COP,N/A,NACIONAL,R VARIABLE,VARIABLE,R VARIABLE
CORG6PT00275,Fondo de Capital Privado Colombia,COP,N/A,NACIONAL,R VARIABLE,VARIABLE,R VARIABLE
CORN0PT00022,Fondo de Capital Privado Colombia,COP,N/A,NACIONAL,R VARIABLE,VARIABLE,R VARIABLE
CORM9PT00016,Fondo de Capital Privado Colombia,COP,N/A,NACIONAL,R VARIABLE,VARIABLE,R VARIABLE
CORF3PT00018,Fondo de Capital Privado Colombia,COP,N/A,NACIONAL,R VARIABLE,VARIABLE,R VARIABLE
CORF4PT00016,Fondo de Capital Privado Colombia,COP,N/A,NACIONAL,R VARIABLE,VARIABLE,R VARIABLE
CORH5PT00029,Fondo de Capital Privado Colombia,COP,N/A,NACIONAL,R VARIABLE,VARIABLE,R VARIABLE
CORH5PT00037,Fondo de Capital Privado Colombia,COP,N/A,NACIONAL,R VARIABLE,VARIABLE,R VARIABLE
CORH5PT00045,Fondo de Capital Privado Colombia,COP,N/A,NACIONAL,R VARIABLE,VARIABLE,R VARIABLE
CORH5PT00052,Fondo de Capital Privado Colombia,COP,N/A,NACIONAL,R VARIABLE,VARIABLE,R VARIABLE
CORH5PT00060,Fondo de Capital Privado Colombia,COP,N/A,NACIONAL,R VARIABLE,VARIABLE,R VARIABLE
CORH5PT00011,Fondo de Capital Privado Colombia,COP,N/A,NACIONAL,R VARIABLE,VARIABLE,R VARIABLE
CORH5PT00078,Fondo de Capital Privado Colombia,COP,N/A,NACIONAL,R VARIABLE,VARIABLE,R VARIABLE
CORH5PT00086,Fondo de Capital Privado Colombia,COP,N/A,NACIONAL,R VARIABLE,VARIABLE,R VARIABLE
CORI5PT00010,Fondo de Capital Privado Colombia,COP,N/A,NACIONAL,R VARIABLE,VARIABLE,R VARIABLE
CORI5PT00028,Fondo de Capital Privado Colombia,COP,N/A,NACIONAL,R VARIABLE,VARIABLE,R VARIABLE
CORI5PT00036,Fondo de Capital Privado Colombia,COP,N/A,NACIONAL,R VARIABLE,VARIABLE,R VARIABLE
CORI5PT00044,Fondo de Capital Privado Colombia,COP,N/A,NACIONAL,R VARIABLE,VARIABLE,R VARIABLE
CORI5PT00051,Fondo de Capital Privado Colombia,COP,N/A,NACIONAL,R VARIABLE,VARIABLE,R VARIABLE
CORI5PT00069,Fondo de Capital Privado Colombia,COP,N/A,NACIONAL,R VARIABLE,VARIABLE,R VARIABLE
CORI5PT00077,Fondo de Capital Privado Colombia,COP,N/A,NACIONAL,R VARIABLE,VARIABLE,R VARIABLE
CORI5PT00085,Fondo de Capital Privado Colombia,COP,N/A,NACIONAL,R VARIABLE,VARIABLE,R VARIABLE
CORI5PT00093,Fondo de Capital Privado Colombia,COP,N/A,NACIONAL,R VARIABLE,VARIABLE,R VARIABLE
COR90PT00542,Fondo de Capital Privado Colombia,COP,N/A,NACIONAL,R VARIABLE,VARIABLE,R VARIABLE
COR90PT00625,Fondo de Capital Privado Colombia,COP,N/A,NACIONAL,R VARIABLE,VARIABLE,R VARIABLE
COR90PT00633,Fondo de Capital Privado Colombia,COP,N/A,NACIONAL,R VARIABLE,VARIABLE,R VARIABLE
COR90PT00658,Fondo de Capital Privado Colombia,COP,N/A,NACIONAL,R VARIABLE,VARIABLE,R VARIABLE
COR90PT00666,Fondo de Capital Privado Colombia,COP,N/A,NACIONAL,R VARIABLE,VARIABLE,R VARIABLE
COR90PT00674,Fondo de Capital Privado Colombia,COP,N/A,NACIONAL,R VARIABLE,VARIABLE,R VARIABLE
COR90PT00641,Fondo de Capital Privado Colombia,COP,N/A,NACIONAL,R VARIABLE,VARIABLE,R VARIABLE
COR90PT00617,Fondo de Capital Privado Colombia,COP,N/A,NACIONAL,R VARIABLE,VARIABLE,R VARIABLE
COR90PT00690,Fondo de Capital Privado Colombia,COP,N/A,NACIONAL,R VARIABLE,VARIABLE,R VARIABLE
COR90PT00716,Fondo de Capital Privado Colombia,COP,N/A,NACIONAL,R VARIABLE,VARIABLE,R VARIABLE
COR90PT00724,Fondo de Capital Privado Colombia,COP,N/A,NACIONAL,R VARIABLE,VARIABLE,R VARIABLE
COR90PT00732,Fondo de Capital Privado Colombia,COP,N/A,NACIONAL,R VARIABLE,VARIABLE,R VARIABLE
COR90PT00740,Fondo de Capital Privado Colombia,COP,N/A,NACIONAL,R VARIABLE,VARIABLE,R VARIABLE
COR90PT00757,Fondo de Capital Privado Colombia,COP,N/A,NACIONAL,R VARIABLE,VARIABLE,R VARIABLE
COR90PT00765,Fondo de Capital Privado Colombia,COP,N/A,NACIONAL,R VARIABLE,VARIABLE,R VARIABLE
COR20PT00796,Fondo de Capital Privado Colombia,COP,N/A,NACIONAL,R VARIABLE,VARIABLE,R VARIABLE
COR20PT00812,Fondo de Capital Privado Colombia,COP,N/A,NACIONAL,R VARIABLE,VARIABLE,R VARIABLE
COR20PT00820,Fondo de Capital Privado Colombia,COP,N/A,NACIONAL,R VARIABLE,VARIABLE,R VARIABLE
COR20PT00838,Fondo de Capital Privado Colombia,COP,N/A,NACIONAL,R VARIABLE,VARIABLE,R VARIABLE
COR20PT00846,Fondo de Capital Privado Colombia,COP,N/A,NACIONAL,R VARIABLE,VARIABLE,R VARIABLE
COR20PT00853,Fondo de Capital Privado Colombia,COP,N/A,NACIONAL,R VARIABLE,VARIABLE,R VARIABLE
COR20PT00861,Fondo de Capital Privado Colombia,COP,N/A,NACIONAL,R VARIABLE,VARIABLE,R VARIABLE
COR20PT00895,Fondo de Capital Privado Colombia,COP,N/A,NACIONAL,R VARIABLE,VARIABLE,R VARIABLE
COR20PT00903,Fondo de Capital Privado Colombia,COP,N/A,NACIONAL,R VARIABLE,VARIABLE,R VARIABLE
COR20PT00911,Fondo de Capital Privado Colombia,COP,N/A,NACIONAL,R VARIABLE,VARIABLE,R VARIABLE
COR20PT00929,Fondo de Capital Privado Colombia,COP,N/A,NACIONAL,R VARIABLE,VARIABLE,R VARIABLE
COR20PT00937,Fondo de Capital Privado Colombia,COP,N/A,NACIONAL,R VARIABLE,VARIABLE,R VARIABLE
COR20PT00945,Fondo de Capital Privado Colombia,COP,N/A,NACIONAL,R VARIABLE,VARIABLE,R VARIABLE
COR20PT00879,Fondo de Capital Privado Colombia,COP,N/A,NACIONAL,R VARIABLE,VARIABLE,R VARIABLE
COR20PT00804,Fondo de Capital Privado Colombia,COP,N/A,NACIONAL,R VARIABLE,VARIABLE,R VARIABLE
COR20PT00887,Fondo de Capital Privado Colombia,COP,N/A,NACIONAL,R VARIABLE,VARIABLE,R VARIABLE
COR20PT00952,Fondo de Capital Privado Colombia,COP,N/A,NACIONAL,R VARIABLE,VARIABLE,R VARIABLE
COR20PT00960,Fondo de Capital Privado Colombia,COP,N/A,NACIONAL,R VARIABLE,VARIABLE,R VARIABLE
COR20PT00978,Fondo de Capital Privado Colombia,COP,N/A,NACIONAL,R VARIABLE,VARIABLE,R VARIABLE
COR20PT00986,Fondo de Capital Privado Colombia,COP,N/A,NACIONAL,R VARIABLE,VARIABLE,R VARIABLE
COR20PT00994,Fondo de Capital Privado Colombia,COP,N/A,NACIONAL,R VARIABLE,VARIABLE,R VARIABLE
COR20PT01000,Fondo de Capital Privado Colombia,COP,N/A,NACIONAL,R VARIABLE,VARIABLE,R VARIABLE
COR20PT01018,Fondo de Capital Privado Colombia,COP,N/A,NACIONAL,R VARIABLE,VARIABLE,R VARIABLE
COR20PT01026,Fondo de Capital Privado Colombia,COP,N/A,NACIONAL,R VARIABLE,VARIABLE,R VARIABLE
COR20PT01034,Fondo de Capital Privado Colombia,COP,N/A,NACIONAL,R VARIABLE,VARIABLE,R VARIABLE
COR20PT01133,Fondo de Capital Privado Colombia,COP,N/A,NACIONAL,R VARIABLE,VARIABLE,R VARIABLE
COR20PT01141,Fondo de Capital Privado Colombia,COP,N/A,NACIONAL,R VARIABLE,VARIABLE,R VARIABLE
COR20PT01158,Fondo de Capital Privado Colombia,COP,N/A,NACIONAL,R VARIABLE,VARIABLE,R VARIABLE
COR20PT01166,Fondo de Capital Privado Colombia,COP,N/A,NACIONAL,R VARIABLE,VARIABLE,R VARIABLE
US81369Y6059,Fondo Mutuo o Fondo Indice,USD,N/A,INTERNACIONAL,R VARIABLE,VARIABLE,R VARIABLE
US46429B6719,Fondo Mutuo o Fondo Indice,USD,N/A,INTERNACIONAL,R VARIABLE,VARIABLE,R VARIABLE
US4642873909,Fondo Mutuo o Fondo Indice,USD,N/A,INTERNACIONAL,R VARIABLE,VARIABLE,R VARIABLE
US05528C8322,MONEY MARKET,USD,N/A,INTERNACIONAL,CAJA,VARIABLE,CAJA
XS0501715667,GLOBAL CORPORATIVOS,BRL,TASA FIJA,INTERNACIONAL,R FIJA,TASA FIJA,NOTAS ESTRUCTURADAS
LU0255980244,Fondo Mutuo o Fondo Indice,USD,N/A,INTERNACIONAL,R VARIABLE,VARIABLE,R VARIABLE
LU0188802960,Fondo Mutuo o Fondo Indice,JPY,N/A,INTERNACIONAL,R VARIABLE,VARIABLE,R VARIABLE
LU0188800162,Fondo Mutuo o Fondo Indice,EUR,N/A,INTERNACIONAL,R VARIABLE,VARIABLE,R VARIABLE
LU0188804743,Fondo Mutuo o Fondo Indice,USD,N/A,INTERNACIONAL,R VARIABLE,VARIABLE,R VARIABLE
LU0324479020,Fondo Mutuo o Fondo Indice,EUR,N/A,INTERNACIONAL,R VARIABLE,VARIABLE,R VARIABLE
LU0226954369,Fondo Mutuo o Fondo Indice,USD,N/A,INTERNACIONAL,R VARIABLE,VARIABLE,R VARIABLE
LU0244355391,Fondo Mutuo o Fondo Indice,USD,N/A,INTERNACIONAL,R VARIABLE,VARIABLE,R VARIABLE
US78462F1030,Fondo Mutuo o Fondo Indice,USD,N/A,INTERNACIONAL,R VARIABLE,VARIABLE,R VARIABLE
BCO02750818A,EM CORPORATIVOS,USD,TASA FIJA,INTERNACIONAL,R FIJA,TASA FIJA,R FIJA
TFIT10040522,TF TES,COP,TASA FIJA,NACIONAL,R FIJA,TASA FIJA,R FIJA
TFIT06110919,TF TES,COP,TASA FIJA,NACIONAL,R FIJA,TASA FIJA,R FIJA
TFIT07150616,TF TES,COP,TASA FIJA,NACIONAL,R FIJA,TASA FIJA,R FIJA
TFIT16180930,TF TES,COP,TASA FIJA,NACIONAL,R FIJA,TASA FIJA,R FIJA
TFIT06211118,TF TES,COP,TASA FIJA,NACIONAL,R FIJA,TASA FIJA,R FIJA
TFIT15240720,TF TES,COP,TASA FIJA,NACIONAL,R FIJA,TASA FIJA,R FIJA
TFIT16240724,TF TES,COP,TASA FIJA,NACIONAL,R FIJA,TASA FIJA,R FIJA
TFIT11241018,TF TES,COP,TASA FIJA,NACIONAL,R FIJA,TASA FIJA,R FIJA
TFIT15260826,TF TES,COP,TASA FIJA,NACIONAL,R FIJA,TASA FIJA,R FIJA
TFIT16280428,TF TES,COP,TASA FIJA,NACIONAL,R FIJA,TASA FIJA,R FIJA
TUVT11070525,Inflacion-TES,UVR,TASA FIJA,NACIONAL,R FIJA,INFLACIÓN,R FIJA
TUVT08170517,Inflacion-TES,UVR,TASA FIJA,NACIONAL,R FIJA,INFLACIÓN,R FIJA
TUVT17230223,Inflacion-TES,UVR,TASA FIJA,NACIONAL,R FIJA,INFLACIÓN,R FIJA
TUVT10100321,Inflacion-TES,UVR,TASA FIJA,NACIONAL,R FIJA,INFLACIÓN,R FIJA
TUVT06170419,Inflacion-TES,UVR,TASA FIJA,NACIONAL,R FIJA,INFLACIÓN,R FIJA
TUVT20250333,Inflacion-TES,UVR,TASA FIJA,NACIONAL,R FIJA,INFLACIÓN,R FIJA
STCA1063A,NOTAS ESTRUCTURADAS/TITULARIZACIONES,USD,TASA FIJA,INTERNACIONAL,R FIJA,TASA FIJA,NOTAS ESTRUCTURADAS
INST10220621,CORPORATIVO LOCAL,COP,TASA FIJA,NACIONAL,R FIJA,TASA FIJA,R FIJA
INST10101224,CORPORATIVO LOCAL,COP,TASA FIJA,NACIONAL,R FIJA,TASA FIJA,R FIJA
INST10100625,CORPORATIVO LOCAL,COP,TASA FIJA,NACIONAL,R FIJA,TASA FIJA,R FIJA
INST10210921,CORPORATIVO LOCAL,COP,TASA FIJA,NACIONAL,R FIJA,TASA FIJA,R FIJA
INST10230822,CORPORATIVO LOCAL,COP,TASA FIJA,NACIONAL,R FIJA,TASA FIJA,R FIJA
INST10230523,CORPORATIVO LOCAL,COP,TASA FIJA,NACIONAL,R FIJA,TASA FIJA,R FIJA
INST10160924,CORPORATIVO LOCAL,COP,TASA FIJA,NACIONAL,R FIJA,TASA FIJA,R FIJA
SHOM01109A,Inflacion-CORPORATIVO LOCAL,COP,IPC,NACIONAL,R FIJA,INFLACIÓN,R FIJA
SEAA10692AA,Inflacion-CORPORATIVO LOCAL,COP,IPC,NACIONAL,R FIJA,INFLACIÓN,R FIJA
SEAA10692BA,Inflacion-CORPORATIVO LOCAL,COP,IPC,NACIONAL,R FIJA,INFLACIÓN,R FIJA
SEAA10692CA,Inflacion-CORPORATIVO LOCAL,COP,IPC,NACIONAL,R FIJA,INFLACIÓN,R FIJA
SESTRATEIN,Titularización Inmobiliaria,COP,N/A,NACIONAL,R VARIABLE,VARIABLE,R VARIABLE
BCMI0113MV,Inflacion-CORPORATIVO LOCAL,UVR,TASA FIJA,NACIONAL,R FIJA,INFLACIÓN,R FIJA
TPCADENA75,Titularización Inmobiliaria,COP,N/A,NACIONAL,R VARIABLE,VARIABLE,R VARIABLE
US9220401007,Fondo Mutuo o Fondo Indice,USD,N/A,INTERNACIONAL,R VARIABLE,VARIABLE,R VARIABLE
US9220428588,Fondo Mutuo o Fondo Indice,USD,N/A,INTERNACIONAL,R VARIABLE,VARIABLE,R VARIABLE
IE0007987708,Fondo Mutuo o Fondo Indice,EUR,N/A,INTERNACIONAL,R VARIABLE,VARIABLE,R VARIABLE
US9229083632,Fondo Mutuo o Fondo Indice,USD,N/A,INTERNACIONAL,R VARIABLE,VARIABLE,R VARIABLE
LU0278093082,Fondo Mutuo o Fondo Indice,USD,N/A,INTERNACIONAL,R VARIABLE,VARIABLE,R VARIABLE
VILLAS,Acciones Colombia,COP,N/A,NACIONAL,R VARIABLE,VARIABLE,R VARIABLE
BBVACOL,Acciones Colombia,COP,N/A,NACIONAL,R VARIABLE,VARIABLE,R VARIABLE
POPULAR,Acciones Colombia,COP,N/A,NACIONAL,R VARIABLE,VARIABLE,R VARIABLE
PROMIGAS,Acciones Colombia,COP,N/A,NACIONAL,R VARIABLE,VARIABLE,R VARIABLE
BBCB02109D7,Inflacion-CORPORATIVO LOCAL,COP,IPC,NACIONAL,R FIJA,INFLACIÓN,R FIJA
BGAA1099A10,Inflacion-CORPORATIVO LOCAL,COP,IPC,NACIONAL,R FIJA,INFLACIÓN,R FIJA
CDTFAN80,Variable-CORPORATIVO LOCAL,COP,IBR,NACIONAL,R FIJA,VARIABLE,R FIJA
CDTGMA80,Variable-CORPORATIVO LOCAL,COP,IBR,NACIONAL,R FIJA,VARIABLE,R FIJA
BBPO10159C03,Inflacion-CORPORATIVO LOCAL,COP,IPC,NACIONAL,R FIJA,INFLACIÓN,R FIJA
US4642872349,Fondo Mutuo o Fondo Indice,USD,N/A,INTERNACIONAL,R VARIABLE,VARIABLE,R VARIABLE
CORH6PT00563,Fondo de Capital Privado Colombia,COP,N/A,NACIONAL,R VARIABLE,VARIABLE,R VARIABLE
CORK9PT00075,Fondo de Capital Privado Colombia,COP,N/A,NACIONAL,R VARIABLE,VARIABLE,R VARIABLE
COR4QPT00018,Fondo de Capital Privado Colombia,COP,N/A,NACIONAL,R VARIABLE,VARIABLE,R VARIABLE
CORA5PT00224,Fondo de Capital Privado Colombia,COP,N/A,NACIONAL,R VARIABLE,VARIABLE,R VARIABLE
FEP5 FICA ALIANZA FIDUCIARIA,VISTA,COP,TASA FIJA,NACIONAL,CAJA,VARIABLE,CAJA
FEP5 FICA ALIANZA VALORES,VISTA,COP,TASA FIJA,NACIONAL,CAJA,VARIABLE,CAJA
FEP5 FICA ALTA LDEZ COLSEGUROS,VISTA,COP,TASA FIJA,NACIONAL,CAJA,VARIABLE,CAJA
FEP5 FICA BBVA FAM,VISTA,COP,TASA FIJA,NACIONAL,CAJA,VARIABLE,CAJA
FEP5 FICA EFECTIVO F PREVISORA,VISTA,COP,TASA FIJA,NACIONAL,CAJA,VARIABLE,CAJA
FEP5 FICA F CENTRAL,VISTA,COP,TASA FIJA,NACIONAL,CAJA,VARIABLE,CAJA
FEP5 FICA FIDUCUENTA BANCOL,VISTA,COP,TASA FIJA,NACIONAL,CAJA,VARIABLE,CAJA
FEP5 FICA FONVAL CREDICORP,VISTA,COP,TASA FIJA,NACIONAL,CAJA,VARIABLE,CAJA
FEP5 FICA INTERÉS CORREDORES,VISTA,COP,TASA FIJA,NACIONAL,CAJA,VARIABLE,CAJA
FEP5 FICA LIQUIDEZ CASADEBOLSA,VISTA,COP,TASA FIJA,NACIONAL,CAJA,VARIABLE,CAJA
FEP5 FICA MM LIQUIDEZ BYR,VISTA,COP,TASA FIJA,NACIONAL,CAJA,VARIABLE,CAJA
FEP5 FICA OCCIRENTA,VISTA,COP,TASA FIJA,NACIONAL,CAJA,VARIABLE,CAJA
FEP5 FICA RENDIR COLPATRIA,VISTA,COP,TASA FIJA,NACIONAL,CAJA,VARIABLE,CAJA
FEP5 FICA RENTA ACCIONES,FIC ACC. COL.,COP,N/A,NACIONAL,R VARIABLE,VARIABLE,R VARIABLE
FEP5 FICA SUMAR FBOGOTÁ,VISTA,COP,TASA FIJA,NACIONAL,CAJA,VARIABLE,CAJA
FEP5 FICA SUPERIOR DAVIVIENDA,VISTA,COP,TASA FIJA,NACIONAL,CAJA,VARIABLE,CAJA
FEP5 FICA ULTRAVALORES,VISTA,COP,TASA FIJA,NACIONAL,CAJA,VARIABLE,CAJA
FEP5 FICA VALOR PLUS CORFICOL,VISTA,COP,TASA FIJA,NACIONAL,CAJA,VARIABLE,CAJA
FEP5 FICA VISTA ACCIVALORES,VISTA,COP,TASA FIJA,NACIONAL,CAJA,VARIABLE,CAJA
FEP5 FICC I OLDMUTUAL CII CPA1,Titularización Inmobiliaria,COP,N/A,NACIONAL,R VARIABLE,VARIABLE,R VARIABLE
FEP5 FICC INMB PREMIUM ALIANZA,Titularización Inmobiliaria,COP,N/A,NACIONAL,R VARIABLE,VARIABLE,R VARIABLE
CDTLBXS0V,CORPORATIVO LOCAL,COP,TASA FIJA,NACIONAL,R FIJA,TASA FIJA,R FIJA
LU0307720911,Fondo Mutuo o Fondo Indice,USD,N/A,INTERNACIONAL,R VARIABLE,VARIABLE,R VARIABLE
CDTBSA80,Variable-CORPORATIVO LOCAL,COP,IBR,NACIONAL,R FIJA,VARIABLE,R FIJA
CORE4PT00181,Fondo de Capital Privado Colombia,COP,N/A,NACIONAL,R VARIABLE,VARIABLE,R VARIABLE
US05968LAH50,EM CORPORATIVOS,USD,TASA FIJA,INTERNACIONAL,R FIJA,TASA FIJA,R FIJA
INST10151025,Inflacion-CORPORATIVO LOCAL,UVR,TASA FIJA,NACIONAL,R FIJA,INFLACIÓN,R FIJA
TFIT02010716,TF TES,COP,TASA FIJA,NACIONAL,R FIJA,TASA FIJA,R FIJA
CDTFALS0V,CORPORATIVO LOCAL,COP,TASA FIJA,NACIONAL,R FIJA,TASA FIJA,R FIJA
DACORFICOL,Acciones Colombia,COP,N/A,NACIONAL,R VARIABLE,VARIABLE,R VARIABLE
DAPFCORFIC,Acciones Colombia,COP,N/A,NACIONAL,R VARIABLE,VARIABLE,R VARIABLE
BSIS01149D16,Inflacion-CORPORATIVO LOCAL,COP,IPC,NACIONAL,R FIJA,INFLACIÓN,R FIJA
COR4IPT00148,Fondo de Capital Privado Colombia,COP,N/A,NACIONAL,R VARIABLE,VARIABLE,R VARIABLE
USP1024TAN92,EM CORPORATIVOS,USD,TASA FIJA,INTERNACIONAL,R FIJA,TASA FIJA,R FIJA
SDCORFIC,Acciones Colombia,COP,N/A,NACIONAL,R VARIABLE,VARIABLE,R VARIABLE
SDPFCORF,Acciones Colombia,COP,N/A,NACIONAL,R VARIABLE,VARIABLE,R VARIABLE
COR4IPT00155,Fondo de Capital Privado Colombia,COP,N/A,NACIONAL,R VARIABLE,VARIABLE,R VARIABLE
CORM3PT00050,Fondo de Capital Privado Colombia,COP,N/A,NACIONAL,R VARIABLE,VARIABLE,R VARIABLE
CORH7PT00140,Fondo de Capital Privado Colombia,COP,N/A,NACIONAL,R VARIABLE,VARIABLE,R VARIABLE
BDVI1059C120,Inflacion-CORPORATIVO LOCAL,COP,IPC,NACIONAL,R FIJA,INFLACIÓN,R FIJA
CORH5PT00094,Fondo de Capital Privado Colombia,COP,N/A,NACIONAL,R VARIABLE,VARIABLE,R VARIABLE
BBOC09158D02,Variable-CORPORATIVO LOCAL,COP,IBR,NACIONAL,R FIJA,VARIABLE,R FIJA
BALP1091A10,Inflacion-CORPORATIVO LOCAL,COP,IPC,NACIONAL,R FIJA,INFLACIÓN,R FIJA
BALP1091A15,Inflacion-CORPORATIVO LOCAL,COP,IPC,NACIONAL,R FIJA,INFLACIÓN,R FIJA
BALP109B12,CORPORATIVO LOCAL,COP,TASA FIJA,NACIONAL,R FIJA,TASA FIJA,R FIJA
BBCB1089C10,Inflacion-CORPORATIVO LOCAL,COP,IPC,NACIONAL,R FIJA,INFLACIÓN,R FIJA
BBCB1099B10,Inflacion-CORPORATIVO LOCAL,COP,IPC,NACIONAL,R FIJA,INFLACIÓN,R FIJA
BBCB109A10,CORPORATIVO LOCAL,COP,TASA FIJA,NACIONAL,R FIJA,TASA FIJA,R FIJA
BBCI0109C10,CORPORATIVO LOCAL,COP,TASA FIJA,NACIONAL,R FIJA,TASA FIJA,R FIJA
US05968LAA08,EM CORPORATIVOS,USD,TASA FIJA,INTERNACIONAL,R FIJA,TASA FIJA,R FIJA
BBGA2089B132,Inflacion-CORPORATIVO LOCAL,COP,IPC,NACIONAL,R FIJA,INFLACIÓN,R FIJA
BBSA1099B1,Inflacion-CORPORATIVO LOCAL,COP,IPC,NACIONAL,R FIJA,INFLACIÓN,R FIJA
BBSA1099B4,Inflacion-CORPORATIVO LOCAL,COP,IPC,NACIONAL,R FIJA,INFLACIÓN,R FIJA
BCAF108D10,CORPORATIVO LOCAL,COP,TASA FIJA,NACIONAL,R FIJA,TASA FIJA,R FIJA
BCAF109D10,CORPORATIVO LOCAL,COP,TASA FIJA,NACIONAL,R FIJA,TASA FIJA,R FIJA
BCCB1099C10,Inflacion-CORPORATIVO LOCAL,COP,IPC,NACIONAL,R FIJA,INFLACIÓN,R FIJA
BCCB1099C15,Inflacion-CORPORATIVO LOCAL,COP,IPC,NACIONAL,R FIJA,INFLACIÓN,R FIJA
BCCB1099C7,Inflacion-CORPORATIVO LOCAL,COP,IPC,NACIONAL,R FIJA,INFLACIÓN,R FIJA
BCOLOMBIA,Acciones Colombia,COP,N/A,NACIONAL,R VARIABLE,VARIABLE,R VARIABLE
BCOS3089A10,Inflacion-CORPORATIVO LOCAL,COP,IPC,NACIONAL,R FIJA,INFLACIÓN,R FIJA
BDCU20792B,Inflacion-CORPORATIVO LOCAL,COP,IPC,NACIONAL,R FIJA,INFLACIÓN,R FIJA
BEMG1079BVA,Inflacion-CORPORATIVO LOCAL,COP,IPC,NACIONAL,R FIJA,INFLACIÓN,R FIJA
BEMG1099B10,Inflacion-CORPORATIVO LOCAL,COP,IPC,NACIONAL,R FIJA,INFLACIÓN,R FIJA
BEMG1099B15,Inflacion-CORPORATIVO LOCAL,COP,IPC,NACIONAL,R FIJA,INFLACIÓN,R FIJA
BEMG1099B9,Inflacion-CORPORATIVO LOCAL,COP,IPC,NACIONAL,R FIJA,INFLACIÓN,R FIJA
BEPM108C10,CORPORATIVO LOCAL,COP,TASA FIJA,NACIONAL,R FIJA,TASA FIJA,R FIJA
BEPM1099A15,Inflacion-CORPORATIVO LOCAL,COP,IPC,NACIONAL,R FIJA,INFLACIÓN,R FIJA
BEPM2089A10A,Inflacion-CORPORATIVO LOCAL,COP,IPC,NACIONAL,R FIJA,INFLACIÓN,R FIJA
BEPM208C10A,CORPORATIVO LOCAL,COP,TASA FIJA,NACIONAL,R FIJA,TASA FIJA,R FIJA
BFCH1099C10,Inflacion-CORPORATIVO LOCAL,COP,IPC,NACIONAL,R FIJA,INFLACIÓN,R FIJA
BFCH1099C12,Inflacion-CORPORATIVO LOCAL,COP,IPC,NACIONAL,R FIJA,INFLACIÓN,R FIJA
BFCH1099C7,Inflacion-CORPORATIVO LOCAL,COP,IPC,NACIONAL,R FIJA,INFLACIÓN,R FIJA
BGAO0199A10,Inflacion-CORPORATIVO LOCAL,COP,IPC,NACIONAL,R FIJA,INFLACIÓN,R FIJA
BISA1049V2A,Inflacion-CORPORATIVO LOCAL,COP,IPC,NACIONAL,R FIJA,INFLACIÓN,R FIJA
BISG1099A10,Inflacion-CORPORATIVO LOCAL,COP,IPC,NACIONAL,R FIJA,INFLACIÓN,R FIJA
BISG1099A15,Inflacion-CORPORATIVO LOCAL,COP,IPC,NACIONAL,R FIJA,INFLACIÓN,R FIJA
BLGC109SA10,CORPORATIVO LOCAL,COP,TASA FIJA,NACIONAL,R FIJA,TASA FIJA,R FIJA
BLOC108C4TA,Inflacion-CORPORATIVO LOCAL,COP,IPC,NACIONAL,R FIJA,INFLACIÓN,R FIJA
BLOY1059VA,Inflacion-CORPORATIVO LOCAL,COP,IPC,NACIONAL,R FIJA,INFLACIÓN,R FIJA
BODS108B10,CORPORATIVO LOCAL,COP,TASA FIJA,NACIONAL,R FIJA,TASA FIJA,R FIJA
BOGOTA,Acciones Colombia,COP,N/A,NACIONAL,R VARIABLE,VARIABLE,R VARIABLE
BPIN1099A7,Inflacion-CORPORATIVO LOCAL,COP,IPC,NACIONAL,R FIJA,INFLACIÓN,R FIJA
BPMG1099C7,Inflacion-CORPORATIVO LOCAL,COP,IPC,NACIONAL,R FIJA,INFLACIÓN,R FIJA
BVC,Acciones Colombia,COP,N/A,NACIONAL,R VARIABLE,VARIABLE,R VARIABLE
CARTON,Acciones Colombia,COP,N/A,NACIONAL,R VARIABLE,VARIABLE,R VARIABLE
CEMARGOS,Acciones Colombia,COP,N/A,NACIONAL,R VARIABLE,VARIABLE,R VARIABLE
CHOCOLATES,Acciones Colombia,COP,N/A,NACIONAL,R VARIABLE,VARIABLE,R VARIABLE
COK26TP00012,Fondo de Capital Privado Colombia,COP,N/A,NACIONAL,R VARIABLE,VARIABLE,R VARIABLE
COK90TP00018-1,Fondo de Capital Privado Colombia,COP,N/A,NACIONAL,R VARIABLE,VARIABLE,R VARIABLE
COLINVERS,Acciones Colombia,COP,N/A,NACIONAL,R VARIABLE,VARIABLE,R VARIABLE
CORFICOLCF,Acciones Colombia,COP,N/A,NACIONAL,R VARIABLE,VARIABLE,R VARIABLE
CORFIOCCIDENTE S.A.,Acciones Colombia,COP,N/A,NACIONAL,R VARIABLE,VARIABLE,R VARIABLE
COS08TK00014,Titularización Inmobiliaria,COP,N/A,NACIONAL,R VARIABLE,VARIABLE,R VARIABLE
COU34TP00015,Titularización Inmobiliaria,COP,N/A,NACIONAL,R VARIABLE,VARIABLE,R VARIABLE
DAVIVIENDA,Acciones Colombia,COP,N/A,NACIONAL,R VARIABLE,VARIABLE,R VARIABLE
DEPVEEURO,MONEY MARKET,EUR,N/A,INTERNACIONAL,CAJA,VARIABLE,CAJA
DEPVEGBP,MONEY MARKET,GBP,N/A,INTERNACIONAL,CAJA,VARIABLE,CAJA
DEPVEJPY,MONEY MARKET,JPY,N/A,INTERNACIONAL,CAJA,VARIABLE,CAJA
DEPVEPESO,VISTA,COP,TASA FIJA,NACIONAL,CAJA,VARIABLE,CAJA
DEPVEUSD,MONEY MARKET,USD,N/A,INTERNACIONAL,CAJA,VARIABLE,CAJA
US279158AB56,EM CORPORATIVOS,USD,TASA FIJA,INTERNACIONAL,R FIJA,TASA FIJA,R FIJA
ECOPETROL,Acciones Colombia,COP,N/A,NACIONAL,R VARIABLE,VARIABLE,R VARIABLE
EDATEL,Acciones Colombia,COP,N/A,NACIONAL,R VARIABLE,VARIABLE,R VARIABLE
EEB,Acciones Colombia,COP,N/A,NACIONAL,R VARIABLE,VARIABLE,R VARIABLE
ENKA,Acciones Colombia,COP,N/A,NACIONAL,R VARIABLE,VARIABLE,R VARIABLE
ESTRATEINTP,Titularización Inmobiliaria,COP,N/A,NACIONAL,R VARIABLE,VARIABLE,R VARIABLE
ETB,Acciones Colombia,COP,N/A,NACIONAL,R VARIABLE,VARIABLE,R VARIABLE
ETERCOL,Acciones Colombia,COP,N/A,NACIONAL,R VARIABLE,VARIABLE,R VARIABLE
EXITO,Acciones Colombia,COP,N/A,NACIONAL,R VARIABLE,VARIABLE,R VARIABLE
FCP Interbolsa Energetico,Fondo de Capital Privado Colombia,COP,N/A,NACIONAL,R VARIABLE,VARIABLE,R VARIABLE
FCP MORGAN STANLEY GLOBAL SECONDARY OPPORTUNITIES,Fondo de Capital Privado,USD,N/A,INTERNACIONAL,R VARIABLE,VARIABLE,R VARIABLE
FCPCOPFdo Hidroc. Fiducolombia,Fondo de Capital Privado Colombia,COP,N/A,NACIONAL,R VARIABLE,VARIABLE,R VARIABLE
FCPCOPFONDO DE CAPITAL PRIVADO DE CINE HISPANOAMERICANO,Fondo de Capital Privado Colombia,COP,N/A,NACIONAL,R VARIABLE,VARIABLE,R VARIABLE
FCPCOPFONDO DE CAPITAL PRIVADO PROGRESION CREDIYA,Fondo de Capital Privado Colombia,COP,N/A,NACIONAL,R VARIABLE,VARIABLE,R VARIABLE
FCPCOPFondo de Inversion Forestal,Fondo de Capital Privado Colombia,COP,N/A,NACIONAL,R VARIABLE,VARIABLE,R VARIABLE
FCPCOPTribeca Fund I FCP,Fondo de Capital Privado Colombia,COP,N/A,NACIONAL,R VARIABLE,VARIABLE,R VARIABLE
FdoTrasandinoSe,Fondo de Capital Privado Colombia,COP,N/A,NACIONAL,R VARIABLE,VARIABLE,R VARIABLE
FEP5 Cart Colec Inmob INMOVAL,Titularización Inmobiliaria,COP,N/A,NACIONAL,R VARIABLE,VARIABLE,R VARIABLE
FEP5 Fdo CapPriv MS Infrastruc,Fondo de Capital Privado,USD,N/A,INTERNACIONAL,R VARIABLE,VARIABLE,R VARIABLE
FEP5 Fdo CapPriv Riverstone,Fondo de Capital Privado,USD,N/A,INTERNACIONAL,R VARIABLE,VARIABLE,R VARIABLE
Fondo Accion,FIC ACC. COL.,COP,N/A,NACIONAL,R VARIABLE,VARIABLE,R VARIABLE
FONDO DE CAPITAL PRIVADO ESCALA CAPITAL,Fondo de Capital Privado Colombia,COP,N/A,NACIONAL,R VARIABLE,VARIABLE,R VARIABLE
FONDO DE CAPITAL PRIVADO VINTAGE V,Fondo de Capital Privado,USD,N/A,INTERNACIONAL,R VARIABLE,VARIABLE,R VARIABLE
Fondo Rta Acc Val Bancolombia,FIC ACC. COL.,COP,N/A,NACIONAL,R VARIABLE,VARIABLE,R VARIABLE
GASNATURAL,Acciones Colombia,COP,N/A,NACIONAL,R VARIABLE,VARIABLE,R VARIABLE
GB00B15KYC19,Fondo Mutuo o Fondo Indice,USD,N/A,INTERNACIONAL,R VARIABLE,VARIABLE,R VARIABLE
GRUPOAVAL,Acciones Colombia,COP,N/A,NACIONAL,R VARIABLE,VARIABLE,R VARIABLE
GRUPOSURA,Acciones Colombia,COP,N/A,NACIONAL,R VARIABLE,VARIABLE,R VARIABLE
"HarbourVest Partners, LLC",Fondo de Capital Privado,USD,N/A,INTERNACIONAL,R VARIABLE,VARIABLE,R VARIABLE
IE0032747168,Fondo Mutuo o Fondo Indice,USD,N/A,INTERNACIONAL,R VARIABLE,VARIABLE,R VARIABLE
IE00B0HCGS80,Fondo Mutuo o Fondo Indice,USD,N/A,INTERNACIONAL,R VARIABLE,VARIABLE,R VARIABLE
INTERBOLSA,Acciones Colombia,COP,N/A,NACIONAL,R VARIABLE,VARIABLE,R VARIABLE
INVERARGOS,Acciones Colombia,COP,N/A,NACIONAL,R VARIABLE,VARIABLE,R VARIABLE
ISA,Acciones Colombia,COP,N/A,NACIONAL,R VARIABLE,VARIABLE,R VARIABLE
ISAGEN,Acciones Colombia,COP,N/A,NACIONAL,R VARIABLE,VARIABLE,R VARIABLE
LU0040709171,Fondo Mutuo o Fondo Indice,USD,N/A,INTERNACIONAL,R VARIABLE,VARIABLE,R VARIABLE
LU0053687074,Fondo Mutuo o Fondo Indice,EUR,N/A,INTERNACIONAL,R VARIABLE,VARIABLE,R VARIABLE
LU0104884605,Fondo Mutuo o Fondo Indice,EUR,N/A,INTERNACIONAL,R VARIABLE,VARIABLE,R VARIABLE
LU0107398538,Fondo Mutuo o Fondo Indice,EUR,N/A,INTERNACIONAL,R VARIABLE,VARIABLE,R VARIABLE
LU0107398884,Fondo Mutuo o Fondo Indice,EUR,N/A,INTERNACIONAL,R VARIABLE,VARIABLE,R VARIABLE
LU0108801571,Fondo Mutuo o Fondo Indice,USD,N/A,INTERNACIONAL,R VARIABLE,VARIABLE,R VARIABLE
LU0108802462,Fondo Mutuo o Fondo Indice,USD,N/A,INTERNACIONAL,R VARIABLE,VARIABLE,R VARIABLE
LU0109392836,Fondo Mutuo o Fondo Indice,USD,N/A,INTERNACIONAL,R VARIABLE,VARIABLE,R VARIABLE
LU0109981661,Fondo Mutuo o Fondo Indice,USD,N/A,INTERNACIONAL,R VARIABLE,VARIABLE,R VARIABLE
LU0111538954,Fondo Mutuo o Fondo Indice,USD,N/A,INTERNACIONAL,R VARIABLE,VARIABLE,R VARIABLE
LU0129442843,Fondo Mutuo o Fondo Indice,EUR,N/A,INTERNACIONAL,R VARIABLE,VARIABLE,R VARIABLE
LU0129444468,Fondo Mutuo o Fondo Indice,EUR,N/A,INTERNACIONAL,R VARIABLE,VARIABLE,R VARIABLE
LU0129451919,Fondo Mutuo o Fondo Indice,EUR,N/A,INTERNACIONAL,R VARIABLE,VARIABLE,R VARIABLE
LU0129464730,Fondo Mutuo o Fondo Indice,USD,N/A,INTERNACIONAL,R VARIABLE,VARIABLE,R VARIABLE
LU0129488085,Fondo Mutuo o Fondo Indice,USD,N/A,INTERNACIONAL,R VARIABLE,VARIABLE,R VARIABLE
LU0132177931,Fondo Mutuo o Fondo Indice,USD,N/A,INTERNACIONAL,R VARIABLE,VARIABLE,R VARIABLE
LU0140363002,Fondo Mutuo o Fondo Indice,EUR,N/A,INTERNACIONAL,R VARIABLE,VARIABLE,R VARIABLE
LU0181995647,Fondo Mutuo o Fondo Indice,USD,N/A,INTERNACIONAL,R VARIABLE,VARIABLE,R VARIABLE
LU0187077309,Fondo Mutuo o Fondo Indice,EUR,N/A,INTERNACIONAL,R VARIABLE,VARIABLE,R VARIABLE
LU0187077721,Fondo Mutuo o Fondo Indice,EUR,N/A,INTERNACIONAL,R VARIABLE,VARIABLE,R VARIABLE
LU0201576070,Fondo Mutuo o Fondo Indice,USD,N/A,INTERNACIONAL,R VARIABLE,VARIABLE,R VARIABLE
LU0210529656,Fondo Mutuo o Fondo Indice,USD,N/A,INTERNACIONAL,R VARIABLE,VARIABLE,R VARIABLE
LU0220215080,Fondo Mutuo o Fondo Indice,EUR,N/A,INTERNACIONAL,R VARIABLE,VARIABLE,R VARIABLE
LU0226953718,Fondo Mutuo o Fondo Indice,USD,N/A,INTERNACIONAL,R VARIABLE,VARIABLE,R VARIABLE
LU0228660014,Fondo Mutuo o Fondo Indice,USD,N/A,INTERNACIONAL,R VARIABLE,VARIABLE,R VARIABLE
LU0229940001,Fondo Mutuo o Fondo Indice,EUR,N/A,INTERNACIONAL,R VARIABLE,VARIABLE,R VARIABLE
LU0232506161,Fondo Mutuo o Fondo Indice,USD,N/A,INTERNACIONAL,R VARIABLE,VARIABLE,R VARIABLE
LU0242143039,Fondo Mutuo o Fondo Indice,USD,N/A,INTERNACIONAL,R VARIABLE,VARIABLE,R VARIABLE
LU0254836850,Fondo Mutuo o Fondo Indice,EUR,N/A,INTERNACIONAL,R VARIABLE,VARIABLE,R VARIABLE
LU0345776172,Fondo Mutuo o Fondo Indice,USD,N/A,INTERNACIONAL,R VARIABLE,VARIABLE,R VARIABLE
LU0345779432,Fondo Mutuo o Fondo Indice,USD,N/A,INTERNACIONAL,R VARIABLE,VARIABLE,R VARIABLE
LU0345780448,Fondo Mutuo o Fondo Indice,USD,N/A,INTERNACIONAL,R VARIABLE,VARIABLE,R VARIABLE
LU0360478282,Fondo Mutuo o Fondo Indice,USD,N/A,INTERNACIONAL,R VARIABLE,VARIABLE,R VARIABLE
LU0360478282-1,Fondo Mutuo o Fondo Indice,JPY,N/A,INTERNACIONAL,R VARIABLE,VARIABLE,R VARIABLE
LU0360480692,Fondo Mutuo o Fondo Indice,USD,N/A,INTERNACIONAL,R VARIABLE,VARIABLE,R VARIABLE
LU036048263,Fondo Mutuo o Fondo Indice,EUR,N/A,INTERNACIONAL,R VARIABLE,VARIABLE,R VARIABLE
MINEROS,Acciones Colombia,COP,N/A,NACIONAL,R VARIABLE,VARIABLE,R VARIABLE
MORGAN STANLEY TALF FUND LP,Fondo de Capital Privado,USD,N/A,INTERNACIONAL,R VARIABLE,VARIABLE,R VARIABLE
MS Infrast Part LP,Fondo de Capital Privado,USD,N/A,INTERNACIONAL,R VARIABLE,VARIABLE,R VARIABLE
OCCIDENTE,Acciones Colombia,COP,N/A,NACIONAL,R VARIABLE,VARIABLE,R VARIABLE
ODINSA,Acciones Colombia,COP,N/A,NACIONAL,R VARIABLE,VARIABLE,R VARIABLE
Partners Group Secondary,Fondo de Capital Privado,USD,N/A,INTERNACIONAL,R VARIABLE,VARIABLE,R VARIABLE
PFBCOLOM,Acciones Colombia,COP,N/A,NACIONAL,R VARIABLE,VARIABLE,R VARIABLE
PFCORFICOL,Acciones Colombia,COP,N/A,NACIONAL,R VARIABLE,VARIABLE,R VARIABLE
PFHELMBANK,Acciones Colombia,COP,N/A,NACIONAL,R VARIABLE,VARIABLE,R VARIABLE
PIMCO TALF INVESTMENT AND RECOVERY FUND,Fondo de Capital Privado,USD,N/A,INTERNACIONAL,R VARIABLE,VARIABLE,R VARIABLE
PROENERGIA,Acciones Colombia,COP,N/A,NACIONAL,R VARIABLE,VARIABLE,R VARIABLE
PROTECCION,Acciones Colombia,COP,N/A,NACIONAL,R VARIABLE,VARIABLE,R VARIABLE
ROBECO CHINESE EQUITY-D$,Fondo Mutuo o Fondo Indice,USD,N/A,INTERNACIONAL,R VARIABLE,VARIABLE,R VARIABLE
SANTANDER,Acciones Colombia,COP,N/A,NACIONAL,R VARIABLE,VARIABLE,R VARIABLE
SBMME1069AA,Inflacion-CORPORATIVO LOCAL,COP,IPC,NACIONAL,R FIJA,INFLACIÓN,R FIJA
SCMT10240216,CORPORATIVO LOCAL,COP,TASA FIJA,NACIONAL,R FIJA,TASA FIJA,R FIJA
SDEXITO09,Acciones Colombia,COP,N/A,NACIONAL,R VARIABLE,VARIABLE,R VARIABLE
SESTFATEIN,Titularización Inmobiliaria,COP,N/A,NACIONAL,R VARIABLE,VARIABLE,R VARIABLE
SESTRATEINTP,Titularización Inmobiliaria,COP,N/A,NACIONAL,R VARIABLE,VARIABLE,R VARIABLE
SOCIEDAD FIDUCIARIA DE DESARRO,Fondo de Capital Privado Colombia,COP,N/A,NACIONAL,R VARIABLE,VARIABLE,R VARIABLE
SPAE1099A7,Inflacion-CORPORATIVO LOCAL,COP,IPC,NACIONAL,R FIJA,INFLACIÓN,R FIJA
TABLEMAC,Acciones Colombia,COP,N/A,NACIONAL,R VARIABLE,VARIABLE,R VARIABLE
The Private Equity Secondary M,Fondo de Capital Privado,USD,N/A,INTERNACIONAL,R VARIABLE,VARIABLE,R VARIABLE
TribecaFundIFCP,Fondo de Capital Privado Colombia,COP,N/A,NACIONAL,R VARIABLE,VARIABLE,R VARIABLE
US0202792042,Acciones Colombia,USD,N/A,NACIONAL,R VARIABLE,VARIABLE,R VARIABLE
US02364W1053,Acciones Colombia,MXN,N/A,NACIONAL,R VARIABLE,VARIABLE,R VARIABLE
US0378331005,Acciones Internacionales,USD,N/A,INTERNACIONAL,R VARIABLE,VARIABLE,R VARIABLE
US05967A1079,Acciones Internacionales,BRL,N/A,INTERNACIONAL,R VARIABLE,VARIABLE,R VARIABLE
US05968L1026,Acciones Colombia,USD,N/A,NACIONAL,R VARIABLE,VARIABLE,R VARIABLE
US06738C7864,Fondo Mutuo o Fondo Indice,USD,N/A,INTERNACIONAL,R VARIABLE,VARIABLE,R VARIABLE
US105756BE97,EM BONDS,USD,TASA FIJA,INTERNACIONAL,R FIJA,TASA FIJA,R FIJA
US105756BK57,EM BONDS,USD,TASA FIJA,INTERNACIONAL,R FIJA,TASA FIJA,R FIJA
US105756BQ28,EM BONDS,USD,TASA FIJA,INTERNACIONAL,R FIJA,TASA FIJA,R FIJA
US195325AU91,EM BONDS,USD,TASA FIJA,INTERNACIONAL,R FIJA,TASA FIJA,R FIJA
US195325BD67,EM BONDS,USD,TASA FIJA,INTERNACIONAL,R FIJA,TASA FIJA,R FIJA
US195325BJ38,EM BONDS,USD,TASA FIJA,INTERNACIONAL,R FIJA,TASA FIJA,R FIJA
US195325BK01,EM BONDS,USD,TASA FIJA,INTERNACIONAL,R FIJA,TASA FIJA,R FIJA
US195325BL83,EM BONDS,USD,TASA FIJA,INTERNACIONAL,R FIJA,TASA FIJA,R FIJA
US195325BM66,EM BONDS,USD,TASA FIJA,INTERNACIONAL,R FIJA,TASA FIJA,R FIJA
US20441Q2066,Acciones Colombia,USD,N/A,NACIONAL,R VARIABLE,VARIABLE,R VARIABLE
US2332033719,Fondo Mutuo o Fondo Indice,USD,N/A,INTERNACIONAL,R VARIABLE,VARIABLE,R VARIABLE
US2332035045,Fondo Mutuo o Fondo Indice,USD,N/A,INTERNACIONAL,R VARIABLE,VARIABLE,R VARIABLE
US2332035870,Fondo Mutuo o Fondo Indice,USD,N/A,INTERNACIONAL,R VARIABLE,VARIABLE,R VARIABLE
US2332035953,Fondo Mutuo o Fondo Indice,USD,N/A,INTERNACIONAL,R VARIABLE,VARIABLE,R VARIABLE
US2332036118,Fondo Mutuo o Fondo Indice,USD,N/A,INTERNACIONAL,R VARIABLE,VARIABLE,R VARIABLE
US2332037363,Fondo Mutuo o Fondo Indice,USD,N/A,INTERNACIONAL,R VARIABLE,VARIABLE,R VARIABLE
US2332038197,Fondo Mutuo o Fondo Indice,USD,N/A,INTERNACIONAL,R VARIABLE,VARIABLE,R VARIABLE
US2332038270,Fondo Mutuo o Fondo Indice,USD,N/A,INTERNACIONAL,R VARIABLE,VARIABLE,R VARIABLE
US25434D2036,Fondo Mutuo o Fondo Indice,USD,N/A,INTERNACIONAL,R VARIABLE,VARIABLE,R VARIABLE
US3444191064,Acciones Colombia,MXN,N/A,NACIONAL,R VARIABLE,VARIABLE,R VARIABLE
US3547136040,Fondo Mutuo o Fondo Indice,USD,N/A,INTERNACIONAL,R VARIABLE,VARIABLE,R VARIABLE
US3703341046,Acciones Internacionales,USD,N/A,INTERNACIONAL,R VARIABLE,VARIABLE,R VARIABLE
US4230741039,Acciones Internacionales,USD,N/A,INTERNACIONAL,R VARIABLE,VARIABLE,R VARIABLE
US4642851053,Fondo Mutuo o Fondo Indice,USD,N/A,INTERNACIONAL,R VARIABLE,VARIABLE,R VARIABLE
US4642864007,Fondo Mutuo o Fondo Indice,USD,N/A,INTERNACIONAL,R VARIABLE,VARIABLE,R VARIABLE
US4642866085,Fondo Mutuo o Fondo Indice,USD,N/A,INTERNACIONAL,R VARIABLE,VARIABLE,R VARIABLE
US4642866655,Fondo Mutuo o Fondo Indice,USD,N/A,INTERNACIONAL,R VARIABLE,VARIABLE,R VARIABLE
US4642868487,Fondo Mutuo o Fondo Indice,USD,N/A,INTERNACIONAL,R VARIABLE,VARIABLE,R VARIABLE
US4642872000,Fondo Mutuo o Fondo Indice,USD,N/A,INTERNACIONAL,R VARIABLE,VARIABLE,R VARIABLE
US4642873099,Fondo Mutuo o Fondo Indice,USD,N/A,INTERNACIONAL,R VARIABLE,VARIABLE,R VARIABLE
US4642874089,Fondo Mutuo o Fondo Indice,USD,N/A,INTERNACIONAL,R VARIABLE,VARIABLE,R VARIABLE
US4642874659,Fondo Mutuo o Fondo Indice,USD,N/A,INTERNACIONAL,R VARIABLE,VARIABLE,R VARIABLE
US4642881829,Fondo Mutuo o Fondo Indice,USD,N/A,INTERNACIONAL,R VARIABLE,VARIABLE,R VARIABLE
US4642887032,Fondo Mutuo o Fondo Indice,USD,N/A,INTERNACIONAL,R VARIABLE,VARIABLE,R VARIABLE
US4878361082,Acciones Internacionales,USD,N/A,INTERNACIONAL,R VARIABLE,VARIABLE,R VARIABLE
US50075N1046,Acciones Internacionales,USD,N/A,INTERNACIONAL,R VARIABLE,VARIABLE,R VARIABLE
US6410694060,Acciones Internacionales,COP,N/A,INTERNACIONAL,R VARIABLE,VARIABLE,R VARIABLE
US715638AS19,EM BONDS,USD,TASA FIJA,INTERNACIONAL,R FIJA,TASA FIJA,R FIJA
US73936B1017,Fondo Mutuo o Fondo Indice,USD,N/A,INTERNACIONAL,R VARIABLE,VARIABLE,R VARIABLE
US73936B2007,Fondo Mutuo o Fondo Indice,USD,N/A,INTERNACIONAL,R VARIABLE,VARIABLE,R VARIABLE
US73936B3096,Fondo Mutuo o Fondo Indice,USD,N/A,INTERNACIONAL,R VARIABLE,VARIABLE,R VARIABLE
US73936B4086,Fondo Mutuo o Fondo Indice,USD,N/A,INTERNACIONAL,R VARIABLE,VARIABLE,R VARIABLE
US73936B5075,Fondo Mutuo o Fondo Indice,USD,N/A,INTERNACIONAL,R VARIABLE,VARIABLE,R VARIABLE
US73936B6065,Fondo Mutuo o Fondo Indice,USD,N/A,INTERNACIONAL,R VARIABLE,VARIABLE,R VARIABLE
US73936B7055,Fondo Mutuo o Fondo Indice,USD,N/A,INTERNACIONAL,R VARIABLE,VARIABLE,R VARIABLE
US81369Y2090,Fondo Mutuo o Fondo Indice,USD,N/A,INTERNACIONAL,R VARIABLE,VARIABLE,R VARIABLE
US81369Y8865,Fondo Mutuo o Fondo Indice,USD,N/A,INTERNACIONAL,R VARIABLE,VARIABLE,R VARIABLE
US912828LJ77,TREASURIES-MULTILATERALES-AGENCIAS,USD,TASA FIJA,INTERNACIONAL,R FIJA,TASA FIJA,R FIJA
US9219097014,Fondo Mutuo o Fondo Indice,USD,N/A,INTERNACIONAL,R VARIABLE,VARIABLE,R VARIABLE
US9219098004,Fondo Mutuo o Fondo Indice,USD,N/A,INTERNACIONAL,R VARIABLE,VARIABLE,R VARIABLE
US9219106005,Fondo Mutuo o Fondo Indice,USD,N/A,INTERNACIONAL,R VARIABLE,VARIABLE,R VARIABLE
US9219212019,Fondo Mutuo o Fondo Indice,USD,N/A,INTERNACIONAL,R VARIABLE,VARIABLE,R VARIABLE
US9219282061,Fondo Mutuo o Fondo Indice,USD,N/A,INTERNACIONAL,R VARIABLE,VARIABLE,R VARIABLE
US9229084218,Fondo Mutuo o Fondo Indice,USD,N/A,INTERNACIONAL,R VARIABLE,VARIABLE,R VARIABLE
US9229084960,Fondo Mutuo o Fondo Indice,USD,N/A,INTERNACIONAL,R VARIABLE,VARIABLE,R VARIABLE
US9229087930,Fondo Mutuo o Fondo Indice,USD,N/A,INTERNACIONAL,R VARIABLE,VARIABLE,R VARIABLE
US9229088011,Fondo Mutuo o Fondo Indice,USD,N/A,INTERNACIONAL,R VARIABLE,VARIABLE,R VARIABLE
US9229088508,Fondo Mutuo o Fondo Indice,USD,N/A,INTERNACIONAL,R VARIABLE,VARIABLE,R VARIABLE
US9229088680,Fondo Mutuo o Fondo Indice,USD,N/A,INTERNACIONAL,R VARIABLE,VARIABLE,R VARIABLE
USP3661PAA95,EM CORPORATIVOS,USD,TASA FIJA,INTERNACIONAL,R FIJA,TASA FIJA,R FIJA
USP9379RAA51,EM CORPORATIVOS,USD,TASA FIJA,INTERNACIONAL,R FIJA,TASA FIJA,R FIJA
VALOREM,Acciones Colombia,COP,N/A,NACIONAL,R VARIABLE,VARIABLE,R VARIABLE
XS0257735430,NOTAS ESTRUCTURADAS FR,COP,LIBOR,INTERNACIONAL,R FIJA,VARIABLE,NOTAS ESTRUCTURADAS
XS0306322065,TES GLOBAL,COP,TASA FIJA,NACIONAL,R FIJA,TASA FIJA,R FIJA
BBCB108A10,CORPORATIVO LOCAL,COP,TASA FIJA,NACIONAL,R FIJA,TASA FIJA,R FIJA
INMOVAL,Titularización Inmobiliaria,COP,N/A,NACIONAL,R VARIABLE,VARIABLE,R VARIABLE
US4642868065,Fondo Mutuo o Fondo Indice,USD,N/A,INTERNACIONAL,R VARIABLE,VARIABLE,R VARIABLE
LU0248044025,Fondo Mutuo o Fondo Indice,USD,N/A,INTERNACIONAL,R VARIABLE,VARIABLE,R VARIABLE
LU0225741247,Fondo Mutuo o Fondo Indice,USD,N/A,INTERNACIONAL,R VARIABLE,VARIABLE,R VARIABLE
SDISA,Acciones Colombia,COP,N/A,NACIONAL,R VARIABLE,VARIABLE,R VARIABLE
US92826C8394,Acciones Internacionales,USD,N/A,INTERNACIONAL,R VARIABLE,VARIABLE,R VARIABLE
US1729671016,Acciones Internacionales,USD,N/A,INTERNACIONAL,R VARIABLE,VARIABLE,R VARIABLE
US1729674168,Acciones Internacionales,USD,N/A,INTERNACIONAL,R VARIABLE,VARIABLE,R VARIABLE
BGAA1099A7,Inflacion-CORPORATIVO LOCAL,COP,IPC,NACIONAL,R FIJA,INFLACIÓN,R FIJA
BBCR1099B120,Inflacion-CORPORATIVO LOCAL,COP,IPC,NACIONAL,R FIJA,INFLACIÓN,R FIJA
US46428Q1094,Fondo Mutuo o Fondo Indice,USD,N/A,INTERNACIONAL,R VARIABLE,VARIABLE,R VARIABLE
LU0374106598,Fondo Mutuo o Fondo Indice,USD,N/A,INTERNACIONAL,R VARIABLE,VARIABLE,R VARIABLE
US73935A1043,Fondo Mutuo o Fondo Indice,USD,N/A,INTERNACIONAL,R VARIABLE,VARIABLE,R VARIABLE
US78464A7147,Fondo Mutuo o Fondo Indice,USD,N/A,INTERNACIONAL,R VARIABLE,VARIABLE,R VARIABLE
LU0129488242,Fondo Mutuo o Fondo Indice,USD,N/A,INTERNACIONAL,R VARIABLE,VARIABLE,R VARIABLE
LU0374106754,Fondo Mutuo o Fondo Indice,EUR,N/A,INTERNACIONAL,R VARIABLE,VARIABLE,R VARIABLE
LU0254366791,Fondo Mutuo o Fondo Indice,EUR,N/A,INTERNACIONAL,R VARIABLE,VARIABLE,R VARIABLE
LU0122612848,Fondo Mutuo o Fondo Indice,EUR,N/A,INTERNACIONAL,R VARIABLE,VARIABLE,R VARIABLE
US912828LY45,TREASURIES-MULTILATERALES-AGENCIAS,USD,TASA FIJA,INTERNACIONAL,R FIJA,TASA FIJA,R FIJA
DEPVEMXN,MONEY MARKET,MXN,N/A,INTERNACIONAL,CAJA,VARIABLE,CAJA
DEPVEAUD,MONEY MARKET,AUD,N/A,INTERNACIONAL,CAJA,VARIABLE,CAJA
DEPVECAD,MONEY MARKET,CAD,N/A,INTERNACIONAL,CAJA,VARIABLE,CAJA
US4642866994,Fondo Mutuo o Fondo Indice,USD,N/A,INTERNACIONAL,R VARIABLE,VARIABLE,R VARIABLE
US46428R1077,Fondo Mutuo o Fondo Indice,USD,N/A,INTERNACIONAL,R VARIABLE,VARIABLE,R VARIABLE
LU0254839870,Fondo Mutuo o Fondo Indice,EUR,N/A,INTERNACIONAL,R VARIABLE,VARIABLE,R VARIABLE
LU0440072238,Fondo Mutuo o Fondo Indice,EUR,N/A,INTERNACIONAL,R VARIABLE,VARIABLE,R VARIABLE
US105756BR01,EM BONDS,USD,TASA FIJA,INTERNACIONAL,R FIJA,TASA FIJA,R FIJA
BBBO01107BS4,Inflacion-CORPORATIVO LOCAL,UVR,TASA FIJA,NACIONAL,R FIJA,INFLACIÓN,R FIJA
US4642861037,Fondo Mutuo o Fondo Indice,USD,N/A,INTERNACIONAL,R VARIABLE,VARIABLE,R VARIABLE
US78463V1070,Fondo Mutuo o Fondo Indice,USD,N/A,INTERNACIONAL,R VARIABLE,VARIABLE,R VARIABLE
BDVI1107U10,Inflacion-CORPORATIVO LOCAL,UVR,TASA FIJA,NACIONAL,R FIJA,INFLACIÓN,R FIJA
FCP Infrastructure,Fondo de Capital Privado Colombia,COP,N/A,NACIONAL,R VARIABLE,VARIABLE,R VARIABLE
US912828MP29,TREASURIES-MULTILATERALES-AGENCIAS,USD,TASA FIJA,INTERNACIONAL,R FIJA,TASA FIJA,R FIJA
LU0374107216,Fondo Mutuo o Fondo Indice,EUR,N/A,INTERNACIONAL,R VARIABLE,VARIABLE,R VARIABLE
LU0254367922,Fondo Mutuo o Fondo Indice,EUR,N/A,INTERNACIONAL,R VARIABLE,VARIABLE,R VARIABLE
ROBECO CHINESE EQUITIES I,Fondo Mutuo o Fondo Indice,USD,N/A,INTERNACIONAL,R VARIABLE,VARIABLE,R VARIABLE
PREC,Acciones Colombia,COP,N/A,NACIONAL,R VARIABLE,VARIABLE,R VARIABLE
LU0128522157,Fondo Mutuo o Fondo Indice,USD,N/A,INTERNACIONAL,R VARIABLE,VARIABLE,R VARIABLE
LU0478762148,Fondo Mutuo o Fondo Indice,USD,N/A,INTERNACIONAL,R VARIABLE,VARIABLE,R VARIABLE
LU0267923471,Fondo Mutuo o Fondo Indice,USD,N/A,INTERNACIONAL,R VARIABLE,VARIABLE,R VARIABLE
LU0267920295,Fondo Mutuo o Fondo Indice,USD,N/A,INTERNACIONAL,R VARIABLE,VARIABLE,R VARIABLE
BVJI01109A10,Inflacion-CORPORATIVO LOCAL,COP,IPC,NACIONAL,R FIJA,INFLACIÓN,R FIJA
BVJI01109A7,Inflacion-CORPORATIVO LOCAL,COP,IPC,NACIONAL,R FIJA,INFLACIÓN,R FIJA
BLGC01109C10,Inflacion-CORPORATIVO LOCAL,COP,IPC,NACIONAL,R FIJA,INFLACIÓN,R FIJA
BCOL1099A7,Inflacion-CORPORATIVO LOCAL,COP,IPC,NACIONAL,R FIJA,INFLACIÓN,R FIJA
FONDO DE CAPITAL PRIVADO BROOKFIELD,Fondo de Capital Privado Colombia,COP,N/A,NACIONAL,R VARIABLE,VARIABLE,R VARIABLE
COK0DTP00011,Fondo de Capital Privado Colombia,COP,N/A,NACIONAL,R VARIABLE,VARIABLE,R VARIABLE
FONDO DE CAPITAL PRIVADO HIPEP VI-CAYMAN PARTNERSH,Fondo de Capital Privado,EUR,N/A,INTERNACIONAL,R VARIABLE,VARIABLE,R VARIABLE
GOLDMAN SACHS EARLY SECONDARIES FUND OFFSHORE-LP,Fondo de Capital Privado,USD,N/A,INTERNACIONAL,R VARIABLE,VARIABLE,R VARIABLE
FCP GOLDMAN SACHS OPPORTUNITY PARTNERS OFFSHORE. L,Fondo de Capital Privado,USD,N/A,INTERNACIONAL,R VARIABLE,VARIABLE,R VARIABLE
FONDO DE CAPITAL PRIVADO NB CROSSROADS 2010 FUND-C,Fondo de Capital Privado,USD,N/A,INTERNACIONAL,R VARIABLE,VARIABLE,R VARIABLE
GOLDMAN SACHS OPPORTUNITY PAR,Fondo de Capital Privado,USD,N/A,INTERNACIONAL,R VARIABLE,VARIABLE,R VARIABLE
HARBOURVEST PARTNERS,Fondo de Capital Privado,EUR,N/A,INTERNACIONAL,R VARIABLE,VARIABLE,R VARIABLE
SDCORFIC10,Acciones Colombia,COP,N/A,NACIONAL,R VARIABLE,VARIABLE,R VARIABLE
SDPFCORF10,Acciones Colombia,COP,N/A,NACIONAL,R VARIABLE,VARIABLE,R VARIABLE
BEEP01109C10,Inflacion-CORPORATIVO LOCAL,COP,IPC,NACIONAL,R FIJA,INFLACIÓN,R FIJA
BEEP01109C7,Inflacion-CORPORATIVO LOCAL,COP,IPC,NACIONAL,R FIJA,INFLACIÓN,R FIJA
SDODINSA,Acciones Colombia,COP,N/A,NACIONAL,R VARIABLE,VARIABLE,R VARIABLE
US105756BS83,EM BONDS,USD,TASA FIJA,INTERNACIONAL,R FIJA,TASA FIJA,R FIJA
US46556MAA09,EM CORPORATIVOS,USD,TASA FIJA,INTERNACIONAL,R FIJA,TASA FIJA,R FIJA
UD46428Q1094,Fondo Mutuo o Fondo Indice,USD,N/A,INTERNACIONAL,R VARIABLE,VARIABLE,R VARIABLE
CA1348081045,Acciones Colombia,CAD,N/A,NACIONAL,R VARIABLE,VARIABLE,R VARIABLE
US912828ND89,TREASURIES-MULTILATERALES-AGENCIAS,USD,TASA FIJA,INTERNACIONAL,R FIJA,TASA FIJA,R FIJA
BLGC1099C7,Inflacion-CORPORATIVO LOCAL,COP,IPC,NACIONAL,R FIJA,INFLACIÓN,R FIJA
FCP LAPEF,Fondo de Capital Privado,USD,N/A,INTERNACIONAL,R VARIABLE,VARIABLE,R VARIABLE
BLGC1089C10,Inflacion-CORPORATIVO LOCAL,COP,IPC,NACIONAL,R FIJA,INFLACIÓN,R FIJA
BBBO01109AS1,Inflacion-CORPORATIVO LOCAL,COP,IPC,NACIONAL,R FIJA,INFLACIÓN,R FIJA
US38500T1016,Acciones Colombia,USD,N/A,NACIONAL,R VARIABLE,VARIABLE,R VARIABLE
US71654V4086,Acciones Colombia,USD,N/A,NACIONAL,R VARIABLE,VARIABLE,R VARIABLE
FCP Terminal de Carga El Dorad,Fondo de Capital Privado Colombia,COP,N/A,NACIONAL,R VARIABLE,VARIABLE,R VARIABLE
FCP Brookfield Colombia,Fondo de Capital Privado Colombia,COP,N/A,NACIONAL,R VARIABLE,VARIABLE,R VARIABLE
KKR INVESTORS MASTER FUND LP,Fondo de Capital Privado,USD,N/A,INTERNACIONAL,R VARIABLE,VARIABLE,R VARIABLE
LU0300738944,Fondo Mutuo o Fondo Indice,USD,N/A,INTERNACIONAL,R VARIABLE,VARIABLE,R VARIABLE
LU0049509093,Fondo Mutuo o Fondo Indice,USD,N/A,INTERNACIONAL,R VARIABLE,VARIABLE,R VARIABLE
LU0054796148,Fondo Mutuo o Fondo Indice,USD,N/A,INTERNACIONAL,R VARIABLE,VARIABLE,R VARIABLE
US4642867729,Fondo Mutuo o Fondo Indice,USD,N/A,INTERNACIONAL,R VARIABLE,VARIABLE,R VARIABLE
US4642868719,Fondo Mutuo o Fondo Indice,USD,N/A,INTERNACIONAL,R VARIABLE,VARIABLE,R VARIABLE
US4642866739,Fondo Mutuo o Fondo Indice,USD,N/A,INTERNACIONAL,R VARIABLE,VARIABLE,R VARIABLE
CORH6PT00571,Fondo de Capital Privado Colombia,COP,N/A,NACIONAL,R VARIABLE,VARIABLE,R VARIABLE
US81369Y4070,Fondo Mutuo o Fondo Indice,USD,N/A,INTERNACIONAL,R VARIABLE,VARIABLE,R VARIABLE
US4642877397,Fondo Mutuo o Fondo Indice,USD,N/A,INTERNACIONAL,R VARIABLE,VARIABLE,R VARIABLE
US4642865095,Fondo Mutuo o Fondo Indice,USD,N/A,INTERNACIONAL,R VARIABLE,VARIABLE,R VARIABLE
LU0270815920,Fondo Mutuo o Fondo Indice,USD,N/A,INTERNACIONAL,R VARIABLE,VARIABLE,R VARIABLE
NB Crossroads,Fondo Mutuo o Fondo Indice,USD,N/A,INTERNACIONAL,R VARIABLE,VARIABLE,R VARIABLE
US05968LAB80,EM CORPORATIVOS,USD,TASA FIJA,INTERNACIONAL,R FIJA,TASA FIJA,R FIJA
XS0502258444,TES GLOBAL,COP,TASA FIJA,NACIONAL,R FIJA,TASA FIJA,R FIJA
US81369Y5069,Fondo Mutuo o Fondo Indice,USD,N/A,INTERNACIONAL,R VARIABLE,VARIABLE,R VARIABLE
LU0440072402,Fondo Mutuo o Fondo Indice,USD,N/A,INTERNACIONAL,R VARIABLE,VARIABLE,R VARIABLE
LU0396315128,Fondo Mutuo o Fondo Indice,USD,N/A,INTERNACIONAL,R VARIABLE,VARIABLE,R VARIABLE
LU0505785344,Fondo Mutuo o Fondo Indice,EUR,N/A,INTERNACIONAL,R VARIABLE,VARIABLE,R VARIABLE
US195325BB02,EM BONDS,USD,TASA FIJA,INTERNACIONAL,R FIJA,TASA FIJA,R FIJA
CNEC,Acciones Colombia,COP,N/A,NACIONAL,R VARIABLE,VARIABLE,R VARIABLE
US912828NT32,TREASURIES-MULTILATERALES-AGENCIAS,USD,TASA FIJA,INTERNACIONAL,R FIJA,TASA FIJA,R FIJA
LU0505784701,Fondo Mutuo o Fondo Indice,USD,N/A,INTERNACIONAL,R VARIABLE,VARIABLE,R VARIABLE
LU0231479717,Fondo Mutuo o Fondo Indice,USD,N/A,INTERNACIONAL,R VARIABLE,VARIABLE,R VARIABLE
US4642886950,Fondo Mutuo o Fondo Indice,USD,N/A,INTERNACIONAL,R VARIABLE,VARIABLE,R VARIABLE
US91086QAW87,EM BONDS,USD,TASA FIJA,INTERNACIONAL,R FIJA,TASA FIJA,R FIJA
US81369Y1001,Fondo Mutuo o Fondo Indice,USD,N/A,INTERNACIONAL,R VARIABLE,VARIABLE,R VARIABLE
US81369Y3080,Fondo Mutuo o Fondo Indice,USD,N/A,INTERNACIONAL,R VARIABLE,VARIABLE,R VARIABLE
US4642867562,Fondo Mutuo o Fondo Indice,USD,N/A,INTERNACIONAL,R VARIABLE,VARIABLE,R VARIABLE
US4642863017,Fondo Mutuo o Fondo Indice,USD,N/A,INTERNACIONAL,R VARIABLE,VARIABLE,R VARIABLE
US4642877132,Fondo Mutuo o Fondo Indice,USD,N/A,INTERNACIONAL,R VARIABLE,VARIABLE,R VARIABLE
US4642874733,Fondo Mutuo o Fondo Indice,USD,N/A,INTERNACIONAL,R VARIABLE,VARIABLE,R VARIABLE
Fondo de Capital Privado de Recursos Naturales,Fondo de Capital Privado Colombia,COP,N/A,NACIONAL,R VARIABLE,VARIABLE,R VARIABLE
FCP TRG,Fondo de Capital Privado Colombia,COP,N/A,NACIONAL,R VARIABLE,VARIABLE,R VARIABLE
fcp FEA,Fondo de Capital Privado Colombia,COP,N/A,NACIONAL,R VARIABLE,VARIABLE,R VARIABLE
USP09646AC75,EM CORPORATIVOS,USD,TASA FIJA,INTERNACIONAL,R FIJA,TASA FIJA,R FIJA
US46556MAB81,EM CORPORATIVOS,USD,TASA FIJA,INTERNACIONAL,R FIJA,TASA FIJA,R FIJA
PFDAVVNDA,Acciones Colombia,COP,N/A,NACIONAL,R VARIABLE,VARIABLE,R VARIABLE
Amundi Latin America Equities I,Fondo Mutuo o Fondo Indice,USD,N/A,INTERNACIONAL,R VARIABLE,VARIABLE,R VARIABLE
LU0511397472,Fondo Mutuo o Fondo Indice,USD,N/A,INTERNACIONAL,R VARIABLE,VARIABLE,R VARIABLE
FCP LEXINGTON,Fondo de Capital Privado,USD,N/A,INTERNACIONAL,R VARIABLE,VARIABLE,R VARIABLE
LU0511393646,Fondo Mutuo o Fondo Indice,USD,N/A,INTERNACIONAL,R VARIABLE,VARIABLE,R VARIABLE
LU0119620176,Fondo Mutuo o Fondo Indice,USD,N/A,INTERNACIONAL,R VARIABLE,VARIABLE,R VARIABLE
FIDUCOLOMBIA F.C.P. Hidrocarburos C.T.,Fondo de Capital Privado Colombia,COP,N/A,NACIONAL,R VARIABLE,VARIABLE,R VARIABLE
US81369Y8030,Fondo Mutuo o Fondo Indice,USD,N/A,INTERNACIONAL,R VARIABLE,VARIABLE,R VARIABLE
FONDO DE CAPITAL PRIVADO PARTNERS GROUP SECONDARY,Fondo de Capital Privado,EUR,N/A,INTERNACIONAL,R VARIABLE,VARIABLE,R VARIABLE
The Rohatyn Group FCP Latino America I,Fondo de Capital Privado Colombia,COP,N/A,NACIONAL,R VARIABLE,VARIABLE,R VARIABLE
US715638AP79,EM BONDS,USD,TASA FIJA,INTERNACIONAL,R FIJA,TASA FIJA,R FIJA
US0594603039,Acciones Colombia,BRL,N/A,NACIONAL,R VARIABLE,VARIABLE,R VARIABLE
Fondo de Capital Privado Hidrocarburos de Colombia,Fondo de Capital Privado Colombia,COP,N/A,NACIONAL,R VARIABLE,VARIABLE,R VARIABLE
Southern Cross LT Private Equi,Fondo de Capital Privado,USD,N/A,INTERNACIONAL,R VARIABLE,VARIABLE,R VARIABLE
Fondo de Infraestructura II GS,Fondo de Capital Privado,USD,N/A,INTERNACIONAL,R VARIABLE,VARIABLE,R VARIABLE
FKP Southern Cross,Fondo de Capital Privado,USD,N/A,INTERNACIONAL,R VARIABLE,VARIABLE,R VARIABLE
FCP LAPEF LAT,Fondo de Capital Privado,USD,N/A,INTERNACIONAL,R VARIABLE,VARIABLE,R VARIABLE
SOUTHERN CROSS LATIN AMERICA P,Fondo de Capital Privado,USD,N/A,INTERNACIONAL,R VARIABLE,VARIABLE,R VARIABLE
FONDO DE CAPITAL PRIVADO HIDRO,Fondo de Capital Privado Colombia,COP,N/A,NACIONAL,R VARIABLE,VARIABLE,R VARIABLE
BCLP1109A,Inflacion-CORPORATIVO LOCAL,COP,IPC,NACIONAL,R FIJA,INFLACIÓN,R FIJA
BBCR1109B84,Inflacion-CORPORATIVO LOCAL,COP,IPC,NACIONAL,R FIJA,INFLACIÓN,R FIJA
fcp Fondo Energetico Andino,Fondo de Capital Privado Colombia,COP,N/A,NACIONAL,R VARIABLE,VARIABLE,R VARIABLE
Southern Cross Latin America Private Equity Fund,Fondo de Capital Privado,USD,N/A,INTERNACIONAL,R VARIABLE,VARIABLE,R VARIABLE
LU0360484686,Fondo Mutuo o Fondo Indice,USD,N/A,INTERNACIONAL,R VARIABLE,VARIABLE,R VARIABLE
US4642868305,Fondo Mutuo o Fondo Indice,USD,N/A,INTERNACIONAL,R VARIABLE,VARIABLE,R VARIABLE
US715638AU64,EM BONDS,USD,TASA FIJA,INTERNACIONAL,R FIJA,TASA FIJA,R FIJA
US91086QAV05,EM BONDS,USD,TASA FIJA,INTERNACIONAL,R FIJA,TASA FIJA,R FIJA
Fondo de Capital Privado FINTRA,Fondo de Capital Privado Colombia,COP,N/A,NACIONAL,R VARIABLE,VARIABLE,R VARIABLE
LU0219454633,Fondo Mutuo o Fondo Indice,USD,N/A,INTERNACIONAL,R VARIABLE,VARIABLE,R VARIABLE
LU0230918954,Fondo Mutuo o Fondo Indice,USD,N/A,INTERNACIONAL,R VARIABLE,VARIABLE,R VARIABLE
LU0042381250,Fondo Mutuo o Fondo Indice,USD,N/A,INTERNACIONAL,R VARIABLE,VARIABLE,R VARIABLE
LU0554840079,Fondo Mutuo o Fondo Indice,USD,N/A,INTERNACIONAL,R VARIABLE,VARIABLE,R VARIABLE
BISG1099A7,Inflacion-CORPORATIVO LOCAL,COP,IPC,NACIONAL,R FIJA,INFLACIÓN,R FIJA
US912828PC88,TREASURIES-MULTILATERALES-AGENCIAS,USD,TASA FIJA,INTERNACIONAL,R FIJA,TASA FIJA,R FIJA
CONCONCRET,Acciones Colombia,COP,N/A,NACIONAL,R VARIABLE,VARIABLE,R VARIABLE
US4655621062,Acciones Colombia,USD,N/A,NACIONAL,R VARIABLE,VARIABLE,R VARIABLE
US64966JAL08,TREASURIES-MULTILATERALES-AGENCIAS,USD,TASA FIJA,INTERNACIONAL,R FIJA,TASA FIJA,R FIJA
Fondo de Capital Privado Tribeca Homecare Fund I,Fondo de Capital Privado Colombia,COP,N/A,NACIONAL,R VARIABLE,VARIABLE,R VARIABLE
INVESTEC GLOBAL ENERGY FUND I,Fondo Mutuo o Fondo Indice,USD,N/A,INTERNACIONAL,R VARIABLE,VARIABLE,R VARIABLE
SFTI0110SA,CORPORATIVO LOCAL,COP,TASA FIJA,NACIONAL,R FIJA,TASA FIJA,R FIJA
BECO01109A5,Inflacion-CORPORATIVO LOCAL,COP,IPC,NACIONAL,R FIJA,INFLACIÓN,R FIJA
Fondo de Capital Privado Teka Colombia I,Fondo de Capital Privado Colombia,COP,N/A,NACIONAL,R VARIABLE,VARIABLE,R VARIABLE
Fondo Blackstone Capital Partners VI,Fondo de Capital Privado,USD,N/A,INTERNACIONAL,R VARIABLE,VARIABLE,R VARIABLE
USP2205JAE03,EM CORPORATIVOS,USD,TASA FIJA,INTERNACIONAL,R FIJA,TASA FIJA,R FIJA
USP9379RAB35,TES GLOBAL,COP,TASA FIJA,NACIONAL,R FIJA,TASA FIJA,R FIJA
PIMCO Commodity Real Return Strat Instl,Fondo Mutuo o Fondo Indice,USD,N/A,INTERNACIONAL,R VARIABLE,VARIABLE,R VARIABLE
ISHARES S&P LATIN AMERICAN 40 INDEX FUND,Fondo Mutuo o Fondo Indice,USD,N/A,INTERNACIONAL,R VARIABLE,VARIABLE,R VARIABLE
LU0109391861,Fondo Mutuo o Fondo Indice,USD,N/A,INTERNACIONAL,R VARIABLE,VARIABLE,R VARIABLE
US91912E1055,Acciones Internacionales,USD,N/A,INTERNACIONAL,R VARIABLE,VARIABLE,R VARIABLE
BDVI01109C7,Inflacion-CORPORATIVO LOCAL,COP,IPC,NACIONAL,R FIJA,INFLACIÓN,R FIJA
US4642867075,Fondo Mutuo o Fondo Indice,USD,N/A,INTERNACIONAL,R VARIABLE,VARIABLE,R VARIABLE
FED5 Fdo CapPriv Pomona,Fondo de Capital Privado,USD,N/A,INTERNACIONAL,R VARIABLE,VARIABLE,R VARIABLE
BEEP01109C20,Inflacion-CORPORATIVO LOCAL,COP,IPC,NACIONAL,R FIJA,INFLACIÓN,R FIJA
Robeco US Premium EQ,Fondo Mutuo o Fondo Indice,USD,N/A,INTERNACIONAL,R VARIABLE,VARIABLE,R VARIABLE
LU0523222270,Fondo Mutuo o Fondo Indice,USD,N/A,INTERNACIONAL,R VARIABLE,VARIABLE,R VARIABLE
LU0181996454,Fondo Mutuo o Fondo Indice,USD,N/A,INTERNACIONAL,R VARIABLE,VARIABLE,R VARIABLE
Fondo de Capital Privado Corredores Capital I,Fondo de Capital Privado Colombia,COP,N/A,NACIONAL,R VARIABLE,VARIABLE,R VARIABLE
BLACKSTONE CAPITAL PARTNERS IV,Fondo de Capital Privado,USD,N/A,INTERNACIONAL,R VARIABLE,VARIABLE,R VARIABLE
LU0140637140,Fondo Mutuo o Fondo Indice,USD,N/A,INTERNACIONAL,R VARIABLE,VARIABLE,R VARIABLE
US7220056672,Fondo Mutuo o Fondo Indice,USD,N/A,INTERNACIONAL,R VARIABLE,VARIABLE,R VARIABLE
ADMINISTRADORA DE INVERSIÓN TRIBECAPITAL PARTNERS,Fondo de Capital Privado Colombia,COP,N/A,NACIONAL,R VARIABLE,VARIABLE,R VARIABLE
Alianza Konfigura Activos Alternativos II,Fondo de Capital Privado Colombia,COP,N/A,NACIONAL,R VARIABLE,VARIABLE,R VARIABLE
ALTRA Fondo de Capital Privado FCP,Fondo de Capital Privado Colombia,COP,N/A,NACIONAL,R VARIABLE,VARIABLE,R VARIABLE
Aureos Fondo de Capital Privado,Fondo de Capital Privado Colombia,COP,N/A,NACIONAL,R VARIABLE,VARIABLE,R VARIABLE
F.C.E.C. Hidrocarburos C.T Fiducolombia,Fondo de Capital Privado Colombia,COP,N/A,NACIONAL,R VARIABLE,VARIABLE,R VARIABLE
FCP ND Infrastructure Fund I,Fondo de Capital Privado Colombia,COP,N/A,NACIONAL,R VARIABLE,VARIABLE,R VARIABLE
FONDO DE CAPITAL PRIVADO BROOKFIELD (ALIANZA FIDUC,Fondo de Capital Privado Colombia,COP,N/A,NACIONAL,R VARIABLE,VARIABLE,R VARIABLE
Fondo de Capital Privado de Cine Hispanoamericano,Fondo de Capital Privado Colombia,COP,N/A,NACIONAL,R VARIABLE,VARIABLE,R VARIABLE
Fondo de Capital Privado Interbolsa Energético,Fondo de Capital Privado Colombia,COP,N/A,NACIONAL,R VARIABLE,VARIABLE,R VARIABLE
Fondo de Capital Privado Terminal de Carga El Dora,Fondo de Capital Privado Colombia,COP,N/A,NACIONAL,R VARIABLE,VARIABLE,R VARIABLE
Morgan Stanley Infrastructure partners LP,Fondo de Capital Privado,USD,N/A,INTERNACIONAL,R VARIABLE,VARIABLE,R VARIABLE
Morgan Stanley Global Secondary Opportunities Fund,Fondo de Capital Privado,USD,N/A,INTERNACIONAL,R VARIABLE,VARIABLE,R VARIABLE
NB Crossroads 2010 Fund - Asset Allocation (Cayman,Fondo de Capital Privado,USD,N/A,INTERNACIONAL,R VARIABLE,VARIABLE,R VARIABLE
Partners Group Secondary L.P.,Fondo de Capital Privado,EUR,N/A,INTERNACIONAL,R VARIABLE,VARIABLE,R VARIABLE
FCP BIBA Inversiones Corporativas Compartimento JA,Fondo de Capital Privado Colombia,COP,N/A,NACIONAL,R VARIABLE,VARIABLE,R VARIABLE
FCP FONDO DE INFRAESTRUCTURA COLOMBIA ASHMORE I,Fondo de Capital Privado Colombia,COP,N/A,NACIONAL,R VARIABLE,VARIABLE,R VARIABLE
FCP TEKA COLOMBIA I COMPARTIMENTO LP,Fondo de Capital Privado Colombia,COP,N/A,NACIONAL,R VARIABLE,VARIABLE,R VARIABLE
FCP TRG LA I,Fondo de Capital Privado Colombia,COP,N/A,NACIONAL,R VARIABLE,VARIABLE,R VARIABLE
FCP Tribeca Homecare,Fondo de Capital Privado Colombia,COP,N/A,NACIONAL,R VARIABLE,VARIABLE,R VARIABLE
FCP-val Termotasajero,Fondo de Capital Privado Colombia,COP,N/A,NACIONAL,R VARIABLE,VARIABLE,R VARIABLE
FIDUCIARIA COLOMBIANA DE COMER,Fondo de Capital Privado Colombia,COP,N/A,NACIONAL,R VARIABLE,VARIABLE,R VARIABLE
Fondo Capital Privado FINTRA,Fondo de Capital Privado Colombia,COP,N/A,NACIONAL,R VARIABLE,VARIABLE,R VARIABLE
FONDO DE CAPITAL PRIVADO ALIANZA KONFIGURA ACTIVOS,Fondo de Capital Privado Colombia,COP,N/A,NACIONAL,R VARIABLE,VARIABLE,R VARIABLE
Fondo de Capital Privado Altra,Fondo de Capital Privado Colombia,COP,N/A,NACIONAL,R VARIABLE,VARIABLE,R VARIABLE
Fondo de Capital Privado Aureos Colombia,Fondo de Capital Privado Colombia,COP,N/A,NACIONAL,R VARIABLE,VARIABLE,R VARIABLE
Fondo de Capital Privado Cine,Fondo de Capital Privado Colombia,COP,N/A,NACIONAL,R VARIABLE,VARIABLE,R VARIABLE
Fondo de Capital Privado Cine Hispanoamericano I,Fondo de Capital Privado Colombia,COP,N/A,NACIONAL,R VARIABLE,VARIABLE,R VARIABLE
FONDO DE CAPITAL PRIVADO CP-VAL,Fondo de Capital Privado Colombia,COP,N/A,NACIONAL,R VARIABLE,VARIABLE,R VARIABLE
Fondo de Capital Privado de Infraestructura Brookf,Fondo de Capital Privado Colombia,COP,N/A,NACIONAL,R VARIABLE,VARIABLE,R VARIABLE
Fondo de Capital Privado ND Infrastructure Fund I,Fondo de Capital Privado Colombia,COP,N/A,NACIONAL,R VARIABLE,VARIABLE,R VARIABLE
Fondo de Capital Privado Ruta del Sol,Fondo de Capital Privado Colombia,COP,N/A,NACIONAL,R VARIABLE,VARIABLE,R VARIABLE
Fondo de Capital Privado Teka,Fondo de Capital Privado Colombia,COP,N/A,NACIONAL,R VARIABLE,VARIABLE,R VARIABLE
FONDO DE CAPITAL PRIVADO TRIBE,Fondo de Capital Privado Colombia,COP,N/A,NACIONAL,R VARIABLE,VARIABLE,R VARIABLE
Fondo de Capital Privado Trib,Fondo de Capital Privado Colombia,COP,N/A,NACIONAL,R VARIABLE,VARIABLE,R VARIABLE
Fondo de Capital Privado Tribeca Fund I,Fondo de Capital Privado Colombia,COP,N/A,NACIONAL,R VARIABLE,VARIABLE,R VARIABLE
FONDO DE CAPITAL PRIVADO TRIBECA FUND I FCP,Fondo de Capital Privado Colombia,COP,N/A,NACIONAL,R VARIABLE,VARIABLE,R VARIABLE
Fondo de Inversión Forestal de Colombia,Fondo de Capital Privado Colombia,COP,N/A,NACIONAL,R VARIABLE,VARIABLE,R VARIABLE
FONDO DE VALORES CORREVAL,Fondo de Capital Privado Colombia,COP,N/A,NACIONAL,R VARIABLE,VARIABLE,R VARIABLE
SEAFCOLOMBIA S.A. SOCIEDAD ADMINISTRADORA DE INVER,Fondo de Capital Privado Colombia,COP,N/A,NACIONAL,R VARIABLE,VARIABLE,R VARIABLE
Blackstone Capital Partners VI,Fondo de Capital Privado,USD,N/A,INTERNACIONAL,R VARIABLE,VARIABLE,R VARIABLE
Blackstone Capital Partners VI L.P.,Fondo de Capital Privado,USD,N/A,INTERNACIONAL,R VARIABLE,VARIABLE,R VARIABLE
FCP Southern Cross Latin America Private Equity Fu,Fondo de Capital Privado,USD,N/A,INTERNACIONAL,R VARIABLE,VARIABLE,R VARIABLE
FONDO DE CAPITAL PRIVADO MORGAN STANLEY INFRASTRUC,Fondo de Capital Privado,USD,N/A,INTERNACIONAL,R VARIABLE,VARIABLE,R VARIABLE
FONDO DE CAPITAL PRIVADO MORGAN STANLEY PMF IV FUN,Fondo de Capital Privado,USD,N/A,INTERNACIONAL,R VARIABLE,VARIABLE,R VARIABLE
HARBOURVEST,Fondo de Capital Privado,EUR,N/A,INTERNACIONAL,R VARIABLE,VARIABLE,R VARIABLE
LEXINGTON CAPITAL PARTNERS VII,Fondo de Capital Privado,USD,N/A,INTERNACIONAL,R VARIABLE,VARIABLE,R VARIABLE
MORGAN STANLEY & CO INCORPORAT,Fondo de Capital Privado,USD,N/A,INTERNACIONAL,R VARIABLE,VARIABLE,R VARIABLE
Morgan Stanley Funds,Fondo de Capital Privado,USD,N/A,INTERNACIONAL,R VARIABLE,VARIABLE,R VARIABLE
Morgan Stanley Infrastructure,Fondo de Capital Privado,USD,N/A,INTERNACIONAL,R VARIABLE,VARIABLE,R VARIABLE
BSP7914K1083,Acciones Colombia,COP,N/A,NACIONAL,R VARIABLE,VARIABLE,R VARIABLE
COT05PA00017,Acciones Colombia,COP,N/A,NACIONAL,R VARIABLE,VARIABLE,R VARIABLE
SIE,Acciones Colombia,COP,N/A,NACIONAL,R VARIABLE,VARIABLE,R VARIABLE
US71654V1017,Acciones Colombia,USD,N/A,NACIONAL,R VARIABLE,VARIABLE,R VARIABLE
FCP ALAT,Fondo de Capital Privado,USD,N/A,INTERNACIONAL,R VARIABLE,VARIABLE,R VARIABLE
NB CROSSROADS 2010 FUND-CAYMAN,Fondo de Capital Privado,USD,N/A,INTERNACIONAL,R VARIABLE,VARIABLE,R VARIABLE
BCBC01099A7,Inflacion-CORPORATIVO LOCAL,COP,IPC,NACIONAL,R FIJA,INFLACIÓN,R FIJA
BBGA1109B84,Inflacion-CORPORATIVO LOCAL,COP,IPC,NACIONAL,R FIJA,INFLACIÓN,R FIJA
BDVI01119C84,Inflacion-CORPORATIVO LOCAL,COP,IPC,NACIONAL,R FIJA,INFLACIÓN,R FIJA
BDVI01119C12,Inflacion-CORPORATIVO LOCAL,COP,IPC,NACIONAL,R FIJA,INFLACIÓN,R FIJA
US4642867802,Fondo Mutuo o Fondo Indice,USD,N/A,INTERNACIONAL,R VARIABLE,VARIABLE,R VARIABLE
US4642876480,Fondo Mutuo o Fondo Indice,USD,N/A,INTERNACIONAL,R VARIABLE,VARIABLE,R VARIABLE
US4642878619,Fondo Mutuo o Fondo Indice,USD,N/A,INTERNACIONAL,R VARIABLE,VARIABLE,R VARIABLE
US57060U6055,Fondo Mutuo o Fondo Indice,USD,N/A,INTERNACIONAL,R VARIABLE,VARIABLE,R VARIABLE
US73935S1050,Fondo Mutuo o Fondo Indice,USD,N/A,INTERNACIONAL,R VARIABLE,VARIABLE,R VARIABLE
US4642898427,Fondo Mutuo o Fondo Indice,USD,N/A,INTERNACIONAL,R VARIABLE,VARIABLE,R VARIABLE
LU0360482631,Fondo Mutuo o Fondo Indice,EUR,N/A,INTERNACIONAL,R VARIABLE,VARIABLE,R VARIABLE
LU0554840073,Fondo Mutuo o Fondo Indice,USD,N/A,INTERNACIONAL,R VARIABLE,VARIABLE,R VARIABLE
LU0106243982,Fondo Mutuo o Fondo Indice,JPY,N/A,INTERNACIONAL,R VARIABLE,VARIABLE,R VARIABLE
COT08PT00011,Titularización Inmobiliaria,COP,N/A,NACIONAL,R VARIABLE,VARIABLE,R VARIABLE
COT08PT00029,Titularización Inmobiliaria,COP,N/A,NACIONAL,R VARIABLE,VARIABLE,R VARIABLE
COT08PT00078,Titularización Inmobiliaria,COP,N/A,NACIONAL,R VARIABLE,VARIABLE,R VARIABLE
COT08PT00086,Titularización Inmobiliaria,COP,N/A,NACIONAL,R VARIABLE,VARIABLE,R VARIABLE
COT08PT00110,Titularización Inmobiliaria,COP,N/A,NACIONAL,R VARIABLE,VARIABLE,R VARIABLE
COT08PT00136,Titularización Inmobiliaria,COP,N/A,NACIONAL,R VARIABLE,VARIABLE,R VARIABLE
COV26PT00019,Titularización Inmobiliaria,COP,N/A,NACIONAL,R VARIABLE,VARIABLE,R VARIABLE
NUTRESA,Acciones Colombia,COP,N/A,NACIONAL,R VARIABLE,VARIABLE,R VARIABLE
FondodeCapitalPrivadoTrib,Fondo de Capital Privado Colombia,COP,N/A,NACIONAL,R VARIABLE,VARIABLE,R VARIABLE
CarteraColecFdoInversFores,Fondo de Capital Privado Colombia,COP,N/A,NACIONAL,R VARIABLE,VARIABLE,R VARIABLE
FCPBrookfieldColombia,Fondo de Capital Privado Colombia,COP,N/A,NACIONAL,R VARIABLE,VARIABLE,R VARIABLE
fcpFondoEnergeticoAndino,Fondo de Capital Privado Colombia,COP,N/A,NACIONAL,R VARIABLE,VARIABLE,R VARIABLE
FCPInfrastructure,Fondo de Capital Privado Colombia,COP,N/A,NACIONAL,R VARIABLE,VARIABLE,R VARIABLE
FCPInterbolsaEnergetico,Fondo de Capital Privado Colombia,COP,N/A,NACIONAL,R VARIABLE,VARIABLE,R VARIABLE
FCPKandeoFundI,Fondo de Capital Privado Colombia,COP,N/A,NACIONAL,R VARIABLE,VARIABLE,R VARIABLE
FCPTerminaldeCargaElDorad,Fondo de Capital Privado Colombia,COP,N/A,NACIONAL,R VARIABLE,VARIABLE,R VARIABLE
FCPTRGLAI,Fondo de Capital Privado Colombia,COP,N/A,NACIONAL,R VARIABLE,VARIABLE,R VARIABLE
FCPTribecaHomecare,Fondo de Capital Privado Colombia,COP,N/A,NACIONAL,R VARIABLE,VARIABLE,R VARIABLE
FONDO DE CAPITAL PRIVADO KANDEO FUND I (COLOMBIA),Fondo de Capital Privado Colombia,COP,N/A,NACIONAL,R VARIABLE,VARIABLE,R VARIABLE
FondodeCapitalPrivadoAltra,Fondo de Capital Privado Colombia,COP,N/A,NACIONAL,R VARIABLE,VARIABLE,R VARIABLE
FondodeCapitalPrivadoCine,Fondo de Capital Privado Colombia,COP,N/A,NACIONAL,R VARIABLE,VARIABLE,R VARIABLE
FondodeCapitalPrivadoHidro,Fondo de Capital Privado Colombia,COP,N/A,NACIONAL,R VARIABLE,VARIABLE,R VARIABLE
Kandeo Fund I Colombia,Fondo de Capital Privado Colombia,COP,N/A,NACIONAL,R VARIABLE,VARIABLE,R VARIABLE
BlackstoneCapitalPartnersVI,Fondo de Capital Privado,USD,N/A,INTERNACIONAL,R VARIABLE,VARIABLE,R VARIABLE
LEXINGTONCAPITALPARTNERSVII,Fondo de Capital Privado,USD,N/A,INTERNACIONAL,R VARIABLE,VARIABLE,R VARIABLE
MorganStanleyInfrastructure,Fondo de Capital Privado,USD,N/A,INTERNACIONAL,R VARIABLE,VARIABLE,R VARIABLE
PartnersGroupSecondary,Fondo de Capital Privado,USD,N/A,INTERNACIONAL,R VARIABLE,VARIABLE,R VARIABLE
SouthernCrossLTPrivateEqui,Fondo de Capital Privado,USD,N/A,INTERNACIONAL,R VARIABLE,VARIABLE,R VARIABLE
ThePrivateEquitySecondaryM,Fondo de Capital Privado,USD,N/A,INTERNACIONAL,R VARIABLE,VARIABLE,R VARIABLE
GB00B15KYH63,Fondo Mutuo o Fondo Indice,USD,N/A,INTERNACIONAL,R VARIABLE,VARIABLE,R VARIABLE
US4642866572,Fondo Mutuo o Fondo Indice,USD,N/A,INTERNACIONAL,R VARIABLE,VARIABLE,R VARIABLE
US57060U6139,Fondo Mutuo o Fondo Indice,USD,N/A,INTERNACIONAL,R VARIABLE,VARIABLE,R VARIABLE
Fondo de Capital Privado Interbolsa Energetico,Fondo de Capital Privado Colombia,COP,N/A,NACIONAL,R VARIABLE,VARIABLE,R VARIABLE
ADMINISTRADORA DE INVERSION TRIBECAPITAL PARTNERS,Fondo de Capital Privado Colombia,COP,N/A,NACIONAL,R VARIABLE,VARIABLE,R VARIABLE
FONDO DE CAPITAL PRIVADO MAS COLOMBIA - LATAM,Fondo de Capital Privado Colombia,COP,N/A,NACIONAL,R VARIABLE,VARIABLE,R VARIABLE
FCP Kandeo Fund I,Fondo de Capital Privado Colombia,COP,N/A,NACIONAL,R VARIABLE,VARIABLE,R VARIABLE
Fondo de Capital Privado MAS COLOMBIA-LATAM (FKMC,Fondo de Capital Privado Colombia,COP,N/A,NACIONAL,R VARIABLE,VARIABLE,R VARIABLE
DEPVENZD,MONEY MARKET,USD,N/A,INTERNACIONAL,CAJA,VARIABLE,CAJA
DEPVENOK,MONEY MARKET,USD,N/A,INTERNACIONAL,CAJA,VARIABLE,CAJA
PFAVAL,Acciones Colombia,COP,N/A,NACIONAL,R VARIABLE,VARIABLE,R VARIABLE
US1729674242,Acciones Internacionales,USD,N/A,INTERNACIONAL,R VARIABLE,VARIABLE,R VARIABLE
CA6940711014,Acciones Internacionales,CAD,N/A,INTERNACIONAL,R VARIABLE,VARIABLE,R VARIABLE
PFAVTA,Acciones Colombia,COP,N/A,NACIONAL,R VARIABLE,VARIABLE,R VARIABLE
USG42036AA42,EM CORPORATIVOS,USD,TASA FIJA,INTERNACIONAL,R FIJA,TASA FIJA,R FIJA
GB00B15KYG56,Fondo Mutuo o Fondo Indice,USD,N/A,INTERNACIONAL,R VARIABLE,VARIABLE,R VARIABLE
FCP PARTNERS GROUP EUROPEAN SMALL AND MID-CAP BUYO,Fondo de Capital Privado,EUR,N/A,INTERNACIONAL,R VARIABLE,VARIABLE,R VARIABLE
IE00B0M63953,Fondo Mutuo o Fondo Indice,USD,N/A,INTERNACIONAL,R VARIABLE,VARIABLE,R VARIABLE
US4642876555,Fondo Mutuo o Fondo Indice,USD,N/A,INTERNACIONAL,R VARIABLE,VARIABLE,R VARIABLE
US57060U5065,Fondo Mutuo o Fondo Indice,USD,N/A,INTERNACIONAL,R VARIABLE,VARIABLE,R VARIABLE
US4642866408,Fondo Mutuo o Fondo Indice,USD,N/A,INTERNACIONAL,R VARIABLE,VARIABLE,R VARIABLE
US4642867315,Fondo Mutuo o Fondo Indice,USD,N/A,INTERNACIONAL,R VARIABLE,VARIABLE,R VARIABLE
USP1329PAW97,EM CORPORATIVOS,USD,TASA FIJA,INTERNACIONAL,R FIJA,TASA FIJA,R FIJA
US195325BN40,EM BONDS,USD,TASA FIJA,INTERNACIONAL,R FIJA,TASA FIJA,R FIJA
TEMPLETON ASIAN GROWTH FUND,Fondo Mutuo o Fondo Indice,USD,N/A,INTERNACIONAL,R VARIABLE,VARIABLE,R VARIABLE
AB GLOBAL THEMATIC RESEARCH PORTFOLIO,Fondo Mutuo o Fondo Indice,USD,N/A,INTERNACIONAL,R VARIABLE,VARIABLE,R VARIABLE
FABRICATO,Acciones Colombia,COP,N/A,NACIONAL,R VARIABLE,VARIABLE,R VARIABLE
SDPFCORFIC,Acciones Colombia,COP,N/A,NACIONAL,R VARIABLE,VARIABLE,R VARIABLE
BRTRPLACNPR1,Acciones Colombia,BRL,N/A,NACIONAL,R VARIABLE,VARIABLE,R VARIABLE
BSIS1099C10,Inflacion-CORPORATIVO LOCAL,COP,IPC,NACIONAL,R FIJA,INFLACIÓN,R FIJA
BBCB02109D10,Inflacion-CORPORATIVO LOCAL,COP,IPC,NACIONAL,R FIJA,INFLACIÓN,R FIJA
ICOLCAP,Acciones Colombia,COP,N/A,NACIONAL,R VARIABLE,VARIABLE,R VARIABLE
LU0252966055,Fondo Mutuo o Fondo Indice,EUR,N/A,INTERNACIONAL,R VARIABLE,VARIABLE,R VARIABLE
LU0106820292,Fondo Mutuo o Fondo Indice,EUR,N/A,INTERNACIONAL,R VARIABLE,VARIABLE,R VARIABLE
BEPM01109A12,Inflacion-CORPORATIVO LOCAL,COP,IPC,NACIONAL,R FIJA,INFLACIÓN,R FIJA
PATRIMONIO AUTONOMO ESTRATEGIAS INMOBILIARIAS,Titularización Inmobiliaria,COP,N/A,NACIONAL,R VARIABLE,VARIABLE,R VARIABLE
Interenergy,Fondo de Capital Privado,USD,N/A,INTERNACIONAL,R VARIABLE,VARIABLE,R VARIABLE
Hamilton Lane PE Fund VII,Fondo de Capital Privado,USD,N/A,INTERNACIONAL,R VARIABLE,VARIABLE,R VARIABLE
FCP SOUHERN CROSS LATIN AMERICA PRIVATE EQUITY FUN,Fondo de Capital Privado,USD,N/A,INTERNACIONAL,R VARIABLE,VARIABLE,R VARIABLE
COT13PA00011,Acciones Colombia,COP,N/A,NACIONAL,R VARIABLE,VARIABLE,R VARIABLE
BDVI02119C90,Inflacion-CORPORATIVO LOCAL,COP,IPC,NACIONAL,R FIJA,INFLACIÓN,R FIJA
BBCR3119B60,Inflacion-CORPORATIVO LOCAL,COP,IPC,NACIONAL,R FIJA,INFLACIÓN,R FIJA
BFAN02119C60,Inflacion-CORPORATIVO LOCAL,COP,IPC,NACIONAL,R FIJA,INFLACIÓN,R FIJA
BBCR3117C84,Inflacion-CORPORATIVO LOCAL,UVR,TASA FIJA,NACIONAL,R FIJA,INFLACIÓN,R FIJA
US74347R1077,Fondo Mutuo o Fondo Indice,USD,N/A,INTERNACIONAL,R VARIABLE,VARIABLE,R VARIABLE
US78464A7303,Fondo Mutuo o Fondo Indice,USD,N/A,INTERNACIONAL,R VARIABLE,VARIABLE,R VARIABLE
LU0360482987,Fondo Mutuo o Fondo Indice,USD,N/A,INTERNACIONAL,R VARIABLE,VARIABLE,R VARIABLE
US2332034212,Fondo Mutuo o Fondo Indice,USD,N/A,INTERNACIONAL,R VARIABLE,VARIABLE,R VARIABLE
LU0462791079,Fondo Mutuo o Fondo Indice,USD,N/A,INTERNACIONAL,R VARIABLE,VARIABLE,R VARIABLE
LU0159005122,Fondo Mutuo o Fondo Indice,EUR,N/A,INTERNACIONAL,R VARIABLE,VARIABLE,R VARIABLE
PMGC,Acciones Colombia,COP,N/A,NACIONAL,R VARIABLE,VARIABLE,R VARIABLE
USP09646AD58,EM CORPORATIVOS,USD,TASA FIJA,INTERNACIONAL,R FIJA,TASA FIJA,R FIJA
BLGC0211SA5,CORPORATIVO LOCAL,COP,TASA FIJA,NACIONAL,R FIJA,TASA FIJA,R FIJA
BFAL01119G60,Inflacion-CORPORATIVO LOCAL,COP,IPC,NACIONAL,R FIJA,INFLACIÓN,R FIJA
BBOC03119B7,Inflacion-CORPORATIVO LOCAL,COP,IPC,NACIONAL,R FIJA,INFLACIÓN,R FIJA
BBGA01119G84,Inflacion-CORPORATIVO LOCAL,COP,IPC,NACIONAL,R FIJA,INFLACIÓN,R FIJA
FONDO DE CAPITAL PRIVADO TRG L,Fondo de Capital Privado Colombia,COP,N/A,NACIONAL,R VARIABLE,VARIABLE,R VARIABLE
"CARLYLE U.S. EQUITY OPPORTUNITY FUND, L.P",Fondo de Capital Privado,USD,N/A,INTERNACIONAL,R VARIABLE,VARIABLE,R VARIABLE
"ROBECO SAM CLEAN TECH III GENERAL PARTNER, LLC",Fondo de Capital Privado,USD,N/A,INTERNACIONAL,R VARIABLE,VARIABLE,R VARIABLE
US4642875565,Fondo Mutuo o Fondo Indice,USD,N/A,INTERNACIONAL,R VARIABLE,VARIABLE,R VARIABLE
US91232N1081,Fondo Mutuo o Fondo Indice,USD,N/A,INTERNACIONAL,R VARIABLE,VARIABLE,R VARIABLE
LU0159004745,Fondo Mutuo o Fondo Indice,EUR,N/A,INTERNACIONAL,R VARIABLE,VARIABLE,R VARIABLE
US4642878387,Fondo Mutuo o Fondo Indice,USD,N/A,INTERNACIONAL,R VARIABLE,VARIABLE,R VARIABLE
US4642878460,Fondo Mutuo o Fondo Indice,USD,N/A,INTERNACIONAL,R VARIABLE,VARIABLE,R VARIABLE
COTCDPT00001,Fondo de Capital Privado Colombia,COP,N/A,NACIONAL,R VARIABLE,VARIABLE,R VARIABLE
BBGA01119G12,Inflacion-CORPORATIVO LOCAL,COP,IPC,NACIONAL,R FIJA,INFLACIÓN,R FIJA
FR0010527929,Fondo Mutuo o Fondo Indice,USD,N/A,INTERNACIONAL,R VARIABLE,VARIABLE,R VARIABLE
BEPT01119A12,Inflacion-CORPORATIVO LOCAL,COP,IPC,NACIONAL,R FIJA,INFLACIÓN,R FIJA
BEPT01119A5,Inflacion-CORPORATIVO LOCAL,COP,IPC,NACIONAL,R FIJA,INFLACIÓN,R FIJA
BCLP02119FS,Inflacion-CORPORATIVO LOCAL,COP,IPC,NACIONAL,R FIJA,INFLACIÓN,R FIJA
BBCB03119D8,Inflacion-CORPORATIVO LOCAL,COP,IPC,NACIONAL,R FIJA,INFLACIÓN,R FIJA
LU0565011698,Fondo Mutuo o Fondo Indice,USD,N/A,INTERNACIONAL,R VARIABLE,VARIABLE,R VARIABLE
INST10171121,CORPORATIVO LOCAL,COP,TASA FIJA,NACIONAL,R FIJA,TASA FIJA,R FIJA
PFGRUPSURA,Acciones Colombia,COP,N/A,NACIONAL,R VARIABLE,VARIABLE,R VARIABLE
USP09252AB63,EM CORPORATIVOS,USD,TASA FIJA,INTERNACIONAL,R FIJA,TASA FIJA,R FIJA
Morgan Stanley Opportunistic Mortgage Income Fund,Fondo de Capital Privado,USD,N/A,INTERNACIONAL,R VARIABLE,VARIABLE,R VARIABLE
"Robeco SAM Secondary Fund III, L.P",Fondo de Capital Privado,USD,N/A,INTERNACIONAL,R VARIABLE,VARIABLE,R VARIABLE
US05947LAN82,EM CORPORATIVOS,USD,TASA FIJA,INTERNACIONAL,R FIJA,TASA FIJA,R FIJA
MORGAN STANLEY PRIVATE MARKETS FUND V CAYMAN LP,Fondo de Capital Privado,USD,N/A,INTERNACIONAL,R VARIABLE,VARIABLE,R VARIABLE
The Vanguard Group - Institutional Index Fund,Fondo Mutuo o Fondo Indice,USD,N/A,INTERNACIONAL,R VARIABLE,VARIABLE,R VARIABLE
US4642888519,Fondo Mutuo o Fondo Indice,USD,N/A,INTERNACIONAL,R VARIABLE,VARIABLE,R VARIABLE
US46556MAE21,EM CORPORATIVOS,USD,TASA FIJA,INTERNACIONAL,R FIJA,TASA FIJA,R FIJA
US71645WAR25,EM CORPORATIVOS,USD,TASA FIJA,INTERNACIONAL,R FIJA,TASA FIJA,R FIJA
BCLP03129FS,Inflacion-CORPORATIVO LOCAL,COP,IPC,NACIONAL,R FIJA,INFLACIÓN,R FIJA
FCP MORGAN STANLEY OPPORTUNISTIC MORTGAGE INCOME F,Fondo de Capital Privado,USD,N/A,INTERNACIONAL,R VARIABLE,VARIABLE,R VARIABLE
FCP NB STRATEGIC CO-INVESTMENT CAYMAN PARTNERS II,Fondo de Capital Privado,USD,N/A,INTERNACIONAL,R VARIABLE,VARIABLE,R VARIABLE
LU0132412106,Fondo Mutuo o Fondo Indice,USD,N/A,INTERNACIONAL,R VARIABLE,VARIABLE,R VARIABLE
INST10220222,CORPORATIVO LOCAL,COP,TASA FIJA,NACIONAL,R FIJA,TASA FIJA,R FIJA
US46556MAF95,EM CORPORATIVOS,USD,TASA FIJA,INTERNACIONAL,R FIJA,TASA FIJA,R FIJA
COJ49CB00137,Fondo de Capital Privado Colombia,COP,N/A,NACIONAL,R VARIABLE,VARIABLE,R VARIABLE
COB07CB00272,Fondo de Capital Privado Colombia,COP,N/A,NACIONAL,R VARIABLE,VARIABLE,R VARIABLE
COE18CB00075,Fondo de Capital Privado Colombia,COP,N/A,NACIONAL,R VARIABLE,VARIABLE,R VARIABLE
COE18CB00026,Fondo de Capital Privado Colombia,COP,N/A,NACIONAL,R VARIABLE,VARIABLE,R VARIABLE
COB51CB00148,Fondo de Capital Privado Colombia,COP,N/A,NACIONAL,R VARIABLE,VARIABLE,R VARIABLE
COE09CB00033,Fondo de Capital Privado Colombia,COP,N/A,NACIONAL,R VARIABLE,VARIABLE,R VARIABLE
COJ49CB00145,Fondo de Capital Privado Colombia,COP,N/A,NACIONAL,R VARIABLE,VARIABLE,R VARIABLE
"FCP ROBECO SAM CO-INVESTMENT FUND III, L.P",Fondo de Capital Privado,USD,N/A,INTERNACIONAL,R VARIABLE,VARIABLE,R VARIABLE
IE00B23S7Q97,Fondo Mutuo o Fondo Indice,USD,N/A,INTERNACIONAL,R VARIABLE,VARIABLE,R VARIABLE
LU0188151178,Fondo Mutuo o Fondo Indice,USD,N/A,INTERNACIONAL,R VARIABLE,VARIABLE,R VARIABLE
LU0048816135,Fondo Mutuo o Fondo Indice,USD,N/A,INTERNACIONAL,R VARIABLE,VARIABLE,R VARIABLE
US5771308344,Fondo Mutuo o Fondo Indice,USD,N/A,INTERNACIONAL,R VARIABLE,VARIABLE,R VARIABLE
LU0318936662,Fondo Mutuo o Fondo Indice,USD,N/A,INTERNACIONAL,R VARIABLE,VARIABLE,R VARIABLE
LU0052627634,Fondo Mutuo o Fondo Indice,USD,N/A,INTERNACIONAL,R VARIABLE,VARIABLE,R VARIABLE
LU0011850392,Fondo Mutuo o Fondo Indice,EUR,N/A,INTERNACIONAL,R VARIABLE,VARIABLE,R VARIABLE
LU0341036233,Fondo Mutuo o Fondo Indice,EUR,N/A,INTERNACIONAL,R VARIABLE,VARIABLE,R VARIABLE
USP1R23DAA49,EM CORPORATIVOS,USD,TASA FIJA,INTERNACIONAL,R FIJA,TASA FIJA,R FIJA
FR0011026897,Fondo Mutuo o Fondo Indice,EUR,N/A,INTERNACIONAL,R VARIABLE,VARIABLE,R VARIABLE
LU0100600369,Fondo Mutuo o Fondo Indice,USD,N/A,INTERNACIONAL,R VARIABLE,VARIABLE,R VARIABLE
LU0318936407,Fondo Mutuo o Fondo Indice,USD,N/A,INTERNACIONAL,R VARIABLE,VARIABLE,R VARIABLE
LU0360479090,Fondo Mutuo o Fondo Indice,USD,N/A,INTERNACIONAL,R VARIABLE,VARIABLE,R VARIABLE
LU0195951024,Fondo Mutuo o Fondo Indice,USD,N/A,INTERNACIONAL,R VARIABLE,VARIABLE,R VARIABLE
IE00B23S7N66,Fondo Mutuo o Fondo Indice,USD,N/A,INTERNACIONAL,R VARIABLE,VARIABLE,R VARIABLE
LU0252967533,Fondo Mutuo o Fondo Indice,EUR,N/A,INTERNACIONAL,R VARIABLE,VARIABLE,R VARIABLE
CELSIA,Acciones Colombia,COP,N/A,NACIONAL,R VARIABLE,VARIABLE,R VARIABLE
ELCONDOR,Acciones Colombia,COP,N/A,NACIONAL,R VARIABLE,VARIABLE,R VARIABLE
US617446V714,GLOBAL CORPORATIVOS,USD,TASA FIJA,INTERNACIONAL,R FIJA,TASA FIJA,R FIJA
US105756BT66,TES GLOBAL,BRL,TASA FIJA,NACIONAL,R FIJA,TASA FIJA,R FIJA
BFAL02119G60,Inflacion-CORPORATIVO LOCAL,COP,IPC,NACIONAL,R FIJA,INFLACIÓN,R FIJA
BDVI29C120,Inflacion-CORPORATIVO LOCAL,COP,IPC,NACIONAL,R FIJA,INFLACIÓN,R FIJA
BLGC03119D8,Inflacion-CORPORATIVO LOCAL,COP,IPC,NACIONAL,R FIJA,INFLACIÓN,R FIJA
BBOC01119B5,Inflacion-CORPORATIVO LOCAL,COP,IPC,NACIONAL,R FIJA,INFLACIÓN,R FIJA
Teis Patrimonio Autonomo Estrategias Inmobiliarias,Fondo de Capital Privado Colombia,COP,N/A,NACIONAL,R VARIABLE,VARIABLE,R VARIABLE
FCP Brilla Colombia,Fondo de Capital Privado Colombia,COP,N/A,NACIONAL,R VARIABLE,VARIABLE,R VARIABLE
US4642865335,Fondo Mutuo o Fondo Indice,USD,N/A,INTERNACIONAL,R VARIABLE,VARIABLE,R VARIABLE
Partners Group SecondaryUSD,Fondo de Capital Privado,USD,N/A,INTERNACIONAL,R VARIABLE,VARIABLE,R VARIABLE
XS0334249223,GLOBAL CORPORATIVOS,USD,TASA FIJA,INTERNACIONAL,R FIJA,TASA FIJA,R FIJA
US38141GEU40,GLOBAL CORPORATIVOS,USD,TASA FIJA,INTERNACIONAL,R FIJA,TASA FIJA,R FIJA
US4642871689,Fondo Mutuo o Fondo Indice,USD,N/A,INTERNACIONAL,R VARIABLE,VARIABLE,R VARIABLE
US4642887370,Fondo Mutuo o Fondo Indice,USD,N/A,INTERNACIONAL,R VARIABLE,VARIABLE,R VARIABLE
BCCB01129C6,Inflacion-CORPORATIVO LOCAL,COP,IPC,NACIONAL,R FIJA,INFLACIÓN,R FIJA
BCCB01129C10,Inflacion-CORPORATIVO LOCAL,COP,IPC,NACIONAL,R FIJA,INFLACIÓN,R FIJA
US91086QBA58,EM BONDS,USD,TASA FIJA,INTERNACIONAL,R FIJA,TASA FIJA,R FIJA
INST10100522,CORPORATIVO LOCAL,COP,TASA FIJA,NACIONAL,R FIJA,TASA FIJA,R FIJA
SKEBA6RFC010,Fondo de Capital Privado Colombia,COP,N/A,NACIONAL,R VARIABLE,VARIABLE,R VARIABLE
SKEBE6RFC010,Fondo de Capital Privado Colombia,COP,N/A,NACIONAL,R VARIABLE,VARIABLE,R VARIABLE
FCHDROCARBII,Fondo de Capital Privado Colombia,COP,N/A,NACIONAL,R VARIABLE,VARIABLE,R VARIABLE
SKJGDKTCP10,Fondo de Capital Privado,USD,N/A,INTERNACIONAL,R VARIABLE,VARIABLE,R VARIABLE
BLACKSTONE CAPITAL PARTNERS,Fondo de Capital Privado,USD,N/A,INTERNACIONAL,R VARIABLE,VARIABLE,R VARIABLE
Fondo de Capital Privado Fondo Transandino Colombi,Fondo de Capital Privado Colombia,COP,N/A,NACIONAL,R VARIABLE,VARIABLE,R VARIABLE
XS0270347304,GLOBAL CORPORATIVOS,EUR,TASA FIJA,INTERNACIONAL,R FIJA,TASA FIJA,R FIJA
US46429B6974,Fondo Mutuo o Fondo Indice,USD,N/A,INTERNACIONAL,R VARIABLE,VARIABLE,R VARIABLE
US4642888444,Fondo Mutuo o Fondo Indice,USD,N/A,INTERNACIONAL,R VARIABLE,VARIABLE,R VARIABLE
PFINVARGOS,Acciones Colombia,COP,N/A,NACIONAL,R VARIABLE,VARIABLE,R VARIABLE
PFCARPAK,Acciones Colombia,COP,N/A,NACIONAL,R VARIABLE,VARIABLE,R VARIABLE
DEPVECHF,MONEY MARKET,CHF,N/A,INTERNACIONAL,CAJA,VARIABLE,CAJA
DEPVEPEN,MONEY MARKET,PEN,N/A,INTERNACIONAL,CAJA,VARIABLE,CAJA
FCHOMECARE,Fondo de Capital Privado Colombia,COP,N/A,NACIONAL,R VARIABLE,VARIABLE,R VARIABLE
FCCINE,Fondo de Capital Privado Colombia,COP,N/A,NACIONAL,R VARIABLE,VARIABLE,R VARIABLE
FCAUREOS,Fondo de Capital Privado Colombia,COP,N/A,NACIONAL,R VARIABLE,VARIABLE,R VARIABLE
FCHIDROCAIII,Fondo de Capital Privado Colombia,COP,N/A,NACIONAL,R VARIABLE,VARIABLE,R VARIABLE
FCNEXUS,Fondo de Capital Privado Colombia,COP,N/A,NACIONAL,R VARIABLE,VARIABLE,R VARIABLE
FCALTRA,Fondo de Capital Privado Colombia,COP,N/A,NACIONAL,R VARIABLE,VARIABLE,R VARIABLE
FCCANDELARIA,Fondo de Capital Privado Colombia,COP,N/A,NACIONAL,R VARIABLE,VARIABLE,R VARIABLE
FCTRIBECA,Fondo de Capital Privado Colombia,COP,N/A,NACIONAL,R VARIABLE,VARIABLE,R VARIABLE
FCTERMDORADO,Fondo de Capital Privado Colombia,COP,N/A,NACIONAL,R VARIABLE,VARIABLE,R VARIABLE
FCRECNAT,Fondo de Capital Privado Colombia,COP,N/A,NACIONAL,R VARIABLE,VARIABLE,R VARIABLE
FCBROOKFIELD,Fondo de Capital Privado Colombia,COP,N/A,NACIONAL,R VARIABLE,VARIABLE,R VARIABLE
FCTEKA,Fondo de Capital Privado Colombia,COP,N/A,NACIONAL,R VARIABLE,VARIABLE,R VARIABLE
FCMASCOLATAM,Fondo de Capital Privado Colombia,COP,N/A,NACIONAL,R VARIABLE,VARIABLE,R VARIABLE
FINESA REAL ESTATE GROUP,Fondo de Capital Privado,USD,N/A,INTERNACIONAL,R VARIABLE,VARIABLE,R VARIABLE
US4642882579,Fondo Mutuo o Fondo Indice,USD,N/A,INTERNACIONAL,R VARIABLE,VARIABLE,R VARIABLE
FLEFLCD LX,Fondo Mutuo o Fondo Indice,USD,N/A,INTERNACIONAL,R VARIABLE,VARIABLE,R VARIABLE
BEPM01109A6,Inflacion-CORPORATIVO LOCAL,COP,IPC,NACIONAL,R FIJA,INFLACIÓN,R FIJA
US71645WAN11,EM CORPORATIVOS,USD,TASA FIJA,INTERNACIONAL,R FIJA,TASA FIJA,R FIJA
CCC CG SMALL CAPS COLOMBIA,FIC ACC. COL.,COP,N/A,NACIONAL,R VARIABLE,VARIABLE,R VARIABLE
Cartera Colectiva Cerrada Cg Small Caps Colombia,FIC ACC. COL.,COP,N/A,NACIONAL,R VARIABLE,VARIABLE,R VARIABLE
AXA Secondary Fund V,Fondo de Capital Privado,USD,N/A,INTERNACIONAL,R VARIABLE,VARIABLE,R VARIABLE
BSOD01129C10,Inflacion-CORPORATIVO LOCAL,COP,IPC,NACIONAL,R FIJA,INFLACIÓN,R FIJA
BSOD01129C5,Inflacion-CORPORATIVO LOCAL,COP,IPC,NACIONAL,R FIJA,INFLACIÓN,R FIJA
BDVI3129C120,Inflacion-CORPORATIVO LOCAL,COP,IPC,NACIONAL,R FIJA,INFLACIÓN,R FIJA
LU0129491972,Fondo Mutuo o Fondo Indice,USD,N/A,INTERNACIONAL,R VARIABLE,VARIABLE,R VARIABLE
US4642866242,Fondo Mutuo o Fondo Indice,USD,N/A,INTERNACIONAL,R VARIABLE,VARIABLE,R VARIABLE
US4642867158,Fondo Mutuo o Fondo Indice,USD,N/A,INTERNACIONAL,R VARIABLE,VARIABLE,R VARIABLE
DEPVECLP,MONEY MARKET,CLP,N/A,INTERNACIONAL,CAJA,VARIABLE,CAJA
FCP MORGAN STANLEY INFRAESTRUCTURE PARTNERS,Fondo de Capital Privado,USD,N/A,INTERNACIONAL,R VARIABLE,VARIABLE,R VARIABLE
FCP MORGAN STANLEY PMF IV FUND,Fondo de Capital Privado,USD,N/A,INTERNACIONAL,R VARIABLE,VARIABLE,R VARIABLE
COLLER INTERNATIONAL PARTNERS VI FEEDER FUND LP,Fondo de Capital Privado,USD,N/A,INTERNACIONAL,R VARIABLE,VARIABLE,R VARIABLE
XS0835507087,EM CORPORATIVOS,COP,TASA FIJA,INTERNACIONAL,R FIJA,TASA FIJA,R FIJA
XS0611398008,GLOBAL CORPORATIVOS,EUR,TASA FIJA,INTERNACIONAL,R FIJA,TASA FIJA,R FIJA
BBCX09129B12,Inflacion-CORPORATIVO LOCAL,COP,IPC,NACIONAL,R FIJA,INFLACIÓN,R FIJA
BBCX09129B24,Inflacion-CORPORATIVO LOCAL,COP,IPC,NACIONAL,R FIJA,INFLACIÓN,R FIJA
US46429B7055,Fondo Mutuo o Fondo Indice,USD,N/A,INTERNACIONAL,R VARIABLE,VARIABLE,R VARIABLE
US78463X4007,Fondo Mutuo o Fondo Indice,USD,N/A,INTERNACIONAL,R VARIABLE,VARIABLE,R VARIABLE
LU0377080204,Fondo Mutuo o Fondo Indice,USD,N/A,INTERNACIONAL,R VARIABLE,VARIABLE,R VARIABLE
USG1315RAB71,EM CORPORATIVOS,USD,TASA FIJA,INTERNACIONAL,R FIJA,TASA FIJA,R FIJA
Coller International Partners,Fondo de Capital Privado,USD,N/A,INTERNACIONAL,R VARIABLE,VARIABLE,R VARIABLE
FCP MS Opportunistic Mortage I,Fondo de Capital Privado,USD,N/A,INTERNACIONAL,R VARIABLE,VARIABLE,R VARIABLE
PAL1801171A1,Acciones Colombia,USD,N/A,NACIONAL,R VARIABLE,VARIABLE,R VARIABLE
BCLP04129FS,Inflacion-CORPORATIVO LOCAL,COP,IPC,NACIONAL,R FIJA,INFLACIÓN,R FIJA
USP1329PAX70,EM CORPORATIVOS,USD,TASA FIJA,INTERNACIONAL,R FIJA,TASA FIJA,R FIJA
US4642871010,Fondo Mutuo o Fondo Indice,USD,N/A,INTERNACIONAL,R VARIABLE,VARIABLE,R VARIABLE
BGAN01129C7,Inflacion-CORPORATIVO LOCAL,COP,IPC,NACIONAL,R FIJA,INFLACIÓN,R FIJA
BGAN01129C5,Inflacion-CORPORATIVO LOCAL,COP,IPC,NACIONAL,R FIJA,INFLACIÓN,R FIJA
BSOD12SA5,CORPORATIVO LOCAL,COP,TASA FIJA,NACIONAL,R FIJA,TASA FIJA,R FIJA
SHOTELES9A15,Inflacion-CORPORATIVO LOCAL,COP,IPC,NACIONAL,R FIJA,INFLACIÓN,R FIJA
FCP KKR NORTH AMERICA FUND XI L.P.,Fondo de Capital Privado,USD,N/A,INTERNACIONAL,R VARIABLE,VARIABLE,R VARIABLE
CLH,Acciones Colombia,COP,N/A,NACIONAL,R VARIABLE,VARIABLE,R VARIABLE
LU0231484121,Fondo Mutuo o Fondo Indice,USD,N/A,INTERNACIONAL,R VARIABLE,VARIABLE,R VARIABLE
LU0278915607,Fondo Mutuo o Fondo Indice,USD,N/A,INTERNACIONAL,R VARIABLE,VARIABLE,R VARIABLE
FIDFIN121A48,Variable-CORPORATIVO LOCAL,COP,DTF,NACIONAL,R FIJA,VARIABLE,R FIJA
FIDFIN121A72,Variable-CORPORATIVO LOCAL,COP,DTF,NACIONAL,R FIJA,VARIABLE,R FIJA
32CTLH,Fondo de Capital Privado,USD,N/A,INTERNACIONAL,R VARIABLE,VARIABLE,R VARIABLE
SKEBNLRFCP09,Fondo de Capital Privado,USD,N/A,INTERNACIONAL,R VARIABLE,VARIABLE,R VARIABLE
Apax VIII,Fondo de Capital Privado,USD,N/A,INTERNACIONAL,R VARIABLE,VARIABLE,R VARIABLE
ADVENT INTERNATIONAL GPE VII,Fondo de Capital Privado,USD,N/A,INTERNACIONAL,R VARIABLE,VARIABLE,R VARIABLE
FCP ADVENT INTERNATIONAL GPE VII L.P.,Fondo de Capital Privado,EUR,N/A,INTERNACIONAL,R VARIABLE,VARIABLE,R VARIABLE
FCP APAX VIII GP L.P,Fondo de Capital Privado,USD,N/A,INTERNACIONAL,R VARIABLE,VARIABLE,R VARIABLE
US4642862027,Fondo Mutuo o Fondo Indice,USD,N/A,INTERNACIONAL,R VARIABLE,VARIABLE,R VARIABLE
BCHB1129B15,Inflacion-CORPORATIVO LOCAL,COP,IPC,NACIONAL,R FIJA,INFLACIÓN,R FIJA
BCHB1129B10,Inflacion-CORPORATIVO LOCAL,COP,IPC,NACIONAL,R FIJA,INFLACIÓN,R FIJA
USP2205JAH34,EM CORPORATIVOS,USD,TASA FIJA,INTERNACIONAL,R FIJA,TASA FIJA,R FIJA
Apax VIII GP LP,Fondo de Capital Privado,USD,N/A,INTERNACIONAL,R VARIABLE,VARIABLE,R VARIABLE
Apollo Natural Resources Partners L.P,Fondo de Capital Privado,USD,N/A,INTERNACIONAL,R VARIABLE,VARIABLE,R VARIABLE
ALPINVEST SECONDARIES FUND V,Fondo de Capital Privado,USD,N/A,INTERNACIONAL,R VARIABLE,VARIABLE,R VARIABLE
FCP INTERENERGY,Fondo de Capital Privado,USD,N/A,INTERNACIONAL,R VARIABLE,VARIABLE,R VARIABLE
CA1348082035,Acciones Colombia,CAD,N/A,NACIONAL,R VARIABLE,VARIABLE,R VARIABLE
USP0R11WAC49,EM CORPORATIVOS,USD,TASA FIJA,INTERNACIONAL,R FIJA,TASA FIJA,R FIJA
BPMG01139A10,Inflacion-CORPORATIVO LOCAL,COP,IPC,NACIONAL,R FIJA,INFLACIÓN,R FIJA
BPMG01139A7,Inflacion-CORPORATIVO LOCAL,COP,IPC,NACIONAL,R FIJA,INFLACIÓN,R FIJA
LU0594300500,Fondo Mutuo o Fondo Indice,USD,N/A,INTERNACIONAL,R VARIABLE,VARIABLE,R VARIABLE
LU0119336021,Fondo Mutuo o Fondo Indice,USD,N/A,INTERNACIONAL,R VARIABLE,VARIABLE,R VARIABLE
LU0119620416,Fondo Mutuo o Fondo Indice,USD,N/A,INTERNACIONAL,R VARIABLE,VARIABLE,R VARIABLE
USP3772NHK11,EM BONDS,USD,TASA FIJA,INTERNACIONAL,R FIJA,TASA FIJA,R FIJA
COT08PT00128,Titularización Inmobiliaria,COP,N/A,NACIONAL,R VARIABLE,VARIABLE,R VARIABLE
COT08PT00169,Titularización Inmobiliaria,COP,N/A,NACIONAL,R VARIABLE,VARIABLE,R VARIABLE
COT08PT00060,Titularización Inmobiliaria,COP,N/A,NACIONAL,R VARIABLE,VARIABLE,R VARIABLE
FCPMSGSOFII,Fondo de Capital Privado,USD,N/A,INTERNACIONAL,R VARIABLE,VARIABLE,R VARIABLE
FCP TRIBECA TERMINAL DE CARGA EL DORADO,Fondo de Capital Privado Colombia,COP,N/A,NACIONAL,R VARIABLE,VARIABLE,R VARIABLE
BSOG1139A10,Inflacion-CORPORATIVO LOCAL,COP,IPC,NACIONAL,R FIJA,INFLACIÓN,R FIJA
BBGA2139120,Inflacion-CORPORATIVO LOCAL,COP,IPC,NACIONAL,R FIJA,INFLACIÓN,R FIJA
BDVI113SF36,CORPORATIVO LOCAL,COP,TASA FIJA,NACIONAL,R FIJA,TASA FIJA,R FIJA
DEPVEEUR,MONEY MARKET,EUR,N/A,INTERNACIONAL,CAJA,VARIABLE,CAJA
DEPVNPESO,VISTA,COP,TASA FIJA,NACIONAL,CAJA,VARIABLE,CAJA
DEPVOPESO,VISTA,COP,TASA FIJA,NACIONAL,CAJA,VARIABLE,CAJA
LU0280433417,Fondo Mutuo o Fondo Indice,USD,N/A,INTERNACIONAL,R VARIABLE,VARIABLE,R VARIABLE
LA14109A,Inflacion-CORPORATIVO LOCAL,COP,IPC,NACIONAL,R FIJA,INFLACIÓN,R FIJA
US46556MAJ18,EM CORPORATIVOS,USD,TASA FIJA,INTERNACIONAL,R FIJA,TASA FIJA,R FIJA
BBSA1139AS15,Inflacion-CORPORATIVO LOCAL,COP,IPC,NACIONAL,R FIJA,INFLACIÓN,R FIJA
FCP NEXUS INFRAESTRUCTURA I FCP COMPARTIMENTO B,Fondo de Capital Privado Colombia,COP,N/A,NACIONAL,R VARIABLE,VARIABLE,R VARIABLE
FONDO DE CAPITAL PRIVADO MAS COLOMBIA-LATAM COMPAR,Fondo de Capital Privado Colombia,COP,N/A,NACIONAL,R VARIABLE,VARIABLE,R VARIABLE
LU0188438542,Fondo Mutuo o Fondo Indice,USD,N/A,INTERNACIONAL,R VARIABLE,VARIABLE,R VARIABLE
BLGC0413SA5,CORPORATIVO LOCAL,COP,TASA FIJA,NACIONAL,R FIJA,TASA FIJA,R FIJA
BANCOLDEX,Acciones Colombia,COP,N/A,NACIONAL,R VARIABLE,VARIABLE,R VARIABLE
LEXINGTON CAPITAL PARTNERS,Fondo de Capital Privado,USD,N/A,INTERNACIONAL,R VARIABLE,VARIABLE,R VARIABLE
USP16236AF16,EM CORPORATIVOS,USD,TASA FIJA,INTERNACIONAL,R FIJA,TASA FIJA,R FIJA
USP0956JCG87,EM CORPORATIVOS,USD,TASA FIJA,INTERNACIONAL,R FIJA,TASA FIJA,R FIJA
LU0106240533,Fondo Mutuo o Fondo Indice,JPY,N/A,INTERNACIONAL,R VARIABLE,VARIABLE,R VARIABLE
US78467X1090,Fondo Mutuo o Fondo Indice,USD,N/A,INTERNACIONAL,R VARIABLE,VARIABLE,R VARIABLE
LU0231477265,Fondo Mutuo o Fondo Indice,USD,N/A,INTERNACIONAL,R VARIABLE,VARIABLE,R VARIABLE
US2332035046,Fondo Mutuo o Fondo Indice,USD,N/A,INTERNACIONAL,R VARIABLE,VARIABLE,R VARIABLE
US2332038198,Fondo Mutuo o Fondo Indice,USD,N/A,INTERNACIONAL,R VARIABLE,VARIABLE,R VARIABLE
US2332038271,Fondo Mutuo o Fondo Indice,USD,N/A,INTERNACIONAL,R VARIABLE,VARIABLE,R VARIABLE
US2332036119,Fondo Mutuo o Fondo Indice,USD,N/A,INTERNACIONAL,R VARIABLE,VARIABLE,R VARIABLE
US2332035954,Fondo Mutuo o Fondo Indice,USD,N/A,INTERNACIONAL,R VARIABLE,VARIABLE,R VARIABLE
LU0823414809,Fondo Mutuo o Fondo Indice,EUR,N/A,INTERNACIONAL,R VARIABLE,VARIABLE,R VARIABLE
FR0011376565,Fondo Mutuo o Fondo Indice,EUR,N/A,INTERNACIONAL,R VARIABLE,VARIABLE,R VARIABLE
US912828UN88,TREASURIES-MULTILATERALES-AGENCIAS,USD,TASA FIJA,INTERNACIONAL,R FIJA,TASA FIJA,R FIJA
TFIP11241018,TF TES,COP,TASA FIJA,NACIONAL,R FIJA,TASA FIJA,R FIJA
PFCEMARGOS,Acciones Colombia,COP,N/A,NACIONAL,R VARIABLE,VARIABLE,R VARIABLE
SDPROMIGAS,Acciones Colombia,COP,N/A,NACIONAL,R VARIABLE,VARIABLE,R VARIABLE
XS0936793933,EM CORPORATIVOS,MXN,TASA FIJA,INTERNACIONAL,R FIJA,TASA FIJA,R FIJA
LU0278092605,Fondo Mutuo o Fondo Indice,USD,N/A,INTERNACIONAL,R VARIABLE,VARIABLE,R VARIABLE
LU0214495805,Fondo Mutuo o Fondo Indice,USD,N/A,INTERNACIONAL,R VARIABLE,VARIABLE,R VARIABLE
Fondo de Capital Privado Lexington CIP Partners II,Fondo de Capital Privado,USD,N/A,INTERNACIONAL,R VARIABLE,VARIABLE,R VARIABLE
FONDOTRANS,Fondo de Capital Privado Colombia,COP,N/A,NACIONAL,R VARIABLE,VARIABLE,R VARIABLE
FONDO DE CAPITAL PRIVADO BRICAPITAL,Fondo de Capital Privado Colombia,COP,N/A,NACIONAL,R VARIABLE,VARIABLE,R VARIABLE
PFAVH,Acciones Colombia,COP,N/A,NACIONAL,R VARIABLE,VARIABLE,R VARIABLE
GRUPOARGOS,Acciones Colombia,COP,N/A,NACIONAL,R VARIABLE,VARIABLE,R VARIABLE
PFGRUPOARG,Acciones Colombia,COP,N/A,NACIONAL,R VARIABLE,VARIABLE,R VARIABLE
US4642868149,Fondo Mutuo o Fondo Indice,USD,N/A,INTERNACIONAL,R VARIABLE,VARIABLE,R VARIABLE
BBOC05139B7,Inflacion-CORPORATIVO LOCAL,COP,IPC,NACIONAL,R FIJA,INFLACIÓN,R FIJA
BECO1139C10,Inflacion-CORPORATIVO LOCAL,COP,IPC,NACIONAL,R FIJA,INFLACIÓN,R FIJA
BECO1139C5,Inflacion-CORPORATIVO LOCAL,COP,IPC,NACIONAL,R FIJA,INFLACIÓN,R FIJA
BISA01139VC9,Inflacion-CORPORATIVO LOCAL,COP,IPC,NACIONAL,R FIJA,INFLACIÓN,R FIJA
US97717W8516,Fondo Mutuo o Fondo Indice,USD,N/A,INTERNACIONAL,R VARIABLE,VARIABLE,R VARIABLE
US9229084135,Fondo Mutuo o Fondo Indice,USD,N/A,INTERNACIONAL,R VARIABLE,VARIABLE,R VARIABLE
BTSE01119A10,Inflacion-CORPORATIVO LOCAL,COP,IPC,NACIONAL,R FIJA,INFLACIÓN,R FIJA
FCP INVERLINK EST. INMOBILIARIAS COMP ZONA FRANCA,Fondo de Capital Privado Colombia,COP,N/A,NACIONAL,R VARIABLE,VARIABLE,R VARIABLE
FCP NEXUS INFRAESTRUCTURA I FCP COMPARTIMENTO A,Fondo de Capital Privado Colombia,COP,N/A,NACIONAL,R VARIABLE,VARIABLE,R VARIABLE
US2044291043,Acciones Colombia,USD,N/A,NACIONAL,R VARIABLE,VARIABLE,R VARIABLE
LU0195949390,Fondo Mutuo o Fondo Indice,EUR,N/A,INTERNACIONAL,R VARIABLE,VARIABLE,R VARIABLE
LU0278085062,Fondo Mutuo o Fondo Indice,EUR,N/A,INTERNACIONAL,R VARIABLE,VARIABLE,R VARIABLE
LU0936248318,Fondo Mutuo o Fondo Indice,USD,N/A,INTERNACIONAL,R VARIABLE,VARIABLE,R VARIABLE
US279158AD13,EM CORPORATIVOS,USD,TASA FIJA,INTERNACIONAL,R FIJA,TASA FIJA,R FIJA
LU0951559953,Fondo Mutuo o Fondo Indice,USD,N/A,INTERNACIONAL,R VARIABLE,VARIABLE,R VARIABLE
MDPROMIGAS,Acciones Colombia,COP,N/A,NACIONAL,R VARIABLE,VARIABLE,R VARIABLE
PBBANCOLDE,Acciones Colombia,COP,N/A,NACIONAL,R VARIABLE,VARIABLE,R VARIABLE
FONDO DE CAPITAL PRIVADO TRG LA I,Fondo de Capital Privado Colombia,COP,N/A,NACIONAL,R VARIABLE,VARIABLE,R VARIABLE
FIDUCIARIA BANCOLOMBIA SA,Fondo de Capital Privado Colombia,COP,N/A,NACIONAL,R VARIABLE,VARIABLE,R VARIABLE
FCP ALTRA II,Fondo de Capital Privado Colombia,COP,N/A,NACIONAL,R VARIABLE,VARIABLE,R VARIABLE
FCP AMERIGO VENTURES,Fondo de Capital Privado Colombia,COP,N/A,NACIONAL,R VARIABLE,VARIABLE,R VARIABLE
Warburg Pincus XI,Fondo de Capital Privado,USD,N/A,INTERNACIONAL,R VARIABLE,VARIABLE,R VARIABLE
Court Square Capital Partners III,Fondo de Capital Privado,USD,N/A,INTERNACIONAL,R VARIABLE,VARIABLE,R VARIABLE
BCHB01139B12,Inflacion-CORPORATIVO LOCAL,COP,IPC,NACIONAL,R FIJA,INFLACIÓN,R FIJA
LU0607514808,Fondo Mutuo o Fondo Indice,JPY,N/A,INTERNACIONAL,R VARIABLE,VARIABLE,R VARIABLE
TRDTSL,Inflacion-TES,UVR,TASA FIJA,NACIONAL,R FIJA,INFLACIÓN,R FIJA
Inverlink Estructuras Inmobiliarias - Paralelo 26,Fondo de Capital Privado Colombia,COP,N/A,NACIONAL,R VARIABLE,VARIABLE,R VARIABLE
FCP FORESTAL COLOMBIA,Fondo de Capital Privado Colombia,COP,N/A,NACIONAL,R VARIABLE,VARIABLE,R VARIABLE
FCP TRIBECA ENERGY FUND,Fondo de Capital Privado Colombia,COP,N/A,NACIONAL,R VARIABLE,VARIABLE,R VARIABLE
FCP MAS COLOMBIA LATAM COMPART III COLOMBIA OPORTU,Fondo de Capital Privado Colombia,COP,N/A,NACIONAL,R VARIABLE,VARIABLE,R VARIABLE
FCP OXO PROPIEDADES SOSTENIBLE,Fondo de Capital Privado Colombia,COP,N/A,NACIONAL,R VARIABLE,VARIABLE,R VARIABLE
COMPARTIMENTO A TERRANUM CAPIT,Fondo de Capital Privado Colombia,COP,N/A,NACIONAL,R VARIABLE,VARIABLE,R VARIABLE
Futuro Inmobiliario - Quadras,Fondo de Capital Privado Colombia,COP,N/A,NACIONAL,R VARIABLE,VARIABLE,R VARIABLE
FCP FUTURO INMOBILIARIO COMP 1,Fondo de Capital Privado Colombia,COP,N/A,NACIONAL,R VARIABLE,VARIABLE,R VARIABLE
BCOS0139B12,Inflacion-CORPORATIVO LOCAL,COP,IPC,NACIONAL,R FIJA,INFLACIÓN,R FIJA
BCOS01309B5,Inflacion-CORPORATIVO LOCAL,COP,IPC,NACIONAL,R FIJA,INFLACIÓN,R FIJA
US05367G1004,Acciones Colombia,USD,N/A,NACIONAL,R VARIABLE,VARIABLE,R VARIABLE
ROBECO AGRIBUSINESS EQUITIES I,Fondo Mutuo o Fondo Indice,EUR,N/A,INTERNACIONAL,R VARIABLE,VARIABLE,R VARIABLE
LU0094547139,Fondo Mutuo o Fondo Indice,USD,N/A,INTERNACIONAL,R VARIABLE,VARIABLE,R VARIABLE
LU0406496546,Fondo Mutuo o Fondo Indice,EUR,N/A,INTERNACIONAL,R VARIABLE,VARIABLE,R VARIABLE
LU0106259988,Fondo Mutuo o Fondo Indice,USD,N/A,INTERNACIONAL,R VARIABLE,VARIABLE,R VARIABLE
LU0764704721,Fondo Mutuo o Fondo Indice,USD,N/A,INTERNACIONAL,R VARIABLE,VARIABLE,R VARIABLE
FCP Alianza Konfigura Activos Alternativos II,Fondo de Capital Privado Colombia,COP,N/A,NACIONAL,R VARIABLE,VARIABLE,R VARIABLE
FCP HIDROCARBUROS DE COLOMBIA,Fondo de Capital Privado Colombia,COP,N/A,NACIONAL,R VARIABLE,VARIABLE,R VARIABLE
Fondo de Capital Privado Aureos,Fondo de Capital Privado Colombia,COP,N/A,NACIONAL,R VARIABLE,VARIABLE,R VARIABLE
FCP NEXUS INFRAESTRUCTURA I,Fondo de Capital Privado Colombia,COP,N/A,NACIONAL,R VARIABLE,VARIABLE,R VARIABLE
FONDO DE CAPITAL PRIVADO ALTRA FCP I,Fondo de Capital Privado Colombia,COP,N/A,NACIONAL,R VARIABLE,VARIABLE,R VARIABLE
FCP BROOKFIELD COLOMBIA COMPARTIMENTO I,Fondo de Capital Privado Colombia,COP,N/A,NACIONAL,R VARIABLE,VARIABLE,R VARIABLE
FCP CINE HISPANOAMERICANO I,Fondo de Capital Privado Colombia,COP,N/A,NACIONAL,R VARIABLE,VARIABLE,R VARIABLE
"FONDO TRIBECA FUND I, FCP",Fondo de Capital Privado Colombia,COP,N/A,NACIONAL,R VARIABLE,VARIABLE,R VARIABLE
FONDO DE CAPITAL PRIVADO - FONDO ENERGÉTICO ANDINO,Fondo de Capital Privado Colombia,COP,N/A,NACIONAL,R VARIABLE,VARIABLE,R VARIABLE
"KANDEO FUND I (COLOMBIA), FCP (KFIC)",Fondo de Capital Privado Colombia,COP,N/A,NACIONAL,R VARIABLE,VARIABLE,R VARIABLE
FONDO DE CAPITAL PRIVADO INFRAESTRUCTURA BROOKFIEL,Fondo de Capital Privado Colombia,COP,N/A,NACIONAL,R VARIABLE,VARIABLE,R VARIABLE
"FONDO ESCALA CAPITAL, FCP",Fondo de Capital Privado Colombia,COP,N/A,NACIONAL,R VARIABLE,VARIABLE,R VARIABLE
FONDO DE INFRAESTRUCTURA COLOMBIA ASHMORE I - FCP,Fondo de Capital Privado Colombia,COP,N/A,NACIONAL,R VARIABLE,VARIABLE,R VARIABLE
FONDO DE CAPITAL PRIVADO TRG FCP LA I,Fondo de Capital Privado Colombia,COP,N/A,NACIONAL,R VARIABLE,VARIABLE,R VARIABLE
ADVENT INTERNATIONAL,Fondo de Capital Privado,USD,N/A,INTERNACIONAL,R VARIABLE,VARIABLE,R VARIABLE
LAPEF V OC CO-INVESTMENT,Fondo de Capital Privado,USD,N/A,INTERNACIONAL,R VARIABLE,VARIABLE,R VARIABLE
Harbourvest 2013 Direct Associates L.P.,Fondo de Capital Privado,USD,N/A,INTERNACIONAL,R VARIABLE,VARIABLE,R VARIABLE
BDVI05138B24,Variable-CORPORATIVO LOCAL,COP,IBR,NACIONAL,R FIJA,VARIABLE,R FIJA
BEPM05139A10,Inflacion-CORPORATIVO LOCAL,COP,IPC,NACIONAL,R FIJA,INFLACIÓN,R FIJA
SOCBOLIVAR,Acciones Colombia,COP,N/A,NACIONAL,R VARIABLE,VARIABLE,R VARIABLE
BCLI01139D06,Inflacion-CORPORATIVO LOCAL,COP,IPC,NACIONAL,R FIJA,INFLACIÓN,R FIJA
COR42PT00014,Titularización Inmobiliaria,COP,N/A,NACIONAL,R VARIABLE,VARIABLE,R VARIABLE
PROENERG,Acciones Colombia,COP,N/A,NACIONAL,R VARIABLE,VARIABLE,R VARIABLE
Fondo de Capital Privado Tribeca Terminal de Carga,Fondo de Capital Privado Colombia,COP,N/A,NACIONAL,R VARIABLE,VARIABLE,R VARIABLE
Fondo de Capital Privado Tribeca Natural Resources,Fondo de Capital Privado Colombia,COP,N/A,NACIONAL,R VARIABLE,VARIABLE,R VARIABLE
CG SMALL CAPS COLOMBIA,FIC ACC. COL.,COP,N/A,NACIONAL,R VARIABLE,VARIABLE,R VARIABLE
CORJ2PA00016,Acciones Colombia,COP,N/A,NACIONAL,R VARIABLE,VARIABLE,R VARIABLE
US4642867646,Fondo Mutuo o Fondo Indice,USD,N/A,INTERNACIONAL,R VARIABLE,VARIABLE,R VARIABLE
US64122Q3092,Fondo Mutuo o Fondo Indice,USD,N/A,INTERNACIONAL,R VARIABLE,VARIABLE,R VARIABLE
GB0030810138,Fondo Mutuo o Fondo Indice,EUR,N/A,INTERNACIONAL,R VARIABLE,VARIABLE,R VARIABLE
US912828C244,TREASURIES-MULTILATERALES-AGENCIAS,USD,TASA FIJA,INTERNACIONAL,R FIJA,TASA FIJA,R FIJA
MX0MGO000078,EM BONDS,MXN,TASA FIJA,INTERNACIONAL,R FIJA,TASA FIJA,R FIJA
Apollo Funds,Fondo de Capital Privado,USD,N/A,INTERNACIONAL,R VARIABLE,VARIABLE,R VARIABLE
"FCP Bain Capital Fund XI, L.P. - Class A",Fondo de Capital Privado,USD,N/A,INTERNACIONAL,R VARIABLE,VARIABLE,R VARIABLE
LU0903426061,Fondo Mutuo o Fondo Indice,USD,N/A,INTERNACIONAL,R VARIABLE,VARIABLE,R VARIABLE
FCP Clayton Dubilier and Rice IX,Fondo de Capital Privado,USD,N/A,INTERNACIONAL,R VARIABLE,VARIABLE,R VARIABLE
BSIS01149D09,Inflacion-CORPORATIVO LOCAL,COP,IPC,NACIONAL,R FIJA,INFLACIÓN,R FIJA
BCHB06149B06,Inflacion-CORPORATIVO LOCAL,COP,IPC,NACIONAL,R FIJA,INFLACIÓN,R FIJA
BCHB06149B10,Inflacion-CORPORATIVO LOCAL,COP,IPC,NACIONAL,R FIJA,INFLACIÓN,R FIJA
BSIS01149D05,Inflacion-CORPORATIVO LOCAL,COP,IPC,NACIONAL,R FIJA,INFLACIÓN,R FIJA
BDVI6149C120,Inflacion-CORPORATIVO LOCAL,COP,IPC,NACIONAL,R FIJA,INFLACIÓN,R FIJA
BDVI05139C84,Inflacion-CORPORATIVO LOCAL,COP,IPC,NACIONAL,R FIJA,INFLACIÓN,R FIJA
BDVI06148B36,Variable-CORPORATIVO LOCAL,COP,IBR,NACIONAL,R FIJA,VARIABLE,R FIJA
BFAN04141B24,Variable-CORPORATIVO LOCAL,COP,DTF,NACIONAL,R FIJA,VARIABLE,R FIJA
COT80CH01961,CORPORATIVO LOCAL,COP,TASA FIJA,NACIONAL,R FIJA,TASA FIJA,R FIJA
USP7358RAC09,EM CORPORATIVOS,USD,TASA FIJA,INTERNACIONAL,R FIJA,TASA FIJA,R FIJA
US912828D234,TREASURIES-MULTILATERALES-AGENCIAS,USD,TASA FIJA,INTERNACIONAL,R FIJA,TASA FIJA,R FIJA
Cartera Colectiva Liquidez Alianza Valores,FIC ACC. COL.,COP,N/A,NACIONAL,R VARIABLE,VARIABLE,R VARIABLE
BSOB01149C09,Inflacion-CORPORATIVO LOCAL,COP,IPC,NACIONAL,R FIJA,INFLACIÓN,R FIJA
CORJ8PA00013,Acciones Colombia,COP,N/A,NACIONAL,R VARIABLE,VARIABLE,R VARIABLE
BLGC05149D5,Inflacion-CORPORATIVO LOCAL,COP,IPC,NACIONAL,R FIJA,INFLACIÓN,R FIJA
LU0195948822,Fondo Mutuo o Fondo Indice,USD,N/A,INTERNACIONAL,R VARIABLE,VARIABLE,R VARIABLE
LU0219424487,Fondo Mutuo o Fondo Indice,EUR,N/A,INTERNACIONAL,R VARIABLE,VARIABLE,R VARIABLE
TERPEL,Acciones Colombia,COP,N/A,NACIONAL,R VARIABLE,VARIABLE,R VARIABLE
SKEBTNQFCP09,Fondo de Capital Privado,USD,N/A,INTERNACIONAL,R VARIABLE,VARIABLE,R VARIABLE
SKEBLKTCP10,Fondo de Capital Privado,USD,N/A,INTERNACIONAL,R VARIABLE,VARIABLE,R VARIABLE
SKEBJJQCP09,Fondo de Capital Privado,EUR,N/A,INTERNACIONAL,R VARIABLE,VARIABLE,R VARIABLE
SKEBRKECP10,Fondo de Capital Privado,USD,N/A,INTERNACIONAL,R VARIABLE,VARIABLE,R VARIABLE
SKEBG1XFCP08,Fondo de Capital Privado,USD,N/A,INTERNACIONAL,R VARIABLE,VARIABLE,R VARIABLE
SKEBKJVCP10,Fondo de Capital Privado,USD,N/A,INTERNACIONAL,R VARIABLE,VARIABLE,R VARIABLE
SKJZAKECP11,Fondo de Capital Privado,USD,N/A,INTERNACIONAL,R VARIABLE,VARIABLE,R VARIABLE
SKEJZA8OCP11,Fondo de Capital Privado,USD,N/A,INTERNACIONAL,R VARIABLE,VARIABLE,R VARIABLE
SKEJZA8OCP10,Fondo de Capital Privado,USD,N/A,INTERNACIONAL,R VARIABLE,VARIABLE,R VARIABLE
COR97PT00091,Fondo de Capital Privado Colombia,COP,N/A,NACIONAL,R VARIABLE,VARIABLE,R VARIABLE
COR2CPT00038,Fondo de Capital Privado Colombia,COP,N/A,NACIONAL,R VARIABLE,VARIABLE,R VARIABLE
COR2DPT00010,Fondo de Capital Privado Colombia,COP,N/A,NACIONAL,R VARIABLE,VARIABLE,R VARIABLE
COR20PT00465,Fondo de Capital Privado Colombia,COP,N/A,NACIONAL,R VARIABLE,VARIABLE,R VARIABLE
COR9FPT00010,Fondo de Capital Privado Colombia,COP,N/A,NACIONAL,R VARIABLE,VARIABLE,R VARIABLE
COR9NPT00014,Acciones Colombia,COP,N/A,NACIONAL,R VARIABLE,VARIABLE,R VARIABLE
COR20PT00408,Fondo de Capital Privado Colombia,COP,N/A,NACIONAL,R VARIABLE,VARIABLE,R VARIABLE
COR20PT00416,Fondo de Capital Privado Colombia,COP,N/A,NACIONAL,R VARIABLE,VARIABLE,R VARIABLE
COR20PT00424,Fondo de Capital Privado Colombia,COP,N/A,NACIONAL,R VARIABLE,VARIABLE,R VARIABLE
COR20PT00432,Fondo de Capital Privado Colombia,COP,N/A,NACIONAL,R VARIABLE,VARIABLE,R VARIABLE
COR20PT00440,Fondo de Capital Privado Colombia,COP,N/A,NACIONAL,R VARIABLE,VARIABLE,R VARIABLE
COR20PT00457,Fondo de Capital Privado Colombia,COP,N/A,NACIONAL,R VARIABLE,VARIABLE,R VARIABLE
COR20PT00473,Fondo de Capital Privado Colombia,COP,N/A,NACIONAL,R VARIABLE,VARIABLE,R VARIABLE
COR20PT00481,Fondo de Capital Privado Colombia,COP,N/A,NACIONAL,R VARIABLE,VARIABLE,R VARIABLE
COR20PT00507,Fondo de Capital Privado Colombia,COP,N/A,NACIONAL,R VARIABLE,VARIABLE,R VARIABLE
COR20PT00515,Fondo de Capital Privado Colombia,COP,N/A,NACIONAL,R VARIABLE,VARIABLE,R VARIABLE
COR20PT00523,Fondo de Capital Privado Colombia,COP,N/A,NACIONAL,R VARIABLE,VARIABLE,R VARIABLE
COR20PT00531,Fondo de Capital Privado Colombia,COP,N/A,NACIONAL,R VARIABLE,VARIABLE,R VARIABLE
COR20PT00549,Fondo de Capital Privado Colombia,COP,N/A,NACIONAL,R VARIABLE,VARIABLE,R VARIABLE
COR20PT00556,Fondo de Capital Privado Colombia,COP,N/A,NACIONAL,R VARIABLE,VARIABLE,R VARIABLE
COR20PT00564,Fondo de Capital Privado Colombia,COP,N/A,NACIONAL,R VARIABLE,VARIABLE,R VARIABLE
COR20PT00572,Fondo de Capital Privado Colombia,COP,N/A,NACIONAL,R VARIABLE,VARIABLE,R VARIABLE
COR05PT00326,Fondo de Capital Privado Colombia,COP,N/A,NACIONAL,R VARIABLE,VARIABLE,R VARIABLE
COR05PT00029,Fondo de Capital Privado Colombia,COP,N/A,NACIONAL,R VARIABLE,VARIABLE,R VARIABLE
COR05PT00037,Fondo de Capital Privado Colombia,COP,N/A,NACIONAL,R VARIABLE,VARIABLE,R VARIABLE
COR05PT00045,Fondo de Capital Privado Colombia,COP,N/A,NACIONAL,R VARIABLE,VARIABLE,R VARIABLE
COR05PT00078,Fondo de Capital Privado Colombia,COP,N/A,NACIONAL,R VARIABLE,VARIABLE,R VARIABLE
COR05PT00086,Fondo de Capital Privado Colombia,COP,N/A,NACIONAL,R VARIABLE,VARIABLE,R VARIABLE
COR05PT00094,Fondo de Capital Privado Colombia,COP,N/A,NACIONAL,R VARIABLE,VARIABLE,R VARIABLE
COR05PT00102,Fondo de Capital Privado Colombia,COP,N/A,NACIONAL,R VARIABLE,VARIABLE,R VARIABLE
COR05PT00110,Fondo de Capital Privado Colombia,COP,N/A,NACIONAL,R VARIABLE,VARIABLE,R VARIABLE
COR05PT00128,Fondo de Capital Privado Colombia,COP,N/A,NACIONAL,R VARIABLE,VARIABLE,R VARIABLE
COR05PT00136,Fondo de Capital Privado Colombia,COP,N/A,NACIONAL,R VARIABLE,VARIABLE,R VARIABLE
COR05PT00144,Fondo de Capital Privado Colombia,COP,N/A,NACIONAL,R VARIABLE,VARIABLE,R VARIABLE
COR05PT00151,Fondo de Capital Privado Colombia,COP,N/A,NACIONAL,R VARIABLE,VARIABLE,R VARIABLE
COR05PT00169,Fondo de Capital Privado Colombia,COP,N/A,NACIONAL,R VARIABLE,VARIABLE,R VARIABLE
COR05PT00177,Fondo de Capital Privado Colombia,COP,N/A,NACIONAL,R VARIABLE,VARIABLE,R VARIABLE
COR05PT00185,Fondo de Capital Privado Colombia,COP,N/A,NACIONAL,R VARIABLE,VARIABLE,R VARIABLE
COR05PT00532,Fondo de Capital Privado Colombia,COP,N/A,NACIONAL,R VARIABLE,VARIABLE,R VARIABLE
COR26PT00017,Fondo de Capital Privado Colombia,COP,N/A,NACIONAL,R VARIABLE,VARIABLE,R VARIABLE
COR26PT00025,Fondo de Capital Privado Colombia,COP,N/A,NACIONAL,R VARIABLE,VARIABLE,R VARIABLE
COR26PT00041,Fondo de Capital Privado Colombia,COP,N/A,NACIONAL,R VARIABLE,VARIABLE,R VARIABLE
COR26PT00058,Fondo de Capital Privado Colombia,COP,N/A,NACIONAL,R VARIABLE,VARIABLE,R VARIABLE
COR26PT00066,Fondo de Capital Privado Colombia,COP,N/A,NACIONAL,R VARIABLE,VARIABLE,R VARIABLE
COR26PT00074,Fondo de Capital Privado Colombia,COP,N/A,NACIONAL,R VARIABLE,VARIABLE,R VARIABLE
COR26PT00082,Fondo de Capital Privado Colombia,COP,N/A,NACIONAL,R VARIABLE,VARIABLE,R VARIABLE
COR26PT00090,Fondo de Capital Privado Colombia,COP,N/A,NACIONAL,R VARIABLE,VARIABLE,R VARIABLE
COR05PT00540,Fondo de Capital Privado Colombia,COP,N/A,NACIONAL,R VARIABLE,VARIABLE,R VARIABLE
COR20PT00499,Fondo de Capital Privado Colombia,COP,N/A,NACIONAL,R VARIABLE,VARIABLE,R VARIABLE
COR20PT00580,Fondo de Capital Privado Colombia,COP,N/A,NACIONAL,R VARIABLE,VARIABLE,R VARIABLE
COR9DPT00080,Fondo de Capital Privado Colombia,COP,N/A,NACIONAL,R VARIABLE,VARIABLE,R VARIABLE
COR26PT00157,Fondo de Capital Privado Colombia,COP,N/A,NACIONAL,R VARIABLE,VARIABLE,R VARIABLE
COR26PT00108,Fondo de Capital Privado Colombia,COP,N/A,NACIONAL,R VARIABLE,VARIABLE,R VARIABLE
COR26PT00140,Fondo de Capital Privado Colombia,COP,N/A,NACIONAL,R VARIABLE,VARIABLE,R VARIABLE
COR26PT00132,Fondo de Capital Privado Colombia,COP,N/A,NACIONAL,R VARIABLE,VARIABLE,R VARIABLE
COR26PT00199,Fondo de Capital Privado Colombia,COP,N/A,NACIONAL,R VARIABLE,VARIABLE,R VARIABLE
COR26PT00173,Fondo de Capital Privado Colombia,COP,N/A,NACIONAL,R VARIABLE,VARIABLE,R VARIABLE
COR26PT00207,Fondo de Capital Privado Colombia,COP,N/A,NACIONAL,R VARIABLE,VARIABLE,R VARIABLE
COR20PT00598,Fondo de Capital Privado Colombia,COP,N/A,NACIONAL,R VARIABLE,VARIABLE,R VARIABLE
COR05PT00557,Fondo de Capital Privado Colombia,COP,N/A,NACIONAL,R VARIABLE,VARIABLE,R VARIABLE
COR05PT00573,Fondo de Capital Privado Colombia,COP,N/A,NACIONAL,R VARIABLE,VARIABLE,R VARIABLE
COR9DPT00106,Fondo de Capital Privado Colombia,COP,N/A,NACIONAL,R VARIABLE,VARIABLE,R VARIABLE
COR05PT00565,Fondo de Capital Privado Colombia,COP,N/A,NACIONAL,R VARIABLE,VARIABLE,R VARIABLE
COR1EPT00010,Fondo de Capital Privado Colombia,COP,N/A,NACIONAL,R VARIABLE,VARIABLE,R VARIABLE
COR26PT00215,Fondo de Capital Privado Colombia,COP,N/A,NACIONAL,R VARIABLE,VARIABLE,R VARIABLE
COR9DPT00114,Fondo de Capital Privado Colombia,COP,N/A,NACIONAL,R VARIABLE,VARIABLE,R VARIABLE
COR20PT00606,Fondo de Capital Privado Colombia,COP,N/A,NACIONAL,R VARIABLE,VARIABLE,R VARIABLE
COR05PT00581,Fondo de Capital Privado Colombia,COP,N/A,NACIONAL,R VARIABLE,VARIABLE,R VARIABLE
COR26PT00223,Fondo de Capital Privado Colombia,COP,N/A,NACIONAL,R VARIABLE,VARIABLE,R VARIABLE
COR9DPT00122,Fondo de Capital Privado Colombia,COP,N/A,NACIONAL,R VARIABLE,VARIABLE,R VARIABLE
COR26PT00231,Fondo de Capital Privado Colombia,COP,N/A,NACIONAL,R VARIABLE,VARIABLE,R VARIABLE
COR05PT00615,Fondo de Capital Privado Colombia,COP,N/A,NACIONAL,R VARIABLE,VARIABLE,R VARIABLE
CORE4PT00025,Fondo de Capital Privado Colombia,COP,N/A,NACIONAL,R VARIABLE,VARIABLE,R VARIABLE
CORE4PT00033,Fondo de Capital Privado Colombia,COP,N/A,NACIONAL,R VARIABLE,VARIABLE,R VARIABLE
CORF2PT00010,Fondo de Capital Privado Colombia,COP,N/A,NACIONAL,R VARIABLE,VARIABLE,R VARIABLE
COR05PT00623,Fondo de Capital Privado Colombia,COP,N/A,NACIONAL,R VARIABLE,VARIABLE,R VARIABLE
COR26PT00249,Fondo de Capital Privado Colombia,COP,N/A,NACIONAL,R VARIABLE,VARIABLE,R VARIABLE
COR20PT00614,Fondo de Capital Privado Colombia,COP,N/A,NACIONAL,R VARIABLE,VARIABLE,R VARIABLE
COR9DPT00130,Fondo de Capital Privado Colombia,COP,N/A,NACIONAL,R VARIABLE,VARIABLE,R VARIABLE
CORE4PT00058,Fondo de Capital Privado Colombia,COP,N/A,NACIONAL,R VARIABLE,VARIABLE,R VARIABLE
COR05PT00631,Fondo de Capital Privado Colombia,COP,N/A,NACIONAL,R VARIABLE,VARIABLE,R VARIABLE
COR26PT00256,Fondo de Capital Privado Colombia,COP,N/A,NACIONAL,R VARIABLE,VARIABLE,R VARIABLE
COR26PT00264,Fondo de Capital Privado Colombia,COP,N/A,NACIONAL,R VARIABLE,VARIABLE,R VARIABLE
COR9DPT00148,Fondo de Capital Privado Colombia,COP,N/A,NACIONAL,R VARIABLE,VARIABLE,R VARIABLE
CORE4PT00017,Fondo de Capital Privado Colombia,COP,N/A,NACIONAL,R VARIABLE,VARIABLE,R VARIABLE
COR05PT00649,Fondo de Capital Privado Colombia,COP,N/A,NACIONAL,R VARIABLE,VARIABLE,R VARIABLE
COR26PT00272,Fondo de Capital Privado Colombia,COP,N/A,NACIONAL,R VARIABLE,VARIABLE,R VARIABLE
CORE4PT00074,Fondo de Capital Privado Colombia,COP,N/A,NACIONAL,R VARIABLE,VARIABLE,R VARIABLE
CORH7PT00017,Fondo de Capital Privado Colombia,COP,N/A,NACIONAL,R VARIABLE,VARIABLE,R VARIABLE
COR26PT00280,Fondo de Capital Privado Colombia,COP,N/A,NACIONAL,R VARIABLE,VARIABLE,R VARIABLE
CORE4PT00082,Fondo de Capital Privado Colombia,COP,N/A,NACIONAL,R VARIABLE,VARIABLE,R VARIABLE
COR05PT00656,Fondo de Capital Privado Colombia,COP,N/A,NACIONAL,R VARIABLE,VARIABLE,R VARIABLE
COR9DPT00155,Fondo de Capital Privado Colombia,COP,N/A,NACIONAL,R VARIABLE,VARIABLE,R VARIABLE
COR2EPT00125,Fondo de Capital Privado Colombia,COP,N/A,NACIONAL,R VARIABLE,VARIABLE,R VARIABLE
COR20PT00622,Fondo de Capital Privado Colombia,COP,N/A,NACIONAL,R VARIABLE,VARIABLE,R VARIABLE
COR26PT00298,Fondo de Capital Privado Colombia,COP,N/A,NACIONAL,R VARIABLE,VARIABLE,R VARIABLE
COR9DPT00163,Fondo de Capital Privado Colombia,COP,N/A,NACIONAL,R VARIABLE,VARIABLE,R VARIABLE
CORH7PT00025,Fondo de Capital Privado Colombia,COP,N/A,NACIONAL,R VARIABLE,VARIABLE,R VARIABLE
COR26PT00306,Fondo de Capital Privado Colombia,COP,N/A,NACIONAL,R VARIABLE,VARIABLE,R VARIABLE
COR26PT00165,Fondo de Capital Privado Colombia,COP,N/A,NACIONAL,R VARIABLE,VARIABLE,R VARIABLE
COR05PT00664,Fondo de Capital Privado Colombia,COP,N/A,NACIONAL,R VARIABLE,VARIABLE,R VARIABLE
COR2EPT00133,Fondo de Capital Privado Colombia,COP,N/A,NACIONAL,R VARIABLE,VARIABLE,R VARIABLE
CORE4PT00090,Fondo de Capital Privado Colombia,COP,N/A,NACIONAL,R VARIABLE,VARIABLE,R VARIABLE
CORH7PT00033,Fondo de Capital Privado Colombia,COP,N/A,NACIONAL,R VARIABLE,VARIABLE,R VARIABLE
COR9DPT00171,Fondo de Capital Privado Colombia,COP,N/A,NACIONAL,R VARIABLE,VARIABLE,R VARIABLE
CORH4PT00014,Fondo de Capital Privado Colombia,COP,N/A,NACIONAL,R VARIABLE,VARIABLE,R VARIABLE
COR9DPT00189,Fondo de Capital Privado Colombia,COP,N/A,NACIONAL,R VARIABLE,VARIABLE,R VARIABLE
COR26PT00314,Fondo de Capital Privado Colombia,COP,N/A,NACIONAL,R VARIABLE,VARIABLE,R VARIABLE
CORE4PT00108,Fondo de Capital Privado Colombia,COP,N/A,NACIONAL,R VARIABLE,VARIABLE,R VARIABLE
COR9DPT00197,Fondo de Capital Privado Colombia,COP,N/A,NACIONAL,R VARIABLE,VARIABLE,R VARIABLE
COR2EPT00141,Fondo de Capital Privado Colombia,COP,N/A,NACIONAL,R VARIABLE,VARIABLE,R VARIABLE
CORH2PT00034,Fondo de Capital Privado Colombia,COP,N/A,NACIONAL,R VARIABLE,VARIABLE,R VARIABLE
COR20PT00630,Fondo de Capital Privado Colombia,COP,N/A,NACIONAL,R VARIABLE,VARIABLE,R VARIABLE
CORH7PT00041,Fondo de Capital Privado Colombia,COP,N/A,NACIONAL,R VARIABLE,VARIABLE,R VARIABLE
CORH4PT00030,Fondo de Capital Privado Colombia,COP,N/A,NACIONAL,R VARIABLE,VARIABLE,R VARIABLE
CORH0PT00012,Fondo de Capital Privado Colombia,COP,N/A,NACIONAL,R VARIABLE,VARIABLE,R VARIABLE
CORH2PT00042,Fondo de Capital Privado Colombia,COP,N/A,NACIONAL,R VARIABLE,VARIABLE,R VARIABLE
COR05PT00672,Fondo de Capital Privado Colombia,COP,N/A,NACIONAL,R VARIABLE,VARIABLE,R VARIABLE
COR26PT00322,Fondo de Capital Privado Colombia,COP,N/A,NACIONAL,R VARIABLE,VARIABLE,R VARIABLE
COR2EPT00158,Fondo de Capital Privado Colombia,COP,N/A,NACIONAL,R VARIABLE,VARIABLE,R VARIABLE
CORE4PT00116,Fondo de Capital Privado Colombia,COP,N/A,NACIONAL,R VARIABLE,VARIABLE,R VARIABLE
CORH2PT00059,Fondo de Capital Privado Colombia,COP,N/A,NACIONAL,R VARIABLE,VARIABLE,R VARIABLE
CORH7PT00058,Fondo de Capital Privado Colombia,COP,N/A,NACIONAL,R VARIABLE,VARIABLE,R VARIABLE
CORH0PT00038,Fondo de Capital Privado Colombia,COP,N/A,NACIONAL,R VARIABLE,VARIABLE,R VARIABLE
CORH7PT00066,Fondo de Capital Privado Colombia,COP,N/A,NACIONAL,R VARIABLE,VARIABLE,R VARIABLE
COR9DPT00205,Fondo de Capital Privado Colombia,COP,N/A,NACIONAL,R VARIABLE,VARIABLE,R VARIABLE
COR9DPT00213,Fondo de Capital Privado Colombia,COP,N/A,NACIONAL,R VARIABLE,VARIABLE,R VARIABLE
COR2EPT00166,Fondo de Capital Privado Colombia,COP,N/A,NACIONAL,R VARIABLE,VARIABLE,R VARIABLE
CORH4PT00048,Fondo de Capital Privado Colombia,COP,N/A,NACIONAL,R VARIABLE,VARIABLE,R VARIABLE
COR26PT00330,Fondo de Capital Privado Colombia,COP,N/A,NACIONAL,R VARIABLE,VARIABLE,R VARIABLE
COR9DPT00221,Fondo de Capital Privado Colombia,COP,N/A,NACIONAL,R VARIABLE,VARIABLE,R VARIABLE
COR20PT00648,Fondo de Capital Privado Colombia,COP,N/A,NACIONAL,R VARIABLE,VARIABLE,R VARIABLE
CORE4PT00124,Fondo de Capital Privado Colombia,COP,N/A,NACIONAL,R VARIABLE,VARIABLE,R VARIABLE
COR26PT00116,Fondo de Capital Privado Colombia,COP,N/A,NACIONAL,R VARIABLE,VARIABLE,R VARIABLE
COR05PT00680,Fondo de Capital Privado Colombia,COP,N/A,NACIONAL,R VARIABLE,VARIABLE,R VARIABLE
COR26PT00348,Fondo de Capital Privado Colombia,COP,N/A,NACIONAL,R VARIABLE,VARIABLE,R VARIABLE
CORH7PT00074,Fondo de Capital Privado Colombia,COP,N/A,NACIONAL,R VARIABLE,VARIABLE,R VARIABLE
CORH0PT00046,Fondo de Capital Privado Colombia,COP,N/A,NACIONAL,R VARIABLE,VARIABLE,R VARIABLE
COR2EPT00182,Fondo de Capital Privado Colombia,COP,N/A,NACIONAL,R VARIABLE,VARIABLE,R VARIABLE
CORJ7PT00015,Fondo de Capital Privado Colombia,COP,N/A,NACIONAL,R VARIABLE,VARIABLE,R VARIABLE
CORH7PT00082,Fondo de Capital Privado Colombia,COP,N/A,NACIONAL,R VARIABLE,VARIABLE,R VARIABLE
COR05PT00698,Fondo de Capital Privado Colombia,COP,N/A,NACIONAL,R VARIABLE,VARIABLE,R VARIABLE
COR2EPT00190,Fondo de Capital Privado Colombia,COP,N/A,NACIONAL,R VARIABLE,VARIABLE,R VARIABLE
CORH4PT00055,Fondo de Capital Privado Colombia,COP,N/A,NACIONAL,R VARIABLE,VARIABLE,R VARIABLE
COR9DPT00239,Fondo de Capital Privado Colombia,COP,N/A,NACIONAL,R VARIABLE,VARIABLE,R VARIABLE
CORE4PT00132,Fondo de Capital Privado Colombia,COP,N/A,NACIONAL,R VARIABLE,VARIABLE,R VARIABLE
COR26PT00355,Fondo de Capital Privado Colombia,COP,N/A,NACIONAL,R VARIABLE,VARIABLE,R VARIABLE
COR26PT00363,Fondo de Capital Privado Colombia,COP,N/A,NACIONAL,R VARIABLE,VARIABLE,R VARIABLE
CORH2PT00083,Fondo de Capital Privado Colombia,COP,N/A,NACIONAL,R VARIABLE,VARIABLE,R VARIABLE
COR26PT00371,Fondo de Capital Privado Colombia,COP,N/A,NACIONAL,R VARIABLE,VARIABLE,R VARIABLE
CORH0PT00053,Fondo de Capital Privado Colombia,COP,N/A,NACIONAL,R VARIABLE,VARIABLE,R VARIABLE
CORH7PT00090,Fondo de Capital Privado Colombia,COP,N/A,NACIONAL,R VARIABLE,VARIABLE,R VARIABLE
COR2EPT00208,Fondo de Capital Privado Colombia,COP,N/A,NACIONAL,R VARIABLE,VARIABLE,R VARIABLE
COR20PT00747,Fondo de Capital Privado Colombia,COP,N/A,NACIONAL,R VARIABLE,VARIABLE,R VARIABLE
COR20PT00754,Fondo de Capital Privado Colombia,COP,N/A,NACIONAL,R VARIABLE,VARIABLE,R VARIABLE
CORH7PT00108,Fondo de Capital Privado Colombia,COP,N/A,NACIONAL,R VARIABLE,VARIABLE,R VARIABLE
COR26PT00181,Fondo de Capital Privado Colombia,COP,N/A,NACIONAL,R VARIABLE,VARIABLE,R VARIABLE
COR26PT00389,Fondo de Capital Privado Colombia,COP,N/A,NACIONAL,R VARIABLE,VARIABLE,R VARIABLE
BARG01149D15,Inflacion-CORPORATIVO LOCAL,COP,IPC,NACIONAL,R FIJA,INFLACIÓN,R FIJA
BARG01149D10,Inflacion-CORPORATIVO LOCAL,COP,IPC,NACIONAL,R FIJA,INFLACIÓN,R FIJA
BARG01149D05,Inflacion-CORPORATIVO LOCAL,COP,IPC,NACIONAL,R FIJA,INFLACIÓN,R FIJA
BCOS03149B07,Inflacion-CORPORATIVO LOCAL,COP,IPC,NACIONAL,R FIJA,INFLACIÓN,R FIJA
BARG01148E03,Variable-CORPORATIVO LOCAL,COP,IBR,NACIONAL,R FIJA,VARIABLE,R FIJA
BBCB01149D10,Inflacion-CORPORATIVO LOCAL,COP,IPC,NACIONAL,R FIJA,INFLACIÓN,R FIJA
US40053W1018,Acciones Colombia,USD,N/A,NACIONAL,R VARIABLE,VARIABLE,R VARIABLE
COT80CH01995,CORPORATIVO LOCAL,COP,TASA FIJA,NACIONAL,R FIJA,TASA FIJA,R FIJA
US279158AK55,EM CORPORATIVOS,USD,TASA FIJA,INTERNACIONAL,R FIJA,TASA FIJA,R FIJA
Inverlink Estructuras Inmobiliarias Compartimento,Fondo de Capital Privado Colombia,COP,N/A,NACIONAL,R VARIABLE,VARIABLE,R VARIABLE
CORH4PT00063,Fondo de Capital Privado Colombia,COP,N/A,NACIONAL,R VARIABLE,VARIABLE,R VARIABLE
Fondo de Capital Privado MAS COLOMBIA-LATAM (FKMC),Fondo de Capital Privado Colombia,COP,N/A,NACIONAL,R VARIABLE,VARIABLE,R VARIABLE
FCP NB Crossroads Fund XX - Asset Allocation (Caym,Fondo de Capital Privado,USD,N/A,INTERNACIONAL,R VARIABLE,VARIABLE,R VARIABLE
Fondo de Co-Inversión con el Fondo Infra. Ashmore,Fondo de Capital Privado Colombia,COP,N/A,NACIONAL,R VARIABLE,VARIABLE,R VARIABLE
BCCB03149C10,Inflacion-CORPORATIVO LOCAL,COP,IPC,NACIONAL,R FIJA,INFLACIÓN,R FIJA
CORB5PT01742,Titularización Inmobiliaria,COP,N/A,NACIONAL,R VARIABLE,VARIABLE,R VARIABLE
US9229087104,Fondo Mutuo o Fondo Indice,USD,N/A,INTERNACIONAL,R VARIABLE,VARIABLE,R VARIABLE
BCHB06149B16,Inflacion-CORPORATIVO LOCAL,COP,IPC,NACIONAL,R FIJA,INFLACIÓN,R FIJA
COR9OPT00012,Titularización Inmobiliaria,COP,N/A,NACIONAL,R VARIABLE,VARIABLE,R VARIABLE
COT80CH02035,Titularización Inmobiliaria,COP,N/A,NACIONAL,R VARIABLE,VARIABLE,R VARIABLE
"LEXINGTON CAPITAL PARTNERS VIII, L.P.",Fondo de Capital Privado,USD,N/A,INTERNACIONAL,R VARIABLE,VARIABLE,R VARIABLE
PINEBRIDGE SECONDARY PARTNERS III L.P.,Fondo de Capital Privado,USD,N/A,INTERNACIONAL,R VARIABLE,VARIABLE,R VARIABLE
US912828G385,EM BONDS,USD,TASA FIJA,INTERNACIONAL,R FIJA,TASA FIJA,R FIJA
US195325CU73,EM BONDS,USD,TASA FIJA,INTERNACIONAL,R FIJA,TASA FIJA,R FIJA
HarbourVest Partners LLC,Fondo de Capital Privado,USD,N/A,INTERNACIONAL,R VARIABLE,VARIABLE,R VARIABLE
Landmark Real Estate Partners VII,Fondo de Capital Privado,USD,N/A,INTERNACIONAL,R VARIABLE,VARIABLE,R VARIABLE
Landmark Equity Partners XV,Fondo de Capital Privado,USD,N/A,INTERNACIONAL,R VARIABLE,VARIABLE,R VARIABLE
Lexington Capital Partners VIII,Fondo de Capital Privado,USD,N/A,INTERNACIONAL,R VARIABLE,VARIABLE,R VARIABLE
CORB5PT00264,Titularización Inmobiliaria,COP,N/A,NACIONAL,R VARIABLE,VARIABLE,R VARIABLE
CARTERA COLECTIVA INMOBILIARIA OLD MUTUAL-COMPRAR,Titularización Inmobiliaria,COP,N/A,NACIONAL,R VARIABLE,VARIABLE,R VARIABLE
US912828J272,TREASURIES-MULTILATERALES-AGENCIAS,USD,TASA FIJA,INTERNACIONAL,R FIJA,TASA FIJA,R FIJA
FCP INVERSOR COMPART A,Fondo de Capital Privado Colombia,COP,N/A,NACIONAL,R VARIABLE,VARIABLE,R VARIABLE
IE00B3XXRP09,Fondo Mutuo o Fondo Indice,USD,N/A,INTERNACIONAL,R VARIABLE,VARIABLE,R VARIABLE
LU0380865021,Fondo Mutuo o Fondo Indice,EUR,N/A,INTERNACIONAL,R VARIABLE,VARIABLE,R VARIABLE
LU0274211480,Fondo Mutuo o Fondo Indice,EUR,N/A,INTERNACIONAL,R VARIABLE,VARIABLE,R VARIABLE
LU0931681943,Fondo Mutuo o Fondo Indice,USD,N/A,INTERNACIONAL,R VARIABLE,VARIABLE,R VARIABLE
LU0248056110,Fondo Mutuo o Fondo Indice,USD,N/A,INTERNACIONAL,R VARIABLE,VARIABLE,R VARIABLE
US912828J355,TREASURIES-MULTILATERALES-AGENCIAS,USD,TASA FIJA,INTERNACIONAL,R FIJA,TASA FIJA,R FIJA
FCP FONDO ENERGETICO ANDINO C,Fondo de Capital Privado Colombia,COP,N/A,NACIONAL,R VARIABLE,VARIABLE,R VARIABLE
LU0947761630,Fondo Mutuo o Fondo Indice,USD,N/A,INTERNACIONAL,R VARIABLE,VARIABLE,R VARIABLE
US279158AJ82,EM CORPORATIVOS,USD,TASA FIJA,INTERNACIONAL,R FIJA,TASA FIJA,R FIJA
"Bain Capital Europe Fund IV, L.P.",Fondo de Capital Privado,EUR,N/A,INTERNACIONAL,R VARIABLE,VARIABLE,R VARIABLE
USP09646AE32,EM CORPORATIVOS,USD,TASA FIJA,INTERNACIONAL,R FIJA,TASA FIJA,R FIJA
USP16259AK29,EM CORPORATIVOS,USD,TASA FIJA,INTERNACIONAL,R FIJA,TASA FIJA,R FIJA
USP16259AB20,EM CORPORATIVOS,USD,TASA FIJA,INTERNACIONAL,R FIJA,TASA FIJA,R FIJA
CORB5PT03656,Titularización Inmobiliaria,COP,N/A,NACIONAL,R VARIABLE,VARIABLE,R VARIABLE
LU0912262945,Fondo Mutuo o Fondo Indice,USD,N/A,INTERNACIONAL,R VARIABLE,VARIABLE,R VARIABLE
US279158AE95,EM CORPORATIVOS,USD,TASA FIJA,INTERNACIONAL,R FIJA,TASA FIJA,R FIJA
Carlyle Realty Partners VII LP,Fondo de Capital Privado,USD,N/A,INTERNACIONAL,R VARIABLE,VARIABLE,R VARIABLE
USP16236AG98,EM CORPORATIVOS,USD,TASA FIJA,INTERNACIONAL,R FIJA,TASA FIJA,R FIJA
US4642864262,Fondo Mutuo o Fondo Indice,USD,N/A,INTERNACIONAL,R VARIABLE,VARIABLE,R VARIABLE
US4642868552,Fondo Mutuo o Fondo Indice,USD,N/A,INTERNACIONAL,R VARIABLE,VARIABLE,R VARIABLE
LU0960305257,Fondo Mutuo o Fondo Indice,USD,N/A,INTERNACIONAL,R VARIABLE,VARIABLE,R VARIABLE
LU0212179997,Fondo Mutuo o Fondo Indice,EUR,N/A,INTERNACIONAL,R VARIABLE,VARIABLE,R VARIABLE
COT80CH02068,CORPORATIVO LOCAL,COP,TASA FIJA,NACIONAL,R FIJA,TASA FIJA,R FIJA
US912828XB14,TREASURIES-MULTILATERALES-AGENCIAS,USD,TASA FIJA,INTERNACIONAL,R FIJA,TASA FIJA,R FIJA
DOVERSTREETVIIILLC,Fondo de Capital Privado,USD,N/A,INTERNACIONAL,R VARIABLE,VARIABLE,R VARIABLE
FCP MS INFRA,Fondo de Capital Privado,USD,N/A,INTERNACIONAL,R VARIABLE,VARIABLE,R VARIABLE
FCP RIVERSTONE,Fondo de Capital Privado,USD,N/A,INTERNACIONAL,R VARIABLE,VARIABLE,R VARIABLE
FCP CARLYLE ASIA,Fondo de Capital Privado,USD,N/A,INTERNACIONAL,R VARIABLE,VARIABLE,R VARIABLE
FCP NB CROSSRO2,Fondo de Capital Privado,USD,N/A,INTERNACIONAL,R VARIABLE,VARIABLE,R VARIABLE
FCP KKR MASTER,Fondo de Capital Privado,USD,N/A,INTERNACIONAL,R VARIABLE,VARIABLE,R VARIABLE
FCP POMONA,Fondo de Capital Privado,USD,N/A,INTERNACIONAL,R VARIABLE,VARIABLE,R VARIABLE
FCP BLACKSTONE,Fondo de Capital Privado,USD,N/A,INTERNACIONAL,R VARIABLE,VARIABLE,R VARIABLE
FCP MS CREDIT,Fondo de Capital Privado,USD,N/A,INTERNACIONAL,R VARIABLE,VARIABLE,R VARIABLE
FCP MS PMF V,Fondo de Capital Privado,USD,N/A,INTERNACIONAL,R VARIABLE,VARIABLE,R VARIABLE
FCP QUILVESTGEO1,Fondo de Capital Privado,USD,N/A,INTERNACIONAL,R VARIABLE,VARIABLE,R VARIABLE
FCPPOMONACLVIIILP,Fondo de Capital Privado,USD,N/A,INTERNACIONAL,R VARIABLE,VARIABLE,R VARIABLE
FCPPOMONACVIIICOLP,Fondo de Capital Privado,USD,N/A,INTERNACIONAL,R VARIABLE,VARIABLE,R VARIABLE
FCPPINEBRIDGECOPPPORT-II,Fondo de Capital Privado,USD,N/A,INTERNACIONAL,R VARIABLE,VARIABLE,R VARIABLE
FCPPARTNERSGROUPDIRINV2012,Fondo de Capital Privado,USD,N/A,INTERNACIONAL,R VARIABLE,VARIABLE,R VARIABLE
FCPPINEBRIDGESECPART-III,Fondo de Capital Privado,USD,N/A,INTERNACIONAL,R VARIABLE,VARIABLE,R VARIABLE
FCP HARBOURVEST,Fondo de Capital Privado,USD,N/A,INTERNACIONAL,R VARIABLE,VARIABLE,R VARIABLE
LEXINGTONCAPPVIII,Fondo de Capital Privado,USD,N/A,INTERNACIONAL,R VARIABLE,VARIABLE,R VARIABLE
FCP CARLYLE EUROPE,Fondo de Capital Privado,EUR,N/A,INTERNACIONAL,R VARIABLE,VARIABLE,R VARIABLE
FCP HIDROCARBURO,Fondo de Capital Privado Colombia,COP,N/A,NACIONAL,R VARIABLE,VARIABLE,R VARIABLE
FCP SEAF,Fondo de Capital Privado Colombia,COP,N/A,NACIONAL,R VARIABLE,VARIABLE,R VARIABLE
FCP CPVAL TERMO,Fondo de Capital Privado Colombia,COP,N/A,NACIONAL,R VARIABLE,VARIABLE,R VARIABLE
FCP TRIBECA 1,Fondo de Capital Privado Colombia,COP,N/A,NACIONAL,R VARIABLE,VARIABLE,R VARIABLE
FCP ALTRA 1,Fondo de Capital Privado Colombia,COP,N/A,NACIONAL,R VARIABLE,VARIABLE,R VARIABLE
FCP ESCALA,Fondo de Capital Privado Colombia,COP,N/A,NACIONAL,R VARIABLE,VARIABLE,R VARIABLE
FCP CPVAL PETRO,Fondo de Capital Privado Colombia,COP,N/A,NACIONAL,R VARIABLE,VARIABLE,R VARIABLE
FCP ASHMORE,Fondo de Capital Privado Colombia,COP,N/A,NACIONAL,R VARIABLE,VARIABLE,R VARIABLE
FCP ENERG ANDINO,Fondo de Capital Privado Colombia,COP,N/A,NACIONAL,R VARIABLE,VARIABLE,R VARIABLE
FCP ENERG ANDINO C,Fondo de Capital Privado Colombia,COP,N/A,NACIONAL,R VARIABLE,VARIABLE,R VARIABLE
FCP INMOBULTRAB,Fondo de Capital Privado Colombia,COP,N/A,NACIONAL,R VARIABLE,VARIABLE,R VARIABLE
FCP MAS COLOMBI,Fondo de Capital Privado Colombia,COP,N/A,NACIONAL,R VARIABLE,VARIABLE,R VARIABLE
FCPCOINVASHMOR1,Fondo de Capital Privado Colombia,COP,N/A,NACIONAL,R VARIABLE,VARIABLE,R VARIABLE
FCP BRICAPITAL,Fondo de Capital Privado Colombia,COP,N/A,NACIONAL,R VARIABLE,VARIABLE,R VARIABLE
FCPOXOCOMP1,Fondo de Capital Privado Colombia,COP,N/A,NACIONAL,R VARIABLE,VARIABLE,R VARIABLE
FCPTERRANUMB,Fondo de Capital Privado Colombia,COP,N/A,NACIONAL,R VARIABLE,VARIABLE,R VARIABLE
FCPTERRANUMC,Fondo de Capital Privado Colombia,COP,N/A,NACIONAL,R VARIABLE,VARIABLE,R VARIABLE
FCPVALORFORESTALCOMP8,Fondo de Capital Privado Colombia,COP,N/A,NACIONAL,R VARIABLE,VARIABLE,R VARIABLE
FCP ALTRA 2,Fondo de Capital Privado Colombia,COP,N/A,NACIONAL,R VARIABLE,VARIABLE,R VARIABLE
FCP NEXUS INMOB DIVER,Fondo de Capital Privado Colombia,COP,N/A,NACIONAL,R VARIABLE,VARIABLE,R VARIABLE
BBPREAL,Fondo de Capital Privado Colombia,COP,N/A,NACIONAL,R VARIABLE,VARIABLE,R VARIABLE
FCPCOINVASHMOR3,Fondo de Capital Privado Colombia,COP,N/A,NACIONAL,R VARIABLE,VARIABLE,R VARIABLE
LAPEF VI GP Limited Partnership,Fondo de Capital Privado,USD,N/A,INTERNACIONAL,R VARIABLE,VARIABLE,R VARIABLE
FCP NEXUS INMOBILIARIO COMPARTIMENTO INMOBILIARIO,Fondo de Capital Privado Colombia,COP,N/A,NACIONAL,R VARIABLE,VARIABLE,R VARIABLE
US9220428745,Fondo Mutuo o Fondo Indice,USD,N/A,INTERNACIONAL,R VARIABLE,VARIABLE,R VARIABLE
US9220428661,Fondo Mutuo o Fondo Indice,USD,N/A,INTERNACIONAL,R VARIABLE,VARIABLE,R VARIABLE
US9229083558,Fondo Mutuo o Fondo Indice,USD,N/A,INTERNACIONAL,R VARIABLE,VARIABLE,R VARIABLE
US195325BQ70,EM BONDS,USD,TASA FIJA,INTERNACIONAL,R FIJA,TASA FIJA,R FIJA
US912828XJ40,TREASURIES-MULTILATERALES-AGENCIAS,USD,TASA FIJA,INTERNACIONAL,R FIJA,TASA FIJA,R FIJA
Blackstone Real Estate Partners VIII,Fondo de Capital Privado,USD,N/A,INTERNACIONAL,R VARIABLE,VARIABLE,R VARIABLE
BTPL01159D07,Inflacion-CORPORATIVO LOCAL,COP,IPC,NACIONAL,R FIJA,INFLACIÓN,R FIJA
BPMG01159A07,Inflacion-CORPORATIVO LOCAL,COP,IPC,NACIONAL,R FIJA,INFLACIÓN,R FIJA
BSOB01149C05,Inflacion-CORPORATIVO LOCAL,COP,IPC,NACIONAL,R FIJA,INFLACIÓN,R FIJA
BDVI0714SF24,CORPORATIVO LOCAL,COP,TASA FIJA,NACIONAL,R FIJA,TASA FIJA,R FIJA
BDVI9159C120,Inflacion-CORPORATIVO LOCAL,COP,IPC,NACIONAL,R FIJA,INFLACIÓN,R FIJA
BDVI08159C60,Inflacion-CORPORATIVO LOCAL,COP,IPC,NACIONAL,R FIJA,INFLACIÓN,R FIJA
BDVI07148B36,Variable-CORPORATIVO LOCAL,COP,IBR,NACIONAL,R FIJA,VARIABLE,R FIJA
BLGC06151B03,Variable-CORPORATIVO LOCAL,COP,DTF,NACIONAL,R FIJA,VARIABLE,R FIJA
BCLP05149FS,Inflacion-CORPORATIVO LOCAL,COP,IPC,NACIONAL,R FIJA,INFLACIÓN,R FIJA
BDVI8159C120,Inflacion-CORPORATIVO LOCAL,COP,IPC,NACIONAL,R FIJA,INFLACIÓN,R FIJA
BBOC05138D3,Variable-CORPORATIVO LOCAL,COP,IBR,NACIONAL,R FIJA,VARIABLE,R FIJA
US912828K742,TREASURIES-MULTILATERALES-AGENCIAS,USD,TASA FIJA,INTERNACIONAL,R FIJA,TASA FIJA,R FIJA
IE0005023803,MONEY MARKET,EUR,N/A,INTERNACIONAL,CAJA,VARIABLE,CAJA
IE0004809582,MONEY MARKET,USD,N/A,INTERNACIONAL,CAJA,VARIABLE,CAJA
LU0090884072,MONEY MARKET,USD,N/A,INTERNACIONAL,CAJA,VARIABLE,CAJA
COV34PT00013,Titularización Inmobiliaria,COP,N/A,NACIONAL,R VARIABLE,VARIABLE,R VARIABLE
LU0103813712,MONEY MARKET,USD,N/A,INTERNACIONAL,CAJA,VARIABLE,CAJA
LU0239949414,SOBERANOS OTRAS MONEDAS,USD,TASA FIJA,INTERNACIONAL,R FIJA,TASA FIJA,R FIJA
LU0325327566,SOBERANOS OTRAS MONEDAS,USD,TASA FIJA,INTERNACIONAL,R FIJA,TASA FIJA,R FIJA
Partners Group Secondary 2015,Fondo de Capital Privado,USD,N/A,INTERNACIONAL,R VARIABLE,VARIABLE,R VARIABLE
Private Equity Managers 2015 (Offshore) SCSp,Fondo de Capital Privado,USD,N/A,INTERNACIONAL,R VARIABLE,VARIABLE,R VARIABLE
CNE,Acciones Colombia,CAD,N/A,NACIONAL,R VARIABLE,VARIABLE,R VARIABLE
BPENSISS1V,Bono Pensional,COP,IPC,NACIONAL,R FIJA,INFLACIÓN,R FIJA
BPENSISS2V,Bono Pensional,COP,IPC,NACIONAL,R FIJA,INFLACIÓN,R FIJA
BPENSION13,Bono Pensional,COP,IPC,NACIONAL,R FIJA,INFLACIÓN,R FIJA
BPENSION1V,Bono Pensional,COP,IPC,NACIONAL,R FIJA,INFLACIÓN,R FIJA
BBGA3149G180,Inflacion-CORPORATIVO LOCAL,COP,IPC,NACIONAL,R FIJA,INFLACIÓN,R FIJA
BDVI7149C120,Inflacion-CORPORATIVO LOCAL,COP,IPC,NACIONAL,R FIJA,INFLACIÓN,R FIJA
FIDURENTA - C.C.A. CON PACTO DE PERMANENCIA POR CO,FIC ACC. COL.,COP,N/A,NACIONAL,R VARIABLE,VARIABLE,R VARIABLE
US195325CX13,EM BONDS,USD,TASA FIJA,INTERNACIONAL,R FIJA,TASA FIJA,R FIJA
North Haven Capital Partners VI,Fondo de Capital Privado,USD,N/A,INTERNACIONAL,R VARIABLE,VARIABLE,R VARIABLE
CCC INMOBCOMPRAR PARA ARRENDAR,Titularización Inmobiliaria,COP,N/A,NACIONAL,R VARIABLE,VARIABLE,R VARIABLE
COT80CH02092,Inflacion-CORPORATIVO LOCAL,UVR,TASA FIJA,NACIONAL,R FIJA,INFLACIÓN,R FIJA
BEPMINHTA4,Bono Pensional,COP,IPC,NACIONAL,R FIJA,INFLACIÓN,R FIJA
CDTDVI95V,Inflacion-CORPORATIVO LOCAL,COP,IPC,NACIONAL,R FIJA,INFLACIÓN,R FIJA
FEP5 FICA FIDUCREDICORP VISTA,VISTA,COP,TASA FIJA,NACIONAL,CAJA,VARIABLE,CAJA
COR39PT00317,Fondo de Capital Privado Colombia,COP,N/A,NACIONAL,R VARIABLE,VARIABLE,R VARIABLE
CORG6PT00283,Fondo de Capital Privado Colombia,COP,N/A,NACIONAL,R VARIABLE,VARIABLE,R VARIABLE
COR4QPT00026,Fondo de Capital Privado Colombia,COP,N/A,NACIONAL,R VARIABLE,VARIABLE,R VARIABLE
COR4QPT00034,Fondo de Capital Privado Colombia,COP,N/A,NACIONAL,R VARIABLE,VARIABLE,R VARIABLE
COR9BPT00365,Fondo de Capital Privado Colombia,COP,N/A,NACIONAL,R VARIABLE,VARIABLE,R VARIABLE
CORM3PT00068,Fondo de Capital Privado Colombia,COP,N/A,NACIONAL,R VARIABLE,VARIABLE,R VARIABLE
CORH7PT00157,Fondo de Capital Privado Colombia,COP,N/A,NACIONAL,R VARIABLE,VARIABLE,R VARIABLE
CORN0PT00030,Fondo de Capital Privado Colombia,COP,N/A,NACIONAL,R VARIABLE,VARIABLE,R VARIABLE
COR39PT00325,Fondo de Capital Privado Colombia,COP,N/A,NACIONAL,R VARIABLE,VARIABLE,R VARIABLE
CORG6PT00291,Fondo de Capital Privado Colombia,COP,N/A,NACIONAL,R VARIABLE,VARIABLE,R VARIABLE
COR9BPT00373,Fondo de Capital Privado Colombia,COP,N/A,NACIONAL,R VARIABLE,VARIABLE,R VARIABLE
COR4QPT00042,Fondo de Capital Privado Colombia,COP,N/A,NACIONAL,R VARIABLE,VARIABLE,R VARIABLE
COR20PT01182,Fondo de Capital Privado Colombia,COP,N/A,NACIONAL,R VARIABLE,VARIABLE,R VARIABLE
COR9BPT00381,Fondo de Capital Privado Colombia,COP,N/A,NACIONAL,R VARIABLE,VARIABLE,R VARIABLE
CORM3PT00076,Fondo de Capital Privado Colombia,COP,N/A,NACIONAL,R VARIABLE,VARIABLE,R VARIABLE
CORM3PT00084,Fondo de Capital Privado Colombia,COP,N/A,NACIONAL,R VARIABLE,VARIABLE,R VARIABLE
FEE5 FCP EQT VII,Fondo de Capital Privado,EUR,N/A,INTERNACIONAL,R VARIABLE,VARIABLE,R VARIABLE
CDTBPO80,Variable-CORPORATIVO LOCAL,COP,IBR,NACIONAL,R FIJA,VARIABLE,R FIJA
COR90PT00682,Fondo de Capital Privado Colombia,COP,N/A,NACIONAL,R VARIABLE,VARIABLE,R VARIABLE
COR9QPT00090,Fondo de Capital Privado Colombia,COP,N/A,NACIONAL,R VARIABLE,VARIABLE,R VARIABLE
COR90PT00773,Fondo de Capital Privado Colombia,COP,N/A,NACIONAL,R VARIABLE,VARIABLE,R VARIABLE
CORH0PT00145,Fondo de Capital Privado Colombia,COP,N/A,NACIONAL,R VARIABLE,VARIABLE,R VARIABLE
COR9QPT00157,Fondo de Capital Privado Colombia,COP,N/A,NACIONAL,R VARIABLE,VARIABLE,R VARIABLE
CORH0PT00103,Fondo de Capital Privado Colombia,COP,N/A,NACIONAL,R VARIABLE,VARIABLE,R VARIABLE
CORH0PT00111,Fondo de Capital Privado Colombia,COP,N/A,NACIONAL,R VARIABLE,VARIABLE,R VARIABLE
CORH0PT00095,Fondo de Capital Privado Colombia,COP,N/A,NACIONAL,R VARIABLE,VARIABLE,R VARIABLE
CORC4PT00159,Fondo de Capital Privado Colombia,COP,N/A,NACIONAL,R VARIABLE,VARIABLE,R VARIABLE
COR9DPT00031,Fondo de Capital Privado Colombia,COP,N/A,NACIONAL,R VARIABLE,VARIABLE,R VARIABLE
CORH0PT00079,Fondo de Capital Privado Colombia,COP,N/A,NACIONAL,R VARIABLE,VARIABLE,R VARIABLE
COR9QPT00140,Fondo de Capital Privado Colombia,COP,N/A,NACIONAL,R VARIABLE,VARIABLE,R VARIABLE
COR9DPT00049,Fondo de Capital Privado Colombia,COP,N/A,NACIONAL,R VARIABLE,VARIABLE,R VARIABLE
COR9QPT00082,Fondo de Capital Privado Colombia,COP,N/A,NACIONAL,R VARIABLE,VARIABLE,R VARIABLE
COR05PT00813,Fondo de Capital Privado Colombia,COP,N/A,NACIONAL,R VARIABLE,VARIABLE,R VARIABLE
COR9QPT00116,Fondo de Capital Privado Colombia,COP,N/A,NACIONAL,R VARIABLE,VARIABLE,R VARIABLE
COR05PT00888,Fondo de Capital Privado Colombia,COP,N/A,NACIONAL,R VARIABLE,VARIABLE,R VARIABLE
COR9QPT00124,Fondo de Capital Privado Colombia,COP,N/A,NACIONAL,R VARIABLE,VARIABLE,R VARIABLE
COR9HPT00016,Fondo de Capital Privado Colombia,COP,N/A,NACIONAL,R VARIABLE,VARIABLE,R VARIABLE
COR05PT00730,Fondo de Capital Privado Colombia,COP,N/A,NACIONAL,R VARIABLE,VARIABLE,R VARIABLE
COR9QPT00165,Fondo de Capital Privado Colombia,COP,N/A,NACIONAL,R VARIABLE,VARIABLE,R VARIABLE
COR9DPT00064,Fondo de Capital Privado Colombia,COP,N/A,NACIONAL,R VARIABLE,VARIABLE,R VARIABLE
COR05PT00854,Fondo de Capital Privado Colombia,COP,N/A,NACIONAL,R VARIABLE,VARIABLE,R VARIABLE
COR9QPT00272,Fondo de Capital Privado Colombia,COP,N/A,NACIONAL,R VARIABLE,VARIABLE,R VARIABLE
CORH0PT00087,Fondo de Capital Privado Colombia,COP,N/A,NACIONAL,R VARIABLE,VARIABLE,R VARIABLE
COR05PT00714,Fondo de Capital Privado Colombia,COP,N/A,NACIONAL,R VARIABLE,VARIABLE,R VARIABLE
COR9DPT00270,Fondo de Capital Privado Colombia,COP,N/A,NACIONAL,R VARIABLE,VARIABLE,R VARIABLE
COR9DPT00288,Fondo de Capital Privado Colombia,COP,N/A,NACIONAL,R VARIABLE,VARIABLE,R VARIABLE
COR9QPT00264,Fondo de Capital Privado Colombia,COP,N/A,NACIONAL,R VARIABLE,VARIABLE,R VARIABLE
COR9DPT00296,Fondo de Capital Privado Colombia,COP,N/A,NACIONAL,R VARIABLE,VARIABLE,R VARIABLE
COR9DPT00015,Fondo de Capital Privado Colombia,COP,N/A,NACIONAL,R VARIABLE,VARIABLE,R VARIABLE
COR9QPT00249,Fondo de Capital Privado Colombia,COP,N/A,NACIONAL,R VARIABLE,VARIABLE,R VARIABLE
CORH0PT00020,Fondo de Capital Privado Colombia,COP,N/A,NACIONAL,R VARIABLE,VARIABLE,R VARIABLE
COR9DPT00262,Fondo de Capital Privado Colombia,COP,N/A,NACIONAL,R VARIABLE,VARIABLE,R VARIABLE
COR26PT00439,Fondo de Capital Privado Colombia,COP,N/A,NACIONAL,R VARIABLE,VARIABLE,R VARIABLE
COR9QPT00215,Fondo de Capital Privado Colombia,COP,N/A,NACIONAL,R VARIABLE,VARIABLE,R VARIABLE
COR05PT00797,Fondo de Capital Privado Colombia,COP,N/A,NACIONAL,R VARIABLE,VARIABLE,R VARIABLE
COR60PT00149,Fondo de Capital Privado Colombia,COP,N/A,NACIONAL,R VARIABLE,VARIABLE,R VARIABLE
COR9QPT00199,Fondo de Capital Privado Colombia,COP,N/A,NACIONAL,R VARIABLE,VARIABLE,R VARIABLE
CORH0PT00137,Fondo de Capital Privado Colombia,COP,N/A,NACIONAL,R VARIABLE,VARIABLE,R VARIABLE
COR60PT00131,Fondo de Capital Privado Colombia,COP,N/A,NACIONAL,R VARIABLE,VARIABLE,R VARIABLE
COR60PT00115,Fondo de Capital Privado Colombia,COP,N/A,NACIONAL,R VARIABLE,VARIABLE,R VARIABLE
COR60PT00123,Fondo de Capital Privado Colombia,COP,N/A,NACIONAL,R VARIABLE,VARIABLE,R VARIABLE
COR26PT00447,Fondo de Capital Privado Colombia,COP,N/A,NACIONAL,R VARIABLE,VARIABLE,R VARIABLE
COR05PT01118,Fondo de Capital Privado Colombia,COP,N/A,NACIONAL,R VARIABLE,VARIABLE,R VARIABLE
COR05PT00805,Fondo de Capital Privado Colombia,COP,N/A,NACIONAL,R VARIABLE,VARIABLE,R VARIABLE
COR05PT00789,Fondo de Capital Privado Colombia,COP,N/A,NACIONAL,R VARIABLE,VARIABLE,R VARIABLE
COR26PT00454,Fondo de Capital Privado Colombia,COP,N/A,NACIONAL,R VARIABLE,VARIABLE,R VARIABLE
COR05PT00821,Fondo de Capital Privado Colombia,COP,N/A,NACIONAL,R VARIABLE,VARIABLE,R VARIABLE
COR05PT00870,Fondo de Capital Privado Colombia,COP,N/A,NACIONAL,R VARIABLE,VARIABLE,R VARIABLE
COR05PT00771,Fondo de Capital Privado Colombia,COP,N/A,NACIONAL,R VARIABLE,VARIABLE,R VARIABLE
COR05PT00847,Fondo de Capital Privado Colombia,COP,N/A,NACIONAL,R VARIABLE,VARIABLE,R VARIABLE
CORC4PT00076,Fondo de Capital Privado Colombia,COP,N/A,NACIONAL,R VARIABLE,VARIABLE,R VARIABLE
COR05PT00763,Fondo de Capital Privado Colombia,COP,N/A,NACIONAL,R VARIABLE,VARIABLE,R VARIABLE
COR26PT00413,Fondo de Capital Privado Colombia,COP,N/A,NACIONAL,R VARIABLE,VARIABLE,R VARIABLE
COR26PT00462,Fondo de Capital Privado Colombia,COP,N/A,NACIONAL,R VARIABLE,VARIABLE,R VARIABLE
COR9DPT00247,Fondo de Capital Privado Colombia,COP,N/A,NACIONAL,R VARIABLE,VARIABLE,R VARIABLE
COR60PT00081,Fondo de Capital Privado Colombia,COP,N/A,NACIONAL,R VARIABLE,VARIABLE,R VARIABLE
COR26PT00397,Fondo de Capital Privado Colombia,COP,N/A,NACIONAL,R VARIABLE,VARIABLE,R VARIABLE
CORA5PT00240,Fondo de Capital Privado Colombia,COP,N/A,NACIONAL,R VARIABLE,VARIABLE,R VARIABLE
CORC4PT00126,Fondo de Capital Privado Colombia,COP,N/A,NACIONAL,R VARIABLE,VARIABLE,R VARIABLE
CORC4PT00043,Fondo de Capital Privado Colombia,COP,N/A,NACIONAL,R VARIABLE,VARIABLE,R VARIABLE
CORC4PT00134,Fondo de Capital Privado Colombia,COP,N/A,NACIONAL,R VARIABLE,VARIABLE,R VARIABLE
COR05PT00755,Fondo de Capital Privado Colombia,COP,N/A,NACIONAL,R VARIABLE,VARIABLE,R VARIABLE
COR05PT00748,Fondo de Capital Privado Colombia,COP,N/A,NACIONAL,R VARIABLE,VARIABLE,R VARIABLE
COR9QPT00207,Fondo de Capital Privado Colombia,COP,N/A,NACIONAL,R VARIABLE,VARIABLE,R VARIABLE
COR4DPT00016,Fondo de Capital Privado Colombia,COP,N/A,NACIONAL,R VARIABLE,VARIABLE,R VARIABLE
COR05PT00862,Fondo de Capital Privado Colombia,COP,N/A,NACIONAL,R VARIABLE,VARIABLE,R VARIABLE
CORC4PT00027,Fondo de Capital Privado Colombia,COP,N/A,NACIONAL,R VARIABLE,VARIABLE,R VARIABLE
COR9QPT00231,Fondo de Capital Privado Colombia,COP,N/A,NACIONAL,R VARIABLE,VARIABLE,R VARIABLE
COR05PT00722,Fondo de Capital Privado Colombia,COP,N/A,NACIONAL,R VARIABLE,VARIABLE,R VARIABLE
COR9QPT00256,Fondo de Capital Privado Colombia,COP,N/A,NACIONAL,R VARIABLE,VARIABLE,R VARIABLE
COR60PT00073,Fondo de Capital Privado Colombia,COP,N/A,NACIONAL,R VARIABLE,VARIABLE,R VARIABLE
COR60PT00107,Fondo de Capital Privado Colombia,COP,N/A,NACIONAL,R VARIABLE,VARIABLE,R VARIABLE
COR4DPT00024,Fondo de Capital Privado Colombia,COP,N/A,NACIONAL,R VARIABLE,VARIABLE,R VARIABLE
CORH0PT00129,Fondo de Capital Privado Colombia,COP,N/A,NACIONAL,R VARIABLE,VARIABLE,R VARIABLE
COR4DPT00032,Fondo de Capital Privado Colombia,COP,N/A,NACIONAL,R VARIABLE,VARIABLE,R VARIABLE
CORC4PT00100,Fondo de Capital Privado Colombia,COP,N/A,NACIONAL,R VARIABLE,VARIABLE,R VARIABLE
COR26PT00033,Fondo de Capital Privado Colombia,COP,N/A,NACIONAL,R VARIABLE,VARIABLE,R VARIABLE
CORC4PT00084,Fondo de Capital Privado Colombia,COP,N/A,NACIONAL,R VARIABLE,VARIABLE,R VARIABLE
CORI8PT00014,Fondo de Capital Privado Colombia,COP,N/A,NACIONAL,R VARIABLE,VARIABLE,R VARIABLE
CORC4PT00142,Fondo de Capital Privado Colombia,COP,N/A,NACIONAL,R VARIABLE,VARIABLE,R VARIABLE
CORI8PT00022,Fondo de Capital Privado Colombia,COP,N/A,NACIONAL,R VARIABLE,VARIABLE,R VARIABLE
CORI8PT00030,Fondo de Capital Privado Colombia,COP,N/A,NACIONAL,R VARIABLE,VARIABLE,R VARIABLE
CORI8PT00048,Fondo de Capital Privado Colombia,COP,N/A,NACIONAL,R VARIABLE,VARIABLE,R VARIABLE
CORI8PT00055,Fondo de Capital Privado Colombia,COP,N/A,NACIONAL,R VARIABLE,VARIABLE,R VARIABLE
CORC4PT00050,Fondo de Capital Privado Colombia,COP,N/A,NACIONAL,R VARIABLE,VARIABLE,R VARIABLE
COR9MPT00016,Fondo de Capital Privado Colombia,COP,N/A,NACIONAL,R VARIABLE,VARIABLE,R VARIABLE
CORC4PT00092,Fondo de Capital Privado Colombia,COP,N/A,NACIONAL,R VARIABLE,VARIABLE,R VARIABLE
COR9QPT00173,Fondo de Capital Privado Colombia,COP,N/A,NACIONAL,R VARIABLE,VARIABLE,R VARIABLE
COR9QPT00132,Fondo de Capital Privado Colombia,COP,N/A,NACIONAL,R VARIABLE,VARIABLE,R VARIABLE
COR9QPT00181,Fondo de Capital Privado Colombia,COP,N/A,NACIONAL,R VARIABLE,VARIABLE,R VARIABLE
COR9DPT00254,Fondo de Capital Privado Colombia,COP,N/A,NACIONAL,R VARIABLE,VARIABLE,R VARIABLE
COR9QPT00223,Fondo de Capital Privado Colombia,COP,N/A,NACIONAL,R VARIABLE,VARIABLE,R VARIABLE
CORA5PT00232,Fondo de Capital Privado Colombia,COP,N/A,NACIONAL,R VARIABLE,VARIABLE,R VARIABLE
COR9QPT00074,Fondo de Capital Privado Colombia,COP,N/A,NACIONAL,R VARIABLE,VARIABLE,R VARIABLE
COR20PT00788,Fondo de Capital Privado Colombia,COP,N/A,NACIONAL,R VARIABLE,VARIABLE,R VARIABLE
CORC4PT00035,Fondo de Capital Privado Colombia,COP,N/A,NACIONAL,R VARIABLE,VARIABLE,R VARIABLE
COR60PT00099,Fondo de Capital Privado Colombia,COP,N/A,NACIONAL,R VARIABLE,VARIABLE,R VARIABLE
CORH0PT00061,Fondo de Capital Privado Colombia,COP,N/A,NACIONAL,R VARIABLE,VARIABLE,R VARIABLE
COR9DPT00304,Fondo de Capital Privado Colombia,COP,N/A,NACIONAL,R VARIABLE,VARIABLE,R VARIABLE
CORC4PT00118,Fondo de Capital Privado Colombia,COP,N/A,NACIONAL,R VARIABLE,VARIABLE,R VARIABLE
CORC4PT00068,Fondo de Capital Privado Colombia,COP,N/A,NACIONAL,R VARIABLE,VARIABLE,R VARIABLE
COR4DPT00040,Fondo de Capital Privado Colombia,COP,N/A,NACIONAL,R VARIABLE,VARIABLE,R VARIABLE
COR0SPT00202,Fondo de Capital Privado Colombia,COP,N/A,NACIONAL,R VARIABLE,VARIABLE,R VARIABLE
CORC4PT00019,Fondo de Capital Privado Colombia,COP,N/A,NACIONAL,R VARIABLE,VARIABLE,R VARIABLE
COR9MPT00024,Fondo de Capital Privado Colombia,COP,N/A,NACIONAL,R VARIABLE,VARIABLE,R VARIABLE
CORG9PT00014,Fondo de Capital Privado Colombia,COP,N/A,NACIONAL,R VARIABLE,VARIABLE,R VARIABLE
COR90PT00567,Fondo de Capital Privado Colombia,COP,N/A,NACIONAL,R VARIABLE,VARIABLE,R VARIABLE
COR90PT00609,Fondo de Capital Privado Colombia,COP,N/A,NACIONAL,R VARIABLE,VARIABLE,R VARIABLE
COR90PT00559,Fondo de Capital Privado Colombia,COP,N/A,NACIONAL,R VARIABLE,VARIABLE,R VARIABLE
COR90PT00591,Fondo de Capital Privado Colombia,COP,N/A,NACIONAL,R VARIABLE,VARIABLE,R VARIABLE
COR90PT00583,Fondo de Capital Privado Colombia,COP,N/A,NACIONAL,R VARIABLE,VARIABLE,R VARIABLE
COR90PT00575,Fondo de Capital Privado Colombia,COP,N/A,NACIONAL,R VARIABLE,VARIABLE,R VARIABLE
COR90PT00708,Fondo de Capital Privado Colombia,COP,N/A,NACIONAL,R VARIABLE,VARIABLE,R VARIABLE
COR17PT00404,Fondo de Capital Privado Colombia,COP,N/A,NACIONAL,R VARIABLE,VARIABLE,R VARIABLE
COR17PT00420,Fondo de Capital Privado Colombia,COP,N/A,NACIONAL,R VARIABLE,VARIABLE,R VARIABLE
COR17PT00446,Fondo de Capital Privado Colombia,COP,N/A,NACIONAL,R VARIABLE,VARIABLE,R VARIABLE
COR17PT00453,Fondo de Capital Privado Colombia,COP,N/A,NACIONAL,R VARIABLE,VARIABLE,R VARIABLE
COR17PT00123,Fondo de Capital Privado Colombia,COP,N/A,NACIONAL,R VARIABLE,VARIABLE,R VARIABLE
COR17PT00479,Fondo de Capital Privado Colombia,COP,N/A,NACIONAL,R VARIABLE,VARIABLE,R VARIABLE
CORN1PT00012,Fondo de Capital Privado Colombia,COP,N/A,NACIONAL,R VARIABLE,VARIABLE,R VARIABLE
COR17PT00131,Fondo de Capital Privado Colombia,COP,N/A,NACIONAL,R VARIABLE,VARIABLE,R VARIABLE
COR17PT00149,Fondo de Capital Privado Colombia,COP,N/A,NACIONAL,R VARIABLE,VARIABLE,R VARIABLE
COR17PT00487,Fondo de Capital Privado Colombia,COP,N/A,NACIONAL,R VARIABLE,VARIABLE,R VARIABLE
COR9BPT00118,Fondo de Capital Privado Colombia,COP,N/A,NACIONAL,R VARIABLE,VARIABLE,R VARIABLE
COR4IPT00015,Fondo de Capital Privado Colombia,COP,N/A,NACIONAL,R VARIABLE,VARIABLE,R VARIABLE
COR17PT00172,Fondo de Capital Privado Colombia,COP,N/A,NACIONAL,R VARIABLE,VARIABLE,R VARIABLE
COR17PT00214,Fondo de Capital Privado Colombia,COP,N/A,NACIONAL,R VARIABLE,VARIABLE,R VARIABLE
COR17PT00180,Fondo de Capital Privado Colombia,COP,N/A,NACIONAL,R VARIABLE,VARIABLE,R VARIABLE
COR17PT00222,Fondo de Capital Privado Colombia,COP,N/A,NACIONAL,R VARIABLE,VARIABLE,R VARIABLE
COR17PT00263,Fondo de Capital Privado Colombia,COP,N/A,NACIONAL,R VARIABLE,VARIABLE,R VARIABLE
COR05PT00912,Fondo de Capital Privado Colombia,COP,N/A,NACIONAL,R VARIABLE,VARIABLE,R VARIABLE
COR05PT01035,Fondo de Capital Privado Colombia,COP,N/A,NACIONAL,R VARIABLE,VARIABLE,R VARIABLE
COR9DPT00098,Fondo de Capital Privado Colombia,COP,N/A,NACIONAL,R VARIABLE,VARIABLE,R VARIABLE
COR9DPT00072,Fondo de Capital Privado Colombia,COP,N/A,NACIONAL,R VARIABLE,VARIABLE,R VARIABLE
COR05PT00995,Fondo de Capital Privado Colombia,COP,N/A,NACIONAL,R VARIABLE,VARIABLE,R VARIABLE
COR9DPT00056,Fondo de Capital Privado Colombia,COP,N/A,NACIONAL,R VARIABLE,VARIABLE,R VARIABLE
COR9DPT00023,Fondo de Capital Privado Colombia,COP,N/A,NACIONAL,R VARIABLE,VARIABLE,R VARIABLE
COR17PT00297,Fondo de Capital Privado Colombia,COP,N/A,NACIONAL,R VARIABLE,VARIABLE,R VARIABLE
COR17PT00305,Fondo de Capital Privado Colombia,COP,N/A,NACIONAL,R VARIABLE,VARIABLE,R VARIABLE
COR17PT00313,Fondo de Capital Privado Colombia,COP,N/A,NACIONAL,R VARIABLE,VARIABLE,R VARIABLE
CORA5PT00125,Fondo de Capital Privado Colombia,COP,N/A,NACIONAL,R VARIABLE,VARIABLE,R VARIABLE
COR17PT00016,Fondo de Capital Privado Colombia,COP,N/A,NACIONAL,R VARIABLE,VARIABLE,R VARIABLE
COR17PT00057,Fondo de Capital Privado Colombia,COP,N/A,NACIONAL,R VARIABLE,VARIABLE,R VARIABLE
COR17PT00099,Fondo de Capital Privado Colombia,COP,N/A,NACIONAL,R VARIABLE,VARIABLE,R VARIABLE
COR17PT00321,Fondo de Capital Privado Colombia,COP,N/A,NACIONAL,R VARIABLE,VARIABLE,R VARIABLE
COR17PT00362,Fondo de Capital Privado Colombia,COP,N/A,NACIONAL,R VARIABLE,VARIABLE,R VARIABLE
COR17PT00073,Fondo de Capital Privado Colombia,COP,N/A,NACIONAL,R VARIABLE,VARIABLE,R VARIABLE
COR17PT00081,Fondo de Capital Privado Colombia,COP,N/A,NACIONAL,R VARIABLE,VARIABLE,R VARIABLE
COR17PT00107,Fondo de Capital Privado Colombia,COP,N/A,NACIONAL,R VARIABLE,VARIABLE,R VARIABLE
COR17PT00396,Fondo de Capital Privado Colombia,COP,N/A,NACIONAL,R VARIABLE,VARIABLE,R VARIABLE
COR26PT00405,Fondo de Capital Privado Colombia,COP,N/A,NACIONAL,R VARIABLE,VARIABLE,R VARIABLE
CORB0PT00125,Fondo de Capital Privado Colombia,COP,N/A,NACIONAL,R VARIABLE,VARIABLE,R VARIABLE
COR26PT00421,Fondo de Capital Privado Colombia,COP,N/A,NACIONAL,R VARIABLE,VARIABLE,R VARIABLE
CORH4PT00071,Fondo de Capital Privado Colombia,COP,N/A,NACIONAL,R VARIABLE,VARIABLE,R VARIABLE
CORH4PT00089,Fondo de Capital Privado Colombia,COP,N/A,NACIONAL,R VARIABLE,VARIABLE,R VARIABLE
CORH2PT00125,Fondo de Capital Privado Colombia,COP,N/A,NACIONAL,R VARIABLE,VARIABLE,R VARIABLE
CORH4PT00097,Fondo de Capital Privado Colombia,COP,N/A,NACIONAL,R VARIABLE,VARIABLE,R VARIABLE
CORH2PT00141,Fondo de Capital Privado Colombia,COP,N/A,NACIONAL,R VARIABLE,VARIABLE,R VARIABLE
CORH2PT00091,Fondo de Capital Privado Colombia,COP,N/A,NACIONAL,R VARIABLE,VARIABLE,R VARIABLE
CORH2PT00133,Fondo de Capital Privado Colombia,COP,N/A,NACIONAL,R VARIABLE,VARIABLE,R VARIABLE
CORH4PT00105,Fondo de Capital Privado Colombia,COP,N/A,NACIONAL,R VARIABLE,VARIABLE,R VARIABLE
CORH2PT00158,Fondo de Capital Privado Colombia,COP,N/A,NACIONAL,R VARIABLE,VARIABLE,R VARIABLE
COR0SPT00095,Fondo de Capital Privado Colombia,COP,N/A,NACIONAL,R VARIABLE,VARIABLE,R VARIABLE
COR23PT00014,Fondo de Capital Privado Colombia,COP,N/A,NACIONAL,R VARIABLE,VARIABLE,R VARIABLE
COR9MPT00032,Fondo de Capital Privado Colombia,COP,N/A,NACIONAL,R VARIABLE,VARIABLE,R VARIABLE
Ardian Secondary Fund VII,Fondo de Capital Privado,USD,N/A,INTERNACIONAL,R VARIABLE,VARIABLE,R VARIABLE
"Carlyle U.S. Equity Opportunity Fund II, L.P.",Fondo de Capital Privado,USD,N/A,INTERNACIONAL,R VARIABLE,VARIABLE,R VARIABLE
CCA,VISTA,COP,TASA FIJA,NACIONAL,CAJA,VARIABLE,CAJA
BLGC6159C5,Inflacion-CORPORATIVO LOCAL,COP,IPC,NACIONAL,R FIJA,INFLACIÓN,R FIJA
BBOC815SA2,CORPORATIVO LOCAL,COP,TASA FIJA,NACIONAL,R FIJA,TASA FIJA,R FIJA
BDVI19C120,Inflacion-CORPORATIVO LOCAL,COP,IPC,NACIONAL,R FIJA,INFLACIÓN,R FIJA
BBOC959B12,Inflacion-CORPORATIVO LOCAL,COP,IPC,NACIONAL,R FIJA,INFLACIÓN,R FIJA
BCMI115MV,Inflacion-CORPORATIVO LOCAL,UVR,TASA FIJA,NACIONAL,R FIJA,INFLACIÓN,R FIJA
BDVI159C60,Inflacion-CORPORATIVO LOCAL,COP,IPC,NACIONAL,R FIJA,INFLACIÓN,R FIJA
BDVI10158B24,Variable-CORPORATIVO LOCAL,COP,IBR,NACIONAL,R FIJA,VARIABLE,R FIJA
BBPO105SB2,CORPORATIVO LOCAL,COP,TASA FIJA,NACIONAL,R FIJA,TASA FIJA,R FIJA
CORB5PT04134,Titularización Inmobiliaria,COP,N/A,NACIONAL,R VARIABLE,VARIABLE,R VARIABLE
CORB5PT04217,Titularización Inmobiliaria,COP,N/A,NACIONAL,R VARIABLE,VARIABLE,R VARIABLE
CORB5PT04514,Titularización Inmobiliaria,COP,N/A,NACIONAL,R VARIABLE,VARIABLE,R VARIABLE
CDTBSA90P,Inflacion-CORPORATIVO LOCAL,COP,IPC,NACIONAL,R FIJA,INFLACIÓN,R FIJA
CDTBGA10,Variable-CORPORATIVO LOCAL,COP,DTF,NACIONAL,R FIJA,VARIABLE,R FIJA
CDTDVI9R,Inflacion-CORPORATIVO LOCAL,COP,IPC,NACIONAL,R FIJA,INFLACIÓN,R FIJA
CDTCL980,Variable-CORPORATIVO LOCAL,COP,IBR,NACIONAL,R FIJA,VARIABLE,R FIJA
CDTLBX10,Variable-CORPORATIVO LOCAL,COP,DTF,NACIONAL,R FIJA,VARIABLE,R FIJA
CDTBCX10,Variable-CORPORATIVO LOCAL,COP,DTF,NACIONAL,R FIJA,VARIABLE,R FIJA
CDTLBVS0V,CORPORATIVO LOCAL,COP,TASA FIJA,NACIONAL,R FIJA,TASA FIJA,R FIJA
CDTFAN10,Variable-CORPORATIVO LOCAL,COP,DTF,NACIONAL,R FIJA,VARIABLE,R FIJA
CDTBCX90,Inflacion-CORPORATIVO LOCAL,COP,IPC,NACIONAL,R FIJA,INFLACIÓN,R FIJA
CDTITAS0V,CORPORATIVO LOCAL,COP,TASA FIJA,NACIONAL,R FIJA,TASA FIJA,R FIJA
CDTCAGS0V,CORPORATIVO LOCAL,COP,TASA FIJA,NACIONAL,R FIJA,TASA FIJA,R FIJA
CDTCBCS0V,CORPORATIVO LOCAL,COP,TASA FIJA,NACIONAL,R FIJA,TASA FIJA,R FIJA
CDTCFCS0V,CORPORATIVO LOCAL,COP,TASA FIJA,NACIONAL,R FIJA,TASA FIJA,R FIJA
CDTLVSS0V,CORPORATIVO LOCAL,COP,TASA FIJA,NACIONAL,R FIJA,TASA FIJA,R FIJA
CDTBCB90GP,Inflacion-CORPORATIVO LOCAL,COP,IPC,NACIONAL,R FIJA,INFLACIÓN,R FIJA
CDTBSA95,Inflacion-CORPORATIVO LOCAL,COP,IPC,NACIONAL,R FIJA,INFLACIÓN,R FIJA
CDTCLP90P,Inflacion-CORPORATIVO LOCAL,COP,IPC,NACIONAL,R FIJA,INFLACIÓN,R FIJA
CDTBSA10,Variable-CORPORATIVO LOCAL,COP,DTF,NACIONAL,R FIJA,VARIABLE,R FIJA
CDTBCB80P,Variable-CORPORATIVO LOCAL,COP,IBR,NACIONAL,R FIJA,VARIABLE,R FIJA
CDTBCB10P,Variable-CORPORATIVO LOCAL,COP,DTF,NACIONAL,R FIJA,VARIABLE,R FIJA
CDTLGC10,Variable-CORPORATIVO LOCAL,COP,DTF,NACIONAL,R FIJA,VARIABLE,R FIJA
CDTFAL10,Variable-CORPORATIVO LOCAL,COP,DTF,NACIONAL,R FIJA,VARIABLE,R FIJA
CDTBSC15,Variable-CORPORATIVO LOCAL,COP,DTF,NACIONAL,R FIJA,VARIABLE,R FIJA
CDTB0C80P,Variable-CORPORATIVO LOCAL,COP,IBR,NACIONAL,R FIJA,VARIABLE,R FIJA
CDTFDT10,Variable-CORPORATIVO LOCAL,COP,DTF,NACIONAL,R FIJA,VARIABLE,R FIJA
CDTBSCS0V,CORPORATIVO LOCAL,COP,TASA FIJA,NACIONAL,R FIJA,TASA FIJA,R FIJA
CDTSVFS0VA,CORPORATIVO LOCAL,COP,TASA FIJA,NACIONAL,R FIJA,TASA FIJA,R FIJA
CDTBB080,Variable-CORPORATIVO LOCAL,COP,IBR,NACIONAL,R FIJA,VARIABLE,R FIJA
CDTBOC95P,Inflacion-CORPORATIVO LOCAL,COP,IPC,NACIONAL,R FIJA,INFLACIÓN,R FIJA
CDTDVI10,Variable-CORPORATIVO LOCAL,COP,DTF,NACIONAL,R FIJA,VARIABLE,R FIJA
CDTBPO10,Variable-CORPORATIVO LOCAL,COP,DTF,NACIONAL,R FIJA,VARIABLE,R FIJA
CDTCFC10,Variable-CORPORATIVO LOCAL,COP,DTF,NACIONAL,R FIJA,VARIABLE,R FIJA
CDTCLPS0V,CORPORATIVO LOCAL,COP,TASA FIJA,NACIONAL,R FIJA,TASA FIJA,R FIJA
CDTBOCS0V,CORPORATIVO LOCAL,COP,TASA FIJA,NACIONAL,R FIJA,TASA FIJA,R FIJA
CDTBBO10,Variable-CORPORATIVO LOCAL,COP,DTF,NACIONAL,R FIJA,VARIABLE,R FIJA
CDTBCX80,Variable-CORPORATIVO LOCAL,COP,IBR,NACIONAL,R FIJA,VARIABLE,R FIJA
CDTBGA95,Inflacion-CORPORATIVO LOCAL,COP,IPC,NACIONAL,R FIJA,INFLACIÓN,R FIJA
COB07CD45984,Inflacion-CORPORATIVO LOCAL,COP,IPC,NACIONAL,R FIJA,INFLACIÓN,R FIJA
CDTLIFS0V,CORPORATIVO LOCAL,COP,TASA FIJA,NACIONAL,R FIJA,TASA FIJA,R FIJA
CDTCFS0V,CORPORATIVO LOCAL,COP,TASA FIJA,NACIONAL,R FIJA,TASA FIJA,R FIJA
CDTBO80,Variable-CORPORATIVO LOCAL,COP,IBR,NACIONAL,R FIJA,VARIABLE,R FIJA
CDTSUF80A,Variable-CORPORATIVO LOCAL,COP,IBR,NACIONAL,R FIJA,VARIABLE,R FIJA
CDTCLP80,Variable-CORPORATIVO LOCAL,COP,IBR,NACIONAL,R FIJA,VARIABLE,R FIJA
CDTLIF10,Variable-CORPORATIVO LOCAL,COP,DTF,NACIONAL,R FIJA,VARIABLE,R FIJA
CDTSUFS0V,CORPORATIVO LOCAL,COP,TASA FIJA,NACIONAL,R FIJA,TASA FIJA,R FIJA
CDTFDT90,Inflacion-CORPORATIVO LOCAL,COP,IPC,NACIONAL,R FIJA,INFLACIÓN,R FIJA
CDTLSVS0V,CORPORATIVO LOCAL,COP,TASA FIJA,NACIONAL,R FIJA,TASA FIJA,R FIJA
CDTSVF0VA,CORPORATIVO LOCAL,COP,TASA FIJA,NACIONAL,R FIJA,TASA FIJA,R FIJA
CDTLVS80,Variable-CORPORATIVO LOCAL,COP,IBR,NACIONAL,R FIJA,VARIABLE,R FIJA
CDTLGC80B,Variable-CORPORATIVO LOCAL,COP,IBR,NACIONAL,R FIJA,VARIABLE,R FIJA
CDTCSA80,Variable-CORPORATIVO LOCAL,COP,IBR,NACIONAL,R FIJA,VARIABLE,R FIJA
LU0995121646,Fondo Mutuo o Fondo Indice,EUR,N/A,INTERNACIONAL,R VARIABLE,VARIABLE,R VARIABLE
US195325BR53,EM BONDS,USD,TASA FIJA,INTERNACIONAL,R FIJA,TASA FIJA,R FIJA
BMME01149A10,Inflacion-CORPORATIVO LOCAL,COP,IPC,NACIONAL,R FIJA,INFLACIÓN,R FIJA
BEPM06149A12,Inflacion-CORPORATIVO LOCAL,COP,IPC,NACIONAL,R FIJA,INFLACIÓN,R FIJA
BEPM06149A06,Inflacion-CORPORATIVO LOCAL,COP,IPC,NACIONAL,R FIJA,INFLACIÓN,R FIJA
BISA09159C20,Inflacion-CORPORATIVO LOCAL,COP,IPC,NACIONAL,R FIJA,INFLACIÓN,R FIJA
BEPM07159A20,Inflacion-CORPORATIVO LOCAL,COP,IPC,NACIONAL,R FIJA,INFLACIÓN,R FIJA
US912828M565,TREASURIES-MULTILATERALES-AGENCIAS,USD,TASA FIJA,INTERNACIONAL,R FIJA,TASA FIJA,R FIJA
FED5 FCP TPG VII,Fondo de Capital Privado,USD,N/A,INTERNACIONAL,R VARIABLE,VARIABLE,R VARIABLE
CDTIVC80,Variable-CORPORATIVO LOCAL,COP,IBR,NACIONAL,R FIJA,VARIABLE,R FIJA
COR4QPT00059,Fondo de Capital Privado Colombia,COP,N/A,NACIONAL,R VARIABLE,VARIABLE,R VARIABLE
CORH7PT00165,Fondo de Capital Privado Colombia,COP,N/A,NACIONAL,R VARIABLE,VARIABLE,R VARIABLE
TCO364131216,TF TES,COP,TASA FIJA,NACIONAL,R FIJA,TASA FIJA,R FIJA
FED5 FCP NB CO INVERSION III,Fondo de Capital Privado,USD,N/A,INTERNACIONAL,R VARIABLE,VARIABLE,R VARIABLE
US5771307924,Fondo Mutuo o Fondo Indice,USD,N/A,INTERNACIONAL,R VARIABLE,VARIABLE,R VARIABLE
CORN9PT00015,Fondo de Capital Privado Colombia,COP,N/A,NACIONAL,R VARIABLE,VARIABLE,R VARIABLE
CORM3PT00092,Fondo de Capital Privado Colombia,COP,N/A,NACIONAL,R VARIABLE,VARIABLE,R VARIABLE
CORH5PT00102,Fondo de Capital Privado Colombia,COP,N/A,NACIONAL,R VARIABLE,VARIABLE,R VARIABLE
COR9BPT00399,Fondo de Capital Privado Colombia,COP,N/A,NACIONAL,R VARIABLE,VARIABLE,R VARIABLE
CORM3PT00100,Fondo de Capital Privado Colombia,COP,N/A,NACIONAL,R VARIABLE,VARIABLE,R VARIABLE
FEP5 FCP VR FORESTAL COMP. 8,Fondo de Capital Privado Colombia,COP,N/A,NACIONAL,R VARIABLE,VARIABLE,R VARIABLE
CORK9PT00083,Fondo de Capital Privado Colombia,COP,N/A,NACIONAL,R VARIABLE,VARIABLE,R VARIABLE
CORE4PT00199,Fondo de Capital Privado Colombia,COP,N/A,NACIONAL,R VARIABLE,VARIABLE,R VARIABLE
COR4QPT00067,Fondo de Capital Privado Colombia,COP,N/A,NACIONAL,R VARIABLE,VARIABLE,R VARIABLE
COR90PT00781,Fondo de Capital Privado Colombia,COP,N/A,NACIONAL,R VARIABLE,VARIABLE,R VARIABLE
US912828P469,TREASURIES-MULTILATERALES-AGENCIAS,USD,TASA FIJA,INTERNACIONAL,R FIJA,TASA FIJA,R FIJA
CORH7PT00173,Fondo de Capital Privado Colombia,COP,N/A,NACIONAL,R VARIABLE,VARIABLE,R VARIABLE
LU1291102447,Fondo Mutuo o Fondo Indice,EUR,N/A,INTERNACIONAL,R VARIABLE,VARIABLE,R VARIABLE
COR4IPT00163,Fondo de Capital Privado Colombia,COP,N/A,NACIONAL,R VARIABLE,VARIABLE,R VARIABLE
TUVT20040435,Inflacion-TES,UVR,TASA FIJA,NACIONAL,R FIJA,INFLACIÓN,R FIJA
USP40689AB04,Inflacion-CORPORATIVO LOCAL,UVR,TASA FIJA,NACIONAL,R FIJA,INFLACIÓN,R FIJA
BCHB07169B03,Inflacion-CORPORATIVO LOCAL,COP,IPC,NACIONAL,R FIJA,INFLACIÓN,R FIJA
BCHB07169B07,Inflacion-CORPORATIVO LOCAL,COP,IPC,NACIONAL,R FIJA,INFLACIÓN,R FIJA
BCHB071697,Inflacion-CORPORATIVO LOCAL,COP,IPC,NACIONAL,R FIJA,INFLACIÓN,R FIJA
CDTWWB80,Variable-CORPORATIVO LOCAL,COP,IBR,NACIONAL,R FIJA,VARIABLE,R FIJA
CDTCBC80,Variable-CORPORATIVO LOCAL,COP,IBR,NACIONAL,R FIJA,VARIABLE,R FIJA
COR17PT00537,Fondo de Capital Privado Colombia,COP,N/A,NACIONAL,R VARIABLE,VARIABLE,R VARIABLE
COR17PT00511,Fondo de Capital Privado Colombia,COP,N/A,NACIONAL,R VARIABLE,VARIABLE,R VARIABLE
COR90PT00799,Fondo de Capital Privado Colombia,COP,N/A,NACIONAL,R VARIABLE,VARIABLE,R VARIABLE
CORH0PT00152,Fondo de Capital Privado Colombia,COP,N/A,NACIONAL,R VARIABLE,VARIABLE,R VARIABLE
COR05PT01225,Fondo de Capital Privado Colombia,COP,N/A,NACIONAL,R VARIABLE,VARIABLE,R VARIABLE
COR9QPT00280,Fondo de Capital Privado Colombia,COP,N/A,NACIONAL,R VARIABLE,VARIABLE,R VARIABLE
COR26PT00470,Fondo de Capital Privado Colombia,COP,N/A,NACIONAL,R VARIABLE,VARIABLE,R VARIABLE
CORH4PT00113,Fondo de Capital Privado Colombia,COP,N/A,NACIONAL,R VARIABLE,VARIABLE,R VARIABLE
COR9DPT00312,Fondo de Capital Privado Colombia,COP,N/A,NACIONAL,R VARIABLE,VARIABLE,R VARIABLE
COR0SPT00285,Fondo de Capital Privado Colombia,COP,N/A,NACIONAL,R VARIABLE,VARIABLE,R VARIABLE
FCP MAS Equity Fund III Colombia,Fondo de Capital Privado Colombia,COP,N/A,NACIONAL,R VARIABLE,VARIABLE,R VARIABLE
EQT VII,Fondo de Capital Privado,EUR,N/A,INTERNACIONAL,R VARIABLE,VARIABLE,R VARIABLE
"COLLER INTERNATIONAL PARTNERS VII, L.P",Fondo de Capital Privado,USD,N/A,INTERNACIONAL,R VARIABLE,VARIABLE,R VARIABLE
FCP WARBURG PINCUS PRIVATE EQUITY XII L.P.,Fondo de Capital Privado,USD,N/A,INTERNACIONAL,R VARIABLE,VARIABLE,R VARIABLE
FCP NB Strategic Co-Investment Partners III,Fondo de Capital Privado,USD,N/A,INTERNACIONAL,R VARIABLE,VARIABLE,R VARIABLE
"FCP Coller International Partners VII Feeder Fund,",Fondo de Capital Privado,USD,N/A,INTERNACIONAL,R VARIABLE,VARIABLE,R VARIABLE
INST10210524,CORPORATIVO LOCAL,COP,TASA FIJA,NACIONAL,R FIJA,TASA FIJA,R FIJA
BISA169C25,Inflacion-CORPORATIVO LOCAL,COP,IPC,NACIONAL,R FIJA,INFLACIÓN,R FIJA
BISA1169C8,Inflacion-CORPORATIVO LOCAL,COP,IPC,NACIONAL,R FIJA,INFLACIÓN,R FIJA
BISA169C12,Inflacion-CORPORATIVO LOCAL,COP,IPC,NACIONAL,R FIJA,INFLACIÓN,R FIJA
BISA10169C25,Inflacion-CORPORATIVO LOCAL,COP,IPC,NACIONAL,R FIJA,INFLACIÓN,R FIJA
BBSA0116SA24,CORPORATIVO LOCAL,COP,TASA FIJA,NACIONAL,R FIJA,TASA FIJA,R FIJA
COR9BPT00407,Fondo de Capital Privado Colombia,COP,N/A,NACIONAL,R VARIABLE,VARIABLE,R VARIABLE
CORM3PT00118,Fondo de Capital Privado Colombia,COP,N/A,NACIONAL,R VARIABLE,VARIABLE,R VARIABLE
CORG6PT00309,Fondo de Capital Privado Colombia,COP,N/A,NACIONAL,R VARIABLE,VARIABLE,R VARIABLE
COR4QPT00075,Fondo de Capital Privado Colombia,COP,N/A,NACIONAL,R VARIABLE,VARIABLE,R VARIABLE
COR4IPT00171,Fondo de Capital Privado Colombia,COP,N/A,NACIONAL,R VARIABLE,VARIABLE,R VARIABLE
BFAN0516SA18,CORPORATIVO LOCAL,COP,TASA FIJA,NACIONAL,R FIJA,TASA FIJA,R FIJA
BSIS0149C06,Inflacion-CORPORATIVO LOCAL,COP,IPC,NACIONAL,R FIJA,INFLACIÓN,R FIJA
BBSA16SA24,CORPORATIVO LOCAL,COP,TASA FIJA,NACIONAL,R FIJA,TASA FIJA,R FIJA
CCC CG SMALL CAPS COL,FIC ACC. COL.,COP,N/A,NACIONAL,R VARIABLE,VARIABLE,R VARIABLE
CORB5PT04621,Titularización Inmobiliaria,COP,N/A,NACIONAL,R VARIABLE,VARIABLE,R VARIABLE
CDTBP090,Inflacion-CORPORATIVO LOCAL,COP,IPC,NACIONAL,R FIJA,INFLACIÓN,R FIJA
CORH0PT00160,Fondo de Capital Privado Colombia,COP,N/A,NACIONAL,R VARIABLE,VARIABLE,R VARIABLE
FCP CAF Ashmore I,Fondo de Capital Privado Colombia,COP,N/A,NACIONAL,R VARIABLE,VARIABLE,R VARIABLE
XS1385239006,EM BONDS,EUR,TASA FIJA,INTERNACIONAL,R FIJA,TASA FIJA,R FIJA
US912828UR92,TREASURIES-MULTILATERALES-AGENCIAS,USD,TASA FIJA,INTERNACIONAL,R FIJA,TASA FIJA,R FIJA
TCO364140317,TF TES,COP,TASA FIJA,NACIONAL,R FIJA,TASA FIJA,R FIJA
J.P. Morgan US Dollar Liquidity Fund,MONEY MARKET,USD,N/A,INTERNACIONAL,CAJA,VARIABLE,CAJA
CORH6PT00076,Fondo de Capital Privado Colombia,COP,N/A,NACIONAL,R VARIABLE,VARIABLE,R VARIABLE
CDTBPOS0V,CORPORATIVO LOCAL,COP,TASA FIJA,NACIONAL,R FIJA,TASA FIJA,R FIJA
COR4SPT00014,Fondo de Capital Privado Colombia,COP,N/A,NACIONAL,R VARIABLE,VARIABLE,R VARIABLE
COR4IPT00189,Fondo de Capital Privado Colombia,COP,N/A,NACIONAL,R VARIABLE,VARIABLE,R VARIABLE
COR4QPT00083,Fondo de Capital Privado Colombia,COP,N/A,NACIONAL,R VARIABLE,VARIABLE,R VARIABLE
CORE4PT00207,Fondo de Capital Privado Colombia,COP,N/A,NACIONAL,R VARIABLE,VARIABLE,R VARIABLE
CORG6PT00317,Fondo de Capital Privado Colombia,COP,N/A,NACIONAL,R VARIABLE,VARIABLE,R VARIABLE
USG42036AB25,EM CORPORATIVOS,USD,TASA FIJA,INTERNACIONAL,R FIJA,TASA FIJA,R FIJA
COR90PT00815,Fondo de Capital Privado Colombia,COP,N/A,NACIONAL,R VARIABLE,VARIABLE,R VARIABLE
COR90PT00807,Fondo de Capital Privado Colombia,COP,N/A,NACIONAL,R VARIABLE,VARIABLE,R VARIABLE
BCSA169C10,Inflacion-CORPORATIVO LOCAL,COP,IPC,NACIONAL,R FIJA,INFLACIÓN,R FIJA
CORN0PT00048,Fondo de Capital Privado Colombia,COP,N/A,NACIONAL,R VARIABLE,VARIABLE,R VARIABLE
BCSA01169C10,Inflacion-CORPORATIVO LOCAL,COP,IPC,NACIONAL,R FIJA,INFLACIÓN,R FIJA
CLP3880F1085,Acciones Colombia,CLP,N/A,NACIONAL,R VARIABLE,VARIABLE,R VARIABLE
BRTRPLD06PR5,Acciones Colombia,BRL,N/A,NACIONAL,R VARIABLE,VARIABLE,R VARIABLE
US40052XAB64,EM CORPORATIVOS,USD,TASA FIJA,INTERNACIONAL,R FIJA,TASA FIJA,R FIJA
BCCB469C15,Inflacion-CORPORATIVO LOCAL,COP,IPC,NACIONAL,R FIJA,INFLACIÓN,R FIJA
BCCB469C10,Inflacion-CORPORATIVO LOCAL,COP,IPC,NACIONAL,R FIJA,INFLACIÓN,R FIJA
BCCB04169C10,Inflacion-CORPORATIVO LOCAL,COP,IPC,NACIONAL,R FIJA,INFLACIÓN,R FIJA
BCCB04169C15,Inflacion-CORPORATIVO LOCAL,COP,IPC,NACIONAL,R FIJA,INFLACIÓN,R FIJA
BBOC8159B05,Inflacion-CORPORATIVO LOCAL,COP,IPC,NACIONAL,R FIJA,INFLACIÓN,R FIJA
CDTBCBS0VF,CORPORATIVO LOCAL,COP,TASA FIJA,NACIONAL,R FIJA,TASA FIJA,R FIJA
CDTBCBS0VG,CORPORATIVO LOCAL,COP,TASA FIJA,NACIONAL,R FIJA,TASA FIJA,R FIJA
CDLVSS0V,CORPORATIVO LOCAL,COP,TASA FIJA,NACIONAL,R FIJA,TASA FIJA,R FIJA
CDTBGSA0V,CORPORATIVO LOCAL,COP,TASA FIJA,NACIONAL,R FIJA,TASA FIJA,R FIJA
CDTCAG80,Variable-CORPORATIVO LOCAL,COP,IBR,NACIONAL,R FIJA,VARIABLE,R FIJA
CORH0PT00178,Fondo de Capital Privado Colombia,COP,N/A,NACIONAL,R VARIABLE,VARIABLE,R VARIABLE
COR9QPT00298,Fondo de Capital Privado Colombia,COP,N/A,NACIONAL,R VARIABLE,VARIABLE,R VARIABLE
CORH2PT00166,Fondo de Capital Privado Colombia,COP,N/A,NACIONAL,R VARIABLE,VARIABLE,R VARIABLE
Fondo de Deuda Senior para Infraestructura en Colo,Fondo de Capital Privado Colombia,COP,N/A,NACIONAL,R VARIABLE,VARIABLE,R VARIABLE
LU1148194506,Fondo Mutuo o Fondo Indice,USD,N/A,INTERNACIONAL,R VARIABLE,VARIABLE,R VARIABLE
LU0742536872,Fondo Mutuo o Fondo Indice,USD,N/A,INTERNACIONAL,R VARIABLE,VARIABLE,R VARIABLE
LU0113993397,Fondo Mutuo o Fondo Indice,EUR,N/A,INTERNACIONAL,R VARIABLE,VARIABLE,R VARIABLE
CORM3PT00126,Fondo de Capital Privado Colombia,COP,N/A,NACIONAL,R VARIABLE,VARIABLE,R VARIABLE
COR9BPT00415,Fondo de Capital Privado Colombia,COP,N/A,NACIONAL,R VARIABLE,VARIABLE,R VARIABLE
CORG6PT00325,Fondo de Capital Privado Colombia,COP,N/A,NACIONAL,R VARIABLE,VARIABLE,R VARIABLE
TERA9190528,Inflacion-CORPORATIVO LOCAL,COP,IPC,NACIONAL,R FIJA,INFLACIÓN,R FIJA
COR4IPT00197,Fondo de Capital Privado Colombia,COP,N/A,NACIONAL,R VARIABLE,VARIABLE,R VARIABLE
CORH7PT00181,Fondo de Capital Privado Colombia,COP,N/A,NACIONAL,R VARIABLE,VARIABLE,R VARIABLE
COR4QPT00091,Fondo de Capital Privado Colombia,COP,N/A,NACIONAL,R VARIABLE,VARIABLE,R VARIABLE
LU0255980830,Fondo Mutuo o Fondo Indice,EUR,N/A,INTERNACIONAL,R VARIABLE,VARIABLE,R VARIABLE
CORA5PT00257,Fondo de Capital Privado Colombia,COP,N/A,NACIONAL,R VARIABLE,VARIABLE,R VARIABLE
LU1291102108,Fondo Mutuo o Fondo Indice,EUR,N/A,INTERNACIONAL,R VARIABLE,VARIABLE,R VARIABLE
BEPT01169A20,Inflacion-CORPORATIVO LOCAL,COP,IPC,NACIONAL,R FIJA,INFLACIÓN,R FIJA
BEPT0116SC08,CORPORATIVO LOCAL,COP,TASA FIJA,NACIONAL,R FIJA,TASA FIJA,R FIJA
BEPT01169A10,Inflacion-CORPORATIVO LOCAL,COP,IPC,NACIONAL,R FIJA,INFLACIÓN,R FIJA
CORH0PT00186,Fondo de Capital Privado Colombia,COP,N/A,NACIONAL,R VARIABLE,VARIABLE,R VARIABLE
COR4YPT00012,Fondo de Capital Privado Colombia,COP,N/A,NACIONAL,R VARIABLE,VARIABLE,R VARIABLE
BEPT169A10,Inflacion-CORPORATIVO LOCAL,COP,IPC,NACIONAL,R FIJA,INFLACIÓN,R FIJA
BISA09159C10,Inflacion-CORPORATIVO LOCAL,COP,IPC,NACIONAL,R FIJA,INFLACIÓN,R FIJA
US912828Q947,TREASURIES-MULTILATERALES-AGENCIAS,USD,TASA FIJA,INTERNACIONAL,R FIJA,TASA FIJA,R FIJA
US912828R366,TREASURIES-MULTILATERALES-AGENCIAS,USD,TASA FIJA,INTERNACIONAL,R FIJA,TASA FIJA,R FIJA
TCO364130617,TF TES,COP,TASA FIJA,NACIONAL,R FIJA,TASA FIJA,R FIJA
BISU01169C15,Inflacion-CORPORATIVO LOCAL,COP,IPC,NACIONAL,R FIJA,INFLACIÓN,R FIJA
CORG6PT00333,Fondo de Capital Privado Colombia,COP,N/A,NACIONAL,R VARIABLE,VARIABLE,R VARIABLE
COR4IPT00205,Fondo de Capital Privado Colombia,COP,N/A,NACIONAL,R VARIABLE,VARIABLE,R VARIABLE
FEP5 FCP INMOB TLC CARTAGENA,Fondo de Capital Privado Colombia,COP,N/A,NACIONAL,R VARIABLE,VARIABLE,R VARIABLE
GRUBOLIVAR,Acciones Colombia,COP,N/A,NACIONAL,R VARIABLE,VARIABLE,R VARIABLE
BISU01169C10,Inflacion-CORPORATIVO LOCAL,COP,IPC,NACIONAL,R FIJA,INFLACIÓN,R FIJA
BCLP6169FS10,Inflacion-CORPORATIVO LOCAL,COP,IPC,NACIONAL,R FIJA,INFLACIÓN,R FIJA
BBOC3169B120,Inflacion-CORPORATIVO LOCAL,COP,IPC,NACIONAL,R FIJA,INFLACIÓN,R FIJA
CDTDVI80V,Variable-CORPORATIVO LOCAL,COP,IBR,NACIONAL,R FIJA,VARIABLE,R FIJA
CDTBGASO0,CORPORATIVO LOCAL,COP,TASA FIJA,NACIONAL,R FIJA,TASA FIJA,R FIJA
CORH0PT00194,Fondo de Capital Privado Colombia,COP,N/A,NACIONAL,R VARIABLE,VARIABLE,R VARIABLE
Strategic Partners Offshore Fund VII,Fondo de Capital Privado,USD,N/A,INTERNACIONAL,R VARIABLE,VARIABLE,R VARIABLE
Pantheon Global Secondary Fund V LP,Fondo de Capital Privado,USD,N/A,INTERNACIONAL,R VARIABLE,VARIABLE,R VARIABLE
"TPG GenPar VII, L.P.",Fondo de Capital Privado,USD,N/A,INTERNACIONAL,R VARIABLE,VARIABLE,R VARIABLE
IE00B0M63177,Fondo Mutuo o Fondo Indice,USD,N/A,INTERNACIONAL,R VARIABLE,VARIABLE,R VARIABLE
BISA09159C15,Inflacion-CORPORATIVO LOCAL,COP,IPC,NACIONAL,R FIJA,INFLACIÓN,R FIJA
USP40684AB17,Inflacion-CORPORATIVO LOCAL,UVR,TASA FIJA,NACIONAL,R FIJA,INFLACIÓN,R FIJA
USP40684AA34,EM CORPORATIVOS,USD,TASA FIJA,INTERNACIONAL,R FIJA,TASA FIJA,R FIJA
CORH7PT00199,Fondo de Capital Privado Colombia,COP,N/A,NACIONAL,R VARIABLE,VARIABLE,R VARIABLE
FEP5 FCP INMOB TLC BOGOTA,Fondo de Capital Privado Colombia,COP,N/A,NACIONAL,R VARIABLE,VARIABLE,R VARIABLE
COR9BPT00423,Fondo de Capital Privado Colombia,COP,N/A,NACIONAL,R VARIABLE,VARIABLE,R VARIABLE
CORM3PT00142,Fondo de Capital Privado Colombia,COP,N/A,NACIONAL,R VARIABLE,VARIABLE,R VARIABLE
CORM3PT00134,Fondo de Capital Privado Colombia,COP,N/A,NACIONAL,R VARIABLE,VARIABLE,R VARIABLE
LU0389811539,Fondo Mutuo o Fondo Indice,EUR,N/A,INTERNACIONAL,R VARIABLE,VARIABLE,R VARIABLE
CORH5PT00110,Fondo de Capital Privado Colombia,COP,N/A,NACIONAL,R VARIABLE,VARIABLE,R VARIABLE
BDVI0116SF36,CORPORATIVO LOCAL,COP,TASA FIJA,NACIONAL,R FIJA,TASA FIJA,R FIJA
BDVI1169C144,Inflacion-CORPORATIVO LOCAL,COP,IPC,NACIONAL,R FIJA,INFLACIÓN,R FIJA
CORE4PT00215,Fondo de Capital Privado Colombia,COP,N/A,NACIONAL,R VARIABLE,VARIABLE,R VARIABLE
BDVI169C84,Inflacion-CORPORATIVO LOCAL,COP,IPC,NACIONAL,R FIJA,INFLACIÓN,R FIJA
BDVI19C144,Inflacion-CORPORATIVO LOCAL,COP,IPC,NACIONAL,R FIJA,INFLACIÓN,R FIJA
BFAN0516SA27,CORPORATIVO LOCAL,COP,TASA FIJA,NACIONAL,R FIJA,TASA FIJA,R FIJA
BDVI16SF36,CORPORATIVO LOCAL,COP,TASA FIJA,NACIONAL,R FIJA,TASA FIJA,R FIJA
COR17PT00552,Fondo de Capital Privado Colombia,COP,N/A,NACIONAL,R VARIABLE,VARIABLE,R VARIABLE
CORH0PT00202,Fondo de Capital Privado Colombia,COP,N/A,NACIONAL,R VARIABLE,VARIABLE,R VARIABLE
COR05PT01233,Fondo de Capital Privado Colombia,COP,N/A,NACIONAL,R VARIABLE,VARIABLE,R VARIABLE
CORPT0778888,Fondo de Capital Privado Colombia,COP,N/A,NACIONAL,R VARIABLE,VARIABLE,R VARIABLE
COR9DPT00320,Fondo de Capital Privado Colombia,COP,N/A,NACIONAL,R VARIABLE,VARIABLE,R VARIABLE
COR17PT00560,Fondo de Capital Privado Colombia,COP,N/A,NACIONAL,R VARIABLE,VARIABLE,R VARIABLE
CORB0PT00141,Fondo de Capital Privado Colombia,COP,N/A,NACIONAL,R VARIABLE,VARIABLE,R VARIABLE
TERIPCA28,Inflacion-CORPORATIVO LOCAL,COP,IPC,NACIONAL,R FIJA,INFLACIÓN,R FIJA
US9128282A70,TREASURIES-MULTILATERALES-AGENCIAS,USD,TASA FIJA,INTERNACIONAL,R FIJA,TASA FIJA,R FIJA
US46434V6395,Fondo Mutuo o Fondo Indice,USD,N/A,INTERNACIONAL,R VARIABLE,VARIABLE,R VARIABLE
US91086QBG29,EM BONDS,USD,TASA FIJA,INTERNACIONAL,R FIJA,TASA FIJA,R FIJA
BBSA0216SA48,CORPORATIVO LOCAL,COP,TASA FIJA,NACIONAL,R FIJA,TASA FIJA,R FIJA
BBSA2169C180,Inflacion-CORPORATIVO LOCAL,COP,IPC,NACIONAL,R FIJA,INFLACIÓN,R FIJA
BBSA2169C120,Inflacion-CORPORATIVO LOCAL,COP,IPC,NACIONAL,R FIJA,INFLACIÓN,R FIJA
CDTSFNS0V,CORPORATIVO LOCAL,COP,TASA FIJA,NACIONAL,R FIJA,TASA FIJA,R FIJA
CORA5PT00265,Fondo de Capital Privado Colombia,COP,N/A,NACIONAL,R VARIABLE,VARIABLE,R VARIABLE
COR20PT01190,Fondo de Capital Privado Colombia,COP,N/A,NACIONAL,R VARIABLE,VARIABLE,R VARIABLE
COR20PT01216,Fondo de Capital Privado Colombia,COP,N/A,NACIONAL,R VARIABLE,VARIABLE,R VARIABLE
COR20PT01224,Fondo de Capital Privado Colombia,COP,N/A,NACIONAL,R VARIABLE,VARIABLE,R VARIABLE
COR20PT01232,Fondo de Capital Privado Colombia,COP,N/A,NACIONAL,R VARIABLE,VARIABLE,R VARIABLE
COR20PT01240,Fondo de Capital Privado Colombia,COP,N/A,NACIONAL,R VARIABLE,VARIABLE,R VARIABLE
COR20PT01257,Fondo de Capital Privado Colombia,COP,N/A,NACIONAL,R VARIABLE,VARIABLE,R VARIABLE
COR20PT01265,Fondo de Capital Privado Colombia,COP,N/A,NACIONAL,R VARIABLE,VARIABLE,R VARIABLE
COR20PT01299,Fondo de Capital Privado Colombia,COP,N/A,NACIONAL,R VARIABLE,VARIABLE,R VARIABLE
COR20PT01307,Fondo de Capital Privado Colombia,COP,N/A,NACIONAL,R VARIABLE,VARIABLE,R VARIABLE
COR20PT01315,Fondo de Capital Privado Colombia,COP,N/A,NACIONAL,R VARIABLE,VARIABLE,R VARIABLE
COR20PT01323,Fondo de Capital Privado Colombia,COP,N/A,NACIONAL,R VARIABLE,VARIABLE,R VARIABLE
COR20PT01331,Fondo de Capital Privado Colombia,COP,N/A,NACIONAL,R VARIABLE,VARIABLE,R VARIABLE
COR20PT01349,Fondo de Capital Privado Colombia,COP,N/A,NACIONAL,R VARIABLE,VARIABLE,R VARIABLE
COR20PT01273,Fondo de Capital Privado Colombia,COP,N/A,NACIONAL,R VARIABLE,VARIABLE,R VARIABLE
COR20PT01208,Fondo de Capital Privado Colombia,COP,N/A,NACIONAL,R VARIABLE,VARIABLE,R VARIABLE
COR20PT01281,Fondo de Capital Privado Colombia,COP,N/A,NACIONAL,R VARIABLE,VARIABLE,R VARIABLE
COR20PT01356,Fondo de Capital Privado Colombia,COP,N/A,NACIONAL,R VARIABLE,VARIABLE,R VARIABLE
COR20PT01364,Fondo de Capital Privado Colombia,COP,N/A,NACIONAL,R VARIABLE,VARIABLE,R VARIABLE
COR20PT01372,Fondo de Capital Privado Colombia,COP,N/A,NACIONAL,R VARIABLE,VARIABLE,R VARIABLE
COR20PT01380,Fondo de Capital Privado Colombia,COP,N/A,NACIONAL,R VARIABLE,VARIABLE,R VARIABLE
COR20PT01398,Fondo de Capital Privado Colombia,COP,N/A,NACIONAL,R VARIABLE,VARIABLE,R VARIABLE
COR20PT01406,Fondo de Capital Privado Colombia,COP,N/A,NACIONAL,R VARIABLE,VARIABLE,R VARIABLE
COR20PT01414,Fondo de Capital Privado Colombia,COP,N/A,NACIONAL,R VARIABLE,VARIABLE,R VARIABLE
COR20PT01422,Fondo de Capital Privado Colombia,COP,N/A,NACIONAL,R VARIABLE,VARIABLE,R VARIABLE
COR20PT01430,Fondo de Capital Privado Colombia,COP,N/A,NACIONAL,R VARIABLE,VARIABLE,R VARIABLE
COR20PT01539,Fondo de Capital Privado Colombia,COP,N/A,NACIONAL,R VARIABLE,VARIABLE,R VARIABLE
COR20PT01547,Fondo de Capital Privado Colombia,COP,N/A,NACIONAL,R VARIABLE,VARIABLE,R VARIABLE
COR20PT01554,Fondo de Capital Privado Colombia,COP,N/A,NACIONAL,R VARIABLE,VARIABLE,R VARIABLE
COR20PT01562,Fondo de Capital Privado Colombia,COP,N/A,NACIONAL,R VARIABLE,VARIABLE,R VARIABLE
COR20PT01570,Fondo de Capital Privado Colombia,COP,N/A,NACIONAL,R VARIABLE,VARIABLE,R VARIABLE
BARG01141B02,Variable-CORPORATIVO LOCAL,COP,DTF,NACIONAL,R FIJA,VARIABLE,R FIJA
BDVI01169C84,Inflacion-CORPORATIVO LOCAL,COP,IPC,NACIONAL,R FIJA,INFLACIÓN,R FIJA
BBP009148D3,Variable-CORPORATIVO LOCAL,COP,IBR,NACIONAL,R FIJA,VARIABLE,R FIJA
CORB5PT04720,Titularización Inmobiliaria,COP,N/A,NACIONAL,R VARIABLE,VARIABLE,R VARIABLE
CORB5PT04522,Titularización Inmobiliaria,COP,N/A,NACIONAL,R VARIABLE,VARIABLE,R VARIABLE
CORB5PT04167,Titularización Inmobiliaria,COP,N/A,NACIONAL,R VARIABLE,VARIABLE,R VARIABLE
CDTBCBS0VH,CORPORATIVO LOCAL,COP,TASA FIJA,NACIONAL,R FIJA,TASA FIJA,R FIJA
CDTFDTS0V,CORPORATIVO LOCAL,COP,TASA FIJA,NACIONAL,R FIJA,TASA FIJA,R FIJA
CDTFDP90P,CORPORATIVO LOCAL,COP,TASA FIJA,NACIONAL,R FIJA,TASA FIJA,R FIJA
CDTBP080,Variable-CORPORATIVO LOCAL,COP,IBR,NACIONAL,R FIJA,VARIABLE,R FIJA
CDTBCB80,Variable-CORPORATIVO LOCAL,COP,IBR,NACIONAL,R FIJA,VARIABLE,R FIJA
CORH0PT00210,Fondo de Capital Privado Colombia,COP,N/A,NACIONAL,R VARIABLE,VARIABLE,R VARIABLE
COR4YPT00020,Fondo de Capital Privado Colombia,COP,N/A,NACIONAL,R VARIABLE,VARIABLE,R VARIABLE
CORC4PT00167,Fondo de Capital Privado Colombia,COP,N/A,NACIONAL,R VARIABLE,VARIABLE,R VARIABLE
CORH6PT00092,Fondo de Capital Privado Colombia,COP,N/A,NACIONAL,R VARIABLE,VARIABLE,R VARIABLE
CORH4PT00121,Fondo de Capital Privado Colombia,COP,N/A,NACIONAL,R VARIABLE,VARIABLE,R VARIABLE
CORH2PT00174,Fondo de Capital Privado Colombia,COP,N/A,NACIONAL,R VARIABLE,VARIABLE,R VARIABLE
COR20PT01588,Fondo de Capital Privado Colombia,COP,N/A,NACIONAL,R VARIABLE,VARIABLE,R VARIABLE
Goldman Sachs Infrastructure Partners II,Fondo de Capital Privado,USD,N/A,INTERNACIONAL,R VARIABLE,VARIABLE,R VARIABLE
LU0319685342,Fondo Mutuo o Fondo Indice,USD,N/A,INTERNACIONAL,R VARIABLE,VARIABLE,R VARIABLE
LU0289132572,Fondo Mutuo o Fondo Indice,EUR,N/A,INTERNACIONAL,R VARIABLE,VARIABLE,R VARIABLE
LU0328437438,Fondo Mutuo o Fondo Indice,JPY,N/A,INTERNACIONAL,R VARIABLE,VARIABLE,R VARIABLE
US91086QBD97,EM BONDS,USD,TASA FIJA,INTERNACIONAL,R FIJA,TASA FIJA,R FIJA
US715638AW21,EM BONDS,USD,TASA FIJA,INTERNACIONAL,R FIJA,TASA FIJA,R FIJA
BBG000BQZ8T2,Fondo Mutuo o Fondo Indice,CAD,N/A,INTERNACIONAL,R VARIABLE,VARIABLE,R VARIABLE
BPMG11695A10,Inflacion-CORPORATIVO LOCAL,COP,IPC,NACIONAL,R FIJA,INFLACIÓN,R FIJA
BISG0116S5A7,CORPORATIVO LOCAL,COP,TASA FIJA,NACIONAL,R FIJA,TASA FIJA,R FIJA
BCOS0416SE4,CORPORATIVO LOCAL,COP,TASA FIJA,NACIONAL,R FIJA,TASA FIJA,R FIJA
INST10140926,CORPORATIVO LOCAL,COP,TASA FIJA,NACIONAL,R FIJA,TASA FIJA,R FIJA
BCHB0816SE6,CORPORATIVO LOCAL,COP,TASA FIJA,NACIONAL,R FIJA,TASA FIJA,R FIJA
BDVI2169C120,Inflacion-CORPORATIVO LOCAL,COP,IPC,NACIONAL,R FIJA,INFLACIÓN,R FIJA
CORG6PT00341,Fondo de Capital Privado Colombia,COP,N/A,NACIONAL,R VARIABLE,VARIABLE,R VARIABLE
FED5 FCP HARBOURVEST MEZZ FUND,Fondo de Capital Privado,USD,N/A,INTERNACIONAL,R VARIABLE,VARIABLE,R VARIABLE
BISG169C12,Inflacion-CORPORATIVO LOCAL,COP,IPC,NACIONAL,R FIJA,INFLACIÓN,R FIJA
BPMG11695A20,Inflacion-CORPORATIVO LOCAL,COP,IPC,NACIONAL,R FIJA,INFLACIÓN,R FIJA
BDVI29120C,Inflacion-CORPORATIVO LOCAL,COP,IPC,NACIONAL,R FIJA,INFLACIÓN,R FIJA
BDV129120C,Inflacion-CORPORATIVO LOCAL,COP,IPC,NACIONAL,R FIJA,INFLACIÓN,R FIJA
CDTBB0SOV,CORPORATIVO LOCAL,COP,TASA FIJA,NACIONAL,R FIJA,TASA FIJA,R FIJA
CDTSUFS0VC,CORPORATIVO LOCAL,COP,TASA FIJA,NACIONAL,R FIJA,TASA FIJA,R FIJA
US91087BAA89,EM BONDS,USD,TASA FIJA,INTERNACIONAL,R FIJA,TASA FIJA,R FIJA
US91086QBC15,EM BONDS,USD,TASA FIJA,INTERNACIONAL,R FIJA,TASA FIJA,R FIJA
CORH6PT00084,Fondo de Capital Privado Colombia,COP,N/A,NACIONAL,R VARIABLE,VARIABLE,R VARIABLE
BBPO0116SB7,CORPORATIVO LOCAL,COP,TASA FIJA,NACIONAL,R FIJA,TASA FIJA,R FIJA
BBPO01169C10,Inflacion-CORPORATIVO LOCAL,COP,IPC,NACIONAL,R FIJA,INFLACIÓN,R FIJA
FED5 FCP BLACKSTONE CAP VII,Fondo de Capital Privado,USD,N/A,INTERNACIONAL,R VARIABLE,VARIABLE,R VARIABLE
CORM3PT00159,Fondo de Capital Privado Colombia,COP,N/A,NACIONAL,R VARIABLE,VARIABLE,R VARIABLE
IE00B53HP851,Fondo Mutuo o Fondo Indice,GBP,N/A,INTERNACIONAL,R VARIABLE,VARIABLE,R VARIABLE
CORH7PT00207,Fondo de Capital Privado Colombia,COP,N/A,NACIONAL,R VARIABLE,VARIABLE,R VARIABLE
COR4TPT00012,Fondo de Capital Privado Colombia,COP,N/A,NACIONAL,R VARIABLE,VARIABLE,R VARIABLE
CORM3PT00167,Fondo de Capital Privado Colombia,COP,N/A,NACIONAL,R VARIABLE,VARIABLE,R VARIABLE
BFAN616SA24,CORPORATIVO LOCAL,COP,TASA FIJA,NACIONAL,R FIJA,TASA FIJA,R FIJA
BBOC1016SA60,CORPORATIVO LOCAL,COP,TASA FIJA,NACIONAL,R FIJA,TASA FIJA,R FIJA
LU1353442731,Fondo Mutuo o Fondo Indice,EUR,NA,INTERNACIONAL,R VARIABLE,VARIABLE,R VARIABLE
US46434G8226,Fondo Mutuo o Fondo Indice,USD,NA,INTERNACIONAL,R VARIABLE,VARIABLE,R VARIABLE
CORE4PT00223,Fondo de Capital Privado Colombia,COP,N/A,NACIONAL,R VARIABLE,VARIABLE,R VARIABLE
BBSA3169C180,Inflacion-CORPORATIVO LOCAL,COP,IPC,NACIONAL,R FIJA,INFLACIÓN,R FIJA
BGAA5169A020,Inflacion-CORPORATIVO LOCAL,COP,IPC,NACIONAL,R FIJA,INFLACIÓN,R FIJA
BBSA316SA060,CORPORATIVO LOCAL,COP,TASA FIJA,NACIONAL,R FIJA,TASA FIJA,R FIJA
INST10011226,CORPORATIVO LOCAL,COP,TASA FIJA,NACIONAL,R FIJA,TASA FIJA,R FIJA
LU0248049172,Fondo Mutuo o Fondo Indice,EUR,NA,INTERNACIONAL,R VARIABLE,VARIABLE,R VARIABLE
CORH7PT00215,Fondo de Capital Privado Colombia,COP,N/A,NACIONAL,R VARIABLE,VARIABLE,R VARIABLE
CORG6PT00358,Fondo de Capital Privado Colombia,COP,N/A,NACIONAL,R VARIABLE,VARIABLE,R VARIABLE
AOPF5 AH B POPULAR,VISTA,COP,TASA FIJA,NACIONAL,CAJA,VARIABLE,CAJA
CL0000000100,Acciones Colombia,CLP,N/A,NACIONAL,R VARIABLE,VARIABLE,R VARIABLE
FED5 FCP DOVER STREET IX,Fondo de Capital Privado,USD,N/A,INTERNACIONAL,R VARIABLE,VARIABLE,R VARIABLE
TCO364121217,TF TES,COP,TASA FIJA,NACIONAL,R FIJA,TASA FIJA,R FIJA
SDPFGRUARG,Acciones Colombia,COP,N/A,NACIONAL,R VARIABLE,VARIABLE,R VARIABLE
FEP5 FCP SENIOR CAP COMP. 04,Fondo de Capital Privado Colombia,COP,N/A,NACIONAL,R VARIABLE,VARIABLE,R VARIABLE
FEP5 FICA ALIANZA LIQUIDEZ,VISTA,COP,TASA FIJA,NACIONAL,CAJA,VARIABLE,CAJA
US4642872265,SOBERANOS OTRAS MONEDAS,USD,TASA FIJA,INTERNACIONAL,R FIJA,TASA FIJA,R FIJA
US4642885135,HIGH YIELD,USD,TASA FIJA,INTERNACIONAL,R FIJA,HIGH YIELD,R FIJA
US4642872422,SOBERANOS OTRAS MONEDAS,USD,TASA FIJA,INTERNACIONAL,R FIJA,TASA FIJA,R FIJA
US4642882819,SOBERANOS OTRAS MONEDAS,USD,TASA FIJA,INTERNACIONAL,R FIJA,TASA FIJA,R FIJA
IE0034085260,SOBERANOS OTRAS MONEDAS,USD,TASA FIJA,INTERNACIONAL,R FIJA,TASA FIJA,R FIJA
LU0886779783,Fondo Mutuo o Fondo Indice,USD,N/A,INTERNACIONAL,R VARIABLE,VARIABLE,R VARIABLE
BBOC09159B12,Inflacion-CORPORATIVO LOCAL,COP,IPC,NACIONAL,R FIJA,INFLACIÓN,R FIJA
COB01CD046L4,CORPORATIVO LOCAL,COP,TASA FIJA,NACIONAL,R FIJA,TASA FIJA,R FIJA
COB02CD15608,CORPORATIVO LOCAL,COP,TASA FIJA,NACIONAL,R FIJA,TASA FIJA,R FIJA
COB09CD18698,CORPORATIVO LOCAL,COP,TASA FIJA,NACIONAL,R FIJA,TASA FIJA,R FIJA
BBOC06139B4,Inflacion-CORPORATIVO LOCAL,COP,IPC,NACIONAL,R FIJA,INFLACIÓN,R FIJA
COB64CD03HB1,CORPORATIVO LOCAL,COP,TASA FIJA,NACIONAL,R FIJA,TASA FIJA,R FIJA
COB40CD04941,CORPORATIVO LOCAL,COP,TASA FIJA,NACIONAL,R FIJA,TASA FIJA,R FIJA
COB32CD38664,CORPORATIVO LOCAL,COP,TASA FIJA,NACIONAL,R FIJA,TASA FIJA,R FIJA
COB06CD0SDI6,CORPORATIVO LOCAL,COP,TASA FIJA,NACIONAL,R FIJA,TASA FIJA,R FIJA
COB06CD0SDL0,CORPORATIVO LOCAL,COP,TASA FIJA,NACIONAL,R FIJA,TASA FIJA,R FIJA
COB51CD00OX4,CORPORATIVO LOCAL,COP,TASA FIJA,NACIONAL,R FIJA,TASA FIJA,R FIJA
COB06CD0SLI9,CORPORATIVO LOCAL,COP,TASA FIJA,NACIONAL,R FIJA,TASA FIJA,R FIJA
COB40CD05302,CORPORATIVO LOCAL,COP,TASA FIJA,NACIONAL,R FIJA,TASA FIJA,R FIJA
COB52CD41708,CORPORATIVO LOCAL,COP,TASA FIJA,NACIONAL,R FIJA,TASA FIJA,R FIJA
COB52CD41872,CORPORATIVO LOCAL,COP,TASA FIJA,NACIONAL,R FIJA,TASA FIJA,R FIJA
COB19CD0FDM0,CORPORATIVO LOCAL,COP,TASA FIJA,NACIONAL,R FIJA,TASA FIJA,R FIJA
COB02CD16168,CORPORATIVO LOCAL,COP,TASA FIJA,NACIONAL,R FIJA,TASA FIJA,R FIJA
COB01CD04I19,CORPORATIVO LOCAL,COP,TASA FIJA,NACIONAL,R FIJA,TASA FIJA,R FIJA
COB52CD42011,CORPORATIVO LOCAL,COP,TASA FIJA,NACIONAL,R FIJA,TASA FIJA,R FIJA
COB07CD03X80,CORPORATIVO LOCAL,COP,TASA FIJA,NACIONAL,R FIJA,TASA FIJA,R FIJA
COB51CD00X13,CORPORATIVO LOCAL,COP,TASA FIJA,NACIONAL,R FIJA,TASA FIJA,R FIJA
COB19CD0FZN1,CORPORATIVO LOCAL,COP,TASA FIJA,NACIONAL,R FIJA,TASA FIJA,R FIJA
COB52CD42144,CORPORATIVO LOCAL,COP,TASA FIJA,NACIONAL,R FIJA,TASA FIJA,R FIJA
COB31CB00256,Inflacion-CORPORATIVO LOCAL,COP,IPC,NACIONAL,R FIJA,INFLACIÓN,R FIJA
COB51CB00510,Inflacion-CORPORATIVO LOCAL,COP,IPC,NACIONAL,R FIJA,INFLACIÓN,R FIJA
CORM3PT00175,Fondo de Capital Privado Colombia,COP,N/A,NACIONAL,R VARIABLE,VARIABLE,R VARIABLE
COR9BPT00431,Fondo de Capital Privado Colombia,COP,N/A,NACIONAL,R VARIABLE,VARIABLE,R VARIABLE
CORE4PT00231,Fondo de Capital Privado Colombia,COP,N/A,NACIONAL,R VARIABLE,VARIABLE,R VARIABLE
COR90PT00823,Fondo de Capital Privado Colombia,COP,N/A,NACIONAL,R VARIABLE,VARIABLE,R VARIABLE
CORH7PT00223,Fondo de Capital Privado Colombia,COP,N/A,NACIONAL,R VARIABLE,VARIABLE,R VARIABLE
US46435G3341,Fondo Mutuo o Fondo Indice,USD,N/A,INTERNACIONAL,R VARIABLE,VARIABLE,R VARIABLE
CORM3PT00183,Fondo de Capital Privado Colombia,COP,N/A,NACIONAL,R VARIABLE,VARIABLE,R VARIABLE
CDTBCB90,Inflacion-CORPORATIVO LOCAL,COP,IPC,NACIONAL,R FIJA,INFLACIÓN,R FIJA
BCSA2179C005,Inflacion-CORPORATIVO LOCAL,COP,IPC,NACIONAL,R FIJA,INFLACIÓN,R FIJA
BSIS217SA005,CORPORATIVO LOCAL,COP,TASA FIJA,NACIONAL,R FIJA,TASA FIJA,R FIJA
LU0821169231,Fondo Mutuo o Fondo Indice,USD,N/A,INTERNACIONAL,R VARIABLE,VARIABLE,R VARIABLE
TUVT11170327,Inflacion-TES,UVR,TASA FIJA,NACIONAL,R FIJA,INFLACIÓN,R FIJA
COT80CH01680,CORPORATIVO LOCAL,COP,TASA FIJA,NACIONAL,R FIJA,TASA FIJA,R FIJA
BCOS517SE002,CORPORATIVO LOCAL,COP,TASA FIJA,NACIONAL,R FIJA,TASA FIJA,R FIJA
INST10080327,CORPORATIVO LOCAL,COP,TASA FIJA,NACIONAL,R FIJA,TASA FIJA,R FIJA
CORE4PT00249,Fondo de Capital Privado Colombia,COP,N/A,NACIONAL,R VARIABLE,VARIABLE,R VARIABLE
FEP5 FCP NEXUS INFR. COMP. B,Fondo de Capital Privado Colombia,COP,N/A,NACIONAL,R VARIABLE,VARIABLE,R VARIABLE
FEP5 FCP SURA AM DES INMB,Fondo de Capital Privado Colombia,COP,N/A,NACIONAL,R VARIABLE,VARIABLE,R VARIABLE
TFIT16300632,TF TES,COP,TASA FIJA,NACIONAL,R FIJA,TASA FIJA,R FIJA
FEP5 FICA BBVA FAM CLASE H,VISTA,COP,TASA FIJA,NACIONAL,CAJA,VARIABLE,CAJA
CORH7PT00231,Fondo de Capital Privado Colombia,COP,N/A,NACIONAL,R VARIABLE,VARIABLE,R VARIABLE
US912828V988,TREASURIES-MULTILATERALES-AGENCIAS,USD,TASA FIJA,INTERNACIONAL,R FIJA,TASA FIJA,R FIJA
BPPI5 ISA,Inflacion-CORPORATIVO LOCAL,COP,IPC,NACIONAL,R FIJA,INFLACIÓN,R FIJA
CORM3PT00191,Fondo de Capital Privado Colombia,COP,N/A,NACIONAL,R VARIABLE,VARIABLE,R VARIABLE
COR90PT00831,Fondo de Capital Privado Colombia,COP,N/A,NACIONAL,R VARIABLE,VARIABLE,R VARIABLE
AOPF5 AH ITAU CORPBANCA,VISTA,COP,TASA FIJA,NACIONAL,CAJA,VARIABLE,CAJA
CORM3PT00209,Fondo de Capital Privado Colombia,COP,N/A,NACIONAL,R VARIABLE,VARIABLE,R VARIABLE
COB02CD16556,CORPORATIVO LOCAL,COP,TASA FIJA,NACIONAL,R FIJA,TASA FIJA,R FIJA
COB63CD09EJ0,CORPORATIVO LOCAL,COP,TASA FIJA,NACIONAL,R FIJA,TASA FIJA,R FIJA
COB23CD44901,CORPORATIVO LOCAL,COP,TASA FIJA,NACIONAL,R FIJA,TASA FIJA,R FIJA
COB40CD05955,CORPORATIVO LOCAL,COP,TASA FIJA,NACIONAL,R FIJA,TASA FIJA,R FIJA
COB07CD04UP1,CORPORATIVO LOCAL,COP,TASA FIJA,NACIONAL,R FIJA,TASA FIJA,R FIJA
COB13CD90244,CORPORATIVO LOCAL,COP,TASA FIJA,NACIONAL,R FIJA,TASA FIJA,R FIJA
COB32CD41528,CORPORATIVO LOCAL,COP,TASA FIJA,NACIONAL,R FIJA,TASA FIJA,R FIJA
COB02CD17950,CORPORATIVO LOCAL,COP,TASA FIJA,NACIONAL,R FIJA,TASA FIJA,R FIJA
COB01CD05GA2,CORPORATIVO LOCAL,COP,TASA FIJA,NACIONAL,R FIJA,TASA FIJA,R FIJA
COB32CD41916,CORPORATIVO LOCAL,COP,TASA FIJA,NACIONAL,R FIJA,TASA FIJA,R FIJA
COB56CD0V9X7,CORPORATIVO LOCAL,COP,TASA FIJA,NACIONAL,R FIJA,TASA FIJA,R FIJA
COB01CD05IY8,CORPORATIVO LOCAL,COP,TASA FIJA,NACIONAL,R FIJA,TASA FIJA,R FIJA
BISU01169C4,Inflacion-CORPORATIVO LOCAL,COP,IPC,NACIONAL,R FIJA,INFLACIÓN,R FIJA
BISU01169C7,Inflacion-CORPORATIVO LOCAL,COP,IPC,NACIONAL,R FIJA,INFLACIÓN,R FIJA
BSIS01149C06,Inflacion-CORPORATIVO LOCAL,COP,IPC,NACIONAL,R FIJA,INFLACIÓN,R FIJA
BBOC1069B144,Inflacion-CORPORATIVO LOCAL,COP,IPC,NACIONAL,R FIJA,INFLACIÓN,R FIJA
BLGC06159C10,Inflacion-CORPORATIVO LOCAL,COP,IPC,NACIONAL,R FIJA,INFLACIÓN,R FIJA
BISG11695C12,Inflacion-CORPORATIVO LOCAL,COP,IPC,NACIONAL,R FIJA,INFLACIÓN,R FIJA
BBOC1179B144,Inflacion-CORPORATIVO LOCAL,COP,IPC,NACIONAL,R FIJA,INFLACIÓN,R FIJA
FED5 FCP PG DIRECT 2016,Fondo de Capital Privado,USD,N/A,INTERNACIONAL,R VARIABLE,VARIABLE,R VARIABLE
FED5 FCP PINEBRIDGE SECOND IV,Fondo de Capital Privado,USD,N/A,INTERNACIONAL,R VARIABLE,VARIABLE,R VARIABLE
LU0102000758,Fondo Mutuo o Fondo Indice,JPY,N/A,INTERNACIONAL,R VARIABLE,VARIABLE,R VARIABLE
INST10270627,CORPORATIVO LOCAL,COP,TASA FIJA,NACIONAL,R FIJA,TASA FIJA,R FIJA
BGAA6179A025,Inflacion-CORPORATIVO LOCAL,COP,IPC,NACIONAL,R FIJA,INFLACIÓN,R FIJA
CA9628791027,Acciones Internacionales,CAD,N/A,INTERNACIONAL,R VARIABLE,VARIABLE,R VARIABLE
BDVI417SF036,CORPORATIVO LOCAL,COP,TASA FIJA,NACIONAL,R FIJA,TASA FIJA,R FIJA
BDVI317SF084,CORPORATIVO LOCAL,COP,TASA FIJA,NACIONAL,R FIJA,TASA FIJA,R FIJA
BBOC117SA036,CORPORATIVO LOCAL,COP,TASA FIJA,NACIONAL,R FIJA,TASA FIJA,R FIJA
BCCB517SA006,CORPORATIVO LOCAL,COP,TASA FIJA,NACIONAL,R FIJA,TASA FIJA,R FIJA
BCOS617SE007,CORPORATIVO LOCAL,COP,TASA FIJA,NACIONAL,R FIJA,TASA FIJA,R FIJA
BFAN6169C42,Inflacion-CORPORATIVO LOCAL,COP,IPC,NACIONAL,R FIJA,INFLACIÓN,R FIJA
BFAN6169C66,Inflacion-CORPORATIVO LOCAL,COP,IPC,NACIONAL,R FIJA,INFLACIÓN,R FIJA
BFDT1179A007,Inflacion-CORPORATIVO LOCAL,COP,IPC,NACIONAL,R FIJA,INFLACIÓN,R FIJA
BBOC1179B084,Inflacion-CORPORATIVO LOCAL,COP,IPC,NACIONAL,R FIJA,INFLACIÓN,R FIJA
CDBCBS0V,CORPORATIVO LOCAL,COP,TASA FIJA,NACIONAL,R FIJA,TASA FIJA,R FIJA
US912828X885,TREASURIES-MULTILATERALES-AGENCIAS,USD,TASA FIJA,INTERNACIONAL,R FIJA,TASA FIJA,R FIJA
FR0010589325,Fondo Mutuo o Fondo Indice,EUR,N/A,INTERNACIONAL,R VARIABLE,VARIABLE,R VARIABLE
PCARG0117SA,CORPORATIVO LOCAL,COP,TASA FIJA,NACIONAL,R FIJA,TASA FIJA,R FIJA
COR9BPT00449,Fondo de Capital Privado Colombia,COP,N/A,NACIONAL,R VARIABLE,VARIABLE,R VARIABLE
CORH5PT00128,Fondo de Capital Privado Colombia,COP,N/A,NACIONAL,R VARIABLE,VARIABLE,R VARIABLE
US4642878049,Fondo Mutuo o Fondo Indice,USD,N/A,INTERNACIONAL,R VARIABLE,VARIABLE,R VARIABLE
TCO364120917,TF TES,COP,TASA FIJA,NACIONAL,R FIJA,TASA FIJA,R FIJA
CORM3PT00217,Fondo de Capital Privado Colombia,COP,N/A,NACIONAL,R VARIABLE,VARIABLE,R VARIABLE
BSFN217SD036,CORPORATIVO LOCAL,COP,TASA FIJA,NACIONAL,R FIJA,TASA FIJA,R FIJA
XS1511779305,EM BONDS,EUR,TASA FIJA,INTERNACIONAL,R FIJA,TASA FIJA,R FIJA
BEEB1179A007,Inflacion-CORPORATIVO LOCAL,COP,IPC,NACIONAL,R FIJA,INFLACIÓN,R FIJA
BVBCX117SC60,CORPORATIVO LOCAL,COP,TASA FIJA,NACIONAL,R FIJA,TASA FIJA,R FIJA
IE00B6R52259,Fondo Mutuo o Fondo Indice,USD,N/A,INTERNACIONAL,R VARIABLE,VARIABLE,R VARIABLE
COR20PT01612,Fondo de Capital Privado Colombia,COP,N/A,NACIONAL,R VARIABLE,VARIABLE,R VARIABLE
COR20PT01620,Fondo de Capital Privado Colombia,COP,N/A,NACIONAL,R VARIABLE,VARIABLE,R VARIABLE
COR20PT01638,Fondo de Capital Privado Colombia,COP,N/A,NACIONAL,R VARIABLE,VARIABLE,R VARIABLE
COR20PT01646,Fondo de Capital Privado Colombia,COP,N/A,NACIONAL,R VARIABLE,VARIABLE,R VARIABLE
COR20PT01653,Fondo de Capital Privado Colombia,COP,N/A,NACIONAL,R VARIABLE,VARIABLE,R VARIABLE
COR20PT01661,Fondo de Capital Privado Colombia,COP,N/A,NACIONAL,R VARIABLE,VARIABLE,R VARIABLE
COR20PT01679,Fondo de Capital Privado Colombia,COP,N/A,NACIONAL,R VARIABLE,VARIABLE,R VARIABLE
COR20PT01687,Fondo de Capital Privado Colombia,COP,N/A,NACIONAL,R VARIABLE,VARIABLE,R VARIABLE
COR20PT01695,Fondo de Capital Privado Colombia,COP,N/A,NACIONAL,R VARIABLE,VARIABLE,R VARIABLE
COR20PT01703,Fondo de Capital Privado Colombia,COP,N/A,NACIONAL,R VARIABLE,VARIABLE,R VARIABLE
COR20PT01760,Fondo de Capital Privado Colombia,COP,N/A,NACIONAL,R VARIABLE,VARIABLE,R VARIABLE
COR20PT01778,Fondo de Capital Privado Colombia,COP,N/A,NACIONAL,R VARIABLE,VARIABLE,R VARIABLE
COR20PT01786,Fondo de Capital Privado Colombia,COP,N/A,NACIONAL,R VARIABLE,VARIABLE,R VARIABLE
COR20PT01794,Fondo de Capital Privado Colombia,COP,N/A,NACIONAL,R VARIABLE,VARIABLE,R VARIABLE
COR20PT01802,Fondo de Capital Privado Colombia,COP,N/A,NACIONAL,R VARIABLE,VARIABLE,R VARIABLE
BBPO217SB003,CORPORATIVO LOCAL,COP,TASA FIJA,NACIONAL,R FIJA,TASA FIJA,R FIJA
BBPO2179C002,Inflacion-CORPORATIVO LOCAL,COP,IPC,NACIONAL,R FIJA,INFLACIÓN,R FIJA
BBPO2179C005,Inflacion-CORPORATIVO LOCAL,COP,IPC,NACIONAL,R FIJA,INFLACIÓN,R FIJA
US9128282R06,TREASURIES-MULTILATERALES-AGENCIAS,USD,TASA FIJA,INTERNACIONAL,R FIJA,TASA FIJA,R FIJA
CORH7PT00249,Fondo de Capital Privado Colombia,COP,N/A,NACIONAL,R VARIABLE,VARIABLE,R VARIABLE
BODS117SA003,CORPORATIVO LOCAL,COP,TASA FIJA,NACIONAL,R FIJA,TASA FIJA,R FIJA
BODS1179C005,Inflacion-CORPORATIVO LOCAL,COP,IPC,NACIONAL,R FIJA,INFLACIÓN,R FIJA
CORM3PT00225,Fondo de Capital Privado Colombia,COP,N/A,NACIONAL,R VARIABLE,VARIABLE,R VARIABLE
BBOC4179B096,Inflacion-CORPORATIVO LOCAL,COP,IPC,NACIONAL,R FIJA,INFLACIÓN,R FIJA
BSIS2179C007,Inflacion-CORPORATIVO LOCAL,COP,IPC,NACIONAL,R FIJA,INFLACIÓN,R FIJA
XS1054418600,EM BONDS,EUR,TASA FIJA,INTERNACIONAL,R FIJA,TASA FIJA,R FIJA
BSOD1179B007,Inflacion-CORPORATIVO LOCAL,COP,IPC,NACIONAL,R FIJA,INFLACIÓN,R FIJA
BSOD1179B015,Inflacion-CORPORATIVO LOCAL,COP,IPC,NACIONAL,R FIJA,INFLACIÓN,R FIJA
IE00BKM4GZ66,Fondo Mutuo o Fondo Indice,USD,N/A,INTERNACIONAL,R VARIABLE,VARIABLE,R VARIABLE
IE00B5BMR087,Fondo Mutuo o Fondo Indice,USD,N/A,INTERNACIONAL,R VARIABLE,VARIABLE,R VARIABLE
CORM3PT00233,Fondo de Capital Privado Colombia,COP,N/A,NACIONAL,R VARIABLE,VARIABLE,R VARIABLE
USP0R11WAF79,TES GLOBAL,COP,TASA FIJA,NACIONAL,R FIJA,TASA FIJA,R FIJA
TCO364130318,TF TES,COP,TASA FIJA,NACIONAL,R FIJA,TASA FIJA,R FIJA
USP9379RAZ03,CORPORATIVO LOCAL,COP,TASA FIJA,NACIONAL,R FIJA,TASA FIJA,R FIJA
LU0846194776,Fondo Mutuo o Fondo Indice,GBP,N/A,INTERNACIONAL,R VARIABLE,VARIABLE,R VARIABLE
IE00B95PGT31,Fondo Mutuo o Fondo Indice,USD,N/A,INTERNACIONAL,R VARIABLE,VARIABLE,R VARIABLE
COR5UPT00017,Fondo de Capital Privado Colombia,COP,N/A,NACIONAL,R VARIABLE,VARIABLE,R VARIABLE
CORG6PT00366,Fondo de Capital Privado Colombia,COP,N/A,NACIONAL,R VARIABLE,VARIABLE,R VARIABLE
CORG6PT00374,Fondo de Capital Privado Colombia,COP,N/A,NACIONAL,R VARIABLE,VARIABLE,R VARIABLE
CORG6PT00382,Fondo de Capital Privado Colombia,COP,N/A,NACIONAL,R VARIABLE,VARIABLE,R VARIABLE
CORG6PT00390,Fondo de Capital Privado Colombia,COP,N/A,NACIONAL,R VARIABLE,VARIABLE,R VARIABLE
AODF5 AH BBH USD,MONEY MARKET,USD,N/A,INTERNACIONAL,CAJA,VARIABLE,CAJA
BISA1179C015,Inflacion-CORPORATIVO LOCAL,COP,IPC,NACIONAL,R FIJA,INFLACIÓN,R FIJA
CORH7PT00256,Fondo de Capital Privado Colombia,COP,N/A,NACIONAL,R VARIABLE,VARIABLE,R VARIABLE
BEEB1179A015,Inflacion-CORPORATIVO LOCAL,COP,IPC,NACIONAL,R FIJA,INFLACIÓN,R FIJA
BEEB1179A030,Inflacion-CORPORATIVO LOCAL,COP,IPC,NACIONAL,R FIJA,INFLACIÓN,R FIJA
BBSC1179B001,Inflacion-CORPORATIVO LOCAL,COP,IPC,NACIONAL,R FIJA,INFLACIÓN,R FIJA
BBSC1179B002,Inflacion-CORPORATIVO LOCAL,COP,IPC,NACIONAL,R FIJA,INFLACIÓN,R FIJA
FED5 FCP ALPINVEST CO INV VII,Fondo de Capital Privado,USD,N/A,INTERNACIONAL,R VARIABLE,VARIABLE,R VARIABLE
US9128283F58,TREASURIES-MULTILATERALES-AGENCIAS,USD,TASA FIJA,INTERNACIONAL,R FIJA,TASA FIJA,R FIJA
BISA1179C014,Inflacion-CORPORATIVO LOCAL,COP,IPC,NACIONAL,R FIJA,INFLACIÓN,R FIJA
BISA1179C030,Inflacion-CORPORATIVO LOCAL,COP,IPC,NACIONAL,R FIJA,INFLACIÓN,R FIJA
BISA117SA008,CORPORATIVO LOCAL,COP,TASA FIJA,NACIONAL,R FIJA,TASA FIJA,R FIJA
COR6APT00017,Fondo de Capital Privado Colombia,COP,N/A,NACIONAL,R VARIABLE,VARIABLE,R VARIABLE
BBOC217SA036,CORPORATIVO LOCAL,COP,TASA FIJA,NACIONAL,R FIJA,TASA FIJA,R FIJA
BBOC217SA060,CORPORATIVO LOCAL,COP,TASA FIJA,NACIONAL,R FIJA,TASA FIJA,R FIJA
INST10061227,CORPORATIVO LOCAL,COP,TASA FIJA,NACIONAL,R FIJA,TASA FIJA,R FIJA
CORM3PT00241,Fondo de Capital Privado Colombia,COP,N/A,NACIONAL,R VARIABLE,VARIABLE,R VARIABLE
CORG6PT00408,Fondo de Capital Privado Colombia,COP,N/A,NACIONAL,R VARIABLE,VARIABLE,R VARIABLE
CORG6PT00416,Fondo de Capital Privado Colombia,COP,N/A,NACIONAL,R VARIABLE,VARIABLE,R VARIABLE
TFIT08261125,TF TES,COP,TASA FIJA,NACIONAL,R FIJA,TASA FIJA,R FIJA
BCCB04169C5,Inflacion-CORPORATIVO LOCAL,COP,IPC,NACIONAL,R FIJA,INFLACIÓN,R FIJA
CORH7PT00264,Fondo de Capital Privado Colombia,COP,N/A,NACIONAL,R VARIABLE,VARIABLE,R VARIABLE
COL17CB2KCG2,Bono Pensional,COP,IPC,NACIONAL,R FIJA,INFLACIÓN,R FIJA
COL40CB0M0U0,Bono Pensional,COP,IPC,NACIONAL,R FIJA,INFLACIÓN,R FIJA
COL17CB2KUJ8,Bono Pensional,COP,IPC,NACIONAL,R FIJA,INFLACIÓN,R FIJA
COL40CB0M168,Bono Pensional,COP,IPC,NACIONAL,R FIJA,INFLACIÓN,R FIJA
COL40CB0M085,Bono Pensional,COP,IPC,NACIONAL,R FIJA,INFLACIÓN,R FIJA
COL17CB2KKT8,Bono Pensional,COP,IPC,NACIONAL,R FIJA,INFLACIÓN,R FIJA
COL40CB0LZM4,Bono Pensional,COP,IPC,NACIONAL,R FIJA,INFLACIÓN,R FIJA
BPMO1189A007,Inflacion-CORPORATIVO LOCAL,COP,IPC,NACIONAL,R FIJA,INFLACIÓN,R FIJA
CORI5PT00101,Fondo de Capital Privado Colombia,COP,N/A,NACIONAL,R VARIABLE,VARIABLE,R VARIABLE
CORM3PT00258,Fondo de Capital Privado Colombia,COP,N/A,NACIONAL,R VARIABLE,VARIABLE,R VARIABLE
US2791581091,Acciones Colombia,USD,N/A,NACIONAL,R VARIABLE,VARIABLE,R VARIABLE
TUVT32160649,Inflacion-TES,UVR,TASA FIJA,NACIONAL,R FIJA,INFLACIÓN,R FIJA
TCO364111218,TF TES,COP,TASA FIJA,NACIONAL,R FIJA,TASA FIJA,R FIJA
COL17CT03532,TF TES,COP,TASA FIJA,NACIONAL,R FIJA,TASA FIJA,R FIJA
LU0206294794,Fondo Mutuo o Fondo Indice,USD,N/A,INTERNACIONAL,R VARIABLE,VARIABLE,R VARIABLE
LU1322385532,Fondo Mutuo o Fondo Indice,USD,N/A,INTERNACIONAL,R VARIABLE,VARIABLE,R VARIABLE
LU0552385535,Fondo Mutuo o Fondo Indice,USD,N/A,INTERNACIONAL,R VARIABLE,VARIABLE,R VARIABLE
TCO364110918,TF TES,COP,TASA FIJA,NACIONAL,R FIJA,TASA FIJA,R FIJA
IE00B5L05M09,Fondo Mutuo o Fondo Indice,USD,N/A,INTERNACIONAL,R VARIABLE,VARIABLE,R VARIABLE
COR9BPT00456,Fondo de Capital Privado Colombia,COP,N/A,NACIONAL,R VARIABLE,VARIABLE,R VARIABLE
TCO364120618,TF TES,COP,TASA FIJA,NACIONAL,R FIJA,TASA FIJA,R FIJA
USP16260AA28,EM CORPORATIVOS,USD,TASA FIJA,INTERNACIONAL,R FIJA,TASA FIJA,R FIJA
PEP214001005,Acciones Colombia,PEN,N/A,NACIONAL,R VARIABLE,VARIABLE,R VARIABLE
MX0MGO0000Q0,EM BONDS,MXN,TASA FIJA,INTERNACIONAL,R FIJA,TASA FIJA,R FIJA
MX0MGO0000L1,EM BONDS,MXN,TASA FIJA,INTERNACIONAL,R FIJA,TASA FIJA,R FIJA
MX0MGO0000Y4,EM BONDS,MXN,TASA FIJA,INTERNACIONAL,R FIJA,TASA FIJA,R FIJA
BGAA5169A010,Inflacion-CORPORATIVO LOCAL,COP,IPC,NACIONAL,R FIJA,INFLACIÓN,R FIJA
BCCB5179C013,Inflacion-CORPORATIVO LOCAL,COP,IPC,NACIONAL,R FIJA,INFLACIÓN,R FIJA
BGAA5169A2,Inflacion-CORPORATIVO LOCAL,COP,IPC,NACIONAL,R FIJA,INFLACIÓN,R FIJA
BCSA2179C015,Inflacion-CORPORATIVO LOCAL,COP,IPC,NACIONAL,R FIJA,INFLACIÓN,R FIJA
BFAN616SA36,CORPORATIVO LOCAL,COP,TASA FIJA,NACIONAL,R FIJA,TASA FIJA,R FIJA
BWWB117SA2,CORPORATIVO LOCAL,COP,TASA FIJA,NACIONAL,R FIJA,TASA FIJA,R FIJA
BDVI10159C60,Inflacion-CORPORATIVO LOCAL,COP,IPC,NACIONAL,R FIJA,INFLACIÓN,R FIJA
USP09252AM29,EM CORPORATIVOS,USD,TASA FIJA,INTERNACIONAL,R FIJA,TASA FIJA,R FIJA
BSFN2179C060,Inflacion-CORPORATIVO LOCAL,COP,IPC,NACIONAL,R FIJA,INFLACIÓN,R FIJA
BCMI1177B15,Inflacion-CORPORATIVO LOCAL,UVR,TASA FIJA,NACIONAL,R FIJA,INFLACIÓN,R FIJA
BDVI3179C096,Inflacion-CORPORATIVO LOCAL,COP,IPC,NACIONAL,R FIJA,INFLACIÓN,R FIJA
BFAN717SA036,CORPORATIVO LOCAL,COP,TASA FIJA,NACIONAL,R FIJA,TASA FIJA,R FIJA
BBPO1178D018,Variable-CORPORATIVO LOCAL,COP,IBR,NACIONAL,R FIJA,VARIABLE,R FIJA
SLQXH1TFC011,VISTA,COP,N/A,NACIONAL,CAJA,TASA FIJA,R FIJA
SKEIWNHFIC01,VISTA,COP,N/A,NACIONAL,CAJA,TASA FIJA,R FIJA
SKEEUFP00001,VISTA,COP,N/A,NACIONAL,CAJA,TASA FIJA,R FIJA
SKEIVWIFIC01,VISTA,COP,N/A,NACIONAL,CAJA,TASA FIJA,R FIJA
ALIANZA FIDUCIARIA SA,VISTA,COP,N/A,NACIONAL,CAJA,TASA FIJA,R FIJA
FONDO GNB ABIERTO,VISTA,COP,N/A,NACIONAL,CAJA,TASA FIJA,R FIJA
FIDUCOLOMBIA SA,VISTA,COP,N/A,NACIONAL,CAJA,TASA FIJA,R FIJA
FONDO INTERES CORREDORES ASOCIADOS,VISTA,COP,N/A,NACIONAL,CAJA,TASA FIJA,R FIJA
FIDUOCCIDENTE,VISTA,COP,N/A,NACIONAL,CAJA,TASA FIJA,R FIJA
FIDUCIARIA CORFICOLOMBIANA SA,VISTA,COP,N/A,NACIONAL,CAJA,TASA FIJA,R FIJA
FIDUCIARIA LA PREVISORA,VISTA,COP,N/A,NACIONAL,CAJA,TASA FIJA,R FIJA
CARTERA COLECTIVA LIQUIDEZ BTG,VISTA,COP,N/A,NACIONAL,CAJA,TASA FIJA,R FIJA
CARTERA COLECTIVA FIDUGOB FIDUBOGOTA,VISTA,COP,N/A,NACIONAL,CAJA,TASA FIJA,R FIJA
CARTERA COLECTIVA ABIERTA FONVAL,VISTA,COP,N/A,NACIONAL,CAJA,TASA FIJA,R FIJA
FIDUCIARIA DAVIVIENDA CARTERA COLECTIVA ABIERTA,VISTA,COP,N/A,NACIONAL,CAJA,TASA FIJA,R FIJA
LIQUIDEZ FONDO ABIERTO CASA DE BOLSA,VISTA,COP,N/A,NACIONAL,CAJA,TASA FIJA,R FIJA
FIDUBOGOTA FCO SUMAR,VISTA,COP,N/A,NACIONAL,CAJA,TASA FIJA,R FIJA
SKEFS9VFC020,VISTA,COP,N/A,NACIONAL,CAJA,TASA FIJA,R FIJA
SKEAHYFFIC02,VISTA,COP,N/A,NACIONAL,CAJA,TASA FIJA,R FIJA
SKECOMSFC010,VISTA,COP,N/A,NACIONAL,CAJA,TASA FIJA,R FIJA
SKEFRE0FC021,VISTA,COP,N/A,NACIONAL,CAJA,TASA FIJA,R FIJA
CARTERA COLECTIVA ABIERTA EFECTIVO A LA VISTA,VISTA,COP,N/A,NACIONAL,CAJA,TASA FIJA,R FIJA
CARTERA COLECTIVA ABIERTA FIDUCUENTA,VISTA,COP,N/A,NACIONAL,CAJA,TASA FIJA,R FIJA
CARTERA COLECTIVA ABIERTA VALOR PLUS IV,VISTA,COP,N/A,NACIONAL,CAJA,TASA FIJA,R FIJA
CARTERA COLECTIVA ABIERTA SUPERIOR,VISTA,COP,N/A,NACIONAL,CAJA,TASA FIJA,R FIJA
CARTERA COLECTIVA ABIERTA RENDIR,VISTA,COP,N/A,NACIONAL,CAJA,TASA FIJA,R FIJA
CARTERA COLECTIVA ABIERTA ULTRASERFINCO LIQUIDEZ,VISTA,COP,N/A,NACIONAL,CAJA,TASA FIJA,R FIJA
CASA DE BOLSA LIQUIDEZ FONDO ABIERTO,VISTA,COP,N/A,NACIONAL,CAJA,TASA FIJA,R FIJA
CARTERA COLECTIVA ABIERTA ALIANZA,VISTA,COP,N/A,NACIONAL,CAJA,TASA FIJA,R FIJA
CARTERA COLECTIVA ABIERTA CREDIFONDO,VISTA,COP,N/A,NACIONAL,CAJA,TASA FIJA,R FIJA
CARTERA COLECTIVA ABIERTA HSBC FIDUCIARIA,VISTA,COP,N/A,NACIONAL,CAJA,TASA FIJA,R FIJA
CARTERA COLECTIVA ABIERTA RENTAR,VISTA,COP,N/A,NACIONAL,CAJA,TASA FIJA,R FIJA
CARTERA COLECTIVA ABIERTA CAPITAL TRUST,VISTA,COP,N/A,NACIONAL,CAJA,TASA FIJA,R FIJA
CARTERA COLECTIVA ABIERTA OCCIRENTA,VISTA,COP,N/A,NACIONAL,CAJA,TASA FIJA,R FIJA
CARTERA COLECTIVA ABIERTA SUMAR,VISTA,COP,N/A,NACIONAL,CAJA,TASA FIJA,R FIJA
CARTERA COLECTIVA ABIERTA BBVA FAM,VISTA,COP,N/A,NACIONAL,CAJA,TASA FIJA,R FIJA
CARTERA COLECTIVA ABIERTA INTERES,VISTA,COP,N/A,NACIONAL,CAJA,TASA FIJA,R FIJA
MULTITRUST SKANDIA CC ABIERTA COMPARTIMIENTO EFECT,VISTA,COP,N/A,NACIONAL,CAJA,TASA FIJA,R FIJA
CARTERA COLECTIVA ABIERTA LIQUIDEZ BOLSA Y RENTA,VISTA,COP,N/A,NACIONAL,CAJA,TASA FIJA,R FIJA
FIDUCIARIA SKANDIA,VISTA,COP,N/A,NACIONAL,CAJA,TASA FIJA,R FIJA
CORPBANCA INVESTMENT TRUST COLOMBIA SA SOCIEDAD,VISTA,COP,N/A,NACIONAL,CAJA,TASA FIJA,R FIJA
FIDUCIARIA POPULAR S A CARTERA COLECTIVA,VISTA,COP,N/A,NACIONAL,CAJA,TASA FIJA,R FIJA
HELM TRUST INV CARTERA COLECTIVA,VISTA,COP,N/A,NACIONAL,CAJA,TASA FIJA,R FIJA
BBVA FIDUCIARIA CCA EFECTIVO,VISTA,COP,N/A,NACIONAL,CAJA,TASA FIJA,R FIJA
CARTERA COLECTIVA ULTRASERFINCO LIQUIDEZ,VISTA,COP,N/A,NACIONAL,CAJA,TASA FIJA,R FIJA
SKEASLWFC010,VISTA,COP,N/A,NACIONAL,CAJA,TASA FIJA,R FIJA
ICOLRISK,Acciones Colombia,COP,N/A,NACIONAL,R VARIABLE,VARIABLE,R VARIABLE
CORB5PT05099,Titularización Inmobiliaria,COP,N/A,NACIONAL,R VARIABLE,VARIABLE,R VARIABLE
CDTJPM80DP,Variable-CORPORATIVO LOCAL,COP,IBR,NACIONAL,R FIJA,VARIABLE,R FIJA
CDTCLP10,Variable-CORPORATIVO LOCAL,COP,DTF,NACIONAL,R FIJA,VARIABLE,R FIJA
CDTBGA0V,CORPORATIVO LOCAL,COP,TASA FIJA,NACIONAL,R FIJA,TASA FIJA,R FIJA
CDTSUF80B,Variable-CORPORATIVO LOCAL,COP,IBR,NACIONAL,R FIJA,VARIABLE,R FIJA
CDTSFN80V,Variable-CORPORATIVO LOCAL,COP,IBR,NACIONAL,R FIJA,VARIABLE,R FIJA
CDTCSAS0V,CORPORATIVO LOCAL,COP,TASA FIJA,NACIONAL,R FIJA,TASA FIJA,R FIJA
CDTLBX80P,Variable-CORPORATIVO LOCAL,COP,IBR,NACIONAL,R FIJA,VARIABLE,R FIJA
COR5MPT00014,Fondo de Capital Privado Colombia,COP,N/A,NACIONAL,R VARIABLE,VARIABLE,R VARIABLE
COR5LPT00032,Fondo de Capital Privado Colombia,COP,N/A,NACIONAL,R VARIABLE,VARIABLE,R VARIABLE
COR05PT01357,Fondo de Capital Privado Colombia,COP,N/A,NACIONAL,R VARIABLE,VARIABLE,R VARIABLE
COR9QPT00348,Fondo de Capital Privado Colombia,COP,N/A,NACIONAL,R VARIABLE,VARIABLE,R VARIABLE
COR5LPT00057,Fondo de Capital Privado Colombia,COP,N/A,NACIONAL,R VARIABLE,VARIABLE,R VARIABLE
COR9QPT00355,Fondo de Capital Privado Colombia,COP,N/A,NACIONAL,R VARIABLE,VARIABLE,R VARIABLE
COR9QPT00322,Fondo de Capital Privado Colombia,COP,N/A,NACIONAL,R VARIABLE,VARIABLE,R VARIABLE
COR9QPT00314,Fondo de Capital Privado Colombia,COP,N/A,NACIONAL,R VARIABLE,VARIABLE,R VARIABLE
COR5LPT00016,Fondo de Capital Privado Colombia,COP,N/A,NACIONAL,R VARIABLE,VARIABLE,R VARIABLE
COR5LPT00040,Fondo de Capital Privado Colombia,COP,N/A,NACIONAL,R VARIABLE,VARIABLE,R VARIABLE
COR05PT01340,Fondo de Capital Privado Colombia,COP,N/A,NACIONAL,R VARIABLE,VARIABLE,R VARIABLE
COR4YPT00079,Fondo de Capital Privado Colombia,COP,N/A,NACIONAL,R VARIABLE,VARIABLE,R VARIABLE
CORO0PT00013,Fondo de Capital Privado Colombia,COP,N/A,NACIONAL,R VARIABLE,VARIABLE,R VARIABLE
COR9QPT00306,Fondo de Capital Privado Colombia,COP,N/A,NACIONAL,R VARIABLE,VARIABLE,R VARIABLE
COR5TPT00035,Fondo de Capital Privado Colombia,COP,N/A,NACIONAL,R VARIABLE,VARIABLE,R VARIABLE
COR5LPT00024,Fondo de Capital Privado Colombia,COP,N/A,NACIONAL,R VARIABLE,VARIABLE,R VARIABLE
COR9QPT00363,Fondo de Capital Privado Colombia,COP,N/A,NACIONAL,R VARIABLE,VARIABLE,R VARIABLE
COR17PT00602,Fondo de Capital Privado Colombia,COP,N/A,NACIONAL,R VARIABLE,VARIABLE,R VARIABLE
COR9DPT00338,Fondo de Capital Privado Colombia,COP,N/A,NACIONAL,R VARIABLE,VARIABLE,R VARIABLE
COR5LPT00000,Fondo de Capital Privado Colombia,COP,N/A,NACIONAL,R VARIABLE,VARIABLE,R VARIABLE
SEAFCOLOMBIA SA SOCIEDAD ADMINISTRADORA DE INVERSI,Fondo de Capital Privado Colombia,COP,N/A,NACIONAL,R VARIABLE,VARIABLE,R VARIABLE
COR9QPT00330,Fondo de Capital Privado Colombia,COP,N/A,NACIONAL,R VARIABLE,VARIABLE,R VARIABLE
COR05PT01324,Fondo de Capital Privado Colombia,COP,N/A,NACIONAL,R VARIABLE,VARIABLE,R VARIABLE
COR05PT01464,Fondo de Capital Privado Colombia,COP,N/A,NACIONAL,R VARIABLE,VARIABLE,R VARIABLE
COR17PT00586,Fondo de Capital Privado Colombia,COP,N/A,NACIONAL,R VARIABLE,VARIABLE,R VARIABLE
COR05PT01407,Fondo de Capital Privado Colombia,COP,N/A,NACIONAL,R VARIABLE,VARIABLE,R VARIABLE
COR5LPT00065,Fondo de Capital Privado Colombia,COP,N/A,NACIONAL,R VARIABLE,VARIABLE,R VARIABLE
CORH0PT00269,Fondo de Capital Privado Colombia,COP,N/A,NACIONAL,R VARIABLE,VARIABLE,R VARIABLE
COR20PT01596,Fondo de Capital Privado Colombia,COP,N/A,NACIONAL,R VARIABLE,VARIABLE,R VARIABLE
COR05PT01449,Fondo de Capital Privado Colombia,COP,N/A,NACIONAL,R VARIABLE,VARIABLE,R VARIABLE
COR20PT01604,Fondo de Capital Privado Colombia,COP,N/A,NACIONAL,R VARIABLE,VARIABLE,R VARIABLE
CORH0PT00236,Fondo de Capital Privado Colombia,COP,N/A,NACIONAL,R VARIABLE,VARIABLE,R VARIABLE
CORH0PT00228,Fondo de Capital Privado Colombia,COP,N/A,NACIONAL,R VARIABLE,VARIABLE,R VARIABLE
CORH0PT00251,Fondo de Capital Privado Colombia,COP,N/A,NACIONAL,R VARIABLE,VARIABLE,R VARIABLE
CORH0PT00244,Fondo de Capital Privado Colombia,COP,N/A,NACIONAL,R VARIABLE,VARIABLE,R VARIABLE
COR6DPT00011,Fondo de Capital Privado Colombia,COP,N/A,NACIONAL,R VARIABLE,VARIABLE,R VARIABLE
COR5OPT00010,Fondo de Capital Privado Colombia,COP,N/A,NACIONAL,R VARIABLE,VARIABLE,R VARIABLE
CORH2PT00182,Fondo de Capital Privado Colombia,COP,N/A,NACIONAL,R VARIABLE,VARIABLE,R VARIABLE
CORH4PT00139,Fondo de Capital Privado Colombia,COP,N/A,NACIONAL,R VARIABLE,VARIABLE,R VARIABLE
CORB0PT00166,Fondo de Capital Privado Colombia,COP,N/A,NACIONAL,R VARIABLE,VARIABLE,R VARIABLE
CORH2PT00190,Fondo de Capital Privado Colombia,COP,N/A,NACIONAL,R VARIABLE,VARIABLE,R VARIABLE
CORB0PT00158,Fondo de Capital Privado Colombia,COP,N/A,NACIONAL,R VARIABLE,VARIABLE,R VARIABLE
COLLER INTERNATIONAL PARTNERS VII LP,Fondo de Capital Privado,USD,N/A,INTERNACIONAL,R VARIABLE,VARIABLE,R VARIABLE
FCP KKR CPS MANAGERS FUND,Fondo de Capital Privado,USD,N/A,INTERNACIONAL,R VARIABLE,VARIABLE,R VARIABLE
LEXINGTON CAPITAL PARTNERS VIII LP,Fondo de Capital Privado,USD,N/A,INTERNACIONAL,R VARIABLE,VARIABLE,R VARIABLE
CARLYLE US EQUITY OPPORTUNITY FUND II LP,Fondo de Capital Privado,USD,N/A,INTERNACIONAL,R VARIABLE,VARIABLE,R VARIABLE
ADVENT INTERNATIONAL GPE VIII,Fondo de Capital Privado,USD,N/A,INTERNACIONAL,R VARIABLE,VARIABLE,R VARIABLE
PLATINUM PECP IV,Fondo de Capital Privado,USD,N/A,INTERNACIONAL,R VARIABLE,VARIABLE,R VARIABLE
SKJHDJQCP10,Fondo de Capital Privado,USD,N/A,INTERNACIONAL,R VARIABLE,VARIABLE,R VARIABLE
LAPEF V OC COINVESTMENT,Fondo de Capital Privado,USD,N/A,INTERNACIONAL,R VARIABLE,VARIABLE,R VARIABLE
SKJHIJ4CP20,Fondo de Capital Privado,USD,N/A,INTERNACIONAL,R VARIABLE,VARIABLE,R VARIABLE
SKJHCKTCP10,Fondo de Capital Privado,USD,N/A,INTERNACIONAL,R VARIABLE,VARIABLE,R VARIABLE
PARTNERS GROUP 2016,Fondo de Capital Privado,USD,N/A,INTERNACIONAL,R VARIABLE,VARIABLE,R VARIABLE
SKJZCJ3CPE1,Fondo de Capital Privado,EUR,N/A,INTERNACIONAL,R VARIABLE,VARIABLE,R VARIABLE
ALPINVEST PARTNERS,Fondo de Capital Privado,USD,N/A,INTERNACIONAL,R VARIABLE,VARIABLE,R VARIABLE
442-7207709,Fondo de Capital Privado,USD,N/A,INTERNACIONAL,R VARIABLE,VARIABLE,R VARIABLE
SK0EUEUAE011,Fondo de Capital Privado,USD,N/A,INTERNACIONAL,R VARIABLE,VARIABLE,R VARIABLE
CARLYLE REALTY PARTNERS VIII LP,Fondo de Capital Privado,USD,N/A,INTERNACIONAL,R VARIABLE,VARIABLE,R VARIABLE
PINEBRIDGE SECONDARY PARTNERS III LP,Fondo de Capital Privado,USD,N/A,INTERNACIONAL,R VARIABLE,VARIABLE,R VARIABLE
FCP ADVENT INTERNATIONAL GPE VII LP,Fondo de Capital Privado,EUR,N/A,INTERNACIONAL,R VARIABLE,VARIABLE,R VARIABLE
HARBOURVEST 2013 DIRECT ASSOCIATES LP,Fondo de Capital Privado,USD,N/A,INTERNACIONAL,R VARIABLE,VARIABLE,R VARIABLE
PRIVATE EQUITY MANAGERS 2015 OFFSHORE SCSP,Fondo de Capital Privado,USD,N/A,INTERNACIONAL,R VARIABLE,VARIABLE,R VARIABLE
FCP APAX IX USD GP LP INC,Fondo de Capital Privado,USD,N/A,INTERNACIONAL,R VARIABLE,VARIABLE,R VARIABLE
FCP APOLLO NATURAL RESOURCES PARTNERS II LP,Fondo de Capital Privado,USD,N/A,INTERNACIONAL,R VARIABLE,VARIABLE,R VARIABLE
FONDO DE CAPITAL PRIVADO NB CROSSROADS 2010 FUNDCA,Fondo de Capital Privado,USD,N/A,INTERNACIONAL,R VARIABLE,VARIABLE,R VARIABLE
CHARTERHOUSE CCP X,Fondo de Capital Privado,EUR,N/A,INTERNACIONAL,R VARIABLE,VARIABLE,R VARIABLE
HARBOURVEST HVSS III,Fondo de Capital Privado,USD,N/A,INTERNACIONAL,R VARIABLE,VARIABLE,R VARIABLE
ROBECO SAM SECONDARY FUND III LP,Fondo de Capital Privado,USD,N/A,INTERNACIONAL,R VARIABLE,VARIABLE,R VARIABLE
FCP BAIN CAPITAL FUND XI LP CLASS A,Fondo de Capital Privado,USD,N/A,INTERNACIONAL,R VARIABLE,VARIABLE,R VARIABLE
BLACKSTONE CORE EQUITY MANAGEMENT ASSOCIATES LP,Fondo de Capital Privado,USD,N/A,INTERNACIONAL,R VARIABLE,VARIABLE,R VARIABLE
HARBOURVEST CO INVESTMENT IV ASSOCIATES LP,Fondo de Capital Privado,USD,N/A,INTERNACIONAL,R VARIABLE,VARIABLE,R VARIABLE
HARBOURVEST HDS IX,Fondo de Capital Privado,USD,N/A,INTERNACIONAL,R VARIABLE,VARIABLE,R VARIABLE
ALPINVEST SECONDARIES FUND VI LPPE,Fondo de Capital Privado,USD,N/A,INTERNACIONAL,R VARIABLE,VARIABLE,R VARIABLE
BLACKSTONE CAPITAL PARTNERS VII LP,Fondo de Capital Privado,USD,N/A,INTERNACIONAL,R VARIABLE,VARIABLE,R VARIABLE
FCP PORTFOLIO ADVISORS SECONDARY FUND III LP,Fondo de Capital Privado,USD,N/A,INTERNACIONAL,R VARIABLE,VARIABLE,R VARIABLE
FCP NB CROSSROADS FUND XX ASSET ALLOCATION CAYMAN,Fondo de Capital Privado,USD,N/A,INTERNACIONAL,R VARIABLE,VARIABLE,R VARIABLE
LEXINGTON COINVESTMENT PARTNERS IV LP,Fondo de Capital Privado,USD,N/A,INTERNACIONAL,R VARIABLE,VARIABLE,R VARIABLE
FCP KKR NORTH AMERICA FUND XI LP,Fondo de Capital Privado,USD,N/A,INTERNACIONAL,R VARIABLE,VARIABLE,R VARIABLE
NB CROSSROADS 2010 FUNDCAYMAN,Fondo de Capital Privado,USD,N/A,INTERNACIONAL,R VARIABLE,VARIABLE,R VARIABLE
FCP ROBECO SAM COINVESTMENT FUND III LP,Fondo de Capital Privado,USD,N/A,INTERNACIONAL,R VARIABLE,VARIABLE,R VARIABLE
CARLYLE US EQUITY OPPORTUNITY FUND LP,Fondo de Capital Privado,USD,N/A,INTERNACIONAL,R VARIABLE,VARIABLE,R VARIABLE
ROBECO SAM CLEAN TECH III GENERAL PARTNER LLC,Fondo de Capital Privado,USD,N/A,INTERNACIONAL,R VARIABLE,VARIABLE,R VARIABLE
FONDO DE CAPITAL PRIVADO HIPEP VICAYMAN PARTNERSHI,Fondo de Capital Privado,EUR,N/A,INTERNACIONAL,R VARIABLE,VARIABLE,R VARIABLE
NEW MOUNTAIN CAPITAL LLC,Fondo de Capital Privado,USD,N/A,INTERNACIONAL,R VARIABLE,VARIABLE,R VARIABLE
FCP NB SECONDARY OPPORTUNITIES ASSOCIATES IV LP,Fondo de Capital Privado,USD,N/A,INTERNACIONAL,R VARIABLE,VARIABLE,R VARIABLE
SKJHHJ2CP20,Fondo de Capital Privado,USD,N/A,INTERNACIONAL,R VARIABLE,VARIABLE,R VARIABLE
542050,Fondo de Capital Privado,USD,N/A,INTERNACIONAL,R VARIABLE,VARIABLE,R VARIABLE
FCP APAX VIII GP LP,Fondo de Capital Privado,USD,N/A,INTERNACIONAL,R VARIABLE,VARIABLE,R VARIABLE
KKR CO LP,Fondo de Capital Privado,USD,N/A,INTERNACIONAL,R VARIABLE,VARIABLE,R VARIABLE
BAIN CAPITAL EUROPE FUND IV LP,Fondo de Capital Privado,EUR,N/A,INTERNACIONAL,R VARIABLE,VARIABLE,R VARIABLE
FCP PARTNERS GROUP EUROPEAN SMALL AND MIDCAP BUYOU,Fondo de Capital Privado,EUR,N/A,INTERNACIONAL,R VARIABLE,VARIABLE,R VARIABLE
BLACKSTONE CAPITAL PARTNERS VI LP,Fondo de Capital Privado,USD,N/A,INTERNACIONAL,R VARIABLE,VARIABLE,R VARIABLE
002CCU692451,Fondo de Capital Privado,USD,N/A,INTERNACIONAL,R VARIABLE,VARIABLE,R VARIABLE
GSC539A,Fondo de Capital Privado,USD,N/A,INTERNACIONAL,R VARIABLE,VARIABLE,R VARIABLE
GOLDMAN SACHS EARLY SECONDARIES FUND OFFSHORELP,Fondo de Capital Privado,USD,N/A,INTERNACIONAL,R VARIABLE,VARIABLE,R VARIABLE
278520,Fondo de Capital Privado,USD,N/A,INTERNACIONAL,R VARIABLE,VARIABLE,R VARIABLE
FCP WARBURG PINCUS PRIVATE EQUITY XII LP,Fondo de Capital Privado,USD,N/A,INTERNACIONAL,R VARIABLE,VARIABLE,R VARIABLE
3300675850,Fondo de Capital Privado,USD,N/A,INTERNACIONAL,R VARIABLE,VARIABLE,R VARIABLE
799827209,Fondo de Capital Privado,USD,N/A,INTERNACIONAL,R VARIABLE,VARIABLE,R VARIABLE
574533,Fondo de Capital Privado,USD,N/A,INTERNACIONAL,R VARIABLE,VARIABLE,R VARIABLE
FCP NB STRATEGIC COINVESTMENT CAYMAN PARTNERS II L,Fondo de Capital Privado,USD,N/A,INTERNACIONAL,R VARIABLE,VARIABLE,R VARIABLE
M2-E7393,Fondo de Capital Privado,USD,N/A,INTERNACIONAL,R VARIABLE,VARIABLE,R VARIABLE
TPG GENPAR VII LP,Fondo de Capital Privado,USD,N/A,INTERNACIONAL,R VARIABLE,VARIABLE,R VARIABLE
FCP COLLER INTERNATIONAL PARTNERS VII FEEDER FUND,Fondo de Capital Privado,USD,N/A,INTERNACIONAL,R VARIABLE,VARIABLE,R VARIABLE
FCP NB STRATEGIC COINVESTMENT PARTNERS III,Fondo de Capital Privado,USD,N/A,INTERNACIONAL,R VARIABLE,VARIABLE,R VARIABLE
DE0002635307,Fondo Mutuo o Fondo Indice,EUR,N/A,INTERNACIONAL,R VARIABLE,VARIABLE,R VARIABLE
IE00B4L5YX21,Fondo Mutuo o Fondo Indice,USD,N/A,INTERNACIONAL,R VARIABLE,VARIABLE,R VARIABLE
FR0007054358,Fondo Mutuo o Fondo Indice,EUR,N/A,INTERNACIONAL,R VARIABLE,VARIABLE,R VARIABLE
FR0010654913,Fondo Mutuo o Fondo Indice,EUR,N/A,INTERNACIONAL,R VARIABLE,VARIABLE,R VARIABLE
US78463X2027,Fondo Mutuo o Fondo Indice,USD,N/A,INTERNACIONAL,R VARIABLE,VARIABLE,R VARIABLE
US46432F3394,Fondo Mutuo o Fondo Indice,USD,N/A,INTERNACIONAL,R VARIABLE,VARIABLE,R VARIABLE
DE0005933956,Fondo Mutuo o Fondo Indice,EUR,N/A,INTERNACIONAL,R VARIABLE,VARIABLE,R VARIABLE
FR0010959676,Fondo Mutuo o Fondo Indice,EUR,N/A,INTERNACIONAL,R VARIABLE,VARIABLE,R VARIABLE
LU0278930234,Fondo Mutuo o Fondo Indice,JPY,N/A,INTERNACIONAL,R VARIABLE,VARIABLE,R VARIABLE
LU0859042482,Fondo Mutuo o Fondo Indice,USD,N/A,INTERNACIONAL,R VARIABLE,VARIABLE,R VARIABLE
LU0231474593,Fondo Mutuo o Fondo Indice,JPY,N/A,INTERNACIONAL,R VARIABLE,VARIABLE,R VARIABLE
GB00B8JYLC77,Fondo Mutuo o Fondo Indice,GBP,N/A,INTERNACIONAL,R VARIABLE,VARIABLE,R VARIABLE
IE00BH7Y7M45,Fondo Mutuo o Fondo Indice,USD,N/A,INTERNACIONAL,R VARIABLE,VARIABLE,R VARIABLE
LU0439321364,Fondo Mutuo o Fondo Indice,USD,N/A,INTERNACIONAL,R VARIABLE,VARIABLE,R VARIABLE
LU0390136223,Fondo Mutuo o Fondo Indice,USD,N/A,INTERNACIONAL,R VARIABLE,VARIABLE,R VARIABLE
LU0155301467,Fondo Mutuo o Fondo Indice,JPY,N/A,INTERNACIONAL,R VARIABLE,VARIABLE,R VARIABLE
US9220402096,Fondo Mutuo o Fondo Indice,USD,N/A,INTERNACIONAL,R VARIABLE,VARIABLE,R VARIABLE
LU1235105779,Fondo Mutuo o Fondo Indice,EUR,N/A,INTERNACIONAL,R VARIABLE,VARIABLE,R VARIABLE
LU0870553533,Fondo Mutuo o Fondo Indice,EUR,N/A,INTERNACIONAL,R VARIABLE,VARIABLE,R VARIABLE
LU0742535718,Fondo Mutuo o Fondo Indice,USD,N/A,INTERNACIONAL,R VARIABLE,VARIABLE,R VARIABLE
US2332037850,Fondo Mutuo o Fondo Indice,USD,N/A,INTERNACIONAL,R VARIABLE,VARIABLE,R VARIABLE
LU0106235459,Fondo Mutuo o Fondo Indice,EUR,N/A,INTERNACIONAL,R VARIABLE,VARIABLE,R VARIABLE
LU0219424131,Fondo Mutuo o Fondo Indice,EUR,N/A,INTERNACIONAL,R VARIABLE,VARIABLE,R VARIABLE
TISAS1071226,CORPORATIVO LOCAL,COP,TASA FIJA,NACIONAL,R FIJA,TASA FIJA,R FIJA
TIPN13A26,Titularización Inmobiliaria,COP,N/A,NACIONAL,R VARIABLE,VARIABLE,R VARIABLE
TISH1A26,Titularización Inmobiliaria,COP,N/A,NACIONAL,R VARIABLE,VARIABLE,R VARIABLE
US195325DL65,EM BONDS,USD,TASA FIJA,INTERNACIONAL,R FIJA,TASA FIJA,R FIJA
BISA1179C025,Inflacion-CORPORATIVO LOCAL,COP,IPC,NACIONAL,R FIJA,INFLACIÓN,R FIJA
BISA10169C08,Inflacion-CORPORATIVO LOCAL,COP,IPC,NACIONAL,R FIJA,INFLACIÓN,R FIJA
BEEB1179A1,Inflacion-CORPORATIVO LOCAL,COP,IPC,NACIONAL,R FIJA,INFLACIÓN,R FIJA
BISA10169C12,Inflacion-CORPORATIVO LOCAL,COP,IPC,NACIONAL,R FIJA,INFLACIÓN,R FIJA
US29246BAD01,CORPORATIVO LOCAL,COP,TASA FIJA,NACIONAL,R FIJA,TASA FIJA,R FIJA
BEEB1179A7,Inflacion-CORPORATIVO LOCAL,COP,IPC,NACIONAL,R FIJA,INFLACIÓN,R FIJA
MX0MGO0000D8,EM BONDS,MXN,TASA FIJA,INTERNACIONAL,R FIJA,TASA FIJA,R FIJA
US9128283G32,TREASURIES-MULTILATERALES-AGENCIAS,USD,TASA FIJA,INTERNACIONAL,R FIJA,TASA FIJA,R FIJA
US912828R697,TREASURIES-MULTILATERALES-AGENCIAS,USD,TASA FIJA,INTERNACIONAL,R FIJA,TASA FIJA,R FIJA
US91087BAC46,EM BONDS,USD,TASA FIJA,INTERNACIONAL,R FIJA,TASA FIJA,R FIJA
US715638BU55,EM BONDS,USD,TASA FIJA,INTERNACIONAL,R FIJA,TASA FIJA,R FIJA
US715638BM30,EM BONDS,USD,TASA FIJA,INTERNACIONAL,R FIJA,TASA FIJA,R FIJA
US91086QBF46,EM BONDS,USD,TASA FIJA,INTERNACIONAL,R FIJA,TASA FIJA,R FIJA
DHCELSIA,Acciones Colombia,COP,N/A,NACIONAL,R VARIABLE,VARIABLE,R VARIABLE
BPMG011695A4,Inflacion-CORPORATIVO LOCAL,COP,IPC,NACIONAL,R FIJA,INFLACIÓN,R FIJA
BPM01189A007,Inflacion-CORPORATIVO LOCAL,COP,IPC,NACIONAL,R FIJA,INFLACIÓN,R FIJA
BPM0118SC005,CORPORATIVO LOCAL,COP,TASA FIJA,NACIONAL,R FIJA,TASA FIJA,R FIJA
BWWB117SA002,CORPORATIVO LOCAL,COP,TASA FIJA,NACIONAL,R FIJA,TASA FIJA,R FIJA
BCLP7179FS10,Inflacion-CORPORATIVO LOCAL,UVR,TASA FIJA,NACIONAL,R FIJA,INFLACIÓN,R FIJA
COR26PT00785,Fondo de Capital Privado Colombia,COP,N/A,NACIONAL,R VARIABLE,VARIABLE,R VARIABLE
COR26PT00587,Fondo de Capital Privado Colombia,COP,N/A,NACIONAL,R VARIABLE,VARIABLE,R VARIABLE
COR26PT00686,Fondo de Capital Privado Colombia,COP,N/A,NACIONAL,R VARIABLE,VARIABLE,R VARIABLE
COR6FPT00016,Fondo de Capital Privado Colombia,COP,N/A,NACIONAL,R VARIABLE,VARIABLE,R VARIABLE
COR26PT00744,Fondo de Capital Privado Colombia,COP,N/A,NACIONAL,R VARIABLE,VARIABLE,R VARIABLE
COR26PT00603,Fondo de Capital Privado Colombia,COP,N/A,NACIONAL,R VARIABLE,VARIABLE,R VARIABLE
COR26PT00769,Fondo de Capital Privado Colombia,COP,N/A,NACIONAL,R VARIABLE,VARIABLE,R VARIABLE
COR26PT00546,Fondo de Capital Privado Colombia,COP,N/A,NACIONAL,R VARIABLE,VARIABLE,R VARIABLE
COR26PT00561,Fondo de Capital Privado Colombia,COP,N/A,NACIONAL,R VARIABLE,VARIABLE,R VARIABLE
COR5TPT00001,Fondo de Capital Privado Colombia,COP,N/A,NACIONAL,R VARIABLE,VARIABLE,R VARIABLE
COR9QPT00371,Fondo de Capital Privado Colombia,COP,N/A,NACIONAL,R VARIABLE,VARIABLE,R VARIABLE
COR5TPT00050,Fondo de Capital Privado Colombia,COP,N/A,NACIONAL,R VARIABLE,VARIABLE,R VARIABLE
COR26PT00579,Fondo de Capital Privado Colombia,COP,N/A,NACIONAL,R VARIABLE,VARIABLE,R VARIABLE
COR26PT00694,Fondo de Capital Privado Colombia,COP,N/A,NACIONAL,R VARIABLE,VARIABLE,R VARIABLE
COR26PT00538,Fondo de Capital Privado Colombia,COP,N/A,NACIONAL,R VARIABLE,VARIABLE,R VARIABLE
CORC4PT00175,Fondo de Capital Privado Colombia,COP,N/A,NACIONAL,R VARIABLE,VARIABLE,R VARIABLE
COR26PT00710,Fondo de Capital Privado Colombia,COP,N/A,NACIONAL,R VARIABLE,VARIABLE,R VARIABLE
COR26PT00553,Fondo de Capital Privado Colombia,COP,N/A,NACIONAL,R VARIABLE,VARIABLE,R VARIABLE
COR26PT00702,Fondo de Capital Privado Colombia,COP,N/A,NACIONAL,R VARIABLE,VARIABLE,R VARIABLE
COR26PT00645,Fondo de Capital Privado Colombia,COP,N/A,NACIONAL,R VARIABLE,VARIABLE,R VARIABLE
COR26PT00678,Fondo de Capital Privado Colombia,COP,N/A,NACIONAL,R VARIABLE,VARIABLE,R VARIABLE
COR26PT00611,Fondo de Capital Privado Colombia,COP,N/A,NACIONAL,R VARIABLE,VARIABLE,R VARIABLE
COR26PT00660,Fondo de Capital Privado Colombia,COP,N/A,NACIONAL,R VARIABLE,VARIABLE,R VARIABLE
COR26PT00751,Fondo de Capital Privado Colombia,COP,N/A,NACIONAL,R VARIABLE,VARIABLE,R VARIABLE
COR26PT00843,Fondo de Capital Privado Colombia,COP,N/A,NACIONAL,R VARIABLE,VARIABLE,R VARIABLE
COR26PT00652,Fondo de Capital Privado Colombia,COP,N/A,NACIONAL,R VARIABLE,VARIABLE,R VARIABLE
COR26PT00728,Fondo de Capital Privado Colombia,COP,N/A,NACIONAL,R VARIABLE,VARIABLE,R VARIABLE
COR26PT00595,Fondo de Capital Privado Colombia,COP,N/A,NACIONAL,R VARIABLE,VARIABLE,R VARIABLE
COR26PT00629,Fondo de Capital Privado Colombia,COP,N/A,NACIONAL,R VARIABLE,VARIABLE,R VARIABLE
COR26PT00736,Fondo de Capital Privado Colombia,COP,N/A,NACIONAL,R VARIABLE,VARIABLE,R VARIABLE
COR26PT00777,Fondo de Capital Privado Colombia,COP,N/A,NACIONAL,R VARIABLE,VARIABLE,R VARIABLE
COR26PT00637,Fondo de Capital Privado Colombia,COP,N/A,NACIONAL,R VARIABLE,VARIABLE,R VARIABLE
COR6DPT00029,Fondo de Capital Privado Colombia,COP,N/A,NACIONAL,R VARIABLE,VARIABLE,R VARIABLE
COR26PT00504,Fondo de Capital Privado Colombia,COP,N/A,NACIONAL,R VARIABLE,VARIABLE,R VARIABLE
COR26PT00827,Fondo de Capital Privado Colombia,COP,N/A,NACIONAL,R VARIABLE,VARIABLE,R VARIABLE
COR26PT00488,Fondo de Capital Privado Colombia,COP,N/A,NACIONAL,R VARIABLE,VARIABLE,R VARIABLE
COR26PT00496,Fondo de Capital Privado Colombia,COP,N/A,NACIONAL,R VARIABLE,VARIABLE,R VARIABLE
COR26PT00512,Fondo de Capital Privado Colombia,COP,N/A,NACIONAL,R VARIABLE,VARIABLE,R VARIABLE
COR26PT00520,Fondo de Capital Privado Colombia,COP,N/A,NACIONAL,R VARIABLE,VARIABLE,R VARIABLE
COR26PT00801,Fondo de Capital Privado Colombia,COP,N/A,NACIONAL,R VARIABLE,VARIABLE,R VARIABLE
FCP BC EUROPEAN CAPITAL X LP,Fondo de Capital Privado,EUR,N/A,INTERNACIONAL,R VARIABLE,VARIABLE,R VARIABLE
ALPINVEST COINVESTMENT FUND VII LP,Fondo de Capital Privado,USD,N/A,INTERNACIONAL,R VARIABLE,VARIABLE,R VARIABLE
LANDMARK LREP VIII,Fondo de Capital Privado,USD,N/A,INTERNACIONAL,R VARIABLE,VARIABLE,R VARIABLE
JP MORGAN US DOLLAR LIQUIDITY FUND,MONEY MARKET,USD,N/A,INTERNACIONAL,CAJA,VARIABLE,CAJA
LU0729060128,Fondo Mutuo o Fondo Indice,USD,N/A,INTERNACIONAL,R VARIABLE,VARIABLE,R VARIABLE
LU1091682382,Fondo Mutuo o Fondo Indice,USD,N/A,INTERNACIONAL,R VARIABLE,VARIABLE,R VARIABLE
LU0284395984,Fondo Mutuo o Fondo Indice,EUR,N/A,INTERNACIONAL,R VARIABLE,VARIABLE,R VARIABLE
LU0050381036,Fondo Mutuo o Fondo Indice,USD,N/A,INTERNACIONAL,R VARIABLE,VARIABLE,R VARIABLE
LU0128469243,SOBERANOS OTRAS MONEDAS,USD,TASA FIJA,INTERNACIONAL,R FIJA,TASA FIJA,R FIJA
US9379RAZ03,EM CORPORATIVOS,COP,TASA FIJA,INTERNACIONAL,R FIJA,TASA FIJA,R FIJA
US91087BAE02,EM BONDS,USD,TASA FIJA,INTERNACIONAL,R FIJA,TASA FIJA,R FIJA
USP4R70UAA21,Inflacion-CORPORATIVO LOCAL,UVR,IPC,NACIONAL,R FIJA,INFLACIÓN,R FIJA
XS1130479501,Notas estructuradas,COP,N/A,Notas estructuradas,Notas estructuradas,Notas estructuradas,NOTAS ESTRUCTURADAS
MX0JBA0A1JG3,Notas estructuradas,COP,N/A,Notas estructuradas,Notas estructuradas,Notas estructuradas,NOTAS ESTRUCTURADAS
XS1634266172,Notas estructuradas,COP,TASA FIJA,Notas estructuradas,Notas estructuradas,Notas estructuradas,NOTAS ESTRUCTURADAS
XS1082233245,Notas estructuradas,COP,N/A,Notas estructuradas,Notas estructuradas,Notas estructuradas,NOTAS ESTRUCTURADAS
XS1074587608,Notas estructuradas,COP,N/A,Notas estructuradas,Notas estructuradas,Notas estructuradas,NOTAS ESTRUCTURADAS
XS1574944572,Notas estructuradas,COP,TASA FIJA,Notas estructuradas,Notas estructuradas,Notas estructuradas,NOTAS ESTRUCTURADAS
XS1074515013,Notas estructuradas,COP,N/A,Notas estructuradas,Notas estructuradas,Notas estructuradas,NOTAS ESTRUCTURADAS
XS1120403073,Notas estructuradas,COP,N/A,Notas estructuradas,Notas estructuradas,Notas estructuradas,NOTAS ESTRUCTURADAS
XS0936784270,Notas estructuradas,COP,N/A,Notas estructuradas,Notas estructuradas,Notas estructuradas,NOTAS ESTRUCTURADAS
XS1508733398,Notas estructuradas,COP,TASA FIJA,Notas estructuradas,Notas estructuradas,Notas estructuradas,NOTAS ESTRUCTURADAS
XS1508733042,Notas estructuradas,COP,TASA FIJA,Notas estructuradas,Notas estructuradas,Notas estructuradas,NOTAS ESTRUCTURADAS
XS0291204989,Notas estructuradas,COP,TASA FIJA,Notas estructuradas,Notas estructuradas,Notas estructuradas,NOTAS ESTRUCTURADAS
BGAO3189A025,Inflacion-CORPORATIVO LOCAL,COP,IPC,NACIONAL,R FIJA,INFLACIÓN,R FIJA
CORH6PT00589,Fondo de Capital Privado Colombia,COP,N/A,NACIONAL,R VARIABLE,VARIABLE,R VARIABLE
INST10150328,CORPORATIVO LOCAL,COP,TASA FIJA,NACIONAL,R FIJA,TASA FIJA,R FIJA
TIPF0 TIPS COLOMBIANA,TF TES,COP,TASA FIJA,NACIONAL,R FIJA,TASA FIJA,R FIJA
TCO364120319,TF TES,COP,TASA FIJA,NACIONAL,R FIJA,TASA FIJA,R FIJA
FED5 FCP CD&R LLC,Fondo de Capital Privado,USD,N/A,INTERNACIONAL,R VARIABLE,VARIABLE,R VARIABLE
CORH7PT00272,Fondo de Capital Privado Colombia,COP,N/A,NACIONAL,R VARIABLE,VARIABLE,R VARIABLE
BCOS718SE007,CORPORATIVO LOCAL,COP,TASA FIJA,NACIONAL,R FIJA,TASA FIJA,R FIJA
BISG118SA007,CORPORATIVO LOCAL,COP,TASA FIJA,NACIONAL,R FIJA,TASA FIJA,R FIJA
XS1762135660,EM CORPORATIVOS,MXN,TASA FIJA,INTERNACIONAL,R FIJA,TASA FIJA,R FIJA
COR5TPT00043,Fondo de Capital Privado Colombia,COP,N/A,NACIONAL,R VARIABLE,VARIABLE,R VARIABLE
FCP PARTNERS GROUP REAL ESTATE SECUNDARY 2017,Fondo de Capital Privado,USD,N/A,INTERNACIONAL,R VARIABLE,VARIABLE,R VARIABLE
LU1681047236,Fondo Mutuo o Fondo Indice,EUR,N/A,INTERNACIONAL,R VARIABLE,VARIABLE,R VARIABLE
XS1574915044,Notas estructuradas,MXN,TASA FIJA,NACIONAL,Notas estructuradas,TASA FIJA,NOTAS ESTRUCTURADAS
XS1772495302,Notas estructuradas,MXN,TASA FIJA,NACIONAL,Notas estructuradas,TASA FIJA,NOTAS ESTRUCTURADAS
XS1692874495,Notas estructuradas,MXN,TASA FIJA,NACIONAL,Notas estructuradas,TASA FIJA,NOTAS ESTRUCTURADAS
XS1692875039,Notas estructuradas,MXN,TASA FIJA,NACIONAL,Notas estructuradas,TASA FIJA,NOTAS ESTRUCTURADAS
XS1768735661,Notas estructuradas,MXN,TASA FIJA,NACIONAL,Notas estructuradas,TASA FIJA,NOTAS ESTRUCTURADAS
LU1240329117,Fondo Mutuo o Fondo Indice,EUR,N/A,INTERNACIONAL,R VARIABLE,VARIABLE,R VARIABLE
US912810RZ30,TREASURIES-MULTILATERALES-AGENCIAS,USD,TASA FIJA,INTERNACIONAL,R FIJA,TASA FIJA,R FIJA
US9128283W81,TREASURIES-MULTILATERALES-AGENCIAS,USD,TASA FIJA,INTERNACIONAL,R FIJA,TASA FIJA,R FIJA
CORG6PT00424,Fondo de Capital Privado Colombia,COP,N/A,NACIONAL,R VARIABLE,VARIABLE,R VARIABLE
FED5 FCP LREP VIII,Fondo de Capital Privado,USD,N/A,INTERNACIONAL,R VARIABLE,VARIABLE,R VARIABLE
COR6APT00207,Fondo de Capital Privado Colombia,COP,N/A,NACIONAL,R VARIABLE,VARIABLE,R VARIABLE
IE00B5KRRV51,Fondo Mutuo o Fondo Indice,USD,N/A,INTERNACIONAL,R VARIABLE,VARIABLE,R VARIABLE
COR20PT01836,Fondo de Capital Privado Colombia,COP,N/A,NACIONAL,R VARIABLE,VARIABLE,R VARIABLE
COR20PT01844,Fondo de Capital Privado Colombia,COP,N/A,NACIONAL,R VARIABLE,VARIABLE,R VARIABLE
COR20PT01851,Fondo de Capital Privado Colombia,COP,N/A,NACIONAL,R VARIABLE,VARIABLE,R VARIABLE
COR20PT01869,Fondo de Capital Privado Colombia,COP,N/A,NACIONAL,R VARIABLE,VARIABLE,R VARIABLE
COR20PT01828,Fondo de Capital Privado Colombia,COP,N/A,NACIONAL,R VARIABLE,VARIABLE,R VARIABLE
COR20PT01927,Fondo de Capital Privado Colombia,COP,N/A,NACIONAL,R VARIABLE,VARIABLE,R VARIABLE
COR6APT00025,Fondo de Capital Privado Colombia,COP,N/A,NACIONAL,R VARIABLE,VARIABLE,R VARIABLE
XS1273514817,EM CORPORATIVOS,MXN,TASA FIJA,INTERNACIONAL,R FIJA,TASA FIJA,R FIJA
BCOS517SE005,CORPORATIVO LOCAL,COP,TASA FIJA,NACIONAL,R FIJA,TASA FIJA,R FIJA
BPMO118SC005,CORPORATIVO LOCAL,COP,TASA FIJA,NACIONAL,R FIJA,TASA FIJA,R FIJA
BBPO117SB036,CORPORATIVO LOCAL,COP,TASA FIJA,NACIONAL,R FIJA,TASA FIJA,R FIJA
SKECO96FC003,VISTA,COP,N/A,NACIONAL,CAJA,TASA FIJA,R FIJA
BBVA EFECTIVO,VISTA,COP,N/A,NACIONAL,CAJA,TASA FIJA,R FIJA
CARTERA COLECTIVA INMOBILIARIA INMOVAL COMPARTIMIE,Titularización Inmobiliaria,COP,N/A,NACIONAL,R VARIABLE,VARIABLE,R VARIABLE
SK$A00G00000,Titularización Inmobiliaria,COP,N/A,NACIONAL,R VARIABLE,VARIABLE,R VARIABLE
CDTFAN90,Inflacion-CORPORATIVO LOCAL,COP,IPC,NACIONAL,R FIJA,INFLACIÓN,R FIJA
CORH2PT00208,Fondo de Capital Privado Colombia,COP,N/A,NACIONAL,R VARIABLE,VARIABLE,R VARIABLE
FCP CLAYTON DUBILIER RICE FUND X LP,Fondo de Capital Privado,USD,N/A,INTERNACIONAL,R VARIABLE,VARIABLE,R VARIABLE
OMEJHKK0CP10,Fondo de Capital Privado,USD,N/A,INTERNACIONAL,R VARIABLE,VARIABLE,R VARIABLE
CLAYTON DUBILIER RICE,Fondo de Capital Privado,USD,N/A,INTERNACIONAL,R VARIABLE,VARIABLE,R VARIABLE
INST10091127,Inflacion-CORPORATIVO LOCAL,UVR,TASA FIJA,NACIONAL,R FIJA,INFLACIÓN,R FIJA
US91087BAB62,EM BONDS,USD,TASA FIJA,INTERNACIONAL,R FIJA,TASA FIJA,R FIJA
US912810SA79,TREASURIES-MULTILATERALES-AGENCIAS,USD,TASA FIJA,INTERNACIONAL,R FIJA,TASA FIJA,R FIJA
XS1273527801,Notas estructuradas,COP,TASA FIJA,NACIONAL,Notas estructuradas,TASA FIJA,NOTAS ESTRUCTURADAS
XS1508734792,Notas estructuradas,COP,TASA FIJA,NACIONAL,Notas estructuradas,TASA FIJA,NOTAS ESTRUCTURADAS
XS1508731004,Notas estructuradas,BRL,TASA FIJA,NACIONAL,Notas estructuradas,TASA FIJA,NOTAS ESTRUCTURADAS
XS1303498627,Notas estructuradas,COP,TASA FIJA,NACIONAL,Notas estructuradas,TASA FIJA,NOTAS ESTRUCTURADAS
XS1631328181,Notas estructuradas,COP,TASA FIJA,NACIONAL,Notas estructuradas,TASA FIJA,NOTAS ESTRUCTURADAS
XS1273523727,Notas estructuradas,COP,TASA FIJA,NACIONAL,Notas estructuradas,TASA FIJA,NOTAS ESTRUCTURADAS
XS1169351043,Notas estructuradas,COP,TASA FIJA,NACIONAL,Notas estructuradas,TASA FIJA,NOTAS ESTRUCTURADAS
XS1273516606,Notas estructuradas,COP,TASA FIJA,NACIONAL,Notas estructuradas,TASA FIJA,NOTAS ESTRUCTURADAS
XS0952406071,Notas estructuradas,COP,TASA FIJA,NACIONAL,Notas estructuradas,TASA FIJA,NOTAS ESTRUCTURADAS
XS1711551934,Notas estructuradas,COP,TASA FIJA,NACIONAL,Notas estructuradas,TASA FIJA,NOTAS ESTRUCTURADAS
XS1156531136,Notas estructuradas,COP,TASA FIJA,NACIONAL,Notas estructuradas,TASA FIJA,NOTAS ESTRUCTURADAS
XS0256213876,Notas estructuradas,COP,TASA FIJA,NACIONAL,Notas estructuradas,TASA FIJA,NOTAS ESTRUCTURADAS
XS0358402146,Notas estructuradas,COP,TASA FIJA,NACIONAL,Notas estructuradas,TASA FIJA,NOTAS ESTRUCTURADAS
XS0358487204,Notas estructuradas,COP,TASA FIJA,NACIONAL,Notas estructuradas,TASA FIJA,NOTAS ESTRUCTURADAS
XS0856714216,Notas estructuradas,COP,TASA FIJA,NACIONAL,Notas estructuradas,TASA FIJA,NOTAS ESTRUCTURADAS
XS0983487199,Notas estructuradas,COP,TASA FIJA,NACIONAL,Notas estructuradas,TASA FIJA,NOTAS ESTRUCTURADAS
XS1098722611,Notas estructuradas,COP,TASA FIJA,NACIONAL,Notas estructuradas,TASA FIJA,NOTAS ESTRUCTURADAS
XS0936782142,Notas estructuradas,COP,TASA FIJA,NACIONAL,Notas estructuradas,TASA FIJA,NOTAS ESTRUCTURADAS
XS1012978026,Notas estructuradas,COP,TASA FIJA,NACIONAL,Notas estructuradas,TASA FIJA,NOTAS ESTRUCTURADAS
XS1721366562,Notas estructuradas,COP,TASA FIJA,NACIONAL,Notas estructuradas,TASA FIJA,NOTAS ESTRUCTURADAS
XS1273528288,Notas estructuradas,COP,TASA FIJA,NACIONAL,Notas estructuradas,TASA FIJA,NOTAS ESTRUCTURADAS
XS0983487272,Notas estructuradas,COP,TASA FIJA,NACIONAL,Notas estructuradas,TASA FIJA,NOTAS ESTRUCTURADAS
XS1692872366,Notas estructuradas,COP,TASA FIJA,NACIONAL,Notas estructuradas,TASA FIJA,NOTAS ESTRUCTURADAS
XS1718374488,Notas estructuradas,COP,TASA FIJA,NACIONAL,Notas estructuradas,TASA FIJA,NOTAS ESTRUCTURADAS
XS0936782498,Notas estructuradas,COP,TASA FIJA,NACIONAL,Notas estructuradas,TASA FIJA,NOTAS ESTRUCTURADAS
XS1169340350,Notas estructuradas,COP,TASA FIJA,NACIONAL,Notas estructuradas,TASA FIJA,NOTAS ESTRUCTURADAS
XS1508731269,Notas estructuradas,BRL,TASA FIJA,NACIONAL,Notas estructuradas,TASA FIJA,NOTAS ESTRUCTURADAS
XS1612329984,Notas estructuradas,BRL,TASA FIJA,NACIONAL,Notas estructuradas,TASA FIJA,NOTAS ESTRUCTURADAS
XS1156538818,Notas estructuradas,COP,TASA FIJA,NACIONAL,Notas estructuradas,TASA FIJA,NOTAS ESTRUCTURADAS
XS1273519378,Notas estructuradas,COP,TASA FIJA,NACIONAL,Notas estructuradas,TASA FIJA,NOTAS ESTRUCTURADAS
XS0324640415,Notas estructuradas,COP,TASA FIJA,NACIONAL,Notas estructuradas,TASA FIJA,NOTAS ESTRUCTURADAS
XS1169351555,Notas estructuradas,COP,TASA FIJA,NACIONAL,Notas estructuradas,TASA FIJA,NOTAS ESTRUCTURADAS
XS1028974639,Notas estructuradas,COP,TASA FIJA,NACIONAL,Notas estructuradas,TASA FIJA,NOTAS ESTRUCTURADAS
XS1631062210,Notas estructuradas,COP,TASA FIJA,NACIONAL,Notas estructuradas,TASA FIJA,NOTAS ESTRUCTURADAS
XS0856710909,Notas estructuradas,COP,TASA FIJA,NACIONAL,Notas estructuradas,TASA FIJA,NOTAS ESTRUCTURADAS
XS1330185148,Notas estructuradas,COP,TASA FIJA,NACIONAL,Notas estructuradas,TASA FIJA,NOTAS ESTRUCTURADAS
XS1631322226,Notas estructuradas,BRL,TASA FIJA,NACIONAL,Notas estructuradas,TASA FIJA,NOTAS ESTRUCTURADAS
XS1273518131,Notas estructuradas,COP,TASA FIJA,NACIONAL,Notas estructuradas,TASA FIJA,NOTAS ESTRUCTURADAS
XS1380563095,Notas estructuradas,COP,TASA FIJA,NACIONAL,Notas estructuradas,TASA FIJA,NOTAS ESTRUCTURADAS
XS1557267843,Notas estructuradas,COP,TASA FIJA,NACIONAL,Notas estructuradas,TASA FIJA,NOTAS ESTRUCTURADAS
XS1237184020,Notas estructuradas,COP,TASA FIJA,NACIONAL,Notas estructuradas,TASA FIJA,NOTAS ESTRUCTURADAS
XS1283702691,Notas estructuradas,COP,TASA FIJA,NACIONAL,Notas estructuradas,TASA FIJA,NOTAS ESTRUCTURADAS
XS1692857219,Notas estructuradas,COP,TASA FIJA,NACIONAL,Notas estructuradas,TASA FIJA,NOTAS ESTRUCTURADAS
XS1612934585,Notas estructuradas,BRL,TASA FIJA,NACIONAL,Notas estructuradas,TASA FIJA,NOTAS ESTRUCTURADAS
XS1508731855,Notas estructuradas,COP,TASA FIJA,NACIONAL,Notas estructuradas,TASA FIJA,NOTAS ESTRUCTURADAS
XS1030975509,Notas estructuradas,USD,TASA FIJA,NACIONAL,Notas estructuradas,TASA FIJA,NOTAS ESTRUCTURADAS
XS1508744593,Notas estructuradas,BRL,TASA FIJA,NACIONAL,Notas estructuradas,TASA FIJA,NOTAS ESTRUCTURADAS
XS1570407236,Notas estructuradas,BRL,TASA FIJA,NACIONAL,Notas estructuradas,TASA FIJA,NOTAS ESTRUCTURADAS
CORH7PT00280,Fondo de Capital Privado Colombia,COP,N/A,NACIONAL,R VARIABLE,VARIABLE,R VARIABLE
FED5 FCP BLACKSTONECPTLPA,Fondo de Capital Privado,USD,N/A,INTERNACIONAL,R VARIABLE,VARIABLE,R VARIABLE
XS1800115104,EM CORPORATIVOS,MXN,TASA FIJA,INTERNACIONAL,R FIJA,TASA FIJA,R FIJA
DE0001102440,SOBERANOS OTRAS MONEDAS,EUR,TASA FIJA,INTERNACIONAL,R FIJA,TASA FIJA,R FIJA
BISG1189C012,Inflacion-CORPORATIVO LOCAL,COP,IPC,NACIONAL,R FIJA,INFLACIÓN,R FIJA
BSFN2179C069,Inflacion-CORPORATIVO LOCAL,COP,IPC,NACIONAL,R FIJA,INFLACIÓN,R FIJA
BDVI4179C084,Inflacion-CORPORATIVO LOCAL,COP,IPC,NACIONAL,R FIJA,INFLACIÓN,R FIJA
BSFN217SD045,CORPORATIVO LOCAL,COP,TASA FIJA,NACIONAL,R FIJA,TASA FIJA,R FIJA
BSFN217SD069,CORPORATIVO LOCAL,COP,TASA FIJA,NACIONAL,R FIJA,TASA FIJA,R FIJA
CORJ1PT00109,Titularización Inmobiliaria,COP,N/A,NACIONAL,R VARIABLE,VARIABLE,R VARIABLE
BLACKROCK,Fondo de Capital Privado Colombia,COP,N/A,NACIONAL,R VARIABLE,VARIABLE,R VARIABLE
COR9DPT00000,Fondo de Capital Privado Colombia,COP,N/A,NACIONAL,R VARIABLE,VARIABLE,R VARIABLE
COR5TPT00068,Fondo de Capital Privado Colombia,COP,N/A,NACIONAL,R VARIABLE,VARIABLE,R VARIABLE
COR9QPT00389,Fondo de Capital Privado Colombia,COP,N/A,NACIONAL,R VARIABLE,VARIABLE,R VARIABLE
CORG6PT00000,Fondo de Capital Privado Colombia,COP,N/A,NACIONAL,R VARIABLE,VARIABLE,R VARIABLE
COR20PT01810,Fondo de Capital Privado Colombia,COP,N/A,NACIONAL,R VARIABLE,VARIABLE,R VARIABLE
GSO CAPITAL OPPORTUNITIES FUND III LP,Fondo de Capital Privado,USD,N/A,INTERNACIONAL,R VARIABLE,VARIABLE,R VARIABLE
GENERAL ATLANTIC LLC,Fondo de Capital Privado,USD,N/A,INTERNACIONAL,R VARIABLE,VARIABLE,R VARIABLE
ARDIAN SAS,Fondo de Capital Privado,USD,N/A,INTERNACIONAL,R VARIABLE,VARIABLE,R VARIABLE
ARDIAN SAS EUR,Fondo de Capital Privado,EUR,N/A,INTERNACIONAL,R VARIABLE,VARIABLE,R VARIABLE
LU1681045370,Fondo Mutuo o Fondo Indice,EUR,N/A,INTERNACIONAL,R VARIABLE,VARIABLE,R VARIABLE
US91087BAD29,EM BONDS,MXN,TASA FIJA,INTERNACIONAL,R FIJA,TASA FIJA,R FIJA
XS1804204441,Notas estructuradas,BRL,TASA FIJA,NACIONAL,Notas estructuradas,TASA FIJA,NOTAS ESTRUCTURADAS
CORM3PT00266,Fondo de Capital Privado Colombia,COP,N/A,NACIONAL,R VARIABLE,VARIABLE,R VARIABLE
COR9BPT00498,Fondo de Capital Privado Colombia,COP,N/A,NACIONAL,R VARIABLE,VARIABLE,R VARIABLE
COR9BPT00506,Fondo de Capital Privado Colombia,COP,N/A,NACIONAL,R VARIABLE,VARIABLE,R VARIABLE
COR9BPT00514,Fondo de Capital Privado Colombia,COP,N/A,NACIONAL,R VARIABLE,VARIABLE,R VARIABLE
COR9BPT00522,Fondo de Capital Privado Colombia,COP,N/A,NACIONAL,R VARIABLE,VARIABLE,R VARIABLE
COR9BPT00530,Fondo de Capital Privado Colombia,COP,N/A,NACIONAL,R VARIABLE,VARIABLE,R VARIABLE
COR9BPT00555,Fondo de Capital Privado Colombia,COP,N/A,NACIONAL,R VARIABLE,VARIABLE,R VARIABLE
COR9BPT00563,Fondo de Capital Privado Colombia,COP,N/A,NACIONAL,R VARIABLE,VARIABLE,R VARIABLE
COR9BPT00571,Fondo de Capital Privado Colombia,COP,N/A,NACIONAL,R VARIABLE,VARIABLE,R VARIABLE
COR9BPT00589,Fondo de Capital Privado Colombia,COP,N/A,NACIONAL,R VARIABLE,VARIABLE,R VARIABLE
COR9BPT00597,Fondo de Capital Privado Colombia,COP,N/A,NACIONAL,R VARIABLE,VARIABLE,R VARIABLE
COR9BPT00605,Fondo de Capital Privado Colombia,COP,N/A,NACIONAL,R VARIABLE,VARIABLE,R VARIABLE
COR9BPT00613,Fondo de Capital Privado Colombia,COP,N/A,NACIONAL,R VARIABLE,VARIABLE,R VARIABLE
COR9BPT00621,Fondo de Capital Privado Colombia,COP,N/A,NACIONAL,R VARIABLE,VARIABLE,R VARIABLE
COR9BPT00639,Fondo de Capital Privado Colombia,COP,N/A,NACIONAL,R VARIABLE,VARIABLE,R VARIABLE
COR9BPT00647,Fondo de Capital Privado Colombia,COP,N/A,NACIONAL,R VARIABLE,VARIABLE,R VARIABLE
COR9BPT00654,Fondo de Capital Privado Colombia,COP,N/A,NACIONAL,R VARIABLE,VARIABLE,R VARIABLE
COR9BPT00662,Fondo de Capital Privado Colombia,COP,N/A,NACIONAL,R VARIABLE,VARIABLE,R VARIABLE
COR9BPT00670,Fondo de Capital Privado Colombia,COP,N/A,NACIONAL,R VARIABLE,VARIABLE,R VARIABLE
COR9BPT00688,Fondo de Capital Privado Colombia,COP,N/A,NACIONAL,R VARIABLE,VARIABLE,R VARIABLE
COR9BPT00696,Fondo de Capital Privado Colombia,COP,N/A,NACIONAL,R VARIABLE,VARIABLE,R VARIABLE
COR9BPT00704,Fondo de Capital Privado Colombia,COP,N/A,NACIONAL,R VARIABLE,VARIABLE,R VARIABLE
COR9BPT00712,Fondo de Capital Privado Colombia,COP,N/A,NACIONAL,R VARIABLE,VARIABLE,R VARIABLE
COR9BPT00720,Fondo de Capital Privado Colombia,COP,N/A,NACIONAL,R VARIABLE,VARIABLE,R VARIABLE
COR9BPT00738,Fondo de Capital Privado Colombia,COP,N/A,NACIONAL,R VARIABLE,VARIABLE,R VARIABLE
COR9BPT00746,Fondo de Capital Privado Colombia,COP,N/A,NACIONAL,R VARIABLE,VARIABLE,R VARIABLE
COR9BPT00753,Fondo de Capital Privado Colombia,COP,N/A,NACIONAL,R VARIABLE,VARIABLE,R VARIABLE
COR9BPT00761,Fondo de Capital Privado Colombia,COP,N/A,NACIONAL,R VARIABLE,VARIABLE,R VARIABLE
COR9BPT00779,Fondo de Capital Privado Colombia,COP,N/A,NACIONAL,R VARIABLE,VARIABLE,R VARIABLE
COR9BPT00787,Fondo de Capital Privado Colombia,COP,N/A,NACIONAL,R VARIABLE,VARIABLE,R VARIABLE
COR9BPT00795,Fondo de Capital Privado Colombia,COP,N/A,NACIONAL,R VARIABLE,VARIABLE,R VARIABLE
COR9BPT00803,Fondo de Capital Privado Colombia,COP,N/A,NACIONAL,R VARIABLE,VARIABLE,R VARIABLE
COR9BPT00811,Fondo de Capital Privado Colombia,COP,N/A,NACIONAL,R VARIABLE,VARIABLE,R VARIABLE
COR9BPT00829,Fondo de Capital Privado Colombia,COP,N/A,NACIONAL,R VARIABLE,VARIABLE,R VARIABLE
COR9BPT00480,Fondo de Capital Privado Colombia,COP,N/A,NACIONAL,R VARIABLE,VARIABLE,R VARIABLE
COR9BPT00837,Fondo de Capital Privado Colombia,COP,N/A,NACIONAL,R VARIABLE,VARIABLE,R VARIABLE
COR9BPT00845,Fondo de Capital Privado Colombia,COP,N/A,NACIONAL,R VARIABLE,VARIABLE,R VARIABLE
COR9BPT00852,Fondo de Capital Privado Colombia,COP,N/A,NACIONAL,R VARIABLE,VARIABLE,R VARIABLE
COR9BPT00860,Fondo de Capital Privado Colombia,COP,N/A,NACIONAL,R VARIABLE,VARIABLE,R VARIABLE
COR9BPT00878,Fondo de Capital Privado Colombia,COP,N/A,NACIONAL,R VARIABLE,VARIABLE,R VARIABLE
CORM3PT00282,Fondo de Capital Privado Colombia,COP,N/A,NACIONAL,R VARIABLE,VARIABLE,R VARIABLE
CORM3PT00290,Fondo de Capital Privado Colombia,COP,N/A,NACIONAL,R VARIABLE,VARIABLE,R VARIABLE
CORM3PT00308,Fondo de Capital Privado Colombia,COP,N/A,NACIONAL,R VARIABLE,VARIABLE,R VARIABLE
CORM3PT00316,Fondo de Capital Privado Colombia,COP,N/A,NACIONAL,R VARIABLE,VARIABLE,R VARIABLE
CORM3PT00324,Fondo de Capital Privado Colombia,COP,N/A,NACIONAL,R VARIABLE,VARIABLE,R VARIABLE
CORM3PT00332,Fondo de Capital Privado Colombia,COP,N/A,NACIONAL,R VARIABLE,VARIABLE,R VARIABLE
CORM3PT00340,Fondo de Capital Privado Colombia,COP,N/A,NACIONAL,R VARIABLE,VARIABLE,R VARIABLE
CORM3PT00357,Fondo de Capital Privado Colombia,COP,N/A,NACIONAL,R VARIABLE,VARIABLE,R VARIABLE
CORM3PT00373,Fondo de Capital Privado Colombia,COP,N/A,NACIONAL,R VARIABLE,VARIABLE,R VARIABLE
CORM3PT00365,Fondo de Capital Privado Colombia,COP,N/A,NACIONAL,R VARIABLE,VARIABLE,R VARIABLE
CORM3PT00381,Fondo de Capital Privado Colombia,COP,N/A,NACIONAL,R VARIABLE,VARIABLE,R VARIABLE
CORM3PT00399,Fondo de Capital Privado Colombia,COP,N/A,NACIONAL,R VARIABLE,VARIABLE,R VARIABLE
CORM3PT00407,Fondo de Capital Privado Colombia,COP,N/A,NACIONAL,R VARIABLE,VARIABLE,R VARIABLE
CORM3PT00415,Fondo de Capital Privado Colombia,COP,N/A,NACIONAL,R VARIABLE,VARIABLE,R VARIABLE
CORM3PT00423,Fondo de Capital Privado Colombia,COP,N/A,NACIONAL,R VARIABLE,VARIABLE,R VARIABLE
CORM3PT00431,Fondo de Capital Privado Colombia,COP,N/A,NACIONAL,R VARIABLE,VARIABLE,R VARIABLE
CORM3PT00449,Fondo de Capital Privado Colombia,COP,N/A,NACIONAL,R VARIABLE,VARIABLE,R VARIABLE
CORM3PT00456,Fondo de Capital Privado Colombia,COP,N/A,NACIONAL,R VARIABLE,VARIABLE,R VARIABLE
CORM3PT00464,Fondo de Capital Privado Colombia,COP,N/A,NACIONAL,R VARIABLE,VARIABLE,R VARIABLE
CORM3PT00472,Fondo de Capital Privado Colombia,COP,N/A,NACIONAL,R VARIABLE,VARIABLE,R VARIABLE
CORM3PT00480,Fondo de Capital Privado Colombia,COP,N/A,NACIONAL,R VARIABLE,VARIABLE,R VARIABLE
CORM3PT00274,Fondo de Capital Privado Colombia,COP,N/A,NACIONAL,R VARIABLE,VARIABLE,R VARIABLE
CORM3PT00498,Fondo de Capital Privado Colombia,COP,N/A,NACIONAL,R VARIABLE,VARIABLE,R VARIABLE
BTPL1189C025,Inflacion-CORPORATIVO LOCAL,COP,IPC,NACIONAL,R FIJA,INFLACIÓN,R FIJA
LU1770940051,Fondo Mutuo o Fondo Indice,EUR,N/A,INTERNACIONAL,R VARIABLE,VARIABLE,R VARIABLE
XS1692867366,Notas estructuradas,BRL,TASA FIJA,NACIONAL,Notas estructuradas,TASA FIJA,NOTAS ESTRUCTURADAS
COR9BPT00886,Fondo de Capital Privado Colombia,COP,N/A,NACIONAL,R VARIABLE,VARIABLE,R VARIABLE
BBSA4188B024,Variable-CORPORATIVO LOCAL,COP,IBR,NACIONAL,R FIJA,VARIABLE,R FIJA
BCCB1189C003,Inflacion-CORPORATIVO LOCAL,COP,IPC,NACIONAL,R FIJA,INFLACIÓN,R FIJA
BCCB1189C010,Inflacion-CORPORATIVO LOCAL,COP,IPC,NACIONAL,R FIJA,INFLACIÓN,R FIJA
BCCB1189C020,Inflacion-CORPORATIVO LOCAL,COP,IPC,NACIONAL,R FIJA,INFLACIÓN,R FIJA
COR6APT00033,Fondo de Capital Privado Colombia,COP,N/A,NACIONAL,R VARIABLE,VARIABLE,R VARIABLE
CORG6PT00432,Fondo de Capital Privado Colombia,COP,N/A,NACIONAL,R VARIABLE,VARIABLE,R VARIABLE
IE0005042456,Fondo Mutuo o Fondo Indice,GBP,N/A,INTERNACIONAL,R VARIABLE,VARIABLE,R VARIABLE
BVBCB1189C05,Inflacion-CORPORATIVO LOCAL,COP,IPC,NACIONAL,R FIJA,INFLACIÓN,R FIJA
CORH7PT00298,Fondo de Capital Privado Colombia,COP,N/A,NACIONAL,R VARIABLE,VARIABLE,R VARIABLE
BVBCB1189C03,Inflacion-CORPORATIVO LOCAL,COP,IPC,NACIONAL,R FIJA,INFLACIÓN,R FIJA
TISA10180528,CORPORATIVO LOCAL,COP,TASA FIJA,NACIONAL,R FIJA,TASA FIJA,R FIJA
BISA1189C025,Inflacion-CORPORATIVO LOCAL,COP,IPC,NACIONAL,R FIJA,INFLACIÓN,R FIJA
BISA1189C015,Inflacion-CORPORATIVO LOCAL,COP,IPC,NACIONAL,R FIJA,INFLACIÓN,R FIJA
CORM3PT00506,Fondo de Capital Privado Colombia,COP,N/A,NACIONAL,R VARIABLE,VARIABLE,R VARIABLE
COR9BPT00894,Fondo de Capital Privado Colombia,COP,N/A,NACIONAL,R VARIABLE,VARIABLE,R VARIABLE
XS1832971805,EM BONDS,MXN,TASA FIJA,INTERNACIONAL,R FIJA,TASA FIJA,R FIJA
BTPL1189C010,Inflacion-CORPORATIVO LOCAL,COP,IPC,NACIONAL,R FIJA,INFLACIÓN,R FIJA
BTPL1189C005,Inflacion-CORPORATIVO LOCAL,COP,IPC,NACIONAL,R FIJA,INFLACIÓN,R FIJA
BTPL1189C015,Inflacion-CORPORATIVO LOCAL,COP,IPC,NACIONAL,R FIJA,INFLACIÓN,R FIJA
COL36CB00023,Inflacion-CORPORATIVO LOCAL,COP,IPC,NACIONAL,R FIJA,INFLACIÓN,R FIJA
BBPO318SB003,CORPORATIVO LOCAL,COP,TASA FIJA,NACIONAL,R FIJA,TASA FIJA,R FIJA
BBSA4189C060,Inflacion-CORPORATIVO LOCAL,COP,IPC,NACIONAL,R FIJA,INFLACIÓN,R FIJA
BBPO318SB005,CORPORATIVO LOCAL,COP,TASA FIJA,NACIONAL,R FIJA,TASA FIJA,R FIJA
CORB5PT05024,Titularización Inmobiliaria,COP,N/A,NACIONAL,R VARIABLE,VARIABLE,R VARIABLE
CORB5PT04944,Titularización Inmobiliaria,COP,N/A,NACIONAL,R VARIABLE,VARIABLE,R VARIABLE
COR6APT00000,Fondo de Capital Privado Colombia,COP,N/A,NACIONAL,R VARIABLE,VARIABLE,R VARIABLE
OAKTREE CAPITAL GROUP LLC,Fondo de Capital Privado,USD,N/A,INTERNACIONAL,R VARIABLE,VARIABLE,R VARIABLE
SILVER LAKE SLP V,Fondo de Capital Privado,USD,N/A,INTERNACIONAL,R VARIABLE,VARIABLE,R VARIABLE
FCP LREP VIII,Fondo de Capital Privado,USD,N/A,INTERNACIONAL,R VARIABLE,VARIABLE,R VARIABLE
FCP CD&RLLC,Fondo de Capital Privado,USD,N/A,INTERNACIONAL,R VARIABLE,VARIABLE,R VARIABLE
US4642865178,SOBERANOS OTRAS MONEDAS,USD,N/A,INTERNACIONAL,R FIJA,TASA FIJA,R FIJA
US4642862514,EM CORPORATIVOS,USD,TASA FIJA,INTERNACIONAL,R FIJA,TASA FIJA,R FIJA
CORB5PT04951,Titularización Inmobiliaria,COP,N/A,NACIONAL,R VARIABLE,VARIABLE,R VARIABLE
US9128284N73,TREASURIES-MULTILATERALES-AGENCIAS,USD,TASA FIJA,INTERNACIONAL,R FIJA,TASA FIJA,R FIJA
CORH5PT00136,Fondo de Capital Privado Colombia,COP,N/A,NACIONAL,R VARIABLE,VARIABLE,R VARIABLE
FED5 FCP STEPSTONE IV,Fondo de Capital Privado,USD,N/A,INTERNACIONAL,R VARIABLE,VARIABLE,R VARIABLE
FEP5 FICA RF MERC EMER ALIANZA,SOBERANOS OTRAS MONEDAS,COP,N/A,INTERNACIONAL,R FIJA,TASA FIJA,R FIJA
FEE5 FCP EQT VIII,Fondo de Capital Privado,EUR,N/A,INTERNACIONAL,R VARIABLE,VARIABLE,R VARIABLE
COR5PPT00017,Fondo de Capital Privado Colombia,COP,N/A,NACIONAL,R VARIABLE,VARIABLE,R VARIABLE
BCO03400819D,EM CORPORATIVOS,USD,TASA FIJA,INTERNACIONAL,R FIJA,TASA FIJA,R FIJA
COR5PPT00025,Fondo de Capital Privado Colombia,COP,N/A,NACIONAL,R VARIABLE,VARIABLE,R VARIABLE
COL06CD11409,Variable-CORPORATIVO LOCAL,COP,IBR,NACIONAL,R FIJA,VARIABLE,R FIJA
US912810SD19,TREASURIES-MULTILATERALES-AGENCIAS,USD,TASA FIJA,INTERNACIONAL,R FIJA,TASA FIJA,R FIJA
FEP5 FCP ENERGETICO ANDINO A,Fondo de Capital Privado Colombia,COP,N/A,NACIONAL,R VARIABLE,VARIABLE,R VARIABLE
USG2523RAA52,EM CORPORATIVOS,USD,TASA FIJA,INTERNACIONAL,R FIJA,TASA FIJA,R FIJA
BGMA118SA003,CORPORATIVO LOCAL,COP,TASA FIJA,NACIONAL,R FIJA,TASA FIJA,R FIJA
OMEFO3C00001,VISTA,COP,N/A,NACIONAL,CAJA,TASA FIJA,R FIJA
STATE STREET GLOBAL SERVICES,MONEY MARKET,CLP,N/A,INTERNACIONAL,CAJA,TASA FIJA,CAJA
CORC4PT00183,Fondo de Capital Privado Colombia,COP,N/A,NACIONAL,R VARIABLE,VARIABLE,R VARIABLE
COR9QPT00397,Fondo de Capital Privado Colombia,COP,N/A,NACIONAL,R VARIABLE,VARIABLE,R VARIABLE
COR9QPT00000,Fondo de Capital Privado Colombia,COP,N/A,NACIONAL,R VARIABLE,VARIABLE,R VARIABLE
OMJHM0YCP10,Fondo de Capital Privado,USD,N/A,INTERNACIONAL,R VARIABLE,VARIABLE,R VARIABLE
STARWOOD GLOBAL OPPORTUNITY FUND XI,Fondo de Capital Privado,USD,N/A,INTERNACIONAL,R VARIABLE,VARIABLE,R VARIABLE
FCPSENIORCOMP04,Fondo de Capital Privado Colombia,COP,N/A,NACIONAL,R VARIABLE,VARIABLE,R VARIABLE
COR5TPT00000,Fondo de Capital Privado Colombia,COP,N/A,NACIONAL,R VARIABLE,VARIABLE,R VARIABLE
COR5TPT00002,Fondo de Capital Privado Colombia,COP,N/A,NACIONAL,R VARIABLE,VARIABLE,R VARIABLE
FCPTLCCARTAGENA,Fondo de Capital Privado Colombia,COP,N/A,NACIONAL,R VARIABLE,VARIABLE,R VARIABLE
FCPTLCBOGOTA,Fondo de Capital Privado Colombia,COP,N/A,NACIONAL,R VARIABLE,VARIABLE,R VARIABLE
FICC INMPREMIUM,Titularización Inmobiliaria,COP,N/A,NACIONAL,R VARIABLE,VARIABLE,R VARIABLE
FICC INM OLDMUT,Titularización Inmobiliaria,COP,N/A,NACIONAL,R VARIABLE,VARIABLE,R VARIABLE
INST10250728,Inflacion-CORPORATIVO LOCAL,UVR,TASA FIJA,NACIONAL,R FIJA,INFLACIÓN,R FIJA
US91086QBB32,EM BONDS,USD,TASA FIJA,INTERNACIONAL,R FIJA,TASA FIJA,R FIJA
MX0MGO0000U2,EM BONDS,MXN,TASA FIJA,INTERNACIONAL,R FIJA,TASA FIJA,R FIJA
COR9BPT00902,Fondo de Capital Privado Colombia,COP,N/A,NACIONAL,R VARIABLE,VARIABLE,R VARIABLE
BOPI5 B POPULAR,Inflacion-CORPORATIVO LOCAL,COP,IPC,NACIONAL,R FIJA,INFLACIÓN,R FIJA
COB02CB00471,Inflacion-CORPORATIVO LOCAL,COP,IPC,NACIONAL,R FIJA,INFLACIÓN,R FIJA
BBPO3189C005,Inflacion-CORPORATIVO LOCAL,COP,IPC,NACIONAL,R FIJA,INFLACIÓN,R FIJA
BSBCX2189A60,Inflacion-CORPORATIVO LOCAL,COP,IPC,NACIONAL,R FIJA,INFLACIÓN,R FIJA
BBOC06139B7,Inflacion-CORPORATIVO LOCAL,COP,IPC,NACIONAL,R FIJA,INFLACIÓN,R FIJA
FEP5 FCP ALTRA FCP 2,Fondo de Capital Privado Colombia,COP,N/A,NACIONAL,R VARIABLE,VARIABLE,R VARIABLE
CORH7PT00306,Fondo de Capital Privado Colombia,COP,N/A,NACIONAL,R VARIABLE,VARIABLE,R VARIABLE
FED5 FCP CROW REP VIII,Fondo de Capital Privado,USD,N/A,INTERNACIONAL,R VARIABLE,VARIABLE,R VARIABLE
FEP5 FICA ULTRASERFINCO LQDEZ,VISTA,COP,TASA FIJA,NACIONAL,CAJA,VARIABLE,CAJA
ISHARES MSCI ACWI,Fondo Mutuo o Fondo Indice,USD,N/A,INTERNACIONAL,R VARIABLE,VARIABLE,R VARIABLE
US9128284V99,TREASURIES-MULTILATERALES-AGENCIAS,USD,TASA FIJA,INTERNACIONAL,R FIJA,TASA FIJA,R FIJA
BMOL118SD004,CORPORATIVO LOCAL,COP,TASA FIJA,NACIONAL,R FIJA,TASA FIJA,R FIJA
BPEI1189C025,Inflacion-CORPORATIVO LOCAL,COP,IPC,NACIONAL,R FIJA,INFLACIÓN,R FIJA
BPEI1189C010,Inflacion-CORPORATIVO LOCAL,COP,IPC,NACIONAL,R FIJA,INFLACIÓN,R FIJA
COK97TP00013,VISTA,COP,TASA FIJA,NACIONAL,CAJA,VARIABLE,CAJA
SKEOJWICCA01,VISTA,COP,TASA FIJA,NACIONAL,CAJA,VARIABLE,CAJA
FIC RENTA FIJA PLAZO,VISTA,COP,TASA FIJA,NACIONAL,CAJA,VARIABLE,CAJA
FIC ABIERTO RENTA FIJA PLUS,VISTA,COP,TASA FIJA,NACIONAL,CAJA,VARIABLE,CAJA
FONDO DE INVERSIN COLECTIVA ABIERTO CON PACTO DE P,VISTA,COP,TASA FIJA,NACIONAL,CAJA,VARIABLE,CAJA
CDTBOC90,Inflacion-CORPORATIVO LOCAL,COP,IPC,NACIONAL,R FIJA,INFLACIÓN,R FIJA
CDTSUF80P,Variable-CORPORATIVO LOCAL,COP,IBR,NACIONAL,R FIJA,VARIABLE,R FIJA
CDTWWBS0V,CORPORATIVO LOCAL,COP,TASA FIJA,NACIONAL,R FIJA,TASA FIJA,R FIJA
CDTCLP90,Inflacion-CORPORATIVO LOCAL,COP,IPC,NACIONAL,R FIJA,INFLACIÓN,R FIJA
BANCO CAJA SOCIAL,VISTA,COP,TASA FIJA,NACIONAL,CAJA,VARIABLE,CAJA
COR6NPT00010,Fondo de Capital Privado Colombia,COP,N/A,NACIONAL,R VARIABLE,VARIABLE,R VARIABLE
COR5LPT00073,Fondo de Capital Privado Colombia,COP,N/A,NACIONAL,R VARIABLE,VARIABLE,R VARIABLE
CORH4PT00147,Fondo de Capital Privado Colombia,COP,N/A,NACIONAL,R VARIABLE,VARIABLE,R VARIABLE
COR9BPT00000,Fondo de Capital Privado Colombia,COP,N/A,NACIONAL,R VARIABLE,VARIABLE,R VARIABLE
FCP EQT VIII,Fondo de Capital Privado,EUR,N/A,INTERNACIONAL,R VARIABLE,VARIABLE,R VARIABLE
EQT VIII,Fondo de Capital Privado,EUR,N/A,INTERNACIONAL,R VARIABLE,VARIABLE,R VARIABLE
COR5TPT00092,Fondo de Capital Privado Colombia,COP,N/A,NACIONAL,R VARIABLE,VARIABLE,R VARIABLE
COR5TPT00084,Fondo de Capital Privado Colombia,COP,N/A,NACIONAL,R VARIABLE,VARIABLE,R VARIABLE
US46434G1031,Fondo Mutuo o Fondo Indice,USD,N/A,INTERNACIONAL,R VARIABLE,VARIABLE,R VARIABLE
PECD1188E330,Variable-CORPORATIVO LOCAL,COP,IBR,NACIONAL,R FIJA,VARIABLE,R FIJA
PECD118SA364,CORPORATIVO LOCAL,COP,TASA FIJA,NACIONAL,R FIJA,TASA FIJA,R FIJA
STILA5230823,CORPORATIVO LOCAL,COP,TASA FIJA,NACIONAL,R FIJA,TASA FIJA,R FIJA
BEPM05139A05,Inflacion-CORPORATIVO LOCAL,COP,IPC,NACIONAL,R FIJA,INFLACIÓN,R FIJA
BCOS8189B005,Inflacion-CORPORATIVO LOCAL,COP,IPC,NACIONAL,R FIJA,INFLACIÓN,R FIJA
CORH7PT00314,Fondo de Capital Privado Colombia,COP,N/A,NACIONAL,R VARIABLE,VARIABLE,R VARIABLE
IE00B53L3W79,Fondo Mutuo o Fondo Indice,EUR,N/A,INTERNACIONAL,R VARIABLE,VARIABLE,R VARIABLE
ISHARES EURO STOXX 50 UCITS,Fondo Mutuo o Fondo Indice,EUR,N/A,INTERNACIONAL,R VARIABLE,VARIABLE,R VARIABLE
COR20PT01950,Fondo de Capital Privado Colombia,COP,N/A,NACIONAL,R VARIABLE,VARIABLE,R VARIABLE
COR20PT01968,Fondo de Capital Privado Colombia,COP,N/A,NACIONAL,R VARIABLE,VARIABLE,R VARIABLE
COR20PT01976,Fondo de Capital Privado Colombia,COP,N/A,NACIONAL,R VARIABLE,VARIABLE,R VARIABLE
COR20PT01984,Fondo de Capital Privado Colombia,COP,N/A,NACIONAL,R VARIABLE,VARIABLE,R VARIABLE
COR20PT01943,Fondo de Capital Privado Colombia,COP,N/A,NACIONAL,R VARIABLE,VARIABLE,R VARIABLE
COR20PT02040,Fondo de Capital Privado Colombia,COP,N/A,NACIONAL,R VARIABLE,VARIABLE,R VARIABLE
XS1828606621,EM CORPORATIVOS,MXN,TASA FIJA,INTERNACIONAL,R FIJA,TASA FIJA,R FIJA
BCOS7189B012,Inflacion-CORPORATIVO LOCAL,COP,IPC,NACIONAL,R FIJA,INFLACIÓN,R FIJA
FIC MULTIESCALA,VISTA,COP,N/A,NACIONAL,CAJA,TASA FIJA,R FIJA
FIC BTG PACTUAL DEUDA PRIVADA,VISTA,COP,N/A,NACIONAL,CAJA,TASA FIJA,R FIJA
CORH2PT00216,Fondo de Capital Privado Colombia,COP,N/A,NACIONAL,R VARIABLE,VARIABLE,R VARIABLE
BLACKSTONE PROPERTY PARTNERS LP,Fondo de Capital Privado,USD,N/A,INTERNACIONAL,R VARIABLE,VARIABLE,R VARIABLE
ICG EUROPE FUND VII,Fondo de Capital Privado,EUR,N/A,INTERNACIONAL,R VARIABLE,VARIABLE,R VARIABLE
US78464A8475,Fondo Mutuo o Fondo Indice,USD,N/A,INTERNACIONAL,R VARIABLE,VARIABLE,R VARIABLE
XS1881504895,Notas estructuradas,MXN,TASA FIJA,NACIONAL,Notas estructuradas,TASA FIJA,NOTAS ESTRUCTURADAS
XS1836390994,Notas estructuradas,MXN,TASA FIJA,NACIONAL,Notas estructuradas,TASA FIJA,NOTAS ESTRUCTURADAS
LU1770939988,Fondo Mutuo o Fondo Indice,USD,N/A,INTERNACIONAL,R VARIABLE,VARIABLE,R VARIABLE
US2332034139,Fondo Mutuo o Fondo Indice,USD,N/A,INTERNACIONAL,R VARIABLE,VARIABLE,R VARIABLE
US46434V2824,Fondo Mutuo o Fondo Indice,USD,N/A,INTERNACIONAL,R VARIABLE,VARIABLE,R VARIABLE
LU0788520384,Fondo Mutuo o Fondo Indice,USD,N/A,INTERNACIONAL,R VARIABLE,VARIABLE,R VARIABLE
ISHARES EDGE MSCI MF USA,Fondo Mutuo o Fondo Indice,USD,N/A,INTERNACIONAL,R VARIABLE,VARIABLE,R VARIABLE
BDVI5189C096,Inflacion-CORPORATIVO LOCAL,COP,IPC,NACIONAL,R FIJA,INFLACIÓN,R FIJA
BBSA5189C048,Inflacion-CORPORATIVO LOCAL,COP,IPC,NACIONAL,R FIJA,INFLACIÓN,R FIJA
COR9BPT00910,Fondo de Capital Privado Colombia,COP,N/A,NACIONAL,R VARIABLE,VARIABLE,R VARIABLE
BBOC2179B180,Inflacion-CORPORATIVO LOCAL,COP,IPC,NACIONAL,R FIJA,INFLACIÓN,R FIJA
COR20PT01992,Fondo de Capital Privado Colombia,COP,N/A,NACIONAL,R VARIABLE,VARIABLE,R VARIABLE
COR20PT02032,Fondo de Capital Privado Colombia,COP,N/A,NACIONAL,R VARIABLE,VARIABLE,R VARIABLE
COR5LPT00081,Fondo de Capital Privado Colombia,COP,N/A,NACIONAL,R VARIABLE,VARIABLE,R VARIABLE
COR26PT00868,Fondo de Capital Privado Colombia,COP,N/A,NACIONAL,R VARIABLE,VARIABLE,R VARIABLE
COR9QPT00405,Fondo de Capital Privado Colombia,COP,N/A,NACIONAL,R VARIABLE,VARIABLE,R VARIABLE
CORC4PT00332,Fondo de Capital Privado Colombia,COP,N/A,NACIONAL,R VARIABLE,VARIABLE,R VARIABLE
CORC4PT00266,Fondo de Capital Privado Colombia,COP,N/A,NACIONAL,R VARIABLE,VARIABLE,R VARIABLE
CORC4PT00365,Fondo de Capital Privado Colombia,COP,N/A,NACIONAL,R VARIABLE,VARIABLE,R VARIABLE
CORC4PT00241,Fondo de Capital Privado Colombia,COP,N/A,NACIONAL,R VARIABLE,VARIABLE,R VARIABLE
CORC4PT00282,Fondo de Capital Privado Colombia,COP,N/A,NACIONAL,R VARIABLE,VARIABLE,R VARIABLE
CORC4PT00209,Fondo de Capital Privado Colombia,COP,N/A,NACIONAL,R VARIABLE,VARIABLE,R VARIABLE
CORC4PT00357,Fondo de Capital Privado Colombia,COP,N/A,NACIONAL,R VARIABLE,VARIABLE,R VARIABLE
CORC4PT00258,Fondo de Capital Privado Colombia,COP,N/A,NACIONAL,R VARIABLE,VARIABLE,R VARIABLE
CORC4PT00324,Fondo de Capital Privado Colombia,COP,N/A,NACIONAL,R VARIABLE,VARIABLE,R VARIABLE
CORC4PT00316,Fondo de Capital Privado Colombia,COP,N/A,NACIONAL,R VARIABLE,VARIABLE,R VARIABLE
CORC4PT00290,Fondo de Capital Privado Colombia,COP,N/A,NACIONAL,R VARIABLE,VARIABLE,R VARIABLE
CORC4PT00233,Fondo de Capital Privado Colombia,COP,N/A,NACIONAL,R VARIABLE,VARIABLE,R VARIABLE
CORC4PT00308,Fondo de Capital Privado Colombia,COP,N/A,NACIONAL,R VARIABLE,VARIABLE,R VARIABLE
COR20PT01935,Fondo de Capital Privado Colombia,COP,N/A,NACIONAL,R VARIABLE,VARIABLE,R VARIABLE
CORC4PT00274,Fondo de Capital Privado Colombia,COP,N/A,NACIONAL,R VARIABLE,VARIABLE,R VARIABLE
CORC4PT00225,Fondo de Capital Privado Colombia,COP,N/A,NACIONAL,R VARIABLE,VARIABLE,R VARIABLE
CORC4PT00191,Fondo de Capital Privado Colombia,COP,N/A,NACIONAL,R VARIABLE,VARIABLE,R VARIABLE
CORC4PT00340,Fondo de Capital Privado Colombia,COP,N/A,NACIONAL,R VARIABLE,VARIABLE,R VARIABLE
CORC4PT00217,Fondo de Capital Privado Colombia,COP,N/A,NACIONAL,R VARIABLE,VARIABLE,R VARIABLE
ARD ARDIAN SECONDARY FUND VIII SE,Fondo de Capital Privado,EUR,N/A,INTERNACIONAL,R VARIABLE,VARIABLE,R VARIABLE
SKJHPKTCP10,Fondo de Capital Privado,EUR,N/A,INTERNACIONAL,R VARIABLE,VARIABLE,R VARIABLE
OMJZDP6CP09,Fondo de Capital Privado,EUR,N/A,INTERNACIONAL,R VARIABLE,VARIABLE,R VARIABLE
XS1892445096,Notas estructuradas,COP,TASA FIJA,NACIONAL,Notas estructuradas,TASA FIJA,NOTAS ESTRUCTURADAS
LU1240965456,Fondo Mutuo o Fondo Indice,EUR,N/A,INTERNACIONAL,R VARIABLE,VARIABLE,R VARIABLE
LU1549405964,Fondo Mutuo o Fondo Indice,JPY,N/A,INTERNACIONAL,R VARIABLE,VARIABLE,R VARIABLE
LU1549405709,Fondo Mutuo o Fondo Indice,USD,N/A,INTERNACIONAL,R VARIABLE,VARIABLE,R VARIABLE
LU1681045453,Fondo Mutuo o Fondo Indice,USD,N/A,INTERNACIONAL,R VARIABLE,VARIABLE,R VARIABLE
US195325DP79,EM BONDS,USD,TASA FIJA,INTERNACIONAL,R FIJA,TASA FIJA,R FIJA
TINTITULA,Titularización Inmobiliaria,COP,N/A,NACIONAL,R VARIABLE,VARIABLE,R VARIABLE
MEX030844,EM BONDS,MXN,TASA FIJA,INTERNACIONAL,R FIJA,TASA FIJA,R FIJA
US912796QT94,TREASURIES-MULTILATERALES-AGENCIAS,USD,TASA FIJA,INTERNACIONAL,R FIJA,TASA FIJA,R FIJA
FONDO BURSATIL ISHARES COLCAP,Acciones Colombia,COP,N/A,NACIONAL,R VARIABLE,VARIABLE,R VARIABLE
FEP5 FICCI GRANDES SUPERFICIES,Titularización Inmobiliaria,COP,N/A,NACIONAL,R VARIABLE,VARIABLE,R VARIABLE
US912810SE91,TREASURIES-MULTILATERALES-AGENCIAS,USD,TASA FIJA,INTERNACIONAL,R FIJA,TASA FIJA,R FIJA
US9128285M81,TREASURIES-MULTILATERALES-AGENCIAS,USD,TASA FIJA,INTERNACIONAL,R FIJA,TASA FIJA,R FIJA
COR23PT00246,Fondo de Capital Privado Colombia,COP,N/A,NACIONAL,R VARIABLE,VARIABLE,R VARIABLE
COR23PT00253,Fondo de Capital Privado Colombia,COP,N/A,NACIONAL,R VARIABLE,VARIABLE,R VARIABLE
COR23PT00261,Fondo de Capital Privado Colombia,COP,N/A,NACIONAL,R VARIABLE,VARIABLE,R VARIABLE
COR23PT00279,Fondo de Capital Privado Colombia,COP,N/A,NACIONAL,R VARIABLE,VARIABLE,R VARIABLE
COR23PT00287,Fondo de Capital Privado Colombia,COP,N/A,NACIONAL,R VARIABLE,VARIABLE,R VARIABLE
COR23PT00295,Fondo de Capital Privado Colombia,COP,N/A,NACIONAL,R VARIABLE,VARIABLE,R VARIABLE
COR23PT00303,Fondo de Capital Privado Colombia,COP,N/A,NACIONAL,R VARIABLE,VARIABLE,R VARIABLE
COR23PT00311,Fondo de Capital Privado Colombia,COP,N/A,NACIONAL,R VARIABLE,VARIABLE,R VARIABLE
COR23PT00329,Fondo de Capital Privado Colombia,COP,N/A,NACIONAL,R VARIABLE,VARIABLE,R VARIABLE
COR23PT00337,Fondo de Capital Privado Colombia,COP,N/A,NACIONAL,R VARIABLE,VARIABLE,R VARIABLE
COR23PT00345,Fondo de Capital Privado Colombia,COP,N/A,NACIONAL,R VARIABLE,VARIABLE,R VARIABLE
COR23PT00352,Fondo de Capital Privado Colombia,COP,N/A,NACIONAL,R VARIABLE,VARIABLE,R VARIABLE
COR23PT00360,Fondo de Capital Privado Colombia,COP,N/A,NACIONAL,R VARIABLE,VARIABLE,R VARIABLE
COR23PT00238,Fondo de Capital Privado Colombia,COP,N/A,NACIONAL,R VARIABLE,VARIABLE,R VARIABLE
COR6APT00041,Fondo de Capital Privado Colombia,COP,N/A,NACIONAL,R VARIABLE,VARIABLE,R VARIABLE
CORI5PT00119,Fondo de Capital Privado Colombia,COP,N/A,NACIONAL,R VARIABLE,VARIABLE,R VARIABLE
CORH7PT00322,Fondo de Capital Privado Colombia,COP,N/A,NACIONAL,R VARIABLE,VARIABLE,R VARIABLE
COR6APT00058,Fondo de Capital Privado Colombia,COP,N/A,NACIONAL,R VARIABLE,VARIABLE,R VARIABLE
COR5PPT00033,Fondo de Capital Privado Colombia,COP,N/A,NACIONAL,R VARIABLE,VARIABLE,R VARIABLE
ISHARES MSCI USA MINVOL - USMV,Fondo Mutuo o Fondo Indice,USD,N/A,INTERNACIONAL,R VARIABLE,VARIABLE,R VARIABLE
CA04274P1053,Acciones Colombia,CAD,N/A,NACIONAL,R VARIABLE,VARIABLE,R VARIABLE
BNBCX3189A36,Inflacion-CORPORATIVO LOCAL,COP,IPC,NACIONAL,R FIJA,INFLACIÓN,R FIJA
BFAN8189C036,Inflacion-CORPORATIVO LOCAL,COP,IPC,NACIONAL,R FIJA,INFLACIÓN,R FIJA
FIC ITAU CORTO PLAZO,VISTA,COP,TASA FIJA,NACIONAL,CAJA,VARIABLE,CAJA
FIC ITAU MONEY MARKET,VISTA,COP,TASA FIJA,NACIONAL,CAJA,VARIABLE,CAJA
SKEOPP7FGS01,Titularización Inmobiliaria,COP,N/A,NACIONAL,R VARIABLE,VARIABLE,R VARIABLE
COR05PT01506,Fondo de Capital Privado Colombia,COP,N/A,NACIONAL,R VARIABLE,VARIABLE,R VARIABLE
COR05PT01530,Fondo de Capital Privado Colombia,COP,N/A,NACIONAL,R VARIABLE,VARIABLE,R VARIABLE
COR4DPT00198,Fondo de Capital Privado Colombia,COP,N/A,NACIONAL,R VARIABLE,VARIABLE,R VARIABLE
COR05PT01548,Fondo de Capital Privado Colombia,COP,N/A,NACIONAL,R VARIABLE,VARIABLE,R VARIABLE
COR4DPT00214,Fondo de Capital Privado Colombia,COP,N/A,NACIONAL,R VARIABLE,VARIABLE,R VARIABLE
COR4DPT00222,Fondo de Capital Privado Colombia,COP,N/A,NACIONAL,R VARIABLE,VARIABLE,R VARIABLE
COR4DPT00206,Fondo de Capital Privado Colombia,COP,N/A,NACIONAL,R VARIABLE,VARIABLE,R VARIABLE
COR05PT01555,Fondo de Capital Privado Colombia,COP,N/A,NACIONAL,R VARIABLE,VARIABLE,R VARIABLE
XS1911741863,Notas estructuradas,COP,TASA FIJA,NACIONAL,Notas estructuradas,TASA FIJA,NOTAS ESTRUCTURADAS
COR42PT00000,Titularización Inmobiliaria,COP,N/A,NACIONAL,R VARIABLE,VARIABLE,R VARIABLE
OLD MUTUAL FICI GRANDES SUPERFICIES,Titularización Inmobiliaria,COP,N/A,NACIONAL,R VARIABLE,VARIABLE,R VARIABLE
USP93077AC28,EM CORPORATIVOS,USD,TASA FIJA,INTERNACIONAL,R FIJA,TASA FIJA,R FIJA
TFIT16181034,TF TES,COP,TASA FIJA,NACIONAL,R FIJA,TASA FIJA,R FIJA
TCO364101219,TF TES,COP,TASA FIJA,NACIONAL,R FIJA,TASA FIJA,R FIJA
FEP5 FCP ENERGETICO ANDINO C,Fondo de Capital Privado Colombia,COP,N/A,NACIONAL,R VARIABLE,VARIABLE,R VARIABLE
XS1836385051,Notas estructuradas,COP,TASA FIJA,NACIONAL,Notas estructuradas,TASA FIJA,NOTAS ESTRUCTURADAS
CORM3PT00514,Fondo de Capital Privado Colombia,COP,N/A,NACIONAL,R VARIABLE,VARIABLE,R VARIABLE
COR9BPT00928,Fondo de Capital Privado Colombia,COP,N/A,NACIONAL,R VARIABLE,VARIABLE,R VARIABLE
GEB,Acciones Colombia,COP,N/A,NACIONAL,R VARIABLE,VARIABLE,R VARIABLE
USP32133CG63,EM CORPORATIVOS,USD,TASA FIJA,INTERNACIONAL,R FIJA,TASA FIJA,R FIJA
BFAN8189C060,Inflacion-CORPORATIVO LOCAL,COP,IPC,NACIONAL,R FIJA,INFLACIÓN,R FIJA
COR23PT00220,Fondo de Capital Privado Colombia,COP,N/A,NACIONAL,R VARIABLE,VARIABLE,R VARIABLE
COR26PT00983,Fondo de Capital Privado Colombia,COP,N/A,NACIONAL,R VARIABLE,VARIABLE,R VARIABLE
COR26PT00975,Fondo de Capital Privado Colombia,COP,N/A,NACIONAL,R VARIABLE,VARIABLE,R VARIABLE
COR26PT01130,Fondo de Capital Privado Colombia,COP,N/A,NACIONAL,R VARIABLE,VARIABLE,R VARIABLE
COR26PT01072,Fondo de Capital Privado Colombia,COP,N/A,NACIONAL,R VARIABLE,VARIABLE,R VARIABLE
COR26PT00991,Fondo de Capital Privado Colombia,COP,N/A,NACIONAL,R VARIABLE,VARIABLE,R VARIABLE
COR26PT01148,Fondo de Capital Privado Colombia,COP,N/A,NACIONAL,R VARIABLE,VARIABLE,R VARIABLE
COR26PT01023,Fondo de Capital Privado Colombia,COP,N/A,NACIONAL,R VARIABLE,VARIABLE,R VARIABLE
COR26PT01080,Fondo de Capital Privado Colombia,COP,N/A,NACIONAL,R VARIABLE,VARIABLE,R VARIABLE
COR26PT00959,Fondo de Capital Privado Colombia,COP,N/A,NACIONAL,R VARIABLE,VARIABLE,R VARIABLE
COR26PT01031,Fondo de Capital Privado Colombia,COP,N/A,NACIONAL,R VARIABLE,VARIABLE,R VARIABLE
COR26PT01049,Fondo de Capital Privado Colombia,COP,N/A,NACIONAL,R VARIABLE,VARIABLE,R VARIABLE
COR26PT01064,Fondo de Capital Privado Colombia,COP,N/A,NACIONAL,R VARIABLE,VARIABLE,R VARIABLE
COR26PT01056,Fondo de Capital Privado Colombia,COP,N/A,NACIONAL,R VARIABLE,VARIABLE,R VARIABLE
COR26PT00918,Fondo de Capital Privado Colombia,COP,N/A,NACIONAL,R VARIABLE,VARIABLE,R VARIABLE
COR26PT01098,Fondo de Capital Privado Colombia,COP,N/A,NACIONAL,R VARIABLE,VARIABLE,R VARIABLE
COR26PT00926,Fondo de Capital Privado Colombia,COP,N/A,NACIONAL,R VARIABLE,VARIABLE,R VARIABLE
COR26PT00900,Fondo de Capital Privado Colombia,COP,N/A,NACIONAL,R VARIABLE,VARIABLE,R VARIABLE
COR26PT01205,Fondo de Capital Privado Colombia,COP,N/A,NACIONAL,R VARIABLE,VARIABLE,R VARIABLE
COR26PT01007,Fondo de Capital Privado Colombia,COP,N/A,NACIONAL,R VARIABLE,VARIABLE,R VARIABLE
COR26PT01221,Fondo de Capital Privado Colombia,COP,N/A,NACIONAL,R VARIABLE,VARIABLE,R VARIABLE
COR26PT01114,Fondo de Capital Privado Colombia,COP,N/A,NACIONAL,R VARIABLE,VARIABLE,R VARIABLE
COR26PT00967,Fondo de Capital Privado Colombia,COP,N/A,NACIONAL,R VARIABLE,VARIABLE,R VARIABLE
COR26PT01122,Fondo de Capital Privado Colombia,COP,N/A,NACIONAL,R VARIABLE,VARIABLE,R VARIABLE
COR26PT00934,Fondo de Capital Privado Colombia,COP,N/A,NACIONAL,R VARIABLE,VARIABLE,R VARIABLE
COR26PT00942,Fondo de Capital Privado Colombia,COP,N/A,NACIONAL,R VARIABLE,VARIABLE,R VARIABLE
CORP1PT00010,Fondo de Capital Privado Colombia,COP,N/A,NACIONAL,R VARIABLE,VARIABLE,R VARIABLE
FCP PINEBRIDGE PSOP,Fondo de Capital Privado,USD,N/A,INTERNACIONAL,R VARIABLE,VARIABLE,R VARIABLE
FCP CARLYLE PARTNERS VII,Fondo de Capital Privado,USD,N/A,INTERNACIONAL,R VARIABLE,VARIABLE,R VARIABLE
CVC CAPITAL PARTNERS VII LP,Fondo de Capital Privado,EUR,N/A,INTERNACIONAL,R VARIABLE,VARIABLE,R VARIABLE
CORG9PT00022,Fondo de Capital Privado Colombia,COP,N/A,NACIONAL,R VARIABLE,VARIABLE,R VARIABLE
CARLYLE CP VII,Fondo de Capital Privado,USD,N/A,INTERNACIONAL,R VARIABLE,VARIABLE,R VARIABLE
XS1922176281,Notas estructuradas,COP,TASA FIJA,NACIONAL,Notas estructuradas,TASA FIJA,NOTAS ESTRUCTURADAS
XS1920375570,Notas estructuradas,COP,TASA FIJA,NACIONAL,Notas estructuradas,TASA FIJA,NOTAS ESTRUCTURADAS
XS1836386703,Notas estructuradas,COP,TASA FIJA,NACIONAL,Notas estructuradas,TASA FIJA,NOTAS ESTRUCTURADAS
XS1874527085,Notas estructuradas,COP,TASA FIJA,NACIONAL,Notas estructuradas,TASA FIJA,NOTAS ESTRUCTURADAS
COR42PT00006,Titularización Inmobiliaria,COP,N/A,NACIONAL,R VARIABLE,VARIABLE,R VARIABLE
BDCU1189C10,Inflacion-CORPORATIVO LOCAL,COP,IPC,NACIONAL,R FIJA,INFLACIÓN,R FIJA
US912796RB77,TREASURIES-MULTILATERALES-AGENCIAS,USD,TASA FIJA,INTERNACIONAL,R FIJA,TASA FIJA,R FIJA
US912796UK30,TREASURIES-MULTILATERALES-AGENCIAS,USD,TASA FIJA,INTERNACIONAL,R FIJA,TASA FIJA,R FIJA
US9128285Q95,TREASURIES-MULTILATERALES-AGENCIAS,USD,TASA FIJA,INTERNACIONAL,R FIJA,TASA FIJA,R FIJA
FEP5 FCP SENIOR LIVING I,Fondo de Capital Privado Colombia,COP,N/A,NACIONAL,R VARIABLE,VARIABLE,R VARIABLE
COR7CPT00011,Fondo de Capital Privado Colombia,COP,N/A,NACIONAL,R VARIABLE,VARIABLE,R VARIABLE
FED5 FCP VISTA VII,Fondo de Capital Privado,USD,N/A,INTERNACIONAL,R VARIABLE,VARIABLE,R VARIABLE
COR6APT00066,Fondo de Capital Privado Colombia,COP,N/A,NACIONAL,R VARIABLE,VARIABLE,R VARIABLE
US9128286B18,TREASURIES-MULTILATERALES-AGENCIAS,USD,TASA FIJA,INTERNACIONAL,R FIJA,TASA FIJA,R FIJA
US912810SF66,TREASURIES-MULTILATERALES-AGENCIAS,USD,TASA FIJA,INTERNACIONAL,R FIJA,TASA FIJA,R FIJA
CORH7PT00330,Fondo de Capital Privado Colombia,COP,N/A,NACIONAL,R VARIABLE,VARIABLE,R VARIABLE
CORG6PT00440,Fondo de Capital Privado Colombia,COP,N/A,NACIONAL,R VARIABLE,VARIABLE,R VARIABLE
BCICI110223,EM CORPORATIVOS,USD,TASA FIJA,INTERNACIONAL,R FIJA,TASA FIJA,R FIJA
FIC ABIERTO FIDUCUENTA,VISTA,COP,TASA FIJA,NACIONAL,CAJA,VARIABLE,CAJA
FIC ABIERTO EFECTIVO A LA VISTA,VISTA,COP,TASA FIJA,NACIONAL,CAJA,VARIABLE,CAJA
COR9QPT00413,Fondo de Capital Privado Colombia,COP,N/A,NACIONAL,R VARIABLE,VARIABLE,R VARIABLE
COR26PT01163,Fondo de Capital Privado Colombia,COP,N/A,NACIONAL,R VARIABLE,VARIABLE,R VARIABLE
COR26PT01106,Fondo de Capital Privado Colombia,COP,N/A,NACIONAL,R VARIABLE,VARIABLE,R VARIABLE
COR26PT00876,Fondo de Capital Privado Colombia,COP,N/A,NACIONAL,R VARIABLE,VARIABLE,R VARIABLE
COR26PT00892,Fondo de Capital Privado Colombia,COP,N/A,NACIONAL,R VARIABLE,VARIABLE,R VARIABLE
COR26PT00884,Fondo de Capital Privado Colombia,COP,N/A,NACIONAL,R VARIABLE,VARIABLE,R VARIABLE
COR26PT01189,Fondo de Capital Privado Colombia,COP,N/A,NACIONAL,R VARIABLE,VARIABLE,R VARIABLE
COR5TPT00118,Fondo de Capital Privado Colombia,COP,N/A,NACIONAL,R VARIABLE,VARIABLE,R VARIABLE
XS1874574756,Notas estructuradas,COP,TASA FIJA,NACIONAL,Notas estructuradas,TASA FIJA,NOTAS ESTRUCTURADAS
XS1836384674,Notas estructuradas,COP,TASA FIJA,NACIONAL,Notas estructuradas,TASA FIJA,NOTAS ESTRUCTURADAS
US912796RH48,TREASURIES-MULTILATERALES-AGENCIAS,USD,TASA FIJA,INTERNACIONAL,R FIJA,TASA FIJA,R FIJA
USTOUS040419,TREASURIES-MULTILATERALES-AGENCIAS,USD,TASA FIJA,INTERNACIONAL,R FIJA,TASA FIJA,R FIJA
US912796RD34,TREASURIES-MULTILATERALES-AGENCIAS,USD,TASA FIJA,INTERNACIONAL,R FIJA,TASA FIJA,R FIJA
COR7CPT00029,Fondo de Capital Privado Colombia,COP,N/A,NACIONAL,R VARIABLE,VARIABLE,R VARIABLE
COR9BPT00936,Fondo de Capital Privado Colombia,COP,N/A,NACIONAL,R VARIABLE,VARIABLE,R VARIABLE
TUVT18250237,Inflacion-TES,UVR,TASA FIJA,NACIONAL,R FIJA,INFLACIÓN,R FIJA
BCOS919SE004,CORPORATIVO LOCAL,COP,TASA FIJA,NACIONAL,R FIJA,TASA FIJA,R FIJA
BCOS9199B010,Inflacion-CORPORATIVO LOCAL,COP,IPC,NACIONAL,R FIJA,INFLACIÓN,R FIJA
COR7CPT00037,Fondo de Capital Privado Colombia,COP,N/A,NACIONAL,R VARIABLE,VARIABLE,R VARIABLE
FEP5 FCP ESCALA CAP,Fondo de Capital Privado Colombia,COP,N/A,NACIONAL,R VARIABLE,VARIABLE,R VARIABLE
COR28PT00138,Fondo de Capital Privado Colombia,COP,N/A,NACIONAL,R VARIABLE,VARIABLE,R VARIABLE
CORH5PT00151,Fondo de Capital Privado Colombia,COP,N/A,NACIONAL,R VARIABLE,VARIABLE,R VARIABLE
CORH5PT00169,Fondo de Capital Privado Colombia,COP,N/A,NACIONAL,R VARIABLE,VARIABLE,R VARIABLE
CORH5PT00185,Fondo de Capital Privado Colombia,COP,N/A,NACIONAL,R VARIABLE,VARIABLE,R VARIABLE
CORH5PT00193,Fondo de Capital Privado Colombia,COP,N/A,NACIONAL,R VARIABLE,VARIABLE,R VARIABLE
CORH5PT00201,Fondo de Capital Privado Colombia,COP,N/A,NACIONAL,R VARIABLE,VARIABLE,R VARIABLE
CORH5PT00219,Fondo de Capital Privado Colombia,COP,N/A,NACIONAL,R VARIABLE,VARIABLE,R VARIABLE
CORH5PT00227,Fondo de Capital Privado Colombia,COP,N/A,NACIONAL,R VARIABLE,VARIABLE,R VARIABLE
CORH5PT00235,Fondo de Capital Privado Colombia,COP,N/A,NACIONAL,R VARIABLE,VARIABLE,R VARIABLE
CORH5PT00177,Fondo de Capital Privado Colombia,COP,N/A,NACIONAL,R VARIABLE,VARIABLE,R VARIABLE
CORH5PT00243,Fondo de Capital Privado Colombia,COP,N/A,NACIONAL,R VARIABLE,VARIABLE,R VARIABLE
CORH5PT00144,Fondo de Capital Privado Colombia,COP,N/A,NACIONAL,R VARIABLE,VARIABLE,R VARIABLE
CORH5PT00250,Fondo de Capital Privado Colombia,COP,N/A,NACIONAL,R VARIABLE,VARIABLE,R VARIABLE
CORI5PT00127,Fondo de Capital Privado Colombia,COP,N/A,NACIONAL,R VARIABLE,VARIABLE,R VARIABLE
CORI5PT00135,Fondo de Capital Privado Colombia,COP,N/A,NACIONAL,R VARIABLE,VARIABLE,R VARIABLE
CORI5PT00143,Fondo de Capital Privado Colombia,COP,N/A,NACIONAL,R VARIABLE,VARIABLE,R VARIABLE
CORI5PT00150,Fondo de Capital Privado Colombia,COP,N/A,NACIONAL,R VARIABLE,VARIABLE,R VARIABLE
CORI5PT00168,Fondo de Capital Privado Colombia,COP,N/A,NACIONAL,R VARIABLE,VARIABLE,R VARIABLE
CORI5PT00176,Fondo de Capital Privado Colombia,COP,N/A,NACIONAL,R VARIABLE,VARIABLE,R VARIABLE
CORI5PT00184,Fondo de Capital Privado Colombia,COP,N/A,NACIONAL,R VARIABLE,VARIABLE,R VARIABLE
CORI5PT00192,Fondo de Capital Privado Colombia,COP,N/A,NACIONAL,R VARIABLE,VARIABLE,R VARIABLE
CORI5PT00200,Fondo de Capital Privado Colombia,COP,N/A,NACIONAL,R VARIABLE,VARIABLE,R VARIABLE
CORI5PT00218,Fondo de Capital Privado Colombia,COP,N/A,NACIONAL,R VARIABLE,VARIABLE,R VARIABLE
CORI5PT00226,Fondo de Capital Privado Colombia,COP,N/A,NACIONAL,R VARIABLE,VARIABLE,R VARIABLE
BDVI6199C120,Inflacion-CORPORATIVO LOCAL,COP,IPC,NACIONAL,R FIJA,INFLACIÓN,R FIJA
BDVI619SF036,CORPORATIVO LOCAL,COP,TASA FIJA,NACIONAL,R FIJA,TASA FIJA,R FIJA
CDTBCB90PA,Inflacion-CORPORATIVO LOCAL,COP,IPC,NACIONAL,R FIJA,INFLACIÓN,R FIJA
COR6NPT00028,Fondo de Capital Privado Colombia,COP,N/A,NACIONAL,R VARIABLE,VARIABLE,R VARIABLE
COR9BPT00548,Fondo de Capital Privado Colombia,COP,N/A,NACIONAL,R VARIABLE,VARIABLE,R VARIABLE
CARLYLE EUROPE PARTNERS V SCSP,Fondo de Capital Privado,EUR,N/A,INTERNACIONAL,R VARIABLE,VARIABLE,R VARIABLE
VISTA EQUITY PARTNERS FUND VII LP US,Fondo de Capital Privado,USD,N/A,INTERNACIONAL,R VARIABLE,VARIABLE,R VARIABLE
VISTA EQUITY PARTNERS FUND VII,Fondo de Capital Privado,USD,N/A,INTERNACIONAL,R VARIABLE,VARIABLE,R VARIABLE
XS1882592519,Notas estructuradas,COP,TASA FIJA,NACIONAL,Notas estructuradas,TASA FIJA,NOTAS ESTRUCTURADAS
BISA1189C009,Inflacion-CORPORATIVO LOCAL,COP,IPC,NACIONAL,R FIJA,INFLACIÓN,R FIJA
XS1882563338,Notas estructuradas,COP,TASA FIJA,NACIONAL,Notas estructuradas,TASA FIJA,NOTAS ESTRUCTURADAS
INST05040424,CORPORATIVO LOCAL,COP,TASA FIJA,NACIONAL,R FIJA,TASA FIJA,R FIJA
CORA5PT00406,Fondo de Capital Privado Colombia,COP,N/A,NACIONAL,R VARIABLE,VARIABLE,R VARIABLE
CORA5PT00448,Fondo de Capital Privado Colombia,COP,N/A,NACIONAL,R VARIABLE,VARIABLE,R VARIABLE
CORA5PT00455,Fondo de Capital Privado Colombia,COP,N/A,NACIONAL,R VARIABLE,VARIABLE,R VARIABLE
CORA5PT00463,Fondo de Capital Privado Colombia,COP,N/A,NACIONAL,R VARIABLE,VARIABLE,R VARIABLE
CORA5PT00471,Fondo de Capital Privado Colombia,COP,N/A,NACIONAL,R VARIABLE,VARIABLE,R VARIABLE
CORA5PT00489,Fondo de Capital Privado Colombia,COP,N/A,NACIONAL,R VARIABLE,VARIABLE,R VARIABLE
CORA5PT00497,Fondo de Capital Privado Colombia,COP,N/A,NACIONAL,R VARIABLE,VARIABLE,R VARIABLE
CORA5PT00505,Fondo de Capital Privado Colombia,COP,N/A,NACIONAL,R VARIABLE,VARIABLE,R VARIABLE
CORA5PT00513,Fondo de Capital Privado Colombia,COP,N/A,NACIONAL,R VARIABLE,VARIABLE,R VARIABLE
CORA5PT00273,Fondo de Capital Privado Colombia,COP,N/A,NACIONAL,R VARIABLE,VARIABLE,R VARIABLE
CORA5PT00281,Fondo de Capital Privado Colombia,COP,N/A,NACIONAL,R VARIABLE,VARIABLE,R VARIABLE
CORA5PT00307,Fondo de Capital Privado Colombia,COP,N/A,NACIONAL,R VARIABLE,VARIABLE,R VARIABLE
CORA5PT00323,Fondo de Capital Privado Colombia,COP,N/A,NACIONAL,R VARIABLE,VARIABLE,R VARIABLE
CORA5PT00331,Fondo de Capital Privado Colombia,COP,N/A,NACIONAL,R VARIABLE,VARIABLE,R VARIABLE
CORA5PT00349,Fondo de Capital Privado Colombia,COP,N/A,NACIONAL,R VARIABLE,VARIABLE,R VARIABLE
CORA5PT00398,Fondo de Capital Privado Colombia,COP,N/A,NACIONAL,R VARIABLE,VARIABLE,R VARIABLE
CORA5PT00430,Fondo de Capital Privado Colombia,COP,N/A,NACIONAL,R VARIABLE,VARIABLE,R VARIABLE
CORH6PT00100,Fondo de Capital Privado Colombia,COP,N/A,NACIONAL,R VARIABLE,VARIABLE,R VARIABLE
CORH6PT00118,Fondo de Capital Privado Colombia,COP,N/A,NACIONAL,R VARIABLE,VARIABLE,R VARIABLE
CORH6PT00126,Fondo de Capital Privado Colombia,COP,N/A,NACIONAL,R VARIABLE,VARIABLE,R VARIABLE
CORH6PT00134,Fondo de Capital Privado Colombia,COP,N/A,NACIONAL,R VARIABLE,VARIABLE,R VARIABLE
CORH6PT00142,Fondo de Capital Privado Colombia,COP,N/A,NACIONAL,R VARIABLE,VARIABLE,R VARIABLE
CORH6PT00159,Fondo de Capital Privado Colombia,COP,N/A,NACIONAL,R VARIABLE,VARIABLE,R VARIABLE
CORH6PT00167,Fondo de Capital Privado Colombia,COP,N/A,NACIONAL,R VARIABLE,VARIABLE,R VARIABLE
CORH6PT00175,Fondo de Capital Privado Colombia,COP,N/A,NACIONAL,R VARIABLE,VARIABLE,R VARIABLE
CORH6PT00183,Fondo de Capital Privado Colombia,COP,N/A,NACIONAL,R VARIABLE,VARIABLE,R VARIABLE
LU0935229152,Fondo Mutuo o Fondo Indice,EUR,N/A,INTERNACIONAL,R VARIABLE,VARIABLE,R VARIABLE
COR7CPT00045,Fondo de Capital Privado Colombia,COP,N/A,NACIONAL,R VARIABLE,VARIABLE,R VARIABLE
FEP5 FCP 4G COINV EQ INFRA COL,Fondo de Capital Privado Colombia,COP,N/A,NACIONAL,R VARIABLE,VARIABLE,R VARIABLE
BEEP2199C012,Inflacion-CORPORATIVO LOCAL,COP,IPC,NACIONAL,R FIJA,INFLACIÓN,R FIJA
BEEP219SA003,CORPORATIVO LOCAL,COP,TASA FIJA,NACIONAL,R FIJA,TASA FIJA,R FIJA
BOPF5 EMP ENERGIA PACIFICO ESP,Inflacion-CORPORATIVO LOCAL,COP,IPC,NACIONAL,R FIJA,INFLACIÓN,R FIJA
BOPI5 EMP ENERGIA PACIFICO ESP,CORPORATIVO LOCAL,COP,TASA FIJA,NACIONAL,R FIJA,TASA FIJA,R FIJA
BPESIOOXY4,Bono Pensional,COP,IPC,NACIONAL,R FIJA,INFLACIÓN,R FIJA
BGLT30150645,EM BONDS,USD,TASA FIJA,INTERNACIONAL,R FIJA,TASA FIJA,R FIJA
BGLT10280126,EM BONDS,USD,TASA FIJA,INTERNACIONAL,R FIJA,TASA FIJA,R FIJA
BGLT10260224,EM BONDS,USD,TASA FIJA,INTERNACIONAL,R FIJA,TASA FIJA,R FIJA
FONINMOBAL,Titularización Inmobiliaria,COP,N/A,NACIONAL,R VARIABLE,VARIABLE,R VARIABLE
CORM3PT00522,Fondo de Capital Privado Colombia,COP,N/A,NACIONAL,R VARIABLE,VARIABLE,R VARIABLE
COR7LPT00012,Fondo de Capital Privado Colombia,COP,N/A,NACIONAL,R VARIABLE,VARIABLE,R VARIABLE
FONDARRER,Titularización Inmobiliaria,COP,N/A,NACIONAL,R VARIABLE,VARIABLE,R VARIABLE
COR7HPT00010,Fondo de Capital Privado Colombia,COP,N/A,NACIONAL,R VARIABLE,VARIABLE,R VARIABLE
CORC4PT00373,Fondo de Capital Privado Colombia,COP,N/A,NACIONAL,R VARIABLE,VARIABLE,R VARIABLE
FCP AMERICAN SECURITIES VIII,Fondo de Capital Privado,USD,N/A,INTERNACIONAL,R VARIABLE,VARIABLE,R VARIABLE
GLENDOWER SOF IV FCP,Fondo de Capital Privado,USD,N/A,INTERNACIONAL,R VARIABLE,VARIABLE,R VARIABLE
APOLLO ADVISORS IX LP,Fondo de Capital Privado,USD,N/A,INTERNACIONAL,R VARIABLE,VARIABLE,R VARIABLE
FCP APOLLO OVERSEAS PARTNERS IX,Fondo de Capital Privado,USD,N/A,INTERNACIONAL,R VARIABLE,VARIABLE,R VARIABLE
FCP NORDIC CAPITAL FUND IX,Fondo de Capital Privado,EUR,N/A,INTERNACIONAL,R VARIABLE,VARIABLE,R VARIABLE
AMERICAN SECURITIES PARTNERS VIII LP,Fondo de Capital Privado,USD,N/A,INTERNACIONAL,R VARIABLE,VARIABLE,R VARIABLE
IE00B4PY7Y77,HIGH YIELD,USD,TASA FIJA,INTERNACIONAL,R FIJA,HIGH YIELD,R FIJA
IE0032895942,SOBERANOS OTRAS MONEDAS,USD,TASA FIJA,INTERNACIONAL,R FIJA,TASA FIJA,R FIJA
IE00B1FZSC47,SOBERANOS OTRAS MONEDAS,USD,TASA FIJA,INTERNACIONAL,R FIJA,TASA FIJA,R FIJA
IE00B6TLBW47,EM CORPORATIVOS,USD,TASA FIJA,INTERNACIONAL,R FIJA,TASA FIJA,R FIJA
US912796RR20,TREASURIES-MULTILATERALES-AGENCIAS,USD,TASA FIJA,INTERNACIONAL,R FIJA,TASA FIJA,R FIJA
US195325DQ52,EM BONDS,USD,TASA FIJA,INTERNACIONAL,R FIJA,TASA FIJA,R FIJA
XS1969466678,Notas estructuradas,COP,TASA FIJA,NACIONAL,Notas estructuradas,TASA FIJA,NOTAS ESTRUCTURADAS
COJ0WCB00044,Inflacion-CORPORATIVO LOCAL,UVR,TASA FIJA,NACIONAL,R FIJA,INFLACIÓN,R FIJA
COR7NPT00018,Fondo de Capital Privado Colombia,COP,N/A,NACIONAL,R VARIABLE,VARIABLE,R VARIABLE
CORI5PT00234,Fondo de Capital Privado Colombia,COP,N/A,NACIONAL,R VARIABLE,VARIABLE,R VARIABLE
COR6APT00074,Fondo de Capital Privado Colombia,COP,N/A,NACIONAL,R VARIABLE,VARIABLE,R VARIABLE
BBSA619SA036,CORPORATIVO LOCAL,COP,TASA FIJA,NACIONAL,R FIJA,TASA FIJA,R FIJA
BBSA6199C060,Inflacion-CORPORATIVO LOCAL,COP,TASA FIJA,NACIONAL,R FIJA,INFLACIÓN,R FIJA
AC PREF AVIANCA HOLDING S.A.,Acciones Colombia,COP,N/A,NACIONAL,R VARIABLE,VARIABLE,R VARIABLE
INST15230534,CORPORATIVO LOCAL,COP,TASA FIJA,NACIONAL,R FIJA,TASA FIJA,R FIJA
INST15040434,CORPORATIVO LOCAL,COP,TASA FIJA,NACIONAL,R FIJA,TASA FIJA,R FIJA
BEEP2199C007,Inflacion-CORPORATIVO LOCAL,COP,IPC,NACIONAL,R FIJA,INFLACIÓN,R FIJA
BEEP2199C020,Inflacion-CORPORATIVO LOCAL,COP,IPC,NACIONAL,R FIJA,INFLACIÓN,R FIJA
SKEOZKGFIC01,VISTA,COP,N/A,NACIONAL,CAJA,TASA FIJA,R FIJA
COR9QPT00421,Fondo de Capital Privado Colombia,COP,N/A,NACIONAL,R VARIABLE,VARIABLE,R VARIABLE
CORH4PT00261,Fondo de Capital Privado Colombia,COP,N/A,NACIONAL,R VARIABLE,VARIABLE,R VARIABLE
CORH4PT00204,Fondo de Capital Privado Colombia,COP,N/A,NACIONAL,R VARIABLE,VARIABLE,R VARIABLE
CORH4PT00220,Fondo de Capital Privado Colombia,COP,N/A,NACIONAL,R VARIABLE,VARIABLE,R VARIABLE
CORH4PT00154,Fondo de Capital Privado Colombia,COP,N/A,NACIONAL,R VARIABLE,VARIABLE,R VARIABLE
CORH4PT00253,Fondo de Capital Privado Colombia,COP,N/A,NACIONAL,R VARIABLE,VARIABLE,R VARIABLE
CORH4PT00246,Fondo de Capital Privado Colombia,COP,N/A,NACIONAL,R VARIABLE,VARIABLE,R VARIABLE
CORH4PT00196,Fondo de Capital Privado Colombia,COP,N/A,NACIONAL,R VARIABLE,VARIABLE,R VARIABLE
CORH4PT00238,Fondo de Capital Privado Colombia,COP,N/A,NACIONAL,R VARIABLE,VARIABLE,R VARIABLE
CORH4PT00212,Fondo de Capital Privado Colombia,COP,N/A,NACIONAL,R VARIABLE,VARIABLE,R VARIABLE
CORH4PT00188,Fondo de Capital Privado Colombia,COP,N/A,NACIONAL,R VARIABLE,VARIABLE,R VARIABLE
CORH4PT00170,Fondo de Capital Privado Colombia,COP,N/A,NACIONAL,R VARIABLE,VARIABLE,R VARIABLE
CORH4PT00162,Fondo de Capital Privado Colombia,COP,N/A,NACIONAL,R VARIABLE,VARIABLE,R VARIABLE
XS1931310004,Notas estructuradas,COP,TASA FIJA,NACIONAL,Notas estructuradas,TASA FIJA,NOTAS ESTRUCTURADAS
XS1836379591,Notas estructuradas,COP,TASA FIJA,NACIONAL,Notas estructuradas,TASA FIJA,NOTAS ESTRUCTURADAS
XS1882568568,Notas estructuradas,COP,TASA FIJA,NACIONAL,Notas estructuradas,TASA FIJA,NOTAS ESTRUCTURADAS
XS1931315060,Notas estructuradas,COP,TASA FIJA,NACIONAL,Notas estructuradas,TASA FIJA,NOTAS ESTRUCTURADAS
XS1836380177,Notas estructuradas,COP,TASA FIJA,NACIONAL,Notas estructuradas,TASA FIJA,NOTAS ESTRUCTURADAS
FCP CO INVERSION EQUITY INFRAESTRUCTURA COLOMBIA,Fondo de Capital Privado Colombia,COP,N/A,NACIONAL,R VARIABLE,VARIABLE,R VARIABLE
BOPF5 COLTEL SA ESP,CORPORATIVO LOCAL,COP,TASA FIJA,NACIONAL,R FIJA,TASA FIJA,R FIJA
BOPI5 COLTEL SA ESP,Inflacion-CORPORATIVO LOCAL,COP,IPC,NACIONAL,R FIJA,INFLACIÓN,R FIJA
SEEYOND EUROPE MINVOL SIA,Fondo Mutuo o Fondo Indice,EUR,N/A,INTERNACIONAL,R VARIABLE,VARIABLE,R VARIABLE
COI06CB00022,Inflacion-CORPORATIVO LOCAL,COP,IPC,NACIONAL,R FIJA,INFLACIÓN,R FIJA
COI06CB00014,CORPORATIVO LOCAL,COP,TASA FIJA,NACIONAL,R FIJA,TASA FIJA,R FIJA
COR9BPT00944,Fondo de Capital Privado Colombia,COP,N/A,NACIONAL,R VARIABLE,VARIABLE,R VARIABLE
CORH7PT00348,Fondo de Capital Privado Colombia,COP,N/A,NACIONAL,R VARIABLE,VARIABLE,R VARIABLE
LU1787469441,Fondo Mutuo o Fondo Indice,EUR,N/A,INTERNACIONAL,R VARIABLE,VARIABLE,R VARIABLE
BCTE1199C010,Inflacion-CORPORATIVO LOCAL,COP,IPC,NACIONAL,R FIJA,INFLACIÓN,R FIJA
BCTE119SA005,CORPORATIVO LOCAL,COP,TASA FIJA,NACIONAL,R FIJA,TASA FIJA,R FIJA
US9128286T26,TREASURIES-MULTILATERALES-AGENCIAS,USD,TASA FIJA,INTERNACIONAL,R FIJA,TASA FIJA,R FIJA
US912810SH23,TREASURIES-MULTILATERALES-AGENCIAS,USD,TASA FIJA,INTERNACIONAL,R FIJA,TASA FIJA,R FIJA
BSFDT1199A07,Inflacion-CORPORATIVO LOCAL,COP,IPC,NACIONAL,R FIJA,INFLACIÓN,R FIJA
BSIS2179C012,Inflacion-CORPORATIVO LOCAL,COP,IPC,NACIONAL,R FIJA,INFLACIÓN,R FIJA
COR6APT00082,Fondo de Capital Privado Colombia,COP,N/A,NACIONAL,R VARIABLE,VARIABLE,R VARIABLE
BWWB119SA003,CORPORATIVO LOCAL,COP,TASA FIJA,NACIONAL,R FIJA,TASA FIJA,R FIJA
BGMA119SA003,CORPORATIVO LOCAL,COP,TASA FIJA,NACIONAL,R FIJA,TASA FIJA,R FIJA
COR5LPT00099,Fondo de Capital Privado Colombia,COP,N/A,NACIONAL,R VARIABLE,VARIABLE,R VARIABLE
CORH2PT00232,Fondo de Capital Privado Colombia,COP,N/A,NACIONAL,R VARIABLE,VARIABLE,R VARIABLE
CORB0PT00174,Fondo de Capital Privado Colombia,COP,N/A,NACIONAL,R VARIABLE,VARIABLE,R VARIABLE
FCP COINVERSIN EQUITY INFRAESTRUCTURA COLOMBIA COM,Fondo de Capital Privado Colombia,COP,N/A,NACIONAL,R VARIABLE,VARIABLE,R VARIABLE
FCP HARBOURVEST COINVESTMENT V,Fondo de Capital Privado,USD,N/A,INTERNACIONAL,R VARIABLE,VARIABLE,R VARIABLE
STRATEGIC PARTNERS BSP VIII,Fondo de Capital Privado,USD,N/A,INTERNACIONAL,R VARIABLE,VARIABLE,R VARIABLE
SKJZAPJFCP12,Fondo de Capital Privado,USD,N/A,INTERNACIONAL,R VARIABLE,VARIABLE,R VARIABLE
YUSD15052049,EM BONDS,USD,TASA FIJA,INTERNACIONAL,R FIJA,TASA FIJA,R FIJA
USTOUS220819,TREASURIES-MULTILATERALES-AGENCIAS,USD,TASA FIJA,INTERNACIONAL,R FIJA,TASA FIJA,R FIJA
USTOUS150249,TREASURIES-MULTILATERALES-AGENCIAS,USD,TASA FIJA,INTERNACIONAL,R FIJA,TASA FIJA,R FIJA
US912796QV41,TREASURIES-MULTILATERALES-AGENCIAS,USD,TASA FIJA,INTERNACIONAL,R FIJA,TASA FIJA,R FIJA
SBTG119SA003,EM CORPORATIVOS,COP,TASA FIJA,INTERNACIONAL,R FIJA,TASA FIJA,R FIJA
COR7CPT00052,Fondo de Capital Privado Colombia,COP,N/A,NACIONAL,R VARIABLE,VARIABLE,R VARIABLE
COR7LPT00020,Fondo de Capital Privado Colombia,COP,N/A,NACIONAL,R VARIABLE,VARIABLE,R VARIABLE
CORI5PT00242,Fondo de Capital Privado Colombia,COP,N/A,NACIONAL,R VARIABLE,VARIABLE,R VARIABLE
BDVI719SF060,CORPORATIVO LOCAL,COP,TASA FIJA,NACIONAL,R FIJA,TASA FIJA,R FIJA
BDVI7199C120,Inflacion-CORPORATIVO LOCAL,COP,IPC,NACIONAL,R FIJA,INFLACIÓN,R FIJA
CORM3PT00530,Fondo de Capital Privado Colombia,COP,N/A,NACIONAL,R VARIABLE,VARIABLE,R VARIABLE
USP9379RBA43,EM CORPORATIVOS,USD,TASA FIJA,INTERNACIONAL,R FIJA,TASA FIJA,R FIJA
BITU4188B024,Variable-CORPORATIVO LOCAL,COP,IBR,NACIONAL,R FIJA,VARIABLE,R FIJA
BITU619SA036,CORPORATIVO LOCAL,COP,TASA FIJA,NACIONAL,R FIJA,TASA FIJA,R FIJA
BITU316SA060,CORPORATIVO LOCAL,COP,TASA FIJA,NACIONAL,R FIJA,TASA FIJA,R FIJA
BITU1139AS10,Inflacion-CORPORATIVO LOCAL,COP,IPC,NACIONAL,R FIJA,INFLACIÓN,R FIJA
BITU2169C120,Inflacion-CORPORATIVO LOCAL,COP,IPC,NACIONAL,R FIJA,INFLACIÓN,R FIJA
BITU6199C060,Inflacion-CORPORATIVO LOCAL,COP,TASA FIJA,NACIONAL,R FIJA,INFLACIÓN,R FIJA
BITU5189C048,Inflacion-CORPORATIVO LOCAL,COP,IPC,NACIONAL,R FIJA,INFLACIÓN,R FIJA
BITU3169C180,Inflacion-CORPORATIVO LOCAL,COP,IPC,NACIONAL,R FIJA,INFLACIÓN,R FIJA
CDTITU80,Variable-CORPORATIVO LOCAL,COP,IBR,NACIONAL,R FIJA,VARIABLE,R FIJA
CDTITUS0V,CORPORATIVO LOCAL,COP,TASA FIJA,NACIONAL,R FIJA,TASA FIJA,R FIJA
CDTITU90P,Inflacion-CORPORATIVO LOCAL,COP,IPC,NACIONAL,R FIJA,INFLACIÓN,R FIJA
CDTITU95,Inflacion-CORPORATIVO LOCAL,COP,IPC,NACIONAL,R FIJA,INFLACIÓN,R FIJA
BANCOG070827,EM CORPORATIVOS,USD,TASA FIJA,INTERNACIONAL,R FIJA,TASA FIJA,R FIJA
BISG3199C015,Inflacion-CORPORATIVO LOCAL,COP,IPC,NACIONAL,R FIJA,INFLACIÓN,R FIJA
BISG319SA008,CORPORATIVO LOCAL,COP,TASA FIJA,NACIONAL,R FIJA,TASA FIJA,R FIJA
BISG319SA004,CORPORATIVO LOCAL,COP,TASA FIJA,NACIONAL,R FIJA,TASA FIJA,R FIJA
COR9QPT00439,Fondo de Capital Privado Colombia,COP,N/A,NACIONAL,R VARIABLE,VARIABLE,R VARIABLE
SKEJHKK0CP10,Fondo de Capital Privado,USD,N/A,INTERNACIONAL,R VARIABLE,VARIABLE,R VARIABLE
SSTMA270628,Inflacion-CORPORATIVO LOCAL,COP,IPC,NACIONAL,R FIJA,INFLACIÓN,R FIJA
COR9BPT00951,Fondo de Capital Privado Colombia,COP,N/A,NACIONAL,R VARIABLE,VARIABLE,R VARIABLE
BITU0216SA48,CORPORATIVO LOCAL,COP,TASA FIJA,NACIONAL,R FIJA,TASA FIJA,R FIJA
BSBCX218SC36,CORPORATIVO LOCAL,COP,TASA FIJA,NACIONAL,R FIJA,TASA FIJA,R FIJA
BITU1099B120,Inflacion-CORPORATIVO LOCAL,COP,IPC,NACIONAL,R FIJA,INFLACIÓN,R FIJA
BITU1139AS15,Inflacion-CORPORATIVO LOCAL,COP,IPC,NACIONAL,R FIJA,INFLACIÓN,R FIJA
BITU2169C180,Inflacion-CORPORATIVO LOCAL,COP,IPC,NACIONAL,R FIJA,INFLACIÓN,R FIJA
BITU4189C060,Inflacion-CORPORATIVO LOCAL,COP,IPC,NACIONAL,R FIJA,INFLACIÓN,R FIJA
COR9QPT00447,Fondo de Capital Privado Colombia,COP,N/A,NACIONAL,R VARIABLE,VARIABLE,R VARIABLE
HARBOURVEST HVSS IV,Fondo de Capital Privado,USD,N/A,INTERNACIONAL,R VARIABLE,VARIABLE,R VARIABLE
HARBOURVEST HDS VIII,Fondo de Capital Privado,USD,N/A,INTERNACIONAL,R VARIABLE,VARIABLE,R VARIABLE
LU0313358250,Fondo Mutuo o Fondo Indice,USD,N/A,INTERNACIONAL,R VARIABLE,VARIABLE,R VARIABLE
INST05230524,CORPORATIVO LOCAL,COP,TASA FIJA,NACIONAL,R FIJA,TASA FIJA,R FIJA
EPM08112027,TES GLOBAL,COP,TASA FIJA,NACIONAL,R FIJA,TASA FIJA,R FIJA
EPM10180729,EM CORPORATIVOS,USD,TASA FIJA,INTERNACIONAL,R FIJA,TASA FIJA,R FIJA
USP9379RBB26,TES GLOBAL,COP,TASA FIJA,NACIONAL,R FIJA,TASA FIJA,R FIJA
USTOUS150229,TREASURIES-MULTILATERALES-AGENCIAS,USD,TASA FIJA,INTERNACIONAL,R FIJA,TASA FIJA,R FIJA
US912796SL41,TREASURIES-MULTILATERALES-AGENCIAS,USD,TASA FIJA,INTERNACIONAL,R FIJA,TASA FIJA,R FIJA
US912828F395,TREASURIES-MULTILATERALES-AGENCIAS,USD,TASA FIJA,INTERNACIONAL,R FIJA,TASA FIJA,R FIJA
US9128283S79,TREASURIES-MULTILATERALES-AGENCIAS,USD,TASA FIJA,INTERNACIONAL,R FIJA,TASA FIJA,R FIJA
AOPF5 AH B SANTANDER,VISTA,COP,TASA FIJA,NACIONAL,CAJA,VARIABLE,CAJA
COB13CD68216,Variable-CORPORATIVO LOCAL,COP,IBR,NACIONAL,R FIJA,VARIABLE,R FIJA
COR7CPT00060,Fondo de Capital Privado Colombia,COP,N/A,NACIONAL,R VARIABLE,VARIABLE,R VARIABLE
FEP5 FCP BBP REAL,Fondo de Capital Privado Colombia,COP,N/A,NACIONAL,R VARIABLE,VARIABLE,R VARIABLE
COR9BPT00969,Fondo de Capital Privado Colombia,COP,N/A,NACIONAL,R VARIABLE,VARIABLE,R VARIABLE
BOPF5 GRUPO ARGOS,CORPORATIVO LOCAL,COP,TASA FIJA,NACIONAL,R FIJA,TASA FIJA,R FIJA
BOPI5 GRUPO ARGOS,Inflacion-CORPORATIVO LOCAL,COP,IPC,NACIONAL,R FIJA,INFLACIÓN,R FIJA
XS2046737131,Notas estructuradas,COP,N/A,Notas estructuradas,Notas estructuradas,Notas estructuradas,NOTAS ESTRUCTURADAS
CDTSFN90V,Inflacion-CORPORATIVO LOCAL,COP,IPC,NACIONAL,R FIJA,INFLACIÓN,R FIJA
BARG219SA3,CORPORATIVO LOCAL,COP,TASA FIJA,NACIONAL,R FIJA,TASA FIJA,R FIJA
BARG2199C1,Inflacion-CORPORATIVO LOCAL,COP,IPC,NACIONAL,R FIJA,INFLACIÓN,R FIJA
BARG2119C6,Inflacion-CORPORATIVO LOCAL,COP,IPC,NACIONAL,R FIJA,INFLACIÓN,R FIJA
BARG2199C015,Inflacion-CORPORATIVO LOCAL,COP,IPC,NACIONAL,R FIJA,INFLACIÓN,R FIJA
BARG219SA003,CORPORATIVO LOCAL,COP,TASA FIJA,NACIONAL,R FIJA,TASA FIJA,R FIJA
BARG2199C006,Inflacion-CORPORATIVO LOCAL,COP,IPC,NACIONAL,R FIJA,INFLACIÓN,R FIJA
BMG383271050,Acciones Colombia,USD,N/A,NACIONAL,R VARIABLE,VARIABLE,R VARIABLE
PISG2188E330,Variable-CORPORATIVO LOCAL,COP,IBR,NACIONAL,R FIJA,VARIABLE,R FIJA
BCFC1199A020,Inflacion-CORPORATIVO LOCAL,COP,IPC,NACIONAL,R FIJA,INFLACIÓN,R FIJA
BNBCX3188D24,Variable-CORPORATIVO LOCAL,COP,IBR,NACIONAL,R FIJA,VARIABLE,R FIJA
BCFC1199A010,Inflacion-CORPORATIVO LOCAL,COP,IPC,NACIONAL,R FIJA,INFLACIÓN,R FIJA
CDTBSN80,Variable-CORPORATIVO LOCAL,COP,IBR,NACIONAL,R FIJA,VARIABLE,R FIJA
CDTRCI80P,Variable-CORPORATIVO LOCAL,COP,IBR,NACIONAL,R FIJA,VARIABLE,R FIJA
CDTBSNS0V,CORPORATIVO LOCAL,COP,TASA FIJA,NACIONAL,R FIJA,TASA FIJA,R FIJA
CDTTYAS0V,CORPORATIVO LOCAL,COP,TASA FIJA,NACIONAL,R FIJA,TASA FIJA,R FIJA
CDTBMMS0V,CORPORATIVO LOCAL,COP,TASA FIJA,NACIONAL,R FIJA,TASA FIJA,R FIJA
CDTGMA15,Variable-CORPORATIVO LOCAL,COP,DTF,NACIONAL,R FIJA,VARIABLE,R FIJA
CDTRCI10,Variable-CORPORATIVO LOCAL,COP,DTF,NACIONAL,R FIJA,VARIABLE,R FIJA
COR5LPT00107,Fondo de Capital Privado Colombia,COP,N/A,NACIONAL,R VARIABLE,VARIABLE,R VARIABLE
FCP PARTNER GROUP DIRECT EQUITY 2019,Fondo de Capital Privado,USD,N/A,INTERNACIONAL,R VARIABLE,VARIABLE,R VARIABLE
SKJHM0YCP10,Fondo de Capital Privado,USD,N/A,INTERNACIONAL,R VARIABLE,VARIABLE,R VARIABLE
PECD319SA358,CORPORATIVO LOCAL,COP,TASA FIJA,NACIONAL,R FIJA,TASA FIJA,R FIJA
INST10150829,Inflacion-CORPORATIVO LOCAL,UVR,TASA FIJA,NACIONAL,R FIJA,INFLACIÓN,R FIJA
COI46CB00051,Inflacion-CORPORATIVO LOCAL,COP,IPC,NACIONAL,R FIJA,INFLACIÓN,R FIJA
COE25CB00138,Inflacion-CORPORATIVO LOCAL,COP,IPC,NACIONAL,R FIJA,INFLACIÓN,R FIJA
COE24CB00065,Inflacion-CORPORATIVO LOCAL,COP,IPC,NACIONAL,R FIJA,INFLACIÓN,R FIJA
COE25CB00112,Inflacion-CORPORATIVO LOCAL,COP,IPC,NACIONAL,R FIJA,INFLACIÓN,R FIJA
COE25CB00153,Inflacion-CORPORATIVO LOCAL,COP,IPC,NACIONAL,R FIJA,INFLACIÓN,R FIJA
COE25CB00047,Inflacion-CORPORATIVO LOCAL,COP,IPC,NACIONAL,R FIJA,INFLACIÓN,R FIJA
COE25CB00161,Inflacion-CORPORATIVO LOCAL,COP,IPC,NACIONAL,R FIJA,INFLACIÓN,R FIJA
COE25CB00187,Inflacion-CORPORATIVO LOCAL,COP,IPC,NACIONAL,R FIJA,INFLACIÓN,R FIJA
COC04CB00145,Inflacion-CORPORATIVO LOCAL,COP,IPC,NACIONAL,R FIJA,INFLACIÓN,R FIJA
COE24CB00057,Inflacion-CORPORATIVO LOCAL,COP,IPC,NACIONAL,R FIJA,INFLACIÓN,R FIJA
COE15CB00113,Inflacion-CORPORATIVO LOCAL,COP,IPC,NACIONAL,R FIJA,INFLACIÓN,R FIJA
COE25CB00104,Inflacion-CORPORATIVO LOCAL,COP,IPC,NACIONAL,R FIJA,INFLACIÓN,R FIJA
COE15CB00097,Inflacion-CORPORATIVO LOCAL,COP,IPC,NACIONAL,R FIJA,INFLACIÓN,R FIJA
COE15CB00121,Inflacion-CORPORATIVO LOCAL,COP,IPC,NACIONAL,R FIJA,INFLACIÓN,R FIJA
COE25CB00203,Inflacion-CORPORATIVO LOCAL,COP,IPC,NACIONAL,R FIJA,INFLACIÓN,R FIJA
COE15CB00188,Inflacion-CORPORATIVO LOCAL,COP,IPC,NACIONAL,R FIJA,INFLACIÓN,R FIJA
COE15CB00105,Inflacion-CORPORATIVO LOCAL,COP,IPC,NACIONAL,R FIJA,INFLACIÓN,R FIJA
COL12CB00032,Inflacion-CORPORATIVO LOCAL,COP,IPC,NACIONAL,R FIJA,INFLACIÓN,R FIJA
US29246BAE83,EM CORPORATIVOS,USD,TASA FIJA,INTERNACIONAL,R FIJA,TASA FIJA,R FIJA
COE15CB00261,Inflacion-CORPORATIVO LOCAL,COP,IPC,NACIONAL,R FIJA,INFLACIÓN,R FIJA
COE15CB00154,Inflacion-CORPORATIVO LOCAL,COP,IPC,NACIONAL,R FIJA,INFLACIÓN,R FIJA
COE15CB00279,Inflacion-CORPORATIVO LOCAL,COP,IPC,NACIONAL,R FIJA,INFLACIÓN,R FIJA
COE01CB00022,Inflacion-CORPORATIVO LOCAL,COP,IPC,NACIONAL,R FIJA,INFLACIÓN,R FIJA
COE15CB00246,Inflacion-CORPORATIVO LOCAL,COP,IPC,NACIONAL,R FIJA,INFLACIÓN,R FIJA
COL12CB00040,Inflacion-CORPORATIVO LOCAL,COP,IPC,NACIONAL,R FIJA,INFLACIÓN,R FIJA
COE15CB00253,Inflacion-CORPORATIVO LOCAL,COP,IPC,NACIONAL,R FIJA,INFLACIÓN,R FIJA
COE15CB00162,Inflacion-CORPORATIVO LOCAL,COP,IPC,NACIONAL,R FIJA,INFLACIÓN,R FIJA
COE25CB00195,Inflacion-CORPORATIVO LOCAL,COP,IPC,NACIONAL,R FIJA,INFLACIÓN,R FIJA
COC04CB00053,Inflacion-CORPORATIVO LOCAL,COP,IPC,NACIONAL,R FIJA,INFLACIÓN,R FIJA
COC04CB00087,Inflacion-CORPORATIVO LOCAL,COP,IPC,NACIONAL,R FIJA,INFLACIÓN,R FIJA
COT80PT00010,Titularización Inmobiliaria,COP,N/A,NACIONAL,R VARIABLE,VARIABLE,R VARIABLE
US912828YB05,TREASURIES-MULTILATERALES-AGENCIAS,USD,TASA FIJA,INTERNACIONAL,R FIJA,TASA FIJA,R FIJA
TCO364100919,TF TES,COP,TASA FIJA,NACIONAL,R FIJA,TASA FIJA,R FIJA
FEP5 FICA RENTAR FPOPULAR,VISTA,COP,TASA FIJA,NACIONAL,CAJA,VARIABLE,CAJA
FED5 FCP GIP IV,Fondo de Capital Privado,USD,N/A,INTERNACIONAL,R VARIABLE,VARIABLE,R VARIABLE
US912810SJ88,TREASURIES-MULTILATERALES-AGENCIAS,USD,TASA FIJA,INTERNACIONAL,R FIJA,TASA FIJA,R FIJA
CORM3PT00548,Fondo de Capital Privado Colombia,COP,N/A,NACIONAL,R VARIABLE,VARIABLE,R VARIABLE
CORK9PT00109,Fondo de Capital Privado Colombia,COP,N/A,NACIONAL,R VARIABLE,VARIABLE,R VARIABLE
BDVI819SF084,CORPORATIVO LOCAL,COP,TASA FIJA,NACIONAL,R FIJA,TASA FIJA,R FIJA
BDVI8199C144,Inflacion-CORPORATIVO LOCAL,COP,IPC,NACIONAL,R FIJA,INFLACIÓN,R FIJA
COR7CPT00078,Fondo de Capital Privado Colombia,COP,N/A,NACIONAL,R VARIABLE,VARIABLE,R VARIABLE
INST05041024,CORPORATIVO LOCAL,COP,TASA FIJA,NACIONAL,R FIJA,TASA FIJA,R FIJA
USP82290AA81,EM CORPORATIVOS,USD,TASA FIJA,INTERNACIONAL,R FIJA,TASA FIJA,R FIJA
USP3143NAR54,EM CORPORATIVOS,USD,TASA FIJA,INTERNACIONAL,R FIJA,TASA FIJA,R FIJA
BISG3199C030,Inflacion-CORPORATIVO LOCAL,COP,IPC,NACIONAL,R FIJA,INFLACIÓN,R FIJA
BEEB1179A025,Inflacion-CORPORATIVO LOCAL,COP,IPC,NACIONAL,R FIJA,INFLACIÓN,R FIJA
BBOC119SA060,CORPORATIVO LOCAL,COP,TASA FIJA,NACIONAL,R FIJA,TASA FIJA,R FIJA
BDVI819SF048,CORPORATIVO LOCAL,COP,TASA FIJA,NACIONAL,R FIJA,TASA FIJA,R FIJA
SKEPJFZFIC01,VISTA,COP,N/A,NACIONAL,CAJA,TASA FIJA,R FIJA
CORB5PT05263,Titularización Inmobiliaria,COP,N/A,NACIONAL,R VARIABLE,VARIABLE,R VARIABLE
BLACKSTONE BREP IX,Fondo de Capital Privado,USD,N/A,INTERNACIONAL,R VARIABLE,VARIABLE,R VARIABLE
BCP BLACKSTONE REAL ESTATE IX RE,Fondo de Capital Privado,USD,N/A,INTERNACIONAL,R VARIABLE,VARIABLE,R VARIABLE
BLACKSTONE PROPERTY PARTNERS US,Fondo de Capital Privado,USD,N/A,INTERNACIONAL,R VARIABLE,VARIABLE,R VARIABLE
CORI8PT00097,Fondo de Capital Privado Colombia,COP,N/A,NACIONAL,R VARIABLE,VARIABLE,R VARIABLE
CORI8PT00105,Fondo de Capital Privado Colombia,COP,N/A,NACIONAL,R VARIABLE,VARIABLE,R VARIABLE
CORI8PT00063,Fondo de Capital Privado Colombia,COP,N/A,NACIONAL,R VARIABLE,VARIABLE,R VARIABLE
CORI8PT00071,Fondo de Capital Privado Colombia,COP,N/A,NACIONAL,R VARIABLE,VARIABLE,R VARIABLE
CORI8PT00089,Fondo de Capital Privado Colombia,COP,N/A,NACIONAL,R VARIABLE,VARIABLE,R VARIABLE
SBMP121228,Inflacion-CORPORATIVO LOCAL,UVR,IPC,NACIONAL,R FIJA,INFLACIÓN,R FIJA
USP7922TAA71,EM CORPORATIVOS,USD,TASA FIJA,INTERNACIONAL,R FIJA,TASA FIJA,R FIJA
BITU719SA060,CORPORATIVO LOCAL,COP,TASA FIJA,NACIONAL,R FIJA,TASA FIJA,R FIJA
COR7LPT00038,Fondo de Capital Privado Colombia,COP,N/A,NACIONAL,R VARIABLE,VARIABLE,R VARIABLE
FEP5 FCP COINV EQ INFR COL II,Fondo de Capital Privado Colombia,COP,N/A,NACIONAL,R VARIABLE,VARIABLE,R VARIABLE
COR39PT00341,Fondo de Capital Privado Colombia,COP,N/A,NACIONAL,R VARIABLE,VARIABLE,R VARIABLE
COR39PT00358,Fondo de Capital Privado Colombia,COP,N/A,NACIONAL,R VARIABLE,VARIABLE,R VARIABLE
COR39PT00366,Fondo de Capital Privado Colombia,COP,N/A,NACIONAL,R VARIABLE,VARIABLE,R VARIABLE
COR39PT00374,Fondo de Capital Privado Colombia,COP,N/A,NACIONAL,R VARIABLE,VARIABLE,R VARIABLE
COR39PT00382,Fondo de Capital Privado Colombia,COP,N/A,NACIONAL,R VARIABLE,VARIABLE,R VARIABLE
COR39PT00390,Fondo de Capital Privado Colombia,COP,N/A,NACIONAL,R VARIABLE,VARIABLE,R VARIABLE
COR39PT00408,Fondo de Capital Privado Colombia,COP,N/A,NACIONAL,R VARIABLE,VARIABLE,R VARIABLE
COR39PT00416,Fondo de Capital Privado Colombia,COP,N/A,NACIONAL,R VARIABLE,VARIABLE,R VARIABLE
COR39PT00424,Fondo de Capital Privado Colombia,COP,N/A,NACIONAL,R VARIABLE,VARIABLE,R VARIABLE
COR39PT00432,Fondo de Capital Privado Colombia,COP,N/A,NACIONAL,R VARIABLE,VARIABLE,R VARIABLE
COR39PT00440,Fondo de Capital Privado Colombia,COP,N/A,NACIONAL,R VARIABLE,VARIABLE,R VARIABLE
COR39PT00457,Fondo de Capital Privado Colombia,COP,N/A,NACIONAL,R VARIABLE,VARIABLE,R VARIABLE
COR39PT00465,Fondo de Capital Privado Colombia,COP,N/A,NACIONAL,R VARIABLE,VARIABLE,R VARIABLE
COR39PT00473,Fondo de Capital Privado Colombia,COP,N/A,NACIONAL,R VARIABLE,VARIABLE,R VARIABLE
COR39PT00481,Fondo de Capital Privado Colombia,COP,N/A,NACIONAL,R VARIABLE,VARIABLE,R VARIABLE
COR39PT00333,Fondo de Capital Privado Colombia,COP,N/A,NACIONAL,R VARIABLE,VARIABLE,R VARIABLE
CORG6PT00457,Fondo de Capital Privado Colombia,COP,N/A,NACIONAL,R VARIABLE,VARIABLE,R VARIABLE
CORG6PT00465,Fondo de Capital Privado Colombia,COP,N/A,NACIONAL,R VARIABLE,VARIABLE,R VARIABLE
CORG6PT00473,Fondo de Capital Privado Colombia,COP,N/A,NACIONAL,R VARIABLE,VARIABLE,R VARIABLE
CORG6PT00481,Fondo de Capital Privado Colombia,COP,N/A,NACIONAL,R VARIABLE,VARIABLE,R VARIABLE
CORG6PT00499,Fondo de Capital Privado Colombia,COP,N/A,NACIONAL,R VARIABLE,VARIABLE,R VARIABLE
CORG6PT00507,Fondo de Capital Privado Colombia,COP,N/A,NACIONAL,R VARIABLE,VARIABLE,R VARIABLE
CORG6PT00515,Fondo de Capital Privado Colombia,COP,N/A,NACIONAL,R VARIABLE,VARIABLE,R VARIABLE
CORG6PT00523,Fondo de Capital Privado Colombia,COP,N/A,NACIONAL,R VARIABLE,VARIABLE,R VARIABLE
CORG6PT00531,Fondo de Capital Privado Colombia,COP,N/A,NACIONAL,R VARIABLE,VARIABLE,R VARIABLE
CORG6PT00549,Fondo de Capital Privado Colombia,COP,N/A,NACIONAL,R VARIABLE,VARIABLE,R VARIABLE
CORG6PT00556,Fondo de Capital Privado Colombia,COP,N/A,NACIONAL,R VARIABLE,VARIABLE,R VARIABLE
CORG6PT00564,Fondo de Capital Privado Colombia,COP,N/A,NACIONAL,R VARIABLE,VARIABLE,R VARIABLE
CORG6PT00572,Fondo de Capital Privado Colombia,COP,N/A,NACIONAL,R VARIABLE,VARIABLE,R VARIABLE
COR7NPT00026,Fondo de Capital Privado Colombia,COP,N/A,NACIONAL,R VARIABLE,VARIABLE,R VARIABLE
BBTA719SA005,CORPORATIVO LOCAL,COP,TASA FIJA,NACIONAL,R FIJA,TASA FIJA,R FIJA
BBTA7199D010,Inflacion-CORPORATIVO LOCAL,COP,IPC,NACIONAL,R FIJA,INFLACIÓN,R FIJA
CORM3PT00555,Fondo de Capital Privado Colombia,COP,N/A,NACIONAL,R VARIABLE,VARIABLE,R VARIABLE
BOPF5 PATAUTESTINMOBILIARIAS,CORPORATIVO LOCAL,COP,TASA FIJA,NACIONAL,R FIJA,TASA FIJA,R FIJA
COR6APT00090,Fondo de Capital Privado Colombia,COP,N/A,NACIONAL,R VARIABLE,VARIABLE,R VARIABLE
BPEI219SA005,CORPORATIVO LOCAL,COP,TASA FIJA,NACIONAL,R FIJA,TASA FIJA,R FIJA
BPEI219SA010,CORPORATIVO LOCAL,COP,TASA FIJA,NACIONAL,R FIJA,TASA FIJA,R FIJA
US05967FAB22,EM CORPORATIVOS,USD,TASA FIJA,INTERNACIONAL,R FIJA,TASA FIJA,R FIJA
PROMIG161029,EM CORPORATIVOS,USD,TASA FIJA,INTERNACIONAL,R FIJA,TASA FIJA,R FIJA
BITU7199C120,Inflacion-CORPORATIVO LOCAL,COP,IPC,NACIONAL,R FIJA,INFLACIÓN,R FIJA
USP4949BAH70,EM CORPORATIVOS,USD,TASA FIJA,INTERNACIONAL,R FIJA,TASA FIJA,R FIJA
CDTHIPS0V,CORPORATIVO LOCAL,COP,TASA FIJA,NACIONAL,R FIJA,TASA FIJA,R FIJA
COR5LPT00115,Fondo de Capital Privado Colombia,COP,N/A,NACIONAL,R VARIABLE,VARIABLE,R VARIABLE
COR9MPT00040,Fondo de Capital Privado Colombia,COP,N/A,NACIONAL,R VARIABLE,VARIABLE,R VARIABLE
COR9MPT00065,Fondo de Capital Privado Colombia,COP,N/A,NACIONAL,R VARIABLE,VARIABLE,R VARIABLE
COR05PT01621,Fondo de Capital Privado Colombia,COP,N/A,NACIONAL,R VARIABLE,VARIABLE,R VARIABLE
COR9QPT00454,Fondo de Capital Privado Colombia,COP,N/A,NACIONAL,R VARIABLE,VARIABLE,R VARIABLE
COR20PT02057,Fondo de Capital Privado Colombia,COP,N/A,NACIONAL,R VARIABLE,VARIABLE,R VARIABLE
COR05PT01688,Fondo de Capital Privado Colombia,COP,N/A,NACIONAL,R VARIABLE,VARIABLE,R VARIABLE
COR05PT01639,Fondo de Capital Privado Colombia,COP,N/A,NACIONAL,R VARIABLE,VARIABLE,R VARIABLE
ADVENT GPE IX,Fondo de Capital Privado,USD,N/A,INTERNACIONAL,R VARIABLE,VARIABLE,R VARIABLE
FCP TPG GENPAR VIII,Fondo de Capital Privado,USD,N/A,INTERNACIONAL,R VARIABLE,VARIABLE,R VARIABLE
SKJZDP6CP09,Fondo de Capital Privado,EUR,N/A,INTERNACIONAL,R VARIABLE,VARIABLE,R VARIABLE
ADVENT AGPE IX,Fondo de Capital Privado,USD,N/A,INTERNACIONAL,R VARIABLE,VARIABLE,R VARIABLE
LU1767066605,Fondo Mutuo o Fondo Indice,USD,N/A,INTERNACIONAL,R VARIABLE,VARIABLE,R VARIABLE
INST15041034,CORPORATIVO LOCAL,COP,TASA FIJA,NACIONAL,R FIJA,TASA FIJA,R FIJA
BBTA7197O029,Inflacion-CORPORATIVO LOCAL,UVR,IPC,NACIONAL,R FIJA,INFLACIÓN,R FIJA
BBTA7197O020,Inflacion-CORPORATIVO LOCAL,UVR,IPC,NACIONAL,R FIJA,INFLACIÓN,R FIJA
US912828YH74,TREASURIES-MULTILATERALES-AGENCIAS,USD,TASA FIJA,INTERNACIONAL,R FIJA,TASA FIJA,R FIJA
COR20PT02073,Fondo de Capital Privado Colombia,COP,N/A,NACIONAL,R VARIABLE,VARIABLE,R VARIABLE
COR20PT02081,Fondo de Capital Privado Colombia,COP,N/A,NACIONAL,R VARIABLE,VARIABLE,R VARIABLE
COR20PT02099,Fondo de Capital Privado Colombia,COP,N/A,NACIONAL,R VARIABLE,VARIABLE,R VARIABLE
COR20PT02107,Fondo de Capital Privado Colombia,COP,N/A,NACIONAL,R VARIABLE,VARIABLE,R VARIABLE
COR20PT02065,Fondo de Capital Privado Colombia,COP,N/A,NACIONAL,R VARIABLE,VARIABLE,R VARIABLE
COR20PT02164,Fondo de Capital Privado Colombia,COP,N/A,NACIONAL,R VARIABLE,VARIABLE,R VARIABLE
BOPF5 GRUPO AVAL,CORPORATIVO LOCAL,COP,TASA FIJA,NACIONAL,R FIJA,TASA FIJA,R FIJA
BGAA119SC05,CORPORATIVO LOCAL,COP,TASA FIJA,NACIONAL,R FIJA,TASA FIJA,R FIJA
BGAA1199A20,Inflacion-CORPORATIVO LOCAL,COP,IPC,NACIONAL,R FIJA,INFLACIÓN,R FIJA
BOPF5 GRUPO AVAL,CORPORATIVO LOCAL,COP,TASA FIJA,NACIONAL,R FIJA,TASA FIJA,R FIJA
BOPI5 GRUPO AVAL,Inflacion-CORPORATIVO LOCAL,COP,IPC,NACIONAL,R FIJA,INFLACIÓN,R FIJA
COR23PT00436,Fondo de Capital Privado Colombia,COP,N/A,NACIONAL,R VARIABLE,VARIABLE,R VARIABLE
COR23PT00444,Fondo de Capital Privado Colombia,COP,N/A,NACIONAL,R VARIABLE,VARIABLE,R VARIABLE
COR23PT00451,Fondo de Capital Privado Colombia,COP,N/A,NACIONAL,R VARIABLE,VARIABLE,R VARIABLE
COR23PT00469,Fondo de Capital Privado Colombia,COP,N/A,NACIONAL,R VARIABLE,VARIABLE,R VARIABLE
COR23PT00477,Fondo de Capital Privado Colombia,COP,N/A,NACIONAL,R VARIABLE,VARIABLE,R VARIABLE
COR23PT00485,Fondo de Capital Privado Colombia,COP,N/A,NACIONAL,R VARIABLE,VARIABLE,R VARIABLE
COR23PT00493,Fondo de Capital Privado Colombia,COP,N/A,NACIONAL,R VARIABLE,VARIABLE,R VARIABLE
COR23PT00501,Fondo de Capital Privado Colombia,COP,N/A,NACIONAL,R VARIABLE,VARIABLE,R VARIABLE
COR23PT00519,Fondo de Capital Privado Colombia,COP,N/A,NACIONAL,R VARIABLE,VARIABLE,R VARIABLE
COR23PT00428,Fondo de Capital Privado Colombia,COP,N/A,NACIONAL,R VARIABLE,VARIABLE,R VARIABLE
XS2083305511,Notas estructuradas,COP,TASA FIJA,NACIONAL,Notas estructuradas,TASA FIJA,NOTAS ESTRUCTURADAS
COR9BPT00977,Fondo de Capital Privado Colombia,COP,N/A,NACIONAL,R VARIABLE,VARIABLE,R VARIABLE
FEP5 FCP YCP II,Fondo de Capital Privado Colombia,COP,N/A,NACIONAL,R VARIABLE,VARIABLE,R VARIABLE
US912810SK51,TREASURIES-MULTILATERALES-AGENCIAS,USD,TASA FIJA,INTERNACIONAL,R FIJA,TASA FIJA,R FIJA
COR7UPT00070,Fondo de Capital Privado Colombia,COP,N/A,NACIONAL,R VARIABLE,VARIABLE,R VARIABLE
CDTBSN80P,Variable-CORPORATIVO LOCAL,COP,IBR,NACIONAL,R FIJA,VARIABLE,R FIJA
LU1951186714,Fondo Mutuo o Fondo Indice,USD,N/A,INTERNACIONAL,R VARIABLE,VARIABLE,R VARIABLE
US912796TB59,TREASURIES-MULTILATERALES-AGENCIAS,USD,TASA FIJA,INTERNACIONAL,R FIJA,TASA FIJA,R FIJA
COR6APT00108,Fondo de Capital Privado Colombia,COP,N/A,NACIONAL,R VARIABLE,VARIABLE,R VARIABLE
SKJZAOKFCP19,Fondo de Capital Privado,USD,N/A,INTERNACIONAL,R VARIABLE,VARIABLE,R VARIABLE
COR7CPT00086,Fondo de Capital Privado Colombia,COP,N/A,NACIONAL,R VARIABLE,VARIABLE,R VARIABLE
FED5 FCP LCP IX,Fondo de Capital Privado,USD,N/A,INTERNACIONAL,R VARIABLE,VARIABLE,R VARIABLE
CORH6PT00597,Fondo de Capital Privado Colombia,COP,N/A,NACIONAL,R VARIABLE,VARIABLE,R VARIABLE
FED5 FCP DOVER STREET X,Fondo de Capital Privado,USD,N/A,INTERNACIONAL,R VARIABLE,VARIABLE,R VARIABLE
BCICI1210202,EM CORPORATIVOS,USD,TASA FIJA,INTERNACIONAL,R FIJA,TASA FIJA,R FIJA
US912796TH20,TREASURIES-MULTILATERALES-AGENCIAS,USD,TASA FIJA,INTERNACIONAL,R FIJA,TASA FIJA,R FIJA
US912828YS30,TREASURIES-MULTILATERALES-AGENCIAS,USD,TASA FIJA,INTERNACIONAL,R FIJA,TASA FIJA,R FIJA
SBECD119SA18,CORPORATIVO LOCAL,COP,TASA FIJA,NACIONAL,R FIJA,TASA FIJA,R FIJA
COR7UPT00096,Fondo de Capital Privado Colombia,COP,N/A,NACIONAL,R VARIABLE,VARIABLE,R VARIABLE
CORB0PT00182,Fondo de Capital Privado Colombia,COP,N/A,NACIONAL,R VARIABLE,VARIABLE,R VARIABLE
CORH2PT00240,Fondo de Capital Privado Colombia,COP,N/A,NACIONAL,R VARIABLE,VARIABLE,R VARIABLE
COR7UPT00062,Fondo de Capital Privado Colombia,COP,N/A,NACIONAL,R VARIABLE,VARIABLE,R VARIABLE
COR6NPT00036,Fondo de Capital Privado Colombia,COP,N/A,NACIONAL,R VARIABLE,VARIABLE,R VARIABLE
FCP LEXINGTON CAPITAL PARTNERS IX,Fondo de Capital Privado,USD,N/A,INTERNACIONAL,R VARIABLE,VARIABLE,R VARIABLE
LEXINGTON CAPITAL PARTNERS IX LP US,Fondo de Capital Privado,USD,N/A,INTERNACIONAL,R VARIABLE,VARIABLE,R VARIABLE
ARD COSMOS COINVEST SE,Fondo de Capital Privado,USD,N/A,INTERNACIONAL,R VARIABLE,VARIABLE,R VARIABLE
PLATINUM EQUITY CAPITAL PARTNERS V,Fondo de Capital Privado,USD,N/A,INTERNACIONAL,R VARIABLE,VARIABLE,R VARIABLE
COR7UPT00088,Fondo de Capital Privado Colombia,COP,N/A,NACIONAL,R VARIABLE,VARIABLE,R VARIABLE
SKJHQQ1CP21,Fondo de Capital Privado,USD,N/A,INTERNACIONAL,R VARIABLE,VARIABLE,R VARIABLE
COR7LPT00046,Fondo de Capital Privado Colombia,COP,N/A,NACIONAL,R VARIABLE,VARIABLE,R VARIABLE
XS2054895680,Notas estructuradas,COP,TASA FIJA,NACIONAL,Notas estructuradas,TASA FIJA,NOTAS ESTRUCTURADAS
FED5 FCP NB CO INVERSION IV,Fondo de Capital Privado,USD,N/A,INTERNACIONAL,R VARIABLE,VARIABLE,R VARIABLE
TFIT08031127,TF TES,COP,TASA FIJA,NACIONAL,R FIJA,TASA FIJA,R FIJA
CORM3PT00563,Fondo de Capital Privado Colombia,COP,N/A,NACIONAL,R VARIABLE,VARIABLE,R VARIABLE
FEE5 FCP PERMIRA VII,Fondo de Capital Privado,EUR,N/A,INTERNACIONAL,R VARIABLE,VARIABLE,R VARIABLE
IE00BQ1YBP44,Fondo Mutuo o Fondo Indice,JPY,N/A,INTERNACIONAL,R VARIABLE,VARIABLE,R VARIABLE
US05968LAM46,EM CORPORATIVOS,USD,TASA FIJA,INTERNACIONAL,R FIJA,TASA FIJA,R FIJA
COR26PT01312,Fondo de Capital Privado Colombia,COP,N/A,NACIONAL,R VARIABLE,VARIABLE,R VARIABLE
COR26PT01353,Fondo de Capital Privado Colombia,COP,N/A,NACIONAL,R VARIABLE,VARIABLE,R VARIABLE
COR26PT01338,Fondo de Capital Privado Colombia,COP,N/A,NACIONAL,R VARIABLE,VARIABLE,R VARIABLE
COR26PT01411,Fondo de Capital Privado Colombia,COP,N/A,NACIONAL,R VARIABLE,VARIABLE,R VARIABLE
COR26PT01445,Fondo de Capital Privado Colombia,COP,N/A,NACIONAL,R VARIABLE,VARIABLE,R VARIABLE
COR26PT01387,Fondo de Capital Privado Colombia,COP,N/A,NACIONAL,R VARIABLE,VARIABLE,R VARIABLE
COR26PT01361,Fondo de Capital Privado Colombia,COP,N/A,NACIONAL,R VARIABLE,VARIABLE,R VARIABLE
COR9QPT00462,Fondo de Capital Privado Colombia,COP,N/A,NACIONAL,R VARIABLE,VARIABLE,R VARIABLE
COR26PT01429,Fondo de Capital Privado Colombia,COP,N/A,NACIONAL,R VARIABLE,VARIABLE,R VARIABLE
COR26PT01270,Fondo de Capital Privado Colombia,COP,N/A,NACIONAL,R VARIABLE,VARIABLE,R VARIABLE
COR26PT01395,Fondo de Capital Privado Colombia,COP,N/A,NACIONAL,R VARIABLE,VARIABLE,R VARIABLE
COR26PT01403,Fondo de Capital Privado Colombia,COP,N/A,NACIONAL,R VARIABLE,VARIABLE,R VARIABLE
COR26PT01544,Fondo de Capital Privado Colombia,COP,N/A,NACIONAL,R VARIABLE,VARIABLE,R VARIABLE
COR26PT01254,Fondo de Capital Privado Colombia,COP,N/A,NACIONAL,R VARIABLE,VARIABLE,R VARIABLE
COR26PT01320,Fondo de Capital Privado Colombia,COP,N/A,NACIONAL,R VARIABLE,VARIABLE,R VARIABLE
COR26PT01247,Fondo de Capital Privado Colombia,COP,N/A,NACIONAL,R VARIABLE,VARIABLE,R VARIABLE
COR26PT01528,Fondo de Capital Privado Colombia,COP,N/A,NACIONAL,R VARIABLE,VARIABLE,R VARIABLE
COR26PT01452,Fondo de Capital Privado Colombia,COP,N/A,NACIONAL,R VARIABLE,VARIABLE,R VARIABLE
COR26PT01379,Fondo de Capital Privado Colombia,COP,N/A,NACIONAL,R VARIABLE,VARIABLE,R VARIABLE
COR26PT01460,Fondo de Capital Privado Colombia,COP,N/A,NACIONAL,R VARIABLE,VARIABLE,R VARIABLE
COR26PT01437,Fondo de Capital Privado Colombia,COP,N/A,NACIONAL,R VARIABLE,VARIABLE,R VARIABLE
COR26PT01304,Fondo de Capital Privado Colombia,COP,N/A,NACIONAL,R VARIABLE,VARIABLE,R VARIABLE
COR26PT01288,Fondo de Capital Privado Colombia,COP,N/A,NACIONAL,R VARIABLE,VARIABLE,R VARIABLE
COR26PT01296,Fondo de Capital Privado Colombia,COP,N/A,NACIONAL,R VARIABLE,VARIABLE,R VARIABLE
DOVER STREET X FEEDER FUND LP,Fondo de Capital Privado,USD,N/A,INTERNACIONAL,R VARIABLE,VARIABLE,R VARIABLE
COR5TPT00134,Fondo de Capital Privado Colombia,COP,N/A,NACIONAL,R VARIABLE,VARIABLE,R VARIABLE
FONLINK,Fondo de Capital Privado Colombia,COP,N/A,NACIONAL,R VARIABLE,VARIABLE,R VARIABLE
STILA5240125,CORPORATIVO LOCAL,COP,TASA FIJA,NACIONAL,R FIJA,TASA FIJA,R FIJA
BDVI920SF084,CORPORATIVO LOCAL,COP,TASA FIJA,NACIONAL,R FIJA,TASA FIJA,R FIJA
BDVI9207U144,Inflacion-CORPORATIVO LOCAL,UVR,IPC,NACIONAL,R FIJA,INFLACIÓN,R FIJA
BSFN1205A007,CORPORATIVO LOCAL,COP,TASA FIJA,NACIONAL,R FIJA,TASA FIJA,R FIJA
US912810SL35,TREASURIES-MULTILATERALES-AGENCIAS,USD,TASA FIJA,INTERNACIONAL,R FIJA,TASA FIJA,R FIJA
BTPL220SA005,CORPORATIVO LOCAL,COP,TASA FIJA,NACIONAL,R FIJA,TASA FIJA,R FIJA
BTPL2209C025,Inflacion-CORPORATIVO LOCAL,COP,IPC,NACIONAL,R FIJA,INFLACIÓN,R FIJA
BITU8207U120,Inflacion-CORPORATIVO LOCAL,UVR,IPC,NACIONAL,R FIJA,INFLACIÓN,R FIJA
BITU820SA060,CORPORATIVO LOCAL,COP,TASA FIJA,NACIONAL,R FIJA,TASA FIJA,R FIJA
XS2127518392,Notas estructuradas,COP,TASA FIJA,NACIONAL,Notas estructuradas,TASA FIJA,NOTAS ESTRUCTURADAS
BPPF5 UNE EPM TELECOMUNICACION,CORPORATIVO LOCAL,COP,TASA FIJA,NACIONAL,R FIJA,TASA FIJA,R FIJA
BBMM120SA003,CORPORATIVO LOCAL,COP,TASA FIJA,NACIONAL,R FIJA,TASA FIJA,R FIJA
BDVI920SF060,CORPORATIVO LOCAL,COP,TASA FIJA,NACIONAL,R FIJA,TASA FIJA,R FIJA
BBPO520SB084,CORPORATIVO LOCAL,COP,TASA FIJA,NACIONAL,R FIJA,TASA FIJA,R FIJA
BBPO520SB036,CORPORATIVO LOCAL,COP,TASA FIJA,NACIONAL,R FIJA,TASA FIJA,R FIJA
BBPO520SB060,CORPORATIVO LOCAL,COP,TASA FIJA,NACIONAL,R FIJA,TASA FIJA,R FIJA
BSFN120SA007,CORPORATIVO LOCAL,COP,TASA FIJA,NACIONAL,R FIJA,TASA FIJA,R FIJA
COR26PT01502,Fondo de Capital Privado Colombia,COP,N/A,NACIONAL,R VARIABLE,VARIABLE,R VARIABLE
COR26PT01239,Fondo de Capital Privado Colombia,COP,N/A,NACIONAL,R VARIABLE,VARIABLE,R VARIABLE
COR26PT01486,Fondo de Capital Privado Colombia,COP,N/A,NACIONAL,R VARIABLE,VARIABLE,R VARIABLE
COR6APT00116,Fondo de Capital Privado Colombia,COP,N/A,NACIONAL,R VARIABLE,VARIABLE,R VARIABLE
FCP PERMIRA VII,Fondo de Capital Privado,EUR,N/A,INTERNACIONAL,R VARIABLE,VARIABLE,R VARIABLE
US46140H4039,Fondo Mutuo o Fondo Indice,USD,N/A,INTERNACIONAL,R VARIABLE,VARIABLE,R VARIABLE
LU0492943443,Fondo Mutuo o Fondo Indice,USD,N/A,INTERNACIONAL,R VARIABLE,VARIABLE,R VARIABLE
IE00B4KZ8V93,SOBERANOS OTRAS MONEDAS,USD,TASA FIJA,INTERNACIONAL,R FIJA,TASA FIJA,R FIJA
US912796TV14,TREASURIES-MULTILATERALES-AGENCIAS,USD,TASA FIJA,INTERNACIONAL,R FIJA,TASA FIJA,R FIJA
BEPT120SA010,CORPORATIVO LOCAL,COP,TASA FIJA,NACIONAL,R FIJA,TASA FIJA,R FIJA
TCO364100620,TF TES,COP,TASA FIJA,NACIONAL,R FIJA,TASA FIJA,R FIJA
COR9BPT00985,Fondo de Capital Privado Colombia,COP,N/A,NACIONAL,R VARIABLE,VARIABLE,R VARIABLE
BCO02050920A,CORPORATIVO LOCAL,USD,TASA FIJA,NACIONAL,R FIJA,TASA FIJA,R FIJA
REPO PASIVO,REPO PASIVO,COP,N/A,NACIONAL,REPO,REPO,REPO
CORH5PT00391,Fondo de Capital Privado Colombia,COP,N/A,NACIONAL,R VARIABLE,VARIABLE,R VARIABLE
CORH5PT00409,Fondo de Capital Privado Colombia,COP,N/A,NACIONAL,R VARIABLE,VARIABLE,R VARIABLE
CORH5PT00425,Fondo de Capital Privado Colombia,COP,N/A,NACIONAL,R VARIABLE,VARIABLE,R VARIABLE
CORH5PT00433,Fondo de Capital Privado Colombia,COP,N/A,NACIONAL,R VARIABLE,VARIABLE,R VARIABLE
CORH5PT00441,Fondo de Capital Privado Colombia,COP,N/A,NACIONAL,R VARIABLE,VARIABLE,R VARIABLE
CORH5PT00458,Fondo de Capital Privado Colombia,COP,N/A,NACIONAL,R VARIABLE,VARIABLE,R VARIABLE
CORH5PT00466,Fondo de Capital Privado Colombia,COP,N/A,NACIONAL,R VARIABLE,VARIABLE,R VARIABLE
CORH5PT00474,Fondo de Capital Privado Colombia,COP,N/A,NACIONAL,R VARIABLE,VARIABLE,R VARIABLE
CORH5PT00417,Fondo de Capital Privado Colombia,COP,N/A,NACIONAL,R VARIABLE,VARIABLE,R VARIABLE
CORH5PT00482,Fondo de Capital Privado Colombia,COP,N/A,NACIONAL,R VARIABLE,VARIABLE,R VARIABLE
CORH5PT00383,Fondo de Capital Privado Colombia,COP,N/A,NACIONAL,R VARIABLE,VARIABLE,R VARIABLE
CORH5PT00490,Fondo de Capital Privado Colombia,COP,N/A,NACIONAL,R VARIABLE,VARIABLE,R VARIABLE
CORI5PT00382,Fondo de Capital Privado Colombia,COP,N/A,NACIONAL,R VARIABLE,VARIABLE,R VARIABLE
CORI5PT00390,Fondo de Capital Privado Colombia,COP,N/A,NACIONAL,R VARIABLE,VARIABLE,R VARIABLE
CORI5PT00408,Fondo de Capital Privado Colombia,COP,N/A,NACIONAL,R VARIABLE,VARIABLE,R VARIABLE
CORI5PT00416,Fondo de Capital Privado Colombia,COP,N/A,NACIONAL,R VARIABLE,VARIABLE,R VARIABLE
CORI5PT00424,Fondo de Capital Privado Colombia,COP,N/A,NACIONAL,R VARIABLE,VARIABLE,R VARIABLE
CORI5PT00432,Fondo de Capital Privado Colombia,COP,N/A,NACIONAL,R VARIABLE,VARIABLE,R VARIABLE
CORI5PT00440,Fondo de Capital Privado Colombia,COP,N/A,NACIONAL,R VARIABLE,VARIABLE,R VARIABLE
CORI5PT00457,Fondo de Capital Privado Colombia,COP,N/A,NACIONAL,R VARIABLE,VARIABLE,R VARIABLE
CORI5PT00465,Fondo de Capital Privado Colombia,COP,N/A,NACIONAL,R VARIABLE,VARIABLE,R VARIABLE
CORI5PT00473,Fondo de Capital Privado Colombia,COP,N/A,NACIONAL,R VARIABLE,VARIABLE,R VARIABLE
CORI5PT00481,Fondo de Capital Privado Colombia,COP,N/A,NACIONAL,R VARIABLE,VARIABLE,R VARIABLE
CORI5PT00499,Fondo de Capital Privado Colombia,COP,N/A,NACIONAL,R VARIABLE,VARIABLE,R VARIABLE
CORI5PT00507,Fondo de Capital Privado Colombia,COP,N/A,NACIONAL,R VARIABLE,VARIABLE,R VARIABLE
GB00B4YXVT80,Fondo Mutuo o Fondo Indice,USD,N/A,INTERNACIONAL,R VARIABLE,VARIABLE,R VARIABLE
LU1429558577,Fondo Mutuo o Fondo Indice,USD,N/A,INTERNACIONAL,R VARIABLE,VARIABLE,R VARIABLE
CTEEP,Acciones Colombia,BRL,N/A,NACIONAL,R VARIABLE,VARIABLE,R VARIABLE
US05971V2A26,EM CORPORATIVOS,USD,TASA FIJA,INTERNACIONAL,R FIJA,TASA FIJA,R FIJA
BGMA1188E002,Variable-CORPORATIVO LOCAL,COP,IBR,NACIONAL,R FIJA,VARIABLE,R FIJA
COR8BPT00011,Titularización Inmobiliaria,COP,N/A,NACIONAL,R VARIABLE,VARIABLE,R VARIABLE
CDTTYA90P,Inflacion-CORPORATIVO LOCAL,COP,IPC,NACIONAL,R FIJA,INFLACIÓN,R FIJA
INSIGHT CAPITAL PARTNERS,Fondo de Capital Privado,USD,N/A,INTERNACIONAL,R VARIABLE,VARIABLE,R VARIABLE
TUVT10180429,Inflacion-TES,UVR,TASA FIJA,NACIONAL,R FIJA,INFLACIÓN,R FIJA
CDFDTS0V,CORPORATIVO LOCAL,COP,TASA FIJA,NACIONAL,R FIJA,TASA FIJA,R FIJA
GB0006014921,Fondo Mutuo o Fondo Indice,GBP,N/A,INTERNACIONAL,R VARIABLE,VARIABLE,R VARIABLE
BEEP3209C007,Inflacion-CORPORATIVO LOCAL,COP,IPC,NACIONAL,R FIJA,INFLACIÓN,R FIJA
IE00BD6HM324,Fondo Mutuo o Fondo Indice,JPY,N/A,INTERNACIONAL,R VARIABLE,VARIABLE,R VARIABLE
US279158AN94,EM CORPORATIVOS,USD,TASA FIJA,INTERNACIONAL,R FIJA,TASA FIJA,R FIJA
FED5 FCP INSIGHT XI,Fondo de Capital Privado,USD,N/A,INTERNACIONAL,R VARIABLE,VARIABLE,R VARIABLE
COR97PT00109,Fondo de Capital Privado Colombia,COP,N/A,NACIONAL,R VARIABLE,VARIABLE,R VARIABLE
CORH7PT00355,Fondo de Capital Privado Colombia,COP,N/A,NACIONAL,R VARIABLE,VARIABLE,R VARIABLE
CORM3PT00571,Fondo de Capital Privado Colombia,COP,N/A,NACIONAL,R VARIABLE,VARIABLE,R VARIABLE
COR7LPT00053,Fondo de Capital Privado Colombia,COP,N/A,NACIONAL,R VARIABLE,VARIABLE,R VARIABLE
US912828Z948,TREASURIES-MULTILATERALES-AGENCIAS,USD,TASA FIJA,INTERNACIONAL,R FIJA,TASA FIJA,R FIJA
COR20PT02198,Fondo de Capital Privado Colombia,COP,N/A,NACIONAL,R VARIABLE,VARIABLE,R VARIABLE
COR20PT02206,Fondo de Capital Privado Colombia,COP,N/A,NACIONAL,R VARIABLE,VARIABLE,R VARIABLE
COR20PT02214,Fondo de Capital Privado Colombia,COP,N/A,NACIONAL,R VARIABLE,VARIABLE,R VARIABLE
COR20PT02222,Fondo de Capital Privado Colombia,COP,N/A,NACIONAL,R VARIABLE,VARIABLE,R VARIABLE
COR20PT02180,Fondo de Capital Privado Colombia,COP,N/A,NACIONAL,R VARIABLE,VARIABLE,R VARIABLE
COR20PT02289,Fondo de Capital Privado Colombia,COP,N/A,NACIONAL,R VARIABLE,VARIABLE,R VARIABLE
DE0005933931,Fondo Mutuo o Fondo Indice,EUR,N/A,INTERNACIONAL,R VARIABLE,VARIABLE,R VARIABLE
LU0629158030,Fondo Mutuo o Fondo Indice,USD,N/A,INTERNACIONAL,R VARIABLE,VARIABLE,R VARIABLE
LU0191250769,Fondo Mutuo o Fondo Indice,EUR,N/A,INTERNACIONAL,R VARIABLE,VARIABLE,R VARIABLE
BBPO419SB036,CORPORATIVO LOCAL,COP,TASA FIJA,NACIONAL,R FIJA,TASA FIJA,R FIJA
COR9QPT00470,Fondo de Capital Privado Colombia,COP,N/A,NACIONAL,R VARIABLE,VARIABLE,R VARIABLE
COR6NPT00044,Fondo de Capital Privado Colombia,COP,N/A,NACIONAL,R VARIABLE,VARIABLE,R VARIABLE
COR5LPT00123,Fondo de Capital Privado Colombia,COP,N/A,NACIONAL,R VARIABLE,VARIABLE,R VARIABLE
CORH4PT00386,Fondo de Capital Privado Colombia,COP,N/A,NACIONAL,R VARIABLE,VARIABLE,R VARIABLE
CORH4PT00329,Fondo de Capital Privado Colombia,COP,N/A,NACIONAL,R VARIABLE,VARIABLE,R VARIABLE
CORH4PT00378,Fondo de Capital Privado Colombia,COP,N/A,NACIONAL,R VARIABLE,VARIABLE,R VARIABLE
CORH4PT00295,Fondo de Capital Privado Colombia,COP,N/A,NACIONAL,R VARIABLE,VARIABLE,R VARIABLE
CORH4PT00311,Fondo de Capital Privado Colombia,COP,N/A,NACIONAL,R VARIABLE,VARIABLE,R VARIABLE
CORH4PT00287,Fondo de Capital Privado Colombia,COP,N/A,NACIONAL,R VARIABLE,VARIABLE,R VARIABLE
CORH4PT00337,Fondo de Capital Privado Colombia,COP,N/A,NACIONAL,R VARIABLE,VARIABLE,R VARIABLE
CORH4PT00345,Fondo de Capital Privado Colombia,COP,N/A,NACIONAL,R VARIABLE,VARIABLE,R VARIABLE
CORH4PT00352,Fondo de Capital Privado Colombia,COP,N/A,NACIONAL,R VARIABLE,VARIABLE,R VARIABLE
CORH4PT00279,Fondo de Capital Privado Colombia,COP,N/A,NACIONAL,R VARIABLE,VARIABLE,R VARIABLE
CORH4PT00360,Fondo de Capital Privado Colombia,COP,N/A,NACIONAL,R VARIABLE,VARIABLE,R VARIABLE
CORH4PT00303,Fondo de Capital Privado Colombia,COP,N/A,NACIONAL,R VARIABLE,VARIABLE,R VARIABLE
US195325AL92,EM BONDS,USD,TASA FIJA,INTERNACIONAL,R FIJA,TASA FIJA,R FIJA
CORA5PT00620,Fondo de Capital Privado Colombia,COP,N/A,NACIONAL,R VARIABLE,VARIABLE,R VARIABLE
CORA5PT00661,Fondo de Capital Privado Colombia,COP,N/A,NACIONAL,R VARIABLE,VARIABLE,R VARIABLE
CORA5PT00679,Fondo de Capital Privado Colombia,COP,N/A,NACIONAL,R VARIABLE,VARIABLE,R VARIABLE
CORA5PT00687,Fondo de Capital Privado Colombia,COP,N/A,NACIONAL,R VARIABLE,VARIABLE,R VARIABLE
CORA5PT00695,Fondo de Capital Privado Colombia,COP,N/A,NACIONAL,R VARIABLE,VARIABLE,R VARIABLE
CORA5PT00703,Fondo de Capital Privado Colombia,COP,N/A,NACIONAL,R VARIABLE,VARIABLE,R VARIABLE
CORA5PT00711,Fondo de Capital Privado Colombia,COP,N/A,NACIONAL,R VARIABLE,VARIABLE,R VARIABLE
CORA5PT00729,Fondo de Capital Privado Colombia,COP,N/A,NACIONAL,R VARIABLE,VARIABLE,R VARIABLE
CORA5PT00737,Fondo de Capital Privado Colombia,COP,N/A,NACIONAL,R VARIABLE,VARIABLE,R VARIABLE
CORA5PT00521,Fondo de Capital Privado Colombia,COP,N/A,NACIONAL,R VARIABLE,VARIABLE,R VARIABLE
CORA5PT00539,Fondo de Capital Privado Colombia,COP,N/A,NACIONAL,R VARIABLE,VARIABLE,R VARIABLE
CORA5PT00547,Fondo de Capital Privado Colombia,COP,N/A,NACIONAL,R VARIABLE,VARIABLE,R VARIABLE
CORA5PT00562,Fondo de Capital Privado Colombia,COP,N/A,NACIONAL,R VARIABLE,VARIABLE,R VARIABLE
CORA5PT00570,Fondo de Capital Privado Colombia,COP,N/A,NACIONAL,R VARIABLE,VARIABLE,R VARIABLE
CORA5PT00588,Fondo de Capital Privado Colombia,COP,N/A,NACIONAL,R VARIABLE,VARIABLE,R VARIABLE
CORA5PT00612,Fondo de Capital Privado Colombia,COP,N/A,NACIONAL,R VARIABLE,VARIABLE,R VARIABLE
CORA5PT00653,Fondo de Capital Privado Colombia,COP,N/A,NACIONAL,R VARIABLE,VARIABLE,R VARIABLE
CORH6PT00191,Fondo de Capital Privado Colombia,COP,N/A,NACIONAL,R VARIABLE,VARIABLE,R VARIABLE
CORH6PT00209,Fondo de Capital Privado Colombia,COP,N/A,NACIONAL,R VARIABLE,VARIABLE,R VARIABLE
CORH6PT00217,Fondo de Capital Privado Colombia,COP,N/A,NACIONAL,R VARIABLE,VARIABLE,R VARIABLE
CORH6PT00225,Fondo de Capital Privado Colombia,COP,N/A,NACIONAL,R VARIABLE,VARIABLE,R VARIABLE
CORH6PT00233,Fondo de Capital Privado Colombia,COP,N/A,NACIONAL,R VARIABLE,VARIABLE,R VARIABLE
CORH6PT00241,Fondo de Capital Privado Colombia,COP,N/A,NACIONAL,R VARIABLE,VARIABLE,R VARIABLE
CORH6PT00258,Fondo de Capital Privado Colombia,COP,N/A,NACIONAL,R VARIABLE,VARIABLE,R VARIABLE
CORH6PT00266,Fondo de Capital Privado Colombia,COP,N/A,NACIONAL,R VARIABLE,VARIABLE,R VARIABLE
CORH6PT00274,Fondo de Capital Privado Colombia,COP,N/A,NACIONAL,R VARIABLE,VARIABLE,R VARIABLE
COL17CT03656,TF TES,COP,TASA FIJA,NACIONAL,R FIJA,TASA FIJA,R FIJA
COR9BPT00993,Fondo de Capital Privado Colombia,COP,N/A,NACIONAL,R VARIABLE,VARIABLE,R VARIABLE
LU1428951294,Fondo Mutuo o Fondo Indice,USD,N/A,INTERNACIONAL,R VARIABLE,VARIABLE,R VARIABLE
LU0130376550,Fondo Mutuo o Fondo Indice,USD,N/A,INTERNACIONAL,R VARIABLE,VARIABLE,R VARIABLE
COR5LPT00131,Fondo de Capital Privado Colombia,COP,N/A,NACIONAL,R VARIABLE,VARIABLE,R VARIABLE
COR20PT02172,Fondo de Capital Privado Colombia,COP,N/A,NACIONAL,R VARIABLE,VARIABLE,R VARIABLE
FCP COLLER INTERNATIONAL PARTNERS VIII,Fondo de Capital Privado,USD,N/A,INTERNACIONAL,R VARIABLE,VARIABLE,R VARIABLE
USP4R53VAA13,EM CORPORATIVOS,USD,TASA FIJA,INTERNACIONAL,R FIJA,TASA FIJA,R FIJA
BBTA8207O020,Inflacion-CORPORATIVO LOCAL,COP,IPC,NACIONAL,R FIJA,INFLACIÓN,R FIJA
BBTA8209D010,Inflacion-CORPORATIVO LOCAL,COP,IPC,NACIONAL,R FIJA,INFLACIÓN,R FIJA
LU0891474172,HIGH YIELD,USD,TASA FIJA,INTERNACIONAL,R FIJA,HIGH YIELD,R FIJA
LU0468140883,HIGH YIELD,USD,TASA FIJA,INTERNACIONAL,R FIJA,HIGH YIELD,R FIJA
LU0398248921,HIGH YIELD,USD,TASA FIJA,INTERNACIONAL,R FIJA,HIGH YIELD,R FIJA
CORM3PT00589,Fondo de Capital Privado Colombia,COP,N/A,NACIONAL,R VARIABLE,VARIABLE,R VARIABLE
COR7NPT00034,Fondo de Capital Privado Colombia,COP,N/A,NACIONAL,R VARIABLE,VARIABLE,R VARIABLE
USP9379RBD81,TES GLOBAL,COP,TASA FIJA,NACIONAL,R FIJA,TASA FIJA,R FIJA
BCO01901020A,CORPORATIVO LOCAL,USD,TASA FIJA,NACIONAL,R FIJA,TASA FIJA,R FIJA
BCO03450722A,EM CORPORATIVOS,USD,TASA FIJA,INTERNACIONAL,R FIJA,TASA FIJA,R FIJA
CDTJPMS0V,CORPORATIVO LOCAL,COP,TASA FIJA,NACIONAL,R FIJA,TASA FIJA,R FIJA
COR5LPT00149,Fondo de Capital Privado Colombia,COP,N/A,NACIONAL,R VARIABLE,VARIABLE,R VARIABLE
CORH2PT00257,Fondo de Capital Privado Colombia,COP,N/A,NACIONAL,R VARIABLE,VARIABLE,R VARIABLE
LU1997245763,Fondo Mutuo o Fondo Indice,USD,N/A,INTERNACIONAL,R VARIABLE,VARIABLE,R VARIABLE
GB00B0119487,Fondo Mutuo o Fondo Indice,GBP,N/A,INTERNACIONAL,R VARIABLE,VARIABLE,R VARIABLE
LU0426422076,Fondo Mutuo o Fondo Indice,USD,N/A,INTERNACIONAL,R VARIABLE,VARIABLE,R VARIABLE
US195325DT91,EM BONDS,USD,TASA FIJA,INTERNACIONAL,R FIJA,TASA FIJA,R FIJA
US195325DS19,EM BONDS,USD,TASA FIJA,INTERNACIONAL,R FIJA,TASA FIJA,R FIJA
BGEB1207E025,Inflacion-CORPORATIVO LOCAL,UVR,IPC,NACIONAL,R FIJA,INFLACIÓN,R FIJA
US91086QAS75,EM BONDS,MXN,TASA FIJA,INTERNACIONAL,R FIJA,TASA FIJA,R FIJA
CDTGAS0V,CORPORATIVO LOCAL,COP,TASA FIJA,NACIONAL,R FIJA,TASA FIJA,R FIJA
LU2031319333,HIGH YIELD,USD,TASA FIJA,INTERNACIONAL,R FIJA,HIGH YIELD,R FIJA
BGEB1209C007,Inflacion-CORPORATIVO LOCAL,COP,IPC,NACIONAL,R FIJA,INFLACIÓN,R FIJA
US912810SN90,TREASURIES-MULTILATERALES-AGENCIAS,USD,TASA FIJA,INTERNACIONAL,R FIJA,TASA FIJA,R FIJA
LU0276015889,HIGH YIELD,USD,TASA FIJA,INTERNACIONAL,R FIJA,HIGH YIELD,R FIJA
GB0006061963,Fondo Mutuo o Fondo Indice,GBP,N/A,INTERNACIONAL,R VARIABLE,VARIABLE,R VARIABLE
FEP5 FCP ENERGETICO ANDINO C,Fondo de Capital Privado Colombia,COP,N/A,NACIONAL,R VARIABLE,VARIABLE,R VARIABLE
FEP5 FCP ENERGETICO ANDINO A,Fondo de Capital Privado Colombia,COP,N/A,NACIONAL,R VARIABLE,VARIABLE,R VARIABLE
COR9BPT01009,Fondo de Capital Privado Colombia,COP,N/A,NACIONAL,R VARIABLE,VARIABLE,R VARIABLE
CORM3PT00597,Fondo de Capital Privado Colombia,COP,N/A,NACIONAL,R VARIABLE,VARIABLE,R VARIABLE
CDTBCXS0V,CORPORATIVO LOCAL,COP,TASA FIJA,NACIONAL,R FIJA,TASA FIJA,R FIJA
COR7LPT00061,Fondo de Capital Privado Colombia,COP,N/A,NACIONAL,R VARIABLE,VARIABLE,R VARIABLE
BCO01901020B,CORPORATIVO LOCAL,USD,TASA FIJA,NACIONAL,R FIJA,TASA FIJA,R FIJA
US46432F3881,Fondo Mutuo o Fondo Indice,USD,N/A,INTERNACIONAL,R VARIABLE,VARIABLE,R VARIABLE
US97717X5784,Fondo Mutuo o Fondo Indice,USD,N/A,INTERNACIONAL,R VARIABLE,VARIABLE,R VARIABLE
IE00BD065N65,Fondo Mutuo o Fondo Indice,USD,N/A,INTERNACIONAL,R VARIABLE,VARIABLE,R VARIABLE
IE00BYT1GJ24,Fondo Mutuo o Fondo Indice,USD,N/A,INTERNACIONAL,R VARIABLE,VARIABLE,R VARIABLE
SKEQJFMFIC01,VISTA,COP,N/A,NACIONAL,CAJA,TASA FIJA,R FIJA
CORA5PT00604,Fondo de Capital Privado Colombia,COP,N/A,NACIONAL,R VARIABLE,VARIABLE,R VARIABLE
COR9QPT00488,Fondo de Capital Privado Colombia,COP,N/A,NACIONAL,R VARIABLE,VARIABLE,R VARIABLE
CORB0PT00315,Fondo de Capital Privado Colombia,COP,N/A,NACIONAL,R VARIABLE,VARIABLE,R VARIABLE
CORB0PT00331,Fondo de Capital Privado Colombia,COP,N/A,NACIONAL,R VARIABLE,VARIABLE,R VARIABLE
CORB0PT00356,Fondo de Capital Privado Colombia,COP,N/A,NACIONAL,R VARIABLE,VARIABLE,R VARIABLE
CORB0PT00307,Fondo de Capital Privado Colombia,COP,N/A,NACIONAL,R VARIABLE,VARIABLE,R VARIABLE
CORB0PT00323,Fondo de Capital Privado Colombia,COP,N/A,NACIONAL,R VARIABLE,VARIABLE,R VARIABLE
CORB0PT00349,Fondo de Capital Privado Colombia,COP,N/A,NACIONAL,R VARIABLE,VARIABLE,R VARIABLE
LU1458492250,MONEY MARKET,USD,N/A,INTERNACIONAL,CAJA,VARIABLE,CAJA
USP7358RAD81,EM CORPORATIVOS,USD,TASA FIJA,INTERNACIONAL,R FIJA,TASA FIJA,R FIJA
USP9379RBC09,EM CORPORATIVOS,USD,TASA FIJA,INTERNACIONAL,R FIJA,TASA FIJA,R FIJA
US9127962H15,TREASURIES-MULTILATERALES-AGENCIAS,USD,TASA FIJA,INTERNACIONAL,R FIJA,TASA FIJA,R FIJA
US912828XL95,TREASURIES-MULTILATERALES-AGENCIAS,USD,TASA FIJA,INTERNACIONAL,R FIJA,TASA FIJA,R FIJA
BSIS3209C012,Inflacion-CORPORATIVO LOCAL,COP,IPC,NACIONAL,R FIJA,INFLACIÓN,R FIJA
BSIS3209C007,Inflacion-CORPORATIVO LOCAL,COP,IPC,NACIONAL,R FIJA,INFLACIÓN,R FIJA
BVISA120SA09,CORPORATIVO LOCAL,COP,TASA FIJA,NACIONAL,R FIJA,TASA FIJA,R FIJA
TCO364090920,TF TES,COP,TASA FIJA,NACIONAL,R FIJA,TASA FIJA,R FIJA
BBOC1209B144,Inflacion-CORPORATIVO LOCAL,COP,IPC,NACIONAL,R FIJA,INFLACIÓN,R FIJA
BCOS120SE004,CORPORATIVO LOCAL,COP,TASA FIJA,NACIONAL,R FIJA,TASA FIJA,R FIJA
FEP5 FCP FINTRA,Fondo de Capital Privado Colombia,COP,N/A,NACIONAL,R VARIABLE,VARIABLE,R VARIABLE
COR9FPT00044,Fondo de Capital Privado Colombia,COP,N/A,NACIONAL,R VARIABLE,VARIABLE,R VARIABLE
BCO01600921B,EM CORPORATIVOS,USD,TASA FIJA,INTERNACIONAL,R FIJA,TASA FIJA,R FIJA
BVISA1207G20,Inflacion-CORPORATIVO LOCAL,UVR,TASA FIJA,NACIONAL,R FIJA,INFLACIÓN,R FIJA
SIGC260245,Inflacion-CORPORATIVO LOCAL,UVR,TASA FIJA,NACIONAL,R FIJA,INFLACIÓN,R FIJA
BISG420SA008,CORPORATIVO LOCAL,COP,TASA FIJA,NACIONAL,R FIJA,TASA FIJA,R FIJA
BISG4209C025,Inflacion-CORPORATIVO LOCAL,COP,IPC,NACIONAL,R FIJA,INFLACIÓN,R FIJA
BSIS3209C020,Inflacion-CORPORATIVO LOCAL,COP,IPC,NACIONAL,R FIJA,INFLACIÓN,R FIJA
BBPO419SB060,CORPORATIVO LOCAL,COP,TASA FIJA,NACIONAL,R FIJA,TASA FIJA,R FIJA
BSBCX2188D36,CORPORATIVO LOCAL,COP,IBR,NACIONAL,R FIJA,TASA FIJA,R FIJA
US912810SP49,TREASURIES-MULTILATERALES-AGENCIAS,USD,TASA FIJA,INTERNACIONAL,R FIJA,TASA FIJA,R FIJA
US912828ZQ64,TREASURIES-MULTILATERALES-AGENCIAS,USD,TASA FIJA,INTERNACIONAL,R FIJA,TASA FIJA,R FIJA
TCO364090321,TF TES,COP,TASA FIJA,NACIONAL,R FIJA,TASA FIJA,R FIJA
TCO364091220,TF TES,COP,TASA FIJA,NACIONAL,R FIJA,TASA FIJA,R FIJA
CORM3PT00605,Fondo de Capital Privado Colombia,COP,N/A,NACIONAL,R VARIABLE,VARIABLE,R VARIABLE
TFIT31261050,TF TES,COP,TASA FIJA,NACIONAL,R FIJA,TASA FIJA,R FIJA
COR28PT00179,Fondo de Capital Privado Colombia,COP,N/A,NACIONAL,R VARIABLE,VARIABLE,R VARIABLE
BVBBO120SE05,CORPORATIVO LOCAL,COP,TASA FIJA,NACIONAL,R FIJA,TASA FIJA,R FIJA
BFDN1209B010,Inflacion-CORPORATIVO LOCAL,COP,IPC,NACIONAL,R FIJA,INFLACIÓN,R FIJA
COR7NPT00042,Fondo de Capital Privado Colombia,COP,N/A,NACIONAL,R VARIABLE,VARIABLE,R VARIABLE
COR7LPT00079,Fondo de Capital Privado Colombia,COP,N/A,NACIONAL,R VARIABLE,VARIABLE,R VARIABLE
US81369Y8527,Fondo Mutuo o Fondo Indice,USD,N/A,INTERNACIONAL,R VARIABLE,VARIABLE,R VARIABLE
BITU920SA060,CORPORATIVO LOCAL,COP,TASA FIJA,NACIONAL,R FIJA,TASA FIJA,R FIJA
CORJ7PT00023,Fondo de Capital Privado Colombia,COP,N/A,NACIONAL,R VARIABLE,VARIABLE,R VARIABLE
COR5LPT00164,Fondo de Capital Privado Colombia,COP,N/A,NACIONAL,R VARIABLE,VARIABLE,R VARIABLE
COR5LPT00156,Fondo de Capital Privado Colombia,COP,N/A,NACIONAL,R VARIABLE,VARIABLE,R VARIABLE
COR9QPT00496,Fondo de Capital Privado Colombia,COP,N/A,NACIONAL,R VARIABLE,VARIABLE,R VARIABLE
BLACKSTONE GROWTH LP,Fondo de Capital Privado,USD,N/A,INTERNACIONAL,R VARIABLE,VARIABLE,R VARIABLE
CORI8PT00147,Fondo de Capital Privado Colombia,COP,N/A,NACIONAL,R VARIABLE,VARIABLE,R VARIABLE
CORI8PT00139,Fondo de Capital Privado Colombia,COP,N/A,NACIONAL,R VARIABLE,VARIABLE,R VARIABLE
CORI8PT00154,Fondo de Capital Privado Colombia,COP,N/A,NACIONAL,R VARIABLE,VARIABLE,R VARIABLE
CORI8PT00121,Fondo de Capital Privado Colombia,COP,N/A,NACIONAL,R VARIABLE,VARIABLE,R VARIABLE
CORI8PT00113,Fondo de Capital Privado Colombia,COP,N/A,NACIONAL,R VARIABLE,VARIABLE,R VARIABLE
US46432F3964,Fondo Mutuo o Fondo Indice,USD,N/A,INTERNACIONAL,R VARIABLE,VARIABLE,R VARIABLE
US46432F3709,Fondo Mutuo o Fondo Indice,USD,N/A,INTERNACIONAL,R VARIABLE,VARIABLE,R VARIABLE
LU0943624824,Fondo Mutuo o Fondo Indice,USD,N/A,INTERNACIONAL,R VARIABLE,VARIABLE,R VARIABLE
USP7922TAB54,EM CORPORATIVOS,USD,TASA FIJA,INTERNACIONAL,R FIJA,TASA FIJA,R FIJA
FEP5 FCP I CREDICORP CAP REAL,Titularización Inmobiliaria,COP,N/A,NACIONAL,R VARIABLE,VARIABLE,R VARIABLE
BGB01207E025,Inflacion-CORPORATIVO LOCAL,UVR,TASA FIJA,NACIONAL,R FIJA,INFLACIÓN,R FIJA
BGB01209A010,Inflacion-CORPORATIVO LOCAL,COP,IPC,NACIONAL,R FIJA,INFLACIÓN,R FIJA
BARG3209C007,Inflacion-CORPORATIVO LOCAL,COP,IPC,NACIONAL,R FIJA,INFLACIÓN,R FIJA
COR39PT00499,Fondo de Capital Privado Colombia,COP,N/A,NACIONAL,R VARIABLE,VARIABLE,R VARIABLE
COR39PT00507,Fondo de Capital Privado Colombia,COP,N/A,NACIONAL,R VARIABLE,VARIABLE,R VARIABLE
COR39PT00515,Fondo de Capital Privado Colombia,COP,N/A,NACIONAL,R VARIABLE,VARIABLE,R VARIABLE
COR39PT00523,Fondo de Capital Privado Colombia,COP,N/A,NACIONAL,R VARIABLE,VARIABLE,R VARIABLE
COR39PT00531,Fondo de Capital Privado Colombia,COP,N/A,NACIONAL,R VARIABLE,VARIABLE,R VARIABLE
COR39PT00549,Fondo de Capital Privado Colombia,COP,N/A,NACIONAL,R VARIABLE,VARIABLE,R VARIABLE
COR39PT00556,Fondo de Capital Privado Colombia,COP,N/A,NACIONAL,R VARIABLE,VARIABLE,R VARIABLE
COR39PT00564,Fondo de Capital Privado Colombia,COP,N/A,NACIONAL,R VARIABLE,VARIABLE,R VARIABLE
COR39PT00572,Fondo de Capital Privado Colombia,COP,N/A,NACIONAL,R VARIABLE,VARIABLE,R VARIABLE
COR39PT00580,Fondo de Capital Privado Colombia,COP,N/A,NACIONAL,R VARIABLE,VARIABLE,R VARIABLE
COR39PT00598,Fondo de Capital Privado Colombia,COP,N/A,NACIONAL,R VARIABLE,VARIABLE,R VARIABLE
COR39PT00606,Fondo de Capital Privado Colombia,COP,N/A,NACIONAL,R VARIABLE,VARIABLE,R VARIABLE
COR39PT00614,Fondo de Capital Privado Colombia,COP,N/A,NACIONAL,R VARIABLE,VARIABLE,R VARIABLE
COR39PT00622,Fondo de Capital Privado Colombia,COP,N/A,NACIONAL,R VARIABLE,VARIABLE,R VARIABLE
COR39PT00630,Fondo de Capital Privado Colombia,COP,N/A,NACIONAL,R VARIABLE,VARIABLE,R VARIABLE
COR39PT00648,Fondo de Capital Privado Colombia,COP,N/A,NACIONAL,R VARIABLE,VARIABLE,R VARIABLE
CORG6PT00580,Fondo de Capital Privado Colombia,COP,N/A,NACIONAL,R VARIABLE,VARIABLE,R VARIABLE
CORG6PT00598,Fondo de Capital Privado Colombia,COP,N/A,NACIONAL,R VARIABLE,VARIABLE,R VARIABLE
CORG6PT00606,Fondo de Capital Privado Colombia,COP,N/A,NACIONAL,R VARIABLE,VARIABLE,R VARIABLE
CORG6PT00614,Fondo de Capital Privado Colombia,COP,N/A,NACIONAL,R VARIABLE,VARIABLE,R VARIABLE
CORG6PT00622,Fondo de Capital Privado Colombia,COP,N/A,NACIONAL,R VARIABLE,VARIABLE,R VARIABLE
CORG6PT00630,Fondo de Capital Privado Colombia,COP,N/A,NACIONAL,R VARIABLE,VARIABLE,R VARIABLE
CORG6PT00648,Fondo de Capital Privado Colombia,COP,N/A,NACIONAL,R VARIABLE,VARIABLE,R VARIABLE
CORG6PT00655,Fondo de Capital Privado Colombia,COP,N/A,NACIONAL,R VARIABLE,VARIABLE,R VARIABLE
CORG6PT00663,Fondo de Capital Privado Colombia,COP,N/A,NACIONAL,R VARIABLE,VARIABLE,R VARIABLE
CORG6PT00671,Fondo de Capital Privado Colombia,COP,N/A,NACIONAL,R VARIABLE,VARIABLE,R VARIABLE
CORG6PT00689,Fondo de Capital Privado Colombia,COP,N/A,NACIONAL,R VARIABLE,VARIABLE,R VARIABLE
CORG6PT00697,Fondo de Capital Privado Colombia,COP,N/A,NACIONAL,R VARIABLE,VARIABLE,R VARIABLE
CORG6PT00705,Fondo de Capital Privado Colombia,COP,N/A,NACIONAL,R VARIABLE,VARIABLE,R VARIABLE
COR20PT02404,Fondo de Capital Privado Colombia,COP,N/A,NACIONAL,R VARIABLE,VARIABLE,R VARIABLE
COR20PT02347,Fondo de Capital Privado Colombia,COP,N/A,NACIONAL,R VARIABLE,VARIABLE,R VARIABLE
COR20PT02339,Fondo de Capital Privado Colombia,COP,N/A,NACIONAL,R VARIABLE,VARIABLE,R VARIABLE
COR20PT02321,Fondo de Capital Privado Colombia,COP,N/A,NACIONAL,R VARIABLE,VARIABLE,R VARIABLE
COR20PT02313,Fondo de Capital Privado Colombia,COP,N/A,NACIONAL,R VARIABLE,VARIABLE,R VARIABLE
COR20PT02305,Fondo de Capital Privado Colombia,COP,N/A,NACIONAL,R VARIABLE,VARIABLE,R VARIABLE
COR20PT02396,Fondo de Capital Privado Colombia,COP,N/A,NACIONAL,R VARIABLE,VARIABLE,R VARIABLE
COR20PT02388,Fondo de Capital Privado Colombia,COP,N/A,NACIONAL,R VARIABLE,VARIABLE,R VARIABLE
COR20PT02370,Fondo de Capital Privado Colombia,COP,N/A,NACIONAL,R VARIABLE,VARIABLE,R VARIABLE
COR20PT02362,Fondo de Capital Privado Colombia,COP,N/A,NACIONAL,R VARIABLE,VARIABLE,R VARIABLE
COR20PT02354,Fondo de Capital Privado Colombia,COP,N/A,NACIONAL,R VARIABLE,VARIABLE,R VARIABLE
COR20PT02297,Fondo de Capital Privado Colombia,COP,N/A,NACIONAL,R VARIABLE,VARIABLE,R VARIABLE
XS2252951400,Notas estructuradas,COP,TASA FIJA,NACIONAL,Notas estructuradas,TASA FIJA,NOTAS ESTRUCTURADAS
BCO00800521A,EM CORPORATIVOS,USD,TASA FIJA,INTERNACIONAL,R FIJA,TASA FIJA,R FIJA
BGBO1207E025,Inflacion-CORPORATIVO LOCAL,UVR,TASA FIJA,NACIONAL,R FIJA,INFLACIÓN,R FIJA
BGBO1209A010,Inflacion-CORPORATIVO LOCAL,COP,IPC,NACIONAL,R FIJA,INFLACIÓN,R FIJA
BFDN1209B005,Inflacion-CORPORATIVO LOCAL,COP,IPC,NACIONAL,R FIJA,INFLACIÓN,R FIJA
BFDN1207F015,Inflacion-CORPORATIVO LOCAL,UVR,TASA FIJA,NACIONAL,R FIJA,INFLACIÓN,R FIJA
CDTCFC95,Inflacion-CORPORATIVO LOCAL,COP,IPC,NACIONAL,R FIJA,INFLACIÓN,R FIJA
US97717X7194,Fondo Mutuo o Fondo Indice,USD,N/A,INTERNACIONAL,R VARIABLE,VARIABLE,R VARIABLE
XS2184391287,Notas estructuradas,MXN,TASA FIJA,NACIONAL,Notas estructuradas,TASA FIJA,NOTAS ESTRUCTURADAS
COR9QPT00793,Fondo de Capital Privado Colombia,COP,N/A,NACIONAL,R VARIABLE,VARIABLE,R VARIABLE
COR9QPT00710,Fondo de Capital Privado Colombia,COP,N/A,NACIONAL,R VARIABLE,VARIABLE,R VARIABLE
COR9QPT00843,Fondo de Capital Privado Colombia,COP,N/A,NACIONAL,R VARIABLE,VARIABLE,R VARIABLE
COR9QPT00611,Fondo de Capital Privado Colombia,COP,N/A,NACIONAL,R VARIABLE,VARIABLE,R VARIABLE
COR9QPT00595,Fondo de Capital Privado Colombia,COP,N/A,NACIONAL,R VARIABLE,VARIABLE,R VARIABLE
COR9QPT00769,Fondo de Capital Privado Colombia,COP,N/A,NACIONAL,R VARIABLE,VARIABLE,R VARIABLE
COR9QPT00660,Fondo de Capital Privado Colombia,COP,N/A,NACIONAL,R VARIABLE,VARIABLE,R VARIABLE
COR9QPT00850,Fondo de Capital Privado Colombia,COP,N/A,NACIONAL,R VARIABLE,VARIABLE,R VARIABLE
COR9QPT00678,Fondo de Capital Privado Colombia,COP,N/A,NACIONAL,R VARIABLE,VARIABLE,R VARIABLE
COR9QPT00827,Fondo de Capital Privado Colombia,COP,N/A,NACIONAL,R VARIABLE,VARIABLE,R VARIABLE
COR9QPT00603,Fondo de Capital Privado Colombia,COP,N/A,NACIONAL,R VARIABLE,VARIABLE,R VARIABLE
COR9QPT00694,Fondo de Capital Privado Colombia,COP,N/A,NACIONAL,R VARIABLE,VARIABLE,R VARIABLE
COR9QPT00637,Fondo de Capital Privado Colombia,COP,N/A,NACIONAL,R VARIABLE,VARIABLE,R VARIABLE
COR9QPT00892,Fondo de Capital Privado Colombia,COP,N/A,NACIONAL,R VARIABLE,VARIABLE,R VARIABLE
COR9QPT00785,Fondo de Capital Privado Colombia,COP,N/A,NACIONAL,R VARIABLE,VARIABLE,R VARIABLE
COR9QPT00546,Fondo de Capital Privado Colombia,COP,N/A,NACIONAL,R VARIABLE,VARIABLE,R VARIABLE
COR9QPT00728,Fondo de Capital Privado Colombia,COP,N/A,NACIONAL,R VARIABLE,VARIABLE,R VARIABLE
COR23PT00402,Fondo de Capital Privado Colombia,COP,N/A,NACIONAL,R VARIABLE,VARIABLE,R VARIABLE
COR9QPT00751,Fondo de Capital Privado Colombia,COP,N/A,NACIONAL,R VARIABLE,VARIABLE,R VARIABLE
COR9QPT00686,Fondo de Capital Privado Colombia,COP,N/A,NACIONAL,R VARIABLE,VARIABLE,R VARIABLE
COR9QPT00587,Fondo de Capital Privado Colombia,COP,N/A,NACIONAL,R VARIABLE,VARIABLE,R VARIABLE
COR9QPT00512,Fondo de Capital Privado Colombia,COP,N/A,NACIONAL,R VARIABLE,VARIABLE,R VARIABLE
COR9QPT00553,Fondo de Capital Privado Colombia,COP,N/A,NACIONAL,R VARIABLE,VARIABLE,R VARIABLE
COR9QPT00819,Fondo de Capital Privado Colombia,COP,N/A,NACIONAL,R VARIABLE,VARIABLE,R VARIABLE
COR9QPT00900,Fondo de Capital Privado Colombia,COP,N/A,NACIONAL,R VARIABLE,VARIABLE,R VARIABLE
COR9QPT00801,Fondo de Capital Privado Colombia,COP,N/A,NACIONAL,R VARIABLE,VARIABLE,R VARIABLE
COR9QPT00579,Fondo de Capital Privado Colombia,COP,N/A,NACIONAL,R VARIABLE,VARIABLE,R VARIABLE
COR9QPT00702,Fondo de Capital Privado Colombia,COP,N/A,NACIONAL,R VARIABLE,VARIABLE,R VARIABLE
COR9QPT00744,Fondo de Capital Privado Colombia,COP,N/A,NACIONAL,R VARIABLE,VARIABLE,R VARIABLE
COR9QPT00629,Fondo de Capital Privado Colombia,COP,N/A,NACIONAL,R VARIABLE,VARIABLE,R VARIABLE
COR9QPT00504,Fondo de Capital Privado Colombia,COP,N/A,NACIONAL,R VARIABLE,VARIABLE,R VARIABLE
COR9QPT00538,Fondo de Capital Privado Colombia,COP,N/A,NACIONAL,R VARIABLE,VARIABLE,R VARIABLE
COR9QPT00561,Fondo de Capital Privado Colombia,COP,N/A,NACIONAL,R VARIABLE,VARIABLE,R VARIABLE
COR9QPT00835,Fondo de Capital Privado Colombia,COP,N/A,NACIONAL,R VARIABLE,VARIABLE,R VARIABLE
COR5LPT00172,Fondo de Capital Privado Colombia,COP,N/A,NACIONAL,R VARIABLE,VARIABLE,R VARIABLE
FONNMOBAL,Fondo de Capital Privado Colombia,COP,N/A,NACIONAL,R VARIABLE,VARIABLE,R VARIABLE
COR9QPT00736,Fondo de Capital Privado Colombia,COP,N/A,NACIONAL,R VARIABLE,VARIABLE,R VARIABLE
COR9QPT00777,Fondo de Capital Privado Colombia,COP,N/A,NACIONAL,R VARIABLE,VARIABLE,R VARIABLE
COR9QPT00884,Fondo de Capital Privado Colombia,COP,N/A,NACIONAL,R VARIABLE,VARIABLE,R VARIABLE
COR9QPT00918,Fondo de Capital Privado Colombia,COP,N/A,NACIONAL,R VARIABLE,VARIABLE,R VARIABLE
COR9QPT00645,Fondo de Capital Privado Colombia,COP,N/A,NACIONAL,R VARIABLE,VARIABLE,R VARIABLE
COR9QPT00520,Fondo de Capital Privado Colombia,COP,N/A,NACIONAL,R VARIABLE,VARIABLE,R VARIABLE
COR9QPT00652,Fondo de Capital Privado Colombia,COP,N/A,NACIONAL,R VARIABLE,VARIABLE,R VARIABLE
COR9QPT00868,Fondo de Capital Privado Colombia,COP,N/A,NACIONAL,R VARIABLE,VARIABLE,R VARIABLE
COR9QPT00876,Fondo de Capital Privado Colombia,COP,N/A,NACIONAL,R VARIABLE,VARIABLE,R VARIABLE
NORTH HAVEN CAPITAL PARTNERS VII LP,Fondo de Capital Privado,USD,N/A,INTERNACIONAL,R VARIABLE,VARIABLE,R VARIABLE
US4642871846,Fondo Mutuo o Fondo Indice,USD,N/A,INTERNACIONAL,R VARIABLE,VARIABLE,R VARIABLE
PARTNERSGROUPDIRECTEQUITY2016,Fondo de Capital Privado,USD,N/A,INTERNACIONAL,R VARIABLE,VARIABLE,R VARIABLE
BLACKSTONECAPITALPARTNERSVIILP,Fondo de Capital Privado,USD,N/A,INTERNACIONAL,R VARIABLE,VARIABLE,R VARIABLE
FCPDOVERSTREETVIIILLC,Fondo de Capital Privado,USD,N/A,INTERNACIONAL,R VARIABLE,VARIABLE,R VARIABLE
FCPPOMONACAPITALVIIILP,Fondo de Capital Privado,USD,N/A,INTERNACIONAL,R VARIABLE,VARIABLE,R VARIABLE
FCPSTEPSTONE IV,Fondo de Capital Privado,USD,N/A,INTERNACIONAL,R VARIABLE,VARIABLE,R VARIABLE
KKRINVESTORSMASTERFUNDLP,Fondo de Capital Privado,USD,N/A,INTERNACIONAL,R VARIABLE,VARIABLE,R VARIABLE
CLAYTONDUBILIER&RICELLC,Fondo de Capital Privado,USD,N/A,INTERNACIONAL,R VARIABLE,VARIABLE,R VARIABLE
FCPHARBOURVESTMEZZANINEFUND,Fondo de Capital Privado,USD,N/A,INTERNACIONAL,R VARIABLE,VARIABLE,R VARIABLE
MORGANSTANLEYINFRASTRUCTUREPARTNERSLP,Fondo de Capital Privado,USD,N/A,INTERNACIONAL,R VARIABLE,VARIABLE,R VARIABLE
RIVERSTONECARLRENEWALTENERFUNDII,Fondo de Capital Privado,USD,N/A,INTERNACIONAL,R VARIABLE,VARIABLE,R VARIABLE
FCPPINEBRIDGESECONDARYPARTNERSIII,Fondo de Capital Privado,USD,N/A,INTERNACIONAL,R VARIABLE,VARIABLE,R VARIABLE
POMONACAPITALSECONDARYCOINVESTMANTFUNDLP,Fondo de Capital Privado,USD,N/A,INTERNACIONAL,R VARIABLE,VARIABLE,R VARIABLE
FCPVISTAEQUITYPARTNERSFUNDVII-ALP,Fondo de Capital Privado,USD,N/A,INTERNACIONAL,R VARIABLE,VARIABLE,R VARIABLE
DOVERSTREETIX,Fondo de Capital Privado,USD,N/A,INTERNACIONAL,R VARIABLE,VARIABLE,R VARIABLE
FCPBLACKSTONECAPITALPARTNERSVI,Fondo de Capital Privado,USD,N/A,INTERNACIONAL,R VARIABLE,VARIABLE,R VARIABLE
QUILVESTGEOPEPII,Fondo de Capital Privado,USD,N/A,INTERNACIONAL,R VARIABLE,VARIABLE,R VARIABLE
MORGANSTANLEYPRIVATEMARKETFUNDV,Fondo de Capital Privado,USD,N/A,INTERNACIONAL,R VARIABLE,VARIABLE,R VARIABLE
FCPCARLYLEASIAPARTNERSIIILP,Fondo de Capital Privado,USD,N/A,INTERNACIONAL,R VARIABLE,VARIABLE,R VARIABLE
FCPLEXINGTONCAPITALPARTNETSVIII,Fondo de Capital Privado,USD,N/A,INTERNACIONAL,R VARIABLE,VARIABLE,R VARIABLE
HARBOURVESTGLOBALANNUALPRIVATEEQUITYFUNDLP,Fondo de Capital Privado,USD,N/A,INTERNACIONAL,R VARIABLE,VARIABLE,R VARIABLE
FCPEQTVIII,Fondo de Capital Privado,EUR,N/A,INTERNACIONAL,R VARIABLE,VARIABLE,R VARIABLE
ALPINVESTCOINVESTMENTFUNDVII,Fondo de Capital Privado,USD,N/A,INTERNACIONAL,R VARIABLE,VARIABLE,R VARIABLE
PINEBRIDGESECONDARYPARTNERSIV,Fondo de Capital Privado,USD,N/A,INTERNACIONAL,R VARIABLE,VARIABLE,R VARIABLE
FCPPARTNERSGROUPDIRECTINVESTMENTS2012,Fondo de Capital Privado,USD,N/A,INTERNACIONAL,R VARIABLE,VARIABLE,R VARIABLE
FCPCARLYLEEUROPEPARTNERSIV,Fondo de Capital Privado,EUR,N/A,INTERNACIONAL,R VARIABLE,VARIABLE,R VARIABLE
FCPNB CROSSROADS 2010 FUND,Fondo de Capital Privado,USD,N/A,INTERNACIONAL,R VARIABLE,VARIABLE,R VARIABLE
FCPINSIGHTXI,Fondo de Capital Privado,USD,N/A,INTERNACIONAL,R VARIABLE,VARIABLE,R VARIABLE
FCPNBSTRATEGICCO-INVESTMENTCAYMANPARTNERSIVLP,Fondo de Capital Privado,USD,N/A,INTERNACIONAL,R VARIABLE,VARIABLE,R VARIABLE
FCPGLOBALINFRASTRUCTUREPARTNERSIV-CFEEDERFUNDLP,Fondo de Capital Privado,USD,N/A,INTERNACIONAL,R VARIABLE,VARIABLE,R VARIABLE
FCPPOMONACAPITALVIIICOINVESTMENTLP,Fondo de Capital Privado,USD,N/A,INTERNACIONAL,R VARIABLE,VARIABLE,R VARIABLE
FCPDOVERSTREETXFEEDERFUNDLP,Fondo de Capital Privado,USD,N/A,INTERNACIONAL,R VARIABLE,VARIABLE,R VARIABLE
FCPLCPIXOFFSHORELP,Fondo de Capital Privado,USD,N/A,INTERNACIONAL,R VARIABLE,VARIABLE,R VARIABLE
FCPINMOBILIARIOCREDICORPCAPITALREALESTATE2011,Fondo de Capital Privado Colombia,COP,N/A,NACIONAL,R VARIABLE,VARIABLE,R VARIABLE
FCPVRINMOB-COMP2TERMINALLOGISTICODEBOGOTA,Fondo de Capital Privado Colombia,COP,N/A,NACIONAL,R VARIABLE,VARIABLE,R VARIABLE
FCPVRINMOB-COMP1TERMINALLOGISTICODECARTAGENA,Fondo de Capital Privado Colombia,COP,N/A,NACIONAL,R VARIABLE,VARIABLE,R VARIABLE
LANDMARKREALESTATEPARTNERSVIII,Fondo de Capital Privado,USD,N/A,INTERNACIONAL,R VARIABLE,VARIABLE,R VARIABLE
CROWHOLDINGSREALTYPARTNERSINVESTORVIIIBLP,Fondo de Capital Privado,USD,N/A,INTERNACIONAL,R VARIABLE,VARIABLE,R VARIABLE
FICC-INMOBILIARIAPREMIUNALIANZA,Titularización Inmobiliaria,COP,N/A,NACIONAL,R VARIABLE,VARIABLE,R VARIABLE
FICC-INMOBILIARIASKANDIACIICPA1,Titularización Inmobiliaria,COP,N/A,NACIONAL,R VARIABLE,VARIABLE,R VARIABLE
FICC-INMOBILIARIAGRANDESSUPERFICIES,Titularización Inmobiliaria,COP,N/A,NACIONAL,R VARIABLE,VARIABLE,R VARIABLE
COR23PT00592,Fondo de Capital Privado Colombia,COP,N/A,NACIONAL,R VARIABLE,VARIABLE,R VARIABLE
COR23PT00600,Fondo de Capital Privado Colombia,COP,N/A,NACIONAL,R VARIABLE,VARIABLE,R VARIABLE
COR23PT00618,Fondo de Capital Privado Colombia,COP,N/A,NACIONAL,R VARIABLE,VARIABLE,R VARIABLE
COR23PT00626,Fondo de Capital Privado Colombia,COP,N/A,NACIONAL,R VARIABLE,VARIABLE,R VARIABLE
COR23PT00634,Fondo de Capital Privado Colombia,COP,N/A,NACIONAL,R VARIABLE,VARIABLE,R VARIABLE
COR23PT00642,Fondo de Capital Privado Colombia,COP,N/A,NACIONAL,R VARIABLE,VARIABLE,R VARIABLE
COR23PT00659,Fondo de Capital Privado Colombia,COP,N/A,NACIONAL,R VARIABLE,VARIABLE,R VARIABLE
COR23PT00667,Fondo de Capital Privado Colombia,COP,N/A,NACIONAL,R VARIABLE,VARIABLE,R VARIABLE
XS2216784194,Notas estructuradas,COP,TASA FIJA,NACIONAL,Notas estructuradas,TASA FIJA,NOTAS ESTRUCTURADAS
LU1934328755,Fondo Mutuo o Fondo Indice,USD,N/A,INTERNACIONAL,R VARIABLE,VARIABLE,R VARIABLE
GB0006063233,Fondo Mutuo o Fondo Indice,GBP,N/A,INTERNACIONAL,R VARIABLE,VARIABLE,R VARIABLE
US4642884302,Fondo Mutuo o Fondo Indice,USD,N/A,INTERNACIONAL,R VARIABLE,VARIABLE,R VARIABLE
BPMG2207D025,Inflacion-CORPORATIVO LOCAL,UVR,TASA FIJA,NACIONAL,R FIJA,INFLACIÓN,R FIJA
COR05PT01779,Fondo de Capital Privado Colombia,COP,N/A,NACIONAL,R VARIABLE,VARIABLE,R VARIABLE
COR05PT01720,Fondo de Capital Privado Colombia,COP,N/A,NACIONAL,R VARIABLE,VARIABLE,R VARIABLE
COR05PT01712,Fondo de Capital Privado Colombia,COP,N/A,NACIONAL,R VARIABLE,VARIABLE,R VARIABLE
COR23PT00410,Fondo de Capital Privado Colombia,COP,N/A,NACIONAL,R VARIABLE,VARIABLE,R VARIABLE
SKJZASSFCP01,Fondo de Capital Privado,USD,N/A,INTERNACIONAL,R VARIABLE,VARIABLE,R VARIABLE
FCP APAX X,Fondo de Capital Privado,USD,N/A,INTERNACIONAL,R VARIABLE,VARIABLE,R VARIABLE
PARTNERS GROUP HOLDING AG,Fondo de Capital Privado,USD,N/A,INTERNACIONAL,R VARIABLE,VARIABLE,R VARIABLE
BLACKSTONE BIOMED LIFE SCIENCE REAL ESTATE LP,Fondo de Capital Privado,USD,N/A,INTERNACIONAL,R VARIABLE,VARIABLE,R VARIABLE
FICIVISUM,Titularización Inmobiliaria,COP,N/A,NACIONAL,R VARIABLE,VARIABLE,R VARIABLE
BPMX1209B005,Inflacion-CORPORATIVO LOCAL,COP,IPC,NACIONAL,R FIJA,INFLACIÓN,R FIJA
BPMX1207J010,Inflacion-CORPORATIVO LOCAL,UVR,TASA FIJA,NACIONAL,R FIJA,INFLACIÓN,R FIJA
COR6APT00124,Fondo de Capital Privado Colombia,COP,N/A,NACIONAL,R VARIABLE,VARIABLE,R VARIABLE
CORM3PT00613,Fondo de Capital Privado Colombia,COP,N/A,NACIONAL,R VARIABLE,VARIABLE,R VARIABLE
GB00BD5Z0Z54,Fondo Mutuo o Fondo Indice,GBP,N/A,INTERNACIONAL,R VARIABLE,VARIABLE,R VARIABLE
TFIT16090736,TF TES,COP,TASA FIJA,NACIONAL,R FIJA,TASA FIJA,R FIJA
COR6APT00132,Fondo de Capital Privado Colombia,COP,N/A,NACIONAL,R VARIABLE,VARIABLE,R VARIABLE
BTPL2209C015,Inflacion-CORPORATIVO LOCAL,COP,IPC,NACIONAL,R FIJA,INFLACIÓN,R FIJA
SSICX1207M15,Inflacion-CORPORATIVO LOCAL,UVR,TASA FIJA,NACIONAL,R FIJA,INFLACIÓN,R FIJA
FONDO DE INVERSION COLECTIVA CERRADO ASHMORE ACCIO,FIC ACC. COL.,COP,N/A,NACIONAL,R VARIABLE,VARIABLE,R VARIABLE
FONDO ASHMORE COLOMBIALATAM,FIC ACC. COL.,COP,N/A,NACIONAL,R VARIABLE,VARIABLE,R VARIABLE
COR5LPT00180,Fondo de Capital Privado Colombia,COP,N/A,NACIONAL,R VARIABLE,VARIABLE,R VARIABLE
COR5OPT00036,Fondo de Capital Privado Colombia,COP,N/A,NACIONAL,R VARIABLE,VARIABLE,R VARIABLE
COR26PT01783,Fondo de Capital Privado Colombia,COP,N/A,NACIONAL,R VARIABLE,VARIABLE,R VARIABLE
COR26PT01569,Fondo de Capital Privado Colombia,COP,N/A,NACIONAL,R VARIABLE,VARIABLE,R VARIABLE
COR26PT01767,Fondo de Capital Privado Colombia,COP,N/A,NACIONAL,R VARIABLE,VARIABLE,R VARIABLE
COR26PT01866,Fondo de Capital Privado Colombia,COP,N/A,NACIONAL,R VARIABLE,VARIABLE,R VARIABLE
COR26PT01676,Fondo de Capital Privado Colombia,COP,N/A,NACIONAL,R VARIABLE,VARIABLE,R VARIABLE
COR26PT01742,Fondo de Capital Privado Colombia,COP,N/A,NACIONAL,R VARIABLE,VARIABLE,R VARIABLE
COR26PT01684,Fondo de Capital Privado Colombia,COP,N/A,NACIONAL,R VARIABLE,VARIABLE,R VARIABLE
COR26PT01627,Fondo de Capital Privado Colombia,COP,N/A,NACIONAL,R VARIABLE,VARIABLE,R VARIABLE
COR26PT01692,Fondo de Capital Privado Colombia,COP,N/A,NACIONAL,R VARIABLE,VARIABLE,R VARIABLE
COR26PT01643,Fondo de Capital Privado Colombia,COP,N/A,NACIONAL,R VARIABLE,VARIABLE,R VARIABLE
COR26PT01841,Fondo de Capital Privado Colombia,COP,N/A,NACIONAL,R VARIABLE,VARIABLE,R VARIABLE
COR26PT01734,Fondo de Capital Privado Colombia,COP,N/A,NACIONAL,R VARIABLE,VARIABLE,R VARIABLE
COR7LPT00095,Fondo de Capital Privado Colombia,COP,N/A,NACIONAL,R VARIABLE,VARIABLE,R VARIABLE
COR26PT01577,Fondo de Capital Privado Colombia,COP,N/A,NACIONAL,R VARIABLE,VARIABLE,R VARIABLE
COR26PT01635,Fondo de Capital Privado Colombia,COP,N/A,NACIONAL,R VARIABLE,VARIABLE,R VARIABLE
COR26PT01775,Fondo de Capital Privado Colombia,COP,N/A,NACIONAL,R VARIABLE,VARIABLE,R VARIABLE
COR26PT01601,Fondo de Capital Privado Colombia,COP,N/A,NACIONAL,R VARIABLE,VARIABLE,R VARIABLE
COR26PT01700,Fondo de Capital Privado Colombia,COP,N/A,NACIONAL,R VARIABLE,VARIABLE,R VARIABLE
COR26PT01759,Fondo de Capital Privado Colombia,COP,N/A,NACIONAL,R VARIABLE,VARIABLE,R VARIABLE
COR26PT01718,Fondo de Capital Privado Colombia,COP,N/A,NACIONAL,R VARIABLE,VARIABLE,R VARIABLE
COR26PT01650,Fondo de Capital Privado Colombia,COP,N/A,NACIONAL,R VARIABLE,VARIABLE,R VARIABLE
COR26PT01726,Fondo de Capital Privado Colombia,COP,N/A,NACIONAL,R VARIABLE,VARIABLE,R VARIABLE
COR26PT01593,Fondo de Capital Privado Colombia,COP,N/A,NACIONAL,R VARIABLE,VARIABLE,R VARIABLE
IE00BYX2JD69,Fondo Mutuo o Fondo Indice,EUR,N/A,INTERNACIONAL,R VARIABLE,VARIABLE,R VARIABLE
IE00BYVJRP78,Fondo Mutuo o Fondo Indice,USD,N/A,INTERNACIONAL,R VARIABLE,VARIABLE,R VARIABLE
LU0823426647,Fondo Mutuo o Fondo Indice,USD,N/A,INTERNACIONAL,R VARIABLE,VARIABLE,R VARIABLE
XS2204190537,Notas estructuradas,MXN,TASA FIJA,NACIONAL,Notas estructuradas,TASA FIJA,NOTAS ESTRUCTURADAS
SBBAQ1207C20,Inflacion-CORPORATIVO LOCAL,UVR,TASA FIJA,NACIONAL,R FIJA,INFLACIÓN,R FIJA
SBBAQ1209B05,Inflacion-CORPORATIVO LOCAL,COP,IPC,NACIONAL,R FIJA,INFLACIÓN,R FIJA
SBBAQ1207C10,Inflacion-CORPORATIVO LOCAL,UVR,TASA FIJA,NACIONAL,R FIJA,INFLACIÓN,R FIJA
US195325DX04,EM BONDS,USD,TASA FIJA,INTERNACIONAL,R FIJA,TASA FIJA,R FIJA
COR9BPT01017,Fondo de Capital Privado Colombia,COP,N/A,NACIONAL,R VARIABLE,VARIABLE,R VARIABLE
CORM3PT00621,Fondo de Capital Privado Colombia,COP,N/A,NACIONAL,R VARIABLE,VARIABLE,R VARIABLE
BBBO2219A005,Inflacion-CORPORATIVO LOCAL,COP,IPC,NACIONAL,R FIJA,INFLACIÓN,R FIJA
IE00BHWQNP08,Fondo Mutuo o Fondo Indice,EUR,N/A,INTERNACIONAL,R VARIABLE,VARIABLE,R VARIABLE
GB0006058258,Fondo Mutuo o Fondo Indice,GBP,N/A,INTERNACIONAL,R VARIABLE,VARIABLE,R VARIABLE
LU1387591727,Fondo Mutuo o Fondo Indice,EUR,N/A,INTERNACIONAL,R VARIABLE,VARIABLE,R VARIABLE
COR9QPT00926,Fondo de Capital Privado Colombia,COP,N/A,NACIONAL,R VARIABLE,VARIABLE,R VARIABLE
COR26PT01551,Fondo de Capital Privado Colombia,COP,N/A,NACIONAL,R VARIABLE,VARIABLE,R VARIABLE
CORH2PT00265,Fondo de Capital Privado Colombia,COP,N/A,NACIONAL,R VARIABLE,VARIABLE,R VARIABLE
COR26PT01809,Fondo de Capital Privado Colombia,COP,N/A,NACIONAL,R VARIABLE,VARIABLE,R VARIABLE
COR26PT01619,Fondo de Capital Privado Colombia,COP,N/A,NACIONAL,R VARIABLE,VARIABLE,R VARIABLE
COR26PT01825,Fondo de Capital Privado Colombia,COP,N/A,NACIONAL,R VARIABLE,VARIABLE,R VARIABLE
SKEQYOLFIC01,VISTA,COP,N/A,NACIONAL,CAJA,TASA FIJA,R FIJA
BTG PACTUAL RENTA FIJA COLOMBIA,VISTA,COP,N/A,NACIONAL,CAJA,TASA FIJA,R FIJA
SKEQTQ9FIC01,VISTA,COP,N/A,NACIONAL,CAJA,TASA FIJA,R FIJA
BITU7199C084,Inflacion-CORPORATIVO LOCAL,COP,IPC,NACIONAL,R FIJA,INFLACIÓN,R FIJA
BGBO1209A005,Inflacion-CORPORATIVO LOCAL,COP,IPC,NACIONAL,R FIJA,INFLACIÓN,R FIJA
FIC CERRADO INMOBILIARIO GRANDES SUPERFICIES,Titularización Inmobiliaria,COP,N/A,NACIONAL,R VARIABLE,VARIABLE,R VARIABLE
COR4LPT00035,Fondo de Capital Privado Colombia,COP,N/A,NACIONAL,R VARIABLE,VARIABLE,R VARIABLE
COR97PT00125,Fondo de Capital Privado Colombia,COP,N/A,NACIONAL,R VARIABLE,VARIABLE,R VARIABLE
COR97PT00117,Fondo de Capital Privado Colombia,COP,N/A,NACIONAL,R VARIABLE,VARIABLE,R VARIABLE
BDVI0219C084,Inflacion-CORPORATIVO LOCAL,COP,IPC,NACIONAL,R FIJA,INFLACIÓN,R FIJA
COB51CB00882,Inflacion-CORPORATIVO LOCAL,UVR,IPC,NACIONAL,R FIJA,INFLACIÓN,R FIJA
BDVI0217U120,Inflacion-CORPORATIVO LOCAL,UVR,IPC,NACIONAL,R FIJA,INFLACIÓN,R FIJA
COR6APT00140,Fondo de Capital Privado Colombia,COP,N/A,NACIONAL,R VARIABLE,VARIABLE,R VARIABLE
US5771258598,Fondo Mutuo o Fondo Indice,USD,N/A,INTERNACIONAL,R VARIABLE,VARIABLE,R VARIABLE
US46090E1038,Fondo Mutuo o Fondo Indice,USD,N/A,INTERNACIONAL,R VARIABLE,VARIABLE,R VARIABLE
US46641Q7126,Fondo Mutuo o Fondo Indice,USD,N/A,INTERNACIONAL,R VARIABLE,VARIABLE,R VARIABLE
LU0823422067,Fondo Mutuo o Fondo Indice,EUR,N/A,INTERNACIONAL,R VARIABLE,VARIABLE,R VARIABLE
GB00B06HZN29,Fondo Mutuo o Fondo Indice,GBP,N/A,INTERNACIONAL,R VARIABLE,VARIABLE,R VARIABLE
LU1130125799,Fondo Mutuo o Fondo Indice,USD,N/A,INTERNACIONAL,R VARIABLE,VARIABLE,R VARIABLE
LU0888974473,Fondo Mutuo o Fondo Indice,EUR,N/A,INTERNACIONAL,R VARIABLE,VARIABLE,R VARIABLE
LU1713307699,Fondo Mutuo o Fondo Indice,USD,N/A,INTERNACIONAL,R VARIABLE,VARIABLE,R VARIABLE
BEPT2219C015,Inflacion-CORPORATIVO LOCAL,COP,IPC,NACIONAL,R FIJA,INFLACIÓN,R FIJA
BCOS1209B007,Inflacion-CORPORATIVO LOCAL,COP,TASA FIJA,NACIONAL,R FIJA,INFLACIÓN,R FIJA
BEPT2219C010,Inflacion-CORPORATIVO LOCAL,COP,IPC,NACIONAL,R FIJA,INFLACIÓN,R FIJA
BEPT221SA007,CORPORATIVO LOCAL,COP,TASA FIJA,NACIONAL,R FIJA,TASA FIJA,R FIJA
BDVI021SF060,CORPORATIVO LOCAL,COP,TASA FIJA,NACIONAL,R FIJA,TASA FIJA,R FIJA
BLVS1219A005,Inflacion-CORPORATIVO LOCAL,COP,IPC,NACIONAL,R FIJA,INFLACIÓN,R FIJA
BBTA9219D004,Inflacion-CORPORATIVO LOCAL,COP,IPC,NACIONAL,R FIJA,INFLACIÓN,R FIJA
COB13CD01KF7,CORPORATIVO LOCAL,COP,TASA FIJA,NACIONAL,R FIJA,TASA FIJA,R FIJA
BGAS0V,CORPORATIVO LOCAL,COP,TASA FIJA,NACIONAL,R FIJA,TASA FIJA,R FIJA
COR23PT00550,Fondo de Capital Privado Colombia,COP,N/A,NACIONAL,R VARIABLE,VARIABLE,R VARIABLE
COR23PT00568,Fondo de Capital Privado Colombia,COP,N/A,NACIONAL,R VARIABLE,VARIABLE,R VARIABLE
COR9HPT00032,Fondo de Capital Privado Colombia,COP,N/A,NACIONAL,R VARIABLE,VARIABLE,R VARIABLE
CORH2PT00406,Fondo de Capital Privado Colombia,COP,N/A,NACIONAL,R VARIABLE,VARIABLE,R VARIABLE
CORH2PT00356,Fondo de Capital Privado Colombia,COP,N/A,NACIONAL,R VARIABLE,VARIABLE,R VARIABLE
CORH2PT00331,Fondo de Capital Privado Colombia,COP,N/A,NACIONAL,R VARIABLE,VARIABLE,R VARIABLE
CORH2PT00307,Fondo de Capital Privado Colombia,COP,N/A,NACIONAL,R VARIABLE,VARIABLE,R VARIABLE
CORH2PT00422,Fondo de Capital Privado Colombia,COP,N/A,NACIONAL,R VARIABLE,VARIABLE,R VARIABLE
CORH2PT00372,Fondo de Capital Privado Colombia,COP,N/A,NACIONAL,R VARIABLE,VARIABLE,R VARIABLE
CORH2PT00323,Fondo de Capital Privado Colombia,COP,N/A,NACIONAL,R VARIABLE,VARIABLE,R VARIABLE
CORH2PT00349,Fondo de Capital Privado Colombia,COP,N/A,NACIONAL,R VARIABLE,VARIABLE,R VARIABLE
CORH2PT00281,Fondo de Capital Privado Colombia,COP,N/A,NACIONAL,R VARIABLE,VARIABLE,R VARIABLE
CORH2PT00398,Fondo de Capital Privado Colombia,COP,N/A,NACIONAL,R VARIABLE,VARIABLE,R VARIABLE
CORH2PT00299,Fondo de Capital Privado Colombia,COP,N/A,NACIONAL,R VARIABLE,VARIABLE,R VARIABLE
CORH2PT00414,Fondo de Capital Privado Colombia,COP,N/A,NACIONAL,R VARIABLE,VARIABLE,R VARIABLE
CORH2PT00364,Fondo de Capital Privado Colombia,COP,N/A,NACIONAL,R VARIABLE,VARIABLE,R VARIABLE
CORH2PT00315,Fondo de Capital Privado Colombia,COP,N/A,NACIONAL,R VARIABLE,VARIABLE,R VARIABLE
BLACKSTONE CAPITAL PARTNERS VIII,Fondo de Capital Privado,USD,N/A,INTERNACIONAL,R VARIABLE,VARIABLE,R VARIABLE
TECHNOLOGY CROSSOVER VENTURES TCV XI,Fondo de Capital Privado,USD,N/A,INTERNACIONAL,R VARIABLE,VARIABLE,R VARIABLE
FCP EQT IX,Fondo de Capital Privado,EUR,N/A,INTERNACIONAL,R VARIABLE,VARIABLE,R VARIABLE
BLACKSTONE GROUP INC,Fondo de Capital Privado,USD,N/A,INTERNACIONAL,R VARIABLE,VARIABLE,R VARIABLE
XS2216798491,Notas estructuradas,BRL,TASA FIJA,NACIONAL,Notas estructuradas,TASA FIJA,NOTAS ESTRUCTURADAS
FONDO DE INVERSIN COLECTIVA CERRADO INMOBILIARIO G,Titularización Inmobiliaria,COP,N/A,NACIONAL,R VARIABLE,VARIABLE,R VARIABLE
BBTA9217O025,Inflacion-CORPORATIVO LOCAL,UVR,IPC,NACIONAL,R FIJA,INFLACIÓN,R FIJA
BBTA9217O015,Inflacion-CORPORATIVO LOCAL,UVR,IPC,NACIONAL,R FIJA,INFLACIÓN,R FIJA
US91282CBL46,TREASURIES-MULTILATERALES-AGENCIAS,USD,TASA FIJA,INTERNACIONAL,R FIJA,TASA FIJA,R FIJA
LU1575869638,Fondo Mutuo o Fondo Indice,USD,N/A,INTERNACIONAL,R VARIABLE,VARIABLE,R VARIABLE
FIDELITY GREATER CHINA I ACC,Fondo Mutuo o Fondo Indice,USD,N/A,INTERNACIONAL,R VARIABLE,VARIABLE,R VARIABLE
FEE5 FCP EQT IX,Fondo de Capital Privado,EUR,N/A,INTERNACIONAL,R VARIABLE,VARIABLE,R VARIABLE
Ñ99MZ,Fondo de Capital Privado,EUR,N/A,INTERNACIONAL,R VARIABLE,VARIABLE,R VARIABLE
FEP5 FCP NEXUS INMOB DIVER,Fondo de Capital Privado Colombia,COP,N/A,NACIONAL,R VARIABLE,VARIABLE,R VARIABLE
CORN0PT00063,Fondo de Capital Privado Colombia,COP,N/A,NACIONAL,R VARIABLE,VARIABLE,R VARIABLE
CORN0PT00055,Fondo de Capital Privado Colombia,COP,N/A,NACIONAL,R VARIABLE,VARIABLE,R VARIABLE
TCO364070921,TF TES,COP,TASA FIJA,NACIONAL,R FIJA,TASA FIJA,R FIJA
TCO364080621,TF TES,COP,TASA FIJA,NACIONAL,R FIJA,TASA FIJA,R FIJA
CORQ2PT00041,FIC ACC. COL.,COP,N/A,NACIONAL,R VARIABLE,VARIABLE,R VARIABLE
CORQ2PT00058,FIC ACC. COL.,COP,N/A,NACIONAL,R VARIABLE,VARIABLE,R VARIABLE
CORQ2PT00082,FIC ACC. COL.,COP,N/A,NACIONAL,R VARIABLE,VARIABLE,R VARIABLE
CORQ2PT00074,FIC ACC. COL.,COP,N/A,NACIONAL,R VARIABLE,VARIABLE,R VARIABLE
CORQ2PT00090,FIC ACC. COL.,COP,N/A,NACIONAL,R VARIABLE,VARIABLE,R VARIABLE
COR7LPT00103,Fondo de Capital Privado Colombia,COP,N/A,NACIONAL,R VARIABLE,VARIABLE,R VARIABLE
CORH4PT00501,Fondo de Capital Privado Colombia,COP,N/A,NACIONAL,R VARIABLE,VARIABLE,R VARIABLE
CORH4PT00451,Fondo de Capital Privado Colombia,COP,N/A,NACIONAL,R VARIABLE,VARIABLE,R VARIABLE
CORH4PT00402,Fondo de Capital Privado Colombia,COP,N/A,NACIONAL,R VARIABLE,VARIABLE,R VARIABLE
CORH4PT00428,Fondo de Capital Privado Colombia,COP,N/A,NACIONAL,R VARIABLE,VARIABLE,R VARIABLE
CORH4PT00493,Fondo de Capital Privado Colombia,COP,N/A,NACIONAL,R VARIABLE,VARIABLE,R VARIABLE
CORH4PT00436,Fondo de Capital Privado Colombia,COP,N/A,NACIONAL,R VARIABLE,VARIABLE,R VARIABLE
CORH4PT00394,Fondo de Capital Privado Colombia,COP,N/A,NACIONAL,R VARIABLE,VARIABLE,R VARIABLE
CORH4PT00444,Fondo de Capital Privado Colombia,COP,N/A,NACIONAL,R VARIABLE,VARIABLE,R VARIABLE
CORH4PT00469,Fondo de Capital Privado Colombia,COP,N/A,NACIONAL,R VARIABLE,VARIABLE,R VARIABLE
CORH4PT00477,Fondo de Capital Privado Colombia,COP,N/A,NACIONAL,R VARIABLE,VARIABLE,R VARIABLE
CORH4PT00410,Fondo de Capital Privado Colombia,COP,N/A,NACIONAL,R VARIABLE,VARIABLE,R VARIABLE
CORH4PT00485,Fondo de Capital Privado Colombia,COP,N/A,NACIONAL,R VARIABLE,VARIABLE,R VARIABLE
XS2251381252,Notas estructuradas,BRL,TASA FIJA,NACIONAL,Notas estructuradas,TASA FIJA,NOTAS ESTRUCTURADAS
XS2251495425,Notas estructuradas,BRL,TASA FIJA,NACIONAL,Notas estructuradas,TASA FIJA,NOTAS ESTRUCTURADAS
XS2251475070,Notas estructuradas,BRL,TASA FIJA,NACIONAL,Notas estructuradas,TASA FIJA,NOTAS ESTRUCTURADAS
BBTA9219D010,Inflacion-CORPORATIVO LOCAL,COP,IPC,NACIONAL,R FIJA,INFLACIÓN,R FIJA
LU1770940218,Fondo Mutuo o Fondo Indice,USD,N/A,INTERNACIONAL,R VARIABLE,VARIABLE,R VARIABLE
IE00BYX8XC17,Fondo Mutuo o Fondo Indice,USD,N/A,INTERNACIONAL,R VARIABLE,VARIABLE,R VARIABLE
IE00BYVJRR92,Fondo Mutuo o Fondo Indice,USD,N/A,INTERNACIONAL,R VARIABLE,VARIABLE,R VARIABLE
IE00B4JNQZ49,Fondo Mutuo o Fondo Indice,USD,N/A,INTERNACIONAL,R VARIABLE,VARIABLE,R VARIABLE
FED5 FCP ALPINVEST SEC FUN VII,Fondo de Capital Privado,USD,N/A,INTERNACIONAL,R VARIABLE,VARIABLE,R VARIABLE
US195325DZ51,EM BONDS,USD,TASA FIJA,INTERNACIONAL,R FIJA,TASA FIJA,R FIJA
US195325EA91,EM BONDS,USD,TASA FIJA,INTERNACIONAL,R FIJA,TASA FIJA,R FIJA
LU2055182070,Fondo Mutuo o Fondo Indice,USD,N/A,INTERNACIONAL,R VARIABLE,VARIABLE,R VARIABLE
JPM CHINA ASHARE OPPORT I ACC,Fondo Mutuo o Fondo Indice,USD,N/A,INTERNACIONAL,R VARIABLE,VARIABLE,R VARIABLE
US912810SU34,TREASURIES-MULTILATERALES-AGENCIAS,USD,TASA FIJA,INTERNACIONAL,R FIJA,TASA FIJA,R FIJA
FR0013406998,Fondo Mutuo o Fondo Indice,EUR,N/A,INTERNACIONAL,R VARIABLE,VARIABLE,R VARIABLE
CORA5PT00935,Fondo de Capital Privado Colombia,COP,N/A,NACIONAL,R VARIABLE,VARIABLE,R VARIABLE
CORA5PT00943,Fondo de Capital Privado Colombia,COP,N/A,NACIONAL,R VARIABLE,VARIABLE,R VARIABLE
CORA5PT00950,Fondo de Capital Privado Colombia,COP,N/A,NACIONAL,R VARIABLE,VARIABLE,R VARIABLE
CORA5PT00745,Fondo de Capital Privado Colombia,COP,N/A,NACIONAL,R VARIABLE,VARIABLE,R VARIABLE
CORA5PT00752,Fondo de Capital Privado Colombia,COP,N/A,NACIONAL,R VARIABLE,VARIABLE,R VARIABLE
CORA5PT00760,Fondo de Capital Privado Colombia,COP,N/A,NACIONAL,R VARIABLE,VARIABLE,R VARIABLE
CORH6PT00605,Fondo de Capital Privado Colombia,COP,N/A,NACIONAL,R VARIABLE,VARIABLE,R VARIABLE
CORA5PT00794,Fondo de Capital Privado Colombia,COP,N/A,NACIONAL,R VARIABLE,VARIABLE,R VARIABLE
CORA5PT00802,Fondo de Capital Privado Colombia,COP,N/A,NACIONAL,R VARIABLE,VARIABLE,R VARIABLE
CORA5PT00836,Fondo de Capital Privado Colombia,COP,N/A,NACIONAL,R VARIABLE,VARIABLE,R VARIABLE
CORA5PT00844,Fondo de Capital Privado Colombia,COP,N/A,NACIONAL,R VARIABLE,VARIABLE,R VARIABLE
CORA5PT00877,Fondo de Capital Privado Colombia,COP,N/A,NACIONAL,R VARIABLE,VARIABLE,R VARIABLE
CORA5PT00885,Fondo de Capital Privado Colombia,COP,N/A,NACIONAL,R VARIABLE,VARIABLE,R VARIABLE
CORA5PT00893,Fondo de Capital Privado Colombia,COP,N/A,NACIONAL,R VARIABLE,VARIABLE,R VARIABLE
CORA5PT00919,Fondo de Capital Privado Colombia,COP,N/A,NACIONAL,R VARIABLE,VARIABLE,R VARIABLE
CORA5PT00927,Fondo de Capital Privado Colombia,COP,N/A,NACIONAL,R VARIABLE,VARIABLE,R VARIABLE
CORA5PT00901,Fondo de Capital Privado Colombia,COP,N/A,NACIONAL,R VARIABLE,VARIABLE,R VARIABLE
CORH6PT00290,Fondo de Capital Privado Colombia,COP,N/A,NACIONAL,R VARIABLE,VARIABLE,R VARIABLE
CORH6PT00308,Fondo de Capital Privado Colombia,COP,N/A,NACIONAL,R VARIABLE,VARIABLE,R VARIABLE
CORH6PT00316,Fondo de Capital Privado Colombia,COP,N/A,NACIONAL,R VARIABLE,VARIABLE,R VARIABLE
CORH6PT00324,Fondo de Capital Privado Colombia,COP,N/A,NACIONAL,R VARIABLE,VARIABLE,R VARIABLE
CORH6PT00332,Fondo de Capital Privado Colombia,COP,N/A,NACIONAL,R VARIABLE,VARIABLE,R VARIABLE
CORH6PT00340,Fondo de Capital Privado Colombia,COP,N/A,NACIONAL,R VARIABLE,VARIABLE,R VARIABLE
CORH6PT00357,Fondo de Capital Privado Colombia,COP,N/A,NACIONAL,R VARIABLE,VARIABLE,R VARIABLE
CORH6PT00365,Fondo de Capital Privado Colombia,COP,N/A,NACIONAL,R VARIABLE,VARIABLE,R VARIABLE
CORH6PT00282,Fondo de Capital Privado Colombia,COP,N/A,NACIONAL,R VARIABLE,VARIABLE,R VARIABLE
COL17CT03706,TF TES,COP,TASA FIJA,NACIONAL,R FIJA,TASA FIJA,R FIJA
COL17CT03714,TF TES,COP,TASA FIJA,NACIONAL,R FIJA,TASA FIJA,R FIJA
AOPF5 AH B CAJA SOCIAL,VISTA,COP,TASA FIJA,NACIONAL,CAJA,VARIABLE,CAJA
BFAN9219C036,Inflacion-CORPORATIVO LOCAL,COP,IPC,NACIONAL,R FIJA,INFLACIÓN,R FIJA
BDVI7199C036,Inflacion-CORPORATIVO LOCAL,COP,IPC,NACIONAL,R FIJA,INFLACIÓN,R FIJA
BCCB2209C051,Inflacion-CORPORATIVO LOCAL,COP,IPC,NACIONAL,R FIJA,INFLACIÓN,R FIJA
CDTCLPS5V,CORPORATIVO LOCAL,COP,TASA FIJA,NACIONAL,R FIJA,TASA FIJA,R FIJA
COR9QPT00934,Fondo de Capital Privado Colombia,COP,N/A,NACIONAL,R VARIABLE,VARIABLE,R VARIABLE
COR1EPT00044,Fondo de Capital Privado Colombia,COP,N/A,NACIONAL,R VARIABLE,VARIABLE,R VARIABLE
US46641Q2176,Fondo Mutuo o Fondo Indice,USD,N/A,INTERNACIONAL,R VARIABLE,VARIABLE,R VARIABLE
LU1378878604,Fondo Mutuo o Fondo Indice,USD,N/A,INTERNACIONAL,R VARIABLE,VARIABLE,R VARIABLE
US09290C5094,Fondo Mutuo o Fondo Indice,USD,N/A,INTERNACIONAL,R VARIABLE,VARIABLE,R VARIABLE
USP62010AA41,Inflacion-CORPORATIVO LOCAL,UVR,TASA FIJA,NACIONAL,R FIJA,INFLACIÓN,R FIJA
XS2331059613,Notas estructuradas,COP,TASA FIJA,NACIONAL,Notas estructuradas,TASA FIJA,NOTAS ESTRUCTURADAS
NBPF5 NOTA CREDIT SUISSE AG,Notas estructuradas,COP,TASA FIJA,NACIONAL,Notas estructuradas,TASA FIJA,NOTAS ESTRUCTURADAS
FEP5 FCP CPVAL HIDROCARBUROS,Fondo de Capital Privado Colombia,COP,N/A,NACIONAL,R VARIABLE,VARIABLE,R VARIABLE
FED5 FCP CORTLAND V,Fondo de Capital Privado,USD,N/A,INTERNACIONAL,R VARIABLE,VARIABLE,R VARIABLE
BISG521SA005,CORPORATIVO LOCAL,COP,TASA FIJA,NACIONAL,R FIJA,TASA FIJA,R FIJA
BBCX1218C024,Variable-CORPORATIVO LOCAL,COP,IBR,NACIONAL,R FIJA,VARIABLE,R FIJA
BBCX1218C036,Variable-CORPORATIVO LOCAL,COP,IBR,NACIONAL,R FIJA,VARIABLE,R FIJA
BISG5219C008,Inflacion-CORPORATIVO LOCAL,COP,IPC,NACIONAL,R FIJA,INFLACIÓN,R FIJA
BISG5219C020,Inflacion-CORPORATIVO LOCAL,COP,IPC,NACIONAL,R FIJA,INFLACIÓN,R FIJA
US05971V2D64,EM CORPORATIVOS,USD,TASA FIJA,INTERNACIONAL,R FIJA,TASA FIJA,R FIJA
CORQ2PT00116,FIC ACC. COL.,COP,N/A,NACIONAL,R VARIABLE,VARIABLE,R VARIABLE
CORQ2PT00108,FIC ACC. COL.,COP,N/A,NACIONAL,R VARIABLE,VARIABLE,R VARIABLE
CORA5PT00828,Fondo de Capital Privado Colombia,COP,N/A,NACIONAL,R VARIABLE,VARIABLE,R VARIABLE
FCP LEXINGTON CIP V,Fondo de Capital Privado,USD,N/A,INTERNACIONAL,R VARIABLE,VARIABLE,R VARIABLE
FCP NORDIC CAPITAL FUND X,Fondo de Capital Privado,EUR,N/A,INTERNACIONAL,R VARIABLE,VARIABLE,R VARIABLE
XS2275754336,Notas estructuradas,COP,TASA FIJA,NACIONAL,Notas estructuradas,TASA FIJA,NOTAS ESTRUCTURADAS
US78463X5095,Fondo Mutuo o Fondo Indice,USD,N/A,INTERNACIONAL,R VARIABLE,VARIABLE,R VARIABLE
XS2301345612,Notas estructuradas,COP,TASA FIJA,NACIONAL,Notas estructuradas,TASA FIJA,NOTAS ESTRUCTURADAS
AOPF5 AH B BANCOLDEX,VISTA,COP,TASA FIJA,NACIONAL,CAJA,VARIABLE,CAJA
COR6APT00157,Fondo de Capital Privado Colombia,COP,N/A,NACIONAL,R VARIABLE,VARIABLE,R VARIABLE
COL06CD23255,Variable-CORPORATIVO LOCAL,COP,IBR,NACIONAL,R FIJA,VARIABLE,R FIJA
US912796D555,TREASURIES-MULTILATERALES-AGENCIAS,USD,TASA FIJA,INTERNACIONAL,R FIJA,TASA FIJA,R FIJA
BSMIA1219C02,Inflacion-CORPORATIVO LOCAL,COP,IPC,NACIONAL,R FIJA,INFLACIÓN,R FIJA
USP7400PAA68,Inflacion-CORPORATIVO LOCAL,UVR,TASA FIJA,NACIONAL,R FIJA,INFLACIÓN,R FIJA
COB19CD2K470,CORPORATIVO LOCAL,COP,TASA FIJA,NACIONAL,R FIJA,TASA FIJA,R FIJA
BSFN2219C003,Inflacion-CORPORATIVO LOCAL,COP,IPC,NACIONAL,R FIJA,INFLACIÓN,R FIJA
INST13240634,CORPORATIVO LOCAL,COP,TASA FIJA,NACIONAL,R FIJA,TASA FIJA,R FIJA
TFIT10260331,TF TES,COP,TASA FIJA,NACIONAL,R FIJA,TASA FIJA,R FIJA
BITU0219C036,Inflacion-CORPORATIVO LOCAL,COP,IPC,NACIONAL,R FIJA,INFLACIÓN,R FIJA
COR5LPT00198,Fondo de Capital Privado Colombia,COP,N/A,NACIONAL,R VARIABLE,VARIABLE,R VARIABLE
SFIF120SA003,EM CORPORATIVOS,USD,TASA FIJA,INTERNACIONAL,R FIJA,TASA FIJA,R FIJA
BRCI1218B003,Variable-CORPORATIVO LOCAL,COP,IBR,NACIONAL,R FIJA,VARIABLE,R FIJA
US74348DAA54,EM CORPORATIVOS,USD,TASA FIJA,INTERNACIONAL,R FIJA,TASA FIJA,R FIJA
BITU0219C120,Inflacion-CORPORATIVO LOCAL,UVR,IPC,NACIONAL,R FIJA,INFLACIÓN,R FIJA
BRCI121SA002,CORPORATIVO LOCAL,COP,TASA FIJA,NACIONAL,R FIJA,TASA FIJA,R FIJA
BSFDT1199A05,Inflacion-CORPORATIVO LOCAL,COP,IPC,NACIONAL,R FIJA,INFLACIÓN,R FIJA
MORGAN STANLEY MSIP I,Fondo de Capital Privado,USD,N/A,INTERNACIONAL,R VARIABLE,VARIABLE,R VARIABLE
ADVENT GPE VII,Fondo de Capital Privado,USD,N/A,INTERNACIONAL,R VARIABLE,VARIABLE,R VARIABLE
ASCENTIS ADIP I,Fondo de Capital Privado,USD,N/A,INTERNACIONAL,R VARIABLE,VARIABLE,R VARIABLE
GLENDOWER SOF V,Fondo de Capital Privado,USD,N/A,INTERNACIONAL,R VARIABLE,VARIABLE,R VARIABLE
FCP GLENDOWER SOOF II,Fondo de Capital Privado,USD,N/A,INTERNACIONAL,R VARIABLE,VARIABLE,R VARIABLE
BLACKSTONE BCP VIII,Fondo de Capital Privado,USD,N/A,INTERNACIONAL,R VARIABLE,VARIABLE,R VARIABLE
GENERAL ATLANTIC GAIP 2021,Fondo de Capital Privado,USD,N/A,INTERNACIONAL,R VARIABLE,VARIABLE,R VARIABLE
OAKTREE REDF II,Fondo de Capital Privado,USD,N/A,INTERNACIONAL,R VARIABLE,VARIABLE,R VARIABLE
XS2355516324,Notas estructuradas,COP,TASA FIJA,NACIONAL,Notas estructuradas,TASA FIJA,NOTAS ESTRUCTURADAS
XS2353013852,Notas estructuradas,BRL,TASA FIJA,NACIONAL,Notas estructuradas,TASA FIJA,NOTAS ESTRUCTURADAS
INST13250334,CORPORATIVO LOCAL,COP,TASA FIJA,NACIONAL,R FIJA,TASA FIJA,R FIJA
BGEB1209C015,Inflacion-CORPORATIVO LOCAL,COP,IPC,NACIONAL,R FIJA,INFLACIÓN,R FIJA
FED5 FCP INSIGHT XII,Fondo de Capital Privado,USD,N/A,INTERNACIONAL,R VARIABLE,VARIABLE,R VARIABLE
BBPO6219C005,Inflacion-CORPORATIVO LOCAL,COP,IPC,NACIONAL,R FIJA,INFLACIÓN,R FIJA
XS2359603201,Notas estructuradas,COP,TASA FIJA,NACIONAL,Notas estructuradas,TASA FIJA,NOTAS ESTRUCTURADAS
TCO364070622,TF TES,COP,TASA FIJA,NACIONAL,R FIJA,TASA FIJA,R FIJA
XS2296812907,Notas estructuradas,COP,TASA FIJA,NACIONAL,Notas estructuradas,TASA FIJA,NOTAS ESTRUCTURADAS
XS2299304860,Notas estructuradas,COP,TASA FIJA,NACIONAL,Notas estructuradas,TASA FIJA,NOTAS ESTRUCTURADAS
IE00BQN1K901,Fondo Mutuo o Fondo Indice,EUR,N/A,INTERNACIONAL,R VARIABLE,VARIABLE,R VARIABLE
LU0248059486,Fondo Mutuo o Fondo Indice,USD,N/A,INTERNACIONAL,R VARIABLE,VARIABLE,R VARIABLE
US4642876142,Fondo Mutuo o Fondo Indice,USD,N/A,INTERNACIONAL,R VARIABLE,VARIABLE,R VARIABLE
LU2059874102,Fondo Mutuo o Fondo Indice,USD,N/A,INTERNACIONAL,R VARIABLE,VARIABLE,R VARIABLE
LU0794920784,Fondo Mutuo o Fondo Indice,USD,N/A,INTERNACIONAL,R VARIABLE,VARIABLE,R VARIABLE
PROMI161029,EM CORPORATIVOS,USD,TASA FIJA,INTERNACIONAL,R FIJA,TASA FIJA,R FIJA
BGMA119SA005,CORPORATIVO LOCAL,COP,TASA FIJA,NACIONAL,R FIJA,TASA FIJA,R FIJA
BBPO6218D003,Variable-CORPORATIVO LOCAL,COP,IBR,NACIONAL,R FIJA,VARIABLE,R FIJA
BITU0219CO36,Inflacion-CORPORATIVO LOCAL,COP,IPC,NACIONAL,R FIJA,INFLACIÓN,R FIJA
CORB0PT00471,Fondo de Capital Privado Colombia,COP,N/A,NACIONAL,R VARIABLE,VARIABLE,R VARIABLE
CORB0PT00505,Fondo de Capital Privado Colombia,COP,N/A,NACIONAL,R VARIABLE,VARIABLE,R VARIABLE
CORB0PT00489,Fondo de Capital Privado Colombia,COP,N/A,NACIONAL,R VARIABLE,VARIABLE,R VARIABLE
CORB0PT00521,Fondo de Capital Privado Colombia,COP,N/A,NACIONAL,R VARIABLE,VARIABLE,R VARIABLE
CORB0PT00513,Fondo de Capital Privado Colombia,COP,N/A,NACIONAL,R VARIABLE,VARIABLE,R VARIABLE
CORB0PT00497,Fondo de Capital Privado Colombia,COP,N/A,NACIONAL,R VARIABLE,VARIABLE,R VARIABLE
BC EUROPEAN XI PR,Fondo de Capital Privado,USD,N/A,INTERNACIONAL,R VARIABLE,VARIABLE,R VARIABLE
COR5TPT00142,Fondo de Capital Privado Colombia,COP,N/A,NACIONAL,R VARIABLE,VARIABLE,R VARIABLE
TFIP10040522,TF TES,COP,TASA FIJA,NACIONAL,R FIJA,TASA FIJA,R FIJA
TFIC10040522,TF TES,COP,TASA FIJA,NACIONAL,R FIJA,TASA FIJA,R FIJA
COR6APT00165,Fondo de Capital Privado Colombia,COP,N/A,NACIONAL,R VARIABLE,VARIABLE,R VARIABLE
XS2375836983,Notas estructuradas,COP,TASA FIJA,NACIONAL,Notas estructuradas,TASA FIJA,NOTAS ESTRUCTURADAS
CORM3PT00639,Fondo de Capital Privado Colombia,COP,N/A,NACIONAL,R VARIABLE,VARIABLE,R VARIABLE
US9127964V80,TREASURIES-MULTILATERALES-AGENCIAS,USD,TASA FIJA,INTERNACIONAL,R FIJA,TASA FIJA,R FIJA
US912810SZ21,TREASURIES-MULTILATERALES-AGENCIAS,USD,TASA FIJA,INTERNACIONAL,R FIJA,TASA FIJA,R FIJA
MX0MGO0000P2,EM BONDS,MXN,TASA FIJA,INTERNACIONAL,R FIJA,TASA FIJA,R FIJA
BDVI1218B036,Variable-CORPORATIVO LOCAL,COP,IBR,NACIONAL,R FIJA,VARIABLE,R FIJA
COB51PENDIENT1,Variable-CORPORATIVO LOCAL,COP,IBR,NACIONAL,R FIJA,VARIABLE,R FIJA
CORQ2PT00165,FIC ACC. COL.,COP,N/A,NACIONAL,R VARIABLE,VARIABLE,R VARIABLE
CORQ2PT00157,FIC ACC. COL.,COP,N/A,NACIONAL,R VARIABLE,VARIABLE,R VARIABLE
CORQ2PT00181,FIC ACC. COL.,COP,N/A,NACIONAL,R VARIABLE,VARIABLE,R VARIABLE
CORQ2PT00173,FIC ACC. COL.,COP,N/A,NACIONAL,R VARIABLE,VARIABLE,R VARIABLE
CORQ2PT00199,FIC ACC. COL.,COP,N/A,NACIONAL,R VARIABLE,VARIABLE,R VARIABLE
CORQ2PT00140,FIC ACC. COL.,COP,N/A,NACIONAL,R VARIABLE,VARIABLE,R VARIABLE
CDTBCB80PA,Variable-CORPORATIVO LOCAL,COP,IBR,NACIONAL,R FIJA,VARIABLE,R FIJA
COJ19CD00227,CORPORATIVO LOCAL,COP,TASA FIJA,NACIONAL,R FIJA,TASA FIJA,R FIJA
COR7LPT00111,Fondo de Capital Privado Colombia,COP,N/A,NACIONAL,R VARIABLE,VARIABLE,R VARIABLE
BCP CORE EQUITY II PR,Fondo de Capital Privado,USD,N/A,INTERNACIONAL,R VARIABLE,VARIABLE,R VARIABLE
XS2343802141,Notas estructuradas,COP,TASA FIJA,NACIONAL,Notas estructuradas,TASA FIJA,NOTAS ESTRUCTURADAS
LU1823088627,Fondo Mutuo o Fondo Indice,JPY,N/A,INTERNACIONAL,R VARIABLE,VARIABLE,R VARIABLE
LU1616698814,Fondo Mutuo o Fondo Indice,USD,N/A,INTERNACIONAL,R VARIABLE,VARIABLE,R VARIABLE
LU1866970491,Fondo Mutuo o Fondo Indice,USD,N/A,INTERNACIONAL,R VARIABLE,VARIABLE,R VARIABLE
LU0557290854,Fondo Mutuo o Fondo Indice,USD,N/A,INTERNACIONAL,R VARIABLE,VARIABLE,R VARIABLE
US91282CCS89,TREASURIES-MULTILATERALES-AGENCIAS,USD,TASA FIJA,INTERNACIONAL,R FIJA,TASA FIJA,R FIJA
TCO364071221,TF TES,COP,TASA FIJA,NACIONAL,R FIJA,TASA FIJA,R FIJA
BSBCB2218E03,Variable-CORPORATIVO LOCAL,COP,IBR,NACIONAL,R FIJA,VARIABLE,R FIJA
FED5 FCP CD&R XI,Fondo de Capital Privado,USD,N/A,INTERNACIONAL,R VARIABLE,VARIABLE,R VARIABLE
COR28PT00195,Fondo de Capital Privado Colombia,COP,N/A,NACIONAL,R VARIABLE,VARIABLE,R VARIABLE
COR9FPT00051,Fondo de Capital Privado Colombia,COP,N/A,NACIONAL,R VARIABLE,VARIABLE,R VARIABLE
COR7LPT00129,Fondo de Capital Privado Colombia,COP,N/A,NACIONAL,R VARIABLE,VARIABLE,R VARIABLE
TFVT10260331,TF TES,COP,TASA FIJA,NACIONAL,R FIJA,TASA FIJA,R FIJA
IL0011762130,Acciones Colombia,USD,N/A,NACIONAL,R VARIABLE,VARIABLE,R VARIABLE
CORQ2PT00207,FIC ACC. COL.,COP,N/A,NACIONAL,R VARIABLE,VARIABLE,R VARIABLE
INST15071036,Inflacion-CORPORATIVO LOCAL,UVR,TASA FIJA,NACIONAL,R FIJA,INFLACIÓN,R FIJA
SBTAO1218A8C,Variable-CORPORATIVO LOCAL,COP,IBR,NACIONAL,R FIJA,VARIABLE,R FIJA
BBMM1218D003,Variable-CORPORATIVO LOCAL,COP,IBR,NACIONAL,R FIJA,VARIABLE,R FIJA
BSBCB2219C05,Inflacion-CORPORATIVO LOCAL,COP,IPC,NACIONAL,R FIJA,INFLACIÓN,R FIJA
BSBCB2219C12,Inflacion-CORPORATIVO LOCAL,COP,IPC,NACIONAL,R FIJA,INFLACIÓN,R FIJA
SBTAO1219B8C,Inflacion-CORPORATIVO LOCAL,COP,IPC,NACIONAL,R FIJA,INFLACIÓN,R FIJA
CDTFDN80,Variable-CORPORATIVO LOCAL,COP,IBR,NACIONAL,R FIJA,VARIABLE,R FIJA
COR5OPT00044,Fondo de Capital Privado Colombia,COP,N/A,NACIONAL,R VARIABLE,VARIABLE,R VARIABLE
CORJ7PT00031,Fondo de Capital Privado Colombia,COP,N/A,NACIONAL,R VARIABLE,VARIABLE,R VARIABLE
CLAYTON DUBILIER RICE FUND XI LP,Fondo de Capital Privado,USD,N/A,INTERNACIONAL,R VARIABLE,VARIABLE,R VARIABLE
FCP CLAYTON DUBILIER RICE FUND XI,Fondo de Capital Privado,USD,N/A,INTERNACIONAL,R VARIABLE,VARIABLE,R VARIABLE
FCP GTCR FUND XIII,Fondo de Capital Privado,USD,N/A,INTERNACIONAL,R VARIABLE,VARIABLE,R VARIABLE
US912796J677,TREASURIES-MULTILATERALES-AGENCIAS,USD,TASA FIJA,INTERNACIONAL,R FIJA,TASA FIJA,R FIJA
FED5 FCP GSF V,Fondo de Capital Privado,USD,N/A,INTERNACIONAL,R VARIABLE,VARIABLE,R VARIABLE
XS2405360210,Notas estructuradas,COP,TASA FIJA,NACIONAL,Notas estructuradas,TASA FIJA,NOTAS ESTRUCTURADAS
COR39PT00671,Fondo de Capital Privado Colombia,COP,N/A,NACIONAL,R VARIABLE,VARIABLE,R VARIABLE
COR39PT00689,Fondo de Capital Privado Colombia,COP,N/A,NACIONAL,R VARIABLE,VARIABLE,R VARIABLE
COR39PT00697,Fondo de Capital Privado Colombia,COP,N/A,NACIONAL,R VARIABLE,VARIABLE,R VARIABLE
COR39PT00705,Fondo de Capital Privado Colombia,COP,N/A,NACIONAL,R VARIABLE,VARIABLE,R VARIABLE
COR39PT00713,Fondo de Capital Privado Colombia,COP,N/A,NACIONAL,R VARIABLE,VARIABLE,R VARIABLE
COR39PT00721,Fondo de Capital Privado Colombia,COP,N/A,NACIONAL,R VARIABLE,VARIABLE,R VARIABLE
COR39PT00739,Fondo de Capital Privado Colombia,COP,N/A,NACIONAL,R VARIABLE,VARIABLE,R VARIABLE
COR39PT00747,Fondo de Capital Privado Colombia,COP,N/A,NACIONAL,R VARIABLE,VARIABLE,R VARIABLE
COR39PT00754,Fondo de Capital Privado Colombia,COP,N/A,NACIONAL,R VARIABLE,VARIABLE,R VARIABLE
COR39PT00762,Fondo de Capital Privado Colombia,COP,N/A,NACIONAL,R VARIABLE,VARIABLE,R VARIABLE
COR39PT00770,Fondo de Capital Privado Colombia,COP,N/A,NACIONAL,R VARIABLE,VARIABLE,R VARIABLE
COR39PT00788,Fondo de Capital Privado Colombia,COP,N/A,NACIONAL,R VARIABLE,VARIABLE,R VARIABLE
COR39PT00796,Fondo de Capital Privado Colombia,COP,N/A,NACIONAL,R VARIABLE,VARIABLE,R VARIABLE
COR39PT00804,Fondo de Capital Privado Colombia,COP,N/A,NACIONAL,R VARIABLE,VARIABLE,R VARIABLE
COR39PT00655,Fondo de Capital Privado Colombia,COP,N/A,NACIONAL,R VARIABLE,VARIABLE,R VARIABLE
COR39PT00663,Fondo de Capital Privado Colombia,COP,N/A,NACIONAL,R VARIABLE,VARIABLE,R VARIABLE
CORG6PT00713,Fondo de Capital Privado Colombia,COP,N/A,NACIONAL,R VARIABLE,VARIABLE,R VARIABLE
CORG6PT00721,Fondo de Capital Privado Colombia,COP,N/A,NACIONAL,R VARIABLE,VARIABLE,R VARIABLE
CORG6PT00739,Fondo de Capital Privado Colombia,COP,N/A,NACIONAL,R VARIABLE,VARIABLE,R VARIABLE
CORG6PT00747,Fondo de Capital Privado Colombia,COP,N/A,NACIONAL,R VARIABLE,VARIABLE,R VARIABLE
CORG6PT00754,Fondo de Capital Privado Colombia,COP,N/A,NACIONAL,R VARIABLE,VARIABLE,R VARIABLE
CORG6PT00762,Fondo de Capital Privado Colombia,COP,N/A,NACIONAL,R VARIABLE,VARIABLE,R VARIABLE
CORG6PT00770,Fondo de Capital Privado Colombia,COP,N/A,NACIONAL,R VARIABLE,VARIABLE,R VARIABLE
CORG6PT00788,Fondo de Capital Privado Colombia,COP,N/A,NACIONAL,R VARIABLE,VARIABLE,R VARIABLE
CORG6PT00796,Fondo de Capital Privado Colombia,COP,N/A,NACIONAL,R VARIABLE,VARIABLE,R VARIABLE
CORG6PT00804,Fondo de Capital Privado Colombia,COP,N/A,NACIONAL,R VARIABLE,VARIABLE,R VARIABLE
CORG6PT00812,Fondo de Capital Privado Colombia,COP,N/A,NACIONAL,R VARIABLE,VARIABLE,R VARIABLE
CORG6PT00820,Fondo de Capital Privado Colombia,COP,N/A,NACIONAL,R VARIABLE,VARIABLE,R VARIABLE
CORG6PT00838,Fondo de Capital Privado Colombia,COP,N/A,NACIONAL,R VARIABLE,VARIABLE,R VARIABLE
XS2307369012,Notas estructuradas,BRL,TASA FIJA,NACIONAL,Notas estructuradas,TASA FIJA,NOTAS ESTRUCTURADAS
SKJZAVNFCPE1,Fondo de Capital Privado,USD,N/A,INTERNACIONAL,R VARIABLE,VARIABLE,R VARIABLE
FCP ALPINVEST ACF VIII,Fondo de Capital Privado,USD,N/A,INTERNACIONAL,R VARIABLE,VARIABLE,R VARIABLE
CORC4PT00464,Fondo de Capital Privado Colombia,COP,N/A,NACIONAL,R VARIABLE,VARIABLE,R VARIABLE
CORC4PT00480,Fondo de Capital Privado Colombia,COP,N/A,NACIONAL,R VARIABLE,VARIABLE,R VARIABLE
CORC4PT00472,Fondo de Capital Privado Colombia,COP,N/A,NACIONAL,R VARIABLE,VARIABLE,R VARIABLE
CORH2PT00430,Fondo de Capital Privado Colombia,COP,N/A,NACIONAL,R VARIABLE,VARIABLE,R VARIABLE
CORC4PT00506,Fondo de Capital Privado Colombia,COP,N/A,NACIONAL,R VARIABLE,VARIABLE,R VARIABLE
CORC4PT00423,Fondo de Capital Privado Colombia,COP,N/A,NACIONAL,R VARIABLE,VARIABLE,R VARIABLE
CORC4PT00548,Fondo de Capital Privado Colombia,COP,N/A,NACIONAL,R VARIABLE,VARIABLE,R VARIABLE
CORC4PT00415,Fondo de Capital Privado Colombia,COP,N/A,NACIONAL,R VARIABLE,VARIABLE,R VARIABLE
CORC4PT00407,Fondo de Capital Privado Colombia,COP,N/A,NACIONAL,R VARIABLE,VARIABLE,R VARIABLE
CORC4PT00530,Fondo de Capital Privado Colombia,COP,N/A,NACIONAL,R VARIABLE,VARIABLE,R VARIABLE
COR4DPT00230,Fondo de Capital Privado Colombia,COP,N/A,NACIONAL,R VARIABLE,VARIABLE,R VARIABLE
COR4DPT00255,Fondo de Capital Privado Colombia,COP,N/A,NACIONAL,R VARIABLE,VARIABLE,R VARIABLE
COR9QPT00942,Fondo de Capital Privado Colombia,COP,N/A,NACIONAL,R VARIABLE,VARIABLE,R VARIABLE
CORC4PT00431,Fondo de Capital Privado Colombia,COP,N/A,NACIONAL,R VARIABLE,VARIABLE,R VARIABLE
CORC4PT00399,Fondo de Capital Privado Colombia,COP,N/A,NACIONAL,R VARIABLE,VARIABLE,R VARIABLE
CORC4PT00381,Fondo de Capital Privado Colombia,COP,N/A,NACIONAL,R VARIABLE,VARIABLE,R VARIABLE
COR4DPT00248,Fondo de Capital Privado Colombia,COP,N/A,NACIONAL,R VARIABLE,VARIABLE,R VARIABLE
CORC4PT00514,Fondo de Capital Privado Colombia,COP,N/A,NACIONAL,R VARIABLE,VARIABLE,R VARIABLE
COR4DPT00263,Fondo de Capital Privado Colombia,COP,N/A,NACIONAL,R VARIABLE,VARIABLE,R VARIABLE
CORC4PT00522,Fondo de Capital Privado Colombia,COP,N/A,NACIONAL,R VARIABLE,VARIABLE,R VARIABLE
CORC4PT00563,Fondo de Capital Privado Colombia,COP,N/A,NACIONAL,R VARIABLE,VARIABLE,R VARIABLE
CORC4PT00498,Fondo de Capital Privado Colombia,COP,N/A,NACIONAL,R VARIABLE,VARIABLE,R VARIABLE
CORC4PT00456,Fondo de Capital Privado Colombia,COP,N/A,NACIONAL,R VARIABLE,VARIABLE,R VARIABLE
CORC4PT00449,Fondo de Capital Privado Colombia,COP,N/A,NACIONAL,R VARIABLE,VARIABLE,R VARIABLE
CORC4PT00555,Fondo de Capital Privado Colombia,COP,N/A,NACIONAL,R VARIABLE,VARIABLE,R VARIABLE
CORQ2PT00215,FIC ACC. COL.,COP,N/A,NACIONAL,R VARIABLE,VARIABLE,R VARIABLE
BSCFC1219A12,Inflacion-CORPORATIVO LOCAL,COP,IPC,NACIONAL,R FIJA,INFLACIÓN,R FIJA
BBOC1208D036,Variable-CORPORATIVO LOCAL,COP,IBR,NACIONAL,R FIJA,VARIABLE,R FIJA
COR6APT00173,Fondo de Capital Privado Colombia,COP,N/A,NACIONAL,R VARIABLE,VARIABLE,R VARIABLE
FED5 FCP H&F X,Fondo de Capital Privado,USD,N/A,INTERNACIONAL,R VARIABLE,VARIABLE,R VARIABLE
COR6APT00181,Fondo de Capital Privado Colombia,COP,N/A,NACIONAL,R VARIABLE,VARIABLE,R VARIABLE
FEP5 FCP ALTRA FCP 1,Fondo de Capital Privado Colombia,COP,N/A,NACIONAL,R VARIABLE,VARIABLE,R VARIABLE
COR23PT00766,Fondo de Capital Privado Colombia,COP,N/A,NACIONAL,R VARIABLE,VARIABLE,R VARIABLE
COR23PT00774,Fondo de Capital Privado Colombia,COP,N/A,NACIONAL,R VARIABLE,VARIABLE,R VARIABLE
COR23PT00782,Fondo de Capital Privado Colombia,COP,N/A,NACIONAL,R VARIABLE,VARIABLE,R VARIABLE
COR23PT00790,Fondo de Capital Privado Colombia,COP,N/A,NACIONAL,R VARIABLE,VARIABLE,R VARIABLE
COR5LPT00206,Fondo de Capital Privado Colombia,COP,N/A,NACIONAL,R VARIABLE,VARIABLE,R VARIABLE
HELLMAN FRIEDMAN CAPITAL PARTNERS X LP,Fondo de Capital Privado,USD,N/A,INTERNACIONAL,R VARIABLE,VARIABLE,R VARIABLE
BSIS3208E003,Variable-CORPORATIVO LOCAL,COP,IBR,NACIONAL,R FIJA,VARIABLE,R FIJA
BFDN1208D003,Variable-CORPORATIVO LOCAL,COP,IBR,NACIONAL,R FIJA,VARIABLE,R FIJA
BBPO7218D002,Variable-CORPORATIVO LOCAL,COP,IBR,NACIONAL,R FIJA,VARIABLE,R FIJA
BITU9208B036,Variable-CORPORATIVO LOCAL,COP,IBR,NACIONAL,R FIJA,VARIABLE,R FIJA
BBPO7219C005,Inflacion-CORPORATIVO LOCAL,COP,IPC,NACIONAL,R FIJA,INFLACIÓN,R FIJA
BICX1219C007,Inflacion-CORPORATIVO LOCAL,COP,IPC,NACIONAL,R FIJA,INFLACIÓN,R FIJA
BDVI4179C120,Inflacion-CORPORATIVO LOCAL,COP,IPC,NACIONAL,R FIJA,INFLACIÓN,R FIJA
COV64PT00010,Titularización Inmobiliaria,COP,N/A,NACIONAL,R VARIABLE,VARIABLE,R VARIABLE
CTDCLP80,Variable-CORPORATIVO LOCAL,COP,IBR,NACIONAL,R FIJA,VARIABLE,R FIJA
XS2403126977,Notas estructuradas,BRL,TASA FIJA,NACIONAL,Notas estructuradas,TASA FIJA,NOTAS ESTRUCTURADAS
XS2307361894,Notas estructuradas,BRL,TASA FIJA,NACIONAL,Notas estructuradas,TASA FIJA,NOTAS ESTRUCTURADAS
XS2307351820,Notas estructuradas,BRL,TASA FIJA,NACIONAL,Notas estructuradas,TASA FIJA,NOTAS ESTRUCTURADAS
XS2403272011,Notas estructuradas,COP,TASA FIJA,NACIONAL,Notas estructuradas,TASA FIJA,NOTAS ESTRUCTURADAS
XS2403847796,Notas estructuradas,MXN,TASA FIJA,NACIONAL,Notas estructuradas,TASA FIJA,NOTAS ESTRUCTURADAS
IE0030759645,SOBERANOS OTRAS MONEDAS,USD,TASA FIJA,INTERNACIONAL,R FIJA,TASA FIJA,R FIJA
FEE5 FCP CVC VIII,Fondo de Capital Privado,EUR,N/A,INTERNACIONAL,R VARIABLE,VARIABLE,R VARIABLE
IE00BFM6TD65,EM CORPORATIVOS,USD,TASA FIJA,INTERNACIONAL,R FIJA,TASA FIJA,R FIJA
IE00B2NPKV68,SOBERANOS OTRAS MONEDAS,USD,TASA FIJA,INTERNACIONAL,R FIJA,TASA FIJA,R FIJA
IE00B5M4WH52,SOBERANOS OTRAS MONEDAS,USD,TASA FIJA,INTERNACIONAL,R FIJA,TASA FIJA,R FIJA
US912796F386,TREASURIES-MULTILATERALES-AGENCIAS,USD,TASA FIJA,INTERNACIONAL,R FIJA,TASA FIJA,R FIJA
COB51CD017P5,CORPORATIVO LOCAL,COP,TASA FIJA,NACIONAL,R FIJA,TASA FIJA,R FIJA
US912810TB44,TREASURIES-MULTILATERALES-AGENCIAS,USD,TASA FIJA,INTERNACIONAL,R FIJA,TASA FIJA,R FIJA
CORR7PT00031,Fondo de Capital Privado Colombia,COP,N/A,NACIONAL,R VARIABLE,VARIABLE,R VARIABLE
COR05PT01860,Fondo de Capital Privado Colombia,COP,N/A,NACIONAL,R VARIABLE,VARIABLE,R VARIABLE
CORR6PT00033,Fondo de Capital Privado Colombia,COP,N/A,NACIONAL,R VARIABLE,VARIABLE,R VARIABLE
COR26PT02013,Fondo de Capital Privado Colombia,COP,N/A,NACIONAL,R VARIABLE,VARIABLE,R VARIABLE
COR26PT01965,Fondo de Capital Privado Colombia,COP,N/A,NACIONAL,R VARIABLE,VARIABLE,R VARIABLE
COR5OPT00051,Fondo de Capital Privado Colombia,COP,N/A,NACIONAL,R VARIABLE,VARIABLE,R VARIABLE
COR26PT02054,Fondo de Capital Privado Colombia,COP,N/A,NACIONAL,R VARIABLE,VARIABLE,R VARIABLE
COR26PT02062,Fondo de Capital Privado Colombia,COP,N/A,NACIONAL,R VARIABLE,VARIABLE,R VARIABLE
COR26PT02021,Fondo de Capital Privado Colombia,COP,N/A,NACIONAL,R VARIABLE,VARIABLE,R VARIABLE
COR26PT02047,Fondo de Capital Privado Colombia,COP,N/A,NACIONAL,R VARIABLE,VARIABLE,R VARIABLE
COR26PT02096,Fondo de Capital Privado Colombia,COP,N/A,NACIONAL,R VARIABLE,VARIABLE,R VARIABLE
COR26PT02146,Fondo de Capital Privado Colombia,COP,N/A,NACIONAL,R VARIABLE,VARIABLE,R VARIABLE
COR26PT01999,Fondo de Capital Privado Colombia,COP,N/A,NACIONAL,R VARIABLE,VARIABLE,R VARIABLE
COR05PT01811,Fondo de Capital Privado Colombia,COP,N/A,NACIONAL,R VARIABLE,VARIABLE,R VARIABLE
COR26PT01916,Fondo de Capital Privado Colombia,COP,N/A,NACIONAL,R VARIABLE,VARIABLE,R VARIABLE
COR26PT01932,Fondo de Capital Privado Colombia,COP,N/A,NACIONAL,R VARIABLE,VARIABLE,R VARIABLE
COR05PT01803,Fondo de Capital Privado Colombia,COP,N/A,NACIONAL,R VARIABLE,VARIABLE,R VARIABLE
COR26PT02005,Fondo de Capital Privado Colombia,COP,N/A,NACIONAL,R VARIABLE,VARIABLE,R VARIABLE
COR26PT02187,Fondo de Capital Privado Colombia,COP,N/A,NACIONAL,R VARIABLE,VARIABLE,R VARIABLE
COR26PT01957,Fondo de Capital Privado Colombia,COP,N/A,NACIONAL,R VARIABLE,VARIABLE,R VARIABLE
COR26PT01924,Fondo de Capital Privado Colombia,COP,N/A,NACIONAL,R VARIABLE,VARIABLE,R VARIABLE
COR26PT02070,Fondo de Capital Privado Colombia,COP,N/A,NACIONAL,R VARIABLE,VARIABLE,R VARIABLE
COR26PT01874,Fondo de Capital Privado Colombia,COP,N/A,NACIONAL,R VARIABLE,VARIABLE,R VARIABLE
COR26PT02104,Fondo de Capital Privado Colombia,COP,N/A,NACIONAL,R VARIABLE,VARIABLE,R VARIABLE
COR26PT01940,Fondo de Capital Privado Colombia,COP,N/A,NACIONAL,R VARIABLE,VARIABLE,R VARIABLE
COR26PT02120,Fondo de Capital Privado Colombia,COP,N/A,NACIONAL,R VARIABLE,VARIABLE,R VARIABLE
COR9QPT01163,Fondo de Capital Privado Colombia,COP,N/A,NACIONAL,R VARIABLE,VARIABLE,R VARIABLE
COR9QPT01155,Fondo de Capital Privado Colombia,COP,N/A,NACIONAL,R VARIABLE,VARIABLE,R VARIABLE
COR9QPT01346,Fondo de Capital Privado Colombia,COP,N/A,NACIONAL,R VARIABLE,VARIABLE,R VARIABLE
COR26PT02039,Fondo de Capital Privado Colombia,COP,N/A,NACIONAL,R VARIABLE,VARIABLE,R VARIABLE
COR9QPT01353,Fondo de Capital Privado Colombia,COP,N/A,NACIONAL,R VARIABLE,VARIABLE,R VARIABLE
COR9QPT01304,Fondo de Capital Privado Colombia,COP,N/A,NACIONAL,R VARIABLE,VARIABLE,R VARIABLE
COR9QPT00991,Fondo de Capital Privado Colombia,COP,N/A,NACIONAL,R VARIABLE,VARIABLE,R VARIABLE
COR9QPT01239,Fondo de Capital Privado Colombia,COP,N/A,NACIONAL,R VARIABLE,VARIABLE,R VARIABLE
COR9QPT01106,Fondo de Capital Privado Colombia,COP,N/A,NACIONAL,R VARIABLE,VARIABLE,R VARIABLE
COR9QPT01395,Fondo de Capital Privado Colombia,COP,N/A,NACIONAL,R VARIABLE,VARIABLE,R VARIABLE
COR9QPT01007,Fondo de Capital Privado Colombia,COP,N/A,NACIONAL,R VARIABLE,VARIABLE,R VARIABLE
COR9QPT01361,Fondo de Capital Privado Colombia,COP,N/A,NACIONAL,R VARIABLE,VARIABLE,R VARIABLE
COR9QPT01114,Fondo de Capital Privado Colombia,COP,N/A,NACIONAL,R VARIABLE,VARIABLE,R VARIABLE
COR9QPT00983,Fondo de Capital Privado Colombia,COP,N/A,NACIONAL,R VARIABLE,VARIABLE,R VARIABLE
COR9QPT00975,Fondo de Capital Privado Colombia,COP,N/A,NACIONAL,R VARIABLE,VARIABLE,R VARIABLE
COR9QPT01130,Fondo de Capital Privado Colombia,COP,N/A,NACIONAL,R VARIABLE,VARIABLE,R VARIABLE
COR9QPT01379,Fondo de Capital Privado Colombia,COP,N/A,NACIONAL,R VARIABLE,VARIABLE,R VARIABLE
COR9QPT01213,Fondo de Capital Privado Colombia,COP,N/A,NACIONAL,R VARIABLE,VARIABLE,R VARIABLE
COR9QPT01387,Fondo de Capital Privado Colombia,COP,N/A,NACIONAL,R VARIABLE,VARIABLE,R VARIABLE
COR9QPT01072,Fondo de Capital Privado Colombia,COP,N/A,NACIONAL,R VARIABLE,VARIABLE,R VARIABLE
COR9QPT01221,Fondo de Capital Privado Colombia,COP,N/A,NACIONAL,R VARIABLE,VARIABLE,R VARIABLE
COR26PT01973,Fondo de Capital Privado Colombia,COP,N/A,NACIONAL,R VARIABLE,VARIABLE,R VARIABLE
COR9QPT01288,Fondo de Capital Privado Colombia,COP,N/A,NACIONAL,R VARIABLE,VARIABLE,R VARIABLE
COR9QPT01320,Fondo de Capital Privado Colombia,COP,N/A,NACIONAL,R VARIABLE,VARIABLE,R VARIABLE
COR9QPT01171,Fondo de Capital Privado Colombia,COP,N/A,NACIONAL,R VARIABLE,VARIABLE,R VARIABLE
COR9QPT01080,Fondo de Capital Privado Colombia,COP,N/A,NACIONAL,R VARIABLE,VARIABLE,R VARIABLE
COR9QPT01254,Fondo de Capital Privado Colombia,COP,N/A,NACIONAL,R VARIABLE,VARIABLE,R VARIABLE
COR9QPT01023,Fondo de Capital Privado Colombia,COP,N/A,NACIONAL,R VARIABLE,VARIABLE,R VARIABLE
COR9QPT01015,Fondo de Capital Privado Colombia,COP,N/A,NACIONAL,R VARIABLE,VARIABLE,R VARIABLE
COR9QPT00967,Fondo de Capital Privado Colombia,COP,N/A,NACIONAL,R VARIABLE,VARIABLE,R VARIABLE
COR9QPT01031,Fondo de Capital Privado Colombia,COP,N/A,NACIONAL,R VARIABLE,VARIABLE,R VARIABLE
COR9QPT01056,Fondo de Capital Privado Colombia,COP,N/A,NACIONAL,R VARIABLE,VARIABLE,R VARIABLE
COR9QPT01296,Fondo de Capital Privado Colombia,COP,N/A,NACIONAL,R VARIABLE,VARIABLE,R VARIABLE
COR9QPT01247,Fondo de Capital Privado Colombia,COP,N/A,NACIONAL,R VARIABLE,VARIABLE,R VARIABLE
COR9QPT00959,Fondo de Capital Privado Colombia,COP,N/A,NACIONAL,R VARIABLE,VARIABLE,R VARIABLE
COR9QPT01049,Fondo de Capital Privado Colombia,COP,N/A,NACIONAL,R VARIABLE,VARIABLE,R VARIABLE
COR9QPT01312,Fondo de Capital Privado Colombia,COP,N/A,NACIONAL,R VARIABLE,VARIABLE,R VARIABLE
COR9QPT01270,Fondo de Capital Privado Colombia,COP,N/A,NACIONAL,R VARIABLE,VARIABLE,R VARIABLE
COR26PT02088,Fondo de Capital Privado Colombia,COP,N/A,NACIONAL,R VARIABLE,VARIABLE,R VARIABLE
COR26PT02161,Fondo de Capital Privado Colombia,COP,N/A,NACIONAL,R VARIABLE,VARIABLE,R VARIABLE
COR9QPT01205,Fondo de Capital Privado Colombia,COP,N/A,NACIONAL,R VARIABLE,VARIABLE,R VARIABLE
COR9QPT01262,Fondo de Capital Privado Colombia,COP,N/A,NACIONAL,R VARIABLE,VARIABLE,R VARIABLE
COR9QPT01064,Fondo de Capital Privado Colombia,COP,N/A,NACIONAL,R VARIABLE,VARIABLE,R VARIABLE
COR9QPT01122,Fondo de Capital Privado Colombia,COP,N/A,NACIONAL,R VARIABLE,VARIABLE,R VARIABLE
COR9QPT01148,Fondo de Capital Privado Colombia,COP,N/A,NACIONAL,R VARIABLE,VARIABLE,R VARIABLE
COR9QPT01189,Fondo de Capital Privado Colombia,COP,N/A,NACIONAL,R VARIABLE,VARIABLE,R VARIABLE
COR9QPT01197,Fondo de Capital Privado Colombia,COP,N/A,NACIONAL,R VARIABLE,VARIABLE,R VARIABLE
COR26PT01882,Fondo de Capital Privado Colombia,COP,N/A,NACIONAL,R VARIABLE,VARIABLE,R VARIABLE
COR26PT01890,Fondo de Capital Privado Colombia,COP,N/A,NACIONAL,R VARIABLE,VARIABLE,R VARIABLE
COR9QPT01338,Fondo de Capital Privado Colombia,COP,N/A,NACIONAL,R VARIABLE,VARIABLE,R VARIABLE
COR9QPT01098,Fondo de Capital Privado Colombia,COP,N/A,NACIONAL,R VARIABLE,VARIABLE,R VARIABLE
STRATEGIC PARTNERS OFFSHORE IX LP,Fondo de Capital Privado,USD,N/A,INTERNACIONAL,R VARIABLE,VARIABLE,R VARIABLE
FCP CVC CAPITAL PARTNERS VIII,Fondo de Capital Privado,EUR,N/A,INTERNACIONAL,R VARIABLE,VARIABLE,R VARIABLE
SP STRATEGIC PARTNERS IX SE,Fondo de Capital Privado,USD,N/A,INTERNACIONAL,R VARIABLE,VARIABLE,R VARIABLE
FCP ICG VIII,Fondo de Capital Privado,EUR,N/A,INTERNACIONAL,R VARIABLE,VARIABLE,R VARIABLE
TA TA ASSOCIATES XIV PR,Fondo de Capital Privado,USD,N/A,INTERNACIONAL,R VARIABLE,VARIABLE,R VARIABLE
CORQ5PT00010,Fondo de Capital Privado Colombia,COP,N/A,NACIONAL,R VARIABLE,VARIABLE,R VARIABLE
FCP DEUDA INFRAESTRUCTURA II SURA CREDICORP CAPITA,Fondo de Capital Privado Colombia,COP,N/A,NACIONAL,R VARIABLE,VARIABLE,R VARIABLE
CORR6PT00017,Fondo de Capital Privado Colombia,COP,N/A,NACIONAL,R VARIABLE,VARIABLE,R VARIABLE
BSICX1219C10,Inflacion-CORPORATIVO LOCAL,COP,IPC,NACIONAL,R FIJA,INFLACIÓN,R FIJA
BSICX1217M15,Inflacion-CORPORATIVO LOCAL,UVR,TASA FIJA,NACIONAL,R FIJA,INFLACIÓN,R FIJA
BSICX1219C05,Inflacion-CORPORATIVO LOCAL,COP,IPC,NACIONAL,R FIJA,INFLACIÓN,R FIJA
SBBP119SA003,CORPORATIVO LOCAL,COP,TASA FIJA,NACIONAL,R FIJA,TASA FIJA,R FIJA
BSBTA0219D12,Inflacion-CORPORATIVO LOCAL,COP,IPC,NACIONAL,R FIJA,INFLACIÓN,R FIJA
BSBTA0217O20,Inflacion-CORPORATIVO LOCAL,UVR,TASA FIJA,NACIONAL,R FIJA,INFLACIÓN,R FIJA
IE00BYYJHW11,MONEY MARKET,USD,N/A,INTERNACIONAL,CAJA,VARIABLE,CAJA
US91282CDJ71,TREASURIES-MULTILATERALES-AGENCIAS,USD,TASA FIJA,INTERNACIONAL,R FIJA,TASA FIJA,R FIJA
IE00BF47M052,Fondo Mutuo o Fondo Indice,USD,N/A,INTERNACIONAL,R VARIABLE,VARIABLE,R VARIABLE
COR4LPT00043,Fondo de Capital Privado Colombia,COP,N/A,NACIONAL,R VARIABLE,VARIABLE,R VARIABLE
FED5 FCP DYAL V,Fondo de Capital Privado,USD,N/A,INTERNACIONAL,R VARIABLE,VARIABLE,R VARIABLE
COR97PT00133,Fondo de Capital Privado Colombia,COP,N/A,NACIONAL,R VARIABLE,VARIABLE,R VARIABLE
COR97PT00141,Fondo de Capital Privado Colombia,COP,N/A,NACIONAL,R VARIABLE,VARIABLE,R VARIABLE
TFIT21280542,TF TES,COP,TASA FIJA,NACIONAL,R FIJA,TASA FIJA,R FIJA
FED5 FCP NAUTIC X,Fondo de Capital Privado,USD,N/A,INTERNACIONAL,R VARIABLE,VARIABLE,R VARIABLE
COT13PA00086,Acciones Colombia,COP,N/A,NACIONAL,R VARIABLE,VARIABLE,R VARIABLE
CORM3PT00647,Fondo de Capital Privado Colombia,COP,N/A,NACIONAL,R VARIABLE,VARIABLE,R VARIABLE
LU2376026337,Fondo Mutuo o Fondo Indice,USD,N/A,INTERNACIONAL,R VARIABLE,VARIABLE,R VARIABLE
LU0908500753,Fondo Mutuo o Fondo Indice,EUR,N/A,INTERNACIONAL,R VARIABLE,VARIABLE,R VARIABLE
CORR7PT00023,Fondo de Capital Privado Colombia,COP,N/A,NACIONAL,R VARIABLE,VARIABLE,R VARIABLE
STARWOOD DISTRESSED OPPORTUNITY FUND XII LP,Fondo de Capital Privado,USD,N/A,INTERNACIONAL,R VARIABLE,VARIABLE,R VARIABLE
CORB6PA00015,Acciones Colombia,COP,N/A,NACIONAL,R VARIABLE,VARIABLE,R VARIABLE
IE00BYXWZK58,SOBERANOS OTRAS MONEDAS,USD,TASA FIJA,INTERNACIONAL,R FIJA,TASA FIJA,R FIJA
BLVS1219A003,Inflacion-CORPORATIVO LOCAL,COP,IPC,NACIONAL,R FIJA,INFLACIÓN,R FIJA
BPMG2209A005,Inflacion-CORPORATIVO LOCAL,COP,IPC,NACIONAL,R FIJA,INFLACIÓN,R FIJA
COR6APT00199,Fondo de Capital Privado Colombia,COP,N/A,NACIONAL,R VARIABLE,VARIABLE,R VARIABLE
TCO364080322,TF TES,COP,TASA FIJA,NACIONAL,R FIJA,TASA FIJA,R FIJA
FED5 FCP STEPSTONE VC SEC V,Fondo de Capital Privado,USD,N/A,INTERNACIONAL,R VARIABLE,VARIABLE,R VARIABLE
CDTFDNS0V,CORPORATIVO LOCAL,COP,TASA FIJA,NACIONAL,R FIJA,TASA FIJA,R FIJA
TCO364070323,TF TES,COP,TASA FIJA,NACIONAL,R FIJA,TASA FIJA,R FIJA
BCCB2209C5,Inflacion-CORPORATIVO LOCAL,COP,IPC,NACIONAL,R FIJA,INFLACIÓN,R FIJA
USP7648MAA55,Inflacion-CORPORATIVO LOCAL,UVR,TASA FIJA,NACIONAL,R FIJA,INFLACIÓN,R FIJA
BVBBO1208C03,Variable-CORPORATIVO LOCAL,COP,IBR,NACIONAL,R FIJA,VARIABLE,R FIJA
CDTTYA80P,Variable-CORPORATIVO LOCAL,COP,IBR,NACIONAL,R FIJA,VARIABLE,R FIJA
CDTBMM80P,Variable-CORPORATIVO LOCAL,COP,IBR,NACIONAL,R FIJA,VARIABLE,R FIJA
CDTBCBS0VA,CORPORATIVO LOCAL,COP,TASA FIJA,NACIONAL,R FIJA,TASA FIJA,R FIJA
COR5OPT00085,Fondo de Capital Privado Colombia,COP,N/A,NACIONAL,R VARIABLE,VARIABLE,R VARIABLE
COR5OPT00077,Fondo de Capital Privado Colombia,COP,N/A,NACIONAL,R VARIABLE,VARIABLE,R VARIABLE
COR5OPT00069,Fondo de Capital Privado Colombia,COP,N/A,NACIONAL,R VARIABLE,VARIABLE,R VARIABLE
COR9QPT01403,Fondo de Capital Privado Colombia,COP,N/A,NACIONAL,R VARIABLE,VARIABLE,R VARIABLE
COR9HPT00040,Fondo de Capital Privado Colombia,COP,N/A,NACIONAL,R VARIABLE,VARIABLE,R VARIABLE
XS2440290356,Notas estructuradas,BRL,TASA FIJA,NACIONAL,Notas estructuradas,TASA FIJA,NOTAS ESTRUCTURADAS
XS2410465087,Notas estructuradas,BRL,TASA FIJA,NACIONAL,Notas estructuradas,TASA FIJA,NOTAS ESTRUCTURADAS
TCO364061222,TF TES,COP,TASA FIJA,NACIONAL,R FIJA,TASA FIJA,R FIJA
CORH5PT00516,Fondo de Capital Privado Colombia,COP,N/A,NACIONAL,R VARIABLE,VARIABLE,R VARIABLE
CORH5PT00524,Fondo de Capital Privado Colombia,COP,N/A,NACIONAL,R VARIABLE,VARIABLE,R VARIABLE
CORH5PT00532,Fondo de Capital Privado Colombia,COP,N/A,NACIONAL,R VARIABLE,VARIABLE,R VARIABLE
CORH5PT00540,Fondo de Capital Privado Colombia,COP,N/A,NACIONAL,R VARIABLE,VARIABLE,R VARIABLE
CORH5PT00557,Fondo de Capital Privado Colombia,COP,N/A,NACIONAL,R VARIABLE,VARIABLE,R VARIABLE
CORH5PT00565,Fondo de Capital Privado Colombia,COP,N/A,NACIONAL,R VARIABLE,VARIABLE,R VARIABLE
CORH5PT00573,Fondo de Capital Privado Colombia,COP,N/A,NACIONAL,R VARIABLE,VARIABLE,R VARIABLE
CORH5PT00581,Fondo de Capital Privado Colombia,COP,N/A,NACIONAL,R VARIABLE,VARIABLE,R VARIABLE
CORH5PT00508,Fondo de Capital Privado Colombia,COP,N/A,NACIONAL,R VARIABLE,VARIABLE,R VARIABLE
CORI5PT00523,Fondo de Capital Privado Colombia,COP,N/A,NACIONAL,R VARIABLE,VARIABLE,R VARIABLE
CORI5PT00531,Fondo de Capital Privado Colombia,COP,N/A,NACIONAL,R VARIABLE,VARIABLE,R VARIABLE
CORI5PT00549,Fondo de Capital Privado Colombia,COP,N/A,NACIONAL,R VARIABLE,VARIABLE,R VARIABLE
CORI5PT00556,Fondo de Capital Privado Colombia,COP,N/A,NACIONAL,R VARIABLE,VARIABLE,R VARIABLE
CORI5PT00564,Fondo de Capital Privado Colombia,COP,N/A,NACIONAL,R VARIABLE,VARIABLE,R VARIABLE
CORI5PT00572,Fondo de Capital Privado Colombia,COP,N/A,NACIONAL,R VARIABLE,VARIABLE,R VARIABLE
CORI5PT00580,Fondo de Capital Privado Colombia,COP,N/A,NACIONAL,R VARIABLE,VARIABLE,R VARIABLE
CORI5PT00598,Fondo de Capital Privado Colombia,COP,N/A,NACIONAL,R VARIABLE,VARIABLE,R VARIABLE
CORI5PT00606,Fondo de Capital Privado Colombia,COP,N/A,NACIONAL,R VARIABLE,VARIABLE,R VARIABLE
CORI5PT00515,Fondo de Capital Privado Colombia,COP,N/A,NACIONAL,R VARIABLE,VARIABLE,R VARIABLE
US912810TD00,TREASURIES-MULTILATERALES-AGENCIAS,USD,TASA FIJA,INTERNACIONAL,R FIJA,TASA FIJA,R FIJA
BHI,Acciones Colombia,COP,N/A,NACIONAL,R VARIABLE,VARIABLE,R VARIABLE
BBPO621SB005,CORPORATIVO LOCAL,COP,TASA FIJA,NACIONAL,R FIJA,TASA FIJA,R FIJA
BISG6229C015,Inflacion-CORPORATIVO LOCAL,COP,TASA FIJA,NACIONAL,R FIJA,INFLACIÓN,R FIJA
BVFAN0228D24,Variable-CORPORATIVO LOCAL,COP,IBR,NACIONAL,R FIJA,VARIABLE,R FIJA
BBPO822SB003,CORPORATIVO LOCAL,COP,TASA FIJA,NACIONAL,R FIJA,TASA FIJA,R FIJA
COR1EPT00051,Fondo de Capital Privado Colombia,COP,N/A,NACIONAL,R VARIABLE,VARIABLE,R VARIABLE
COR26PT02286,Fondo de Capital Privado Colombia,COP,N/A,NACIONAL,R VARIABLE,VARIABLE,R VARIABLE
COR26PT02336,Fondo de Capital Privado Colombia,COP,N/A,NACIONAL,R VARIABLE,VARIABLE,R VARIABLE
COR26PT02278,Fondo de Capital Privado Colombia,COP,N/A,NACIONAL,R VARIABLE,VARIABLE,R VARIABLE
COR26PT02328,Fondo de Capital Privado Colombia,COP,N/A,NACIONAL,R VARIABLE,VARIABLE,R VARIABLE
COR26PT02351,Fondo de Capital Privado Colombia,COP,N/A,NACIONAL,R VARIABLE,VARIABLE,R VARIABLE
COR26PT02211,Fondo de Capital Privado Colombia,COP,N/A,NACIONAL,R VARIABLE,VARIABLE,R VARIABLE
COR26PT02385,Fondo de Capital Privado Colombia,COP,N/A,NACIONAL,R VARIABLE,VARIABLE,R VARIABLE
COR26PT02427,Fondo de Capital Privado Colombia,COP,N/A,NACIONAL,R VARIABLE,VARIABLE,R VARIABLE
CORH4PT00592,Fondo de Capital Privado Colombia,COP,N/A,NACIONAL,R VARIABLE,VARIABLE,R VARIABLE
COR26PT02260,Fondo de Capital Privado Colombia,COP,N/A,NACIONAL,R VARIABLE,VARIABLE,R VARIABLE
COR26PT02377,Fondo de Capital Privado Colombia,COP,N/A,NACIONAL,R VARIABLE,VARIABLE,R VARIABLE
COR26PT02195,Fondo de Capital Privado Colombia,COP,N/A,NACIONAL,R VARIABLE,VARIABLE,R VARIABLE
CORH4PT00550,Fondo de Capital Privado Colombia,COP,N/A,NACIONAL,R VARIABLE,VARIABLE,R VARIABLE
CORH4PT00527,Fondo de Capital Privado Colombia,COP,N/A,NACIONAL,R VARIABLE,VARIABLE,R VARIABLE
CORH4PT00584,Fondo de Capital Privado Colombia,COP,N/A,NACIONAL,R VARIABLE,VARIABLE,R VARIABLE
CORH4PT00576,Fondo de Capital Privado Colombia,COP,N/A,NACIONAL,R VARIABLE,VARIABLE,R VARIABLE
CORH4PT00535,Fondo de Capital Privado Colombia,COP,N/A,NACIONAL,R VARIABLE,VARIABLE,R VARIABLE
CORH4PT00568,Fondo de Capital Privado Colombia,COP,N/A,NACIONAL,R VARIABLE,VARIABLE,R VARIABLE
CORH4PT00519,Fondo de Capital Privado Colombia,COP,N/A,NACIONAL,R VARIABLE,VARIABLE,R VARIABLE
CORH4PT00543,Fondo de Capital Privado Colombia,COP,N/A,NACIONAL,R VARIABLE,VARIABLE,R VARIABLE
CARLYLE PARTNERS VIII LP,Fondo de Capital Privado,USD,N/A,INTERNACIONAL,R VARIABLE,VARIABLE,R VARIABLE
XS2410439249,Notas estructuradas,COP,N/A,Notas estructuradas,Notas estructuradas,Notas estructuradas,NOTAS ESTRUCTURADAS
XS2410448406,Notas estructuradas,COP,N/A,Notas estructuradas,Notas estructuradas,Notas estructuradas,NOTAS ESTRUCTURADAS
XS2410449396,Notas estructuradas,COP,N/A,Notas estructuradas,Notas estructuradas,Notas estructuradas,NOTAS ESTRUCTURADAS
LU0843232686,EM CORPORATIVOS,USD,TASA FIJA,INTERNACIONAL,R FIJA,TASA FIJA,R FIJA
IE00B99K4563,SOBERANOS OTRAS MONEDAS,USD,TASA FIJA,INTERNACIONAL,R FIJA,TASA FIJA,R FIJA
SKJZAVWFCP01,Fondo de Capital Privado,USD,N/A,INTERNACIONAL,R VARIABLE,VARIABLE,R VARIABLE
LU0248042839,Fondo Mutuo o Fondo Indice,USD,N/A,INTERNACIONAL,R VARIABLE,VARIABLE,R VARIABLE
US46432F8427,Fondo Mutuo o Fondo Indice,USD,N/A,INTERNACIONAL,R VARIABLE,VARIABLE,R VARIABLE
XS2456893903,Notas estructuradas,BRL,TASA FIJA,NACIONAL,Notas estructuradas,TASA FIJA,NOTAS ESTRUCTURADAS
XS2474503864,Notas estructuradas,BRL,TASA FIJA,NACIONAL,Notas estructuradas,TASA FIJA,NOTAS ESTRUCTURADAS
HBV HARBOURVEST VI CI,Fondo de Capital Privado,USD,N/A,INTERNACIONAL,R VARIABLE,VARIABLE,R VARIABLE
CLEARLAKE CAPITAL PARTNERS VII LP,Fondo de Capital Privado,USD,N/A,INTERNACIONAL,R VARIABLE,VARIABLE,R VARIABLE
LU0111012836,Fondo Mutuo o Fondo Indice,USD,N/A,INTERNACIONAL,R VARIABLE,VARIABLE,R VARIABLE
COR6APT00215,Fondo de Capital Privado Colombia,COP,N/A,NACIONAL,R VARIABLE,VARIABLE,R VARIABLE
BSBCX222SB36,CORPORATIVO LOCAL,COP,TASA FIJA,NACIONAL,R FIJA,TASA FIJA,R FIJA
BSBCX222SB24,CORPORATIVO LOCAL,COP,TASA FIJA,NACIONAL,R FIJA,TASA FIJA,R FIJA
BGEB1207E022,Inflacion-CORPORATIVO LOCAL,UVR,TASA FIJA,NACIONAL,R FIJA,INFLACIÓN,R FIJA
CDTCFC75,Inflacion-CORPORATIVO LOCAL,UVR,TASA FIJA,NACIONAL,R FIJA,INFLACIÓN,R FIJA
XS2080511723,Notas estructuradas,COP,TASA FIJA,NACIONAL,Notas estructuradas,TASA FIJA,NOTAS ESTRUCTURADAS
COR97PT00158,Fondo de Capital Privado Colombia,COP,N/A,NACIONAL,R VARIABLE,VARIABLE,R VARIABLE
COR97PT00166,Fondo de Capital Privado Colombia,COP,N/A,NACIONAL,R VARIABLE,VARIABLE,R VARIABLE
COB13CD0KFQ2,CORPORATIVO LOCAL,COP,TASA FIJA,NACIONAL,R FIJA,TASA FIJA,R FIJA
CDTBOCS0A,CORPORATIVO LOCAL,COP,TASA FIJA,NACIONAL,R FIJA,TASA FIJA,R FIJA
CDTBGASA0V,CORPORATIVO LOCAL,COP,TASA FIJA,NACIONAL,R FIJA,TASA FIJA,R FIJA
COR9QPT01411,Fondo de Capital Privado Colombia,COP,N/A,NACIONAL,R VARIABLE,VARIABLE,R VARIABLE
CORR6PT00025,Fondo de Capital Privado Colombia,COP,N/A,NACIONAL,R VARIABLE,VARIABLE,R VARIABLE
KKR NA XIII,Fondo de Capital Privado,USD,N/A,INTERNACIONAL,R VARIABLE,VARIABLE,R VARIABLE
XS2474922593,Notas estructuradas,COP,TASA FIJA,NACIONAL,Notas estructuradas,TASA FIJA,NOTAS ESTRUCTURADAS
US91282CDY49,TREASURIES-MULTILATERALES-AGENCIAS,USD,TASA FIJA,INTERNACIONAL,R FIJA,TASA FIJA,R FIJA
XS2491633504,Notas estructuradas,COP,TASA FIJA,NACIONAL,Notas estructuradas,TASA FIJA,NOTAS ESTRUCTURADAS
FEP5 FCP CPVAL SECTOR TERMICO,Fondo de Capital Privado Colombia,COP,N/A,NACIONAL,R VARIABLE,VARIABLE,R VARIABLE
FEP5 FCP NEXUS INMOB DIVER,Fondo de Capital Privado Colombia,COP,N/A,NACIONAL,R VARIABLE,VARIABLE,R VARIABLE
COR4LPT00050,Fondo de Capital Privado Colombia,COP,N/A,NACIONAL,R VARIABLE,VARIABLE,R VARIABLE
CORN0PT00089,Fondo de Capital Privado Colombia,COP,N/A,NACIONAL,R VARIABLE,VARIABLE,R VARIABLE
CORN0PT00071,Fondo de Capital Privado Colombia,COP,N/A,NACIONAL,R VARIABLE,VARIABLE,R VARIABLE
TCO364060623,TF TES,COP,TASA FIJA,NACIONAL,R FIJA,TASA FIJA,R FIJA
FED5 FCP VISTA VIII,Fondo de Capital Privado,USD,N/A,INTERNACIONAL,R VARIABLE,VARIABLE,R VARIABLE
FED5 FCP VERITAS VIII,Fondo de Capital Privado,USD,N/A,INTERNACIONAL,R VARIABLE,VARIABLE,R VARIABLE
TCO364060922,TF TES,COP,TASA FIJA,NACIONAL,R FIJA,TASA FIJA,R FIJA
LU1560650134,Fondo Mutuo o Fondo Indice,USD,N/A,INTERNACIONAL,R VARIABLE,VARIABLE,R VARIABLE
COR5LPT00214,Fondo de Capital Privado Colombia,COP,NA,NACIONAL,R VARIABLE,VARIABLE,R VARIABLE
US279158AP43,EM CORPORATIVOS,USD,TASA FIJA,INTERNACIONAL,R FIJA,TASA FIJA,R FIJA
BBOC1209B072,Inflacion-CORPORATIVO LOCAL,COP,IPC,NACIONAL,R FIJA,INFLACIÓN,R FIJA
MX0MGO0000H9,EM BONDS,MXN,TASA FIJA,INTERNACIONAL,R FIJA,TASA FIJA,R FIJA
US91282CEP23,TREASURIES-MULTILATERALES-AGENCIAS,USD,TASA FIJA,INTERNACIONAL,R FIJA,TASA FIJA,R FIJA
XS2392248733,Notas estructuradas,COP,TASA FIJA,NACIONAL,Notas estructuradas,TASA FIJA,NOTAS ESTRUCTURADAS
CORM3PT00654,Fondo de Capital Privado Colombia,COP,N/A,NACIONAL,R VARIABLE,VARIABLE,R VARIABLE
CORH7PT00371,Fondo de Capital Privado Colombia,COP,N/A,NACIONAL,R VARIABLE,VARIABLE,R VARIABLE
CORH7PT00389,Fondo de Capital Privado Colombia,COP,N/A,NACIONAL,R VARIABLE,VARIABLE,R VARIABLE
CORH7PT00397,Fondo de Capital Privado Colombia,COP,N/A,NACIONAL,R VARIABLE,VARIABLE,R VARIABLE
CORH7PT00405,Fondo de Capital Privado Colombia,COP,N/A,NACIONAL,R VARIABLE,VARIABLE,R VARIABLE
CORH7PT00413,Fondo de Capital Privado Colombia,COP,N/A,NACIONAL,R VARIABLE,VARIABLE,R VARIABLE
CORH7PT00421,Fondo de Capital Privado Colombia,COP,N/A,NACIONAL,R VARIABLE,VARIABLE,R VARIABLE
CORH7PT00439,Fondo de Capital Privado Colombia,COP,N/A,NACIONAL,R VARIABLE,VARIABLE,R VARIABLE
CORH7PT00447,Fondo de Capital Privado Colombia,COP,N/A,NACIONAL,R VARIABLE,VARIABLE,R VARIABLE
CORH7PT00454,Fondo de Capital Privado Colombia,COP,N/A,NACIONAL,R VARIABLE,VARIABLE,R VARIABLE
CORH7PT00462,Fondo de Capital Privado Colombia,COP,N/A,NACIONAL,R VARIABLE,VARIABLE,R VARIABLE
CORH7PT00470,Fondo de Capital Privado Colombia,COP,N/A,NACIONAL,R VARIABLE,VARIABLE,R VARIABLE
CORH7PT00488,Fondo de Capital Privado Colombia,COP,N/A,NACIONAL,R VARIABLE,VARIABLE,R VARIABLE
CORH7PT00496,Fondo de Capital Privado Colombia,COP,N/A,NACIONAL,R VARIABLE,VARIABLE,R VARIABLE
CORH7PT00504,Fondo de Capital Privado Colombia,COP,N/A,NACIONAL,R VARIABLE,VARIABLE,R VARIABLE
CORH7PT00512,Fondo de Capital Privado Colombia,COP,N/A,NACIONAL,R VARIABLE,VARIABLE,R VARIABLE
CORH7PT00520,Fondo de Capital Privado Colombia,COP,N/A,NACIONAL,R VARIABLE,VARIABLE,R VARIABLE
CORH7PT00538,Fondo de Capital Privado Colombia,COP,N/A,NACIONAL,R VARIABLE,VARIABLE,R VARIABLE
CORH7PT00546,Fondo de Capital Privado Colombia,COP,N/A,NACIONAL,R VARIABLE,VARIABLE,R VARIABLE
CORH7PT00553,Fondo de Capital Privado Colombia,COP,N/A,NACIONAL,R VARIABLE,VARIABLE,R VARIABLE
CORH7PT00561,Fondo de Capital Privado Colombia,COP,N/A,NACIONAL,R VARIABLE,VARIABLE,R VARIABLE
CORH7PT00579,Fondo de Capital Privado Colombia,COP,N/A,NACIONAL,R VARIABLE,VARIABLE,R VARIABLE
CORH7PT00587,Fondo de Capital Privado Colombia,COP,N/A,NACIONAL,R VARIABLE,VARIABLE,R VARIABLE
CORH7PT00595,Fondo de Capital Privado Colombia,COP,N/A,NACIONAL,R VARIABLE,VARIABLE,R VARIABLE
CORH7PT00603,Fondo de Capital Privado Colombia,COP,N/A,NACIONAL,R VARIABLE,VARIABLE,R VARIABLE
CORH7PT00611,Fondo de Capital Privado Colombia,COP,N/A,NACIONAL,R VARIABLE,VARIABLE,R VARIABLE
CORH7PT00629,Fondo de Capital Privado Colombia,COP,N/A,NACIONAL,R VARIABLE,VARIABLE,R VARIABLE
CORH7PT00637,Fondo de Capital Privado Colombia,COP,N/A,NACIONAL,R VARIABLE,VARIABLE,R VARIABLE
CORH7PT00645,Fondo de Capital Privado Colombia,COP,N/A,NACIONAL,R VARIABLE,VARIABLE,R VARIABLE
CORH7PT00652,Fondo de Capital Privado Colombia,COP,N/A,NACIONAL,R VARIABLE,VARIABLE,R VARIABLE
CORH7PT00363,Fondo de Capital Privado Colombia,COP,N/A,NACIONAL,R VARIABLE,VARIABLE,R VARIABLE
GB00B39RMM81,Fondo Mutuo o Fondo Indice,GBP,N/A,INTERNACIONAL,R VARIABLE,VARIABLE,R VARIABLE
COV34PT00120,Titularización Inmobiliaria,COP,N/A,NACIONAL,R VARIABLE,VARIABLE,R VARIABLE
PEI,FIC ACC. COL.,COP,N/A,NACIONAL,R VARIABLE,VARIABLE,R VARIABLE
FED5 FCP DYAL V B,Fondo de Capital Privado,USD,N/A,INTERNACIONAL,R VARIABLE,VARIABLE,R VARIABLE
COR7LPT00137,Fondo de Capital Privado Colombia,COP,NA,NACIONAL,R VARIABLE,VARIABLE,R VARIABLE
US78468R5312,Fondo Mutuo o Fondo Indice,USD,N/A,INTERNACIONAL,R VARIABLE,VARIABLE,R VARIABLE
CORB0PT00661,Fondo de Capital Privado Colombia,COP,N/A,NACIONAL,R VARIABLE,VARIABLE,R VARIABLE
CORI8PT00196,Fondo de Capital Privado Colombia,COP,N/A,NACIONAL,R VARIABLE,VARIABLE,R VARIABLE
CORI8PT00170,Fondo de Capital Privado Colombia,COP,N/A,NACIONAL,R VARIABLE,VARIABLE,R VARIABLE
CORI8PT00188,Fondo de Capital Privado Colombia,COP,N/A,NACIONAL,R VARIABLE,VARIABLE,R VARIABLE
CORI8PT00162,Fondo de Capital Privado Colombia,COP,N/A,NACIONAL,R VARIABLE,VARIABLE,R VARIABLE
CORI8PT00204,Fondo de Capital Privado Colombia,COP,N/A,NACIONAL,R VARIABLE,VARIABLE,R VARIABLE
CORB0PT00638,Fondo de Capital Privado Colombia,COP,N/A,NACIONAL,R VARIABLE,VARIABLE,R VARIABLE
CORB0PT00653,Fondo de Capital Privado Colombia,COP,N/A,NACIONAL,R VARIABLE,VARIABLE,R VARIABLE
BDVI121SF060,CORPORATIVO LOCAL,COP,TASA FIJA,NACIONAL,R FIJA,TASA FIJA,R FIJA
CORB0PT00679,Fondo de Capital Privado Colombia,COP,N/A,NACIONAL,R VARIABLE,VARIABLE,R VARIABLE
CORB0PT00646,Fondo de Capital Privado Colombia,COP,N/A,NACIONAL,R VARIABLE,VARIABLE,R VARIABLE
CORB0PT00620,Fondo de Capital Privado Colombia,COP,N/A,NACIONAL,R VARIABLE,VARIABLE,R VARIABLE
FEP5 FCP VALOR INMOB CLC,Fondo de Capital Privado Colombia,COP,N/A,NACIONAL,R VARIABLE,VARIABLE,R VARIABLE
COR7NPT00059,Fondo de Capital Privado Colombia,COP,N/A,NACIONAL,R VARIABLE,VARIABLE,R VARIABLE
US912810TJ79,TREASURIES-MULTILATERALES-AGENCIAS,USD,TASA FIJA,INTERNACIONAL,R FIJA,TASA FIJA,R FIJA
SSICX1209C05,Inflacion-CORPORATIVO LOCAL,COP,IPC,NACIONAL,R FIJA,INFLACIÓN,R FIJA
CDTMIBS0V,CORPORATIVO LOCAL,COP,TASA FIJA,NACIONAL,R FIJA,TASA FIJA,R FIJA
COB23CD97222,CORPORATIVO LOCAL,COP,TASA FIJA,NACIONAL,R FIJA,TASA FIJA,R FIJA
COR9QPT01429,Fondo de Capital Privado Colombia,COP,N/A,NACIONAL,R VARIABLE,VARIABLE,R VARIABLE
CORR7PT00064,Fondo de Capital Privado Colombia,COP,N/A,NACIONAL,R VARIABLE,VARIABLE,R VARIABLE
FONINMOVAL,Titularización Inmobiliaria,COP,N/A,NACIONAL,R VARIABLE,VARIABLE,R VARIABLE
BISA117SA007,CORPORATIVO LOCAL,COP,TASA FIJA,NACIONAL,R FIJA,TASA FIJA,R FIJA
US91282CFF32,TREASURIES-MULTILATERALES-AGENCIAS,USD,TASA FIJA,INTERNACIONAL,R FIJA,TASA FIJA,R FIJA
LU1777188316,Fondo Mutuo o Fondo Indice,JPY,N/A,INTERNACIONAL,R VARIABLE,VARIABLE,R VARIABLE
LU0858455784,Fondo Mutuo o Fondo Indice,USD,N/A,INTERNACIONAL,R VARIABLE,VARIABLE,R VARIABLE
COR28PT00211,Fondo de Capital Privado Colombia,COP,N/A,NACIONAL,R VARIABLE,VARIABLE,R VARIABLE
FEP5 FICC ASHMORE ACC COL LAT,FIC ACC. COL.,COP,N/A,NACIONAL,R VARIABLE,VARIABLE,R VARIABLE
CORQ2PT00256,FIC ACC. COL.,COP,N/A,NACIONAL,R VARIABLE,VARIABLE,R VARIABLE
COR9FPT00069,Fondo de Capital Privado Colombia,COP,N/A,NACIONAL,R VARIABLE,VARIABLE,R VARIABLE
CORQ2PT00231,FIC ACC. COL.,COP,N/A,NACIONAL,R VARIABLE,VARIABLE,R VARIABLE
CDTBMM90P,Inflacion-CORPORATIVO LOCAL,COP,IPC,NACIONAL,R FIJA,INFLACIÓN,R FIJA
FONDO DE INVERSION COLECTIVA CERRADO INMOBILIARIO,Titularización Inmobiliaria,COP,N/A,NACIONAL,R VARIABLE,VARIABLE,R VARIABLE
FCP PARTNERS GROUP EURPEAN SMALL AND MIDCAP BUYOU,Fondo de Capital Privado,EUR,N/A,INTERNACIONAL,R VARIABLE,VARIABLE,R VARIABLE
CARLYLE EURPE PARTNERS V SCSP,Fondo de Capital Privado,EUR,N/A,INTERNACIONAL,R VARIABLE,VARIABLE,R VARIABLE
ICG EURPE FUND VII,Fondo de Capital Privado,EUR,N/A,INTERNACIONAL,R VARIABLE,VARIABLE,R VARIABLE
FCP BC EURPEAN CAPITAL X LP,Fondo de Capital Privado,EUR,N/A,INTERNACIONAL,R VARIABLE,VARIABLE,R VARIABLE
BAIN CAPITAL EURPE FUND IV LP,Fondo de Capital Privado,EUR,N/A,INTERNACIONAL,R VARIABLE,VARIABLE,R VARIABLE
BC EURPEAN XI PR,Fondo de Capital Privado,USD,N/A,INTERNACIONAL,R VARIABLE,VARIABLE,R VARIABLE
ADV GPE X PR,Fondo de Capital Privado,USD,N/A,INTERNACIONAL,R VARIABLE,VARIABLE,R VARIABLE
ADVENT AGPE X,Fondo de Capital Privado,USD,N/A,INTERNACIONAL,R VARIABLE,VARIABLE,R VARIABLE
SKEABFRFC010,VISTA,COP,N/A,NACIONAL,CAJA,TASA FIJA,R FIJA
FONDO DE INVERSION COLECTIVA ABIERTO RENTA FIJA PL,VISTA,COP,N/A,NACIONAL,CAJA,TASA FIJA,R FIJA
FONDO DE INVERSION COLECTIVA ABIERTO BBVA EFECTIVO,VISTA,COP,N/A,NACIONAL,CAJA,TASA FIJA,R FIJA
FIC INTERS,VISTA,COP,N/A,NACIONAL,CAJA,TASA FIJA,R FIJA
FONDO DE INVERSION COLECTIVA ABIERTO SUMAR,VISTA,COP,N/A,NACIONAL,CAJA,TASA FIJA,R FIJA
FIC VALOR PLUS I,VISTA,COP,N/A,NACIONAL,CAJA,TASA FIJA,R FIJA
FONDO DE INVERSION COLECTIVA ABIERTO FIDUGOB,VISTA,COP,N/A,NACIONAL,CAJA,TASA FIJA,R FIJA
FONDO DE INVERSION COLECTIVA ABIERTO SIN PACTO DE,VISTA,COP,N/A,NACIONAL,CAJA,TASA FIJA,R FIJA
FONDO DE INVERSION COLECTIVA SUPERIOR,VISTA,COP,N/A,NACIONAL,CAJA,TASA FIJA,R FIJA
CREDICORP CAPITAL ALTA LIQUIDEZ,VISTA,COP,N/A,NACIONAL,CAJA,TASA FIJA,R FIJA
FONDO ABIERTO ALIANZA SIN PACTO DE PERMANENCIA M,VISTA,COP,N/A,NACIONAL,CAJA,TASA FIJA,R FIJA
CORREDORES DAVIVIENDA SA,VISTA,COP,N/A,NACIONAL,CAJA,TASA FIJA,R FIJA
FONVAL DERECHOS ECONOMICOS 2020 EN LIQUIDACION,VISTA,COP,N/A,NACIONAL,CAJA,TASA FIJA,R FIJA
FONDO DE INVERSION COLECTIVA ABIERTO ITAU MONEY MA,VISTA,COP,N/A,NACIONAL,CAJA,TASA FIJA,R FIJA
FONDO DE INVERSION COLECTIVA SKANDIA EFECTIVO,VISTA,COP,N/A,NACIONAL,CAJA,TASA FIJA,R FIJA
FONDO DE INVERSION COLECTIVA ABIERTO ITAU CORTO PL,VISTA,COP,N/A,NACIONAL,CAJA,TASA FIJA,R FIJA
FONDO DE INVERSION COLECTIVA ABIERTO RENTAR,VISTA,COP,N/A,NACIONAL,CAJA,TASA FIJA,R FIJA
FONDO DE INVERSION COLECTIVA ABIERTO CON PACTO DE,VISTA,COP,N/A,NACIONAL,CAJA,TASA FIJA,R FIJA
Ñ90KK,Titularización Inmobiliaria,COP,N/A,NACIONAL,R VARIABLE,VARIABLE,R VARIABLE
LU1529950328,Fondo Mutuo o Fondo Indice,USD,N/A,INTERNACIONAL,R VARIABLE,VARIABLE,R VARIABLE
FEP5 FCP 4G BLACKROCK DEUDA II,Fondo de Capital Privado Colombia,COP,N/A,NACIONAL,R VARIABLE,VARIABLE,R VARIABLE
FED5 FCP LGP OFFSHORE XI LP,Fondo de Capital Privado,USD,N/A,INTERNACIONAL,R VARIABLE,VARIABLE,R VARIABLE
CORR5PT00019,Fondo de Capital Privado Colombia,COP,N/A,NACIONAL,R VARIABLE,VARIABLE,R VARIABLE
COR39PT00820,Fondo de Capital Privado Colombia,COP,N/A,NACIONAL,R VARIABLE,VARIABLE,R VARIABLE
COR39PT00838,Fondo de Capital Privado Colombia,COP,N/A,NACIONAL,R VARIABLE,VARIABLE,R VARIABLE
COR39PT00846,Fondo de Capital Privado Colombia,COP,N/A,NACIONAL,R VARIABLE,VARIABLE,R VARIABLE
COR39PT00853,Fondo de Capital Privado Colombia,COP,N/A,NACIONAL,R VARIABLE,VARIABLE,R VARIABLE
COR39PT00861,Fondo de Capital Privado Colombia,COP,N/A,NACIONAL,R VARIABLE,VARIABLE,R VARIABLE
COR39PT00879,Fondo de Capital Privado Colombia,COP,N/A,NACIONAL,R VARIABLE,VARIABLE,R VARIABLE
COR39PT00887,Fondo de Capital Privado Colombia,COP,N/A,NACIONAL,R VARIABLE,VARIABLE,R VARIABLE
COR39PT00895,Fondo de Capital Privado Colombia,COP,N/A,NACIONAL,R VARIABLE,VARIABLE,R VARIABLE
COR39PT00903,Fondo de Capital Privado Colombia,COP,N/A,NACIONAL,R VARIABLE,VARIABLE,R VARIABLE
COR39PT00911,Fondo de Capital Privado Colombia,COP,N/A,NACIONAL,R VARIABLE,VARIABLE,R VARIABLE
COR39PT00929,Fondo de Capital Privado Colombia,COP,N/A,NACIONAL,R VARIABLE,VARIABLE,R VARIABLE
COR39PT00937,Fondo de Capital Privado Colombia,COP,N/A,NACIONAL,R VARIABLE,VARIABLE,R VARIABLE
COR39PT00945,Fondo de Capital Privado Colombia,COP,N/A,NACIONAL,R VARIABLE,VARIABLE,R VARIABLE
COR39PT00952,Fondo de Capital Privado Colombia,COP,N/A,NACIONAL,R VARIABLE,VARIABLE,R VARIABLE
COR39PT00960,Fondo de Capital Privado Colombia,COP,N/A,NACIONAL,R VARIABLE,VARIABLE,R VARIABLE
COR39PT00812,Fondo de Capital Privado Colombia,COP,N/A,NACIONAL,R VARIABLE,VARIABLE,R VARIABLE
CORG6PT00846,Fondo de Capital Privado Colombia,COP,N/A,NACIONAL,R VARIABLE,VARIABLE,R VARIABLE
CORG6PT00853,Fondo de Capital Privado Colombia,COP,N/A,NACIONAL,R VARIABLE,VARIABLE,R VARIABLE
CORG6PT00861,Fondo de Capital Privado Colombia,COP,N/A,NACIONAL,R VARIABLE,VARIABLE,R VARIABLE
CORG6PT00879,Fondo de Capital Privado Colombia,COP,N/A,NACIONAL,R VARIABLE,VARIABLE,R VARIABLE
CORG6PT00887,Fondo de Capital Privado Colombia,COP,N/A,NACIONAL,R VARIABLE,VARIABLE,R VARIABLE
CORG6PT00895,Fondo de Capital Privado Colombia,COP,N/A,NACIONAL,R VARIABLE,VARIABLE,R VARIABLE
CORG6PT00903,Fondo de Capital Privado Colombia,COP,N/A,NACIONAL,R VARIABLE,VARIABLE,R VARIABLE
CORG6PT00911,Fondo de Capital Privado Colombia,COP,N/A,NACIONAL,R VARIABLE,VARIABLE,R VARIABLE
CORG6PT00929,Fondo de Capital Privado Colombia,COP,N/A,NACIONAL,R VARIABLE,VARIABLE,R VARIABLE
CORG6PT00937,Fondo de Capital Privado Colombia,COP,N/A,NACIONAL,R VARIABLE,VARIABLE,R VARIABLE
CORG6PT00945,Fondo de Capital Privado Colombia,COP,N/A,NACIONAL,R VARIABLE,VARIABLE,R VARIABLE
CORG6PT00952,Fondo de Capital Privado Colombia,COP,N/A,NACIONAL,R VARIABLE,VARIABLE,R VARIABLE
CORG6PT00960,Fondo de Capital Privado Colombia,COP,N/A,NACIONAL,R VARIABLE,VARIABLE,R VARIABLE
CDTCSA90P,Inflacion-CORPORATIVO LOCAL,COP,IPC,NACIONAL,R FIJA,INFLACIÓN,R FIJA
SDGEB,Acciones Colombia,COP,N/A,NACIONAL,R VARIABLE,VARIABLE,R VARIABLE
COR5LPT00222,Fondo de Capital Privado Colombia,COP,N/A,NACIONAL,R VARIABLE,VARIABLE,R VARIABLE
CORJ7PT00049,Fondo de Capital Privado Colombia,COP,N/A,NACIONAL,R VARIABLE,VARIABLE,R VARIABLE
FCP BLACKROCK DEUDA INFRAESTRUCTURA COLOMBIA,Fondo de Capital Privado Colombia,COP,N/A,NACIONAL,R VARIABLE,VARIABLE,R VARIABLE
FCP BLACKROCK DEUDA INFRAESTRUCTURA COLOMBIA II,Fondo de Capital Privado Colombia,COP,N/A,NACIONAL,R VARIABLE,VARIABLE,R VARIABLE
CAR REALTY PARTNERS IX RE,Fondo de Capital Privado,USD,N/A,INTERNACIONAL,R VARIABLE,VARIABLE,R VARIABLE
GB00BNBS8650,Fondo Mutuo o Fondo Indice,GBP,N/A,INTERNACIONAL,R VARIABLE,VARIABLE,R VARIABLE
US81369Y8600,Fondo Mutuo o Fondo Indice,USD,N/A,INTERNACIONAL,R VARIABLE,VARIABLE,R VARIABLE
ISHARES MSCI EMEMKT MV - EEMV,Fondo Mutuo o Fondo Indice,USD,N/A,INTERNACIONAL,R VARIABLE,VARIABLE,R VARIABLE
US195325EF88,EM BONDS,USD,TASA FIJA,INTERNACIONAL,R FIJA,TASA FIJA,R FIJA
COD38CB00273,Inflacion-CORPORATIVO LOCAL,COP,IPC,NACIONAL,R FIJA,INFLACIÓN,R FIJA
COR23PT00915,Fondo de Capital Privado Colombia,COP,N/A,NACIONAL,R VARIABLE,VARIABLE,R VARIABLE
COR23PT00923,Fondo de Capital Privado Colombia,COP,N/A,NACIONAL,R VARIABLE,VARIABLE,R VARIABLE
IE00BQT3WG13,Fondo Mutuo o Fondo Indice,USD,N/A,INTERNACIONAL,R VARIABLE,VARIABLE,R VARIABLE
ISHARES MSCI CHINA A UCITS ETF,Fondo Mutuo o Fondo Indice,USD,N/A,INTERNACIONAL,R VARIABLE,VARIABLE,R VARIABLE
ISHARES LATIN AMERICA 40 ETF,Fondo Mutuo o Fondo Indice,USD,N/A,INTERNACIONAL,R VARIABLE,VARIABLE,R VARIABLE
ISHARES MSCI BRAZIL,Fondo Mutuo o Fondo Indice,USD,N/A,INTERNACIONAL,R VARIABLE,VARIABLE,R VARIABLE
INST15161237,Inflacion-CORPORATIVO LOCAL,UVR,TASA FIJA,NACIONAL,R FIJA,INFLACIÓN,R FIJA
CTUF5 B DAVIVIENDA,Inflacion-CORPORATIVO LOCAL,UVR,TASA FIJA,NACIONAL,R FIJA,INFLACIÓN,R FIJA
CDTDVI75,Inflacion-CORPORATIVO LOCAL,UVR,TASA FIJA,NACIONAL,R FIJA,INFLACIÓN,R FIJA
US912810TL26,TREASURIES-MULTILATERALES-AGENCIAS,USD,TASA FIJA,INTERNACIONAL,R FIJA,TASA FIJA,R FIJA
US91282CFV81,TREASURIES-MULTILATERALES-AGENCIAS,USD,TASA FIJA,INTERNACIONAL,R FIJA,TASA FIJA,R FIJA
TFIT11090233,TF TES,COP,TASA FIJA,NACIONAL,R FIJA,TASA FIJA,R FIJA
BGAO3189A007,Inflacion-CORPORATIVO LOCAL,COP,IPC,NACIONAL,R FIJA,INFLACIÓN,R FIJA
BCOL1199C005,Inflacion-CORPORATIVO LOCAL,COP,IPC,NACIONAL,R FIJA,INFLACIÓN,R FIJA
BSFN120SA005,CORPORATIVO LOCAL,COP,TASA FIJA,NACIONAL,R FIJA,TASA FIJA,R FIJA
FIC INTERES,VISTA,COP,TASA FIJA,NACIONAL,CAJA,VARIABLE,CAJA
CITIBANK NEW YORK,MONEY MARKET,USD,N/A,INTERNACIONAL,CAJA,VARIABLE,CAJA
COR05PT01951,Fondo de Capital Privado Colombia,COP,N/A,NACIONAL,R VARIABLE,VARIABLE,R VARIABLE
COR05PT01894,Fondo de Capital Privado Colombia,COP,N/A,NACIONAL,R VARIABLE,VARIABLE,R VARIABLE
COR05PT01902,Fondo de Capital Privado Colombia,COP,N/A,NACIONAL,R VARIABLE,VARIABLE,R VARIABLE
COR9QPT01726,Fondo de Capital Privado Colombia,COP,N/A,NACIONAL,R VARIABLE,VARIABLE,R VARIABLE
COR9QPT01627,Fondo de Capital Privado Colombia,COP,N/A,NACIONAL,R VARIABLE,VARIABLE,R VARIABLE
CORC4PT00605,Fondo de Capital Privado Colombia,COP,N/A,NACIONAL,R VARIABLE,VARIABLE,R VARIABLE
COR9QPT01809,Fondo de Capital Privado Colombia,COP,N/A,NACIONAL,R VARIABLE,VARIABLE,R VARIABLE
CORC4PT00704,Fondo de Capital Privado Colombia,COP,N/A,NACIONAL,R VARIABLE,VARIABLE,R VARIABLE
COR9QPT01569,Fondo de Capital Privado Colombia,COP,N/A,NACIONAL,R VARIABLE,VARIABLE,R VARIABLE
COR9QPT01700,Fondo de Capital Privado Colombia,COP,N/A,NACIONAL,R VARIABLE,VARIABLE,R VARIABLE
CORC4PT00720,Fondo de Capital Privado Colombia,COP,N/A,NACIONAL,R VARIABLE,VARIABLE,R VARIABLE
COR9QPT01601,Fondo de Capital Privado Colombia,COP,N/A,NACIONAL,R VARIABLE,VARIABLE,R VARIABLE
COR9QPT01676,Fondo de Capital Privado Colombia,COP,N/A,NACIONAL,R VARIABLE,VARIABLE,R VARIABLE
COR9QPT01510,Fondo de Capital Privado Colombia,COP,N/A,NACIONAL,R VARIABLE,VARIABLE,R VARIABLE
COR9QPT01775,Fondo de Capital Privado Colombia,COP,N/A,NACIONAL,R VARIABLE,VARIABLE,R VARIABLE
COR9QPT01486,Fondo de Capital Privado Colombia,COP,N/A,NACIONAL,R VARIABLE,VARIABLE,R VARIABLE
COR9QPT01643,Fondo de Capital Privado Colombia,COP,N/A,NACIONAL,R VARIABLE,VARIABLE,R VARIABLE
COR9QPT01635,Fondo de Capital Privado Colombia,COP,N/A,NACIONAL,R VARIABLE,VARIABLE,R VARIABLE
CORC4PT00621,Fondo de Capital Privado Colombia,COP,N/A,NACIONAL,R VARIABLE,VARIABLE,R VARIABLE
COR9QPT01445,Fondo de Capital Privado Colombia,COP,N/A,NACIONAL,R VARIABLE,VARIABLE,R VARIABLE
COR9QPT01718,Fondo de Capital Privado Colombia,COP,N/A,NACIONAL,R VARIABLE,VARIABLE,R VARIABLE
COR9QPT01551,Fondo de Capital Privado Colombia,COP,N/A,NACIONAL,R VARIABLE,VARIABLE,R VARIABLE
CORC4PT00589,Fondo de Capital Privado Colombia,COP,N/A,NACIONAL,R VARIABLE,VARIABLE,R VARIABLE
COR9QPT01619,Fondo de Capital Privado Colombia,COP,N/A,NACIONAL,R VARIABLE,VARIABLE,R VARIABLE
CORC4PT00753,Fondo de Capital Privado Colombia,COP,N/A,NACIONAL,R VARIABLE,VARIABLE,R VARIABLE
COR9QPT01734,Fondo de Capital Privado Colombia,COP,N/A,NACIONAL,R VARIABLE,VARIABLE,R VARIABLE
COR9QPT01668,Fondo de Capital Privado Colombia,COP,N/A,NACIONAL,R VARIABLE,VARIABLE,R VARIABLE
CORC4PT00746,Fondo de Capital Privado Colombia,COP,N/A,NACIONAL,R VARIABLE,VARIABLE,R VARIABLE
COR9QPT01783,Fondo de Capital Privado Colombia,COP,N/A,NACIONAL,R VARIABLE,VARIABLE,R VARIABLE
CORC4PT00712,Fondo de Capital Privado Colombia,COP,N/A,NACIONAL,R VARIABLE,VARIABLE,R VARIABLE
COR9QPT01593,Fondo de Capital Privado Colombia,COP,N/A,NACIONAL,R VARIABLE,VARIABLE,R VARIABLE
CORC4PT00639,Fondo de Capital Privado Colombia,COP,N/A,NACIONAL,R VARIABLE,VARIABLE,R VARIABLE
COR9QPT01692,Fondo de Capital Privado Colombia,COP,N/A,NACIONAL,R VARIABLE,VARIABLE,R VARIABLE
COR9QPT01767,Fondo de Capital Privado Colombia,COP,N/A,NACIONAL,R VARIABLE,VARIABLE,R VARIABLE
CORC4PT00662,Fondo de Capital Privado Colombia,COP,N/A,NACIONAL,R VARIABLE,VARIABLE,R VARIABLE
COR9QPT01494,Fondo de Capital Privado Colombia,COP,N/A,NACIONAL,R VARIABLE,VARIABLE,R VARIABLE
COR9QPT01650,Fondo de Capital Privado Colombia,COP,N/A,NACIONAL,R VARIABLE,VARIABLE,R VARIABLE
COR9QPT01478,Fondo de Capital Privado Colombia,COP,N/A,NACIONAL,R VARIABLE,VARIABLE,R VARIABLE
COR9QPT01684,Fondo de Capital Privado Colombia,COP,N/A,NACIONAL,R VARIABLE,VARIABLE,R VARIABLE
CORC4PT00597,Fondo de Capital Privado Colombia,COP,N/A,NACIONAL,R VARIABLE,VARIABLE,R VARIABLE
COR9QPT01759,Fondo de Capital Privado Colombia,COP,N/A,NACIONAL,R VARIABLE,VARIABLE,R VARIABLE
CORC4PT00688,Fondo de Capital Privado Colombia,COP,N/A,NACIONAL,R VARIABLE,VARIABLE,R VARIABLE
COR9QPT01528,Fondo de Capital Privado Colombia,COP,N/A,NACIONAL,R VARIABLE,VARIABLE,R VARIABLE
CORC4PT00738,Fondo de Capital Privado Colombia,COP,N/A,NACIONAL,R VARIABLE,VARIABLE,R VARIABLE
COR9QPT01817,Fondo de Capital Privado Colombia,COP,N/A,NACIONAL,R VARIABLE,VARIABLE,R VARIABLE
CORC4PT00654,Fondo de Capital Privado Colombia,COP,N/A,NACIONAL,R VARIABLE,VARIABLE,R VARIABLE
CORC4PT00696,Fondo de Capital Privado Colombia,COP,N/A,NACIONAL,R VARIABLE,VARIABLE,R VARIABLE
COR9QPT01544,Fondo de Capital Privado Colombia,COP,N/A,NACIONAL,R VARIABLE,VARIABLE,R VARIABLE
CORC4PT00670,Fondo de Capital Privado Colombia,COP,N/A,NACIONAL,R VARIABLE,VARIABLE,R VARIABLE
COR9QPT01460,Fondo de Capital Privado Colombia,COP,N/A,NACIONAL,R VARIABLE,VARIABLE,R VARIABLE
CORC4PT00571,Fondo de Capital Privado Colombia,COP,N/A,NACIONAL,R VARIABLE,VARIABLE,R VARIABLE
COR9QPT01585,Fondo de Capital Privado Colombia,COP,N/A,NACIONAL,R VARIABLE,VARIABLE,R VARIABLE
COR9QPT01502,Fondo de Capital Privado Colombia,COP,N/A,NACIONAL,R VARIABLE,VARIABLE,R VARIABLE
CORC4PT00647,Fondo de Capital Privado Colombia,COP,N/A,NACIONAL,R VARIABLE,VARIABLE,R VARIABLE
COR9QPT01742,Fondo de Capital Privado Colombia,COP,N/A,NACIONAL,R VARIABLE,VARIABLE,R VARIABLE
CORC4PT00613,Fondo de Capital Privado Colombia,COP,N/A,NACIONAL,R VARIABLE,VARIABLE,R VARIABLE
COR9QPT01577,Fondo de Capital Privado Colombia,COP,N/A,NACIONAL,R VARIABLE,VARIABLE,R VARIABLE
COR9QPT01452,Fondo de Capital Privado Colombia,COP,N/A,NACIONAL,R VARIABLE,VARIABLE,R VARIABLE
COR9QPT01536,Fondo de Capital Privado Colombia,COP,N/A,NACIONAL,R VARIABLE,VARIABLE,R VARIABLE
COR9QPT01791,Fondo de Capital Privado Colombia,COP,N/A,NACIONAL,R VARIABLE,VARIABLE,R VARIABLE
ARDIAN ASF IX,Fondo de Capital Privado,USD,N/A,INTERNACIONAL,R VARIABLE,VARIABLE,R VARIABLE
CORM3PT00662,Fondo de Capital Privado Colombia,COP,N/A,NACIONAL,R VARIABLE,VARIABLE,R VARIABLE
COR5LPT00230,Fondo de Capital Privado Colombia,COP,NA,NACIONAL,R VARIABLE,VARIABLE,R VARIABLE
COR4DPT00271,Fondo de Capital Privado Colombia,COP,N/A,NACIONAL,R VARIABLE,VARIABLE,R VARIABLE
COR4DPT00297,Fondo de Capital Privado Colombia,COP,N/A,NACIONAL,R VARIABLE,VARIABLE,R VARIABLE
COR4DPT00289,Fondo de Capital Privado Colombia,COP,N/A,NACIONAL,R VARIABLE,VARIABLE,R VARIABLE
SKJZAXOFCPE1,Fondo de Capital Privado,USD,N/A,INTERNACIONAL,R VARIABLE,VARIABLE,R VARIABLE
CORH2PT00448,Fondo de Capital Privado Colombia,COP,N/A,NACIONAL,R VARIABLE,VARIABLE,R VARIABLE
COB51CD09EH9,Inflacion-CORPORATIVO LOCAL,COP,IPC,NACIONAL,R FIJA,INFLACIÓN,R FIJA
US279158AS81,EM CORPORATIVOS,USD,TASA FIJA,INTERNACIONAL,R FIJA,TASA FIJA,R FIJA
COR4DPT00305,Fondo de Capital Privado Colombia,COP,N/A,NACIONAL,R VARIABLE,VARIABLE,R VARIABLE
IE00B86MWN23,Fondo Mutuo o Fondo Indice,EUR,N/A,INTERNACIONAL,R VARIABLE,VARIABLE,R VARIABLE
IE00B8FHGS14,Fondo Mutuo o Fondo Indice,USD,N/A,INTERNACIONAL,R VARIABLE,VARIABLE,R VARIABLE
LU0129437173,Fondo Mutuo o Fondo Indice,USD,N/A,INTERNACIONAL,R VARIABLE,VARIABLE,R VARIABLE
US912810TN81,TREASURIES-MULTILATERALES-AGENCIAS,USD,TASA FIJA,INTERNACIONAL,R FIJA,TASA FIJA,R FIJA
COR6APT00223,Fondo de Capital Privado Colombia,COP,N/A,NACIONAL,R VARIABLE,VARIABLE,R VARIABLE
XS2479693496,Notas estructuradas,COP,TASA FIJA,NACIONAL,Notas estructuradas,TASA FIJA,NOTAS ESTRUCTURADAS
COB01CD0S1Y3,Inflacion-CORPORATIVO LOCAL,COP,IPC,NACIONAL,R FIJA,INFLACIÓN,R FIJA
US91282CGJ45,TREASURIES-MULTILATERALES-AGENCIAS,USD,TASA FIJA,INTERNACIONAL,R FIJA,TASA FIJA,R FIJA
US912796Y296,TREASURIES-MULTILATERALES-AGENCIAS,USD,TASA FIJA,INTERNACIONAL,R FIJA,TASA FIJA,R FIJA
CORH2PT00513,Fondo de Capital Privado Colombia,COP,N/A,NACIONAL,R VARIABLE,VARIABLE,R VARIABLE
CORH2PT00489,Fondo de Capital Privado Colombia,COP,N/A,NACIONAL,R VARIABLE,VARIABLE,R VARIABLE
CORH2PT00497,Fondo de Capital Privado Colombia,COP,N/A,NACIONAL,R VARIABLE,VARIABLE,R VARIABLE
CORH2PT00521,Fondo de Capital Privado Colombia,COP,N/A,NACIONAL,R VARIABLE,VARIABLE,R VARIABLE
CORH2PT00455,Fondo de Capital Privado Colombia,COP,N/A,NACIONAL,R VARIABLE,VARIABLE,R VARIABLE
CORH2PT00471,Fondo de Capital Privado Colombia,COP,N/A,NACIONAL,R VARIABLE,VARIABLE,R VARIABLE
CORH2PT00505,Fondo de Capital Privado Colombia,COP,N/A,NACIONAL,R VARIABLE,VARIABLE,R VARIABLE
TCO364050324,TF TES,COP,TASA FIJA,NACIONAL,R FIJA,TASA FIJA,R FIJA
US4642871762,TREASURIES-MULTILATERALES-AGENCIAS,USD,TASA FIJA,INTERNACIONAL,R FIJA,TASA FIJA,R FIJA
US91282CGM73,TREASURIES-MULTILATERALES-AGENCIAS,USD,TASA FIJA,INTERNACIONAL,R FIJA,TASA FIJA,R FIJA
CORH6PT00456,Fondo de Capital Privado Colombia,COP,N/A,NACIONAL,R VARIABLE,VARIABLE,R VARIABLE
CORH6PT00373,Fondo de Capital Privado Colombia,COP,N/A,NACIONAL,R VARIABLE,VARIABLE,R VARIABLE
CORH6PT00381,Fondo de Capital Privado Colombia,COP,N/A,NACIONAL,R VARIABLE,VARIABLE,R VARIABLE
CORH6PT00399,Fondo de Capital Privado Colombia,COP,N/A,NACIONAL,R VARIABLE,VARIABLE,R VARIABLE
CORH6PT00407,Fondo de Capital Privado Colombia,COP,N/A,NACIONAL,R VARIABLE,VARIABLE,R VARIABLE
CORH6PT00415,Fondo de Capital Privado Colombia,COP,N/A,NACIONAL,R VARIABLE,VARIABLE,R VARIABLE
CORH6PT00423,Fondo de Capital Privado Colombia,COP,N/A,NACIONAL,R VARIABLE,VARIABLE,R VARIABLE
CORH6PT00431,Fondo de Capital Privado Colombia,COP,N/A,NACIONAL,R VARIABLE,VARIABLE,R VARIABLE
CORH6PT00449,Fondo de Capital Privado Colombia,COP,N/A,NACIONAL,R VARIABLE,VARIABLE,R VARIABLE
US91282CFM82,TREASURIES-MULTILATERALES-AGENCIAS,USD,TASA FIJA,INTERNACIONAL,R FIJA,TASA FIJA,R FIJA
CORH5PT00607,Fondo de Capital Privado Colombia,COP,N/A,NACIONAL,R VARIABLE,VARIABLE,R VARIABLE
CORH5PT00615,Fondo de Capital Privado Colombia,COP,N/A,NACIONAL,R VARIABLE,VARIABLE,R VARIABLE
CORH5PT00623,Fondo de Capital Privado Colombia,COP,N/A,NACIONAL,R VARIABLE,VARIABLE,R VARIABLE
CORH5PT00631,Fondo de Capital Privado Colombia,COP,N/A,NACIONAL,R VARIABLE,VARIABLE,R VARIABLE
CORH5PT00649,Fondo de Capital Privado Colombia,COP,N/A,NACIONAL,R VARIABLE,VARIABLE,R VARIABLE
CORH5PT00656,Fondo de Capital Privado Colombia,COP,N/A,NACIONAL,R VARIABLE,VARIABLE,R VARIABLE
CORH5PT00664,Fondo de Capital Privado Colombia,COP,N/A,NACIONAL,R VARIABLE,VARIABLE,R VARIABLE
CORH5PT00672,Fondo de Capital Privado Colombia,COP,N/A,NACIONAL,R VARIABLE,VARIABLE,R VARIABLE
CORH5PT00599,Fondo de Capital Privado Colombia,COP,N/A,NACIONAL,R VARIABLE,VARIABLE,R VARIABLE
CORI5PT00622,Fondo de Capital Privado Colombia,COP,N/A,NACIONAL,R VARIABLE,VARIABLE,R VARIABLE
CORI5PT00630,Fondo de Capital Privado Colombia,COP,N/A,NACIONAL,R VARIABLE,VARIABLE,R VARIABLE
CORI5PT00648,Fondo de Capital Privado Colombia,COP,N/A,NACIONAL,R VARIABLE,VARIABLE,R VARIABLE
CORI5PT00655,Fondo de Capital Privado Colombia,COP,N/A,NACIONAL,R VARIABLE,VARIABLE,R VARIABLE
CORI5PT00663,Fondo de Capital Privado Colombia,COP,N/A,NACIONAL,R VARIABLE,VARIABLE,R VARIABLE
CORI5PT00671,Fondo de Capital Privado Colombia,COP,N/A,NACIONAL,R VARIABLE,VARIABLE,R VARIABLE
CORI5PT00689,Fondo de Capital Privado Colombia,COP,N/A,NACIONAL,R VARIABLE,VARIABLE,R VARIABLE
CORI5PT00697,Fondo de Capital Privado Colombia,COP,N/A,NACIONAL,R VARIABLE,VARIABLE,R VARIABLE
CORI5PT00705,Fondo de Capital Privado Colombia,COP,N/A,NACIONAL,R VARIABLE,VARIABLE,R VARIABLE
CORI5PT00614,Fondo de Capital Privado Colombia,COP,N/A,NACIONAL,R VARIABLE,VARIABLE,R VARIABLE
CORN0PT00105,Fondo de Capital Privado Colombia,COP,N/A,NACIONAL,R VARIABLE,VARIABLE,R VARIABLE
CORN0PT00097,Fondo de Capital Privado Colombia,COP,N/A,NACIONAL,R VARIABLE,VARIABLE,R VARIABLE
USP17460AB56,TES GLOBAL,COP,TASA FIJA,NACIONAL,R FIJA,TASA FIJA,R FIJA
BANCO DE LA REPUBLICA DCV,VISTA,COP,TASA FIJA,NACIONAL,CAJA,VARIABLE,CAJA
US195325EG61,EM BONDS,USD,TASA FIJA,INTERNACIONAL,R FIJA,TASA FIJA,R FIJA
CORA5PT01107,Fondo de Capital Privado Colombia,COP,N/A,NACIONAL,R VARIABLE,VARIABLE,R VARIABLE
CORA5PT01008,Fondo de Capital Privado Colombia,COP,N/A,NACIONAL,R VARIABLE,VARIABLE,R VARIABLE
CORA5PT01164,Fondo de Capital Privado Colombia,COP,N/A,NACIONAL,R VARIABLE,VARIABLE,R VARIABLE
CORA5PT01065,Fondo de Capital Privado Colombia,COP,N/A,NACIONAL,R VARIABLE,VARIABLE,R VARIABLE
CORA5PT01156,Fondo de Capital Privado Colombia,COP,N/A,NACIONAL,R VARIABLE,VARIABLE,R VARIABLE
CORA5PT01123,Fondo de Capital Privado Colombia,COP,N/A,NACIONAL,R VARIABLE,VARIABLE,R VARIABLE
CORA5PT01099,Fondo de Capital Privado Colombia,COP,N/A,NACIONAL,R VARIABLE,VARIABLE,R VARIABLE
CORA5PT01024,Fondo de Capital Privado Colombia,COP,N/A,NACIONAL,R VARIABLE,VARIABLE,R VARIABLE
CORA5PT01115,Fondo de Capital Privado Colombia,COP,N/A,NACIONAL,R VARIABLE,VARIABLE,R VARIABLE
CORA5PT01131,Fondo de Capital Privado Colombia,COP,N/A,NACIONAL,R VARIABLE,VARIABLE,R VARIABLE
CORA5PT00984,Fondo de Capital Privado Colombia,COP,N/A,NACIONAL,R VARIABLE,VARIABLE,R VARIABLE
CORA5PT01016,Fondo de Capital Privado Colombia,COP,N/A,NACIONAL,R VARIABLE,VARIABLE,R VARIABLE
CORA5PT01172,Fondo de Capital Privado Colombia,COP,N/A,NACIONAL,R VARIABLE,VARIABLE,R VARIABLE
CORA5PT01057,Fondo de Capital Privado Colombia,COP,N/A,NACIONAL,R VARIABLE,VARIABLE,R VARIABLE
CORA5PT00976,Fondo de Capital Privado Colombia,COP,N/A,NACIONAL,R VARIABLE,VARIABLE,R VARIABLE
CORA5PT01149,Fondo de Capital Privado Colombia,COP,N/A,NACIONAL,R VARIABLE,VARIABLE,R VARIABLE
CORA5PT00968,Fondo de Capital Privado Colombia,COP,N/A,NACIONAL,R VARIABLE,VARIABLE,R VARIABLE
LU2045877524,Fondo Mutuo o Fondo Indice,USD,N/A,INTERNACIONAL,R VARIABLE,VARIABLE,R VARIABLE
PER PERMIRA VIII PR,Fondo de Capital Privado,EUR,N/A,INTERNACIONAL,R VARIABLE,VARIABLE,R VARIABLE
FCP CREDICORP CAPITAL DEUDA PRIVADA I,Fondo de Capital Privado Colombia,COP,N/A,NACIONAL,R VARIABLE,VARIABLE,R VARIABLE
VEP VISTA EQUITY PARTNERS VIII PR,Fondo de Capital Privado,USD,N/A,INTERNACIONAL,R VARIABLE,VARIABLE,R VARIABLE
CREDICORP DEUDA CORPORATIVA I,Fondo de Capital Privado Colombia,COP,N/A,NACIONAL,R VARIABLE,VARIABLE,R VARIABLE
BCP BLACKSTONE REAL ESTATE X RE,Fondo de Capital Privado,USD,N/A,INTERNACIONAL,R VARIABLE,VARIABLE,R VARIABLE
US912796ZP71,TREASURIES-MULTILATERALES-AGENCIAS,USD,TASA FIJA,INTERNACIONAL,R FIJA,TASA FIJA,R FIJA
FED5 FCP HARBOURVEST D2022,Fondo de Capital Privado,USD,N/A,INTERNACIONAL,R VARIABLE,VARIABLE,R VARIABLE
LU1079841513,Fondo Mutuo o Fondo Indice,USD,N/A,INTERNACIONAL,R VARIABLE,VARIABLE,R VARIABLE
TCO363050324,TF TES,COP,TASA FIJA,NACIONAL,R FIJA,TASA FIJA,R FIJA
FEP5 FICC ASHMORE AC COL LAT R,FIC ACC. COL.,COP,N/A,NACIONAL,R VARIABLE,VARIABLE,R VARIABLE
US912810TQ13,TREASURIES-MULTILATERALES-AGENCIAS,USD,TASA FIJA,INTERNACIONAL,R FIJA,TASA FIJA,R FIJA
US91282CGS44,TREASURIES-MULTILATERALES-AGENCIAS,USD,TASA FIJA,INTERNACIONAL,R FIJA,TASA FIJA,R FIJA
LEX LEXINGTON LCP X SE,Fondo de Capital Privado,USD,N/A,INTERNACIONAL,R VARIABLE,VARIABLE,R VARIABLE
CDTLVS90,Inflacion-CORPORATIVO LOCAL,COP,IPC,NACIONAL,R FIJA,INFLACIÓN,R FIJA
BBOC1199B120,Inflacion-CORPORATIVO LOCAL,UVR,TASA FIJA,NACIONAL,R FIJA,INFLACIÓN,R FIJA
LEXINGTON CAPITAL PARTNERS X LP,Fondo de Capital Privado,USD,N/A,INTERNACIONAL,R VARIABLE,VARIABLE,R VARIABLE
COR8DPT00058,Fondo de Capital Privado Colombia,COP,N/A,NACIONAL,R VARIABLE,VARIABLE,R VARIABLE
RENTA FIJA PLAZO FIC ABIERTO RF PLAZO,VISTA,COP,N/A,NACIONAL,CAJA,TASA FIJA,R FIJA
RENTA FIJA PLUS FIC ABIERTO RF PLUS,VISTA,COP,N/A,NACIONAL,CAJA,TASA FIJA,R FIJA
CORH4PT00626,Fondo de Capital Privado Colombia,COP,N/A,NACIONAL,R VARIABLE,VARIABLE,R VARIABLE
CORH4PT00634,Fondo de Capital Privado Colombia,COP,N/A,NACIONAL,R VARIABLE,VARIABLE,R VARIABLE
CORH4PT00659,Fondo de Capital Privado Colombia,COP,N/A,NACIONAL,R VARIABLE,VARIABLE,R VARIABLE
CORH4PT00618,Fondo de Capital Privado Colombia,COP,N/A,NACIONAL,R VARIABLE,VARIABLE,R VARIABLE
CORH4PT00600,Fondo de Capital Privado Colombia,COP,N/A,NACIONAL,R VARIABLE,VARIABLE,R VARIABLE
CORH4PT00667,Fondo de Capital Privado Colombia,COP,N/A,NACIONAL,R VARIABLE,VARIABLE,R VARIABLE
CORH4PT00683,Fondo de Capital Privado Colombia,COP,N/A,NACIONAL,R VARIABLE,VARIABLE,R VARIABLE
CORH4PT00675,Fondo de Capital Privado Colombia,COP,N/A,NACIONAL,R VARIABLE,VARIABLE,R VARIABLE
CORH4PT00642,Fondo de Capital Privado Colombia,COP,N/A,NACIONAL,R VARIABLE,VARIABLE,R VARIABLE
CORQ2PT00264,FIC ACC. COL.,COP,N/A,NACIONAL,R VARIABLE,VARIABLE,R VARIABLE
COR7NPT00067,Fondo de Capital Privado Colombia,COP,N/A,NACIONAL,R VARIABLE,VARIABLE,R VARIABLE
LU0823435044,Fondo Mutuo o Fondo Indice,USD,N/A,INTERNACIONAL,R VARIABLE,VARIABLE,R VARIABLE
LU0106261539,Fondo Mutuo o Fondo Indice,USD,N/A,INTERNACIONAL,R VARIABLE,VARIABLE,R VARIABLE
US91282CHC82,TREASURIES-MULTILATERALES-AGENCIAS,USD,TASA FIJA,INTERNACIONAL,R FIJA,TASA FIJA,R FIJA
Ñ96ST,Fondo de Capital Privado,USD,N/A,INTERNACIONAL,R VARIABLE,VARIABLE,R VARIABLE
Ñ99SU,Fondo de Capital Privado,EUR,N/A,INTERNACIONAL,R VARIABLE,VARIABLE,R VARIABLE
US912810TR95,TREASURIES-MULTILATERALES-AGENCIAS,USD,TASA FIJA,INTERNACIONAL,R FIJA,TASA FIJA,R FIJA
FED5 FCP ICONIQ VII,Fondo de Capital Privado,USD,N/A,INTERNACIONAL,R VARIABLE,VARIABLE,R VARIABLE
FEE5 FCP EQT X,Fondo de Capital Privado,EUR,N/A,INTERNACIONAL,R VARIABLE,VARIABLE,R VARIABLE
TCO364050624,TF TES,COP,TASA FIJA,NACIONAL,R FIJA,TASA FIJA,R FIJA
BDVI1219C120,Inflacion-CORPORATIVO LOCAL,UVR,IPC,NACIONAL,R FIJA,INFLACIÓN,R FIJA
CORT3PT00012,Fondo de Capital Privado Colombia,COP,N/A,NACIONAL,R VARIABLE,VARIABLE,R VARIABLE
GB00BZ2YND85,Fondo Mutuo o Fondo Indice,GBP,N/A,INTERNACIONAL,R VARIABLE,VARIABLE,R VARIABLE
LEXINGTON LGP XII,Fondo de Capital Privado,USD,N/A,INTERNACIONAL,R VARIABLE,VARIABLE,R VARIABLE
COR1EPT00069,Fondo de Capital Privado Colombia,COP,N/A,NACIONAL,R VARIABLE,VARIABLE,R VARIABLE
CORA5PT01040,Fondo de Capital Privado Colombia,COP,N/A,NACIONAL,R VARIABLE,VARIABLE,R VARIABLE
US912797FT96,TREASURIES-MULTILATERALES-AGENCIAS,USD,TASA FIJA,INTERNACIONAL,R FIJA,TASA FIJA,R FIJA
US4642886612,TREASURIES-MULTILATERALES-AGENCIAS,USD,TASA FIJA,INTERNACIONAL,R FIJA,TASA FIJA,R FIJA
CORT0PT00018,Fondo de Capital Privado Colombia,COP,N/A,NACIONAL,R VARIABLE,VARIABLE,R VARIABLE
US912797GA96,TREASURIES-MULTILATERALES-AGENCIAS,USD,TASA FIJA,INTERNACIONAL,R FIJA,TASA FIJA,R FIJA
IE00B1YZSC51,Fondo Mutuo o Fondo Indice,GBP,N/A,INTERNACIONAL,R VARIABLE,VARIABLE,R VARIABLE
US46641Q7613,Fondo Mutuo o Fondo Indice,USD,N/A,INTERNACIONAL,R VARIABLE,VARIABLE,R VARIABLE
US912828Y792,TREASURIES-MULTILATERALES-AGENCIAS,USD,TASA FIJA,INTERNACIONAL,R FIJA,TASA FIJA,R FIJA
COR26PT02591,Fondo de Capital Privado Colombia,COP,N/A,NACIONAL,R VARIABLE,VARIABLE,R VARIABLE
IE00BSJCNS13,Fondo Mutuo o Fondo Indice,USD,N/A,INTERNACIONAL,R VARIABLE,VARIABLE,R VARIABLE
COR26PT02740,Fondo de Capital Privado Colombia,COP,N/A,NACIONAL,R VARIABLE,VARIABLE,R VARIABLE
COR26PT02658,Fondo de Capital Privado Colombia,COP,N/A,NACIONAL,R VARIABLE,VARIABLE,R VARIABLE
COR26PT02534,Fondo de Capital Privado Colombia,COP,N/A,NACIONAL,R VARIABLE,VARIABLE,R VARIABLE
COR26PT02609,Fondo de Capital Privado Colombia,COP,N/A,NACIONAL,R VARIABLE,VARIABLE,R VARIABLE
COR26PT02674,Fondo de Capital Privado Colombia,COP,N/A,NACIONAL,R VARIABLE,VARIABLE,R VARIABLE
HARBOURVEST HDS XI,Fondo de Capital Privado,USD,N/A,INTERNACIONAL,R VARIABLE,VARIABLE,R VARIABLE
CORT2PT00014,Fondo de Capital Privado Colombia,COP,N/A,NACIONAL,R VARIABLE,VARIABLE,R VARIABLE
COR26PT02583,Fondo de Capital Privado Colombia,COP,N/A,NACIONAL,R VARIABLE,VARIABLE,R VARIABLE
COR26PT02518,Fondo de Capital Privado Colombia,COP,N/A,NACIONAL,R VARIABLE,VARIABLE,R VARIABLE
CORT2PT00030,Fondo de Capital Privado Colombia,COP,N/A,NACIONAL,R VARIABLE,VARIABLE,R VARIABLE
CORB0PT00828,Fondo de Capital Privado Colombia,COP,N/A,NACIONAL,R VARIABLE,VARIABLE,R VARIABLE
CORB0PT00794,Fondo de Capital Privado Colombia,COP,N/A,NACIONAL,R VARIABLE,VARIABLE,R VARIABLE
CORB0PT00802,Fondo de Capital Privado Colombia,COP,N/A,NACIONAL,R VARIABLE,VARIABLE,R VARIABLE
CORB0PT00786,Fondo de Capital Privado Colombia,COP,N/A,NACIONAL,R VARIABLE,VARIABLE,R VARIABLE
CORB0PT00778,Fondo de Capital Privado Colombia,COP,N/A,NACIONAL,R VARIABLE,VARIABLE,R VARIABLE
CORB0PT00810,Fondo de Capital Privado Colombia,COP,N/A,NACIONAL,R VARIABLE,VARIABLE,R VARIABLE
FED5 FCP SENTIN,Fondo de Capital Privado,USD,N/A,INTERNACIONAL,R VARIABLE,VARIABLE,R VARIABLE
COR7CPT00094,Fondo de Capital Privado Colombia,COP,N/A,NACIONAL,R VARIABLE,VARIABLE,R VARIABLE
FED5 FCP SENTINEL VII-A,Fondo de Capital Privado,USD,N/A,INTERNACIONAL,R VARIABLE,VARIABLE,R VARIABLE
BTPL3239C005,Inflacion-CORPORATIVO LOCAL,COP,IPC,NACIONAL,R FIJA,INFLACIÓN,R FIJA
US279158AT64,EM CORPORATIVOS,USD,TASA FIJA,INTERNACIONAL,R FIJA,TASA FIJA,R FIJA
CREDICORP CAPITAL VISTA,VISTA,COP,N/A,NACIONAL,CAJA,TASA FIJA,R FIJA
CORT9PT00035,Fondo de Capital Privado Colombia,COP,N/A,NACIONAL,R VARIABLE,VARIABLE,R VARIABLE
CORT9PT00027,Fondo de Capital Privado Colombia,COP,N/A,NACIONAL,R VARIABLE,VARIABLE,R VARIABLE
CORT9PT00019,Fondo de Capital Privado Colombia,COP,N/A,NACIONAL,R VARIABLE,VARIABLE,R VARIABLE
COR9OPT00020,Titularización Inmobiliaria,COP,N/A,NACIONAL,R VARIABLE,VARIABLE,R VARIABLE
COR5LPT00248,Fondo de Capital Privado Colombia,COP,N/A,NACIONAL,R VARIABLE,VARIABLE,R VARIABLE
BTPL3239C015,Inflacion-CORPORATIVO LOCAL,COP,IPC,NACIONAL,R FIJA,INFLACIÓN,R FIJA
CORM3PT00670,Fondo de Capital Privado Colombia,COP,N/A,NACIONAL,R VARIABLE,VARIABLE,R VARIABLE
DE000A0Q4R85,Fondo Mutuo o Fondo Indice,USD,N/A,INTERNACIONAL,R VARIABLE,VARIABLE,R VARIABLE
CORH7PT00678,Fondo de Capital Privado Colombia,COP,N/A,NACIONAL,R VARIABLE,VARIABLE,R VARIABLE
CORH7PT00686,Fondo de Capital Privado Colombia,COP,N/A,NACIONAL,R VARIABLE,VARIABLE,R VARIABLE
CORH7PT00694,Fondo de Capital Privado Colombia,COP,N/A,NACIONAL,R VARIABLE,VARIABLE,R VARIABLE
CORH7PT00702,Fondo de Capital Privado Colombia,COP,N/A,NACIONAL,R VARIABLE,VARIABLE,R VARIABLE
CORH7PT00710,Fondo de Capital Privado Colombia,COP,N/A,NACIONAL,R VARIABLE,VARIABLE,R VARIABLE
CORH7PT00728,Fondo de Capital Privado Colombia,COP,N/A,NACIONAL,R VARIABLE,VARIABLE,R VARIABLE
CORH7PT00736,Fondo de Capital Privado Colombia,COP,N/A,NACIONAL,R VARIABLE,VARIABLE,R VARIABLE
CORH7PT00744,Fondo de Capital Privado Colombia,COP,N/A,NACIONAL,R VARIABLE,VARIABLE,R VARIABLE
CORH7PT00751,Fondo de Capital Privado Colombia,COP,N/A,NACIONAL,R VARIABLE,VARIABLE,R VARIABLE
CORH7PT00769,Fondo de Capital Privado Colombia,COP,N/A,NACIONAL,R VARIABLE,VARIABLE,R VARIABLE
CORH7PT00777,Fondo de Capital Privado Colombia,COP,N/A,NACIONAL,R VARIABLE,VARIABLE,R VARIABLE
CORH7PT00785,Fondo de Capital Privado Colombia,COP,N/A,NACIONAL,R VARIABLE,VARIABLE,R VARIABLE
CORH7PT00793,Fondo de Capital Privado Colombia,COP,N/A,NACIONAL,R VARIABLE,VARIABLE,R VARIABLE
CORH7PT00801,Fondo de Capital Privado Colombia,COP,N/A,NACIONAL,R VARIABLE,VARIABLE,R VARIABLE
CORH7PT00819,Fondo de Capital Privado Colombia,COP,N/A,NACIONAL,R VARIABLE,VARIABLE,R VARIABLE
CORH7PT00827,Fondo de Capital Privado Colombia,COP,N/A,NACIONAL,R VARIABLE,VARIABLE,R VARIABLE
CORH7PT00835,Fondo de Capital Privado Colombia,COP,N/A,NACIONAL,R VARIABLE,VARIABLE,R VARIABLE
CORH7PT00843,Fondo de Capital Privado Colombia,COP,N/A,NACIONAL,R VARIABLE,VARIABLE,R VARIABLE
CORH7PT00850,Fondo de Capital Privado Colombia,COP,N/A,NACIONAL,R VARIABLE,VARIABLE,R VARIABLE
CORH7PT00868,Fondo de Capital Privado Colombia,COP,N/A,NACIONAL,R VARIABLE,VARIABLE,R VARIABLE
CORH7PT00876,Fondo de Capital Privado Colombia,COP,N/A,NACIONAL,R VARIABLE,VARIABLE,R VARIABLE
CORH7PT00884,Fondo de Capital Privado Colombia,COP,N/A,NACIONAL,R VARIABLE,VARIABLE,R VARIABLE
CORH7PT00892,Fondo de Capital Privado Colombia,COP,N/A,NACIONAL,R VARIABLE,VARIABLE,R VARIABLE
CORH7PT00900,Fondo de Capital Privado Colombia,COP,N/A,NACIONAL,R VARIABLE,VARIABLE,R VARIABLE
CORH7PT00918,Fondo de Capital Privado Colombia,COP,N/A,NACIONAL,R VARIABLE,VARIABLE,R VARIABLE
CORH7PT00926,Fondo de Capital Privado Colombia,COP,N/A,NACIONAL,R VARIABLE,VARIABLE,R VARIABLE
CORH7PT00934,Fondo de Capital Privado Colombia,COP,N/A,NACIONAL,R VARIABLE,VARIABLE,R VARIABLE
CORH7PT00942,Fondo de Capital Privado Colombia,COP,N/A,NACIONAL,R VARIABLE,VARIABLE,R VARIABLE
CORH7PT00959,Fondo de Capital Privado Colombia,COP,N/A,NACIONAL,R VARIABLE,VARIABLE,R VARIABLE
CORH7PT00660,Fondo de Capital Privado Colombia,COP,N/A,NACIONAL,R VARIABLE,VARIABLE,R VARIABLE
TCO364050923,TF TES,COP,TASA FIJA,NACIONAL,R FIJA,TASA FIJA,R FIJA
IL0011684185,Acciones Colombia,USD,N/A,NACIONAL,R VARIABLE,VARIABLE,R VARIABLE
US91282CHT18,TREASURIES-MULTILATERALES-AGENCIAS,USD,TASA FIJA,INTERNACIONAL,R FIJA,TASA FIJA,R FIJA
US912810TT51,TREASURIES-MULTILATERALES-AGENCIAS,USD,TASA FIJA,INTERNACIONAL,R FIJA,TASA FIJA,R FIJA
LU1796233820,Fondo Mutuo o Fondo Indice,EUR,N/A,INTERNACIONAL,R VARIABLE,VARIABLE,R VARIABLE
BANCO DE BOGOTA NEW YORK AGENCY,MONEY MARKET,USD,N/A,INTERNACIONAL,CAJA,VARIABLE,CAJA
CTMP1237C016,Inflacion-CORPORATIVO LOCAL,UVR,TASA FIJA,NACIONAL,R FIJA,INFLACIÓN,R FIJA
US46137V3574,Fondo Mutuo o Fondo Indice,USD,N/A,INTERNACIONAL,R VARIABLE,VARIABLE,R VARIABLE
CDTMIA80P,Variable-CORPORATIVO LOCAL,COP,IBR,NACIONAL,R FIJA,VARIABLE,R FIJA
CDTBTG80P,Variable-CORPORATIVO LOCAL,COP,IBR,NACIONAL,R FIJA,VARIABLE,R FIJA
CTMP1239A016,Inflacion-CORPORATIVO LOCAL,COP,IPC,NACIONAL,R FIJA,INFLACIÓN,R FIJA
BICX1218D002,Variable-CORPORATIVO LOCAL,COP,IBR,NACIONAL,R FIJA,VARIABLE,R FIJA
US91282CHQ78,TREASURIES-MULTILATERALES-AGENCIAS,USD,TASA FIJA,INTERNACIONAL,R FIJA,TASA FIJA,R FIJA
PCCB1228C270,Variable-CORPORATIVO LOCAL,COP,IBR,NACIONAL,R FIJA,VARIABLE,R FIJA
CDTBGASRV,CORPORATIVO LOCAL,COP,TASA FIJA,NACIONAL,R FIJA,TASA FIJA,R FIJA
US912797HA87,TREASURIES-MULTILATERALES-AGENCIAS,USD,TASA FIJA,INTERNACIONAL,R FIJA,TASA FIJA,R FIJA
FED5 FCP BLUE OWL,Fondo de Capital Privado,USD,N/A,INTERNACIONAL,R VARIABLE,VARIABLE,R VARIABLE
FED5 FCP BLUE OWL B,Fondo de Capital Privado,USD,N/A,INTERNACIONAL,R VARIABLE,VARIABLE,R VARIABLE
US46434G7723,Fondo Mutuo o Fondo Indice,USD,N/A,INTERNACIONAL,R VARIABLE,VARIABLE,R VARIABLE
US78464A8541,Fondo Mutuo o Fondo Indice,USD,N/A,INTERNACIONAL,R VARIABLE,VARIABLE,R VARIABLE
GB00BJSFMQ91,Fondo Mutuo o Fondo Indice,GBP,N/A,INTERNACIONAL,R VARIABLE,VARIABLE,R VARIABLE
NC NORDIC XI PR,Fondo de Capital Privado,EUR,N/A,INTERNACIONAL,R VARIABLE,VARIABLE,R VARIABLE
PLATINUM PECP VI,Fondo de Capital Privado,USD,N/A,INTERNACIONAL,R VARIABLE,VARIABLE,R VARIABLE
COR5OPT00119,Fondo de Capital Privado Colombia,COP,N/A,NACIONAL,R VARIABLE,VARIABLE,R VARIABLE
COR5OPT00101,Fondo de Capital Privado Colombia,COP,N/A,NACIONAL,R VARIABLE,VARIABLE,R VARIABLE
COR5OPT00127,Fondo de Capital Privado Colombia,COP,N/A,NACIONAL,R VARIABLE,VARIABLE,R VARIABLE
US912797HJ96,TREASURIES-MULTILATERALES-AGENCIAS,USD,TASA FIJA,INTERNACIONAL,R FIJA,TASA FIJA,R FIJA
BSBCX323SB36,CORPORATIVO LOCAL,COP,TASA FIJA,NACIONAL,R FIJA,TASA FIJA,R FIJA
BSBCX323SB24,CORPORATIVO LOCAL,COP,TASA FIJA,NACIONAL,R FIJA,TASA FIJA,R FIJA
BSBCX323SB18,CORPORATIVO LOCAL,COP,TASA FIJA,NACIONAL,R FIJA,TASA FIJA,R FIJA
FED5 FCP GENSTA,Fondo de Capital Privado,USD,N/A,INTERNACIONAL,R VARIABLE,VARIABLE,R VARIABLE
CDTMIA80,Variable-CORPORATIVO LOCAL,COP,IBR,NACIONAL,R FIJA,VARIABLE,R FIJA
IE00B3YCGJ38,Fondo Mutuo o Fondo Indice,USD,N/A,INTERNACIONAL,R VARIABLE,VARIABLE,R VARIABLE
US46641Q1913,Fondo Mutuo o Fondo Indice,USD,N/A,INTERNACIONAL,R VARIABLE,VARIABLE,R VARIABLE
US91282CJA09,TREASURIES-MULTILATERALES-AGENCIAS,USD,TASA FIJA,INTERNACIONAL,R FIJA,TASA FIJA,R FIJA
US912797GP65,TREASURIES-MULTILATERALES-AGENCIAS,USD,TASA FIJA,INTERNACIONAL,R FIJA,TASA FIJA,R FIJA
US91282CJC64,TREASURIES-MULTILATERALES-AGENCIAS,USD,TASA FIJA,INTERNACIONAL,R FIJA,TASA FIJA,R FIJA
HARBOURVEST HVSS V,Fondo de Capital Privado,USD,N/A,INTERNACIONAL,R VARIABLE,VARIABLE,R VARIABLE
SKJZAY0FCP01,Fondo de Capital Privado,USD,N/A,INTERNACIONAL,R VARIABLE,VARIABLE,R VARIABLE
IE00B6TYHG95,Fondo Mutuo o Fondo Indice,EUR,N/A,INTERNACIONAL,R VARIABLE,VARIABLE,R VARIABLE
US91282CJJ18,TREASURIES-MULTILATERALES-AGENCIAS,USD,TASA FIJA,INTERNACIONAL,R FIJA,TASA FIJA,R FIJA
US912810TV08,TREASURIES-MULTILATERALES-AGENCIAS,USD,TASA FIJA,INTERNACIONAL,R FIJA,TASA FIJA,R FIJA
NUAMCO,Acciones Colombia,COP,N/A,NACIONAL,R VARIABLE,VARIABLE,R VARIABLE
FED5 FCP GENSTAR XI,Fondo de Capital Privado,USD,N/A,INTERNACIONAL,R VARIABLE,VARIABLE,R VARIABLE
BISA1239C014,Inflacion-CORPORATIVO LOCAL,COP,IPC,NACIONAL,R FIJA,INFLACIÓN,R FIJA
US195325EL56,EM BONDS,USD,TASA FIJA,INTERNACIONAL,R FIJA,TASA FIJA,R FIJA
TIVAV6281128,CORPORATIVO LOCAL,COP,TASA FIJA,NACIONAL,R FIJA,TASA FIJA,R FIJA
CITIBANK NA,MONEY MARKET,USD,N/A,INTERNACIONAL,CAJA,VARIABLE,CAJA
IE00B53QG562,Fondo Mutuo o Fondo Indice,EUR,N/A,INTERNACIONAL,R VARIABLE,VARIABLE,R VARIABLE
CORT0PT00026,Fondo de Capital Privado Colombia,COP,N/A,NACIONAL,R VARIABLE,VARIABLE,R VARIABLE
US195325EM30,EM BONDS,USD,TASA FIJA,INTERNACIONAL,R FIJA,TASA FIJA,R FIJA
US91282CJF95,TREASURIES-MULTILATERALES-AGENCIAS,USD,TASA FIJA,INTERNACIONAL,R FIJA,TASA FIJA,R FIJA
COB56CD2B2E4,CORPORATIVO LOCAL,COP,TASA FIJA,NACIONAL,R FIJA,TASA FIJA,R FIJA
TIVAV5231128,CORPORATIVO LOCAL,COP,TASA FIJA,NACIONAL,R FIJA,TASA FIJA,R FIJA
COR05PT02041,Fondo de Capital Privado Colombia,COP,N/A,NACIONAL,R VARIABLE,VARIABLE,R VARIABLE
COR05PT01993,Fondo de Capital Privado Colombia,COP,N/A,NACIONAL,R VARIABLE,VARIABLE,R VARIABLE
COR05PT01985,Fondo de Capital Privado Colombia,COP,N/A,NACIONAL,R VARIABLE,VARIABLE,R VARIABLE
CORREDORES DEUDA CORPORATIVA L,Fondo de Capital Privado Colombia,COP,N/A,NACIONAL,R VARIABLE,VARIABLE,R VARIABLE
VISTA VEP VIII,Fondo de Capital Privado,USD,N/A,INTERNACIONAL,R VARIABLE,VARIABLE,R VARIABLE
US912797HT78,TREASURIES-MULTILATERALES-AGENCIAS,USD,TASA FIJA,INTERNACIONAL,R FIJA,TASA FIJA,R FIJA
STCE123SU060,CORPORATIVO LOCAL,COP,TASA FIJA,NACIONAL,R FIJA,TASA FIJA,R FIJA
PORT,Acciones Colombia,COP,N/A,NACIONAL,R VARIABLE,VARIABLE,R VARIABLE
AC ORD UDEMY,Acciones Internacionales,USD,N/A,INTERNACIONAL,R VARIABLE,VARIABLE,R VARIABLE
XS2662209019,Notas estructuradas,COP,TASA FIJA,NACIONAL,Notas estructuradas,TASA FIJA,NOTAS ESTRUCTURADAS
XS2709359231,Notas estructuradas,COP,TASA FIJA,NACIONAL,Notas estructuradas,TASA FIJA,NOTAS ESTRUCTURADAS
XS2691894872,Notas estructuradas,COP,TASA FIJA,NACIONAL,Notas estructuradas,TASA FIJA,NOTAS ESTRUCTURADAS
XSPENDIENTE,Notas estructuradas,COP,TASA FIJA,NACIONAL,Notas estructuradas,TASA FIJA,NOTAS ESTRUCTURADAS
EQT X,Fondo de Capital Privado,USD,N/A,INTERNACIONAL,R VARIABLE,VARIABLE,R VARIABLE
ARDIAN ACS I,Fondo de Capital Privado,USD,N/A,INTERNACIONAL,R VARIABLE,VARIABLE,R VARIABLE
COR9QPT02195,Fondo de Capital Privado Colombia,COP,N/A,NACIONAL,R VARIABLE,VARIABLE,R VARIABLE
COR9QPT01825,Fondo de Capital Privado Colombia,COP,N/A,NACIONAL,R VARIABLE,VARIABLE,R VARIABLE
COR9QPT01908,Fondo de Capital Privado Colombia,COP,N/A,NACIONAL,R VARIABLE,VARIABLE,R VARIABLE
COR9QPT02070,Fondo de Capital Privado Colombia,COP,N/A,NACIONAL,R VARIABLE,VARIABLE,R VARIABLE
COR9QPT01965,Fondo de Capital Privado Colombia,COP,N/A,NACIONAL,R VARIABLE,VARIABLE,R VARIABLE
COV85PT00015,Fondo de Capital Privado Colombia,COP,N/A,NACIONAL,R VARIABLE,VARIABLE,R VARIABLE
COR9QPT02005,Fondo de Capital Privado Colombia,COP,N/A,NACIONAL,R VARIABLE,VARIABLE,R VARIABLE
COR9QPT01916,Fondo de Capital Privado Colombia,COP,N/A,NACIONAL,R VARIABLE,VARIABLE,R VARIABLE
COR9QPT01981,Fondo de Capital Privado Colombia,COP,N/A,NACIONAL,R VARIABLE,VARIABLE,R VARIABLE
COR9QPT02153,Fondo de Capital Privado Colombia,COP,N/A,NACIONAL,R VARIABLE,VARIABLE,R VARIABLE
COR9QPT02187,Fondo de Capital Privado Colombia,COP,N/A,NACIONAL,R VARIABLE,VARIABLE,R VARIABLE
COR9QPT02054,Fondo de Capital Privado Colombia,COP,N/A,NACIONAL,R VARIABLE,VARIABLE,R VARIABLE
COR9QPT01833,Fondo de Capital Privado Colombia,COP,N/A,NACIONAL,R VARIABLE,VARIABLE,R VARIABLE
COR9QPT02013,Fondo de Capital Privado Colombia,COP,N/A,NACIONAL,R VARIABLE,VARIABLE,R VARIABLE
COR9QPT02047,Fondo de Capital Privado Colombia,COP,N/A,NACIONAL,R VARIABLE,VARIABLE,R VARIABLE
COR9QPT01973,Fondo de Capital Privado Colombia,COP,N/A,NACIONAL,R VARIABLE,VARIABLE,R VARIABLE
COR9QPT01924,Fondo de Capital Privado Colombia,COP,N/A,NACIONAL,R VARIABLE,VARIABLE,R VARIABLE
COR9QPT02088,Fondo de Capital Privado Colombia,COP,N/A,NACIONAL,R VARIABLE,VARIABLE,R VARIABLE
COR9QPT01890,Fondo de Capital Privado Colombia,COP,N/A,NACIONAL,R VARIABLE,VARIABLE,R VARIABLE
COR9QPT02021,Fondo de Capital Privado Colombia,COP,N/A,NACIONAL,R VARIABLE,VARIABLE,R VARIABLE
COR9QPT02161,Fondo de Capital Privado Colombia,COP,N/A,NACIONAL,R VARIABLE,VARIABLE,R VARIABLE
COR9QPT01874,Fondo de Capital Privado Colombia,COP,N/A,NACIONAL,R VARIABLE,VARIABLE,R VARIABLE
COR9QPT02096,Fondo de Capital Privado Colombia,COP,N/A,NACIONAL,R VARIABLE,VARIABLE,R VARIABLE
COR9QPT02179,Fondo de Capital Privado Colombia,COP,N/A,NACIONAL,R VARIABLE,VARIABLE,R VARIABLE
COR9QPT02146,Fondo de Capital Privado Colombia,COP,N/A,NACIONAL,R VARIABLE,VARIABLE,R VARIABLE
COR9QPT01841,Fondo de Capital Privado Colombia,COP,N/A,NACIONAL,R VARIABLE,VARIABLE,R VARIABLE
COR9QPT02039,Fondo de Capital Privado Colombia,COP,N/A,NACIONAL,R VARIABLE,VARIABLE,R VARIABLE
COR9QPT02062,Fondo de Capital Privado Colombia,COP,N/A,NACIONAL,R VARIABLE,VARIABLE,R VARIABLE
COR9QPT02120,Fondo de Capital Privado Colombia,COP,N/A,NACIONAL,R VARIABLE,VARIABLE,R VARIABLE
COR9QPT01957,Fondo de Capital Privado Colombia,COP,N/A,NACIONAL,R VARIABLE,VARIABLE,R VARIABLE
COR9QPT02138,Fondo de Capital Privado Colombia,COP,N/A,NACIONAL,R VARIABLE,VARIABLE,R VARIABLE
COR9QPT02104,Fondo de Capital Privado Colombia,COP,N/A,NACIONAL,R VARIABLE,VARIABLE,R VARIABLE
COR9QPT02112,Fondo de Capital Privado Colombia,COP,N/A,NACIONAL,R VARIABLE,VARIABLE,R VARIABLE
COR9QPT01932,Fondo de Capital Privado Colombia,COP,N/A,NACIONAL,R VARIABLE,VARIABLE,R VARIABLE
COR9QPT01858,Fondo de Capital Privado Colombia,COP,N/A,NACIONAL,R VARIABLE,VARIABLE,R VARIABLE
COR9QPT01866,Fondo de Capital Privado Colombia,COP,N/A,NACIONAL,R VARIABLE,VARIABLE,R VARIABLE
COR9QPT01940,Fondo de Capital Privado Colombia,COP,N/A,NACIONAL,R VARIABLE,VARIABLE,R VARIABLE
COR9QPT01999,Fondo de Capital Privado Colombia,COP,N/A,NACIONAL,R VARIABLE,VARIABLE,R VARIABLE
COR9QPT01882,Fondo de Capital Privado Colombia,COP,N/A,NACIONAL,R VARIABLE,VARIABLE,R VARIABLE
CORH2PT00539,Fondo de Capital Privado Colombia,COP,N/A,NACIONAL,R VARIABLE,VARIABLE,R VARIABLE
COV64PT00028,Titularización Inmobiliaria,COP,N/A,NACIONAL,R VARIABLE,VARIABLE,R VARIABLE
LU2122467942,SOBERANOS OTRAS MONEDAS,USD,TASA FIJA,INTERNACIONAL,R FIJA,TASA FIJA,R FIJA
IE00B29K0P99,SOBERANOS OTRAS MONEDAS,USD,TASA FIJA,INTERNACIONAL,R FIJA,TASA FIJA,R FIJA
LU1629326833,SOBERANOS OTRAS MONEDAS,USD,TASA FIJA,INTERNACIONAL,R FIJA,TASA FIJA,R FIJA
XS2696275739,Notas estructuradas,COP,TASA FIJA,Notas estructuradas,Notas estructuradas,Notas estructuradas,NOTAS ESTRUCTURADAS
XS2761352959,Notas estructuradas,COP,TASA FIJA,Notas estructuradas,Notas estructuradas,Notas estructuradas,NOTAS ESTRUCTURADAS
XS2729812722,Notas estructuradas,COP,TASA FIJA,Notas estructuradas,Notas estructuradas,Notas estructuradas,NOTAS ESTRUCTURADAS
XS2729812482,Notas estructuradas,COP,TASA FIJA,Notas estructuradas,Notas estructuradas,Notas estructuradas,NOTAS ESTRUCTURADAS
XS2761353254,Notas estructuradas,COP,TASA FIJA,Notas estructuradas,Notas estructuradas,Notas estructuradas,NOTAS ESTRUCTURADAS
FED5 FCP CD&R XII,Fondo de Capital Privado,USD,N/A,INTERNACIONAL,R VARIABLE,VARIABLE,R VARIABLE
COR28PT00237,Fondo de Capital Privado Colombia,COP,N/A,NACIONAL,R VARIABLE,VARIABLE,R VARIABLE
CORH6PT00613,Fondo de Capital Privado Colombia,COP,N/A,NACIONAL,R VARIABLE,VARIABLE,R VARIABLE
TCO364041224,TF TES,COP,TASA FIJA,NACIONAL,R FIJA,TASA FIJA,R FIJA
US91282CJW29,TREASURIES-MULTILATERALES-AGENCIAS,USD,TASA FIJA,INTERNACIONAL,R FIJA,TASA FIJA,R FIJA
SCOTIABANK COLPATRIA SA,VISTA,COP,TASA FIJA,NACIONAL,CAJA,VARIABLE,CAJA
BANCO BILBAO VIZCAYA ARGENTARIA COLOMBIA SA,VISTA,COP,TASA FIJA,NACIONAL,CAJA,VARIABLE,CAJA
BANCO CAJA SOCIAL SA,VISTA,COP,TASA FIJA,NACIONAL,CAJA,VARIABLE,CAJA
BANCO SANTANDER NEGOCIOS COLOMBIA,VISTA,COP,TASA FIJA,NACIONAL,CAJA,VARIABLE,CAJA
MX0MG0000193,EM BONDS,MXN,TASA FIJA,INTERNACIONAL,R FIJA,TASA FIJA,R FIJA
FIC ABIERTO FIDUGOB,VISTA,COP,TASA FIJA,NACIONAL,CAJA,VARIABLE,CAJA
FIC SUPERIOR FIDUCIARIA DAVIVIENDA,VISTA,COP,TASA FIJA,NACIONAL,CAJA,VARIABLE,CAJA
FONDO DE INVERSION COLECTIVA RENTA FIJA PLAZO,VISTA,COP,TASA FIJA,NACIONAL,CAJA,VARIABLE,CAJA
FIC DEL MERCADO MONETARIO BTG PACTUAL,VISTA,COP,TASA FIJA,NACIONAL,CAJA,VARIABLE,CAJA
FONDO INTERES CORREDORES DAVIVIENDA,VISTA,COP,TASA FIJA,NACIONAL,CAJA,VARIABLE,CAJA
FIC RF PLUS VAL BANCOLOMBIA,VISTA,COP,TASA FIJA,NACIONAL,CAJA,VARIABLE,CAJA
FONDO DE INVERSION COLECTIVA ABIERTA OCCIRENTA,VISTA,COP,TASA FIJA,NACIONAL,CAJA,VARIABLE,CAJA
CARTERA COLECTIVA CREDICORP CAPITAL VISTA,VISTA,COP,TASA FIJA,NACIONAL,CAJA,VARIABLE,CAJA
FIC ABIERTO ALIANZA FIDUCIARIA,VISTA,COP,TASA FIJA,NACIONAL,CAJA,VARIABLE,CAJA
FIDUCIARIA POPULAR SA CARTE,VISTA,COP,TASA FIJA,NACIONAL,CAJA,VARIABLE,CAJA
BBVA FIDUCIARIA CCA EFECTIV,VISTA,COP,TASA FIJA,NACIONAL,CAJA,VARIABLE,CAJA
BROWN BROTHERS HARRIMAN Y CO,MONEY MARKET,USD,N/A,INTERNACIONAL,CAJA,VARIABLE,CAJA
BANCO DE BOGOTA NEW YORK,MONEY MARKET,USD,N/A,INTERNACIONAL,CAJA,VARIABLE,CAJA
BANCO DE LA REPUBLICA,VISTA,COP,TASA FIJA,NACIONAL,CAJA,VARIABLE,CAJA
COR8DPT00066,Fondo de Capital Privado Colombia,COP,N/A,NACIONAL,R VARIABLE,VARIABLE,R VARIABLE
CORH2PT00604,Fondo de Capital Privado Colombia,COP,N/A,NACIONAL,R VARIABLE,VARIABLE,R VARIABLE
CORH2PT00588,Fondo de Capital Privado Colombia,COP,N/A,NACIONAL,R VARIABLE,VARIABLE,R VARIABLE
CORH2PT00596,Fondo de Capital Privado Colombia,COP,N/A,NACIONAL,R VARIABLE,VARIABLE,R VARIABLE
CORH2PT00562,Fondo de Capital Privado Colombia,COP,N/A,NACIONAL,R VARIABLE,VARIABLE,R VARIABLE
CORH2PT00620,Fondo de Capital Privado Colombia,COP,N/A,NACIONAL,R VARIABLE,VARIABLE,R VARIABLE
CORH2PT00612,Fondo de Capital Privado Colombia,COP,N/A,NACIONAL,R VARIABLE,VARIABLE,R VARIABLE
CORH2PT00547,Fondo de Capital Privado Colombia,COP,N/A,NACIONAL,R VARIABLE,VARIABLE,R VARIABLE
CORH2PT00570,Fondo de Capital Privado Colombia,COP,N/A,NACIONAL,R VARIABLE,VARIABLE,R VARIABLE
LEXINGTON LCP IX,Fondo de Capital Privado,USD,N/A,INTERNACIONAL,R VARIABLE,VARIABLE,R VARIABLE
PARTNERS GROUP SECONDARY 2020 USD CI LP,Fondo de Capital Privado,USD,N/A,INTERNACIONAL,R VARIABLE,VARIABLE,R VARIABLE
HARBOURVEST HDS X,Fondo de Capital Privado,USD,N/A,INTERNACIONAL,R VARIABLE,VARIABLE,R VARIABLE
BLACKSTONE PROPERTY PARTNERS,Fondo de Capital Privado,USD,N/A,INTERNACIONAL,R VARIABLE,VARIABLE,R VARIABLE
FCP SILVER LAKE SLP VII,Fondo de Capital Privado,USD,N/A,INTERNACIONAL,R VARIABLE,VARIABLE,R VARIABLE
ARDIAN ASF VIII,Fondo de Capital Privado,USD,N/A,INTERNACIONAL,R VARIABLE,VARIABLE,R VARIABLE
CARLYLE REALTY PARTNERS VIII,Fondo de Capital Privado,USD,N/A,INTERNACIONAL,R VARIABLE,VARIABLE,R VARIABLE
STRATEGIC PARTNERS BSP IX,Fondo de Capital Privado,USD,N/A,INTERNACIONAL,R VARIABLE,VARIABLE,R VARIABLE
PARTNERS GROUP PGS 2015,Fondo de Capital Privado,USD,N/A,INTERNACIONAL,R VARIABLE,VARIABLE,R VARIABLE
PARTNERS GROUP PGDE 2016,Fondo de Capital Privado,USD,N/A,INTERNACIONAL,R VARIABLE,VARIABLE,R VARIABLE
ALPINVEST ASF V,Fondo de Capital Privado,USD,N/A,INTERNACIONAL,R VARIABLE,VARIABLE,R VARIABLE
PARTNERS GROUP SECONDARY 2011 USD LP INC,Fondo de Capital Privado,USD,N/A,INTERNACIONAL,R VARIABLE,VARIABLE,R VARIABLE
ADVENT GPE X,Fondo de Capital Privado,USD,N/A,INTERNACIONAL,R VARIABLE,VARIABLE,R VARIABLE
INSIGHT XI,Fondo de Capital Privado,USD,N/A,INTERNACIONAL,R VARIABLE,VARIABLE,R VARIABLE
ADVENT GPE VIII,Fondo de Capital Privado,USD,N/A,INTERNACIONAL,R VARIABLE,VARIABLE,R VARIABLE
ALPINVEST ACF VII,Fondo de Capital Privado,USD,N/A,INTERNACIONAL,R VARIABLE,VARIABLE,R VARIABLE
FCP EQT X,Fondo de Capital Privado,EUR,N/A,INTERNACIONAL,R VARIABLE,VARIABLE,R VARIABLE
ARDIAN ACF V EUROPE,Fondo de Capital Privado,EUR,N/A,INTERNACIONAL,R VARIABLE,VARIABLE,R VARIABLE
PARTNERS GROUP SECONDARY 2008 L P,Fondo de Capital Privado,EUR,N/A,INTERNACIONAL,R VARIABLE,VARIABLE,R VARIABLE
APOLLO ANRP,Fondo de Capital Privado,USD,N/A,INTERNACIONAL,R VARIABLE,VARIABLE,R VARIABLE
BLACKSTONE BXG I,Fondo de Capital Privado,USD,N/A,INTERNACIONAL,R VARIABLE,VARIABLE,R VARIABLE
NORTH HAVEN NHCP VII,Fondo de Capital Privado,USD,N/A,INTERNACIONAL,R VARIABLE,VARIABLE,R VARIABLE
VISTA VEP VII,Fondo de Capital Privado,USD,N/A,INTERNACIONAL,R VARIABLE,VARIABLE,R VARIABLE
PLATINUM PECP V,Fondo de Capital Privado,USD,N/A,INTERNACIONAL,R VARIABLE,VARIABLE,R VARIABLE
GSO CSF III,Fondo de Capital Privado,USD,N/A,INTERNACIONAL,R VARIABLE,VARIABLE,R VARIABLE
LANDMARK LREP VII,Fondo de Capital Privado,USD,N/A,INTERNACIONAL,R VARIABLE,VARIABLE,R VARIABLE
CARLYLE EUROPE PARTNERS V SC SP,Fondo de Capital Privado,EUR,N/A,INTERNACIONAL,R VARIABLE,VARIABLE,R VARIABLE
NEW MOUNTAIN NMP V,Fondo de Capital Privado,USD,N/A,INTERNACIONAL,R VARIABLE,VARIABLE,R VARIABLE
CLEARLAKE CCP VII,Fondo de Capital Privado,USD,N/A,INTERNACIONAL,R VARIABLE,VARIABLE,R VARIABLE
LANDMARK LEP XV,Fondo de Capital Privado,USD,N/A,INTERNACIONAL,R VARIABLE,VARIABLE,R VARIABLE
APOLLO INVESTMENT FUND VIII LP,Fondo de Capital Privado,USD,N/A,INTERNACIONAL,R VARIABLE,VARIABLE,R VARIABLE
CARLYLE CP VIII,Fondo de Capital Privado,USD,N/A,INTERNACIONAL,R VARIABLE,VARIABLE,R VARIABLE
FCP LEXINGTON LGP XII,Fondo de Capital Privado,USD,N/A,INTERNACIONAL,R VARIABLE,VARIABLE,R VARIABLE
ARDIAN ACF V NORTH AMERICA,Fondo de Capital Privado,USD,N/A,INTERNACIONAL,R VARIABLE,VARIABLE,R VARIABLE
AXA ASF V,Fondo de Capital Privado,USD,N/A,INTERNACIONAL,R VARIABLE,VARIABLE,R VARIABLE
COLLER CIP VII,Fondo de Capital Privado,USD,N/A,INTERNACIONAL,R VARIABLE,VARIABLE,R VARIABLE
CVC CP VII,Fondo de Capital Privado,EUR,N/A,INTERNACIONAL,R VARIABLE,VARIABLE,R VARIABLE
AMERICAN SECURITIES ASP VIII,Fondo de Capital Privado,USD,N/A,INTERNACIONAL,R VARIABLE,VARIABLE,R VARIABLE
APOLLO AOP IX,Fondo de Capital Privado,USD,N/A,INTERNACIONAL,R VARIABLE,VARIABLE,R VARIABLE
STARWOOD SOF XI,Fondo de Capital Privado,USD,N/A,INTERNACIONAL,R VARIABLE,VARIABLE,R VARIABLE
STARWOOD SOF XII,Fondo de Capital Privado,USD,N/A,INTERNACIONAL,R VARIABLE,VARIABLE,R VARIABLE
DIVERSIFIED INTERNATIONAL PARTNERS EQUITY,Fondo de Capital Privado,USD,N/A,INTERNACIONAL,R VARIABLE,VARIABLE,R VARIABLE
LEXINGTON LMMI IV,Fondo de Capital Privado,USD,N/A,INTERNACIONAL,R VARIABLE,VARIABLE,R VARIABLE
ICG EF VII,Fondo de Capital Privado,EUR,N/A,INTERNACIONAL,R VARIABLE,VARIABLE,R VARIABLE
CLAYTON DUBILIER RICE FUND X LP,Fondo de Capital Privado,USD,N/A,INTERNACIONAL,R VARIABLE,VARIABLE,R VARIABLE
PANTHEON PGSF V,Fondo de Capital Privado,USD,N/A,INTERNACIONAL,R VARIABLE,VARIABLE,R VARIABLE
CARLYLE CRP VII,Fondo de Capital Privado,USD,N/A,INTERNACIONAL,R VARIABLE,VARIABLE,R VARIABLE
KKR NA XII,Fondo de Capital Privado,USD,N/A,INTERNACIONAL,R VARIABLE,VARIABLE,R VARIABLE
FCP HARBOURVEST HVSS V,Fondo de Capital Privado,USD,N/A,INTERNACIONAL,R VARIABLE,VARIABLE,R VARIABLE
HAMILTON LANE HLOF VII,Fondo de Capital Privado,USD,N/A,INTERNACIONAL,R VARIABLE,VARIABLE,R VARIABLE
COURTSQUARE CCP III,Fondo de Capital Privado,USD,N/A,INTERNACIONAL,R VARIABLE,VARIABLE,R VARIABLE
BLACKSTONE BCP VII,Fondo de Capital Privado,USD,N/A,INTERNACIONAL,R VARIABLE,VARIABLE,R VARIABLE
FCP BLACKSTONE BCP VI,Fondo de Capital Privado,USD,N/A,INTERNACIONAL,R VARIABLE,VARIABLE,R VARIABLE
WARBURG PINCUS WPPE XI,Fondo de Capital Privado,USD,N/A,INTERNACIONAL,R VARIABLE,VARIABLE,R VARIABLE
BLACKSTONE BREP VIII,Fondo de Capital Privado,USD,N/A,INTERNACIONAL,R VARIABLE,VARIABLE,R VARIABLE
NEUBERGER BERMAN NBC 2010,Fondo de Capital Privado,USD,N/A,INTERNACIONAL,R VARIABLE,VARIABLE,R VARIABLE
MORGAN STANLEY PMF V,Fondo de Capital Privado,USD,N/A,INTERNACIONAL,R VARIABLE,VARIABLE,R VARIABLE
ARDIAN ASF VII,Fondo de Capital Privado,USD,N/A,INTERNACIONAL,R VARIABLE,VARIABLE,R VARIABLE
MORGAN STANLEY GSOF II,Fondo de Capital Privado,USD,N/A,INTERNACIONAL,R VARIABLE,VARIABLE,R VARIABLE
LEXINGTON LCP VIII,Fondo de Capital Privado,USD,N/A,INTERNACIONAL,R VARIABLE,VARIABLE,R VARIABLE
HARBOURVEST HDS VII,Fondo de Capital Privado,USD,N/A,INTERNACIONAL,R VARIABLE,VARIABLE,R VARIABLE
FCP NORTH HAVEN CAPITAL PARTNERS VI,Fondo de Capital Privado,USD,N/A,INTERNACIONAL,R VARIABLE,VARIABLE,R VARIABLE
PINEBRIDGE PSP III,Fondo de Capital Privado,USD,N/A,INTERNACIONAL,R VARIABLE,VARIABLE,R VARIABLE
GOLDMAN SACHS ESF,Fondo de Capital Privado,USD,N/A,INTERNACIONAL,R VARIABLE,VARIABLE,R VARIABLE
FCP ALPINVEST SECONDARIES FUND VI LPPE,Fondo de Capital Privado,USD,N/A,INTERNACIONAL,R VARIABLE,VARIABLE,R VARIABLE
FCP PLATINUM PECP IV,Fondo de Capital Privado,USD,N/A,INTERNACIONAL,R VARIABLE,VARIABLE,R VARIABLE
GENERAL ATLANTIC GAIP 2017,Fondo de Capital Privado,USD,N/A,INTERNACIONAL,R VARIABLE,VARIABLE,R VARIABLE
GOLDMAN SACHS INFRASTRUCTURE PARTNERS II LP,Fondo de Capital Privado,USD,N/A,INTERNACIONAL,R VARIABLE,VARIABLE,R VARIABLE
IE00BF4G7076,Fondo Mutuo o Fondo Indice,USD,N/A,INTERNACIONAL,R VARIABLE,VARIABLE,R VARIABLE
US46137V4317,Fondo Mutuo o Fondo Indice,USD,N/A,INTERNACIONAL,R VARIABLE,VARIABLE,R VARIABLE
XS2755894628,Notas estructuradas,COP,TASA FIJA,NACIONAL,Notas estructuradas,TASA FIJA,NOTAS ESTRUCTURADAS
XS2737774583,Notas estructuradas,COP,TASA FIJA,NACIONAL,Notas estructuradas,TASA FIJA,NOTAS ESTRUCTURADAS
LU1495982941,Fondo Mutuo o Fondo Indice,JPY,N/A,INTERNACIONAL,R VARIABLE,VARIABLE,R VARIABLE
LU2134542260,Fondo Mutuo o Fondo Indice,USD,N/A,INTERNACIONAL,R VARIABLE,VARIABLE,R VARIABLE
LU1217871059,Fondo Mutuo o Fondo Indice,JPY,N/A,INTERNACIONAL,R VARIABLE,VARIABLE,R VARIABLE
FIC CERRADO INMOBILIARIO SKANDIA GRANDES SUPER,Titularización Inmobiliaria,COP,N/A,NACIONAL,R VARIABLE,VARIABLE,R VARIABLE
US279158AV11,EM CORPORATIVOS,USD,TASA FIJA,INTERNACIONAL,R FIJA,TASA FIJA,R FIJA
US91282CJR34,TREASURIES-MULTILATERALES-AGENCIAS,USD,TASA FIJA,INTERNACIONAL,R FIJA,TASA FIJA,R FIJA
CORA5PT01289,Fondo de Capital Privado Colombia,COP,N/A,NACIONAL,R VARIABLE,VARIABLE,R VARIABLE
CORA5PT01370,Fondo de Capital Privado Colombia,COP,N/A,NACIONAL,R VARIABLE,VARIABLE,R VARIABLE
CORA5PT01180,Fondo de Capital Privado Colombia,COP,N/A,NACIONAL,R VARIABLE,VARIABLE,R VARIABLE
CORA5PT01198,Fondo de Capital Privado Colombia,COP,N/A,NACIONAL,R VARIABLE,VARIABLE,R VARIABLE
CORA5PT01206,Fondo de Capital Privado Colombia,COP,N/A,NACIONAL,R VARIABLE,VARIABLE,R VARIABLE
CORA5PT01222,Fondo de Capital Privado Colombia,COP,N/A,NACIONAL,R VARIABLE,VARIABLE,R VARIABLE
CORA5PT01230,Fondo de Capital Privado Colombia,COP,N/A,NACIONAL,R VARIABLE,VARIABLE,R VARIABLE
CORA5PT01248,Fondo de Capital Privado Colombia,COP,N/A,NACIONAL,R VARIABLE,VARIABLE,R VARIABLE
CORA5PT01271,Fondo de Capital Privado Colombia,COP,N/A,NACIONAL,R VARIABLE,VARIABLE,R VARIABLE
CORA5PT01313,Fondo de Capital Privado Colombia,COP,N/A,NACIONAL,R VARIABLE,VARIABLE,R VARIABLE
CORA5PT01321,Fondo de Capital Privado Colombia,COP,N/A,NACIONAL,R VARIABLE,VARIABLE,R VARIABLE
CORA5PT01339,Fondo de Capital Privado Colombia,COP,N/A,NACIONAL,R VARIABLE,VARIABLE,R VARIABLE
CORA5PT01354,Fondo de Capital Privado Colombia,COP,N/A,NACIONAL,R VARIABLE,VARIABLE,R VARIABLE
CORA5PT01347,Fondo de Capital Privado Colombia,COP,N/A,NACIONAL,R VARIABLE,VARIABLE,R VARIABLE
CORH6PT00464,Fondo de Capital Privado Colombia,COP,N/A,NACIONAL,R VARIABLE,VARIABLE,R VARIABLE
CORH6PT00472,Fondo de Capital Privado Colombia,COP,N/A,NACIONAL,R VARIABLE,VARIABLE,R VARIABLE
CORH6PT00480,Fondo de Capital Privado Colombia,COP,N/A,NACIONAL,R VARIABLE,VARIABLE,R VARIABLE
CORH6PT00498,Fondo de Capital Privado Colombia,COP,N/A,NACIONAL,R VARIABLE,VARIABLE,R VARIABLE
CORH6PT00506,Fondo de Capital Privado Colombia,COP,N/A,NACIONAL,R VARIABLE,VARIABLE,R VARIABLE
CORH6PT00514,Fondo de Capital Privado Colombia,COP,N/A,NACIONAL,R VARIABLE,VARIABLE,R VARIABLE
CORH6PT00522,Fondo de Capital Privado Colombia,COP,N/A,NACIONAL,R VARIABLE,VARIABLE,R VARIABLE
CORH6PT00530,Fondo de Capital Privado Colombia,COP,N/A,NACIONAL,R VARIABLE,VARIABLE,R VARIABLE
CORH6PT00548,Fondo de Capital Privado Colombia,COP,N/A,NACIONAL,R VARIABLE,VARIABLE,R VARIABLE
CORA5PT01362,Fondo de Capital Privado Colombia,COP,N/A,NACIONAL,R VARIABLE,VARIABLE,R VARIABLE
CORA5PT01388,Fondo de Capital Privado Colombia,COP,N/A,NACIONAL,R VARIABLE,VARIABLE,R VARIABLE
CORA5PT01396,Fondo de Capital Privado Colombia,COP,N/A,NACIONAL,R VARIABLE,VARIABLE,R VARIABLE
US91282CJZ59,TREASURIES-MULTILATERALES-AGENCIAS,USD,TASA FIJA,INTERNACIONAL,R FIJA,TASA FIJA,R FIJA
US912810TX63,TREASURIES-MULTILATERALES-AGENCIAS,USD,TASA FIJA,INTERNACIONAL,R FIJA,TASA FIJA,R FIJA
IE00BF4G6Y48,Fondo Mutuo o Fondo Indice,USD,N/A,INTERNACIONAL,R VARIABLE,VARIABLE,R VARIABLE
COR4TPT00020,Fondo de Capital Privado Colombia,COP,N/A,NACIONAL,R VARIABLE,VARIABLE,R VARIABLE
XS2752259080,EM CORPORATIVOS,COP,TASA FIJA,INTERNACIONAL,R FIJA,TASA FIJA,R FIJA
COR9HPT00057,Fondo de Capital Privado Colombia,COP,N/A,NACIONAL,R VARIABLE,VARIABLE,R VARIABLE
CORA5PT01263,Fondo de Capital Privado Colombia,COP,N/A,NACIONAL,R VARIABLE,VARIABLE,R VARIABLE
COR4TPT00046,Fondo de Capital Privado Colombia,COP,N/A,NACIONAL,R VARIABLE,VARIABLE,R VARIABLE
FCP LEXINGTON CAPITAL PARTNERS X COINVEST FEEDER,Fondo de Capital Privado,USD,N/A,INTERNACIONAL,R VARIABLE,VARIABLE,R VARIABLE
CLAYTON DUBILIER RICE CDR XII,Fondo de Capital Privado,USD,N/A,INTERNACIONAL,R VARIABLE,VARIABLE,R VARIABLE
BLACKSTONE BCP VI,Fondo de Capital Privado,USD,N/A,INTERNACIONAL,R VARIABLE,VARIABLE,R VARIABLE
XS2700627842,Notas estructuradas,COP,TASA FIJA,NACIONAL,Notas estructuradas,TASA FIJA,NOTAS ESTRUCTURADAS
GB0001448678,Fondo Mutuo o Fondo Indice,GBP,N/A,INTERNACIONAL,R VARIABLE,VARIABLE,R VARIABLE
LU0080998981,Fondo Mutuo o Fondo Indice,JPY,N/A,INTERNACIONAL,R VARIABLE,VARIABLE,R VARIABLE
IE00B3YZ8K73,Fondo Mutuo o Fondo Indice,USD,N/A,INTERNACIONAL,R VARIABLE,VARIABLE,R VARIABLE
INST070339A,CORPORATIVO LOCAL,COP,TASA FIJA,NACIONAL,R FIJA,TASA FIJA,R FIJA
GXTESCOL,TF TES,COP,TASA FIJA,NACIONAL,R FIJA,TASA FIJA,R FIJA
CORI5PT00721,Fondo de Capital Privado Colombia,COP,N/A,NACIONAL,R VARIABLE,VARIABLE,R VARIABLE
CORI5PT00739,Fondo de Capital Privado Colombia,COP,N/A,NACIONAL,R VARIABLE,VARIABLE,R VARIABLE
CORH5PT00698,Fondo de Capital Privado Colombia,COP,N/A,NACIONAL,R VARIABLE,VARIABLE,R VARIABLE
CORI5PT00747,Fondo de Capital Privado Colombia,COP,N/A,NACIONAL,R VARIABLE,VARIABLE,R VARIABLE
CORH5PT00706,Fondo de Capital Privado Colombia,COP,N/A,NACIONAL,R VARIABLE,VARIABLE,R VARIABLE
CORI5PT00754,Fondo de Capital Privado Colombia,COP,N/A,NACIONAL,R VARIABLE,VARIABLE,R VARIABLE
CORI5PT00762,Fondo de Capital Privado Colombia,COP,N/A,NACIONAL,R VARIABLE,VARIABLE,R VARIABLE
CORH5PT00714,Fondo de Capital Privado Colombia,COP,N/A,NACIONAL,R VARIABLE,VARIABLE,R VARIABLE
CORH5PT00722,Fondo de Capital Privado Colombia,COP,N/A,NACIONAL,R VARIABLE,VARIABLE,R VARIABLE
CORH5PT00730,Fondo de Capital Privado Colombia,COP,N/A,NACIONAL,R VARIABLE,VARIABLE,R VARIABLE
CORH5PT00748,Fondo de Capital Privado Colombia,COP,N/A,NACIONAL,R VARIABLE,VARIABLE,R VARIABLE
CORH5PT00755,Fondo de Capital Privado Colombia,COP,N/A,NACIONAL,R VARIABLE,VARIABLE,R VARIABLE
CORI5PT00770,Fondo de Capital Privado Colombia,COP,N/A,NACIONAL,R VARIABLE,VARIABLE,R VARIABLE
CORH5PT00763,Fondo de Capital Privado Colombia,COP,N/A,NACIONAL,R VARIABLE,VARIABLE,R VARIABLE
CORI5PT00788,Fondo de Capital Privado Colombia,COP,N/A,NACIONAL,R VARIABLE,VARIABLE,R VARIABLE
CORI5PT00796,Fondo de Capital Privado Colombia,COP,N/A,NACIONAL,R VARIABLE,VARIABLE,R VARIABLE
CORI5PT00804,Fondo de Capital Privado Colombia,COP,N/A,NACIONAL,R VARIABLE,VARIABLE,R VARIABLE
CORH5PT00680,Fondo de Capital Privado Colombia,COP,N/A,NACIONAL,R VARIABLE,VARIABLE,R VARIABLE
CORI5PT00713,Fondo de Capital Privado Colombia,COP,N/A,NACIONAL,R VARIABLE,VARIABLE,R VARIABLE
COR6APT00231,Fondo de Capital Privado Colombia,COP,N/A,NACIONAL,R VARIABLE,VARIABLE,R VARIABLE
MX0MGO0001D6,EM BONDS,MXN,TASA FIJA,INTERNACIONAL,R FIJA,TASA FIJA,R FIJA
FCP KKR CPS IV,Fondo de Capital Privado,USD,N/A,INTERNACIONAL,R VARIABLE,VARIABLE,R VARIABLE
CORH4PT00766,Fondo de Capital Privado Colombia,COP,N/A,NACIONAL,R VARIABLE,VARIABLE,R VARIABLE
CORH4PT00758,Fondo de Capital Privado Colombia,COP,N/A,NACIONAL,R VARIABLE,VARIABLE,R VARIABLE
CORH4PT00725,Fondo de Capital Privado Colombia,COP,N/A,NACIONAL,R VARIABLE,VARIABLE,R VARIABLE
CORH4PT00717,Fondo de Capital Privado Colombia,COP,N/A,NACIONAL,R VARIABLE,VARIABLE,R VARIABLE
CORH4PT00733,Fondo de Capital Privado Colombia,COP,N/A,NACIONAL,R VARIABLE,VARIABLE,R VARIABLE
CORH4PT00741,Fondo de Capital Privado Colombia,COP,N/A,NACIONAL,R VARIABLE,VARIABLE,R VARIABLE
CORH4PT00691,Fondo de Capital Privado Colombia,COP,N/A,NACIONAL,R VARIABLE,VARIABLE,R VARIABLE
CORH4PT00774,Fondo de Capital Privado Colombia,COP,N/A,NACIONAL,R VARIABLE,VARIABLE,R VARIABLE
CORH4PT00709,Fondo de Capital Privado Colombia,COP,N/A,NACIONAL,R VARIABLE,VARIABLE,R VARIABLE
US91282CKD29,TREASURIES-MULTILATERALES-AGENCIAS,USD,TASA FIJA,INTERNACIONAL,R FIJA,TASA FIJA,R FIJA
US46434G7640,Fondo Mutuo o Fondo Indice,USD,N/A,INTERNACIONAL,R VARIABLE,VARIABLE,R VARIABLE
US46429B5984,Fondo Mutuo o Fondo Indice,USD,N/A,INTERNACIONAL,R VARIABLE,VARIABLE,R VARIABLE
US47103U7533,HIGH YIELD,USD,TASA FIJA,INTERNACIONAL,R FIJA,HIGH YIELD,R FIJA
IE00BF4NG566,HIGH YIELD,USD,TASA FIJA,INTERNACIONAL,R FIJA,HIGH YIELD,R FIJA
BRCI124SA003,CORPORATIVO LOCAL,COP,TASA FIJA,NACIONAL,R FIJA,TASA FIJA,R FIJA
JPMORGAN CHASE BANK,MONEY MARKET,USD,N/A,INTERNACIONAL,CAJA,VARIABLE,CAJA
COR5OPT00150,Fondo de Capital Privado Colombia,COP,N/A,NACIONAL,R VARIABLE,VARIABLE,R VARIABLE
COR5OPT00143,Fondo de Capital Privado Colombia,COP,N/A,NACIONAL,R VARIABLE,VARIABLE,R VARIABLE
COR5OPT00176,Fondo de Capital Privado Colombia,COP,N/A,NACIONAL,R VARIABLE,VARIABLE,R VARIABLE
COR1EPT00077,Fondo de Capital Privado Colombia,COP,N/A,NACIONAL,R VARIABLE,VARIABLE,R VARIABLE
US46434V4077,HIGH YIELD,USD,TASA FIJA,INTERNACIONAL,R FIJA,HIGH YIELD,R FIJA
XS2800705480,Notas estructuradas,COP,TASA FIJA,NACIONAL,Notas estructuradas,TASA FIJA,NOTAS ESTRUCTURADAS
XS2751850608,Notas estructuradas,COP,TASA FIJA,NACIONAL,Notas estructuradas,TASA FIJA,NOTAS ESTRUCTURADAS
XS2809139442,Notas estructuradas,COP,TASA FIJA,NACIONAL,Notas estructuradas,TASA FIJA,NOTAS ESTRUCTURADAS
XS2782906544,Notas estructuradas,COP,TASA FIJA,NACIONAL,Notas estructuradas,TASA FIJA,NOTAS ESTRUCTURADAS
XS2742960201,Notas estructuradas,COP,TASA FIJA,NACIONAL,Notas estructuradas,TASA FIJA,NOTAS ESTRUCTURADAS
LU2093717580,Fondo Mutuo o Fondo Indice,USD,N/A,INTERNACIONAL,R VARIABLE,VARIABLE,R VARIABLE
GB0033030304,Fondo Mutuo o Fondo Indice,GBP,N/A,INTERNACIONAL,R VARIABLE,VARIABLE,R VARIABLE
IE00BTC1NF90,Fondo Mutuo o Fondo Indice,USD,N/A,INTERNACIONAL,R VARIABLE,VARIABLE,R VARIABLE
COR4LPT00068,Fondo de Capital Privado Colombia,COP,N/A,NACIONAL,R VARIABLE,VARIABLE,R VARIABLE
XS2759816569,Notas estructuradas,COP,TASA FIJA,NACIONAL,Notas estructuradas,TASA FIJA,NOTAS ESTRUCTURADAS
XS2759816486,Notas estructuradas,COP,TASA FIJA,NACIONAL,Notas estructuradas,TASA FIJA,NOTAS ESTRUCTURADAS
US4642875235,Fondo Mutuo o Fondo Indice,USD,N/A,INTERNACIONAL,R VARIABLE,VARIABLE,R VARIABLE
US46432F3394,Fondo Mutuo o Fondo Indice,USD,N/A,INTERNACIONAL,R VARIABLE,VARIABLE,R VARIABLE
FED5 FCP STEPSTONE VC SEC VI,Fondo de Capital Privado,USD,N/A,INTERNACIONAL,R VARIABLE,VARIABLE,R VARIABLE
GB00BR4R5551,Fondo Mutuo o Fondo Indice,EUR,N/A,INTERNACIONAL,R VARIABLE,VARIABLE,R VARIABLE
US46641Q3083,Fondo Mutuo o Fondo Indice,USD,N/A,INTERNACIONAL,R VARIABLE,VARIABLE,R VARIABLE
US912796ZV40,TREASURIES-MULTILATERALES-AGENCIAS,USD,TASA FIJA,INTERNACIONAL,R FIJA,TASA FIJA,R FIJA
US91282CKQ32,TREASURIES-MULTILATERALES-AGENCIAS,USD,TASA FIJA,INTERNACIONAL,R FIJA,TASA FIJA,R FIJA
US912810UA42,TREASURIES-MULTILATERALES-AGENCIAS,USD,TASA FIJA,INTERNACIONAL,R FIJA,TASA FIJA,R FIJA
COV85PT00023,Fondo de Capital Privado Colombia,COP,N/A,NACIONAL,R VARIABLE,VARIABLE,R VARIABLE
ICG NORTH AMERICAN CREDIT PARTNERS FUND III,Fondo de Capital Privado,USD,N/A,INTERNACIONAL,R VARIABLE,VARIABLE,R VARIABLE
LU1580142898,Fondo Mutuo o Fondo Indice,USD,N/A,INTERNACIONAL,R VARIABLE,VARIABLE,R VARIABLE
US91282CKK61,TREASURIES-MULTILATERALES-AGENCIAS,USD,TASA FIJA,INTERNACIONAL,R FIJA,TASA FIJA,R FIJA
XS2848898271,Notas estructuradas,COP,TASA FIJA,NACIONAL,Notas estructuradas,TASA FIJA,NOTAS ESTRUCTURADAS
FEP5 FCP MAS COLOMBIA LATAM,Fondo de Capital Privado Colombia,COP,N/A,NACIONAL,R VARIABLE,VARIABLE,R VARIABLE
CORA5PT01594,Fondo de Capital Privado Colombia,COP,N/A,NACIONAL,R VARIABLE,VARIABLE,R VARIABLE
CORA5PT01503,Fondo de Capital Privado Colombia,COP,N/A,NACIONAL,R VARIABLE,VARIABLE,R VARIABLE
CORA5PT01446,Fondo de Capital Privado Colombia,COP,N/A,NACIONAL,R VARIABLE,VARIABLE,R VARIABLE
CORA5PT01586,Fondo de Capital Privado Colombia,COP,N/A,NACIONAL,R VARIABLE,VARIABLE,R VARIABLE
CORA5PT01602,Fondo de Capital Privado Colombia,COP,N/A,NACIONAL,R VARIABLE,VARIABLE,R VARIABLE
CORA5PT01610,Fondo de Capital Privado Colombia,COP,N/A,NACIONAL,R VARIABLE,VARIABLE,R VARIABLE
CORA5PT01404,Fondo de Capital Privado Colombia,COP,N/A,NACIONAL,R VARIABLE,VARIABLE,R VARIABLE
CORA5PT01412,Fondo de Capital Privado Colombia,COP,N/A,NACIONAL,R VARIABLE,VARIABLE,R VARIABLE
CORA5PT01420,Fondo de Capital Privado Colombia,COP,N/A,NACIONAL,R VARIABLE,VARIABLE,R VARIABLE
CORA5PT01453,Fondo de Capital Privado Colombia,COP,N/A,NACIONAL,R VARIABLE,VARIABLE,R VARIABLE
CORA5PT01495,Fondo de Capital Privado Colombia,COP,N/A,NACIONAL,R VARIABLE,VARIABLE,R VARIABLE
CORA5PT01537,Fondo de Capital Privado Colombia,COP,N/A,NACIONAL,R VARIABLE,VARIABLE,R VARIABLE
CORA5PT01545,Fondo de Capital Privado Colombia,COP,N/A,NACIONAL,R VARIABLE,VARIABLE,R VARIABLE
CORA5PT01552,Fondo de Capital Privado Colombia,COP,N/A,NACIONAL,R VARIABLE,VARIABLE,R VARIABLE
CORA5PT01560,Fondo de Capital Privado Colombia,COP,N/A,NACIONAL,R VARIABLE,VARIABLE,R VARIABLE
CORA5PT01578,Fondo de Capital Privado Colombia,COP,N/A,NACIONAL,R VARIABLE,VARIABLE,R VARIABLE
CORA5PT01461,Fondo de Capital Privado Colombia,COP,N/A,NACIONAL,R VARIABLE,VARIABLE,R VARIABLE
TFIT23250746,TF TES,COP,TASA FIJA,NACIONAL,R FIJA,TASA FIJA,R FIJA
XS2863660317,Notas estructuradas,COP,TASA FIJA,NACIONAL,Notas estructuradas,TASA FIJA,NOTAS ESTRUCTURADAS
US912797KW60,TREASURIES-MULTILATERALES-AGENCIAS,USD,TASA FIJA,INTERNACIONAL,R FIJA,TASA FIJA,R FIJA
CORH6PT00555,Fondo de Capital Privado Colombia,COP,N/A,NACIONAL,R VARIABLE,VARIABLE,R VARIABLE
CORH6PT00621,Fondo de Capital Privado Colombia,COP,N/A,NACIONAL,R VARIABLE,VARIABLE,R VARIABLE
CORH6PT00639,Fondo de Capital Privado Colombia,COP,N/A,NACIONAL,R VARIABLE,VARIABLE,R VARIABLE
US4642868222,Fondo Mutuo o Fondo Indice,USD,N/A,INTERNACIONAL,R VARIABLE,VARIABLE,R VARIABLE
US81369Y7040,Fondo Mutuo o Fondo Indice,USD,N/A,INTERNACIONAL,R VARIABLE,VARIABLE,R VARIABLE
TEPF5 TES,TF TES,COP,TASA FIJA,NACIONAL,R FIJA,TASA FIJA,R FIJA
FEP5 FCP 4G COINV EQ INFR COL1,Fondo de Capital Privado Colombia,COP,N/A,NACIONAL,R VARIABLE,VARIABLE,R VARIABLE
CORA5PT00786,Fondo de Capital Privado Colombia,COP,N/A,NACIONAL,R VARIABLE,VARIABLE,R VARIABLE
TCO364051223,TF TES,COP,TASA FIJA,NACIONAL,R FIJA,TASA FIJA,R FIJA
US91282CLB53,TREASURIES-MULTILATERALES-AGENCIAS,USD,TASA FIJA,INTERNACIONAL,R FIJA,TASA FIJA,R FIJA
CORM3PT00688,Fondo de Capital Privado Colombia,COP,N/A,NACIONAL,R VARIABLE,VARIABLE,R VARIABLE
CORH7PT00975,Fondo de Capital Privado Colombia,COP,N/A,NACIONAL,R VARIABLE,VARIABLE,R VARIABLE
CORH7PT00983,Fondo de Capital Privado Colombia,COP,N/A,NACIONAL,R VARIABLE,VARIABLE,R VARIABLE
CORH7PT00991,Fondo de Capital Privado Colombia,COP,N/A,NACIONAL,R VARIABLE,VARIABLE,R VARIABLE
CORH7PT01007,Fondo de Capital Privado Colombia,COP,N/A,NACIONAL,R VARIABLE,VARIABLE,R VARIABLE
CORH7PT01015,Fondo de Capital Privado Colombia,COP,N/A,NACIONAL,R VARIABLE,VARIABLE,R VARIABLE
CORH7PT01023,Fondo de Capital Privado Colombia,COP,N/A,NACIONAL,R VARIABLE,VARIABLE,R VARIABLE
CORH7PT01031,Fondo de Capital Privado Colombia,COP,N/A,NACIONAL,R VARIABLE,VARIABLE,R VARIABLE
CORH7PT01049,Fondo de Capital Privado Colombia,COP,N/A,NACIONAL,R VARIABLE,VARIABLE,R VARIABLE
CORH7PT01056,Fondo de Capital Privado Colombia,COP,N/A,NACIONAL,R VARIABLE,VARIABLE,R VARIABLE
CORH7PT01064,Fondo de Capital Privado Colombia,COP,N/A,NACIONAL,R VARIABLE,VARIABLE,R VARIABLE
CORH7PT01072,Fondo de Capital Privado Colombia,COP,N/A,NACIONAL,R VARIABLE,VARIABLE,R VARIABLE
CORH7PT01080,Fondo de Capital Privado Colombia,COP,N/A,NACIONAL,R VARIABLE,VARIABLE,R VARIABLE
CORH7PT01098,Fondo de Capital Privado Colombia,COP,N/A,NACIONAL,R VARIABLE,VARIABLE,R VARIABLE
CORH7PT01106,Fondo de Capital Privado Colombia,COP,N/A,NACIONAL,R VARIABLE,VARIABLE,R VARIABLE
CORH7PT01114,Fondo de Capital Privado Colombia,COP,N/A,NACIONAL,R VARIABLE,VARIABLE,R VARIABLE
CORH7PT01122,Fondo de Capital Privado Colombia,COP,N/A,NACIONAL,R VARIABLE,VARIABLE,R VARIABLE
CORH7PT01130,Fondo de Capital Privado Colombia,COP,N/A,NACIONAL,R VARIABLE,VARIABLE,R VARIABLE
CORH7PT01148,Fondo de Capital Privado Colombia,COP,N/A,NACIONAL,R VARIABLE,VARIABLE,R VARIABLE
CORH7PT01155,Fondo de Capital Privado Colombia,COP,N/A,NACIONAL,R VARIABLE,VARIABLE,R VARIABLE
CORH7PT01163,Fondo de Capital Privado Colombia,COP,N/A,NACIONAL,R VARIABLE,VARIABLE,R VARIABLE
CORH7PT01171,Fondo de Capital Privado Colombia,COP,N/A,NACIONAL,R VARIABLE,VARIABLE,R VARIABLE
CORH7PT01189,Fondo de Capital Privado Colombia,COP,N/A,NACIONAL,R VARIABLE,VARIABLE,R VARIABLE
CORH7PT01197,Fondo de Capital Privado Colombia,COP,N/A,NACIONAL,R VARIABLE,VARIABLE,R VARIABLE
CORH7PT01205,Fondo de Capital Privado Colombia,COP,N/A,NACIONAL,R VARIABLE,VARIABLE,R VARIABLE
CORH7PT01213,Fondo de Capital Privado Colombia,COP,N/A,NACIONAL,R VARIABLE,VARIABLE,R VARIABLE
CORH7PT01221,Fondo de Capital Privado Colombia,COP,N/A,NACIONAL,R VARIABLE,VARIABLE,R VARIABLE
CORH7PT01239,Fondo de Capital Privado Colombia,COP,N/A,NACIONAL,R VARIABLE,VARIABLE,R VARIABLE
CORH7PT01247,Fondo de Capital Privado Colombia,COP,N/A,NACIONAL,R VARIABLE,VARIABLE,R VARIABLE
CORH7PT01254,Fondo de Capital Privado Colombia,COP,N/A,NACIONAL,R VARIABLE,VARIABLE,R VARIABLE
CORH7PT00967,Fondo de Capital Privado Colombia,COP,N/A,NACIONAL,R VARIABLE,VARIABLE,R VARIABLE
COTG4CB00027,Inflacion-CORPORATIVO LOCAL,COP,IPC,NACIONAL,R FIJA,INFLACIÓN,R FIJA
CORA5PT01487,Fondo de Capital Privado Colombia,COP,N/A,NACIONAL,R VARIABLE,VARIABLE,R VARIABLE
CORB0PT00935,Fondo de Capital Privado Colombia,COP,N/A,NACIONAL,R VARIABLE,VARIABLE,R VARIABLE
CORB0PT00901,Fondo de Capital Privado Colombia,COP,N/A,NACIONAL,R VARIABLE,VARIABLE,R VARIABLE
CORB0PT00943,Fondo de Capital Privado Colombia,COP,N/A,NACIONAL,R VARIABLE,VARIABLE,R VARIABLE
CORB0PT00919,Fondo de Capital Privado Colombia,COP,N/A,NACIONAL,R VARIABLE,VARIABLE,R VARIABLE
CORB0PT00927,Fondo de Capital Privado Colombia,COP,N/A,NACIONAL,R VARIABLE,VARIABLE,R VARIABLE
CORB0PT00893,Fondo de Capital Privado Colombia,COP,N/A,NACIONAL,R VARIABLE,VARIABLE,R VARIABLE
CROWN GLOBAL SECONDARIES VI MASTER SCSP,Fondo de Capital Privado,USD,N/A,INTERNACIONAL,R VARIABLE,VARIABLE,R VARIABLE
IE00B42NKQ00,Fondo Mutuo o Fondo Indice,USD,N/A,INTERNACIONAL,R VARIABLE,VARIABLE,R VARIABLE
IE00BDDRF478,Fondo Mutuo o Fondo Indice,USD,N/A,INTERNACIONAL,R VARIABLE,VARIABLE,R VARIABLE
IE00B3WJKG14,Fondo Mutuo o Fondo Indice,USD,N/A,INTERNACIONAL,R VARIABLE,VARIABLE,R VARIABLE
IE00B4KBBD01,Fondo Mutuo o Fondo Indice,USD,N/A,INTERNACIONAL,R VARIABLE,VARIABLE,R VARIABLE
IE00B4MCHD36,Fondo Mutuo o Fondo Indice,USD,N/A,INTERNACIONAL,R VARIABLE,VARIABLE,R VARIABLE
IE00B40B8R38,Fondo Mutuo o Fondo Indice,USD,N/A,INTERNACIONAL,R VARIABLE,VARIABLE,R VARIABLE
US24703L2025,EM CORPORATIVOS,USD,TASA FIJA,INTERNACIONAL,R FIJA,TASA FIJA,R FIJA
INST15180739,CORPORATIVO LOCAL,COP,TASA FIJA,NACIONAL,R FIJA,TASA FIJA,R FIJA
SKEBUB3FC003,VISTA,COP,TASA FIJA,NACIONAL,CAJA,VARIABLE,CAJA
US91282CLF67,TREASURIES-MULTILATERALES-AGENCIAS,USD,TASA FIJA,INTERNACIONAL,R FIJA,TASA FIJA,R FIJA
COR6APT00249,Fondo de Capital Privado Colombia,COP,N/A,NACIONAL,R VARIABLE,VARIABLE,R VARIABLE
US912810UC08,TREASURIES-MULTILATERALES-AGENCIAS,USD,TASA FIJA,INTERNACIONAL,R FIJA,TASA FIJA,R FIJA
CORK9PT00117,Fondo de Capital Privado Colombia,COP,N/A,NACIONAL,R VARIABLE,VARIABLE,R VARIABLE
CORK9PT00125,Fondo de Capital Privado Colombia,COP,N/A,NACIONAL,R VARIABLE,VARIABLE,R VARIABLE
CORK9PT00158,Fondo de Capital Privado Colombia,COP,N/A,NACIONAL,R VARIABLE,VARIABLE,R VARIABLE
CORK9PT00133,Fondo de Capital Privado Colombia,COP,N/A,NACIONAL,R VARIABLE,VARIABLE,R VARIABLE
CORK9PT00141,Fondo de Capital Privado Colombia,COP,N/A,NACIONAL,R VARIABLE,VARIABLE,R VARIABLE
CORK9PT00166,Fondo de Capital Privado Colombia,COP,N/A,NACIONAL,R VARIABLE,VARIABLE,R VARIABLE
CORK9PT00174,Fondo de Capital Privado Colombia,COP,N/A,NACIONAL,R VARIABLE,VARIABLE,R VARIABLE
CORK9PT00190,Fondo de Capital Privado Colombia,COP,N/A,NACIONAL,R VARIABLE,VARIABLE,R VARIABLE
COB51CB00908,Inflacion-CORPORATIVO LOCAL,UVR,IPC,NACIONAL,R FIJA,INFLACIÓN,R FIJA
CDTBCD80,Variable-CORPORATIVO LOCAL,COP,IBR,NACIONAL,R FIJA,VARIABLE,R FIJA
CDTCMIS0V,CORPORATIVO LOCAL,COP,TASA FIJA,NACIONAL,R FIJA,TASA FIJA,R FIJA
DOVER STREET XI,Fondo de Capital Privado,USD,N/A,INTERNACIONAL,R VARIABLE,VARIABLE,R VARIABLE
PARTNERS GROUP PGCS I LP,Fondo de Capital Privado,USD,N/A,INTERNACIONAL,R VARIABLE,VARIABLE,R VARIABLE
US33741X1028,Fondo Mutuo o Fondo Indice,USD,N/A,INTERNACIONAL,R VARIABLE,VARIABLE,R VARIABLE
LU0815264279,Fondo Mutuo o Fondo Indice,USD,N/A,INTERNACIONAL,R VARIABLE,VARIABLE,R VARIABLE
GB0033028225,Fondo Mutuo o Fondo Indice,GBP,N/A,INTERNACIONAL,R VARIABLE,VARIABLE,R VARIABLE
BGLT30260244,EM BONDS,USD,TASA FIJA,INTERNACIONAL,R FIJA,TASA FIJA,R FIJA
BGLT21220242,EM BONDS,USD,TASA FIJA,INTERNACIONAL,R FIJA,TASA FIJA,R FIJA
BGLT30150549,EM BONDS,USD,TASA FIJA,INTERNACIONAL,R FIJA,TASA FIJA,R FIJA
BGLT11150431,EM BONDS,USD,TASA FIJA,INTERNACIONAL,R FIJA,TASA FIJA,R FIJA
BGLT12141135,EM BONDS,USD,TASA FIJA,INTERNACIONAL,R FIJA,TASA FIJA,R FIJA
BGLT10220326,EM BONDS,USD,TASA FIJA,INTERNACIONAL,R FIJA,TASA FIJA,R FIJA
BGLT32180141,EM BONDS,USD,TASA FIJA,INTERNACIONAL,R FIJA,TASA FIJA,R FIJA
BGLT11020234,EM BONDS,USD,TASA FIJA,INTERNACIONAL,R FIJA,TASA FIJA,R FIJA
BGLT30141153,EM BONDS,USD,TASA FIJA,INTERNACIONAL,R FIJA,TASA FIJA,R FIJA
BGLT11220432,EM BONDS,USD,TASA FIJA,INTERNACIONAL,R FIJA,TASA FIJA,R FIJA
BGLT10150329,EM BONDS,USD,TASA FIJA,INTERNACIONAL,R FIJA,TASA FIJA,R FIJA
BGLT31180937,EM BONDS,USD,TASA FIJA,INTERNACIONAL,R FIJA,TASA FIJA,R FIJA
BGLT30280133,EM BONDS,USD,TASA FIJA,INTERNACIONAL,R FIJA,TASA FIJA,R FIJA
BGLT30150227,EM BONDS,USD,TASA FIJA,INTERNACIONAL,R FIJA,TASA FIJA,R FIJA
BGLT11200433,EM BONDS,USD,TASA FIJA,INTERNACIONAL,R FIJA,TASA FIJA,R FIJA
BBG00J3TFM33,CORPORATIVO LOCAL,COP,TASA FIJA,NACIONAL,R FIJA,TASA FIJA,R FIJA
BBG0072K61F2,CORPORATIVO LOCAL,COP,TASA FIJA,NACIONAL,R FIJA,TASA FIJA,R FIJA
BBG0000JLNZ5,CORPORATIVO LOCAL,COP,TASA FIJA,NACIONAL,R FIJA,TASA FIJA,R FIJA
US91282CLC37,TREASURIES-MULTILATERALES-AGENCIAS,USD,TASA FIJA,INTERNACIONAL,R FIJA,TASA FIJA,R FIJA
US912797LW51,TREASURIES-MULTILATERALES-AGENCIAS,USD,TASA FIJA,INTERNACIONAL,R FIJA,TASA FIJA,R FIJA
Ñ96VU,Fondo de Capital Privado,USD,N/A,INTERNACIONAL,R VARIABLE,VARIABLE,R VARIABLE
FED5 FCP KPS VI,Fondo de Capital Privado,USD,N/A,INTERNACIONAL,R VARIABLE,VARIABLE,R VARIABLE
FCP GLENDOWER SOF VI,Fondo de Capital Privado,USD,N/A,INTERNACIONAL,R VARIABLE,VARIABLE,R VARIABLE
INSIGHT PARTNERS XIII,Fondo de Capital Privado,USD,N/A,INTERNACIONAL,R VARIABLE,VARIABLE,R VARIABLE
FCP GTCR FUND XIV,Fondo de Capital Privado,USD,N/A,INTERNACIONAL,R VARIABLE,VARIABLE,R VARIABLE
NEW MOUNTAIN NMP VII,Fondo de Capital Privado,USD,N/A,INTERNACIONAL,R VARIABLE,VARIABLE,R VARIABLE
IE0004896431,Fondo Mutuo o Fondo Indice,USD,N/A,INTERNACIONAL,R VARIABLE,VARIABLE,R VARIABLE
US195325DR36,EM BONDS,USD,TASA FIJA,INTERNACIONAL,R FIJA,TASA FIJA,R FIJA
US91282CLK52,TREASURIES-MULTILATERALES-AGENCIAS,USD,TASA FIJA,INTERNACIONAL,R FIJA,TASA FIJA,R FIJA
XS2691771872,Notas estructuradas,COP,TASA FIJA,NACIONAL,Notas estructuradas,TASA FIJA,NOTAS ESTRUCTURADAS
US912797LD70,TREASURIES-MULTILATERALES-AGENCIAS,USD,TASA FIJA,INTERNACIONAL,R FIJA,TASA FIJA,R FIJA
US91282CLM19,TREASURIES-MULTILATERALES-AGENCIAS,USD,TASA FIJA,INTERNACIONAL,R FIJA,TASA FIJA,R FIJA
FED5 FCP GTCR FUND XIV,Fondo de Capital Privado,USD,N/A,INTERNACIONAL,R VARIABLE,VARIABLE,R VARIABLE
FED5 FCP INSIGHT XIII,Fondo de Capital Privado,USD,N/A,INTERNACIONAL,R VARIABLE,VARIABLE,R VARIABLE
US91282CLN91,TREASURIES-MULTILATERALES-AGENCIAS,USD,TASA FIJA,INTERNACIONAL,R FIJA,TASA FIJA,R FIJA
BGCA1249A025,Inflacion-CORPORATIVO LOCAL,COP,IPC,NACIONAL,R FIJA,INFLACIÓN,R FIJA
BGCA1249A015,Inflacion-CORPORATIVO LOCAL,COP,IPC,NACIONAL,R FIJA,INFLACIÓN,R FIJA
BGCA1249A005,Inflacion-CORPORATIVO LOCAL,COP,IPC,NACIONAL,R FIJA,INFLACIÓN,R FIJA
COR1EPT00085,Fondo de Capital Privado Colombia,COP,N/A,NACIONAL,R VARIABLE,VARIABLE,R VARIABLE
CORC4PT00761,Fondo de Capital Privado Colombia,COP,N/A,NACIONAL,R VARIABLE,VARIABLE,R VARIABLE
FCP ALPINVEST ACF IX,Fondo de Capital Privado,USD,N/A,INTERNACIONAL,R VARIABLE,VARIABLE,R VARIABLE
FCP ALPINVEST ACF IX,Fondo de Capital Privado,USD,N/A,INTERNACIONAL,R VARIABLE,VARIABLE,R VARIABLE
FCP ALPINVEST ACF IX,Fondo de Capital Privado,USD,N/A,INTERNACIONAL,R VARIABLE,VARIABLE,R VARIABLE
CORI8PT00220,Fondo de Capital Privado Colombia,COP,N/A,NACIONAL,R VARIABLE,VARIABLE,R VARIABLE
CORI8PT00238,Fondo de Capital Privado Colombia,COP,N/A,NACIONAL,R VARIABLE,VARIABLE,R VARIABLE
CORI8PT00246,Fondo de Capital Privado Colombia,COP,N/A,NACIONAL,R VARIABLE,VARIABLE,R VARIABLE
CORI8PT00253,Fondo de Capital Privado Colombia,COP,N/A,NACIONAL,R VARIABLE,VARIABLE,R VARIABLE
INST15041039,CORPORATIVO LOCAL,COP,TASA FIJA,NACIONAL,R FIJA,TASA FIJA,R FIJA
US195325DR36,EM BONDS,USD,TASA FIJA,INTERNACIONAL,R FIJA,TASA FIJA,R FIJA
US91282CLR06,TREASURIES-MULTILATERALES-AGENCIAS,USD,TASA FIJA,INTERNACIONAL,R FIJA,TASA FIJA,R FIJA
US91282CLW90,TREASURIES-MULTILATERALES-AGENCIAS,USD,TASA FIJA,INTERNACIONAL,R FIJA,TASA FIJA,R FIJA
CORQ2PT00306,FIC ACC. COL.,COP,N/A,NACIONAL,R VARIABLE,VARIABLE,R VARIABLE
CORQ2PT00314,FIC ACC. COL.,COP,N/A,NACIONAL,R VARIABLE,VARIABLE,R VARIABLE
FEP5 FCP NEXUS INFR. COMP. A,Fondo de Capital Privado Colombia,COP,N/A,NACIONAL,R VARIABLE,VARIABLE,R VARIABLE
COR39PT00986,Fondo de Capital Privado Colombia,COP,N/A,NACIONAL,R VARIABLE,VARIABLE,R VARIABLE
COR39PT00994,Fondo de Capital Privado Colombia,COP,N/A,NACIONAL,R VARIABLE,VARIABLE,R VARIABLE
COR39PT01000,Fondo de Capital Privado Colombia,COP,N/A,NACIONAL,R VARIABLE,VARIABLE,R VARIABLE
COR39PT01018,Fondo de Capital Privado Colombia,COP,N/A,NACIONAL,R VARIABLE,VARIABLE,R VARIABLE
COR39PT01026,Fondo de Capital Privado Colombia,COP,N/A,NACIONAL,R VARIABLE,VARIABLE,R VARIABLE
COR39PT01034,Fondo de Capital Privado Colombia,COP,N/A,NACIONAL,R VARIABLE,VARIABLE,R VARIABLE
COR39PT01042,Fondo de Capital Privado Colombia,COP,N/A,NACIONAL,R VARIABLE,VARIABLE,R VARIABLE
COR39PT01059,Fondo de Capital Privado Colombia,COP,N/A,NACIONAL,R VARIABLE,VARIABLE,R VARIABLE
COR39PT01067,Fondo de Capital Privado Colombia,COP,N/A,NACIONAL,R VARIABLE,VARIABLE,R VARIABLE
COR39PT01075,Fondo de Capital Privado Colombia,COP,N/A,NACIONAL,R VARIABLE,VARIABLE,R VARIABLE
COR39PT01083,Fondo de Capital Privado Colombia,COP,N/A,NACIONAL,R VARIABLE,VARIABLE,R VARIABLE
COR39PT01091,Fondo de Capital Privado Colombia,COP,N/A,NACIONAL,R VARIABLE,VARIABLE,R VARIABLE
COR39PT01109,Fondo de Capital Privado Colombia,COP,N/A,NACIONAL,R VARIABLE,VARIABLE,R VARIABLE
COR39PT01117,Fondo de Capital Privado Colombia,COP,N/A,NACIONAL,R VARIABLE,VARIABLE,R VARIABLE
COR39PT01125,Fondo de Capital Privado Colombia,COP,N/A,NACIONAL,R VARIABLE,VARIABLE,R VARIABLE
CORG6PT00978,Fondo de Capital Privado Colombia,COP,N/A,NACIONAL,R VARIABLE,VARIABLE,R VARIABLE
CORG6PT00986,Fondo de Capital Privado Colombia,COP,N/A,NACIONAL,R VARIABLE,VARIABLE,R VARIABLE
CORG6PT00994,Fondo de Capital Privado Colombia,COP,N/A,NACIONAL,R VARIABLE,VARIABLE,R VARIABLE
CORG6PT01000,Fondo de Capital Privado Colombia,COP,N/A,NACIONAL,R VARIABLE,VARIABLE,R VARIABLE
CORG6PT01018,Fondo de Capital Privado Colombia,COP,N/A,NACIONAL,R VARIABLE,VARIABLE,R VARIABLE
CORG6PT01026,Fondo de Capital Privado Colombia,COP,N/A,NACIONAL,R VARIABLE,VARIABLE,R VARIABLE
CORG6PT01034,Fondo de Capital Privado Colombia,COP,N/A,NACIONAL,R VARIABLE,VARIABLE,R VARIABLE
CORG6PT01042,Fondo de Capital Privado Colombia,COP,N/A,NACIONAL,R VARIABLE,VARIABLE,R VARIABLE
COR39PT00978,Fondo de Capital Privado Colombia,COP,N/A,NACIONAL,R VARIABLE,VARIABLE,R VARIABLE
CORG6PT01059,Fondo de Capital Privado Colombia,COP,N/A,NACIONAL,R VARIABLE,VARIABLE,R VARIABLE
CORG6PT01067,Fondo de Capital Privado Colombia,COP,N/A,NACIONAL,R VARIABLE,VARIABLE,R VARIABLE
CORG6PT01075,Fondo de Capital Privado Colombia,COP,N/A,NACIONAL,R VARIABLE,VARIABLE,R VARIABLE
CORG6PT01083,Fondo de Capital Privado Colombia,COP,N/A,NACIONAL,R VARIABLE,VARIABLE,R VARIABLE
CORG6PT01091,Fondo de Capital Privado Colombia,COP,N/A,NACIONAL,R VARIABLE,VARIABLE,R VARIABLE
TIVAV9201129,CORPORATIVO LOCAL,COP,TASA FIJA,NACIONAL,R FIJA,TASA FIJA,R FIJA
CORH7PT01270,Fondo de Capital Privado Colombia,COP,N/A,NACIONAL,R VARIABLE,VARIABLE,R VARIABLE
CORH7PT01288,Fondo de Capital Privado Colombia,COP,N/A,NACIONAL,R VARIABLE,VARIABLE,R VARIABLE
CORH7PT01296,Fondo de Capital Privado Colombia,COP,N/A,NACIONAL,R VARIABLE,VARIABLE,R VARIABLE
CORH7PT01304,Fondo de Capital Privado Colombia,COP,N/A,NACIONAL,R VARIABLE,VARIABLE,R VARIABLE
CORH7PT01312,Fondo de Capital Privado Colombia,COP,N/A,NACIONAL,R VARIABLE,VARIABLE,R VARIABLE
CORH7PT01320,Fondo de Capital Privado Colombia,COP,N/A,NACIONAL,R VARIABLE,VARIABLE,R VARIABLE
CORH7PT01338,Fondo de Capital Privado Colombia,COP,N/A,NACIONAL,R VARIABLE,VARIABLE,R VARIABLE
CORH7PT01346,Fondo de Capital Privado Colombia,COP,N/A,NACIONAL,R VARIABLE,VARIABLE,R VARIABLE
CORH7PT01353,Fondo de Capital Privado Colombia,COP,N/A,NACIONAL,R VARIABLE,VARIABLE,R VARIABLE
CORH7PT01361,Fondo de Capital Privado Colombia,COP,N/A,NACIONAL,R VARIABLE,VARIABLE,R VARIABLE
CORH7PT01379,Fondo de Capital Privado Colombia,COP,N/A,NACIONAL,R VARIABLE,VARIABLE,R VARIABLE
CORH7PT01387,Fondo de Capital Privado Colombia,COP,N/A,NACIONAL,R VARIABLE,VARIABLE,R VARIABLE
CORH7PT01395,Fondo de Capital Privado Colombia,COP,N/A,NACIONAL,R VARIABLE,VARIABLE,R VARIABLE
CORH7PT01403,Fondo de Capital Privado Colombia,COP,N/A,NACIONAL,R VARIABLE,VARIABLE,R VARIABLE
CORH7PT01411,Fondo de Capital Privado Colombia,COP,N/A,NACIONAL,R VARIABLE,VARIABLE,R VARIABLE
CORH7PT01429,Fondo de Capital Privado Colombia,COP,N/A,NACIONAL,R VARIABLE,VARIABLE,R VARIABLE
CORH7PT01437,Fondo de Capital Privado Colombia,COP,N/A,NACIONAL,R VARIABLE,VARIABLE,R VARIABLE
CORH7PT01445,Fondo de Capital Privado Colombia,COP,N/A,NACIONAL,R VARIABLE,VARIABLE,R VARIABLE
CORH7PT01452,Fondo de Capital Privado Colombia,COP,N/A,NACIONAL,R VARIABLE,VARIABLE,R VARIABLE
CORH7PT01460,Fondo de Capital Privado Colombia,COP,N/A,NACIONAL,R VARIABLE,VARIABLE,R VARIABLE
CORH7PT01478,Fondo de Capital Privado Colombia,COP,N/A,NACIONAL,R VARIABLE,VARIABLE,R VARIABLE
CORH7PT01486,Fondo de Capital Privado Colombia,COP,N/A,NACIONAL,R VARIABLE,VARIABLE,R VARIABLE
CORH7PT01494,Fondo de Capital Privado Colombia,COP,N/A,NACIONAL,R VARIABLE,VARIABLE,R VARIABLE
CORH7PT01502,Fondo de Capital Privado Colombia,COP,N/A,NACIONAL,R VARIABLE,VARIABLE,R VARIABLE
CORH7PT01510,Fondo de Capital Privado Colombia,COP,N/A,NACIONAL,R VARIABLE,VARIABLE,R VARIABLE
CORH7PT01528,Fondo de Capital Privado Colombia,COP,N/A,NACIONAL,R VARIABLE,VARIABLE,R VARIABLE
CORH7PT01262,Fondo de Capital Privado Colombia,COP,N/A,NACIONAL,R VARIABLE,VARIABLE,R VARIABLE
US912810UE63,TREASURIES-MULTILATERALES-AGENCIAS,USD,TASA FIJA,INTERNACIONAL,R FIJA,TASA FIJA,R FIJA
Ñ96XJ,Fondo de Capital Privado,USD,N/A,INTERNACIONAL,R VARIABLE,VARIABLE,R VARIABLE
COR23PT01046,Fondo de Capital Privado Colombia,COP,N/A,NACIONAL,R VARIABLE,VARIABLE,R VARIABLE
FED5 FCP CLEARLAKE CAP VIII,Fondo de Capital Privado,USD,N/A,INTERNACIONAL,R VARIABLE,VARIABLE,R VARIABLE
COR23PT01053,Fondo de Capital Privado Colombia,COP,N/A,NACIONAL,R VARIABLE,VARIABLE,R VARIABLE
FEE5 FCP CVC IX,Fondo de Capital Privado,EUR,N/A,INTERNACIONAL,R VARIABLE,VARIABLE,R VARIABLE
CORQ2PT00298,FIC ACC. COL.,COP,N/A,NACIONAL,R VARIABLE,VARIABLE,R VARIABLE
CORU7PT00051,Fondo de Capital Privado Colombia,COP,N/A,NACIONAL,R VARIABLE,VARIABLE,R VARIABLE
CORU7PT00036,Fondo de Capital Privado Colombia,COP,N/A,NACIONAL,R VARIABLE,VARIABLE,R VARIABLE
US4642872919,Fondo Mutuo o Fondo Indice,USD,N/A,INTERNACIONAL,R VARIABLE,VARIABLE,R VARIABLE
US195325EP60,EM BONDS,USD,TASA FIJA,INTERNACIONAL,R FIJA,TASA FIJA,R FIJA
TCO364040325,TF TES,COP,TASA FIJA,NACIONAL,R FIJA,TASA FIJA,R FIJA
BGAA1249A015,Inflacion-CORPORATIVO LOCAL,COP,IPC,NACIONAL,R FIJA,INFLACIÓN,R FIJA
FED5 FCP VERITAS IX,Fondo de Capital Privado,USD,N/A,INTERNACIONAL,R VARIABLE,VARIABLE,R VARIABLE
US912797MZ73,TREASURIES-MULTILATERALES-AGENCIAS,USD,TASA FIJA,INTERNACIONAL,R FIJA,TASA FIJA,R FIJA
US81730H1095,Acciones Internacionales,USD,N/A,INTERNACIONAL,R VARIABLE,VARIABLE,R VARIABLE
TUVT17200341,Inflacion-TES,UVR,TASA FIJA,NACIONAL,R FIJA,INFLACIÓN,R FIJA
COR9QPT02203,Fondo de Capital Privado Colombia,COP,N/A,NACIONAL,R VARIABLE,VARIABLE,R VARIABLE
CORH2PT00737,Fondo de Capital Privado Colombia,COP,N/A,NACIONAL,R VARIABLE,VARIABLE,R VARIABLE
CORH2PT00687,Fondo de Capital Privado Colombia,COP,N/A,NACIONAL,R VARIABLE,VARIABLE,R VARIABLE
CORC4PT00951,Fondo de Capital Privado Colombia,COP,N/A,NACIONAL,R VARIABLE,VARIABLE,R VARIABLE
CORH2PT00646,Fondo de Capital Privado Colombia,COP,N/A,NACIONAL,R VARIABLE,VARIABLE,R VARIABLE
CORH2PT00695,Fondo de Capital Privado Colombia,COP,N/A,NACIONAL,R VARIABLE,VARIABLE,R VARIABLE
COR5OPT00192,Fondo de Capital Privado Colombia,COP,N/A,NACIONAL,R VARIABLE,VARIABLE,R VARIABLE
COR5OPT00234,Fondo de Capital Privado Colombia,COP,N/A,NACIONAL,R VARIABLE,VARIABLE,R VARIABLE
CORH2PT00661,Fondo de Capital Privado Colombia,COP,N/A,NACIONAL,R VARIABLE,VARIABLE,R VARIABLE
CORH2PT00703,Fondo de Capital Privado Colombia,COP,N/A,NACIONAL,R VARIABLE,VARIABLE,R VARIABLE
COR5OPT00226,Fondo de Capital Privado Colombia,COP,N/A,NACIONAL,R VARIABLE,VARIABLE,R VARIABLE
CORH2PT00679,Fondo de Capital Privado Colombia,COP,N/A,NACIONAL,R VARIABLE,VARIABLE,R VARIABLE
CORH2PT00711,Fondo de Capital Privado Colombia,COP,N/A,NACIONAL,R VARIABLE,VARIABLE,R VARIABLE
CORH2PT00729,Fondo de Capital Privado Colombia,COP,N/A,NACIONAL,R VARIABLE,VARIABLE,R VARIABLE
COTK5PT00030,Fondo de Capital Privado Colombia,COP,N/A,NACIONAL,R VARIABLE,VARIABLE,R VARIABLE
CORV0PT00014,Fondo de Capital Privado Colombia,COP,N/A,NACIONAL,R VARIABLE,VARIABLE,R VARIABLE
HBV DOVER OVERFLOW V SE,Fondo de Capital Privado,USD,N/A,INTERNACIONAL,R VARIABLE,VARIABLE,R VARIABLE
FCP VER VERITAS IX PR,Fondo de Capital Privado,USD,N/A,INTERNACIONAL,R VARIABLE,VARIABLE,R VARIABLE
CLEARLAKE CAPITAL PARTNERS VIII,Fondo de Capital Privado,USD,N/A,INTERNACIONAL,R VARIABLE,VARIABLE,R VARIABLE
NORTH HAVEN CAPITAL PARTNERS VIII LP,Fondo de Capital Privado,USD,N/A,INTERNACIONAL,R VARIABLE,VARIABLE,R VARIABLE
FCP CVC CAPITAL PARTNERS IX,Fondo de Capital Privado,EUR,N/A,INTERNACIONAL,R VARIABLE,VARIABLE,R VARIABLE
CVC CP IX,Fondo de Capital Privado,EUR,N/A,INTERNACIONAL,R VARIABLE,VARIABLE,R VARIABLE
COR6NPT00051,Fondo de Capital Privado Colombia,COP,N/A,NACIONAL,R VARIABLE,VARIABLE,R VARIABLE
BESSU249A012,Inflacion-CORPORATIVO LOCAL,COP,IPC,NACIONAL,R FIJA,INFLACIÓN,R FIJA
US91282CMA61,TREASURIES-MULTILATERALES-AGENCIAS,USD,TASA FIJA,INTERNACIONAL,R FIJA,TASA FIJA,R FIJA
TUVT31190555,Inflacion-TES,UVR,TASA FIJA,NACIONAL,R FIJA,INFLACIÓN,R FIJA
CORM9PT00024,Fondo de Capital Privado Colombia,COP,N/A,NACIONAL,R VARIABLE,VARIABLE,R VARIABLE
US4642875151,Fondo Mutuo o Fondo Indice,USD,N/A,INTERNACIONAL,R VARIABLE,VARIABLE,R VARIABLE
XS2996085069,Notas estructuradas,BRL,N/A,Notas estructuradas,Notas estructuradas,Notas estructuradas,NOTAS ESTRUCTURADAS
XS2982285483,Notas estructuradas,BRL,N/A,Notas estructuradas,Notas estructuradas,Notas estructuradas,NOTAS ESTRUCTURADAS
XS2985214829,Notas estructuradas,BRL,N/A,Notas estructuradas,Notas estructuradas,Notas estructuradas,NOTAS ESTRUCTURADAS
XS2967806931,Notas estructuradas,BRL,N/A,Notas estructuradas,Notas estructuradas,Notas estructuradas,NOTAS ESTRUCTURADAS
US4642875078,Fondo Mutuo o Fondo Indice,USD,N/A,INTERNACIONAL,R VARIABLE,VARIABLE,R VARIABLE
US46138G6492,Fondo Mutuo o Fondo Indice,USD,N/A,INTERNACIONAL,R VARIABLE,VARIABLE,R VARIABLE
LU1457522305,Fondo Mutuo o Fondo Indice,USD,N/A,INTERNACIONAL,R VARIABLE,VARIABLE,R VARIABLE
FIC ABIERTO RENTAR,VISTA,COP,TASA FIJA,NACIONAL,CAJA,VARIABLE,CAJA
FIC ABIERTO SUMAR,VISTA,COP,TASA FIJA,NACIONAL,CAJA,VARIABLE,CAJA
FIC ABIERTO ALIANZA SIN PCT DE PERMANENCIA MINIMA,VISTA,COP,TASA FIJA,NACIONAL,CAJA,VARIABLE,CAJA
FIC ABIERTO VALOR PLUS CON PARTICIPACIONES DIF,VISTA,COP,TASA FIJA,NACIONAL,CAJA,VARIABLE,CAJA
FIC ABIERTO SUPERIOR,VISTA,COP,TASA FIJA,NACIONAL,CAJA,VARIABLE,CAJA
FIC ABIERTO SIN PACTO DE PERMANENCIA OCCIRENTA,VISTA,COP,TASA FIJA,NACIONAL,CAJA,VARIABLE,CAJA
FIC ABIERTO BBVA EFECTIVO CON PARTICIPACIONES DIF,VISTA,COP,TASA FIJA,NACIONAL,CAJA,VARIABLE,CAJA
FIC ABRT SIN PCT PRM CREDICORP CAPITAL ALTA LQUDZ,VISTA,COP,TASA FIJA,NACIONAL,CAJA,VARIABLE,CAJA
FIC SKANDIA EFECTIVO,VISTA,COP,TASA FIJA,NACIONAL,CAJA,VARIABLE,CAJA
FIC ABIERTO ITAU MONEY MARKET,VISTA,COP,TASA FIJA,NACIONAL,CAJA,VARIABLE,CAJA
FIC ABIERTO SIN PCT DE PRM CREDICORP CAPITAL VISTA,VISTA,COP,TASA FIJA,NACIONAL,CAJA,VARIABLE,CAJA
FIC ABRT CON PCT DE PRMNNCIA BTG PACTUAL RF COLOMB,VISTA,COP,TASA FIJA,NACIONAL,CAJA,VARIABLE,CAJA
FIC ABIERTO BTG PACTUAL LIQUIDEZ,VISTA,COP,TASA FIJA,NACIONAL,CAJA,VARIABLE,CAJA
SKEPXE\FIC01,VISTA,COP,TASA FIJA,NACIONAL,CAJA,VARIABLE,CAJA
JPMORGAN CHASE BANK NA,MONEY MARKET,USD,N/A,INTERNACIONAL,CAJA,VARIABLE,CAJA
BLACKSTONE BSA I,Fondo de Capital Privado,USD,N/A,INTERNACIONAL,R VARIABLE,VARIABLE,R VARIABLE
US92206C6646,Fondo Mutuo o Fondo Indice,USD,N/A,INTERNACIONAL,R VARIABLE,VARIABLE,R VARIABLE
BISA1239C007,Inflacion-CORPORATIVO LOCAL,COP,IPC,NACIONAL,R FIJA,INFLACIÓN,R FIJA
US912797NQ65,EM BONDS,USD,TASA FIJA,INTERNACIONAL,R FIJA,TASA FIJA,R FIJA
FED5 FCP TA XV,Fondo de Capital Privado,USD,N/A,INTERNACIONAL,R VARIABLE,VARIABLE,R VARIABLE
COT30CD01320,Variable-CORPORATIVO LOCAL,COP,IBR,NACIONAL,R FIJA,VARIABLE,R FIJA
CTPB0 FINANCIERA DES NACIONAL,CORPORATIVO LOCAL,COP,TASA FIJA,NACIONAL,R FIJA,TASA FIJA,R FIJA
CDTFDN080,Variable-CORPORATIVO LOCAL,COP,IBR,NACIONAL,R FIJA,VARIABLE,R FIJA
COL17CT03920,TF TES,COP,TASA FIJA,NACIONAL,R FIJA,TASA FIJA,R FIJA
TCO364030625,TF TES,COP,TASA FIJA,NACIONAL,R FIJA,TASA FIJA,R FIJA
US91282CMM00,TREASURIES-MULTILATERALES-AGENCIAS,USD,TASA FIJA,INTERNACIONAL,R FIJA,TASA FIJA,R FIJA
US91282CMG32,TREASURIES-MULTILATERALES-AGENCIAS,USD,TASA FIJA,INTERNACIONAL,R FIJA,TASA FIJA,R FIJA
FED5 FCP NB BOTERO LP,Fondo de Capital Privado,USD,N/A,INTERNACIONAL,R VARIABLE,VARIABLE,R VARIABLE
Ñ96XZ,Fondo de Capital Privado,USD,N/A,INTERNACIONAL,R VARIABLE,VARIABLE,R VARIABLE
SBFIF1253C03,EM CORPORATIVOS,USD,TASA FIJA,INTERNACIONAL,R FIJA,TASA FIJA,R FIJA
COR1EPT00093,Fondo de Capital Privado Colombia,COP,N/A,NACIONAL,R VARIABLE,VARIABLE,R VARIABLE
TA TA ASSOCIATES XV PR,Fondo de Capital Privado,USD,N/A,INTERNACIONAL,R VARIABLE,VARIABLE,R VARIABLE
FR0011550193,Fondo Mutuo o Fondo Indice,EUR,N/A,INTERNACIONAL,R VARIABLE,VARIABLE,R VARIABLE
US2330518794,Fondo Mutuo o Fondo Indice,USD,N/A,INTERNACIONAL,R VARIABLE,VARIABLE,R VARIABLE
FEP5 FCP TC LATAM COMP - B,Fondo de Capital Privado Colombia,COP,N/A,NACIONAL,R VARIABLE,VARIABLE,R VARIABLE
FEP5 FCP TC LATAM COMP - C,Fondo de Capital Privado Colombia,COP,N/A,NACIONAL,R VARIABLE,VARIABLE,R VARIABLE
CORI5PT00820,Fondo de Capital Privado Colombia,COP,N/A,NACIONAL,R VARIABLE,VARIABLE,R VARIABLE
CORI5PT00838,Fondo de Capital Privado Colombia,COP,N/A,NACIONAL,R VARIABLE,VARIABLE,R VARIABLE
CORH5PT00789,Fondo de Capital Privado Colombia,COP,N/A,NACIONAL,R VARIABLE,VARIABLE,R VARIABLE
CORI5PT00846,Fondo de Capital Privado Colombia,COP,N/A,NACIONAL,R VARIABLE,VARIABLE,R VARIABLE
CORH5PT00797,Fondo de Capital Privado Colombia,COP,N/A,NACIONAL,R VARIABLE,VARIABLE,R VARIABLE
CORI5PT00853,Fondo de Capital Privado Colombia,COP,N/A,NACIONAL,R VARIABLE,VARIABLE,R VARIABLE
CORI5PT00861,Fondo de Capital Privado Colombia,COP,N/A,NACIONAL,R VARIABLE,VARIABLE,R VARIABLE
CORH5PT00805,Fondo de Capital Privado Colombia,COP,N/A,NACIONAL,R VARIABLE,VARIABLE,R VARIABLE
CORH5PT00813,Fondo de Capital Privado Colombia,COP,N/A,NACIONAL,R VARIABLE,VARIABLE,R VARIABLE
CORH5PT00821,Fondo de Capital Privado Colombia,COP,N/A,NACIONAL,R VARIABLE,VARIABLE,R VARIABLE
CORH5PT00839,Fondo de Capital Privado Colombia,COP,N/A,NACIONAL,R VARIABLE,VARIABLE,R VARIABLE
CORH5PT00847,Fondo de Capital Privado Colombia,COP,N/A,NACIONAL,R VARIABLE,VARIABLE,R VARIABLE
CORI5PT00879,Fondo de Capital Privado Colombia,COP,N/A,NACIONAL,R VARIABLE,VARIABLE,R VARIABLE
CORH5PT00854,Fondo de Capital Privado Colombia,COP,N/A,NACIONAL,R VARIABLE,VARIABLE,R VARIABLE
CORI5PT00887,Fondo de Capital Privado Colombia,COP,N/A,NACIONAL,R VARIABLE,VARIABLE,R VARIABLE
CORI5PT00895,Fondo de Capital Privado Colombia,COP,N/A,NACIONAL,R VARIABLE,VARIABLE,R VARIABLE
CORI5PT00903,Fondo de Capital Privado Colombia,COP,N/A,NACIONAL,R VARIABLE,VARIABLE,R VARIABLE
CORH5PT00771,Fondo de Capital Privado Colombia,COP,N/A,NACIONAL,R VARIABLE,VARIABLE,R VARIABLE
CORI5PT00812,Fondo de Capital Privado Colombia,COP,N/A,NACIONAL,R VARIABLE,VARIABLE,R VARIABLE
FEE5 FCP OAKLEY CAPITAL VI,Fondo de Capital Privado,EUR,N/A,INTERNACIONAL,R VARIABLE,VARIABLE,R VARIABLE
BESSU249A005,Inflacion-CORPORATIVO LOCAL,COP,IPC,NACIONAL,R FIJA,INFLACIÓN,R FIJA
US912797PC51,TREASURIES-MULTILATERALES-AGENCIAS,USD,TASA FIJA,INTERNACIONAL,R FIJA,TASA FIJA,R FIJA
SIN NOMBRE,VISTA,COP,TASA FIJA,NACIONAL,CAJA,VARIABLE,CAJA
COR1EPT00101,Fondo de Capital Privado Colombia,COP,N/A,NACIONAL,R VARIABLE,VARIABLE,R VARIABLE
CORH4PT00816,Fondo de Capital Privado Colombia,COP,N/A,NACIONAL,R VARIABLE,VARIABLE,R VARIABLE
CORH4PT00824,Fondo de Capital Privado Colombia,COP,N/A,NACIONAL,R VARIABLE,VARIABLE,R VARIABLE
CORH4PT00832,Fondo de Capital Privado Colombia,COP,N/A,NACIONAL,R VARIABLE,VARIABLE,R VARIABLE
CORH4PT00865,Fondo de Capital Privado Colombia,COP,N/A,NACIONAL,R VARIABLE,VARIABLE,R VARIABLE
CORH4PT00840,Fondo de Capital Privado Colombia,COP,N/A,NACIONAL,R VARIABLE,VARIABLE,R VARIABLE
CORH4PT00808,Fondo de Capital Privado Colombia,COP,N/A,NACIONAL,R VARIABLE,VARIABLE,R VARIABLE
CORH4PT00782,Fondo de Capital Privado Colombia,COP,N/A,NACIONAL,R VARIABLE,VARIABLE,R VARIABLE
CORH4PT00790,Fondo de Capital Privado Colombia,COP,N/A,NACIONAL,R VARIABLE,VARIABLE,R VARIABLE
CORH4PT00857,Fondo de Capital Privado Colombia,COP,N/A,NACIONAL,R VARIABLE,VARIABLE,R VARIABLE
US46654Q7328,Fondo Mutuo o Fondo Indice,USD,N/A,INTERNACIONAL,R VARIABLE,VARIABLE,R VARIABLE
IE00B5L8K969,Fondo Mutuo o Fondo Indice,USD,N/A,INTERNACIONAL,R VARIABLE,VARIABLE,R VARIABLE
IE00BJ5JPG56,Fondo Mutuo o Fondo Indice,USD,N/A,INTERNACIONAL,R VARIABLE,VARIABLE,R VARIABLE
XS2975776894,Notas estructuradas,COP,N/A,Notas estructuradas,Notas estructuradas,Notas estructuradas,NOTAS ESTRUCTURADAS
COR39PT01141,Fondo de Capital Privado Colombia,COP,N/A,NACIONAL,R VARIABLE,VARIABLE,R VARIABLE
COR39PT01158,Fondo de Capital Privado Colombia,COP,N/A,NACIONAL,R VARIABLE,VARIABLE,R VARIABLE
COR4LPT00076,Fondo de Capital Privado Colombia,COP,N/A,NACIONAL,R VARIABLE,VARIABLE,R VARIABLE
COR39PT01166,Fondo de Capital Privado Colombia,COP,N/A,NACIONAL,R VARIABLE,VARIABLE,R VARIABLE
COR39PT01174,Fondo de Capital Privado Colombia,COP,N/A,NACIONAL,R VARIABLE,VARIABLE,R VARIABLE
COR39PT01182,Fondo de Capital Privado Colombia,COP,N/A,NACIONAL,R VARIABLE,VARIABLE,R VARIABLE
COR39PT01190,Fondo de Capital Privado Colombia,COP,N/A,NACIONAL,R VARIABLE,VARIABLE,R VARIABLE
COR39PT01208,Fondo de Capital Privado Colombia,COP,N/A,NACIONAL,R VARIABLE,VARIABLE,R VARIABLE
COR39PT01216,Fondo de Capital Privado Colombia,COP,N/A,NACIONAL,R VARIABLE,VARIABLE,R VARIABLE
COR39PT01224,Fondo de Capital Privado Colombia,COP,N/A,NACIONAL,R VARIABLE,VARIABLE,R VARIABLE
COR39PT01232,Fondo de Capital Privado Colombia,COP,N/A,NACIONAL,R VARIABLE,VARIABLE,R VARIABLE
COR39PT01240,Fondo de Capital Privado Colombia,COP,N/A,NACIONAL,R VARIABLE,VARIABLE,R VARIABLE
COR39PT01257,Fondo de Capital Privado Colombia,COP,N/A,NACIONAL,R VARIABLE,VARIABLE,R VARIABLE
COR39PT01265,Fondo de Capital Privado Colombia,COP,N/A,NACIONAL,R VARIABLE,VARIABLE,R VARIABLE
COR39PT01273,Fondo de Capital Privado Colombia,COP,N/A,NACIONAL,R VARIABLE,VARIABLE,R VARIABLE
COR39PT01281,Fondo de Capital Privado Colombia,COP,N/A,NACIONAL,R VARIABLE,VARIABLE,R VARIABLE
CORG6PT01109,Fondo de Capital Privado Colombia,COP,N/A,NACIONAL,R VARIABLE,VARIABLE,R VARIABLE
CORG6PT01117,Fondo de Capital Privado Colombia,COP,N/A,NACIONAL,R VARIABLE,VARIABLE,R VARIABLE
CORG6PT01125,Fondo de Capital Privado Colombia,COP,N/A,NACIONAL,R VARIABLE,VARIABLE,R VARIABLE
CORG6PT01133,Fondo de Capital Privado Colombia,COP,N/A,NACIONAL,R VARIABLE,VARIABLE,R VARIABLE
CORG6PT01141,Fondo de Capital Privado Colombia,COP,N/A,NACIONAL,R VARIABLE,VARIABLE,R VARIABLE
CORG6PT01158,Fondo de Capital Privado Colombia,COP,N/A,NACIONAL,R VARIABLE,VARIABLE,R VARIABLE
CORG6PT01166,Fondo de Capital Privado Colombia,COP,N/A,NACIONAL,R VARIABLE,VARIABLE,R VARIABLE
CORG6PT01174,Fondo de Capital Privado Colombia,COP,N/A,NACIONAL,R VARIABLE,VARIABLE,R VARIABLE
COR39PT01133,Fondo de Capital Privado Colombia,COP,N/A,NACIONAL,R VARIABLE,VARIABLE,R VARIABLE
CORG6PT01182,Fondo de Capital Privado Colombia,COP,N/A,NACIONAL,R VARIABLE,VARIABLE,R VARIABLE
CORG6PT01190,Fondo de Capital Privado Colombia,COP,N/A,NACIONAL,R VARIABLE,VARIABLE,R VARIABLE
CORG6PT01208,Fondo de Capital Privado Colombia,COP,N/A,NACIONAL,R VARIABLE,VARIABLE,R VARIABLE
CORG6PT01216,Fondo de Capital Privado Colombia,COP,N/A,NACIONAL,R VARIABLE,VARIABLE,R VARIABLE
CORG6PT01224,Fondo de Capital Privado Colombia,COP,N/A,NACIONAL,R VARIABLE,VARIABLE,R VARIABLE
US279158AQ26,EM CORPORATIVOS,USD,TASA FIJA,INTERNACIONAL,R FIJA,TASA FIJA,R FIJA
Ñ96YN,Fondo de Capital Privado,USD,N/A,INTERNACIONAL,R VARIABLE,VARIABLE,R VARIABLE
US912810UG12,TREASURIES-MULTILATERALES-AGENCIAS,USD,TASA FIJA,INTERNACIONAL,R FIJA,TASA FIJA,R FIJA
COL17CT03946,TF TES,COP,TASA FIJA,NACIONAL,R FIJA,TASA FIJA,R FIJA
FED5 FCP HARBOURVEST D2022 T2,Fondo de Capital Privado,USD,N/A,INTERNACIONAL,R VARIABLE,VARIABLE,R VARIABLE
TCO364020925,TF TES,COP,TASA FIJA,NACIONAL,R FIJA,TASA FIJA,R FIJA
SBSCMI1247BS,Inflacion-CORPORATIVO LOCAL,UVR,TASA FIJA,NACIONAL,R FIJA,INFLACIÓN,R FIJA
CORC4PT01140,Fondo de Capital Privado Colombia,COP,N/A,NACIONAL,R VARIABLE,VARIABLE,R VARIABLE
COTK5PT00055,Fondo de Capital Privado Colombia,COP,N/A,NACIONAL,R VARIABLE,VARIABLE,R VARIABLE
FCP HARBOURVEST HCS LP,Fondo de Capital Privado,USD,N/A,INTERNACIONAL,R VARIABLE,VARIABLE,R VARIABLE
BLACKSTONE CAPITAL PARTNERS IX LP,Fondo de Capital Privado,USD,N/A,INTERNACIONAL,R VARIABLE,VARIABLE,R VARIABLE
HBV HARBOURVEST VII CI,Fondo de Capital Privado,USD,N/A,INTERNACIONAL,R VARIABLE,VARIABLE,R VARIABLE
DE000A0D8QZ7,Fondo Mutuo o Fondo Indice,EUR,N/A,INTERNACIONAL,R VARIABLE,VARIABLE,R VARIABLE
LU0333811072,Fondo Mutuo o Fondo Indice,USD,N/A,INTERNACIONAL,R VARIABLE,VARIABLE,R VARIABLE
IE00BFNM3G45,Fondo Mutuo o Fondo Indice,USD,N/A,INTERNACIONAL,R VARIABLE,VARIABLE,R VARIABLE
GB00BKPQVT86,Fondo Mutuo o Fondo Indice,GBP,N/A,INTERNACIONAL,R VARIABLE,VARIABLE,R VARIABLE
LU0191250090,Fondo Mutuo o Fondo Indice,EUR,N/A,INTERNACIONAL,R VARIABLE,VARIABLE,R VARIABLE
US279158AW93,EM CORPORATIVOS,USD,TASA FIJA,INTERNACIONAL,R FIJA,TASA FIJA,R FIJA
US195325ES00,EM BONDS,USD,TASA FIJA,INTERNACIONAL,R FIJA,TASA FIJA,R FIJA
TFIT16281140,TF TES,COP,TASA FIJA,NACIONAL,R FIJA,TASA FIJA,R FIJA
US46138E8003,Fondo Mutuo o Fondo Indice,USD,N/A,INTERNACIONAL,R VARIABLE,VARIABLE,R VARIABLE
CTPF0 RCI COLOMBIA CF,CORPORATIVO LOCAL,COP,TASA FIJA,NACIONAL,R FIJA,TASA FIJA,R FIJA
XS3006600293,Notas estructuradas,COP,N/A,Notas estructuradas,Notas estructuradas,Notas estructuradas,NOTAS ESTRUCTURADAS
XS3072350567,Notas estructuradas,COP,N/A,Notas estructuradas,Notas estructuradas,Notas estructuradas,NOTAS ESTRUCTURADAS
XS2908059616,Notas estructuradas,COP,N/A,Notas estructuradas,Notas estructuradas,Notas estructuradas,NOTAS ESTRUCTURADAS
CL0002892397,Acciones Colombia,CLP,N/A,NACIONAL,R VARIABLE,VARIABLE,R VARIABLE
CIBEST,Acciones Colombia,COP,N/A,NACIONAL,R VARIABLE,VARIABLE,R VARIABLE
PFCIBEST,Acciones Colombia,COP,N/A,NACIONAL,R VARIABLE,VARIABLE,R VARIABLE
US912810UK24,TREASURIES-MULTILATERALES-AGENCIAS,USD,TASA FIJA,INTERNACIONAL,R FIJA,TASA FIJA,R FIJA
FED5 FCP PSG VI LUX LP,Fondo de Capital Privado,USD,N/A,INTERNACIONAL,R VARIABLE,VARIABLE,R VARIABLE
COL17CT03995,TF TES,COP,TASA FIJA,NACIONAL,R FIJA,TASA FIJA,R FIJA
FED5 FCP NB CO,Fondo de Capital Privado,USD,N/A,INTERNACIONAL,R VARIABLE,VARIABLE,R VARIABLE
US91282CNC19,TREASURIES-MULTILATERALES-AGENCIAS,USD,TASA FIJA,INTERNACIONAL,R FIJA,TASA FIJA,R FIJA
TFIT05220829,TF TES,COP,TASA FIJA,NACIONAL,R FIJA,TASA FIJA,R FIJA
USP4R21KAB22,EM CORPORATIVOS,USD,TASA FIJA,INTERNACIONAL,R FIJA,TASA FIJA,R FIJA
USP4R21KAA49,EM CORPORATIVOS,USD,TASA FIJA,INTERNACIONAL,R FIJA,TASA FIJA,R FIJA
US40090E1064,Acciones Colombia,USD,N/A,NACIONAL,R VARIABLE,VARIABLE,R VARIABLE
SKJZEXOFCPE1,Fondo de Capital Privado,USD,N/A,INTERNACIONAL,R VARIABLE,VARIABLE,R VARIABLE
COR6NPT00069,Fondo de Capital Privado Colombia,COP,N/A,NACIONAL,R VARIABLE,VARIABLE,R VARIABLE
IE00BJQRDN15,Fondo Mutuo o Fondo Indice,USD,N/A,INTERNACIONAL,R VARIABLE,VARIABLE,R VARIABLE
IE00B44Z5B48,Fondo Mutuo o Fondo Indice,USD,N/A,INTERNACIONAL,R VARIABLE,VARIABLE,R VARIABLE
US09290C1036,Fondo Mutuo o Fondo Indice,USD,N/A,INTERNACIONAL,R VARIABLE,VARIABLE,R VARIABLE
US195325ER27,EM BONDS,USD,TASA FIJA,INTERNACIONAL,R FIJA,TASA FIJA,R FIJA
COT80PT00036,Titularización Inmobiliaria,COP,N/A,NACIONAL,R VARIABLE,VARIABLE,R VARIABLE
US912797QH30,TREASURIES-MULTILATERALES-AGENCIAS,USD,TASA FIJA,INTERNACIONAL,R FIJA,TASA FIJA,R FIJA
FED5 FCP PG DIR,Fondo de Capital Privado,USD,N/A,INTERNACIONAL,R VARIABLE,VARIABLE,R VARIABLE
COR9WPT00098,Fondo de Capital Privado Colombia,COP,N/A,NACIONAL,R VARIABLE,VARIABLE,R VARIABLE
COL17CT04027,TF TES,COP,TASA FIJA,NACIONAL,R FIJA,TASA FIJA,R FIJA
COR9WPT00163,Fondo de Capital Privado Colombia,COP,N/A,NACIONAL,R VARIABLE,VARIABLE,R VARIABLE
COR9WPT00247,Fondo de Capital Privado Colombia,COP,N/A,NACIONAL,R VARIABLE,VARIABLE,R VARIABLE
COR9WPT00353,Fondo de Capital Privado Colombia,COP,N/A,NACIONAL,R VARIABLE,VARIABLE,R VARIABLE
COR9WPT00361,Fondo de Capital Privado Colombia,COP,N/A,NACIONAL,R VARIABLE,VARIABLE,R VARIABLE
COR9WPT00395,Fondo de Capital Privado Colombia,COP,N/A,NACIONAL,R VARIABLE,VARIABLE,R VARIABLE
COR9WPT00510,Fondo de Capital Privado Colombia,COP,N/A,NACIONAL,R VARIABLE,VARIABLE,R VARIABLE
COR9WPT00551,Fondo de Capital Privado Colombia,COP,N/A,NACIONAL,R VARIABLE,VARIABLE,R VARIABLE
COL17CT03953,TF TES,COP,TASA FIJA,NACIONAL,R FIJA,TASA FIJA,R FIJA
CEROS,VISTA,COP,TASA FIJA,NACIONAL,CAJA,VARIABLE,CAJA
CORB0PT01032,Fondo de Capital Privado Colombia,COP,N/A,NACIONAL,R VARIABLE,VARIABLE,R VARIABLE
CORB0PT01016,Fondo de Capital Privado Colombia,COP,N/A,NACIONAL,R VARIABLE,VARIABLE,R VARIABLE
CORB0PT01057,Fondo de Capital Privado Colombia,COP,N/A,NACIONAL,R VARIABLE,VARIABLE,R VARIABLE
CORB0PT01024,Fondo de Capital Privado Colombia,COP,N/A,NACIONAL,R VARIABLE,VARIABLE,R VARIABLE
CORB0PT01065,Fondo de Capital Privado Colombia,COP,N/A,NACIONAL,R VARIABLE,VARIABLE,R VARIABLE
CORB0PT01040,Fondo de Capital Privado Colombia,COP,N/A,NACIONAL,R VARIABLE,VARIABLE,R VARIABLE
LU0136240974,Fondo Mutuo o Fondo Indice,USD,N/A,INTERNACIONAL,R VARIABLE,VARIABLE,R VARIABLE
XS3050009904,Notas estructuradas,COP,N/A,Notas estructuradas,Notas estructuradas,Notas estructuradas,NOTAS ESTRUCTURADAS
LU0106259392,Fondo Mutuo o Fondo Indice,USD,N/A,INTERNACIONAL,R VARIABLE,VARIABLE,R VARIABLE
US91282CNG23,TREASURIES-MULTILATERALES-AGENCIAS,USD,TASA FIJA,INTERNACIONAL,R FIJA,TASA FIJA,R FIJA
FED5 FCP NAUTIC XI,Fondo de Capital Privado,USD,N/A,INTERNACIONAL,R VARIABLE,VARIABLE,R VARIABLE
LU2240476817,EM CORPORATIVOS,USD,TASA FIJA,INTERNACIONAL,R FIJA,TASA FIJA,R FIJA
FEP5 FCP OXO PRO. BARRANQUILLA,Fondo de Capital Privado Colombia,COP,N/A,NACIONAL,R VARIABLE,VARIABLE,R VARIABLE
FEP5 FCP PLENTIA INVERSIONES,Fondo de Capital Privado Colombia,COP,N/A,NACIONAL,R VARIABLE,VARIABLE,R VARIABLE
CORM9PT00032,Fondo de Capital Privado Colombia,COP,N/A,NACIONAL,R VARIABLE,VARIABLE,R VARIABLE
CORK9PT00224,Fondo de Capital Privado Colombia,COP,N/A,NACIONAL,R VARIABLE,VARIABLE,R VARIABLE
CORK9PT00208,Fondo de Capital Privado Colombia,COP,N/A,NACIONAL,R VARIABLE,VARIABLE,R VARIABLE
COJ1GCD11717,CORPORATIVO LOCAL,COP,TASA FIJA,NACIONAL,R FIJA,TASA FIJA,R FIJA
CDTRCIS0,CORPORATIVO LOCAL,COP,TASA FIJA,NACIONAL,R FIJA,TASA FIJA,R FIJA
TCO364020626,TF TES,COP,TASA FIJA,NACIONAL,R FIJA,TASA FIJA,R FIJA
TCO364021225,TF TES,COP,TASA FIJA,NACIONAL,R FIJA,TASA FIJA,R FIJA
CORK9PT00216,Fondo de Capital Privado Colombia,COP,N/A,NACIONAL,R VARIABLE,VARIABLE,R VARIABLE
CORK9PT00232,Fondo de Capital Privado Colombia,COP,N/A,NACIONAL,R VARIABLE,VARIABLE,R VARIABLE
TUVT38010262,Inflacion-TES,UVR,TASA FIJA,NACIONAL,R FIJA,INFLACIÓN,R FIJA
FEP5 FCP VALOR,Fondo de Capital Privado Colombia,COP,N/A,NACIONAL,R VARIABLE,VARIABLE,R VARIABLE
TFIT34130358,TF TES,COP,TASA FIJA,NACIONAL,R FIJA,TASA FIJA,R FIJA
TFIT11240135,TF TES,COP,TASA FIJA,NACIONAL,R FIJA,TASA FIJA,R FIJA
TUVT07220131,Inflacion-TES,UVR,TASA FIJA,NACIONAL,R FIJA,INFLACIÓN,R FIJA
COL17CT04076,TF TES,COP,TASA FIJA,NACIONAL,R FIJA,TASA FIJA,R FIJA
US912797QN08,TREASURIES-MULTILATERALES-AGENCIAS,USD,TASA FIJA,INTERNACIONAL,R FIJA,TASA FIJA,R FIJA
ICG ICG IX PR,Fondo de Capital Privado,EUR,N/A,INTERNACIONAL,R VARIABLE,VARIABLE,R VARIABLE
SKJZAVWFCP02,Fondo de Capital Privado,USD,N/A,INTERNACIONAL,R VARIABLE,VARIABLE,R VARIABLE
CVC SOF VI,Fondo de Capital Privado,USD,N/A,INTERNACIONAL,R VARIABLE,VARIABLE,R VARIABLE
LU0136240974,Fondo Mutuo o Fondo Indice,USD,N/A,INTERNACIONAL,R VARIABLE,VARIABLE,R VARIABLE
US9219468850,SOBERANOS OTRAS MONEDAS,USD,TASA FIJA,INTERNACIONAL,R FIJA,TASA FIJA,R FIJA
LU2920409039,Fondo Mutuo o Fondo Indice,USD,N/A,INTERNACIONAL,R VARIABLE,VARIABLE,R VARIABLE
LU0096363154,Fondo Mutuo o Fondo Indice,USD,N/A,INTERNACIONAL,R VARIABLE,VARIABLE,R VARIABLE
GB0030810351,Fondo Mutuo o Fondo Indice,JPY,N/A,INTERNACIONAL,R VARIABLE,VARIABLE,R VARIABLE
US195325EQ44,EM BONDS,USD,TASA FIJA,INTERNACIONAL,R FIJA,TASA FIJA,R FIJA
US91282CNK35,TREASURIES-MULTILATERALES-AGENCIAS,USD,TASA FIJA,INTERNACIONAL,R FIJA,TASA FIJA,R FIJA
CORG6PT01232,Fondo de Capital Privado Colombia,COP,N/A,NACIONAL,R VARIABLE,VARIABLE,R VARIABLE
COR39PT01299,Fondo de Capital Privado Colombia,COP,N/A,NACIONAL,R VARIABLE,VARIABLE,R VARIABLE
AC ORD ÉXITO,Acciones Colombia,COP,N/A,NACIONAL,R VARIABLE,VARIABLE,R VARIABLE
FED5 FCP BLACKS,Fondo de Capital Privado,USD,N/A,INTERNACIONAL,R VARIABLE,VARIABLE,R VARIABLE
TCO364250826,TF TES,COP,TASA FIJA,NACIONAL,R FIJA,TASA FIJA,R FIJA
FED5 FCP GIP IV B,Fondo de Capital Privado,USD,N/A,INTERNACIONAL,R VARIABLE,VARIABLE,R VARIABLE
US91282CNT44,TREASURIES-MULTILATERALES-AGENCIAS,USD,TASA FIJA,INTERNACIONAL,R FIJA,TASA FIJA,R FIJA
US91282CNN73,TREASURIES-MULTILATERALES-AGENCIAS,USD,TASA FIJA,INTERNACIONAL,R FIJA,TASA FIJA,R FIJA
TCO364030326,TF TES,COP,TASA FIJA,NACIONAL,R FIJA,TASA FIJA,R FIJA
JPMORGAN CORPORACION FINANCIERA SA,VISTA,COP,TASA FIJA,NACIONAL,CAJA,VARIABLE,CAJA
LU2947182148,Fondo de Capital Privado,USD,N/A,INTERNACIONAL,R VARIABLE,VARIABLE,R VARIABLE
ALPINVEST ASF VIII SIDE CAR,Fondo de Capital Privado,USD,N/A,INTERNACIONAL,R VARIABLE,VARIABLE,R VARIABLE
LEXINGTON LGP XII B,Fondo de Capital Privado,USD,N/A,INTERNACIONAL,R VARIABLE,VARIABLE,R VARIABLE
VERITAS CAPITAL IX,Fondo de Capital Privado,USD,N/A,INTERNACIONAL,R VARIABLE,VARIABLE,R VARIABLE
ALPINVEST ASF VIII,Fondo de Capital Privado,USD,N/A,INTERNACIONAL,R VARIABLE,VARIABLE,R VARIABLE
LEXINGTON LMMI V,Fondo de Capital Privado,USD,N/A,INTERNACIONAL,R VARIABLE,VARIABLE,R VARIABLE
COR6NPT00127,Fondo de Capital Privado Colombia,COP,N/A,NACIONAL,R VARIABLE,VARIABLE,R VARIABLE
COR6NPT00085,Fondo de Capital Privado Colombia,COP,N/A,NACIONAL,R VARIABLE,VARIABLE,R VARIABLE
COR6NPT00101,Fondo de Capital Privado Colombia,COP,N/A,NACIONAL,R VARIABLE,VARIABLE,R VARIABLE
COR6NPT00119,Fondo de Capital Privado Colombia,COP,N/A,NACIONAL,R VARIABLE,VARIABLE,R VARIABLE
COR6NPT00077,Fondo de Capital Privado Colombia,COP,N/A,NACIONAL,R VARIABLE,VARIABLE,R VARIABLE
COR6NPT00093,Fondo de Capital Privado Colombia,COP,N/A,NACIONAL,R VARIABLE,VARIABLE,R VARIABLE
XS3080030789,Notas estructuradas,BRL,TASA FIJA,NACIONAL,Notas estructuradas,TASA FIJA,NOTAS ESTRUCTURADAS
US91282CNP22,TREASURIES-MULTILATERALES-AGENCIAS,USD,TASA FIJA,INTERNACIONAL,R FIJA,TASA FIJA,R FIJA
BANCO DAVIVIENDA SA MIAMI BRANCH,MONEY MARKET,USD,N/A,INTERNACIONAL,CAJA,VARIABLE,CAJA
US91282CNW72,TREASURIES-MULTILATERALES-AGENCIAS,USD,TASA FIJA,INTERNACIONAL,R FIJA,TASA FIJA,R FIJA
US4642876555,Fondo Mutuo o Fondo Indice,USD,N/A,INTERNACIONAL,R VARIABLE,VARIABLE,R VARIABLE
ORGTERPELSA,Acciones Colombia,COP,N/A,NACIONAL,R VARIABLE,VARIABLE,R VARIABLE
COR9BPT01074,Fondo de Capital Privado Colombia,COP,N/A,NACIONAL,R VARIABLE,VARIABLE,R VARIABLE
COR9BPT01082,Fondo de Capital Privado Colombia,COP,N/A,NACIONAL,R VARIABLE,VARIABLE,R VARIABLE
COR9BPT01090,Fondo de Capital Privado Colombia,COP,N/A,NACIONAL,R VARIABLE,VARIABLE,R VARIABLE
COR9BPT01108,Fondo de Capital Privado Colombia,COP,N/A,NACIONAL,R VARIABLE,VARIABLE,R VARIABLE
COR9BPT01116,Fondo de Capital Privado Colombia,COP,N/A,NACIONAL,R VARIABLE,VARIABLE,R VARIABLE
COR9BPT01124,Fondo de Capital Privado Colombia,COP,N/A,NACIONAL,R VARIABLE,VARIABLE,R VARIABLE
COR9BPT01132,Fondo de Capital Privado Colombia,COP,N/A,NACIONAL,R VARIABLE,VARIABLE,R VARIABLE
COR9BPT01140,Fondo de Capital Privado Colombia,COP,N/A,NACIONAL,R VARIABLE,VARIABLE,R VARIABLE
COR9BPT01157,Fondo de Capital Privado Colombia,COP,N/A,NACIONAL,R VARIABLE,VARIABLE,R VARIABLE
COR9BPT01165,Fondo de Capital Privado Colombia,COP,N/A,NACIONAL,R VARIABLE,VARIABLE,R VARIABLE
COR9BPT01173,Fondo de Capital Privado Colombia,COP,N/A,NACIONAL,R VARIABLE,VARIABLE,R VARIABLE
COR9BPT01181,Fondo de Capital Privado Colombia,COP,N/A,NACIONAL,R VARIABLE,VARIABLE,R VARIABLE
COR9BPT01199,Fondo de Capital Privado Colombia,COP,N/A,NACIONAL,R VARIABLE,VARIABLE,R VARIABLE
COR9BPT01066,Fondo de Capital Privado Colombia,COP,N/A,NACIONAL,R VARIABLE,VARIABLE,R VARIABLE
XS3183159733,EM BONDS,EUR,TASA FIJA,INTERNACIONAL,R FIJA,TASA FIJA,R FIJA
IE000NG9LZQ6,EM CORPORATIVOS,USD,TASA FIJA,INTERNACIONAL,R FIJA,TASA FIJA,R FIJA
TCO364220926,TF TES,COP,TASA FIJA,NACIONAL,R FIJA,TASA FIJA,R FIJA
US912797RC34,TREASURIES-MULTILATERALES-AGENCIAS,USD,TASA FIJA,INTERNACIONAL,R FIJA,TASA FIJA,R FIJA
US912810UM89,TREASURIES-MULTILATERALES-AGENCIAS,USD,TASA FIJA,INTERNACIONAL,R FIJA,TASA FIJA,R FIJA
COC07PA00027,Acciones Colombia,COP,N/A,NACIONAL,R VARIABLE,VARIABLE,R VARIABLE
AC ORD MINEROS,Acciones Colombia,COP,N/A,NACIONAL,R VARIABLE,VARIABLE,R VARIABLE
COL17CT04084,TF TES,COP,TASA FIJA,NACIONAL,R FIJA,TASA FIJA,R FIJA
US05971V2J35,EM CORPORATIVOS,USD,TASA FIJA,INTERNACIONAL,R FIJA,TASA FIJA,R FIJA
US05971V2H78,EM CORPORATIVOS,USD,TASA FIJA,INTERNACIONAL,R FIJA,TASA FIJA,R FIJA
LU1911739453,Fondo de Capital Privado,USD,N/A,INTERNACIONAL,R VARIABLE,VARIABLE,R VARIABLE
BRUTON BMA I,Fondo de Capital Privado,USD,N/A,INTERNACIONAL,R VARIABLE,VARIABLE,R VARIABLE
LEXINGTON LCP X COINVEST,Fondo de Capital Privado,USD,N/A,INTERNACIONAL,R VARIABLE,VARIABLE,R VARIABLE
IE00B5SSQT16,Fondo Mutuo o Fondo Indice,USD,N/A,INTERNACIONAL,R VARIABLE,VARIABLE,R VARIABLE
UC65 LN,Fondo Mutuo o Fondo Indice,USD,N/A,INTERNACIONAL,R VARIABLE,VARIABLE,R VARIABLE
GB00BNGGYW21,Fondo Mutuo o Fondo Indice,GBP,N/A,INTERNACIONAL,R VARIABLE,VARIABLE,R VARIABLE
LU0234682044,Fondo Mutuo o Fondo Indice,EUR,N/A,INTERNACIONAL,R VARIABLE,VARIABLE,R VARIABLE
XS3183160236,EM BONDS,EUR,TASA FIJA,INTERNACIONAL,R FIJA,TASA FIJA,R FIJA
XS3178859388,EM BONDS,EUR,TASA FIJA,INTERNACIONAL,R FIJA,TASA FIJA,R FIJA
BGLT10250435,EM BONDS,USD,TASA FIJA,INTERNACIONAL,R FIJA,TASA FIJA,R FIJA
US91282CNV99,TREASURIES-MULTILATERALES-AGENCIAS,USD,TASA FIJA,INTERNACIONAL,R FIJA,TASA FIJA,R FIJA
US91282CNX55,TREASURIES-MULTILATERALES-AGENCIAS,USD,TASA FIJA,INTERNACIONAL,R FIJA,TASA FIJA,R FIJA
CORM9PT00040,Fondo de Capital Privado Colombia,COP,N/A,NACIONAL,R VARIABLE,VARIABLE,R VARIABLE
US4642852044,Fondo Mutuo o Fondo Indice,USD,N/A,INTERNACIONAL,R VARIABLE,VARIABLE,R VARIABLE
TCO364201026,TF TES,COP,TASA FIJA,NACIONAL,R FIJA,TASA FIJA,R FIJA
STCE325SA048,CORPORATIVO LOCAL,COP,TASA FIJA,NACIONAL,R FIJA,TASA FIJA,R FIJA
CTMP5257D016,Inflacion-CORPORATIVO LOCAL,UVR,IPC,NACIONAL,R FIJA,INFLACIÓN,R FIJA
TB DISCOVER V PR,Fondo de Capital Privado,USD,N/A,INTERNACIONAL,R VARIABLE,VARIABLE,R VARIABLE
TB COINVEST OPPORTUNITIES I PR,Fondo de Capital Privado,USD,N/A,INTERNACIONAL,R VARIABLE,VARIABLE,R VARIABLE
ICG EUROPE FUND IX FEEDER SCSP,Fondo de Capital Privado,EUR,N/A,INTERNACIONAL,R VARIABLE,VARIABLE,R VARIABLE
US78464A6982,Fondo Mutuo o Fondo Indice,USD,N/A,INTERNACIONAL,R VARIABLE,VARIABLE,R VARIABLE
IE00B27YCK28,Fondo Mutuo o Fondo Indice,USD,N/A,INTERNACIONAL,R VARIABLE,VARIABLE,R VARIABLE
IE00BFNM3J75,Fondo Mutuo o Fondo Indice,USD,N/A,INTERNACIONAL,R VARIABLE,VARIABLE,R VARIABLE
US46654Q7815,Fondo Mutuo o Fondo Indice,USD,N/A,INTERNACIONAL,R VARIABLE,VARIABLE,R VARIABLE
IE00B02KXM00,Fondo Mutuo o Fondo Indice,GBP,N/A,INTERNACIONAL,R VARIABLE,VARIABLE,R VARIABLE
LU1747647607,MONEY MARKET,USD,N/A,INTERNACIONAL,CAJA,VARIABLE,CAJA
LU0248059726,Fondo Mutuo o Fondo Indice,USD,N/A,INTERNACIONAL,R VARIABLE,VARIABLE,R VARIABLE
PFDAVIGRP,Acciones Colombia,COP,N/A,NACIONAL,R VARIABLE,VARIABLE,R VARIABLE
PAK01PA00024,Acciones Colombia,COP,N/A,NACIONAL,R VARIABLE,VARIABLE,R VARIABLE
US912797QZ38,TREASURIES-MULTILATERALES-AGENCIAS,USD,TASA FIJA,INTERNACIONAL,R FIJA,TASA FIJA,R FIJA
COV64PT00036,Titularización Inmobiliaria,COP,N/A,NACIONAL,R VARIABLE,VARIABLE,R VARIABLE
CORH6PT00662,Fondo de Capital Privado Colombia,COP,N/A,NACIONAL,R VARIABLE,VARIABLE,R VARIABLE
CORH6PT00670,Fondo de Capital Privado Colombia,COP,N/A,NACIONAL,R VARIABLE,VARIABLE,R VARIABLE
CORH6PT00688,Fondo de Capital Privado Colombia,COP,N/A,NACIONAL,R VARIABLE,VARIABLE,R VARIABLE
CORH6PT00696,Fondo de Capital Privado Colombia,COP,N/A,NACIONAL,R VARIABLE,VARIABLE,R VARIABLE
CORH6PT00704,Fondo de Capital Privado Colombia,COP,N/A,NACIONAL,R VARIABLE,VARIABLE,R VARIABLE
CORH6PT00712,Fondo de Capital Privado Colombia,COP,N/A,NACIONAL,R VARIABLE,VARIABLE,R VARIABLE
CORH6PT00720,Fondo de Capital Privado Colombia,COP,N/A,NACIONAL,R VARIABLE,VARIABLE,R VARIABLE
CORH6PT00647,Fondo de Capital Privado Colombia,COP,N/A,NACIONAL,R VARIABLE,VARIABLE,R VARIABLE
CORH6PT00654,Fondo de Capital Privado Colombia,COP,N/A,NACIONAL,R VARIABLE,VARIABLE,R VARIABLE
CORA5PT01818,Fondo de Capital Privado Colombia,COP,N/A,NACIONAL,R VARIABLE,VARIABLE,R VARIABLE
CORA5PT01727,Fondo de Capital Privado Colombia,COP,N/A,NACIONAL,R VARIABLE,VARIABLE,R VARIABLE
CORA5PT01800,Fondo de Capital Privado Colombia,COP,N/A,NACIONAL,R VARIABLE,VARIABLE,R VARIABLE
CORA5PT01826,Fondo de Capital Privado Colombia,COP,N/A,NACIONAL,R VARIABLE,VARIABLE,R VARIABLE
CORA5PT01834,Fondo de Capital Privado Colombia,COP,N/A,NACIONAL,R VARIABLE,VARIABLE,R VARIABLE
CORA5PT01677,Fondo de Capital Privado Colombia,COP,N/A,NACIONAL,R VARIABLE,VARIABLE,R VARIABLE
CORA5PT01719,Fondo de Capital Privado Colombia,COP,N/A,NACIONAL,R VARIABLE,VARIABLE,R VARIABLE
CORA5PT01750,Fondo de Capital Privado Colombia,COP,N/A,NACIONAL,R VARIABLE,VARIABLE,R VARIABLE
CORA5PT01768,Fondo de Capital Privado Colombia,COP,N/A,NACIONAL,R VARIABLE,VARIABLE,R VARIABLE
CORA5PT01776,Fondo de Capital Privado Colombia,COP,N/A,NACIONAL,R VARIABLE,VARIABLE,R VARIABLE
CORA5PT01784,Fondo de Capital Privado Colombia,COP,N/A,NACIONAL,R VARIABLE,VARIABLE,R VARIABLE
CORA5PT01792,Fondo de Capital Privado Colombia,COP,N/A,NACIONAL,R VARIABLE,VARIABLE,R VARIABLE
CORA5PT01685,Fondo de Capital Privado Colombia,COP,N/A,NACIONAL,R VARIABLE,VARIABLE,R VARIABLE
CORA5PT01669,Fondo de Capital Privado Colombia,COP,N/A,NACIONAL,R VARIABLE,VARIABLE,R VARIABLE
CORA5PT01644,Fondo de Capital Privado Colombia,COP,N/A,NACIONAL,R VARIABLE,VARIABLE,R VARIABLE
US91282CPJ44,TREASURIES-MULTILATERALES-AGENCIAS,USD,TASA FIJA,INTERNACIONAL,R FIJA,TASA FIJA,R FIJA
BFAN1258D024,CORPORATIVO LOCAL,COP,TASA FIJA,NACIONAL,R FIJA,TASA FIJA,R FIJA
BNP PARIBAS SA,MONEY MARKET,USD,N/A,INTERNACIONAL,CAJA,VARIABLE,CAJA
CORC4PT01330,Fondo de Capital Privado Colombia,COP,N/A,NACIONAL,R VARIABLE,VARIABLE,R VARIABLE
XS3239889788,EM BONDS,EUR,TASA FIJA,INTERNACIONAL,R FIJA,TASA FIJA,R FIJA
XS3239891339,EM BONDS,EUR,TASA FIJA,INTERNACIONAL,R FIJA,TASA FIJA,R FIJA
XS3239891503,EM BONDS,EUR,TASA FIJA,INTERNACIONAL,R FIJA,TASA FIJA,R FIJA
USP17460AF60,CORPORATIVO LOCAL,COP,TASA FIJA,NACIONAL,R FIJA,TASA FIJA,R FIJA
BBG01Y651Z07,CORPORATIVO LOCAL,COP,TASA FIJA,NACIONAL,R FIJA,TASA FIJA,R FIJA
BBTA1257D3,Inflacion-CORPORATIVO LOCAL,UVR,TASA FIJA,NACIONAL,R FIJA,INFLACIÓN,R FIJA
BBTA1257D2,Inflacion-CORPORATIVO LOCAL,UVR,TASA FIJA,NACIONAL,R FIJA,INFLACIÓN,R FIJA
US91087BAV27,EM BONDS,USD,TASA FIJA,INTERNACIONAL,R FIJA,TASA FIJA,R FIJA
COB70CD02637,CORPORATIVO LOCAL,COP,TASA FIJA,NACIONAL,R FIJA,TASA FIJA,R FIJA
CTPF0 BCO BTG PACTUAL COL,CORPORATIVO LOCAL,COP,TASA FIJA,NACIONAL,R FIJA,TASA FIJA,R FIJA
AOPF5 AH DAVIBANK,VISTA,COP,TASA FIJA,NACIONAL,CAJA,VARIABLE,CAJA
CDTBTGS0V,CORPORATIVO LOCAL,COP,TASA FIJA,NACIONAL,R FIJA,TASA FIJA,R FIJA
FED5 FCP HG SATURN IV,Fondo de Capital Privado,USD,N/A,INTERNACIONAL,R VARIABLE,VARIABLE,R VARIABLE
US912797PD35,TREASURIES-MULTILATERALES-AGENCIAS,USD,TASA FIJA,INTERNACIONAL,R FIJA,TASA FIJA,R FIJA
BNP PARIBAS FRANCIA,MONEY MARKET,USD,N/A,INTERNACIONAL,CAJA,VARIABLE,CAJA
CORA5PT01701,Fondo de Capital Privado Colombia,COP,N/A,NACIONAL,R VARIABLE,VARIABLE,R VARIABLE
COR5OPT00242,Fondo de Capital Privado Colombia,COP,N/A,NACIONAL,R VARIABLE,VARIABLE,R VARIABLE
COR9QPT02211,Fondo de Capital Privado Colombia,COP,N/A,NACIONAL,R VARIABLE,VARIABLE,R VARIABLE
TB THOMA BRAVO XVI PR,Fondo de Capital Privado,USD,N/A,INTERNACIONAL,R VARIABLE,VARIABLE,R VARIABLE
COR5LPT00305,Fondo de Capital Privado Colombia,COP,N/A,NACIONAL,R VARIABLE,VARIABLE,R VARIABLE
COR5LPT00347,Fondo de Capital Privado Colombia,COP,N/A,NACIONAL,R VARIABLE,VARIABLE,R VARIABLE
COR5LPT00446,Fondo de Capital Privado Colombia,COP,N/A,NACIONAL,R VARIABLE,VARIABLE,R VARIABLE
COR5LPT00412,Fondo de Capital Privado Colombia,COP,N/A,NACIONAL,R VARIABLE,VARIABLE,R VARIABLE
COR5LPT00289,Fondo de Capital Privado Colombia,COP,N/A,NACIONAL,R VARIABLE,VARIABLE,R VARIABLE
COR5LPT00453,Fondo de Capital Privado Colombia,COP,N/A,NACIONAL,R VARIABLE,VARIABLE,R VARIABLE
COR5LPT00487,Fondo de Capital Privado Colombia,COP,N/A,NACIONAL,R VARIABLE,VARIABLE,R VARIABLE
COR5LPT00255,Fondo de Capital Privado Colombia,COP,N/A,NACIONAL,R VARIABLE,VARIABLE,R VARIABLE
COR5LPT00321,Fondo de Capital Privado Colombia,COP,N/A,NACIONAL,R VARIABLE,VARIABLE,R VARIABLE
COR5LPT00297,Fondo de Capital Privado Colombia,COP,N/A,NACIONAL,R VARIABLE,VARIABLE,R VARIABLE
COR5LPT00479,Fondo de Capital Privado Colombia,COP,N/A,NACIONAL,R VARIABLE,VARIABLE,R VARIABLE
COR5LPT00420,Fondo de Capital Privado Colombia,COP,N/A,NACIONAL,R VARIABLE,VARIABLE,R VARIABLE
COR5LPT00370,Fondo de Capital Privado Colombia,COP,N/A,NACIONAL,R VARIABLE,VARIABLE,R VARIABLE
COR5LPT00339,Fondo de Capital Privado Colombia,COP,N/A,NACIONAL,R VARIABLE,VARIABLE,R VARIABLE
COR5LPT00313,Fondo de Capital Privado Colombia,COP,N/A,NACIONAL,R VARIABLE,VARIABLE,R VARIABLE
COR5LPT00271,Fondo de Capital Privado Colombia,COP,N/A,NACIONAL,R VARIABLE,VARIABLE,R VARIABLE
COR5LPT00438,Fondo de Capital Privado Colombia,COP,N/A,NACIONAL,R VARIABLE,VARIABLE,R VARIABLE
COR5LPT00362,Fondo de Capital Privado Colombia,COP,N/A,NACIONAL,R VARIABLE,VARIABLE,R VARIABLE
COR5LPT00396,Fondo de Capital Privado Colombia,COP,N/A,NACIONAL,R VARIABLE,VARIABLE,R VARIABLE
COR5LPT00461,Fondo de Capital Privado Colombia,COP,N/A,NACIONAL,R VARIABLE,VARIABLE,R VARIABLE
COR5LPT00354,Fondo de Capital Privado Colombia,COP,N/A,NACIONAL,R VARIABLE,VARIABLE,R VARIABLE
COR5LPT00263,Fondo de Capital Privado Colombia,COP,N/A,NACIONAL,R VARIABLE,VARIABLE,R VARIABLE
COR5LPT00404,Fondo de Capital Privado Colombia,COP,N/A,NACIONAL,R VARIABLE,VARIABLE,R VARIABLE
COR5LPT00388,Fondo de Capital Privado Colombia,COP,N/A,NACIONAL,R VARIABLE,VARIABLE,R VARIABLE
COR5LPT00396,Fondo de Capital Privado Colombia,COP,N/A,NACIONAL,R VARIABLE,VARIABLE,R VARIABLE
COR5LPT00412,Fondo de Capital Privado Colombia,COP,N/A,NACIONAL,R VARIABLE,VARIABLE,R VARIABLE
COR5LPT00313,Fondo de Capital Privado Colombia,COP,N/A,NACIONAL,R VARIABLE,VARIABLE,R VARIABLE
COR5LPT00339,Fondo de Capital Privado Colombia,COP,N/A,NACIONAL,R VARIABLE,VARIABLE,R VARIABLE
COR5LPT00255,Fondo de Capital Privado Colombia,COP,N/A,NACIONAL,R VARIABLE,VARIABLE,R VARIABLE
COR5LPT00271,Fondo de Capital Privado Colombia,COP,N/A,NACIONAL,R VARIABLE,VARIABLE,R VARIABLE
COR5LPT00420,Fondo de Capital Privado Colombia,COP,N/A,NACIONAL,R VARIABLE,VARIABLE,R VARIABLE
COR5LPT00289,Fondo de Capital Privado Colombia,COP,N/A,NACIONAL,R VARIABLE,VARIABLE,R VARIABLE
COR5LPT00438,Fondo de Capital Privado Colombia,COP,N/A,NACIONAL,R VARIABLE,VARIABLE,R VARIABLE
COR5LPT00297,Fondo de Capital Privado Colombia,COP,N/A,NACIONAL,R VARIABLE,VARIABLE,R VARIABLE
COR5LPT00263,Fondo de Capital Privado Colombia,COP,N/A,NACIONAL,R VARIABLE,VARIABLE,R VARIABLE
COR5LPT00354,Fondo de Capital Privado Colombia,COP,N/A,NACIONAL,R VARIABLE,VARIABLE,R VARIABLE
COR5LPT00404,Fondo de Capital Privado Colombia,COP,N/A,NACIONAL,R VARIABLE,VARIABLE,R VARIABLE
COR5LPT00446,Fondo de Capital Privado Colombia,COP,N/A,NACIONAL,R VARIABLE,VARIABLE,R VARIABLE
COR5LPT00362,Fondo de Capital Privado Colombia,COP,N/A,NACIONAL,R VARIABLE,VARIABLE,R VARIABLE
COR5LPT00487,Fondo de Capital Privado Colombia,COP,N/A,NACIONAL,R VARIABLE,VARIABLE,R VARIABLE
COR5LPT00305,Fondo de Capital Privado Colombia,COP,N/A,NACIONAL,R VARIABLE,VARIABLE,R VARIABLE
COR5LPT00388,Fondo de Capital Privado Colombia,COP,N/A,NACIONAL,R VARIABLE,VARIABLE,R VARIABLE
COR5LPT00321,Fondo de Capital Privado Colombia,COP,N/A,NACIONAL,R VARIABLE,VARIABLE,R VARIABLE
COR5LPT00370,Fondo de Capital Privado Colombia,COP,N/A,NACIONAL,R VARIABLE,VARIABLE,R VARIABLE
COR5LPT00453,Fondo de Capital Privado Colombia,COP,N/A,NACIONAL,R VARIABLE,VARIABLE,R VARIABLE
COR5LPT00347,Fondo de Capital Privado Colombia,COP,N/A,NACIONAL,R VARIABLE,VARIABLE,R VARIABLE
COR5LPT00479,Fondo de Capital Privado Colombia,COP,N/A,NACIONAL,R VARIABLE,VARIABLE,R VARIABLE
COR5LPT00461,Fondo de Capital Privado Colombia,COP,N/A,NACIONAL,R VARIABLE,VARIABLE,R VARIABLE
IE000NFR7C63,Fondo Mutuo o Fondo Indice,USD,N/A,INTERNACIONAL,R VARIABLE,VARIABLE,R VARIABLE
XS3231243026,Notas estructuradas,BRL,TASA FIJA,NACIONAL,Notas estructuradas,TASA FIJA,NOTAS ESTRUCTURADAS
XS3238228830,Notas estructuradas,BRL,TASA FIJA,NACIONAL,Notas estructuradas,TASA FIJA,NOTAS ESTRUCTURADAS
LU2339002227,Fondo Mutuo o Fondo Indice,USD,N/A,INTERNACIONAL,R VARIABLE,VARIABLE,R VARIABLE
BBTA1257D025,Inflacion-CORPORATIVO LOCAL,COP,IPC,NACIONAL,R FIJA,INFLACIÓN,R FIJA
BBTA1257D035,Inflacion-CORPORATIVO LOCAL,COP,IPC,NACIONAL,R FIJA,INFLACIÓN,R FIJA
US912797RU32,TREASURIES-MULTILATERALES-AGENCIAS,USD,TASA FIJA,INTERNACIONAL,R FIJA,TASA FIJA,R FIJA
US912810UP11,TREASURIES-MULTILATERALES-AGENCIAS,USD,TASA FIJA,INTERNACIONAL,R FIJA,TASA FIJA,R FIJA
US46434G8556,Fondo Mutuo o Fondo Indice,USD,N/A,INTERNACIONAL,R VARIABLE,VARIABLE,R VARIABLE
US912810QN19,TREASURIES-MULTILATERALES-AGENCIAS,USD,TASA FIJA,INTERNACIONAL,R FIJA,TASA FIJA,R FIJA
CORH2PT00745,Fondo de Capital Privado Colombia,COP,N/A,NACIONAL,R VARIABLE,VARIABLE,R VARIABLE
CORH2PT00786,Fondo de Capital Privado Colombia,COP,N/A,NACIONAL,R VARIABLE,VARIABLE,R VARIABLE
CORH2PT00828,Fondo de Capital Privado Colombia,COP,N/A,NACIONAL,R VARIABLE,VARIABLE,R VARIABLE
CORH2PT00794,Fondo de Capital Privado Colombia,COP,N/A,NACIONAL,R VARIABLE,VARIABLE,R VARIABLE
CORH2PT00802,Fondo de Capital Privado Colombia,COP,N/A,NACIONAL,R VARIABLE,VARIABLE,R VARIABLE
CORH2PT00836,Fondo de Capital Privado Colombia,COP,N/A,NACIONAL,R VARIABLE,VARIABLE,R VARIABLE
CORH2PT00778,Fondo de Capital Privado Colombia,COP,N/A,NACIONAL,R VARIABLE,VARIABLE,R VARIABLE
CORH2PT00810,Fondo de Capital Privado Colombia,COP,N/A,NACIONAL,R VARIABLE,VARIABLE,R VARIABLE
CORH2PT00760,Fondo de Capital Privado Colombia,COP,N/A,NACIONAL,R VARIABLE,VARIABLE,R VARIABLE
COR9HPT00065,Fondo de Capital Privado Colombia,COP,N/A,NACIONAL,R VARIABLE,VARIABLE,R VARIABLE
CARLYLE REALTY PARTNERS X LP,Fondo de Capital Privado,USD,N/A,INTERNACIONAL,R VARIABLE,VARIABLE,R VARIABLE
IE00BFNM3P36,Fondo Mutuo o Fondo Indice,USD,N/A,INTERNACIONAL,R VARIABLE,VARIABLE,R VARIABLE
LU2648078835,Fondo Mutuo o Fondo Indice,USD,N/A,INTERNACIONAL,R VARIABLE,VARIABLE,R VARIABLE
US195325EV39,EM BONDS,USD,TASA FIJA,INTERNACIONAL,R FIJA,TASA FIJA,R FIJA
US195325EU55,EM BONDS,USD,TASA FIJA,INTERNACIONAL,R FIJA,TASA FIJA,R FIJA
US91087BBR06,EM BONDS,USD,TASA FIJA,INTERNACIONAL,R FIJA,TASA FIJA,R FIJA
US91087BBQ23,EM BONDS,USD,TASA FIJA,INTERNACIONAL,R FIJA,TASA FIJA,R FIJA
US91087BBK52,EM BONDS,USD,TASA FIJA,INTERNACIONAL,R FIJA,TASA FIJA,R FIJA
US91087BAR15,EM BONDS,USD,TASA FIJA,INTERNACIONAL,R FIJA,TASA FIJA,R FIJA
US91087BAZ31,EM BONDS,USD,TASA FIJA,INTERNACIONAL,R FIJA,TASA FIJA,R FIJA
BNV03770826A,GLOBAL CORPORATIVOS,USD,TASA FIJA,INTERNACIONAL,R FIJA,TASA FIJA,R FIJA
BSE03650526A,GLOBAL CORPORATIVOS,USD,TASA FIJA,INTERNACIONAL,R FIJA,TASA FIJA,R FIJA
CORM9PT00057,Fondo de Capital Privado Colombia,COP,N/A,NACIONAL,R VARIABLE,VARIABLE,R VARIABLE
US912797TG20,TREASURIES-MULTILATERALES-AGENCIAS,USD,TASA FIJA,INTERNACIONAL,R FIJA,TASA FIJA,R FIJA
TFIT05270230,TF TES,COP,TASA FIJA,NACIONAL,R FIJA,TASA FIJA,R FIJA
FED5 FCP HERON VIEW SEC P III,Fondo de Capital Privado,USD,N/A,INTERNACIONAL,R VARIABLE,VARIABLE,R VARIABLE
XS3044879768,Notas estructuradas,BRL,TASA FIJA,NACIONAL,Notas estructuradas,TASA FIJA,NOTAS ESTRUCTURADAS
FED5 FCP HERON VIEW SECOND IV,Fondo de Capital Privado,USD,N/A,INTERNACIONAL,R VARIABLE,VARIABLE,R VARIABLE
PARTNERS GROUP PGCS I SECONDARY,Fondo de Capital Privado,USD,N/A,INTERNACIONAL,R VARIABLE,VARIABLE,R VARIABLE
PARTNERS GROUP PGCS I DIRECT,Fondo de Capital Privado,USD,N/A,INTERNACIONAL,R VARIABLE,VARIABLE,R VARIABLE
COURTSQUARE CCP V,Fondo de Capital Privado,USD,N/A,INTERNACIONAL,R VARIABLE,VARIABLE,R VARIABLE
XS3261294378,Notas estructuradas,COP,TASA FIJA,NACIONAL,Notas estructuradas,TASA FIJA,NOTAS ESTRUCTURADAS
XS3266647315,Notas estructuradas,COP,TASA FIJA,NACIONAL,Notas estructuradas,TASA FIJA,NOTAS ESTRUCTURADAS
XS3152516210,Notas estructuradas,COP,TASA FIJA,NACIONAL,Notas estructuradas,TASA FIJA,NOTAS ESTRUCTURADAS
XS3242369703,Notas estructuradas,COP,TASA FIJA,NACIONAL,Notas estructuradas,TASA FIJA,NOTAS ESTRUCTURADAS
FED5 FCP MANOR PARK OFFSHORE,Fondo de Capital Privado,USD,N/A,INTERNACIONAL,R VARIABLE,VARIABLE,R VARIABLE
TCO364230327,TF TES,COP,TASA FIJA,NACIONAL,R FIJA,TASA FIJA,R FIJA
US91282CPZ85,TREASURIES-MULTILATERALES-AGENCIAS,USD,TASA FIJA,INTERNACIONAL,R FIJA,TASA FIJA,R FIJA
CORI5PT00911,Fondo de Capital Privado Colombia,COP,N/A,NACIONAL,R VARIABLE,VARIABLE,R VARIABLE
CORI5PT00929,Fondo de Capital Privado Colombia,COP,N/A,NACIONAL,R VARIABLE,VARIABLE,R VARIABLE
CORI5PT00937,Fondo de Capital Privado Colombia,COP,N/A,NACIONAL,R VARIABLE,VARIABLE,R VARIABLE
CORI5PT00945,Fondo de Capital Privado Colombia,COP,N/A,NACIONAL,R VARIABLE,VARIABLE,R VARIABLE
CORI5PT00952,Fondo de Capital Privado Colombia,COP,N/A,NACIONAL,R VARIABLE,VARIABLE,R VARIABLE
CORI5PT00960,Fondo de Capital Privado Colombia,COP,N/A,NACIONAL,R VARIABLE,VARIABLE,R VARIABLE
CORI5PT00978,Fondo de Capital Privado Colombia,COP,N/A,NACIONAL,R VARIABLE,VARIABLE,R VARIABLE
CORI5PT00986,Fondo de Capital Privado Colombia,COP,N/A,NACIONAL,R VARIABLE,VARIABLE,R VARIABLE
CORI5PT00994,Fondo de Capital Privado Colombia,COP,N/A,NACIONAL,R VARIABLE,VARIABLE,R VARIABLE
CORI5PT01000,Fondo de Capital Privado Colombia,COP,N/A,NACIONAL,R VARIABLE,VARIABLE,R VARIABLE
CORH5PT00904,Fondo de Capital Privado Colombia,COP,N/A,NACIONAL,R VARIABLE,VARIABLE,R VARIABLE
CORH5PT00912,Fondo de Capital Privado Colombia,COP,N/A,NACIONAL,R VARIABLE,VARIABLE,R VARIABLE
CORH5PT00920,Fondo de Capital Privado Colombia,COP,N/A,NACIONAL,R VARIABLE,VARIABLE,R VARIABLE
CORH5PT00938,Fondo de Capital Privado Colombia,COP,N/A,NACIONAL,R VARIABLE,VARIABLE,R VARIABLE
CORH5PT00946,Fondo de Capital Privado Colombia,COP,N/A,NACIONAL,R VARIABLE,VARIABLE,R VARIABLE
CORH5PT00862,Fondo de Capital Privado Colombia,COP,N/A,NACIONAL,R VARIABLE,VARIABLE,R VARIABLE
CORH5PT00870,Fondo de Capital Privado Colombia,COP,N/A,NACIONAL,R VARIABLE,VARIABLE,R VARIABLE
CORH5PT00888,Fondo de Capital Privado Colombia,COP,N/A,NACIONAL,R VARIABLE,VARIABLE,R VARIABLE
CORH5PT00896,Fondo de Capital Privado Colombia,COP,N/A,NACIONAL,R VARIABLE,VARIABLE,R VARIABLE
MX0MGO0001O3,EM BONDS,MXN,TASA FIJA,INTERNACIONAL,R FIJA,TASA FIJA,R FIJA
DAV04400726A,MONEY MARKET,USD,N/A,INTERNACIONAL,CAJA,VARIABLE,CAJA
CORC4PT01520,Fondo de Capital Privado Colombia,COP,N/A,NACIONAL,R VARIABLE,VARIABLE,R VARIABLE
XS3303876968,Notas estructuradas,COP,TASA FIJA,NACIONAL,Notas estructuradas,TASA FIJA,NOTAS ESTRUCTURADAS
XS3307978604,Notas estructuradas,COP,TASA FIJA,NACIONAL,Notas estructuradas,TASA FIJA,NOTAS ESTRUCTURADAS
XS3292014571,Notas estructuradas,COP,TASA FIJA,NACIONAL,Notas estructuradas,TASA FIJA,NOTAS ESTRUCTURADAS
US912810UR76,TREASURIES-MULTILATERALES-AGENCIAS,USD,TASA FIJA,INTERNACIONAL,R FIJA,TASA FIJA,R FIJA
ISHARES MSCI SOUTH KOREA ETF,Fondo Mutuo o Fondo Indice,USD,N/A,INTERNACIONAL,R VARIABLE,VARIABLE,R VARIABLE
COR39PT01307,Fondo de Capital Privado Colombia,COP,N/A,NACIONAL,R VARIABLE,VARIABLE,R VARIABLE
CORG6PT01240,Fondo de Capital Privado Colombia,COP,N/A,NACIONAL,R VARIABLE,VARIABLE,R VARIABLE
FED5 FCP ATLAS CAP RESOURCES V,Fondo de Capital Privado,USD,N/A,INTERNACIONAL,R VARIABLE,VARIABLE,R VARIABLE
TCO364171126,TF TES,COP,TASA FIJA,NACIONAL,R FIJA,TASA FIJA,R FIJA
TCO364151226,TF TES,COP,TASA FIJA,NACIONAL,R FIJA,TASA FIJA,R FIJA
COR5OPT00283,Fondo de Capital Privado Colombia,COP,N/A,NACIONAL,R VARIABLE,VARIABLE,R VARIABLE
COR5OPT00275,Fondo de Capital Privado Colombia,COP,N/A,NACIONAL,R VARIABLE,VARIABLE,R VARIABLE
CORH4PT00949,Fondo de Capital Privado Colombia,COP,N/A,NACIONAL,R VARIABLE,VARIABLE,R VARIABLE
CORH4PT00931,Fondo de Capital Privado Colombia,COP,N/A,NACIONAL,R VARIABLE,VARIABLE,R VARIABLE
CORH4PT00956,Fondo de Capital Privado Colombia,COP,N/A,NACIONAL,R VARIABLE,VARIABLE,R VARIABLE
CORH4PT00907,Fondo de Capital Privado Colombia,COP,N/A,NACIONAL,R VARIABLE,VARIABLE,R VARIABLE
CORH4PT00873,Fondo de Capital Privado Colombia,COP,N/A,NACIONAL,R VARIABLE,VARIABLE,R VARIABLE
CORH4PT00899,Fondo de Capital Privado Colombia,COP,N/A,NACIONAL,R VARIABLE,VARIABLE,R VARIABLE
CORH4PT00923,Fondo de Capital Privado Colombia,COP,N/A,NACIONAL,R VARIABLE,VARIABLE,R VARIABLE
CORH4PT00881,Fondo de Capital Privado Colombia,COP,N/A,NACIONAL,R VARIABLE,VARIABLE,R VARIABLE
CORH4PT00915,Fondo de Capital Privado Colombia,COP,N/A,NACIONAL,R VARIABLE,VARIABLE,R VARIABLE
LU1751457539,Fondo Mutuo o Fondo Indice,USD,N/A,INTERNACIONAL,R VARIABLE,VARIABLE,R VARIABLE
XS3334595587,Notas estructuradas,COP,TASA FIJA,NACIONAL,Notas estructuradas,TASA FIJA,NOTAS ESTRUCTURADAS
XS3317190992,Notas estructuradas,COP,TASA FIJA,NACIONAL,Notas estructuradas,TASA FIJA,NOTAS ESTRUCTURADAS
US912797UT22,TREASURIES-MULTILATERALES-AGENCIAS,USD,TASA FIJA,INTERNACIONAL,R FIJA,TASA FIJA,R FIJA
US912797UB14,TREASURIES-MULTILATERALES-AGENCIAS,USD,TASA FIJA,INTERNACIONAL,R FIJA,TASA FIJA,R FIJA
BSE03620726A,GLOBAL CORPORATIVOS,USD,TASA FIJA,INTERNACIONAL,R FIJA,TASA FIJA,R FIJA
TCO364260127,TF TES,COP,TASA FIJA,NACIONAL,R FIJA,TASA FIJA,R FIJA
TCO364200427,TF TES,COP,TASA FIJA,NACIONAL,R FIJA,TASA FIJA,R FIJA
FEE5 FCP CAPVEST EQUITY VI,Fondo de Capital Privado,USD,N/A,INTERNACIONAL,R VARIABLE,VARIABLE,R VARIABLE
US37960A5294,Fondo Mutuo o Fondo Indice,USD,N/A,INTERNACIONAL,R VARIABLE,VARIABLE,R VARIABLE
BCSA2269C010,Inflacion-CORPORATIVO LOCAL,COP,IPC,NACIONAL,R FIJA,INFLACIÓN,R FIJA
BDVI1267U108,Inflacion-CORPORATIVO LOCAL,UVR,TASA FIJA,NACIONAL,R FIJA,INFLACIÓN,R FIJA
COR1EPT00119,Fondo de Capital Privado Colombia,COP,N/A,NACIONAL,R VARIABLE,VARIABLE,R VARIABLE
CORC4PT01710,Fondo de Capital Privado Colombia,COP,N/A,NACIONAL,R VARIABLE,VARIABLE,R VARIABLE
FCP ICG EC I,Fondo de Capital Privado,EUR,N/A,INTERNACIONAL,R VARIABLE,VARIABLE,R VARIABLE
FCP BAIN CAPITAL NA XIV,Fondo de Capital Privado,USD,N/A,INTERNACIONAL,R VARIABLE,VARIABLE,R VARIABLE
LU1829219390,Fondo Mutuo o Fondo Indice,EUR,N/A,INTERNACIONAL,R VARIABLE,VARIABLE,R VARIABLE
XS3351763670,Notas estructuradas,COP,TASA FIJA,NACIONAL,Notas estructuradas,TASA FIJA,NOTAS ESTRUCTURADAS
XS3364998529,Notas estructuradas,COP,TASA FIJA,NACIONAL,Notas estructuradas,TASA FIJA,NOTAS ESTRUCTURADAS
XS3368624931,Notas estructuradas,BRL,TASA FIJA,NACIONAL,Notas estructuradas,TASA FIJA,NOTAS ESTRUCTURADAS
XS3291975905,Notas estructuradas,COP,TASA FIJA,NACIONAL,Notas estructuradas,TASA FIJA,NOTAS ESTRUCTURADAS
US91282CQQ77,TREASURIES-MULTILATERALES-AGENCIAS,USD,TASA FIJA,INTERNACIONAL,R FIJA,TASA FIJA,R FIJA
US912810UU06,TREASURIES-MULTILATERALES-AGENCIAS,USD,TASA FIJA,INTERNACIONAL,R FIJA,TASA FIJA,R FIJA
CORH6PT00738,Fondo de Capital Privado Colombia,COP,N/A,NACIONAL,R VARIABLE,VARIABLE,R VARIABLE
CORH6PT00753,Fondo de Capital Privado Colombia,COP,N/A,NACIONAL,R VARIABLE,VARIABLE,R VARIABLE
CORH6PT00787,Fondo de Capital Privado Colombia,COP,N/A,NACIONAL,R VARIABLE,VARIABLE,R VARIABLE
CORH6PT00795,Fondo de Capital Privado Colombia,COP,N/A,NACIONAL,R VARIABLE,VARIABLE,R VARIABLE
CORH6PT00803,Fondo de Capital Privado Colombia,COP,N/A,NACIONAL,R VARIABLE,VARIABLE,R VARIABLE
CORH6PT00811,Fondo de Capital Privado Colombia,COP,N/A,NACIONAL,R VARIABLE,VARIABLE,R VARIABLE
CORA5PT02022,Fondo de Capital Privado Colombia,COP,N/A,NACIONAL,R VARIABLE,VARIABLE,R VARIABLE
CORA5PT01933,Fondo de Capital Privado Colombia,COP,N/A,NACIONAL,R VARIABLE,VARIABLE,R VARIABLE
CORA5PT02014,Fondo de Capital Privado Colombia,COP,N/A,NACIONAL,R VARIABLE,VARIABLE,R VARIABLE
CORA5PT02030,Fondo de Capital Privado Colombia,COP,N/A,NACIONAL,R VARIABLE,VARIABLE,R VARIABLE
CORA5PT02048,Fondo de Capital Privado Colombia,COP,N/A,NACIONAL,R VARIABLE,VARIABLE,R VARIABLE
CORA5PT01883,Fondo de Capital Privado Colombia,COP,N/A,NACIONAL,R VARIABLE,VARIABLE,R VARIABLE
CORA5PT01966,Fondo de Capital Privado Colombia,COP,N/A,NACIONAL,R VARIABLE,VARIABLE,R VARIABLE
CORA5PT01974,Fondo de Capital Privado Colombia,COP,N/A,NACIONAL,R VARIABLE,VARIABLE,R VARIABLE
CORA5PT01982,Fondo de Capital Privado Colombia,COP,N/A,NACIONAL,R VARIABLE,VARIABLE,R VARIABLE
CORA5PT01990,Fondo de Capital Privado Colombia,COP,N/A,NACIONAL,R VARIABLE,VARIABLE,R VARIABLE
CORA5PT02006,Fondo de Capital Privado Colombia,COP,N/A,NACIONAL,R VARIABLE,VARIABLE,R VARIABLE
CORA5PT01925,Fondo de Capital Privado Colombia,COP,N/A,NACIONAL,R VARIABLE,VARIABLE,R VARIABLE
CORA5PT01875,Fondo de Capital Privado Colombia,COP,N/A,NACIONAL,R VARIABLE,VARIABLE,R VARIABLE
US912797VE44,TREASURIES-MULTILATERALES-AGENCIAS,USD,TASA FIJA,INTERNACIONAL,R FIJA,TASA FIJA,R FIJA
CORM9PT00065,Fondo de Capital Privado Colombia,COP,N/A,NACIONAL,R VARIABLE,VARIABLE,R VARIABLE
CORH6PT00746,Fondo de Capital Privado Colombia,COP,N/A,NACIONAL,R VARIABLE,VARIABLE,R VARIABLE
