1 0.93184
2 1.86088167
3 2.78992333
4 3.718965
5 4.64800667
6 5.57704833
7 6.50609
8 7.18831143
9 7.87053286
10 8.55275429
11 9.23497571
12 9.91719714
13 10.59941857
14 11.28164
15 12.29120167
16 13.30076333
17 14.310325
18 15.31988667
19 16.32944833
20 17.33901
21 18.34857167
22 19.35813333
23 20.367695
24 21.37725667
25 22.38681833
26 23.39638
27 24.40594167
28 25.41550333
29 26.425065
30 27.43462667
31 28.44418833
32 29.45375
33 30.29989767
34 31.14604533
35 31.992193
36 32.83834067
37 33.68448833
38 34.530636
39 35.37678367
40 36.22293133
41 37.069079
42 37.91522667
43 38.76137433
44 39.607522
45 40.45366967
46 41.29981733
47 42.145965
48 42.99211267
49 43.83826033
50 44.684408
51 45.53055567
52 46.37670333
53 47.222851
54 48.06899867
55 48.91514633
56 49.761294
57 50.60744167
58 51.45358933
59 52.299737
60 53.14588467
61 53.99203233
62 54.83818
63 55.73811719
64 56.63805438
65 57.53799156
66 58.43792875
67 59.33786594
68 60.23780313
69 61.13774031
70 62.0376775
71 62.93761469
72 63.83755188
73 64.73748906
74 65.63742625
75 66.53736344
76 67.43730063
77 68.33723781
78 69.237175
79 70.13711219
80 71.03704938
81 71.93698656
82 72.83692375
83 73.73686094
84 74.63679813
85 75.53673531
86 76.4366725
87 77.33660969
88 78.23654688
89 79.13648406
90 80.03642125
91 80.93635844
92 81.83629563
93 82.73623281
94 83.63617
95 84.5916022
96 85.5470344
97 86.50246659
98 87.45789879
99 88.41333099
100 89.36876319
101 90.32419538
102 91.27962758
103 92.23505978
104 93.19049198
105 94.14592418
106 95.10135637
107 96.05678857
108 97.01222077
109 97.96765297
110 98.92308516
111 99.87851736
112 100.83394956
113 101.78938176
114 102.74481396
115 103.70024615
116 104.65567835
117 105.61111055
118 106.56654275
119 107.52197495
120 108.47740714
121 109.43283934
122 110.38827154
123 111.34370374
124 112.29913593
125 113.25456813
126 114.21000033
127 115.16543253
128 116.12086473
129 117.07629692
130 118.03172912
131 118.98716132
132 119.94259352
133 120.89802571
134 121.85345791
135 122.80889011
136 123.76432231
137 124.71975451
138 125.6751867
139 126.6306189
140 127.5860511
141 128.5414833
142 129.49691549
143 130.45234769
144 131.40777989
145 132.36321209
146 133.31864429
147 134.27407648
148 135.22950868
149 136.18494088
150 137.14037308
151 138.09580527
152 139.05123747
153 140.00666967
154 140.96210187
155 141.91753407
156 142.87296626
157 143.82839846
158 144.78383066
159 145.73926286
160 146.69469505
161 147.65012725
162 148.60555945
163 149.56099165
164 150.51642385
165 151.47185604
166 152.42728824
167 153.38272044
168 154.33815264
169 155.29358484
170 156.24901703
171 157.20444923
172 158.15988143
173 159.11531363
174 160.07074582
175 161.02617802
176 161.98161022
177 162.93704242
178 163.89247462
179 164.84790681
180 165.80333901
181 166.75877121
182 167.71420341
183 168.6696356
184 169.6250678
185 170.5805
186 171.6023125
187 172.624125
188 173.6459375
189 174.66775
190 175.6895625
191 176.711375
192 177.7331875
193 178.755
194 179.7768125
195 180.798625
196 181.8204375
197 182.84225
198 183.8640625
199 184.885875
200 185.9076875
201 186.9295
202 187.9513125
203 188.973125
204 189.9949375
205 191.01675
206 192.0385625
207 193.060375
208 194.0821875
209 195.104
210 196.1258125
211 197.147625
212 198.1694375
213 199.19125
214 200.2130625
215 201.234875
216 202.2566875
217 203.2785
218 204.3003125
219 205.322125
220 206.3439375
221 207.36575
222 208.3875625
223 209.409375
224 210.4311875
225 211.453
226 212.4748125
227 213.496625
228 214.5184375
229 215.54025
230 216.5620625
231 217.583875
232 218.6056875
233 219.6275
234 220.6493125
235 221.671125
236 222.6929375
237 223.71475
238 224.7365625
239 225.758375
240 226.7801875
241 227.802
242 228.8238125
243 229.845625
244 230.8674375
245 231.88925
246 232.9110625
247 233.932875
248 234.9546875
249 235.9765
250 236.9983125
251 238.020125
252 239.0419375
253 240.06375
254 241.0855625
255 242.107375
256 243.1291875
257 244.151
258 245.1728125
259 246.194625
260 247.2164375
261 248.23825
262 249.2600625
263 250.281875
264 251.3036875
265 252.3255
266 253.3473125
267 254.369125
268 255.3909375
269 256.41275
270 257.4345625
271 258.456375
272 259.4781875
273 260.5
274 261.48351648
275 262.46703297
276 263.45054945
277 264.43406593
278 265.41758242
279 266.4010989
280 267.38461538
281 268.36813187
282 269.35164835
283 270.33516484
284 271.31868132
285 272.3021978
286 273.28571429
287 274.26923077
288 275.25274725
289 276.23626374
290 277.21978022
291 278.2032967
292 279.18681319
293 280.17032967
294 281.15384615
295 282.13736264
296 283.12087912
297 284.1043956
298 285.08791209
299 286.07142857
300 287.05494505
301 288.03846154
302 289.02197802
303 290.00549451
304 290.98901099
305 291.97252747
306 292.95604396
307 293.93956044
308 294.92307692
309 295.90659341
310 296.89010989
311 297.87362637
312 298.85714286
313 299.84065934
314 300.82417582
315 301.80769231
316 302.79120879
317 303.77472527
318 304.75824176
319 305.74175824
320 306.72527473
321 307.70879121
322 308.69230769
323 309.67582418
324 310.65934066
325 311.64285714
326 312.62637363
327 313.60989011
328 314.59340659
329 315.57692308
330 316.56043956
331 317.54395604
332 318.52747253
333 319.51098901
334 320.49450549
335 321.47802198
336 322.46153846
337 323.44505495
338 324.42857143
339 325.41208791
340 326.3956044
341 327.37912088
342 328.36263736
343 329.34615385
344 330.32967033
345 331.31318681
346 332.2967033
347 333.28021978
348 334.26373626
349 335.24725275
350 336.23076923
351 337.21428571
352 338.1978022
353 339.18131868
354 340.16483516
355 341.14835165
356 342.13186813
357 343.11538462
358 344.0989011
359 345.08241758
360 346.06593407
361 347.04945055
362 348.03296703
363 349.01648352
364 350.0
365 350.98626753
366 351.97253505
367 352.95880258
368 353.94507011
369 354.93133763
370 355.91760516
371 356.90387269
372 357.89014022
373 358.87640774
374 359.86267527
375 360.8489428
376 361.83521032
377 362.82147785
378 363.80774538
379 364.7940129
380 365.78028043
381 366.76654796
382 367.75281548
383 368.73908301
384 369.72535054
385 370.71161806
386 371.69788559
387 372.68415312
388 373.67042065
389 374.65668817
390 375.6429557
391 376.62922323
392 377.61549075
393 378.60175828
394 379.58802581
395 380.57429333
396 381.56056086
397 382.54682839
398 383.53309591
399 384.51936344
400 385.50563097
401 386.49189849
402 387.47816602
403 388.46443355
404 389.45070108
405 390.4369686
406 391.42323613
407 392.40950366
408 393.39577118
409 394.38203871
410 395.36830624
411 396.35457376
412 397.34084129
413 398.32710882
414 399.31337634
415 400.29964387
416 401.2859114
417 402.27217892
418 403.25844645
419 404.24471398
420 405.23098151
421 406.21724903
422 407.20351656
423 408.18978409
424 409.17605161
425 410.16231914
426 411.14858667
427 412.13485419
428 413.12112172
429 414.10738925
430 415.09365677
431 416.0799243
432 417.06619183
433 418.05245935
434 419.03872688
435 420.02499441
436 421.01126194
437 421.99752946
438 422.98379699
439 423.97006452
440 424.95633204
441 425.94259957
442 426.9288671
443 427.91513462
444 428.90140215
445 429.88766968
446 430.8739372
447 431.86020473
448 432.84647226
449 433.83273978
450 434.81900731
451 435.80527484
452 436.79154237
453 437.77780989
454 438.76407742
455 439.75034495
456 440.73661247
457 441.72288
458 442.70914753
459 443.69541505
460 444.68168258
461 445.66795011
462 446.65421763
463 447.64048516
464 448.62675269
465 449.61302022
466 450.59928774
467 451.58555527
468 452.5718228
469 453.55809032
470 454.54435785
471 455.53062538
472 456.5168929
473 457.50316043
474 458.48942796
475 459.47569548
476 460.46196301
477 461.44823054
478 462.43449806
479 463.42076559
480 464.40703312
481 465.39330065
482 466.37956817
483 467.3658357
484 468.35210323
485 469.33837075
486 470.32463828
487 471.31090581
488 472.29717333
489 473.28344086
490 474.26970839
491 475.25597591
492 476.24224344
493 477.22851097
494 478.21477849
495 479.20104602
496 480.18731355
497 481.17358108
498 482.1598486
499 483.14611613
500 484.13238366
501 485.11865118
502 486.10491871
503 487.09118624
504 488.07745376
505 489.06372129
506 490.04998882
507 491.03625634
508 492.02252387
509 493.0087914
510 493.99505892
511 494.98132645
512 495.96759398
513 496.95386151
514 497.94012903
515 498.92639656
516 499.91266409
517 500.89893161
518 501.88519914
519 502.87146667
520 503.85773419
521 504.84400172
522 505.83026925
523 506.81653677
524 507.8028043
525 508.78907183
526 509.77533935
527 510.76160688
528 511.74787441
529 512.73414194
530 513.72040946
531 514.70667699
532 515.69294452
533 516.67921204
534 517.66547957
535 518.6517471
536 519.63801462
537 520.62428215
538 521.61054968
539 522.5968172
540 523.58308473
541 524.56935226
542 525.55561978
543 526.54188731
544 527.52815484
545 528.51442237
546 529.50068989
547 530.48695742
548 531.47322495
549 532.45949247
550 533.44576
551 534.50239512
552 535.55932052
553 536.57995413
554 537.60075308
555 538.62171619
556 539.64284392
557 540.66413671
558 541.68559338
559 542.70721439
560 543.72900019
561 544.75094959
562 545.77306305
563 546.79534047
564 547.81778232
565 548.8403874
566 549.86315616
567 550.88608907
568 551.90918494
569 552.93244421
570 553.95586736
571 554.97945317
572 556.00320212
573 557.02711412
574 558.05118962
575 559.07542741
576 560.09982798
577 561.12439177
578 562.14911759
579 563.17400589
580 564.19905715
581 565.22427015
582 566.24964536
583 567.2751827
584 568.30088262
585 569.32674392
586 570.35276705
587 571.37895251
588 572.40529906
589 573.43180717
590 574.45847734
591 575.48530831
592 576.51230057
593 577.53945403
594 578.56676918
595 579.59424476
596 580.62188127
597 581.64967919
598 582.67763727
599 583.70575599
600 584.73403586
601 585.7624756
602 586.79107572
603 587.81983612
604 588.8487573
605 589.87783798
606 590.90707868
607 591.93647987
608 592.9660403
609 593.99576046
610 595.02564084
611 596.05568019
612 597.08587899
613 598.11623715
614 599.14675518
615 600.1774318
616 601.20826751
617 602.23926281
618 603.27041642
619 604.30172885
620 605.3332006
621 606.36483038
622 607.39661871
623 608.42856608
624 609.46067122
625 610.49293461
626 611.52535619
627 612.55793645
628 613.5906741
629 614.62356965
630 615.65662362
631 616.68983471
632 617.72320341
633 618.75673027
634 619.79041396
635 620.82425501
636 621.85825332
637 622.89240941
638 623.92672197
639 624.96119152
640 625.99581859
641 627.03060184
642 628.06554182
643 629.10063904
644 630.13589217
645 631.17130175
646 632.20686768
647 633.24259049
648 634.27846885
649 635.31450329
650 636.35069435
651 637.38704068
652 638.42354282
653 639.4602013
654 640.49701478
655 641.53398379
656 642.57110824
657 643.60838869
658 644.64582376
659 645.683414
660 646.72115996
661 647.75906028
662 648.79711624
663 649.8353269
664 650.87369165
665 651.91221102
666 652.95088493
667 653.98971392
668 655.02869663
669 656.06783361
670 657.1071254
671 658.14657064
672 659.18616987
673 660.22592365
674 661.2658306
675 662.30589127
676 663.34610557
677 664.38647406
678 665.42699535
679 666.46767001
680 667.50849859
681 668.5494797
682 669.59061389
683 670.63190175
684 671.67334185
685 672.71493478
686 673.75668044
687 674.79857939
688 675.84063023
689 676.88283354
690 677.92518987
691 678.96769782
692 680.01035795
693 681.05317086
694 682.0961351
695 683.13925126
696 684.18251992
697 685.22593965
698 686.26951102
699 687.31323395
700 688.35710903
701 689.40113481
702 690.44531188
703 691.48964082
704 692.53412019
705 693.57875059
706 694.62353258
707 695.66846475
708 696.71354766
709 697.75878123
710 698.80416605
711 699.84970066
712 700.89538567
713 701.94122167
714 702.98720719
715 704.03334283
716 705.07962919
717 706.1260648
718 707.17265027
719 708.21938549
720 709.26627109
721 710.31330557
722 711.36048955
723 712.40782362
724 713.45530632
725 714.50293824
726 715.55072
727 716.5986501
728 717.64672917
729 718.69495709
730 719.7433345
731 720.7918599
732 721.84053389
733 722.8893571
734 723.93832803
735 724.98744728
736 725.98196308
737 726.97648112
738 727.97100303
739 728.96552788
740 729.96005561
741 730.9545853
742 731.94911855
743 732.94365447
744 733.93819297
745 734.93273328
746 735.92727587
747 736.92182169
748 737.91636981
749 738.91092015
750 739.90547178
751 740.90002634
752 741.89458291
753 742.88914142
754 743.88370179
755 744.87826308
756 745.87282696
757 746.86739248
758 747.86195885
759 748.85652744
760 749.85109659
761 750.84566797
762 751.84024064
763 752.83481452
764 753.82938866
765 754.82396475
766 755.81854184
767 756.81311985
768 757.80769872
769 758.80227749
770 759.79685785
771 760.79143811
772 761.78601968
773 762.78060085
774 763.77518333
775 764.76976617
776 765.76434929
777 766.75893262
778 767.75351519
779 768.74809872
780 769.74268225
781 770.7372657
782 771.731849
783 772.72643044
784 773.72101323
785 774.71559565
786 775.71017765
787 776.70475823
788 777.69933915
789 778.69391942
790 779.68849897
791 780.68307773
792 781.67765471
793 782.67223168
794 783.66680764
795 784.66138253
796 785.6559546
797 786.65052713
798 787.64509837
799 788.63966826
800 789.63423671
801 790.62880274
802 791.62336813
803 792.61793187
804 793.6124939
805 794.60705415
806 795.60161162
807 796.59616809
808 797.59072256
809 798.5852742
810 799.57982354
811 800.5743716
812 801.56891739
813 802.56346083
814 803.55800185
815 804.55253944
816 805.54707541
817 806.54160876
818 807.5361394
819 808.53066632
820 809.52519135
821 810.51971269
822 811.51423182
823 812.5087479
824 813.50325991
825 814.49776968
826 815.49227618
827 816.48677935
828 817.48127912
829 818.47577445
830 819.4702672
831 820.46475634
832 821.45924179
833 822.45372253
834 823.44819961
835 824.44267359
836 825.43714361
837 826.4316096
838 827.4260705
839 828.42052821
840 829.41498168
841 830.40943083
842 831.40387462
843 832.39831494
844 833.39275074
845 834.38718194
846 835.38160848
847 836.37602851
848 837.37044552
849 838.36485766
850 839.35926486
851 840.35366705
852 841.34806318
853 842.34245514
854 843.33684189
855 844.33122335
856 845.32559846
857 846.31996914
858 847.31433432
859 848.30869394
860 849.30304711
861 850.29739439
862 851.2917369
863 852.28607357
864 853.28040433
865 854.2747281
866 855.26904683
867 856.26335944
868 857.25766587
869 858.25196604
870 859.24625887
871 860.24054632
872 861.23482649
873 862.22910094
874 863.2233688
875 864.21762897
876 865.21188341
877 866.20613106
878 867.20037182
879 868.19460462
880 869.18883143
881 870.18305115
882 871.17726373
883 872.17146909
884 873.16566612
885 874.159856
886 875.15403929
887 876.14821508
888 877.14238228
889 878.13654288
890 879.13069578
891 880.12484091
892 881.11897821
893 882.11310657
894 883.10722799
895 884.10134137
896 885.09544665
897 886.08954374
898 887.0836307
899 888.07771123
900 889.07178339
901 890.06584709
902 891.05990123
903 892.05394783
904 893.04798578
905 894.042015
906 895.03603544
907 896.03004595
908 897.0240486
909 898.01804226
910 899.012026
911 900.00600039
912 900.99996666
913 901.99392366
914 902.98787133
915 903.9818096
916 904.97573732
917 905.96965659
918 906.96356625
919 907.95746623
920 908.95135648
921 909.94523584
922 910.93910641
923 911.93296617
924 912.92681678
925 913.92065624
926 914.91448663
927 915.90830681
928 916.90211671
929 917.89591627
930 918.88970432
931 919.88348298
932 920.8772511
933 921.8710086
934 922.86475431
935 923.85849038
936 924.85221475
937 925.84592911
938 926.83963252
939 927.83332381
940 928.82700512
941 929.82067527
942 930.81433421
943 931.80798185
944 932.80161704
945 933.79524191
946 934.7888553
947 935.78245713
948 936.77604623
949 937.76962386
950 938.76319063
951 939.75674558
952 940.75028864
953 941.74381862
954 942.7373377
955 943.7308447
956 944.72433954
957 945.71782103
958 946.71129136
959 947.70474934
960 948.69819489
961 949.69162706
962 950.68504644
963 951.67845433
964 952.67184954
965 953.66523199
966 954.65860163
967 955.65195724
968 956.64530104
969 957.63863182
970 958.63194951
971 959.62525291
972 960.61854424
973 961.61182228
974 962.60508607
975 963.59833735
976 964.59157399
977 965.58479825
978 966.57800888
979 967.57120584
980 968.5643879
981 969.55755731
982 970.55071283
983 971.54385442
984 972.53698199
985 973.53009433
986 974.52319369
987 975.51627792
988 976.50934881
989 977.50240535
990 978.49544633
991 979.488474
992 980.48148714
993 981.47448568
994 982.46746838
995 983.46043753
996 984.45339187
997 985.44633136
998 986.43925592
999 987.43216337
1000 988.42505788
1001 989.41793726
1002 990.41080146
1003 991.40364921
1004 992.39648284
1005 993.38930107
1006 994.38210386
1007 995.37489113
1008 996.36766163
1009 997.36041768
1010 998.35315802
1011 999.34588258
1012 1000.33859036
1013 1001.33128197
1014 1002.32395882
1015 1003.31661963
1016 1004.30926434
1017 1005.30189168
1018 1006.29450399
1019 1007.28710001
1020 1008.27967966
1021 1009.2722429
1022 1010.26478843
1023 1011.25731862
1024 1012.24983219
1025 1013.24232813
1026 1014.23480705
1027 1015.22727037
1028 1016.21971682
1029 1017.21214633
1030 1018.20455882
1031 1019.19695303
1032 1020.18933132
1033 1021.18169241
1034 1022.17403624
1035 1023.16636274
1036 1024.15867062
1037 1025.1509613
1038 1026.14323543
1039 1027.13549197
1040 1028.12772962
1041 1029.11995079
1042 1030.11215418
1043 1031.10433974
1044 1032.09650738
1045 1033.08865581
1046 1034.08078745
1047 1035.07290098
1048 1036.06499636
1049 1037.05707226
1050 1038.04913014
1051 1039.04117063
1052 1040.03319271
1053 1041.02519631
1054 1042.0171801
1055 1043.00914653
1056 1044.00109429
1057 1044.99302332
1058 1045.98493354
1059 1046.97682363
1060 1047.96869605
1061 1048.96054948
1062 1049.95238385
1063 1050.94419685
1064 1051.93599291
1065 1052.92776973
1066 1053.91952724
1067 1054.91126537
1068 1055.90298279
1069 1056.89468197
1070 1057.8863616
1071 1058.87802159
1072 1059.86966062
1073 1060.86128116
1074 1061.85288189
1075 1062.84446273
1076 1063.83602264
1077 1064.82756224
1078 1065.81908306
1079 1066.81058374
1080 1067.80206422
1081 1068.79352445
1082 1069.78496305
1083 1070.77638256
1084 1071.76778162
1085 1072.75916017
1086 1073.75051684
1087 1074.74185417
1088 1075.73316979
1089 1076.72446565
1090 1077.71574068
1091 1078.70699352
1092 1079.6982267
1093 1080.68943887
1094 1081.68062996
1095 1082.6717986
1096 1083.66294734
1097 1084.65407482
1098 1085.64518096
1099 1086.63626571
1100 1087.62732769
1101 1088.61836846
1102 1089.60938865
1103 1090.60038721
1104 1091.63687636
1105 1092.67342947
1106 1093.71004411
1107 1094.74672095
1108 1095.78346156
1109 1096.82026455
1110 1097.85712751
1111 1098.89405508
1112 1099.93104486
1113 1100.96809443
1114 1102.00520843
1115 1103.04238446
1116 1104.07962112
1117 1105.11691999
1118 1106.15428174
1119 1107.19170526
1120 1108.22918814
1121 1109.26673506
1122 1110.30434359
1123 1111.34201232
1124 1112.37974284
1125 1113.41753583
1126 1114.45538883
1127 1115.49330346
1128 1116.53128037
1129 1117.56931711
1130 1118.60741634
1131 1119.6455756
1132 1120.68379555
1133 1121.72207781
1134 1122.76041992
1135 1123.79882255
1136 1124.83728731
1137 1125.87581278
1138 1126.91439649
1139 1127.95304322
1140 1128.99175047
1141 1130.03051579
1142 1131.06934394
1143 1132.10823245
1144 1133.14717988
1145 1134.18618787
1146 1135.2252571
1147 1136.26438507
1148 1137.30357343
1149 1138.34282284
1150 1139.38213081
1151 1140.42150005
1152 1141.46092806
1153 1142.5004155
1154 1143.53996404
1155 1144.57957117
1156 1145.61923755
1157 1146.65896486
1158 1147.69875164
1159 1148.73859537
1160 1149.77850091
1161 1150.81846575
1162 1151.85848875
1163 1152.8985706
1164 1153.93871296
1165 1154.97891439
1166 1156.01917234
1167 1157.0594917
1168 1158.09986995
1169 1159.14030453
1170 1160.18080037
1171 1161.22135491
1172 1162.26196668
1173 1163.30263738
1174 1164.34336768
1175 1165.38415504
1176 1166.42500115
1177 1167.46590669
1178 1168.5068691
1179 1169.54789117
1180 1170.58897034
1181 1171.63010728
1182 1172.67130371
1183 1173.71255705
1184 1174.753868
1185 1175.79523825
1186 1176.83666634
1187 1177.87814967
1188 1178.91969323
1189 1179.96129444
1190 1181.00295071
1191 1182.04466705
1192 1183.08644086
1193 1184.12827065
1194 1185.17015814
1195 1186.21210403
1196 1187.25410572
1197 1188.29616494
1198 1189.33828238
1199 1190.38045543
1200 1191.42268695
1201 1192.46497432
1202 1193.50731822
1203 1194.54972041
1204 1195.59217828
1205 1196.63469251
1206 1197.67726486
1207 1198.7198938
1208 1199.76257819
1209 1200.80531871
1210 1201.84811711
1211 1202.89097078
1212 1203.93388039
1213 1204.97684773
1214 1206.01987127
1215 1207.06294835
1216 1208.1060841
1217 1209.14927587
1218 1210.19252102
1219 1211.23582466
1220 1212.27918414
1221 1213.32259794
1222 1214.36606783
1223 1215.40959451
1224 1216.45317532
1225 1217.49681206
1226 1218.54050541
1227 1219.58425272
1228 1220.6280569
1229 1221.67191529
1230 1222.71582858
1231 1223.75979857
1232 1224.80382259
1233 1225.84790133
1234 1226.89203661
1235 1227.93622687
1236 1228.98046942
1237 1230.02476947
1238 1231.06912433
1239 1232.1135313
1240 1233.15799559
1241 1234.20251453
1242 1235.24708653
1243 1236.29171343
1244 1237.33639593
1245 1238.38113131
1246 1239.42592143
1247 1240.47076696
1248 1241.51566522
1249 1242.56061916
1250 1243.60562609
1251 1244.65068822
1252 1245.69580283
1253 1246.74097176
1254 1247.78619573
1255 1248.83147199
1256 1249.87680357
1257 1250.92218771
1258 1251.96762512
1259 1253.01311767
1260 1254.05866377
1261 1255.10426067
1262 1256.14991369
1263 1257.19562007
1264 1258.24137709
1265 1259.28719005
1266 1260.33305622
1267 1261.37897399
1268 1262.42494524
1269 1263.47097067
1270 1264.51704752
1271 1265.56317769
1272 1266.60936188
1273 1267.65559731
1274 1268.70188704
1275 1269.74822831
1276 1270.7946218
1277 1271.84106943
1278 1272.88756842
1279 1273.93411947
1280 1274.98072448
1281 1276.02738185
1282 1277.07408877
1283 1278.12085066
1284 1279.16766473
1285 1280.21452818
1286 1281.26144643
1287 1282.30841669
1288 1283.35543732
1289 1284.40251025
1290 1285.44963619
1291 1286.49681233
1292 1287.54404061
1293 1288.59132172
1294 1289.63865444
1295 1290.68603713
1296 1291.73347173
1297 1292.78095895
1298 1293.82849596
1299 1294.87608471
1300 1295.92372591
1301 1296.97141672
1302 1298.0191603
1303 1299.06695379
1304 1300.11479791
1305 1301.16269462
1306 1302.21064108
1307 1303.25863799
1308 1304.30668733
1309 1305.35478743
1310 1306.40293544
1311 1307.4511369
1312 1308.49938895
1313 1309.54768875
1314 1310.59604182
1315 1311.64444532
1316 1312.69289757
1317 1313.74140056
1318 1314.789955
1319 1315.83855802
1320 1316.88721161
1321 1317.93591649
1322 1318.98466977
1323 1320.03347465
1324 1321.08232826
1325 1322.1312313
1326 1323.18018577
1327 1324.2291888
1328 1325.27824109
1329 1326.32734465
1330 1327.3764978
1331 1328.42569764
1332 1329.47494979
1333 1330.52425135
1334 1331.57359943
1335 1332.62299966
1336 1333.67244914
1337 1334.72194617
1338 1335.77149277
1339 1336.82108966
1340 1337.87073557
1341 1338.92042759
1342 1339.97017139
1343 1341.01996405
1344 1342.06980385
1345 1343.11969284
1346 1344.16963174
1347 1345.21961761
1348 1346.2696525
1349 1347.31973714
1350 1348.36986858
1351 1349.42005009
1352 1350.47027874
1353 1351.52055525
1354 1352.57088167
1355 1353.62125505
1356 1354.67167613
1357 1355.72214695
1358 1356.77266579
1359 1357.82322971
1360 1358.87384444
1361 1359.92450702
1362 1360.9752145
1363 1362.02597263
1364 1363.07677846
1365 1364.12763023
1366 1365.17853004
1367 1366.22947861
1368 1367.28047295
1369 1368.33151517
1370 1369.38260598
1371 1370.4337424
1372 1371.48492776
1373 1372.53615908
1374 1373.58743707
1375 1374.63876384
1376 1375.69013641
1377 1376.74155548
1378 1377.79302318
1379 1378.84453773
1380 1379.89609615
1381 1380.94770426
1382 1381.99935907
1383 1383.05105928
1384 1384.10280561
1385 1385.15460018
1386 1386.20644123
1387 1387.25832574
1388 1388.31025958
1389 1389.36223973
1390 1390.41426317
1391 1391.46633578
1392 1392.51845453
1393 1393.57061766
1394 1394.62282729
1395 1395.67508416
1396 1396.72738523
1397 1397.77973265
1398 1398.83212713
1399 1399.88456565
1400 1400.93705161
1401 1401.98958197
1402 1403.04215744
1403 1404.0947802
1404 1405.14744719
1405 1406.20015913
1406 1407.25291819
1407 1408.30572258
1408 1409.35856923
1409 1410.4114641
1410 1411.46440414
1411 1412.51738627
1412 1413.57041646
1413 1414.62349166
1414 1415.67661004
1415 1416.7297738
1416 1417.78298367
1417 1418.83623655
1418 1419.88953465
1419 1420.94287869
1420 1421.99626559
1421 1423.04969881
1422 1424.10317526
1423 1425.15669568
1424 1426.21026226
1425 1427.26387191
1426 1428.31752713
1427 1429.37122481
1428 1430.42496844
1429 1431.47875493
1430 1432.53258499
1431 1433.58646085
1432 1434.64037939
1433 1435.69434134
1434 1436.74834893
1435 1437.80240033
1436 1438.8564924
1437 1439.91063124
1438 1440.96481371
1439 1442.0190367
1440 1443.0733063
1441 1444.12761937
1442 1445.18197408
1443 1446.23637265
1444 1447.29081584
1445 1448.34530049
1446 1449.39982885
1447 1450.45440166
1448 1451.50901577
1449 1452.56367472
1450 1453.61837538
1451 1454.67311845
1452 1455.72790623
1453 1456.78273553
1454 1457.8376071
1455 1458.8925232
1456 1459.94748198
1457 1461.00248025
1458 1462.0575242
1459 1463.11261066
1460 1464.16773645
1461 1465.22290776
1462 1466.27812142
1463 1467.33337555
1464 1468.38867244
1465 1469.44401282
1466 1470.4993935
1467 1471.55481679
1468 1472.62027023
1469 1473.68577433
1470 1474.75133164
1471 1475.81693949
1472 1476.88260044
1473 1477.94831179
1474 1479.01407613
1475 1480.07989075
1476 1481.14575639
1477 1482.21167404
1478 1483.27764311
1479 1484.34366486
1480 1485.4097366
1481 1486.4758609
1482 1487.54203506
1483 1488.60826166
1484 1489.67453801
1485 1490.74086667
1486 1491.80724496
1487 1492.87367545
1488 1493.94015358
1489 1495.00668433
1490 1496.07326711
1491 1497.1398992
1492 1498.2065832
1493 1499.27331639
1494 1500.34010138
1495 1501.40693544
1496 1502.47382117
1497 1503.54075585
1498 1504.60774075
1499 1505.67477715
1500 1506.74186231
1501 1507.80899697
1502 1508.87618216
1503 1509.94341861
1504 1511.01070359
1505 1512.0780397
1506 1513.14542423
1507 1514.21285977
1508 1515.2803436
1509 1516.347877
1510 1517.41546124
1511 1518.48309358
1512 1519.55077665
1513 1520.61850771
1514 1521.68628748
1515 1522.754117
1516 1523.82199703
1517 1524.88992479
1518 1525.95790293
1519 1527.02592869
1520 1528.09400336
1521 1529.16212823
1522 1530.23030054
1523 1531.29852294
1524 1532.36679265
1525 1533.43511233
1526 1534.50347729
1527 1535.57189402
1528 1536.64035783
1529 1537.70887136
1530 1538.77743186
1531 1539.84604062
1532 1540.91469893
1533 1541.98340402
1534 1543.05215855
1535 1544.12095974
1536 1545.18981025
1537 1546.25870731
1538 1547.32765357
1539 1548.39664431
1540 1549.46568607
1541 1550.53477414
1542 1551.60390982
1543 1552.67309441
1544 1553.74232512
1545 1554.81160462
1546 1555.88093013
1547 1556.95030432
1548 1558.0197244
1549 1559.08919304
1550 1560.15870744
1551 1561.22827029
1552 1562.29787683
1553 1563.36753229
1554 1564.43723601
1555 1565.50698521
1556 1566.57678256
1557 1567.64662526
1558 1568.716516
1559 1569.78645196
1560 1570.85643586
1561 1571.92646486
1562 1572.99654168
1563 1574.06666348
1564 1575.1368316
1565 1576.20704538
1566 1577.27730595
1567 1578.34761403
1568 1579.41796681
1569 1580.488367
1570 1581.55881176
1571 1582.62930381
1572 1583.69984032
1573 1584.770424
1574 1585.84105202
1575 1586.91172571
1576 1587.98244641
1577 1589.05320927
1578 1590.12402101
1579 1591.19487679
1580 1592.26577934
1581 1593.33672582
1582 1594.40771895
1583 1595.47875589
1584 1596.54983798
1585 1597.62096654
1586 1598.69213874
1587 1599.76335731
1588 1600.83461939
1589 1601.90592772
1590 1602.97727744
1591 1604.04867531
1592 1605.12011645
1593 1606.19160362
1594 1607.26313394
1595 1608.33470877
1596 1609.40632946
1597 1610.47799312
1598 1611.54970253
1599 1612.6214548
1600 1613.69325269
1601 1614.76509334
1602 1615.83697949
1603 1616.90890624
1604 1617.98088042
1605 1619.05289711
1606 1620.12495767
1607 1621.19706345
1608 1622.26921157
1609 1623.3414048
1610 1624.41364025
1611 1625.4859207
1612 1626.55824325
1613 1627.63061068
1614 1628.7030201
1615 1629.77547224
1616 1630.8479683
1617 1631.92050759
1618 1632.99309148
1619 1634.06571707
1620 1635.13838714
1621 1636.21109878
1622 1637.2838548
1623 1638.35665228
1624 1639.42949402
1625 1640.5023771
1626 1641.57530433
1627 1642.64827279
1628 1643.72128177
1629 1644.7943368
1630 1645.86743289
1631 1646.94057283
1632 1648.01375372
1633 1649.08697835
1634 1650.1602438
1635 1651.23355289
1636 1652.30690268
1637 1653.380296
1638 1654.45372991
1639 1655.52720578
1640 1656.60072501
1641 1657.67428257
1642 1658.74788545
1643 1659.82152864
1644 1660.89521495
1645 1661.96894145
1646 1663.04271096
1647 1664.11652054
1648 1665.19037302
1649 1666.26426546
1650 1667.33819924
1651 1668.41217575
1652 1669.48619204
1653 1670.56024885
1654 1671.63434743
1655 1672.70848851
1656 1673.78266915
1657 1674.85689218
1658 1675.93115464
1659 1677.00545939
1660 1678.07980346
1661 1679.15418825
1662 1680.22861515
1663 1681.3030812
1664 1682.37758925
1665 1683.45213634
1666 1684.52672319
1667 1685.60135109
1668 1686.67602076
1669 1687.75072924
1670 1688.82547792
1671 1689.90026821
1672 1690.97509714
1673 1692.04996757
1674 1693.12487651
1675 1694.19982684
1676 1695.27481557
1677 1696.34984558
1678 1697.42491388
1679 1698.5000212
1680 1699.57516884
1681 1700.65035606
1682 1701.72558428
1683 1702.8008505
1684 1703.87615761
1685 1704.95150261
1686 1706.02688838
1687 1707.10231193
1688 1708.17777614
1689 1709.25327802
1690 1710.32882044
1691 1711.40439825
1692 1712.48001719
1693 1713.55567651
1694 1714.63137321
1695 1715.70711019
1696 1716.78288443
1697 1717.85869883
1698 1718.93455038
1699 1720.01044199
1700 1721.08637063
1701 1722.16233921
1702 1723.23834472
1703 1724.31438858
1704 1725.39047003
1705 1726.46659041
1706 1727.54275046
1707 1728.61894715
1708 1729.6951834
1709 1730.77145617
1710 1731.84776839
1711 1732.92411702
1712 1734.00050499
1713 1735.07692925
1714 1736.15339125
1715 1737.22989242
1716 1738.30642973
1717 1739.38300389
1718 1740.45961626
1719 1741.53626759
1720 1742.61295482
1721 1743.6896809
1722 1744.76644276
1723 1745.84324336
1724 1746.92007963
1725 1747.99695303
1726 1749.07386499
1727 1750.15081246
1728 1751.22779839
1729 1752.3048175
1730 1753.38187717
1731 1754.45897213
1732 1755.53610533
1733 1756.6132737
1734 1757.69048019
1735 1758.76772175
1736 1759.84499982
1737 1760.92231585
1738 1761.99966678
1739 1763.07705556
1740 1764.15447912
1741 1765.23194043
1742 1766.30943417
1743 1767.38696778
1744 1768.46453595
1745 1769.54214164
1746 1770.61978178
1747 1771.69745783
1748 1772.77517123
1749 1773.85291892
1750 1774.93070386
1751 1776.00852297
1752 1777.08637922
1753 1778.16426953
1754 1779.24219687
1755 1780.3201559
1756 1781.39815412
1757 1782.47618617
1758 1783.55425351
1759 1784.63235763
1760 1785.7104954
1761 1786.78866984
1762 1787.86687782
1763 1788.94512236
1764 1790.02340034
1765 1791.10171476
1766 1792.18006251
1767 1793.25844279
1768 1794.33686163
1769 1795.41531362
1770 1796.49380179
1771 1797.57232302
1772 1798.6508803
1773 1799.72947053
1774 1800.80809672
1775 1801.88675573
1776 1802.9654506
1777 1804.04417818
1778 1805.12293997
1779 1806.20173744
1780 1807.28056517
1781 1808.35943078
1782 1809.43832883
1783 1810.51726235
1784 1811.59622821
1785 1812.67522943
1786 1813.75426287
1787 1814.83333157
1788 1815.91243238
1789 1816.9915668
1790 1818.07073631
1791 1819.14993777
1792 1820.22917421
1793 1821.30844018
1794 1822.38774335
1795 1823.46707824
1796 1824.54644791
1797 1825.62584919
1798 1826.70528514
1799 1827.7847526
1800 1828.86425307
1801 1829.94378804
1802 1831.02335435
1803 1832.10295507
1804 1833.18258702
1805 1834.26225092
1806 1835.34194829
1807 1836.42167984
1808 1837.5014424
1809 1838.58123905
1810 1839.6610666
1811 1840.74092656
1812 1841.82082044
1813 1842.90074506
1814 1843.9807035
1815 1845.06069257
1816 1846.14071534
1817 1847.22076864
1818 1848.30085319
1819 1849.3809705
1820 1850.4611213
1821 1851.54130241
1822 1852.62151534
1823 1853.7017616
1824 1854.78203801
1825 1855.86234764
1826 1856.94268731
1827 1858.0230601
1828 1859.10346281
1829 1860.18389855
1830 1861.26436409
1831 1862.33056089
1832 1863.39675386
1833 1864.46293976
1834 1865.52912167
1835 1866.59529636
1836 1867.66146927
1837 1868.72763241
1838 1869.79379124
1839 1870.85994251
1840 1871.92608773
1841 1872.99222839
1842 1874.05836364
1843 1875.1244918
1844 1876.19061199
1845 1877.2567273
1846 1878.3228345
1847 1879.38893507
1848 1880.45503293
1849 1881.52112002
1850 1882.58720184
1851 1883.65327513
1852 1884.71934299
1853 1885.78540216
1854 1886.85145655
1855 1887.91750286
1856 1888.98354024
1857 1890.04957179
1858 1891.11559424
1859 1892.1816107
1860 1893.24762033
1861 1894.31361979
1862 1895.37961302
1863 1896.44559676
1864 1897.51157411
1865 1898.57754179
1866 1899.64350536
1867 1900.70945668
1868 1901.7753997
1869 1902.84133594
1870 1903.90726211
1871 1904.97318135
1872 1906.03909279
1873 1907.10499471
1874 1908.17088624
1875 1909.2367689
1876 1910.30264424
1877 1911.36850894
1878 1912.43436861
1879 1913.50021504
1880 1914.56605382
1881 1915.63188166
1882 1916.69770008
1883 1917.76351062
1884 1918.82931242
1885 1919.89510373
1886 1920.9608837
1887 1922.02665546
1888 1923.09241572
1889 1924.15816848
1890 1925.22391034
1891 1926.28964045
1892 1927.35536198
1893 1928.4210716
1894 1929.48677248
1895 1930.55246376
1896 1931.61814205
1897 1932.68381136
1898 1933.74946838
1899 1934.81511625
1900 1935.88075167
1901 1936.94638027
1902 1938.01199378
1903 1939.07759621
1904 1940.14318912
1905 1941.20876918
1906 1942.27433955
1907 1943.33989939
1908 1944.40544692
1909 1945.47098127
1910 1946.536504
1911 1947.60201667
1912 1948.66751592
1913 1949.73300745
1914 1950.79848291
1915 1951.863948
1916 1952.92939936
1917 1953.99484019
1918 1955.06026714
1919 1956.12568427
1920 1957.19108813
1921 1958.25647787
1922 1959.3218567
1923 1960.38722125
1924 1961.45257473
1925 1962.51791629
1926 1963.58324247
1927 1964.64855735
1928 1965.71385756
1929 1966.77914631
1930 1967.84442024
1931 1968.90968508
1932 1969.97493242
1933 1971.04016635
1934 1972.10538844
1935 1973.17059531
1936 1974.23579019
1937 1975.30097224
1938 1976.3661396
1939 1977.43129144
1940 1978.49642933
1941 1979.56155484
1942 1980.62666459
1943 1981.69176435
1944 1982.75684566
1945 1983.82191429
1946 1984.88696684
1947 1985.95200491
1948 1987.01703006
1949 1988.08204147
1950 1989.14703726
1951 1990.21201659
1952 1991.27698271
1953 1992.34193221
1954 1993.40686669
1955 1994.47179028
1956 1995.53669448
1957 1996.60158507
1958 1997.66645867
1959 1998.73131852
1960 1999.79616379
1961 2000.86099092
1962 2001.92580408
1963 2002.99059986
1964 2004.05538151
1965 2005.12014563
1966 2006.18489805
1967 2007.2496302
1968 2008.31434625
1969 2009.3790478
1970 2010.44373142
1971 2011.5084004
1972 2012.57305388
1973 2013.63768998
1974 2014.70230785
1975 2015.76690908
1976 2016.83149529
1977 2017.89606304
1978 2018.96061821
1979 2020.02515217
1980 2021.0896708
1981 2022.15417067
1982 2023.21865337
1983 2024.28312052
1984 2025.34757129
1985 2026.41200374
1986 2027.47641706
1987 2028.54081451
1988 2029.60519268
1989 2030.66955315
1990 2031.73390015
1991 2032.79822503
1992 2033.86253367
1993 2034.92682263
1994 2035.99109522
1995 2037.05534798
1996 2038.11958684
1997 2039.1838031
1998 2040.24800099
1999 2041.31218213
2000 2042.37634307
2001 2043.4404871
2002 2044.50461342
2003 2045.56872005
2004 2046.63280618
2005 2047.69687341
2006 2048.76092338
2007 2049.82495262
2008 2050.88896707
2009 2051.952958
2010 2053.01693137
2011 2054.0808837
2012 2055.14481662
2013 2056.20873175
2014 2057.27262827
2015 2058.33650421
2016 2059.40035873
2017 2060.46419518
2018 2061.52801006
2019 2062.59180501
2020 2063.65558431
2021 2064.71933918
2022 2065.78307559
2023 2066.84679007
2024 2067.91048594
2025 2068.9741624
2026 2070.03781575
2027 2071.10145027
2028 2072.16506249
2029 2073.22865575
2030 2074.29222654
2031 2075.3557809
2032 2076.41930998
2033 2077.48281809
2034 2078.54630687
2035 2079.60977283
2036 2080.6732193
2037 2081.73664548
2038 2082.80004936
2039 2083.86343011
2040 2084.92678937
2041 2085.9901288
2042 2087.05344487
2043 2088.11674365
2044 2089.18001624
2045 2090.2432687
2046 2091.30649752
2047 2092.36970434
2048 2093.4328908
2049 2094.49605611
2050 2095.55919821
2051 2096.62231631
2052 2097.68541376
2053 2098.74848705
2054 2099.81153784
2055 2100.87457047
2056 2101.93757601
2057 2103.00056055
2058 2104.06352057
2059 2105.12645943
2060 2106.18937362
2061 2107.25226751
2062 2108.31513732
2063 2109.37798224
2064 2110.44080564
2065 2111.503604
2066 2112.56638072
2067 2113.62913497
2068 2114.69186297
2069 2115.75456909
2070 2116.81724982
2071 2117.87990853
2072 2118.94254169
2073 2120.00515543
2074 2121.06774073
2075 2122.13030374
2076 2123.1928409
2077 2124.25535389
2078 2125.31784436
2079 2126.38031151
2080 2127.44275327
2081 2128.50516881
2082 2129.56756156
2083 2130.62992795
2084 2131.69226966
2085 2132.75459112
2086 2133.81688324
2087 2134.87915222
2088 2135.94139447
2089 2137.00361344
2090 2138.0658083
2091 2139.12797521
2092 2140.19011862
2093 2141.25223495
2094 2142.31432762
2095 2143.37639308
2096 2144.43843751
2097 2145.5004518
2098 2146.56244041
2099 2147.62440501
2100 2148.68634203
2101 2149.74825491
2102 2150.81014284
2103 2151.8720037
2104 2152.93383669
2105 2153.99564349
2106 2155.05742579
2107 2156.11918001
2108 2157.18091238
2109 2158.24261373
2110 2159.3042903
2111 2160.3659385
2112 2161.42756001
2113 2162.48915653
2114 2163.55072727
2115 2164.61227007
2116 2165.67378415
2117 2166.73527295
2118 2167.79673288
2119 2168.85816563
2120 2169.91957571
2121 2170.98095389
2122 2172.04230646
2123 2173.10362979
2124 2174.16492736
2125 2175.22619556
2126 2176.28743891
2127 2177.34865346
2128 2178.40983844
2129 2179.4709973
2130 2180.53212644
2131 2181.59322933
2132 2182.65430518
2133 2183.71535003
2134 2184.77636843
2135 2185.83735675
2136 2186.89831848
2137 2187.95924998
2138 2189.02015758
2139 2190.08103199
2140 2191.14187774
2141 2192.20269654
2142 2193.26348478
2143 2194.32424593
2144 2195.38497921
2145 2196.44568243
2146 2197.50635479
2147 2198.56699801
2148 2199.62761381
2149 2200.68819853
2150 2201.74875855
2151 2202.80928451
2152 2203.86978276
2153 2204.93024967
2154 2205.99068874
2155 2207.05109632
2156 2208.11147699
2157 2209.17182676
2158 2210.23214484
2159 2211.29243472
2160 2212.35269278
2161 2213.41292538
2162 2214.47312314
2163 2215.53329064
2164 2216.59342962
2165 2217.65353642
2166 2218.71361455
2167 2219.77366324
2168 2220.83368025
2169 2221.8936648
2170 2222.95361862
2171 2224.01354343
2172 2225.07343557
2173 2226.13330146
2174 2227.19313165
2175 2228.25293256
2176 2229.31270053
2177 2230.37243728
2178 2231.43214456
2179 2232.49182157
2180 2233.55146607
2181 2234.61107728
2182 2235.67065874
2183 2236.73020677
2184 2237.7897231
2185 2238.84921239
2186 2239.90866513
2187 2240.96808778
2188 2242.02747666
2189 2243.08683531
2190 2244.14616005
2191 2245.20545553
2192 2246.26471767
2193 2247.32394569
2194 2248.38314315
2195 2249.44230636
2196 2250.50143887
2197 2251.6605838
2198 2252.81977815
2199 2253.97901709
2200 2255.13830457
2201 2256.29763829
2202 2257.45702219
2203 2258.61645145
2204 2259.77592668
2205 2260.93545185
2206 2262.09502211
2207 2263.25463809
2208 2264.41430376
2209 2265.57401132
2210 2266.73377023
2211 2267.89357563
2212 2269.05342266
2213 2270.21332078
2214 2271.37326219
2215 2272.53325088
2216 2273.69328746
2217 2274.85336706
2218 2276.01349369
2219 2277.173665
2220 2278.333885
2221 2279.49414881
2222 2280.65445703
2223 2281.8148137
2224 2282.97521095
2225 2284.13565831
2226 2285.29615088
2227 2286.45668378
2228 2287.61726654
2229 2288.77789128
2230 2289.93856204
2231 2291.09927944
2232 2292.26003856
2233 2293.42084345
2234 2294.58169174
2235 2295.74258747
2236 2296.90352573
2237 2298.06450712
2238 2299.22553572
2239 2300.38660659
2240 2301.54772034
2241 2302.7088792
2242 2303.87008076
2243 2305.03132911
2244 2306.19261931
2245 2307.35395197
2246 2308.51533116
2247 2309.67674894
2248 2310.83821494
2249 2311.99972422
2250 2313.16127183
2251 2314.32286741
2252 2315.48450301
2253 2316.64618271
2254 2317.80790712
2255 2318.96967129
2256 2320.13147931
2257 2321.29332877
2258 2322.45522378
2259 2323.61715937
2260 2324.77913615
2261 2325.94115823
2262 2327.10321761
2263 2328.26532398
2264 2329.42747238
2265 2330.58965782
2266 2331.75189001
2267 2332.91416397
2268 2334.07647473
2269 2335.23883198
2270 2336.40122772
2271 2337.56366607
2272 2338.72614764
2273 2339.88866744
2274 2341.05122961
2275 2342.2138317
2276 2343.37647786
2277 2344.5391631
2278 2345.701888
2279 2346.86465674
2280 2348.02746123
2281 2349.19031126
2282 2350.35320182
2283 2351.51612788
2284 2352.67909924
2285 2353.84210781
2286 2355.00515776
2287 2356.16824969
2288 2357.33137859
2289 2358.49454862
2290 2359.65775732
2291 2360.82100887
2292 2361.98429824
2293 2363.14762603
2294 2364.31099642
2295 2365.47440439
2296 2366.63785051
2297 2367.80133901
2298 2368.96486174
2299 2370.12842855
2300 2371.29203441
2301 2372.45567425
2302 2373.61935793
2303 2374.7830773
2304 2375.9468366
2305 2377.11063641
2306 2378.27447166
2307 2379.43834658
2308 2380.60225867
2309 2381.76621216
2310 2382.93020197
2311 2384.0942287
2312 2385.25829659
2313 2386.42239745
2314 2387.58654119
2315 2388.75072274
2316 2389.91493701
2317 2391.07919393
2318 2392.24348528
2319 2393.40781534
2320 2394.57218469
2321 2395.73658824
2322 2396.90103024
2323 2398.06551129
2324 2399.23002628
2325 2400.39457949
2326 2401.55916838
2327 2402.72379722
2328 2403.8884609
2329 2405.05316001
2330 2406.21789884
2331 2407.38266913
2332 2408.54748087
2333 2409.71232895
2334 2410.87720825
2335 2412.04212876
2336 2413.20708222
2337 2414.37207293
2338 2415.53710148
2339 2416.70216272
2340 2417.86726098
2341 2419.03239368
2342 2420.19756514
2343 2421.36277021
2344 2422.52800948
2345 2423.69328727
2346 2424.85859528
2347 2426.02394355
2348 2427.18932695
2349 2428.35474031
2350 2429.5201937
2351 2430.6856788
2352 2431.85119996
2353 2433.01675775
2354 2434.182347
2355 2435.34797207
2356 2436.51363352
2357 2437.67932619
2358 2438.84505444
2359 2440.01081565
2360 2441.1766142
2361 2442.34244491
2362 2443.50830834
2363 2444.67420886
2364 2445.84013811
2365 2447.00610622
2366 2448.172108
2367 2449.33813825
2368 2450.50420713
2369 2451.67030624
2370 2452.83643998
2371 2454.00260891
2372 2455.16880783
2373 2456.33504114
2374 2457.50130619
2375 2458.66760739
2376 2459.83393955
2377 2461.0003032
2378 2462.16670278
2379 2463.33312985
2380 2464.49959461
2381 2465.66609183
2382 2466.8326163
2383 2467.99917823
2384 2469.16577239
2385 2470.33239355
2386 2471.49905194
2387 2472.66573908
2388 2473.83245944
2389 2474.99921356
2390 2476.1659962
2391 2477.33281182
2392 2478.49965772
2393 2479.66653838
2394 2480.83344854
2395 2482.00038875
2396 2483.16736347
2397 2484.33436422
2398 2485.50140126
2399 2486.66846934
2400 2487.83556319
2401 2489.00269312
2402 2490.16985059
2403 2491.33704009
2404 2492.50426218
2405 2493.67151158
2406 2494.83879277
2407 2496.00610306
2408 2497.17344693
2409 2498.3408191
2410 2499.50822013
2411 2500.67565256
2412 2501.84311695
2413 2503.01060801
2414 2504.17813024
2415 2505.34568092
2416 2506.51326457
2417 2507.68087589
2418 2508.84851542
2419 2510.01618769
2420 2511.18388411
2421 2512.35161506
2422 2513.51937524
2423 2514.68715933
2424 2515.85497773
2425 2517.02282182
2426 2518.19069616
2427 2519.35860129
2428 2520.52653188
2429 2521.69449248
2430 2522.86248034
2431 2524.03050001
2432 2525.19854618
2433 2526.36661935
2434 2527.53472412
2435 2528.70285183
2436 2529.87101293
2437 2531.03920209
2438 2532.20741394
2439 2533.37565896
2440 2534.54392849
2441 2535.7122271
2442 2536.88055534
2443 2538.04890784
2444 2539.21728921
2445 2540.38569996
2446 2541.55413475
2447 2542.72259816
2448 2543.8910874
2449 2545.05960709
2450 2546.22815185
2451 2547.39672221
2452 2548.56532278
2453 2549.73394486
2454 2550.90259897
2455 2552.07127973
2456 2553.23998175
2457 2554.40871558
2458 2555.57747248
2459 2556.7462571
2460 2557.91506996
2461 2559.08390565
2462 2560.25276883
2463 2561.42165666
2464 2562.59057381
2465 2563.75951485
2466 2564.92848031
2467 2566.09747486
2468 2567.26648971
2469 2568.43553547
2470 2569.60460672
2471 2570.77369805
2472 2571.94282005
2473 2573.11196732
2474 2574.28113443
2475 2575.45033199
2476 2576.61955122
2477 2577.78879678
2478 2578.95806921
2479 2580.12736306
2480 2581.29668303
2481 2582.46602625
2482 2583.63539742
2483 2584.8047911
2484 2585.97420779
2485 2587.14365222
2486 2588.31311553
2487 2589.48260841
2488 2590.6521254
2489 2591.82166104
2490 2592.99122602
2491 2594.16081149
2492 2595.33042217
2493 2596.50005858
2494 2597.66971523
2495 2598.83939687
2496 2600.0091006
2497 2601.17883116
2498 2602.34858308
2499 2603.51835685
2500 2604.68815723
2501 2605.85797873
2502 2607.02782186
2503 2608.19769138
2504 2609.36757837
2505 2610.53749359
2506 2611.70743155
2507 2612.87738676
2508 2614.04736998
2509 2615.21737228
2510 2616.38739845
2511 2617.55744898
2512 2618.72751837
2513 2619.89761139
2514 2621.06772512
2515 2622.23786435
2516 2623.40802355
2517 2624.57820322
2518 2625.74840817
2519 2626.91862943
2520 2628.08887781
2521 2629.25914781
2522 2630.42943387
2523 2631.59974685
2524 2632.77007776
2525 2633.94043141
2526 2635.11080831
2527 2636.2812029
2528 2637.45162002
2529 2638.62206015
2530 2639.79251775
2531 2640.96299765
2532 2642.13349688
2533 2643.30402028
2534 2644.47456228
2535 2645.6451234
2536 2646.81570845
2537 2647.98630843
2538 2649.15693422
2539 2650.32758026
2540 2651.49824099
2541 2652.66892731
2542 2653.83963019
2543 2655.01035448
2544 2656.18110067
2545 2657.35186319
2546 2658.52264689
2547 2659.69344879
2548 2660.86427376
2549 2662.0351162
2550 2663.20597662
2551 2664.37685988
2552 2665.54775691
2553 2666.71867866
2554 2667.88961955
2555 2669.06057398
2556 2670.23155291
2557 2671.40254726
2558 2672.57356192
2559 2673.74459737
2560 2674.915648
2561 2676.08671872
2562 2677.30614221
2563 2678.5255957
2564 2679.74509017
2565 2680.96461797
2566 2682.18417954
2567 2683.40377775
2568 2684.62341306
2569 2685.84308131
2570 2687.06278295
2571 2688.28252087
2572 2689.50229551
2573 2690.72209918
2574 2691.94194291
2575 2693.16181902
2576 2694.38172795
2577 2695.60167259
2578 2696.82165339
2579 2698.04166619
2580 2699.26171142
2581 2700.481792
2582 2701.70190836
2583 2702.9220528
2584 2704.14223638
2585 2705.36245139
2586 2706.58269827
2587 2707.80297994
2588 2709.02329684
2589 2710.24364478
2590 2711.46402422
2591 2712.68443807
2592 2713.90488679
2593 2715.12536261
2594 2716.34587667
2595 2717.56642121
2596 2718.78699668
2597 2720.00760806
2598 2721.22824965
2599 2722.44892544
2600 2723.66962768
2601 2724.89036751
2602 2726.11113718
2603 2727.3319371
2604 2728.55277025
2605 2729.77363705
2606 2730.99452972
2607 2732.21545945
2608 2733.43641845
2609 2734.65741073
2610 2735.8784285
2611 2737.09948297
2612 2738.32056632
2613 2739.54167901
2614 2740.76282399
2615 2741.98400171
2616 2743.20520435
2617 2744.42644314
2618 2745.64771026
2619 2746.86900976
2620 2748.09033379
2621 2749.31169362
2622 2750.5330814
2623 2751.75449758
2624 2752.97594515
2625 2754.19742453
2626 2755.41892789
2627 2756.6404665
2628 2757.86203251
2629 2759.08362998
2630 2760.30525104
2631 2761.526907
2632 2762.74858999
2633 2763.97030044
2634 2765.19204137
2635 2766.4138132
2636 2767.63560807
2637 2768.85743729
2638 2770.07929299
2639 2771.30117923
2640 2772.52308813
2641 2773.74503103
2642 2774.96700004
2643 2776.18899558
2644 2777.41102069
2645 2778.6330758
2646 2779.85515301
2647 2781.07726367
2648 2782.2993999
2649 2783.52156576
2650 2784.74375334
2651 2785.96597402
2652 2787.1882199
2653 2788.41049139
2654 2789.63279363
2655 2790.85512079
2656 2792.07747329
2657 2793.29985419
2658 2794.5222639
2659 2795.74469817
2660 2796.9671574
2661 2798.18964467
2662 2799.4121604
2663 2800.63469664
2664 2801.85726484
2665 2803.07985704
2666 2804.30247365
2667 2805.52511777
2668 2806.7477898
2669 2807.97048548
2670 2809.1932052
2671 2810.41595207
2672 2811.6387265
2673 2812.86152051
2674 2814.08434559
2675 2815.30719377
2676 2816.53006545
2677 2817.75296374
2678 2818.97588905
2679 2820.19883709
2680 2821.42180826
2681 2822.6448057
2682 2823.86782979
2683 2825.09087255
2684 2826.31394549
2685 2827.53704063
2686 2828.76015836
2687 2829.98330181
2688 2831.20647138
2689 2832.42966279
2690 2833.65287641
2691 2834.87611541
2692 2836.09938018
2693 2837.32266269
2694 2838.54597452
2695 2839.76930764
2696 2840.99266243
2697 2842.21604207
2698 2843.43944694
2699 2844.66287275
2700 2845.88631987
2701 2847.10979148
2702 2848.33328797
2703 2849.55680128
2704 2850.78034305
2705 2852.0039052
2706 2853.22748813
2707 2854.45109502
2708 2855.67472626
2709 2856.89837754
2710 2858.12204923
2711 2859.34574664
2712 2860.56946383
2713 2861.79320115
2714 2863.01696183
2715 2864.24074623
2716 2865.46454628
2717 2866.68837365
2718 2867.91222025
2719 2869.13609023
2720 2870.35997549
2721 2871.58388772
2722 2872.80781883
2723 2874.03176918
2724 2875.25574201
2725 2876.4797377
2726 2877.70374811
2727 2878.92778499
2728 2880.15184021
2729 2881.37591793
2730 2882.60001002
2731 2883.82412823
2732 2885.04826443
2733 2886.27241898
2734 2887.49659514
2735 2888.72079327
2736 2889.94500524
2737 2891.1692428
2738 2892.39349783
2739 2893.61777448
2740 2894.8420646
2741 2896.06637998
2742 2897.29071247
2743 2898.51506243
2744 2899.73943312
2745 2900.96382491
2746 2902.18822965
2747 2903.41265912
2748 2904.63710518
2749 2905.86157199
2750 2907.08605138
2751 2908.31055517
2752 2909.53507519
2753 2910.75961179
2754 2911.98416827
2755 2913.20874498
2756 2914.43333373
2757 2915.65794638
2758 2916.88257473
2759 2918.10722297
2760 2919.33188289
2761 2920.55656637
2762 2921.7812652
2763 2923.00597973
2764 2924.23071327
2765 2925.45546619
2766 2926.68023026
2767 2927.90501738
2768 2929.12982147
2769 2930.35464029
2770 2931.57947421
2771 2932.80432654
2772 2934.02919764
2773 2935.25407928
2774 2936.47898337
2775 2937.70390167
2776 2938.92883454
2777 2940.15378532
2778 2941.37875435
2779 2942.60373725
2780 2943.82873436
2781 2945.05374904
2782 2946.27878163
2783 2947.50382387
2784 2948.72888773
2785 2949.95396493
2786 2951.17905583
2787 2952.40416378
2788 2953.62928913
2789 2954.85442749
2790 2956.07957918
2791 2957.3047476
2792 2958.52993308
2793 2959.75512732
2794 2960.98034234
2795 2962.20556985
2796 2963.43081018
2797 2964.65606672
2798 2965.88133982
2799 2967.10662505
2800 2968.33192276
2801 2969.55723634
2802 2970.78256614
2803 2972.00790382
2804 2973.23326145
2805 2974.45863071
2806 2975.68401192
2807 2976.90940851
2808 2978.1348208
2809 2979.36024437
2810 2980.58567955
2811 2981.81112977
2812 2983.03659535
2813 2984.26206795
2814 2985.48755967
2815 2986.71306216
2816 2987.93857575
2817 2989.16410387
2818 2990.38964685
2819 2991.61520026
2820 2992.84076442
2821 2994.06634278
2822 2995.29193566
2823 2996.51753469
2824 2997.74315201
2825 2998.96878143
2826 3000.19441674
2827 3001.4200701
2828 3002.64573313
2829 3003.87141008
2830 3005.09709259
2831 3006.32279281
2832 3007.54850236
2833 3008.77422155
2834 3009.99995386
2835 3011.2256996
2836 3012.45145036
2837 3013.67721836
2838 3014.90299517
2839 3016.12878112
2840 3017.35457968
2841 3018.58039118
2842 3019.80621116
2843 3021.03203993
2844 3022.25788098
2845 3023.48373464
2846 3024.70959247
2847 3025.9354667
2848 3027.16134891
2849 3028.38723941
2850 3029.6131417
2851 3030.83905609
2852 3032.06497812
2853 3033.2909081
2854 3034.51684954
2855 3035.74280275
2856 3036.96875928
2857 3038.1947314
2858 3039.42071066
2859 3040.64669736
2860 3041.87269503
2861 3043.09870397
2862 3044.32471972
2863 3045.55074257
2864 3046.77677607
2865 3048.00282051
2866 3049.22886741
2867 3050.4549291
2868 3051.68099709
2869 3052.90707168
2870 3054.13315643
2871 3055.35925163
2872 3056.5853528
2873 3057.81146023
2874 3059.03757749
2875 3060.26370487
2876 3061.48983386
2877 3062.71597684
2878 3063.94212529
2879 3065.1682795
2880 3066.39444306
2881 3067.62061624
2882 3068.84679677
2883 3070.07297832
2884 3071.2991733
2885 3072.52537317
2886 3073.75157821
2887 3074.97779203
2888 3076.20401491
2889 3077.43023831
2890 3078.65647464
2891 3079.88271538
2892 3081.10896485
2893 3082.3352145
2894 3083.56147678
2895 3084.78774313
2896 3086.01401382
2897 3087.24029248
2898 3088.46657938
2899 3089.69286596
2900 3090.91916469
2901 3092.145467
2902 3093.37177723
2903 3094.5980868
2904 3095.8244082
2905 3097.05073285
2906 3098.27706101
2907 3099.50339635
2908 3100.72973912
2909 3101.95608073
2910 3103.18243369
2911 3104.40878942
2912 3105.63515226
2913 3106.8615136
2914 3108.08788599
2915 3109.31426081
2916 3110.54063832
2917 3111.7670222
2918 3112.99341271
2919 3114.21980123
2920 3115.44620031
2921 3116.67260135
2922 3117.89900869
2923 3119.1254137
2924 3120.35182897
2925 3121.57824587
2926 3122.80466463
2927 3124.11078957
2928 3125.41695713
2929 3126.7231669
2930 3128.02942512
2931 3129.33572346
2932 3130.64206817
2933 3131.94845882
2934 3133.25488931
2935 3134.56136589
2936 3135.86788401
2937 3137.17444993
2938 3138.48105754
2939 3139.78770639
2940 3141.09440278
2941 3142.40114056
2942 3143.70791931
2943 3145.01474531
2944 3146.32161019
2945 3147.62852022
2946 3148.93547085
2947 3150.24246836
2948 3151.5495066
2949 3152.85658515
2950 3154.16371031
2951 3155.47087591
2952 3156.77808155
2953 3158.08533351
2954 3159.39262564
2955 3160.69995751
2956 3162.00733128
2957 3163.31475325
2958 3164.62221053
2959 3165.92970942
2960 3167.237254
2961 3168.54483808
2962 3169.85246125
2963 3171.16012984
2964 3172.46783764
2965 3173.77558426
2966 3175.08337183
2967 3176.39120671
2968 3177.69907593
2969 3179.00698584
2970 3180.31494277
2971 3181.62293377
2972 3182.93096517
2973 3184.23904332
2974 3185.54715526
2975 3186.85530732
2976 3188.16350361
2977 3189.4717379
2978 3190.78000979
2979 3192.08832144
2980 3193.3966792
2981 3194.70507009
2982 3196.01350045
2983 3197.32197667
2984 3198.63048571
2985 3199.93903397
2986 3201.2476278
2987 3202.55625418
2988 3203.86491949
2989 3205.17362589
2990 3206.48237299
2991 3207.79115453
2992 3209.09997463
2993 3210.40883967
2994 3211.71773661
2995 3213.02667183
2996 3214.33565174
2997 3215.64466325
2998 3216.95371277
2999 3218.26280247
3000 3219.57193197
3001 3220.88109497
3002 3222.19029787
3003 3223.4995403
3004 3224.80881594
3005 3226.11813122
3006 3227.42748576
3007 3228.73687323
3008 3230.0462978
3009 3231.35576163
3010 3232.66526436
3011 3233.97479966
3012 3235.28437395
3013 3236.59398688
3014 3237.90363209
3015 3239.21331602
3016 3240.52303831
3017 3241.83279261
3018 3243.14258536
3019 3244.4524162
3020 3245.76227878
3021 3247.07217726
3022 3248.38211383
3023 3249.69208813
3024 3251.0020938
3025 3252.31213728
3026 3253.62221823
3027 3254.93233026
3028 3256.24247984
3029 3257.55266662
3030 3258.8628842
3031 3260.17313906
3032 3261.48342656
3033 3262.79375317
3034 3264.1041125
3035 3265.41450419
3036 3266.72493474
3037 3268.03539544
3038 3269.3458928
3039 3270.65642646
3040 3271.96699001
3041 3273.27758993
3042 3274.58822159
3043 3275.89889148
3044 3277.20959317
3045 3278.52032632
3046 3279.83109744
3047 3281.14190008
3048 3282.45273392
3049 3283.76360545
3050 3285.07450824
3051 3286.38544195
3052 3287.69640877
3053 3289.00741294
3054 3290.318448
3055 3291.62951362
3056 3292.94061633
3057 3294.25174965
3058 3295.56291326
3059 3296.8741137
3060 3298.18534449
3061 3299.49660529
3062 3300.80790265
3063 3302.11923009
3064 3303.43058728
3065 3304.74197642
3066 3306.05340406
3067 3307.36485683
3068 3308.67634128
3069 3309.98786169
3070 3311.29941154
3071 3312.61099051
3072 3313.92260517
3073 3315.234249
3074 3316.54592168
3075 3317.85762543
3076 3319.16936681
3077 3320.48113241
3078 3321.79292881
3079 3323.10476258
3080 3324.4166203
3081 3325.72850855
3082 3327.04043162
3083 3328.35238297
3084 3329.66436227
3085 3330.97637175
3086 3332.28841801
3087 3333.60048757
3088 3334.91258705
3089 3336.22472304
3090 3337.53688208
3091 3338.84907075
3092 3340.16129569
3093 3341.4735434
3094 3342.78582048
3095 3344.09812917
3096 3345.41046916
3097 3346.72283386
3098 3348.0352276
3099 3349.34765699
3100 3350.66010852
3101 3351.97258881
3102 3353.28510451
3103 3354.59764208
3104 3355.91020814
3105 3357.22280936
3106 3358.53543217
3107 3359.84808322
3108 3361.16076474
3109 3362.47347644
3110 3363.78621168
3111 3365.09897713
3112 3366.41177251
3113 3367.72459117
3114 3369.03743745
3115 3370.35031803
3116 3371.66321931
3117 3372.97614796
3118 3374.28910621
3119 3375.60209377
3120 3376.915104
3121 3378.22814356
3122 3379.54121219
3123 3380.85430321
3124 3382.16742331
3125 3383.48057221
3126 3384.79374325
3127 3386.1069431
3128 3387.42016704
3129 3388.73342177
3130 3390.04669827
3131 3391.36000325
3132 3392.67333643
3133 3393.98669113
3134 3395.30007404
3135 3396.6134849
3136 3397.92691701
3137 3399.24037707
3138 3400.55386036
3139 3401.86737358
3140 3403.18091002
3141 3404.49446942
3142 3405.80805851
3143 3407.12167055
3144 3408.43530529
3145 3409.74896947
3146 3411.06265401
3147 3412.37636565
3148 3413.69010414
3149 3415.00386273
3150 3416.31764816
3151 3417.63145569
3152 3418.94529205
3153 3420.25915051
3154 3421.5730308
3155 3422.88693968
3156 3424.20087038
3157 3425.51482266
3158 3426.82880328
3159 3428.14280312
3160 3429.45682896
3161 3430.77087602
3162 3432.08495109
3163 3433.39904738
3164 3434.71316464
3165 3436.02730966
3166 3437.34147563
3167 3438.65566231
3168 3439.9698765
3169 3441.28411139
3170 3442.59836673
3171 3443.91264479
3172 3445.22695237
3173 3446.5412756
3174 3447.8556213
3175 3449.16999392
3176 3450.48438663
3177 3451.7987992
3178 3453.11323844
3179 3454.42769751
3180 3455.74217619
3181 3457.05667673
3182 3458.37120596
3183 3459.68574999
3184 3461.00031562
3185 3462.3149097
3186 3463.6295183
3187 3464.94414827
3188 3466.25880643
3189 3467.57347886
3190 3468.8881724
3191 3470.20289152
3192 3471.51762937
3193 3472.83238572
3194 3474.14716283
3195 3475.46196756
3196 3476.77678596
3197 3478.09162488
3198 3479.40649116
3199 3480.72137085
3200 3482.03627081
3201 3483.35119789
3202 3484.66613812
3203 3485.98109836
3204 3487.29608089
3205 3488.6110855
3206 3489.92610527
3207 3491.24114472
3208 3492.55621072
3209 3493.87128927
3210 3495.18638725
3211 3496.50151153
3212 3497.81664811
3213 3499.13180386
3214 3500.44698106
3215 3501.76217952
3216 3503.07739229
3217 3504.39262626
3218 3505.70788125
3219 3507.02315029
3220 3508.33844028
3221 3509.65375105
3222 3510.96907561
3223 3512.28441851
3224 3513.59978204
3225 3514.915166
3226 3516.23056343
3227 3517.54598123
3228 3518.86141923
3229 3520.17687043
3230 3521.49234176
3231 3522.80783304
3232 3524.12333727
3233 3525.43886139
3234 3526.75440521
3235 3528.06996172
3236 3529.3855355
3237 3530.70112884
3238 3532.01674154
3239 3533.33236662
3240 3534.64801099
3241 3535.9636745
3242 3537.27935013
3243 3538.59504481
3244 3539.91075838
3245 3541.22648381
3246 3542.54222805
3247 3543.85798627
3248 3545.17376544
3249 3546.4895585
3250 3547.8053653
3251 3549.12119279
3252 3550.43703156
3253 3551.75288857
3254 3553.06876366
3255 3554.38464976
3256 3555.70055387
3257 3557.01647113
3258 3558.33240853
3259 3559.64835899
3260 3560.96432236
3261 3562.28030563
3262 3563.59630172
3263 3564.91231047
3264 3566.22833888
3265 3567.54437986
3266 3568.86043325
3267 3570.17650136
3268 3571.4925888
3269 3572.80868849
3270 3574.12480026
3271 3575.44093113
3272 3576.75707399
3273 3578.0732287
3274 3579.38940226
3275 3580.70558757
3276 3582.02178447
3277 3583.338
3278 3584.65422702
3279 3585.97046539
3280 3587.28671742
3281 3588.60299015
3282 3589.91926926
3283 3591.23556179
3284 3592.55187238
3285 3593.8681939
3286 3595.1845262
3287 3596.50087632
3288 3597.81723712
3289 3599.13360846
3290 3600.44999265
3291 3601.76639675
3292 3603.0828064
3293 3604.39922866
3294 3605.7156706
3295 3607.15002604
3296 3608.58444847
3297 3610.01892828
3298 3611.45347487
3299 3612.88808341
3300 3614.32274903
3301 3615.75748114
3302 3617.19227014
3303 3618.62712544
3304 3620.06203982
3305 3621.49701791
3306 3622.93205725
3307 3624.36715297
3308 3625.80231451
3309 3627.23753222
3310 3628.67281557
3311 3630.10815489
3312 3631.54355965
3313 3632.97902738
3314 3634.41454837
3315 3635.85013452
3316 3637.28577614
3317 3638.72148271
3318 3640.15724457
3319 3641.59307118
3320 3643.02895767
3321 3644.46489914
3322 3645.90090508
3323 3647.33696821
3324 3648.77309321
3325 3650.20927279
3326 3651.64551647
3327 3653.08181933
3328 3654.51817647
3329 3655.95459742
3330 3657.39107244
3331 3658.82761108
3332 3660.26420361
3333 3661.70086197
3334 3663.1375716
3335 3664.57434446
3336 3666.01117563
3337 3667.44806019
3338 3668.88500769
3339 3670.32200838
3340 3671.75907182
3341 3673.19618826
3342 3674.63336968
3343 3676.07060631
3344 3677.50789563
3345 3678.94524724
3346 3680.38265134
3347 3681.82011752
3348 3683.25763601
3349 3684.69521639
3350 3686.13285373
3351 3687.57054307
3352 3689.00829645
3353 3690.44609921
3354 3691.88396339
3355 3693.32187919
3356 3694.75985622
3357 3696.19788952
3358 3697.63597414
3359 3699.07411971
3360 3700.5123164
3361 3701.95057385
3362 3703.38888465
3363 3704.82725359
3364 3706.26567814
3365 3707.70415332
3366 3709.14268878
3367 3710.58127468
3368 3712.01992068
3369 3713.45861691
3370 3714.89737306
3371 3716.33618413
3372 3717.77504759
3373 3719.21396824
3374 3720.65293864
3375 3722.09196848
3376 3723.53104787
3377 3724.97018652
3378 3726.40937943
3379 3727.8486216
3380 3729.28792274
3381 3730.72727539
3382 3732.16668438
3383 3733.60614224
3384 3735.04565871
3385 3736.48522876
3386 3737.9248474
3387 3739.36452435
3388 3740.80424968
3389 3742.24403315
3390 3743.68386481
3391 3745.12375685
3392 3746.56369938
3393 3748.00368981
3394 3749.44373791
3395 3750.88383371
3396 3752.32398698
3397 3753.76418778
3398 3755.20444586
3399 3756.6447562
3400 3758.08511377
3401 3759.52553079
3402 3760.9659924
3403 3762.40651084
3404 3763.84707612
3405 3765.28769803
3406 3766.72837154
3407 3768.16909161
3408 3769.60986803
3409 3771.05069081
3410 3772.49157222
3411 3773.93249734
3412 3775.37347846
3413 3776.81451051
3414 3778.25558843
3415 3779.69672208
3416 3781.1379014
3417 3782.57913626
3418 3784.0204166
3419 3785.4617523
3420 3786.90314072
3421 3788.3445719
3422 3789.78605814
3423 3791.2275894
3424 3792.66917554
3425 3794.1108065
3426 3795.55249217
3427 3796.99422745
3428 3798.43600727
3429 3799.87784152
3430 3801.31972256
3431 3802.76165539
3432 3804.20363238
3433 3805.64566342
3434 3807.08774342
3435 3808.5298673
3436 3809.97204496
3437 3811.41426629
3438 3812.85654122
3439 3814.29886211
3440 3815.74123394
3441 3817.1836541
3442 3818.62611745
3443 3820.06863394
3444 3821.51119345
3445 3822.95380592
3446 3824.39646121
3447 3825.83916927
3448 3827.281925
3449 3828.72472573
3450 3830.16757651
3451 3831.61046962
3452 3833.05341507
3453 3834.49640267
3454 3835.93944241
3455 3837.38252917
3456 3838.8256578
3457 3840.26883829
3458 3841.71206048
3459 3843.15533682
3460 3844.59865219
3461 3846.04201907
3462 3847.48543231
3463 3848.92888677
3464 3850.37239246
3465 3851.81593918
3466 3853.25953695
3467 3854.70317556
3468 3856.14686505
3469 3857.59060272
3470 3859.03437848
3471 3860.47820484
3472 3861.92207157
3473 3863.36598873
3474 3864.80994606
3475 3866.25395364
3476 3867.69800629
3477 3869.14209884
3478 3870.58624384
3479 3872.03042608
3480 3873.47465811
3481 3874.91892966
3482 3876.36325083
3483 3877.80761643
3484 3879.25202128
3485 3880.69647547
3486 3882.14096871
3487 3883.58551113
3488 3885.03009489
3489 3886.47472517
3490 3887.91939923
3491 3889.36411189
3492 3890.80887326
3493 3892.25367304
3494 3893.69852136
3495 3895.1434079
3496 3896.5883428
3497 3898.03332085
3498 3899.47833933
3499 3900.92340342
3500 3902.36850526
3501 3903.81365502
3502 3905.25884235
3503 3906.70407742
3504 3908.149355
3505 3909.59466988
3506 3911.04003222
3507 3912.48543416
3508 3913.93088091
3509 3915.37636458
3510 3916.82189536
3511 3918.26746803
3512 3919.71307734
3513 3921.1587335
3514 3922.60442613
3515 3924.05016542
3516 3925.49594099
3517 3926.94176555
3518 3928.38762887
3519 3929.83352818
3520 3931.27947373
3521 3932.72545509
3522 3934.17148251
3523 3935.61754556
3524 3937.06365448
3525 3938.50980403
3526 3939.95598893
3527 3941.40222195
3528 3942.84848764
3529 3944.29479876
3530 3945.74114488
3531 3947.18753625
3532 3948.63396762
3533 3950.0804337
3534 3951.52694478
3535 3952.97349039
3536 3954.42008333
3537 3955.86670811
3538 3957.31337754
3539 3958.76008634
3540 3960.20682921
3541 3961.65361646
3542 3963.10043761
3543 3964.54730297
3544 3965.99420203
3545 3967.44114513
3546 3968.88812948
3547 3970.33514476
3548 3971.78220381
3549 3973.22929612
3550 3974.67643202
3551 3976.123601
3552 3977.5708134
3553 3979.01806392
3554 3980.46534724
3555 3981.91267372
3556 3983.36003533
3557 3984.80743742
3558 3986.25487196
3559 3987.7023493
3560 3989.14986414
3561 3990.59741115
3562 3992.04500071
3563 3993.49262226
3564 3994.94028619
3565 3996.38798193
3566 3997.83572239
3567 3999.28349721
3568 4000.73130356
3569 4002.17915187
3570 4003.62703152
3571 4005.07495296
3572 4006.52290557
3573 4007.97089978
3574 4009.41893025
3575 4010.86699414
3576 4012.31509686
3577 4013.76323031
3578 4015.21140493
3579 4016.65961009
3580 4018.10785625
3581 4019.55613806
3582 4021.00445014
3583 4022.45280296
3584 4023.90118588
3585 4025.34961189
3586 4026.7980653
3587 4028.24655911
3588 4029.69508794
3589 4031.14364643
3590 4032.59224505
3591 4034.04087315
3592 4035.48954122
3593 4036.93823858
3594 4038.38697574
3595 4039.83574984
3596 4041.28455044
3597 4042.73339058
3598 4044.18225957
3599 4045.63116793
3600 4047.08010496
3601 4048.52908119
3602 4049.97809123
3603 4051.42712967
3604 4052.87620959
3605 4054.3253152
3606 4055.77445958
3607 4057.22363201
3608 4058.67284305
3609 4060.12208729
3610 4061.5713593
3611 4063.02066967
3612 4064.47000764
3613 4065.91938379
3614 4067.3687899
3615 4068.81823149
3616 4070.26770567
3617 4071.71720702
3618 4073.16674612
3619 4074.6163122
3620 4076.06591588
3621 4077.51554636
3622 4078.96521426
3623 4080.41491415
3624 4081.86464312
3625 4083.31440671
3626 4084.76419668
3627 4086.21402365
3628 4087.6638768
3629 4089.11376679
3630 4090.56368815
3631 4092.01363545
3632 4093.46361932
3633 4094.91363149
3634 4096.36367753
3635 4097.81374914
3636 4099.263857
3637 4100.71399563
3638 4102.16415958
3639 4103.61435952
3640 4105.0645846
3641 4106.5148455
3642 4107.96513137
3643 4109.41545543
3644 4110.86580713
3645 4112.31618354
3646 4113.76659535
3647 4115.21703169
3648 4116.66750326
3649 4118.11799919
3650 4119.56853018
3651 4121.01909076
3652 4122.46967544
3653 4123.92029748
3654 4125.37094089
3655 4126.82161896
3656 4128.27232077
3657 4129.72305706
3658 4131.2127712
3659 4132.70251527
3660 4134.19227833
3661 4135.68207113
3662 4137.17188272
3663 4138.66172129
3664 4140.15158101
3665 4141.64146464
3666 4143.13137752
3667 4144.62130869
3668 4146.11126891
3669 4147.60124721
3670 4149.09125438
3671 4150.58127943
3672 4152.07133315
3673 4153.56140455
3674 4155.05149897
3675 4156.54161922
3676 4158.0317594
3677 4159.52192776
3678 4161.01211331
3679 4162.50232685
3680 4163.99255737
3681 4165.48281568
3682 4166.97309077
3683 4168.46338801
3684 4169.95371275
3685 4171.44405397
3686 4172.93442251
3687 4174.42480477
3688 4175.91521671
3689 4177.40564473
3690 4178.89609968
3691 4180.38657051
3692 4181.8770626
3693 4183.36758134
3694 4184.85811566
3695 4186.34867642
3696 4187.83925258
3697 4189.32985499
3698 4190.82047258
3699 4192.31111368
3700 4193.80177233
3701 4195.29245136
3702 4196.78315618
3703 4198.27387568
3704 4199.76462077
3705 4201.25538035
3706 4202.74616534
3707 4204.23696461
3708 4205.7277891
3709 4207.21862768
3710 4208.70948577
3711 4210.2003662
3712 4211.69126301
3713 4213.18218456
3714 4214.6731197
3715 4216.16407939
3716 4217.65505248
3717 4219.14604993
3718 4220.63706058
3719 4222.12808987
3720 4223.61914323
3721 4225.11020951
3722 4226.60129708
3723 4228.09239995
3724 4229.58352652
3725 4231.0746656
3726 4232.56582818
3727 4234.05700309
3728 4235.54819576
3729 4237.03941166
3730 4238.53063958
3731 4240.02189054
3732 4241.51315333
3733 4243.00443897
3734 4244.49573366
3735 4245.98705359
3736 4247.47838496
3737 4248.96973324
3738 4250.46110389
3739 4251.95248569
3740 4253.44388968
3741 4254.93530462
3742 4256.42674156
3743 4257.91818926
3744 4259.40965878
3745 4260.90113886
3746 4262.3926324
3747 4263.88415006
3748 4265.37567799
3749 4266.86722727
3750 4268.35878662
3751 4269.85036714
3752 4271.34195754
3753 4272.83356892
3754 4274.32518999
3755 4275.81682624
3756 4277.30848319
3757 4278.80014954
3758 4280.29183381
3759 4281.78352988
3760 4283.27524627
3761 4284.76697168
3762 4286.25871722
3763 4287.75047159
3764 4289.24224029
3765 4290.73402885
3766 4292.22582594
3767 4293.71764271
3768 4295.20946782
3769 4296.70131242
3770 4298.19316257
3771 4299.68503462
3772 4301.17691463
3773 4302.66880812
3774 4304.16072064
3775 4305.65264084
3776 4307.14457987
3777 4308.63652638
3778 4310.12849155
3779 4311.62046401
3780 4313.1124493
3781 4314.60445296
3782 4316.09646104
3783 4317.5884899
3784 4319.08052558
3785 4320.57257927
3786 4322.06463958
3787 4323.55671772
3788 4325.04880229
3789 4326.54089885
3790 4328.03301296
3791 4329.52513322
3792 4331.01727085
3793 4332.50941443
3794 4334.00157261
3795 4335.49373914
3796 4336.98592268
3797 4338.4781118
3798 4339.97031207
3799 4341.46252907
3800 4342.95475136
3801 4344.4469902
3802 4345.93923415
3803 4347.43149446
3804 4348.92375968
3805 4350.41603849
3806 4351.90832462
3807 4353.40062107
3808 4354.89293343
3809 4356.38525024
3810 4357.87758277
3811 4359.36991956
3812 4360.8622719
3813 4362.35462831
3814 4363.84700008
3815 4365.33937573
3816 4366.83176087
3817 4368.32415849
3818 4369.81656232
3819 4371.30898107
3820 4372.80140322
3821 4374.29384011
3822 4375.78628022
3823 4377.27873489
3824 4378.77119259
3825 4380.26365895
3826 4381.7561396
3827 4383.24862299
3828 4384.7411205
3829 4386.23361795
3830 4387.72613195
3831 4389.21864833
3832 4390.71117846
3833 4392.20371077
3834 4393.69625092
3835 4395.18880455
3836 4396.68136009
3837 4398.17392894
3838 4399.66649951
3839 4401.1590832
3840 4402.65166843
3841 4404.144264
3842 4405.63686353
3843 4407.12947007
3844 4408.62208929
3845 4410.11470959
3846 4411.60734238
3847 4413.09997607
3848 4414.59262208
3849 4416.08526879
3850 4417.57792765
3851 4419.07058703
3852 4420.5632526
3853 4422.05592743
3854 4423.54860512
3855 4425.04129451
3856 4426.53398396
3857 4428.02668494
3858 4429.51938579
3859 4431.01209799
3860 4432.50480987
3861 4433.99752714
3862 4435.49025549
3863 4436.98298325
3864 4438.47572192
3865 4439.96845719
3866 4441.46120582
3867 4442.9539535
3868 4444.44671173
3869 4445.93946881
3870 4447.43223048
3871 4448.92500243
3872 4450.41777297
3873 4451.91055362
3874 4453.40333268
3875 4454.89612168
3876 4456.3889089
3877 4457.88170325
3878 4459.37449828
3879 4460.86729706
3880 4462.36010536
3881 4463.85291141
3882 4465.34572679
3883 4466.83853976
3884 4468.33136188
3885 4469.82418139
3886 4471.31700989
3887 4472.8098356
3888 4474.30266165
3889 4475.79549904
3890 4477.28833338
3891 4478.78117627
3892 4480.27401592
3893 4481.76686394
3894 4483.25970854
3895 4484.75256134
3896 4486.24541054
3897 4487.7382619
3898 4489.2311212
3899 4490.72397663
3900 4492.21683719
3901 4493.70969633
3902 4495.20256306
3903 4496.69542556
3904 4498.18829548
3905 4499.68116099
3906 4501.17402787
3907 4502.6669019
3908 4504.15977126
3909 4505.6526476
3910 4507.14551908
3911 4508.63839737
3912 4510.13126798
3913 4511.62414788
3914 4513.11702255
3915 4514.6098978
3916 4516.10277944
3917 4517.59565558
3918 4519.08853794
3919 4520.58141463
3920 4522.07429736
3921 4523.56717425
3922 4525.0600511
3923 4526.55293373
3924 4528.0458076
3925 4529.53868973
3926 4531.03156556
3927 4532.52444684
3928 4534.01732165
3929 4535.51020173
3930 4537.00307516
3931 4538.49594776
3932 4539.98882539
3933 4541.48169609
3934 4542.97457164
3935 4544.4674401
3936 4545.96031058
3937 4547.45317645
3938 4548.94604681
3939 4550.43890973
3940 4551.93177104
3941 4553.42463661
3942 4554.91749446
3943 4556.41035639
3944 4557.90321044
3945 4559.39606839
3946 4560.88891827
3947 4562.3817719
3948 4563.87461463
3949 4565.36745763
3950 4566.86030412
3951 4568.35314211
3952 4569.84598341
3953 4571.33881603
3954 4572.8316518
3955 4574.32447871
3956 4575.81730861
3957 4577.31012947
3958 4578.80294717
3959 4580.2957676
3960 4581.78857608
3961 4583.28138977
3962 4584.774194
3963 4586.26700061
3964 4587.75979758
3965 4589.25259678
3966 4590.74538615
3967 4592.2381716
3968 4593.73095902
3969 4595.22373636
3970 4596.7165155
3971 4598.20928172
3972 4599.70205225
3973 4601.19481234
3974 4602.68757391
3975 4604.18032487
3976 4605.67307113
3977 4607.16581862
3978 4608.65855524
3979 4610.15129292
3980 4611.64401955
3981 4613.13674708
3982 4614.62946339
3983 4616.12217776
3984 4617.61488341
3985 4619.10758359
3986 4620.60028426
3987 4622.09297328
3988 4623.5856626
3989 4625.07834011
3990 4626.57101776
3991 4628.06368342
3992 4629.55634906
3993 4631.04900253
3994 4632.54164978
3995 4634.03429409
3996 4635.52692865
3997 4637.01956277
3998 4638.5121843
3999 4640.00480523
4000 4641.4974134
4001 4642.9900208
4002 4644.48261526
4003 4645.97520274
4004 4647.46778921
4005 4648.96036249
4006 4650.45293459
4007 4651.94549065
4008 4653.43804805
4009 4654.93059191
4010 4656.42313426
4011 4657.91566291
4012 4659.40818382
4013 4660.90070299
4014 4662.39320819
4015 4663.88571148
4016 4665.37820064
4017 4666.87068772
4018 4668.36316049
4019 4669.85562835
4020 4671.34808441
4021 4672.84053199
4022 4674.33297709
4023 4675.82540745
4024 4677.31783518
4025 4678.810248
4026 4680.30265801
4027 4681.79505295
4028 4683.28744493
4029 4684.77982166
4030 4686.27218917
4031 4687.76455078
4032 4689.25689958
4033 4690.749245
4034 4692.24157476
4035 4693.73390099
4036 4695.22621139
4037 4696.71851809
4038 4698.21080878
4039 4699.70308951
4040 4701.19536629
4041 4702.68762683
4042 4704.17988326
4043 4705.67212058
4044 4707.16435634
4045 4708.6565755
4046 4710.14879024
4047 4711.64098822
4048 4713.13317549
4049 4714.6253581
4050 4716.1175237
4051 4717.60968448
4052 4719.10182807
4053 4720.59396669
4054 4722.08608797
4055 4723.57820141
4056 4725.07030003
4057 4726.56238719
4058 4728.05446899
4059 4729.54653301
4060 4731.0385915
4061 4732.53063205
4062 4734.02266691
4063 4735.51468367
4064 4737.00668841
4065 4738.49868722
4066 4739.99066498
4067 4741.48263934
4068 4742.97459518
4069 4744.46654478
4070 4745.95847569
4071 4747.45040019
4072 4748.94230585
4073 4750.43419875
4074 4751.92608501
4075 4753.41795217
4076 4754.90981252
4077 4756.40165361
4078 4757.89348504
4079 4759.38529974
4080 4760.87710732
4081 4762.36889531
4082 4763.86066982
4083 4765.35243697
4084 4766.84418428
4085 4768.33592408
4086 4769.82764387
4087 4771.31935599
4088 4772.81104794
4089 4774.30273206
4090 4775.79439315
4091 4777.28604273
4092 4778.77768425
4093 4780.2693052
4094 4781.76091792
4095 4783.2525099
4096 4784.7440935
4097 4786.23565619
4098 4787.72721035
4099 4789.21874344
4100 4790.71026161
4101 4792.201771
4102 4793.69325638
4103 4795.18473554
4104 4796.67619322
4105 4798.16764182
4106 4799.65906878
4107 4801.1504865
4108 4802.64188242
4109 4804.1332627
4110 4805.62463351
4111 4807.11598228
4112 4808.60732141
4113 4810.09863834
4114 4811.58994278
4115 4813.08122756
4116 4814.5725024
4117 4816.06375471
4118 4817.55499067
4119 4819.04621646
4120 4820.53741947
4121 4822.02861216
4122 4823.51978192
4123 4825.0109412
4124 4826.50207738
4125 4827.99320293
4126 4829.48430251
4127 4830.97538773
4128 4832.4664621
4129 4833.95751296
4130 4835.44855281
4131 4836.939569
4132 4838.43057402
4133 4839.92155521
4134 4841.41252509
4135 4842.90347098
4136 4844.3943991
4137 4845.88531567
4138 4847.3762053
4139 4848.86708594
4140 4850.3579422
4141 4851.8487866
4142 4853.33960645
4143 4854.8304143
4144 4856.32119745
4145 4857.81196211
4146 4859.30271455
4147 4860.79344203
4148 4862.28415713
4149 4863.7748444
4150 4865.26552186
4151 4866.75617405
4152 4868.24681354
4153 4869.73742762
4154 4871.22802252
4155 4872.7186045
4156 4874.20916082
4157 4875.69970407
4158 4877.1902215
4159 4878.68072571
4160 4880.17120394
4161 4881.66166607
4162 4883.15210479
4163 4884.64252363
4164 4886.13292888
4165 4887.62330776
4166 4889.11367288
4167 4890.60401147
4168 4892.09433616
4169 4893.58463417
4170 4895.07491812
4171 4896.56517522
4172 4898.05541176
4173 4899.54563129
4174 4901.03582647
4175 4902.52600723
4176 4904.01616074
4177 4905.50629968
4178 4906.99641122
4179 4908.48650803
4180 4909.97657729
4181 4911.4666253
4182 4912.95665835
4183 4914.44666362
4184 4915.93665378
4185 4917.42661327
4186 4918.91656025
4187 4920.40647912
4188 4921.89638259
4189 4923.38625781
4190 4924.87611108
4191 4926.36594874
4192 4927.8557579
4193 4929.34555129
4194 4930.83531604
4195 4932.32506487
4196 4933.8147849
4197 4935.30448613
4198 4936.79416113
4199 4938.28381351
4200 4939.7734496
4201 4941.2630565
4202 4942.75264697
4203 4944.24220809
4204 4945.73175262
4205 4947.22126766
4206 4948.71075954
4207 4950.20023462
4208 4951.68967997
4209 4953.17910562
4210 4954.66850413
4211 4956.15788554
4212 4957.64723691
4213 4959.13657104
4214 4960.62587497
4215 4962.11515507
4216 4963.6044177
4217 4965.0936499
4218 4966.5828645
4219 4968.07204852
4220 4969.56121478
4221 4971.05034756
4222 4972.53946518
4223 4974.02855192
4224 4975.51761415
4225 4977.00665825
4226 4978.49567124
4227 4979.98466596
4228 4981.47362942
4229 4982.96257446
4230 4984.45148808
4231 4985.94038313
4232 4987.42924387
4233 4988.91808218
4234 4990.40690171
4235 4991.89568943
4236 4993.38445824
4237 4994.87319509
4238 4996.36191287
4239 4997.85059854
4240 4999.33926501
4241 5000.82789921
4242 5002.31650757
4243 5003.8050965
4244 5005.2936502
4245 5006.78218707
4246 5008.2706913
4247 5009.75917582
4248 5011.24762754
4249 5012.73605941
4250 5014.22445834
4251 5015.71283075
4252 5017.20118309
4253 5018.68950227
4254 5020.17780122
4255 5021.66606685
4256 5023.15430937
4257 5024.64252117
4258 5026.13071247
4259 5027.61887015
4260 5029.10700066
4261 5030.59511044
4262 5032.08318638
4263 5033.57124146
4264 5035.05926254
4265 5036.54726262
4266 5038.03522856
4267 5039.52317334
4268 5041.01108107
4269 5042.49896373
4270 5043.98682503
4271 5045.47465181
4272 5046.96245708
4273 5048.45022769
4274 5049.93797665
4275 5051.4256908
4276 5052.91338316
4277 5054.40104055
4278 5055.88866945
4279 5057.37627636
4280 5058.86384531
4281 5060.35139489
4282 5061.83890912
4283 5063.32640108
4284 5064.81385755
4285 5066.30129159
4286 5067.78869
4287 5069.27605927
4288 5070.76340591
4289 5072.25071669
4290 5073.7380047
4291 5075.2252567
4292 5076.71248302
4293 5078.19967595
4294 5079.68684582
4295 5081.1739794
4296 5082.66108319
4297 5084.14816371
4298 5085.63520771
4299 5087.12222831
4300 5088.60921223
4301 5090.09617261
4302 5091.58309618
4303 5093.06999606
4304 5094.55685621
4305 5096.04368869
4306 5097.53049728
4307 5099.01726869
4308 5100.50401606
4309 5101.99072611
4310 5103.47741198
4311 5104.96406037
4312 5106.45068446
4313 5107.93727092
4314 5109.42382631
4315 5110.91035441
4316 5112.39684744
4317 5113.8833158
4318 5115.36974619
4319 5116.85615177
4320 5118.34251923
4321 5119.82886175
4322 5121.31516599
4323 5122.80143852
4324 5124.2876859
4325 5125.7738948
4326 5127.26007841
4327 5128.7462206
4328 5130.23234016
4329 5131.71842093
4330 5133.20447614
4331 5134.69049242
4332 5136.17647636
4333 5137.66243453
4334 5139.14835356
4335 5140.63424668
4336 5142.12010052
4337 5143.60592832
4338 5145.09171669
4339 5146.57746944
4340 5148.06319872
4341 5149.54888835
4342 5151.03455161
4343 5152.52017507
4344 5154.00577202
4345 5155.49132903
4346 5156.97685939
4347 5158.46234967
4348 5159.94780647
4349 5161.43323643
4350 5162.91862608
4351 5164.40398596
4352 5165.88930819
4353 5167.37460329
4354 5168.85985781
4355 5170.34508506
4356 5171.83027159
4357 5173.31542402
4358 5174.80054899
4359 5176.28563302
4360 5177.77068945
4361 5179.25570479
4362 5180.7406924
4363 5182.22563601
4364 5183.71055452
4365 5185.19543168
4366 5186.68027411
4367 5188.16508846
4368 5189.64986124
4369 5191.13460582
4370 5192.61930867
4371 5194.10398318
4372 5195.58861583
4373 5197.07322001
4374 5198.55778218
4375 5200.04230622
4376 5201.52680437
4377 5203.01126031
4378 5204.49568744
4379 5205.98007221
4380 5207.46442804
4381 5208.94874137
4382 5210.43302563
4383 5211.91726725
4384 5213.40147291
4385 5214.88564929
4386 5216.36978282
4387 5217.85388415
4388 5219.53398073
4389 5221.21408922
4390 5222.89419996
4391 5224.57431168
4392 5226.25443503
4393 5227.93456315
4394 5229.61468637
4395 5231.29482374
4396 5232.9749656
4397 5234.65510229
4398 5236.33525284
4399 5238.01540082
4400 5239.6955569
4401 5241.37571979
4402 5243.05587983
4403 5244.73604769
4404 5246.41622209
4405 5248.09639335
4406 5249.77657216
4407 5251.45675723
4408 5253.13693887
4409 5254.81712779
4410 5256.49731589
4411 5258.17751389
4412 5259.85771208
4413 5261.53790918
4414 5263.21811589
4415 5264.89832533
4416 5266.57852779
4417 5268.25874239
4418 5269.93895263
4419 5271.61916923
4420 5273.29939089
4421 5274.9796079
4422 5276.659831
4423 5278.34005889
4424 5280.02028185
4425 5281.70051062
4426 5283.38074391
4427 5285.06097199
4428 5286.74120561
4429 5288.42143664
4430 5290.10167584
4431 5291.78191348
4432 5293.46214825
4433 5295.14239092
4434 5296.82263176
4435 5298.50286944
4436 5300.18311476
4437 5301.86336077
4438 5303.54359774
4439 5305.22384488
4440 5306.90408559
4441 5308.58433068
4442 5310.26457882
4443 5311.94482025
4444 5313.62506579
4445 5315.30531412
4446 5316.98555545
4447 5318.66580062
4448 5320.34604831
4449 5322.02628872
4450 5323.70653271
4451 5325.38677205
4452 5327.06701761
4453 5328.7472596
4454 5330.42749666
4455 5332.10773967
4456 5333.78797884
4457 5335.46821281
4458 5337.14845246
4459 5338.8286908
4460 5340.50891805
4461 5342.18915352
4462 5343.86938051
4463 5345.54960993
4464 5347.22984042
4465 5348.91006215
4466 5350.59028604
4467 5352.27051072
4468 5353.95072637
4469 5355.63094392
4470 5357.31116199
4471 5358.99137076
4472 5360.67158115
4473 5362.35178488
4474 5364.03199287
4475 5365.71219531
4476 5367.3923908
4477 5369.07259029
4478 5370.75278396
4479 5372.43297041
4480 5374.1131606
4481 5375.79334752
4482 5377.4735213
4483 5379.15370138
4484 5380.83387097
4485 5382.51404105
4486 5384.19421022
4487 5385.87436862
4488 5387.55452725
4489 5389.2346847
4490 5390.91483112
4491 5392.59497749
4492 5394.27512243
4493 5395.95525605
4494 5397.63538938
4495 5399.31551403
4496 5400.99564103
4497 5402.6757605
4498 5404.35587103
4499 5406.03598365
4500 5407.71608847
4501 5409.39618408
4502 5411.07628152
4503 5412.75637372
4504 5414.43645079
4505 5416.11653225
4506 5417.79660122
4507 5419.47666877
4508 5421.15673346
4509 5422.83678539
4510 5424.51683563
4511 5426.19688275
4512 5427.87691685
4513 5429.556949
4514 5431.23697776
4515 5432.91699323
4516 5434.59700649
4517 5436.2770091
4518 5437.95701216
4519 5439.63700574
4520 5441.31698841
4521 5442.99697127
4522 5444.67694439
4523 5446.35690632
4524 5448.03686818
4525 5449.71682288
4526 5451.39676046
4527 5453.07670055
4528 5454.75662617
4529 5456.43654847
4530 5458.116466
4531 5459.79636879
4532 5461.476268
4533 5463.15616218
4534 5464.83604136
4535 5466.5159167
4536 5468.19578674
4537 5469.87564152
4538 5471.55549221
4539 5473.23533028
4540 5474.91516693
4541 5476.59499218
4542 5478.27480456
4543 5479.95461525
4544 5481.63441428
4545 5483.31420018
4546 5484.99398413
4547 5486.67375194
4548 5488.3535148
4549 5490.03327125
4550 5491.71301127
4551 5493.39274611
4552 5495.07247426
4553 5496.75218573
4554 5498.43189175
4555 5500.11159084
4556 5501.79127298
4557 5503.47094941
4558 5505.15061157
4559 5506.83027069
4560 5508.50991677
4561 5510.1895483
4562 5511.86917655
4563 5513.5487915
4564 5515.22839163
4565 5516.90798824
4566 5518.58757128
4567 5520.26713926
4568 5521.94670345
4569 5523.62624955
4570 5525.30578885
4571 5526.98531986
4572 5528.66483251
4573 5530.34433812
4574 5532.02383517
4575 5533.70331361
4576 5535.38278475
4577 5537.06224708
4578 5538.74169053
4579 5540.42112644
4580 5542.10054615
4581 5543.77996099
4582 5545.4593609
4583 5547.13874435
4584 5548.81812269
4585 5550.49748584
4586 5552.17683227
4587 5553.85617333
4588 5555.53549896
4589 5557.2148076
4590 5558.89411063
4591 5560.57339367
4592 5562.25266807
4593 5563.93193231
4594 5565.61117629
4595 5567.2904114
4596 5568.96963609
4597 5570.64884026
4598 5572.3280353
4599 5574.00721968
4600 5575.68638328
4601 5577.36553751
4602 5579.04467364
4603 5580.72380309
4604 5582.40291575
4605 5584.08201005
4606 5585.76109743
4607 5587.44016776
4608 5589.11921947
4609 5590.79826402
4610 5592.47729126
4611 5594.15629964
4612 5595.8353006
4613 5597.51427967
4614 5599.1932483
4615 5600.87220493
4616 5602.5511394
4617 5604.2300632
4618 5605.90897473
4619 5607.58786387
4620 5609.26674207
4621 5610.94560777
4622 5612.62445081
4623 5614.30328268
4624 5615.98209458
4625 5617.660898
4626 5619.33968278
4627 5621.01844734
4628 5622.69720318
4629 5624.37594013
4630 5626.05465661
4631 5627.73336412
4632 5629.4120525
4633 5631.09072014
4634 5632.76937858
4635 5634.44801325
4636 5636.1266357
4637 5637.80524433
4638 5639.48382893
4639 5641.16240107
4640 5642.84095914
4641 5644.51949293
4642 5646.19801402
4643 5647.87652078
4644 5649.55500303
4645 5651.23347232
4646 5652.91191979
4647 5654.590357
4648 5656.26877376
4649 5657.94716844
4650 5659.62555263
4651 5661.30391612
4652 5662.98225728
4653 5664.66058771
4654 5666.3388972
4655 5668.0171841
4656 5669.69546003
4657 5671.37371035
4658 5673.05194668
4659 5674.73016738
4660 5676.40836222
4661 5678.08654282
4662 5679.76470756
4663 5681.44284618
4664 5683.12097033
4665 5684.79907107
4666 5686.47716004
4667 5688.155227
4668 5689.8332703
4669 5691.5113016
4670 5693.18931065
4671 5694.86729578
4672 5696.54526868
4673 5698.22321908
4674 5699.90114532
4675 5701.57905908
4676 5703.25694278
4677 5704.93481672
4678 5706.61267063
4679 5708.29049709
4680 5709.96830781
4681 5711.64610113
4682 5713.32386676
4683 5715.00161642
4684 5716.67934842
4685 5718.35705249
4686 5720.03474035
4687 5721.71240298
4688 5723.39005211
4689 5725.06767745
4690 5726.74527732
4691 5728.42286345
4692 5730.10042555
4693 5731.77796193
4694 5733.45548435
4695 5735.13298248
4696 5736.81045466
4697 5738.48791263
4698 5740.16533872
4699 5741.84275334
4700 5743.52014615
4701 5745.19750971
4702 5746.87485581
4703 5748.55218274
4704 5750.22948019
4705 5751.90675993
4706 5753.58402027
4707 5755.26125087
4708 5756.93846354
4709 5758.61564918
4710 5760.29281962
4711 5761.9699645
4712 5763.64708212
4713 5765.32418429
4714 5767.00126067
4715 5768.67830954
4716 5770.35534274
4717 5772.0323499
4718 5773.70932932
4719 5775.38629283
4720 5777.06322266
4721 5778.74013932
4722 5780.41703243
4723 5782.09389451
4724 5783.77073741
4725 5785.44755942
4726 5787.12435014
4727 5788.80112147
4728 5790.47787166
4729 5792.15459033
4730 5793.83128936
4731 5795.5079596
4732 5797.18461293
4733 5798.86123898
4734 5800.53783598
4735 5802.21441585
4736 5803.89096819
4737 5805.56749125
4738 5807.24399696
4739 5808.92047489
4740 5810.59692331
4741 5812.27335414
4742 5813.94974952
4743 5815.62613005
4744 5817.3024853
4745 5818.97880776
4746 5820.65510935
4747 5822.33138833
4748 5824.00763427
4749 5825.68385912
4750 5827.36006113
4751 5829.03622985
4752 5830.71237726
4753 5832.38849412
4754 5834.0645924
4755 5835.74066167
4756 5837.41670015
4757 5839.09271983
4758 5840.76871026
4759 5842.44466967
4760 5844.12061005
4761 5845.79652095
4762 5847.47240059
4763 5849.14826097
4764 5850.82408415
4765 5852.49989081
4766 5854.1756705
4767 5855.85141565
4768 5857.52713827
4769 5859.20283658
4770 5860.8785001
4771 5862.55414088
4772 5864.22975711
4773 5865.90533833
4774 5867.58089657
4775 5869.25642253
4776 5870.93192825
4777 5872.60740327
4778 5874.28284577
4779 5875.95826781
4780 5877.63365891
4781 5879.30901726
4782 5880.98435493
4783 5882.6596539
4784 5884.33493494
4785 5886.01018756
4786 5887.68540123
4787 5889.36059676
4788 5891.03576363
4789 5892.71089422
4790 5894.38600065
4791 5896.06108109
4792 5897.73612502
4793 5899.41114456
4794 5901.08613034
4795 5902.76109448
4796 5904.43602645
4797 5906.11092442
4798 5907.78580054
4799 5909.46064426
4800 5911.13545376
4801 5912.81024117
4802 5914.48499596
4803 5916.15971629
4804 5917.83441432
4805 5919.50907193
4806 5921.18370999
4807 5922.85831796
4808 5924.53288528
4809 5926.20743283
4810 5927.88195006
4811 5929.55642931
4812 5931.23088276
4813 5932.90530858
4814 5934.57969618
4815 5936.25405777
4816 5937.9283839
4817 5939.60268677
4818 5941.27695582
4819 5942.95118918
4820 5944.62539906
4821 5946.2995749
4822 5947.97371481
4823 5949.64783104
4824 5951.32191298
4825 5952.99595878
4826 5954.66998067
4827 5956.34396045
4828 5958.01791907
4829 5959.69184596
4830 5961.3657305
4831 5963.03959368
4832 5964.71342489
4833 5966.38721644
4834 5968.06098058
4835 5969.73471545
4836 5971.40841043
4837 5973.08207779
4838 5974.75570802
4839 5976.42931339
4840 5978.1028833
4841 5979.77641584
4842 5981.44992332
4843 5983.12339511
4844 5984.79682931
4845 5986.47023822
4846 5988.14361123
4847 5989.81694642
4848 5991.49025611
4849 5993.16352201
4850 5994.83676518
4851 5996.50997498
4852 5998.18314077
4853 5999.85628362
4854 6001.52939287
4855 6003.2024608
4856 6004.87549974
4857 6006.54850778
4858 6008.22147427
4859 6009.89441157
4860 6011.56731007
4861 6013.24018214
4862 6014.91301712
4863 6016.58581309
4864 6018.25858242
4865 6019.93131444
4866 6021.60400722
4867 6023.27667315
4868 6024.94930155
4869 6026.62189048
4870 6028.29445235
4871 6029.96696877
4872 6031.63946091
4873 6033.31191807
4874 6034.98432955
4875 6036.65671654
4876 6038.32906833
4877 6040.00137715
4878 6041.67365542
4879 6043.3459012
4880 6045.01810377
4881 6046.69027559
4882 6048.36240698
4883 6050.03451038
4884 6051.7065751
4885 6053.37859916
4886 6055.05059503
4887 6056.72255199
4888 6058.39446808
4889 6060.06635577
4890 6061.73820433
4891 6063.4100118
4892 6065.08179066
4893 6066.75352243
4894 6068.42522838
4895 6070.09689776
4896 6071.76851983
4897 6073.44011587
4898 6075.11167512
4899 6076.78318978
4900 6078.45467234
4901 6080.12611307
4902 6081.7975245
4903 6083.46889586
4904 6085.14022518
4905 6086.81152498
4906 6088.4827845
4907 6090.15400176
4908 6091.8251893
4909 6093.49633634
4910 6095.1674409
4911 6096.83851553
4912 6098.50954167
4913 6100.18054068
4914 6101.85150176
4915 6103.52241414
4916 6105.19329917
4917 6106.86414606
4918 6108.53494404
4919 6110.20571446
4920 6111.87644653
4921 6113.5471324
4922 6115.21778464
4923 6116.88839346
4924 6118.55897145
4925 6120.22950781
4926 6121.90000053
4927 6123.57046221
4928 6125.24088205
4929 6126.91125804
4930 6128.58160278
4931 6130.25190548
4932 6131.92216409
4933 6133.59239126
4934 6135.26256835
4935 6136.93271679
4936 6138.60282576
4937 6140.27288443
4938 6141.94291425
4939 6143.61290438
4940 6145.282844
4941 6146.95275456
4942 6148.62262523
4943 6150.29244811
4944 6151.96223585
4945 6153.63197859
4946 6155.301689
4947 6156.97135623
4948 6158.64097824
4949 6160.31056772
4950 6161.98011382
4951 6163.64961448
4952 6165.3190824
4953 6166.98850673
4954 6168.65788542
4955 6170.32723116
4956 6171.99652524
4957 6173.66578919
4958 6175.33501213
4959 6177.00418319
4960 6178.67332392
4961 6180.34242343
4962 6182.01147086
4963 6183.68048774
4964 6185.34946321
4965 6187.01838931
4966 6188.68727879
4967 6190.35612171
4968 6192.02493081
4969 6193.69369521
4970 6195.36241283
4971 6197.03109644
4972 6198.69973514
4973 6200.36832685
4974 6202.03688435
4975 6203.70539673
4976 6205.3738619
4977 6207.04229267
4978 6208.71067021
4979 6210.37901615
4980 6212.04731956
4981 6213.71556955
4982 6215.38378773
4983 6217.05196318
4984 6218.72008499
4985 6220.3881748
4986 6222.05622168
4987 6223.72421765
4988 6225.39217553
4989 6227.0600853
4990 6228.72795979
4991 6230.39578808
4992 6232.06356804
4993 6233.73131253
4994 6235.3990106
4995 6237.06666015
4996 6238.73427402
4997 6240.40184128
4998 6242.0693598
4999 6243.73684245
5000 6245.40427033
5001 6247.07166516
5002 6248.73901598
5003 6250.40631182
5004 6252.07357441
5005 6253.74079279
5006 6255.40795598
5007 6257.07508573
5008 6258.74217106
5009 6260.409201
5010 6262.0761973
5011 6263.74314101
5012 6265.41004801
5013 6267.0769073
5014 6268.74371675
5015 6270.41048929
5016 6272.07721393
5017 6273.74388851
5018 6275.41052599
5019 6277.07710738
5020 6278.74365448
5021 6280.4101563
5022 6282.07660182
5023 6283.74301286
5024 6285.40937841
5025 6287.07568746
5026 6288.74196184
5027 6290.40819053
5028 6292.07436252
5029 6293.74049963
5030 6295.40658286
5031 6297.07262518
5032 6298.73862443
5033 6300.40456959
5034 6302.07047661
5035 6303.73633446
5036 6305.40214096
5037 6307.06790912
5038 6308.73362791
5039 6310.39929515
5040 6312.06492386
5041 6313.73049498
5042 6315.3960304
5043 6317.06151907
5044 6318.72694994
5045 6320.39234491
5046 6322.05769295
5047 6323.72298298
5048 6325.38823692
5049 6327.05344372
5050 6328.71859232
5051 6330.38370464
5052 6332.04876158
5053 6333.7137762
5054 6335.37874631
5055 6337.04366082
5056 6338.70853579
5057 6340.37336014
5058 6342.03813165
5059 6343.70286343
5060 6345.36754438
5061 6347.0321723
5062 6348.69676029
5063 6350.3612892
5064 6352.02578101
5065 6353.69022463
5066 6355.35460896
5067 6357.01895601
5068 6358.68325467
5069 6360.34749385
5070 6362.01169555
5071 6363.67584868
5072 6365.33994211
5073 6367.00399788
5074 6368.66799679
5075 6370.33195199
5076 6371.99586125
5077 6373.65971345
5078 6375.32352471
5079 6376.98728391
5080 6378.65098881
5081 6380.31465259
5082 6381.97826411
5083 6383.64182114
5084 6385.30533686
5085 6386.96879201
5086 6388.6322087
5087 6390.29557577
5088 6391.95888209
5089 6393.62214974
5090 6395.2853676
5091 6396.9485245
5092 6398.61164255
5093 6400.2747106
5094 6401.93771751
5095 6403.60068537
5096 6405.26359493
5097 6406.92645939
5098 6408.5892765
5099 6410.2520351
5100 6411.91475139
5101 6413.5774142
5102 6415.24002127
5103 6416.90258584
5104 6418.56509675
5105 6420.22755172
5106 6421.889964
5107 6423.55231428
5108 6425.21462473
5109 6426.87688415
5110 6428.53908138
5111 6430.20123858
5112 6431.86334458
5113 6433.52538818
5114 6435.18739157
5115 6436.84934357
5116 6438.51123297
5117 6440.17308199
5118 6441.83487125
5119 6443.49661406
5120 6445.15830813
5121 6446.81994224
5122 6448.4815327
5123 6450.14306828
5124 6451.80454669
5125 6453.46598126
5126 6455.12736076
5127 6456.78868289
5128 6458.449961
5129 6460.11117566
5130 6461.77234915
5131 6463.43347024
5132 6465.09452768
5133 6466.75554377
5134 6468.41650728
5135 6470.07740694
5136 6471.73826507
5137 6473.39907043
5138 6475.05981175
5139 6476.72051136
5140 6478.38114979
5141 6480.04174043
5142 6481.70228096
5143 6483.36276011
5144 6485.02319427
5145 6486.68357218
5146 6488.3438915
5147 6490.00416564
5148 6491.66437512
5149 6493.32454227
5150 6494.98465584
5151 6496.64470455
5152 6498.30471076
5153 6499.9646632
5154 6501.62455059
5155 6503.2843953
5156 6504.94418605
5157 6506.60391156
5158 6508.26359421
5159 6509.92321447
5160 6511.5827858
5161 6513.24230584
5162 6514.9017633
5163 6516.56117164
5164 6518.22052852
5165 6519.87982262
5166 6521.53907041
5167 6523.19826059
5168 6524.85739079
5169 6526.51647449
5170 6528.17549213
5171 6529.83446614
5172 6531.49338521
5173 6533.15223801
5174 6534.81104702
5175 6536.4698009
5176 6538.12848834
5177 6539.78713179
5178 6541.44571994
5179 6543.10424145
5180 6544.7627188
5181 6546.42113237
5182 6548.0794957
5183 6549.7378064
5184 6551.39605314
5185 6553.05424946
5186 6554.71239297
5187 6556.37047232
5188 6558.02850406
5189 6559.68647685
5190 6561.34438827
5191 6563.00225191
5192 6564.6600481
5193 6566.31779937
5194 6567.97549436
5195 6569.63312171
5196 6571.29070397
5197 6572.94822978
5198 6574.60568776
5199 6576.26310047
5200 6577.92045654
5201 6579.5777446
5202 6581.23498722
5203 6582.89216468
5204 6584.54929062
5205 6586.2063626
5206 6587.86336925
5207 6589.5203242
5208 6591.17722501
5209 6592.8340603
5210 6594.49084671
5211 6596.14757282
5212 6597.80423622
5213 6599.46085056
5214 6601.11739607
5215 6602.77389539
5216 6604.43033712
5217 6606.08670985
5218 6607.74303621
5219 6609.3993048
5220 6611.0555042
5221 6612.71165707
5222 6614.36775199
5223 6616.02377753
5224 6617.67975636
5225 6619.3356687
5226 6620.99152822
5227 6622.6473325
5228 6624.30307008
5229 6625.95875469
5230 6627.61438387
5231 6629.26994617
5232 6630.92545833
5233 6632.58090888
5234 6634.23629538
5235 6635.89163155
5236 6637.54689756
5237 6639.20211611
5238 6640.85727577
5239 6642.51236509
5240 6644.16740678
5241 6645.8223894
5242 6647.4773015
5243 6649.1321658
5244 6650.78697086
5245 6652.4417052
5246 6654.09639159
5247 6655.75101014
5248 6657.40557463
5249 6659.06008257
5250 6660.7145225
5251 6662.36890819
5252 6664.02323717
5253 6665.67749794
5254 6667.33170732
5255 6668.98585381
5256 6670.63993491
5257 6672.29396444
5258 6673.94792248
5259 6675.60183183
5260 6677.255681
5261 6678.90945849
5262 6680.56318712
5263 6682.21685541
5264 6683.87045184
5265 6685.52399924
5266 6687.17747767
5267 6688.83090096
5268 6690.48426662
5269 6692.13756311
5270 6693.79080431
5271 6695.44398769
5272 6697.09710174
5273 6698.75016032
5274 6700.40316091
5275 6702.05609199
5276 6703.70897044
5277 6705.36177625
5278 6707.01453232
5279 6708.66722712
5280 6710.3198491
5281 6711.97242118
5282 6713.62493181
5283 6715.27736945
5284 6716.92975702
5285 6718.58208297
5286 6720.23433575
5287 6721.8865383
5288 6723.53867056
5289 6725.19074647
5290 6726.84276347
5291 6728.49471003
5292 6730.14660005
5293 6731.79843102
5294 6733.45019134
5295 6735.10189498
5296 6736.75353938
5297 6738.40511298
5298 6740.05663272
5299 6741.70807854
5300 6743.3594734
5301 6745.01080574
5302 6746.66206396
5303 6748.31327108
5304 6749.9644155
5305 6751.61548564
5306 6753.2665045
5307 6754.91746049
5308 6756.56834203
5309 6758.21917212
5310 6759.86993065
5311 6761.52063162
5312 6763.17127245
5313 6764.82184153
5314 6766.47235289
5315 6768.12280394
5316 6769.77318308
5317 6771.42350433
5318 6773.0737651
5319 6774.72395379
5320 6776.37408743
5321 6778.02414586
5322 6779.67415215
5323 6781.32409468
5324 6782.97396182
5325 6784.62377665
5326 6786.27352756
5327 6787.92320291
5328 6789.57282579
5329 6791.22238458
5330 6792.87186764
5331 6794.52129807
5332 6796.17065566
5333 6797.8199545
5334 6799.46919198
5335 6801.11835645
5336 6802.76746201
5337 6804.41650604
5338 6806.06547689
5339 6807.71438866
5340 6809.36323875
5341 6811.01201548
5342 6812.66073598
5343 6814.30938001
5344 6815.95797073
5345 6817.60649646
5346 6819.25494554
5347 6820.90334115
5348 6822.55167162
5349 6824.19992526
5350 6825.84812527
5351 6827.49625997
5352 6829.14431768
5353 6830.7923216
5354 6832.44025142
5355 6834.08812132
5356 6835.73592866
5357 6837.38366173
5358 6839.03133472
5359 6840.67894497
5360 6842.3264808
5361 6843.97395638
5362 6845.62136907
5363 6847.26870717
5364 6848.91598787
5365 6850.56319085
5366 6852.21033936
5367 6853.85742168
5368 6855.50442611
5369 6857.1513759
5370 6858.79825936
5371 6860.44506475
5372 6862.09181535
5373 6863.73849944
5374 6865.3851053
5375 6867.03165622
5376 6868.67813182
5377 6870.32454632
5378 6871.97089708
5379 6873.61717233
5380 6875.26338635
5381 6876.90953645
5382 6878.55561088
5383 6880.20162392
5384 6881.84756421
5385 6883.49344602
5386 6885.13926062
5387 6886.78499626
5388 6888.43067629
5389 6890.07628895
5390 6891.72182248
5391 6893.36730025
5392 6895.01271049
5393 6896.65804143
5394 6898.30331645
5395 6899.94851509
5396 6901.59365166
5397 6903.23872346
5398 6904.88371871
5399 6906.52865174
5400 6908.17351983
5401 6909.81831122
5402 6911.46304022
5403 6913.10770414
5404 6914.75229117
5405 6916.39681568
5406 6918.04126622
5407 6919.68565715
5408 6921.32997971
5409 6922.97422208
5410 6924.61840772
5411 6926.26252483
5412 6927.90656159
5413 6929.55054146
5414 6931.19445263
5415 6932.83828331
5416 6934.48205693
5417 6936.12575298
5418 6937.76938582
5419 6939.41295273
5420 6941.05644189
5421 6942.6998677
5422 6944.34322743
5423 6945.98650924
5424 6947.62972755
5425 6949.27287961
5426 6950.9159536
5427 6952.55896394
5428 6954.20189912
5429 6955.84477357
5430 6957.48757849
5431 6959.13030203
5432 6960.77296773
5433 6962.41556374
5434 6964.05807821
5435 6965.70053468
5436 6967.3429213
5437 6968.98522623
5438 6970.62747301
5439 6972.26964101
5440 6973.9117447
5441 6975.55378132
5442 6977.195739
5443 6978.83763222
5444 6980.47945822
5445 6982.12120511
5446 6983.7628874
5447 6985.4045023
5448 6987.04603795
5449 6988.68750883
5450 6990.32890338
5451 6991.97023611
5452 6993.61149816
5453 6995.25267766
5454 6996.89379821
5455 6998.53484794
5456 7000.17581495
5457 7001.81672287
5458 7003.45755981
5459 7005.09831387
5460 7006.73900869
5461 7008.37962357
5462 7010.02017304
5463 7011.66065431
5464 7013.30105547
5465 7014.94139107
5466 7016.58165833
5467 7018.22184532
5468 7019.8619666
5469 7021.50201938
5470 7023.14199174
5471 7024.78189824
5472 7026.42172726
5473 7028.06149336
5474 7029.70118767
5475 7031.34079825
5476 7032.98034881
5477 7034.61982743
5478 7036.25922216
5479 7037.89855673
5480 7039.53781919
5481 7041.17699762
5482 7042.81611574
5483 7044.45515275
5484 7046.09412327
5485 7047.73302449
5486 7050.38229075
5487 7053.03160651
5488 7055.68096554
5489 7058.33037074
5490 7060.97983389
5491 7063.62933102
5492 7066.2788739
5493 7068.92846544
5494 7071.57809942
5495 7074.22778762
5496 7076.87751517
5497 7079.52728475
5498 7082.17710228
5499 7084.82696155
5500 7087.47687437
5501 7090.12682584
5502 7092.77681863
5503 7095.42685564
5504 7098.07693979
5505 7100.72707376
5506 7103.37724263
5507 7106.02745822
5508 7108.6777143
5509 7111.32801377
5510 7113.97836848
5511 7116.62875434
5512 7119.27918318
5513 7121.92965791
5514 7124.58017231
5515 7127.23073821
5516 7129.88134066
5517 7132.53198235
5518 7135.1826662
5519 7137.83339512
5520 7140.48417182
5521 7143.13498133
5522 7145.78583548
5523 7148.43672806
5524 7151.08766197
5525 7153.73864909
5526 7156.38966526
5527 7159.04072235
5528 7161.69182327
5529 7164.3429618
5530 7166.99415286
5531 7169.64537227
5532 7172.29663193
5533 7174.94793473
5534 7177.59927445
5535 7180.25066299
5536 7182.90208528
5537 7185.55354408
5538 7188.2050423
5539 7190.85658285
5540 7193.5081685
5541 7196.15978417
5542 7198.81144176
5543 7201.46313504
5544 7204.11486692
5545 7206.76664934
5546 7209.41845803
5547 7212.07030491
5548 7214.7221929
5549 7217.37411577
5550 7220.02608546
5551 7222.67808683
5552 7225.33012266
5553 7227.98219588
5554 7230.6343094
5555 7233.28646603
5556 7235.93865059
5557 7238.59087505
5558 7241.24313316
5559 7243.8954309
5560 7246.54777109
5561 7249.20013853
5562 7251.85254518
5563 7254.50498482
5564 7257.15746036
5565 7259.80998379
5566 7262.46253073
5567 7265.11511317
5568 7267.76773402
5569 7270.42038704
5570 7273.07308425
5571 7275.72581039
5572 7278.3785683
5573 7281.0313609
5574 7283.68419111
5575 7286.3370618
5576 7288.98995767
5577 7291.64289076
5578 7294.29585482
5579 7296.94885276
5580 7299.60189663
5581 7302.25496196
5582 7304.90806078
5583 7307.561196
5584 7310.2143614
5585 7312.86756901
5586 7315.52080351
5587 7318.17406777
5588 7320.82736778
5589 7323.4806973
5590 7326.13406837
5591 7328.78746566
5592 7331.44089205
5593 7334.09435046
5594 7336.74784383
5595 7339.40137505
5596 7342.05492875
5597 7344.708517
5598 7347.36213356
5599 7350.01578135
5600 7352.66947246
5601 7355.32318232
5602 7357.976923
5603 7360.63069745
5604 7363.28449942
5605 7365.938341
5606 7368.59220677
5607 7371.24609965
5608 7373.90002258
5609 7376.55397848
5610 7379.20797029
5611 7381.86198256
5612 7384.5160274
5613 7387.17009857
5614 7389.82419899
5615 7392.47834081
5616 7395.13249935
5617 7397.78668675
5618 7400.44090593
5619 7403.09515066
5620 7405.74943614
5621 7408.40373767
5622 7411.0580674
5623 7413.71242827
5624 7416.36681402
5625 7419.02123682
5626 7421.67568114
5627 7424.33014994
5628 7426.98464616
5629 7429.63917273
5630 7432.29373266
5631 7434.94831036
5632 7437.60291803
5633 7440.2575494
5634 7442.91220742
5635 7445.56690427
5636 7448.22161517
5637 7450.87635233
5638 7453.53111866
5639 7456.18590793
5640 7458.84073233
5641 7461.49557625
5642 7464.15044271
5643 7466.80533464
5644 7469.46025497
5645 7472.11520674
5646 7474.77017431
5647 7477.4251699
5648 7480.08018724
5649 7482.73523235
5650 7485.39030826
5651 7488.04539931
5652 7490.70051773
5653 7493.35565727
5654 7496.01082085
5655 7498.66602074
5656 7501.32123204
5657 7503.97646701
5658 7506.63172858
5659 7509.28701048
5660 7511.942325
5661 7514.59765641
5662 7517.25300777
5663 7519.90838202
5664 7522.56378211
5665 7525.21921111
5666 7527.87465328
5667 7530.5301209
5668 7533.1856077
5669 7535.84111663
5670 7538.49665998
5671 7541.15221277
5672 7543.80778731
5673 7546.46338653
5674 7549.11900417
5675 7551.77465253
5676 7554.43031583
5677 7557.08599717
5678 7559.74169947
5679 7562.3974257
5680 7565.05317897
5681 7567.70894652
5682 7570.36473146
5683 7573.02053675
5684 7575.67636532
5685 7578.33222031
5686 7580.98808585
5687 7583.64397431
5688 7586.29987939
5689 7588.95580406
5690 7591.61176067
5691 7594.26772411
5692 7596.92370676
5693 7599.57971156
5694 7602.23573223
5695 7604.89178114
5696 7607.5478424
5697 7610.20391916
5698 7612.86001435
5699 7615.51613094
5700 7618.17227208
5701 7620.82842185
5702 7623.48459264
5703 7626.14077816
5704 7628.79698136
5705 7631.45321466
5706 7634.10945287
5707 7636.76570838
5708 7639.42198416
5709 7642.07827392
5710 7644.73459315
5711 7647.39091665
5712 7650.04725684
5713 7652.70361666
5714 7655.35998983
5715 7658.0163888
5716 7660.67279754
5717 7663.32921927
5718 7665.98565692
5719 7668.64211347
5720 7671.29859211
5721 7673.95507682
5722 7676.61158004
5723 7679.26809549
5724 7681.92462613
5725 7684.58118441
5726 7687.23774504
5727 7689.89432049
5728 7692.5509137
5729 7695.20751839
5730 7697.86414705
5731 7700.52078357
5732 7703.17743122
5733 7705.83409292
5734 7708.49077165
5735 7711.14747065
5736 7713.80417382
5737 7716.46089363
5738 7719.11762382
5739 7721.7743704
5740 7724.43113666
5741 7727.08790645
5742 7729.74469227
5743 7732.40148784
5744 7735.05829611
5745 7737.71512962
5746 7740.37196294
5747 7743.0288086
5748 7745.68566955
5749 7748.34253952
5750 7750.99943102
5751 7753.65632789
5752 7756.31323339
5753 7758.97015049
5754 7761.62708215
5755 7764.28403167
5756 7766.94098284
5757 7769.5979482
5758 7772.25492146
5759 7774.91190559
5760 7777.56891314
5761 7780.22591863
5762 7782.88293462
5763 7785.53996406
5764 7788.19700068
5765 7790.85405704
5766 7793.51111688
5767 7796.16818353
5768 7798.82525994
5769 7801.48234908
5770 7804.13945428
5771 7806.79656235
5772 7809.4536766
5773 7812.11080002
5774 7814.76793555
5775 7817.42508655
5776 7820.08223671
5777 7822.73939863
5778 7825.39656601
5779 7828.05374181
5780 7830.71093867
5781 7833.36813097
5782 7836.02533134
5783 7838.68254274
5784 7841.33975888
5785 7843.99699239
5786 7846.6542269
5787 7849.31146579
5788 7851.96871202
5789 7854.62596855
5790 7857.28323878
5791 7859.94050631
5792 7862.59778378
5793 7865.25506491
5794 7867.91235265
5795 7870.56965967
5796 7873.22696029
5797 7875.88426717
5798 7878.54158328
5799 7881.19890231
5800 7883.85624004
5801 7886.51357075
5802 7889.17090711
5803 7891.82825211
5804 7894.48559943
5805 7897.14296178
5806 7899.80032267
5807 7902.45768553
5808 7905.11505333
5809 7907.77242905
5810 7910.42981611
5811 7913.08719802
5812 7915.74458748
5813 7918.40197819
5814 7921.05937313
5815 7923.71678502
5816 7926.37418805
5817 7929.03159495
5818 7931.6890087
5819 7934.34642297
5820 7937.00385053
5821 7939.6612748
5822 7942.31869926
5823 7944.97612688
5824 7947.63356062
5825 7950.29100396
5826 7952.94844034
5827 7955.60588248
5828 7958.2633241
5829 7960.92076816
5830 7963.57822742
5831 7966.23567602
5832 7968.8931298
5833 7971.55058246
5834 7974.20803698
5835 7976.86550613
5836 7979.522964
5837 7982.18042338
5838 7984.83788723
5839 7987.49534925
5840 7990.15282224
5841 7992.81028954
5842 7995.46775466
5843 7998.12522058
5844 8000.78269026
5845 8003.44016725
5846 8006.09763485
5847 8008.75510587
5848 8011.41257401
5849 8014.07004224
5850 8016.72752339
5851 8019.38499145
5852 8022.04245926
5853 8024.69992979
5854 8027.35739674
5855 8030.01487293
5856 8032.67234164
5857 8035.32980641
5858 8037.98727022
5859 8040.64473606
5860 8043.3021976
5861 8045.95967081
5862 8048.61712963
5863 8051.27458691
5864 8053.93204563
5865 8056.58949949
5866 8059.24696133
5867 8061.90441439
5868 8064.56186224
5869 8067.21930784
5870 8069.87675419
5871 8072.53420488
5872 8075.19164309
5873 8077.84908169
5874 8080.50651439
5875 8083.16394415
5876 8085.82138388
5877 8088.47880744
5878 8091.13622772
5879 8093.79364771
5880 8096.4510611
5881 8099.10848079
5882 8101.76588991
5883 8104.42329209
5884 8107.0806903
5885 8109.73808753
5886 8112.3954874
5887 8115.05287302
5888 8117.71025732
5889 8120.36763397
5890 8123.02500907
5891 8125.68238625
5892 8128.33974859
5893 8130.99710904
5894 8133.65446127
5895 8136.31180827
5896 8138.969163
5897 8141.62649921
5898 8144.28382984
5899 8146.94115789
5900 8149.59847704
5901 8152.25580026
5902 8154.91311058
5903 8157.57041165
5904 8160.22770646
5905 8162.88499801
5906 8165.54228997
5907 8168.19956534
5908 8170.85683711
5909 8173.51409895
5910 8176.17135385
5911 8178.82861481
5912 8181.4858555
5913 8184.14308891
5914 8186.80031803
5915 8189.45753655
5916 8192.11475747
5917 8194.77196375
5918 8197.42915908
5919 8200.08634646
5920 8202.74352887
5921 8205.40071003
5922 8208.05787597
5923 8210.71503039
5924 8213.3721763
5925 8216.02931668
5926 8218.68645525
5927 8221.34357492
5928 8224.00068873
5929 8226.65779035
5930 8229.31488278
5931 8231.97197906
5932 8234.62905276
5933 8237.28611693
5934 8239.94317456
5935 8242.60021933
5936 8245.25726431
5937 8247.91429234
5938 8250.57130717
5939 8253.2283118
5940 8255.88530922
5941 8258.54230319
5942 8261.19927654
5943 8263.85624235
5944 8266.51319429
5945 8269.17013535
5946 8271.82707864
5947 8274.48399762
5948 8277.1409054
5949 8279.79780497
5950 8282.45468999
5951 8285.11157671
5952 8287.76843854
5953 8290.42528861
5954 8293.08212992
5955 8295.73895614
5956 8298.39578038
5957 8301.0525854
5958 8303.709375
5959 8306.36615216
5960 8309.0229199
5961 8311.67968202
5962 8314.33642123
5963 8316.99315069
5964 8319.64986406
5965 8322.30656433
5966 8324.96326467
5967 8327.61993843
5968 8330.27659877
5969 8332.93324869
5970 8335.58988186
5971 8338.24651144
5972 8340.9031201
5973 8343.55971168
5974 8346.21628917
5975 8348.87285559
5976 8351.52941477
5977 8354.18594937
5978 8356.84247255
5979 8359.49897799
5980 8362.15546869
5981 8364.81195785
5982 8367.46841874
5983 8370.12486768
5984 8372.78129832
5985 8375.43771368
5986 8378.09412696
5987 8380.75051142
5988 8383.40688027
5989 8386.0632365
5990 8388.71957379
5991 8391.37590535
5992 8394.03221376
5993 8396.6885029
5994 8399.34477577
5995 8402.00103538
5996 8404.65728562
5997 8407.31350904
5998 8409.96971887
5999 8412.62590877
6000 8415.28208175
6001 8417.93825107
6002 8420.59438989
6003 8423.25051147
6004 8425.90661881
6005 8428.56270558
6006 8431.21878503
6007 8433.87483967
6008 8436.53087341
6009 8439.18688925
6010 8441.84289021
6011 8444.49888022
6012 8447.15484486
6013 8449.81078806
6014 8452.46671283
6015 8455.12262218
6016 8457.77852004
6017 8460.43438888
6018 8463.09024196
6019 8465.74607296
6020 8468.40188489
6021 8471.05769105
6022 8473.7134645
6023 8476.36921856
6024 8479.02495623
6025 8481.68067117
6026 8484.3363767
6027 8486.99205522
6028 8489.64771068
6029 8492.30334611
6030 8494.95896451
6031 8497.61456987
6032 8500.27014454
6033 8502.92570186
6034 8505.5812355
6035 8508.23674845
6036 8510.89225408
6037 8513.54772536
6038 8516.20317564
6039 8518.85860794
6040 8521.51401591
6041 8524.16941291
6042 8526.82478127
6043 8529.48012497
6044 8532.13545016
6045 8534.79075048
6046 8537.44603933
6047 8540.10129898
6048 8542.75653346
6049 8545.41174577
6050 8548.06693893
6051 8550.72211697
6052 8553.37726216
6053 8556.03238788
6054 8558.68748779
6055 8561.34256491
6056 8563.99763264
6057 8566.65266384
6058 8569.30767193
6059 8571.96265993
6060 8574.61762149
6061 8577.27257002
6062 8579.92748774
6063 8582.58237869
6064 8585.23724591
6065 8587.8920924
6066 8590.54692223
6067 8593.20171759
6068 8595.85649192
6069 8598.51123885
6070 8601.16596141
6071 8603.82067305
6072 8606.47534656
6073 8609.12999851
6074 8611.78462255
6075 8614.43922169
6076 8617.09380941
6077 8619.74835846
6078 8622.4028823
6079 8625.05738396
6080 8627.71185707
6081 8630.36631514
6082 8633.02074025
6083 8635.6751365
6084 8638.32950693
6085 8640.98385456
6086 8643.63818349
6087 8646.29247581
6088 8648.94674502
6089 8651.60098475
6090 8654.25519803
6091 8656.90939837
6092 8659.56355844
6093 8662.21769175
6094 8664.87180133
6095 8667.52588081
6096 8670.17994372
6097 8672.83397209
6098 8675.48797005
6099 8678.14194063
6100 8680.79588686
6101 8683.44981289
6102 8686.10370385
6103 8688.75756389
6104 8691.41139603
6105 8694.06520331
6106 8696.71898989
6107 8699.37273774
6108 8702.02646042
6109 8704.68015156
6110 8707.33381419
6111 8709.98746188
6112 8712.64106719
6113 8715.29464369
6114 8717.94819439
6115 8720.60171295
6116 8723.25521294
6117 8725.90867628
6118 8728.56210717
6119 8731.21550863
6120 8733.86888369
6121 8736.52223655
6122 8739.17554912
6123 8741.82883498
6124 8744.48208778
6125 8747.13531054
6126 8749.78851687
6127 8752.44167924
6128 8755.09481128
6129 8757.747916
6130 8760.40098705
6131 8763.05403804
6132 8765.70705083
6133 8768.36002963
6134 8771.01298062
6135 8773.66589742
6136 8776.31879368
6137 8778.97165121
6138 8781.62447426
6139 8784.27726585
6140 8786.93002902
6141 8789.58276802
6142 8792.23546464
6143 8794.88813254
6144 8797.54076534
6145 8800.19336609
6146 8802.84594845
6147 8805.49848478
6148 8808.15098875
6149 8810.80346339
6150 8813.45590234
6151 8816.10831928
6152 8818.76069594
6153 8821.41303661
6154 8824.06534431
6155 8826.71762209
6156 8829.36987424
6157 8832.02208246
6158 8834.67426046
6159 8837.32640186
6160 8839.9785097
6161 8842.6305977
6162 8845.28263812
6163 8847.93464782
6164 8850.58662042
6165 8853.23855897
6166 8855.89047718
6167 8858.54234732
6168 8861.19418309
6169 8863.84598755
6170 8866.49775432
6171 8869.14949713
6172 8871.80119763
6173 8874.45286013
6174 8877.10448769
6175 8879.75608333
6176 8882.4076514
6177 8885.05917351
6178 8887.71066342
6179 8890.36211473
6180 8893.01353051
6181 8895.6649245
6182 8898.31626889
6183 8900.96757744
6184 8903.61885319
6185 8906.27008977
6186 8908.92130095
6187 8911.5724683
6188 8914.22359617
6189 8916.87468762
6190 8919.52574567
6191 8922.17677472
6192 8924.82775629
6193 8927.47870417
6194 8930.129612
6195 8932.78048594
6196 8935.4313304
6197 8938.08212688
6198 8940.73288919
6199 8943.38361094
6200 8946.03429519
6201 8948.68495576
6202 8951.3355647
6203 8953.98613585
6204 8956.63667224
6205 8959.28716749
6206 8961.93763544
6207 8964.58805756
6208 8967.23843824
6209 8969.88878055
6210 8972.53908751
6211 8975.18936356
6212 8977.83959013
6213 8980.48978108
6214 8983.13993001
6215 8985.79003997
6216 8988.44012484
6217 8991.09015658
6218 8993.74014907
6219 8996.39010535
6220 8999.04001904
6221 9001.68990401
6222 9004.33974165
6223 9006.98953642
6224 9009.63929449
6225 9012.28900948
6226 9014.93869529
6227 9017.58833328
6228 9020.23792791
6229 9022.88748222
6230 9025.53699926
6231 9028.1864835
6232 9030.83591629
6233 9033.48531151
6234 9036.1346628
6235 9038.7839732
6236 9041.43325662
6237 9044.08248495
6238 9046.73167209
6239 9049.38082111
6240 9052.02992561
6241 9054.67899953
6242 9057.32802414
6243 9059.97700396
6244 9062.62594202
6245 9065.27484138
6246 9067.92369566
6247 9070.57251879
6248 9073.22129204
6249 9075.87001991
6250 9078.51870546
6251 9081.16735174
6252 9083.81596327
6253 9086.46452443
6254 9089.11303973
6255 9091.76151224
6256 9094.409945
6257 9097.05834256
6258 9099.70668611
6259 9102.35498962
6260 9105.00324672
6261 9107.65146045
6262 9110.29964481
6263 9112.94777153
6264 9115.5958546
6265 9118.24389707
6266 9120.89189255
6267 9123.53985506
6268 9126.18776574
6269 9128.83562915
6270 9131.48344834
6271 9134.13122637
6272 9136.77896782
6273 9139.42665381
6274 9142.07429836
6275 9144.72189507
6276 9147.36944701
6277 9150.0169682
6278 9152.6644303
6279 9155.31184734
6280 9157.95922238
6281 9160.60654902
6282 9163.25384132
6283 9165.90108034
6284 9168.54827069
6285 9171.19541857
6286 9173.84251758
6287 9176.4895818
6288 9179.13659226
6289 9181.78355358
6290 9184.43046881
6291 9187.07734102
6292 9189.72417483
6293 9192.37095125
6294 9195.01768436
6295 9197.66436778
6296 9200.31100455
6297 9202.95760878
6298 9205.60415199
6299 9208.25064828
6300 9210.89710071
6301 9213.54350289
6302 9216.18986891
6303 9218.83617975
6304 9221.48244005
6305 9224.12865288
6306 9226.7748213
6307 9229.42094996
6308 9232.06701981
6309 9234.71304498
6310 9237.35901905
6311 9240.0049451
6312 9242.65083725
6313 9245.29666697
6314 9247.94245153
6315 9250.58818455
6316 9253.23386908
6317 9255.87951928
6318 9258.52510656
6319 9261.17064509
6320 9263.81613791
6321 9266.46157863
6322 9269.10698142
6323 9271.75232714
6324 9274.39762048
6325 9277.04286451
6326 9279.6880623
6327 9282.33321855
6328 9284.9783141
6329 9287.62336314
6330 9290.26835925
6331 9292.91330551
6332 9295.5582161
6333 9298.20306237
6334 9300.84785851
6335 9303.49260759
6336 9306.1373032
6337 9308.78195955
6338 9311.42655742
6339 9314.07110155
6340 9316.71559501
6341 9319.36004086
6342 9322.00444385
6343 9324.64878475
6344 9327.29307776
6345 9329.9373165
6346 9332.58150717
6347 9335.22565455
6348 9337.86973937
6349 9340.51377585
6350 9343.1577576
6351 9345.80168769
6352 9348.44558035
6353 9351.08940684
6354 9353.73318138
6355 9356.37690706
6356 9359.02057746
6357 9361.66420685
6358 9364.30777591
6359 9366.95128943
6360 9369.59475048
6361 9372.23816211
6362 9374.88152914
6363 9377.52483223
6364 9380.16808564
6365 9382.81128297
6366 9385.45442728
6367 9388.09753288
6368 9390.74057091
6369 9393.38355566
6370 9396.0264902
6371 9398.66936812
6372 9401.31220373
6373 9403.95497764
6374 9406.59769466
6375 9409.24036103
6376 9411.88297033
6377 9414.5255369
6378 9417.1680413
6379 9419.81048837
6380 9422.45288119
6381 9425.09522282
6382 9427.73751812
6383 9430.37974763
6384 9433.0219257
6385 9435.66404591
6386 9438.30611134
6387 9440.94813632
6388 9443.5900919
6389 9446.23199244
6390 9448.87384099
6391 9451.51563116
6392 9454.1573773
6393 9456.79905991
6394 9459.44068387
6395 9462.08225225
6396 9464.72376812
6397 9467.36523638
6398 9470.0066375
6399 9472.64798584
6400 9475.28927501
6401 9477.93050807
6402 9480.57169942
6403 9483.21282001
6404 9485.85388739
6405 9488.49489516
6406 9491.13584638
6407 9493.77675546
6408 9496.41759334
6409 9499.05837442
6410 9501.69910176
6411 9504.33976896
6412 9506.98039044
6413 9509.62094659
6414 9512.26144233
6415 9514.90188075
6416 9517.54226492
6417 9520.18259978
6418 9522.8228657
6419 9525.46307711
6420 9528.10322759
6421 9530.74332023
6422 9533.38336946
6423 9536.02334615
6424 9538.66326473
6425 9541.30312828
6426 9543.94293038
6427 9546.5826855
6428 9549.22237396
6429 9551.86200071
6430 9554.50156883
6431 9557.14108141
6432 9559.78054342
6433 9562.41993516
6434 9565.05927109
6435 9567.69854481
6436 9570.33776255
6437 9572.9769293
6438 9575.61602533
6439 9578.25506513
6440 9580.89404229
6441 9583.53295987
6442 9586.17183238
6443 9588.81063057
6444 9591.44936893
6445 9594.08805055
6446 9596.726669
6447 9599.3652388
6448 9602.00374017
6449 9604.64217812
6450 9607.28055574
6451 9609.91887609
6452 9612.55714421
6453 9615.1953403
6454 9617.83347888
6455 9620.47155352
6456 9623.10956732
6457 9625.7475348
6458 9628.38542665
6459 9631.02325739
6460 9633.66103011
6461 9636.29873839
6462 9638.93639678
6463 9641.57398543
6464 9644.21150938
6465 9646.84897489
6466 9649.48637553
6467 9652.12372588
6468 9654.76100605
6469 9657.39822111
6470 9660.03537413
6471 9662.6724682
6472 9665.30950839
6473 9667.94647481
6474 9670.58338202
6475 9673.22022362
6476 9675.85700267
6477 9678.49373378
6478 9681.1303875
6479 9683.76697844
6480 9686.40350967
6481 9689.03997477
6482 9691.67638836
6483 9694.31273047
6484 9696.9490062
6485 9699.58521864
6486 9702.22137087
6487 9704.85746801
6488 9707.49349007
6489 9710.12945168
6490 9712.7653464
6491 9715.40117734
6492 9718.03695911
6493 9720.67266221
6494 9723.30830127
6495 9725.94387937
6496 9728.57939009
6497 9731.21485125
6498 9733.85023331
6499 9736.48555091
6500 9739.12080714
6501 9741.75599557
6502 9744.39113087
6503 9747.02619299
6504 9749.66118706
6505 9752.29611617
6506 9754.93098342
6507 9757.56579396
6508 9760.20052772
6509 9762.83519937
6510 9765.46980247
6511 9768.10434013
6512 9770.73882702
6513 9773.37323354
6514 9776.00757435
6515 9778.64185256
6516 9781.27606173
6517 9783.91021658
6518 9786.54429696
6519 9789.17830807
6520 9791.81225298
6521 9794.4461348
6522 9797.07995871
6523 9799.71370457
6524 9802.34738708
6525 9804.98099983
6526 9807.61454906
6527 9810.24804
6528 9812.88145246
6529 9815.51480117
6530 9818.1480797
6531 9820.78129114
6532 9823.41445024
6533 9826.04752727
6534 9828.68053696
6535 9831.31348241
6536 9833.9463572
6537 9836.57917607
6538 9839.2119188
6539 9841.84459062
6540 9844.47719462
6541 9847.10973389
6542 9849.74221369
6543 9852.37461375
6544 9855.00694884
6545 9857.63921253
6546 9860.27140792
6547 9862.90354979
6548 9865.53560833
6549 9868.16759832
6550 9870.79952286
6551 9873.43137552
6552 9876.0631711
6553 9878.69488928
6554 9881.32653534
6555 9883.95811554
6556 9886.58962346
6557 9889.2210739
6558 9891.85244654
6559 9894.48374665
6560 9897.11497733
6561 9899.74614168
6562 9902.37724499
6563 9905.0082669
6564 9907.63922224
6565 9910.27010457
6566 9912.90091699
6567 9915.53167434
6568 9918.1623467
6569 9920.79294891
6570 9923.42348407
6571 9926.05394575
6572 9928.68434879
6573 9931.31467279
6574 9933.94492306
6575 9936.57510271
6576 9939.20521482
6577 9941.83526475
6578 9944.46523204
6579 9947.09513156
6580 9949.72495689
6581 9952.35471111
6582 9954.9844091
6583 9957.61402088
6584 9960.24356132
6585 9962.87303352
6586 9965.50243104
6587 9968.13177196
6588 9970.76102625
6589 9973.39020881
6590 9976.01932273
6591 9978.64836158
6592 9981.27734027
6593 9983.90623828
6594 9986.53506099
6595 9989.16381148
6596 9991.79249288
6597 9994.42111055
6598 9997.04964395
6599 9999.67810802
6600 10002.30649631
6601 10004.93481192
6602 10007.56306979
6603 10010.19123982
6604 10012.81933693
6605 10015.44736423
6606 10018.07531529
6607 10020.70320504
6608 10023.33101291
6609 10025.9587443
6610 10028.5864023
6611 10031.21399003
6612 10033.8415129
6613 10036.4689503
6614 10039.09631719
6615 10041.72360713
6616 10044.35082641
6617 10046.97798046
6618 10049.60504863
6619 10052.2320459
6620 10054.85896584
6621 10057.48581154
6622 10060.112598
6623 10062.73929501
6624 10065.36591755
6625 10067.99246873
6626 10070.6189421
6627 10073.24535268
6628 10075.87167977
6629 10078.49792883
6630 10081.12410296
6631 10083.75020526
6632 10086.37624121
6633 10089.0021901
6634 10091.62806693
6635 10094.25386526
6636 10096.87958821
6637 10099.50523887
6638 10102.13082273
6639 10104.75631905
6640 10107.38174286
6641 10110.00708771
6642 10112.63235671
6643 10115.25756491
6644 10117.88268198
6645 10120.50772298
6646 10123.13269101
6647 10125.75757962
6648 10128.38240707
6649 10131.00714299
6650 10133.63180246
6651 10136.25638857
6652 10138.88089489
6653 10141.50533649
6654 10144.12969254
6655 10146.75396857
6656 10149.37816769
6657 10152.002293
6658 10154.62635004
6659 10157.25031796
6660 10159.87421184
6661 10162.49802525
6662 10165.12176129
6663 10167.74543506
6664 10170.36901613
6665 10172.99251961
6666 10175.6159486
6667 10178.23929666
6668 10180.86257891
6669 10183.48577444
6670 10186.10888881
6671 10188.73192513
6672 10191.35488652
6673 10193.97777854
6674 10196.60058027
6675 10199.22330684
6676 10201.8459518
6677 10204.46852145
6678 10207.09102137
6679 10209.71343061
6680 10212.33576432
6681 10214.95801604
6682 10217.58018889
6683 10220.20229803
6684 10222.82431292
6685 10225.4462487
6686 10228.06810851
6687 10230.68988588
6688 10233.31159599
6689 10235.93321784
6690 10238.55475704
6691 10241.17621669
6692 10243.79759991
6693 10246.41891232
6694 10249.0401329
6695 10251.66127682
6696 10254.28233765
6697 10256.90331849
6698 10259.52423453
6699 10262.14505517
6700 10264.7657956
6701 10267.38645894
6702 10270.00703873
6703 10272.62755018
6704 10275.24797223
6705 10277.8683105
6706 10280.48857132
6707 10283.10874821
6708 10285.72885642
6709 10288.34887484
6710 10290.96880911
6711 10293.58866237
6712 10296.20843772
6713 10298.82814084
6714 10301.4477506
6715 10304.06728223
6716 10306.68672929
6717 10309.30609489
6718 10311.92539427
6719 10314.54459673
6720 10317.16371751
6721 10319.78275972
6722 10322.40171692
6723 10325.02060437
6724 10327.63940089
6725 10330.25811217
6726 10332.87674134
6727 10335.49529151
6728 10338.11376838
6729 10340.73215076
6730 10343.35045393
6731 10345.96867142
6732 10348.58680635
6733 10351.20487403
6734 10353.82284364
6735 10356.44073048
6736 10359.05853767
6737 10361.67625875
6738 10364.29391222
6739 10366.91146726
6740 10369.52893916
6741 10372.14633105
6742 10374.76363647
6743 10377.38087074
6744 10379.99801258
6745 10382.61506774
6746 10385.23203933
6747 10387.84893048
6748 10390.46574693
6749 10393.0824674
6750 10395.6991072
6751 10398.31565989
6752 10400.93212858
6753 10403.54852862
6754 10406.16482911
6755 10408.78104538
6756 10411.39718056
6757 10414.0132282
6758 10416.62920365
6759 10419.24508555
6760 10421.8608797
6761 10424.4765892
6762 10427.09221719
6763 10429.70776945
6764 10432.32322461
6765 10434.93859803
6766 10437.55388327
6767 10440.16908663
6768 10442.78421392
6769 10445.39924374
6770 10448.01419148
6771 10450.62905067
6772 10453.24382443
6773 10455.85852818
6774 10458.47313089
6775 10461.08764797
6776 10463.70208253
6777 10466.31642812
6778 10468.93070016
6779 10471.54487719
6780 10474.15896503
6781 10476.77296681
6782 10479.38688566
6783 10482.00072742
6784 10484.61447061
6785 10487.22813065
6786 10489.84170108
6787 10492.45518504
6788 10495.06859795
6789 10497.68190873
6790 10500.29513283
6791 10502.90827335
6792 10505.52132385
6793 10508.13429977
6794 10510.7471796
6795 10513.35996918
6796 10515.97267166
6797 10518.58529014
6798 10521.19783053
6799 10523.81027444
6800 10526.42262777
6801 10529.03489364
6802 10531.64707518
6803 10534.25917827
6804 10536.87118135
6805 10539.48309988
6806 10542.0949274
6807 10544.70666705
6808 10547.31833431
6809 10549.929898
6810 10552.5413736
6811 10555.15276424
6812 10557.76406346
6813 10560.37528676
6814 10562.98641253
6815 10565.59744666
6816 10568.20839229
6817 10570.81925255
6818 10573.43003337
6819 10576.04071308
6820 10578.65130722
6821 10581.26180932
6822 10583.8722225
6823 10586.48256229
6824 10589.09279744
6825 10591.70294347
6826 10594.3130035
6827 10596.92297108
6828 10599.53286494
6829 10602.1426538
6830 10604.7523532
6831 10607.36196626
6832 10609.97148652
6833 10612.58092954
6834 10615.19027359
6835 10617.79952464
6836 10620.40868582
6837 10623.01776025
6838 10625.62675392
6839 10628.23564507
6840 10630.84444927
6841 10633.45316006
6842 10636.06178056
6843 10638.67032637
6844 10641.2787661
6845 10643.88711535
6846 10646.49537725
6847 10649.10354532
6848 10651.71163517
6849 10654.319625
6850 10656.9275208
6851 10659.53532571
6852 10662.14304286
6853 10664.75067826
6854 10667.35821009
6855 10669.96565396
6856 10672.57300339
6857 10675.18026473
6858 10677.78744399
6859 10680.39451933
6860 10683.00150637
6861 10685.60839864
6862 10688.21519928
6863 10690.82192392
6864 10693.42854109
6865 10696.03506643
6866 10698.64150306
6867 10701.24784452
6868 10703.85410646
6869 10706.46026698
6870 10709.06633214
6871 10711.67230505
6872 10714.27818886
6873 10716.88398963
6874 10719.48968543
6875 10722.09529194
6876 10724.70080266
6877 10727.30622075
6878 10729.91156188
6879 10732.5167945
6880 10735.12193428
6881 10737.72698436
6882 10740.33193826
6883 10742.93681169
6884 10745.54158266
6885 10748.14625726
6886 10750.75083862
6887 10753.35532989
6888 10755.95973715
6889 10758.56404162
6890 10761.16824938
6891 10763.77236358
6892 10766.37638735
6893 10768.9803268
6894 10771.58415991
6895 10774.18790238
6896 10776.79154777
6897 10779.39509918
6898 10781.99857238
6899 10784.60193568
6900 10787.20520482
6901 10789.80838294
6902 10792.41146357
6903 10795.01446245
6904 10797.61735751
6905 10800.22015488
6906 10802.82285769
6907 10805.4254691
6908 10808.02799524
6909 10810.63041401
6910 10813.23274117
6911 10815.83497025
6912 10818.43710438
6913 10821.03915935
6914 10823.6411034
6915 10826.24295232
6916 10828.84470924
6917 10831.44636768
6918 10834.04794664
6919 10836.64941435
6920 10839.2507866
6921 10841.85206652
6922 10844.45324765
6923 10847.05434577
6924 10849.65533873
6925 10852.25623268
6926 10854.85703079
6927 10857.45773619
6928 10860.05835506
6929 10862.65886523
6930 10865.25928249
6931 10867.85960036
6932 10870.459822
6933 10873.05996323
6934 10875.65999219
6935 10878.25992473
6936 10880.85976397
6937 10883.45950345
6938 10886.059159
6939 10888.65870837
6940 10891.25815778
6941 10893.85751038
6942 10896.4567693
6943 10899.05594077
6944 10901.65500253
6945 10904.25397042
6946 10906.85283797
6947 10909.45160832
6948 10912.05029733
6949 10914.64887309
6950 10917.24735466
6951 10919.84573556
6952 10922.44401895
6953 10925.0422207
6954 10927.64030886
6955 10930.2382993
6956 10932.83619519
6957 10935.43399002
6958 10938.03169971
6959 10940.62930189
6960 10943.22680284
6961 10945.82420569
6962 10948.4215136
6963 10951.01873285
6964 10953.61584105
6965 10956.21285412
6966 10958.80976558
6967 10961.40657857
6968 10964.003309
6969 10966.59992486
6970 10969.19644206
6971 10971.79286375
6972 10974.38918345
6973 10976.98541708
6974 10979.58154223
6975 10982.1775652
6976 10984.77348913
6977 10987.36931717
6978 10989.96505564
6979 10992.5606853
6980 10995.15621247
6981 10997.75164029
6982 11000.3469719
6983 11002.94221364
6984 11005.53734304
6985 11008.13237605
6986 11010.72730619
6987 11013.32213661
6988 11015.91688328
6989 11018.51151406
6990 11021.10604494
6991 11023.70047906
6992 11026.29480993
6993 11028.88905354
6994 11031.48318737
6995 11034.07721777
6996 11036.67114789
6997 11039.26498088
6998 11041.8587231
6999 11044.452352
7000 11047.04588359
7001 11049.63931138
7002 11052.23263851
7003 11054.825881
7004 11057.41900664
7005 11060.01203145
7006 11062.60495857
7007 11065.19778152
7008 11067.79051632
7009 11070.38314037
7010 11072.97566007
7011 11075.56808177
7012 11078.160399
7013 11080.75262778
7014 11083.3447455
7015 11085.93675856
7016 11088.5286701
7017 11091.12048328
7018 11093.71220452
7019 11096.30381116
7020 11098.89531926
7021 11101.48672232
7022 11104.07802351
7023 11106.66922597
7024 11109.26033613
7025 11111.85133132
7026 11114.4422276
7027 11117.03301848
7028 11119.62370712
7029 11122.21430959
7030 11124.80479356
7031 11127.3951751
7032 11129.98545737
7033 11132.57563389
7034 11135.16572073
7035 11137.75569518
7036 11140.34556369
7037 11142.93532941
7038 11145.52499549
7039 11148.11456841
7040 11150.70402862
7041 11153.29338258
7042 11155.88263345
7043 11158.47178439
7044 11161.06084187
7045 11163.64978312
7046 11166.23862424
7047 11168.82735877
7048 11171.41598984
7049 11174.00453359
7050 11176.59295759
7051 11179.18127795
7052 11181.76949784
7053 11184.35761076
7054 11186.94563287
7055 11189.53354133
7056 11192.12134265
7057 11194.70903998
7058 11197.29663647
7059 11199.88413865
7060 11202.47152365
7061 11205.05880765
7062 11207.64598414
7063 11210.23305629
7064 11212.82004026
7065 11215.40690354
7066 11217.9936623
7067 11220.58031969
7068 11223.16686922
7069 11225.75333029
7070 11228.33967036
7071 11230.92590561
7072 11233.5120392
7073 11236.09806464
7074 11238.68399811
7075 11241.26981671
7076 11243.85552698
7077 11246.44113207
7078 11249.02663515
7079 11251.61204277
7080 11254.19733199
7081 11256.78251902
7082 11259.36759737
7083 11261.95257019
7084 11264.5374537
7085 11267.12221529
7086 11269.70687118
7087 11272.29142453
7088 11274.87586884
7089 11277.46022034
7090 11280.04445606
7091 11282.62858256
7092 11285.21260301
7093 11287.79652056
7094 11290.38034182
7095 11292.96404377
7096 11295.54764264
7097 11298.13113195
7098 11300.71451486
7099 11303.29780763
7100 11305.88097757
7101 11308.46404414
7102 11311.04700086
7103 11313.62985089
7104 11316.21261051
7105 11318.79524698
7106 11321.37777659
7107 11323.96020249
7108 11326.54251819
7109 11329.12473998
7110 11331.70684477
7111 11334.28883918
7112 11336.87072638
7113 11339.45250953
7114 11342.03419528
7115 11344.6157605
7116 11347.1972215
7117 11349.77857178
7118 11352.3598145
7119 11354.94096597
7120 11357.52199341
7121 11360.10291312
7122 11362.68372826
7123 11365.26443234
7124 11367.84504168
7125 11370.42553312
7126 11373.00591333
7127 11375.58618546
7128 11378.16635268
7129 11380.74642168
7130 11383.32637247
7131 11385.90621175
7132 11388.48594267
7133 11391.06556839
7134 11393.64509562
7135 11396.22450113
7136 11398.80380127
7137 11401.38298956
7138 11403.96206915
7139 11406.5410564
7140 11409.11991842
7141 11411.69867158
7142 11414.27731903
7143 11416.85585428
7144 11419.43429371
7145 11422.01261405
7146 11424.59082203
7147 11427.1689208
7148 11429.74691352
7149 11432.32480693
7150 11434.90257775
7151 11437.48024235
7152 11440.05779424
7153 11442.6352366
7154 11445.2125858
7155 11447.7898089
7156 11450.36692229
7157 11452.94392913
7158 11455.52082292
7159 11458.09762009
7160 11460.67429729
7161 11463.25086128
7162 11465.82731845
7163 11468.40366229
7164 11470.97990923
7165 11473.55603592
7166 11476.13204912
7167 11478.707952
7168 11481.28374771
7169 11483.85944304
7170 11486.43501461
7171 11489.01047884
7172 11491.58582926
7173 11494.16106901
7174 11496.73621456
7175 11499.31123283
7176 11501.88614028
7177 11504.46094007
7178 11507.03562571
7179 11509.61021365
7180 11512.18468047
7181 11514.75903297
7182 11517.33327431
7183 11519.90740766
7184 11522.48143983
7185 11525.05534738
7186 11527.62914677
7187 11530.20283151
7188 11532.77640476
7189 11535.34988302
7190 11537.92323313
7191 11540.49647482
7192 11543.06960159
7193 11545.64261659
7194 11548.21553633
7195 11550.78832765
7196 11553.36100705
7197 11555.93357769
7198 11558.50603307
7199 11561.07838972
7200 11563.6506241
7201 11566.22274306
7202 11568.79474977
7203 11571.3666474
7204 11573.93844281
7205 11576.51011244
7206 11579.08167283
7207 11581.65311747
7208 11584.22444954
7209 11586.79568557
7210 11589.36679232
7211 11591.93778634
7212 11594.50867078
7213 11597.07943916
7214 11599.65010802
7215 11602.22065376
7216 11604.79108327
7217 11607.36139972
7218 11609.93160628
7219 11612.50170984
7220 11615.07169
7221 11617.64155366
7222 11620.21130399
7223 11622.78094416
7224 11625.35048108
7225 11627.9198911
7226 11630.48919079
7227 11633.05837366
7228 11635.62744288
7229 11638.19641504
7230 11640.76525679
7231 11643.33398473
7232 11645.90260203
7233 11648.47110218
7234 11651.03950179
7235 11653.60777717
7236 11656.17593525
7237 11658.74397919
7238 11661.31191217
7239 11663.87974114
7240 11666.44744236
7241 11669.01503247
7242 11671.58250495
7243 11674.14986298
7244 11676.71712319
7245 11679.28425217
7246 11681.85126653
7247 11684.41816945
7248 11686.98495443
7249 11689.55163812
7250 11692.11819674
7251 11694.68463726
7252 11697.25096608
7253 11699.8171767
7254 11702.38328577
7255 11704.94926949
7256 11707.51513486
7257 11710.08088503
7258 11712.64652319
7259 11715.21205632
7260 11717.77746062
7261 11720.34275274
7262 11722.90792618
7263 11725.47298412
7264 11728.03794324
7265 11730.60277001
7266 11733.16748113
7267 11735.73207976
7268 11738.2965594
7269 11740.86093674
7270 11743.42518793
7271 11745.98931996
7272 11748.55333602
7273 11751.11723929
7274 11753.68103678
7275 11756.24470461
7276 11758.80825949
7277 11761.37169492
7278 11763.93501405
7279 11766.49823363
7280 11769.06132004
7281 11771.62429325
7282 11774.18714673
7283 11776.74988367
7284 11779.31252081
7285 11781.87502451
7286 11784.43741152
7287 11786.99968501
7288 11789.56183847
7289 11792.12388865
7290 11794.68581158
7291 11797.24761434
7292 11799.80930009
7293 11802.37087201
7294 11804.93233717
7295 11807.4936716
7296 11810.05489204
7297 11812.615992
7298 11815.17697464
7299 11817.73785674
7300 11820.29860461
7301 11822.85923501
7302 11825.41975112
7303 11827.98014643
7304 11830.54043774
7305 11833.10060099
7306 11835.6606433
7307 11838.22056784
7308 11840.78037779
7309 11843.34008025
7310 11845.89965118
7311 11848.45910735
7312 11851.01844228
7313 11854.87487788
7314 11858.73120678
7315 11862.58745611
7316 11866.4435985
7317 11870.29966111
7318 11874.1556302
7319 11878.011492
7320 11881.86727369
7321 11885.72294787
7322 11889.57854173
7323 11893.43404151
7324 11897.28943342
7325 11901.1447447
7326 11904.99994788
7327 11908.85507021
7328 11912.71008421
7329 11916.56501714
7330 11920.41985521
7331 11924.27458462
7332 11928.12923263
7333 11931.98377175
7334 11935.83822926
7335 11939.69259136
7336 11943.54684099
7337 11947.40101193
7338 11951.25507339
7339 11955.10905272
7340 11958.96292235
7341 11962.81670963
7342 11966.67040072
7343 11970.52398178
7344 11974.37748016
7345 11978.23086829
7346 11982.08417352
7347 11985.93738202
7348 11989.79047991
7349 11993.6434946
7350 11997.49639846
7351 12001.3492189
7352 12005.20192829
7353 12009.05455405
7354 12012.9070823
7355 12016.75949916
7356 12020.61183208
7357 12024.46405337
7358 12028.3161905
7359 12032.16821579
7360 12036.02015671
7361 12039.87199936
7362 12043.72372983
7363 12047.57537561
7364 12051.42690898
7365 12055.27835746
7366 12059.12970712
7367 12062.98094404
7368 12066.83209575
7369 12070.68313449
7370 12074.53408781
7371 12078.3849247
7372 12082.2356792
7373 12086.08633412
7374 12089.93687551
7375 12093.78733096
7376 12097.63767266
7377 12101.4879282
7378 12105.33808363
7379 12109.18812497
7380 12113.03807985
7381 12116.88792041
7382 12120.73767431
7383 12124.58731367
7384 12128.43686614
7385 12132.28631775
7386 12136.1356545
7387 12139.98490404
7388 12143.83403851
7389 12147.68308557
7390 12151.53203122
7391 12155.38086146
7392 12159.22960398
7393 12163.07823086
7394 12166.92676982
7395 12170.77519292
7396 12174.62352789
7397 12178.47176071
7398 12182.31987734
7399 12186.16790553
7400 12190.01581731
7401 12193.86364044
7402 12197.71136089
7403 12201.55896459
7404 12205.40647934
7405 12209.2538739
7406 12213.10118253
7407 12216.94837398
7408 12220.79547606
7409 12224.64247472
7410 12228.48935586
7411 12232.33614734
7412 12236.18282108
7413 12240.02940495
7414 12243.87587087
7415 12247.72224671
7416 12251.56851838
7417 12255.41467177
7418 12259.26073478
7419 12263.10667929
7420 12266.95253321
7421 12270.79828243
7422 12274.64391283
7423 12278.48945234
7424 12282.33487281
7425 12286.18020218
7426 12290.02541229
7427 12293.8705311
7428 12297.71554448
7429 12301.56043828
7430 12305.40524047
7431 12309.24992286
7432 12313.09451344
7433 12316.93899807
7434 12320.78336257
7435 12324.62763496
7436 12328.47178702
7437 12332.31584676
7438 12336.15978594
7439 12340.00363261
7440 12343.84736936
7441 12347.69098846
7442 12351.53451475
7443 12355.37791994
7444 12359.22123212
7445 12363.06443709
7446 12366.90752064
7447 12370.75051087
7448 12374.59337947
7449 12378.43615456
7450 12382.27880779
7451 12386.12136731
7452 12389.9638189
7453 12393.80614832
7454 12397.64838371
7455 12401.49049673
7456 12405.33251553
7457 12409.17442588
7458 12413.01621353
7459 12416.85790666
7460 12420.69947688
7461 12424.54095238
7462 12428.38230476
7463 12432.22356222
7464 12436.06471051
7465 12439.90573535
7466 12443.74666498
7467 12447.58747095
7468 12451.42818151
7469 12455.26878239
7470 12459.10925928
7471 12462.94964048
7472 12466.78989748
7473 12470.63005858
7474 12474.47009528
7475 12478.31003264
7476 12482.14986283
7477 12485.98956831
7478 12489.82917739
7479 12493.66866154
7480 12497.5080491
7481 12501.34731152
7482 12505.18647715
7483 12509.02553166
7484 12512.86446072
7485 12516.70329269
7486 12520.541999
7487 12524.38060803
7488 12528.21910544
7489 12532.05747686
7490 12535.89575071
7491 12539.73389838
7492 12543.57194827
7493 12547.40987177
7494 12551.24769729
7495 12555.08541049
7496 12558.92299698
7497 12562.76048521
7498 12566.59784652
7499 12570.43510938
7500 12574.2722594
7501 12578.10928219
7502 12581.94620623
7503 12585.78300284
7504 12589.61970051
7505 12593.45627053
7506 12597.29274141
7507 12601.12909876
7508 12604.96532815
7509 12608.80145488
7510 12612.63745668
7511 12616.47335887
7512 12620.30914701
7513 12624.14480668
7514 12627.98036644
7515 12631.81579752
7516 12635.6511285
7517 12639.48633059
7518 12643.32143239
7519 12647.15641946
7520 12650.99127732
7521 12654.8260346
7522 12658.66066248
7523 12662.49518959
7524 12666.32960147
7525 12670.16388363
7526 12673.99806473
7527 12677.83211591
7528 12681.66606585
7529 12685.49988566
7530 12689.33360403
7531 12693.16720647
7532 12697.00067848
7533 12700.83404877
7534 12704.66728842
7535 12708.50042615
7536 12712.33343304
7537 12716.16633783
7538 12719.999126
7539 12723.83178302
7540 12727.66433764
7541 12731.49676092
7542 12735.32908162
7543 12739.1612852
7544 12742.9933539
7545 12746.82532297
7546 12750.65716017
7547 12754.48889432
7548 12758.32049642
7549 12762.15199526
7550 12765.98337632
7551 12769.814625
7552 12773.64577016
7553 12777.47678275
7554 12781.30769163
7555 12785.13848222
7556 12788.96913994
7557 12792.79969367
7558 12796.63011432
7559 12800.46043079
7560 12804.29061399
7561 12808.12069281
7562 12811.95065267
7563 12815.78047895
7564 12819.61020057
7565 12823.43978843
7566 12827.26927144
7567 12831.098635
7568 12834.92786448
7569 12838.75698884
7570 12842.58597893
7571 12846.41486371
7572 12850.24361401
7573 12854.07225881
7574 12857.90078349
7575 12861.7291734
7576 12865.55745753
7577 12869.38560668
7578 12873.21364988
7579 12877.04156923
7580 12880.86935654
7581 12884.69703761
7582 12888.52458321
7583 12892.35202239
7584 12896.1793259
7585 12900.0065228
7586 12903.83359842
7587 12907.66053807
7588 12911.48737084
7589 12915.31406743
7590 12919.14065696
7591 12922.96711012
7592 12926.79345604
7593 12930.61968
7594 12934.44576729
7595 12938.27174707
7596 12942.09758997
7597 12945.92332517
7598 12949.74893795
7599 12953.57441356
7600 12957.39978119
7601 12961.22501147
7602 12965.05013358
7603 12968.87511814
7604 12972.69999435
7605 12976.52474746
7606 12980.34936273
7607 12984.17386938
7608 12987.99823799
7609 12991.82249779
7610 12995.64663403
7611 12999.47063193
7612 13003.29452075
7613 13007.1182678
7614 13010.94190883
7615 13014.76541113
7616 13018.588804
7617 13022.41207264
7618 13026.23520226
7619 13030.05822217
7620 13033.88110286
7621 13037.70387366
7622 13041.52651976
7623 13045.34902636
7624 13049.1714228
7625 13052.99367953
7626 13056.81582593
7627 13060.63783242
7628 13064.45972839
7629 13068.28149902
7630 13072.10312946
7631 13075.9246491
7632 13079.74602837
7633 13083.56729666
7634 13087.38843914
7635 13091.20944095
7636 13095.03033151
7637 13098.85108122
7638 13102.6717195
7639 13106.49221673
7640 13110.31260237
7641 13114.13286153
7642 13117.95297935
7643 13121.77298531
7644 13125.59284973
7645 13129.41260211
7646 13133.23221275
7647 13137.05171118
7648 13140.87107925
7649 13144.69030855
7650 13148.50942536
7651 13152.32839996
7652 13156.14726189
7653 13159.96599625
7654 13163.78458812
7655 13167.60306706
7656 13171.4214033
7657 13175.23962645
7658 13179.05770671
7659 13182.8756737
7660 13186.69351246
7661 13190.51120806
7662 13194.32879012
7663 13198.14622882
7664 13201.9635538
7665 13205.7807501
7666 13209.59780277
7667 13213.41474145
7668 13217.2315363
7669 13221.04821699
7670 13224.86475366
7671 13228.68117599
7672 13232.49746901
7673 13236.31361774
7674 13240.12965185
7675 13243.94554149
7676 13247.76131634
7677 13251.57696143
7678 13255.39246174
7679 13259.20784702
7680 13263.02308734
7681 13266.83821245
7682 13270.65318917
7683 13274.46805374
7684 13278.28278791
7685 13282.09737665
7686 13285.91184975
7687 13289.72617723
7688 13293.54038888
7689 13297.35446969
7690 13301.1684046
7691 13304.98222343
7692 13308.79589617
7693 13312.60945266
7694 13316.42286288
7695 13320.23615667
7696 13324.04931898
7697 13327.86233475
7698 13331.67523382
7699 13335.48798616
7700 13339.30062164
7701 13343.1131102
7702 13346.92548173
7703 13350.73772115
7704 13354.54981337
7705 13358.36178831
7706 13362.17361585
7707 13365.98532594
7708 13369.79690348
7709 13373.60833335
7710 13377.4196455
7711 13381.23080981
7712 13385.04185623
7713 13388.85275461
7714 13392.66353494
7715 13396.47418209
7716 13400.28468093
7717 13404.09505822
7718 13407.90529025
7719 13411.7154038
7720 13415.52538374
7721 13419.3352149
7722 13423.14492732
7723 13426.95449079
7724 13430.76393535
7725 13434.57323077
7726 13438.38240712
7727 13442.19144923
7728 13446.00034193
7729 13449.8091153
7730 13453.61773907
7731 13457.42624334
7732 13461.23461294
7733 13465.04283266
7734 13468.85093264
7735 13472.65888256
7736 13476.46671256
7737 13480.27439233
7738 13484.08195201
7739 13487.8893764
7740 13491.69665028
7741 13495.50380382
7742 13499.31080667
7743 13503.11768902
7744 13506.92443564
7745 13510.73103129
7746 13514.53750619
7747 13518.34382995
7748 13522.15003278
7749 13525.95608429
7750 13529.7620147
7751 13533.56780878
7752 13537.37344803
7753 13541.17896917
7754 13544.98433854
7755 13548.7895864
7756 13552.5946823
7757 13556.39965653
7758 13560.20449382
7759 13564.00917888
7760 13567.81374202
7761 13571.61815275
7762 13575.4224414
7763 13579.22659267
7764 13583.03059127
7765 13586.83446753
7766 13590.63819094
7767 13594.44179184
7768 13598.24523972
7769 13602.04856492
7770 13605.85175216
7771 13609.65478609
7772 13613.4576971
7773 13617.26045465
7774 13621.06308911
7775 13624.86558516
7776 13628.66792747
7777 13632.47014646
7778 13636.27221152
7779 13640.0741531
7780 13643.87594057
7781 13647.67760439
7782 13651.47912921
7783 13655.28049967
7784 13659.08174622
7785 13662.88283824
7786 13666.68380294
7787 13670.48463147
7788 13674.28530518
7789 13678.08585459
7790 13681.88624902
7791 13685.68651897
7792 13689.48663377
7793 13693.28662393
7794 13697.08647407
7795 13700.88616879
7796 13704.68573863
7797 13708.48515288
7798 13712.28444208
7799 13716.08359084
7800 13719.88258374
7801 13723.68145136
7802 13727.48016294
7803 13731.27874908
7804 13735.077179
7805 13738.87548333
7806 13742.67364662
7807 13746.47165343
7808 13750.2695344
7809 13754.06725872
7810 13757.86485703
7811 13761.66229852
7812 13765.45961384
7813 13769.25678755
7814 13773.05380417
7815 13776.85069438
7816 13780.64742733
7817 13784.44403372
7818 13788.24049806
7819 13792.03680489
7820 13795.83298492
7821 13799.629004
7822 13803.42489937
7823 13807.22063687
7824 13811.01624724
7825 13814.81171499
7826 13818.60702462
7827 13822.40220688
7828 13826.19723085
7829 13829.99212729
7830 13833.7868807
7831 13837.58147556
7832 13841.37594265
7833 13845.17025101
7834 13848.96443146
7835 13852.758453
7836 13856.55234647
7837 13860.34609632
7838 13864.13968702
7839 13867.9331494
7840 13871.72645246
7841 13875.51962704
7842 13879.3126576
7843 13883.10552857
7844 13886.89827084
7845 13890.69085335
7846 13894.48330699
7847 13898.27560071
7848 13902.0677654
7849 13905.8597855
7850 13909.65164541
7851 13913.44337607
7852 13917.23494637
7853 13921.02638726
7854 13924.81768315
7855 13928.60881843
7856 13932.39982081
7857 13936.19066566
7858 13939.98138071
7859 13943.77193481
7860 13947.56235895
7861 13951.35263752
7862 13955.14275489
7863 13958.93274206
7864 13962.72256786
7865 13966.51226331
7866 13970.30179723
7867 13974.09120064
7868 13977.88045791
7869 13981.66955339
7870 13985.45851814
7871 13989.24732092
7872 13993.03599281
7873 13996.82451816
7874 14000.6128813
7875 14004.40111332
7876 14008.18918295
7877 14011.97712131
7878 14015.76489713
7879 14019.55254151
7880 14023.34003879
7881 14027.12737327
7882 14030.91457609
7883 14034.70161594
7884 14038.48852398
7885 14042.27528451
7886 14046.06188183
7887 14049.8483471
7888 14053.634649
7889 14057.42081869
7890 14061.2068216
7891 14064.9926954
7892 14068.77842113
7893 14072.56398306
7894 14076.34941242
7895 14080.13467782
7896 14083.91981048
7897 14087.70479469
7898 14091.48961467
7899 14095.27430171
7900 14099.05882436
7901 14102.84321391
7902 14106.62743891
7903 14110.41153066
7904 14114.19547338
7905 14117.97925132
7906 14121.76289577
7907 14125.54637526
7908 14129.32972111
7909 14133.11291756
7910 14136.8959488
7911 14140.67884617
7912 14144.46157818
7913 14148.24417618
7914 14152.02660865
7915 14155.80890695
7916 14159.59105529
7917 14163.37303785
7918 14167.15488602
7919 14170.93656826
7920 14174.71811595
7921 14178.49949754
7922 14182.28074445
7923 14186.06184084
7924 14189.84277088
7925 14193.62356277
7926 14197.40419139
7927 14201.18468495
7928 14204.96502761
7929 14208.74520351
7930 14212.52524413
7931 14216.30511783
7932 14220.0848561
7933 14223.86442729
7934 14227.6438629
7935 14231.42314706
7936 14235.2022639
7937 14238.98124493
7938 14242.76005848
7939 14246.53873608
7940 14250.31726185
7941 14254.09561989
7942 14257.87384176
7943 14261.65189574
7944 14265.4298134
7945 14269.20756301
7946 14272.98517615
7947 14276.76263692
7948 14280.5399294
7949 14284.3170852
7950 14288.09407254
7951 14291.87092304
7952 14295.64762079
7953 14299.42414985
7954 14303.20054186
7955 14306.97676501
7956 14310.75285097
7957 14314.52876791
7958 14318.3045475
7959 14322.08017056
7960 14325.85562761
7961 14329.6309471
7962 14333.40609718
7963 14337.18110954
7964 14340.95596823
7965 14344.73065727
7966 14348.50520839
7967 14352.27958969
7968 14356.05383292
7969 14359.82790619
7970 14363.60184124
7971 14367.37562207
7972 14371.14923271
7973 14374.92270491
7974 14378.69600675
7975 14382.46917001
7976 14386.24216274
7977 14390.01501675
7978 14393.78771603
7979 14397.56024455
7980 14401.33263413
7981 14405.10485279
7982 14408.87693237
7983 14412.64885683
7984 14416.42061015
7985 14420.19222417
7986 14423.96366688
7987 14427.73497014
7988 14431.50610194
7989 14435.27709415
7990 14439.04793073
7991 14442.8185956
7992 14446.58912068
7993 14450.3594739
7994 14454.12968393
7995 14457.89974119
7996 14461.66962637
7997 14465.43937138
7998 14469.20894416
7999 14472.97837662
8000 14476.7476367
8001 14480.51675632
8002 14484.28571941
8003 14488.05450988
8004 14491.82315968
8005 14495.5916367
8006 14499.35997291
8007 14503.12815223
8008 14506.89615852
8009 14510.6640238
8010 14514.43171591
8011 14518.19926687
8012 14521.9666445
8013 14525.73388083
8014 14529.50095974
8015 14533.26786509
8016 14537.03462894
8017 14540.80121908
8018 14544.56766756
8019 14548.33395826
8020 14552.10007502
8021 14555.86604992
8022 14559.63185072
8023 14563.39750952
8024 14567.16299407
8025 14570.92833649
8026 14574.6935206
8027 14578.45853024
8028 14582.22339752
8029 14585.98808693
8030 14589.7526371
8031 14593.5170286
8032 14597.28124524
8033 14601.04531918
8034 14604.80921811
8035 14608.5729742
8036 14612.33655513
8037 14616.09999309
8038 14619.86327186
8039 14623.62637525
8040 14627.38933545
8041 14631.15212011
8042 14634.91476144
8043 14638.67722708
8044 14642.43954926
8045 14646.20171176
8046 14649.96369833
8047 14653.72554124
8048 14657.48720808
8049 14661.24873111
8050 14665.01009409
8051 14668.77128078
8052 14672.53232345
8053 14676.29318967
8054 14680.05391175
8055 14683.81445722
8056 14687.57485842
8057 14691.33509906
8058 14695.09516287
8059 14698.8550822
8060 14702.61482455
8061 14706.37442227
8062 14710.13385909
8063 14713.89311545
8064 14717.65223024
8065 14721.41116767
8066 14725.16996014
8067 14728.9285751
8068 14732.68704497
8069 14736.44535343
8070 14740.20348416
8071 14743.96146959
8072 14747.71927714
8073 14751.47693925
8074 14755.2344396
8075 14758.99176185
8076 14762.74893847
8077 14766.50593683
8078 14770.26278942
8079 14774.01946361
8080 14777.77599189
8081 14781.53235791
8082 14785.28854531
8083 14789.04458661
8084 14792.80044913
8085 14796.55616541
8086 14800.31171908
8087 14804.06709376
8088 14807.82232199
8089 14811.57737109
8090 14815.33227361
8091 14819.08699684
8092 14822.84157336
8093 14826.59598677
8094 14830.35022069
8095 14834.10430768
8096 14837.85821503
8097 14841.61197533
8098 14845.36555259
8099 14849.11898591
8100 14852.87225564
8101 14856.62534535
8102 14860.37828768
8103 14864.13104985
8104 14867.88366451
8105 14871.63611522
8106 14875.38838556
8107 14879.14050818
8108 14882.89245028
8109 14886.64424453
8110 14890.39585811
8111 14894.14732371
8112 14897.89862489
8113 14901.64974517
8114 14905.40071729
8115 14909.15150837
8116 14912.90215114
8117 14916.65262914
8118 14920.40292589
8119 14924.15307413
8120 14927.90304098
8121 14931.6528592
8122 14935.40249587
8123 14939.15198378
8124 14942.90130644
8125 14946.65044734
8126 14950.39943928
8127 14954.14824931
8128 14957.89691026
8129 14961.64540561
8130 14965.39371884
8131 14969.14188279
8132 14972.88986122
8133 14976.63769349
8134 14980.38534336
8135 14984.13284368
8136 14987.88017792
8137 14991.62732955
8138 14995.37433143
8139 14999.12115055
8140 15002.86781981
8141 15006.61432264
8142 15010.3606425
8143 15014.1068123
8144 15017.85279898
8145 15021.59863547
8146 15025.3442887
8147 15029.0897916
8148 15032.83512762
8149 15036.58028016
8150 15040.32528219
8151 15044.0701006
8152 15047.81476838
8153 15051.55925239
8154 15055.30358563
8155 15059.04775151
8156 15062.79173343
8157 15066.53556438
8158 15070.27921122
8159 15074.02270696
8160 15077.76603501
8161 15081.50917874
8162 15085.25217119
8163 15088.99497918
8164 15092.73763575
8165 15096.48010773
8166 15100.22242816
8167 15103.96457719
8168 15107.70654465
8169 15111.44836038
8170 15115.18999115
8171 15118.93147008
8172 15122.6727805
8173 15126.41390576
8174 15130.15487898
8175 15133.89566689
8176 15137.63630264
8177 15141.37675294
8178 15145.11705095
8179 15148.85717999
8180 15152.59712338
8181 15156.33691429
8182 15160.07651941
8183 15163.81597192
8184 15167.55525513
8185 15171.29435234
8186 15175.03329675
8187 15178.77205503
8188 15182.51066038
8189 15186.24907946
8190 15189.98734549
8191 15193.72544177
8192 15197.46335156
8193 15201.20110811
8194 15204.93867804
8195 15208.67609462
8196 15212.41334111
8197 15216.15040077
8198 15219.88730688
8199 15223.62402603
8200 15227.36059151
8201 15231.09696988
8202 15234.83319122
8203 15238.56924525
8204 15242.30511198
8205 15246.04082473
8206 15249.77635004
8207 15253.51172124
8208 15257.24690485
8209 15260.98193424
8210 15264.71679263
8211 15268.45146324
8212 15272.18597943
8213 15275.9203077
8214 15279.65448143
8215 15283.38848384
8216 15287.12229813
8217 15290.85595769
8218 15294.58942899
8219 15298.32274545
8220 15302.05587351
8221 15305.78884661
8222 15309.52164793
8223 15313.25426064
8224 15316.98671822
8225 15320.71898705
8226 15324.45110061
8227 15328.18304208
8228 15331.91479461
8229 15335.64639168
8230 15339.37779968
8231 15343.10905211
8232 15346.84011532
8233 15350.57102284
8234 15354.30175782
8235 15358.03230338
8236 15361.76268983
8237 15365.49288997
8238 15369.22293411
8239 15372.95280539
8240 15376.68248693
8241 15380.41201228
8242 15384.14134776
8243 15387.87052693
8244 15391.5995161
8245 15395.32834884
8246 15399.05700827
8247 15402.78547749
8248 15406.51379011
8249 15410.24191238
8250 15413.96987793
8251 15417.69766985
8252 15421.42527123
8253 15425.15271571
8254 15428.87996951
8255 15432.60706629
8256 15436.33397226
8257 15440.06072109
8258 15443.78729585
8259 15447.5136796
8260 15451.23990604
8261 15454.96594133
8262 15458.69181919
8263 15462.41750577
8264 15466.1430348
8265 15469.86838931
8266 15473.59355236
8267 15477.31855768
8268 15481.04337139
8269 15484.76802725
8270 15488.49250829
8271 15492.21679428
8272 15495.94092549
8273 15499.66486477
8274 15503.3886459
8275 15507.11223497
8276 15510.83566578
8277 15514.55892133
8278 15518.28198462
8279 15522.00488947
8280 15525.72760193
8281 15529.45015583
8282 15533.17253417
8283 15536.89471992
8284 15540.61674694
8285 15544.33858125
8286 15548.0602567
8287 15551.78173931
8288 15555.50306295
8289 15559.22421059
8290 15562.94516519
8291 15566.66596065
8292 15570.38656294
8293 15574.10700598
8294 15577.8272727
8295 15581.54734607
8296 15585.26726
8297 15588.98698044
8298 15592.70654133
8299 15596.4259086
8300 15600.1451162
8301 15603.86414707
8302 15607.58298413
8303 15611.30166134
8304 15615.02014462
8305 15618.73846794
8306 15622.45661098
8307 15626.17456312
8308 15629.89235514
8309 15633.6099529
8310 15637.32739042
8311 15641.04463354
8312 15644.76171631
8313 15648.47862161
8314 15652.19533233
8315 15655.91188252
8316 15659.62823801
8317 15663.34443284
8318 15667.06043285
8319 15670.77627209
8320 15674.49193345
8321 15678.20739978
8322 15681.92270518
8323 15685.63781542
8324 15689.35276462
8325 15693.06753564
8326 15696.78211131
8327 15700.49652576
8328 15704.21074475
8329 15707.92480241
8330 15711.63866447
8331 15715.35236509
8332 15719.0658871
8333 15722.77921333
8334 15726.49237794
8335 15730.20534665
8336 15733.91815363
8337 15737.6307817
8338 15741.34321368
8339 15745.05548376
8340 15748.76755437
8341 15752.47946622
8342 15756.19118172
8343 15759.9027351
8344 15763.61410916
8345 15767.32528668
8346 15771.03630191
8347 15774.74712048
8348 15778.45777665
8349 15782.16825321
8350 15785.87853291
8351 15789.58865005
8352 15793.29857021
8353 15797.00832769
8354 15800.71788808
8355 15804.42728567
8356 15808.13650324
8357 15811.84552352
8358 15815.55438084
8359 15819.26304076
8360 15822.97153761
8361 15826.67985413
8362 15830.38797306
8363 15834.09592875
8364 15837.80368673
8365 15841.51128136
8366 15845.21867815
8367 15848.92591149
8368 15852.63296409
8369 15856.33981867
8370 15860.04650962
8371 15863.75300243
8372 15867.45933151
8373 15871.16546231
8374 15874.87142928
8375 15878.57721186
8376 15882.28279922
8377 15885.98822259
8378 15889.69344737
8379 15893.39850804
8380 15897.10338728
8381 15900.80806776
8382 15904.51258396
8383 15908.21690128
8384 15911.92105421
8385 15915.62500813
8386 15919.32879756
8387 15923.03240516
8388 15926.73581356
8389 15930.43905731
8390 15934.14210174
8391 15937.84498141
8392 15941.54767896
8393 15945.25017702
8394 15948.95251014
8395 15952.65464365
8396 15956.35661213
8397 15960.05838087
8398 15963.75998447
8399 15967.46140555
8400 15971.1626267
8401 15974.86368256
8402 15978.56453837
8403 15982.26522877
8404 15985.96573637
8405 15989.66604374
8406 15993.36618555
8407 15997.06612701
8408 16000.76590279
8409 16004.46547487
8410 16008.16488441
8411 16011.86411075
8412 16015.56313644
8413 16019.26199619
8414 16022.96065518
8415 16026.65914812
8416 16030.35745756
8417 16034.05556607
8418 16037.75350837
8419 16041.45124961
8420 16045.14882453
8421 16048.84619828
8422 16052.5434056
8423 16056.24042904
8424 16059.93725113
8425 16063.63390663
8426 16067.33036066
8427 16071.026648
8428 16074.72273374
8429 16078.4186527
8430 16082.11438738
8431 16085.80992029
8432 16089.50528625
8433 16093.20045032
8434 16096.89544733
8435 16100.59025979
8436 16104.28487018
8437 16107.97931337
8438 16111.67355437
8439 16115.36762805
8440 16119.06149943
8441 16122.75520339
8442 16126.4487224
8443 16130.14203894
8444 16133.83518466
8445 16137.52813102
8446 16141.22090971
8447 16144.91350317
8448 16148.60589386
8449 16152.29811672
8450 16155.99013669
8451 16159.68198872
8452 16163.37363774
8453 16167.06511872
8454 16170.75641409
8455 16174.44750629
8456 16178.13843028
8457 16181.82915099
8458 16185.51970338
8459 16189.2100699
8460 16192.90023295
8461 16196.59022754
8462 16200.28001855
8463 16203.969641
8464 16207.65905974
8465 16211.34830983
8466 16215.03737365
8467 16218.72623359
8468 16222.41492472
8469 16226.10341187
8470 16229.79173009
8471 16233.47986178
8472 16237.16778931
8473 16240.85554776
8474 16244.54310194
8475 16248.23048694
8476 16251.91766756
8477 16255.6046789
8478 16259.29150332
8479 16262.97811994
8480 16266.66457037
8481 16270.35081612
8482 16274.03689235
8483 16277.72276379
8484 16281.40846559
8485 16285.0939801
8486 16288.77928965
8487 16292.46442942
8488 16296.14936411
8489 16299.83412892
8490 16303.51870617
8491 16307.20307817
8492 16310.88728014
8493 16314.57127675
8494 16318.25510322
8495 16321.93872422
8496 16325.62217499
8497 16329.30543782
8498 16332.98849501
8499 16336.67138181
8500 16340.35406286
8501 16344.03657342
8502 16347.71889579
8503 16351.40101223
8504 16355.08295803
8505 16358.7646978
8506 16362.44626683
8507 16366.12762971
8508 16369.80882176
8509 16373.48982523
8510 16377.17062239
8511 16380.85124857
8512 16384.53166832
8513 16388.21191374
8514 16391.89197357
8515 16395.5718268
8516 16399.2515088
8517 16402.9309841
8518 16406.61028806
8519 16410.28938521
8520 16413.96831093
8521 16417.64704744
8522 16421.32557697
8523 16425.00393492
8524 16428.68208578
8525 16432.36006496
8526 16436.03785468
8527 16439.71543713
8528 16443.39284776
8529 16447.07005102
8530 16450.74708236
8531 16454.42390622
8532 16458.10055805
8533 16461.77702006
8534 16465.45327442
8535 16469.12935662
8536 16472.80523106
8537 16476.48093323
8538 16480.15642754
8539 16483.83174949
8540 16487.50688124
8541 16491.18180497
8542 16494.85655619
8543 16498.53109926
8544 16502.20546974
8545 16505.87964977
8546 16509.55362148
8547 16513.22742046
8548 16516.90100777
8549 16520.57442549
8550 16524.24763467
8551 16527.92067092
8552 16531.59351637
8553 16535.26615312
8554 16538.93861679
8555 16542.61087166
8556 16546.28295336
8557 16549.95484399
8558 16553.62652566
8559 16557.29803401
8560 16560.96933328
8561 16564.64045915
8562 16568.31137583
8563 16571.982119
8564 16575.65267075
8565 16579.32301316
8566 16582.99318192
8567 16586.66314123
8568 16590.33292679
8569 16594.00252067
8570 16597.67190495
8571 16601.34111533
8572 16605.010116
8573 16608.67894268
8574 16612.34755954
8575 16616.01600231
8576 16619.68425306
8577 16623.35229383
8578 16627.02016037
8579 16630.68781682
8580 16634.35529895
8581 16638.0225888
8582 16641.68966516
8583 16645.3565703
8584 16649.02326509
8585 16652.68978533
8586 16656.3560951
8587 16660.02223022
8588 16663.68817272
8589 16667.35390459
8590 16671.01946167
8591 16674.68480803
8592 16678.34997951
8593 16682.01495811
8594 16685.67972582
8595 16689.34431852
8596 16693.00870021
8597 16696.6729068
8598 16700.33690229
8599 16704.00072257
8600 16707.66434963
8601 16711.32776543
8602 16714.99100589
8603 16718.65403499
8604 16722.31688865
8605 16725.97953084
8606 16729.6419975
8607 16733.30427059
8608 16736.96633206
8609 16740.62821786
8610 16744.28989194
8611 16747.95139025
8612 16751.61269475
8613 16755.27378736
8614 16758.93470408
8615 16762.5954088
8616 16766.25593754
8617 16769.91625094
8618 16773.57639151
8619 16777.23633792
8620 16780.89607207
8621 16784.55563001
8622 16788.2149756
8623 16791.87414488
8624 16795.53311976
8625 16799.19188213
8626 16802.85046805
8627 16806.50884137
8628 16810.16703814
8629 16813.82502221
8630 16817.48282965
8631 16821.14044234
8632 16824.79784217
8633 16828.45506524
8634 16832.11207533
8635 16835.76890857
8636 16839.42554683
8637 16843.08197196
8638 16846.73822011
8639 16850.39425503
8640 16854.05011287
8641 16857.70575738
8642 16861.36122472
8643 16865.01649675
8644 16868.67155529
8645 16872.32643653
8646 16875.98110418
8647 16879.63559445
8648 16883.28988915
8649 16886.94397012
8650 16890.59787356
8651 16894.25156316
8652 16897.90507191
8653 16901.55836995
8654 16905.2114903
8655 16908.86441475
8656 16912.51712511
8657 16916.16965763
8658 16919.82197596
8659 16923.47411637
8660 16927.12604247
8661 16930.77779057
8662 16934.42934245
8663 16938.08067987
8664 16941.73183915
8665 16945.38278389
8666 16949.03355039
8667 16952.68412043
8668 16956.33447577
8669 16959.98465275
8670 16963.63461493
8671 16967.28439866
8672 16970.93396749
8673 16974.58335778
8674 16978.23255128
8675 16981.88152973
8676 16985.53032951
8677 16989.17891415
8678 16992.82732002
8679 16996.47552888
8680 17000.12352243
8681 17003.7713371
8682 17007.41893636
8683 17011.06635666
8684 17014.71356145
8685 17018.36058719
8686 17022.00741233
8687 17025.65402507
8688 17029.30045862
8689 17032.94667643
8690 17036.59271495
8691 17040.2385559
8692 17043.88418096
8693 17047.5296266
8694 17051.17485626
8695 17054.81990642
8696 17058.46474049
8697 17062.10939498
8698 17065.75385157
8699 17069.39809193
8700 17073.04215257
8701 17076.68599688
8702 17080.3296614
8703 17083.97312778
8704 17087.61637768
8705 17091.25944766
8706 17094.90230106
8707 17098.54497446
8708 17102.18743117
8709 17105.82970779
8710 17109.47178597
8711 17113.11364731
8712 17116.75532844
8713 17120.39679265
8714 17124.03807655
8715 17127.67914344
8716 17131.32002993
8717 17134.96071766
8718 17138.60118822
8719 17142.24147827
8720 17145.88155106
8721 17149.52144
8722 17153.16113319
8723 17156.80060898
8724 17160.43990404
8725 17164.0789816
8726 17167.71787835
8727 17171.3565575
8728 17174.99505575
8729 17178.6333547
8730 17182.2714359
8731 17185.90933609
8732 17189.54701843
8733 17193.18451968
8734 17196.82182138
8735 17200.45890511
8736 17204.09580761
8737 17207.73249203
8738 17211.36899514
8739 17215.00528008
8740 17218.64138362
8741 17222.27728732
8742 17225.9129727
8743 17229.54847656
8744 17233.18376201
8745 17236.81886586
8746 17240.45376964
8747 17244.08845487
8748 17247.72295837
8749 17251.35724323
8750 17254.99134628
8751 17258.62523058
8752 17262.258933
8753 17265.89243504
8754 17269.52571819
8755 17273.15881933
8756 17276.79169825
8757 17280.42439832
8758 17284.05689779
8759 17287.68917814
8760 17291.32127628
8761 17294.95315519
8762 17298.58485182
8763 17302.21632913
8764 17305.84762407
8765 17309.4787181
8766 17313.10959267
8767 17316.74028475
8768 17320.37075729
8769 17324.00104725
8770 17327.63111757
8771 17331.26100523
8772 17334.89069168
8773 17338.52015835
8774 17342.14944224
8775 17345.77850625
8776 17349.40738741
8777 17353.03606714
8778 17356.66452686
8779 17360.29280359
8780 17363.92086023
8781 17367.5487338
8782 17371.17638718
8783 17374.80385741
8784 17378.43112591
8785 17382.05817408
8786 17385.68503899
8787 17389.31168347
8788 17392.93814461
8789 17396.5644038
8790 17400.19043919
8791 17403.81629436
8792 17407.44192887
8793 17411.06737984
8794 17414.69261006
8795 17418.31765667
8796 17421.94250102
8797 17425.56712449
8798 17429.19156423
8799 17432.81578299
8800 17436.43981792
8801 17440.0636504
8802 17443.68726177
8803 17447.3106892
8804 17450.93389543
8805 17454.55691764
8806 17458.17971856
8807 17461.80233538
8808 17465.42474945
8809 17469.04694209
8810 17472.66895051
8811 17476.29073742
8812 17479.91234003
8813 17483.53373968
8814 17487.15491767
8815 17490.77591126
8816 17494.3966831
8817 17498.01727045
8818 17501.63763597
8819 17505.25781692
8820 17508.87779461
8821 17512.49755033
8822 17516.11712138
8823 17519.73647036
8824 17523.35563458
8825 17526.97457341
8826 17530.59333065
8827 17534.21188434
8828 17537.83021574
8829 17541.44836219
8830 17545.06628627
8831 17548.68402532
8832 17552.30156061
8833 17555.91887339
8834 17559.53600103
8835 17563.15290607
8836 17566.76962589
8837 17570.38612303
8838 17574.00243487
8839 17577.61854266
8840 17581.23442763
8841 17584.85012719
8842 17588.46560385
8843 17592.08089502
8844 17595.69598193
8845 17599.3108458
8846 17602.92552407
8847 17606.53997922
8848 17610.15424869
8849 17613.76829494
8850 17617.38215544
8851 17620.99581139
8852 17624.609244
8853 17628.22249075
8854 17631.83551405
8855 17635.44835142
8856 17639.06098404
8857 17642.67339309
8858 17646.28561609
8859 17649.89761219
8860 17653.50942541
8861 17657.12101488
8862 17660.73241815
8863 17664.34361639
8864 17667.95459075
8865 17671.5653788
8866 17675.17594289
8867 17678.78632059
8868 17682.39649306
8869 17686.00644143
8870 17689.61620331
8871 17693.225741
8872 17696.83509213
8873 17700.44421898
8874 17704.05315919
8875 17707.66189388
8876 17711.27040418
8877 17714.87872772
8878 17718.48682678
8879 17722.094739
8880 17725.70242666
8881 17729.30992741
8882 17732.91722236
8883 17736.52429262
8884 17740.13117586
8885 17743.73783432
8886 17747.34430569
8887 17750.95057106
8888 17754.55661152
8889 17758.16246479
8890 17761.76809305
8891 17765.37353405
8892 17768.97874996
8893 17772.58377852
8894 17776.18859758
8895 17779.79319466
8896 17783.39760429
8897 17787.00178863
8898 17790.60578543
8899 17794.20957577
8900 17797.81314069
8901 17801.41651796
8902 17805.01966974
8903 17808.6226338
8904 17812.22537227
8905 17815.82792296
8906 17819.43026691
8907 17823.03238514
8908 17826.63431548
8909 17830.23602002
8910 17833.8375366
8911 17837.43884624
8912 17841.03992995
8913 17844.64082559
8914 17848.24149522
8915 17851.84197671
8916 17855.4422321
8917 17859.04229928
8918 17862.64215925
8919 17866.241793
8920 17869.84123843
8921 17873.44045756
8922 17877.03948829
8923 17880.63831163
8924 17884.23690853
8925 17887.83531693
8926 17891.43349883
8927 17895.03149215
8928 17898.62925888
8929 17902.22683373
8930 17905.82420415
8931 17909.42134785
8932 17913.0183028
8933 17916.61503095
8934 17920.21157028
8935 17923.80788273
8936 17927.4040063
8937 17930.99992192
8938 17934.59561054
8939 17938.19111016
8940 17941.78638269
8941 17945.38146617
8942 17948.97634151
8943 17952.57098963
8944 17956.16544859
8945 17959.75968026
8946 17963.35372269
8947 17966.94753774
8948 17970.54116349
8949 17974.13458084
8950 17977.72777069
8951 17981.32077113
8952 17984.91354399
8953 17988.50612737
8954 17992.09850217
8955 17995.69064926
8956 17999.28260677
8957 18002.8743365
8958 18006.46587657
8959 18010.05718878
8960 18013.64831127
8961 18017.23922491
8962 18020.82991056
8963 18024.42040315
8964 18028.01067092
8965 18031.60074879
8966 18035.19061762
8967 18038.78025827
8968 18042.36970892
8969 18045.95893131
8970 18049.54796363
8971 18053.1367676
8972 18056.72538144
8973 18060.31378598
8974 18063.90196206
8975 18067.4899479
8976 18071.0777052
8977 18074.66527219
8978 18078.2526297
8979 18081.83975855
8980 18085.42669699
8981 18089.01340668
8982 18092.59992591
8983 18096.1862163
8984 18099.77231616
8985 18103.35820628
8986 18106.94386745
8987 18110.52933798
8988 18114.11457949
8989 18117.69963029
8990 18121.28445199
8991 18124.86908291
8992 18128.45350384
8993 18132.03769555
8994 18135.62169638
8995 18139.20546791
8996 18142.7890485
8997 18146.37241891
8998 18149.95555667
8999 18153.53850662
9000 18157.12122708
9001 18160.70375643
9002 18164.2860562
9003 18167.8681648
9004 18171.45006297
9005 18175.03173144
9006 18178.61320865
9007 18182.19445608
9008 18185.77551217
9009 18189.35635765
9010 18192.93697325
9011 18196.51739741
9012 18200.0975916
9013 18203.67759428
9014 18207.25736692
9015 18210.836948
9016 18214.41631821
9017 18217.99545827
9018 18221.57440665
9019 18225.1531248
9020 18228.73165122
9021 18232.3099666
9022 18235.88805162
9023 18239.46594482
9024 18243.04360758
9025 18246.62107845
9026 18250.19831881
9027 18253.77536721
9028 18257.35220432
9029 18260.92881082
9030 18264.50522525
9031 18268.08140898
9032 18271.6574006
9033 18275.23317751
9034 18278.80872685
9035 18282.38408397
9036 18285.9592102
9037 18289.53414414
9038 18293.10884712
9039 18296.68335775
9040 18300.25765667
9041 18303.83172451
9042 18307.40559991
9043 18310.97924415
9044 18314.55269589
9045 18318.12591639
9046 18321.69894432
9047 18325.2717603
9048 18328.84434494
9049 18332.4167369
9050 18335.98889745
9051 18339.56086527
9052 18343.13262096
9053 18346.70414511
9054 18350.27547644
9055 18353.84657616
9056 18357.41748299
9057 18360.98815814
9058 18364.55864034
9059 18368.12891017
9060 18371.6989482
9061 18375.26879319
9062 18378.8384063
9063 18382.40782631
9064 18385.97703378
9065 18389.54600926
9066 18393.11479154
9067 18396.68333853
9068 18400.25169548
9069 18403.81982031
9070 18407.38775181
9071 18410.95547053
9072 18414.522957
9073 18418.09025006
9074 18421.65731079
9075 18425.22417805
9076 18428.79083235
9077 18432.35725422
9078 18435.92348253
9079 18439.48947832
9080 18443.05528048
9081 18446.62085007
9082 18450.18622595
9083 18453.75138865
9084 18457.31631866
9085 18460.88105488
9086 18464.44555834
9087 18468.00986795
9088 18471.5739642
9089 18475.13782759
9090 18478.70149702
9091 18482.26493352
9092 18485.82817601
9093 18489.39118548
9094 18492.95400089
9095 18496.51660271
9096 18500.0789714
9097 18503.64114594
9098 18507.20308728
9099 18510.7648344
9100 18514.32634824
9101 18517.88766782
9102 18521.44877033
9103 18525.0096427
9104 18528.57032069
9105 18532.13076524
9106 18535.69101536
9107 18539.25105149
9108 18542.81085406
9109 18546.37046211
9110 18549.92983652
9111 18553.48901636
9112 18557.0479625
9113 18560.60671399
9114 18564.16525127
9115 18567.72355473
9116 18571.28166346
9117 18574.83953832
9118 18578.39721838
9119 18581.95468406
9120 18585.51191575
9121 18589.06895256
9122 18592.62575531
9123 18596.18236312
9124 18599.7387368
9125 18603.29491549
9126 18606.85087956
9127 18610.40660939
9128 18613.96214414
9129 18617.51744458
9130 18621.07254987
9131 18624.62744039
9132 18628.1820965
9133 18631.73655737
9134 18635.29078375
9135 18638.84481485
9136 18643.81013668
9137 18648.7752775
9138 18653.74023724
9139 18658.7050387
9140 18663.66963607
9141 18668.63405215
9142 18673.5982901
9143 18678.56234337
9144 18683.52621514
9145 18688.48992499
9146 18693.45343677
9147 18698.4167636
9148 18703.37990863
9149 18708.3428718
9150 18713.30567596
9151 18718.2682752
9152 18723.23069236
9153 18728.19293061
9154 18733.15498342
9155 18738.11685393
9156 18743.0785618
9157 18748.04007077
9158 18753.001394
9159 18757.96253467
9160 18762.92349593
9161 18767.88427125
9162 18772.84488352
9163 18777.80529321
9164 18782.76552321
9165 18787.72556699
9166 18792.68542771
9167 18797.64510852
9168 18802.60462267
9169 18807.56393378
9170 18812.52306156
9171 18817.48200915
9172 18822.44077003
9173 18827.39936714
9174 18832.35776409
9175 18837.31597411
9176 18842.27400037
9177 18847.23184279
9178 18852.18950455
9179 18857.14699892
9180 18862.10428944
9181 18867.06139908
9182 18872.01832131
9183 18876.9750593
9184 18881.93161296
9185 18886.8880053
9186 18891.84419013
9187 18896.80019043
9188 18901.75600936
9189 18906.7116404
9190 18911.66710656
9191 18916.62236806
9192 18921.57744793
9193 18926.53233962
9194 18931.4870463
9195 18936.4415679
9196 18941.39592747
9197 18946.3500787
9198 18951.30404466
9199 18956.25782849
9200 18961.21142366
9201 18966.16483334
9202 18971.11807736
9203 18976.07111909
9204 18981.02397188
9205 18985.97663891
9206 18990.92912333
9207 18995.88143854
9208 19000.83354786
9209 19005.78547113
9210 19010.73721153
9211 19015.68876251
9212 19020.64012725
9213 19025.59132886
9214 19030.54232091
9215 19035.4931265
9216 19040.44374557
9217 19045.39418129
9218 19050.34442712
9219 19055.29450621
9220 19060.24438176
9221 19065.19406721
9222 19070.14356574
9223 19075.09287728
9224 19080.04202498
9225 19084.99096233
9226 19089.93971247
9227 19094.88827858
9228 19099.83665412
9229 19104.78484226
9230 19109.73286296
9231 19114.68067933
9232 19119.62830487
9233 19124.57574273
9234 19129.52299608
9235 19134.47005839
9236 19139.41695288
9237 19144.36363938
9238 19149.31014111
9239 19154.25645152
9240 19159.20257379
9241 19164.14852793
9242 19169.09427695
9243 19174.03983439
9244 19178.98520342
9245 19183.9303872
9246 19188.8753792
9247 19193.82020269
9248 19198.76481741
9249 19203.70924661
9250 19208.65348376
9251 19213.59753204
9252 19218.5413946
9253 19223.48508504
9254 19228.42856627
9255 19233.37185836
9256 19238.31496447
9257 19243.25787807
9258 19248.20062247
9259 19253.14316054
9260 19258.0855059
9261 19263.02766172
9262 19267.96962792
9263 19272.91140768
9264 19277.85301463
9265 19282.7944116
9266 19287.73562193
9267 19292.67663908
9268 19297.61746623
9269 19302.5581033
9270 19307.49857365
9271 19312.43883038
9272 19317.37889683
9273 19322.31877617
9274 19327.25846188
9275 19332.19797733
9276 19337.13728203
9277 19342.07639937
9278 19347.0153228
9279 19351.9540555
9280 19356.89260063
9281 19361.8309719
9282 19366.76913201
9283 19371.70710112
9284 19376.64488241
9285 19381.58246933
9286 19386.51986506
9287 19391.45709303
9288 19396.39410619
9289 19401.33092795
9290 19406.26755827
9291 19411.20400029
9292 19416.14026779
9293 19421.07632336
9294 19426.01218721
9295 19430.94786251
9296 19435.88334274
9297 19440.81863106
9298 19445.75375095
9299 19450.68865526
9300 19455.62336747
9301 19460.55788751
9302 19465.49221855
9303 19470.42635405
9304 19475.36031754
9305 19480.29407149
9306 19485.22762972
9307 19490.1609954
9308 19495.09416845
9309 19500.02715205
9310 19504.95996003
9311 19509.89255484
9312 19514.82496
9313 19519.75716898
9314 19524.68918496
9315 19529.62102826
9316 19534.55266126
9317 19539.48409784
9318 19544.41534115
9319 19549.34639436
9320 19554.27725095
9321 19559.2079345
9322 19564.13840412
9323 19569.06868338
9324 19573.99876577
9325 19578.92865444
9326 19583.85835257
9327 19588.78787407
9328 19593.71718123
9329 19598.64629442
9330 19603.57521681
9331 19608.50394188
9332 19613.43249325
9333 19618.36083317
9334 19623.28897557
9335 19628.21692363
9336 19633.14467727
9337 19638.07223968
9338 19642.99962479
9339 19647.92679483
9340 19652.85377019
9341 19657.78055406
9342 19662.70713991
9343 19667.6335309
9344 19672.55975072
9345 19677.48575181
9346 19682.41155786
9347 19687.33716881
9348 19692.26258781
9349 19697.18782889
9350 19702.11285413
9351 19707.03768725
9352 19711.96232172
9353 19716.8867607
9354 19721.81100414
9355 19726.73507575
9356 19731.65892791
9357 19736.58258433
9358 19741.50604818
9359 19746.42931294
9360 19751.35238178
9361 19756.27527522
9362 19761.19795525
9363 19766.12043595
9364 19771.04272048
9365 19775.96481199
9366 19780.88672459
9367 19785.80842023
9368 19790.72991944
9369 19795.6512254
9370 19800.57233158
9371 19805.49324115
9372 19810.41397792
9373 19815.33449409
9374 19820.25481347
9375 19825.17493599
9376 19830.09486483
9377 19835.01459345
9378 19839.93414569
9379 19844.8534834
9380 19849.77262072
9381 19854.6915608
9382 19859.6103036
9383 19864.52887296
9384 19869.447221
9385 19874.36537156
9386 19879.28332459
9387 19884.20108325
9388 19889.11864102
9389 19894.03602178
9390 19898.95318728
9391 19903.87015171
9392 19908.78691824
9393 19913.7034868
9394 19918.61986057
9395 19923.53605374
9396 19928.45202804
9397 19933.36780736
9398 19938.28338518
9399 19943.19876467
9400 19948.11396651
9401 19953.02895239
9402 19957.94373652
9403 19962.85832207
9404 19967.77271221
9405 19972.68690043
9406 19977.60091066
9407 19982.5147013
9408 19987.42829629
9409 19992.34168911
9410 19997.25488293
9411 20002.16788092
9412 20007.08069735
9413 20011.99329381
9414 20016.90569102
9415 20021.81789215
9416 20026.72989069
9417 20031.64171063
9418 20036.5533135
9419 20041.46471358
9420 20046.37591407
9421 20051.28691488
9422 20056.1977192
9423 20061.10834135
9424 20066.01874281
9425 20070.92894759
9426 20075.83894918
9427 20080.74875074
9428 20085.65835221
9429 20090.56777763
9430 20095.47697876
9431 20100.38597961
9432 20105.29478014
9433 20110.20338351
9434 20115.1118041
9435 20120.0200033
9436 20124.92800515
9437 20129.83580316
9438 20134.74340048
9439 20139.65079705
9440 20144.55801697
9441 20149.46501188
9442 20154.37180587
9443 20159.2784021
9444 20164.18479407
9445 20169.09098493
9446 20173.99699557
9447 20178.90278729
9448 20183.8083745
9449 20188.71376037
9450 20193.61894807
9451 20198.52395205
9452 20203.42873355
9453 20208.33331348
9454 20213.23769501
9455 20218.14187161
9456 20223.04584647
9457 20227.94964373
9458 20232.8532149
9459 20237.75658415
9460 20242.65975141
9461 20247.56271986
9462 20252.46548297
9463 20257.36806493
9464 20262.27042689
9465 20267.17258334
9466 20272.07453745
9467 20276.97628916
9468 20281.87784164
9469 20286.77920943
9470 20291.6803536
9471 20296.58129837
9472 20301.48203722
9473 20306.38257332
9474 20311.28292768
9475 20316.18306134
9476 20321.08298886
9477 20325.98271339
9478 20330.88223811
9479 20335.7815565
9480 20340.68069283
9481 20345.57960486
9482 20350.47831685
9483 20355.37682227
9484 20360.27512432
9485 20365.17322291
9486 20370.07114234
9487 20374.96883388
9488 20379.8663218
9489 20384.76360926
9490 20389.66068977
9491 20394.55758761
9492 20399.45426048
9493 20404.35073267
9494 20409.24699767
9495 20414.14305864
9496 20419.03891876
9497 20423.93459268
9498 20428.83004124
9499 20433.72528555
9500 20438.62032879
9501 20443.51516442
9502 20448.40979564
9503 20453.30424678
9504 20458.19846897
9505 20463.09248657
9506 20467.98629952
9507 20472.87991099
9508 20477.77333566
9509 20482.66653431
9510 20487.55953131
9511 20492.45232014
9512 20497.34490397
9513 20502.23728276
9514 20507.12948089
9515 20512.0214494
9516 20516.91321269
9517 20521.80477393
9518 20526.69612661
9519 20531.58727389
9520 20536.47823698
9521 20541.36897654
9522 20546.25950731
9523 20551.14983246
9524 20556.03995516
9525 20560.92989018
9526 20565.81959814
9527 20570.70910025
9528 20575.59839969
9529 20580.48748995
9530 20585.37637419
9531 20590.26507366
9532 20595.15354893
9533 20600.0418148
9534 20604.92987443
9535 20609.81773099
9536 20614.70537797
9537 20619.59283987
9538 20624.48007399
9539 20629.36710482
9540 20634.25392584
9541 20639.14054023
9542 20644.02697251
9543 20648.91317348
9544 20653.79916765
9545 20658.68495496
9546 20663.5705386
9547 20668.45591204
9548 20673.34109983
9549 20678.2260624
9550 20683.11081462
9551 20687.99535965
9552 20692.87969743
9553 20697.76383114
9554 20702.64777567
9555 20707.5314914
9556 20712.41500288
9557 20717.29830363
9558 20722.18139679
9559 20727.06430374
9560 20731.94698482
9561 20736.82945493
9562 20741.71171724
9563 20746.59377493
9564 20751.47562149
9565 20756.35728152
9566 20761.23871211
9567 20766.11993784
9568 20771.00095223
9569 20775.88175843
9570 20780.76235962
9571 20785.64277076
9572 20790.52295209
9573 20795.40292502
9574 20800.28269272
9575 20805.16224868
9576 20810.04161757
9577 20814.92075635
9578 20819.79968969
9579 20824.67841107
9580 20829.55692366
9581 20834.43523065
9582 20839.31334702
9583 20844.19123295
9584 20849.06890987
9585 20853.94638096
9586 20858.82363972
9587 20863.70068931
9588 20868.57755444
9589 20873.45418555
9590 20878.33060733
9591 20883.20681972
9592 20888.08282591
9593 20892.95864094
9594 20897.83422487
9595 20902.70960243
9596 20907.58476712
9597 20912.45972209
9598 20917.33446731
9599 20922.20902753
9600 20927.08335307
9601 20931.95746869
9602 20936.83137756
9603 20941.70507318
9604 20946.57855872
9605 20951.45185573
9606 20956.32492417
9607 20961.19777914
9608 20966.07042382
9609 20970.94286137
9610 20975.81508529
9611 20980.68712039
9612 20985.55892335
9613 20990.43051897
9614 20995.30190075
9615 21000.17307185
9616 21005.04405711
9617 21009.91480672
9618 21014.7853455
9619 21019.6556734
9620 21024.52579358
9621 21029.39569955
9622 21034.26541616
9623 21039.13490322
9624 21044.0041759
9625 21048.87323739
9626 21053.74208761
9627 21058.61072976
9628 21063.47917902
9629 21068.34739517
9630 21073.21539985
9631 21078.08319624
9632 21082.95077783
9633 21087.81816952
9634 21092.68533104
9635 21097.55227761
9636 21102.41901239
9637 21107.28553533
9638 21112.15184962
9639 21117.01797048
9640 21121.88385761
9641 21126.74953592
9642 21131.6149989
9643 21136.48024974
9644 21141.34528837
9645 21146.21013974
9646 21151.07475382
9647 21155.93915553
9648 21160.80334806
9649 21165.6673249
9650 21170.53111102
9651 21175.39466278
9652 21180.25800514
9653 21185.12113161
9654 21189.98404536
9655 21194.84674955
9656 21199.70925951
9657 21204.57153477
9658 21209.4335971
9659 21214.29544968
9660 21219.15708599
9661 21224.01850921
9662 21228.87974437
9663 21233.74074127
9664 21238.60152492
9665 21243.46209529
9666 21248.32245553
9667 21253.18262101
9668 21258.04255119
9669 21262.90227109
9670 21267.76177421
9671 21272.62106374
9672 21277.4801396
9673 21282.33902687
9674 21287.19767528
9675 21292.05610988
9676 21296.91433062
9677 21301.77234067
9678 21306.63013353
9679 21311.4877343
9680 21316.34510231
9681 21321.20225299
9682 21326.0591895
9683 21330.91591179
9684 21335.77244496
9685 21340.62873867
9686 21345.484818
9687 21350.34068614
9688 21355.19633658
9689 21360.0517725
9690 21364.9070158
9691 21369.76202575
9692 21374.61681779
9693 21379.47139511
9694 21384.32576088
9695 21389.17990859
9696 21394.03386341
9697 21398.88758132
9698 21403.74108748
9699 21408.59437538
9700 21413.4474482
9701 21418.30033111
9702 21423.15297363
9703 21428.00540091
9704 21432.85761291
9705 21437.7096128
9706 21442.56139408
9707 21447.41298196
9708 21452.26433555
9709 21457.11547039
9710 21461.96638964
9711 21466.81709326
9712 21471.66758443
9713 21476.51787868
9714 21481.3679351
9715 21486.21777892
9716 21491.06740362
9717 21495.91681239
9718 21500.76602725
9719 21505.61500724
9720 21510.46376791
9721 21515.31231246
9722 21520.16064082
9723 21525.00875617
9724 21529.85667411
9725 21534.70435363
9726 21539.55181999
9727 21544.39906669
9728 21549.24609692
9729 21554.09291061
9730 21558.93953307
9731 21563.78591356
9732 21568.63207737
9733 21573.47802768
9734 21578.32375798
9735 21583.1692936
9736 21588.01459021
9737 21592.85967311
9738 21597.70453582
9739 21602.5491815
9740 21607.39361334
9741 21612.23784699
9742 21617.08184131
9743 21621.92561841
9744 21626.76918147
9745 21631.61252398
9746 21636.45564913
9747 21641.29858227
9748 21646.14127254
9749 21650.9837453
9750 21655.82600049
9751 21660.6680413
9752 21665.50986122
9753 21670.35148564
9754 21675.19287332
9755 21680.03403998
9756 21684.87498877
9757 21689.71571966
9758 21694.55625806
9759 21699.396553
9760 21704.2366299
9761 21709.07649192
9762 21713.91613256
9763 21718.75555502
9764 21723.59478149
9765 21728.43377063
9766 21733.27253822
9767 21738.11108741
9768 21742.94942139
9769 21747.78753367
9770 21752.62544969
9771 21757.46312485
9772 21762.30058461
9773 21767.13782247
9774 21771.9748416
9775 21776.81166426
9776 21781.64824902
9777 21786.48461169
9778 21791.32075544
9779 21796.15668345
9780 21800.99238923
9781 21805.82789827
9782 21810.66316588
9783 21815.49821755
9784 21820.3330468
9785 21825.16765679
9786 21830.00205071
9787 21834.83624441
9788 21839.67019636
9789 21844.50392888
9790 21849.33744512
9791 21854.1707386
9792 21859.00383488
9793 21863.83669237
9794 21868.66932696
9795 21873.50174182
9796 21878.33393691
9797 21883.16591539
9798 21887.99769318
9799 21892.82922867
9800 21897.6605474
9801 21902.49164291
9802 21907.32251836
9803 21912.1531737
9804 21916.98363453
9805 21921.81384952
9806 21926.64384426
9807 21931.47362194
9808 21936.30317604
9809 21941.13253221
9810 21945.9616455
9811 21950.79054153
9812 21955.6192138
9813 21960.44766551
9814 21965.27589981
9815 21970.10393269
9816 21974.93172239
9817 21979.75929132
9818 21984.58664267
9819 21989.41376994
9820 21994.24067631
9821 21999.06738422
9822 22003.89385187
9823 22008.72009525
9824 22013.54611754
9825 22018.37192193
9826 22023.19752441
9827 22028.02288317
9828 22032.84802065
9829 22037.67294003
9830 22042.49763482
9831 22047.32210819
9832 22052.14638587
9833 22056.97041628
9834 22061.79422515
9835 22066.61781241
9836 22071.44118125
9837 22076.26432518
9838 22081.08726994
9839 22085.90997357
9840 22090.73245216
9841 22095.55470887
9842 22100.37674366
9843 22105.19858229
9844 22110.0201731
9845 22114.84154186
9846 22119.66269174
9847 22124.48361624
9848 22129.30431855
9849 22134.12482122
9850 22138.94508223
9851 22143.76511768
9852 22148.58493076
9853 22153.40452463
9854 22158.22389281
9855 22163.0430611
9856 22167.86198421
9857 22172.68068794
9858 22177.49916579
9859 22182.31742094
9860 22187.13547923
9861 22191.95328886
9862 22196.77087566
9863 22201.58823958
9864 22206.40538379
9865 22211.22230182
9866 22216.03901951
9867 22220.85549147
9868 22225.67174354
9869 22230.48776925
9870 22235.30357176
9871 22240.11915425
9872 22244.93453294
9873 22249.7496656
9874 22254.56457489
9875 22259.37926398
9876 22264.19372639
9877 22269.007988
9878 22273.82200657
9879 22278.63579832
9880 22283.44936643
9881 22288.26271084
9882 22293.07583475
9883 22297.8887544
9884 22302.70142749
9885 22307.51387993
9886 22312.32610525
9887 22317.1381066
9888 22321.94988396
9889 22326.76146326
9890 22331.57279248
9891 22336.38389758
9892 22341.19478171
9893 22346.0054384
9894 22350.81589362
9895 22355.62610174
9896 22360.43608872
9897 22365.24584808
9898 22370.055383
9899 22374.86469666
9900 22379.67380537
9901 22384.48266669
9902 22389.2913034
9903 22394.09971866
9904 22398.907906
9905 22403.71586858
9906 22408.52363242
9907 22413.33114537
9908 22418.13843344
9909 22422.94549657
9910 22427.75233796
9911 22432.55895111
9912 22437.36536206
9913 22442.17152505
9914 22446.97746611
9915 22451.78317876
9916 22456.58866618
9917 22461.39395442
9918 22466.19899124
9919 22471.0038027
9920 22475.80838874
9921 22480.61275256
9922 22485.41688766
9923 22490.22082012
9924 22495.02450732
9925 22499.82796568
9926 22504.63119836
9927 22509.43420533
9928 22514.23698977
9929 22519.03956811
9930 22523.84189769
9931 22528.6440046
9932 22533.44588236
9933 22538.24753415
9934 22543.04898288
9935 22547.85018581
9936 22552.65115943
9937 22557.45190691
9938 22562.25243141
9939 22567.05272647
9940 22571.85281822
9941 22576.65266069
9942 22581.45228002
9943 22586.25166972
9944 22591.05083299
9945 22595.84977298
9946 22600.64850622
9947 22605.44698989
9948 22610.24524695
9949 22615.04328056
9950 22619.84108426
9951 22624.63868423
9952 22629.43603762
9953 22634.23316096
9954 22639.03005743
9955 22643.82672698
9956 22648.62317279
9957 22653.41941143
9958 22658.21539999
9959 22663.01116468
9960 22667.80669903
9961 22672.60200621
9962 22677.39708618
9963 22682.19196518
9964 22686.9865906
9965 22691.78098869
9966 22696.57515939
9967 22701.3691059
9968 22706.1628448
9969 22710.95633311
9970 22715.7495971
9971 22720.54263028
9972 22725.33543582
9973 22730.12801369
9974 22734.92039017
9975 22739.71251257
9976 22744.50440717
9977 22749.29607714
9978 22754.08751602
9979 22758.87872696
9980 22763.66973307
9981 22768.46049126
9982 22773.25101819
9983 22778.04131702
9984 22782.83139093
9985 22787.6212566
9986 22792.4108709
9987 22797.20025695
9988 22801.98941791
9989 22806.77834732
9990 22811.56704834
9991 22816.35554732
9992 22821.14379146
9993 22825.93180708
9994 22830.71959415
9995 22835.50715585
9996 22840.29448571
9997 22845.08161008
9998 22849.86848577
9999 22854.65512948
10000 22859.44154439
10001 22864.22773047
10002 22869.0137141
10003 22873.79944238
10004 22878.5849417
10005 22883.37021524
10006 22888.15525651
10007 22892.9400687
10008 22897.72467501
10009 22902.50903212
10010 22907.29315682
10011 22912.07705226
10012 22916.86071842
10013 22921.64415846
10014 22926.42738918
10015 22931.21036723
10016 22935.99311905
10017 22940.77563815
10018 22945.55792772
10019 22950.340011
10020 22955.1218446
10021 22959.90344533
10022 22964.68481637
10023 22969.46596088
10024 22974.2468724
10025 22979.02757741
10026 22983.80802926
10027 22988.58825443
10028 22993.36824644
10029 22998.14800848
10030 23002.92754371
10031 23007.706869
10032 23012.48594086
10033 23017.26478257
10034 23022.04339733
10035 23026.82177865
10036 23031.59995306
10037 23036.37787703
10038 23041.15556745
10039 23045.93302749
10040 23050.71025711
10041 23055.48725948
10042 23060.26405151
10043 23065.04058963
10044 23069.81690039
10045 23074.5929773
10046 23079.36882356
10047 23084.14443911
10048 23088.91985055
10049 23093.69500459
10050 23098.46992781
10051 23103.24462338
10052 23108.01908484
10053 23112.79331536
10054 23117.56733833
10055 23122.34111007
10056 23127.11464755
10057 23131.88795392
10058 23136.66102916
10059 23141.43389988
10060 23146.20651273
10061 23150.97889432
10062 23155.75104783
10063 23160.5229668
10064 23165.29465439
10065 23170.06613403
10066 23174.83736198
10067 23179.60835522
10068 23184.37911693
10069 23189.14965028
10070 23193.91994881
10071 23198.69003918
10072 23203.45987438
10073 23208.22948107
10074 23212.99885277
10075 23217.76799267
10076 23222.53692746
10077 23227.30560364
10078 23232.07404789
10079 23236.84226019
10080 23241.6102437
10081 23246.37799196
10082 23251.14553168
10083 23255.91281896
10084 23260.67987088
10085 23265.4466906
10086 23270.21327809
10087 23274.97963653
10088 23279.74578299
10089 23284.51167356
10090 23289.27733495
10091 23294.0427607
10092 23298.80795399
10093 23303.57293836
10094 23308.33766982
10095 23313.10216549
10096 23317.86642854
10097 23322.63046215
10098 23327.39425984
10099 23332.15784841
10100 23336.92118061
10101 23341.68428321
10102 23346.44714975
10103 23351.2097834
10104 23355.97218735
10105 23360.73437874
10106 23365.49631351
10107 23370.25801523
10108 23375.0194871
10109 23379.78072263
10110 23384.54174866
10111 23389.30251785
10112 23394.06305703
10113 23398.82335973
10114 23403.58342912
10115 23408.34326838
10116 23413.10289471
10117 23417.86226396
10118 23422.62139976
10119 23427.38030527
10120 23432.13897403
10121 23436.89740923
10122 23441.65563772
10123 23446.41360566
10124 23451.17133992
10125 23455.92884046
10126 23460.68611045
10127 23465.44316714
10128 23470.1999663
10129 23474.95653479
10130 23479.71286616
10131 23484.46896358
10132 23489.22482702
10133 23493.98048339
10134 23498.73587875
10135 23503.49104002
10136 23508.24597036
10137 23513.00066332
10138 23517.75512207
10139 23522.50937034
10140 23527.26336378
10141 23532.01711968
10142 23536.77064123
10143 23541.5239316
10144 23546.2770081
10145 23551.02982636
10146 23555.78241011
10147 23560.53476253
10148 23565.28687716
10149 23570.03875717
10150 23574.79042954
10151 23579.54184021
10152 23584.29301615
10153 23589.04395733
10154 23593.79466692
10155 23598.54513845
10156 23603.29539894
10157 23608.04540069
10158 23612.79517071
10159 23617.54470253
10160 23622.29399932
10161 23627.04308812
10162 23631.79191476
10163 23636.54050628
10164 23641.28886262
10165 23646.03698697
10166 23650.78487287
10167 23655.53254736
10168 23660.27996587
10169 23665.02714583
10170 23669.7740904
10171 23674.52079954
10172 23679.26727643
10173 23684.01353851
10174 23688.75954117
10175 23693.50531147
10176 23698.25084295
10177 23702.99613878
10178 23707.74122286
10179 23712.48605052
10180 23717.23063921
10181 23721.97499212
10182 23726.71911242
10183 23731.46299365
10184 23736.20666292
10185 23740.95007233
10186 23745.69324898
10187 23750.43618641
10188 23755.17888781
10189 23759.92135634
10190 23764.66360951
10191 23769.40560258
10192 23774.14735947
10193 23778.88888334
10194 23783.63016776
10195 23788.37121588
10196 23793.11205487
10197 23797.85263031
10198 23802.59296935
10199 23807.33307196
10200 23812.07294131
10201 23816.81259494
10202 23821.55198804
10203 23826.29114457
10204 23831.03006769
10205 23835.76875096
10206 23840.50719755
10207 23845.24543465
10208 23849.98340777
10209 23854.7211441
10210 23859.45864361
10211 23864.19590947
10212 23868.93293523
10213 23873.66974811
10214 23878.40630318
10215 23883.14261805
10216 23887.87869588
10217 23892.61453664
10218 23897.35016758
10219 23902.0855341
10220 23906.82066344
10221 23911.55555878
10222 23916.29021367
10223 23921.02463128
10224 23925.75883566
10225 23930.49278182
10226 23935.22648737
10227 23939.95995551
10228 23944.69318941
10229 23949.4261826
10230 23954.15896238
10231 23958.89148049
10232 23963.62376422
10233 23968.35580711
10234 23973.08761233
10235 23977.8192072
10236 23982.55053699
10237 23987.28162902
10238 23992.01248324
10239 23996.74310284
10240 24001.47348135
10241 24006.20364612
10242 24010.933552
10243 24015.66321669
10244 24020.39264337
10245 24025.12183201
10246 24029.85078578
10247 24034.57952241
10248 24039.30799672
10249 24044.03623605
10250 24048.76423395
10251 24053.49199361
10252 24058.21953918
10253 24062.94682544
10254 24067.67387014
10255 24072.40067645
10256 24077.12724435
10257 24081.85357699
10258 24086.57969216
10259 24091.30554459
10260 24096.03116166
10261 24100.75653694
10262 24105.48167359
10263 24110.20657158
10264 24114.93125833
10265 24119.6556789
10266 24124.37986071
10267 24129.10380693
10268 24133.82751111
10269 24138.5510007
10270 24143.27422713
10271 24147.99721783
10272 24152.71996636
10273 24157.4424759
10274 24162.1647496
10275 24166.88680533
10276 24171.60859767
10277 24176.33015087
10278 24181.05146812
10279 24185.77254296
10280 24190.49337857
10281 24195.21400243
10282 24199.93435947
10283 24204.65447718
10284 24209.37435551
10285 24214.09399766
10286 24218.8134215
10287 24223.53258154
10288 24228.25150528
10289 24232.97018629
10290 24237.68862773
10291 24242.40682956
10292 24247.12481932
10293 24251.84254186
10294 24256.5600247
10295 24261.27727101
10296 24265.99427435
10297 24270.71103788
10298 24275.42758597
10299 24280.14387302
10300 24284.85991696
10301 24289.57572097
10302 24294.29128501
10303 24299.00663666
10304 24303.72172068
10305 24308.43656464
10306 24313.15117171
10307 24317.86553543
10308 24322.579659
10309 24327.29356679
10310 24332.00721315
10311 24336.72061603
10312 24341.43377863
10313 24346.1467041
10314 24350.85938601
10315 24355.57185197
10316 24360.28405307
10317 24364.99601691
10318 24369.70773706
10319 24374.41921669
10320 24379.13048343
10321 24383.84148193
10322 24388.5522398
10323 24393.26275702
10324 24397.97303676
10325 24402.68307258
10326 24407.39289214
10327 24412.10244963
10328 24416.81176311
10329 24421.52083575
10330 24426.2296675
10331 24430.93826155
10332 24435.64663596
10333 24440.3547449
10334 24445.06261603
10335 24449.77024291
10336 24454.47762872
10337 24459.18479796
10338 24463.89170475
10339 24468.59836716
10340 24473.30478837
10341 24478.01097156
10342 24482.71691028
10343 24487.42263225
10344 24492.12808835
10345 24496.83330629
10346 24501.53827964
10347 24506.24301156
10348 24510.94750204
10349 24515.6517788
10350 24520.35578627
10351 24525.05955219
10352 24529.76307973
10353 24534.46636246
10354 24539.16940354
10355 24543.87222753
10356 24548.57478844
10357 24553.2771044
10358 24557.97917858
10359 24562.68101417
10360 24567.38262934
10361 24572.08397803
10362 24576.78508481
10363 24581.48595288
10364 24586.18657578
10365 24590.88695669
10366 24595.58712342
10367 24600.28702025
10368 24604.986675
10369 24609.68608763
10370 24614.38526132
10371 24619.08418963
10372 24623.78290038
10373 24628.48134744
10374 24633.17954902
10375 24637.8775083
10376 24642.57522524
10377 24647.2727277
10378 24651.96995988
10379 24656.66694963
10380 24661.36370013
10381 24666.06020493
10382 24670.75646721
10383 24675.45251165
10384 24680.148292
10385 24684.84382653
10386 24689.53911842
10387 24694.23417084
10388 24698.92897734
10389 24703.62356584
10390 24708.31788684
10391 24713.01196825
10392 24717.70580362
10393 24722.39939613
10394 24727.0927705
10395 24731.7858804
10396 24736.47874415
10397 24741.17136492
10398 24745.86374588
10399 24750.55588058
10400 24755.24779699
10401 24759.93944552
10402 24764.63085412
10403 24769.32201634
10404 24774.01293538
10405 24778.70361438
10406 24783.39407172
10407 24788.08426098
10408 24792.77420693
10409 24797.46391273
10410 24802.15337194
10411 24806.84261256
10412 24811.53158813
10413 24816.22031703
10414 24820.90880244
10415 24825.59704431
10416 24830.28504582
10417 24834.97282537
10418 24839.66033648
10419 24844.34760713
10420 24849.03463091
10421 24853.72141097
10422 24858.40794729
10423 24863.0942679
10424 24867.78031665
10425 24872.46612158
10426 24877.15168584
10427 24881.83700302
10428 24886.52210114
10429 24891.20693045
10430 24895.89151898
10431 24900.5758603
10432 24905.25995757
10433 24909.94381399
10434 24914.62744799
10435 24919.31081298
10436 24923.99393381
10437 24928.67681365
10438 24933.35944607
10439 24938.04183425
10440 24942.72400627
10441 24947.40590586
10442 24952.08756112
10443 24956.76897202
10444 24961.45014172
10445 24966.13108874
10446 24970.81176637
10447 24975.49219951
10448 24980.17239135
10449 24984.85233544
10450 24989.53203496
10451 24994.21151804
10452 24998.89072834
10453 25003.56969397
10454 25008.24841492
10455 25012.92689435
10456 25017.60512583
10457 25022.28313753
10458 25026.96088264
10459 25031.63837971
10460 25036.31563192
10461 25040.99263924
10462 25045.66942984
10463 25050.3459473
10464 25055.02221977
10465 25059.69825044
10466 25064.37403286
10467 25069.04957023
10468 25073.72488752
10469 25078.39993787
10470 25083.07473987
10471 25087.74929668
10472 25092.42361149
10473 25097.09767785
10474 25101.771524
10475 25106.4450998
10476 25111.11843348
10477 25115.79151861
10478 25120.46435835
10479 25125.13698095
10480 25129.80932985
10481 25134.48143328
10482 25139.15329121
10483 25143.82490682
10484 25148.49627367
10485 25153.16742003
10486 25157.8382989
10487 25162.50892892
10488 25167.17931327
10489 25171.84945193
10490 25176.51934807
10491 25181.18902037
10492 25185.85842177
10493 25190.52757737
10494 25195.19649032
10495 25199.86515421
10496 25204.53357221
10497 25209.20177262
10498 25213.86969875
10499 25218.5373789
10500 25223.20481304
10501 25227.87200434
10502 25232.53897154
10503 25237.2056675
10504 25241.87212053
10505 25246.53832422
10506 25251.20428173
10507 25255.86999304
10508 25260.5354865
10509 25265.20070532
10510 25269.86567785
10511 25274.53040727
10512 25279.19488715
10513 25283.85912066
10514 25288.52313296
10515 25293.18687685
10516 25297.85037108
10517 25302.51361882
10518 25307.17662326
10519 25311.83940318
10520 25316.50191132
10521 25321.16417287
10522 25325.82619099
10523 25330.48795927
10524 25335.14948087
10525 25339.81078421
10526 25344.47181238
10527 25349.1325938
10528 25353.79312842
10529 25358.45341944
10530 25363.11346041
10531 25367.77327978
10532 25372.43283019
10533 25377.09213048
10534 25381.75118383
10535 25386.40999019
10536 25391.06857803
10537 25395.72689036
10538 25400.38495563
10539 25405.04277381
10540 25409.70034808
10541 25414.357672
10542 25419.01477407
10543 25423.67160684
10544 25428.32818918
10545 25432.98452428
10546 25437.64061209
10547 25442.29645581
10548 25446.95207432
10549 25451.60742015
10550 25456.26252179
10551 25460.91737282
10552 25465.57197642
10553 25470.22635789
10554 25474.88046973
10555 25479.53433084
10556 25484.18794442
10557 25488.84131361
10558 25493.49443201
10559 25498.14732815
10560 25502.79995128
10561 25507.45232992
10562 25512.10445765
10563 25516.75633765
10564 25521.40797309
10565 25526.05938293
10566 25530.71051958
10567 25535.36140838
10568 25540.01205251
10569 25544.66244556
10570 25549.31261609
10571 25553.96251646
10572 25558.61216567
10573 25563.26156688
10574 25567.91072006
10575 25572.55962838
10576 25577.20831087
10577 25581.85671981
10578 25586.50488383
10579 25591.15279648
10580 25595.80046096
10581 25600.44787722
10582 25605.0950739
10583 25609.74199367
10584 25614.38866515
10585 25619.03509151
10586 25623.68126633
10587 25628.32721825
10588 25632.97289632
10589 25637.61832915
10590 25642.26351035
10591 25646.90844308
10592 25651.5531273
10593 25656.1975917
10594 25660.84177885
10595 25665.48571743
10596 25670.1294106
10597 25674.77285195
10598 25679.41604465
10599 25684.05901418
10600 25688.70171269
10601 25693.34415927
10602 25697.98635709
10603 25702.62830933
10604 25707.2700351
10605 25711.9114865
10606 25716.55268904
10607 25721.19364589
10608 25725.83435063
10609 25730.47480643
10610 25735.11504203
10611 25739.75499988
10612 25744.39470872
10613 25749.03416852
10614 25753.67338245
10615 25758.3123441
10616 25762.9510822
10617 25767.58954879
10618 25772.22776301
10619 25776.86572804
10620 25781.50344385
10621 25786.14093921
10622 25790.77815651
10623 25795.41512452
10624 25800.0518464
10625 25804.68831574
10626 25809.32453571
10627 25813.9605319
10628 25818.59625626
10629 25823.23172797
10630 25827.8669502
10631 25832.50192614
10632 25837.13664936
10633 25841.77114868
10634 25846.40537279
10635 25851.03935049
10636 25855.67307538
10637 25860.30655061
10638 25864.93980184
10639 25869.57278091
10640 25874.20550706
10641 25878.83798347
10642 25883.47021329
10643 25888.10219013
10644 25892.73394282
10645 25897.36541999
10646 25901.99665048
10647 25906.62762788
10648 25911.25835536
10649 25915.88883609
10650 25920.51908936
10651 25925.14906693
10652 25929.77879448
10653 25934.40827518
10654 25939.03750262
10655 25943.66647996
10656 25948.2952361
10657 25952.92371319
10658 25957.5519401
10659 25962.17991682
10660 25966.80764652
10661 25971.43514853
10662 25976.06237453
10663 25980.68935343
10664 25985.31607883
10665 25989.94255388
10666 25994.56877857
10667 25999.19478183
10668 26003.82050573
10669 26008.44597918
10670 26013.07120537
10671 26017.69617787
10672 26022.32089987
10673 26026.94539713
10674 26031.56962123
10675 26036.19359155
10676 26040.81731127
10677 26045.44078355
10678 26050.06402779
10679 26054.68699555
10680 26059.3097126
10681 26063.93218212
10682 26068.55439769
10683 26073.17636249
10684 26077.79810231
10685 26082.41956868
10686 26087.04078101
10687 26091.66174247
10688 26096.28245622
10689 26100.90291586
10690 26105.52315042
10691 26110.14310815
10692 26114.76281809
10693 26119.38227381
10694 26124.0014785
10695 26128.62046119
10696 26133.23916374
10697 26137.85761517
10698 26142.47581547
10699 26147.0937678
10700 26151.71146576
10701 26156.32893841
10702 26160.94613713
10703 26165.56308141
10704 26170.17977441
10705 26174.79621611
10706 26179.41240968
10707 26184.02837463
10708 26188.6440623
10709 26193.25950176
10710 26197.87468662
10711 26202.48962003
10712 26207.10432792
10713 26211.71876158
10714 26216.33294053
10715 26220.94686796
10716 26225.56054701
10717 26230.1739713
10718 26234.78716994
10719 26239.40009099
10720 26244.01276359
10721 26248.62518132
10722 26253.23734736
10723 26257.84926486
10724 26262.46095342
10725 26267.07236423
10726 26271.68352324
10727 26276.29443364
10728 26280.90508901
10729 26285.51551852
10730 26290.12567335
10731 26294.73557307
10732 26299.34522087
10733 26303.95461672
10734 26308.56376379
10735 26313.17268169
10736 26317.78132155
10737 26322.38970937
10738 26326.99784832
10739 26331.60573198
10740 26336.21336353
10741 26340.82077219
10742 26345.42789945
10743 26350.03477454
10744 26354.64139743
10745 26359.24777128
10746 26363.85391575
10747 26368.45978189
10748 26373.06539893
10749 26377.67076047
10750 26382.27586967
10751 26386.8807265
10752 26391.48536023
10753 26396.08971228
10754 26400.6938119
10755 26405.29766226
10756 26409.90125695
10757 26414.50459915
10758 26419.10771494
10759 26423.71055527
10760 26428.31313985
10761 26432.91547184
10762 26437.51755442
10763 26442.11940729
10764 26446.7209814
10765 26451.32230283
10766 26455.92337475
10767 26460.52419076
10768 26465.12475403
10769 26469.72509387
10770 26474.32515159
10771 26478.9249565
10772 26483.52450858
10773 26488.123811
10774 26492.72285735
10775 26497.32167697
10776 26501.9202207
10777 26506.5185083
10778 26511.11654294
10779 26515.71432458
10780 26520.3118826
10781 26524.90915821
10782 26529.50618078
10783 26534.10295027
10784 26538.69946985
10785 26543.29573313
10786 26547.89176947
10787 26552.48752964
10788 26557.08303344
10789 26561.67828403
10790 26566.27328139
10791 26570.8680287
10792 26575.46254578
10793 26580.05678333
10794 26584.65077077
10795 26589.24450168
10796 26593.83797923
10797 26598.43120341
10798 26603.02420362
10799 26607.61692097
10800 26612.20938489
10801 26616.80159852
10802 26621.39355548
10803 26625.9852852
10804 26630.57673513
10805 26635.16793469
10806 26639.75887749
10807 26644.3495667
10808 26648.94000548
10809 26653.53021373
10810 26658.12014203
10811 26662.70981665
10812 26667.29924076
10813 26671.88840796
10814 26676.47732141
10815 26681.0660106
10816 26685.65441651
10817 26690.24256861
10818 26694.83046688
10819 26699.41811449
10820 26704.00553137
10821 26708.59266803
10822 26713.17955396
10823 26717.76618277
10824 26722.35255763
10825 26726.93867851
10826 26731.52457493
10827 26736.1101878
10828 26740.69554663
10829 26745.28065139
10830 26749.86550527
10831 26754.45010185
10832 26759.03447068
10833 26763.61856218
10834 26768.20239633
10835 26772.7859763
10836 26777.36930205
10837 26781.95240316
10838 26786.53522044
10839 26791.11778346
10840 26795.70009537
10841 26800.28214978
10842 26804.86394986
10843 26809.44552199
10844 26814.02681654
10845 26818.6078535
10846 26823.18863605
10847 26827.76916734
10848 26832.349441
10849 26836.92948661
10850 26841.50925129
10851 26846.08876465
10852 26850.66802027
10853 26855.24702134
10854 26859.82579747
10855 26864.40428936
10856 26868.98252663
10857 26873.56050926
10858 26878.13824042
10859 26882.71571371
10860 26887.29295877
10861 26891.86992582
10862 26896.44663494
10863 26901.0230893
10864 26905.59928888
10865 26910.17523683
10866 26914.75095328
10867 26919.32638839
10868 26923.90157181
10869 26928.47649717
10870 26933.05116763
10871 26937.62560967
10872 26942.19977344
10873 26946.77367906
10874 26951.34732969
10875 26955.92072532
10876 26960.49386911
10877 26965.06678121
10878 26969.6394117
10879 26974.2117903
10880 26978.7839106
10881 26983.35577578
10882 26987.92738581
10883 26992.49877042
10884 26997.0698701
10885 27001.64071458
10886 27006.21130702
10887 27010.78164103
10888 27015.35174635
10889 27019.92156981
10890 27024.49114115
10891 27029.06045399
10892 27033.62951147
10893 27038.19831678
10894 27042.76689012
10895 27047.33518146
10896 27051.90321738
10897 27056.47100104
10898 27061.03852606
10899 27065.60579559
10900 27070.17283942
10901 27074.73959793
10902 27079.3061009
10903 27083.87234831
10904 27088.43834333
10905 27093.0041062
10906 27097.56958682
10907 27102.13481498
10908 27106.6997843
10909 27111.26449794
10910 27115.82895589
10911 27120.39318796
10912 27124.95713446
10913 27129.52082521
10914 27134.08426337
10915 27138.64744254
10916 27143.21036591
10917 27147.77306012
10918 27152.33547499
10919 27156.89763081
10920 27161.45953074
10921 27166.02117794
10922 27170.58259272
10923 27175.14372487
10924 27179.70460105
10925 27184.26522443
10926 27188.82558862
10927 27193.38569679
10928 27197.94557563
10929 27202.50517488
10930 27207.06451487
10931 27211.62359876
10932 27216.18242971
10933 27220.74100134
10934 27225.29934356
10935 27229.85740286
10936 27234.41520915
10937 27238.97275605
10938 27243.53004671
10939 27248.0870843
10940 27252.64388921
10941 27257.20041107
10942 27261.75667662
10943 27266.31268902
10944 27270.8684419
10945 27275.4239652
10946 27279.97920852
10947 27284.53419226
10948 27289.08891957
10949 27293.64339045
10950 27298.19760806
10951 27302.7515928
10952 27307.30529426
10953 27311.85874238
10954 27316.4119308
10955 27320.96486266
10956 27325.51753795
10957 27330.06998666
10958 27334.62214877
10959 27339.17405425
10960 27343.72570627
10961 27348.27709845
10962 27352.82826079
