1 0.1054094806
2 0.1054247403
3 0.10544
4 0.1054552597
5 0.1054705194
6 0.1054857791
7 0.1055010388
8 0.1055162985
9 0.1055315582
10 0.1055468179
11 0.1055620776
12 0.1055773373
13 0.105592597
14 0.1056078567
15 0.1056231164
16 0.1056383761
17 0.1056536358
18 0.1056688955
19 0.1056841552
20 0.1056994149
21 0.1057146746
22 0.1057299343
23 0.105745194
24 0.1057604537
25 0.1057757134
26 0.1057909731
27 0.1058062328
28 0.1058214925
29 0.1058367522
30 0.1058520119
31 0.1058672716
32 0.1058825313
33 0.105897791
34 0.1059130507
35 0.1060196902
36 0.1061263298
37 0.1062329693
38 0.1063396089
39 0.1064462484
40 0.1065528879
41 0.1066595275
42 0.106766167
43 0.1068728066
44 0.1069794461
45 0.1070860856
46 0.1071927252
47 0.1072993647
48 0.1074060043
49 0.1075126438
50 0.1076192834
51 0.1077259229
52 0.1078325624
53 0.107939202
54 0.1080458415
55 0.1081524811
56 0.1082591206
57 0.1083657601
58 0.1084723997
59 0.1085790392
60 0.1086856788
61 0.1087923183
62 0.1088989579
63 0.1090055974
64 0.1091122369
65 0.1092188765
66 0.109325516
67 0.1094321556
68 0.1095387951
69 0.1096454346
70 0.1097520742
71 0.1098587137
72 0.1099653533
73 0.1100719928
74 0.1101786323
75 0.1102852719
76 0.1103919114
77 0.110498551
78 0.1106051905
79 0.1107118301
80 0.1108184696
81 0.1109251091
82 0.1110317487
83 0.1111383882
84 0.1112450278
85 0.1113516673
86 0.1114583068
87 0.1115649464
88 0.1116715859
89 0.1117782255
90 0.111884865
91 0.1119915046
92 0.1120981441
93 0.1122047836
94 0.1123114232
95 0.1124180627
96 0.1125247023
97 0.1125979434
98 0.1126711846
99 0.1127444258
100 0.1128176669
101 0.1128909081
102 0.1129641493
103 0.1130373904
104 0.1131106316
105 0.1131838727
106 0.1132571139
107 0.1133303551
108 0.1134035962
109 0.1134768374
110 0.1135500786
111 0.1136233197
112 0.1136965609
113 0.1137698021
114 0.1138430432
115 0.1139162844
116 0.1139895256
117 0.1140627667
118 0.1141360079
119 0.1142092491
120 0.1142824902
121 0.1143557314
122 0.1144289726
123 0.1145022137
124 0.1145754549
125 0.114648696
126 0.1147219372
127 0.1147951784
128 0.1148684195
129 0.1149416607
130 0.1150149019
131 0.115088143
132 0.1151613842
133 0.1152346254
134 0.1153078665
135 0.1153811077
136 0.1154543489
137 0.11552759
138 0.1156008312
139 0.1156740724
140 0.1157473135
141 0.1158205547
142 0.1158937959
143 0.115967037
144 0.1160402782
145 0.1161135194
146 0.1161867605
147 0.1162600017
148 0.1163332428
149 0.116406484
150 0.1164797252
151 0.1165529663
152 0.1166262075
153 0.1166994487
154 0.1167726898
155 0.116845931
156 0.1169191722
157 0.1169924133
158 0.1170656545
159 0.1171388957
160 0.1172121368
161 0.117285378
162 0.1173586192
163 0.1174318603
164 0.1175051015
165 0.1175783427
166 0.1176515838
167 0.117724825
168 0.1177980661
169 0.1178713073
170 0.1179445485
171 0.1180177896
172 0.1180910308
173 0.118164272
174 0.1182375131
175 0.1183107543
176 0.1183839955
177 0.1184572366
178 0.1185304778
179 0.118603719
180 0.1186769601
181 0.1187502013
182 0.1188234425
183 0.1188966836
184 0.1189699248
185 0.119043166
186 0.1191164071
187 0.1191896483
188 0.1192389714
189 0.1192882945
190 0.1193376177
191 0.1193869408
192 0.1194362639
193 0.119485587
194 0.1195349101
195 0.1195842333
196 0.1196335564
197 0.1196828795
198 0.1197322026
199 0.1197815257
200 0.1198308489
201 0.119880172
202 0.1199294951
203 0.1199788182
204 0.1200281413
205 0.1200774645
206 0.1201267876
207 0.1201761107
208 0.1202254338
209 0.120274757
210 0.1203240801
211 0.1203734032
212 0.1204227263
213 0.1204720494
214 0.1205213726
215 0.1205706957
216 0.1206200188
217 0.1206693419
218 0.120718665
219 0.1207679882
220 0.1208173113
221 0.1208666344
222 0.1209159575
223 0.1209652806
224 0.1210146038
225 0.1210639269
226 0.12111325
227 0.1211625731
228 0.1212118963
229 0.1212612194
230 0.1213105425
231 0.1213598656
232 0.1214091887
233 0.1214585119
234 0.121507835
235 0.1215571581
236 0.1216064812
237 0.1216558043
238 0.1217051275
239 0.1217544506
240 0.1218037737
241 0.1218530968
242 0.1219024199
243 0.1219517431
244 0.1220010662
245 0.1220503893
246 0.1220997124
247 0.1221490356
248 0.1221983587
249 0.1222476818
250 0.1222970049
251 0.122346328
252 0.1223956512
253 0.1224449743
254 0.1224942974
255 0.1225436205
256 0.1225929436
257 0.1226422668
258 0.1226915899
259 0.122740913
260 0.1227902361
261 0.1228395592
262 0.1228888824
263 0.1229382055
264 0.1229875286
265 0.1230368517
266 0.1230861749
267 0.123135498
268 0.1231848211
269 0.1232341442
270 0.1232834673
271 0.1233327905
272 0.1233821136
273 0.1234314367
274 0.1234807598
275 0.1235300829
276 0.1235794061
277 0.1236287292
278 0.1236655113
279 0.1237022934
280 0.1237390756
281 0.1237758577
282 0.1238126398
283 0.1238494219
284 0.1238862041
285 0.1239229862
286 0.1239597683
287 0.1239965504
288 0.1240333326
289 0.1240701147
290 0.1241068968
291 0.1241436789
292 0.1241804611
293 0.1242172432
294 0.1242540253
295 0.1242908074
296 0.1243275896
297 0.1243643717
298 0.1244011538
299 0.1244379359
300 0.1244747181
301 0.1245115002
302 0.1245482823
303 0.1245850644
304 0.1246218466
305 0.1246586287
306 0.1246954108
307 0.1247321929
308 0.1247689751
309 0.1248057572
310 0.1248425393
311 0.1248793214
312 0.1249161036
313 0.1249528857
314 0.1249896678
315 0.1250264499
316 0.1250632321
317 0.1251000142
318 0.1251367963
319 0.1251735784
320 0.1252103606
321 0.1252471427
322 0.1252839248
323 0.1253207069
324 0.1253574891
325 0.1253942712
326 0.1254310533
327 0.1254678355
328 0.1255046176
329 0.1255413997
330 0.1255781818
331 0.125614964
332 0.1256517461
333 0.1256885282
334 0.1257253103
335 0.1257620925
336 0.1257988746
337 0.1258356567
338 0.1258724388
339 0.125909221
340 0.1259460031
341 0.1259827852
342 0.1260195673
343 0.1260563495
344 0.1260931316
345 0.1261299137
346 0.1261666958
347 0.126203478
348 0.1262402601
349 0.1262770422
350 0.1263138243
351 0.1263506065
352 0.1263873886
353 0.1264241707
354 0.1264609528
355 0.126497735
356 0.1265345171
357 0.1265712992
358 0.1266080813
359 0.1266448635
360 0.1266816456
361 0.1267184277
362 0.1267552098
363 0.126791992
364 0.1268287741
365 0.1268655562
366 0.1269023383
367 0.1269391205
368 0.1269759026
369 0.1270126847
370 0.127040812
371 0.1270689393
372 0.1270970666
373 0.1271251939
374 0.1271533212
375 0.1271814485
376 0.1272095758
377 0.1272377031
378 0.1272658304
379 0.1272939577
380 0.127322085
381 0.1273502123
382 0.1273783396
383 0.1274064669
384 0.1274345942
385 0.1274627215
386 0.1274908488
387 0.1275189761
388 0.1275471034
389 0.1275752307
390 0.127603358
391 0.1276314853
392 0.1276596126
393 0.1276877399
394 0.1277158672
395 0.1277439944
396 0.1277721217
397 0.127800249
398 0.1278283763
399 0.1278565036
400 0.1278846309
401 0.1279127582
402 0.1279408855
403 0.1279690128
404 0.1279971401
405 0.1280252674
406 0.1280533947
407 0.128081522
408 0.1281096493
409 0.1281377766
410 0.1281659039
411 0.1281940312
412 0.1282221585
413 0.1282502858
414 0.1282784131
415 0.1283065404
416 0.1283346677
417 0.128362795
418 0.1283909223
419 0.1284190496
420 0.1284471769
421 0.1284753042
422 0.1285034315
423 0.1285315588
424 0.1285596861
425 0.1285878134
426 0.1286159407
427 0.128644068
428 0.1286721953
429 0.1287003226
430 0.1287284499
431 0.1287565772
432 0.1287847045
433 0.1288128318
434 0.1288409591
435 0.1288690863
436 0.1288972136
437 0.1289253409
438 0.1289534682
439 0.1289815955
440 0.1290097228
441 0.1290378501
442 0.1290659774
443 0.1290941047
444 0.129122232
445 0.1291503593
446 0.1291784866
447 0.1292066139
448 0.1292347412
449 0.1292628685
450 0.1292909958
451 0.1293191231
452 0.1293472504
453 0.1293753777
454 0.129403505
455 0.1294316323
456 0.1294597596
457 0.1294878869
458 0.1295160142
459 0.1295441415
460 0.1295722688
461 0.1296003961
462 0.1296285234
463 0.1296566507
464 0.129684778
465 0.1297129053
466 0.1297410326
467 0.1297691599
468 0.1297972872
469 0.1298254145
470 0.1298535418
471 0.1298816691
472 0.1299097964
473 0.1299379237
474 0.129966051
475 0.1299941782
476 0.1300223055
477 0.1300504328
478 0.1300785601
479 0.1301066874
480 0.1301348147
481 0.130162942
482 0.1301910693
483 0.1302191966
484 0.1302473239
485 0.1302754512
486 0.1303035785
487 0.1303317058
488 0.1303598331
489 0.1303879604
490 0.1304160877
491 0.130444215
492 0.1304723423
493 0.1305004696
494 0.1305285969
495 0.1305567242
496 0.1305848515
497 0.1306129788
498 0.1306411061
499 0.1306692334
500 0.1306973607
501 0.130725488
502 0.1307536153
503 0.1307817426
504 0.1308098699
505 0.1308379972
506 0.1308661245
507 0.1308942518
508 0.1309223791
509 0.1309505064
510 0.1309786337
511 0.131006761
512 0.1310348883
513 0.1310630156
514 0.1310911429
515 0.1311192701
516 0.1311473974
517 0.1311755247
518 0.131203652
519 0.1312317793
520 0.1312599066
521 0.1312880339
522 0.1313161612
523 0.1313442885
524 0.1313724158
525 0.1314005431
526 0.1314286704
527 0.1314567977
528 0.131484925
529 0.1315130523
530 0.1315411796
531 0.1315693069
532 0.1315974342
533 0.1316255615
534 0.1316536888
535 0.1316818161
536 0.1317099434
537 0.1317380707
538 0.131766198
539 0.1317943253
540 0.1318224526
541 0.1318505799
542 0.1318787072
543 0.1319068345
544 0.1319349618
545 0.1319630891
546 0.1319912164
547 0.1320193437
548 0.132047471
549 0.1320755983
550 0.1321037256
551 0.1321318529
552 0.1321599802
553 0.1321821232
554 0.1322042662
555 0.1322264092
556 0.1322485522
557 0.1322706952
558 0.1322928382
559 0.1323149812
560 0.1323371242
561 0.1323592672
562 0.1323814103
563 0.1324035533
564 0.1324256963
565 0.1324478393
566 0.1324699823
567 0.1324921253
568 0.1325142683
569 0.1325364113
570 0.1325585543
571 0.1325806973
572 0.1326028404
573 0.1326249834
574 0.1326471264
575 0.1326692694
576 0.1326914124
577 0.1327135554
578 0.1327356984
579 0.1327578414
580 0.1327799844
581 0.1328021274
582 0.1328242704
583 0.1328464135
584 0.1328685565
585 0.1328906995
586 0.1329128425
587 0.1329349855
588 0.1329571285
589 0.1329792715
590 0.1330014145
591 0.1330235575
592 0.1330457005
593 0.1330678436
594 0.1330899866
595 0.1331121296
596 0.1331342726
597 0.1331564156
598 0.1331785586
599 0.1332007016
600 0.1332228446
601 0.1332449876
602 0.1332671306
603 0.1332892737
604 0.1333114167
605 0.1333335597
606 0.1333557027
607 0.1333778457
608 0.1333999887
609 0.1334221317
610 0.1334442747
611 0.1334664177
612 0.1334885607
613 0.1335107037
614 0.1335328468
615 0.1335549898
616 0.1335771328
617 0.1335992758
618 0.1336214188
619 0.1336435618
620 0.1336657048
621 0.1336878478
622 0.1337099908
623 0.1337321338
624 0.1337542769
625 0.1337764199
626 0.1337985629
627 0.1338207059
628 0.1338428489
629 0.1338649919
630 0.1338871349
631 0.1339092779
632 0.1339314209
633 0.1339535639
634 0.133975707
635 0.13399785
636 0.134019993
637 0.134042136
638 0.134064279
639 0.134086422
640 0.134108565
641 0.134130708
642 0.134152851
643 0.134174994
644 0.1341971371
645 0.1342192801
646 0.1342414231
647 0.1342635661
648 0.1342857091
649 0.1343078521
650 0.1343299951
651 0.1343521381
652 0.1343742811
653 0.1343964241
654 0.1344185671
655 0.1344407102
656 0.1344628532
657 0.1344849962
658 0.1345071392
659 0.1345292822
660 0.1345514252
661 0.1345735682
662 0.1345957112
663 0.1346178542
664 0.1346399972
665 0.1346621403
666 0.1346842833
667 0.1347064263
668 0.1347285693
669 0.1347507123
670 0.1347728553
671 0.1347949983
672 0.1348171413
673 0.1348392843
674 0.1348614273
675 0.1348835704
676 0.1349057134
677 0.1349278564
678 0.1349499994
679 0.1349721424
680 0.1349942854
681 0.1350164284
682 0.1350385714
683 0.1350607144
684 0.1350828574
685 0.1351050004
686 0.1351271435
687 0.1351492865
688 0.1351714295
689 0.1351935725
690 0.1352157155
691 0.1352378585
692 0.1352600015
693 0.1352821445
694 0.1353042875
695 0.1353264305
696 0.1353485736
697 0.1353707166
698 0.1353928596
699 0.1354150026
700 0.1354371456
701 0.1354592886
702 0.1354814316
703 0.1355035746
704 0.1355257176
705 0.1355478606
706 0.1355700037
707 0.1355921467
708 0.1356142897
709 0.1356364327
710 0.1356585757
711 0.1356807187
712 0.1357028617
713 0.1357250047
714 0.1357471477
715 0.1357692907
716 0.1357914338
717 0.1358135768
718 0.1358357198
719 0.1358578628
720 0.1358800058
721 0.1359021488
722 0.1359242918
723 0.1359464348
724 0.1359685778
725 0.1359907208
726 0.1360128638
727 0.1360350069
728 0.1360571499
729 0.1360792929
730 0.1361014359
731 0.1361235789
732 0.1361457219
733 0.1361678649
734 0.1361900079
735 0.1362121509
736 0.1362274955
737 0.13624284
738 0.1362581846
739 0.1362735291
740 0.1362888737
741 0.1363042182
742 0.1363195627
743 0.1363349073
744 0.1363502518
745 0.1363655964
746 0.1363809409
747 0.1363962855
748 0.13641163
749 0.1364269746
750 0.1364423191
751 0.1364576636
752 0.1364730082
753 0.1364883527
754 0.1365036973
755 0.1365190418
756 0.1365343864
757 0.1365497309
758 0.1365650754
759 0.13658042
760 0.1365957645
761 0.1366111091
762 0.1366264536
763 0.1366417982
764 0.1366571427
765 0.1366724873
766 0.1366878318
767 0.1367031763
768 0.1367185209
769 0.1367338654
770 0.13674921
771 0.1367645545
772 0.1367798991
773 0.1367952436
774 0.1368105882
775 0.1368259327
776 0.1368412772
777 0.1368566218
778 0.1368719663
779 0.1368873109
780 0.1369026554
781 0.136918
782 0.1369333445
783 0.136948689
784 0.1369640336
785 0.1369793781
786 0.1369947227
787 0.1370100672
788 0.1370254118
789 0.1370407563
790 0.1370561009
791 0.1370714454
792 0.1370867899
793 0.1371021345
794 0.137117479
795 0.1371328236
796 0.1371481681
797 0.1371635127
798 0.1371788572
799 0.1371942017
800 0.1372095463
801 0.1372248908
802 0.1372402354
803 0.1372555799
804 0.1372709245
805 0.137286269
806 0.1373016136
807 0.1373169581
808 0.1373323026
809 0.1373476472
810 0.1373629917
811 0.1373783363
812 0.1373936808
813 0.1374090254
814 0.1374243699
815 0.1374397145
816 0.137455059
817 0.1374704035
818 0.1374857481
819 0.1375010926
820 0.1375164372
821 0.1375317817
822 0.1375471263
823 0.1375624708
824 0.1375778153
825 0.1375931599
826 0.1376085044
827 0.137623849
828 0.1376391935
829 0.1376545381
830 0.1376698826
831 0.1376852272
832 0.1377005717
833 0.1377159162
834 0.1377312608
835 0.1377466053
836 0.1377619499
837 0.1377772944
838 0.137792639
839 0.1378079835
840 0.1378233281
841 0.1378386726
842 0.1378540171
843 0.1378693617
844 0.1378847062
845 0.1379000508
846 0.1379153953
847 0.1379307399
848 0.1379460844
849 0.1379614289
850 0.1379767735
851 0.137992118
852 0.1380074626
853 0.1380228071
854 0.1380381517
855 0.1380534962
856 0.1380688408
857 0.1380841853
858 0.1380995298
859 0.1381148744
860 0.1381302189
861 0.1381455635
862 0.138160908
863 0.1381762526
864 0.1381915971
865 0.1382069417
866 0.1382222862
867 0.1382376307
868 0.1382529753
869 0.1382683198
870 0.1382836644
871 0.1382990089
872 0.1383143535
873 0.138329698
874 0.1383450425
875 0.1383603871
876 0.1383757316
877 0.1383910762
878 0.1384064207
879 0.1384217653
880 0.1384371098
881 0.1384524544
882 0.1384677989
883 0.1384831434
884 0.138498488
885 0.1385138325
886 0.1385291771
887 0.1385445216
888 0.1385598662
889 0.1385752107
890 0.1385905553
891 0.1386058998
892 0.1386212443
893 0.1386365889
894 0.1386519334
895 0.138667278
896 0.1386826225
897 0.1386979671
898 0.1387133116
899 0.1387286561
900 0.1387440007
901 0.1387593452
902 0.1387746898
903 0.1387900343
904 0.1388053789
905 0.1388207234
906 0.138836068
907 0.1388514125
908 0.138866757
909 0.1388821016
910 0.1388974461
911 0.1389127907
912 0.1389281352
913 0.1389434798
914 0.1389588243
915 0.1389741689
916 0.1389895134
917 0.1390048579
918 0.1390202025
919 0.139035547
920 0.1390508916
921 0.1390662361
922 0.1390815807
923 0.1390969252
924 0.1391122697
925 0.1391276143
926 0.1391429588
927 0.1391583034
928 0.1391736479
929 0.1391889925
930 0.139204337
931 0.1392196816
932 0.1392350261
933 0.1392503706
934 0.1392657152
935 0.1392810597
936 0.1392964043
937 0.1393117488
938 0.1393270934
939 0.1393424379
940 0.1393577824
941 0.139373127
942 0.1393884715
943 0.1394038161
944 0.1394191606
945 0.1394345052
946 0.1394498497
947 0.1394651943
948 0.1394805388
949 0.1394958833
950 0.1395112279
951 0.1395265724
952 0.139541917
953 0.1395572615
954 0.1395726061
955 0.1395879506
956 0.1396032952
957 0.1396186397
958 0.1396339842
959 0.1396493288
960 0.1396646733
961 0.1396800179
962 0.1396953624
963 0.139710707
964 0.1397260515
965 0.139741396
966 0.1397567406
967 0.1397720851
968 0.1397874297
969 0.1398027742
970 0.1398181188
971 0.1398334633
972 0.1398488079
973 0.1398641524
974 0.1398794969
975 0.1398948415
976 0.139910186
977 0.1399255306
978 0.1399408751
979 0.1399562197
980 0.1399715642
981 0.1399869088
982 0.1400022533
983 0.1400175978
984 0.1400329424
985 0.1400482869
986 0.1400636315
987 0.140078976
988 0.1400943206
989 0.1401096651
990 0.1401250096
991 0.1401403542
992 0.1401556987
993 0.1401710433
994 0.1401863878
995 0.1402017324
996 0.1402170769
997 0.1402324215
998 0.140247766
999 0.1402631105
1000 0.1402784551
1001 0.1402937996
1002 0.1403091442
1003 0.1403244887
1004 0.1403398333
1005 0.1403551778
1006 0.1403705224
1007 0.1403858669
1008 0.1404012114
1009 0.140416556
1010 0.1404319005
1011 0.1404472451
1012 0.1404625896
1013 0.1404779342
1014 0.1404932787
1015 0.1405086232
1016 0.1405239678
1017 0.1405393123
1018 0.1405546569
1019 0.1405700014
1020 0.140585346
1021 0.1406006905
1022 0.1406160351
1023 0.1406313796
1024 0.1406467241
1025 0.1406620687
1026 0.1406774132
1027 0.1406927578
1028 0.1407081023
1029 0.1407234469
1030 0.1407387914
1031 0.140754136
1032 0.1407694805
1033 0.140784825
1034 0.1408001696
1035 0.1408155141
1036 0.1408308587
1037 0.1408462032
1038 0.1408615478
1039 0.1408768923
1040 0.1408922368
1041 0.1409075814
1042 0.1409229259
1043 0.1409382705
1044 0.140953615
1045 0.1409689596
1046 0.1409843041
1047 0.1409996487
1048 0.1410149932
1049 0.1410303377
1050 0.1410456823
1051 0.1410610268
1052 0.1410763714
1053 0.1410917159
1054 0.1411070605
1055 0.141122405
1056 0.1411377496
1057 0.1411530941
1058 0.1411684386
1059 0.1411837832
1060 0.1411991277
1061 0.1412144723
1062 0.1412298168
1063 0.1412451614
1064 0.1412605059
1065 0.1412758504
1066 0.141291195
1067 0.1413065395
1068 0.1413218841
1069 0.1413372286
1070 0.1413525732
1071 0.1413679177
1072 0.1413832623
1073 0.1413986068
1074 0.1414139513
1075 0.1414292959
1076 0.1414446404
1077 0.141459985
1078 0.1414753295
1079 0.1414906741
1080 0.1415060186
1081 0.1415213631
1082 0.1415367077
1083 0.1415520522
1084 0.1415673968
1085 0.1415827413
1086 0.1415980859
1087 0.1416134304
1088 0.141628775
1089 0.1416441195
1090 0.141659464
1091 0.1416748086
1092 0.1416901531
1093 0.1417054977
1094 0.1417208422
1095 0.1417361868
1096 0.1417515313
1097 0.1417668759
1098 0.1417822204
1099 0.1417975649
1100 0.1418129095
1101 0.141828254
1102 0.1418435986
1103 0.1418589431
1104 0.1418763292
1105 0.1418937152
1106 0.1419111013
1107 0.1419284873
1108 0.1419458734
1109 0.1419632595
1110 0.1419806455
1111 0.1419980316
1112 0.1420154176
1113 0.1420328037
1114 0.1420501898
1115 0.1420675758
1116 0.1420849619
1117 0.1421023479
1118 0.142119734
1119 0.14213712
1120 0.1421545061
1121 0.1421718922
1122 0.1421892782
1123 0.1422066643
1124 0.1422240503
1125 0.1422414364
1126 0.1422588224
1127 0.1422762085
1128 0.1422935946
1129 0.1423109806
1130 0.1423283667
1131 0.1423457527
1132 0.1423631388
1133 0.1423805248
1134 0.1423979109
1135 0.142415297
1136 0.142432683
1137 0.1424500691
1138 0.1424674551
1139 0.1424848412
1140 0.1425022272
1141 0.1425196133
1142 0.1425369994
1143 0.1425543854
1144 0.1425717715
1145 0.1425891575
1146 0.1426065436
1147 0.1426239296
1148 0.1426413157
1149 0.1426587018
1150 0.1426760878
1151 0.1426934739
1152 0.1427108599
1153 0.142728246
1154 0.1427456321
1155 0.1427630181
1156 0.1427804042
1157 0.1427977902
1158 0.1428151763
1159 0.1428325623
1160 0.1428499484
1161 0.1428673345
1162 0.1428847205
1163 0.1429021066
1164 0.1429194926
1165 0.1429368787
1166 0.1429542647
1167 0.1429716508
1168 0.1429890369
1169 0.1430064229
1170 0.143023809
1171 0.143041195
1172 0.1430585811
1173 0.1430759671
1174 0.1430933532
1175 0.1431107393
1176 0.1431281253
1177 0.1431455114
1178 0.1431628974
1179 0.1431802835
1180 0.1431976695
1181 0.1432150556
1182 0.1432324417
1183 0.1432498277
1184 0.1432672138
1185 0.1432845998
1186 0.1433019859
1187 0.143319372
1188 0.143336758
1189 0.1433541441
1190 0.1433715301
1191 0.1433889162
1192 0.1434063022
1193 0.1434236883
1194 0.1434410744
1195 0.1434584604
1196 0.1434758465
1197 0.1434932325
1198 0.1435106186
1199 0.1435280046
1200 0.1435453907
1201 0.1435627768
1202 0.1435801628
1203 0.1435975489
1204 0.1436149349
1205 0.143632321
1206 0.143649707
1207 0.1436670931
1208 0.1436844792
1209 0.1437018652
1210 0.1437192513
1211 0.1437366373
1212 0.1437540234
1213 0.1437714094
1214 0.1437887955
1215 0.1438061816
1216 0.1438235676
1217 0.1438409537
1218 0.1438583397
1219 0.1438757258
1220 0.1438931119
1221 0.1439104979
1222 0.143927884
1223 0.14394527
1224 0.1439626561
1225 0.1439800421
1226 0.1439974282
1227 0.1440148143
1228 0.1440322003
1229 0.1440495864
1230 0.1440669724
1231 0.1440843585
1232 0.1441017445
1233 0.1441191306
1234 0.1441365167
1235 0.1441539027
1236 0.1441712888
1237 0.1441886748
1238 0.1442060609
1239 0.1442234469
1240 0.144240833
1241 0.1442582191
1242 0.1442756051
1243 0.1442929912
1244 0.1443103772
1245 0.1443277633
1246 0.1443451493
1247 0.1443625354
1248 0.1443799215
1249 0.1443973075
1250 0.1444146936
1251 0.1444320796
1252 0.1444494657
1253 0.1444668518
1254 0.1444842378
1255 0.1445016239
1256 0.1445190099
1257 0.144536396
1258 0.144553782
1259 0.1445711681
1260 0.1445885542
1261 0.1446059402
1262 0.1446233263
1263 0.1446407123
1264 0.1446580984
1265 0.1446754844
1266 0.1446928705
1267 0.1447102566
1268 0.1447276426
1269 0.1447450287
1270 0.1447624147
1271 0.1447798008
1272 0.1447971868
1273 0.1448145729
1274 0.144831959
1275 0.144849345
1276 0.1448667311
1277 0.1448841171
1278 0.1449015032
1279 0.1449188892
1280 0.1449362753
1281 0.1449536614
1282 0.1449710474
1283 0.1449884335
1284 0.1450058195
1285 0.1450232056
1286 0.1450405916
1287 0.1450579777
1288 0.1450753638
1289 0.1450927498
1290 0.1451101359
1291 0.1451275219
1292 0.145144908
1293 0.1451622941
1294 0.1451796801
1295 0.1451970662
1296 0.1452144522
1297 0.1452318383
1298 0.1452492243
1299 0.1452666104
1300 0.1452839965
1301 0.1453013825
1302 0.1453187686
1303 0.1453361546
1304 0.1453535407
1305 0.1453709267
1306 0.1453883128
1307 0.1454056989
1308 0.1454230849
1309 0.145440471
1310 0.145457857
1311 0.1454752431
1312 0.1454926291
1313 0.1455100152
1314 0.1455274013
1315 0.1455447873
1316 0.1455621734
1317 0.1455795594
1318 0.1455969455
1319 0.1456143315
1320 0.1456317176
1321 0.1456491037
1322 0.1456664897
1323 0.1456838758
1324 0.1457012618
1325 0.1457186479
1326 0.145736034
1327 0.14575342
1328 0.1457708061
1329 0.1457881921
1330 0.1458055782
1331 0.1458229642
1332 0.1458403503
1333 0.1458577364
1334 0.1458751224
1335 0.1458925085
1336 0.1459098945
1337 0.1459272806
1338 0.1459446666
1339 0.1459620527
1340 0.1459794388
1341 0.1459968248
1342 0.1460142109
1343 0.1460315969
1344 0.146048983
1345 0.146066369
1346 0.1460837551
1347 0.1461011412
1348 0.1461185272
1349 0.1461359133
1350 0.1461532993
1351 0.1461706854
1352 0.1461880714
1353 0.1462054575
1354 0.1462228436
1355 0.1462402296
1356 0.1462576157
1357 0.1462750017
1358 0.1462923878
1359 0.1463097739
1360 0.1463271599
1361 0.146344546
1362 0.146361932
1363 0.1463793181
1364 0.1463967041
1365 0.1464140902
1366 0.1464314763
1367 0.1464488623
1368 0.1464662484
1369 0.1464836344
1370 0.1465010205
1371 0.1465184065
1372 0.1465357926
1373 0.1465531787
1374 0.1465705647
1375 0.1465879508
1376 0.1466053368
1377 0.1466227229
1378 0.1466401089
1379 0.146657495
1380 0.1466748811
1381 0.1466922671
1382 0.1467096532
1383 0.1467270392
1384 0.1467444253
1385 0.1467618113
1386 0.1467791974
1387 0.1467965835
1388 0.1468139695
1389 0.1468313556
1390 0.1468487416
1391 0.1468661277
1392 0.1468835138
1393 0.1469008998
1394 0.1469182859
1395 0.1469356719
1396 0.146953058
1397 0.146970444
1398 0.1469878301
1399 0.1470052162
1400 0.1470226022
1401 0.1470399883
1402 0.1470573743
1403 0.1470747604
1404 0.1470921464
1405 0.1471095325
1406 0.1471269186
1407 0.1471443046
1408 0.1471616907
1409 0.1471790767
1410 0.1471964628
1411 0.1472138488
1412 0.1472312349
1413 0.147248621
1414 0.147266007
1415 0.1472833931
1416 0.1473007791
1417 0.1473181652
1418 0.1473355512
1419 0.1473529373
1420 0.1473703234
1421 0.1473877094
1422 0.1474050955
1423 0.1474224815
1424 0.1474398676
1425 0.1474572537
1426 0.1474746397
1427 0.1474920258
1428 0.1475094118
1429 0.1475267979
1430 0.1475441839
1431 0.14756157
1432 0.1475789561
1433 0.1475963421
1434 0.1476137282
1435 0.1476311142
1436 0.1476485003
1437 0.1476658863
1438 0.1476832724
1439 0.1477006585
1440 0.1477180445
1441 0.1477354306
1442 0.1477528166
1443 0.1477702027
1444 0.1477875887
1445 0.1478049748
1446 0.1478223609
1447 0.1478397469
1448 0.147857133
1449 0.147874519
1450 0.1478919051
1451 0.1479092911
1452 0.1479266772
1453 0.1479440633
1454 0.1479614493
1455 0.1479788354
1456 0.1479962214
1457 0.1480136075
1458 0.1480309935
1459 0.1480483796
1460 0.1480657657
1461 0.1480831517
1462 0.1481005378
1463 0.1481179238
1464 0.1481353099
1465 0.148152696
1466 0.148170082
1467 0.1481874681
1468 0.1482059307
1469 0.1482243933
1470 0.1482428558
1471 0.1482613184
1472 0.148279781
1473 0.1482982436
1474 0.1483167062
1475 0.1483351688
1476 0.1483536314
1477 0.148372094
1478 0.1483905566
1479 0.1484090192
1480 0.1484274818
1481 0.1484459444
1482 0.148464407
1483 0.1484828696
1484 0.1485013322
1485 0.1485197947
1486 0.1485382573
1487 0.1485567199
1488 0.1485751825
1489 0.1485936451
1490 0.1486121077
1491 0.1486305703
1492 0.1486490329
1493 0.1486674955
1494 0.1486859581
1495 0.1487044207
1496 0.1487228833
1497 0.1487413459
1498 0.1487598085
1499 0.148778271
1500 0.1487967336
1501 0.1488151962
1502 0.1488336588
1503 0.1488521214
1504 0.148870584
1505 0.1488890466
1506 0.1489075092
1507 0.1489259718
1508 0.1489444344
1509 0.148962897
1510 0.1489813596
1511 0.1489998222
1512 0.1490182848
1513 0.1490367473
1514 0.1490552099
1515 0.1490736725
1516 0.1490921351
1517 0.1491105977
1518 0.1491290603
1519 0.1491475229
1520 0.1491659855
1521 0.1491844481
1522 0.1492029107
1523 0.1492213733
1524 0.1492398359
1525 0.1492582985
1526 0.1492767611
1527 0.1492952237
1528 0.1493136862
1529 0.1493321488
1530 0.1493506114
1531 0.149369074
1532 0.1493875366
1533 0.1494059992
1534 0.1494244618
1535 0.1494429244
1536 0.149461387
1537 0.1494798496
1538 0.1494983122
1539 0.1495167748
1540 0.1495352374
1541 0.1495537
1542 0.1495721625
1543 0.1495906251
1544 0.1496090877
1545 0.1496275503
1546 0.1496460129
1547 0.1496644755
1548 0.1496829381
1549 0.1497014007
1550 0.1497198633
1551 0.1497383259
1552 0.1497567885
1553 0.1497752511
1554 0.1497937137
1555 0.1498121763
1556 0.1498306389
1557 0.1498491014
1558 0.149867564
1559 0.1498860266
1560 0.1499044892
1561 0.1499229518
1562 0.1499414144
1563 0.149959877
1564 0.1499783396
1565 0.1499968022
1566 0.1500152648
1567 0.1500337274
1568 0.15005219
1569 0.1500706526
1570 0.1500891152
1571 0.1501075777
1572 0.1501260403
1573 0.1501445029
1574 0.1501629655
1575 0.1501814281
1576 0.1501998907
1577 0.1502183533
1578 0.1502368159
1579 0.1502552785
1580 0.1502737411
1581 0.1502922037
1582 0.1503106663
1583 0.1503291289
1584 0.1503475915
1585 0.1503660541
1586 0.1503845166
1587 0.1504029792
1588 0.1504214418
1589 0.1504399044
1590 0.150458367
1591 0.1504768296
1592 0.1504952922
1593 0.1505137548
1594 0.1505322174
1595 0.15055068
1596 0.1505691426
1597 0.1505876052
1598 0.1506060678
1599 0.1506245304
1600 0.1506429929
1601 0.1506614555
1602 0.1506799181
1603 0.1506983807
1604 0.1507168433
1605 0.1507353059
1606 0.1507537685
1607 0.1507722311
1608 0.1507906937
1609 0.1508091563
1610 0.1508276189
1611 0.1508460815
1612 0.1508645441
1613 0.1508830067
1614 0.1509014693
1615 0.1509199318
1616 0.1509383944
1617 0.150956857
1618 0.1509753196
1619 0.1509937822
1620 0.1510122448
1621 0.1510307074
1622 0.15104917
1623 0.1510676326
1624 0.1510860952
1625 0.1511045578
1626 0.1511230204
1627 0.151141483
1628 0.1511599456
1629 0.1511784081
1630 0.1511968707
1631 0.1512153333
1632 0.1512337959
1633 0.1512522585
1634 0.1512707211
1635 0.1512891837
1636 0.1513076463
1637 0.1513261089
1638 0.1513445715
1639 0.1513630341
1640 0.1513814967
1641 0.1513999593
1642 0.1514184219
1643 0.1514368845
1644 0.151455347
1645 0.1514738096
1646 0.1514922722
1647 0.1515107348
1648 0.1515291974
1649 0.15154766
1650 0.1515661226
1651 0.1515845852
1652 0.1516030478
1653 0.1516215104
1654 0.151639973
1655 0.1516584356
1656 0.1516768982
1657 0.1516953608
1658 0.1517138233
1659 0.1517322859
1660 0.1517507485
1661 0.1517692111
1662 0.1517876737
1663 0.1518061363
1664 0.1518245989
1665 0.1518430615
1666 0.1518615241
1667 0.1518799867
1668 0.1518984493
1669 0.1519169119
1670 0.1519353745
1671 0.1519538371
1672 0.1519722996
1673 0.1519907622
1674 0.1520092248
1675 0.1520276874
1676 0.15204615
1677 0.1520646126
1678 0.1520830752
1679 0.1521015378
1680 0.1521200004
1681 0.152138463
1682 0.1521569256
1683 0.1521753882
1684 0.1521938508
1685 0.1522123134
1686 0.152230776
1687 0.1522492385
1688 0.1522677011
1689 0.1522861637
1690 0.1523046263
1691 0.1523230889
1692 0.1523415515
1693 0.1523600141
1694 0.1523784767
1695 0.1523969393
1696 0.1524154019
1697 0.1524338645
1698 0.1524523271
1699 0.1524707897
1700 0.1524892523
1701 0.1525077148
1702 0.1525261774
1703 0.15254464
1704 0.1525631026
1705 0.1525815652
1706 0.1526000278
1707 0.1526184904
1708 0.152636953
1709 0.1526554156
1710 0.1526738782
1711 0.1526923408
1712 0.1527108034
1713 0.152729266
1714 0.1527477286
1715 0.1527661912
1716 0.1527846537
1717 0.1528031163
1718 0.1528215789
1719 0.1528400415
1720 0.1528585041
1721 0.1528769667
1722 0.1528954293
1723 0.1529138919
1724 0.1529323545
1725 0.1529508171
1726 0.1529692797
1727 0.1529877423
1728 0.1530062049
1729 0.1530246675
1730 0.15304313
1731 0.1530615926
1732 0.1530800552
1733 0.1530985178
1734 0.1531169804
1735 0.153135443
1736 0.1531539056
1737 0.1531723682
1738 0.1531908308
1739 0.1532092934
1740 0.153227756
1741 0.1532462186
1742 0.1532646812
1743 0.1532831438
1744 0.1533016064
1745 0.1533200689
1746 0.1533385315
1747 0.1533569941
1748 0.1533754567
1749 0.1533939193
1750 0.1534123819
1751 0.1534308445
1752 0.1534493071
1753 0.1534677697
1754 0.1534862323
1755 0.1535046949
1756 0.1535231575
1757 0.1535416201
1758 0.1535600827
1759 0.1535785452
1760 0.1535970078
1761 0.1536154704
1762 0.153633933
1763 0.1536523956
1764 0.1536708582
1765 0.1536893208
1766 0.1537077834
1767 0.153726246
1768 0.1537447086
1769 0.1537631712
1770 0.1537816338
1771 0.1538000964
1772 0.153818559
1773 0.1538370216
1774 0.1538554841
1775 0.1538739467
1776 0.1538924093
1777 0.1539108719
1778 0.1539293345
1779 0.1539477971
1780 0.1539662597
1781 0.1539847223
1782 0.1540031849
1783 0.1540216475
1784 0.1540401101
1785 0.1540585727
1786 0.1540770353
1787 0.1540954979
1788 0.1541139604
1789 0.154132423
1790 0.1541508856
1791 0.1541693482
1792 0.1541878108
1793 0.1542062734
1794 0.154224736
1795 0.1542431986
1796 0.1542616612
1797 0.1542801238
1798 0.1542985864
1799 0.154317049
1800 0.1543355116
1801 0.1543539742
1802 0.1543724368
1803 0.1543908993
1804 0.1544093619
1805 0.1544278245
1806 0.1544462871
1807 0.1544647497
1808 0.1544832123
1809 0.1545016749
1810 0.1545201375
1811 0.1545386001
1812 0.1545570627
1813 0.1545755253
1814 0.1545939879
1815 0.1546124505
1816 0.1546309131
1817 0.1546493756
1818 0.1546678382
1819 0.1546863008
1820 0.1547047634
1821 0.154723226
1822 0.1547416886
1823 0.1547601512
1824 0.1547786138
1825 0.1547970764
1826 0.154815539
1827 0.1548340016
1828 0.1548524642
1829 0.1548709268
1830 0.1548893894
1831 0.1549109193
1832 0.1549324493
1833 0.1549539792
1834 0.1549755092
1835 0.1549970391
1836 0.1550185691
1837 0.155040099
1838 0.155061629
1839 0.1550831589
1840 0.1551046889
1841 0.1551262189
1842 0.1551477488
1843 0.1551692788
1844 0.1551908087
1845 0.1552123387
1846 0.1552338686
1847 0.1552553986
1848 0.1552769285
1849 0.1552984585
1850 0.1553199884
1851 0.1553415184
1852 0.1553630483
1853 0.1553845783
1854 0.1554061083
1855 0.1554276382
1856 0.1554491682
1857 0.1554706981
1858 0.1554922281
1859 0.155513758
1860 0.155535288
1861 0.1555568179
1862 0.1555783479
1863 0.1555998778
1864 0.1556214078
1865 0.1556429378
1866 0.1556644677
1867 0.1556859977
1868 0.1557075276
1869 0.1557290576
1870 0.1557505875
1871 0.1557721175
1872 0.1557936474
1873 0.1558151774
1874 0.1558367073
1875 0.1558582373
1876 0.1558797673
1877 0.1559012972
1878 0.1559228272
1879 0.1559443571
1880 0.1559658871
1881 0.155987417
1882 0.156008947
1883 0.1560304769
1884 0.1560520069
1885 0.1560735368
1886 0.1560950668
1887 0.1561165967
1888 0.1561381267
1889 0.1561596567
1890 0.1561811866
1891 0.1562027166
1892 0.1562242465
1893 0.1562457765
1894 0.1562673064
1895 0.1562888364
1896 0.1563103663
1897 0.1563318963
1898 0.1563534262
1899 0.1563749562
1900 0.1563964862
1901 0.1564180161
1902 0.1564395461
1903 0.156461076
1904 0.156482606
1905 0.1565041359
1906 0.1565256659
1907 0.1565471958
1908 0.1565687258
1909 0.1565902557
1910 0.1566117857
1911 0.1566333156
1912 0.1566548456
1913 0.1566763756
1914 0.1566979055
1915 0.1567194355
1916 0.1567409654
1917 0.1567624954
1918 0.1567840253
1919 0.1568055553
1920 0.1568270852
1921 0.1568486152
1922 0.1568701451
1923 0.1568916751
1924 0.1569132051
1925 0.156934735
1926 0.156956265
1927 0.1569777949
1928 0.1569993249
1929 0.1570208548
1930 0.1570423848
1931 0.1570639147
1932 0.1570854447
1933 0.1571069746
1934 0.1571285046
1935 0.1571500346
1936 0.1571715645
1937 0.1571930945
1938 0.1572146244
1939 0.1572361544
1940 0.1572576843
1941 0.1572792143
1942 0.1573007442
1943 0.1573222742
1944 0.1573438041
1945 0.1573653341
1946 0.157386864
1947 0.157408394
1948 0.157429924
1949 0.1574514539
1950 0.1574729839
1951 0.1574945138
1952 0.1575160438
1953 0.1575375737
1954 0.1575591037
1955 0.1575806336
1956 0.1576021636
1957 0.1576236935
1958 0.1576452235
1959 0.1576667535
1960 0.1576882834
1961 0.1577098134
1962 0.1577313433
1963 0.1577528733
1964 0.1577744032
1965 0.1577959332
1966 0.1578174631
1967 0.1578389931
1968 0.157860523
1969 0.157882053
1970 0.1579035829
1971 0.1579251129
1972 0.1579466429
1973 0.1579681728
1974 0.1579897028
1975 0.1580112327
1976 0.1580327627
1977 0.1580542926
1978 0.1580758226
1979 0.1580973525
1980 0.1581188825
1981 0.1581404124
1982 0.1581619424
1983 0.1581834724
1984 0.1582050023
1985 0.1582265323
1986 0.1582480622
1987 0.1582695922
1988 0.1582911221
1989 0.1583126521
1990 0.158334182
1991 0.158355712
1992 0.1583772419
1993 0.1583987719
1994 0.1584203019
1995 0.1584418318
1996 0.1584633618
1997 0.1584848917
1998 0.1585064217
1999 0.1585279516
2000 0.1585494816
2001 0.1585710115
2002 0.1585925415
2003 0.1586140714
2004 0.1586356014
2005 0.1586571313
2006 0.1586786613
2007 0.1587001913
2008 0.1587217212
2009 0.1587432512
2010 0.1587647811
2011 0.1587863111
2012 0.158807841
2013 0.158829371
2014 0.1588509009
2015 0.1588724309
2016 0.1588939608
2017 0.1589154908
2018 0.1589370208
2019 0.1589585507
2020 0.1589800807
2021 0.1590016106
2022 0.1590231406
2023 0.1590446705
2024 0.1590662005
2025 0.1590877304
2026 0.1591092604
2027 0.1591307903
2028 0.1591523203
2029 0.1591738502
2030 0.1591953802
2031 0.1592169102
2032 0.1592384401
2033 0.1592599701
2034 0.1592815
2035 0.15930303
2036 0.1593245599
2037 0.1593460899
2038 0.1593676198
2039 0.1593891498
2040 0.1594106797
2041 0.1594322097
2042 0.1594537397
2043 0.1594752696
2044 0.1594967996
2045 0.1595183295
2046 0.1595398595
2047 0.1595613894
2048 0.1595829194
2049 0.1596044493
2050 0.1596259793
2051 0.1596475092
2052 0.1596690392
2053 0.1596905692
2054 0.1597120991
2055 0.1597336291
2056 0.159755159
2057 0.159776689
2058 0.1597982189
2059 0.1598197489
2060 0.1598412788
2061 0.1598628088
2062 0.1598843387
2063 0.1599058687
2064 0.1599273986
2065 0.1599489286
2066 0.1599704586
2067 0.1599919885
2068 0.1600135185
2069 0.1600350484
2070 0.1600565784
2071 0.1600781083
2072 0.1600996383
2073 0.1601211682
2074 0.1601426982
2075 0.1601642281
2076 0.1601857581
2077 0.1602072881
2078 0.160228818
2079 0.160250348
2080 0.1602718779
2081 0.1602934079
2082 0.1603149378
2083 0.1603364678
2084 0.1603579977
2085 0.1603795277
2086 0.1604010576
2087 0.1604225876
2088 0.1604441176
2089 0.1604656475
2090 0.1604871775
2091 0.1605087074
2092 0.1605302374
2093 0.1605517673
2094 0.1605732973
2095 0.1605948272
2096 0.1606163572
2097 0.1606378871
2098 0.1606594171
2099 0.160680947
2100 0.160702477
2101 0.160724007
2102 0.1607455369
2103 0.1607670669
2104 0.1607885968
2105 0.1608101268
2106 0.1608316567
2107 0.1608531867
2108 0.1608747166
2109 0.1608962466
2110 0.1609177765
2111 0.1609393065
2112 0.1609608365
2113 0.1609823664
2114 0.1610038964
2115 0.1610254263
2116 0.1610469563
2117 0.1610684862
2118 0.1610900162
2119 0.1611115461
2120 0.1611330761
2121 0.161154606
2122 0.161176136
2123 0.1611976659
2124 0.1612191959
2125 0.1612407259
2126 0.1612622558
2127 0.1612837858
2128 0.1613053157
2129 0.1613268457
2130 0.1613483756
2131 0.1613699056
2132 0.1613914355
2133 0.1614129655
2134 0.1614344954
2135 0.1614560254
2136 0.1614775554
2137 0.1614990853
2138 0.1615206153
2139 0.1615421452
2140 0.1615636752
2141 0.1615852051
2142 0.1616067351
2143 0.161628265
2144 0.161649795
2145 0.1616713249
2146 0.1616928549
2147 0.1617143849
2148 0.1617359148
2149 0.1617574448
2150 0.1617789747
2151 0.1618005047
2152 0.1618220346
2153 0.1618435646
2154 0.1618650945
2155 0.1618866245
2156 0.1619081544
2157 0.1619296844
2158 0.1619512143
2159 0.1619727443
2160 0.1619942743
2161 0.1620158042
2162 0.1620373342
2163 0.1620588641
2164 0.1620803941
2165 0.162101924
2166 0.162123454
2167 0.1621449839
2168 0.1621665139
2169 0.1621880438
2170 0.1622095738
2171 0.1622311038
2172 0.1622526337
2173 0.1622741637
2174 0.1622956936
2175 0.1623172236
2176 0.1623387535
2177 0.1623602835
2178 0.1623818134
2179 0.1624033434
2180 0.1624248733
2181 0.1624464033
2182 0.1624679332
2183 0.1624894632
2184 0.1625109932
2185 0.1625325231
2186 0.1625540531
2187 0.162575583
2188 0.162597113
2189 0.1626186429
2190 0.1626401729
2191 0.1626617028
2192 0.1626832328
2193 0.1627047627
2194 0.1627262927
2195 0.1627478227
2196 0.1627693526
2197 0.1627947251
2198 0.1628200975
2199 0.16284547
2200 0.1628708424
2201 0.1628962149
2202 0.1629215873
2203 0.1629469598
2204 0.1629723323
2205 0.1629977047
2206 0.1630230772
2207 0.1630484496
2208 0.1630738221
2209 0.1630991945
2210 0.163124567
2211 0.1631499395
2212 0.1631753119
2213 0.1632006844
2214 0.1632260568
2215 0.1632514293
2216 0.1632768017
2217 0.1633021742
2218 0.1633275466
2219 0.1633529191
2220 0.1633782916
2221 0.163403664
2222 0.1634290365
2223 0.1634544089
2224 0.1634797814
2225 0.1635051538
2226 0.1635305263
2227 0.1635558988
2228 0.1635812712
2229 0.1636066437
2230 0.1636320161
2231 0.1636573886
2232 0.163682761
2233 0.1637081335
2234 0.1637335059
2235 0.1637588784
2236 0.1637842509
2237 0.1638096233
2238 0.1638349958
2239 0.1638603682
2240 0.1638857407
2241 0.1639111131
2242 0.1639364856
2243 0.1639618581
2244 0.1639872305
2245 0.164012603
2246 0.1640379754
2247 0.1640633479
2248 0.1640887203
2249 0.1641140928
2250 0.1641394652
2251 0.1641648377
2252 0.1641902102
2253 0.1642155826
2254 0.1642409551
2255 0.1642663275
2256 0.1642917
2257 0.1643170724
2258 0.1643424449
2259 0.1643678174
2260 0.1643931898
2261 0.1644185623
2262 0.1644439347
2263 0.1644693072
2264 0.1644946796
2265 0.1645200521
2266 0.1645454246
2267 0.164570797
2268 0.1645961695
2269 0.1646215419
2270 0.1646469144
2271 0.1646722868
2272 0.1646976593
2273 0.1647230317
2274 0.1647484042
2275 0.1647737767
2276 0.1647991491
2277 0.1648245216
2278 0.164849894
2279 0.1648752665
2280 0.1649006389
2281 0.1649260114
2282 0.1649513839
2283 0.1649767563
2284 0.1650021288
2285 0.1650275012
2286 0.1650528737
2287 0.1650782461
2288 0.1651036186
2289 0.165128991
2290 0.1651543635
2291 0.165179736
2292 0.1652051084
2293 0.1652304809
2294 0.1652558533
2295 0.1652812258
2296 0.1653065982
2297 0.1653319707
2298 0.1653573432
2299 0.1653827156
2300 0.1654080881
2301 0.1654334605
2302 0.165458833
2303 0.1654842054
2304 0.1655095779
2305 0.1655349503
2306 0.1655603228
2307 0.1655856953
2308 0.1656110677
2309 0.1656364402
2310 0.1656618126
2311 0.1656871851
2312 0.1657125575
2313 0.16573793
2314 0.1657633025
2315 0.1657886749
2316 0.1658140474
2317 0.1658394198
2318 0.1658647923
2319 0.1658901647
2320 0.1659155372
2321 0.1659409096
2322 0.1659662821
2323 0.1659916546
2324 0.166017027
2325 0.1660423995
2326 0.1660677719
2327 0.1660931444
2328 0.1661185168
2329 0.1661438893
2330 0.1661692618
2331 0.1661946342
2332 0.1662200067
2333 0.1662453791
2334 0.1662707516
2335 0.166296124
2336 0.1663214965
2337 0.1663468689
2338 0.1663722414
2339 0.1663976139
2340 0.1664229863
2341 0.1664483588
2342 0.1664737312
2343 0.1664991037
2344 0.1665244761
2345 0.1665498486
2346 0.1665752211
2347 0.1666005935
2348 0.166625966
2349 0.1666513384
2350 0.1666767109
2351 0.1667020833
2352 0.1667274558
2353 0.1667528283
2354 0.1667782007
2355 0.1668035732
2356 0.1668289456
2357 0.1668543181
2358 0.1668796905
2359 0.166905063
2360 0.1669304354
2361 0.1669558079
2362 0.1669811804
2363 0.1670065528
2364 0.1670319253
2365 0.1670572977
2366 0.1670826702
2367 0.1671080426
2368 0.1671334151
2369 0.1671587876
2370 0.16718416
2371 0.1672095325
2372 0.1672349049
2373 0.1672602774
2374 0.1672856498
2375 0.1673110223
2376 0.1673363947
2377 0.1673617672
2378 0.1673871397
2379 0.1674125121
2380 0.1674378846
2381 0.167463257
2382 0.1674886295
2383 0.1675140019
2384 0.1675393744
2385 0.1675647469
2386 0.1675901193
2387 0.1676154918
2388 0.1676408642
2389 0.1676662367
2390 0.1676916091
2391 0.1677169816
2392 0.167742354
2393 0.1677677265
2394 0.167793099
2395 0.1678184714
2396 0.1678438439
2397 0.1678692163
2398 0.1678945888
2399 0.1679199612
2400 0.1679453337
2401 0.1679707062
2402 0.1679960786
2403 0.1680214511
2404 0.1680468235
2405 0.168072196
2406 0.1680975684
2407 0.1681229409
2408 0.1681483133
2409 0.1681736858
2410 0.1681990583
2411 0.1682244307
2412 0.1682498032
2413 0.1682751756
2414 0.1683005481
2415 0.1683259205
2416 0.168351293
2417 0.1683766655
2418 0.1684020379
2419 0.1684274104
2420 0.1684527828
2421 0.1684781553
2422 0.1685035277
2423 0.1685289002
2424 0.1685542726
2425 0.1685796451
2426 0.1686050176
2427 0.16863039
2428 0.1686557625
2429 0.1686811349
2430 0.1687065074
2431 0.1687318798
2432 0.1687572523
2433 0.1687826248
2434 0.1688079972
2435 0.1688333697
2436 0.1688587421
2437 0.1688841146
2438 0.168909487
2439 0.1689348595
2440 0.168960232
2441 0.1689856044
2442 0.1690109769
2443 0.1690363493
2444 0.1690617218
2445 0.1690870942
2446 0.1691124667
2447 0.1691378391
2448 0.1691632116
2449 0.1691885841
2450 0.1692139565
2451 0.169239329
2452 0.1692647014
2453 0.1692900739
2454 0.1693154463
2455 0.1693408188
2456 0.1693661913
2457 0.1693915637
2458 0.1694169362
2459 0.1694423086
2460 0.1694676811
2461 0.1694930535
2462 0.169518426
2463 0.1695437984
2464 0.1695691709
2465 0.1695945434
2466 0.1696199158
2467 0.1696452883
2468 0.1696706607
2469 0.1696960332
2470 0.1697214056
2471 0.1697467781
2472 0.1697721506
2473 0.169797523
2474 0.1698228955
2475 0.1698482679
2476 0.1698736404
2477 0.1698990128
2478 0.1699243853
2479 0.1699497577
2480 0.1699751302
2481 0.1700005027
2482 0.1700258751
2483 0.1700512476
2484 0.17007662
2485 0.1701019925
2486 0.1701273649
2487 0.1701527374
2488 0.1701781099
2489 0.1702034823
2490 0.1702288548
2491 0.1702542272
2492 0.1702795997
2493 0.1703049721
2494 0.1703303446
2495 0.170355717
2496 0.1703810895
2497 0.170406462
2498 0.1704318344
2499 0.1704572069
2500 0.1704825793
2501 0.1705079518
2502 0.1705333242
2503 0.1705586967
2504 0.1705840692
2505 0.1706094416
2506 0.1706348141
2507 0.1706601865
2508 0.170685559
2509 0.1707109314
2510 0.1707363039
2511 0.1707616763
2512 0.1707870488
2513 0.1708124213
2514 0.1708377937
2515 0.1708631662
2516 0.1708885386
2517 0.1709139111
2518 0.1709392835
2519 0.170964656
2520 0.1709900285
2521 0.1710154009
2522 0.1710407734
2523 0.1710661458
2524 0.1710915183
2525 0.1711168907
2526 0.1711422632
2527 0.1711676357
2528 0.1711930081
2529 0.1712183806
2530 0.171243753
2531 0.1712691255
2532 0.1712944979
2533 0.1713198704
2534 0.1713452428
2535 0.1713706153
2536 0.1713959878
2537 0.1714213602
2538 0.1714467327
2539 0.1714721051
2540 0.1714974776
2541 0.17152285
2542 0.1715482225
2543 0.171573595
2544 0.1715989674
2545 0.1716243399
2546 0.1716497123
2547 0.1716750848
2548 0.1717004572
2549 0.1717258297
2550 0.1717512021
2551 0.1717765746
2552 0.1718019471
2553 0.1718273195
2554 0.171852692
2555 0.1718780644
2556 0.1719034369
2557 0.1719288093
2558 0.1719541818
2559 0.1719795543
2560 0.1720049267
2561 0.1720302992
2562 0.1720593305
2563 0.1720883618
2564 0.1721173931
2565 0.1721464245
2566 0.1721754558
2567 0.1722044871
2568 0.1722335184
2569 0.1722625497
2570 0.1722915811
2571 0.1723206124
2572 0.1723496437
2573 0.172378675
2574 0.1724077063
2575 0.1724367377
2576 0.172465769
2577 0.1724948003
2578 0.1725238316
2579 0.172552863
2580 0.1725818943
2581 0.1726109256
2582 0.1726399569
2583 0.1726689882
2584 0.1726980196
2585 0.1727270509
2586 0.1727560822
2587 0.1727851135
2588 0.1728141448
2589 0.1728431762
2590 0.1728722075
2591 0.1729012388
2592 0.1729302701
2593 0.1729593015
2594 0.1729883328
2595 0.1730173641
2596 0.1730463954
2597 0.1730754267
2598 0.1731044581
2599 0.1731334894
2600 0.1731625207
2601 0.173191552
2602 0.1732205834
2603 0.1732496147
2604 0.173278646
2605 0.1733076773
2606 0.1733367086
2607 0.17336574
2608 0.1733947713
2609 0.1734238026
2610 0.1734528339
2611 0.1734818652
2612 0.1735108966
2613 0.1735399279
2614 0.1735689592
2615 0.1735979905
2616 0.1736270219
2617 0.1736560532
2618 0.1736850845
2619 0.1737141158
2620 0.1737431471
2621 0.1737721785
2622 0.1738012098
2623 0.1738302411
2624 0.1738592724
2625 0.1738883037
2626 0.1739173351
2627 0.1739463664
2628 0.1739753977
2629 0.174004429
2630 0.1740334604
2631 0.1740624917
2632 0.174091523
2633 0.1741205543
2634 0.1741495856
2635 0.174178617
2636 0.1742076483
2637 0.1742366796
2638 0.1742657109
2639 0.1742947423
2640 0.1743237736
2641 0.1743528049
2642 0.1743818362
2643 0.1744108675
2644 0.1744398989
2645 0.1744689302
2646 0.1744979615
2647 0.1745269928
2648 0.1745560241
2649 0.1745850555
2650 0.1746140868
2651 0.1746431181
2652 0.1746721494
2653 0.1747011808
2654 0.1747302121
2655 0.1747592434
2656 0.1747882747
2657 0.174817306
2658 0.1748463374
2659 0.1748753687
2660 0.1749044
2661 0.1749334313
2662 0.1749624626
2663 0.174991494
2664 0.1750205253
2665 0.1750495566
2666 0.1750785879
2667 0.1751076193
2668 0.1751366506
2669 0.1751656819
2670 0.1751947132
2671 0.1752237445
2672 0.1752527759
2673 0.1752818072
2674 0.1753108385
2675 0.1753398698
2676 0.1753689012
2677 0.1753979325
2678 0.1754269638
2679 0.1754559951
2680 0.1754850264
2681 0.1755140578
2682 0.1755430891
2683 0.1755721204
2684 0.1756011517
2685 0.175630183
2686 0.1756592144
2687 0.1756882457
2688 0.175717277
2689 0.1757463083
2690 0.1757753397
2691 0.175804371
2692 0.1758334023
2693 0.1758624336
2694 0.1758914649
2695 0.1759204963
2696 0.1759495276
2697 0.1759785589
2698 0.1760075902
2699 0.1760366215
2700 0.1760656529
2701 0.1760946842
2702 0.1761237155
2703 0.1761527468
2704 0.1761817782
2705 0.1762108095
2706 0.1762398408
2707 0.1762688721
2708 0.1762979034
2709 0.1763269348
2710 0.1763559661
2711 0.1763849974
2712 0.1764140287
2713 0.17644306
2714 0.1764720914
2715 0.1765011227
2716 0.176530154
2717 0.1765591853
2718 0.1765882167
2719 0.176617248
2720 0.1766462793
2721 0.1766753106
2722 0.1767043419
2723 0.1767333733
2724 0.1767624046
2725 0.1767914359
2726 0.1768204672
2727 0.1768494986
2728 0.1768785299
2729 0.1769075612
2730 0.1769365925
2731 0.1769656238
2732 0.1769946552
2733 0.1770236865
2734 0.1770527178
2735 0.1770817491
2736 0.1771107804
2737 0.1771398118
2738 0.1771688431
2739 0.1771978744
2740 0.1772269057
2741 0.1772559371
2742 0.1772849684
2743 0.1773139997
2744 0.177343031
2745 0.1773720623
2746 0.1774010937
2747 0.177430125
2748 0.1774591563
2749 0.1774881876
2750 0.1775172189
2751 0.1775462503
2752 0.1775752816
2753 0.1776043129
2754 0.1776333442
2755 0.1776623756
2756 0.1776914069
2757 0.1777204382
2758 0.1777494695
2759 0.1777785008
2760 0.1778075322
2761 0.1778365635
2762 0.1778655948
2763 0.1778946261
2764 0.1779236575
2765 0.1779526888
2766 0.1779817201
2767 0.1780107514
2768 0.1780397827
2769 0.1780688141
2770 0.1780978454
2771 0.1781268767
2772 0.178155908
2773 0.1781849393
2774 0.1782139707
2775 0.178243002
2776 0.1782720333
2777 0.1783010646
2778 0.178330096
2779 0.1783591273
2780 0.1783881586
2781 0.1784171899
2782 0.1784462212
2783 0.1784752526
2784 0.1785042839
2785 0.1785333152
2786 0.1785623465
2787 0.1785913778
2788 0.1786204092
2789 0.1786494405
2790 0.1786784718
2791 0.1787075031
2792 0.1787365345
2793 0.1787655658
2794 0.1787945971
2795 0.1788236284
2796 0.1788526597
2797 0.1788816911
2798 0.1789107224
2799 0.1789397537
2800 0.178968785
2801 0.1789978164
2802 0.1790268477
2803 0.179055879
2804 0.1790849103
2805 0.1791139416
2806 0.179142973
2807 0.1791720043
2808 0.1792010356
2809 0.1792300669
2810 0.1792590982
2811 0.1792881296
2812 0.1793171609
2813 0.1793461922
2814 0.1793752235
2815 0.1794042549
2816 0.1794332862
2817 0.1794623175
2818 0.1794913488
2819 0.1795203801
2820 0.1795494115
2821 0.1795784428
2822 0.1796074741
2823 0.1796365054
2824 0.1796655367
2825 0.1796945681
2826 0.1797235994
2827 0.1797526307
2828 0.179781662
2829 0.1798106934
2830 0.1798397247
2831 0.179868756
2832 0.1798977873
2833 0.1799268186
2834 0.17995585
2835 0.1799848813
2836 0.1800139126
2837 0.1800429439
2838 0.1800719753
2839 0.1801010066
2840 0.1801300379
2841 0.1801590692
2842 0.1801881005
2843 0.1802171319
2844 0.1802461632
2845 0.1802751945
2846 0.1803042258
2847 0.1803332571
2848 0.1803622885
2849 0.1803913198
2850 0.1804203511
2851 0.1804493824
2852 0.1804784138
2853 0.1805074451
2854 0.1805364764
2855 0.1805655077
2856 0.180594539
2857 0.1806235704
2858 0.1806526017
2859 0.180681633
2860 0.1807106643
2861 0.1807396956
2862 0.180768727
2863 0.1807977583
2864 0.1808267896
2865 0.1808558209
2866 0.1808848523
2867 0.1809138836
2868 0.1809429149
2869 0.1809719462
2870 0.1810009775
2871 0.1810300089
2872 0.1810590402
2873 0.1810880715
2874 0.1811171028
2875 0.1811461342
2876 0.1811751655
2877 0.1812041968
2878 0.1812332281
2879 0.1812622594
2880 0.1812912908
2881 0.1813203221
2882 0.1813493534
2883 0.1813783847
2884 0.181407416
2885 0.1814364474
2886 0.1814654787
2887 0.18149451
2888 0.1815235413
2889 0.1815525727
2890 0.181581604
2891 0.1816106353
2892 0.1816396666
2893 0.1816686979
2894 0.1816977293
2895 0.1817267606
2896 0.1817557919
2897 0.1817848232
2898 0.1818138545
2899 0.1818428859
2900 0.1818719172
2901 0.1819009485
2902 0.1819299798
2903 0.1819590112
2904 0.1819880425
2905 0.1820170738
2906 0.1820461051
2907 0.1820751364
2908 0.1821041678
2909 0.1821331991
2910 0.1821622304
2911 0.1821912617
2912 0.1822202931
2913 0.1822493244
2914 0.1822783557
2915 0.182307387
2916 0.1823364183
2917 0.1823654497
2918 0.182394481
2919 0.1824235123
2920 0.1824525436
2921 0.1824815749
2922 0.1825106063
2923 0.1825396376
2924 0.1825686689
2925 0.1825977002
2926 0.1826267316
2927 0.1826587147
2928 0.1826906978
2929 0.182722681
2930 0.1827546641
2931 0.1827866472
2932 0.1828186304
2933 0.1828506135
2934 0.1828825967
2935 0.1829145798
2936 0.1829465629
2937 0.1829785461
2938 0.1830105292
2939 0.1830425124
2940 0.1830744955
2941 0.1831064786
2942 0.1831384618
2943 0.1831704449
2944 0.1832024281
2945 0.1832344112
2946 0.1832663943
2947 0.1832983775
2948 0.1833303606
2949 0.1833623438
2950 0.1833943269
2951 0.18342631
2952 0.1834582932
2953 0.1834902763
2954 0.1835222595
2955 0.1835542426
2956 0.1835862257
2957 0.1836182089
2958 0.183650192
2959 0.1836821752
2960 0.1837141583
2961 0.1837461414
2962 0.1837781246
2963 0.1838101077
2964 0.1838420908
2965 0.183874074
2966 0.1839060571
2967 0.1839380403
2968 0.1839700234
2969 0.1840020065
2970 0.1840339897
2971 0.1840659728
2972 0.184097956
2973 0.1841299391
2974 0.1841619222
2975 0.1841939054
2976 0.1842258885
2977 0.1842578717
2978 0.1842898548
2979 0.1843218379
2980 0.1843538211
2981 0.1843858042
2982 0.1844177874
2983 0.1844497705
2984 0.1844817536
2985 0.1845137368
2986 0.1845457199
2987 0.1845777031
2988 0.1846096862
2989 0.1846416693
2990 0.1846736525
2991 0.1847056356
2992 0.1847376187
2993 0.1847696019
2994 0.184801585
2995 0.1848335682
2996 0.1848655513
2997 0.1848975344
2998 0.1849295176
2999 0.1849615007
3000 0.1849934839
3001 0.185025467
3002 0.1850574501
3003 0.1850894333
3004 0.1851214164
3005 0.1851533996
3006 0.1851853827
3007 0.1852173658
3008 0.185249349
3009 0.1852813321
3010 0.1853133153
3011 0.1853452984
3012 0.1853772815
3013 0.1854092647
3014 0.1854412478
3015 0.185473231
3016 0.1855052141
3017 0.1855371972
3018 0.1855691804
3019 0.1856011635
3020 0.1856331466
3021 0.1856651298
3022 0.1856971129
3023 0.1857290961
3024 0.1857610792
3025 0.1857930623
3026 0.1858250455
3027 0.1858570286
3028 0.1858890118
3029 0.1859209949
3030 0.185952978
3031 0.1859849612
3032 0.1860169443
3033 0.1860489275
3034 0.1860809106
3035 0.1861128937
3036 0.1861448769
3037 0.18617686
3038 0.1862088432
3039 0.1862408263
3040 0.1862728094
3041 0.1863047926
3042 0.1863367757
3043 0.1863687589
3044 0.186400742
3045 0.1864327251
3046 0.1864647083
3047 0.1864966914
3048 0.1865286746
3049 0.1865606577
3050 0.1865926408
3051 0.186624624
3052 0.1866566071
3053 0.1866885902
3054 0.1867205734
3055 0.1867525565
3056 0.1867845397
3057 0.1868165228
3058 0.1868485059
3059 0.1868804891
3060 0.1869124722
3061 0.1869444554
3062 0.1869764385
3063 0.1870084216
3064 0.1870404048
3065 0.1870723879
3066 0.1871043711
3067 0.1871363542
3068 0.1871683373
3069 0.1872003205
3070 0.1872323036
3071 0.1872642868
3072 0.1872962699
3073 0.187328253
3074 0.1873602362
3075 0.1873922193
3076 0.1874242025
3077 0.1874561856
3078 0.1874881687
3079 0.1875201519
3080 0.187552135
3081 0.1875841181
3082 0.1876161013
3083 0.1876480844
3084 0.1876800676
3085 0.1877120507
3086 0.1877440338
3087 0.187776017
3088 0.1878080001
3089 0.1878399833
3090 0.1878719664
3091 0.1879039495
3092 0.1879359327
3093 0.1879679158
3094 0.187999899
3095 0.1880318821
3096 0.1880638652
3097 0.1880958484
3098 0.1881278315
3099 0.1881598147
3100 0.1881917978
3101 0.1882237809
3102 0.1882557641
3103 0.1882877472
3104 0.1883197304
3105 0.1883517135
3106 0.1883836966
3107 0.1884156798
3108 0.1884476629
3109 0.1884796461
3110 0.1885116292
3111 0.1885436123
3112 0.1885755955
3113 0.1886075786
3114 0.1886395617
3115 0.1886715449
3116 0.188703528
3117 0.1887355112
3118 0.1887674943
3119 0.1887994774
3120 0.1888314606
3121 0.1888634437
3122 0.1888954269
3123 0.18892741
3124 0.1889593931
3125 0.1889913763
3126 0.1890233594
3127 0.1890553426
3128 0.1890873257
3129 0.1891193088
3130 0.189151292
3131 0.1891832751
3132 0.1892152583
3133 0.1892472414
3134 0.1892792245
3135 0.1893112077
3136 0.1893431908
3137 0.189375174
3138 0.1894071571
3139 0.1894391402
3140 0.1894711234
3141 0.1895031065
3142 0.1895350896
3143 0.1895670728
3144 0.1895990559
3145 0.1896310391
3146 0.1896630222
3147 0.1896950053
3148 0.1897269885
3149 0.1897589716
3150 0.1897909548
3151 0.1898229379
3152 0.189854921
3153 0.1898869042
3154 0.1899188873
3155 0.1899508705
3156 0.1899828536
3157 0.1900148367
3158 0.1900468199
3159 0.190078803
3160 0.1901107862
3161 0.1901427693
3162 0.1901747524
3163 0.1902067356
3164 0.1902387187
3165 0.1902707019
3166 0.190302685
3167 0.1903346681
3168 0.1903666513
3169 0.1903986344
3170 0.1904306175
3171 0.1904626007
3172 0.1904945838
3173 0.190526567
3174 0.1905585501
3175 0.1905905332
3176 0.1906225164
3177 0.1906544995
3178 0.1906864827
3179 0.1907184658
3180 0.1907504489
3181 0.1907824321
3182 0.1908144152
3183 0.1908463984
3184 0.1908783815
3185 0.1909103646
3186 0.1909423478
3187 0.1909743309
3188 0.1910063141
3189 0.1910382972
3190 0.1910702803
3191 0.1911022635
3192 0.1911342466
3193 0.1911662298
3194 0.1911982129
3195 0.191230196
3196 0.1912621792
3197 0.1912941623
3198 0.1913261455
3199 0.1913581286
3200 0.1913901117
3201 0.1914220949
3202 0.191454078
3203 0.1914860611
3204 0.1915180443
3205 0.1915500274
3206 0.1915820106
3207 0.1916139937
3208 0.1916459768
3209 0.19167796
3210 0.1917099431
3211 0.1917419263
3212 0.1917739094
3213 0.1918058925
3214 0.1918378757
3215 0.1918698588
3216 0.191901842
3217 0.1919338251
3218 0.1919658082
3219 0.1919977914
3220 0.1920297745
3221 0.1920617577
3222 0.1920937408
3223 0.1921257239
3224 0.1921577071
3225 0.1921896902
3226 0.1922216734
3227 0.1922536565
3228 0.1922856396
3229 0.1923176228
3230 0.1923496059
3231 0.192381589
3232 0.1924135722
3233 0.1924455553
3234 0.1924775385
3235 0.1925095216
3236 0.1925415047
3237 0.1925734879
3238 0.192605471
3239 0.1926374542
3240 0.1926694373
3241 0.1927014204
3242 0.1927334036
3243 0.1927653867
3244 0.1927973699
3245 0.192829353
3246 0.1928613361
3247 0.1928933193
3248 0.1929253024
3249 0.1929572856
3250 0.1929892687
3251 0.1930212518
3252 0.193053235
3253 0.1930852181
3254 0.1931172013
3255 0.1931491844
3256 0.1931811675
3257 0.1932131507
3258 0.1932451338
3259 0.1932771169
3260 0.1933091001
3261 0.1933410832
3262 0.1933730664
3263 0.1934050495
3264 0.1934370326
3265 0.1934690158
3266 0.1935009989
3267 0.1935329821
3268 0.1935649652
3269 0.1935969483
3270 0.1936289315
3271 0.1936609146
3272 0.1936928978
3273 0.1937248809
3274 0.193756864
3275 0.1937888472
3276 0.1938208303
3277 0.1938528135
3278 0.1938847966
3279 0.1939167797
3280 0.1939487629
3281 0.193980746
3282 0.1940127292
3283 0.1940447123
3284 0.1940766954
3285 0.1941086786
3286 0.1941406617
3287 0.1941726449
3288 0.194204628
3289 0.1942366111
3290 0.1942685943
3291 0.1943005774
3292 0.1943325605
3293 0.1943645437
3294 0.1943965268
3295 0.1944327623
3296 0.1944689978
3297 0.1945052334
3298 0.1945414689
3299 0.1945777044
3300 0.1946139399
3301 0.1946501754
3302 0.1946864109
3303 0.1947226464
3304 0.1947588819
3305 0.1947951175
3306 0.194831353
3307 0.1948675885
3308 0.194903824
3309 0.1949400595
3310 0.194976295
3311 0.1950125305
3312 0.195048766
3313 0.1950850015
3314 0.1951212371
3315 0.1951574726
3316 0.1951937081
3317 0.1952299436
3318 0.1952661791
3319 0.1953024146
3320 0.1953386501
3321 0.1953748856
3322 0.1954111211
3323 0.1954473567
3324 0.1954835922
3325 0.1955198277
3326 0.1955560632
3327 0.1955922987
3328 0.1956285342
3329 0.1956647697
3330 0.1957010052
3331 0.1957372407
3332 0.1957734763
3333 0.1958097118
3334 0.1958459473
3335 0.1958821828
3336 0.1959184183
3337 0.1959546538
3338 0.1959908893
3339 0.1960271248
3340 0.1960633603
3341 0.1960995959
3342 0.1961358314
3343 0.1961720669
3344 0.1962083024
3345 0.1962445379
3346 0.1962807734
3347 0.1963170089
3348 0.1963532444
3349 0.1963894799
3350 0.1964257155
3351 0.196461951
3352 0.1964981865
3353 0.196534422
3354 0.1965706575
3355 0.196606893
3356 0.1966431285
3357 0.196679364
3358 0.1967155995
3359 0.1967518351
3360 0.1967880706
3361 0.1968243061
3362 0.1968605416
3363 0.1968967771
3364 0.1969330126
3365 0.1969692481
3366 0.1970054836
3367 0.1970417192
3368 0.1970779547
3369 0.1971141902
3370 0.1971504257
3371 0.1971866612
3372 0.1972228967
3373 0.1972591322
3374 0.1972953677
3375 0.1973316032
3376 0.1973678388
3377 0.1974040743
3378 0.1974403098
3379 0.1974765453
3380 0.1975127808
3381 0.1975490163
3382 0.1975852518
3383 0.1976214873
3384 0.1976577228
3385 0.1976939584
3386 0.1977301939
3387 0.1977664294
3388 0.1978026649
3389 0.1978389004
3390 0.1978751359
3391 0.1979113714
3392 0.1979476069
3393 0.1979838424
3394 0.198020078
3395 0.1980563135
3396 0.198092549
3397 0.1981287845
3398 0.19816502
3399 0.1982012555
3400 0.198237491
3401 0.1982737265
3402 0.198309962
3403 0.1983461976
3404 0.1983824331
3405 0.1984186686
3406 0.1984549041
3407 0.1984911396
3408 0.1985273751
3409 0.1985636106
3410 0.1985998461
3411 0.1986360816
3412 0.1986723172
3413 0.1987085527
3414 0.1987447882
3415 0.1987810237
3416 0.1988172592
3417 0.1988534947
3418 0.1988897302
3419 0.1989259657
3420 0.1989622012
3421 0.1989984368
3422 0.1990346723
3423 0.1990709078
3424 0.1991071433
3425 0.1991433788
3426 0.1991796143
3427 0.1992158498
3428 0.1992520853
3429 0.1992883209
3430 0.1993245564
3431 0.1993607919
3432 0.1993970274
3433 0.1994332629
3434 0.1994694984
3435 0.1995057339
3436 0.1995419694
3437 0.1995782049
3438 0.1996144405
3439 0.199650676
3440 0.1996869115
3441 0.199723147
3442 0.1997593825
3443 0.199795618
3444 0.1998318535
3445 0.199868089
3446 0.1999043245
3447 0.1999405601
3448 0.1999767956
3449 0.2000130311
3450 0.2000492666
3451 0.2000855021
3452 0.2001217376
3453 0.2001579731
3454 0.2001942086
3455 0.2002304441
3456 0.2002666797
3457 0.2003029152
3458 0.2003391507
3459 0.2003753862
3460 0.2004116217
3461 0.2004478572
3462 0.2004840927
3463 0.2005203282
3464 0.2005565637
3465 0.2005927993
3466 0.2006290348
3467 0.2006652703
3468 0.2007015058
3469 0.2007377413
3470 0.2007739768
3471 0.2008102123
3472 0.2008464478
3473 0.2008826833
3474 0.2009189189
3475 0.2009551544
3476 0.2009913899
3477 0.2010276254
3478 0.2010638609
3479 0.2011000964
3480 0.2011363319
3481 0.2011725674
3482 0.2012088029
3483 0.2012450385
3484 0.201281274
3485 0.2013175095
3486 0.201353745
3487 0.2013899805
3488 0.201426216
3489 0.2014624515
3490 0.201498687
3491 0.2015349225
3492 0.2015711581
3493 0.2016073936
3494 0.2016436291
3495 0.2016798646
3496 0.2017161001
3497 0.2017523356
3498 0.2017885711
3499 0.2018248066
3500 0.2018610422
3501 0.2018972777
3502 0.2019335132
3503 0.2019697487
3504 0.2020059842
3505 0.2020422197
3506 0.2020784552
3507 0.2021146907
3508 0.2021509262
3509 0.2021871618
3510 0.2022233973
3511 0.2022596328
3512 0.2022958683
3513 0.2023321038
3514 0.2023683393
3515 0.2024045748
3516 0.2024408103
3517 0.2024770458
3518 0.2025132814
3519 0.2025495169
3520 0.2025857524
3521 0.2026219879
3522 0.2026582234
3523 0.2026944589
3524 0.2027306944
3525 0.2027669299
3526 0.2028031654
3527 0.202839401
3528 0.2028756365
3529 0.202911872
3530 0.2029481075
3531 0.202984343
3532 0.2030205785
3533 0.203056814
3534 0.2030930495
3535 0.203129285
3536 0.2031655206
3537 0.2032017561
3538 0.2032379916
3539 0.2032742271
3540 0.2033104626
3541 0.2033466981
3542 0.2033829336
3543 0.2034191691
3544 0.2034554046
3545 0.2034916402
3546 0.2035278757
3547 0.2035641112
3548 0.2036003467
3549 0.2036365822
3550 0.2036728177
3551 0.2037090532
3552 0.2037452887
3553 0.2037815242
3554 0.2038177598
3555 0.2038539953
3556 0.2038902308
3557 0.2039264663
3558 0.2039627018
3559 0.2039989373
3560 0.2040351728
3561 0.2040714083
3562 0.2041076439
3563 0.2041438794
3564 0.2041801149
3565 0.2042163504
3566 0.2042525859
3567 0.2042888214
3568 0.2043250569
3569 0.2043612924
3570 0.2043975279
3571 0.2044337635
3572 0.204469999
3573 0.2045062345
3574 0.20454247
3575 0.2045787055
3576 0.204614941
3577 0.2046511765
3578 0.204687412
3579 0.2047236475
3580 0.2047598831
3581 0.2047961186
3582 0.2048323541
3583 0.2048685896
3584 0.2049048251
3585 0.2049410606
3586 0.2049772961
3587 0.2050135316
3588 0.2050497671
3589 0.2050860027
3590 0.2051222382
3591 0.2051584737
3592 0.2051947092
3593 0.2052309447
3594 0.2052671802
3595 0.2053034157
3596 0.2053396512
3597 0.2053758867
3598 0.2054121223
3599 0.2054483578
3600 0.2054845933
3601 0.2055208288
3602 0.2055570643
3603 0.2055932998
3604 0.2056295353
3605 0.2056657708
3606 0.2057020063
3607 0.2057382419
3608 0.2057744774
3609 0.2058107129
3610 0.2058469484
3611 0.2058831839
3612 0.2059194194
3613 0.2059556549
3614 0.2059918904
3615 0.2060281259
3616 0.2060643615
3617 0.206100597
3618 0.2061368325
3619 0.206173068
3620 0.2062093035
3621 0.206245539
3622 0.2062817745
3623 0.20631801
3624 0.2063542456
3625 0.2063904811
3626 0.2064267166
3627 0.2064629521
3628 0.2064991876
3629 0.2065354231
3630 0.2065716586
3631 0.2066078941
3632 0.2066441296
3633 0.2066803652
3634 0.2067166007
3635 0.2067528362
3636 0.2067890717
3637 0.2068253072
3638 0.2068615427
3639 0.2068977782
3640 0.2069340137
3641 0.2069702492
3642 0.2070064848
3643 0.2070427203
3644 0.2070789558
3645 0.2071151913
3646 0.2071514268
3647 0.2071876623
3648 0.2072238978
3649 0.2072601333
3650 0.2072963688
3651 0.2073326044
3652 0.2073688399
3653 0.2074050754
3654 0.2074413109
3655 0.2074775464
3656 0.2075137819
3657 0.2075500174
3658 0.2075894547
3659 0.2076288919
3660 0.2076683292
3661 0.2077077664
3662 0.2077472037
3663 0.2077866409
3664 0.2078260782
3665 0.2078655154
3666 0.2079049527
3667 0.2079443899
3668 0.2079838272
3669 0.2080232644
3670 0.2080627017
3671 0.2081021389
3672 0.2081415762
3673 0.2081810135
3674 0.2082204507
3675 0.208259888
3676 0.2082993252
3677 0.2083387625
3678 0.2083781997
3679 0.208417637
3680 0.2084570742
3681 0.2084965115
3682 0.2085359487
3683 0.208575386
3684 0.2086148232
3685 0.2086542605
3686 0.2086936977
3687 0.208733135
3688 0.2087725722
3689 0.2088120095
3690 0.2088514467
3691 0.208890884
3692 0.2089303212
3693 0.2089697585
3694 0.2090091957
3695 0.209048633
3696 0.2090880702
3697 0.2091275075
3698 0.2091669447
3699 0.209206382
3700 0.2092458192
3701 0.2092852565
3702 0.2093246937
3703 0.209364131
3704 0.2094035683
3705 0.2094430055
3706 0.2094824428
3707 0.20952188
3708 0.2095613173
3709 0.2096007545
3710 0.2096401918
3711 0.209679629
3712 0.2097190663
3713 0.2097585035
3714 0.2097979408
3715 0.209837378
3716 0.2098768153
3717 0.2099162525
3718 0.2099556898
3719 0.209995127
3720 0.2100345643
3721 0.2100740015
3722 0.2101134388
3723 0.210152876
3724 0.2101923133
3725 0.2102317505
3726 0.2102711878
3727 0.210310625
3728 0.2103500623
3729 0.2103894995
3730 0.2104289368
3731 0.210468374
3732 0.2105078113
3733 0.2105472486
3734 0.2105866858
3735 0.2106261231
3736 0.2106655603
3737 0.2107049976
3738 0.2107444348
3739 0.2107838721
3740 0.2108233093
3741 0.2108627466
3742 0.2109021838
3743 0.2109416211
3744 0.2109810583
3745 0.2110204956
3746 0.2110599328
3747 0.2110993701
3748 0.2111388073
3749 0.2111782446
3750 0.2112176818
3751 0.2112571191
3752 0.2112965563
3753 0.2113359936
3754 0.2113754308
3755 0.2114148681
3756 0.2114543053
3757 0.2114937426
3758 0.2115331798
3759 0.2115726171
3760 0.2116120543
3761 0.2116514916
3762 0.2116909289
3763 0.2117303661
3764 0.2117698034
3765 0.2118092406
3766 0.2118486779
3767 0.2118881151
3768 0.2119275524
3769 0.2119669896
3770 0.2120064269
3771 0.2120458641
3772 0.2120853014
3773 0.2121247386
3774 0.2121641759
3775 0.2122036131
3776 0.2122430504
3777 0.2122824876
3778 0.2123219249
3779 0.2123613621
3780 0.2124007994
3781 0.2124402366
3782 0.2124796739
3783 0.2125191111
3784 0.2125585484
3785 0.2125979856
3786 0.2126374229
3787 0.2126768601
3788 0.2127162974
3789 0.2127557346
3790 0.2127951719
3791 0.2128346091
3792 0.2128740464
3793 0.2129134837
3794 0.2129529209
3795 0.2129923582
3796 0.2130317954
3797 0.2130712327
3798 0.2131106699
3799 0.2131501072
3800 0.2131895444
3801 0.2132289817
3802 0.2132684189
3803 0.2133078562
3804 0.2133472934
3805 0.2133867307
3806 0.2134261679
3807 0.2134656052
3808 0.2135050424
3809 0.2135444797
3810 0.2135839169
3811 0.2136233542
3812 0.2136627914
3813 0.2137022287
3814 0.2137416659
3815 0.2137811032
3816 0.2138205404
3817 0.2138599777
3818 0.2138994149
3819 0.2139388522
3820 0.2139782894
3821 0.2140177267
3822 0.214057164
3823 0.2140966012
3824 0.2141360385
3825 0.2141754757
3826 0.214214913
3827 0.2142543502
3828 0.2142937875
3829 0.2143332247
3830 0.214372662
3831 0.2144120992
3832 0.2144515365
3833 0.2144909737
3834 0.214530411
3835 0.2145698482
3836 0.2146092855
3837 0.2146487227
3838 0.21468816
3839 0.2147275972
3840 0.2147670345
3841 0.2148064717
3842 0.214845909
3843 0.2148853462
3844 0.2149247835
3845 0.2149642207
3846 0.215003658
3847 0.2150430952
3848 0.2150825325
3849 0.2151219697
3850 0.215161407
3851 0.2152008442
3852 0.2152402815
3853 0.2152797188
3854 0.215319156
3855 0.2153585933
3856 0.2153980305
3857 0.2154374678
3858 0.215476905
3859 0.2155163423
3860 0.2155557795
3861 0.2155952168
3862 0.215634654
3863 0.2156740913
3864 0.2157135285
3865 0.2157529658
3866 0.215792403
3867 0.2158318403
3868 0.2158712775
3869 0.2159107148
3870 0.215950152
3871 0.2159895893
3872 0.2160290265
3873 0.2160684638
3874 0.216107901
3875 0.2161473383
3876 0.2161867755
3877 0.2162262128
3878 0.21626565
3879 0.2163050873
3880 0.2163445245
3881 0.2163839618
3882 0.2164233991
3883 0.2164628363
3884 0.2165022736
3885 0.2165417108
3886 0.2165811481
3887 0.2166205853
3888 0.2166600226
3889 0.2166994598
3890 0.2167388971
3891 0.2167783343
3892 0.2168177716
3893 0.2168572088
3894 0.2168966461
3895 0.2169360833
3896 0.2169755206
3897 0.2170149578
3898 0.2170543951
3899 0.2170938323
3900 0.2171332696
3901 0.2171727068
3902 0.2172121441
3903 0.2172515813
3904 0.2172910186
3905 0.2173304558
3906 0.2173698931
3907 0.2174093303
3908 0.2174487676
3909 0.2174882048
3910 0.2175276421
3911 0.2175670794
3912 0.2176065166
3913 0.2176459539
3914 0.2176853911
3915 0.2177248284
3916 0.2177642656
3917 0.2178037029
3918 0.2178431401
3919 0.2178825774
3920 0.2179220146
3921 0.2179614519
3922 0.2180008891
3923 0.2180403264
3924 0.2180797636
3925 0.2181192009
3926 0.2181586381
3927 0.2181980754
3928 0.2182375126
3929 0.2182769499
3930 0.2183163871
3931 0.2183558244
3932 0.2183952616
3933 0.2184346989
3934 0.2184741361
3935 0.2185135734
3936 0.2185530106
3937 0.2185924479
3938 0.2186318851
3939 0.2186713224
3940 0.2187107596
3941 0.2187501969
3942 0.2187896342
3943 0.2188290714
3944 0.2188685087
3945 0.2189079459
3946 0.2189473832
3947 0.2189868204
3948 0.2190262577
3949 0.2190656949
3950 0.2191051322
3951 0.2191445694
3952 0.2191840067
3953 0.2192234439
3954 0.2192628812
3955 0.2193023184
3956 0.2193417557
3957 0.2193811929
3958 0.2194206302
3959 0.2194600674
3960 0.2194995047
3961 0.2195389419
3962 0.2195783792
3963 0.2196178164
3964 0.2196572537
3965 0.2196966909
3966 0.2197361282
3967 0.2197755654
3968 0.2198150027
3969 0.2198544399
3970 0.2198938772
3971 0.2199333145
3972 0.2199727517
3973 0.220012189
3974 0.2200516262
3975 0.2200910635
3976 0.2201305007
3977 0.220169938
3978 0.2202093752
3979 0.2202488125
3980 0.2202882497
3981 0.220327687
3982 0.2203671242
3983 0.2204065615
3984 0.2204459987
3985 0.220485436
3986 0.2205248732
3987 0.2205643105
3988 0.2206037477
3989 0.220643185
3990 0.2206826222
3991 0.2207220595
3992 0.2207614967
3993 0.220800934
3994 0.2208403712
3995 0.2208798085
3996 0.2209192457
3997 0.220958683
3998 0.2209981202
3999 0.2210375575
4000 0.2210769947
4001 0.221116432
4002 0.2211558693
4003 0.2211953065
4004 0.2212347438
4005 0.221274181
4006 0.2213136183
4007 0.2213530555
4008 0.2213924928
4009 0.22143193
4010 0.2214713673
4011 0.2215108045
4012 0.2215502418
4013 0.221589679
4014 0.2216291163
4015 0.2216685535
4016 0.2217079908
4017 0.221747428
4018 0.2217868653
4019 0.2218263025
4020 0.2218657398
4021 0.221905177
4022 0.2219446143
4023 0.2219840515
4024 0.2220234888
4025 0.222062926
4026 0.2221023633
4027 0.2221418005
4028 0.2221812378
4029 0.222220675
4030 0.2222601123
4031 0.2222995496
4032 0.2223389868
4033 0.2223784241
4034 0.2224178613
4035 0.2224572986
4036 0.2224967358
4037 0.2225361731
4038 0.2225756103
4039 0.2226150476
4040 0.2226544848
4041 0.2226939221
4042 0.2227333593
4043 0.2227727966
4044 0.2228122338
4045 0.2228516711
4046 0.2228911083
4047 0.2229305456
4048 0.2229699828
4049 0.2230094201
4050 0.2230488573
4051 0.2230882946
4052 0.2231277318
4053 0.2231671691
4054 0.2232066063
4055 0.2232460436
4056 0.2232854808
4057 0.2233249181
4058 0.2233643553
4059 0.2234037926
4060 0.2234432299
4061 0.2234826671
4062 0.2235221044
4063 0.2235615416
4064 0.2236009789
4065 0.2236404161
4066 0.2236798534
4067 0.2237192906
4068 0.2237587279
4069 0.2237981651
4070 0.2238376024
4071 0.2238770396
4072 0.2239164769
4073 0.2239559141
4074 0.2239953514
4075 0.2240347886
4076 0.2240742259
4077 0.2241136631
4078 0.2241531004
4079 0.2241925376
4080 0.2242319749
4081 0.2242714121
4082 0.2243108494
4083 0.2243502866
4084 0.2243897239
4085 0.2244291611
4086 0.2244685984
4087 0.2245080356
4088 0.2245474729
4089 0.2245869101
4090 0.2246263474
4091 0.2246657847
4092 0.2247052219
4093 0.2247446592
4094 0.2247840964
4095 0.2248235337
4096 0.2248629709
4097 0.2249024082
4098 0.2249418454
4099 0.2249812827
4100 0.2250207199
4101 0.2250601572
4102 0.2250995944
4103 0.2251390317
4104 0.2251784689
4105 0.2252179062
4106 0.2252573434
4107 0.2252967807
4108 0.2253362179
4109 0.2253756552
4110 0.2254150924
4111 0.2254545297
4112 0.2254939669
4113 0.2255334042
4114 0.2255728414
4115 0.2256122787
4116 0.2256517159
4117 0.2256911532
4118 0.2257305904
4119 0.2257700277
4120 0.225809465
4121 0.2258489022
4122 0.2258883395
4123 0.2259277767
4124 0.225967214
4125 0.2260066512
4126 0.2260460885
4127 0.2260855257
4128 0.226124963
4129 0.2261644002
4130 0.2262038375
4131 0.2262432747
4132 0.226282712
4133 0.2263221492
4134 0.2263615865
4135 0.2264010237
4136 0.226440461
4137 0.2264798982
4138 0.2265193355
4139 0.2265587727
4140 0.22659821
4141 0.2266376472
4142 0.2266770845
4143 0.2267165217
4144 0.226755959
4145 0.2267953962
4146 0.2268348335
4147 0.2268742707
4148 0.226913708
4149 0.2269531452
4150 0.2269925825
4151 0.2270320198
4152 0.227071457
4153 0.2271108943
4154 0.2271503315
4155 0.2271897688
4156 0.227229206
4157 0.2272686433
4158 0.2273080805
4159 0.2273475178
4160 0.227386955
4161 0.2274263923
4162 0.2274658295
4163 0.2275052668
4164 0.227544704
4165 0.2275841413
4166 0.2276235785
4167 0.2276630158
4168 0.227702453
4169 0.2277418903
4170 0.2277813275
4171 0.2278207648
4172 0.227860202
4173 0.2278996393
4174 0.2279390765
4175 0.2279785138
4176 0.228017951
4177 0.2280573883
4178 0.2280968255
4179 0.2281362628
4180 0.2281757001
4181 0.2282151373
4182 0.2282545746
4183 0.2282940118
4184 0.2283334491
4185 0.2283728863
4186 0.2284123236
4187 0.2284517608
4188 0.2284911981
4189 0.2285306353
4190 0.2285700726
4191 0.2286095098
4192 0.2286489471
4193 0.2286883843
4194 0.2287278216
4195 0.2287672588
4196 0.2288066961
4197 0.2288461333
4198 0.2288855706
4199 0.2289250078
4200 0.2289644451
4201 0.2290038823
4202 0.2290433196
4203 0.2290827568
4204 0.2291221941
4205 0.2291616313
4206 0.2292010686
4207 0.2292405058
4208 0.2292799431
4209 0.2293193804
4210 0.2293588176
4211 0.2293982549
4212 0.2294376921
4213 0.2294771294
4214 0.2295165666
4215 0.2295560039
4216 0.2295954411
4217 0.2296348784
4218 0.2296743156
4219 0.2297137529
4220 0.2297531901
4221 0.2297926274
4222 0.2298320646
4223 0.2298715019
4224 0.2299109391
4225 0.2299503764
4226 0.2299898136
4227 0.2300292509
4228 0.2300686881
4229 0.2301081254
4230 0.2301475626
4231 0.2301869999
4232 0.2302264371
4233 0.2302658744
4234 0.2303053116
4235 0.2303447489
4236 0.2303841861
4237 0.2304236234
4238 0.2304630606
4239 0.2305024979
4240 0.2305419352
4241 0.2305813724
4242 0.2306208097
4243 0.2306602469
4244 0.2306996842
4245 0.2307391214
4246 0.2307785587
4247 0.2308179959
4248 0.2308574332
4249 0.2308968704
4250 0.2309363077
4251 0.2309757449
4252 0.2310151822
4253 0.2310546194
4254 0.2310940567
4255 0.2311334939
4256 0.2311729312
4257 0.2312123684
4258 0.2312518057
4259 0.2312912429
4260 0.2313306802
4261 0.2313701174
4262 0.2314095547
4263 0.2314489919
4264 0.2314884292
4265 0.2315278664
4266 0.2315673037
4267 0.2316067409
4268 0.2316461782
4269 0.2316856155
4270 0.2317250527
4271 0.23176449
4272 0.2318039272
4273 0.2318433645
4274 0.2318828017
4275 0.231922239
4276 0.2319616762
4277 0.2320011135
4278 0.2320405507
4279 0.232079988
4280 0.2321194252
4281 0.2321588625
4282 0.2321982997
4283 0.232237737
4284 0.2322771742
4285 0.2323166115
4286 0.2323560487
4287 0.232395486
4288 0.2324349232
4289 0.2324743605
4290 0.2325137977
4291 0.232553235
4292 0.2325926722
4293 0.2326321095
4294 0.2326715467
4295 0.232710984
4296 0.2327504212
4297 0.2327898585
4298 0.2328292957
4299 0.232868733
4300 0.2329081703
4301 0.2329476075
4302 0.2329870448
4303 0.233026482
4304 0.2330659193
4305 0.2331053565
4306 0.2331447938
4307 0.233184231
4308 0.2332236683
4309 0.2332631055
4310 0.2333025428
4311 0.23334198
4312 0.2333814173
4313 0.2334208545
4314 0.2334602918
4315 0.233499729
4316 0.2335391663
4317 0.2335786035
4318 0.2336180408
4319 0.233657478
4320 0.2336969153
4321 0.2337363525
4322 0.2337757898
4323 0.233815227
4324 0.2338546643
4325 0.2338941015
4326 0.2339335388
4327 0.233972976
4328 0.2340124133
4329 0.2340518506
4330 0.2340912878
4331 0.2341307251
4332 0.2341701623
4333 0.2342095996
4334 0.2342490368
4335 0.2342884741
4336 0.2343279113
4337 0.2343673486
4338 0.2344067858
4339 0.2344462231
4340 0.2344856603
4341 0.2345250976
4342 0.2345645348
4343 0.2346039721
4344 0.2346434093
4345 0.2346828466
4346 0.2347222838
4347 0.2347617211
4348 0.2348011583
4349 0.2348405956
4350 0.2348800328
4351 0.2349194701
4352 0.2349589073
4353 0.2349983446
4354 0.2350377818
4355 0.2350772191
4356 0.2351166563
4357 0.2351560936
4358 0.2351955309
4359 0.2352349681
4360 0.2352744054
4361 0.2353138426
4362 0.2353532799
4363 0.2353927171
4364 0.2354321544
4365 0.2354715916
4366 0.2355110289
4367 0.2355504661
4368 0.2355899034
4369 0.2356293406
4370 0.2356687779
4371 0.2357082151
4372 0.2357476524
4373 0.2357870896
4374 0.2358265269
4375 0.2358659641
4376 0.2359054014
4377 0.2359448386
4378 0.2359842759
4379 0.2360237131
4380 0.2360631504
4381 0.2361025876
4382 0.2361420249
4383 0.2361814621
4384 0.2362208994
4385 0.2362603366
4386 0.2362997739
4387 0.2363392111
4388 0.2363854639
4389 0.2364317166
4390 0.2364779693
4391 0.2365242221
4392 0.2365704748
4393 0.2366167275
4394 0.2366629803
4395 0.236709233
4396 0.2367554857
4397 0.2368017385
4398 0.2368479912
4399 0.2368942439
4400 0.2369404967
4401 0.2369867494
4402 0.2370330021
4403 0.2370792548
4404 0.2371255076
4405 0.2371717603
4406 0.237218013
4407 0.2372642658
4408 0.2373105185
4409 0.2373567712
4410 0.237403024
4411 0.2374492767
4412 0.2374955294
4413 0.2375417822
4414 0.2375880349
4415 0.2376342876
4416 0.2376805404
4417 0.2377267931
4418 0.2377730458
4419 0.2378192985
4420 0.2378655513
4421 0.237911804
4422 0.2379580567
4423 0.2380043095
4424 0.2380505622
4425 0.2380968149
4426 0.2381430677
4427 0.2381893204
4428 0.2382355731
4429 0.2382818259
4430 0.2383280786
4431 0.2383743313
4432 0.238420584
4433 0.2384668368
4434 0.2385130895
4435 0.2385593422
4436 0.238605595
4437 0.2386518477
4438 0.2386981004
4439 0.2387443532
4440 0.2387906059
4441 0.2388368586
4442 0.2388831114
4443 0.2389293641
4444 0.2389756168
4445 0.2390218696
4446 0.2390681223
4447 0.239114375
4448 0.2391606277
4449 0.2392068805
4450 0.2392531332
4451 0.2392993859
4452 0.2393456387
4453 0.2393918914
4454 0.2394381441
4455 0.2394843969
4456 0.2395306496
4457 0.2395769023
4458 0.2396231551
4459 0.2396694078
4460 0.2397156605
4461 0.2397619133
4462 0.239808166
4463 0.2398544187
4464 0.2399006714
4465 0.2399469242
4466 0.2399931769
4467 0.2400394296
4468 0.2400856824
4469 0.2401319351
4470 0.2401781878
4471 0.2402244406
4472 0.2402706933
4473 0.240316946
4474 0.2403631988
4475 0.2404094515
4476 0.2404557042
4477 0.2405019569
4478 0.2405482097
4479 0.2405944624
4480 0.2406407151
4481 0.2406869679
4482 0.2407332206
4483 0.2407794733
4484 0.2408257261
4485 0.2408719788
4486 0.2409182315
4487 0.2409644843
4488 0.241010737
4489 0.2410569897
4490 0.2411032425
4491 0.2411494952
4492 0.2411957479
4493 0.2412420006
4494 0.2412882534
4495 0.2413345061
4496 0.2413807588
4497 0.2414270116
4498 0.2414732643
4499 0.241519517
4500 0.2415657698
4501 0.2416120225
4502 0.2416582752
4503 0.241704528
4504 0.2417507807
4505 0.2417970334
4506 0.2418432861
4507 0.2418895389
4508 0.2419357916
4509 0.2419820443
4510 0.2420282971
4511 0.2420745498
4512 0.2421208025
4513 0.2421670553
4514 0.242213308
4515 0.2422595607
4516 0.2423058135
4517 0.2423520662
4518 0.2423983189
4519 0.2424445717
4520 0.2424908244
4521 0.2425370771
4522 0.2425833298
4523 0.2426295826
4524 0.2426758353
4525 0.242722088
4526 0.2427683408
4527 0.2428145935
4528 0.2428608462
4529 0.242907099
4530 0.2429533517
4531 0.2429996044
4532 0.2430458572
4533 0.2430921099
4534 0.2431383626
4535 0.2431846154
4536 0.2432308681
4537 0.2432771208
4538 0.2433233735
4539 0.2433696263
4540 0.243415879
4541 0.2434621317
4542 0.2435083845
4543 0.2435546372
4544 0.2436008899
4545 0.2436471427
4546 0.2436933954
4547 0.2437396481
4548 0.2437859009
4549 0.2438321536
4550 0.2438784063
4551 0.243924659
4552 0.2439709118
4553 0.2440171645
4554 0.2440634172
4555 0.24410967
4556 0.2441559227
4557 0.2442021754
4558 0.2442484282
4559 0.2442946809
4560 0.2443409336
4561 0.2443871864
4562 0.2444334391
4563 0.2444796918
4564 0.2445259446
4565 0.2445721973
4566 0.24461845
4567 0.2446647027
4568 0.2447109555
4569 0.2447572082
4570 0.2448034609
4571 0.2448497137
4572 0.2448959664
4573 0.2449422191
4574 0.2449884719
4575 0.2450347246
4576 0.2450809773
4577 0.2451272301
4578 0.2451734828
4579 0.2452197355
4580 0.2452659883
4581 0.245312241
4582 0.2453584937
4583 0.2454047464
4584 0.2454509992
4585 0.2454972519
4586 0.2455435046
4587 0.2455897574
4588 0.2456360101
4589 0.2456822628
4590 0.2457285156
4591 0.2457747683
4592 0.245821021
4593 0.2458672738
4594 0.2459135265
4595 0.2459597792
4596 0.2460060319
4597 0.2460522847
4598 0.2460985374
4599 0.2461447901
4600 0.2461910429
4601 0.2462372956
4602 0.2462835483
4603 0.2463298011
4604 0.2463760538
4605 0.2464223065
4606 0.2464685593
4607 0.246514812
4608 0.2465610647
4609 0.2466073175
4610 0.2466535702
4611 0.2466998229
4612 0.2467460756
4613 0.2467923284
4614 0.2468385811
4615 0.2468848338
4616 0.2469310866
4617 0.2469773393
4618 0.247023592
4619 0.2470698448
4620 0.2471160975
4621 0.2471623502
4622 0.247208603
4623 0.2472548557
4624 0.2473011084
4625 0.2473473611
4626 0.2473936139
4627 0.2474398666
4628 0.2474861193
4629 0.2475323721
4630 0.2475786248
4631 0.2476248775
4632 0.2476711303
4633 0.247717383
4634 0.2477636357
4635 0.2478098885
4636 0.2478561412
4637 0.2479023939
4638 0.2479486467
4639 0.2479948994
4640 0.2480411521
4641 0.2480874048
4642 0.2481336576
4643 0.2481799103
4644 0.248226163
4645 0.2482724158
4646 0.2483186685
4647 0.2483649212
4648 0.248411174
4649 0.2484574267
4650 0.2485036794
4651 0.2485499322
4652 0.2485961849
4653 0.2486424376
4654 0.2486886904
4655 0.2487349431
4656 0.2487811958
4657 0.2488274485
4658 0.2488737013
4659 0.248919954
4660 0.2489662067
4661 0.2490124595
4662 0.2490587122
4663 0.2491049649
4664 0.2491512177
4665 0.2491974704
4666 0.2492437231
4667 0.2492899759
4668 0.2493362286
4669 0.2493824813
4670 0.249428734
4671 0.2494749868
4672 0.2495212395
4673 0.2495674922
4674 0.249613745
4675 0.2496599977
4676 0.2497062504
4677 0.2497525032
4678 0.2497987559
4679 0.2498450086
4680 0.2498912614
4681 0.2499375141
4682 0.2499837668
4683 0.2500300196
4684 0.2500762723
4685 0.250122525
4686 0.2501687777
4687 0.2502150305
4688 0.2502612832
4689 0.2503075359
4690 0.2503537887
4691 0.2504000414
4692 0.2504462941
4693 0.2504925469
4694 0.2505387996
4695 0.2505850523
4696 0.2506313051
4697 0.2506775578
4698 0.2507238105
4699 0.2507700633
4700 0.250816316
4701 0.2508625687
4702 0.2509088214
4703 0.2509550742
4704 0.2510013269
4705 0.2510475796
4706 0.2510938324
4707 0.2511400851
4708 0.2511863378
4709 0.2512325906
4710 0.2512788433
4711 0.251325096
4712 0.2513713488
4713 0.2514176015
4714 0.2514638542
4715 0.2515101069
4716 0.2515563597
4717 0.2516026124
4718 0.2516488651
4719 0.2516951179
4720 0.2517413706
4721 0.2517876233
4722 0.2518338761
4723 0.2518801288
4724 0.2519263815
4725 0.2519726343
4726 0.252018887
4727 0.2520651397
4728 0.2521113925
4729 0.2521576452
4730 0.2522038979
4731 0.2522501506
4732 0.2522964034
4733 0.2523426561
4734 0.2523889088
4735 0.2524351616
4736 0.2524814143
4737 0.252527667
4738 0.2525739198
4739 0.2526201725
4740 0.2526664252
4741 0.252712678
4742 0.2527589307
4743 0.2528051834
4744 0.2528514362
4745 0.2528976889
4746 0.2529439416
4747 0.2529901943
4748 0.2530364471
4749 0.2530826998
4750 0.2531289525
4751 0.2531752053
4752 0.253221458
4753 0.2532677107
4754 0.2533139635
4755 0.2533602162
4756 0.2534064689
4757 0.2534527217
4758 0.2534989744
4759 0.2535452271
4760 0.2535914798
4761 0.2536377326
4762 0.2536839853
4763 0.253730238
4764 0.2537764908
4765 0.2538227435
4766 0.2538689962
4767 0.253915249
4768 0.2539615017
4769 0.2540077544
4770 0.2540540072
4771 0.2541002599
4772 0.2541465126
4773 0.2541927654
4774 0.2542390181
4775 0.2542852708
4776 0.2543315235
4777 0.2543777763
4778 0.254424029
4779 0.2544702817
4780 0.2545165345
4781 0.2545627872
4782 0.2546090399
4783 0.2546552927
4784 0.2547015454
4785 0.2547477981
4786 0.2547940509
4787 0.2548403036
4788 0.2548865563
4789 0.254932809
4790 0.2549790618
4791 0.2550253145
4792 0.2550715672
4793 0.25511782
4794 0.2551640727
4795 0.2552103254
4796 0.2552565782
4797 0.2553028309
4798 0.2553490836
4799 0.2553953364
4800 0.2554415891
4801 0.2554878418
4802 0.2555340946
4803 0.2555803473
4804 0.2556266
4805 0.2556728527
4806 0.2557191055
4807 0.2557653582
4808 0.2558116109
4809 0.2558578637
4810 0.2559041164
4811 0.2559503691
4812 0.2559966219
4813 0.2560428746
4814 0.2560891273
4815 0.2561353801
4816 0.2561816328
4817 0.2562278855
4818 0.2562741383
4819 0.256320391
4820 0.2563666437
4821 0.2564128964
4822 0.2564591492
4823 0.2565054019
4824 0.2565516546
4825 0.2565979074
4826 0.2566441601
4827 0.2566904128
4828 0.2567366656
4829 0.2567829183
4830 0.256829171
4831 0.2568754238
4832 0.2569216765
4833 0.2569679292
4834 0.2570141819
4835 0.2570604347
4836 0.2571066874
4837 0.2571529401
4838 0.2571991929
4839 0.2572454456
4840 0.2572916983
4841 0.2573379511
4842 0.2573842038
4843 0.2574304565
4844 0.2574767093
4845 0.257522962
4846 0.2575692147
4847 0.2576154675
4848 0.2576617202
4849 0.2577079729
4850 0.2577542256
4851 0.2578004784
4852 0.2578467311
4853 0.2578929838
4854 0.2579392366
4855 0.2579854893
4856 0.258031742
4857 0.2580779948
4858 0.2581242475
4859 0.2581705002
4860 0.258216753
4861 0.2582630057
4862 0.2583092584
4863 0.2583555112
4864 0.2584017639
4865 0.2584480166
4866 0.2584942693
4867 0.2585405221
4868 0.2585867748
4869 0.2586330275
4870 0.2586792803
4871 0.258725533
4872 0.2587717857
4873 0.2588180385
4874 0.2588642912
4875 0.2589105439
4876 0.2589567967
4877 0.2590030494
4878 0.2590493021
4879 0.2590955548
4880 0.2591418076
4881 0.2591880603
4882 0.259234313
4883 0.2592805658
4884 0.2593268185
4885 0.2593730712
4886 0.259419324
4887 0.2594655767
4888 0.2595118294
4889 0.2595580822
4890 0.2596043349
4891 0.2596505876
4892 0.2596968404
4893 0.2597430931
4894 0.2597893458
4895 0.2598355985
4896 0.2598818513
4897 0.259928104
4898 0.2599743567
4899 0.2600206095
4900 0.2600668622
4901 0.2601131149
4902 0.2601593677
4903 0.2602056204
4904 0.2602518731
4905 0.2602981259
4906 0.2603443786
4907 0.2603906313
4908 0.2604368841
4909 0.2604831368
4910 0.2605293895
4911 0.2605756422
4912 0.260621895
4913 0.2606681477
4914 0.2607144004
4915 0.2607606532
4916 0.2608069059
4917 0.2608531586
4918 0.2608994114
4919 0.2609456641
4920 0.2609919168
4921 0.2610381696
4922 0.2610844223
4923 0.261130675
4924 0.2611769277
4925 0.2612231805
4926 0.2612694332
4927 0.2613156859
4928 0.2613619387
4929 0.2614081914
4930 0.2614544441
4931 0.2615006969
4932 0.2615469496
4933 0.2615932023
4934 0.2616394551
4935 0.2616857078
4936 0.2617319605
4937 0.2617782133
4938 0.261824466
4939 0.2618707187
4940 0.2619169714
4941 0.2619632242
4942 0.2620094769
4943 0.2620557296
4944 0.2621019824
4945 0.2621482351
4946 0.2621944878
4947 0.2622407406
4948 0.2622869933
4949 0.262333246
4950 0.2623794988
4951 0.2624257515
4952 0.2624720042
4953 0.2625182569
4954 0.2625645097
4955 0.2626107624
4956 0.2626570151
4957 0.2627032679
4958 0.2627495206
4959 0.2627957733
4960 0.2628420261
4961 0.2628882788
4962 0.2629345315
4963 0.2629807843
4964 0.263027037
4965 0.2630732897
4966 0.2631195425
4967 0.2631657952
4968 0.2632120479
4969 0.2632583006
4970 0.2633045534
4971 0.2633508061
4972 0.2633970588
4973 0.2634433116
4974 0.2634895643
4975 0.263535817
4976 0.2635820698
4977 0.2636283225
4978 0.2636745752
4979 0.263720828
4980 0.2637670807
4981 0.2638133334
4982 0.2638595862
4983 0.2639058389
4984 0.2639520916
4985 0.2639983443
4986 0.2640445971
4987 0.2640908498
4988 0.2641371025
4989 0.2641833553
4990 0.264229608
4991 0.2642758607
4992 0.2643221135
4993 0.2643683662
4994 0.2644146189
4995 0.2644608717
4996 0.2645071244
4997 0.2645533771
4998 0.2645996298
4999 0.2646458826
5000 0.2646921353
5001 0.264738388
5002 0.2647846408
5003 0.2648308935
5004 0.2648771462
5005 0.264923399
5006 0.2649696517
5007 0.2650159044
5008 0.2650621572
5009 0.2651084099
5010 0.2651546626
5011 0.2652009154
5012 0.2652471681
5013 0.2652934208
5014 0.2653396735
5015 0.2653859263
5016 0.265432179
5017 0.2654784317
5018 0.2655246845
5019 0.2655709372
5020 0.2656171899
5021 0.2656634427
5022 0.2657096954
5023 0.2657559481
5024 0.2658022009
5025 0.2658484536
5026 0.2658947063
5027 0.2659409591
5028 0.2659872118
5029 0.2660334645
5030 0.2660797172
5031 0.26612597
5032 0.2661722227
5033 0.2662184754
5034 0.2662647282
5035 0.2663109809
5036 0.2663572336
5037 0.2664034864
5038 0.2664497391
5039 0.2664959918
5040 0.2665422446
5041 0.2665884973
5042 0.26663475
5043 0.2666810027
5044 0.2667272555
5045 0.2667735082
5046 0.2668197609
5047 0.2668660137
5048 0.2669122664
5049 0.2669585191
5050 0.2670047719
5051 0.2670510246
5052 0.2670972773
5053 0.2671435301
5054 0.2671897828
5055 0.2672360355
5056 0.2672822883
5057 0.267328541
5058 0.2673747937
5059 0.2674210464
5060 0.2674672992
5061 0.2675135519
5062 0.2675598046
5063 0.2676060574
5064 0.2676523101
5065 0.2676985628
5066 0.2677448156
5067 0.2677910683
5068 0.267837321
5069 0.2678835738
5070 0.2679298265
5071 0.2679760792
5072 0.2680223319
5073 0.2680685847
5074 0.2681148374
5075 0.2681610901
5076 0.2682073429
5077 0.2682535956
5078 0.2682998483
5079 0.2683461011
5080 0.2683923538
5081 0.2684386065
5082 0.2684848593
5083 0.268531112
5084 0.2685773647
5085 0.2686236175
5086 0.2686698702
5087 0.2687161229
5088 0.2687623756
5089 0.2688086284
5090 0.2688548811
5091 0.2689011338
5092 0.2689473866
5093 0.2689936393
5094 0.269039892
5095 0.2690861448
5096 0.2691323975
5097 0.2691786502
5098 0.269224903
5099 0.2692711557
5100 0.2693174084
5101 0.2693636612
5102 0.2694099139
5103 0.2694561666
5104 0.2695024193
5105 0.2695486721
5106 0.2695949248
5107 0.2696411775
5108 0.2696874303
5109 0.269733683
5110 0.2697799357
5111 0.2698261885
5112 0.2698724412
5113 0.2699186939
5114 0.2699649467
5115 0.2700111994
5116 0.2700574521
5117 0.2701037048
5118 0.2701499576
5119 0.2701962103
5120 0.270242463
5121 0.2702887158
5122 0.2703349685
5123 0.2703812212
5124 0.270427474
5125 0.2704737267
5126 0.2705199794
5127 0.2705662322
5128 0.2706124849
5129 0.2706587376
5130 0.2707049904
5131 0.2707512431
5132 0.2707974958
5133 0.2708437485
5134 0.2708900013
5135 0.270936254
5136 0.2709825067
5137 0.2710287595
5138 0.2710750122
5139 0.2711212649
5140 0.2711675177
5141 0.2712137704
5142 0.2712600231
5143 0.2713062759
5144 0.2713525286
5145 0.2713987813
5146 0.2714450341
5147 0.2714912868
5148 0.2715375395
5149 0.2715837922
5150 0.271630045
5151 0.2716762977
5152 0.2717225504
5153 0.2717688032
5154 0.2718150559
5155 0.2718613086
5156 0.2719075614
5157 0.2719538141
5158 0.2720000668
5159 0.2720463196
5160 0.2720925723
5161 0.272138825
5162 0.2721850777
5163 0.2722313305
5164 0.2722775832
5165 0.2723238359
5166 0.2723700887
5167 0.2724163414
5168 0.2724625941
5169 0.2725088469
5170 0.2725550996
5171 0.2726013523
5172 0.2726476051
5173 0.2726938578
5174 0.2727401105
5175 0.2727863633
5176 0.272832616
5177 0.2728788687
5178 0.2729251214
5179 0.2729713742
5180 0.2730176269
5181 0.2730638796
5182 0.2731101324
5183 0.2731563851
5184 0.2732026378
5185 0.2732488906
5186 0.2732951433
5187 0.273341396
5188 0.2733876488
5189 0.2734339015
5190 0.2734801542
5191 0.273526407
5192 0.2735726597
5193 0.2736189124
5194 0.2736651651
5195 0.2737114179
5196 0.2737576706
5197 0.2738039233
5198 0.2738501761
5199 0.2738964288
5200 0.2739426815
5201 0.2739889343
5202 0.274035187
5203 0.2740814397
5204 0.2741276925
5205 0.2741739452
5206 0.2742201979
5207 0.2742664506
5208 0.2743127034
5209 0.2743589561
5210 0.2744052088
5211 0.2744514616
5212 0.2744977143
5213 0.274543967
5214 0.2745902198
5215 0.2746364725
5216 0.2746827252
5217 0.274728978
5218 0.2747752307
5219 0.2748214834
5220 0.2748677362
5221 0.2749139889
5222 0.2749602416
5223 0.2750064943
5224 0.2750527471
5225 0.2750989998
5226 0.2751452525
5227 0.2751915053
5228 0.275237758
5229 0.2752840107
5230 0.2753302635
5231 0.2753765162
5232 0.2754227689
5233 0.2754690217
5234 0.2755152744
5235 0.2755615271
5236 0.2756077798
5237 0.2756540326
5238 0.2757002853
5239 0.275746538
5240 0.2757927908
5241 0.2758390435
5242 0.2758852962
5243 0.275931549
5244 0.2759778017
5245 0.2760240544
5246 0.2760703072
5247 0.2761165599
5248 0.2761628126
5249 0.2762090654
5250 0.2762553181
5251 0.2763015708
5252 0.2763478235
5253 0.2763940763
5254 0.276440329
5255 0.2764865817
5256 0.2765328345
5257 0.2765790872
5258 0.2766253399
5259 0.2766715927
5260 0.2767178454
5261 0.2767640981
5262 0.2768103509
5263 0.2768566036
5264 0.2769028563
5265 0.2769491091
5266 0.2769953618
5267 0.2770416145
5268 0.2770878672
5269 0.27713412
5270 0.2771803727
5271 0.2772266254
5272 0.2772728782
5273 0.2773191309
5274 0.2773653836
5275 0.2774116364
5276 0.2774578891
5277 0.2775041418
5278 0.2775503946
5279 0.2775966473
5280 0.2776429
5281 0.2776891527
5282 0.2777354055
5283 0.2777816582
5284 0.2778279109
5285 0.2778741637
5286 0.2779204164
5287 0.2779666691
5288 0.2780129219
5289 0.2780591746
5290 0.2781054273
5291 0.2781516801
5292 0.2781979328
5293 0.2782441855
5294 0.2782904383
5295 0.278336691
5296 0.2783829437
5297 0.2784291964
5298 0.2784754492
5299 0.2785217019
5300 0.2785679546
5301 0.2786142074
5302 0.2786604601
5303 0.2787067128
5304 0.2787529656
5305 0.2787992183
5306 0.278845471
5307 0.2788917238
5308 0.2789379765
5309 0.2789842292
5310 0.279030482
5311 0.2790767347
5312 0.2791229874
5313 0.2791692401
5314 0.2792154929
5315 0.2792617456
5316 0.2793079983
5317 0.2793542511
5318 0.2794005038
5319 0.2794467565
5320 0.2794930093
5321 0.279539262
5322 0.2795855147
5323 0.2796317675
5324 0.2796780202
5325 0.2797242729
5326 0.2797705256
5327 0.2798167784
5328 0.2798630311
5329 0.2799092838
5330 0.2799555366
5331 0.2800017893
5332 0.280048042
5333 0.2800942948
5334 0.2801405475
5335 0.2801868002
5336 0.280233053
5337 0.2802793057
5338 0.2803255584
5339 0.2803718112
5340 0.2804180639
5341 0.2804643166
5342 0.2805105693
5343 0.2805568221
5344 0.2806030748
5345 0.2806493275
5346 0.2806955803
5347 0.280741833
5348 0.2807880857
5349 0.2808343385
5350 0.2808805912
5351 0.2809268439
5352 0.2809730967
5353 0.2810193494
5354 0.2810656021
5355 0.2811118548
5356 0.2811581076
5357 0.2812043603
5358 0.281250613
5359 0.2812968658
5360 0.2813431185
5361 0.2813893712
5362 0.281435624
5363 0.2814818767
5364 0.2815281294
5365 0.2815743822
5366 0.2816206349
5367 0.2816668876
5368 0.2817131404
5369 0.2817593931
5370 0.2818056458
5371 0.2818518985
5372 0.2818981513
5373 0.281944404
5374 0.2819906567
5375 0.2820369095
5376 0.2820831622
5377 0.2821294149
5378 0.2821756677
5379 0.2822219204
5380 0.2822681731
5381 0.2823144259
5382 0.2823606786
5383 0.2824069313
5384 0.2824531841
5385 0.2824994368
5386 0.2825456895
5387 0.2825919422
5388 0.282638195
5389 0.2826844477
5390 0.2827307004
5391 0.2827769532
5392 0.2828232059
5393 0.2828694586
5394 0.2829157114
5395 0.2829619641
5396 0.2830082168
5397 0.2830544696
5398 0.2831007223
5399 0.283146975
5400 0.2831932277
5401 0.2832394805
5402 0.2832857332
5403 0.2833319859
5404 0.2833782387
5405 0.2834244914
5406 0.2834707441
5407 0.2835169969
5408 0.2835632496
5409 0.2836095023
5410 0.2836557551
5411 0.2837020078
5412 0.2837482605
5413 0.2837945133
5414 0.283840766
5415 0.2838870187
5416 0.2839332714
5417 0.2839795242
5418 0.2840257769
5419 0.2840720296
5420 0.2841182824
5421 0.2841645351
5422 0.2842107878
5423 0.2842570406
5424 0.2843032933
5425 0.284349546
5426 0.2843957988
5427 0.2844420515
5428 0.2844883042
5429 0.284534557
5430 0.2845808097
5431 0.2846270624
5432 0.2846733151
5433 0.2847195679
5434 0.2847658206
5435 0.2848120733
5436 0.2848583261
5437 0.2849045788
5438 0.2849508315
5439 0.2849970843
5440 0.285043337
5441 0.2850895897
5442 0.2851358425
5443 0.2851820952
5444 0.2852283479
5445 0.2852746006
5446 0.2853208534
5447 0.2853671061
5448 0.2854133588
5449 0.2854596116
5450 0.2855058643
5451 0.285552117
5452 0.2855983698
5453 0.2856446225
5454 0.2856908752
5455 0.285737128
5456 0.2857833807
5457 0.2858296334
5458 0.2858758862
5459 0.2859221389
5460 0.2859683916
5461 0.2860146443
5462 0.2860608971
5463 0.2861071498
5464 0.2861534025
5465 0.2861996553
5466 0.286245908
5467 0.2862921607
5468 0.2863384135
5469 0.2863846662
5470 0.2864309189
5471 0.2864771717
5472 0.2865234244
5473 0.2865696771
5474 0.2866159299
5475 0.2866621826
5476 0.2867084353
5477 0.286754688
5478 0.2868009408
5479 0.2868471935
5480 0.2868934462
5481 0.286939699
5482 0.2869859517
5483 0.2870322044
5484 0.2870784572
5485 0.2871247099
5486 0.2872039458
5487 0.2872831817
5488 0.2873624176
5489 0.2874416536
5490 0.2875208895
5491 0.2876001254
5492 0.2876793613
5493 0.2877585972
5494 0.2878378331
5495 0.2879170691
5496 0.287996305
5497 0.2880755409
5498 0.2881547768
5499 0.2882340127
5500 0.2883132487
5501 0.2883924846
5502 0.2884717205
5503 0.2885509564
5504 0.2886301923
5505 0.2887094282
5506 0.2887886642
5507 0.2888679001
5508 0.288947136
5509 0.2890263719
5510 0.2891056078
5511 0.2891848437
5512 0.2892640797
5513 0.2893433156
5514 0.2894225515
5515 0.2895017874
5516 0.2895810233
5517 0.2896602592
5518 0.2897394952
5519 0.2898187311
5520 0.289897967
5521 0.2899772029
5522 0.2900564388
5523 0.2901356747
5524 0.2902149107
5525 0.2902941466
5526 0.2903733825
5527 0.2904526184
5528 0.2905318543
5529 0.2906110903
5530 0.2906903262
5531 0.2907695621
5532 0.290848798
5533 0.2909280339
5534 0.2910072698
5535 0.2910865058
5536 0.2911657417
5537 0.2912449776
5538 0.2913242135
5539 0.2914034494
5540 0.2914826853
5541 0.2915619213
5542 0.2916411572
5543 0.2917203931
5544 0.291799629
5545 0.2918788649
5546 0.2919581008
5547 0.2920373368
5548 0.2921165727
5549 0.2921958086
5550 0.2922750445
5551 0.2923542804
5552 0.2924335163
5553 0.2925127523
5554 0.2925919882
5555 0.2926712241
5556 0.29275046
5557 0.2928296959
5558 0.2929089319
5559 0.2929881678
5560 0.2930674037
5561 0.2931466396
5562 0.2932258755
5563 0.2933051114
5564 0.2933843474
5565 0.2934635833
5566 0.2935428192
5567 0.2936220551
5568 0.293701291
5569 0.2937805269
5570 0.2938597629
5571 0.2939389988
5572 0.2940182347
5573 0.2940974706
5574 0.2941767065
5575 0.2942559424
5576 0.2943351784
5577 0.2944144143
5578 0.2944936502
5579 0.2945728861
5580 0.294652122
5581 0.2947313579
5582 0.2948105939
5583 0.2948898298
5584 0.2949690657
5585 0.2950483016
5586 0.2951275375
5587 0.2952067734
5588 0.2952860094
5589 0.2953652453
5590 0.2954444812
5591 0.2955237171
5592 0.295602953
5593 0.295682189
5594 0.2957614249
5595 0.2958406608
5596 0.2959198967
5597 0.2959991326
5598 0.2960783685
5599 0.2961576045
5600 0.2962368404
5601 0.2963160763
5602 0.2963953122
5603 0.2964745481
5604 0.296553784
5605 0.29663302
5606 0.2967122559
5607 0.2967914918
5608 0.2968707277
5609 0.2969499636
5610 0.2970291995
5611 0.2971084355
5612 0.2971876714
5613 0.2972669073
5614 0.2973461432
5615 0.2974253791
5616 0.297504615
5617 0.297583851
5618 0.2976630869
5619 0.2977423228
5620 0.2978215587
5621 0.2979007946
5622 0.2979800306
5623 0.2980592665
5624 0.2981385024
5625 0.2982177383
5626 0.2982969742
5627 0.2983762101
5628 0.2984554461
5629 0.298534682
5630 0.2986139179
5631 0.2986931538
5632 0.2987723897
5633 0.2988516256
5634 0.2989308616
5635 0.2990100975
5636 0.2990893334
5637 0.2991685693
5638 0.2992478052
5639 0.2993270411
5640 0.2994062771
5641 0.299485513
5642 0.2995647489
5643 0.2996439848
5644 0.2997232207
5645 0.2998024566
5646 0.2998816926
5647 0.2999609285
5648 0.3000401644
5649 0.3001194003
5650 0.3001986362
5651 0.3002778722
5652 0.3003571081
5653 0.300436344
5654 0.3005155799
5655 0.3005948158
5656 0.3006740517
5657 0.3007532877
5658 0.3008325236
5659 0.3009117595
5660 0.3009909954
5661 0.3010702313
5662 0.3011494672
5663 0.3012287032
5664 0.3013079391
5665 0.301387175
5666 0.3014664109
5667 0.3015456468
5668 0.3016248827
5669 0.3017041187
5670 0.3017833546
5671 0.3018625905
5672 0.3019418264
5673 0.3020210623
5674 0.3021002982
5675 0.3021795342
5676 0.3022587701
5677 0.302338006
5678 0.3024172419
5679 0.3024964778
5680 0.3025757138
5681 0.3026549497
5682 0.3027341856
5683 0.3028134215
5684 0.3028926574
5685 0.3029718933
5686 0.3030511293
5687 0.3031303652
5688 0.3032096011
5689 0.303288837
5690 0.3033680729
5691 0.3034473088
5692 0.3035265448
5693 0.3036057807
5694 0.3036850166
5695 0.3037642525
5696 0.3038434884
5697 0.3039227243
5698 0.3040019603
5699 0.3040811962
5700 0.3041604321
5701 0.304239668
5702 0.3043189039
5703 0.3043981398
5704 0.3044773758
5705 0.3045566117
5706 0.3046358476
5707 0.3047150835
5708 0.3047943194
5709 0.3048735554
5710 0.3049527913
5711 0.3050320272
5712 0.3051112631
5713 0.305190499
5714 0.3052697349
5715 0.3053489709
5716 0.3054282068
5717 0.3055074427
5718 0.3055866786
5719 0.3056659145
5720 0.3057451504
5721 0.3058243864
5722 0.3059036223
5723 0.3059828582
5724 0.3060620941
5725 0.30614133
5726 0.3062205659
5727 0.3062998019
5728 0.3063790378
5729 0.3064582737
5730 0.3065375096
5731 0.3066167455
5732 0.3066959814
5733 0.3067752174
5734 0.3068544533
5735 0.3069336892
5736 0.3070129251
5737 0.307092161
5738 0.307171397
5739 0.3072506329
5740 0.3073298688
5741 0.3074091047
5742 0.3074883406
5743 0.3075675765
5744 0.3076468125
5745 0.3077260484
5746 0.3078052843
5747 0.3078845202
5748 0.3079637561
5749 0.308042992
5750 0.308122228
5751 0.3082014639
5752 0.3082806998
5753 0.3083599357
5754 0.3084391716
5755 0.3085184075
5756 0.3085976435
5757 0.3086768794
5758 0.3087561153
5759 0.3088353512
5760 0.3089145871
5761 0.308993823
5762 0.309073059
5763 0.3091522949
5764 0.3092315308
5765 0.3093107667
5766 0.3093900026
5767 0.3094692386
5768 0.3095484745
5769 0.3096277104
5770 0.3097069463
5771 0.3097861822
5772 0.3098654181
5773 0.3099446541
5774 0.31002389
5775 0.3101031259
5776 0.3101823618
5777 0.3102615977
5778 0.3103408336
5779 0.3104200696
5780 0.3104993055
5781 0.3105785414
5782 0.3106577773
5783 0.3107370132
5784 0.3108162491
5785 0.3108954851
5786 0.310974721
5787 0.3110539569
5788 0.3111331928
5789 0.3112124287
5790 0.3112916646
5791 0.3113709006
5792 0.3114501365
5793 0.3115293724
5794 0.3116086083
5795 0.3116878442
5796 0.3117670802
5797 0.3118463161
5798 0.311925552
5799 0.3120047879
5800 0.3120840238
5801 0.3121632597
5802 0.3122424957
5803 0.3123217316
5804 0.3124009675
5805 0.3124802034
5806 0.3125594393
5807 0.3126386752
5808 0.3127179112
5809 0.3127971471
5810 0.312876383
5811 0.3129556189
5812 0.3130348548
5813 0.3131140907
5814 0.3131933267
5815 0.3132725626
5816 0.3133517985
5817 0.3134310344
5818 0.3135102703
5819 0.3135895062
5820 0.3136687422
5821 0.3137479781
5822 0.313827214
5823 0.3139064499
5824 0.3139856858
5825 0.3140649218
5826 0.3141441577
5827 0.3142233936
5828 0.3143026295
5829 0.3143818654
5830 0.3144611013
5831 0.3145403373
5832 0.3146195732
5833 0.3146988091
5834 0.314778045
5835 0.3148572809
5836 0.3149365168
5837 0.3150157528
5838 0.3150949887
5839 0.3151742246
5840 0.3152534605
5841 0.3153326964
5842 0.3154119323
5843 0.3154911683
5844 0.3155704042
5845 0.3156496401
5846 0.315728876
5847 0.3158081119
5848 0.3158873478
5849 0.3159665838
5850 0.3160458197
5851 0.3161250556
5852 0.3162042915
5853 0.3162835274
5854 0.3163627634
5855 0.3164419993
5856 0.3165212352
5857 0.3166004711
5858 0.316679707
5859 0.3167589429
5860 0.3168381789
5861 0.3169174148
5862 0.3169966507
5863 0.3170758866
5864 0.3171551225
5865 0.3172343584
5866 0.3173135944
5867 0.3173928303
5868 0.3174720662
5869 0.3175513021
5870 0.317630538
5871 0.3177097739
5872 0.3177890099
5873 0.3178682458
5874 0.3179474817
5875 0.3180267176
5876 0.3181059535
5877 0.3181851894
5878 0.3182644254
5879 0.3183436613
5880 0.3184228972
5881 0.3185021331
5882 0.318581369
5883 0.318660605
5884 0.3187398409
5885 0.3188190768
5886 0.3188983127
5887 0.3189775486
5888 0.3190567845
5889 0.3191360205
5890 0.3192152564
5891 0.3192944923
5892 0.3193737282
5893 0.3194529641
5894 0.3195322
5895 0.319611436
5896 0.3196906719
5897 0.3197699078
5898 0.3198491437
5899 0.3199283796
5900 0.3200076155
5901 0.3200868515
5902 0.3201660874
5903 0.3202453233
5904 0.3203245592
5905 0.3204037951
5906 0.320483031
5907 0.320562267
5908 0.3206415029
5909 0.3207207388
5910 0.3207999747
5911 0.3208792106
5912 0.3209584465
5913 0.3210376825
5914 0.3211169184
5915 0.3211961543
5916 0.3212753902
5917 0.3213546261
5918 0.3214338621
5919 0.321513098
5920 0.3215923339
5921 0.3216715698
5922 0.3217508057
5923 0.3218300416
5924 0.3219092776
5925 0.3219885135
5926 0.3220677494
5927 0.3221469853
5928 0.3222262212
5929 0.3223054571
5930 0.3223846931
5931 0.322463929
5932 0.3225431649
5933 0.3226224008
5934 0.3227016367
5935 0.3227808726
5936 0.3228601086
5937 0.3229393445
5938 0.3230185804
5939 0.3230978163
5940 0.3231770522
5941 0.3232562881
5942 0.3233355241
5943 0.32341476
5944 0.3234939959
5945 0.3235732318
5946 0.3236524677
5947 0.3237317037
5948 0.3238109396
5949 0.3238901755
5950 0.3239694114
5951 0.3240486473
5952 0.3241278832
5953 0.3242071192
5954 0.3242863551
5955 0.324365591
5956 0.3244448269
5957 0.3245240628
5958 0.3246032987
5959 0.3246825347
5960 0.3247617706
5961 0.3248410065
5962 0.3249202424
5963 0.3249994783
5964 0.3250787142
5965 0.3251579502
5966 0.3252371861
5967 0.325316422
5968 0.3253956579
5969 0.3254748938
5970 0.3255541297
5971 0.3256333657
5972 0.3257126016
5973 0.3257918375
5974 0.3258710734
5975 0.3259503093
5976 0.3260295453
5977 0.3261087812
5978 0.3261880171
5979 0.326267253
5980 0.3263464889
5981 0.3264257248
5982 0.3265049608
5983 0.3265841967
5984 0.3266634326
5985 0.3267426685
5986 0.3268219044
5987 0.3269011403
5988 0.3269803763
5989 0.3270596122
5990 0.3271388481
5991 0.327218084
5992 0.3272973199
5993 0.3273765558
5994 0.3274557918
5995 0.3275350277
5996 0.3276142636
5997 0.3276934995
5998 0.3277727354
5999 0.3278519713
6000 0.3279312073
6001 0.3280104432
6002 0.3280896791
6003 0.328168915
6004 0.3282481509
6005 0.3283273869
6006 0.3284066228
6007 0.3284858587
6008 0.3285650946
6009 0.3286443305
6010 0.3287235664
6011 0.3288028024
6012 0.3288820383
6013 0.3289612742
6014 0.3290405101
6015 0.329119746
6016 0.3291989819
6017 0.3292782179
6018 0.3293574538
6019 0.3294366897
6020 0.3295159256
6021 0.3295951615
6022 0.3296743974
6023 0.3297536334
6024 0.3298328693
6025 0.3299121052
6026 0.3299913411
6027 0.330070577
6028 0.3301498129
6029 0.3302290489
6030 0.3303082848
6031 0.3303875207
6032 0.3304667566
6033 0.3305459925
6034 0.3306252285
6035 0.3307044644
6036 0.3307837003
6037 0.3308629362
6038 0.3309421721
6039 0.331021408
6040 0.331100644
6041 0.3311798799
6042 0.3312591158
6043 0.3313383517
6044 0.3314175876
6045 0.3314968235
6046 0.3315760595
6047 0.3316552954
6048 0.3317345313
6049 0.3318137672
6050 0.3318930031
6051 0.331972239
6052 0.332051475
6053 0.3321307109
6054 0.3322099468
6055 0.3322891827
6056 0.3323684186
6057 0.3324476545
6058 0.3325268905
6059 0.3326061264
6060 0.3326853623
6061 0.3327645982
6062 0.3328438341
6063 0.3329230701
6064 0.333002306
6065 0.3330815419
6066 0.3331607778
6067 0.3332400137
6068 0.3333192496
6069 0.3333984856
6070 0.3334777215
6071 0.3335569574
6072 0.3336361933
6073 0.3337154292
6074 0.3337946651
6075 0.3338739011
6076 0.333953137
6077 0.3340323729
6078 0.3341116088
6079 0.3341908447
6080 0.3342700806
6081 0.3343493166
6082 0.3344285525
6083 0.3345077884
6084 0.3345870243
6085 0.3346662602
6086 0.3347454961
6087 0.3348247321
6088 0.334903968
6089 0.3349832039
6090 0.3350624398
6091 0.3351416757
6092 0.3352209117
6093 0.3353001476
6094 0.3353793835
6095 0.3354586194
6096 0.3355378553
6097 0.3356170912
6098 0.3356963272
6099 0.3357755631
6100 0.335854799
6101 0.3359340349
6102 0.3360132708
6103 0.3360925067
6104 0.3361717427
6105 0.3362509786
6106 0.3363302145
6107 0.3364094504
6108 0.3364886863
6109 0.3365679222
6110 0.3366471582
6111 0.3367263941
6112 0.33680563
6113 0.3368848659
6114 0.3369641018
6115 0.3370433377
6116 0.3371225737
6117 0.3372018096
6118 0.3372810455
6119 0.3373602814
6120 0.3374395173
6121 0.3375187533
6122 0.3375979892
6123 0.3376772251
6124 0.337756461
6125 0.3378356969
6126 0.3379149328
6127 0.3379941688
6128 0.3380734047
6129 0.3381526406
6130 0.3382318765
6131 0.3383111124
6132 0.3383903483
6133 0.3384695843
6134 0.3385488202
6135 0.3386280561
6136 0.338707292
6137 0.3387865279
6138 0.3388657638
6139 0.3389449998
6140 0.3390242357
6141 0.3391034716
6142 0.3391827075
6143 0.3392619434
6144 0.3393411793
6145 0.3394204153
6146 0.3394996512
6147 0.3395788871
6148 0.339658123
6149 0.3397373589
6150 0.3398165949
6151 0.3398958308
6152 0.3399750667
6153 0.3400543026
6154 0.3401335385
6155 0.3402127744
6156 0.3402920104
6157 0.3403712463
6158 0.3404504822
6159 0.3405297181
6160 0.340608954
6161 0.3406881899
6162 0.3407674259
6163 0.3408466618
6164 0.3409258977
6165 0.3410051336
6166 0.3410843695
6167 0.3411636054
6168 0.3412428414
6169 0.3413220773
6170 0.3414013132
6171 0.3414805491
6172 0.341559785
6173 0.3416390209
6174 0.3417182569
6175 0.3417974928
6176 0.3418767287
6177 0.3419559646
6178 0.3420352005
6179 0.3421144365
6180 0.3421936724
6181 0.3422729083
6182 0.3423521442
6183 0.3424313801
6184 0.342510616
6185 0.342589852
6186 0.3426690879
6187 0.3427483238
6188 0.3428275597
6189 0.3429067956
6190 0.3429860315
6191 0.3430652675
6192 0.3431445034
6193 0.3432237393
6194 0.3433029752
6195 0.3433822111
6196 0.343461447
6197 0.343540683
6198 0.3436199189
6199 0.3436991548
6200 0.3437783907
6201 0.3438576266
6202 0.3439368625
6203 0.3440160985
6204 0.3440953344
6205 0.3441745703
6206 0.3442538062
6207 0.3443330421
6208 0.3444122781
6209 0.344491514
6210 0.3445707499
6211 0.3446499858
6212 0.3447292217
6213 0.3448084576
6214 0.3448876936
6215 0.3449669295
6216 0.3450461654
6217 0.3451254013
6218 0.3452046372
6219 0.3452838731
6220 0.3453631091
6221 0.345442345
6222 0.3455215809
6223 0.3456008168
6224 0.3456800527
6225 0.3457592886
6226 0.3458385246
6227 0.3459177605
6228 0.3459969964
6229 0.3460762323
6230 0.3461554682
6231 0.3462347041
6232 0.3463139401
6233 0.346393176
6234 0.3464724119
6235 0.3465516478
6236 0.3466308837
6237 0.3467101196
6238 0.3467893556
6239 0.3468685915
6240 0.3469478274
6241 0.3470270633
6242 0.3471062992
6243 0.3471855352
6244 0.3472647711
6245 0.347344007
6246 0.3474232429
6247 0.3475024788
6248 0.3475817147
6249 0.3476609507
6250 0.3477401866
6251 0.3478194225
6252 0.3478986584
6253 0.3479778943
6254 0.3480571302
6255 0.3481363662
6256 0.3482156021
6257 0.348294838
6258 0.3483740739
6259 0.3484533098
6260 0.3485325457
6261 0.3486117817
6262 0.3486910176
6263 0.3487702535
6264 0.3488494894
6265 0.3489287253
6266 0.3490079612
6267 0.3490871972
6268 0.3491664331
6269 0.349245669
6270 0.3493249049
6271 0.3494041408
6272 0.3494833768
6273 0.3495626127
6274 0.3496418486
6275 0.3497210845
6276 0.3498003204
6277 0.3498795563
6278 0.3499587923
6279 0.3500380282
6280 0.3501172641
6281 0.3501965
6282 0.3502757359
6283 0.3503549718
6284 0.3504342078
6285 0.3505134437
6286 0.3505926796
6287 0.3506719155
6288 0.3507511514
6289 0.3508303873
6290 0.3509096233
6291 0.3509888592
6292 0.3510680951
6293 0.351147331
6294 0.3512265669
6295 0.3513058028
6296 0.3513850388
6297 0.3514642747
6298 0.3515435106
6299 0.3516227465
6300 0.3517019824
6301 0.3517812184
6302 0.3518604543
6303 0.3519396902
6304 0.3520189261
6305 0.352098162
6306 0.3521773979
6307 0.3522566339
6308 0.3523358698
6309 0.3524151057
6310 0.3524943416
6311 0.3525735775
6312 0.3526528134
6313 0.3527320494
6314 0.3528112853
6315 0.3528905212
6316 0.3529697571
6317 0.353048993
6318 0.3531282289
6319 0.3532074649
6320 0.3532867008
6321 0.3533659367
6322 0.3534451726
6323 0.3535244085
6324 0.3536036444
6325 0.3536828804
6326 0.3537621163
6327 0.3538413522
6328 0.3539205881
6329 0.353999824
6330 0.35407906
6331 0.3541582959
6332 0.3542375318
6333 0.3543167677
6334 0.3543960036
6335 0.3544752395
6336 0.3545544755
6337 0.3546337114
6338 0.3547129473
6339 0.3547921832
6340 0.3548714191
6341 0.354950655
6342 0.355029891
6343 0.3551091269
6344 0.3551883628
6345 0.3552675987
6346 0.3553468346
6347 0.3554260705
6348 0.3555053065
6349 0.3555845424
6350 0.3556637783
6351 0.3557430142
6352 0.3558222501
6353 0.355901486
6354 0.355980722
6355 0.3560599579
6356 0.3561391938
6357 0.3562184297
6358 0.3562976656
6359 0.3563769016
6360 0.3564561375
6361 0.3565353734
6362 0.3566146093
6363 0.3566938452
6364 0.3567730811
6365 0.3568523171
6366 0.356931553
6367 0.3570107889
6368 0.3570900248
6369 0.3571692607
6370 0.3572484966
6371 0.3573277326
6372 0.3574069685
6373 0.3574862044
6374 0.3575654403
6375 0.3576446762
6376 0.3577239121
6377 0.3578031481
6378 0.357882384
6379 0.3579616199
6380 0.3580408558
6381 0.3581200917
6382 0.3581993276
6383 0.3582785636
6384 0.3583577995
6385 0.3584370354
6386 0.3585162713
6387 0.3585955072
6388 0.3586747432
6389 0.3587539791
6390 0.358833215
6391 0.3589124509
6392 0.3589916868
6393 0.3590709227
6394 0.3591501587
6395 0.3592293946
6396 0.3593086305
6397 0.3593878664
6398 0.3594671023
6399 0.3595463382
6400 0.3596255742
6401 0.3597048101
6402 0.359784046
6403 0.3598632819
6404 0.3599425178
6405 0.3600217537
6406 0.3601009897
6407 0.3601802256
6408 0.3602594615
6409 0.3603386974
6410 0.3604179333
6411 0.3604971692
6412 0.3605764052
6413 0.3606556411
6414 0.360734877
6415 0.3608141129
6416 0.3608933488
6417 0.3609725848
6418 0.3610518207
6419 0.3611310566
6420 0.3612102925
6421 0.3612895284
6422 0.3613687643
6423 0.3614480003
6424 0.3615272362
6425 0.3616064721
6426 0.361685708
6427 0.3617649439
6428 0.3618441798
6429 0.3619234158
6430 0.3620026517
6431 0.3620818876
6432 0.3621611235
6433 0.3622403594
6434 0.3623195953
6435 0.3623988313
6436 0.3624780672
6437 0.3625573031
6438 0.362636539
6439 0.3627157749
6440 0.3627950108
6441 0.3628742468
6442 0.3629534827
6443 0.3630327186
6444 0.3631119545
6445 0.3631911904
6446 0.3632704264
6447 0.3633496623
6448 0.3634288982
6449 0.3635081341
6450 0.36358737
6451 0.3636666059
6452 0.3637458419
6453 0.3638250778
6454 0.3639043137
6455 0.3639835496
6456 0.3640627855
6457 0.3641420214
6458 0.3642212574
6459 0.3643004933
6460 0.3643797292
6461 0.3644589651
6462 0.364538201
6463 0.3646174369
6464 0.3646966729
6465 0.3647759088
6466 0.3648551447
6467 0.3649343806
6468 0.3650136165
6469 0.3650928524
6470 0.3651720884
6471 0.3652513243
6472 0.3653305602
6473 0.3654097961
6474 0.365489032
6475 0.365568268
6476 0.3656475039
6477 0.3657267398
6478 0.3658059757
6479 0.3658852116
6480 0.3659644475
6481 0.3660436835
6482 0.3661229194
6483 0.3662021553
6484 0.3662813912
6485 0.3663606271
6486 0.366439863
6487 0.366519099
6488 0.3665983349
6489 0.3666775708
6490 0.3667568067
6491 0.3668360426
6492 0.3669152785
6493 0.3669945145
6494 0.3670737504
6495 0.3671529863
6496 0.3672322222
6497 0.3673114581
6498 0.367390694
6499 0.36746993
6500 0.3675491659
6501 0.3676284018
6502 0.3677076377
6503 0.3677868736
6504 0.3678661096
6505 0.3679453455
6506 0.3680245814
6507 0.3681038173
6508 0.3681830532
6509 0.3682622891
6510 0.3683415251
6511 0.368420761
6512 0.3684999969
6513 0.3685792328
6514 0.3686584687
6515 0.3687377046
6516 0.3688169406
6517 0.3688961765
6518 0.3689754124
6519 0.3690546483
6520 0.3691338842
6521 0.3692131201
6522 0.3692923561
6523 0.369371592
6524 0.3694508279
6525 0.3695300638
6526 0.3696092997
6527 0.3696885356
6528 0.3697677716
6529 0.3698470075
6530 0.3699262434
6531 0.3700054793
6532 0.3700847152
6533 0.3701639512
6534 0.3702431871
6535 0.370322423
6536 0.3704016589
6537 0.3704808948
6538 0.3705601307
6539 0.3706393667
6540 0.3707186026
6541 0.3707978385
6542 0.3708770744
6543 0.3709563103
6544 0.3710355462
6545 0.3711147822
6546 0.3711940181
6547 0.371273254
6548 0.3713524899
6549 0.3714317258
6550 0.3715109617
6551 0.3715901977
6552 0.3716694336
6553 0.3717486695
6554 0.3718279054
6555 0.3719071413
6556 0.3719863772
6557 0.3720656132
6558 0.3721448491
6559 0.372224085
6560 0.3723033209
6561 0.3723825568
6562 0.3724617928
6563 0.3725410287
6564 0.3726202646
6565 0.3726995005
6566 0.3727787364
6567 0.3728579723
6568 0.3729372083
6569 0.3730164442
6570 0.3730956801
6571 0.373174916
6572 0.3732541519
6573 0.3733333878
6574 0.3734126238
6575 0.3734918597
6576 0.3735710956
6577 0.3736503315
6578 0.3737295674
6579 0.3738088033
6580 0.3738880393
6581 0.3739672752
6582 0.3740465111
6583 0.374125747
6584 0.3742049829
6585 0.3742842188
6586 0.3743634548
6587 0.3744426907
6588 0.3745219266
6589 0.3746011625
6590 0.3746803984
6591 0.3747596343
6592 0.3748388703
6593 0.3749181062
6594 0.3749973421
6595 0.375076578
6596 0.3751558139
6597 0.3752350499
6598 0.3753142858
6599 0.3753935217
6600 0.3754727576
6601 0.3755519935
6602 0.3756312294
6603 0.3757104654
6604 0.3757897013
6605 0.3758689372
6606 0.3759481731
6607 0.376027409
6608 0.3761066449
6609 0.3761858809
6610 0.3762651168
6611 0.3763443527
6612 0.3764235886
6613 0.3765028245
6614 0.3765820604
6615 0.3766612964
6616 0.3767405323
6617 0.3768197682
6618 0.3768990041
6619 0.37697824
6620 0.3770574759
6621 0.3771367119
6622 0.3772159478
6623 0.3772951837
6624 0.3773744196
6625 0.3774536555
6626 0.3775328915
6627 0.3776121274
6628 0.3776913633
6629 0.3777705992
6630 0.3778498351
6631 0.377929071
6632 0.378008307
6633 0.3780875429
6634 0.3781667788
6635 0.3782460147
6636 0.3783252506
6637 0.3784044865
6638 0.3784837225
6639 0.3785629584
6640 0.3786421943
6641 0.3787214302
6642 0.3788006661
6643 0.378879902
6644 0.378959138
6645 0.3790383739
6646 0.3791176098
6647 0.3791968457
6648 0.3792760816
6649 0.3793553175
6650 0.3794345535
6651 0.3795137894
6652 0.3795930253
6653 0.3796722612
6654 0.3797514971
6655 0.3798307331
6656 0.379909969
6657 0.3799892049
6658 0.3800684408
6659 0.3801476767
6660 0.3802269126
6661 0.3803061486
6662 0.3803853845
6663 0.3804646204
6664 0.3805438563
6665 0.3806230922
6666 0.3807023281
6667 0.3807815641
6668 0.3808608
6669 0.3809400359
6670 0.3810192718
6671 0.3810985077
6672 0.3811777436
6673 0.3812569796
6674 0.3813362155
6675 0.3814154514
6676 0.3814946873
6677 0.3815739232
6678 0.3816531591
6679 0.3817323951
6680 0.381811631
6681 0.3818908669
6682 0.3819701028
6683 0.3820493387
6684 0.3821285747
6685 0.3822078106
6686 0.3822870465
6687 0.3823662824
6688 0.3824455183
6689 0.3825247542
6690 0.3826039902
6691 0.3826832261
6692 0.382762462
6693 0.3828416979
6694 0.3829209338
6695 0.3830001697
6696 0.3830794057
6697 0.3831586416
6698 0.3832378775
6699 0.3833171134
6700 0.3833963493
6701 0.3834755852
6702 0.3835548212
6703 0.3836340571
6704 0.383713293
6705 0.3837925289
6706 0.3838717648
6707 0.3839510007
6708 0.3840302367
6709 0.3841094726
6710 0.3841887085
6711 0.3842679444
6712 0.3843471803
6713 0.3844264163
6714 0.3845056522
6715 0.3845848881
6716 0.384664124
6717 0.3847433599
6718 0.3848225958
6719 0.3849018318
6720 0.3849810677
6721 0.3850603036
6722 0.3851395395
6723 0.3852187754
6724 0.3852980113
6725 0.3853772473
6726 0.3854564832
6727 0.3855357191
6728 0.385614955
6729 0.3856941909
6730 0.3857734268
6731 0.3858526628
6732 0.3859318987
6733 0.3860111346
6734 0.3860903705
6735 0.3861696064
6736 0.3862488423
6737 0.3863280783
6738 0.3864073142
6739 0.3864865501
6740 0.386565786
6741 0.3866450219
6742 0.3867242579
6743 0.3868034938
6744 0.3868827297
6745 0.3869619656
6746 0.3870412015
6747 0.3871204374
6748 0.3871996734
6749 0.3872789093
6750 0.3873581452
6751 0.3874373811
6752 0.387516617
6753 0.3875958529
6754 0.3876750889
6755 0.3877543248
6756 0.3878335607
6757 0.3879127966
6758 0.3879920325
6759 0.3880712684
6760 0.3881505044
6761 0.3882297403
6762 0.3883089762
6763 0.3883882121
6764 0.388467448
6765 0.3885466839
6766 0.3886259199
6767 0.3887051558
6768 0.3887843917
6769 0.3888636276
6770 0.3889428635
6771 0.3890220995
6772 0.3891013354
6773 0.3891805713
6774 0.3892598072
6775 0.3893390431
6776 0.389418279
6777 0.389497515
6778 0.3895767509
6779 0.3896559868
6780 0.3897352227
6781 0.3898144586
6782 0.3898936945
6783 0.3899729305
6784 0.3900521664
6785 0.3901314023
6786 0.3902106382
6787 0.3902898741
6788 0.39036911
6789 0.390448346
6790 0.3905275819
6791 0.3906068178
6792 0.3906860537
6793 0.3907652896
6794 0.3908445255
6795 0.3909237615
6796 0.3910029974
6797 0.3910822333
6798 0.3911614692
6799 0.3912407051
6800 0.3913199411
6801 0.391399177
6802 0.3914784129
6803 0.3915576488
6804 0.3916368847
6805 0.3917161206
6806 0.3917953566
6807 0.3918745925
6808 0.3919538284
6809 0.3920330643
6810 0.3921123002
6811 0.3921915361
6812 0.3922707721
6813 0.392350008
6814 0.3924292439
6815 0.3925084798
6816 0.3925877157
6817 0.3926669516
6818 0.3927461876
6819 0.3928254235
6820 0.3929046594
6821 0.3929838953
6822 0.3930631312
6823 0.3931423671
6824 0.3932216031
6825 0.393300839
6826 0.3933800749
6827 0.3934593108
6828 0.3935385467
6829 0.3936177827
6830 0.3936970186
6831 0.3937762545
6832 0.3938554904
6833 0.3939347263
6834 0.3940139622
6835 0.3940931982
6836 0.3941724341
6837 0.39425167
6838 0.3943309059
6839 0.3944101418
6840 0.3944893777
6841 0.3945686137
6842 0.3946478496
6843 0.3947270855
6844 0.3948063214
6845 0.3948855573
6846 0.3949647932
6847 0.3950440292
6848 0.3951232651
6849 0.395202501
6850 0.3952817369
6851 0.3953609728
6852 0.3954402087
6853 0.3955194447
6854 0.3955986806
6855 0.3956779165
6856 0.3957571524
6857 0.3958363883
6858 0.3959156243
6859 0.3959948602
6860 0.3960740961
6861 0.396153332
6862 0.3962325679
6863 0.3963118038
6864 0.3963910398
6865 0.3964702757
6866 0.3965495116
6867 0.3966287475
6868 0.3967079834
6869 0.3967872193
6870 0.3968664553
6871 0.3969456912
6872 0.3970249271
6873 0.397104163
6874 0.3971833989
6875 0.3972626348
6876 0.3973418708
6877 0.3974211067
6878 0.3975003426
6879 0.3975795785
6880 0.3976588144
6881 0.3977380503
6882 0.3978172863
6883 0.3978965222
6884 0.3979757581
6885 0.398054994
6886 0.3981342299
6887 0.3982134659
6888 0.3982927018
6889 0.3983719377
6890 0.3984511736
6891 0.3985304095
6892 0.3986096454
6893 0.3986888814
6894 0.3987681173
6895 0.3988473532
6896 0.3989265891
6897 0.399005825
6898 0.3990850609
6899 0.3991642969
6900 0.3992435328
6901 0.3993227687
6902 0.3994020046
6903 0.3994812405
6904 0.3995604764
6905 0.3996397124
6906 0.3997189483
6907 0.3997981842
6908 0.3998774201
6909 0.399956656
6910 0.4000358919
6911 0.4001151279
6912 0.4001943638
6913 0.4002735997
6914 0.4003528356
6915 0.4004320715
6916 0.4005113074
6917 0.4005905434
6918 0.4006697793
6919 0.4007490152
6920 0.4008282511
6921 0.400907487
6922 0.400986723
6923 0.4010659589
6924 0.4011451948
6925 0.4012244307
6926 0.4013036666
6927 0.4013829025
6928 0.4014621385
6929 0.4015413744
6930 0.4016206103
6931 0.4016998462
6932 0.4017790821
6933 0.401858318
6934 0.401937554
6935 0.4020167899
6936 0.4020960258
6937 0.4021752617
6938 0.4022544976
6939 0.4023337335
6940 0.4024129695
6941 0.4024922054
6942 0.4025714413
6943 0.4026506772
6944 0.4027299131
6945 0.402809149
6946 0.402888385
6947 0.4029676209
6948 0.4030468568
6949 0.4031260927
6950 0.4032053286
6951 0.4032845646
6952 0.4033638005
6953 0.4034430364
6954 0.4035222723
6955 0.4036015082
6956 0.4036807441
6957 0.4037599801
6958 0.403839216
6959 0.4039184519
6960 0.4039976878
6961 0.4040769237
6962 0.4041561596
6963 0.4042353956
6964 0.4043146315
6965 0.4043938674
6966 0.4044731033
6967 0.4045523392
6968 0.4046315751
6969 0.4047108111
6970 0.404790047
6971 0.4048692829
6972 0.4049485188
6973 0.4050277547
6974 0.4051069906
6975 0.4051862266
6976 0.4052654625
6977 0.4053446984
6978 0.4054239343
6979 0.4055031702
6980 0.4055824062
6981 0.4056616421
6982 0.405740878
6983 0.4058201139
6984 0.4058993498
6985 0.4059785857
6986 0.4060578217
6987 0.4061370576
6988 0.4062162935
6989 0.4062955294
6990 0.4063747653
6991 0.4064540012
6992 0.4065332372
6993 0.4066124731
6994 0.406691709
6995 0.4067709449
6996 0.4068501808
6997 0.4069294167
6998 0.4070086527
6999 0.4070878886
7000 0.4071671245
7001 0.4072463604
7002 0.4073255963
7003 0.4074048322
7004 0.4074840682
7005 0.4075633041
7006 0.40764254
7007 0.4077217759
7008 0.4078010118
7009 0.4078802478
7010 0.4079594837
7011 0.4080387196
7012 0.4081179555
7013 0.4081971914
7014 0.4082764273
7015 0.4083556633
7016 0.4084348992
7017 0.4085141351
7018 0.408593371
7019 0.4086726069
7020 0.4087518428
7021 0.4088310788
7022 0.4089103147
7023 0.4089895506
7024 0.4090687865
7025 0.4091480224
7026 0.4092272583
7027 0.4093064943
7028 0.4093857302
7029 0.4094649661
7030 0.409544202
7031 0.4096234379
7032 0.4097026738
7033 0.4097819098
7034 0.4098611457
7035 0.4099403816
7036 0.4100196175
7037 0.4100988534
7038 0.4101780894
7039 0.4102573253
7040 0.4103365612
7041 0.4104157971
7042 0.410495033
7043 0.4105742689
7044 0.4106535049
7045 0.4107327408
7046 0.4108119767
7047 0.4108912126
7048 0.4109704485
7049 0.4110496844
7050 0.4111289204
7051 0.4112081563
7052 0.4112873922
7053 0.4113666281
7054 0.411445864
7055 0.4115250999
7056 0.4116043359
7057 0.4116835718
7058 0.4117628077
7059 0.4118420436
7060 0.4119212795
7061 0.4120005154
7062 0.4120797514
7063 0.4121589873
7064 0.4122382232
7065 0.4123174591
7066 0.412396695
7067 0.412475931
7068 0.4125551669
7069 0.4126344028
7070 0.4127136387
7071 0.4127928746
7072 0.4128721105
7073 0.4129513465
7074 0.4130305824
7075 0.4131098183
7076 0.4131890542
7077 0.4132682901
7078 0.413347526
7079 0.413426762
7080 0.4135059979
7081 0.4135852338
7082 0.4136644697
7083 0.4137437056
7084 0.4138229415
7085 0.4139021775
7086 0.4139814134
7087 0.4140606493
7088 0.4141398852
7089 0.4142191211
7090 0.414298357
7091 0.414377593
7092 0.4144568289
7093 0.4145360648
7094 0.4146153007
7095 0.4146945366
7096 0.4147737726
7097 0.4148530085
7098 0.4149322444
7099 0.4150114803
7100 0.4150907162
7101 0.4151699521
7102 0.4152491881
7103 0.415328424
7104 0.4154076599
7105 0.4154868958
7106 0.4155661317
7107 0.4156453676
7108 0.4157246036
7109 0.4158038395
7110 0.4158830754
7111 0.4159623113
7112 0.4160415472
7113 0.4161207831
7114 0.4162000191
7115 0.416279255
7116 0.4163584909
7117 0.4164377268
7118 0.4165169627
7119 0.4165961986
7120 0.4166754346
7121 0.4167546705
7122 0.4168339064
7123 0.4169131423
7124 0.4169923782
7125 0.4170716142
7126 0.4171508501
7127 0.417230086
7128 0.4173093219
7129 0.4173885578
7130 0.4174677937
7131 0.4175470297
7132 0.4176262656
7133 0.4177055015
7134 0.4177847374
7135 0.4178639733
7136 0.4179432092
7137 0.4180224452
7138 0.4181016811
7139 0.418180917
7140 0.4182601529
7141 0.4183393888
7142 0.4184186247
7143 0.4184978607
7144 0.4185770966
7145 0.4186563325
7146 0.4187355684
7147 0.4188148043
7148 0.4188940402
7149 0.4189732762
7150 0.4190525121
7151 0.419131748
7152 0.4192109839
7153 0.4192902198
7154 0.4193694558
7155 0.4194486917
7156 0.4195279276
7157 0.4196071635
7158 0.4196863994
7159 0.4197656353
7160 0.4198448713
7161 0.4199241072
7162 0.4200033431
7163 0.420082579
7164 0.4201618149
7165 0.4202410508
7166 0.4203202868
7167 0.4203995227
7168 0.4204787586
7169 0.4205579945
7170 0.4206372304
7171 0.4207164663
7172 0.4207957023
7173 0.4208749382
7174 0.4209541741
7175 0.42103341
7176 0.4211126459
7177 0.4211918818
7178 0.4212711178
7179 0.4213503537
7180 0.4214295896
7181 0.4215088255
7182 0.4215880614
7183 0.4216672974
7184 0.4217465333
7185 0.4218257692
7186 0.4219050051
7187 0.421984241
7188 0.4220634769
7189 0.4221427129
7190 0.4222219488
7191 0.4223011847
7192 0.4223804206
7193 0.4224596565
7194 0.4225388924
7195 0.4226181284
7196 0.4226973643
7197 0.4227766002
7198 0.4228558361
7199 0.422935072
7200 0.4230143079
7201 0.4230935439
7202 0.4231727798
7203 0.4232520157
7204 0.4233312516
7205 0.4234104875
7206 0.4234897234
7207 0.4235689594
7208 0.4236481953
7209 0.4237274312
7210 0.4238066671
7211 0.423885903
7212 0.423965139
7213 0.4240443749
7214 0.4241236108
7215 0.4242028467
7216 0.4242820826
7217 0.4243613185
7218 0.4244405545
7219 0.4245197904
7220 0.4245990263
7221 0.4246782622
7222 0.4247574981
7223 0.424836734
7224 0.42491597
7225 0.4249952059
7226 0.4250744418
7227 0.4251536777
7228 0.4252329136
7229 0.4253121495
7230 0.4253913855
7231 0.4254706214
7232 0.4255498573
7233 0.4256290932
7234 0.4257083291
7235 0.425787565
7236 0.425866801
7237 0.4259460369
7238 0.4260252728
7239 0.4261045087
7240 0.4261837446
7241 0.4262629805
7242 0.4263422165
7243 0.4264214524
7244 0.4265006883
7245 0.4265799242
7246 0.4266591601
7247 0.4267383961
7248 0.426817632
7249 0.4268968679
7250 0.4269761038
7251 0.4270553397
7252 0.4271345756
7253 0.4272138116
7254 0.4272930475
7255 0.4273722834
7256 0.4274515193
7257 0.4275307552
7258 0.4276099911
7259 0.4276892271
7260 0.427768463
7261 0.4278476989
7262 0.4279269348
7263 0.4280061707
7264 0.4280854066
7265 0.4281646426
7266 0.4282438785
7267 0.4283231144
7268 0.4284023503
7269 0.4284815862
7270 0.4285608221
7271 0.4286400581
7272 0.428719294
7273 0.4287985299
7274 0.4288777658
7275 0.4289570017
7276 0.4290362377
7277 0.4291154736
7278 0.4291947095
7279 0.4292739454
7280 0.4293531813
7281 0.4294324172
7282 0.4295116532
7283 0.4295908891
7284 0.429670125
7285 0.4297493609
7286 0.4298285968
7287 0.4299078327
7288 0.4299870687
7289 0.4300663046
7290 0.4301455405
7291 0.4302247764
7292 0.4303040123
7293 0.4303832482
7294 0.4304624842
7295 0.4305417201
7296 0.430620956
7297 0.4307001919
7298 0.4307794278
7299 0.4308586637
7300 0.4309378997
7301 0.4310171356
7302 0.4310963715
7303 0.4311756074
7304 0.4312548433
7305 0.4313340793
7306 0.4314133152
7307 0.4314925511
7308 0.431571787
7309 0.4316510229
7310 0.4317302588
7311 0.4318094948
7312 0.4318887307
7313 0.4320090631
7314 0.4321293956
7315 0.432249728
7316 0.4323700605
7317 0.4324903929
7318 0.4326107254
7319 0.4327310578
7320 0.4328513903
7321 0.4329717227
7322 0.4330920552
7323 0.4332123876
7324 0.4333327201
7325 0.4334530525
7326 0.433573385
7327 0.4336937174
7328 0.4338140499
7329 0.4339343823
7330 0.4340547148
7331 0.4341750472
7332 0.4342953797
7333 0.4344157121
7334 0.4345360446
7335 0.434656377
7336 0.4347767095
7337 0.4348970419
7338 0.4350173744
7339 0.4351377068
7340 0.4352580393
7341 0.4353783717
7342 0.4354987042
7343 0.4356190366
7344 0.4357393691
7345 0.4358597015
7346 0.435980034
7347 0.4361003664
7348 0.4362206989
7349 0.4363410313
7350 0.4364613638
7351 0.4365816962
7352 0.4367020287
7353 0.4368223611
7354 0.4369426936
7355 0.437063026
7356 0.4371833585
7357 0.4373036909
7358 0.4374240234
7359 0.4375443558
7360 0.4376646883
7361 0.4377850207
7362 0.4379053532
7363 0.4380256856
7364 0.4381460181
7365 0.4382663505
7366 0.438386683
7367 0.4385070154
7368 0.4386273479
7369 0.4387476803
7370 0.4388680128
7371 0.4389883452
7372 0.4391086777
7373 0.4392290101
7374 0.4393493426
7375 0.439469675
7376 0.4395900075
7377 0.4397103399
7378 0.4398306724
7379 0.4399510048
7380 0.4400713373
7381 0.4401916697
7382 0.4403120022
7383 0.4404323346
7384 0.4405526671
7385 0.4406729995
7386 0.440793332
7387 0.4409136644
7388 0.4410339969
7389 0.4411543293
7390 0.4412746618
7391 0.4413949942
7392 0.4415153267
7393 0.4416356591
7394 0.4417559916
7395 0.441876324
7396 0.4419966565
7397 0.4421169889
7398 0.4422373213
7399 0.4423576538
7400 0.4424779862
7401 0.4425983187
7402 0.4427186511
7403 0.4428389836
7404 0.442959316
7405 0.4430796485
7406 0.4431999809
7407 0.4433203134
7408 0.4434406458
7409 0.4435609783
7410 0.4436813107
7411 0.4438016432
7412 0.4439219756
7413 0.4440423081
7414 0.4441626405
7415 0.444282973
7416 0.4444033054
7417 0.4445236379
7418 0.4446439703
7419 0.4447643028
7420 0.4448846352
7421 0.4450049677
7422 0.4451253001
7423 0.4452456326
7424 0.445365965
7425 0.4454862975
7426 0.4456066299
7427 0.4457269624
7428 0.4458472948
7429 0.4459676273
7430 0.4460879597
7431 0.4462082922
7432 0.4463286246
7433 0.4464489571
7434 0.4465692895
7435 0.446689622
7436 0.4468099544
7437 0.4469302869
7438 0.4470506193
7439 0.4471709518
7440 0.4472912842
7441 0.4474116167
7442 0.4475319491
7443 0.4476522816
7444 0.447772614
7445 0.4478929465
7446 0.4480132789
7447 0.4481336114
7448 0.4482539438
7449 0.4483742763
7450 0.4484946087
7451 0.4486149412
7452 0.4487352736
7453 0.4488556061
7454 0.4489759385
7455 0.449096271
7456 0.4492166034
7457 0.4493369359
7458 0.4494572683
7459 0.4495776008
7460 0.4496979332
7461 0.4498182657
7462 0.4499385981
7463 0.4500589306
7464 0.450179263
7465 0.4502995955
7466 0.4504199279
7467 0.4505402604
7468 0.4506605928
7469 0.4507809253
7470 0.4509012577
7471 0.4510215902
7472 0.4511419226
7473 0.4512622551
7474 0.4513825875
7475 0.45150292
7476 0.4516232524
7477 0.4517435849
7478 0.4518639173
7479 0.4519842498
7480 0.4521045822
7481 0.4522249147
7482 0.4523452471
7483 0.4524655796
7484 0.452585912
7485 0.4527062445
7486 0.4528265769
7487 0.4529469094
7488 0.4530672418
7489 0.4531875743
7490 0.4533079067
7491 0.4534282392
7492 0.4535485716
7493 0.4536689041
7494 0.4537892365
7495 0.453909569
7496 0.4540299014
7497 0.4541502339
7498 0.4542705663
7499 0.4543908988
7500 0.4545112312
7501 0.4546315637
7502 0.4547518961
7503 0.4548722286
7504 0.454992561
7505 0.4551128935
7506 0.4552332259
7507 0.4553535584
7508 0.4554738908
7509 0.4555942233
7510 0.4557145557
7511 0.4558348882
7512 0.4559552206
7513 0.4560755531
7514 0.4561958855
7515 0.456316218
7516 0.4564365504
7517 0.4565568829
7518 0.4566772153
7519 0.4567975478
7520 0.4569178802
7521 0.4570382127
7522 0.4571585451
7523 0.4572788776
7524 0.45739921
7525 0.4575195425
7526 0.4576398749
7527 0.4577602074
7528 0.4578805398
7529 0.4580008723
7530 0.4581212047
7531 0.4582415372
7532 0.4583618696
7533 0.4584822021
7534 0.4586025345
7535 0.458722867
7536 0.4588431994
7537 0.4589635319
7538 0.4590838643
7539 0.4592041968
7540 0.4593245292
7541 0.4594448617
7542 0.4595651941
7543 0.4596855266
7544 0.459805859
7545 0.4599261915
7546 0.4600465239
7547 0.4601668564
7548 0.4602871888
7549 0.4604075213
7550 0.4605278537
7551 0.4606481862
7552 0.4607685186
7553 0.4608888511
7554 0.4610091835
7555 0.461129516
7556 0.4612498484
7557 0.4613701809
7558 0.4614905133
7559 0.4616108458
7560 0.4617311782
7561 0.4618515107
7562 0.4619718431
7563 0.4620921756
7564 0.462212508
7565 0.4623328405
7566 0.4624531729
7567 0.4625735054
7568 0.4626938378
7569 0.4628141703
7570 0.4629345027
7571 0.4630548352
7572 0.4631751676
7573 0.4632955001
7574 0.4634158325
7575 0.463536165
7576 0.4636564974
7577 0.4637768299
7578 0.4638971623
7579 0.4640174947
7580 0.4641378272
7581 0.4642581596
7582 0.4643784921
7583 0.4644988245
7584 0.464619157
7585 0.4647394894
7586 0.4648598219
7587 0.4649801543
7588 0.4651004868
7589 0.4652208192
7590 0.4653411517
7591 0.4654614841
7592 0.4655818166
7593 0.465702149
7594 0.4658224815
7595 0.4659428139
7596 0.4660631464
7597 0.4661834788
7598 0.4663038113
7599 0.4664241437
7600 0.4665444762
7601 0.4666648086
7602 0.4667851411
7603 0.4669054735
7604 0.467025806
7605 0.4671461384
7606 0.4672664709
7607 0.4673868033
7608 0.4675071358
7609 0.4676274682
7610 0.4677478007
7611 0.4678681331
7612 0.4679884656
7613 0.468108798
7614 0.4682291305
7615 0.4683494629
7616 0.4684697954
7617 0.4685901278
7618 0.4687104603
7619 0.4688307927
7620 0.4689511252
7621 0.4690714576
7622 0.4691917901
7623 0.4693121225
7624 0.469432455
7625 0.4695527874
7626 0.4696731199
7627 0.4697934523
7628 0.4699137848
7629 0.4700341172
7630 0.4701544497
7631 0.4702747821
7632 0.4703951146
7633 0.470515447
7634 0.4706357795
7635 0.4707561119
7636 0.4708764444
7637 0.4709967768
7638 0.4711171093
7639 0.4712374417
7640 0.4713577742
7641 0.4714781066
7642 0.4715984391
7643 0.4717187715
7644 0.471839104
7645 0.4719594364
7646 0.4720797689
7647 0.4722001013
7648 0.4723204338
7649 0.4724407662
7650 0.4725610987
7651 0.4726814311
7652 0.4728017636
7653 0.472922096
7654 0.4730424285
7655 0.4731627609
7656 0.4732830934
7657 0.4734034258
7658 0.4735237583
7659 0.4736440907
7660 0.4737644232
7661 0.4738847556
7662 0.4740050881
7663 0.4741254205
7664 0.474245753
7665 0.4743660854
7666 0.4744864179
7667 0.4746067503
7668 0.4747270828
7669 0.4748474152
7670 0.4749677477
7671 0.4750880801
7672 0.4752084126
7673 0.475328745
7674 0.4754490775
7675 0.4755694099
7676 0.4756897424
7677 0.4758100748
7678 0.4759304073
7679 0.4760507397
7680 0.4761710722
7681 0.4762914046
7682 0.4764117371
7683 0.4765320695
7684 0.476652402
7685 0.4767727344
7686 0.4768930669
7687 0.4770133993
7688 0.4771337318
7689 0.4772540642
7690 0.4773743967
7691 0.4774947291
7692 0.4776150616
7693 0.477735394
7694 0.4778557265
7695 0.4779760589
7696 0.4780963914
7697 0.4782167238
7698 0.4783370563
7699 0.4784573887
7700 0.4785777212
7701 0.4786980536
7702 0.4788183861
7703 0.4789387185
7704 0.479059051
7705 0.4791793834
7706 0.4792997159
7707 0.4794200483
7708 0.4795403808
7709 0.4796607132
7710 0.4797810457
7711 0.4799013781
7712 0.4800217106
7713 0.480142043
7714 0.4802623755
7715 0.4803827079
7716 0.4805030404
7717 0.4806233728
7718 0.4807437053
7719 0.4808640377
7720 0.4809843702
7721 0.4811047026
7722 0.4812250351
7723 0.4813453675
7724 0.4814657
7725 0.4815860324
7726 0.4817063649
7727 0.4818266973
7728 0.4819470298
7729 0.4820673622
7730 0.4821876947
7731 0.4823080271
7732 0.4824283596
7733 0.482548692
7734 0.4826690245
7735 0.4827893569
7736 0.4829096894
7737 0.4830300218
7738 0.4831503543
7739 0.4832706867
7740 0.4833910192
7741 0.4835113516
7742 0.4836316841
7743 0.4837520165
7744 0.483872349
7745 0.4839926814
7746 0.4841130139
7747 0.4842333463
7748 0.4843536788
7749 0.4844740112
7750 0.4845943437
7751 0.4847146761
7752 0.4848350086
7753 0.484955341
7754 0.4850756735
7755 0.4851960059
7756 0.4853163384
7757 0.4854366708
7758 0.4855570033
7759 0.4856773357
7760 0.4857976682
7761 0.4859180006
7762 0.486038333
7763 0.4861586655
7764 0.4862789979
7765 0.4863993304
7766 0.4865196628
7767 0.4866399953
7768 0.4867603277
7769 0.4868806602
7770 0.4870009926
7771 0.4871213251
7772 0.4872416575
7773 0.48736199
7774 0.4874823224
7775 0.4876026549
7776 0.4877229873
7777 0.4878433198
7778 0.4879636522
7779 0.4880839847
7780 0.4882043171
7781 0.4883246496
7782 0.488444982
7783 0.4885653145
7784 0.4886856469
7785 0.4888059794
7786 0.4889263118
7787 0.4890466443
7788 0.4891669767
7789 0.4892873092
7790 0.4894076416
7791 0.4895279741
7792 0.4896483065
7793 0.489768639
7794 0.4898889714
7795 0.4900093039
7796 0.4901296363
7797 0.4902499688
7798 0.4903703012
7799 0.4904906337
7800 0.4906109661
7801 0.4907312986
7802 0.490851631
7803 0.4909719635
7804 0.4910922959
7805 0.4912126284
7806 0.4913329608
7807 0.4914532933
7808 0.4915736257
7809 0.4916939582
7810 0.4918142906
7811 0.4919346231
7812 0.4920549555
7813 0.492175288
7814 0.4922956204
7815 0.4924159529
7816 0.4925362853
7817 0.4926566178
7818 0.4927769502
7819 0.4928972827
7820 0.4930176151
7821 0.4931379476
7822 0.49325828
7823 0.4933786125
7824 0.4934989449
7825 0.4936192774
7826 0.4937396098
7827 0.4938599423
7828 0.4939802747
7829 0.4941006072
7830 0.4942209396
7831 0.4943412721
7832 0.4944616045
7833 0.494581937
7834 0.4947022694
7835 0.4948226019
7836 0.4949429343
7837 0.4950632668
7838 0.4951835992
7839 0.4953039317
7840 0.4954242641
7841 0.4955445966
7842 0.495664929
7843 0.4957852615
7844 0.4959055939
7845 0.4960259264
7846 0.4961462588
7847 0.4962665913
7848 0.4963869237
7849 0.4965072562
7850 0.4966275886
7851 0.4967479211
7852 0.4968682535
7853 0.496988586
7854 0.4971089184
7855 0.4972292509
7856 0.4973495833
7857 0.4974699158
7858 0.4975902482
7859 0.4977105807
7860 0.4978309131
7861 0.4979512456
7862 0.498071578
7863 0.4981919105
7864 0.4983122429
7865 0.4984325754
7866 0.4985529078
7867 0.4986732403
7868 0.4987935727
7869 0.4989139052
7870 0.4990342376
7871 0.4991545701
7872 0.4992749025
7873 0.499395235
7874 0.4995155674
7875 0.4996358999
7876 0.4997562323
7877 0.4998765648
7878 0.4999968972
7879 0.5001172297
7880 0.5002375621
7881 0.5003578946
7882 0.500478227
7883 0.5005985595
7884 0.5007188919
7885 0.5008392244
7886 0.5009595568
7887 0.5010798893
7888 0.5012002217
7889 0.5013205542
7890 0.5014408866
7891 0.5015612191
7892 0.5016815515
7893 0.501801884
7894 0.5019222164
7895 0.5020425489
7896 0.5021628813
7897 0.5022832138
7898 0.5024035462
7899 0.5025238787
7900 0.5026442111
7901 0.5027645436
7902 0.502884876
7903 0.5030052085
7904 0.5031255409
7905 0.5032458734
7906 0.5033662058
7907 0.5034865383
7908 0.5036068707
7909 0.5037272032
7910 0.5038475356
7911 0.5039678681
7912 0.5040882005
7913 0.504208533
7914 0.5043288654
7915 0.5044491979
7916 0.5045695303
7917 0.5046898628
7918 0.5048101952
7919 0.5049305277
7920 0.5050508601
7921 0.5051711926
7922 0.505291525
7923 0.5054118575
7924 0.5055321899
7925 0.5056525224
7926 0.5057728548
7927 0.5058931873
7928 0.5060135197
7929 0.5061338522
7930 0.5062541846
7931 0.5063745171
7932 0.5064948495
7933 0.506615182
7934 0.5067355144
7935 0.5068558469
7936 0.5069761793
7937 0.5070965118
7938 0.5072168442
7939 0.5073371767
7940 0.5074575091
7941 0.5075778416
7942 0.507698174
7943 0.5078185064
7944 0.5079388389
7945 0.5080591713
7946 0.5081795038
7947 0.5082998362
7948 0.5084201687
7949 0.5085405011
7950 0.5086608336
7951 0.508781166
7952 0.5089014985
7953 0.5090218309
7954 0.5091421634
7955 0.5092624958
7956 0.5093828283
7957 0.5095031607
7958 0.5096234932
7959 0.5097438256
7960 0.5098641581
7961 0.5099844905
7962 0.510104823
7963 0.5102251554
7964 0.5103454879
7965 0.5104658203
7966 0.5105861528
7967 0.5107064852
7968 0.5108268177
7969 0.5109471501
7970 0.5110674826
7971 0.511187815
7972 0.5113081475
7973 0.5114284799
7974 0.5115488124
7975 0.5116691448
7976 0.5117894773
7977 0.5119098097
7978 0.5120301422
7979 0.5121504746
7980 0.5122708071
7981 0.5123911395
7982 0.512511472
7983 0.5126318044
7984 0.5127521369
7985 0.5128724693
7986 0.5129928018
7987 0.5131131342
7988 0.5132334667
7989 0.5133537991
7990 0.5134741316
7991 0.513594464
7992 0.5137147965
7993 0.5138351289
7994 0.5139554614
7995 0.5140757938
7996 0.5141961263
7997 0.5143164587
7998 0.5144367912
7999 0.5145571236
8000 0.5146774561
8001 0.5147977885
8002 0.514918121
8003 0.5150384534
8004 0.5151587859
8005 0.5152791183
8006 0.5153994508
8007 0.5155197832
8008 0.5156401157
8009 0.5157604481
8010 0.5158807806
8011 0.516001113
8012 0.5161214455
8013 0.5162417779
8014 0.5163621104
8015 0.5164824428
8016 0.5166027753
8017 0.5167231077
8018 0.5168434402
8019 0.5169637726
8020 0.5170841051
8021 0.5172044375
8022 0.51732477
8023 0.5174451024
8024 0.5175654349
8025 0.5176857673
8026 0.5178060998
8027 0.5179264322
8028 0.5180467647
8029 0.5181670971
8030 0.5182874296
8031 0.518407762
8032 0.5185280945
8033 0.5186484269
8034 0.5187687594
8035 0.5188890918
8036 0.5190094243
8037 0.5191297567
8038 0.5192500892
8039 0.5193704216
8040 0.5194907541
8041 0.5196110865
8042 0.519731419
8043 0.5198517514
8044 0.5199720839
8045 0.5200924163
8046 0.5202127488
8047 0.5203330812
8048 0.5204534137
8049 0.5205737461
8050 0.5206940786
8051 0.520814411
8052 0.5209347435
8053 0.5210550759
8054 0.5211754084
8055 0.5212957408
8056 0.5214160733
8057 0.5215364057
8058 0.5216567382
8059 0.5217770706
8060 0.5218974031
8061 0.5220177355
8062 0.522138068
8063 0.5222584004
8064 0.5223787329
8065 0.5224990653
8066 0.5226193978
8067 0.5227397302
8068 0.5228600627
8069 0.5229803951
8070 0.5231007276
8071 0.52322106
8072 0.5233413925
8073 0.5234617249
8074 0.5235820574
8075 0.5237023898
8076 0.5238227223
8077 0.5239430547
8078 0.5240633872
8079 0.5241837196
8080 0.5243040521
8081 0.5244243845
8082 0.524544717
8083 0.5246650494
8084 0.5247853819
8085 0.5249057143
8086 0.5250260468
8087 0.5251463792
8088 0.5252667117
8089 0.5253870441
8090 0.5255073766
8091 0.525627709
8092 0.5257480415
8093 0.5258683739
8094 0.5259887064
8095 0.5261090388
8096 0.5262293713
8097 0.5263497037
8098 0.5264700362
8099 0.5265903686
8100 0.5267107011
8101 0.5268310335
8102 0.526951366
8103 0.5270716984
8104 0.5271920309
8105 0.5273123633
8106 0.5274326958
8107 0.5275530282
8108 0.5276733607
8109 0.5277936931
8110 0.5279140256
8111 0.528034358
8112 0.5281546905
8113 0.5282750229
8114 0.5283953554
8115 0.5285156878
8116 0.5286360203
8117 0.5287563527
8118 0.5288766852
8119 0.5289970176
8120 0.5291173501
8121 0.5292376825
8122 0.529358015
8123 0.5294783474
8124 0.5295986799
8125 0.5297190123
8126 0.5298393447
8127 0.5299596772
8128 0.5300800096
8129 0.5302003421
8130 0.5303206745
8131 0.530441007
8132 0.5305613394
8133 0.5306816719
8134 0.5308020043
8135 0.5309223368
8136 0.5310426692
8137 0.5311630017
8138 0.5312833341
8139 0.5314036666
8140 0.531523999
8141 0.5316443315
8142 0.5317646639
8143 0.5318849964
8144 0.5320053288
8145 0.5321256613
8146 0.5322459937
8147 0.5323663262
8148 0.5324866586
8149 0.5326069911
8150 0.5327273235
8151 0.532847656
8152 0.5329679884
8153 0.5330883209
8154 0.5332086533
8155 0.5333289858
8156 0.5334493182
8157 0.5335696507
8158 0.5336899831
8159 0.5338103156
8160 0.533930648
8161 0.5340509805
8162 0.5341713129
8163 0.5342916454
8164 0.5344119778
8165 0.5345323103
8166 0.5346526427
8167 0.5347729752
8168 0.5348933076
8169 0.5350136401
8170 0.5351339725
8171 0.535254305
8172 0.5353746374
8173 0.5354949699
8174 0.5356153023
8175 0.5357356348
8176 0.5358559672
8177 0.5359762997
8178 0.5360966321
8179 0.5362169646
8180 0.536337297
8181 0.5364576295
8182 0.5365779619
8183 0.5366982944
8184 0.5368186268
8185 0.5369389593
8186 0.5370592917
8187 0.5371796242
8188 0.5372999566
8189 0.5374202891
8190 0.5375406215
8191 0.537660954
8192 0.5377812864
8193 0.5379016189
8194 0.5380219513
8195 0.5381422838
8196 0.5382626162
8197 0.5383829487
8198 0.5385032811
8199 0.5386236136
8200 0.538743946
8201 0.5388642785
8202 0.5389846109
8203 0.5391049434
8204 0.5392252758
8205 0.5393456083
8206 0.5394659407
8207 0.5395862732
8208 0.5397066056
8209 0.5398269381
8210 0.5399472705
8211 0.540067603
8212 0.5401879354
8213 0.5403082679
8214 0.5404286003
8215 0.5405489328
8216 0.5406692652
8217 0.5407895977
8218 0.5409099301
8219 0.5410302626
8220 0.541150595
8221 0.5412709275
8222 0.5413912599
8223 0.5415115924
8224 0.5416319248
8225 0.5417522573
8226 0.5418725897
8227 0.5419929222
8228 0.5421132546
8229 0.5422335871
8230 0.5423539195
8231 0.542474252
8232 0.5425945844
8233 0.5427149169
8234 0.5428352493
8235 0.5429555818
8236 0.5430759142
8237 0.5431962467
8238 0.5433165791
8239 0.5434369116
8240 0.543557244
8241 0.5436775765
8242 0.5437979089
8243 0.5439182414
8244 0.5440385738
8245 0.5441589063
8246 0.5442792387
8247 0.5443995712
8248 0.5445199036
8249 0.5446402361
8250 0.5447605685
8251 0.544880901
8252 0.5450012334
8253 0.5451215659
8254 0.5452418983
8255 0.5453622308
8256 0.5454825632
8257 0.5456028957
8258 0.5457232281
8259 0.5458435606
8260 0.545963893
8261 0.5460842255
8262 0.5462045579
8263 0.5463248904
8264 0.5464452228
8265 0.5465655553
8266 0.5466858877
8267 0.5468062202
8268 0.5469265526
8269 0.5470468851
8270 0.5471672175
8271 0.54728755
8272 0.5474078824
8273 0.5475282149
8274 0.5476485473
8275 0.5477688798
8276 0.5478892122
8277 0.5480095447
8278 0.5481298771
8279 0.5482502096
8280 0.548370542
8281 0.5484908745
8282 0.5486112069
8283 0.5487315394
8284 0.5488518718
8285 0.5489722043
8286 0.5490925367
8287 0.5492128692
8288 0.5493332016
8289 0.5494535341
8290 0.5495738665
8291 0.549694199
8292 0.5498145314
8293 0.5499348639
8294 0.5500551963
8295 0.5501755288
8296 0.5502958612
8297 0.5504161937
8298 0.5505365261
8299 0.5506568586
8300 0.550777191
8301 0.5508975235
8302 0.5510178559
8303 0.5511381884
8304 0.5512585208
8305 0.5513788533
8306 0.5514991857
8307 0.5516195181
8308 0.5517398506
8309 0.551860183
8310 0.5519805155
8311 0.5521008479
8312 0.5522211804
8313 0.5523415128
8314 0.5524618453
8315 0.5525821777
8316 0.5527025102
8317 0.5528228426
8318 0.5529431751
8319 0.5530635075
8320 0.55318384
8321 0.5533041724
8322 0.5534245049
8323 0.5535448373
8324 0.5536651698
8325 0.5537855022
8326 0.5539058347
8327 0.5540261671
8328 0.5541464996
8329 0.554266832
8330 0.5543871645
8331 0.5545074969
8332 0.5546278294
8333 0.5547481618
8334 0.5548684943
8335 0.5549888267
8336 0.5551091592
8337 0.5552294916
8338 0.5553498241
8339 0.5554701565
8340 0.555590489
8341 0.5557108214
8342 0.5558311539
8343 0.5559514863
8344 0.5560718188
8345 0.5561921512
8346 0.5563124837
8347 0.5564328161
8348 0.5565531486
8349 0.556673481
8350 0.5567938135
8351 0.5569141459
8352 0.5570344784
8353 0.5571548108
8354 0.5572751433
8355 0.5573954757
8356 0.5575158082
8357 0.5576361406
8358 0.5577564731
8359 0.5578768055
8360 0.557997138
8361 0.5581174704
8362 0.5582378029
8363 0.5583581353
8364 0.5584784678
8365 0.5585988002
8366 0.5587191327
8367 0.5588394651
8368 0.5589597976
8369 0.55908013
8370 0.5592004625
8371 0.5593207949
8372 0.5594411274
8373 0.5595614598
8374 0.5596817923
8375 0.5598021247
8376 0.5599224572
8377 0.5600427896
8378 0.5601631221
8379 0.5602834545
8380 0.560403787
8381 0.5605241194
8382 0.5606444519
8383 0.5607647843
8384 0.5608851168
8385 0.5610054492
8386 0.5611257817
8387 0.5612461141
8388 0.5613664466
8389 0.561486779
8390 0.5616071115
8391 0.5617274439
8392 0.5618477764
8393 0.5619681088
8394 0.5620884413
8395 0.5622087737
8396 0.5623291062
8397 0.5624494386
8398 0.5625697711
8399 0.5626901035
8400 0.562810436
8401 0.5629307684
8402 0.5630511009
8403 0.5631714333
8404 0.5632917658
8405 0.5634120982
8406 0.5635324307
8407 0.5636527631
8408 0.5637730956
8409 0.563893428
8410 0.5640137605
8411 0.5641340929
8412 0.5642544254
8413 0.5643747578
8414 0.5644950903
8415 0.5646154227
8416 0.5647357552
8417 0.5648560876
8418 0.5649764201
8419 0.5650967525
8420 0.565217085
8421 0.5653374174
8422 0.5654577499
8423 0.5655780823
8424 0.5656984148
8425 0.5658187472
8426 0.5659390797
8427 0.5660594121
8428 0.5661797446
8429 0.566300077
8430 0.5664204095
8431 0.5665407419
8432 0.5666610744
8433 0.5667814068
8434 0.5669017393
8435 0.5670220717
8436 0.5671424042
8437 0.5672627366
8438 0.5673830691
8439 0.5675034015
8440 0.567623734
8441 0.5677440664
8442 0.5678643989
8443 0.5679847313
8444 0.5681050638
8445 0.5682253962
8446 0.5683457287
8447 0.5684660611
8448 0.5685863936
8449 0.568706726
8450 0.5688270585
8451 0.5689473909
8452 0.5690677234
8453 0.5691880558
8454 0.5693083883
8455 0.5694287207
8456 0.5695490532
8457 0.5696693856
8458 0.5697897181
8459 0.5699100505
8460 0.570030383
8461 0.5701507154
8462 0.5702710479
8463 0.5703913803
8464 0.5705117128
8465 0.5706320452
8466 0.5707523777
8467 0.5708727101
8468 0.5709930426
8469 0.571113375
8470 0.5712337075
8471 0.5713540399
8472 0.5714743724
8473 0.5715947048
8474 0.5717150373
8475 0.5718353697
8476 0.5719557022
8477 0.5720760346
8478 0.5721963671
8479 0.5723166995
8480 0.572437032
8481 0.5725573644
8482 0.5726776969
8483 0.5727980293
8484 0.5729183618
8485 0.5730386942
8486 0.5731590267
8487 0.5732793591
8488 0.5733996916
8489 0.573520024
8490 0.5736403564
8491 0.5737606889
8492 0.5738810213
8493 0.5740013538
8494 0.5741216862
8495 0.5742420187
8496 0.5743623511
8497 0.5744826836
8498 0.574603016
8499 0.5747233485
8500 0.5748436809
8501 0.5749640134
8502 0.5750843458
8503 0.5752046783
8504 0.5753250107
8505 0.5754453432
8506 0.5755656756
8507 0.5756860081
8508 0.5758063405
8509 0.575926673
8510 0.5760470054
8511 0.5761673379
8512 0.5762876703
8513 0.5764080028
8514 0.5765283352
8515 0.5766486677
8516 0.5767690001
8517 0.5768893326
8518 0.577009665
8519 0.5771299975
8520 0.5772503299
8521 0.5773706624
8522 0.5774909948
8523 0.5776113273
8524 0.5777316597
8525 0.5778519922
8526 0.5779723246
8527 0.5780926571
8528 0.5782129895
8529 0.578333322
8530 0.5784536544
8531 0.5785739869
8532 0.5786943193
8533 0.5788146518
8534 0.5789349842
8535 0.5790553167
8536 0.5791756491
8537 0.5792959816
8538 0.579416314
8539 0.5795366465
8540 0.5796569789
8541 0.5797773114
8542 0.5798976438
8543 0.5800179763
8544 0.5801383087
8545 0.5802586412
8546 0.5803789736
8547 0.5804993061
8548 0.5806196385
8549 0.580739971
8550 0.5808603034
8551 0.5809806359
8552 0.5811009683
8553 0.5812213008
8554 0.5813416332
8555 0.5814619657
8556 0.5815822981
8557 0.5817026306
8558 0.581822963
8559 0.5819432955
8560 0.5820636279
8561 0.5821839604
8562 0.5823042928
8563 0.5824246253
8564 0.5825449577
8565 0.5826652902
8566 0.5827856226
8567 0.5829059551
8568 0.5830262875
8569 0.58314662
8570 0.5832669524
8571 0.5833872849
8572 0.5835076173
8573 0.5836279498
8574 0.5837482822
8575 0.5838686147
8576 0.5839889471
8577 0.5841092796
8578 0.584229612
8579 0.5843499445
8580 0.5844702769
8581 0.5845906094
8582 0.5847109418
8583 0.5848312743
8584 0.5849516067
8585 0.5850719392
8586 0.5851922716
8587 0.5853126041
8588 0.5854329365
8589 0.585553269
8590 0.5856736014
8591 0.5857939339
8592 0.5859142663
8593 0.5860345988
8594 0.5861549312
8595 0.5862752637
8596 0.5863955961
8597 0.5865159286
8598 0.586636261
8599 0.5867565935
8600 0.5868769259
8601 0.5869972584
8602 0.5871175908
8603 0.5872379233
8604 0.5873582557
8605 0.5874785882
8606 0.5875989206
8607 0.5877192531
8608 0.5878395855
8609 0.587959918
8610 0.5880802504
8611 0.5882005829
8612 0.5883209153
8613 0.5884412478
8614 0.5885615802
8615 0.5886819127
8616 0.5888022451
8617 0.5889225776
8618 0.58904291
8619 0.5891632425
8620 0.5892835749
8621 0.5894039074
8622 0.5895242398
8623 0.5896445723
8624 0.5897649047
8625 0.5898852372
8626 0.5900055696
8627 0.5901259021
8628 0.5902462345
8629 0.590366567
8630 0.5904868994
8631 0.5906072319
8632 0.5907275643
8633 0.5908478968
8634 0.5909682292
8635 0.5910885617
8636 0.5912088941
8637 0.5913292266
8638 0.591449559
8639 0.5915698915
8640 0.5916902239
8641 0.5918105564
8642 0.5919308888
8643 0.5920512213
8644 0.5921715537
8645 0.5922918862
8646 0.5924122186
8647 0.5925325511
8648 0.5926528835
8649 0.592773216
8650 0.5928935484
8651 0.5930138809
8652 0.5931342133
8653 0.5932545458
8654 0.5933748782
8655 0.5934952107
8656 0.5936155431
8657 0.5937358756
8658 0.593856208
8659 0.5939765405
8660 0.5940968729
8661 0.5942172054
8662 0.5943375378
8663 0.5944578703
8664 0.5945782027
8665 0.5946985352
8666 0.5948188676
8667 0.5949392001
8668 0.5950595325
8669 0.595179865
8670 0.5953001974
8671 0.5954205298
8672 0.5955408623
8673 0.5956611947
8674 0.5957815272
8675 0.5959018596
8676 0.5960221921
8677 0.5961425245
8678 0.596262857
8679 0.5963831894
8680 0.5965035219
8681 0.5966238543
8682 0.5967441868
8683 0.5968645192
8684 0.5969848517
8685 0.5971051841
8686 0.5972255166
8687 0.597345849
8688 0.5974661815
8689 0.5975865139
8690 0.5977068464
8691 0.5978271788
8692 0.5979475113
8693 0.5980678437
8694 0.5981881762
8695 0.5983085086
8696 0.5984288411
8697 0.5985491735
8698 0.598669506
8699 0.5987898384
8700 0.5989101709
8701 0.5990305033
8702 0.5991508358
8703 0.5992711682
8704 0.5993915007
8705 0.5995118331
8706 0.5996321656
8707 0.599752498
8708 0.5998728305
8709 0.5999931629
8710 0.6001134954
8711 0.6002338278
8712 0.6003541603
8713 0.6004744927
8714 0.6005948252
8715 0.6007151576
8716 0.6008354901
8717 0.6009558225
8718 0.601076155
8719 0.6011964874
8720 0.6013168199
8721 0.6014371523
8722 0.6015574848
8723 0.6016778172
8724 0.6017981497
8725 0.6019184821
8726 0.6020388146
8727 0.602159147
8728 0.6022794795
8729 0.6023998119
8730 0.6025201444
8731 0.6026404768
8732 0.6027608093
8733 0.6028811417
8734 0.6030014742
8735 0.6031218066
8736 0.6032421391
8737 0.6033624715
8738 0.603482804
8739 0.6036031364
8740 0.6037234689
8741 0.6038438013
8742 0.6039641338
8743 0.6040844662
8744 0.6042047987
8745 0.6043251311
8746 0.6044454636
8747 0.604565796
8748 0.6046861285
8749 0.6048064609
8750 0.6049267934
8751 0.6050471258
8752 0.6051674583
8753 0.6052877907
8754 0.6054081232
8755 0.6055284556
8756 0.6056487881
8757 0.6057691205
8758 0.605889453
8759 0.6060097854
8760 0.6061301179
8761 0.6062504503
8762 0.6063707828
8763 0.6064911152
8764 0.6066114477
8765 0.6067317801
8766 0.6068521126
8767 0.606972445
8768 0.6070927775
8769 0.6072131099
8770 0.6073334424
8771 0.6074537748
8772 0.6075741073
8773 0.6076944397
8774 0.6078147722
8775 0.6079351046
8776 0.6080554371
8777 0.6081757695
8778 0.608296102
8779 0.6084164344
8780 0.6085367669
8781 0.6086570993
8782 0.6087774318
8783 0.6088977642
8784 0.6090180967
8785 0.6091384291
8786 0.6092587616
8787 0.609379094
8788 0.6094994265
8789 0.6096197589
8790 0.6097400914
8791 0.6098604238
8792 0.6099807563
8793 0.6101010887
8794 0.6102214212
8795 0.6103417536
8796 0.6104620861
8797 0.6105824185
8798 0.610702751
8799 0.6108230834
8800 0.6109434159
8801 0.6110637483
8802 0.6111840808
8803 0.6113044132
8804 0.6114247457
8805 0.6115450781
8806 0.6116654106
8807 0.611785743
8808 0.6119060755
8809 0.6120264079
8810 0.6121467404
8811 0.6122670728
8812 0.6123874053
8813 0.6125077377
8814 0.6126280702
8815 0.6127484026
8816 0.6128687351
8817 0.6129890675
8818 0.6131094
8819 0.6132297324
8820 0.6133500649
8821 0.6134703973
8822 0.6135907298
8823 0.6137110622
8824 0.6138313947
8825 0.6139517271
8826 0.6140720596
8827 0.614192392
8828 0.6143127245
8829 0.6144330569
8830 0.6145533894
8831 0.6146737218
8832 0.6147940543
8833 0.6149143867
8834 0.6150347192
8835 0.6151550516
8836 0.6152753841
8837 0.6153957165
8838 0.615516049
8839 0.6156363814
8840 0.6157567139
8841 0.6158770463
8842 0.6159973788
8843 0.6161177112
8844 0.6162380437
8845 0.6163583761
8846 0.6164787086
8847 0.616599041
8848 0.6167193735
8849 0.6168397059
8850 0.6169600384
8851 0.6170803708
8852 0.6172007033
8853 0.6173210357
8854 0.6174413681
8855 0.6175617006
8856 0.617682033
8857 0.6178023655
8858 0.6179226979
8859 0.6180430304
8860 0.6181633628
8861 0.6182836953
8862 0.6184040277
8863 0.6185243602
8864 0.6186446926
8865 0.6187650251
8866 0.6188853575
8867 0.61900569
8868 0.6191260224
8869 0.6192463549
8870 0.6193666873
8871 0.6194870198
8872 0.6196073522
8873 0.6197276847
8874 0.6198480171
8875 0.6199683496
8876 0.620088682
8877 0.6202090145
8878 0.6203293469
8879 0.6204496794
8880 0.6205700118
8881 0.6206903443
8882 0.6208106767
8883 0.6209310092
8884 0.6210513416
8885 0.6211716741
8886 0.6212920065
8887 0.621412339
8888 0.6215326714
8889 0.6216530039
8890 0.6217733363
8891 0.6218936688
8892 0.6220140012
8893 0.6221343337
8894 0.6222546661
8895 0.6223749986
8896 0.622495331
8897 0.6226156635
8898 0.6227359959
8899 0.6228563284
8900 0.6229766608
8901 0.6230969933
8902 0.6232173257
8903 0.6233376582
8904 0.6234579906
8905 0.6235783231
8906 0.6236986555
8907 0.623818988
8908 0.6239393204
8909 0.6240596529
8910 0.6241799853
8911 0.6243003178
8912 0.6244206502
8913 0.6245409827
8914 0.6246613151
8915 0.6247816476
8916 0.62490198
8917 0.6250223125
8918 0.6251426449
8919 0.6252629774
8920 0.6253833098
8921 0.6255036423
8922 0.6256239747
8923 0.6257443072
8924 0.6258646396
8925 0.6259849721
8926 0.6261053045
8927 0.626225637
8928 0.6263459694
8929 0.6264663019
8930 0.6265866343
8931 0.6267069668
8932 0.6268272992
8933 0.6269476317
8934 0.6270679641
8935 0.6271882966
8936 0.627308629
8937 0.6274289615
8938 0.6275492939
8939 0.6276696264
8940 0.6277899588
8941 0.6279102913
8942 0.6280306237
8943 0.6281509562
8944 0.6282712886
8945 0.6283916211
8946 0.6285119535
8947 0.628632286
8948 0.6287526184
8949 0.6288729509
8950 0.6289932833
8951 0.6291136158
8952 0.6292339482
8953 0.6293542807
8954 0.6294746131
8955 0.6295949456
8956 0.629715278
8957 0.6298356105
8958 0.6299559429
8959 0.6300762754
8960 0.6301966078
8961 0.6303169403
8962 0.6304372727
8963 0.6305576052
8964 0.6306779376
8965 0.6307982701
8966 0.6309186025
8967 0.631038935
8968 0.6311592674
8969 0.6312795999
8970 0.6313999323
8971 0.6315202648
8972 0.6316405972
8973 0.6317609297
8974 0.6318812621
8975 0.6320015946
8976 0.632121927
8977 0.6322422595
8978 0.6323625919
8979 0.6324829244
8980 0.6326032568
8981 0.6327235893
8982 0.6328439217
8983 0.6329642542
8984 0.6330845866
8985 0.6332049191
8986 0.6333252515
8987 0.633445584
8988 0.6335659164
8989 0.6336862489
8990 0.6338065813
8991 0.6339269138
8992 0.6340472462
8993 0.6341675787
8994 0.6342879111
8995 0.6344082436
8996 0.634528576
8997 0.6346489085
8998 0.6347692409
8999 0.6348895734
9000 0.6350099058
9001 0.6351302383
9002 0.6352505707
9003 0.6353709032
9004 0.6354912356
9005 0.6356115681
9006 0.6357319005
9007 0.635852233
9008 0.6359725654
9009 0.6360928979
9010 0.6362132303
9011 0.6363335628
9012 0.6364538952
9013 0.6365742277
9014 0.6366945601
9015 0.6368148926
9016 0.636935225
9017 0.6370555575
9018 0.6371758899
9019 0.6372962224
9020 0.6374165548
9021 0.6375368873
9022 0.6376572197
9023 0.6377775522
9024 0.6378978846
9025 0.6380182171
9026 0.6381385495
9027 0.638258882
9028 0.6383792144
9029 0.6384995469
9030 0.6386198793
9031 0.6387402118
9032 0.6388605442
9033 0.6389808767
9034 0.6391012091
9035 0.6392215415
9036 0.639341874
9037 0.6394622064
9038 0.6395825389
9039 0.6397028713
9040 0.6398232038
9041 0.6399435362
9042 0.6400638687
9043 0.6401842011
9044 0.6403045336
9045 0.640424866
9046 0.6405451985
9047 0.6406655309
9048 0.6407858634
9049 0.6409061958
9050 0.6410265283
9051 0.6411468607
9052 0.6412671932
9053 0.6413875256
9054 0.6415078581
9055 0.6416281905
9056 0.641748523
9057 0.6418688554
9058 0.6419891879
9059 0.6421095203
9060 0.6422298528
9061 0.6423501852
9062 0.6424705177
9063 0.6425908501
9064 0.6427111826
9065 0.642831515
9066 0.6429518475
9067 0.6430721799
9068 0.6431925124
9069 0.6433128448
9070 0.6434331773
9071 0.6435535097
9072 0.6436738422
9073 0.6437941746
9074 0.6439145071
9075 0.6440348395
9076 0.644155172
9077 0.6442755044
9078 0.6443958369
9079 0.6445161693
9080 0.6446365018
9081 0.6447568342
9082 0.6448771667
9083 0.6449974991
9084 0.6451178316
9085 0.645238164
9086 0.6453584965
9087 0.6454788289
9088 0.6455991614
9089 0.6457194938
9090 0.6458398263
9091 0.6459601587
9092 0.6460804912
9093 0.6462008236
9094 0.6463211561
9095 0.6464414885
9096 0.646561821
9097 0.6466821534
9098 0.6468024859
9099 0.6469228183
9100 0.6470431508
9101 0.6471634832
9102 0.6472838157
9103 0.6474041481
9104 0.6475244806
9105 0.647644813
9106 0.6477651455
9107 0.6478854779
9108 0.6480058104
9109 0.6481261428
9110 0.6482464753
9111 0.6483668077
9112 0.6484871402
9113 0.6486074726
9114 0.6487278051
9115 0.6488481375
9116 0.64896847
9117 0.6490888024
9118 0.6492091349
9119 0.6493294673
9120 0.6494497998
9121 0.6495701322
9122 0.6496904647
9123 0.6498107971
9124 0.6499311296
9125 0.650051462
9126 0.6501717945
9127 0.6502921269
9128 0.6504124594
9129 0.6505327918
9130 0.6506531243
9131 0.6507734567
9132 0.6508937892
9133 0.6510141216
9134 0.6511344541
9135 0.6512547865
9136 0.6514150717
9137 0.6515753568
9138 0.6517356419
9139 0.651895927
9140 0.6520562122
9141 0.6522164973
9142 0.6523767824
9143 0.6525370676
9144 0.6526973527
9145 0.6528576378
9146 0.653017923
9147 0.6531782081
9148 0.6533384932
9149 0.6534987784
9150 0.6536590635
9151 0.6538193486
9152 0.6539796338
9153 0.6541399189
9154 0.654300204
9155 0.6544604891
9156 0.6546207743
9157 0.6547810594
9158 0.6549413445
9159 0.6551016297
9160 0.6552619148
9161 0.6554221999
9162 0.6555824851
9163 0.6557427702
9164 0.6559030553
9165 0.6560633405
9166 0.6562236256
9167 0.6563839107
9168 0.6565441958
9169 0.656704481
9170 0.6568647661
9171 0.6570250512
9172 0.6571853364
9173 0.6573456215
9174 0.6575059066
9175 0.6576661918
9176 0.6578264769
9177 0.657986762
9178 0.6581470472
9179 0.6583073323
9180 0.6584676174
9181 0.6586279026
9182 0.6587881877
9183 0.6589484728
9184 0.6591087579
9185 0.6592690431
9186 0.6594293282
9187 0.6595896133
9188 0.6597498985
9189 0.6599101836
9190 0.6600704687
9191 0.6602307539
9192 0.660391039
9193 0.6605513241
9194 0.6607116093
9195 0.6608718944
9196 0.6610321795
9197 0.6611924647
9198 0.6613527498
9199 0.6615130349
9200 0.66167332
9201 0.6618336052
9202 0.6619938903
9203 0.6621541754
9204 0.6623144606
9205 0.6624747457
9206 0.6626350308
9207 0.662795316
9208 0.6629556011
9209 0.6631158862
9210 0.6632761714
9211 0.6634364565
9212 0.6635967416
9213 0.6637570267
9214 0.6639173119
9215 0.664077597
9216 0.6642378821
9217 0.6643981673
9218 0.6645584524
9219 0.6647187375
9220 0.6648790227
9221 0.6650393078
9222 0.6651995929
9223 0.6653598781
9224 0.6655201632
9225 0.6656804483
9226 0.6658407335
9227 0.6660010186
9228 0.6661613037
9229 0.6663215888
9230 0.666481874
9231 0.6666421591
9232 0.6668024442
9233 0.6669627294
9234 0.6671230145
9235 0.6672832996
9236 0.6674435848
9237 0.6676038699
9238 0.667764155
9239 0.6679244402
9240 0.6680847253
9241 0.6682450104
9242 0.6684052955
9243 0.6685655807
9244 0.6687258658
9245 0.6688861509
9246 0.6690464361
9247 0.6692067212
9248 0.6693670063
9249 0.6695272915
9250 0.6696875766
9251 0.6698478617
9252 0.6700081469
9253 0.670168432
9254 0.6703287171
9255 0.6704890023
9256 0.6706492874
9257 0.6708095725
9258 0.6709698576
9259 0.6711301428
9260 0.6712904279
9261 0.671450713
9262 0.6716109982
9263 0.6717712833
9264 0.6719315684
9265 0.6720918536
9266 0.6722521387
9267 0.6724124238
9268 0.672572709
9269 0.6727329941
9270 0.6728932792
9271 0.6730535644
9272 0.6732138495
9273 0.6733741346
9274 0.6735344197
9275 0.6736947049
9276 0.67385499
9277 0.6740152751
9278 0.6741755603
9279 0.6743358454
9280 0.6744961305
9281 0.6746564157
9282 0.6748167008
9283 0.6749769859
9284 0.6751372711
9285 0.6752975562
9286 0.6754578413
9287 0.6756181264
9288 0.6757784116
9289 0.6759386967
9290 0.6760989818
9291 0.676259267
9292 0.6764195521
9293 0.6765798372
9294 0.6767401224
9295 0.6769004075
9296 0.6770606926
9297 0.6772209778
9298 0.6773812629
9299 0.677541548
9300 0.6777018332
9301 0.6778621183
9302 0.6780224034
9303 0.6781826885
9304 0.6783429737
9305 0.6785032588
9306 0.6786635439
9307 0.6788238291
9308 0.6789841142
9309 0.6791443993
9310 0.6793046845
9311 0.6794649696
9312 0.6796252547
9313 0.6797855399
9314 0.679945825
9315 0.6801061101
9316 0.6802663952
9317 0.6804266804
9318 0.6805869655
9319 0.6807472506
9320 0.6809075358
9321 0.6810678209
9322 0.681228106
9323 0.6813883912
9324 0.6815486763
9325 0.6817089614
9326 0.6818692466
9327 0.6820295317
9328 0.6821898168
9329 0.682350102
9330 0.6825103871
9331 0.6826706722
9332 0.6828309573
9333 0.6829912425
9334 0.6831515276
9335 0.6833118127
9336 0.6834720979
9337 0.683632383
9338 0.6837926681
9339 0.6839529533
9340 0.6841132384
9341 0.6842735235
9342 0.6844338087
9343 0.6845940938
9344 0.6847543789
9345 0.6849146641
9346 0.6850749492
9347 0.6852352343
9348 0.6853955194
9349 0.6855558046
9350 0.6857160897
9351 0.6858763748
9352 0.68603666
9353 0.6861969451
9354 0.6863572302
9355 0.6865175154
9356 0.6866778005
9357 0.6868380856
9358 0.6869983708
9359 0.6871586559
9360 0.687318941
9361 0.6874792261
9362 0.6876395113
9363 0.6877997964
9364 0.6879600815
9365 0.6881203667
9366 0.6882806518
9367 0.6884409369
9368 0.6886012221
9369 0.6887615072
9370 0.6889217923
9371 0.6890820775
9372 0.6892423626
9373 0.6894026477
9374 0.6895629329
9375 0.689723218
9376 0.6898835031
9377 0.6900437882
9378 0.6902040734
9379 0.6903643585
9380 0.6905246436
9381 0.6906849288
9382 0.6908452139
9383 0.691005499
9384 0.6911657842
9385 0.6913260693
9386 0.6914863544
9387 0.6916466396
9388 0.6918069247
9389 0.6919672098
9390 0.692127495
9391 0.6922877801
9392 0.6924480652
9393 0.6926083503
9394 0.6927686355
9395 0.6929289206
9396 0.6930892057
9397 0.6932494909
9398 0.693409776
9399 0.6935700611
9400 0.6937303463
9401 0.6938906314
9402 0.6940509165
9403 0.6942112017
9404 0.6943714868
9405 0.6945317719
9406 0.694692057
9407 0.6948523422
9408 0.6950126273
9409 0.6951729124
9410 0.6953331976
9411 0.6954934827
9412 0.6956537678
9413 0.695814053
9414 0.6959743381
9415 0.6961346232
9416 0.6962949084
9417 0.6964551935
9418 0.6966154786
9419 0.6967757638
9420 0.6969360489
9421 0.697096334
9422 0.6972566191
9423 0.6974169043
9424 0.6975771894
9425 0.6977374745
9426 0.6978977597
9427 0.6980580448
9428 0.6982183299
9429 0.6983786151
9430 0.6985389002
9431 0.6986991853
9432 0.6988594705
9433 0.6990197556
9434 0.6991800407
9435 0.6993403258
9436 0.699500611
9437 0.6996608961
9438 0.6998211812
9439 0.6999814664
9440 0.7001417515
9441 0.7003020366
9442 0.7004623218
9443 0.7006226069
9444 0.700782892
9445 0.7009431772
9446 0.7011034623
9447 0.7012637474
9448 0.7014240326
9449 0.7015843177
9450 0.7017446028
9451 0.7019048879
9452 0.7020651731
9453 0.7022254582
9454 0.7023857433
9455 0.7025460285
9456 0.7027063136
9457 0.7028665987
9458 0.7030268839
9459 0.703187169
9460 0.7033474541
9461 0.7035077393
9462 0.7036680244
9463 0.7038283095
9464 0.7039885947
9465 0.7041488798
9466 0.7043091649
9467 0.70446945
9468 0.7046297352
9469 0.7047900203
9470 0.7049503054
9471 0.7051105906
9472 0.7052708757
9473 0.7054311608
9474 0.705591446
9475 0.7057517311
9476 0.7059120162
9477 0.7060723014
9478 0.7062325865
9479 0.7063928716
9480 0.7065531567
9481 0.7067134419
9482 0.706873727
9483 0.7070340121
9484 0.7071942973
9485 0.7073545824
9486 0.7075148675
9487 0.7076751527
9488 0.7078354378
9489 0.7079957229
9490 0.7081560081
9491 0.7083162932
9492 0.7084765783
9493 0.7086368635
9494 0.7087971486
9495 0.7089574337
9496 0.7091177188
9497 0.709278004
9498 0.7094382891
9499 0.7095985742
9500 0.7097588594
9501 0.7099191445
9502 0.7100794296
9503 0.7102397148
9504 0.7103999999
9505 0.710560285
9506 0.7107205702
9507 0.7108808553
9508 0.7110411404
9509 0.7112014256
9510 0.7113617107
9511 0.7115219958
9512 0.7116822809
9513 0.7118425661
9514 0.7120028512
9515 0.7121631363
9516 0.7123234215
9517 0.7124837066
9518 0.7126439917
9519 0.7128042769
9520 0.712964562
9521 0.7131248471
9522 0.7132851323
9523 0.7134454174
9524 0.7136057025
9525 0.7137659876
9526 0.7139262728
9527 0.7140865579
9528 0.714246843
9529 0.7144071282
9530 0.7145674133
9531 0.7147276984
9532 0.7148879836
9533 0.7150482687
9534 0.7152085538
9535 0.715368839
9536 0.7155291241
9537 0.7156894092
9538 0.7158496944
9539 0.7160099795
9540 0.7161702646
9541 0.7163305497
9542 0.7164908349
9543 0.71665112
9544 0.7168114051
9545 0.7169716903
9546 0.7171319754
9547 0.7172922605
9548 0.7174525457
9549 0.7176128308
9550 0.7177731159
9551 0.7179334011
9552 0.7180936862
9553 0.7182539713
9554 0.7184142564
9555 0.7185745416
9556 0.7187348267
9557 0.7188951118
9558 0.719055397
9559 0.7192156821
9560 0.7193759672
9561 0.7195362524
9562 0.7196965375
9563 0.7198568226
9564 0.7200171078
9565 0.7201773929
9566 0.720337678
9567 0.7204979632
9568 0.7206582483
9569 0.7208185334
9570 0.7209788185
9571 0.7211391037
9572 0.7212993888
9573 0.7214596739
9574 0.7216199591
9575 0.7217802442
9576 0.7219405293
9577 0.7221008145
9578 0.7222610996
9579 0.7224213847
9580 0.7225816699
9581 0.722741955
9582 0.7229022401
9583 0.7230625253
9584 0.7232228104
9585 0.7233830955
9586 0.7235433806
9587 0.7237036658
9588 0.7238639509
9589 0.724024236
9590 0.7241845212
9591 0.7243448063
9592 0.7245050914
9593 0.7246653766
9594 0.7248256617
9595 0.7249859468
9596 0.725146232
9597 0.7253065171
9598 0.7254668022
9599 0.7256270873
9600 0.7257873725
9601 0.7259476576
9602 0.7261079427
9603 0.7262682279
9604 0.726428513
9605 0.7265887981
9606 0.7267490833
9607 0.7269093684
9608 0.7270696535
9609 0.7272299387
9610 0.7273902238
9611 0.7275505089
9612 0.7277107941
9613 0.7278710792
9614 0.7280313643
9615 0.7281916494
9616 0.7283519346
9617 0.7285122197
9618 0.7286725048
9619 0.72883279
9620 0.7289930751
9621 0.7291533602
9622 0.7293136454
9623 0.7294739305
9624 0.7296342156
9625 0.7297945008
9626 0.7299547859
9627 0.730115071
9628 0.7302753562
9629 0.7304356413
9630 0.7305959264
9631 0.7307562115
9632 0.7309164967
9633 0.7310767818
9634 0.7312370669
9635 0.7313973521
9636 0.7315576372
9637 0.7317179223
9638 0.7318782075
9639 0.7320384926
9640 0.7321987777
9641 0.7323590629
9642 0.732519348
9643 0.7326796331
9644 0.7328399182
9645 0.7330002034
9646 0.7331604885
9647 0.7333207736
9648 0.7334810588
9649 0.7336413439
9650 0.733801629
9651 0.7339619142
9652 0.7341221993
9653 0.7342824844
9654 0.7344427696
9655 0.7346030547
9656 0.7347633398
9657 0.734923625
9658 0.7350839101
9659 0.7352441952
9660 0.7354044803
9661 0.7355647655
9662 0.7357250506
9663 0.7358853357
9664 0.7360456209
9665 0.736205906
9666 0.7363661911
9667 0.7365264763
9668 0.7366867614
9669 0.7368470465
9670 0.7370073317
9671 0.7371676168
9672 0.7373279019
9673 0.737488187
9674 0.7376484722
9675 0.7378087573
9676 0.7379690424
9677 0.7381293276
9678 0.7382896127
9679 0.7384498978
9680 0.738610183
9681 0.7387704681
9682 0.7389307532
9683 0.7390910384
9684 0.7392513235
9685 0.7394116086
9686 0.7395718938
9687 0.7397321789
9688 0.739892464
9689 0.7400527491
9690 0.7402130343
9691 0.7403733194
9692 0.7405336045
9693 0.7406938897
9694 0.7408541748
9695 0.7410144599
9696 0.7411747451
9697 0.7413350302
9698 0.7414953153
9699 0.7416556005
9700 0.7418158856
9701 0.7419761707
9702 0.7421364559
9703 0.742296741
9704 0.7424570261
9705 0.7426173112
9706 0.7427775964
9707 0.7429378815
9708 0.7430981666
9709 0.7432584518
9710 0.7434187369
9711 0.743579022
9712 0.7437393072
9713 0.7438995923
9714 0.7440598774
9715 0.7442201626
9716 0.7443804477
9717 0.7445407328
9718 0.7447010179
9719 0.7448613031
9720 0.7450215882
9721 0.7451818733
9722 0.7453421585
9723 0.7455024436
9724 0.7456627287
9725 0.7458230139
9726 0.745983299
9727 0.7461435841
9728 0.7463038693
9729 0.7464641544
9730 0.7466244395
9731 0.7467847247
9732 0.7469450098
9733 0.7471052949
9734 0.74726558
9735 0.7474258652
9736 0.7475861503
9737 0.7477464354
9738 0.7479067206
9739 0.7480670057
9740 0.7482272908
9741 0.748387576
9742 0.7485478611
9743 0.7487081462
9744 0.7488684314
9745 0.7490287165
9746 0.7491890016
9747 0.7493492868
9748 0.7495095719
9749 0.749669857
9750 0.7498301421
9751 0.7499904273
9752 0.7501507124
9753 0.7503109975
9754 0.7504712827
9755 0.7506315678
9756 0.7507918529
9757 0.7509521381
9758 0.7511124232
9759 0.7512727083
9760 0.7514329935
9761 0.7515932786
9762 0.7517535637
9763 0.7519138488
9764 0.752074134
9765 0.7522344191
9766 0.7523947042
9767 0.7525549894
9768 0.7527152745
9769 0.7528755596
9770 0.7530358448
9771 0.7531961299
9772 0.753356415
9773 0.7535167002
9774 0.7536769853
9775 0.7538372704
9776 0.7539975556
9777 0.7541578407
9778 0.7543181258
9779 0.7544784109
9780 0.7546386961
9781 0.7547989812
9782 0.7549592663
9783 0.7551195515
9784 0.7552798366
9785 0.7554401217
9786 0.7556004069
9787 0.755760692
9788 0.7559209771
9789 0.7560812623
9790 0.7562415474
9791 0.7564018325
9792 0.7565621176
9793 0.7567224028
9794 0.7568826879
9795 0.757042973
9796 0.7572032582
9797 0.7573635433
9798 0.7575238284
9799 0.7576841136
9800 0.7578443987
9801 0.7580046838
9802 0.758164969
9803 0.7583252541
9804 0.7584855392
9805 0.7586458244
9806 0.7588061095
9807 0.7589663946
9808 0.7591266797
9809 0.7592869649
9810 0.75944725
9811 0.7596075351
9812 0.7597678203
9813 0.7599281054
9814 0.7600883905
9815 0.7602486757
9816 0.7604089608
9817 0.7605692459
9818 0.7607295311
9819 0.7608898162
9820 0.7610501013
9821 0.7612103865
9822 0.7613706716
9823 0.7615309567
9824 0.7616912418
9825 0.761851527
9826 0.7620118121
9827 0.7621720972
9828 0.7623323824
9829 0.7624926675
9830 0.7626529526
9831 0.7628132378
9832 0.7629735229
9833 0.763133808
9834 0.7632940932
9835 0.7634543783
9836 0.7636146634
9837 0.7637749485
9838 0.7639352337
9839 0.7640955188
9840 0.7642558039
9841 0.7644160891
9842 0.7645763742
9843 0.7647366593
9844 0.7648969445
9845 0.7650572296
9846 0.7652175147
9847 0.7653777999
9848 0.765538085
9849 0.7656983701
9850 0.7658586553
9851 0.7660189404
9852 0.7661792255
9853 0.7663395106
9854 0.7664997958
9855 0.7666600809
9856 0.766820366
9857 0.7669806512
9858 0.7671409363
9859 0.7673012214
9860 0.7674615066
9861 0.7676217917
9862 0.7677820768
9863 0.767942362
9864 0.7681026471
9865 0.7682629322
9866 0.7684232174
9867 0.7685835025
9868 0.7687437876
9869 0.7689040727
9870 0.7690643579
9871 0.769224643
9872 0.7693849281
9873 0.7695452133
9874 0.7697054984
9875 0.7698657835
9876 0.7700260687
9877 0.7701863538
9878 0.7703466389
9879 0.7705069241
9880 0.7706672092
9881 0.7708274943
9882 0.7709877794
9883 0.7711480646
9884 0.7713083497
9885 0.7714686348
9886 0.77162892
9887 0.7717892051
9888 0.7719494902
9889 0.7721097754
9890 0.7722700605
9891 0.7724303456
9892 0.7725906308
9893 0.7727509159
9894 0.772911201
9895 0.7730714862
9896 0.7732317713
9897 0.7733920564
9898 0.7735523415
9899 0.7737126267
9900 0.7738729118
9901 0.7740331969
9902 0.7741934821
9903 0.7743537672
9904 0.7745140523
9905 0.7746743375
9906 0.7748346226
9907 0.7749949077
9908 0.7751551929
9909 0.775315478
9910 0.7754757631
9911 0.7756360482
9912 0.7757963334
9913 0.7759566185
9914 0.7761169036
9915 0.7762771888
9916 0.7764374739
9917 0.776597759
9918 0.7767580442
9919 0.7769183293
9920 0.7770786144
9921 0.7772388996
9922 0.7773991847
9923 0.7775594698
9924 0.777719755
9925 0.7778800401
9926 0.7780403252
9927 0.7782006103
9928 0.7783608955
9929 0.7785211806
9930 0.7786814657
9931 0.7788417509
9932 0.779002036
9933 0.7791623211
9934 0.7793226063
9935 0.7794828914
9936 0.7796431765
9937 0.7798034617
9938 0.7799637468
9939 0.7801240319
9940 0.7802843171
9941 0.7804446022
9942 0.7806048873
9943 0.7807651724
9944 0.7809254576
9945 0.7810857427
9946 0.7812460278
9947 0.781406313
9948 0.7815665981
9949 0.7817268832
9950 0.7818871684
9951 0.7820474535
9952 0.7822077386
9953 0.7823680238
9954 0.7825283089
9955 0.782688594
9956 0.7828488791
9957 0.7830091643
9958 0.7831694494
9959 0.7833297345
9960 0.7834900197
9961 0.7836503048
9962 0.7838105899
9963 0.7839708751
9964 0.7841311602
9965 0.7842914453
9966 0.7844517305
9967 0.7846120156
9968 0.7847723007
9969 0.7849325859
9970 0.785092871
9971 0.7852531561
9972 0.7854134412
9973 0.7855737264
9974 0.7857340115
9975 0.7858942966
9976 0.7860545818
9977 0.7862148669
9978 0.786375152
9979 0.7865354372
9980 0.7866957223
9981 0.7868560074
9982 0.7870162926
9983 0.7871765777
9984 0.7873368628
9985 0.787497148
9986 0.7876574331
9987 0.7878177182
9988 0.7879780033
9989 0.7881382885
9990 0.7882985736
9991 0.7884588587
9992 0.7886191439
9993 0.788779429
9994 0.7889397141
9995 0.7890999993
9996 0.7892602844
9997 0.7894205695
9998 0.7895808547
9999 0.7897411398
10000 0.7899014249
10001 0.79006171
10002 0.7902219952
10003 0.7903822803
10004 0.7905425654
10005 0.7907028506
10006 0.7908631357
10007 0.7910234208
10008 0.791183706
10009 0.7913439911
10010 0.7915042762
10011 0.7916645614
10012 0.7918248465
10013 0.7919851316
10014 0.7921454168
10015 0.7923057019
10016 0.792465987
10017 0.7926262721
10018 0.7927865573
10019 0.7929468424
10020 0.7931071275
10021 0.7932674127
10022 0.7934276978
10023 0.7935879829
10024 0.7937482681
10025 0.7939085532
10026 0.7940688383
10027 0.7942291235
10028 0.7943894086
10029 0.7945496937
10030 0.7947099788
10031 0.794870264
10032 0.7950305491
10033 0.7951908342
10034 0.7953511194
10035 0.7955114045
10036 0.7956716896
10037 0.7958319748
10038 0.7959922599
10039 0.796152545
10040 0.7963128302
10041 0.7964731153
10042 0.7966334004
10043 0.7967936856
10044 0.7969539707
10045 0.7971142558
10046 0.7972745409
10047 0.7974348261
10048 0.7975951112
10049 0.7977553963
10050 0.7979156815
10051 0.7980759666
10052 0.7982362517
10053 0.7983965369
10054 0.798556822
10055 0.7987171071
10056 0.7988773923
10057 0.7990376774
10058 0.7991979625
10059 0.7993582477
10060 0.7995185328
10061 0.7996788179
10062 0.799839103
10063 0.7999993882
10064 0.8001596733
10065 0.8003199584
10066 0.8004802436
10067 0.8006405287
10068 0.8008008138
10069 0.800961099
10070 0.8011213841
10071 0.8012816692
10072 0.8014419544
10073 0.8016022395
10074 0.8017625246
10075 0.8019228097
10076 0.8020830949
10077 0.80224338
10078 0.8024036651
10079 0.8025639503
10080 0.8027242354
10081 0.8028845205
10082 0.8030448057
10083 0.8032050908
10084 0.8033653759
10085 0.8035256611
10086 0.8036859462
10087 0.8038462313
10088 0.8040065165
10089 0.8041668016
10090 0.8043270867
10091 0.8044873718
10092 0.804647657
10093 0.8048079421
10094 0.8049682272
10095 0.8051285124
10096 0.8052887975
10097 0.8054490826
10098 0.8056093678
10099 0.8057696529
10100 0.805929938
10101 0.8060902232
10102 0.8062505083
10103 0.8064107934
10104 0.8065710785
10105 0.8067313637
10106 0.8068916488
10107 0.8070519339
10108 0.8072122191
10109 0.8073725042
10110 0.8075327893
10111 0.8076930745
10112 0.8078533596
10113 0.8080136447
10114 0.8081739299
10115 0.808334215
10116 0.8084945001
10117 0.8086547853
10118 0.8088150704
10119 0.8089753555
10120 0.8091356406
10121 0.8092959258
10122 0.8094562109
10123 0.809616496
10124 0.8097767812
10125 0.8099370663
10126 0.8100973514
10127 0.8102576366
10128 0.8104179217
10129 0.8105782068
10130 0.810738492
10131 0.8108987771
10132 0.8110590622
10133 0.8112193474
10134 0.8113796325
10135 0.8115399176
10136 0.8117002027
10137 0.8118604879
10138 0.812020773
10139 0.8121810581
10140 0.8123413433
10141 0.8125016284
10142 0.8126619135
10143 0.8128221987
10144 0.8129824838
10145 0.8131427689
10146 0.8133030541
10147 0.8134633392
10148 0.8136236243
10149 0.8137839094
10150 0.8139441946
10151 0.8141044797
10152 0.8142647648
10153 0.81442505
10154 0.8145853351
10155 0.8147456202
10156 0.8149059054
10157 0.8150661905
10158 0.8152264756
10159 0.8153867608
10160 0.8155470459
10161 0.815707331
10162 0.8158676162
10163 0.8160279013
10164 0.8161881864
10165 0.8163484715
10166 0.8165087567
10167 0.8166690418
10168 0.8168293269
10169 0.8169896121
10170 0.8171498972
10171 0.8173101823
10172 0.8174704675
10173 0.8176307526
10174 0.8177910377
10175 0.8179513229
10176 0.818111608
10177 0.8182718931
10178 0.8184321783
10179 0.8185924634
10180 0.8187527485
10181 0.8189130336
10182 0.8190733188
10183 0.8192336039
10184 0.819393889
10185 0.8195541742
10186 0.8197144593
10187 0.8198747444
10188 0.8200350296
10189 0.8201953147
10190 0.8203555998
10191 0.820515885
10192 0.8206761701
10193 0.8208364552
10194 0.8209967403
10195 0.8211570255
10196 0.8213173106
10197 0.8214775957
10198 0.8216378809
10199 0.821798166
10200 0.8219584511
10201 0.8221187363
10202 0.8222790214
10203 0.8224393065
10204 0.8225995917
10205 0.8227598768
10206 0.8229201619
10207 0.8230804471
10208 0.8232407322
10209 0.8234010173
10210 0.8235613024
10211 0.8237215876
10212 0.8238818727
10213 0.8240421578
10214 0.824202443
10215 0.8243627281
10216 0.8245230132
10217 0.8246832984
10218 0.8248435835
10219 0.8250038686
10220 0.8251641538
10221 0.8253244389
10222 0.825484724
10223 0.8256450091
10224 0.8258052943
10225 0.8259655794
10226 0.8261258645
10227 0.8262861497
10228 0.8264464348
10229 0.8266067199
10230 0.8267670051
10231 0.8269272902
10232 0.8270875753
10233 0.8272478605
10234 0.8274081456
10235 0.8275684307
10236 0.8277287159
10237 0.827889001
10238 0.8280492861
10239 0.8282095712
10240 0.8283698564
10241 0.8285301415
10242 0.8286904266
10243 0.8288507118
10244 0.8290109969
10245 0.829171282
10246 0.8293315672
10247 0.8294918523
10248 0.8296521374
10249 0.8298124226
10250 0.8299727077
10251 0.8301329928
10252 0.830293278
10253 0.8304535631
10254 0.8306138482
10255 0.8307741333
10256 0.8309344185
10257 0.8310947036
10258 0.8312549887
10259 0.8314152739
10260 0.831575559
10261 0.8317358441
10262 0.8318961293
10263 0.8320564144
10264 0.8322166995
10265 0.8323769847
10266 0.8325372698
10267 0.8326975549
10268 0.83285784
10269 0.8330181252
10270 0.8331784103
10271 0.8333386954
10272 0.8334989806
10273 0.8336592657
10274 0.8338195508
10275 0.833979836
10276 0.8341401211
10277 0.8343004062
10278 0.8344606914
10279 0.8346209765
10280 0.8347812616
10281 0.8349415468
10282 0.8351018319
10283 0.835262117
10284 0.8354224021
10285 0.8355826873
10286 0.8357429724
10287 0.8359032575
10288 0.8360635427
10289 0.8362238278
10290 0.8363841129
10291 0.8365443981
10292 0.8367046832
10293 0.8368649683
10294 0.8370252535
10295 0.8371855386
10296 0.8373458237
10297 0.8375061089
10298 0.837666394
10299 0.8378266791
10300 0.8379869642
10301 0.8381472494
10302 0.8383075345
10303 0.8384678196
10304 0.8386281048
10305 0.8387883899
10306 0.838948675
10307 0.8391089602
10308 0.8392692453
10309 0.8394295304
10310 0.8395898156
10311 0.8397501007
10312 0.8399103858
10313 0.8400706709
10314 0.8402309561
10315 0.8403912412
10316 0.8405515263
10317 0.8407118115
10318 0.8408720966
10319 0.8410323817
10320 0.8411926669
10321 0.841352952
10322 0.8415132371
10323 0.8416735223
10324 0.8418338074
10325 0.8419940925
10326 0.8421543777
10327 0.8423146628
10328 0.8424749479
10329 0.842635233
10330 0.8427955182
10331 0.8429558033
10332 0.8431160884
10333 0.8432763736
10334 0.8434366587
10335 0.8435969438
10336 0.843757229
10337 0.8439175141
10338 0.8440777992
10339 0.8442380844
10340 0.8443983695
10341 0.8445586546
10342 0.8447189397
10343 0.8448792249
10344 0.84503951
10345 0.8451997951
10346 0.8453600803
10347 0.8455203654
10348 0.8456806505
10349 0.8458409357
10350 0.8460012208
10351 0.8461615059
10352 0.8463217911
10353 0.8464820762
10354 0.8466423613
10355 0.8468026465
10356 0.8469629316
10357 0.8471232167
10358 0.8472835018
10359 0.847443787
10360 0.8476040721
10361 0.8477643572
10362 0.8479246424
10363 0.8480849275
10364 0.8482452126
10365 0.8484054978
10366 0.8485657829
10367 0.848726068
10368 0.8488863532
10369 0.8490466383
10370 0.8492069234
10371 0.8493672086
10372 0.8495274937
10373 0.8496877788
10374 0.8498480639
10375 0.8500083491
10376 0.8501686342
10377 0.8503289193
10378 0.8504892045
10379 0.8506494896
10380 0.8508097747
10381 0.8509700599
10382 0.851130345
10383 0.8512906301
10384 0.8514509153
10385 0.8516112004
10386 0.8517714855
10387 0.8519317706
10388 0.8520920558
10389 0.8522523409
10390 0.852412626
10391 0.8525729112
10392 0.8527331963
10393 0.8528934814
10394 0.8530537666
10395 0.8532140517
10396 0.8533743368
10397 0.853534622
10398 0.8536949071
10399 0.8538551922
10400 0.8540154774
10401 0.8541757625
10402 0.8543360476
10403 0.8544963327
10404 0.8546566179
10405 0.854816903
10406 0.8549771881
10407 0.8551374733
10408 0.8552977584
10409 0.8554580435
10410 0.8556183287
10411 0.8557786138
10412 0.8559388989
10413 0.8560991841
10414 0.8562594692
10415 0.8564197543
10416 0.8565800395
10417 0.8567403246
10418 0.8569006097
10419 0.8570608948
10420 0.85722118
10421 0.8573814651
10422 0.8575417502
10423 0.8577020354
10424 0.8578623205
10425 0.8580226056
10426 0.8581828908
10427 0.8583431759
10428 0.858503461
10429 0.8586637462
10430 0.8588240313
10431 0.8589843164
10432 0.8591446015
10433 0.8593048867
10434 0.8594651718
10435 0.8596254569
10436 0.8597857421
10437 0.8599460272
10438 0.8601063123
10439 0.8602665975
10440 0.8604268826
10441 0.8605871677
10442 0.8607474529
10443 0.860907738
10444 0.8610680231
10445 0.8612283083
10446 0.8613885934
10447 0.8615488785
10448 0.8617091636
10449 0.8618694488
10450 0.8620297339
10451 0.862190019
10452 0.8623503042
10453 0.8625105893
10454 0.8626708744
10455 0.8628311596
10456 0.8629914447
10457 0.8631517298
10458 0.863312015
10459 0.8634723001
10460 0.8636325852
10461 0.8637928703
10462 0.8639531555
10463 0.8641134406
10464 0.8642737257
10465 0.8644340109
10466 0.864594296
10467 0.8647545811
10468 0.8649148663
10469 0.8650751514
10470 0.8652354365
10471 0.8653957217
10472 0.8655560068
10473 0.8657162919
10474 0.8658765771
10475 0.8660368622
10476 0.8661971473
10477 0.8663574324
10478 0.8665177176
10479 0.8666780027
10480 0.8668382878
10481 0.866998573
10482 0.8671588581
10483 0.8673191432
10484 0.8674794284
10485 0.8676397135
10486 0.8677999986
10487 0.8679602838
10488 0.8681205689
10489 0.868280854
10490 0.8684411392
10491 0.8686014243
10492 0.8687617094
10493 0.8689219945
10494 0.8690822797
10495 0.8692425648
10496 0.8694028499
10497 0.8695631351
10498 0.8697234202
10499 0.8698837053
10500 0.8700439905
10501 0.8702042756
10502 0.8703645607
10503 0.8705248459
10504 0.870685131
10505 0.8708454161
10506 0.8710057012
10507 0.8711659864
10508 0.8713262715
10509 0.8714865566
10510 0.8716468418
10511 0.8718071269
10512 0.871967412
10513 0.8721276972
10514 0.8722879823
10515 0.8724482674
10516 0.8726085526
10517 0.8727688377
10518 0.8729291228
10519 0.873089408
10520 0.8732496931
10521 0.8734099782
10522 0.8735702633
10523 0.8737305485
10524 0.8738908336
10525 0.8740511187
10526 0.8742114039
10527 0.874371689
10528 0.8745319741
10529 0.8746922593
10530 0.8748525444
10531 0.8750128295
10532 0.8751731147
10533 0.8753333998
10534 0.8754936849
10535 0.8756539701
10536 0.8758142552
10537 0.8759745403
10538 0.8761348254
10539 0.8762951106
10540 0.8764553957
10541 0.8766156808
10542 0.876775966
10543 0.8769362511
10544 0.8770965362
10545 0.8772568214
10546 0.8774171065
10547 0.8775773916
10548 0.8777376768
10549 0.8778979619
10550 0.878058247
10551 0.8782185321
10552 0.8783788173
10553 0.8785391024
10554 0.8786993875
10555 0.8788596727
10556 0.8790199578
10557 0.8791802429
10558 0.8793405281
10559 0.8795008132
10560 0.8796610983
10561 0.8798213835
10562 0.8799816686
10563 0.8801419537
10564 0.8803022389
10565 0.880462524
10566 0.8806228091
10567 0.8807830942
10568 0.8809433794
10569 0.8811036645
10570 0.8812639496
10571 0.8814242348
10572 0.8815845199
10573 0.881744805
10574 0.8819050902
10575 0.8820653753
10576 0.8822256604
10577 0.8823859456
10578 0.8825462307
10579 0.8827065158
10580 0.8828668009
10581 0.8830270861
10582 0.8831873712
10583 0.8833476563
10584 0.8835079415
10585 0.8836682266
10586 0.8838285117
10587 0.8839887969
10588 0.884149082
10589 0.8843093671
10590 0.8844696523
10591 0.8846299374
10592 0.8847902225
10593 0.8849505077
10594 0.8851107928
10595 0.8852710779
10596 0.885431363
10597 0.8855916482
10598 0.8857519333
10599 0.8859122184
10600 0.8860725036
10601 0.8862327887
10602 0.8863930738
10603 0.886553359
10604 0.8867136441
10605 0.8868739292
10606 0.8870342144
10607 0.8871944995
10608 0.8873547846
10609 0.8875150698
10610 0.8876753549
10611 0.88783564
10612 0.8879959251
10613 0.8881562103
10614 0.8883164954
10615 0.8884767805
10616 0.8886370657
10617 0.8887973508
10618 0.8889576359
10619 0.8891179211
10620 0.8892782062
10621 0.8894384913
10622 0.8895987765
10623 0.8897590616
10624 0.8899193467
10625 0.8900796318
10626 0.890239917
10627 0.8904002021
10628 0.8905604872
10629 0.8907207724
10630 0.8908810575
10631 0.8910413426
10632 0.8912016278
10633 0.8913619129
10634 0.891522198
10635 0.8916824832
10636 0.8918427683
10637 0.8920030534
10638 0.8921633386
10639 0.8923236237
10640 0.8924839088
10641 0.8926441939
10642 0.8928044791
10643 0.8929647642
10644 0.8931250493
10645 0.8932853345
10646 0.8934456196
10647 0.8936059047
10648 0.8937661899
10649 0.893926475
10650 0.8940867601
10651 0.8942470453
10652 0.8944073304
10653 0.8945676155
10654 0.8947279007
10655 0.8948881858
10656 0.8950484709
10657 0.895208756
10658 0.8953690412
10659 0.8955293263
10660 0.8956896114
10661 0.8958498966
10662 0.8960101817
10663 0.8961704668
10664 0.896330752
10665 0.8964910371
10666 0.8966513222
10667 0.8968116074
10668 0.8969718925
10669 0.8971321776
10670 0.8972924627
10671 0.8974527479
10672 0.897613033
10673 0.8977733181
10674 0.8979336033
10675 0.8980938884
10676 0.8982541735
10677 0.8984144587
10678 0.8985747438
10679 0.8987350289
10680 0.8988953141
10681 0.8990555992
10682 0.8992158843
10683 0.8993761695
10684 0.8995364546
10685 0.8996967397
10686 0.8998570248
10687 0.90001731
10688 0.9001775951
10689 0.9003378802
10690 0.9004981654
10691 0.9006584505
10692 0.9008187356
10693 0.9009790208
10694 0.9011393059
10695 0.901299591
10696 0.9014598762
10697 0.9016201613
10698 0.9017804464
10699 0.9019407315
10700 0.9021010167
10701 0.9022613018
10702 0.9024215869
10703 0.9025818721
10704 0.9027421572
10705 0.9029024423
10706 0.9030627275
10707 0.9032230126
10708 0.9033832977
10709 0.9035435829
10710 0.903703868
10711 0.9038641531
10712 0.9040244383
10713 0.9041847234
10714 0.9043450085
10715 0.9045052936
10716 0.9046655788
10717 0.9048258639
10718 0.904986149
10719 0.9051464342
10720 0.9053067193
10721 0.9054670044
10722 0.9056272896
10723 0.9057875747
10724 0.9059478598
10725 0.906108145
10726 0.9062684301
10727 0.9064287152
10728 0.9065890004
10729 0.9067492855
10730 0.9069095706
10731 0.9070698557
10732 0.9072301409
10733 0.907390426
10734 0.9075507111
10735 0.9077109963
10736 0.9078712814
10737 0.9080315665
10738 0.9081918517
10739 0.9083521368
10740 0.9085124219
10741 0.9086727071
10742 0.9088329922
10743 0.9089932773
10744 0.9091535624
10745 0.9093138476
10746 0.9094741327
10747 0.9096344178
10748 0.909794703
10749 0.9099549881
10750 0.9101152732
10751 0.9102755584
10752 0.9104358435
10753 0.9105961286
10754 0.9107564138
10755 0.9109166989
10756 0.911076984
10757 0.9112372692
10758 0.9113975543
10759 0.9115578394
10760 0.9117181245
10761 0.9118784097
10762 0.9120386948
10763 0.9121989799
10764 0.9123592651
10765 0.9125195502
10766 0.9126798353
10767 0.9128401205
10768 0.9130004056
10769 0.9131606907
10770 0.9133209759
10771 0.913481261
10772 0.9136415461
10773 0.9138018313
10774 0.9139621164
10775 0.9141224015
10776 0.9142826866
10777 0.9144429718
10778 0.9146032569
10779 0.914763542
10780 0.9149238272
10781 0.9150841123
10782 0.9152443974
10783 0.9154046826
10784 0.9155649677
10785 0.9157252528
10786 0.915885538
10787 0.9160458231
10788 0.9162061082
10789 0.9163663933
10790 0.9165266785
10791 0.9166869636
10792 0.9168472487
10793 0.9170075339
10794 0.917167819
10795 0.9173281041
10796 0.9174883893
10797 0.9176486744
10798 0.9178089595
10799 0.9179692447
10800 0.9181295298
10801 0.9182898149
10802 0.9184501001
10803 0.9186103852
10804 0.9187706703
10805 0.9189309554
10806 0.9190912406
10807 0.9192515257
10808 0.9194118108
10809 0.919572096
10810 0.9197323811
10811 0.9198926662
10812 0.9200529514
10813 0.9202132365
10814 0.9203735216
10815 0.9205338068
10816 0.9206940919
10817 0.920854377
10818 0.9210146621
10819 0.9211749473
10820 0.9213352324
10821 0.9214955175
10822 0.9216558027
10823 0.9218160878
10824 0.9219763729
10825 0.9221366581
10826 0.9222969432
10827 0.9224572283
10828 0.9226175135
10829 0.9227777986
10830 0.9229380837
10831 0.9230983689
10832 0.923258654
10833 0.9234189391
10834 0.9235792242
10835 0.9237395094
10836 0.9238997945
10837 0.9240600796
10838 0.9242203648
10839 0.9243806499
10840 0.924540935
10841 0.9247012202
10842 0.9248615053
10843 0.9250217904
10844 0.9251820756
10845 0.9253423607
10846 0.9255026458
10847 0.925662931
10848 0.9258232161
10849 0.9259835012
10850 0.9261437863
10851 0.9263040715
10852 0.9264643566
10853 0.9266246417
10854 0.9267849269
10855 0.926945212
10856 0.9271054971
10857 0.9272657823
10858 0.9274260674
10859 0.9275863525
10860 0.9277466377
10861 0.9279069228
10862 0.9280672079
10863 0.928227493
10864 0.9283877782
10865 0.9285480633
10866 0.9287083484
10867 0.9288686336
10868 0.9290289187
10869 0.9291892038
10870 0.929349489
10871 0.9295097741
10872 0.9296700592
10873 0.9298303444
10874 0.9299906295
10875 0.9301509146
10876 0.9303111998
10877 0.9304714849
10878 0.93063177
10879 0.9307920551
10880 0.9309523403
10881 0.9311126254
10882 0.9312729105
10883 0.9314331957
10884 0.9315934808
10885 0.9317537659
10886 0.9319140511
10887 0.9320743362
10888 0.9322346213
10889 0.9323949065
10890 0.9325551916
10891 0.9327154767
10892 0.9328757618
10893 0.933036047
10894 0.9331963321
10895 0.9333566172
10896 0.9335169024
10897 0.9336771875
10898 0.9338374726
10899 0.9339977578
10900 0.9341580429
10901 0.934318328
10902 0.9344786132
10903 0.9346388983
10904 0.9347991834
10905 0.9349594686
10906 0.9351197537
10907 0.9352800388
10908 0.9354403239
10909 0.9356006091
10910 0.9357608942
10911 0.9359211793
10912 0.9360814645
10913 0.9362417496
10914 0.9364020347
10915 0.9365623199
10916 0.936722605
10917 0.9368828901
10918 0.9370431753
10919 0.9372034604
10920 0.9373637455
10921 0.9375240307
10922 0.9376843158
10923 0.9378446009
10924 0.938004886
10925 0.9381651712
10926 0.9383254563
10927 0.9384857414
10928 0.9386460266
10929 0.9388063117
10930 0.9389665968
10931 0.939126882
10932 0.9392871671
10933 0.9394474522
10934 0.9396077374
10935 0.9397680225
10936 0.9399283076
10937 0.9400885927
10938 0.9402488779
10939 0.940409163
10940 0.9405694481
10941 0.9407297333
10942 0.9408900184
10943 0.9410503035
10944 0.9412105887
10945 0.9413708738
10946 0.9415311589
10947 0.9416914441
10948 0.9418517292
10949 0.9420120143
10950 0.9421722995
10951 0.9423325846
10952 0.9424928697
10953 0.9426531548
10954 0.94281344
10955 0.9429737251
10956 0.9431340102
10957 0.9432942954
10958 0.9434545805
10959 0.9436148656
10960 0.9437751508
10961 0.9439354359
10962 0.944095721
