1 0.1100731036
2 0.1101553099
3 0.1101768649
4 0.1101832516
5 0.1101835672
6 0.110180844
7 0.1101763813
8 0.1106577039
9 0.11103019
10 0.1113264882
11 0.1115673752
12 0.1117667022
13 0.1119528327
14 0.1118174784
15 0.1117014942
16 0.1116012487
17 0.1115139645
18 0.1114374815
19 0.1113700946
20 0.1113104393
21 0.1112574115
22 0.1112101074
23 0.1111677806
24 0.1111298091
25 0.1110956704
26 0.1110649223
27 0.1110415807
28 0.1110209321
29 0.1110026982
30 0.1109866379
31 0.1109725409
32 0.1109602236
33 0.1109495244
34 0.111251154
35 0.1115364307
36 0.1118067177
37 0.1120632305
38 0.1123070566
39 0.1125391725
40 0.1127604564
41 0.1129717013
42 0.1131736246
43 0.1133668766
44 0.113552049
45 0.1137296804
46 0.113900263
47 0.1140642469
48 0.1142220447
49 0.1143740353
50 0.1145205673
51 0.1146619621
52 0.1147985162
53 0.1149305039
54 0.1150581789
55 0.1151817766
56 0.1153015157
57 0.1154175995
58 0.1155302171
59 0.1156395451
60 0.1157457479
61 0.1158489794
62 0.115997705
63 0.1161422136
64 0.1162827032
65 0.1164193596
66 0.1165523568
67 0.116681859
68 0.1168080205
69 0.1169309868
70 0.1170508948
71 0.1171678741
72 0.1172820466
73 0.117393528
74 0.1175024274
75 0.1176088482
76 0.1177128886
77 0.1178146412
78 0.1179141942
79 0.1180116314
80 0.118107032
81 0.1182004718
82 0.1182920226
83 0.1183817527
84 0.1184697273
85 0.1185560085
86 0.1186406554
87 0.1187237246
88 0.1188052701
89 0.118885343
90 0.1189639928
91 0.1190412664
92 0.1191172088
93 0.1191918631
94 0.1192652705
95 0.1193374705
96 0.1194564384
97 0.1195732944
98 0.1196881031
99 0.1198009268
100 0.1199118249
101 0.120020855
102 0.1201280719
103 0.1202335286
104 0.1203396119
105 0.1204440359
106 0.1205468478
107 0.1206480929
108 0.1207478149
109 0.1208460558
110 0.1209428562
111 0.121038255
112 0.12113229
113 0.1212249975
114 0.1213164126
115 0.1214065691
116 0.1214954996
117 0.1215832357
118 0.121669808
119 0.1217552458
120 0.1218395777
121 0.1219228311
122 0.1220050327
123 0.1220862083
124 0.1221663828
125 0.1222455804
126 0.1223238244
127 0.1224011374
128 0.1224775415
129 0.1225530578
130 0.1226277069
131 0.1227015088
132 0.1227744829
133 0.1228466479
134 0.122918022
135 0.122988623
136 0.123058468
137 0.1231275736
138 0.1231959561
139 0.1232636311
140 0.1233306139
141 0.1233969193
142 0.1234625617
143 0.1235275552
144 0.1235919133
145 0.1236556493
146 0.1237187761
147 0.1237813062
148 0.1238432518
149 0.1239046248
150 0.1239654366
151 0.1240256986
152 0.1240854217
153 0.1241446165
154 0.1242032935
155 0.1242614627
156 0.124319134
157 0.124376317
158 0.1244330211
159 0.1244892553
160 0.1245450286
161 0.1246003497
162 0.124655227
163 0.1247096688
164 0.1247636831
165 0.1248172778
166 0.1248704606
167 0.1249232389
168 0.1249756201
169 0.1250276112
170 0.1250792192
171 0.125130451
172 0.1251813131
173 0.1252318122
174 0.1252819544
175 0.1253317461
176 0.1253811933
177 0.1254303018
178 0.1254790775
179 0.1255275261
180 0.125575653
181 0.1256234636
182 0.1256709634
183 0.1257181574
184 0.1257650506
185 0.1258116481
186 0.1258584667
187 0.1259049936
188 0.1259512338
189 0.1259971918
190 0.1260428722
191 0.1260882793
192 0.1261334176
193 0.1261782913
194 0.1262229045
195 0.1262684827
196 0.1263138091
197 0.1263588877
198 0.1264037221
199 0.1264483164
200 0.126492674
201 0.1265367987
202 0.126580694
203 0.1266243632
204 0.1266678098
205 0.1267110373
206 0.1267540488
207 0.1267968475
208 0.1268394366
209 0.1268818191
210 0.1269239982
211 0.1269659766
212 0.1270077575
213 0.1270493436
214 0.1270907378
215 0.1271319427
216 0.1271729612
217 0.1272137957
218 0.127254449
219 0.1272949236
220 0.127335222
221 0.1273753467
222 0.1274153001
223 0.1274550845
224 0.1274947023
225 0.1275341558
226 0.1275734473
227 0.127612579
228 0.1276515529
229 0.1276903712
230 0.1277290362
231 0.1277675498
232 0.1278059141
233 0.1278441309
234 0.1278822024
235 0.1279201304
236 0.1279579167
237 0.1279955634
238 0.1280330721
239 0.1280704448
240 0.1281076831
241 0.1281447888
242 0.1281817635
243 0.1282186091
244 0.1282553271
245 0.1282919193
246 0.128328387
247 0.1283647321
248 0.1284009558
249 0.1284370599
250 0.1284730458
251 0.1285089151
252 0.128544669
253 0.1285803092
254 0.1286158369
255 0.1286512535
256 0.1286865605
257 0.1287217592
258 0.1287568508
259 0.1287918368
260 0.1288267183
261 0.1288614966
262 0.128896173
263 0.1289307488
264 0.128965225
265 0.1289996029
266 0.1290338837
267 0.1290680684
268 0.1291021583
269 0.1291361544
270 0.129170058
271 0.1292038699
272 0.1292375914
273 0.1292712234
274 0.129304767
275 0.1293382232
276 0.1293715931
277 0.1294067372
278 0.1294417838
279 0.1294767342
280 0.1295115894
281 0.1295463505
282 0.1295810186
283 0.1296155947
284 0.1296500798
285 0.1296844749
286 0.1297180975
287 0.1297516319
288 0.1297850789
289 0.1298184397
290 0.1298517149
291 0.1298849056
292 0.1299180128
293 0.1299510374
294 0.12998398
295 0.1300168419
296 0.1300496236
297 0.1300823263
298 0.1301149507
299 0.1301474974
300 0.1301799677
301 0.1302123619
302 0.1302446813
303 0.1302769263
304 0.1303090978
305 0.1303411968
306 0.1303732237
307 0.1304051794
308 0.1304370648
309 0.1304688803
310 0.130500627
311 0.1305323054
312 0.1305639161
313 0.13059546
314 0.1306269378
315 0.1306583499
316 0.1306896974
317 0.1307209805
318 0.1307522002
319 0.130783357
320 0.1308144515
321 0.1308454844
322 0.1308764563
323 0.1309073679
324 0.1309382197
325 0.1309690122
326 0.1309997462
327 0.1310304222
328 0.1310610407
329 0.1310916024
330 0.1311221078
331 0.1311525574
332 0.1311829519
333 0.1312132916
334 0.1312435774
335 0.1312738095
336 0.1313039884
337 0.1313341149
338 0.1313641893
339 0.1313942122
340 0.1314241841
341 0.1314541053
342 0.1314839766
343 0.1315137983
344 0.1315435709
345 0.1315732949
346 0.1316029706
347 0.1316325987
348 0.1316621796
349 0.1316917136
350 0.1317212013
351 0.131750643
352 0.1317800393
353 0.1318093905
354 0.131838697
355 0.1318679595
356 0.1318971781
357 0.1319263532
358 0.1319554854
359 0.131984575
360 0.1320136224
361 0.1320426281
362 0.1320715923
363 0.1321005155
364 0.132129398
365 0.1321582404
366 0.1321870428
367 0.1322158056
368 0.1322445294
369 0.1322797682
370 0.1323149345
371 0.1323500291
372 0.1323850525
373 0.1324200055
374 0.1324548886
375 0.1324897022
376 0.1325244472
377 0.1325567375
378 0.1325889591
379 0.1326211125
380 0.1326531984
381 0.1326852173
382 0.1327171696
383 0.1327490562
384 0.1327808774
385 0.1328126338
386 0.1328443259
387 0.1328759543
388 0.1329075195
389 0.132939022
390 0.1329704622
391 0.1330018409
392 0.1330331583
393 0.133064415
394 0.1330956115
395 0.1331267484
396 0.133157826
397 0.1331888449
398 0.1332198056
399 0.1332507084
400 0.1332815539
401 0.1333123425
402 0.1333430747
403 0.1333737509
404 0.1334043716
405 0.1334349372
406 0.1334654481
407 0.1334959048
408 0.1335263077
409 0.1335566573
410 0.1335869539
411 0.133617198
412 0.1336473899
413 0.1336775302
414 0.1337076191
415 0.1337376571
416 0.1337676446
417 0.133797582
418 0.1338274695
419 0.1338573078
420 0.1338870971
421 0.1339168378
422 0.1339465303
423 0.1339761749
424 0.134005772
425 0.1340353221
426 0.1340648253
427 0.1340942822
428 0.134123693
429 0.1341530581
430 0.1341823777
431 0.1342116525
432 0.1342408825
433 0.1342700683
434 0.13429921
435 0.134328308
436 0.1343573627
437 0.1343863744
438 0.1344153434
439 0.13444427
440 0.1344731546
441 0.1345019974
442 0.1345307986
443 0.1345595588
444 0.1345882782
445 0.1346169571
446 0.1346455957
447 0.1346741944
448 0.1347027535
449 0.1347312732
450 0.1347597539
451 0.1347881958
452 0.1348165992
453 0.1348449644
454 0.1348732916
455 0.1349015813
456 0.1349298335
457 0.1349580487
458 0.134986227
459 0.1350143687
460 0.1350424742
461 0.1350705436
462 0.1350985772
463 0.1351265753
464 0.1351545381
465 0.1351824659
466 0.1352103588
467 0.1352382173
468 0.1352636656
469 0.1352890788
470 0.1353144569
471 0.1353398005
472 0.1353651096
473 0.1353903845
474 0.1354156256
475 0.1354408328
476 0.1354660066
477 0.1354911471
478 0.1355162545
479 0.1355413292
480 0.1355663712
481 0.135591381
482 0.1356163586
483 0.1356413041
484 0.1356662181
485 0.1356911005
486 0.1357159515
487 0.1357407716
488 0.1357655607
489 0.1357903192
490 0.1358150473
491 0.135839745
492 0.1358644128
493 0.1358890507
494 0.1359136588
495 0.1359382376
496 0.1359627871
497 0.1359873075
498 0.1360117991
499 0.1360362619
500 0.1360606963
501 0.1360851024
502 0.1361094802
503 0.1361338302
504 0.1361581524
505 0.1361824471
506 0.1362067144
507 0.1362309544
508 0.1362551674
509 0.1362793536
510 0.136303513
511 0.136327646
512 0.1363517525
513 0.1363758329
514 0.1363998874
515 0.1364239159
516 0.1364479189
517 0.1364718964
518 0.1364958484
519 0.1365197753
520 0.1365436772
521 0.1365675542
522 0.1365914066
523 0.1366152344
524 0.1366390378
525 0.1366628171
526 0.1366865722
527 0.1367103034
528 0.1367340108
529 0.1367576947
530 0.1367813551
531 0.1368049921
532 0.1368286061
533 0.136852197
534 0.1368757649
535 0.1368993103
536 0.1369228329
537 0.1369463332
538 0.1369698111
539 0.1369932668
540 0.1370167006
541 0.1370401125
542 0.1370635025
543 0.1370868711
544 0.137110218
545 0.1371335437
546 0.1371568482
547 0.1371801315
548 0.1372033939
549 0.1372266355
550 0.1372498563
551 0.1372531424
552 0.1372564285
553 0.1372597146
554 0.1372630007
555 0.1372662869
556 0.137269573
557 0.1372728591
558 0.1372761452
559 0.1372794313
560 0.1372827174
561 0.1372860035
562 0.1372892896
563 0.1372925757
564 0.1372958618
565 0.1372991479
566 0.137302434
567 0.1373057201
568 0.1373090062
569 0.1373122923
570 0.1373155784
571 0.1373188645
572 0.1373221506
573 0.1373254367
574 0.1373287228
575 0.1373320089
576 0.137335295
577 0.1373385811
578 0.1373418672
579 0.1373451533
580 0.1373484394
581 0.1373517255
582 0.1373550116
583 0.1373582977
584 0.1373615838
585 0.1373648699
586 0.137368156
587 0.1373714421
588 0.1373747282
589 0.1373780143
590 0.1373813004
591 0.1373845865
592 0.1373878726
593 0.1373911587
594 0.1373944448
595 0.1373977309
596 0.137401017
597 0.1374043031
598 0.1374075892
599 0.1374108753
600 0.1374141614
601 0.1374174475
602 0.1374207336
603 0.1374240197
604 0.1374273058
605 0.1374305919
606 0.137433878
607 0.1374371641
608 0.1374404502
609 0.1374437363
610 0.1374470224
611 0.1374503085
612 0.1374535946
613 0.1374568807
614 0.1374601668
615 0.1374634529
616 0.137466739
617 0.1374700251
618 0.1374733112
619 0.1374765973
620 0.1374798834
621 0.1374831695
622 0.1374864556
623 0.1374897417
624 0.1374930278
625 0.1374963139
626 0.1374996
627 0.1375028861
628 0.1375061722
629 0.1375094583
630 0.1375127444
631 0.1375160305
632 0.1375193166
633 0.1375226027
634 0.1375258888
635 0.1375291749
636 0.137532461
637 0.1375357471
638 0.1375390332
639 0.1375423193
640 0.1375456054
641 0.1375488915
642 0.1375521776
643 0.1375554637
644 0.1375587498
645 0.1375620359
646 0.137565322
647 0.1375686081
648 0.1375718942
649 0.1375751803
650 0.1375784664
651 0.1375817525
652 0.1375850386
653 0.1375883247
654 0.1375916108
655 0.1375948969
656 0.137598183
657 0.1376014691
658 0.1376047552
659 0.1376080414
660 0.1376113275
661 0.1376146136
662 0.1376178997
663 0.1376211858
664 0.1376244719
665 0.137627758
666 0.1376310441
667 0.1376343302
668 0.1376376163
669 0.1376409024
670 0.1376441885
671 0.1376474746
672 0.1376507607
673 0.1376540468
674 0.1376573329
675 0.137660619
676 0.1376639051
677 0.1376671912
678 0.1376704773
679 0.1376737634
680 0.1376770495
681 0.1376803356
682 0.1376836217
683 0.1376869078
684 0.1376901939
685 0.13769348
686 0.1376967661
687 0.1377000522
688 0.1377033383
689 0.1377066244
690 0.1377099105
691 0.1377131966
692 0.1377164827
693 0.1377197688
694 0.1377230549
695 0.137726341
696 0.1377296271
697 0.1377329132
698 0.1377361993
699 0.1377394854
700 0.1377427715
701 0.1377460576
702 0.1377493437
703 0.1377526298
704 0.1377559159
705 0.137759202
706 0.1377624881
707 0.1377657742
708 0.1377690603
709 0.1377723464
710 0.1377756325
711 0.1377789186
712 0.1377822047
713 0.1377854908
714 0.1377887769
715 0.137792063
716 0.1377953491
717 0.1377986352
718 0.1378019213
719 0.1378052074
720 0.1378084935
721 0.1378117796
722 0.1378150657
723 0.1378183518
724 0.1378216379
725 0.137824924
726 0.1378282101
727 0.1378314962
728 0.1378347823
729 0.1378380684
730 0.1378413545
731 0.1378446406
732 0.1378479267
733 0.1378512128
734 0.1378544989
735 0.137857785
736 0.1378610711
737 0.1378643572
738 0.1378676433
739 0.1378780123
740 0.1378883813
741 0.1378987502
742 0.1379091192
743 0.1379194882
744 0.1379298571
745 0.1379402261
746 0.1379505951
747 0.137960964
748 0.137971333
749 0.137981702
750 0.1379920709
751 0.1380024399
752 0.1380128089
753 0.1380231778
754 0.1380335468
755 0.1380439158
756 0.1380542848
757 0.1380646537
758 0.1380750227
759 0.1380853917
760 0.1380957606
761 0.1381061296
762 0.1381164986
763 0.1381268675
764 0.1381372365
765 0.1381476055
766 0.1381579744
767 0.1381683434
768 0.1381787124
769 0.1381890813
770 0.1381994503
771 0.1382098193
772 0.1382201882
773 0.1382305572
774 0.1382409262
775 0.1382512951
776 0.1382616641
777 0.1382720331
778 0.138282402
779 0.138292771
780 0.13830314
781 0.138313509
782 0.1383238779
783 0.1383342469
784 0.1383446159
785 0.1383549848
786 0.1383653538
787 0.1383757228
788 0.1383860917
789 0.1383964607
790 0.1384068297
791 0.1384171986
792 0.1384275676
793 0.1384379366
794 0.1384483055
795 0.1384586745
796 0.1384690435
797 0.1384794124
798 0.1384897814
799 0.1385001504
800 0.1385105193
801 0.1385208883
802 0.1385312573
803 0.1385416263
804 0.1385519952
805 0.1385623642
806 0.1385727332
807 0.1385831021
808 0.1385934711
809 0.1386038401
810 0.138614209
811 0.138624578
812 0.138634947
813 0.1386453159
814 0.1386556849
815 0.1386660539
816 0.1386764228
817 0.1386867918
818 0.1386971608
819 0.1387075297
820 0.1387178987
821 0.1387282677
822 0.1387386366
823 0.1387490056
824 0.1387593746
825 0.1387697435
826 0.1387801125
827 0.1387904815
828 0.1388008505
829 0.1388112194
830 0.1388215884
831 0.1388319574
832 0.1388423263
833 0.1388526953
834 0.1388630643
835 0.1388734332
836 0.1388838022
837 0.1388941712
838 0.1389045401
839 0.1389149091
840 0.1389252781
841 0.138935647
842 0.138946016
843 0.138956385
844 0.1389667539
845 0.1389771229
846 0.1389874919
847 0.1389978608
848 0.1390082298
849 0.1390185988
850 0.1390289678
851 0.1390393367
852 0.1390497057
853 0.1390600747
854 0.1390704436
855 0.1390808126
856 0.1390911816
857 0.1391015505
858 0.1391119195
859 0.1391222885
860 0.1391326574
861 0.1391430264
862 0.1391533954
863 0.1391637643
864 0.1391741333
865 0.1391845023
866 0.1391948712
867 0.1392052402
868 0.1392156092
869 0.1392259781
870 0.1392363471
871 0.1392467161
872 0.139257085
873 0.139267454
874 0.139277823
875 0.139288192
876 0.1392985609
877 0.1393089299
878 0.1393192989
879 0.1393296678
880 0.1393400368
881 0.1393504058
882 0.1393607747
883 0.1393711437
884 0.1393815127
885 0.1393918816
886 0.1394022506
887 0.1394126196
888 0.1394229885
889 0.1394333575
890 0.1394437265
891 0.1394540954
892 0.1394644644
893 0.1394748334
894 0.1394852023
895 0.1394955713
896 0.1395059403
897 0.1395163093
898 0.1395266782
899 0.1395370472
900 0.1395474162
901 0.1395577851
902 0.1395681541
903 0.1395785231
904 0.139588892
905 0.139599261
906 0.13960963
907 0.1396199989
908 0.1396303679
909 0.1396407369
910 0.1396511058
911 0.1396614748
912 0.1396718438
913 0.1396822127
914 0.1396925817
915 0.1397029507
916 0.1397133196
917 0.1397236886
918 0.1397340576
919 0.1397444265
920 0.1397547955
921 0.1397651645
922 0.1397755335
923 0.1397859024
924 0.1397962714
925 0.1398066404
926 0.1398170093
927 0.1398273783
928 0.1398377473
929 0.1398481162
930 0.1398584852
931 0.1398688542
932 0.1398792231
933 0.1398895921
934 0.1398999611
935 0.13991033
936 0.139920699
937 0.139931068
938 0.1399414369
939 0.1399518059
940 0.1399621749
941 0.1399725438
942 0.1399829128
943 0.1399932818
944 0.1400036508
945 0.1400140197
946 0.1400243887
947 0.1400347577
948 0.1400451266
949 0.1400554956
950 0.1400658646
951 0.1400762335
952 0.1400866025
953 0.1400969715
954 0.1401073404
955 0.1401177094
956 0.1401280784
957 0.1401384473
958 0.1401488163
959 0.1401591853
960 0.1401695542
961 0.1401799232
962 0.1401902922
963 0.1402006611
964 0.1402110301
965 0.1402213991
966 0.140231768
967 0.140242137
968 0.140252506
969 0.140262875
970 0.1402732439
971 0.1402836129
972 0.1402939819
973 0.1403043508
974 0.1403147198
975 0.1403250888
976 0.1403354577
977 0.1403458267
978 0.1403561957
979 0.1403665646
980 0.1403769336
981 0.1403873026
982 0.1403976715
983 0.1404080405
984 0.1404184095
985 0.1404287784
986 0.1404391474
987 0.1404495164
988 0.1404598853
989 0.1404702543
990 0.1404806233
991 0.1404909922
992 0.1405013612
993 0.1405117302
994 0.1405220992
995 0.1405324681
996 0.1405428371
997 0.1405532061
998 0.140563575
999 0.140573944
1000 0.140584313
1001 0.1405946819
1002 0.1406050509
1003 0.1406154199
1004 0.1406257888
1005 0.1406361578
1006 0.1406465268
1007 0.1406568957
1008 0.1406672647
1009 0.1406776337
1010 0.1406880026
1011 0.1406983716
1012 0.1407087406
1013 0.1407191095
1014 0.1407294785
1015 0.1407398475
1016 0.1407502165
1017 0.1407605854
1018 0.1407709544
1019 0.1407813234
1020 0.1407916923
1021 0.1408020613
1022 0.1408124303
1023 0.1408227992
1024 0.1408331682
1025 0.1408435372
1026 0.1408539061
1027 0.1408642751
1028 0.1408746441
1029 0.140885013
1030 0.140895382
1031 0.140905751
1032 0.1409161199
1033 0.1409264889
1034 0.1409368579
1035 0.1409472268
1036 0.1409575958
1037 0.1409679648
1038 0.1409783337
1039 0.1409887027
1040 0.1409990717
1041 0.1410094407
1042 0.1410198096
1043 0.1410301786
1044 0.1410405476
1045 0.1410509165
1046 0.1410612855
1047 0.1410716545
1048 0.1410820234
1049 0.1410923924
1050 0.1411027614
1051 0.1411131303
1052 0.1411234993
1053 0.1411338683
1054 0.1411442372
1055 0.1411546062
1056 0.1411649752
1057 0.1411753441
1058 0.1411857131
1059 0.1411960821
1060 0.141206451
1061 0.14121682
1062 0.141227189
1063 0.141237558
1064 0.1412479269
1065 0.1412582959
1066 0.1412686649
1067 0.1412790338
1068 0.1412894028
1069 0.1412997718
1070 0.1413101407
1071 0.1413205097
1072 0.1413308787
1073 0.1413412476
1074 0.1413516166
1075 0.1413619856
1076 0.1413723545
1077 0.1413827235
1078 0.1413930925
1079 0.1414034614
1080 0.1414138304
1081 0.1414241994
1082 0.1414345683
1083 0.1414449373
1084 0.1414553063
1085 0.1414656752
1086 0.1414760442
1087 0.1414864132
1088 0.1414967822
1089 0.1415071511
1090 0.1415175201
1091 0.1415278891
1092 0.141538258
1093 0.141548627
1094 0.141558996
1095 0.1415693649
1096 0.1415797339
1097 0.1415901029
1098 0.1416004718
1099 0.1416108408
1100 0.1416212098
1101 0.1416315787
1102 0.1416419477
1103 0.1416523167
1104 0.1416661558
1105 0.1416799949
1106 0.141693834
1107 0.1417076731
1108 0.1417215122
1109 0.1417353513
1110 0.1417491904
1111 0.1417630295
1112 0.1417768686
1113 0.1417907077
1114 0.1418045468
1115 0.1418183859
1116 0.141832225
1117 0.1418460641
1118 0.1418599032
1119 0.1418737423
1120 0.1418875815
1121 0.1419014206
1122 0.1419152597
1123 0.1419290988
1124 0.1419429379
1125 0.141956777
1126 0.1419706161
1127 0.1419844552
1128 0.1419982943
1129 0.1420121334
1130 0.1420259725
1131 0.1420398116
1132 0.1420536507
1133 0.1420674898
1134 0.1420813289
1135 0.142095168
1136 0.1421090071
1137 0.1421228462
1138 0.1421366853
1139 0.1421505244
1140 0.1421643635
1141 0.1421782027
1142 0.1421920418
1143 0.1422058809
1144 0.14221972
1145 0.1422335591
1146 0.1422473982
1147 0.1422612373
1148 0.1422750764
1149 0.1422889155
1150 0.1423027546
1151 0.1423165937
1152 0.1423304328
1153 0.1423442719
1154 0.142358111
1155 0.1423719501
1156 0.1423857892
1157 0.1423996283
1158 0.1424134674
1159 0.1424273065
1160 0.1424411456
1161 0.1424549847
1162 0.1424688239
1163 0.142482663
1164 0.1424965021
1165 0.1425103412
1166 0.1425241803
1167 0.1425380194
1168 0.1425518585
1169 0.1425656976
1170 0.1425795367
1171 0.1425933758
1172 0.1426072149
1173 0.142621054
1174 0.1426348931
1175 0.1426487322
1176 0.1426625713
1177 0.1426764104
1178 0.1426902495
1179 0.1427040886
1180 0.1427179277
1181 0.1427317668
1182 0.1427456059
1183 0.142759445
1184 0.1427732842
1185 0.1427871233
1186 0.1428009624
1187 0.1428148015
1188 0.1428286406
1189 0.1428424797
1190 0.1428563188
1191 0.1428701579
1192 0.142883997
1193 0.1428978361
1194 0.1429116752
1195 0.1429255143
1196 0.1429393534
1197 0.1429531925
1198 0.1429670316
1199 0.1429808707
1200 0.1429947098
1201 0.1430085489
1202 0.143022388
1203 0.1430362271
1204 0.1430500662
1205 0.1430639054
1206 0.1430777445
1207 0.1430915836
1208 0.1431054227
1209 0.1431192618
1210 0.1431331009
1211 0.14314694
1212 0.1431607791
1213 0.1431746182
1214 0.1431884573
1215 0.1432022964
1216 0.1432161355
1217 0.1432299746
1218 0.1432438137
1219 0.1432576528
1220 0.1432714919
1221 0.143285331
1222 0.1432991701
1223 0.1433130092
1224 0.1433268483
1225 0.1433406874
1226 0.1433545266
1227 0.1433683657
1228 0.1433822048
1229 0.1433960439
1230 0.143409883
1231 0.1434237221
1232 0.1434375612
1233 0.1434514003
1234 0.1434652394
1235 0.1434790785
1236 0.1434929176
1237 0.1435067567
1238 0.1435205958
1239 0.1435344349
1240 0.143548274
1241 0.1435621131
1242 0.1435759522
1243 0.1435897913
1244 0.1436036304
1245 0.1436174695
1246 0.1436313086
1247 0.1436451477
1248 0.1436589869
1249 0.143672826
1250 0.1436866651
1251 0.1437005042
1252 0.1437143433
1253 0.1437281824
1254 0.1437420215
1255 0.1437558606
1256 0.1437696997
1257 0.1437835388
1258 0.1437973779
1259 0.143811217
1260 0.1438250561
1261 0.1438388952
1262 0.1438527343
1263 0.1438665734
1264 0.1438804125
1265 0.1438942516
1266 0.1439080907
1267 0.1439219298
1268 0.1439357689
1269 0.1439496081
1270 0.1439634472
1271 0.1439772863
1272 0.1439911254
1273 0.1440049645
1274 0.1440188036
1275 0.1440326427
1276 0.1440464818
1277 0.1440603209
1278 0.14407416
1279 0.1440879991
1280 0.1441018382
1281 0.1441156773
1282 0.1441295164
1283 0.1441433555
1284 0.1441571946
1285 0.1441710337
1286 0.1441848728
1287 0.1441987119
1288 0.144212551
1289 0.1442263901
1290 0.1442402292
1291 0.1442540684
1292 0.1442679075
1293 0.1442817466
1294 0.1442955857
1295 0.1443094248
1296 0.1443232639
1297 0.144337103
1298 0.1443509421
1299 0.1443647812
1300 0.1443786203
1301 0.1443924594
1302 0.1444062985
1303 0.1444201376
1304 0.1444339767
1305 0.1444478158
1306 0.1444616549
1307 0.144475494
1308 0.1444893331
1309 0.1445031722
1310 0.1445170113
1311 0.1445308504
1312 0.1445446896
1313 0.1445585287
1314 0.1445723678
1315 0.1445862069
1316 0.144600046
1317 0.1446138851
1318 0.1446277242
1319 0.1446415633
1320 0.1446554024
1321 0.1446692415
1322 0.1446830806
1323 0.1446969197
1324 0.1447107588
1325 0.1447245979
1326 0.144738437
1327 0.1447522761
1328 0.1447661152
1329 0.1447799543
1330 0.1447937934
1331 0.1448076325
1332 0.1448214716
1333 0.1448353108
1334 0.1448491499
1335 0.144862989
1336 0.1448768281
1337 0.1448906672
1338 0.1449045063
1339 0.1449183454
1340 0.1449321845
1341 0.1449460236
1342 0.1449598627
1343 0.1449737018
1344 0.1449875409
1345 0.14500138
1346 0.1450152191
1347 0.1450290582
1348 0.1450428973
1349 0.1450567364
1350 0.1450705755
1351 0.1450844146
1352 0.1450982537
1353 0.1451120928
1354 0.1451259319
1355 0.1451397711
1356 0.1451536102
1357 0.1451674493
1358 0.1451812884
1359 0.1451951275
1360 0.1452089666
1361 0.1452228057
1362 0.1452366448
1363 0.1452504839
1364 0.145264323
1365 0.1452781621
1366 0.1452920012
1367 0.1453058403
1368 0.1453196794
1369 0.1453335185
1370 0.1453473576
1371 0.1453611967
1372 0.1453750358
1373 0.1453888749
1374 0.145402714
1375 0.1454165531
1376 0.1454303923
1377 0.1454442314
1378 0.1454580705
1379 0.1454719096
1380 0.1454857487
1381 0.1454995878
1382 0.1455134269
1383 0.145527266
1384 0.1455411051
1385 0.1455549442
1386 0.1455687833
1387 0.1455826224
1388 0.1455964615
1389 0.1456103006
1390 0.1456241397
1391 0.1456379788
1392 0.1456518179
1393 0.145665657
1394 0.1456794961
1395 0.1456933352
1396 0.1457071743
1397 0.1457210135
1398 0.1457348526
1399 0.1457486917
1400 0.1457625308
1401 0.1457763699
1402 0.145790209
1403 0.1458040481
1404 0.1458178872
1405 0.1458317263
1406 0.1458455654
1407 0.1458594045
1408 0.1458732436
1409 0.1458870827
1410 0.1459009218
1411 0.1459147609
1412 0.1459286
1413 0.1459424391
1414 0.1459562782
1415 0.1459701173
1416 0.1459839564
1417 0.1459977955
1418 0.1460116346
1419 0.1460254738
1420 0.1460393129
1421 0.146053152
1422 0.1460669911
1423 0.1460808302
1424 0.1460946693
1425 0.1461085084
1426 0.1461223475
1427 0.1461361866
1428 0.1461500257
1429 0.1461638648
1430 0.1461777039
1431 0.146191543
1432 0.1462053821
1433 0.1462192212
1434 0.1462330603
1435 0.1462468994
1436 0.1462607385
1437 0.1462745776
1438 0.1462884167
1439 0.1463022558
1440 0.146316095
1441 0.1463299341
1442 0.1463437732
1443 0.1463576123
1444 0.1463714514
1445 0.1463852905
1446 0.1463991296
1447 0.1464129687
1448 0.1464268078
1449 0.1464406469
1450 0.146454486
1451 0.1464683251
1452 0.1464821642
1453 0.1464960033
1454 0.1465098424
1455 0.1465236815
1456 0.1465375206
1457 0.1465513597
1458 0.1465651988
1459 0.1465790379
1460 0.146592877
1461 0.1466067162
1462 0.1466205553
1463 0.1466343944
1464 0.1466482335
1465 0.1466620726
1466 0.1466759117
1467 0.1466916462
1468 0.1467073808
1469 0.1467231154
1470 0.14673885
1471 0.1467545845
1472 0.1467703191
1473 0.1467860537
1474 0.1468017883
1475 0.1468175228
1476 0.1468332574
1477 0.146848992
1478 0.1468647266
1479 0.1468804611
1480 0.1468961957
1481 0.1469119303
1482 0.1469276649
1483 0.1469433994
1484 0.146959134
1485 0.1469748686
1486 0.1469906032
1487 0.1470063377
1488 0.1470220723
1489 0.1470378069
1490 0.1470535415
1491 0.147069276
1492 0.1470850106
1493 0.1471007452
1494 0.1471164798
1495 0.1471322143
1496 0.1471479489
1497 0.1471636835
1498 0.1471794181
1499 0.1471951526
1500 0.1472108872
1501 0.1472266218
1502 0.1472423563
1503 0.1472580909
1504 0.1472738255
1505 0.1472895601
1506 0.1473052946
1507 0.1473210292
1508 0.1473367638
1509 0.1473524984
1510 0.1473682329
1511 0.1473839675
1512 0.1473997021
1513 0.1474154367
1514 0.1474311712
1515 0.1474469058
1516 0.1474626404
1517 0.147478375
1518 0.1474941095
1519 0.1475098441
1520 0.1475255787
1521 0.1475413133
1522 0.1475570478
1523 0.1475727824
1524 0.147588517
1525 0.1476042516
1526 0.1476199861
1527 0.1476357207
1528 0.1476514553
1529 0.1476671899
1530 0.1476829244
1531 0.147698659
1532 0.1477143936
1533 0.1477301282
1534 0.1477458627
1535 0.1477615973
1536 0.1477773319
1537 0.1477930664
1538 0.147808801
1539 0.1478245356
1540 0.1478402702
1541 0.1478560047
1542 0.1478717393
1543 0.1478874739
1544 0.1479032085
1545 0.147918943
1546 0.1479346776
1547 0.1479504122
1548 0.1479661468
1549 0.1479818813
1550 0.1479976159
1551 0.1480133505
1552 0.1480290851
1553 0.1480448196
1554 0.1480605542
1555 0.1480762888
1556 0.1480920234
1557 0.1481077579
1558 0.1481234925
1559 0.1481392271
1560 0.1481549617
1561 0.1481706962
1562 0.1481864308
1563 0.1482021654
1564 0.1482179
1565 0.1482336345
1566 0.1482493691
1567 0.1482651037
1568 0.1482808383
1569 0.1482965728
1570 0.1483123074
1571 0.148328042
1572 0.1483437765
1573 0.1483595111
1574 0.1483752457
1575 0.1483909803
1576 0.1484067148
1577 0.1484224494
1578 0.148438184
1579 0.1484539186
1580 0.1484696531
1581 0.1484853877
1582 0.1485011223
1583 0.1485168569
1584 0.1485325914
1585 0.148548326
1586 0.1485640606
1587 0.1485797952
1588 0.1485955297
1589 0.1486112643
1590 0.1486269989
1591 0.1486427335
1592 0.148658468
1593 0.1486742026
1594 0.1486899372
1595 0.1487056718
1596 0.1487214063
1597 0.1487371409
1598 0.1487528755
1599 0.1487686101
1600 0.1487843446
1601 0.1488000792
1602 0.1488158138
1603 0.1488315484
1604 0.1488472829
1605 0.1488630175
1606 0.1488787521
1607 0.1488944866
1608 0.1489102212
1609 0.1489259558
1610 0.1489416904
1611 0.1489574249
1612 0.1489731595
1613 0.1489888941
1614 0.1490046287
1615 0.1490203632
1616 0.1490360978
1617 0.1490518324
1618 0.149067567
1619 0.1490833015
1620 0.1490990361
1621 0.1491147707
1622 0.1491305053
1623 0.1491462398
1624 0.1491619744
1625 0.149177709
1626 0.1491934436
1627 0.1492091781
1628 0.1492249127
1629 0.1492406473
1630 0.1492563819
1631 0.1492721164
1632 0.149287851
1633 0.1493035856
1634 0.1493193202
1635 0.1493350547
1636 0.1493507893
1637 0.1493665239
1638 0.1493822585
1639 0.149397993
1640 0.1494137276
1641 0.1494294622
1642 0.1494451967
1643 0.1494609313
1644 0.1494766659
1645 0.1494924005
1646 0.149508135
1647 0.1495238696
1648 0.1495396042
1649 0.1495553388
1650 0.1495710733
1651 0.1495868079
1652 0.1496025425
1653 0.1496182771
1654 0.1496340116
1655 0.1496497462
1656 0.1496654808
1657 0.1496812154
1658 0.1496969499
1659 0.1497126845
1660 0.1497284191
1661 0.1497441537
1662 0.1497598882
1663 0.1497756228
1664 0.1497913574
1665 0.149807092
1666 0.1498228265
1667 0.1498385611
1668 0.1498542957
1669 0.1498700303
1670 0.1498857648
1671 0.1499014994
1672 0.149917234
1673 0.1499329686
1674 0.1499487031
1675 0.1499644377
1676 0.1499801723
1677 0.1499959068
1678 0.1500116414
1679 0.150027376
1680 0.1500431106
1681 0.1500588451
1682 0.1500745797
1683 0.1500903143
1684 0.1501060489
1685 0.1501217834
1686 0.150137518
1687 0.1501532526
1688 0.1501689872
1689 0.1501847217
1690 0.1502004563
1691 0.1502161909
1692 0.1502319255
1693 0.15024766
1694 0.1502633946
1695 0.1502791292
1696 0.1502948638
1697 0.1503105983
1698 0.1503263329
1699 0.1503420675
1700 0.1503578021
1701 0.1503735366
1702 0.1503892712
1703 0.1504050058
1704 0.1504207404
1705 0.1504364749
1706 0.1504522095
1707 0.1504679441
1708 0.1504836787
1709 0.1504994132
1710 0.1505151478
1711 0.1505308824
1712 0.1505466169
1713 0.1505623515
1714 0.1505780861
1715 0.1505938207
1716 0.1506095552
1717 0.1506252898
1718 0.1506410244
1719 0.150656759
1720 0.1506724935
1721 0.1506882281
1722 0.1507039627
1723 0.1507196973
1724 0.1507354318
1725 0.1507511664
1726 0.150766901
1727 0.1507826356
1728 0.1507983701
1729 0.1508141047
1730 0.1508298393
1731 0.1508455739
1732 0.1508613084
1733 0.150877043
1734 0.1508927776
1735 0.1509085122
1736 0.1509242467
1737 0.1509399813
1738 0.1509557159
1739 0.1509714505
1740 0.150987185
1741 0.1510029196
1742 0.1510186542
1743 0.1510343888
1744 0.1510501233
1745 0.1510658579
1746 0.1510815925
1747 0.151097327
1748 0.1511130616
1749 0.1511287962
1750 0.1511445308
1751 0.1511602653
1752 0.1511759999
1753 0.1511917345
1754 0.1512074691
1755 0.1512232036
1756 0.1512389382
1757 0.1512546728
1758 0.1512704074
1759 0.1512861419
1760 0.1513018765
1761 0.1513176111
1762 0.1513333457
1763 0.1513490802
1764 0.1513648148
1765 0.1513805494
1766 0.151396284
1767 0.1514120185
1768 0.1514277531
1769 0.1514434877
1770 0.1514592223
1771 0.1514749568
1772 0.1514906914
1773 0.151506426
1774 0.1515221606
1775 0.1515378951
1776 0.1515536297
1777 0.1515693643
1778 0.1515850989
1779 0.1516008334
1780 0.151616568
1781 0.1516323026
1782 0.1516480371
1783 0.1516637717
1784 0.1516795063
1785 0.1516952409
1786 0.1517109754
1787 0.15172671
1788 0.1517424446
1789 0.1517581792
1790 0.1517739137
1791 0.1517896483
1792 0.1518053829
1793 0.1518211175
1794 0.151836852
1795 0.1518525866
1796 0.1518683212
1797 0.1518840558
1798 0.1518997903
1799 0.1519155249
1800 0.1519312595
1801 0.1519469941
1802 0.1519627286
1803 0.1519784632
1804 0.1519941978
1805 0.1520099324
1806 0.1520256669
1807 0.1520414015
1808 0.1520571361
1809 0.1520728707
1810 0.1520886052
1811 0.1521043398
1812 0.1521200744
1813 0.152135809
1814 0.1521515435
1815 0.1521672781
1816 0.1521830127
1817 0.1521987472
1818 0.1522144818
1819 0.1522302164
1820 0.152245951
1821 0.1522616855
1822 0.1522774201
1823 0.1522931547
1824 0.1523088893
1825 0.1523246238
1826 0.1523403584
1827 0.152356093
1828 0.1523718276
1829 0.1523875621
1830 0.1524032967
1831 0.1524190313
1832 0.1524357514
1833 0.1524524716
1834 0.1524691917
1835 0.1524859118
1836 0.152502632
1837 0.1525193521
1838 0.1525360723
1839 0.1525527924
1840 0.1525695125
1841 0.1525862327
1842 0.1526029528
1843 0.152619673
1844 0.1526363931
1845 0.1526531132
1846 0.1526698334
1847 0.1526865535
1848 0.1527032736
1849 0.1527199938
1850 0.1527367139
1851 0.1527534341
1852 0.1527701542
1853 0.1527868743
1854 0.1528035945
1855 0.1528203146
1856 0.1528370348
1857 0.1528537549
1858 0.152870475
1859 0.1528871952
1860 0.1529039153
1861 0.1529206354
1862 0.1529373556
1863 0.1529540757
1864 0.1529707959
1865 0.152987516
1866 0.1530042361
1867 0.1530209563
1868 0.1530376764
1869 0.1530543966
1870 0.1530711167
1871 0.1530878368
1872 0.153104557
1873 0.1531212771
1874 0.1531379972
1875 0.1531547174
1876 0.1531714375
1877 0.1531881577
1878 0.1532048778
1879 0.1532215979
1880 0.1532383181
1881 0.1532550382
1882 0.1532717584
1883 0.1532884785
1884 0.1533051986
1885 0.1533219188
1886 0.1533386389
1887 0.153355359
1888 0.1533720792
1889 0.1533887993
1890 0.1534055195
1891 0.1534222396
1892 0.1534389597
1893 0.1534556799
1894 0.1534724
1895 0.1534891202
1896 0.1535058403
1897 0.1535225604
1898 0.1535392806
1899 0.1535560007
1900 0.1535727208
1901 0.153589441
1902 0.1536061611
1903 0.1536228813
1904 0.1536396014
1905 0.1536563215
1906 0.1536730417
1907 0.1536897618
1908 0.153706482
1909 0.1537232021
1910 0.1537399222
1911 0.1537566424
1912 0.1537733625
1913 0.1537900826
1914 0.1538068028
1915 0.1538235229
1916 0.1538402431
1917 0.1538569632
1918 0.1538736833
1919 0.1538904035
1920 0.1539071236
1921 0.1539238438
1922 0.1539405639
1923 0.153957284
1924 0.1539740042
1925 0.1539907243
1926 0.1540074444
1927 0.1540241646
1928 0.1540408847
1929 0.1540576049
1930 0.154074325
1931 0.1540910451
1932 0.1541077653
1933 0.1541244854
1934 0.1541412056
1935 0.1541579257
1936 0.1541746458
1937 0.154191366
1938 0.1542080861
1939 0.1542248062
1940 0.1542415264
1941 0.1542582465
1942 0.1542749667
1943 0.1542916868
1944 0.1543084069
1945 0.1543251271
1946 0.1543418472
1947 0.1543585674
1948 0.1543752875
1949 0.1543920076
1950 0.1544087278
1951 0.1544254479
1952 0.154442168
1953 0.1544588882
1954 0.1544756083
1955 0.1544923285
1956 0.1545090486
1957 0.1545257687
1958 0.1545424889
1959 0.154559209
1960 0.1545759292
1961 0.1545926493
1962 0.1546093694
1963 0.1546260896
1964 0.1546428097
1965 0.1546595298
1966 0.15467625
1967 0.1546929701
1968 0.1547096903
1969 0.1547264104
1970 0.1547431305
1971 0.1547598507
1972 0.1547765708
1973 0.154793291
1974 0.1548100111
1975 0.1548267312
1976 0.1548434514
1977 0.1548601715
1978 0.1548768916
1979 0.1548936118
1980 0.1549103319
1981 0.1549270521
1982 0.1549437722
1983 0.1549604923
1984 0.1549772125
1985 0.1549939326
1986 0.1550106528
1987 0.1550273729
1988 0.155044093
1989 0.1550608132
1990 0.1550775333
1991 0.1550942534
1992 0.1551109736
1993 0.1551276937
1994 0.1551444139
1995 0.155161134
1996 0.1551778541
1997 0.1551945743
1998 0.1552112944
1999 0.1552280146
2000 0.1552447347
2001 0.1552614548
2002 0.155278175
2003 0.1552948951
2004 0.1553116152
2005 0.1553283354
2006 0.1553450555
2007 0.1553617757
2008 0.1553784958
2009 0.1553952159
2010 0.1554119361
2011 0.1554286562
2012 0.1554453764
2013 0.1554620965
2014 0.1554788166
2015 0.1554955368
2016 0.1555122569
2017 0.155528977
2018 0.1555456972
2019 0.1555624173
2020 0.1555791375
2021 0.1555958576
2022 0.1556125777
2023 0.1556292979
2024 0.155646018
2025 0.1556627382
2026 0.1556794583
2027 0.1556961784
2028 0.1557128986
2029 0.1557296187
2030 0.1557463388
2031 0.155763059
2032 0.1557797791
2033 0.1557964993
2034 0.1558132194
2035 0.1558299395
2036 0.1558466597
2037 0.1558633798
2038 0.1558801
2039 0.1558968201
2040 0.1559135402
2041 0.1559302604
2042 0.1559469805
2043 0.1559637006
2044 0.1559804208
2045 0.1559971409
2046 0.1560138611
2047 0.1560305812
2048 0.1560473013
2049 0.1560640215
2050 0.1560807416
2051 0.1560974618
2052 0.1561141819
2053 0.156130902
2054 0.1561476222
2055 0.1561643423
2056 0.1561810624
2057 0.1561977826
2058 0.1562145027
2059 0.1562312229
2060 0.156247943
2061 0.1562646631
2062 0.1562813833
2063 0.1562981034
2064 0.1563148236
2065 0.1563315437
2066 0.1563482638
2067 0.156364984
2068 0.1563817041
2069 0.1563984242
2070 0.1564151444
2071 0.1564318645
2072 0.1564485847
2073 0.1564653048
2074 0.1564820249
2075 0.1564987451
2076 0.1565154652
2077 0.1565321854
2078 0.1565489055
2079 0.1565656256
2080 0.1565823458
2081 0.1565990659
2082 0.156615786
2083 0.1566325062
2084 0.1566492263
2085 0.1566659465
2086 0.1566826666
2087 0.1566993867
2088 0.1567161069
2089 0.156732827
2090 0.1567495472
2091 0.1567662673
2092 0.1567829874
2093 0.1567997076
2094 0.1568164277
2095 0.1568331478
2096 0.156849868
2097 0.1568665881
2098 0.1568833083
2099 0.1569000284
2100 0.1569167485
2101 0.1569334687
2102 0.1569501888
2103 0.156966909
2104 0.1569836291
2105 0.1570003492
2106 0.1570170694
2107 0.1570337895
2108 0.1570505096
2109 0.1570672298
2110 0.1570839499
2111 0.1571006701
2112 0.1571173902
2113 0.1571341103
2114 0.1571508305
2115 0.1571675506
2116 0.1571842708
2117 0.1572009909
2118 0.157217711
2119 0.1572344312
2120 0.1572511513
2121 0.1572678714
2122 0.1572845916
2123 0.1573013117
2124 0.1573180319
2125 0.157334752
2126 0.1573514721
2127 0.1573681923
2128 0.1573849124
2129 0.1574016326
2130 0.1574183527
2131 0.1574350728
2132 0.157451793
2133 0.1574685131
2134 0.1574852332
2135 0.1575019534
2136 0.1575186735
2137 0.1575353937
2138 0.1575521138
2139 0.1575688339
2140 0.1575855541
2141 0.1576022742
2142 0.1576189944
2143 0.1576357145
2144 0.1576524346
2145 0.1576691548
2146 0.1576858749
2147 0.157702595
2148 0.1577193152
2149 0.1577360353
2150 0.1577527555
2151 0.1577694756
2152 0.1577861957
2153 0.1578029159
2154 0.157819636
2155 0.1578363562
2156 0.1578530763
2157 0.1578697964
2158 0.1578865166
2159 0.1579032367
2160 0.1579199568
2161 0.157936677
2162 0.1579533971
2163 0.1579701173
2164 0.1579868374
2165 0.1580035575
2166 0.1580202777
2167 0.1580369978
2168 0.158053718
2169 0.1580704381
2170 0.1580871582
2171 0.1581038784
2172 0.1581205985
2173 0.1581373186
2174 0.1581540388
2175 0.1581707589
2176 0.1581874791
2177 0.1582041992
2178 0.1582209193
2179 0.1582376395
2180 0.1582543596
2181 0.1582710798
2182 0.1582877999
2183 0.15830452
2184 0.1583212402
2185 0.1583379603
2186 0.1583546804
2187 0.1583714006
2188 0.1583881207
2189 0.1584048409
2190 0.158421561
2191 0.1584382811
2192 0.1584550013
2193 0.1584717214
2194 0.1584884416
2195 0.1585051617
2196 0.1585218818
2197 0.158538602
2198 0.1585550321
2199 0.1585714622
2200 0.1585878923
2201 0.1586043224
2202 0.1586207526
2203 0.1586371827
2204 0.1586536128
2205 0.1586700429
2206 0.158686473
2207 0.1587029032
2208 0.1587193333
2209 0.1587357634
2210 0.1587521935
2211 0.1587686236
2212 0.1587850537
2213 0.1588014839
2214 0.158817914
2215 0.1588343441
2216 0.1588507742
2217 0.1588672043
2218 0.1588836345
2219 0.1589000646
2220 0.1589164947
2221 0.1589329248
2222 0.1589493549
2223 0.1589657851
2224 0.1589822152
2225 0.1589986453
2226 0.1590150754
2227 0.1590315055
2228 0.1590479356
2229 0.1590643658
2230 0.1590807959
2231 0.159097226
2232 0.1591136561
2233 0.1591300862
2234 0.1591465164
2235 0.1591629465
2236 0.1591793766
2237 0.1591958067
2238 0.1592122368
2239 0.159228667
2240 0.1592450971
2241 0.1592615272
2242 0.1592779573
2243 0.1592943874
2244 0.1593108175
2245 0.1593272477
2246 0.1593436778
2247 0.1593601079
2248 0.159376538
2249 0.1593929681
2250 0.1594093983
2251 0.1594258284
2252 0.1594422585
2253 0.1594586886
2254 0.1594751187
2255 0.1594915489
2256 0.159507979
2257 0.1595244091
2258 0.1595408392
2259 0.1595572693
2260 0.1595736994
2261 0.1595901296
2262 0.1596065597
2263 0.1596229898
2264 0.1596394199
2265 0.15965585
2266 0.1596722802
2267 0.1596887103
2268 0.1597051404
2269 0.1597215705
2270 0.1597380006
2271 0.1597544308
2272 0.1597708609
2273 0.159787291
2274 0.1598037211
2275 0.1598201512
2276 0.1598365813
2277 0.1598530115
2278 0.1598694416
2279 0.1598858717
2280 0.1599023018
2281 0.1599187319
2282 0.1599351621
2283 0.1599515922
2284 0.1599680223
2285 0.1599844524
2286 0.1600008825
2287 0.1600173127
2288 0.1600337428
2289 0.1600501729
2290 0.160066603
2291 0.1600830331
2292 0.1600994632
2293 0.1601158934
2294 0.1601323235
2295 0.1601487536
2296 0.1601651837
2297 0.1601816138
2298 0.160198044
2299 0.1602144741
2300 0.1602309042
2301 0.1602473343
2302 0.1602637644
2303 0.1602801946
2304 0.1602966247
2305 0.1603130548
2306 0.1603294849
2307 0.160345915
2308 0.1603623451
2309 0.1603787753
2310 0.1603952054
2311 0.1604116355
2312 0.1604280656
2313 0.1604444957
2314 0.1604609259
2315 0.160477356
2316 0.1604937861
2317 0.1605102162
2318 0.1605266463
2319 0.1605430764
2320 0.1605595066
2321 0.1605759367
2322 0.1605923668
2323 0.1606087969
2324 0.160625227
2325 0.1606416572
2326 0.1606580873
2327 0.1606745174
2328 0.1606909475
2329 0.1607073776
2330 0.1607238078
2331 0.1607402379
2332 0.160756668
2333 0.1607730981
2334 0.1607895282
2335 0.1608059583
2336 0.1608223885
2337 0.1608388186
2338 0.1608552487
2339 0.1608716788
2340 0.1608881089
2341 0.1609045391
2342 0.1609209692
2343 0.1609373993
2344 0.1609538294
2345 0.1609702595
2346 0.1609866897
2347 0.1610031198
2348 0.1610195499
2349 0.16103598
2350 0.1610524101
2351 0.1610688402
2352 0.1610852704
2353 0.1611017005
2354 0.1611181306
2355 0.1611345607
2356 0.1611509908
2357 0.161167421
2358 0.1611838511
2359 0.1612002812
2360 0.1612167113
2361 0.1612331414
2362 0.1612495716
2363 0.1612660017
2364 0.1612824318
2365 0.1612988619
2366 0.161315292
2367 0.1613317221
2368 0.1613481523
2369 0.1613645824
2370 0.1613810125
2371 0.1613974426
2372 0.1614138727
2373 0.1614303029
2374 0.161446733
2375 0.1614631631
2376 0.1614795932
2377 0.1614960233
2378 0.1615124535
2379 0.1615288836
2380 0.1615453137
2381 0.1615617438
2382 0.1615781739
2383 0.161594604
2384 0.1616110342
2385 0.1616274643
2386 0.1616438944
2387 0.1616603245
2388 0.1616767546
2389 0.1616931848
2390 0.1617096149
2391 0.161726045
2392 0.1617424751
2393 0.1617589052
2394 0.1617753354
2395 0.1617917655
2396 0.1618081956
2397 0.1618246257
2398 0.1618410558
2399 0.1618574859
2400 0.1618739161
2401 0.1618903462
2402 0.1619067763
2403 0.1619232064
2404 0.1619396365
2405 0.1619560667
2406 0.1619724968
2407 0.1619889269
2408 0.162005357
2409 0.1620217871
2410 0.1620382173
2411 0.1620546474
2412 0.1620710775
2413 0.1620875076
2414 0.1621039377
2415 0.1621203678
2416 0.162136798
2417 0.1621532281
2418 0.1621696582
2419 0.1621860883
2420 0.1622025184
2421 0.1622189486
2422 0.1622353787
2423 0.1622518088
2424 0.1622682389
2425 0.162284669
2426 0.1623010992
2427 0.1623175293
2428 0.1623339594
2429 0.1623503895
2430 0.1623668196
2431 0.1623832497
2432 0.1623996799
2433 0.16241611
2434 0.1624325401
2435 0.1624489702
2436 0.1624654003
2437 0.1624818305
2438 0.1624982606
2439 0.1625146907
2440 0.1625311208
2441 0.1625475509
2442 0.1625639811
2443 0.1625804112
2444 0.1625968413
2445 0.1626132714
2446 0.1626297015
2447 0.1626461316
2448 0.1626625618
2449 0.1626789919
2450 0.162695422
2451 0.1627118521
2452 0.1627282822
2453 0.1627447124
2454 0.1627611425
2455 0.1627775726
2456 0.1627940027
2457 0.1628104328
2458 0.162826863
2459 0.1628432931
2460 0.1628597232
2461 0.1628761533
2462 0.1628925834
2463 0.1629090135
2464 0.1629254437
2465 0.1629418738
2466 0.1629583039
2467 0.162974734
2468 0.1629911641
2469 0.1630075943
2470 0.1630240244
2471 0.1630404545
2472 0.1630568846
2473 0.1630733147
2474 0.1630897449
2475 0.163106175
2476 0.1631226051
2477 0.1631390352
2478 0.1631554653
2479 0.1631718954
2480 0.1631883256
2481 0.1632047557
2482 0.1632211858
2483 0.1632376159
2484 0.163254046
2485 0.1632704762
2486 0.1632869063
2487 0.1633033364
2488 0.1633197665
2489 0.1633361966
2490 0.1633526268
2491 0.1633690569
2492 0.163385487
2493 0.1634019171
2494 0.1634183472
2495 0.1634347773
2496 0.1634512075
2497 0.1634676376
2498 0.1634840677
2499 0.1635004978
2500 0.1635169279
2501 0.1635333581
2502 0.1635497882
2503 0.1635662183
2504 0.1635826484
2505 0.1635990785
2506 0.1636155087
2507 0.1636319388
2508 0.1636483689
2509 0.163664799
2510 0.1636812291
2511 0.1636976592
2512 0.1637140894
2513 0.1637305195
2514 0.1637469496
2515 0.1637633797
2516 0.1637798098
2517 0.16379624
2518 0.1638126701
2519 0.1638291002
2520 0.1638455303
2521 0.1638619604
2522 0.1638783905
2523 0.1638948207
2524 0.1639112508
2525 0.1639276809
2526 0.163944111
2527 0.1639605411
2528 0.1639769713
2529 0.1639934014
2530 0.1640098315
2531 0.1640262616
2532 0.1640426917
2533 0.1640591219
2534 0.164075552
2535 0.1640919821
2536 0.1641084122
2537 0.1641248423
2538 0.1641412724
2539 0.1641577026
2540 0.1641741327
2541 0.1641905628
2542 0.1642069929
2543 0.164223423
2544 0.1642398532
2545 0.1642562833
2546 0.1642727134
2547 0.1642891435
2548 0.1643055736
2549 0.1643220038
2550 0.1643384339
2551 0.164354864
2552 0.1643712941
2553 0.1643877242
2554 0.1644041543
2555 0.1644205845
2556 0.1644370146
2557 0.1644534447
2558 0.1644698748
2559 0.1644863049
2560 0.1645027351
2561 0.1645191652
2562 0.1645355953
2563 0.1645630838
2564 0.1645905723
2565 0.1646180608
2566 0.1646455493
2567 0.1646730378
2568 0.1647005263
2569 0.1647280148
2570 0.1647555032
2571 0.1647829917
2572 0.1648104802
2573 0.1648379687
2574 0.1648654572
2575 0.1648929457
2576 0.1649204342
2577 0.1649479227
2578 0.1649754112
2579 0.1650028997
2580 0.1650303882
2581 0.1650578767
2582 0.1650853652
2583 0.1651128537
2584 0.1651403422
2585 0.1651678307
2586 0.1651953192
2587 0.1652228076
2588 0.1652502961
2589 0.1652777846
2590 0.1653052731
2591 0.1653327616
2592 0.1653602501
2593 0.1653877386
2594 0.1654152271
2595 0.1654427156
2596 0.1654702041
2597 0.1654976926
2598 0.1655251811
2599 0.1655526696
2600 0.1655801581
2601 0.1656076466
2602 0.1656351351
2603 0.1656626235
2604 0.165690112
2605 0.1657176005
2606 0.165745089
2607 0.1657725775
2608 0.165800066
2609 0.1658275545
2610 0.165855043
2611 0.1658825315
2612 0.16591002
2613 0.1659375085
2614 0.165964997
2615 0.1659924855
2616 0.166019974
2617 0.1660474625
2618 0.166074951
2619 0.1661024394
2620 0.1661299279
2621 0.1661574164
2622 0.1661849049
2623 0.1662123934
2624 0.1662398819
2625 0.1662673704
2626 0.1662948589
2627 0.1663223474
2628 0.1663498359
2629 0.1663773244
2630 0.1664048129
2631 0.1664323014
2632 0.1664597899
2633 0.1664872784
2634 0.1665147669
2635 0.1665422553
2636 0.1665697438
2637 0.1665972323
2638 0.1666247208
2639 0.1666522093
2640 0.1666796978
2641 0.1667071863
2642 0.1667346748
2643 0.1667621633
2644 0.1667896518
2645 0.1668171403
2646 0.1668446288
2647 0.1668721173
2648 0.1668996058
2649 0.1669270943
2650 0.1669545828
2651 0.1669820712
2652 0.1670095597
2653 0.1670370482
2654 0.1670645367
2655 0.1670920252
2656 0.1671195137
2657 0.1671470022
2658 0.1671744907
2659 0.1672019792
2660 0.1672294677
2661 0.1672569562
2662 0.1672844447
2663 0.1673119332
2664 0.1673394217
2665 0.1673669102
2666 0.1673943987
2667 0.1674218872
2668 0.1674493756
2669 0.1674768641
2670 0.1675043526
2671 0.1675318411
2672 0.1675593296
2673 0.1675868181
2674 0.1676143066
2675 0.1676417951
2676 0.1676692836
2677 0.1676967721
2678 0.1677242606
2679 0.1677517491
2680 0.1677792376
2681 0.1678067261
2682 0.1678342146
2683 0.1678617031
2684 0.1678891915
2685 0.16791668
2686 0.1679441685
2687 0.167971657
2688 0.1679991455
2689 0.168026634
2690 0.1680541225
2691 0.168081611
2692 0.1681090995
2693 0.168136588
2694 0.1681640765
2695 0.168191565
2696 0.1682190535
2697 0.168246542
2698 0.1682740305
2699 0.168301519
2700 0.1683290074
2701 0.1683564959
2702 0.1683839844
2703 0.1684114729
2704 0.1684389614
2705 0.1684664499
2706 0.1684939384
2707 0.1685214269
2708 0.1685489154
2709 0.1685764039
2710 0.1686038924
2711 0.1686313809
2712 0.1686588694
2713 0.1686863579
2714 0.1687138464
2715 0.1687413349
2716 0.1687688233
2717 0.1687963118
2718 0.1688238003
2719 0.1688512888
2720 0.1688787773
2721 0.1689062658
2722 0.1689337543
2723 0.1689612428
2724 0.1689887313
2725 0.1690162198
2726 0.1690437083
2727 0.1690711968
2728 0.1690986853
2729 0.1691261738
2730 0.1691536623
2731 0.1691811508
2732 0.1692086392
2733 0.1692361277
2734 0.1692636162
2735 0.1692911047
2736 0.1693185932
2737 0.1693460817
2738 0.1693735702
2739 0.1694010587
2740 0.1694285472
2741 0.1694560357
2742 0.1694835242
2743 0.1695110127
2744 0.1695385012
2745 0.1695659897
2746 0.1695934782
2747 0.1696209667
2748 0.1696484552
2749 0.1696759436
2750 0.1697034321
2751 0.1697309206
2752 0.1697584091
2753 0.1697858976
2754 0.1698133861
2755 0.1698408746
2756 0.1698683631
2757 0.1698958516
2758 0.1699233401
2759 0.1699508286
2760 0.1699783171
2761 0.1700058056
2762 0.1700332941
2763 0.1700607826
2764 0.1700882711
2765 0.1701157595
2766 0.170143248
2767 0.1701707365
2768 0.170198225
2769 0.1702257135
2770 0.170253202
2771 0.1702806905
2772 0.170308179
2773 0.1703356675
2774 0.170363156
2775 0.1703906445
2776 0.170418133
2777 0.1704456215
2778 0.17047311
2779 0.1705005985
2780 0.170528087
2781 0.1705555754
2782 0.1705830639
2783 0.1706105524
2784 0.1706380409
2785 0.1706655294
2786 0.1706930179
2787 0.1707205064
2788 0.1707479949
2789 0.1707754834
2790 0.1708029719
2791 0.1708304604
2792 0.1708579489
2793 0.1708854374
2794 0.1709129259
2795 0.1709404144
2796 0.1709679029
2797 0.1709953913
2798 0.1710228798
2799 0.1710503683
2800 0.1710778568
2801 0.1711053453
2802 0.1711328338
2803 0.1711603223
2804 0.1711878108
2805 0.1712152993
2806 0.1712427878
2807 0.1712702763
2808 0.1712977648
2809 0.1713252533
2810 0.1713527418
2811 0.1713802303
2812 0.1714077188
2813 0.1714352073
2814 0.1714626957
2815 0.1714901842
2816 0.1715176727
2817 0.1715451612
2818 0.1715726497
2819 0.1716001382
2820 0.1716276267
2821 0.1716551152
2822 0.1716826037
2823 0.1717100922
2824 0.1717375807
2825 0.1717650692
2826 0.1717925577
2827 0.1718200462
2828 0.1718475347
2829 0.1718750232
2830 0.1719025116
2831 0.1719300001
2832 0.1719574886
2833 0.1719849771
2834 0.1720124656
2835 0.1720399541
2836 0.1720674426
2837 0.1720949311
2838 0.1721224196
2839 0.1721499081
2840 0.1721773966
2841 0.1722048851
2842 0.1722323736
2843 0.1722598621
2844 0.1722873506
2845 0.1723148391
2846 0.1723423275
2847 0.172369816
2848 0.1723973045
2849 0.172424793
2850 0.1724522815
2851 0.17247977
2852 0.1725072585
2853 0.172534747
2854 0.1725622355
2855 0.172589724
2856 0.1726172125
2857 0.172644701
2858 0.1726721895
2859 0.172699678
2860 0.1727271665
2861 0.172754655
2862 0.1727821434
2863 0.1728096319
2864 0.1728371204
2865 0.1728646089
2866 0.1728920974
2867 0.1729195859
2868 0.1729470744
2869 0.1729745629
2870 0.1730020514
2871 0.1730295399
2872 0.1730570284
2873 0.1730845169
2874 0.1731120054
2875 0.1731394939
2876 0.1731669824
2877 0.1731944709
2878 0.1732219593
2879 0.1732494478
2880 0.1732769363
2881 0.1733044248
2882 0.1733319133
2883 0.1733594018
2884 0.1733868903
2885 0.1734143788
2886 0.1734418673
2887 0.1734693558
2888 0.1734968443
2889 0.1735243328
2890 0.1735518213
2891 0.1735793098
2892 0.1736067983
2893 0.1736342868
2894 0.1736617753
2895 0.1736892637
2896 0.1737167522
2897 0.1737442407
2898 0.1737717292
2899 0.1737992177
2900 0.1738267062
2901 0.1738541947
2902 0.1738816832
2903 0.1739091717
2904 0.1739366602
2905 0.1739641487
2906 0.1739916372
2907 0.1740191257
2908 0.1740466142
2909 0.1740741027
2910 0.1741015912
2911 0.1741290796
2912 0.1741565681
2913 0.1741840566
2914 0.1742115451
2915 0.1742390336
2916 0.1742665221
2917 0.1742940106
2918 0.1743214991
2919 0.1743489876
2920 0.1743764761
2921 0.1744039646
2922 0.1744314531
2923 0.1744589416
2924 0.1744864301
2925 0.1745139186
2926 0.1745414071
2927 0.1745688955
2928 0.174596384
2929 0.1746238725
2930 0.174651361
2931 0.1746797314
2932 0.1747081017
2933 0.174736472
2934 0.1747648424
2935 0.1747932127
2936 0.1748215831
2937 0.1748499534
2938 0.1748783237
2939 0.1749066941
2940 0.1749350644
2941 0.1749634348
2942 0.1749918051
2943 0.1750201754
2944 0.1750485458
2945 0.1750769161
2946 0.1751052865
2947 0.1751336568
2948 0.1751620271
2949 0.1751903975
2950 0.1752187678
2951 0.1752471381
2952 0.1752755085
2953 0.1753038788
2954 0.1753322492
2955 0.1753606195
2956 0.1753889898
2957 0.1754173602
2958 0.1754457305
2959 0.1754741009
2960 0.1755024712
2961 0.1755308415
2962 0.1755592119
2963 0.1755875822
2964 0.1756159526
2965 0.1756443229
2966 0.1756726932
2967 0.1757010636
2968 0.1757294339
2969 0.1757578042
2970 0.1757861746
2971 0.1758145449
2972 0.1758429153
2973 0.1758712856
2974 0.1758996559
2975 0.1759280263
2976 0.1759563966
2977 0.175984767
2978 0.1760131373
2979 0.1760415076
2980 0.176069878
2981 0.1760982483
2982 0.1761266187
2983 0.176154989
2984 0.1761833593
2985 0.1762117297
2986 0.1762401
2987 0.1762684703
2988 0.1762968407
2989 0.176325211
2990 0.1763535814
2991 0.1763819517
2992 0.176410322
2993 0.1764386924
2994 0.1764670627
2995 0.1764954331
2996 0.1765238034
2997 0.1765521737
2998 0.1765805441
2999 0.1766089144
3000 0.1766372848
3001 0.1766656551
3002 0.1766940254
3003 0.1767223958
3004 0.1767507661
3005 0.1767791364
3006 0.1768075068
3007 0.1768358771
3008 0.1768642475
3009 0.1768926178
3010 0.1769209881
3011 0.1769493585
3012 0.1769777288
3013 0.1770060992
3014 0.1770344695
3015 0.1770628398
3016 0.1770912102
3017 0.1771195805
3018 0.1771479509
3019 0.1771763212
3020 0.1772046915
3021 0.1772330619
3022 0.1772614322
3023 0.1772898026
3024 0.1773181729
3025 0.1773465432
3026 0.1773749136
3027 0.1774032839
3028 0.1774316542
3029 0.1774600246
3030 0.1774883949
3031 0.1775167653
3032 0.1775451356
3033 0.1775735059
3034 0.1776018763
3035 0.1776302466
3036 0.177658617
3037 0.1776869873
3038 0.1777153576
3039 0.177743728
3040 0.1777720983
3041 0.1778004687
3042 0.177828839
3043 0.1778572093
3044 0.1778855797
3045 0.17791395
3046 0.1779423203
3047 0.1779706907
3048 0.177999061
3049 0.1780274314
3050 0.1780558017
3051 0.178084172
3052 0.1781125424
3053 0.1781409127
3054 0.1781692831
3055 0.1781976534
3056 0.1782260237
3057 0.1782543941
3058 0.1782827644
3059 0.1783111348
3060 0.1783395051
3061 0.1783678754
3062 0.1783962458
3063 0.1784246161
3064 0.1784529864
3065 0.1784813568
3066 0.1785097271
3067 0.1785380975
3068 0.1785664678
3069 0.1785948381
3070 0.1786232085
3071 0.1786515788
3072 0.1786799492
3073 0.1787083195
3074 0.1787366898
3075 0.1787650602
3076 0.1787934305
3077 0.1788218009
3078 0.1788501712
3079 0.1788785415
3080 0.1789069119
3081 0.1789352822
3082 0.1789636525
3083 0.1789920229
3084 0.1790203932
3085 0.1790487636
3086 0.1790771339
3087 0.1791055042
3088 0.1791338746
3089 0.1791622449
3090 0.1791906153
3091 0.1792189856
3092 0.1792473559
3093 0.1792757263
3094 0.1793040966
3095 0.179332467
3096 0.1793608373
3097 0.1793892076
3098 0.179417578
3099 0.1794459483
3100 0.1794743186
3101 0.179502689
3102 0.1795310593
3103 0.1795594297
3104 0.1795878
3105 0.1796161703
3106 0.1796445407
3107 0.179672911
3108 0.1797012814
3109 0.1797296517
3110 0.179758022
3111 0.1797863924
3112 0.1798147627
3113 0.1798431331
3114 0.1798715034
3115 0.1798998737
3116 0.1799282441
3117 0.1799566144
3118 0.1799849847
3119 0.1800133551
3120 0.1800417254
3121 0.1800700958
3122 0.1800984661
3123 0.1801268364
3124 0.1801552068
3125 0.1801835771
3126 0.1802119475
3127 0.1802403178
3128 0.1802686881
3129 0.1802970585
3130 0.1803254288
3131 0.1803537992
3132 0.1803821695
3133 0.1804105398
3134 0.1804389102
3135 0.1804672805
3136 0.1804956509
3137 0.1805240212
3138 0.1805523915
3139 0.1805807619
3140 0.1806091322
3141 0.1806375025
3142 0.1806658729
3143 0.1806942432
3144 0.1807226136
3145 0.1807509839
3146 0.1807793542
3147 0.1808077246
3148 0.1808360949
3149 0.1808644653
3150 0.1808928356
3151 0.1809212059
3152 0.1809495763
3153 0.1809779466
3154 0.181006317
3155 0.1810346873
3156 0.1810630576
3157 0.181091428
3158 0.1811197983
3159 0.1811481686
3160 0.181176539
3161 0.1812049093
3162 0.1812332797
3163 0.18126165
3164 0.1812900203
3165 0.1813183907
3166 0.181346761
3167 0.1813751314
3168 0.1814035017
3169 0.181431872
3170 0.1814602424
3171 0.1814886127
3172 0.1815169831
3173 0.1815453534
3174 0.1815737237
3175 0.1816020941
3176 0.1816304644
3177 0.1816588347
3178 0.1816872051
3179 0.1817155754
3180 0.1817439458
3181 0.1817723161
3182 0.1818006864
3183 0.1818290568
3184 0.1818574271
3185 0.1818857975
3186 0.1819141678
3187 0.1819425381
3188 0.1819709085
3189 0.1819992788
3190 0.1820276492
3191 0.1820560195
3192 0.1820843898
3193 0.1821127602
3194 0.1821411305
3195 0.1821695008
3196 0.1821978712
3197 0.1822262415
3198 0.1822546119
3199 0.1822829822
3200 0.1823113525
3201 0.1823397229
3202 0.1823680932
3203 0.1823964636
3204 0.1824248339
3205 0.1824532042
3206 0.1824815746
3207 0.1825099449
3208 0.1825383153
3209 0.1825666856
3210 0.1825950559
3211 0.1826234263
3212 0.1826517966
3213 0.1826801669
3214 0.1827085373
3215 0.1827369076
3216 0.182765278
3217 0.1827936483
3218 0.1828220186
3219 0.182850389
3220 0.1828787593
3221 0.1829071297
3222 0.1829355
3223 0.1829638703
3224 0.1829922407
3225 0.183020611
3226 0.1830489814
3227 0.1830773517
3228 0.183105722
3229 0.1831340924
3230 0.1831624627
3231 0.1831908331
3232 0.1832192034
3233 0.1832475737
3234 0.1832759441
3235 0.1833043144
3236 0.1833326847
3237 0.1833610551
3238 0.1833894254
3239 0.1834177958
3240 0.1834461661
3241 0.1834745364
3242 0.1835029068
3243 0.1835312771
3244 0.1835596475
3245 0.1835880178
3246 0.1836163881
3247 0.1836447585
3248 0.1836731288
3249 0.1837014992
3250 0.1837298695
3251 0.1837582398
3252 0.1837866102
3253 0.1838149805
3254 0.1838433508
3255 0.1838717212
3256 0.1839000915
3257 0.1839284619
3258 0.1839568322
3259 0.1839852025
3260 0.1840135729
3261 0.1840419432
3262 0.1840703136
3263 0.1840986839
3264 0.1841270542
3265 0.1841554246
3266 0.1841837949
3267 0.1842121653
3268 0.1842405356
3269 0.1842689059
3270 0.1842972763
3271 0.1843256466
3272 0.1843540169
3273 0.1843823873
3274 0.1844107576
3275 0.184439128
3276 0.1844674983
3277 0.1844958686
3278 0.184524239
3279 0.1845526093
3280 0.1845809797
3281 0.18460935
3282 0.1846377203
3283 0.1846660907
3284 0.184694461
3285 0.1847228314
3286 0.1847512017
3287 0.184779572
3288 0.1848079424
3289 0.1848363127
3290 0.184864683
3291 0.1848930534
3292 0.1849214237
3293 0.1849497941
3294 0.1849722719
3295 0.1849947497
3296 0.1850172275
3297 0.1850397053
3298 0.1850621832
3299 0.185084661
3300 0.1851071388
3301 0.1851296166
3302 0.1851520944
3303 0.1851745723
3304 0.1851970501
3305 0.1852195279
3306 0.1852420057
3307 0.1852644835
3308 0.1852869614
3309 0.1853094392
3310 0.185331917
3311 0.1853543948
3312 0.1853768726
3313 0.1853993505
3314 0.1854218283
3315 0.1854443061
3316 0.1854667839
3317 0.1854892617
3318 0.1855117396
3319 0.1855342174
3320 0.1855566952
3321 0.185579173
3322 0.1856016508
3323 0.1856241287
3324 0.1856466065
3325 0.1856690843
3326 0.1856915621
3327 0.1857140399
3328 0.1857365178
3329 0.1857589956
3330 0.1857814734
3331 0.1858039512
3332 0.185826429
3333 0.1858489069
3334 0.1858713847
3335 0.1858938625
3336 0.1859163403
3337 0.1859388181
3338 0.185961296
3339 0.1859837738
3340 0.1860062516
3341 0.1860287294
3342 0.1860512072
3343 0.1860736851
3344 0.1860961629
3345 0.1861186407
3346 0.1861411185
3347 0.1861635963
3348 0.1861860742
3349 0.186208552
3350 0.1862310298
3351 0.1862535076
3352 0.1862759854
3353 0.1862984632
3354 0.1863209411
3355 0.1863434189
3356 0.1863658967
3357 0.1863883745
3358 0.1864108523
3359 0.1864333302
3360 0.186455808
3361 0.1864782858
3362 0.1865007636
3363 0.1865232414
3364 0.1865457193
3365 0.1865681971
3366 0.1865906749
3367 0.1866131527
3368 0.1866356305
3369 0.1866581084
3370 0.1866805862
3371 0.186703064
3372 0.1867255418
3373 0.1867480196
3374 0.1867704975
3375 0.1867929753
3376 0.1868154531
3377 0.1868379309
3378 0.1868604087
3379 0.1868828866
3380 0.1869053644
3381 0.1869278422
3382 0.18695032
3383 0.1869727978
3384 0.1869952757
3385 0.1870177535
3386 0.1870402313
3387 0.1870627091
3388 0.1870851869
3389 0.1871076648
3390 0.1871301426
3391 0.1871526204
3392 0.1871750982
3393 0.187197576
3394 0.1872200539
3395 0.1872425317
3396 0.1872650095
3397 0.1872874873
3398 0.1873099651
3399 0.187332443
3400 0.1873549208
3401 0.1873773986
3402 0.1873998764
3403 0.1874223542
3404 0.1874448321
3405 0.1874673099
3406 0.1874897877
3407 0.1875122655
3408 0.1875347433
3409 0.1875572212
3410 0.187579699
3411 0.1876021768
3412 0.1876246546
3413 0.1876471324
3414 0.1876696103
3415 0.1876920881
3416 0.1877145659
3417 0.1877370437
3418 0.1877595215
3419 0.1877819994
3420 0.1878044772
3421 0.187826955
3422 0.1878494328
3423 0.1878719106
3424 0.1878943885
3425 0.1879168663
3426 0.1879393441
3427 0.1879618219
3428 0.1879842997
3429 0.1880067775
3430 0.1880292554
3431 0.1880517332
3432 0.188074211
3433 0.1880966888
3434 0.1881191666
3435 0.1881416445
3436 0.1881641223
3437 0.1881866001
3438 0.1882090779
3439 0.1882315557
3440 0.1882540336
3441 0.1882765114
3442 0.1882989892
3443 0.188321467
3444 0.1883439448
3445 0.1883664227
3446 0.1883889005
3447 0.1884113783
3448 0.1884338561
3449 0.1884563339
3450 0.1884788118
3451 0.1885012896
3452 0.1885237674
3453 0.1885462452
3454 0.188568723
3455 0.1885912009
3456 0.1886136787
3457 0.1886361565
3458 0.1886586343
3459 0.1886811121
3460 0.18870359
3461 0.1887260678
3462 0.1887485456
3463 0.1887710234
3464 0.1887935012
3465 0.1888159791
3466 0.1888384569
3467 0.1888609347
3468 0.1888834125
3469 0.1889058903
3470 0.1889283682
3471 0.188950846
3472 0.1889733238
3473 0.1889958016
3474 0.1890182794
3475 0.1890407573
3476 0.1890632351
3477 0.1890857129
3478 0.1891081907
3479 0.1891306685
3480 0.1891531464
3481 0.1891756242
3482 0.189198102
3483 0.1892205798
3484 0.1892430576
3485 0.1892655355
3486 0.1892880133
3487 0.1893104911
3488 0.1893329689
3489 0.1893554467
3490 0.1893779246
3491 0.1894004024
3492 0.1894228802
3493 0.189445358
3494 0.1894678358
3495 0.1894903137
3496 0.1895127915
3497 0.1895352693
3498 0.1895577471
3499 0.1895802249
3500 0.1896027028
3501 0.1896251806
3502 0.1896476584
3503 0.1896701362
3504 0.189692614
3505 0.1897150918
3506 0.1897375697
3507 0.1897600475
3508 0.1897825253
3509 0.1898050031
3510 0.1898274809
3511 0.1898499588
3512 0.1898724366
3513 0.1898949144
3514 0.1899173922
3515 0.18993987
3516 0.1899623479
3517 0.1899848257
3518 0.1900073035
3519 0.1900297813
3520 0.1900522591
3521 0.190074737
3522 0.1900972148
3523 0.1901196926
3524 0.1901421704
3525 0.1901646482
3526 0.1901871261
3527 0.1902096039
3528 0.1902320817
3529 0.1902545595
3530 0.1902770373
3531 0.1902995152
3532 0.190321993
3533 0.1903444708
3534 0.1903669486
3535 0.1903894264
3536 0.1904119043
3537 0.1904343821
3538 0.1904568599
3539 0.1904793377
3540 0.1905018155
3541 0.1905242934
3542 0.1905467712
3543 0.190569249
3544 0.1905917268
3545 0.1906142046
3546 0.1906366825
3547 0.1906591603
3548 0.1906816381
3549 0.1907041159
3550 0.1907265937
3551 0.1907490716
3552 0.1907715494
3553 0.1907940272
3554 0.190816505
3555 0.1908389828
3556 0.1908614607
3557 0.1908839385
3558 0.1909064163
3559 0.1909288941
3560 0.1909513719
3561 0.1909738498
3562 0.1909963276
3563 0.1910188054
3564 0.1910412832
3565 0.191063761
3566 0.1910862389
3567 0.1911087167
3568 0.1911311945
3569 0.1911536723
3570 0.1911761501
3571 0.191198628
3572 0.1912211058
3573 0.1912435836
3574 0.1912660614
3575 0.1912885392
3576 0.1913110171
3577 0.1913334949
3578 0.1913559727
3579 0.1913784505
3580 0.1914009283
3581 0.1914234061
3582 0.191445884
3583 0.1914683618
3584 0.1914908396
3585 0.1915133174
3586 0.1915357952
3587 0.1915582731
3588 0.1915807509
3589 0.1916032287
3590 0.1916257065
3591 0.1916481843
3592 0.1916706622
3593 0.19169314
3594 0.1917156178
3595 0.1917380956
3596 0.1917605734
3597 0.1917830513
3598 0.1918055291
3599 0.1918280069
3600 0.1918504847
3601 0.1918729625
3602 0.1918954404
3603 0.1919179182
3604 0.191940396
3605 0.1919628738
3606 0.1919853516
3607 0.1920078295
3608 0.1920303073
3609 0.1920527851
3610 0.1920752629
3611 0.1920977407
3612 0.1921202186
3613 0.1921426964
3614 0.1921651742
3615 0.192187652
3616 0.1922101298
3617 0.1922326077
3618 0.1922550855
3619 0.1922775633
3620 0.1923000411
3621 0.1923225189
3622 0.1923449968
3623 0.1923674746
3624 0.1923899524
3625 0.1924124302
3626 0.192434908
3627 0.1924573859
3628 0.1924798637
3629 0.1925023415
3630 0.1925248193
3631 0.1925472971
3632 0.192569775
3633 0.1925922528
3634 0.1926147306
3635 0.1926372084
3636 0.1926596862
3637 0.1926821641
3638 0.1927046419
3639 0.1927271197
3640 0.1927495975
3641 0.1927720753
3642 0.1927945532
3643 0.192817031
3644 0.1928395088
3645 0.1928619866
3646 0.1928844644
3647 0.1929069423
3648 0.1929294201
3649 0.1929518979
3650 0.1929743757
3651 0.1929968535
3652 0.1930193314
3653 0.1930418092
3654 0.193064287
3655 0.1930867648
3656 0.1931092426
3657 0.1931317204
3658 0.1931541983
3659 0.193190007
3660 0.1932258157
3661 0.1932616244
3662 0.1932974331
3663 0.1933332418
3664 0.1933690505
3665 0.1934048593
3666 0.193440668
3667 0.1934764767
3668 0.1935122854
3669 0.1935480941
3670 0.1935839028
3671 0.1936197115
3672 0.1936555203
3673 0.193691329
3674 0.1937271377
3675 0.1937629464
3676 0.1937987551
3677 0.1938345638
3678 0.1938703725
3679 0.1939061812
3680 0.19394199
3681 0.1939777987
3682 0.1940136074
3683 0.1940494161
3684 0.1940852248
3685 0.1941210335
3686 0.1941568422
3687 0.1941926509
3688 0.1942284597
3689 0.1942642684
3690 0.1943000771
3691 0.1943358858
3692 0.1943716945
3693 0.1944075032
3694 0.1944433119
3695 0.1944791207
3696 0.1945149294
3697 0.1945507381
3698 0.1945865468
3699 0.1946223555
3700 0.1946581642
3701 0.1946939729
3702 0.1947297816
3703 0.1947655904
3704 0.1948013991
3705 0.1948372078
3706 0.1948730165
3707 0.1949088252
3708 0.1949446339
3709 0.1949804426
3710 0.1950162513
3711 0.1950520601
3712 0.1950878688
3713 0.1951236775
3714 0.1951594862
3715 0.1951952949
3716 0.1952311036
3717 0.1952669123
3718 0.1953027211
3719 0.1953385298
3720 0.1953743385
3721 0.1954101472
3722 0.1954459559
3723 0.1954817646
3724 0.1955175733
3725 0.195553382
3726 0.1955891908
3727 0.1956249995
3728 0.1956608082
3729 0.1956966169
3730 0.1957324256
3731 0.1957682343
3732 0.195804043
3733 0.1958398517
3734 0.1958756605
3735 0.1959114692
3736 0.1959472779
3737 0.1959830866
3738 0.1960188953
3739 0.196054704
3740 0.1960905127
3741 0.1961263215
3742 0.1961621302
3743 0.1961979389
3744 0.1962337476
3745 0.1962695563
3746 0.196305365
3747 0.1963411737
3748 0.1963769824
3749 0.1964127912
3750 0.1964485999
3751 0.1964844086
3752 0.1965202173
3753 0.196556026
3754 0.1965918347
3755 0.1966276434
3756 0.1966634521
3757 0.1966992609
3758 0.1967350696
3759 0.1967708783
3760 0.196806687
3761 0.1968424957
3762 0.1968783044
3763 0.1969141131
3764 0.1969499218
3765 0.1969857306
3766 0.1970215393
3767 0.197057348
3768 0.1970931567
3769 0.1971289654
3770 0.1971647741
3771 0.1972005828
3772 0.1972363916
3773 0.1972722003
3774 0.197308009
3775 0.1973438177
3776 0.1973796264
3777 0.1974154351
3778 0.1974512438
3779 0.1974870525
3780 0.1975228613
3781 0.19755867
3782 0.1975944787
3783 0.1976302874
3784 0.1976660961
3785 0.1977019048
3786 0.1977377135
3787 0.1977735222
3788 0.197809331
3789 0.1978451397
3790 0.1978809484
3791 0.1979167571
3792 0.1979525658
3793 0.1979883745
3794 0.1980241832
3795 0.198059992
3796 0.1980958007
3797 0.1981316094
3798 0.1981674181
3799 0.1982032268
3800 0.1982390355
3801 0.1982748442
3802 0.1983106529
3803 0.1983464617
3804 0.1983822704
3805 0.1984180791
3806 0.1984538878
3807 0.1984896965
3808 0.1985255052
3809 0.1985613139
3810 0.1985971226
3811 0.1986329314
3812 0.1986687401
3813 0.1987045488
3814 0.1987403575
3815 0.1987761662
3816 0.1988119749
3817 0.1988477836
3818 0.1988835924
3819 0.1989194011
3820 0.1989552098
3821 0.1989910185
3822 0.1990268272
3823 0.1990626359
3824 0.1990984446
3825 0.1991342533
3826 0.1991700621
3827 0.1992058708
3828 0.1992416795
3829 0.1992774882
3830 0.1993132969
3831 0.1993491056
3832 0.1993849143
3833 0.199420723
3834 0.1994565318
3835 0.1994923405
3836 0.1995281492
3837 0.1995639579
3838 0.1995997666
3839 0.1996355753
3840 0.199671384
3841 0.1997071928
3842 0.1997430015
3843 0.1997788102
3844 0.1998146189
3845 0.1998504276
3846 0.1998862363
3847 0.199922045
3848 0.1999578537
3849 0.1999936625
3850 0.2000294712
3851 0.2000652799
3852 0.2001010886
3853 0.2001368973
3854 0.200172706
3855 0.2002085147
3856 0.2002443234
3857 0.2002801322
3858 0.2003159409
3859 0.2003517496
3860 0.2003875583
3861 0.200423367
3862 0.2004591757
3863 0.2004949844
3864 0.2005307932
3865 0.2005666019
3866 0.2006024106
3867 0.2006382193
3868 0.200674028
3869 0.2007098367
3870 0.2007456454
3871 0.2007814541
3872 0.2008172629
3873 0.2008530716
3874 0.2008888803
3875 0.200924689
3876 0.2009604977
3877 0.2009963064
3878 0.2010321151
3879 0.2010679238
3880 0.2011037326
3881 0.2011395413
3882 0.20117535
3883 0.2012111587
3884 0.2012469674
3885 0.2012827761
3886 0.2013185848
3887 0.2013543936
3888 0.2013902023
3889 0.201426011
3890 0.2014618197
3891 0.2014976284
3892 0.2015334371
3893 0.2015692458
3894 0.2016050545
3895 0.2016408633
3896 0.201676672
3897 0.2017124807
3898 0.2017482894
3899 0.2017840981
3900 0.2018199068
3901 0.2018557155
3902 0.2018915242
3903 0.201927333
3904 0.2019631417
3905 0.2019989504
3906 0.2020347591
3907 0.2020705678
3908 0.2021063765
3909 0.2021421852
3910 0.2021779939
3911 0.2022138027
3912 0.2022496114
3913 0.2022854201
3914 0.2023212288
3915 0.2023570375
3916 0.2023928462
3917 0.2024286549
3918 0.2024644637
3919 0.2025002724
3920 0.2025360811
3921 0.2025718898
3922 0.2026076985
3923 0.2026435072
3924 0.2026793159
3925 0.2027151246
3926 0.2027509334
3927 0.2027867421
3928 0.2028225508
3929 0.2028583595
3930 0.2028941682
3931 0.2029299769
3932 0.2029657856
3933 0.2030015943
3934 0.2030374031
3935 0.2030732118
3936 0.2031090205
3937 0.2031448292
3938 0.2031806379
3939 0.2032164466
3940 0.2032522553
3941 0.2032880641
3942 0.2033238728
3943 0.2033596815
3944 0.2033954902
3945 0.2034312989
3946 0.2034671076
3947 0.2035029163
3948 0.203538725
3949 0.2035745338
3950 0.2036103425
3951 0.2036461512
3952 0.2036819599
3953 0.2037177686
3954 0.2037535773
3955 0.203789386
3956 0.2038251947
3957 0.2038610035
3958 0.2038968122
3959 0.2039326209
3960 0.2039684296
3961 0.2040042383
3962 0.204040047
3963 0.2040758557
3964 0.2041116645
3965 0.2041474732
3966 0.2041832819
3967 0.2042190906
3968 0.2042548993
3969 0.204290708
3970 0.2043265167
3971 0.2043623254
3972 0.2043981342
3973 0.2044339429
3974 0.2044697516
3975 0.2045055603
3976 0.204541369
3977 0.2045771777
3978 0.2046129864
3979 0.2046487951
3980 0.2046846039
3981 0.2047204126
3982 0.2047562213
3983 0.20479203
3984 0.2048278387
3985 0.2048636474
3986 0.2048994561
3987 0.2049352649
3988 0.2049710736
3989 0.2050068823
3990 0.205042691
3991 0.2050784997
3992 0.2051143084
3993 0.2051501171
3994 0.2051859258
3995 0.2052217346
3996 0.2052575433
3997 0.205293352
3998 0.2053291607
3999 0.2053649694
4000 0.2054007781
4001 0.2054365868
4002 0.2054723955
4003 0.2055082043
4004 0.205544013
4005 0.2055798217
4006 0.2056156304
4007 0.2056514391
4008 0.2056872478
4009 0.2057230565
4010 0.2057588653
4011 0.205794674
4012 0.2058304827
4013 0.2058662914
4014 0.2059021001
4015 0.2059379088
4016 0.2059737175
4017 0.2060095262
4018 0.206045335
4019 0.2060811437
4020 0.2061169524
4021 0.2061527611
4022 0.2061885698
4023 0.2062243785
4024 0.2062601872
4025 0.2062959959
4026 0.2063318047
4027 0.2063676134
4028 0.2064034221
4029 0.2064392308
4030 0.2064750395
4031 0.2065108482
4032 0.2065466569
4033 0.2065824657
4034 0.2066182744
4035 0.2066540831
4036 0.2066898918
4037 0.2067257005
4038 0.2067615092
4039 0.2067973179
4040 0.2068331266
4041 0.2068689354
4042 0.2069047441
4043 0.2069405528
4044 0.2069763615
4045 0.2070121702
4046 0.2070479789
4047 0.2070837876
4048 0.2071195963
4049 0.2071554051
4050 0.2071912138
4051 0.2072270225
4052 0.2072628312
4053 0.2072986399
4054 0.2073344486
4055 0.2073702573
4056 0.2074060661
4057 0.2074418748
4058 0.2074776835
4059 0.2075134922
4060 0.2075493009
4061 0.2075851096
4062 0.2076209183
4063 0.207656727
4064 0.2076925358
4065 0.2077283445
4066 0.2077641532
4067 0.2077999619
4068 0.2078357706
4069 0.2078715793
4070 0.207907388
4071 0.2079431967
4072 0.2079790055
4073 0.2080148142
4074 0.2080506229
4075 0.2080864316
4076 0.2081222403
4077 0.208158049
4078 0.2081938577
4079 0.2082296664
4080 0.2082654752
4081 0.2083012839
4082 0.2083370926
4083 0.2083729013
4084 0.20840871
4085 0.2084445187
4086 0.2084803274
4087 0.2085161362
4088 0.2085519449
4089 0.2085877536
4090 0.2086235623
4091 0.208659371
4092 0.2086951797
4093 0.2087309884
4094 0.2087667971
4095 0.2088026059
4096 0.2088384146
4097 0.2088742233
4098 0.208910032
4099 0.2089458407
4100 0.2089816494
4101 0.2090174581
4102 0.2090532668
4103 0.2090890756
4104 0.2091248843
4105 0.209160693
4106 0.2091965017
4107 0.2092323104
4108 0.2092681191
4109 0.2093039278
4110 0.2093397366
4111 0.2093755453
4112 0.209411354
4113 0.2094471627
4114 0.2094829714
4115 0.2095187801
4116 0.2095545888
4117 0.2095903975
4118 0.2096262063
4119 0.209662015
4120 0.2096978237
4121 0.2097336324
4122 0.2097694411
4123 0.2098052498
4124 0.2098410585
4125 0.2098768672
4126 0.209912676
4127 0.2099484847
4128 0.2099842934
4129 0.2100201021
4130 0.2100559108
4131 0.2100917195
4132 0.2101275282
4133 0.210163337
4134 0.2101991457
4135 0.2102349544
4136 0.2102707631
4137 0.2103065718
4138 0.2103423805
4139 0.2103781892
4140 0.2104139979
4141 0.2104498067
4142 0.2104856154
4143 0.2105214241
4144 0.2105572328
4145 0.2105930415
4146 0.2106288502
4147 0.2106646589
4148 0.2107004676
4149 0.2107362764
4150 0.2107720851
4151 0.2108078938
4152 0.2108437025
4153 0.2108795112
4154 0.2109153199
4155 0.2109511286
4156 0.2109869374
4157 0.2110227461
4158 0.2110585548
4159 0.2110943635
4160 0.2111301722
4161 0.2111659809
4162 0.2112017896
4163 0.2112375983
4164 0.2112734071
4165 0.2113092158
4166 0.2113450245
4167 0.2113808332
4168 0.2114166419
4169 0.2114524506
4170 0.2114882593
4171 0.211524068
4172 0.2115598768
4173 0.2115956855
4174 0.2116314942
4175 0.2116673029
4176 0.2117031116
4177 0.2117389203
4178 0.211774729
4179 0.2118105378
4180 0.2118463465
4181 0.2118821552
4182 0.2119179639
4183 0.2119537726
4184 0.2119895813
4185 0.21202539
4186 0.2120611987
4187 0.2120970075
4188 0.2121328162
4189 0.2121686249
4190 0.2122044336
4191 0.2122402423
4192 0.212276051
4193 0.2123118597
4194 0.2123476684
4195 0.2123834772
4196 0.2124192859
4197 0.2124550946
4198 0.2124909033
4199 0.212526712
4200 0.2125625207
4201 0.2125983294
4202 0.2126341382
4203 0.2126699469
4204 0.2127057556
4205 0.2127415643
4206 0.212777373
4207 0.2128131817
4208 0.2128489904
4209 0.2128847991
4210 0.2129206079
4211 0.2129564166
4212 0.2129922253
4213 0.213028034
4214 0.2130638427
4215 0.2130996514
4216 0.2131354601
4217 0.2131712688
4218 0.2132070776
4219 0.2132428863
4220 0.213278695
4221 0.2133145037
4222 0.2133503124
4223 0.2133861211
4224 0.2134219298
4225 0.2134577386
4226 0.2134935473
4227 0.213529356
4228 0.2135651647
4229 0.2136009734
4230 0.2136367821
4231 0.2136725908
4232 0.2137083995
4233 0.2137442083
4234 0.213780017
4235 0.2138158257
4236 0.2138516344
4237 0.2138874431
4238 0.2139232518
4239 0.2139590605
4240 0.2139948692
4241 0.214030678
4242 0.2140664867
4243 0.2141022954
4244 0.2141381041
4245 0.2141739128
4246 0.2142097215
4247 0.2142455302
4248 0.2142813389
4249 0.2143171477
4250 0.2143529564
4251 0.2143887651
4252 0.2144245738
4253 0.2144603825
4254 0.2144961912
4255 0.2145319999
4256 0.2145678087
4257 0.2146036174
4258 0.2146394261
4259 0.2146752348
4260 0.2147110435
4261 0.2147468522
4262 0.2147826609
4263 0.2148184696
4264 0.2148542784
4265 0.2148900871
4266 0.2149258958
4267 0.2149617045
4268 0.2149975132
4269 0.2150333219
4270 0.2150691306
4271 0.2151049393
4272 0.2151407481
4273 0.2151765568
4274 0.2152123655
4275 0.2152481742
4276 0.2152839829
4277 0.2153197916
4278 0.2153556003
4279 0.2153914091
4280 0.2154272178
4281 0.2154630265
4282 0.2154988352
4283 0.2155346439
4284 0.2155704526
4285 0.2156062613
4286 0.21564207
4287 0.2156778788
4288 0.2157136875
4289 0.2157494962
4290 0.2157853049
4291 0.2158211136
4292 0.2158569223
4293 0.215892731
4294 0.2159285397
4295 0.2159643485
4296 0.2160001572
4297 0.2160359659
4298 0.2160717746
4299 0.2161075833
4300 0.216143392
4301 0.2161792007
4302 0.2162150095
4303 0.2162508182
4304 0.2162866269
4305 0.2163224356
4306 0.2163582443
4307 0.216394053
4308 0.2164298617
4309 0.2164656704
4310 0.2165014792
4311 0.2165372879
4312 0.2165730966
4313 0.2166089053
4314 0.216644714
4315 0.2166805227
4316 0.2167163314
4317 0.2167521401
4318 0.2167879489
4319 0.2168237576
4320 0.2168595663
4321 0.216895375
4322 0.2169311837
4323 0.2169669924
4324 0.2170028011
4325 0.2170386099
4326 0.2170744186
4327 0.2171102273
4328 0.217146036
4329 0.2171818447
4330 0.2172176534
4331 0.2172534621
4332 0.2172892708
4333 0.2173250796
4334 0.2173608883
4335 0.217396697
4336 0.2174325057
4337 0.2174683144
4338 0.2175041231
4339 0.2175399318
4340 0.2175757405
4341 0.2176115493
4342 0.217647358
4343 0.2176831667
4344 0.2177189754
4345 0.2177547841
4346 0.2177905928
4347 0.2178264015
4348 0.2178622103
4349 0.217898019
4350 0.2179338277
4351 0.2179696364
4352 0.2180054451
4353 0.2180412538
4354 0.2180770625
4355 0.2181128712
4356 0.21814868
4357 0.2181844887
4358 0.2182202974
4359 0.2182561061
4360 0.2182919148
4361 0.2183277235
4362 0.2183635322
4363 0.2183993409
4364 0.2184351497
4365 0.2184709584
4366 0.2185067671
4367 0.2185425758
4368 0.2185783845
4369 0.2186141932
4370 0.2186500019
4371 0.2186858107
4372 0.2187216194
4373 0.2187574281
4374 0.2187932368
4375 0.2188290455
4376 0.2188648542
4377 0.2189006629
4378 0.2189364716
4379 0.2189722804
4380 0.2190080891
4381 0.2190438978
4382 0.2190797065
4383 0.2191155152
4384 0.2191513239
4385 0.2191871326
4386 0.2192229413
4387 0.2192587501
4388 0.2192945588
4389 0.2193352416
4390 0.2193759244
4391 0.2194166072
4392 0.21945729
4393 0.2194979728
4394 0.2195386556
4395 0.2195793384
4396 0.2196200212
4397 0.2196607041
4398 0.2197013869
4399 0.2197420697
4400 0.2197827525
4401 0.2198234353
4402 0.2198641181
4403 0.2199048009
4404 0.2199454837
4405 0.2199861665
4406 0.2200268493
4407 0.2200675322
4408 0.220108215
4409 0.2201488978
4410 0.2201895806
4411 0.2202302634
4412 0.2202709462
4413 0.220311629
4414 0.2203523118
4415 0.2203929946
4416 0.2204336774
4417 0.2204743602
4418 0.2205150431
4419 0.2205557259
4420 0.2205964087
4421 0.2206370915
4422 0.2206777743
4423 0.2207184571
4424 0.2207591399
4425 0.2207998227
4426 0.2208405055
4427 0.2208811883
4428 0.2209218711
4429 0.220962554
4430 0.2210032368
4431 0.2210439196
4432 0.2210846024
4433 0.2211252852
4434 0.221165968
4435 0.2212066508
4436 0.2212473336
4437 0.2212880164
4438 0.2213286992
4439 0.221369382
4440 0.2214100649
4441 0.2214507477
4442 0.2214914305
4443 0.2215321133
4444 0.2215727961
4445 0.2216134789
4446 0.2216541617
4447 0.2216948445
4448 0.2217355273
4449 0.2217762101
4450 0.221816893
4451 0.2218575758
4452 0.2218982586
4453 0.2219389414
4454 0.2219796242
4455 0.222020307
4456 0.2220609898
4457 0.2221016726
4458 0.2221423554
4459 0.2221830382
4460 0.222223721
4461 0.2222644039
4462 0.2223050867
4463 0.2223457695
4464 0.2223864523
4465 0.2224271351
4466 0.2224678179
4467 0.2225085007
4468 0.2225491835
4469 0.2225898663
4470 0.2226305491
4471 0.2226712319
4472 0.2227119148
4473 0.2227525976
4474 0.2227932804
4475 0.2228339632
4476 0.222874646
4477 0.2229153288
4478 0.2229560116
4479 0.2229966944
4480 0.2230373772
4481 0.22307806
4482 0.2231187429
4483 0.2231594257
4484 0.2232001085
4485 0.2232407913
4486 0.2232814741
4487 0.2233221569
4488 0.2233628397
4489 0.2234035225
4490 0.2234442053
4491 0.2234848881
4492 0.2235255709
4493 0.2235662538
4494 0.2236069366
4495 0.2236476194
4496 0.2236883022
4497 0.223728985
4498 0.2237696678
4499 0.2238103506
4500 0.2238510334
4501 0.2238917162
4502 0.223932399
4503 0.2239730818
4504 0.2240137647
4505 0.2240544475
4506 0.2240951303
4507 0.2241358131
4508 0.2241764959
4509 0.2242171787
4510 0.2242578615
4511 0.2242985443
4512 0.2243392271
4513 0.2243799099
4514 0.2244205928
4515 0.2244612756
4516 0.2245019584
4517 0.2245426412
4518 0.224583324
4519 0.2246240068
4520 0.2246646896
4521 0.2247053724
4522 0.2247460552
4523 0.224786738
4524 0.2248274208
4525 0.2248681037
4526 0.2249087865
4527 0.2249494693
4528 0.2249901521
4529 0.2250308349
4530 0.2250715177
4531 0.2251122005
4532 0.2251528833
4533 0.2251935661
4534 0.2252342489
4535 0.2252749317
4536 0.2253156146
4537 0.2253562974
4538 0.2253969802
4539 0.225437663
4540 0.2254783458
4541 0.2255190286
4542 0.2255597114
4543 0.2256003942
4544 0.225641077
4545 0.2256817598
4546 0.2257224427
4547 0.2257631255
4548 0.2258038083
4549 0.2258444911
4550 0.2258851739
4551 0.2259258567
4552 0.2259665395
4553 0.2260072223
4554 0.2260479051
4555 0.2260885879
4556 0.2261292707
4557 0.2261699536
4558 0.2262106364
4559 0.2262513192
4560 0.226292002
4561 0.2263326848
4562 0.2263733676
4563 0.2264140504
4564 0.2264547332
4565 0.226495416
4566 0.2265360988
4567 0.2265767816
4568 0.2266174645
4569 0.2266581473
4570 0.2266988301
4571 0.2267395129
4572 0.2267801957
4573 0.2268208785
4574 0.2268615613
4575 0.2269022441
4576 0.2269429269
4577 0.2269836097
4578 0.2270242926
4579 0.2270649754
4580 0.2271056582
4581 0.227146341
4582 0.2271870238
4583 0.2272277066
4584 0.2272683894
4585 0.2273090722
4586 0.227349755
4587 0.2273904378
4588 0.2274311206
4589 0.2274718035
4590 0.2275124863
4591 0.2275531691
4592 0.2275938519
4593 0.2276345347
4594 0.2276752175
4595 0.2277159003
4596 0.2277565831
4597 0.2277972659
4598 0.2278379487
4599 0.2278786315
4600 0.2279193144
4601 0.2279599972
4602 0.22800068
4603 0.2280413628
4604 0.2280820456
4605 0.2281227284
4606 0.2281634112
4607 0.228204094
4608 0.2282447768
4609 0.2282854596
4610 0.2283261424
4611 0.2283668253
4612 0.2284075081
4613 0.2284481909
4614 0.2284888737
4615 0.2285295565
4616 0.2285702393
4617 0.2286109221
4618 0.2286516049
4619 0.2286922877
4620 0.2287329705
4621 0.2287736534
4622 0.2288143362
4623 0.228855019
4624 0.2288957018
4625 0.2289363846
4626 0.2289770674
4627 0.2290177502
4628 0.229058433
4629 0.2290991158
4630 0.2291397986
4631 0.2291804814
4632 0.2292211643
4633 0.2292618471
4634 0.2293025299
4635 0.2293432127
4636 0.2293838955
4637 0.2294245783
4638 0.2294652611
4639 0.2295059439
4640 0.2295466267
4641 0.2295873095
4642 0.2296279923
4643 0.2296686752
4644 0.229709358
4645 0.2297500408
4646 0.2297907236
4647 0.2298314064
4648 0.2298720892
4649 0.229912772
4650 0.2299534548
4651 0.2299941376
4652 0.2300348204
4653 0.2300755033
4654 0.2301161861
4655 0.2301568689
4656 0.2301975517
4657 0.2302382345
4658 0.2302789173
4659 0.2303196001
4660 0.2303602829
4661 0.2304009657
4662 0.2304416485
4663 0.2304823313
4664 0.2305230142
4665 0.230563697
4666 0.2306043798
4667 0.2306450626
4668 0.2306857454
4669 0.2307264282
4670 0.230767111
4671 0.2308077938
4672 0.2308484766
4673 0.2308891594
4674 0.2309298422
4675 0.2309705251
4676 0.2310112079
4677 0.2310518907
4678 0.2310925735
4679 0.2311332563
4680 0.2311739391
4681 0.2312146219
4682 0.2312553047
4683 0.2312959875
4684 0.2313366703
4685 0.2313773532
4686 0.231418036
4687 0.2314587188
4688 0.2314994016
4689 0.2315400844
4690 0.2315807672
4691 0.23162145
4692 0.2316621328
4693 0.2317028156
4694 0.2317434984
4695 0.2317841812
4696 0.2318248641
4697 0.2318655469
4698 0.2319062297
4699 0.2319469125
4700 0.2319875953
4701 0.2320282781
4702 0.2320689609
4703 0.2321096437
4704 0.2321503265
4705 0.2321910093
4706 0.2322316921
4707 0.232272375
4708 0.2323130578
4709 0.2323537406
4710 0.2323944234
4711 0.2324351062
4712 0.232475789
4713 0.2325164718
4714 0.2325571546
4715 0.2325978374
4716 0.2326385202
4717 0.2326792031
4718 0.2327198859
4719 0.2327605687
4720 0.2328012515
4721 0.2328419343
4722 0.2328826171
4723 0.2329232999
4724 0.2329639827
4725 0.2330046655
4726 0.2330453483
4727 0.2330860311
4728 0.233126714
4729 0.2331673968
4730 0.2332080796
4731 0.2332487624
4732 0.2332894452
4733 0.233330128
4734 0.2333708108
4735 0.2334114936
4736 0.2334521764
4737 0.2334928592
4738 0.233533542
4739 0.2335742249
4740 0.2336149077
4741 0.2336555905
4742 0.2336962733
4743 0.2337369561
4744 0.2337776389
4745 0.2338183217
4746 0.2338590045
4747 0.2338996873
4748 0.2339403701
4749 0.233981053
4750 0.2340217358
4751 0.2340624186
4752 0.2341031014
4753 0.2341437842
4754 0.234184467
4755 0.2342251498
4756 0.2342658326
4757 0.2343065154
4758 0.2343471982
4759 0.234387881
4760 0.2344285639
4761 0.2344692467
4762 0.2345099295
4763 0.2345506123
4764 0.2345912951
4765 0.2346319779
4766 0.2346726607
4767 0.2347133435
4768 0.2347540263
4769 0.2347947091
4770 0.2348353919
4771 0.2348760748
4772 0.2349167576
4773 0.2349574404
4774 0.2349981232
4775 0.235038806
4776 0.2350794888
4777 0.2351201716
4778 0.2351608544
4779 0.2352015372
4780 0.23524222
4781 0.2352829028
4782 0.2353235857
4783 0.2353642685
4784 0.2354049513
4785 0.2354456341
4786 0.2354863169
4787 0.2355269997
4788 0.2355676825
4789 0.2356083653
4790 0.2356490481
4791 0.2356897309
4792 0.2357304138
4793 0.2357710966
4794 0.2358117794
4795 0.2358524622
4796 0.235893145
4797 0.2359338278
4798 0.2359745106
4799 0.2360151934
4800 0.2360558762
4801 0.236096559
4802 0.2361372418
4803 0.2361779247
4804 0.2362186075
4805 0.2362592903
4806 0.2362999731
4807 0.2363406559
4808 0.2363813387
4809 0.2364220215
4810 0.2364627043
4811 0.2365033871
4812 0.2365440699
4813 0.2365847527
4814 0.2366254356
4815 0.2366661184
4816 0.2367068012
4817 0.236747484
4818 0.2367881668
4819 0.2368288496
4820 0.2368695324
4821 0.2369102152
4822 0.236950898
4823 0.2369915808
4824 0.2370322637
4825 0.2370729465
4826 0.2371136293
4827 0.2371543121
4828 0.2371949949
4829 0.2372356777
4830 0.2372763605
4831 0.2373170433
4832 0.2373577261
4833 0.2373984089
4834 0.2374390917
4835 0.2374797746
4836 0.2375204574
4837 0.2375611402
4838 0.237601823
4839 0.2376425058
4840 0.2376831886
4841 0.2377238714
4842 0.2377645542
4843 0.237805237
4844 0.2378459198
4845 0.2378866026
4846 0.2379272855
4847 0.2379679683
4848 0.2380086511
4849 0.2380493339
4850 0.2380900167
4851 0.2381306995
4852 0.2381713823
4853 0.2382120651
4854 0.2382527479
4855 0.2382934307
4856 0.2383341136
4857 0.2383747964
4858 0.2384154792
4859 0.238456162
4860 0.2384968448
4861 0.2385375276
4862 0.2385782104
4863 0.2386188932
4864 0.238659576
4865 0.2387002588
4866 0.2387409416
4867 0.2387816245
4868 0.2388223073
4869 0.2388629901
4870 0.2389036729
4871 0.2389443557
4872 0.2389850385
4873 0.2390257213
4874 0.2390664041
4875 0.2391070869
4876 0.2391477697
4877 0.2391884525
4878 0.2392291354
4879 0.2392698182
4880 0.239310501
4881 0.2393511838
4882 0.2393918666
4883 0.2394325494
4884 0.2394732322
4885 0.239513915
4886 0.2395545978
4887 0.2395952806
4888 0.2396359635
4889 0.2396766463
4890 0.2397173291
4891 0.2397580119
4892 0.2397986947
4893 0.2398393775
4894 0.2398800603
4895 0.2399207431
4896 0.2399614259
4897 0.2400021087
4898 0.2400427915
4899 0.2400834744
4900 0.2401241572
4901 0.24016484
4902 0.2402055228
4903 0.2402462056
4904 0.2402868884
4905 0.2403275712
4906 0.240368254
4907 0.2404089368
4908 0.2404496196
4909 0.2404903024
4910 0.2405309853
4911 0.2405716681
4912 0.2406123509
4913 0.2406530337
4914 0.2406937165
4915 0.2407343993
4916 0.2407750821
4917 0.2408157649
4918 0.2408564477
4919 0.2408971305
4920 0.2409378134
4921 0.2409784962
4922 0.241019179
4923 0.2410598618
4924 0.2411005446
4925 0.2411412274
4926 0.2411819102
4927 0.241222593
4928 0.2412632758
4929 0.2413039586
4930 0.2413446414
4931 0.2413853243
4932 0.2414260071
4933 0.2414666899
4934 0.2415073727
4935 0.2415480555
4936 0.2415887383
4937 0.2416294211
4938 0.2416701039
4939 0.2417107867
4940 0.2417514695
4941 0.2417921523
4942 0.2418328352
4943 0.241873518
4944 0.2419142008
4945 0.2419548836
4946 0.2419955664
4947 0.2420362492
4948 0.242076932
4949 0.2421176148
4950 0.2421582976
4951 0.2421989804
4952 0.2422396632
4953 0.2422803461
4954 0.2423210289
4955 0.2423617117
4956 0.2424023945
4957 0.2424430773
4958 0.2424837601
4959 0.2425244429
4960 0.2425651257
4961 0.2426058085
4962 0.2426464913
4963 0.2426871742
4964 0.242727857
4965 0.2427685398
4966 0.2428092226
4967 0.2428499054
4968 0.2428905882
4969 0.242931271
4970 0.2429719538
4971 0.2430126366
4972 0.2430533194
4973 0.2430940022
4974 0.2431346851
4975 0.2431753679
4976 0.2432160507
4977 0.2432567335
4978 0.2432974163
4979 0.2433380991
4980 0.2433787819
4981 0.2434194647
4982 0.2434601475
4983 0.2435008303
4984 0.2435415131
4985 0.243582196
4986 0.2436228788
4987 0.2436635616
4988 0.2437042444
4989 0.2437449272
4990 0.24378561
4991 0.2438262928
4992 0.2438669756
4993 0.2439076584
4994 0.2439483412
4995 0.2439890241
4996 0.2440297069
4997 0.2440703897
4998 0.2441110725
4999 0.2441517553
5000 0.2441924381
5001 0.2442331209
5002 0.2442738037
5003 0.2443144865
5004 0.2443551693
5005 0.2443958521
5006 0.244436535
5007 0.2444772178
5008 0.2445179006
5009 0.2445585834
5010 0.2445992662
5011 0.244639949
5012 0.2446806318
5013 0.2447213146
5014 0.2447619974
5015 0.2448026802
5016 0.244843363
5017 0.2448840459
5018 0.2449247287
5019 0.2449654115
5020 0.2450060943
5021 0.2450467771
5022 0.2450874599
5023 0.2451281427
5024 0.2451688255
5025 0.2452095083
5026 0.2452501911
5027 0.245290874
5028 0.2453315568
5029 0.2453722396
5030 0.2454129224
5031 0.2454536052
5032 0.245494288
5033 0.2455349708
5034 0.2455756536
5035 0.2456163364
5036 0.2456570192
5037 0.245697702
5038 0.2457383849
5039 0.2457790677
5040 0.2458197505
5041 0.2458604333
5042 0.2459011161
5043 0.2459417989
5044 0.2459824817
5045 0.2460231645
5046 0.2460638473
5047 0.2461045301
5048 0.2461452129
5049 0.2461858958
5050 0.2462265786
5051 0.2462672614
5052 0.2463079442
5053 0.246348627
5054 0.2463893098
5055 0.2464299926
5056 0.2464706754
5057 0.2465113582
5058 0.246552041
5059 0.2465927239
5060 0.2466334067
5061 0.2466740895
5062 0.2467147723
5063 0.2467554551
5064 0.2467961379
5065 0.2468368207
5066 0.2468775035
5067 0.2469181863
5068 0.2469588691
5069 0.2469995519
5070 0.2470402348
5071 0.2470809176
5072 0.2471216004
5073 0.2471622832
5074 0.247202966
5075 0.2472436488
5076 0.2472843316
5077 0.2473250144
5078 0.2473656972
5079 0.24740638
5080 0.2474470628
5081 0.2474877457
5082 0.2475284285
5083 0.2475691113
5084 0.2476097941
5085 0.2476504769
5086 0.2476911597
5087 0.2477318425
5088 0.2477725253
5089 0.2478132081
5090 0.2478538909
5091 0.2478945738
5092 0.2479352566
5093 0.2479759394
5094 0.2480166222
5095 0.248057305
5096 0.2480979878
5097 0.2481386706
5098 0.2481793534
5099 0.2482200362
5100 0.248260719
5101 0.2483014018
5102 0.2483420847
5103 0.2483827675
5104 0.2484234503
5105 0.2484641331
5106 0.2485048159
5107 0.2485454987
5108 0.2485861815
5109 0.2486268643
5110 0.2486675471
5111 0.2487082299
5112 0.2487489127
5113 0.2487895956
5114 0.2488302784
5115 0.2488709612
5116 0.248911644
5117 0.2489523268
5118 0.2489930096
5119 0.2490336924
5120 0.2490743752
5121 0.249115058
5122 0.2491557408
5123 0.2491964236
5124 0.2492371065
5125 0.2492777893
5126 0.2493184721
5127 0.2493591549
5128 0.2493998377
5129 0.2494405205
5130 0.2494812033
5131 0.2495218861
5132 0.2495625689
5133 0.2496032517
5134 0.2496439346
5135 0.2496846174
5136 0.2497253002
5137 0.249765983
5138 0.2498066658
5139 0.2498473486
5140 0.2498880314
5141 0.2499287142
5142 0.249969397
5143 0.2500100798
5144 0.2500507626
5145 0.2500914455
5146 0.2501321283
5147 0.2501728111
5148 0.2502134939
5149 0.2502541767
5150 0.2502948595
5151 0.2503355423
5152 0.2503762251
5153 0.2504169079
5154 0.2504575907
5155 0.2504982735
5156 0.2505389564
5157 0.2505796392
5158 0.250620322
5159 0.2506610048
5160 0.2507016876
5161 0.2507423704
5162 0.2507830532
5163 0.250823736
5164 0.2508644188
5165 0.2509051016
5166 0.2509457845
5167 0.2509864673
5168 0.2510271501
5169 0.2510678329
5170 0.2511085157
5171 0.2511491985
5172 0.2511898813
5173 0.2512305641
5174 0.2512712469
5175 0.2513119297
5176 0.2513526125
5177 0.2513932954
5178 0.2514339782
5179 0.251474661
5180 0.2515153438
5181 0.2515560266
5182 0.2515967094
5183 0.2516373922
5184 0.251678075
5185 0.2517187578
5186 0.2517594406
5187 0.2518001234
5188 0.2518408063
5189 0.2518814891
5190 0.2519221719
5191 0.2519628547
5192 0.2520035375
5193 0.2520442203
5194 0.2520849031
5195 0.2521255859
5196 0.2521662687
5197 0.2522069515
5198 0.2522476344
5199 0.2522883172
5200 0.252329
5201 0.2523696828
5202 0.2524103656
5203 0.2524510484
5204 0.2524917312
5205 0.252532414
5206 0.2525730968
5207 0.2526137796
5208 0.2526544624
5209 0.2526951453
5210 0.2527358281
5211 0.2527765109
5212 0.2528171937
5213 0.2528578765
5214 0.2528985593
5215 0.2529392421
5216 0.2529799249
5217 0.2530206077
5218 0.2530612905
5219 0.2531019733
5220 0.2531426562
5221 0.253183339
5222 0.2532240218
5223 0.2532647046
5224 0.2533053874
5225 0.2533460702
5226 0.253386753
5227 0.2534274358
5228 0.2534681186
5229 0.2535088014
5230 0.2535494843
5231 0.2535901671
5232 0.2536308499
5233 0.2536715327
5234 0.2537122155
5235 0.2537528983
5236 0.2537935811
5237 0.2538342639
5238 0.2538749467
5239 0.2539156295
5240 0.2539563123
5241 0.2539969952
5242 0.254037678
5243 0.2540783608
5244 0.2541190436
5245 0.2541597264
5246 0.2542004092
5247 0.254241092
5248 0.2542817748
5249 0.2543224576
5250 0.2543631404
5251 0.2544038232
5252 0.2544445061
5253 0.2544851889
5254 0.2545258717
5255 0.2545665545
5256 0.2546072373
5257 0.2546479201
5258 0.2546886029
5259 0.2547292857
5260 0.2547699685
5261 0.2548106513
5262 0.2548513342
5263 0.254892017
5264 0.2549326998
5265 0.2549733826
5266 0.2550140654
5267 0.2550547482
5268 0.255095431
5269 0.2551361138
5270 0.2551767966
5271 0.2552174794
5272 0.2552581622
5273 0.2552988451
5274 0.2553395279
5275 0.2553802107
5276 0.2554208935
5277 0.2554615763
5278 0.2555022591
5279 0.2555429419
5280 0.2555836247
5281 0.2556243075
5282 0.2556649903
5283 0.2557056731
5284 0.255746356
5285 0.2557870388
5286 0.2558277216
5287 0.2558684044
5288 0.2559090872
5289 0.25594977
5290 0.2559904528
5291 0.2560311356
5292 0.2560718184
5293 0.2561125012
5294 0.256153184
5295 0.2561938669
5296 0.2562345497
5297 0.2562752325
5298 0.2563159153
5299 0.2563565981
5300 0.2563972809
5301 0.2564379637
5302 0.2564786465
5303 0.2565193293
5304 0.2565600121
5305 0.256600695
5306 0.2566413778
5307 0.2566820606
5308 0.2567227434
5309 0.2567634262
5310 0.256804109
5311 0.2568447918
5312 0.2568854746
5313 0.2569261574
5314 0.2569668402
5315 0.257007523
5316 0.2570482059
5317 0.2570888887
5318 0.2571295715
5319 0.2571702543
5320 0.2572109371
5321 0.2572516199
5322 0.2572923027
5323 0.2573329855
5324 0.2573736683
5325 0.2574143511
5326 0.2574550339
5327 0.2574957168
5328 0.2575363996
5329 0.2575770824
5330 0.2576177652
5331 0.257658448
5332 0.2576991308
5333 0.2577398136
5334 0.2577804964
5335 0.2578211792
5336 0.257861862
5337 0.2579025449
5338 0.2579432277
5339 0.2579839105
5340 0.2580245933
5341 0.2580652761
5342 0.2581059589
5343 0.2581466417
5344 0.2581873245
5345 0.2582280073
5346 0.2582686901
5347 0.2583093729
5348 0.2583500558
5349 0.2583907386
5350 0.2584314214
5351 0.2584721042
5352 0.258512787
5353 0.2585534698
5354 0.2585941526
5355 0.2586348354
5356 0.2586755182
5357 0.258716201
5358 0.2587568838
5359 0.2587975667
5360 0.2588382495
5361 0.2588789323
5362 0.2589196151
5363 0.2589602979
5364 0.2590009807
5365 0.2590416635
5366 0.2590823463
5367 0.2591230291
5368 0.2591637119
5369 0.2592043948
5370 0.2592450776
5371 0.2592857604
5372 0.2593264432
5373 0.259367126
5374 0.2594078088
5375 0.2594484916
5376 0.2594891744
5377 0.2595298572
5378 0.25957054
5379 0.2596112228
5380 0.2596519057
5381 0.2596925885
5382 0.2597332713
5383 0.2597739541
5384 0.2598146369
5385 0.2598553197
5386 0.2598960025
5387 0.2599366853
5388 0.2599773681
5389 0.2600180509
5390 0.2600587337
5391 0.2600994166
5392 0.2601400994
5393 0.2601807822
5394 0.260221465
5395 0.2602621478
5396 0.2603028306
5397 0.2603435134
5398 0.2603841962
5399 0.260424879
5400 0.2604655618
5401 0.2605062447
5402 0.2605469275
5403 0.2605876103
5404 0.2606282931
5405 0.2606689759
5406 0.2607096587
5407 0.2607503415
5408 0.2607910243
5409 0.2608317071
5410 0.2608723899
5411 0.2609130727
5412 0.2609537556
5413 0.2609944384
5414 0.2610351212
5415 0.261075804
5416 0.2611164868
5417 0.2611571696
5418 0.2611978524
5419 0.2612385352
5420 0.261279218
5421 0.2613199008
5422 0.2613605836
5423 0.2614012665
5424 0.2614419493
5425 0.2614826321
5426 0.2615233149
5427 0.2615639977
5428 0.2616046805
5429 0.2616453633
5430 0.2616860461
5431 0.2617267289
5432 0.2617674117
5433 0.2618080946
5434 0.2618487774
5435 0.2618894602
5436 0.261930143
5437 0.2619708258
5438 0.2620115086
5439 0.2620521914
5440 0.2620928742
5441 0.262133557
5442 0.2621742398
5443 0.2622149226
5444 0.2622556055
5445 0.2622962883
5446 0.2623369711
5447 0.2623776539
5448 0.2624183367
5449 0.2624590195
5450 0.2624997023
5451 0.2625403851
5452 0.2625810679
5453 0.2626217507
5454 0.2626624335
5455 0.2627031164
5456 0.2627437992
5457 0.262784482
5458 0.2628251648
5459 0.2628658476
5460 0.2629065304
5461 0.2629472132
5462 0.262987896
5463 0.2630285788
5464 0.2630692616
5465 0.2631099444
5466 0.2631506273
5467 0.2631913101
5468 0.2632319929
5469 0.2632726757
5470 0.2633133585
5471 0.2633540413
5472 0.2633947241
5473 0.2634354069
5474 0.2634760897
5475 0.2635167725
5476 0.2635574554
5477 0.2635981382
5478 0.263638821
5479 0.2636795038
5480 0.2637201866
5481 0.2637608694
5482 0.2638015522
5483 0.263842235
5484 0.2638829178
5485 0.2639526177
5486 0.2640223175
5487 0.2640920174
5488 0.2641617172
5489 0.2642314171
5490 0.264301117
5491 0.2643708168
5492 0.2644405167
5493 0.2645102165
5494 0.2645799164
5495 0.2646496162
5496 0.2647193161
5497 0.2647890159
5498 0.2648587158
5499 0.2649284156
5500 0.2649981155
5501 0.2650678153
5502 0.2651375152
5503 0.2652072151
5504 0.2652769149
5505 0.2653466148
5506 0.2654163146
5507 0.2654860145
5508 0.2655557143
5509 0.2656254142
5510 0.265695114
5511 0.2657648139
5512 0.2658345137
5513 0.2659042136
5514 0.2659739134
5515 0.2660436133
5516 0.2661133132
5517 0.266183013
5518 0.2662527129
5519 0.2663224127
5520 0.2663921126
5521 0.2664618124
5522 0.2665315123
5523 0.2666012121
5524 0.266670912
5525 0.2667406118
5526 0.2668103117
5527 0.2668800116
5528 0.2669497114
5529 0.2670194113
5530 0.2670891111
5531 0.267158811
5532 0.2672285108
5533 0.2672982107
5534 0.2673679105
5535 0.2674376104
5536 0.2675073102
5537 0.2675770101
5538 0.2676467099
5539 0.2677164098
5540 0.2677861097
5541 0.2678558095
5542 0.2679255094
5543 0.2679952092
5544 0.2680649091
5545 0.2681346089
5546 0.2682043088
5547 0.2682740086
5548 0.2683437085
5549 0.2684134083
5550 0.2684831082
5551 0.268552808
5552 0.2686225079
5553 0.2686922078
5554 0.2687619076
5555 0.2688316075
5556 0.2689013073
5557 0.2689710072
5558 0.269040707
5559 0.2691104069
5560 0.2691801067
5561 0.2692498066
5562 0.2693195064
5563 0.2693892063
5564 0.2694589061
5565 0.269528606
5566 0.2695983059
5567 0.2696680057
5568 0.2697377056
5569 0.2698074054
5570 0.2698771053
5571 0.2699468051
5572 0.270016505
5573 0.2700862048
5574 0.2701559047
5575 0.2702256045
5576 0.2702953044
5577 0.2703650043
5578 0.2704347041
5579 0.270504404
5580 0.2705741038
5581 0.2706438037
5582 0.2707135035
5583 0.2707832034
5584 0.2708529032
5585 0.2709226031
5586 0.2709923029
5587 0.2710620028
5588 0.2711317026
5589 0.2712014025
5590 0.2712711024
5591 0.2713408022
5592 0.2714105021
5593 0.2714802019
5594 0.2715499018
5595 0.2716196016
5596 0.2716893015
5597 0.2717590013
5598 0.2718287012
5599 0.271898401
5600 0.2719681009
5601 0.2720378007
5602 0.2721075006
5603 0.2721772005
5604 0.2722469003
5605 0.2723166002
5606 0.2723863
5607 0.2724559999
5608 0.2725256997
5609 0.2725953996
5610 0.2726650994
5611 0.2727347993
5612 0.2728044991
5613 0.272874199
5614 0.2729438989
5615 0.2730135987
5616 0.2730832986
5617 0.2731529984
5618 0.2732226983
5619 0.2732923981
5620 0.273362098
5621 0.2734317978
5622 0.2735014977
5623 0.2735711975
5624 0.2736408974
5625 0.2737105972
5626 0.2737802971
5627 0.273849997
5628 0.2739196968
5629 0.2739893967
5630 0.2740590965
5631 0.2741287964
5632 0.2741984962
5633 0.2742681961
5634 0.2743378959
5635 0.2744075958
5636 0.2744772956
5637 0.2745469955
5638 0.2746166953
5639 0.2746863952
5640 0.2747560951
5641 0.2748257949
5642 0.2748954948
5643 0.2749651946
5644 0.2750348945
5645 0.2751045943
5646 0.2751742942
5647 0.275243994
5648 0.2753136939
5649 0.2753833937
5650 0.2754530936
5651 0.2755227934
5652 0.2755924933
5653 0.2756621932
5654 0.275731893
5655 0.2758015929
5656 0.2758712927
5657 0.2759409926
5658 0.2760106924
5659 0.2760803923
5660 0.2761500921
5661 0.276219792
5662 0.2762894918
5663 0.2763591917
5664 0.2764288916
5665 0.2764985914
5666 0.2765682913
5667 0.2766379911
5668 0.276707691
5669 0.2767773908
5670 0.2768470907
5671 0.2769167905
5672 0.2769864904
5673 0.2770561902
5674 0.2771258901
5675 0.2771955899
5676 0.2772652898
5677 0.2773349897
5678 0.2774046895
5679 0.2774743894
5680 0.2775440892
5681 0.2776137891
5682 0.2776834889
5683 0.2777531888
5684 0.2778228886
5685 0.2778925885
5686 0.2779622883
5687 0.2780319882
5688 0.278101688
5689 0.2781713879
5690 0.2782410878
5691 0.2783107876
5692 0.2783804875
5693 0.2784501873
5694 0.2785198872
5695 0.278589587
5696 0.2786592869
5697 0.2787289867
5698 0.2787986866
5699 0.2788683864
5700 0.2789380863
5701 0.2790077862
5702 0.279077486
5703 0.2791471859
5704 0.2792168857
5705 0.2792865856
5706 0.2793562854
5707 0.2794259853
5708 0.2794956851
5709 0.279565385
5710 0.2796350848
5711 0.2797047847
5712 0.2797744845
5713 0.2798441844
5714 0.2799138843
5715 0.2799835841
5716 0.280053284
5717 0.2801229838
5718 0.2801926837
5719 0.2802623835
5720 0.2803320834
5721 0.2804017832
5722 0.2804714831
5723 0.2805411829
5724 0.2806108828
5725 0.2806805826
5726 0.2807502825
5727 0.2808199824
5728 0.2808896822
5729 0.2809593821
5730 0.2810290819
5731 0.2810987818
5732 0.2811684816
5733 0.2812381815
5734 0.2813078813
5735 0.2813775812
5736 0.281447281
5737 0.2815169809
5738 0.2815866807
5739 0.2816563806
5740 0.2817260805
5741 0.2817957803
5742 0.2818654802
5743 0.28193518
5744 0.2820048799
5745 0.2820745797
5746 0.2821442796
5747 0.2822139794
5748 0.2822836793
5749 0.2823533791
5750 0.282423079
5751 0.2824927789
5752 0.2825624787
5753 0.2826321786
5754 0.2827018784
5755 0.2827715783
5756 0.2828412781
5757 0.282910978
5758 0.2829806778
5759 0.2830503777
5760 0.2831200775
5761 0.2831897774
5762 0.2832594772
5763 0.2833291771
5764 0.283398877
5765 0.2834685768
5766 0.2835382767
5767 0.2836079765
5768 0.2836776764
5769 0.2837473762
5770 0.2838170761
5771 0.2838867759
5772 0.2839564758
5773 0.2840261756
5774 0.2840958755
5775 0.2841655753
5776 0.2842352752
5777 0.2843049751
5778 0.2843746749
5779 0.2844443748
5780 0.2845140746
5781 0.2845837745
5782 0.2846534743
5783 0.2847231742
5784 0.284792874
5785 0.2848625739
5786 0.2849322737
5787 0.2850019736
5788 0.2850716735
5789 0.2851413733
5790 0.2852110732
5791 0.285280773
5792 0.2853504729
5793 0.2854201727
5794 0.2854898726
5795 0.2855595724
5796 0.2856292723
5797 0.2856989721
5798 0.285768672
5799 0.2858383718
5800 0.2859080717
5801 0.2859777716
5802 0.2860474714
5803 0.2861171713
5804 0.2861868711
5805 0.286256571
5806 0.2863262708
5807 0.2863959707
5808 0.2864656705
5809 0.2865353704
5810 0.2866050702
5811 0.2866747701
5812 0.2867444699
5813 0.2868141698
5814 0.2868838697
5815 0.2869535695
5816 0.2870232694
5817 0.2870929692
5818 0.2871626691
5819 0.2872323689
5820 0.2873020688
5821 0.2873717686
5822 0.2874414685
5823 0.2875111683
5824 0.2875808682
5825 0.2876505681
5826 0.2877202679
5827 0.2877899678
5828 0.2878596676
5829 0.2879293675
5830 0.2879990673
5831 0.2880687672
5832 0.288138467
5833 0.2882081669
5834 0.2882778667
5835 0.2883475666
5836 0.2884172664
5837 0.2884869663
5838 0.2885566662
5839 0.288626366
5840 0.2886960659
5841 0.2887657657
5842 0.2888354656
5843 0.2889051654
5844 0.2889748653
5845 0.2890445651
5846 0.289114265
5847 0.2891839648
5848 0.2892536647
5849 0.2893233645
5850 0.2893930644
5851 0.2894627643
5852 0.2895324641
5853 0.289602164
5854 0.2896718638
5855 0.2897415637
5856 0.2898112635
5857 0.2898809634
5858 0.2899506632
5859 0.2900203631
5860 0.2900900629
5861 0.2901597628
5862 0.2902294626
5863 0.2902991625
5864 0.2903688624
5865 0.2904385622
5866 0.2905082621
5867 0.2905779619
5868 0.2906476618
5869 0.2907173616
5870 0.2907870615
5871 0.2908567613
5872 0.2909264612
5873 0.290996161
5874 0.2910658609
5875 0.2911355608
5876 0.2912052606
5877 0.2912749605
5878 0.2913446603
5879 0.2914143602
5880 0.29148406
5881 0.2915537599
5882 0.2916234597
5883 0.2916931596
5884 0.2917628594
5885 0.2918325593
5886 0.2919022591
5887 0.291971959
5888 0.2920416589
5889 0.2921113587
5890 0.2921810586
5891 0.2922507584
5892 0.2923204583
5893 0.2923901581
5894 0.292459858
5895 0.2925295578
5896 0.2925992577
5897 0.2926689575
5898 0.2927386574
5899 0.2928083572
5900 0.2928780571
5901 0.292947757
5902 0.2930174568
5903 0.2930871567
5904 0.2931568565
5905 0.2932265564
5906 0.2932962562
5907 0.2933659561
5908 0.2934356559
5909 0.2935053558
5910 0.2935750556
5911 0.2936447555
5912 0.2937144554
5913 0.2937841552
5914 0.2938538551
5915 0.2939235549
5916 0.2939932548
5917 0.2940629546
5918 0.2941326545
5919 0.2942023543
5920 0.2942720542
5921 0.294341754
5922 0.2944114539
5923 0.2944811537
5924 0.2945508536
5925 0.2946205535
5926 0.2946902533
5927 0.2947599532
5928 0.294829653
5929 0.2948993529
5930 0.2949690527
5931 0.2950387526
5932 0.2951084524
5933 0.2951781523
5934 0.2952478521
5935 0.295317552
5936 0.2953872518
5937 0.2954569517
5938 0.2955266516
5939 0.2955963514
5940 0.2956660513
5941 0.2957357511
5942 0.295805451
5943 0.2958751508
5944 0.2959448507
5945 0.2960145505
5946 0.2960842504
5947 0.2961539502
5948 0.2962236501
5949 0.2962933499
5950 0.2963630498
5951 0.2964327497
5952 0.2965024495
5953 0.2965721494
5954 0.2966418492
5955 0.2967115491
5956 0.2967812489
5957 0.2968509488
5958 0.2969206486
5959 0.2969903485
5960 0.2970600483
5961 0.2971297482
5962 0.2971994481
5963 0.2972691479
5964 0.2973388478
5965 0.2974085476
5966 0.2974782475
5967 0.2975479473
5968 0.2976176472
5969 0.297687347
5970 0.2977570469
5971 0.2978267467
5972 0.2978964466
5973 0.2979661464
5974 0.2980358463
5975 0.2981055462
5976 0.298175246
5977 0.2982449459
5978 0.2983146457
5979 0.2983843456
5980 0.2984540454
5981 0.2985237453
5982 0.2985934451
5983 0.298663145
5984 0.2987328448
5985 0.2988025447
5986 0.2988722445
5987 0.2989419444
5988 0.2990116443
5989 0.2990813441
5990 0.299151044
5991 0.2992207438
5992 0.2992904437
5993 0.2993601435
5994 0.2994298434
5995 0.2994995432
5996 0.2995692431
5997 0.2996389429
5998 0.2997086428
5999 0.2997783427
6000 0.2998480425
6001 0.2999177424
6002 0.2999874422
6003 0.3000571421
6004 0.3001268419
6005 0.3001965418
6006 0.3002662416
6007 0.3003359415
6008 0.3004056413
6009 0.3004753412
6010 0.300545041
6011 0.3006147409
6012 0.3006844408
6013 0.3007541406
6014 0.3008238405
6015 0.3008935403
6016 0.3009632402
6017 0.30103294
6018 0.3011026399
6019 0.3011723397
6020 0.3012420396
6021 0.3013117394
6022 0.3013814393
6023 0.3014511391
6024 0.301520839
6025 0.3015905389
6026 0.3016602387
6027 0.3017299386
6028 0.3017996384
6029 0.3018693383
6030 0.3019390381
6031 0.302008738
6032 0.3020784378
6033 0.3021481377
6034 0.3022178375
6035 0.3022875374
6036 0.3023572372
6037 0.3024269371
6038 0.302496637
6039 0.3025663368
6040 0.3026360367
6041 0.3027057365
6042 0.3027754364
6043 0.3028451362
6044 0.3029148361
6045 0.3029845359
6046 0.3030542358
6047 0.3031239356
6048 0.3031936355
6049 0.3032633354
6050 0.3033330352
6051 0.3034027351
6052 0.3034724349
6053 0.3035421348
6054 0.3036118346
6055 0.3036815345
6056 0.3037512343
6057 0.3038209342
6058 0.303890634
6059 0.3039603339
6060 0.3040300337
6061 0.3040997336
6062 0.3041694335
6063 0.3042391333
6064 0.3043088332
6065 0.304378533
6066 0.3044482329
6067 0.3045179327
6068 0.3045876326
6069 0.3046573324
6070 0.3047270323
6071 0.3047967321
6072 0.304866432
6073 0.3049361318
6074 0.3050058317
6075 0.3050755316
6076 0.3051452314
6077 0.3052149313
6078 0.3052846311
6079 0.305354331
6080 0.3054240308
6081 0.3054937307
6082 0.3055634305
6083 0.3056331304
6084 0.3057028302
6085 0.3057725301
6086 0.30584223
6087 0.3059119298
6088 0.3059816297
6089 0.3060513295
6090 0.3061210294
6091 0.3061907292
6092 0.3062604291
6093 0.3063301289
6094 0.3063998288
6095 0.3064695286
6096 0.3065392285
6097 0.3066089283
6098 0.3066786282
6099 0.3067483281
6100 0.3068180279
6101 0.3068877278
6102 0.3069574276
6103 0.3070271275
6104 0.3070968273
6105 0.3071665272
6106 0.307236227
6107 0.3073059269
6108 0.3073756267
6109 0.3074453266
6110 0.3075150264
6111 0.3075847263
6112 0.3076544262
6113 0.307724126
6114 0.3077938259
6115 0.3078635257
6116 0.3079332256
6117 0.3080029254
6118 0.3080726253
6119 0.3081423251
6120 0.308212025
6121 0.3082817248
6122 0.3083514247
6123 0.3084211245
6124 0.3084908244
6125 0.3085605243
6126 0.3086302241
6127 0.308699924
6128 0.3087696238
6129 0.3088393237
6130 0.3089090235
6131 0.3089787234
6132 0.3090484232
6133 0.3091181231
6134 0.3091878229
6135 0.3092575228
6136 0.3093272227
6137 0.3093969225
6138 0.3094666224
6139 0.3095363222
6140 0.3096060221
6141 0.3096757219
6142 0.3097454218
6143 0.3098151216
6144 0.3098848215
6145 0.3099545213
6146 0.3100242212
6147 0.310093921
6148 0.3101636209
6149 0.3102333208
6150 0.3103030206
6151 0.3103727205
6152 0.3104424203
6153 0.3105121202
6154 0.31058182
6155 0.3106515199
6156 0.3107212197
6157 0.3107909196
6158 0.3108606194
6159 0.3109303193
6160 0.3110000191
6161 0.311069719
6162 0.3111394189
6163 0.3112091187
6164 0.3112788186
6165 0.3113485184
6166 0.3114182183
6167 0.3114879181
6168 0.311557618
6169 0.3116273178
6170 0.3116970177
6171 0.3117667175
6172 0.3118364174
6173 0.3119061173
6174 0.3119758171
6175 0.312045517
6176 0.3121152168
6177 0.3121849167
6178 0.3122546165
6179 0.3123243164
6180 0.3123940162
6181 0.3124637161
6182 0.3125334159
6183 0.3126031158
6184 0.3126728156
6185 0.3127425155
6186 0.3128122154
6187 0.3128819152
6188 0.3129516151
6189 0.3130213149
6190 0.3130910148
6191 0.3131607146
6192 0.3132304145
6193 0.3133001143
6194 0.3133698142
6195 0.313439514
6196 0.3135092139
6197 0.3135789137
6198 0.3136486136
6199 0.3137183135
6200 0.3137880133
6201 0.3138577132
6202 0.313927413
6203 0.3139971129
6204 0.3140668127
6205 0.3141365126
6206 0.3142062124
6207 0.3142759123
6208 0.3143456121
6209 0.314415312
6210 0.3144850119
6211 0.3145547117
6212 0.3146244116
6213 0.3146941114
6214 0.3147638113
6215 0.3148335111
6216 0.314903211
6217 0.3149729108
6218 0.3150426107
6219 0.3151123105
6220 0.3151820104
6221 0.3152517102
6222 0.3153214101
6223 0.31539111
6224 0.3154608098
6225 0.3155305097
6226 0.3156002095
6227 0.3156699094
6228 0.3157396092
6229 0.3158093091
6230 0.3158790089
6231 0.3159487088
6232 0.3160184086
6233 0.3160881085
6234 0.3161578083
6235 0.3162275082
6236 0.3162972081
6237 0.3163669079
6238 0.3164366078
6239 0.3165063076
6240 0.3165760075
6241 0.3166457073
6242 0.3167154072
6243 0.316785107
6244 0.3168548069
6245 0.3169245067
6246 0.3169942066
6247 0.3170639064
6248 0.3171336063
6249 0.3172033062
6250 0.317273006
6251 0.3173427059
6252 0.3174124057
6253 0.3174821056
6254 0.3175518054
6255 0.3176215053
6256 0.3176912051
6257 0.317760905
6258 0.3178306048
6259 0.3179003047
6260 0.3179700046
6261 0.3180397044
6262 0.3181094043
6263 0.3181791041
6264 0.318248804
6265 0.3183185038
6266 0.3183882037
6267 0.3184579035
6268 0.3185276034
6269 0.3185973032
6270 0.3186670031
6271 0.3187367029
6272 0.3188064028
6273 0.3188761027
6274 0.3189458025
6275 0.3190155024
6276 0.3190852022
6277 0.3191549021
6278 0.3192246019
6279 0.3192943018
6280 0.3193640016
6281 0.3194337015
6282 0.3195034013
6283 0.3195731012
6284 0.319642801
6285 0.3197125009
6286 0.3197822008
6287 0.3198519006
6288 0.3199216005
6289 0.3199913003
6290 0.3200610002
6291 0.3201307
6292 0.3202003999
6293 0.3202700997
6294 0.3203397996
6295 0.3204094994
6296 0.3204791993
6297 0.3205488992
6298 0.320618599
6299 0.3206882989
6300 0.3207579987
6301 0.3208276986
6302 0.3208973984
6303 0.3209670983
6304 0.3210367981
6305 0.321106498
6306 0.3211761978
6307 0.3212458977
6308 0.3213155975
6309 0.3213852974
6310 0.3214549973
6311 0.3215246971
6312 0.321594397
6313 0.3216640968
6314 0.3217337967
6315 0.3218034965
6316 0.3218731964
6317 0.3219428962
6318 0.3220125961
6319 0.3220822959
6320 0.3221519958
6321 0.3222216956
6322 0.3222913955
6323 0.3223610954
6324 0.3224307952
6325 0.3225004951
6326 0.3225701949
6327 0.3226398948
6328 0.3227095946
6329 0.3227792945
6330 0.3228489943
6331 0.3229186942
6332 0.322988394
6333 0.3230580939
6334 0.3231277937
6335 0.3231974936
6336 0.3232671935
6337 0.3233368933
6338 0.3234065932
6339 0.323476293
6340 0.3235459929
6341 0.3236156927
6342 0.3236853926
6343 0.3237550924
6344 0.3238247923
6345 0.3238944921
6346 0.323964192
6347 0.3240338919
6348 0.3241035917
6349 0.3241732916
6350 0.3242429914
6351 0.3243126913
6352 0.3243823911
6353 0.324452091
6354 0.3245217908
6355 0.3245914907
6356 0.3246611905
6357 0.3247308904
6358 0.3248005902
6359 0.3248702901
6360 0.32493999
6361 0.3250096898
6362 0.3250793897
6363 0.3251490895
6364 0.3252187894
6365 0.3252884892
6366 0.3253581891
6367 0.3254278889
6368 0.3254975888
6369 0.3255672886
6370 0.3256369885
6371 0.3257066883
6372 0.3257763882
6373 0.3258460881
6374 0.3259157879
6375 0.3259854878
6376 0.3260551876
6377 0.3261248875
6378 0.3261945873
6379 0.3262642872
6380 0.326333987
6381 0.3264036869
6382 0.3264733867
6383 0.3265430866
6384 0.3266127865
6385 0.3266824863
6386 0.3267521862
6387 0.326821886
6388 0.3268915859
6389 0.3269612857
6390 0.3270309856
6391 0.3271006854
6392 0.3271703853
6393 0.3272400851
6394 0.327309785
6395 0.3273794848
6396 0.3274491847
6397 0.3275188846
6398 0.3275885844
6399 0.3276582843
6400 0.3277279841
6401 0.327797684
6402 0.3278673838
6403 0.3279370837
6404 0.3280067835
6405 0.3280764834
6406 0.3281461832
6407 0.3282158831
6408 0.3282855829
6409 0.3283552828
6410 0.3284249827
6411 0.3284946825
6412 0.3285643824
6413 0.3286340822
6414 0.3287037821
6415 0.3287734819
6416 0.3288431818
6417 0.3289128816
6418 0.3289825815
6419 0.3290522813
6420 0.3291219812
6421 0.329191681
6422 0.3292613809
6423 0.3293310808
6424 0.3294007806
6425 0.3294704805
6426 0.3295401803
6427 0.3296098802
6428 0.32967958
6429 0.3297492799
6430 0.3298189797
6431 0.3298886796
6432 0.3299583794
6433 0.3300280793
6434 0.3300977792
6435 0.330167479
6436 0.3302371789
6437 0.3303068787
6438 0.3303765786
6439 0.3304462784
6440 0.3305159783
6441 0.3305856781
6442 0.330655378
6443 0.3307250778
6444 0.3307947777
6445 0.3308644775
6446 0.3309341774
6447 0.3310038773
6448 0.3310735771
6449 0.331143277
6450 0.3312129768
6451 0.3312826767
6452 0.3313523765
6453 0.3314220764
6454 0.3314917762
6455 0.3315614761
6456 0.3316311759
6457 0.3317008758
6458 0.3317705756
6459 0.3318402755
6460 0.3319099754
6461 0.3319796752
6462 0.3320493751
6463 0.3321190749
6464 0.3321887748
6465 0.3322584746
6466 0.3323281745
6467 0.3323978743
6468 0.3324675742
6469 0.332537274
6470 0.3326069739
6471 0.3326766738
6472 0.3327463736
6473 0.3328160735
6474 0.3328857733
6475 0.3329554732
6476 0.333025173
6477 0.3330948729
6478 0.3331645727
6479 0.3332342726
6480 0.3333039724
6481 0.3333736723
6482 0.3334433721
6483 0.333513072
6484 0.3335827719
6485 0.3336524717
6486 0.3337221716
6487 0.3337918714
6488 0.3338615713
6489 0.3339312711
6490 0.334000971
6491 0.3340706708
6492 0.3341403707
6493 0.3342100705
6494 0.3342797704
6495 0.3343494702
6496 0.3344191701
6497 0.33448887
6498 0.3345585698
6499 0.3346282697
6500 0.3346979695
6501 0.3347676694
6502 0.3348373692
6503 0.3349070691
6504 0.3349767689
6505 0.3350464688
6506 0.3351161686
6507 0.3351858685
6508 0.3352555683
6509 0.3353252682
6510 0.3353949681
6511 0.3354646679
6512 0.3355343678
6513 0.3356040676
6514 0.3356737675
6515 0.3357434673
6516 0.3358131672
6517 0.335882867
6518 0.3359525669
6519 0.3360222667
6520 0.3360919666
6521 0.3361616665
6522 0.3362313663
6523 0.3363010662
6524 0.336370766
6525 0.3364404659
6526 0.3365101657
6527 0.3365798656
6528 0.3366495654
6529 0.3367192653
6530 0.3367889651
6531 0.336858665
6532 0.3369283648
6533 0.3369980647
6534 0.3370677646
6535 0.3371374644
6536 0.3372071643
6537 0.3372768641
6538 0.337346564
6539 0.3374162638
6540 0.3374859637
6541 0.3375556635
6542 0.3376253634
6543 0.3376950632
6544 0.3377647631
6545 0.3378344629
6546 0.3379041628
6547 0.3379738627
6548 0.3380435625
6549 0.3381132624
6550 0.3381829622
6551 0.3382526621
6552 0.3383223619
6553 0.3383920618
6554 0.3384617616
6555 0.3385314615
6556 0.3386011613
6557 0.3386708612
6558 0.3387405611
6559 0.3388102609
6560 0.3388799608
6561 0.3389496606
6562 0.3390193605
6563 0.3390890603
6564 0.3391587602
6565 0.33922846
6566 0.3392981599
6567 0.3393678597
6568 0.3394375596
6569 0.3395072594
6570 0.3395769593
6571 0.3396466592
6572 0.339716359
6573 0.3397860589
6574 0.3398557587
6575 0.3399254586
6576 0.3399951584
6577 0.3400648583
6578 0.3401345581
6579 0.340204258
6580 0.3402739578
6581 0.3403436577
6582 0.3404133575
6583 0.3404830574
6584 0.3405527573
6585 0.3406224571
6586 0.340692157
6587 0.3407618568
6588 0.3408315567
6589 0.3409012565
6590 0.3409709564
6591 0.3410406562
6592 0.3411103561
6593 0.3411800559
6594 0.3412497558
6595 0.3413194557
6596 0.3413891555
6597 0.3414588554
6598 0.3415285552
6599 0.3415982551
6600 0.3416679549
6601 0.3417376548
6602 0.3418073546
6603 0.3418770545
6604 0.3419467543
6605 0.3420164542
6606 0.342086154
6607 0.3421558539
6608 0.3422255538
6609 0.3422952536
6610 0.3423649535
6611 0.3424346533
6612 0.3425043532
6613 0.342574053
6614 0.3426437529
6615 0.3427134527
6616 0.3427831526
6617 0.3428528524
6618 0.3429225523
6619 0.3429922521
6620 0.343061952
6621 0.3431316519
6622 0.3432013517
6623 0.3432710516
6624 0.3433407514
6625 0.3434104513
6626 0.3434801511
6627 0.343549851
6628 0.3436195508
6629 0.3436892507
6630 0.3437589505
6631 0.3438286504
6632 0.3438983502
6633 0.3439680501
6634 0.34403775
6635 0.3441074498
6636 0.3441771497
6637 0.3442468495
6638 0.3443165494
6639 0.3443862492
6640 0.3444559491
6641 0.3445256489
6642 0.3445953488
6643 0.3446650486
6644 0.3447347485
6645 0.3448044484
6646 0.3448741482
6647 0.3449438481
6648 0.3450135479
6649 0.3450832478
6650 0.3451529476
6651 0.3452226475
6652 0.3452923473
6653 0.3453620472
6654 0.345431747
6655 0.3455014469
6656 0.3455711467
6657 0.3456408466
6658 0.3457105465
6659 0.3457802463
6660 0.3458499462
6661 0.345919646
6662 0.3459893459
6663 0.3460590457
6664 0.3461287456
6665 0.3461984454
6666 0.3462681453
6667 0.3463378451
6668 0.346407545
6669 0.3464772448
6670 0.3465469447
6671 0.3466166446
6672 0.3466863444
6673 0.3467560443
6674 0.3468257441
6675 0.346895444
6676 0.3469651438
6677 0.3470348437
6678 0.3471045435
6679 0.3471742434
6680 0.3472439432
6681 0.3473136431
6682 0.347383343
6683 0.3474530428
6684 0.3475227427
6685 0.3475924425
6686 0.3476621424
6687 0.3477318422
6688 0.3478015421
6689 0.3478712419
6690 0.3479409418
6691 0.3480106416
6692 0.3480803415
6693 0.3481500413
6694 0.3482197412
6695 0.3482894411
6696 0.3483591409
6697 0.3484288408
6698 0.3484985406
6699 0.3485682405
6700 0.3486379403
6701 0.3487076402
6702 0.34877734
6703 0.3488470399
6704 0.3489167397
6705 0.3489864396
6706 0.3490561394
6707 0.3491258393
6708 0.3491955392
6709 0.349265239
6710 0.3493349389
6711 0.3494046387
6712 0.3494743386
6713 0.3495440384
6714 0.3496137383
6715 0.3496834381
6716 0.349753138
6717 0.3498228378
6718 0.3498925377
6719 0.3499622375
6720 0.3500319374
6721 0.3501016373
6722 0.3501713371
6723 0.350241037
6724 0.3503107368
6725 0.3503804367
6726 0.3504501365
6727 0.3505198364
6728 0.3505895362
6729 0.3506592361
6730 0.3507289359
6731 0.3507986358
6732 0.3508683357
6733 0.3509380355
6734 0.3510077354
6735 0.3510774352
6736 0.3511471351
6737 0.3512168349
6738 0.3512865348
6739 0.3513562346
6740 0.3514259345
6741 0.3514956343
6742 0.3515653342
6743 0.351635034
6744 0.3517047339
6745 0.3517744338
6746 0.3518441336
6747 0.3519138335
6748 0.3519835333
6749 0.3520532332
6750 0.352122933
6751 0.3521926329
6752 0.3522623327
6753 0.3523320326
6754 0.3524017324
6755 0.3524714323
6756 0.3525411321
6757 0.352610832
6758 0.3526805319
6759 0.3527502317
6760 0.3528199316
6761 0.3528896314
6762 0.3529593313
6763 0.3530290311
6764 0.353098731
6765 0.3531684308
6766 0.3532381307
6767 0.3533078305
6768 0.3533775304
6769 0.3534472303
6770 0.3535169301
6771 0.35358663
6772 0.3536563298
6773 0.3537260297
6774 0.3537957295
6775 0.3538654294
6776 0.3539351292
6777 0.3540048291
6778 0.3540745289
6779 0.3541442288
6780 0.3542139286
6781 0.3542836285
6782 0.3543533284
6783 0.3544230282
6784 0.3544927281
6785 0.3545624279
6786 0.3546321278
6787 0.3547018276
6788 0.3547715275
6789 0.3548412273
6790 0.3549109272
6791 0.354980627
6792 0.3550503269
6793 0.3551200267
6794 0.3551897266
6795 0.3552594265
6796 0.3553291263
6797 0.3553988262
6798 0.355468526
6799 0.3555382259
6800 0.3556079257
6801 0.3556776256
6802 0.3557473254
6803 0.3558170253
6804 0.3558867251
6805 0.355956425
6806 0.3560261248
6807 0.3560958247
6808 0.3561655246
6809 0.3562352244
6810 0.3563049243
6811 0.3563746241
6812 0.356444324
6813 0.3565140238
6814 0.3565837237
6815 0.3566534235
6816 0.3567231234
6817 0.3567928232
6818 0.3568625231
6819 0.356932223
6820 0.3570019228
6821 0.3570716227
6822 0.3571413225
6823 0.3572110224
6824 0.3572807222
6825 0.3573504221
6826 0.3574201219
6827 0.3574898218
6828 0.3575595216
6829 0.3576292215
6830 0.3576989213
6831 0.3577686212
6832 0.3578383211
6833 0.3579080209
6834 0.3579777208
6835 0.3580474206
6836 0.3581171205
6837 0.3581868203
6838 0.3582565202
6839 0.35832622
6840 0.3583959199
6841 0.3584656197
6842 0.3585353196
6843 0.3586050194
6844 0.3586747193
6845 0.3587444192
6846 0.358814119
6847 0.3588838189
6848 0.3589535187
6849 0.3590232186
6850 0.3590929184
6851 0.3591626183
6852 0.3592323181
6853 0.359302018
6854 0.3593717178
6855 0.3594414177
6856 0.3595111176
6857 0.3595808174
6858 0.3596505173
6859 0.3597202171
6860 0.359789917
6861 0.3598596168
6862 0.3599293167
6863 0.3599990165
6864 0.3600687164
6865 0.3601384162
6866 0.3602081161
6867 0.3602778159
6868 0.3603475158
6869 0.3604172157
6870 0.3604869155
6871 0.3605566154
6872 0.3606263152
6873 0.3606960151
6874 0.3607657149
6875 0.3608354148
6876 0.3609051146
6877 0.3609748145
6878 0.3610445143
6879 0.3611142142
6880 0.361183914
6881 0.3612536139
6882 0.3613233138
6883 0.3613930136
6884 0.3614627135
6885 0.3615324133
6886 0.3616021132
6887 0.361671813
6888 0.3617415129
6889 0.3618112127
6890 0.3618809126
6891 0.3619506124
6892 0.3620203123
6893 0.3620900121
6894 0.362159712
6895 0.3622294119
6896 0.3622991117
6897 0.3623688116
6898 0.3624385114
6899 0.3625082113
6900 0.3625779111
6901 0.362647611
6902 0.3627173108
6903 0.3627870107
6904 0.3628567105
6905 0.3629264104
6906 0.3629961103
6907 0.3630658101
6908 0.36313551
6909 0.3632052098
6910 0.3632749097
6911 0.3633446095
6912 0.3634143094
6913 0.3634840092
6914 0.3635537091
6915 0.3636234089
6916 0.3636931088
6917 0.3637628086
6918 0.3638325085
6919 0.3639022084
6920 0.3639719082
6921 0.3640416081
6922 0.3641113079
6923 0.3641810078
6924 0.3642507076
6925 0.3643204075
6926 0.3643901073
6927 0.3644598072
6928 0.364529507
6929 0.3645992069
6930 0.3646689067
6931 0.3647386066
6932 0.3648083065
6933 0.3648780063
6934 0.3649477062
6935 0.365017406
6936 0.3650871059
6937 0.3651568057
6938 0.3652265056
6939 0.3652962054
6940 0.3653659053
6941 0.3654356051
6942 0.365505305
6943 0.3655750049
6944 0.3656447047
6945 0.3657144046
6946 0.3657841044
6947 0.3658538043
6948 0.3659235041
6949 0.365993204
6950 0.3660629038
6951 0.3661326037
6952 0.3662023035
6953 0.3662720034
6954 0.3663417032
6955 0.3664114031
6956 0.366481103
6957 0.3665508028
6958 0.3666205027
6959 0.3666902025
6960 0.3667599024
6961 0.3668296022
6962 0.3668993021
6963 0.3669690019
6964 0.3670387018
6965 0.3671084016
6966 0.3671781015
6967 0.3672478013
6968 0.3673175012
6969 0.3673872011
6970 0.3674569009
6971 0.3675266008
6972 0.3675963006
6973 0.3676660005
6974 0.3677357003
6975 0.3678054002
6976 0.3678751
6977 0.3679447999
6978 0.3680144997
6979 0.3680841996
6980 0.3681538995
6981 0.3682235993
6982 0.3682932992
6983 0.368362999
6984 0.3684326989
6985 0.3685023987
6986 0.3685720986
6987 0.3686417984
6988 0.3687114983
6989 0.3687811981
6990 0.368850898
6991 0.3689205978
6992 0.3689902977
6993 0.3690599976
6994 0.3691296974
6995 0.3691993973
6996 0.3692690971
6997 0.369338797
6998 0.3694084968
6999 0.3694781967
7000 0.3695478965
7001 0.3696175964
7002 0.3696872962
7003 0.3697569961
7004 0.3698266959
7005 0.3698963958
7006 0.3699660957
7007 0.3700357955
7008 0.3701054954
7009 0.3701751952
7010 0.3702448951
7011 0.3703145949
7012 0.3703842948
7013 0.3704539946
7014 0.3705236945
7015 0.3705933943
7016 0.3706630942
7017 0.370732794
7018 0.3708024939
7019 0.3708721938
7020 0.3709418936
7021 0.3710115935
7022 0.3710812933
7023 0.3711509932
7024 0.371220693
7025 0.3712903929
7026 0.3713600927
7027 0.3714297926
7028 0.3714994924
7029 0.3715691923
7030 0.3716388922
7031 0.371708592
7032 0.3717782919
7033 0.3718479917
7034 0.3719176916
7035 0.3719873914
7036 0.3720570913
7037 0.3721267911
7038 0.372196491
7039 0.3722661908
7040 0.3723358907
7041 0.3724055905
7042 0.3724752904
7043 0.3725449903
7044 0.3726146901
7045 0.37268439
7046 0.3727540898
7047 0.3728237897
7048 0.3728934895
7049 0.3729631894
7050 0.3730328892
7051 0.3731025891
7052 0.3731722889
7053 0.3732419888
7054 0.3733116886
7055 0.3733813885
7056 0.3734510884
7057 0.3735207882
7058 0.3735904881
7059 0.3736601879
7060 0.3737298878
7061 0.3737995876
7062 0.3738692875
7063 0.3739389873
7064 0.3740086872
7065 0.374078387
7066 0.3741480869
7067 0.3742177868
7068 0.3742874866
7069 0.3743571865
7070 0.3744268863
7071 0.3744965862
7072 0.374566286
7073 0.3746359859
7074 0.3747056857
7075 0.3747753856
7076 0.3748450854
7077 0.3749147853
7078 0.3749844851
7079 0.375054185
7080 0.3751238849
7081 0.3751935847
7082 0.3752632846
7083 0.3753329844
7084 0.3754026843
7085 0.3754723841
7086 0.375542084
7087 0.3756117838
7088 0.3756814837
7089 0.3757511835
7090 0.3758208834
7091 0.3758905832
7092 0.3759602831
7093 0.376029983
7094 0.3760996828
7095 0.3761693827
7096 0.3762390825
7097 0.3763087824
7098 0.3763784822
7099 0.3764481821
7100 0.3765178819
7101 0.3765875818
7102 0.3766572816
7103 0.3767269815
7104 0.3767966813
7105 0.3768663812
7106 0.3769360811
7107 0.3770057809
7108 0.3770754808
7109 0.3771451806
7110 0.3772148805
7111 0.3772845803
7112 0.3773542802
7113 0.37742398
7114 0.3774936799
7115 0.3775633797
7116 0.3776330796
7117 0.3777027795
7118 0.3777724793
7119 0.3778421792
7120 0.377911879
7121 0.3779815789
7122 0.3780512787
7123 0.3781209786
7124 0.3781906784
7125 0.3782603783
7126 0.3783300781
7127 0.378399778
7128 0.3784694778
7129 0.3785391777
7130 0.3786088776
7131 0.3786785774
7132 0.3787482773
7133 0.3788179771
7134 0.378887677
7135 0.3789573768
7136 0.3790270767
7137 0.3790967765
7138 0.3791664764
7139 0.3792361762
7140 0.3793058761
7141 0.3793755759
7142 0.3794452758
7143 0.3795149757
7144 0.3795846755
7145 0.3796543754
7146 0.3797240752
7147 0.3797937751
7148 0.3798634749
7149 0.3799331748
7150 0.3800028746
7151 0.3800725745
7152 0.3801422743
7153 0.3802119742
7154 0.3802816741
7155 0.3803513739
7156 0.3804210738
7157 0.3804907736
7158 0.3805604735
7159 0.3806301733
7160 0.3806998732
7161 0.380769573
7162 0.3808392729
7163 0.3809089727
7164 0.3809786726
7165 0.3810483724
7166 0.3811180723
7167 0.3811877722
7168 0.381257472
7169 0.3813271719
7170 0.3813968717
7171 0.3814665716
7172 0.3815362714
7173 0.3816059713
7174 0.3816756711
7175 0.381745371
7176 0.3818150708
7177 0.3818847707
7178 0.3819544705
7179 0.3820241704
7180 0.3820938703
7181 0.3821635701
7182 0.38223327
7183 0.3823029698
7184 0.3823726697
7185 0.3824423695
7186 0.3825120694
7187 0.3825817692
7188 0.3826514691
7189 0.3827211689
7190 0.3827908688
7191 0.3828605686
7192 0.3829302685
7193 0.3829999684
7194 0.3830696682
7195 0.3831393681
7196 0.3832090679
7197 0.3832787678
7198 0.3833484676
7199 0.3834181675
7200 0.3834878673
7201 0.3835575672
7202 0.383627267
7203 0.3836969669
7204 0.3837666668
7205 0.3838363666
7206 0.3839060665
7207 0.3839757663
7208 0.3840454662
7209 0.384115166
7210 0.3841848659
7211 0.3842545657
7212 0.3843242656
7213 0.3843939654
7214 0.3844636653
7215 0.3845333651
7216 0.384603065
7217 0.3846727649
7218 0.3847424647
7219 0.3848121646
7220 0.3848818644
7221 0.3849515643
7222 0.3850212641
7223 0.385090964
7224 0.3851606638
7225 0.3852303637
7226 0.3853000635
7227 0.3853697634
7228 0.3854394632
7229 0.3855091631
7230 0.385578863
7231 0.3856485628
7232 0.3857182627
7233 0.3857879625
7234 0.3858576624
7235 0.3859273622
7236 0.3859970621
7237 0.3860667619
7238 0.3861364618
7239 0.3862061616
7240 0.3862758615
7241 0.3863455614
7242 0.3864152612
7243 0.3864849611
7244 0.3865546609
7245 0.3866243608
7246 0.3866940606
7247 0.3867637605
7248 0.3868334603
7249 0.3869031602
7250 0.38697286
7251 0.3870425599
7252 0.3871122597
7253 0.3871819596
7254 0.3872516595
7255 0.3873213593
7256 0.3873910592
7257 0.387460759
7258 0.3875304589
7259 0.3876001587
7260 0.3876698586
7261 0.3877395584
7262 0.3878092583
7263 0.3878789581
7264 0.387948658
7265 0.3880183578
7266 0.3880880577
7267 0.3881577576
7268 0.3882274574
7269 0.3882971573
7270 0.3883668571
7271 0.388436557
7272 0.3885062568
7273 0.3885759567
7274 0.3886456565
7275 0.3887153564
7276 0.3887850562
7277 0.3888547561
7278 0.3889244559
7279 0.3889941558
7280 0.3890638557
7281 0.3891335555
7282 0.3892032554
7283 0.3892729552
7284 0.3893426551
7285 0.3894123549
7286 0.3894820548
7287 0.3895517546
7288 0.3896214545
7289 0.3896911543
7290 0.3897608542
7291 0.3898305541
7292 0.3899002539
7293 0.3899699538
7294 0.3900396536
7295 0.3901093535
7296 0.3901790533
7297 0.3902487532
7298 0.390318453
7299 0.3903881529
7300 0.3904578527
7301 0.3905275526
7302 0.3905972524
7303 0.3906669523
7304 0.3907366522
7305 0.390806352
7306 0.3908760519
7307 0.3909457517
7308 0.3910154516
7309 0.3910851514
7310 0.3911548513
7311 0.3912245511
7312 0.3913128903
7313 0.3914012295
7314 0.3914895687
7315 0.3915779079
7316 0.3916662471
7317 0.3917545863
7318 0.3918429255
7319 0.3919312647
7320 0.3920196039
7321 0.3921079432
7322 0.3921962824
7323 0.3922846216
7324 0.3923729608
7325 0.3924613
7326 0.3925496392
7327 0.3926379784
7328 0.3927263176
7329 0.3928146568
7330 0.392902996
7331 0.3929913352
7332 0.3930796744
7333 0.3931680136
7334 0.3932563528
7335 0.393344692
7336 0.3934330312
7337 0.3935213704
7338 0.3936097096
7339 0.3936980488
7340 0.393786388
7341 0.3938747272
7342 0.3939630664
7343 0.3940514056
7344 0.3941397448
7345 0.394228084
7346 0.3943164232
7347 0.3944047624
7348 0.3944931016
7349 0.3945814408
7350 0.39466978
7351 0.3947581192
7352 0.3948464584
7353 0.3949347976
7354 0.3950231368
7355 0.395111476
7356 0.3951998152
7357 0.3952881544
7358 0.3953764936
7359 0.3954648328
7360 0.395553172
7361 0.3956415112
7362 0.3957298504
7363 0.3958181896
7364 0.3959065288
7365 0.395994868
7366 0.3960832072
7367 0.3961715464
7368 0.3962598856
7369 0.3963482248
7370 0.396436564
7371 0.3965249032
7372 0.3966132424
7373 0.3967015816
7374 0.3967899208
7375 0.39687826
7376 0.3969665992
7377 0.3970549384
7378 0.3971432776
7379 0.3972316169
7380 0.3973199561
7381 0.3974082953
7382 0.3974966345
7383 0.3975849737
7384 0.3976733129
7385 0.3977616521
7386 0.3978499913
7387 0.3979383305
7388 0.3980266697
7389 0.3981150089
7390 0.3982033481
7391 0.3982916873
7392 0.3983800265
7393 0.3984683657
7394 0.3985567049
7395 0.3986450441
7396 0.3987333833
7397 0.3988217225
7398 0.3989100617
7399 0.3989984009
7400 0.3990867401
7401 0.3991750793
7402 0.3992634185
7403 0.3993517577
7404 0.3994400969
7405 0.3995284361
7406 0.3996167753
7407 0.3997051145
7408 0.3997934537
7409 0.3998817929
7410 0.3999701321
7411 0.4000584713
7412 0.4001468105
7413 0.4002351497
7414 0.4003234889
7415 0.4004118281
7416 0.4005001673
7417 0.4005885065
7418 0.4006768457
7419 0.4007651849
7420 0.4008535241
7421 0.4009418633
7422 0.4010302025
7423 0.4011185417
7424 0.4012068809
7425 0.4012952201
7426 0.4013835593
7427 0.4014718985
7428 0.4015602377
7429 0.4016485769
7430 0.4017369161
7431 0.4018252553
7432 0.4019135945
7433 0.4020019337
7434 0.4020902729
7435 0.4021786121
7436 0.4022669513
7437 0.4023552906
7438 0.4024436298
7439 0.402531969
7440 0.4026203082
7441 0.4027086474
7442 0.4027969866
7443 0.4028853258
7444 0.402973665
7445 0.4030620042
7446 0.4031503434
7447 0.4032386826
7448 0.4033270218
7449 0.403415361
7450 0.4035037002
7451 0.4035920394
7452 0.4036803786
7453 0.4037687178
7454 0.403857057
7455 0.4039453962
7456 0.4040337354
7457 0.4041220746
7458 0.4042104138
7459 0.404298753
7460 0.4043870922
7461 0.4044754314
7462 0.4045637706
7463 0.4046521098
7464 0.404740449
7465 0.4048287882
7466 0.4049171274
7467 0.4050054666
7468 0.4050938058
7469 0.405182145
7470 0.4052704842
7471 0.4053588234
7472 0.4054471626
7473 0.4055355018
7474 0.405623841
7475 0.4057121802
7476 0.4058005194
7477 0.4058888586
7478 0.4059771978
7479 0.406065537
7480 0.4061538762
7481 0.4062422154
7482 0.4063305546
7483 0.4064188938
7484 0.406507233
7485 0.4065955722
7486 0.4066839114
7487 0.4067722506
7488 0.4068605898
7489 0.406948929
7490 0.4070372682
7491 0.4071256074
7492 0.4072139466
7493 0.4073022858
7494 0.4073906251
7495 0.4074789643
7496 0.4075673035
7497 0.4076556427
7498 0.4077439819
7499 0.4078323211
7500 0.4079206603
7501 0.4080089995
7502 0.4080973387
7503 0.4081856779
7504 0.4082740171
7505 0.4083623563
7506 0.4084506955
7507 0.4085390347
7508 0.4086273739
7509 0.4087157131
7510 0.4088040523
7511 0.4088923915
7512 0.4089807307
7513 0.4090690699
7514 0.4091574091
7515 0.4092457483
7516 0.4093340875
7517 0.4094224267
7518 0.4095107659
7519 0.4095991051
7520 0.4096874443
7521 0.4097757835
7522 0.4098641227
7523 0.4099524619
7524 0.4100408011
7525 0.4101291403
7526 0.4102174795
7527 0.4103058187
7528 0.4103941579
7529 0.4104824971
7530 0.4105708363
7531 0.4106591755
7532 0.4107475147
7533 0.4108358539
7534 0.4109241931
7535 0.4110125323
7536 0.4111008715
7537 0.4111892107
7538 0.4112775499
7539 0.4113658891
7540 0.4114542283
7541 0.4115425675
7542 0.4116309067
7543 0.4117192459
7544 0.4118075851
7545 0.4118959243
7546 0.4119842635
7547 0.4120726027
7548 0.4121609419
7549 0.4122492811
7550 0.4123376203
7551 0.4124259595
7552 0.4125142988
7553 0.412602638
7554 0.4126909772
7555 0.4127793164
7556 0.4128676556
7557 0.4129559948
7558 0.413044334
7559 0.4131326732
7560 0.4132210124
7561 0.4133093516
7562 0.4133976908
7563 0.41348603
7564 0.4135743692
7565 0.4136627084
7566 0.4137510476
7567 0.4138393868
7568 0.413927726
7569 0.4140160652
7570 0.4141044044
7571 0.4141927436
7572 0.4142810828
7573 0.414369422
7574 0.4144577612
7575 0.4145461004
7576 0.4146344396
7577 0.4147227788
7578 0.414811118
7579 0.4148994572
7580 0.4149877964
7581 0.4150761356
7582 0.4151644748
7583 0.415252814
7584 0.4153411532
7585 0.4154294924
7586 0.4155178316
7587 0.4156061708
7588 0.41569451
7589 0.4157828492
7590 0.4158711884
7591 0.4159595276
7592 0.4160478668
7593 0.416136206
7594 0.4162245452
7595 0.4163128844
7596 0.4164012236
7597 0.4164895628
7598 0.416577902
7599 0.4166662412
7600 0.4167545804
7601 0.4168429196
7602 0.4169312588
7603 0.417019598
7604 0.4171079372
7605 0.4171962764
7606 0.4172846156
7607 0.4173729548
7608 0.417461294
7609 0.4175496332
7610 0.4176379725
7611 0.4177263117
7612 0.4178146509
7613 0.4179029901
7614 0.4179913293
7615 0.4180796685
7616 0.4181680077
7617 0.4182563469
7618 0.4183446861
7619 0.4184330253
7620 0.4185213645
7621 0.4186097037
7622 0.4186980429
7623 0.4187863821
7624 0.4188747213
7625 0.4189630605
7626 0.4190513997
7627 0.4191397389
7628 0.4192280781
7629 0.4193164173
7630 0.4194047565
7631 0.4194930957
7632 0.4195814349
7633 0.4196697741
7634 0.4197581133
7635 0.4198464525
7636 0.4199347917
7637 0.4200231309
7638 0.4201114701
7639 0.4201998093
7640 0.4202881485
7641 0.4203764877
7642 0.4204648269
7643 0.4205531661
7644 0.4206415053
7645 0.4207298445
7646 0.4208181837
7647 0.4209065229
7648 0.4209948621
7649 0.4210832013
7650 0.4211715405
7651 0.4212598797
7652 0.4213482189
7653 0.4214365581
7654 0.4215248973
7655 0.4216132365
7656 0.4217015757
7657 0.4217899149
7658 0.4218782541
7659 0.4219665933
7660 0.4220549325
7661 0.4221432717
7662 0.4222316109
7663 0.4223199501
7664 0.4224082893
7665 0.4224966285
7666 0.4225849677
7667 0.422673307
7668 0.4227616462
7669 0.4228499854
7670 0.4229383246
7671 0.4230266638
7672 0.423115003
7673 0.4232033422
7674 0.4232916814
7675 0.4233800206
7676 0.4234683598
7677 0.423556699
7678 0.4236450382
7679 0.4237333774
7680 0.4238217166
7681 0.4239100558
7682 0.423998395
7683 0.4240867342
7684 0.4241750734
7685 0.4242634126
7686 0.4243517518
7687 0.424440091
7688 0.4245284302
7689 0.4246167694
7690 0.4247051086
7691 0.4247934478
7692 0.424881787
7693 0.4249701262
7694 0.4250584654
7695 0.4251468046
7696 0.4252351438
7697 0.425323483
7698 0.4254118222
7699 0.4255001614
7700 0.4255885006
7701 0.4256768398
7702 0.425765179
7703 0.4258535182
7704 0.4259418574
7705 0.4260301966
7706 0.4261185358
7707 0.426206875
7708 0.4262952142
7709 0.4263835534
7710 0.4264718926
7711 0.4265602318
7712 0.426648571
7713 0.4267369102
7714 0.4268252494
7715 0.4269135886
7716 0.4270019278
7717 0.427090267
7718 0.4271786062
7719 0.4272669454
7720 0.4273552846
7721 0.4274436238
7722 0.427531963
7723 0.4276203022
7724 0.4277086414
7725 0.4277969807
7726 0.4278853199
7727 0.4279736591
7728 0.4280619983
7729 0.4281503375
7730 0.4282386767
7731 0.4283270159
7732 0.4284153551
7733 0.4285036943
7734 0.4285920335
7735 0.4286803727
7736 0.4287687119
7737 0.4288570511
7738 0.4289453903
7739 0.4290337295
7740 0.4291220687
7741 0.4292104079
7742 0.4292987471
7743 0.4293870863
7744 0.4294754255
7745 0.4295637647
7746 0.4296521039
7747 0.4297404431
7748 0.4298287823
7749 0.4299171215
7750 0.4300054607
7751 0.4300937999
7752 0.4301821391
7753 0.4302704783
7754 0.4303588175
7755 0.4304471567
7756 0.4305354959
7757 0.4306238351
7758 0.4307121743
7759 0.4308005135
7760 0.4308888527
7761 0.4309771919
7762 0.4310655311
7763 0.4311538703
7764 0.4312422095
7765 0.4313305487
7766 0.4314188879
7767 0.4315072271
7768 0.4315955663
7769 0.4316839055
7770 0.4317722447
7771 0.4318605839
7772 0.4319489231
7773 0.4320372623
7774 0.4321256015
7775 0.4322139407
7776 0.4323022799
7777 0.4323906191
7778 0.4324789583
7779 0.4325672975
7780 0.4326556367
7781 0.4327439759
7782 0.4328323151
7783 0.4329206544
7784 0.4330089936
7785 0.4330973328
7786 0.433185672
7787 0.4332740112
7788 0.4333623504
7789 0.4334506896
7790 0.4335390288
7791 0.433627368
7792 0.4337157072
7793 0.4338040464
7794 0.4338923856
7795 0.4339807248
7796 0.434069064
7797 0.4341574032
7798 0.4342457424
7799 0.4343340816
7800 0.4344224208
7801 0.43451076
7802 0.4345990992
7803 0.4346874384
7804 0.4347757776
7805 0.4348641168
7806 0.434952456
7807 0.4350407952
7808 0.4351291344
7809 0.4352174736
7810 0.4353058128
7811 0.435394152
7812 0.4354824912
7813 0.4355708304
7814 0.4356591696
7815 0.4357475088
7816 0.435835848
7817 0.4359241872
7818 0.4360125264
7819 0.4361008656
7820 0.4361892048
7821 0.436277544
7822 0.4363658832
7823 0.4364542224
7824 0.4365425616
7825 0.4366309008
7826 0.43671924
7827 0.4368075792
7828 0.4368959184
7829 0.4369842576
7830 0.4370725968
7831 0.437160936
7832 0.4372492752
7833 0.4373376144
7834 0.4374259536
7835 0.4375142928
7836 0.437602632
7837 0.4376909712
7838 0.4377793104
7839 0.4378676496
7840 0.4379559888
7841 0.4380443281
7842 0.4381326673
7843 0.4382210065
7844 0.4383093457
7845 0.4383976849
7846 0.4384860241
7847 0.4385743633
7848 0.4386627025
7849 0.4387510417
7850 0.4388393809
7851 0.4389277201
7852 0.4390160593
7853 0.4391043985
7854 0.4391927377
7855 0.4392810769
7856 0.4393694161
7857 0.4394577553
7858 0.4395460945
7859 0.4396344337
7860 0.4397227729
7861 0.4398111121
7862 0.4398994513
7863 0.4399877905
7864 0.4400761297
7865 0.4401644689
7866 0.4402528081
7867 0.4403411473
7868 0.4404294865
7869 0.4405178257
7870 0.4406061649
7871 0.4406945041
7872 0.4407828433
7873 0.4408711825
7874 0.4409595217
7875 0.4410478609
7876 0.4411362001
7877 0.4412245393
7878 0.4413128785
7879 0.4414012177
7880 0.4414895569
7881 0.4415778961
7882 0.4416662353
7883 0.4417545745
7884 0.4418429137
7885 0.4419312529
7886 0.4420195921
7887 0.4421079313
7888 0.4421962705
7889 0.4422846097
7890 0.4423729489
7891 0.4424612881
7892 0.4425496273
7893 0.4426379665
7894 0.4427263057
7895 0.4428146449
7896 0.4429029841
7897 0.4429913233
7898 0.4430796626
7899 0.4431680018
7900 0.443256341
7901 0.4433446802
7902 0.4434330194
7903 0.4435213586
7904 0.4436096978
7905 0.443698037
7906 0.4437863762
7907 0.4438747154
7908 0.4439630546
7909 0.4440513938
7910 0.444139733
7911 0.4442280722
7912 0.4443164114
7913 0.4444047506
7914 0.4444930898
7915 0.444581429
7916 0.4446697682
7917 0.4447581074
7918 0.4448464466
7919 0.4449347858
7920 0.445023125
7921 0.4451114642
7922 0.4451998034
7923 0.4452881426
7924 0.4453764818
7925 0.445464821
7926 0.4455531602
7927 0.4456414994
7928 0.4457298386
7929 0.4458181778
7930 0.445906517
7931 0.4459948562
7932 0.4460831954
7933 0.4461715346
7934 0.4462598738
7935 0.446348213
7936 0.4464365522
7937 0.4465248914
7938 0.4466132306
7939 0.4467015698
7940 0.446789909
7941 0.4468782482
7942 0.4469665874
7943 0.4470549266
7944 0.4471432658
7945 0.447231605
7946 0.4473199442
7947 0.4474082834
7948 0.4474966226
7949 0.4475849618
7950 0.447673301
7951 0.4477616402
7952 0.4478499794
7953 0.4479383186
7954 0.4480266578
7955 0.448114997
7956 0.4482033363
7957 0.4482916755
7958 0.4483800147
7959 0.4484683539
7960 0.4485566931
7961 0.4486450323
7962 0.4487333715
7963 0.4488217107
7964 0.4489100499
7965 0.4489983891
7966 0.4490867283
7967 0.4491750675
7968 0.4492634067
7969 0.4493517459
7970 0.4494400851
7971 0.4495284243
7972 0.4496167635
7973 0.4497051027
7974 0.4497934419
7975 0.4498817811
7976 0.4499701203
7977 0.4500584595
7978 0.4501467987
7979 0.4502351379
7980 0.4503234771
7981 0.4504118163
7982 0.4505001555
7983 0.4505884947
7984 0.4506768339
7985 0.4507651731
7986 0.4508535123
7987 0.4509418515
7988 0.4510301907
7989 0.4511185299
7990 0.4512068691
7991 0.4512952083
7992 0.4513835475
7993 0.4514718867
7994 0.4515602259
7995 0.4516485651
7996 0.4517369043
7997 0.4518252435
7998 0.4519135827
7999 0.4520019219
8000 0.4520902611
8001 0.4521786003
8002 0.4522669395
8003 0.4523552787
8004 0.4524436179
8005 0.4525319571
8006 0.4526202963
8007 0.4527086355
8008 0.4527969747
8009 0.4528853139
8010 0.4529736531
8011 0.4530619923
8012 0.4531503315
8013 0.4532386707
8014 0.45332701
8015 0.4534153492
8016 0.4535036884
8017 0.4535920276
8018 0.4536803668
8019 0.453768706
8020 0.4538570452
8021 0.4539453844
8022 0.4540337236
8023 0.4541220628
8024 0.454210402
8025 0.4542987412
8026 0.4543870804
8027 0.4544754196
8028 0.4545637588
8029 0.454652098
8030 0.4547404372
8031 0.4548287764
8032 0.4549171156
8033 0.4550054548
8034 0.455093794
8035 0.4551821332
8036 0.4552704724
8037 0.4553588116
8038 0.4554471508
8039 0.45553549
8040 0.4556238292
8041 0.4557121684
8042 0.4558005076
8043 0.4558888468
8044 0.455977186
8045 0.4560655252
8046 0.4561538644
8047 0.4562422036
8048 0.4563305428
8049 0.456418882
8050 0.4565072212
8051 0.4565955604
8052 0.4566838996
8053 0.4567722388
8054 0.456860578
8055 0.4569489172
8056 0.4570372564
8057 0.4571255956
8058 0.4572139348
8059 0.457302274
8060 0.4573906132
8061 0.4574789524
8062 0.4575672916
8063 0.4576556308
8064 0.45774397
8065 0.4578323092
8066 0.4579206484
8067 0.4580089876
8068 0.4580973268
8069 0.458185666
8070 0.4582740052
8071 0.4583623445
8072 0.4584506837
8073 0.4585390229
8074 0.4586273621
8075 0.4587157013
8076 0.4588040405
8077 0.4588923797
8078 0.4589807189
8079 0.4590690581
8080 0.4591573973
8081 0.4592457365
8082 0.4593340757
8083 0.4594224149
8084 0.4595107541
8085 0.4595990933
8086 0.4596874325
8087 0.4597757717
8088 0.4598641109
8089 0.4599524501
8090 0.4600407893
8091 0.4601291285
8092 0.4602174677
8093 0.4603058069
8094 0.4603941461
8095 0.4604824853
8096 0.4605708245
8097 0.4606591637
8098 0.4607475029
8099 0.4608358421
8100 0.4609241813
8101 0.4610125205
8102 0.4611008597
8103 0.4611891989
8104 0.4612775381
8105 0.4613658773
8106 0.4614542165
8107 0.4615425557
8108 0.4616308949
8109 0.4617192341
8110 0.4618075733
8111 0.4618959125
8112 0.4619842517
8113 0.4620725909
8114 0.4621609301
8115 0.4622492693
8116 0.4623376085
8117 0.4624259477
8118 0.4625142869
8119 0.4626026261
8120 0.4626909653
8121 0.4627793045
8122 0.4628676437
8123 0.4629559829
8124 0.4630443221
8125 0.4631326613
8126 0.4632210005
8127 0.4633093397
8128 0.4633976789
8129 0.4634860182
8130 0.4635743574
8131 0.4636626966
8132 0.4637510358
8133 0.463839375
8134 0.4639277142
8135 0.4640160534
8136 0.4641043926
8137 0.4641927318
8138 0.464281071
8139 0.4643694102
8140 0.4644577494
8141 0.4645460886
8142 0.4646344278
8143 0.464722767
8144 0.4648111062
8145 0.4648994454
8146 0.4649877846
8147 0.4650761238
8148 0.465164463
8149 0.4652528022
8150 0.4653411414
8151 0.4654294806
8152 0.4655178198
8153 0.465606159
8154 0.4656944982
8155 0.4657828374
8156 0.4658711766
8157 0.4659595158
8158 0.466047855
8159 0.4661361942
8160 0.4662245334
8161 0.4663128726
8162 0.4664012118
8163 0.466489551
8164 0.4665778902
8165 0.4666662294
8166 0.4667545686
8167 0.4668429078
8168 0.466931247
8169 0.4670195862
8170 0.4671079254
8171 0.4671962646
8172 0.4672846038
8173 0.467372943
8174 0.4674612822
8175 0.4675496214
8176 0.4676379606
8177 0.4677262998
8178 0.467814639
8179 0.4679029782
8180 0.4679913174
8181 0.4680796566
8182 0.4681679958
8183 0.468256335
8184 0.4683446742
8185 0.4684330134
8186 0.4685213526
8187 0.4686096919
8188 0.4686980311
8189 0.4687863703
8190 0.4688747095
8191 0.4689630487
8192 0.4690513879
8193 0.4691397271
8194 0.4692280663
8195 0.4693164055
8196 0.4694047447
8197 0.4694930839
8198 0.4695814231
8199 0.4696697623
8200 0.4697581015
8201 0.4698464407
8202 0.4699347799
8203 0.4700231191
8204 0.4701114583
8205 0.4701997975
8206 0.4702881367
8207 0.4703764759
8208 0.4704648151
8209 0.4705531543
8210 0.4706414935
8211 0.4707298327
8212 0.4708181719
8213 0.4709065111
8214 0.4709948503
8215 0.4710831895
8216 0.4711715287
8217 0.4712598679
8218 0.4713482071
8219 0.4714365463
8220 0.4715248855
8221 0.4716132247
8222 0.4717015639
8223 0.4717899031
8224 0.4718782423
8225 0.4719665815
8226 0.4720549207
8227 0.4721432599
8228 0.4722315991
8229 0.4723199383
8230 0.4724082775
8231 0.4724966167
8232 0.4725849559
8233 0.4726732951
8234 0.4727616343
8235 0.4728499735
8236 0.4729383127
8237 0.4730266519
8238 0.4731149911
8239 0.4732033303
8240 0.4732916695
8241 0.4733800087
8242 0.4734683479
8243 0.4735566871
8244 0.4736450264
8245 0.4737333656
8246 0.4738217048
8247 0.473910044
8248 0.4739983832
8249 0.4740867224
8250 0.4741750616
8251 0.4742634008
8252 0.47435174
8253 0.4744400792
8254 0.4745284184
8255 0.4746167576
8256 0.4747050968
8257 0.474793436
8258 0.4748817752
8259 0.4749701144
8260 0.4750584536
8261 0.4751467928
8262 0.475235132
8263 0.4753234712
8264 0.4754118104
8265 0.4755001496
8266 0.4755884888
8267 0.475676828
8268 0.4757651672
8269 0.4758535064
8270 0.4759418456
8271 0.4760301848
8272 0.476118524
8273 0.4762068632
8274 0.4762952024
8275 0.4763835416
8276 0.4764718808
8277 0.47656022
8278 0.4766485592
8279 0.4767368984
8280 0.4768252376
8281 0.4769135768
8282 0.477001916
8283 0.4770902552
8284 0.4771785944
8285 0.4772669336
8286 0.4773552728
8287 0.477443612
8288 0.4775319512
8289 0.4776202904
8290 0.4777086296
8291 0.4777969688
8292 0.477885308
8293 0.4779736472
8294 0.4780619864
8295 0.4781503256
8296 0.4782386648
8297 0.478327004
8298 0.4784153432
8299 0.4785036824
8300 0.4785920216
8301 0.4786803608
8302 0.4787687001
8303 0.4788570393
8304 0.4789453785
8305 0.4790337177
8306 0.4791220569
8307 0.4792103961
8308 0.4792987353
8309 0.4793870745
8310 0.4794754137
8311 0.4795637529
8312 0.4796520921
8313 0.4797404313
8314 0.4798287705
8315 0.4799171097
8316 0.4800054489
8317 0.4800937881
8318 0.4801821273
8319 0.4802704665
8320 0.4803588057
8321 0.4804471449
8322 0.4805354841
8323 0.4806238233
8324 0.4807121625
8325 0.4808005017
8326 0.4808888409
8327 0.4809771801
8328 0.4810655193
8329 0.4811538585
8330 0.4812421977
8331 0.4813305369
8332 0.4814188761
8333 0.4815072153
8334 0.4815955545
8335 0.4816838937
8336 0.4817722329
8337 0.4818605721
8338 0.4819489113
8339 0.4820372505
8340 0.4821255897
8341 0.4822139289
8342 0.4823022681
8343 0.4823906073
8344 0.4824789465
8345 0.4825672857
8346 0.4826556249
8347 0.4827439641
8348 0.4828323033
8349 0.4829206425
8350 0.4830089817
8351 0.4830973209
8352 0.4831856601
8353 0.4832739993
8354 0.4833623385
8355 0.4834506777
8356 0.4835390169
8357 0.4836273561
8358 0.4837156953
8359 0.4838040345
8360 0.4838923738
8361 0.483980713
8362 0.4840690522
8363 0.4841573914
8364 0.4842457306
8365 0.4843340698
8366 0.484422409
8367 0.4845107482
8368 0.4845990874
8369 0.4846874266
8370 0.4847757658
8371 0.484864105
8372 0.4849524442
8373 0.4850407834
8374 0.4851291226
8375 0.4852174618
8376 0.485305801
8377 0.4853941402
8378 0.4854824794
8379 0.4855708186
8380 0.4856591578
8381 0.485747497
8382 0.4858358362
8383 0.4859241754
8384 0.4860125146
8385 0.4861008538
8386 0.486189193
8387 0.4862775322
8388 0.4863658714
8389 0.4864542106
8390 0.4865425498
8391 0.486630889
8392 0.4867192282
8393 0.4868075674
8394 0.4868959066
8395 0.4869842458
8396 0.487072585
8397 0.4871609242
8398 0.4872492634
8399 0.4873376026
8400 0.4874259418
8401 0.487514281
8402 0.4876026202
8403 0.4876909594
8404 0.4877792986
8405 0.4878676378
8406 0.487955977
8407 0.4880443162
8408 0.4881326554
8409 0.4882209946
8410 0.4883093338
8411 0.488397673
8412 0.4884860122
8413 0.4885743514
8414 0.4886626906
8415 0.4887510298
8416 0.488839369
8417 0.4889277083
8418 0.4890160475
8419 0.4891043867
8420 0.4891927259
8421 0.4892810651
8422 0.4893694043
8423 0.4894577435
8424 0.4895460827
8425 0.4896344219
8426 0.4897227611
8427 0.4898111003
8428 0.4898994395
8429 0.4899877787
8430 0.4900761179
8431 0.4901644571
8432 0.4902527963
8433 0.4903411355
8434 0.4904294747
8435 0.4905178139
8436 0.4906061531
8437 0.4906944923
8438 0.4907828315
8439 0.4908711707
8440 0.4909595099
8441 0.4910478491
8442 0.4911361883
8443 0.4912245275
8444 0.4913128667
8445 0.4914012059
8446 0.4914895451
8447 0.4915778843
8448 0.4916662235
8449 0.4917545627
8450 0.4918429019
8451 0.4919312411
8452 0.4920195803
8453 0.4921079195
8454 0.4921962587
8455 0.4922845979
8456 0.4923729371
8457 0.4924612763
8458 0.4925496155
8459 0.4926379547
8460 0.4927262939
8461 0.4928146331
8462 0.4929029723
8463 0.4929913115
8464 0.4930796507
8465 0.4931679899
8466 0.4932563291
8467 0.4933446683
8468 0.4934330075
8469 0.4935213467
8470 0.4936096859
8471 0.4936980251
8472 0.4937863643
8473 0.4938747035
8474 0.4939630427
8475 0.494051382
8476 0.4941397212
8477 0.4942280604
8478 0.4943163996
8479 0.4944047388
8480 0.494493078
8481 0.4945814172
8482 0.4946697564
8483 0.4947580956
8484 0.4948464348
8485 0.494934774
8486 0.4950231132
8487 0.4951114524
8488 0.4951997916
8489 0.4952881308
8490 0.49537647
8491 0.4954648092
8492 0.4955531484
8493 0.4956414876
8494 0.4957298268
8495 0.495818166
8496 0.4959065052
8497 0.4959948444
8498 0.4960831836
8499 0.4961715228
8500 0.496259862
8501 0.4963482012
8502 0.4964365404
8503 0.4965248796
8504 0.4966132188
8505 0.496701558
8506 0.4967898972
8507 0.4968782364
8508 0.4969665756
8509 0.4970549148
8510 0.497143254
8511 0.4972315932
8512 0.4973199324
8513 0.4974082716
8514 0.4974966108
8515 0.49758495
8516 0.4976732892
8517 0.4977616284
8518 0.4978499676
8519 0.4979383068
8520 0.498026646
8521 0.4981149852
8522 0.4982033244
8523 0.4982916636
8524 0.4983800028
8525 0.498468342
8526 0.4985566812
8527 0.4986450204
8528 0.4987333596
8529 0.4988216988
8530 0.498910038
8531 0.4989983772
8532 0.4990867164
8533 0.4991750557
8534 0.4992633949
8535 0.4993517341
8536 0.4994400733
8537 0.4995284125
8538 0.4996167517
8539 0.4997050909
8540 0.4997934301
8541 0.4998817693
8542 0.4999701085
8543 0.5000584477
8544 0.5001467869
8545 0.5002351261
8546 0.5003234653
8547 0.5004118045
8548 0.5005001437
8549 0.5005884829
8550 0.5006768221
8551 0.5007651613
8552 0.5008535005
8553 0.5009418397
8554 0.5010301789
8555 0.5011185181
8556 0.5012068573
8557 0.5012951965
8558 0.5013835357
8559 0.5014718749
8560 0.5015602141
8561 0.5016485533
8562 0.5017368925
8563 0.5018252317
8564 0.5019135709
8565 0.5020019101
8566 0.5020902493
8567 0.5021785885
8568 0.5022669277
8569 0.5023552669
8570 0.5024436061
8571 0.5025319453
8572 0.5026202845
8573 0.5027086237
8574 0.5027969629
8575 0.5028853021
8576 0.5029736413
8577 0.5030619805
8578 0.5031503197
8579 0.5032386589
8580 0.5033269981
8581 0.5034153373
8582 0.5035036765
8583 0.5035920157
8584 0.5036803549
8585 0.5037686941
8586 0.5038570333
8587 0.5039453725
8588 0.5040337117
8589 0.5041220509
8590 0.5042103902
8591 0.5042987294
8592 0.5043870686
8593 0.5044754078
8594 0.504563747
8595 0.5046520862
8596 0.5047404254
8597 0.5048287646
8598 0.5049171038
8599 0.505005443
8600 0.5050937822
8601 0.5051821214
8602 0.5052704606
8603 0.5053587998
8604 0.505447139
8605 0.5055354782
8606 0.5056238174
8607 0.5057121566
8608 0.5058004958
8609 0.505888835
8610 0.5059771742
8611 0.5060655134
8612 0.5061538526
8613 0.5062421918
8614 0.506330531
8615 0.5064188702
8616 0.5065072094
8617 0.5065955486
8618 0.5066838878
8619 0.506772227
8620 0.5068605662
8621 0.5069489054
8622 0.5070372446
8623 0.5071255838
8624 0.507213923
8625 0.5073022622
8626 0.5073906014
8627 0.5074789406
8628 0.5075672798
8629 0.507655619
8630 0.5077439582
8631 0.5078322974
8632 0.5079206366
8633 0.5080089758
8634 0.508097315
8635 0.5081856542
8636 0.5082739934
8637 0.5083623326
8638 0.5084506718
8639 0.508539011
8640 0.5086273502
8641 0.5087156894
8642 0.5088040286
8643 0.5088923678
8644 0.508980707
8645 0.5090690462
8646 0.5091573854
8647 0.5092457246
8648 0.5093340639
8649 0.5094224031
8650 0.5095107423
8651 0.5095990815
8652 0.5096874207
8653 0.5097757599
8654 0.5098640991
8655 0.5099524383
8656 0.5100407775
8657 0.5101291167
8658 0.5102174559
8659 0.5103057951
8660 0.5103941343
8661 0.5104824735
8662 0.5105708127
8663 0.5106591519
8664 0.5107474911
8665 0.5108358303
8666 0.5109241695
8667 0.5110125087
8668 0.5111008479
8669 0.5111891871
8670 0.5112775263
8671 0.5113658655
8672 0.5114542047
8673 0.5115425439
8674 0.5116308831
8675 0.5117192223
8676 0.5118075615
8677 0.5118959007
8678 0.5119842399
8679 0.5120725791
8680 0.5121609183
8681 0.5122492575
8682 0.5123375967
8683 0.5124259359
8684 0.5125142751
8685 0.5126026143
8686 0.5126909535
8687 0.5127792927
8688 0.5128676319
8689 0.5129559711
8690 0.5130443103
8691 0.5131326495
8692 0.5132209887
8693 0.5133093279
8694 0.5133976671
8695 0.5134860063
8696 0.5135743455
8697 0.5136626847
8698 0.5137510239
8699 0.5138393631
8700 0.5139277023
8701 0.5140160415
8702 0.5141043807
8703 0.5141927199
8704 0.5142810591
8705 0.5143693983
8706 0.5144577376
8707 0.5145460768
8708 0.514634416
8709 0.5147227552
8710 0.5148110944
8711 0.5148994336
8712 0.5149877728
8713 0.515076112
8714 0.5151644512
8715 0.5152527904
8716 0.5153411296
8717 0.5154294688
8718 0.515517808
8719 0.5156061472
8720 0.5156944864
8721 0.5157828256
8722 0.5158711648
8723 0.515959504
8724 0.5160478432
8725 0.5161361824
8726 0.5162245216
8727 0.5163128608
8728 0.5164012
8729 0.5164895392
8730 0.5165778784
8731 0.5166662176
8732 0.5167545568
8733 0.516842896
8734 0.5169312352
8735 0.5170195744
8736 0.5171079136
8737 0.5171962528
8738 0.517284592
8739 0.5173729312
8740 0.5174612704
8741 0.5175496096
8742 0.5176379488
8743 0.517726288
8744 0.5178146272
8745 0.5179029664
8746 0.5179913056
8747 0.5180796448
8748 0.518167984
8749 0.5182563232
8750 0.5183446624
8751 0.5184330016
8752 0.5185213408
8753 0.51860968
8754 0.5186980192
8755 0.5187863584
8756 0.5188746976
8757 0.5189630368
8758 0.519051376
8759 0.5191397152
8760 0.5192280544
8761 0.5193163936
8762 0.5194047328
8763 0.5194930721
8764 0.5195814113
8765 0.5196697505
8766 0.5197580897
8767 0.5198464289
8768 0.5199347681
8769 0.5200231073
8770 0.5201114465
8771 0.5201997857
8772 0.5202881249
8773 0.5203764641
8774 0.5204648033
8775 0.5205531425
8776 0.5206414817
8777 0.5207298209
8778 0.5208181601
8779 0.5209064993
8780 0.5209948385
8781 0.5210831777
8782 0.5211715169
8783 0.5212598561
8784 0.5213481953
8785 0.5214365345
8786 0.5215248737
8787 0.5216132129
8788 0.5217015521
8789 0.5217898913
8790 0.5218782305
8791 0.5219665697
8792 0.5220549089
8793 0.5221432481
8794 0.5222315873
8795 0.5223199265
8796 0.5224082657
8797 0.5224966049
8798 0.5225849441
8799 0.5226732833
8800 0.5227616225
8801 0.5228499617
8802 0.5229383009
8803 0.5230266401
8804 0.5231149793
8805 0.5232033185
8806 0.5232916577
8807 0.5233799969
8808 0.5234683361
8809 0.5235566753
8810 0.5236450145
8811 0.5237333537
8812 0.5238216929
8813 0.5239100321
8814 0.5239983713
8815 0.5240867105
8816 0.5241750497
8817 0.5242633889
8818 0.5243517281
8819 0.5244400673
8820 0.5245284065
8821 0.5246167458
8822 0.524705085
8823 0.5247934242
8824 0.5248817634
8825 0.5249701026
8826 0.5250584418
8827 0.525146781
8828 0.5252351202
8829 0.5253234594
8830 0.5254117986
8831 0.5255001378
8832 0.525588477
8833 0.5256768162
8834 0.5257651554
8835 0.5258534946
8836 0.5259418338
8837 0.526030173
8838 0.5261185122
8839 0.5262068514
8840 0.5262951906
8841 0.5263835298
8842 0.526471869
8843 0.5265602082
8844 0.5266485474
8845 0.5267368866
8846 0.5268252258
8847 0.526913565
8848 0.5270019042
8849 0.5270902434
8850 0.5271785826
8851 0.5272669218
8852 0.527355261
8853 0.5274436002
8854 0.5275319394
8855 0.5276202786
8856 0.5277086178
8857 0.527796957
8858 0.5278852962
8859 0.5279736354
8860 0.5280619746
8861 0.5281503138
8862 0.528238653
8863 0.5283269922
8864 0.5284153314
8865 0.5285036706
8866 0.5285920098
8867 0.528680349
8868 0.5287686882
8869 0.5288570274
8870 0.5289453666
8871 0.5290337058
8872 0.529122045
8873 0.5292103842
8874 0.5292987234
8875 0.5293870626
8876 0.5294754018
8877 0.529563741
8878 0.5296520802
8879 0.5297404195
8880 0.5298287587
8881 0.5299170979
8882 0.5300054371
8883 0.5300937763
8884 0.5301821155
8885 0.5302704547
8886 0.5303587939
8887 0.5304471331
8888 0.5305354723
8889 0.5306238115
8890 0.5307121507
8891 0.5308004899
8892 0.5308888291
8893 0.5309771683
8894 0.5310655075
8895 0.5311538467
8896 0.5312421859
8897 0.5313305251
8898 0.5314188643
8899 0.5315072035
8900 0.5315955427
8901 0.5316838819
8902 0.5317722211
8903 0.5318605603
8904 0.5319488995
8905 0.5320372387
8906 0.5321255779
8907 0.5322139171
8908 0.5323022563
8909 0.5323905955
8910 0.5324789347
8911 0.5325672739
8912 0.5326556131
8913 0.5327439523
8914 0.5328322915
8915 0.5329206307
8916 0.5330089699
8917 0.5330973091
8918 0.5331856483
8919 0.5332739875
8920 0.5333623267
8921 0.5334506659
8922 0.5335390051
8923 0.5336273443
8924 0.5337156835
8925 0.5338040227
8926 0.5338923619
8927 0.5339807011
8928 0.5340690403
8929 0.5341573795
8930 0.5342457187
8931 0.5343340579
8932 0.5344223971
8933 0.5345107363
8934 0.5345990755
8935 0.5346874147
8936 0.5347757539
8937 0.5348640932
8938 0.5349524324
8939 0.5350407716
8940 0.5351291108
8941 0.53521745
8942 0.5353057892
8943 0.5353941284
8944 0.5354824676
8945 0.5355708068
8946 0.535659146
8947 0.5357474852
8948 0.5358358244
8949 0.5359241636
8950 0.5360125028
8951 0.536100842
8952 0.5361891812
8953 0.5362775204
8954 0.5363658596
8955 0.5364541988
8956 0.536542538
8957 0.5366308772
8958 0.5367192164
8959 0.5368075556
8960 0.5368958948
8961 0.536984234
8962 0.5370725732
8963 0.5371609124
8964 0.5372492516
8965 0.5373375908
8966 0.53742593
8967 0.5375142692
8968 0.5376026084
8969 0.5376909476
8970 0.5377792868
8971 0.537867626
8972 0.5379559652
8973 0.5380443044
8974 0.5381326436
8975 0.5382209828
8976 0.538309322
8977 0.5383976612
8978 0.5384860004
8979 0.5385743396
8980 0.5386626788
8981 0.538751018
8982 0.5388393572
8983 0.5389276964
8984 0.5390160356
8985 0.5391043748
8986 0.539192714
8987 0.5392810532
8988 0.5393693924
8989 0.5394577316
8990 0.5395460708
8991 0.53963441
8992 0.5397227492
8993 0.5398110884
8994 0.5398994277
8995 0.5399877669
8996 0.5400761061
8997 0.5401644453
8998 0.5402527845
8999 0.5403411237
9000 0.5404294629
9001 0.5405178021
9002 0.5406061413
9003 0.5406944805
9004 0.5407828197
9005 0.5408711589
9006 0.5409594981
9007 0.5410478373
9008 0.5411361765
9009 0.5412245157
9010 0.5413128549
9011 0.5414011941
9012 0.5414895333
9013 0.5415778725
9014 0.5416662117
9015 0.5417545509
9016 0.5418428901
9017 0.5419312293
9018 0.5420195685
9019 0.5421079077
9020 0.5421962469
9021 0.5422845861
9022 0.5423729253
9023 0.5424612645
9024 0.5425496037
9025 0.5426379429
9026 0.5427262821
9027 0.5428146213
9028 0.5429029605
9029 0.5429912997
9030 0.5430796389
9031 0.5431679781
9032 0.5432563173
9033 0.5433446565
9034 0.5434329957
9035 0.5435213349
9036 0.5436096741
9037 0.5436980133
9038 0.5437863525
9039 0.5438746917
9040 0.5439630309
9041 0.5440513701
9042 0.5441397093
9043 0.5442280485
9044 0.5443163877
9045 0.5444047269
9046 0.5444930661
9047 0.5445814053
9048 0.5446697445
9049 0.5447580837
9050 0.5448464229
9051 0.5449347621
9052 0.5450231014
9053 0.5451114406
9054 0.5451997798
9055 0.545288119
9056 0.5453764582
9057 0.5454647974
9058 0.5455531366
9059 0.5456414758
9060 0.545729815
9061 0.5458181542
9062 0.5459064934
9063 0.5459948326
9064 0.5460831718
9065 0.546171511
9066 0.5462598502
9067 0.5463481894
9068 0.5464365286
9069 0.5465248678
9070 0.546613207
9071 0.5467015462
9072 0.5467898854
9073 0.5468782246
9074 0.5469665638
9075 0.547054903
9076 0.5471432422
9077 0.5472315814
9078 0.5473199206
9079 0.5474082598
9080 0.547496599
9081 0.5475849382
9082 0.5476732774
9083 0.5477616166
9084 0.5478499558
9085 0.547938295
9086 0.5480266342
9087 0.5481149734
9088 0.5482033126
9089 0.5482916518
9090 0.548379991
9091 0.5484683302
9092 0.5485566694
9093 0.5486450086
9094 0.5487333478
9095 0.548821687
9096 0.5489100262
9097 0.5489983654
9098 0.5490867046
9099 0.5491750438
9100 0.549263383
9101 0.5493517222
9102 0.5494400614
9103 0.5495284006
9104 0.5496167398
9105 0.549705079
9106 0.5497934182
9107 0.5498817574
9108 0.5499700966
9109 0.5500584358
9110 0.5501467751
9111 0.5502351143
9112 0.5503234535
9113 0.5504117927
9114 0.5505001319
9115 0.5505884711
9116 0.5506768103
9117 0.5507651495
9118 0.5508534887
9119 0.5509418279
9120 0.5510301671
9121 0.5511185063
9122 0.5512068455
9123 0.5512951847
9124 0.5513835239
9125 0.5514718631
9126 0.5515602023
9127 0.5516485415
9128 0.5517368807
9129 0.5518252199
9130 0.5519135591
9131 0.5520018983
9132 0.5520902375
9133 0.5521785767
9134 0.5522669159
9135 0.5523552551
9136 0.5524435943
9137 0.5525319335
9138 0.5526202727
9139 0.5527086119
9140 0.5528251291
9141 0.5529416464
9142 0.5530581636
9143 0.5531746808
9144 0.5532911981
9145 0.5534077153
9146 0.5535242325
9147 0.5536407498
9148 0.553757267
9149 0.5538737842
9150 0.5539903015
9151 0.5541068187
9152 0.5542233359
9153 0.5543398532
9154 0.5544563704
9155 0.5545728876
9156 0.5546894049
9157 0.5548059221
9158 0.5549224393
9159 0.5550389566
9160 0.5551554738
9161 0.555271991
9162 0.5553885083
9163 0.5555050255
9164 0.5556215427
9165 0.55573806
9166 0.5558545772
9167 0.5559710944
9168 0.5560876117
9169 0.5562041289
9170 0.5563206461
9171 0.5564371634
9172 0.5565536806
9173 0.5566701978
9174 0.5567867151
9175 0.5569032323
9176 0.5570197495
9177 0.5571362668
9178 0.557252784
9179 0.5573693012
9180 0.5574858185
9181 0.5576023357
9182 0.5577188529
9183 0.5578353702
9184 0.5579518874
9185 0.5580684046
9186 0.5581849219
9187 0.5583014391
9188 0.5584179563
9189 0.5585344736
9190 0.5586509908
9191 0.558767508
9192 0.5588840253
9193 0.5590005425
9194 0.5591170597
9195 0.559233577
9196 0.5593500942
9197 0.5594666114
9198 0.5595831287
9199 0.5596996459
9200 0.5598161631
9201 0.5599326804
9202 0.5600491976
9203 0.5601657148
9204 0.5602822321
9205 0.5603987493
9206 0.5605152665
9207 0.5606317838
9208 0.560748301
9209 0.5608648182
9210 0.5609813355
9211 0.5610978527
9212 0.5612143699
9213 0.5613308872
9214 0.5614474044
9215 0.5615639216
9216 0.5616804389
9217 0.5617969561
9218 0.5619134733
9219 0.5620299906
9220 0.5621465078
9221 0.562263025
9222 0.5623795423
9223 0.5624960595
9224 0.5626125767
9225 0.562729094
9226 0.5628456112
9227 0.5629621284
9228 0.5630786457
9229 0.5631951629
9230 0.5633116801
9231 0.5634281973
9232 0.5635447146
9233 0.5636612318
9234 0.563777749
9235 0.5638942663
9236 0.5640107835
9237 0.5641273007
9238 0.564243818
9239 0.5643603352
9240 0.5644768524
9241 0.5645933697
9242 0.5647098869
9243 0.5648264041
9244 0.5649429214
9245 0.5650594386
9246 0.5651759558
9247 0.5652924731
9248 0.5654089903
9249 0.5655255075
9250 0.5656420248
9251 0.565758542
9252 0.5658750592
9253 0.5659915765
9254 0.5661080937
9255 0.5662246109
9256 0.5663411282
9257 0.5664576454
9258 0.5665741626
9259 0.5666906799
9260 0.5668071971
9261 0.5669237143
9262 0.5670402316
9263 0.5671567488
9264 0.567273266
9265 0.5673897833
9266 0.5675063005
9267 0.5676228177
9268 0.567739335
9269 0.5678558522
9270 0.5679723694
9271 0.5680888867
9272 0.5682054039
9273 0.5683219211
9274 0.5684384384
9275 0.5685549556
9276 0.5686714728
9277 0.5687879901
9278 0.5689045073
9279 0.5690210245
9280 0.5691375418
9281 0.569254059
9282 0.5693705762
9283 0.5694870935
9284 0.5696036107
9285 0.5697201279
9286 0.5698366452
9287 0.5699531624
9288 0.5700696796
9289 0.5701861969
9290 0.5703027141
9291 0.5704192313
9292 0.5705357486
9293 0.5706522658
9294 0.570768783
9295 0.5708853003
9296 0.5710018175
9297 0.5711183347
9298 0.571234852
9299 0.5713513692
9300 0.5714678864
9301 0.5715844037
9302 0.5717009209
9303 0.5718174381
9304 0.5719339554
9305 0.5720504726
9306 0.5721669898
9307 0.5722835071
9308 0.5724000243
9309 0.5725165415
9310 0.5726330588
9311 0.572749576
9312 0.5728660932
9313 0.5729826105
9314 0.5730991277
9315 0.5732156449
9316 0.5733321622
9317 0.5734486794
9318 0.5735651966
9319 0.5736817139
9320 0.5737982311
9321 0.5739147483
9322 0.5740312656
9323 0.5741477828
9324 0.5742643
9325 0.5743808173
9326 0.5744973345
9327 0.5746138517
9328 0.574730369
9329 0.5748468862
9330 0.5749634034
9331 0.5750799207
9332 0.5751964379
9333 0.5753129551
9334 0.5754294724
9335 0.5755459896
9336 0.5756625068
9337 0.5757790241
9338 0.5758955413
9339 0.5760120585
9340 0.5761285758
9341 0.576245093
9342 0.5763616102
9343 0.5764781275
9344 0.5765946447
9345 0.5767111619
9346 0.5768276792
9347 0.5769441964
9348 0.5770607136
9349 0.5771772309
9350 0.5772937481
9351 0.5774102653
9352 0.5775267826
9353 0.5776432998
9354 0.577759817
9355 0.5778763343
9356 0.5779928515
9357 0.5781093687
9358 0.578225886
9359 0.5783424032
9360 0.5784589204
9361 0.5785754377
9362 0.5786919549
9363 0.5788084721
9364 0.5789249894
9365 0.5790415066
9366 0.5791580238
9367 0.5792745411
9368 0.5793910583
9369 0.5795075755
9370 0.5796240928
9371 0.57974061
9372 0.5798571272
9373 0.5799736445
9374 0.5800901617
9375 0.5802066789
9376 0.5803231962
9377 0.5804397134
9378 0.5805562306
9379 0.5806727479
9380 0.5807892651
9381 0.5809057823
9382 0.5810222996
9383 0.5811388168
9384 0.581255334
9385 0.5813718513
9386 0.5814883685
9387 0.5816048857
9388 0.581721403
9389 0.5818379202
9390 0.5819544374
9391 0.5820709547
9392 0.5821874719
9393 0.5823039891
9394 0.5824205064
9395 0.5825370236
9396 0.5826535408
9397 0.582770058
9398 0.5828865753
9399 0.5830030925
9400 0.5831196097
9401 0.583236127
9402 0.5833526442
9403 0.5834691614
9404 0.5835856787
9405 0.5837021959
9406 0.5838187131
9407 0.5839352304
9408 0.5840517476
9409 0.5841682648
9410 0.5842847821
9411 0.5844012993
9412 0.5845178165
9413 0.5846343338
9414 0.584750851
9415 0.5848673682
9416 0.5849838855
9417 0.5851004027
9418 0.5852169199
9419 0.5853334372
9420 0.5854499544
9421 0.5855664716
9422 0.5856829889
9423 0.5857995061
9424 0.5859160233
9425 0.5860325406
9426 0.5861490578
9427 0.586265575
9428 0.5863820923
9429 0.5864986095
9430 0.5866151267
9431 0.586731644
9432 0.5868481612
9433 0.5869646784
9434 0.5870811957
9435 0.5871977129
9436 0.5873142301
9437 0.5874307474
9438 0.5875472646
9439 0.5876637818
9440 0.5877802991
9441 0.5878968163
9442 0.5880133335
9443 0.5881298508
9444 0.588246368
9445 0.5883628852
9446 0.5884794025
9447 0.5885959197
9448 0.5887124369
9449 0.5888289542
9450 0.5889454714
9451 0.5890619886
9452 0.5891785059
9453 0.5892950231
9454 0.5894115403
9455 0.5895280576
9456 0.5896445748
9457 0.589761092
9458 0.5898776093
9459 0.5899941265
9460 0.5901106437
9461 0.590227161
9462 0.5903436782
9463 0.5904601954
9464 0.5905767127
9465 0.5906932299
9466 0.5908097471
9467 0.5909262644
9468 0.5910427816
9469 0.5911592988
9470 0.5912758161
9471 0.5913923333
9472 0.5915088505
9473 0.5916253678
9474 0.591741885
9475 0.5918584022
9476 0.5919749195
9477 0.5920914367
9478 0.5922079539
9479 0.5923244712
9480 0.5924409884
9481 0.5925575056
9482 0.5926740229
9483 0.5927905401
9484 0.5929070573
9485 0.5930235746
9486 0.5931400918
9487 0.593256609
9488 0.5933731263
9489 0.5934896435
9490 0.5936061607
9491 0.593722678
9492 0.5938391952
9493 0.5939557124
9494 0.5940722297
9495 0.5941887469
9496 0.5943052641
9497 0.5944217814
9498 0.5945382986
9499 0.5946548158
9500 0.5947713331
9501 0.5948878503
9502 0.5950043675
9503 0.5951208848
9504 0.595237402
9505 0.5953539192
9506 0.5954704365
9507 0.5955869537
9508 0.5957034709
9509 0.5958199882
9510 0.5959365054
9511 0.5960530226
9512 0.5961695399
9513 0.5962860571
9514 0.5964025743
9515 0.5965190916
9516 0.5966356088
9517 0.596752126
9518 0.5968686433
9519 0.5969851605
9520 0.5971016777
9521 0.597218195
9522 0.5973347122
9523 0.5974512294
9524 0.5975677467
9525 0.5976842639
9526 0.5978007811
9527 0.5979172984
9528 0.5980338156
9529 0.5981503328
9530 0.5982668501
9531 0.5983833673
9532 0.5984998845
9533 0.5986164018
9534 0.598732919
9535 0.5988494362
9536 0.5989659535
9537 0.5990824707
9538 0.5991989879
9539 0.5993155052
9540 0.5994320224
9541 0.5995485396
9542 0.5996650569
9543 0.5997815741
9544 0.5998980913
9545 0.6000146086
9546 0.6001311258
9547 0.600247643
9548 0.6003641603
9549 0.6004806775
9550 0.6005971947
9551 0.600713712
9552 0.6008302292
9553 0.6009467464
9554 0.6010632637
9555 0.6011797809
9556 0.6012962981
9557 0.6014128154
9558 0.6015293326
9559 0.6016458498
9560 0.6017623671
9561 0.6018788843
9562 0.6019954015
9563 0.6021119187
9564 0.602228436
9565 0.6023449532
9566 0.6024614704
9567 0.6025779877
9568 0.6026945049
9569 0.6028110221
9570 0.6029275394
9571 0.6030440566
9572 0.6031605738
9573 0.6032770911
9574 0.6033936083
9575 0.6035101255
9576 0.6036266428
9577 0.60374316
9578 0.6038596772
9579 0.6039761945
9580 0.6040927117
9581 0.6042092289
9582 0.6043257462
9583 0.6044422634
9584 0.6045587806
9585 0.6046752979
9586 0.6047918151
9587 0.6049083323
9588 0.6050248496
9589 0.6051413668
9590 0.605257884
9591 0.6053744013
9592 0.6054909185
9593 0.6056074357
9594 0.605723953
9595 0.6058404702
9596 0.6059569874
9597 0.6060735047
9598 0.6061900219
9599 0.6063065391
9600 0.6064230564
9601 0.6065395736
9602 0.6066560908
9603 0.6067726081
9604 0.6068891253
9605 0.6070056425
9606 0.6071221598
9607 0.607238677
9608 0.6073551942
9609 0.6074717115
9610 0.6075882287
9611 0.6077047459
9612 0.6078212632
9613 0.6079377804
9614 0.6080542976
9615 0.6081708149
9616 0.6082873321
9617 0.6084038493
9618 0.6085203666
9619 0.6086368838
9620 0.608753401
9621 0.6088699183
9622 0.6089864355
9623 0.6091029527
9624 0.60921947
9625 0.6093359872
9626 0.6094525044
9627 0.6095690217
9628 0.6096855389
9629 0.6098020561
9630 0.6099185734
9631 0.6100350906
9632 0.6101516078
9633 0.6102681251
9634 0.6103846423
9635 0.6105011595
9636 0.6106176768
9637 0.610734194
9638 0.6108507112
9639 0.6109672285
9640 0.6110837457
9641 0.6112002629
9642 0.6113167802
9643 0.6114332974
9644 0.6115498146
9645 0.6116663319
9646 0.6117828491
9647 0.6118993663
9648 0.6120158836
9649 0.6121324008
9650 0.612248918
9651 0.6123654353
9652 0.6124819525
9653 0.6125984697
9654 0.612714987
9655 0.6128315042
9656 0.6129480214
9657 0.6130645387
9658 0.6131810559
9659 0.6132975731
9660 0.6134140904
9661 0.6135306076
9662 0.6136471248
9663 0.6137636421
9664 0.6138801593
9665 0.6139966765
9666 0.6141131938
9667 0.614229711
9668 0.6143462282
9669 0.6144627455
9670 0.6145792627
9671 0.6146957799
9672 0.6148122972
9673 0.6149288144
9674 0.6150453316
9675 0.6151618489
9676 0.6152783661
9677 0.6153948833
9678 0.6155114006
9679 0.6156279178
9680 0.615744435
9681 0.6158609523
9682 0.6159774695
9683 0.6160939867
9684 0.616210504
9685 0.6163270212
9686 0.6164435384
9687 0.6165600557
9688 0.6166765729
9689 0.6167930901
9690 0.6169096074
9691 0.6170261246
9692 0.6171426418
9693 0.6172591591
9694 0.6173756763
9695 0.6174921935
9696 0.6176087108
9697 0.617725228
9698 0.6178417452
9699 0.6179582625
9700 0.6180747797
9701 0.6181912969
9702 0.6183078142
9703 0.6184243314
9704 0.6185408486
9705 0.6186573659
9706 0.6187738831
9707 0.6188904003
9708 0.6190069176
9709 0.6191234348
9710 0.619239952
9711 0.6193564693
9712 0.6194729865
9713 0.6195895037
9714 0.619706021
9715 0.6198225382
9716 0.6199390554
9717 0.6200555727
9718 0.6201720899
9719 0.6202886071
9720 0.6204051244
9721 0.6205216416
9722 0.6206381588
9723 0.6207546761
9724 0.6208711933
9725 0.6209877105
9726 0.6211042278
9727 0.621220745
9728 0.6213372622
9729 0.6214537794
9730 0.6215702967
9731 0.6216868139
9732 0.6218033311
9733 0.6219198484
9734 0.6220363656
9735 0.6221528828
9736 0.6222694001
9737 0.6223859173
9738 0.6225024345
9739 0.6226189518
9740 0.622735469
9741 0.6228519862
9742 0.6229685035
9743 0.6230850207
9744 0.6232015379
9745 0.6233180552
9746 0.6234345724
9747 0.6235510896
9748 0.6236676069
9749 0.6237841241
9750 0.6239006413
9751 0.6240171586
9752 0.6241336758
9753 0.624250193
9754 0.6243667103
9755 0.6244832275
9756 0.6245997447
9757 0.624716262
9758 0.6248327792
9759 0.6249492964
9760 0.6250658137
9761 0.6251823309
9762 0.6252988481
9763 0.6254153654
9764 0.6255318826
9765 0.6256483998
9766 0.6257649171
9767 0.6258814343
9768 0.6259979515
9769 0.6261144688
9770 0.626230986
9771 0.6263475032
9772 0.6264640205
9773 0.6265805377
9774 0.6266970549
9775 0.6268135722
9776 0.6269300894
9777 0.6270466066
9778 0.6271631239
9779 0.6272796411
9780 0.6273961583
9781 0.6275126756
9782 0.6276291928
9783 0.62774571
9784 0.6278622273
9785 0.6279787445
9786 0.6280952617
9787 0.628211779
9788 0.6283282962
9789 0.6284448134
9790 0.6285613307
9791 0.6286778479
9792 0.6287943651
9793 0.6289108824
9794 0.6290273996
9795 0.6291439168
9796 0.6292604341
9797 0.6293769513
9798 0.6294934685
9799 0.6296099858
9800 0.629726503
9801 0.6298430202
9802 0.6299595375
9803 0.6300760547
9804 0.6301925719
9805 0.6303090892
9806 0.6304256064
9807 0.6305421236
9808 0.6306586409
9809 0.6307751581
9810 0.6308916753
9811 0.6310081926
9812 0.6311247098
9813 0.631241227
9814 0.6313577443
9815 0.6314742615
9816 0.6315907787
9817 0.631707296
9818 0.6318238132
9819 0.6319403304
9820 0.6320568477
9821 0.6321733649
9822 0.6322898821
9823 0.6324063994
9824 0.6325229166
9825 0.6326394338
9826 0.6327559511
9827 0.6328724683
9828 0.6329889855
9829 0.6331055028
9830 0.63322202
9831 0.6333385372
9832 0.6334550545
9833 0.6335715717
9834 0.6336880889
9835 0.6338046062
9836 0.6339211234
9837 0.6340376406
9838 0.6341541579
9839 0.6342706751
9840 0.6343871923
9841 0.6345037096
9842 0.6346202268
9843 0.634736744
9844 0.6348532613
9845 0.6349697785
9846 0.6350862957
9847 0.635202813
9848 0.6353193302
9849 0.6354358474
9850 0.6355523647
9851 0.6356688819
9852 0.6357853991
9853 0.6359019164
9854 0.6360184336
9855 0.6361349508
9856 0.6362514681
9857 0.6363679853
9858 0.6364845025
9859 0.6366010198
9860 0.636717537
9861 0.6368340542
9862 0.6369505715
9863 0.6370670887
9864 0.6371836059
9865 0.6373001232
9866 0.6374166404
9867 0.6375331576
9868 0.6376496749
9869 0.6377661921
9870 0.6378827093
9871 0.6379992266
9872 0.6381157438
9873 0.638232261
9874 0.6383487783
9875 0.6384652955
9876 0.6385818127
9877 0.63869833
9878 0.6388148472
9879 0.6389313644
9880 0.6390478817
9881 0.6391643989
9882 0.6392809161
9883 0.6393974334
9884 0.6395139506
9885 0.6396304678
9886 0.6397469851
9887 0.6398635023
9888 0.6399800195
9889 0.6400965368
9890 0.640213054
9891 0.6403295712
9892 0.6404460885
9893 0.6405626057
9894 0.6406791229
9895 0.6407956401
9896 0.6409121574
9897 0.6410286746
9898 0.6411451918
9899 0.6412617091
9900 0.6413782263
9901 0.6414947435
9902 0.6416112608
9903 0.641727778
9904 0.6418442952
9905 0.6419608125
9906 0.6420773297
9907 0.6421938469
9908 0.6423103642
9909 0.6424268814
9910 0.6425433986
9911 0.6426599159
9912 0.6427764331
9913 0.6428929503
9914 0.6430094676
9915 0.6431259848
9916 0.643242502
9917 0.6433590193
9918 0.6434755365
9919 0.6435920537
9920 0.643708571
9921 0.6438250882
9922 0.6439416054
9923 0.6440581227
9924 0.6441746399
9925 0.6442911571
9926 0.6444076744
9927 0.6445241916
9928 0.6446407088
9929 0.6447572261
9930 0.6448737433
9931 0.6449902605
9932 0.6451067778
9933 0.645223295
9934 0.6453398122
9935 0.6454563295
9936 0.6455728467
9937 0.6456893639
9938 0.6458058812
9939 0.6459223984
9940 0.6460389156
9941 0.6461554329
9942 0.6462719501
9943 0.6463884673
9944 0.6465049846
9945 0.6466215018
9946 0.646738019
9947 0.6468545363
9948 0.6469710535
9949 0.6470875707
9950 0.647204088
9951 0.6473206052
9952 0.6474371224
9953 0.6475536397
9954 0.6476701569
9955 0.6477866741
9956 0.6479031914
9957 0.6480197086
9958 0.6481362258
9959 0.6482527431
9960 0.6483692603
9961 0.6484857775
9962 0.6486022948
9963 0.648718812
9964 0.6488353292
9965 0.6489518465
9966 0.6490683637
9967 0.6491848809
9968 0.6493013982
9969 0.6494179154
9970 0.6495344326
9971 0.6496509499
9972 0.6497674671
9973 0.6498839843
9974 0.6500005016
9975 0.6501170188
9976 0.650233536
9977 0.6503500533
9978 0.6504665705
9979 0.6505830877
9980 0.650699605
9981 0.6508161222
9982 0.6509326394
9983 0.6510491567
9984 0.6511656739
9985 0.6512821911
9986 0.6513987084
9987 0.6515152256
9988 0.6516317428
9989 0.6517482601
9990 0.6518647773
9991 0.6519812945
9992 0.6520978118
9993 0.652214329
9994 0.6523308462
9995 0.6524473635
9996 0.6525638807
9997 0.6526803979
9998 0.6527969152
9999 0.6529134324
10000 0.6530299496
10001 0.6531464669
10002 0.6532629841
10003 0.6533795013
10004 0.6534960186
10005 0.6536125358
10006 0.653729053
10007 0.6538455703
10008 0.6539620875
10009 0.6540786047
10010 0.654195122
10011 0.6543116392
10012 0.6544281564
10013 0.6545446737
10014 0.6546611909
10015 0.6547777081
10016 0.6548942254
10017 0.6550107426
10018 0.6551272598
10019 0.6552437771
10020 0.6553602943
10021 0.6554768115
10022 0.6555933288
10023 0.655709846
10024 0.6558263632
10025 0.6559428805
10026 0.6560593977
10027 0.6561759149
10028 0.6562924322
10029 0.6564089494
10030 0.6565254666
10031 0.6566419839
10032 0.6567585011
10033 0.6568750183
10034 0.6569915356
10035 0.6571080528
10036 0.65722457
10037 0.6573410873
10038 0.6574576045
10039 0.6575741217
10040 0.657690639
10041 0.6578071562
10042 0.6579236734
10043 0.6580401907
10044 0.6581567079
10045 0.6582732251
10046 0.6583897424
10047 0.6585062596
10048 0.6586227768
10049 0.6587392941
10050 0.6588558113
10051 0.6589723285
10052 0.6590888458
10053 0.659205363
10054 0.6593218802
10055 0.6594383975
10056 0.6595549147
10057 0.6596714319
10058 0.6597879491
10059 0.6599044664
10060 0.6600209836
10061 0.6601375008
10062 0.6602540181
10063 0.6603705353
10064 0.6604870525
10065 0.6606035698
10066 0.660720087
10067 0.6608366042
10068 0.6609531215
10069 0.6610696387
10070 0.6611861559
10071 0.6613026732
10072 0.6614191904
10073 0.6615357076
10074 0.6616522249
10075 0.6617687421
10076 0.6618852593
10077 0.6620017766
10078 0.6621182938
10079 0.662234811
10080 0.6623513283
10081 0.6624678455
10082 0.6625843627
10083 0.66270088
10084 0.6628173972
10085 0.6629339144
10086 0.6630504317
10087 0.6631669489
10088 0.6632834661
10089 0.6633999834
10090 0.6635165006
10091 0.6636330178
10092 0.6637495351
10093 0.6638660523
10094 0.6639825695
10095 0.6640990868
10096 0.664215604
10097 0.6643321212
10098 0.6644486385
10099 0.6645651557
10100 0.6646816729
10101 0.6647981902
10102 0.6649147074
10103 0.6650312246
10104 0.6651477419
10105 0.6652642591
10106 0.6653807763
10107 0.6654972936
10108 0.6656138108
10109 0.665730328
10110 0.6658468453
10111 0.6659633625
10112 0.6660798797
10113 0.666196397
10114 0.6663129142
10115 0.6664294314
10116 0.6665459487
10117 0.6666624659
10118 0.6667789831
10119 0.6668955004
10120 0.6670120176
10121 0.6671285348
10122 0.6672450521
10123 0.6673615693
10124 0.6674780865
10125 0.6675946038
10126 0.667711121
10127 0.6678276382
10128 0.6679441555
10129 0.6680606727
10130 0.6681771899
10131 0.6682937072
10132 0.6684102244
10133 0.6685267416
10134 0.6686432589
10135 0.6687597761
10136 0.6688762933
10137 0.6689928106
10138 0.6691093278
10139 0.669225845
10140 0.6693423623
10141 0.6694588795
10142 0.6695753967
10143 0.669691914
10144 0.6698084312
10145 0.6699249484
10146 0.6700414657
10147 0.6701579829
10148 0.6702745001
10149 0.6703910174
10150 0.6705075346
10151 0.6706240518
10152 0.6707405691
10153 0.6708570863
10154 0.6709736035
10155 0.6710901208
10156 0.671206638
10157 0.6713231552
10158 0.6714396725
10159 0.6715561897
10160 0.6716727069
10161 0.6717892242
10162 0.6719057414
10163 0.6720222586
10164 0.6721387759
10165 0.6722552931
10166 0.6723718103
10167 0.6724883276
10168 0.6726048448
10169 0.672721362
10170 0.6728378793
10171 0.6729543965
10172 0.6730709137
10173 0.673187431
10174 0.6733039482
10175 0.6734204654
10176 0.6735369827
10177 0.6736534999
10178 0.6737700171
10179 0.6738865344
10180 0.6740030516
10181 0.6741195688
10182 0.6742360861
10183 0.6743526033
10184 0.6744691205
10185 0.6745856378
10186 0.674702155
10187 0.6748186722
10188 0.6749351895
10189 0.6750517067
10190 0.6751682239
10191 0.6752847412
10192 0.6754012584
10193 0.6755177756
10194 0.6756342929
10195 0.6757508101
10196 0.6758673273
10197 0.6759838446
10198 0.6761003618
10199 0.676216879
10200 0.6763333963
10201 0.6764499135
10202 0.6765664307
10203 0.676682948
10204 0.6767994652
10205 0.6769159824
10206 0.6770324997
10207 0.6771490169
10208 0.6772655341
10209 0.6773820514
10210 0.6774985686
10211 0.6776150858
10212 0.6777316031
10213 0.6778481203
10214 0.6779646375
10215 0.6780811548
10216 0.678197672
10217 0.6783141892
10218 0.6784307065
10219 0.6785472237
10220 0.6786637409
10221 0.6787802582
10222 0.6788967754
10223 0.6790132926
10224 0.6791298098
10225 0.6792463271
10226 0.6793628443
10227 0.6794793615
10228 0.6795958788
10229 0.679712396
10230 0.6798289132
10231 0.6799454305
10232 0.6800619477
10233 0.6801784649
10234 0.6802949822
10235 0.6804114994
10236 0.6805280166
10237 0.6806445339
10238 0.6807610511
10239 0.6808775683
10240 0.6809940856
10241 0.6811106028
10242 0.68122712
10243 0.6813436373
10244 0.6814601545
10245 0.6815766717
10246 0.681693189
10247 0.6818097062
10248 0.6819262234
10249 0.6820427407
10250 0.6821592579
10251 0.6822757751
10252 0.6823922924
10253 0.6825088096
10254 0.6826253268
10255 0.6827418441
10256 0.6828583613
10257 0.6829748785
10258 0.6830913958
10259 0.683207913
10260 0.6833244302
10261 0.6834409475
10262 0.6835574647
10263 0.6836739819
10264 0.6837904992
10265 0.6839070164
10266 0.6840235336
10267 0.6841400509
10268 0.6842565681
10269 0.6843730853
10270 0.6844896026
10271 0.6846061198
10272 0.684722637
10273 0.6848391543
10274 0.6849556715
10275 0.6850721887
10276 0.685188706
10277 0.6853052232
10278 0.6854217404
10279 0.6855382577
10280 0.6856547749
10281 0.6857712921
10282 0.6858878094
10283 0.6860043266
10284 0.6861208438
10285 0.6862373611
10286 0.6863538783
10287 0.6864703955
10288 0.6865869128
10289 0.68670343
10290 0.6868199472
10291 0.6869364645
10292 0.6870529817
10293 0.6871694989
10294 0.6872860162
10295 0.6874025334
10296 0.6875190506
10297 0.6876355679
10298 0.6877520851
10299 0.6878686023
10300 0.6879851196
10301 0.6881016368
10302 0.688218154
10303 0.6883346713
10304 0.6884511885
10305 0.6885677057
10306 0.688684223
10307 0.6888007402
10308 0.6889172574
10309 0.6890337747
10310 0.6891502919
10311 0.6892668091
10312 0.6893833264
10313 0.6894998436
10314 0.6896163608
10315 0.6897328781
10316 0.6898493953
10317 0.6899659125
10318 0.6900824298
10319 0.690198947
10320 0.6903154642
10321 0.6904319815
10322 0.6905484987
10323 0.6906650159
10324 0.6907815332
10325 0.6908980504
10326 0.6910145676
10327 0.6911310849
10328 0.6912476021
10329 0.6913641193
10330 0.6914806366
10331 0.6915971538
10332 0.691713671
10333 0.6918301883
10334 0.6919467055
10335 0.6920632227
10336 0.69217974
10337 0.6922962572
10338 0.6924127744
10339 0.6925292917
10340 0.6926458089
10341 0.6927623261
10342 0.6928788434
10343 0.6929953606
10344 0.6931118778
10345 0.6932283951
10346 0.6933449123
10347 0.6934614295
10348 0.6935779468
10349 0.693694464
10350 0.6938109812
10351 0.6939274985
10352 0.6940440157
10353 0.6941605329
10354 0.6942770502
10355 0.6943935674
10356 0.6945100846
10357 0.6946266019
10358 0.6947431191
10359 0.6948596363
10360 0.6949761536
10361 0.6950926708
10362 0.695209188
10363 0.6953257053
10364 0.6954422225
10365 0.6955587397
10366 0.695675257
10367 0.6957917742
10368 0.6959082914
10369 0.6960248087
10370 0.6961413259
10371 0.6962578431
10372 0.6963743604
10373 0.6964908776
10374 0.6966073948
10375 0.6967239121
10376 0.6968404293
10377 0.6969569465
10378 0.6970734638
10379 0.697189981
10380 0.6973064982
10381 0.6974230155
10382 0.6975395327
10383 0.6976560499
10384 0.6977725672
10385 0.6978890844
10386 0.6980056016
10387 0.6981221189
10388 0.6982386361
10389 0.6983551533
10390 0.6984716705
10391 0.6985881878
10392 0.698704705
10393 0.6988212222
10394 0.6989377395
10395 0.6990542567
10396 0.6991707739
10397 0.6992872912
10398 0.6994038084
10399 0.6995203256
10400 0.6996368429
10401 0.6997533601
10402 0.6998698773
10403 0.6999863946
10404 0.7001029118
10405 0.700219429
10406 0.7003359463
10407 0.7004524635
10408 0.7005689807
10409 0.700685498
10410 0.7008020152
10411 0.7009185324
10412 0.7010350497
10413 0.7011515669
10414 0.7012680841
10415 0.7013846014
10416 0.7015011186
10417 0.7016176358
10418 0.7017341531
10419 0.7018506703
10420 0.7019671875
10421 0.7020837048
10422 0.702200222
10423 0.7023167392
10424 0.7024332565
10425 0.7025497737
10426 0.7026662909
10427 0.7027828082
10428 0.7028993254
10429 0.7030158426
10430 0.7031323599
10431 0.7032488771
10432 0.7033653943
10433 0.7034819116
10434 0.7035984288
10435 0.703714946
10436 0.7038314633
10437 0.7039479805
10438 0.7040644977
10439 0.704181015
10440 0.7042975322
10441 0.7044140494
10442 0.7045305667
10443 0.7046470839
10444 0.7047636011
10445 0.7048801184
10446 0.7049966356
10447 0.7051131528
10448 0.7052296701
10449 0.7053461873
10450 0.7054627045
10451 0.7055792218
10452 0.705695739
10453 0.7058122562
10454 0.7059287735
10455 0.7060452907
10456 0.7061618079
10457 0.7062783252
10458 0.7063948424
10459 0.7065113596
10460 0.7066278769
10461 0.7067443941
10462 0.7068609113
10463 0.7069774286
10464 0.7070939458
10465 0.707210463
10466 0.7073269803
10467 0.7074434975
10468 0.7075600147
10469 0.707676532
10470 0.7077930492
10471 0.7079095664
10472 0.7080260837
10473 0.7081426009
10474 0.7082591181
10475 0.7083756354
10476 0.7084921526
10477 0.7086086698
10478 0.7087251871
10479 0.7088417043
10480 0.7089582215
10481 0.7090747388
10482 0.709191256
10483 0.7093077732
10484 0.7094242905
10485 0.7095408077
10486 0.7096573249
10487 0.7097738422
10488 0.7098903594
10489 0.7100068766
10490 0.7101233939
10491 0.7102399111
10492 0.7103564283
10493 0.7104729456
10494 0.7105894628
10495 0.71070598
10496 0.7108224973
10497 0.7109390145
10498 0.7110555317
10499 0.711172049
10500 0.7112885662
10501 0.7114050834
10502 0.7115216007
10503 0.7116381179
10504 0.7117546351
10505 0.7118711524
10506 0.7119876696
10507 0.7121041868
10508 0.7122207041
10509 0.7123372213
10510 0.7124537385
10511 0.7125702558
10512 0.712686773
10513 0.7128032902
10514 0.7129198075
10515 0.7130363247
10516 0.7131528419
10517 0.7132693592
10518 0.7133858764
10519 0.7135023936
10520 0.7136189109
10521 0.7137354281
10522 0.7138519453
10523 0.7139684626
10524 0.7140849798
10525 0.714201497
10526 0.7143180143
10527 0.7144345315
10528 0.7145510487
10529 0.714667566
10530 0.7147840832
10531 0.7149006004
10532 0.7150171177
10533 0.7151336349
10534 0.7152501521
10535 0.7153666694
10536 0.7154831866
10537 0.7155997038
10538 0.7157162211
10539 0.7158327383
10540 0.7159492555
10541 0.7160657728
10542 0.71618229
10543 0.7162988072
10544 0.7164153245
10545 0.7165318417
10546 0.7166483589
10547 0.7167648762
10548 0.7168813934
10549 0.7169979106
10550 0.7171144279
10551 0.7172309451
10552 0.7173474623
10553 0.7174639796
10554 0.7175804968
10555 0.717697014
10556 0.7178135312
10557 0.7179300485
10558 0.7180465657
10559 0.7181630829
10560 0.7182796002
10561 0.7183961174
10562 0.7185126346
10563 0.7186291519
10564 0.7187456691
10565 0.7188621863
10566 0.7189787036
10567 0.7190952208
10568 0.719211738
10569 0.7193282553
10570 0.7194447725
10571 0.7195612897
10572 0.719677807
10573 0.7197943242
10574 0.7199108414
10575 0.7200273587
10576 0.7201438759
10577 0.7202603931
10578 0.7203769104
10579 0.7204934276
10580 0.7206099448
10581 0.7207264621
10582 0.7208429793
10583 0.7209594965
10584 0.7210760138
10585 0.721192531
10586 0.7213090482
10587 0.7214255655
10588 0.7215420827
10589 0.7216585999
10590 0.7217751172
10591 0.7218916344
10592 0.7220081516
10593 0.7221246689
10594 0.7222411861
10595 0.7223577033
10596 0.7224742206
10597 0.7225907378
10598 0.722707255
10599 0.7228237723
10600 0.7229402895
10601 0.7230568067
10602 0.723173324
10603 0.7232898412
10604 0.7234063584
10605 0.7235228757
10606 0.7236393929
10607 0.7237559101
10608 0.7238724274
10609 0.7239889446
10610 0.7241054618
10611 0.7242219791
10612 0.7243384963
10613 0.7244550135
10614 0.7245715308
10615 0.724688048
10616 0.7248045652
10617 0.7249210825
10618 0.7250375997
10619 0.7251541169
10620 0.7252706342
10621 0.7253871514
10622 0.7255036686
10623 0.7256201859
10624 0.7257367031
10625 0.7258532203
10626 0.7259697376
10627 0.7260862548
10628 0.726202772
10629 0.7263192893
10630 0.7264358065
10631 0.7265523237
10632 0.726668841
10633 0.7267853582
10634 0.7269018754
10635 0.7270183927
10636 0.7271349099
10637 0.7272514271
10638 0.7273679444
10639 0.7274844616
10640 0.7276009788
10641 0.7277174961
10642 0.7278340133
10643 0.7279505305
10644 0.7280670478
10645 0.728183565
10646 0.7283000822
10647 0.7284165995
10648 0.7285331167
10649 0.7286496339
10650 0.7287661512
10651 0.7288826684
10652 0.7289991856
10653 0.7291157029
10654 0.7292322201
10655 0.7293487373
10656 0.7294652546
10657 0.7295817718
10658 0.729698289
10659 0.7298148063
10660 0.7299313235
10661 0.7300478407
10662 0.730164358
10663 0.7302808752
10664 0.7303973924
10665 0.7305139097
10666 0.7306304269
10667 0.7307469441
10668 0.7308634614
10669 0.7309799786
10670 0.7310964958
10671 0.7312130131
10672 0.7313295303
10673 0.7314460475
10674 0.7315625648
10675 0.731679082
10676 0.7317955992
10677 0.7319121165
10678 0.7320286337
10679 0.7321451509
10680 0.7322616682
10681 0.7323781854
10682 0.7324947026
10683 0.7326112199
10684 0.7327277371
10685 0.7328442543
10686 0.7329607716
10687 0.7330772888
10688 0.733193806
10689 0.7333103233
10690 0.7334268405
10691 0.7335433577
10692 0.733659875
10693 0.7337763922
10694 0.7338929094
10695 0.7340094267
10696 0.7341259439
10697 0.7342424611
10698 0.7343589784
10699 0.7344754956
10700 0.7345920128
10701 0.7347085301
10702 0.7348250473
10703 0.7349415645
10704 0.7350580818
10705 0.735174599
10706 0.7352911162
10707 0.7354076335
10708 0.7355241507
10709 0.7356406679
10710 0.7357571852
10711 0.7358737024
10712 0.7359902196
10713 0.7361067369
10714 0.7362232541
10715 0.7363397713
10716 0.7364562886
10717 0.7365728058
10718 0.736689323
10719 0.7368058402
10720 0.7369223575
10721 0.7370388747
10722 0.7371553919
10723 0.7372719092
10724 0.7373884264
10725 0.7375049436
10726 0.7376214609
10727 0.7377379781
10728 0.7378544953
10729 0.7379710126
10730 0.7380875298
10731 0.738204047
10732 0.7383205643
10733 0.7384370815
10734 0.7385535987
10735 0.738670116
10736 0.7387866332
10737 0.7389031504
10738 0.7390196677
10739 0.7391361849
10740 0.7392527021
10741 0.7393692194
10742 0.7394857366
10743 0.7396022538
10744 0.7397187711
10745 0.7398352883
10746 0.7399518055
10747 0.7400683228
10748 0.74018484
10749 0.7403013572
10750 0.7404178745
10751 0.7405343917
10752 0.7406509089
10753 0.7407674262
10754 0.7408839434
10755 0.7410004606
10756 0.7411169779
10757 0.7412334951
10758 0.7413500123
10759 0.7414665296
10760 0.7415830468
10761 0.741699564
10762 0.7418160813
10763 0.7419325985
10764 0.7420491157
10765 0.742165633
10766 0.7422821502
10767 0.7423986674
10768 0.7425151847
10769 0.7426317019
10770 0.7427482191
10771 0.7428647364
10772 0.7429812536
10773 0.7430977708
10774 0.7432142881
10775 0.7433308053
10776 0.7434473225
10777 0.7435638398
10778 0.743680357
10779 0.7437968742
10780 0.7439133915
10781 0.7440299087
10782 0.7441464259
10783 0.7442629432
10784 0.7443794604
10785 0.7444959776
10786 0.7446124949
10787 0.7447290121
10788 0.7448455293
10789 0.7449620466
10790 0.7450785638
10791 0.745195081
10792 0.7453115983
10793 0.7454281155
10794 0.7455446327
10795 0.74566115
10796 0.7457776672
10797 0.7458941844
10798 0.7460107017
10799 0.7461272189
10800 0.7462437361
10801 0.7463602534
10802 0.7464767706
10803 0.7465932878
10804 0.7467098051
10805 0.7468263223
10806 0.7469428395
10807 0.7470593568
10808 0.747175874
10809 0.7472923912
10810 0.7474089085
10811 0.7475254257
10812 0.7476419429
10813 0.7477584602
10814 0.7478749774
10815 0.7479914946
10816 0.7481080119
10817 0.7482245291
10818 0.7483410463
10819 0.7484575636
10820 0.7485740808
10821 0.748690598
10822 0.7488071153
10823 0.7489236325
10824 0.7490401497
10825 0.749156667
10826 0.7492731842
10827 0.7493897014
10828 0.7495062187
10829 0.7496227359
10830 0.7497392531
10831 0.7498557704
10832 0.7499722876
10833 0.7500888048
10834 0.7502053221
10835 0.7503218393
10836 0.7504383565
10837 0.7505548738
10838 0.750671391
10839 0.7507879082
10840 0.7509044255
10841 0.7510209427
10842 0.7511374599
10843 0.7512539772
10844 0.7513704944
10845 0.7514870116
10846 0.7516035289
10847 0.7517200461
10848 0.7518365633
10849 0.7519530806
10850 0.7520695978
10851 0.752186115
10852 0.7523026323
10853 0.7524191495
10854 0.7525356667
10855 0.752652184
10856 0.7527687012
10857 0.7528852184
10858 0.7530017357
10859 0.7531182529
10860 0.7532347701
10861 0.7533512874
10862 0.7534678046
10863 0.7535843218
10864 0.7537008391
10865 0.7538173563
10866 0.7539338735
10867 0.7540503908
10868 0.754166908
10869 0.7542834252
10870 0.7543999425
10871 0.7545164597
10872 0.7546329769
10873 0.7547494942
10874 0.7548660114
10875 0.7549825286
10876 0.7550990459
10877 0.7552155631
10878 0.7553320803
10879 0.7554485976
10880 0.7555651148
10881 0.755681632
10882 0.7557981493
10883 0.7559146665
10884 0.7560311837
10885 0.7561477009
10886 0.7562642182
10887 0.7563807354
10888 0.7564972526
10889 0.7566137699
10890 0.7567302871
10891 0.7568468043
10892 0.7569633216
10893 0.7570798388
10894 0.757196356
10895 0.7573128733
10896 0.7574293905
10897 0.7575459077
10898 0.757662425
10899 0.7577789422
10900 0.7578954594
10901 0.7580119767
10902 0.7581284939
10903 0.7582450111
10904 0.7583615284
10905 0.7584780456
10906 0.7585945628
10907 0.7587110801
10908 0.7588275973
10909 0.7589441145
10910 0.7590606318
10911 0.759177149
10912 0.7592936662
10913 0.7594101835
10914 0.7595267007
10915 0.7596432179
10916 0.7597597352
10917 0.7598762524
10918 0.7599927696
10919 0.7601092869
10920 0.7602258041
10921 0.7603423213
10922 0.7604588386
10923 0.7605753558
10924 0.760691873
10925 0.7608083903
10926 0.7609249075
10927 0.7610414247
10928 0.761157942
10929 0.7612744592
10930 0.7613909764
10931 0.7615074937
10932 0.7616240109
10933 0.7617405281
10934 0.7618570454
10935 0.7619735626
10936 0.7620900798
10937 0.7622065971
10938 0.7623231143
10939 0.7624396315
10940 0.7625561488
10941 0.762672666
10942 0.7627891832
10943 0.7629057005
10944 0.7630222177
10945 0.7631387349
10946 0.7632552522
10947 0.7633717694
10948 0.7634882866
10949 0.7636048039
10950 0.7637213211
10951 0.7638378383
10952 0.7639543556
10953 0.7640708728
10954 0.76418739
10955 0.7643039073
10956 0.7644204245
10957 0.7645369417
10958 0.764653459
10959 0.7647699762
10960 0.7648864934
10961 0.7650030107
10962 0.7651195279
10963 0.7652360451
10964 0.7653525624
10965 0.7654690796
10966 0.7655855968
