1 0.0193317476
2 0.0193308738
3 0.01933
4 0.0193291262
5 0.0193282524
6 0.0193273786
7 0.0193265048
8 0.0193256309
9 0.0193247571
10 0.0193238833
11 0.0193230095
12 0.019477763
13 0.0196325164
14 0.0197872699
15 0.0199420234
16 0.0200967768
17 0.0202515303
18 0.0204062838
19 0.0204551745
20 0.0205040653
21 0.0205529561
22 0.0206018469
23 0.0206507377
24 0.0206996285
25 0.0207485193
26 0.0207974101
27 0.0208463009
28 0.0208951917
29 0.0209440825
30 0.0209929733
31 0.0210418641
32 0.0210907549
33 0.0211396457
34 0.0211885364
35 0.0212057745
36 0.0212230125
37 0.0212402505
38 0.0212574885
39 0.0212747265
40 0.0212919645
41 0.0213092025
42 0.0213264406
43 0.0213436786
44 0.0213609166
45 0.0213781546
46 0.0213953926
47 0.0214126306
48 0.0214298686
49 0.0214471066
50 0.0214643447
51 0.0214815827
52 0.0214988207
53 0.0215160587
54 0.0215332967
55 0.0215505347
56 0.0215677727
57 0.0215850108
58 0.0216022488
59 0.0216194868
60 0.0216367248
61 0.0216539628
62 0.0216712008
63 0.0216884388
64 0.0217056769
65 0.0217229149
66 0.0217401529
67 0.0217524796
68 0.0217648064
69 0.0217771331
70 0.0217894598
71 0.0218017866
72 0.0218141133
73 0.02182644
74 0.0218387668
75 0.0218510935
76 0.0218634203
77 0.021875747
78 0.0218880737
79 0.0219004005
80 0.0219127272
81 0.021925054
82 0.0219373807
83 0.0219497074
84 0.0219620342
85 0.0219743609
86 0.0219866876
87 0.0219990144
88 0.0220113411
89 0.0220236679
90 0.0220359946
91 0.0220483213
92 0.0220606481
93 0.0220729748
94 0.0220853016
95 0.0220976283
96 0.022109955
97 0.0221290253
98 0.0221480956
99 0.0221671658
100 0.0221862361
101 0.0222053064
102 0.0222243767
103 0.0222434469
104 0.0222625172
105 0.0222815875
106 0.0223006577
107 0.022319728
108 0.0223387983
109 0.0223578686
110 0.0223769388
111 0.0223960091
112 0.0224150794
113 0.0224341496
114 0.0224532199
115 0.0224722902
116 0.0224913605
117 0.0225104307
118 0.022529501
119 0.0225485713
120 0.0225676415
121 0.0225867118
122 0.0226057821
123 0.0226248523
124 0.0226439226
125 0.0226629929
126 0.0226820632
127 0.022697691
128 0.0227133187
129 0.0227289465
130 0.0227445743
131 0.0227602021
132 0.0227758299
133 0.0227914577
134 0.0228070855
135 0.0228227133
136 0.0228383411
137 0.0228539688
138 0.0228695966
139 0.0228852244
140 0.0229008522
141 0.02291648
142 0.0229321078
143 0.0229477356
144 0.0229633634
145 0.0229789912
146 0.022994619
147 0.0230102467
148 0.0230258745
149 0.0230415023
150 0.0230571301
151 0.0230727579
152 0.0230883857
153 0.0231040135
154 0.0231196413
155 0.0231352691
156 0.0231508969
157 0.0231665246
158 0.0231810794
159 0.0231956342
160 0.023210189
161 0.0232247438
162 0.0232392986
163 0.0232538534
164 0.0232684082
165 0.023282963
166 0.0232975178
167 0.0233120726
168 0.0233266274
169 0.0233411822
170 0.023355737
171 0.0233702918
172 0.0233848466
173 0.0233994014
174 0.0234139561
175 0.0234285109
176 0.0234430657
177 0.0234576205
178 0.0234721753
179 0.0234867301
180 0.0235012849
181 0.0235158397
182 0.0235303945
183 0.0235449493
184 0.0235595041
185 0.0235740589
186 0.0235886137
187 0.0236031685
188 0.0236167094
189 0.0236302503
190 0.0236437912
191 0.0236573321
192 0.023670873
193 0.0236844139
194 0.0236979549
195 0.0237114958
196 0.0237250367
197 0.0237385776
198 0.0237521185
199 0.0237656594
200 0.0237792003
201 0.0237927412
202 0.0238062821
203 0.0238198231
204 0.023833364
205 0.0238469049
206 0.0238604458
207 0.0238739867
208 0.0238875276
209 0.0239010685
210 0.0239146094
211 0.0239281504
212 0.0239416913
213 0.0239552322
214 0.0239687731
215 0.023982314
216 0.0239958549
217 0.0240093958
218 0.0240229367
219 0.0240364776
220 0.0240500186
221 0.0240624228
222 0.0240748271
223 0.0240872314
224 0.0240996357
225 0.02411204
226 0.0241244443
227 0.0241368486
228 0.0241492529
229 0.0241616572
230 0.0241740614
231 0.0241864657
232 0.02419887
233 0.0242112743
234 0.0242236786
235 0.0242360829
236 0.0242484872
237 0.0242608915
238 0.0242732958
239 0.0242857
240 0.0242981043
241 0.0243105086
242 0.0243229129
243 0.0243353172
244 0.0243477215
245 0.0243601258
246 0.0243725301
247 0.0243849344
248 0.0243973386
249 0.0244097429
250 0.0244211421
251 0.0244325412
252 0.0244439403
253 0.0244553394
254 0.0244667385
255 0.0244781377
256 0.0244895368
257 0.0245009359
258 0.024512335
259 0.0245237342
260 0.0245351333
261 0.0245465324
262 0.0245579315
263 0.0245693306
264 0.0245807298
265 0.0245921289
266 0.024603528
267 0.0246149271
268 0.0246263263
269 0.0246377254
270 0.0246491245
271 0.0246605236
272 0.0246719228
273 0.0246833219
274 0.024694721
275 0.0247061201
276 0.0247175192
277 0.0247289184
278 0.0247388187
279 0.0247487191
280 0.0247586194
281 0.0247685198
282 0.0247784201
283 0.0247883205
284 0.0247982208
285 0.0248081212
286 0.0248180215
287 0.0248279219
288 0.0248378222
289 0.0248477226
290 0.0248576229
291 0.0248675233
292 0.0248774236
293 0.024887324
294 0.0248972243
295 0.0249071247
296 0.024917025
297 0.0249269254
298 0.0249368258
299 0.0249467261
300 0.0249566265
301 0.0249665268
302 0.0249764272
303 0.0249863275
304 0.0249962279
305 0.0250061282
306 0.0250160286
307 0.0250259289
308 0.0250358293
309 0.0250452655
310 0.0250547018
311 0.025064138
312 0.0250735743
313 0.0250830106
314 0.0250924468
315 0.0251018831
316 0.0251113193
317 0.0251207556
318 0.0251301919
319 0.0251396281
320 0.0251490644
321 0.0251585006
322 0.0251679369
323 0.0251773732
324 0.0251868094
325 0.0251962457
326 0.0252056819
327 0.0252151182
328 0.0252245545
329 0.0252339907
330 0.025243427
331 0.0252528632
332 0.0252622995
333 0.0252717358
334 0.025281172
335 0.0252906083
336 0.0253000445
337 0.0253094808
338 0.0253189171
339 0.0253283533
340 0.0253362115
341 0.0253440696
342 0.0253519278
343 0.0253597859
344 0.0253676441
345 0.0253755023
346 0.0253833604
347 0.0253912186
348 0.0253990767
349 0.0254069349
350 0.025414793
351 0.0254226512
352 0.0254305094
353 0.0254383675
354 0.0254462257
355 0.0254540838
356 0.025461942
357 0.0254698001
358 0.0254776583
359 0.0254855165
360 0.0254933746
361 0.0255012328
362 0.0255090909
363 0.0255169491
364 0.0255248072
365 0.0255326654
366 0.0255405235
367 0.0255483817
368 0.0255562399
369 0.025564098
370 0.0255679145
371 0.025571731
372 0.0255755475
373 0.0255793641
374 0.0255831806
375 0.0255869971
376 0.0255908136
377 0.0255946301
378 0.0255984466
379 0.0256022631
380 0.0256060796
381 0.0256098962
382 0.0256137127
383 0.0256175292
384 0.0256213457
385 0.0256251622
386 0.0256289787
387 0.0256327952
388 0.0256366117
389 0.0256404282
390 0.0256442448
391 0.0256480613
392 0.0256518778
393 0.0256556943
394 0.0256595108
395 0.0256633273
396 0.0256671438
397 0.0256709603
398 0.0256747769
399 0.0256785934
400 0.0256824099
401 0.0256862264
402 0.0256900429
403 0.0256938594
404 0.0256976759
405 0.0257014924
406 0.0257053089
407 0.0257091255
408 0.025712942
409 0.0257167585
410 0.025720575
411 0.0257243915
412 0.025728208
413 0.0257320245
414 0.025735841
415 0.0257396575
416 0.0257434741
417 0.0257472906
418 0.0257511071
419 0.0257549236
420 0.0257587401
421 0.0257625566
422 0.0257663731
423 0.0257701896
424 0.0257740062
425 0.0257778227
426 0.0257816392
427 0.0257854557
428 0.0257892722
429 0.0257930887
430 0.0257969052
431 0.0258007217
432 0.0258045382
433 0.0258083548
434 0.0258121713
435 0.0258159878
436 0.0258198043
437 0.0258236208
438 0.0258274373
439 0.0258312538
440 0.0258350703
441 0.0258388868
442 0.0258427034
443 0.0258465199
444 0.0258503364
445 0.0258541529
446 0.0258579694
447 0.0258617859
448 0.0258656024
449 0.0258694189
450 0.0258732355
451 0.025877052
452 0.0258808685
453 0.025884685
454 0.0258885015
455 0.025892318
456 0.0258961345
457 0.025899951
458 0.0259037675
459 0.0259075841
460 0.0259114006
461 0.0259152171
462 0.0259190336
463 0.0259228501
464 0.0259266666
465 0.0259304831
466 0.0259342996
467 0.0259381162
468 0.0259419327
469 0.0259457492
470 0.0259495657
471 0.0259533822
472 0.0259571987
473 0.0259610152
474 0.0259648317
475 0.0259686482
476 0.0259724648
477 0.0259762813
478 0.0259800978
479 0.0259839143
480 0.0259877308
481 0.0259915473
482 0.0259953638
483 0.0259991803
484 0.0260029968
485 0.0260068134
486 0.0260106299
487 0.0260144464
488 0.0260182629
489 0.0260220794
490 0.0260258959
491 0.0260297124
492 0.0260335289
493 0.0260373455
494 0.026041162
495 0.0260449785
496 0.026048795
497 0.0260526115
498 0.026056428
499 0.0260602445
500 0.026064061
501 0.0260678775
502 0.0260716941
503 0.0260755106
504 0.0260793271
505 0.0260831436
506 0.0260869601
507 0.0260907766
508 0.0260945931
509 0.0260984096
510 0.0261022262
511 0.0261060427
512 0.0261098592
513 0.0261136757
514 0.0261174922
515 0.0261213087
516 0.0261251252
517 0.0261289417
518 0.0261327582
519 0.0261365748
520 0.0261403913
521 0.0261442078
522 0.0261480243
523 0.0261518408
524 0.0261556573
525 0.0261594738
526 0.0261632903
527 0.0261671068
528 0.0261709234
529 0.0261747399
530 0.0261785564
531 0.0261823729
532 0.0261861894
533 0.0261900059
534 0.0261938224
535 0.0261976389
536 0.0262014555
537 0.026205272
538 0.0262090885
539 0.026212905
540 0.0262167215
541 0.026220538
542 0.0262243545
543 0.026228171
544 0.0262319875
545 0.0262358041
546 0.0262396206
547 0.0262434371
548 0.0262472536
549 0.0262510701
550 0.0262548866
551 0.0262587031
552 0.0262625196
553 0.0262639801
554 0.0262654405
555 0.0262669009
556 0.0262683613
557 0.0262698217
558 0.0262712821
559 0.0262727426
560 0.026274203
561 0.0262756634
562 0.0262771238
563 0.0262785842
564 0.0262800447
565 0.0262815051
566 0.0262829655
567 0.0262844259
568 0.0262858863
569 0.0262873467
570 0.0262888072
571 0.0262902676
572 0.026291728
573 0.0262931884
574 0.0262946488
575 0.0262961093
576 0.0262975697
577 0.0262990301
578 0.0263004905
579 0.0263019509
580 0.0263034113
581 0.0263048718
582 0.0263063322
583 0.0263077926
584 0.026309253
585 0.0263107134
586 0.0263121739
587 0.0263136343
588 0.0263150947
589 0.0263165551
590 0.0263180155
591 0.0263194759
592 0.0263209364
593 0.0263223968
594 0.0263238572
595 0.0263253176
596 0.026326778
597 0.0263282385
598 0.0263296989
599 0.0263311593
600 0.0263326197
601 0.0263340801
602 0.0263355405
603 0.026337001
604 0.0263384614
605 0.0263399218
606 0.0263413822
607 0.0263428426
608 0.0263443031
609 0.0263457635
610 0.0263472239
611 0.0263486843
612 0.0263501447
613 0.0263516051
614 0.0263530656
615 0.026354526
616 0.0263559864
617 0.0263574468
618 0.0263589072
619 0.0263603676
620 0.0263618281
621 0.0263632885
622 0.0263647489
623 0.0263662093
624 0.0263676697
625 0.0263691302
626 0.0263705906
627 0.026372051
628 0.0263735114
629 0.0263749718
630 0.0263764322
631 0.0263778927
632 0.0263793531
633 0.0263808135
634 0.0263822739
635 0.0263837343
636 0.0263851948
637 0.0263866552
638 0.0263881156
639 0.026389576
640 0.0263910364
641 0.0263924968
642 0.0263939573
643 0.0263954177
644 0.0263968781
645 0.0263983385
646 0.0263997989
647 0.0264012594
648 0.0264027198
649 0.0264041802
650 0.0264056406
651 0.026407101
652 0.0264085614
653 0.0264100219
654 0.0264114823
655 0.0264129427
656 0.0264144031
657 0.0264158635
658 0.026417324
659 0.0264187844
660 0.0264202448
661 0.0264217052
662 0.0264231656
663 0.026424626
664 0.0264260865
665 0.0264275469
666 0.0264290073
667 0.0264304677
668 0.0264319281
669 0.0264333886
670 0.026434849
671 0.0264363094
672 0.0264377698
673 0.0264392302
674 0.0264406906
675 0.0264421511
676 0.0264436115
677 0.0264450719
678 0.0264465323
679 0.0264479927
680 0.0264494532
681 0.0264509136
682 0.026452374
683 0.0264538344
684 0.0264552948
685 0.0264567552
686 0.0264582157
687 0.0264596761
688 0.0264611365
689 0.0264625969
690 0.0264640573
691 0.0264655178
692 0.0264669782
693 0.0264684386
694 0.026469899
695 0.0264713594
696 0.0264728198
697 0.0264742803
698 0.0264757407
699 0.0264772011
700 0.0264786615
701 0.0264801219
702 0.0264815824
703 0.0264830428
704 0.0264845032
705 0.0264859636
706 0.026487424
707 0.0264888844
708 0.0264903449
709 0.0264918053
710 0.0264932657
711 0.0264947261
712 0.0264961865
713 0.026497647
714 0.0264991074
715 0.0265005678
716 0.0265020282
717 0.0265034886
718 0.026504949
719 0.0265064095
720 0.0265078699
721 0.0265093303
722 0.0265107907
723 0.0265122511
724 0.0265137115
725 0.026515172
726 0.0265166324
727 0.0265180928
728 0.0265195532
729 0.0265210136
730 0.0265224741
731 0.0265239345
732 0.0265253949
733 0.0265268553
734 0.0265283157
735 0.0265297761
736 0.0265307107
737 0.0265316453
738 0.0265325798
739 0.0265335144
740 0.026534449
741 0.0265353835
742 0.0265363181
743 0.0265372526
744 0.0265381872
745 0.0265391218
746 0.0265400563
747 0.0265409909
748 0.0265419255
749 0.02654286
750 0.0265437946
751 0.0265447292
752 0.0265456637
753 0.0265465983
754 0.0265475328
755 0.0265484674
756 0.026549402
757 0.0265503365
758 0.0265512711
759 0.0265522057
760 0.0265531402
761 0.0265540748
762 0.0265550093
763 0.0265559439
764 0.0265568785
765 0.026557813
766 0.0265587476
767 0.0265596822
768 0.0265606167
769 0.0265615513
770 0.0265624858
771 0.0265634204
772 0.026564355
773 0.0265652895
774 0.0265662241
775 0.0265671587
776 0.0265680932
777 0.0265690278
778 0.0265699623
779 0.0265708969
780 0.0265718315
781 0.026572766
782 0.0265737006
783 0.0265746352
784 0.0265755697
785 0.0265765043
786 0.0265774388
787 0.0265783734
788 0.026579308
789 0.0265802425
790 0.0265811771
791 0.0265821117
792 0.0265830462
793 0.0265839808
794 0.0265849153
795 0.0265858499
796 0.0265867845
797 0.026587719
798 0.0265886536
799 0.0265895882
800 0.0265905227
801 0.0265914573
802 0.0265923918
803 0.0265933264
804 0.026594261
805 0.0265951955
806 0.0265961301
807 0.0265970647
808 0.0265979992
809 0.0265989338
810 0.0265998683
811 0.0266008029
812 0.0266017375
813 0.026602672
814 0.0266036066
815 0.0266045412
816 0.0266054757
817 0.0266064103
818 0.0266073448
819 0.0266082794
820 0.026609214
821 0.0266101485
822 0.0266110831
823 0.0266120177
824 0.0266129522
825 0.0266138868
826 0.0266148214
827 0.0266157559
828 0.0266166905
829 0.026617625
830 0.0266185596
831 0.0266194942
832 0.0266204287
833 0.0266213633
834 0.0266222979
835 0.0266232324
836 0.026624167
837 0.0266251015
838 0.0266260361
839 0.0266269707
840 0.0266279052
841 0.0266288398
842 0.0266297744
843 0.0266307089
844 0.0266316435
845 0.026632578
846 0.0266335126
847 0.0266344472
848 0.0266353817
849 0.0266363163
850 0.0266372509
851 0.0266381854
852 0.02663912
853 0.0266400545
854 0.0266409891
855 0.0266419237
856 0.0266428582
857 0.0266437928
858 0.0266447274
859 0.0266456619
860 0.0266465965
861 0.026647531
862 0.0266484656
863 0.0266494002
864 0.0266503347
865 0.0266512693
866 0.0266522039
867 0.0266531384
868 0.026654073
869 0.0266550075
870 0.0266559421
871 0.0266568767
872 0.0266578112
873 0.0266587458
874 0.0266596804
875 0.0266606149
876 0.0266615495
877 0.026662484
878 0.0266634186
879 0.0266643532
880 0.0266652877
881 0.0266662223
882 0.0266671569
883 0.0266680914
884 0.026669026
885 0.0266699605
886 0.0266708951
887 0.0266718297
888 0.0266727642
889 0.0266736988
890 0.0266746334
891 0.0266755679
892 0.0266765025
893 0.026677437
894 0.0266783716
895 0.0266793062
896 0.0266802407
897 0.0266811753
898 0.0266821099
899 0.0266830444
900 0.026683979
901 0.0266849136
902 0.0266858481
903 0.0266867827
904 0.0266877172
905 0.0266886518
906 0.0266895864
907 0.0266905209
908 0.0266914555
909 0.0266923901
910 0.0266933246
911 0.0266942592
912 0.0266951937
913 0.0266961283
914 0.0266970629
915 0.0266979974
916 0.026698932
917 0.0266998666
918 0.0267008011
919 0.0267017357
920 0.0267026702
921 0.0267036048
922 0.0267045394
923 0.0267054739
924 0.0267064085
925 0.0267073431
926 0.0267082776
927 0.0267092122
928 0.0267101467
929 0.0267110813
930 0.0267120159
931 0.0267129504
932 0.026713885
933 0.0267148196
934 0.0267157541
935 0.0267166887
936 0.0267176232
937 0.0267185578
938 0.0267194924
939 0.0267204269
940 0.0267213615
941 0.0267222961
942 0.0267232306
943 0.0267241652
944 0.0267250997
945 0.0267260343
946 0.0267269689
947 0.0267279034
948 0.026728838
949 0.0267297726
950 0.0267307071
951 0.0267316417
952 0.0267325762
953 0.0267335108
954 0.0267344454
955 0.0267353799
956 0.0267363145
957 0.0267372491
958 0.0267381836
959 0.0267391182
960 0.0267400527
961 0.0267409873
962 0.0267419219
963 0.0267428564
964 0.026743791
965 0.0267447256
966 0.0267456601
967 0.0267465947
968 0.0267475292
969 0.0267484638
970 0.0267493984
971 0.0267503329
972 0.0267512675
973 0.0267522021
974 0.0267531366
975 0.0267540712
976 0.0267550058
977 0.0267559403
978 0.0267568749
979 0.0267578094
980 0.026758744
981 0.0267596786
982 0.0267606131
983 0.0267615477
984 0.0267624823
985 0.0267634168
986 0.0267643514
987 0.0267652859
988 0.0267662205
989 0.0267671551
990 0.0267680896
991 0.0267690242
992 0.0267699588
993 0.0267708933
994 0.0267718279
995 0.0267727624
996 0.026773697
997 0.0267746316
998 0.0267755661
999 0.0267765007
1000 0.0267774353
1001 0.0267783698
1002 0.0267793044
1003 0.0267802389
1004 0.0267811735
1005 0.0267821081
1006 0.0267830426
1007 0.0267839772
1008 0.0267849118
1009 0.0267858463
1010 0.0267867809
1011 0.0267877154
1012 0.02678865
1013 0.0267895846
1014 0.0267905191
1015 0.0267914537
1016 0.0267923883
1017 0.0267933228
1018 0.0267942574
1019 0.0267951919
1020 0.0267961265
1021 0.0267970611
1022 0.0267979956
1023 0.0267989302
1024 0.0267998648
1025 0.0268007993
1026 0.0268017339
1027 0.0268026684
1028 0.026803603
1029 0.0268045376
1030 0.0268054721
1031 0.0268064067
1032 0.0268073413
1033 0.0268082758
1034 0.0268092104
1035 0.0268101449
1036 0.0268110795
1037 0.0268120141
1038 0.0268129486
1039 0.0268138832
1040 0.0268148178
1041 0.0268157523
1042 0.0268166869
1043 0.0268176214
1044 0.026818556
1045 0.0268194906
1046 0.0268204251
1047 0.0268213597
1048 0.0268222943
1049 0.0268232288
1050 0.0268241634
1051 0.0268250979
1052 0.0268260325
1053 0.0268269671
1054 0.0268279016
1055 0.0268288362
1056 0.0268297708
1057 0.0268307053
1058 0.0268316399
1059 0.0268325745
1060 0.026833509
1061 0.0268344436
1062 0.0268353781
1063 0.0268363127
1064 0.0268372473
1065 0.0268381818
1066 0.0268391164
1067 0.026840051
1068 0.0268409855
1069 0.0268419201
1070 0.0268428546
1071 0.0268437892
1072 0.0268447238
1073 0.0268456583
1074 0.0268465929
1075 0.0268475275
1076 0.026848462
1077 0.0268493966
1078 0.0268503311
1079 0.0268512657
1080 0.0268522003
1081 0.0268531348
1082 0.0268540694
1083 0.026855004
1084 0.0268559385
1085 0.0268568731
1086 0.0268578076
1087 0.0268587422
1088 0.0268596768
1089 0.0268606113
1090 0.0268615459
1091 0.0268624805
1092 0.026863415
1093 0.0268643496
1094 0.0268652841
1095 0.0268662187
1096 0.0268671533
1097 0.0268680878
1098 0.0268690224
1099 0.026869957
1100 0.0268708915
1101 0.0268718261
1102 0.0268727606
1103 0.0268741223
1104 0.026875484
1105 0.0268768457
1106 0.0268782074
1107 0.0268795691
1108 0.0268809308
1109 0.0268822925
1110 0.0268836542
1111 0.0268850159
1112 0.0268863776
1113 0.0268877394
1114 0.0268891011
1115 0.0268904628
1116 0.0268918245
1117 0.0268931862
1118 0.0268945479
1119 0.0268959096
1120 0.0268972713
1121 0.026898633
1122 0.0268999947
1123 0.0269013564
1124 0.0269027181
1125 0.0269040798
1126 0.0269054415
1127 0.0269068032
1128 0.0269081649
1129 0.0269095266
1130 0.0269108883
1131 0.02691225
1132 0.0269136117
1133 0.0269149734
1134 0.0269163351
1135 0.0269176968
1136 0.0269190585
1137 0.0269204202
1138 0.0269217819
1139 0.0269231436
1140 0.0269245053
1141 0.026925867
1142 0.0269272287
1143 0.0269285904
1144 0.0269299521
1145 0.0269313138
1146 0.0269326755
1147 0.0269340372
1148 0.0269353989
1149 0.0269367606
1150 0.0269381223
1151 0.026939484
1152 0.0269408457
1153 0.0269422074
1154 0.0269435691
1155 0.0269449308
1156 0.0269462925
1157 0.0269476542
1158 0.0269490159
1159 0.0269503776
1160 0.0269517393
1161 0.026953101
1162 0.0269544627
1163 0.0269558244
1164 0.0269571861
1165 0.0269585478
1166 0.0269599095
1167 0.0269612712
1168 0.0269626329
1169 0.0269639946
1170 0.0269653563
1171 0.026966718
1172 0.0269680797
1173 0.0269694414
1174 0.0269708031
1175 0.0269721648
1176 0.0269735265
1177 0.0269748882
1178 0.0269762499
1179 0.0269776116
1180 0.0269789733
1181 0.026980335
1182 0.0269816967
1183 0.0269830584
1184 0.0269844201
1185 0.0269857818
1186 0.0269871435
1187 0.0269885052
1188 0.0269898669
1189 0.0269912286
1190 0.0269925903
1191 0.026993952
1192 0.0269953137
1193 0.0269966754
1194 0.0269980371
1195 0.0269993988
1196 0.0270007605
1197 0.0270021222
1198 0.0270034839
1199 0.0270048456
1200 0.0270062073
1201 0.027007569
1202 0.0270089307
1203 0.0270102924
1204 0.0270116541
1205 0.0270130158
1206 0.0270143775
1207 0.0270157392
1208 0.0270171009
1209 0.0270184626
1210 0.0270198243
1211 0.027021186
1212 0.0270225477
1213 0.0270239094
1214 0.0270252711
1215 0.0270266328
1216 0.0270279945
1217 0.0270293562
1218 0.0270307179
1219 0.0270320796
1220 0.0270334413
1221 0.027034803
1222 0.0270361647
1223 0.0270375264
1224 0.0270388881
1225 0.0270402498
1226 0.0270416115
1227 0.0270429732
1228 0.0270443349
1229 0.0270456966
1230 0.0270470583
1231 0.02704842
1232 0.0270497817
1233 0.0270511434
1234 0.0270525051
1235 0.0270538668
1236 0.0270552285
1237 0.0270565902
1238 0.0270579519
1239 0.0270593136
1240 0.0270606753
1241 0.027062037
1242 0.0270633987
1243 0.0270647604
1244 0.0270661221
1245 0.0270674838
1246 0.0270688455
1247 0.0270702072
1248 0.0270715689
1249 0.0270729306
1250 0.0270742923
1251 0.027075654
1252 0.0270770157
1253 0.0270783774
1254 0.0270797391
1255 0.0270811008
1256 0.0270824625
1257 0.0270838242
1258 0.0270851859
1259 0.0270865476
1260 0.0270879093
1261 0.027089271
1262 0.0270906327
1263 0.0270919944
1264 0.0270933561
1265 0.0270947178
1266 0.0270960795
1267 0.0270974412
1268 0.0270988029
1269 0.0271001646
1270 0.0271015263
1271 0.027102888
1272 0.0271042497
1273 0.0271056114
1274 0.0271069731
1275 0.0271083348
1276 0.0271096965
1277 0.0271110582
1278 0.0271124199
1279 0.0271137816
1280 0.0271151433
1281 0.027116505
1282 0.0271178667
1283 0.0271192284
1284 0.0271205901
1285 0.0271219518
1286 0.0271233135
1287 0.0271246752
1288 0.0271260369
1289 0.0271273986
1290 0.0271287603
1291 0.027130122
1292 0.0271314837
1293 0.0271328454
1294 0.0271342071
1295 0.0271355688
1296 0.0271369305
1297 0.0271382922
1298 0.0271396539
1299 0.0271410156
1300 0.0271423773
1301 0.027143739
1302 0.0271451007
1303 0.0271464624
1304 0.0271478241
1305 0.0271491858
1306 0.0271505475
1307 0.0271519092
1308 0.0271532709
1309 0.0271546326
1310 0.0271559943
1311 0.027157356
1312 0.0271587177
1313 0.0271600794
1314 0.0271614411
1315 0.0271628028
1316 0.0271641645
1317 0.0271655262
1318 0.0271668879
1319 0.0271682496
1320 0.0271696113
1321 0.027170973
1322 0.0271723347
1323 0.0271736964
1324 0.0271750581
1325 0.0271764198
1326 0.0271777815
1327 0.0271791432
1328 0.0271805049
1329 0.0271818666
1330 0.0271832283
1331 0.02718459
1332 0.0271859517
1333 0.0271873134
1334 0.0271886751
1335 0.0271900368
1336 0.0271913985
1337 0.0271927602
1338 0.0271941219
1339 0.0271954836
1340 0.0271968453
1341 0.027198207
1342 0.0271995687
1343 0.0272009304
1344 0.0272022921
1345 0.0272036538
1346 0.0272050155
1347 0.0272063772
1348 0.027207739
1349 0.0272091007
1350 0.0272104624
1351 0.0272118241
1352 0.0272131858
1353 0.0272145475
1354 0.0272159092
1355 0.0272172709
1356 0.0272186326
1357 0.0272199943
1358 0.027221356
1359 0.0272227177
1360 0.0272240794
1361 0.0272254411
1362 0.0272268028
1363 0.0272281645
1364 0.0272295262
1365 0.0272308879
1366 0.0272322496
1367 0.0272336113
1368 0.027234973
1369 0.0272363347
1370 0.0272376964
1371 0.0272390581
1372 0.0272404198
1373 0.0272417815
1374 0.0272431432
1375 0.0272445049
1376 0.0272458666
1377 0.0272472283
1378 0.02724859
1379 0.0272499517
1380 0.0272513134
1381 0.0272526751
1382 0.0272540368
1383 0.0272553985
1384 0.0272567602
1385 0.0272581219
1386 0.0272594836
1387 0.0272608453
1388 0.027262207
1389 0.0272635687
1390 0.0272649304
1391 0.0272662921
1392 0.0272676538
1393 0.0272690155
1394 0.0272703772
1395 0.0272717389
1396 0.0272731006
1397 0.0272744623
1398 0.027275824
1399 0.0272771857
1400 0.0272785474
1401 0.0272799091
1402 0.0272812708
1403 0.0272826325
1404 0.0272839942
1405 0.0272853559
1406 0.0272867176
1407 0.0272880793
1408 0.027289441
1409 0.0272908027
1410 0.0272921644
1411 0.0272935261
1412 0.0272948878
1413 0.0272962495
1414 0.0272976112
1415 0.0272989729
1416 0.0273003346
1417 0.0273016963
1418 0.027303058
1419 0.0273044197
1420 0.0273057814
1421 0.0273071431
1422 0.0273085048
1423 0.0273098665
1424 0.0273112282
1425 0.0273125899
1426 0.0273139516
1427 0.0273153133
1428 0.027316675
1429 0.0273180367
1430 0.0273193984
1431 0.0273207601
1432 0.0273221218
1433 0.0273234835
1434 0.0273248452
1435 0.0273262069
1436 0.0273275686
1437 0.0273289303
1438 0.027330292
1439 0.0273316537
1440 0.0273330154
1441 0.0273343771
1442 0.0273357388
1443 0.0273371005
1444 0.0273384622
1445 0.0273398239
1446 0.0273411856
1447 0.0273425473
1448 0.027343909
1449 0.0273452707
1450 0.0273466324
1451 0.0273479941
1452 0.0273493558
1453 0.0273507175
1454 0.0273520792
1455 0.0273534409
1456 0.0273548026
1457 0.0273561643
1458 0.027357526
1459 0.0273588877
1460 0.0273602494
1461 0.0273616111
1462 0.0273629728
1463 0.0273643345
1464 0.0273656962
1465 0.0273670579
1466 0.0273684196
1467 0.0273701713
1468 0.027371923
1469 0.0273736747
1470 0.0273754264
1471 0.0273771781
1472 0.0273789298
1473 0.0273806815
1474 0.0273824332
1475 0.0273841849
1476 0.0273859366
1477 0.0273876883
1478 0.02738944
1479 0.0273911917
1480 0.0273929434
1481 0.0273946951
1482 0.0273964468
1483 0.0273981985
1484 0.0273999502
1485 0.0274017019
1486 0.0274034536
1487 0.0274052053
1488 0.027406957
1489 0.0274087087
1490 0.0274104604
1491 0.0274122121
1492 0.0274139638
1493 0.0274157155
1494 0.0274174672
1495 0.0274192189
1496 0.0274209706
1497 0.0274227223
1498 0.027424474
1499 0.0274262257
1500 0.0274279774
1501 0.0274297291
1502 0.0274314808
1503 0.0274332325
1504 0.0274349842
1505 0.0274367359
1506 0.0274384876
1507 0.0274402393
1508 0.027441991
1509 0.0274437427
1510 0.0274454945
1511 0.0274472462
1512 0.0274489979
1513 0.0274507496
1514 0.0274525013
1515 0.027454253
1516 0.0274560047
1517 0.0274577564
1518 0.0274595081
1519 0.0274612598
1520 0.0274630115
1521 0.0274647632
1522 0.0274665149
1523 0.0274682666
1524 0.0274700183
1525 0.02747177
1526 0.0274735217
1527 0.0274752734
1528 0.0274770251
1529 0.0274787768
1530 0.0274805285
1531 0.0274822802
1532 0.0274840319
1533 0.0274857836
1534 0.0274875353
1535 0.027489287
1536 0.0274910387
1537 0.0274927904
1538 0.0274945421
1539 0.0274962938
1540 0.0274980455
1541 0.0274997972
1542 0.0275015489
1543 0.0275033006
1544 0.0275050523
1545 0.027506804
1546 0.0275085557
1547 0.0275103074
1548 0.0275120591
1549 0.0275138108
1550 0.0275155625
1551 0.0275173142
1552 0.0275190659
1553 0.0275208176
1554 0.0275225693
1555 0.027524321
1556 0.0275260727
1557 0.0275278244
1558 0.0275295761
1559 0.0275313278
1560 0.0275330795
1561 0.0275348312
1562 0.0275365829
1563 0.0275383346
1564 0.0275400863
1565 0.027541838
1566 0.0275435897
1567 0.0275453414
1568 0.0275470931
1569 0.0275488448
1570 0.0275505965
1571 0.0275523482
1572 0.0275540999
1573 0.0275558516
1574 0.0275576033
1575 0.027559355
1576 0.0275611067
1577 0.0275628584
1578 0.0275646101
1579 0.0275663618
1580 0.0275681135
1581 0.0275698652
1582 0.0275716169
1583 0.0275733686
1584 0.0275751203
1585 0.027576872
1586 0.0275786237
1587 0.0275803754
1588 0.0275821271
1589 0.0275838788
1590 0.0275856305
1591 0.0275873822
1592 0.0275891339
1593 0.0275908856
1594 0.0275926373
1595 0.027594389
1596 0.0275961407
1597 0.0275978925
1598 0.0275996442
1599 0.0276013959
1600 0.0276031476
1601 0.0276048993
1602 0.027606651
1603 0.0276084027
1604 0.0276101544
1605 0.0276119061
1606 0.0276136578
1607 0.0276154095
1608 0.0276171612
1609 0.0276189129
1610 0.0276206646
1611 0.0276224163
1612 0.027624168
1613 0.0276259197
1614 0.0276276714
1615 0.0276294231
1616 0.0276311748
1617 0.0276329265
1618 0.0276346782
1619 0.0276364299
1620 0.0276381816
1621 0.0276399333
1622 0.027641685
1623 0.0276434367
1624 0.0276451884
1625 0.0276469401
1626 0.0276486918
1627 0.0276504435
1628 0.0276521952
1629 0.0276539469
1630 0.0276556986
1631 0.0276574503
1632 0.027659202
1633 0.0276609537
1634 0.0276627054
1635 0.0276644571
1636 0.0276662088
1637 0.0276679605
1638 0.0276697122
1639 0.0276714639
1640 0.0276732156
1641 0.0276749673
1642 0.027676719
1643 0.0276784707
1644 0.0276802224
1645 0.0276819741
1646 0.0276837258
1647 0.0276854775
1648 0.0276872292
1649 0.0276889809
1650 0.0276907326
1651 0.0276924843
1652 0.027694236
1653 0.0276959877
1654 0.0276977394
1655 0.0276994911
1656 0.0277012428
1657 0.0277029945
1658 0.0277047462
1659 0.0277064979
1660 0.0277082496
1661 0.0277100013
1662 0.027711753
1663 0.0277135047
1664 0.0277152564
1665 0.0277170081
1666 0.0277187598
1667 0.0277205115
1668 0.0277222632
1669 0.0277240149
1670 0.0277257666
1671 0.0277275183
1672 0.02772927
1673 0.0277310217
1674 0.0277327734
1675 0.0277345251
1676 0.0277362768
1677 0.0277380285
1678 0.0277397802
1679 0.0277415319
1680 0.0277432836
1681 0.0277450353
1682 0.027746787
1683 0.0277485387
1684 0.0277502905
1685 0.0277520422
1686 0.0277537939
1687 0.0277555456
1688 0.0277572973
1689 0.027759049
1690 0.0277608007
1691 0.0277625524
1692 0.0277643041
1693 0.0277660558
1694 0.0277678075
1695 0.0277695592
1696 0.0277713109
1697 0.0277730626
1698 0.0277748143
1699 0.027776566
1700 0.0277783177
1701 0.0277800694
1702 0.0277818211
1703 0.0277835728
1704 0.0277853245
1705 0.0277870762
1706 0.0277888279
1707 0.0277905796
1708 0.0277923313
1709 0.027794083
1710 0.0277958347
1711 0.0277975864
1712 0.0277993381
1713 0.0278010898
1714 0.0278028415
1715 0.0278045932
1716 0.0278063449
1717 0.0278080966
1718 0.0278098483
1719 0.0278116
1720 0.0278133517
1721 0.0278151034
1722 0.0278168551
1723 0.0278186068
1724 0.0278203585
1725 0.0278221102
1726 0.0278238619
1727 0.0278256136
1728 0.0278273653
1729 0.027829117
1730 0.0278308687
1731 0.0278326204
1732 0.0278343721
1733 0.0278361238
1734 0.0278378755
1735 0.0278396272
1736 0.0278413789
1737 0.0278431306
1738 0.0278448823
1739 0.027846634
1740 0.0278483857
1741 0.0278501374
1742 0.0278518891
1743 0.0278536408
1744 0.0278553925
1745 0.0278571442
1746 0.0278588959
1747 0.0278606476
1748 0.0278623993
1749 0.027864151
1750 0.0278659027
1751 0.0278676544
1752 0.0278694061
1753 0.0278711578
1754 0.0278729095
1755 0.0278746612
1756 0.0278764129
1757 0.0278781646
1758 0.0278799163
1759 0.027881668
1760 0.0278834197
1761 0.0278851714
1762 0.0278869231
1763 0.0278886748
1764 0.0278904265
1765 0.0278921782
1766 0.0278939299
1767 0.0278956816
1768 0.0278974333
1769 0.027899185
1770 0.0279009367
1771 0.0279026884
1772 0.0279044402
1773 0.0279061919
1774 0.0279079436
1775 0.0279096953
1776 0.027911447
1777 0.0279131987
1778 0.0279149504
1779 0.0279167021
1780 0.0279184538
1781 0.0279202055
1782 0.0279219572
1783 0.0279237089
1784 0.0279254606
1785 0.0279272123
1786 0.027928964
1787 0.0279307157
1788 0.0279324674
1789 0.0279342191
1790 0.0279359708
1791 0.0279377225
1792 0.0279394742
1793 0.0279412259
1794 0.0279429776
1795 0.0279447293
1796 0.027946481
1797 0.0279482327
1798 0.0279499844
1799 0.0279517361
1800 0.0279534878
1801 0.0279552395
1802 0.0279569912
1803 0.0279587429
1804 0.0279604946
1805 0.0279622463
1806 0.027963998
1807 0.0279657497
1808 0.0279675014
1809 0.0279692531
1810 0.0279710048
1811 0.0279727565
1812 0.0279745082
1813 0.0279762599
1814 0.0279780116
1815 0.0279797633
1816 0.027981515
1817 0.0279832667
1818 0.0279850184
1819 0.0279867701
1820 0.0279885218
1821 0.0279902735
1822 0.0279920252
1823 0.0279937769
1824 0.0279955286
1825 0.0279972803
1826 0.027999032
1827 0.0280007837
1828 0.0280025354
1829 0.0280042871
1830 0.0280060388
1831 0.0280084279
1832 0.028010817
1833 0.028013206
1834 0.0280155951
1835 0.0280179842
1836 0.0280203732
1837 0.0280227623
1838 0.0280251514
1839 0.0280275404
1840 0.0280299295
1841 0.0280323186
1842 0.0280347077
1843 0.0280370967
1844 0.0280394858
1845 0.0280418749
1846 0.0280442639
1847 0.028046653
1848 0.0280490421
1849 0.0280514312
1850 0.0280538202
1851 0.0280562093
1852 0.0280585984
1853 0.0280609874
1854 0.0280633765
1855 0.0280657656
1856 0.0280681546
1857 0.0280705437
1858 0.0280729328
1859 0.0280753219
1860 0.0280777109
1861 0.0280801
1862 0.0280824891
1863 0.0280848781
1864 0.0280872672
1865 0.0280896563
1866 0.0280920453
1867 0.0280944344
1868 0.0280968235
1869 0.0280992126
1870 0.0281016016
1871 0.0281039907
1872 0.0281063798
1873 0.0281087688
1874 0.0281111579
1875 0.028113547
1876 0.028115936
1877 0.0281183251
1878 0.0281207142
1879 0.0281231033
1880 0.0281254923
1881 0.0281278814
1882 0.0281302705
1883 0.0281326595
1884 0.0281350486
1885 0.0281374377
1886 0.0281398267
1887 0.0281422158
1888 0.0281446049
1889 0.028146994
1890 0.028149383
1891 0.0281517721
1892 0.0281541612
1893 0.0281565502
1894 0.0281589393
1895 0.0281613284
1896 0.0281637175
1897 0.0281661065
1898 0.0281684956
1899 0.0281708847
1900 0.0281732737
1901 0.0281756628
1902 0.0281780519
1903 0.0281804409
1904 0.02818283
1905 0.0281852191
1906 0.0281876082
1907 0.0281899972
1908 0.0281923863
1909 0.0281947754
1910 0.0281971644
1911 0.0281995535
1912 0.0282019426
1913 0.0282043316
1914 0.0282067207
1915 0.0282091098
1916 0.0282114989
1917 0.0282138879
1918 0.028216277
1919 0.0282186661
1920 0.0282210551
1921 0.0282234442
1922 0.0282258333
1923 0.0282282223
1924 0.0282306114
1925 0.0282330005
1926 0.0282353896
1927 0.0282377786
1928 0.0282401677
1929 0.0282425568
1930 0.0282449458
1931 0.0282473349
1932 0.028249724
1933 0.028252113
1934 0.0282545021
1935 0.0282568912
1936 0.0282592803
1937 0.0282616693
1938 0.0282640584
1939 0.0282664475
1940 0.0282688365
1941 0.0282712256
1942 0.0282736147
1943 0.0282760038
1944 0.0282783928
1945 0.0282807819
1946 0.028283171
1947 0.02828556
1948 0.0282879491
1949 0.0282903382
1950 0.0282927272
1951 0.0282951163
1952 0.0282975054
1953 0.0282998945
1954 0.0283022835
1955 0.0283046726
1956 0.0283070617
1957 0.0283094507
1958 0.0283118398
1959 0.0283142289
1960 0.0283166179
1961 0.028319007
1962 0.0283213961
1963 0.0283237852
1964 0.0283261742
1965 0.0283285633
1966 0.0283309524
1967 0.0283333414
1968 0.0283357305
1969 0.0283381196
1970 0.0283405086
1971 0.0283428977
1972 0.0283452868
1973 0.0283476759
1974 0.0283500649
1975 0.028352454
1976 0.0283548431
1977 0.0283572321
1978 0.0283596212
1979 0.0283620103
1980 0.0283643993
1981 0.0283667884
1982 0.0283691775
1983 0.0283715666
1984 0.0283739556
1985 0.0283763447
1986 0.0283787338
1987 0.0283811228
1988 0.0283835119
1989 0.028385901
1990 0.0283882901
1991 0.0283906791
1992 0.0283930682
1993 0.0283954573
1994 0.0283978463
1995 0.0284002354
1996 0.0284026245
1997 0.0284050135
1998 0.0284074026
1999 0.0284097917
2000 0.0284121808
2001 0.0284145698
2002 0.0284169589
2003 0.028419348
2004 0.028421737
2005 0.0284241261
2006 0.0284265152
2007 0.0284289042
2008 0.0284312933
2009 0.0284336824
2010 0.0284360715
2011 0.0284384605
2012 0.0284408496
2013 0.0284432387
2014 0.0284456277
2015 0.0284480168
2016 0.0284504059
2017 0.0284527949
2018 0.028455184
2019 0.0284575731
2020 0.0284599622
2021 0.0284623512
2022 0.0284647403
2023 0.0284671294
2024 0.0284695184
2025 0.0284719075
2026 0.0284742966
2027 0.0284766856
2028 0.0284790747
2029 0.0284814638
2030 0.0284838529
2031 0.0284862419
2032 0.028488631
2033 0.0284910201
2034 0.0284934091
2035 0.0284957982
2036 0.0284981873
2037 0.0285005764
2038 0.0285029654
2039 0.0285053545
2040 0.0285077436
2041 0.0285101326
2042 0.0285125217
2043 0.0285149108
2044 0.0285172998
2045 0.0285196889
2046 0.028522078
2047 0.0285244671
2048 0.0285268561
2049 0.0285292452
2050 0.0285316343
2051 0.0285340233
2052 0.0285364124
2053 0.0285388015
2054 0.0285411905
2055 0.0285435796
2056 0.0285459687
2057 0.0285483578
2058 0.0285507468
2059 0.0285531359
2060 0.028555525
2061 0.028557914
2062 0.0285603031
2063 0.0285626922
2064 0.0285650812
2065 0.0285674703
2066 0.0285698594
2067 0.0285722485
2068 0.0285746375
2069 0.0285770266
2070 0.0285794157
2071 0.0285818047
2072 0.0285841938
2073 0.0285865829
2074 0.0285889719
2075 0.028591361
2076 0.0285937501
2077 0.0285961392
2078 0.0285985282
2079 0.0286009173
2080 0.0286033064
2081 0.0286056954
2082 0.0286080845
2083 0.0286104736
2084 0.0286128626
2085 0.0286152517
2086 0.0286176408
2087 0.0286200299
2088 0.0286224189
2089 0.028624808
2090 0.0286271971
2091 0.0286295861
2092 0.0286319752
2093 0.0286343643
2094 0.0286367534
2095 0.0286391424
2096 0.0286415315
2097 0.0286439206
2098 0.0286463096
2099 0.0286486987
2100 0.0286510878
2101 0.0286534768
2102 0.0286558659
2103 0.028658255
2104 0.0286606441
2105 0.0286630331
2106 0.0286654222
2107 0.0286678113
2108 0.0286702003
2109 0.0286725894
2110 0.0286749785
2111 0.0286773675
2112 0.0286797566
2113 0.0286821457
2114 0.0286845348
2115 0.0286869238
2116 0.0286893129
2117 0.028691702
2118 0.028694091
2119 0.0286964801
2120 0.0286988692
2121 0.0287012582
2122 0.0287036473
2123 0.0287060364
2124 0.0287084255
2125 0.0287108145
2126 0.0287132036
2127 0.0287155927
2128 0.0287179817
2129 0.0287203708
2130 0.0287227599
2131 0.0287251489
2132 0.028727538
2133 0.0287299271
2134 0.0287323162
2135 0.0287347052
2136 0.0287370943
2137 0.0287394834
2138 0.0287418724
2139 0.0287442615
2140 0.0287466506
2141 0.0287490397
2142 0.0287514287
2143 0.0287538178
2144 0.0287562069
2145 0.0287585959
2146 0.028760985
2147 0.0287633741
2148 0.0287657631
2149 0.0287681522
2150 0.0287705413
2151 0.0287729304
2152 0.0287753194
2153 0.0287777085
2154 0.0287800976
2155 0.0287824866
2156 0.0287848757
2157 0.0287872648
2158 0.0287896538
2159 0.0287920429
2160 0.028794432
2161 0.0287968211
2162 0.0287992101
2163 0.0288015992
2164 0.0288039883
2165 0.0288063773
2166 0.0288087664
2167 0.0288111555
2168 0.0288135445
2169 0.0288159336
2170 0.0288183227
2171 0.0288207118
2172 0.0288231008
2173 0.0288254899
2174 0.028827879
2175 0.028830268
2176 0.0288326571
2177 0.0288350462
2178 0.0288374352
2179 0.0288398243
2180 0.0288422134
2181 0.0288446025
2182 0.0288469915
2183 0.0288493806
2184 0.0288517697
2185 0.0288541587
2186 0.0288565478
2187 0.0288589369
2188 0.028861326
2189 0.028863715
2190 0.0288661041
2191 0.0288684932
2192 0.0288708822
2193 0.0288732713
2194 0.0288756604
2195 0.0288780494
2196 0.0288804385
2197 0.0288828276
2198 0.0288852167
2199 0.0288876057
2200 0.0288899948
2201 0.0288923839
2202 0.0288947729
2203 0.028897162
2204 0.0288995511
2205 0.0289019401
2206 0.0289043292
2207 0.0289067183
2208 0.0289091074
2209 0.0289114964
2210 0.0289138855
2211 0.0289162746
2212 0.0289186636
2213 0.0289210527
2214 0.0289234418
2215 0.0289258308
2216 0.0289282199
2217 0.028930609
2218 0.0289329981
2219 0.0289353871
2220 0.0289377762
2221 0.0289401653
2222 0.0289425543
2223 0.0289449434
2224 0.0289473325
2225 0.0289497215
2226 0.0289521106
2227 0.0289544997
2228 0.0289568888
2229 0.0289592778
2230 0.0289616669
2231 0.028964056
2232 0.028966445
2233 0.0289688341
2234 0.0289712232
2235 0.0289736123
2236 0.0289760013
2237 0.0289783904
2238 0.0289807795
2239 0.0289831685
2240 0.0289855576
2241 0.0289879467
2242 0.0289903357
2243 0.0289927248
2244 0.0289951139
2245 0.028997503
2246 0.028999892
2247 0.0290022811
2248 0.0290046702
2249 0.0290070592
2250 0.0290094483
2251 0.0290118374
2252 0.0290142264
2253 0.0290166155
2254 0.0290190046
2255 0.0290213937
2256 0.0290237827
2257 0.0290261718
2258 0.0290285609
2259 0.0290309499
2260 0.029033339
2261 0.0290357281
2262 0.0290381171
2263 0.0290405062
2264 0.0290428953
2265 0.0290452844
2266 0.0290476734
2267 0.0290500625
2268 0.0290524516
2269 0.0290548406
2270 0.0290572297
2271 0.0290596188
2272 0.0290620078
2273 0.0290643969
2274 0.029066786
2275 0.0290691751
2276 0.0290715641
2277 0.0290739532
2278 0.0290763423
2279 0.0290787313
2280 0.0290811204
2281 0.0290835095
2282 0.0290858986
2283 0.0290882876
2284 0.0290906767
2285 0.0290930658
2286 0.0290954548
2287 0.0290978439
2288 0.029100233
2289 0.029102622
2290 0.0291050111
2291 0.0291074002
2292 0.0291097893
2293 0.0291121783
2294 0.0291145674
2295 0.0291169565
2296 0.0291193455
2297 0.0291217346
2298 0.0291241237
2299 0.0291265127
2300 0.0291289018
2301 0.0291312909
2302 0.02913368
2303 0.029136069
2304 0.0291384581
2305 0.0291408472
2306 0.0291432362
2307 0.0291456253
2308 0.0291480144
2309 0.0291504034
2310 0.0291527925
2311 0.0291551816
2312 0.0291575707
2313 0.0291599597
2314 0.0291623488
2315 0.0291647379
2316 0.0291671269
2317 0.029169516
2318 0.0291719051
2319 0.0291742941
2320 0.0291766832
2321 0.0291790723
2322 0.0291814614
2323 0.0291838504
2324 0.0291862395
2325 0.0291886286
2326 0.0291910176
2327 0.0291934067
2328 0.0291957958
2329 0.0291981849
2330 0.0292005739
2331 0.029202963
2332 0.0292053521
2333 0.0292077411
2334 0.0292101302
2335 0.0292125193
2336 0.0292149083
2337 0.0292172974
2338 0.0292196865
2339 0.0292220756
2340 0.0292244646
2341 0.0292268537
2342 0.0292292428
2343 0.0292316318
2344 0.0292340209
2345 0.02923641
2346 0.029238799
2347 0.0292411881
2348 0.0292435772
2349 0.0292459663
2350 0.0292483553
2351 0.0292507444
2352 0.0292531335
2353 0.0292555225
2354 0.0292579116
2355 0.0292603007
2356 0.0292626897
2357 0.0292650788
2358 0.0292674679
2359 0.029269857
2360 0.029272246
2361 0.0292746351
2362 0.0292770242
2363 0.0292794132
2364 0.0292818023
2365 0.0292841914
2366 0.0292865804
2367 0.0292889695
2368 0.0292913586
2369 0.0292937477
2370 0.0292961367
2371 0.0292985258
2372 0.0293009149
2373 0.0293033039
2374 0.029305693
2375 0.0293080821
2376 0.0293104711
2377 0.0293128602
2378 0.0293152493
2379 0.0293176384
2380 0.0293200274
2381 0.0293224165
2382 0.0293248056
2383 0.0293271946
2384 0.0293295837
2385 0.0293319728
2386 0.0293343619
2387 0.0293367509
2388 0.02933914
2389 0.0293415291
2390 0.0293439181
2391 0.0293463072
2392 0.0293486963
2393 0.0293510853
2394 0.0293534744
2395 0.0293558635
2396 0.0293582526
2397 0.0293606416
2398 0.0293630307
2399 0.0293654198
2400 0.0293678088
2401 0.0293701979
2402 0.029372587
2403 0.029374976
2404 0.0293773651
2405 0.0293797542
2406 0.0293821433
2407 0.0293845323
2408 0.0293869214
2409 0.0293893105
2410 0.0293916995
2411 0.0293940886
2412 0.0293964777
2413 0.0293988667
2414 0.0294012558
2415 0.0294036449
2416 0.029406034
2417 0.029408423
2418 0.0294108121
2419 0.0294132012
2420 0.0294155902
2421 0.0294179793
2422 0.0294203684
2423 0.0294227574
2424 0.0294251465
2425 0.0294275356
2426 0.0294299247
2427 0.0294323137
2428 0.0294347028
2429 0.0294370919
2430 0.0294394809
2431 0.02944187
2432 0.0294442591
2433 0.0294466482
2434 0.0294490372
2435 0.0294514263
2436 0.0294538154
2437 0.0294562044
2438 0.0294585935
2439 0.0294609826
2440 0.0294633716
2441 0.0294657607
2442 0.0294681498
2443 0.0294705389
2444 0.0294729279
2445 0.029475317
2446 0.0294777061
2447 0.0294800951
2448 0.0294824842
2449 0.0294848733
2450 0.0294872623
2451 0.0294896514
2452 0.0294920405
2453 0.0294944296
2454 0.0294968186
2455 0.0294992077
2456 0.0295015968
2457 0.0295039858
2458 0.0295063749
2459 0.029508764
2460 0.029511153
2461 0.0295135421
2462 0.0295159312
2463 0.0295183203
2464 0.0295207093
2465 0.0295230984
2466 0.0295254875
2467 0.0295278765
2468 0.0295302656
2469 0.0295326547
2470 0.0295350437
2471 0.0295374328
2472 0.0295398219
2473 0.029542211
2474 0.0295446
2475 0.0295469891
2476 0.0295493782
2477 0.0295517672
2478 0.0295541563
2479 0.0295565454
2480 0.0295589345
2481 0.0295613235
2482 0.0295637126
2483 0.0295661017
2484 0.0295684907
2485 0.0295708798
2486 0.0295732689
2487 0.0295756579
2488 0.029578047
2489 0.0295804361
2490 0.0295828252
2491 0.0295852142
2492 0.0295876033
2493 0.0295899924
2494 0.0295923814
2495 0.0295947705
2496 0.0295971596
2497 0.0295995486
2498 0.0296019377
2499 0.0296043268
2500 0.0296067159
2501 0.0296091049
2502 0.029611494
2503 0.0296138831
2504 0.0296162721
2505 0.0296186612
2506 0.0296210503
2507 0.0296234393
2508 0.0296258284
2509 0.0296282175
2510 0.0296306066
2511 0.0296329956
2512 0.0296353847
2513 0.0296377738
2514 0.0296401628
2515 0.0296425519
2516 0.029644941
2517 0.02964733
2518 0.0296497191
2519 0.0296521082
2520 0.0296544973
2521 0.0296568863
2522 0.0296592754
2523 0.0296616645
2524 0.0296640535
2525 0.0296664426
2526 0.0296688317
2527 0.0296712208
2528 0.0296736098
2529 0.0296759989
2530 0.029678388
2531 0.029680777
2532 0.0296831661
2533 0.0296855552
2534 0.0296879442
2535 0.0296903333
2536 0.0296927224
2537 0.0296951115
2538 0.0296975005
2539 0.0296998896
2540 0.0297022787
2541 0.0297046677
2542 0.0297070568
2543 0.0297094459
2544 0.0297118349
2545 0.029714224
2546 0.0297166131
2547 0.0297190022
2548 0.0297213912
2549 0.0297237803
2550 0.0297261694
2551 0.0297285584
2552 0.0297309475
2553 0.0297333366
2554 0.0297357256
2555 0.0297381147
2556 0.0297405038
2557 0.0297428929
2558 0.0297452819
2559 0.029747671
2560 0.0297500601
2561 0.0297524491
2562 0.0297552918
2563 0.0297581344
2564 0.029760977
2565 0.0297638196
2566 0.0297666622
2567 0.0297695048
2568 0.0297723474
2569 0.0297751901
2570 0.0297780327
2571 0.0297808753
2572 0.0297837179
2573 0.0297865605
2574 0.0297894031
2575 0.0297922457
2576 0.0297950884
2577 0.029797931
2578 0.0298007736
2579 0.0298036162
2580 0.0298064588
2581 0.0298093014
2582 0.0298121441
2583 0.0298149867
2584 0.0298178293
2585 0.0298206719
2586 0.0298235145
2587 0.0298263571
2588 0.0298291997
2589 0.0298320424
2590 0.029834885
2591 0.0298377276
2592 0.0298405702
2593 0.0298434128
2594 0.0298462554
2595 0.0298490981
2596 0.0298519407
2597 0.0298547833
2598 0.0298576259
2599 0.0298604685
2600 0.0298633111
2601 0.0298661537
2602 0.0298689964
2603 0.029871839
2604 0.0298746816
2605 0.0298775242
2606 0.0298803668
2607 0.0298832094
2608 0.029886052
2609 0.0298888947
2610 0.0298917373
2611 0.0298945799
2612 0.0298974225
2613 0.0299002651
2614 0.0299031077
2615 0.0299059504
2616 0.029908793
2617 0.0299116356
2618 0.0299144782
2619 0.0299173208
2620 0.0299201634
2621 0.029923006
2622 0.0299258487
2623 0.0299286913
2624 0.0299315339
2625 0.0299343765
2626 0.0299372191
2627 0.0299400617
2628 0.0299429044
2629 0.029945747
2630 0.0299485896
2631 0.0299514322
2632 0.0299542748
2633 0.0299571174
2634 0.02995996
2635 0.0299628027
2636 0.0299656453
2637 0.0299684879
2638 0.0299713305
2639 0.0299741731
2640 0.0299770157
2641 0.0299798583
2642 0.029982701
2643 0.0299855436
2644 0.0299883862
2645 0.0299912288
2646 0.0299940714
2647 0.029996914
2648 0.0299997567
2649 0.0300025993
2650 0.0300054419
2651 0.0300082845
2652 0.0300111271
2653 0.0300139697
2654 0.0300168123
2655 0.030019655
2656 0.0300224976
2657 0.0300253402
2658 0.0300281828
2659 0.0300310254
2660 0.030033868
2661 0.0300367107
2662 0.0300395533
2663 0.0300423959
2664 0.0300452385
2665 0.0300480811
2666 0.0300509237
2667 0.0300537663
2668 0.030056609
2669 0.0300594516
2670 0.0300622942
2671 0.0300651368
2672 0.0300679794
2673 0.030070822
2674 0.0300736646
2675 0.0300765073
2676 0.0300793499
2677 0.0300821925
2678 0.0300850351
2679 0.0300878777
2680 0.0300907203
2681 0.030093563
2682 0.0300964056
2683 0.0300992482
2684 0.0301020908
2685 0.0301049334
2686 0.030107776
2687 0.0301106186
2688 0.0301134613
2689 0.0301163039
2690 0.0301191465
2691 0.0301219891
2692 0.0301248317
2693 0.0301276743
2694 0.0301305169
2695 0.0301333596
2696 0.0301362022
2697 0.0301390448
2698 0.0301418874
2699 0.03014473
2700 0.0301475726
2701 0.0301504153
2702 0.0301532579
2703 0.0301561005
2704 0.0301589431
2705 0.0301617857
2706 0.0301646283
2707 0.0301674709
2708 0.0301703136
2709 0.0301731562
2710 0.0301759988
2711 0.0301788414
2712 0.030181684
2713 0.0301845266
2714 0.0301873693
2715 0.0301902119
2716 0.0301930545
2717 0.0301958971
2718 0.0301987397
2719 0.0302015823
2720 0.0302044249
2721 0.0302072676
2722 0.0302101102
2723 0.0302129528
2724 0.0302157954
2725 0.030218638
2726 0.0302214806
2727 0.0302243232
2728 0.0302271659
2729 0.0302300085
2730 0.0302328511
2731 0.0302356937
2732 0.0302385363
2733 0.0302413789
2734 0.0302442216
2735 0.0302470642
2736 0.0302499068
2737 0.0302527494
2738 0.030255592
2739 0.0302584346
2740 0.0302612772
2741 0.0302641199
2742 0.0302669625
2743 0.0302698051
2744 0.0302726477
2745 0.0302754903
2746 0.0302783329
2747 0.0302811756
2748 0.0302840182
2749 0.0302868608
2750 0.0302897034
2751 0.030292546
2752 0.0302953886
2753 0.0302982312
2754 0.0303010739
2755 0.0303039165
2756 0.0303067591
2757 0.0303096017
2758 0.0303124443
2759 0.0303152869
2760 0.0303181295
2761 0.0303209722
2762 0.0303238148
2763 0.0303266574
2764 0.0303295
2765 0.0303323426
2766 0.0303351852
2767 0.0303380279
2768 0.0303408705
2769 0.0303437131
2770 0.0303465557
2771 0.0303493983
2772 0.0303522409
2773 0.0303550835
2774 0.0303579262
2775 0.0303607688
2776 0.0303636114
2777 0.030366454
2778 0.0303692966
2779 0.0303721392
2780 0.0303749819
2781 0.0303778245
2782 0.0303806671
2783 0.0303835097
2784 0.0303863523
2785 0.0303891949
2786 0.0303920375
2787 0.0303948802
2788 0.0303977228
2789 0.0304005654
2790 0.030403408
2791 0.0304062506
2792 0.0304090932
2793 0.0304119358
2794 0.0304147785
2795 0.0304176211
2796 0.0304204637
2797 0.0304233063
2798 0.0304261489
2799 0.0304289915
2800 0.0304318342
2801 0.0304346768
2802 0.0304375194
2803 0.030440362
2804 0.0304432046
2805 0.0304460472
2806 0.0304488898
2807 0.0304517325
2808 0.0304545751
2809 0.0304574177
2810 0.0304602603
2811 0.0304631029
2812 0.0304659455
2813 0.0304687881
2814 0.0304716308
2815 0.0304744734
2816 0.030477316
2817 0.0304801586
2818 0.0304830012
2819 0.0304858438
2820 0.0304886865
2821 0.0304915291
2822 0.0304943717
2823 0.0304972143
2824 0.0305000569
2825 0.0305028995
2826 0.0305057421
2827 0.0305085848
2828 0.0305114274
2829 0.03051427
2830 0.0305171126
2831 0.0305199552
2832 0.0305227978
2833 0.0305256405
2834 0.0305284831
2835 0.0305313257
2836 0.0305341683
2837 0.0305370109
2838 0.0305398535
2839 0.0305426961
2840 0.0305455388
2841 0.0305483814
2842 0.030551224
2843 0.0305540666
2844 0.0305569092
2845 0.0305597518
2846 0.0305625944
2847 0.0305654371
2848 0.0305682797
2849 0.0305711223
2850 0.0305739649
2851 0.0305768075
2852 0.0305796501
2853 0.0305824928
2854 0.0305853354
2855 0.030588178
2856 0.0305910206
2857 0.0305938632
2858 0.0305967058
2859 0.0305995484
2860 0.0306023911
2861 0.0306052337
2862 0.0306080763
2863 0.0306109189
2864 0.0306137615
2865 0.0306166041
2866 0.0306194468
2867 0.0306222894
2868 0.030625132
2869 0.0306279746
2870 0.0306308172
2871 0.0306336598
2872 0.0306365024
2873 0.0306393451
2874 0.0306421877
2875 0.0306450303
2876 0.0306478729
2877 0.0306507155
2878 0.0306535581
2879 0.0306564007
2880 0.0306592434
2881 0.030662086
2882 0.0306649286
2883 0.0306677712
2884 0.0306706138
2885 0.0306734564
2886 0.0306762991
2887 0.0306791417
2888 0.0306819843
2889 0.0306848269
2890 0.0306876695
2891 0.0306905121
2892 0.0306933547
2893 0.0306961974
2894 0.03069904
2895 0.0307018826
2896 0.0307047252
2897 0.0307075678
2898 0.0307104104
2899 0.0307132531
2900 0.0307160957
2901 0.0307189383
2902 0.0307217809
2903 0.0307246235
2904 0.0307274661
2905 0.0307303087
2906 0.0307331514
2907 0.030735994
2908 0.0307388366
2909 0.0307416792
2910 0.0307445218
2911 0.0307473644
2912 0.030750207
2913 0.0307530497
2914 0.0307558923
2915 0.0307587349
2916 0.0307615775
2917 0.0307644201
2918 0.0307672627
2919 0.0307701054
2920 0.030772948
2921 0.0307757906
2922 0.0307786332
2923 0.0307814758
2924 0.0307843184
2925 0.030787161
2926 0.0307900037
2927 0.0307928463
2928 0.0307956889
2929 0.0307985315
2930 0.0308013741
2931 0.0308042167
2932 0.0308070594
2933 0.030809902
2934 0.0308127446
2935 0.0308155872
2936 0.0308184298
2937 0.0308212724
2938 0.030824115
2939 0.0308269577
2940 0.0308298003
2941 0.0308326429
2942 0.0308354855
2943 0.0308383281
2944 0.0308411707
2945 0.0308440133
2946 0.030846856
2947 0.0308496986
2948 0.0308525412
2949 0.0308553838
2950 0.0308582264
2951 0.030861069
2952 0.0308639117
2953 0.0308667543
2954 0.0308695969
2955 0.0308724395
2956 0.0308752821
2957 0.0308781247
2958 0.0308809673
2959 0.03088381
2960 0.0308866526
2961 0.0308894952
2962 0.0308923378
2963 0.0308951804
2964 0.030898023
2965 0.0309008656
2966 0.0309037083
2967 0.0309065509
2968 0.0309093935
2969 0.0309122361
2970 0.0309150787
2971 0.0309179213
2972 0.030920764
2973 0.0309236066
2974 0.0309264492
2975 0.0309292918
2976 0.0309321344
2977 0.030934977
2978 0.0309378196
2979 0.0309406623
2980 0.0309435049
2981 0.0309463475
2982 0.0309491901
2983 0.0309520327
2984 0.0309548753
2985 0.030957718
2986 0.0309605606
2987 0.0309634032
2988 0.0309662458
2989 0.0309690884
2990 0.030971931
2991 0.0309747736
2992 0.0309776163
2993 0.0309804589
2994 0.0309833015
2995 0.0309861441
2996 0.0309889867
2997 0.0309918293
2998 0.0309946719
2999 0.0309975146
3000 0.0310003572
3001 0.0310031998
3002 0.0310060424
3003 0.031008885
3004 0.0310117276
3005 0.0310145703
3006 0.0310174129
3007 0.0310202555
3008 0.0310230981
3009 0.0310259407
3010 0.0310287833
3011 0.0310316259
3012 0.0310344686
3013 0.0310373112
3014 0.0310401538
3015 0.0310429964
3016 0.031045839
3017 0.0310486816
3018 0.0310515243
3019 0.0310543669
3020 0.0310572095
3021 0.0310600521
3022 0.0310628947
3023 0.0310657373
3024 0.0310685799
3025 0.0310714226
3026 0.0310742652
3027 0.0310771078
3028 0.0310799504
3029 0.031082793
3030 0.0310856356
3031 0.0310884782
3032 0.0310913209
3033 0.0310941635
3034 0.0310970061
3035 0.0310998487
3036 0.0311026913
3037 0.0311055339
3038 0.0311083766
3039 0.0311112192
3040 0.0311140618
3041 0.0311169044
3042 0.031119747
3043 0.0311225896
3044 0.0311254322
3045 0.0311282749
3046 0.0311311175
3047 0.0311339601
3048 0.0311368027
3049 0.0311396453
3050 0.0311424879
3051 0.0311453306
3052 0.0311481732
3053 0.0311510158
3054 0.0311538584
3055 0.031156701
3056 0.0311595436
3057 0.0311623862
3058 0.0311652289
3059 0.0311680715
3060 0.0311709141
3061 0.0311737567
3062 0.0311765993
3063 0.0311794419
3064 0.0311822845
3065 0.0311851272
3066 0.0311879698
3067 0.0311908124
3068 0.031193655
3069 0.0311964976
3070 0.0311993402
3071 0.0312021829
3072 0.0312050255
3073 0.0312078681
3074 0.0312107107
3075 0.0312135533
3076 0.0312163959
3077 0.0312192385
3078 0.0312220812
3079 0.0312249238
3080 0.0312277664
3081 0.031230609
3082 0.0312334516
3083 0.0312362942
3084 0.0312391368
3085 0.0312419795
3086 0.0312448221
3087 0.0312476647
3088 0.0312505073
3089 0.0312533499
3090 0.0312561925
3091 0.0312590352
3092 0.0312618778
3093 0.0312647204
3094 0.031267563
3095 0.0312704056
3096 0.0312732482
3097 0.0312760908
3098 0.0312789335
3099 0.0312817761
3100 0.0312846187
3101 0.0312874613
3102 0.0312903039
3103 0.0312931465
3104 0.0312959892
3105 0.0312988318
3106 0.0313016744
3107 0.031304517
3108 0.0313073596
3109 0.0313102022
3110 0.0313130448
3111 0.0313158875
3112 0.0313187301
3113 0.0313215727
3114 0.0313244153
3115 0.0313272579
3116 0.0313301005
3117 0.0313329431
3118 0.0313357858
3119 0.0313386284
3120 0.031341471
3121 0.0313443136
3122 0.0313471562
3123 0.0313499988
3124 0.0313528415
3125 0.0313556841
3126 0.0313585267
3127 0.0313613693
3128 0.0313642119
3129 0.0313670545
3130 0.0313698971
3131 0.0313727398
3132 0.0313755824
3133 0.031378425
3134 0.0313812676
3135 0.0313841102
3136 0.0313869528
3137 0.0313897955
3138 0.0313926381
3139 0.0313954807
3140 0.0313983233
3141 0.0314011659
3142 0.0314040085
3143 0.0314068511
3144 0.0314096938
3145 0.0314125364
3146 0.031415379
3147 0.0314182216
3148 0.0314210642
3149 0.0314239068
3150 0.0314267494
3151 0.0314295921
3152 0.0314324347
3153 0.0314352773
3154 0.0314381199
3155 0.0314409625
3156 0.0314438051
3157 0.0314466478
3158 0.0314494904
3159 0.031452333
3160 0.0314551756
3161 0.0314580182
3162 0.0314608608
3163 0.0314637034
3164 0.0314665461
3165 0.0314693887
3166 0.0314722313
3167 0.0314750739
3168 0.0314779165
3169 0.0314807591
3170 0.0314836018
3171 0.0314864444
3172 0.031489287
3173 0.0314921296
3174 0.0314949722
3175 0.0314978148
3176 0.0315006574
3177 0.0315035001
3178 0.0315063427
3179 0.0315091853
3180 0.0315120279
3181 0.0315148705
3182 0.0315177131
3183 0.0315205557
3184 0.0315233984
3185 0.031526241
3186 0.0315290836
3187 0.0315319262
3188 0.0315347688
3189 0.0315376114
3190 0.0315404541
3191 0.0315432967
3192 0.0315461393
3193 0.0315489819
3194 0.0315518245
3195 0.0315546671
3196 0.0315575097
3197 0.0315603524
3198 0.031563195
3199 0.0315660376
3200 0.0315688802
3201 0.0315717228
3202 0.0315745654
3203 0.031577408
3204 0.0315802507
3205 0.0315830933
3206 0.0315859359
3207 0.0315887785
3208 0.0315916211
3209 0.0315944637
3210 0.0315973064
3211 0.031600149
3212 0.0316029916
3213 0.0316058342
3214 0.0316086768
3215 0.0316115194
3216 0.031614362
3217 0.0316172047
3218 0.0316200473
3219 0.0316228899
3220 0.0316257325
3221 0.0316285751
3222 0.0316314177
3223 0.0316342604
3224 0.031637103
3225 0.0316399456
3226 0.0316427882
3227 0.0316456308
3228 0.0316484734
3229 0.031651316
3230 0.0316541587
3231 0.0316570013
3232 0.0316598439
3233 0.0316626865
3234 0.0316655291
3235 0.0316683717
3236 0.0316712143
3237 0.031674057
3238 0.0316768996
3239 0.0316797422
3240 0.0316825848
3241 0.0316854274
3242 0.03168827
3243 0.0316911127
3244 0.0316939553
3245 0.0316967979
3246 0.0316996405
3247 0.0317024831
3248 0.0317053257
3249 0.0317081683
3250 0.031711011
3251 0.0317138536
3252 0.0317166962
3253 0.0317195388
3254 0.0317223814
3255 0.031725224
3256 0.0317280667
3257 0.0317309093
3258 0.0317337519
3259 0.0317365945
3260 0.0317394371
3261 0.0317422797
3262 0.0317451223
3263 0.031747965
3264 0.0317508076
3265 0.0317536502
3266 0.0317564928
3267 0.0317593354
3268 0.031762178
3269 0.0317650206
3270 0.0317678633
3271 0.0317707059
3272 0.0317735485
3273 0.0317763911
3274 0.0317792337
3275 0.0317820763
3276 0.031784919
3277 0.0317877616
3278 0.0317906042
3279 0.0317934468
3280 0.0317962894
3281 0.031799132
3282 0.0318019746
3283 0.0318048173
3284 0.0318076599
3285 0.0318105025
3286 0.0318133451
3287 0.0318161877
3288 0.0318190303
3289 0.031821873
3290 0.0318247156
3291 0.0318275582
3292 0.0318304008
3293 0.0318332434
3294 0.031836086
3295 0.0318389286
3296 0.0318417713
3297 0.0318446139
3298 0.0318474565
3299 0.0318502991
3300 0.0318531417
3301 0.0318559843
3302 0.0318588269
3303 0.0318616696
3304 0.0318645122
3305 0.0318673548
3306 0.0318701974
3307 0.03187304
3308 0.0318758826
3309 0.0318787253
3310 0.0318815679
3311 0.0318844105
3312 0.0318872531
3313 0.0318900957
3314 0.0318929383
3315 0.0318957809
3316 0.0318986236
3317 0.0319014662
3318 0.0319043088
3319 0.0319071514
3320 0.031909994
3321 0.0319128366
3322 0.0319156793
3323 0.0319185219
3324 0.0319213645
3325 0.0319242071
3326 0.0319270497
3327 0.0319298923
3328 0.0319327349
3329 0.0319355776
3330 0.0319384202
3331 0.0319412628
3332 0.0319441054
3333 0.031946948
3334 0.0319497906
3335 0.0319526332
3336 0.0319554759
3337 0.0319583185
3338 0.0319611611
3339 0.0319640037
3340 0.0319668463
3341 0.0319696889
3342 0.0319725316
3343 0.0319753742
3344 0.0319782168
3345 0.0319810594
3346 0.031983902
3347 0.0319867446
3348 0.0319895872
3349 0.0319924299
3350 0.0319952725
3351 0.0319981151
3352 0.0320009577
3353 0.0320038003
3354 0.0320066429
3355 0.0320094855
3356 0.0320123282
3357 0.0320151708
3358 0.0320180134
3359 0.032020856
3360 0.0320236986
3361 0.0320265412
3362 0.0320293839
3363 0.0320322265
3364 0.0320350691
3365 0.0320379117
3366 0.0320407543
3367 0.0320435969
3368 0.0320464395
3369 0.0320492822
3370 0.0320521248
3371 0.0320549674
3372 0.03205781
3373 0.0320606526
3374 0.0320634952
3375 0.0320663379
3376 0.0320691805
3377 0.0320720231
3378 0.0320748657
3379 0.0320777083
3380 0.0320805509
3381 0.0320833935
3382 0.0320862362
3383 0.0320890788
3384 0.0320919214
3385 0.032094764
3386 0.0320976066
3387 0.0321004492
3388 0.0321032918
3389 0.0321061345
3390 0.0321089771
3391 0.0321118197
3392 0.0321146623
3393 0.0321175049
3394 0.0321203475
3395 0.0321231902
3396 0.0321260328
3397 0.0321288754
3398 0.032131718
3399 0.0321345606
3400 0.0321374032
3401 0.0321402458
3402 0.0321430885
3403 0.0321459311
3404 0.0321487737
3405 0.0321516163
3406 0.0321544589
3407 0.0321573015
3408 0.0321601442
3409 0.0321629868
3410 0.0321658294
3411 0.032168672
3412 0.0321715146
3413 0.0321743572
3414 0.0321771998
3415 0.0321800425
3416 0.0321828851
3417 0.0321857277
3418 0.0321885703
3419 0.0321914129
3420 0.0321942555
3421 0.0321970981
3422 0.0321999408
3423 0.0322027834
3424 0.032205626
3425 0.0322084686
3426 0.0322113112
3427 0.0322141538
3428 0.0322169965
3429 0.0322198391
3430 0.0322226817
3431 0.0322255243
3432 0.0322283669
3433 0.0322312095
3434 0.0322340521
3435 0.0322368948
3436 0.0322397374
3437 0.03224258
3438 0.0322454226
3439 0.0322482652
3440 0.0322511078
3441 0.0322539505
3442 0.0322567931
3443 0.0322596357
3444 0.0322624783
3445 0.0322653209
3446 0.0322681635
3447 0.0322710061
3448 0.0322738488
3449 0.0322766914
3450 0.032279534
3451 0.0322823766
3452 0.0322852192
3453 0.0322880618
3454 0.0322909044
3455 0.0322937471
3456 0.0322965897
3457 0.0322994323
3458 0.0323022749
3459 0.0323051175
3460 0.0323079601
3461 0.0323108028
3462 0.0323136454
3463 0.032316488
3464 0.0323193306
3465 0.0323221732
3466 0.0323250158
3467 0.0323278584
3468 0.0323307011
3469 0.0323335437
3470 0.0323363863
3471 0.0323392289
3472 0.0323420715
3473 0.0323449141
3474 0.0323477567
3475 0.0323505994
3476 0.032353442
3477 0.0323562846
3478 0.0323591272
3479 0.0323619698
3480 0.0323648124
3481 0.0323676551
3482 0.0323704977
3483 0.0323733403
3484 0.0323761829
3485 0.0323790255
3486 0.0323818681
3487 0.0323847107
3488 0.0323875534
3489 0.032390396
3490 0.0323932386
3491 0.0323960812
3492 0.0323989238
3493 0.0324017664
3494 0.0324046091
3495 0.0324074517
3496 0.0324102943
3497 0.0324131369
3498 0.0324159795
3499 0.0324188221
3500 0.0324216647
3501 0.0324245074
3502 0.03242735
3503 0.0324301926
3504 0.0324330352
3505 0.0324358778
3506 0.0324387204
3507 0.032441563
3508 0.0324444057
3509 0.0324472483
3510 0.0324500909
3511 0.0324529335
3512 0.0324557761
3513 0.0324586187
3514 0.0324614614
3515 0.032464304
3516 0.0324671466
3517 0.0324699892
3518 0.0324728318
3519 0.0324756744
3520 0.032478517
3521 0.0324813597
3522 0.0324842023
3523 0.0324870449
3524 0.0324898875
3525 0.0324927301
3526 0.0324955727
3527 0.0324984154
3528 0.032501258
3529 0.0325041006
3530 0.0325069432
3531 0.0325097858
3532 0.0325126284
3533 0.032515471
3534 0.0325183137
3535 0.0325211563
3536 0.0325239989
3537 0.0325268415
3538 0.0325296841
3539 0.0325325267
3540 0.0325353693
3541 0.032538212
3542 0.0325410546
3543 0.0325438972
3544 0.0325467398
3545 0.0325495824
3546 0.032552425
3547 0.0325552677
3548 0.0325581103
3549 0.0325609529
3550 0.0325637955
3551 0.0325666381
3552 0.0325694807
3553 0.0325723233
3554 0.032575166
3555 0.0325780086
3556 0.0325808512
3557 0.0325836938
3558 0.0325865364
3559 0.032589379
3560 0.0325922217
3561 0.0325950643
3562 0.0325979069
3563 0.0326007495
3564 0.0326035921
3565 0.0326064347
3566 0.0326092773
3567 0.03261212
3568 0.0326149626
3569 0.0326178052
3570 0.0326206478
3571 0.0326234904
3572 0.032626333
3573 0.0326291756
3574 0.0326320183
3575 0.0326348609
3576 0.0326377035
3577 0.0326405461
3578 0.0326433887
3579 0.0326462313
3580 0.032649074
3581 0.0326519166
3582 0.0326547592
3583 0.0326576018
3584 0.0326604444
3585 0.032663287
3586 0.0326661296
3587 0.0326689723
3588 0.0326718149
3589 0.0326746575
3590 0.0326775001
3591 0.0326803427
3592 0.0326831853
3593 0.0326860279
3594 0.0326888706
3595 0.0326917132
3596 0.0326945558
3597 0.0326973984
3598 0.032700241
3599 0.0327030836
3600 0.0327059263
3601 0.0327087689
3602 0.0327116115
3603 0.0327144541
3604 0.0327172967
3605 0.0327201393
3606 0.0327229819
3607 0.0327258246
3608 0.0327286672
3609 0.0327315098
3610 0.0327343524
3611 0.032737195
3612 0.0327400376
3613 0.0327428803
3614 0.0327457229
3615 0.0327485655
3616 0.0327514081
3617 0.0327542507
3618 0.0327570933
3619 0.0327599359
3620 0.0327627786
3621 0.0327656212
3622 0.0327684638
3623 0.0327713064
3624 0.032774149
3625 0.0327769916
3626 0.0327798342
3627 0.0327826769
3628 0.0327855195
3629 0.0327883621
3630 0.0327912047
3631 0.0327940473
3632 0.0327968899
3633 0.0327997326
3634 0.0328025752
3635 0.0328054178
3636 0.0328082604
3637 0.032811103
3638 0.0328139456
3639 0.0328167882
3640 0.0328196309
3641 0.0328224735
3642 0.0328253161
3643 0.0328281587
3644 0.0328310013
3645 0.0328338439
3646 0.0328366866
3647 0.0328395292
3648 0.0328423718
3649 0.0328452144
3650 0.032848057
3651 0.0328508996
3652 0.0328537422
3653 0.0328565849
3654 0.0328594275
3655 0.0328622701
3656 0.0328651127
3657 0.0328679553
3658 0.0328713769
3659 0.0328747984
3660 0.03287822
3661 0.0328816415
3662 0.0328850631
3663 0.0328884846
3664 0.0328919062
3665 0.0328953277
3666 0.0328987493
3667 0.0329021708
3668 0.0329055924
3669 0.0329090139
3670 0.0329124355
3671 0.032915857
3672 0.0329192786
3673 0.0329227001
3674 0.0329261217
3675 0.0329295432
3676 0.0329329648
3677 0.0329363864
3678 0.0329398079
3679 0.0329432295
3680 0.032946651
3681 0.0329500726
3682 0.0329534941
3683 0.0329569157
3684 0.0329603372
3685 0.0329637588
3686 0.0329671803
3687 0.0329706019
3688 0.0329740234
3689 0.032977445
3690 0.0329808665
3691 0.0329842881
3692 0.0329877096
3693 0.0329911312
3694 0.0329945527
3695 0.0329979743
3696 0.0330013958
3697 0.0330048174
3698 0.0330082389
3699 0.0330116605
3700 0.033015082
3701 0.0330185036
3702 0.0330219251
3703 0.0330253467
3704 0.0330287682
3705 0.0330321898
3706 0.0330356114
3707 0.0330390329
3708 0.0330424545
3709 0.033045876
3710 0.0330492976
3711 0.0330527191
3712 0.0330561407
3713 0.0330595622
3714 0.0330629838
3715 0.0330664053
3716 0.0330698269
3717 0.0330732484
3718 0.03307667
3719 0.0330800915
3720 0.0330835131
3721 0.0330869346
3722 0.0330903562
3723 0.0330937777
3724 0.0330971993
3725 0.0331006208
3726 0.0331040424
3727 0.0331074639
3728 0.0331108855
3729 0.033114307
3730 0.0331177286
3731 0.0331211501
3732 0.0331245717
3733 0.0331279932
3734 0.0331314148
3735 0.0331348364
3736 0.0331382579
3737 0.0331416795
3738 0.033145101
3739 0.0331485226
3740 0.0331519441
3741 0.0331553657
3742 0.0331587872
3743 0.0331622088
3744 0.0331656303
3745 0.0331690519
3746 0.0331724734
3747 0.033175895
3748 0.0331793165
3749 0.0331827381
3750 0.0331861596
3751 0.0331895812
3752 0.0331930027
3753 0.0331964243
3754 0.0331998458
3755 0.0332032674
3756 0.0332066889
3757 0.0332101105
3758 0.033213532
3759 0.0332169536
3760 0.0332203751
3761 0.0332237967
3762 0.0332272182
3763 0.0332306398
3764 0.0332340614
3765 0.0332374829
3766 0.0332409045
3767 0.033244326
3768 0.0332477476
3769 0.0332511691
3770 0.0332545907
3771 0.0332580122
3772 0.0332614338
3773 0.0332648553
3774 0.0332682769
3775 0.0332716984
3776 0.03327512
3777 0.0332785415
3778 0.0332819631
3779 0.0332853846
3780 0.0332888062
3781 0.0332922277
3782 0.0332956493
3783 0.0332990708
3784 0.0333024924
3785 0.0333059139
3786 0.0333093355
3787 0.033312757
3788 0.0333161786
3789 0.0333196001
3790 0.0333230217
3791 0.0333264432
3792 0.0333298648
3793 0.0333332864
3794 0.0333367079
3795 0.0333401295
3796 0.033343551
3797 0.0333469726
3798 0.0333503941
3799 0.0333538157
3800 0.0333572372
3801 0.0333606588
3802 0.0333640803
3803 0.0333675019
3804 0.0333709234
3805 0.033374345
3806 0.0333777665
3807 0.0333811881
3808 0.0333846096
3809 0.0333880312
3810 0.0333914527
3811 0.0333948743
3812 0.0333982958
3813 0.0334017174
3814 0.0334051389
3815 0.0334085605
3816 0.033411982
3817 0.0334154036
3818 0.0334188251
3819 0.0334222467
3820 0.0334256682
3821 0.0334290898
3822 0.0334325113
3823 0.0334359329
3824 0.0334393545
3825 0.033442776
3826 0.0334461976
3827 0.0334496191
3828 0.0334530407
3829 0.0334564622
3830 0.0334598838
3831 0.0334633053
3832 0.0334667269
3833 0.0334701484
3834 0.03347357
3835 0.0334769915
3836 0.0334804131
3837 0.0334838346
3838 0.0334872562
3839 0.0334906777
3840 0.0334940993
3841 0.0334975208
3842 0.0335009424
3843 0.0335043639
3844 0.0335077855
3845 0.033511207
3846 0.0335146286
3847 0.0335180501
3848 0.0335214717
3849 0.0335248932
3850 0.0335283148
3851 0.0335317363
3852 0.0335351579
3853 0.0335385795
3854 0.033542001
3855 0.0335454226
3856 0.0335488441
3857 0.0335522657
3858 0.0335556872
3859 0.0335591088
3860 0.0335625303
3861 0.0335659519
3862 0.0335693734
3863 0.033572795
3864 0.0335762165
3865 0.0335796381
3866 0.0335830596
3867 0.0335864812
3868 0.0335899027
3869 0.0335933243
3870 0.0335967458
3871 0.0336001674
3872 0.0336035889
3873 0.0336070105
3874 0.033610432
3875 0.0336138536
3876 0.0336172751
3877 0.0336206967
3878 0.0336241182
3879 0.0336275398
3880 0.0336309613
3881 0.0336343829
3882 0.0336378045
3883 0.033641226
3884 0.0336446476
3885 0.0336480691
3886 0.0336514907
3887 0.0336549122
3888 0.0336583338
3889 0.0336617553
3890 0.0336651769
3891 0.0336685984
3892 0.03367202
3893 0.0336754415
3894 0.0336788631
3895 0.0336822846
3896 0.0336857062
3897 0.0336891277
3898 0.0336925493
3899 0.0336959708
3900 0.0336993924
3901 0.0337028139
3902 0.0337062355
3903 0.033709657
3904 0.0337130786
3905 0.0337165001
3906 0.0337199217
3907 0.0337233432
3908 0.0337267648
3909 0.0337301863
3910 0.0337336079
3911 0.0337370295
3912 0.033740451
3913 0.0337438726
3914 0.0337472941
3915 0.0337507157
3916 0.0337541372
3917 0.0337575588
3918 0.0337609803
3919 0.0337644019
3920 0.0337678234
3921 0.033771245
3922 0.0337746665
3923 0.0337780881
3924 0.0337815096
3925 0.0337849312
3926 0.0337883527
3927 0.0337917743
3928 0.0337951958
3929 0.0337986174
3930 0.0338020389
3931 0.0338054605
3932 0.033808882
3933 0.0338123036
3934 0.0338157251
3935 0.0338191467
3936 0.0338225682
3937 0.0338259898
3938 0.0338294113
3939 0.0338328329
3940 0.0338362545
3941 0.033839676
3942 0.0338430976
3943 0.0338465191
3944 0.0338499407
3945 0.0338533622
3946 0.0338567838
3947 0.0338602053
3948 0.0338636269
3949 0.0338670484
3950 0.03387047
3951 0.0338738915
3952 0.0338773131
3953 0.0338807346
3954 0.0338841562
3955 0.0338875777
3956 0.0338909993
3957 0.0338944208
3958 0.0338978424
3959 0.0339012639
3960 0.0339046855
3961 0.033908107
3962 0.0339115286
3963 0.0339149501
3964 0.0339183717
3965 0.0339217932
3966 0.0339252148
3967 0.0339286363
3968 0.0339320579
3969 0.0339354795
3970 0.033938901
3971 0.0339423226
3972 0.0339457441
3973 0.0339491657
3974 0.0339525872
3975 0.0339560088
3976 0.0339594303
3977 0.0339628519
3978 0.0339662734
3979 0.033969695
3980 0.0339731165
3981 0.0339765381
3982 0.0339799596
3983 0.0339833812
3984 0.0339868027
3985 0.0339902243
3986 0.0339936458
3987 0.0339970674
3988 0.0340004889
3989 0.0340039105
3990 0.034007332
3991 0.0340107536
3992 0.0340141751
3993 0.0340175967
3994 0.0340210182
3995 0.0340244398
3996 0.0340278613
3997 0.0340312829
3998 0.0340347045
3999 0.034038126
4000 0.0340415476
4001 0.0340449691
4002 0.0340483907
4003 0.0340518122
4004 0.0340552338
4005 0.0340586553
4006 0.0340620769
4007 0.0340654984
4008 0.03406892
4009 0.0340723415
4010 0.0340757631
4011 0.0340791846
4012 0.0340826062
4013 0.0340860277
4014 0.0340894493
4015 0.0340928708
4016 0.0340962924
4017 0.0340997139
4018 0.0341031355
4019 0.034106557
4020 0.0341099786
4021 0.0341134001
4022 0.0341168217
4023 0.0341202432
4024 0.0341236648
4025 0.0341270863
4026 0.0341305079
4027 0.0341339295
4028 0.034137351
4029 0.0341407726
4030 0.0341441941
4031 0.0341476157
4032 0.0341510372
4033 0.0341544588
4034 0.0341578803
4035 0.0341613019
4036 0.0341647234
4037 0.034168145
4038 0.0341715665
4039 0.0341749881
4040 0.0341784096
4041 0.0341818312
4042 0.0341852527
4043 0.0341886743
4044 0.0341920958
4045 0.0341955174
4046 0.0341989389
4047 0.0342023605
4048 0.034205782
4049 0.0342092036
4050 0.0342126251
4051 0.0342160467
4052 0.0342194682
4053 0.0342228898
4054 0.0342263113
4055 0.0342297329
4056 0.0342331544
4057 0.034236576
4058 0.0342399976
4059 0.0342434191
4060 0.0342468407
4061 0.0342502622
4062 0.0342536838
4063 0.0342571053
4064 0.0342605269
4065 0.0342639484
4066 0.03426737
4067 0.0342707915
4068 0.0342742131
4069 0.0342776346
4070 0.0342810562
4071 0.0342844777
4072 0.0342878993
4073 0.0342913208
4074 0.0342947424
4075 0.0342981639
4076 0.0343015855
4077 0.034305007
4078 0.0343084286
4079 0.0343118501
4080 0.0343152717
4081 0.0343186932
4082 0.0343221148
4083 0.0343255363
4084 0.0343289579
4085 0.0343323794
4086 0.034335801
4087 0.0343392226
4088 0.0343426441
4089 0.0343460657
4090 0.0343494872
4091 0.0343529088
4092 0.0343563303
4093 0.0343597519
4094 0.0343631734
4095 0.034366595
4096 0.0343700165
4097 0.0343734381
4098 0.0343768596
4099 0.0343802812
4100 0.0343837027
4101 0.0343871243
4102 0.0343905458
4103 0.0343939674
4104 0.0343973889
4105 0.0344008105
4106 0.034404232
4107 0.0344076536
4108 0.0344110751
4109 0.0344144967
4110 0.0344179182
4111 0.0344213398
4112 0.0344247613
4113 0.0344281829
4114 0.0344316044
4115 0.034435026
4116 0.0344384476
4117 0.0344418691
4118 0.0344452907
4119 0.0344487122
4120 0.0344521338
4121 0.0344555553
4122 0.0344589769
4123 0.0344623984
4124 0.03446582
4125 0.0344692415
4126 0.0344726631
4127 0.0344760846
4128 0.0344795062
4129 0.0344829277
4130 0.0344863493
4131 0.0344897708
4132 0.0344931924
4133 0.0344966139
4134 0.0345000355
4135 0.034503457
4136 0.0345068786
4137 0.0345103001
4138 0.0345137217
4139 0.0345171432
4140 0.0345205648
4141 0.0345239863
4142 0.0345274079
4143 0.0345308294
4144 0.034534251
4145 0.0345376726
4146 0.0345410941
4147 0.0345445157
4148 0.0345479372
4149 0.0345513588
4150 0.0345547803
4151 0.0345582019
4152 0.0345616234
4153 0.034565045
4154 0.0345684665
4155 0.0345718881
4156 0.0345753096
4157 0.0345787312
4158 0.0345821527
4159 0.0345855743
4160 0.0345889958
4161 0.0345924174
4162 0.0345958389
4163 0.0345992605
4164 0.034602682
4165 0.0346061036
4166 0.0346095251
4167 0.0346129467
4168 0.0346163682
4169 0.0346197898
4170 0.0346232113
4171 0.0346266329
4172 0.0346300544
4173 0.034633476
4174 0.0346368976
4175 0.0346403191
4176 0.0346437407
4177 0.0346471622
4178 0.0346505838
4179 0.0346540053
4180 0.0346574269
4181 0.0346608484
4182 0.03466427
4183 0.0346676915
4184 0.0346711131
4185 0.0346745346
4186 0.0346779562
4187 0.0346813777
4188 0.0346847993
4189 0.0346882208
4190 0.0346916424
4191 0.0346950639
4192 0.0346984855
4193 0.034701907
4194 0.0347053286
4195 0.0347087501
4196 0.0347121717
4197 0.0347155932
4198 0.0347190148
4199 0.0347224363
4200 0.0347258579
4201 0.0347292794
4202 0.034732701
4203 0.0347361226
4204 0.0347395441
4205 0.0347429657
4206 0.0347463872
4207 0.0347498088
4208 0.0347532303
4209 0.0347566519
4210 0.0347600734
4211 0.034763495
4212 0.0347669165
4213 0.0347703381
4214 0.0347737596
4215 0.0347771812
4216 0.0347806027
4217 0.0347840243
4218 0.0347874458
4219 0.0347908674
4220 0.0347942889
4221 0.0347977105
4222 0.034801132
4223 0.0348045536
4224 0.0348079751
4225 0.0348113967
4226 0.0348148182
4227 0.0348182398
4228 0.0348216613
4229 0.0348250829
4230 0.0348285044
4231 0.034831926
4232 0.0348353476
4233 0.0348387691
4234 0.0348421907
4235 0.0348456122
4236 0.0348490338
4237 0.0348524553
4238 0.0348558769
4239 0.0348592984
4240 0.03486272
4241 0.0348661415
4242 0.0348695631
4243 0.0348729846
4244 0.0348764062
4245 0.0348798277
4246 0.0348832493
4247 0.0348866708
4248 0.0348900924
4249 0.0348935139
4250 0.0348969355
4251 0.034900357
4252 0.0349037786
4253 0.0349072001
4254 0.0349106217
4255 0.0349140432
4256 0.0349174648
4257 0.0349208863
4258 0.0349243079
4259 0.0349277294
4260 0.034931151
4261 0.0349345726
4262 0.0349379941
4263 0.0349414157
4264 0.0349448372
4265 0.0349482588
4266 0.0349516803
4267 0.0349551019
4268 0.0349585234
4269 0.034961945
4270 0.0349653665
4271 0.0349687881
4272 0.0349722096
4273 0.0349756312
4274 0.0349790527
4275 0.0349824743
4276 0.0349858958
4277 0.0349893174
4278 0.0349927389
4279 0.0349961605
4280 0.034999582
4281 0.0350030036
4282 0.0350064251
4283 0.0350098467
4284 0.0350132682
4285 0.0350166898
4286 0.0350201113
4287 0.0350235329
4288 0.0350269544
4289 0.035030376
4290 0.0350337975
4291 0.0350372191
4292 0.0350406407
4293 0.0350440622
4294 0.0350474838
4295 0.0350509053
4296 0.0350543269
4297 0.0350577484
4298 0.03506117
4299 0.0350645915
4300 0.0350680131
4301 0.0350714346
4302 0.0350748562
4303 0.0350782777
4304 0.0350816993
4305 0.0350851208
4306 0.0350885424
4307 0.0350919639
4308 0.0350953855
4309 0.035098807
4310 0.0351022286
4311 0.0351056501
4312 0.0351090717
4313 0.0351124932
4314 0.0351159148
4315 0.0351193363
4316 0.0351227579
4317 0.0351261794
4318 0.035129601
4319 0.0351330225
4320 0.0351364441
4321 0.0351398657
4322 0.0351432872
4323 0.0351467088
4324 0.0351501303
4325 0.0351535519
4326 0.0351569734
4327 0.035160395
4328 0.0351638165
4329 0.0351672381
4330 0.0351706596
4331 0.0351740812
4332 0.0351775027
4333 0.0351809243
4334 0.0351843458
4335 0.0351877674
4336 0.0351911889
4337 0.0351946105
4338 0.035198032
4339 0.0352014536
4340 0.0352048751
4341 0.0352082967
4342 0.0352117182
4343 0.0352151398
4344 0.0352185613
4345 0.0352219829
4346 0.0352254044
4347 0.035228826
4348 0.0352322475
4349 0.0352356691
4350 0.0352390907
4351 0.0352425122
4352 0.0352459338
4353 0.0352493553
4354 0.0352527769
4355 0.0352561984
4356 0.03525962
4357 0.0352630415
4358 0.0352664631
4359 0.0352698846
4360 0.0352733062
4361 0.0352767277
4362 0.0352801493
4363 0.0352835708
4364 0.0352869924
4365 0.0352904139
4366 0.0352938355
4367 0.035297257
4368 0.0353006786
4369 0.0353041001
4370 0.0353075217
4371 0.0353109432
4372 0.0353143648
4373 0.0353177863
4374 0.0353212079
4375 0.0353246294
4376 0.035328051
4377 0.0353314725
4378 0.0353348941
4379 0.0353383157
4380 0.0353417372
4381 0.0353451588
4382 0.0353485803
4383 0.0353520019
4384 0.0353554234
4385 0.035358845
4386 0.0353622665
4387 0.0353656881
4388 0.0353689061
4389 0.0353721242
4390 0.0353753423
4391 0.0353785604
4392 0.0353817785
4393 0.0353849966
4394 0.0353882147
4395 0.0353914327
4396 0.0353946508
4397 0.0353978689
4398 0.035401087
4399 0.0354043051
4400 0.0354075232
4401 0.0354107412
4402 0.0354139593
4403 0.0354171774
4404 0.0354203955
4405 0.0354236136
4406 0.0354268317
4407 0.0354300497
4408 0.0354332678
4409 0.0354364859
4410 0.035439704
4411 0.0354429221
4412 0.0354461402
4413 0.0354493582
4414 0.0354525763
4415 0.0354557944
4416 0.0354590125
4417 0.0354622306
4418 0.0354654487
4419 0.0354686668
4420 0.0354718848
4421 0.0354751029
4422 0.035478321
4423 0.0354815391
4424 0.0354847572
4425 0.0354879753
4426 0.0354911933
4427 0.0354944114
4428 0.0354976295
4429 0.0355008476
4430 0.0355040657
4431 0.0355072838
4432 0.0355105018
4433 0.0355137199
4434 0.035516938
4435 0.0355201561
4436 0.0355233742
4437 0.0355265923
4438 0.0355298103
4439 0.0355330284
4440 0.0355362465
4441 0.0355394646
4442 0.0355426827
4443 0.0355459008
4444 0.0355491188
4445 0.0355523369
4446 0.035555555
4447 0.0355587731
4448 0.0355619912
4449 0.0355652093
4450 0.0355684274
4451 0.0355716454
4452 0.0355748635
4453 0.0355780816
4454 0.0355812997
4455 0.0355845178
4456 0.0355877359
4457 0.0355909539
4458 0.035594172
4459 0.0355973901
4460 0.0356006082
4461 0.0356038263
4462 0.0356070444
4463 0.0356102624
4464 0.0356134805
4465 0.0356166986
4466 0.0356199167
4467 0.0356231348
4468 0.0356263529
4469 0.0356295709
4470 0.035632789
4471 0.0356360071
4472 0.0356392252
4473 0.0356424433
4474 0.0356456614
4475 0.0356488794
4476 0.0356520975
4477 0.0356553156
4478 0.0356585337
4479 0.0356617518
4480 0.0356649699
4481 0.035668188
4482 0.035671406
4483 0.0356746241
4484 0.0356778422
4485 0.0356810603
4486 0.0356842784
4487 0.0356874965
4488 0.0356907145
4489 0.0356939326
4490 0.0356971507
4491 0.0357003688
4492 0.0357035869
4493 0.035706805
4494 0.035710023
4495 0.0357132411
4496 0.0357164592
4497 0.0357196773
4498 0.0357228954
4499 0.0357261135
4500 0.0357293315
4501 0.0357325496
4502 0.0357357677
4503 0.0357389858
4504 0.0357422039
4505 0.035745422
4506 0.0357486401
4507 0.0357518581
4508 0.0357550762
4509 0.0357582943
4510 0.0357615124
4511 0.0357647305
4512 0.0357679486
4513 0.0357711666
4514 0.0357743847
4515 0.0357776028
4516 0.0357808209
4517 0.035784039
4518 0.0357872571
4519 0.0357904751
4520 0.0357936932
4521 0.0357969113
4522 0.0358001294
4523 0.0358033475
4524 0.0358065656
4525 0.0358097836
4526 0.0358130017
4527 0.0358162198
4528 0.0358194379
4529 0.035822656
4530 0.0358258741
4531 0.0358290921
4532 0.0358323102
4533 0.0358355283
4534 0.0358387464
4535 0.0358419645
4536 0.0358451826
4537 0.0358484007
4538 0.0358516187
4539 0.0358548368
4540 0.0358580549
4541 0.035861273
4542 0.0358644911
4543 0.0358677092
4544 0.0358709272
4545 0.0358741453
4546 0.0358773634
4547 0.0358805815
4548 0.0358837996
4549 0.0358870177
4550 0.0358902357
4551 0.0358934538
4552 0.0358966719
4553 0.03589989
4554 0.0359031081
4555 0.0359063262
4556 0.0359095442
4557 0.0359127623
4558 0.0359159804
4559 0.0359191985
4560 0.0359224166
4561 0.0359256347
4562 0.0359288527
4563 0.0359320708
4564 0.0359352889
4565 0.035938507
4566 0.0359417251
4567 0.0359449432
4568 0.0359481613
4569 0.0359513793
4570 0.0359545974
4571 0.0359578155
4572 0.0359610336
4573 0.0359642517
4574 0.0359674698
4575 0.0359706878
4576 0.0359739059
4577 0.035977124
4578 0.0359803421
4579 0.0359835602
4580 0.0359867783
4581 0.0359899963
4582 0.0359932144
4583 0.0359964325
4584 0.0359996506
4585 0.0360028687
4586 0.0360060868
4587 0.0360093048
4588 0.0360125229
4589 0.036015741
4590 0.0360189591
4591 0.0360221772
4592 0.0360253953
4593 0.0360286134
4594 0.0360318314
4595 0.0360350495
4596 0.0360382676
4597 0.0360414857
4598 0.0360447038
4599 0.0360479219
4600 0.0360511399
4601 0.036054358
4602 0.0360575761
4603 0.0360607942
4604 0.0360640123
4605 0.0360672304
4606 0.0360704484
4607 0.0360736665
4608 0.0360768846
4609 0.0360801027
4610 0.0360833208
4611 0.0360865389
4612 0.0360897569
4613 0.036092975
4614 0.0360961931
4615 0.0360994112
4616 0.0361026293
4617 0.0361058474
4618 0.0361090654
4619 0.0361122835
4620 0.0361155016
4621 0.0361187197
4622 0.0361219378
4623 0.0361251559
4624 0.036128374
4625 0.036131592
4626 0.0361348101
4627 0.0361380282
4628 0.0361412463
4629 0.0361444644
4630 0.0361476825
4631 0.0361509005
4632 0.0361541186
4633 0.0361573367
4634 0.0361605548
4635 0.0361637729
4636 0.036166991
4637 0.036170209
4638 0.0361734271
4639 0.0361766452
4640 0.0361798633
4641 0.0361830814
4642 0.0361862995
4643 0.0361895175
4644 0.0361927356
4645 0.0361959537
4646 0.0361991718
4647 0.0362023899
4648 0.036205608
4649 0.036208826
4650 0.0362120441
4651 0.0362152622
4652 0.0362184803
4653 0.0362216984
4654 0.0362249165
4655 0.0362281346
4656 0.0362313526
4657 0.0362345707
4658 0.0362377888
4659 0.0362410069
4660 0.036244225
4661 0.0362474431
4662 0.0362506611
4663 0.0362538792
4664 0.0362570973
4665 0.0362603154
4666 0.0362635335
4667 0.0362667516
4668 0.0362699696
4669 0.0362731877
4670 0.0362764058
4671 0.0362796239
4672 0.036282842
4673 0.0362860601
4674 0.0362892781
4675 0.0362924962
4676 0.0362957143
4677 0.0362989324
4678 0.0363021505
4679 0.0363053686
4680 0.0363085867
4681 0.0363118047
4682 0.0363150228
4683 0.0363182409
4684 0.036321459
4685 0.0363246771
4686 0.0363278952
4687 0.0363311132
4688 0.0363343313
4689 0.0363375494
4690 0.0363407675
4691 0.0363439856
4692 0.0363472037
4693 0.0363504217
4694 0.0363536398
4695 0.0363568579
4696 0.036360076
4697 0.0363632941
4698 0.0363665122
4699 0.0363697302
4700 0.0363729483
4701 0.0363761664
4702 0.0363793845
4703 0.0363826026
4704 0.0363858207
4705 0.0363890387
4706 0.0363922568
4707 0.0363954749
4708 0.036398693
4709 0.0364019111
4710 0.0364051292
4711 0.0364083473
4712 0.0364115653
4713 0.0364147834
4714 0.0364180015
4715 0.0364212196
4716 0.0364244377
4717 0.0364276558
4718 0.0364308738
4719 0.0364340919
4720 0.03643731
4721 0.0364405281
4722 0.0364437462
4723 0.0364469643
4724 0.0364501823
4725 0.0364534004
4726 0.0364566185
4727 0.0364598366
4728 0.0364630547
4729 0.0364662728
4730 0.0364694908
4731 0.0364727089
4732 0.036475927
4733 0.0364791451
4734 0.0364823632
4735 0.0364855813
4736 0.0364887994
4737 0.0364920174
4738 0.0364952355
4739 0.0364984536
4740 0.0365016717
4741 0.0365048898
4742 0.0365081079
4743 0.0365113259
4744 0.036514544
4745 0.0365177621
4746 0.0365209802
4747 0.0365241983
4748 0.0365274164
4749 0.0365306344
4750 0.0365338525
4751 0.0365370706
4752 0.0365402887
4753 0.0365435068
4754 0.0365467249
4755 0.0365499429
4756 0.036553161
4757 0.0365563791
4758 0.0365595972
4759 0.0365628153
4760 0.0365660334
4761 0.0365692514
4762 0.0365724695
4763 0.0365756876
4764 0.0365789057
4765 0.0365821238
4766 0.0365853419
4767 0.03658856
4768 0.036591778
4769 0.0365949961
4770 0.0365982142
4771 0.0366014323
4772 0.0366046504
4773 0.0366078685
4774 0.0366110865
4775 0.0366143046
4776 0.0366175227
4777 0.0366207408
4778 0.0366239589
4779 0.036627177
4780 0.036630395
4781 0.0366336131
4782 0.0366368312
4783 0.0366400493
4784 0.0366432674
4785 0.0366464855
4786 0.0366497035
4787 0.0366529216
4788 0.0366561397
4789 0.0366593578
4790 0.0366625759
4791 0.036665794
4792 0.036669012
4793 0.0366722301
4794 0.0366754482
4795 0.0366786663
4796 0.0366818844
4797 0.0366851025
4798 0.0366883206
4799 0.0366915386
4800 0.0366947567
4801 0.0366979748
4802 0.0367011929
4803 0.036704411
4804 0.0367076291
4805 0.0367108471
4806 0.0367140652
4807 0.0367172833
4808 0.0367205014
4809 0.0367237195
4810 0.0367269376
4811 0.0367301556
4812 0.0367333737
4813 0.0367365918
4814 0.0367398099
4815 0.036743028
4816 0.0367462461
4817 0.0367494641
4818 0.0367526822
4819 0.0367559003
4820 0.0367591184
4821 0.0367623365
4822 0.0367655546
4823 0.0367687727
4824 0.0367719907
4825 0.0367752088
4826 0.0367784269
4827 0.036781645
4828 0.0367848631
4829 0.0367880812
4830 0.0367912992
4831 0.0367945173
4832 0.0367977354
4833 0.0368009535
4834 0.0368041716
4835 0.0368073897
4836 0.0368106077
4837 0.0368138258
4838 0.0368170439
4839 0.036820262
4840 0.0368234801
4841 0.0368266982
4842 0.0368299162
4843 0.0368331343
4844 0.0368363524
4845 0.0368395705
4846 0.0368427886
4847 0.0368460067
4848 0.0368492247
4849 0.0368524428
4850 0.0368556609
4851 0.036858879
4852 0.0368620971
4853 0.0368653152
4854 0.0368685333
4855 0.0368717513
4856 0.0368749694
4857 0.0368781875
4858 0.0368814056
4859 0.0368846237
4860 0.0368878418
4861 0.0368910598
4862 0.0368942779
4863 0.036897496
4864 0.0369007141
4865 0.0369039322
4866 0.0369071503
4867 0.0369103683
4868 0.0369135864
4869 0.0369168045
4870 0.0369200226
4871 0.0369232407
4872 0.0369264588
4873 0.0369296768
4874 0.0369328949
4875 0.036936113
4876 0.0369393311
4877 0.0369425492
4878 0.0369457673
4879 0.0369489853
4880 0.0369522034
4881 0.0369554215
4882 0.0369586396
4883 0.0369618577
4884 0.0369650758
4885 0.0369682939
4886 0.0369715119
4887 0.03697473
4888 0.0369779481
4889 0.0369811662
4890 0.0369843843
4891 0.0369876024
4892 0.0369908204
4893 0.0369940385
4894 0.0369972566
4895 0.0370004747
4896 0.0370036928
4897 0.0370069109
4898 0.0370101289
4899 0.037013347
4900 0.0370165651
4901 0.0370197832
4902 0.0370230013
4903 0.0370262194
4904 0.0370294374
4905 0.0370326555
4906 0.0370358736
4907 0.0370390917
4908 0.0370423098
4909 0.0370455279
4910 0.037048746
4911 0.037051964
4912 0.0370551821
4913 0.0370584002
4914 0.0370616183
4915 0.0370648364
4916 0.0370680545
4917 0.0370712725
4918 0.0370744906
4919 0.0370777087
4920 0.0370809268
4921 0.0370841449
4922 0.037087363
4923 0.037090581
4924 0.0370937991
4925 0.0370970172
4926 0.0371002353
4927 0.0371034534
4928 0.0371066715
4929 0.0371098895
4930 0.0371131076
4931 0.0371163257
4932 0.0371195438
4933 0.0371227619
4934 0.03712598
4935 0.037129198
4936 0.0371324161
4937 0.0371356342
4938 0.0371388523
4939 0.0371420704
4940 0.0371452885
4941 0.0371485066
4942 0.0371517246
4943 0.0371549427
4944 0.0371581608
4945 0.0371613789
4946 0.037164597
4947 0.0371678151
4948 0.0371710331
4949 0.0371742512
4950 0.0371774693
4951 0.0371806874
4952 0.0371839055
4953 0.0371871236
4954 0.0371903416
4955 0.0371935597
4956 0.0371967778
4957 0.0371999959
4958 0.037203214
4959 0.0372064321
4960 0.0372096501
4961 0.0372128682
4962 0.0372160863
4963 0.0372193044
4964 0.0372225225
4965 0.0372257406
4966 0.0372289586
4967 0.0372321767
4968 0.0372353948
4969 0.0372386129
4970 0.037241831
4971 0.0372450491
4972 0.0372482672
4973 0.0372514852
4974 0.0372547033
4975 0.0372579214
4976 0.0372611395
4977 0.0372643576
4978 0.0372675757
4979 0.0372707937
4980 0.0372740118
4981 0.0372772299
4982 0.037280448
4983 0.0372836661
4984 0.0372868842
4985 0.0372901022
4986 0.0372933203
4987 0.0372965384
4988 0.0372997565
4989 0.0373029746
4990 0.0373061927
4991 0.0373094107
4992 0.0373126288
4993 0.0373158469
4994 0.037319065
4995 0.0373222831
4996 0.0373255012
4997 0.0373287193
4998 0.0373319373
4999 0.0373351554
5000 0.0373383735
5001 0.0373415916
5002 0.0373448097
5003 0.0373480278
5004 0.0373512458
5005 0.0373544639
5006 0.037357682
5007 0.0373609001
5008 0.0373641182
5009 0.0373673363
5010 0.0373705543
5011 0.0373737724
5012 0.0373769905
5013 0.0373802086
5014 0.0373834267
5015 0.0373866448
5016 0.0373898628
5017 0.0373930809
5018 0.037396299
5019 0.0373995171
5020 0.0374027352
5021 0.0374059533
5022 0.0374091713
5023 0.0374123894
5024 0.0374156075
5025 0.0374188256
5026 0.0374220437
5027 0.0374252618
5028 0.0374284799
5029 0.0374316979
5030 0.037434916
5031 0.0374381341
5032 0.0374413522
5033 0.0374445703
5034 0.0374477884
5035 0.0374510064
5036 0.0374542245
5037 0.0374574426
5038 0.0374606607
5039 0.0374638788
5040 0.0374670969
5041 0.0374703149
5042 0.037473533
5043 0.0374767511
5044 0.0374799692
5045 0.0374831873
5046 0.0374864054
5047 0.0374896234
5048 0.0374928415
5049 0.0374960596
5050 0.0374992777
5051 0.0375024958
5052 0.0375057139
5053 0.0375089319
5054 0.03751215
5055 0.0375153681
5056 0.0375185862
5057 0.0375218043
5058 0.0375250224
5059 0.0375282405
5060 0.0375314585
5061 0.0375346766
5062 0.0375378947
5063 0.0375411128
5064 0.0375443309
5065 0.037547549
5066 0.037550767
5067 0.0375539851
5068 0.0375572032
5069 0.0375604213
5070 0.0375636394
5071 0.0375668575
5072 0.0375700755
5073 0.0375732936
5074 0.0375765117
5075 0.0375797298
5076 0.0375829479
5077 0.037586166
5078 0.037589384
5079 0.0375926021
5080 0.0375958202
5081 0.0375990383
5082 0.0376022564
5083 0.0376054745
5084 0.0376086926
5085 0.0376119106
5086 0.0376151287
5087 0.0376183468
5088 0.0376215649
5089 0.037624783
5090 0.0376280011
5091 0.0376312191
5092 0.0376344372
5093 0.0376376553
5094 0.0376408734
5095 0.0376440915
5096 0.0376473096
5097 0.0376505276
5098 0.0376537457
5099 0.0376569638
5100 0.0376601819
5101 0.0376634
5102 0.0376666181
5103 0.0376698361
5104 0.0376730542
5105 0.0376762723
5106 0.0376794904
5107 0.0376827085
5108 0.0376859266
5109 0.0376891446
5110 0.0376923627
5111 0.0376955808
5112 0.0376987989
5113 0.037702017
5114 0.0377052351
5115 0.0377084532
5116 0.0377116712
5117 0.0377148893
5118 0.0377181074
5119 0.0377213255
5120 0.0377245436
5121 0.0377277617
5122 0.0377309797
5123 0.0377341978
5124 0.0377374159
5125 0.037740634
5126 0.0377438521
5127 0.0377470702
5128 0.0377502882
5129 0.0377535063
5130 0.0377567244
5131 0.0377599425
5132 0.0377631606
5133 0.0377663787
5134 0.0377695967
5135 0.0377728148
5136 0.0377760329
5137 0.037779251
5138 0.0377824691
5139 0.0377856872
5140 0.0377889052
5141 0.0377921233
5142 0.0377953414
5143 0.0377985595
5144 0.0378017776
5145 0.0378049957
5146 0.0378082138
5147 0.0378114318
5148 0.0378146499
5149 0.037817868
5150 0.0378210861
5151 0.0378243042
5152 0.0378275223
5153 0.0378307403
5154 0.0378339584
5155 0.0378371765
5156 0.0378403946
5157 0.0378436127
5158 0.0378468308
5159 0.0378500488
5160 0.0378532669
5161 0.037856485
5162 0.0378597031
5163 0.0378629212
5164 0.0378661393
5165 0.0378693573
5166 0.0378725754
5167 0.0378757935
5168 0.0378790116
5169 0.0378822297
5170 0.0378854478
5171 0.0378886659
5172 0.0378918839
5173 0.037895102
5174 0.0378983201
5175 0.0379015382
5176 0.0379047563
5177 0.0379079744
5178 0.0379111924
5179 0.0379144105
5180 0.0379176286
5181 0.0379208467
5182 0.0379240648
5183 0.0379272829
5184 0.0379305009
5185 0.037933719
5186 0.0379369371
5187 0.0379401552
5188 0.0379433733
5189 0.0379465914
5190 0.0379498094
5191 0.0379530275
5192 0.0379562456
5193 0.0379594637
5194 0.0379626818
5195 0.0379658999
5196 0.0379691179
5197 0.037972336
5198 0.0379755541
5199 0.0379787722
5200 0.0379819903
5201 0.0379852084
5202 0.0379884265
5203 0.0379916445
5204 0.0379948626
5205 0.0379980807
5206 0.0380012988
5207 0.0380045169
5208 0.038007735
5209 0.038010953
5210 0.0380141711
5211 0.0380173892
5212 0.0380206073
5213 0.0380238254
5214 0.0380270435
5215 0.0380302615
5216 0.0380334796
5217 0.0380366977
5218 0.0380399158
5219 0.0380431339
5220 0.038046352
5221 0.03804957
5222 0.0380527881
5223 0.0380560062
5224 0.0380592243
5225 0.0380624424
5226 0.0380656605
5227 0.0380688785
5228 0.0380720966
5229 0.0380753147
5230 0.0380785328
5231 0.0380817509
5232 0.038084969
5233 0.0380881871
5234 0.0380914051
5235 0.0380946232
5236 0.0380978413
5237 0.0381010594
5238 0.0381042775
5239 0.0381074956
5240 0.0381107136
5241 0.0381139317
5242 0.0381171498
5243 0.0381203679
5244 0.038123586
5245 0.0381268041
5246 0.0381300221
5247 0.0381332402
5248 0.0381364583
5249 0.0381396764
5250 0.0381428945
5251 0.0381461126
5252 0.0381493306
5253 0.0381525487
5254 0.0381557668
5255 0.0381589849
5256 0.038162203
5257 0.0381654211
5258 0.0381686392
5259 0.0381718572
5260 0.0381750753
5261 0.0381782934
5262 0.0381815115
5263 0.0381847296
5264 0.0381879477
5265 0.0381911657
5266 0.0381943838
5267 0.0381976019
5268 0.03820082
5269 0.0382040381
5270 0.0382072562
5271 0.0382104742
5272 0.0382136923
5273 0.0382169104
5274 0.0382201285
5275 0.0382233466
5276 0.0382265647
5277 0.0382297827
5278 0.0382330008
5279 0.0382362189
5280 0.038239437
5281 0.0382426551
5282 0.0382458732
5283 0.0382490912
5284 0.0382523093
5285 0.0382555274
5286 0.0382587455
5287 0.0382619636
5288 0.0382651817
5289 0.0382683998
5290 0.0382716178
5291 0.0382748359
5292 0.038278054
5293 0.0382812721
5294 0.0382844902
5295 0.0382877083
5296 0.0382909263
5297 0.0382941444
5298 0.0382973625
5299 0.0383005806
5300 0.0383037987
5301 0.0383070168
5302 0.0383102348
5303 0.0383134529
5304 0.038316671
5305 0.0383198891
5306 0.0383231072
5307 0.0383263253
5308 0.0383295433
5309 0.0383327614
5310 0.0383359795
5311 0.0383391976
5312 0.0383424157
5313 0.0383456338
5314 0.0383488519
5315 0.0383520699
5316 0.038355288
5317 0.0383585061
5318 0.0383617242
5319 0.0383649423
5320 0.0383681604
5321 0.0383713784
5322 0.0383745965
5323 0.0383778146
5324 0.0383810327
5325 0.0383842508
5326 0.0383874689
5327 0.0383906869
5328 0.038393905
5329 0.0383971231
5330 0.0384003412
5331 0.0384035593
5332 0.0384067774
5333 0.0384099954
5334 0.0384132135
5335 0.0384164316
5336 0.0384196497
5337 0.0384228678
5338 0.0384260859
5339 0.0384293039
5340 0.038432522
5341 0.0384357401
5342 0.0384389582
5343 0.0384421763
5344 0.0384453944
5345 0.0384486125
5346 0.0384518305
5347 0.0384550486
5348 0.0384582667
5349 0.0384614848
5350 0.0384647029
5351 0.038467921
5352 0.038471139
5353 0.0384743571
5354 0.0384775752
5355 0.0384807933
5356 0.0384840114
5357 0.0384872295
5358 0.0384904475
5359 0.0384936656
5360 0.0384968837
5361 0.0385001018
5362 0.0385033199
5363 0.038506538
5364 0.038509756
5365 0.0385129741
5366 0.0385161922
5367 0.0385194103
5368 0.0385226284
5369 0.0385258465
5370 0.0385290645
5371 0.0385322826
5372 0.0385355007
5373 0.0385387188
5374 0.0385419369
5375 0.038545155
5376 0.0385483731
5377 0.0385515911
5378 0.0385548092
5379 0.0385580273
5380 0.0385612454
5381 0.0385644635
5382 0.0385676816
5383 0.0385708996
5384 0.0385741177
5385 0.0385773358
5386 0.0385805539
5387 0.038583772
5388 0.0385869901
5389 0.0385902081
5390 0.0385934262
5391 0.0385966443
5392 0.0385998624
5393 0.0386030805
5394 0.0386062986
5395 0.0386095166
5396 0.0386127347
5397 0.0386159528
5398 0.0386191709
5399 0.038622389
5400 0.0386256071
5401 0.0386288252
5402 0.0386320432
5403 0.0386352613
5404 0.0386384794
5405 0.0386416975
5406 0.0386449156
5407 0.0386481337
5408 0.0386513517
5409 0.0386545698
5410 0.0386577879
5411 0.038661006
5412 0.0386642241
5413 0.0386674422
5414 0.0386706602
5415 0.0386738783
5416 0.0386770964
5417 0.0386803145
5418 0.0386835326
5419 0.0386867507
5420 0.0386899687
5421 0.0386931868
5422 0.0386964049
5423 0.038699623
5424 0.0387028411
5425 0.0387060592
5426 0.0387092772
5427 0.0387124953
5428 0.0387157134
5429 0.0387189315
5430 0.0387221496
5431 0.0387253677
5432 0.0387285858
5433 0.0387318038
5434 0.0387350219
5435 0.03873824
5436 0.0387414581
5437 0.0387446762
5438 0.0387478943
5439 0.0387511123
5440 0.0387543304
5441 0.0387575485
5442 0.0387607666
5443 0.0387639847
5444 0.0387672028
5445 0.0387704208
5446 0.0387736389
5447 0.038776857
5448 0.0387800751
5449 0.0387832932
5450 0.0387865113
5451 0.0387897293
5452 0.0387929474
5453 0.0387961655
5454 0.0387993836
5455 0.0388026017
5456 0.0388058198
5457 0.0388090378
5458 0.0388122559
5459 0.038815474
5460 0.0388186921
5461 0.0388219102
5462 0.0388251283
5463 0.0388283464
5464 0.0388315644
5465 0.0388347825
5466 0.0388380006
5467 0.0388412187
5468 0.0388444368
5469 0.0388476549
5470 0.0388508729
5471 0.038854091
5472 0.0388573091
5473 0.0388605272
5474 0.0388637453
5475 0.0388669634
5476 0.0388701814
5477 0.0388733995
5478 0.0388766176
5479 0.0388798357
5480 0.0388830538
5481 0.0388862719
5482 0.0388894899
5483 0.038892708
5484 0.0388959261
5485 0.0388985871
5486 0.0389012481
5487 0.0389039091
5488 0.0389065701
5489 0.0389092311
5490 0.0389118921
5491 0.038914553
5492 0.038917214
5493 0.038919875
5494 0.038922536
5495 0.038925197
5496 0.038927858
5497 0.038930519
5498 0.03893318
5499 0.038935841
5500 0.038938502
5501 0.0389411629
5502 0.0389438239
5503 0.0389464849
5504 0.0389491459
5505 0.0389518069
5506 0.0389544679
5507 0.0389571289
5508 0.0389597899
5509 0.0389624509
5510 0.0389651119
5511 0.0389677728
5512 0.0389704338
5513 0.0389730948
5514 0.0389757558
5515 0.0389784168
5516 0.0389810778
5517 0.0389837388
5518 0.0389863998
5519 0.0389890608
5520 0.0389917218
5521 0.0389943828
5522 0.0389970437
5523 0.0389997047
5524 0.0390023657
5525 0.0390050267
5526 0.0390076877
5527 0.0390103487
5528 0.0390130097
5529 0.0390156707
5530 0.0390183317
5531 0.0390209927
5532 0.0390236536
5533 0.0390263146
5534 0.0390289756
5535 0.0390316366
5536 0.0390342976
5537 0.0390369586
5538 0.0390396196
5539 0.0390422806
5540 0.0390449416
5541 0.0390476026
5542 0.0390502635
5543 0.0390529245
5544 0.0390555855
5545 0.0390582465
5546 0.0390609075
5547 0.0390635685
5548 0.0390662295
5549 0.0390688905
5550 0.0390715515
5551 0.0390742125
5552 0.0390768734
5553 0.0390795344
5554 0.0390821954
5555 0.0390848564
5556 0.0390875174
5557 0.0390901784
5558 0.0390928394
5559 0.0390955004
5560 0.0390981614
5561 0.0391008224
5562 0.0391034833
5563 0.0391061443
5564 0.0391088053
5565 0.0391114663
5566 0.0391141273
5567 0.0391167883
5568 0.0391194493
5569 0.0391221103
5570 0.0391247713
5571 0.0391274323
5572 0.0391300932
5573 0.0391327542
5574 0.0391354152
5575 0.0391380762
5576 0.0391407372
5577 0.0391433982
5578 0.0391460592
5579 0.0391487202
5580 0.0391513812
5581 0.0391540422
5582 0.0391567031
5583 0.0391593641
5584 0.0391620251
5585 0.0391646861
5586 0.0391673471
5587 0.0391700081
5588 0.0391726691
5589 0.0391753301
5590 0.0391779911
5591 0.0391806521
5592 0.0391833131
5593 0.039185974
5594 0.039188635
5595 0.039191296
5596 0.039193957
5597 0.039196618
5598 0.039199279
5599 0.03920194
5600 0.039204601
5601 0.039207262
5602 0.039209923
5603 0.0392125839
5604 0.0392152449
5605 0.0392179059
5606 0.0392205669
5607 0.0392232279
5608 0.0392258889
5609 0.0392285499
5610 0.0392312109
5611 0.0392338719
5612 0.0392365329
5613 0.0392391938
5614 0.0392418548
5615 0.0392445158
5616 0.0392471768
5617 0.0392498378
5618 0.0392524988
5619 0.0392551598
5620 0.0392578208
5621 0.0392604818
5622 0.0392631428
5623 0.0392658037
5624 0.0392684647
5625 0.0392711257
5626 0.0392737867
5627 0.0392764477
5628 0.0392791087
5629 0.0392817697
5630 0.0392844307
5631 0.0392870917
5632 0.0392897527
5633 0.0392924136
5634 0.0392950746
5635 0.0392977356
5636 0.0393003966
5637 0.0393030576
5638 0.0393057186
5639 0.0393083796
5640 0.0393110406
5641 0.0393137016
5642 0.0393163626
5643 0.0393190235
5644 0.0393216845
5645 0.0393243455
5646 0.0393270065
5647 0.0393296675
5648 0.0393323285
5649 0.0393349895
5650 0.0393376505
5651 0.0393403115
5652 0.0393429725
5653 0.0393456335
5654 0.0393482944
5655 0.0393509554
5656 0.0393536164
5657 0.0393562774
5658 0.0393589384
5659 0.0393615994
5660 0.0393642604
5661 0.0393669214
5662 0.0393695824
5663 0.0393722434
5664 0.0393749043
5665 0.0393775653
5666 0.0393802263
5667 0.0393828873
5668 0.0393855483
5669 0.0393882093
5670 0.0393908703
5671 0.0393935313
5672 0.0393961923
5673 0.0393988533
5674 0.0394015142
5675 0.0394041752
5676 0.0394068362
5677 0.0394094972
5678 0.0394121582
5679 0.0394148192
5680 0.0394174802
5681 0.0394201412
5682 0.0394228022
5683 0.0394254632
5684 0.0394281241
5685 0.0394307851
5686 0.0394334461
5687 0.0394361071
5688 0.0394387681
5689 0.0394414291
5690 0.0394440901
5691 0.0394467511
5692 0.0394494121
5693 0.0394520731
5694 0.039454734
5695 0.039457395
5696 0.039460056
5697 0.039462717
5698 0.039465378
5699 0.039468039
5700 0.0394707
5701 0.039473361
5702 0.039476022
5703 0.039478683
5704 0.0394813439
5705 0.0394840049
5706 0.0394866659
5707 0.0394893269
5708 0.0394919879
5709 0.0394946489
5710 0.0394973099
5711 0.0394999709
5712 0.0395026319
5713 0.0395052929
5714 0.0395079538
5715 0.0395106148
5716 0.0395132758
5717 0.0395159368
5718 0.0395185978
5719 0.0395212588
5720 0.0395239198
5721 0.0395265808
5722 0.0395292418
5723 0.0395319028
5724 0.0395345638
5725 0.0395372247
5726 0.0395398857
5727 0.0395425467
5728 0.0395452077
5729 0.0395478687
5730 0.0395505297
5731 0.0395531907
5732 0.0395558517
5733 0.0395585127
5734 0.0395611737
5735 0.0395638346
5736 0.0395664956
5737 0.0395691566
5738 0.0395718176
5739 0.0395744786
5740 0.0395771396
5741 0.0395798006
5742 0.0395824616
5743 0.0395851226
5744 0.0395877836
5745 0.0395904445
5746 0.0395931055
5747 0.0395957665
5748 0.0395984275
5749 0.0396010885
5750 0.0396037495
5751 0.0396064105
5752 0.0396090715
5753 0.0396117325
5754 0.0396143935
5755 0.0396170544
5756 0.0396197154
5757 0.0396223764
5758 0.0396250374
5759 0.0396276984
5760 0.0396303594
5761 0.0396330204
5762 0.0396356814
5763 0.0396383424
5764 0.0396410034
5765 0.0396436643
5766 0.0396463253
5767 0.0396489863
5768 0.0396516473
5769 0.0396543083
5770 0.0396569693
5771 0.0396596303
5772 0.0396622913
5773 0.0396649523
5774 0.0396676133
5775 0.0396702742
5776 0.0396729352
5777 0.0396755962
5778 0.0396782572
5779 0.0396809182
5780 0.0396835792
5781 0.0396862402
5782 0.0396889012
5783 0.0396915622
5784 0.0396942232
5785 0.0396968842
5786 0.0396995451
5787 0.0397022061
5788 0.0397048671
5789 0.0397075281
5790 0.0397101891
5791 0.0397128501
5792 0.0397155111
5793 0.0397181721
5794 0.0397208331
5795 0.0397234941
5796 0.039726155
5797 0.039728816
5798 0.039731477
5799 0.039734138
5800 0.039736799
5801 0.03973946
5802 0.039742121
5803 0.039744782
5804 0.039747443
5805 0.039750104
5806 0.0397527649
5807 0.0397554259
5808 0.0397580869
5809 0.0397607479
5810 0.0397634089
5811 0.0397660699
5812 0.0397687309
5813 0.0397713919
5814 0.0397740529
5815 0.0397767139
5816 0.0397793748
5817 0.0397820358
5818 0.0397846968
5819 0.0397873578
5820 0.0397900188
5821 0.0397926798
5822 0.0397953408
5823 0.0397980018
5824 0.0398006628
5825 0.0398033238
5826 0.0398059847
5827 0.0398086457
5828 0.0398113067
5829 0.0398139677
5830 0.0398166287
5831 0.0398192897
5832 0.0398219507
5833 0.0398246117
5834 0.0398272727
5835 0.0398299337
5836 0.0398325946
5837 0.0398352556
5838 0.0398379166
5839 0.0398405776
5840 0.0398432386
5841 0.0398458996
5842 0.0398485606
5843 0.0398512216
5844 0.0398538826
5845 0.0398565436
5846 0.0398592045
5847 0.0398618655
5848 0.0398645265
5849 0.0398671875
5850 0.0398698485
5851 0.0398725095
5852 0.0398751705
5853 0.0398778315
5854 0.0398804925
5855 0.0398831535
5856 0.0398858145
5857 0.0398884754
5858 0.0398911364
5859 0.0398937974
5860 0.0398964584
5861 0.0398991194
5862 0.0399017804
5863 0.0399044414
5864 0.0399071024
5865 0.0399097634
5866 0.0399124244
5867 0.0399150853
5868 0.0399177463
5869 0.0399204073
5870 0.0399230683
5871 0.0399257293
5872 0.0399283903
5873 0.0399310513
5874 0.0399337123
5875 0.0399363733
5876 0.0399390343
5877 0.0399416952
5878 0.0399443562
5879 0.0399470172
5880 0.0399496782
5881 0.0399523392
5882 0.0399550002
5883 0.0399576612
5884 0.0399603222
5885 0.0399629832
5886 0.0399656442
5887 0.0399683051
5888 0.0399709661
5889 0.0399736271
5890 0.0399762881
5891 0.0399789491
5892 0.0399816101
5893 0.0399842711
5894 0.0399869321
5895 0.0399895931
5896 0.0399922541
5897 0.039994915
5898 0.039997576
5899 0.040000237
5900 0.040002898
5901 0.040005559
5902 0.04000822
5903 0.040010881
5904 0.040013542
5905 0.040016203
5906 0.040018864
5907 0.0400215249
5908 0.0400241859
5909 0.0400268469
5910 0.0400295079
5911 0.0400321689
5912 0.0400348299
5913 0.0400374909
5914 0.0400401519
5915 0.0400428129
5916 0.0400454739
5917 0.0400481348
5918 0.0400507958
5919 0.0400534568
5920 0.0400561178
5921 0.0400587788
5922 0.0400614398
5923 0.0400641008
5924 0.0400667618
5925 0.0400694228
5926 0.0400720838
5927 0.0400747448
5928 0.0400774057
5929 0.0400800667
5930 0.0400827277
5931 0.0400853887
5932 0.0400880497
5933 0.0400907107
5934 0.0400933717
5935 0.0400960327
5936 0.0400986937
5937 0.0401013547
5938 0.0401040156
5939 0.0401066766
5940 0.0401093376
5941 0.0401119986
5942 0.0401146596
5943 0.0401173206
5944 0.0401199816
5945 0.0401226426
5946 0.0401253036
5947 0.0401279646
5948 0.0401306255
5949 0.0401332865
5950 0.0401359475
5951 0.0401386085
5952 0.0401412695
5953 0.0401439305
5954 0.0401465915
5955 0.0401492525
5956 0.0401519135
5957 0.0401545745
5958 0.0401572354
5959 0.0401598964
5960 0.0401625574
5961 0.0401652184
5962 0.0401678794
5963 0.0401705404
5964 0.0401732014
5965 0.0401758624
5966 0.0401785234
5967 0.0401811844
5968 0.0401838453
5969 0.0401865063
5970 0.0401891673
5971 0.0401918283
5972 0.0401944893
5973 0.0401971503
5974 0.0401998113
5975 0.0402024723
5976 0.0402051333
5977 0.0402077943
5978 0.0402104552
5979 0.0402131162
5980 0.0402157772
5981 0.0402184382
5982 0.0402210992
5983 0.0402237602
5984 0.0402264212
5985 0.0402290822
5986 0.0402317432
5987 0.0402344042
5988 0.0402370652
5989 0.0402397261
5990 0.0402423871
5991 0.0402450481
5992 0.0402477091
5993 0.0402503701
5994 0.0402530311
5995 0.0402556921
5996 0.0402583531
5997 0.0402610141
5998 0.0402636751
5999 0.040266336
6000 0.040268997
6001 0.040271658
6002 0.040274319
6003 0.04027698
6004 0.040279641
6005 0.040282302
6006 0.040284963
6007 0.040287624
6008 0.040290285
6009 0.0402929459
6010 0.0402956069
6011 0.0402982679
6012 0.0403009289
6013 0.0403035899
6014 0.0403062509
6015 0.0403089119
6016 0.0403115729
6017 0.0403142339
6018 0.0403168949
6019 0.0403195558
6020 0.0403222168
6021 0.0403248778
6022 0.0403275388
6023 0.0403301998
6024 0.0403328608
6025 0.0403355218
6026 0.0403381828
6027 0.0403408438
6028 0.0403435048
6029 0.0403461657
6030 0.0403488267
6031 0.0403514877
6032 0.0403541487
6033 0.0403568097
6034 0.0403594707
6035 0.0403621317
6036 0.0403647927
6037 0.0403674537
6038 0.0403701147
6039 0.0403727756
6040 0.0403754366
6041 0.0403780976
6042 0.0403807586
6043 0.0403834196
6044 0.0403860806
6045 0.0403887416
6046 0.0403914026
6047 0.0403940636
6048 0.0403967246
6049 0.0403993855
6050 0.0404020465
6051 0.0404047075
6052 0.0404073685
6053 0.0404100295
6054 0.0404126905
6055 0.0404153515
6056 0.0404180125
6057 0.0404206735
6058 0.0404233345
6059 0.0404259955
6060 0.0404286564
6061 0.0404313174
6062 0.0404339784
6063 0.0404366394
6064 0.0404393004
6065 0.0404419614
6066 0.0404446224
6067 0.0404472834
6068 0.0404499444
6069 0.0404526054
6070 0.0404552663
6071 0.0404579273
6072 0.0404605883
6073 0.0404632493
6074 0.0404659103
6075 0.0404685713
6076 0.0404712323
6077 0.0404738933
6078 0.0404765543
6079 0.0404792153
6080 0.0404818762
6081 0.0404845372
6082 0.0404871982
6083 0.0404898592
6084 0.0404925202
6085 0.0404951812
6086 0.0404978422
6087 0.0405005032
6088 0.0405031642
6089 0.0405058252
6090 0.0405084861
6091 0.0405111471
6092 0.0405138081
6093 0.0405164691
6094 0.0405191301
6095 0.0405217911
6096 0.0405244521
6097 0.0405271131
6098 0.0405297741
6099 0.0405324351
6100 0.040535096
6101 0.040537757
6102 0.040540418
6103 0.040543079
6104 0.04054574
6105 0.040548401
6106 0.040551062
6107 0.040553723
6108 0.040556384
6109 0.040559045
6110 0.0405617059
6111 0.0405643669
6112 0.0405670279
6113 0.0405696889
6114 0.0405723499
6115 0.0405750109
6116 0.0405776719
6117 0.0405803329
6118 0.0405829939
6119 0.0405856549
6120 0.0405883159
6121 0.0405909768
6122 0.0405936378
6123 0.0405962988
6124 0.0405989598
6125 0.0406016208
6126 0.0406042818
6127 0.0406069428
6128 0.0406096038
6129 0.0406122648
6130 0.0406149258
6131 0.0406175867
6132 0.0406202477
6133 0.0406229087
6134 0.0406255697
6135 0.0406282307
6136 0.0406308917
6137 0.0406335527
6138 0.0406362137
6139 0.0406388747
6140 0.0406415357
6141 0.0406441966
6142 0.0406468576
6143 0.0406495186
6144 0.0406521796
6145 0.0406548406
6146 0.0406575016
6147 0.0406601626
6148 0.0406628236
6149 0.0406654846
6150 0.0406681456
6151 0.0406708065
6152 0.0406734675
6153 0.0406761285
6154 0.0406787895
6155 0.0406814505
6156 0.0406841115
6157 0.0406867725
6158 0.0406894335
6159 0.0406920945
6160 0.0406947555
6161 0.0406974164
6162 0.0407000774
6163 0.0407027384
6164 0.0407053994
6165 0.0407080604
6166 0.0407107214
6167 0.0407133824
6168 0.0407160434
6169 0.0407187044
6170 0.0407213654
6171 0.0407240263
6172 0.0407266873
6173 0.0407293483
6174 0.0407320093
6175 0.0407346703
6176 0.0407373313
6177 0.0407399923
6178 0.0407426533
6179 0.0407453143
6180 0.0407479753
6181 0.0407506362
6182 0.0407532972
6183 0.0407559582
6184 0.0407586192
6185 0.0407612802
6186 0.0407639412
6187 0.0407666022
6188 0.0407692632
6189 0.0407719242
6190 0.0407745852
6191 0.0407772462
6192 0.0407799071
6193 0.0407825681
6194 0.0407852291
6195 0.0407878901
6196 0.0407905511
6197 0.0407932121
6198 0.0407958731
6199 0.0407985341
6200 0.0408011951
6201 0.0408038561
6202 0.040806517
6203 0.040809178
6204 0.040811839
6205 0.0408145
6206 0.040817161
6207 0.040819822
6208 0.040822483
6209 0.040825144
6210 0.040827805
6211 0.040830466
6212 0.0408331269
6213 0.0408357879
6214 0.0408384489
6215 0.0408411099
6216 0.0408437709
6217 0.0408464319
6218 0.0408490929
6219 0.0408517539
6220 0.0408544149
6221 0.0408570759
6222 0.0408597368
6223 0.0408623978
6224 0.0408650588
6225 0.0408677198
6226 0.0408703808
6227 0.0408730418
6228 0.0408757028
6229 0.0408783638
6230 0.0408810248
6231 0.0408836858
6232 0.0408863467
6233 0.0408890077
6234 0.0408916687
6235 0.0408943297
6236 0.0408969907
6237 0.0408996517
6238 0.0409023127
6239 0.0409049737
6240 0.0409076347
6241 0.0409102957
6242 0.0409129566
6243 0.0409156176
6244 0.0409182786
6245 0.0409209396
6246 0.0409236006
6247 0.0409262616
6248 0.0409289226
6249 0.0409315836
6250 0.0409342446
6251 0.0409369056
6252 0.0409395666
6253 0.0409422275
6254 0.0409448885
6255 0.0409475495
6256 0.0409502105
6257 0.0409528715
6258 0.0409555325
6259 0.0409581935
6260 0.0409608545
6261 0.0409635155
6262 0.0409661765
6263 0.0409688374
6264 0.0409714984
6265 0.0409741594
6266 0.0409768204
6267 0.0409794814
6268 0.0409821424
6269 0.0409848034
6270 0.0409874644
6271 0.0409901254
6272 0.0409927864
6273 0.0409954473
6274 0.0409981083
6275 0.0410007693
6276 0.0410034303
6277 0.0410060913
6278 0.0410087523
6279 0.0410114133
6280 0.0410140743
6281 0.0410167353
6282 0.0410193963
6283 0.0410220572
6284 0.0410247182
6285 0.0410273792
6286 0.0410300402
6287 0.0410327012
6288 0.0410353622
6289 0.0410380232
6290 0.0410406842
6291 0.0410433452
6292 0.0410460062
6293 0.0410486671
6294 0.0410513281
6295 0.0410539891
6296 0.0410566501
6297 0.0410593111
6298 0.0410619721
6299 0.0410646331
6300 0.0410672941
6301 0.0410699551
6302 0.0410726161
6303 0.041075277
6304 0.041077938
6305 0.041080599
6306 0.04108326
6307 0.041085921
6308 0.041088582
6309 0.041091243
6310 0.041093904
6311 0.041096565
6312 0.041099226
6313 0.0411018869
6314 0.0411045479
6315 0.0411072089
6316 0.0411098699
6317 0.0411125309
6318 0.0411151919
6319 0.0411178529
6320 0.0411205139
6321 0.0411231749
6322 0.0411258359
6323 0.0411284969
6324 0.0411311578
6325 0.0411338188
6326 0.0411364798
6327 0.0411391408
6328 0.0411418018
6329 0.0411444628
6330 0.0411471238
6331 0.0411497848
6332 0.0411524458
6333 0.0411551068
6334 0.0411577677
6335 0.0411604287
6336 0.0411630897
6337 0.0411657507
6338 0.0411684117
6339 0.0411710727
6340 0.0411737337
6341 0.0411763947
6342 0.0411790557
6343 0.0411817167
6344 0.0411843776
6345 0.0411870386
6346 0.0411896996
6347 0.0411923606
6348 0.0411950216
6349 0.0411976826
6350 0.0412003436
6351 0.0412030046
6352 0.0412056656
6353 0.0412083266
6354 0.0412109875
6355 0.0412136485
6356 0.0412163095
6357 0.0412189705
6358 0.0412216315
6359 0.0412242925
6360 0.0412269535
6361 0.0412296145
6362 0.0412322755
6363 0.0412349365
6364 0.0412375974
6365 0.0412402584
6366 0.0412429194
6367 0.0412455804
6368 0.0412482414
6369 0.0412509024
6370 0.0412535634
6371 0.0412562244
6372 0.0412588854
6373 0.0412615464
6374 0.0412642073
6375 0.0412668683
6376 0.0412695293
6377 0.0412721903
6378 0.0412748513
6379 0.0412775123
6380 0.0412801733
6381 0.0412828343
6382 0.0412854953
6383 0.0412881563
6384 0.0412908172
6385 0.0412934782
6386 0.0412961392
6387 0.0412988002
6388 0.0413014612
6389 0.0413041222
6390 0.0413067832
6391 0.0413094442
6392 0.0413121052
6393 0.0413147662
6394 0.0413174272
6395 0.0413200881
6396 0.0413227491
6397 0.0413254101
6398 0.0413280711
6399 0.0413307321
6400 0.0413333931
6401 0.0413360541
6402 0.0413387151
6403 0.0413413761
6404 0.0413440371
6405 0.041346698
6406 0.041349359
6407 0.04135202
6408 0.041354681
6409 0.041357342
6410 0.041360003
6411 0.041362664
6412 0.041365325
6413 0.041367986
6414 0.041370647
6415 0.0413733079
6416 0.0413759689
6417 0.0413786299
6418 0.0413812909
6419 0.0413839519
6420 0.0413866129
6421 0.0413892739
6422 0.0413919349
6423 0.0413945959
6424 0.0413972569
6425 0.0413999178
6426 0.0414025788
6427 0.0414052398
6428 0.0414079008
6429 0.0414105618
6430 0.0414132228
6431 0.0414158838
6432 0.0414185448
6433 0.0414212058
6434 0.0414238668
6435 0.0414265277
6436 0.0414291887
6437 0.0414318497
6438 0.0414345107
6439 0.0414371717
6440 0.0414398327
6441 0.0414424937
6442 0.0414451547
6443 0.0414478157
6444 0.0414504767
6445 0.0414531376
6446 0.0414557986
6447 0.0414584596
6448 0.0414611206
6449 0.0414637816
6450 0.0414664426
6451 0.0414691036
6452 0.0414717646
6453 0.0414744256
6454 0.0414770866
6455 0.0414797476
6456 0.0414824085
6457 0.0414850695
6458 0.0414877305
6459 0.0414903915
6460 0.0414930525
6461 0.0414957135
6462 0.0414983745
6463 0.0415010355
6464 0.0415036965
6465 0.0415063575
6466 0.0415090184
6467 0.0415116794
6468 0.0415143404
6469 0.0415170014
6470 0.0415196624
6471 0.0415223234
6472 0.0415249844
6473 0.0415276454
6474 0.0415303064
6475 0.0415329674
6476 0.0415356283
6477 0.0415382893
6478 0.0415409503
6479 0.0415436113
6480 0.0415462723
6481 0.0415489333
6482 0.0415515943
6483 0.0415542553
6484 0.0415569163
6485 0.0415595773
6486 0.0415622382
6487 0.0415648992
6488 0.0415675602
6489 0.0415702212
6490 0.0415728822
6491 0.0415755432
6492 0.0415782042
6493 0.0415808652
6494 0.0415835262
6495 0.0415861872
6496 0.0415888481
6497 0.0415915091
6498 0.0415941701
6499 0.0415968311
6500 0.0415994921
6501 0.0416021531
6502 0.0416048141
6503 0.0416074751
6504 0.0416101361
6505 0.0416127971
6506 0.041615458
6507 0.041618119
6508 0.04162078
6509 0.041623441
6510 0.041626102
6511 0.041628763
6512 0.041631424
6513 0.041634085
6514 0.041636746
6515 0.041639407
6516 0.0416420679
6517 0.0416447289
6518 0.0416473899
6519 0.0416500509
6520 0.0416527119
6521 0.0416553729
6522 0.0416580339
6523 0.0416606949
6524 0.0416633559
6525 0.0416660169
6526 0.0416686779
6527 0.0416713388
6528 0.0416739998
6529 0.0416766608
6530 0.0416793218
6531 0.0416819828
6532 0.0416846438
6533 0.0416873048
6534 0.0416899658
6535 0.0416926268
6536 0.0416952878
6537 0.0416979487
6538 0.0417006097
6539 0.0417032707
6540 0.0417059317
6541 0.0417085927
6542 0.0417112537
6543 0.0417139147
6544 0.0417165757
6545 0.0417192367
6546 0.0417218977
6547 0.0417245586
6548 0.0417272196
6549 0.0417298806
6550 0.0417325416
6551 0.0417352026
6552 0.0417378636
6553 0.0417405246
6554 0.0417431856
6555 0.0417458466
6556 0.0417485076
6557 0.0417511685
6558 0.0417538295
6559 0.0417564905
6560 0.0417591515
6561 0.0417618125
6562 0.0417644735
6563 0.0417671345
6564 0.0417697955
6565 0.0417724565
6566 0.0417751175
6567 0.0417777784
6568 0.0417804394
6569 0.0417831004
6570 0.0417857614
6571 0.0417884224
6572 0.0417910834
6573 0.0417937444
6574 0.0417964054
6575 0.0417990664
6576 0.0418017274
6577 0.0418043883
6578 0.0418070493
6579 0.0418097103
6580 0.0418123713
6581 0.0418150323
6582 0.0418176933
6583 0.0418203543
6584 0.0418230153
6585 0.0418256763
6586 0.0418283373
6587 0.0418309983
6588 0.0418336592
6589 0.0418363202
6590 0.0418389812
6591 0.0418416422
6592 0.0418443032
6593 0.0418469642
6594 0.0418496252
6595 0.0418522862
6596 0.0418549472
6597 0.0418576082
6598 0.0418602691
6599 0.0418629301
6600 0.0418655911
6601 0.0418682521
6602 0.0418709131
6603 0.0418735741
6604 0.0418762351
6605 0.0418788961
6606 0.0418815571
6607 0.0418842181
6608 0.041886879
6609 0.04188954
6610 0.041892201
6611 0.041894862
6612 0.041897523
6613 0.041900184
6614 0.041902845
6615 0.041905506
6616 0.041908167
6617 0.041910828
6618 0.0419134889
6619 0.0419161499
6620 0.0419188109
6621 0.0419214719
6622 0.0419241329
6623 0.0419267939
6624 0.0419294549
6625 0.0419321159
6626 0.0419347769
6627 0.0419374379
6628 0.0419400988
6629 0.0419427598
6630 0.0419454208
6631 0.0419480818
6632 0.0419507428
6633 0.0419534038
6634 0.0419560648
6635 0.0419587258
6636 0.0419613868
6637 0.0419640478
6638 0.0419667087
6639 0.0419693697
6640 0.0419720307
6641 0.0419746917
6642 0.0419773527
6643 0.0419800137
6644 0.0419826747
6645 0.0419853357
6646 0.0419879967
6647 0.0419906577
6648 0.0419933186
6649 0.0419959796
6650 0.0419986406
6651 0.0420013016
6652 0.0420039626
6653 0.0420066236
6654 0.0420092846
6655 0.0420119456
6656 0.0420146066
6657 0.0420172676
6658 0.0420199286
6659 0.0420225895
6660 0.0420252505
6661 0.0420279115
6662 0.0420305725
6663 0.0420332335
6664 0.0420358945
6665 0.0420385555
6666 0.0420412165
6667 0.0420438775
6668 0.0420465385
6669 0.0420491994
6670 0.0420518604
6671 0.0420545214
6672 0.0420571824
6673 0.0420598434
6674 0.0420625044
6675 0.0420651654
6676 0.0420678264
6677 0.0420704874
6678 0.0420731484
6679 0.0420758093
6680 0.0420784703
6681 0.0420811313
6682 0.0420837923
6683 0.0420864533
6684 0.0420891143
6685 0.0420917753
6686 0.0420944363
6687 0.0420970973
6688 0.0420997583
6689 0.0421024192
6690 0.0421050802
6691 0.0421077412
6692 0.0421104022
6693 0.0421130632
6694 0.0421157242
6695 0.0421183852
6696 0.0421210462
6697 0.0421237072
6698 0.0421263682
6699 0.0421290291
6700 0.0421316901
6701 0.0421343511
6702 0.0421370121
6703 0.0421396731
6704 0.0421423341
6705 0.0421449951
6706 0.0421476561
6707 0.0421503171
6708 0.0421529781
6709 0.042155639
6710 0.0421583
6711 0.042160961
6712 0.042163622
6713 0.042166283
6714 0.042168944
6715 0.042171605
6716 0.042174266
6717 0.042176927
6718 0.042179588
6719 0.042182249
6720 0.0421849099
6721 0.0421875709
6722 0.0421902319
6723 0.0421928929
6724 0.0421955539
6725 0.0421982149
6726 0.0422008759
6727 0.0422035369
6728 0.0422061979
6729 0.0422088589
6730 0.0422115198
6731 0.0422141808
6732 0.0422168418
6733 0.0422195028
6734 0.0422221638
6735 0.0422248248
6736 0.0422274858
6737 0.0422301468
6738 0.0422328078
6739 0.0422354688
6740 0.0422381297
6741 0.0422407907
6742 0.0422434517
6743 0.0422461127
6744 0.0422487737
6745 0.0422514347
6746 0.0422540957
6747 0.0422567567
6748 0.0422594177
6749 0.0422620787
6750 0.0422647396
6751 0.0422674006
6752 0.0422700616
6753 0.0422727226
6754 0.0422753836
6755 0.0422780446
6756 0.0422807056
6757 0.0422833666
6758 0.0422860276
6759 0.0422886886
6760 0.0422913495
6761 0.0422940105
6762 0.0422966715
6763 0.0422993325
6764 0.0423019935
6765 0.0423046545
6766 0.0423073155
6767 0.0423099765
6768 0.0423126375
6769 0.0423152985
6770 0.0423179594
6771 0.0423206204
6772 0.0423232814
6773 0.0423259424
6774 0.0423286034
6775 0.0423312644
6776 0.0423339254
6777 0.0423365864
6778 0.0423392474
6779 0.0423419084
6780 0.0423445693
6781 0.0423472303
6782 0.0423498913
6783 0.0423525523
6784 0.0423552133
6785 0.0423578743
6786 0.0423605353
6787 0.0423631963
6788 0.0423658573
6789 0.0423685183
6790 0.0423711793
6791 0.0423738402
6792 0.0423765012
6793 0.0423791622
6794 0.0423818232
6795 0.0423844842
6796 0.0423871452
6797 0.0423898062
6798 0.0423924672
6799 0.0423951282
6800 0.0423977892
6801 0.0424004501
6802 0.0424031111
6803 0.0424057721
6804 0.0424084331
6805 0.0424110941
6806 0.0424137551
6807 0.0424164161
6808 0.0424190771
6809 0.0424217381
6810 0.0424243991
6811 0.04242706
6812 0.042429721
6813 0.042432382
6814 0.042435043
6815 0.042437704
6816 0.042440365
6817 0.042443026
6818 0.042445687
6819 0.042448348
6820 0.042451009
6821 0.0424536699
6822 0.0424563309
6823 0.0424589919
6824 0.0424616529
6825 0.0424643139
6826 0.0424669749
6827 0.0424696359
6828 0.0424722969
6829 0.0424749579
6830 0.0424776189
6831 0.0424802798
6832 0.0424829408
6833 0.0424856018
6834 0.0424882628
6835 0.0424909238
6836 0.0424935848
6837 0.0424962458
6838 0.0424989068
6839 0.0425015678
6840 0.0425042288
6841 0.0425068897
6842 0.0425095507
6843 0.0425122117
6844 0.0425148727
6845 0.0425175337
6846 0.0425201947
6847 0.0425228557
6848 0.0425255167
6849 0.0425281777
6850 0.0425308387
6851 0.0425334996
6852 0.0425361606
6853 0.0425388216
6854 0.0425414826
6855 0.0425441436
6856 0.0425468046
6857 0.0425494656
6858 0.0425521266
6859 0.0425547876
6860 0.0425574486
6861 0.0425601096
6862 0.0425627705
6863 0.0425654315
6864 0.0425680925
6865 0.0425707535
6866 0.0425734145
6867 0.0425760755
6868 0.0425787365
6869 0.0425813975
6870 0.0425840585
6871 0.0425867195
6872 0.0425893804
6873 0.0425920414
6874 0.0425947024
6875 0.0425973634
6876 0.0426000244
6877 0.0426026854
6878 0.0426053464
6879 0.0426080074
6880 0.0426106684
6881 0.0426133294
6882 0.0426159903
6883 0.0426186513
6884 0.0426213123
6885 0.0426239733
6886 0.0426266343
6887 0.0426292953
6888 0.0426319563
6889 0.0426346173
6890 0.0426372783
6891 0.0426399393
6892 0.0426426002
6893 0.0426452612
6894 0.0426479222
6895 0.0426505832
6896 0.0426532442
6897 0.0426559052
6898 0.0426585662
6899 0.0426612272
6900 0.0426638882
6901 0.0426665492
6902 0.0426692101
6903 0.0426718711
6904 0.0426745321
6905 0.0426771931
6906 0.0426798541
6907 0.0426825151
6908 0.0426851761
6909 0.0426878371
6910 0.0426904981
6911 0.0426931591
6912 0.04269582
6913 0.042698481
6914 0.042701142
6915 0.042703803
6916 0.042706464
6917 0.042709125
6918 0.042711786
6919 0.042714447
6920 0.042717108
6921 0.042719769
6922 0.04272243
6923 0.0427250909
6924 0.0427277519
6925 0.0427304129
6926 0.0427330739
6927 0.0427357349
6928 0.0427383959
6929 0.0427410569
6930 0.0427437179
6931 0.0427463789
6932 0.0427490399
6933 0.0427517008
6934 0.0427543618
6935 0.0427570228
6936 0.0427596838
6937 0.0427623448
6938 0.0427650058
6939 0.0427676668
6940 0.0427703278
6941 0.0427729888
6942 0.0427756498
6943 0.0427783107
6944 0.0427809717
6945 0.0427836327
6946 0.0427862937
6947 0.0427889547
6948 0.0427916157
6949 0.0427942767
6950 0.0427969377
6951 0.0427995987
6952 0.0428022597
6953 0.0428049206
6954 0.0428075816
6955 0.0428102426
6956 0.0428129036
6957 0.0428155646
6958 0.0428182256
6959 0.0428208866
6960 0.0428235476
6961 0.0428262086
6962 0.0428288696
6963 0.0428315305
6964 0.0428341915
6965 0.0428368525
6966 0.0428395135
6967 0.0428421745
6968 0.0428448355
6969 0.0428474965
6970 0.0428501575
6971 0.0428528185
6972 0.0428554795
6973 0.0428581404
6974 0.0428608014
6975 0.0428634624
6976 0.0428661234
6977 0.0428687844
6978 0.0428714454
6979 0.0428741064
6980 0.0428767674
6981 0.0428794284
6982 0.0428820894
6983 0.0428847503
6984 0.0428874113
6985 0.0428900723
6986 0.0428927333
6987 0.0428953943
6988 0.0428980553
6989 0.0429007163
6990 0.0429033773
6991 0.0429060383
6992 0.0429086993
6993 0.0429113603
6994 0.0429140212
6995 0.0429166822
6996 0.0429193432
6997 0.0429220042
6998 0.0429246652
6999 0.0429273262
7000 0.0429299872
7001 0.0429326482
7002 0.0429353092
7003 0.0429379702
7004 0.0429406311
7005 0.0429432921
7006 0.0429459531
7007 0.0429486141
7008 0.0429512751
7009 0.0429539361
7010 0.0429565971
7011 0.0429592581
7012 0.0429619191
7013 0.0429645801
7014 0.042967241
7015 0.042969902
7016 0.042972563
7017 0.042975224
7018 0.042977885
7019 0.042980546
7020 0.042983207
7021 0.042985868
7022 0.042988529
7023 0.04299119
7024 0.0429938509
7025 0.0429965119
7026 0.0429991729
7027 0.0430018339
7028 0.0430044949
7029 0.0430071559
7030 0.0430098169
7031 0.0430124779
7032 0.0430151389
7033 0.0430177999
7034 0.0430204608
7035 0.0430231218
7036 0.0430257828
7037 0.0430284438
7038 0.0430311048
7039 0.0430337658
7040 0.0430364268
7041 0.0430390878
7042 0.0430417488
7043 0.0430444098
7044 0.0430470707
7045 0.0430497317
7046 0.0430523927
7047 0.0430550537
7048 0.0430577147
7049 0.0430603757
7050 0.0430630367
7051 0.0430656977
7052 0.0430683587
7053 0.0430710197
7054 0.0430736807
7055 0.0430763416
7056 0.0430790026
7057 0.0430816636
7058 0.0430843246
7059 0.0430869856
7060 0.0430896466
7061 0.0430923076
7062 0.0430949686
7063 0.0430976296
7064 0.0431002906
7065 0.0431029515
7066 0.0431056125
7067 0.0431082735
7068 0.0431109345
7069 0.0431135955
7070 0.0431162565
7071 0.0431189175
7072 0.0431215785
7073 0.0431242395
7074 0.0431269005
7075 0.0431295614
7076 0.0431322224
7077 0.0431348834
7078 0.0431375444
7079 0.0431402054
7080 0.0431428664
7081 0.0431455274
7082 0.0431481884
7083 0.0431508494
7084 0.0431535104
7085 0.0431561713
7086 0.0431588323
7087 0.0431614933
7088 0.0431641543
7089 0.0431668153
7090 0.0431694763
7091 0.0431721373
7092 0.0431747983
7093 0.0431774593
7094 0.0431801203
7095 0.0431827812
7096 0.0431854422
7097 0.0431881032
7098 0.0431907642
7099 0.0431934252
7100 0.0431960862
7101 0.0431987472
7102 0.0432014082
7103 0.0432040692
7104 0.0432067302
7105 0.0432093911
7106 0.0432120521
7107 0.0432147131
7108 0.0432173741
7109 0.0432200351
7110 0.0432226961
7111 0.0432253571
7112 0.0432280181
7113 0.0432306791
7114 0.0432333401
7115 0.043236001
7116 0.043238662
7117 0.043241323
7118 0.043243984
7119 0.043246645
7120 0.043249306
7121 0.043251967
7122 0.043254628
7123 0.043257289
7124 0.04325995
7125 0.043262611
7126 0.0432652719
7127 0.0432679329
7128 0.0432705939
7129 0.0432732549
7130 0.0432759159
7131 0.0432785769
7132 0.0432812379
7133 0.0432838989
7134 0.0432865599
7135 0.0432892209
7136 0.0432918818
7137 0.0432945428
7138 0.0432972038
7139 0.0432998648
7140 0.0433025258
7141 0.0433051868
7142 0.0433078478
7143 0.0433105088
7144 0.0433131698
7145 0.0433158308
7146 0.0433184917
7147 0.0433211527
7148 0.0433238137
7149 0.0433264747
7150 0.0433291357
7151 0.0433317967
7152 0.0433344577
7153 0.0433371187
7154 0.0433397797
7155 0.0433424407
7156 0.0433451016
7157 0.0433477626
7158 0.0433504236
7159 0.0433530846
7160 0.0433557456
7161 0.0433584066
7162 0.0433610676
7163 0.0433637286
7164 0.0433663896
7165 0.0433690506
7166 0.0433717115
7167 0.0433743725
7168 0.0433770335
7169 0.0433796945
7170 0.0433823555
7171 0.0433850165
7172 0.0433876775
7173 0.0433903385
7174 0.0433929995
7175 0.0433956605
7176 0.0433983214
7177 0.0434009824
7178 0.0434036434
7179 0.0434063044
7180 0.0434089654
7181 0.0434116264
7182 0.0434142874
7183 0.0434169484
7184 0.0434196094
7185 0.0434222704
7186 0.0434249314
7187 0.0434275923
7188 0.0434302533
7189 0.0434329143
7190 0.0434355753
7191 0.0434382363
7192 0.0434408973
7193 0.0434435583
7194 0.0434462193
7195 0.0434488803
7196 0.0434515413
7197 0.0434542022
7198 0.0434568632
7199 0.0434595242
7200 0.0434621852
7201 0.0434648462
7202 0.0434675072
7203 0.0434701682
7204 0.0434728292
7205 0.0434754902
7206 0.0434781512
7207 0.0434808121
7208 0.0434834731
7209 0.0434861341
7210 0.0434887951
7211 0.0434914561
7212 0.0434941171
7213 0.0434967781
7214 0.0434994391
7215 0.0435021001
7216 0.0435047611
7217 0.043507422
7218 0.043510083
7219 0.043512744
7220 0.043515405
7221 0.043518066
7222 0.043520727
7223 0.043523388
7224 0.043526049
7225 0.04352871
7226 0.043531371
7227 0.0435340319
7228 0.0435366929
7229 0.0435393539
7230 0.0435420149
7231 0.0435446759
7232 0.0435473369
7233 0.0435499979
7234 0.0435526589
7235 0.0435553199
7236 0.0435579809
7237 0.0435606418
7238 0.0435633028
7239 0.0435659638
7240 0.0435686248
7241 0.0435712858
7242 0.0435739468
7243 0.0435766078
7244 0.0435792688
7245 0.0435819298
7246 0.0435845908
7247 0.0435872517
7248 0.0435899127
7249 0.0435925737
7250 0.0435952347
7251 0.0435978957
7252 0.0436005567
7253 0.0436032177
7254 0.0436058787
7255 0.0436085397
7256 0.0436112007
7257 0.0436138617
7258 0.0436165226
7259 0.0436191836
7260 0.0436218446
7261 0.0436245056
7262 0.0436271666
7263 0.0436298276
7264 0.0436324886
7265 0.0436351496
7266 0.0436378106
7267 0.0436404716
7268 0.0436431325
7269 0.0436457935
7270 0.0436484545
7271 0.0436511155
7272 0.0436537765
7273 0.0436564375
7274 0.0436590985
7275 0.0436617595
7276 0.0436644205
7277 0.0436670815
7278 0.0436697424
7279 0.0436724034
7280 0.0436750644
7281 0.0436777254
7282 0.0436803864
7283 0.0436830474
7284 0.0436857084
7285 0.0436883694
7286 0.0436910304
7287 0.0436936914
7288 0.0436963523
7289 0.0436990133
7290 0.0437016743
7291 0.0437043353
7292 0.0437069963
7293 0.0437096573
7294 0.0437123183
7295 0.0437149793
7296 0.0437176403
7297 0.0437203013
7298 0.0437229622
7299 0.0437256232
7300 0.0437282842
7301 0.0437309452
7302 0.0437336062
7303 0.0437362672
7304 0.0437389282
7305 0.0437415892
7306 0.0437442502
7307 0.0437469112
7308 0.0437495721
7309 0.0437522331
7310 0.0437548941
7311 0.0437575551
7312 0.0437595655
7313 0.0437615759
7314 0.0437635862
7315 0.0437655966
7316 0.043767607
7317 0.0437696173
7318 0.0437716277
7319 0.0437736381
7320 0.0437756484
7321 0.0437776588
7322 0.0437796692
7323 0.0437816795
7324 0.0437836899
7325 0.0437857003
7326 0.0437877106
7327 0.043789721
7328 0.0437917314
7329 0.0437937417
7330 0.0437957521
7331 0.0437977625
7332 0.0437997728
7333 0.0438017832
7334 0.0438037936
7335 0.0438058039
7336 0.0438078143
7337 0.0438098247
7338 0.043811835
7339 0.0438138454
7340 0.0438158558
7341 0.0438178661
7342 0.0438198765
7343 0.0438218869
7344 0.0438238973
7345 0.0438259076
7346 0.043827918
7347 0.0438299284
7348 0.0438319387
7349 0.0438339491
7350 0.0438359595
7351 0.0438379698
7352 0.0438399802
7353 0.0438419906
7354 0.0438440009
7355 0.0438460113
7356 0.0438480217
7357 0.043850032
7358 0.0438520424
7359 0.0438540528
7360 0.0438560631
7361 0.0438580735
7362 0.0438600839
7363 0.0438620942
7364 0.0438641046
7365 0.043866115
7366 0.0438681253
7367 0.0438701357
7368 0.0438721461
7369 0.0438741564
7370 0.0438761668
7371 0.0438781772
7372 0.0438801875
7373 0.0438821979
7374 0.0438842083
7375 0.0438862186
7376 0.043888229
7377 0.0438902394
7378 0.0438922497
7379 0.0438942601
7380 0.0438962705
7381 0.0438982809
7382 0.0439002912
7383 0.0439023016
7384 0.043904312
7385 0.0439063223
7386 0.0439083327
7387 0.0439103431
7388 0.0439123534
7389 0.0439143638
7390 0.0439163742
7391 0.0439183845
7392 0.0439203949
7393 0.0439224053
7394 0.0439244156
7395 0.043926426
7396 0.0439284364
7397 0.0439304467
7398 0.0439324571
7399 0.0439344675
7400 0.0439364778
7401 0.0439384882
7402 0.0439404986
7403 0.0439425089
7404 0.0439445193
7405 0.0439465297
7406 0.04394854
7407 0.0439505504
7408 0.0439525608
7409 0.0439545711
7410 0.0439565815
7411 0.0439585919
7412 0.0439606022
7413 0.0439626126
7414 0.043964623
7415 0.0439666334
7416 0.0439686437
7417 0.0439706541
7418 0.0439726645
7419 0.0439746748
7420 0.0439766852
7421 0.0439786956
7422 0.0439807059
7423 0.0439827163
7424 0.0439847267
7425 0.043986737
7426 0.0439887474
7427 0.0439907578
7428 0.0439927681
7429 0.0439947785
7430 0.0439967889
7431 0.0439987992
7432 0.0440008096
7433 0.04400282
7434 0.0440048303
7435 0.0440068407
7436 0.0440088511
7437 0.0440108614
7438 0.0440128718
7439 0.0440148822
7440 0.0440168925
7441 0.0440189029
7442 0.0440209133
7443 0.0440229236
7444 0.044024934
7445 0.0440269444
7446 0.0440289547
7447 0.0440309651
7448 0.0440329755
7449 0.0440349859
7450 0.0440369962
7451 0.0440390066
7452 0.044041017
7453 0.0440430273
7454 0.0440450377
7455 0.0440470481
7456 0.0440490584
7457 0.0440510688
7458 0.0440530792
7459 0.0440550895
7460 0.0440570999
7461 0.0440591103
7462 0.0440611206
7463 0.044063131
7464 0.0440651414
7465 0.0440671517
7466 0.0440691621
7467 0.0440711725
7468 0.0440731828
7469 0.0440751932
7470 0.0440772036
7471 0.0440792139
7472 0.0440812243
7473 0.0440832347
7474 0.044085245
7475 0.0440872554
7476 0.0440892658
7477 0.0440912761
7478 0.0440932865
7479 0.0440952969
7480 0.0440973072
7481 0.0440993176
7482 0.044101328
7483 0.0441033384
7484 0.0441053487
7485 0.0441073591
7486 0.0441093695
7487 0.0441113798
7488 0.0441133902
7489 0.0441154006
7490 0.0441174109
7491 0.0441194213
7492 0.0441214317
7493 0.044123442
7494 0.0441254524
7495 0.0441274628
7496 0.0441294731
7497 0.0441314835
7498 0.0441334939
7499 0.0441355042
7500 0.0441375146
7501 0.044139525
7502 0.0441415353
7503 0.0441435457
7504 0.0441455561
7505 0.0441475664
7506 0.0441495768
7507 0.0441515872
7508 0.0441535975
7509 0.0441556079
7510 0.0441576183
7511 0.0441596286
7512 0.044161639
7513 0.0441636494
7514 0.0441656597
7515 0.0441676701
7516 0.0441696805
7517 0.0441716908
7518 0.0441737012
7519 0.0441757116
7520 0.044177722
7521 0.0441797323
7522 0.0441817427
7523 0.0441837531
7524 0.0441857634
7525 0.0441877738
7526 0.0441897842
7527 0.0441917945
7528 0.0441938049
7529 0.0441958153
7530 0.0441978256
7531 0.044199836
7532 0.0442018464
7533 0.0442038567
7534 0.0442058671
7535 0.0442078775
7536 0.0442098878
7537 0.0442118982
7538 0.0442139086
7539 0.0442159189
7540 0.0442179293
7541 0.0442199397
7542 0.04422195
7543 0.0442239604
7544 0.0442259708
7545 0.0442279811
7546 0.0442299915
7547 0.0442320019
7548 0.0442340122
7549 0.0442360226
7550 0.044238033
7551 0.0442400433
7552 0.0442420537
7553 0.0442440641
7554 0.0442460745
7555 0.0442480848
7556 0.0442500952
7557 0.0442521056
7558 0.0442541159
7559 0.0442561263
7560 0.0442581367
7561 0.044260147
7562 0.0442621574
7563 0.0442641678
7564 0.0442661781
7565 0.0442681885
7566 0.0442701989
7567 0.0442722092
7568 0.0442742196
7569 0.04427623
7570 0.0442782403
7571 0.0442802507
7572 0.0442822611
7573 0.0442842714
7574 0.0442862818
7575 0.0442882922
7576 0.0442903025
7577 0.0442923129
7578 0.0442943233
7579 0.0442963336
7580 0.044298344
7581 0.0443003544
7582 0.0443023647
7583 0.0443043751
7584 0.0443063855
7585 0.0443083958
7586 0.0443104062
7587 0.0443124166
7588 0.044314427
7589 0.0443164373
7590 0.0443184477
7591 0.0443204581
7592 0.0443224684
7593 0.0443244788
7594 0.0443264892
7595 0.0443284995
7596 0.0443305099
7597 0.0443325203
7598 0.0443345306
7599 0.044336541
7600 0.0443385514
7601 0.0443405617
7602 0.0443425721
7603 0.0443445825
7604 0.0443465928
7605 0.0443486032
7606 0.0443506136
7607 0.0443526239
7608 0.0443546343
7609 0.0443566447
7610 0.044358655
7611 0.0443606654
7612 0.0443626758
7613 0.0443646861
7614 0.0443666965
7615 0.0443687069
7616 0.0443707172
7617 0.0443727276
7618 0.044374738
7619 0.0443767483
7620 0.0443787587
7621 0.0443807691
7622 0.0443827795
7623 0.0443847898
7624 0.0443868002
7625 0.0443888106
7626 0.0443908209
7627 0.0443928313
7628 0.0443948417
7629 0.044396852
7630 0.0443988624
7631 0.0444008728
7632 0.0444028831
7633 0.0444048935
7634 0.0444069039
7635 0.0444089142
7636 0.0444109246
7637 0.044412935
7638 0.0444149453
7639 0.0444169557
7640 0.0444189661
7641 0.0444209764
7642 0.0444229868
7643 0.0444249972
7644 0.0444270075
7645 0.0444290179
7646 0.0444310283
7647 0.0444330386
7648 0.044435049
7649 0.0444370594
7650 0.0444390697
7651 0.0444410801
7652 0.0444430905
7653 0.0444451008
7654 0.0444471112
7655 0.0444491216
7656 0.0444511319
7657 0.0444531423
7658 0.0444551527
7659 0.0444571631
7660 0.0444591734
7661 0.0444611838
7662 0.0444631942
7663 0.0444652045
7664 0.0444672149
7665 0.0444692253
7666 0.0444712356
7667 0.044473246
7668 0.0444752564
7669 0.0444772667
7670 0.0444792771
7671 0.0444812875
7672 0.0444832978
7673 0.0444853082
7674 0.0444873186
7675 0.0444893289
7676 0.0444913393
7677 0.0444933497
7678 0.04449536
7679 0.0444973704
7680 0.0444993808
7681 0.0445013911
7682 0.0445034015
7683 0.0445054119
7684 0.0445074222
7685 0.0445094326
7686 0.044511443
7687 0.0445134533
7688 0.0445154637
7689 0.0445174741
7690 0.0445194844
7691 0.0445214948
7692 0.0445235052
7693 0.0445255156
7694 0.0445275259
7695 0.0445295363
7696 0.0445315467
7697 0.044533557
7698 0.0445355674
7699 0.0445375778
7700 0.0445395881
7701 0.0445415985
7702 0.0445436089
7703 0.0445456192
7704 0.0445476296
7705 0.04454964
7706 0.0445516503
7707 0.0445536607
7708 0.0445556711
7709 0.0445576814
7710 0.0445596918
7711 0.0445617022
7712 0.0445637125
7713 0.0445657229
7714 0.0445677333
7715 0.0445697436
7716 0.044571754
7717 0.0445737644
7718 0.0445757747
7719 0.0445777851
7720 0.0445797955
7721 0.0445818058
7722 0.0445838162
7723 0.0445858266
7724 0.0445878369
7725 0.0445898473
7726 0.0445918577
7727 0.0445938681
7728 0.0445958784
7729 0.0445978888
7730 0.0445998992
7731 0.0446019095
7732 0.0446039199
7733 0.0446059303
7734 0.0446079406
7735 0.044609951
7736 0.0446119614
7737 0.0446139717
7738 0.0446159821
7739 0.0446179925
7740 0.0446200028
7741 0.0446220132
7742 0.0446240236
7743 0.0446260339
7744 0.0446280443
7745 0.0446300547
7746 0.044632065
7747 0.0446340754
7748 0.0446360858
7749 0.0446380961
7750 0.0446401065
7751 0.0446421169
7752 0.0446441272
7753 0.0446461376
7754 0.044648148
7755 0.0446501583
7756 0.0446521687
7757 0.0446541791
7758 0.0446561894
7759 0.0446581998
7760 0.0446602102
7761 0.0446622206
7762 0.0446642309
7763 0.0446662413
7764 0.0446682517
7765 0.044670262
7766 0.0446722724
7767 0.0446742828
7768 0.0446762931
7769 0.0446783035
7770 0.0446803139
7771 0.0446823242
7772 0.0446843346
7773 0.044686345
7774 0.0446883553
7775 0.0446903657
7776 0.0446923761
7777 0.0446943864
7778 0.0446963968
7779 0.0446984072
7780 0.0447004175
7781 0.0447024279
7782 0.0447044383
7783 0.0447064486
7784 0.044708459
7785 0.0447104694
7786 0.0447124797
7787 0.0447144901
7788 0.0447165005
7789 0.0447185108
7790 0.0447205212
7791 0.0447225316
7792 0.0447245419
7793 0.0447265523
7794 0.0447285627
7795 0.044730573
7796 0.0447325834
7797 0.0447345938
7798 0.0447366042
7799 0.0447386145
7800 0.0447406249
7801 0.0447426353
7802 0.0447446456
7803 0.044746656
7804 0.0447486664
7805 0.0447506767
7806 0.0447526871
7807 0.0447546975
7808 0.0447567078
7809 0.0447587182
7810 0.0447607286
7811 0.0447627389
7812 0.0447647493
7813 0.0447667597
7814 0.04476877
7815 0.0447707804
7816 0.0447727908
7817 0.0447748011
7818 0.0447768115
7819 0.0447788219
7820 0.0447808322
7821 0.0447828426
7822 0.044784853
7823 0.0447868633
7824 0.0447888737
7825 0.0447908841
7826 0.0447928944
7827 0.0447949048
7828 0.0447969152
7829 0.0447989255
7830 0.0448009359
7831 0.0448029463
7832 0.0448049567
7833 0.044806967
7834 0.0448089774
7835 0.0448109878
7836 0.0448129981
7837 0.0448150085
7838 0.0448170189
7839 0.0448190292
7840 0.0448210396
7841 0.04482305
7842 0.0448250603
7843 0.0448270707
7844 0.0448290811
7845 0.0448310914
7846 0.0448331018
7847 0.0448351122
7848 0.0448371225
7849 0.0448391329
7850 0.0448411433
7851 0.0448431536
7852 0.044845164
7853 0.0448471744
7854 0.0448491847
7855 0.0448511951
7856 0.0448532055
7857 0.0448552158
7858 0.0448572262
7859 0.0448592366
7860 0.0448612469
7861 0.0448632573
7862 0.0448652677
7863 0.044867278
7864 0.0448692884
7865 0.0448712988
7866 0.0448733092
7867 0.0448753195
7868 0.0448773299
7869 0.0448793403
7870 0.0448813506
7871 0.044883361
7872 0.0448853714
7873 0.0448873817
7874 0.0448893921
7875 0.0448914025
7876 0.0448934128
7877 0.0448954232
7878 0.0448974336
7879 0.0448994439
7880 0.0449014543
7881 0.0449034647
7882 0.044905475
7883 0.0449074854
7884 0.0449094958
7885 0.0449115061
7886 0.0449135165
7887 0.0449155269
7888 0.0449175372
7889 0.0449195476
7890 0.044921558
7891 0.0449235683
7892 0.0449255787
7893 0.0449275891
7894 0.0449295994
7895 0.0449316098
7896 0.0449336202
7897 0.0449356305
7898 0.0449376409
7899 0.0449396513
7900 0.0449416617
7901 0.044943672
7902 0.0449456824
7903 0.0449476928
7904 0.0449497031
7905 0.0449517135
7906 0.0449537239
7907 0.0449557342
7908 0.0449577446
7909 0.044959755
7910 0.0449617653
7911 0.0449637757
7912 0.0449657861
7913 0.0449677964
7914 0.0449698068
7915 0.0449718172
7916 0.0449738275
7917 0.0449758379
7918 0.0449778483
7919 0.0449798586
7920 0.044981869
7921 0.0449838794
7922 0.0449858897
7923 0.0449879001
7924 0.0449899105
7925 0.0449919208
7926 0.0449939312
7927 0.0449959416
7928 0.0449979519
7929 0.0449999623
7930 0.0450019727
7931 0.045003983
7932 0.0450059934
7933 0.0450080038
7934 0.0450100141
7935 0.0450120245
7936 0.0450140349
7937 0.0450160453
7938 0.0450180556
7939 0.045020066
7940 0.0450220764
7941 0.0450240867
7942 0.0450260971
7943 0.0450281075
7944 0.0450301178
7945 0.0450321282
7946 0.0450341386
7947 0.0450361489
7948 0.0450381593
7949 0.0450401697
7950 0.04504218
7951 0.0450441904
7952 0.0450462008
7953 0.0450482111
7954 0.0450502215
7955 0.0450522319
7956 0.0450542422
7957 0.0450562526
7958 0.045058263
7959 0.0450602733
7960 0.0450622837
7961 0.0450642941
7962 0.0450663044
7963 0.0450683148
7964 0.0450703252
7965 0.0450723355
7966 0.0450743459
7967 0.0450763563
7968 0.0450783666
7969 0.045080377
7970 0.0450823874
7971 0.0450843978
7972 0.0450864081
7973 0.0450884185
7974 0.0450904289
7975 0.0450924392
7976 0.0450944496
7977 0.04509646
7978 0.0450984703
7979 0.0451004807
7980 0.0451024911
7981 0.0451045014
7982 0.0451065118
7983 0.0451085222
7984 0.0451105325
7985 0.0451125429
7986 0.0451145533
7987 0.0451165636
7988 0.045118574
7989 0.0451205844
7990 0.0451225947
7991 0.0451246051
7992 0.0451266155
7993 0.0451286258
7994 0.0451306362
7995 0.0451326466
7996 0.0451346569
7997 0.0451366673
7998 0.0451386777
7999 0.045140688
8000 0.0451426984
8001 0.0451447088
8002 0.0451467191
8003 0.0451487295
8004 0.0451507399
8005 0.0451527503
8006 0.0451547606
8007 0.045156771
8008 0.0451587814
8009 0.0451607917
8010 0.0451628021
8011 0.0451648125
8012 0.0451668228
8013 0.0451688332
8014 0.0451708436
8015 0.0451728539
8016 0.0451748643
8017 0.0451768747
8018 0.045178885
8019 0.0451808954
8020 0.0451829058
8021 0.0451849161
8022 0.0451869265
8023 0.0451889369
8024 0.0451909472
8025 0.0451929576
8026 0.045194968
8027 0.0451969783
8028 0.0451989887
8029 0.0452009991
8030 0.0452030094
8031 0.0452050198
8032 0.0452070302
8033 0.0452090405
8034 0.0452110509
8035 0.0452130613
8036 0.0452150716
8037 0.045217082
8038 0.0452190924
8039 0.0452211028
8040 0.0452231131
8041 0.0452251235
8042 0.0452271339
8043 0.0452291442
8044 0.0452311546
8045 0.045233165
8046 0.0452351753
8047 0.0452371857
8048 0.0452391961
8049 0.0452412064
8050 0.0452432168
8051 0.0452452272
8052 0.0452472375
8053 0.0452492479
8054 0.0452512583
8055 0.0452532686
8056 0.045255279
8057 0.0452572894
8058 0.0452592997
8059 0.0452613101
8060 0.0452633205
8061 0.0452653308
8062 0.0452673412
8063 0.0452693516
8064 0.0452713619
8065 0.0452733723
8066 0.0452753827
8067 0.045277393
8068 0.0452794034
8069 0.0452814138
8070 0.0452834241
8071 0.0452854345
8072 0.0452874449
8073 0.0452894553
8074 0.0452914656
8075 0.045293476
8076 0.0452954864
8077 0.0452974967
8078 0.0452995071
8079 0.0453015175
8080 0.0453035278
8081 0.0453055382
8082 0.0453075486
8083 0.0453095589
8084 0.0453115693
8085 0.0453135797
8086 0.04531559
8087 0.0453176004
8088 0.0453196108
8089 0.0453216211
8090 0.0453236315
8091 0.0453256419
8092 0.0453276522
8093 0.0453296626
8094 0.045331673
8095 0.0453336833
8096 0.0453356937
8097 0.0453377041
8098 0.0453397144
8099 0.0453417248
8100 0.0453437352
8101 0.0453457455
8102 0.0453477559
8103 0.0453497663
8104 0.0453517766
8105 0.045353787
8106 0.0453557974
8107 0.0453578077
8108 0.0453598181
8109 0.0453618285
8110 0.0453638389
8111 0.0453658492
8112 0.0453678596
8113 0.04536987
8114 0.0453718803
8115 0.0453738907
8116 0.0453759011
8117 0.0453779114
8118 0.0453799218
8119 0.0453819322
8120 0.0453839425
8121 0.0453859529
8122 0.0453879633
8123 0.0453899736
8124 0.045391984
8125 0.0453939944
8126 0.0453960047
8127 0.0453980151
8128 0.0454000255
8129 0.0454020358
8130 0.0454040462
8131 0.0454060566
8132 0.0454080669
8133 0.0454100773
8134 0.0454120877
8135 0.045414098
8136 0.0454161084
8137 0.0454181188
8138 0.0454201291
8139 0.0454221395
8140 0.0454241499
8141 0.0454261602
8142 0.0454281706
8143 0.045430181
8144 0.0454321914
8145 0.0454342017
8146 0.0454362121
8147 0.0454382225
8148 0.0454402328
8149 0.0454422432
8150 0.0454442536
8151 0.0454462639
8152 0.0454482743
8153 0.0454502847
8154 0.045452295
8155 0.0454543054
8156 0.0454563158
8157 0.0454583261
8158 0.0454603365
8159 0.0454623469
8160 0.0454643572
8161 0.0454663676
8162 0.045468378
8163 0.0454703883
8164 0.0454723987
8165 0.0454744091
8166 0.0454764194
8167 0.0454784298
8168 0.0454804402
8169 0.0454824505
8170 0.0454844609
8171 0.0454864713
8172 0.0454884816
8173 0.045490492
8174 0.0454925024
8175 0.0454945127
8176 0.0454965231
8177 0.0454985335
8178 0.0455005439
8179 0.0455025542
8180 0.0455045646
8181 0.045506575
8182 0.0455085853
8183 0.0455105957
8184 0.0455126061
8185 0.0455146164
8186 0.0455166268
8187 0.0455186372
8188 0.0455206475
8189 0.0455226579
8190 0.0455246683
8191 0.0455266786
8192 0.045528689
8193 0.0455306994
8194 0.0455327097
8195 0.0455347201
8196 0.0455367305
8197 0.0455387408
8198 0.0455407512
8199 0.0455427616
8200 0.0455447719
8201 0.0455467823
8202 0.0455487927
8203 0.045550803
8204 0.0455528134
8205 0.0455548238
8206 0.0455568341
8207 0.0455588445
8208 0.0455608549
8209 0.0455628652
8210 0.0455648756
8211 0.045566886
8212 0.0455688964
8213 0.0455709067
8214 0.0455729171
8215 0.0455749275
8216 0.0455769378
8217 0.0455789482
8218 0.0455809586
8219 0.0455829689
8220 0.0455849793
8221 0.0455869897
8222 0.045589
8223 0.0455910104
8224 0.0455930208
8225 0.0455950311
8226 0.0455970415
8227 0.0455990519
8228 0.0456010622
8229 0.0456030726
8230 0.045605083
8231 0.0456070933
8232 0.0456091037
8233 0.0456111141
8234 0.0456131244
8235 0.0456151348
8236 0.0456171452
8237 0.0456191555
8238 0.0456211659
8239 0.0456231763
8240 0.0456251866
8241 0.045627197
8242 0.0456292074
8243 0.0456312177
8244 0.0456332281
8245 0.0456352385
8246 0.0456372488
8247 0.0456392592
8248 0.0456412696
8249 0.04564328
8250 0.0456452903
8251 0.0456473007
8252 0.0456493111
8253 0.0456513214
8254 0.0456533318
8255 0.0456553422
8256 0.0456573525
8257 0.0456593629
8258 0.0456613733
8259 0.0456633836
8260 0.045665394
8261 0.0456674044
8262 0.0456694147
8263 0.0456714251
8264 0.0456734355
8265 0.0456754458
8266 0.0456774562
8267 0.0456794666
8268 0.0456814769
8269 0.0456834873
8270 0.0456854977
8271 0.045687508
8272 0.0456895184
8273 0.0456915288
8274 0.0456935391
8275 0.0456955495
8276 0.0456975599
8277 0.0456995702
8278 0.0457015806
8279 0.045703591
8280 0.0457056013
8281 0.0457076117
8282 0.0457096221
8283 0.0457116325
8284 0.0457136428
8285 0.0457156532
8286 0.0457176636
8287 0.0457196739
8288 0.0457216843
8289 0.0457236947
8290 0.045725705
8291 0.0457277154
8292 0.0457297258
8293 0.0457317361
8294 0.0457337465
8295 0.0457357569
8296 0.0457377672
8297 0.0457397776
8298 0.045741788
8299 0.0457437983
8300 0.0457458087
8301 0.0457478191
8302 0.0457498294
8303 0.0457518398
8304 0.0457538502
8305 0.0457558605
8306 0.0457578709
8307 0.0457598813
8308 0.0457618916
8309 0.045763902
8310 0.0457659124
8311 0.0457679227
8312 0.0457699331
8313 0.0457719435
8314 0.0457739538
8315 0.0457759642
8316 0.0457779746
8317 0.045779985
8318 0.0457819953
8319 0.0457840057
8320 0.0457860161
8321 0.0457880264
8322 0.0457900368
8323 0.0457920472
8324 0.0457940575
8325 0.0457960679
8326 0.0457980783
8327 0.0458000886
8328 0.045802099
8329 0.0458041094
8330 0.0458061197
8331 0.0458081301
8332 0.0458101405
8333 0.0458121508
8334 0.0458141612
8335 0.0458161716
8336 0.0458181819
8337 0.0458201923
8338 0.0458222027
8339 0.045824213
8340 0.0458262234
8341 0.0458282338
8342 0.0458302441
8343 0.0458322545
8344 0.0458342649
8345 0.0458362752
8346 0.0458382856
8347 0.045840296
8348 0.0458423063
8349 0.0458443167
8350 0.0458463271
8351 0.0458483375
8352 0.0458503478
8353 0.0458523582
8354 0.0458543686
8355 0.0458563789
8356 0.0458583893
8357 0.0458603997
8358 0.04586241
8359 0.0458644204
8360 0.0458664308
8361 0.0458684411
8362 0.0458704515
8363 0.0458724619
8364 0.0458744722
8365 0.0458764826
8366 0.045878493
8367 0.0458805033
8368 0.0458825137
8369 0.0458845241
8370 0.0458865344
8371 0.0458885448
8372 0.0458905552
8373 0.0458925655
8374 0.0458945759
8375 0.0458965863
8376 0.0458985966
8377 0.045900607
8378 0.0459026174
8379 0.0459046277
8380 0.0459066381
8381 0.0459086485
8382 0.0459106588
8383 0.0459126692
8384 0.0459146796
8385 0.0459166899
8386 0.0459187003
8387 0.0459207107
8388 0.0459227211
8389 0.0459247314
8390 0.0459267418
8391 0.0459287522
8392 0.0459307625
8393 0.0459327729
8394 0.0459347833
8395 0.0459367936
8396 0.045938804
8397 0.0459408144
8398 0.0459428247
8399 0.0459448351
8400 0.0459468455
8401 0.0459488558
8402 0.0459508662
8403 0.0459528766
8404 0.0459548869
8405 0.0459568973
8406 0.0459589077
8407 0.045960918
8408 0.0459629284
8409 0.0459649388
8410 0.0459669491
8411 0.0459689595
8412 0.0459709699
8413 0.0459729802
8414 0.0459749906
8415 0.045977001
8416 0.0459790113
8417 0.0459810217
8418 0.0459830321
8419 0.0459850424
8420 0.0459870528
8421 0.0459890632
8422 0.0459910736
8423 0.0459930839
8424 0.0459950943
8425 0.0459971047
8426 0.045999115
8427 0.0460011254
8428 0.0460031358
8429 0.0460051461
8430 0.0460071565
8431 0.0460091669
8432 0.0460111772
8433 0.0460131876
8434 0.046015198
8435 0.0460172083
8436 0.0460192187
8437 0.0460212291
8438 0.0460232394
8439 0.0460252498
8440 0.0460272602
8441 0.0460292705
8442 0.0460312809
8443 0.0460332913
8444 0.0460353016
8445 0.046037312
8446 0.0460393224
8447 0.0460413327
8448 0.0460433431
8449 0.0460453535
8450 0.0460473638
8451 0.0460493742
8452 0.0460513846
8453 0.0460533949
8454 0.0460554053
8455 0.0460574157
8456 0.0460594261
8457 0.0460614364
8458 0.0460634468
8459 0.0460654572
8460 0.0460674675
8461 0.0460694779
8462 0.0460714883
8463 0.0460734986
8464 0.046075509
8465 0.0460775194
8466 0.0460795297
8467 0.0460815401
8468 0.0460835505
8469 0.0460855608
8470 0.0460875712
8471 0.0460895816
8472 0.0460915919
8473 0.0460936023
8474 0.0460956127
8475 0.046097623
8476 0.0460996334
8477 0.0461016438
8478 0.0461036541
8479 0.0461056645
8480 0.0461076749
8481 0.0461096852
8482 0.0461116956
8483 0.046113706
8484 0.0461157163
8485 0.0461177267
8486 0.0461197371
8487 0.0461217474
8488 0.0461237578
8489 0.0461257682
8490 0.0461277786
8491 0.0461297889
8492 0.0461317993
8493 0.0461338097
8494 0.04613582
8495 0.0461378304
8496 0.0461398408
8497 0.0461418511
8498 0.0461438615
8499 0.0461458719
8500 0.0461478822
8501 0.0461498926
8502 0.046151903
8503 0.0461539133
8504 0.0461559237
8505 0.0461579341
8506 0.0461599444
8507 0.0461619548
8508 0.0461639652
8509 0.0461659755
8510 0.0461679859
8511 0.0461699963
8512 0.0461720066
8513 0.046174017
8514 0.0461760274
8515 0.0461780377
8516 0.0461800481
8517 0.0461820585
8518 0.0461840688
8519 0.0461860792
8520 0.0461880896
8521 0.0461900999
8522 0.0461921103
8523 0.0461941207
8524 0.046196131
8525 0.0461981414
8526 0.0462001518
8527 0.0462021622
8528 0.0462041725
8529 0.0462061829
8530 0.0462081933
8531 0.0462102036
8532 0.046212214
8533 0.0462142244
8534 0.0462162347
8535 0.0462182451
8536 0.0462202555
8537 0.0462222658
8538 0.0462242762
8539 0.0462262866
8540 0.0462282969
8541 0.0462303073
8542 0.0462323177
8543 0.046234328
8544 0.0462363384
8545 0.0462383488
8546 0.0462403591
8547 0.0462423695
8548 0.0462443799
8549 0.0462463902
8550 0.0462484006
8551 0.046250411
8552 0.0462524213
8553 0.0462544317
8554 0.0462564421
8555 0.0462584524
8556 0.0462604628
8557 0.0462624732
8558 0.0462644835
8559 0.0462664939
8560 0.0462685043
8561 0.0462705147
8562 0.046272525
8563 0.0462745354
8564 0.0462765458
8565 0.0462785561
8566 0.0462805665
8567 0.0462825769
8568 0.0462845872
8569 0.0462865976
8570 0.046288608
8571 0.0462906183
8572 0.0462926287
8573 0.0462946391
8574 0.0462966494
8575 0.0462986598
8576 0.0463006702
8577 0.0463026805
8578 0.0463046909
8579 0.0463067013
8580 0.0463087116
8581 0.046310722
8582 0.0463127324
8583 0.0463147427
8584 0.0463167531
8585 0.0463187635
8586 0.0463207738
8587 0.0463227842
8588 0.0463247946
8589 0.0463268049
8590 0.0463288153
8591 0.0463308257
8592 0.046332836
8593 0.0463348464
8594 0.0463368568
8595 0.0463388672
8596 0.0463408775
8597 0.0463428879
8598 0.0463448983
8599 0.0463469086
8600 0.046348919
8601 0.0463509294
8602 0.0463529397
8603 0.0463549501
8604 0.0463569605
8605 0.0463589708
8606 0.0463609812
8607 0.0463629916
8608 0.0463650019
8609 0.0463670123
8610 0.0463690227
8611 0.046371033
8612 0.0463730434
8613 0.0463750538
8614 0.0463770641
8615 0.0463790745
8616 0.0463810849
8617 0.0463830952
8618 0.0463851056
8619 0.046387116
8620 0.0463891263
8621 0.0463911367
8622 0.0463931471
8623 0.0463951574
8624 0.0463971678
8625 0.0463991782
8626 0.0464011885
8627 0.0464031989
8628 0.0464052093
8629 0.0464072197
8630 0.04640923
8631 0.0464112404
8632 0.0464132508
8633 0.0464152611
8634 0.0464172715
8635 0.0464192819
8636 0.0464212922
8637 0.0464233026
8638 0.046425313
8639 0.0464273233
8640 0.0464293337
8641 0.0464313441
8642 0.0464333544
8643 0.0464353648
8644 0.0464373752
8645 0.0464393855
8646 0.0464413959
8647 0.0464434063
8648 0.0464454166
8649 0.046447427
8650 0.0464494374
8651 0.0464514477
8652 0.0464534581
8653 0.0464554685
8654 0.0464574788
8655 0.0464594892
8656 0.0464614996
8657 0.0464635099
8658 0.0464655203
8659 0.0464675307
8660 0.046469541
8661 0.0464715514
8662 0.0464735618
8663 0.0464755721
8664 0.0464775825
8665 0.0464795929
8666 0.0464816033
8667 0.0464836136
8668 0.046485624
8669 0.0464876344
8670 0.0464896447
8671 0.0464916551
8672 0.0464936655
8673 0.0464956758
8674 0.0464976862
8675 0.0464996966
8676 0.0465017069
8677 0.0465037173
8678 0.0465057277
8679 0.046507738
8680 0.0465097484
8681 0.0465117588
8682 0.0465137691
8683 0.0465157795
8684 0.0465177899
8685 0.0465198002
8686 0.0465218106
8687 0.046523821
8688 0.0465258313
8689 0.0465278417
8690 0.0465298521
8691 0.0465318624
8692 0.0465338728
8693 0.0465358832
8694 0.0465378935
8695 0.0465399039
8696 0.0465419143
8697 0.0465439246
8698 0.046545935
8699 0.0465479454
8700 0.0465499558
8701 0.0465519661
8702 0.0465539765
8703 0.0465559869
8704 0.0465579972
8705 0.0465600076
8706 0.046562018
8707 0.0465640283
8708 0.0465660387
8709 0.0465680491
8710 0.0465700594
8711 0.0465720698
8712 0.0465740802
8713 0.0465760905
8714 0.0465781009
8715 0.0465801113
8716 0.0465821216
8717 0.046584132
8718 0.0465861424
8719 0.0465881527
8720 0.0465901631
8721 0.0465921735
8722 0.0465941838
8723 0.0465961942
8724 0.0465982046
8725 0.0466002149
8726 0.0466022253
8727 0.0466042357
8728 0.046606246
8729 0.0466082564
8730 0.0466102668
8731 0.0466122771
8732 0.0466142875
8733 0.0466162979
8734 0.0466183083
8735 0.0466203186
8736 0.046622329
8737 0.0466243394
8738 0.0466263497
8739 0.0466283601
8740 0.0466303705
8741 0.0466323808
8742 0.0466343912
8743 0.0466364016
8744 0.0466384119
8745 0.0466404223
8746 0.0466424327
8747 0.046644443
8748 0.0466464534
8749 0.0466484638
8750 0.0466504741
8751 0.0466524845
8752 0.0466544949
8753 0.0466565052
8754 0.0466585156
8755 0.046660526
8756 0.0466625363
8757 0.0466645467
8758 0.0466665571
8759 0.0466685674
8760 0.0466705778
8761 0.0466725882
8762 0.0466745985
8763 0.0466766089
8764 0.0466786193
8765 0.0466806296
8766 0.04668264
8767 0.0466846504
8768 0.0466866608
8769 0.0466886711
8770 0.0466906815
8771 0.0466926919
8772 0.0466947022
8773 0.0466967126
8774 0.046698723
8775 0.0467007333
8776 0.0467027437
8777 0.0467047541
8778 0.0467067644
8779 0.0467087748
8780 0.0467107852
8781 0.0467127955
8782 0.0467148059
8783 0.0467168163
8784 0.0467188266
8785 0.046720837
8786 0.0467228474
8787 0.0467248577
8788 0.0467268681
8789 0.0467288785
8790 0.0467308888
8791 0.0467328992
8792 0.0467349096
8793 0.0467369199
8794 0.0467389303
8795 0.0467409407
8796 0.046742951
8797 0.0467449614
8798 0.0467469718
8799 0.0467489821
8800 0.0467509925
8801 0.0467530029
8802 0.0467550132
8803 0.0467570236
8804 0.046759034
8805 0.0467610444
8806 0.0467630547
8807 0.0467650651
8808 0.0467670755
8809 0.0467690858
8810 0.0467710962
8811 0.0467731066
8812 0.0467751169
8813 0.0467771273
8814 0.0467791377
8815 0.046781148
8816 0.0467831584
8817 0.0467851688
8818 0.0467871791
8819 0.0467891895
8820 0.0467911999
8821 0.0467932102
8822 0.0467952206
8823 0.046797231
8824 0.0467992413
8825 0.0468012517
8826 0.0468032621
8827 0.0468052724
8828 0.0468072828
8829 0.0468092932
8830 0.0468113035
8831 0.0468133139
8832 0.0468153243
8833 0.0468173346
8834 0.046819345
8835 0.0468213554
8836 0.0468233657
8837 0.0468253761
8838 0.0468273865
8839 0.0468293969
8840 0.0468314072
8841 0.0468334176
8842 0.046835428
8843 0.0468374383
8844 0.0468394487
8845 0.0468414591
8846 0.0468434694
8847 0.0468454798
8848 0.0468474902
8849 0.0468495005
8850 0.0468515109
8851 0.0468535213
8852 0.0468555316
8853 0.046857542
8854 0.0468595524
8855 0.0468615627
8856 0.0468635731
8857 0.0468655835
8858 0.0468675938
8859 0.0468696042
8860 0.0468716146
8861 0.0468736249
8862 0.0468756353
8863 0.0468776457
8864 0.046879656
8865 0.0468816664
8866 0.0468836768
8867 0.0468856871
8868 0.0468876975
8869 0.0468897079
8870 0.0468917182
8871 0.0468937286
8872 0.046895739
8873 0.0468977494
8874 0.0468997597
8875 0.0469017701
8876 0.0469037805
8877 0.0469057908
8878 0.0469078012
8879 0.0469098116
8880 0.0469118219
8881 0.0469138323
8882 0.0469158427
8883 0.046917853
8884 0.0469198634
8885 0.0469218738
8886 0.0469238841
8887 0.0469258945
8888 0.0469279049
8889 0.0469299152
8890 0.0469319256
8891 0.046933936
8892 0.0469359463
8893 0.0469379567
8894 0.0469399671
8895 0.0469419774
8896 0.0469439878
8897 0.0469459982
8898 0.0469480085
8899 0.0469500189
8900 0.0469520293
8901 0.0469540396
8902 0.04695605
8903 0.0469580604
8904 0.0469600707
8905 0.0469620811
8906 0.0469640915
8907 0.0469661019
8908 0.0469681122
8909 0.0469701226
8910 0.046972133
8911 0.0469741433
8912 0.0469761537
8913 0.0469781641
8914 0.0469801744
8915 0.0469821848
8916 0.0469841952
8917 0.0469862055
8918 0.0469882159
8919 0.0469902263
8920 0.0469922366
8921 0.046994247
8922 0.0469962574
8923 0.0469982677
8924 0.0470002781
8925 0.0470022885
8926 0.0470042988
8927 0.0470063092
8928 0.0470083196
8929 0.0470103299
8930 0.0470123403
8931 0.0470143507
8932 0.047016361
8933 0.0470183714
8934 0.0470203818
8935 0.0470223921
8936 0.0470244025
8937 0.0470264129
8938 0.0470284232
8939 0.0470304336
8940 0.047032444
8941 0.0470344543
8942 0.0470364647
8943 0.0470384751
8944 0.0470404855
8945 0.0470424958
8946 0.0470445062
8947 0.0470465166
8948 0.0470485269
8949 0.0470505373
8950 0.0470525477
8951 0.047054558
8952 0.0470565684
8953 0.0470585788
8954 0.0470605891
8955 0.0470625995
8956 0.0470646099
8957 0.0470666202
8958 0.0470686306
8959 0.047070641
8960 0.0470726513
8961 0.0470746617
8962 0.0470766721
8963 0.0470786824
8964 0.0470806928
8965 0.0470827032
8966 0.0470847135
8967 0.0470867239
8968 0.0470887343
8969 0.0470907446
8970 0.047092755
8971 0.0470947654
8972 0.0470967757
8973 0.0470987861
8974 0.0471007965
8975 0.0471028068
8976 0.0471048172
8977 0.0471068276
8978 0.047108838
8979 0.0471108483
8980 0.0471128587
8981 0.0471148691
8982 0.0471168794
8983 0.0471188898
8984 0.0471209002
8985 0.0471229105
8986 0.0471249209
8987 0.0471269313
8988 0.0471289416
8989 0.047130952
8990 0.0471329624
8991 0.0471349727
8992 0.0471369831
8993 0.0471389935
8994 0.0471410038
8995 0.0471430142
8996 0.0471450246
8997 0.0471470349
8998 0.0471490453
8999 0.0471510557
9000 0.047153066
9001 0.0471550764
9002 0.0471570868
9003 0.0471590971
9004 0.0471611075
9005 0.0471631179
9006 0.0471651282
9007 0.0471671386
9008 0.047169149
9009 0.0471711593
9010 0.0471731697
9011 0.0471751801
9012 0.0471771905
9013 0.0471792008
9014 0.0471812112
9015 0.0471832216
9016 0.0471852319
9017 0.0471872423
9018 0.0471892527
9019 0.047191263
9020 0.0471932734
9021 0.0471952838
9022 0.0471972941
9023 0.0471993045
9024 0.0472013149
9025 0.0472033252
9026 0.0472053356
9027 0.047207346
9028 0.0472093563
9029 0.0472113667
9030 0.0472133771
9031 0.0472153874
9032 0.0472173978
9033 0.0472194082
9034 0.0472214185
9035 0.0472234289
9036 0.0472254393
9037 0.0472274496
9038 0.04722946
9039 0.0472314704
9040 0.0472334807
9041 0.0472354911
9042 0.0472375015
9043 0.0472395118
9044 0.0472415222
9045 0.0472435326
9046 0.047245543
9047 0.0472475533
9048 0.0472495637
9049 0.0472515741
9050 0.0472535844
9051 0.0472555948
9052 0.0472576052
9053 0.0472596155
9054 0.0472616259
9055 0.0472636363
9056 0.0472656466
9057 0.047267657
9058 0.0472696674
9059 0.0472716777
9060 0.0472736881
9061 0.0472756985
9062 0.0472777088
9063 0.0472797192
9064 0.0472817296
9065 0.0472837399
9066 0.0472857503
9067 0.0472877607
9068 0.047289771
9069 0.0472917814
9070 0.0472937918
9071 0.0472958021
9072 0.0472978125
9073 0.0472998229
9074 0.0473018332
9075 0.0473038436
9076 0.047305854
9077 0.0473078643
9078 0.0473098747
9079 0.0473118851
9080 0.0473138954
9081 0.0473159058
9082 0.0473179162
9083 0.0473199266
9084 0.0473219369
9085 0.0473239473
9086 0.0473259577
9087 0.047327968
9088 0.0473299784
9089 0.0473319888
9090 0.0473339991
9091 0.0473360095
9092 0.0473380199
9093 0.0473400302
9094 0.0473420406
9095 0.047344051
9096 0.0473460613
9097 0.0473480717
9098 0.0473500821
9099 0.0473520924
9100 0.0473541028
9101 0.0473561132
9102 0.0473581235
9103 0.0473601339
9104 0.0473621443
9105 0.0473641546
9106 0.047366165
9107 0.0473681754
9108 0.0473701857
9109 0.0473721961
9110 0.0473742065
9111 0.0473762168
9112 0.0473782272
9113 0.0473802376
9114 0.0473822479
9115 0.0473842583
9116 0.0473862687
9117 0.0473882791
9118 0.0473902894
9119 0.0473922998
9120 0.0473943102
9121 0.0473963205
9122 0.0473983309
9123 0.0474003413
9124 0.0474023516
9125 0.047404362
9126 0.0474063724
9127 0.0474083827
9128 0.0474103931
9129 0.0474124035
9130 0.0474144138
9131 0.0474164242
9132 0.0474184346
9133 0.0474204449
9134 0.0474224553
9135 0.0474244657
