1 0.036232407605636396
2 0.03621620380281687
3 0.036199999999997345
4 0.03618379619717782
5 0.036167592394358294
6 0.03615138859155209
7 0.036135184788730665
8 0.0361189809859197
9 0.03610277718310684
10 0.03608657338028465
11 0.03607036957747021
12 0.03605416577465492
13 0.036056685332694564
14 0.03605920489073457
15 0.03606172444877487
16 0.036064244006815405
17 0.036066763564856136
18 0.03606928312289259
19 0.03607180268093386
20 0.03607432223897522
21 0.03607684179701286
22 0.03607936135505454
23 0.03608188091309279
24 0.03608440047113137
25 0.03608692002917344
26 0.036089439587212446
27 0.036096327104528925
28 0.03610321462184255
29 0.03611010213915913
30 0.036116989656475695
31 0.03612387717378968
32 0.03613076469110632
33 0.03613765220842053
34 0.036144539725737224
35 0.03615142724305161
36 0.03615831476036835
37 0.036165202277682905
38 0.03617208979499967
39 0.03617897731231437
40 0.036185864829629155
41 0.036192752346945974
42 0.03619963986426088
43 0.03620652738157585
44 0.03621341489889271
45 0.03622030241620777
46 0.0362271899335229
47 0.036234077450838086
48 0.03624096496815499
49 0.036247852485470244
50 0.03625474000278554
51 0.0362616275201009
52 0.036268515037416287
53 0.036275402554731724
54 0.036282290072047196
55 0.0362891775893627
56 0.03629606510667825
57 0.03630295262399383
58 0.03630984014130943
59 0.03631672765862507
60 0.03632361517594074
61 0.03633050269325643
62 0.03633739021057215
63 0.03634427772788789
64 0.036351165245202405
65 0.03635805276251821
66 0.036364940279834036
67 0.03637182779714988
68 0.036378715314465744
69 0.036385602831780474
70 0.03639249034909638
71 0.03639937786641232
72 0.036406265383727154
73 0.03641315290104313
74 0.03642004041835804
75 0.03642692793567406
76 0.036433815452989037
77 0.03644070297030509
78 0.036447590487620134
79 0.036454478004936224
80 0.03646136552225132
81 0.03646825303956744
82 0.0364751405568826
83 0.036482028074198744
84 0.03648891559151395
85 0.03649580310882919
86 0.03650269062614445
87 0.03650957814346066
88 0.036516465660775974
89 0.03652335317809131
90 0.03653024069540667
91 0.03653712821272293
92 0.036544015730038334
93 0.03655090324735375
94 0.0365577907646692
95 0.03656467828198467
96 0.036571565799300154
97 0.03657845331661566
98 0.03658534083393119
99 0.03659222835124674
100 0.03659911586856231
101 0.03660600338587789
102 0.03661289090319349
103 0.036619778420509105
104 0.036628947122546635
105 0.03663811582458492
106 0.036647284526622435
107 0.03665645322866071
108 0.036665621930698965
109 0.03667479063273647
110 0.03668395933477471
111 0.03669312803681222
112 0.03670229673885044
113 0.03671146544088794
114 0.03672063414292615
115 0.036729802844963653
116 0.03673897154700184
117 0.03674814024903934
118 0.03675730895107752
119 0.036766477653115685
120 0.03677564635515318
121 0.036784815057191333
122 0.03679398375922948
123 0.03680315246126697
124 0.0368123211633051
125 0.03682148986534259
126 0.03683065856738071
127 0.03683982726941882
128 0.0368489959714563
129 0.036858164673494405
130 0.036867333375532496
131 0.03687650207756997
132 0.036885670779608054
133 0.03689483948164613
134 0.0369040081836842
135 0.036913176885721675
136 0.03692234558775973
137 0.03693151428979779
138 0.036940682991835255
139 0.0369498516938733
140 0.036959020395911334
141 0.03696818909794937
142 0.03697735779998739
143 0.03698652650202486
144 0.03699569520406287
145 0.03700486390610089
146 0.03701403260813889
147 0.03702320131017689
148 0.03703237001221435
149 0.037041538714252344
150 0.03705070741629033
151 0.03705987611832831
152 0.03706904482036629
153 0.037078213522404264
154 0.03708738222444171
155 0.037096550926479684
156 0.03710571962851764
157 0.0371148883305556
158 0.037124057032593555
159 0.0371332257346315
160 0.037142394436669446
161 0.037151563138707384
162 0.03716073184074532
163 0.03716990054278276
164 0.037179069244820694
165 0.03718823794685862
166 0.03719740664889654
167 0.03720657535093446
168 0.03721574405297238
169 0.03722491275501029
170 0.03723408145704819
171 0.0372432501590861
172 0.037252418861124
173 0.0372615875631619
174 0.03727075626519979
175 0.03727992496723768
176 0.03728909366927557
177 0.03729826237131345
178 0.03730743107335133
179 0.0373165997753892
180 0.03732576847742708
181 0.03733493717946495
182 0.037344105881503255
183 0.03735327458354112
184 0.03736244328557898
185 0.037371611987616835
186 0.03738078068965469
187 0.037389949391692545
188 0.037399118093730394
189 0.037408286795768235
190 0.03741745549780608
191 0.03742662419984434
192 0.037435792901882176
193 0.03744496160392001
194 0.03745413030595784
195 0.03746446539004385
196 0.03747480047413008
197 0.037485135558216545
198 0.037495470642302416
199 0.037505805726388924
200 0.03751614081047485
201 0.037526475894561005
202 0.037536810978647375
203 0.03754714606273357
204 0.0375574811468196
205 0.03756781623090585
206 0.03757815131499192
207 0.037588486399078205
208 0.037598821483164326
209 0.03760915656725066
210 0.03761949165133682
211 0.03762982673542282
212 0.03764016181950903
213 0.03765049690359545
214 0.0376608319876817
215 0.03767116707176779
216 0.037681502155854085
217 0.03769183723994022
218 0.03770217232402619
219 0.03771250740811236
220 0.037722842492198747
221 0.037733177576284964
222 0.03774351266037102
223 0.03775384774445729
224 0.03776418282854339
225 0.03777451791262969
226 0.037784852996715836
227 0.037795188080801824
228 0.037805523164888014
229 0.0378158582489744
230 0.03782619333306063
231 0.0378365284171467
232 0.037846863501232966
233 0.037857198585319086
234 0.037867533669405394
235 0.03787786875349155
236 0.03788820383757756
237 0.037898538921663755
238 0.037908874005750146
239 0.037919209089836044
240 0.03792954417392247
241 0.037939879258008416
242 0.037950214342094876
243 0.03796054942618086
244 0.037970884510267026
245 0.037981219594353376
246 0.037991554678439586
247 0.03800188976252565
248 0.038012224846611896
249 0.038022559930697995
250 0.03803289501478428
251 0.03804323009887042
252 0.03805356518295674
253 0.03806390026704292
254 0.03807423535112896
255 0.038084570435215175
256 0.03809490551930125
257 0.038105240603387505
258 0.03811557568747362
259 0.03812591077155991
260 0.03813624585564606
261 0.03814658093973239
262 0.03815691602381858
263 0.03816725110790463
264 0.03817758619199085
265 0.038187921276076946
266 0.038198256360163205
267 0.03820859144424933
268 0.038218926528335626
269 0.03822926161242179
270 0.03823959669650782
271 0.03824993178059402
272 0.03826026686468038
273 0.03827060194876661
274 0.038280937032852715
275 0.03829127211693898
276 0.038301607201025115
277 0.03831194228511113
278 0.0383222773691973
279 0.038332612453283635
280 0.03834294753736984
281 0.03835328262145592
282 0.03836361770554216
283 0.038373952789628275
284 0.03838428787371455
285 0.038394622957800696
286 0.03840431951971815
287 0.03841401608163558
288 0.038423712643553265
289 0.03843340920547064
290 0.03844310576738826
291 0.038452802329305584
292 0.03846249889122315
293 0.038472195453140685
294 0.038481892015058194
295 0.038491588576975676
296 0.03850128513889313
297 0.03851098170081056
298 0.03852067826272796
299 0.0385303748246456
300 0.038540071386562944
301 0.03854976794848053
302 0.03855946451039809
303 0.03856916107231536
304 0.03857885763423286
305 0.038588554196150336
306 0.03859825075806805
307 0.03860794731998547
308 0.03861764388190287
309 0.038627340443820504
310 0.03863703700573785
311 0.038646733567655425
312 0.038656430129572976
313 0.03866612669149024
314 0.038675823253407744
315 0.03868551981532521
316 0.038695216377242915
317 0.038704912939160334
318 0.03871460950107773
319 0.03872430606299535
320 0.038734002624912695
321 0.038743699186830266
322 0.03875339574874781
323 0.038763092310665326
324 0.03877278887258257
325 0.03878248543450028
326 0.03879218199641773
327 0.03880187855833515
328 0.03881157512025254
329 0.03882127168217015
330 0.03883096824408774
331 0.03884066480600506
332 0.038850361367922595
333 0.038860057929840104
334 0.03886975449175759
335 0.03887945105367505
336 0.03888914761559249
337 0.03889884417751015
338 0.03890854073942754
339 0.0389182373013449
340 0.03892793386326249
341 0.03893763042518004
342 0.03894732698709757
343 0.03895702354901508
344 0.03896672011093256
345 0.03897641667285002
346 0.03898611323476745
347 0.03899580979668486
348 0.03900550635860248
349 0.03901520292051985
350 0.03902489948243742
351 0.03903459604435474
352 0.03904429260627226
353 0.039053989168189765
354 0.039063685730107246
355 0.0390733822920247
356 0.03908307885394236
357 0.039092775415859767
358 0.03910247197777738
359 0.03911216853969474
360 0.03912186510161231
361 0.03913156166352963
362 0.039141258225447145
363 0.03915095478736464
364 0.039160651349282115
365 0.03917034791119957
366 0.039180044473117216
367 0.03918974103503463
368 0.03919943759695223
369 0.03920913415886959
370 0.03921883072078715
371 0.039228527282704685
372 0.0392382238446222
373 0.039247920406539474
374 0.03925761696845716
375 0.03926731353037461
376 0.039277010092292036
377 0.039284524783964006
378 0.03929203947563596
379 0.039299554167307904
380 0.03930706885897983
381 0.03931458355065174
382 0.03932209824232363
383 0.03932961293399551
384 0.03933712762566738
385 0.03934464231733943
386 0.03935215700901127
387 0.03935967170068329
388 0.03936718639235509
389 0.03937470108402709
390 0.039382215775699066
391 0.03938973046737102
392 0.03939724515904297
393 0.0394047598507149
394 0.03941227454238682
395 0.03941978923405872
396 0.0394273039257306
397 0.03943481861740247
398 0.03944233330907453
399 0.03944984800074637
400 0.039457362692418396
401 0.039464877384090206
402 0.039472392075762204
403 0.03947990676743418
404 0.03948742145910595
405 0.0394949361507779
406 0.03950245084244984
407 0.03950996553412176
408 0.03951748022579366
409 0.03952499491746575
410 0.03953250960913764
411 0.039540024300809495
412 0.039547538992481535
413 0.039555053684153366
414 0.03956256837582538
415 0.03957008306749719
416 0.03957759775916917
417 0.03958511245084114
418 0.0395926271425131
419 0.03960014183418503
420 0.03960765652585696
421 0.039615171217528874
422 0.03962268590920077
423 0.039630200600872655
424 0.03963771529254452
425 0.03964522998421656
426 0.039652744675888404
427 0.03966025936756042
428 0.03966777405923242
429 0.03967528875090423
430 0.039682803442576194
431 0.039690318134248156
432 0.0396978328259201
433 0.039705347517592034
434 0.03971286220926395
435 0.039720376900935855
436 0.039727891592607735
437 0.039735406284279615
438 0.039742920975951654
439 0.039750435667623506
440 0.039757950359295524
441 0.03976546505096734
442 0.03977297974263934
443 0.039780494434311316
444 0.03978800912598327
445 0.03979552381765504
446 0.039803038509326975
447 0.0398105532009989
448 0.039818067892670984
449 0.03982558258434288
450 0.039833097276014764
451 0.03984061196768664
452 0.03984812665935866
453 0.03985564135103051
454 0.039863156042702505
455 0.0398706707343745
456 0.039878185426046306
457 0.03988570011771827
458 0.039893214809390225
459 0.03990072950106216
460 0.03990824419273409
461 0.039915758884405995
462 0.0399232735760779
463 0.03993078826774978
464 0.03993830295942183
465 0.039945817651093694
466 0.03995333234276554
467 0.03996084703443756
468 0.039966236096963
469 0.03997162515948841
470 0.03997701422201379
471 0.03998240328453929
472 0.039987792347064746
473 0.03999318140959017
474 0.03999857047211556
475 0.04000395953464091
476 0.04000934859716638
477 0.04001473765969182
478 0.04002012672221722
479 0.04002551578474275
480 0.040030904847268074
481 0.04003629390979351
482 0.04004168297231893
483 0.040047072034844304
484 0.040052461097369804
485 0.04005785015989527
486 0.04006323922242069
487 0.04006862828494608
488 0.04007401734747144
489 0.04007940640999691
490 0.04008479547252235
491 0.04009018453504776
492 0.040095573597573285
493 0.04010096266009861
494 0.040106351722624056
495 0.04011174078514947
496 0.04011712984767485
497 0.04012251891020035
498 0.040127907972725814
499 0.04013329703525124
500 0.040138686097776634
501 0.04014407516030199
502 0.04014946422282747
503 0.040154853285352905
504 0.040160242347878315
505 0.04016563141040368
506 0.04017102047292917
507 0.040176409535454614
508 0.04018179859798004
509 0.04018718766050542
510 0.04019257672303092
511 0.040197965785556226
512 0.04020335484808166
513 0.040208743910607206
514 0.04021413297313257
515 0.04021952203565804
516 0.04022491109818348
517 0.040230300160708894
518 0.04023568922323426
519 0.040241078285759756
520 0.0402464673482852
521 0.040251856410810624
522 0.040257245473336006
523 0.04026263453586135
524 0.04026802359838682
525 0.04027341266091225
526 0.040278801723437646
527 0.04028419078596316
528 0.04028957984848849
529 0.04029496891101393
530 0.040300357973539334
531 0.04030574703606486
532 0.0403111360985902
533 0.040316525161115654
534 0.04032191422364108
535 0.04032730328616647
536 0.04033269234869196
537 0.04033808141121743
538 0.040343470473742864
539 0.04034885953626826
540 0.04035424859879363
541 0.04035963766131911
542 0.040365026723844545
543 0.04037041578636996
544 0.04037580484889533
545 0.040381193911420823
546 0.040386582973946136
547 0.040391972036471706
548 0.040397361098997095
549 0.04040275016152245
550 0.040408139224047915
551 0.04041352828657335
552 0.04041891734909875
553 0.04042430641162412
554 0.040429695474149596
555 0.04043508453667504
556 0.04044047359920045
557 0.04044586266172583
558 0.04045125172425132
559 0.04045499441228087
560 0.0404587371003103
561 0.04046247978833978
562 0.04046622247636929
563 0.04046996516439869
564 0.04047370785242828
565 0.040477450540457746
566 0.04048119322848712
567 0.04048493591651667
568 0.0404886786045461
569 0.040492421292575576
570 0.040496163980605085
571 0.04049990666863463
572 0.040503649356664076
573 0.04050739204469355
574 0.04051113473272306
575 0.040514877420752465
576 0.040518620108782044
577 0.04052236279681152
578 0.04052610548484089
579 0.040529848172870434
580 0.040533590860899874
581 0.040537333548929355
582 0.04054107623695886
583 0.04054481892498841
584 0.04054856161301785
585 0.04055230430104733
586 0.04055604698907683
587 0.040559789677106245
588 0.040563532365135824
589 0.0405672750531653
590 0.04057101774119467
591 0.04057476042922421
592 0.04057850311725366
593 0.040582245805283135
594 0.040585988493312644
595 0.04058973118134219
596 0.040593473869371635
597 0.04059721655740111
598 0.04060095924543062
599 0.040604701933460025
600 0.0406084446214896
601 0.04061218730951908
602 0.040615929997548456
603 0.040619672685578
604 0.04062341537360745
605 0.04062715806163692
606 0.04063090074966643
607 0.040634643437695975
608 0.040638386125725415
609 0.04064212881375489
610 0.040645871501784406
611 0.04064961418981381
612 0.04065335687784339
613 0.040657099565872865
614 0.04066084225390225
615 0.04066458494193179
616 0.04066832762996124
617 0.040672070317990715
618 0.040675813006020224
619 0.040679555694049636
620 0.040683298382079215
621 0.04068704107010869
622 0.0406907837581382
623 0.04069452644616761
624 0.040698269134197065
625 0.04070201182222654
626 0.04070575451025605
627 0.040709497198285594
628 0.040713239886315034
629 0.040716982574344515
630 0.040720725262374025
631 0.04072446795040344
632 0.04072821063843301
633 0.0407319533264625
634 0.040735696014491875
635 0.04073943870252142
636 0.04074318139055086
637 0.04074692407858034
638 0.04075066676660985
639 0.04075440945463927
640 0.04075815214266884
641 0.04076189483069832
642 0.040765637518727825
643 0.040769380206757244
644 0.04077312289478669
645 0.04077686558281617
646 0.04078060827084569
647 0.040784350958875226
648 0.04078809364690467
649 0.04079183633493415
650 0.040794570727924445
651 0.04079730512091474
652 0.04080003951390505
653 0.04080277390689548
654 0.040805508299885794
655 0.04080824269287612
656 0.04081097708586644
657 0.04081371147885665
658 0.04081644587184698
659 0.04081918026483733
660 0.040821914657827675
661 0.04082464905081803
662 0.04082738344380826
663 0.04083011783679862
664 0.040832852229788996
665 0.040835586622779245
666 0.040838321015769626
667 0.04084105540875988
668 0.04084378980175027
669 0.040846524194740545
670 0.04084925858773082
671 0.040851992980721216
672 0.04085472737371151
673 0.040857461766701804
674 0.0408601961596921
675 0.04086293055268252
676 0.04086566494567283
677 0.04086839933866314
678 0.040871133731653464
679 0.04087386812464379
680 0.04087660251763412
681 0.040879336910624335
682 0.04088207130361467
683 0.04088480569660502
684 0.040887540089595366
685 0.04089027448258572
686 0.04089300887557596
687 0.04089574326856632
688 0.040898477661556576
689 0.04090121205454695
690 0.04090394644753721
691 0.04090668084052759
692 0.04090941523351787
693 0.04091214962650826
694 0.04091488401949854
695 0.04091761841248883
696 0.04092035280547924
697 0.040923087198469536
698 0.040925821591459834
699 0.040928555984450145
700 0.040931290377440456
701 0.04093402477043077
702 0.0409367591634211
703 0.04093949355641142
704 0.04094222794940175
705 0.04094496234239209
706 0.04094769673538243
707 0.04095043112837266
708 0.04095316552136301
709 0.04095589991435337
710 0.04095863430734362
711 0.04096136870033398
712 0.04096410309332435
713 0.04096683748631461
714 0.04096957187930499
715 0.04097230627229527
716 0.04097504066528554
717 0.040977775058275934
718 0.040980509451266224
719 0.040983243844256514
720 0.04098597823724681
721 0.04098871263023723
722 0.04099144702322753
723 0.04099418141621784
724 0.04099691580920816
725 0.04099965020219847
726 0.041002384595188804
727 0.04100511898817913
728 0.04100785338116946
729 0.041010587774159696
730 0.04101332216715004
731 0.04101605656014039
732 0.04101879095313074
733 0.04102152534612099
734 0.04102425973911135
735 0.04102699413210161
736 0.04102972852509198
737 0.04103246291808225
738 0.04103519731107263
739 0.041037931704062905
740 0.04104066609705329
741 0.04104340049004358
742 0.04104613488303387
743 0.041048869276024164
744 0.04105160366901457
745 0.041054338062004876
746 0.04105707245499519
747 0.0410598068479855
748 0.04106209116057474
749 0.04106437547316385
750 0.04106665978575304
751 0.0410689440983423
752 0.04107122841093144
753 0.04107351272352065
754 0.04107579703610984
755 0.0410780813486991
756 0.04108036566128823
757 0.04108264997387745
758 0.04108493428646664
759 0.0410872185990559
760 0.04108950291164503
761 0.04109178722423424
762 0.04109407153682343
763 0.04109635584941269
764 0.04109864016200182
765 0.04110092447459103
766 0.04110320878718021
767 0.04110549309976947
768 0.041107777412358604
769 0.04111006172494781
770 0.041112346037536995
771 0.041114630350126254
772 0.04111691466271538
773 0.04111919897530459
774 0.04112148328789377
775 0.04112376760048303
776 0.041126051913072156
777 0.041128336225661366
778 0.041130620538250645
779 0.0411329048508398
780 0.04113518916342903
781 0.041137473476018135
782 0.04113975778860742
783 0.04114204210119656
784 0.04114432641378579
785 0.041146610726374995
786 0.04114889503896418
787 0.041151179351553324
788 0.04115346366414256
789 0.041155747976731764
790 0.04115803228932093
791 0.041160316601910184
792 0.04116260091449932
793 0.04116488522708851
794 0.04116716953967779
795 0.04116945385226694
796 0.04117173816485616
797 0.041174022477445366
798 0.04117630679003454
799 0.041178591102623695
800 0.04118087541521291
801 0.041183159727802114
802 0.04118544404039128
803 0.041187728352980534
804 0.04119001266556976
805 0.04119229697815895
806 0.041194581290748135
807 0.041196865603337275
808 0.04119914991592649
809 0.041201434228515695
810 0.04120371854110486
811 0.04120600285369411
812 0.04120828716628333
813 0.04121057147887252
814 0.041212855791461694
815 0.04121514010405084
816 0.04121742441664006
817 0.041219708729229254
818 0.04122199304181842
819 0.04122427735440767
820 0.04122656166699688
821 0.04122884597958608
822 0.04123113029217525
823 0.04123341460476449
824 0.04123569891735361
825 0.0412379832299428
826 0.041240267542532065
827 0.04124255185512121
828 0.04124483616771042
829 0.04124712048029962
830 0.041249404792888786
831 0.04125168910547802
832 0.04125397341806724
833 0.04125625773065643
834 0.0412585420432456
835 0.04126082635583483
836 0.041263110668424044
837 0.04126539498101323
838 0.0412676792936024
839 0.04126980207101517
840 0.041271924848427996
841 0.04127404762584077
842 0.041276170403253605
843 0.041278293180666385
844 0.04128041595807922
845 0.04128253873549201
846 0.04128466151290475
847 0.04128678429031754
848 0.04128890706773039
849 0.04129102984514319
850 0.04129315262255594
851 0.04129527539996874
852 0.041297398177381504
853 0.04129952095479431
854 0.04130164373220708
855 0.041303766509619894
856 0.04130588928703275
857 0.04130801206444548
858 0.04131013484185834
859 0.04131225761927107
860 0.04131438039668385
861 0.041316503174096686
862 0.041318625951509466
863 0.0413207487289223
864 0.04132287150633509
865 0.041324994283747835
866 0.04132711706116063
867 0.041329239838573464
868 0.041331362615986265
869 0.04133348539339902
870 0.041335608170811826
871 0.041337730948224675
872 0.04133985372563739
873 0.04134197650305025
874 0.041344099280463065
875 0.04134622205787584
876 0.041348344835288646
877 0.04135046761270142
878 0.04135259039011416
879 0.04135471316752703
880 0.04135683594493977
881 0.04135895872235255
882 0.041361081499765376
883 0.04136320427717817
884 0.041365327054591006
885 0.0413674498320038
886 0.04136957260941655
887 0.041371695386829346
888 0.04137381816424211
889 0.04137594094165491
890 0.04137806371906776
891 0.04138018649648057
892 0.04138230927389333
893 0.04138443205130615
894 0.04138655482871891
895 0.041388677606131734
896 0.041390800383544514
897 0.04139292316095733
898 0.041395045938370116
899 0.04139716871578285
900 0.04139929149319572
901 0.041401414270608464
902 0.04140353704802125
903 0.04140565982543409
904 0.04140778260284689
905 0.04140990538025963
906 0.041412028157672434
907 0.04141415093508528
908 0.041416273712498085
909 0.041418396489910844
910 0.04142051926732366
911 0.04142264204473642
912 0.04142476482214923
913 0.041426887599562
914 0.041429010376974815
915 0.041431133154387595
916 0.04143325593180042
917 0.0414353787092132
918 0.041437501486626026
919 0.04143962426403881
920 0.04144174704145156
921 0.04144386981886434
922 0.041445992596277174
923 0.04144811537368997
924 0.04145023815110272
925 0.04145236092851552
926 0.041454483705928365
927 0.041456606483341166
928 0.04145872926075393
929 0.04146085203816673
930 0.04146296448753872
931 0.041465076936910705
932 0.041467189386282695
933 0.041469301835654615
934 0.041471414285026625
935 0.04147352673439855
936 0.04147563918377057
937 0.041477751633142525
938 0.04147986408251447
939 0.04148197653188643
940 0.041484088981258486
941 0.04148620143063046
942 0.041488313880002355
943 0.041490426329374344
944 0.04149253877874635
945 0.04149465122811835
946 0.04149676367749028
947 0.04149887612686229
948 0.04150098857623423
949 0.041503101025606184
950 0.041505213474978216
951 0.041507325924350184
952 0.04150943837372215
953 0.04151155082309413
954 0.04151366327246612
955 0.041515775721838025
956 0.04151788817121003
957 0.041520000620582025
958 0.04152211306995396
959 0.04152422551932598
960 0.04152633796869793
961 0.04152845041806987
962 0.041530562867441834
963 0.04153267531681388
964 0.04153478776618577
965 0.041536900215557754
966 0.04153901266492974
967 0.04154112511430173
968 0.041543237563673736
969 0.041545350013045663
970 0.04154746246241769
971 0.041549574911789615
972 0.04155168736116157
973 0.04155379981053361
974 0.04155591225990557
975 0.04155802470927754
976 0.041560137158649514
977 0.041562249608021504
978 0.041564362057393486
979 0.041566474506765407
980 0.0415685869561374
981 0.04157069940550934
982 0.041572811854881354
983 0.041574924304253295
984 0.041577036753625334
985 0.041579149202997295
986 0.04158126165236925
987 0.041583374101741226
988 0.04158548655111321
989 0.04158759900048519
990 0.041589711449857104
991 0.04159182389922911
992 0.04159393634860111
993 0.041596048797973045
994 0.04159816124734506
995 0.04160027369671702
996 0.04160238614608897
997 0.04160449859546093
998 0.0416066110448329
999 0.04160872349420487
1000 0.041610835943576854
1001 0.041612948392948844
1002 0.04161506084232084
1003 0.04161717329169276
1004 0.041619285741064764
1005 0.041621398190436705
1006 0.04162351063980873
1007 0.04162562308918068
1008 0.04162773553855264
1009 0.0416298479879246
1010 0.041631960437296577
1011 0.04163407288666855
1012 0.041636185336040535
1013 0.04163829778541253
1014 0.04164041023478453
1015 0.041642522684156455
1016 0.041644635133528465
1017 0.041646747582900406
1018 0.04164886003227243
1019 0.041650972481644385
1020 0.04165308493101635
1021 0.04165524229616558
1022 0.04165739966131485
1023 0.04165955702646407
1024 0.04166171439161333
1025 0.04166387175676255
1026 0.041666029121911786
1027 0.041668186487061075
1028 0.04167034385221031
1029 0.041672501217359575
1030 0.0416746585825088
1031 0.04167681594765806
1032 0.04167897331280728
1033 0.041681130677956535
1034 0.04168328804310573
1035 0.04168544540825498
1036 0.04168760277340425
1037 0.041689760138553474
1038 0.04169191750370274
1039 0.04169407486885196
1040 0.04169623223400121
1041 0.041698389599150495
1042 0.041700546964299735
1043 0.041702704329449
1044 0.041704861694598236
1045 0.0417070190597475
1046 0.04170917642489672
1047 0.041711333790045976
1048 0.04171349115519518
1049 0.04171564852034443
1050 0.0417178058854937
1051 0.041719963250642936
1052 0.041722120615792196
1053 0.04172427798094142
1054 0.041726435346090676
1055 0.04172859271123989
1056 0.041730750076389135
1057 0.04173290744153841
1058 0.04173506480668764
1059 0.04173722217183691
1060 0.041739379536986136
1061 0.04174153690213539
1062 0.0417436942672846
1063 0.04174585163243385
1064 0.04174800899758313
1065 0.04175016636273236
1066 0.04175232372788164
1067 0.041754481093030864
1068 0.04175663845818012
1069 0.04175879582332933
1070 0.04176095318847858
1071 0.04176311055362778
1072 0.0417652679187771
1073 0.041767425283926296
1074 0.04176958264907552
1075 0.04177174001422478
1076 0.04177389737937407
1077 0.04177605474452325
1078 0.04177821210967253
1079 0.04178036947482177
1080 0.04178252683997104
1081 0.04178468420512027
1082 0.04178684157026954
1083 0.04178899893541876
1084 0.041791156300568004
1085 0.041793313665717216
1086 0.041795471030866456
1087 0.04179762839601573
1088 0.04179978576116496
1089 0.041801943126314224
1090 0.04180410049146344
1091 0.0418062578566127
1092 0.041808415221761985
1093 0.041810572586911225
1094 0.04181272995206042
1095 0.04181488731720966
1096 0.041817044682358924
1097 0.04181920204750815
1098 0.041821359412657404
1099 0.041823516777806685
1100 0.04182567414295594
1101 0.04182783150810514
1102 0.04182998887325438
1103 0.041832146238403645
1104 0.04183430360355287
1105 0.041836460968702124
1106 0.04183861833385141
1107 0.04184077569900058
1108 0.041842933064149865
1109 0.0418450904292991
1110 0.04184724779444837
1111 0.0418494051595976
1112 0.04185119683263681
1113 0.04185298850567597
1114 0.04185478017871515
1115 0.041856571851754336
1116 0.04185836352479356
1117 0.041860155197832725
1118 0.041861946870871906
1119 0.04186373854391111
1120 0.04186553021695033
1121 0.041867321889989505
1122 0.04186911356302869
1123 0.041870905236067894
1124 0.041872696909107054
1125 0.04187448858214623
1126 0.04187628025518542
1127 0.04187807192822463
1128 0.04187986360126387
1129 0.04188165527430305
1130 0.041883446947342244
1131 0.04188523862038139
1132 0.041887030293420564
1133 0.041888821966459745
1134 0.04189061363949895
1135 0.041892405312538177
1136 0.041894196985577344
1137 0.04189598865861654
1138 0.04189778033165575
1139 0.04189957200469491
1140 0.04190136367773408
1141 0.041903155350773276
1142 0.04190494702381249
1143 0.04190673869685166
1144 0.04190853036989083
1145 0.04191032204293004
1146 0.04191211371596926
1147 0.041913905389008424
1148 0.04191569706204762
1149 0.04191748873508682
1150 0.041919280408125974
1151 0.04192107208116522
1152 0.04192286375420441
1153 0.04192465542724355
1154 0.04192644710028279
1155 0.04192823877332196
1156 0.04193003044636116
1157 0.04193182211940031
1158 0.04193361379243954
1159 0.04193540546547873
1160 0.04193719713851793
1161 0.04193898881155708
1162 0.041940780484596325
1163 0.041942572157635506
1164 0.04194436383067465
1165 0.041946155503713875
1166 0.041947947176753056
1167 0.04194973884979225
1168 0.04195153052283146
1169 0.04195332219587062
1170 0.04195511386890981
1171 0.041956905541949
1172 0.041958697214988225
1173 0.04196048888802739
1174 0.04196228056106658
1175 0.04196407223410578
1176 0.041965863907144935
1177 0.04196765558018411
1178 0.041969447253223366
1179 0.041971238926262505
1180 0.04197303059930174
1181 0.041974822272340916
1182 0.04197661394538011
1183 0.04197840561841926
1184 0.04198019729145849
1185 0.041981988964497674
1186 0.041983780637536876
1187 0.04198557231057603
1188 0.041987363983615196
1189 0.04198915565665445
1190 0.041990947329693586
1191 0.041992739002732815
1192 0.041994530675771996
1193 0.041996322348811184
1194 0.0419981140218504
1195 0.04199990569488956
1196 0.042001697367928734
1197 0.04200348904096794
1198 0.04200528071400715
1199 0.04200707238704632
1200 0.042008864060085506
1201 0.04201065573312471
1202 0.04201244740616387
1203 0.042014239079203104
1204 0.04201603075224229
1205 0.04201782242528143
1206 0.042019614098320654
1207 0.042021405771359835
1208 0.04202319744439903
1209 0.042024989117438245
1210 0.042026780790477405
1211 0.04202857246351659
1212 0.04203036413655579
1213 0.042032155809595004
1214 0.04203394748263418
1215 0.042035739155673366
1216 0.04203753082871257
1217 0.04203932250175173
1218 0.042041114174790895
1219 0.04204290584783009
1220 0.0420446975208693
1221 0.04204648919390853
1222 0.0420482808669477
1223 0.0420500725399869
1224 0.04205186421302605
1225 0.04205365588606528
1226 0.04205544755910447
1227 0.04205723923214367
1228 0.04205903090518282
1229 0.042060822578221996
1230 0.042062614251261184
1231 0.04206440592430039
1232 0.042066197597339615
1233 0.04206798927037879
1234 0.042069780943417984
1235 0.04207157261645713
1236 0.04207336428949636
1237 0.04207515596253554
1238 0.04207694763557474
1239 0.04207873930861389
1240 0.042080530981653125
1241 0.04208232265469231
1242 0.042084114327731514
1243 0.04208590600077067
1244 0.04208769767380984
1245 0.04208948934684903
1246 0.04209128101988824
1247 0.04209307269292747
1248 0.04209486436596664
1249 0.042096656039005836
1250 0.04209844771204499
1251 0.04210023938508422
1252 0.0421020310581234
1253 0.0421038227311626
1254 0.042105614404201755
1255 0.04210740607724099
1256 0.04210919775028018
1257 0.04211098942331932
1258 0.04211278109635854
1259 0.042114572769397715
1260 0.0421163644424369
1261 0.04211815611547612
1262 0.04211994778851528
1263 0.04212173946155446
1264 0.042123531134593654
1265 0.04212532280763287
1266 0.04212711448067204
1267 0.042128906153711225
1268 0.04213069782675043
1269 0.04213248949978964
1270 0.042134281172828816
1271 0.04213607284586801
1272 0.04213786451890721
1273 0.04213965619194637
1274 0.042141447864985554
1275 0.04214323953802474
1276 0.04214503121106396
1277 0.042146822884103124
1278 0.04214861455714236
1279 0.0421504062301815
1280 0.042152197903220716
1281 0.04215398957625988
1282 0.04215578124929907
1283 0.04215757292233827
1284 0.042159364595377495
1285 0.04216115626841667
1286 0.04216294794145586
1287 0.042164739614495066
1288 0.042166531287534226
1289 0.04216832296057341
1290 0.0421701146336126
1291 0.04217190630665182
1292 0.042173697979690984
1293 0.04217548965273017
1294 0.042177281325769374
1295 0.04217907299880859
1296 0.042180864671847756
1297 0.042182656344886944
1298 0.04218444801792615
1299 0.04218623969096531
1300 0.04218803136400449
1301 0.04218982303704368
1302 0.04219161471008289
1303 0.04219340638312206
1304 0.042195198056161294
1305 0.04219698972920043
1306 0.04219878140223965
1307 0.04220057307527888
1308 0.042202364748318004
1309 0.042204156421357206
1310 0.04220594809439642
1311 0.042207739767435595
1312 0.04220953144047479
1313 0.042211323113514
1314 0.04221311478655316
1315 0.04221490645959233
1316 0.04221669813263153
1317 0.042218489805670736
1318 0.0422202814787099
1319 0.042222073151749084
1320 0.042223864824788286
1321 0.0422256564978275
1322 0.042227448170866676
1323 0.042229239843905864
1324 0.042231031516945065
1325 0.04223282318998429
1326 0.04223461486302346
1327 0.04223640653606265
1328 0.04223819820910186
1329 0.042239989882141026
1330 0.0422417815551802
1331 0.0422435732282194
1332 0.04224536490125861
1333 0.042247156574297784
1334 0.042248948247336965
1335 0.04225073992037617
1336 0.04225253159341538
1337 0.042254323266454556
1338 0.042256114939493744
1339 0.042257906612532946
1340 0.04225969828557211
1341 0.04226148995861129
1342 0.04226328163165048
1343 0.04226507330468969
1344 0.04226686497772886
1345 0.0422686566507681
1346 0.04227044832380724
1347 0.04227223999684645
1348 0.04227403166988562
1349 0.042275823342924804
1350 0.042277615015964005
1351 0.042279406689003166
1352 0.0422811983620424
1353 0.0422829900350816
1354 0.042284781708120805
1355 0.042286573381159966
1356 0.04228836505419914
1357 0.042290156727238334
1358 0.04229194840027755
1359 0.04229374007331672
1360 0.0422955317463559
1361 0.0422973234193951
1362 0.04229911509243431
1363 0.04230090676547349
1364 0.04230269843851267
1365 0.04230449011155188
1366 0.04230628178459104
1367 0.04230807345763021
1368 0.04230986513066946
1369 0.04231165680370861
1370 0.042313448476747784
1371 0.04231524014978702
1372 0.042317031822826215
1373 0.04231882349586537
1374 0.0423206151689046
1375 0.042322406841943785
1376 0.042324198514982925
1377 0.04232599018802215
1378 0.04232778186106132
1379 0.04232957353410051
1380 0.04233136520713971
1381 0.04233315688017893
1382 0.04233494855321811
1383 0.0423367402262573
1384 0.042338531899296455
1385 0.04234032357233568
1386 0.042342115245374866
1387 0.04234390691841406
1388 0.042345698591453214
1389 0.04234749026449244
1390 0.04234928193753163
1391 0.04235107361057083
1392 0.04235286528361
1393 0.04235465695664917
1394 0.04235644862968836
1395 0.042358240302727564
1396 0.04236003197576673
1397 0.04236182364880591
1398 0.04236361532184517
1399 0.04236540699488432
1400 0.04236719866792349
1401 0.04236899034096273
1402 0.04237078201400187
1403 0.04237257368704109
1404 0.04237436536008026
1405 0.04237615703311945
1406 0.04237794870615865
1407 0.04237974037919787
1408 0.04238153205223705
1409 0.04238332372527624
1410 0.042385115398315396
1411 0.04238690707135462
1412 0.0423886987443938
1413 0.042390490417432994
1414 0.04239228209047215
1415 0.042394073763511377
1416 0.042395865436550564
1417 0.042397657109589766
1418 0.042399448782628926
1419 0.0424012404556681
1420 0.042403032128707344
1421 0.0424048238017465
1422 0.04240661547478566
1423 0.04240840714782489
1424 0.04241019882086409
1425 0.04241199049390324
1426 0.042413782166942464
1427 0.04241557383998165
1428 0.042417365513020854
1429 0.04241915718606001
1430 0.042420948859099236
1431 0.042422740532138424
1432 0.04242453220517757
1433 0.042426323878216786
1434 0.04242811555125596
1435 0.042429907224295155
1436 0.04243169889733436
1437 0.04243349057037353
1438 0.04243528224341277
1439 0.042437073916451906
1440 0.042438865589491115
1441 0.04244065726253028
1442 0.042442448935569525
1443 0.04244424060860867
1444 0.04244603228164789
1445 0.042447823954687054
1446 0.04244961562772625
1447 0.04245140730076545
1448 0.04245319897380462
1449 0.04245499064684385
1450 0.04245678231988299
1451 0.042458573992922195
1452 0.04246036566596142
1453 0.042462157339000606
1454 0.042463949012039794
1455 0.042465740685078954
1456 0.04246753235811813
1457 0.04246932403115737
1458 0.04247111570419652
1459 0.042472907377235726
1460 0.04247469905027491
1461 0.042476490723314095
1462 0.042478282396353303
1463 0.04248007406939247
1464 0.042481865742431645
1465 0.04248365741547084
1466 0.042485449088510055
1467 0.04248801735844562
1468 0.04249058562838122
1469 0.042493153898316795
1470 0.04249572216825234
1471 0.042498290438187925
1472 0.04250085870812347
1473 0.042503426978059054
1474 0.04250599524799461
1475 0.04250856351793019
1476 0.04251113178786575
1477 0.042513700057801335
1478 0.0425162683277369
1479 0.042518836597672485
1480 0.042521404867608054
1481 0.04252397313754364
1482 0.04252654140747921
1483 0.04252910967741475
1484 0.04253167794735033
1485 0.04253424621728592
1486 0.0425368144872215
1487 0.042539382757157046
1488 0.04254195102709262
1489 0.042544519297028176
1490 0.04254708756696375
1491 0.042549655836899306
1492 0.04255222410683489
1493 0.04255479237677045
1494 0.04255736064670603
1495 0.0425599289166416
1496 0.04256249718657718
1497 0.04256506545651274
1498 0.04256763372644834
1499 0.04257020199638391
1500 0.04257277026631945
1501 0.042575338536255024
1502 0.04257790680619062
1503 0.042580475076126195
1504 0.042583043346061736
1505 0.04258561161599731
1506 0.04258817988593286
1507 0.04259074815586844
1508 0.042593316425804044
1509 0.04259588469573963
1510 0.04259845296567519
1511 0.04260102123561077
1512 0.04260358950554633
1513 0.04260615777548192
1514 0.04260872604541748
1515 0.04261129431535302
1516 0.04261386258528859
1517 0.04261643085522418
1518 0.042618999125159755
1519 0.042621567395095296
1520 0.04262413566503093
1521 0.042626703934966474
1522 0.04262927220490205
1523 0.0426318404748376
1524 0.04263440874477317
1525 0.04263697701470873
1526 0.042639545284644316
1527 0.042642113554579864
1528 0.04264468182451545
1529 0.04264725009445101
1530 0.0426498183643866
1531 0.042652386634322165
1532 0.04265495490425775
1533 0.042657523174193315
1534 0.042660091444128856
1535 0.04266265971406448
1536 0.04266522798400002
1537 0.042667796253935596
1538 0.04267036452387119
1539 0.04267293279380672
1540 0.042675501063742315
1541 0.0426780693336779
1542 0.04268063760361345
1543 0.04268320587354903
1544 0.042685774143484595
1545 0.04268834241342017
1546 0.04269091068335573
1547 0.042693478953291314
1548 0.04269604722322688
1549 0.042698615493162465
1550 0.04270118376309803
1551 0.04270375203303358
1552 0.04270632030296914
1553 0.04270888857290474
1554 0.042711456842840306
1555 0.042714025112775854
1556 0.04271659338271143
1557 0.04271916165264703
1558 0.04272172992258261
1559 0.04272429819251817
1560 0.042726866462453744
1561 0.0427294347323893
1562 0.04273200300232488
1563 0.042734571272260435
1564 0.04273713954219603
1565 0.042739707812131586
1566 0.04274227608206717
1567 0.042744844352002744
1568 0.042747412621938284
1569 0.0427499808918739
1570 0.04275254916180944
1571 0.04275511743174501
1572 0.04275768570168061
1573 0.04276025397161614
1574 0.042762822241551736
1575 0.04276539051148731
1576 0.042767958781422866
1577 0.04277052705135844
1578 0.042773095321294
1579 0.042775663591229585
1580 0.042778231861165146
1581 0.04278080013110072
1582 0.04278336840103629
1583 0.04278593667097187
1584 0.04278850494090743
1585 0.04279107321084302
1586 0.0427936414807786
1587 0.04279620975071414
1588 0.04279877802064971
1589 0.04280134629058531
1590 0.042803914560520885
1591 0.042806482830456426
1592 0.042809051100392
1593 0.04281161937032755
1594 0.04281418764026314
1595 0.04281675591019874
1596 0.042819324180134274
1597 0.04282189245006983
1598 0.04282446072000542
1599 0.04282702898994098
1600 0.042829597259876555
1601 0.04283216552981212
1602 0.04283473379974772
1603 0.04283730206968329
1604 0.04283987033961888
1605 0.042842438609554445
1606 0.04284500687948999
1607 0.04284757514942556
1608 0.042850143419361164
1609 0.042852711689296684
1610 0.04285527995923229
1611 0.04285784822916787
1612 0.04286041649910342
1613 0.042862984769039
1614 0.04286555303897456
1615 0.04286812130891014
1616 0.0428706895788457
1617 0.04287325784878129
1618 0.042875826118716855
1619 0.042878394388652444
1620 0.04288096265858801
1621 0.04288353092852355
1622 0.04288609919845912
1623 0.04288866746839471
1624 0.042891235738330286
1625 0.04289380400826584
1626 0.04289637227820141
1627 0.04289894054813701
1628 0.04290150881807254
1629 0.04290407708800814
1630 0.042906645357943723
1631 0.042909213627879285
1632 0.04291178189781487
1633 0.04291435016775043
1634 0.04291691843768601
1635 0.04291948670762157
1636 0.04292205497755711
1637 0.04292462324749272
1638 0.04292719151742827
1639 0.04292975978736383
1640 0.04293232805729943
1641 0.042934896327234955
1642 0.042937464597170544
1643 0.04294003286710612
1644 0.042942601137041674
1645 0.042945169406977256
1646 0.04294773767691285
1647 0.042950305946848386
1648 0.04295287421678399
1649 0.04295544248671953
1650 0.04295801075665514
1651 0.042960579026590666
1652 0.04296314729652628
1653 0.04296571556646182
1654 0.042968283836397385
1655 0.042970852106332974
1656 0.04297342037626854
1657 0.04297598864620409
1658 0.042978556916139714
1659 0.042981125186075254
1660 0.04298369345601083
1661 0.042986261725946426
1662 0.04298882999588195
1663 0.04299139826581756
1664 0.04299396653575313
1665 0.04299653480568869
1666 0.042999103075624275
1667 0.043001671345559836
1668 0.04300423961549542
1669 0.04300680788543099
1670 0.04300937615536653
1671 0.04301194442530213
1672 0.04301451269523768
1673 0.043017080965173246
1674 0.04301964923510884
1675 0.043022217505044404
1676 0.04302478577497996
1677 0.043027354044915526
1678 0.04302992231485112
1679 0.0430324905847867
1680 0.04303505885472225
1681 0.043037627124657835
1682 0.04304019539459339
1683 0.043042763664528964
1684 0.043045331934464526
1685 0.04304790020440011
1686 0.04305046847433567
1687 0.043053036744271266
1688 0.04305560501420682
1689 0.04305817328414241
1690 0.04306074155407798
1691 0.043063309824013525
1692 0.04306587809394909
1693 0.04306844636388469
1694 0.04307101463382026
1695 0.043073582903755805
1696 0.04307615117369138
1697 0.043078719443626935
1698 0.04308128771356252
1699 0.04308385598349812
1700 0.043086424253433696
1701 0.04308899252336926
1702 0.04309156079330479
1703 0.0430941290632404
1704 0.04309669733317599
1705 0.04309926560311155
1706 0.04310183387304709
1707 0.043104402142982653
1708 0.04310697041291825
1709 0.04310953868285382
1710 0.04311210695278937
1711 0.04311467522272494
1712 0.04311724349266054
1713 0.043119811762596105
1714 0.04312238003253166
1715 0.04312494830246724
1716 0.04312751657240279
1717 0.04313008484233837
1718 0.04313265311227393
1719 0.04313522138220951
1720 0.04313778965214507
1721 0.04314035792208066
1722 0.04314292619201622
1723 0.04314549446195181
1724 0.04314806273188738
1725 0.04315063100182297
1726 0.043153199271758536
1727 0.04315576754169408
1728 0.04315833581162965
1729 0.043160904081565254
1730 0.04316347235150082
1731 0.04316604062143637
1732 0.04316860889137195
1733 0.043171177161307514
1734 0.04317374543124309
1735 0.043176313701178644
1736 0.043178881971114226
1737 0.04318145024104978
1738 0.04318401851098537
1739 0.04318658678092093
1740 0.04318915505085652
1741 0.04319172332079209
1742 0.04319429159072768
1743 0.04319685986066324
1744 0.04319942813059879
1745 0.04320199640053436
1746 0.04320456467046995
1747 0.043207132940405533
1748 0.04320970121034108
1749 0.043212269480276656
1750 0.04321483775021221
1751 0.04321740602014779
1752 0.04321997429008335
1753 0.04322254256001893
1754 0.04322511082995453
1755 0.04322767909989007
1756 0.04323024736982563
1757 0.04323281563976122
1758 0.04323538390969679
1759 0.043237952179632375
1760 0.04324052044956794
1761 0.04324308871950349
1762 0.043245656989439066
1763 0.043248225259374655
1764 0.04325079352931022
1765 0.04325336179924578
1766 0.04325593006918135
1767 0.04325849833911691
1768 0.04326106660905253
1769 0.043263634878988086
1770 0.04326620314892362
1771 0.04326877141885922
1772 0.04327133968879481
1773 0.04327390795873037
1774 0.043276476228665914
1775 0.043279044498601524
1776 0.043281612768537064
1777 0.04328418103847263
1778 0.04328674930840822
1779 0.04328931757834379
1780 0.043291885848279345
1781 0.04329445411821491
1782 0.04329702238815051
1783 0.043299590658086085
1784 0.04330215892802164
1785 0.043304727197957214
1786 0.04330729546789277
1787 0.04330986373782836
1788 0.04331243200776391
1789 0.043315000277699495
1790 0.04331756854763506
1791 0.04332013681757064
1792 0.04332270508750621
1793 0.043325273357441796
1794 0.043327841627377364
1795 0.043330409897312905
1796 0.04333297816724848
1797 0.04333554643718407
1798 0.04333811470711964
1799 0.04334068297705519
1800 0.04334325124699077
1801 0.043345819516926364
1802 0.04334838778686189
1803 0.0433509560567975
1804 0.043353524326733076
1805 0.04335609259666864
1806 0.04335866086660422
1807 0.043361229136539774
1808 0.043363797406475356
1809 0.043366365676410924
1810 0.04336893394634647
1811 0.04337150221628208
1812 0.04337407048621762
1813 0.04337663875615319
1814 0.04337920702608878
1815 0.043381775296024355
1816 0.0433843435659599
1817 0.043386911835895485
1818 0.04338948010583103
1819 0.04339204837576661
1820 0.04339461664570221
1821 0.043397184915637745
1822 0.04339975318557335
1823 0.04340232145550893
1824 0.043404889725444484
1825 0.04340745799538003
1826 0.043410026265315635
1827 0.04341259453525118
1828 0.043415162805186744
1829 0.04341773107512233
1830 0.04342029934505791
1831 0.04342349316441866
1832 0.04342668698377943
1833 0.04342988080314017
1834 0.043433074622500956
1835 0.043436268441861714
1836 0.04343946226122243
1837 0.04344265608058321
1838 0.04344584989994399
1839 0.043449043719304734
1840 0.04345223753866549
1841 0.04345543135802625
1842 0.04345862517738699
1843 0.04346181899674777
1844 0.04346501281610851
1845 0.04346820663546927
1846 0.043471400454830035
1847 0.04347459427419081
1848 0.04347778809355155
1849 0.043480981912912296
1850 0.043484175732273055
1851 0.04348736955163383
1852 0.0434905633709946
1853 0.04349375719035534
1854 0.043496951009716095
1855 0.043500144829076846
1856 0.04350333864843761
1857 0.04350653246779835
1858 0.043509726287159135
1859 0.04351292010651989
1860 0.043516113925880645
1861 0.04351930774524142
1862 0.04352250156460215
1863 0.043525695383962934
1864 0.04352888920332369
1865 0.04353208302268445
1866 0.04353527684204518
1867 0.043538470661405954
1868 0.0435416644807667
1869 0.04354485830012745
1870 0.043548052119488215
1871 0.043551245938848994
1872 0.043554439758209725
1873 0.04355763357757051
1874 0.04356082739693127
1875 0.04356402121629203
1876 0.043567215035652765
1877 0.043570408855013544
1878 0.04357360267437429
1879 0.04357679649373505
1880 0.04357999031309581
1881 0.04358318413245655
1882 0.04358637795181733
1883 0.04358957177117807
1884 0.04359276559053883
1885 0.0435959594098996
1886 0.04359915322926033
1887 0.043602347048621114
1888 0.043605540867981865
1889 0.04360873468734262
1890 0.04361192850670339
1891 0.04361512232606412
1892 0.043618316145424905
1893 0.043621509964785664
1894 0.043624703784146415
1895 0.04362789760350719
1896 0.043631091422867925
1897 0.043634285242228704
1898 0.04363747906158946
1899 0.04364067288095022
1900 0.043643866700310945
1901 0.043647060519671724
1902 0.04365025433903247
1903 0.04365344815839322
1904 0.043656641977753985
1905 0.04365983579711476
1906 0.04366302961647549
1907 0.04366622343583628
1908 0.04366941725519704
1909 0.0436726110745578
1910 0.04367580489391853
1911 0.043678998713279314
1912 0.04368219253264006
1913 0.04368538635200082
1914 0.04368858017136158
1915 0.043691773990722306
1916 0.043694967810083085
1917 0.04369816162944384
1918 0.043701355448804595
1919 0.04370454926816536
1920 0.04370774308752613
1921 0.04371093690688687
1922 0.04371413072624762
1923 0.04371732454560838
1924 0.043720518364969145
1925 0.04372371218432992
1926 0.04372690600369066
1927 0.04373009982305141
1928 0.04373329364241217
1929 0.043736487461772944
1930 0.04373968128113372
1931 0.04374287510049446
1932 0.04374606891985521
1933 0.04374926273921597
1934 0.04375245655857674
1935 0.04375565037793748
1936 0.043758844197298224
1937 0.04376203801665902
1938 0.04376523183601978
1939 0.043768425655380507
1940 0.04377161947474128
1941 0.04377481329410203
1942 0.04377800711346278
1943 0.04378120093282355
1944 0.043784394752184326
1945 0.04378758857154506
1946 0.0437907823909058
1947 0.04379397621026656
1948 0.043797170029627325
1949 0.0438003638489881
1950 0.043803557668348876
1951 0.04380675148770963
1952 0.04380994530707038
1953 0.043813139126431144
1954 0.043816332945791875
1955 0.043819526765152654
1956 0.043822720584513405
1957 0.043825914403874164
1958 0.04382910822323493
1959 0.04383230204259567
1960 0.043835495861956446
1961 0.0438386896813172
1962 0.043841883500677956
1963 0.04384507732003873
1964 0.04384827113939946
1965 0.0438514649587602
1966 0.043854658778120996
1967 0.043857852597481754
1968 0.043861046416842485
1969 0.043864240236203264
1970 0.043867434055564
1971 0.04387062787492475
1972 0.04387382169428551
1973 0.043877015513646284
1974 0.04388020933300702
1975 0.04388340315236781
1976 0.04388659697172856
1977 0.043889790791089324
1978 0.04389298461045009
1979 0.043896178429810834
1980 0.04389937224917158
1981 0.04390256606853233
1982 0.043905759887893095
1983 0.043908953707253874
1984 0.04391214752661461
1985 0.043915341345975356
1986 0.04391853516533615
1987 0.04392172898469687
1988 0.043924922804057645
1989 0.043928116623418424
1990 0.043931310442779176
1991 0.043934504262139934
1992 0.0439376980815007
1993 0.04394089190086144
1994 0.043944085720222216
1995 0.04394727953958297
1996 0.043950473358943726
1997 0.04395366717830449
1998 0.04395686099766523
1999 0.04396005481702597
2000 0.04396324863638676
2001 0.04396644245574748
2002 0.04396963627510825
2003 0.04397283009446903
2004 0.043976023913829765
2005 0.04397921773319052
2006 0.04398241155255128
2007 0.04398560537191205
2008 0.043988799191272826
2009 0.04399199301063357
2010 0.04399518682999432
2011 0.04399838064935509
2012 0.04400157446871586
2013 0.0440047682880766
2014 0.04400796210743734
2015 0.04401115592679809
2016 0.04401434974615886
2017 0.04401754356551962
2018 0.0440207373848804
2019 0.044023931204241154
2020 0.044027125023601905
2021 0.04403031884296267
2022 0.04403351266232341
2023 0.04403670648168419
2024 0.04403990030104493
2025 0.04404309412040569
2026 0.044046287939766456
2027 0.04404948175912723
2028 0.04405267557848797
2029 0.044055869397848724
2030 0.044059063217209475
2031 0.04406225703657025
2032 0.04406545085593098
2033 0.044068644675291764
2034 0.04407183849465251
2035 0.044075032314013274
2036 0.04407822613337403
2037 0.04408141995273478
2038 0.044084613772095556
2039 0.04408780759145631
2040 0.044091001410817066
2041 0.04409419523017783
2042 0.04409738904953857
2043 0.044100582868899355
2044 0.04410377668826011
2045 0.04410697050762087
2046 0.0441101643269816
2047 0.044113358146342346
2048 0.044116551965703125
2049 0.04411974578506388
2050 0.04412293960442464
2051 0.04412613342378537
2052 0.04412932724314615
2053 0.04413252106250693
2054 0.04413571488186769
2055 0.044138908701228455
2056 0.04414210252058919
2057 0.04414529633994993
2058 0.04414849015931071
2059 0.044151683978671474
2060 0.04415487779803224
2061 0.04415807161739297
2062 0.04416126543675375
2063 0.0441644592561145
2064 0.04416765307547526
2065 0.044170846894836024
2066 0.04417404071419676
2067 0.044177234533557534
2068 0.04418042835291829
2069 0.04418362217227905
2070 0.04418681599163981
2071 0.044190009811000554
2072 0.04419320363036133
2073 0.044196397449722084
2074 0.04419959126908285
2075 0.04420278508844361
2076 0.044205978907804346
2077 0.04420917272716509
2078 0.04421236654652588
2079 0.04421556036588661
2080 0.04421875418524737
2081 0.044221948004608144
2082 0.0442251418239689
2083 0.044228335643329654
2084 0.04423152946269041
2085 0.044234723282051185
2086 0.044237917101411915
2087 0.04424111092077267
2088 0.04424430474013347
2089 0.04424749855949418
2090 0.044250692378854956
2091 0.044253886198215735
2092 0.04425708001757648
2093 0.04426027383693724
2094 0.044263467656298
2095 0.04426666147565877
2096 0.04426985529501951
2097 0.044273049114380264
2098 0.04427624293374102
2099 0.04427943675310178
2100 0.044282630572462525
2101 0.0442858243918233
2102 0.044289018211184056
2103 0.044292212030544814
2104 0.04429540584990558
2105 0.04429859966926631
2106 0.044301793488627096
2107 0.04430498730798785
2108 0.0443081811273486
2109 0.04431137494670937
2110 0.04431456876607011
2111 0.04431776258543089
2112 0.04432095640479164
2113 0.044324150224152405
2114 0.04432734404351317
2115 0.04433053786287391
2116 0.04433373168223465
2117 0.04433692550159541
2118 0.04434011932095617
2119 0.044343313140316934
2120 0.04434650695967771
2121 0.04434970077903846
2122 0.044352894598399216
2123 0.044356088417759974
2124 0.04435928223712071
2125 0.04436247605648149
2126 0.044365669875842235
2127 0.044368863695202994
2128 0.04437205751456376
2129 0.044375251333924524
2130 0.04437844515328527
2131 0.04438163897264602
2132 0.044384832792006806
2133 0.04438802661136754
2134 0.04439122043072831
2135 0.04439441425008905
2136 0.04439760806944984
2137 0.04440080188881056
2138 0.04440399570817132
2139 0.044407189527532094
2140 0.04441038334689284
2141 0.04441357716625359
2142 0.04441677098561435
2143 0.044419964804975114
2144 0.04442315862433589
2145 0.04442635244369664
2146 0.04442954626305738
2147 0.04443274008241815
2148 0.04443593390177891
2149 0.04443912772113965
2150 0.044442321540500436
2151 0.04444551535986119
2152 0.044448709179221946
2153 0.044451902998582676
2154 0.044455096817943456
2155 0.044458290637304235
2156 0.04446148445666496
2157 0.04446467827602576
2158 0.04446787209538649
2159 0.04447106591474727
2160 0.04447425973410801
2161 0.04447745355346877
2162 0.04448064737282953
2163 0.04448384119219027
2164 0.04448703501155104
2165 0.04449022883091179
2166 0.04449342265027255
2167 0.04449661646963331
2168 0.04449981028899408
2169 0.044503004108354824
2170 0.044506197927715575
2171 0.04450939174707633
2172 0.04451258556643709
2173 0.04451577938579787
2174 0.04451897320515861
2175 0.04452216702451937
2176 0.04452536084388012
2177 0.044528554663240884
2178 0.04453174848260163
2179 0.04453494230196241
2180 0.04453813612132316
2181 0.04454132994068392
2182 0.04454452376004468
2183 0.04454771757940542
2184 0.044550911398766206
2185 0.04455410521812695
2186 0.044557299037487716
2187 0.04456049285684848
2188 0.04456368667620922
2189 0.044566880495570005
2190 0.044570074314930756
2191 0.044573268134291515
2192 0.04457646195365225
2193 0.04457965577301303
2194 0.044582849592373776
2195 0.04458604341173453
2196 0.04458923723109529
2197 0.04459279043780646
2198 0.044596343644517596
2199 0.04459989685122872
2200 0.0446034500579399
2201 0.04460700326465106
2202 0.04461055647136219
2203 0.04461410967807334
2204 0.04461766288478447
2205 0.04462121609149566
2206 0.044624769298206815
2207 0.044628322504917925
2208 0.044631875711629077
2209 0.04463542891834022
2210 0.04463898212505141
2211 0.044642535331762545
2212 0.04464608853847369
2213 0.04464964174518486
2214 0.04465319495189597
2215 0.04465674815860713
2216 0.04466030136531828
2217 0.044663854572029434
2218 0.04466740777874061
2219 0.04467096098545173
2220 0.044674514192162895
2221 0.04467806739887405
2222 0.04468162060558521
2223 0.044685173812296364
2224 0.04468872701900748
2225 0.04469228022571866
2226 0.04469583343242982
2227 0.044699386639140956
2228 0.04470293984585211
2229 0.04470649305256324
2230 0.0447100462592744
2231 0.04471359946598556
2232 0.04471715267269671
2233 0.044720705879407865
2234 0.04472425908611901
2235 0.04472781229283013
2236 0.0447313654995413
2237 0.04473491870625245
2238 0.04473847191296358
2239 0.04474202511967477
2240 0.0447455783263859
2241 0.04474913153309704
2242 0.0447526847398082
2243 0.044756237946519346
2244 0.0447597911532305
2245 0.044763344359941636
2246 0.04476689756665279
2247 0.04477045077336396
2248 0.044774003980075104
2249 0.044777557186786235
2250 0.044781110393497414
2251 0.04478466360020857
2252 0.04478821680691972
2253 0.044791770013630834
2254 0.04479532322034201
2255 0.04479887642705316
2256 0.04480242963376429
2257 0.044805982840475475
2258 0.044809536047186606
2259 0.044813089253897744
2260 0.04481664246060891
2261 0.04482019566732005
2262 0.0448237488740312
2263 0.04482730208074237
2264 0.04483085528745349
2265 0.04483440849416465
2266 0.0448379617008758
2267 0.04484151490758696
2268 0.04484506811429811
2269 0.044848621321009266
2270 0.044852174527720404
2271 0.04485572773443156
2272 0.04485928094114269
2273 0.044862834147853844
2274 0.04486638735456501
2275 0.044869940561276155
2276 0.04487349376798732
2277 0.04487704697469846
2278 0.044880600181409616
2279 0.04488415338812076
2280 0.04488770659483191
2281 0.04489125980154305
2282 0.044894813008254195
2283 0.04489836621496536
2284 0.044901919421676505
2285 0.04490547262838767
2286 0.044909025835098815
2287 0.04491257904180997
2288 0.04491613224852111
2289 0.04491968545523226
2290 0.04492323866194343
2291 0.044926791868654545
2292 0.04493034507536571
2293 0.04493389828207686
2294 0.04493745148878801
2295 0.04494100469549916
2296 0.044944557902210316
2297 0.044948111108921454
2298 0.044951664315632606
2299 0.04495521752234378
2300 0.044958770729054895
2301 0.04496232393576605
2302 0.0449658771424772
2303 0.04496943034918836
2304 0.0449729835558995
2305 0.04497653676261065
2306 0.0449800899693218
2307 0.04498364317603298
2308 0.044987196382744114
2309 0.04499074958945526
2310 0.04499430279616643
2311 0.04499785600287754
2312 0.04500140920958869
2313 0.04500496241629987
2314 0.04500851562301103
2315 0.04501206882972216
2316 0.04501562203643332
2317 0.045019175243144485
2318 0.0450227284498556
2319 0.04502628165656676
2320 0.045029834863277905
2321 0.045033388069989064
2322 0.04503694127670021
2323 0.04504049448341136
2324 0.0450440476901225
2325 0.04504760089683368
2326 0.045051154103544815
2327 0.045054707310255966
2328 0.045058260516967125
2329 0.04506181372367827
2330 0.04506536693038939
2331 0.04506892013710057
2332 0.04507247334381172
2333 0.045076026550522855
2334 0.045079579757234006
2335 0.04508313296394517
2336 0.04508668617065632
2337 0.04509023937736745
2338 0.045093792584078626
2339 0.045097345790789785
2340 0.04510089899750092
2341 0.045104452204212074
2342 0.04510800541092321
2343 0.04511155861763436
2344 0.04511511182434553
2345 0.04511866503105667
2346 0.045122218237767804
2347 0.045125771444478976
2348 0.04512932465119014
2349 0.04513287785790127
2350 0.045136431064612396
2351 0.04513998427132356
2352 0.04514353747803471
2353 0.04514709068474588
2354 0.045150643891457024
2355 0.04515419709816819
2356 0.04515775030487933
2357 0.04516130351159045
2358 0.04516485671830162
2359 0.045168409925012774
2360 0.04517196313172391
2361 0.045175516338435064
2362 0.04517906954514622
2363 0.045182622751857374
2364 0.04518617595856853
2365 0.04518972916527968
2366 0.045193282371990835
2367 0.045196835578701966
2368 0.045200388785413124
2369 0.04520394199212429
2370 0.04520749519883544
2371 0.045211048405546565
2372 0.04521460161225771
2373 0.045218154818968875
2374 0.04522170802568001
2375 0.04522526123239117
2376 0.04522881443910234
2377 0.045232367645813495
2378 0.045235920852524626
2379 0.04523947405923577
2380 0.04524302726594691
2381 0.04524658047265808
2382 0.04525013367936924
2383 0.045253686886080384
2384 0.0452572400927915
2385 0.04526079329950267
2386 0.045264346506213825
2387 0.045267899712925
2388 0.04527145291963614
2389 0.045275006126347266
2390 0.04527855933305845
2391 0.04528211253976957
2392 0.04528566574648075
2393 0.045289218953191865
2394 0.04529277215990304
2395 0.04529632536661419
2396 0.04529987857332532
2397 0.04530343178003647
2398 0.04530698498674763
2399 0.045310538193458774
2400 0.04531409140016993
2401 0.04531764460688107
2402 0.04532119781359222
2403 0.045324751020303394
2404 0.04532830422701451
2405 0.04533185743372568
2406 0.04533541064043682
2407 0.04533896384714799
2408 0.04534251705385913
2409 0.04534607026057028
2410 0.04534962346728143
2411 0.04535317667399258
2412 0.04535672988070372
2413 0.04536028308741487
2414 0.04536383629412603
2415 0.04536738950083718
2416 0.04537094270754834
2417 0.045374495914259474
2418 0.04537804912097063
2419 0.04538160232768178
2420 0.04538515553439293
2421 0.04538870874110406
2422 0.045392261947815246
2423 0.04539581515452638
2424 0.04539936836123752
2425 0.04540292156794868
2426 0.04540647477465983
2427 0.04541002798137098
2428 0.045413581188082155
2429 0.04541713439479327
2430 0.04542068760150444
2431 0.04542424080821559
2432 0.04542779401492672
2433 0.0454313472216379
2434 0.04543490042834902
2435 0.045438453635060196
2436 0.045442006841771326
2437 0.0454455600484825
2438 0.04544911325519364
2439 0.04545266646190478
2440 0.04545621966861593
2441 0.0454597728753271
2442 0.04546332608203824
2443 0.045466879288749394
2444 0.04547043249546054
2445 0.045473985702171656
2446 0.04547753890888283
2447 0.04548109211559398
2448 0.04548464532230515
2449 0.0454881985290163
2450 0.04549175173572743
2451 0.0454953049424386
2452 0.04549885814914973
2453 0.0455024113558609
2454 0.04550596456257203
2455 0.0455095177692832
2456 0.04551307097599435
2457 0.04551662418270548
2458 0.045520177389416626
2459 0.04552373059612779
2460 0.045527283802838936
2461 0.045530837009550094
2462 0.04553439021626123
2463 0.045537943422972384
2464 0.045541496629683556
2465 0.04554504983639468
2466 0.045548603043105845
2467 0.04555215624981698
2468 0.04555570945652815
2469 0.04555926266323929
2470 0.04556281586995045
2471 0.04556636907666159
2472 0.04556992228337275
2473 0.04557347549008388
2474 0.04557702869679503
2475 0.045580581903506195
2476 0.04558413511021734
2477 0.045587688316928505
2478 0.04559124152363964
2479 0.045594794730350774
2480 0.045598347937061946
2481 0.04560190114377309
2482 0.04560545435048423
2483 0.045609007557195415
2484 0.045612560763906546
2485 0.04561611397061769
2486 0.04561966717732885
2487 0.04562322038403999
2488 0.04562677359075115
2489 0.04563032679746229
2490 0.04563388000417344
2491 0.04563743321088461
2492 0.04564098641759576
2493 0.045644539624306896
2494 0.04564809283101804
2495 0.04565164603772919
2496 0.045655199244440337
2497 0.045658752451151495
2498 0.04566230565786266
2499 0.045665858864573784
2500 0.04566941207128496
2501 0.0456729652779961
2502 0.04567651848470723
2503 0.04568007169141838
2504 0.045683624898129535
2505 0.04568717810484068
2506 0.04569073131155183
2507 0.045694284518263004
2508 0.045697837724974155
2509 0.04570139093168529
2510 0.04570494413839644
2511 0.0457084973451076
2512 0.04571205055181875
2513 0.045715603758529906
2514 0.045719156965241044
2515 0.0457227101719522
2516 0.04572626337866334
2517 0.04572981658537449
2518 0.04573336979208566
2519 0.0457369229987968
2520 0.04574047620550793
2521 0.04574402941221908
2522 0.04574758261893027
2523 0.045751135825641415
2524 0.04575468903235253
2525 0.0457582422390637
2526 0.04576179544577485
2527 0.04576534865248602
2528 0.045768901859197166
2529 0.04577245506590829
2530 0.04577600827261944
2531 0.04577956147933059
2532 0.045783114686041765
2533 0.045786667892752896
2534 0.04579022109946406
2535 0.04579377430617521
2536 0.04579732751288634
2537 0.04580088071959749
2538 0.04580443392630865
2539 0.0458079871330198
2540 0.04581154033973095
2541 0.04581509354644209
2542 0.04581864675315324
2543 0.04582219995986441
2544 0.04582575316657553
2545 0.04582930637328669
2546 0.04583285957999784
2547 0.045836412786709
2548 0.04583996599342014
2549 0.0458435192001313
2550 0.04584707240684244
2551 0.04585062561355359
2552 0.04585417882026476
2553 0.04585773202697591
2554 0.045861285233687044
2555 0.04586483844039819
2556 0.04586839164710935
2557 0.04587194485382049
2558 0.04587549806053165
2559 0.04587905126724279
2560 0.04588260447395394
2561 0.045886157680665104
2562 0.04588996132443404
2563 0.04589376496820298
2564 0.0458975686119719
2565 0.04590137225574085
2566 0.045905175899509786
2567 0.04590897954327872
2568 0.045912783187047654
2569 0.04591658683081658
2570 0.045920390474585515
2571 0.04592419411835449
2572 0.04592799776212342
2573 0.04593180140589234
2574 0.04593560504966129
2575 0.045939408693430196
2576 0.04594321233719914
2577 0.045947015980968064
2578 0.045950819624737016
2579 0.045954623268505954
2580 0.0459584269122749
2581 0.04596223055604382
2582 0.045966034199812746
2583 0.0459698378435817
2584 0.04597364148735064
2585 0.045977445131119565
2586 0.0459812487748885
2587 0.04598505241865745
2588 0.045988856062426364
2589 0.04599265970619533
2590 0.04599646334996425
2591 0.046000266993733184
2592 0.04600407063750212
2593 0.046007874281271066
2594 0.04601167792504
2595 0.04601548156880893
2596 0.04601928521257787
2597 0.04602308885634682
2598 0.046026892500115754
2599 0.046030696143884685
2600 0.0460344997876536
2601 0.046038303431422546
2602 0.04604210707519149
2603 0.04604591071896042
2604 0.046049714362729345
2605 0.0460535180064983
2606 0.046057321650267234
2607 0.04606112529403618
2608 0.0460649289378051
2609 0.046068732581574026
2610 0.04607253622534297
2611 0.04607633986911191
2612 0.04608014351288084
2613 0.04608394715664976
2614 0.046087750800418714
2615 0.04609155444418765
2616 0.04609535808795659
2617 0.04609916173172551
2618 0.04610296537549444
2619 0.04610676901926338
2620 0.046110572663032354
2621 0.046114376306801284
2622 0.0461181799505702
2623 0.04612198359433915
2624 0.04612578723810809
2625 0.046129590881877
2626 0.04613339452564595
2627 0.046137198169414875
2628 0.04614100181318382
2629 0.04614480545695276
2630 0.04614860910072169
2631 0.04615241274449061
2632 0.046156216388259556
2633 0.0461600200320285
2634 0.04616382367579743
2635 0.04616762731956639
2636 0.04617143096333531
2637 0.04617523460710425
2638 0.04617903825087318
2639 0.04618284189464211
2640 0.046186645538411064
2641 0.04619044918217999
2642 0.046194252825948925
2643 0.046198056469717856
2644 0.046201860113486815
2645 0.04620566375725573
2646 0.046209467401024676
2647 0.046213271044793613
2648 0.04621707468856254
2649 0.046220878332331496
2650 0.046224681976100405
2651 0.04622848561986935
2652 0.04623228926363828
2653 0.04623609290740723
2654 0.04623989655117615
2655 0.046243700194945093
2656 0.04624750383871403
2657 0.046251307482482955
2658 0.04625511112625188
2659 0.04625891477002085
2660 0.04626271841378976
2661 0.04626652205755869
2662 0.04627032570132765
2663 0.04627412934509657
2664 0.046277932988865504
2665 0.046281736632634476
2666 0.0462855402764034
2667 0.046289343920172324
2668 0.04629314756394127
2669 0.046296951207710206
2670 0.04630075485147913
2671 0.04630455849524809
2672 0.046308362139017005
2673 0.04631216578278594
2674 0.04631596942655488
2675 0.04631977307032384
2676 0.046323576714092755
2677 0.0463273803578617
2678 0.04633118400163064
2679 0.04633498764539957
2680 0.04633879128916849
2681 0.046342594932937436
2682 0.04634639857670638
2683 0.04635020222047531
2684 0.046354005864244235
2685 0.04635780950801319
2686 0.046361613151782124
2687 0.046365416795551034
2688 0.04636922043932
2689 0.046373024083088916
2690 0.04637682772685787
2691 0.04638063137062678
2692 0.046384435014395736
2693 0.04638823865816466
2694 0.04639204230193361
2695 0.04639584594570253
2696 0.04639964958947146
2697 0.04640345323324042
2698 0.04640725687700934
2699 0.046411060520778286
2700 0.04641486416454722
2701 0.046418667808316154
2702 0.046422471452085085
2703 0.04642627509585403
2704 0.046430078739622974
2705 0.046433882383391904
2706 0.046437686027160835
2707 0.046441489670929786
2708 0.046445293314698696
2709 0.04644909695846764
2710 0.04645290060223657
2711 0.04645670424600552
2712 0.04646050788977444
2713 0.046464311533543384
2714 0.046468115177312315
2715 0.04647191882108128
2716 0.0464757224648502
2717 0.046479526108619135
2718 0.04648332975238808
2719 0.04648713339615701
2720 0.046490937039925934
2721 0.04649474068369488
2722 0.04649854432746379
2723 0.04650234797123275
2724 0.04650615161500168
2725 0.04650995525877063
2726 0.046513758902539545
2727 0.04651756254630848
2728 0.04652136619007744
2729 0.04652516983384636
2730 0.04652897347761531
2731 0.04653277712138422
2732 0.046536580765153185
2733 0.04654038440892211
2734 0.046544188052691025
2735 0.04654799169645997
2736 0.04655179534022891
2737 0.046555598983997866
2738 0.04655940262776679
2739 0.046563206271535734
2740 0.04656700991530467
2741 0.046570813559073575
2742 0.04657461720284253
2743 0.04657842084661145
2744 0.046582224490380394
2745 0.04658602813414936
2746 0.04658983177791829
2747 0.04659363542168721
2748 0.04659743906545615
2749 0.046601242709225096
2750 0.04660504635299402
2751 0.04660884999676295
2752 0.046612653640531895
2753 0.04661645728430084
2754 0.04662026092806974
2755 0.046624064571838694
2756 0.04662786821560762
2757 0.04663167185937657
2758 0.04663547550314551
2759 0.04663927914691444
2760 0.04664308279068339
2761 0.046646886434452306
2762 0.04665069007822125
2763 0.04665449372199018
2764 0.04665829736575911
2765 0.04666210100952806
2766 0.04666590465329701
2767 0.046669708297065945
2768 0.04667351194083487
2769 0.04667731558460379
2770 0.046681119228372744
2771 0.04668492287214168
2772 0.04668872651591061
2773 0.04669253015967954
2774 0.04669633380344849
2775 0.04670013744721743
2776 0.04670394109098634
2777 0.04670774473475528
2778 0.046711548378524224
2779 0.046715352022293176
2780 0.046719155666062114
2781 0.046722959309831044
2782 0.04672676295359997
2783 0.046730566597368926
2784 0.04673437024113786
2785 0.046738173884906774
2786 0.04674197752867573
2787 0.046745781172444656
2788 0.046749584816213594
2789 0.04675338845998254
2790 0.04675719210375147
2791 0.04676099574752039
2792 0.046764799391289344
2793 0.04676860303505828
2794 0.04677240667882719
2795 0.04677621032259615
2796 0.04678001396636507
2797 0.04678381761013401
2798 0.04678762125390295
2799 0.046791424897671886
2800 0.04679522854144081
2801 0.04679903218520976
2802 0.0468028358289787
2803 0.04680663947274763
2804 0.04681044311651656
2805 0.04681424676028551
2806 0.046818050404054457
2807 0.046821854047823366
2808 0.046825657691592325
2809 0.04682946133536125
2810 0.04683326497913019
2811 0.04683706862289911
2812 0.04684087226666805
2813 0.046844675910437
2814 0.046848479554205916
2815 0.04685228319797486
2816 0.0468560868417438
2817 0.046859890485512735
2818 0.04686369412928165
2819 0.046867497773050625
2820 0.04687130141681956
2821 0.04687510506058847
2822 0.0468789087043574
2823 0.046882712348126354
2824 0.04688651599189529
2825 0.04689031963566422
2826 0.04689412327943315
2827 0.04689792692320211
2828 0.04690173056697103
2829 0.04690553421074
2830 0.0469093378545089
2831 0.04691314149827783
2832 0.04691694514204677
2833 0.046920748785815716
2834 0.046924552429584654
2835 0.04692835607335358
2836 0.046932159717122536
2837 0.04693596336089145
2838 0.046939767004660383
2839 0.04694357064842935
2840 0.04694737429219828
2841 0.04695117793596719
2842 0.04695498157973614
2843 0.046958785223505065
2844 0.04696258886727403
2845 0.04696639251104295
2846 0.0469701961548119
2847 0.0469739997985808
2848 0.04697780344234974
2849 0.04698160708611869
2850 0.046985410729887635
2851 0.04698921437365655
2852 0.04699301801742551
2853 0.046996821661194434
2854 0.047000625304963385
2855 0.0470044289487323
2856 0.04700823259250124
2857 0.04701203623627017
2858 0.04701583988003913
2859 0.047019643523808045
2860 0.04702344716757698
2861 0.047027250811345914
2862 0.04703105445511487
2863 0.047034858098883796
2864 0.04703866174265274
2865 0.04704246538642168
2866 0.0470462690301906
2867 0.04705007267395953
2868 0.04705387631772848
2869 0.047057679961497415
2870 0.04706148360526635
2871 0.047065287249035276
2872 0.04706909089280422
2873 0.047072894536573144
2874 0.0470766981803421
2875 0.04708050182411103
2876 0.04708430546787996
2877 0.0470881091116489
2878 0.04709191275541784
2879 0.04709571639918677
2880 0.0470995200429557
2881 0.04710332368672465
2882 0.047107127330493596
2883 0.04711093097426252
2884 0.04711473461803146
2885 0.04711853826180041
2886 0.04712234190556932
2887 0.04712614554933826
2888 0.04712994919310719
2889 0.04713375283687612
2890 0.04713755648064506
2891 0.04714136012441401
2892 0.04714516376818294
2893 0.047148967411951875
2894 0.04715277105572082
2895 0.04715657469948977
2896 0.047160378343258674
2897 0.04716418198702761
2898 0.04716798563079656
2899 0.04717178927456551
2900 0.047175592918334425
2901 0.04717939656210338
2902 0.047183200205872314
2903 0.04718700384964124
2904 0.047190807493410175
2905 0.04719461113717911
2906 0.04719841478094804
2907 0.047202218424716995
2908 0.04720602206848591
2909 0.047209825712254856
2910 0.047213629356023794
2911 0.04721743299979272
2912 0.04722123664356167
2913 0.04722504028733061
2914 0.04722884393109955
2915 0.047232647574868475
2916 0.0472364512186374
2917 0.04724025486240635
2918 0.04724405850617529
2919 0.04724786214994422
2920 0.04725166579371314
2921 0.04725546943748209
2922 0.047259273081251
2923 0.04726307672501997
2924 0.0472668803687889
2925 0.04727068401255782
2926 0.04727448765632677
2927 0.04727852742582423
2928 0.04728256719532168
2929 0.04728660696481911
2930 0.04729064673431657
2931 0.04729468650381401
2932 0.047298726273311456
2933 0.0473027660428089
2934 0.047306805812306355
2935 0.04731084558180379
2936 0.047314885351301246
2937 0.047318925120798695
2938 0.047322964890296124
2939 0.0473270046597936
2940 0.04733104442929106
2941 0.04733508419878848
2942 0.047339123968285934
2943 0.047343163737783356
2944 0.047347203507280826
2945 0.047351243276778275
2946 0.04735528304627572
2947 0.047359322815773174
2948 0.047363362585270616
2949 0.04736740235476807
2950 0.047371442124265514
2951 0.04737548189376297
2952 0.04737952166326041
2953 0.04738356143275784
2954 0.0473876012022553
2955 0.04739164097175275
2956 0.0473956807412502
2957 0.04739972051074764
2958 0.047403760280245094
2959 0.047407800049742536
2960 0.047411839819239986
2961 0.04741587958873743
2962 0.04741991935823488
2963 0.047423959127732326
2964 0.04742799889722978
2965 0.047432038666727225
2966 0.04743607843622469
2967 0.04744011820572213
2968 0.047444157975219566
2969 0.047448197744717015
2970 0.047452237514214485
2971 0.0474562772837119
2972 0.04746031705320937
2973 0.04746435682270682
2974 0.04746839659220427
2975 0.04747243636170169
2976 0.04747647613119913
2977 0.047480515900696615
2978 0.04748455567019404
2979 0.047488595439691486
2980 0.047492635209188935
2981 0.0474966749786864
2982 0.04750071474818385
2983 0.04750475451768128
2984 0.04750879428717873
2985 0.04751283405667617
2986 0.047516873826173624
2987 0.047520913595671094
2988 0.047524953365168515
2989 0.047528993134665985
2990 0.047533032904163414
2991 0.047537072673660856
2992 0.04754111244315832
2993 0.04754515221265577
2994 0.04754919198215322
2995 0.047553231751650674
2996 0.0475572715211481
2997 0.04756131129064556
2998 0.04756535106014302
2999 0.04756939082964044
3000 0.04757343059913788
3001 0.047577470368635334
3002 0.047581510138132777
3003 0.04758554990763023
3004 0.047589589677127675
3005 0.04759362944662514
3006 0.04759766921612257
3007 0.04760170898562004
3008 0.047605748755117486
3009 0.04760978852461492
3010 0.0476138282941124
3011 0.04761786806360983
3012 0.047621907833107255
3013 0.047625947602604725
3014 0.047629987372102174
3015 0.047634027141599616
3016 0.047638066911097066
3017 0.047642106680594515
3018 0.04764614645009197
3019 0.04765018621958941
3020 0.04765422598908685
3021 0.04765826575858432
3022 0.047662305528081726
3023 0.0476663452975792
3024 0.04767038506707664
3025 0.04767442483657409
3026 0.04767846460607152
3027 0.04768250437556901
3028 0.04768654414506645
3029 0.04769058391456387
3030 0.04769462368406135
3031 0.04769866345355877
3032 0.04770270322305624
3033 0.047706742992553675
3034 0.047710782762051124
3035 0.04771482253154858
3036 0.04771886230104603
3037 0.047722902070543465
3038 0.047726941840040914
3039 0.04773098160953838
3040 0.0477350213790358
3041 0.047739061148533275
3042 0.0477431009180307
3043 0.04774714068752817
3044 0.04775118045702562
3045 0.04775522022652304
3046 0.047759259996020494
3047 0.047763299765517936
3048 0.04776733953501537
3049 0.04777137930451282
3050 0.047775419074010284
3051 0.04777945884350773
3052 0.047783498613005196
3053 0.04778753838250265
3054 0.04779157815200008
3055 0.047795617921497516
3056 0.04779965769099498
3057 0.04780369746049241
3058 0.04780773722998988
3059 0.047811776999487306
3060 0.047815816768984755
3061 0.04781985653848221
3062 0.04782389630797966
3063 0.047827936077477116
3064 0.047831975846974545
3065 0.047836015616472
3066 0.04784005538596946
3067 0.04784409515546689
3068 0.04784813492496434
3069 0.047852174694461784
3070 0.04785621446395924
3071 0.04786025423345668
3072 0.04786429400295414
3073 0.04786833377245159
3074 0.047872373541949044
3075 0.047876413311446486
3076 0.04788045308094392
3077 0.04788449285044137
3078 0.04788853261993881
3079 0.047892572389436255
3080 0.04789661215893372
3081 0.047900651928431175
3082 0.04790469169792861
3083 0.04790873146742604
3084 0.04791277123692351
3085 0.04791681100642097
3086 0.04792085077591841
3087 0.04792489054541584
3088 0.047928930314913284
3089 0.04793297008441075
3090 0.04793700985390819
3091 0.047941049623405625
3092 0.0479450893929031
3093 0.047949129162400544
3094 0.04795316893189799
3095 0.04795720870139543
3096 0.047961248470892885
3097 0.04796528824039033
3098 0.04796932800988778
3099 0.047973367779385226
3100 0.04797740754888268
3101 0.04798144731838013
3102 0.04798548708787756
3103 0.04798952685737501
3104 0.047993566626872465
3105 0.0479976063963699
3106 0.04800164616586736
3107 0.048005685935364806
3108 0.048009725704862276
3109 0.048013765474359704
3110 0.04801780524385714
3111 0.048021845013354596
3112 0.04802588478285204
3113 0.048029924552349494
3114 0.04803396432184694
3115 0.0480380040913444
3116 0.04804204386084185
3117 0.04804608363033928
3118 0.04805012339983673
3119 0.04805416316933417
3120 0.04805820293883161
3121 0.04806224270832908
3122 0.0480662824778265
3123 0.04807032224732397
3124 0.04807436201682142
3125 0.048078401786318864
3126 0.0480824415558163
3127 0.04808648132531377
3128 0.04809052109481122
3129 0.04809456086430865
3130 0.0480986006338061
3131 0.04810264040330355
3132 0.04810668017280099
3133 0.04811071994229844
3134 0.04811475971179591
3135 0.04811879948129332
3136 0.0481228392507908
3137 0.04812687902028825
3138 0.04813091878978569
3139 0.048134958559283146
3140 0.04813899832878059
3141 0.048143038098278045
3142 0.048147077867775466
3143 0.04815111763727292
3144 0.04815515740677037
3145 0.048159197176267814
3146 0.048163236945765284
3147 0.04816727671526272
3148 0.048171316484760175
3149 0.04817535625425761
3150 0.04817939602375507
3151 0.0481834357932525
3152 0.04818747556274996
3153 0.04819151533224741
3154 0.04819555510174486
3155 0.048199594871242306
3156 0.04820363464073974
3157 0.048207674410237183
3158 0.04821171417973465
3159 0.048215753949232096
3160 0.04821979371872953
3161 0.04822383348822698
3162 0.04822787325772444
3163 0.048231913027221865
3164 0.048235952796719335
3165 0.04823999256621676
3166 0.04824403233571424
3167 0.04824807210521166
3168 0.04825211187470914
3169 0.04825615164420657
3170 0.048260191413704016
3171 0.048264231183201445
3172 0.048268270952698894
3173 0.04827231072219636
3174 0.048276350491693834
3175 0.04828039026119124
3176 0.0482844300306887
3177 0.04828846980018614
3178 0.048292509569683596
3179 0.048296549339181004
3180 0.048300589108678495
3181 0.04830462887817594
3182 0.048308668647673386
3183 0.04831270841717084
3184 0.04831674818666827
3185 0.04832078795616575
3186 0.04832482772566318
3187 0.04832886749516063
3188 0.04833290726465806
3189 0.04833694703415552
3190 0.04834098680365299
3191 0.04834502657315041
3192 0.048349066342647885
3193 0.04835310611214531
3194 0.04835714588164275
3195 0.04836118565114021
3196 0.048365225420637654
3197 0.04836926519013512
3198 0.04837330495963254
3199 0.04837734472913
3200 0.048381384498627444
3201 0.04838542426812488
3202 0.04838946403762236
3203 0.0483935038071198
3204 0.04839754357661723
3205 0.04840158334611469
3206 0.04840562311561215
3207 0.04840966288510956
3208 0.04841370265460702
3209 0.04841774242410446
3210 0.04842178219360192
3211 0.04842582196309937
3212 0.048429861732596835
3213 0.04843390150209428
3214 0.04843794127159172
3215 0.04844198104108916
3216 0.048446020810586604
3217 0.04845006058008405
3218 0.048454100349581496
3219 0.048458140119078945
3220 0.04846217988857639
3221 0.04846621965807384
3222 0.04847025942757129
3223 0.048474299197068756
3224 0.04847833896656619
3225 0.048482378736063626
3226 0.04848641850556108
3227 0.04849045827505854
3228 0.04849449804455596
3229 0.04849853781405343
3230 0.04850257758355088
3231 0.04850661735304832
3232 0.04851065712254578
3233 0.04851469689204322
3234 0.04851873666154067
3235 0.04852277643103811
3236 0.048526816200535575
3237 0.04853085597003301
3238 0.04853489573953048
3239 0.048538935509027895
3240 0.04854297527852536
3241 0.048547015048022814
3242 0.04855105481752025
3243 0.04855509458701767
3244 0.04855913435651514
3245 0.04856317412601259
3246 0.048567213895510025
3247 0.04857125366500748
3248 0.04857529343450493
3249 0.04857933320400238
3250 0.048583372973499836
3251 0.04858741274299729
3252 0.04859145251249476
3253 0.04859549228199217
3254 0.04859953205148961
3255 0.048603571820987054
3256 0.048607611590484504
3257 0.048611651359981994
3258 0.04861569112947942
3259 0.04861973089897686
3260 0.04862377066847432
3261 0.048627810437971784
3262 0.04863185020746922
3263 0.04863588997696666
3264 0.04863992974646409
3265 0.04864396951596154
3266 0.048648009285458996
3267 0.048652049054956445
3268 0.04865608882445388
3269 0.048660128593951336
3270 0.0486641683634488
3271 0.04866820813294622
3272 0.04867224790244369
3273 0.04867628767194112
3274 0.04868032744143858
3275 0.04868436721093602
3276 0.04868840698043349
3277 0.048692446749930916
3278 0.048696486519428366
3279 0.04870052628892582
3280 0.04870456605842327
3281 0.0487086058279207
3282 0.048712645597418155
3283 0.0487166853669156
3284 0.04872072513641305
3285 0.0487247649059105
3286 0.04872880467540794
3287 0.04873284444490541
3288 0.04873688421440284
3289 0.0487409239839003
3290 0.04874496375339771
3291 0.04874900352289518
3292 0.04875304329239264
3293 0.04875708306189008
3294 0.048761389647239965
3295 0.04876569623258989
3296 0.04877000281793979
3297 0.04877430940328969
3298 0.04877861598863962
3299 0.04878292257398951
3300 0.048787229159339404
3301 0.04879153574468932
3302 0.048795842330039224
3303 0.048800148915389134
3304 0.04880445550073904
3305 0.04880876208608894
3306 0.04881306867143884
3307 0.048817375256788725
3308 0.04882168184213865
3309 0.04882598842748857
3310 0.04883029501283847
3311 0.04883460159818837
3312 0.04883890818353826
3313 0.04884321476888816
3314 0.048847521354238074
3315 0.04885182793958798
3316 0.04885613452493789
3317 0.04886044111028779
3318 0.0488647476956377
3319 0.048869054280987596
3320 0.0488733608663375
3321 0.048877667451687395
3322 0.0488819740370373
3323 0.048886280622387215
3324 0.0488905872077371
3325 0.048894893793087035
3326 0.04889920037843692
3327 0.04890350696378682
3328 0.048907813549136724
3329 0.048912120134486634
3330 0.04891642671983654
3331 0.048920733305186447
3332 0.04892503989053635
3333 0.048929346475886246
3334 0.04893365306123614
3335 0.04893795964658607
3336 0.04894226623193597
3337 0.048946572817285865
3338 0.04895087940263578
3339 0.04895518598798566
3340 0.048959492573335574
3341 0.04896379915868548
3342 0.048968105744035414
3343 0.04897241232938531
3344 0.04897671891473519
3345 0.04898102550008509
3346 0.04898533208543499
3347 0.048989638670784916
3348 0.04899394525613482
3349 0.048998251841484736
3350 0.04900255842683461
3351 0.04900686501218453
3352 0.04901117159753443
3353 0.04901547818288434
3354 0.049019784768234244
3355 0.049024091353584154
3356 0.04902839793893405
3357 0.04903270452428395
3358 0.049037011109633856
3359 0.04904131769498376
3360 0.04904562428033368
3361 0.049049930865683586
3362 0.04905423745103348
3363 0.04905854403638338
3364 0.049062850621733295
3365 0.04906715720708319
3366 0.04907146379243308
3367 0.04907577037778301
3368 0.049080076963132914
3369 0.04908438354848279
3370 0.04908869013383273
3371 0.049092996719182616
3372 0.049097303304532526
3373 0.049101609889882415
3374 0.049105916475232325
3375 0.04911022306058224
3376 0.049114529645932145
3377 0.04911883623128203
3378 0.04912314281663193
3379 0.04912744940198185
3380 0.04913175598733174
3381 0.049136062572681646
3382 0.04914036915803155
3383 0.04914467574338144
3384 0.04914898232873138
3385 0.049153288914081286
3386 0.04915759549943118
3387 0.04916190208478108
3388 0.049166208670130995
3389 0.0491705152554809
3390 0.04917482184083079
3391 0.04917912842618069
3392 0.04918343501153058
3393 0.049187741596880524
3394 0.049192048182230406
3395 0.0491963547675803
3396 0.04920066135293021
3397 0.04920496793828013
3398 0.04920927452362999
3399 0.04921358110897991
3400 0.04921788769432984
3401 0.049222194279679735
3402 0.04922650086502965
3403 0.04923080745037955
3404 0.049235114035729444
3405 0.049239420621079354
3406 0.04924372720642928
3407 0.04924803379177916
3408 0.04925234037712906
3409 0.049256646962478966
3410 0.04926095354782889
3411 0.04926526013317879
3412 0.04926956671852869
3413 0.049273873303878585
3414 0.04927817988922848
3415 0.049282486474578405
3416 0.049286793059928294
3417 0.0492910996452782
3418 0.04929540623062811
3419 0.049299712815978
3420 0.04930401940132792
3421 0.04930832598667781
3422 0.04931263257202772
3423 0.049316939157377636
3424 0.049321245742727525
3425 0.04932555232807746
3426 0.04932985891342734
3427 0.049334165498777255
3428 0.04933847208412716
3429 0.049342778669477075
3430 0.04934708525482697
3431 0.04935139184017683
3432 0.049355698425526756
3433 0.04936000501087669
3434 0.04936431159622659
3435 0.049368618181576486
3436 0.04937292476692638
3437 0.04937723135227629
3438 0.04938153793762621
3439 0.049385844522976105
3440 0.049390151108326
3441 0.049394457693675904
3442 0.049398764279025814
3443 0.04940307086437572
3444 0.04940737744972563
3445 0.04941168403507552
3446 0.049415990620425426
3447 0.04942029720577533
3448 0.04942460379112523
3449 0.049428910376475156
3450 0.04943321696182506
3451 0.04943752354717495
3452 0.04944183013252485
3453 0.04944613671787477
3454 0.04945044330322467
3455 0.04945474988857456
3456 0.04945905647392448
3457 0.04946336305927439
3458 0.04946766964462429
3459 0.04947197622997417
3460 0.049476282815324096
3461 0.04948058940067399
3462 0.04948489598602389
3463 0.04948920257137379
3464 0.04949350915672371
3465 0.04949781574207362
3466 0.04950212232742351
3467 0.04950642891277343
3468 0.04951073549812332
3469 0.049515042083473224
3470 0.049519348668823134
3471 0.04952365525417303
3472 0.04952796183952293
3473 0.04953226842487285
3474 0.04953657501022273
3475 0.049540881595572676
3476 0.04954518818092256
3477 0.04954949476627245
3478 0.04955380135162237
3479 0.04955810793697227
3480 0.049562414522322164
3481 0.04956672110767208
3482 0.049571027693022005
3483 0.049575334278371894
3484 0.04957964086372181
3485 0.04958394744907169
3486 0.04958825403442161
3487 0.04959256061977149
3488 0.049596867205121416
3489 0.04960117379047132
3490 0.04960548037582121
3491 0.04960978696117113
3492 0.04961409354652102
3493 0.04961840013187095
3494 0.049622706717220834
3495 0.04962701330257074
3496 0.04963131988792065
3497 0.04963562647327054
3498 0.049639933058620446
3499 0.04964423964397036
3500 0.049648546229320245
3501 0.04965285281467017
3502 0.04965715940002007
3503 0.04966146598536997
3504 0.049665772570719864
3505 0.049670079156069774
3506 0.04967438574141968
3507 0.04967869232676959
3508 0.04968299891211949
3509 0.04968730549746939
3510 0.049691612082819296
3511 0.049695918668169206
3512 0.04970022525351912
3513 0.04970453183886902
3514 0.04970883842421894
3515 0.049713145009568825
3516 0.049717451594918756
3517 0.04972175818026862
3518 0.04972606476561857
3519 0.04973037135096842
3520 0.049734677936318354
3521 0.049738984521668236
3522 0.049743291107018146
3523 0.04974759769236806
3524 0.049751904277717994
3525 0.04975621086306789
3526 0.04976051744841777
3527 0.04976482403376766
3528 0.04976913061911757
3529 0.04977343720446749
3530 0.049777743789817384
3531 0.049782050375167274
3532 0.0497863569605172
3533 0.04979066354586711
3534 0.04979497013121703
3535 0.04979927671656691
3536 0.049803583301916816
3537 0.04980788988726672
3538 0.049812196472616616
3539 0.04981650305796652
3540 0.049820809643316435
3541 0.04982511622866633
3542 0.04982942281401625
3543 0.04983372939936615
3544 0.04983803598471604
3545 0.04984234257006594
3546 0.049846649155415854
3547 0.04985095574076575
3548 0.04985526232611566
3549 0.049859568911465584
3550 0.04986387549681549
3551 0.04986818208216538
3552 0.049872488667515306
3553 0.049876795252865196
3554 0.049881101838215106
3555 0.049885408423564995
3556 0.0498897150089149
3557 0.0498940215942648
3558 0.04989832817961471
3559 0.049902634764964614
3560 0.04990694135031451
3561 0.04991124793566442
3562 0.04991555452101432
3563 0.049919861106364226
3564 0.04992416769171414
3565 0.049928474277064046
3566 0.049932780862413935
3567 0.049937087447763845
3568 0.049941394033113755
3569 0.04994570061846363
3570 0.04995000720381357
3571 0.049954313789163464
3572 0.049958620374513374
3573 0.04996292695986328
3574 0.04996723354521316
3575 0.049971540130563104
3576 0.049975846715912986
3577 0.0499801533012629
3578 0.049984459886612806
3579 0.049988766471962695
3580 0.049993073057312605
3581 0.049997379642662515
3582 0.05000168622801242
3583 0.05000599281336233
3584 0.050010299398712224
3585 0.050014605984062134
3586 0.05001891256941203
3587 0.05002321915476194
3588 0.05002752574011183
3589 0.05003183232546174
3590 0.050036138910811635
3591 0.05004044549616154
3592 0.05004475208151145
3593 0.05004905866686136
3594 0.05005336525221124
3595 0.05005767183756117
3596 0.05006197842291108
3597 0.050066285008260956
3598 0.05007059159361089
3599 0.05007489817896078
3600 0.05007920476431069
3601 0.05008351134966056
3602 0.0500878179350105
3603 0.05009212452036037
3604 0.05009643110571029
3605 0.05010073769106021
3606 0.05010504427641011
3607 0.050109350861760014
3608 0.050113657447109924
3609 0.050117964032459834
3610 0.05012227061780973
3611 0.05012657720315964
3612 0.050130883788509537
3613 0.05013519037385944
3614 0.05013949695920934
3615 0.05014380354455922
3616 0.050148110129909135
3617 0.050152416715259066
3618 0.050156723300608975
3619 0.05016102988595885
3620 0.050165336471308775
3621 0.05016964305665869
3622 0.05017394964200858
3623 0.050178256227358456
3624 0.05018256281270839
3625 0.05018686939805831
3626 0.050191175983408214
3627 0.0501954825687581
3628 0.05019978915410799
3629 0.05020409573945791
3630 0.05020840232480781
3631 0.05021270891015773
3632 0.050217015495507625
3633 0.050221322080857535
3634 0.05022562866620744
3635 0.0502299352515573
3636 0.050234241836907244
3637 0.050238548422257154
3638 0.05024285500760705
3639 0.05024716159295693
3640 0.05025146817830685
3641 0.05025577476365676
3642 0.05026008134900663
3643 0.05026438793435656
3644 0.05026869451970649
3645 0.050273001105056385
3646 0.05027730769040628
3647 0.050281614275756205
3648 0.050285920861106094
3649 0.05029022744645601
3650 0.05029453403180587
3651 0.05029884061715584
3652 0.0503031472025057
3653 0.05030745378785564
3654 0.0503117603732055
3655 0.050316066958555415
3656 0.05032037354390531
3657 0.05032468012925523
3658 0.050329340454726326
3659 0.05033400078019746
3660 0.05033866110566854
3661 0.05034332143113965
3662 0.05034798175661076
3663 0.05035264208208187
3664 0.05035730240755297
3665 0.05036196273302407
3666 0.05036662305849518
3667 0.050371283383966285
3668 0.0503759437094374
3669 0.050380604034908516
3670 0.05038526436037961
3671 0.05038992468585073
3672 0.05039458501132183
3673 0.05039924533679294
3674 0.05040390566226406
3675 0.05040856598773514
3676 0.050413226313206265
3677 0.05041788663867736
3678 0.05042254696414847
3679 0.05042720728961957
3680 0.0504318676150907
3681 0.05043652794056176
3682 0.05044118826603294
3683 0.050445848591504014
3684 0.05045050891697512
3685 0.05045516924244621
3686 0.050459829567917315
3687 0.05046448989338844
3688 0.050469150218859546
3689 0.050473810544330644
3690 0.05047847086980175
3691 0.05048313119527287
3692 0.05048779152074395
3693 0.05049245184621509
3694 0.05049711217168619
3695 0.05050177249715729
3696 0.05050643282262841
3697 0.050511093148099505
3698 0.05051575347357062
3699 0.05052041379904171
3700 0.05052507412451279
3701 0.050529734449983946
3702 0.05053439477545504
3703 0.050539055100926135
3704 0.05054371542639725
3705 0.050548375751868345
3706 0.05055303607733945
3707 0.05055769640281056
3708 0.05056235672828169
3709 0.05056701705375279
3710 0.05057167737922389
3711 0.05057633770469499
3712 0.05058099803016612
3713 0.05058565835563721
3714 0.05059031868110832
3715 0.05059497900657942
3716 0.05059963933205055
3717 0.05060429965752165
3718 0.050608959982992745
3719 0.05061362030846384
3720 0.05061828063393497
3721 0.05062294095940606
3722 0.05062760128487716
3723 0.05063226161034826
3724 0.05063692193581938
3725 0.05064158226129049
3726 0.0506462425867616
3727 0.05065090291223272
3728 0.050655563237703816
3729 0.05066022356317491
3730 0.050664883888646026
3731 0.05066954421411715
3732 0.05067420453958825
3733 0.05067886486505934
3734 0.05068352519053045
3735 0.050688185516001544
3736 0.05069284584147269
3737 0.050697506166943775
3738 0.050702166492414866
3739 0.05070682681788599
3740 0.05071148714335709
3741 0.05071614746882821
3742 0.05072080779429931
3743 0.05072546811977042
3744 0.050730128445241524
3745 0.05073478877071263
3746 0.05073944909618375
3747 0.050744109421654866
3748 0.05074876974712595
3749 0.05075343007259704
3750 0.050758090398068174
3751 0.05076275072353926
3752 0.05076741104901037
3753 0.05077207137448148
3754 0.050776731699952594
3755 0.050781392025423686
3756 0.05078605235089479
3757 0.05079071267636593
3758 0.05079537300183703
3759 0.0508000333273081
3760 0.05080469365277923
3761 0.05080935397825036
3762 0.05081401430372145
3763 0.05081867462919254
3764 0.050823334954663686
3765 0.05082799528013478
3766 0.05083265560560587
3767 0.05083731593107698
3768 0.050841976256548065
3769 0.05084663658201917
3770 0.05085129690749032
3771 0.05085595723296141
3772 0.05086061755843251
3773 0.05086527788390362
3774 0.05086993820937474
3775 0.05087459853484584
3776 0.05087925886031697
3777 0.050883919185788044
3778 0.050888579511259135
3779 0.05089323983673026
3780 0.05089790016220139
3781 0.05090256048767247
3782 0.05090722081314358
3783 0.05091188113861471
3784 0.05091654146408581
3785 0.050921201789556905
3786 0.050925862115028
3787 0.050930522440499115
3788 0.05093518276597021
3789 0.05093984309144134
3790 0.05094450341691245
3791 0.05094916374238355
3792 0.050953824067854654
3793 0.050958484393325745
3794 0.050963144718796864
3795 0.05096780504426797
3796 0.05097246536973907
3797 0.05097712569521019
3798 0.05098178602068127
3799 0.05098644634615242
3800 0.05099110667162352
3801 0.05099576699709463
3802 0.051000427322565725
3803 0.05100508764803683
3804 0.05100974797350792
3805 0.05101440829897906
3806 0.051019068624450145
3807 0.051023728949921236
3808 0.05102838927539236
3809 0.05103304960086347
3810 0.05103770992633456
3811 0.051042370251805684
3812 0.051047030577276796
3813 0.051051690902747894
3814 0.051056351228219
3815 0.05106101155369011
3816 0.05106567187916121
3817 0.051070332204632335
3818 0.05107499253010341
3819 0.051079652855574524
3820 0.05108431318104566
3821 0.05108897350651673
3822 0.05109363383198785
3823 0.051098294157458944
3824 0.0511029544829301
3825 0.05110761480840116
3826 0.051112275133872294
3827 0.05111693545934339
3828 0.0511215957848145
3829 0.05112625611028561
3830 0.05113091643575671
3831 0.05113557676122781
3832 0.051140237086698924
3833 0.05114489741217005
3834 0.051149557737641155
3835 0.05115421806311223
3836 0.05115887838858336
3837 0.05116353871405444
3838 0.05116819903952558
3839 0.05117285936499669
3840 0.05117751969046778
3841 0.05118218001593888
3842 0.05118684034141002
3843 0.0511915006668811
3844 0.0511961609923522
3845 0.051200821317823324
3846 0.05120548164329442
3847 0.05121014196876555
3848 0.051214802294236646
3849 0.051219462619707744
3850 0.05122412294517885
3851 0.05122878327064997
3852 0.05123344359612106
3853 0.05123810392159219
3854 0.051242764247063276
3855 0.05124742457253438
3856 0.05125208489800551
3857 0.0512567452234766
3858 0.05126140554894768
3859 0.05126606587441881
3860 0.051270726199889906
3861 0.051275386525361025
3862 0.051280046850832116
3863 0.051284707176303235
3864 0.05128936750177436
3865 0.05129402782724543
3866 0.05129868815271656
3867 0.051303348478187676
3868 0.051308008803658774
3869 0.05131266912912989
3870 0.05131732945460098
3871 0.051321989780072096
3872 0.051326650105543194
3873 0.05133131043101431
3874 0.051335970756485404
3875 0.05134063108195653
3876 0.05134529140742762
3877 0.05134995173289874
3878 0.051354612058369824
3879 0.051359272383840936
3880 0.051363932709312055
3881 0.051368593034783146
3882 0.05137325336025428
3883 0.05137791368572536
3884 0.05138257401119649
3885 0.051387234336667566
3886 0.05139189466213869
3887 0.0513965549876098
3888 0.05140121531308094
3889 0.05140587563855202
3890 0.05141053596402312
3891 0.05141519628949423
3892 0.051419856614965335
3893 0.051424516940436434
3894 0.05142917726590753
3895 0.051433837591378644
3896 0.051438497916849756
3897 0.05144315824232088
3898 0.05144781856779197
3899 0.05145247889326309
3900 0.051457139218734196
3901 0.05146179954420529
3902 0.0514664598696764
3903 0.05147112019514751
3904 0.0514757805206186
3905 0.0514804408460897
3906 0.05148510117156083
3907 0.051489761497031945
3908 0.05149442182250305
3909 0.051499082147974155
3910 0.05150374247344525
3911 0.05150840279891636
3912 0.05151306312438745
3913 0.05151772344985859
3914 0.051522383775329694
3915 0.051527044100800806
3916 0.051531704426271904
3917 0.05153636475174301
3918 0.05154102507721412
3919 0.051545685402685205
3920 0.05155034572815634
3921 0.05155500605362742
3922 0.05155966637909853
3923 0.051564326704569646
3924 0.05156898703004076
3925 0.05157364735551186
3926 0.051578307680982975
3927 0.051582968006454094
3928 0.051587628331925164
3929 0.051592288657396276
3930 0.051596948982867395
3931 0.05160160930833851
3932 0.05160626963380962
3933 0.051610929959280724
3934 0.051615590284751836
3935 0.05162025061022293
3936 0.051624910935694046
3937 0.051629571261165144
3938 0.05163423158663626
3939 0.05163889191210738
3940 0.05164355223757846
3941 0.05164821256304958
3942 0.05165287288852069
3943 0.0516575332139918
3944 0.0516621935394629
3945 0.05166685386493399
3946 0.0516715141904051
3947 0.05167617451587621
3948 0.05168083484134732
3949 0.05168549516681841
3950 0.051690155492289544
3951 0.051694815817760656
3952 0.05169947614323173
3953 0.05170413646870286
3954 0.05170879679417396
3955 0.05171345711964505
3956 0.05171811744511616
3957 0.05172277777058728
3958 0.0517274380960584
3959 0.05173209842152949
3960 0.05173675874700059
3961 0.051741419072471706
3962 0.051746079397942804
3963 0.05175073972341392
3964 0.05175540004888503
3965 0.05176006037435614
3966 0.05176472069982724
3967 0.05176938102529834
3968 0.05177404135076944
3969 0.051778701676240546
3970 0.05178336200171167
3971 0.05178802232718277
3972 0.05179268265265387
3973 0.05179734297812498
3974 0.0518020033035961
3975 0.051806663629067204
3976 0.05181132395453832
3977 0.05181598428000942
3978 0.05182064460548052
3979 0.051825304930951645
3980 0.05182996525642272
3981 0.05183462558189387
3982 0.05183928590736494
3983 0.051843946232836044
3984 0.05184860655830716
3985 0.051853266883778296
3986 0.05185792720924937
3987 0.05186258753472049
3988 0.05186724786019161
3989 0.051871908185662695
3990 0.05187656851113381
3991 0.05188122883660491
3992 0.05188588916207602
3993 0.05189054948754713
3994 0.05189520981301821
3995 0.051899870138489325
3996 0.05190453046396042
3997 0.05190919078943157
3998 0.051913851114902654
3999 0.05191851144037375
4000 0.05192317176584486
4001 0.05192783209131597
4002 0.05193249241678709
4003 0.05193715274225818
4004 0.05194181306772931
4005 0.05194647339320042
4006 0.05195113371867152
4007 0.051955794044142634
4008 0.05196045436961372
4009 0.05196511469508484
4010 0.05196977502055597
4011 0.05197443534602703
4012 0.051979095671498166
4013 0.051983755996969264
4014 0.051988416322440376
4015 0.05199307664791147
4016 0.051997736973382586
4017 0.05200239729885367
4018 0.05200705762432478
4019 0.05201171794979589
4020 0.052016378275267
4021 0.05202103860073814
4022 0.05202569892620924
4023 0.052030359251680335
4024 0.05203501957715143
4025 0.05203967990262256
4026 0.05204434022809365
4027 0.05204900055356477
4028 0.05205366087903583
4029 0.05205832120450697
4030 0.0520629815299781
4031 0.05206764185544918
4032 0.052072302180920294
4033 0.052076962506391405
4034 0.05208162283186251
4035 0.05208628315733361
4036 0.052090943482804734
4037 0.052095603808275825
4038 0.052100264133746944
4039 0.052104924459218036
4040 0.05210958478468915
4041 0.052114245110160246
4042 0.05211890543563136
4043 0.052123565761102476
4044 0.052128226086573574
4045 0.05213288641204471
4046 0.05213754673751578
4047 0.0521422070629869
4048 0.052146867388457994
4049 0.05215152771392911
4050 0.05215618803940022
4051 0.052160848364871296
4052 0.052165508690342435
4053 0.05217016901581354
4054 0.05217482934128468
4055 0.052179489666755736
4056 0.05218414999222685
4057 0.05218881031769797
4058 0.052193470643169065
4059 0.05219813096864018
4060 0.052202791294111296
4061 0.0522074516195824
4062 0.05221211194505351
4063 0.05221677227052461
4064 0.05222143259599572
4065 0.052226092921466814
4066 0.0522307532469379
4067 0.052235413572409004
4068 0.05224007389788014
4069 0.05224473422335126
4070 0.05224939454882235
4071 0.05225405487429345
4072 0.052258715199764556
4073 0.05226337552523567
4074 0.05226803585070679
4075 0.05227269617617789
4076 0.052277356501649004
4077 0.0522820168271201
4078 0.052286677152591214
4079 0.05229133747806231
4080 0.05229599780353339
4081 0.052300658129004536
4082 0.05230531845447564
4083 0.05230997877994674
4084 0.05231463910541787
4085 0.052319299430888956
4086 0.052323959756360054
4087 0.05232862008183119
4088 0.05233328040730229
4089 0.0523379407327734
4090 0.05234260105824451
4091 0.05234726138371559
4092 0.052351921709186705
4093 0.052356582034657824
4094 0.05236124236012892
4095 0.05236590268560001
4096 0.05237056301107113
4097 0.05237522333654225
4098 0.05237988366201335
4099 0.05238454398748447
4100 0.05238920431295555
4101 0.05239386463842664
4102 0.05239852496389775
4103 0.052403185289368895
4104 0.05240784561484001
4105 0.05241250594031109
4106 0.052417166265782196
4107 0.052421826591253315
4108 0.0524264869167244
4109 0.05243114724219555
4110 0.05243580756766664
4111 0.05244046789313774
4112 0.05244512821860887
4113 0.05244978854407993
4114 0.05245444886955104
4115 0.052459109195022134
4116 0.05246376952049326
4117 0.052468429845964365
4118 0.05247309017143548
4119 0.05247775049690659
4120 0.052482410822377694
4121 0.05248707114784879
4122 0.05249173147331992
4123 0.05249639179879101
4124 0.05250105212426213
4125 0.0525057124497332
4126 0.05251037277520435
4127 0.05251503310067546
4128 0.052519693426146576
4129 0.052524353751617674
4130 0.05252901407708876
4131 0.05253367440255986
4132 0.05253833472803101
4133 0.05254299505350209
4134 0.052547655378973226
4135 0.0525523157044443
4136 0.0525569760299154
4137 0.052561636355386535
4138 0.05256629668085762
4139 0.05257095700632869
4140 0.05257561733179982
4141 0.05258027765727095
4142 0.05258493798274205
4143 0.05258959830821317
4144 0.05259425863368428
4145 0.05259891895915537
4146 0.05260357928462646
4147 0.05260823961009759
4148 0.05261289993556868
4149 0.05261756026103977
4150 0.05262222058651089
4151 0.052626880911982026
4152 0.05263154123745313
4153 0.052636201562924215
4154 0.05264086188839533
4155 0.05264552221386642
4156 0.052650182539337544
4157 0.05265484286480864
4158 0.05265950319027977
4159 0.05266416351575086
4160 0.05266882384122198
4161 0.05267348416669307
4162 0.052678144492164174
4163 0.0526828048176353
4164 0.052687465143106425
4165 0.052692125468577496
4166 0.05269678579404862
4167 0.052701446119519726
4168 0.05270610644499081
4169 0.052710766770461916
4170 0.05271542709593305
4171 0.05272008742140416
4172 0.052724747746875245
4173 0.052729408072346357
4174 0.05273406839781746
4175 0.052738728723288573
4176 0.052743389048759685
4177 0.052748049374230804
4178 0.052752709699701895
4179 0.05275737002517301
4180 0.05276203035064409
4181 0.052766690676115245
4182 0.052771351001586315
4183 0.05277601132705743
4184 0.05278067165252854
4185 0.05278533197799966
4186 0.05278999230347075
4187 0.05279465262894182
4188 0.05279931295441296
4189 0.05280397327988407
4190 0.05280863360535518
4191 0.05281329393082629
4192 0.05281795425629737
4193 0.05282261458176851
4194 0.05282727490723964
4195 0.05283193523271071
4196 0.05283659555818183
4197 0.05284125588365293
4198 0.05284591620912402
4199 0.05285057653459513
4200 0.052855236860066254
4201 0.052859897185537345
4202 0.05286455751100847
4203 0.052869217836479555
4204 0.05287387816195068
4205 0.05287853848742178
4206 0.05288319881289287
4207 0.05288785913836399
4208 0.052892519463835115
4209 0.052897179789306206
4210 0.052901840114777304
4211 0.052906500440248416
4212 0.05291116076571953
4213 0.05291582109119063
4214 0.05292048141666172
4215 0.05292514174213285
4216 0.052929802067603955
4217 0.05293446239307507
4218 0.052939122718546165
4219 0.05294378304401729
4220 0.052948443369488375
4221 0.05295310369495948
4222 0.052957764020430585
4223 0.0529624243459017
4224 0.052967084671372816
4225 0.05297174499684391
4226 0.05297640532231502
4227 0.052981065647786145
4228 0.052985725973257236
4229 0.05299038629872833
4230 0.05299504662419945
4231 0.052999706949670565
4232 0.05300436727514167
4233 0.05300902760061279
4234 0.05301368792608388
4235 0.053018348251554985
4236 0.05302300857702609
4237 0.05302766890249721
4238 0.05303232922796831
4239 0.05303698955343941
4240 0.05304164987891055
4241 0.053046310204381615
4242 0.05305097052985274
4243 0.05305563085532386
4244 0.05306029118079495
4245 0.05306495150626606
4246 0.05306961183173716
4247 0.053074272157208266
4248 0.05307893248267937
4249 0.053083592808150476
4250 0.05308825313362159
4251 0.053092913459092686
4252 0.05309757378456379
4253 0.053102234110034896
4254 0.05310689443550603
4255 0.053111554760977134
4256 0.053116215086448225
4257 0.053120875411919344
4258 0.05312553573739045
4259 0.053130196062861526
4260 0.053134856388332645
4261 0.05313951671380376
4262 0.05314417703927485
4263 0.05314883736474599
4264 0.05315349769021708
4265 0.0531581580156882
4266 0.05316281834115928
4267 0.05316747866663037
4268 0.053172138992101485
4269 0.05317679931757263
4270 0.05318145964304372
4271 0.05318611996851482
4272 0.053190780293985926
4273 0.053195440619457045
4274 0.053200100944928164
4275 0.05320476127039925
4276 0.053209421595870374
4277 0.05321408192134147
4278 0.05321874224681256
4279 0.053223402572283675
4280 0.0532280628977548
4281 0.05323272322322589
4282 0.05323738354869699
4283 0.0532420438741681
4284 0.053246704199639214
4285 0.05325136452511033
4286 0.05325602485058142
4287 0.05326068517605258
4288 0.05326534550152364
4289 0.05327000582699477
4290 0.05327466615246588
4291 0.05327932647793697
4292 0.053283986803408075
4293 0.05328864712887918
4294 0.053293307454350285
4295 0.0532979677798214
4296 0.053302628105292495
4297 0.05330728843076362
4298 0.05331194875623471
4299 0.05331660908170582
4300 0.05332126940717693
4301 0.05332592973264806
4302 0.053330590058119146
4303 0.05333525038359025
4304 0.053339910709061356
4305 0.05334457103453246
4306 0.053349231360003586
4307 0.053353891685474684
4308 0.053358552010945776
4309 0.053363212336416874
4310 0.05336787266188801
4311 0.05337253298735914
4312 0.05337719331283019
4313 0.0533818536383013
4314 0.05338651396377242
4315 0.05339117428924354
4316 0.05339583461471464
4317 0.053400494940185735
4318 0.05340515526565685
4319 0.05340981559112796
4320 0.05341447591659908
4321 0.05341913624207019
4322 0.05342379656754128
4323 0.05342845689301238
4324 0.0534331172184835
4325 0.05343777754395461
4326 0.05344243786942572
4327 0.053447098194896805
4328 0.05345175852036792
4329 0.053456418845838995
4330 0.05346107917131014
4331 0.05346573949678123
4332 0.05347039982225235
4333 0.053475060147723456
4334 0.05347972047319455
4335 0.053484380798665694
4336 0.05348904112413678
4337 0.05349370144960789
4338 0.053498361775078995
4339 0.05350302210055011
4340 0.05350768242602122
4341 0.05351234275149231
4342 0.05351700307696342
4343 0.05352166340243452
4344 0.053526323727905625
4345 0.05353098405337674
4346 0.05353564437884784
4347 0.05354030470431895
4348 0.05354496502979006
4349 0.053549625355261164
4350 0.05355428568073227
4351 0.05355894600620339
4352 0.05356360633167447
4353 0.053568266657145605
4354 0.0535729269826167
4355 0.05357758730808779
4356 0.05358224763355892
4357 0.05358690795903002
4358 0.05359156828450111
4359 0.05359622860997222
4360 0.05360088893544334
4361 0.05360554926091443
4362 0.05361020958638554
4363 0.05361486991185666
4364 0.05361953023732776
4365 0.05362419056279886
4366 0.053628850888269984
4367 0.05363351121374109
4368 0.053638171539212194
4369 0.0536428318646833
4370 0.05364749219015439
4371 0.053652152515625516
4372 0.053656812841096635
4373 0.05366147316656771
4374 0.05366613349203884
4375 0.053670793817509964
4376 0.05367545414298104
4377 0.053680114468452146
4378 0.05368477479392324
4379 0.05368943511939438
4380 0.05369409544486548
4381 0.05369875577033658
4382 0.0537034160958077
4383 0.053708076421278804
4384 0.053712736746749916
4385 0.053717397072221
4386 0.053722057397692105
4387 0.053726717723163224
4388 0.05373182690173115
4389 0.05373693608029907
4390 0.05374204525886705
4391 0.053747154437435
4392 0.05375226361600292
4393 0.05375737279457088
4394 0.053762481973138765
4395 0.053767591151706706
4396 0.053772700330274655
4397 0.05377780950884261
4398 0.05378291868741054
4399 0.0537880278659785
4400 0.053793137044546406
4401 0.05379824622311434
4402 0.05380335540168229
4403 0.053808464580250216
4404 0.05381357375881816
4405 0.0538186829373861
4406 0.05382379211595404
4407 0.053828901294521954
4408 0.053834010473089916
4409 0.053839119651657864
4410 0.053844228830225785
4411 0.053849338008793726
4412 0.05385444718736168
4413 0.05385955636592959
4414 0.05386466554449753
4415 0.05386977472306547
4416 0.05387488390163342
4417 0.05387999308020135
4418 0.053885102258769274
4419 0.05389021143733723
4420 0.05389532061590515
4421 0.053900429794473084
4422 0.05390553897304104
4423 0.053910648151608974
4424 0.05391575733017692
4425 0.05392086650874484
4426 0.053925975687312784
4427 0.05393108486588074
4428 0.05393619404444865
4429 0.053941303223016615
4430 0.05394641240158452
4431 0.053951521580152484
4432 0.05395663075872042
4433 0.05396173993728835
4434 0.0539668491158563
4435 0.05397195829442422
4436 0.053977067472992205
4437 0.053982176651560104
4438 0.05398728583012805
4439 0.05399239500869599
4440 0.053997504187263894
4441 0.054002613365831856
4442 0.054007722544399804
4443 0.05401283172296774
4444 0.05401794090153565
4445 0.054023050080103614
4446 0.05402815925867153
4447 0.05403326843723948
4448 0.0540383776158074
4449 0.05404348679437538
4450 0.05404859597294329
4451 0.054053705151511255
4452 0.05405881433007917
4453 0.0540639235086471
4454 0.054069032687215045
4455 0.054074141865782986
4456 0.0540792510443509
4457 0.054084360222918834
4458 0.05408946940148679
4459 0.0540945785800547
4460 0.054099687758622686
4461 0.05410479693719059
4462 0.054109906115758555
4463 0.0541150152943265
4464 0.054120124472894444
4465 0.05412523365146235
4466 0.0541303428300303
4467 0.054135452008598234
4468 0.054140561187166154
4469 0.05414567036573411
4470 0.05415077954430207
4471 0.05415588872287
4472 0.05416099790143793
4473 0.05416610708000585
4474 0.054171216258573796
4475 0.054176325437141744
4476 0.05418143461570967
4477 0.05418654379427762
4478 0.054191652972845554
4479 0.054196762151413495
4480 0.05420187132998144
4481 0.054206980508549385
4482 0.054212089687117306
4483 0.05421719886568523
4484 0.05422230804425317
4485 0.05422741722282108
4486 0.05423252640138905
4487 0.05423763557995697
4488 0.05424274475852491
4489 0.05424785393709287
4490 0.054252963115660816
4491 0.05425807229422874
4492 0.05426318147279668
4493 0.05426829065136461
4494 0.054273399829932546
4495 0.05427850900850049
4496 0.054283618187068415
4497 0.05428872736563638
4498 0.05429383654420434
4499 0.05429894572277224
4500 0.054304054901340174
4501 0.054309164079908136
4502 0.05431427325847603
4503 0.05431938243704399
4504 0.05432449161561191
4505 0.054329600794179846
4506 0.054334709972747815
4507 0.05433981915131574
4508 0.05434492832988367
4509 0.054350037508451604
4510 0.05435514668701958
4511 0.054360255865587494
4512 0.054365365044155435
4513 0.05437047422272336
4514 0.054375583401291304
4515 0.05438069257985924
4516 0.05438580175842721
4517 0.0543909109369951
4518 0.05439602011556306
4519 0.05440112929413098
4520 0.05440623847269894
4521 0.05441134765126687
4522 0.05441645682983481
4523 0.05442156600840273
4524 0.05442667518697067
4525 0.0544317843655386
4526 0.05443689354410656
4527 0.05444200272267451
4528 0.054447111901242434
4529 0.054452221079810376
4530 0.054457330258378296
4531 0.054462439436946244
4532 0.05446754861551418
4533 0.05447265779408213
4534 0.054477766972650034
4535 0.05448287615121801
4536 0.054487985329785944
4537 0.05449309450835388
4538 0.05449820368692182
4539 0.05450331286548974
4540 0.05450842204405768
4541 0.05451353122262562
4542 0.054518640401193585
4543 0.0545237495797615
4544 0.05452885875832942
4545 0.05453396793689736
4546 0.0545390771154653
4547 0.05454418629403324
4548 0.05454929547260118
4549 0.054554404651169106
4550 0.05455951382973708
4551 0.054564623008305016
4552 0.054569732186872937
4553 0.054574841365440906
4554 0.05457995054400879
4555 0.054585059722576754
4556 0.05459016890114465
4557 0.05459527807971264
4558 0.054600387258280536
4559 0.054605496436848484
4560 0.054610605615416426
4561 0.0546157147939844
4562 0.054620823972552315
4563 0.054625933151120264
4564 0.05463104232968819
4565 0.05463615150825612
4566 0.05464126068682406
4567 0.054646369865391974
4568 0.05465147904395994
4569 0.05465658822252788
4570 0.05466169740109583
4571 0.05466680657966372
4572 0.05467191575823169
4573 0.05467702493679962
4574 0.05468213411536757
4575 0.0546872432939355
4576 0.05469235247250345
4577 0.05469746165107137
4578 0.05470257082963931
4579 0.054707680008207256
4580 0.054712789186775176
4581 0.05471789836534314
4582 0.05472300754391106
4583 0.054728116722478994
4584 0.05473322590104692
4585 0.054738335079614855
4586 0.05474344425818279
4587 0.054748553436750766
4588 0.054753662615318686
4589 0.054758771793886635
4590 0.054763880972454576
4591 0.0547689901510225
4592 0.05477409932959044
4593 0.05477920850815837
4594 0.05478431768672631
4595 0.054789426865294255
4596 0.054794536043862196
4597 0.05479964522243012
4598 0.05480475440099807
4599 0.054809863579566
4600 0.054814972758133934
4601 0.054820081936701875
4602 0.05482519111526982
4603 0.05483030029383775
4604 0.05483540947240572
4605 0.054840518650973634
4606 0.054845627829541575
4607 0.0548507370081095
4608 0.05485584618667744
4609 0.05486095536524537
4610 0.05486606454381332
4611 0.05487117372238123
4612 0.05487628290094918
4613 0.054881392079517165
4614 0.05488650125808506
4615 0.05489161043665303
4616 0.05489671961522093
4617 0.054901828793788916
4618 0.054906937972356816
4619 0.05491204715092475
4620 0.0549171563294927
4621 0.05492226550806061
4622 0.05492737468662857
4623 0.05493248386519651
4624 0.05493759304376443
4625 0.05494270222233236
4626 0.054947811400900305
4627 0.05495292057946823
4628 0.05495802975803622
4629 0.05496313893660413
4630 0.05496824811517207
4631 0.054973357293740005
4632 0.054978466472307926
4633 0.05498357565087589
4634 0.05498868482944382
4635 0.05499379400801176
4636 0.054998903186579705
4637 0.05500401236514763
4638 0.055009121543715574
4639 0.05501423072228353
4640 0.05501933990085145
4641 0.05502444907941941
4642 0.05502955825798732
4643 0.05503466743655526
4644 0.0550397766151232
4645 0.055044885793691156
4646 0.055049994972259104
4647 0.055055104150827
4648 0.05506021332939497
4649 0.055065322507962894
4650 0.05507043168653082
4651 0.05507554086509878
4652 0.05508065004366671
4653 0.05508575922223463
4654 0.055090868400802566
4655 0.05509597757937051
4656 0.055101086757938435
4657 0.05510619593650639
4658 0.0551113051150743
4659 0.05511641429364224
4660 0.055121523472210214
4661 0.05512663265077813
4662 0.05513174182934605
4663 0.05513685100791402
4664 0.055141960186481966
4665 0.05514706936504989
4666 0.05515217854361781
4667 0.05515728772218575
4668 0.05516239690075372
4669 0.05516750607932162
4670 0.05517261525788958
4671 0.05517772443645751
4672 0.055182833615025476
4673 0.055187942793593375
4674 0.05519305197216134
4675 0.05519816115072927
4676 0.0552032703292972
4677 0.055208379507865134
4678 0.055213488686433075
4679 0.05521859786500102
4680 0.05522370704356892
4681 0.0552288162221369
4682 0.055233925400704834
4683 0.055239034579272775
4684 0.0552441437578407
4685 0.05524925293640862
4686 0.05525436211497658
4687 0.05525947129354453
4688 0.05526458047211244
4689 0.05526968965068039
4690 0.05527479882924833
4691 0.05527990800781624
4692 0.05528501718638423
4693 0.05529012636495214
4694 0.05529523554352009
4695 0.055300344722088016
4696 0.05530545390065593
4697 0.0553105630792239
4698 0.055315672257791826
4699 0.05532078143635976
4700 0.05532589061492769
4701 0.05533099979349564
4702 0.05533610897206359
4703 0.055341218150631526
4704 0.05534632732919946
4705 0.05535143650776739
4706 0.05535654568633532
4707 0.05536165486490327
4708 0.0553667640434712
4709 0.05537187322203912
4710 0.05537698240060708
4711 0.05538209157917501
4712 0.05538720075774293
4713 0.0553923099363109
4714 0.055397419114878804
4715 0.055402528293446766
4716 0.05540763747201471
4717 0.055412746650582656
4718 0.05541785582915058
4719 0.05542296500771854
4720 0.05542807418628645
4721 0.055433183364854414
4722 0.05543829254342233
4723 0.05544340172199026
4724 0.0554485109005582
4725 0.05545362007912616
4726 0.055458729257694094
4727 0.055463838436262014
4728 0.05546894761482997
4729 0.055474056793397904
4730 0.055479165971965824
4731 0.05548427515053375
4732 0.05548938432910171
4733 0.055494493507669676
4734 0.0554996026862376
4735 0.05550471186480551
4736 0.05550982104337348
4737 0.0555149302219414
4738 0.05552003940050933
4739 0.05552514857907726
4740 0.055530257757645196
4741 0.05553536693621316
4742 0.055540476114781065
4743 0.05554558529334902
4744 0.05555069447191698
4745 0.05555580365048489
4746 0.055560912829052816
4747 0.05556602200762076
4748 0.05557113118618871
4749 0.055576240364756634
4750 0.055581349543324596
4751 0.055586458721892516
4752 0.05559156790046046
4753 0.05559667707902841
4754 0.055601786257596326
4755 0.05560689543616427
4756 0.05561200461473221
4757 0.05561711379330015
4758 0.05562222297186808
4759 0.055627332150436026
4760 0.05563244132900396
4761 0.05563755050757191
4762 0.05564265968613985
4763 0.05564776886470776
4764 0.05565287804327574
4765 0.05565798722184365
4766 0.055663096400411595
4767 0.05566820557897953
4768 0.05567331475754748
4769 0.0556784239361154
4770 0.05568353311468333
4771 0.055688642293251246
4772 0.0556937514718192
4773 0.05569886065038716
4774 0.05570396982895506
4775 0.05570907900752301
4776 0.05571418818609096
4777 0.055719297364658874
4778 0.05572440654322684
4779 0.055729515721794784
4780 0.05573462490036273
4781 0.05573973407893068
4782 0.05574484325749857
4783 0.055749952436066515
4784 0.05575506161463447
4785 0.05576017079320242
4786 0.055765279971770346
4787 0.05577038915033828
4788 0.055775498328906215
4789 0.05578060750747417
4790 0.055785716686042104
4791 0.05579082586461002
4792 0.05579593504317795
4793 0.055801044221745894
4794 0.05580615340031385
4795 0.05581126257888178
4796 0.055816371757449725
4797 0.05582148093601764
4798 0.05582659011458559
4799 0.055831699293153535
4800 0.05583680847172147
4801 0.05584191765028942
4802 0.05584702682885732
4803 0.05585213600742527
4804 0.05585724518599321
4805 0.05586235436456114
4806 0.05586746354312909
4807 0.05587257272169704
4808 0.055877681900264965
4809 0.05588279107883292
4810 0.05588790025740084
4811 0.05589300943596879
4812 0.05589811861453671
4813 0.055903227793104644
4814 0.05590833697167259
4815 0.05591344615024056
4816 0.055918555328808475
4817 0.05592366450737641
4818 0.05592877368594434
4819 0.055933882864512306
4820 0.055938992043080206
4821 0.055944101221648175
4822 0.05594921040021608
4823 0.055954319578784016
4824 0.055959428757351985
4825 0.055964537935919906
4826 0.05596964711448784
4827 0.055974756293055795
4828 0.05597986547162372
4829 0.055984974650191664
4830 0.0559900838287596
4831 0.05599519300732753
4832 0.05600030218589547
4833 0.0560054113644634
4834 0.05601052054303133
4835 0.056015629721599285
4836 0.05602073890016721
4837 0.05602584807873516
4838 0.05603095725730312
4839 0.05603606643587103
4840 0.05604117561443895
4841 0.05604628479300691
4842 0.056051393971574846
4843 0.056056503150142774
4844 0.056061612328710715
4845 0.05606672150727866
4846 0.0560718306858466
4847 0.056076939864414525
4848 0.05608204904298246
4849 0.056087158221550415
4850 0.05609226740011836
4851 0.0560973765786863
4852 0.05610248575725421
4853 0.05610759493582219
4854 0.056112704114390115
4855 0.05611781329295805
4856 0.056122922471526
4857 0.05612803165009391
4858 0.056133140828661825
4859 0.05613825000722979
4860 0.05614335918579772
4861 0.056148468364365677
4862 0.05615357754293359
4863 0.056158686721501545
4864 0.05616379590006947
4865 0.05616890507863742
4866 0.05617401425720536
4867 0.05617912343577331
4868 0.056184232614341204
4869 0.05618934179290918
4870 0.056194450971477114
4871 0.056199560150045035
4872 0.056204669328612976
4873 0.05620977850718091
4874 0.05621488768574885
4875 0.056219996864316786
4876 0.056225106042884755
4877 0.05623021522145267
4878 0.056235324400020596
4879 0.05624043357858854
4880 0.05624554275715648
4881 0.0562506519357244
4882 0.05625576111429234
4883 0.056260870292860275
4884 0.05626597947142823
4885 0.05627108864999616
4886 0.056276197828564106
4887 0.05628130700713204
4888 0.05628641618569996
4889 0.05629152536426793
4890 0.056296634542835844
4891 0.056301743721403785
4892 0.05630685289997173
4893 0.05631196207853966
4894 0.0563170712571076
4895 0.056322180435675544
4896 0.05632728961424349
4897 0.05633239879281141
4898 0.056337507971379354
4899 0.056342617149947316
4900 0.0563477263285152
4901 0.05635283550708316
4902 0.056357944685651105
4903 0.056363053864219054
4904 0.056368163042786974
4905 0.05637327222135493
4906 0.05637838139992286
4907 0.0563834905784908
4908 0.05638859975705873
4909 0.056393708935626674
4910 0.0563988181141946
4911 0.056403927292762536
4912 0.05640903647133047
4913 0.05641414564989843
4914 0.05641925482846635
4915 0.05642436400703428
4916 0.056429473185602215
4917 0.05643458236417017
4918 0.0564396915427381
4919 0.05644480072130605
4920 0.05644990989987397
4921 0.05645501907844195
4922 0.05646012825700986
4923 0.0564652374355778
4924 0.056470346614145725
4925 0.05647545579271366
4926 0.05648056497128162
4927 0.05648567414984955
4928 0.05649078332841748
4929 0.05649589250698541
4930 0.056501001685553345
4931 0.056506110864121266
4932 0.05651122004268922
4933 0.05651632922125718
4934 0.056521438399825125
4935 0.05652654757839304
4936 0.05653165675696097
4937 0.05653676593552892
4938 0.056541875114096855
4939 0.05654698429266478
4940 0.056552093471232724
4941 0.05655720264980066
4942 0.056562311828368614
4943 0.05656742100693654
4944 0.05657253018550448
4945 0.056577639364072424
4946 0.05658274854264033
4947 0.0565878577212083
4948 0.05659296689977623
4949 0.05659807607834419
4950 0.05660318525691212
4951 0.05660829443548004
4952 0.056613403614047986
4953 0.05661851279261594
4954 0.05662362197118386
4955 0.05662873114975181
4956 0.05663384032831973
4957 0.05663894950688766
4958 0.05664405868545563
4959 0.05664916786402354
4960 0.05665427704259148
4961 0.05665938622115942
4962 0.05666449539972737
4963 0.05666960457829532
4964 0.056674713756863254
4965 0.05667982293543116
4966 0.056684932113999095
4967 0.056690041292567064
4968 0.05669515047113498
4969 0.05670025964970291
4970 0.05670536882827088
4971 0.05671047800683881
4972 0.05671558718540673
4973 0.05672069636397468
4974 0.05672580554254262
4975 0.05673091472111056
4976 0.0567360238996785
4977 0.05674113307824644
4978 0.05674624225681436
4979 0.05675135143538232
4980 0.056756460613950226
4981 0.0567615697925182
4982 0.0567666789710861
4983 0.056771788149654064
4984 0.05677689732822198
4985 0.05678200650678994
4986 0.05678711568535787
4987 0.0567922248639258
4988 0.056797334042493736
4989 0.05680244322106166
4990 0.056807552399629625
4991 0.05681266157819756
4992 0.0568177707567655
4993 0.056822879935333415
4994 0.05682798911390138
4995 0.056833098292469304
4996 0.056838207471037246
4997 0.05684331664960518
4998 0.056848425828173114
4999 0.05685353500674106
5000 0.056858644185309004
5001 0.056863753363876925
5002 0.05686886254244488
5003 0.056873971721012814
5004 0.05687908089958073
5005 0.05688419007814869
5006 0.05688929925671662
5007 0.05689440843528455
5008 0.0568995176138525
5009 0.05690462679242043
5010 0.056909735970988355
5011 0.0569148451495563
5012 0.05691995432812424
5013 0.05692506350669217
5014 0.056930172685260134
5015 0.05693528186382805
5016 0.056940391042396
5017 0.056945500220963924
5018 0.05695060939953186
5019 0.05695571857809981
5020 0.056960827756667734
5021 0.05696593693523569
5022 0.056971046113803624
5023 0.05697615529237156
5024 0.0569812644709395
5025 0.05698637364950742
5026 0.05699148282807536
5027 0.05699659200664332
5028 0.05700170118521125
5029 0.057006810363779185
5030 0.05701191954234711
5031 0.057017028720915075
5032 0.057022137899482996
5033 0.05702724707805092
5034 0.05703235625661889
5035 0.057037465435186785
5036 0.05704257461375476
5037 0.05704768379232269
5038 0.057052792970890616
5039 0.057057902149458564
5040 0.05706301132802651
5041 0.057068120506594405
5042 0.057073229685162374
5043 0.057078338863730316
5044 0.05708344804229826
5045 0.057088557220866185
5046 0.05709366639943411
5047 0.05709877557800207
5048 0.05710388475656999
5049 0.05710899393513792
5050 0.0571141031137059
5051 0.05711921229227379
5052 0.05712432147084178
5053 0.05712943064940967
5054 0.05713453982797763
5055 0.05713964900654554
5056 0.05714475818511352
5057 0.057149867363681446
5058 0.05715497654224937
5059 0.057160085720817336
5060 0.05716519489938524
5061 0.057170304077953205
5062 0.057175413256521125
5063 0.057180522435089066
5064 0.05718563161365701
5065 0.05719074079222494
5066 0.05719584997079287
5067 0.05720095914936081
5068 0.057206068327928725
5069 0.05721117750649666
5070 0.05721628668506462
5071 0.05722139586363256
5072 0.057226505042200504
5073 0.05723161422076844
5074 0.05723672339933637
5075 0.05724183257790432
5076 0.05724694175647226
5077 0.05725205093504019
5078 0.057257160113608145
5079 0.05726226929217607
5080 0.05726737847074402
5081 0.05727248764931195
5082 0.05727759682787987
5083 0.057282706006447845
5084 0.057287815185015765
5085 0.05729292436358368
5086 0.05729803354215164
5087 0.057303142720719596
5088 0.05730825189928751
5089 0.057313361077855465
5090 0.0573184702564234
5091 0.05732357943499132
5092 0.05732868861355926
5093 0.05733379779212718
5094 0.057338906970695123
5095 0.05734401614926307
5096 0.05734912532783103
5097 0.057354234506398954
5098 0.057359343684966896
5099 0.05736445286353483
5100 0.05736956204210275
5101 0.05737467122067068
5102 0.05737978039923863
5103 0.057384889577806575
5104 0.057389998756374516
5105 0.05739510793494245
5106 0.05740021711351039
5107 0.05740532629207832
5108 0.05741043547064627
5109 0.05741554464921419
5110 0.05742065382778214
5111 0.057425763006350064
5112 0.057430872184917985
5113 0.05743598136348595
5114 0.05744109054205386
5115 0.057446199720621816
5116 0.05745130889918978
5117 0.0574564180777577
5118 0.057461527256325654
5119 0.057466636434893574
5120 0.057471745613461536
5121 0.057476854792029436
5122 0.057481963970597356
5123 0.05748707314916532
5124 0.05749218232773327
5125 0.057497291506301194
5126 0.05750240068486914
5127 0.05750750986343709
5128 0.05751261904200503
5129 0.057517728220572946
5130 0.05752283739914088
5131 0.05752794657770883
5132 0.05753305575627674
5133 0.057538164934844684
5134 0.057543274113412646
5135 0.05754838329198059
5136 0.0575534924705485
5137 0.05755860164911646
5138 0.05756371082768438
5139 0.057568820006252325
5140 0.05757392918482025
5141 0.057579038363388214
5142 0.05758414754195613
5143 0.05758925672052405
5144 0.057594365899092025
5145 0.05759947507765994
5146 0.057604584256227914
5147 0.05760969343479584
5148 0.05761480261336376
5149 0.057619911791931704
5150 0.05762502097049964
5151 0.057630130149067586
5152 0.057635239327635514
5153 0.057640348506203434
5154 0.05764545768477142
5155 0.057650566863339324
5156 0.057655676041907265
5157 0.05766078522047521
5158 0.057665894399043155
5159 0.05767100357761109
5160 0.05767611275617904
5161 0.057681221934746965
5162 0.05768633111331488
5163 0.05769144029188282
5164 0.057696549470450754
5165 0.0577016586490187
5166 0.05770676782758666
5167 0.057711877006154565
5168 0.05771698618472253
5169 0.05772209536329046
5170 0.057727204541858375
5171 0.05773231372042636
5172 0.05773742289899425
5173 0.05774253207756221
5174 0.05774764125613011
5175 0.05775275043469808
5176 0.057757859613266016
5177 0.05776296879183396
5178 0.057768077970401885
5179 0.05777318714896983
5180 0.05777829632753777
5181 0.05778340550610569
5182 0.05778851468467363
5183 0.05779362386324159
5184 0.057798733041809526
5185 0.05780384222037746
5186 0.05780895139894538
5187 0.05781406057751334
5188 0.057819169756081264
5189 0.0578242789346492
5190 0.05782938811321713
5191 0.05783449729178508
5192 0.057839606470353015
5193 0.05784471564892096
5194 0.05784982482748887
5195 0.057854934006056825
5196 0.05786004318462477
5197 0.057865152363192694
5198 0.057870261541760636
5199 0.05787537072032859
5200 0.057880479898896525
5201 0.05788558907746445
5202 0.05789069825603238
5203 0.05789580743460034
5204 0.05790091661316826
5205 0.057906025791736204
5206 0.05791113497030412
5207 0.057916244148872115
5208 0.05792135332744002
5209 0.05792646250600796
5210 0.0579315716845759
5211 0.05793668086314383
5212 0.05794179004171177
5213 0.0579468992202797
5214 0.057952008398847656
5215 0.057957117577415576
5216 0.057962226755983504
5217 0.05796733593455145
5218 0.057972445113119414
5219 0.05797755429168731
5220 0.05798266347025526
5221 0.05798777264882321
5222 0.057992881827391124
5223 0.0579979910059591
5224 0.058003100184527
5225 0.05800820936309496
5226 0.05801331854166291
5227 0.058018427720230824
5228 0.058023536898798765
5229 0.0580286460773667
5230 0.05803375525593466
5231 0.058038864434502575
5232 0.058043973613070524
5233 0.058049082791638486
5234 0.05805419197020639
5235 0.05805930114877433
5236 0.05806441032734226
5237 0.05806951950591021
5238 0.05807462868447815
5239 0.05807973786304609
5240 0.058084847041614034
5241 0.05808995622018197
5242 0.058095065398749916
5243 0.058100174577317844
5244 0.058105283755885785
5245 0.0581103929344537
5246 0.05811550211302165
5247 0.058120611291589595
5248 0.05812572047015752
5249 0.058130829648725464
5250 0.058135938827293385
5251 0.058141048005861354
5252 0.058146157184429274
5253 0.058151266362997237
5254 0.058156375541565136
5255 0.0581614847201331
5256 0.058166593898701026
5257 0.058171703077268974
5258 0.05817681225583689
5259 0.05818192143440483
5260 0.05818703061297277
5261 0.058192139791540705
5262 0.058197248970108646
5263 0.05820235814867661
5264 0.058207467327244515
5265 0.05821257650581247
5266 0.05821768568438041
5267 0.058222794862948325
5268 0.05822790404151627
5269 0.058233013220084236
5270 0.05823812239865216
5271 0.0582432315772201
5272 0.05824834075578802
5273 0.058253449934355966
5274 0.05825855911292391
5275 0.05826366829149182
5276 0.05826877747005976
5277 0.058273886648627704
5278 0.05827899582719565
5279 0.058284105005763594
5280 0.05828921418433152
5281 0.058294323362899456
5282 0.05829943254146741
5283 0.05830454172003534
5284 0.05830965089860327
5285 0.058314760077171235
5286 0.05831986925573917
5287 0.05832497843430709
5288 0.05833008761287505
5289 0.05833519679144299
5290 0.0583403059700109
5291 0.05834541514857883
5292 0.05835052432714676
5293 0.05835563350571473
5294 0.05836074268428264
5295 0.05836585186285059
5296 0.05837096104141853
5297 0.058376070219986496
5298 0.058381179398554424
5299 0.05838628857712236
5300 0.05839139775569028
5301 0.058396506934258234
5302 0.05840161611282616
5303 0.058406725291394096
5304 0.05841183446996203
5305 0.05841694364852997
5306 0.0584220528270979
5307 0.05842716200566584
5308 0.05843227118423379
5309 0.05843738036280172
5310 0.05844248954136966
5311 0.05844759871993759
5312 0.05845270789850555
5313 0.058457817077073475
5314 0.0584629262556414
5315 0.05846803543420933
5316 0.05847314461277728
5317 0.05847825379134522
5318 0.05848336296991317
5319 0.058488472148481074
5320 0.05849358132704905
5321 0.058498690505616964
5322 0.05850379968418492
5323 0.058508908862752826
5324 0.05851401804132078
5325 0.05851912721988872
5326 0.05852423639845669
5327 0.05852934557702461
5328 0.05853445475559255
5329 0.05853956393416046
5330 0.0585446731127284
5331 0.058549782291296364
5332 0.0585548914698643
5333 0.058560000648432226
5334 0.05856510982700016
5335 0.058570219005568115
5336 0.058575328184136036
5337 0.05858043736270399
5338 0.058585546541271905
5339 0.058590655719839846
5340 0.05859576489840779
5341 0.05860087407697575
5342 0.05860598325554366
5343 0.05861109243411162
5344 0.05861620161267954
5345 0.05862131079124748
5346 0.0586264199698154
5347 0.05863152914838337
5348 0.05863663832695129
5349 0.05864174750551921
5350 0.05864685668408716
5351 0.05865196586265513
5352 0.058657075041223035
5353 0.058662184219790976
5354 0.05866729339835893
5355 0.058672402576926866
5356 0.058677511755494786
5357 0.05868262093406274
5358 0.05868773011263066
5359 0.05869283929119859
5360 0.058697948469766545
5361 0.05870305764833447
5362 0.05870816682690241
5363 0.05871327600547037
5364 0.058718385184038276
5365 0.05872349436260623
5366 0.058728603541174165
5367 0.05873371271974212
5368 0.05873882189831005
5369 0.05874393107687798
5370 0.0587490402554459
5371 0.05875414943401386
5372 0.0587592586125818
5373 0.05876436779114971
5374 0.058769476969717675
5375 0.058774586148285624
5376 0.05877969532685355
5377 0.058784804505421465
5378 0.0587899136839894
5379 0.05879502286255734
5380 0.05880013204112532
5381 0.05880524121969323
5382 0.05881035039826118
5383 0.05881545957682909
5384 0.05882056875539707
5385 0.05882567793396497
5386 0.058830787112532895
5387 0.058835896291100864
5388 0.0588410054696688
5389 0.05884611464823673
5390 0.05885122382680465
5391 0.058856333005372616
5392 0.05886144218394053
5393 0.058866551362508485
5394 0.0588716605410764
5395 0.05887676971964436
5396 0.0588818788982123
5397 0.05888698807678024
5398 0.05889209725534816
5399 0.0588972064339161
5400 0.05890231561248406
5401 0.05890742479105201
5402 0.05891253396961991
5403 0.058917643148187857
5404 0.058922752326755805
5405 0.05892786150532371
5406 0.058932970683891674
5407 0.058938079862459594
5408 0.05894318904102754
5409 0.058948298219595484
5410 0.058953407398163425
5411 0.05895851657673136
5412 0.05896362575529929
5413 0.05896873493386724
5414 0.05897384411243516
5415 0.05897895329100309
5416 0.05898406246957106
5417 0.05898917164813898
5418 0.05899428082670693
5419 0.05899939000527488
5420 0.059004499183842804
5421 0.059009608362410725
5422 0.05901471754097865
5423 0.05901982671954661
5424 0.059024935898114556
5425 0.0590300450766825
5426 0.05903515425525044
5427 0.059040263433818366
5428 0.05904537261238632
5429 0.05905048179095425
5430 0.05905559096952217
5431 0.05906070014809008
5432 0.05906580932665804
5433 0.05907091850522599
5434 0.05907602768379394
5435 0.059081136862361876
5436 0.05908624604092982
5437 0.05909135521949773
5438 0.059096464398065665
5439 0.05910157357663362
5440 0.059106682755201555
5441 0.059111791933769475
5442 0.05911690111233745
5443 0.059122010290905365
5444 0.0591271194694733
5445 0.05913222864804125
5446 0.059137337826609175
5447 0.05914244700517713
5448 0.059147556183745065
5449 0.059152665362313
5450 0.05915777454088093
5451 0.059162883719448854
5452 0.05916799289801681
5453 0.059173102076584744
5454 0.059178211255152664
5455 0.05918332043372059
5456 0.05918842961228857
5457 0.05919353879085651
5458 0.05919864796942443
5459 0.05920375714799234
5460 0.059208866326560305
5461 0.05921397550512823
5462 0.059219084683696195
5463 0.059224193862264116
5464 0.05922930304083205
5465 0.05923441221939997
5466 0.05923952139796794
5467 0.05924463057653586
5468 0.0592497397551038
5469 0.059254848933671736
5470 0.0592599581122397
5471 0.059265067290807626
5472 0.05927017646937557
5473 0.05927528564794349
5474 0.059280394826511415
5475 0.05928550400507935
5476 0.059290613183647284
5477 0.05929572236221525
5478 0.05930083154078321
5479 0.05930594071935112
5480 0.05931104989791905
5481 0.059316159076486984
5482 0.05932126825505492
5483 0.05932637743362287
5484 0.05933148661219081
5485 0.059336588513705685
5486 0.05934169041522057
5487 0.05934679231673544
5488 0.059351894218250295
5489 0.05935699611976519
5490 0.059362098021280056
5491 0.05936719992279494
5492 0.059372301824309796
5493 0.059377403725824715
5494 0.059382505627339564
5495 0.059387607528854434
5496 0.059392709430369325
5497 0.05939781133188419
5498 0.05940291323339907
5499 0.05940801513491396
5500 0.059413117036428834
5501 0.0594182189379437
5502 0.05942332083945856
5503 0.059428422740973465
5504 0.05943352464248834
5505 0.05943862654400319
5506 0.059443728445518075
5507 0.059448830347032966
5508 0.05945393224854784
5509 0.0594590341500627
5510 0.059464136051577576
5511 0.059469237953092446
5512 0.05947433985460736
5513 0.05947944175612222
5514 0.05948454365763707
5515 0.05948964555915195
5516 0.05949474746066684
5517 0.05949984936218172
5518 0.05950495126369659
5519 0.05951005316521148
5520 0.05951515506672633
5521 0.05952025696824123
5522 0.0595253588697561
5523 0.059530460771270964
5524 0.059535562672785855
5525 0.05954066457430071
5526 0.0595457664758156
5527 0.05955086837733047
5528 0.059555970278845356
5529 0.05956107218036022
5530 0.0595661740818751
5531 0.05957127598338997
5532 0.059576377884904864
5533 0.05958147978641974
5534 0.05958658168793461
5535 0.05959168358944948
5536 0.05959678549096435
5537 0.059601887392479236
5538 0.059606989293994106
5539 0.05961209119550899
5540 0.05961719309702387
5541 0.05962229499853873
5542 0.059627396900053614
5543 0.05963249880156849
5544 0.05963760070308337
5545 0.05964270260459826
5546 0.059647804506113115
5547 0.05965290640762799
5548 0.05965800830914286
5549 0.05966311021065773
5550 0.05966821211217263
5551 0.05967331401368751
5552 0.05967841591520239
5553 0.05968351781671726
5554 0.059688619718232125
5555 0.059693721619747016
5556 0.05969882352126187
5557 0.059703925422776735
5558 0.05970902732429161
5559 0.059714129225806496
5560 0.059719231127321366
5561 0.05972433302883624
5562 0.059729434930351134
5563 0.059734536831866004
5564 0.05973963873338089
5565 0.059744740634895765
5566 0.059749842536410636
5567 0.059754944437925506
5568 0.05976004633944039
5569 0.05976514824095528
5570 0.059770250142470144
5571 0.059775352043985035
5572 0.059780453945499884
5573 0.059785555847014775
5574 0.05979065774852962
5575 0.05979575965004454
5576 0.059800861551559385
5577 0.05980596345307429
5578 0.05981106535458917
5579 0.05981616725610403
5580 0.05982126915761888
5581 0.059826371059133784
5582 0.05983147296064864
5583 0.05983657486216351
5584 0.059841676763678436
5585 0.05984677866519328
5586 0.05985188056670818
5587 0.05985698246822305
5588 0.0598620843697379
5589 0.05986718627125277
5590 0.059872288172767685
5591 0.059877390074282534
5592 0.059882491975797425
5593 0.05988759387731229
5594 0.05989269577882716
5595 0.05989779768034205
5596 0.059902899581856926
5597 0.05990800148337182
5598 0.05991310338488665
5599 0.05991820528640154
5600 0.059923307187916414
5601 0.059928409089431305
5602 0.05993351099094619
5603 0.05993861289246106
5604 0.059943714793975894
5605 0.05994881669549082
5606 0.059953918597005676
5607 0.05995902049852055
5608 0.05996412240003542
5609 0.059969224301550314
5610 0.059974326203065184
5611 0.059979428104580054
5612 0.05998453000609495
5613 0.05998963190760981
5614 0.05999473380912469
5615 0.05999983571063957
5616 0.06000493761215443
5617 0.06001003951366931
5618 0.0600151414151842
5619 0.06002024331669907
5620 0.060025345218213934
5621 0.060030447119728825
5622 0.060035549021243695
5623 0.06004065092275858
5624 0.06004575282427344
5625 0.06005085472578831
5626 0.060055956627303196
5627 0.06006105852881807
5628 0.06006616043033296
5629 0.06007126233184782
5630 0.0600763642333627
5631 0.06008146613487757
5632 0.06008656803639245
5633 0.06009166993790732
5634 0.06009677183942219
5635 0.06010187374093707
5636 0.060106975642451974
5637 0.060112077543966844
5638 0.06011717944548169
5639 0.06012228134699657
5640 0.06012738324851147
5641 0.06013248515002634
5642 0.06013758705154123
5643 0.060142688953056064
5644 0.060147790854570976
5645 0.060152892756085846
5646 0.06015799465760072
5647 0.06016309655911558
5648 0.06016819846063046
5649 0.060173300362145334
5650 0.06017840226366021
5651 0.06018350416517509
5652 0.06018860606668997
5653 0.06019370796820485
5654 0.06019880986971974
5655 0.06020391177123459
5656 0.06020901367274949
5657 0.060214115574264364
5658 0.060219217475779255
5659 0.0602243193772941
5660 0.06022942127880897
5661 0.06023452318032384
5662 0.06023962508183874
5663 0.06024472698335362
5664 0.06024982888486847
5665 0.060254930786383346
5666 0.060260032687898236
5667 0.06026513458941312
5668 0.06027023649092801
5669 0.06027533839244285
5670 0.06028044029395773
5671 0.060285542195472636
5672 0.06029064409698748
5673 0.060295745998502355
5674 0.06030084790001722
5675 0.06030594980153214
5676 0.060311051703046986
5677 0.06031615360456189
5678 0.06032125550607675
5679 0.06032635740759161
5680 0.0603314593091065
5681 0.060336561210621364
5682 0.060341663112136235
5683 0.060346765013651125
5684 0.060351866915165996
5685 0.060356968816680893
5686 0.060362070718195764
5687 0.060367172619710634
5688 0.060372274521225525
5689 0.06037737642274038
5690 0.060382478324255265
5691 0.06038758022577012
5692 0.060392682127285
5693 0.06039778402879989
5694 0.06040288593031476
5695 0.06040798783182965
5696 0.06041308973334453
5697 0.06041819163485939
5698 0.06042329353637428
5699 0.060428395437889165
5700 0.060433497339404015
5701 0.06043859924091892
5702 0.06044370114243375
5703 0.06044880304394862
5704 0.060453904945463516
5705 0.0604590068469784
5706 0.06046410874849328
5707 0.06046921065000815
5708 0.06047431255152303
5709 0.060479414453037894
5710 0.06048451635455278
5711 0.06048961825606764
5712 0.060494720157582525
5713 0.0604998220590974
5714 0.06050492396061228
5715 0.06051002586212717
5716 0.06051512776364203
5717 0.06052022966515691
5718 0.06052533156667178
5719 0.06053043346818666
5720 0.06053553536970153
5721 0.06054063727121641
5722 0.060545739172731296
5723 0.060550841074246166
5724 0.06055594297576104
5725 0.06056104487727593
5726 0.06056614677879078
5727 0.06057124868030567
5728 0.06057635058182055
5729 0.060581452483335414
5730 0.0605865543848503
5731 0.06059165628636517
5732 0.06059675818788005
5733 0.06060186008939492
5734 0.06060696199090979
5735 0.06061206389242466
5736 0.060617165793939574
5737 0.06062226769545442
5738 0.060627369596969315
5739 0.06063247149848417
5740 0.06063757339999907
5741 0.06064267530151392
5742 0.060647777203028816
5743 0.06065287910454369
5744 0.060657981006058556
5745 0.060663082907573426
5746 0.06066818480908832
5747 0.06067328671060317
5748 0.060678388612118064
5749 0.06068349051363295
5750 0.060688592415147805
5751 0.06069369431666271
5752 0.06069879621817758
5753 0.06070389811969242
5754 0.06070900002120731
5755 0.060714101922722204
5756 0.06071920382423709
5757 0.060724305725751944
5758 0.06072940762726682
5759 0.0607345095287817
5760 0.06073961143029656
5761 0.06074471333181146
5762 0.060749815233326315
5763 0.06075491713484122
5764 0.060760019036356104
5765 0.06076512093787095
5766 0.06077022283938582
5767 0.06077532474090073
5768 0.06078042664241557
5769 0.06078552854393046
5770 0.06079063044544534
5771 0.06079573234696023
5772 0.0608008342484751
5773 0.06080593614998998
5774 0.06081103805150485
5775 0.06081613995301973
5776 0.06082124185453459
5777 0.060826343756049464
5778 0.06083144565756435
5779 0.06083654755907923
5780 0.060841649460594074
5781 0.06084675136210897
5782 0.060851853263623835
5783 0.060856955165138726
5784 0.060862057066653624
5785 0.060867158968168494
5786 0.06087226086968335
5787 0.06087736277119822
5788 0.06088246467271311
5789 0.060887566574227975
5790 0.06089266847574286
5791 0.06089777037725773
5792 0.06090287227877262
5793 0.06090797418028748
5794 0.06091307608180235
5795 0.060918177983317244
5796 0.06092327988483212
5797 0.060928381786347005
5798 0.06093348368786186
5799 0.06093858558937674
5800 0.060943687490891636
5801 0.0609487893924065
5802 0.060953891293921356
5803 0.060958993195436226
5804 0.060964095096951124
5805 0.06096919699846601
5806 0.06097429889998085
5807 0.06097940080149577
5808 0.06098450270301062
5809 0.06098960460452548
5810 0.06099470650604037
5811 0.06099980840755525
5812 0.061004910309070126
5813 0.06101001221058501
5814 0.06101511411209987
5815 0.061020216013614764
5816 0.06102531791512964
5817 0.06103041981664451
5818 0.06103552171815939
5819 0.06104062361967425
5820 0.06104572552118912
5821 0.061050827422704006
5822 0.061055929324218904
5823 0.06106103122573375
5824 0.06106613312724865
5825 0.061071235028763514
5826 0.06107633693027837
5827 0.06108143883179326
5828 0.061086540733308145
5829 0.06109164263482304
5830 0.0610967445363379
5831 0.061101846437852776
5832 0.06110694833936767
5833 0.06111205024088253
5834 0.06111715214239738
5835 0.06112225404391228
5836 0.061127355945427155
5837 0.061132457846942025
5838 0.0611375597484569
5839 0.06114266164997177
5840 0.06114776355148667
5841 0.06115286545300151
5842 0.061157967354516424
5843 0.06116306925603127
5844 0.061168171157546164
5845 0.061173273059061055
5846 0.06117837496057593
5847 0.061183476862090795
5848 0.06118857876360567
5849 0.06119368066512055
5850 0.06119878256663542
5851 0.061203884468150276
5852 0.06120898636966516
5853 0.06121408827118005
5854 0.061219190172694914
5855 0.06122429207420981
5856 0.061229393975724695
5857 0.06123449587723953
5858 0.06123959777875441
5859 0.06124469968026929
5860 0.06124980158178418
5861 0.061254903483299046
5862 0.06126000538481392
5863 0.061265107286328814
5864 0.06127020918784367
5865 0.06127531108935855
5866 0.061280412990873445
5867 0.06128551489238831
5868 0.061290616793903206
5869 0.06129571869541807
5870 0.06130082059693295
5871 0.06130592249844781
5872 0.06131102439996268
5873 0.06131612630147756
5874 0.06132122820299245
5875 0.06132633010450731
5876 0.061331432006022195
5877 0.061336533907537065
5878 0.061341635809051956
5879 0.061346737710566826
5880 0.06135183961208169
5881 0.06135694151359659
5882 0.06136204341511147
5883 0.06136714531662633
5884 0.06137224721814119
5885 0.06137734911965608
5886 0.061382451021170965
5887 0.061387552922685835
5888 0.061392654824200706
5889 0.06139775672571559
5890 0.06140285862723044
5891 0.061407960528745316
5892 0.06141306243026021
5893 0.06141816433177507
5894 0.06142326623328995
5895 0.06142836813480484
5896 0.06143347003631971
5897 0.061438571937834585
5898 0.06144367383934946
5899 0.06144877574086433
5900 0.061453877642379216
5901 0.0614589795438941
5902 0.06146408144540896
5903 0.06146918334692384
5904 0.06147428524843873
5905 0.061479387149953595
5906 0.061484489051468465
5907 0.061489590952983356
5908 0.061494692854498226
5909 0.061499794756013096
5910 0.06150489665752795
5911 0.06150999855904285
5912 0.06151510046055773
5913 0.06152020236207261
5914 0.061525304263587474
5915 0.06153040616510235
5916 0.061535508066617235
5917 0.0615406099681321
5918 0.061545711869646975
5919 0.06155081377116186
5920 0.06155591567267673
5921 0.0615610175741916
5922 0.061566119475706484
5923 0.06157122137722135
5924 0.061576323278736224
5925 0.061581425180251136
5926 0.06158652708176597
5927 0.061591628983280876
5928 0.06159673088479575
5929 0.06160183278631062
5930 0.06160693468782549
5931 0.06161203658934037
5932 0.06161713849085523
5933 0.06162224039237014
5934 0.061627342293885
5935 0.061632444195399885
5936 0.06163754609691476
5937 0.06164264799842961
5938 0.06164774989994451
5939 0.06165285180145938
5940 0.061657953702974264
5941 0.06166305560448912
5942 0.061668157506004004
5943 0.06167325940751888
5944 0.061678361309033744
5945 0.061683463210548614
5946 0.061688565112063526
5947 0.06169366701357839
5948 0.06169876891509326
5949 0.061703870816608136
5950 0.06170897271812303
5951 0.061714074619637904
5952 0.061719176521152753
5953 0.061724278422667644
5954 0.061729380324182515
5955 0.06173448222569737
5956 0.06173958412721226
5957 0.06174468602872713
5958 0.06174978793024201
5959 0.0617548898317569
5960 0.06175999173327178
5961 0.061765093634786654
5962 0.06177019553630154
5963 0.061775297437816415
5964 0.061780399339331264
5965 0.061785501240846155
5966 0.061790603142361025
5967 0.06179570504387591
5968 0.061800806945390765
5969 0.061805908846905656
5970 0.06181101074842054
5971 0.061816112649935424
5972 0.061821214551450294
5973 0.061826316452965144
5974 0.06183141835448004
5975 0.061836520255994905
5976 0.06184162215750981
5977 0.061846724059024645
5978 0.061851825960539536
5979 0.06185692786205442
5980 0.06186202976356931
5981 0.061867131665084174
5982 0.06187223356659902
5983 0.061877335468113914
5984 0.06188243736962881
5985 0.06188753927114369
5986 0.06189264117265857
5987 0.061897743074173436
5988 0.061902844975688286
5989 0.061907946877203184
5990 0.06191304877871805
5991 0.06191815068023292
5992 0.06192325258174781
5993 0.06192835448326267
5994 0.061933456384777555
5995 0.06193855828629244
5996 0.0619436601878073
5997 0.06194876208932221
5998 0.06195386399083706
5999 0.06195896589235196
6000 0.06196406779386681
6001 0.0619691696953817
6002 0.061974271596896564
6003 0.06197937349841144
6004 0.06198447539992632
6005 0.061989577301441195
6006 0.061994679202956066
6007 0.06199978110447094
6008 0.06200488300598581
6009 0.06200998490750069
6010 0.06201508680901558
6011 0.06202018871053047
6012 0.062025290612045314
6013 0.0620303925135602
6014 0.06203549441507506
6015 0.06204059631658997
6016 0.06204569821810483
6017 0.06205080011961972
6018 0.06205590202113456
6019 0.06206100392264945
6020 0.06206610582416431
6021 0.06207120772567921
6022 0.0620763096271941
6023 0.06208141152870896
6024 0.06208651343022384
6025 0.06209161533173869
6026 0.06209671723325358
6027 0.062101819134768456
6028 0.06210692103628334
6029 0.0621120229377982
6030 0.0621171248393131
6031 0.06212222674082798
6032 0.06212732864234285
6033 0.06213243054385772
6034 0.06213753244537261
6035 0.062142634346887465
6036 0.06214773624840234
6037 0.06215283814991722
6038 0.06215794005143208
6039 0.06216304195294699
6040 0.06216814385446187
6041 0.062173245755976735
6042 0.062178347657491605
6043 0.06218344955900649
6044 0.06218855146052137
6045 0.06219365336203622
6046 0.0621987552635511
6047 0.06220385716506599
6048 0.06220895906658086
6049 0.06221406096809574
6050 0.0622191628696106
6051 0.062224264771125505
6052 0.062229366672640354
6053 0.062234468574155245
6054 0.062239570475670115
6055 0.06224467237718499
6056 0.06224977427869988
6057 0.062254876180214726
6058 0.06225997808172961
6059 0.062265079983244494
6060 0.062270181884759364
6061 0.06227528378627425
6062 0.062280385687789104
6063 0.06228548758930401
6064 0.06229058949081888
6065 0.062295691392333735
6066 0.06230079329384864
6067 0.06230589519536352
6068 0.06231099709687838
6069 0.06231609899839328
6070 0.06232120089990812
6071 0.06232630280142302
6072 0.06233140470293789
6073 0.062336506604452765
6074 0.06234160850596765
6075 0.06234671040748251
6076 0.0623518123089974
6077 0.06235691421051228
6078 0.062362016112027116
6079 0.062367118013542
6080 0.06237221991505689
6081 0.06237732181657176
6082 0.06238242371808663
6083 0.062387525619601515
6084 0.062392627521116385
6085 0.06239772942263126
6086 0.062402831324146146
6087 0.062407933225661016
6088 0.0624130351271759
6089 0.062418137028690784
6090 0.06242323893020565
6091 0.06242834083172053
6092 0.06243344273323538
6093 0.06243854463475027
6094 0.06244364653626515
6095 0.06244874843778001
6096 0.06245385033929491
6097 0.06245895224080978
6098 0.062464054142324636
6099 0.06246915604383953
6100 0.062474257945354404
6101 0.06247935984686929
6102 0.062484461748384165
6103 0.062489563649899035
6104 0.06249466555141392
6105 0.06249976745292879
6106 0.06250486935444366
6107 0.06250997125595854
6108 0.06251507315747341
6109 0.06252017505898828
6110 0.06252527696050317
6111 0.06253037886201804
6112 0.06253548076353291
6113 0.06254058266504779
6114 0.06254568456656266
6115 0.06255078646807753
6116 0.06255588836959244
6117 0.0625609902711073
6118 0.06256609217262217
6119 0.06257119407413707
6120 0.06257629597565192
6121 0.06258139787716682
6122 0.06258649977868168
6123 0.06259160168019658
6124 0.06259670358171145
6125 0.0626018054832263
6126 0.06260690738474119
6127 0.06261200928625607
6128 0.06261711118777094
6129 0.06262221308928581
6130 0.06262731499080068
6131 0.06263241689231556
6132 0.06263751879383046
6133 0.06264262069534533
6134 0.06264772259686022
6135 0.06265282449837507
6136 0.06265792639988994
6137 0.06266302830140483
6138 0.06266813020291968
6139 0.0626732321044346
6140 0.06267833400594945
6141 0.06268343590746434
6142 0.0626885378089792
6143 0.06269363971049405
6144 0.06269874161200895
6145 0.06270384351352382
6146 0.0627089454150387
6147 0.06271404731655358
6148 0.06271914921806845
6149 0.06272425111958334
6150 0.06272935302109822
6151 0.06273445492261309
6152 0.06273955682412795
6153 0.06274465872564285
6154 0.0627497606271577
6155 0.06275486252867259
6156 0.06275996443018744
6157 0.06276506633170231
6158 0.06277016823321722
6159 0.06277527013473211
6160 0.06278037203624695
6161 0.06278547393776183
6162 0.06279057583927672
6163 0.06279567774079159
6164 0.06280077964230647
6165 0.06280588154382133
6166 0.06281098344533623
6167 0.0628160853468511
6168 0.062821187248366
6169 0.06282628914988087
6170 0.06283139105139574
6171 0.0628364929529106
6172 0.06284159485442546
6173 0.06284669675594037
6174 0.06285179865745523
6175 0.06285690055897013
6176 0.06286200246048498
6177 0.06286710436199985
6178 0.06287220626351474
6179 0.06287730816502961
6180 0.06288241006654449
6181 0.06288751196805936
6182 0.06289261386957423
6183 0.06289771577108912
6184 0.06290281767260399
6185 0.06290791957411887
6186 0.06291302147563373
6187 0.06291812337714862
6188 0.0629232252786635
6189 0.06292832718017838
6190 0.06293342908169325
6191 0.06293853098320809
6192 0.06294363288472302
6193 0.06294873478623787
6194 0.06295383668775276
6195 0.06295893858926763
6196 0.0629640404907825
6197 0.06296914239229738
6198 0.06297424429381224
6199 0.06297934619532712
6200 0.062984448096842
6201 0.06298954999835689
6202 0.06299465189987175
6203 0.06299975380138666
6204 0.06300485570290151
6205 0.06300995760441637
6206 0.06301505950593124
6207 0.06302016140744614
6208 0.06302526330896102
6209 0.06303036521047589
6210 0.06303546711199076
6211 0.06304056901350565
6212 0.06304567091502053
6213 0.06305077281653541
6214 0.06305587471805027
6215 0.06306097661956514
6216 0.06306607852108002
6217 0.0630711804225949
6218 0.06307628232410979
6219 0.06308138422562463
6220 0.06308648612713953
6221 0.06309158802865437
6222 0.06309668993016929
6223 0.06310179183168416
6224 0.06310689373319903
6225 0.06311199563471391
6226 0.06311709753622877
6227 0.06312219943774368
6228 0.06312730133925852
6229 0.06313240324077342
6230 0.06313750514228829
6231 0.06314260704380315
6232 0.06314770894531806
6233 0.06315281084683291
6234 0.06315791274834778
6235 0.06316301464986265
6236 0.06316811655137755
6237 0.06317321845289244
6238 0.06317832035440729
6239 0.06318342225592219
6240 0.06318852415743705
6241 0.06319362605895193
6242 0.0631987279604668
6243 0.06320382986198166
6244 0.06320893176349657
6245 0.06321403366501141
6246 0.0632191355665263
6247 0.06322423746804118
6248 0.06322933936955605
6249 0.06323444127107093
6250 0.06323954317258579
6251 0.06324464507410069
6252 0.06324974697561557
6253 0.06325484887713043
6254 0.06325995077864532
6255 0.0632650526801602
6256 0.06327015458167506
6257 0.06327525648318993
6258 0.06328035838470483
6259 0.0632854602862197
6260 0.0632905621877346
6261 0.06329566408924944
6262 0.0633007659907643
6263 0.06330586789227921
6264 0.06331096979379405
6265 0.06331607169530896
6266 0.06332117359682381
6267 0.06332627549833872
6268 0.06333137739985358
6269 0.06333647930136845
6270 0.06334158120288332
6271 0.06334668310439821
6272 0.06335178500591307
6273 0.06335688690742795
6274 0.06336198880894284
6275 0.06336709071045771
6276 0.06337219261197258
6277 0.06337729451348746
6278 0.06338239641500233
6279 0.06338749831651722
6280 0.06339260021803206
6281 0.06339770211954696
6282 0.06340280402106184
6283 0.0634079059225767
6284 0.0634130078240916
6285 0.06341810972560646
6286 0.06342321162712135
6287 0.06342831352863622
6288 0.06343341543015109
6289 0.06343851733166597
6290 0.06344361923318084
6291 0.06344872113469573
6292 0.0634538230362106
6293 0.06345892493772547
6294 0.06346402683924034
6295 0.06346912874075523
6296 0.06347423064227009
6297 0.06347933254378496
6298 0.06348443444529984
6299 0.06348953634681472
6300 0.06349463824832961
6301 0.0634997401498445
6302 0.06350484205135934
6303 0.06350994395287425
6304 0.0635150458543891
6305 0.06352014775590399
6306 0.06352524965741886
6307 0.06353035155893375
6308 0.06353545346044864
6309 0.06354055536196349
6310 0.06354565726347837
6311 0.06355075916499324
6312 0.06355586106650814
6313 0.063560962968023
6314 0.06356606486953788
6315 0.06357116677105275
6316 0.0635762686725676
6317 0.0635813705740825
6318 0.06358647247559737
6319 0.06359157437711224
6320 0.06359667627862711
6321 0.06360177818014198
6322 0.0636068800816569
6323 0.06361198198317174
6324 0.06361708388468663
6325 0.06362218578620152
6326 0.0636272876877164
6327 0.06363238958923127
6328 0.06363749149074613
6329 0.06364259339226103
6330 0.0636476952937759
6331 0.06365279719529077
6332 0.06365789909680564
6333 0.06366300099832051
6334 0.06366810289983539
6335 0.06367320480135025
6336 0.06367830670286515
6337 0.06368340860438002
6338 0.06368851050589491
6339 0.06369361240740978
6340 0.06369871430892463
6341 0.06370381621043952
6342 0.0637089181119544
6343 0.06371402001346928
6344 0.06371912191498413
6345 0.06372422381649903
6346 0.06372932571801392
6347 0.06373442761952877
6348 0.06373952952104367
6349 0.06374463142255853
6350 0.06374973332407341
6351 0.06375483522558828
6352 0.06375993712710318
6353 0.06376503902861805
6354 0.06377014093013292
6355 0.06377524283164779
6356 0.06378034473316269
6357 0.06378544663467754
6358 0.0637905485361924
6359 0.06379565043770728
6360 0.06380075233922215
6361 0.06380585424073702
6362 0.0638109561422519
6363 0.06381605804376679
6364 0.06382115994528166
6365 0.06382626184679654
6366 0.06383136374831141
6367 0.06383646564982629
6368 0.06384156755134116
6369 0.06384666945285608
6370 0.06385177135437092
6371 0.06385687325588581
6372 0.06386197515740068
6373 0.06386707705891556
6374 0.06387217896043045
6375 0.06387728086194527
6376 0.06388238276346019
6377 0.06388748466497507
6378 0.06389258656648993
6379 0.06389768846800481
6380 0.06390279036951967
6381 0.06390789227103456
6382 0.06391299417254943
6383 0.06391809607406432
6384 0.06392319797557919
6385 0.06392829987709404
6386 0.06393340177860891
6387 0.06393850368012381
6388 0.0639436055816387
6389 0.06394870748315357
6390 0.06395380938466844
6391 0.06395891128618333
6392 0.06396401318769819
6393 0.06396911508921309
6394 0.06397421699072793
6395 0.06397931889224283
6396 0.06398442079375768
6397 0.06398952269527258
6398 0.06399462459678747
6399 0.06399972649830234
6400 0.0640048283998172
6401 0.06400993030133206
6402 0.06401503220284696
6403 0.06402013410436183
6404 0.0640252360058767
6405 0.06403033790739157
6406 0.06403543980890644
6407 0.06404054171042135
6408 0.06404564361193622
6409 0.0640507455134511
6410 0.06405584741496595
6411 0.06406094931648083
6412 0.06406605121799572
6413 0.0640711531195106
6414 0.06407625502102546
6415 0.06408135692254036
6416 0.06408645882405524
6417 0.0640915607255701
6418 0.06409666262708495
6419 0.06410176452859986
6420 0.06410686643011472
6421 0.06411196833162959
6422 0.06411707023314447
6423 0.06412217213465936
6424 0.06412727403617423
6425 0.06413237593768911
6426 0.06413747783920398
6427 0.06414257974071888
6428 0.06414768164223375
6429 0.0641527835437486
6430 0.0641578854452635
6431 0.06416298734677836
6432 0.06416808924829323
6433 0.06417319114980813
6434 0.06417829305132298
6435 0.06418339495283787
6436 0.06418849685435274
6437 0.06419359875586761
6438 0.06419870065738248
6439 0.06420380255889738
6440 0.06420890446041225
6441 0.06421400636192712
6442 0.06421910826344202
6443 0.06422421016495686
6444 0.06422931206647176
6445 0.06423441396798663
6446 0.0642395158695015
6447 0.0642446177710164
6448 0.06424971967253125
6449 0.06425482157404613
6450 0.06425992347556102
6451 0.06426502537707586
6452 0.06427012727859074
6453 0.06427522918010563
6454 0.06428033108162053
6455 0.06428543298313537
6456 0.06429053488465025
6457 0.06429563678616512
6458 0.06430073868768
6459 0.06430584058919489
6460 0.06431094249070976
6461 0.06431604439222464
6462 0.06432114629373953
6463 0.06432624819525438
6464 0.06433135009676927
6465 0.06433645199828412
6466 0.06434155389979902
6467 0.06434665580131389
6468 0.06435175770282878
6469 0.06435685960434365
6470 0.06436196150585853
6471 0.06436706340737339
6472 0.06437216530888827
6473 0.06437726721040316
6474 0.06438236911191801
6475 0.06438747101343291
6476 0.06439257291494778
6477 0.06439767481646264
6478 0.06440277671797753
6479 0.0644078786194924
6480 0.06441298052100729
6481 0.06441808242252216
6482 0.06442318432403703
6483 0.06442828622555191
6484 0.06443338812706678
6485 0.06443849002858165
6486 0.06444359193009654
6487 0.0644486938316114
6488 0.06445379573312628
6489 0.06445889763464116
6490 0.06446399953615603
6491 0.0644691014376709
6492 0.06447420333918581
6493 0.06447930524070068
6494 0.06448440714221555
6495 0.06448950904373044
6496 0.06449461094524529
6497 0.06449971284676019
6498 0.06450481474827505
6499 0.06450991664978994
6500 0.06451501855130481
6501 0.06452012045281967
6502 0.06452522235433455
6503 0.06453032425584944
6504 0.0645354261573643
6505 0.06454052805887918
6506 0.06454562996039406
6507 0.06455073186190893
6508 0.0645558337634238
6509 0.06456093566493867
6510 0.06456603756645356
6511 0.06457113946796844
6512 0.0645762413694833
6513 0.0645813432709982
6514 0.06458644517251307
6515 0.06459154707402794
6516 0.0645966489755428
6517 0.0646017508770577
6518 0.06460685277857257
6519 0.06461195468008743
6520 0.06461705658160231
6521 0.0646221584831172
6522 0.06462726038463207
6523 0.06463236228614697
6524 0.06463746418766181
6525 0.0646425660891767
6526 0.06464766799069158
6527 0.06465276989220647
6528 0.06465787179372132
6529 0.06466297369523621
6530 0.06466807559675108
6531 0.06467317749826595
6532 0.06467827939978085
6533 0.06468338130129571
6534 0.06468848320281059
6535 0.06469358510432546
6536 0.06469868700584035
6537 0.0647037889073552
6538 0.0647088908088701
6539 0.06471399271038496
6540 0.06471909461189984
6541 0.0647241965134147
6542 0.0647292984149296
6543 0.06473440031644448
6544 0.06473950221795936
6545 0.06474460411947423
6546 0.0647497060209891
6547 0.06475480792250397
6548 0.06475990982401884
6549 0.06476501172553374
6550 0.06477011362704861
6551 0.0647752155285635
6552 0.06478031743007835
6553 0.06478541933159324
6554 0.0647905212331081
6555 0.06479562313462298
6556 0.06480072503613787
6557 0.06480582693765273
6558 0.06481092883916761
6559 0.06481603074068248
6560 0.06482113264219737
6561 0.06482623454371224
6562 0.06483133644522711
6563 0.06483643834674199
6564 0.06484154024825686
6565 0.06484664214977176
6566 0.06485174405128662
6567 0.06485684595280147
6568 0.06486194785431636
6569 0.06486704975583123
6570 0.06487215165734612
6571 0.06487725355886101
6572 0.06488235546037588
6573 0.06488745736189075
6574 0.0648925592634056
6575 0.06489766116492049
6576 0.06490276306643537
6577 0.06490786496795026
6578 0.06491296686946511
6579 0.06491806877098
6580 0.06492317067249488
6581 0.06492827257400975
6582 0.06493337447552462
6583 0.0649384763770395
6584 0.06494357827855436
6585 0.06494868018006927
6586 0.06495378208158416
6587 0.06495888398309901
6588 0.06496398588461387
6589 0.06496908778612875
6590 0.06497418968764364
6591 0.06497929158915851
6592 0.0649843934906734
6593 0.06498949539218826
6594 0.06499459729370316
6595 0.06499969919521802
6596 0.06500480109673291
6597 0.06500990299824776
6598 0.06501500489976265
6599 0.06502010680127752
6600 0.0650252087027924
6601 0.06503031060430728
6602 0.06503541250582215
6603 0.06504051440733705
6604 0.06504561630885192
6605 0.06505071821036679
6606 0.06505582011188166
6607 0.06506092201339651
6608 0.0650660239149114
6609 0.06507112581642628
6610 0.06507622771794115
6611 0.06508132961945602
6612 0.06508643152097092
6613 0.0650915334224858
6614 0.06509663532400066
6615 0.06510173722551556
6616 0.06510683912703041
6617 0.0651119410285453
6618 0.06511704293006017
6619 0.06512214483157502
6620 0.06512724673308994
6621 0.06513234863460478
6622 0.06513745053611966
6623 0.06514255243763455
6624 0.06514765433914943
6625 0.0651527562406643
6626 0.06515785814217916
6627 0.06516296004369405
6628 0.06516806194520894
6629 0.0651731638467238
6630 0.06517826574823866
6631 0.06518336764975355
6632 0.06518846955126843
6633 0.06519357145278332
6634 0.06519867335429819
6635 0.06520377525581307
6636 0.06520887715732794
6637 0.06521397905884282
6638 0.0652190809603577
6639 0.06522418286187258
6640 0.06522928476338742
6641 0.06523438666490232
6642 0.06523948856641719
6643 0.06524459046793206
6644 0.06524969236944694
6645 0.06525479427096181
6646 0.0652598961724767
6647 0.06526499807399158
6648 0.06527009997550644
6649 0.06527520187702132
6650 0.0652803037785362
6651 0.06528540568005108
6652 0.06529050758156595
6653 0.06529560948308084
6654 0.06530071138459571
6655 0.06530581328611058
6656 0.06531091518762544
6657 0.06531601708914034
6658 0.06532111899065521
6659 0.06532622089217008
6660 0.06533132279368496
6661 0.06533642469519985
6662 0.06534152659671473
6663 0.06534662849822959
6664 0.06535173039974447
6665 0.06535683230125935
6666 0.06536193420277422
6667 0.0653670361042891
6668 0.06537213800580395
6669 0.06537723990731885
6670 0.06538234180883372
6671 0.06538744371034858
6672 0.06539254561186347
6673 0.06539764751337834
6674 0.06540274941489323
6675 0.0654078513164081
6676 0.06541295321792297
6677 0.06541805511943785
6678 0.06542315702095272
6679 0.06542825892246762
6680 0.0654333608239825
6681 0.06543846272549736
6682 0.06544356462701223
6683 0.0654486665285271
6684 0.06545376843004198
6685 0.06545887033155687
6686 0.06546397223307174
6687 0.06546907413458661
6688 0.0654741760361015
6689 0.06547927793761636
6690 0.06548437983913122
6691 0.06548948174064612
6692 0.06549458364216099
6693 0.06549968554367587
6694 0.06550478744519074
6695 0.06550988934670562
6696 0.0655149912482205
6697 0.06552009314973536
6698 0.06552519505125026
6699 0.0655302969527651
6700 0.06553539885428
6701 0.06554050075579489
6702 0.06554560265730977
6703 0.06555070455882464
6704 0.06555580646033951
6705 0.0655609083618544
6706 0.06556601026336926
6707 0.06557111216488412
6708 0.065576214066399
6709 0.06558131596791388
6710 0.06558641786942876
6711 0.06559151977094362
6712 0.06559662167245851
6713 0.0656017235739734
6714 0.06560682547548828
6715 0.06561192737700315
6716 0.06561702927851801
6717 0.06562213118003289
6718 0.06562723308154778
6719 0.06563233498306265
6720 0.0656374368845775
6721 0.0656425387860924
6722 0.06564764068760728
6723 0.06565274258912214
6724 0.06565784449063704
6725 0.0656629463921519
6726 0.06566804829366678
6727 0.06567315019518165
6728 0.06567825209669653
6729 0.06568335399821139
6730 0.06568845589972626
6731 0.06569355780124116
6732 0.06569865970275603
6733 0.06570376160427092
6734 0.06570886350578577
6735 0.06571396540730065
6736 0.06571906730881552
6737 0.0657241692103304
6738 0.06572927111184529
6739 0.06573437301336016
6740 0.06573947491487503
6741 0.06574457681638991
6742 0.06574967871790478
6743 0.06575478061941967
6744 0.06575988252093452
6745 0.06576498442244942
6746 0.06577008632396429
6747 0.06577518822547918
6748 0.06578029012699406
6749 0.0657853920285089
6750 0.06579049393002379
6751 0.06579559583153866
6752 0.06580069773305355
6753 0.06580579963456844
6754 0.06581090153608331
6755 0.06581600343759818
6756 0.06582110533911303
6757 0.06582620724062793
6758 0.0658313091421428
6759 0.06583641104365769
6760 0.06584151294517256
6761 0.06584661484668743
6762 0.0658517167482023
6763 0.06585681864971718
6764 0.06586192055123205
6765 0.06586702245274695
6766 0.06587212435426182
6767 0.06587722625577669
6768 0.06588232815729154
6769 0.06588743005880646
6770 0.06589253196032131
6771 0.0658976338618362
6772 0.06590273576335105
6773 0.06590783766486595
6774 0.06591293956638081
6775 0.0659180414678957
6776 0.06592314336941059
6777 0.06592824527092543
6778 0.06593334717244033
6779 0.0659384490739552
6780 0.06594355097547008
6781 0.06594865287698495
6782 0.06595375477849982
6783 0.06595885668001471
6784 0.06596395858152959
6785 0.06596906048304446
6786 0.06597416238455932
6787 0.06597926428607419
6788 0.06598436618758909
6789 0.06598946808910397
6790 0.06599456999061883
6791 0.06599967189213372
6792 0.06600477379364858
6793 0.06600987569516348
6794 0.06601497759667832
6795 0.06602007949819323
6796 0.06602518139970809
6797 0.06603028330122296
6798 0.06603538520273784
6799 0.06604048710425273
6800 0.06604558900576761
6801 0.06605069090728248
6802 0.06605579280879735
6803 0.06606089471031222
6804 0.06606599661182712
6805 0.06607109851334199
6806 0.06607620041485683
6807 0.06608130231637172
6808 0.0660864042178866
6809 0.06609150611940147
6810 0.06609660802091635
6811 0.06610170992243124
6812 0.06610681182394611
6813 0.06611191372546099
6814 0.06611701562697585
6815 0.06612211752849075
6816 0.06612721943000563
6817 0.06613232133152049
6818 0.06613742323303538
6819 0.06614252513455024
6820 0.06614762703606512
6821 0.06615272893758
6822 0.06615783083909485
6823 0.06616293274060976
6824 0.0661680346421246
6825 0.0661731365436395
6826 0.06617823844515436
6827 0.06618334034666924
6828 0.06618844224818411
6829 0.066193544149699
6830 0.06619864605121387
6831 0.06620374795272875
6832 0.06620884985424365
6833 0.0662139517557585
6834 0.06621905365727337
6835 0.06622415555878826
6836 0.06622925746030313
6837 0.06623435936181801
6838 0.06623946126333287
6839 0.06624456316484777
6840 0.06624966506636264
6841 0.06625476696787751
6842 0.06625986886939239
6843 0.06626497077090727
6844 0.06627007267242216
6845 0.06627517457393702
6846 0.0662802764754519
6847 0.06628537837696676
6848 0.06629048027848165
6849 0.06629558217999652
6850 0.0663006840815114
6851 0.06630578598302628
6852 0.06631088788454115
6853 0.066315989786056
6854 0.0663210916875709
6855 0.06632619358908577
6856 0.06633129549060066
6857 0.06633639739211553
6858 0.06634149929363041
6859 0.06634660119514528
6860 0.06635170309666015
6861 0.06635680499817502
6862 0.06636190689968989
6863 0.06636700880120477
6864 0.06637211070271964
6865 0.06637721260423454
6866 0.0663823145057494
6867 0.06638741640726427
6868 0.06639251830877918
6869 0.06639762021029402
6870 0.06640272211180892
6871 0.0664078240133238
6872 0.06641292591483865
6873 0.06641802781635354
6874 0.06642312971786843
6875 0.06642823161938329
6876 0.06643333352089817
6877 0.06643843542241305
6878 0.06644353732392794
6879 0.06644863922544281
6880 0.06645374112695766
6881 0.06645884302847255
6882 0.06646394492998743
6883 0.06646904683150229
6884 0.06647414873301717
6885 0.06647925063453206
6886 0.06648435253604693
6887 0.06648945443756181
6888 0.0664945563390767
6889 0.06649965824059156
6890 0.06650476014210643
6891 0.0665098620436213
6892 0.06651496394513619
6893 0.06652006584665107
6894 0.06652516774816594
6895 0.0665302696496808
6896 0.0665353715511957
6897 0.06654047345271057
6898 0.06654557535422545
6899 0.0665506772557403
6900 0.06655577915725518
6901 0.06656088105877007
6902 0.06656598296028494
6903 0.06657108486179984
6904 0.0665761867633147
6905 0.06658128866482958
6906 0.06658639056634445
6907 0.06659149246785931
6908 0.06659659436937419
6909 0.06660169627088906
6910 0.06660679817240395
6911 0.06661190007391883
6912 0.0666170019754337
6913 0.06662210387694857
6914 0.06662720577846347
6915 0.06663230767997834
6916 0.06663740958149321
6917 0.06664251148300808
6918 0.06664761338452296
6919 0.06665271528603785
6920 0.06665781718755272
6921 0.0666629190890676
6922 0.06666802099058246
6923 0.06667312289209734
6924 0.06667822479361221
6925 0.06668332669512708
6926 0.06668842859664195
6927 0.06669353049815686
6928 0.06669863239967172
6929 0.0667037343011866
6930 0.06670883620270147
6931 0.06671393810421633
6932 0.06671904000573121
6933 0.06672414190724608
6934 0.06672924380876098
6935 0.06673434571027587
6936 0.06673944761179074
6937 0.06674454951330559
6938 0.06674965141482048
6939 0.06675475331633536
6940 0.06675985521785024
6941 0.06676495711936513
6942 0.06677005902088
6943 0.06677516092239484
6944 0.06678026282390973
6945 0.0667853647254246
6946 0.0667904666269395
6947 0.06679556852845435
6948 0.06680067042996925
6949 0.0668057723314841
6950 0.06681087423299899
6951 0.06681597613451387
6952 0.06682107803602876
6953 0.06682617993754363
6954 0.0668312818390585
6955 0.0668363837405734
6956 0.06684148564208824
6957 0.06684658754360312
6958 0.06685168944511799
6959 0.06685679134663287
6960 0.06686189324814774
6961 0.06686699514966264
6962 0.0668720970511775
6963 0.0668771989526924
6964 0.06688230085420724
6965 0.06688740275572212
6966 0.06689250465723699
6967 0.06689760655875189
6968 0.06690270846026676
6969 0.06690781036178163
6970 0.06691291226329651
6971 0.06691801416481138
6972 0.06692311606632628
6973 0.06692821796784112
6974 0.06693331986935601
6975 0.0669384217708709
6976 0.06694352367238578
6977 0.06694862557390065
6978 0.06695372747541552
6979 0.06695882937693041
6980 0.06696393127844527
6981 0.06696903317996013
6982 0.06697413508147501
6983 0.0669792369829899
6984 0.06698433888450478
6985 0.06698944078601965
6986 0.06699454268753453
6987 0.06699964458904939
6988 0.06700474649056429
6989 0.06700984839207917
6990 0.06701495029359403
6991 0.06702005219510893
6992 0.06702515409662378
6993 0.06703025599813868
6994 0.06703535789965352
6995 0.06704045980116839
6996 0.06704556170268329
6997 0.06705066360419816
6998 0.06705576550571303
6999 0.0670608674072279
7000 0.0670659693087428
7001 0.06707107121025768
7002 0.06707617311177254
7003 0.06708127501328742
7004 0.06708637691480229
7005 0.06709147881631718
7006 0.06709658071783205
7007 0.06710168261934694
7008 0.06710678452086181
7009 0.06711188642237666
7010 0.06711698832389155
7011 0.06712209022540643
7012 0.06712719212692131
7013 0.06713229402843617
7014 0.06713739592995104
7015 0.06714249783146592
7016 0.0671475997329808
7017 0.06715270163449569
7018 0.06715780353601056
7019 0.06716290543752544
7020 0.0671680073390403
7021 0.06717310924055518
7022 0.06717821114207007
7023 0.06718331304358492
7024 0.06718841494509982
7025 0.06719351684661469
7026 0.06719861874812956
7027 0.06720372064964446
7028 0.06720882255115933
7029 0.06721392445267418
7030 0.06721902635418908
7031 0.06722412825570395
7032 0.06722923015721882
7033 0.06723433205873368
7034 0.06723943396024859
7035 0.06724453586176345
7036 0.06724963776327833
7037 0.06725473966479321
7038 0.06725984156630807
7039 0.06726494346782297
7040 0.06727004536933784
7041 0.0672751472708527
7042 0.06728024917236759
7043 0.06728535107388246
7044 0.06729045297539732
7045 0.06729555487691222
7046 0.06730065677842709
7047 0.06730575867994196
7048 0.06731086058145684
7049 0.06731596248297171
7050 0.06732106438448658
7051 0.06732616628600147
7052 0.06733126818751634
7053 0.06733637008903122
7054 0.06734147199054609
7055 0.06734657389206096
7056 0.06735167579357584
7057 0.06735677769509071
7058 0.06736187959660558
7059 0.0673669814981205
7060 0.06737208339963537
7061 0.06737718530115021
7062 0.06738228720266512
7063 0.06738738910417998
7064 0.06739249100569487
7065 0.06739759290720973
7066 0.0674026948087246
7067 0.0674077967102395
7068 0.06741289861175435
7069 0.06741800051326924
7070 0.06742310241478411
7071 0.06742820431629899
7072 0.06743330621781386
7073 0.06743840811932873
7074 0.06744351002084362
7075 0.06744861192235847
7076 0.06745371382387337
7077 0.06745881572538825
7078 0.06746391762690312
7079 0.067469019528418
7080 0.06747412142993287
7081 0.06747922333144776
7082 0.0674843252329626
7083 0.06748942713447749
7084 0.06749452903599237
7085 0.06749963093750724
7086 0.06750473283902213
7087 0.067509834740537
7088 0.06751493664205187
7089 0.06752003854356674
7090 0.06752514044508164
7091 0.0675302423465965
7092 0.06753534424811138
7093 0.06754044614962627
7094 0.06754554805114114
7095 0.06755064995265603
7096 0.06755575185417088
7097 0.06756085375568575
7098 0.06756595565720065
7099 0.0675710575587155
7100 0.06757615946023039
7101 0.06758126136174526
7102 0.06758636326326015
7103 0.06759146516477502
7104 0.06759656706628987
7105 0.06760166896780477
7106 0.06760677086931963
7107 0.06761187277083454
7108 0.0676169746723494
7109 0.06762207657386429
7110 0.06762717847537915
7111 0.06763228037689403
7112 0.0676373822784089
7113 0.06764248417992377
7114 0.06764758608143864
7115 0.06765268798295353
7116 0.06765778988446841
7117 0.0676628917859833
7118 0.06766799368749817
7119 0.06767309558901304
7120 0.0676781974905279
7121 0.06768329939204278
7122 0.06768840129355766
7123 0.06769350319507253
7124 0.06769860509658741
7125 0.06770370699810228
7126 0.06770880889961715
7127 0.06771391080113202
7128 0.06771901270264692
7129 0.06772411460416178
7130 0.06772921650567668
7131 0.06773431840719156
7132 0.06773942030870642
7133 0.06774452221022129
7134 0.06774962411173618
7135 0.06775472601325107
7136 0.06775982791476592
7137 0.06776492981628078
7138 0.06777003171779566
7139 0.06777513361931053
7140 0.06778023552082543
7141 0.06778533742234032
7142 0.06779043932385519
7143 0.06779554122537006
7144 0.06780064312688491
7145 0.06780574502839981
7146 0.06781084692991468
7147 0.06781594883142956
7148 0.06782105073294444
7149 0.06782615263445933
7150 0.06783125453597419
7151 0.06783635643748905
7152 0.06784145833900393
7153 0.06784656024051881
7154 0.0678516621420337
7155 0.06785676404354858
7156 0.06786186594506345
7157 0.06786696784657832
7158 0.06787206974809318
7159 0.06787717164960808
7160 0.06788227355112295
7161 0.06788737545263782
7162 0.0678924773541527
7163 0.06789757925566758
7164 0.06790268115718245
7165 0.06790778305869734
7166 0.06791288496021221
7167 0.06791798686172708
7168 0.06792308876324198
7169 0.06792819066475682
7170 0.0679332925662717
7171 0.06793839446778657
7172 0.06794349636930147
7173 0.06794859827081634
7174 0.06795370017233121
7175 0.06795880207384608
7176 0.06796390397536098
7177 0.06796900587687583
7178 0.06797410777839072
7179 0.06797920967990558
7180 0.06798431158142047
7181 0.06798941348293533
7182 0.06799451538445023
7183 0.0679996172859651
7184 0.06800471918747998
7185 0.06800982108899485
7186 0.06801492299050972
7187 0.06802002489202459
7188 0.06802512679353948
7189 0.06803022869505435
7190 0.06803533059656923
7191 0.0680404324980841
7192 0.068045534399599
7193 0.06805063630111387
7194 0.06805573820262874
7195 0.06806084010414361
7196 0.06806594200565846
7197 0.06807104390717338
7198 0.06807614580868822
7199 0.06808124771020313
7200 0.06808634961171797
7201 0.06809145151323286
7202 0.06809655341474774
7203 0.06810165531626261
7204 0.0681067572177775
7205 0.06811185911929238
7206 0.06811696102080723
7207 0.06812206292232212
7208 0.06812716482383699
7209 0.06813226672535187
7210 0.06813736862686676
7211 0.06814247052838161
7212 0.0681475724298965
7213 0.06815267433141138
7214 0.06815777623292624
7215 0.06816287813444113
7216 0.06816798003595602
7217 0.06817308193747088
7218 0.06817818383898577
7219 0.06818328574050064
7220 0.06818838764201551
7221 0.0681934895435304
7222 0.06819859144504524
7223 0.06820369334656014
7224 0.06820879524807502
7225 0.06821389714958989
7226 0.06821899905110476
7227 0.06822410095261963
7228 0.06822920285413452
7229 0.06823430475564939
7230 0.06823940665716427
7231 0.06824450855867915
7232 0.06824961046019401
7233 0.0682547123617089
7234 0.06825981426322378
7235 0.06826491616473863
7236 0.06827001806625353
7237 0.0682751199677684
7238 0.06828022186928326
7239 0.06828532377079816
7240 0.06829042567231303
7241 0.06829552757382788
7242 0.06830062947534278
7243 0.06830573137685765
7244 0.06831083327837253
7245 0.0683159351798874
7246 0.06832103708140227
7247 0.06832613898291716
7248 0.06833124088443202
7249 0.0683363427859469
7250 0.06834144468746178
7251 0.06834654658897667
7252 0.06835164849049154
7253 0.06835675039200642
7254 0.0683618522935213
7255 0.06836695419503616
7256 0.06837205609655105
7257 0.06837715799806593
7258 0.0683822598995808
7259 0.06838736180109566
7260 0.06839246370261055
7261 0.06839756560412542
7262 0.06840266750564028
7263 0.06840776940715516
7264 0.06841287130867005
7265 0.06841797321018495
7266 0.06842307511169979
7267 0.0684281770132147
7268 0.06843327891472956
7269 0.06843838081624443
7270 0.06844348271775931
7271 0.06844858461927418
7272 0.06845368652078906
7273 0.06845878842230393
7274 0.06846389032381879
7275 0.06846899222533369
7276 0.06847409412684856
7277 0.06847919602836346
7278 0.06848429792987831
7279 0.06848939983139317
7280 0.06849450173290807
7281 0.06849960363442294
7282 0.06850470553593783
7283 0.06850980743745269
7284 0.06851490933896756
7285 0.06852001124048245
7286 0.06852511314199734
7287 0.06853021504351221
7288 0.06853531694502708
7289 0.06854041884654195
7290 0.06854552074805681
7291 0.06855062264957171
7292 0.06855572455108656
7293 0.06856082645260145
7294 0.06856592835411632
7295 0.0685710302556312
7296 0.06857613215714609
7297 0.06858123405866096
7298 0.06858633596017583
7299 0.06859143786169072
7300 0.0685965397632056
7301 0.06860164166472046
7302 0.06860674356623532
7303 0.06861184546775022
7304 0.0686169473692651
7305 0.06862204927077999
7306 0.06862715117229486
7307 0.0686322530738097
7308 0.06863735497532458
7309 0.06864245687683945
7310 0.06864755877835436
7311 0.06865266067986922
7312 0.06865721871390684
7313 0.06866177674794444
7314 0.06866633478198206
7315 0.06867089281601965
7316 0.06867545085005727
7317 0.06868000888409488
7318 0.06868456691813248
7319 0.06868912495217007
7320 0.0686936829862077
7321 0.06869824102024531
7322 0.06870279905428292
7323 0.06870735708832051
7324 0.06871191512235811
7325 0.06871647315639573
7326 0.06872103119043332
7327 0.06872558922447096
7328 0.06873014725850857
7329 0.06873470529254616
7330 0.06873926332658377
7331 0.06874382136062136
7332 0.068748379394659
7333 0.06875293742869658
7334 0.06875749546273417
7335 0.06876205349677181
7336 0.06876661153080939
7337 0.06877116956484701
7338 0.0687757275988846
7339 0.06878028563292221
7340 0.06878484366695985
7341 0.06878940170099745
7342 0.06879395973503503
7343 0.06879851776907264
7344 0.06880307580311026
7345 0.06880763383714786
7346 0.06881219187118548
7347 0.06881674990522307
7348 0.0688213079392607
7349 0.06882586597329829
7350 0.06883042400733591
7351 0.06883498204137352
7352 0.06883954007541114
7353 0.06884409810944872
7354 0.06884865614348634
7355 0.06885321417752394
7356 0.06885777221156157
7357 0.06886233024559917
7358 0.06886688827963677
7359 0.06887144631367438
7360 0.06887600434771199
7361 0.0688805623817496
7362 0.0688851204157872
7363 0.06888967844982481
7364 0.06889423648386242
7365 0.06889879451790004
7366 0.06890335255193762
7367 0.06890791058597524
7368 0.06891246862001286
7369 0.06891702665405047
7370 0.06892158468808807
7371 0.06892614272212567
7372 0.06893070075616328
7373 0.06893525879020088
7374 0.06893981682423851
7375 0.06894437485827609
7376 0.06894893289231369
7377 0.0689534909263513
7378 0.06895804896038892
7379 0.06896260699442651
7380 0.06896716502846413
7381 0.06897172306250174
7382 0.06897628109653935
7383 0.06898083913057697
7384 0.06898539716461455
7385 0.06898995519865217
7386 0.06899451323268978
7387 0.06899907126672739
7388 0.06900362930076501
7389 0.0690081873348026
7390 0.06901274536884022
7391 0.06901730340287782
7392 0.06902186143691542
7393 0.06902641947095302
7394 0.06903097750499063
7395 0.06903553553902825
7396 0.06904009357306587
7397 0.06904465160710346
7398 0.06904920964114108
7399 0.06905376767517866
7400 0.06905832570921629
7401 0.06906288374325388
7402 0.06906744177729149
7403 0.06907199981132911
7404 0.06907655784536672
7405 0.06908111587940433
7406 0.06908567391344193
7407 0.06909023194747953
7408 0.06909478998151715
7409 0.06909934801555476
7410 0.06910390604959236
7411 0.06910846408362997
7412 0.06911302211766758
7413 0.06911758015170517
7414 0.0691221381857428
7415 0.0691266962197804
7416 0.06913125425381801
7417 0.06913581228785562
7418 0.06914037032189321
7419 0.06914492835593082
7420 0.06914948638996843
7421 0.06915404442400602
7422 0.06915860245804364
7423 0.06916316049208124
7424 0.06916771852611889
7425 0.06917227656015648
7426 0.06917683459419409
7427 0.06918139262823168
7428 0.06918595066226932
7429 0.06919050869630691
7430 0.06919506673034449
7431 0.06919962476438211
7432 0.06920418279841972
7433 0.06920874083245734
7434 0.06921329886649492
7435 0.06921785690053257
7436 0.06922241493457014
7437 0.06922697296860776
7438 0.06923153100264538
7439 0.06923608903668296
7440 0.06924064707072058
7441 0.06924520510475818
7442 0.06924976313879579
7443 0.06925432117283341
7444 0.06925887920687102
7445 0.06926343724090862
7446 0.06926799527494623
7447 0.06927255330898383
7448 0.06927711134302146
7449 0.06928166937705907
7450 0.06928622741109666
7451 0.06929078544513424
7452 0.06929534347917186
7453 0.06929990151320947
7454 0.0693044595472471
7455 0.0693090175812847
7456 0.06931357561532231
7457 0.06931813364935992
7458 0.06932269168339752
7459 0.06932724971743513
7460 0.0693318077514727
7461 0.06933636578551033
7462 0.06934092381954794
7463 0.06934548185358555
7464 0.06935003988762316
7465 0.06935459792166078
7466 0.06935915595569836
7467 0.06936371398973598
7468 0.0693682720237736
7469 0.0693728300578112
7470 0.06937738809184883
7471 0.06938194612588643
7472 0.069386504159924
7473 0.06939106219396163
7474 0.06939562022799924
7475 0.06940017826203683
7476 0.06940473629607445
7477 0.06940929433011205
7478 0.06941385236414965
7479 0.06941841039818727
7480 0.06942296843222485
7481 0.0694275264662625
7482 0.06943208450030011
7483 0.0694366425343377
7484 0.06944120056837534
7485 0.06944575860241292
7486 0.06945031663645053
7487 0.06945487467048814
7488 0.06945943270452574
7489 0.06946399073856335
7490 0.06946854877260096
7491 0.06947310680663857
7492 0.06947766484067619
7493 0.06948222287471377
7494 0.0694867809087514
7495 0.06949133894278901
7496 0.06949589697682661
7497 0.06950045501086421
7498 0.06950501304490182
7499 0.06950957107893943
7500 0.06951412911297704
7501 0.06951868714701463
7502 0.06952324518105225
7503 0.06952780321508985
7504 0.06953236124912746
7505 0.06953691928316506
7506 0.06954147731720266
7507 0.06954603535124029
7508 0.06955059338527787
7509 0.0695551514193155
7510 0.06955970945335309
7511 0.06956426748739071
7512 0.06956882552142832
7513 0.06957338355546593
7514 0.06957794158950353
7515 0.06958249962354114
7516 0.06958705765757878
7517 0.06959161569161637
7518 0.06959617372565395
7519 0.06960073175969157
7520 0.06960528979372918
7521 0.0696098478277668
7522 0.06961440586180441
7523 0.069618963895842
7524 0.06962352192987961
7525 0.06962807996391725
7526 0.06963263799795483
7527 0.06963719603199243
7528 0.06964175406603001
7529 0.06964631210006765
7530 0.06965087013410524
7531 0.06965542816814287
7532 0.06965998620218047
7533 0.06966454423621808
7534 0.0696691022702557
7535 0.06967366030429331
7536 0.06967821833833089
7537 0.06968277637236849
7538 0.06968733440640612
7539 0.06969189244044373
7540 0.06969645047448135
7541 0.06970100850851894
7542 0.06970556654255655
7543 0.06971012457659415
7544 0.06971468261063177
7545 0.06971924064466935
7546 0.06972379867870696
7547 0.06972835671274459
7548 0.06973291474678218
7549 0.06973747278081976
7550 0.06974203081485741
7551 0.06974658884889501
7552 0.06975114688293263
7553 0.06975570491697022
7554 0.06976026295100785
7555 0.06976482098504544
7556 0.06976937901908303
7557 0.06977393705312065
7558 0.06977849508715828
7559 0.06978305312119588
7560 0.06978761115523348
7561 0.0697921691892711
7562 0.06979672722330871
7563 0.0698012852573463
7564 0.06980584329138388
7565 0.06981040132542152
7566 0.06981495935945913
7567 0.06981951739349673
7568 0.06982407542753433
7569 0.06982863346157196
7570 0.06983319149560957
7571 0.06983774952964716
7572 0.06984230756368479
7573 0.06984686559772237
7574 0.06985142363175999
7575 0.06985598166579758
7576 0.06986053969983522
7577 0.06986509773387281
7578 0.0698696557679104
7579 0.06987421380194803
7580 0.06987877183598565
7581 0.06988332987002324
7582 0.06988788790406086
7583 0.06989244593809846
7584 0.06989700397213607
7585 0.06990156200617367
7586 0.06990612004021128
7587 0.06991067807424889
7588 0.06991523610828648
7589 0.06991979414232409
7590 0.0699243521763617
7591 0.0699289102103993
7592 0.06993346824443691
7593 0.06993802627847452
7594 0.06994258431251214
7595 0.06994714234654974
7596 0.06995170038058734
7597 0.06995625841462497
7598 0.06996081644866256
7599 0.06996537448270017
7600 0.06996993251673778
7601 0.06997449055077538
7602 0.06997904858481299
7603 0.0699836066188506
7604 0.06998816465288821
7605 0.06999272268692582
7606 0.06999728072096344
7607 0.07000183875500103
7608 0.07000639678903864
7609 0.07001095482307625
7610 0.07001551285711385
7611 0.07002007089115146
7612 0.07002462892518907
7613 0.07002918695922668
7614 0.0700337449932643
7615 0.07003830302730188
7616 0.07004286106133953
7617 0.07004741909537711
7618 0.07005197712941472
7619 0.07005653516345232
7620 0.07006109319748995
7621 0.07006565123152754
7622 0.07007020926556515
7623 0.07007476729960274
7624 0.07007932533364036
7625 0.07008388336767797
7626 0.07008844140171559
7627 0.07009299943575319
7628 0.0700975574697908
7629 0.07010211550382839
7630 0.070106673537866
7631 0.07011123157190359
7632 0.0701157896059412
7633 0.07012034763997882
7634 0.07012490567401643
7635 0.07012946370805402
7636 0.07013402174209164
7637 0.07013857977612924
7638 0.07014313781016684
7639 0.07014769584420445
7640 0.07015225387824209
7641 0.07015681191227968
7642 0.0701613699463173
7643 0.0701659279803549
7644 0.07017048601439249
7645 0.0701750440484301
7646 0.07017960208246772
7647 0.07018416011650531
7648 0.07018871815054294
7649 0.07019327618458054
7650 0.07019783421861815
7651 0.07020239225265575
7652 0.07020695028669335
7653 0.07021150832073098
7654 0.07021606635476858
7655 0.07022062438880619
7656 0.07022518242284378
7657 0.07022974045688142
7658 0.07023429849091901
7659 0.07023885652495662
7660 0.07024341455899423
7661 0.07024797259303185
7662 0.07025253062706943
7663 0.07025708866110705
7664 0.07026164669514466
7665 0.07026620472918227
7666 0.07027076276321988
7667 0.07027532079725747
7668 0.07027987883129509
7669 0.0702844368653327
7670 0.07028899489937031
7671 0.07029355293340792
7672 0.07029811096744548
7673 0.07030266900148313
7674 0.07030722703552073
7675 0.07031178506955832
7676 0.07031634310359593
7677 0.07032090113763355
7678 0.07032545917167116
7679 0.07033001720570879
7680 0.07033457523974637
7681 0.070339133273784
7682 0.0703436913078216
7683 0.07034824934185921
7684 0.07035280737589682
7685 0.07035736540993441
7686 0.070361923443972
7687 0.07036648147800963
7688 0.07037103951204725
7689 0.07037559754608484
7690 0.07038015558012245
7691 0.07038471361416007
7692 0.0703892716481977
7693 0.07039382968223529
7694 0.0703983877162729
7695 0.07040294575031049
7696 0.07040750378434811
7697 0.07041206181838568
7698 0.07041661985242331
7699 0.07042117788646092
7700 0.07042573592049853
7701 0.07043029395453615
7702 0.07043485198857374
7703 0.07043941002261135
7704 0.07044396805664896
7705 0.07044852609068658
7706 0.07045308412472419
7707 0.07045764215876178
7708 0.0704622001927994
7709 0.070466758226837
7710 0.07047131626087462
7711 0.07047587429491219
7712 0.07048043232894982
7713 0.07048499036298743
7714 0.07048954839702504
7715 0.07049410643106263
7716 0.07049866446510024
7717 0.07050322249913783
7718 0.07050778053317545
7719 0.07051233856721306
7720 0.07051689660125067
7721 0.07052145463528825
7722 0.07052601266932589
7723 0.07053057070336348
7724 0.0705351287374011
7725 0.0705396867714387
7726 0.07054424480547629
7727 0.07054880283951391
7728 0.07055336087355155
7729 0.07055791890758914
7730 0.07056247694162675
7731 0.07056703497566434
7732 0.07057159300970196
7733 0.07057615104373957
7734 0.07058070907777719
7735 0.07058526711181479
7736 0.0705898251458524
7737 0.07059438317989
7738 0.07059894121392761
7739 0.0706034992479652
7740 0.07060805728200283
7741 0.07061261531604045
7742 0.07061717335007804
7743 0.07062173138411565
7744 0.07062628941815327
7745 0.07063084745219086
7746 0.07063540548622847
7747 0.07063996352026607
7748 0.07064452155430369
7749 0.0706490795883413
7750 0.0706536376223789
7751 0.07065819565641651
7752 0.0706627536904541
7753 0.07066731172449173
7754 0.07067186975852933
7755 0.07067642779256694
7756 0.07068098582660455
7757 0.07068554386064216
7758 0.07069010189467977
7759 0.07069465992871736
7760 0.07069921796275498
7761 0.07070377599679258
7762 0.07070833403083018
7763 0.07071289206486779
7764 0.0707174500989054
7765 0.07072200813294302
7766 0.07072656616698063
7767 0.07073112420101822
7768 0.07073568223505583
7769 0.07074024026909344
7770 0.07074479830313105
7771 0.07074935633716865
7772 0.07075391437120625
7773 0.07075847240524387
7774 0.07076303043928149
7775 0.0707675884733191
7776 0.07077214650735668
7777 0.0707767045413943
7778 0.07078126257543191
7779 0.07078582060946952
7780 0.07079037864350714
7781 0.07079493667754473
7782 0.07079949471158234
7783 0.07080405274561993
7784 0.07080861077965755
7785 0.07081316881369516
7786 0.07081772684773278
7787 0.07082228488177038
7788 0.070826842915808
7789 0.07083140094984558
7790 0.0708359589838832
7791 0.07084051701792081
7792 0.07084507505195842
7793 0.07084963308599604
7794 0.07085419112003363
7795 0.07085874915407124
7796 0.07086330718810886
7797 0.07086786522214646
7798 0.07087242325618406
7799 0.07087698129022164
7800 0.07088153932425927
7801 0.07088609735829687
7802 0.07089065539233448
7803 0.0708952134263721
7804 0.0708997714604097
7805 0.0709043294944473
7806 0.07090888752848491
7807 0.07091344556252252
7808 0.07091800359656013
7809 0.07092256163059772
7810 0.07092711966463534
7811 0.07093167769867295
7812 0.07093623573271056
7813 0.07094079376674815
7814 0.07094535180078579
7815 0.0709499098348234
7816 0.070954467868861
7817 0.07095902590289858
7818 0.0709635839369362
7819 0.07096814197097381
7820 0.07097270000501145
7821 0.07097725803904904
7822 0.07098181607308664
7823 0.07098637410712426
7824 0.07099093214116187
7825 0.07099549017519945
7826 0.07100004820923707
7827 0.07100460624327468
7828 0.07100916427731228
7829 0.07101372231134989
7830 0.0710182803453875
7831 0.07102283837942511
7832 0.0710273964134627
7833 0.07103195444750032
7834 0.07103651248153793
7835 0.07104107051557554
7836 0.07104562854961315
7837 0.07105018658365073
7838 0.07105474461768836
7839 0.07105930265172597
7840 0.07106386068576358
7841 0.07106841871980119
7842 0.07107297675383877
7843 0.07107753478787637
7844 0.071082092821914
7845 0.07108665085595159
7846 0.07109120888998921
7847 0.07109576692402682
7848 0.07110032495806444
7849 0.07110488299210203
7850 0.07110944102613963
7851 0.07111399906017725
7852 0.07111855709421486
7853 0.07112311512825246
7854 0.07112767316229007
7855 0.0711322311963277
7856 0.07113678923036529
7857 0.0711413472644029
7858 0.07114590529844049
7859 0.07115046333247811
7860 0.07115502136651572
7861 0.07115957940055333
7862 0.07116413743459092
7863 0.07116869546862856
7864 0.07117325350266614
7865 0.07117781153670376
7866 0.07118236957074135
7867 0.07118692760477897
7868 0.07119148563881658
7869 0.07119604367285419
7870 0.0712006017068918
7871 0.0712051597409294
7872 0.07120971777496703
7873 0.0712142758090046
7874 0.07121883384304221
7875 0.07122339187707984
7876 0.07122794991111744
7877 0.07123250794515505
7878 0.07123706597919266
7879 0.07124162401323027
7880 0.07124618204726788
7881 0.0712507400813055
7882 0.07125529811534309
7883 0.0712598561493807
7884 0.0712644141834183
7885 0.0712689722174559
7886 0.07127353025149351
7887 0.07127808828553112
7888 0.07128264631956874
7889 0.07128720435360633
7890 0.07129176238764394
7891 0.07129632042168155
7892 0.07130087845571914
7893 0.07130543648975678
7894 0.07130999452379437
7895 0.07131455255783199
7896 0.0713191105918696
7897 0.07132366862590721
7898 0.0713282266599448
7899 0.07133278469398241
7900 0.07133734272802002
7901 0.07134190076205764
7902 0.07134645879609523
7903 0.07135101683013284
7904 0.07135557486417045
7905 0.07136013289820806
7906 0.07136469093224568
7907 0.07136924896628329
7908 0.07137380700032088
7909 0.07137836503435849
7910 0.07138292306839611
7911 0.07138748110243369
7912 0.0713920391364713
7913 0.07139659717050892
7914 0.07140115520454653
7915 0.07140571323858413
7916 0.07141027127262173
7917 0.07141482930665935
7918 0.07141938734069696
7919 0.07142394537473457
7920 0.07142850340877217
7921 0.07143306144280978
7922 0.07143761947684737
7923 0.07144217751088498
7924 0.0714467355449226
7925 0.07145129357896021
7926 0.0714558516129978
7927 0.07146040964703541
7928 0.07146496768107304
7929 0.07146952571511064
7930 0.07147408374914824
7931 0.07147864178318585
7932 0.07148319981722347
7933 0.07148775785126105
7934 0.07149231588529867
7935 0.07149687391933628
7936 0.07150143195337388
7937 0.07150598998741148
7938 0.07151054802144909
7939 0.0715151060554867
7940 0.07151966408952432
7941 0.07152422212356191
7942 0.07152878015759952
7943 0.07153333819163714
7944 0.07153789622567476
7945 0.07154245425971237
7946 0.07154701229374995
7947 0.07155157032778757
7948 0.07155612836182518
7949 0.07156068639586279
7950 0.07156524442990037
7951 0.07156980246393801
7952 0.07157436049797562
7953 0.07157891853201322
7954 0.07158347656605084
7955 0.07158803460008843
7956 0.07159259263412604
7957 0.07159715066816365
7958 0.07160170870220126
7959 0.07160626673623885
7960 0.07161082477027647
7961 0.07161538280431408
7962 0.07161994083835169
7963 0.0716244988723893
7964 0.0716290569064269
7965 0.07163361494046452
7966 0.07163817297450213
7967 0.07164273100853973
7968 0.07164728904257733
7969 0.07165184707661494
7970 0.07165640511065254
7971 0.07166096314469014
7972 0.07166552117872776
7973 0.07167007921276534
7974 0.07167463724680295
7975 0.07167919528084059
7976 0.07168375331487818
7977 0.07168831134891579
7978 0.0716928693829534
7979 0.071697427416991
7980 0.07170198545102864
7981 0.07170654348506621
7982 0.07171110151910383
7983 0.07171565955314144
7984 0.07172021758717903
7985 0.07172477562121665
7986 0.07172933365525426
7987 0.07173389168929185
7988 0.07173844972332948
7989 0.07174300775736708
7990 0.07174756579140469
7991 0.0717521238254423
7992 0.0717566818594799
7993 0.0717612398935175
7994 0.07176579792755512
7995 0.07177035596159273
7996 0.07177491399563035
7997 0.07177947202966795
7998 0.07178403006370554
7999 0.07178858809774316
8000 0.07179314613178078
8001 0.07179770416581836
8002 0.07180226219985598
8003 0.07180682023389359
8004 0.07181137826793119
8005 0.07181593630196881
8006 0.0718204943360064
8007 0.07182505237004404
8008 0.07182961040408162
8009 0.07183416843811924
8010 0.07183872647215685
8011 0.07184328450619445
8012 0.07184784254023205
8013 0.07185240057426966
8014 0.07185695860830729
8015 0.07186151664234487
8016 0.07186607467638247
8017 0.0718706327104201
8018 0.0718751907444577
8019 0.0718797487784953
8020 0.07188430681253292
8021 0.0718888648465705
8022 0.07189342288060813
8023 0.07189798091464573
8024 0.07190253894868334
8025 0.07190709698272096
8026 0.07191165501675856
8027 0.07191621305079617
8028 0.07192077108483379
8029 0.07192532911887137
8030 0.07192988715290899
8031 0.0719344451869466
8032 0.0719390032209842
8033 0.07194356125502184
8034 0.07194811928905942
8035 0.07195267732309703
8036 0.07195723535713464
8037 0.07196179339117224
8038 0.07196635142520987
8039 0.07197090945924746
8040 0.07197546749328507
8041 0.07198002552732266
8042 0.07198458356136028
8043 0.07198914159539789
8044 0.07199369962943551
8045 0.0719982576634731
8046 0.0720028156975107
8047 0.07200737373154831
8048 0.07201193176558593
8049 0.07201648979962354
8050 0.07202104783366114
8051 0.07202560586769874
8052 0.07203016390173636
8053 0.07203472193577397
8054 0.07203927996981158
8055 0.07204383800384918
8056 0.07204839603788678
8057 0.07205295407192439
8058 0.07205751210596198
8059 0.07206207013999959
8060 0.0720666281740372
8061 0.07207118620807482
8062 0.07207574424211242
8063 0.07208030227615003
8064 0.07208486031018765
8065 0.07208941834422525
8066 0.07209397637826286
8067 0.07209853441230046
8068 0.07210309244633807
8069 0.07210765048037569
8070 0.07211220851441329
8071 0.07211676654845091
8072 0.0721213245824885
8073 0.07212588261652611
8074 0.0721304406505637
8075 0.07213499868460131
8076 0.07213955671863895
8077 0.07214411475267654
8078 0.07214867278671415
8079 0.07215323082075177
8080 0.07215778885478935
8081 0.07216234688882697
8082 0.07216690492286458
8083 0.07217146295690219
8084 0.0721760209909398
8085 0.0721805790249774
8086 0.07218513705901503
8087 0.07218969509305262
8088 0.0721942531270902
8089 0.07219881116112782
8090 0.07220336919516544
8091 0.07220792722920306
8092 0.07221248526324064
8093 0.07221704329727827
8094 0.07222160133131587
8095 0.07222615936535348
8096 0.07223071739939106
8097 0.07223527543342868
8098 0.07223983346746629
8099 0.0722443915015039
8100 0.0722489495355415
8101 0.07225350756957911
8102 0.07225806560361672
8103 0.07226262363765433
8104 0.07226718167169194
8105 0.07227173970572956
8106 0.07227629773976715
8107 0.07228085577380476
8108 0.07228541380784237
8109 0.07228997184187999
8110 0.07229452987591758
8111 0.07229908790995518
8112 0.07230364594399281
8113 0.07230820397803041
8114 0.07231276201206803
8115 0.07231732004610561
8116 0.07232187808014325
8117 0.07232643611418085
8118 0.07233099414821845
8119 0.07233555218225605
8120 0.07234011021629366
8121 0.07234466825033128
8122 0.07234922628436888
8123 0.07235378431840649
8124 0.0723583423524441
8125 0.0723629003864817
8126 0.07236745842051931
8127 0.07237201645455692
8128 0.07237657448859453
8129 0.07238113252263213
8130 0.07238569055666973
8131 0.07239024859070736
8132 0.07239480662474497
8133 0.07239936465878256
8134 0.07240392269282017
8135 0.07240848072685778
8136 0.0724130387608954
8137 0.072417596794933
8138 0.0724221548289706
8139 0.0724267128630082
8140 0.0724312708970458
8141 0.07243582893108341
8142 0.07244038696512103
8143 0.07244494499915863
8144 0.07244950303319624
8145 0.07245406106723384
8146 0.07245861910127144
8147 0.07246317713530906
8148 0.07246773516934665
8149 0.07247229320338429
8150 0.0724768512374219
8151 0.07248140927145949
8152 0.07248596730549708
8153 0.07249052533953472
8154 0.07249508337357231
8155 0.07249964140760992
8156 0.07250419944164753
8157 0.07250875747568514
8158 0.07251331550972274
8159 0.07251787354376035
8160 0.07252243157779796
8161 0.07252698961183557
8162 0.07253154764587318
8163 0.07253610567991078
8164 0.07254066371394839
8165 0.072545221747986
8166 0.07254977978202361
8167 0.0725543378160612
8168 0.07255889585009882
8169 0.07256345388413642
8170 0.07256801191817404
8171 0.07257256995221165
8172 0.07257712798624925
8173 0.07258168602028688
8174 0.07258624405432448
8175 0.07259080208836208
8176 0.0725953601223997
8177 0.07259991815643728
8178 0.07260447619047491
8179 0.07260903422451251
8180 0.07261359225855009
8181 0.07261815029258772
8182 0.07262270832662532
8183 0.07262726636066293
8184 0.07263182439470053
8185 0.07263638242873814
8186 0.07264094046277575
8187 0.07264549849681336
8188 0.07265005653085096
8189 0.07265461456488857
8190 0.07265917259892618
8191 0.07266373063296379
8192 0.07266828866700141
8193 0.07267284670103899
8194 0.0726774047350766
8195 0.07268196276911422
8196 0.07268652080315183
8197 0.07269107883718944
8198 0.07269563687122704
8199 0.07270019490526465
8200 0.07270475293930226
8201 0.07270931097333987
8202 0.07271386900737747
8203 0.07271842704141508
8204 0.07272298507545269
8205 0.07272754310949031
8206 0.0727321011435279
8207 0.07273665917756553
8208 0.07274121721160312
8209 0.07274577524564071
8210 0.07275033327967834
8211 0.07275489131371594
8212 0.07275944934775355
8213 0.07276400738179115
8214 0.07276856541582877
8215 0.07277312344986639
8216 0.072777681483904
8217 0.07278223951794158
8218 0.0727867975519792
8219 0.0727913555860168
8220 0.07279591362005441
8221 0.07280047165409204
8222 0.07280502968812963
8223 0.07280958772216724
8224 0.07281414575620483
8225 0.07281870379024245
8226 0.07282326182428003
8227 0.07282781985831764
8228 0.07283237789235528
8229 0.07283693592639287
8230 0.07284149396043048
8231 0.0728460519944681
8232 0.07285061002850568
8233 0.07285516806254332
8234 0.07285972609658091
8235 0.07286428413061852
8236 0.07286884216465614
8237 0.07287340019869373
8238 0.07287795823273133
8239 0.07288251626676896
8240 0.07288707430080656
8241 0.07289163233484416
8242 0.07289619036888177
8243 0.07290074840291938
8244 0.07290530643695699
8245 0.07290986447099461
8246 0.0729144225050322
8247 0.07291898053906981
8248 0.0729235385731074
8249 0.07292809660714501
8250 0.07293265464118263
8251 0.07293721267522023
8252 0.07294177070925786
8253 0.07294632874329546
8254 0.07295088677733307
8255 0.07295544481137067
8256 0.07296000284540828
8257 0.07296456087944587
8258 0.0729691189134835
8259 0.07297367694752112
8260 0.07297823498155871
8261 0.07298279301559632
8262 0.07298735104963391
8263 0.07299190908367154
8264 0.07299646711770914
8265 0.07300102515174675
8266 0.07300558318578436
8267 0.07301014121982197
8268 0.07301469925385956
8269 0.07301925728789717
8270 0.07302381532193479
8271 0.07302837335597238
8272 0.07303293139000999
8273 0.07303748942404759
8274 0.07304204745808521
8275 0.07304660549212282
8276 0.07305116352616044
8277 0.07305572156019803
8278 0.07306027959423564
8279 0.07306483762827325
8280 0.07306939566231084
8281 0.07307395369634846
8282 0.07307851173038607
8283 0.07308306976442368
8284 0.0730876277984613
8285 0.07309218583249888
8286 0.0730967438665365
8287 0.0731013019005741
8288 0.07310585993461173
8289 0.07311041796864931
8290 0.07311497600268693
8291 0.07311953403672454
8292 0.07312409207076215
8293 0.07312865010479974
8294 0.07313320813883736
8295 0.07313776617287496
8296 0.07314232420691258
8297 0.07314688224095019
8298 0.07315144027498781
8299 0.07315599830902539
8300 0.07316055634306301
8301 0.07316511437710062
8302 0.07316967241113821
8303 0.07317423044517583
8304 0.07317878847921344
8305 0.07318334651325105
8306 0.07318790454728867
8307 0.07319246258132626
8308 0.07319702061536387
8309 0.07320157864940147
8310 0.07320613668343906
8311 0.07321069471747667
8312 0.07321525275151429
8313 0.07321981078555191
8314 0.0732243688195895
8315 0.0732289268536271
8316 0.07323348488766472
8317 0.07323804292170233
8318 0.07324260095573994
8319 0.07324715898977754
8320 0.07325171702381515
8321 0.07325627505785276
8322 0.07326083309189037
8323 0.07326539112592798
8324 0.07326994915996558
8325 0.07327450719400319
8326 0.0732790652280408
8327 0.07328362326207842
8328 0.07328818129611601
8329 0.07329273933015364
8330 0.07329729736419123
8331 0.07330185539822884
8332 0.07330641343226643
8333 0.07331097146630405
8334 0.07331552950034165
8335 0.07332008753437926
8336 0.07332464556841688
8337 0.07332920360245448
8338 0.0733337616364921
8339 0.0733383196705297
8340 0.07334287770456731
8341 0.07334743573860492
8342 0.07335199377264254
8343 0.07335655180668013
8344 0.07336110984071774
8345 0.07336566787475533
8346 0.07337022590879294
8347 0.07337478394283058
8348 0.07337934197686817
8349 0.07338390001090578
8350 0.07338845804494336
8351 0.07339301607898101
8352 0.07339757411301859
8353 0.0734021321470562
8354 0.0734066901810938
8355 0.07341124821513142
8356 0.07341580624916902
8357 0.07342036428320663
8358 0.07342492231724423
8359 0.07342948035128186
8360 0.07343403838531944
8361 0.07343859641935706
8362 0.07344315445339467
8363 0.07344771248743227
8364 0.07345227052146988
8365 0.07345682855550749
8366 0.07346138658954511
8367 0.07346594462358269
8368 0.07347050265762031
8369 0.07347506069165792
8370 0.07347961872569553
8371 0.07348417675973314
8372 0.07348873479377074
8373 0.07349329282780835
8374 0.07349785086184597
8375 0.07350240889588358
8376 0.07350696692992117
8377 0.07351152496395878
8378 0.07351608299799639
8379 0.073520641032034
8380 0.0735251990660716
8381 0.0735297571001092
8382 0.07353431513414684
8383 0.07353887316818443
8384 0.07354343120222205
8385 0.07354798923625964
8386 0.07355254727029725
8387 0.07355710530433485
8388 0.07356166333837247
8389 0.07356622137241008
8390 0.07357077940644768
8391 0.07357533744048528
8392 0.0735798954745229
8393 0.07358445350856051
8394 0.0735890115425981
8395 0.07359356957663571
8396 0.0735981276106733
8397 0.07360268564471092
8398 0.07360724367874852
8399 0.07361180171278613
8400 0.07361635974682375
8401 0.07362091778086136
8402 0.07362547581489896
8403 0.07363003384893657
8404 0.07363459188297417
8405 0.0736391499170118
8406 0.07364370795104938
8407 0.073648265985087
8408 0.07365282401912462
8409 0.07365738205316222
8410 0.07366194008719983
8411 0.07366649812123743
8412 0.07367105615527504
8413 0.07367561418931265
8414 0.07368017222335026
8415 0.07368473025738786
8416 0.07368928829142546
8417 0.07369384632546308
8418 0.07369840435950069
8419 0.0737029623935383
8420 0.07370752042757592
8421 0.07371207846161351
8422 0.07371663649565112
8423 0.07372119452968873
8424 0.07372575256372634
8425 0.07373031059776394
8426 0.07373486863180155
8427 0.07373942666583916
8428 0.07374398469987677
8429 0.07374854273391437
8430 0.073753100767952
8431 0.07375765880198958
8432 0.07376221683602718
8433 0.07376677487006482
8434 0.07377133290410241
8435 0.07377589093814002
8436 0.0737804489721776
8437 0.07378500700621524
8438 0.07378956504025283
8439 0.07379412307429044
8440 0.07379868110832805
8441 0.07380323914236564
8442 0.07380779717640328
8443 0.07381235521044087
8444 0.07381691324447846
8445 0.07382147127851607
8446 0.07382602931255369
8447 0.07383058734659129
8448 0.07383514538062892
8449 0.0738397034146665
8450 0.07384426144870412
8451 0.07384881948274173
8452 0.07385337751677934
8453 0.07385793555081696
8454 0.07386249358485457
8455 0.07386705161889215
8456 0.07387160965292977
8457 0.07387616768696738
8458 0.07388072572100497
8459 0.0738852837550426
8460 0.07388984178908019
8461 0.07389439982311781
8462 0.0738989578571554
8463 0.07390351589119303
8464 0.07390807392523063
8465 0.07391263195926824
8466 0.07391718999330583
8467 0.07392174802734346
8468 0.07392630606138106
8469 0.07393086409541866
8470 0.07393542212945628
8471 0.07393998016349389
8472 0.0739445381975315
8473 0.0739490962315691
8474 0.07395365426560671
8475 0.07395821229964432
8476 0.07396277033368194
8477 0.0739673283677195
8478 0.07397188640175714
8479 0.07397644443579474
8480 0.07398100246983234
8481 0.07398556050386995
8482 0.07399011853790756
8483 0.07399467657194517
8484 0.07399923460598276
8485 0.07400379264002038
8486 0.074008350674058
8487 0.07401290870809561
8488 0.07401746674213319
8489 0.07402202477617081
8490 0.07402658281020841
8491 0.07403114084424602
8492 0.07403569887828364
8493 0.07404025691232125
8494 0.07404481494635884
8495 0.07404937298039646
8496 0.07405393101443407
8497 0.07405848904847168
8498 0.07406304708250928
8499 0.0740676051165469
8500 0.07407216315058451
8501 0.07407672118462211
8502 0.07408127921865972
8503 0.07408583725269731
8504 0.07409039528673494
8505 0.07409495332077254
8506 0.07409951135481015
8507 0.07410406938884775
8508 0.07410862742288536
8509 0.07411318545692296
8510 0.07411774349096056
8511 0.07412230152499817
8512 0.0741268595590358
8513 0.0741314175930734
8514 0.07413597562711101
8515 0.0741405336611486
8516 0.07414509169518622
8517 0.07414964972922383
8518 0.07415420776326143
8519 0.07415876579729905
8520 0.07416332383133666
8521 0.07416788186537428
8522 0.07417243989941184
8523 0.07417699793344947
8524 0.07418155596748706
8525 0.07418611400152468
8526 0.07419067203556229
8527 0.0741952300695999
8528 0.07419978810363752
8529 0.07420434613767511
8530 0.07420890417171272
8531 0.07421346220575033
8532 0.07421802023978794
8533 0.07422257827382554
8534 0.07422713630786315
8535 0.07423169434190076
8536 0.07423625237593838
8537 0.07424081040997596
8538 0.07424536844401358
8539 0.07424992647805119
8540 0.0742544845120888
8541 0.0742590425461264
8542 0.07426360058016401
8543 0.07426815861420162
8544 0.07427271664823924
8545 0.07427727468227684
8546 0.07428183271631444
8547 0.07428639075035205
8548 0.07429094878438966
8549 0.07429550681842728
8550 0.07430006485246486
8551 0.07430462288650248
8552 0.07430918092054009
8553 0.0743137389545777
8554 0.0743182969886153
8555 0.07432285502265291
8556 0.07432741305669052
8557 0.07433197109072813
8558 0.07433652912476574
8559 0.07434108715880335
8560 0.07434564519284095
8561 0.07435020322687856
8562 0.07435476126091617
8563 0.07435931929495375
8564 0.07436387732899138
8565 0.07436843536302898
8566 0.07437299339706659
8567 0.0743775514311042
8568 0.0743821094651418
8569 0.07438666749917941
8570 0.07439122553321702
8571 0.07439578356725461
8572 0.07440034160129225
8573 0.07440489963532985
8574 0.07440945766936745
8575 0.07441401570340506
8576 0.07441857373744266
8577 0.07442313177148026
8578 0.07442768980551788
8579 0.07443224783955549
8580 0.0744368058735931
8581 0.0744413639076307
8582 0.07444592194166831
8583 0.07445047997570593
8584 0.07445503800974353
8585 0.07445959604378113
8586 0.07446415407781874
8587 0.07446871211185634
8588 0.07447327014589394
8589 0.07447782817993157
8590 0.07448238621396916
8591 0.07448694424800677
8592 0.0744915022820444
8593 0.074496060316082
8594 0.0745006183501196
8595 0.07450517638415721
8596 0.07450973441819483
8597 0.07451429245223243
8598 0.07451885048627004
8599 0.07452340852030764
8600 0.07452796655434524
8601 0.07453252458838286
8602 0.07453708262242047
8603 0.07454164065645809
8604 0.0745461986904957
8605 0.07455075672453329
8606 0.07455531475857088
8607 0.0745598727926085
8608 0.07456443082664611
8609 0.0745689888606837
8610 0.07457354689472132
8611 0.07457810492875892
8612 0.07458266296279653
8613 0.07458722099683412
8614 0.07459177903087175
8615 0.07459633706490937
8616 0.07460089509894695
8617 0.07460545313298457
8618 0.07461001116702218
8619 0.07461456920105979
8620 0.0746191272350974
8621 0.074623685269135
8622 0.07462824330317261
8623 0.07463280133721022
8624 0.07463735937124784
8625 0.07464191740528542
8626 0.07464647543932304
8627 0.07465103347336066
8628 0.07465559150739826
8629 0.07466014954143586
8630 0.07466470757547347
8631 0.07466926560951107
8632 0.07467382364354869
8633 0.07467838167758628
8634 0.0746829397116239
8635 0.07468749774566151
8636 0.07469205577969912
8637 0.07469661381373673
8638 0.07470117184777432
8639 0.07470572988181194
8640 0.07471028791584955
8641 0.07471484594988716
8642 0.07471940398392476
8643 0.07472396201796237
8644 0.07472852005199998
8645 0.07473307808603759
8646 0.0747376361200752
8647 0.07474219415411278
8648 0.07474675218815043
8649 0.074751310222188
8650 0.07475586825622561
8651 0.07476042629026322
8652 0.07476498432430083
8653 0.07476954235833844
8654 0.07477410039237604
8655 0.07477865842641365
8656 0.07478321646045126
8657 0.07478777449448887
8658 0.07479233252852648
8659 0.0747968905625641
8660 0.07480144859660168
8661 0.07480600663063929
8662 0.0748105646646769
8663 0.0748151226987145
8664 0.07481968073275212
8665 0.07482423876678973
8666 0.07482879680082734
8667 0.07483335483486493
8668 0.07483791286890255
8669 0.07484247090294018
8670 0.07484702893697778
8671 0.07485158697101536
8672 0.07485614500505298
8673 0.07486070303909059
8674 0.0748652610731282
8675 0.07486981910716582
8676 0.07487437714120342
8677 0.07487893517524102
8678 0.07488349320927862
8679 0.07488805124331624
8680 0.07489260927735385
8681 0.07489716731139147
8682 0.07490172534542906
8683 0.07490628337946666
8684 0.07491084141350428
8685 0.07491539944754187
8686 0.0749199574815795
8687 0.0749245155156171
8688 0.07492907354965471
8689 0.0749336315836923
8690 0.07493818961772991
8691 0.07494274765176755
8692 0.07494730568580511
8693 0.07495186371984275
8694 0.07495642175388034
8695 0.07496097978791796
8696 0.07496553782195556
8697 0.07497009585599317
8698 0.07497465389003077
8699 0.0749792119240684
8700 0.07498376995810598
8701 0.0749883279921436
8702 0.07499288602618119
8703 0.07499744406021883
8704 0.07500200209425642
8705 0.07500656012829401
8706 0.07501111816233165
8707 0.07501567619636923
8708 0.07502023423040685
8709 0.07502479226444446
8710 0.07502935029848207
8711 0.07503390833251966
8712 0.07503846636655728
8713 0.0750430244005949
8714 0.07504758243463251
8715 0.07505214046867009
8716 0.07505669850270771
8717 0.07506125653674531
8718 0.07506581457078293
8719 0.07507037260482054
8720 0.07507493063885814
8721 0.07507948867289574
8722 0.07508404670693337
8723 0.07508860474097098
8724 0.07509316277500858
8725 0.07509772080904617
8726 0.07510227884308379
8727 0.0751068368771214
8728 0.07511139491115901
8729 0.07511595294519663
8730 0.07512051097923422
8731 0.07512506901327184
8732 0.07512962704730945
8733 0.07513418508134703
8734 0.07513874311538465
8735 0.07514330114942225
8736 0.07514785918345986
8737 0.07515241721749748
8738 0.07515697525153507
8739 0.07516153328557268
8740 0.0751660913196103
8741 0.0751706493536479
8742 0.0751752073876855
8743 0.07517976542172312
8744 0.07518432345576072
8745 0.07518888148979831
8746 0.07519343952383593
8747 0.07519799755787356
8748 0.07520255559191115
8749 0.07520711362594876
8750 0.07521167165998635
8751 0.07521622969402397
8752 0.07522078772806158
8753 0.0752253457620992
8754 0.0752299037961368
8755 0.0752344618301744
8756 0.07523901986421201
8757 0.0752435778982496
8758 0.07524813593228721
8759 0.07525269396632484
8760 0.07525725200036244
8761 0.07526181003440005
8762 0.07526636806843766
8763 0.07527092610247527
8764 0.07527548413651287
8765 0.07528004217055048
8766 0.07528460020458809
8767 0.0752891582386257
8768 0.07529371627266329
8769 0.0752982743067009
8770 0.07530283234073853
8771 0.07530739037477613
8772 0.07531194840881374
8773 0.07531650644285134
8774 0.07532106447688897
8775 0.07532562251092656
8776 0.07533018054496415
8777 0.07533473857900176
8778 0.07533929661303937
8779 0.07534385464707698
8780 0.0753484126811146
8781 0.07535297071515218
8782 0.07535752874918979
8783 0.07536208678322741
8784 0.07536664481726502
8785 0.07537120285130261
8786 0.07537576088534023
8787 0.07538031891937784
8788 0.07538487695341545
8789 0.07538943498745306
8790 0.07539399302149066
8791 0.07539855105552827
8792 0.07540310908956588
8793 0.07540766712360347
8794 0.0754122251576411
8795 0.07541678319167869
8796 0.07542134122571632
8797 0.07542589925975392
8798 0.07543045729379153
8799 0.07543501532782913
8800 0.07543957336186674
8801 0.07544413139590435
8802 0.07544868942994196
8803 0.07545324746397955
8804 0.07545780549801717
8805 0.07546236353205478
8806 0.0754669215660924
8807 0.07547147960012998
8808 0.07547603763416762
8809 0.07548059566820521
8810 0.0754851537022428
8811 0.07548971173628041
8812 0.07549426977031803
8813 0.07549882780435566
8814 0.07550338583839324
8815 0.07550794387243086
8816 0.07551250190646845
8817 0.07551705994050605
8818 0.07552161797454367
8819 0.07552617600858125
8820 0.07553073404261888
8821 0.07553529207665649
8822 0.0755398501106941
8823 0.07554440814473172
8824 0.07554896617876933
8825 0.07555352421280691
8826 0.07555808224684454
8827 0.07556264028088212
8828 0.07556719831491975
8829 0.07557175634895735
8830 0.07557631438299496
8831 0.07558087241703258
8832 0.07558543045107016
8833 0.07558998848510777
8834 0.07559454651914542
8835 0.075599104553183
8836 0.07560366258722062
8837 0.07560822062125822
8838 0.07561277865529582
8839 0.07561733668933343
8840 0.07562189472337105
8841 0.07562645275740863
8842 0.07563101079144625
8843 0.07563556882548386
8844 0.07564012685952148
8845 0.07564468489355906
8846 0.07564924292759667
8847 0.0756538009616343
8848 0.0756583589956719
8849 0.07566291702970951
8850 0.0756674750637471
8851 0.07567203309778472
8852 0.07567659113182235
8853 0.07568114916585995
8854 0.07568570719989753
8855 0.07569026523393516
8856 0.07569482326797276
8857 0.07569938130201037
8858 0.07570393933604799
8859 0.0757084973700856
8860 0.07571305540412317
8861 0.0757176134381608
8862 0.0757221714721984
8863 0.075726729506236
8864 0.07573128754027361
8865 0.0757358455743112
8866 0.07574040360834881
8867 0.07574496164238644
8868 0.07574951967642404
8869 0.07575407771046165
8870 0.07575863574449926
8871 0.07576319377853688
8872 0.07576775181257447
8873 0.07577230984661208
8874 0.07577686788064969
8875 0.0757814259146873
8876 0.0757859839487249
8877 0.0757905419827625
8878 0.07579510001680012
8879 0.07579965805083773
8880 0.07580421608487534
8881 0.07580877411891296
8882 0.07581333215295057
8883 0.07581789018698815
8884 0.07582244822102577
8885 0.07582700625506336
8886 0.07583156428910097
8887 0.07583612232313859
8888 0.07584068035717621
8889 0.07584523839121382
8890 0.07584979642525143
8891 0.07585435445928902
8892 0.07585891249332663
8893 0.07586347052736424
8894 0.07586802856140185
8895 0.07587258659543947
8896 0.07587714462947705
8897 0.07588170266351467
8898 0.07588626069755229
8899 0.0758908187315899
8900 0.07589537676562749
8901 0.07589993479966511
8902 0.0759044928337027
8903 0.0759090508677403
8904 0.07591360890177792
8905 0.07591816693581552
8906 0.07592272496985311
8907 0.07592728300389073
8908 0.07593184103792833
8909 0.07593639907196593
8910 0.07594095710600356
8911 0.07594551514004116
8912 0.07595007317407876
8913 0.07595463120811638
8914 0.07595918924215397
8915 0.07596374727619158
8916 0.07596830531022919
8917 0.07597286334426681
8918 0.07597742137830442
8919 0.07598197941234203
8920 0.0759865374463796
8921 0.07599109548041724
8922 0.07599565351445485
8923 0.07600021154849244
8924 0.07600476958253007
8925 0.07600932761656767
8926 0.07601388565060527
8927 0.07601844368464289
8928 0.0760230017186805
8929 0.0760275597527181
8930 0.0760321177867557
8931 0.07603667582079333
8932 0.07604123385483094
8933 0.07604579188886854
8934 0.07605034992290616
8935 0.07605490795694374
8936 0.07605946599098136
8937 0.07606402402501898
8938 0.07606858205905659
8939 0.0760731400930942
8940 0.07607769812713179
8941 0.0760822561611694
8942 0.076086814195207
8943 0.07609137222924461
8944 0.0760959302632822
8945 0.07610048829731984
8946 0.07610504633135742
8947 0.07610960436539503
8948 0.07611416239943264
8949 0.07611872043347025
8950 0.07612327846750785
8951 0.07612783650154545
8952 0.07613239453558307
8953 0.07613695256962068
8954 0.07614151060365829
8955 0.07614606863769591
8956 0.0761506266717335
8957 0.07615518470577112
8958 0.07615974273980872
8959 0.07616430077384632
8960 0.07616885880788392
8961 0.07617341684192153
8962 0.07617797487595915
8963 0.07618253290999677
8964 0.07618709094403435
8965 0.07619164897807199
8966 0.07619620701210958
8967 0.07620076504614719
8968 0.0762053230801848
8969 0.07620988111422242
8970 0.07621443914826001
8971 0.07621899718229762
8972 0.07622355521633524
8973 0.07622811325037283
8974 0.07623267128441044
8975 0.07623722931844804
8976 0.07624178735248566
8977 0.07624634538652326
8978 0.07625090342056087
8979 0.0762554614545985
8980 0.07626001948863607
8981 0.07626457752267368
8982 0.0762691355567113
8983 0.0762736935907489
8984 0.07627825162478652
8985 0.07628280965882413
8986 0.07628736769286175
8987 0.07629192572689933
8988 0.07629648376093695
8989 0.07630104179497453
8990 0.07630559982901214
8991 0.07631015786304977
8992 0.07631471589708737
8993 0.07631927393112498
8994 0.07632383196516258
8995 0.07632838999920019
8996 0.0763329480332378
8997 0.0763375060672754
8998 0.07634206410131301
8999 0.07634662213535062
9000 0.07635118016938822
9001 0.07635573820342584
9002 0.07636029623746343
9003 0.07636485427150104
9004 0.07636941230553868
9005 0.07637397033957627
9006 0.07637852837361386
9007 0.07638308640765147
9008 0.07638764444168909
9009 0.07639220247572669
9010 0.07639676050976431
9011 0.07640131854380192
9012 0.07640587657783952
9013 0.07641043461187712
9014 0.07641499264591473
9015 0.07641955067995235
9016 0.07642410871398995
9017 0.07642866674802756
9018 0.07643322478206516
9019 0.07643778281610278
9020 0.07644234085014039
9021 0.076446898884178
9022 0.0764514569182156
9023 0.07645601495225321
9024 0.0764605729862908
9025 0.07646513102032843
9026 0.07646968905436603
9027 0.07647424708840364
9028 0.07647880512244123
9029 0.07648336315647884
9030 0.07648792119051645
9031 0.0764924792245541
9032 0.07649703725859167
9033 0.07650159529262927
9034 0.0765061533266669
9035 0.07651071136070449
9036 0.0765152693947421
9037 0.0765198274287797
9038 0.07652438546281731
9039 0.0765289434968549
9040 0.07653350153089251
9041 0.07653805956493014
9042 0.07654261759896774
9043 0.07654717563300535
9044 0.07655173366704296
9045 0.07655629170108057
9046 0.07656084973511817
9047 0.07656540776915577
9048 0.07656996580319339
9049 0.076574523837231
9050 0.0765790818712686
9051 0.0765836399053062
9052 0.07658819793934381
9053 0.07659275597338142
9054 0.07659731400741904
9055 0.07660187204145665
9056 0.07660643007549425
9057 0.07661098810953186
9058 0.07661554614356947
9059 0.07662010417760708
9060 0.07662466221164468
9061 0.07662922024568229
9062 0.07663377827971991
9063 0.07663833631375751
9064 0.0766428943477951
9065 0.07664745238183272
9066 0.07665201041587034
9067 0.07665656844990794
9068 0.07666112648394555
9069 0.07666568451798315
9070 0.07667024255202076
9071 0.07667480058605836
9072 0.07667935862009596
9073 0.07668391665413357
9074 0.0766884746881712
9075 0.0766930327222088
9076 0.0766975907562464
9077 0.076702148790284
9078 0.07670670682432161
9079 0.07671126485835922
9080 0.07671582289239681
9081 0.07672038092643443
9082 0.07672493896047204
9083 0.07672949699450964
9084 0.07673405502854726
9085 0.07673861306258487
9086 0.07674317109662246
9087 0.07674772913066008
9088 0.07675228716469769
9089 0.0767568451987353
9090 0.07676140323277292
9091 0.07676596126681051
9092 0.07677051930084812
9093 0.07677507733488571
9094 0.07677963536892334
9095 0.07678419340296094
9096 0.07678875143699856
9097 0.07679330947103616
9098 0.07679786750507377
9099 0.07680242553911136
9100 0.07680698357314898
9101 0.07681154160718659
9102 0.0768160996412242
9103 0.0768206576752618
9104 0.07682521570929941
9105 0.07682977374333702
9106 0.07683433177737464
9107 0.07683888981141224
9108 0.07684344784544986
9109 0.07684800587948747
9110 0.07685256391352506
9111 0.07685712194756267
9112 0.07686167998160028
9113 0.07686623801563787
9114 0.07687079604967548
9115 0.07687535408371311
9116 0.07687991211775069
9117 0.07688447015178831
9118 0.07688902818582591
9119 0.07689358621986349
9120 0.07689814425390112
9121 0.07690270228793873
9122 0.07690726032197633
9123 0.07691181835601395
9124 0.07691637639005156
9125 0.07692093442408916
9126 0.07692549245812676
9127 0.07693005049216438
9128 0.07693460852620197
9129 0.0769391665602396
9130 0.07694372459427719
9131 0.0769482826283148
9132 0.07695284066235242
9133 0.07695739869639001
9134 0.07696195673042765
9135 0.07696651476446524
9136 0.0769706394052964
9137 0.07697476404612758
9138 0.07697888868695875
9139 0.07698301332778988
9140 0.07698713796862104
9141 0.07699126260945223
9142 0.07699538725028339
9143 0.07699951189111455
9144 0.07700363653194572
9145 0.07700776117277687
9146 0.07701188581360804
9147 0.0770160104544392
9148 0.07702013509527038
9149 0.07702425973610154
9150 0.07702838437693271
9151 0.07703250901776387
9152 0.07703663365859503
9153 0.07704075829942618
9154 0.07704488294025734
9155 0.07704900758108853
9156 0.07705313222191969
9157 0.07705725686275085
9158 0.07706138150358201
9159 0.0770655061444132
9160 0.07706963078524436
9161 0.0770737554260755
9162 0.07707788006690668
9163 0.07708200470773782
9164 0.077086129348569
9165 0.07709025398940016
9166 0.07709437863023134
9167 0.07709850327106249
9168 0.07710262791189368
9169 0.07710675255272482
9170 0.07711087719355599
9171 0.07711500183438716
9172 0.07711912647521829
9173 0.07712325111604948
9174 0.07712737575688063
9175 0.07713150039771181
9176 0.07713562503854297
9177 0.07713974967937412
9178 0.07714387432020528
9179 0.07714799896103645
9180 0.07715212360186763
9181 0.07715624824269879
9182 0.07716037288352996
9183 0.07716449752436112
9184 0.07716862216519228
9185 0.07717274680602346
9186 0.0771768714468546
9187 0.07718099608768576
9188 0.07718512072851694
9189 0.07718924536934811
9190 0.07719337001017927
9191 0.07719749465101042
9192 0.07720161929184159
9193 0.07720574393267275
9194 0.07720986857350393
9195 0.07721399321433507
9196 0.07721811785516623
9197 0.0772222424959974
9198 0.07722636713682858
9199 0.07723049177765974
9200 0.07723461641849091
9201 0.07723874105932209
9202 0.07724286570015323
9203 0.0772469903409844
9204 0.07725111498181556
9205 0.07725523962264672
9206 0.07725936426347789
9207 0.07726348890430904
9208 0.07726761354514021
9209 0.07727173818597138
9210 0.07727586282680253
9211 0.0772799874676337
9212 0.07728411210846489
9213 0.07728823674929602
9214 0.07729236139012718
9215 0.07729648603095839
9216 0.07730061067178953
9217 0.07730473531262068
9218 0.07730885995345185
9219 0.07731298459428303
9220 0.0773171092351142
9221 0.07732123387594535
9222 0.07732535851677652
9223 0.0773294831576077
9224 0.07733360779843884
9225 0.07733773243927
9226 0.07734185708010116
9227 0.07734598172093234
9228 0.0773501063617635
9229 0.07735423100259464
9230 0.07735835564342583
9231 0.07736248028425699
9232 0.07736660492508816
9233 0.07737072956591934
9234 0.0773748542067505
9235 0.07737897884758164
9236 0.07738310348841282
9237 0.07738722812924398
9238 0.07739135277007514
9239 0.0773954774109063
9240 0.0773996020517375
9241 0.07740372669256863
9242 0.07740785133339978
9243 0.07741197597423097
9244 0.07741610061506213
9245 0.07742022525589329
9246 0.07742434989672445
9247 0.07742847453755561
9248 0.07743259917838678
9249 0.07743672381921793
9250 0.0774408484600491
9251 0.07744497310088028
9252 0.07744909774171144
9253 0.0774532223825426
9254 0.07745734702337376
9255 0.07746147166420493
9256 0.07746559630503609
9257 0.07746972094586725
9258 0.07747384558669843
9259 0.0774779702275296
9260 0.07748209486836076
9261 0.07748621950919192
9262 0.07749034415002308
9263 0.07749446879085425
9264 0.07749859343168543
9265 0.07750271807251659
9266 0.07750684271334773
9267 0.07751096735417891
9268 0.07751509199501005
9269 0.07751921663584123
9270 0.07752334127667238
9271 0.07752746591750356
9272 0.07753159055833472
9273 0.07753571519916591
9274 0.07753983983999704
9275 0.0775439644808282
9276 0.07754808912165939
9277 0.07755221376249054
9278 0.0775563384033217
9279 0.07756046304415286
9280 0.07756458768498403
9281 0.07756871232581519
9282 0.07757283696664635
9283 0.07757696160747753
9284 0.07758108624830869
9285 0.07758521088913983
9286 0.07758933552997105
9287 0.0775934601708022
9288 0.07759758481163334
9289 0.0776017094524645
9290 0.07760583409329565
9291 0.07760995873412684
9292 0.077614083374958
9293 0.07761820801578917
9294 0.07762233265662033
9295 0.07762645729745149
9296 0.07763058193828265
9297 0.07763470657911382
9298 0.07763883121994498
9299 0.07764295586077613
9300 0.07764708050160733
9301 0.07765120514243849
9302 0.07765532978326965
9303 0.0776594544241008
9304 0.07766357906493197
9305 0.07766770370576313
9306 0.07767182834659428
9307 0.07767595298742545
9308 0.07768007762825661
9309 0.07768420226908779
9310 0.07768832690991895
9311 0.07769245155075014
9312 0.07769657619158128
9313 0.07770070083241244
9314 0.0777048254732436
9315 0.07770895011407476
9316 0.07771307475490595
9317 0.0777171993957371
9318 0.07772132403656828
9319 0.07772544867739943
9320 0.07772957331823058
9321 0.07773369795906175
9322 0.07773782259989294
9323 0.0777419472407241
9324 0.07774607188155525
9325 0.07775019652238642
9326 0.0777543211632176
9327 0.07775844580404874
9328 0.0777625704448799
9329 0.07776669508571107
9330 0.07777081972654223
9331 0.0777749443673734
9332 0.07777906900820455
9333 0.07778319364903573
9334 0.07778731828986689
9335 0.07779144293069806
9336 0.07779556757152924
9337 0.0777996922123604
9338 0.07780381685319153
9339 0.07780794149402272
9340 0.07781206613485385
9341 0.07781619077568505
9342 0.07782031541651618
9343 0.07782444005734737
9344 0.07782856469817855
9345 0.07783268933900969
9346 0.07783681397984085
9347 0.07784093862067203
9348 0.07784506326150317
9349 0.07784918790233433
9350 0.07785331254316552
9351 0.0778574371839967
9352 0.07786156182482784
9353 0.07786568646565901
9354 0.07786981110649016
9355 0.07787393574732132
9356 0.0778780603881525
9357 0.07788218502898367
9358 0.07788630966981483
9359 0.07789043431064599
9360 0.07789455895147714
9361 0.07789868359230832
9362 0.0779028082331395
9363 0.07790693287397064
9364 0.0779110575148018
9365 0.07791518215563298
9366 0.07791930679646414
9367 0.0779234314372953
9368 0.07792755607812647
9369 0.07793168071895763
9370 0.07793580535978879
9371 0.07793993000061997
9372 0.07794405464145111
9373 0.07794817928228229
9374 0.07795230392311345
9375 0.07795642856394461
9376 0.07796055320477578
9377 0.07796467784560696
9378 0.0779688024864381
9379 0.07797292712726928
9380 0.07797705176810042
9381 0.0779811764089316
9382 0.07798530104976277
9383 0.07798942569059392
9384 0.0779935503314251
9385 0.07799767497225625
9386 0.07800179961308744
9387 0.07800592425391857
9388 0.07801004889474975
9389 0.07801417353558092
9390 0.07801829817641208
9391 0.07802242281724324
9392 0.0780265474580744
9393 0.07803067209890557
9394 0.07803479673973675
9395 0.0780389213805679
9396 0.07804304602139908
9397 0.07804717066223023
9398 0.07805129530306139
9399 0.07805541994389253
9400 0.07805954458472374
9401 0.07806366922555488
9402 0.07806779386638607
9403 0.07807191850721722
9404 0.07807604314804836
9405 0.07808016778887954
9406 0.0780842924297107
9407 0.07808841707054187
9408 0.07809254171137302
9409 0.07809666635220418
9410 0.07810079099303535
9411 0.0781049156338665
9412 0.07810904027469769
9413 0.07811316491552885
9414 0.07811728955636003
9415 0.07812141419719118
9416 0.07812553883802234
9417 0.07812966347885347
9418 0.07813378811968466
9419 0.07813791276051582
9420 0.078142037401347
9421 0.07814616204217817
9422 0.07815028668300934
9423 0.0781544113238405
9424 0.07815853596467165
9425 0.07816266060550282
9426 0.07816678524633397
9427 0.07817090988716514
9428 0.07817503452799632
9429 0.07817915916882746
9430 0.07818328380965865
9431 0.0781874084504898
9432 0.07819153309132096
9433 0.07819565773215213
9434 0.07819978237298329
9435 0.07820390701381447
9436 0.07820803165464565
9437 0.07821215629547679
9438 0.07821628093630796
9439 0.07822040557713912
9440 0.07822453021797027
9441 0.07822865485880146
9442 0.07823277949963263
9443 0.07823690414046376
9444 0.07824102878129494
9445 0.07824515342212611
9446 0.07824927806295727
9447 0.07825340270378843
9448 0.07825752734461959
9449 0.07826165198545079
9450 0.07826577662628192
9451 0.07826990126711307
9452 0.07827402590794426
9453 0.07827815054877542
9454 0.07828227518960656
9455 0.07828639983043774
9456 0.0782905244712689
9457 0.07829464911210009
9458 0.07829877375293123
9459 0.0783028983937624
9460 0.07830702303459357
9461 0.07831114767542474
9462 0.07831527231625589
9463 0.07831939695708705
9464 0.0783235215979182
9465 0.07832764623874938
9466 0.07833177087958054
9467 0.07833589552041174
9468 0.07834002016124288
9469 0.07834414480207402
9470 0.0783482694429052
9471 0.07835239408373638
9472 0.07835651872456756
9473 0.07836064336539868
9474 0.07836476800622988
9475 0.07836889264706103
9476 0.07837301728789219
9477 0.07837714192872335
9478 0.0783812665695545
9479 0.0783853912103857
9480 0.07838951585121684
9481 0.07839364049204801
9482 0.07839776513287917
9483 0.07840188977371033
9484 0.0784060144145415
9485 0.07841013905537268
9486 0.07841426369620383
9487 0.07841838833703499
9488 0.07842251297786615
9489 0.07842663761869731
9490 0.07843076225952848
9491 0.07843488690035964
9492 0.07843901154119082
9493 0.07844313618202198
9494 0.07844726082285312
9495 0.0784513854636843
9496 0.07845551010451547
9497 0.07845963474534663
9498 0.07846375938617779
9499 0.07846788402700897
9500 0.07847200866784013
9501 0.0784761333086713
9502 0.07848025794950245
9503 0.0784843825903336
9504 0.07848850723116478
9505 0.07849263187199593
9506 0.07849675651282711
9507 0.07850088115365828
9508 0.07850500579448945
9509 0.0785091304353206
9510 0.07851325507615177
9511 0.07851737971698294
9512 0.07852150435781408
9513 0.07852562899864526
9514 0.07852975363947642
9515 0.0785338782803076
9516 0.07853800292113874
9517 0.07854212756196992
9518 0.07854625220280108
9519 0.07855037684363224
9520 0.0785545014844634
9521 0.07855862612529457
9522 0.07856275076612573
9523 0.07856687540695687
9524 0.07857100004778808
9525 0.07857512468861924
9526 0.07857924932945039
9527 0.07858337397028155
9528 0.07858749861111271
9529 0.0785916232519439
9530 0.07859574789277504
9531 0.0785998725336062
9532 0.07860399717443736
9533 0.07860812181526852
9534 0.07861224645609967
9535 0.07861637109693088
9536 0.07862049573776203
9537 0.07862462037859319
9538 0.07862874501942438
9539 0.07863286966025552
9540 0.07863699430108669
9541 0.07864111894191785
9542 0.07864524358274903
9543 0.07864936822358018
9544 0.07865349286441134
9545 0.07865761750524253
9546 0.07866174214607369
9547 0.07866586678690483
9548 0.07866999142773601
9549 0.07867411606856717
9550 0.07867824070939833
9551 0.07868236535022949
9552 0.07868648999106066
9553 0.07869061463189182
9554 0.07869473927272298
9555 0.07869886391355414
9556 0.07870298855438532
9557 0.07870711319521649
9558 0.07871123783604762
9559 0.07871536247687881
9560 0.07871948711770997
9561 0.07872361175854113
9562 0.07872773639937228
9563 0.07873186104020345
9564 0.07873598568103464
9565 0.07874011032186577
9566 0.07874423496269695
9567 0.0787483596035281
9568 0.07875248424435927
9569 0.07875660888519044
9570 0.07876073352602159
9571 0.07876485816685277
9572 0.07876898280768393
9573 0.07877310744851512
9574 0.07877723208934627
9575 0.07878135673017743
9576 0.07878548137100859
9577 0.07878960601183976
9578 0.07879373065267092
9579 0.07879785529350208
9580 0.07880197993433326
9581 0.07880610457516442
9582 0.07881022921599558
9583 0.07881435385682675
9584 0.0788184784976579
9585 0.07882260313848907
9586 0.07882672777932023
9587 0.07883085242015139
9588 0.07883497706098257
9589 0.07883910170181373
9590 0.0788432263426449
9591 0.07884735098347606
9592 0.07885147562430725
9593 0.0788556002651384
9594 0.07885972490596954
9595 0.07886384954680072
9596 0.07886797418763185
9597 0.07887209882846305
9598 0.07887622346929421
9599 0.07888034811012537
9600 0.07888447275095653
9601 0.07888859739178769
9602 0.07889272203261889
9603 0.07889684667345002
9604 0.07890097131428121
9605 0.07890509595511234
9606 0.07890922059594352
9607 0.07891334523677467
9608 0.07891746987760583
9609 0.07892159451843701
9610 0.07892571915926817
9611 0.07892984380009933
9612 0.0789339684409305
9613 0.07893809308176164
9614 0.07894221772259281
9615 0.07894634236342399
9616 0.07895046700425516
9617 0.07895459164508632
9618 0.07895871628591748
9619 0.07896284092674867
9620 0.07896696556757982
9621 0.07897109020841098
9622 0.07897521484924214
9623 0.07897933949007332
9624 0.07898346413090447
9625 0.07898758877173563
9626 0.07899171341256679
9627 0.07899583805339797
9628 0.07899996269422914
9629 0.07900408733506027
9630 0.07900821197589147
9631 0.07901233661672262
9632 0.0790164612575538
9633 0.07902058589838494
9634 0.07902471053921611
9635 0.07902883518004729
9636 0.07903295982087843
9637 0.07903708446170957
9638 0.07904120910254077
9639 0.07904533374337193
9640 0.07904945838420309
9641 0.07905358302503425
9642 0.07905770766586542
9643 0.07906183230669658
9644 0.07906595694752774
9645 0.07907008158835892
9646 0.07907420622919008
9647 0.07907833087002127
9648 0.07908245551085243
9649 0.07908658015168357
9650 0.07909070479251473
9651 0.07909482943334589
9652 0.0790989540741771
9653 0.07910307871500823
9654 0.0791072033558394
9655 0.07911132799667053
9656 0.07911545263750172
9657 0.07911957727833288
9658 0.07912370191916404
9659 0.0791278265599952
9660 0.0791319512008264
9661 0.07913607584165754
9662 0.07914020048248871
9663 0.07914432512331987
9664 0.079148449764151
9665 0.07915257440498219
9666 0.07915669904581336
9667 0.07916082368664452
9668 0.07916494832747567
9669 0.07916907296830686
9670 0.07917319760913802
9671 0.07917732224996919
9672 0.07918144689080034
9673 0.0791855715316315
9674 0.07918969617246267
9675 0.07919382081329383
9676 0.07919794545412501
9677 0.07920207009495614
9678 0.07920619473578731
9679 0.07921031937661847
9680 0.07921444401744968
9681 0.07921856865828082
9682 0.07922269329911197
9683 0.07922681793994314
9684 0.07923094258077432
9685 0.07923506722160546
9686 0.07923919186243664
9687 0.07924331650326781
9688 0.07924744114409897
9689 0.07925156578493013
9690 0.07925569042576129
9691 0.07925981506659245
9692 0.07926393970742363
9693 0.07926806434825479
9694 0.07927218898908596
9695 0.07927631362991712
9696 0.07928043827074828
9697 0.07928456291157944
9698 0.07928868755241061
9699 0.0792928121932418
9700 0.07929693683407293
9701 0.07930106147490411
9702 0.07930518611573527
9703 0.07930931075656644
9704 0.07931343539739759
9705 0.07931756003822878
9706 0.07932168467905992
9707 0.0793258093198911
9708 0.07932993396072223
9709 0.07933405860155342
9710 0.07933818324238459
9711 0.07934230788321574
9712 0.0793464325240469
9713 0.07935055716487806
9714 0.07935468180570923
9715 0.07935880644654039
9716 0.07936293108737157
9717 0.0793670557282027
9718 0.07937118036903389
9719 0.07937530500986506
9720 0.07937942965069622
9721 0.07938355429152737
9722 0.07938767893235855
9723 0.07939180357318973
9724 0.07939592821402087
9725 0.07940005285485204
9726 0.0794041774956832
9727 0.07940830213651437
9728 0.07941242677734553
9729 0.0794165514181767
9730 0.07942067605900785
9731 0.07942480069983901
9732 0.07942892534067018
9733 0.07943304998150137
9734 0.07943717462233255
9735 0.07944129926316366
9736 0.07944542390399485
9737 0.07944954854482601
9738 0.07945367318565719
9739 0.07945779782648833
9740 0.0794619224673195
9741 0.07946604710815068
9742 0.07947017174898183
9743 0.079474296389813
9744 0.07947842103064416
9745 0.07948254567147532
9746 0.07948667031230648
9747 0.07949079495313767
9748 0.07949491959396882
9749 0.07949904423479998
9750 0.07950316887563116
9751 0.07950729351646231
9752 0.07951141815729347
9753 0.07951554279812464
9754 0.07951966743895579
9755 0.07952379207978698
9756 0.07952791672061812
9757 0.07953204136144928
9758 0.07953616600228046
9759 0.07954029064311162
9760 0.0795444152839428
9761 0.07954853992477393
9762 0.07955266456560511
9763 0.07955678920643627
9764 0.07956091384726745
9765 0.07956503848809861
9766 0.07956916312892975
9767 0.07957328776976094
9768 0.07957741241059209
9769 0.07958153705142326
9770 0.07958566169225442
9771 0.07958978633308558
9772 0.07959391097391677
9773 0.07959803561474793
9774 0.07960216025557905
9775 0.07960628489641024
9776 0.07961040953724141
9777 0.07961453417807256
9778 0.07961865881890373
9779 0.07962278345973488
9780 0.07962690810056608
9781 0.07963103274139723
9782 0.07963515738222839
9783 0.07963928202305956
9784 0.07964340666389072
9785 0.07964753130472188
9786 0.07965165594555305
9787 0.07965578058638423
9788 0.07965990522721537
9789 0.07966402986804653
9790 0.07966815450887772
9791 0.07967227914970887
9792 0.07967640379054003
9793 0.07968052843137119
9794 0.07968465307220236
9795 0.07968877771303354
9796 0.07969290235386468
9797 0.07969702699469586
9798 0.07970115163552703
9799 0.07970527627635818
9800 0.07970940091718935
9801 0.07971352555802053
9802 0.07971765019885167
9803 0.07972177483968282
9804 0.079725899480514
9805 0.07973002412134515
9806 0.07973414876217634
9807 0.0797382734030075
9808 0.07974239804383866
9809 0.07974652268466982
9810 0.07975064732550098
9811 0.07975477196633216
9812 0.07975889660716332
9813 0.07976302124799448
9814 0.07976714588882564
9815 0.07977127052965682
9816 0.07977539517048797
9817 0.07977951981131912
9818 0.0797836444521503
9819 0.07978776909298146
9820 0.07979189373381262
9821 0.07979601837464378
9822 0.07980014301547499
9823 0.0798042676563061
9824 0.07980839229713728
9825 0.07981251693796844
9826 0.07981664157879961
9827 0.07982076621963079
9828 0.07982489086046193
9829 0.0798290155012931
9830 0.07983314014212427
9831 0.07983726478295543
9832 0.07984138942378659
9833 0.07984551406461776
9834 0.07984963870544891
9835 0.07985376334628007
9836 0.07985788798711127
9837 0.07986201262794242
9838 0.07986613726877356
9839 0.07987026190960474
9840 0.07987438655043594
9841 0.07987851119126708
9842 0.0798826358320982
9843 0.0798867604729294
9844 0.07989088511376057
9845 0.07989500975459174
9846 0.07989913439542289
9847 0.07990325903625407
9848 0.07990738367708522
9849 0.07991150831791638
9850 0.07991563295874757
9851 0.07991975759957871
9852 0.07992388224040987
9853 0.07992800688124103
9854 0.0799321315220722
9855 0.07993625616290337
9856 0.07994038080373453
9857 0.07994450544456567
9858 0.07994863008539689
9859 0.079952754726228
9860 0.07995687936705917
9861 0.07996100400789036
9862 0.07996512864872152
9863 0.07996925328955268
9864 0.07997337793038384
9865 0.07997750257121501
9866 0.07998162721204617
9867 0.0799857518528773
9868 0.07998987649370849
9869 0.0799940011345397
9870 0.07999812577537081
9871 0.080002250416202
9872 0.08000637505703313
9873 0.08001049969786432
9874 0.08001462433869548
9875 0.08001874897952668
9876 0.08002287362035782
9877 0.08002699826118896
9878 0.08003112290202014
9879 0.08003524754285132
9880 0.08003937218368247
9881 0.08004349682451363
9882 0.08004762146534482
9883 0.08005174610617596
9884 0.08005587074700711
9885 0.08005999538783828
9886 0.08006412002866944
9887 0.08006824466950063
9888 0.08007236931033179
9889 0.08007649395116295
9890 0.08008061859199414
9891 0.08008474323282529
9892 0.08008886787365643
9893 0.08009299251448763
9894 0.08009711715531877
9895 0.08010124179614993
9896 0.0801053664369811
9897 0.08010949107781226
9898 0.08011361571864342
9899 0.08011774035947458
9900 0.08012186500030576
9901 0.08012598964113693
9902 0.08013011428196808
9903 0.08013423892279924
9904 0.08013836356363038
9905 0.08014248820446157
9906 0.08014661284529273
9907 0.0801507374861239
9908 0.08015486212695506
9909 0.08015898676778623
9910 0.08016311140861736
9911 0.08016723604944856
9912 0.0801713606902797
9913 0.08017548533111088
9914 0.08017960997194207
9915 0.0801837346127732
9916 0.08018785925360439
9917 0.08019198389443555
9918 0.08019610853526671
9919 0.08020023317609787
9920 0.08020435781692904
9921 0.08020848245776023
9922 0.08021260709859136
9923 0.08021673173942252
9924 0.08022085638025366
9925 0.08022498102108487
9926 0.08022910566191602
9927 0.08023323030274718
9928 0.08023735494357834
9929 0.08024147958440951
9930 0.08024560422524067
9931 0.08024972886607185
9932 0.080253853506903
9933 0.08025797814773418
9934 0.08026210278856534
9935 0.08026622742939649
9936 0.08027035207022766
9937 0.08027447671105882
9938 0.08027860135188998
9939 0.08028272599272117
9940 0.08028685063355233
9941 0.08029097527438346
9942 0.08029509991521463
9943 0.08029922455604581
9944 0.08030334919687696
9945 0.0803074738377081
9946 0.0803115984785393
9947 0.08031572311937048
9948 0.08031984776020162
9949 0.08032397240103278
9950 0.08032809704186394
9951 0.08033222168269512
9952 0.08033634632352626
9953 0.08034047096435745
9954 0.08034459560518861
9955 0.08034872024601977
9956 0.08035284488685093
9957 0.0803569695276821
9958 0.08036109416851327
9959 0.08036521880934441
9960 0.0803693434501756
9961 0.08037346809100675
9962 0.08037759273183792
9963 0.08038171737266908
9964 0.08038584201350026
9965 0.08038996665433143
9966 0.08039409129516258
9967 0.08039821593599374
9968 0.08040234057682492
9969 0.08040646521765606
9970 0.0804105898584872
9971 0.0804147144993184
9972 0.08041883914014956
9973 0.0804229637809807
9974 0.08042708842181191
9975 0.08043121306264307
9976 0.08043533770347423
9977 0.08043946234430538
9978 0.08044358698513655
9979 0.08044771162596773
9980 0.08045183626679889
9981 0.08045596090763003
9982 0.08046008554846121
9983 0.08046421018929237
9984 0.08046833483012351
9985 0.08047245947095469
9986 0.08047658411178585
9987 0.08048070875261702
9988 0.0804848333934482
9989 0.08048895803427936
9990 0.08049308267511052
9991 0.08049720731594168
9992 0.08050133195677285
9993 0.08050545659760398
9994 0.08050958123843517
9995 0.08051370587926633
9996 0.08051783052009749
9997 0.08052195516092864
9998 0.08052607980175983
9999 0.08053020444259101
10000 0.08053432908342216
10001 0.08053845372425335
10002 0.08054257836508448
10003 0.08054670300591565
10004 0.08055082764674681
10005 0.08055495228757797
10006 0.08055907692840916
10007 0.08056320156924031
10008 0.08056732621007147
10009 0.08057145085090264
10010 0.08057557549173382
10011 0.08057970013256499
10012 0.08058382477339614
10013 0.08058794941422728
10014 0.08059207405505846
10015 0.08059619869588962
10016 0.0806003233367208
10017 0.08060444797755194
10018 0.08060857261838311
10019 0.08061269725921426
10020 0.08061682190004543
10021 0.0806209465408766
10022 0.08062507118170777
10023 0.08062919582253891
10024 0.08063332046337009
10025 0.08063744510420126
10026 0.08064156974503241
10027 0.08064569438586358
10028 0.08064981902669476
10029 0.08065394366752592
10030 0.08065806830835708
10031 0.08066219294918828
10032 0.08066631759001942
10033 0.08067044223085057
10034 0.08067456687168172
10035 0.0806786915125129
10036 0.08068281615334406
10037 0.08068694079417522
10038 0.08069106543500638
10039 0.08069519007583757
10040 0.08069931471666872
10041 0.08070343935749988
10042 0.08070756399833105
10043 0.0807116886391622
10044 0.08071581327999336
10045 0.08071993792082455
10046 0.0807240625616557
10047 0.08072818720248688
10048 0.08073231184331803
10049 0.0807364364841492
10050 0.08074056112498036
10051 0.0807446857658115
10052 0.08074881040664268
10053 0.08075293504747388
10054 0.08075705968830502
10055 0.08076118432913616
10056 0.08076530896996735
10057 0.08076943361079852
10058 0.08077355825162967
10059 0.0807776828924608
10060 0.080781807533292
10061 0.08078593217412317
10062 0.08079005681495433
10063 0.0807941814557855
10064 0.08079830609661666
10065 0.08080243073744782
10066 0.08080655537827897
10067 0.08081068001911014
10068 0.08081480465994131
10069 0.08081892930077247
10070 0.08082305394160365
10071 0.0808271785824348
10072 0.08083130322326597
10073 0.08083542786409713
10074 0.0808395525049283
10075 0.08084367714575946
10076 0.08084780178659061
10077 0.0808519264274218
10078 0.08085605106825296
10079 0.08086017570908412
10080 0.08086430034991529
10081 0.08086842499074645
10082 0.08087254963157763
10083 0.08087667427240874
10084 0.08088079891323993
10085 0.0808849235540711
10086 0.0808890481949023
10087 0.08089317283573343
10088 0.0808972974765646
10089 0.08090142211739576
10090 0.08090554675822692
10091 0.08090967139905807
10092 0.08091379603988925
10093 0.08091792068072043
10094 0.08092204532155156
10095 0.08092616996238278
10096 0.08093029460321391
10097 0.08093441924404507
10098 0.08093854388487623
10099 0.08094266852570742
10100 0.08094679316653858
10101 0.08095091780736974
10102 0.0809550424482009
10103 0.08095916708903206
10104 0.08096329172986322
10105 0.08096741637069436
10106 0.08097154101152555
10107 0.08097566565235671
10108 0.08097979029318786
10109 0.08098391493401905
10110 0.0809880395748502
10111 0.08099216421568138
10112 0.08099628885651251
10113 0.08100041349734369
10114 0.08100453813817486
10115 0.08100866277900602
10116 0.0810127874198372
10117 0.08101691206066836
10118 0.08102103670149952
10119 0.08102516134233069
10120 0.08102928598316184
10121 0.081033410623993
10122 0.08103753526482417
10123 0.08104165990565534
10124 0.08104578454648649
10125 0.08104990918731766
10126 0.08105403382814882
10127 0.08105815846898
10128 0.08106228310981117
10129 0.08106640775064232
10130 0.08107053239147347
10131 0.08107465703230465
10132 0.08107878167313581
10133 0.08108290631396697
10134 0.08108703095479815
10135 0.08109115559562934
10136 0.08109528023646047
10137 0.08109940487729163
10138 0.0811035295181228
10139 0.08110765415895399
10140 0.08111177879978511
10141 0.0811159034406163
10142 0.08112002808144744
10143 0.08112415272227862
10144 0.08112827736310978
10145 0.08113240200394095
10146 0.0811365266447721
10147 0.08114065128560326
10148 0.08114477592643443
10149 0.08114890056726559
10150 0.08115302520809677
10151 0.08115714984892793
10152 0.08116127448975909
10153 0.08116539913059026
10154 0.08116952377142139
10155 0.08117364841225257
10156 0.08117777305308375
10157 0.08118189769391493
10158 0.08118602233474606
10159 0.08119014697557725
10160 0.08119427161640842
10161 0.08119839625723956
10162 0.08120252089807073
10163 0.08120664553890188
10164 0.08121077017973308
10165 0.08121489482056422
10166 0.0812190194613954
10167 0.08122314410222656
10168 0.08122726874305772
10169 0.08123139338388886
10170 0.08123551802472005
10171 0.08123964266555121
10172 0.08124376730638237
10173 0.08124789194721355
10174 0.08125201658804472
10175 0.08125614122887585
10176 0.08126026586970703
10177 0.08126439051053817
10178 0.08126851515136936
10179 0.08127263979220054
10180 0.0812767644330317
10181 0.08128088907386286
10182 0.08128501371469402
10183 0.08128913835552518
10184 0.08129326299635635
10185 0.08129738763718751
10186 0.08130151227801868
10187 0.08130563691884983
10188 0.08130976155968099
10189 0.08131388620051216
10190 0.08131801084134332
10191 0.08132213548217448
10192 0.08132626012300566
10193 0.0813303847638368
10194 0.08133450940466799
10195 0.08133863404549915
10196 0.08134275868633031
10197 0.08134688332716147
10198 0.08135100796799265
10199 0.08135513260882381
10200 0.08135925724965498
10201 0.08136338189048611
10202 0.08136750653131729
10203 0.08137163117214845
10204 0.08137575581297962
10205 0.0813798804538108
10206 0.08138400509464197
10207 0.08138812973547312
10208 0.08139225437630428
10209 0.08139637901713546
10210 0.0814005036579666
10211 0.08140462829879777
10212 0.08140875293962896
10213 0.0814128775804601
10214 0.08141700222129128
10215 0.08142112686212245
10216 0.0814252515029536
10217 0.08142937614378477
10218 0.08143350078461592
10219 0.0814376254254471
10220 0.08144175006627825
10221 0.08144587470710941
10222 0.08144999934794057
10223 0.08145412398877175
10224 0.08145824862960292
10225 0.08146237327043407
10226 0.08146649791126521
10227 0.08147062255209638
10228 0.08147474719292756
10229 0.08147887183375872
10230 0.0814829964745899
10231 0.08148712111542104
10232 0.08149124575625222
10233 0.08149537039708338
10234 0.08149949503791455
10235 0.08150361967874571
10236 0.08150774431957686
10237 0.08151186896040803
10238 0.08151599360123922
10239 0.08152011824207037
10240 0.0815242428829015
10241 0.0815283675237327
10242 0.08153249216456386
10243 0.08153661680539502
10244 0.08154074144622617
10245 0.08154486608705737
10246 0.08154899072788852
10247 0.08155311536871968
10248 0.08155724000955085
10249 0.081561364650382
10250 0.08156548929121317
10251 0.08156961393204433
10252 0.0815737385728755
10253 0.08157786321370669
10254 0.08158198785453782
10255 0.081586112495369
10256 0.08159023713620016
10257 0.08159436177703132
10258 0.08159848641786249
10259 0.08160261105869367
10260 0.0816067356995248
10261 0.08161086034035599
10262 0.08161498498118713
10263 0.0816191096220183
10264 0.08162323426284948
10265 0.08162735890368064
10266 0.08163148354451179
10267 0.08163560818534295
10268 0.08163973282617414
10269 0.08164385746700528
10270 0.08164798210783644
10271 0.08165210674866762
10272 0.0816562313894988
10273 0.08166035603032994
10274 0.08166448067116114
10275 0.08166860531199227
10276 0.08167272995282344
10277 0.0816768545936546
10278 0.08168097923448578
10279 0.08168510387531693
10280 0.0816892285161481
10281 0.08169335315697926
10282 0.08169747779781042
10283 0.0817016024386416
10284 0.08170572707947277
10285 0.0817098517203039
10286 0.08171397636113507
10287 0.08171810100196625
10288 0.08172222564279738
10289 0.08172635028362857
10290 0.08173047492445976
10291 0.0817345995652909
10292 0.08173872420612205
10293 0.08174284884695321
10294 0.0817469734877844
10295 0.08175109812861557
10296 0.08175522276944672
10297 0.08175934741027788
10298 0.08176347205110905
10299 0.08176759669194021
10300 0.08177172133277137
10301 0.08177584597360256
10302 0.08177997061443372
10303 0.08178409525526485
10304 0.08178821989609604
10305 0.0817923445369272
10306 0.08179646917775836
10307 0.0818005938185895
10308 0.08180471845942067
10309 0.08180884310025188
10310 0.08181296774108303
10311 0.08181709238191419
10312 0.08182121702274535
10313 0.08182534166357652
10314 0.0818294663044077
10315 0.08183359094523884
10316 0.08183771558607
10317 0.08184184022690116
10318 0.08184596486773232
10319 0.08185008950856353
10320 0.08185421414939466
10321 0.0818583387902258
10322 0.081862463431057
10323 0.08186658807188818
10324 0.0818707127127193
10325 0.08187483735355046
10326 0.08187896199438165
10327 0.0818830866352128
10328 0.08188721127604398
10329 0.08189133591687515
10330 0.0818954605577063
10331 0.08189958519853743
10332 0.08190370983936862
10333 0.0819078344801998
10334 0.08191195912103096
10335 0.08191608376186212
10336 0.08192020840269329
10337 0.08192433304352445
10338 0.08192845768435562
10339 0.08193258232518674
10340 0.08193670696601792
10341 0.0819408316068491
10342 0.08194495624768026
10343 0.08194908088851144
10344 0.08195320552934263
10345 0.08195733017017376
10346 0.08196145481100493
10347 0.0819655794518361
10348 0.08196970409266725
10349 0.0819738287334984
10350 0.08197795337432957
10351 0.08198207801516075
10352 0.0819862026559919
10353 0.08199032729682308
10354 0.08199445193765423
10355 0.0819985765784854
10356 0.08200270121931656
10357 0.08200682586014772
10358 0.08201095050097888
10359 0.08201507514181006
10360 0.08201919978264119
10361 0.0820233244234724
10362 0.08202744906430355
10363 0.0820315737051347
10364 0.08203569834596589
10365 0.08203982298679705
10366 0.08204394762762819
10367 0.08204807226845938
10368 0.08205219690929054
10369 0.08205632155012171
10370 0.08206044619095287
10371 0.082064570831784
10372 0.08206869547261518
10373 0.08207282011344637
10374 0.08207694475427753
10375 0.08208106939510867
10376 0.08208519403593985
10377 0.08208931867677101
10378 0.08209344331760218
10379 0.08209756795843333
10380 0.0821016925992645
10381 0.08210581724009566
10382 0.08210994188092682
10383 0.082114066521758
10384 0.08211819116258917
10385 0.08212231580342032
10386 0.08212644044425149
10387 0.08213056508508265
10388 0.08213468972591381
10389 0.08213881436674496
10390 0.08214293900757613
10391 0.08214706364840729
10392 0.08215118828923847
10393 0.08215531293006961
10394 0.0821594375709008
10395 0.08216356221173197
10396 0.08216768685256312
10397 0.08217181149339431
10398 0.08217593613422546
10399 0.08218006077505662
10400 0.08218418541588779
10401 0.08218831005671894
10402 0.08219243469755011
10403 0.08219655933838126
10404 0.08220068397921244
10405 0.0822048086200436
10406 0.08220893326087476
10407 0.08221305790170594
10408 0.0822171825425371
10409 0.08222130718336826
10410 0.08222543182419942
10411 0.0822295564650306
10412 0.08223368110586177
10413 0.08223780574669291
10414 0.08224193038752409
10415 0.08224605502835526
10416 0.08225017966918642
10417 0.08225430431001757
10418 0.08225842895084873
10419 0.0822625535916799
10420 0.08226667823251105
10421 0.08227080287334222
10422 0.0822749275141734
10423 0.08227905215500457
10424 0.0822831767958357
10425 0.08228730143666689
10426 0.08229142607749802
10427 0.08229555071832921
10428 0.08229967535916038
10429 0.08230379999999152
10430 0.08230792464082273
10431 0.08231204928165385
10432 0.08231617392248505
10433 0.0823202985633162
10434 0.08232442320414736
10435 0.08232854784497849
10436 0.08233267248580971
10437 0.08233679712664085
10438 0.08234092176747201
10439 0.0823450464083032
10440 0.08234917104913435
10441 0.0823532956899655
10442 0.08235742033079667
10443 0.08236154497162784
10444 0.08236566961245902
10445 0.08236979425329015
10446 0.08237391889412132
10447 0.0823780435349525
10448 0.08238216817578366
10449 0.0823862928166148
10450 0.08239041745744599
10451 0.08239454209827714
10452 0.08239866673910831
10453 0.08240279137993947
10454 0.08240691602077065
10455 0.08241104066160178
10456 0.08241516530243294
10457 0.08241928994326414
10458 0.08242341458409531
10459 0.08242753922492647
10460 0.08243166386575762
10461 0.08243578850658878
10462 0.08243991314741995
10463 0.0824440377882511
10464 0.0824481624290823
10465 0.08245228706991348
10466 0.08245641171074461
10467 0.08246053635157577
10468 0.08246466099240696
10469 0.08246878563323812
10470 0.08247291027406926
10471 0.08247703491490044
10472 0.0824811595557316
10473 0.08248528419656276
10474 0.0824894088373939
10475 0.08249353347822509
10476 0.08249765811905625
10477 0.0825017827598874
10478 0.0825059074007186
10479 0.08251003204154975
10480 0.0825141566823809
10481 0.08251828132321205
10482 0.08252240596404327
10483 0.0825265306048744
10484 0.08253065524570556
10485 0.08253477988653674
10486 0.0825389045273679
10487 0.08254302916819907
10488 0.0825471538090302
10489 0.08255127844986139
10490 0.08255540309069254
10491 0.08255952773152371
10492 0.08256365237235487
10493 0.08256777701318604
10494 0.08257190165401719
10495 0.08257602629484838
10496 0.08258015093567954
10497 0.08258427557651069
10498 0.08258840021734186
10499 0.08259252485817302
10500 0.0825966494990042
10501 0.08260077413983535
10502 0.08260489878066651
10503 0.08260902342149769
10504 0.08261314806232885
10505 0.08261727270316
10506 0.08262139734399117
10507 0.08262552198482236
10508 0.08262964662565352
10509 0.08263377126648468
10510 0.08263789590731584
10511 0.082642020548147
10512 0.08264614518897814
10513 0.08265026982980932
10514 0.08265439447064049
10515 0.08265851911147166
10516 0.08266264375230281
10517 0.082666768393134
10518 0.08267089303396515
10519 0.0826750176747963
10520 0.08267914231562747
10521 0.08268326695645864
10522 0.0826873915972898
10523 0.08269151623812096
10524 0.08269564087895212
10525 0.0826997655197833
10526 0.08270389016061448
10527 0.08270801480144564
10528 0.08271213944227679
10529 0.08271626408310796
10530 0.08272038872393912
10531 0.08272451336477027
10532 0.08272863800560143
10533 0.08273276264643262
10534 0.08273688728726376
10535 0.08274101192809494
10536 0.08274513656892608
10537 0.08274926120975727
10538 0.08275338585058842
10539 0.08275751049141956
10540 0.08276163513225074
10541 0.08276575977308191
10542 0.08276988441391309
10543 0.08277400905474425
10544 0.0827781336955754
10545 0.08278225833640655
10546 0.08278638297723774
10547 0.0827905076180689
10548 0.08279463225890009
10549 0.08279875689973122
10550 0.08280288154056238
10551 0.08280700618139356
10552 0.0828111308222247
10553 0.08281525546305589
10554 0.08281938010388704
10555 0.08282350474471821
10556 0.0828276293855494
10557 0.08283175402638054
10558 0.08283587866721168
10559 0.08284000330804285
10560 0.08284412794887405
10561 0.08284825258970518
10562 0.08285237723053637
10563 0.08285650187136753
10564 0.08286062651219869
10565 0.08286475115302987
10566 0.08286887579386101
10567 0.08287300043469219
10568 0.08287712507552335
10569 0.0828812497163545
10570 0.08288537435718568
10571 0.08288949899801686
10572 0.08289362363884802
10573 0.08289774827967916
10574 0.08290187292051034
10575 0.0829059975613415
10576 0.08291012220217264
10577 0.08291424684300382
10578 0.08291837148383499
10579 0.08292249612466615
10580 0.08292662076549734
10581 0.08293074540632848
10582 0.08293487004715965
10583 0.08293899468799083
10584 0.08294311932882197
10585 0.08294724396965314
10586 0.0829513686104843
10587 0.08295549325131546
10588 0.08295961789214662
10589 0.08296374253297777
10590 0.08296786717380895
10591 0.08297199181464011
10592 0.08297611645547129
10593 0.08298024109630243
10594 0.0829843657371336
10595 0.08298849037796477
10596 0.08299261501879594
10597 0.0829967396596271
10598 0.08300086430045826
10599 0.08300498894128944
10600 0.0830091135821206
10601 0.08301323822295176
10602 0.0830173628637829
10603 0.08302148750461409
10604 0.08302561214544525
10605 0.08302973678627641
10606 0.0830338614271076
10607 0.08303798606793875
10608 0.08304211070876993
10609 0.08304623534960108
10610 0.08305035999043224
10611 0.0830544846312634
10612 0.08305860927209456
10613 0.08306273391292573
10614 0.08306685855375688
10615 0.08307098319458806
10616 0.08307510783541922
10617 0.08307923247625039
10618 0.08308335711708156
10619 0.08308748175791271
10620 0.08309160639874388
10621 0.08309573103957504
10622 0.0830998556804062
10623 0.08310398032123736
10624 0.08310810496206854
10625 0.0831122296028997
10626 0.08311635424373086
10627 0.08312047888456203
10628 0.0831246035253932
10629 0.08312872816622435
10630 0.08313285280705551
10631 0.08313697744788667
10632 0.08314110208871786
10633 0.08314522672954901
10634 0.08314935137038017
10635 0.08315347601121136
10636 0.08315760065204249
10637 0.08316172529287366
10638 0.08316584993370484
10639 0.083169974574536
10640 0.08317409921536717
10641 0.08317822385619833
10642 0.08318234849702949
10643 0.08318647313786064
10644 0.0831905977786918
10645 0.08319472241952301
10646 0.08319884706035413
10647 0.0832029717011853
10648 0.08320709634201646
10649 0.08321122098284764
10650 0.08321534562367881
10651 0.08321947026450995
10652 0.08322359490534112
10653 0.0832277195461723
10654 0.08323184418700347
10655 0.0832359688278346
10656 0.08324009346866579
10657 0.08324421810949695
10658 0.08324834275032811
10659 0.08325246739115928
10660 0.08325659203199044
10661 0.08326071667282162
10662 0.08326484131365273
10663 0.08326896595448394
10664 0.0832730905953151
10665 0.08327721523614627
10666 0.08328133987697739
10667 0.08328546451780859
10668 0.08328958915863977
10669 0.0832937137994709
10670 0.08329783844030209
10671 0.08330196308113325
10672 0.0833060877219644
10673 0.08331021236279557
10674 0.08331433700362674
10675 0.0833184616444579
10676 0.08332258628528906
10677 0.08332671092612023
10678 0.08333083556695138
10679 0.08333496020778255
10680 0.0833390848486137
10681 0.08334320948944489
10682 0.08334733413027605
10683 0.08335145877110721
10684 0.08335558341193838
10685 0.08335970805276954
10686 0.0833638326936007
10687 0.08336795733443186
10688 0.08337208197526305
10689 0.08337620661609423
10690 0.08338033125692536
10691 0.08338445589775653
10692 0.0833885805385877
10693 0.08339270517941885
10694 0.08339682982025001
10695 0.08340095446108117
10696 0.08340507910191235
10697 0.08340920374274352
10698 0.08341332838357468
10699 0.08341745302440581
10700 0.08342157766523699
10701 0.08342570230606816
10702 0.08342982694689935
10703 0.0834339515877305
10704 0.08343807622856167
10705 0.08344220086939283
10706 0.08344632551022398
10707 0.08345045015105514
10708 0.0834545747918863
10709 0.08345869943271748
10710 0.08346282407354864
10711 0.08346694871437978
10712 0.08347107335521096
10713 0.08347519799604214
10714 0.0834793226368733
10715 0.08348344727770445
10716 0.08348757191853562
10717 0.08349169655936678
10718 0.08349582120019795
10719 0.0834999458410291
10720 0.08350407048186029
10721 0.08350819512269143
10722 0.08351231976352262
10723 0.0835164444043538
10724 0.08352056904518493
10725 0.0835246936860161
10726 0.08352881832684723
10727 0.08353294296767845
10728 0.0835370676085096
10729 0.08354119224934077
10730 0.08354531689017194
10731 0.08354944153100308
10732 0.08355356617183426
10733 0.08355769081266541
10734 0.08356181545349659
10735 0.08356594009432775
10736 0.08357006473515892
10737 0.08357418937599008
10738 0.08357831401682124
10739 0.0835824386576524
10740 0.08358656329848355
10741 0.08359068793931473
10742 0.0835948125801459
10743 0.08359893722097704
10744 0.0836030618618082
10745 0.08360718650263937
10746 0.08361131114347055
10747 0.08361543578430171
10748 0.0836195604251329
10749 0.08362368506596404
10750 0.08362780970679522
10751 0.08363193434762636
10752 0.08363605898845755
10753 0.08364018362928871
10754 0.08364430827011986
10755 0.08364843291095103
10756 0.0836525575517822
10757 0.08365668219261335
10758 0.08366080683344451
10759 0.08366493147427571
10760 0.08366905611510683
10761 0.083673180755938
10762 0.08367730539676917
10763 0.08368143003760034
10764 0.08368555467843149
10765 0.08368967931926266
10766 0.08369380396009383
10767 0.08369792860092501
10768 0.08370205324175617
10769 0.08370617788258733
10770 0.08371030252341849
10771 0.08371442716424965
10772 0.0837185518050808
10773 0.083722676445912
10774 0.08372680108674314
10775 0.0837309257275743
10776 0.08373505036840546
10777 0.08373917500923662
10778 0.08374329965006778
10779 0.08374742429089894
10780 0.08375154893173013
10781 0.08375567357256129
10782 0.08375979821339243
10783 0.08376392285422364
10784 0.08376804749505479
10785 0.08377217213588595
10786 0.08377629677671711
10787 0.08378042141754828
10788 0.08378454605837944
10789 0.0837886706992106
10790 0.08379279534004178
10791 0.08379691998087295
10792 0.0838010446217041
10793 0.08380516926253526
10794 0.08380929390336643
10795 0.08381341854419759
10796 0.08381754318502874
10797 0.08382166782585991
10798 0.08382579246669108
10799 0.08382991710752224
10800 0.0838340417483534
10801 0.08383816638918457
10802 0.08384229103001574
10803 0.08384641567084689
10804 0.08385054031167807
10805 0.08385466495250922
10806 0.08385878959334038
10807 0.08386291423417157
10808 0.08386703887500273
10809 0.08387116351583389
10810 0.08387528815666505
10811 0.08387941279749621
10812 0.0838835374383274
10813 0.08388766207915854
10814 0.08389178671998972
10815 0.08389591136082085
10816 0.08390003600165204
10817 0.0839041606424832
10818 0.08390828528331436
10819 0.08391240992414553
10820 0.0839165345649767
10821 0.08392065920580787
10822 0.08392478384663904
10823 0.08392890848747019
10824 0.08393303312830136
10825 0.0839371577691325
10826 0.0839412824099637
10827 0.08394540705079484
10828 0.083949531691626
10829 0.08395365633245716
10830 0.08395778097328833
10831 0.0839619056141195
10832 0.08396603025495065
10833 0.08397015489578183
10834 0.08397427953661299
10835 0.08397840417744414
10836 0.08398252881827531
10837 0.08398665345910648
10838 0.08399077809993764
10839 0.0839949027407688
10840 0.08399902738159998
10841 0.08400315202243114
10842 0.0840072766632623
10843 0.08401140130409343
10844 0.08401552594492462
10845 0.08401965058575579
10846 0.08402377522658695
10847 0.08402789986741813
10848 0.0840320245082493
10849 0.08403614914908047
10850 0.08404027378991161
10851 0.08404439843074278
10852 0.08404852307157397
10853 0.08405264771240512
10854 0.0840567723532363
10855 0.08406089699406745
10856 0.0840650216348986
10857 0.08406914627572976
10858 0.08407327091656093
10859 0.08407739555739209
10860 0.08408152019822325
10861 0.08408564483905442
10862 0.08408976947988558
10863 0.08409389412071674
10864 0.0840980187615479
10865 0.08410214340237908
10866 0.08410626804321024
10867 0.08411039268404141
10868 0.08411451732487256
10869 0.08411864196570372
10870 0.0841227666065349
10871 0.08412689124736604
10872 0.08413101588819723
10873 0.08413514052902839
10874 0.08413926516985953
10875 0.0841433898106907
10876 0.08414751445152188
10877 0.08415163909235304
10878 0.08415576373318422
10879 0.08415988837401536
10880 0.08416401301484655
10881 0.08416813765567767
10882 0.08417226229650886
10883 0.08417638693734004
10884 0.08418051157817119
10885 0.08418463621900237
10886 0.08418876085983353
10887 0.0841928855006647
10888 0.08419701014149585
10889 0.08420113478232702
10890 0.0842052594231582
10891 0.08420938406398933
10892 0.0842135087048205
10893 0.08421763334565167
10894 0.08422175798648285
10895 0.084225882627314
10896 0.08423000726814514
10897 0.08423413190897633
10898 0.08423825654980749
10899 0.08424238119063865
10900 0.08424650583146982
10901 0.08425063047230098
10902 0.08425475511313213
10903 0.0842588797539633
10904 0.08426300439479449
10905 0.08426712903562564
10906 0.0842712536764568
10907 0.08427537831728799
10908 0.08427950295811913
10909 0.08428362759895029
10910 0.08428775223978144
10911 0.08429187688061261
10912 0.08429600152144376
10913 0.08430012616227495
10914 0.08430425080310612
10915 0.08430837544393728
10916 0.08431250008476844
10917 0.08431662472559963
10918 0.08432074936643078
10919 0.08432487400726194
10920 0.08432899864809311
10921 0.08433312328892426
10922 0.08433724792975543
10923 0.0843413725705866
10924 0.08434549721141778
10925 0.08434962185224892
10926 0.08435374649308008
10927 0.08435787113391124
10928 0.08436199577474239
10929 0.08436612041557356
10930 0.08437024505640475
10931 0.0843743696972359
10932 0.08437849433806707
10933 0.08438261897889823
10934 0.08438674361972939
10935 0.08439086826056055
10936 0.08439499290139173
10937 0.08439911754222289
10938 0.08440324218305406
10939 0.08440736682388522
10940 0.08441149146471638
10941 0.08441561610554756
10942 0.08441974074637869
10943 0.08442386538720989
10944 0.08442799002804105
10945 0.08443211466887218
10946 0.08443623930970337
10947 0.08444036395053454
10948 0.08444448859136569
10949 0.08444861323219685
10950 0.08445273787302805
10951 0.08445686251385918
10952 0.08446098715469036
10953 0.0844651117955215
10954 0.08446923643635265
10955 0.08447336107718384
10956 0.08447748571801501
10957 0.08448161035884617
10958 0.08448573499967733
10959 0.08448985964050848
10960 0.08449398428133965
10961 0.08449810892217083
10962 0.08450223356300199
10963 0.08450578180858517
10964 0.08450933005416833
10965 0.0845128782997515
10966 0.08451642654533469
10967 0.08451997479091786
10968 0.08452352303650101
10969 0.08452707128208418
10970 0.08453061952766734
10971 0.08453416777325055
10972 0.0845377160188337
10973 0.08454126426441687
10974 0.08454481251000003
10975 0.08454836075558321
10976 0.0845519090011664
10977 0.08455545724674957
10978 0.08455900549233275
10979 0.08456255373791592
10980 0.08456610198349909
10981 0.08456965022908225
10982 0.0845731984746654
10983 0.08457674672024859
10984 0.08458029496583176
10985 0.08458384321141493
10986 0.0845873914569981
10987 0.08459093970258126
10988 0.08459448794816443
10989 0.08459803619374759
10990 0.08460158443933079
10991 0.08460513268491397
10992 0.08460868093049713
10993 0.0846122291760803
10994 0.08461577742166347
10995 0.08461932566724664
10996 0.08462287391282981
10997 0.08462642215841298
10998 0.08462997040399614
10999 0.08463351864957934
11000 0.08463706689516251
11001 0.08464061514074567
11002 0.08464416338632884
11003 0.084647711631912
11004 0.0846512598774952
11005 0.08465480812307837
11006 0.08465835636866152
11007 0.08466190461424473
11008 0.08466545285982785
11009 0.08466900110541106
11010 0.08467254935099422
11011 0.08467609759657739
11012 0.08467964584216056
11013 0.08468319408774372
11014 0.0846867423333269
11015 0.08469029057891007
11016 0.08469383882449326
11017 0.08469738707007642
11018 0.08470093531565956
11019 0.08470448356124273
11020 0.08470803180682593
11021 0.08471158005240909
11022 0.08471512829799227
11023 0.08471867654357544
11024 0.08472222478915863
11025 0.08472577303474177
11026 0.08472932128032495
11027 0.08473286952590811
11028 0.08473641777149131
11029 0.08473996601707444
11030 0.08474351426265765
11031 0.08474706250824084
11032 0.08475061075382401
11033 0.08475415899940716
11034 0.08475770724499034
11035 0.0847612554905735
11036 0.08476480373615668
11037 0.08476835198173985
11038 0.08477190022732302
11039 0.08477544847290619
11040 0.08477899671848936
11041 0.08478254496407255
11042 0.08478609320965569
11043 0.08478964145523887
11044 0.08479318970082204
11045 0.08479673794640522
11046 0.0848002861919884
11047 0.08480383443757154
11048 0.08480738268315474
11049 0.0848109309287379
11050 0.08481447917432108
11051 0.08481802741990424
11052 0.0848215756654874
11053 0.08482512391107058
11054 0.08482867215665374
11055 0.08483222040223692
11056 0.0848357686478201
11057 0.08483931689340325
11058 0.08484286513898642
11059 0.08484641338456962
11060 0.08484996163015279
11061 0.08485350987573595
11062 0.0848570581213191
11063 0.0848606063669023
11064 0.08486415461248549
11065 0.08486770285806865
11066 0.08487125110365182
11067 0.08487479934923499
11068 0.08487834759481817
11069 0.08488189584040132
11070 0.0848854440859845
11071 0.08488899233156767
11072 0.08489254057715084
11073 0.08489608882273403
11074 0.08489963706831719
11075 0.08490318531390037
11076 0.08490673355948353
11077 0.08491028180506668
11078 0.08491383005064986
11079 0.08491737829623305
11080 0.08492092654181621
11081 0.0849244747873994
11082 0.08492802303298254
11083 0.08493157127856574
11084 0.08493511952414888
11085 0.08493866776973205
11086 0.08494221601531525
11087 0.08494576426089842
11088 0.08494931250648158
11089 0.08495286075206478
11090 0.08495640899764792
11091 0.0849599572432311
11092 0.08496350548881428
11093 0.08496705373439745
11094 0.08497060197998063
11095 0.08497415022556377
11096 0.08497769847114696
11097 0.08498124671673013
11098 0.0849847949623133
11099 0.08498834320789647
11100 0.08499189145347963
11101 0.08499543969906281
11102 0.08499898794464598
11103 0.08500253619022917
11104 0.08500608443581233
11105 0.0850096326813955
11106 0.08501318092697867
11107 0.08501672917256184
11108 0.08502027741814501
11109 0.08502382566372818
11110 0.08502737390931137
11111 0.08503092215489451
11112 0.08503447040047768
11113 0.08503801864606086
11114 0.08504156689164406
11115 0.08504511513722722
11116 0.08504866338281039
11117 0.08505221162839358
11118 0.08505575987397673
11119 0.08505930811955992
11120 0.08506285636514306
11121 0.08506640461072625
11122 0.0850699528563094
11123 0.08507350110189257
11124 0.08507704934747576
11125 0.08508059759305894
11126 0.0850841458386421
11127 0.08508769408422527
11128 0.08509124232980846
11129 0.08509479057539163
11130 0.0850983388209748
11131 0.08510188706655797
11132 0.08510543531214115
11133 0.0851089835577243
11134 0.08511253180330748
11135 0.08511608004889065
11136 0.08511962829447381
11137 0.08512317654005697
11138 0.08512672478564015
11139 0.08513027303122332
11140 0.0851338212768065
11141 0.08513736952238968
11142 0.08514091776797286
11143 0.08514446601355602
11144 0.0851480142591392
11145 0.08515156250472235
11146 0.08515511075030553
11147 0.0851586589958887
11148 0.08516220724147185
11149 0.08516575548705506
11150 0.08516930373263822
11151 0.08517285197822139
11152 0.08517640022380454
11153 0.08517994846938773
11154 0.0851834967149709
11155 0.08518704496055406
11156 0.08519059320613726
11157 0.08519414145172043
11158 0.08519768969730358
11159 0.08520123794288674
11160 0.08520478618846992
11161 0.08520833443405311
11162 0.08521188267963627
11163 0.08521543092521944
11164 0.08521897917080262
11165 0.08522252741638578
11166 0.08522607566196896
11167 0.08522962390755215
11168 0.08523317215313529
11169 0.08523672039871849
11170 0.08524026864430165
11171 0.08524381688988482
11172 0.08524736513546799
11173 0.08525091338105116
11174 0.08525446162663433
11175 0.08525800987221749
11176 0.08526155811780066
11177 0.08526510636338384
11178 0.08526865460896701
11179 0.08527220285455017
11180 0.08527575110013334
11181 0.08527929934571653
11182 0.08528284759129968
11183 0.08528639583688286
11184 0.08528994408246604
11185 0.08529349232804921
11186 0.08529704057363238
11187 0.08530058881921555
11188 0.08530413706479871
11189 0.08530768531038187
11190 0.08531123355596505
11191 0.08531478180154824
11192 0.08531833004713141
11193 0.08532187829271458
11194 0.08532542653829776
11195 0.08532897478388093
11196 0.0853325230294641
11197 0.08533607127504729
11198 0.08533961952063042
11199 0.08534316776621362
11200 0.08534671601179677
11201 0.08535026425737996
11202 0.0853538125029631
11203 0.08535736074854633
11204 0.08536090899412947
11205 0.08536445723971263
11206 0.08536800548529581
11207 0.08537155373087899
11208 0.08537510197646217
11209 0.08537865022204533
11210 0.08538219846762848
11211 0.08538574671321167
11212 0.08538929495879485
11213 0.085392843204378
11214 0.08539639144996118
11215 0.08539993969554435
11216 0.08540348794112752
11217 0.08540703618671068
11218 0.08541058443229387
11219 0.08541413267787704
11220 0.0854176809234602
11221 0.08542122916904338
11222 0.08542477741462655
11223 0.08542832566020973
11224 0.08543187390579289
11225 0.08543542215137608
11226 0.08543897039695925
11227 0.08544251864254243
11228 0.08544606688812559
11229 0.08544961513370877
11230 0.08545316337929192
11231 0.08545671162487509
11232 0.08546025987045826
11233 0.08546380811604146
11234 0.08546735636162461
11235 0.08547090460720777
11236 0.08547445285279096
11237 0.08547800109837414
11238 0.0854815493439573
11239 0.08548509758954044
11240 0.08548864583512363
11241 0.08549219408070681
11242 0.08549574232629
11243 0.08549929057187315
11244 0.08550283881745632
11245 0.0855063870630395
11246 0.08550993530862266
11247 0.08551348355420582
11248 0.085517031799789
11249 0.0855205800453722
11250 0.08552412829095538
11251 0.08552767653653855
11252 0.0855312247821217
11253 0.08553477302770489
11254 0.08553832127328805
11255 0.08554186951887122
11256 0.08554541776445439
11257 0.08554896601003757
11258 0.0855525142556207
11259 0.0855560625012039
11260 0.08555961074678708
11261 0.08556315899237024
11262 0.08556670723795341
11263 0.08557025548353657
11264 0.08557380372911975
11265 0.08557735197470294
11266 0.08558090022028608
11267 0.08558444846586927
11268 0.08558799671145242
11269 0.08559154495703562
11270 0.08559509320261878
11271 0.08559864144820195
11272 0.08560218969378514
11273 0.0856057379393683
11274 0.08560928618495146
11275 0.08561283443053465
11276 0.08561638267611779
11277 0.085619930921701
11278 0.08562347916728415
11279 0.08562702741286733
11280 0.0856305756584505
11281 0.08563412390403367
11282 0.08563767214961684
11283 0.08564122039520002
11284 0.0856447686407832
11285 0.08564831688636639
11286 0.08565186513194956
11287 0.0856554133775327
11288 0.08565896162311587
11289 0.08566250986869904
11290 0.08566605811428221
11291 0.08566960635986538
11292 0.08567315460544857
11293 0.08567670285103171
11294 0.08568025109661488
11295 0.08568379934219805
11296 0.08568734758778125
11297 0.08569089583336441
11298 0.08569444407894757
11299 0.08569799232453075
11300 0.08570154057011392
11301 0.08570508881569709
11302 0.08570863706128026
11303 0.08571218530686345
11304 0.08571573355244662
11305 0.08571928179802982
11306 0.08572283004361297
11307 0.08572637828919613
11308 0.0857299265347793
11309 0.08573347478036247
11310 0.08573702302594563
11311 0.08574057127152881
11312 0.08574411951711196
11313 0.08574766776269516
11314 0.08575121600827833
11315 0.08575476425386153
11316 0.08575831249944467
11317 0.08576186074502784
11318 0.08576540899061103
11319 0.08576895723619418
11320 0.08577250548177735
11321 0.0857760537273605
11322 0.0857796019729437
11323 0.08578315021852687
11324 0.08578669846411005
11325 0.08579024670969322
11326 0.08579379495527639
11327 0.08579734320085955
11328 0.08580089144644272
11329 0.0858044396920259
11330 0.08580798793760906
11331 0.08581153618319225
11332 0.08581508442877542
11333 0.08581863267435859
11334 0.08582218091994176
11335 0.08582572916552492
11336 0.0858292774111081
11337 0.08583282565669127
11338 0.08583637390227444
11339 0.08583992214785761
11340 0.08584347039344079
11341 0.08584701863902396
11342 0.08585056688460714
11343 0.08585411513019028
11344 0.08585766337577348
11345 0.08586121162135663
11346 0.08586475986693978
11347 0.08586830811252298
11348 0.08587185635810614
11349 0.08587540460368934
11350 0.0858789528492725
11351 0.08588250109485566
11352 0.08588604934043884
11353 0.08588959758602202
11354 0.08589314583160518
11355 0.08589669407718836
11356 0.0859002423227715
11357 0.08590379056835469
11358 0.08590733881393788
11359 0.08591088705952105
11360 0.0859144353051042
11361 0.0859179835506874
11362 0.08592153179627057
11363 0.08592508004185372
11364 0.0859286282874369
11365 0.08593217653302009
11366 0.08593572477860323
11367 0.08593927302418641
11368 0.08594282126976957
11369 0.08594636951535278
11370 0.08594991776093593
11371 0.08595346600651908
11372 0.08595701425210227
11373 0.08596056249768544
11374 0.08596411074326862
11375 0.08596765898885178
11376 0.08597120723443494
11377 0.08597475548001812
11378 0.0859783037256013
11379 0.08598185197118446
11380 0.08598540021676765
11381 0.0859889484623508
11382 0.08599249670793398
11383 0.08599604495351715
11384 0.08599959319910033
11385 0.0860031414446835
11386 0.08600668969026667
11387 0.08601023793584985
11388 0.08601378618143302
11389 0.08601733442701619
11390 0.08602088267259937
11391 0.08602443091818252
11392 0.08602797916376569
11393 0.08603152740934886
11394 0.08603507565493204
11395 0.08603862390051521
11396 0.08604217214609838
11397 0.08604572039168157
11398 0.08604926863726471
11399 0.08605281688284791
11400 0.08605636512843107
11401 0.08605991337401422
11402 0.08606346161959744
11403 0.08606700986518057
11404 0.08607055811076374
11405 0.08607410635634691
11406 0.08607765460193009
11407 0.08608120284751326
11408 0.08608475109309643
11409 0.08608829933867959
11410 0.08609184758426276
11411 0.08609539582984593
11412 0.08609894407542912
11413 0.08610249232101229
11414 0.08610604056659549
11415 0.08610958881217864
11416 0.08611313705776182
11417 0.08611668530334497
11418 0.08612023354892816
11419 0.08612378179451133
11420 0.08612733004009449
11421 0.08613087828567767
11422 0.08613442653126084
11423 0.086137974776844
11424 0.08614152302242718
11425 0.08614507126801034
11426 0.08614861951359352
11427 0.0861521677591767
11428 0.08615571600475987
11429 0.08615926425034304
11430 0.08616281249592622
11431 0.08616636074150939
11432 0.08616990898709255
11433 0.08617345723267572
11434 0.08617700547825889
11435 0.08618055372384206
11436 0.08618410196942523
11437 0.08618765021500839
11438 0.08619119846059156
11439 0.08619474670617473
11440 0.08619829495175793
11441 0.08620184319734109
11442 0.08620539144292426
11443 0.08620893968850744
11444 0.08621248793409061
11445 0.08621603617967381
11446 0.08621958442525697
11447 0.08622313267084016
11448 0.0862266809164233
11449 0.08623022916200646
11450 0.08623377740758964
11451 0.08623732565317281
11452 0.08624087389875597
11453 0.08624442214433915
11454 0.08624797038992232
11455 0.0862515186355055
11456 0.08625506688108867
11457 0.08625861512667184
11458 0.08626216337225501
11459 0.08626571161783819
11460 0.08626925986342135
11461 0.08627280810900452
11462 0.08627635635458768
11463 0.08627990460017086
11464 0.08628345284575406
11465 0.0862870010913372
11466 0.08629054933692037
11467 0.08629409758250355
11468 0.08629764582808673
11469 0.08630119407366989
11470 0.08630474231925306
11471 0.08630829056483623
11472 0.08631183881041941
11473 0.0863153870560026
11474 0.08631893530158578
11475 0.08632248354716891
11476 0.0863260317927521
11477 0.08632958003833527
11478 0.08633312828391843
11479 0.08633667652950161
11480 0.08634022477508478
11481 0.08634377302066795
11482 0.08634732126625111
11483 0.08635086951183428
11484 0.08635441775741745
11485 0.08635796600300065
11486 0.08636151424858382
11487 0.08636506249416698
11488 0.08636861073975016
11489 0.0863721589853333
11490 0.0863757072309165
11491 0.08637925547649965
11492 0.08638280372208282
11493 0.086386351967666
11494 0.08638990021324917
11495 0.08639344845883236
11496 0.08639699670441553
11497 0.0864005449499987
11498 0.08640409319558187
11499 0.08640764144116504
11500 0.08641118968674823
11501 0.0864147379323314
11502 0.08641828617791456
11503 0.08642183442349771
11504 0.08642538266908091
11505 0.08642893091466408
11506 0.08643247916024724
11507 0.08643602740583038
11508 0.08643957565141358
11509 0.08644312389699675
11510 0.08644667214257994
11511 0.08645022038816311
11512 0.08645376863374625
11513 0.08645731687932942
11514 0.0864608651249126
11515 0.08646441337049578
11516 0.08646796161607895
11517 0.0864715098616621
11518 0.08647505810724529
11519 0.08647860635282847
11520 0.08648215459841163
11521 0.08648570284399482
11522 0.08648925108957799
11523 0.08649279933516116
11524 0.08649634758074433
11525 0.0864998958263275
11526 0.08650344407191066
11527 0.08650699231749386
11528 0.08651054056307701
11529 0.08651408880866017
11530 0.08651763705424335
11531 0.08652118529982654
11532 0.08652473354540968
11533 0.08652828179099285
11534 0.08653183003657605
11535 0.08653537828215921
11536 0.08653892652774238
11537 0.08654247477332555
11538 0.08654602301890871
11539 0.08654957126449189
11540 0.08655311951007508
11541 0.08655666775565823
11542 0.08656021600124142
11543 0.08656376424682458
11544 0.08656731249240775
11545 0.08657086073799092
11546 0.08657440898357409
11547 0.08657795722915727
11548 0.08658150547474046
11549 0.08658505372032363
11550 0.08658860196590679
11551 0.08659215021148997
11552 0.08659569845707311
11553 0.0865992467026563
11554 0.08660279494823947
11555 0.08660634319382265
11556 0.0866098914394058
11557 0.08661343968498898
11558 0.08661698793057213
11559 0.08662053617615532
11560 0.08662408442173852
11561 0.0866276326673217
11562 0.08663118091290484
11563 0.08663472915848802
11564 0.08663827740407119
11565 0.08664182564965435
11566 0.08664537389523753
11567 0.08664892214082069
11568 0.08665247038640385
11569 0.08665601863198702
11570 0.0866595668775702
11571 0.08666311512315336
11572 0.08666666336873656
11573 0.0866702116143197
11574 0.08667375985990286
11575 0.08667730810548609
11576 0.08668085635106923
11577 0.08668440459665241
11578 0.08668795284223557
11579 0.08669150108781877
11580 0.08669504933340191
11581 0.08669859757898511
11582 0.08670214582456827
11583 0.08670569407015144
11584 0.0867092423157346
11585 0.08671279056131778
11586 0.08671633880690094
11587 0.08671988705248414
11588 0.0867234352980673
11589 0.08672698354365047
11590 0.08673053178923364
11591 0.08673408003481682
11592 0.08673762828039998
11593 0.08674117652598315
11594 0.08674472477156633
11595 0.0867482730171495
11596 0.08675182126273266
11597 0.08675536950831582
11598 0.08675891775389902
11599 0.08676246599948216
11600 0.08676601424506533
11601 0.08676956249064849
11602 0.08677311073623167
11603 0.08677665898181486
11604 0.08678020722739804
11605 0.08678375547298123
11606 0.08678730371856438
11607 0.08679085196414754
11608 0.08679440020973071
11609 0.0867979484553139
11610 0.08680149670089707
11611 0.08680504494648025
11612 0.08680859319206341
11613 0.08681214143764657
11614 0.08681568968322977
11615 0.08681923792881292
11616 0.0868227861743961
11617 0.08682633441997926
11618 0.08682988266556245
11619 0.08683343091114562
11620 0.08683697915672878
11621 0.08684052740231195
11622 0.0868440756478951
11623 0.08684762389347829
11624 0.08685117213906146
11625 0.08685472038464463
11626 0.0868582686302278
11627 0.08686181687581099
11628 0.08686536512139414
11629 0.08686891336697732
11630 0.08687246161256049
11631 0.08687600985814367
11632 0.08687955810372684
11633 0.08688310634931
11634 0.0868866545948932
11635 0.08689020284047635
11636 0.08689375108605951
11637 0.08689729933164271
11638 0.08690084757722584
11639 0.08690439582280904
11640 0.08690794406839221
11641 0.0869114923139754
11642 0.08691504055955857
11643 0.08691858880514174
11644 0.0869221370507249
11645 0.08692568529630805
11646 0.08692923354189122
11647 0.08693278178747442
11648 0.0869363300330576
11649 0.08693987827864073
11650 0.08694342652422392
11651 0.0869469747698071
11652 0.08695052301539027
11653 0.08695407126097343
11654 0.0869576195065566
11655 0.08696116775213976
11656 0.08696471599772294
11657 0.0869682642433061
11658 0.08697181248888931
11659 0.08697536073447247
11660 0.08697890898005566
11661 0.08698245722563881
11662 0.086986005471222
11663 0.08698955371680515
11664 0.08699310196238833
11665 0.0869966502079715
11666 0.08700019845355467
11667 0.08700374669913782
11668 0.08700729494472101
11669 0.08701084319030417
11670 0.08701439143588735
11671 0.08701793968147051
11672 0.0870214879270537
11673 0.08702503617263688
11674 0.08702858441822003
11675 0.0870321326638032
11676 0.08703568090938636
11677 0.08703922915496955
11678 0.08704277740055272
11679 0.08704632564613586
11680 0.08704987389171907
11681 0.08705342213730222
11682 0.08705697038288539
11683 0.08706051862846859
11684 0.08706406687405174
11685 0.08706761511963491
11686 0.0870711633652181
11687 0.08707471161080127
11688 0.08707825985638444
11689 0.08708180810196763
11690 0.08708535634755077
11691 0.08708890459313395
11692 0.08709245283871712
11693 0.08709600108430031
11694 0.08709954932988347
11695 0.08710309757546664
11696 0.0871066458210498
11697 0.08711019406663298
11698 0.08711374231221615
11699 0.08711729055779932
11700 0.08712083880338248
11701 0.08712438704896568
11702 0.08712793529454883
11703 0.08713148354013199
11704 0.0871350317857152
11705 0.08713858003129836
11706 0.08714212827688152
11707 0.0871456765224647
11708 0.08714922476804786
11709 0.08715277301363104
11710 0.08715632125921419
11711 0.08715986950479737
11712 0.08716341775038056
11713 0.08716696599596374
11714 0.0871705142415469
11715 0.08717406248713007
11716 0.08717761073271324
11717 0.0871811589782964
11718 0.08718470722387957
11719 0.08718825546946274
11720 0.08719180371504594
11721 0.0871953519606291
11722 0.08719890020621227
11723 0.08720244845179544
11724 0.08720599669737861
11725 0.08720954494296178
11726 0.08721309318854494
11727 0.08721664143412812
11728 0.08722018967971129
11729 0.08722373792529443
11730 0.08722728617087763
11731 0.0872308344164608
11732 0.08723438266204397
11733 0.08723793090762715
11734 0.08724147915321032
11735 0.0872450273987935
11736 0.08724857564437666
11737 0.0872521238899598
11738 0.087255672135543
11739 0.08725922038112617
11740 0.08726276862670937
11741 0.08726631687229251
11742 0.08726986511787571
11743 0.08727341336345885
11744 0.08727696160904201
11745 0.08728050985462524
11746 0.08728405810020838
11747 0.08728760634579154
11748 0.08729115459137474
11749 0.0872947028369579
11750 0.08729825108254106
11751 0.08730179932812422
11752 0.08730534757370738
11753 0.08730889581929058
11754 0.08731244406487375
11755 0.08731599231045695
11756 0.0873195405560401
11757 0.08732308880162327
11758 0.08732663704720643
11759 0.08733018529278957
11760 0.08733373353837277
11761 0.08733728178395593
11762 0.0873408300295391
11763 0.08734437827512226
11764 0.08734792652070546
11765 0.08735147476628863
11766 0.0873550230118718
11767 0.08735857125745498
11768 0.08736211950303815
11769 0.08736566774862134
11770 0.0873692159942045
11771 0.0873727642397877
11772 0.08737631248537087
11773 0.08737986073095401
11774 0.08738340897653717
11775 0.08738695722212035
11776 0.08739050546770352
11777 0.0873940537132867
11778 0.08739760195886988
11779 0.08740115020445303
11780 0.08740469845003623
11781 0.08740824669561938
11782 0.08741179494120255
11783 0.0874153431867857
11784 0.08741889143236889
11785 0.08742243967795206
11786 0.08742598792353523
11787 0.08742953616911842
11788 0.08743308441470159
11789 0.08743663266028474
11790 0.08744018090586793
11791 0.0874437291514511
11792 0.08744727739703426
11793 0.08745082564261743
11794 0.08745437388820061
11795 0.08745792213378378
11796 0.08746147037936695
11797 0.08746501862495012
11798 0.08746856687053331
11799 0.08747211511611647
11800 0.08747566336169964
11801 0.08747921160728281
11802 0.08748275985286598
11803 0.08748630809844915
11804 0.08748985634403232
11805 0.08749340458961546
11806 0.08749695283519865
11807 0.08750050108078183
11808 0.08750404932636502
11809 0.08750759757194819
11810 0.08751114581753135
11811 0.08751469406311452
11812 0.0875182423086977
11813 0.08752179055428083
11814 0.08752533879986403
11815 0.08752888704544723
11816 0.08753243529103037
11817 0.08753598353661357
11818 0.08753953178219671
11819 0.08754308002777988
11820 0.08754662827336306
11821 0.08755017651894625
11822 0.0875537247645294
11823 0.08755727301011257
11824 0.08756082125569574
11825 0.08756436950127892
11826 0.0875679177468621
11827 0.0875714659924453
11828 0.08757501423802846
11829 0.08757856248361161
11830 0.08758211072919479
11831 0.08758565897477792
11832 0.08758920722036112
11833 0.08759275546594428
11834 0.08759630371152749
11835 0.08759985195711063
11836 0.08760340020269378
11837 0.08760694844827695
11838 0.08761049669386013
11839 0.08761404493944332
11840 0.0876175931850265
11841 0.08762114143060964
11842 0.08762468967619282
11843 0.087628237921776
11844 0.08763178616735916
11845 0.08763533441294234
11846 0.08763888265852551
11847 0.08764243090410868
11848 0.08764597914969185
11849 0.08764952739527504
11850 0.08765307564085821
11851 0.08765662388644138
11852 0.08766017213202452
11853 0.08766372037760771
11854 0.08766726862319087
11855 0.08767081686877407
11856 0.08767436511435725
11857 0.08767791335994043
11858 0.08768146160552358
11859 0.08768500985110676
11860 0.08768855809668992
11861 0.08769210634227308
11862 0.08769565458785625
11863 0.08769920283343943
11864 0.08770275107902262
11865 0.08770629932460579
11866 0.08770984757018895
11867 0.08771339581577214
11868 0.0877169440613553
11869 0.08772049230693847
11870 0.08772404055252161
11871 0.08772758879810479
11872 0.08773113704368796
11873 0.08773468528927114
11874 0.08773823353485428
11875 0.08774178178043748
11876 0.08774533002602064
11877 0.08774887827160384
11878 0.087752426517187
11879 0.08775597476277017
11880 0.08775952300835335
11881 0.08776307125393655
11882 0.08776661949951972
11883 0.08777016774510285
11884 0.08777371599068602
11885 0.0877772642362692
11886 0.08778081248185239
11887 0.08778436072743555
11888 0.08778790897301872
11889 0.08779145721860192
11890 0.08779500546418507
11891 0.08779855370976826
11892 0.08780210195535137
11893 0.08780565020093459
11894 0.08780919844651774
11895 0.08781274669210092
11896 0.08781629493768409
11897 0.08781984318326724
11898 0.08782339142885043
11899 0.08782693967443359
11900 0.08783048792001678
11901 0.08783403616559994
11902 0.08783758441118311
11903 0.0878411326567663
11904 0.08784468090234947
11905 0.08784822914793265
11906 0.08785177739351584
11907 0.08785532563909898
11908 0.08785887388468216
11909 0.08786242213026532
11910 0.08786597037584848
11911 0.08786951862143168
11912 0.08787306686701485
11913 0.087876615112598
11914 0.08788016335818119
11915 0.08788371160376432
11916 0.0878872598493475
11917 0.08789080809493069
11918 0.08789435634051386
11919 0.08789790458609702
11920 0.0879014528316802
11921 0.08790500107726337
11922 0.08790854932284654
11923 0.08791209756842974
11924 0.0879156458140129
11925 0.08791919405959606
11926 0.08792274230517921
11927 0.08792629055076238
11928 0.08792983879634558
11929 0.08793338704192874
11930 0.0879369352875119
11931 0.08794048353309511
11932 0.0879440317786783
11933 0.08794758002426145
11934 0.0879511282698446
11935 0.08795467651542781
11936 0.08795822476101095
11937 0.0879617730065941
11938 0.08796532125217729
11939 0.08796886949776046
11940 0.0879724177433436
11941 0.08797596598892679
11942 0.08797951423450996
11943 0.08798306248009316
11944 0.08798661072567632
11945 0.08799015897125952
11946 0.08799370721684266
11947 0.08799725546242583
11948 0.088000803708009
11949 0.08800435195359217
11950 0.08800790019917532
11951 0.0880114484447585
11952 0.08801499669034167
11953 0.08801854493592483
11954 0.08802209318150803
11955 0.08802564142709121
11956 0.08802918967267437
11957 0.08803273791825753
11958 0.08803628616384072
11959 0.08803983440942391
11960 0.08804338265500707
11961 0.08804693090059024
11962 0.0880504791461734
11963 0.08805402739175658
11964 0.08805757563733975
11965 0.0880611238829229
11966 0.08806467212850608
11967 0.08806822037408925
11968 0.08807176861967243
11969 0.0880753168652556
11970 0.08807886511083877
11971 0.08808241335642195
11972 0.08808596160200512
11973 0.08808950984758829
11974 0.08809305809317149
11975 0.08809660633875462
11976 0.08810015458433777
11977 0.08810370282992096
11978 0.08810725107550417
11979 0.0881107993210873
11980 0.08811434756667046
11981 0.08811789581225365
11982 0.08812144405783684
11983 0.08812499230342001
11984 0.08812854054900318
11985 0.08813208879458635
11986 0.0881356370401695
11987 0.08813918528575271
11988 0.08814273353133588
11989 0.08814628177691906
11990 0.0881498300225022
11991 0.08815337826808538
11992 0.08815692651366855
11993 0.08816047475925173
11994 0.08816402300483489
11995 0.08816757125041806
11996 0.08817111949600123
11997 0.08817466774158442
11998 0.08817821598716757
11999 0.08818176423275075
12000 0.08818531247833392
12001 0.0881888607239171
12002 0.08819240896950027
12003 0.08819595721508341
12004 0.08819950546066663
12005 0.08820305370624977
12006 0.08820660195183294
12007 0.08821015019741611
12008 0.08821369844299928
12009 0.08821724668858245
12010 0.08822079493416561
12011 0.08822434317974881
12012 0.088227891425332
12013 0.08823143967091518
12014 0.08823498791649832
12015 0.08823853616208147
12016 0.08824208440766469
12017 0.08824563265324785
12018 0.08824918089883102
12019 0.08825272914441418
12020 0.08825627738999735
12021 0.08825982563558052
12022 0.08826337388116368
12023 0.08826692212674685
12024 0.08827047037233003
12025 0.08827401861791317
12026 0.08827756686349639
12027 0.08828111510907954
12028 0.08828466335466272
12029 0.0882882116002459
12030 0.08829175984582906
12031 0.08829530809141223
12032 0.08829885633699543
12033 0.08830240458257857
12034 0.08830595282816175
12035 0.08830950107374491
12036 0.08831304931932808
12037 0.08831659756491125
12038 0.08832014581049442
12039 0.0883236940560776
12040 0.08832724230166075
12041 0.08833079054724396
12042 0.08833433879282711
12043 0.08833788703841029
12044 0.08834143528399346
12045 0.08834498352957665
12046 0.08834853177515982
12047 0.08835208002074298
12048 0.08835562826632617
12049 0.0883591765119093
12050 0.08836272475749246
12051 0.08836627300307566
12052 0.08836982124865883
12053 0.088373369494242
12054 0.08837691773982516
12055 0.08838046598540834
12056 0.08838401423099151
12057 0.08838756247657466
12058 0.08839111072215786
12059 0.08839465896774101
12060 0.08839820721332418
12061 0.08840175545890738
12062 0.08840530370449053
12063 0.08840885195007371
12064 0.08841240019565688
12065 0.08841594844124005
12066 0.08841949668682321
12067 0.08842304493240641
12068 0.08842659317798957
12069 0.08843014142357275
12070 0.08843368966915593
12071 0.08843723791473909
12072 0.08844078616032228
12073 0.08844433440590543
12074 0.0884478826514886
12075 0.08845143089707179
12076 0.08845497914265493
12077 0.08845852738823812
12078 0.0884620756338213
12079 0.08846562387940445
12080 0.08846917212498762
12081 0.08847272037057081
12082 0.08847626861615397
12083 0.08847981686173712
12084 0.0884833651073203
12085 0.08848691335290348
12086 0.08849046159848664
12087 0.08849400984406984
12088 0.08849755808965297
12089 0.0885011063352362
12090 0.08850465458081933
12091 0.08850820282640254
12092 0.08851175107198568
12093 0.08851529931756885
12094 0.08851884756315202
12095 0.0885223958087352
12096 0.08852594405431835
12097 0.08852949229990155
12098 0.0885330405454847
12099 0.08853658879106789
12100 0.08854013703665103
12101 0.08854368528223423
12102 0.0885472335278174
12103 0.08855078177340059
12104 0.08855433001898375
12105 0.0885578782645669
12106 0.08856142651015009
12107 0.08856497475573326
12108 0.08856852300131643
12109 0.08857207124689959
12110 0.0885756194924828
12111 0.08857916773806596
12112 0.0885827159836491
12113 0.08858626422923228
12114 0.08858981247481545
12115 0.08859336072039864
12116 0.0885969089659818
12117 0.08860045721156497
12118 0.08860400545714812
12119 0.08860755370273131
12120 0.08861110194831448
12121 0.08861465019389765
12122 0.08861819843948081
12123 0.088621746685064
12124 0.08862529493064718
12125 0.08862884317623035
12126 0.08863239142181352
12127 0.0886359396673967
12128 0.08863948791297986
12129 0.08864303615856303
12130 0.0886465844041462
12131 0.08865013264972935
12132 0.08865368089531254
12133 0.08865722914089573
12134 0.08866077738647887
12135 0.08866432563206204
12136 0.08866787387764523
12137 0.08867142212322841
12138 0.08867497036881156
12139 0.08867851861439473
12140 0.08868206685997791
12141 0.08868561510556108
12142 0.08868916335114425
12143 0.08869271159672742
12144 0.08869625984231058
12145 0.08869980808789375
12146 0.08870335633347697
12147 0.08870690457906008
12148 0.08871045282464328
12149 0.08871400107022648
12150 0.08871754931580962
12151 0.0887210975613928
12152 0.08872464580697598
12153 0.08872819405255913
12154 0.08873174229814232
12155 0.08873529054372549
12156 0.08873883878930867
12157 0.08874238703489183
12158 0.08874593528047497
12159 0.08874948352605817
12160 0.08875303177164134
12161 0.08875658001722452
12162 0.08876012826280767
12163 0.08876367650839083
12164 0.08876722475397404
12165 0.08877077299955721
12166 0.08877432124514037
12167 0.08877786949072355
12168 0.08878141773630668
12169 0.08878496598188987
12170 0.08878851422747307
12171 0.0887920624730562
12172 0.08879561071863941
12173 0.08879915896422255
12174 0.08880270720980572
12175 0.08880625545538894
12176 0.08880980370097209
12177 0.08881335194655526
12178 0.08881690019213845
12179 0.0888204484377216
12180 0.08882399668330478
12181 0.08882754492888795
12182 0.08883109317447112
12183 0.08883464142005432
12184 0.08883818966563749
12185 0.08884173791122062
12186 0.08884528615680379
12187 0.08884883440238697
12188 0.08885238264797013
12189 0.08885593089355333
12190 0.08885947913913649
12191 0.08886302738471964
12192 0.08886657563030283
12193 0.08887012387588598
12194 0.08887367212146915
12195 0.08887722036705233
12196 0.08888076861263551
12197 0.08888431685821868
12198 0.08888786510380187
12199 0.08889141334938502
12200 0.0888949615949682
12201 0.08889850984055135
12202 0.08890205808613455
12203 0.08890560633171771
12204 0.08890915457730088
12205 0.08891270282288406
12206 0.08891625106846723
12207 0.0889197993140504
12208 0.08892334755963358
12209 0.08892689580521675
12210 0.0889304440507999
12211 0.08893399229638307
12212 0.08893754054196626
12213 0.0889410887875494
12214 0.08894463703313259
12215 0.08894818527871577
12216 0.08895173352429893
12217 0.08895528176988209
12218 0.08895883001546528
12219 0.08896237826104844
12220 0.08896592650663163
12221 0.08896947475221481
12222 0.08897302299779795
12223 0.08897657124338115
12224 0.08898011948896431
12225 0.08898366773454745
12226 0.08898721598013062
12227 0.08899076422571382
12228 0.08899431247129701
12229 0.08899786071688016
12230 0.08900140896246335
12231 0.08900495720804652
12232 0.08900850545362969
12233 0.08901205369921288
12234 0.08901560194479605
12235 0.08901915019037918
12236 0.08902269843596239
12237 0.08902624668154552
12238 0.0890297949271287
12239 0.08903334317271189
12240 0.08903689141829506
12241 0.08904043966387822
12242 0.0890439879094614
12243 0.08904753615504458
12244 0.08905108440062774
12245 0.0890546326462109
12246 0.08905818089179408
12247 0.08906172913737725
12248 0.08906527738296043
12249 0.08906882562854358
12250 0.08907237387412677
12251 0.08907592211970992
12252 0.08907947036529311
12253 0.08908301861087625
12254 0.08908656685645944
12255 0.08909011510204262
12256 0.0890936633476258
12257 0.08909721159320896
12258 0.08910075983879215
12259 0.08910430808437532
12260 0.0891078563299585
12261 0.08911140457554168
12262 0.08911495282112483
12263 0.08911850106670799
12264 0.08912204931229119
12265 0.08912559755787432
12266 0.0891291458034575
12267 0.08913269404904067
12268 0.08913624229462386
12269 0.089139790540207
12270 0.08914333878579019
12271 0.08914688703137337
12272 0.08915043527695653
12273 0.08915398352253968
12274 0.08915753176812287
12275 0.08916108001370605
12276 0.08916462825928922
12277 0.0891681765048724
12278 0.08917172475045555
12279 0.08917527299603874
12280 0.08917882124162191
12281 0.08918236948720508
12282 0.08918591773278828
12283 0.08918946597837142
12284 0.08919301422395459
12285 0.08919656246953779
12286 0.08920011071512095
12287 0.0892036589607041
12288 0.08920720720628729
12289 0.08921075545187046
12290 0.08921430369745365
12291 0.0892178519430368
12292 0.08922140018861997
12293 0.08922494843420313
12294 0.08922849667978631
12295 0.08923204492536946
12296 0.08923559317095263
12297 0.08923914141653583
12298 0.08924268966211901
12299 0.08924623790770217
12300 0.08924978615328535
12301 0.0892533343988685
12302 0.08925688264445171
12303 0.08926043089003488
12304 0.08926397913561804
12305 0.08926752738120117
12306 0.08927107562678438
12307 0.08927462387236751
12308 0.0892781721179507
12309 0.08928172036353388
12310 0.08928526860911705
12311 0.08928881685470022
12312 0.08929236510028342
12313 0.08929591334586659
12314 0.08929946159144976
12315 0.08930300983703292
12316 0.08930655808261609
12317 0.08931010632819929
12318 0.08931365457378244
12319 0.08931720281936559
12320 0.08932075106494879
12321 0.08932429931053193
12322 0.0893278475561151
12323 0.08933139580169829
12324 0.08933494404728146
12325 0.08933849229286461
12326 0.0893420405384478
12327 0.08934558878403097
12328 0.08934913702961413
12329 0.08935268527519728
12330 0.08935623352078047
12331 0.08935978176636365
12332 0.08936333001194682
12333 0.08936687825753
12334 0.08937042650311315
12335 0.08937397474869634
12336 0.0893775229942795
12337 0.08938107123986268
12338 0.08938461948544586
12339 0.08938816773102902
12340 0.0893917159766122
12341 0.08939526422219538
12342 0.08939881246777853
12343 0.08940236071336169
12344 0.0894059089589449
12345 0.08940945720452806
12346 0.08941300545011122
12347 0.0894165536956944
12348 0.08942010194127757
12349 0.08942365018686073
12350 0.08942719843244391
12351 0.0894307466780271
12352 0.08943429492361027
12353 0.08943784316919341
12354 0.0894413914147766
12355 0.08944493966035978
12356 0.08944848790594294
12357 0.0894520361515261
12358 0.08945558439710927
12359 0.08945913264269244
12360 0.08946268088827562
12361 0.0894662291338588
12362 0.08946977737944196
12363 0.08947332562502514
12364 0.08947687387060829
12365 0.08948042211619148
12366 0.08948397036177466
12367 0.08948751860735782
12368 0.089491066852941
12369 0.08949461509852416
12370 0.08949816334410733
12371 0.08950171158969049
12372 0.0895052598352737
12373 0.08950880808085686
12374 0.08951235632644002
12375 0.0895159045720232
12376 0.08951945281760637
12377 0.08952300106318953
12378 0.08952654930877271
12379 0.08953009755435588
12380 0.08953364579993907
12381 0.08953719404552221
12382 0.0895407422911054
12383 0.08954429053668855
12384 0.08954783878227174
12385 0.08955138702785491
12386 0.08955493527343805
12387 0.08955848351902125
12388 0.08956203176460441
12389 0.08956558001018759
12390 0.08956912825577076
12391 0.08957267650135392
12392 0.0895762247469371
12393 0.08957977299252028
12394 0.08958332123810346
12395 0.0895868694836866
12396 0.0895904177292698
12397 0.08959396597485295
12398 0.08959751422043614
12399 0.08960106246601933
12400 0.08960461071160249
12401 0.08960815895718566
12402 0.08961170720276883
12403 0.08961525544835199
12404 0.08961880369393517
12405 0.08962235193951833
12406 0.0896259001851015
12407 0.0896294484306847
12408 0.08963299667626787
12409 0.08963654492185105
12410 0.0896400931674342
12411 0.08964364141301738
12412 0.08964718965860054
12413 0.08965073790418372
12414 0.08965428614976689
12415 0.08965783439535005
12416 0.08966138264093321
12417 0.08966493088651636
12418 0.08966847913209955
12419 0.08967202737768276
12420 0.08967557562326593
12421 0.08967912386884908
12422 0.08968267211443227
12423 0.08968622036001543
12424 0.08968976860559859
12425 0.08969331685118177
12426 0.08969686509676492
12427 0.0897004133423481
12428 0.08970396158793129
12429 0.08970750983351444
12430 0.08971105807909766
12431 0.08971460632468081
12432 0.08971815457026397
12433 0.08972170281584714
12434 0.08972525106143033
12435 0.0897287993070135
12436 0.08973234755259665
12437 0.08973589579817982
12438 0.08973944404376302
12439 0.08974299228934617
12440 0.08974654053492935
12441 0.08975008878051251
12442 0.08975363702609568
12443 0.08975718527167888
12444 0.08976073351726203
12445 0.08976428176284519
12446 0.08976783000842836
12447 0.08977137825401153
12448 0.0897749264995947
12449 0.08977847474517789
12450 0.08978202299076109
12451 0.08978557123634423
12452 0.0897891194819274
12453 0.0897926677275106
12454 0.08979621597309376
12455 0.0897997642186769
12456 0.08980331246426008
12457 0.08980686070984326
12458 0.08981040895542643
12459 0.0898139572010096
12460 0.08981750544659275
12461 0.08982105369217594
12462 0.08982460193775911
12463 0.0898281501833423
12464 0.08983169842892547
12465 0.08983524667450861
12466 0.0898387949200918
12467 0.08984234316567496
12468 0.08984589141125815
12469 0.08984943965684133
12470 0.08985298790242448
12471 0.08985653614800765
12472 0.08986008439359083
12473 0.08986363263917398
12474 0.08986718088475718
12475 0.0898707291303403
12476 0.08987427737592352
12477 0.08987782562150666
12478 0.08988137386708986
12479 0.08988492211267304
12480 0.0898884703582562
12481 0.08989201860383939
12482 0.08989556684942251
12483 0.0898991150950057
12484 0.08990266334058887
12485 0.08990621158617206
12486 0.08990975983175523
12487 0.0899133080773384
12488 0.08991685632292157
12489 0.08992040456850474
12490 0.08992395281408791
12491 0.08992750105967108
12492 0.08993104930525425
12493 0.08993459755083741
12494 0.0899381457964206
12495 0.08994169404200375
12496 0.08994524228758694
12497 0.08994879053317013
12498 0.08995233877875328
12499 0.08995588702433646
12500 0.08995943526991962
12501 0.08996298351550276
12502 0.08996653176108597
12503 0.08997008000666916
12504 0.08997362825225233
12505 0.08997717649783551
12506 0.08998072474341866
12507 0.08998427298900183
12508 0.08998782123458497
12509 0.08999136948016817
12510 0.08999491772575136
12511 0.08999846597133451
12512 0.09000201421691766
12513 0.09000556246250087
12514 0.09000911070808404
12515 0.09001265895366721
12516 0.09001620719925037
12517 0.09001975544483354
12518 0.09002330369041671
12519 0.09002685193599987
12520 0.09003040018158302
12521 0.09003394842716625
12522 0.09003749667274939
12523 0.09004104491833259
12524 0.09004459316391573
12525 0.09004814140949889
12526 0.09005168965508208
12527 0.09005523790066526
12528 0.09005878614624842
12529 0.0900623343918316
12530 0.09006588263741479
12531 0.09006943088299796
12532 0.09007297912858109
12533 0.09007652737416427
12534 0.09008007561974744
12535 0.09008362386533063
12536 0.0900871721109138
12537 0.09009072035649696
12538 0.09009426860208014
12539 0.0900978168476633
12540 0.09010136509324648
12541 0.09010491333882965
12542 0.09010846158441282
12543 0.090112009829996
12544 0.09011555807557917
12545 0.09011910632116232
12546 0.09012265456674551
12547 0.09012620281232868
12548 0.09012975105791185
12549 0.090133299303495
12550 0.09013684754907819
12551 0.09014039579466135
12552 0.09014394404024453
12553 0.09014749228582772
12554 0.09015104053141088
12555 0.09015458877699405
12556 0.0901581370225772
12557 0.0901616852681604
12558 0.09016523351374357
12559 0.09016878175932673
12560 0.09017233000490991
12561 0.09017587825049309
12562 0.09017942649607626
12563 0.0901829747416594
12564 0.0901865229872426
12565 0.09019007123282574
12566 0.09019361947840894
12567 0.09019716772399212
12568 0.09020071596957528
12569 0.09020426421515845
12570 0.09020781246074161
12571 0.09021136070632481
12572 0.09021490895190794
12573 0.09021845719749114
12574 0.09022200544307432
12575 0.09022555368865749
12576 0.09022910193424065
12577 0.09023265017982383
12578 0.090236198425407
12579 0.09023974667099015
12580 0.09024329491657333
12581 0.0902468431621565
12582 0.09025039140773969
12583 0.09025393965332285
12584 0.09025748789890603
12585 0.09026103614448922
12586 0.0902645843900724
12587 0.09026813263565553
12588 0.09027168088123871
12589 0.09027522912682187
12590 0.09027877737240504
12591 0.09028232561798823
12592 0.09028587386357141
12593 0.09028942210915457
12594 0.09029297035473774
12595 0.09029651860032091
12596 0.09030006684590407
12597 0.09030361509148725
12598 0.09030716333707042
12599 0.0903107115826536
12600 0.09031425982823676
12601 0.09031780807381992
12602 0.0903213563194031
12603 0.09032490456498628
12604 0.09032845281056945
12605 0.09033200105615262
12606 0.09033554930173579
12607 0.09033909754731896
12608 0.09034264579290212
12609 0.0903461940384853
12610 0.09034974228406846
12611 0.09035329052965166
12612 0.09035683877523482
12613 0.09036038702081799
12614 0.09036393526640119
12615 0.09036748351198434
12616 0.0903710317575675
12617 0.09037458000315068
12618 0.09037812824873385
12619 0.09038167649431704
12620 0.09038522473990018
12621 0.09038877298548338
12622 0.09039232123106657
12623 0.09039586947664971
12624 0.09039941772223285
12625 0.09040296596781608
12626 0.09040651421339924
12627 0.0904100624589824
12628 0.09041361070456556
12629 0.09041715895014873
12630 0.0904207071957319
12631 0.09042425544131508
12632 0.09042780368689825
12633 0.09043135193248143
12634 0.09043490017806459
12635 0.09043844842364776
12636 0.09044199666923096
12637 0.0904455449148141
12638 0.0904490931603973
12639 0.09045264140598046
12640 0.09045618965156364
12641 0.09045973789714681
12642 0.09046328614272996
12643 0.09046683438831314
12644 0.09047038263389631
12645 0.09047393087947948
12646 0.09047747912506265
12647 0.0904810273706458
12648 0.090484575616229
12649 0.09048812386181217
12650 0.09049167210739532
12651 0.09049522035297851
12652 0.09049876859856167
12653 0.09050231684414484
12654 0.09050586508972802
12655 0.09050941333531119
12656 0.09051296158089436
12657 0.09051650982647752
12658 0.09052005807206069
12659 0.09052360631764386
12660 0.09052715456322706
12661 0.09053070280881023
12662 0.09053425105439337
12663 0.09053779929997656
12664 0.0905413475455597
12665 0.09054489579114292
12666 0.09054844403672606
12667 0.09055199228230926
12668 0.09055554052789243
12669 0.0905590887734756
12670 0.09056263701905876
12671 0.09056618526464195
12672 0.09056973351022513
12673 0.09057328175580828
12674 0.09057683000139145
12675 0.09058037824697462
12676 0.09058392649255781
12677 0.09058747473814097
12678 0.09059102298372414
12679 0.09059457122930731
12680 0.09059811947489049
12681 0.09060166772047365
12682 0.09060521596605682
12683 0.09060876421163999
12684 0.09061231245722313
12685 0.09061586070280632
12686 0.09061940894838949
12687 0.09062295719397266
12688 0.09062650543955585
12689 0.09063005368513902
12690 0.09063360193072219
12691 0.09063715017630537
12692 0.09064069842188854
12693 0.09064424666747169
12694 0.09064779491305489
12695 0.09065134315863806
12696 0.09065489140422121
12697 0.09065843964980443
12698 0.09066198789538757
12699 0.09066553614097074
12700 0.09066908438655392
12701 0.0906726326321371
12702 0.09067618087772027
12703 0.09067972912330341
12704 0.09068327736888661
12705 0.09068682561446974
12706 0.09069037386005292
12707 0.09069392210563611
12708 0.09069747035121928
12709 0.09070101859680244
12710 0.09070456684238565
12711 0.09070811508796879
12712 0.09071166333355196
12713 0.09071521157913513
12714 0.09071875982471832
12715 0.09072230807030146
12716 0.09072585631588465
12717 0.09072940456146783
12718 0.09073295280705099
12719 0.09073650105263417
12720 0.09074004929821736
12721 0.09074359754380051
12722 0.0907471457893837
12723 0.09075069403496686
12724 0.09075424228055003
12725 0.0907577905261332
12726 0.09076133877171637
12727 0.09076488701729953
12728 0.0907684352628827
12729 0.09077198350846587
12730 0.09077553175404905
12731 0.09077907999963222
12732 0.09078262824521538
12733 0.09078617649079856
12734 0.09078972473638174
12735 0.0907932729819649
12736 0.09079682122754809
12737 0.09080036947313125
12738 0.09080391771871442
12739 0.09080746596429756
12740 0.09081101420988075
12741 0.09081456245546395
12742 0.09081811070104712
12743 0.09082165894663029
12744 0.09082520719221344
12745 0.09082875543779662
12746 0.0908323036833798
12747 0.09083585192896293
12748 0.09083940017454614
12749 0.09084294842012929
12750 0.09084649666571248
12751 0.09085004491129568
12752 0.09085359315687883
12753 0.090857141402462
12754 0.09086068964804517
12755 0.09086423789362834
12756 0.09086778613921152
12757 0.0908713343847947
12758 0.09087488263037785
12759 0.090878430875961
12760 0.0908819791215442
12761 0.09088552736712736
12762 0.09088907561271052
12763 0.0908926238582937
12764 0.09089617210387686
12765 0.09089972034946006
12766 0.0909032685950432
12767 0.09090681684062638
12768 0.09091036508620957
12769 0.09091391333179276
12770 0.09091746157737587
12771 0.09092100982295905
12772 0.09092455806854227
12773 0.09092810631412541
12774 0.09093165455970859
12775 0.09093520280529178
12776 0.09093875105087493
12777 0.09094229929645811
12778 0.0909458475420413
12779 0.09094939578762443
12780 0.09095294403320764
12781 0.09095649227879078
12782 0.09096004052437397
12783 0.09096358876995712
12784 0.09096713701554031
12785 0.09097068526112348
12786 0.09097423350670666
12787 0.09097778175228982
12788 0.09098132999787302
12789 0.09098487824345616
12790 0.09098842648903933
12791 0.0909919747346225
12792 0.09099552298020568
12793 0.09099907122578883
12794 0.091002619471372
12795 0.09100616771695517
12796 0.09100971596253837
12797 0.09101326420812156
12798 0.09101681245370472
12799 0.0910203606992879
12800 0.09102390894487106
12801 0.09102745719045421
12802 0.0910310054360374
12803 0.09103455368162057
12804 0.09103810192720373
12805 0.09104165017278691
12806 0.09104519841837007
12807 0.09104874666395327
12808 0.09105229490953644
12809 0.0910558431551196
12810 0.09105939140070277
12811 0.09106293964628595
12812 0.09106648789186914
12813 0.09107003613745228
12814 0.09107358438303545
12815 0.09107713262861863
12816 0.0910806808742018
12817 0.09108422911978496
12818 0.09108777736536813
12819 0.09109132561095129
12820 0.09109487385653448
12821 0.09109842210211765
12822 0.09110197034770083
12823 0.09110551859328396
12824 0.09110906683886716
12825 0.09111261508445032
12826 0.0911161633300335
12827 0.09111971157561667
12828 0.09112325982119984
12829 0.09112680806678303
12830 0.09113035631236618
12831 0.09113390455794937
12832 0.09113745280353254
12833 0.09114100104911571
12834 0.09114454929469891
12835 0.09114809754028207
12836 0.09115164578586521
12837 0.09115519403144841
12838 0.09115874227703154
12839 0.09116229052261474
12840 0.09116583876819791
12841 0.09116938701378108
12842 0.09117293525936422
12843 0.09117648350494745
12844 0.0911800317505306
12845 0.09118357999611378
12846 0.09118712824169696
12847 0.0911906764872801
12848 0.0911942247328633
12849 0.09119777297844646
12850 0.09120132122402963
12851 0.09120486946961279
12852 0.09120841771519593
12853 0.09121196596077912
12854 0.09121551420636229
12855 0.09121906245194546
12856 0.09122261069752867
12857 0.09122615894311181
12858 0.091229707188695
12859 0.09123325543427814
12860 0.09123680367986133
12861 0.09124035192544451
12862 0.09124390017102767
12863 0.09124744841661082
12864 0.09125099666219401
12865 0.0912545449077772
12866 0.09125809315336036
12867 0.09126164139894355
12868 0.09126518964452673
12869 0.09126873789010989
12870 0.09127228613569305
12871 0.09127583438127622
12872 0.0912793826268594
12873 0.09128293087244259
12874 0.09128647911802573
12875 0.09129002736360889
12876 0.09129357560919207
12877 0.09129712385477527
12878 0.09130067210035842
12879 0.09130422034594159
12880 0.09130776859152474
12881 0.09131131683710793
12882 0.0913148650826911
12883 0.09131841332827427
12884 0.09132196157385745
12885 0.09132550981944063
12886 0.0913290580650238
12887 0.09133260631060695
12888 0.09133615455619014
12889 0.09133970280177332
12890 0.09134325104735648
12891 0.09134679929293964
12892 0.09135034753852282
12893 0.09135389578410599
12894 0.09135744402968916
12895 0.09136099227527232
12896 0.0913645405208555
12897 0.0913680887664387
12898 0.09137163701202185
12899 0.091375185257605
12900 0.0913787335031882
12901 0.09138228174877136
12902 0.09138582999435452
12903 0.09138937823993769
12904 0.09139292648552089
12905 0.09139647473110403
12906 0.09140002297668723
12907 0.09140357122227039
12908 0.09140711946785356
12909 0.09141066771343673
12910 0.0914142159590199
12911 0.09141776420460307
12912 0.09142131245018625
12913 0.09142486069576942
12914 0.0914284089413526
12915 0.09143195718693575
12916 0.09143550543251894
12917 0.09143905367810212
12918 0.09144260192368528
12919 0.09144615016926844
12920 0.09144969841485164
12921 0.09145324666043478
12922 0.09145679490601796
12923 0.09146034315160116
12924 0.09146389139718433
12925 0.09146743964276748
12926 0.09147098788835065
12927 0.09147453613393382
12928 0.09147808437951699
12929 0.09148163262510019
12930 0.09148518087068333
12931 0.09148872911626647
12932 0.09149227736184967
12933 0.09149582560743286
12934 0.09149937385301601
12935 0.09150292209859917
12936 0.09150647034418236
12937 0.09151001858976551
12938 0.09151356683534868
12939 0.09151711508093191
12940 0.09152066332651507
12941 0.09152421157209821
12942 0.09152775981768141
12943 0.09153130806326457
12944 0.09153485630884772
12945 0.09153840455443091
12946 0.09154195280001408
12947 0.09154550104559726
12948 0.09154904929118042
12949 0.09155259753676358
12950 0.09155614578234675
12951 0.09155969402792992
12952 0.09156324227351309
12953 0.09156679051909626
12954 0.09157033876467942
12955 0.09157388701026262
12956 0.09157743525584579
12957 0.09158098350142896
12958 0.09158453174701213
12959 0.0915880799925953
12960 0.09159162823817846
12961 0.09159517648376161
12962 0.0915987247293448
12963 0.09160227297492797
12964 0.09160582122051117
12965 0.09160936946609434
12966 0.09161291771167751
12967 0.09161646595726068
12968 0.09162001420284385
12969 0.09162356244842704
12970 0.09162711069401018
12971 0.09163065893959337
12972 0.09163420718517655
12973 0.09163775543075971
12974 0.09164130367634288
12975 0.09164485192192605
12976 0.09164840016750925
12977 0.09165194841309239
12978 0.09165549665867556
12979 0.09165904490425875
12980 0.09166259314984192
12981 0.09166614139542507
12982 0.09166968964100825
12983 0.09167323788659142
12984 0.09167678613217457
12985 0.09168033437775776
12986 0.09168388262334093
12987 0.09168743086892413
12988 0.09169097911450726
12989 0.09169452736009044
12990 0.09169807560567363
12991 0.09170162385125678
12992 0.09170517209683994
12993 0.09170872034242315
12994 0.09171226858800632
12995 0.09171581683358948
12996 0.09171936507917264
12997 0.09172291332475581
12998 0.091726461570339
12999 0.09173000981592218
13000 0.09173355806150536
13001 0.0917371063070885
13002 0.09174065455267168
13003 0.09174420279825485
13004 0.09174775104383802
13005 0.09175129928942118
13006 0.09175484753500437
13007 0.09175839578058755
13008 0.09176194402617072
13009 0.09176549227175389
13010 0.09176904051733704
13011 0.09177258876292019
13012 0.09177613700850339
13013 0.09177968525408654
13014 0.09178323349966974
13015 0.0917867817452529
13016 0.09179032999083608
13017 0.09179387823641924
13018 0.09179742648200238
13019 0.09180097472758558
13020 0.09180452297316877
13021 0.09180807121875192
13022 0.09181161946433511
13023 0.09181516770991828
13024 0.09181871595550145
13025 0.09182226420108461
13026 0.09182581244666779
13027 0.09182936069225095
13028 0.09183290893783413
13029 0.09183645718341732
13030 0.09184000542900048
13031 0.09184355367458363
13032 0.09184710192016682
13033 0.09185065016574998
13034 0.09185419841133315
13035 0.09185774665691634
13036 0.09186129490249952
13037 0.09186484314808267
13038 0.09186839139366583
13039 0.09187193963924903
13040 0.09187548788483219
13041 0.09187903613041536
13042 0.09188258437599854
13043 0.0918861326215817
13044 0.09188968086716488
13045 0.09189322911274805
13046 0.09189677735833122
13047 0.0919003256039144
13048 0.09190387384949755
13049 0.09190742209508072
13050 0.0919109703406639
13051 0.09191451858624707
13052 0.09191806683183024
13053 0.09192161507741342
13054 0.09192516332299659
13055 0.09192871156857974
13056 0.09193225981416292
13057 0.0919358080597461
13058 0.09193935630532928
13059 0.09194290455091246
13060 0.09194645279649562
13061 0.09195000104207882
13062 0.09195354928766193
13063 0.0919570975332451
13064 0.0919606457788283
13065 0.09196419402441147
13066 0.09196774226999466
13067 0.0919712905155778
13068 0.091974838761161
13069 0.09197838700674416
13070 0.0919819352523273
13071 0.0919854834979105
13072 0.09198903174349367
13073 0.09199257998907684
13074 0.09199612823466002
13075 0.0919996764802432
13076 0.09200322472582637
13077 0.09200677297140955
13078 0.09201032121699272
13079 0.09201386946257589
13080 0.09201741770815904
13081 0.09202096595374225
13082 0.0920245141993254
13083 0.09202806244490856
13084 0.09203161069049175
13085 0.0920351589360749
13086 0.09203870718165809
13087 0.09204225542724126
13088 0.09204580367282442
13089 0.09204935191840756
13090 0.09205290016399076
13091 0.09205644840957393
13092 0.0920599966551571
13093 0.09206354490074027
13094 0.09206709314632344
13095 0.09207064139190661
13096 0.09207418963748978
13097 0.09207773788307294
13098 0.09208128612865613
13099 0.09208483437423928
13100 0.09208838261982247
13101 0.09209193086540567
13102 0.09209547911098881
13103 0.092099027356572
13104 0.09210257560215518
13105 0.09210612384773834
13106 0.0921096720933215
13107 0.09211322033890468
13108 0.09211676858448785
13109 0.09212031683007102
13110 0.09212386507565418
13111 0.09212741332123736
13112 0.09213096156682053
13113 0.09213450981240372
13114 0.09213805805798687
13115 0.09214160630357003
13116 0.09214515454915322
13117 0.09214870279473639
13118 0.09215225104031956
13119 0.09215579928590274
13120 0.09215934753148591
13121 0.09216289577706907
13122 0.09216644402265221
13123 0.09216999226823543
13124 0.09217354051381858
13125 0.09217708875940175
13126 0.09218063700498492
13127 0.09218418525056808
13128 0.09218773349615124
13129 0.09219128174173442
13130 0.09219482998731764
13131 0.0921983782329008
13132 0.09220192647848396
13133 0.09220547472406716
13134 0.09220902296965032
13135 0.09221257121523349
13136 0.09221611946081663
13137 0.09221966770639985
13138 0.09222321595198298
13139 0.09222676419756616
13140 0.09223031244314935
13141 0.0922338606887325
13142 0.09223740893431567
13143 0.09224095717989884
13144 0.09224450542548203
13145 0.09224805367106519
13146 0.09225160191664834
13147 0.09225515016223151
13148 0.09225869840781468
13149 0.09226224665339786
13150 0.09226579489898107
13151 0.0922693431445642
13152 0.09227289139014737
13153 0.09227643963573055
13154 0.09227998788131371
13155 0.0922835361268969
13156 0.0922870843724801
13157 0.09229063261806324
13158 0.09229418086364644
13159 0.09229772910922958
13160 0.09230127735481276
13161 0.09230482560039593
13162 0.0923083738459791
13163 0.09231192209156226
13164 0.09231547033714545
13165 0.09231901858272862
13166 0.09232256682831179
13167 0.09232611507389497
13168 0.09232966331947812
13169 0.0923332115650613
13170 0.0923367598106445
13171 0.09234030805622764
13172 0.0923438563018108
13173 0.092347404547394
13174 0.09235095279297716
13175 0.09235450103856033
13176 0.09235804928414353
13177 0.09236159752972667
13178 0.09236514577530983
13179 0.09236869402089301
13180 0.09237224226647617
13181 0.09237579051205935
13182 0.09237933875764252
13183 0.0923828870032257
13184 0.09238643524880888
13185 0.09238998349439204
13186 0.09239353173997521
13187 0.09239707998555839
13188 0.09240062823114155
13189 0.09240417647672472
13190 0.09240772472230793
13191 0.09241127296789109
13192 0.09241482121347423
13193 0.09241836945905745
13194 0.09242191770464059
13195 0.09242546595022376
13196 0.09242901419580694
13197 0.0924325624413901
13198 0.09243611068697327
13199 0.09243965893255644
13200 0.09244320717813963
13201 0.09244675542372278
13202 0.09245030366930596
13203 0.09245385191488911
13204 0.09245740016047228
13205 0.0924609484060555
13206 0.09246449665163864
13207 0.0924680448972218
13208 0.09247159314280498
13209 0.09247514138838814
13210 0.09247868963397134
13211 0.0924822378795545
13212 0.09248578612513766
13213 0.09248933437072088
13214 0.09249288261630402
13215 0.0924964308618872
13216 0.09249997910747033
13217 0.0925035273530535
13218 0.0925070755986367
13219 0.09251062384421989
13220 0.09251417208980305
13221 0.09251772033538624
13222 0.09252126858096937
13223 0.09252481682655256
13224 0.09252836507213574
13225 0.09253191331771891
13226 0.09253546156330207
13227 0.09253900980888521
13228 0.09254255805446841
13229 0.09254610630005158
13230 0.09254965454563474
13231 0.0925532027912179
13232 0.09255675103680107
13233 0.09256029928238427
13234 0.09256384752796744
13235 0.09256739577355058
13236 0.09257094401913377
13237 0.09257449226471695
13238 0.09257804051030014
13239 0.0925815887558833
13240 0.09258513700146646
13241 0.09258868524704965
13242 0.0925922334926328
13243 0.092595781738216
13244 0.09259932998379916
13245 0.09260287822938233
13246 0.0926064264749655
13247 0.09260997472054867
13248 0.09261352296613183
13249 0.09261707121171502
13250 0.0926206194572982
13251 0.09262416770288136
13252 0.09262771594846453
13253 0.0926312641940477
13254 0.09263481243963086
13255 0.09263836068521404
13256 0.0926419089307972
13257 0.0926454571763804
13258 0.09264900542196355
13259 0.09265255366754672
13260 0.09265610191312992
13261 0.09265965015871308
13262 0.09266319840429622
13263 0.09266674664987944
13264 0.09267029489546258
13265 0.09267384314104576
13266 0.09267739138662892
13267 0.09268093963221208
13268 0.09268448787779528
13269 0.09268803612337843
13270 0.09269158436896162
13271 0.09269513261454478
13272 0.09269868086012797
13273 0.09270222910571115
13274 0.0927057773512943
13275 0.09270932559687747
13276 0.09271287384246064
13277 0.09271642208804382
13278 0.092719970333627
13279 0.09272351857921013
13280 0.09272706682479333
13281 0.0927306150703765
13282 0.09273416331595967
13283 0.09273771156154284
13284 0.092741259807126
13285 0.09274480805270917
13286 0.09274835629829235
13287 0.09275190454387552
13288 0.0927554527894587
13289 0.09275900103504187
13290 0.09276254928062505
13291 0.09276609752620822
13292 0.09276964577179138
13293 0.09277319401737456
13294 0.09277674226295775
13295 0.0927802905085409
13296 0.09278383875412408
13297 0.09278738699970727
13298 0.09279093524529042
13299 0.09279448349087359
13300 0.09279803173645679
13301 0.09280157998203996
13302 0.0928051282276231
13303 0.09280867647320629
13304 0.09281222471878944
13305 0.09281577296437263
13306 0.09281932120995576
13307 0.09282286945553894
13308 0.09282641770112213
13309 0.0928299659467053
13310 0.09283351419228847
13311 0.09283706243787165
13312 0.09284061068345481
13313 0.092844158929038
13314 0.09284770717462117
13315 0.09285125542020434
13316 0.0928548036657875
13317 0.09285835191137065
13318 0.09286190015695384
13319 0.09286544840253701
13320 0.09286899664812018
13321 0.09287254489370338
13322 0.09287609313928655
13323 0.09287964138486972
13324 0.09288318963045288
13325 0.09288673787603602
13326 0.09289028612161922
13327 0.09289383436720237
13328 0.09289738261278553
13329 0.0929009308583687
13330 0.0929044791039519
13331 0.09290802734953507
13332 0.09291157559511824
13333 0.09291512384070141
13334 0.09291867208628456
13335 0.09292222033186774
13336 0.09292576857745093
13337 0.0929293168230341
13338 0.09293286506861724
13339 0.09293641331420045
13340 0.0929399615597836
13341 0.09294350980536678
13342 0.09294705805094995
13343 0.09295060629653312
13344 0.0929541545421163
13345 0.09295770278769945
13346 0.09296125103328266
13347 0.09296479927886579
13348 0.09296834752444898
13349 0.09297189577003215
13350 0.09297544401561535
13351 0.09297899226119852
13352 0.09298254050678166
13353 0.09298608875236485
13354 0.09298963699794802
13355 0.0929931852435312
13356 0.09299673348911436
13357 0.09300028173469753
13358 0.09300382998028069
13359 0.09300737822586387
13360 0.09301092647144703
13361 0.09301447471703021
13362 0.09301802296261338
13363 0.09302157120819654
13364 0.09302511945377971
13365 0.0930286676993629
13366 0.09303221594494607
13367 0.09303576419052924
13368 0.09303931243611241
13369 0.09304286068169558
13370 0.09304640892727874
13371 0.09304995717286192
13372 0.09305350541844509
13373 0.09305705366402829
13374 0.09306060190961145
13375 0.09306415015519462
13376 0.09306769840077778
13377 0.09307124664636096
13378 0.09307479489194412
13379 0.0930783431375273
13380 0.09308189138311047
13381 0.09308543962869364
13382 0.09308898787427683
13383 0.09309253611985999
13384 0.09309608436544316
13385 0.09309963261102634
13386 0.0931031808566095
13387 0.09310672910219264
13388 0.09311027734777585
13389 0.09311382559335898
13390 0.0931173738389422
13391 0.09312092208452537
13392 0.09312447033010852
13393 0.09312801857569171
13394 0.09313156682127485
13395 0.09313511506685804
13396 0.0931386633124412
13397 0.0931422115580244
13398 0.09314575980360755
13399 0.09314930804919071
13400 0.0931528562947739
13401 0.09315640454035705
13402 0.09315995278594026
13403 0.0931635010315234
13404 0.0931670492771066
13405 0.09317059752268977
13406 0.09317414576827295
13407 0.09317769401385612
13408 0.09318124225943926
13409 0.09318479050502244
13410 0.0931883387506056
13411 0.0931918869961888
13412 0.09319543524177196
13413 0.09319898348735511
13414 0.09320253173293831
13415 0.09320607997852146
13416 0.09320962822410461
13417 0.0932131764696878
13418 0.09321672471527101
13419 0.09322027296085415
13420 0.09322382120643732
13421 0.09322736945202051
13422 0.09323091769760367
13423 0.09323446594318681
13424 0.09323801418877001
13425 0.0932415624343532
13426 0.09324511067993635
13427 0.09324865892551952
13428 0.09325220717110269
13429 0.09325575541668586
13430 0.09325930366226902
13431 0.0932628519078522
13432 0.0932664001534354
13433 0.09326994839901855
13434 0.09327349664460173
13435 0.09327704489018492
13436 0.09328059313576807
13437 0.09328414138135124
13438 0.09328768962693441
13439 0.0932912378725176
13440 0.09329478611810076
13441 0.09329833436368393
13442 0.09330188260926713
13443 0.09330543085485027
13444 0.09330897910043343
13445 0.09331252734601661
13446 0.09331607559159981
13447 0.09331962383718295
13448 0.09332317208276612
13449 0.09332672032834931
13450 0.09333026857393247
13451 0.09333381681951561
13452 0.0933373650650988
13453 0.093340913310682
13454 0.09334446155626515
13455 0.09334800980184832
13456 0.09335155804743152
13457 0.09335510629301466
13458 0.09335865453859786
13459 0.093362202784181
13460 0.0933657510297642
13461 0.09336929927534737
13462 0.09337284752093054
13463 0.09337639576651371
13464 0.09337994401209686
13465 0.09338349225768004
13466 0.0933870405032632
13467 0.0933905887488464
13468 0.09339413699442957
13469 0.09339768524001275
13470 0.09340123348559591
13471 0.09340478173117905
13472 0.09340832997676225
13473 0.0934118782223454
13474 0.0934154264679286
13475 0.09341897471351177
13476 0.09342252295909494
13477 0.09342607120467811
13478 0.09342961945026125
13479 0.09343316769584444
13480 0.09343671594142759
13481 0.09344026418701079
13482 0.09344381243259395
13483 0.09344736067817713
13484 0.0934509089237603
13485 0.09345445716934347
13486 0.09345800541492665
13487 0.09346155366050982
13488 0.09346510190609299
13489 0.09346865015167616
13490 0.09347219839725932
13491 0.09347574664284251
13492 0.09347929488842567
13493 0.09348284313400884
13494 0.09348639137959201
13495 0.09348993962517518
13496 0.09349348787075834
13497 0.09349703611634153
13498 0.09350058436192468
13499 0.09350413260750787
13500 0.09350768085309104
13501 0.09351122909867421
13502 0.09351477734425738
13503 0.09351832558984055
13504 0.09352187383542371
13505 0.09352542208100689
13506 0.09352897032659006
13507 0.09353251857217322
13508 0.0935360668177564
13509 0.09353961506333958
13510 0.09354316330892276
13511 0.0935467115545059
13512 0.0935502598000891
13513 0.09355380804567226
13514 0.09355735629125542
13515 0.0935609045368386
13516 0.09356445278242179
13517 0.09356800102800497
13518 0.09357154927358813
13519 0.09357509751917131
13520 0.09357864576475446
13521 0.09358219401033764
13522 0.0935857422559208
13523 0.093589290501504
13524 0.09359283874708715
13525 0.09359638699267032
13526 0.09359993523825348
13527 0.09360348348383665
13528 0.09360703172941985
13529 0.09361057997500298
13530 0.09361412822058617
13531 0.09361767646616935
13532 0.09362122471175252
13533 0.09362477295733569
13534 0.09362832120291883
13535 0.09363186944850203
13536 0.09363541769408523
13537 0.09363896593966839
13538 0.09364251418525153
13539 0.09364606243083473
13540 0.0936496106764179
13541 0.09365315892200107
13542 0.09365670716758424
13543 0.09366025541316741
13544 0.09366380365875057
13545 0.09366735190433376
13546 0.09367090014991694
13547 0.09367444839550011
13548 0.09367799664108327
13549 0.09368154488666647
13550 0.09368509313224961
13551 0.0936886413778328
13552 0.09369218962341597
13553 0.09369573786899912
13554 0.0936992861145823
13555 0.09370283436016545
13556 0.09370638260574865
13557 0.0937099308513318
13558 0.09371347909691496
13559 0.09371702734249815
13560 0.09372057558808132
13561 0.09372412383366449
13562 0.09372767207924766
13563 0.09373122032483083
13564 0.09373476857041403
13565 0.09373831681599717
13566 0.09374186506158036
13567 0.0937454133071635
13568 0.0937489615527467
13569 0.09375250979832987
13570 0.09375605804391304
13571 0.09375960628949621
13572 0.09376315453507938
13573 0.09376670278066257
13574 0.09377025102624574
13575 0.0937737992718289
13576 0.09377734751741205
13577 0.09378089576299525
13578 0.09378444400857841
13579 0.09378799225416157
13580 0.09379154049974475
13581 0.09379508874532792
13582 0.09379863699091108
13583 0.09380218523649425
13584 0.09380573348207742
13585 0.09380928172766063
13586 0.09381282997324376
13587 0.09381637821882693
13588 0.09381992646441012
13589 0.09382347470999329
13590 0.09382702295557646
13591 0.09383057120115962
13592 0.09383411944674282
13593 0.09383766769232599
13594 0.09384121593790914
13595 0.09384476418349234
13596 0.0938483124290755
13597 0.09385186067465867
13598 0.09385540892024184
13599 0.09385895716582501
13600 0.0938625054114082
13601 0.09386605365699136
13602 0.09386960190257453
13603 0.09387315014815768
13604 0.09387669839374085
13605 0.09388024663932402
13606 0.09388379488490721
13607 0.09388734313049041
13608 0.09389089137607355
13609 0.09389443962165672
13610 0.09389798786723991
13611 0.09390153611282306
13612 0.09390508435840624
13613 0.0939086326039894
13614 0.09391218084957259
13615 0.09391572909515576
13616 0.09391927734073892
13617 0.09392282558632209
13618 0.09392637383190523
13619 0.09392992207748843
13620 0.0939334703230716
13621 0.09393701856865477
13622 0.09394056681423796
13623 0.09394411505982113
13624 0.0939476633054043
13625 0.09395121155098746
13626 0.09395475979657061
13627 0.0939583080421538
13628 0.09396185628773698
13629 0.09396540453332015
13630 0.09396895277890333
13631 0.0939725010244865
13632 0.09397604927006965
13633 0.09397959751565284
13634 0.09398314576123604
13635 0.0939866940068192
13636 0.09399024225240234
13637 0.09399379049798551
13638 0.09399733874356869
13639 0.09400088698915188
13640 0.09400443523473503
13641 0.0940079834803182
13642 0.09401153172590138
13643 0.09401507997148455
13644 0.09401862821706773
13645 0.0940221764626509
13646 0.09402572470823405
13647 0.09402927295381724
13648 0.0940328211994004
13649 0.09403636944498359
13650 0.09403991769056674
13651 0.09404346593614991
13652 0.0940470141817331
13653 0.09405056242731627
13654 0.09405411067289944
13655 0.09405765891848261
13656 0.0940612071640658
13657 0.09406475540964895
13658 0.09406830365523214
13659 0.0940718519008153
13660 0.09407540014639847
13661 0.09407894839198165
13662 0.09408249663756481
13663 0.09408604488314797
13664 0.09408959312873115
13665 0.0940931413743143
13666 0.09409668961989746
13667 0.09410023786548068
13668 0.09410378611106383
13669 0.094107334356647
13670 0.09411088260223019
13671 0.09411443084781336
13672 0.09411797909339653
13673 0.09412152733897969
13674 0.09412507558456287
13675 0.09412862383014604
13676 0.09413217207572923
13677 0.09413572032131241
13678 0.09413926856689556
13679 0.09414281681247873
13680 0.09414636505806191
13681 0.09414991330364507
13682 0.09415346154922824
13683 0.09415700979481141
13684 0.09416055804039458
13685 0.09416410628597777
13686 0.09416765453156092
13687 0.09417120277714408
13688 0.09417475102272727
13689 0.09417829926831042
13690 0.09418184751389361
13691 0.09418539575947675
13692 0.09418894400505995
13693 0.09419249225064312
13694 0.09419604049622632
13695 0.09419958874180945
13696 0.09420313698739266
13697 0.09420668523297579
13698 0.09421023347855899
13699 0.09421378172414216
13700 0.09421732996972532
13701 0.0942208782153085
13702 0.09422442646089167
13703 0.09422797470647482
13704 0.09423152295205801
13705 0.0942350711976412
13706 0.09423861944322434
13707 0.09424216768880753
13708 0.09424571593439068
13709 0.09424926417997384
13710 0.09425281242555704
13711 0.09425636067114021
13712 0.09425990891672335
13713 0.09426345716230652
13714 0.09426700540788971
13715 0.09427055365347288
13716 0.09427410189905606
13717 0.09427765014463921
13718 0.0942811983902224
13719 0.09428474663580558
13720 0.09428829488138875
13721 0.09429184312697192
13722 0.09429539137255508
13723 0.09429893961813829
13724 0.09430248786372143
13725 0.09430603610930462
13726 0.09430958435488779
13727 0.09431313260047097
13728 0.09431668084605414
13729 0.09432022909163729
13730 0.09432377733722047
13731 0.09432732558280364
13732 0.0943308738283868
13733 0.09433442207397
13734 0.09433797031955315
13735 0.09434151856513633
13736 0.09434506681071951
13737 0.09434861505630267
13738 0.09435216330188584
13739 0.094355711547469
13740 0.09435925979305218
13741 0.09436280803863535
13742 0.09436635628421852
13743 0.09436990452980168
13744 0.09437345277538488
13745 0.09437700102096802
13746 0.0943805492665512
13747 0.09438409751213439
13748 0.09438764575771755
13749 0.09439119400330073
13750 0.09439474224888389
13751 0.09439829049446707
13752 0.09440183874005023
13753 0.0944053869856334
13754 0.09440893523121657
13755 0.09441248347679976
13756 0.09441603172238293
13757 0.09441957996796611
13758 0.09442312821354926
13759 0.09442667645913244
13760 0.09443022470471564
13761 0.09443377295029878
13762 0.09443732119588194
13763 0.0944408694414651
13764 0.0944444176870483
13765 0.09444796593263147
13766 0.09445151417821464
13767 0.0944550624237978
13768 0.09445861066938098
13769 0.09446215891496415
13770 0.09446570716054732
13771 0.09446925540613046
13772 0.09447280365171368
13773 0.09447635189729685
13774 0.09447990014288002
13775 0.09448344838846319
13776 0.09448699663404636
13777 0.09449054487962953
13778 0.09449409312521269
13779 0.09449764137079586
13780 0.09450118961637903
13781 0.09450473786196223
13782 0.0945082861075454
13783 0.09451183435312853
13784 0.09451538259871174
13785 0.09451893084429487
13786 0.09452247908987807
13787 0.09452602733546125
13788 0.09452957558104441
13789 0.09453312382662755
13790 0.09453667207221075
13791 0.09454022031779392
13792 0.09454376856337711
13793 0.09454731680896027
13794 0.09455086505454344
13795 0.09455441330012661
13796 0.09455796154570978
13797 0.09456150979129295
13798 0.0945650580368761
13799 0.09456860628245932
13800 0.09457215452804246
13801 0.09457570277362563
13802 0.09457925101920879
13803 0.09458279926479198
13804 0.09458634751037515
13805 0.0945898957559583
13806 0.09459344400154146
13807 0.09459699224712464
13808 0.09460054049270783
13809 0.094604088738291
13810 0.09460763698387417
13811 0.09461118522945736
13812 0.09461473347504051
13813 0.0946182817206237
13814 0.09462182996620688
13815 0.09462537821179004
13816 0.09462892645737321
13817 0.09463247470295638
13818 0.09463602294853957
13819 0.09463957119412272
13820 0.09464311943970588
13821 0.09464666768528908
13822 0.09465021593087224
13823 0.09465376417645542
13824 0.09465731242203859
13825 0.09466086066762176
13826 0.09466440891320493
13827 0.09466795715878809
13828 0.09467150540437126
13829 0.09467505364995443
13830 0.09467860189553762
13831 0.0946821501411208
13832 0.09468569838670395
13833 0.09468924663228714
13834 0.0946927948778703
13835 0.09469634312345344
13836 0.09469989136903663
13837 0.0947034396146198
13838 0.09470698786020301
13839 0.09471053610578614
13840 0.09471408435136933
13841 0.0947176325969525
13842 0.09472118084253564
13843 0.09472472908811884
13844 0.09472827733370202
13845 0.09473182557928518
13846 0.09473537382486835
13847 0.09473892207045152
13848 0.0947424703160347
13849 0.09474601856161785
13850 0.09474956680720105
13851 0.0947531150527842
13852 0.09475666329836739
13853 0.09476021154395052
13854 0.09476375978953375
13855 0.09476730803511689
13856 0.09477085628070005
13857 0.09477440452628325
13858 0.0947779527718664
13859 0.09478150101744955
13860 0.09478504926303274
13861 0.09478859750861589
13862 0.0947921457541991
13863 0.09479569399978226
13864 0.09479924224536541
13865 0.09480279049094863
13866 0.09480633873653176
13867 0.09480988698211495
13868 0.09481343522769815
13869 0.0948169834732813
13870 0.09482053171886444
13871 0.09482407996444764
13872 0.09482762821003081
13873 0.09483117645561395
13874 0.09483472470119715
13875 0.09483827294678032
13876 0.0948418211923635
13877 0.09484536943794664
13878 0.09484891768352985
13879 0.094852465929113
13880 0.09485601417469618
13881 0.09485956242027935
13882 0.09486311066586252
13883 0.0948666589114457
13884 0.09487020715702885
13885 0.09487375540261204
13886 0.09487730364819523
13887 0.09488085189377837
13888 0.09488440013936153
13889 0.09488794838494471
13890 0.09489149663052789
13891 0.09489504487611104
13892 0.09489859312169424
13893 0.09490214136727737
13894 0.09490568961286058
13895 0.09490923785844377
13896 0.09491278610402694
13897 0.09491633434961008
13898 0.09491988259519327
13899 0.09492343084077644
13900 0.09492697908635962
13901 0.09493052733194278
13902 0.09493407557752598
13903 0.09493762382310914
13904 0.09494117206869229
13905 0.09494472031427546
13906 0.09494826855985862
13907 0.09495181680544182
13908 0.094955365051025
13909 0.09495891329660817
13910 0.09496246154219132
13911 0.09496600978777449
13912 0.09496955803335766
13913 0.09497310627894082
13914 0.094976654524524
13915 0.09498020277010719
13916 0.09498375101569034
13917 0.09498729926127351
13918 0.09499084750685668
13919 0.09499439575243987
13920 0.09499794399802303
13921 0.0950014922436062
13922 0.09500504048918938
13923 0.09500858873477255
13924 0.09501213698035571
13925 0.0950156852259389
13926 0.09501923347152208
13927 0.09502278171710524
13928 0.09502632996268841
13929 0.09502987820827156
13930 0.09503342645385475
13931 0.0950369746994379
13932 0.09504052294502112
13933 0.09504407119060426
13934 0.09504761943618743
13935 0.0950511676817706
13936 0.09505471592735378
13937 0.09505826417293695
13938 0.0950618124185201
13939 0.0950653606641033
13940 0.09506890890968644
13941 0.09507245715526963
13942 0.09507600540085277
13943 0.09507955364643596
13944 0.09508310189201913
13945 0.09508665013760231
13946 0.0950901983831855
13947 0.09509374662876864
13948 0.09509729487435184
13949 0.09510084311993501
13950 0.09510439136551818
13951 0.09510793961110135
13952 0.09511148785668454
13953 0.0951150361022677
13954 0.09511858434785089
13955 0.09512213259343402
13956 0.09512568083901722
13957 0.09512922908460038
13958 0.09513277733018356
13959 0.09513632557576672
13960 0.09513987382134988
13961 0.09514342206693308
13962 0.09514697031251623
13963 0.0951505185580994
13964 0.09515406680368257
13965 0.09515761504926575
13966 0.09516116329484892
13967 0.09516471154043206
13968 0.09516825978601526
13969 0.09517180803159843
13970 0.09517535627718159
13971 0.09517890452276477
13972 0.09518245276834793
13973 0.09518600101393113
13974 0.09518954925951428
13975 0.09519309750509747
13976 0.09519664575068064
13977 0.09520019399626381
13978 0.09520374224184698
13979 0.09520729048743015
13980 0.09521083873301332
13981 0.0952143869785965
13982 0.09521793522417964
13983 0.09522148346976284
13984 0.09522503171534602
13985 0.09522857996092918
13986 0.09523212820651236
13987 0.09523567645209552
13988 0.09523922469767868
13989 0.09524277294326187
13990 0.09524632118884502
13991 0.0952498694344282
13992 0.09525341768001137
13993 0.09525696592559454
13994 0.09526051417117772
13995 0.0952640624167609
13996 0.09526761066234406
13997 0.09527115890792723
13998 0.0952747071535104
13999 0.09527825539909356
14000 0.09528180364467675
14001 0.09528535189025991
14002 0.0952889001358431
14003 0.09529244838142625
14004 0.09529599662700944
14005 0.09529954487259261
14006 0.09530309311817578
14007 0.09530664136375895
14008 0.09531018960934212
14009 0.09531373785492529
14010 0.09531728610050848
14011 0.09532083434609162
14012 0.0953243825916748
14013 0.09532793083725799
14014 0.09533147908284115
14015 0.0953350273284243
14016 0.09533857557400749
14017 0.09534212381959066
14018 0.09534567206517383
14019 0.09534922031075699
14020 0.09535276855634016
14021 0.09535631680192333
14022 0.09535986504750651
14023 0.09536341329308967
14024 0.09536696153867286
14025 0.09537050978425604
14026 0.0953740580298392
14027 0.0953776062754224
14028 0.09538115452100554
14029 0.09538470276658872
14030 0.09538825101217188
14031 0.09539179925775507
14032 0.09539534750333821
14033 0.0953988957489214
14034 0.09540244399450458
14035 0.09540599224008774
14036 0.09540954048567091
14037 0.09541308873125412
14038 0.09541663697683726
14039 0.09542018522242045
14040 0.09542373346800358
14041 0.09542728171358678
14042 0.09543082995916992
14043 0.09543437820475312
14044 0.09543792645033629
14045 0.09544147469591943
14046 0.09544502294150263
14047 0.09544857118708582
14048 0.09545211943266899
14049 0.09545566767825216
14050 0.09545921592383531
14051 0.09546276416941847
14052 0.09546631241500166
14053 0.09546986066058483
14054 0.09547340890616798
14055 0.09547695715175117
14056 0.09548050539733435
14057 0.09548405364291751
14058 0.09548760188850071
14059 0.09549115013408387
14060 0.09549469837966704
14061 0.09549824662525021
14062 0.09550179487083338
14063 0.09550534311641655
14064 0.09550889136199972
14065 0.09551243960758289
14066 0.09551598785316608
14067 0.0955195360987492
14068 0.09552308434433239
14069 0.09552663258991557
14070 0.09553018083549873
14071 0.0955337290810819
14072 0.09553727732666509
14073 0.09554082557224827
14074 0.09554437381783143
14075 0.09554792206341463
14076 0.0955514703089978
14077 0.09555501855458097
14078 0.09555856680016413
14079 0.09556211504574727
14080 0.09556566329133045
14081 0.09556921153691361
14082 0.0955727597824968
14083 0.09557630802807998
14084 0.09557985627366314
14085 0.09558340451924632
14086 0.09558695276482951
14087 0.09559050101041264
14088 0.09559404925599584
14089 0.09559759750157899
14090 0.09560114574716218
14091 0.09560469399274533
14092 0.09560824223832852
14093 0.09561179048391169
14094 0.09561533872949488
14095 0.09561888697507803
14096 0.0956224352206612
14097 0.09562598346624436
14098 0.09562953171182755
14099 0.0956330799574107
14100 0.0956366282029939
14101 0.09564017644857704
14102 0.09564372469416023
14103 0.09564727293974343
14104 0.0956508211853266
14105 0.09565436943090977
14106 0.09565791767649291
14107 0.09566146592207607
14108 0.09566501416765925
14109 0.0956685624132424
14110 0.09567211065882558
14111 0.09567565890440877
14112 0.09567920714999192
14113 0.09568275539557512
14114 0.0956863036411583
14115 0.09568985188674146
14116 0.09569340013232464
14117 0.0956969483779078
14118 0.09570049662349098
14119 0.09570404486907415
14120 0.09570759311465732
14121 0.09571114136024049
14122 0.09571468960582366
14123 0.09571823785140686
14124 0.09572178609699
14125 0.09572533434257316
14126 0.09572888258815634
14127 0.09573243083373953
14128 0.09573597907932269
14129 0.09573952732490586
14130 0.09574307557048901
14131 0.09574662381607221
14132 0.09575017206165538
14133 0.09575372030723855
14134 0.0957572685528217
14135 0.09576081679840488
14136 0.09576436504398805
14137 0.09576791328957124
14138 0.09577146153515437
14139 0.09577500978073758
14140 0.09577855802632076
14141 0.09578210627190392
14142 0.09578565451748706
14143 0.09578920276307026
14144 0.09579275100865343
14145 0.0957962992542366
14146 0.09579984749981976
14147 0.09580339574540293
14148 0.09580694399098612
14149 0.09581049223656929
14150 0.09581404048215246
14151 0.09581758872773563
14152 0.0958211369733188
14153 0.09582468521890199
14154 0.09582823346448514
14155 0.09583178171006831
14156 0.09583532995565149
14157 0.09583887820123464
14158 0.09584242644681784
14159 0.095845974692401
14160 0.09584952293798417
14161 0.09585307118356734
14162 0.09585661942915052
14163 0.09586016767473368
14164 0.09586371592031687
14165 0.09586726416590002
14166 0.09587081241148321
14167 0.09587436065706635
14168 0.09587790890264955
14169 0.09588145714823273
14170 0.09588500539381589
14171 0.09588855363939905
14172 0.09589210188498222
14173 0.0958956501305654
14174 0.09589919837614858
14175 0.09590274662173175
14176 0.09590629486731489
14177 0.0959098431128981
14178 0.09591339135848125
14179 0.09591693960406443
14180 0.09592048784964761
14181 0.0959240360952308
14182 0.09592758434081394
14183 0.09593113258639711
14184 0.09593468083198026
14185 0.09593822907756346
14186 0.09594177732314663
14187 0.09594532556872978
14188 0.09594887381431295
14189 0.09595242205989613
14190 0.09595597030547934
14191 0.09595951855106248
14192 0.09596306679664565
14193 0.09596661504222884
14194 0.095970163287812
14195 0.09597371153339516
14196 0.09597725977897836
14197 0.09598080802456152
14198 0.09598435627014469
14199 0.09598790451572786
14200 0.09599145276131102
14201 0.0959950010068942
14202 0.09599854925247737
14203 0.09600209749806053
14204 0.0960056457436437
14205 0.09600919398922692
14206 0.09601274223481004
14207 0.09601629048039324
14208 0.09601983872597641
14209 0.09602338697155957
14210 0.09602693521714276
14211 0.09603048346272591
14212 0.09603403170830907
14213 0.09603757995389227
14214 0.09604112819947543
14215 0.0960446764450586
14216 0.09604822469064177
14217 0.09605177293622494
14218 0.09605532118180811
14219 0.09605886942739128
14220 0.09606241767297446
14221 0.09606596591855761
14222 0.09606951416414078
14223 0.09607306240972398
14224 0.09607661065530718
14225 0.09608015890089032
14226 0.09608370714647348
14227 0.09608725539205668
14228 0.09609080363763983
14229 0.09609435188322299
14230 0.09609790012880616
14231 0.09610144837438933
14232 0.09610499661997252
14233 0.09610854486555569
14234 0.09611209311113886
14235 0.09611564135672203
14236 0.0961191896023052
14237 0.09612273784788837
14238 0.09612628609347153
14239 0.09612983433905473
14240 0.0961333825846379
14241 0.09613693083022104
14242 0.09614047907580422
14243 0.09614402732138741
14244 0.09614757556697057
14245 0.09615112381255374
14246 0.09615467205813691
14247 0.0961582203037201
14248 0.09616176854930325
14249 0.09616531679488644
14250 0.09616886504046962
14251 0.09617241328605278
14252 0.09617596153163596
14253 0.0961795097772191
14254 0.09618305802280232
14255 0.09618660626838546
14256 0.09619015451396863
14257 0.09619370275955183
14258 0.096197251005135
14259 0.09620079925071816
14260 0.09620434749630132
14261 0.09620789574188449
14262 0.09621144398746766
14263 0.09621499223305083
14264 0.09621854047863397
14265 0.09622208872421717
14266 0.09622563696980035
14267 0.09622918521538351
14268 0.09623273346096667
14269 0.09623628170654987
14270 0.09623982995213302
14271 0.0962433781977162
14272 0.09624692644329935
14273 0.09625047468888252
14274 0.09625402293446572
14275 0.09625757118004886
14276 0.09626111942563206
14277 0.09626466767121523
14278 0.0962682159167984
14279 0.09627176416238158
14280 0.09627531240796475
14281 0.09627886065354792
14282 0.09628240889913106
14283 0.09628595714471426
14284 0.09628950539029743
14285 0.09629305363588059
14286 0.09629660188146374
14287 0.09630015012704694
14288 0.09630369837263013
14289 0.09630724661821327
14290 0.09631079486379647
14291 0.09631434310937963
14292 0.0963178913549628
14293 0.09632143960054595
14294 0.09632498784612914
14295 0.09632853609171232
14296 0.09633208433729548
14297 0.09633563258287864
14298 0.09633918082846181
14299 0.09634272907404498
14300 0.09634627731962817
14301 0.09634982556521135
14302 0.09635337381079451
14303 0.0963569220563777
14304 0.09636047030196088
14305 0.09636401854754406
14306 0.0963675667931272
14307 0.09637111503871038
14308 0.09637466328429353
14309 0.09637821152987673
14310 0.09638175977545987
14311 0.09638530802104307
14312 0.09638885626662623
14313 0.0963924045122094
14314 0.09639595275779257
14315 0.09639950100337574
14316 0.09640304924895891
14317 0.09640659749454207
14318 0.09641014574012526
14319 0.09641369398570843
14320 0.09641724223129158
14321 0.09642079047687477
14322 0.09642433872245791
14323 0.0964278869680411
14324 0.09643143521362427
14325 0.09643498345920747
14326 0.09643853170479062
14327 0.0964420799503738
14328 0.09644562819595699
14329 0.09644917644154012
14330 0.09645272468712332
14331 0.09645627293270646
14332 0.09645982117828966
14333 0.09646336942387283
14334 0.096466917669456
14335 0.0964704659150392
14336 0.09647401416062233
14337 0.0964775624062055
14338 0.09648111065178869
14339 0.09648465889737186
14340 0.09648820714295504
14341 0.09649175538853821
14342 0.09649530363412137
14343 0.09649885187970454
14344 0.09650240012528771
14345 0.09650594837087088
14346 0.09650949661645405
14347 0.09651304486203724
14348 0.0965165931076204
14349 0.09652014135320358
14350 0.09652368959878674
14351 0.09652723784436991
14352 0.09653078608995308
14353 0.09653433433553624
14354 0.09653788258111944
14355 0.0965414308267026
14356 0.09654497907228578
14357 0.09654852731786893
14358 0.0965520755634521
14359 0.09655562380903529
14360 0.09655917205461846
14361 0.09656272030020163
14362 0.0965662685457848
14363 0.09656981679136797
14364 0.09657336503695114
14365 0.09657691328253432
14366 0.09658046152811749
14367 0.09658400977370066
14368 0.09658755801928381
14369 0.096591106264867
14370 0.09659465451045017
14371 0.09659820275603334
14372 0.09660175100161651
14373 0.09660529924719968
14374 0.09660884749278287
14375 0.09661239573836601
14376 0.09661594398394918
14377 0.09661949222953235
14378 0.09662304047511554
14379 0.09662658872069872
14380 0.09663013696628188
14381 0.09663368521186506
14382 0.09663723345744825
14383 0.09664078170303139
14384 0.0966443299486146
14385 0.09664787819419776
14386 0.0966514264397809
14387 0.09665497468536408
14388 0.09665852293094725
14389 0.09666207117653043
14390 0.09666561942211362
14391 0.09666916766769679
14392 0.09667271591327994
14393 0.0966762641588631
14394 0.09667981240444629
14395 0.09668336065002944
14396 0.09668690889561261
14397 0.09669045714119581
14398 0.09669400538677897
14399 0.09669755363236214
14400 0.09670110187794531
14401 0.0967046501235285
14402 0.09670819836911167
14403 0.09671174661469481
14404 0.096715294860278
14405 0.09671884310586117
14406 0.09672239135144432
14407 0.09672593959702751
14408 0.09672948784261068
14409 0.09673303608819386
14410 0.09673658433377702
14411 0.09674013257936023
14412 0.09674368082494335
14413 0.09674722907052656
14414 0.09675077731610972
14415 0.09675432556169289
14416 0.09675787380727605
14417 0.09676142205285923
14418 0.0967649702984424
14419 0.09676851854402559
14420 0.09677206678960874
14421 0.09677561503519191
14422 0.0967791632807751
14423 0.09678271152635824
14424 0.09678625977194143
14425 0.0967898080175246
14426 0.09679335626310777
14427 0.09679690450869093
14428 0.09680045275427411
14429 0.09680400099985728
14430 0.09680754924544045
14431 0.09681109749102362
14432 0.0968146457366068
14433 0.09681819398218995
14434 0.09682174222777312
14435 0.09682529047335633
14436 0.09682883871893948
14437 0.09683238696452265
14438 0.09683593521010585
14439 0.09683948345568896
14440 0.09684303170127216
14441 0.09684657994685535
14442 0.0968501281924385
14443 0.09685367643802169
14444 0.09685722468360487
14445 0.09686077292918803
14446 0.09686432117477121
14447 0.09686786942035437
14448 0.09687141766593754
14449 0.09687496591152071
14450 0.0968785141571039
14451 0.09688206240268706
14452 0.09688561064827021
14453 0.09688915889385338
14454 0.09689270713943657
14455 0.09689625538501974
14456 0.09689980363060291
14457 0.09690335187618608
14458 0.09690690012176927
14459 0.09691044836735245
14460 0.0969139966129356
14461 0.09691754485851876
14462 0.09692109310410195
14463 0.0969246413496851
14464 0.09692818959526825
14465 0.09693173784085146
14466 0.09693528608643462
14467 0.0969388343320178
14468 0.09694238257760097
14469 0.09694593082318415
14470 0.09694947906876732
14471 0.09695302731435049
14472 0.09695657555993367
14473 0.0969601238055168
14474 0.0969636720511
14475 0.09696722029668317
14476 0.09697076854226636
14477 0.09697431678784951
14478 0.09697786503343267
14479 0.09698141327901585
14480 0.09698496152459903
14481 0.09698850977018221
14482 0.09699205801576538
14483 0.09699560626134855
14484 0.0969991545069317
14485 0.0970027027525149
14486 0.09700625099809804
14487 0.09700979924368121
14488 0.09701334748926439
14489 0.09701689573484756
14490 0.09702044398043072
14491 0.0970239922260139
14492 0.09702754047159706
14493 0.09703108871718026
14494 0.09703463696276343
14495 0.09703818520834662
14496 0.09704173345392979
14497 0.09704528169951294
14498 0.09704882994509609
14499 0.0970523781906793
14500 0.09705592643626243
14501 0.09705947468184561
14502 0.0970630229274288
14503 0.09706657117301197
14504 0.09707011941859513
14505 0.09707366766417831
14506 0.09707721590976147
14507 0.09708076415534467
14508 0.09708431240092782
14509 0.097087860646511
14510 0.0970914088920942
14511 0.09709495713767735
14512 0.09709850538326051
14513 0.0971020536288437
14514 0.09710560187442684
14515 0.09710915012001002
14516 0.09711269836559319
14517 0.09711624661117636
14518 0.09711979485675952
14519 0.09712334310234272
14520 0.09712689134792588
14521 0.09713043959350906
14522 0.09713398783909223
14523 0.09713753608467542
14524 0.09714108433025859
14525 0.09714463257584174
14526 0.09714818082142491
14527 0.0971517290670081
14528 0.09715527731259123
14529 0.09715882555817441
14530 0.0971623738037576
14531 0.09716592204934077
14532 0.09716947029492393
14533 0.09717301854050713
14534 0.09717656678609027
14535 0.09718011503167345
14536 0.09718366327725665
14537 0.09718721152283982
14538 0.09719075976842298
14539 0.09719430801400615
14540 0.09719785625958931
14541 0.09720140450517249
14542 0.09720495275075564
14543 0.0972085009963388
14544 0.09721204924192199
14545 0.09721559748750516
14546 0.09721914573308835
14547 0.0972226939786715
14548 0.09722624222425469
14549 0.09722979046983785
14550 0.09723333871542104
14551 0.09723688696100422
14552 0.09724043520658737
14553 0.09724398345217054
14554 0.09724753169775371
14555 0.09725107994333688
14556 0.09725462818892006
14557 0.09725817643450323
14558 0.09726172468008638
14559 0.09726527292566957
14560 0.09726882117125274
14561 0.09727236941683591
14562 0.09727591766241908
14563 0.09727946590800224
14564 0.09728301415358544
14565 0.0972865623991686
14566 0.09729011064475176
14567 0.09729365889033492
14568 0.0972972071359181
14569 0.09730075538150128
14570 0.09730430362708443
14571 0.09730785187266762
14572 0.0973114001182508
14573 0.09731494836383399
14574 0.09731849660941713
14575 0.09732204485500032
14576 0.09732559310058349
14577 0.09732914134616667
14578 0.09733268959174983
14579 0.09733623783733299
14580 0.09733978608291616
14581 0.09734333432849936
14582 0.09734688257408253
14583 0.09735043081966571
14584 0.09735397906524884
14585 0.09735752731083203
14586 0.0973610755564152
14587 0.09736462380199837
14588 0.09736817204758152
14589 0.09737172029316471
14590 0.09737526853874787
14591 0.09737881678433105
14592 0.09738236502991422
14593 0.09738591327549737
14594 0.09738946152108058
14595 0.09739300976666375
14596 0.0973965580122469
14597 0.09740010625783008
14598 0.09740365450341323
14599 0.0974072027489964
14600 0.09741075099457959
14601 0.09741429924016276
14602 0.09741784748574595
14603 0.0974213957313291
14604 0.09742494397691229
14605 0.09742849222249544
14606 0.09743204046807863
14607 0.0974355887136618
14608 0.09743913695924497
14609 0.09744268520482813
14610 0.09744623345041133
14611 0.09744978169599447
14612 0.09745332994157765
14613 0.09745687818716083
14614 0.097460426432744
14615 0.0974630230196819
14616 0.0974656196066198
14617 0.09746821619355774
14618 0.09747081278049563
14619 0.09747340936743354
14620 0.09747600595437145
14621 0.09747860254130936
14622 0.09748119912824728
14623 0.09748379571518519
14624 0.09748639230212308
14625 0.09748898888906099
14626 0.09749158547599891
14627 0.09749418206293682
14628 0.0974967786498747
14629 0.0974993752368126
14630 0.09750197182375053
14631 0.09750456841068844
14632 0.09750716499762635
14633 0.09750976158456426
14634 0.09751235817150217
14635 0.09751495475844008
14636 0.09751755134537797
14637 0.0975201479323159
14638 0.0975227445192538
14639 0.09752534110619171
14640 0.09752793769312962
14641 0.09753053428006753
14642 0.09753313086700544
14643 0.09753572745394333
14644 0.09753832404088125
14645 0.09754092062781916
14646 0.09754351721475707
14647 0.09754611380169499
14648 0.09754871038863287
14649 0.09755130697557077
14650 0.0975539035625087
14651 0.0975565001494466
14652 0.09755909673638453
14653 0.09756169332332243
14654 0.09756428991026032
14655 0.09756688649719825
14656 0.09756948308413617
14657 0.09757207967107406
14658 0.09757467625801196
14659 0.09757727284494987
14660 0.09757986943188779
14661 0.09758246601882571
14662 0.09758506260576362
14663 0.09758765919270153
14664 0.09759025577963942
14665 0.09759285236657733
14666 0.09759544895351524
14667 0.09759804554045315
14668 0.09760064212739106
14669 0.09760323871432897
14670 0.09760583530126687
14671 0.0976084318882048
14672 0.0976110284751427
14673 0.0976136250620806
14674 0.09761622164901851
14675 0.09761881823595642
14676 0.09762141482289433
14677 0.09762401140983226
14678 0.09762660799677014
14679 0.09762920458370805
14680 0.09763180117064595
14681 0.09763439775758385
14682 0.09763699434452178
14683 0.09763959093145969
14684 0.09764218751839758
14685 0.0976447841053355
14686 0.09764738069227341
14687 0.09764997727921132
14688 0.09765257386614923
14689 0.09765517045308714
14690 0.09765776704002505
14691 0.09766036362696295
14692 0.09766296021390086
14693 0.09766555680083877
14694 0.09766815338777668
14695 0.09767074997471459
14696 0.0976733465616525
14697 0.0976759431485904
14698 0.0976785397355283
14699 0.09768113632246622
14700 0.09768373290940413
14701 0.09768632949634205
14702 0.09768892608327995
14703 0.09769152267021786
14704 0.09769411925715575
14705 0.09769671584409369
14706 0.09769931243103155
14707 0.09770190901796949
14708 0.0977045056049074
14709 0.09770710219184531
14710 0.09770969877878322
14711 0.09771229536572112
14712 0.097714891952659
14713 0.09771748853959693
14714 0.09772008512653485
14715 0.09772268171347276
14716 0.09772527830041067
14717 0.09772787488734858
14718 0.09773047147428648
14719 0.09773306806122439
14720 0.0977356646481623
14721 0.0977382612351002
14722 0.09774085782203809
14723 0.09774345440897601
14724 0.09774605099591395
14725 0.09774864758285186
14726 0.09775124416978975
14727 0.09775384075672769
14728 0.09775643734366557
14729 0.0977590339306035
14730 0.09776163051754139
14731 0.09776422710447932
14732 0.0977668236914172
14733 0.0977694202783551
14734 0.09777201686529302
14735 0.0977746134522309
14736 0.09777721003916885
14737 0.09777980662610675
14738 0.09778240321304467
14739 0.09778499979998256
14740 0.09778759638692047
14741 0.09779019297385838
14742 0.09779278956079629
14743 0.0977953861477342
14744 0.0977979827346721
14745 0.09780057932161001
14746 0.09780317590854792
14747 0.09780577249548582
14748 0.09780836908242373
14749 0.09781096566936165
14750 0.09781356225629953
14751 0.09781615884323748
14752 0.09781875543017537
14753 0.09782135201711327
14754 0.09782394860405118
14755 0.0978265451909891
14756 0.09782914177792701
14757 0.09783173836486492
14758 0.09783433495180283
14759 0.09783693153874075
14760 0.09783952812567864
14761 0.09784212471261655
14762 0.09784472129955446
14763 0.09784731788649237
14764 0.09784991447343029
14765 0.09785251106036819
14766 0.0978551076473061
14767 0.097857704234244
14768 0.09786030082118191
14769 0.09786289740811982
14770 0.09786549399505773
14771 0.09786809058199562
14772 0.09787068716893355
14773 0.09787328375587145
14774 0.09787588034280936
14775 0.09787847692974727
14776 0.09788107351668518
14777 0.09788367010362309
14778 0.09788626669056101
14779 0.09788886327749889
14780 0.09789145986443681
14781 0.09789405645137474
14782 0.09789665303831262
14783 0.09789924962525054
14784 0.09790184621218845
14785 0.09790444279912634
14786 0.09790703938606427
14787 0.09790963597300216
14788 0.0979122325599401
14789 0.097914829146878
14790 0.0979174257338159
14791 0.09792002232075381
14792 0.09792261890769172
14793 0.09792521549462962
14794 0.09792781208156753
14795 0.09793040866850544
14796 0.09793300525544335
14797 0.09793560184238125
14798 0.09793819842931915
14799 0.09794079501625706
14800 0.09794339160319497
14801 0.09794598819013288
14802 0.09794858477707079
14803 0.0979511813640087
14804 0.0979537779509466
14805 0.0979563745378845
14806 0.09795897112482242
14807 0.09796156771176033
14808 0.09796416429869823
14809 0.09796676088563615
14810 0.09796935747257406
14811 0.09797195405951196
14812 0.09797455064644987
14813 0.0979771472333878
14814 0.0979797438203257
14815 0.0979823404072636
14816 0.09798493699420152
14817 0.09798753358113942
14818 0.09799013016807734
14819 0.09799272675501523
14820 0.09799532334195316
14821 0.09799791992889105
14822 0.09800051651582896
14823 0.09800311310276687
14824 0.09800570968970476
14825 0.09800830627664268
14826 0.09801090286358059
14827 0.09801349945051852
14828 0.09801609603745641
14829 0.09801869262439432
14830 0.09802128921133223
14831 0.09802388579827014
14832 0.09802648238520806
14833 0.09802907897214597
14834 0.09803167555908388
14835 0.09803427214602178
14836 0.09803686873295969
14837 0.09803946531989756
14838 0.0980420619068355
14839 0.09804465849377342
14840 0.0980472550807113
14841 0.09804985166764922
14842 0.09805244825458713
14843 0.09805504484152504
14844 0.09805764142846295
14845 0.09806023801540086
14846 0.09806283460233876
14847 0.09806543118927667
14848 0.09806802777621458
14849 0.0980706243631525
14850 0.0980732209500904
14851 0.0980758175370283
14852 0.09807841412396623
14853 0.09808101071090412
14854 0.09808360729784205
14855 0.09808620388477994
14856 0.09808880047171785
14857 0.09809139705865576
14858 0.09809399364559365
14859 0.09809659023253157
14860 0.09809918681946948
14861 0.09810178340640739
14862 0.0981043799933453
14863 0.09810697658028321
14864 0.09810957316722112
14865 0.09811216975415904
14866 0.09811476634109693
14867 0.09811736292803484
14868 0.09811995951497274
14869 0.09812255610191066
14870 0.09812515268884857
14871 0.09812774927578648
14872 0.09813034586272436
14873 0.09813294244966231
14874 0.0981355390366002
14875 0.09813813562353811
14876 0.098140732210476
14877 0.09814332879741391
14878 0.09814592538435185
14879 0.09814852197128976
14880 0.09815111855822767
14881 0.09815371514516558
14882 0.09815631173210347
14883 0.09815890831904138
14884 0.09816150490597926
14885 0.0981641014929172
14886 0.09816669807985509
14887 0.09816929466679303
14888 0.09817189125373092
14889 0.09817448784066883
14890 0.09817708442760674
14891 0.09817968101454465
14892 0.09818227760148256
14893 0.09818487418842047
14894 0.09818747077535837
14895 0.09819006736229628
14896 0.09819266394923419
14897 0.0981952605361721
14898 0.09819785712311001
14899 0.09820045371004792
14900 0.09820305029698582
14901 0.09820564688392373
14902 0.09820824347086164
14903 0.09821084005779955
14904 0.09821343664473743
14905 0.09821603323167537
14906 0.0982186298186133
14907 0.09822122640555118
14908 0.0982238229924891
14909 0.09822641957942699
14910 0.09822901616636491
14911 0.09823161275330282
14912 0.09823420934024074
14913 0.09823680592717864
14914 0.09823940251411654
14915 0.09824199910105445
14916 0.09824459568799236
14917 0.09824719227493027
14918 0.09824978886186818
14919 0.09825238544880609
14920 0.098254982035744
14921 0.0982575786226819
14922 0.09826017520961981
14923 0.09826277179655772
14924 0.09826536838349563
14925 0.09826796497043354
14926 0.09827056155737146
14927 0.09827315814430936
14928 0.09827575473124726
14929 0.09827835131818517
14930 0.09828094790512308
14931 0.098283544492061
14932 0.0982861410789989
14933 0.09828873766593679
14934 0.09829133425287473
14935 0.09829393083981262
14936 0.09829652742675053
14937 0.09829912401368845
14938 0.09830172060062635
14939 0.09830431718756424
14940 0.09830691377450217
14941 0.09830951036144008
14942 0.09831210694837798
14943 0.09831470353531589
14944 0.0983173001222538
14945 0.09831989670919171
14946 0.09832249329612962
14947 0.09832508988306753
14948 0.09832768647000543
14949 0.09833028305694334
14950 0.09833287964388124
14951 0.09833547623081916
14952 0.09833807281775707
14953 0.09834066940469496
14954 0.09834326599163289
14955 0.0983458625785708
14956 0.0983484591655087
14957 0.09835105575244663
14958 0.09835365233938452
14959 0.09835624892632243
14960 0.09835884551326032
14961 0.09836144210019823
14962 0.09836403868713614
14963 0.09836663527407406
14964 0.09836923186101197
14965 0.09837182844794987
14966 0.09837442503488777
14967 0.0983770216218257
14968 0.09837961820876362
14969 0.0983822147957015
14970 0.09838481138263942
14971 0.09838740796957733
14972 0.09839000455651524
14973 0.09839260114345315
14974 0.09839519773039104
14975 0.09839779431732897
14976 0.09840039090426689
14977 0.09840298749120475
14978 0.09840558407814269
14979 0.09840818066508059
14980 0.09841077725201852
14981 0.09841337383895643
14982 0.0984159704258943
14983 0.09841856701283225
14984 0.09842116359977014
14985 0.09842376018670806
14986 0.09842635677364593
14987 0.09842895336058385
14988 0.09843154994752179
14989 0.09843414653445967
14990 0.0984367431213976
14991 0.09843933970833547
14992 0.09844193629527342
14993 0.09844453288221132
14994 0.09844712946914921
14995 0.09844972605608714
14996 0.09845232264302504
14997 0.09845491922996295
14998 0.09845751581690086
14999 0.09846011240383876
15000 0.09846270899077669
15001 0.09846530557771459
15002 0.09846790216465248
15003 0.09847049875159039
15004 0.09847309533852831
15005 0.09847569192546622
15006 0.09847828851240413
15007 0.09848088509934202
15008 0.09848348168627993
15009 0.09848607827321786
15010 0.09848867486015576
15011 0.09849127144709369
15012 0.09849386803403158
15013 0.09849646462096949
15014 0.0984990612079074
15015 0.0985016577948453
15016 0.09850425438178322
15017 0.09850685096872112
15018 0.09850944755565902
15019 0.09851204414259694
15020 0.09851464072953485
15021 0.09851723731647277
15022 0.09851983390341067
15023 0.09852243049034859
15024 0.09852502707728648
15025 0.09852762366422439
15026 0.0985302202511623
15027 0.09853281683810021
15028 0.09853541342503812
15029 0.09853801001197604
15030 0.09854060659891394
15031 0.09854320318585186
15032 0.09854579977278975
15033 0.09854839635972766
15034 0.09855099294666554
15035 0.09855358953360348
15036 0.09855618612054139
15037 0.09855878270747931
15038 0.0985613792944172
15039 0.09856397588135511
15040 0.09856657246829302
15041 0.09856916905523093
15042 0.09857176564216885
15043 0.09857436222910675
15044 0.09857695881604465
15045 0.09857955540298256
15046 0.09858215198992047
15047 0.09858474857685838
15048 0.09858734516379629
15049 0.0985899417507342
15050 0.0985925383376721
15051 0.09859513492461001
15052 0.09859773151154792
15053 0.09860032809848583
15054 0.09860292468542374
15055 0.09860552127236165
15056 0.09860811785929957
15057 0.09861071444623747
15058 0.09861331103317537
15059 0.09861590762011327
15060 0.09861850420705119
15061 0.0986211007939891
15062 0.098623697380927
15063 0.09862629396786492
15064 0.09862889055480281
15065 0.09863148714174073
15066 0.09863408372867864
15067 0.09863668031561655
15068 0.09863927690255446
15069 0.09864187348949237
15070 0.09864447007643028
15071 0.09864706666336819
15072 0.0986496632503061
15073 0.098652259837244
15074 0.09865485642418192
15075 0.09865745301111982
15076 0.09866004959805773
15077 0.09866264618499564
15078 0.09866524277193355
15079 0.09866783935887145
15080 0.09867043594580936
15081 0.09867303253274728
15082 0.09867562911968517
15083 0.09867822570662309
15084 0.09868082229356098
15085 0.0986834188804989
15086 0.09868601546743681
15087 0.09868861205437474
15088 0.09869120864131264
15089 0.09869380522825055
15090 0.09869640181518845
15091 0.09869899840212634
15092 0.09870159498906425
15093 0.09870419157600217
15094 0.09870678816294008
15095 0.098709384749878
15096 0.09871198133681588
15097 0.09871457792375382
15098 0.09871717451069172
15099 0.09871977109762962
15100 0.09872236768456752
15101 0.09872496427150544
15102 0.09872756085844335
15103 0.09873015744538127
15104 0.09873275403231917
15105 0.09873535061925708
15106 0.09873794720619498
15107 0.09874054379313289
15108 0.0987431403800708
15109 0.09874573696700871
15110 0.09874833355394662
15111 0.09875093014088453
15112 0.09875352672782244
15113 0.09875612331476034
15114 0.09875871990169827
15115 0.09876131648863616
15116 0.09876391307557408
15117 0.09876650966251198
15118 0.09876910624944989
15119 0.09877170283638781
15120 0.0987742994233257
15121 0.09877689601026361
15122 0.09877949259720152
15123 0.09878208918413943
15124 0.09878468577107735
15125 0.09878728235801525
15126 0.09878987894495316
15127 0.09879247553189108
15128 0.09879507211882897
15129 0.09879766870576688
15130 0.09880026529270479
15131 0.09880286187964268
15132 0.09880545846658062
15133 0.09880805505351853
15134 0.09881065164045642
15135 0.09881324822739435
15136 0.09881584481433225
15137 0.09881844140127015
15138 0.09882103798820806
15139 0.09882363457514598
15140 0.09882623116208387
15141 0.0988288277490218
15142 0.09883142433595969
15143 0.0988340209228976
15144 0.0988366175098355
15145 0.09883921409677342
15146 0.09884181068371133
15147 0.09884440727064925
15148 0.09884700385758716
15149 0.09884960044452505
15150 0.09885219703146295
15151 0.09885479361840087
15152 0.09885739020533879
15153 0.09885998679227669
15154 0.09886258337921461
15155 0.0988651799661525
15156 0.09886777655309041
15157 0.09887037314002832
15158 0.09887296972696621
15159 0.09887556631390412
15160 0.09887816290084202
15161 0.09888075948777994
15162 0.09888335607471783
15163 0.09888595266165576
15164 0.09888854924859365
15165 0.09889114583553159
15166 0.09889374242246948
15167 0.09889633900940738
15168 0.0988989355963453
15169 0.09890153218328321
15170 0.0989041287702211
15171 0.09890672535715903
15172 0.09890932194409693
15173 0.09891191853103484
15174 0.09891451511797275
15175 0.09891711170491067
15176 0.09891970829184857
15177 0.09892230487878648
15178 0.0989249014657244
15179 0.0989274980526623
15180 0.0989300946396002
15181 0.09893269122653811
15182 0.09893528781347603
15183 0.09893788440041393
15184 0.09894048098735184
15185 0.09894307757428977
15186 0.09894567416122765
15187 0.09894827074816556
15188 0.09895086733510347
15189 0.0989534639220414
15190 0.09895606050897927
15191 0.09895865709591721
15192 0.0989612536828551
15193 0.09896385026979301
15194 0.09896644685673092
15195 0.09896904344366884
15196 0.09897164003060674
15197 0.09897423661754465
15198 0.09897683320448256
15199 0.09897942979142048
15200 0.09898202637835837
15201 0.0989846229652963
15202 0.0989872195522342
15203 0.0989898161391721
15204 0.09899241272611001
15205 0.09899500931304792
15206 0.09899760589998581
15207 0.09900020248692373
15208 0.09900279907386166
15209 0.09900539566079955
15210 0.09900799224773744
15211 0.09901058883467538
15212 0.09901318542161326
15213 0.09901578200855118
15214 0.09901837859548909
15215 0.099020975182427
15216 0.0990235717693649
15217 0.09902616835630282
15218 0.09902876494324073
15219 0.09903136153017862
15220 0.09903395811711654
15221 0.09903655470405445
15222 0.09903915129099236
15223 0.09904174787793026
15224 0.09904434446486818
15225 0.09904694105180609
15226 0.09904953763874398
15227 0.0990521342256819
15228 0.09905473081261981
15229 0.09905732739955772
15230 0.09905992398649563
15231 0.09906252057343352
15232 0.09906511716037145
15233 0.09906771374730935
15234 0.09907031033424726
15235 0.09907290692118517
15236 0.09907550350812308
15237 0.09907810009506096
15238 0.09908069668199891
15239 0.09908329326893678
15240 0.09908588985587471
15241 0.09908848644281262
15242 0.09909108302975053
15243 0.09909367961668844
15244 0.09909627620362635
15245 0.09909887279056423
15246 0.09910146937750217
15247 0.09910406596444007
15248 0.09910666255137798
15249 0.09910925913831589
15250 0.09911185572525379
15251 0.09911445231219171
15252 0.09911704889912965
15253 0.09911964548606751
15254 0.09912224207300543
15255 0.09912483865994334
15256 0.09912743524688125
15257 0.09913003183381915
15258 0.09913262842075707
15259 0.09913522500769498
15260 0.09913782159463287
15261 0.0991404181815708
15262 0.0991430147685087
15263 0.09914561135544661
15264 0.09914820794238452
15265 0.09915080452932244
15266 0.09915340111626032
15267 0.09915599770319825
15268 0.09915859429013617
15269 0.09916119087707405
15270 0.09916378746401197
15271 0.09916638405094991
15272 0.09916898063788779
15273 0.0991715772248257
15274 0.0991741738117636
15275 0.09917677039870151
15276 0.09917936698563942
15277 0.09918196357257733
15278 0.09918456015951523
15279 0.09918715674645315
15280 0.09918975333339107
15281 0.09919234992032896
15282 0.09919494650726686
15283 0.09919754309420477
15284 0.09920013968114269
15285 0.09920273626808061
15286 0.09920533285501852
15287 0.09920792944195642
15288 0.09921052602889432
15289 0.09921312261583223
15290 0.09921571920277014
15291 0.09921831578970806
15292 0.09922091237664599
15293 0.09922350896358387
15294 0.09922610555052178
15295 0.0992287021374597
15296 0.09923129872439759
15297 0.0992338953113355
15298 0.09923649189827341
15299 0.09923908848521133
15300 0.09924168507214924
15301 0.09924428165908714
15302 0.09924687824602506
15303 0.09924947483296297
15304 0.09925207141990085
15305 0.09925466800683877
15306 0.09925726459377668
15307 0.09925986118071459
15308 0.0992624577676525
15309 0.0992650543545904
15310 0.09926765094152831
15311 0.09927024752846622
15312 0.09927284411540413
15313 0.09927544070234202
15314 0.09927803728927995
15315 0.09928063387621786
15316 0.09928323046315575
15317 0.09928582705009367
15318 0.09928842363703158
15319 0.09929102022396949
15320 0.0992936168109074
15321 0.0992962133978453
15322 0.09929880998478323
15323 0.09930140657172112
15324 0.09930400315865905
15325 0.09930659974559694
15326 0.09930919633253486
15327 0.09931179291947277
15328 0.09931438950641067
15329 0.09931698609334857
15330 0.09931958268028648
15331 0.09932217926722439
15332 0.09932477585416229
15333 0.0993273724411002
15334 0.09932996902803812
15335 0.09933256561497603
15336 0.09933516220191393
15337 0.09933775878885184
15338 0.09934035537578978
15339 0.09934295196272766
15340 0.09934554854966558
15341 0.09934814513660349
15342 0.09935074172354139
15343 0.0993533383104793
15344 0.0993559348974172
15345 0.09935853148435511
15346 0.09936112807129302
15347 0.09936372465823093
15348 0.09936632124516884
15349 0.09936891783210675
15350 0.09937151441904464
15351 0.09937411100598256
15352 0.09937670759292047
15353 0.09937930417985838
15354 0.09938190076679629
15355 0.09938449735373422
15356 0.09938709394067209
15357 0.09938969052761001
15358 0.09939228711454791
15359 0.09939488370148583
15360 0.09939748028842374
15361 0.09940007687536163
15362 0.09940267346229956
15363 0.09940527004923748
15364 0.09940786663617537
15365 0.09941046322311328
15366 0.09941305981005118
15367 0.0994156563969891
15368 0.09941825298392702
15369 0.0994208495708649
15370 0.09942344615780283
15371 0.09942604274474073
15372 0.09942863933167864
15373 0.09943123591861655
15374 0.09943383250555446
15375 0.09943642909249238
15376 0.09943902567943028
15377 0.0994416222663682
15378 0.0994442188533061
15379 0.09944681544024399
15380 0.09944941202718191
15381 0.09945200861411982
15382 0.09945460520105773
15383 0.09945720178799564
15384 0.09945979837493354
15385 0.09946239496187145
15386 0.09946499154880936
15387 0.09946758813574727
15388 0.09947018472268518
15389 0.09947278130962309
15390 0.099475377896561
15391 0.0994779744834989
15392 0.09948057107043681
15393 0.09948316765737474
15394 0.09948576424431263
15395 0.09948836083125054
15396 0.09949095741818845
15397 0.09949355400512637
15398 0.09949615059206426
15399 0.09949874717900219
15400 0.09950134376594008
15401 0.099503940352878
15402 0.09950653693981591
15403 0.09950913352675382
15404 0.09951173011369172
15405 0.09951432670062962
15406 0.09951692328756753
15407 0.09951951987450543
15408 0.09952211646144336
15409 0.09952471304838129
15410 0.09952730963531917
15411 0.09952990622225708
15412 0.09953250280919498
15413 0.09953509939613289
15414 0.0995376959830708
15415 0.09954029257000872
15416 0.0995428891569466
15417 0.09954548574388453
15418 0.09954808233082242
15419 0.09955067891776033
15420 0.09955327550469825
15421 0.09955587209163616
15422 0.09955846867857408
15423 0.09956106526551198
15424 0.09956366185244989
15425 0.09956625843938778
15426 0.09956885502632572
15427 0.09957145161326361
15428 0.09957404820020152
15429 0.09957664478713943
15430 0.09957924137407735
15431 0.09958183796101525
15432 0.09958443454795314
15433 0.09958703113489106
15434 0.09958962772182897
15435 0.09959222430876687
15436 0.09959482089570477
15437 0.0995974174826427
15438 0.0996000140695806
15439 0.09960261065651851
15440 0.09960520724345642
15441 0.09960780383039435
15442 0.09961040041733227
15443 0.09961299700427015
15444 0.09961559359120807
15445 0.09961819017814597
15446 0.09962078676508387
15447 0.09962338335202178
15448 0.09962597993895968
15449 0.0996285765258976
15450 0.09963117311283551
15451 0.0996337696997734
15452 0.09963636628671133
15453 0.09963896287364923
15454 0.09964155946058713
15455 0.09964415604752505
15456 0.09964675263446296
15457 0.09964934922140087
15458 0.09965194580833878
15459 0.09965454239527669
15460 0.0996571389822146
15461 0.0996597355691525
15462 0.09966233215609041
15463 0.09966492874302833
15464 0.09966752532996623
15465 0.09967012191690414
15466 0.09967271850384204
15467 0.09967531509077995
15468 0.09967791167771786
15469 0.09968050826465577
15470 0.09968310485159368
15471 0.09968570143853159
15472 0.09968829802546948
15473 0.0996908946124074
15474 0.09969349119934531
15475 0.0996960877862832
15476 0.09969868437322113
15477 0.09970128096015905
15478 0.09970387754709695
15479 0.09970647413403486
15480 0.09970907072097276
15481 0.09971166730791067
15482 0.09971426389484857
15483 0.09971686048178649
15484 0.0997194570687244
15485 0.09972205365566232
15486 0.09972465024260022
15487 0.09972724682953812
15488 0.09972984341647603
15489 0.09973244000341393
15490 0.09973503659035186
15491 0.09973763317728977
15492 0.09974022976422767
15493 0.09974282635116559
15494 0.0997454229381035
15495 0.09974801952504138
15496 0.0997506161119793
15497 0.09975321269891721
15498 0.09975580928585512
15499 0.09975840587279304
15500 0.09976100245973095
15501 0.09976359904666884
15502 0.09976619563360674
15503 0.09976879222054466
15504 0.09977138880748257
15505 0.09977398539442048
15506 0.09977658198135839
15507 0.09977917856829631
15508 0.0997817751552342
15509 0.09978437174217211
15510 0.09978696832911003
15511 0.09978956491604794
15512 0.09979216150298582
15513 0.09979475808992375
15514 0.09979735467686167
15515 0.09979995126379956
15516 0.09980254785073749
15517 0.09980514443767538
15518 0.09980774102461329
15519 0.0998103376115512
15520 0.0998129341984891
15521 0.09981553078542701
15522 0.09981812737236492
15523 0.09982072395930285
15524 0.09982332054624074
15525 0.09982591713317865
15526 0.09982851372011657
15527 0.09983111030705447
15528 0.09983370689399237
15529 0.09983630348093028
15530 0.09983890006786816
15531 0.09984149665480609
15532 0.099844093241744
15533 0.0998466898286819
15534 0.09984928641561981
15535 0.09985188300255772
15536 0.09985447958949563
15537 0.09985707617643354
15538 0.09985967276337145
15539 0.09986226935030935
15540 0.09986486593724726
15541 0.09986746252418517
15542 0.0998700591111231
15543 0.09987265569806099
15544 0.0998752522849989
15545 0.0998778488719368
15546 0.09988044545887471
15547 0.09988304204581262
15548 0.09988563863275052
15549 0.09988823521968844
15550 0.09989083180662633
15551 0.09989342839356426
15552 0.09989602498050217
15553 0.09989862156744007
15554 0.09990121815437798
15555 0.09990381474131588
15556 0.09990641132825379
15557 0.09990900791519171
15558 0.09991160450212962
15559 0.09991420108906753
15560 0.09991679767600543
15561 0.09991939426294333
15562 0.09992199084988124
15563 0.09992458743681916
15564 0.09992718402375707
15565 0.09992978061069498
15566 0.09993237719763289
15567 0.0999349737845708
15568 0.0999375703715087
15569 0.09994016695844661
15570 0.0999427635453845
15571 0.09994536013232241
15572 0.09994795671926035
15573 0.09995055330619824
15574 0.09995314989313615
15575 0.09995574648007406
15576 0.09995834306701197
15577 0.09996093965394987
15578 0.09996353624088777
15579 0.09996613282782568
15580 0.0999687294147636
15581 0.09997132600170151
15582 0.09997392258863942
15583 0.09997651917557734
15584 0.09997911576251527
15585 0.09998171234945315
15586 0.09998430893639106
15587 0.09998690552332896
15588 0.09998950211026686
15589 0.09999209869720478
15590 0.09999469528414268
15591 0.0999972918710806
15592 0.09999988845801851
15593 0.1000024850449564
15594 0.10000508163189432
15595 0.10000767821883225
15596 0.10001027480577014
15597 0.10001287139270805
15598 0.10001546797964596
15599 0.10001806456658387
15600 0.10002066115352178
15601 0.10002325774045968
15602 0.10002585432739758
15603 0.10002845091433549
15604 0.10003104750127341
15605 0.10003364408821132
15606 0.10003624067514924
15607 0.10003883726208714
15608 0.10004143384902506
15609 0.10004403043596295
15610 0.10004662702290086
15611 0.10004922360983877
15612 0.10005182019677668
15613 0.10005441678371459
15614 0.1000570133706525
15615 0.10005960995759042
15616 0.10006220654452833
15617 0.10006480313146622
15618 0.10006739971840414
15619 0.10006999630534204
15620 0.10007259289227995
15621 0.10007518947921785
15622 0.10007778606615575
15623 0.10008038265309369
15624 0.10008297924003157
15625 0.10008557582696949
15626 0.10008817241390741
15627 0.10009076900084529
15628 0.10009336558778321
15629 0.10009596217472114
15630 0.10009855876165903
15631 0.10010115534859694
15632 0.10010375193553486
15633 0.10010634852247277
15634 0.10010894510941068
15635 0.10011154169634859
15636 0.10011413828328648
15637 0.10011673487022439
15638 0.10011933145716231
15639 0.10012192804410021
15640 0.1001245246310381
15641 0.10012712121797601
15642 0.10012971780491392
15643 0.10013231439185184
15644 0.10013491097878974
15645 0.10013750756572766
15646 0.10014010415266557
15647 0.10014270073960348
15648 0.10014529732654137
15649 0.1001478939134793
15650 0.10015049050041722
15651 0.10015308708735511
15652 0.10015568367429302
15653 0.10015828026123093
15654 0.10016087684816884
15655 0.10016347343510675
15656 0.10016607002204465
15657 0.10016866660898256
15658 0.10017126319592046
15659 0.10017385978285838
15660 0.10017645636979627
15661 0.10017905295673421
15662 0.10018164954367209
15663 0.10018424613061001
15664 0.10018684271754791
15665 0.10018943930448583
15666 0.10019203589142373
15667 0.10019463247836165
15668 0.10019722906529956
15669 0.10019982565223745
15670 0.10020242223917537
15671 0.10020501882611328
15672 0.10020761541305119
15673 0.10021021199998911
15674 0.10021280858692701
15675 0.10021540517386493
15676 0.10021800176080281
15677 0.10022059834774073
15678 0.10022319493467864
15679 0.10022579152161656
15680 0.10022838810855446
15681 0.10023098469549235
15682 0.10023358128243028
15683 0.10023617786936818
15684 0.10023877445630609
15685 0.10024137104324397
15686 0.10024396763018191
15687 0.1002465642171198
15688 0.10024916080405771
15689 0.10025175739099565
15690 0.10025435397793354
15691 0.10025695056487145
15692 0.10025954715180936
15693 0.10026214373874727
15694 0.10026474032568519
15695 0.10026733691262307
15696 0.10026993349956097
15697 0.1002725300864989
15698 0.10027512667343681
15699 0.10027772326037472
15700 0.10028031984731264
15701 0.10028291643425054
15702 0.10028551302118845
15703 0.10028810960812638
15704 0.10029070619506426
15705 0.10029330278200217
15706 0.10029589936894008
15707 0.10029849595587799
15708 0.1003010925428159
15709 0.1003036891297538
15710 0.10030628571669173
15711 0.10030888230362962
15712 0.1003114788905675
15713 0.10031407547750544
15714 0.10031667206444335
15715 0.10031926865138126
15716 0.10032186523831917
15717 0.10032446182525707
15718 0.10032705841219498
15719 0.10032965499913289
15720 0.10033225158607079
15721 0.10033484817300871
15722 0.10033744475994662
15723 0.10034004134688453
15724 0.10034263793382243
15725 0.10034523452076034
15726 0.10034783110769825
15727 0.10035042769463616
15728 0.10035302428157407
15729 0.10035562086851198
15730 0.10035821745544989
15731 0.1003608140423878
15732 0.1003634106293257
15733 0.1003660072162636
15734 0.10036860380320152
15735 0.10037120039013943
15736 0.10037379697707734
15737 0.10037639356401525
15738 0.10037899015095315
15739 0.10038158673789105
15740 0.10038418332482896
15741 0.10038677991176688
15742 0.10038937649870479
15743 0.1003919730856427
15744 0.1003945696725806
15745 0.1003971662595185
15746 0.10039976284645644
15747 0.10040235943339432
15748 0.10040495602033224
15749 0.10040755260727015
15750 0.10041014919420806
15751 0.10041274578114597
15752 0.10041534236808387
15753 0.10041793895502177
15754 0.10042053554195969
15755 0.1004231321288976
15756 0.10042572871583552
15757 0.10042832530277342
15758 0.10043092188971131
15759 0.10043351847664923
15760 0.10043611506358714
15761 0.10043871165052504
15762 0.10044130823746296
15763 0.10044390482440087
15764 0.10044650141133878
15765 0.10044909799827667
15766 0.1004516945852146
15767 0.1004542911721525
15768 0.1004568877590904
15769 0.10045948434602832
15770 0.10046208093296623
15771 0.10046467751990414
15772 0.10046727410684204
15773 0.10046987069377997
15774 0.10047246728071785
15775 0.10047506386765577
15776 0.10047766045459366
15777 0.10048025704153157
15778 0.1004828536284695
15779 0.10048545021540742
15780 0.10048804680234531
15781 0.10049064338928325
15782 0.10049323997622113
15783 0.10049583656315905
15784 0.10049843315009693
15785 0.10050102973703486
15786 0.10050362632397278
15787 0.10050622291091067
15788 0.1005088194978486
15789 0.10051141608478649
15790 0.10051401267172438
15791 0.1005166092586623
15792 0.10051920584560022
15793 0.10052180243253812
15794 0.10052439901947603
15795 0.10052699560641394
15796 0.10052959219335186
15797 0.10053218878028976
15798 0.10053478536722768
15799 0.10053738195416557
15800 0.1005399785411035
15801 0.10054257512804139
15802 0.1005451717149793
15803 0.10054776830191721
15804 0.10055036488885512
15805 0.10055296147579304
15806 0.10055555806273093
15807 0.10055815464966886
15808 0.10056075123660677
15809 0.10056334782354466
15810 0.10056594441048258
15811 0.10056854099742049
15812 0.10057113758435836
15813 0.1005737341712963
15814 0.10057633075823419
15815 0.10057892734517211
15816 0.10058152393211003
15817 0.10058412051904793
15818 0.10058671710598582
15819 0.10058931369292375
15820 0.10059191027986165
15821 0.10059450686679956
15822 0.10059710345373747
15823 0.1005997000406754
15824 0.10060229662761329
15825 0.1006048932145512
15826 0.10060748980148912
15827 0.10061008638842701
15828 0.10061268297536492
15829 0.10061527956230286
15830 0.10061787614924074
15831 0.10062047273617863
15832 0.10062306932311656
15833 0.10062566591005447
15834 0.10062826249699237
15835 0.10063085908393028
15836 0.10063345567086819
15837 0.10063605225780609
15838 0.10063864884474404
15839 0.10064124543168193
15840 0.10064384201861983
15841 0.10064643860555773
15842 0.10064903519249563
15843 0.10065163177943355
15844 0.10065422836637145
15845 0.10065682495330938
15846 0.10065942154024728
15847 0.10066201812718518
15848 0.10066461471412308
15849 0.100667211301061
15850 0.10066980788799891
15851 0.10067240447493682
15852 0.10067500106187473
15853 0.10067759764881264
15854 0.10068019423575054
15855 0.10068279082268847
15856 0.10068538740962635
15857 0.10068798399656427
15858 0.10069058058350218
15859 0.10069317717044009
15860 0.100695773757378
15861 0.1006983703443159
15862 0.1007009669312538
15863 0.10070356351819172
15864 0.10070616010512963
15865 0.10070875669206754
15866 0.10071135327900545
15867 0.10071394986594337
15868 0.10071654645288126
15869 0.10071914303981917
15870 0.10072173962675708
15871 0.10072433621369499
15872 0.10072693280063288
15873 0.10072952938757078
15874 0.10073212597450872
15875 0.10073472256144662
15876 0.10073731914838453
15877 0.10073991573532244
15878 0.10074251232226035
15879 0.10074510890919826
15880 0.10074770549613614
15881 0.10075030208307408
15882 0.10075289867001198
15883 0.10075549525694988
15884 0.10075809184388779
15885 0.1007606884308257
15886 0.10076328501776359
15887 0.10076588160470151
15888 0.10076847819163942
15889 0.10077107477857733
15890 0.10077367136551524
15891 0.10077626795245316
15892 0.10077886453939106
15893 0.10078146112632896
15894 0.10078405771326686
15895 0.10078665430020478
15896 0.10078925088714269
15897 0.1007918474740806
15898 0.10079444406101852
15899 0.10079704064795642
15900 0.10079963723489434
15901 0.10080223382183223
15902 0.10080483040877014
15903 0.10080742699570805
15904 0.10081002358264596
15905 0.10081262016958387
15906 0.10081521675652177
15907 0.10081781334345968
15908 0.10082040993039759
15909 0.1008230065173355
15910 0.10082560310427341
15911 0.10082819969121132
15912 0.10083079627814924
15913 0.10083339286508713
15914 0.10083598945202503
15915 0.10083858603896295
15916 0.10084118262590086
15917 0.10084377921283877
15918 0.10084637579977668
15919 0.10084897238671459
15920 0.10085156897365251
15921 0.10085416556059039
15922 0.10085676214752831
15923 0.10085935873446622
15924 0.10086195532140413
15925 0.10086455190834202
15926 0.10086714849527995
15927 0.10086974508221785
15928 0.10087234166915576
15929 0.10087493825609367
15930 0.10087753484303157
15931 0.1008801314299695
15932 0.1008827280169074
15933 0.1008853246038453
15934 0.10088792119078321
15935 0.10089051777772112
15936 0.10089311436465903
15937 0.10089571095159693
15938 0.10089830753853485
15939 0.10090090412547276
15940 0.10090350071241067
15941 0.10090609729934857
15942 0.10090869388628648
15943 0.10091129047322439
15944 0.1009138870601623
15945 0.10091648364710021
15946 0.10091908023403812
15947 0.10092167682097603
15948 0.10092427340791392
15949 0.10092686999485184
15950 0.10092946658178975
15951 0.10093206316872766
15952 0.10093465975566557
15953 0.10093725634260346
15954 0.1009398529295414
15955 0.1009424495164793
15956 0.1009450461034172
15957 0.10094764269035511
15958 0.10095023927729302
15959 0.10095283586423093
15960 0.10095543245116884
15961 0.10095802903810674
15962 0.10096062562504465
15963 0.10096322221198255
15964 0.10096581879892048
15965 0.10096841538585838
15966 0.10097101197279629
15967 0.10097360855973418
15968 0.10097620514667212
15969 0.10097880173361001
15970 0.10098139832054792
15971 0.10098399490748583
15972 0.10098659149442375
15973 0.10098918808136165
15974 0.10099178466829954
15975 0.10099438125523745
15976 0.10099697784217537
15977 0.1009995744291133
15978 0.10100217101605119
15979 0.10100476760298911
15980 0.101007364189927
15981 0.10100996077686492
15982 0.10101255736380282
15983 0.10101515395074075
15984 0.10101775053767864
15985 0.10102034712461655
15986 0.10102294371155446
15987 0.10102554029849237
15988 0.10102813688543028
15989 0.10103073347236818
15990 0.10103333005930609
15991 0.101035926646244
15992 0.10103852323318191
15993 0.10104111982011983
15994 0.10104371640705773
15995 0.10104631299399564
15996 0.10104890958093354
15997 0.10105150616787147
15998 0.10105410275480936
15999 0.10105669934174727
16000 0.10105929592868516
16001 0.10106189251562309
16002 0.101064489102561
16003 0.10106708568949892
16004 0.10106968227643681
16005 0.10107227886337472
16006 0.10107487545031263
16007 0.10107747203725054
16008 0.10108006862418845
16009 0.10108266521112635
16010 0.10108526179806428
16011 0.10108785838500217
16012 0.10109045497194008
16013 0.10109305155887799
16014 0.10109564814581588
16015 0.1010982447327538
16016 0.10110084131969171
16017 0.10110343790662962
16018 0.10110603449356755
16019 0.10110863108050544
16020 0.10111122766744336
16021 0.10111382425438126
16022 0.10111642084131918
16023 0.10111901742825707
16024 0.10112161401519498
16025 0.10112421060213289
16026 0.1011268071890708
16027 0.10112940377600871
16028 0.10113200036294662
16029 0.10113459694988453
16030 0.10113719353682243
16031 0.10113979012376034
16032 0.10114238671069825
16033 0.10114498329763616
16034 0.10114757988457405
16035 0.10115017647151198
16036 0.10115277305844989
16037 0.1011553696453878
16038 0.1011579662323257
16039 0.10116056281926362
16040 0.1011631594062015
16041 0.10116575599313943
16042 0.10116835258007734
16043 0.10117094916701524
16044 0.10117354575395315
16045 0.10117614234089108
16046 0.10117873892782897
16047 0.10118133551476689
16048 0.10118393210170479
16049 0.1011865286886427
16050 0.10118912527558059
16051 0.10119172186251851
16052 0.10119431844945642
16053 0.10119691503639432
16054 0.10119951162333224
16055 0.10120210821027015
16056 0.10120470479720806
16057 0.10120730138414596
16058 0.10120989797108389
16059 0.10121249455802178
16060 0.10121509114495969
16061 0.10121768773189758
16062 0.10122028431883551
16063 0.10122288090577342
16064 0.10122547749271132
16065 0.10122807407964925
16066 0.10123067066658714
16067 0.10123326725352505
16068 0.10123586384046296
16069 0.10123846042740087
16070 0.10124105701433878
16071 0.10124365360127668
16072 0.1012462501882146
16073 0.10124884677515252
16074 0.10125144336209041
16075 0.10125403994902832
16076 0.10125663653596623
16077 0.10125923312290415
16078 0.10126182970984206
16079 0.10126442629677995
16080 0.10126702288371786
16081 0.10126961947065577
16082 0.10127221605759369
16083 0.10127481264453159
16084 0.1012774092314695
16085 0.1012800058184074
16086 0.10128260240534531
16087 0.10128519899228322
16088 0.10128779557922113
16089 0.10129039216615902
16090 0.10129298875309696
16091 0.10129558534003484
16092 0.10129818192697276
16093 0.10130077851391069
16094 0.10130337510084858
16095 0.1013059716877865
16096 0.1013085682747244
16097 0.1013111648616623
16098 0.10131376144860021
16099 0.10131635803553814
16100 0.10131895462247603
16101 0.10132155120941394
16102 0.10132414779635186
16103 0.10132674438328976
16104 0.10132934097022767
16105 0.10133193755716557
16106 0.1013345341441035
16107 0.10133713073104139
16108 0.1013397273179793
16109 0.1013423239049172
16110 0.10134492049185513
16111 0.10134751707879303
16112 0.10135011366573093
16113 0.10135271025266884
16114 0.10135530683960674
16115 0.10135790342654466
16116 0.10136050001348257
16117 0.10136309660042048
16118 0.10136569318735839
16119 0.1013682897742963
16120 0.10137088636123419
16121 0.10137348294817213
16122 0.10137607953511003
16123 0.10137867612204793
16124 0.10138127270898584
16125 0.10138386929592375
16126 0.10138646588286165
16127 0.10138906246979955
16128 0.10139165905673746
16129 0.10139425564367538
16130 0.1013968522306133
16131 0.1013994488175512
16132 0.1014020454044891
16133 0.10140464199142703
16134 0.10140723857836492
16135 0.10140983516530283
16136 0.10141243175224074
16137 0.10141502833917865
16138 0.10141762492611656
16139 0.10142022151305446
16140 0.10142281809999237
16141 0.10142541468693028
16142 0.10142801127386819
16143 0.1014306078608061
16144 0.10143320444774401
16145 0.10143580103468192
16146 0.10143839762161982
16147 0.10144099420855775
16148 0.10144359079549564
16149 0.10144618738243356
16150 0.10144878396937144
16151 0.10145138055630938
16152 0.10145397714324729
16153 0.10145657373018517
16154 0.10145917031712309
16155 0.101461766904061
16156 0.10146436349099891
16157 0.1014669600779368
16158 0.10146955666487473
16159 0.10147215325181264
16160 0.10147474983875056
16161 0.10147734642568845
16162 0.10147994301262636
16163 0.10148253959956427
16164 0.10148513618650216
16165 0.1014877327734401
16166 0.10149032936037801
16167 0.1014929259473159
16168 0.10149552253425381
16169 0.10149811912119172
16170 0.10150071570812963
16171 0.10150331229506754
16172 0.10150590888200545
16173 0.10150850546894336
16174 0.10151110205588128
16175 0.10151369864281917
16176 0.10151629522975708
16177 0.10151889181669499
16178 0.1015214884036329
16179 0.1015240849905708
16180 0.10152668157750872
16181 0.10152927816444662
16182 0.10153187475138453
16183 0.10153447133832244
16184 0.10153706792526034
16185 0.10153966451219826
16186 0.10154226109913617
16187 0.10154485768607407
16188 0.10154745427301198
16189 0.10155005085994988
16190 0.10155264744688779
16191 0.10155524403382571
16192 0.10155784062076362
16193 0.10156043720770153
16194 0.10156303379463943
16195 0.10156563038157733
16196 0.10156822696851525
16197 0.10157082355545317
16198 0.10157342014239107
16199 0.10157601672932898
16200 0.10157861331626687
16201 0.1015812099032048
16202 0.10158380649014269
16203 0.1015864030770806
16204 0.10158899966401852
16205 0.10159159625095643
16206 0.10159419283789434
16207 0.10159678942483225
16208 0.10159938601177017
16209 0.10160198259870806
16210 0.10160457918564597
16211 0.10160717577258388
16212 0.10160977235952179
16213 0.1016123689464597
16214 0.1016149655333976
16215 0.10161756212033551
16216 0.10162015870727342
16217 0.10162275529421133
16218 0.10162535188114925
16219 0.10162794846808715
16220 0.10163054505502506
16221 0.10163314164196297
16222 0.10163573822890089
16223 0.10163833481583878
16224 0.10164093140277669
16225 0.1016435279897146
16226 0.10164612457665251
16227 0.10164872116359042
16228 0.10165131775052831
16229 0.10165391433746623
16230 0.10165651092440414
16231 0.10165910751134205
16232 0.10166170409827996
16233 0.10166430068521787
16234 0.10166689727215578
16235 0.10166949385909368
16236 0.1016720904460316
16237 0.1016746870329695
16238 0.10167728361990741
16239 0.1016798802068453
16240 0.10168247679378323
16241 0.10168507338072114
16242 0.10168766996765904
16243 0.10169026655459695
16244 0.10169286314153486
16245 0.10169545972847278
16246 0.10169805631541068
16247 0.10170065290234859
16248 0.1017032494892865
16249 0.1017058460762244
16250 0.10170844266316231
16251 0.10171103925010022
16252 0.10171363583703813
16253 0.10171623242397604
16254 0.10171882901091395
16255 0.10172142559785186
16256 0.10172402218478976
16257 0.10172661877172767
16258 0.10172921535866558
16259 0.1017318119456035
16260 0.1017344085325414
16261 0.1017370051194793
16262 0.10173960170641722
16263 0.10174219829335512
16264 0.10174479488029302
16265 0.10174739146723093
16266 0.10174998805416884
16267 0.10175258464110674
16268 0.10175518122804465
16269 0.10175777781498255
16270 0.10176037440192047
16271 0.10176297098885838
16272 0.10176556757579629
16273 0.10176816416273418
16274 0.10177076074967212
16275 0.10177335733661003
16276 0.10177595392354791
16277 0.10177855051048583
16278 0.10178114709742374
16279 0.10178374368436165
16280 0.10178634027129956
16281 0.10178893685823748
16282 0.10179153344517536
16283 0.10179413003211328
16284 0.10179672661905118
16285 0.10179932320598908
16286 0.101801919792927
16287 0.10180451637986493
16288 0.10180711296680282
16289 0.10180970955374072
16290 0.10181230614067864
16291 0.10181490272761656
16292 0.10181749931455446
16293 0.10182009590149237
16294 0.10182269248843029
16295 0.10182528907536818
16296 0.1018278856623061
16297 0.101830482249244
16298 0.10183307883618191
16299 0.10183567542311982
16300 0.10183827201005773
16301 0.10184086859699563
16302 0.10184346518393354
16303 0.10184606177087145
16304 0.10184865835780935
16305 0.10185125494474725
16306 0.10185385153168519
16307 0.10185644811862309
16308 0.10185904470556101
16309 0.1018616412924989
16310 0.10186423787943681
16311 0.10186683446637472
16312 0.10186943105331264
16313 0.10187202764025055
16314 0.10187462422718845
16315 0.10187722081412635
16316 0.10187981740106426
16317 0.10188241398800217
16318 0.10188501057494008
16319 0.10188760716187799
16320 0.1018902037488159
16321 0.1018928003357538
16322 0.10189539692269171
16323 0.10189799350962962
16324 0.10190059009656753
16325 0.10190318668350543
16326 0.10190578327044336
16327 0.10190837985738126
16328 0.10191097644431917
16329 0.10191357303125707
16330 0.10191616961819498
16331 0.10191876620513289
16332 0.10192136279207081
16333 0.10192395937900872
16334 0.10192655596594662
16335 0.10192915255288454
16336 0.10193174913982245
16337 0.10193434572676036
16338 0.10193694231369825
16339 0.10193953890063616
16340 0.10194213548757407
16341 0.10194473207451198
16342 0.10194732866144988
16343 0.1019499252483878
16344 0.10195252183532572
16345 0.10195511842226361
16346 0.10195771500920152
16347 0.10196031159613943
16348 0.10196290818307734
16349 0.10196550477001524
16350 0.10196810135695315
16351 0.10197069794389106
16352 0.10197329453082897
16353 0.10197589111776688
16354 0.10197848770470479
16355 0.10198108429164268
16356 0.10198368087858062
16357 0.10198627746551853
16358 0.10198887405245641
16359 0.10199147063939434
16360 0.10199406722633224
16361 0.10199666381327013
16362 0.10199926040020806
16363 0.10200185698714596
16364 0.10200445357408387
16365 0.10200705016102177
16366 0.10200964674795969
16367 0.1020122433348976
16368 0.10201483992183549
16369 0.10201743650877342
16370 0.10202003309571132
16371 0.10202262968264923
16372 0.10202522626958713
16373 0.10202782285652504
16374 0.10203041944346294
16375 0.10203301603040087
16376 0.10203561261733878
16377 0.10203820920427667
16378 0.10204080579121459
16379 0.1020434023781525
16380 0.10204599896509041
16381 0.10204859555202832
16382 0.10205119213896624
16383 0.10205378872590413
16384 0.10205638531284204
16385 0.10205898189977994
16386 0.10206157848671786
16387 0.10206417507365577
16388 0.10206677166059368
16389 0.10206936824753157
16390 0.10207196483446948
16391 0.10207456142140742
16392 0.10207715800834531
16393 0.10207975459528323
16394 0.10208235118222111
16395 0.10208494776915902
16396 0.10208754435609695
16397 0.10209014094303485
16398 0.10209273752997276
16399 0.10209533411691069
16400 0.10209793070384858
16401 0.10210052729078649
16402 0.1021031238777244
16403 0.1021057204646623
16404 0.10210831705160021
16405 0.10211091363853812
16406 0.10211351022547605
16407 0.10211610681241394
16408 0.10211870339935185
16409 0.10212129998628974
16410 0.10212389657322767
16411 0.10212649316016557
16412 0.10212908974710348
16413 0.10213168633404139
16414 0.1021342829209793
16415 0.1021368795079172
16416 0.10213947609485512
16417 0.10214207268179303
16418 0.10214466926873092
16419 0.10214726585566884
16420 0.10214986244260674
16421 0.10215245902954467
16422 0.10215505561648255
16423 0.10215765220342048
16424 0.10216024879035837
16425 0.1021628453772963
16426 0.1021654419642342
16427 0.1021680385511721
16428 0.10217063513811
16429 0.10217323172504793
16430 0.10217582831198584
16431 0.10217842489892374
16432 0.10218102148586165
16433 0.10218361807279958
16434 0.10218621465973747
16435 0.10218881124667538
16436 0.10219140783361329
16437 0.1021940044205512
16438 0.10219660100748909
16439 0.10219919759442701
16440 0.10220179418136492
16441 0.10220439076830283
16442 0.10220698735524074
16443 0.10220958394217865
16444 0.10221218052911656
16445 0.10221477711605446
16446 0.10221737370299237
16447 0.10221997028993028
16448 0.10222256687686819
16449 0.1022251634638061
16450 0.102227760050744
16451 0.10223035663768192
16452 0.10223295322461982
16453 0.10223554981155775
16454 0.10223814639849564
16455 0.10224074298543354
16456 0.10224333957237146
16457 0.10224593615930937
16458 0.10224853274624728
16459 0.10225112933318518
16460 0.10225372592012309
16461 0.102256322507061
16462 0.10225891909399891
16463 0.10226151568093682
16464 0.10226411226787473
16465 0.10226670885481264
16466 0.10226930544175054
16467 0.10227190202868847
16468 0.10227449861562636
16469 0.10227709520256427
16470 0.10227969178950218
16471 0.10228228837644009
16472 0.102284884963378
16473 0.10228748155031589
16474 0.10229007813725381
16475 0.10229267472419172
16476 0.10229527131112962
16477 0.10229786789806754
16478 0.10230046448500543
16479 0.10230306107194335
16480 0.10230565765888125
16481 0.10230825424581917
16482 0.10231085083275708
16483 0.10231344741969499
16484 0.1023160440066329
16485 0.1023186405935708
16486 0.1023212371805087
16487 0.10232383376744662
16488 0.10232643035438453
16489 0.10232902694132244
16490 0.10233162352826035
16491 0.10233422011519824
16492 0.10233681670213618
16493 0.10233941328907407
16494 0.102342009876012
16495 0.10234460646294989
16496 0.1023472030498878
16497 0.10234979963682571
16498 0.1023523962237636
16499 0.10235499281070153
16500 0.10235758939763943
16501 0.10236018598457733
16502 0.10236278257151525
16503 0.10236537915845316
16504 0.10236797574539108
16505 0.10237057233232898
16506 0.1023731689192669
16507 0.10237576550620481
16508 0.1023783620931427
16509 0.10238095868008062
16510 0.10238355526701853
16511 0.10238615185395643
16512 0.10238874844089435
16513 0.10239134502783225
16514 0.10239394161477015
16515 0.10239653820170806
16516 0.10239913478864598
16517 0.10240173137558387
16518 0.10240432796252179
16519 0.10240692454945971
16520 0.1024095211363976
16521 0.1024121177233355
16522 0.10241471431027342
16523 0.10241731089721133
16524 0.10241990748414924
16525 0.10242250407108715
16526 0.10242510065802504
16527 0.10242769724496296
16528 0.10243029383190087
16529 0.10243289041883878
16530 0.10243548700577669
16531 0.1024380835927146
16532 0.10244068017965251
16533 0.10244327676659042
16534 0.10244587335352834
16535 0.10244846994046623
16536 0.10245106652740416
16537 0.10245366311434205
16538 0.10245625970127997
16539 0.10245885628821787
16540 0.10246145287515579
16541 0.10246404946209368
16542 0.10246664604903159
16543 0.1024692426359695
16544 0.1024718392229074
16545 0.1024744358098453
16546 0.10247703239678323
16547 0.10247962898372114
16548 0.10248222557065904
16549 0.10248482215759694
16550 0.10248741874453486
16551 0.10249001533147277
16552 0.10249261191841069
16553 0.10249520850534859
16554 0.1024978050922865
16555 0.1025004016792244
16556 0.10250299826616231
16557 0.10250559485310022
16558 0.10250819144003813
16559 0.10251078802697604
16560 0.10251338461391395
16561 0.10251598120085186
16562 0.10251857778778976
16563 0.10252117437472767
16564 0.10252377096166557
16565 0.10252636754860349
16566 0.1025289641355414
16567 0.1025315607224793
16568 0.1025341573094172
16569 0.10253675389635512
16570 0.10253935048329303
16571 0.10254194707023093
16572 0.10254454365716884
16573 0.10254714024410676
16574 0.10254973683104467
16575 0.10255233341798257
16576 0.10255493000492048
16577 0.10255752659185838
16578 0.10256012317879629
16579 0.10256271976573421
16580 0.10256531635267212
16581 0.10256791293961003
16582 0.10257050952654793
16583 0.10257310611348586
16584 0.10257570270042375
16585 0.10257829928736166
16586 0.10258089587429957
16587 0.10258349246123748
16588 0.10258608904817539
16589 0.1025886856351133
16590 0.1025912822220512
16591 0.10259387880898911
16592 0.10259647539592702
16593 0.10259907198286493
16594 0.10260166856980284
16595 0.10260426515674075
16596 0.10260686174367865
16597 0.10260945833061656
16598 0.10261205491755447
16599 0.10261465150449238
16600 0.10261724809143029
16601 0.1026198446783682
16602 0.1026224412653061
16603 0.10262503785224401
16604 0.10262763443918192
16605 0.10263023102611982
16606 0.10263282761305774
16607 0.10263542419999563
16608 0.10263802078693353
16609 0.10264061737387144
16610 0.10264321396080936
16611 0.10264581054774727
16612 0.10264840713468518
16613 0.10265100372162306
16614 0.102653600308561
16615 0.1026561968954989
16616 0.10265879348243681
16617 0.10266139006937472
16618 0.10266398665631263
16619 0.10266658324325055
16620 0.10266917983018845
16621 0.10267177641712637
16622 0.10267437300406426
16623 0.10267696959100217
16624 0.10267956617794008
16625 0.10268216276487799
16626 0.1026847593518159
16627 0.10268735593875379
16628 0.10268995252569171
16629 0.10269254911262962
16630 0.10269514569956753
16631 0.10269774228650545
16632 0.10270033887344335
16633 0.10270293546038127
16634 0.10270553204731916
16635 0.10270812863425709
16636 0.10271072522119498
16637 0.1027133218081329
16638 0.1027159183950708
16639 0.10271851498200871
16640 0.10272111156894662
16641 0.10272370815588452
16642 0.10272630474282243
16643 0.10272890132976034
16644 0.10273149791669825
16645 0.10273409450363614
16646 0.10273669109057407
16647 0.10273928767751196
16648 0.10274188426444988
16649 0.10274448085138779
16650 0.1027470774383257
16651 0.10274967402526361
16652 0.10275227061220152
16653 0.10275486719913941
16654 0.10275746378607734
16655 0.10276006037301524
16656 0.10276265695995315
16657 0.10276525354689106
16658 0.10276785013382898
16659 0.10277044672076688
16660 0.10277304330770479
16661 0.10277563989464271
16662 0.1027782364815806
16663 0.10278083306851851
16664 0.10278342965545642
16665 0.10278602624239433
16666 0.10278862282933224
16667 0.10279121941627015
16668 0.10279381600320806
16669 0.10279641259014596
16670 0.10279900917708386
16671 0.10280160576402178
16672 0.1028042023509597
16673 0.1028067989378976
16674 0.1028093955248355
16675 0.10281199211177341
16676 0.10281458869871132
16677 0.10281718528564923
16678 0.10281978187258715
16679 0.10282237845952505
16680 0.10282497504646296
16681 0.10282757163340087
16682 0.10283016822033877
16683 0.10283276480727668
16684 0.10283536139421459
16685 0.1028379579811525
16686 0.10284055456809041
16687 0.1028431511550283
16688 0.10284574774196623
16689 0.10284834432890413
16690 0.10285094091584204
16691 0.10285353750277995
16692 0.10285613408971786
16693 0.10285873067665577
16694 0.10286132726359368
16695 0.10286392385053159
16696 0.10286652043746948
16697 0.10286911702440742
16698 0.10287171361134533
16699 0.10287431019828322
16700 0.10287690678522113
16701 0.10287950337215904
16702 0.10288209995909695
16703 0.10288469654603487
16704 0.10288729313297276
16705 0.10288988971991066
16706 0.10289248630684858
16707 0.10289508289378647
16708 0.1028976794807244
16709 0.1029002760676623
16710 0.1029028726546002
16711 0.10290546924153814
16712 0.10290806582847603
16713 0.10291066241541394
16714 0.10291325900235183
16715 0.10291585558928976
16716 0.10291845217622768
16717 0.10292104876316557
16718 0.10292364535010348
16719 0.10292624193704139
16720 0.1029288385239793
16721 0.10293143511091721
16722 0.10293403169785512
16723 0.10293662828479302
16724 0.10293922487173093
16725 0.10294182145866884
16726 0.10294441804560675
16727 0.10294701463254466
16728 0.10294961121948257
16729 0.10295220780642048
16730 0.10295480439335841
16731 0.10295740098029629
16732 0.1029599975672342
16733 0.10296259415417211
16734 0.10296519074111003
16735 0.10296778732804793
16736 0.10297038391498582
16737 0.10297298050192374
16738 0.10297557708886165
16739 0.10297817367579955
16740 0.10298077026273748
16741 0.10298336684967538
16742 0.10298596343661329
16743 0.10298856002355121
16744 0.1029911566104891
16745 0.10299375319742701
16746 0.10299634978436492
16747 0.10299894637130283
16748 0.10300154295824074
16749 0.10300413954517866
16750 0.10300673613211656
16751 0.10300933271905446
16752 0.10301192930599239
16753 0.1030145258929303
16754 0.10301712247986819
16755 0.1030197190668061
16756 0.103022315653744
16757 0.10302491224068193
16758 0.10302750882761982
16759 0.10303010541455773
16760 0.10303270200149564
16761 0.10303529858843355
16762 0.10303789517537146
16763 0.10304049176230937
16764 0.10304308834924726
16765 0.10304568493618518
16766 0.10304828152312309
16767 0.10305087811006101
16768 0.10305347469699891
16769 0.10305607128393682
16770 0.10305866787087473
16771 0.10306126445781263
16772 0.10306386104475054
16773 0.10306645763168844
16774 0.10306905421862636
16775 0.10307165080556427
16776 0.10307424739250218
16777 0.10307684397944009
16778 0.10307944056637798
16779 0.10308203715331592
16780 0.10308463374025381
16781 0.10308723032719172
16782 0.10308982691412963
16783 0.10309242350106754
16784 0.10309502008800545
16785 0.10309761667494335
16786 0.10310021326188125
16787 0.10310280984881917
16788 0.10310540643575708
16789 0.10310800302269499
16790 0.1031105996096329
16791 0.10311319619657079
16792 0.10311579278350871
16793 0.10311838937044665
16794 0.10312098595738452
16795 0.10312358254432244
16796 0.10312617913126035
16797 0.10312877571819826
16798 0.10313137230513617
16799 0.10313396889207407
16800 0.10313656547901198
16801 0.1031391620659499
16802 0.1031417586528878
16803 0.10314435523982571
16804 0.10314695182676362
16805 0.10314954841370153
16806 0.10315214500063943
16807 0.10315474158757734
16808 0.10315733817451525
16809 0.10315993476145317
16810 0.10316253134839108
16811 0.10316512793532898
16812 0.10316772452226688
16813 0.10317032110920478
16814 0.1031729176961427
16815 0.10317551428308062
16816 0.10317811087001853
16817 0.10318070745695643
16818 0.10318330404389434
16819 0.10318590063083224
16820 0.10318849721777015
16821 0.10319109380470806
16822 0.10319369039164597
16823 0.10319628697858389
16824 0.1031988835655218
16825 0.1032014801524597
16826 0.10320407673939762
16827 0.10320667332633553
16828 0.10320926991327341
16829 0.10321186650021133
16830 0.10321446308714924
16831 0.10321705967408715
16832 0.10321965626102506
16833 0.10322225284796296
16834 0.10322484943490087
16835 0.10322744602183877
16836 0.10323004260877669
16837 0.1032326391957146
16838 0.1032352357826525
16839 0.10323783236959042
16840 0.10324042895652834
16841 0.10324302554346626
16842 0.10324562213040414
16843 0.10324821871734206
16844 0.10325081530427996
16845 0.10325341189121788
16846 0.10325600847815578
16847 0.10325860506509368
16848 0.10326120165203159
16849 0.1032637982389695
16850 0.1032663948259074
16851 0.10326899141284532
16852 0.10327158799978323
16853 0.10327418458672111
16854 0.10327678117365906
16855 0.10327937776059695
16856 0.10328197434753486
16857 0.10328457093447277
16858 0.10328716752141068
16859 0.10328976410834859
16860 0.1032923606952865
16861 0.1032949572822244
16862 0.10329755386916231
16863 0.1033001504561002
16864 0.10330274704303814
16865 0.10330534362997604
16866 0.10330794021691392
16867 0.10331053680385185
16868 0.10331313339078976
16869 0.10331572997772769
16870 0.10331832656466558
16871 0.10332092315160349
16872 0.1033235197385414
16873 0.10332611632547929
16874 0.10332871291241721
16875 0.10333130949935512
16876 0.10333390608629302
16877 0.10333650267323094
16878 0.10333909926016885
16879 0.10334169584710676
16880 0.10334429243404467
16881 0.10334688902098256
16882 0.1033494856079205
16883 0.1033520821948584
16884 0.10335467878179629
16885 0.10335727536873422
16886 0.10335987195567212
16887 0.10336246854261003
16888 0.10336506512954793
16889 0.10336766171648584
16890 0.10337025830342375
16891 0.10337285489036166
16892 0.10337545147729957
16893 0.10337804806423748
16894 0.10338064465117539
16895 0.1033832412381133
16896 0.10338583782505122
16897 0.10338843441198911
16898 0.10339103099892703
16899 0.10339362758586493
16900 0.10339622417280284
16901 0.10339882075974076
16902 0.10340141734667867
16903 0.10340401393361656
16904 0.10340661052055447
16905 0.10340920710749238
16906 0.10341180369443029
16907 0.10341440028136818
16908 0.1034169968683061
16909 0.10341959345524401
16910 0.10342219004218194
16911 0.10342478662911983
16912 0.10342738321605773
16913 0.10342997980299565
16914 0.10343257638993354
16915 0.10343517297687148
16916 0.10343776956380937
16917 0.10344036615074727
16918 0.1034429627376852
16919 0.1034455593246231
16920 0.103448155911561
16921 0.10345075249849892
16922 0.10345334908543682
16923 0.10345594567237473
16924 0.10345854225931263
16925 0.10346113884625055
16926 0.10346373543318846
16927 0.10346633202012637
16928 0.10346892860706428
16929 0.10347152519400218
16930 0.1034741217809401
16931 0.103476718367878
16932 0.10347931495481591
16933 0.10348191154175382
16934 0.10348450812869173
16935 0.10348710471562964
16936 0.10348970130256754
16937 0.10349229788950545
16938 0.10349489447644335
16939 0.10349749106338127
16940 0.10350008765031918
16941 0.10350268423725706
16942 0.103505280824195
16943 0.1035078774111329
16944 0.10351047399807081
16945 0.10351307058500872
16946 0.10351566717194663
16947 0.10351826375888454
16948 0.10352086034582243
16949 0.10352345693276035
16950 0.10352605351969826
16951 0.10352865010663619
16952 0.10353124669357411
16953 0.10353384328051199
16954 0.1035364398674499
16955 0.1035390364543878
16956 0.10354163304132571
16957 0.10354422962826364
16958 0.10354682621520153
16959 0.10354942280213943
16960 0.10355201938907735
16961 0.10355461597601524
16962 0.10355721256295318
16963 0.10355980914989107
16964 0.10356240573682898
16965 0.10356500232376688
16966 0.10356759891070481
16967 0.10357019549764271
16968 0.10357279208458062
16969 0.10357538867151851
16970 0.10357798525845643
16971 0.10358058184539434
16972 0.10358317843233225
16973 0.10358577501927016
16974 0.10358837160620805
16975 0.10359096819314598
16976 0.10359356478008389
16977 0.1035961613670218
16978 0.10359875795395972
16979 0.10360135454089761
16980 0.10360395112783552
16981 0.10360654771477343
16982 0.10360914430171135
16983 0.10361174088864925
16984 0.10361433747558715
16985 0.10361693406252508
16986 0.10361953064946297
16987 0.10362212723640085
16988 0.10362472382333879
16989 0.10362732041027668
16990 0.1036299169972146
16991 0.10363251358415251
16992 0.10363511017109041
16993 0.10363770675802832
16994 0.10364030334496623
16995 0.10364289993190413
16996 0.10364549651884203
16997 0.10364809310577996
16998 0.10365068969271785
16999 0.10365328627965577
17000 0.10365588286659366
17001 0.1036584794535316
17002 0.1036610760404695
17003 0.10366367262740742
17004 0.10366626921434531
17005 0.10366886580128323
17006 0.10367146238822113
17007 0.10367405897515902
17008 0.10367665556209696
17009 0.10367925214903485
17010 0.10368184873597275
17011 0.10368444532291067
17012 0.10368704190984857
17013 0.10368963849678646
17014 0.1036922350837244
17015 0.1036948316706623
17016 0.10369742825760021
17017 0.10370002484453812
17018 0.10370262143147603
17019 0.10370521801841394
17020 0.10370781460535183
17021 0.10371041119228974
17022 0.10371300777922766
17023 0.10371560436616557
17024 0.10371820095310348
17025 0.10372079754004139
17026 0.10372339412697933
17027 0.10372599071391721
17028 0.1037285873008551
17029 0.10373118388779302
17030 0.10373378047473093
17031 0.10373637706166884
17032 0.10373897364860675
17033 0.10374157023554467
17034 0.10374416682248257
17035 0.10374676340942048
17036 0.10374935999635838
17037 0.1037519565832963
17038 0.1037545531702342
17039 0.10375714975717211
17040 0.10375974634411002
17041 0.10376234293104793
17042 0.10376493951798584
17043 0.10376753610492374
17044 0.10377013269186165
17045 0.10377272927879953
17046 0.10377532586573747
17047 0.10377792245267538
17048 0.10378051903961329
17049 0.1037831156265512
17050 0.1037857122134891
17051 0.10378830880042701
17052 0.10379090538736492
17053 0.10379350197430283
17054 0.10379609856124074
17055 0.10379869514817863
17056 0.10380129173511654
17057 0.10380388832205448
17058 0.10380648490899237
17059 0.10380908149593028
17060 0.10381167808286819
17061 0.1038142746698061
17062 0.103816871256744
17063 0.10381946784368193
17064 0.10382206443061982
17065 0.10382466101755773
17066 0.10382725760449564
17067 0.10382985419143355
17068 0.10383245077837146
17069 0.10383504736530935
17070 0.10383764395224727
17071 0.10384024053918518
17072 0.10384283712612309
17073 0.103845433713061
17074 0.10384803029999891
17075 0.10385062688693683
17076 0.10385322347387474
17077 0.10385582006081262
17078 0.10385841664775057
17079 0.10386101323468845
17080 0.10386360982162636
17081 0.10386620640856428
17082 0.10386880299550218
17083 0.10387139958244009
17084 0.10387399616937797
17085 0.1038765927563159
17086 0.10387918934325381
17087 0.10388178593019172
17088 0.10388438251712963
17089 0.10388697910406754
17090 0.10388957569100543
17091 0.10389217227794335
17092 0.10389476886488125
17093 0.10389736545181917
17094 0.10389996203875708
17095 0.10390255862569499
17096 0.1039051552126329
17097 0.10390775179957082
17098 0.10391034838650871
17099 0.10391294497344664
17100 0.10391554156038454
17101 0.10391813814732244
17102 0.10392073473426035
17103 0.10392333132119826
17104 0.10392592790813618
17105 0.10392852449507407
17106 0.103931121082012
17107 0.10393371766894989
17108 0.10393631425588779
17109 0.10393891084282571
17110 0.10394150742976362
17111 0.10394410401670152
17112 0.10394670060363942
17113 0.10394929719057734
17114 0.10395189377751524
17115 0.10395449036445316
17116 0.10395708695139107
17117 0.10395968353832896
17118 0.10396228012526688
17119 0.1039648767122048
17120 0.1039674732991427
17121 0.10397006988608061
17122 0.10397266647301852
17123 0.10397526305995643
17124 0.10397785964689434
17125 0.10398045623383224
17126 0.10398305282077015
17127 0.10398564940770805
17128 0.10398824599464597
17129 0.10399084258158386
17130 0.10399343916852179
17131 0.10399603575545971
17132 0.1039986323423976
17133 0.10400122892933553
17134 0.10400382551627341
17135 0.10400642210321132
17136 0.10400901869014924
17137 0.10401161527708715
17138 0.10401421186402506
17139 0.10401680845096296
17140 0.10401940503790086
17141 0.10402200162483877
17142 0.10402459821177669
17143 0.10402719479871461
17144 0.10402979138565252
17145 0.1040323879725904
17146 0.10403498455952832
17147 0.10403758114646623
17148 0.10404017773340414
17149 0.10404277432034205
17150 0.10404537090727996
17151 0.10404796749421787
17152 0.10405056408115577
17153 0.10405316066809368
17154 0.10405575725503159
17155 0.1040583538419695
17156 0.10406095042890741
17157 0.10406354701584532
17158 0.10406614360278323
17159 0.10406874018972116
17160 0.10407133677665904
17161 0.10407393336359695
17162 0.10407652995053486
17163 0.10407912653747278
17164 0.10408172312441068
17165 0.1040843197113486
17166 0.1040869162982865
17167 0.1040895128852244
17168 0.10409210947216231
17169 0.1040947060591002
17170 0.10409730264603813
17171 0.10409989923297604
17172 0.10410249581991395
17173 0.10410509240685184
17174 0.10410768899378978
17175 0.10411028558072767
17176 0.10411288216766557
17177 0.10411547875460349
17178 0.1041180753415414
17179 0.1041206719284793
17180 0.10412326851541721
17181 0.1041258651023551
17182 0.10412846168929302
17183 0.10413105827623094
17184 0.10413365486316886
17185 0.10413625145010677
17186 0.10413884803704467
17187 0.10414144462398257
17188 0.10414404121092048
17189 0.10414663779785839
17190 0.10414923438479629
17191 0.10415183097173424
17192 0.10415442755867212
17193 0.10415702414561005
17194 0.10415962073254793
17195 0.10416221731948584
17196 0.10416481390642375
17197 0.10416741049336166
17198 0.10417000708029958
17199 0.10417260366723746
17200 0.10417520025417538
17201 0.10417779684111331
17202 0.1041803934280512
17203 0.1041829900149891
17204 0.10418558660192702
17205 0.10418818318886493
17206 0.10419077977580284
17207 0.10419337636274074
17208 0.10419597294967865
17209 0.10419856953661656
17210 0.10420116612355447
17211 0.10420376271049238
17212 0.10420635929743029
17213 0.1042089558843682
17214 0.1042115524713061
17215 0.10421414905824401
17216 0.10421674564518192
17217 0.10421934223211984
17218 0.10422193881905774
17219 0.10422453540599565
17220 0.10422713199293356
17221 0.10422972857987146
17222 0.10423232516680939
17223 0.10423492175374728
17224 0.10423751834068519
17225 0.10424011492762308
17226 0.10424271151456102
17227 0.10424530810149892
17228 0.10424790468843685
17229 0.10425050127537476
17230 0.10425309786231264
17231 0.10425569444925055
17232 0.10425829103618844
17233 0.10426088762312635
17234 0.10426348421006428
17235 0.10426608079700218
17236 0.1042686773839401
17237 0.104271273970878
17238 0.10427387055781591
17239 0.10427646714475379
17240 0.10427906373169174
17241 0.10428166031862965
17242 0.10428425690556754
17243 0.10428685349250547
17244 0.10428945007944336
17245 0.10429204666638126
17246 0.10429464325331919
17247 0.10429723984025709
17248 0.104299836427195
17249 0.1043024330141329
17250 0.10430502960107081
17251 0.10430762618800872
17252 0.10431022277494663
17253 0.10431281936188454
17254 0.10431541594882245
17255 0.10431801253576035
17256 0.10432060912269826
17257 0.10432320570963617
17258 0.10432580229657407
17259 0.10432839888351199
17260 0.1043309954704499
17261 0.10433359205738782
17262 0.10433618864432571
17263 0.10433878523126362
17264 0.10434138181820153
17265 0.10434397840513944
17266 0.10434657499207735
17267 0.10434917157901526
17268 0.10435176816595317
17269 0.10435436475289105
17270 0.10435696133982897
17271 0.10435955792676688
17272 0.1043621545137048
17273 0.10436475110064271
17274 0.10436734768758062
17275 0.10436994427451854
17276 0.10437254086145643
17277 0.10437513744839434
17278 0.10437773403533225
17279 0.10438033062227016
17280 0.10438292720920808
17281 0.10438552379614596
17282 0.10438812038308387
17283 0.1043907169700218
17284 0.10439331355695969
17285 0.10439591014389762
17286 0.10439850673083553
17287 0.10440110331777343
17288 0.10440369990471134
17289 0.10440629649164924
17290 0.10440889307858715
17291 0.10441148966552506
17292 0.10441408625246297
17293 0.10441668283940087
17294 0.10441927942633877
17295 0.1044218760132767
17296 0.1044244726002146
17297 0.10442706918715251
17298 0.10442966577409042
17299 0.10443226236102832
17300 0.10443485894796624
17301 0.10443745553490415
17302 0.10444005212184206
17303 0.10444264870877996
17304 0.10444524529571787
17305 0.10444784188265578
17306 0.10445043846959369
17307 0.1044530350565316
17308 0.10445563164346951
17309 0.10445822823040743
17310 0.10446082481734531
17311 0.10446342140428323
17312 0.10446601799122114
17313 0.10446861457815902
17314 0.10447121116509696
17315 0.10447380775203487
17316 0.10447640433897278
17317 0.1044790009259107
17318 0.1044815975128486
17319 0.1044841940997865
17320 0.10448679068672441
17321 0.10448938727366232
17322 0.10449198386060023
17323 0.10449458044753814
17324 0.10449717703447603
17325 0.10449977362141394
17326 0.10450237020835185
17327 0.10450496679528977
17328 0.10450756338222768
17329 0.1045101599691656
17330 0.1045127565561035
17331 0.10451535314304142
17332 0.10451794972997931
17333 0.10452054631691722
17334 0.10452314290385513
17335 0.10452573949079302
17336 0.10452833607773092
17337 0.10453093266466884
17338 0.10453352925160672
17339 0.10453612583854466
17340 0.10453872242548257
17341 0.10454131901242047
17342 0.10454391559935838
17343 0.10454651218629629
17344 0.10454910877323417
17345 0.1045517053601721
17346 0.10455430194710999
17347 0.10455689853404793
17348 0.10455949512098583
17349 0.10456209170792377
17350 0.10456468829486167
17351 0.10456728488179956
17352 0.10456988146873747
17353 0.10457247805567539
17354 0.10457507464261329
17355 0.10457767122955118
17356 0.10458026781648909
17357 0.10458286440342701
17358 0.10458546099036492
17359 0.10458805757730283
17360 0.10459065416424074
17361 0.10459325075117867
17362 0.10459584733811657
17363 0.10459844392505445
17364 0.10460104051199237
17365 0.10460363709893028
17366 0.10460623368586819
17367 0.1046088302728061
17368 0.104611426859744
17369 0.10461402344668191
17370 0.10461662003361982
17371 0.10461921662055773
17372 0.10462181320749564
17373 0.10462440979443353
17374 0.10462700638137144
17375 0.1046296029683094
17376 0.10463219955524727
17377 0.1046347961421852
17378 0.10463739272912309
17379 0.10463998931606099
17380 0.10464258590299891
17381 0.1046451824899368
17382 0.10464777907687473
17383 0.10465037566381262
17384 0.10465297225075056
17385 0.10465556883768845
17386 0.10465816542462636
17387 0.1046607620115643
17388 0.10466335859850218
17389 0.10466595518544007
17390 0.10466855177237801
17391 0.1046711483593159
17392 0.1046737449462538
17393 0.10467634153319173
17394 0.10467893812012963
17395 0.10468153470706754
17396 0.10468413129400546
17397 0.10468672788094337
17398 0.10468932446788126
17399 0.10469192105481918
17400 0.10469451764175709
17401 0.10469711422869496
17402 0.1046997108156329
17403 0.1047023074025708
17404 0.10470490398950873
17405 0.10470750057644662
17406 0.10471009716338454
17407 0.10471269375032242
17408 0.10471529033726035
17409 0.10471788692419824
17410 0.10472048351113616
17411 0.10472308009807407
17412 0.10472567668501198
17413 0.10472827327194989
17414 0.10473086985888783
17415 0.1047334664458257
17416 0.10473606303276362
17417 0.10473865961970151
17418 0.10474125620663943
17419 0.10474385279357734
17420 0.10474644938051525
17421 0.10474904596745316
17422 0.10475164255439107
17423 0.10475423914132899
17424 0.1047568357282669
17425 0.10475943231520479
17426 0.10476202890214269
17427 0.1047646254890806
17428 0.1047672220760185
17429 0.10476981866295643
17430 0.10477241524989434
17431 0.10477501183683224
17432 0.10477760842377014
17433 0.10478020501070806
17434 0.10478280159764597
17435 0.10478539818458389
17436 0.10478799477152179
17437 0.1047905913584597
17438 0.1047931879453976
17439 0.10479578453233551
17440 0.10479838111927342
17441 0.10480097770621133
17442 0.10480357429314924
17443 0.10480617088008715
17444 0.10480876746702508
17445 0.10481136405396296
17446 0.10481396064090087
17447 0.10481655722783878
17448 0.10481915381477667
17449 0.1048217504017146
17450 0.10482434698865252
17451 0.1048269435755904
17452 0.10482954016252832
17453 0.10483213674946625
17454 0.10483473333640414
17455 0.10483732992334205
17456 0.10483992651027996
17457 0.10484252309721785
17458 0.10484511968415579
17459 0.10484771627109368
17460 0.10485031285803159
17461 0.1048529094449695
17462 0.10485550603190742
17463 0.1048581026188453
17464 0.10486069920578323
17465 0.10486329579272113
17466 0.10486589237965904
17467 0.10486848896659695
17468 0.10487108555353486
17469 0.10487368214047277
17470 0.10487627872741066
17471 0.10487887531434859
17472 0.10488147190128651
17473 0.10488406848822439
17474 0.10488666507516231
17475 0.1048892616621002
17476 0.10489185824903813
17477 0.10489445483597602
17478 0.10489705142291396
17479 0.10489964800985187
17480 0.10490224459678976
17481 0.10490484118372767
17482 0.10490743777066558
17483 0.10491003435760349
17484 0.1049126309445414
17485 0.1049152275314793
17486 0.10491782411841721
17487 0.10492042070535514
17488 0.10492301729229304
17489 0.10492561387923093
17490 0.10492821046616885
17491 0.10493080705310674
17492 0.10493340364004466
17493 0.10493600022698257
17494 0.10493859681392047
17495 0.10494119340085839
17496 0.10494378998779628
17497 0.10494638657473421
17498 0.1049489831616721
17499 0.10495157974861002
17500 0.10495417633554793
17501 0.10495677292248584
17502 0.10495936950942374
17503 0.10496196609636163
17504 0.10496456268329955
17505 0.10496715927023748
17506 0.10496975585717538
17507 0.10497235244411328
17508 0.1049749490310512
17509 0.10497754561798911
17510 0.10498014220492703
17511 0.10498273879186493
17512 0.10498533537880284
17513 0.10498793196574074
17514 0.10499052855267864
17515 0.10499312513961656
17516 0.10499572172655447
17517 0.10499831831349236
17518 0.10500091490043029
17519 0.1050035114873682
17520 0.10500610807430612
17521 0.10500870466124401
17522 0.10501130124818192
17523 0.1050138978351198
17524 0.10501649442205774
17525 0.10501909100899565
17526 0.10502168759593357
17527 0.10502428418287146
17528 0.10502688076980936
17529 0.1050294773567473
17530 0.10503207394368518
17531 0.1050346705306231
17532 0.105037267117561
17533 0.10503986370449893
17534 0.1050424602914368
17535 0.10504505687837475
17536 0.10504765346531263
17537 0.10505025005225055
17538 0.10505284663918846
17539 0.10505544322612637
17540 0.10505803981306426
17541 0.1050606364000022
17542 0.10506323298694009
17543 0.105065829573878
17544 0.10506842616081591
17545 0.10507102274775382
17546 0.10507361933469171
17547 0.10507621592162963
17548 0.10507881250856754
17549 0.10508140909550545
17550 0.10508400568244336
17551 0.10508660226938127
17552 0.10508919885631919
17553 0.1050917954432571
17554 0.105094392030195
17555 0.10509698861713289
17556 0.10509958520407081
17557 0.10510218179100872
17558 0.10510477837794664
17559 0.10510737496488454
17560 0.10510997155182245
17561 0.10511256813876035
17562 0.10511516472569826
17563 0.10511776131263616
17564 0.10512035789957407
17565 0.10512295448651199
17566 0.1051255510734499
17567 0.1051281476603878
17568 0.10513074424732571
17569 0.10513334083426361
17570 0.10513593742120154
17571 0.10513853400813943
17572 0.10514113059507735
17573 0.10514372718201526
17574 0.10514632376895316
17575 0.10514892035589107
17576 0.10515151694282898
17577 0.10515411352976688
17578 0.1051567101167048
17579 0.1051593067036427
17580 0.10516190329058062
17581 0.10516449987751854
17582 0.10516709646445643
17583 0.10516969305139433
17584 0.10517228963833226
17585 0.10517488622527014
17586 0.10517748281220807
17587 0.10518007939914596
17588 0.10518267598608388
17589 0.10518527257302179
17590 0.10518786915995969
17591 0.10519046574689762
17592 0.10519306233383552
17593 0.10519565892077344
17594 0.10519825550771135
17595 0.10520085209464924
17596 0.10520344868158715
17597 0.10520604526852506
17598 0.10520864185546297
17599 0.10521123844240089
17600 0.10521383502933879
17601 0.1052164316162767
17602 0.10521902820321463
17603 0.10522162479015251
17604 0.10522422137709041
17605 0.10522681796402832
17606 0.10522941455096624
17607 0.10523201113790412
17608 0.10523460772484207
17609 0.10523720431177996
17610 0.10523980089871787
17611 0.10524239748565578
17612 0.10524499407259369
17613 0.1052475906595316
17614 0.1052501872464695
17615 0.1052527838334074
17616 0.10525538042034531
17617 0.10525797700728323
17618 0.10526057359422114
17619 0.10526317018115908
17620 0.10526576676809697
17621 0.10526836335503487
17622 0.10527095994197277
17623 0.10527355652891068
17624 0.10527615311584859
17625 0.1052787497027865
17626 0.10528134628972441
17627 0.10528394287666232
17628 0.10528653946360023
17629 0.10528913605053813
17630 0.10529173263747607
17631 0.10529432922441395
17632 0.10529692581135186
17633 0.10529952239828978
17634 0.10530211898522768
17635 0.10530471557216559
17636 0.1053073121591035
17637 0.1053099087460414
17638 0.1053125053329793
17639 0.10531510191991722
17640 0.10531769850685513
17641 0.10532029509379304
17642 0.10532289168073095
17643 0.10532548826766885
17644 0.10532808485460673
17645 0.10533068144154467
17646 0.10533327802848258
17647 0.10533587461542052
17648 0.10533847120235841
17649 0.1053410677892963
17650 0.10534366437623421
17651 0.1053462609631721
17652 0.10534885755011003
17653 0.10535145413704794
17654 0.10535405072398583
17655 0.10535664731092377
17656 0.10535924389786167
17657 0.10536184048479957
17658 0.10536443707173745
17659 0.10536703365867538
17660 0.10536963024561331
17661 0.10537222683255122
17662 0.10537482341948912
17663 0.10537742000642704
17664 0.10538001659336493
17665 0.10538261318030283
17666 0.10538520976724076
17667 0.10538780635417867
17668 0.10539040294111658
17669 0.10539299952805448
17670 0.1053955961149924
17671 0.10539819270193031
17672 0.1054007892888682
17673 0.10540338587580611
17674 0.10540598246274402
17675 0.10540857904968193
17676 0.10541117563661984
17677 0.10541377222355774
17678 0.10541636881049564
17679 0.10541896539743355
17680 0.10542156198437147
17681 0.10542415857130938
17682 0.1054267551582473
17683 0.1054293517451852
17684 0.1054319483321231
17685 0.10543454491906101
17686 0.10543714150599891
17687 0.10543973809293683
17688 0.10544233467987474
17689 0.10544493126681265
17690 0.10544752785375056
17691 0.10545012444068848
17692 0.10545272102762637
17693 0.10545531761456428
17694 0.10545791420150219
17695 0.1054605107884401
17696 0.105463107375378
17697 0.10546570396231592
17698 0.10546830054925382
17699 0.10547089713619173
17700 0.10547349372312964
17701 0.10547609031006755
17702 0.10547868689700546
17703 0.10548128348394337
17704 0.10548388007088128
17705 0.10548647665781917
17706 0.10548907324475709
17707 0.105491669831695
17708 0.10549426641863292
17709 0.10549686300557082
17710 0.10549945959250873
17711 0.10550205617944663
17712 0.10550465276638454
17713 0.10550724935332245
17714 0.10550984594026036
17715 0.10551244252719827
17716 0.10551503911413618
17717 0.10551763570107409
17718 0.105520232288012
17719 0.1055228288749499
17720 0.1055254254618878
17721 0.1055280220488257
17722 0.10553061863576363
17723 0.10553321522270155
17724 0.10553581180963945
17725 0.10553840839657735
17726 0.10554100498351526
17727 0.10554360157045317
17728 0.10554619815739108
17729 0.10554879474432897
17730 0.10555139133126691
17731 0.10555398791820482
17732 0.10555658450514269
17733 0.10555918109208061
17734 0.10556177767901852
17735 0.10556437426595643
17736 0.10556697085289433
17737 0.10556956743983224
17738 0.10557216402677015
17739 0.10557476061370806
17740 0.105577357200646
17741 0.10557995378758388
17742 0.10558255037452177
17743 0.1055851469614597
17744 0.1055877435483976
17745 0.10559034013533551
17746 0.10559293672227342
17747 0.10559553330921134
17748 0.10559812989614925
17749 0.10560072648308715
17750 0.10560332307002507
17751 0.10560591965696298
17752 0.10560851624390087
17753 0.10561111283083877
17754 0.10561370941777669
17755 0.1056163060047146
17756 0.1056189025916525
17757 0.1056214991785904
17758 0.10562409576552831
17759 0.10562669235246623
17760 0.10562928893940415
17761 0.10563188552634205
17762 0.10563448211327996
17763 0.10563707870021787
17764 0.10563967528715575
17765 0.10564227187409368
17766 0.10564486846103159
17767 0.1056474650479695
17768 0.10565006163490741
17769 0.10565265822184532
17770 0.10565525480878322
17771 0.10565785139572115
17772 0.10566044798265904
17773 0.10566304456959695
17774 0.10566564115653485
17775 0.10566823774347275
17776 0.10567083433041068
17777 0.10567343091734858
17778 0.1056760275042865
17779 0.10567862409122439
17780 0.10568122067816231
17781 0.1056838172651002
17782 0.10568641385203813
17783 0.10568901043897604
17784 0.10569160702591393
17785 0.10569420361285187
17786 0.10569680019978976
17787 0.10569939678672768
17788 0.10570199337366558
17789 0.10570458996060351
17790 0.10570718654754141
17791 0.1057097831344793
17792 0.10571237972141723
17793 0.10571497630835511
17794 0.10571757289529306
17795 0.10572016948223094
17796 0.10572276606916885
17797 0.10572536265610674
17798 0.10572795924304468
17799 0.10573055582998259
17800 0.10573315241692048
17801 0.10573574900385839
17802 0.1057383455907963
17803 0.10574094217773422
17804 0.10574353876467212
17805 0.10574613535161002
17806 0.10574873193854793
17807 0.10575132852548584
17808 0.10575392511242375
17809 0.10575652169936166
17810 0.10575911828629957
17811 0.10576171487323745
17812 0.10576431146017537
17813 0.10576690804711326
17814 0.1057695046340512
17815 0.10577210122098911
17816 0.10577469780792702
17817 0.10577729439486494
17818 0.10577989098180283
17819 0.10578248756874073
17820 0.10578508415567865
17821 0.10578768074261657
17822 0.10579027732955447
17823 0.10579287391649236
17824 0.10579547050343029
17825 0.10579806709036821
17826 0.10580066367730612
17827 0.10580326026424401
17828 0.10580585685118192
17829 0.10580845343811986
17830 0.10581105002505774
17831 0.10581364661199566
17832 0.10581624319893355
17833 0.10581883978587146
17834 0.10582143637280936
17835 0.10582403295974731
17836 0.10582662954668519
17837 0.1058292261336231
17838 0.10583182272056099
17839 0.10583441930749893
17840 0.10583701589443681
17841 0.10583961248137473
17842 0.10584220906831264
17843 0.10584480565525056
17844 0.10584740224218846
17845 0.10584999882912637
17846 0.10585259541606427
17847 0.10585519200300218
17848 0.10585778858994008
17849 0.10586038517687801
17850 0.10586298176381591
17851 0.1058655783507538
17852 0.10586817493769173
17853 0.10587077152462962
17854 0.10587336811156753
17855 0.10587596469850546
17856 0.10587856128544336
17857 0.10588115787238125
17858 0.10588375445931918
17859 0.10588635104625709
17860 0.10588894763319498
17861 0.10589154422013289
17862 0.10589414080707081
17863 0.10589673739400872
17864 0.10589933398094663
17865 0.10590193056788455
17866 0.10590452715482244
17867 0.10590712374176035
17868 0.10590972032869828
17869 0.10591231691563617
17870 0.10591491350257408
17871 0.10591751008951199
17872 0.1059201066764499
17873 0.1059227032633878
17874 0.10592529985032571
17875 0.10592789643726364
17876 0.10593049302420153
17877 0.10593308961113944
17878 0.10593568619807735
17879 0.10593828278501526
17880 0.10594087937195315
17881 0.10594347595889105
17882 0.10594607254582898
17883 0.10594866913276689
17884 0.10595126571970481
17885 0.10595386230664271
17886 0.1059564588935806
17887 0.10595905548051852
17888 0.10596165206745645
17889 0.10596424865439434
17890 0.10596684524133224
17891 0.10596944182827016
17892 0.10597203841520807
17893 0.10597463500214599
17894 0.10597723158908387
17895 0.10597982817602179
17896 0.1059824247629597
17897 0.10598502134989762
17898 0.10598761793683552
17899 0.10599021452377344
17900 0.10599281111071134
17901 0.10599540769764923
17902 0.10599800428458718
17903 0.10600060087152506
17904 0.10600319745846294
17905 0.10600579404540086
17906 0.10600839063233879
17907 0.10601098721927668
17908 0.1060135838062146
17909 0.10601618039315251
17910 0.10601877698009039
17911 0.10602137356702833
17912 0.10602397015396625
17913 0.10602656674090415
17914 0.10602916332784205
17915 0.10603175991477996
17916 0.10603435650171786
17917 0.10603695308865578
17918 0.10603954967559369
17919 0.10604214626253158
17920 0.1060447428494695
17921 0.10604733943640741
17922 0.10604993602334532
17923 0.10605253261028325
17924 0.10605512919722114
17925 0.10605772578415905
17926 0.10606032237109696
17927 0.10606291895803487
17928 0.10606551554497277
17929 0.10606811213191067
17930 0.1060707087188486
17931 0.1060733053057865
17932 0.10607590189272441
17933 0.10607849847966232
17934 0.10608109506660023
17935 0.10608369165353816
17936 0.10608628824047604
17937 0.10608888482741395
17938 0.10609148141435186
17939 0.10609407800128975
17940 0.10609667458822768
17941 0.10609927117516556
17942 0.1061018677621035
17943 0.1061044643490414
17944 0.1061070609359793
17945 0.10610965752291725
17946 0.10611225410985511
17947 0.10611485069679304
17948 0.10611744728373095
17949 0.10612004387066884
17950 0.10612264045760676
17951 0.10612523704454467
17952 0.10612783363148258
17953 0.1061304302184205
17954 0.10613302680535838
17955 0.10613562339229633
17956 0.10613821997923421
17957 0.10614081656617212
17958 0.10614341315311003
17959 0.10614600974004795
17960 0.10614860632698585
17961 0.10615120291392376
17962 0.10615379950086166
17963 0.1061563960877996
17964 0.10615899267473747
17965 0.1061615892616754
17966 0.1061641858486133
17967 0.10616678243555121
17968 0.10616937902248912
17969 0.10617197560942702
17970 0.10617457219636493
17971 0.10617716878330284
17972 0.10617976537024076
17973 0.10618236195717867
17974 0.10618495854411657
17975 0.10618755513105448
17976 0.10619015171799238
17977 0.10619274830493029
17978 0.10619534489186822
17979 0.10619794147880612
17980 0.10620053806574403
17981 0.10620313465268193
17982 0.10620573123961982
17983 0.10620832782655774
17984 0.10621092441349565
17985 0.10621352100043358
17986 0.10621611758737146
17987 0.10621871417430935
17988 0.10622131076124729
17989 0.1062239073481852
17990 0.1062265039351231
17991 0.10622910052206101
17992 0.1062316971089989
17993 0.10623429369593683
17994 0.10623689028287474
17995 0.10623948686981263
17996 0.10624208345675057
17997 0.10624468004368848
17998 0.10624727663062639
17999 0.10624987321756428
18000 0.10625246980450218
18001 0.1062550663914401
18002 0.10625766297837802
18003 0.10626025956531593
18004 0.10626285615225381
18005 0.10626545273919173
18006 0.10626804932612964
18007 0.10627064591306755
18008 0.10627324250000546
18009 0.10627583908694337
18010 0.10627843567388127
18011 0.10628103226081918
18012 0.10628362884775708
18013 0.106286225434695
18014 0.10628882202163291
18015 0.10629141860857082
18016 0.10629401519550875
18017 0.10629661178244665
18018 0.10629920836938452
18019 0.10630180495632245
18020 0.10630440154326035
18021 0.10630699813019827
18022 0.10630959471713618
18023 0.1063121913040741
18024 0.10631478789101201
18025 0.1063173844779499
18026 0.10631998106488783
18027 0.10632257765182572
18028 0.10632517423876361
18029 0.10632777082570154
18030 0.10633036741263946
18031 0.10633296399957735
18032 0.10633556058651526
18033 0.10633815717345318
18034 0.10634075376039108
18035 0.10634335034732899
18036 0.1063459469342669
18037 0.10634854352120482
18038 0.10635114010814271
18039 0.10635373669508062
18040 0.10635633328201853
18041 0.10635892986895643
18042 0.10636152645589436
18043 0.10636412304283226
18044 0.10636671962977017
18045 0.10636931621670807
18046 0.10637191280364597
18047 0.10637450939058389
18048 0.1063771059775218
18049 0.10637970256445968
18050 0.10638229915139762
18051 0.10638489573833551
18052 0.10638749232527342
18053 0.10639008891221133
18054 0.10639268549914922
18055 0.10639528208608715
18056 0.10639787867302505
18057 0.10640047525996293
18058 0.10640307184690088
18059 0.10640566843383878
18060 0.10640826502077667
18061 0.10641086160771458
18062 0.10641345819465252
18063 0.10641605478159041
18064 0.10641865136852832
18065 0.10642124795546623
18066 0.10642384454240413
18067 0.10642644112934205
18068 0.10642903771627996
18069 0.10643163430321785
18070 0.10643423089015579
18071 0.10643682747709368
18072 0.10643942406403159
18073 0.1064420206509695
18074 0.10644461723790741
18075 0.10644721382484533
18076 0.10644981041178322
18077 0.10645240699872112
18078 0.10645500358565903
18079 0.10645760017259695
18080 0.10646019675953486
18081 0.10646279334647275
18082 0.10646538993341068
18083 0.10646798652034858
18084 0.10647058310728649
18085 0.1064731796942244
18086 0.1064757762811623
18087 0.1064783728681002
18088 0.10648096945503813
18089 0.10648356604197602
18090 0.10648616262891394
18091 0.10648875921585185
18092 0.10649135580278977
18093 0.10649395238972767
18094 0.10649654897666559
18095 0.10649914556360349
18096 0.10650174215054141
18097 0.1065043387374793
18098 0.10650693532441724
18099 0.10650953191135511
18100 0.10651212849829303
18101 0.10651472508523092
18102 0.10651732167216883
18103 0.10651991825910676
18104 0.10652251484604466
18105 0.10652511143298257
18106 0.10652770801992048
18107 0.1065303046068584
18108 0.1065329011937963
18109 0.10653549778073422
18110 0.10653809436767211
18111 0.10654069095461002
18112 0.1065432875415479
18113 0.10654588412848584
18114 0.10654848071542375
18115 0.10655107730236164
18116 0.10655367388929958
18117 0.10655627047623749
18118 0.10655886706317538
18119 0.10656146365011329
18120 0.1065640602370512
18121 0.1065666568239891
18122 0.10656925341092702
18123 0.10657184999786493
18124 0.10657444658480283
18125 0.10657704317174073
18126 0.10657963975867865
18127 0.10658223634561655
18128 0.1065848329325545
18129 0.10658742951949238
18130 0.10659002610643029
18131 0.10659262269336818
18132 0.10659521928030613
18133 0.10659781586724404
18134 0.1066004124541819
18135 0.10660300904111983
18136 0.10660560562805774
18137 0.10660820221499565
18138 0.10661079880193355
18139 0.10661339538887146
18140 0.10661599197580937
18141 0.10661858856274728
18142 0.1066211851496852
18143 0.10662378173662308
18144 0.10662637832356099
18145 0.10662897491049891
18146 0.10663157149743682
18147 0.10663416808437472
18148 0.10663676467131265
18149 0.10663936125825055
18150 0.10664195784518846
18151 0.10664455443212638
18152 0.10664715101906426
18153 0.10664974760600218
18154 0.10665234419294009
18155 0.106654940779878
18156 0.10665753736681592
18157 0.10666013395375383
18158 0.10666273054069171
18159 0.10666532712762963
18160 0.10666792371456754
18161 0.10667052030150546
18162 0.10667311688844336
18163 0.10667571347538127
18164 0.10667831006231918
18165 0.1066809066492571
18166 0.106683503236195
18167 0.1066860998231329
18168 0.10668869641007081
18169 0.10669129299700873
18170 0.1066938895839466
18171 0.10669648617088451
18172 0.10669908275782244
18173 0.10670167934476037
18174 0.10670427593169826
18175 0.10670687251863616
18176 0.10670946910557409
18177 0.10671206569251199
18178 0.10671466227944988
18179 0.10671725886638782
18180 0.10671985545332571
18181 0.10672245204026362
18182 0.10672504862720153
18183 0.10672764521413945
18184 0.10673024180107736
18185 0.10673283838801524
18186 0.10673543497495316
18187 0.10673803156189107
18188 0.10674062814882898
18189 0.10674322473576688
18190 0.10674582132270478
18191 0.10674841790964273
18192 0.10675101449658062
18193 0.10675361108351851
18194 0.10675620767045643
18195 0.10675880425739435
18196 0.10676140084433225
18197 0.10676399743127016
18198 0.10676659401820807
18199 0.10676919060514597
18200 0.10677178719208388
18201 0.10677438377902179
18202 0.1067769803659597
18203 0.1067795769528976
18204 0.10678217353983552
18205 0.10678477012677343
18206 0.10678736671371133
18207 0.10678996330064923
18208 0.10679255988758714
18209 0.10679515647452506
18210 0.10679775306146295
18211 0.10680034964840089
18212 0.10680294623533877
18213 0.1068055428222767
18214 0.1068081394092146
18215 0.10681073599615251
18216 0.10681333258309042
18217 0.1068159291700283
18218 0.10681852575696625
18219 0.10682112234390416
18220 0.10682371893084204
18221 0.10682631551777998
18222 0.10682891210471786
18223 0.10683150869165578
18224 0.10683410527859367
18225 0.10683670186553158
18226 0.10683929845246948
18227 0.10684189503940743
18228 0.10684449162634532
18229 0.10684708821328323
18230 0.10684968480022111
18231 0.10685228138715902
18232 0.10685487797409696
18233 0.10685747456103487
18234 0.10686007114797277
18235 0.1068626677349107
18236 0.10686526432184859
18237 0.1068678609087865
18238 0.10687045749572441
18239 0.1068730540826623
18240 0.10687565066960021
18241 0.10687824725653813
18242 0.10688084384347604
18243 0.10688344043041395
18244 0.10688603701735186
18245 0.10688863360428977
18246 0.10689123019122768
18247 0.10689382677816558
18248 0.10689642336510348
18249 0.1068990199520414
18250 0.10690161653897928
18251 0.10690421312591723
18252 0.10690680971285513
18253 0.10690940629979304
18254 0.10691200288673094
18255 0.10691459947366887
18256 0.10691719606060676
18257 0.10691979264754467
18258 0.10692238923448258
18259 0.10692498582142047
18260 0.1069275824083584
18261 0.10693017899529629
18262 0.10693277558223423
18263 0.10693537216917214
18264 0.10693796875611003
18265 0.10694056534304791
18266 0.10694316192998583
18267 0.10694575851692376
