1 0.60550000 0.58733333 0.62366667
2 0.60550000 0.58733333 0.62366667
3 0.60550000 0.58733333 0.62366667
4 0.00000000 0.00000000 0.00000000
5 0.69000000 0.67800000 0.70200000
6 1.15583333 1.14166667 1.17000000
7 1.62166667 1.60533333 1.63800000
8 2.08750000 2.06900000 2.10600000
9 2.55333333 2.53266667 2.57400000
10 3.01916667 2.99633333 3.04200000
11 3.48500000 3.46000000 3.51000000
12 3.94428571 3.91714286 3.97142857
13 4.40357143 4.37428571 4.43285714
14 4.86285714 4.83142857 4.89428571
15 5.32214286 5.28857143 5.35571429
16 5.78142857 5.74571429 5.81714286
17 6.24071429 6.20285714 6.27857143
18 6.70000000 6.66000000 6.74000000
19 7.15785714 7.11714286 7.19857143
20 7.61571429 7.57428571 7.65714286
21 8.07357143 8.03142857 8.11571429
22 8.53142857 8.48857143 8.57428571
23 8.98928571 8.94571429 9.03285714
24 9.44714286 9.40285714 9.49142857
25 9.90500000 9.86000000 9.95000000
26 10.36550000 10.31700000 10.41400000
27 10.82600000 10.77400000 10.87800000
28 11.28650000 11.23100000 11.34200000
29 11.74700000 11.68800000 11.80600000
30 12.20750000 12.14500000 12.27000000
31 12.66800000 12.60200000 12.73400000
32 13.12850000 13.05900000 13.19800000
33 13.58900000 13.51600000 13.66200000
34 14.04950000 13.97300000 14.12600000
35 14.51000000 14.43000000 14.59000000
36 14.99532258 14.91354839 15.07709677
37 15.48064516 15.39709677 15.56419355
38 15.96596774 15.88064516 16.05129032
39 16.45129032 16.36419355 16.53838710
40 16.93661290 16.84774194 17.02548387
41 17.42193548 17.33129032 17.51258065
42 17.90725806 17.81483871 17.99967742
43 18.39258065 18.29838710 18.48677419
44 18.87790323 18.78193548 18.97387097
45 19.36322581 19.26548387 19.46096774
46 19.84854839 19.74903226 19.94806452
47 20.33387097 20.23258065 20.43516129
48 20.81919355 20.71612903 20.92225806
49 21.30451613 21.19967742 21.40935484
50 21.78983871 21.68322581 21.89645161
51 22.27516129 22.16677419 22.38354839
52 22.76048387 22.65032258 22.87064516
53 23.24580645 23.13387097 23.35774194
54 23.73112903 23.61741935 23.84483871
55 24.21645161 24.10096774 24.33193548
56 24.70177419 24.58451613 24.81903226
57 25.18709677 25.06806452 25.30612903
58 25.67241935 25.55161290 25.79322581
59 26.15774194 26.03516129 26.28032258
60 26.64306452 26.51870968 26.76741935
61 27.12838710 27.00225806 27.25451613
62 27.61370968 27.48580645 27.74161290
63 28.09903226 27.96935484 28.22870968
64 28.58435484 28.45290323 28.71580645
65 29.06967742 28.93645161 29.20290323
66 29.55500000 29.42000000 29.69000000
67 30.03216667 29.89400000 30.17033333
68 30.50933333 30.36800000 30.65066667
69 30.98650000 30.84200000 31.13100000
70 31.46366667 31.31600000 31.61133333
71 31.94083333 31.79000000 32.09166667
72 32.41800000 32.26400000 32.57200000
73 32.89516667 32.73800000 33.05233333
74 33.37233333 33.21200000 33.53266667
75 33.84950000 33.68600000 34.01300000
76 34.32666667 34.16000000 34.49333333
77 34.80383333 34.63400000 34.97366667
78 35.28100000 35.10800000 35.45400000
79 35.75816667 35.58200000 35.93433333
80 36.23533333 36.05600000 36.41466667
81 36.71250000 36.53000000 36.89500000
82 37.18966667 37.00400000 37.37533333
83 37.66683333 37.47800000 37.85566667
84 38.14400000 37.95200000 38.33600000
85 38.62116667 38.42600000 38.81633333
86 39.09833333 38.90000000 39.29666667
87 39.57550000 39.37400000 39.77700000
88 40.05266667 39.84800000 40.25733333
89 40.52983333 40.32200000 40.73766667
90 41.00700000 40.79600000 41.21800000
91 41.48416667 41.27000000 41.69833333
92 41.96133333 41.74400000 42.17866667
93 42.43850000 42.21800000 42.65900000
94 42.91566667 42.69200000 43.13933333
95 43.39283333 43.16600000 43.61966667
96 43.87000000 43.64000000 44.10000000
97 44.34516667 44.11066667 44.57966667
98 44.82033333 44.58133333 45.05933333
99 45.29550000 45.05200000 45.53900000
100 45.77066667 45.52266667 46.01866667
101 46.24583333 45.99333333 46.49833333
102 46.72100000 46.46400000 46.97800000
103 47.19616667 46.93466667 47.45766667
104 47.67133333 47.40533333 47.93733333
105 48.14650000 47.87600000 48.41700000
106 48.62166667 48.34666667 48.89666667
107 49.09683333 48.81733333 49.37633333
108 49.57200000 49.28800000 49.85600000
109 50.04716667 49.75866667 50.33566667
110 50.52233333 50.22933333 50.81533333
111 50.99750000 50.70000000 51.29500000
112 51.47266667 51.17066667 51.77466667
113 51.94783333 51.64133333 52.25433333
114 52.42300000 52.11200000 52.73400000
115 52.89816667 52.58266667 53.21366667
116 53.37333333 53.05333333 53.69333333
117 53.84850000 53.52400000 54.17300000
118 54.32366667 53.99466667 54.65266667
119 54.79883333 54.46533333 55.13233333
120 55.27400000 54.93600000 55.61200000
121 55.74916667 55.40666667 56.09166667
122 56.22433333 55.87733333 56.57133333
123 56.69950000 56.34800000 57.05100000
124 57.17466667 56.81866667 57.53066667
125 57.64983333 57.28933333 58.01033333
126 58.12500000 57.76000000 58.49000000
127 58.60758065 58.24129032 58.97387097
128 59.09016129 58.72258065 59.45774194
129 59.57274194 59.20387097 59.94161290
130 60.05532258 59.68516129 60.42548387
131 60.53790323 60.16645161 60.90935484
132 61.02048387 60.64774194 61.39322581
133 61.50306452 61.12903226 61.87709677
134 61.98564516 61.61032258 62.36096774
135 62.46822581 62.09161290 62.84483871
136 62.95080645 62.57290323 63.32870968
137 63.43338710 63.05419355 63.81258065
138 63.91596774 63.53548387 64.29645161
139 64.39854839 64.01677419 64.78032258
140 64.88112903 64.49806452 65.26419355
141 65.36370968 64.97935484 65.74806452
142 65.84629032 65.46064516 66.23193548
143 66.32887097 65.94193548 66.71580645
144 66.81145161 66.42322581 67.19967742
145 67.29403226 66.90451613 67.68354839
146 67.77661290 67.38580645 68.16741935
147 68.25919355 67.86709677 68.65129032
148 68.74177419 68.34838710 69.13516129
149 69.22435484 68.82967742 69.61903226
150 69.70693548 69.31096774 70.10290323
151 70.18951613 69.79225806 70.58677419
152 70.67209677 70.27354839 71.07064516
153 71.15467742 70.75483871 71.55451613
154 71.63725806 71.23612903 72.03838710
155 72.11983871 71.71741935 72.52225806
156 72.60241935 72.19870968 73.00612903
157 73.08500000 72.68000000 73.49000000
158 73.58290323 73.17387097 73.99193548
159 74.08080645 73.66774194 74.49387097
160 74.57870968 74.16161290 74.99580645
161 75.07661290 74.65548387 75.49774194
162 75.57451613 75.14935484 75.99967742
163 76.07241935 75.64322581 76.50161290
164 76.57032258 76.13709677 77.00354839
165 77.06822581 76.63096774 77.50548387
166 77.56612903 77.12483871 78.00741935
167 78.06403226 77.61870968 78.50935484
168 78.56193548 78.11258065 79.01129032
169 79.05983871 78.60645161 79.51322581
170 79.55774194 79.10032258 80.01516129
171 80.05564516 79.59419355 80.51709677
172 80.55354839 80.08806452 81.01903226
173 81.05145161 80.58193548 81.52096774
174 81.54935484 81.07580645 82.02290323
175 82.04725806 81.56967742 82.52483871
176 82.54516129 82.06354839 83.02677419
177 83.04306452 82.55741935 83.52870968
178 83.54096774 83.05129032 84.03064516
179 84.03887097 83.54516129 84.53258065
180 84.53677419 84.03903226 85.03451613
181 85.03467742 84.53290323 85.53645161
182 85.53258065 85.02677419 86.03838710
183 86.03048387 85.52064516 86.54032258
184 86.52838710 86.01451613 87.04225806
185 87.02629032 86.50838710 87.54419355
186 87.52419355 87.00225806 88.04612903
187 88.02209677 87.49612903 88.54806452
188 88.52000000 87.99000000 89.05000000
189 89.04482759 88.51172414 89.57793103
190 89.56965517 89.03344828 90.10586207
191 90.09448276 89.55517241 90.63379310
192 90.61931034 90.07689655 91.16172414
193 91.14413793 90.59862069 91.68965517
194 91.66896552 91.12034483 92.21758621
195 92.19379310 91.64206897 92.74551724
196 92.71862069 92.16379310 93.27344828
197 93.24344828 92.68551724 93.80137931
198 93.76827586 93.20724138 94.32931034
199 94.29310345 93.72896552 94.85724138
200 94.81793103 94.25068966 95.38517241
201 95.34275862 94.77241379 95.91310345
202 95.86758621 95.29413793 96.44103448
203 96.39241379 95.81586207 96.96896552
204 96.91724138 96.33758621 97.49689655
205 97.44206897 96.85931034 98.02482759
206 97.96689655 97.38103448 98.55275862
207 98.49172414 97.90275862 99.08068966
208 99.01655172 98.42448276 99.60862069
209 99.54137931 98.94620690 100.13655172
210 100.06620690 99.46793103 100.66448276
211 100.59103448 99.98965517 101.19241379
212 101.11586207 100.51137931 101.72034483
213 101.64068966 101.03310345 102.24827586
214 102.16551724 101.55482759 102.77620690
215 102.69034483 102.07655172 103.30413793
216 103.21517241 102.59827586 103.83206897
217 103.74000000 103.12000000 104.36000000
218 104.23928571 103.61500000 104.86357143
219 104.73857143 104.11000000 105.36714286
220 105.23785714 104.60500000 105.87071429
221 105.73714286 105.10000000 106.37428571
222 106.23642857 105.59500000 106.87785714
223 106.73571429 106.09000000 107.38142857
224 107.23500000 106.58500000 107.88500000
225 107.73428571 107.08000000 108.38857143
226 108.23357143 107.57500000 108.89214286
227 108.73285714 108.07000000 109.39571429
228 109.23214286 108.56500000 109.89928571
229 109.73142857 109.06000000 110.40285714
230 110.23071429 109.55500000 110.90642857
231 110.73000000 110.05000000 111.41000000
232 111.22928571 110.54500000 111.91357143
233 111.72857143 111.04000000 112.41714286
234 112.22785714 111.53500000 112.92071429
235 112.72714286 112.03000000 113.42428571
236 113.22642857 112.52500000 113.92785714
237 113.72571429 113.02000000 114.43142857
238 114.22500000 113.51500000 114.93500000
239 114.72428571 114.01000000 115.43857143
240 115.22357143 114.50500000 115.94214286
241 115.72285714 115.00000000 116.44571429
242 116.22214286 115.49500000 116.94928571
243 116.72142857 115.99000000 117.45285714
244 117.22071429 116.48500000 117.95642857
245 117.72000000 116.98000000 118.46000000
246 118.22015152 117.47696970 118.96333333
247 118.72030303 117.97393939 119.46666667
248 119.22045455 118.47090909 119.97000000
249 119.72060606 118.96787879 120.47333333
250 120.22075758 119.46484848 120.97666667
251 120.72090909 119.96181818 121.48000000
252 121.22106061 120.45878788 121.98333333
253 121.72121212 120.95575758 122.48666667
254 122.22136364 121.45272727 122.99000000
255 122.72151515 121.94969697 123.49333333
256 123.22166667 122.44666667 123.99666667
257 123.72181818 122.94363636 124.50000000
258 124.22196970 123.44060606 125.00333333
259 124.72212121 123.93757576 125.50666667
260 125.22227273 124.43454545 126.01000000
261 125.72242424 124.93151515 126.51333333
262 126.22257576 125.42848485 127.01666667
263 126.72272727 125.92545455 127.52000000
264 127.22287879 126.42242424 128.02333333
265 127.72303030 126.91939394 128.52666667
266 128.22318182 127.41636364 129.03000000
267 128.72333333 127.91333333 129.53333333
268 129.22348485 128.41030303 130.03666667
269 129.72363636 128.90727273 130.54000000
270 130.22378788 129.40424242 131.04333333
271 130.72393939 129.90121212 131.54666667
272 131.22409091 130.39818182 132.05000000
273 131.72424242 130.89515152 132.55333333
274 132.22439394 131.39212121 133.05666667
275 132.72454545 131.88909091 133.56000000
276 133.22469697 132.38606061 134.06333333
277 133.72484848 132.88303030 134.56666667
278 134.22500000 133.38000000 135.07000000
279 134.72750000 133.87666667 135.57833333
280 135.23000000 134.37333333 136.08666667
281 135.73250000 134.87000000 136.59500000
282 136.23500000 135.36666667 137.10333333
283 136.73750000 135.86333333 137.61166667
284 137.24000000 136.36000000 138.12000000
285 137.74250000 136.85666667 138.62833333
286 138.24500000 137.35333333 139.13666667
287 138.74750000 137.85000000 139.64500000
288 139.25000000 138.34666667 140.15333333
289 139.75250000 138.84333333 140.66166667
290 140.25500000 139.34000000 141.17000000
291 140.75750000 139.83666667 141.67833333
292 141.26000000 140.33333333 142.18666667
293 141.76250000 140.83000000 142.69500000
294 142.26500000 141.32666667 143.20333333
295 142.76750000 141.82333333 143.71166667
296 143.27000000 142.32000000 144.22000000
297 143.77250000 142.81666667 144.72833333
298 144.27500000 143.31333333 145.23666667
299 144.77750000 143.81000000 145.74500000
300 145.28000000 144.30666667 146.25333333
301 145.78250000 144.80333333 146.76166667
302 146.28500000 145.30000000 147.27000000
303 146.78750000 145.79666667 147.77833333
304 147.29000000 146.29333333 148.28666667
305 147.79250000 146.79000000 148.79500000
306 148.29500000 147.28666667 149.30333333
307 148.79750000 147.78333333 149.81166667
308 149.30000000 148.28000000 150.32000000
309 149.80160714 148.77785714 150.82535714
310 150.30321429 149.27571429 151.33071429
311 150.80482143 149.77357143 151.83607143
312 151.30642857 150.27142857 152.34142857
313 151.80803571 150.76928571 152.84678571
314 152.30964286 151.26714286 153.35214286
315 152.81125000 151.76500000 153.85750000
316 153.31285714 152.26285714 154.36285714
317 153.81446429 152.76071429 154.86821429
318 154.31607143 153.25857143 155.37357143
319 154.81767857 153.75642857 155.87892857
320 155.31928571 154.25428571 156.38428571
321 155.82089286 154.75214286 156.88964286
322 156.32250000 155.25000000 157.39500000
323 156.82410714 155.74785714 157.90035714
324 157.32571429 156.24571429 158.40571429
325 157.82732143 156.74357143 158.91107143
326 158.32892857 157.24142857 159.41642857
327 158.83053571 157.73928571 159.92178571
328 159.33214286 158.23714286 160.42714286
329 159.83375000 158.73500000 160.93250000
330 160.33535714 159.23285714 161.43785714
331 160.83696429 159.73071429 161.94321429
332 161.33857143 160.22857143 162.44857143
333 161.84017857 160.72642857 162.95392857
334 162.34178571 161.22428571 163.45928571
335 162.84339286 161.72214286 163.96464286
336 163.34500000 162.22000000 164.47000000
337 163.84530303 162.71757576 164.97303030
338 164.34560606 163.21515152 165.47606061
339 164.84590909 163.71272727 165.97909091
340 165.34621212 164.21030303 166.48212121
341 165.84651515 164.70787879 166.98515152
342 166.34681818 165.20545455 167.48818182
343 166.84712121 165.70303030 167.99121212
344 167.34742424 166.20060606 168.49424242
345 167.84772727 166.69818182 168.99727273
346 168.34803030 167.19575758 169.50030303
347 168.84833333 167.69333333 170.00333333
348 169.34863636 168.19090909 170.50636364
349 169.84893939 168.68848485 171.00939394
350 170.34924242 169.18606061 171.51242424
351 170.84954545 169.68363636 172.01545455
352 171.34984848 170.18121212 172.51848485
353 171.85015152 170.67878788 173.02151515
354 172.35045455 171.17636364 173.52454545
355 172.85075758 171.67393939 174.02757576
356 173.35106061 172.17151515 174.53060606
357 173.85136364 172.66909091 175.03363636
358 174.35166667 173.16666667 175.53666667
359 174.85196970 173.66424242 176.03969697
360 175.35227273 174.16181818 176.54272727
361 175.85257576 174.65939394 177.04575758
362 176.35287879 175.15696970 177.54878788
363 176.85318182 175.65454545 178.05181818
364 177.35348485 176.15212121 178.55484848
365 177.85378788 176.64969697 179.05787879
366 178.35409091 177.14727273 179.56090909
367 178.85439394 177.64484848 180.06393939
368 179.35469697 178.14242424 180.56696970
369 179.85500000 178.64000000 181.07000000
370 180.34353261 179.12271739 181.56434783
371 180.83206522 179.60543478 182.05869565
372 181.32059783 180.08815217 182.55304348
373 181.80913043 180.57086957 183.04739130
374 182.29766304 181.05358696 183.54173913
375 182.78619565 181.53630435 184.03608696
376 183.27472826 182.01902174 184.53043478
377 183.76326087 182.50173913 185.02478261
378 184.25179348 182.98445652 185.51913043
379 184.74032609 183.46717391 186.01347826
380 185.22885870 183.94989130 186.50782609
381 185.71739130 184.43260870 187.00217391
382 186.20592391 184.91532609 187.49652174
383 186.69445652 185.39804348 187.99086957
384 187.18298913 185.88076087 188.48521739
385 187.67152174 186.36347826 188.97956522
386 188.16005435 186.84619565 189.47391304
387 188.64858696 187.32891304 189.96826087
388 189.13711957 187.81163043 190.46260870
389 189.62565217 188.29434783 190.95695652
390 190.11418478 188.77706522 191.45130435
391 190.60271739 189.25978261 191.94565217
392 191.09125000 189.74250000 192.44000000
393 191.57978261 190.22521739 192.93434783
394 192.06831522 190.70793478 193.42869565
395 192.55684783 191.19065217 193.92304348
396 193.04538043 191.67336957 194.41739130
397 193.53391304 192.15608696 194.91173913
398 194.02244565 192.63880435 195.40608696
399 194.51097826 193.12152174 195.90043478
400 194.99951087 193.60423913 196.39478261
401 195.48804348 194.08695652 196.88913043
402 195.97657609 194.56967391 197.38347826
403 196.46510870 195.05239130 197.87782609
404 196.95364130 195.53510870 198.37217391
405 197.44217391 196.01782609 198.86652174
406 197.93070652 196.50054348 199.36086957
407 198.41923913 196.98326087 199.85521739
408 198.90777174 197.46597826 200.34956522
409 199.39630435 197.94869565 200.84391304
410 199.88483696 198.43141304 201.33826087
411 200.37336957 198.91413043 201.83260870
412 200.86190217 199.39684783 202.32695652
413 201.35043478 199.87956522 202.82130435
414 201.83896739 200.36228261 203.31565217
415 202.32750000 200.84500000 203.81000000
416 202.81603261 201.32771739 204.30434783
417 203.30456522 201.81043478 204.79869565
418 203.79309783 202.29315217 205.29304348
419 204.28163043 202.77586957 205.78739130
420 204.77016304 203.25858696 206.28173913
421 205.25869565 203.74130435 206.77608696
422 205.74722826 204.22402174 207.27043478
423 206.23576087 204.70673913 207.76478261
424 206.72429348 205.18945652 208.25913043
425 207.21282609 205.67217391 208.75347826
426 207.70135870 206.15489130 209.24782609
427 208.18989130 206.63760870 209.74217391
428 208.67842391 207.12032609 210.23652174
429 209.16695652 207.60304348 210.73086957
430 209.65548913 208.08576087 211.22521739
431 210.14402174 208.56847826 211.71956522
432 210.63255435 209.05119565 212.21391304
433 211.12108696 209.53391304 212.70826087
434 211.60961957 210.01663043 213.20260870
435 212.09815217 210.49934783 213.69695652
436 212.58668478 210.98206522 214.19130435
437 213.07521739 211.46478261 214.68565217
438 213.56375000 211.94750000 215.18000000
439 214.05228261 212.43021739 215.67434783
440 214.54081522 212.91293478 216.16869565
441 215.02934783 213.39565217 216.66304348
442 215.51788043 213.87836957 217.15739130
443 216.00641304 214.36108696 217.65173913
444 216.49494565 214.84380435 218.14608696
445 216.98347826 215.32652174 218.64043478
446 217.47201087 215.80923913 219.13478261
447 217.96054348 216.29195652 219.62913043
448 218.44907609 216.77467391 220.12347826
449 218.93760870 217.25739130 220.61782609
450 219.42614130 217.74010870 221.11217391
451 219.91467391 218.22282609 221.60652174
452 220.40320652 218.70554348 222.10086957
453 220.89173913 219.18826087 222.59521739
454 221.38027174 219.67097826 223.08956522
455 221.86880435 220.15369565 223.58391304
456 222.35733696 220.63641304 224.07826087
457 222.84586957 221.11913043 224.57260870
458 223.33440217 221.60184783 225.06695652
459 223.82293478 222.08456522 225.56130435
460 224.31146739 222.56728261 226.05565217
461 224.80000000 223.05000000 226.55000000
462 225.28576087 223.53271739 227.03880435
463 225.77152174 224.01543478 227.52760870
464 226.25728261 224.49815217 228.01641304
465 226.74304348 224.98086957 228.50521739
466 227.22880435 225.46358696 228.99402174
467 227.71456522 225.94630435 229.48282609
468 228.20032609 226.42902174 229.97163043
469 228.68608696 226.91173913 230.46043478
470 229.17184783 227.39445652 230.94923913
471 229.65760870 227.87717391 231.43804348
472 230.14336957 228.35989130 231.92684783
473 230.62913043 228.84260870 232.41565217
474 231.11489130 229.32532609 232.90445652
475 231.60065217 229.80804348 233.39326087
476 232.08641304 230.29076087 233.88206522
477 232.57217391 230.77347826 234.37086957
478 233.05793478 231.25619565 234.85967391
479 233.54369565 231.73891304 235.34847826
480 234.02945652 232.22163043 235.83728261
481 234.51521739 232.70434783 236.32608696
482 235.00097826 233.18706522 236.81489130
483 235.48673913 233.66978261 237.30369565
484 235.97250000 234.15250000 237.79250000
485 236.45826087 234.63521739 238.28130435
486 236.94402174 235.11793478 238.77010870
487 237.42978261 235.60065217 239.25891304
488 237.91554348 236.08336957 239.74771739
489 238.40130435 236.56608696 240.23652174
490 238.88706522 237.04880435 240.72532609
491 239.37282609 237.53152174 241.21413043
492 239.85858696 238.01423913 241.70293478
493 240.34434783 238.49695652 242.19173913
494 240.83010870 238.97967391 242.68054348
495 241.31586957 239.46239130 243.16934783
496 241.80163043 239.94510870 243.65815217
497 242.28739130 240.42782609 244.14695652
498 242.77315217 240.91054348 244.63576087
499 243.25891304 241.39326087 245.12456522
500 243.74467391 241.87597826 245.61336957
501 244.23043478 242.35869565 246.10217391
502 244.71619565 242.84141304 246.59097826
503 245.20195652 243.32413043 247.07978261
504 245.68771739 243.80684783 247.56858696
505 246.17347826 244.28956522 248.05739130
506 246.65923913 244.77228261 248.54619565
507 247.14500000 245.25500000 249.03500000
508 247.63076087 245.73771739 249.52380435
509 248.11652174 246.22043478 250.01260870
510 248.60228261 246.70315217 250.50141304
511 249.08804348 247.18586957 250.99021739
512 249.57380435 247.66858696 251.47902174
513 250.05956522 248.15130435 251.96782609
514 250.54532609 248.63402174 252.45663043
515 251.03108696 249.11673913 252.94543478
516 251.51684783 249.59945652 253.43423913
517 252.00260870 250.08217391 253.92304348
518 252.48836957 250.56489130 254.41184783
519 252.97413043 251.04760870 254.90065217
520 253.45989130 251.53032609 255.38945652
521 253.94565217 252.01304348 255.87826087
522 254.43141304 252.49576087 256.36706522
523 254.91717391 252.97847826 256.85586957
524 255.40293478 253.46119565 257.34467391
525 255.88869565 253.94391304 257.83347826
526 256.37445652 254.42663043 258.32228261
527 256.86021739 254.90934783 258.81108696
528 257.34597826 255.39206522 259.29989130
529 257.83173913 255.87478261 259.78869565
530 258.31750000 256.35750000 260.27750000
531 258.80326087 256.84021739 260.76630435
532 259.28902174 257.32293478 261.25510870
533 259.77478261 257.80565217 261.74391304
534 260.26054348 258.28836957 262.23271739
535 260.74630435 258.77108696 262.72152174
536 261.23206522 259.25380435 263.21032609
537 261.71782609 259.73652174 263.69913043
538 262.20358696 260.21923913 264.18793478
539 262.68934783 260.70195652 264.67673913
540 263.17510870 261.18467391 265.16554348
541 263.66086957 261.66739130 265.65434783
542 264.14663043 262.15010870 266.14315217
543 264.63239130 262.63282609 266.63195652
544 265.11815217 263.11554348 267.12076087
545 265.60391304 263.59826087 267.60956522
546 266.08967391 264.08097826 268.09836957
547 266.57543478 264.56369565 268.58717391
548 267.06119565 265.04641304 269.07597826
549 267.54695652 265.52913043 269.56478261
550 268.03271739 266.01184783 270.05358696
551 268.51847826 266.49456522 270.54239130
552 269.00423913 266.97728261 271.03119565
553 269.49000000 267.46000000 271.52000000
554 269.95934066 267.92978022 271.98890110
555 270.42868132 268.39956044 272.45780220
556 270.89802198 268.86934066 272.92670330
557 271.36736264 269.33912088 273.39560440
558 271.83670330 269.80890110 273.86450549
559 272.30604396 270.27868132 274.33340659
560 272.77538462 270.74846154 274.80230769
561 273.24472527 271.21824176 275.27120879
562 273.71406593 271.68802198 275.74010989
563 274.18340659 272.15780220 276.20901099
564 274.65274725 272.62758242 276.67791209
565 275.12208791 273.09736264 277.14681319
566 275.59142857 273.56714286 277.61571429
567 276.06076923 274.03692308 278.08461538
568 276.53010989 274.50670330 278.55351648
569 276.99945055 274.97648352 279.02241758
570 277.46879121 275.44626374 279.49131868
571 277.93813187 275.91604396 279.96021978
572 278.40747253 276.38582418 280.42912088
573 278.87681319 276.85560440 280.89802198
574 279.34615385 277.32538462 281.36692308
575 279.81549451 277.79516484 281.83582418
576 280.28483516 278.26494505 282.30472527
577 280.75417582 278.73472527 282.77362637
578 281.22351648 279.20450549 283.24252747
579 281.69285714 279.67428571 283.71142857
580 282.16219780 280.14406593 284.18032967
581 282.63153846 280.61384615 284.64923077
582 283.10087912 281.08362637 285.11813187
583 283.57021978 281.55340659 285.58703297
584 284.03956044 282.02318681 286.05593407
585 284.50890110 282.49296703 286.52483516
586 284.97824176 282.96274725 286.99373626
587 285.44758242 283.43252747 287.46263736
588 285.91692308 283.90230769 287.93153846
589 286.38626374 284.37208791 288.40043956
590 286.85560440 284.84186813 288.86934066
591 287.32494505 285.31164835 289.33824176
592 287.79428571 285.78142857 289.80714286
593 288.26362637 286.25120879 290.27604396
594 288.73296703 286.72098901 290.74494505
595 289.20230769 287.19076923 291.21384615
596 289.67164835 287.66054945 291.68274725
597 290.14098901 288.13032967 292.15164835
598 290.61032967 288.60010989 292.62054945
599 291.07967033 289.06989011 293.08945055
600 291.54901099 289.53967033 293.55835165
601 292.01835165 290.00945055 294.02725275
602 292.48769231 290.47923077 294.49615385
603 292.95703297 290.94901099 294.96505495
604 293.42637363 291.41879121 295.43395604
605 293.89571429 291.88857143 295.90285714
606 294.36505495 292.35835165 296.37175824
607 294.83439560 292.82813187 296.84065934
608 295.30373626 293.29791209 297.30956044
609 295.77307692 293.76769231 297.77846154
610 296.24241758 294.23747253 298.24736264
611 296.71175824 294.70725275 298.71626374
612 297.18109890 295.17703297 299.18516484
613 297.65043956 295.64681319 299.65406593
614 298.11978022 296.11659341 300.12296703
615 298.58912088 296.58637363 300.59186813
616 299.05846154 297.05615385 301.06076923
617 299.52780220 297.52593407 301.52967033
618 299.99714286 297.99571429 301.99857143
619 300.46648352 298.46549451 302.46747253
620 300.93582418 298.93527473 302.93637363
621 301.40516484 299.40505495 303.40527473
622 301.87450549 299.87483516 303.87417582
623 302.34384615 300.34461538 304.34307692
624 302.81318681 300.81439560 304.81197802
625 303.28252747 301.28417582 305.28087912
626 303.75186813 301.75395604 305.74978022
627 304.22120879 302.22373626 306.21868132
628 304.69054945 302.69351648 306.68758242
629 305.15989011 303.16329670 307.15648352
630 305.62923077 303.63307692 307.62538462
631 306.09857143 304.10285714 308.09428571
632 306.56791209 304.57263736 308.56318681
633 307.03725275 305.04241758 309.03208791
634 307.50659341 305.51219780 309.50098901
635 307.97593407 305.98197802 309.96989011
636 308.44527473 306.45175824 310.43879121
637 308.91461538 306.92153846 310.90769231
638 309.38395604 307.39131868 311.37659341
639 309.85329670 307.86109890 311.84549451
640 310.32263736 308.33087912 312.31439560
641 310.79197802 308.80065934 312.78329670
642 311.26131868 309.27043956 313.25219780
643 311.73065934 309.74021978 313.72109890
644 312.20000000 310.21000000 314.19000000
645 312.66598901 310.66494505 314.66703297
646 313.13197802 311.11989011 315.14406593
647 313.59796703 311.57483516 315.62109890
648 314.06395604 312.02978022 316.09813187
649 314.52994505 312.48472527 316.57516484
650 314.99593407 312.93967033 317.05219780
651 315.46192308 313.39461538 317.52923077
652 315.92791209 313.84956044 318.00626374
653 316.39390110 314.30450549 318.48329670
654 316.85989011 314.75945055 318.96032967
655 317.32587912 315.21439560 319.43736264
656 317.79186813 315.66934066 319.91439560
657 318.25785714 316.12428571 320.39142857
658 318.72384615 316.57923077 320.86846154
659 319.18983516 317.03417582 321.34549451
660 319.65582418 317.48912088 321.82252747
661 320.12181319 317.94406593 322.29956044
662 320.58780220 318.39901099 322.77659341
663 321.05379121 318.85395604 323.25362637
664 321.51978022 319.30890110 323.73065934
665 321.98576923 319.76384615 324.20769231
666 322.45175824 320.21879121 324.68472527
667 322.91774725 320.67373626 325.16175824
668 323.38373626 321.12868132 325.63879121
669 323.84972527 321.58362637 326.11582418
670 324.31571429 322.03857143 326.59285714
671 324.78170330 322.49351648 327.06989011
672 325.24769231 322.94846154 327.54692308
673 325.71368132 323.40340659 328.02395604
674 326.17967033 323.85835165 328.50098901
675 326.64565934 324.31329670 328.97802198
676 327.11164835 324.76824176 329.45505495
677 327.57763736 325.22318681 329.93208791
678 328.04362637 325.67813187 330.40912088
679 328.50961538 326.13307692 330.88615385
680 328.97560440 326.58802198 331.36318681
681 329.44159341 327.04296703 331.84021978
682 329.90758242 327.49791209 332.31725275
683 330.37357143 327.95285714 332.79428571
684 330.83956044 328.40780220 333.27131868
685 331.30554945 328.86274725 333.74835165
686 331.77153846 329.31769231 334.22538462
687 332.23752747 329.77263736 334.70241758
688 332.70351648 330.22758242 335.17945055
689 333.16950549 330.68252747 335.65648352
690 333.63549451 331.13747253 336.13351648
691 334.10148352 331.59241758 336.61054945
692 334.56747253 332.04736264 337.08758242
693 335.03346154 332.50230769 337.56461538
694 335.49945055 332.95725275 338.04164835
695 335.96543956 333.41219780 338.51868132
696 336.43142857 333.86714286 338.99571429
697 336.89741758 334.32208791 339.47274725
698 337.36340659 334.77703297 339.94978022
699 337.82939560 335.23197802 340.42681319
700 338.29538462 335.68692308 340.90384615
701 338.76137363 336.14186813 341.38087912
702 339.22736264 336.59681319 341.85791209
703 339.69335165 337.05175824 342.33494505
704 340.15934066 337.50670330 342.81197802
705 340.62532967 337.96164835 343.28901099
706 341.09131868 338.41659341 343.76604396
707 341.55730769 338.87153846 344.24307692
708 342.02329670 339.32648352 344.72010989
709 342.48928571 339.78142857 345.19714286
710 342.95527473 340.23637363 345.67417582
711 343.42126374 340.69131868 346.15120879
712 343.88725275 341.14626374 346.62824176
713 344.35324176 341.60120879 347.10527473
714 344.81923077 342.05615385 347.58230769
715 345.28521978 342.51109890 348.05934066
716 345.75120879 342.96604396 348.53637363
717 346.21719780 343.42098901 349.01340659
718 346.68318681 343.87593407 349.49043956
719 347.14917582 344.33087912 349.96747253
720 347.61516484 344.78582418 350.44450549
721 348.08115385 345.24076923 350.92153846
722 348.54714286 345.69571429 351.39857143
723 349.01313187 346.15065934 351.87560440
724 349.47912088 346.60560440 352.35263736
725 349.94510989 347.06054945 352.82967033
726 350.41109890 347.51549451 353.30670330
727 350.87708791 347.97043956 353.78373626
728 351.34307692 348.42538462 354.26076923
729 351.80906593 348.88032967 354.73780220
730 352.27505495 349.33527473 355.21483516
731 352.74104396 349.79021978 355.69186813
732 353.20703297 350.24516484 356.16890110
733 353.67302198 350.70010989 356.64593407
734 354.13901099 351.15505495 357.12296703
735 354.60500000 351.61000000 357.60000000
736 355.04023352 352.04263736 358.03782967
737 355.47546703 352.47527473 358.47565934
738 355.91070055 352.90791209 358.91348901
739 356.34593407 353.34054945 359.35131868
740 356.78116758 353.77318681 359.78914835
741 357.21640110 354.20582418 360.22697802
742 357.65163462 354.63846154 360.66480769
743 358.08686813 355.07109890 361.10263736
744 358.52210165 355.50373626 361.54046703
745 358.95733516 355.93637363 361.97829670
746 359.39256868 356.36901099 362.41612637
747 359.82780220 356.80164835 362.85395604
748 360.26303571 357.23428571 363.29178571
749 360.69826923 357.66692308 363.72961538
750 361.13350275 358.09956044 364.16744505
751 361.56873626 358.53219780 364.60527473
752 362.00396978 358.96483516 365.04310440
753 362.43920330 359.39747253 365.48093407
754 362.87443681 359.83010989 365.91876374
755 363.30967033 360.26274725 366.35659341
756 363.74490385 360.69538462 366.79442308
757 364.18013736 361.12802198 367.23225275
758 364.61537088 361.56065934 367.67008242
759 365.05060440 361.99329670 368.10791209
760 365.48583791 362.42593407 368.54574176
761 365.92107143 362.85857143 368.98357143
762 366.35630495 363.29120879 369.42140110
763 366.79153846 363.72384615 369.85923077
764 367.22677198 364.15648352 370.29706044
765 367.66200549 364.58912088 370.73489011
766 368.09723901 365.02175824 371.17271978
767 368.53247253 365.45439560 371.61054945
768 368.96770604 365.88703297 372.04837912
769 369.40293956 366.31967033 372.48620879
770 369.83817308 366.75230769 372.92403846
771 370.27340659 367.18494505 373.36186813
772 370.70864011 367.61758242 373.79969780
773 371.14387363 368.05021978 374.23752747
774 371.57910714 368.48285714 374.67535714
775 372.01434066 368.91549451 375.11318681
776 372.44957418 369.34813187 375.55101648
777 372.88480769 369.78076923 375.98884615
778 373.32004121 370.21340659 376.42667582
779 373.75527473 370.64604396 376.86450549
780 374.19050824 371.07868132 377.30233516
781 374.62574176 371.51131868 377.74016484
782 375.06097527 371.94395604 378.17799451
783 375.49620879 372.37659341 378.61582418
784 375.93144231 372.80923077 379.05365385
785 376.36667582 373.24186813 379.49148352
786 376.80190934 373.67450549 379.92931319
787 377.23714286 374.10714286 380.36714286
788 377.67237637 374.53978022 380.80497253
789 378.10760989 374.97241758 381.24280220
790 378.54284341 375.40505495 381.68063187
791 378.97807692 375.83769231 382.11846154
792 379.41331044 376.27032967 382.55629121
793 379.84854396 376.70296703 382.99412088
794 380.28377747 377.13560440 383.43195055
795 380.71901099 377.56824176 383.86978022
796 381.15424451 378.00087912 384.30760989
797 381.58947802 378.43351648 384.74543956
798 382.02471154 378.86615385 385.18326923
799 382.45994505 379.29879121 385.62109890
800 382.89517857 379.73142857 386.05892857
801 383.33041209 380.16406593 386.49675824
802 383.76564560 380.59670330 386.93458791
803 384.20087912 381.02934066 387.37241758
804 384.63611264 381.46197802 387.81024725
805 385.07134615 381.89461538 388.24807692
806 385.50657967 382.32725275 388.68590659
807 385.94181319 382.75989011 389.12373626
808 386.37704670 383.19252747 389.56156593
809 386.81228022 383.62516484 389.99939560
810 387.24751374 384.05780220 390.43722527
811 387.68274725 384.49043956 390.87505495
812 388.11798077 384.92307692 391.31288462
813 388.55321429 385.35571429 391.75071429
814 388.98844780 385.78835165 392.18854396
815 389.42368132 386.22098901 392.62637363
816 389.85891484 386.65362637 393.06420330
817 390.29414835 387.08626374 393.50203297
818 390.72938187 387.51890110 393.93986264
819 391.16461538 387.95153846 394.37769231
820 391.59984890 388.38417582 394.81552198
821 392.03508242 388.81681319 395.25335165
822 392.47031593 389.24945055 395.69118132
823 392.90554945 389.68208791 396.12901099
824 393.34078297 390.11472527 396.56684066
825 393.77601648 390.54736264 397.00467033
826 394.21125000 390.98000000 397.44250000
827 394.64648352 391.41263736 397.88032967
828 395.08171703 391.84527473 398.31815934
829 395.51695055 392.27791209 398.75598901
830 395.95218407 392.71054945 399.19381868
831 396.38741758 393.14318681 399.63164835
832 396.82265110 393.57582418 400.06947802
833 397.25788462 394.00846154 400.50730769
834 397.69311813 394.44109890 400.94513736
835 398.12835165 394.87373626 401.38296703
836 398.56358516 395.30637363 401.82079670
837 398.99881868 395.73901099 402.25862637
838 399.43405220 396.17164835 402.69645604
839 399.86928571 396.60428571 403.13428571
840 400.30451923 397.03692308 403.57211538
841 400.73975275 397.46956044 404.00994505
842 401.17498626 397.90219780 404.44777473
843 401.61021978 398.33483516 404.88560440
844 402.04545330 398.76747253 405.32343407
845 402.48068681 399.20010989 405.76126374
846 402.91592033 399.63274725 406.19909341
847 403.35115385 400.06538462 406.63692308
848 403.78638736 400.49802198 407.07475275
849 404.22162088 400.93065934 407.51258242
850 404.65685440 401.36329670 407.95041209
851 405.09208791 401.79593407 408.38824176
852 405.52732143 402.22857143 408.82607143
853 405.96255495 402.66120879 409.26390110
854 406.39778846 403.09384615 409.70173077
855 406.83302198 403.52648352 410.13956044
856 407.26825549 403.95912088 410.57739011
857 407.70348901 404.39175824 411.01521978
858 408.13872253 404.82439560 411.45304945
859 408.57395604 405.25703297 411.89087912
860 409.00918956 405.68967033 412.32870879
861 409.44442308 406.12230769 412.76653846
862 409.87965659 406.55494505 413.20436813
863 410.31489011 406.98758242 413.64219780
864 410.75012363 407.42021978 414.08002747
865 411.18535714 407.85285714 414.51785714
866 411.62059066 408.28549451 414.95568681
867 412.05582418 408.71813187 415.39351648
868 412.49105769 409.15076923 415.83134615
869 412.92629121 409.58340659 416.26917582
870 413.36152473 410.01604396 416.70700549
871 413.79675824 410.44868132 417.14483516
872 414.23199176 410.88131868 417.58266484
873 414.66722527 411.31395604 418.02049451
874 415.10245879 411.74659341 418.45832418
875 415.53769231 412.17923077 418.89615385
876 415.97292582 412.61186813 419.33398352
877 416.40815934 413.04450549 419.77181319
878 416.84339286 413.47714286 420.20964286
879 417.27862637 413.90978022 420.64747253
880 417.71385989 414.34241758 421.08530220
881 418.14909341 414.77505495 421.52313187
882 418.58432692 415.20769231 421.96096154
883 419.01956044 415.64032967 422.39879121
884 419.45479396 416.07296703 422.83662088
885 419.89002747 416.50560440 423.27445055
886 420.32526099 416.93824176 423.71228022
887 420.76049451 417.37087912 424.15010989
888 421.19572802 417.80351648 424.58793956
889 421.63096154 418.23615385 425.02576923
890 422.06619505 418.66879121 425.46359890
891 422.50142857 419.10142857 425.90142857
892 422.93666209 419.53406593 426.33925824
893 423.37189560 419.96670330 426.77708791
894 423.80712912 420.39934066 427.21491758
895 424.24236264 420.83197802 427.65274725
896 424.67759615 421.26461538 428.09057692
897 425.11282967 421.69725275 428.52840659
898 425.54806319 422.12989011 428.96623626
899 425.98329670 422.56252747 429.40406593
900 426.41853022 422.99516484 429.84189560
901 426.85376374 423.42780220 430.27972527
902 427.28899725 423.86043956 430.71755495
903 427.72423077 424.29307692 431.15538462
904 428.15946429 424.72571429 431.59321429
905 428.59469780 425.15835165 432.03104396
906 429.02993132 425.59098901 432.46887363
907 429.46516484 426.02362637 432.90670330
908 429.90039835 426.45626374 433.34453297
909 430.33563187 426.88890110 433.78236264
910 430.77086538 427.32153846 434.22019231
911 431.20609890 427.75417582 434.65802198
912 431.64133242 428.18681319 435.09585165
913 432.07656593 428.61945055 435.53368132
914 432.51179945 429.05208791 435.97151099
915 432.94703297 429.48472527 436.40934066
916 433.38226648 429.91736264 436.84717033
917 433.81750000 430.35000000 437.28500000
918 434.25273352 430.78263736 437.72282967
919 434.68796703 431.21527473 438.16065934
920 435.12320055 431.64791209 438.59848901
921 435.55843407 432.08054945 439.03631868
922 435.99366758 432.51318681 439.47414835
923 436.42890110 432.94582418 439.91197802
924 436.86413462 433.37846154 440.34980769
925 437.29936813 433.81109890 440.78763736
926 437.73460165 434.24373626 441.22546703
927 438.16983516 434.67637363 441.66329670
928 438.60506868 435.10901099 442.10112637
929 439.04030220 435.54164835 442.53895604
930 439.47553571 435.97428571 442.97678571
931 439.91076923 436.40692308 443.41461538
932 440.34600275 436.83956044 443.85244505
933 440.78123626 437.27219780 444.29027473
934 441.21646978 437.70483516 444.72810440
935 441.65170330 438.13747253 445.16593407
936 442.08693681 438.57010989 445.60376374
937 442.52217033 439.00274725 446.04159341
938 442.95740385 439.43538462 446.47942308
939 443.39263736 439.86802198 446.91725275
940 443.82787088 440.30065934 447.35508242
941 444.26310440 440.73329670 447.79291209
942 444.69833791 441.16593407 448.23074176
943 445.13357143 441.59857143 448.66857143
944 445.56880495 442.03120879 449.10640110
945 446.00403846 442.46384615 449.54423077
946 446.43927198 442.89648352 449.98206044
947 446.87450549 443.32912088 450.41989011
948 447.30973901 443.76175824 450.85771978
949 447.74497253 444.19439560 451.29554945
950 448.18020604 444.62703297 451.73337912
951 448.61543956 445.05967033 452.17120879
952 449.05067308 445.49230769 452.60903846
953 449.48590659 445.92494505 453.04686813
954 449.92114011 446.35758242 453.48469780
955 450.35637363 446.79021978 453.92252747
956 450.79160714 447.22285714 454.36035714
957 451.22684066 447.65549451 454.79818681
958 451.66207418 448.08813187 455.23601648
959 452.09730769 448.52076923 455.67384615
960 452.53254121 448.95340659 456.11167582
961 452.96777473 449.38604396 456.54950549
962 453.40300824 449.81868132 456.98733516
963 453.83824176 450.25131868 457.42516484
964 454.27347527 450.68395604 457.86299451
965 454.70870879 451.11659341 458.30082418
966 455.14394231 451.54923077 458.73865385
967 455.57917582 451.98186813 459.17648352
968 456.01440934 452.41450549 459.61431319
969 456.44964286 452.84714286 460.05214286
970 456.88487637 453.27978022 460.48997253
971 457.32010989 453.71241758 460.92780220
972 457.75534341 454.14505495 461.36563187
973 458.19057692 454.57769231 461.80346154
974 458.62581044 455.01032967 462.24129121
975 459.06104396 455.44296703 462.67912088
976 459.49627747 455.87560440 463.11695055
977 459.93151099 456.30824176 463.55478022
978 460.36674451 456.74087912 463.99260989
979 460.80197802 457.17351648 464.43043956
980 461.23721154 457.60615385 464.86826923
981 461.67244505 458.03879121 465.30609890
982 462.10767857 458.47142857 465.74392857
983 462.54291209 458.90406593 466.18175824
984 462.97814560 459.33670330 466.61958791
985 463.41337912 459.76934066 467.05741758
986 463.84861264 460.20197802 467.49524725
987 464.28384615 460.63461538 467.93307692
988 464.71907967 461.06725275 468.37090659
989 465.15431319 461.49989011 468.80873626
990 465.58954670 461.93252747 469.24656593
991 466.02478022 462.36516484 469.68439560
992 466.46001374 462.79780220 470.12222527
993 466.89524725 463.23043956 470.56005495
994 467.33048077 463.66307692 470.99788462
995 467.76571429 464.09571429 471.43571429
996 468.20094780 464.52835165 471.87354396
997 468.63618132 464.96098901 472.31137363
998 469.07141484 465.39362637 472.74920330
999 469.50664835 465.82626374 473.18703297
1000 469.94188187 466.25890110 473.62486264
1001 470.37711538 466.69153846 474.06269231
1002 470.81234890 467.12417582 474.50052198
1003 471.24758242 467.55681319 474.93835165
1004 471.68281593 467.98945055 475.37618132
1005 472.11804945 468.42208791 475.81401099
1006 472.55328297 468.85472527 476.25184066
1007 472.98851648 469.28736264 476.68967033
1008 473.42375000 469.72000000 477.12750000
1009 473.85898352 470.15263736 477.56532967
1010 474.29421703 470.58527473 478.00315934
1011 474.72945055 471.01791209 478.44098901
1012 475.16468407 471.45054945 478.87881868
1013 475.59991758 471.88318681 479.31664835
1014 476.03515110 472.31582418 479.75447802
1015 476.47038462 472.74846154 480.19230769
1016 476.90561813 473.18109890 480.63013736
1017 477.34085165 473.61373626 481.06796703
1018 477.77608516 474.04637363 481.50579670
1019 478.21131868 474.47901099 481.94362637
1020 478.64655220 474.91164835 482.38145604
1021 479.08178571 475.34428571 482.81928571
1022 479.51701923 475.77692308 483.25711538
1023 479.95225275 476.20956044 483.69494505
1024 480.38748626 476.64219780 484.13277473
1025 480.82271978 477.07483516 484.57060440
1026 481.25795330 477.50747253 485.00843407
1027 481.69318681 477.94010989 485.44626374
1028 482.12842033 478.37274725 485.88409341
1029 482.56365385 478.80538462 486.32192308
1030 482.99888736 479.23802198 486.75975275
1031 483.43412088 479.67065934 487.19758242
1032 483.86935440 480.10329670 487.63541209
1033 484.30458791 480.53593407 488.07324176
1034 484.73982143 480.96857143 488.51107143
1035 485.17505495 481.40120879 488.94890110
1036 485.61028846 481.83384615 489.38673077
1037 486.04552198 482.26648352 489.82456044
1038 486.48075549 482.69912088 490.26239011
1039 486.91598901 483.13175824 490.70021978
1040 487.35122253 483.56439560 491.13804945
1041 487.78645604 483.99703297 491.57587912
1042 488.22168956 484.42967033 492.01370879
1043 488.65692308 484.86230769 492.45153846
1044 489.09215659 485.29494505 492.88936813
1045 489.52739011 485.72758242 493.32719780
1046 489.96262363 486.16021978 493.76502747
1047 490.39785714 486.59285714 494.20285714
1048 490.83309066 487.02549451 494.64068681
1049 491.26832418 487.45813187 495.07851648
1050 491.70355769 487.89076923 495.51634615
1051 492.13879121 488.32340659 495.95417582
1052 492.57402473 488.75604396 496.39200549
1053 493.00925824 489.18868132 496.82983516
1054 493.44449176 489.62131868 497.26766484
1055 493.87972527 490.05395604 497.70549451
1056 494.31495879 490.48659341 498.14332418
1057 494.75019231 490.91923077 498.58115385
1058 495.18542582 491.35186813 499.01898352
1059 495.62065934 491.78450549 499.45681319
1060 496.05589286 492.21714286 499.89464286
1061 496.49112637 492.64978022 500.33247253
1062 496.92635989 493.08241758 500.77030220
1063 497.36159341 493.51505495 501.20813187
1064 497.79682692 493.94769231 501.64596154
1065 498.23206044 494.38032967 502.08379121
1066 498.66729396 494.81296703 502.52162088
1067 499.10252747 495.24560440 502.95945055
1068 499.53776099 495.67824176 503.39728022
1069 499.97299451 496.11087912 503.83510989
1070 500.40822802 496.54351648 504.27293956
1071 500.84346154 496.97615385 504.71076923
1072 501.27869505 497.40879121 505.14859890
1073 501.71392857 497.84142857 505.58642857
1074 502.14916209 498.27406593 506.02425824
1075 502.58439560 498.70670330 506.46208791
1076 503.01962912 499.13934066 506.89991758
1077 503.45486264 499.57197802 507.33774725
1078 503.89009615 500.00461538 507.77557692
1079 504.32532967 500.43725275 508.21340659
1080 504.76056319 500.86989011 508.65123626
1081 505.19579670 501.30252747 509.08906593
1082 505.63103022 501.73516484 509.52689560
1083 506.06626374 502.16780220 509.96472527
1084 506.50149725 502.60043956 510.40255495
1085 506.93673077 503.03307692 510.84038462
1086 507.37196429 503.46571429 511.27821429
1087 507.80719780 503.89835165 511.71604396
1088 508.24243132 504.33098901 512.15387363
1089 508.67766484 504.76362637 512.59170330
1090 509.11289835 505.19626374 513.02953297
1091 509.54813187 505.62890110 513.46736264
1092 509.98336538 506.06153846 513.90519231
1093 510.41859890 506.49417582 514.34302198
1094 510.85383242 506.92681319 514.78085165
1095 511.28906593 507.35945055 515.21868132
1096 511.72429945 507.79208791 515.65651099
1097 512.15953297 508.22472527 516.09434066
1098 512.59476648 508.65736264 516.53217033
1099 513.03000000 509.09000000 516.97000000
1100 513.44233516 509.49972527 517.38494505
1101 513.85467033 509.90945055 517.79989011
1102 514.26700549 510.31917582 518.21483516
1103 514.67934066 510.72890110 518.62978022
1104 515.09167582 511.13862637 519.04472527
1105 515.50401099 511.54835165 519.45967033
1106 515.91634615 511.95807692 519.87461538
1107 516.32868132 512.36780220 520.28956044
1108 516.74101648 512.77752747 520.70450549
1109 517.15335165 513.18725275 521.11945055
1110 517.56568681 513.59697802 521.53439560
1111 517.97802198 514.00670330 521.94934066
1112 518.39035714 514.41642857 522.36428571
1113 518.80269231 514.82615385 522.77923077
1114 519.21502747 515.23587912 523.19417582
1115 519.62736264 515.64560440 523.60912088
1116 520.03969780 516.05532967 524.02406593
1117 520.45203297 516.46505495 524.43901099
1118 520.86436813 516.87478022 524.85395604
1119 521.27670330 517.28450549 525.26890110
1120 521.68903846 517.69423077 525.68384615
1121 522.10137363 518.10395604 526.09879121
1122 522.51370879 518.51368132 526.51373626
1123 522.92604396 518.92340659 526.92868132
1124 523.33837912 519.33313187 527.34362637
1125 523.75071429 519.74285714 527.75857143
1126 524.16304945 520.15258242 528.17351648
1127 524.57538462 520.56230769 528.58846154
1128 524.98771978 520.97203297 529.00340659
1129 525.40005495 521.38175824 529.41835165
1130 525.81239011 521.79148352 529.83329670
1131 526.22472527 522.20120879 530.24824176
1132 526.63706044 522.61093407 530.66318681
1133 527.04939560 523.02065934 531.07813187
1134 527.46173077 523.43038462 531.49307692
1135 527.87406593 523.84010989 531.90802198
1136 528.28640110 524.24983516 532.32296703
1137 528.69873626 524.65956044 532.73791209
1138 529.11107143 525.06928571 533.15285714
1139 529.52340659 525.47901099 533.56780220
1140 529.93574176 525.88873626 533.98274725
1141 530.34807692 526.29846154 534.39769231
1142 530.76041209 526.70818681 534.81263736
1143 531.17274725 527.11791209 535.22758242
1144 531.58508242 527.52763736 535.64252747
1145 531.99741758 527.93736264 536.05747253
1146 532.40975275 528.34708791 536.47241758
1147 532.82208791 528.75681319 536.88736264
1148 533.23442308 529.16653846 537.30230769
1149 533.64675824 529.57626374 537.71725275
1150 534.05909341 529.98598901 538.13219780
1151 534.47142857 530.39571429 538.54714286
1152 534.88376374 530.80543956 538.96208791
1153 535.29609890 531.21516484 539.37703297
1154 535.70843407 531.62489011 539.79197802
1155 536.12076923 532.03461538 540.20692308
1156 536.53310440 532.44434066 540.62186813
1157 536.94543956 532.85406593 541.03681319
1158 537.35777473 533.26379121 541.45175824
1159 537.77010989 533.67351648 541.86670330
1160 538.18244505 534.08324176 542.28164835
1161 538.59478022 534.49296703 542.69659341
1162 539.00711538 534.90269231 543.11153846
1163 539.41945055 535.31241758 543.52648352
1164 539.83178571 535.72214286 543.94142857
1165 540.24412088 536.13186813 544.35637363
1166 540.65645604 536.54159341 544.77131868
1167 541.06879121 536.95131868 545.18626374
1168 541.48112637 537.36104396 545.60120879
1169 541.89346154 537.77076923 546.01615385
1170 542.30579670 538.18049451 546.43109890
1171 542.71813187 538.59021978 546.84604396
1172 543.13046703 538.99994505 547.26098901
1173 543.54280220 539.40967033 547.67593407
1174 543.95513736 539.81939560 548.09087912
1175 544.36747253 540.22912088 548.50582418
1176 544.77980769 540.63884615 548.92076923
1177 545.19214286 541.04857143 549.33571429
1178 545.60447802 541.45829670 549.75065934
1179 546.01681319 541.86802198 550.16560440
1180 546.42914835 542.27774725 550.58054945
1181 546.84148352 542.68747253 550.99549451
1182 547.25381868 543.09719780 551.41043956
1183 547.66615385 543.50692308 551.82538462
1184 548.07848901 543.91664835 552.24032967
1185 548.49082418 544.32637363 552.65527473
1186 548.90315934 544.73609890 553.07021978
1187 549.31549451 545.14582418 553.48516484
1188 549.72782967 545.55554945 553.90010989
1189 550.14016484 545.96527473 554.31505495
1190 550.55250000 546.37500000 554.73000000
1191 550.96483516 546.78472527 555.14494505
1192 551.37717033 547.19445055 555.55989011
1193 551.78950549 547.60417582 555.97483516
1194 552.20184066 548.01390110 556.38978022
1195 552.61417582 548.42362637 556.80472527
1196 553.02651099 548.83335165 557.21967033
1197 553.43884615 549.24307692 557.63461538
1198 553.85118132 549.65280220 558.04956044
1199 554.26351648 550.06252747 558.46450549
1200 554.67585165 550.47225275 558.87945055
1201 555.08818681 550.88197802 559.29439560
1202 555.50052198 551.29170330 559.70934066
1203 555.91285714 551.70142857 560.12428571
1204 556.32519231 552.11115385 560.53923077
1205 556.73752747 552.52087912 560.95417582
1206 557.14986264 552.93060440 561.36912088
1207 557.56219780 553.34032967 561.78406593
1208 557.97453297 553.75005495 562.19901099
1209 558.38686813 554.15978022 562.61395604
1210 558.79920330 554.56950549 563.02890110
1211 559.21153846 554.97923077 563.44384615
1212 559.62387363 555.38895604 563.85879121
1213 560.03620879 555.79868132 564.27373626
1214 560.44854396 556.20840659 564.68868132
1215 560.86087912 556.61813187 565.10362637
1216 561.27321429 557.02785714 565.51857143
1217 561.68554945 557.43758242 565.93351648
1218 562.09788462 557.84730769 566.34846154
1219 562.51021978 558.25703297 566.76340659
1220 562.92255495 558.66675824 567.17835165
1221 563.33489011 559.07648352 567.59329670
1222 563.74722527 559.48620879 568.00824176
1223 564.15956044 559.89593407 568.42318681
1224 564.57189560 560.30565934 568.83813187
1225 564.98423077 560.71538462 569.25307692
1226 565.39656593 561.12510989 569.66802198
1227 565.80890110 561.53483516 570.08296703
1228 566.22123626 561.94456044 570.49791209
1229 566.63357143 562.35428571 570.91285714
1230 567.04590659 562.76401099 571.32780220
1231 567.45824176 563.17373626 571.74274725
1232 567.87057692 563.58346154 572.15769231
1233 568.28291209 563.99318681 572.57263736
1234 568.69524725 564.40291209 572.98758242
1235 569.10758242 564.81263736 573.40252747
1236 569.51991758 565.22236264 573.81747253
1237 569.93225275 565.63208791 574.23241758
1238 570.34458791 566.04181319 574.64736264
1239 570.75692308 566.45153846 575.06230769
1240 571.16925824 566.86126374 575.47725275
1241 571.58159341 567.27098901 575.89219780
1242 571.99392857 567.68071429 576.30714286
1243 572.40626374 568.09043956 576.72208791
1244 572.81859890 568.50016484 577.13703297
1245 573.23093407 568.90989011 577.55197802
1246 573.64326923 569.31961538 577.96692308
1247 574.05560440 569.72934066 578.38186813
1248 574.46793956 570.13906593 578.79681319
1249 574.88027473 570.54879121 579.21175824
1250 575.29260989 570.95851648 579.62670330
1251 575.70494505 571.36824176 580.04164835
1252 576.11728022 571.77796703 580.45659341
1253 576.52961538 572.18769231 580.87153846
1254 576.94195055 572.59741758 581.28648352
1255 577.35428571 573.00714286 581.70142857
1256 577.76662088 573.41686813 582.11637363
1257 578.17895604 573.82659341 582.53131868
1258 578.59129121 574.23631868 582.94626374
1259 579.00362637 574.64604396 583.36120879
1260 579.41596154 575.05576923 583.77615385
1261 579.82829670 575.46549451 584.19109890
1262 580.24063187 575.87521978 584.60604396
1263 580.65296703 576.28494505 585.02098901
1264 581.06530220 576.69467033 585.43593407
1265 581.47763736 577.10439560 585.85087912
1266 581.88997253 577.51412088 586.26582418
1267 582.30230769 577.92384615 586.68076923
1268 582.71464286 578.33357143 587.09571429
1269 583.12697802 578.74329670 587.51065934
1270 583.53931319 579.15302198 587.92560440
1271 583.95164835 579.56274725 588.34054945
1272 584.36398352 579.97247253 588.75549451
1273 584.77631868 580.38219780 589.17043956
1274 585.18865385 580.79192308 589.58538462
1275 585.60098901 581.20164835 590.00032967
1276 586.01332418 581.61137363 590.41527473
1277 586.42565934 582.02109890 590.83021978
1278 586.83799451 582.43082418 591.24516484
1279 587.25032967 582.84054945 591.66010989
1280 587.66266484 583.25027473 592.07505495
1281 588.07500000 583.66000000 592.49000000
1282 588.48733516 584.06972527 592.90494505
1283 588.89967033 584.47945055 593.31989011
1284 589.31200549 584.88917582 593.73483516
1285 589.72434066 585.29890110 594.14978022
1286 590.13667582 585.70862637 594.56472527
1287 590.54901099 586.11835165 594.97967033
1288 590.96134615 586.52807692 595.39461538
1289 591.37368132 586.93780220 595.80956044
1290 591.78601648 587.34752747 596.22450549
1291 592.19835165 587.75725275 596.63945055
1292 592.61068681 588.16697802 597.05439560
1293 593.02302198 588.57670330 597.46934066
1294 593.43535714 588.98642857 597.88428571
1295 593.84769231 589.39615385 598.29923077
1296 594.26002747 589.80587912 598.71417582
1297 594.67236264 590.21560440 599.12912088
1298 595.08469780 590.62532967 599.54406593
1299 595.49703297 591.03505495 599.95901099
1300 595.90936813 591.44478022 600.37395604
1301 596.32170330 591.85450549 600.78890110
1302 596.73403846 592.26423077 601.20384615
1303 597.14637363 592.67395604 601.61879121
1304 597.55870879 593.08368132 602.03373626
1305 597.97104396 593.49340659 602.44868132
1306 598.38337912 593.90313187 602.86362637
1307 598.79571429 594.31285714 603.27857143
1308 599.20804945 594.72258242 603.69351648
1309 599.62038462 595.13230769 604.10846154
1310 600.03271978 595.54203297 604.52340659
1311 600.44505495 595.95175824 604.93835165
1312 600.85739011 596.36148352 605.35329670
1313 601.26972527 596.77120879 605.76824176
1314 601.68206044 597.18093407 606.18318681
1315 602.09439560 597.59065934 606.59813187
1316 602.50673077 598.00038462 607.01307692
1317 602.91906593 598.41010989 607.42802198
1318 603.33140110 598.81983516 607.84296703
1319 603.74373626 599.22956044 608.25791209
1320 604.15607143 599.63928571 608.67285714
1321 604.56840659 600.04901099 609.08780220
1322 604.98074176 600.45873626 609.50274725
1323 605.39307692 600.86846154 609.91769231
1324 605.80541209 601.27818681 610.33263736
1325 606.21774725 601.68791209 610.74758242
1326 606.63008242 602.09763736 611.16252747
1327 607.04241758 602.50736264 611.57747253
1328 607.45475275 602.91708791 611.99241758
1329 607.86708791 603.32681319 612.40736264
1330 608.27942308 603.73653846 612.82230769
1331 608.69175824 604.14626374 613.23725275
1332 609.10409341 604.55598901 613.65219780
1333 609.51642857 604.96571429 614.06714286
1334 609.92876374 605.37543956 614.48208791
1335 610.34109890 605.78516484 614.89703297
1336 610.75343407 606.19489011 615.31197802
1337 611.16576923 606.60461538 615.72692308
1338 611.57810440 607.01434066 616.14186813
1339 611.99043956 607.42406593 616.55681319
1340 612.40277473 607.83379121 616.97175824
1341 612.81510989 608.24351648 617.38670330
1342 613.22744505 608.65324176 617.80164835
1343 613.63978022 609.06296703 618.21659341
1344 614.05211538 609.47269231 618.63153846
1345 614.46445055 609.88241758 619.04648352
1346 614.87678571 610.29214286 619.46142857
1347 615.28912088 610.70186813 619.87637363
1348 615.70145604 611.11159341 620.29131868
1349 616.11379121 611.52131868 620.70626374
1350 616.52612637 611.93104396 621.12120879
1351 616.93846154 612.34076923 621.53615385
1352 617.35079670 612.75049451 621.95109890
1353 617.76313187 613.16021978 622.36604396
1354 618.17546703 613.56994505 622.78098901
1355 618.58780220 613.97967033 623.19593407
1356 619.00013736 614.38939560 623.61087912
1357 619.41247253 614.79912088 624.02582418
1358 619.82480769 615.20884615 624.44076923
1359 620.23714286 615.61857143 624.85571429
1360 620.64947802 616.02829670 625.27065934
1361 621.06181319 616.43802198 625.68560440
1362 621.47414835 616.84774725 626.10054945
1363 621.88648352 617.25747253 626.51549451
1364 622.29881868 617.66719780 626.93043956
1365 622.71115385 618.07692308 627.34538462
1366 623.12348901 618.48664835 627.76032967
1367 623.53582418 618.89637363 628.17527473
1368 623.94815934 619.30609890 628.59021978
1369 624.36049451 619.71582418 629.00516484
1370 624.77282967 620.12554945 629.42010989
1371 625.18516484 620.53527473 629.83505495
1372 625.59750000 620.94500000 630.25000000
1373 626.00983516 621.35472527 630.66494505
1374 626.42217033 621.76445055 631.07989011
1375 626.83450549 622.17417582 631.49483516
1376 627.24684066 622.58390110 631.90978022
1377 627.65917582 622.99362637 632.32472527
1378 628.07151099 623.40335165 632.73967033
1379 628.48384615 623.81307692 633.15461538
1380 628.89618132 624.22280220 633.56956044
1381 629.30851648 624.63252747 633.98450549
1382 629.72085165 625.04225275 634.39945055
1383 630.13318681 625.45197802 634.81439560
1384 630.54552198 625.86170330 635.22934066
1385 630.95785714 626.27142857 635.64428571
1386 631.37019231 626.68115385 636.05923077
1387 631.78252747 627.09087912 636.47417582
1388 632.19486264 627.50060440 636.88912088
1389 632.60719780 627.91032967 637.30406593
1390 633.01953297 628.32005495 637.71901099
1391 633.43186813 628.72978022 638.13395604
1392 633.84420330 629.13950549 638.54890110
1393 634.25653846 629.54923077 638.96384615
1394 634.66887363 629.95895604 639.37879121
1395 635.08120879 630.36868132 639.79373626
1396 635.49354396 630.77840659 640.20868132
1397 635.90587912 631.18813187 640.62362637
1398 636.31821429 631.59785714 641.03857143
1399 636.73054945 632.00758242 641.45351648
1400 637.14288462 632.41730769 641.86846154
1401 637.55521978 632.82703297 642.28340659
1402 637.96755495 633.23675824 642.69835165
1403 638.37989011 633.64648352 643.11329670
1404 638.79222527 634.05620879 643.52824176
1405 639.20456044 634.46593407 643.94318681
1406 639.61689560 634.87565934 644.35813187
1407 640.02923077 635.28538462 644.77307692
1408 640.44156593 635.69510989 645.18802198
1409 640.85390110 636.10483516 645.60296703
1410 641.26623626 636.51456044 646.01791209
1411 641.67857143 636.92428571 646.43285714
1412 642.09090659 637.33401099 646.84780220
1413 642.50324176 637.74373626 647.26274725
1414 642.91557692 638.15346154 647.67769231
1415 643.32791209 638.56318681 648.09263736
1416 643.74024725 638.97291209 648.50758242
1417 644.15258242 639.38263736 648.92252747
1418 644.56491758 639.79236264 649.33747253
1419 644.97725275 640.20208791 649.75241758
1420 645.38958791 640.61181319 650.16736264
1421 645.80192308 641.02153846 650.58230769
1422 646.21425824 641.43126374 650.99725275
1423 646.62659341 641.84098901 651.41219780
1424 647.03892857 642.25071429 651.82714286
1425 647.45126374 642.66043956 652.24208791
1426 647.86359890 643.07016484 652.65703297
1427 648.27593407 643.47989011 653.07197802
1428 648.68826923 643.88961538 653.48692308
1429 649.10060440 644.29934066 653.90186813
1430 649.51293956 644.70906593 654.31681319
1431 649.92527473 645.11879121 654.73175824
1432 650.33760989 645.52851648 655.14670330
1433 650.74994505 645.93824176 655.56164835
1434 651.16228022 646.34796703 655.97659341
1435 651.57461538 646.75769231 656.39153846
1436 651.98695055 647.16741758 656.80648352
1437 652.39928571 647.57714286 657.22142857
1438 652.81162088 647.98686813 657.63637363
1439 653.22395604 648.39659341 658.05131868
1440 653.63629121 648.80631868 658.46626374
1441 654.04862637 649.21604396 658.88120879
1442 654.46096154 649.62576923 659.29615385
1443 654.87329670 650.03549451 659.71109890
1444 655.28563187 650.44521978 660.12604396
1445 655.69796703 650.85494505 660.54098901
1446 656.11030220 651.26467033 660.95593407
1447 656.52263736 651.67439560 661.37087912
1448 656.93497253 652.08412088 661.78582418
1449 657.34730769 652.49384615 662.20076923
1450 657.75964286 652.90357143 662.61571429
1451 658.17197802 653.31329670 663.03065934
1452 658.58431319 653.72302198 663.44560440
1453 658.99664835 654.13274725 663.86054945
1454 659.40898352 654.54247253 664.27549451
1455 659.82131868 654.95219780 664.69043956
1456 660.23365385 655.36192308 665.10538462
1457 660.64598901 655.77164835 665.52032967
1458 661.05832418 656.18137363 665.93527473
1459 661.47065934 656.59109890 666.35021978
1460 661.88299451 657.00082418 666.76516484
1461 662.29532967 657.41054945 667.18010989
1462 662.70766484 657.82027473 667.59505495
1463 663.12000000 658.23000000 668.01000000
1464 663.52855586 658.63395095 668.42316076
1465 663.93711172 659.03790191 668.83632153
1466 664.34566757 659.44185286 669.24948229
1467 664.75422343 659.84580381 669.66264305
1468 665.16277929 660.24975477 670.07580381
1469 665.57133515 660.65370572 670.48896458
1470 665.97989101 661.05765668 670.90212534
1471 666.38844687 661.46160763 671.31528610
1472 666.79700272 661.86555858 671.72844687
1473 667.20555858 662.26950954 672.14160763
1474 667.61411444 662.67346049 672.55476839
1475 668.02267030 663.07741144 672.96792916
1476 668.43122616 663.48136240 673.38108992
1477 668.83978202 663.88531335 673.79425068
1478 669.24833787 664.28926431 674.20741144
1479 669.65689373 664.69321526 674.62057221
1480 670.06544959 665.09716621 675.03373297
1481 670.47400545 665.50111717 675.44689373
1482 670.88256131 665.90506812 675.86005450
1483 671.29111717 666.30901907 676.27321526
1484 671.69967302 666.71297003 676.68637602
1485 672.10822888 667.11692098 677.09953678
1486 672.51678474 667.52087193 677.51269755
1487 672.92534060 667.92482289 677.92585831
1488 673.33389646 668.32877384 678.33901907
1489 673.74245232 668.73272480 678.75217984
1490 674.15100817 669.13667575 679.16534060
1491 674.55956403 669.54062670 679.57850136
1492 674.96811989 669.94457766 679.99166213
1493 675.37667575 670.34852861 680.40482289
1494 675.78523161 670.75247956 680.81798365
1495 676.19378747 671.15643052 681.23114441
1496 676.60234332 671.56038147 681.64430518
1497 677.01089918 671.96433243 682.05746594
1498 677.41945504 672.36828338 682.47062670
1499 677.82801090 672.77223433 682.88378747
1500 678.23656676 673.17618529 683.29694823
1501 678.64512262 673.58013624 683.71010899
1502 679.05367847 673.98408719 684.12326975
1503 679.46223433 674.38803815 684.53643052
1504 679.87079019 674.79198910 684.94959128
1505 680.27934605 675.19594005 685.36275204
1506 680.68790191 675.59989101 685.77591281
1507 681.09645777 676.00384196 686.18907357
1508 681.50501362 676.40779292 686.60223433
1509 681.91356948 676.81174387 687.01539510
1510 682.32212534 677.21569482 687.42855586
1511 682.73068120 677.61964578 687.84171662
1512 683.13923706 678.02359673 688.25487738
1513 683.54779292 678.42754768 688.66803815
1514 683.95634877 678.83149864 689.08119891
1515 684.36490463 679.23544959 689.49435967
1516 684.77346049 679.63940055 689.90752044
1517 685.18201635 680.04335150 690.32068120
1518 685.59057221 680.44730245 690.73384196
1519 685.99912807 680.85125341 691.14700272
1520 686.40768392 681.25520436 691.56016349
1521 686.81623978 681.65915531 691.97332425
1522 687.22479564 682.06310627 692.38648501
1523 687.63335150 682.46705722 692.79964578
1524 688.04190736 682.87100817 693.21280654
1525 688.45046322 683.27495913 693.62596730
1526 688.85901907 683.67891008 694.03912807
1527 689.26757493 684.08286104 694.45228883
1528 689.67613079 684.48681199 694.86544959
1529 690.08468665 684.89076294 695.27861035
1530 690.49324251 685.29471390 695.69177112
1531 690.90179837 685.69866485 696.10493188
1532 691.31035422 686.10261580 696.51809264
1533 691.71891008 686.50656676 696.93125341
1534 692.12746594 686.91051771 697.34441417
1535 692.53602180 687.31446866 697.75757493
1536 692.94457766 687.71841962 698.17073569
1537 693.35313352 688.12237057 698.58389646
1538 693.76168937 688.52632153 698.99705722
1539 694.17024523 688.93027248 699.41021798
1540 694.57880109 689.33422343 699.82337875
1541 694.98735695 689.73817439 700.23653951
1542 695.39591281 690.14212534 700.64970027
1543 695.80446866 690.54607629 701.06286104
1544 696.21302452 690.95002725 701.47602180
1545 696.62158038 691.35397820 701.88918256
1546 697.03013624 691.75792916 702.30234332
1547 697.43869210 692.16188011 702.71550409
1548 697.84724796 692.56583106 703.12866485
1549 698.25580381 692.96978202 703.54182561
1550 698.66435967 693.37373297 703.95498638
1551 699.07291553 693.77768392 704.36814714
1552 699.48147139 694.18163488 704.78130790
1553 699.89002725 694.58558583 705.19446866
1554 700.29858311 694.98953678 705.60762943
1555 700.70713896 695.39348774 706.02079019
1556 701.11569482 695.79743869 706.43395095
1557 701.52425068 696.20138965 706.84711172
1558 701.93280654 696.60534060 707.26027248
1559 702.34136240 697.00929155 707.67343324
1560 702.74991826 697.41324251 708.08659401
1561 703.15847411 697.81719346 708.49975477
1562 703.56702997 698.22114441 708.91291553
1563 703.97558583 698.62509537 709.32607629
1564 704.38414169 699.02904632 709.73923706
1565 704.79269755 699.43299728 710.15239782
1566 705.20125341 699.83694823 710.56555858
1567 705.60980926 700.24089918 710.97871935
1568 706.01836512 700.64485014 711.39188011
1569 706.42692098 701.04880109 711.80504087
1570 706.83547684 701.45275204 712.21820163
1571 707.24403270 701.85670300 712.63136240
1572 707.65258856 702.26065395 713.04452316
1573 708.06114441 702.66460490 713.45768392
1574 708.46970027 703.06855586 713.87084469
1575 708.87825613 703.47250681 714.28400545
1576 709.28681199 703.87645777 714.69716621
1577 709.69536785 704.28040872 715.11032698
1578 710.10392371 704.68435967 715.52348774
1579 710.51247956 705.08831063 715.93664850
1580 710.92103542 705.49226158 716.34980926
1581 711.32959128 705.89621253 716.76297003
1582 711.73814714 706.30016349 717.17613079
1583 712.14670300 706.70411444 717.58929155
1584 712.55525886 707.10806540 718.00245232
1585 712.96381471 707.51201635 718.41561308
1586 713.37237057 707.91596730 718.82877384
1587 713.78092643 708.31991826 719.24193460
1588 714.18948229 708.72386921 719.65509537
1589 714.59803815 709.12782016 720.06825613
1590 715.00659401 709.53177112 720.48141689
1591 715.41514986 709.93572207 720.89457766
1592 715.82370572 710.33967302 721.30773842
1593 716.23226158 710.74362398 721.72089918
1594 716.64081744 711.14757493 722.13405995
1595 717.04937330 711.55152589 722.54722071
1596 717.45792916 711.95547684 722.96038147
1597 717.86648501 712.35942779 723.37354223
1598 718.27504087 712.76337875 723.78670300
1599 718.68359673 713.16732970 724.19986376
1600 719.09215259 713.57128065 724.61302452
1601 719.50070845 713.97523161 725.02618529
1602 719.90926431 714.37918256 725.43934605
1603 720.31782016 714.78313352 725.85250681
1604 720.72637602 715.18708447 726.26566757
1605 721.13493188 715.59103542 726.67882834
1606 721.54348774 715.99498638 727.09198910
1607 721.95204360 716.39893733 727.50514986
1608 722.36059946 716.80288828 727.91831063
1609 722.76915531 717.20683924 728.33147139
1610 723.17771117 717.61079019 728.74463215
1611 723.58626703 718.01474114 729.15779292
1612 723.99482289 718.41869210 729.57095368
1613 724.40337875 718.82264305 729.98411444
1614 724.81193460 719.22659401 730.39727520
1615 725.22049046 719.63054496 730.81043597
1616 725.62904632 720.03449591 731.22359673
1617 726.03760218 720.43844687 731.63675749
1618 726.44615804 720.84239782 732.04991826
1619 726.85471390 721.24634877 732.46307902
1620 727.26326975 721.65029973 732.87623978
1621 727.67182561 722.05425068 733.28940055
1622 728.08038147 722.45820163 733.70256131
1623 728.48893733 722.86215259 734.11572207
1624 728.89749319 723.26610354 734.52888283
1625 729.30604905 723.67005450 734.94204360
1626 729.71460490 724.07400545 735.35520436
1627 730.12316076 724.47795640 735.76836512
1628 730.53171662 724.88190736 736.18152589
1629 730.94027248 725.28585831 736.59468665
1630 731.34882834 725.68980926 737.00784741
1631 731.75738420 726.09376022 737.42100817
1632 732.16594005 726.49771117 737.83416894
1633 732.57449591 726.90166213 738.24732970
1634 732.98305177 727.30561308 738.66049046
1635 733.39160763 727.70956403 739.07365123
1636 733.80016349 728.11351499 739.48681199
1637 734.20871935 728.51746594 739.89997275
1638 734.61727520 728.92141689 740.31313352
1639 735.02583106 729.32536785 740.72629428
1640 735.43438692 729.72931880 741.13945504
1641 735.84294278 730.13326975 741.55261580
1642 736.25149864 730.53722071 741.96577657
1643 736.66005450 730.94117166 742.37893733
1644 737.06861035 731.34512262 742.79209809
1645 737.47716621 731.74907357 743.20525886
1646 737.88572207 732.15302452 743.61841962
1647 738.29427793 732.55697548 744.03158038
1648 738.70283379 732.96092643 744.44474114
1649 739.11138965 733.36487738 744.85790191
1650 739.51994550 733.76882834 745.27106267
1651 739.92850136 734.17277929 745.68422343
1652 740.33705722 734.57673025 746.09738420
1653 740.74561308 734.98068120 746.51054496
1654 741.15416894 735.38463215 746.92370572
1655 741.56272480 735.78858311 747.33686649
1656 741.97128065 736.19253406 747.75002725
1657 742.37983651 736.59648501 748.16318801
1658 742.78839237 737.00043597 748.57634877
1659 743.19694823 737.40438692 748.98950954
1660 743.60550409 737.80833787 749.40267030
1661 744.01405995 738.21228883 749.81583106
1662 744.42261580 738.61623978 750.22899183
1663 744.83117166 739.02019074 750.64215259
1664 745.23972752 739.42414169 751.05531335
1665 745.64828338 739.82809264 751.46847411
1666 746.05683924 740.23204360 751.88163488
1667 746.46539510 740.63599455 752.29479564
1668 746.87395095 741.03994550 752.70795640
1669 747.28250681 741.44389646 753.12111717
1670 747.69106267 741.84784741 753.53427793
1671 748.09961853 742.25179837 753.94743869
1672 748.50817439 742.65574932 754.36059946
1673 748.91673025 743.05970027 754.77376022
1674 749.32528610 743.46365123 755.18692098
1675 749.73384196 743.86760218 755.60008174
1676 750.14239782 744.27155313 756.01324251
1677 750.55095368 744.67550409 756.42640327
1678 750.95950954 745.07945504 756.83956403
1679 751.36806540 745.48340599 757.25272480
1680 751.77662125 745.88735695 757.66588556
1681 752.18517711 746.29130790 758.07904632
1682 752.59373297 746.69525886 758.49220708
1683 753.00228883 747.09920981 758.90536785
1684 753.41084469 747.50316076 759.31852861
1685 753.81940055 747.90711172 759.73168937
1686 754.22795640 748.31106267 760.14485014
1687 754.63651226 748.71501362 760.55801090
1688 755.04506812 749.11896458 760.97117166
1689 755.45362398 749.52291553 761.38433243
1690 755.86217984 749.92686649 761.79749319
1691 756.27073569 750.33081744 762.21065395
1692 756.67929155 750.73476839 762.62381471
1693 757.08784741 751.13871935 763.03697548
1694 757.49640327 751.54267030 763.45013624
1695 757.90495913 751.94662125 763.86329700
1696 758.31351499 752.35057221 764.27645777
1697 758.72207084 752.75452316 764.68961853
1698 759.13062670 753.15847411 765.10277929
1699 759.53918256 753.56242507 765.51594005
1700 759.94773842 753.96637602 765.92910082
1701 760.35629428 754.37032698 766.34226158
1702 760.76485014 754.77427793 766.75542234
1703 761.17340599 755.17822888 767.16858311
1704 761.58196185 755.58217984 767.58174387
1705 761.99051771 755.98613079 767.99490463
1706 762.39907357 756.39008174 768.40806540
1707 762.80762943 756.79403270 768.82122616
1708 763.21618529 757.19798365 769.23438692
1709 763.62474114 757.60193460 769.64754768
1710 764.03329700 758.00588556 770.06070845
1711 764.44185286 758.40983651 770.47386921
1712 764.85040872 758.81378747 770.88702997
1713 765.25896458 759.21773842 771.30019074
1714 765.66752044 759.62168937 771.71335150
1715 766.07607629 760.02564033 772.12651226
1716 766.48463215 760.42959128 772.53967302
1717 766.89318801 760.83354223 772.95283379
1718 767.30174387 761.23749319 773.36599455
1719 767.71029973 761.64144414 773.77915531
1720 768.11885559 762.04539510 774.19231608
1721 768.52741144 762.44934605 774.60547684
1722 768.93596730 762.85329700 775.01863760
1723 769.34452316 763.25724796 775.43179837
1724 769.75307902 763.66119891 775.84495913
1725 770.16163488 764.06514986 776.25811989
1726 770.57019074 764.46910082 776.67128065
1727 770.97874659 764.87305177 777.08444142
1728 771.38730245 765.27700272 777.49760218
1729 771.79585831 765.68095368 777.91076294
1730 772.20441417 766.08490463 778.32392371
1731 772.61297003 766.48885559 778.73708447
1732 773.02152589 766.89280654 779.15024523
1733 773.43008174 767.29675749 779.56340599
1734 773.83863760 767.70070845 779.97656676
1735 774.24719346 768.10465940 780.38972752
1736 774.65574932 768.50861035 780.80288828
1737 775.06430518 768.91256131 781.21604905
1738 775.47286104 769.31651226 781.62920981
1739 775.88141689 769.72046322 782.04237057
1740 776.28997275 770.12441417 782.45553134
1741 776.69852861 770.52836512 782.86869210
1742 777.10708447 770.93231608 783.28185286
1743 777.51564033 771.33626703 783.69501362
1744 777.92419619 771.74021798 784.10817439
1745 778.33275204 772.14416894 784.52133515
1746 778.74130790 772.54811989 784.93449591
1747 779.14986376 772.95207084 785.34765668
1748 779.55841962 773.35602180 785.76081744
1749 779.96697548 773.75997275 786.17397820
1750 780.37553134 774.16392371 786.58713896
1751 780.78408719 774.56787466 787.00029973
1752 781.19264305 774.97182561 787.41346049
1753 781.60119891 775.37577657 787.82662125
1754 782.00975477 775.77972752 788.23978202
1755 782.41831063 776.18367847 788.65294278
1756 782.82686649 776.58762943 789.06610354
1757 783.23542234 776.99158038 789.47926431
1758 783.64397820 777.39553134 789.89242507
1759 784.05253406 777.79948229 790.30558583
1760 784.46108992 778.20343324 790.71874659
1761 784.86964578 778.60738420 791.13190736
1762 785.27820163 779.01133515 791.54506812
1763 785.68675749 779.41528610 791.95822888
1764 786.09531335 779.81923706 792.37138965
1765 786.50386921 780.22318801 792.78455041
1766 786.91242507 780.62713896 793.19771117
1767 787.32098093 781.03108992 793.61087193
1768 787.72953678 781.43504087 794.02403270
1769 788.13809264 781.83899183 794.43719346
1770 788.54664850 782.24294278 794.85035422
1771 788.95520436 782.64689373 795.26351499
1772 789.36376022 783.05084469 795.67667575
1773 789.77231608 783.45479564 796.08983651
1774 790.18087193 783.85874659 796.50299728
1775 790.58942779 784.26269755 796.91615804
1776 790.99798365 784.66664850 797.32931880
1777 791.40653951 785.07059946 797.74247956
1778 791.81509537 785.47455041 798.15564033
1779 792.22365123 785.87850136 798.56880109
1780 792.63220708 786.28245232 798.98196185
1781 793.04076294 786.68640327 799.39512262
1782 793.44931880 787.09035422 799.80828338
1783 793.85787466 787.49430518 800.22144414
1784 794.26643052 787.89825613 800.63460490
1785 794.67498638 788.30220708 801.04776567
1786 795.08354223 788.70615804 801.46092643
1787 795.49209809 789.11010899 801.87408719
1788 795.90065395 789.51405995 802.28724796
1789 796.30920981 789.91801090 802.70040872
1790 796.71776567 790.32196185 803.11356948
1791 797.12632153 790.72591281 803.52673025
1792 797.53487738 791.12986376 803.93989101
1793 797.94343324 791.53381471 804.35305177
1794 798.35198910 791.93776567 804.76621253
1795 798.76054496 792.34171662 805.17937330
1796 799.16910082 792.74566757 805.59253406
1797 799.57765668 793.14961853 806.00569482
1798 799.98621253 793.55356948 806.41885559
1799 800.39476839 793.95752044 806.83201635
1800 800.80332425 794.36147139 807.24517711
1801 801.21188011 794.76542234 807.65833787
1802 801.62043597 795.16937330 808.07149864
1803 802.02899183 795.57332425 808.48465940
1804 802.43754768 795.97727520 808.89782016
1805 802.84610354 796.38122616 809.31098093
1806 803.25465940 796.78517711 809.72414169
1807 803.66321526 797.18912807 810.13730245
1808 804.07177112 797.59307902 810.55046322
1809 804.48032698 797.99702997 810.96362398
1810 804.88888283 798.40098093 811.37678474
1811 805.29743869 798.80493188 811.78994550
1812 805.70599455 799.20888283 812.20310627
1813 806.11455041 799.61283379 812.61626703
1814 806.52310627 800.01678474 813.02942779
1815 806.93166213 800.42073569 813.44258856
1816 807.34021798 800.82468665 813.85574932
1817 807.74877384 801.22863760 814.26891008
1818 808.15732970 801.63258856 814.68207084
1819 808.56588556 802.03653951 815.09523161
1820 808.97444142 802.44049046 815.50839237
1821 809.38299728 802.84444142 815.92155313
1822 809.79155313 803.24839237 816.33471390
1823 810.20010899 803.65234332 816.74787466
1824 810.60866485 804.05629428 817.16103542
1825 811.01722071 804.46024523 817.57419619
1826 811.42577657 804.86419619 817.98735695
1827 811.83433243 805.26814714 818.40051771
1828 812.24288828 805.67209809 818.81367847
1829 812.65144414 806.07604905 819.22683924
1830 813.06000000 806.48000000 819.64000000
1831 813.48550546 806.90098361 820.07002732
1832 813.91101093 807.32196721 820.50005464
1833 814.33651639 807.74295082 820.93008197
1834 814.76202186 808.16393443 821.36010929
1835 815.18752732 808.58491803 821.79013661
1836 815.61303279 809.00590164 822.22016393
1837 816.03853825 809.42688525 822.65019126
1838 816.46404372 809.84786885 823.08021858
1839 816.88954918 810.26885246 823.51024590
1840 817.31505464 810.68983607 823.94027322
1841 817.74056011 811.11081967 824.37030055
1842 818.16606557 811.53180328 824.80032787
1843 818.59157104 811.95278689 825.23035519
1844 819.01707650 812.37377049 825.66038251
1845 819.44258197 812.79475410 826.09040984
1846 819.86808743 813.21573770 826.52043716
1847 820.29359290 813.63672131 826.95046448
1848 820.71909836 814.05770492 827.38049180
1849 821.14460383 814.47868852 827.81051913
1850 821.57010929 814.89967213 828.24054645
1851 821.99561475 815.32065574 828.67057377
1852 822.42112022 815.74163934 829.10060109
1853 822.84662568 816.16262295 829.53062842
1854 823.27213115 816.58360656 829.96065574
1855 823.69763661 817.00459016 830.39068306
1856 824.12314208 817.42557377 830.82071038
1857 824.54864754 817.84655738 831.25073770
1858 824.97415301 818.26754098 831.68076503
1859 825.39965847 818.68852459 832.11079235
1860 825.82516393 819.10950820 832.54081967
1861 826.25066940 819.53049180 832.97084699
1862 826.67617486 819.95147541 833.40087432
1863 827.10168033 820.37245902 833.83090164
1864 827.52718579 820.79344262 834.26092896
1865 827.95269126 821.21442623 834.69095628
1866 828.37819672 821.63540984 835.12098361
1867 828.80370219 822.05639344 835.55101093
1868 829.22920765 822.47737705 835.98103825
1869 829.65471311 822.89836066 836.41106557
1870 830.08021858 823.31934426 836.84109290
1871 830.50572404 823.74032787 837.27112022
1872 830.93122951 824.16131148 837.70114754
1873 831.35673497 824.58229508 838.13117486
1874 831.78224044 825.00327869 838.56120219
1875 832.20774590 825.42426230 838.99122951
1876 832.63325137 825.84524590 839.42125683
1877 833.05875683 826.26622951 839.85128415
1878 833.48426230 826.68721311 840.28131148
1879 833.90976776 827.10819672 840.71133880
1880 834.33527322 827.52918033 841.14136612
1881 834.76077869 827.95016393 841.57139344
1882 835.18628415 828.37114754 842.00142077
1883 835.61178962 828.79213115 842.43144809
1884 836.03729508 829.21311475 842.86147541
1885 836.46280055 829.63409836 843.29150273
1886 836.88830601 830.05508197 843.72153005
1887 837.31381148 830.47606557 844.15155738
1888 837.73931694 830.89704918 844.58158470
1889 838.16482240 831.31803279 845.01161202
1890 838.59032787 831.73901639 845.44163934
1891 839.01583333 832.16000000 845.87166667
1892 839.44133880 832.58098361 846.30169399
1893 839.86684426 833.00196721 846.73172131
1894 840.29234973 833.42295082 847.16174863
1895 840.71785519 833.84393443 847.59177596
1896 841.14336066 834.26491803 848.02180328
1897 841.56886612 834.68590164 848.45183060
1898 841.99437158 835.10688525 848.88185792
1899 842.41987705 835.52786885 849.31188525
1900 842.84538251 835.94885246 849.74191257
1901 843.27088798 836.36983607 850.17193989
1902 843.69639344 836.79081967 850.60196721
1903 844.12189891 837.21180328 851.03199454
1904 844.54740437 837.63278689 851.46202186
1905 844.97290984 838.05377049 851.89204918
1906 845.39841530 838.47475410 852.32207650
1907 845.82392077 838.89573770 852.75210383
1908 846.24942623 839.31672131 853.18213115
1909 846.67493169 839.73770492 853.61215847
1910 847.10043716 840.15868852 854.04218579
1911 847.52594262 840.57967213 854.47221311
1912 847.95144809 841.00065574 854.90224044
1913 848.37695355 841.42163934 855.33226776
1914 848.80245902 841.84262295 855.76229508
1915 849.22796448 842.26360656 856.19232240
1916 849.65346995 842.68459016 856.62234973
1917 850.07897541 843.10557377 857.05237705
1918 850.50448087 843.52655738 857.48240437
1919 850.92998634 843.94754098 857.91243169
1920 851.35549180 844.36852459 858.34245902
1921 851.78099727 844.78950820 858.77248634
1922 852.20650273 845.21049180 859.20251366
1923 852.63200820 845.63147541 859.63254098
1924 853.05751366 846.05245902 860.06256831
1925 853.48301913 846.47344262 860.49259563
1926 853.90852459 846.89442623 860.92262295
1927 854.33403005 847.31540984 861.35265027
1928 854.75953552 847.73639344 861.78267760
1929 855.18504098 848.15737705 862.21270492
1930 855.61054645 848.57836066 862.64273224
1931 856.03605191 848.99934426 863.07275956
1932 856.46155738 849.42032787 863.50278689
1933 856.88706284 849.84131148 863.93281421
1934 857.31256831 850.26229508 864.36284153
1935 857.73807377 850.68327869 864.79286885
1936 858.16357924 851.10426230 865.22289617
1937 858.58908470 851.52524590 865.65292350
1938 859.01459016 851.94622951 866.08295082
1939 859.44009563 852.36721311 866.51297814
1940 859.86560109 852.78819672 866.94300546
1941 860.29110656 853.20918033 867.37303279
1942 860.71661202 853.63016393 867.80306011
1943 861.14211749 854.05114754 868.23308743
1944 861.56762295 854.47213115 868.66311475
1945 861.99312842 854.89311475 869.09314208
1946 862.41863388 855.31409836 869.52316940
1947 862.84413934 855.73508197 869.95319672
1948 863.26964481 856.15606557 870.38322404
1949 863.69515027 856.57704918 870.81325137
1950 864.12065574 856.99803279 871.24327869
1951 864.54616120 857.41901639 871.67330601
1952 864.97166667 857.84000000 872.10333333
1953 865.39717213 858.26098361 872.53336066
1954 865.82267760 858.68196721 872.96338798
1955 866.24818306 859.10295082 873.39341530
1956 866.67368852 859.52393443 873.82344262
1957 867.09919399 859.94491803 874.25346995
1958 867.52469945 860.36590164 874.68349727
1959 867.95020492 860.78688525 875.11352459
1960 868.37571038 861.20786885 875.54355191
1961 868.80121585 861.62885246 875.97357924
1962 869.22672131 862.04983607 876.40360656
1963 869.65222678 862.47081967 876.83363388
1964 870.07773224 862.89180328 877.26366120
1965 870.50323770 863.31278689 877.69368852
1966 870.92874317 863.73377049 878.12371585
1967 871.35424863 864.15475410 878.55374317
1968 871.77975410 864.57573770 878.98377049
1969 872.20525956 864.99672131 879.41379781
1970 872.63076503 865.41770492 879.84382514
1971 873.05627049 865.83868852 880.27385246
1972 873.48177596 866.25967213 880.70387978
1973 873.90728142 866.68065574 881.13390710
1974 874.33278689 867.10163934 881.56393443
1975 874.75829235 867.52262295 881.99396175
1976 875.18379781 867.94360656 882.42398907
1977 875.60930328 868.36459016 882.85401639
1978 876.03480874 868.78557377 883.28404372
1979 876.46031421 869.20655738 883.71407104
1980 876.88581967 869.62754098 884.14409836
1981 877.31132514 870.04852459 884.57412568
1982 877.73683060 870.46950820 885.00415301
1983 878.16233607 870.89049180 885.43418033
1984 878.58784153 871.31147541 885.86420765
1985 879.01334699 871.73245902 886.29423497
1986 879.43885246 872.15344262 886.72426230
1987 879.86435792 872.57442623 887.15428962
1988 880.28986339 872.99540984 887.58431694
1989 880.71536885 873.41639344 888.01434426
1990 881.14087432 873.83737705 888.44437158
1991 881.56637978 874.25836066 888.87439891
1992 881.99188525 874.67934426 889.30442623
1993 882.41739071 875.10032787 889.73445355
1994 882.84289617 875.52131148 890.16448087
1995 883.26840164 875.94229508 890.59450820
1996 883.69390710 876.36327869 891.02453552
1997 884.11941257 876.78426230 891.45456284
1998 884.54491803 877.20524590 891.88459016
1999 884.97042350 877.62622951 892.31461749
2000 885.39592896 878.04721311 892.74464481
2001 885.82143443 878.46819672 893.17467213
2002 886.24693989 878.88918033 893.60469945
2003 886.67244536 879.31016393 894.03472678
2004 887.09795082 879.73114754 894.46475410
2005 887.52345628 880.15213115 894.89478142
2006 887.94896175 880.57311475 895.32480874
2007 888.37446721 880.99409836 895.75483607
2008 888.79997268 881.41508197 896.18486339
2009 889.22547814 881.83606557 896.61489071
2010 889.65098361 882.25704918 897.04491803
2011 890.07648907 882.67803279 897.47494536
2012 890.50199454 883.09901639 897.90497268
2013 890.92750000 883.52000000 898.33500000
2014 891.35300546 883.94098361 898.76502732
2015 891.77851093 884.36196721 899.19505464
2016 892.20401639 884.78295082 899.62508197
2017 892.62952186 885.20393443 900.05510929
2018 893.05502732 885.62491803 900.48513661
2019 893.48053279 886.04590164 900.91516393
2020 893.90603825 886.46688525 901.34519126
2021 894.33154372 886.88786885 901.77521858
2022 894.75704918 887.30885246 902.20524590
2023 895.18255464 887.72983607 902.63527322
2024 895.60806011 888.15081967 903.06530055
2025 896.03356557 888.57180328 903.49532787
2026 896.45907104 888.99278689 903.92535519
2027 896.88457650 889.41377049 904.35538251
2028 897.31008197 889.83475410 904.78540984
2029 897.73558743 890.25573770 905.21543716
2030 898.16109290 890.67672131 905.64546448
2031 898.58659836 891.09770492 906.07549180
2032 899.01210383 891.51868852 906.50551913
2033 899.43760929 891.93967213 906.93554645
2034 899.86311475 892.36065574 907.36557377
2035 900.28862022 892.78163934 907.79560109
2036 900.71412568 893.20262295 908.22562842
2037 901.13963115 893.62360656 908.65565574
2038 901.56513661 894.04459016 909.08568306
2039 901.99064208 894.46557377 909.51571038
2040 902.41614754 894.88655738 909.94573770
2041 902.84165301 895.30754098 910.37576503
2042 903.26715847 895.72852459 910.80579235
2043 903.69266393 896.14950820 911.23581967
2044 904.11816940 896.57049180 911.66584699
2045 904.54367486 896.99147541 912.09587432
2046 904.96918033 897.41245902 912.52590164
2047 905.39468579 897.83344262 912.95592896
2048 905.82019126 898.25442623 913.38595628
2049 906.24569672 898.67540984 913.81598361
2050 906.67120219 899.09639344 914.24601093
2051 907.09670765 899.51737705 914.67603825
2052 907.52221311 899.93836066 915.10606557
2053 907.94771858 900.35934426 915.53609290
2054 908.37322404 900.78032787 915.96612022
2055 908.79872951 901.20131148 916.39614754
2056 909.22423497 901.62229508 916.82617486
2057 909.64974044 902.04327869 917.25620219
2058 910.07524590 902.46426230 917.68622951
2059 910.50075137 902.88524590 918.11625683
2060 910.92625683 903.30622951 918.54628415
2061 911.35176230 903.72721311 918.97631148
2062 911.77726776 904.14819672 919.40633880
2063 912.20277322 904.56918033 919.83636612
2064 912.62827869 904.99016393 920.26639344
2065 913.05378415 905.41114754 920.69642077
2066 913.47928962 905.83213115 921.12644809
2067 913.90479508 906.25311475 921.55647541
2068 914.33030055 906.67409836 921.98650273
2069 914.75580601 907.09508197 922.41653005
2070 915.18131148 907.51606557 922.84655738
2071 915.60681694 907.93704918 923.27658470
2072 916.03232240 908.35803279 923.70661202
2073 916.45782787 908.77901639 924.13663934
2074 916.88333333 909.20000000 924.56666667
2075 917.30883880 909.62098361 924.99669399
2076 917.73434426 910.04196721 925.42672131
2077 918.15984973 910.46295082 925.85674863
2078 918.58535519 910.88393443 926.28677596
2079 919.01086066 911.30491803 926.71680328
2080 919.43636612 911.72590164 927.14683060
2081 919.86187158 912.14688525 927.57685792
2082 920.28737705 912.56786885 928.00688525
2083 920.71288251 912.98885246 928.43691257
2084 921.13838798 913.40983607 928.86693989
2085 921.56389344 913.83081967 929.29696721
2086 921.98939891 914.25180328 929.72699454
2087 922.41490437 914.67278689 930.15702186
2088 922.84040984 915.09377049 930.58704918
2089 923.26591530 915.51475410 931.01707650
2090 923.69142077 915.93573770 931.44710383
2091 924.11692623 916.35672131 931.87713115
2092 924.54243169 916.77770492 932.30715847
2093 924.96793716 917.19868852 932.73718579
2094 925.39344262 917.61967213 933.16721311
2095 925.81894809 918.04065574 933.59724044
2096 926.24445355 918.46163934 934.02726776
2097 926.66995902 918.88262295 934.45729508
2098 927.09546448 919.30360656 934.88732240
2099 927.52096995 919.72459016 935.31734973
2100 927.94647541 920.14557377 935.74737705
2101 928.37198087 920.56655738 936.17740437
2102 928.79748634 920.98754098 936.60743169
2103 929.22299180 921.40852459 937.03745902
2104 929.64849727 921.82950820 937.46748634
2105 930.07400273 922.25049180 937.89751366
2106 930.49950820 922.67147541 938.32754098
2107 930.92501366 923.09245902 938.75756831
2108 931.35051913 923.51344262 939.18759563
2109 931.77602459 923.93442623 939.61762295
2110 932.20153005 924.35540984 940.04765027
2111 932.62703552 924.77639344 940.47767760
2112 933.05254098 925.19737705 940.90770492
2113 933.47804645 925.61836066 941.33773224
2114 933.90355191 926.03934426 941.76775956
2115 934.32905738 926.46032787 942.19778689
2116 934.75456284 926.88131148 942.62781421
2117 935.18006831 927.30229508 943.05784153
2118 935.60557377 927.72327869 943.48786885
2119 936.03107924 928.14426230 943.91789617
2120 936.45658470 928.56524590 944.34792350
2121 936.88209016 928.98622951 944.77795082
2122 937.30759563 929.40721311 945.20797814
2123 937.73310109 929.82819672 945.63800546
2124 938.15860656 930.24918033 946.06803279
2125 938.58411202 930.67016393 946.49806011
2126 939.00961749 931.09114754 946.92808743
2127 939.43512295 931.51213115 947.35811475
2128 939.86062842 931.93311475 947.78814208
2129 940.28613388 932.35409836 948.21816940
2130 940.71163934 932.77508197 948.64819672
2131 941.13714481 933.19606557 949.07822404
2132 941.56265027 933.61704918 949.50825137
2133 941.98815574 934.03803279 949.93827869
2134 942.41366120 934.45901639 950.36830601
2135 942.83916667 934.88000000 950.79833333
2136 943.26467213 935.30098361 951.22836066
2137 943.69017760 935.72196721 951.65838798
2138 944.11568306 936.14295082 952.08841530
2139 944.54118852 936.56393443 952.51844262
2140 944.96669399 936.98491803 952.94846995
2141 945.39219945 937.40590164 953.37849727
2142 945.81770492 937.82688525 953.80852459
2143 946.24321038 938.24786885 954.23855191
2144 946.66871585 938.66885246 954.66857924
2145 947.09422131 939.08983607 955.09860656
2146 947.51972678 939.51081967 955.52863388
2147 947.94523224 939.93180328 955.95866120
2148 948.37073770 940.35278689 956.38868852
2149 948.79624317 940.77377049 956.81871585
2150 949.22174863 941.19475410 957.24874317
2151 949.64725410 941.61573770 957.67877049
2152 950.07275956 942.03672131 958.10879781
2153 950.49826503 942.45770492 958.53882514
2154 950.92377049 942.87868852 958.96885246
2155 951.34927596 943.29967213 959.39887978
2156 951.77478142 943.72065574 959.82890710
2157 952.20028689 944.14163934 960.25893443
2158 952.62579235 944.56262295 960.68896175
2159 953.05129781 944.98360656 961.11898907
2160 953.47680328 945.40459016 961.54901639
2161 953.90230874 945.82557377 961.97904372
2162 954.32781421 946.24655738 962.40907104
2163 954.75331967 946.66754098 962.83909836
2164 955.17882514 947.08852459 963.26912568
2165 955.60433060 947.50950820 963.69915301
2166 956.02983607 947.93049180 964.12918033
2167 956.45534153 948.35147541 964.55920765
2168 956.88084699 948.77245902 964.98923497
2169 957.30635246 949.19344262 965.41926230
2170 957.73185792 949.61442623 965.84928962
2171 958.15736339 950.03540984 966.27931694
2172 958.58286885 950.45639344 966.70934426
2173 959.00837432 950.87737705 967.13937158
2174 959.43387978 951.29836066 967.56939891
2175 959.85938525 951.71934426 967.99942623
2176 960.28489071 952.14032787 968.42945355
2177 960.71039617 952.56131148 968.85948087
2178 961.13590164 952.98229508 969.28950820
2179 961.56140710 953.40327869 969.71953552
2180 961.98691257 953.82426230 970.14956284
2181 962.41241803 954.24524590 970.57959016
2182 962.83792350 954.66622951 971.00961749
2183 963.26342896 955.08721311 971.43964481
2184 963.68893443 955.50819672 971.86967213
2185 964.11443989 955.92918033 972.29969945
2186 964.53994536 956.35016393 972.72972678
2187 964.96545082 956.77114754 973.15975410
2188 965.39095628 957.19213115 973.58978142
2189 965.81646175 957.61311475 974.01980874
2190 966.24196721 958.03409836 974.44983607
2191 966.66747268 958.45508197 974.87986339
2192 967.09297814 958.87606557 975.30989071
2193 967.51848361 959.29704918 975.73991803
2194 967.94398907 959.71803279 976.16994536
2195 968.36949454 960.13901639 976.59997268
2196 968.79500000 960.56000000 977.03000000
2197 969.20517808 960.96498630 977.44536986
2198 969.61535616 961.36997260 977.86073973
2199 970.02553425 961.77495890 978.27610959
2200 970.43571233 962.17994521 978.69147945
2201 970.84589041 962.58493151 979.10684932
2202 971.25606849 962.98991781 979.52221918
2203 971.66624658 963.39490411 979.93758904
2204 972.07642466 963.79989041 980.35295890
2205 972.48660274 964.20487671 980.76832877
2206 972.89678082 964.60986301 981.18369863
2207 973.30695890 965.01484932 981.59906849
2208 973.71713699 965.41983562 982.01443836
2209 974.12731507 965.82482192 982.42980822
2210 974.53749315 966.22980822 982.84517808
2211 974.94767123 966.63479452 983.26054795
2212 975.35784932 967.03978082 983.67591781
2213 975.76802740 967.44476712 984.09128767
2214 976.17820548 967.84975342 984.50665753
2215 976.58838356 968.25473973 984.92202740
2216 976.99856164 968.65972603 985.33739726
2217 977.40873973 969.06471233 985.75276712
2218 977.81891781 969.46969863 986.16813699
2219 978.22909589 969.87468493 986.58350685
2220 978.63927397 970.27967123 986.99887671
2221 979.04945205 970.68465753 987.41424658
2222 979.45963014 971.08964384 987.82961644
2223 979.86980822 971.49463014 988.24498630
2224 980.27998630 971.89961644 988.66035616
2225 980.69016438 972.30460274 989.07572603
2226 981.10034247 972.70958904 989.49109589
2227 981.51052055 973.11457534 989.90646575
2228 981.92069863 973.51956164 990.32183562
2229 982.33087671 973.92454795 990.73720548
2230 982.74105479 974.32953425 991.15257534
2231 983.15123288 974.73452055 991.56794521
2232 983.56141096 975.13950685 991.98331507
2233 983.97158904 975.54449315 992.39868493
2234 984.38176712 975.94947945 992.81405479
2235 984.79194521 976.35446575 993.22942466
2236 985.20212329 976.75945205 993.64479452
2237 985.61230137 977.16443836 994.06016438
2238 986.02247945 977.56942466 994.47553425
2239 986.43265753 977.97441096 994.89090411
2240 986.84283562 978.37939726 995.30627397
2241 987.25301370 978.78438356 995.72164384
2242 987.66319178 979.18936986 996.13701370
2243 988.07336986 979.59435616 996.55238356
2244 988.48354795 979.99934247 996.96775342
2245 988.89372603 980.40432877 997.38312329
2246 989.30390411 980.80931507 997.79849315
2247 989.71408219 981.21430137 998.21386301
2248 990.12426027 981.61928767 998.62923288
2249 990.53443836 982.02427397 999.04460274
2250 990.94461644 982.42926027 999.45997260
2251 991.35479452 982.83424658 999.87534247
2252 991.76497260 983.23923288 1000.29071233
2253 992.17515068 983.64421918 1000.70608219
2254 992.58532877 984.04920548 1001.12145205
2255 992.99550685 984.45419178 1001.53682192
2256 993.40568493 984.85917808 1001.95219178
2257 993.81586301 985.26416438 1002.36756164
2258 994.22604110 985.66915068 1002.78293151
2259 994.63621918 986.07413699 1003.19830137
2260 995.04639726 986.47912329 1003.61367123
2261 995.45657534 986.88410959 1004.02904110
2262 995.86675342 987.28909589 1004.44441096
2263 996.27693151 987.69408219 1004.85978082
2264 996.68710959 988.09906849 1005.27515068
2265 997.09728767 988.50405479 1005.69052055
2266 997.50746575 988.90904110 1006.10589041
2267 997.91764384 989.31402740 1006.52126027
2268 998.32782192 989.71901370 1006.93663014
2269 998.73800000 990.12400000 1007.35200000
2270 999.14817808 990.52898630 1007.76736986
2271 999.55835616 990.93397260 1008.18273973
2272 999.96853425 991.33895890 1008.59810959
2273 1000.37871233 991.74394521 1009.01347945
2274 1000.78889041 992.14893151 1009.42884932
2275 1001.19906849 992.55391781 1009.84421918
2276 1001.60924658 992.95890411 1010.25958904
2277 1002.01942466 993.36389041 1010.67495890
2278 1002.42960274 993.76887671 1011.09032877
2279 1002.83978082 994.17386301 1011.50569863
2280 1003.24995890 994.57884932 1011.92106849
2281 1003.66013699 994.98383562 1012.33643836
2282 1004.07031507 995.38882192 1012.75180822
2283 1004.48049315 995.79380822 1013.16717808
2284 1004.89067123 996.19879452 1013.58254795
2285 1005.30084932 996.60378082 1013.99791781
2286 1005.71102740 997.00876712 1014.41328767
2287 1006.12120548 997.41375342 1014.82865753
2288 1006.53138356 997.81873973 1015.24402740
2289 1006.94156164 998.22372603 1015.65939726
2290 1007.35173973 998.62871233 1016.07476712
2291 1007.76191781 999.03369863 1016.49013699
2292 1008.17209589 999.43868493 1016.90550685
2293 1008.58227397 999.84367123 1017.32087671
2294 1008.99245205 1000.24865753 1017.73624658
2295 1009.40263014 1000.65364384 1018.15161644
2296 1009.81280822 1001.05863014 1018.56698630
2297 1010.22298630 1001.46361644 1018.98235616
2298 1010.63316438 1001.86860274 1019.39772603
2299 1011.04334247 1002.27358904 1019.81309589
2300 1011.45352055 1002.67857534 1020.22846575
2301 1011.86369863 1003.08356164 1020.64383562
2302 1012.27387671 1003.48854795 1021.05920548
2303 1012.68405479 1003.89353425 1021.47457534
2304 1013.09423288 1004.29852055 1021.88994521
2305 1013.50441096 1004.70350685 1022.30531507
2306 1013.91458904 1005.10849315 1022.72068493
2307 1014.32476712 1005.51347945 1023.13605479
2308 1014.73494521 1005.91846575 1023.55142466
2309 1015.14512329 1006.32345205 1023.96679452
2310 1015.55530137 1006.72843836 1024.38216438
2311 1015.96547945 1007.13342466 1024.79753425
2312 1016.37565753 1007.53841096 1025.21290411
2313 1016.78583562 1007.94339726 1025.62827397
2314 1017.19601370 1008.34838356 1026.04364384
2315 1017.60619178 1008.75336986 1026.45901370
2316 1018.01636986 1009.15835616 1026.87438356
2317 1018.42654795 1009.56334247 1027.28975342
2318 1018.83672603 1009.96832877 1027.70512329
2319 1019.24690411 1010.37331507 1028.12049315
2320 1019.65708219 1010.77830137 1028.53586301
2321 1020.06726027 1011.18328767 1028.95123288
2322 1020.47743836 1011.58827397 1029.36660274
2323 1020.88761644 1011.99326027 1029.78197260
2324 1021.29779452 1012.39824658 1030.19734247
2325 1021.70797260 1012.80323288 1030.61271233
2326 1022.11815068 1013.20821918 1031.02808219
2327 1022.52832877 1013.61320548 1031.44345205
2328 1022.93850685 1014.01819178 1031.85882192
2329 1023.34868493 1014.42317808 1032.27419178
2330 1023.75886301 1014.82816438 1032.68956164
2331 1024.16904110 1015.23315068 1033.10493151
2332 1024.57921918 1015.63813699 1033.52030137
2333 1024.98939726 1016.04312329 1033.93567123
2334 1025.39957534 1016.44810959 1034.35104110
2335 1025.80975342 1016.85309589 1034.76641096
2336 1026.21993151 1017.25808219 1035.18178082
2337 1026.63010959 1017.66306849 1035.59715068
2338 1027.04028767 1018.06805479 1036.01252055
2339 1027.45046575 1018.47304110 1036.42789041
2340 1027.86064384 1018.87802740 1036.84326027
2341 1028.27082192 1019.28301370 1037.25863014
2342 1028.68100000 1019.68800000 1037.67400000
2343 1029.09117808 1020.09298630 1038.08936986
2344 1029.50135616 1020.49797260 1038.50473973
2345 1029.91153425 1020.90295890 1038.92010959
2346 1030.32171233 1021.30794521 1039.33547945
2347 1030.73189041 1021.71293151 1039.75084932
2348 1031.14206849 1022.11791781 1040.16621918
2349 1031.55224658 1022.52290411 1040.58158904
2350 1031.96242466 1022.92789041 1040.99695890
2351 1032.37260274 1023.33287671 1041.41232877
2352 1032.78278082 1023.73786301 1041.82769863
2353 1033.19295890 1024.14284932 1042.24306849
2354 1033.60313699 1024.54783562 1042.65843836
2355 1034.01331507 1024.95282192 1043.07380822
2356 1034.42349315 1025.35780822 1043.48917808
2357 1034.83367123 1025.76279452 1043.90454795
2358 1035.24384932 1026.16778082 1044.31991781
2359 1035.65402740 1026.57276712 1044.73528767
2360 1036.06420548 1026.97775342 1045.15065753
2361 1036.47438356 1027.38273973 1045.56602740
2362 1036.88456164 1027.78772603 1045.98139726
2363 1037.29473973 1028.19271233 1046.39676712
2364 1037.70491781 1028.59769863 1046.81213699
2365 1038.11509589 1029.00268493 1047.22750685
2366 1038.52527397 1029.40767123 1047.64287671
2367 1038.93545205 1029.81265753 1048.05824658
2368 1039.34563014 1030.21764384 1048.47361644
2369 1039.75580822 1030.62263014 1048.88898630
2370 1040.16598630 1031.02761644 1049.30435616
2371 1040.57616438 1031.43260274 1049.71972603
2372 1040.98634247 1031.83758904 1050.13509589
2373 1041.39652055 1032.24257534 1050.55046575
2374 1041.80669863 1032.64756164 1050.96583562
2375 1042.21687671 1033.05254795 1051.38120548
2376 1042.62705479 1033.45753425 1051.79657534
2377 1043.03723288 1033.86252055 1052.21194521
2378 1043.44741096 1034.26750685 1052.62731507
2379 1043.85758904 1034.67249315 1053.04268493
2380 1044.26776712 1035.07747945 1053.45805479
2381 1044.67794521 1035.48246575 1053.87342466
2382 1045.08812329 1035.88745205 1054.28879452
2383 1045.49830137 1036.29243836 1054.70416438
2384 1045.90847945 1036.69742466 1055.11953425
2385 1046.31865753 1037.10241096 1055.53490411
2386 1046.72883562 1037.50739726 1055.95027397
2387 1047.13901370 1037.91238356 1056.36564384
2388 1047.54919178 1038.31736986 1056.78101370
2389 1047.95936986 1038.72235616 1057.19638356
2390 1048.36954795 1039.12734247 1057.61175342
2391 1048.77972603 1039.53232877 1058.02712329
2392 1049.18990411 1039.93731507 1058.44249315
2393 1049.60008219 1040.34230137 1058.85786301
2394 1050.01026027 1040.74728767 1059.27323288
2395 1050.42043836 1041.15227397 1059.68860274
2396 1050.83061644 1041.55726027 1060.10397260
2397 1051.24079452 1041.96224658 1060.51934247
2398 1051.65097260 1042.36723288 1060.93471233
2399 1052.06115068 1042.77221918 1061.35008219
2400 1052.47132877 1043.17720548 1061.76545205
2401 1052.88150685 1043.58219178 1062.18082192
2402 1053.29168493 1043.98717808 1062.59619178
2403 1053.70186301 1044.39216438 1063.01156164
2404 1054.11204110 1044.79715068 1063.42693151
2405 1054.52221918 1045.20213699 1063.84230137
2406 1054.93239726 1045.60712329 1064.25767123
2407 1055.34257534 1046.01210959 1064.67304110
2408 1055.75275342 1046.41709589 1065.08841096
2409 1056.16293151 1046.82208219 1065.50378082
2410 1056.57310959 1047.22706849 1065.91915068
2411 1056.98328767 1047.63205479 1066.33452055
2412 1057.39346575 1048.03704110 1066.74989041
2413 1057.80364384 1048.44202740 1067.16526027
2414 1058.21382192 1048.84701370 1067.58063014
2415 1058.62400000 1049.25200000 1067.99600000
2416 1059.03417808 1049.65698630 1068.41136986
2417 1059.44435616 1050.06197260 1068.82673973
2418 1059.85453425 1050.46695890 1069.24210959
2419 1060.26471233 1050.87194521 1069.65747945
2420 1060.67489041 1051.27693151 1070.07284932
2421 1061.08506849 1051.68191781 1070.48821918
2422 1061.49524658 1052.08690411 1070.90358904
2423 1061.90542466 1052.49189041 1071.31895890
2424 1062.31560274 1052.89687671 1071.73432877
2425 1062.72578082 1053.30186301 1072.14969863
2426 1063.13595890 1053.70684932 1072.56506849
2427 1063.54613699 1054.11183562 1072.98043836
2428 1063.95631507 1054.51682192 1073.39580822
2429 1064.36649315 1054.92180822 1073.81117808
2430 1064.77667123 1055.32679452 1074.22654795
2431 1065.18684932 1055.73178082 1074.64191781
2432 1065.59702740 1056.13676712 1075.05728767
2433 1066.00720548 1056.54175342 1075.47265753
2434 1066.41738356 1056.94673973 1075.88802740
2435 1066.82756164 1057.35172603 1076.30339726
2436 1067.23773973 1057.75671233 1076.71876712
2437 1067.64791781 1058.16169863 1077.13413699
2438 1068.05809589 1058.56668493 1077.54950685
2439 1068.46827397 1058.97167123 1077.96487671
2440 1068.87845205 1059.37665753 1078.38024658
2441 1069.28863014 1059.78164384 1078.79561644
2442 1069.69880822 1060.18663014 1079.21098630
2443 1070.10898630 1060.59161644 1079.62635616
2444 1070.51916438 1060.99660274 1080.04172603
2445 1070.92934247 1061.40158904 1080.45709589
2446 1071.33952055 1061.80657534 1080.87246575
2447 1071.74969863 1062.21156164 1081.28783562
2448 1072.15987671 1062.61654795 1081.70320548
2449 1072.57005479 1063.02153425 1082.11857534
2450 1072.98023288 1063.42652055 1082.53394521
2451 1073.39041096 1063.83150685 1082.94931507
2452 1073.80058904 1064.23649315 1083.36468493
2453 1074.21076712 1064.64147945 1083.78005479
2454 1074.62094521 1065.04646575 1084.19542466
2455 1075.03112329 1065.45145205 1084.61079452
2456 1075.44130137 1065.85643836 1085.02616438
2457 1075.85147945 1066.26142466 1085.44153425
2458 1076.26165753 1066.66641096 1085.85690411
2459 1076.67183562 1067.07139726 1086.27227397
2460 1077.08201370 1067.47638356 1086.68764384
2461 1077.49219178 1067.88136986 1087.10301370
2462 1077.90236986 1068.28635616 1087.51838356
2463 1078.31254795 1068.69134247 1087.93375342
2464 1078.72272603 1069.09632877 1088.34912329
2465 1079.13290411 1069.50131507 1088.76449315
2466 1079.54308219 1069.90630137 1089.17986301
2467 1079.95326027 1070.31128767 1089.59523288
2468 1080.36343836 1070.71627397 1090.01060274
2469 1080.77361644 1071.12126027 1090.42597260
2470 1081.18379452 1071.52624658 1090.84134247
2471 1081.59397260 1071.93123288 1091.25671233
2472 1082.00415068 1072.33621918 1091.67208219
2473 1082.41432877 1072.74120548 1092.08745205
2474 1082.82450685 1073.14619178 1092.50282192
2475 1083.23468493 1073.55117808 1092.91819178
2476 1083.64486301 1073.95616438 1093.33356164
2477 1084.05504110 1074.36115068 1093.74893151
2478 1084.46521918 1074.76613699 1094.16430137
2479 1084.87539726 1075.17112329 1094.57967123
2480 1085.28557534 1075.57610959 1094.99504110
2481 1085.69575342 1075.98109589 1095.41041096
2482 1086.10593151 1076.38608219 1095.82578082
2483 1086.51610959 1076.79106849 1096.24115068
2484 1086.92628767 1077.19605479 1096.65652055
2485 1087.33646575 1077.60104110 1097.07189041
2486 1087.74664384 1078.00602740 1097.48726027
2487 1088.15682192 1078.41101370 1097.90263014
2488 1088.56700000 1078.81600000 1098.31800000
2489 1088.97717808 1079.22098630 1098.73336986
2490 1089.38735616 1079.62597260 1099.14873973
2491 1089.79753425 1080.03095890 1099.56410959
2492 1090.20771233 1080.43594521 1099.97947945
2493 1090.61789041 1080.84093151 1100.39484932
2494 1091.02806849 1081.24591781 1100.81021918
2495 1091.43824658 1081.65090411 1101.22558904
2496 1091.84842466 1082.05589041 1101.64095890
2497 1092.25860274 1082.46087671 1102.05632877
2498 1092.66878082 1082.86586301 1102.47169863
2499 1093.07895890 1083.27084932 1102.88706849
2500 1093.48913699 1083.67583562 1103.30243836
2501 1093.89931507 1084.08082192 1103.71780822
2502 1094.30949315 1084.48580822 1104.13317808
2503 1094.71967123 1084.89079452 1104.54854795
2504 1095.12984932 1085.29578082 1104.96391781
2505 1095.54002740 1085.70076712 1105.37928767
2506 1095.95020548 1086.10575342 1105.79465753
2507 1096.36038356 1086.51073973 1106.21002740
2508 1096.77056164 1086.91572603 1106.62539726
2509 1097.18073973 1087.32071233 1107.04076712
2510 1097.59091781 1087.72569863 1107.45613699
2511 1098.00109589 1088.13068493 1107.87150685
2512 1098.41127397 1088.53567123 1108.28687671
2513 1098.82145205 1088.94065753 1108.70224658
2514 1099.23163014 1089.34564384 1109.11761644
2515 1099.64180822 1089.75063014 1109.53298630
2516 1100.05198630 1090.15561644 1109.94835616
2517 1100.46216438 1090.56060274 1110.36372603
2518 1100.87234247 1090.96558904 1110.77909589
2519 1101.28252055 1091.37057534 1111.19446575
2520 1101.69269863 1091.77556164 1111.60983562
2521 1102.10287671 1092.18054795 1112.02520548
2522 1102.51305479 1092.58553425 1112.44057534
2523 1102.92323288 1092.99052055 1112.85594521
2524 1103.33341096 1093.39550685 1113.27131507
2525 1103.74358904 1093.80049315 1113.68668493
2526 1104.15376712 1094.20547945 1114.10205479
2527 1104.56394521 1094.61046575 1114.51742466
2528 1104.97412329 1095.01545205 1114.93279452
2529 1105.38430137 1095.42043836 1115.34816438
2530 1105.79447945 1095.82542466 1115.76353425
2531 1106.20465753 1096.23041096 1116.17890411
2532 1106.61483562 1096.63539726 1116.59427397
2533 1107.02501370 1097.04038356 1117.00964384
2534 1107.43519178 1097.44536986 1117.42501370
2535 1107.84536986 1097.85035616 1117.84038356
2536 1108.25554795 1098.25534247 1118.25575342
2537 1108.66572603 1098.66032877 1118.67112329
2538 1109.07590411 1099.06531507 1119.08649315
2539 1109.48608219 1099.47030137 1119.50186301
2540 1109.89626027 1099.87528767 1119.91723288
2541 1110.30643836 1100.28027397 1120.33260274
2542 1110.71661644 1100.68526027 1120.74797260
2543 1111.12679452 1101.09024658 1121.16334247
2544 1111.53697260 1101.49523288 1121.57871233
2545 1111.94715068 1101.90021918 1121.99408219
2546 1112.35732877 1102.30520548 1122.40945205
2547 1112.76750685 1102.71019178 1122.82482192
2548 1113.17768493 1103.11517808 1123.24019178
2549 1113.58786301 1103.52016438 1123.65556164
2550 1113.99804110 1103.92515068 1124.07093151
2551 1114.40821918 1104.33013699 1124.48630137
2552 1114.81839726 1104.73512329 1124.90167123
2553 1115.22857534 1105.14010959 1125.31704110
2554 1115.63875342 1105.54509589 1125.73241096
2555 1116.04893151 1105.95008219 1126.14778082
2556 1116.45910959 1106.35506849 1126.56315068
2557 1116.86928767 1106.76005479 1126.97852055
2558 1117.27946575 1107.16504110 1127.39389041
2559 1117.68964384 1107.57002740 1127.80926027
2560 1118.09982192 1107.97501370 1128.22463014
2561 1118.51000000 1108.38000000 1128.64000000
2562 1118.91797260 1108.78400000 1129.05194521
2563 1119.32594521 1109.18800000 1129.46389041
2564 1119.73391781 1109.59200000 1129.87583562
2565 1120.14189041 1109.99600000 1130.28778082
2566 1120.54986301 1110.40000000 1130.69972603
2567 1120.95783562 1110.80400000 1131.11167123
2568 1121.36580822 1111.20800000 1131.52361644
2569 1121.77378082 1111.61200000 1131.93556164
2570 1122.18175342 1112.01600000 1132.34750685
2571 1122.58972603 1112.42000000 1132.75945205
2572 1122.99769863 1112.82400000 1133.17139726
2573 1123.40567123 1113.22800000 1133.58334247
2574 1123.81364384 1113.63200000 1133.99528767
2575 1124.22161644 1114.03600000 1134.40723288
2576 1124.62958904 1114.44000000 1134.81917808
2577 1125.03756164 1114.84400000 1135.23112329
2578 1125.44553425 1115.24800000 1135.64306849
2579 1125.85350685 1115.65200000 1136.05501370
2580 1126.26147945 1116.05600000 1136.46695890
2581 1126.66945205 1116.46000000 1136.87890411
2582 1127.07742466 1116.86400000 1137.29084932
2583 1127.48539726 1117.26800000 1137.70279452
2584 1127.89336986 1117.67200000 1138.11473973
2585 1128.30134247 1118.07600000 1138.52668493
2586 1128.70931507 1118.48000000 1138.93863014
2587 1129.11728767 1118.88400000 1139.35057534
2588 1129.52526027 1119.28800000 1139.76252055
2589 1129.93323288 1119.69200000 1140.17446575
2590 1130.34120548 1120.09600000 1140.58641096
2591 1130.74917808 1120.50000000 1140.99835616
2592 1131.15715068 1120.90400000 1141.41030137
2593 1131.56512329 1121.30800000 1141.82224658
2594 1131.97309589 1121.71200000 1142.23419178
2595 1132.38106849 1122.11600000 1142.64613699
2596 1132.78904110 1122.52000000 1143.05808219
2597 1133.19701370 1122.92400000 1143.47002740
2598 1133.60498630 1123.32800000 1143.88197260
2599 1134.01295890 1123.73200000 1144.29391781
2600 1134.42093151 1124.13600000 1144.70586301
2601 1134.82890411 1124.54000000 1145.11780822
2602 1135.23687671 1124.94400000 1145.52975342
2603 1135.64484932 1125.34800000 1145.94169863
2604 1136.05282192 1125.75200000 1146.35364384
2605 1136.46079452 1126.15600000 1146.76558904
2606 1136.86876712 1126.56000000 1147.17753425
2607 1137.27673973 1126.96400000 1147.58947945
2608 1137.68471233 1127.36800000 1148.00142466
2609 1138.09268493 1127.77200000 1148.41336986
2610 1138.50065753 1128.17600000 1148.82531507
2611 1138.90863014 1128.58000000 1149.23726027
2612 1139.31660274 1128.98400000 1149.64920548
2613 1139.72457534 1129.38800000 1150.06115068
2614 1140.13254795 1129.79200000 1150.47309589
2615 1140.54052055 1130.19600000 1150.88504110
2616 1140.94849315 1130.60000000 1151.29698630
2617 1141.35646575 1131.00400000 1151.70893151
2618 1141.76443836 1131.40800000 1152.12087671
2619 1142.17241096 1131.81200000 1152.53282192
2620 1142.58038356 1132.21600000 1152.94476712
2621 1142.98835616 1132.62000000 1153.35671233
2622 1143.39632877 1133.02400000 1153.76865753
2623 1143.80430137 1133.42800000 1154.18060274
2624 1144.21227397 1133.83200000 1154.59254795
2625 1144.62024658 1134.23600000 1155.00449315
2626 1145.02821918 1134.64000000 1155.41643836
2627 1145.43619178 1135.04400000 1155.82838356
2628 1145.84416438 1135.44800000 1156.24032877
2629 1146.25213699 1135.85200000 1156.65227397
2630 1146.66010959 1136.25600000 1157.06421918
2631 1147.06808219 1136.66000000 1157.47616438
2632 1147.47605479 1137.06400000 1157.88810959
2633 1147.88402740 1137.46800000 1158.30005479
2634 1148.29200000 1137.87200000 1158.71200000
2635 1148.69997260 1138.27600000 1159.12394521
2636 1149.10794521 1138.68000000 1159.53589041
2637 1149.51591781 1139.08400000 1159.94783562
2638 1149.92389041 1139.48800000 1160.35978082
2639 1150.33186301 1139.89200000 1160.77172603
2640 1150.73983562 1140.29600000 1161.18367123
2641 1151.14780822 1140.70000000 1161.59561644
2642 1151.55578082 1141.10400000 1162.00756164
2643 1151.96375342 1141.50800000 1162.41950685
2644 1152.37172603 1141.91200000 1162.83145205
2645 1152.77969863 1142.31600000 1163.24339726
2646 1153.18767123 1142.72000000 1163.65534247
2647 1153.59564384 1143.12400000 1164.06728767
2648 1154.00361644 1143.52800000 1164.47923288
2649 1154.41158904 1143.93200000 1164.89117808
2650 1154.81956164 1144.33600000 1165.30312329
2651 1155.22753425 1144.74000000 1165.71506849
2652 1155.63550685 1145.14400000 1166.12701370
2653 1156.04347945 1145.54800000 1166.53895890
2654 1156.45145205 1145.95200000 1166.95090411
2655 1156.85942466 1146.35600000 1167.36284932
2656 1157.26739726 1146.76000000 1167.77479452
2657 1157.67536986 1147.16400000 1168.18673973
2658 1158.08334247 1147.56800000 1168.59868493
2659 1158.49131507 1147.97200000 1169.01063014
2660 1158.89928767 1148.37600000 1169.42257534
2661 1159.30726027 1148.78000000 1169.83452055
2662 1159.71523288 1149.18400000 1170.24646575
2663 1160.12320548 1149.58800000 1170.65841096
2664 1160.53117808 1149.99200000 1171.07035616
2665 1160.93915068 1150.39600000 1171.48230137
2666 1161.34712329 1150.80000000 1171.89424658
2667 1161.75509589 1151.20400000 1172.30619178
2668 1162.16306849 1151.60800000 1172.71813699
2669 1162.57104110 1152.01200000 1173.13008219
2670 1162.97901370 1152.41600000 1173.54202740
2671 1163.38698630 1152.82000000 1173.95397260
2672 1163.79495890 1153.22400000 1174.36591781
2673 1164.20293151 1153.62800000 1174.77786301
2674 1164.61090411 1154.03200000 1175.18980822
2675 1165.01887671 1154.43600000 1175.60175342
2676 1165.42684932 1154.84000000 1176.01369863
2677 1165.83482192 1155.24400000 1176.42564384
2678 1166.24279452 1155.64800000 1176.83758904
2679 1166.65076712 1156.05200000 1177.24953425
2680 1167.05873973 1156.45600000 1177.66147945
2681 1167.46671233 1156.86000000 1178.07342466
2682 1167.87468493 1157.26400000 1178.48536986
2683 1168.28265753 1157.66800000 1178.89731507
2684 1168.69063014 1158.07200000 1179.30926027
2685 1169.09860274 1158.47600000 1179.72120548
2686 1169.50657534 1158.88000000 1180.13315068
2687 1169.91454795 1159.28400000 1180.54509589
2688 1170.32252055 1159.68800000 1180.95704110
2689 1170.73049315 1160.09200000 1181.36898630
2690 1171.13846575 1160.49600000 1181.78093151
2691 1171.54643836 1160.90000000 1182.19287671
2692 1171.95441096 1161.30400000 1182.60482192
2693 1172.36238356 1161.70800000 1183.01676712
2694 1172.77035616 1162.11200000 1183.42871233
2695 1173.17832877 1162.51600000 1183.84065753
2696 1173.58630137 1162.92000000 1184.25260274
2697 1173.99427397 1163.32400000 1184.66454795
2698 1174.40224658 1163.72800000 1185.07649315
2699 1174.81021918 1164.13200000 1185.48843836
2700 1175.21819178 1164.53600000 1185.90038356
2701 1175.62616438 1164.94000000 1186.31232877
2702 1176.03413699 1165.34400000 1186.72427397
2703 1176.44210959 1165.74800000 1187.13621918
2704 1176.85008219 1166.15200000 1187.54816438
2705 1177.25805479 1166.55600000 1187.96010959
2706 1177.66602740 1166.96000000 1188.37205479
2707 1178.07400000 1167.36400000 1188.78400000
2708 1178.48197260 1167.76800000 1189.19594521
2709 1178.88994521 1168.17200000 1189.60789041
2710 1179.29791781 1168.57600000 1190.01983562
2711 1179.70589041 1168.98000000 1190.43178082
2712 1180.11386301 1169.38400000 1190.84372603
2713 1180.52183562 1169.78800000 1191.25567123
2714 1180.92980822 1170.19200000 1191.66761644
2715 1181.33778082 1170.59600000 1192.07956164
2716 1181.74575342 1171.00000000 1192.49150685
2717 1182.15372603 1171.40400000 1192.90345205
2718 1182.56169863 1171.80800000 1193.31539726
2719 1182.96967123 1172.21200000 1193.72734247
2720 1183.37764384 1172.61600000 1194.13928767
2721 1183.78561644 1173.02000000 1194.55123288
2722 1184.19358904 1173.42400000 1194.96317808
2723 1184.60156164 1173.82800000 1195.37512329
2724 1185.00953425 1174.23200000 1195.78706849
2725 1185.41750685 1174.63600000 1196.19901370
2726 1185.82547945 1175.04000000 1196.61095890
2727 1186.23345205 1175.44400000 1197.02290411
2728 1186.64142466 1175.84800000 1197.43484932
2729 1187.04939726 1176.25200000 1197.84679452
2730 1187.45736986 1176.65600000 1198.25873973
2731 1187.86534247 1177.06000000 1198.67068493
2732 1188.27331507 1177.46400000 1199.08263014
2733 1188.68128767 1177.86800000 1199.49457534
2734 1189.08926027 1178.27200000 1199.90652055
2735 1189.49723288 1178.67600000 1200.31846575
2736 1189.90520548 1179.08000000 1200.73041096
2737 1190.31317808 1179.48400000 1201.14235616
2738 1190.72115068 1179.88800000 1201.55430137
2739 1191.12912329 1180.29200000 1201.96624658
2740 1191.53709589 1180.69600000 1202.37819178
2741 1191.94506849 1181.10000000 1202.79013699
2742 1192.35304110 1181.50400000 1203.20208219
2743 1192.76101370 1181.90800000 1203.61402740
2744 1193.16898630 1182.31200000 1204.02597260
2745 1193.57695890 1182.71600000 1204.43791781
2746 1193.98493151 1183.12000000 1204.84986301
2747 1194.39290411 1183.52400000 1205.26180822
2748 1194.80087671 1183.92800000 1205.67375342
2749 1195.20884932 1184.33200000 1206.08569863
2750 1195.61682192 1184.73600000 1206.49764384
2751 1196.02479452 1185.14000000 1206.90958904
2752 1196.43276712 1185.54400000 1207.32153425
2753 1196.84073973 1185.94800000 1207.73347945
2754 1197.24871233 1186.35200000 1208.14542466
2755 1197.65668493 1186.75600000 1208.55736986
2756 1198.06465753 1187.16000000 1208.96931507
2757 1198.47263014 1187.56400000 1209.38126027
2758 1198.88060274 1187.96800000 1209.79320548
2759 1199.28857534 1188.37200000 1210.20515068
2760 1199.69654795 1188.77600000 1210.61709589
2761 1200.10452055 1189.18000000 1211.02904110
2762 1200.51249315 1189.58400000 1211.44098630
2763 1200.92046575 1189.98800000 1211.85293151
2764 1201.32843836 1190.39200000 1212.26487671
2765 1201.73641096 1190.79600000 1212.67682192
2766 1202.14438356 1191.20000000 1213.08876712
2767 1202.55235616 1191.60400000 1213.50071233
2768 1202.96032877 1192.00800000 1213.91265753
2769 1203.36830137 1192.41200000 1214.32460274
2770 1203.77627397 1192.81600000 1214.73654795
2771 1204.18424658 1193.22000000 1215.14849315
2772 1204.59221918 1193.62400000 1215.56043836
2773 1205.00019178 1194.02800000 1215.97238356
2774 1205.40816438 1194.43200000 1216.38432877
2775 1205.81613699 1194.83600000 1216.79627397
2776 1206.22410959 1195.24000000 1217.20821918
2777 1206.63208219 1195.64400000 1217.62016438
2778 1207.04005479 1196.04800000 1218.03210959
2779 1207.44802740 1196.45200000 1218.44405479
2780 1207.85600000 1196.85600000 1218.85600000
2781 1208.26397260 1197.26000000 1219.26794521
2782 1208.67194521 1197.66400000 1219.67989041
2783 1209.07991781 1198.06800000 1220.09183562
2784 1209.48789041 1198.47200000 1220.50378082
2785 1209.89586301 1198.87600000 1220.91572603
2786 1210.30383562 1199.28000000 1221.32767123
2787 1210.71180822 1199.68400000 1221.73961644
2788 1211.11978082 1200.08800000 1222.15156164
2789 1211.52775342 1200.49200000 1222.56350685
2790 1211.93572603 1200.89600000 1222.97545205
2791 1212.34369863 1201.30000000 1223.38739726
2792 1212.75167123 1201.70400000 1223.79934247
2793 1213.15964384 1202.10800000 1224.21128767
2794 1213.56761644 1202.51200000 1224.62323288
2795 1213.97558904 1202.91600000 1225.03517808
2796 1214.38356164 1203.32000000 1225.44712329
2797 1214.79153425 1203.72400000 1225.85906849
2798 1215.19950685 1204.12800000 1226.27101370
2799 1215.60747945 1204.53200000 1226.68295890
2800 1216.01545205 1204.93600000 1227.09490411
2801 1216.42342466 1205.34000000 1227.50684932
2802 1216.83139726 1205.74400000 1227.91879452
2803 1217.23936986 1206.14800000 1228.33073973
2804 1217.64734247 1206.55200000 1228.74268493
2805 1218.05531507 1206.95600000 1229.15463014
2806 1218.46328767 1207.36000000 1229.56657534
2807 1218.87126027 1207.76400000 1229.97852055
2808 1219.27923288 1208.16800000 1230.39046575
2809 1219.68720548 1208.57200000 1230.80241096
2810 1220.09517808 1208.97600000 1231.21435616
2811 1220.50315068 1209.38000000 1231.62630137
2812 1220.91112329 1209.78400000 1232.03824658
2813 1221.31909589 1210.18800000 1232.45019178
2814 1221.72706849 1210.59200000 1232.86213699
2815 1222.13504110 1210.99600000 1233.27408219
2816 1222.54301370 1211.40000000 1233.68602740
2817 1222.95098630 1211.80400000 1234.09797260
2818 1223.35895890 1212.20800000 1234.50991781
2819 1223.76693151 1212.61200000 1234.92186301
2820 1224.17490411 1213.01600000 1235.33380822
2821 1224.58287671 1213.42000000 1235.74575342
2822 1224.99084932 1213.82400000 1236.15769863
2823 1225.39882192 1214.22800000 1236.56964384
2824 1225.80679452 1214.63200000 1236.98158904
2825 1226.21476712 1215.03600000 1237.39353425
2826 1226.62273973 1215.44000000 1237.80547945
2827 1227.03071233 1215.84400000 1238.21742466
2828 1227.43868493 1216.24800000 1238.62936986
2829 1227.84665753 1216.65200000 1239.04131507
2830 1228.25463014 1217.05600000 1239.45326027
2831 1228.66260274 1217.46000000 1239.86520548
2832 1229.07057534 1217.86400000 1240.27715068
2833 1229.47854795 1218.26800000 1240.68909589
2834 1229.88652055 1218.67200000 1241.10104110
2835 1230.29449315 1219.07600000 1241.51298630
2836 1230.70246575 1219.48000000 1241.92493151
2837 1231.11043836 1219.88400000 1242.33687671
2838 1231.51841096 1220.28800000 1242.74882192
2839 1231.92638356 1220.69200000 1243.16076712
2840 1232.33435616 1221.09600000 1243.57271233
2841 1232.74232877 1221.50000000 1243.98465753
2842 1233.15030137 1221.90400000 1244.39660274
2843 1233.55827397 1222.30800000 1244.80854795
2844 1233.96624658 1222.71200000 1245.22049315
2845 1234.37421918 1223.11600000 1245.63243836
2846 1234.78219178 1223.52000000 1246.04438356
2847 1235.19016438 1223.92400000 1246.45632877
2848 1235.59813699 1224.32800000 1246.86827397
2849 1236.00610959 1224.73200000 1247.28021918
2850 1236.41408219 1225.13600000 1247.69216438
2851 1236.82205479 1225.54000000 1248.10410959
2852 1237.23002740 1225.94400000 1248.51605479
2853 1237.63800000 1226.34800000 1248.92800000
2854 1238.04597260 1226.75200000 1249.33994521
2855 1238.45394521 1227.15600000 1249.75189041
2856 1238.86191781 1227.56000000 1250.16383562
2857 1239.26989041 1227.96400000 1250.57578082
2858 1239.67786301 1228.36800000 1250.98772603
2859 1240.08583562 1228.77200000 1251.39967123
2860 1240.49380822 1229.17600000 1251.81161644
2861 1240.90178082 1229.58000000 1252.22356164
2862 1241.30975342 1229.98400000 1252.63550685
2863 1241.71772603 1230.38800000 1253.04745205
2864 1242.12569863 1230.79200000 1253.45939726
2865 1242.53367123 1231.19600000 1253.87134247
2866 1242.94164384 1231.60000000 1254.28328767
2867 1243.34961644 1232.00400000 1254.69523288
2868 1243.75758904 1232.40800000 1255.10717808
2869 1244.16556164 1232.81200000 1255.51912329
2870 1244.57353425 1233.21600000 1255.93106849
2871 1244.98150685 1233.62000000 1256.34301370
2872 1245.38947945 1234.02400000 1256.75495890
2873 1245.79745205 1234.42800000 1257.16690411
2874 1246.20542466 1234.83200000 1257.57884932
2875 1246.61339726 1235.23600000 1257.99079452
2876 1247.02136986 1235.64000000 1258.40273973
2877 1247.42934247 1236.04400000 1258.81468493
2878 1247.83731507 1236.44800000 1259.22663014
2879 1248.24528767 1236.85200000 1259.63857534
2880 1248.65326027 1237.25600000 1260.05052055
2881 1249.06123288 1237.66000000 1260.46246575
2882 1249.46920548 1238.06400000 1260.87441096
2883 1249.87717808 1238.46800000 1261.28635616
2884 1250.28515068 1238.87200000 1261.69830137
2885 1250.69312329 1239.27600000 1262.11024658
2886 1251.10109589 1239.68000000 1262.52219178
2887 1251.50906849 1240.08400000 1262.93413699
2888 1251.91704110 1240.48800000 1263.34608219
2889 1252.32501370 1240.89200000 1263.75802740
2890 1252.73298630 1241.29600000 1264.16997260
2891 1253.14095890 1241.70000000 1264.58191781
2892 1253.54893151 1242.10400000 1264.99386301
2893 1253.95690411 1242.50800000 1265.40580822
2894 1254.36487671 1242.91200000 1265.81775342
2895 1254.77284932 1243.31600000 1266.22969863
2896 1255.18082192 1243.72000000 1266.64164384
2897 1255.58879452 1244.12400000 1267.05358904
2898 1255.99676712 1244.52800000 1267.46553425
2899 1256.40473973 1244.93200000 1267.87747945
2900 1256.81271233 1245.33600000 1268.28942466
2901 1257.22068493 1245.74000000 1268.70136986
2902 1257.62865753 1246.14400000 1269.11331507
2903 1258.03663014 1246.54800000 1269.52526027
2904 1258.44460274 1246.95200000 1269.93720548
2905 1258.85257534 1247.35600000 1270.34915068
2906 1259.26054795 1247.76000000 1270.76109589
2907 1259.66852055 1248.16400000 1271.17304110
2908 1260.07649315 1248.56800000 1271.58498630
2909 1260.48446575 1248.97200000 1271.99693151
2910 1260.89243836 1249.37600000 1272.40887671
2911 1261.30041096 1249.78000000 1272.82082192
2912 1261.70838356 1250.18400000 1273.23276712
2913 1262.11635616 1250.58800000 1273.64471233
2914 1262.52432877 1250.99200000 1274.05665753
2915 1262.93230137 1251.39600000 1274.46860274
2916 1263.34027397 1251.80000000 1274.88054795
2917 1263.74824658 1252.20400000 1275.29249315
2918 1264.15621918 1252.60800000 1275.70443836
2919 1264.56419178 1253.01200000 1276.11638356
2920 1264.97216438 1253.41600000 1276.52832877
2921 1265.38013699 1253.82000000 1276.94027397
2922 1265.78810959 1254.22400000 1277.35221918
2923 1266.19608219 1254.62800000 1277.76416438
2924 1266.60405479 1255.03200000 1278.17610959
2925 1267.01202740 1255.43600000 1278.58805479
2926 1267.42000000 1255.84000000 1279.00000000
2927 1267.83137363 1256.24692308 1279.41582418
2928 1268.24274725 1256.65384615 1279.83164835
2929 1268.65412088 1257.06076923 1280.24747253
2930 1269.06549451 1257.46769231 1280.66329670
2931 1269.47686813 1257.87461538 1281.07912088
2932 1269.88824176 1258.28153846 1281.49494505
2933 1270.29961538 1258.68846154 1281.91076923
2934 1270.71098901 1259.09538462 1282.32659341
2935 1271.12236264 1259.50230769 1282.74241758
2936 1271.53373626 1259.90923077 1283.15824176
2937 1271.94510989 1260.31615385 1283.57406593
2938 1272.35648352 1260.72307692 1283.98989011
2939 1272.76785714 1261.13000000 1284.40571429
2940 1273.17923077 1261.53692308 1284.82153846
2941 1273.59060440 1261.94384615 1285.23736264
2942 1274.00197802 1262.35076923 1285.65318681
2943 1274.41335165 1262.75769231 1286.06901099
2944 1274.82472527 1263.16461538 1286.48483516
2945 1275.23609890 1263.57153846 1286.90065934
2946 1275.64747253 1263.97846154 1287.31648352
2947 1276.05884615 1264.38538462 1287.73230769
2948 1276.47021978 1264.79230769 1288.14813187
2949 1276.88159341 1265.19923077 1288.56395604
2950 1277.29296703 1265.60615385 1288.97978022
2951 1277.70434066 1266.01307692 1289.39560440
2952 1278.11571429 1266.42000000 1289.81142857
2953 1278.52708791 1266.82692308 1290.22725275
2954 1278.93846154 1267.23384615 1290.64307692
2955 1279.34983516 1267.64076923 1291.05890110
2956 1279.76120879 1268.04769231 1291.47472527
2957 1280.17258242 1268.45461538 1291.89054945
2958 1280.58395604 1268.86153846 1292.30637363
2959 1280.99532967 1269.26846154 1292.72219780
2960 1281.40670330 1269.67538462 1293.13802198
2961 1281.81807692 1270.08230769 1293.55384615
2962 1282.22945055 1270.48923077 1293.96967033
2963 1282.64082418 1270.89615385 1294.38549451
2964 1283.05219780 1271.30307692 1294.80131868
2965 1283.46357143 1271.71000000 1295.21714286
2966 1283.87494505 1272.11692308 1295.63296703
2967 1284.28631868 1272.52384615 1296.04879121
2968 1284.69769231 1272.93076923 1296.46461538
2969 1285.10906593 1273.33769231 1296.88043956
2970 1285.52043956 1273.74461538 1297.29626374
2971 1285.93181319 1274.15153846 1297.71208791
2972 1286.34318681 1274.55846154 1298.12791209
2973 1286.75456044 1274.96538462 1298.54373626
2974 1287.16593407 1275.37230769 1298.95956044
2975 1287.57730769 1275.77923077 1299.37538462
2976 1287.98868132 1276.18615385 1299.79120879
2977 1288.40005495 1276.59307692 1300.20703297
2978 1288.81142857 1277.00000000 1300.62285714
2979 1289.22280220 1277.40692308 1301.03868132
2980 1289.63417582 1277.81384615 1301.45450549
2981 1290.04554945 1278.22076923 1301.87032967
2982 1290.45692308 1278.62769231 1302.28615385
2983 1290.86829670 1279.03461538 1302.70197802
2984 1291.27967033 1279.44153846 1303.11780220
2985 1291.69104396 1279.84846154 1303.53362637
2986 1292.10241758 1280.25538462 1303.94945055
2987 1292.51379121 1280.66230769 1304.36527473
2988 1292.92516484 1281.06923077 1304.78109890
2989 1293.33653846 1281.47615385 1305.19692308
2990 1293.74791209 1281.88307692 1305.61274725
2991 1294.15928571 1282.29000000 1306.02857143
2992 1294.57065934 1282.69692308 1306.44439560
2993 1294.98203297 1283.10384615 1306.86021978
2994 1295.39340659 1283.51076923 1307.27604396
2995 1295.80478022 1283.91769231 1307.69186813
2996 1296.21615385 1284.32461538 1308.10769231
2997 1296.62752747 1284.73153846 1308.52351648
2998 1297.03890110 1285.13846154 1308.93934066
2999 1297.45027473 1285.54538462 1309.35516484
3000 1297.86164835 1285.95230769 1309.77098901
3001 1298.27302198 1286.35923077 1310.18681319
3002 1298.68439560 1286.76615385 1310.60263736
3003 1299.09576923 1287.17307692 1311.01846154
3004 1299.50714286 1287.58000000 1311.43428571
3005 1299.91851648 1287.98692308 1311.85010989
3006 1300.32989011 1288.39384615 1312.26593407
3007 1300.74126374 1288.80076923 1312.68175824
3008 1301.15263736 1289.20769231 1313.09758242
3009 1301.56401099 1289.61461538 1313.51340659
3010 1301.97538462 1290.02153846 1313.92923077
3011 1302.38675824 1290.42846154 1314.34505495
3012 1302.79813187 1290.83538462 1314.76087912
3013 1303.20950549 1291.24230769 1315.17670330
3014 1303.62087912 1291.64923077 1315.59252747
3015 1304.03225275 1292.05615385 1316.00835165
3016 1304.44362637 1292.46307692 1316.42417582
3017 1304.85500000 1292.87000000 1316.84000000
3018 1305.26637363 1293.27692308 1317.25582418
3019 1305.67774725 1293.68384615 1317.67164835
3020 1306.08912088 1294.09076923 1318.08747253
3021 1306.50049451 1294.49769231 1318.50329670
3022 1306.91186813 1294.90461538 1318.91912088
3023 1307.32324176 1295.31153846 1319.33494505
3024 1307.73461538 1295.71846154 1319.75076923
3025 1308.14598901 1296.12538462 1320.16659341
3026 1308.55736264 1296.53230769 1320.58241758
3027 1308.96873626 1296.93923077 1320.99824176
3028 1309.38010989 1297.34615385 1321.41406593
3029 1309.79148352 1297.75307692 1321.82989011
3030 1310.20285714 1298.16000000 1322.24571429
3031 1310.61423077 1298.56692308 1322.66153846
3032 1311.02560440 1298.97384615 1323.07736264
3033 1311.43697802 1299.38076923 1323.49318681
3034 1311.84835165 1299.78769231 1323.90901099
3035 1312.25972527 1300.19461538 1324.32483516
3036 1312.67109890 1300.60153846 1324.74065934
3037 1313.08247253 1301.00846154 1325.15648352
3038 1313.49384615 1301.41538462 1325.57230769
3039 1313.90521978 1301.82230769 1325.98813187
3040 1314.31659341 1302.22923077 1326.40395604
3041 1314.72796703 1302.63615385 1326.81978022
3042 1315.13934066 1303.04307692 1327.23560440
3043 1315.55071429 1303.45000000 1327.65142857
3044 1315.96208791 1303.85692308 1328.06725275
3045 1316.37346154 1304.26384615 1328.48307692
3046 1316.78483516 1304.67076923 1328.89890110
3047 1317.19620879 1305.07769231 1329.31472527
3048 1317.60758242 1305.48461538 1329.73054945
3049 1318.01895604 1305.89153846 1330.14637363
3050 1318.43032967 1306.29846154 1330.56219780
3051 1318.84170330 1306.70538462 1330.97802198
3052 1319.25307692 1307.11230769 1331.39384615
3053 1319.66445055 1307.51923077 1331.80967033
3054 1320.07582418 1307.92615385 1332.22549451
3055 1320.48719780 1308.33307692 1332.64131868
3056 1320.89857143 1308.74000000 1333.05714286
3057 1321.30994505 1309.14692308 1333.47296703
3058 1321.72131868 1309.55384615 1333.88879121
3059 1322.13269231 1309.96076923 1334.30461538
3060 1322.54406593 1310.36769231 1334.72043956
3061 1322.95543956 1310.77461538 1335.13626374
3062 1323.36681319 1311.18153846 1335.55208791
3063 1323.77818681 1311.58846154 1335.96791209
3064 1324.18956044 1311.99538462 1336.38373626
3065 1324.60093407 1312.40230769 1336.79956044
3066 1325.01230769 1312.80923077 1337.21538462
3067 1325.42368132 1313.21615385 1337.63120879
3068 1325.83505495 1313.62307692 1338.04703297
3069 1326.24642857 1314.03000000 1338.46285714
3070 1326.65780220 1314.43692308 1338.87868132
3071 1327.06917582 1314.84384615 1339.29450549
3072 1327.48054945 1315.25076923 1339.71032967
3073 1327.89192308 1315.65769231 1340.12615385
3074 1328.30329670 1316.06461538 1340.54197802
3075 1328.71467033 1316.47153846 1340.95780220
3076 1329.12604396 1316.87846154 1341.37362637
3077 1329.53741758 1317.28538462 1341.78945055
3078 1329.94879121 1317.69230769 1342.20527473
3079 1330.36016484 1318.09923077 1342.62109890
3080 1330.77153846 1318.50615385 1343.03692308
3081 1331.18291209 1318.91307692 1343.45274725
3082 1331.59428571 1319.32000000 1343.86857143
3083 1332.00565934 1319.72692308 1344.28439560
3084 1332.41703297 1320.13384615 1344.70021978
3085 1332.82840659 1320.54076923 1345.11604396
3086 1333.23978022 1320.94769231 1345.53186813
3087 1333.65115385 1321.35461538 1345.94769231
3088 1334.06252747 1321.76153846 1346.36351648
3089 1334.47390110 1322.16846154 1346.77934066
3090 1334.88527473 1322.57538462 1347.19516484
3091 1335.29664835 1322.98230769 1347.61098901
3092 1335.70802198 1323.38923077 1348.02681319
3093 1336.11939560 1323.79615385 1348.44263736
3094 1336.53076923 1324.20307692 1348.85846154
3095 1336.94214286 1324.61000000 1349.27428571
3096 1337.35351648 1325.01692308 1349.69010989
3097 1337.76489011 1325.42384615 1350.10593407
3098 1338.17626374 1325.83076923 1350.52175824
3099 1338.58763736 1326.23769231 1350.93758242
3100 1338.99901099 1326.64461538 1351.35340659
3101 1339.41038462 1327.05153846 1351.76923077
3102 1339.82175824 1327.45846154 1352.18505495
3103 1340.23313187 1327.86538462 1352.60087912
3104 1340.64450549 1328.27230769 1353.01670330
3105 1341.05587912 1328.67923077 1353.43252747
3106 1341.46725275 1329.08615385 1353.84835165
3107 1341.87862637 1329.49307692 1354.26417582
3108 1342.29000000 1329.90000000 1354.68000000
3109 1342.70137363 1330.30692308 1355.09582418
3110 1343.11274725 1330.71384615 1355.51164835
3111 1343.52412088 1331.12076923 1355.92747253
3112 1343.93549451 1331.52769231 1356.34329670
3113 1344.34686813 1331.93461538 1356.75912088
3114 1344.75824176 1332.34153846 1357.17494505
3115 1345.16961538 1332.74846154 1357.59076923
3116 1345.58098901 1333.15538462 1358.00659341
3117 1345.99236264 1333.56230769 1358.42241758
3118 1346.40373626 1333.96923077 1358.83824176
3119 1346.81510989 1334.37615385 1359.25406593
3120 1347.22648352 1334.78307692 1359.66989011
3121 1347.63785714 1335.19000000 1360.08571429
3122 1348.04923077 1335.59692308 1360.50153846
3123 1348.46060440 1336.00384615 1360.91736264
3124 1348.87197802 1336.41076923 1361.33318681
3125 1349.28335165 1336.81769231 1361.74901099
3126 1349.69472527 1337.22461538 1362.16483516
3127 1350.10609890 1337.63153846 1362.58065934
3128 1350.51747253 1338.03846154 1362.99648352
3129 1350.92884615 1338.44538462 1363.41230769
3130 1351.34021978 1338.85230769 1363.82813187
3131 1351.75159341 1339.25923077 1364.24395604
3132 1352.16296703 1339.66615385 1364.65978022
3133 1352.57434066 1340.07307692 1365.07560440
3134 1352.98571429 1340.48000000 1365.49142857
3135 1353.39708791 1340.88692308 1365.90725275
3136 1353.80846154 1341.29384615 1366.32307692
3137 1354.21983516 1341.70076923 1366.73890110
3138 1354.63120879 1342.10769231 1367.15472527
3139 1355.04258242 1342.51461538 1367.57054945
3140 1355.45395604 1342.92153846 1367.98637363
3141 1355.86532967 1343.32846154 1368.40219780
3142 1356.27670330 1343.73538462 1368.81802198
3143 1356.68807692 1344.14230769 1369.23384615
3144 1357.09945055 1344.54923077 1369.64967033
3145 1357.51082418 1344.95615385 1370.06549451
3146 1357.92219780 1345.36307692 1370.48131868
3147 1358.33357143 1345.77000000 1370.89714286
3148 1358.74494505 1346.17692308 1371.31296703
3149 1359.15631868 1346.58384615 1371.72879121
3150 1359.56769231 1346.99076923 1372.14461538
3151 1359.97906593 1347.39769231 1372.56043956
3152 1360.39043956 1347.80461538 1372.97626374
3153 1360.80181319 1348.21153846 1373.39208791
3154 1361.21318681 1348.61846154 1373.80791209
3155 1361.62456044 1349.02538462 1374.22373626
3156 1362.03593407 1349.43230769 1374.63956044
3157 1362.44730769 1349.83923077 1375.05538462
3158 1362.85868132 1350.24615385 1375.47120879
3159 1363.27005495 1350.65307692 1375.88703297
3160 1363.68142857 1351.06000000 1376.30285714
3161 1364.09280220 1351.46692308 1376.71868132
3162 1364.50417582 1351.87384615 1377.13450549
3163 1364.91554945 1352.28076923 1377.55032967
3164 1365.32692308 1352.68769231 1377.96615385
3165 1365.73829670 1353.09461538 1378.38197802
3166 1366.14967033 1353.50153846 1378.79780220
3167 1366.56104396 1353.90846154 1379.21362637
3168 1366.97241758 1354.31538462 1379.62945055
3169 1367.38379121 1354.72230769 1380.04527473
3170 1367.79516484 1355.12923077 1380.46109890
3171 1368.20653846 1355.53615385 1380.87692308
3172 1368.61791209 1355.94307692 1381.29274725
3173 1369.02928571 1356.35000000 1381.70857143
3174 1369.44065934 1356.75692308 1382.12439560
3175 1369.85203297 1357.16384615 1382.54021978
3176 1370.26340659 1357.57076923 1382.95604396
3177 1370.67478022 1357.97769231 1383.37186813
3178 1371.08615385 1358.38461538 1383.78769231
3179 1371.49752747 1358.79153846 1384.20351648
3180 1371.90890110 1359.19846154 1384.61934066
3181 1372.32027473 1359.60538462 1385.03516484
3182 1372.73164835 1360.01230769 1385.45098901
3183 1373.14302198 1360.41923077 1385.86681319
3184 1373.55439560 1360.82615385 1386.28263736
3185 1373.96576923 1361.23307692 1386.69846154
3186 1374.37714286 1361.64000000 1387.11428571
3187 1374.78851648 1362.04692308 1387.53010989
3188 1375.19989011 1362.45384615 1387.94593407
3189 1375.61126374 1362.86076923 1388.36175824
3190 1376.02263736 1363.26769231 1388.77758242
3191 1376.43401099 1363.67461538 1389.19340659
3192 1376.84538462 1364.08153846 1389.60923077
3193 1377.25675824 1364.48846154 1390.02505495
3194 1377.66813187 1364.89538462 1390.44087912
3195 1378.07950549 1365.30230769 1390.85670330
3196 1378.49087912 1365.70923077 1391.27252747
3197 1378.90225275 1366.11615385 1391.68835165
3198 1379.31362637 1366.52307692 1392.10417582
3199 1379.72500000 1366.93000000 1392.52000000
3200 1380.13637363 1367.33692308 1392.93582418
3201 1380.54774725 1367.74384615 1393.35164835
3202 1380.95912088 1368.15076923 1393.76747253
3203 1381.37049451 1368.55769231 1394.18329670
3204 1381.78186813 1368.96461538 1394.59912088
3205 1382.19324176 1369.37153846 1395.01494505
3206 1382.60461538 1369.77846154 1395.43076923
3207 1383.01598901 1370.18538462 1395.84659341
3208 1383.42736264 1370.59230769 1396.26241758
3209 1383.83873626 1370.99923077 1396.67824176
3210 1384.25010989 1371.40615385 1397.09406593
3211 1384.66148352 1371.81307692 1397.50989011
3212 1385.07285714 1372.22000000 1397.92571429
3213 1385.48423077 1372.62692308 1398.34153846
3214 1385.89560440 1373.03384615 1398.75736264
3215 1386.30697802 1373.44076923 1399.17318681
3216 1386.71835165 1373.84769231 1399.58901099
3217 1387.12972527 1374.25461538 1400.00483516
3218 1387.54109890 1374.66153846 1400.42065934
3219 1387.95247253 1375.06846154 1400.83648352
3220 1388.36384615 1375.47538462 1401.25230769
3221 1388.77521978 1375.88230769 1401.66813187
3222 1389.18659341 1376.28923077 1402.08395604
3223 1389.59796703 1376.69615385 1402.49978022
3224 1390.00934066 1377.10307692 1402.91560440
3225 1390.42071429 1377.51000000 1403.33142857
3226 1390.83208791 1377.91692308 1403.74725275
3227 1391.24346154 1378.32384615 1404.16307692
3228 1391.65483516 1378.73076923 1404.57890110
3229 1392.06620879 1379.13769231 1404.99472527
3230 1392.47758242 1379.54461538 1405.41054945
3231 1392.88895604 1379.95153846 1405.82637363
3232 1393.30032967 1380.35846154 1406.24219780
3233 1393.71170330 1380.76538462 1406.65802198
3234 1394.12307692 1381.17230769 1407.07384615
3235 1394.53445055 1381.57923077 1407.48967033
3236 1394.94582418 1381.98615385 1407.90549451
3237 1395.35719780 1382.39307692 1408.32131868
3238 1395.76857143 1382.80000000 1408.73714286
3239 1396.17994505 1383.20692308 1409.15296703
3240 1396.59131868 1383.61384615 1409.56879121
3241 1397.00269231 1384.02076923 1409.98461538
3242 1397.41406593 1384.42769231 1410.40043956
3243 1397.82543956 1384.83461538 1410.81626374
3244 1398.23681319 1385.24153846 1411.23208791
3245 1398.64818681 1385.64846154 1411.64791209
3246 1399.05956044 1386.05538462 1412.06373626
3247 1399.47093407 1386.46230769 1412.47956044
3248 1399.88230769 1386.86923077 1412.89538462
3249 1400.29368132 1387.27615385 1413.31120879
3250 1400.70505495 1387.68307692 1413.72703297
3251 1401.11642857 1388.09000000 1414.14285714
3252 1401.52780220 1388.49692308 1414.55868132
3253 1401.93917582 1388.90384615 1414.97450549
3254 1402.35054945 1389.31076923 1415.39032967
3255 1402.76192308 1389.71769231 1415.80615385
3256 1403.17329670 1390.12461538 1416.22197802
3257 1403.58467033 1390.53153846 1416.63780220
3258 1403.99604396 1390.93846154 1417.05362637
3259 1404.40741758 1391.34538462 1417.46945055
3260 1404.81879121 1391.75230769 1417.88527473
3261 1405.23016484 1392.15923077 1418.30109890
3262 1405.64153846 1392.56615385 1418.71692308
3263 1406.05291209 1392.97307692 1419.13274725
3264 1406.46428571 1393.38000000 1419.54857143
3265 1406.87565934 1393.78692308 1419.96439560
3266 1407.28703297 1394.19384615 1420.38021978
3267 1407.69840659 1394.60076923 1420.79604396
3268 1408.10978022 1395.00769231 1421.21186813
3269 1408.52115385 1395.41461538 1421.62769231
3270 1408.93252747 1395.82153846 1422.04351648
3271 1409.34390110 1396.22846154 1422.45934066
3272 1409.75527473 1396.63538462 1422.87516484
3273 1410.16664835 1397.04230769 1423.29098901
3274 1410.57802198 1397.44923077 1423.70681319
3275 1410.98939560 1397.85615385 1424.12263736
3276 1411.40076923 1398.26307692 1424.53846154
3277 1411.81214286 1398.67000000 1424.95428571
3278 1412.22351648 1399.07692308 1425.37010989
3279 1412.63489011 1399.48384615 1425.78593407
3280 1413.04626374 1399.89076923 1426.20175824
3281 1413.45763736 1400.29769231 1426.61758242
3282 1413.86901099 1400.70461538 1427.03340659
3283 1414.28038462 1401.11153846 1427.44923077
3284 1414.69175824 1401.51846154 1427.86505495
3285 1415.10313187 1401.92538462 1428.28087912
3286 1415.51450549 1402.33230769 1428.69670330
3287 1415.92587912 1402.73923077 1429.11252747
3288 1416.33725275 1403.14615385 1429.52835165
3289 1416.74862637 1403.55307692 1429.94417582
3290 1417.16000000 1403.96000000 1430.36000000
3291 1417.56279292 1404.35752044 1430.76806540
3292 1417.96558583 1404.75504087 1431.17613079
3293 1418.36837875 1405.15256131 1431.58419619
3294 1418.77117166 1405.55008174 1431.99226158
3295 1419.17396458 1405.94760218 1432.40032698
3296 1419.57675749 1406.34512262 1432.80839237
3297 1419.97955041 1406.74264305 1433.21645777
3298 1420.38234332 1407.14016349 1433.62452316
3299 1420.78513624 1407.53768392 1434.03258856
3300 1421.18792916 1407.93520436 1434.44065395
3301 1421.59072207 1408.33272480 1434.84871935
3302 1421.99351499 1408.73024523 1435.25678474
3303 1422.39630790 1409.12776567 1435.66485014
3304 1422.79910082 1409.52528610 1436.07291553
3305 1423.20189373 1409.92280654 1436.48098093
3306 1423.60468665 1410.32032698 1436.88904632
3307 1424.00747956 1410.71784741 1437.29711172
3308 1424.41027248 1411.11536785 1437.70517711
3309 1424.81306540 1411.51288828 1438.11324251
3310 1425.21585831 1411.91040872 1438.52130790
3311 1425.61865123 1412.30792916 1438.92937330
3312 1426.02144414 1412.70544959 1439.33743869
3313 1426.42423706 1413.10297003 1439.74550409
3314 1426.82702997 1413.50049046 1440.15356948
3315 1427.22982289 1413.89801090 1440.56163488
3316 1427.63261580 1414.29553134 1440.96970027
3317 1428.03540872 1414.69305177 1441.37776567
3318 1428.43820163 1415.09057221 1441.78583106
3319 1428.84099455 1415.48809264 1442.19389646
3320 1429.24378747 1415.88561308 1442.60196185
3321 1429.64658038 1416.28313352 1443.01002725
3322 1430.04937330 1416.68065395 1443.41809264
3323 1430.45216621 1417.07817439 1443.82615804
3324 1430.85495913 1417.47569482 1444.23422343
3325 1431.25775204 1417.87321526 1444.64228883
3326 1431.66054496 1418.27073569 1445.05035422
3327 1432.06333787 1418.66825613 1445.45841962
3328 1432.46613079 1419.06577657 1445.86648501
3329 1432.86892371 1419.46329700 1446.27455041
3330 1433.27171662 1419.86081744 1446.68261580
3331 1433.67450954 1420.25833787 1447.09068120
3332 1434.07730245 1420.65585831 1447.49874659
3333 1434.48009537 1421.05337875 1447.90681199
3334 1434.88288828 1421.45089918 1448.31487738
3335 1435.28568120 1421.84841962 1448.72294278
3336 1435.68847411 1422.24594005 1449.13100817
3337 1436.09126703 1422.64346049 1449.53907357
3338 1436.49405995 1423.04098093 1449.94713896
3339 1436.89685286 1423.43850136 1450.35520436
3340 1437.29964578 1423.83602180 1450.76326975
3341 1437.70243869 1424.23354223 1451.17133515
3342 1438.10523161 1424.63106267 1451.57940055
3343 1438.50802452 1425.02858311 1451.98746594
3344 1438.91081744 1425.42610354 1452.39553134
3345 1439.31361035 1425.82362398 1452.80359673
3346 1439.71640327 1426.22114441 1453.21166213
3347 1440.11919619 1426.61866485 1453.61972752
3348 1440.52198910 1427.01618529 1454.02779292
3349 1440.92478202 1427.41370572 1454.43585831
3350 1441.32757493 1427.81122616 1454.84392371
3351 1441.73036785 1428.20874659 1455.25198910
3352 1442.13316076 1428.60626703 1455.66005450
3353 1442.53595368 1429.00378747 1456.06811989
3354 1442.93874659 1429.40130790 1456.47618529
3355 1443.34153951 1429.79882834 1456.88425068
3356 1443.74433243 1430.19634877 1457.29231608
3357 1444.14712534 1430.59386921 1457.70038147
3358 1444.54991826 1430.99138965 1458.10844687
3359 1444.95271117 1431.38891008 1458.51651226
3360 1445.35550409 1431.78643052 1458.92457766
3361 1445.75829700 1432.18395095 1459.33264305
3362 1446.16108992 1432.58147139 1459.74070845
3363 1446.56388283 1432.97899183 1460.14877384
3364 1446.96667575 1433.37651226 1460.55683924
3365 1447.36946866 1433.77403270 1460.96490463
3366 1447.77226158 1434.17155313 1461.37297003
3367 1448.17505450 1434.56907357 1461.78103542
3368 1448.57784741 1434.96659401 1462.18910082
3369 1448.98064033 1435.36411444 1462.59716621
3370 1449.38343324 1435.76163488 1463.00523161
3371 1449.78622616 1436.15915531 1463.41329700
3372 1450.18901907 1436.55667575 1463.82136240
3373 1450.59181199 1436.95419619 1464.22942779
3374 1450.99460490 1437.35171662 1464.63749319
3375 1451.39739782 1437.74923706 1465.04555858
3376 1451.80019074 1438.14675749 1465.45362398
3377 1452.20298365 1438.54427793 1465.86168937
3378 1452.60577657 1438.94179837 1466.26975477
3379 1453.00856948 1439.33931880 1466.67782016
3380 1453.41136240 1439.73683924 1467.08588556
3381 1453.81415531 1440.13435967 1467.49395095
3382 1454.21694823 1440.53188011 1467.90201635
3383 1454.61974114 1440.92940055 1468.31008174
3384 1455.02253406 1441.32692098 1468.71814714
3385 1455.42532698 1441.72444142 1469.12621253
3386 1455.82811989 1442.12196185 1469.53427793
3387 1456.23091281 1442.51948229 1469.94234332
3388 1456.63370572 1442.91700272 1470.35040872
3389 1457.03649864 1443.31452316 1470.75847411
3390 1457.43929155 1443.71204360 1471.16653951
3391 1457.84208447 1444.10956403 1471.57460490
3392 1458.24487738 1444.50708447 1471.98267030
3393 1458.64767030 1444.90460490 1472.39073569
3394 1459.05046322 1445.30212534 1472.79880109
3395 1459.45325613 1445.69964578 1473.20686649
3396 1459.85604905 1446.09716621 1473.61493188
3397 1460.25884196 1446.49468665 1474.02299728
3398 1460.66163488 1446.89220708 1474.43106267
3399 1461.06442779 1447.28972752 1474.83912807
3400 1461.46722071 1447.68724796 1475.24719346
3401 1461.87001362 1448.08476839 1475.65525886
3402 1462.27280654 1448.48228883 1476.06332425
3403 1462.67559946 1448.87980926 1476.47138965
3404 1463.07839237 1449.27732970 1476.87945504
3405 1463.48118529 1449.67485014 1477.28752044
3406 1463.88397820 1450.07237057 1477.69558583
3407 1464.28677112 1450.46989101 1478.10365123
3408 1464.68956403 1450.86741144 1478.51171662
3409 1465.09235695 1451.26493188 1478.91978202
3410 1465.49514986 1451.66245232 1479.32784741
3411 1465.89794278 1452.05997275 1479.73591281
3412 1466.30073569 1452.45749319 1480.14397820
3413 1466.70352861 1452.85501362 1480.55204360
3414 1467.10632153 1453.25253406 1480.96010899
3415 1467.50911444 1453.65005450 1481.36817439
3416 1467.91190736 1454.04757493 1481.77623978
3417 1468.31470027 1454.44509537 1482.18430518
3418 1468.71749319 1454.84261580 1482.59237057
3419 1469.12028610 1455.24013624 1483.00043597
3420 1469.52307902 1455.63765668 1483.40850136
3421 1469.92587193 1456.03517711 1483.81656676
3422 1470.32866485 1456.43269755 1484.22463215
3423 1470.73145777 1456.83021798 1484.63269755
3424 1471.13425068 1457.22773842 1485.04076294
3425 1471.53704360 1457.62525886 1485.44882834
3426 1471.93983651 1458.02277929 1485.85689373
3427 1472.34262943 1458.42029973 1486.26495913
3428 1472.74542234 1458.81782016 1486.67302452
3429 1473.14821526 1459.21534060 1487.08108992
3430 1473.55100817 1459.61286104 1487.48915531
3431 1473.95380109 1460.01038147 1487.89722071
3432 1474.35659401 1460.40790191 1488.30528610
3433 1474.75938692 1460.80542234 1488.71335150
3434 1475.16217984 1461.20294278 1489.12141689
3435 1475.56497275 1461.60046322 1489.52948229
3436 1475.96776567 1461.99798365 1489.93754768
3437 1476.37055858 1462.39550409 1490.34561308
3438 1476.77335150 1462.79302452 1490.75367847
3439 1477.17614441 1463.19054496 1491.16174387
3440 1477.57893733 1463.58806540 1491.56980926
3441 1477.98173025 1463.98558583 1491.97787466
3442 1478.38452316 1464.38310627 1492.38594005
3443 1478.78731608 1464.78062670 1492.79400545
3444 1479.19010899 1465.17814714 1493.20207084
3445 1479.59290191 1465.57566757 1493.61013624
3446 1479.99569482 1465.97318801 1494.01820163
3447 1480.39848774 1466.37070845 1494.42626703
3448 1480.80128065 1466.76822888 1494.83433243
3449 1481.20407357 1467.16574932 1495.24239782
3450 1481.60686649 1467.56326975 1495.65046322
3451 1482.00965940 1467.96079019 1496.05852861
3452 1482.41245232 1468.35831063 1496.46659401
3453 1482.81524523 1468.75583106 1496.87465940
3454 1483.21803815 1469.15335150 1497.28272480
3455 1483.62083106 1469.55087193 1497.69079019
3456 1484.02362398 1469.94839237 1498.09885559
3457 1484.42641689 1470.34591281 1498.50692098
3458 1484.82920981 1470.74343324 1498.91498638
3459 1485.23200272 1471.14095368 1499.32305177
3460 1485.63479564 1471.53847411 1499.73111717
3461 1486.03758856 1471.93599455 1500.13918256
3462 1486.44038147 1472.33351499 1500.54724796
3463 1486.84317439 1472.73103542 1500.95531335
3464 1487.24596730 1473.12855586 1501.36337875
3465 1487.64876022 1473.52607629 1501.77144414
3466 1488.05155313 1473.92359673 1502.17950954
3467 1488.45434605 1474.32111717 1502.58757493
3468 1488.85713896 1474.71863760 1502.99564033
3469 1489.25993188 1475.11615804 1503.40370572
3470 1489.66272480 1475.51367847 1503.81177112
3471 1490.06551771 1475.91119891 1504.21983651
3472 1490.46831063 1476.30871935 1504.62790191
3473 1490.87110354 1476.70623978 1505.03596730
3474 1491.27389646 1477.10376022 1505.44403270
3475 1491.67668937 1477.50128065 1505.85209809
3476 1492.07948229 1477.89880109 1506.26016349
3477 1492.48227520 1478.29632153 1506.66822888
3478 1492.88506812 1478.69384196 1507.07629428
3479 1493.28786104 1479.09136240 1507.48435967
3480 1493.69065395 1479.48888283 1507.89242507
3481 1494.09344687 1479.88640327 1508.30049046
3482 1494.49623978 1480.28392371 1508.70855586
3483 1494.89903270 1480.68144414 1509.11662125
3484 1495.30182561 1481.07896458 1509.52468665
3485 1495.70461853 1481.47648501 1509.93275204
3486 1496.10741144 1481.87400545 1510.34081744
3487 1496.51020436 1482.27152589 1510.74888283
3488 1496.91299728 1482.66904632 1511.15694823
3489 1497.31579019 1483.06656676 1511.56501362
3490 1497.71858311 1483.46408719 1511.97307902
3491 1498.12137602 1483.86160763 1512.38114441
3492 1498.52416894 1484.25912807 1512.78920981
3493 1498.92696185 1484.65664850 1513.19727520
3494 1499.32975477 1485.05416894 1513.60534060
3495 1499.73254768 1485.45168937 1514.01340599
3496 1500.13534060 1485.84920981 1514.42147139
3497 1500.53813352 1486.24673025 1514.82953678
3498 1500.94092643 1486.64425068 1515.23760218
3499 1501.34371935 1487.04177112 1515.64566757
3500 1501.74651226 1487.43929155 1516.05373297
3501 1502.14930518 1487.83681199 1516.46179837
3502 1502.55209809 1488.23433243 1516.86986376
3503 1502.95489101 1488.63185286 1517.27792916
3504 1503.35768392 1489.02937330 1517.68599455
3505 1503.76047684 1489.42689373 1518.09405995
3506 1504.16326975 1489.82441417 1518.50212534
3507 1504.56606267 1490.22193460 1518.91019074
3508 1504.96885559 1490.61945504 1519.31825613
3509 1505.37164850 1491.01697548 1519.72632153
3510 1505.77444142 1491.41449591 1520.13438692
3511 1506.17723433 1491.81201635 1520.54245232
3512 1506.58002725 1492.20953678 1520.95051771
3513 1506.98282016 1492.60705722 1521.35858311
3514 1507.38561308 1493.00457766 1521.76664850
3515 1507.78840599 1493.40209809 1522.17471390
3516 1508.19119891 1493.79961853 1522.58277929
3517 1508.59399183 1494.19713896 1522.99084469
3518 1508.99678474 1494.59465940 1523.39891008
3519 1509.39957766 1494.99217984 1523.80697548
3520 1509.80237057 1495.38970027 1524.21504087
3521 1510.20516349 1495.78722071 1524.62310627
3522 1510.60795640 1496.18474114 1525.03117166
3523 1511.01074932 1496.58226158 1525.43923706
3524 1511.41354223 1496.97978202 1525.84730245
3525 1511.81633515 1497.37730245 1526.25536785
3526 1512.21912807 1497.77482289 1526.66343324
3527 1512.62192098 1498.17234332 1527.07149864
3528 1513.02471390 1498.56986376 1527.47956403
3529 1513.42750681 1498.96738420 1527.88762943
3530 1513.83029973 1499.36490463 1528.29569482
3531 1514.23309264 1499.76242507 1528.70376022
3532 1514.63588556 1500.15994550 1529.11182561
3533 1515.03867847 1500.55746594 1529.51989101
3534 1515.44147139 1500.95498638 1529.92795640
3535 1515.84426431 1501.35250681 1530.33602180
3536 1516.24705722 1501.75002725 1530.74408719
3537 1516.64985014 1502.14754768 1531.15215259
3538 1517.05264305 1502.54506812 1531.56021798
3539 1517.45543597 1502.94258856 1531.96828338
3540 1517.85822888 1503.34010899 1532.37634877
3541 1518.26102180 1503.73762943 1532.78441417
3542 1518.66381471 1504.13514986 1533.19247956
3543 1519.06660763 1504.53267030 1533.60054496
3544 1519.46940055 1504.93019074 1534.00861035
3545 1519.87219346 1505.32771117 1534.41667575
3546 1520.27498638 1505.72523161 1534.82474114
3547 1520.67777929 1506.12275204 1535.23280654
3548 1521.08057221 1506.52027248 1535.64087193
3549 1521.48336512 1506.91779292 1536.04893733
3550 1521.88615804 1507.31531335 1536.45700272
3551 1522.28895095 1507.71283379 1536.86506812
3552 1522.69174387 1508.11035422 1537.27313352
3553 1523.09453678 1508.50787466 1537.68119891
3554 1523.49732970 1508.90539510 1538.08926431
3555 1523.90012262 1509.30291553 1538.49732970
3556 1524.30291553 1509.70043597 1538.90539510
3557 1524.70570845 1510.09795640 1539.31346049
3558 1525.10850136 1510.49547684 1539.72152589
3559 1525.51129428 1510.89299728 1540.12959128
3560 1525.91408719 1511.29051771 1540.53765668
3561 1526.31688011 1511.68803815 1540.94572207
3562 1526.71967302 1512.08555858 1541.35378747
3563 1527.12246594 1512.48307902 1541.76185286
3564 1527.52525886 1512.88059946 1542.16991826
3565 1527.92805177 1513.27811989 1542.57798365
3566 1528.33084469 1513.67564033 1542.98604905
3567 1528.73363760 1514.07316076 1543.39411444
3568 1529.13643052 1514.47068120 1543.80217984
3569 1529.53922343 1514.86820163 1544.21024523
3570 1529.94201635 1515.26572207 1544.61831063
3571 1530.34480926 1515.66324251 1545.02637602
3572 1530.74760218 1516.06076294 1545.43444142
3573 1531.15039510 1516.45828338 1545.84250681
3574 1531.55318801 1516.85580381 1546.25057221
3575 1531.95598093 1517.25332425 1546.65863760
3576 1532.35877384 1517.65084469 1547.06670300
3577 1532.76156676 1518.04836512 1547.47476839
3578 1533.16435967 1518.44588556 1547.88283379
3579 1533.56715259 1518.84340599 1548.29089918
3580 1533.96994550 1519.24092643 1548.69896458
3581 1534.37273842 1519.63844687 1549.10702997
3582 1534.77553134 1520.03596730 1549.51509537
3583 1535.17832425 1520.43348774 1549.92316076
3584 1535.58111717 1520.83100817 1550.33122616
3585 1535.98391008 1521.22852861 1550.73929155
3586 1536.38670300 1521.62604905 1551.14735695
3587 1536.78949591 1522.02356948 1551.55542234
3588 1537.19228883 1522.42108992 1551.96348774
3589 1537.59508174 1522.81861035 1552.37155313
3590 1537.99787466 1523.21613079 1552.77961853
3591 1538.40066757 1523.61365123 1553.18768392
3592 1538.80346049 1524.01117166 1553.59574932
3593 1539.20625341 1524.40869210 1554.00381471
3594 1539.60904632 1524.80621253 1554.41188011
3595 1540.01183924 1525.20373297 1554.81994550
3596 1540.41463215 1525.60125341 1555.22801090
3597 1540.81742507 1525.99877384 1555.63607629
3598 1541.22021798 1526.39629428 1556.04414169
3599 1541.62301090 1526.79381471 1556.45220708
3600 1542.02580381 1527.19133515 1556.86027248
3601 1542.42859673 1527.58885559 1557.26833787
3602 1542.83138965 1527.98637602 1557.67640327
3603 1543.23418256 1528.38389646 1558.08446866
3604 1543.63697548 1528.78141689 1558.49253406
3605 1544.03976839 1529.17893733 1558.90059946
3606 1544.44256131 1529.57645777 1559.30866485
3607 1544.84535422 1529.97397820 1559.71673025
3608 1545.24814714 1530.37149864 1560.12479564
3609 1545.65094005 1530.76901907 1560.53286104
3610 1546.05373297 1531.16653951 1560.94092643
3611 1546.45652589 1531.56405995 1561.34899183
3612 1546.85931880 1531.96158038 1561.75705722
3613 1547.26211172 1532.35910082 1562.16512262
3614 1547.66490463 1532.75662125 1562.57318801
3615 1548.06769755 1533.15414169 1562.98125341
3616 1548.47049046 1533.55166213 1563.38931880
3617 1548.87328338 1533.94918256 1563.79738420
3618 1549.27607629 1534.34670300 1564.20544959
3619 1549.67886921 1534.74422343 1564.61351499
3620 1550.08166213 1535.14174387 1565.02158038
3621 1550.48445504 1535.53926431 1565.42964578
3622 1550.88724796 1535.93678474 1565.83771117
3623 1551.29004087 1536.33430518 1566.24577657
3624 1551.69283379 1536.73182561 1566.65384196
3625 1552.09562670 1537.12934605 1567.06190736
3626 1552.49841962 1537.52686649 1567.46997275
3627 1552.90121253 1537.92438692 1567.87803815
3628 1553.30400545 1538.32190736 1568.28610354
3629 1553.70679837 1538.71942779 1568.69416894
3630 1554.10959128 1539.11694823 1569.10223433
3631 1554.51238420 1539.51446866 1569.51029973
3632 1554.91517711 1539.91198910 1569.91836512
3633 1555.31797003 1540.30950954 1570.32643052
3634 1555.72076294 1540.70702997 1570.73449591
3635 1556.12355586 1541.10455041 1571.14256131
3636 1556.52634877 1541.50207084 1571.55062670
3637 1556.92914169 1541.89959128 1571.95869210
3638 1557.33193460 1542.29711172 1572.36675749
3639 1557.73472752 1542.69463215 1572.77482289
3640 1558.13752044 1543.09215259 1573.18288828
3641 1558.54031335 1543.48967302 1573.59095368
3642 1558.94310627 1543.88719346 1573.99901907
3643 1559.34589918 1544.28471390 1574.40708447
3644 1559.74869210 1544.68223433 1574.81514986
3645 1560.15148501 1545.07975477 1575.22321526
3646 1560.55427793 1545.47727520 1575.63128065
3647 1560.95707084 1545.87479564 1576.03934605
3648 1561.35986376 1546.27231608 1576.44741144
3649 1561.76265668 1546.66983651 1576.85547684
3650 1562.16544959 1547.06735695 1577.26354223
3651 1562.56824251 1547.46487738 1577.67160763
3652 1562.97103542 1547.86239782 1578.07967302
3653 1563.37382834 1548.25991826 1578.48773842
3654 1563.77662125 1548.65743869 1578.89580381
3655 1564.17941417 1549.05495913 1579.30386921
3656 1564.58220708 1549.45247956 1579.71193460
3657 1564.98500000 1549.85000000 1580.12000000
