1 0.0491242234
2 0.0492469646
3 0.0494275205
4 0.049579092
5 0.0497537574
6 0.0499110119
7 0.0500706947
8 0.0502318757
9 0.0503940382
10 0.0505568722
11 0.0507122907
12 0.0508765994
13 0.0510343829
14 0.0511994263
15 0.051358696
16 0.0513462391
17 0.0513337822
18 0.0513213253
19 0.0513088684
20 0.0512964115
21 0.0512839546
22 0.0512714977
23 0.0512590407
24 0.0512465838
25 0.0512341269
26 0.05122167
27 0.0512092131
28 0.0511967562
29 0.0511842993
30 0.0511718424
31 0.0511593854
32 0.0511469285
33 0.0511344716
34 0.0511220147
35 0.0512059172
36 0.0512898196
37 0.0513737221
38 0.0514576246
39 0.051541527
40 0.0516254295
41 0.051709332
42 0.0517932344
43 0.0518771369
44 0.0519610394
45 0.0520449418
46 0.0521288443
47 0.0522127467
48 0.0522966492
49 0.0523805517
50 0.0524644541
51 0.0525483566
52 0.0526322591
53 0.0527161615
54 0.052800064
55 0.0528839665
56 0.0529678689
57 0.0530517714
58 0.0531356739
59 0.0532195763
60 0.0533034788
61 0.0533873812
62 0.0534712837
63 0.0535551862
64 0.0536390886
65 0.0537229911
66 0.0538068936
67 0.053890796
68 0.0539746985
69 0.054058601
70 0.0541425034
71 0.0542264059
72 0.0543103084
73 0.0543942108
74 0.0544781133
75 0.0545620158
76 0.0546459182
77 0.0547298207
78 0.0548137231
79 0.0548976256
80 0.0549815281
81 0.0550654305
82 0.055149333
83 0.0552332355
84 0.0553171379
85 0.0554010404
86 0.0554849429
87 0.0555688453
88 0.0556527478
89 0.0557366503
90 0.0558205527
91 0.0559044552
92 0.0559883577
93 0.0560722601
94 0.0561561626
95 0.0563163184
96 0.0564764742
97 0.05663663
98 0.0567967858
99 0.0569569416
100 0.0571170974
101 0.0572772531
102 0.0574374089
103 0.0575975647
104 0.0577577205
105 0.0579178763
106 0.0580780321
107 0.0582381879
108 0.0583983437
109 0.0585584995
110 0.0587186553
111 0.0588788111
112 0.0590389669
113 0.0591991227
114 0.0593592785
115 0.0595194343
116 0.0596795901
117 0.0598397459
118 0.0599999017
119 0.0601600575
120 0.0603202133
121 0.0604803691
122 0.0606405249
123 0.0608006807
124 0.0609608364
125 0.0611209922
126 0.061281148
127 0.0614413038
128 0.0616014596
129 0.0617616154
130 0.0619217712
131 0.062081927
132 0.0622420828
133 0.0624022386
134 0.0625623944
135 0.0627225502
136 0.062882706
137 0.0630428618
138 0.0632030176
139 0.0633631734
140 0.0635233292
141 0.063683485
142 0.0638436408
143 0.0640037966
144 0.0641639524
145 0.0643241082
146 0.0644842639
147 0.0646444197
148 0.0648045755
149 0.0649647313
150 0.0651248871
151 0.0652850429
152 0.0654451987
153 0.0656053545
154 0.0657655103
155 0.0659256661
156 0.0660858219
157 0.0662459777
158 0.0664061335
159 0.0665662893
160 0.0667264451
161 0.0668866009
162 0.0670467567
163 0.0672069125
164 0.0673670683
165 0.0675272241
166 0.0676873799
167 0.0678475357
168 0.0680076915
169 0.0681678472
170 0.068328003
171 0.0684881588
172 0.0686483146
173 0.0688084704
174 0.0689686262
175 0.069128782
176 0.0692889378
177 0.0694490936
178 0.0696092494
179 0.0697694052
180 0.069929561
181 0.0700897168
182 0.0702498726
183 0.0704100284
184 0.0705701842
185 0.07073034
186 0.0708904958
187 0.0710506516
188 0.0712108074
189 0.0712557498
190 0.0713006922
191 0.0713456346
192 0.071390577
193 0.0714355194
194 0.0714804619
195 0.0715254043
196 0.0715703467
197 0.0716152891
198 0.0716602315
199 0.0717051739
200 0.0717501163
201 0.0717950588
202 0.0718400012
203 0.0718849436
204 0.071929886
205 0.0719748284
206 0.0720197708
207 0.0720647132
208 0.0721096557
209 0.0721545981
210 0.0721995405
211 0.0722444829
212 0.0722894253
213 0.0723343677
214 0.0723793102
215 0.0724242526
216 0.072469195
217 0.0725141374
218 0.0725590798
219 0.0726040222
220 0.0726489646
221 0.0726939071
222 0.0727388495
223 0.0727837919
224 0.0728287343
225 0.0728736767
226 0.0729186191
227 0.0729635616
228 0.073008504
229 0.0730534464
230 0.0730983888
231 0.0731433312
232 0.0731882736
233 0.073233216
234 0.0732781585
235 0.0733231009
236 0.0733680433
237 0.0734129857
238 0.0734579281
239 0.0735028705
240 0.0735478129
241 0.0735927554
242 0.0736376978
243 0.0736826402
244 0.0737275826
245 0.073772525
246 0.0738174674
247 0.0738624099
248 0.0739073523
249 0.0739522947
250 0.0739972371
251 0.0740421795
252 0.0740871219
253 0.0741320643
254 0.0741770068
255 0.0742219492
256 0.0742668916
257 0.074311834
258 0.0743567764
259 0.0744017188
260 0.0744466612
261 0.0744916037
262 0.0745365461
263 0.0745814885
264 0.0746264309
265 0.0746713733
266 0.0747163157
267 0.0747612582
268 0.0748062006
269 0.074851143
270 0.0748960854
271 0.0749410278
272 0.0749859702
273 0.0750309126
274 0.0750758551
275 0.0751207975
276 0.0751657399
277 0.0751312353
278 0.0750967308
279 0.0750622262
280 0.0750277216
281 0.074993217
282 0.0749587125
283 0.0749242079
284 0.0748897033
285 0.0748551988
286 0.0748206942
287 0.0747861896
288 0.0747516851
289 0.0747171805
290 0.0746826759
291 0.0746481714
292 0.0746136668
293 0.0745791622
294 0.0745446577
295 0.0745101531
296 0.0744756485
297 0.074441144
298 0.0744066394
299 0.0743721348
300 0.0743376303
301 0.0743031257
302 0.0742686211
303 0.0742341166
304 0.074199612
305 0.0741651074
306 0.0741306029
307 0.0740960983
308 0.0740615937
309 0.0740270892
310 0.0739925846
311 0.07395808
312 0.0739235755
313 0.0738890709
314 0.0738545663
315 0.0738200618
316 0.0737855572
317 0.0737510526
318 0.0737165481
319 0.0736820435
320 0.0736475389
321 0.0736130343
322 0.0735785298
323 0.0735440252
324 0.0735095206
325 0.0734750161
326 0.0734405115
327 0.0734060069
328 0.0733715024
329 0.0733369978
330 0.0733024932
331 0.0732679887
332 0.0732334841
333 0.0731989795
334 0.073164475
335 0.0731299704
336 0.0730954658
337 0.0730609613
338 0.0730264567
339 0.0729919521
340 0.0729574476
341 0.072922943
342 0.0728884384
343 0.0728539339
344 0.0728194293
345 0.0727849247
346 0.0727504202
347 0.0727159156
348 0.072681411
349 0.0726469065
350 0.0726124019
351 0.0725778973
352 0.0725433928
353 0.0725088882
354 0.0724743836
355 0.0724398791
356 0.0724053745
357 0.0723708699
358 0.0723363653
359 0.0723018608
360 0.0722673562
361 0.0722328516
362 0.0721983471
363 0.0721638425
364 0.0721293379
365 0.0720948334
366 0.0720603288
367 0.0720258242
368 0.0720669866
369 0.0721081489
370 0.0721493112
371 0.0721904735
372 0.0722316358
373 0.0722727981
374 0.0723139604
375 0.0723551227
376 0.072396285
377 0.0724374474
378 0.0724786097
379 0.072519772
380 0.0725609343
381 0.0726020966
382 0.0726432589
383 0.0726844212
384 0.0727255835
385 0.0727667459
386 0.0728079082
387 0.0728490705
388 0.0728902328
389 0.0729313951
390 0.0729725574
391 0.0730137197
392 0.073054882
393 0.0730960443
394 0.0731372067
395 0.073178369
396 0.0732195313
397 0.0732606936
398 0.0733018559
399 0.0733430182
400 0.0733841805
401 0.0734253428
402 0.0734665052
403 0.0735076675
404 0.0735488298
405 0.0735899921
406 0.0736311544
407 0.0736723167
408 0.073713479
409 0.0737546413
410 0.0737958037
411 0.073836966
412 0.0738781283
413 0.0739192906
414 0.0739604529
415 0.0740016152
416 0.0740427775
417 0.0740839398
418 0.0741251021
419 0.0741662645
420 0.0742074268
421 0.0742485891
422 0.0742897514
423 0.0743309137
424 0.074372076
425 0.0744132383
426 0.0744544006
427 0.074495563
428 0.0745367253
429 0.0745778876
430 0.0746190499
431 0.0746602122
432 0.0747013745
433 0.0747425368
434 0.0747836991
435 0.0748248614
436 0.0748660238
437 0.0749071861
438 0.0749483484
439 0.0749895107
440 0.075030673
441 0.0750718353
442 0.0751129976
443 0.0751541599
444 0.0751953223
445 0.0752364846
446 0.0752776469
447 0.0753188092
448 0.0753599715
449 0.0754011338
450 0.0754422961
451 0.0754834584
452 0.0755246207
453 0.0755657831
454 0.0756069454
455 0.0756481077
456 0.07568927
457 0.0757304323
458 0.0757715946
459 0.0758127569
460 0.0758539192
461 0.0758950816
462 0.0759362439
463 0.0759774062
464 0.0760185685
465 0.0760597308
466 0.0761008931
467 0.0761420554
468 0.0761832177
469 0.07622438
470 0.0762655424
471 0.0763067047
472 0.076347867
473 0.0763890293
474 0.0764301916
475 0.0764713539
476 0.0765125162
477 0.0765536785
478 0.0765948409
479 0.0766360032
480 0.0766771655
481 0.0767183278
482 0.0767594901
483 0.0768006524
484 0.0768418147
485 0.076882977
486 0.0769241393
487 0.0769653017
488 0.077006464
489 0.0770476263
490 0.0770887886
491 0.0771299509
492 0.0771711132
493 0.0772122755
494 0.0772534378
495 0.0772946002
496 0.0773357625
497 0.0773769248
498 0.0774180871
499 0.0774592494
500 0.0775004117
501 0.077541574
502 0.0775827363
503 0.0776238987
504 0.077665061
505 0.0777062233
506 0.0777473856
507 0.0777885479
508 0.0778297102
509 0.0778708725
510 0.0779120348
511 0.0779531971
512 0.0779943595
513 0.0780355218
514 0.0780766841
515 0.0781178464
516 0.0781590087
517 0.078200171
518 0.0782413333
519 0.0782824956
520 0.078323658
521 0.0783648203
522 0.0784059826
523 0.0784471449
524 0.0784883072
525 0.0785294695
526 0.0785706318
527 0.0786117941
528 0.0786529564
529 0.0786941188
530 0.0787352811
531 0.0787764434
532 0.0788176057
533 0.078858768
534 0.0788999303
535 0.0789410926
536 0.0789822549
537 0.0790234173
538 0.0790645796
539 0.0791057419
540 0.0791469042
541 0.0791880665
542 0.0792292288
543 0.0792703911
544 0.0793115534
545 0.0793527157
546 0.0793938781
547 0.0794350404
548 0.0794762027
549 0.079517365
550 0.0795585273
551 0.0795996896
552 0.0796408519
553 0.0794828073
554 0.0793247628
555 0.0791667182
556 0.0790086736
557 0.078850629
558 0.0786925844
559 0.0785345398
560 0.0783764952
561 0.0782184507
562 0.0780604061
563 0.0779023615
564 0.0777443169
565 0.0775862723
566 0.0774282277
567 0.0772701832
568 0.0771121386
569 0.076954094
570 0.0767960494
571 0.0766380048
572 0.0764799602
573 0.0763219156
574 0.0761638711
575 0.0760058265
576 0.0758477819
577 0.0756897373
578 0.0755316927
579 0.0753736481
580 0.0752156035
581 0.075057559
582 0.0748995144
583 0.0747414698
584 0.0745834252
585 0.0744253806
586 0.074267336
587 0.0741092915
588 0.0739512469
589 0.0737932023
590 0.0736351577
591 0.0734771131
592 0.0733190685
593 0.0731610239
594 0.0730029794
595 0.0728449348
596 0.0726868902
597 0.0725288456
598 0.072370801
599 0.0722127564
600 0.0720547118
601 0.0718966673
602 0.0717386227
603 0.0715805781
604 0.0714225335
605 0.0712644889
606 0.0711064443
607 0.0709483998
608 0.0707903552
609 0.0706323106
610 0.070474266
611 0.0703162214
612 0.0701581768
613 0.0700001322
614 0.0698420877
615 0.0696840431
616 0.0695259985
617 0.0693679539
618 0.0692099093
619 0.0690518647
620 0.0688938201
621 0.0687357756
622 0.068577731
623 0.0684196864
624 0.0682616418
625 0.0681035972
626 0.0679455526
627 0.0677875081
628 0.0676294635
629 0.0674714189
630 0.0673133743
631 0.0671553297
632 0.0669972851
633 0.0668392405
634 0.066681196
635 0.0665231514
636 0.0663651068
637 0.0662070622
638 0.0660490176
639 0.065890973
640 0.0657329284
641 0.0655748839
642 0.0654168393
643 0.0652587947
644 0.0651007501
645 0.0649427055
646 0.0647846609
647 0.0646266163
648 0.0644685718
649 0.0643105272
650 0.0641524826
651 0.063994438
652 0.0638363934
653 0.0636783488
654 0.0635203043
655 0.0633622597
656 0.0632042151
657 0.0630461705
658 0.0628881259
659 0.0627300813
660 0.0625720367
661 0.0624139922
662 0.0622559476
663 0.062097903
664 0.0619398584
665 0.0617818138
666 0.0616237692
667 0.0614657246
668 0.0613076801
669 0.0611496355
670 0.0609915909
671 0.0608335463
672 0.0606755017
673 0.0605174571
674 0.0603594126
675 0.060201368
676 0.0600433234
677 0.0598852788
678 0.0597272342
679 0.0595691896
680 0.059411145
681 0.0592531005
682 0.0590950559
683 0.0589370113
684 0.0587789667
685 0.0586209221
686 0.0584628775
687 0.0583048329
688 0.0581467884
689 0.0579887438
690 0.0578306992
691 0.0576726546
692 0.05751461
693 0.0573565654
694 0.0571985209
695 0.0570404763
696 0.0568824317
697 0.0567243871
698 0.0565663425
699 0.0564082979
700 0.0562502533
701 0.0560922088
702 0.0559341642
703 0.0557761196
704 0.055618075
705 0.0554600304
706 0.0553019858
707 0.0551439412
708 0.0549858967
709 0.0548278521
710 0.0546698075
711 0.0545117629
712 0.0543537183
713 0.0541956737
714 0.0540376292
715 0.0538795846
716 0.05372154
717 0.0535634954
718 0.0534054508
719 0.0532474062
720 0.0530893616
721 0.0529313171
722 0.0527732725
723 0.0526152279
724 0.0524571833
725 0.0522991387
726 0.0521410941
727 0.0519830495
728 0.051825005
729 0.0516669604
730 0.0515089158
731 0.0513508712
732 0.0511928266
733 0.051034782
734 0.0508767374
735 0.0507186929
736 0.0507368559
737 0.0507550189
738 0.0507731819
739 0.0507913449
740 0.0508095079
741 0.0508276709
742 0.0508458339
743 0.050863997
744 0.05088216
745 0.050900323
746 0.050918486
747 0.050936649
748 0.050954812
749 0.050972975
750 0.050991138
751 0.0510093011
752 0.0510274641
753 0.0510456271
754 0.0510637901
755 0.0510819531
756 0.0511001161
757 0.0511182791
758 0.0511364421
759 0.0511546052
760 0.0511727682
761 0.0511909312
762 0.0512090942
763 0.0512272572
764 0.0512454202
765 0.0512635832
766 0.0512817462
767 0.0512999093
768 0.0513180723
769 0.0513362353
770 0.0513543983
771 0.0513725613
772 0.0513907243
773 0.0514088873
774 0.0514270503
775 0.0514452134
776 0.0514633764
777 0.0514815394
778 0.0514997024
779 0.0515178654
780 0.0515360284
781 0.0515541914
782 0.0515723544
783 0.0515905174
784 0.0516086805
785 0.0516268435
786 0.0516450065
787 0.0516631695
788 0.0516813325
789 0.0516994955
790 0.0517176585
791 0.0517358215
792 0.0517539846
793 0.0517721476
794 0.0517903106
795 0.0518084736
796 0.0518266366
797 0.0518447996
798 0.0518629626
799 0.0518811256
800 0.0518992887
801 0.0519174517
802 0.0519356147
803 0.0519537777
804 0.0519719407
805 0.0519901037
806 0.0520082667
807 0.0520264297
808 0.0520445928
809 0.0520627558
810 0.0520809188
811 0.0520990818
812 0.0521172448
813 0.0521354078
814 0.0521535708
815 0.0521717338
816 0.0521898968
817 0.0522080599
818 0.0522262229
819 0.0522443859
820 0.0522625489
821 0.0522807119
822 0.0522988749
823 0.0523170379
824 0.0523352009
825 0.052353364
826 0.052371527
827 0.05238969
828 0.052407853
829 0.052426016
830 0.052444179
831 0.052462342
832 0.052480505
833 0.0524986681
834 0.0525168311
835 0.0525349941
836 0.0525531571
837 0.0525713201
838 0.0525894831
839 0.0526076461
840 0.0526258091
841 0.0526439722
842 0.0526621352
843 0.0526802982
844 0.0526984612
845 0.0527166242
846 0.0527347872
847 0.0527529502
848 0.0527711132
849 0.0527892763
850 0.0528074393
851 0.0528256023
852 0.0528437653
853 0.0528619283
854 0.0528800913
855 0.0528982543
856 0.0529164173
857 0.0529345803
858 0.0529527434
859 0.0529709064
860 0.0529890694
861 0.0530072324
862 0.0530253954
863 0.0530435584
864 0.0530617214
865 0.0530798844
866 0.0530980475
867 0.0531162105
868 0.0531343735
869 0.0531525365
870 0.0531706995
871 0.0531888625
872 0.0532070255
873 0.0532251885
874 0.0532433516
875 0.0532615146
876 0.0532796776
877 0.0532978406
878 0.0533160036
879 0.0533341666
880 0.0533523296
881 0.0533704926
882 0.0533886557
883 0.0534068187
884 0.0534249817
885 0.0534431447
886 0.0534613077
887 0.0534794707
888 0.0534976337
889 0.0535157967
890 0.0535339597
891 0.0535521228
892 0.0535702858
893 0.0535884488
894 0.0536066118
895 0.0536247748
896 0.0536429378
897 0.0536611008
898 0.0536792638
899 0.0536974269
900 0.0537155899
901 0.0537337529
902 0.0537519159
903 0.0537700789
904 0.0537882419
905 0.0538064049
906 0.0538245679
907 0.053842731
908 0.053860894
909 0.053879057
910 0.05389722
911 0.053915383
912 0.053933546
913 0.053951709
914 0.053969872
915 0.0539880351
916 0.0540061981
917 0.0540243611
918 0.0540425241
919 0.0540606871
920 0.0540788501
921 0.0540970131
922 0.0541151761
923 0.0541333392
924 0.0541515022
925 0.0541696652
926 0.0541878282
927 0.0542059912
928 0.0542241542
929 0.0542423172
930 0.0542604802
931 0.0542786432
932 0.0542968063
933 0.0543149693
934 0.0543331323
935 0.0543512953
936 0.0543694583
937 0.0543876213
938 0.0544057843
939 0.0544239473
940 0.0544421104
941 0.0544602734
942 0.0544784364
943 0.0544965994
944 0.0545147624
945 0.0545329254
946 0.0545510884
947 0.0545692514
948 0.0545874145
949 0.0546055775
950 0.0546237405
951 0.0546419035
952 0.0546600665
953 0.0546782295
954 0.0546963925
955 0.0547145555
956 0.0547327186
957 0.0547508816
958 0.0547690446
959 0.0547872076
960 0.0548053706
961 0.0548235336
962 0.0548416966
963 0.0548598596
964 0.0548780226
965 0.0548961857
966 0.0549143487
967 0.0549325117
968 0.0549506747
969 0.0549688377
970 0.0549870007
971 0.0550051637
972 0.0550233267
973 0.0550414898
974 0.0550596528
975 0.0550778158
976 0.0550959788
977 0.0551141418
978 0.0551323048
979 0.0551504678
980 0.0551686308
981 0.0551867939
982 0.0552049569
983 0.0552231199
984 0.0552412829
985 0.0552594459
986 0.0552776089
987 0.0552957719
988 0.0553139349
989 0.055332098
990 0.055350261
991 0.055368424
992 0.055386587
993 0.05540475
994 0.055422913
995 0.055441076
996 0.055459239
997 0.0554774021
998 0.0554955651
999 0.0555137281
1000 0.0555318911
1001 0.0555500541
1002 0.0555682171
1003 0.0555863801
1004 0.0556045431
1005 0.0556227061
1006 0.0556408692
1007 0.0556590322
1008 0.0556771952
1009 0.0556953582
1010 0.0557135212
1011 0.0557316842
1012 0.0557498472
1013 0.0557680102
1014 0.0557861733
1015 0.0558043363
1016 0.0558224993
1017 0.0558406623
1018 0.0558588253
1019 0.0558769883
1020 0.0558951513
1021 0.0559133143
1022 0.0559314774
1023 0.0559496404
1024 0.0559678034
1025 0.0559859664
1026 0.0560041294
1027 0.0560222924
1028 0.0560404554
1029 0.0560586184
1030 0.0560767815
1031 0.0560949445
1032 0.0561131075
1033 0.0561312705
1034 0.0561494335
1035 0.0561675965
1036 0.0561857595
1037 0.0562039225
1038 0.0562220855
1039 0.0562402486
1040 0.0562584116
1041 0.0562765746
1042 0.0562947376
1043 0.0563129006
1044 0.0563310636
1045 0.0563492266
1046 0.0563673896
1047 0.0563855527
1048 0.0564037157
1049 0.0564218787
1050 0.0564400417
1051 0.0564582047
1052 0.0564763677
1053 0.0564945307
1054 0.0565126937
1055 0.0565308568
1056 0.0565490198
1057 0.0565671828
1058 0.0565853458
1059 0.0566035088
1060 0.0566216718
1061 0.0566398348
1062 0.0566579978
1063 0.0566761609
1064 0.0566943239
1065 0.0567124869
1066 0.0567306499
1067 0.0567488129
1068 0.0567669759
1069 0.0567851389
1070 0.0568033019
1071 0.056821465
1072 0.056839628
1073 0.056857791
1074 0.056875954
1075 0.056894117
1076 0.05691228
1077 0.056930443
1078 0.056948606
1079 0.056966769
1080 0.0569849321
1081 0.0570030951
1082 0.0570212581
1083 0.0570394211
1084 0.0570575841
1085 0.0570757471
1086 0.0570939101
1087 0.0571120731
1088 0.0571302362
1089 0.0571483992
1090 0.0571665622
1091 0.0571847252
1092 0.0572028882
1093 0.0572210512
1094 0.0572392142
1095 0.0572573772
1096 0.0572755403
1097 0.0572937033
1098 0.0573118663
1099 0.0573300293
1100 0.0573434779
1101 0.0573569265
1102 0.0573703751
1103 0.0573838237
1104 0.0573972722
1105 0.0574107208
1106 0.0574241694
1107 0.057437618
1108 0.0574510666
1109 0.0574645152
1110 0.0574779638
1111 0.0574914124
1112 0.057504861
1113 0.0575183096
1114 0.0575317581
1115 0.0575452067
1116 0.0575586553
1117 0.0575721039
1118 0.0575855525
1119 0.0575990011
1120 0.0576124497
1121 0.0576258983
1122 0.0576393469
1123 0.0576527955
1124 0.057666244
1125 0.0576796926
1126 0.0576931412
1127 0.0577065898
1128 0.0577200384
1129 0.057733487
1130 0.0577469356
1131 0.0577603842
1132 0.0577738328
1133 0.0577872814
1134 0.0578007299
1135 0.0578141785
1136 0.0578276271
1137 0.0578410757
1138 0.0578545243
1139 0.0578679729
1140 0.0578814215
1141 0.0578948701
1142 0.0579083187
1143 0.0579217673
1144 0.0579352158
1145 0.0579486644
1146 0.057962113
1147 0.0579755616
1148 0.0579890102
1149 0.0580024588
1150 0.0580159074
1151 0.058029356
1152 0.0580428046
1153 0.0580562532
1154 0.0580697018
1155 0.0580831503
1156 0.0580965989
1157 0.0581100475
1158 0.0581234961
1159 0.0581369447
1160 0.0581503933
1161 0.0581638419
1162 0.0581772905
1163 0.0581907391
1164 0.0582041877
1165 0.0582176362
1166 0.0582310848
1167 0.0582445334
1168 0.058257982
1169 0.0582714306
1170 0.0582848792
1171 0.0582983278
1172 0.0583117764
1173 0.058325225
1174 0.0583386736
1175 0.0583521221
1176 0.0583655707
1177 0.0583790193
1178 0.0583924679
1179 0.0584059165
1180 0.0584193651
1181 0.0584328137
1182 0.0584462623
1183 0.0584597109
1184 0.0584731595
1185 0.058486608
1186 0.0585000566
1187 0.0585135052
1188 0.0585269538
1189 0.0585404024
1190 0.058553851
1191 0.0585672996
1192 0.0585807482
1193 0.0585941968
1194 0.0586076454
1195 0.0586210939
1196 0.0586345425
1197 0.0586479911
1198 0.0586614397
1199 0.0586748883
1200 0.0586883369
1201 0.0587017855
1202 0.0587152341
1203 0.0587286827
1204 0.0587421313
1205 0.0587555799
1206 0.0587690284
1207 0.058782477
1208 0.0587959256
1209 0.0588093742
1210 0.0588228228
1211 0.0588362714
1212 0.05884972
1213 0.0588631686
1214 0.0588766172
1215 0.0588900658
1216 0.0589035143
1217 0.0589169629
1218 0.0589304115
1219 0.0589438601
1220 0.0589573087
1221 0.0589707573
1222 0.0589842059
1223 0.0589976545
1224 0.0590111031
1225 0.0590245517
1226 0.0590380002
1227 0.0590514488
1228 0.0590648974
1229 0.059078346
1230 0.0590917946
1231 0.0591052432
1232 0.0591186918
1233 0.0591321404
1234 0.059145589
1235 0.0591590376
1236 0.0591724861
1237 0.0591859347
1238 0.0591993833
1239 0.0592128319
1240 0.0592262805
1241 0.0592397291
1242 0.0592531777
1243 0.0592666263
1244 0.0592800749
1245 0.0592935235
1246 0.059306972
1247 0.0593204206
1248 0.0593338692
1249 0.0593473178
1250 0.0593607664
1251 0.059374215
1252 0.0593876636
1253 0.0594011122
1254 0.0594145608
1255 0.0594280094
1256 0.059441458
1257 0.0594549065
1258 0.0594683551
1259 0.0594818037
1260 0.0594952523
1261 0.0595087009
1262 0.0595221495
1263 0.0595355981
1264 0.0595490467
1265 0.0595624953
1266 0.0595759439
1267 0.0595893924
1268 0.059602841
1269 0.0596162896
1270 0.0596297382
1271 0.0596431868
1272 0.0596566354
1273 0.059670084
1274 0.0596835326
1275 0.0596969812
1276 0.0597104298
1277 0.0597238783
1278 0.0597373269
1279 0.0597507755
1280 0.0597642241
1281 0.0597776727
1282 0.0597911213
1283 0.0598045699
1284 0.0598180185
1285 0.0598314671
1286 0.0598449157
1287 0.0598583642
1288 0.0598718128
1289 0.0598852614
1290 0.05989871
1291 0.0599121586
1292 0.0599256072
1293 0.0599390558
1294 0.0599525044
1295 0.059965953
1296 0.0599794016
1297 0.0599928501
1298 0.0600062987
1299 0.0600197473
1300 0.0600331959
1301 0.0600466445
1302 0.0600600931
1303 0.0600735417
1304 0.0600869903
1305 0.0601004389
1306 0.0601138875
1307 0.0601273361
1308 0.0601407846
1309 0.0601542332
1310 0.0601676818
1311 0.0601811304
1312 0.060194579
1313 0.0602080276
1314 0.0602214762
1315 0.0602349248
1316 0.0602483734
1317 0.060261822
1318 0.0602752705
1319 0.0602887191
1320 0.0603021677
1321 0.0603156163
1322 0.0603290649
1323 0.0603425135
1324 0.0603559621
1325 0.0603694107
1326 0.0603828593
1327 0.0603963079
1328 0.0604097564
1329 0.060423205
1330 0.0604366536
1331 0.0604501022
1332 0.0604635508
1333 0.0604769994
1334 0.060490448
1335 0.0605038966
1336 0.0605173452
1337 0.0605307938
1338 0.0605442423
1339 0.0605576909
1340 0.0605711395
1341 0.0605845881
1342 0.0605980367
1343 0.0606114853
1344 0.0606249339
1345 0.0606383825
1346 0.0606518311
1347 0.0606652797
1348 0.0606787282
1349 0.0606921768
1350 0.0607056254
1351 0.060719074
1352 0.0607325226
1353 0.0607459712
1354 0.0607594198
1355 0.0607728684
1356 0.060786317
1357 0.0607997656
1358 0.0608132141
1359 0.0608266627
1360 0.0608401113
1361 0.0608535599
1362 0.0608670085
1363 0.0608804571
1364 0.0608939057
1365 0.0609073543
1366 0.0609208029
1367 0.0609342515
1368 0.0609477001
1369 0.0609611486
1370 0.0609745972
1371 0.0609880458
1372 0.0610014944
1373 0.061014943
1374 0.0610283916
1375 0.0610418402
1376 0.0610552888
1377 0.0610687374
1378 0.061082186
1379 0.0610956345
1380 0.0611090831
1381 0.0611225317
1382 0.0611359803
1383 0.0611494289
1384 0.0611628775
1385 0.0611763261
1386 0.0611897747
1387 0.0612032233
1388 0.0612166719
1389 0.0612301204
1390 0.061243569
1391 0.0612570176
1392 0.0612704662
1393 0.0612839148
1394 0.0612973634
1395 0.061310812
1396 0.0613242606
1397 0.0613377092
1398 0.0613511578
1399 0.0613646063
1400 0.0613780549
1401 0.0613915035
1402 0.0614049521
1403 0.0614184007
1404 0.0614318493
1405 0.0614452979
1406 0.0614587465
1407 0.0614721951
1408 0.0614856437
1409 0.0614990922
1410 0.0615125408
1411 0.0615259894
1412 0.061539438
1413 0.0615528866
1414 0.0615663352
1415 0.0615797838
1416 0.0615932324
1417 0.061606681
1418 0.0616201296
1419 0.0616335782
1420 0.0616470267
1421 0.0616604753
1422 0.0616739239
1423 0.0616873725
1424 0.0617008211
1425 0.0617142697
1426 0.0617277183
1427 0.0617411669
1428 0.0617546155
1429 0.0617680641
1430 0.0617815126
1431 0.0617949612
1432 0.0618084098
1433 0.0618218584
1434 0.061835307
1435 0.0618487556
1436 0.0618622042
1437 0.0618756528
1438 0.0618891014
1439 0.06190255
1440 0.0619159985
1441 0.0619294471
1442 0.0619428957
1443 0.0619563443
1444 0.0619697929
1445 0.0619832415
1446 0.0619966901
1447 0.0620101387
1448 0.0620235873
1449 0.0620370359
1450 0.0620504844
1451 0.062063933
1452 0.0620773816
1453 0.0620908302
1454 0.0621042788
1455 0.0621177274
1456 0.062131176
1457 0.0621446246
1458 0.0621580732
1459 0.0621715218
1460 0.0621849703
1461 0.0621984189
1462 0.0622118675
1463 0.0622253161
1464 0.0621991543
1465 0.0621729925
1466 0.0621468307
1467 0.0621206689
1468 0.0620945071
1469 0.0620683453
1470 0.0620421835
1471 0.0620160217
1472 0.0619898599
1473 0.0619636981
1474 0.0619375363
1475 0.0619113745
1476 0.0618852127
1477 0.0618590509
1478 0.0618328891
1479 0.0618067273
1480 0.0617805655
1481 0.0617544037
1482 0.0617282419
1483 0.0617020801
1484 0.0616759183
1485 0.0616497565
1486 0.0616235947
1487 0.0615974328
1488 0.061571271
1489 0.0615451092
1490 0.0615189474
1491 0.0614927856
1492 0.0614666238
1493 0.061440462
1494 0.0614143002
1495 0.0613881384
1496 0.0613619766
1497 0.0613358148
1498 0.061309653
1499 0.0612834912
1500 0.0612573294
1501 0.0612311676
1502 0.0612050058
1503 0.061178844
1504 0.0611526822
1505 0.0611265204
1506 0.0611003586
1507 0.0610741968
1508 0.061048035
1509 0.0610218732
1510 0.0609957114
1511 0.0609695496
1512 0.0609433878
1513 0.060917226
1514 0.0608910642
1515 0.0608649024
1516 0.0608387406
1517 0.0608125788
1518 0.060786417
1519 0.0607602552
1520 0.0607340933
1521 0.0607079315
1522 0.0606817697
1523 0.0606556079
1524 0.0606294461
1525 0.0606032843
1526 0.0605771225
1527 0.0605509607
1528 0.0605247989
1529 0.0604986371
1530 0.0604724753
1531 0.0604463135
1532 0.0604201517
1533 0.0603939899
1534 0.0603678281
1535 0.0603416663
1536 0.0603155045
1537 0.0602893427
1538 0.0602631809
1539 0.0602370191
1540 0.0602108573
1541 0.0601846955
1542 0.0601585337
1543 0.0601323719
1544 0.0601062101
1545 0.0600800483
1546 0.0600538865
1547 0.0600277247
1548 0.0600015629
1549 0.0599754011
1550 0.0599492393
1551 0.0599230775
1552 0.0598969157
1553 0.0598707539
1554 0.059844592
1555 0.0598184302
1556 0.0597922684
1557 0.0597661066
1558 0.0597399448
1559 0.059713783
1560 0.0596876212
1561 0.0596614594
1562 0.0596352976
1563 0.0596091358
1564 0.059582974
1565 0.0595568122
1566 0.0595306504
1567 0.0595044886
1568 0.0594783268
1569 0.059452165
1570 0.0594260032
1571 0.0593998414
1572 0.0593736796
1573 0.0593475178
1574 0.059321356
1575 0.0592951942
1576 0.0592690324
1577 0.0592428706
1578 0.0592167088
1579 0.059190547
1580 0.0591643852
1581 0.0591382234
1582 0.0591120616
1583 0.0590858998
1584 0.059059738
1585 0.0590335762
1586 0.0590074144
1587 0.0589812525
1588 0.0589550907
1589 0.0589289289
1590 0.0589027671
1591 0.0588766053
1592 0.0588504435
1593 0.0588242817
1594 0.0587981199
1595 0.0587719581
1596 0.0587457963
1597 0.0587196345
1598 0.0586934727
1599 0.0586673109
1600 0.0586411491
1601 0.0586149873
1602 0.0585888255
1603 0.0585626637
1604 0.0585365019
1605 0.0585103401
1606 0.0584841783
1607 0.0584580165
1608 0.0584318547
1609 0.0584056929
1610 0.0583795311
1611 0.0583533693
1612 0.0583272075
1613 0.0583010457
1614 0.0582748839
1615 0.0582487221
1616 0.0582225603
1617 0.0581963985
1618 0.0581702367
1619 0.0581440749
1620 0.058117913
1621 0.0580917512
1622 0.0580655894
1623 0.0580394276
1624 0.0580132658
1625 0.057987104
1626 0.0579609422
1627 0.0579347804
1628 0.0579086186
1629 0.0578824568
1630 0.057856295
1631 0.0578301332
1632 0.0578039714
1633 0.0577778096
1634 0.0577516478
1635 0.057725486
1636 0.0576993242
1637 0.0576731624
1638 0.0576470006
1639 0.0576208388
1640 0.057594677
1641 0.0575685152
1642 0.0575423534
1643 0.0575161916
1644 0.0574900298
1645 0.057463868
1646 0.0574377062
1647 0.0574115444
1648 0.0573853826
1649 0.0573592208
1650 0.057333059
1651 0.0573068972
1652 0.0572807354
1653 0.0572545736
1654 0.0572284117
1655 0.0572022499
1656 0.0571760881
1657 0.0571499263
1658 0.0571237645
1659 0.0570976027
1660 0.0570714409
1661 0.0570452791
1662 0.0570191173
1663 0.0569929555
1664 0.0569667937
1665 0.0569406319
1666 0.0569144701
1667 0.0568883083
1668 0.0568621465
1669 0.0568359847
1670 0.0568098229
1671 0.0567836611
1672 0.0567574993
1673 0.0567313375
1674 0.0567051757
1675 0.0566790139
1676 0.0566528521
1677 0.0566266903
1678 0.0566005285
1679 0.0565743667
1680 0.0565482049
1681 0.0565220431
1682 0.0564958813
1683 0.0564697195
1684 0.0564435577
1685 0.0564173959
1686 0.0563912341
1687 0.0563650722
1688 0.0563389104
1689 0.0563127486
1690 0.0562865868
1691 0.056260425
1692 0.0562342632
1693 0.0562081014
1694 0.0561819396
1695 0.0561557778
1696 0.056129616
1697 0.0561034542
1698 0.0560772924
1699 0.0560511306
1700 0.0560249688
1701 0.055998807
1702 0.0559726452
1703 0.0559464834
1704 0.0559203216
1705 0.0558941598
1706 0.055867998
1707 0.0558418362
1708 0.0558156744
1709 0.0557895126
1710 0.0557633508
1711 0.055737189
1712 0.0557110272
1713 0.0556848654
1714 0.0556587036
1715 0.0556325418
1716 0.05560638
1717 0.0555802182
1718 0.0555540564
1719 0.0555278946
1720 0.0555017328
1721 0.0554755709
1722 0.0554494091
1723 0.0554232473
1724 0.0553970855
1725 0.0553709237
1726 0.0553447619
1727 0.0553186001
1728 0.0552924383
1729 0.0552662765
1730 0.0552401147
1731 0.0552139529
1732 0.0551877911
1733 0.0551616293
1734 0.0551354675
1735 0.0551093057
1736 0.0550831439
1737 0.0550569821
1738 0.0550308203
1739 0.0550046585
1740 0.0549784967
1741 0.0549523349
1742 0.0549261731
1743 0.0549000113
1744 0.0548738495
1745 0.0548476877
1746 0.0548215259
1747 0.0547953641
1748 0.0547692023
1749 0.0547430405
1750 0.0547168787
1751 0.0546907169
1752 0.0546645551
1753 0.0546383933
1754 0.0546122314
1755 0.0545860696
1756 0.0545599078
1757 0.054533746
1758 0.0545075842
1759 0.0544814224
1760 0.0544552606
1761 0.0544290988
1762 0.054402937
1763 0.0543767752
1764 0.0543506134
1765 0.0543244516
1766 0.0542982898
1767 0.054272128
1768 0.0542459662
1769 0.0542198044
1770 0.0541936426
1771 0.0541674808
1772 0.054141319
1773 0.0541151572
1774 0.0540889954
1775 0.0540628336
1776 0.0540366718
1777 0.05401051
1778 0.0539843482
1779 0.0539581864
1780 0.0539320246
1781 0.0539058628
1782 0.053879701
1783 0.0538535392
1784 0.0538273774
1785 0.0538012156
1786 0.0537750538
1787 0.053748892
1788 0.0537227301
1789 0.0536965683
1790 0.0536704065
1791 0.0536442447
1792 0.0536180829
1793 0.0535919211
1794 0.0535657593
1795 0.0535395975
1796 0.0535134357
1797 0.0534872739
1798 0.0534611121
1799 0.0534349503
1800 0.0534087885
1801 0.0533826267
1802 0.0533564649
1803 0.0533303031
1804 0.0533041413
1805 0.0532779795
1806 0.0532518177
1807 0.0532256559
1808 0.0531994941
1809 0.0531733323
1810 0.0531471705
1811 0.0531210087
1812 0.0530948469
1813 0.0530686851
1814 0.0530425233
1815 0.0530163615
1816 0.0529901997
1817 0.0529640379
1818 0.0529378761
1819 0.0529117143
1820 0.0528855525
1821 0.0528593906
1822 0.0528332288
1823 0.052807067
1824 0.0527809052
1825 0.0527547434
1826 0.0527285816
1827 0.0527024198
1828 0.052676258
1829 0.0526640229
1830 0.0526517877
1831 0.0526395526
1832 0.0526273175
1833 0.0526150823
1834 0.0526028472
1835 0.052590612
1836 0.0525783769
1837 0.0525661418
1838 0.0525539066
1839 0.0525416715
1840 0.0525294363
1841 0.0525172012
1842 0.0525049661
1843 0.0524927309
1844 0.0524804958
1845 0.0524682607
1846 0.0524560255
1847 0.0524437904
1848 0.0524315552
1849 0.0524193201
1850 0.052407085
1851 0.0523948498
1852 0.0523826147
1853 0.0523703795
1854 0.0523581444
1855 0.0523459093
1856 0.0523336741
1857 0.052321439
1858 0.0523092038
1859 0.0522969687
1860 0.0522847336
1861 0.0522724984
1862 0.0522602633
1863 0.0522480281
1864 0.052235793
1865 0.0522235579
1866 0.0522113227
1867 0.0521990876
1868 0.0521868524
1869 0.0521746173
1870 0.0521623822
1871 0.052150147
1872 0.0521379119
1873 0.0521256767
1874 0.0521134416
1875 0.0521012065
1876 0.0520889713
1877 0.0520767362
1878 0.052064501
1879 0.0520522659
1880 0.0520400308
1881 0.0520277956
1882 0.0520155605
1883 0.0520033253
1884 0.0519910902
1885 0.0519788551
1886 0.0519666199
1887 0.0519543848
1888 0.0519421496
1889 0.0519299145
1890 0.0519176794
1891 0.0519054442
1892 0.0518932091
1893 0.0518809739
1894 0.0518687388
1895 0.0518565037
1896 0.0518442685
1897 0.0518320334
1898 0.0518197982
1899 0.0518075631
1900 0.051795328
1901 0.0517830928
1902 0.0517708577
1903 0.0517586225
1904 0.0517463874
1905 0.0517341523
1906 0.0517219171
1907 0.051709682
1908 0.0516974468
1909 0.0516852117
1910 0.0516729766
1911 0.0516607414
1912 0.0516485063
1913 0.0516362711
1914 0.051624036
1915 0.0516118009
1916 0.0515995657
1917 0.0515873306
1918 0.0515750954
1919 0.0515628603
1920 0.0515506252
1921 0.05153839
1922 0.0515261549
1923 0.0515139197
1924 0.0515016846
1925 0.0514894495
1926 0.0514772143
1927 0.0514649792
1928 0.051452744
1929 0.0514405089
1930 0.0514282738
1931 0.0514160386
1932 0.0514038035
1933 0.0513915683
1934 0.0513793332
1935 0.0513670981
1936 0.0513548629
1937 0.0513426278
1938 0.0513303926
1939 0.0513181575
1940 0.0513059224
1941 0.0512936872
1942 0.0512814521
1943 0.0512692169
1944 0.0512569818
1945 0.0512447467
1946 0.0512325115
1947 0.0512202764
1948 0.0512080412
1949 0.0511958061
1950 0.051183571
1951 0.0511713358
1952 0.0511591007
1953 0.0511468655
1954 0.0511346304
1955 0.0511223953
1956 0.0511101601
1957 0.051097925
1958 0.0510856898
1959 0.0510734547
1960 0.0510612196
1961 0.0510489844
1962 0.0510367493
1963 0.0510245142
1964 0.051012279
1965 0.0510000439
1966 0.0509878087
1967 0.0509755736
1968 0.0509633385
1969 0.0509511033
1970 0.0509388682
1971 0.050926633
1972 0.0509143979
1973 0.0509021628
1974 0.0508899276
1975 0.0508776925
1976 0.0508654573
1977 0.0508532222
1978 0.0508409871
1979 0.0508287519
1980 0.0508165168
1981 0.0508042816
1982 0.0507920465
1983 0.0507798114
1984 0.0507675762
1985 0.0507553411
1986 0.0507431059
1987 0.0507308708
1988 0.0507186357
1989 0.0507064005
1990 0.0506941654
1991 0.0506819302
1992 0.0506696951
1993 0.05065746
1994 0.0506452248
1995 0.0506329897
1996 0.0506207545
1997 0.0506085194
1998 0.0505962843
1999 0.0505840491
2000 0.050571814
2001 0.0505595788
2002 0.0505473437
2003 0.0505351086
2004 0.0505228734
2005 0.0505106383
2006 0.0504984031
2007 0.050486168
2008 0.0504739329
2009 0.0504616977
2010 0.0504494626
2011 0.0504372274
2012 0.0504249923
2013 0.0504127572
2014 0.050400522
2015 0.0503882869
2016 0.0503760517
2017 0.0503638166
2018 0.0503515815
2019 0.0503393463
2020 0.0503271112
2021 0.050314876
2022 0.0503026409
2023 0.0502904058
2024 0.0502781706
2025 0.0502659355
2026 0.0502537003
2027 0.0502414652
2028 0.0502292301
2029 0.0502169949
2030 0.0502047598
2031 0.0501925246
2032 0.0501802895
2033 0.0501680544
2034 0.0501558192
2035 0.0501435841
2036 0.0501313489
2037 0.0501191138
2038 0.0501068787
2039 0.0500946435
2040 0.0500824084
2041 0.0500701732
2042 0.0500579381
2043 0.050045703
2044 0.0500334678
2045 0.0500212327
2046 0.0500089975
2047 0.0499967624
2048 0.0499845273
2049 0.0499722921
2050 0.049960057
2051 0.0499478218
2052 0.0499355867
2053 0.0499233516
2054 0.0499111164
2055 0.0498988813
2056 0.0498866461
2057 0.049874411
2058 0.0498621759
2059 0.0498499407
2060 0.0498377056
2061 0.0498254704
2062 0.0498132353
2063 0.0498010002
2064 0.049788765
2065 0.0497765299
2066 0.0497642947
2067 0.0497520596
2068 0.0497398245
2069 0.0497275893
2070 0.0497153542
2071 0.049703119
2072 0.0496908839
2073 0.0496786488
2074 0.0496664136
2075 0.0496541785
2076 0.0496419433
2077 0.0496297082
2078 0.0496174731
2079 0.0496052379
2080 0.0495930028
2081 0.0495807677
2082 0.0495685325
2083 0.0495562974
2084 0.0495440622
2085 0.0495318271
2086 0.049519592
2087 0.0495073568
2088 0.0494951217
2089 0.0494828865
2090 0.0494706514
2091 0.0494584163
2092 0.0494461811
2093 0.049433946
2094 0.0494217108
2095 0.0494094757
2096 0.0493972406
2097 0.0493850054
2098 0.0493727703
2099 0.0493605351
2100 0.0493483
2101 0.0493360649
2102 0.0493238297
2103 0.0493115946
2104 0.0492993594
2105 0.0492871243
2106 0.0492748892
2107 0.049262654
2108 0.0492504189
2109 0.0492381837
2110 0.0492259486
2111 0.0492137135
2112 0.0492014783
2113 0.0491892432
2114 0.049177008
2115 0.0491647729
2116 0.0491525378
2117 0.0491403026
2118 0.0491280675
2119 0.0491158323
2120 0.0491035972
2121 0.0490913621
2122 0.0490791269
2123 0.0490668918
2124 0.0490546566
2125 0.0490424215
2126 0.0490301864
2127 0.0490179512
2128 0.0490057161
2129 0.0489934809
2130 0.0489812458
2131 0.0489690107
2132 0.0489567755
2133 0.0489445404
2134 0.0489323052
2135 0.0489200701
2136 0.048907835
2137 0.0488955998
2138 0.0488833647
2139 0.0488711295
2140 0.0488588944
2141 0.0488466593
2142 0.0488344241
2143 0.048822189
2144 0.0488099538
2145 0.0487977187
2146 0.0487854836
2147 0.0487732484
2148 0.0487610133
2149 0.0487487781
2150 0.048736543
2151 0.0487243079
2152 0.0487120727
2153 0.0486998376
2154 0.0486876024
2155 0.0486753673
2156 0.0486631322
2157 0.048650897
2158 0.0486386619
2159 0.0486264267
2160 0.0486141916
2161 0.0486019565
2162 0.0485897213
2163 0.0485774862
2164 0.048565251
2165 0.0485530159
2166 0.0485407808
2167 0.0485285456
2168 0.0485163105
2169 0.0485040753
2170 0.0484918402
2171 0.0484796051
2172 0.0484673699
2173 0.0484551348
2174 0.0484428996
2175 0.0484306645
2176 0.0484184294
2177 0.0484061942
2178 0.0483939591
2179 0.0483817239
2180 0.0483694888
2181 0.0483572537
2182 0.0483450185
2183 0.0483327834
2184 0.0483205482
2185 0.0483083131
2186 0.048296078
2187 0.0482838428
2188 0.0482716077
2189 0.0482593725
2190 0.0482471374
2191 0.0482349023
2192 0.0482226671
2193 0.048210432
2194 0.0481981968
2195 0.0482112496
2196 0.0482243024
2197 0.0482373552
2198 0.048250408
2199 0.0482634608
2200 0.0482765136
2201 0.0482895664
2202 0.0483026192
2203 0.048315672
2204 0.0483287247
2205 0.0483417775
2206 0.0483548303
2207 0.0483678831
2208 0.0483809359
2209 0.0483939887
2210 0.0484070415
2211 0.0484200943
2212 0.0484331471
2213 0.0484461998
2214 0.0484592526
2215 0.0484723054
2216 0.0484853582
2217 0.048498411
2218 0.0485114638
2219 0.0485245166
2220 0.0485375694
2221 0.0485506222
2222 0.0485636749
2223 0.0485767277
2224 0.0485897805
2225 0.0486028333
2226 0.0486158861
2227 0.0486289389
2228 0.0486419917
2229 0.0486550445
2230 0.0486680973
2231 0.04868115
2232 0.0486942028
2233 0.0487072556
2234 0.0487203084
2235 0.0487333612
2236 0.048746414
2237 0.0487594668
2238 0.0487725196
2239 0.0487855724
2240 0.0487986252
2241 0.0488116779
2242 0.0488247307
2243 0.0488377835
2244 0.0488508363
2245 0.0488638891
2246 0.0488769419
2247 0.0488899947
2248 0.0489030475
2249 0.0489161003
2250 0.048929153
2251 0.0489422058
2252 0.0489552586
2253 0.0489683114
2254 0.0489813642
2255 0.048994417
2256 0.0490074698
2257 0.0490205226
2258 0.0490335754
2259 0.0490466281
2260 0.0490596809
2261 0.0490727337
2262 0.0490857865
2263 0.0490988393
2264 0.0491118921
2265 0.0491249449
2266 0.0491379977
2267 0.0491510505
2268 0.0491641032
2269 0.049177156
2270 0.0491902088
2271 0.0492032616
2272 0.0492163144
2273 0.0492293672
2274 0.04924242
2275 0.0492554728
2276 0.0492685256
2277 0.0492815784
2278 0.0492946311
2279 0.0493076839
2280 0.0493207367
2281 0.0493337895
2282 0.0493468423
2283 0.0493598951
2284 0.0493729479
2285 0.0493860007
2286 0.0493990535
2287 0.0494121062
2288 0.049425159
2289 0.0494382118
2290 0.0494512646
2291 0.0494643174
2292 0.0494773702
2293 0.049490423
2294 0.0495034758
2295 0.0495165286
2296 0.0495295813
2297 0.0495426341
2298 0.0495556869
2299 0.0495687397
2300 0.0495817925
2301 0.0495948453
2302 0.0496078981
2303 0.0496209509
2304 0.0496340037
2305 0.0496470564
2306 0.0496601092
2307 0.049673162
2308 0.0496862148
2309 0.0496992676
2310 0.0497123204
2311 0.0497253732
2312 0.049738426
2313 0.0497514788
2314 0.0497645315
2315 0.0497775843
2316 0.0497906371
2317 0.0498036899
2318 0.0498167427
2319 0.0498297955
2320 0.0498428483
2321 0.0498559011
2322 0.0498689539
2323 0.0498820067
2324 0.0498950594
2325 0.0499081122
2326 0.049921165
2327 0.0499342178
2328 0.0499472706
2329 0.0499603234
2330 0.0499733762
2331 0.049986429
2332 0.0499994818
2333 0.0500125345
2334 0.0500255873
2335 0.0500386401
2336 0.0500516929
2337 0.0500647457
2338 0.0500777985
2339 0.0500908513
2340 0.0501039041
2341 0.0501169569
2342 0.0501300096
2343 0.0501430624
2344 0.0501561152
2345 0.050169168
2346 0.0501822208
2347 0.0501952736
2348 0.0502083264
2349 0.0502213792
2350 0.050234432
2351 0.0502474847
2352 0.0502605375
2353 0.0502735903
2354 0.0502866431
2355 0.0502996959
2356 0.0503127487
2357 0.0503258015
2358 0.0503388543
2359 0.0503519071
2360 0.0503649599
2361 0.0503780126
2362 0.0503910654
2363 0.0504041182
2364 0.050417171
2365 0.0504302238
2366 0.0504432766
2367 0.0504563294
2368 0.0504693822
2369 0.050482435
2370 0.0504954877
2371 0.0505085405
2372 0.0505215933
2373 0.0505346461
2374 0.0505476989
2375 0.0505607517
2376 0.0505738045
2377 0.0505868573
2378 0.0505999101
2379 0.0506129628
2380 0.0506260156
2381 0.0506390684
2382 0.0506521212
2383 0.050665174
2384 0.0506782268
2385 0.0506912796
2386 0.0507043324
2387 0.0507173852
2388 0.0507304379
2389 0.0507434907
2390 0.0507565435
2391 0.0507695963
2392 0.0507826491
2393 0.0507957019
2394 0.0508087547
2395 0.0508218075
2396 0.0508348603
2397 0.0508479131
2398 0.0508609658
2399 0.0508740186
2400 0.0508870714
2401 0.0509001242
2402 0.050913177
2403 0.0509262298
2404 0.0509392826
2405 0.0509523354
2406 0.0509653882
2407 0.0509784409
2408 0.0509914937
2409 0.0510045465
2410 0.0510175993
2411 0.0510306521
2412 0.0510437049
2413 0.0510567577
2414 0.0510698105
2415 0.0510828633
2416 0.051095916
2417 0.0511089688
2418 0.0511220216
2419 0.0511350744
2420 0.0511481272
2421 0.05116118
2422 0.0511742328
2423 0.0511872856
2424 0.0512003384
2425 0.0512133911
2426 0.0512264439
2427 0.0512394967
2428 0.0512525495
2429 0.0512656023
2430 0.0512786551
2431 0.0512917079
2432 0.0513047607
2433 0.0513178135
2434 0.0513308663
2435 0.051343919
2436 0.0513569718
2437 0.0513700246
2438 0.0513830774
2439 0.0513961302
2440 0.051409183
2441 0.0514222358
2442 0.0514352886
2443 0.0514483414
2444 0.0514613941
2445 0.0514744469
2446 0.0514874997
2447 0.0515005525
2448 0.0515136053
2449 0.0515266581
2450 0.0515397109
2451 0.0515527637
2452 0.0515658165
2453 0.0515788692
2454 0.051591922
2455 0.0516049748
2456 0.0516180276
2457 0.0516310804
2458 0.0516441332
2459 0.051657186
2460 0.0516702388
2461 0.0516832916
2462 0.0516963443
2463 0.0517093971
2464 0.0517224499
2465 0.0517355027
2466 0.0517485555
2467 0.0517616083
2468 0.0517746611
2469 0.0517877139
2470 0.0518007667
2471 0.0518138195
2472 0.0518268722
2473 0.051839925
2474 0.0518529778
2475 0.0518660306
2476 0.0518790834
2477 0.0518921362
2478 0.051905189
2479 0.0519182418
2480 0.0519312946
2481 0.0519443473
2482 0.0519574001
2483 0.0519704529
2484 0.0519835057
2485 0.0519965585
2486 0.0520096113
2487 0.0520226641
2488 0.0520357169
2489 0.0520487697
2490 0.0520618224
2491 0.0520748752
2492 0.052087928
2493 0.0521009808
2494 0.0521140336
2495 0.0521270864
2496 0.0521401392
2497 0.052153192
2498 0.0521662448
2499 0.0521792975
2500 0.0521923503
2501 0.0522054031
2502 0.0522184559
2503 0.0522315087
2504 0.0522445615
2505 0.0522576143
2506 0.0522706671
2507 0.0522837199
2508 0.0522967726
2509 0.0523098254
2510 0.0523228782
2511 0.052335931
2512 0.0523489838
2513 0.0523620366
2514 0.0523750894
2515 0.0523881422
2516 0.052401195
2517 0.0524142478
2518 0.0524273005
2519 0.0524403533
2520 0.0524534061
2521 0.0524664589
2522 0.0524795117
2523 0.0524925645
2524 0.0525056173
2525 0.0525186701
2526 0.0525317229
2527 0.0525447756
2528 0.0525578284
2529 0.0525708812
2530 0.052583934
2531 0.0525969868
2532 0.0526100396
2533 0.0526230924
2534 0.0526361452
2535 0.052649198
2536 0.0526622507
2537 0.0526753035
2538 0.0526883563
2539 0.0527014091
2540 0.0527144619
2541 0.0527275147
2542 0.0527405675
2543 0.0527536203
2544 0.0527666731
2545 0.0527797258
2546 0.0527927786
2547 0.0528058314
2548 0.0528188842
2549 0.052831937
2550 0.0528449898
2551 0.0528580426
2552 0.0528710954
2553 0.0528841482
2554 0.052897201
2555 0.0529102537
2556 0.0529233065
2557 0.0529363593
2558 0.0529494121
2559 0.0529624649
2560 0.0529755177
2561 0.0529885705
2562 0.0530016233
2563 0.0529803296
2564 0.0529590359
2565 0.0529377422
2566 0.0529164485
2567 0.0528951549
2568 0.0528738612
2569 0.0528525675
2570 0.0528312738
2571 0.0528099802
2572 0.0527886865
2573 0.0527673928
2574 0.0527460991
2575 0.0527248054
2576 0.0527035118
2577 0.0526822181
2578 0.0526609244
2579 0.0526396307
2580 0.052618337
2581 0.0525970434
2582 0.0525757497
2583 0.052554456
2584 0.0525331623
2585 0.0525118686
2586 0.052490575
2587 0.0524692813
2588 0.0524479876
2589 0.0524266939
2590 0.0524054003
2591 0.0523841066
2592 0.0523628129
2593 0.0523415192
2594 0.0523202255
2595 0.0522989319
2596 0.0522776382
2597 0.0522563445
2598 0.0522350508
2599 0.0522137571
2600 0.0521924635
2601 0.0521711698
2602 0.0521498761
2603 0.0521285824
2604 0.0521072887
2605 0.0520859951
2606 0.0520647014
2607 0.0520434077
2608 0.052022114
2609 0.0520008204
2610 0.0519795267
2611 0.051958233
2612 0.0519369393
2613 0.0519156456
2614 0.051894352
2615 0.0518730583
2616 0.0518517646
2617 0.0518304709
2618 0.0518091772
2619 0.0517878836
2620 0.0517665899
2621 0.0517452962
2622 0.0517240025
2623 0.0517027088
2624 0.0516814152
2625 0.0516601215
2626 0.0516388278
2627 0.0516175341
2628 0.0515962405
2629 0.0515749468
2630 0.0515536531
2631 0.0515323594
2632 0.0515110657
2633 0.0514897721
2634 0.0514684784
2635 0.0514471847
2636 0.051425891
2637 0.0514045973
2638 0.0513833037
2639 0.05136201
2640 0.0513407163
2641 0.0513194226
2642 0.0512981289
2643 0.0512768353
2644 0.0512555416
2645 0.0512342479
2646 0.0512129542
2647 0.0511916606
2648 0.0511703669
2649 0.0511490732
2650 0.0511277795
2651 0.0511064858
2652 0.0510851922
2653 0.0510638985
2654 0.0510426048
2655 0.0510213111
2656 0.0510000174
2657 0.0509787238
2658 0.0509574301
2659 0.0509361364
2660 0.0509148427
2661 0.050893549
2662 0.0508722554
2663 0.0508509617
2664 0.050829668
2665 0.0508083743
2666 0.0507870806
2667 0.050765787
2668 0.0507444933
2669 0.0507231996
2670 0.0507019059
2671 0.0506806123
2672 0.0506593186
2673 0.0506380249
2674 0.0506167312
2675 0.0505954375
2676 0.0505741439
2677 0.0505528502
2678 0.0505315565
2679 0.0505102628
2680 0.0504889691
2681 0.0504676755
2682 0.0504463818
2683 0.0504250881
2684 0.0504037944
2685 0.0503825007
2686 0.0503612071
2687 0.0503399134
2688 0.0503186197
2689 0.050297326
2690 0.0502760324
2691 0.0502547387
2692 0.050233445
2693 0.0502121513
2694 0.0501908576
2695 0.050169564
2696 0.0501482703
2697 0.0501269766
2698 0.0501056829
2699 0.0500843892
2700 0.0500630956
2701 0.0500418019
2702 0.0500205082
2703 0.0499992145
2704 0.0499779208
2705 0.0499566272
2706 0.0499353335
2707 0.0499140398
2708 0.0498927461
2709 0.0498714525
2710 0.0498501588
2711 0.0498288651
2712 0.0498075714
2713 0.0497862777
2714 0.0497649841
2715 0.0497436904
2716 0.0497223967
2717 0.049701103
2718 0.0496798093
2719 0.0496585157
2720 0.049637222
2721 0.0496159283
2722 0.0495946346
2723 0.0495733409
2724 0.0495520473
2725 0.0495307536
2726 0.0495094599
2727 0.0494881662
2728 0.0494668726
2729 0.0494455789
2730 0.0494242852
2731 0.0494029915
2732 0.0493816978
2733 0.0493604042
2734 0.0493391105
2735 0.0493178168
2736 0.0492965231
2737 0.0492752294
2738 0.0492539358
2739 0.0492326421
2740 0.0492113484
2741 0.0491900547
2742 0.049168761
2743 0.0491474674
2744 0.0491261737
2745 0.04910488
2746 0.0490835863
2747 0.0490622927
2748 0.049040999
2749 0.0490197053
2750 0.0489984116
2751 0.0489771179
2752 0.0489558243
2753 0.0489345306
2754 0.0489132369
2755 0.0488919432
2756 0.0488706495
2757 0.0488493559
2758 0.0488280622
2759 0.0488067685
2760 0.0487854748
2761 0.0487641811
2762 0.0487428875
2763 0.0487215938
2764 0.0487003001
2765 0.0486790064
2766 0.0486577128
2767 0.0486364191
2768 0.0486151254
2769 0.0485938317
2770 0.048572538
2771 0.0485512444
2772 0.0485299507
2773 0.048508657
2774 0.0484873633
2775 0.0484660696
2776 0.048444776
2777 0.0484234823
2778 0.0484021886
2779 0.0483808949
2780 0.0483596012
2781 0.0483383076
2782 0.0483170139
2783 0.0482957202
2784 0.0482744265
2785 0.0482531328
2786 0.0482318392
2787 0.0482105455
2788 0.0481892518
2789 0.0481679581
2790 0.0481466645
2791 0.0481253708
2792 0.0481040771
2793 0.0480827834
2794 0.0480614897
2795 0.0480401961
2796 0.0480189024
2797 0.0479976087
2798 0.047976315
2799 0.0479550213
2800 0.0479337277
2801 0.047912434
2802 0.0478911403
2803 0.0478698466
2804 0.0478485529
2805 0.0478272593
2806 0.0478059656
2807 0.0477846719
2808 0.0477633782
2809 0.0477420846
2810 0.0477207909
2811 0.0476994972
2812 0.0476782035
2813 0.0476569098
2814 0.0476356162
2815 0.0476143225
2816 0.0475930288
2817 0.0475717351
2818 0.0475504414
2819 0.0475291478
2820 0.0475078541
2821 0.0474865604
2822 0.0474652667
2823 0.047443973
2824 0.0474226794
2825 0.0474013857
2826 0.047380092
2827 0.0473587983
2828 0.0473375047
2829 0.047316211
2830 0.0472949173
2831 0.0472736236
2832 0.0472523299
2833 0.0472310363
2834 0.0472097426
2835 0.0471884489
2836 0.0471671552
2837 0.0471458615
2838 0.0471245679
2839 0.0471032742
2840 0.0470819805
2841 0.0470606868
2842 0.0470393931
2843 0.0470180995
2844 0.0469968058
2845 0.0469755121
2846 0.0469542184
2847 0.0469329248
2848 0.0469116311
2849 0.0468903374
2850 0.0468690437
2851 0.04684775
2852 0.0468264564
2853 0.0468051627
2854 0.046783869
2855 0.0467625753
2856 0.0467412816
2857 0.046719988
2858 0.0466986943
2859 0.0466774006
2860 0.0466561069
2861 0.0466348132
2862 0.0466135196
2863 0.0465922259
2864 0.0465709322
2865 0.0465496385
2866 0.0465283449
2867 0.0465070512
2868 0.0464857575
2869 0.0464644638
2870 0.0464431701
2871 0.0464218765
2872 0.0464005828
2873 0.0463792891
2874 0.0463579954
2875 0.0463367017
2876 0.0463154081
2877 0.0462941144
2878 0.0462728207
2879 0.046251527
2880 0.0462302333
2881 0.0462089397
2882 0.046187646
2883 0.0461663523
2884 0.0461450586
2885 0.046123765
2886 0.0461024713
2887 0.0460811776
2888 0.0460598839
2889 0.0460385902
2890 0.0460172966
2891 0.0459960029
2892 0.0459747092
2893 0.0459534155
2894 0.0459321218
2895 0.0459108282
2896 0.0458895345
2897 0.0458682408
2898 0.0458469471
2899 0.0458256534
2900 0.0458043598
2901 0.0457830661
2902 0.0457617724
2903 0.0457404787
2904 0.045719185
2905 0.0456978914
2906 0.0456765977
2907 0.045655304
2908 0.0456340103
2909 0.0456127167
2910 0.045591423
2911 0.0455701293
2912 0.0455488356
2913 0.0455275419
2914 0.0455062483
2915 0.0454849546
2916 0.0454636609
2917 0.0454423672
2918 0.0454210735
2919 0.0453997799
2920 0.0453784862
2921 0.0453571925
2922 0.0453358988
2923 0.0453146051
2924 0.0452933115
2925 0.0452720178
2926 0.0452507241
2927 0.0452596993
2928 0.0452686745
2929 0.0452776497
2930 0.0452866249
2931 0.0452956001
2932 0.0453045753
2933 0.0453135505
2934 0.0453225257
2935 0.0453315009
2936 0.0453404761
2937 0.0453494513
2938 0.0453584265
2939 0.0453674017
2940 0.0453763769
2941 0.0453853521
2942 0.0453943273
2943 0.0454033025
2944 0.0454122777
2945 0.0454212529
2946 0.0454302281
2947 0.0454392033
2948 0.0454481785
2949 0.0454571537
2950 0.0454661288
2951 0.045475104
2952 0.0454840792
2953 0.0454930544
2954 0.0455020296
2955 0.0455110048
2956 0.04551998
2957 0.0455289552
2958 0.0455379304
2959 0.0455469056
2960 0.0455558808
2961 0.045564856
2962 0.0455738312
2963 0.0455828064
2964 0.0455917816
2965 0.0456007568
2966 0.045609732
2967 0.0456187072
2968 0.0456276824
2969 0.0456366576
2970 0.0456456328
2971 0.045654608
2972 0.0456635832
2973 0.0456725584
2974 0.0456815336
2975 0.0456905088
2976 0.045699484
2977 0.0457084592
2978 0.0457174344
2979 0.0457264096
2980 0.0457353848
2981 0.04574436
2982 0.0457533352
2983 0.0457623104
2984 0.0457712856
2985 0.0457802608
2986 0.045789236
2987 0.0457982112
2988 0.0458071863
2989 0.0458161615
2990 0.0458251367
2991 0.0458341119
2992 0.0458430871
2993 0.0458520623
2994 0.0458610375
2995 0.0458700127
2996 0.0458789879
2997 0.0458879631
2998 0.0458969383
2999 0.0459059135
3000 0.0459148887
3001 0.0459238639
3002 0.0459328391
3003 0.0459418143
3004 0.0459507895
3005 0.0459597647
3006 0.0459687399
3007 0.0459777151
3008 0.0459866903
3009 0.0459956655
3010 0.0460046407
3011 0.0460136159
3012 0.0460225911
3013 0.0460315663
3014 0.0460405415
3015 0.0460495167
3016 0.0460584919
3017 0.0460674671
3018 0.0460764423
3019 0.0460854175
3020 0.0460943927
3021 0.0461033679
3022 0.0461123431
3023 0.0461213183
3024 0.0461302935
3025 0.0461392686
3026 0.0461482438
3027 0.046157219
3028 0.0461661942
3029 0.0461751694
3030 0.0461841446
3031 0.0461931198
3032 0.046202095
3033 0.0462110702
3034 0.0462200454
3035 0.0462290206
3036 0.0462379958
3037 0.046246971
3038 0.0462559462
3039 0.0462649214
3040 0.0462738966
3041 0.0462828718
3042 0.046291847
3043 0.0463008222
3044 0.0463097974
3045 0.0463187726
3046 0.0463277478
3047 0.046336723
3048 0.0463456982
3049 0.0463546734
3050 0.0463636486
3051 0.0463726238
3052 0.046381599
3053 0.0463905742
3054 0.0463995494
3055 0.0464085246
3056 0.0464174998
3057 0.046426475
3058 0.0464354502
3059 0.0464444254
3060 0.0464534006
3061 0.0464623758
3062 0.046471351
3063 0.0464803261
3064 0.0464893013
3065 0.0464982765
3066 0.0465072517
3067 0.0465162269
3068 0.0465252021
3069 0.0465341773
3070 0.0465431525
3071 0.0465521277
3072 0.0465611029
3073 0.0465700781
3074 0.0465790533
3075 0.0465880285
3076 0.0465970037
3077 0.0466059789
3078 0.0466149541
3079 0.0466239293
3080 0.0466329045
3081 0.0466418797
3082 0.0466508549
3083 0.0466598301
3084 0.0466688053
3085 0.0466777805
3086 0.0466867557
3087 0.0466957309
3088 0.0467047061
3089 0.0467136813
3090 0.0467226565
3091 0.0467316317
3092 0.0467406069
3093 0.0467495821
3094 0.0467585573
3095 0.0467675325
3096 0.0467765077
3097 0.0467854829
3098 0.0467944581
3099 0.0468034333
3100 0.0468124085
3101 0.0468213836
3102 0.0468303588
3103 0.046839334
3104 0.0468483092
3105 0.0468572844
3106 0.0468662596
3107 0.0468752348
3108 0.04688421
3109 0.0468931852
3110 0.0469021604
3111 0.0469111356
3112 0.0469201108
3113 0.046929086
3114 0.0469380612
3115 0.0469470364
3116 0.0469560116
3117 0.0469649868
3118 0.046973962
3119 0.0469829372
3120 0.0469919124
3121 0.0470008876
3122 0.0470098628
3123 0.047018838
3124 0.0470278132
3125 0.0470367884
3126 0.0470457636
3127 0.0470547388
3128 0.047063714
3129 0.0470726892
3130 0.0470816644
3131 0.0470906396
3132 0.0470996148
3133 0.04710859
3134 0.0471175652
3135 0.0471265404
3136 0.0471355156
3137 0.0471444908
3138 0.047153466
3139 0.0471624411
3140 0.0471714163
3141 0.0471803915
3142 0.0471893667
3143 0.0471983419
3144 0.0472073171
3145 0.0472162923
3146 0.0472252675
3147 0.0472342427
3148 0.0472432179
3149 0.0472521931
3150 0.0472611683
3151 0.0472701435
3152 0.0472791187
3153 0.0472880939
3154 0.0472970691
3155 0.0473060443
3156 0.0473150195
3157 0.0473239947
3158 0.0473329699
3159 0.0473419451
3160 0.0473509203
3161 0.0473598955
3162 0.0473688707
3163 0.0473778459
3164 0.0473868211
3165 0.0473957963
3166 0.0474047715
3167 0.0474137467
3168 0.0474227219
3169 0.0474316971
3170 0.0474406723
3171 0.0474496475
3172 0.0474586227
3173 0.0474675979
3174 0.0474765731
3175 0.0474855483
3176 0.0474945235
3177 0.0475034986
3178 0.0475124738
3179 0.047521449
3180 0.0475304242
3181 0.0475393994
3182 0.0475483746
3183 0.0475573498
3184 0.047566325
3185 0.0475753002
3186 0.0475842754
3187 0.0475932506
3188 0.0476022258
3189 0.047611201
3190 0.0476201762
3191 0.0476291514
3192 0.0476381266
3193 0.0476471018
3194 0.047656077
3195 0.0476650522
3196 0.0476740274
3197 0.0476830026
3198 0.0476919778
3199 0.047700953
3200 0.0477099282
3201 0.0477189034
3202 0.0477278786
3203 0.0477368538
3204 0.047745829
3205 0.0477548042
3206 0.0477637794
3207 0.0477727546
3208 0.0477817298
3209 0.047790705
3210 0.0477996802
3211 0.0478086554
3212 0.0478176306
3213 0.0478266058
3214 0.047835581
3215 0.0478445561
3216 0.0478535313
3217 0.0478625065
3218 0.0478714817
3219 0.0478804569
3220 0.0478894321
3221 0.0478984073
3222 0.0479073825
3223 0.0479163577
3224 0.0479253329
3225 0.0479343081
3226 0.0479432833
3227 0.0479522585
3228 0.0479612337
3229 0.0479702089
3230 0.0479791841
3231 0.0479881593
3232 0.0479971345
3233 0.0480061097
3234 0.0480150849
3235 0.0480240601
3236 0.0480330353
3237 0.0480420105
3238 0.0480509857
3239 0.0480599609
3240 0.0480689361
3241 0.0480779113
3242 0.0480868865
3243 0.0480958617
3244 0.0481048369
3245 0.0481138121
3246 0.0481227873
3247 0.0481317625
3248 0.0481407377
3249 0.0481497129
3250 0.0481586881
3251 0.0481676633
3252 0.0481766385
3253 0.0481856136
3254 0.0481945888
3255 0.048203564
3256 0.0482125392
3257 0.0482215144
3258 0.0482304896
3259 0.0482394648
3260 0.04824844
3261 0.0482574152
3262 0.0482663904
3263 0.0482753656
3264 0.0482843408
3265 0.048293316
3266 0.0483022912
3267 0.0483112664
3268 0.0483202416
3269 0.0483292168
3270 0.048338192
3271 0.0483471672
3272 0.0483561424
3273 0.0483651176
3274 0.0483740928
3275 0.048383068
3276 0.0483920432
3277 0.0484010184
3278 0.0484099936
3279 0.0484189688
3280 0.048427944
3281 0.0484369192
3282 0.0484458944
3283 0.0484548696
3284 0.0484638448
3285 0.04847282
3286 0.0484817952
3287 0.0484907704
3288 0.0484997456
3289 0.0485087208
3290 0.0485176959
3291 0.0485441284
3292 0.0485705608
3293 0.0485969933
3294 0.0486234257
3295 0.0486498581
3296 0.0486762906
3297 0.048702723
3298 0.0487291554
3299 0.0487555879
3300 0.0487820203
3301 0.0488084527
3302 0.0488348852
3303 0.0488613176
3304 0.04888775
3305 0.0489141825
3306 0.0489406149
3307 0.0489670473
3308 0.0489934798
3309 0.0490199122
3310 0.0490463446
3311 0.0490727771
3312 0.0490992095
3313 0.049125642
3314 0.0491520744
3315 0.0491785068
3316 0.0492049393
3317 0.0492313717
3318 0.0492578041
3319 0.0492842366
3320 0.049310669
3321 0.0493371014
3322 0.0493635339
3323 0.0493899663
3324 0.0494163987
3325 0.0494428312
3326 0.0494692636
3327 0.049495696
3328 0.0495221285
3329 0.0495485609
3330 0.0495749933
3331 0.0496014258
3332 0.0496278582
3333 0.0496542906
3334 0.0496807231
3335 0.0497071555
3336 0.049733588
3337 0.0497600204
3338 0.0497864528
3339 0.0498128853
3340 0.0498393177
3341 0.0498657501
3342 0.0498921826
3343 0.049918615
3344 0.0499450474
3345 0.0499714799
3346 0.0499979123
3347 0.0500243447
3348 0.0500507772
3349 0.0500772096
3350 0.050103642
3351 0.0501300745
3352 0.0501565069
3353 0.0501829393
3354 0.0502093718
3355 0.0502358042
3356 0.0502622366
3357 0.0502886691
3358 0.0503151015
3359 0.050341534
3360 0.0503679664
3361 0.0503943988
3362 0.0504208313
3363 0.0504472637
3364 0.0504736961
3365 0.0505001286
3366 0.050526561
3367 0.0505529934
3368 0.0505794259
3369 0.0506058583
3370 0.0506322907
3371 0.0506587232
3372 0.0506851556
3373 0.050711588
3374 0.0507380205
3375 0.0507644529
3376 0.0507908853
3377 0.0508173178
3378 0.0508437502
3379 0.0508701827
3380 0.0508966151
3381 0.0509230475
3382 0.05094948
3383 0.0509759124
3384 0.0510023448
3385 0.0510287773
3386 0.0510552097
3387 0.0510816421
3388 0.0511080746
3389 0.051134507
3390 0.0511609394
3391 0.0511873719
3392 0.0512138043
3393 0.0512402367
3394 0.0512666692
3395 0.0512931016
3396 0.051319534
3397 0.0513459665
3398 0.0513723989
3399 0.0513988313
3400 0.0514252638
3401 0.0514516962
3402 0.0514781287
3403 0.0515045611
3404 0.0515309935
3405 0.051557426
3406 0.0515838584
3407 0.0516102908
3408 0.0516367233
3409 0.0516631557
3410 0.0516895881
3411 0.0517160206
3412 0.051742453
3413 0.0517688854
3414 0.0517953179
3415 0.0518217503
3416 0.0518481827
3417 0.0518746152
3418 0.0519010476
3419 0.05192748
3420 0.0519539125
3421 0.0519803449
3422 0.0520067773
3423 0.0520332098
3424 0.0520596422
3425 0.0520860747
3426 0.0521125071
3427 0.0521389395
3428 0.052165372
3429 0.0521918044
3430 0.0522182368
3431 0.0522446693
3432 0.0522711017
3433 0.0522975341
3434 0.0523239666
3435 0.052350399
3436 0.0523768314
3437 0.0524032639
3438 0.0524296963
3439 0.0524561287
3440 0.0524825612
3441 0.0525089936
3442 0.052535426
3443 0.0525618585
3444 0.0525882909
3445 0.0526147234
3446 0.0526411558
3447 0.0526675882
3448 0.0526940207
3449 0.0527204531
3450 0.0527468855
3451 0.052773318
3452 0.0527997504
3453 0.0528261828
3454 0.0528526153
3455 0.0528790477
3456 0.0529054801
3457 0.0529319126
3458 0.052958345
3459 0.0529847774
3460 0.0530112099
3461 0.0530376423
3462 0.0530640747
3463 0.0530905072
3464 0.0531169396
3465 0.053143372
3466 0.0531698045
3467 0.0531962369
3468 0.0532226694
3469 0.0532491018
3470 0.0532755342
3471 0.0533019667
3472 0.0533283991
3473 0.0533548315
3474 0.053381264
3475 0.0534076964
3476 0.0534341288
3477 0.0534605613
3478 0.0534869937
3479 0.0535134261
3480 0.0535398586
3481 0.053566291
3482 0.0535927234
3483 0.0536191559
3484 0.0536455883
3485 0.0536720207
3486 0.0536984532
3487 0.0537248856
3488 0.053751318
3489 0.0537777505
3490 0.0538041829
3491 0.0538306154
3492 0.0538570478
3493 0.0538834802
3494 0.0539099127
3495 0.0539363451
3496 0.0539627775
3497 0.05398921
3498 0.0540156424
3499 0.0540420748
3500 0.0540685073
3501 0.0540949397
3502 0.0541213721
3503 0.0541478046
3504 0.054174237
3505 0.0542006694
3506 0.0542271019
3507 0.0542535343
3508 0.0542799667
3509 0.0543063992
3510 0.0543328316
3511 0.0543592641
3512 0.0543856965
3513 0.0544121289
3514 0.0544385614
3515 0.0544649938
3516 0.0544914262
3517 0.0545178587
3518 0.0545442911
3519 0.0545707235
3520 0.054597156
3521 0.0546235884
3522 0.0546500208
3523 0.0546764533
3524 0.0547028857
3525 0.0547293181
3526 0.0547557506
3527 0.054782183
3528 0.0548086154
3529 0.0548350479
3530 0.0548614803
3531 0.0548879127
3532 0.0549143452
3533 0.0549407776
3534 0.0549672101
3535 0.0549936425
3536 0.0550200749
3537 0.0550465074
3538 0.0550729398
3539 0.0550993722
3540 0.0551258047
3541 0.0551522371
3542 0.0551786695
3543 0.055205102
3544 0.0552315344
3545 0.0552579668
3546 0.0552843993
3547 0.0553108317
3548 0.0553372641
3549 0.0553636966
3550 0.055390129
3551 0.0554165614
3552 0.0554429939
3553 0.0554694263
3554 0.0554958587
3555 0.0555222912
3556 0.0555487236
3557 0.0555751561
3558 0.0556015885
3559 0.0556280209
3560 0.0556544534
3561 0.0556808858
3562 0.0557073182
3563 0.0557337507
3564 0.0557601831
3565 0.0557866155
3566 0.055813048
3567 0.0558394804
3568 0.0558659128
3569 0.0558923453
3570 0.0559187777
3571 0.0559452101
3572 0.0559716426
3573 0.055998075
3574 0.0560245074
3575 0.0560509399
3576 0.0560773723
3577 0.0561038048
3578 0.0561302372
3579 0.0561566696
3580 0.0561831021
3581 0.0562095345
3582 0.0562359669
3583 0.0562623994
3584 0.0562888318
3585 0.0563152642
3586 0.0563416967
3587 0.0563681291
3588 0.0563945615
3589 0.056420994
3590 0.0564474264
3591 0.0564738588
3592 0.0565002913
3593 0.0565267237
3594 0.0565531561
3595 0.0565795886
3596 0.056606021
3597 0.0566324534
3598 0.0566588859
3599 0.0566853183
3600 0.0567117508
3601 0.0567381832
3602 0.0567646156
3603 0.0567910481
3604 0.0568174805
3605 0.0568439129
3606 0.0568703454
3607 0.0568967778
3608 0.0569232102
3609 0.0569496427
3610 0.0569760751
3611 0.0570025075
3612 0.05702894
3613 0.0570553724
3614 0.0570818048
3615 0.0571082373
3616 0.0571346697
3617 0.0571611021
3618 0.0571875346
3619 0.057213967
3620 0.0572403994
3621 0.0572668319
3622 0.0572932643
3623 0.0573196968
3624 0.0573461292
3625 0.0573725616
3626 0.0573989941
3627 0.0574254265
3628 0.0574518589
3629 0.0574782914
3630 0.0575047238
3631 0.0575311562
3632 0.0575575887
3633 0.0575840211
3634 0.0576104535
3635 0.057636886
3636 0.0576633184
3637 0.0576897508
3638 0.0577161833
3639 0.0577426157
3640 0.0577690481
3641 0.0577954806
3642 0.057821913
3643 0.0578483455
3644 0.0578747779
3645 0.0579012103
3646 0.0579276428
3647 0.0579540752
3648 0.0579805076
3649 0.0580069401
3650 0.0580333725
3651 0.0580598049
3652 0.0580862374
3653 0.0581126698
3654 0.0581391022
3655 0.0581655347
3656 0.0581669482
3657 0.0581683617
3658 0.0581697752
3659 0.0581711887
3660 0.0581726022
3661 0.0581740157
3662 0.0581754292
3663 0.0581768427
3664 0.0581782562
3665 0.0581796697
3666 0.0581810832
3667 0.0581824967
3668 0.0581839103
3669 0.0581853238
3670 0.0581867373
3671 0.0581881508
3672 0.0581895643
3673 0.0581909778
3674 0.0581923913
3675 0.0581938048
3676 0.0581952183
3677 0.0581966318
3678 0.0581980453
3679 0.0581994588
3680 0.0582008723
3681 0.0582022858
3682 0.0582036993
3683 0.0582051128
3684 0.0582065264
3685 0.0582079399
3686 0.0582093534
3687 0.0582107669
3688 0.0582121804
3689 0.0582135939
3690 0.0582150074
3691 0.0582164209
3692 0.0582178344
3693 0.0582192479
3694 0.0582206614
3695 0.0582220749
3696 0.0582234884
3697 0.0582249019
3698 0.0582263154
3699 0.058227729
3700 0.0582291425
3701 0.058230556
3702 0.0582319695
3703 0.058233383
3704 0.0582347965
3705 0.05823621
3706 0.0582376235
3707 0.058239037
3708 0.0582404505
3709 0.058241864
3710 0.0582432775
3711 0.058244691
3712 0.0582461045
3713 0.058247518
3714 0.0582489315
3715 0.0582503451
3716 0.0582517586
3717 0.0582531721
3718 0.0582545856
3719 0.0582559991
3720 0.0582574126
3721 0.0582588261
3722 0.0582602396
3723 0.0582616531
3724 0.0582630666
3725 0.0582644801
3726 0.0582658936
3727 0.0582673071
3728 0.0582687206
3729 0.0582701341
3730 0.0582715477
3731 0.0582729612
3732 0.0582743747
3733 0.0582757882
3734 0.0582772017
3735 0.0582786152
3736 0.0582800287
3737 0.0582814422
3738 0.0582828557
3739 0.0582842692
3740 0.0582856827
3741 0.0582870962
3742 0.0582885097
3743 0.0582899232
3744 0.0582913367
3745 0.0582927502
3746 0.0582941638
3747 0.0582955773
3748 0.0582969908
3749 0.0582984043
3750 0.0582998178
3751 0.0583012313
3752 0.0583026448
3753 0.0583040583
3754 0.0583054718
3755 0.0583068853
3756 0.0583082988
3757 0.0583097123
3758 0.0583111258
3759 0.0583125393
3760 0.0583139528
3761 0.0583153664
3762 0.0583167799
3763 0.0583181934
3764 0.0583196069
3765 0.0583210204
3766 0.0583224339
3767 0.0583238474
3768 0.0583252609
3769 0.0583266744
3770 0.0583280879
3771 0.0583295014
3772 0.0583309149
3773 0.0583323284
3774 0.0583337419
3775 0.0583351554
3776 0.0583365689
3777 0.0583379825
3778 0.058339396
3779 0.0583408095
3780 0.058342223
3781 0.0583436365
3782 0.05834505
3783 0.0583464635
3784 0.058347877
3785 0.0583492905
3786 0.058350704
3787 0.0583521175
3788 0.058353531
3789 0.0583549445
3790 0.058356358
3791 0.0583577715
3792 0.058359185
3793 0.0583605986
3794 0.0583620121
3795 0.0583634256
3796 0.0583648391
3797 0.0583662526
3798 0.0583676661
3799 0.0583690796
3800 0.0583704931
3801 0.0583719066
3802 0.0583733201
3803 0.0583747336
3804 0.0583761471
3805 0.0583775606
3806 0.0583789741
3807 0.0583803876
3808 0.0583818012
3809 0.0583832147
3810 0.0583846282
3811 0.0583860417
3812 0.0583874552
3813 0.0583888687
3814 0.0583902822
3815 0.0583916957
3816 0.0583931092
3817 0.0583945227
3818 0.0583959362
3819 0.0583973497
3820 0.0583987632
3821 0.0584001767
3822 0.0584015902
3823 0.0584030037
3824 0.0584044173
3825 0.0584058308
3826 0.0584072443
3827 0.0584086578
3828 0.0584100713
3829 0.0584114848
3830 0.0584128983
3831 0.0584143118
3832 0.0584157253
3833 0.0584171388
3834 0.0584185523
3835 0.0584199658
3836 0.0584213793
3837 0.0584227928
3838 0.0584242063
3839 0.0584256199
3840 0.0584270334
3841 0.0584284469
3842 0.0584298604
3843 0.0584312739
3844 0.0584326874
3845 0.0584341009
3846 0.0584355144
3847 0.0584369279
3848 0.0584383414
3849 0.0584397549
3850 0.0584411684
3851 0.0584425819
3852 0.0584439954
3853 0.0584454089
3854 0.0584468224
3855 0.058448236
3856 0.0584496495
3857 0.058451063
3858 0.0584524765
3859 0.05845389
3860 0.0584553035
3861 0.058456717
3862 0.0584581305
3863 0.058459544
3864 0.0584609575
3865 0.058462371
3866 0.0584637845
3867 0.058465198
3868 0.0584666115
3869 0.058468025
3870 0.0584694385
3871 0.0584708521
3872 0.0584722656
3873 0.0584736791
3874 0.0584750926
3875 0.0584765061
3876 0.0584779196
3877 0.0584793331
3878 0.0584807466
3879 0.0584821601
3880 0.0584835736
3881 0.0584849871
3882 0.0584864006
3883 0.0584878141
3884 0.0584892276
3885 0.0584906411
3886 0.0584920547
3887 0.0584934682
3888 0.0584948817
3889 0.0584962952
3890 0.0584977087
3891 0.0584991222
3892 0.0585005357
3893 0.0585019492
3894 0.0585033627
3895 0.0585047762
3896 0.0585061897
3897 0.0585076032
3898 0.0585090167
3899 0.0585104302
3900 0.0585118437
3901 0.0585132572
3902 0.0585146708
3903 0.0585160843
3904 0.0585174978
3905 0.0585189113
3906 0.0585203248
3907 0.0585217383
3908 0.0585231518
3909 0.0585245653
3910 0.0585259788
3911 0.0585273923
3912 0.0585288058
3913 0.0585302193
3914 0.0585316328
3915 0.0585330463
3916 0.0585344598
3917 0.0585358734
3918 0.0585372869
3919 0.0585387004
3920 0.0585401139
3921 0.0585415274
3922 0.0585429409
3923 0.0585443544
3924 0.0585457679
3925 0.0585471814
3926 0.0585485949
3927 0.0585500084
3928 0.0585514219
3929 0.0585528354
3930 0.0585542489
3931 0.0585556624
3932 0.0585570759
3933 0.0585584895
3934 0.058559903
3935 0.0585613165
3936 0.05856273
3937 0.0585641435
3938 0.058565557
3939 0.0585669705
3940 0.058568384
3941 0.0585697975
3942 0.058571211
3943 0.0585726245
3944 0.058574038
3945 0.0585754515
3946 0.058576865
3947 0.0585782785
3948 0.0585796921
3949 0.0585811056
3950 0.0585825191
3951 0.0585839326
3952 0.0585853461
3953 0.0585867596
3954 0.0585881731
3955 0.0585895866
3956 0.0585910001
3957 0.0585924136
3958 0.0585938271
3959 0.0585952406
3960 0.0585966541
3961 0.0585980676
3962 0.0585994811
3963 0.0586008946
3964 0.0586023082
3965 0.0586037217
3966 0.0586051352
3967 0.0586065487
3968 0.0586079622
3969 0.0586093757
3970 0.0586107892
3971 0.0586122027
3972 0.0586136162
3973 0.0586150297
3974 0.0586164432
3975 0.0586178567
3976 0.0586192702
3977 0.0586206837
3978 0.0586220972
3979 0.0586235107
3980 0.0586249243
3981 0.0586263378
3982 0.0586277513
3983 0.0586291648
3984 0.0586305783
3985 0.0586319918
3986 0.0586334053
3987 0.0586348188
3988 0.0586362323
3989 0.0586376458
3990 0.0586390593
3991 0.0586404728
3992 0.0586418863
3993 0.0586432998
3994 0.0586447133
3995 0.0586461269
3996 0.0586475404
3997 0.0586489539
3998 0.0586503674
3999 0.0586517809
4000 0.0586531944
4001 0.0586546079
4002 0.0586560214
4003 0.0586574349
4004 0.0586588484
4005 0.0586602619
4006 0.0586616754
4007 0.0586630889
4008 0.0586645024
4009 0.0586659159
4010 0.0586673294
4011 0.058668743
4012 0.0586701565
4013 0.05867157
4014 0.0586729835
4015 0.058674397
4016 0.0586758105
4017 0.058677224
4018 0.0586786375
4019 0.058680051
4020 0.0586814645
4021 0.058682878
4022 0.0586842915
4023 0.058685705
4024 0.0586871185
4025 0.058688532
4026 0.0586899456
4027 0.0586913591
4028 0.0586927726
4029 0.0586941861
4030 0.0586955996
4031 0.0586970131
4032 0.0586984266
4033 0.0586998401
4034 0.0587012536
4035 0.0587026671
4036 0.0587040806
4037 0.0587054941
4038 0.0587069076
4039 0.0587083211
4040 0.0587097346
4041 0.0587111481
4042 0.0587125617
4043 0.0587139752
4044 0.0587153887
4045 0.0587168022
4046 0.0587182157
4047 0.0587196292
4048 0.0587210427
4049 0.0587224562
4050 0.0587238697
4051 0.0587252832
4052 0.0587266967
4053 0.0587281102
4054 0.0587295237
4055 0.0587309372
4056 0.0587323507
4057 0.0587337643
4058 0.0587351778
4059 0.0587365913
4060 0.0587380048
4061 0.0587394183
4062 0.0587408318
4063 0.0587422453
4064 0.0587436588
4065 0.0587450723
4066 0.0587464858
4067 0.0587478993
4068 0.0587493128
4069 0.0587507263
4070 0.0587521398
4071 0.0587535533
4072 0.0587549668
4073 0.0587563804
4074 0.0587577939
4075 0.0587592074
4076 0.0587606209
4077 0.0587620344
4078 0.0587634479
4079 0.0587648614
4080 0.0587662749
4081 0.0587676884
4082 0.0587691019
4083 0.0587705154
4084 0.0587719289
4085 0.0587733424
4086 0.0587747559
4087 0.0587761694
4088 0.0587775829
4089 0.0587789965
4090 0.05878041
4091 0.0587818235
4092 0.058783237
4093 0.0587846505
4094 0.058786064
4095 0.0587874775
4096 0.058788891
4097 0.0587903045
4098 0.058791718
4099 0.0587931315
4100 0.058794545
4101 0.0587959585
4102 0.058797372
4103 0.0587987855
4104 0.0588001991
4105 0.0588016126
4106 0.0588030261
4107 0.0588044396
4108 0.0588058531
4109 0.0588072666
4110 0.0588086801
4111 0.0588100936
4112 0.0588115071
4113 0.0588129206
4114 0.0588143341
4115 0.0588157476
4116 0.0588171611
4117 0.0588185746
4118 0.0588199881
4119 0.0588214016
4120 0.0588228152
4121 0.0588242287
4122 0.0588256422
4123 0.0588270557
4124 0.0588284692
4125 0.0588298827
4126 0.0588312962
4127 0.0588327097
4128 0.0588341232
4129 0.0588355367
4130 0.0588369502
4131 0.0588383637
4132 0.0588397772
4133 0.0588411907
4134 0.0588426042
4135 0.0588440178
4136 0.0588454313
4137 0.0588468448
4138 0.0588482583
4139 0.0588496718
4140 0.0588510853
4141 0.0588524988
4142 0.0588539123
4143 0.0588553258
4144 0.0588567393
4145 0.0588581528
4146 0.0588595663
4147 0.0588609798
4148 0.0588623933
4149 0.0588638068
4150 0.0588652203
4151 0.0588666339
4152 0.0588680474
4153 0.0588694609
4154 0.0588708744
4155 0.0588722879
4156 0.0588737014
4157 0.0588751149
4158 0.0588765284
4159 0.0588779419
4160 0.0588793554
4161 0.0588807689
4162 0.0588821824
4163 0.0588835959
4164 0.0588850094
4165 0.0588864229
4166 0.0588878365
4167 0.05888925
4168 0.0588906635
4169 0.058892077
4170 0.0588934905
4171 0.058894904
4172 0.0588963175
4173 0.058897731
4174 0.0588991445
4175 0.058900558
4176 0.0589019715
4177 0.058903385
4178 0.0589047985
4179 0.058906212
4180 0.0589076255
4181 0.058909039
4182 0.0589104526
4183 0.0589118661
4184 0.0589132796
4185 0.0589146931
4186 0.0589161066
4187 0.0589175201
4188 0.0589189336
4189 0.0589203471
4190 0.0589217606
4191 0.0589231741
4192 0.0589245876
4193 0.0589260011
4194 0.0589274146
4195 0.0589288281
4196 0.0589302416
4197 0.0589316551
4198 0.0589330687
4199 0.0589344822
4200 0.0589358957
4201 0.0589373092
4202 0.0589387227
4203 0.0589401362
4204 0.0589415497
4205 0.0589429632
4206 0.0589443767
4207 0.0589457902
4208 0.0589472037
4209 0.0589486172
4210 0.0589500307
4211 0.0589514442
4212 0.0589528577
4213 0.0589542713
4214 0.0589556848
4215 0.0589570983
4216 0.0589585118
4217 0.0589599253
4218 0.0589613388
4219 0.0589627523
4220 0.0589641658
4221 0.0589655793
4222 0.0589669928
4223 0.0589684063
4224 0.0589698198
4225 0.0589712333
4226 0.0589726468
4227 0.0589740603
4228 0.0589754738
4229 0.0589768874
4230 0.0589783009
4231 0.0589797144
4232 0.0589811279
4233 0.0589825414
4234 0.0589839549
4235 0.0589853684
4236 0.0589867819
4237 0.0589881954
4238 0.0589896089
4239 0.0589910224
4240 0.0589924359
4241 0.0589938494
4242 0.0589952629
4243 0.0589966764
4244 0.05899809
4245 0.0589995035
4246 0.059000917
4247 0.0590023305
4248 0.059003744
4249 0.0590051575
4250 0.059006571
4251 0.0590079845
4252 0.059009398
4253 0.0590108115
4254 0.059012225
4255 0.0590136385
4256 0.059015052
4257 0.0590164655
4258 0.059017879
4259 0.0590192925
4260 0.0590207061
4261 0.0590221196
4262 0.0590235331
4263 0.0590249466
4264 0.0590263601
4265 0.0590277736
4266 0.0590291871
4267 0.0590306006
4268 0.0590320141
4269 0.0590334276
4270 0.0590348411
4271 0.0590362546
4272 0.0590376681
4273 0.0590390816
4274 0.0590404951
4275 0.0590419086
4276 0.0590433222
4277 0.0590447357
4278 0.0590461492
4279 0.0590475627
4280 0.0590489762
4281 0.0590503897
4282 0.0590518032
4283 0.0590532167
4284 0.0590546302
4285 0.0590560437
4286 0.0590574572
4287 0.0590588707
4288 0.0590602842
4289 0.0590616977
4290 0.0590631112
4291 0.0590645248
4292 0.0590659383
4293 0.0590673518
4294 0.0590687653
4295 0.0590701788
4296 0.0590715923
4297 0.0590730058
4298 0.0590744193
4299 0.0590758328
4300 0.0590772463
4301 0.0590786598
4302 0.0590800733
4303 0.0590814868
4304 0.0590829003
4305 0.0590843138
4306 0.0590857273
4307 0.0590871409
4308 0.0590885544
4309 0.0590899679
4310 0.0590913814
4311 0.0590927949
4312 0.0590942084
4313 0.0590956219
4314 0.0590970354
4315 0.0590984489
4316 0.0590998624
4317 0.0591012759
4318 0.0591026894
4319 0.0591041029
4320 0.0591055164
4321 0.0591069299
4322 0.0591083435
4323 0.059109757
4324 0.0591111705
4325 0.059112584
4326 0.0591139975
4327 0.059115411
4328 0.0591168245
4329 0.059118238
4330 0.0591196515
4331 0.059121065
4332 0.0591224785
4333 0.059123892
4334 0.0591253055
4335 0.059126719
4336 0.0591281325
4337 0.059129546
4338 0.0591309596
4339 0.0591323731
4340 0.0591337866
4341 0.0591352001
4342 0.0591366136
4343 0.0591380271
4344 0.0591394406
4345 0.0591408541
4346 0.0591422676
4347 0.0591436811
4348 0.0591450946
4349 0.0591465081
4350 0.0591479216
4351 0.0591493351
4352 0.0591507486
4353 0.0591521622
4354 0.0591535757
4355 0.0591549892
4356 0.0591564027
4357 0.0591578162
4358 0.0591592297
4359 0.0591606432
4360 0.0591620567
4361 0.0591634702
4362 0.0591648837
4363 0.0591662972
4364 0.0591677107
4365 0.0591691242
4366 0.0591705377
4367 0.0591719512
4368 0.0591733647
4369 0.0591747783
4370 0.0591761918
4371 0.0591776053
4372 0.0591790188
4373 0.0591804323
4374 0.0591818458
4375 0.0591832593
4376 0.0591846728
4377 0.0591860863
4378 0.0591874998
4379 0.0591889133
4380 0.0591903268
4381 0.0591917403
4382 0.0591931538
4383 0.0591945673
4384 0.0591959808
4385 0.0591973944
4386 0.0591995613
4387 0.0592017282
4388 0.0592038952
4389 0.0592060621
4390 0.059208229
4391 0.059210396
4392 0.0592125629
4393 0.0592147298
4394 0.0592168968
4395 0.0592190637
4396 0.0592212306
4397 0.0592233976
4398 0.0592255645
4399 0.0592277314
4400 0.0592298984
4401 0.0592320653
4402 0.0592342322
4403 0.0592363992
4404 0.0592385661
4405 0.059240733
4406 0.0592429
4407 0.0592450669
4408 0.0592472338
4409 0.0592494008
4410 0.0592515677
4411 0.0592537346
4412 0.0592559016
4413 0.0592580685
4414 0.0592602354
4415 0.0592624024
4416 0.0592645693
4417 0.0592667362
4418 0.0592689032
4419 0.0592710701
4420 0.059273237
4421 0.059275404
4422 0.0592775709
4423 0.0592797378
4424 0.0592819048
4425 0.0592840717
4426 0.0592862386
4427 0.0592884056
4428 0.0592905725
4429 0.0592927394
4430 0.0592949064
4431 0.0592970733
4432 0.0592992402
4433 0.0593014072
4434 0.0593035741
4435 0.059305741
4436 0.059307908
4437 0.0593100749
4438 0.0593122418
4439 0.0593144088
4440 0.0593165757
4441 0.0593187426
4442 0.0593209096
4443 0.0593230765
4444 0.0593252434
4445 0.0593274104
4446 0.0593295773
4447 0.0593317442
4448 0.0593339112
4449 0.0593360781
4450 0.059338245
4451 0.059340412
4452 0.0593425789
4453 0.0593447458
4454 0.0593469128
4455 0.0593490797
4456 0.0593512466
4457 0.0593534136
4458 0.0593555805
4459 0.0593577474
4460 0.0593599144
4461 0.0593620813
4462 0.0593642482
4463 0.0593664152
4464 0.0593685821
4465 0.059370749
4466 0.059372916
4467 0.0593750829
4468 0.0593772498
4469 0.0593794168
4470 0.0593815837
4471 0.0593837506
4472 0.0593859176
4473 0.0593880845
4474 0.0593902514
4475 0.0593924184
4476 0.0593945853
4477 0.0593967522
4478 0.0593989192
4479 0.0594010861
4480 0.059403253
4481 0.05940542
4482 0.0594075869
4483 0.0594097538
4484 0.0594119208
4485 0.0594140877
4486 0.0594162546
4487 0.0594184216
4488 0.0594205885
4489 0.0594227554
4490 0.0594249224
4491 0.0594270893
4492 0.0594292562
4493 0.0594314232
4494 0.0594335901
4495 0.059435757
4496 0.059437924
4497 0.0594400909
4498 0.0594422578
4499 0.0594444248
4500 0.0594465917
4501 0.0594487586
4502 0.0594509256
4503 0.0594530925
4504 0.0594552594
4505 0.0594574264
4506 0.0594595933
4507 0.0594617602
4508 0.0594639272
4509 0.0594660941
4510 0.059468261
4511 0.059470428
4512 0.0594725949
4513 0.0594747618
4514 0.0594769288
4515 0.0594790957
4516 0.0594812626
4517 0.0594834296
4518 0.0594855965
4519 0.0594877634
4520 0.0594899304
4521 0.0594920973
4522 0.0594942643
4523 0.0594964312
4524 0.0594985981
4525 0.0595007651
4526 0.059502932
4527 0.0595050989
4528 0.0595072659
4529 0.0595094328
4530 0.0595115997
4531 0.0595137667
4532 0.0595159336
4533 0.0595181005
4534 0.0595202675
4535 0.0595224344
4536 0.0595246013
4537 0.0595267683
4538 0.0595289352
4539 0.0595311021
4540 0.0595332691
4541 0.059535436
4542 0.0595376029
4543 0.0595397699
4544 0.0595419368
4545 0.0595441037
4546 0.0595462707
4547 0.0595484376
4548 0.0595506045
4549 0.0595527715
4550 0.0595549384
4551 0.0595571053
4552 0.0595592723
4553 0.0595614392
4554 0.0595636061
4555 0.0595657731
4556 0.05956794
4557 0.0595701069
4558 0.0595722739
4559 0.0595744408
4560 0.0595766077
4561 0.0595787747
4562 0.0595809416
4563 0.0595831085
4564 0.0595852755
4565 0.0595874424
4566 0.0595896093
4567 0.0595917763
4568 0.0595939432
4569 0.0595961101
4570 0.0595982771
4571 0.059600444
4572 0.0596026109
4573 0.0596047779
4574 0.0596069448
4575 0.0596091117
4576 0.0596112787
4577 0.0596134456
4578 0.0596156125
4579 0.0596177795
4580 0.0596199464
4581 0.0596221133
4582 0.0596242803
4583 0.0596264472
4584 0.0596286141
4585 0.0596307811
4586 0.059632948
4587 0.0596351149
4588 0.0596372819
4589 0.0596394488
4590 0.0596416157
4591 0.0596437827
4592 0.0596459496
4593 0.0596481165
4594 0.0596502835
4595 0.0596524504
4596 0.0596546173
4597 0.0596567843
4598 0.0596589512
4599 0.0596611181
4600 0.0596632851
4601 0.059665452
4602 0.0596676189
4603 0.0596697859
4604 0.0596719528
4605 0.0596741197
4606 0.0596762867
4607 0.0596784536
4608 0.0596806205
4609 0.0596827875
4610 0.0596849544
4611 0.0596871213
4612 0.0596892883
4613 0.0596914552
4614 0.0596936221
4615 0.0596957891
4616 0.059697956
4617 0.0597001229
4618 0.0597022899
4619 0.0597044568
4620 0.0597066237
4621 0.0597087907
4622 0.0597109576
4623 0.0597131245
4624 0.0597152915
4625 0.0597174584
4626 0.0597196253
4627 0.0597217923
4628 0.0597239592
4629 0.0597261261
4630 0.0597282931
4631 0.05973046
4632 0.0597326269
4633 0.0597347939
4634 0.0597369608
4635 0.0597391277
4636 0.0597412947
4637 0.0597434616
4638 0.0597456285
4639 0.0597477955
4640 0.0597499624
4641 0.0597521293
4642 0.0597542963
4643 0.0597564632
4644 0.0597586301
4645 0.0597607971
4646 0.059762964
4647 0.0597651309
4648 0.0597672979
4649 0.0597694648
4650 0.0597716317
4651 0.0597737987
4652 0.0597759656
4653 0.0597781325
4654 0.0597802995
4655 0.0597824664
4656 0.0597846333
4657 0.0597868003
4658 0.0597889672
4659 0.0597911341
4660 0.0597933011
4661 0.059795468
4662 0.0597976349
4663 0.0597998019
4664 0.0598019688
4665 0.0598041357
4666 0.0598063027
4667 0.0598084696
4668 0.0598106365
4669 0.0598128035
4670 0.0598149704
4671 0.0598171373
4672 0.0598193043
4673 0.0598214712
4674 0.0598236381
4675 0.0598258051
4676 0.059827972
4677 0.0598301389
4678 0.0598323059
4679 0.0598344728
4680 0.0598366397
4681 0.0598388067
4682 0.0598409736
4683 0.0598431405
4684 0.0598453075
4685 0.0598474744
4686 0.0598496413
4687 0.0598518083
4688 0.0598539752
4689 0.0598561421
4690 0.0598583091
4691 0.059860476
4692 0.059862643
4693 0.0598648099
4694 0.0598669768
4695 0.0598691438
4696 0.0598713107
4697 0.0598734776
4698 0.0598756446
4699 0.0598778115
4700 0.0598799784
4701 0.0598821454
4702 0.0598843123
4703 0.0598864792
4704 0.0598886462
4705 0.0598908131
4706 0.05989298
4707 0.059895147
4708 0.0598973139
4709 0.0598994808
4710 0.0599016478
4711 0.0599038147
4712 0.0599059816
4713 0.0599081486
4714 0.0599103155
4715 0.0599124824
4716 0.0599146494
4717 0.0599168163
4718 0.0599189832
4719 0.0599211502
4720 0.0599233171
4721 0.059925484
4722 0.059927651
4723 0.0599298179
4724 0.0599319848
4725 0.0599341518
4726 0.0599363187
4727 0.0599384856
4728 0.0599406526
4729 0.0599428195
4730 0.0599449864
4731 0.0599471534
4732 0.0599493203
4733 0.0599514872
4734 0.0599536542
4735 0.0599558211
4736 0.059957988
4737 0.059960155
4738 0.0599623219
4739 0.0599644888
4740 0.0599666558
4741 0.0599688227
4742 0.0599709896
4743 0.0599731566
4744 0.0599753235
4745 0.0599774904
4746 0.0599796574
4747 0.0599818243
4748 0.0599839912
4749 0.0599861582
4750 0.0599883251
4751 0.059990492
4752 0.059992659
4753 0.0599948259
4754 0.0599969928
4755 0.0599991598
4756 0.0600013267
4757 0.0600034936
4758 0.0600056606
4759 0.0600078275
4760 0.0600099944
4761 0.0600121614
4762 0.0600143283
4763 0.0600164952
4764 0.0600186622
4765 0.0600208291
4766 0.060022996
4767 0.060025163
4768 0.0600273299
4769 0.0600294968
4770 0.0600316638
4771 0.0600338307
4772 0.0600359976
4773 0.0600381646
4774 0.0600403315
4775 0.0600424984
4776 0.0600446654
4777 0.0600468323
4778 0.0600489992
4779 0.0600511662
4780 0.0600533331
4781 0.0600555
4782 0.060057667
4783 0.0600598339
4784 0.0600620008
4785 0.0600641678
4786 0.0600663347
4787 0.0600685016
4788 0.0600706686
4789 0.0600728355
4790 0.0600750024
4791 0.0600771694
4792 0.0600793363
4793 0.0600815032
4794 0.0600836702
4795 0.0600858371
4796 0.060088004
4797 0.060090171
4798 0.0600923379
4799 0.0600945048
4800 0.0600966718
4801 0.0600988387
4802 0.0601010056
4803 0.0601031726
4804 0.0601053395
4805 0.0601075064
4806 0.0601096734
4807 0.0601118403
4808 0.0601140072
4809 0.0601161742
4810 0.0601183411
4811 0.060120508
4812 0.060122675
4813 0.0601248419
4814 0.0601270088
4815 0.0601291758
4816 0.0601313427
4817 0.0601335096
4818 0.0601356766
4819 0.0601378435
4820 0.0601400104
4821 0.0601421774
4822 0.0601443443
4823 0.0601465112
4824 0.0601486782
4825 0.0601508451
4826 0.060153012
4827 0.060155179
4828 0.0601573459
4829 0.0601595128
4830 0.0601616798
4831 0.0601638467
4832 0.0601660136
4833 0.0601681806
4834 0.0601703475
4835 0.0601725144
4836 0.0601746814
4837 0.0601768483
4838 0.0601790152
4839 0.0601811822
4840 0.0601833491
4841 0.060185516
4842 0.060187683
4843 0.0601898499
4844 0.0601920168
4845 0.0601941838
4846 0.0601963507
4847 0.0601985176
4848 0.0602006846
4849 0.0602028515
4850 0.0602050184
4851 0.0602071854
4852 0.0602093523
4853 0.0602115192
4854 0.0602136862
4855 0.0602158531
4856 0.06021802
4857 0.060220187
4858 0.0602223539
4859 0.0602245209
4860 0.0602266878
4861 0.0602288547
4862 0.0602310217
4863 0.0602331886
4864 0.0602353555
4865 0.0602375225
4866 0.0602396894
4867 0.0602418563
4868 0.0602440233
4869 0.0602461902
4870 0.0602483571
4871 0.0602505241
4872 0.060252691
4873 0.0602548579
4874 0.0602570249
4875 0.0602591918
4876 0.0602613587
4877 0.0602635257
4878 0.0602656926
4879 0.0602678595
4880 0.0602700265
4881 0.0602721934
4882 0.0602743603
4883 0.0602765273
4884 0.0602786942
4885 0.0602808611
4886 0.0602830281
4887 0.060285195
4888 0.0602873619
4889 0.0602895289
4890 0.0602916958
4891 0.0602938627
4892 0.0602960297
4893 0.0602981966
4894 0.0603003635
4895 0.0603025305
4896 0.0603046974
4897 0.0603068643
4898 0.0603090313
4899 0.0603111982
4900 0.0603133651
4901 0.0603155321
4902 0.060317699
4903 0.0603198659
4904 0.0603220329
4905 0.0603241998
4906 0.0603263667
4907 0.0603285337
4908 0.0603307006
4909 0.0603328675
4910 0.0603350345
4911 0.0603372014
4912 0.0603393683
4913 0.0603415353
4914 0.0603437022
4915 0.0603458691
4916 0.0603480361
4917 0.060350203
4918 0.0603523699
4919 0.0603545369
4920 0.0603567038
4921 0.0603588707
4922 0.0603610377
4923 0.0603632046
4924 0.0603653715
4925 0.0603675385
4926 0.0603697054
4927 0.0603718723
4928 0.0603740393
4929 0.0603762062
4930 0.0603783731
4931 0.0603805401
4932 0.060382707
4933 0.0603848739
4934 0.0603870409
4935 0.0603892078
4936 0.0603913747
4937 0.0603935417
4938 0.0603957086
4939 0.0603978755
4940 0.0604000425
4941 0.0604022094
4942 0.0604043763
4943 0.0604065433
4944 0.0604087102
4945 0.0604108771
4946 0.0604130441
4947 0.060415211
4948 0.0604173779
4949 0.0604195449
4950 0.0604217118
4951 0.0604238787
4952 0.0604260457
4953 0.0604282126
4954 0.0604303795
4955 0.0604325465
4956 0.0604347134
4957 0.0604368803
4958 0.0604390473
4959 0.0604412142
4960 0.0604433811
4961 0.0604455481
4962 0.060447715
4963 0.0604498819
4964 0.0604520489
4965 0.0604542158
4966 0.0604563827
4967 0.0604585497
4968 0.0604607166
4969 0.0604628835
4970 0.0604650505
4971 0.0604672174
4972 0.0604693843
4973 0.0604715513
4974 0.0604737182
4975 0.0604758851
4976 0.0604780521
4977 0.060480219
4978 0.0604823859
4979 0.0604845529
4980 0.0604867198
4981 0.0604888867
4982 0.0604910537
4983 0.0604932206
4984 0.0604953875
4985 0.0604975545
4986 0.0604997214
4987 0.0605018883
4988 0.0605040553
4989 0.0605062222
4990 0.0605083891
4991 0.0605105561
4992 0.060512723
4993 0.0605148899
4994 0.0605170569
4995 0.0605192238
4996 0.0605213907
4997 0.0605235577
4998 0.0605257246
4999 0.0605278915
5000 0.0605300585
5001 0.0605322254
5002 0.0605343923
5003 0.0605365593
5004 0.0605387262
5005 0.0605408931
5006 0.0605430601
5007 0.060545227
5008 0.0605473939
5009 0.0605495609
5010 0.0605517278
5011 0.0605538947
5012 0.0605560617
5013 0.0605582286
5014 0.0605603955
5015 0.0605625625
5016 0.0605647294
5017 0.0605668963
5018 0.0605690633
5019 0.0605712302
5020 0.0605733971
5021 0.0605755641
5022 0.060577731
5023 0.0605798979
5024 0.0605820649
5025 0.0605842318
5026 0.0605863988
5027 0.0605885657
5028 0.0605907326
5029 0.0605928996
5030 0.0605950665
5031 0.0605972334
5032 0.0605994004
5033 0.0606015673
5034 0.0606037342
5035 0.0606059012
5036 0.0606080681
5037 0.060610235
5038 0.060612402
5039 0.0606145689
5040 0.0606167358
5041 0.0606189028
5042 0.0606210697
5043 0.0606232366
5044 0.0606254036
5045 0.0606275705
5046 0.0606297374
5047 0.0606319044
5048 0.0606340713
5049 0.0606362382
5050 0.0606384052
5051 0.0606405721
5052 0.060642739
5053 0.060644906
5054 0.0606470729
5055 0.0606492398
5056 0.0606514068
5057 0.0606535737
5058 0.0606557406
5059 0.0606579076
5060 0.0606600745
5061 0.0606622414
5062 0.0606644084
5063 0.0606665753
5064 0.0606687422
5065 0.0606709092
5066 0.0606730761
5067 0.060675243
5068 0.06067741
5069 0.0606795769
5070 0.0606817438
5071 0.0606839108
5072 0.0606860777
5073 0.0606882446
5074 0.0606904116
5075 0.0606925785
5076 0.0606947454
5077 0.0606969124
5078 0.0606990793
5079 0.0607012462
5080 0.0607034132
5081 0.0607055801
5082 0.060707747
5083 0.060709914
5084 0.0607120809
5085 0.0607142478
5086 0.0607164148
5087 0.0607185817
5088 0.0607207486
5089 0.0607229156
5090 0.0607250825
5091 0.0607272494
5092 0.0607294164
5093 0.0607315833
5094 0.0607337502
5095 0.0607359172
5096 0.0607380841
5097 0.060740251
5098 0.060742418
5099 0.0607445849
5100 0.0607467518
5101 0.0607489188
5102 0.0607510857
5103 0.0607532526
5104 0.0607554196
5105 0.0607575865
5106 0.0607597534
5107 0.0607619204
5108 0.0607640873
5109 0.0607662542
5110 0.0607684212
5111 0.0607705881
5112 0.060772755
5113 0.060774922
5114 0.0607770889
5115 0.0607792558
5116 0.0607814228
5117 0.0607835897
5118 0.0607857566
5119 0.0607879236
5120 0.0607900905
5121 0.0607922574
5122 0.0607944244
5123 0.0607965913
5124 0.0607987582
5125 0.0608009252
5126 0.0608030921
5127 0.060805259
5128 0.060807426
5129 0.0608095929
5130 0.0608117598
5131 0.0608139268
5132 0.0608160937
5133 0.0608182606
5134 0.0608204276
5135 0.0608225945
5136 0.0608247614
5137 0.0608269284
5138 0.0608290953
5139 0.0608312622
5140 0.0608334292
5141 0.0608355961
5142 0.060837763
5143 0.06083993
5144 0.0608420969
5145 0.0608442638
5146 0.0608464308
5147 0.0608485977
5148 0.0608507646
5149 0.0608529316
5150 0.0608550985
5151 0.0608572654
5152 0.0608594324
5153 0.0608615993
5154 0.0608637662
5155 0.0608659332
5156 0.0608681001
5157 0.060870267
5158 0.060872434
5159 0.0608746009
5160 0.0608767678
5161 0.0608789348
5162 0.0608811017
5163 0.0608832686
5164 0.0608854356
5165 0.0608876025
5166 0.0608897694
5167 0.0608919364
5168 0.0608941033
5169 0.0608962702
5170 0.0608984372
5171 0.0609006041
5172 0.060902771
5173 0.060904938
5174 0.0609071049
5175 0.0609092718
5176 0.0609114388
5177 0.0609136057
5178 0.0609157726
5179 0.0609179396
5180 0.0609201065
5181 0.0609222734
5182 0.0609244404
5183 0.0609266073
5184 0.0609287742
5185 0.0609309412
5186 0.0609331081
5187 0.060935275
5188 0.060937442
5189 0.0609396089
5190 0.0609417758
5191 0.0609439428
5192 0.0609461097
5193 0.0609482767
5194 0.0609504436
5195 0.0609526105
5196 0.0609547775
5197 0.0609569444
5198 0.0609591113
5199 0.0609612783
5200 0.0609634452
5201 0.0609656121
5202 0.0609677791
5203 0.060969946
5204 0.0609721129
5205 0.0609742799
5206 0.0609764468
5207 0.0609786137
5208 0.0609807807
5209 0.0609829476
5210 0.0609851145
5211 0.0609872815
5212 0.0609894484
5213 0.0609916153
5214 0.0609937823
5215 0.0609959492
5216 0.0609981161
5217 0.0610002831
5218 0.06100245
5219 0.0610046169
5220 0.0610067839
5221 0.0610089508
5222 0.0610111177
5223 0.0610132847
5224 0.0610154516
5225 0.0610176185
5226 0.0610197855
5227 0.0610219524
5228 0.0610241193
5229 0.0610262863
5230 0.0610284532
5231 0.0610306201
5232 0.0610327871
5233 0.061034954
5234 0.0610371209
5235 0.0610392879
5236 0.0610414548
5237 0.0610436217
5238 0.0610457887
5239 0.0610479556
5240 0.0610501225
5241 0.0610522895
5242 0.0610544564
5243 0.0610566233
5244 0.0610587903
5245 0.0610609572
5246 0.0610631241
5247 0.0610652911
5248 0.061067458
5249 0.0610696249
5250 0.0610717919
5251 0.0610739588
5252 0.0610761257
5253 0.0610782927
5254 0.0610804596
5255 0.0610826265
5256 0.0610847935
5257 0.0610869604
5258 0.0610891273
5259 0.0610912943
5260 0.0610934612
5261 0.0610956281
5262 0.0610977951
5263 0.061099962
5264 0.0611021289
5265 0.0611042959
5266 0.0611064628
5267 0.0611086297
5268 0.0611107967
5269 0.0611129636
5270 0.0611151305
5271 0.0611172975
5272 0.0611194644
5273 0.0611216313
5274 0.0611237983
5275 0.0611259652
5276 0.0611281321
5277 0.0611302991
5278 0.061132466
5279 0.0611346329
5280 0.0611367999
5281 0.0611389668
5282 0.0611411337
5283 0.0611433007
5284 0.0611454676
5285 0.0611476345
5286 0.0611498015
5287 0.0611519684
5288 0.0611541353
5289 0.0611563023
5290 0.0611584692
5291 0.0611606361
5292 0.0611628031
5293 0.06116497
5294 0.0611671369
5295 0.0611693039
5296 0.0611714708
5297 0.0611736377
5298 0.0611758047
5299 0.0611779716
5300 0.0611801385
5301 0.0611823055
5302 0.0611844724
5303 0.0611866393
5304 0.0611888063
5305 0.0611909732
5306 0.0611931401
5307 0.0611953071
5308 0.061197474
5309 0.0611996409
5310 0.0612018079
5311 0.0612039748
5312 0.0612061417
5313 0.0612083087
5314 0.0612104756
5315 0.0612126425
5316 0.0612148095
5317 0.0612169764
5318 0.0612191433
5319 0.0612213103
5320 0.0612234772
5321 0.0612256441
5322 0.0612278111
5323 0.061229978
5324 0.0612321449
5325 0.0612343119
5326 0.0612364788
5327 0.0612386457
5328 0.0612408127
5329 0.0612429796
5330 0.0612451465
5331 0.0612473135
5332 0.0612494804
5333 0.0612516473
5334 0.0612538143
5335 0.0612559812
5336 0.0612581481
5337 0.0612603151
5338 0.061262482
5339 0.0612646489
5340 0.0612668159
5341 0.0612689828
5342 0.0612711497
5343 0.0612733167
5344 0.0612754836
5345 0.0612776505
5346 0.0612798175
5347 0.0612819844
5348 0.0612841513
5349 0.0612863183
5350 0.0612884852
5351 0.0612906521
5352 0.0612928191
5353 0.061294986
5354 0.0612971529
5355 0.0612993199
5356 0.0613014868
5357 0.0613036537
5358 0.0613058207
5359 0.0613079876
5360 0.0613101546
5361 0.0613123215
5362 0.0613144884
5363 0.0613166554
5364 0.0613188223
5365 0.0613209892
5366 0.0613231562
5367 0.0613253231
5368 0.06132749
5369 0.061329657
5370 0.0613318239
5371 0.0613339908
5372 0.0613361578
5373 0.0613383247
5374 0.0613404916
5375 0.0613426586
5376 0.0613448255
5377 0.0613469924
5378 0.0613491594
5379 0.0613513263
5380 0.0613534932
5381 0.0613556602
5382 0.0613578271
5383 0.061359994
5384 0.061362161
5385 0.0613643279
5386 0.0613664948
5387 0.0613686618
5388 0.0613708287
5389 0.0613729956
5390 0.0613751626
5391 0.0613773295
5392 0.0613794964
5393 0.0613816634
5394 0.0613838303
5395 0.0613859972
5396 0.0613881642
5397 0.0613903311
5398 0.061392498
5399 0.061394665
5400 0.0613968319
5401 0.0613989988
5402 0.0614011658
5403 0.0614033327
5404 0.0614054996
5405 0.0614076666
5406 0.0614098335
5407 0.0614120004
5408 0.0614141674
5409 0.0614163343
5410 0.0614185012
5411 0.0614206682
5412 0.0614228351
5413 0.061425002
5414 0.061427169
5415 0.0614293359
5416 0.0614315028
5417 0.0614336698
5418 0.0614358367
5419 0.0614380036
5420 0.0614401706
5421 0.0614423375
5422 0.0614445044
5423 0.0614466714
5424 0.0614488383
5425 0.0614510052
5426 0.0614531722
5427 0.0614553391
5428 0.061457506
5429 0.061459673
5430 0.0614618399
5431 0.0614640068
5432 0.0614661738
5433 0.0614683407
5434 0.0614705076
5435 0.0614726746
5436 0.0614748415
5437 0.0614770084
5438 0.0614791754
5439 0.0614813423
5440 0.0614835092
5441 0.0614856762
5442 0.0614878431
5443 0.06149001
5444 0.061492177
5445 0.0614943439
5446 0.0614965108
5447 0.0614986778
5448 0.0615008447
5449 0.0615030116
5450 0.0615051786
5451 0.0615073455
5452 0.0615095124
5453 0.0615116794
5454 0.0615138463
5455 0.0615160132
5456 0.0615181802
5457 0.0615203471
5458 0.061522514
5459 0.061524681
5460 0.0615268479
5461 0.0615290148
5462 0.0615311818
5463 0.0615333487
5464 0.0615355156
5465 0.0615376826
5466 0.0615398495
5467 0.0615420164
5468 0.0615441834
5469 0.0615463503
5470 0.0615485172
5471 0.0615506842
5472 0.0615528511
5473 0.061555018
5474 0.061557185
5475 0.0615593519
5476 0.0615615188
5477 0.0615636858
5478 0.0615658527
5479 0.0615680196
5480 0.0615701866
5481 0.0615723535
5482 0.0615727307
5483 0.0615731079
5484 0.0615734851
5485 0.0615738624
5486 0.0615742396
5487 0.0615746168
5488 0.061574994
5489 0.0615753712
5490 0.0615757484
5491 0.0615761256
5492 0.0615765028
5493 0.0615768801
5494 0.0615772573
5495 0.0615776345
5496 0.0615780117
5497 0.0615783889
5498 0.0615787661
5499 0.0615791433
5500 0.0615795205
5501 0.0615798977
5502 0.061580275
5503 0.0615806522
5504 0.0615810294
5505 0.0615814066
5506 0.0615817838
5507 0.061582161
5508 0.0615825382
5509 0.0615829154
5510 0.0615832927
5511 0.0615836699
5512 0.0615840471
5513 0.0615844243
5514 0.0615848015
5515 0.0615851787
5516 0.0615855559
5517 0.0615859331
5518 0.0615863104
5519 0.0615866876
5520 0.0615870648
5521 0.061587442
5522 0.0615878192
5523 0.0615881964
5524 0.0615885736
5525 0.0615889508
5526 0.061589328
5527 0.0615897053
5528 0.0615900825
5529 0.0615904597
5530 0.0615908369
5531 0.0615912141
5532 0.0615915913
5533 0.0615919685
5534 0.0615923457
5535 0.061592723
5536 0.0615931002
5537 0.0615934774
5538 0.0615938546
5539 0.0615942318
5540 0.061594609
5541 0.0615949862
5542 0.0615953634
5543 0.0615957407
5544 0.0615961179
5545 0.0615964951
5546 0.0615968723
5547 0.0615972495
5548 0.0615976267
5549 0.0615980039
5550 0.0615983811
5551 0.0615987584
5552 0.0615991356
5553 0.0615995128
5554 0.06159989
5555 0.0616002672
5556 0.0616006444
5557 0.0616010216
5558 0.0616013988
5559 0.061601776
5560 0.0616021533
5561 0.0616025305
5562 0.0616029077
5563 0.0616032849
5564 0.0616036621
5565 0.0616040393
5566 0.0616044165
5567 0.0616047937
5568 0.061605171
5569 0.0616055482
5570 0.0616059254
5571 0.0616063026
5572 0.0616066798
5573 0.061607057
5574 0.0616074342
5575 0.0616078114
5576 0.0616081887
5577 0.0616085659
5578 0.0616089431
5579 0.0616093203
5580 0.0616096975
5581 0.0616100747
5582 0.0616104519
5583 0.0616108291
5584 0.0616112063
5585 0.0616115836
5586 0.0616119608
5587 0.061612338
5588 0.0616127152
5589 0.0616130924
5590 0.0616134696
5591 0.0616138468
5592 0.061614224
5593 0.0616146013
5594 0.0616149785
5595 0.0616153557
5596 0.0616157329
5597 0.0616161101
5598 0.0616164873
5599 0.0616168645
5600 0.0616172417
5601 0.061617619
5602 0.0616179962
5603 0.0616183734
5604 0.0616187506
5605 0.0616191278
5606 0.061619505
5607 0.0616198822
5608 0.0616202594
5609 0.0616206366
5610 0.0616210139
5611 0.0616213911
5612 0.0616217683
5613 0.0616221455
5614 0.0616225227
5615 0.0616228999
5616 0.0616232771
5617 0.0616236543
5618 0.0616240316
5619 0.0616244088
5620 0.061624786
5621 0.0616251632
5622 0.0616255404
5623 0.0616259176
5624 0.0616262948
5625 0.061626672
5626 0.0616270493
5627 0.0616274265
5628 0.0616278037
5629 0.0616281809
5630 0.0616285581
5631 0.0616289353
5632 0.0616293125
5633 0.0616296897
5634 0.061630067
5635 0.0616304442
5636 0.0616308214
5637 0.0616311986
5638 0.0616315758
5639 0.061631953
5640 0.0616323302
5641 0.0616327074
5642 0.0616330846
5643 0.0616334619
5644 0.0616338391
5645 0.0616342163
5646 0.0616345935
5647 0.0616349707
5648 0.0616353479
5649 0.0616357251
5650 0.0616361023
5651 0.0616364796
5652 0.0616368568
5653 0.061637234
5654 0.0616376112
5655 0.0616379884
5656 0.0616383656
5657 0.0616387428
5658 0.06163912
5659 0.0616394973
5660 0.0616398745
5661 0.0616402517
5662 0.0616406289
5663 0.0616410061
5664 0.0616413833
5665 0.0616417605
5666 0.0616421377
5667 0.0616425149
5668 0.0616428922
5669 0.0616432694
5670 0.0616436466
5671 0.0616440238
5672 0.061644401
5673 0.0616447782
5674 0.0616451554
5675 0.0616455326
5676 0.0616459099
5677 0.0616462871
5678 0.0616466643
5679 0.0616470415
5680 0.0616474187
5681 0.0616477959
5682 0.0616481731
5683 0.0616485503
5684 0.0616489276
5685 0.0616493048
5686 0.061649682
5687 0.0616500592
5688 0.0616504364
5689 0.0616508136
5690 0.0616511908
5691 0.061651568
5692 0.0616519452
5693 0.0616523225
5694 0.0616526997
5695 0.0616530769
5696 0.0616534541
5697 0.0616538313
5698 0.0616542085
5699 0.0616545857
5700 0.0616549629
5701 0.0616553402
5702 0.0616557174
5703 0.0616560946
5704 0.0616564718
5705 0.061656849
5706 0.0616572262
5707 0.0616576034
5708 0.0616579806
5709 0.0616583579
5710 0.0616587351
5711 0.0616591123
5712 0.0616594895
5713 0.0616598667
5714 0.0616602439
5715 0.0616606211
5716 0.0616609983
5717 0.0616613755
5718 0.0616617528
5719 0.06166213
5720 0.0616625072
5721 0.0616628844
5722 0.0616632616
5723 0.0616636388
5724 0.061664016
5725 0.0616643932
5726 0.0616647705
5727 0.0616651477
5728 0.0616655249
5729 0.0616659021
5730 0.0616662793
5731 0.0616666565
5732 0.0616670337
5733 0.0616674109
5734 0.0616677882
5735 0.0616681654
5736 0.0616685426
5737 0.0616689198
5738 0.061669297
5739 0.0616696742
5740 0.0616700514
5741 0.0616704286
5742 0.0616708059
5743 0.0616711831
5744 0.0616715603
5745 0.0616719375
5746 0.0616723147
5747 0.0616726919
5748 0.0616730691
5749 0.0616734463
5750 0.0616738235
5751 0.0616742008
5752 0.061674578
5753 0.0616749552
5754 0.0616753324
5755 0.0616757096
5756 0.0616760868
5757 0.061676464
5758 0.0616768412
5759 0.0616772185
5760 0.0616775957
5761 0.0616779729
5762 0.0616783501
5763 0.0616787273
5764 0.0616791045
5765 0.0616794817
5766 0.0616798589
5767 0.0616802362
5768 0.0616806134
5769 0.0616809906
5770 0.0616813678
5771 0.061681745
5772 0.0616821222
5773 0.0616824994
5774 0.0616828766
5775 0.0616832538
5776 0.0616836311
5777 0.0616840083
5778 0.0616843855
5779 0.0616847627
5780 0.0616851399
5781 0.0616855171
5782 0.0616858943
5783 0.0616862715
5784 0.0616866488
5785 0.061687026
5786 0.0616874032
5787 0.0616877804
5788 0.0616881576
5789 0.0616885348
5790 0.061688912
5791 0.0616892892
5792 0.0616896665
5793 0.0616900437
5794 0.0616904209
5795 0.0616907981
5796 0.0616911753
5797 0.0616915525
5798 0.0616919297
5799 0.0616923069
5800 0.0616926841
5801 0.0616930614
5802 0.0616934386
5803 0.0616938158
5804 0.061694193
5805 0.0616945702
5806 0.0616949474
5807 0.0616953246
5808 0.0616957018
5809 0.0616960791
5810 0.0616964563
5811 0.0616968335
5812 0.0616972107
5813 0.0616975879
5814 0.0616979651
5815 0.0616983423
5816 0.0616987195
5817 0.0616990968
5818 0.061699474
5819 0.0616998512
5820 0.0617002284
5821 0.0617006056
5822 0.0617009828
5823 0.06170136
5824 0.0617017372
5825 0.0617021145
5826 0.0617024917
5827 0.0617028689
5828 0.0617032461
5829 0.0617036233
5830 0.0617040005
5831 0.0617043777
5832 0.0617047549
5833 0.0617051321
5834 0.0617055094
5835 0.0617058866
5836 0.0617062638
5837 0.061706641
5838 0.0617070182
5839 0.0617073954
5840 0.0617077726
5841 0.0617081498
5842 0.0617085271
5843 0.0617089043
5844 0.0617092815
5845 0.0617096587
5846 0.0617100359
5847 0.0617104131
5848 0.0617107903
5849 0.0617111675
5850 0.0617115448
5851 0.061711922
5852 0.0617122992
5853 0.0617126764
5854 0.0617130536
5855 0.0617134308
5856 0.061713808
5857 0.0617141852
5858 0.0617145624
5859 0.0617149397
5860 0.0617153169
5861 0.0617156941
5862 0.0617160713
5863 0.0617164485
5864 0.0617168257
5865 0.0617172029
5866 0.0617175801
5867 0.0617179574
5868 0.0617183346
5869 0.0617187118
5870 0.061719089
5871 0.0617194662
5872 0.0617198434
5873 0.0617202206
5874 0.0617205978
5875 0.0617209751
5876 0.0617213523
5877 0.0617217295
5878 0.0617221067
5879 0.0617224839
5880 0.0617228611
5881 0.0617232383
5882 0.0617236155
5883 0.0617239927
5884 0.06172437
5885 0.0617247472
5886 0.0617251244
5887 0.0617255016
5888 0.0617258788
5889 0.061726256
5890 0.0617266332
5891 0.0617270104
5892 0.0617273877
5893 0.0617277649
5894 0.0617281421
5895 0.0617285193
5896 0.0617288965
5897 0.0617292737
5898 0.0617296509
5899 0.0617300281
5900 0.0617304054
5901 0.0617307826
5902 0.0617311598
5903 0.061731537
5904 0.0617319142
5905 0.0617322914
5906 0.0617326686
5907 0.0617330458
5908 0.0617334231
5909 0.0617338003
5910 0.0617341775
5911 0.0617345547
5912 0.0617349319
5913 0.0617353091
5914 0.0617356863
5915 0.0617360635
5916 0.0617364407
5917 0.061736818
5918 0.0617371952
5919 0.0617375724
5920 0.0617379496
5921 0.0617383268
5922 0.061738704
5923 0.0617390812
5924 0.0617394584
5925 0.0617398357
5926 0.0617402129
5927 0.0617405901
5928 0.0617409673
5929 0.0617413445
5930 0.0617417217
5931 0.0617420989
5932 0.0617424761
5933 0.0617428534
5934 0.0617432306
5935 0.0617436078
5936 0.061743985
5937 0.0617443622
5938 0.0617447394
5939 0.0617451166
5940 0.0617454938
5941 0.061745871
5942 0.0617462483
5943 0.0617466255
5944 0.0617470027
5945 0.0617473799
5946 0.0617477571
5947 0.0617481343
5948 0.0617485115
5949 0.0617488887
5950 0.061749266
5951 0.0617496432
5952 0.0617500204
5953 0.0617503976
5954 0.0617507748
5955 0.061751152
5956 0.0617515292
5957 0.0617519064
5958 0.0617522837
5959 0.0617526609
5960 0.0617530381
5961 0.0617534153
5962 0.0617537925
5963 0.0617541697
5964 0.0617545469
5965 0.0617549241
5966 0.0617553013
5967 0.0617556786
5968 0.0617560558
5969 0.061756433
5970 0.0617568102
5971 0.0617571874
5972 0.0617575646
5973 0.0617579418
5974 0.061758319
5975 0.0617586963
5976 0.0617590735
5977 0.0617594507
5978 0.0617598279
5979 0.0617602051
5980 0.0617605823
5981 0.0617609595
5982 0.0617613367
5983 0.061761714
5984 0.0617620912
5985 0.0617624684
5986 0.0617628456
5987 0.0617632228
5988 0.0617636
5989 0.0617639772
5990 0.0617643544
5991 0.0617647316
5992 0.0617651089
5993 0.0617654861
5994 0.0617658633
5995 0.0617662405
5996 0.0617666177
5997 0.0617669949
5998 0.0617673721
5999 0.0617677493
6000 0.0617681266
6001 0.0617685038
6002 0.061768881
6003 0.0617692582
6004 0.0617696354
6005 0.0617700126
6006 0.0617703898
6007 0.061770767
6008 0.0617711443
6009 0.0617715215
6010 0.0617718987
6011 0.0617722759
6012 0.0617726531
6013 0.0617730303
6014 0.0617734075
6015 0.0617737847
6016 0.061774162
6017 0.0617745392
6018 0.0617749164
6019 0.0617752936
6020 0.0617756708
6021 0.061776048
6022 0.0617764252
6023 0.0617768024
6024 0.0617771796
6025 0.0617775569
6026 0.0617779341
6027 0.0617783113
6028 0.0617786885
6029 0.0617790657
6030 0.0617794429
6031 0.0617798201
6032 0.0617801973
6033 0.0617805746
6034 0.0617809518
6035 0.061781329
6036 0.0617817062
6037 0.0617820834
6038 0.0617824606
6039 0.0617828378
6040 0.061783215
6041 0.0617835923
6042 0.0617839695
6043 0.0617843467
6044 0.0617847239
6045 0.0617851011
6046 0.0617854783
6047 0.0617858555
6048 0.0617862327
6049 0.0617866099
6050 0.0617869872
6051 0.0617873644
6052 0.0617877416
6053 0.0617881188
6054 0.061788496
6055 0.0617888732
6056 0.0617892504
6057 0.0617896276
6058 0.0617900049
6059 0.0617903821
6060 0.0617907593
6061 0.0617911365
6062 0.0617915137
6063 0.0617918909
6064 0.0617922681
6065 0.0617926453
6066 0.0617930226
6067 0.0617933998
6068 0.061793777
6069 0.0617941542
6070 0.0617945314
6071 0.0617949086
6072 0.0617952858
6073 0.061795663
6074 0.0617960402
6075 0.0617964175
6076 0.0617967947
6077 0.0617971719
6078 0.0617975491
6079 0.0617979263
6080 0.0617983035
6081 0.0617986807
6082 0.0617990579
6083 0.0617994352
6084 0.0617998124
6085 0.0618001896
6086 0.0618005668
6087 0.061800944
6088 0.0618013212
6089 0.0618016984
6090 0.0618020756
6091 0.0618024529
6092 0.0618028301
6093 0.0618032073
6094 0.0618035845
6095 0.0618039617
6096 0.0618043389
6097 0.0618047161
6098 0.0618050933
6099 0.0618054706
6100 0.0618058478
6101 0.061806225
6102 0.0618066022
6103 0.0618069794
6104 0.0618073566
6105 0.0618077338
6106 0.061808111
6107 0.0618084882
6108 0.0618088655
6109 0.0618092427
6110 0.0618096199
6111 0.0618099971
6112 0.0618103743
6113 0.0618107515
6114 0.0618111287
6115 0.0618115059
6116 0.0618118832
6117 0.0618122604
6118 0.0618126376
6119 0.0618130148
6120 0.061813392
6121 0.0618137692
6122 0.0618141464
6123 0.0618145236
6124 0.0618149009
6125 0.0618152781
6126 0.0618156553
6127 0.0618160325
6128 0.0618164097
6129 0.0618167869
6130 0.0618171641
6131 0.0618175413
6132 0.0618179185
6133 0.0618182958
6134 0.061818673
6135 0.0618190502
6136 0.0618194274
6137 0.0618198046
6138 0.0618201818
6139 0.061820559
6140 0.0618209362
6141 0.0618213135
6142 0.0618216907
6143 0.0618220679
6144 0.0618224451
6145 0.0618228223
6146 0.0618231995
6147 0.0618235767
6148 0.0618239539
6149 0.0618243312
6150 0.0618247084
6151 0.0618250856
6152 0.0618254628
6153 0.06182584
6154 0.0618262172
6155 0.0618265944
6156 0.0618269716
6157 0.0618273488
6158 0.0618277261
6159 0.0618281033
6160 0.0618284805
6161 0.0618288577
6162 0.0618292349
6163 0.0618296121
6164 0.0618299893
6165 0.0618303665
6166 0.0618307438
6167 0.061831121
6168 0.0618314982
6169 0.0618318754
6170 0.0618322526
6171 0.0618326298
6172 0.061833007
6173 0.0618333842
6174 0.0618337615
6175 0.0618341387
6176 0.0618345159
6177 0.0618348931
6178 0.0618352703
6179 0.0618356475
6180 0.0618360247
6181 0.0618364019
6182 0.0618367792
6183 0.0618371564
6184 0.0618375336
6185 0.0618379108
6186 0.061838288
6187 0.0618386652
6188 0.0618390424
6189 0.0618394196
6190 0.0618397968
6191 0.0618401741
6192 0.0618405513
6193 0.0618409285
6194 0.0618413057
6195 0.0618416829
6196 0.0618420601
6197 0.0618424373
6198 0.0618428145
6199 0.0618431918
6200 0.061843569
6201 0.0618439462
6202 0.0618443234
6203 0.0618447006
6204 0.0618450778
6205 0.061845455
6206 0.0618458322
6207 0.0618462095
6208 0.0618465867
6209 0.0618469639
6210 0.0618473411
6211 0.0618477183
6212 0.0618480955
6213 0.0618484727
6214 0.0618488499
6215 0.0618492271
6216 0.0618496044
6217 0.0618499816
6218 0.0618503588
6219 0.061850736
6220 0.0618511132
6221 0.0618514904
6222 0.0618518676
6223 0.0618522448
6224 0.0618526221
6225 0.0618529993
6226 0.0618533765
6227 0.0618537537
6228 0.0618541309
6229 0.0618545081
6230 0.0618548853
6231 0.0618552625
6232 0.0618556398
6233 0.061856017
6234 0.0618563942
6235 0.0618567714
6236 0.0618571486
6237 0.0618575258
6238 0.061857903
6239 0.0618582802
6240 0.0618586574
6241 0.0618590347
6242 0.0618594119
6243 0.0618597891
6244 0.0618601663
6245 0.0618605435
6246 0.0618609207
6247 0.0618612979
6248 0.0618616751
6249 0.0618620524
6250 0.0618624296
6251 0.0618628068
6252 0.061863184
6253 0.0618635612
6254 0.0618639384
6255 0.0618643156
6256 0.0618646928
6257 0.0618650701
6258 0.0618654473
6259 0.0618658245
6260 0.0618662017
6261 0.0618665789
6262 0.0618669561
6263 0.0618673333
6264 0.0618677105
6265 0.0618680878
6266 0.061868465
6267 0.0618688422
6268 0.0618692194
6269 0.0618695966
6270 0.0618699738
6271 0.061870351
6272 0.0618707282
6273 0.0618711054
6274 0.0618714827
6275 0.0618718599
6276 0.0618722371
6277 0.0618726143
6278 0.0618729915
6279 0.0618733687
6280 0.0618737459
6281 0.0618741231
6282 0.0618745004
6283 0.0618748776
6284 0.0618752548
6285 0.061875632
6286 0.0618760092
6287 0.0618763864
6288 0.0618767636
6289 0.0618771408
6290 0.0618775181
6291 0.0618778953
6292 0.0618782725
6293 0.0618786497
6294 0.0618790269
6295 0.0618794041
6296 0.0618797813
6297 0.0618801585
6298 0.0618805357
6299 0.061880913
6300 0.0618812902
6301 0.0618816674
6302 0.0618820446
6303 0.0618824218
6304 0.061882799
6305 0.0618831762
6306 0.0618835534
6307 0.0618839307
6308 0.0618843079
6309 0.0618846851
6310 0.0618850623
6311 0.0618854395
6312 0.0618858167
6313 0.0618861939
6314 0.0618865711
6315 0.0618869484
6316 0.0618873256
6317 0.0618877028
6318 0.06188808
6319 0.0618884572
6320 0.0618888344
6321 0.0618892116
6322 0.0618895888
6323 0.061889966
6324 0.0618903433
6325 0.0618907205
6326 0.0618910977
6327 0.0618914749
6328 0.0618918521
6329 0.0618922293
6330 0.0618926065
6331 0.0618929837
6332 0.061893361
6333 0.0618937382
6334 0.0618941154
6335 0.0618944926
6336 0.0618948698
6337 0.061895247
6338 0.0618956242
6339 0.0618960014
6340 0.0618963787
6341 0.0618967559
6342 0.0618971331
6343 0.0618975103
6344 0.0618978875
6345 0.0618982647
6346 0.0618986419
6347 0.0618990191
6348 0.0618993963
6349 0.0618997736
6350 0.0619001508
6351 0.061900528
6352 0.0619009052
6353 0.0619012824
6354 0.0619016596
6355 0.0619020368
6356 0.061902414
6357 0.0619027913
6358 0.0619031685
6359 0.0619035457
6360 0.0619039229
6361 0.0619043001
6362 0.0619046773
6363 0.0619050545
6364 0.0619054317
6365 0.061905809
6366 0.0619061862
6367 0.0619065634
6368 0.0619069406
6369 0.0619073178
6370 0.061907695
6371 0.0619080722
6372 0.0619084494
6373 0.0619088267
6374 0.0619092039
6375 0.0619095811
6376 0.0619099583
6377 0.0619103355
6378 0.0619107127
6379 0.0619110899
6380 0.0619114671
6381 0.0619118443
6382 0.0619122216
6383 0.0619125988
6384 0.061912976
6385 0.0619133532
6386 0.0619137304
6387 0.0619141076
6388 0.0619144848
6389 0.061914862
6390 0.0619152393
6391 0.0619156165
6392 0.0619159937
6393 0.0619163709
6394 0.0619167481
6395 0.0619171253
6396 0.0619175025
6397 0.0619178797
6398 0.061918257
6399 0.0619186342
6400 0.0619190114
6401 0.0619193886
6402 0.0619197658
6403 0.061920143
6404 0.0619205202
6405 0.0619208974
6406 0.0619212746
6407 0.0619216519
6408 0.0619220291
6409 0.0619224063
6410 0.0619227835
6411 0.0619231607
6412 0.0619235379
6413 0.0619239151
6414 0.0619242923
6415 0.0619246696
6416 0.0619250468
6417 0.061925424
6418 0.0619258012
6419 0.0619261784
6420 0.0619265556
6421 0.0619269328
6422 0.06192731
6423 0.0619276873
6424 0.0619280645
6425 0.0619284417
6426 0.0619288189
6427 0.0619291961
6428 0.0619295733
6429 0.0619299505
6430 0.0619303277
6431 0.0619307049
6432 0.0619310822
6433 0.0619314594
6434 0.0619318366
6435 0.0619322138
6436 0.061932591
6437 0.0619329682
6438 0.0619333454
6439 0.0619337226
6440 0.0619340999
6441 0.0619344771
6442 0.0619348543
6443 0.0619352315
6444 0.0619356087
6445 0.0619359859
6446 0.0619363631
6447 0.0619367403
6448 0.0619371176
6449 0.0619374948
6450 0.061937872
6451 0.0619382492
6452 0.0619386264
6453 0.0619390036
6454 0.0619393808
6455 0.061939758
6456 0.0619401353
6457 0.0619405125
6458 0.0619408897
6459 0.0619412669
6460 0.0619416441
6461 0.0619420213
6462 0.0619423985
6463 0.0619427757
6464 0.0619431529
6465 0.0619435302
6466 0.0619439074
6467 0.0619442846
6468 0.0619446618
6469 0.061945039
6470 0.0619454162
6471 0.0619457934
6472 0.0619461706
6473 0.0619465479
6474 0.0619469251
6475 0.0619473023
6476 0.0619476795
6477 0.0619480567
6478 0.0619484339
6479 0.0619488111
6480 0.0619491883
6481 0.0619495656
6482 0.0619499428
6483 0.06195032
6484 0.0619506972
6485 0.0619510744
6486 0.0619514516
6487 0.0619518288
6488 0.061952206
6489 0.0619525832
6490 0.0619529605
6491 0.0619533377
6492 0.0619537149
6493 0.0619540921
6494 0.0619544693
6495 0.0619548465
6496 0.0619552237
6497 0.0619556009
6498 0.0619559782
6499 0.0619563554
6500 0.0619567326
6501 0.0619571098
6502 0.061957487
6503 0.0619578642
6504 0.0619582414
6505 0.0619586186
6506 0.0619589959
6507 0.0619593731
6508 0.0619597503
6509 0.0619601275
6510 0.0619605047
6511 0.0619608819
6512 0.0619612591
6513 0.0619616363
6514 0.0619620135
6515 0.0619623908
6516 0.061962768
6517 0.0619631452
6518 0.0619635224
6519 0.0619638996
6520 0.0619642768
6521 0.061964654
6522 0.0619650312
6523 0.0619654085
6524 0.0619657857
6525 0.0619661629
6526 0.0619665401
6527 0.0619669173
6528 0.0619672945
6529 0.0619676717
6530 0.0619680489
6531 0.0619684262
6532 0.0619688034
6533 0.0619691806
6534 0.0619695578
6535 0.061969935
6536 0.0619703122
6537 0.0619706894
6538 0.0619710666
6539 0.0619714439
6540 0.0619718211
6541 0.0619721983
6542 0.0619725755
6543 0.0619729527
6544 0.0619733299
6545 0.0619737071
6546 0.0619740843
6547 0.0619744615
6548 0.0619748388
6549 0.061975216
6550 0.0619755932
6551 0.0619759704
6552 0.0619763476
6553 0.0619767248
6554 0.061977102
6555 0.0619774792
6556 0.0619778565
6557 0.0619782337
6558 0.0619786109
6559 0.0619789881
6560 0.0619793653
6561 0.0619797425
6562 0.0619801197
6563 0.0619804969
6564 0.0619808742
6565 0.0619812514
6566 0.0619816286
6567 0.0619820058
6568 0.061982383
6569 0.0619827602
6570 0.0619831374
6571 0.0619835146
6572 0.0619838918
6573 0.0619842691
6574 0.0619846463
6575 0.0619850235
6576 0.0619854007
6577 0.0619857779
6578 0.0619861551
6579 0.0619865323
6580 0.0619869095
6581 0.0619872868
6582 0.061987664
6583 0.0619880412
6584 0.0619884184
6585 0.0619887956
6586 0.0619891728
6587 0.06198955
6588 0.0619899272
6589 0.0619903045
6590 0.0619906817
6591 0.0619910589
6592 0.0619914361
6593 0.0619918133
6594 0.0619921905
6595 0.0619925677
6596 0.0619929449
6597 0.0619933221
6598 0.0619936994
6599 0.0619940766
6600 0.0619944538
6601 0.061994831
6602 0.0619952082
6603 0.0619955854
6604 0.0619959626
6605 0.0619963398
6606 0.0619967171
6607 0.0619970943
6608 0.0619974715
6609 0.0619978487
6610 0.0619982259
6611 0.0619986031
6612 0.0619989803
6613 0.0619993575
6614 0.0619997348
6615 0.062000112
6616 0.0620004892
6617 0.0620008664
6618 0.0620012436
6619 0.0620016208
6620 0.062001998
6621 0.0620023752
6622 0.0620027524
6623 0.0620031297
6624 0.0620035069
6625 0.0620038841
6626 0.0620042613
6627 0.0620046385
6628 0.0620050157
6629 0.0620053929
6630 0.0620057701
6631 0.0620061474
6632 0.0620065246
6633 0.0620069018
6634 0.062007279
6635 0.0620076562
6636 0.0620080334
6637 0.0620084106
6638 0.0620087878
6639 0.0620091651
6640 0.0620095423
6641 0.0620099195
6642 0.0620102967
6643 0.0620106739
6644 0.0620110511
6645 0.0620114283
6646 0.0620118055
6647 0.0620121828
6648 0.06201256
6649 0.0620129372
6650 0.0620133144
6651 0.0620136916
6652 0.0620140688
6653 0.062014446
6654 0.0620148232
6655 0.0620152004
6656 0.0620155777
6657 0.0620159549
6658 0.0620163321
6659 0.0620167093
6660 0.0620170865
6661 0.0620174637
6662 0.0620178409
6663 0.0620182181
6664 0.0620185954
6665 0.0620189726
6666 0.0620193498
6667 0.062019727
6668 0.0620201042
6669 0.0620204814
6670 0.0620208586
6671 0.0620212358
6672 0.0620216131
6673 0.0620219903
6674 0.0620223675
6675 0.0620227447
6676 0.0620231219
6677 0.0620234991
6678 0.0620238763
6679 0.0620242535
6680 0.0620246307
6681 0.062025008
6682 0.0620253852
6683 0.0620257624
6684 0.0620261396
6685 0.0620265168
6686 0.062026894
6687 0.0620272712
6688 0.0620276484
6689 0.0620280257
6690 0.0620284029
6691 0.0620287801
6692 0.0620291573
6693 0.0620295345
6694 0.0620299117
6695 0.0620302889
6696 0.0620306661
6697 0.0620310434
6698 0.0620314206
6699 0.0620317978
6700 0.062032175
6701 0.0620325522
6702 0.0620329294
6703 0.0620333066
6704 0.0620336838
6705 0.062034061
6706 0.0620344383
6707 0.0620348155
6708 0.0620351927
6709 0.0620355699
6710 0.0620359471
6711 0.0620363243
6712 0.0620367015
6713 0.0620370787
6714 0.062037456
6715 0.0620378332
6716 0.0620382104
6717 0.0620385876
6718 0.0620389648
6719 0.062039342
6720 0.0620397192
6721 0.0620400964
6722 0.0620404737
6723 0.0620408509
6724 0.0620412281
6725 0.0620416053
6726 0.0620419825
6727 0.0620423597
6728 0.0620427369
6729 0.0620431141
6730 0.0620434914
6731 0.0620438686
6732 0.0620442458
6733 0.062044623
6734 0.0620450002
6735 0.0620453774
6736 0.0620457546
6737 0.0620461318
6738 0.062046509
6739 0.0620468863
6740 0.0620472635
6741 0.0620476407
6742 0.0620480179
6743 0.0620483951
6744 0.0620487723
6745 0.0620491495
6746 0.0620495267
6747 0.062049904
6748 0.0620502812
6749 0.0620506584
6750 0.0620510356
6751 0.0620514128
6752 0.06205179
6753 0.0620521672
6754 0.0620525444
6755 0.0620529217
6756 0.0620532989
6757 0.0620536761
6758 0.0620540533
6759 0.0620544305
6760 0.0620548077
6761 0.0620551849
6762 0.0620555621
6763 0.0620559393
6764 0.0620563166
6765 0.0620566938
6766 0.062057071
6767 0.0620574482
6768 0.0620578254
6769 0.0620582026
6770 0.0620585798
6771 0.062058957
6772 0.0620593343
6773 0.0620597115
6774 0.0620600887
6775 0.0620604659
6776 0.0620608431
6777 0.0620612203
6778 0.0620615975
6779 0.0620619747
6780 0.062062352
6781 0.0620627292
6782 0.0620631064
6783 0.0620634836
6784 0.0620638608
6785 0.062064238
6786 0.0620646152
6787 0.0620649924
6788 0.0620653696
6789 0.0620657469
6790 0.0620661241
6791 0.0620665013
6792 0.0620668785
6793 0.0620672557
6794 0.0620676329
6795 0.0620680101
6796 0.0620683873
6797 0.0620687646
6798 0.0620691418
6799 0.062069519
6800 0.0620698962
6801 0.0620702734
6802 0.0620706506
6803 0.0620710278
6804 0.062071405
6805 0.0620717823
6806 0.0620721595
6807 0.0620725367
6808 0.0620729139
6809 0.0620732911
6810 0.0620736683
6811 0.0620740455
6812 0.0620744227
6813 0.0620748
6814 0.0620751772
6815 0.0620755544
6816 0.0620759316
6817 0.0620763088
6818 0.062076686
6819 0.0620770632
6820 0.0620774404
6821 0.0620778176
6822 0.0620781949
6823 0.0620785721
6824 0.0620789493
6825 0.0620793265
6826 0.0620797037
6827 0.0620800809
6828 0.0620804581
6829 0.0620808353
6830 0.0620812126
6831 0.0620815898
6832 0.062081967
6833 0.0620823442
6834 0.0620827214
6835 0.0620830986
6836 0.0620834758
6837 0.062083853
6838 0.0620842303
6839 0.0620846075
6840 0.0620849847
6841 0.0620853619
6842 0.0620857391
6843 0.0620861163
6844 0.0620864935
6845 0.0620868707
6846 0.0620872479
6847 0.0620876252
6848 0.0620880024
6849 0.0620883796
6850 0.0620887568
6851 0.062089134
6852 0.0620895112
6853 0.0620898884
6854 0.0620902656
6855 0.0620906429
6856 0.0620910201
6857 0.0620913973
6858 0.0620917745
6859 0.0620921517
6860 0.0620925289
6861 0.0620929061
6862 0.0620932833
6863 0.0620936606
6864 0.0620940378
6865 0.062094415
6866 0.0620947922
6867 0.0620951694
6868 0.0620955466
6869 0.0620959238
6870 0.062096301
6871 0.0620966782
6872 0.0620970555
6873 0.0620974327
6874 0.0620978099
6875 0.0620981871
6876 0.0620985643
6877 0.0620989415
6878 0.0620993187
6879 0.0620996959
6880 0.0621000732
6881 0.0621004504
6882 0.0621008276
6883 0.0621012048
6884 0.062101582
6885 0.0621019592
6886 0.0621023364
6887 0.0621027136
6888 0.0621030909
6889 0.0621034681
6890 0.0621038453
6891 0.0621042225
6892 0.0621045997
6893 0.0621049769
6894 0.0621053541
6895 0.0621057313
6896 0.0621061085
6897 0.0621064858
6898 0.062106863
6899 0.0621072402
6900 0.0621076174
6901 0.0621079946
6902 0.0621083718
6903 0.062108749
6904 0.0621091262
6905 0.0621095035
6906 0.0621098807
6907 0.0621102579
6908 0.0621106351
6909 0.0621110123
6910 0.0621113895
6911 0.0621117667
6912 0.0621121439
6913 0.0621125212
6914 0.0621128984
6915 0.0621132756
6916 0.0621136528
6917 0.06211403
6918 0.0621144072
6919 0.0621147844
6920 0.0621151616
6921 0.0621155389
6922 0.0621159161
6923 0.0621162933
6924 0.0621166705
6925 0.0621170477
6926 0.0621174249
6927 0.0621178021
6928 0.0621181793
6929 0.0621185565
6930 0.0621189338
6931 0.062119311
6932 0.0621196882
6933 0.0621200654
6934 0.0621204426
6935 0.0621208198
6936 0.062121197
6937 0.0621215742
6938 0.0621219515
6939 0.0621223287
6940 0.0621227059
6941 0.0621230831
6942 0.0621234603
6943 0.0621238375
6944 0.0621242147
6945 0.0621245919
6946 0.0621249692
6947 0.0621253464
6948 0.0621257236
6949 0.0621261008
6950 0.062126478
6951 0.0621268552
6952 0.0621272324
6953 0.0621276096
6954 0.0621279868
6955 0.0621283641
6956 0.0621287413
6957 0.0621291185
6958 0.0621294957
6959 0.0621298729
6960 0.0621302501
6961 0.0621306273
6962 0.0621310045
6963 0.0621313818
6964 0.062131759
6965 0.0621321362
6966 0.0621325134
6967 0.0621328906
6968 0.0621332678
6969 0.062133645
6970 0.0621340222
6971 0.0621343995
6972 0.0621347767
6973 0.0621351539
6974 0.0621355311
6975 0.0621359083
6976 0.0621362855
6977 0.0621366627
6978 0.0621370399
6979 0.0621374171
6980 0.0621377944
6981 0.0621381716
6982 0.0621385488
6983 0.062138926
6984 0.0621393032
6985 0.0621396804
6986 0.0621400576
6987 0.0621404348
6988 0.0621408121
6989 0.0621411893
6990 0.0621415665
6991 0.0621419437
6992 0.0621423209
6993 0.0621426981
6994 0.0621430753
6995 0.0621434525
6996 0.0621438298
6997 0.062144207
6998 0.0621445842
6999 0.0621449614
7000 0.0621453386
7001 0.0621457158
7002 0.062146093
7003 0.0621464702
7004 0.0621468475
7005 0.0621472247
7006 0.0621476019
7007 0.0621479791
7008 0.0621483563
7009 0.0621487335
7010 0.0621491107
7011 0.0621494879
7012 0.0621498651
7013 0.0621502424
7014 0.0621506196
7015 0.0621509968
7016 0.062151374
7017 0.0621517512
7018 0.0621521284
7019 0.0621525056
7020 0.0621528828
7021 0.0621532601
7022 0.0621536373
7023 0.0621540145
7024 0.0621543917
7025 0.0621547689
7026 0.0621551461
7027 0.0621555233
7028 0.0621559005
7029 0.0621562778
7030 0.062156655
7031 0.0621570322
7032 0.0621574094
7033 0.0621577866
7034 0.0621581638
7035 0.062158541
7036 0.0621589182
7037 0.0621592954
7038 0.0621596727
7039 0.0621600499
7040 0.0621604271
7041 0.0621608043
7042 0.0621611815
7043 0.0621615587
7044 0.0621619359
7045 0.0621623131
7046 0.0621626904
7047 0.0621630676
7048 0.0621634448
7049 0.062163822
7050 0.0621641992
7051 0.0621645764
7052 0.0621649536
7053 0.0621653308
7054 0.0621657081
7055 0.0621660853
7056 0.0621664625
7057 0.0621668397
7058 0.0621672169
7059 0.0621675941
7060 0.0621679713
7061 0.0621683485
7062 0.0621687257
7063 0.062169103
7064 0.0621694802
7065 0.0621698574
7066 0.0621702346
7067 0.0621706118
7068 0.062170989
7069 0.0621713662
7070 0.0621717434
7071 0.0621721207
7072 0.0621724979
7073 0.0621728751
7074 0.0621732523
7075 0.0621736295
7076 0.0621740067
7077 0.0621743839
7078 0.0621747611
7079 0.0621751384
7080 0.0621755156
7081 0.0621758928
7082 0.06217627
7083 0.0621766472
7084 0.0621770244
7085 0.0621774016
7086 0.0621777788
7087 0.0621781561
7088 0.0621785333
7089 0.0621789105
7090 0.0621792877
7091 0.0621796649
7092 0.0621800421
7093 0.0621804193
7094 0.0621807965
7095 0.0621811737
7096 0.062181551
7097 0.0621819282
7098 0.0621823054
7099 0.0621826826
7100 0.0621830598
7101 0.062183437
7102 0.0621838142
7103 0.0621841914
7104 0.0621845687
7105 0.0621849459
7106 0.0621853231
7107 0.0621857003
7108 0.0621860775
7109 0.0621864547
7110 0.0621868319
7111 0.0621872091
7112 0.0621875864
7113 0.0621879636
7114 0.0621883408
7115 0.062188718
7116 0.0621890952
7117 0.0621894724
7118 0.0621898496
7119 0.0621902268
7120 0.062190604
7121 0.0621909813
7122 0.0621913585
7123 0.0621917357
7124 0.0621921129
7125 0.0621924901
7126 0.0621928673
7127 0.0621932445
7128 0.0621936217
7129 0.062193999
7130 0.0621943762
7131 0.0621947534
7132 0.0621951306
7133 0.0621955078
7134 0.062195885
7135 0.0621962622
7136 0.0621966394
7137 0.0621970167
7138 0.0621973939
7139 0.0621977711
7140 0.0621981483
7141 0.0621985255
7142 0.0621989027
7143 0.0621992799
7144 0.0621996571
7145 0.0622000343
7146 0.0622004116
7147 0.0622007888
7148 0.062201166
7149 0.0622015432
7150 0.0622019204
7151 0.0622022976
7152 0.0622026748
7153 0.062203052
7154 0.0622034293
7155 0.0622038065
7156 0.0622041837
7157 0.0622045609
7158 0.0622049381
7159 0.0622053153
7160 0.0622056925
7161 0.0622060697
7162 0.062206447
7163 0.0622068242
7164 0.0622072014
7165 0.0622075786
7166 0.0622079558
7167 0.062208333
7168 0.0622087102
7169 0.0622090874
7170 0.0622094646
7171 0.0622098419
7172 0.0622102191
7173 0.0622105963
7174 0.0622109735
7175 0.0622113507
7176 0.0622117279
7177 0.0622121051
7178 0.0622124823
7179 0.0622128596
7180 0.0622132368
7181 0.062213614
7182 0.0622139912
7183 0.0622143684
7184 0.0622147456
7185 0.0622151228
7186 0.0622155
7187 0.0622158773
7188 0.0622162545
7189 0.0622166317
7190 0.0622170089
7191 0.0622173861
7192 0.0622177633
7193 0.0622181405
7194 0.0622185177
7195 0.062218895
7196 0.0622192722
7197 0.0622196494
7198 0.0622200266
7199 0.0622204038
7200 0.062220781
7201 0.0622211582
7202 0.0622215354
7203 0.0622219126
7204 0.0622222899
7205 0.0622226671
7206 0.0622230443
7207 0.0622234215
7208 0.0622237987
7209 0.0622241759
7210 0.0622245531
7211 0.0622249303
7212 0.0622253076
7213 0.0622256848
7214 0.062226062
7215 0.0622264392
7216 0.0622268164
7217 0.0622271936
7218 0.0622275708
7219 0.062227948
7220 0.0622283253
7221 0.0622287025
7222 0.0622290797
7223 0.0622294569
7224 0.0622298341
7225 0.0622302113
7226 0.0622305885
7227 0.0622309657
7228 0.0622313429
7229 0.0622317202
7230 0.0622320974
7231 0.0622324746
7232 0.0622328518
7233 0.062233229
7234 0.0622336062
7235 0.0622339834
7236 0.0622343606
7237 0.0622347379
7238 0.0622351151
7239 0.0622354923
7240 0.0622358695
7241 0.0622362467
7242 0.0622366239
7243 0.0622370011
7244 0.0622373783
7245 0.0622377556
7246 0.0622381328
7247 0.06223851
7248 0.0622388872
7249 0.0622392644
7250 0.0622396416
7251 0.0622400188
7252 0.062240396
7253 0.0622407732
7254 0.0622411505
7255 0.0622415277
7256 0.0622419049
7257 0.0622422821
7258 0.0622426593
7259 0.0622430365
7260 0.0622434137
7261 0.0622437909
7262 0.0622441682
7263 0.0622445454
7264 0.0622449226
7265 0.0622452998
7266 0.062245677
7267 0.0622460542
7268 0.0622464314
7269 0.0622468086
7270 0.0622471859
7271 0.0622475631
7272 0.0622479403
7273 0.0622483175
7274 0.0622486947
7275 0.0622490719
7276 0.0622494491
7277 0.0622498263
7278 0.0622502036
7279 0.0622505808
7280 0.062250958
7281 0.0622513352
7282 0.0622517124
7283 0.0622520896
7284 0.0622524668
7285 0.062252844
7286 0.0622532212
7287 0.0622535985
7288 0.0622539757
7289 0.0622543529
7290 0.0622547301
7291 0.0622551073
7292 0.0622554845
7293 0.0622558617
7294 0.0622562389
7295 0.0622566162
7296 0.0622569934
7297 0.0622573706
7298 0.0622577478
7299 0.062258125
7300 0.0622585022
7301 0.0622588794
7302 0.0622592566
7303 0.0622596339
7304 0.0622600111
7305 0.0622603883
7306 0.0622607655
7307 0.0622611427
7308 0.0622615199
7309 0.0622661508
7310 0.0622707818
7311 0.0622754127
7312 0.0622800436
7313 0.0622846745
7314 0.0622893054
7315 0.0622939363
7316 0.0622985673
7317 0.0623031982
7318 0.0623078291
7319 0.06231246
7320 0.0623170909
7321 0.0623217219
7322 0.0623263528
7323 0.0623309837
7324 0.0623356146
7325 0.0623402455
7326 0.0623448765
7327 0.0623495074
7328 0.0623541383
7329 0.0623587692
7330 0.0623634001
7331 0.0623680311
7332 0.062372662
7333 0.0623772929
7334 0.0623819238
7335 0.0623865547
7336 0.0623911857
7337 0.0623958166
7338 0.0624004475
7339 0.0624050784
7340 0.0624097093
7341 0.0624143403
7342 0.0624189712
7343 0.0624236021
7344 0.062428233
7345 0.0624328639
7346 0.0624374949
7347 0.0624421258
7348 0.0624467567
7349 0.0624513876
7350 0.0624560185
7351 0.0624606494
7352 0.0624652804
7353 0.0624699113
7354 0.0624745422
7355 0.0624791731
7356 0.062483804
7357 0.062488435
7358 0.0624930659
7359 0.0624976968
7360 0.0625023277
7361 0.0625069586
7362 0.0625115896
7363 0.0625162205
7364 0.0625208514
7365 0.0625254823
7366 0.0625301132
7367 0.0625347442
7368 0.0625393751
7369 0.062544006
7370 0.0625486369
7371 0.0625532678
7372 0.0625578988
7373 0.0625625297
7374 0.0625671606
7375 0.0625717915
7376 0.0625764224
7377 0.0625810534
7378 0.0625856843
7379 0.0625903152
7380 0.0625949461
7381 0.062599577
7382 0.062604208
7383 0.0626088389
7384 0.0626134698
7385 0.0626181007
7386 0.0626227316
7387 0.0626273625
7388 0.0626319935
7389 0.0626366244
7390 0.0626412553
7391 0.0626458862
7392 0.0626505171
7393 0.0626551481
7394 0.062659779
7395 0.0626644099
7396 0.0626690408
7397 0.0626736717
7398 0.0626783027
7399 0.0626829336
7400 0.0626875645
7401 0.0626921954
7402 0.0626968263
7403 0.0627014573
7404 0.0627060882
7405 0.0627107191
7406 0.06271535
7407 0.0627199809
7408 0.0627246119
7409 0.0627292428
7410 0.0627338737
7411 0.0627385046
7412 0.0627431355
7413 0.0627477665
7414 0.0627523974
7415 0.0627570283
7416 0.0627616592
7417 0.0627662901
7418 0.062770921
7419 0.062775552
7420 0.0627801829
7421 0.0627848138
7422 0.0627894447
7423 0.0627940756
7424 0.0627987066
7425 0.0628033375
7426 0.0628079684
7427 0.0628125993
7428 0.0628172302
7429 0.0628218612
7430 0.0628264921
7431 0.062831123
7432 0.0628357539
7433 0.0628403848
7434 0.0628450158
7435 0.0628496467
7436 0.0628542776
7437 0.0628589085
7438 0.0628635394
7439 0.0628681704
7440 0.0628728013
7441 0.0628774322
7442 0.0628820631
7443 0.062886694
7444 0.062891325
7445 0.0628959559
7446 0.0629005868
7447 0.0629052177
7448 0.0629098486
7449 0.0629144796
7450 0.0629191105
7451 0.0629237414
7452 0.0629283723
7453 0.0629330032
7454 0.0629376341
7455 0.0629422651
7456 0.062946896
7457 0.0629515269
7458 0.0629561578
7459 0.0629607887
7460 0.0629654197
7461 0.0629700506
7462 0.0629746815
7463 0.0629793124
7464 0.0629839433
7465 0.0629885743
7466 0.0629932052
7467 0.0629978361
7468 0.063002467
7469 0.0630070979
7470 0.0630117289
7471 0.0630163598
7472 0.0630209907
7473 0.0630256216
7474 0.0630302525
7475 0.0630348835
7476 0.0630395144
7477 0.0630441453
7478 0.0630487762
7479 0.0630534071
7480 0.0630580381
7481 0.063062669
7482 0.0630672999
7483 0.0630719308
7484 0.0630765617
7485 0.0630811927
7486 0.0630858236
7487 0.0630904545
7488 0.0630950854
7489 0.0630997163
7490 0.0631043472
7491 0.0631089782
7492 0.0631136091
7493 0.06311824
7494 0.0631228709
7495 0.0631275018
7496 0.0631321328
7497 0.0631367637
7498 0.0631413946
7499 0.0631460255
7500 0.0631506564
7501 0.0631552874
7502 0.0631599183
7503 0.0631645492
7504 0.0631691801
7505 0.063173811
7506 0.063178442
7507 0.0631830729
7508 0.0631877038
7509 0.0631923347
7510 0.0631969656
7511 0.0632015966
7512 0.0632062275
7513 0.0632108584
7514 0.0632154893
7515 0.0632201202
7516 0.0632247512
7517 0.0632293821
7518 0.063234013
7519 0.0632386439
7520 0.0632432748
7521 0.0632479058
7522 0.0632525367
7523 0.0632571676
7524 0.0632617985
7525 0.0632664294
7526 0.0632710603
7527 0.0632756913
7528 0.0632803222
7529 0.0632849531
7530 0.063289584
7531 0.0632942149
7532 0.0632988459
7533 0.0633034768
7534 0.0633081077
7535 0.0633127386
7536 0.0633173695
7537 0.0633220005
7538 0.0633266314
7539 0.0633312623
7540 0.0633358932
7541 0.0633405241
7542 0.0633451551
7543 0.063349786
7544 0.0633544169
7545 0.0633590478
7546 0.0633636787
7547 0.0633683097
7548 0.0633729406
7549 0.0633775715
7550 0.0633822024
7551 0.0633868333
7552 0.0633914643
7553 0.0633960952
7554 0.0634007261
7555 0.063405357
7556 0.0634099879
7557 0.0634146189
7558 0.0634192498
7559 0.0634238807
7560 0.0634285116
7561 0.0634331425
7562 0.0634377734
7563 0.0634424044
7564 0.0634470353
7565 0.0634516662
7566 0.0634562971
7567 0.063460928
7568 0.063465559
7569 0.0634701899
7570 0.0634748208
7571 0.0634794517
7572 0.0634840826
7573 0.0634887136
7574 0.0634933445
7575 0.0634979754
7576 0.0635026063
7577 0.0635072372
7578 0.0635118682
7579 0.0635164991
7580 0.06352113
7581 0.0635257609
7582 0.0635303918
7583 0.0635350228
7584 0.0635396537
7585 0.0635442846
7586 0.0635489155
7587 0.0635535464
7588 0.0635581774
7589 0.0635628083
7590 0.0635674392
7591 0.0635720701
7592 0.063576701
7593 0.063581332
7594 0.0635859629
7595 0.0635905938
7596 0.0635952247
7597 0.0635998556
7598 0.0636044865
7599 0.0636091175
7600 0.0636137484
7601 0.0636183793
7602 0.0636230102
7603 0.0636276411
7604 0.0636322721
7605 0.063636903
7606 0.0636415339
7607 0.0636461648
7608 0.0636507957
7609 0.0636554267
7610 0.0636600576
7611 0.0636646885
7612 0.0636693194
7613 0.0636739503
7614 0.0636785813
7615 0.0636832122
7616 0.0636878431
7617 0.063692474
7618 0.0636971049
7619 0.0637017359
7620 0.0637063668
7621 0.0637109977
7622 0.0637156286
7623 0.0637202595
7624 0.0637248905
7625 0.0637295214
7626 0.0637341523
7627 0.0637387832
7628 0.0637434141
7629 0.0637480451
7630 0.063752676
7631 0.0637573069
7632 0.0637619378
7633 0.0637665687
7634 0.0637711996
7635 0.0637758306
7636 0.0637804615
7637 0.0637850924
7638 0.0637897233
7639 0.0637943542
7640 0.0637989852
7641 0.0638036161
7642 0.063808247
7643 0.0638128779
7644 0.0638175088
7645 0.0638221398
7646 0.0638267707
7647 0.0638314016
7648 0.0638360325
7649 0.0638406634
7650 0.0638452944
7651 0.0638499253
7652 0.0638545562
7653 0.0638591871
7654 0.063863818
7655 0.063868449
7656 0.0638730799
7657 0.0638777108
7658 0.0638823417
7659 0.0638869726
7660 0.0638916036
7661 0.0638962345
7662 0.0639008654
7663 0.0639054963
7664 0.0639101272
7665 0.0639147582
7666 0.0639193891
7667 0.06392402
7668 0.0639286509
7669 0.0639332818
7670 0.0639379127
7671 0.0639425437
7672 0.0639471746
7673 0.0639518055
7674 0.0639564364
7675 0.0639610673
7676 0.0639656983
7677 0.0639703292
7678 0.0639749601
7679 0.063979591
7680 0.0639842219
7681 0.0639888529
7682 0.0639934838
7683 0.0639981147
7684 0.0640027456
7685 0.0640073765
7686 0.0640120075
7687 0.0640166384
7688 0.0640212693
7689 0.0640259002
7690 0.0640305311
7691 0.0640351621
7692 0.064039793
7693 0.0640444239
7694 0.0640490548
7695 0.0640536857
7696 0.0640583167
7697 0.0640629476
7698 0.0640675785
7699 0.0640722094
7700 0.0640768403
7701 0.0640814713
7702 0.0640861022
7703 0.0640907331
7704 0.064095364
7705 0.0640999949
7706 0.0641046258
7707 0.0641092568
7708 0.0641138877
7709 0.0641185186
7710 0.0641231495
7711 0.0641277804
7712 0.0641324114
7713 0.0641370423
7714 0.0641416732
7715 0.0641463041
7716 0.064150935
7717 0.064155566
7718 0.0641601969
7719 0.0641648278
7720 0.0641694587
7721 0.0641740896
7722 0.0641787206
7723 0.0641833515
7724 0.0641879824
7725 0.0641926133
7726 0.0641972442
7727 0.0642018752
7728 0.0642065061
7729 0.064211137
7730 0.0642157679
7731 0.0642203988
7732 0.0642250298
7733 0.0642296607
7734 0.0642342916
7735 0.0642389225
7736 0.0642435534
7737 0.0642481844
7738 0.0642528153
7739 0.0642574462
7740 0.0642620771
7741 0.064266708
7742 0.0642713389
7743 0.0642759699
7744 0.0642806008
7745 0.0642852317
7746 0.0642898626
7747 0.0642944935
7748 0.0642991245
7749 0.0643037554
7750 0.0643083863
7751 0.0643130172
7752 0.0643176481
7753 0.0643222791
7754 0.06432691
7755 0.0643315409
7756 0.0643361718
7757 0.0643408027
7758 0.0643454337
7759 0.0643500646
7760 0.0643546955
7761 0.0643593264
7762 0.0643639573
7763 0.0643685883
7764 0.0643732192
7765 0.0643778501
7766 0.064382481
7767 0.0643871119
7768 0.0643917429
7769 0.0643963738
7770 0.0644010047
7771 0.0644056356
7772 0.0644102665
7773 0.0644148975
7774 0.0644195284
7775 0.0644241593
7776 0.0644287902
7777 0.0644334211
7778 0.064438052
7779 0.064442683
7780 0.0644473139
7781 0.0644519448
7782 0.0644565757
7783 0.0644612066
7784 0.0644658376
7785 0.0644704685
7786 0.0644750994
7787 0.0644797303
7788 0.0644843612
7789 0.0644889922
7790 0.0644936231
7791 0.064498254
7792 0.0645028849
7793 0.0645075158
7794 0.0645121468
7795 0.0645167777
7796 0.0645214086
7797 0.0645260395
7798 0.0645306704
7799 0.0645353014
7800 0.0645399323
7801 0.0645445632
7802 0.0645491941
7803 0.064553825
7804 0.064558456
7805 0.0645630869
7806 0.0645677178
7807 0.0645723487
7808 0.0645769796
7809 0.0645816106
7810 0.0645862415
7811 0.0645908724
7812 0.0645955033
7813 0.0646001342
7814 0.0646047651
7815 0.0646093961
7816 0.064614027
7817 0.0646186579
7818 0.0646232888
7819 0.0646279197
7820 0.0646325507
7821 0.0646371816
7822 0.0646418125
7823 0.0646464434
7824 0.0646510743
7825 0.0646557053
7826 0.0646603362
7827 0.0646649671
7828 0.064669598
7829 0.0646742289
7830 0.0646788599
7831 0.0646834908
7832 0.0646881217
7833 0.0646927526
7834 0.0646973835
7835 0.0647020145
7836 0.0647066454
7837 0.0647112763
7838 0.0647159072
7839 0.0647205381
7840 0.0647251691
7841 0.0647298
7842 0.0647344309
7843 0.0647390618
7844 0.0647436927
7845 0.0647483236
7846 0.0647529546
7847 0.0647575855
7848 0.0647622164
7849 0.0647668473
7850 0.0647714782
7851 0.0647761092
7852 0.0647807401
7853 0.064785371
7854 0.0647900019
7855 0.0647946328
7856 0.0647992638
7857 0.0648038947
7858 0.0648085256
7859 0.0648131565
7860 0.0648177874
7861 0.0648224184
7862 0.0648270493
7863 0.0648316802
7864 0.0648363111
7865 0.064840942
7866 0.064845573
7867 0.0648502039
7868 0.0648548348
7869 0.0648594657
7870 0.0648640966
7871 0.0648687276
7872 0.0648733585
7873 0.0648779894
7874 0.0648826203
7875 0.0648872512
7876 0.0648918822
7877 0.0648965131
7878 0.064901144
7879 0.0649057749
7880 0.0649104058
7881 0.0649150367
7882 0.0649196677
7883 0.0649242986
7884 0.0649289295
7885 0.0649335604
7886 0.0649381913
7887 0.0649428223
7888 0.0649474532
7889 0.0649520841
7890 0.064956715
7891 0.0649613459
7892 0.0649659769
7893 0.0649706078
7894 0.0649752387
7895 0.0649798696
7896 0.0649845005
7897 0.0649891315
7898 0.0649937624
7899 0.0649983933
7900 0.0650030242
7901 0.0650076551
7902 0.0650122861
7903 0.065016917
7904 0.0650215479
7905 0.0650261788
7906 0.0650308097
7907 0.0650354407
7908 0.0650400716
7909 0.0650447025
7910 0.0650493334
7911 0.0650539643
7912 0.0650585953
7913 0.0650632262
7914 0.0650678571
7915 0.065072488
7916 0.0650771189
7917 0.0650817498
7918 0.0650863808
7919 0.0650910117
7920 0.0650956426
7921 0.0651002735
7922 0.0651049044
7923 0.0651095354
7924 0.0651141663
7925 0.0651187972
7926 0.0651234281
7927 0.065128059
7928 0.06513269
7929 0.0651373209
7930 0.0651419518
7931 0.0651465827
7932 0.0651512136
7933 0.0651558446
7934 0.0651604755
7935 0.0651651064
7936 0.0651697373
7937 0.0651743682
7938 0.0651789992
7939 0.0651836301
7940 0.065188261
7941 0.0651928919
7942 0.0651975228
7943 0.0652021538
7944 0.0652067847
7945 0.0652114156
7946 0.0652160465
7947 0.0652206774
7948 0.0652253084
7949 0.0652299393
7950 0.0652345702
7951 0.0652392011
7952 0.065243832
7953 0.0652484629
7954 0.0652530939
7955 0.0652577248
7956 0.0652623557
7957 0.0652669866
7958 0.0652716175
7959 0.0652762485
7960 0.0652808794
7961 0.0652855103
7962 0.0652901412
7963 0.0652947721
7964 0.0652994031
7965 0.065304034
7966 0.0653086649
7967 0.0653132958
7968 0.0653179267
7969 0.0653225577
7970 0.0653271886
7971 0.0653318195
7972 0.0653364504
7973 0.0653410813
7974 0.0653457123
7975 0.0653503432
7976 0.0653549741
7977 0.065359605
7978 0.0653642359
7979 0.0653688669
7980 0.0653734978
7981 0.0653781287
7982 0.0653827596
7983 0.0653873905
7984 0.0653920215
7985 0.0653966524
7986 0.0654012833
7987 0.0654059142
7988 0.0654105451
7989 0.065415176
7990 0.065419807
7991 0.0654244379
7992 0.0654290688
7993 0.0654336997
7994 0.0654383306
7995 0.0654429616
7996 0.0654475925
7997 0.0654522234
7998 0.0654568543
7999 0.0654614852
8000 0.0654661162
8001 0.0654707471
8002 0.065475378
8003 0.0654800089
8004 0.0654846398
8005 0.0654892708
8006 0.0654939017
8007 0.0654985326
8008 0.0655031635
8009 0.0655077944
8010 0.0655124254
8011 0.0655170563
8012 0.0655216872
8013 0.0655263181
8014 0.065530949
8015 0.06553558
8016 0.0655402109
8017 0.0655448418
8018 0.0655494727
8019 0.0655541036
8020 0.0655587346
8021 0.0655633655
8022 0.0655679964
8023 0.0655726273
8024 0.0655772582
8025 0.0655818891
8026 0.0655865201
8027 0.065591151
8028 0.0655957819
8029 0.0656004128
8030 0.0656050437
8031 0.0656096747
8032 0.0656143056
8033 0.0656189365
8034 0.0656235674
8035 0.0656281983
8036 0.0656328293
8037 0.0656374602
8038 0.0656420911
8039 0.065646722
8040 0.0656513529
8041 0.0656559839
8042 0.0656606148
8043 0.0656652457
8044 0.0656698766
8045 0.0656745075
8046 0.0656791385
8047 0.0656837694
8048 0.0656884003
8049 0.0656930312
8050 0.0656976621
8051 0.0657022931
8052 0.065706924
8053 0.0657115549
8054 0.0657161858
8055 0.0657208167
8056 0.0657254477
8057 0.0657300786
8058 0.0657347095
8059 0.0657393404
8060 0.0657439713
8061 0.0657486022
8062 0.0657532332
8063 0.0657578641
8064 0.065762495
8065 0.0657671259
8066 0.0657717568
8067 0.0657763878
8068 0.0657810187
8069 0.0657856496
8070 0.0657902805
8071 0.0657949114
8072 0.0657995424
8073 0.0658041733
8074 0.0658088042
8075 0.0658134351
8076 0.065818066
8077 0.065822697
8078 0.0658273279
8079 0.0658319588
8080 0.0658365897
8081 0.0658412206
8082 0.0658458516
8083 0.0658504825
8084 0.0658551134
8085 0.0658597443
8086 0.0658643752
8087 0.0658690062
8088 0.0658736371
8089 0.065878268
8090 0.0658828989
8091 0.0658875298
8092 0.0658921608
8093 0.0658967917
8094 0.0659014226
8095 0.0659060535
8096 0.0659106844
8097 0.0659153153
8098 0.0659199463
8099 0.0659245772
8100 0.0659292081
8101 0.065933839
8102 0.0659384699
8103 0.0659431009
8104 0.0659477318
8105 0.0659523627
8106 0.0659569936
8107 0.0659616245
8108 0.0659662555
8109 0.0659708864
8110 0.0659755173
8111 0.0659801482
8112 0.0659847791
8113 0.0659894101
8114 0.065994041
8115 0.0659986719
8116 0.0660033028
8117 0.0660079337
8118 0.0660125647
8119 0.0660171956
8120 0.0660218265
8121 0.0660264574
8122 0.0660310883
8123 0.0660357193
8124 0.0660403502
8125 0.0660449811
8126 0.066049612
8127 0.0660542429
8128 0.0660588739
8129 0.0660635048
8130 0.0660681357
8131 0.0660727666
8132 0.0660773975
8133 0.0660820284
8134 0.0660866594
8135 0.0660912903
8136 0.0660959212
8137 0.0661005521
8138 0.066105183
8139 0.066109814
8140 0.0661144449
8141 0.0661190758
8142 0.0661237067
8143 0.0661283376
8144 0.0661329686
8145 0.0661375995
8146 0.0661422304
8147 0.0661468613
8148 0.0661514922
8149 0.0661561232
8150 0.0661607541
8151 0.066165385
8152 0.0661700159
8153 0.0661746468
8154 0.0661792778
8155 0.0661839087
8156 0.0661885396
8157 0.0661931705
8158 0.0661978014
8159 0.0662024324
8160 0.0662070633
8161 0.0662116942
8162 0.0662163251
8163 0.066220956
8164 0.066225587
8165 0.0662302179
8166 0.0662348488
8167 0.0662394797
8168 0.0662441106
8169 0.0662487415
8170 0.0662533725
8171 0.0662580034
8172 0.0662626343
8173 0.0662672652
8174 0.0662718961
8175 0.0662765271
8176 0.066281158
8177 0.0662857889
8178 0.0662904198
8179 0.0662950507
8180 0.0662996817
8181 0.0663043126
8182 0.0663089435
8183 0.0663135744
8184 0.0663182053
8185 0.0663228363
8186 0.0663274672
8187 0.0663320981
8188 0.066336729
8189 0.0663413599
8190 0.0663459909
8191 0.0663506218
8192 0.0663552527
8193 0.0663598836
8194 0.0663645145
8195 0.0663691455
8196 0.0663737764
8197 0.0663784073
8198 0.0663830382
8199 0.0663876691
8200 0.0663923001
8201 0.066396931
8202 0.0664015619
8203 0.0664061928
8204 0.0664108237
8205 0.0664154546
8206 0.0664200856
8207 0.0664247165
8208 0.0664293474
8209 0.0664339783
8210 0.0664386092
8211 0.0664432402
8212 0.0664478711
8213 0.066452502
8214 0.0664571329
8215 0.0664617638
8216 0.0664663948
8217 0.0664710257
8218 0.0664756566
8219 0.0664802875
8220 0.0664849184
8221 0.0664895494
8222 0.0664941803
8223 0.0664988112
8224 0.0665034421
8225 0.066508073
8226 0.066512704
8227 0.0665173349
8228 0.0665219658
8229 0.0665265967
8230 0.0665312276
8231 0.0665358586
8232 0.0665404895
8233 0.0665451204
8234 0.0665497513
8235 0.0665543822
8236 0.0665590132
8237 0.0665636441
8238 0.066568275
8239 0.0665729059
8240 0.0665775368
8241 0.0665821677
8242 0.0665867987
8243 0.0665914296
8244 0.0665960605
8245 0.0666006914
8246 0.0666053223
8247 0.0666099533
8248 0.0666145842
8249 0.0666192151
8250 0.066623846
8251 0.0666284769
8252 0.0666331079
8253 0.0666377388
8254 0.0666423697
8255 0.0666470006
8256 0.0666516315
8257 0.0666562625
8258 0.0666608934
8259 0.0666655243
8260 0.0666701552
8261 0.0666747861
8262 0.0666794171
8263 0.066684048
8264 0.0666886789
8265 0.0666933098
8266 0.0666979407
8267 0.0667025717
8268 0.0667072026
8269 0.0667118335
8270 0.0667164644
8271 0.0667210953
8272 0.0667257262
8273 0.0667303572
8274 0.0667349881
8275 0.066739619
8276 0.0667442499
8277 0.0667488808
8278 0.0667535118
8279 0.0667581427
8280 0.0667627736
8281 0.0667674045
8282 0.0667720354
8283 0.0667766664
8284 0.0667812973
8285 0.0667859282
8286 0.0667905591
8287 0.06679519
8288 0.066799821
8289 0.0668044519
8290 0.0668090828
8291 0.0668137137
8292 0.0668183446
8293 0.0668229756
8294 0.0668276065
8295 0.0668322374
8296 0.0668368683
8297 0.0668414992
8298 0.0668461302
8299 0.0668507611
8300 0.066855392
8301 0.0668600229
8302 0.0668646538
8303 0.0668692848
8304 0.0668739157
8305 0.0668785466
8306 0.0668831775
8307 0.0668878084
8308 0.0668924393
8309 0.0668970703
8310 0.0669017012
8311 0.0669063321
8312 0.066910963
8313 0.0669155939
8314 0.0669202249
8315 0.0669248558
8316 0.0669294867
8317 0.0669341176
8318 0.0669387485
8319 0.0669433795
8320 0.0669480104
8321 0.0669526413
8322 0.0669572722
8323 0.0669619031
8324 0.0669665341
8325 0.066971165
8326 0.0669757959
8327 0.0669804268
8328 0.0669850577
8329 0.0669896887
8330 0.0669943196
8331 0.0669989505
8332 0.0670035814
8333 0.0670082123
8334 0.0670128433
8335 0.0670174742
8336 0.0670221051
8337 0.067026736
8338 0.0670313669
8339 0.0670359979
8340 0.0670406288
8341 0.0670452597
8342 0.0670498906
8343 0.0670545215
8344 0.0670591524
8345 0.0670637834
8346 0.0670684143
8347 0.0670730452
8348 0.0670776761
8349 0.067082307
8350 0.067086938
8351 0.0670915689
8352 0.0670961998
8353 0.0671008307
8354 0.0671054616
8355 0.0671100926
8356 0.0671147235
8357 0.0671193544
8358 0.0671239853
8359 0.0671286162
8360 0.0671332472
8361 0.0671378781
8362 0.067142509
8363 0.0671471399
8364 0.0671517708
8365 0.0671564018
8366 0.0671610327
8367 0.0671656636
8368 0.0671702945
8369 0.0671749254
8370 0.0671795564
8371 0.0671841873
8372 0.0671888182
8373 0.0671934491
8374 0.06719808
8375 0.067202711
8376 0.0672073419
8377 0.0672119728
8378 0.0672166037
8379 0.0672212346
8380 0.0672258655
8381 0.0672304965
8382 0.0672351274
8383 0.0672397583
8384 0.0672443892
8385 0.0672490201
8386 0.0672536511
8387 0.067258282
8388 0.0672629129
8389 0.0672675438
8390 0.0672721747
8391 0.0672768057
8392 0.0672814366
8393 0.0672860675
8394 0.0672906984
8395 0.0672953293
8396 0.0672999603
8397 0.0673045912
8398 0.0673092221
8399 0.067313853
8400 0.0673184839
8401 0.0673231149
8402 0.0673277458
8403 0.0673323767
8404 0.0673370076
8405 0.0673416385
8406 0.0673462695
8407 0.0673509004
8408 0.0673555313
8409 0.0673601622
8410 0.0673647931
8411 0.0673694241
8412 0.067374055
8413 0.0673786859
8414 0.0673833168
8415 0.0673879477
8416 0.0673925786
8417 0.0673972096
8418 0.0674018405
8419 0.0674064714
8420 0.0674111023
8421 0.0674157332
8422 0.0674203642
8423 0.0674249951
8424 0.067429626
8425 0.0674342569
8426 0.0674388878
8427 0.0674435188
8428 0.0674481497
8429 0.0674527806
8430 0.0674574115
8431 0.0674620424
8432 0.0674666734
8433 0.0674713043
8434 0.0674759352
8435 0.0674805661
8436 0.067485197
8437 0.067489828
8438 0.0674944589
8439 0.0674990898
8440 0.0675037207
8441 0.0675083516
8442 0.0675129826
8443 0.0675176135
8444 0.0675222444
8445 0.0675268753
8446 0.0675315062
8447 0.0675361372
8448 0.0675407681
8449 0.067545399
8450 0.0675500299
8451 0.0675546608
8452 0.0675592917
8453 0.0675639227
8454 0.0675685536
8455 0.0675731845
8456 0.0675778154
8457 0.0675824463
8458 0.0675870773
8459 0.0675917082
8460 0.0675963391
8461 0.06760097
8462 0.0676056009
8463 0.0676102319
8464 0.0676148628
8465 0.0676194937
8466 0.0676241246
8467 0.0676287555
8468 0.0676333865
8469 0.0676380174
8470 0.0676426483
8471 0.0676472792
8472 0.0676519101
8473 0.0676565411
8474 0.067661172
8475 0.0676658029
8476 0.0676704338
8477 0.0676750647
8478 0.0676796957
8479 0.0676843266
8480 0.0676889575
8481 0.0676935884
8482 0.0676982193
8483 0.0677028503
8484 0.0677074812
8485 0.0677121121
8486 0.067716743
8487 0.0677213739
8488 0.0677260048
8489 0.0677306358
8490 0.0677352667
8491 0.0677398976
8492 0.0677445285
8493 0.0677491594
8494 0.0677537904
8495 0.0677584213
8496 0.0677630522
8497 0.0677676831
8498 0.067772314
8499 0.067776945
8500 0.0677815759
8501 0.0677862068
8502 0.0677908377
8503 0.0677954686
8504 0.0678000996
8505 0.0678047305
8506 0.0678093614
8507 0.0678139923
8508 0.0678186232
8509 0.0678232542
8510 0.0678278851
8511 0.067832516
8512 0.0678371469
8513 0.0678417778
8514 0.0678464088
8515 0.0678510397
8516 0.0678556706
8517 0.0678603015
8518 0.0678649324
8519 0.0678695634
8520 0.0678741943
8521 0.0678788252
8522 0.0678834561
8523 0.067888087
8524 0.0678927179
8525 0.0678973489
8526 0.0679019798
8527 0.0679066107
8528 0.0679112416
8529 0.0679158725
8530 0.0679205035
8531 0.0679251344
8532 0.0679297653
8533 0.0679343962
8534 0.0679390271
8535 0.0679436581
8536 0.067948289
8537 0.0679529199
8538 0.0679575508
8539 0.0679621817
8540 0.0679668127
8541 0.0679714436
8542 0.0679760745
8543 0.0679807054
8544 0.0679853363
8545 0.0679899673
8546 0.0679945982
8547 0.0679992291
8548 0.06800386
8549 0.0680084909
8550 0.0680131219
8551 0.0680177528
8552 0.0680223837
8553 0.0680270146
8554 0.0680316455
8555 0.0680362765
8556 0.0680409074
8557 0.0680455383
8558 0.0680501692
8559 0.0680548001
8560 0.068059431
8561 0.068064062
8562 0.0680686929
8563 0.0680733238
8564 0.0680779547
8565 0.0680825856
8566 0.0680872166
8567 0.0680918475
8568 0.0680964784
8569 0.0681011093
8570 0.0681057402
8571 0.0681103712
8572 0.0681150021
8573 0.068119633
8574 0.0681242639
8575 0.0681288948
8576 0.0681335258
8577 0.0681381567
8578 0.0681427876
8579 0.0681474185
8580 0.0681520494
8581 0.0681566804
8582 0.0681613113
8583 0.0681659422
8584 0.0681705731
8585 0.068175204
8586 0.068179835
8587 0.0681844659
8588 0.0681890968
8589 0.0681937277
8590 0.0681983586
8591 0.0682029896
8592 0.0682076205
8593 0.0682122514
8594 0.0682168823
8595 0.0682215132
8596 0.0682261441
8597 0.0682307751
8598 0.068235406
8599 0.0682400369
8600 0.0682446678
8601 0.0682492987
8602 0.0682539297
8603 0.0682585606
8604 0.0682631915
8605 0.0682678224
8606 0.0682724533
8607 0.0682770843
8608 0.0682817152
8609 0.0682863461
8610 0.068290977
8611 0.0682956079
8612 0.0683002389
8613 0.0683048698
8614 0.0683095007
8615 0.0683141316
8616 0.0683187625
8617 0.0683233935
8618 0.0683280244
8619 0.0683326553
8620 0.0683372862
8621 0.0683419171
8622 0.0683465481
8623 0.068351179
8624 0.0683558099
8625 0.0683604408
8626 0.0683650717
8627 0.0683697027
8628 0.0683743336
8629 0.0683789645
8630 0.0683835954
8631 0.0683882263
8632 0.0683928572
8633 0.0683974882
8634 0.0684021191
8635 0.06840675
8636 0.0684113809
8637 0.0684160118
8638 0.0684206428
8639 0.0684252737
8640 0.0684299046
8641 0.0684345355
8642 0.0684391664
8643 0.0684437974
8644 0.0684484283
8645 0.0684530592
8646 0.0684576901
8647 0.068462321
8648 0.068466952
8649 0.0684715829
8650 0.0684762138
8651 0.0684808447
8652 0.0684854756
8653 0.0684901066
8654 0.0684947375
8655 0.0684993684
8656 0.0685039993
8657 0.0685086302
8658 0.0685132612
8659 0.0685178921
8660 0.068522523
8661 0.0685271539
8662 0.0685317848
8663 0.0685364158
8664 0.0685410467
8665 0.0685456776
8666 0.0685503085
8667 0.0685549394
8668 0.0685595703
8669 0.0685642013
8670 0.0685688322
8671 0.0685734631
8672 0.068578094
8673 0.0685827249
8674 0.0685873559
8675 0.0685919868
8676 0.0685966177
8677 0.0686012486
8678 0.0686058795
8679 0.0686105105
8680 0.0686151414
8681 0.0686197723
8682 0.0686244032
8683 0.0686290341
8684 0.0686336651
8685 0.068638296
8686 0.0686429269
8687 0.0686475578
8688 0.0686521887
8689 0.0686568197
8690 0.0686614506
8691 0.0686660815
8692 0.0686707124
8693 0.0686753433
8694 0.0686799743
8695 0.0686846052
8696 0.0686892361
8697 0.068693867
8698 0.0686984979
8699 0.0687031288
8700 0.0687077598
8701 0.0687123907
8702 0.0687170216
8703 0.0687216525
8704 0.0687262834
8705 0.0687309144
8706 0.0687355453
8707 0.0687401762
8708 0.0687448071
8709 0.068749438
8710 0.068754069
8711 0.0687586999
8712 0.0687633308
8713 0.0687679617
8714 0.0687725926
8715 0.0687772236
8716 0.0687818545
8717 0.0687864854
8718 0.0687911163
8719 0.0687957472
8720 0.0688003782
8721 0.0688050091
8722 0.06880964
8723 0.0688142709
8724 0.0688189018
8725 0.0688235328
8726 0.0688281637
8727 0.0688327946
8728 0.0688374255
8729 0.0688420564
8730 0.0688466874
8731 0.0688513183
8732 0.0688559492
8733 0.0688605801
8734 0.068865211
8735 0.0688698419
8736 0.0688744729
8737 0.0688791038
8738 0.0688837347
8739 0.0688883656
8740 0.0688929965
8741 0.0688976275
8742 0.0689022584
8743 0.0689068893
8744 0.0689115202
8745 0.0689161511
8746 0.0689207821
8747 0.068925413
8748 0.0689300439
8749 0.0689346748
8750 0.0689393057
8751 0.0689439367
8752 0.0689485676
8753 0.0689531985
8754 0.0689578294
8755 0.0689624603
8756 0.0689670913
8757 0.0689717222
8758 0.0689763531
8759 0.068980984
8760 0.0689856149
8761 0.0689902459
8762 0.0689948768
8763 0.0689995077
8764 0.0690041386
8765 0.0690087695
8766 0.0690134005
8767 0.0690180314
8768 0.0690226623
8769 0.0690272932
8770 0.0690319241
8771 0.069036555
8772 0.069041186
8773 0.0690458169
8774 0.0690504478
8775 0.0690550787
8776 0.0690597096
8777 0.0690643406
8778 0.0690689715
8779 0.0690736024
8780 0.0690782333
8781 0.0690828642
8782 0.0690874952
8783 0.0690921261
8784 0.069096757
8785 0.0691013879
8786 0.0691060188
8787 0.0691106498
8788 0.0691152807
8789 0.0691199116
8790 0.0691245425
8791 0.0691291734
8792 0.0691338044
8793 0.0691384353
8794 0.0691430662
8795 0.0691476971
8796 0.069152328
8797 0.069156959
8798 0.0691615899
8799 0.0691662208
8800 0.0691708517
8801 0.0691754826
8802 0.0691801136
8803 0.0691847445
8804 0.0691893754
8805 0.0691940063
8806 0.0691986372
8807 0.0692032681
8808 0.0692078991
8809 0.06921253
8810 0.0692171609
8811 0.0692217918
8812 0.0692264227
8813 0.0692310537
8814 0.0692356846
8815 0.0692403155
8816 0.0692449464
8817 0.0692495773
8818 0.0692542083
8819 0.0692588392
8820 0.0692634701
8821 0.069268101
8822 0.0692727319
8823 0.0692773629
8824 0.0692819938
8825 0.0692866247
8826 0.0692912556
8827 0.0692958865
8828 0.0693005175
8829 0.0693051484
8830 0.0693097793
8831 0.0693144102
8832 0.0693190411
8833 0.0693236721
8834 0.069328303
8835 0.0693329339
8836 0.0693375648
8837 0.0693421957
8838 0.0693468267
8839 0.0693514576
8840 0.0693560885
8841 0.0693607194
8842 0.0693653503
8843 0.0693699812
8844 0.0693746122
8845 0.0693792431
8846 0.069383874
8847 0.0693885049
8848 0.0693931358
8849 0.0693977668
8850 0.0694023977
8851 0.0694070286
8852 0.0694116595
8853 0.0694162904
8854 0.0694209214
8855 0.0694255523
8856 0.0694301832
8857 0.0694348141
8858 0.069439445
8859 0.069444076
8860 0.0694487069
8861 0.0694533378
8862 0.0694579687
8863 0.0694625996
8864 0.0694672306
8865 0.0694718615
8866 0.0694764924
8867 0.0694811233
8868 0.0694857542
8869 0.0694903852
8870 0.0694950161
8871 0.069499647
8872 0.0695042779
8873 0.0695089088
8874 0.0695135398
8875 0.0695181707
8876 0.0695228016
8877 0.0695274325
8878 0.0695320634
8879 0.0695366943
8880 0.0695413253
8881 0.0695459562
8882 0.0695505871
8883 0.069555218
8884 0.0695598489
8885 0.0695644799
8886 0.0695691108
8887 0.0695737417
8888 0.0695783726
8889 0.0695830035
8890 0.0695876345
8891 0.0695922654
8892 0.0695968963
8893 0.0696015272
8894 0.0696061581
8895 0.0696107891
8896 0.06961542
8897 0.0696200509
8898 0.0696246818
8899 0.0696293127
8900 0.0696339437
8901 0.0696385746
8902 0.0696432055
8903 0.0696478364
8904 0.0696524673
8905 0.0696570983
8906 0.0696617292
8907 0.0696663601
8908 0.069670991
8909 0.0696756219
8910 0.0696802529
8911 0.0696848838
8912 0.0696895147
8913 0.0696941456
8914 0.0696987765
8915 0.0697034074
8916 0.0697080384
8917 0.0697126693
8918 0.0697173002
8919 0.0697219311
8920 0.069726562
8921 0.069731193
8922 0.0697358239
8923 0.0697404548
8924 0.0697450857
8925 0.0697497166
8926 0.0697543476
8927 0.0697589785
8928 0.0697636094
8929 0.0697682403
8930 0.0697728712
8931 0.0697775022
8932 0.0697821331
8933 0.069786764
8934 0.0697913949
8935 0.0697960258
8936 0.0698006568
8937 0.0698052877
8938 0.0698099186
8939 0.0698145495
8940 0.0698191804
8941 0.0698238114
8942 0.0698284423
8943 0.0698330732
8944 0.0698377041
8945 0.069842335
8946 0.069846966
8947 0.0698515969
8948 0.0698562278
8949 0.0698608587
8950 0.0698654896
8951 0.0698701205
8952 0.0698747515
8953 0.0698793824
8954 0.0698840133
8955 0.0698886442
8956 0.0698932751
8957 0.0698979061
8958 0.069902537
8959 0.0699071679
8960 0.0699117988
8961 0.0699164297
8962 0.0699210607
8963 0.0699256916
8964 0.0699303225
8965 0.0699349534
8966 0.0699395843
8967 0.0699442153
8968 0.0699488462
8969 0.0699534771
8970 0.069958108
8971 0.0699627389
8972 0.0699673699
8973 0.0699720008
8974 0.0699766317
8975 0.0699812626
8976 0.0699858935
8977 0.0699905245
8978 0.0699951554
8979 0.0699997863
8980 0.0700044172
8981 0.0700090481
8982 0.0700136791
8983 0.07001831
8984 0.0700229409
8985 0.0700275718
8986 0.0700322027
8987 0.0700368336
8988 0.0700414646
8989 0.0700460955
8990 0.0700507264
8991 0.0700553573
8992 0.0700599882
8993 0.0700646192
8994 0.0700692501
8995 0.070073881
8996 0.0700785119
8997 0.0700831428
8998 0.0700877738
8999 0.0700924047
9000 0.0700970356
9001 0.0701016665
9002 0.0701062974
9003 0.0701109284
9004 0.0701155593
9005 0.0701201902
9006 0.0701248211
9007 0.070129452
9008 0.070134083
9009 0.0701387139
9010 0.0701433448
9011 0.0701479757
9012 0.0701526066
9013 0.0701572376
9014 0.0701618685
9015 0.0701664994
9016 0.0701711303
9017 0.0701757612
9018 0.0701803922
9019 0.0701850231
9020 0.070189654
9021 0.0701942849
9022 0.0701989158
9023 0.0702035467
9024 0.0702081777
9025 0.0702128086
9026 0.0702174395
9027 0.0702220704
9028 0.0702267013
9029 0.0702313323
9030 0.0702359632
9031 0.0702405941
9032 0.070245225
9033 0.0702498559
9034 0.0702544869
9035 0.0702591178
9036 0.0702637487
9037 0.0702683796
9038 0.0702730105
9039 0.0702776415
9040 0.0702822724
9041 0.0702869033
9042 0.0702915342
9043 0.0702961651
9044 0.0703007961
9045 0.070305427
9046 0.0703100579
9047 0.0703146888
9048 0.0703193197
9049 0.0703239507
9050 0.0703285816
9051 0.0703332125
9052 0.0703378434
9053 0.0703424743
9054 0.0703471053
9055 0.0703517362
9056 0.0703563671
9057 0.070360998
9058 0.0703656289
9059 0.0703702598
9060 0.0703748908
9061 0.0703795217
9062 0.0703841526
9063 0.0703887835
9064 0.0703934144
9065 0.0703980454
9066 0.0704026763
9067 0.0704073072
9068 0.0704119381
9069 0.070416569
9070 0.0704212
9071 0.0704258309
9072 0.0704304618
9073 0.0704350927
9074 0.0704397236
9075 0.0704443546
9076 0.0704489855
9077 0.0704536164
9078 0.0704582473
9079 0.0704628782
9080 0.0704675092
9081 0.0704721401
9082 0.070476771
9083 0.0704814019
9084 0.0704860328
9085 0.0704906638
9086 0.0704952947
9087 0.0704999256
9088 0.0705045565
9089 0.0705091874
9090 0.0705138184
9091 0.0705184493
9092 0.0705230802
9093 0.0705277111
9094 0.070532342
9095 0.0705369729
9096 0.0705416039
9097 0.0705462348
9098 0.0705508657
9099 0.0705554966
9100 0.0705601275
9101 0.0705647585
9102 0.0705693894
9103 0.0705740203
9104 0.0705786512
9105 0.0705832821
9106 0.0705879131
9107 0.070592544
9108 0.0705971749
9109 0.0706018058
9110 0.0706064367
9111 0.0706110677
9112 0.0706156986
9113 0.0706203295
9114 0.0706249604
9115 0.0706295913
9116 0.0706342223
9117 0.0706388532
9118 0.0706434841
9119 0.070648115
9120 0.0706527459
9121 0.0706573769
9122 0.0706620078
9123 0.0706666387
9124 0.0706712696
9125 0.0706759005
9126 0.0706805314
9127 0.0706851624
9128 0.0706897933
9129 0.0706944242
9130 0.0706990551
9131 0.070703686
9132 0.070708317
9133 0.0707129479
9134 0.0707175788
9135 0.0707222097
9136 0.0707275304
9137 0.0707328511
9138 0.0707381718
9139 0.0707434925
9140 0.0707488132
9141 0.0707541339
9142 0.0707594546
9143 0.0707647753
9144 0.070770096
9145 0.0707754167
9146 0.0707807374
9147 0.0707860581
9148 0.0707913787
9149 0.0707966994
9150 0.0708020201
9151 0.0708073408
9152 0.0708126615
9153 0.0708179822
9154 0.0708233029
9155 0.0708286236
9156 0.0708339443
9157 0.070839265
9158 0.0708445857
9159 0.0708499064
9160 0.0708552271
9161 0.0708605478
9162 0.0708658685
9163 0.0708711892
9164 0.0708765098
9165 0.0708818305
9166 0.0708871512
9167 0.0708924719
9168 0.0708977926
9169 0.0709031133
9170 0.070908434
9171 0.0709137547
9172 0.0709190754
9173 0.0709243961
9174 0.0709297168
9175 0.0709350375
9176 0.0709403582
9177 0.0709456789
9178 0.0709509996
9179 0.0709563203
9180 0.0709616409
9181 0.0709669616
9182 0.0709722823
9183 0.070977603
9184 0.0709829237
9185 0.0709882444
9186 0.0709935651
9187 0.0709988858
9188 0.0710042065
9189 0.0710095272
9190 0.0710148479
9191 0.0710201686
9192 0.0710254893
9193 0.07103081
9194 0.0710361307
9195 0.0710414514
9196 0.071046772
9197 0.0710520927
9198 0.0710574134
9199 0.0710627341
9200 0.0710680548
9201 0.0710733755
9202 0.0710786962
9203 0.0710840169
9204 0.0710893376
9205 0.0710946583
9206 0.071099979
9207 0.0711052997
9208 0.0711106204
9209 0.0711159411
9210 0.0711212618
9211 0.0711265825
9212 0.0711319031
9213 0.0711372238
9214 0.0711425445
9215 0.0711478652
9216 0.0711531859
9217 0.0711585066
9218 0.0711638273
9219 0.071169148
9220 0.0711744687
9221 0.0711797894
9222 0.0711851101
9223 0.0711904308
9224 0.0711957515
9225 0.0712010722
9226 0.0712063929
9227 0.0712117136
9228 0.0712170342
9229 0.0712223549
9230 0.0712276756
9231 0.0712329963
9232 0.071238317
9233 0.0712436377
9234 0.0712489584
9235 0.0712542791
9236 0.0712595998
9237 0.0712649205
9238 0.0712702412
9239 0.0712755619
9240 0.0712808826
9241 0.0712862033
9242 0.071291524
9243 0.0712968447
9244 0.0713021653
9245 0.071307486
9246 0.0713128067
9247 0.0713181274
9248 0.0713234481
9249 0.0713287688
9250 0.0713340895
9251 0.0713394102
9252 0.0713447309
9253 0.0713500516
9254 0.0713553723
9255 0.071360693
9256 0.0713660137
9257 0.0713713344
9258 0.0713766551
9259 0.0713819758
9260 0.0713872964
9261 0.0713926171
9262 0.0713979378
9263 0.0714032585
9264 0.0714085792
9265 0.0714138999
9266 0.0714192206
9267 0.0714245413
9268 0.071429862
9269 0.0714351827
9270 0.0714405034
9271 0.0714458241
9272 0.0714511448
9273 0.0714564655
9274 0.0714617862
9275 0.0714671069
9276 0.0714724275
9277 0.0714777482
9278 0.0714830689
9279 0.0714883896
9280 0.0714937103
9281 0.071499031
9282 0.0715043517
9283 0.0715096724
9284 0.0715149931
9285 0.0715203138
9286 0.0715256345
9287 0.0715309552
9288 0.0715362759
9289 0.0715415966
9290 0.0715469173
9291 0.071552238
9292 0.0715575587
9293 0.0715628793
9294 0.0715682
9295 0.0715735207
9296 0.0715788414
9297 0.0715841621
9298 0.0715894828
9299 0.0715948035
9300 0.0716001242
9301 0.0716054449
9302 0.0716107656
9303 0.0716160863
9304 0.071621407
9305 0.0716267277
9306 0.0716320484
9307 0.0716373691
9308 0.0716426898
9309 0.0716480104
9310 0.0716533311
9311 0.0716586518
9312 0.0716639725
9313 0.0716692932
9314 0.0716746139
9315 0.0716799346
9316 0.0716852553
9317 0.071690576
9318 0.0716958967
9319 0.0717012174
9320 0.0717065381
9321 0.0717118588
9322 0.0717171795
9323 0.0717225002
9324 0.0717278209
9325 0.0717331415
9326 0.0717384622
9327 0.0717437829
9328 0.0717491036
9329 0.0717544243
9330 0.071759745
9331 0.0717650657
9332 0.0717703864
9333 0.0717757071
9334 0.0717810278
9335 0.0717863485
9336 0.0717916692
9337 0.0717969899
9338 0.0718023106
9339 0.0718076313
9340 0.071812952
9341 0.0718182726
9342 0.0718235933
9343 0.071828914
9344 0.0718342347
9345 0.0718395554
9346 0.0718448761
9347 0.0718501968
9348 0.0718555175
9349 0.0718608382
9350 0.0718661589
9351 0.0718714796
9352 0.0718768003
9353 0.071882121
9354 0.0718874417
9355 0.0718927624
9356 0.0718980831
9357 0.0719034037
9358 0.0719087244
9359 0.0719140451
9360 0.0719193658
9361 0.0719246865
9362 0.0719300072
9363 0.0719353279
9364 0.0719406486
9365 0.0719459693
9366 0.07195129
9367 0.0719566107
9368 0.0719619314
9369 0.0719672521
9370 0.0719725728
9371 0.0719778935
9372 0.0719832142
9373 0.0719885348
9374 0.0719938555
9375 0.0719991762
9376 0.0720044969
9377 0.0720098176
9378 0.0720151383
9379 0.072020459
9380 0.0720257797
9381 0.0720311004
9382 0.0720364211
9383 0.0720417418
9384 0.0720470625
9385 0.0720523832
9386 0.0720577039
9387 0.0720630246
9388 0.0720683453
9389 0.0720736659
9390 0.0720789866
9391 0.0720843073
9392 0.072089628
9393 0.0720949487
9394 0.0721002694
9395 0.0721055901
9396 0.0721109108
9397 0.0721162315
9398 0.0721215522
9399 0.0721268729
9400 0.0721321936
9401 0.0721375143
9402 0.072142835
9403 0.0721481557
9404 0.0721534764
9405 0.072158797
9406 0.0721641177
9407 0.0721694384
9408 0.0721747591
9409 0.0721800798
9410 0.0721854005
9411 0.0721907212
9412 0.0721960419
9413 0.0722013626
9414 0.0722066833
9415 0.072212004
9416 0.0722173247
9417 0.0722226454
9418 0.0722279661
9419 0.0722332868
9420 0.0722386075
9421 0.0722439282
9422 0.0722492488
9423 0.0722545695
9424 0.0722598902
9425 0.0722652109
9426 0.0722705316
9427 0.0722758523
9428 0.072281173
9429 0.0722864937
9430 0.0722918144
9431 0.0722971351
9432 0.0723024558
9433 0.0723077765
9434 0.0723130972
9435 0.0723184179
9436 0.0723237386
9437 0.0723290593
9438 0.0723343799
9439 0.0723397006
9440 0.0723450213
9441 0.072350342
9442 0.0723556627
9443 0.0723609834
9444 0.0723663041
9445 0.0723716248
9446 0.0723769455
9447 0.0723822662
9448 0.0723875869
9449 0.0723929076
9450 0.0723982283
9451 0.072403549
9452 0.0724088697
9453 0.0724141904
9454 0.072419511
9455 0.0724248317
9456 0.0724301524
9457 0.0724354731
9458 0.0724407938
9459 0.0724461145
9460 0.0724514352
9461 0.0724567559
9462 0.0724620766
9463 0.0724673973
9464 0.072472718
9465 0.0724780387
9466 0.0724833594
9467 0.0724886801
9468 0.0724940008
9469 0.0724993215
9470 0.0725046421
9471 0.0725099628
9472 0.0725152835
9473 0.0725206042
9474 0.0725259249
9475 0.0725312456
9476 0.0725365663
9477 0.072541887
9478 0.0725472077
9479 0.0725525284
9480 0.0725578491
9481 0.0725631698
9482 0.0725684905
9483 0.0725738112
9484 0.0725791319
9485 0.0725844526
9486 0.0725897732
9487 0.0725950939
9488 0.0726004146
9489 0.0726057353
9490 0.072611056
9491 0.0726163767
9492 0.0726216974
9493 0.0726270181
9494 0.0726323388
9495 0.0726376595
9496 0.0726429802
9497 0.0726483009
9498 0.0726536216
9499 0.0726589423
9500 0.072664263
9501 0.0726695837
9502 0.0726749043
9503 0.072680225
9504 0.0726855457
9505 0.0726908664
9506 0.0726961871
9507 0.0727015078
9508 0.0727068285
9509 0.0727121492
9510 0.0727174699
9511 0.0727227906
9512 0.0727281113
9513 0.072733432
9514 0.0727387527
9515 0.0727440734
9516 0.0727493941
9517 0.0727547148
9518 0.0727600354
9519 0.0727653561
9520 0.0727706768
9521 0.0727759975
9522 0.0727813182
9523 0.0727866389
9524 0.0727919596
9525 0.0727972803
9526 0.072802601
9527 0.0728079217
9528 0.0728132424
9529 0.0728185631
9530 0.0728238838
9531 0.0728292045
9532 0.0728345252
9533 0.0728398459
9534 0.0728451665
9535 0.0728504872
9536 0.0728558079
9537 0.0728611286
9538 0.0728664493
9539 0.07287177
9540 0.0728770907
9541 0.0728824114
9542 0.0728877321
9543 0.0728930528
9544 0.0728983735
9545 0.0729036942
9546 0.0729090149
9547 0.0729143356
9548 0.0729196563
9549 0.072924977
9550 0.0729302976
9551 0.0729356183
9552 0.072940939
9553 0.0729462597
9554 0.0729515804
9555 0.0729569011
9556 0.0729622218
9557 0.0729675425
9558 0.0729728632
9559 0.0729781839
9560 0.0729835046
9561 0.0729888253
9562 0.072994146
9563 0.0729994667
9564 0.0730047874
9565 0.0730101081
9566 0.0730154288
9567 0.0730207494
9568 0.0730260701
9569 0.0730313908
9570 0.0730367115
9571 0.0730420322
9572 0.0730473529
9573 0.0730526736
9574 0.0730579943
9575 0.073063315
9576 0.0730686357
9577 0.0730739564
9578 0.0730792771
9579 0.0730845978
9580 0.0730899185
9581 0.0730952392
9582 0.0731005599
9583 0.0731058805
9584 0.0731112012
9585 0.0731165219
9586 0.0731218426
9587 0.0731271633
9588 0.073132484
9589 0.0731378047
9590 0.0731431254
9591 0.0731484461
9592 0.0731537668
9593 0.0731590875
9594 0.0731644082
9595 0.0731697289
9596 0.0731750496
9597 0.0731803703
9598 0.073185691
9599 0.0731910116
9600 0.0731963323
9601 0.073201653
9602 0.0732069737
9603 0.0732122944
9604 0.0732176151
9605 0.0732229358
9606 0.0732282565
9607 0.0732335772
9608 0.0732388979
9609 0.0732442186
9610 0.0732495393
9611 0.07325486
9612 0.0732601807
9613 0.0732655014
9614 0.0732708221
9615 0.0732761427
9616 0.0732814634
9617 0.0732867841
9618 0.0732921048
9619 0.0732974255
9620 0.0733027462
9621 0.0733080669
9622 0.0733133876
9623 0.0733187083
9624 0.073324029
9625 0.0733293497
9626 0.0733346704
9627 0.0733399911
9628 0.0733453118
9629 0.0733506325
9630 0.0733559532
9631 0.0733612738
9632 0.0733665945
9633 0.0733719152
9634 0.0733772359
9635 0.0733825566
9636 0.0733878773
9637 0.073393198
9638 0.0733985187
9639 0.0734038394
9640 0.0734091601
9641 0.0734144808
9642 0.0734198015
9643 0.0734251222
9644 0.0734304429
9645 0.0734357636
9646 0.0734410843
9647 0.0734464049
9648 0.0734517256
9649 0.0734570463
9650 0.073462367
9651 0.0734676877
9652 0.0734730084
9653 0.0734783291
9654 0.0734836498
9655 0.0734889705
9656 0.0734942912
9657 0.0734996119
9658 0.0735049326
9659 0.0735102533
9660 0.073515574
9661 0.0735208947
9662 0.0735262154
9663 0.073531536
9664 0.0735368567
9665 0.0735421774
9666 0.0735474981
9667 0.0735528188
9668 0.0735581395
9669 0.0735634602
9670 0.0735687809
9671 0.0735741016
9672 0.0735794223
9673 0.073584743
9674 0.0735900637
9675 0.0735953844
9676 0.0736007051
9677 0.0736060258
9678 0.0736113465
9679 0.0736166671
9680 0.0736219878
9681 0.0736273085
9682 0.0736326292
9683 0.0736379499
9684 0.0736432706
9685 0.0736485913
9686 0.073653912
9687 0.0736592327
9688 0.0736645534
9689 0.0736698741
9690 0.0736751948
9691 0.0736805155
9692 0.0736858362
9693 0.0736911569
9694 0.0736964776
9695 0.0737017983
9696 0.0737071189
9697 0.0737124396
9698 0.0737177603
9699 0.073723081
9700 0.0737284017
9701 0.0737337224
9702 0.0737390431
9703 0.0737443638
9704 0.0737496845
9705 0.0737550052
9706 0.0737603259
9707 0.0737656466
9708 0.0737709673
9709 0.073776288
9710 0.0737816087
9711 0.0737869294
9712 0.07379225
9713 0.0737975707
9714 0.0738028914
9715 0.0738082121
9716 0.0738135328
9717 0.0738188535
9718 0.0738241742
9719 0.0738294949
9720 0.0738348156
9721 0.0738401363
9722 0.073845457
9723 0.0738507777
9724 0.0738560984
9725 0.0738614191
9726 0.0738667398
9727 0.0738720605
9728 0.0738773811
9729 0.0738827018
9730 0.0738880225
9731 0.0738933432
9732 0.0738986639
9733 0.0739039846
9734 0.0739093053
9735 0.073914626
9736 0.0739199467
9737 0.0739252674
9738 0.0739305881
9739 0.0739359088
9740 0.0739412295
9741 0.0739465502
9742 0.0739518709
9743 0.0739571916
9744 0.0739625122
9745 0.0739678329
9746 0.0739731536
9747 0.0739784743
9748 0.073983795
9749 0.0739891157
9750 0.0739944364
9751 0.0739997571
9752 0.0740050778
9753 0.0740103985
9754 0.0740157192
9755 0.0740210399
9756 0.0740263606
9757 0.0740316813
9758 0.074037002
9759 0.0740423227
9760 0.0740476433
9761 0.074052964
9762 0.0740582847
9763 0.0740636054
9764 0.0740689261
9765 0.0740742468
9766 0.0740795675
9767 0.0740848882
9768 0.0740902089
9769 0.0740955296
9770 0.0741008503
9771 0.074106171
9772 0.0741114917
9773 0.0741168124
9774 0.0741221331
9775 0.0741274538
9776 0.0741327744
9777 0.0741380951
9778 0.0741434158
9779 0.0741487365
9780 0.0741540572
9781 0.0741593779
9782 0.0741646986
9783 0.0741700193
9784 0.07417534
9785 0.0741806607
9786 0.0741859814
9787 0.0741913021
9788 0.0741966228
9789 0.0742019435
9790 0.0742072642
9791 0.0742125849
9792 0.0742179055
9793 0.0742232262
9794 0.0742285469
9795 0.0742338676
9796 0.0742391883
9797 0.074244509
9798 0.0742498297
9799 0.0742551504
9800 0.0742604711
9801 0.0742657918
9802 0.0742711125
9803 0.0742764332
9804 0.0742817539
9805 0.0742870746
9806 0.0742923953
9807 0.074297716
9808 0.0743030366
9809 0.0743083573
9810 0.074313678
9811 0.0743189987
9812 0.0743243194
9813 0.0743296401
9814 0.0743349608
9815 0.0743402815
9816 0.0743456022
9817 0.0743509229
9818 0.0743562436
9819 0.0743615643
9820 0.074366885
9821 0.0743722057
9822 0.0743775264
9823 0.0743828471
9824 0.0743881678
9825 0.0743934884
9826 0.0743988091
9827 0.0744041298
9828 0.0744094505
9829 0.0744147712
9830 0.0744200919
9831 0.0744254126
9832 0.0744307333
9833 0.074436054
9834 0.0744413747
9835 0.0744466954
9836 0.0744520161
9837 0.0744573368
9838 0.0744626575
9839 0.0744679782
9840 0.0744732989
9841 0.0744786195
9842 0.0744839402
9843 0.0744892609
9844 0.0744945816
9845 0.0744999023
9846 0.074505223
9847 0.0745105437
9848 0.0745158644
9849 0.0745211851
9850 0.0745265058
9851 0.0745318265
9852 0.0745371472
9853 0.0745424679
9854 0.0745477886
9855 0.0745531093
9856 0.07455843
9857 0.0745637506
9858 0.0745690713
9859 0.074574392
9860 0.0745797127
9861 0.0745850334
9862 0.0745903541
9863 0.0745956748
9864 0.0746009955
9865 0.0746063162
9866 0.0746116369
9867 0.0746169576
9868 0.0746222783
9869 0.074627599
9870 0.0746329197
9871 0.0746382404
9872 0.0746435611
9873 0.0746488817
9874 0.0746542024
9875 0.0746595231
9876 0.0746648438
9877 0.0746701645
9878 0.0746754852
9879 0.0746808059
9880 0.0746861266
9881 0.0746914473
9882 0.074696768
9883 0.0747020887
9884 0.0747074094
9885 0.0747127301
9886 0.0747180508
9887 0.0747233715
9888 0.0747286922
9889 0.0747340128
9890 0.0747393335
9891 0.0747446542
9892 0.0747499749
9893 0.0747552956
9894 0.0747606163
9895 0.074765937
9896 0.0747712577
9897 0.0747765784
9898 0.0747818991
9899 0.0747872198
9900 0.0747925405
9901 0.0747978612
9902 0.0748031819
9903 0.0748085026
9904 0.0748138233
9905 0.0748191439
9906 0.0748244646
9907 0.0748297853
9908 0.074835106
9909 0.0748404267
9910 0.0748457474
9911 0.0748510681
9912 0.0748563888
9913 0.0748617095
9914 0.0748670302
9915 0.0748723509
9916 0.0748776716
9917 0.0748829923
9918 0.074888313
9919 0.0748936337
9920 0.0748989544
9921 0.074904275
9922 0.0749095957
9923 0.0749149164
9924 0.0749202371
9925 0.0749255578
9926 0.0749308785
9927 0.0749361992
9928 0.0749415199
9929 0.0749468406
9930 0.0749521613
9931 0.074957482
9932 0.0749628027
9933 0.0749681234
9934 0.0749734441
9935 0.0749787648
9936 0.0749840855
9937 0.0749894061
9938 0.0749947268
9939 0.0750000475
9940 0.0750053682
9941 0.0750106889
9942 0.0750160096
9943 0.0750213303
9944 0.075026651
9945 0.0750319717
9946 0.0750372924
9947 0.0750426131
9948 0.0750479338
9949 0.0750532545
9950 0.0750585752
9951 0.0750638959
9952 0.0750692166
9953 0.0750745372
9954 0.0750798579
9955 0.0750851786
9956 0.0750904993
9957 0.07509582
9958 0.0751011407
9959 0.0751064614
9960 0.0751117821
9961 0.0751171028
9962 0.0751224235
9963 0.0751277442
9964 0.0751330649
9965 0.0751383856
9966 0.0751437063
9967 0.075149027
9968 0.0751543477
9969 0.0751596684
9970 0.075164989
9971 0.0751703097
9972 0.0751756304
9973 0.0751809511
9974 0.0751862718
9975 0.0751915925
9976 0.0751969132
9977 0.0752022339
9978 0.0752075546
9979 0.0752128753
9980 0.075218196
9981 0.0752235167
9982 0.0752288374
9983 0.0752341581
9984 0.0752394788
9985 0.0752447995
9986 0.0752501201
9987 0.0752554408
9988 0.0752607615
9989 0.0752660822
9990 0.0752714029
9991 0.0752767236
9992 0.0752820443
9993 0.075287365
9994 0.0752926857
9995 0.0752980064
9996 0.0753033271
9997 0.0753086478
9998 0.0753139685
9999 0.0753192892
10000 0.0753246099
10001 0.0753299306
10002 0.0753352512
10003 0.0753405719
10004 0.0753458926
10005 0.0753512133
10006 0.075356534
10007 0.0753618547
10008 0.0753671754
10009 0.0753724961
10010 0.0753778168
10011 0.0753831375
10012 0.0753884582
10013 0.0753937789
10014 0.0753990996
10015 0.0754044203
10016 0.075409741
10017 0.0754150617
10018 0.0754203823
10019 0.075425703
10020 0.0754310237
10021 0.0754363444
10022 0.0754416651
10023 0.0754469858
10024 0.0754523065
10025 0.0754576272
10026 0.0754629479
10027 0.0754682686
10028 0.0754735893
10029 0.07547891
10030 0.0754842307
10031 0.0754895514
10032 0.0754948721
10033 0.0755001928
10034 0.0755055134
10035 0.0755108341
10036 0.0755161548
10037 0.0755214755
10038 0.0755267962
10039 0.0755321169
10040 0.0755374376
10041 0.0755427583
10042 0.075548079
10043 0.0755533997
10044 0.0755587204
10045 0.0755640411
10046 0.0755693618
10047 0.0755746825
10048 0.0755800032
10049 0.0755853239
10050 0.0755906445
10051 0.0755959652
10052 0.0756012859
10053 0.0756066066
10054 0.0756119273
10055 0.075617248
10056 0.0756225687
10057 0.0756278894
10058 0.0756332101
10059 0.0756385308
10060 0.0756438515
10061 0.0756491722
10062 0.0756544929
10063 0.0756598136
10064 0.0756651343
10065 0.075670455
10066 0.0756757756
10067 0.0756810963
10068 0.075686417
10069 0.0756917377
10070 0.0756970584
10071 0.0757023791
10072 0.0757076998
10073 0.0757130205
10074 0.0757183412
10075 0.0757236619
10076 0.0757289826
10077 0.0757343033
10078 0.075739624
10079 0.0757449447
10080 0.0757502654
10081 0.0757555861
10082 0.0757609067
10083 0.0757662274
10084 0.0757715481
10085 0.0757768688
10086 0.0757821895
10087 0.0757875102
10088 0.0757928309
10089 0.0757981516
10090 0.0758034723
10091 0.075808793
10092 0.0758141137
10093 0.0758194344
10094 0.0758247551
10095 0.0758300758
10096 0.0758353965
10097 0.0758407172
10098 0.0758460379
10099 0.0758513585
10100 0.0758566792
10101 0.0758619999
10102 0.0758673206
10103 0.0758726413
10104 0.075877962
10105 0.0758832827
10106 0.0758886034
10107 0.0758939241
10108 0.0758992448
10109 0.0759045655
10110 0.0759098862
10111 0.0759152069
10112 0.0759205276
10113 0.0759258483
10114 0.075931169
10115 0.0759364896
10116 0.0759418103
10117 0.075947131
10118 0.0759524517
10119 0.0759577724
10120 0.0759630931
10121 0.0759684138
10122 0.0759737345
10123 0.0759790552
10124 0.0759843759
10125 0.0759896966
10126 0.0759950173
10127 0.076000338
10128 0.0760056587
10129 0.0760109794
10130 0.0760163001
10131 0.0760216207
10132 0.0760269414
10133 0.0760322621
10134 0.0760375828
10135 0.0760429035
10136 0.0760482242
10137 0.0760535449
10138 0.0760588656
10139 0.0760641863
10140 0.076069507
10141 0.0760748277
10142 0.0760801484
10143 0.0760854691
10144 0.0760907898
10145 0.0760961105
10146 0.0761014312
10147 0.0761067518
10148 0.0761120725
10149 0.0761173932
10150 0.0761227139
10151 0.0761280346
10152 0.0761333553
10153 0.076138676
10154 0.0761439967
10155 0.0761493174
10156 0.0761546381
10157 0.0761599588
10158 0.0761652795
10159 0.0761706002
10160 0.0761759209
10161 0.0761812416
10162 0.0761865623
10163 0.0761918829
10164 0.0761972036
10165 0.0762025243
10166 0.076207845
10167 0.0762131657
10168 0.0762184864
10169 0.0762238071
10170 0.0762291278
10171 0.0762344485
10172 0.0762397692
10173 0.0762450899
10174 0.0762504106
10175 0.0762557313
10176 0.076261052
10177 0.0762663727
10178 0.0762716934
10179 0.076277014
10180 0.0762823347
10181 0.0762876554
10182 0.0762929761
10183 0.0762982968
10184 0.0763036175
10185 0.0763089382
10186 0.0763142589
10187 0.0763195796
10188 0.0763249003
10189 0.076330221
10190 0.0763355417
10191 0.0763408624
10192 0.0763461831
10193 0.0763515038
10194 0.0763568245
10195 0.0763621451
10196 0.0763674658
10197 0.0763727865
10198 0.0763781072
10199 0.0763834279
10200 0.0763887486
10201 0.0763940693
10202 0.07639939
10203 0.0764047107
10204 0.0764100314
10205 0.0764153521
10206 0.0764206728
10207 0.0764259935
10208 0.0764313142
10209 0.0764366349
10210 0.0764419556
10211 0.0764472762
10212 0.0764525969
10213 0.0764579176
10214 0.0764632383
10215 0.076468559
10216 0.0764738797
10217 0.0764792004
10218 0.0764845211
10219 0.0764898418
10220 0.0764951625
10221 0.0765004832
10222 0.0765058039
10223 0.0765111246
10224 0.0765164453
10225 0.076521766
10226 0.0765270867
10227 0.0765324073
10228 0.076537728
10229 0.0765430487
10230 0.0765483694
10231 0.0765536901
10232 0.0765590108
10233 0.0765643315
10234 0.0765696522
10235 0.0765749729
10236 0.0765802936
10237 0.0765856143
10238 0.076590935
10239 0.0765962557
10240 0.0766015764
10241 0.0766068971
10242 0.0766122178
10243 0.0766175385
10244 0.0766228591
10245 0.0766281798
10246 0.0766335005
10247 0.0766388212
10248 0.0766441419
10249 0.0766494626
10250 0.0766547833
10251 0.076660104
10252 0.0766654247
10253 0.0766707454
10254 0.0766760661
10255 0.0766813868
10256 0.0766867075
10257 0.0766920282
10258 0.0766973489
10259 0.0767026696
10260 0.0767079902
10261 0.0767133109
10262 0.0767186316
10263 0.0767239523
10264 0.076729273
10265 0.0767345937
10266 0.0767399144
10267 0.0767452351
10268 0.0767505558
10269 0.0767558765
10270 0.0767611972
10271 0.0767665179
10272 0.0767718386
10273 0.0767771593
10274 0.07678248
10275 0.0767878007
10276 0.0767931213
10277 0.076798442
10278 0.0768037627
10279 0.0768090834
10280 0.0768144041
10281 0.0768197248
10282 0.0768250455
10283 0.0768303662
10284 0.0768356869
10285 0.0768410076
10286 0.0768463283
10287 0.076851649
10288 0.0768569697
10289 0.0768622904
10290 0.0768676111
10291 0.0768729318
10292 0.0768782524
10293 0.0768835731
10294 0.0768888938
10295 0.0768942145
10296 0.0768995352
10297 0.0769048559
10298 0.0769101766
10299 0.0769154973
10300 0.076920818
10301 0.0769261387
10302 0.0769314594
10303 0.0769367801
10304 0.0769421008
10305 0.0769474215
10306 0.0769527422
10307 0.0769580629
10308 0.0769633835
10309 0.0769687042
10310 0.0769740249
10311 0.0769793456
10312 0.0769846663
10313 0.076989987
10314 0.0769953077
10315 0.0770006284
10316 0.0770059491
10317 0.0770112698
10318 0.0770165905
10319 0.0770219112
10320 0.0770272319
10321 0.0770325526
10322 0.0770378733
10323 0.077043194
10324 0.0770485146
10325 0.0770538353
10326 0.077059156
10327 0.0770644767
10328 0.0770697974
10329 0.0770751181
10330 0.0770804388
10331 0.0770857595
10332 0.0770910802
10333 0.0770964009
10334 0.0771017216
10335 0.0771070423
10336 0.077112363
10337 0.0771176837
10338 0.0771230044
10339 0.0771283251
10340 0.0771336457
10341 0.0771389664
10342 0.0771442871
10343 0.0771496078
10344 0.0771549285
10345 0.0771602492
10346 0.0771655699
10347 0.0771708906
10348 0.0771762113
10349 0.077181532
10350 0.0771868527
10351 0.0771921734
10352 0.0771974941
10353 0.0772028148
10354 0.0772081355
10355 0.0772134562
10356 0.0772187768
10357 0.0772240975
10358 0.0772294182
10359 0.0772347389
10360 0.0772400596
10361 0.0772453803
10362 0.077250701
10363 0.0772560217
10364 0.0772613424
10365 0.0772666631
10366 0.0772719838
10367 0.0772773045
10368 0.0772826252
10369 0.0772879459
10370 0.0772932666
10371 0.0772985873
10372 0.077303908
10373 0.0773092286
10374 0.0773145493
10375 0.07731987
10376 0.0773251907
10377 0.0773305114
10378 0.0773358321
10379 0.0773411528
10380 0.0773464735
10381 0.0773517942
10382 0.0773571149
10383 0.0773624356
10384 0.0773677563
10385 0.077373077
10386 0.0773783977
10387 0.0773837184
10388 0.0773890391
10389 0.0773943597
10390 0.0773996804
10391 0.0774050011
10392 0.0774103218
10393 0.0774156425
10394 0.0774209632
10395 0.0774262839
10396 0.0774316046
10397 0.0774369253
10398 0.077442246
10399 0.0774475667
10400 0.0774528874
10401 0.0774582081
10402 0.0774635288
10403 0.0774688495
10404 0.0774741702
10405 0.0774794908
10406 0.0774848115
10407 0.0774901322
10408 0.0774954529
10409 0.0775007736
10410 0.0775060943
10411 0.077511415
10412 0.0775167357
10413 0.0775220564
10414 0.0775273771
10415 0.0775326978
10416 0.0775380185
10417 0.0775433392
10418 0.0775486599
10419 0.0775539806
10420 0.0775593013
10421 0.0775646219
10422 0.0775699426
10423 0.0775752633
10424 0.077580584
10425 0.0775859047
10426 0.0775912254
10427 0.0775965461
10428 0.0776018668
10429 0.0776071875
10430 0.0776125082
10431 0.0776178289
10432 0.0776231496
10433 0.0776284703
10434 0.077633791
10435 0.0776391117
10436 0.0776444324
10437 0.077649753
10438 0.0776550737
10439 0.0776603944
10440 0.0776657151
10441 0.0776710358
10442 0.0776763565
10443 0.0776816772
10444 0.0776869979
10445 0.0776923186
10446 0.0776976393
10447 0.07770296
10448 0.0777082807
10449 0.0777136014
10450 0.0777189221
10451 0.0777242428
10452 0.0777295635
10453 0.0777348841
10454 0.0777402048
10455 0.0777455255
10456 0.0777508462
10457 0.0777561669
10458 0.0777614876
10459 0.0777668083
10460 0.077772129
10461 0.0777774497
10462 0.0777827704
10463 0.0777880911
10464 0.0777934118
10465 0.0777987325
10466 0.0778040532
10467 0.0778093739
10468 0.0778146946
10469 0.0778200152
10470 0.0778253359
10471 0.0778306566
10472 0.0778359773
10473 0.077841298
10474 0.0778466187
10475 0.0778519394
10476 0.0778572601
10477 0.0778625808
10478 0.0778679015
10479 0.0778732222
10480 0.0778785429
10481 0.0778838636
10482 0.0778891843
10483 0.077894505
10484 0.0778998257
10485 0.0779051463
10486 0.077910467
10487 0.0779157877
10488 0.0779211084
10489 0.0779264291
10490 0.0779317498
10491 0.0779370705
10492 0.0779423912
10493 0.0779477119
10494 0.0779530326
10495 0.0779583533
10496 0.077963674
10497 0.0779689947
10498 0.0779743154
10499 0.0779796361
10500 0.0779849568
10501 0.0779902774
10502 0.0779955981
10503 0.0780009188
10504 0.0780062395
10505 0.0780115602
10506 0.0780168809
10507 0.0780222016
10508 0.0780275223
10509 0.078032843
10510 0.0780381637
10511 0.0780434844
10512 0.0780488051
10513 0.0780541258
10514 0.0780594465
10515 0.0780647672
10516 0.0780700879
10517 0.0780754086
10518 0.0780807292
10519 0.0780860499
10520 0.0780913706
10521 0.0780966913
10522 0.078102012
10523 0.0781073327
10524 0.0781126534
10525 0.0781179741
10526 0.0781232948
10527 0.0781286155
10528 0.0781339362
10529 0.0781392569
10530 0.0781445776
10531 0.0781498983
10532 0.078155219
10533 0.0781605397
10534 0.0781658603
10535 0.078171181
10536 0.0781765017
10537 0.0781818224
10538 0.0781871431
10539 0.0781924638
10540 0.0781977845
10541 0.0782031052
10542 0.0782084259
10543 0.0782137466
10544 0.0782190673
10545 0.078224388
10546 0.0782297087
10547 0.0782350294
10548 0.0782403501
10549 0.0782456708
10550 0.0782509914
10551 0.0782563121
10552 0.0782616328
10553 0.0782669535
10554 0.0782722742
10555 0.0782775949
10556 0.0782829156
10557 0.0782882363
10558 0.078293557
10559 0.0782988777
10560 0.0783041984
10561 0.0783095191
10562 0.0783148398
10563 0.0783201605
10564 0.0783254812
10565 0.0783308019
10566 0.0783361225
10567 0.0783414432
10568 0.0783467639
10569 0.0783520846
10570 0.0783574053
10571 0.078362726
10572 0.0783680467
10573 0.0783733674
10574 0.0783786881
10575 0.0783840088
10576 0.0783893295
10577 0.0783946502
10578 0.0783999709
10579 0.0784052916
10580 0.0784106123
10581 0.078415933
10582 0.0784212536
10583 0.0784265743
10584 0.078431895
10585 0.0784372157
10586 0.0784425364
10587 0.0784478571
10588 0.0784531778
10589 0.0784584985
10590 0.0784638192
10591 0.0784691399
10592 0.0784744606
10593 0.0784797813
10594 0.078485102
10595 0.0784904227
10596 0.0784957434
10597 0.0785010641
10598 0.0785063847
10599 0.0785117054
10600 0.0785170261
10601 0.0785223468
10602 0.0785276675
10603 0.0785329882
10604 0.0785383089
10605 0.0785436296
10606 0.0785489503
10607 0.078554271
10608 0.0785595917
10609 0.0785649124
10610 0.0785702331
10611 0.0785755538
10612 0.0785808745
10613 0.0785861952
10614 0.0785915158
10615 0.0785968365
10616 0.0786021572
10617 0.0786074779
10618 0.0786127986
10619 0.0786181193
10620 0.07862344
10621 0.0786287607
10622 0.0786340814
10623 0.0786394021
10624 0.0786447228
10625 0.0786500435
10626 0.0786553642
10627 0.0786606849
10628 0.0786660056
10629 0.0786713263
10630 0.0786766469
10631 0.0786819676
10632 0.0786872883
10633 0.078692609
10634 0.0786979297
10635 0.0787032504
10636 0.0787085711
10637 0.0787138918
10638 0.0787192125
10639 0.0787245332
10640 0.0787298539
10641 0.0787351746
10642 0.0787404953
10643 0.078745816
10644 0.0787511367
10645 0.0787564574
10646 0.0787617781
10647 0.0787670987
10648 0.0787724194
10649 0.0787777401
10650 0.0787830608
10651 0.0787883815
10652 0.0787937022
10653 0.0787990229
10654 0.0788043436
10655 0.0788096643
10656 0.078814985
10657 0.0788203057
10658 0.0788256264
10659 0.0788309471
10660 0.0788362678
10661 0.0788415885
10662 0.0788469092
10663 0.0788522298
10664 0.0788575505
10665 0.0788628712
10666 0.0788681919
10667 0.0788735126
10668 0.0788788333
10669 0.078884154
10670 0.0788894747
10671 0.0788947954
10672 0.0789001161
10673 0.0789054368
10674 0.0789107575
10675 0.0789160782
10676 0.0789213989
10677 0.0789267196
10678 0.0789320403
10679 0.0789373609
10680 0.0789426816
10681 0.0789480023
10682 0.078953323
10683 0.0789586437
10684 0.0789639644
10685 0.0789692851
10686 0.0789746058
10687 0.0789799265
10688 0.0789852472
10689 0.0789905679
10690 0.0789958886
10691 0.0790012093
10692 0.07900653
10693 0.0790118507
10694 0.0790171714
10695 0.079022492
10696 0.0790278127
10697 0.0790331334
10698 0.0790384541
10699 0.0790437748
10700 0.0790490955
10701 0.0790544162
10702 0.0790597369
10703 0.0790650576
10704 0.0790703783
10705 0.079075699
10706 0.0790810197
10707 0.0790863404
10708 0.0790916611
10709 0.0790969818
10710 0.0791023025
10711 0.0791076231
10712 0.0791129438
10713 0.0791182645
10714 0.0791235852
10715 0.0791289059
10716 0.0791342266
10717 0.0791395473
10718 0.079144868
10719 0.0791501887
10720 0.0791555094
10721 0.0791608301
10722 0.0791661508
10723 0.0791714715
10724 0.0791767922
10725 0.0791821129
10726 0.0791874336
10727 0.0791927542
10728 0.0791980749
10729 0.0792033956
10730 0.0792087163
10731 0.079214037
10732 0.0792193577
10733 0.0792246784
10734 0.0792299991
10735 0.0792353198
10736 0.0792406405
10737 0.0792459612
10738 0.0792512819
10739 0.0792566026
10740 0.0792619233
10741 0.079267244
10742 0.0792725647
10743 0.0792778853
10744 0.079283206
10745 0.0792885267
10746 0.0792938474
10747 0.0792991681
10748 0.0793044888
10749 0.0793098095
10750 0.0793151302
10751 0.0793204509
10752 0.0793257716
10753 0.0793310923
10754 0.079336413
10755 0.0793417337
10756 0.0793470544
10757 0.0793523751
10758 0.0793576958
10759 0.0793630164
10760 0.0793683371
10761 0.0793736578
10762 0.0793789785
10763 0.0793842992
10764 0.0793896199
10765 0.0793949406
10766 0.0794002613
10767 0.079405582
10768 0.0794109027
10769 0.0794162234
10770 0.0794215441
10771 0.0794268648
10772 0.0794321855
10773 0.0794375062
10774 0.0794428269
10775 0.0794481475
10776 0.0794534682
10777 0.0794587889
10778 0.0794641096
10779 0.0794694303
10780 0.079474751
10781 0.0794800717
10782 0.0794853924
10783 0.0794907131
10784 0.0794960338
10785 0.0795013545
10786 0.0795066752
10787 0.0795119959
10788 0.0795173166
10789 0.0795226373
10790 0.079527958
10791 0.0795332787
10792 0.0795385993
10793 0.07954392
10794 0.0795492407
10795 0.0795545614
10796 0.0795598821
10797 0.0795652028
10798 0.0795705235
10799 0.0795758442
10800 0.0795811649
10801 0.0795864856
10802 0.0795918063
10803 0.079597127
10804 0.0796024477
10805 0.0796077684
10806 0.0796130891
10807 0.0796184098
10808 0.0796237304
10809 0.0796290511
10810 0.0796343718
10811 0.0796396925
10812 0.0796450132
10813 0.0796503339
10814 0.0796556546
10815 0.0796609753
10816 0.079666296
10817 0.0796716167
10818 0.0796769374
10819 0.0796822581
10820 0.0796875788
10821 0.0796928995
10822 0.0796982202
10823 0.0797035409
10824 0.0797088615
10825 0.0797141822
10826 0.0797195029
10827 0.0797248236
10828 0.0797301443
10829 0.079735465
10830 0.0797407857
10831 0.0797461064
10832 0.0797514271
10833 0.0797567478
10834 0.0797620685
10835 0.0797673892
10836 0.0797727099
10837 0.0797780306
10838 0.0797833513
10839 0.079788672
10840 0.0797939926
10841 0.0797993133
10842 0.079804634
10843 0.0798099547
10844 0.0798152754
10845 0.0798205961
10846 0.0798259168
10847 0.0798312375
10848 0.0798365582
10849 0.0798418789
10850 0.0798471996
10851 0.0798525203
10852 0.079857841
10853 0.0798631617
10854 0.0798684824
10855 0.0798738031
10856 0.0798791237
10857 0.0798844444
10858 0.0798897651
10859 0.0798950858
10860 0.0799004065
10861 0.0799057272
10862 0.0799110479
10863 0.0799163686
10864 0.0799216893
10865 0.07992701
10866 0.0799323307
10867 0.0799376514
10868 0.0799429721
10869 0.0799482928
10870 0.0799536135
10871 0.0799589342
10872 0.0799642548
10873 0.0799695755
10874 0.0799748962
10875 0.0799802169
10876 0.0799855376
10877 0.0799908583
10878 0.079996179
10879 0.0800014997
10880 0.0800068204
10881 0.0800121411
10882 0.0800174618
10883 0.0800227825
10884 0.0800281032
10885 0.0800334239
10886 0.0800387446
10887 0.0800440653
10888 0.0800493859
10889 0.0800547066
10890 0.0800600273
10891 0.080065348
10892 0.0800706687
10893 0.0800759894
10894 0.0800813101
10895 0.0800866308
10896 0.0800919515
10897 0.0800972722
10898 0.0801025929
10899 0.0801079136
10900 0.0801132343
10901 0.080118555
10902 0.0801238757
10903 0.0801291964
10904 0.080134517
10905 0.0801398377
10906 0.0801451584
10907 0.0801504791
10908 0.0801557998
10909 0.0801611205
10910 0.0801664412
10911 0.0801717619
10912 0.0801770826
10913 0.0801824033
10914 0.080187724
10915 0.0801930447
10916 0.0801983654
10917 0.0802036861
10918 0.0802090068
10919 0.0802143275
10920 0.0802196482
10921 0.0802249688
10922 0.0802302895
10923 0.0802356102
10924 0.0802409309
10925 0.0802462516
10926 0.0802515723
10927 0.080256893
10928 0.0802622137
10929 0.0802675344
10930 0.0802728551
10931 0.0802781758
10932 0.0802834965
10933 0.0802888172
10934 0.0802941379
10935 0.0802994586
10936 0.0803047793
10937 0.0803100999
10938 0.0803154206
10939 0.0803207413
10940 0.080326062
10941 0.0803313827
10942 0.0803367034
10943 0.0803420241
10944 0.0803473448
10945 0.0803526655
10946 0.0803579862
10947 0.0803633069
10948 0.0803686276
10949 0.0803739483
10950 0.080379269
10951 0.0803845897
10952 0.0803899104
10953 0.080395231
10954 0.0804005517
10955 0.0804058724
10956 0.0804111931
10957 0.0804165138
10958 0.0804218345
10959 0.0804271552
10960 0.0804324759
10961 0.0804377966
10962 0.0804431173
