1 0.10538
2 0.1055538681
3 0.1057277362
4 0.1059016043
5 0.1060754724
6 0.1062493405
7 0.1064232087
8 0.1065970768
9 0.1067709449
10 0.106944813
11 0.1071186811
12 0.1072925492
13 0.1074664173
14 0.1076402854
15 0.1078141535
16 0.1079880216
17 0.1081618898
18 0.1083357579
19 0.108509626
20 0.1086834941
21 0.1088573622
22 0.1090312303
23 0.1092050984
24 0.1093789665
25 0.1095528346
26 0.1097267027
27 0.1099005708
28 0.110074439
29 0.1102483071
30 0.1104221752
31 0.1105960433
32 0.1107699114
33 0.1109437795
34 0.1111176476
35 0.1111752076
36 0.1112327676
37 0.1112903276
38 0.1113478876
39 0.1114054475
40 0.1114630075
41 0.1115205675
42 0.1115781275
43 0.1116356875
44 0.1116932475
45 0.1117508075
46 0.1118083674
47 0.1118659274
48 0.1119234874
49 0.1119810474
50 0.1120386074
51 0.1120961674
52 0.1121537274
53 0.1122112873
54 0.1122688473
55 0.1123264073
56 0.1123839673
57 0.1124415273
58 0.1124990873
59 0.1125566473
60 0.1126142072
61 0.1126717672
62 0.1127293272
63 0.1127868872
64 0.1128444472
65 0.1129020072
66 0.1129595671
67 0.1130171271
68 0.1130746871
69 0.1131322471
70 0.1131898071
71 0.1132473671
72 0.1133049271
73 0.113362487
74 0.113420047
75 0.113477607
76 0.113535167
77 0.113592727
78 0.113650287
79 0.113707847
80 0.1137654069
81 0.1138229669
82 0.1138805269
83 0.1139380869
84 0.1139956469
85 0.1140532069
86 0.1141107669
87 0.1141683268
88 0.1142258868
89 0.1142834468
90 0.1143410068
91 0.1143985668
92 0.1144561268
93 0.1145136868
94 0.1145712467
95 0.1146007239
96 0.1146302011
97 0.1146596783
98 0.1146891554
99 0.1147186326
100 0.1147481098
101 0.114777587
102 0.1148070642
103 0.1148365413
104 0.1148660185
105 0.1148954957
106 0.1149249729
107 0.11495445
108 0.1149839272
109 0.1150134044
110 0.1150428816
111 0.1150723587
112 0.1151018359
113 0.1151313131
114 0.1151607903
115 0.1151902674
116 0.1152197446
117 0.1152492218
118 0.115278699
119 0.1153081761
120 0.1153376533
121 0.1153671305
122 0.1153966077
123 0.1154260848
124 0.115455562
125 0.1154850392
126 0.1155145164
127 0.1155439935
128 0.1155734707
129 0.1156029479
130 0.1156324251
131 0.1156619022
132 0.1156913794
133 0.1157208566
134 0.1157503338
135 0.1157798109
136 0.1158092881
137 0.1158387653
138 0.1158682425
139 0.1158977197
140 0.1159271968
141 0.115956674
142 0.1159861512
143 0.1160156284
144 0.1160451055
145 0.1160745827
146 0.1161040599
147 0.1161335371
148 0.1161630142
149 0.1161924914
150 0.1162219686
151 0.1162514458
152 0.1162809229
153 0.1163104001
154 0.1163398773
155 0.1163693545
156 0.1163988316
157 0.1164283088
158 0.116457786
159 0.1164872632
160 0.1165167403
161 0.1165462175
162 0.1165756947
163 0.1166051719
164 0.116634649
165 0.1166641262
166 0.1166936034
167 0.1167230806
168 0.1167525577
169 0.1167820349
170 0.1168115121
171 0.1168409893
172 0.1168704664
173 0.1168999436
174 0.1169294208
175 0.116958898
176 0.1169883752
177 0.1170178523
178 0.1170473295
179 0.1170768067
180 0.1171062839
181 0.117135761
182 0.1171652382
183 0.1171947154
184 0.1172241926
185 0.1172536697
186 0.1172831469
187 0.1173126241
188 0.1173421013
189 0.1173673939
190 0.1173926864
191 0.117417979
192 0.1174432716
193 0.1174685642
194 0.1174938568
195 0.1175191494
196 0.117544442
197 0.1175697346
198 0.1175950272
199 0.1176203198
200 0.1176456124
201 0.1176709049
202 0.1176961975
203 0.1177214901
204 0.1177467827
205 0.1177720753
206 0.1177973679
207 0.1178226605
208 0.1178479531
209 0.1178732457
210 0.1178985383
211 0.1179238309
212 0.1179491234
213 0.117974416
214 0.1179997086
215 0.1180250012
216 0.1180502938
217 0.1180755864
218 0.118100879
219 0.1181261716
220 0.1181514642
221 0.1181767568
222 0.1182020494
223 0.1182273419
224 0.1182526345
225 0.1182779271
226 0.1183032197
227 0.1183285123
228 0.1183538049
229 0.1183790975
230 0.1184043901
231 0.1184296827
232 0.1184549753
233 0.1184802679
234 0.1185055604
235 0.118530853
236 0.1185561456
237 0.1185814382
238 0.1186067308
239 0.1186320234
240 0.118657316
241 0.1186826086
242 0.1187079012
243 0.1187331938
244 0.1187584864
245 0.1187837789
246 0.1188090715
247 0.1188343641
248 0.1188596567
249 0.1188849493
250 0.1189102419
251 0.1189355345
252 0.1189608271
253 0.1189861197
254 0.1190114123
255 0.1190367049
256 0.1190619974
257 0.11908729
258 0.1191125826
259 0.1191378752
260 0.1191631678
261 0.1191884604
262 0.119213753
263 0.1192390456
264 0.1192643382
265 0.1192896308
266 0.1193149234
267 0.1193402159
268 0.1193655085
269 0.1193908011
270 0.1194160937
271 0.1194413863
272 0.1194666789
273 0.1194919715
274 0.1195172641
275 0.1195425567
276 0.1195678493
277 0.1195869918
278 0.1196061343
279 0.1196252768
280 0.1196444192
281 0.1196635617
282 0.1196827042
283 0.1197018467
284 0.1197209892
285 0.1197401317
286 0.1197592742
287 0.1197784167
288 0.1197975592
289 0.1198167017
290 0.1198358442
291 0.1198549867
292 0.1198741292
293 0.1198932717
294 0.1199124142
295 0.1199315567
296 0.1199506992
297 0.1199698417
298 0.1199889842
299 0.1200081267
300 0.1200272692
301 0.1200464117
302 0.1200655541
303 0.1200846966
304 0.1201038391
305 0.1201229816
306 0.1201421241
307 0.1201612666
308 0.1201804091
309 0.1201995516
310 0.1202186941
311 0.1202378366
312 0.1202569791
313 0.1202761216
314 0.1202952641
315 0.1203144066
316 0.1203335491
317 0.1203526916
318 0.1203718341
319 0.1203909766
320 0.1204101191
321 0.1204292616
322 0.1204484041
323 0.1204675466
324 0.1204866891
325 0.1205058315
326 0.120524974
327 0.1205441165
328 0.120563259
329 0.1205824015
330 0.120601544
331 0.1206206865
332 0.120639829
333 0.1206589715
334 0.120678114
335 0.1206972565
336 0.120716399
337 0.1207355415
338 0.120754684
339 0.1207738265
340 0.120792969
341 0.1208121115
342 0.120831254
343 0.1208503965
344 0.120869539
345 0.1208886815
346 0.120907824
347 0.1209269664
348 0.1209461089
349 0.1209652514
350 0.1209843939
351 0.1210035364
352 0.1210226789
353 0.1210418214
354 0.1210609639
355 0.1210801064
356 0.1210992489
357 0.1211183914
358 0.1211375339
359 0.1211566764
360 0.1211758189
361 0.1211949614
362 0.1212141039
363 0.1212332464
364 0.1212523889
365 0.1212715314
366 0.1212906739
367 0.1213098164
368 0.1213148228
369 0.1213198293
370 0.1213248358
371 0.1213298423
372 0.1213348488
373 0.1213398553
374 0.1213448618
375 0.1213498682
376 0.1213548747
377 0.1213598812
378 0.1213648877
379 0.1213698942
380 0.1213749007
381 0.1213799072
382 0.1213849136
383 0.1213899201
384 0.1213949266
385 0.1213999331
386 0.1214049396
387 0.1214099461
388 0.1214149526
389 0.121419959
390 0.1214249655
391 0.121429972
392 0.1214349785
393 0.121439985
394 0.1214449915
395 0.121449998
396 0.1214550044
397 0.1214600109
398 0.1214650174
399 0.1214700239
400 0.1214750304
401 0.1214800369
402 0.1214850434
403 0.1214900498
404 0.1214950563
405 0.1215000628
406 0.1215050693
407 0.1215100758
408 0.1215150823
409 0.1215200888
410 0.1215250952
411 0.1215301017
412 0.1215351082
413 0.1215401147
414 0.1215451212
415 0.1215501277
416 0.1215551342
417 0.1215601406
418 0.1215651471
419 0.1215701536
420 0.1215751601
421 0.1215801666
422 0.1215851731
423 0.1215901796
424 0.121595186
425 0.1216001925
426 0.121605199
427 0.1216102055
428 0.121615212
429 0.1216202185
430 0.121625225
431 0.1216302314
432 0.1216352379
433 0.1216402444
434 0.1216452509
435 0.1216502574
436 0.1216552639
437 0.1216602704
438 0.1216652769
439 0.1216702833
440 0.1216752898
441 0.1216802963
442 0.1216853028
443 0.1216903093
444 0.1216953158
445 0.1217003223
446 0.1217053287
447 0.1217103352
448 0.1217153417
449 0.1217203482
450 0.1217253547
451 0.1217303612
452 0.1217353677
453 0.1217403741
454 0.1217453806
455 0.1217503871
456 0.1217553936
457 0.1217604001
458 0.1217654066
459 0.1217704131
460 0.1217754195
461 0.121780426
462 0.1217854325
463 0.121790439
464 0.1217954455
465 0.121800452
466 0.1218054585
467 0.1218104649
468 0.1218154714
469 0.1218204779
470 0.1218254844
471 0.1218304909
472 0.1218354974
473 0.1218405039
474 0.1218455103
475 0.1218505168
476 0.1218555233
477 0.1218605298
478 0.1218655363
479 0.1218705428
480 0.1218755493
481 0.1218805557
482 0.1218855622
483 0.1218905687
484 0.1218955752
485 0.1219005817
486 0.1219055882
487 0.1219105947
488 0.1219156011
489 0.1219206076
490 0.1219256141
491 0.1219306206
492 0.1219356271
493 0.1219406336
494 0.1219456401
495 0.1219506465
496 0.121955653
497 0.1219606595
498 0.121965666
499 0.1219706725
500 0.121975679
501 0.1219806855
502 0.1219856919
503 0.1219906984
504 0.1219957049
505 0.1220007114
506 0.1220057179
507 0.1220107244
508 0.1220157309
509 0.1220207373
510 0.1220257438
511 0.1220307503
512 0.1220357568
513 0.1220407633
514 0.1220457698
515 0.1220507763
516 0.1220557827
517 0.1220607892
518 0.1220657957
519 0.1220708022
520 0.1220758087
521 0.1220808152
522 0.1220858217
523 0.1220908281
524 0.1220958346
525 0.1221008411
526 0.1221058476
527 0.1221108541
528 0.1221158606
529 0.1221208671
530 0.1221258735
531 0.12213088
532 0.1221358865
533 0.122140893
534 0.1221458995
535 0.122150906
536 0.1221559125
537 0.1221609189
538 0.1221659254
539 0.1221709319
540 0.1221759384
541 0.1221809449
542 0.1221859514
543 0.1221909579
544 0.1221959643
545 0.1222009708
546 0.1222059773
547 0.1222109838
548 0.1222159903
549 0.1222209968
550 0.1222260033
551 0.1222310097
552 0.1222360162
553 0.1222316063
554 0.1222271964
555 0.1222227864
556 0.1222183765
557 0.1222139666
558 0.1222095566
559 0.1222051467
560 0.1222007368
561 0.1221963269
562 0.1221919169
563 0.122187507
564 0.1221830971
565 0.1221786871
566 0.1221742772
567 0.1221698673
568 0.1221654573
569 0.1221610474
570 0.1221566375
571 0.1221522275
572 0.1221478176
573 0.1221434077
574 0.1221389978
575 0.1221345878
576 0.1221301779
577 0.122125768
578 0.122121358
579 0.1221169481
580 0.1221125382
581 0.1221081282
582 0.1221037183
583 0.1220993084
584 0.1220948984
585 0.1220904885
586 0.1220860786
587 0.1220816687
588 0.1220772587
589 0.1220728488
590 0.1220684389
591 0.1220640289
592 0.122059619
593 0.1220552091
594 0.1220507991
595 0.1220463892
596 0.1220419793
597 0.1220375693
598 0.1220331594
599 0.1220287495
600 0.1220243396
601 0.1220199296
602 0.1220155197
603 0.1220111098
604 0.1220066998
605 0.1220022899
606 0.12199788
607 0.12199347
608 0.1219890601
609 0.1219846502
610 0.1219802402
611 0.1219758303
612 0.1219714204
613 0.1219670105
614 0.1219626005
615 0.1219581906
616 0.1219537807
617 0.1219493707
618 0.1219449608
619 0.1219405509
620 0.1219361409
621 0.121931731
622 0.1219273211
623 0.1219229111
624 0.1219185012
625 0.1219140913
626 0.1219096814
627 0.1219052714
628 0.1219008615
629 0.1218964516
630 0.1218920416
631 0.1218876317
632 0.1218832218
633 0.1218788118
634 0.1218744019
635 0.121869992
636 0.121865582
637 0.1218611721
638 0.1218567622
639 0.1218523523
640 0.1218479423
641 0.1218435324
642 0.1218391225
643 0.1218347125
644 0.1218303026
645 0.1218258927
646 0.1218214827
647 0.1218170728
648 0.1218126629
649 0.1218082529
650 0.121803843
651 0.1217994331
652 0.1217950232
653 0.1217906132
654 0.1217862033
655 0.1217817934
656 0.1217773834
657 0.1217729735
658 0.1217685636
659 0.1217641536
660 0.1217597437
661 0.1217553338
662 0.1217509238
663 0.1217465139
664 0.121742104
665 0.1217376941
666 0.1217332841
667 0.1217288742
668 0.1217244643
669 0.1217200543
670 0.1217156444
671 0.1217112345
672 0.1217068245
673 0.1217024146
674 0.1216980047
675 0.1216935947
676 0.1216891848
677 0.1216847749
678 0.1216803649
679 0.121675955
680 0.1216715451
681 0.1216671352
682 0.1216627252
683 0.1216583153
684 0.1216539054
685 0.1216494954
686 0.1216450855
687 0.1216406756
688 0.1216362656
689 0.1216318557
690 0.1216274458
691 0.1216230358
692 0.1216186259
693 0.121614216
694 0.1216098061
695 0.1216053961
696 0.1216009862
697 0.1215965763
698 0.1215921663
699 0.1215877564
700 0.1215833465
701 0.1215789365
702 0.1215745266
703 0.1215701167
704 0.1215657067
705 0.1215612968
706 0.1215568869
707 0.121552477
708 0.121548067
709 0.1215436571
710 0.1215392472
711 0.1215348372
712 0.1215304273
713 0.1215260174
714 0.1215216074
715 0.1215171975
716 0.1215127876
717 0.1215083776
718 0.1215039677
719 0.1214995578
720 0.1214951479
721 0.1214907379
722 0.121486328
723 0.1214819181
724 0.1214775081
725 0.1214730982
726 0.1214686883
727 0.1214642783
728 0.1214598684
729 0.1214554585
730 0.1214510485
731 0.1214466386
732 0.1214422287
733 0.1214378188
734 0.1214334088
735 0.1214289989
736 0.1214304432
737 0.1214318875
738 0.1214333317
739 0.121434776
740 0.1214362203
741 0.1214376646
742 0.1214391089
743 0.1214405531
744 0.1214419974
745 0.1214434417
746 0.121444886
747 0.1214463303
748 0.1214477746
749 0.1214492188
750 0.1214506631
751 0.1214521074
752 0.1214535517
753 0.121454996
754 0.1214564403
755 0.1214578845
756 0.1214593288
757 0.1214607731
758 0.1214622174
759 0.1214636617
760 0.1214651059
761 0.1214665502
762 0.1214679945
763 0.1214694388
764 0.1214708831
765 0.1214723274
766 0.1214737716
767 0.1214752159
768 0.1214766602
769 0.1214781045
770 0.1214795488
771 0.121480993
772 0.1214824373
773 0.1214838816
774 0.1214853259
775 0.1214867702
776 0.1214882145
777 0.1214896587
778 0.121491103
779 0.1214925473
780 0.1214939916
781 0.1214954359
782 0.1214968801
783 0.1214983244
784 0.1214997687
785 0.121501213
786 0.1215026573
787 0.1215041016
788 0.1215055458
789 0.1215069901
790 0.1215084344
791 0.1215098787
792 0.121511323
793 0.1215127672
794 0.1215142115
795 0.1215156558
796 0.1215171001
797 0.1215185444
798 0.1215199887
799 0.1215214329
800 0.1215228772
801 0.1215243215
802 0.1215257658
803 0.1215272101
804 0.1215286543
805 0.1215300986
806 0.1215315429
807 0.1215329872
808 0.1215344315
809 0.1215358758
810 0.12153732
811 0.1215387643
812 0.1215402086
813 0.1215416529
814 0.1215430972
815 0.1215445414
816 0.1215459857
817 0.12154743
818 0.1215488743
819 0.1215503186
820 0.1215517629
821 0.1215532071
822 0.1215546514
823 0.1215560957
824 0.12155754
825 0.1215589843
826 0.1215604285
827 0.1215618728
828 0.1215633171
829 0.1215647614
830 0.1215662057
831 0.12156765
832 0.1215690942
833 0.1215705385
834 0.1215719828
835 0.1215734271
836 0.1215748714
837 0.1215763156
838 0.1215777599
839 0.1215792042
840 0.1215806485
841 0.1215820928
842 0.1215835371
843 0.1215849813
844 0.1215864256
845 0.1215878699
846 0.1215893142
847 0.1215907585
848 0.1215922027
849 0.121593647
850 0.1215950913
851 0.1215965356
852 0.1215979799
853 0.1215994242
854 0.1216008684
855 0.1216023127
856 0.121603757
857 0.1216052013
858 0.1216066456
859 0.1216080898
860 0.1216095341
861 0.1216109784
862 0.1216124227
863 0.121613867
864 0.1216153113
865 0.1216167555
866 0.1216181998
867 0.1216196441
868 0.1216210884
869 0.1216225327
870 0.1216239769
871 0.1216254212
872 0.1216268655
873 0.1216283098
874 0.1216297541
875 0.1216311984
876 0.1216326426
877 0.1216340869
878 0.1216355312
879 0.1216369755
880 0.1216384198
881 0.121639864
882 0.1216413083
883 0.1216427526
884 0.1216441969
885 0.1216456412
886 0.1216470855
887 0.1216485297
888 0.121649974
889 0.1216514183
890 0.1216528626
891 0.1216543069
892 0.1216557511
893 0.1216571954
894 0.1216586397
895 0.121660084
896 0.1216615283
897 0.1216629726
898 0.1216644168
899 0.1216658611
900 0.1216673054
901 0.1216687497
902 0.121670194
903 0.1216716382
904 0.1216730825
905 0.1216745268
906 0.1216759711
907 0.1216774154
908 0.1216788597
909 0.1216803039
910 0.1216817482
911 0.1216831925
912 0.1216846368
913 0.1216860811
914 0.1216875253
915 0.1216889696
916 0.1216904139
917 0.1216918582
918 0.1216933025
919 0.1216947468
920 0.121696191
921 0.1216976353
922 0.1216990796
923 0.1217005239
924 0.1217019682
925 0.1217034124
926 0.1217048567
927 0.121706301
928 0.1217077453
929 0.1217091896
930 0.1217106339
931 0.1217120781
932 0.1217135224
933 0.1217149667
934 0.121716411
935 0.1217178553
936 0.1217192995
937 0.1217207438
938 0.1217221881
939 0.1217236324
940 0.1217250767
941 0.121726521
942 0.1217279652
943 0.1217294095
944 0.1217308538
945 0.1217322981
946 0.1217337424
947 0.1217351866
948 0.1217366309
949 0.1217380752
950 0.1217395195
951 0.1217409638
952 0.1217424081
953 0.1217438523
954 0.1217452966
955 0.1217467409
956 0.1217481852
957 0.1217496295
958 0.1217510737
959 0.121752518
960 0.1217539623
961 0.1217554066
962 0.1217568509
963 0.1217582952
964 0.1217597394
965 0.1217611837
966 0.121762628
967 0.1217640723
968 0.1217655166
969 0.1217669608
970 0.1217684051
971 0.1217698494
972 0.1217712937
973 0.121772738
974 0.1217741823
975 0.1217756265
976 0.1217770708
977 0.1217785151
978 0.1217799594
979 0.1217814037
980 0.121782848
981 0.1217842922
982 0.1217857365
983 0.1217871808
984 0.1217886251
985 0.1217900694
986 0.1217915136
987 0.1217929579
988 0.1217944022
989 0.1217958465
990 0.1217972908
991 0.1217987351
992 0.1218001793
993 0.1218016236
994 0.1218030679
995 0.1218045122
996 0.1218059565
997 0.1218074007
998 0.121808845
999 0.1218102893
1000 0.1218117336
1001 0.1218131779
1002 0.1218146222
1003 0.1218160664
1004 0.1218175107
1005 0.121818955
1006 0.1218203993
1007 0.1218218436
1008 0.1218232878
1009 0.1218247321
1010 0.1218261764
1011 0.1218276207
1012 0.121829065
1013 0.1218305093
1014 0.1218319535
1015 0.1218333978
1016 0.1218348421
1017 0.1218362864
1018 0.1218377307
1019 0.1218391749
1020 0.1218406192
1021 0.1218420635
1022 0.1218435078
1023 0.1218449521
1024 0.1218463964
1025 0.1218478406
1026 0.1218492849
1027 0.1218507292
1028 0.1218521735
1029 0.1218536178
1030 0.121855062
1031 0.1218565063
1032 0.1218579506
1033 0.1218593949
1034 0.1218608392
1035 0.1218622835
1036 0.1218637277
1037 0.121865172
1038 0.1218666163
1039 0.1218680606
1040 0.1218695049
1041 0.1218709491
1042 0.1218723934
1043 0.1218738377
1044 0.121875282
1045 0.1218767263
1046 0.1218781706
1047 0.1218796148
1048 0.1218810591
1049 0.1218825034
1050 0.1218839477
1051 0.121885392
1052 0.1218868362
1053 0.1218882805
1054 0.1218897248
1055 0.1218911691
1056 0.1218926134
1057 0.1218940577
1058 0.1218955019
1059 0.1218969462
1060 0.1218983905
1061 0.1218998348
1062 0.1219012791
1063 0.1219027233
1064 0.1219041676
1065 0.1219056119
1066 0.1219070562
1067 0.1219085005
1068 0.1219099448
1069 0.121911389
1070 0.1219128333
1071 0.1219142776
1072 0.1219157219
1073 0.1219171662
1074 0.1219186104
1075 0.1219200547
1076 0.121921499
1077 0.1219229433
1078 0.1219243876
1079 0.1219258319
1080 0.1219272761
1081 0.1219287204
1082 0.1219301647
1083 0.121931609
1084 0.1219330533
1085 0.1219344975
1086 0.1219359418
1087 0.1219373861
1088 0.1219388304
1089 0.1219402747
1090 0.121941719
1091 0.1219431632
1092 0.1219446075
1093 0.1219460518
1094 0.1219474961
1095 0.1219489404
1096 0.1219503846
1097 0.1219518289
1098 0.1219532732
1099 0.1219547175
1100 0.1219602582
1101 0.1219657989
1102 0.1219713397
1103 0.1219768804
1104 0.1219824211
1105 0.1219879618
1106 0.1219935025
1107 0.1219990433
1108 0.122004584
1109 0.1220101247
1110 0.1220156654
1111 0.1220212061
1112 0.1220267469
1113 0.1220322876
1114 0.1220378283
1115 0.122043369
1116 0.1220489097
1117 0.1220544505
1118 0.1220599912
1119 0.1220655319
1120 0.1220710726
1121 0.1220766133
1122 0.1220821541
1123 0.1220876948
1124 0.1220932355
1125 0.1220987762
1126 0.1221043169
1127 0.1221098577
1128 0.1221153984
1129 0.1221209391
1130 0.1221264798
1131 0.1221320205
1132 0.1221375613
1133 0.122143102
1134 0.1221486427
1135 0.1221541834
1136 0.1221597241
1137 0.1221652649
1138 0.1221708056
1139 0.1221763463
1140 0.122181887
1141 0.1221874277
1142 0.1221929685
1143 0.1221985092
1144 0.1222040499
1145 0.1222095906
1146 0.1222151313
1147 0.1222206721
1148 0.1222262128
1149 0.1222317535
1150 0.1222372942
1151 0.1222428349
1152 0.1222483757
1153 0.1222539164
1154 0.1222594571
1155 0.1222649978
1156 0.1222705385
1157 0.1222760793
1158 0.12228162
1159 0.1222871607
1160 0.1222927014
1161 0.1222982421
1162 0.1223037829
1163 0.1223093236
1164 0.1223148643
1165 0.122320405
1166 0.1223259457
1167 0.1223314865
1168 0.1223370272
1169 0.1223425679
1170 0.1223481086
1171 0.1223536493
1172 0.1223591901
1173 0.1223647308
1174 0.1223702715
1175 0.1223758122
1176 0.1223813529
1177 0.1223868937
1178 0.1223924344
1179 0.1223979751
1180 0.1224035158
1181 0.1224090565
1182 0.1224145973
1183 0.122420138
1184 0.1224256787
1185 0.1224312194
1186 0.1224367601
1187 0.1224423009
1188 0.1224478416
1189 0.1224533823
1190 0.122458923
1191 0.1224644637
1192 0.1224700045
1193 0.1224755452
1194 0.1224810859
1195 0.1224866266
1196 0.1224921673
1197 0.1224977081
1198 0.1225032488
1199 0.1225087895
1200 0.1225143302
1201 0.1225198709
1202 0.1225254117
1203 0.1225309524
1204 0.1225364931
1205 0.1225420338
1206 0.1225475745
1207 0.1225531153
1208 0.122558656
1209 0.1225641967
1210 0.1225697374
1211 0.1225752781
1212 0.1225808189
1213 0.1225863596
1214 0.1225919003
1215 0.122597441
1216 0.1226029817
1217 0.1226085225
1218 0.1226140632
1219 0.1226196039
1220 0.1226251446
1221 0.1226306853
1222 0.1226362261
1223 0.1226417668
1224 0.1226473075
1225 0.1226528482
1226 0.1226583889
1227 0.1226639297
1228 0.1226694704
1229 0.1226750111
1230 0.1226805518
1231 0.1226860925
1232 0.1226916333
1233 0.122697174
1234 0.1227027147
1235 0.1227082554
1236 0.1227137961
1237 0.1227193369
1238 0.1227248776
1239 0.1227304183
1240 0.122735959
1241 0.1227414997
1242 0.1227470405
1243 0.1227525812
1244 0.1227581219
1245 0.1227636626
1246 0.1227692033
1247 0.1227747441
1248 0.1227802848
1249 0.1227858255
1250 0.1227913662
1251 0.1227969069
1252 0.1228024477
1253 0.1228079884
1254 0.1228135291
1255 0.1228190698
1256 0.1228246105
1257 0.1228301513
1258 0.122835692
1259 0.1228412327
1260 0.1228467734
1261 0.1228523141
1262 0.1228578549
1263 0.1228633956
1264 0.1228689363
1265 0.122874477
1266 0.1228800177
1267 0.1228855585
1268 0.1228910992
1269 0.1228966399
1270 0.1229021806
1271 0.1229077213
1272 0.1229132621
1273 0.1229188028
1274 0.1229243435
1275 0.1229298842
1276 0.1229354249
1277 0.1229409657
1278 0.1229465064
1279 0.1229520471
1280 0.1229575878
1281 0.1229631285
1282 0.1229686693
1283 0.12297421
1284 0.1229797507
1285 0.1229852914
1286 0.1229908321
1287 0.1229963729
1288 0.1230019136
1289 0.1230074543
1290 0.123012995
1291 0.1230185357
1292 0.1230240765
1293 0.1230296172
1294 0.1230351579
1295 0.1230406986
1296 0.1230462393
1297 0.1230517801
1298 0.1230573208
1299 0.1230628615
1300 0.1230684022
1301 0.1230739429
1302 0.1230794837
1303 0.1230850244
1304 0.1230905651
1305 0.1230961058
1306 0.1231016465
1307 0.1231071873
1308 0.123112728
1309 0.1231182687
1310 0.1231238094
1311 0.1231293501
1312 0.1231348909
1313 0.1231404316
1314 0.1231459723
1315 0.123151513
1316 0.1231570537
1317 0.1231625945
1318 0.1231681352
1319 0.1231736759
1320 0.1231792166
1321 0.1231847573
1322 0.1231902981
1323 0.1231958388
1324 0.1232013795
1325 0.1232069202
1326 0.1232124609
1327 0.1232180017
1328 0.1232235424
1329 0.1232290831
1330 0.1232346238
1331 0.1232401645
1332 0.1232457053
1333 0.123251246
1334 0.1232567867
1335 0.1232623274
1336 0.1232678681
1337 0.1232734089
1338 0.1232789496
1339 0.1232844903
1340 0.123290031
1341 0.1232955717
1342 0.1233011125
1343 0.1233066532
1344 0.1233121939
1345 0.1233177346
1346 0.1233232753
1347 0.1233288161
1348 0.1233343568
1349 0.1233398975
1350 0.1233454382
1351 0.1233509789
1352 0.1233565197
1353 0.1233620604
1354 0.1233676011
1355 0.1233731418
1356 0.1233786825
1357 0.1233842233
1358 0.123389764
1359 0.1233953047
1360 0.1234008454
1361 0.1234063861
1362 0.1234119269
1363 0.1234174676
1364 0.1234230083
1365 0.123428549
1366 0.1234340897
1367 0.1234396305
1368 0.1234451712
1369 0.1234507119
1370 0.1234562526
1371 0.1234617933
1372 0.1234673341
1373 0.1234728748
1374 0.1234784155
1375 0.1234839562
1376 0.1234894969
1377 0.1234950377
1378 0.1235005784
1379 0.1235061191
1380 0.1235116598
1381 0.1235172005
1382 0.1235227413
1383 0.123528282
1384 0.1235338227
1385 0.1235393634
1386 0.1235449041
1387 0.1235504449
1388 0.1235559856
1389 0.1235615263
1390 0.123567067
1391 0.1235726077
1392 0.1235781485
1393 0.1235836892
1394 0.1235892299
1395 0.1235947706
1396 0.1236003113
1397 0.1236058521
1398 0.1236113928
1399 0.1236169335
1400 0.1236224742
1401 0.1236280149
1402 0.1236335557
1403 0.1236390964
1404 0.1236446371
1405 0.1236501778
1406 0.1236557185
1407 0.1236612593
1408 0.1236668
1409 0.1236723407
1410 0.1236778814
1411 0.1236834221
1412 0.1236889629
1413 0.1236945036
1414 0.1237000443
1415 0.123705585
1416 0.1237111257
1417 0.1237166665
1418 0.1237222072
1419 0.1237277479
1420 0.1237332886
1421 0.1237388293
1422 0.1237443701
1423 0.1237499108
1424 0.1237554515
1425 0.1237609922
1426 0.1237665329
1427 0.1237720737
1428 0.1237776144
1429 0.1237831551
1430 0.1237886958
1431 0.1237942365
1432 0.1237997773
1433 0.123805318
1434 0.1238108587
1435 0.1238163994
1436 0.1238219401
1437 0.1238274809
1438 0.1238330216
1439 0.1238385623
1440 0.123844103
1441 0.1238496437
1442 0.1238551845
1443 0.1238607252
1444 0.1238662659
1445 0.1238718066
1446 0.1238773473
1447 0.1238828881
1448 0.1238884288
1449 0.1238939695
1450 0.1238995102
1451 0.1239050509
1452 0.1239105917
1453 0.1239161324
1454 0.1239216731
1455 0.1239272138
1456 0.1239327545
1457 0.1239382953
1458 0.123943836
1459 0.1239493767
1460 0.1239549174
1461 0.1239604581
1462 0.1239659989
1463 0.1239715396
1464 0.1239840456
1465 0.1239965517
1466 0.1240090577
1467 0.1240215637
1468 0.1240340698
1469 0.1240465758
1470 0.1240590818
1471 0.1240715879
1472 0.1240840939
1473 0.1240965999
1474 0.124109106
1475 0.124121612
1476 0.1241341181
1477 0.1241466241
1478 0.1241591301
1479 0.1241716362
1480 0.1241841422
1481 0.1241966482
1482 0.1242091543
1483 0.1242216603
1484 0.1242341663
1485 0.1242466724
1486 0.1242591784
1487 0.1242716844
1488 0.1242841905
1489 0.1242966965
1490 0.1243092026
1491 0.1243217086
1492 0.1243342146
1493 0.1243467207
1494 0.1243592267
1495 0.1243717327
1496 0.1243842388
1497 0.1243967448
1498 0.1244092508
1499 0.1244217569
1500 0.1244342629
1501 0.124446769
1502 0.124459275
1503 0.124471781
1504 0.1244842871
1505 0.1244967931
1506 0.1245092991
1507 0.1245218052
1508 0.1245343112
1509 0.1245468172
1510 0.1245593233
1511 0.1245718293
1512 0.1245843354
1513 0.1245968414
1514 0.1246093474
1515 0.1246218535
1516 0.1246343595
1517 0.1246468655
1518 0.1246593716
1519 0.1246718776
1520 0.1246843836
1521 0.1246968897
1522 0.1247093957
1523 0.1247219017
1524 0.1247344078
1525 0.1247469138
1526 0.1247594199
1527 0.1247719259
1528 0.1247844319
1529 0.124796938
1530 0.124809444
1531 0.12482195
1532 0.1248344561
1533 0.1248469621
1534 0.1248594681
1535 0.1248719742
1536 0.1248844802
1537 0.1248969863
1538 0.1249094923
1539 0.1249219983
1540 0.1249345044
1541 0.1249470104
1542 0.1249595164
1543 0.1249720225
1544 0.1249845285
1545 0.1249970345
1546 0.1250095406
1547 0.1250220466
1548 0.1250345527
1549 0.1250470587
1550 0.1250595647
1551 0.1250720708
1552 0.1250845768
1553 0.1250970828
1554 0.1251095889
1555 0.1251220949
1556 0.1251346009
1557 0.125147107
1558 0.125159613
1559 0.125172119
1560 0.1251846251
1561 0.1251971311
1562 0.1252096372
1563 0.1252221432
1564 0.1252346492
1565 0.1252471553
1566 0.1252596613
1567 0.1252721673
1568 0.1252846734
1569 0.1252971794
1570 0.1253096854
1571 0.1253221915
1572 0.1253346975
1573 0.1253472036
1574 0.1253597096
1575 0.1253722156
1576 0.1253847217
1577 0.1253972277
1578 0.1254097337
1579 0.1254222398
1580 0.1254347458
1581 0.1254472518
1582 0.1254597579
1583 0.1254722639
1584 0.12548477
1585 0.125497276
1586 0.125509782
1587 0.1255222881
1588 0.1255347941
1589 0.1255473001
1590 0.1255598062
1591 0.1255723122
1592 0.1255848182
1593 0.1255973243
1594 0.1256098303
1595 0.1256223364
1596 0.1256348424
1597 0.1256473484
1598 0.1256598545
1599 0.1256723605
1600 0.1256848665
1601 0.1256973726
1602 0.1257098786
1603 0.1257223846
1604 0.1257348907
1605 0.1257473967
1606 0.1257599027
1607 0.1257724088
1608 0.1257849148
1609 0.1257974209
1610 0.1258099269
1611 0.1258224329
1612 0.125834939
1613 0.125847445
1614 0.125859951
1615 0.1258724571
1616 0.1258849631
1617 0.1258974691
1618 0.1259099752
1619 0.1259224812
1620 0.1259349873
1621 0.1259474933
1622 0.1259599993
1623 0.1259725054
1624 0.1259850114
1625 0.1259975174
1626 0.1260100235
1627 0.1260225295
1628 0.1260350355
1629 0.1260475416
1630 0.1260600476
1631 0.1260725537
1632 0.1260850597
1633 0.1260975657
1634 0.1261100718
1635 0.1261225778
1636 0.1261350838
1637 0.1261475899
1638 0.1261600959
1639 0.1261726019
1640 0.126185108
1641 0.126197614
1642 0.12621012
1643 0.1262226261
1644 0.1262351321
1645 0.1262476382
1646 0.1262601442
1647 0.1262726502
1648 0.1262851563
1649 0.1262976623
1650 0.1263101683
1651 0.1263226744
1652 0.1263351804
1653 0.1263476864
1654 0.1263601925
1655 0.1263726985
1656 0.1263852046
1657 0.1263977106
1658 0.1264102166
1659 0.1264227227
1660 0.1264352287
1661 0.1264477347
1662 0.1264602408
1663 0.1264727468
1664 0.1264852528
1665 0.1264977589
1666 0.1265102649
1667 0.126522771
1668 0.126535277
1669 0.126547783
1670 0.1265602891
1671 0.1265727951
1672 0.1265853011
1673 0.1265978072
1674 0.1266103132
1675 0.1266228192
1676 0.1266353253
1677 0.1266478313
1678 0.1266603373
1679 0.1266728434
1680 0.1266853494
1681 0.1266978555
1682 0.1267103615
1683 0.1267228675
1684 0.1267353736
1685 0.1267478796
1686 0.1267603856
1687 0.1267728917
1688 0.1267853977
1689 0.1267979037
1690 0.1268104098
1691 0.1268229158
1692 0.1268354219
1693 0.1268479279
1694 0.1268604339
1695 0.12687294
1696 0.126885446
1697 0.126897952
1698 0.1269104581
1699 0.1269229641
1700 0.1269354701
1701 0.1269479762
1702 0.1269604822
1703 0.1269729883
1704 0.1269854943
1705 0.1269980003
1706 0.1270105064
1707 0.1270230124
1708 0.1270355184
1709 0.1270480245
1710 0.1270605305
1711 0.1270730365
1712 0.1270855426
1713 0.1270980486
1714 0.1271105546
1715 0.1271230607
1716 0.1271355667
1717 0.1271480728
1718 0.1271605788
1719 0.1271730848
1720 0.1271855909
1721 0.1271980969
1722 0.1272106029
1723 0.127223109
1724 0.127235615
1725 0.127248121
1726 0.1272606271
1727 0.1272731331
1728 0.1272856392
1729 0.1272981452
1730 0.1273106512
1731 0.1273231573
1732 0.1273356633
1733 0.1273481693
1734 0.1273606754
1735 0.1273731814
1736 0.1273856874
1737 0.1273981935
1738 0.1274106995
1739 0.1274232056
1740 0.1274357116
1741 0.1274482176
1742 0.1274607237
1743 0.1274732297
1744 0.1274857357
1745 0.1274982418
1746 0.1275107478
1747 0.1275232538
1748 0.1275357599
1749 0.1275482659
1750 0.1275607719
1751 0.127573278
1752 0.127585784
1753 0.1275982901
1754 0.1276107961
1755 0.1276233021
1756 0.1276358082
1757 0.1276483142
1758 0.1276608202
1759 0.1276733263
1760 0.1276858323
1761 0.1276983383
1762 0.1277108444
1763 0.1277233504
1764 0.1277358565
1765 0.1277483625
1766 0.1277608685
1767 0.1277733746
1768 0.1277858806
1769 0.1277983866
1770 0.1278108927
1771 0.1278233987
1772 0.1278359047
1773 0.1278484108
1774 0.1278609168
1775 0.1278734229
1776 0.1278859289
1777 0.1278984349
1778 0.127910941
1779 0.127923447
1780 0.127935953
1781 0.1279484591
1782 0.1279609651
1783 0.1279734711
1784 0.1279859772
1785 0.1279984832
1786 0.1280109892
1787 0.1280234953
1788 0.1280360013
1789 0.1280485074
1790 0.1280610134
1791 0.1280735194
1792 0.1280860255
1793 0.1280985315
1794 0.1281110375
1795 0.1281235436
1796 0.1281360496
1797 0.1281485556
1798 0.1281610617
1799 0.1281735677
1800 0.1281860738
1801 0.1281985798
1802 0.1282110858
1803 0.1282235919
1804 0.1282360979
1805 0.1282486039
1806 0.12826111
1807 0.128273616
1808 0.128286122
1809 0.1282986281
1810 0.1283111341
1811 0.1283236402
1812 0.1283361462
1813 0.1283486522
1814 0.1283611583
1815 0.1283736643
1816 0.1283861703
1817 0.1283986764
1818 0.1284111824
1819 0.1284236884
1820 0.1284361945
1821 0.1284487005
1822 0.1284612065
1823 0.1284737126
1824 0.1284862186
1825 0.1284987247
1826 0.1285112307
1827 0.1285237367
1828 0.1285362428
1829 0.128551403
1830 0.1285665632
1831 0.1285817234
1832 0.1285968836
1833 0.1286120439
1834 0.1286272041
1835 0.1286423643
1836 0.1286575245
1837 0.1286726847
1838 0.1286878449
1839 0.1287030052
1840 0.1287181654
1841 0.1287333256
1842 0.1287484858
1843 0.128763646
1844 0.1287788063
1845 0.1287939665
1846 0.1288091267
1847 0.1288242869
1848 0.1288394471
1849 0.1288546073
1850 0.1288697676
1851 0.1288849278
1852 0.128900088
1853 0.1289152482
1854 0.1289304084
1855 0.1289455686
1856 0.1289607289
1857 0.1289758891
1858 0.1289910493
1859 0.1290062095
1860 0.1290213697
1861 0.12903653
1862 0.1290516902
1863 0.1290668504
1864 0.1290820106
1865 0.1290971708
1866 0.129112331
1867 0.1291274913
1868 0.1291426515
1869 0.1291578117
1870 0.1291729719
1871 0.1291881321
1872 0.1292032923
1873 0.1292184526
1874 0.1292336128
1875 0.129248773
1876 0.1292639332
1877 0.1292790934
1878 0.1292942537
1879 0.1293094139
1880 0.1293245741
1881 0.1293397343
1882 0.1293548945
1883 0.1293700547
1884 0.129385215
1885 0.1294003752
1886 0.1294155354
1887 0.1294306956
1888 0.1294458558
1889 0.1294610161
1890 0.1294761763
1891 0.1294913365
1892 0.1295064967
1893 0.1295216569
1894 0.1295368171
1895 0.1295519774
1896 0.1295671376
1897 0.1295822978
1898 0.129597458
1899 0.1296126182
1900 0.1296277784
1901 0.1296429387
1902 0.1296580989
1903 0.1296732591
1904 0.1296884193
1905 0.1297035795
1906 0.1297187398
1907 0.1297339
1908 0.1297490602
1909 0.1297642204
1910 0.1297793806
1911 0.1297945408
1912 0.1298097011
1913 0.1298248613
1914 0.1298400215
1915 0.1298551817
1916 0.1298703419
1917 0.1298855022
1918 0.1299006624
1919 0.1299158226
1920 0.1299309828
1921 0.129946143
1922 0.1299613032
1923 0.1299764635
1924 0.1299916237
1925 0.1300067839
1926 0.1300219441
1927 0.1300371043
1928 0.1300522645
1929 0.1300674248
1930 0.130082585
1931 0.1300977452
1932 0.1301129054
1933 0.1301280656
1934 0.1301432259
1935 0.1301583861
1936 0.1301735463
1937 0.1301887065
1938 0.1302038667
1939 0.1302190269
1940 0.1302341872
1941 0.1302493474
1942 0.1302645076
1943 0.1302796678
1944 0.130294828
1945 0.1303099882
1946 0.1303251485
1947 0.1303403087
1948 0.1303554689
1949 0.1303706291
1950 0.1303857893
1951 0.1304009496
1952 0.1304161098
1953 0.13043127
1954 0.1304464302
1955 0.1304615904
1956 0.1304767506
1957 0.1304919109
1958 0.1305070711
1959 0.1305222313
1960 0.1305373915
1961 0.1305525517
1962 0.130567712
1963 0.1305828722
1964 0.1305980324
1965 0.1306131926
1966 0.1306283528
1967 0.130643513
1968 0.1306586733
1969 0.1306738335
1970 0.1306889937
1971 0.1307041539
1972 0.1307193141
1973 0.1307344743
1974 0.1307496346
1975 0.1307647948
1976 0.130779955
1977 0.1307951152
1978 0.1308102754
1979 0.1308254357
1980 0.1308405959
1981 0.1308557561
1982 0.1308709163
1983 0.1308860765
1984 0.1309012367
1985 0.130916397
1986 0.1309315572
1987 0.1309467174
1988 0.1309618776
1989 0.1309770378
1990 0.1309921981
1991 0.1310073583
1992 0.1310225185
1993 0.1310376787
1994 0.1310528389
1995 0.1310679991
1996 0.1310831594
1997 0.1310983196
1998 0.1311134798
1999 0.13112864
2000 0.1311438002
2001 0.1311589604
2002 0.1311741207
2003 0.1311892809
2004 0.1312044411
2005 0.1312196013
2006 0.1312347615
2007 0.1312499218
2008 0.131265082
2009 0.1312802422
2010 0.1312954024
2011 0.1313105626
2012 0.1313257228
2013 0.1313408831
2014 0.1313560433
2015 0.1313712035
2016 0.1313863637
2017 0.1314015239
2018 0.1314166842
2019 0.1314318444
2020 0.1314470046
2021 0.1314621648
2022 0.131477325
2023 0.1314924852
2024 0.1315076455
2025 0.1315228057
2026 0.1315379659
2027 0.1315531261
2028 0.1315682863
2029 0.1315834465
2030 0.1315986068
2031 0.131613767
2032 0.1316289272
2033 0.1316440874
2034 0.1316592476
2035 0.1316744079
2036 0.1316895681
2037 0.1317047283
2038 0.1317198885
2039 0.1317350487
2040 0.1317502089
2041 0.1317653692
2042 0.1317805294
2043 0.1317956896
2044 0.1318108498
2045 0.13182601
2046 0.1318411702
2047 0.1318563305
2048 0.1318714907
2049 0.1318866509
2050 0.1319018111
2051 0.1319169713
2052 0.1319321316
2053 0.1319472918
2054 0.131962452
2055 0.1319776122
2056 0.1319927724
2057 0.1320079326
2058 0.1320230929
2059 0.1320382531
2060 0.1320534133
2061 0.1320685735
2062 0.1320837337
2063 0.132098894
2064 0.1321140542
2065 0.1321292144
2066 0.1321443746
2067 0.1321595348
2068 0.132174695
2069 0.1321898553
2070 0.1322050155
2071 0.1322201757
2072 0.1322353359
2073 0.1322504961
2074 0.1322656563
2075 0.1322808166
2076 0.1322959768
2077 0.132311137
2078 0.1323262972
2079 0.1323414574
2080 0.1323566177
2081 0.1323717779
2082 0.1323869381
2083 0.1324020983
2084 0.1324172585
2085 0.1324324187
2086 0.132447579
2087 0.1324627392
2088 0.1324778994
2089 0.1324930596
2090 0.1325082198
2091 0.1325233801
2092 0.1325385403
2093 0.1325537005
2094 0.1325688607
2095 0.1325840209
2096 0.1325991811
2097 0.1326143414
2098 0.1326295016
2099 0.1326446618
2100 0.132659822
2101 0.1326749822
2102 0.1326901424
2103 0.1327053027
2104 0.1327204629
2105 0.1327356231
2106 0.1327507833
2107 0.1327659435
2108 0.1327811038
2109 0.132796264
2110 0.1328114242
2111 0.1328265844
2112 0.1328417446
2113 0.1328569048
2114 0.1328720651
2115 0.1328872253
2116 0.1329023855
2117 0.1329175457
2118 0.1329327059
2119 0.1329478662
2120 0.1329630264
2121 0.1329781866
2122 0.1329933468
2123 0.133008507
2124 0.1330236672
2125 0.1330388275
2126 0.1330539877
2127 0.1330691479
2128 0.1330843081
2129 0.1330994683
2130 0.1331146285
2131 0.1331297888
2132 0.133144949
2133 0.1331601092
2134 0.1331752694
2135 0.1331904296
2136 0.1332055899
2137 0.1332207501
2138 0.1332359103
2139 0.1332510705
2140 0.1332662307
2141 0.1332813909
2142 0.1332965512
2143 0.1333117114
2144 0.1333268716
2145 0.1333420318
2146 0.133357192
2147 0.1333723522
2148 0.1333875125
2149 0.1334026727
2150 0.1334178329
2151 0.1334329931
2152 0.1334481533
2153 0.1334633136
2154 0.1334784738
2155 0.133493634
2156 0.1335087942
2157 0.1335239544
2158 0.1335391146
2159 0.1335542749
2160 0.1335694351
2161 0.1335845953
2162 0.1335997555
2163 0.1336149157
2164 0.133630076
2165 0.1336452362
2166 0.1336603964
2167 0.1336755566
2168 0.1336907168
2169 0.133705877
2170 0.1337210373
2171 0.1337361975
2172 0.1337513577
2173 0.1337665179
2174 0.1337816781
2175 0.1337968383
2176 0.1338119986
2177 0.1338271588
2178 0.133842319
2179 0.1338574792
2180 0.1338726394
2181 0.1338877997
2182 0.1339029599
2183 0.1339181201
2184 0.1339332803
2185 0.1339484405
2186 0.1339636007
2187 0.133978761
2188 0.1339939212
2189 0.1340090814
2190 0.1340242416
2191 0.1340394018
2192 0.1340545621
2193 0.1340697223
2194 0.1340848825
2195 0.1341033636
2196 0.1341218448
2197 0.1341403259
2198 0.1341588071
2199 0.1341772882
2200 0.1341957694
2201 0.1342142505
2202 0.1342327317
2203 0.1342512128
2204 0.134269694
2205 0.1342881751
2206 0.1343066563
2207 0.1343251374
2208 0.1343436186
2209 0.1343620997
2210 0.1343805809
2211 0.134399062
2212 0.1344175432
2213 0.1344360244
2214 0.1344545055
2215 0.1344729867
2216 0.1344914678
2217 0.134509949
2218 0.1345284301
2219 0.1345469113
2220 0.1345653924
2221 0.1345838736
2222 0.1346023547
2223 0.1346208359
2224 0.134639317
2225 0.1346577982
2226 0.1346762793
2227 0.1346947605
2228 0.1347132416
2229 0.1347317228
2230 0.1347502039
2231 0.1347686851
2232 0.1347871662
2233 0.1348056474
2234 0.1348241285
2235 0.1348426097
2236 0.1348610908
2237 0.134879572
2238 0.1348980531
2239 0.1349165343
2240 0.1349350154
2241 0.1349534966
2242 0.1349719777
2243 0.1349904589
2244 0.13500894
2245 0.1350274212
2246 0.1350459023
2247 0.1350643835
2248 0.1350828646
2249 0.1351013458
2250 0.1351198269
2251 0.1351383081
2252 0.1351567892
2253 0.1351752704
2254 0.1351937515
2255 0.1352122327
2256 0.1352307138
2257 0.135249195
2258 0.1352676761
2259 0.1352861573
2260 0.1353046384
2261 0.1353231196
2262 0.1353416007
2263 0.1353600819
2264 0.135378563
2265 0.1353970442
2266 0.1354155253
2267 0.1354340065
2268 0.1354524876
2269 0.1354709688
2270 0.1354894499
2271 0.1355079311
2272 0.1355264122
2273 0.1355448934
2274 0.1355633745
2275 0.1355818557
2276 0.1356003368
2277 0.135618818
2278 0.1356372991
2279 0.1356557803
2280 0.1356742615
2281 0.1356927426
2282 0.1357112238
2283 0.1357297049
2284 0.1357481861
2285 0.1357666672
2286 0.1357851484
2287 0.1358036295
2288 0.1358221107
2289 0.1358405918
2290 0.135859073
2291 0.1358775541
2292 0.1358960353
2293 0.1359145164
2294 0.1359329976
2295 0.1359514787
2296 0.1359699599
2297 0.135988441
2298 0.1360069222
2299 0.1360254033
2300 0.1360438845
2301 0.1360623656
2302 0.1360808468
2303 0.1360993279
2304 0.1361178091
2305 0.1361362902
2306 0.1361547714
2307 0.1361732525
2308 0.1361917337
2309 0.1362102148
2310 0.136228696
2311 0.1362471771
2312 0.1362656583
2313 0.1362841394
2314 0.1363026206
2315 0.1363211017
2316 0.1363395829
2317 0.136358064
2318 0.1363765452
2319 0.1363950263
2320 0.1364135075
2321 0.1364319886
2322 0.1364504698
2323 0.1364689509
2324 0.1364874321
2325 0.1365059132
2326 0.1365243944
2327 0.1365428755
2328 0.1365613567
2329 0.1365798378
2330 0.136598319
2331 0.1366168001
2332 0.1366352813
2333 0.1366537624
2334 0.1366722436
2335 0.1366907247
2336 0.1367092059
2337 0.136727687
2338 0.1367461682
2339 0.1367646493
2340 0.1367831305
2341 0.1368016116
2342 0.1368200928
2343 0.1368385739
2344 0.1368570551
2345 0.1368755362
2346 0.1368940174
2347 0.1369124985
2348 0.1369309797
2349 0.1369494609
2350 0.136967942
2351 0.1369864232
2352 0.1370049043
2353 0.1370233855
2354 0.1370418666
2355 0.1370603478
2356 0.1370788289
2357 0.1370973101
2358 0.1371157912
2359 0.1371342724
2360 0.1371527535
2361 0.1371712347
2362 0.1371897158
2363 0.137208197
2364 0.1372266781
2365 0.1372451593
2366 0.1372636404
2367 0.1372821216
2368 0.1373006027
2369 0.1373190839
2370 0.137337565
2371 0.1373560462
2372 0.1373745273
2373 0.1373930085
2374 0.1374114896
2375 0.1374299708
2376 0.1374484519
2377 0.1374669331
2378 0.1374854142
2379 0.1375038954
2380 0.1375223765
2381 0.1375408577
2382 0.1375593388
2383 0.13757782
2384 0.1375963011
2385 0.1376147823
2386 0.1376332634
2387 0.1376517446
2388 0.1376702257
2389 0.1376887069
2390 0.137707188
2391 0.1377256692
2392 0.1377441503
2393 0.1377626315
2394 0.1377811126
2395 0.1377995938
2396 0.1378180749
2397 0.1378365561
2398 0.1378550372
2399 0.1378735184
2400 0.1378919995
2401 0.1379104807
2402 0.1379289618
2403 0.137947443
2404 0.1379659241
2405 0.1379844053
2406 0.1380028864
2407 0.1380213676
2408 0.1380398487
2409 0.1380583299
2410 0.138076811
2411 0.1380952922
2412 0.1381137733
2413 0.1381322545
2414 0.1381507356
2415 0.1381692168
2416 0.138187698
2417 0.1382061791
2418 0.1382246603
2419 0.1382431414
2420 0.1382616226
2421 0.1382801037
2422 0.1382985849
2423 0.138317066
2424 0.1383355472
2425 0.1383540283
2426 0.1383725095
2427 0.1383909906
2428 0.1384094718
2429 0.1384279529
2430 0.1384464341
2431 0.1384649152
2432 0.1384833964
2433 0.1385018775
2434 0.1385203587
2435 0.1385388398
2436 0.138557321
2437 0.1385758021
2438 0.1385942833
2439 0.1386127644
2440 0.1386312456
2441 0.1386497267
2442 0.1386682079
2443 0.138686689
2444 0.1387051702
2445 0.1387236513
2446 0.1387421325
2447 0.1387606136
2448 0.1387790948
2449 0.1387975759
2450 0.1388160571
2451 0.1388345382
2452 0.1388530194
2453 0.1388715005
2454 0.1388899817
2455 0.1389084628
2456 0.138926944
2457 0.1389454251
2458 0.1389639063
2459 0.1389823874
2460 0.1390008686
2461 0.1390193497
2462 0.1390378309
2463 0.139056312
2464 0.1390747932
2465 0.1390932743
2466 0.1391117555
2467 0.1391302366
2468 0.1391487178
2469 0.1391671989
2470 0.1391856801
2471 0.1392041612
2472 0.1392226424
2473 0.1392411235
2474 0.1392596047
2475 0.1392780858
2476 0.139296567
2477 0.1393150481
2478 0.1393335293
2479 0.1393520104
2480 0.1393704916
2481 0.1393889727
2482 0.1394074539
2483 0.139425935
2484 0.1394444162
2485 0.1394628974
2486 0.1394813785
2487 0.1394998597
2488 0.1395183408
2489 0.139536822
2490 0.1395553031
2491 0.1395737843
2492 0.1395922654
2493 0.1396107466
2494 0.1396292277
2495 0.1396477089
2496 0.13966619
2497 0.1396846712
2498 0.1397031523
2499 0.1397216335
2500 0.1397401146
2501 0.1397585958
2502 0.1397770769
2503 0.1397955581
2504 0.1398140392
2505 0.1398325204
2506 0.1398510015
2507 0.1398694827
2508 0.1398879638
2509 0.139906445
2510 0.1399249261
2511 0.1399434073
2512 0.1399618884
2513 0.1399803696
2514 0.1399988507
2515 0.1400173319
2516 0.140035813
2517 0.1400542942
2518 0.1400727753
2519 0.1400912565
2520 0.1401097376
2521 0.1401282188
2522 0.1401466999
2523 0.1401651811
2524 0.1401836622
2525 0.1402021434
2526 0.1402206245
2527 0.1402391057
2528 0.1402575868
2529 0.140276068
2530 0.1402945491
2531 0.1403130303
2532 0.1403315114
2533 0.1403499926
2534 0.1403684737
2535 0.1403869549
2536 0.140405436
2537 0.1404239172
2538 0.1404423983
2539 0.1404608795
2540 0.1404793606
2541 0.1404978418
2542 0.1405163229
2543 0.1405348041
2544 0.1405532852
2545 0.1405717664
2546 0.1405902475
2547 0.1406087287
2548 0.1406272098
2549 0.140645691
2550 0.1406641721
2551 0.1406826533
2552 0.1407011345
2553 0.1407196156
2554 0.1407380968
2555 0.1407565779
2556 0.1407750591
2557 0.1407935402
2558 0.1408120214
2559 0.1408305025
2560 0.1408489837
2561 0.1408674648
2562 0.140885946
2563 0.1409059359
2564 0.1409259259
2565 0.1409459159
2566 0.1409659058
2567 0.1409858958
2568 0.1410058858
2569 0.1410258758
2570 0.1410458657
2571 0.1410658557
2572 0.1410858457
2573 0.1411058357
2574 0.1411258256
2575 0.1411458156
2576 0.1411658056
2577 0.1411857956
2578 0.1412057855
2579 0.1412257755
2580 0.1412457655
2581 0.1412657554
2582 0.1412857454
2583 0.1413057354
2584 0.1413257254
2585 0.1413457153
2586 0.1413657053
2587 0.1413856953
2588 0.1414056853
2589 0.1414256752
2590 0.1414456652
2591 0.1414656552
2592 0.1414856451
2593 0.1415056351
2594 0.1415256251
2595 0.1415456151
2596 0.141565605
2597 0.141585595
2598 0.141605585
2599 0.141625575
2600 0.1416455649
2601 0.1416655549
2602 0.1416855449
2603 0.1417055348
2604 0.1417255248
2605 0.1417455148
2606 0.1417655048
2607 0.1417854947
2608 0.1418054847
2609 0.1418254747
2610 0.1418454647
2611 0.1418654546
2612 0.1418854446
2613 0.1419054346
2614 0.1419254245
2615 0.1419454145
2616 0.1419654045
2617 0.1419853945
2618 0.1420053844
2619 0.1420253744
2620 0.1420453644
2621 0.1420653544
2622 0.1420853443
2623 0.1421053343
2624 0.1421253243
2625 0.1421453142
2626 0.1421653042
2627 0.1421852942
2628 0.1422052842
2629 0.1422252741
2630 0.1422452641
2631 0.1422652541
2632 0.1422852441
2633 0.142305234
2634 0.142325224
2635 0.142345214
2636 0.142365204
2637 0.1423851939
2638 0.1424051839
2639 0.1424251739
2640 0.1424451638
2641 0.1424651538
2642 0.1424851438
2643 0.1425051338
2644 0.1425251237
2645 0.1425451137
2646 0.1425651037
2647 0.1425850937
2648 0.1426050836
2649 0.1426250736
2650 0.1426450636
2651 0.1426650535
2652 0.1426850435
2653 0.1427050335
2654 0.1427250235
2655 0.1427450134
2656 0.1427650034
2657 0.1427849934
2658 0.1428049834
2659 0.1428249733
2660 0.1428449633
2661 0.1428649533
2662 0.1428849432
2663 0.1429049332
2664 0.1429249232
2665 0.1429449132
2666 0.1429649031
2667 0.1429848931
2668 0.1430048831
2669 0.1430248731
2670 0.143044863
2671 0.143064853
2672 0.143084843
2673 0.1431048329
2674 0.1431248229
2675 0.1431448129
2676 0.1431648029
2677 0.1431847928
2678 0.1432047828
2679 0.1432247728
2680 0.1432447628
2681 0.1432647527
2682 0.1432847427
2683 0.1433047327
2684 0.1433247226
2685 0.1433447126
2686 0.1433647026
2687 0.1433846926
2688 0.1434046825
2689 0.1434246725
2690 0.1434446625
2691 0.1434646525
2692 0.1434846424
2693 0.1435046324
2694 0.1435246224
2695 0.1435446124
2696 0.1435646023
2697 0.1435845923
2698 0.1436045823
2699 0.1436245722
2700 0.1436445622
2701 0.1436645522
2702 0.1436845422
2703 0.1437045321
2704 0.1437245221
2705 0.1437445121
2706 0.1437645021
2707 0.143784492
2708 0.143804482
2709 0.143824472
2710 0.1438444619
2711 0.1438644519
2712 0.1438844419
2713 0.1439044319
2714 0.1439244218
2715 0.1439444118
2716 0.1439644018
2717 0.1439843918
2718 0.1440043817
2719 0.1440243717
2720 0.1440443617
2721 0.1440643516
2722 0.1440843416
2723 0.1441043316
2724 0.1441243216
2725 0.1441443115
2726 0.1441643015
2727 0.1441842915
2728 0.1442042815
2729 0.1442242714
2730 0.1442442614
2731 0.1442642514
2732 0.1442842413
2733 0.1443042313
2734 0.1443242213
2735 0.1443442113
2736 0.1443642012
2737 0.1443841912
2738 0.1444041812
2739 0.1444241712
2740 0.1444441611
2741 0.1444641511
2742 0.1444841411
2743 0.144504131
2744 0.144524121
2745 0.144544111
2746 0.144564101
2747 0.1445840909
2748 0.1446040809
2749 0.1446240709
2750 0.1446440609
2751 0.1446640508
2752 0.1446840408
2753 0.1447040308
2754 0.1447240207
2755 0.1447440107
2756 0.1447640007
2757 0.1447839907
2758 0.1448039806
2759 0.1448239706
2760 0.1448439606
2761 0.1448639506
2762 0.1448839405
2763 0.1449039305
2764 0.1449239205
2765 0.1449439105
2766 0.1449639004
2767 0.1449838904
2768 0.1450038804
2769 0.1450238703
2770 0.1450438603
2771 0.1450638503
2772 0.1450838403
2773 0.1451038302
2774 0.1451238202
2775 0.1451438102
2776 0.1451638002
2777 0.1451837901
2778 0.1452037801
2779 0.1452237701
2780 0.14524376
2781 0.14526375
2782 0.14528374
2783 0.14530373
2784 0.1453237199
2785 0.1453437099
2786 0.1453636999
2787 0.1453836899
2788 0.1454036798
2789 0.1454236698
2790 0.1454436598
2791 0.1454636497
2792 0.1454836397
2793 0.1455036297
2794 0.1455236197
2795 0.1455436096
2796 0.1455635996
2797 0.1455835896
2798 0.1456035796
2799 0.1456235695
2800 0.1456435595
2801 0.1456635495
2802 0.1456835394
2803 0.1457035294
2804 0.1457235194
2805 0.1457435094
2806 0.1457634993
2807 0.1457834893
2808 0.1458034793
2809 0.1458234693
2810 0.1458434592
2811 0.1458634492
2812 0.1458834392
2813 0.1459034291
2814 0.1459234191
2815 0.1459434091
2816 0.1459633991
2817 0.145983389
2818 0.146003379
2819 0.146023369
2820 0.146043359
2821 0.1460633489
2822 0.1460833389
2823 0.1461033289
2824 0.1461233189
2825 0.1461433088
2826 0.1461632988
2827 0.1461832888
2828 0.1462032787
2829 0.1462232687
2830 0.1462432587
2831 0.1462632487
2832 0.1462832386
2833 0.1463032286
2834 0.1463232186
2835 0.1463432086
2836 0.1463631985
2837 0.1463831885
2838 0.1464031785
2839 0.1464231684
2840 0.1464431584
2841 0.1464631484
2842 0.1464831384
2843 0.1465031283
2844 0.1465231183
2845 0.1465431083
2846 0.1465630983
2847 0.1465830882
2848 0.1466030782
2849 0.1466230682
2850 0.1466430581
2851 0.1466630481
2852 0.1466830381
2853 0.1467030281
2854 0.146723018
2855 0.146743008
2856 0.146762998
2857 0.146782988
2858 0.1468029779
2859 0.1468229679
2860 0.1468429579
2861 0.1468629478
2862 0.1468829378
2863 0.1469029278
2864 0.1469229178
2865 0.1469429077
2866 0.1469628977
2867 0.1469828877
2868 0.1470028777
2869 0.1470228676
2870 0.1470428576
2871 0.1470628476
2872 0.1470828375
2873 0.1471028275
2874 0.1471228175
2875 0.1471428075
2876 0.1471627974
2877 0.1471827874
2878 0.1472027774
2879 0.1472227674
2880 0.1472427573
2881 0.1472627473
2882 0.1472827373
2883 0.1473027273
2884 0.1473227172
2885 0.1473427072
2886 0.1473626972
2887 0.1473826871
2888 0.1474026771
2889 0.1474226671
2890 0.1474426571
2891 0.147462647
2892 0.147482637
2893 0.147502627
2894 0.147522617
2895 0.1475426069
2896 0.1475625969
2897 0.1475825869
2898 0.1476025768
2899 0.1476225668
2900 0.1476425568
2901 0.1476625468
2902 0.1476825367
2903 0.1477025267
2904 0.1477225167
2905 0.1477425067
2906 0.1477624966
2907 0.1477824866
2908 0.1478024766
2909 0.1478224665
2910 0.1478424565
2911 0.1478624465
2912 0.1478824365
2913 0.1479024264
2914 0.1479224164
2915 0.1479424064
2916 0.1479623964
2917 0.1479823863
2918 0.1480023763
2919 0.1480223663
2920 0.1480423562
2921 0.1480623462
2922 0.1480823362
2923 0.1481023262
2924 0.1481223161
2925 0.1481423061
2926 0.1481622961
2927 0.1481856267
2928 0.1482089573
2929 0.148232288
2930 0.1482556186
2931 0.1482789492
2932 0.1483022799
2933 0.1483256105
2934 0.1483489411
2935 0.1483722718
2936 0.1483956024
2937 0.148418933
2938 0.1484422637
2939 0.1484655943
2940 0.1484889249
2941 0.1485122555
2942 0.1485355862
2943 0.1485589168
2944 0.1485822474
2945 0.1486055781
2946 0.1486289087
2947 0.1486522393
2948 0.14867557
2949 0.1486989006
2950 0.1487222312
2951 0.1487455619
2952 0.1487688925
2953 0.1487922231
2954 0.1488155537
2955 0.1488388844
2956 0.148862215
2957 0.1488855456
2958 0.1489088763
2959 0.1489322069
2960 0.1489555375
2961 0.1489788682
2962 0.1490021988
2963 0.1490255294
2964 0.14904886
2965 0.1490721907
2966 0.1490955213
2967 0.1491188519
2968 0.1491421826
2969 0.1491655132
2970 0.1491888438
2971 0.1492121745
2972 0.1492355051
2973 0.1492588357
2974 0.1492821664
2975 0.149305497
2976 0.1493288276
2977 0.1493521582
2978 0.1493754889
2979 0.1493988195
2980 0.1494221501
2981 0.1494454808
2982 0.1494688114
2983 0.149492142
2984 0.1495154727
2985 0.1495388033
2986 0.1495621339
2987 0.1495854646
2988 0.1496087952
2989 0.1496321258
2990 0.1496554564
2991 0.1496787871
2992 0.1497021177
2993 0.1497254483
2994 0.149748779
2995 0.1497721096
2996 0.1497954402
2997 0.1498187709
2998 0.1498421015
2999 0.1498654321
3000 0.1498887628
3001 0.1499120934
3002 0.149935424
3003 0.1499587546
3004 0.1499820853
3005 0.1500054159
3006 0.1500287465
3007 0.1500520772
3008 0.1500754078
3009 0.1500987384
3010 0.1501220691
3011 0.1501453997
3012 0.1501687303
3013 0.150192061
3014 0.1502153916
3015 0.1502387222
3016 0.1502620528
3017 0.1502853835
3018 0.1503087141
3019 0.1503320447
3020 0.1503553754
3021 0.150378706
3022 0.1504020366
3023 0.1504253673
3024 0.1504486979
3025 0.1504720285
3026 0.1504953591
3027 0.1505186898
3028 0.1505420204
3029 0.150565351
3030 0.1505886817
3031 0.1506120123
3032 0.1506353429
3033 0.1506586736
3034 0.1506820042
3035 0.1507053348
3036 0.1507286655
3037 0.1507519961
3038 0.1507753267
3039 0.1507986573
3040 0.150821988
3041 0.1508453186
3042 0.1508686492
3043 0.1508919799
3044 0.1509153105
3045 0.1509386411
3046 0.1509619718
3047 0.1509853024
3048 0.151008633
3049 0.1510319637
3050 0.1510552943
3051 0.1510786249
3052 0.1511019555
3053 0.1511252862
3054 0.1511486168
3055 0.1511719474
3056 0.1511952781
3057 0.1512186087
3058 0.1512419393
3059 0.15126527
3060 0.1512886006
3061 0.1513119312
3062 0.1513352619
3063 0.1513585925
3064 0.1513819231
3065 0.1514052537
3066 0.1514285844
3067 0.151451915
3068 0.1514752456
3069 0.1514985763
3070 0.1515219069
3071 0.1515452375
3072 0.1515685682
3073 0.1515918988
3074 0.1516152294
3075 0.1516385601
3076 0.1516618907
3077 0.1516852213
3078 0.1517085519
3079 0.1517318826
3080 0.1517552132
3081 0.1517785438
3082 0.1518018745
3083 0.1518252051
3084 0.1518485357
3085 0.1518718664
3086 0.151895197
3087 0.1519185276
3088 0.1519418583
3089 0.1519651889
3090 0.1519885195
3091 0.1520118501
3092 0.1520351808
3093 0.1520585114
3094 0.152081842
3095 0.1521051727
3096 0.1521285033
3097 0.1521518339
3098 0.1521751646
3099 0.1521984952
3100 0.1522218258
3101 0.1522451564
3102 0.1522684871
3103 0.1522918177
3104 0.1523151483
3105 0.152338479
3106 0.1523618096
3107 0.1523851402
3108 0.1524084709
3109 0.1524318015
3110 0.1524551321
3111 0.1524784628
3112 0.1525017934
3113 0.152525124
3114 0.1525484546
3115 0.1525717853
3116 0.1525951159
3117 0.1526184465
3118 0.1526417772
3119 0.1526651078
3120 0.1526884384
3121 0.1527117691
3122 0.1527350997
3123 0.1527584303
3124 0.152781761
3125 0.1528050916
3126 0.1528284222
3127 0.1528517528
3128 0.1528750835
3129 0.1528984141
3130 0.1529217447
3131 0.1529450754
3132 0.152968406
3133 0.1529917366
3134 0.1530150673
3135 0.1530383979
3136 0.1530617285
3137 0.1530850592
3138 0.1531083898
3139 0.1531317204
3140 0.153155051
3141 0.1531783817
3142 0.1532017123
3143 0.1532250429
3144 0.1532483736
3145 0.1532717042
3146 0.1532950348
3147 0.1533183655
3148 0.1533416961
3149 0.1533650267
3150 0.1533883574
3151 0.153411688
3152 0.1534350186
3153 0.1534583492
3154 0.1534816799
3155 0.1535050105
3156 0.1535283411
3157 0.1535516718
3158 0.1535750024
3159 0.153598333
3160 0.1536216637
3161 0.1536449943
3162 0.1536683249
3163 0.1536916555
3164 0.1537149862
3165 0.1537383168
3166 0.1537616474
3167 0.1537849781
3168 0.1538083087
3169 0.1538316393
3170 0.15385497
3171 0.1538783006
3172 0.1539016312
3173 0.1539249619
3174 0.1539482925
3175 0.1539716231
3176 0.1539949537
3177 0.1540182844
3178 0.154041615
3179 0.1540649456
3180 0.1540882763
3181 0.1541116069
3182 0.1541349375
3183 0.1541582682
3184 0.1541815988
3185 0.1542049294
3186 0.1542282601
3187 0.1542515907
3188 0.1542749213
3189 0.1542982519
3190 0.1543215826
3191 0.1543449132
3192 0.1543682438
3193 0.1543915745
3194 0.1544149051
3195 0.1544382357
3196 0.1544615664
3197 0.154484897
3198 0.1545082276
3199 0.1545315583
3200 0.1545548889
3201 0.1545782195
3202 0.1546015501
3203 0.1546248808
3204 0.1546482114
3205 0.154671542
3206 0.1546948727
3207 0.1547182033
3208 0.1547415339
3209 0.1547648646
3210 0.1547881952
3211 0.1548115258
3212 0.1548348565
3213 0.1548581871
3214 0.1548815177
3215 0.1549048483
3216 0.154928179
3217 0.1549515096
3218 0.1549748402
3219 0.1549981709
3220 0.1550215015
3221 0.1550448321
3222 0.1550681628
3223 0.1550914934
3224 0.155114824
3225 0.1551381546
3226 0.1551614853
3227 0.1551848159
3228 0.1552081465
3229 0.1552314772
3230 0.1552548078
3231 0.1552781384
3232 0.1553014691
3233 0.1553247997
3234 0.1553481303
3235 0.155371461
3236 0.1553947916
3237 0.1554181222
3238 0.1554414528
3239 0.1554647835
3240 0.1554881141
3241 0.1555114447
3242 0.1555347754
3243 0.155558106
3244 0.1555814366
3245 0.1556047673
3246 0.1556280979
3247 0.1556514285
3248 0.1556747592
3249 0.1556980898
3250 0.1557214204
3251 0.155744751
3252 0.1557680817
3253 0.1557914123
3254 0.1558147429
3255 0.1558380736
3256 0.1558614042
3257 0.1558847348
3258 0.1559080655
3259 0.1559313961
3260 0.1559547267
3261 0.1559780574
3262 0.156001388
3263 0.1560247186
3264 0.1560480492
3265 0.1560713799
3266 0.1560947105
3267 0.1561180411
3268 0.1561413718
3269 0.1561647024
3270 0.156188033
3271 0.1562113637
3272 0.1562346943
3273 0.1562580249
3274 0.1562813556
3275 0.1563046862
3276 0.1563280168
3277 0.1563513474
3278 0.1563746781
3279 0.1563980087
3280 0.1564213393
3281 0.15644467
3282 0.1564680006
3283 0.1564913312
3284 0.1565146619
3285 0.1565379925
3286 0.1565613231
3287 0.1565846538
3288 0.1566079844
3289 0.156631315
3290 0.1566546456
3291 0.156677146
3292 0.1566996463
3293 0.1567221467
3294 0.156744647
3295 0.1567671474
3296 0.1567896477
3297 0.1568121481
3298 0.1568346484
3299 0.1568571488
3300 0.1568796491
3301 0.1569021495
3302 0.1569246498
3303 0.1569471502
3304 0.1569696505
3305 0.1569921509
3306 0.1570146512
3307 0.1570371516
3308 0.1570596519
3309 0.1570821522
3310 0.1571046526
3311 0.1571271529
3312 0.1571496533
3313 0.1571721536
3314 0.157194654
3315 0.1572171543
3316 0.1572396547
3317 0.157262155
3318 0.1572846554
3319 0.1573071557
3320 0.1573296561
3321 0.1573521564
3322 0.1573746568
3323 0.1573971571
3324 0.1574196575
3325 0.1574421578
3326 0.1574646582
3327 0.1574871585
3328 0.1575096589
3329 0.1575321592
3330 0.1575546595
3331 0.1575771599
3332 0.1575996602
3333 0.1576221606
3334 0.1576446609
3335 0.1576671613
3336 0.1576896616
3337 0.157712162
3338 0.1577346623
3339 0.1577571627
3340 0.157779663
3341 0.1578021634
3342 0.1578246637
3343 0.1578471641
3344 0.1578696644
3345 0.1578921648
3346 0.1579146651
3347 0.1579371655
3348 0.1579596658
3349 0.1579821662
3350 0.1580046665
3351 0.1580271668
3352 0.1580496672
3353 0.1580721675
3354 0.1580946679
3355 0.1581171682
3356 0.1581396686
3357 0.1581621689
3358 0.1581846693
3359 0.1582071696
3360 0.15822967
3361 0.1582521703
3362 0.1582746707
3363 0.158297171
3364 0.1583196714
3365 0.1583421717
3366 0.1583646721
3367 0.1583871724
3368 0.1584096728
3369 0.1584321731
3370 0.1584546735
3371 0.1584771738
3372 0.1584996741
3373 0.1585221745
3374 0.1585446748
3375 0.1585671752
3376 0.1585896755
3377 0.1586121759
3378 0.1586346762
3379 0.1586571766
3380 0.1586796769
3381 0.1587021773
3382 0.1587246776
3383 0.158747178
3384 0.1587696783
3385 0.1587921787
3386 0.158814679
3387 0.1588371794
3388 0.1588596797
3389 0.1588821801
3390 0.1589046804
3391 0.1589271808
3392 0.1589496811
3393 0.1589721814
3394 0.1589946818
3395 0.1590171821
3396 0.1590396825
3397 0.1590621828
3398 0.1590846832
3399 0.1591071835
3400 0.1591296839
3401 0.1591521842
3402 0.1591746846
3403 0.1591971849
3404 0.1592196853
3405 0.1592421856
3406 0.159264686
3407 0.1592871863
3408 0.1593096867
3409 0.159332187
3410 0.1593546874
3411 0.1593771877
3412 0.159399688
3413 0.1594221884
3414 0.1594446887
3415 0.1594671891
3416 0.1594896894
3417 0.1595121898
3418 0.1595346901
3419 0.1595571905
3420 0.1595796908
3421 0.1596021912
3422 0.1596246915
3423 0.1596471919
3424 0.1596696922
3425 0.1596921926
3426 0.1597146929
3427 0.1597371933
3428 0.1597596936
3429 0.159782194
3430 0.1598046943
3431 0.1598271947
3432 0.159849695
3433 0.1598721953
3434 0.1598946957
3435 0.159917196
3436 0.1599396964
3437 0.1599621967
3438 0.1599846971
3439 0.1600071974
3440 0.1600296978
3441 0.1600521981
3442 0.1600746985
3443 0.1600971988
3444 0.1601196992
3445 0.1601421995
3446 0.1601646999
3447 0.1601872002
3448 0.1602097006
3449 0.1602322009
3450 0.1602547013
3451 0.1602772016
3452 0.160299702
3453 0.1603222023
3454 0.1603447026
3455 0.160367203
3456 0.1603897033
3457 0.1604122037
3458 0.160434704
3459 0.1604572044
3460 0.1604797047
3461 0.1605022051
3462 0.1605247054
3463 0.1605472058
3464 0.1605697061
3465 0.1605922065
3466 0.1606147068
3467 0.1606372072
3468 0.1606597075
3469 0.1606822079
3470 0.1607047082
3471 0.1607272086
3472 0.1607497089
3473 0.1607722093
3474 0.1607947096
3475 0.1608172099
3476 0.1608397103
3477 0.1608622106
3478 0.160884711
3479 0.1609072113
3480 0.1609297117
3481 0.160952212
3482 0.1609747124
3483 0.1609972127
3484 0.1610197131
3485 0.1610422134
3486 0.1610647138
3487 0.1610872141
3488 0.1611097145
3489 0.1611322148
3490 0.1611547152
3491 0.1611772155
3492 0.1611997159
3493 0.1612222162
3494 0.1612447166
3495 0.1612672169
3496 0.1612897172
3497 0.1613122176
3498 0.1613347179
3499 0.1613572183
3500 0.1613797186
3501 0.161402219
3502 0.1614247193
3503 0.1614472197
3504 0.16146972
3505 0.1614922204
3506 0.1615147207
3507 0.1615372211
3508 0.1615597214
3509 0.1615822218
3510 0.1616047221
3511 0.1616272225
3512 0.1616497228
3513 0.1616722232
3514 0.1616947235
3515 0.1617172239
3516 0.1617397242
3517 0.1617622245
3518 0.1617847249
3519 0.1618072252
3520 0.1618297256
3521 0.1618522259
3522 0.1618747263
3523 0.1618972266
3524 0.161919727
3525 0.1619422273
3526 0.1619647277
3527 0.161987228
3528 0.1620097284
3529 0.1620322287
3530 0.1620547291
3531 0.1620772294
3532 0.1620997298
3533 0.1621222301
3534 0.1621447305
3535 0.1621672308
3536 0.1621897312
3537 0.1622122315
3538 0.1622347318
3539 0.1622572322
3540 0.1622797325
3541 0.1623022329
3542 0.1623247332
3543 0.1623472336
3544 0.1623697339
3545 0.1623922343
3546 0.1624147346
3547 0.162437235
3548 0.1624597353
3549 0.1624822357
3550 0.162504736
3551 0.1625272364
3552 0.1625497367
3553 0.1625722371
3554 0.1625947374
3555 0.1626172378
3556 0.1626397381
3557 0.1626622385
3558 0.1626847388
3559 0.1627072391
3560 0.1627297395
3561 0.1627522398
3562 0.1627747402
3563 0.1627972405
3564 0.1628197409
3565 0.1628422412
3566 0.1628647416
3567 0.1628872419
3568 0.1629097423
3569 0.1629322426
3570 0.162954743
3571 0.1629772433
3572 0.1629997437
3573 0.163022244
3574 0.1630447444
3575 0.1630672447
3576 0.1630897451
3577 0.1631122454
3578 0.1631347458
3579 0.1631572461
3580 0.1631797464
3581 0.1632022468
3582 0.1632247471
3583 0.1632472475
3584 0.1632697478
3585 0.1632922482
3586 0.1633147485
3587 0.1633372489
3588 0.1633597492
3589 0.1633822496
3590 0.1634047499
3591 0.1634272503
3592 0.1634497506
3593 0.163472251
3594 0.1634947513
3595 0.1635172517
3596 0.163539752
3597 0.1635622524
3598 0.1635847527
3599 0.1636072531
3600 0.1636297534
3601 0.1636522537
3602 0.1636747541
3603 0.1636972544
3604 0.1637197548
3605 0.1637422551
3606 0.1637647555
3607 0.1637872558
3608 0.1638097562
3609 0.1638322565
3610 0.1638547569
3611 0.1638772572
3612 0.1638997576
3613 0.1639222579
3614 0.1639447583
3615 0.1639672586
3616 0.163989759
3617 0.1640122593
3618 0.1640347597
3619 0.16405726
3620 0.1640797604
3621 0.1641022607
3622 0.164124761
3623 0.1641472614
3624 0.1641697617
3625 0.1641922621
3626 0.1642147624
3627 0.1642372628
3628 0.1642597631
3629 0.1642822635
3630 0.1643047638
3631 0.1643272642
3632 0.1643497645
3633 0.1643722649
3634 0.1643947652
3635 0.1644172656
3636 0.1644397659
3637 0.1644622663
3638 0.1644847666
3639 0.164507267
3640 0.1645297673
3641 0.1645522677
3642 0.164574768
3643 0.1645972683
3644 0.1646197687
3645 0.164642269
3646 0.1646647694
3647 0.1646872697
3648 0.1647097701
3649 0.1647322704
3650 0.1647547708
3651 0.1647772711
3652 0.1647997715
3653 0.1648222718
3654 0.1648447722
3655 0.1648672725
3656 0.1648968902
3657 0.1649265079
3658 0.1649561257
3659 0.1649857434
3660 0.1650153611
3661 0.1650449788
3662 0.1650745965
3663 0.1651042142
3664 0.1651338319
3665 0.1651634497
3666 0.1651930674
3667 0.1652226851
3668 0.1652523028
3669 0.1652819205
3670 0.1653115382
3671 0.165341156
3672 0.1653707737
3673 0.1654003914
3674 0.1654300091
3675 0.1654596268
3676 0.1654892445
3677 0.1655188622
3678 0.16554848
3679 0.1655780977
3680 0.1656077154
3681 0.1656373331
3682 0.1656669508
3683 0.1656965685
3684 0.1657261862
3685 0.165755804
3686 0.1657854217
3687 0.1658150394
3688 0.1658446571
3689 0.1658742748
3690 0.1659038925
3691 0.1659335102
3692 0.165963128
3693 0.1659927457
3694 0.1660223634
3695 0.1660519811
3696 0.1660815988
3697 0.1661112165
3698 0.1661408342
3699 0.166170452
3700 0.1662000697
3701 0.1662296874
3702 0.1662593051
3703 0.1662889228
3704 0.1663185405
3705 0.1663481583
3706 0.166377776
3707 0.1664073937
3708 0.1664370114
3709 0.1664666291
3710 0.1664962468
3711 0.1665258645
3712 0.1665554823
3713 0.1665851
3714 0.1666147177
3715 0.1666443354
3716 0.1666739531
3717 0.1667035708
3718 0.1667331885
3719 0.1667628063
3720 0.166792424
3721 0.1668220417
3722 0.1668516594
3723 0.1668812771
3724 0.1669108948
3725 0.1669405125
3726 0.1669701303
3727 0.166999748
3728 0.1670293657
3729 0.1670589834
3730 0.1670886011
3731 0.1671182188
3732 0.1671478365
3733 0.1671774543
3734 0.167207072
3735 0.1672366897
3736 0.1672663074
3737 0.1672959251
3738 0.1673255428
3739 0.1673551606
3740 0.1673847783
3741 0.167414396
3742 0.1674440137
3743 0.1674736314
3744 0.1675032491
3745 0.1675328668
3746 0.1675624846
3747 0.1675921023
3748 0.16762172
3749 0.1676513377
3750 0.1676809554
3751 0.1677105731
3752 0.1677401908
3753 0.1677698086
3754 0.1677994263
3755 0.167829044
3756 0.1678586617
3757 0.1678882794
3758 0.1679178971
3759 0.1679475148
3760 0.1679771326
3761 0.1680067503
3762 0.168036368
3763 0.1680659857
3764 0.1680956034
3765 0.1681252211
3766 0.1681548388
3767 0.1681844566
3768 0.1682140743
3769 0.168243692
3770 0.1682733097
3771 0.1683029274
3772 0.1683325451
3773 0.1683621629
3774 0.1683917806
3775 0.1684213983
3776 0.168451016
3777 0.1684806337
3778 0.1685102514
3779 0.1685398691
3780 0.1685694869
3781 0.1685991046
3782 0.1686287223
3783 0.16865834
3784 0.1686879577
3785 0.1687175754
3786 0.1687471931
3787 0.1687768109
3788 0.1688064286
3789 0.1688360463
3790 0.168865664
3791 0.1688952817
3792 0.1689248994
3793 0.1689545171
3794 0.1689841349
3795 0.1690137526
3796 0.1690433703
3797 0.169072988
3798 0.1691026057
3799 0.1691322234
3800 0.1691618411
3801 0.1691914589
3802 0.1692210766
3803 0.1692506943
3804 0.169280312
3805 0.1693099297
3806 0.1693395474
3807 0.1693691651
3808 0.1693987829
3809 0.1694284006
3810 0.1694580183
3811 0.169487636
3812 0.1695172537
3813 0.1695468714
3814 0.1695764892
3815 0.1696061069
3816 0.1696357246
3817 0.1696653423
3818 0.16969496
3819 0.1697245777
3820 0.1697541954
3821 0.1697838132
3822 0.1698134309
3823 0.1698430486
3824 0.1698726663
3825 0.169902284
3826 0.1699319017
3827 0.1699615194
3828 0.1699911372
3829 0.1700207549
3830 0.1700503726
3831 0.1700799903
3832 0.170109608
3833 0.1701392257
3834 0.1701688434
3835 0.1701984612
3836 0.1702280789
3837 0.1702576966
3838 0.1702873143
3839 0.170316932
3840 0.1703465497
3841 0.1703761674
3842 0.1704057852
3843 0.1704354029
3844 0.1704650206
3845 0.1704946383
3846 0.170524256
3847 0.1705538737
3848 0.1705834915
3849 0.1706131092
3850 0.1706427269
3851 0.1706723446
3852 0.1707019623
3853 0.17073158
3854 0.1707611977
3855 0.1707908155
3856 0.1708204332
3857 0.1708500509
3858 0.1708796686
3859 0.1709092863
3860 0.170938904
3861 0.1709685217
3862 0.1709981395
3863 0.1710277572
3864 0.1710573749
3865 0.1710869926
3866 0.1711166103
3867 0.171146228
3868 0.1711758457
3869 0.1712054635
3870 0.1712350812
3871 0.1712646989
3872 0.1712943166
3873 0.1713239343
3874 0.171353552
3875 0.1713831697
3876 0.1714127875
3877 0.1714424052
3878 0.1714720229
3879 0.1715016406
3880 0.1715312583
3881 0.171560876
3882 0.1715904938
3883 0.1716201115
3884 0.1716497292
3885 0.1716793469
3886 0.1717089646
3887 0.1717385823
3888 0.1717682
3889 0.1717978178
3890 0.1718274355
3891 0.1718570532
3892 0.1718866709
3893 0.1719162886
3894 0.1719459063
3895 0.171975524
3896 0.1720051418
3897 0.1720347595
3898 0.1720643772
3899 0.1720939949
3900 0.1721236126
3901 0.1721532303
3902 0.172182848
3903 0.1722124658
3904 0.1722420835
3905 0.1722717012
3906 0.1723013189
3907 0.1723309366
3908 0.1723605543
3909 0.172390172
3910 0.1724197898
3911 0.1724494075
3912 0.1724790252
3913 0.1725086429
3914 0.1725382606
3915 0.1725678783
3916 0.1725974961
3917 0.1726271138
3918 0.1726567315
3919 0.1726863492
3920 0.1727159669
3921 0.1727455846
3922 0.1727752023
3923 0.1728048201
3924 0.1728344378
3925 0.1728640555
3926 0.1728936732
3927 0.1729232909
3928 0.1729529086
3929 0.1729825263
3930 0.1730121441
3931 0.1730417618
3932 0.1730713795
3933 0.1731009972
3934 0.1731306149
3935 0.1731602326
3936 0.1731898503
3937 0.1732194681
3938 0.1732490858
3939 0.1732787035
3940 0.1733083212
3941 0.1733379389
3942 0.1733675566
3943 0.1733971743
3944 0.1734267921
3945 0.1734564098
3946 0.1734860275
3947 0.1735156452
3948 0.1735452629
3949 0.1735748806
3950 0.1736044983
3951 0.1736341161
3952 0.1736637338
3953 0.1736933515
3954 0.1737229692
3955 0.1737525869
3956 0.1737822046
3957 0.1738118224
3958 0.1738414401
3959 0.1738710578
3960 0.1739006755
3961 0.1739302932
3962 0.1739599109
3963 0.1739895286
3964 0.1740191464
3965 0.1740487641
3966 0.1740783818
3967 0.1741079995
3968 0.1741376172
3969 0.1741672349
3970 0.1741968526
3971 0.1742264704
3972 0.1742560881
3973 0.1742857058
3974 0.1743153235
3975 0.1743449412
3976 0.1743745589
3977 0.1744041766
3978 0.1744337944
3979 0.1744634121
3980 0.1744930298
3981 0.1745226475
3982 0.1745522652
3983 0.1745818829
3984 0.1746115006
3985 0.1746411184
3986 0.1746707361
3987 0.1747003538
3988 0.1747299715
3989 0.1747595892
3990 0.1747892069
3991 0.1748188247
3992 0.1748484424
3993 0.1748780601
3994 0.1749076778
3995 0.1749372955
3996 0.1749669132
3997 0.1749965309
3998 0.1750261487
3999 0.1750557664
4000 0.1750853841
4001 0.1751150018
4002 0.1751446195
4003 0.1751742372
4004 0.1752038549
4005 0.1752334727
4006 0.1752630904
4007 0.1752927081
4008 0.1753223258
4009 0.1753519435
4010 0.1753815612
4011 0.1754111789
4012 0.1754407967
4013 0.1754704144
4014 0.1755000321
4015 0.1755296498
4016 0.1755592675
4017 0.1755888852
4018 0.1756185029
4019 0.1756481207
4020 0.1756777384
4021 0.1757073561
4022 0.1757369738
4023 0.1757665915
4024 0.1757962092
4025 0.175825827
4026 0.1758554447
4027 0.1758850624
4028 0.1759146801
4029 0.1759442978
4030 0.1759739155
4031 0.1760035332
4032 0.176033151
4033 0.1760627687
4034 0.1760923864
4035 0.1761220041
4036 0.1761516218
4037 0.1761812395
4038 0.1762108572
4039 0.176240475
4040 0.1762700927
4041 0.1762997104
4042 0.1763293281
4043 0.1763589458
4044 0.1763885635
4045 0.1764181812
4046 0.176447799
4047 0.1764774167
4048 0.1765070344
4049 0.1765366521
4050 0.1765662698
4051 0.1765958875
4052 0.1766255052
4053 0.176655123
4054 0.1766847407
4055 0.1767143584
4056 0.1767439761
4057 0.1767735938
4058 0.1768032115
4059 0.1768328293
4060 0.176862447
4061 0.1768920647
4062 0.1769216824
4063 0.1769513001
4064 0.1769809178
4065 0.1770105355
4066 0.1770401533
4067 0.177069771
4068 0.1770993887
4069 0.1771290064
4070 0.1771586241
4071 0.1771882418
4072 0.1772178595
4073 0.1772474773
4074 0.177277095
4075 0.1773067127
4076 0.1773363304
4077 0.1773659481
4078 0.1773955658
4079 0.1774251835
4080 0.1774548013
4081 0.177484419
4082 0.1775140367
4083 0.1775436544
4084 0.1775732721
4085 0.1776028898
4086 0.1776325075
4087 0.1776621253
4088 0.177691743
4089 0.1777213607
4090 0.1777509784
4091 0.1777805961
4092 0.1778102138
4093 0.1778398315
4094 0.1778694493
4095 0.177899067
4096 0.1779286847
4097 0.1779583024
4098 0.1779879201
4099 0.1780175378
4100 0.1780471556
4101 0.1780767733
4102 0.178106391
4103 0.1781360087
4104 0.1781656264
4105 0.1781952441
4106 0.1782248618
4107 0.1782544796
4108 0.1782840973
4109 0.178313715
4110 0.1783433327
4111 0.1783729504
4112 0.1784025681
4113 0.1784321858
4114 0.1784618036
4115 0.1784914213
4116 0.178521039
4117 0.1785506567
4118 0.1785802744
4119 0.1786098921
4120 0.1786395098
4121 0.1786691276
4122 0.1786987453
4123 0.178728363
4124 0.1787579807
4125 0.1787875984
4126 0.1788172161
4127 0.1788468338
4128 0.1788764516
4129 0.1789060693
4130 0.178935687
4131 0.1789653047
4132 0.1789949224
4133 0.1790245401
4134 0.1790541579
4135 0.1790837756
4136 0.1791133933
4137 0.179143011
4138 0.1791726287
4139 0.1792022464
4140 0.1792318641
4141 0.1792614819
4142 0.1792910996
4143 0.1793207173
4144 0.179350335
4145 0.1793799527
4146 0.1794095704
4147 0.1794391881
4148 0.1794688059
4149 0.1794984236
4150 0.1795280413
4151 0.179557659
4152 0.1795872767
4153 0.1796168944
4154 0.1796465121
4155 0.1796761299
4156 0.1797057476
4157 0.1797353653
4158 0.179764983
4159 0.1797946007
4160 0.1798242184
4161 0.1798538361
4162 0.1798834539
4163 0.1799130716
4164 0.1799426893
4165 0.179972307
4166 0.1800019247
4167 0.1800315424
4168 0.1800611602
4169 0.1800907779
4170 0.1801203956
4171 0.1801500133
4172 0.180179631
4173 0.1802092487
4174 0.1802388664
4175 0.1802684842
4176 0.1802981019
4177 0.1803277196
4178 0.1803573373
4179 0.180386955
4180 0.1804165727
4181 0.1804461904
4182 0.1804758082
4183 0.1805054259
4184 0.1805350436
4185 0.1805646613
4186 0.180594279
4187 0.1806238967
4188 0.1806535144
4189 0.1806831322
4190 0.1807127499
4191 0.1807423676
4192 0.1807719853
4193 0.180801603
4194 0.1808312207
4195 0.1808608384
4196 0.1808904562
4197 0.1809200739
4198 0.1809496916
4199 0.1809793093
4200 0.181008927
4201 0.1810385447
4202 0.1810681625
4203 0.1810977802
4204 0.1811273979
4205 0.1811570156
4206 0.1811866333
4207 0.181216251
4208 0.1812458687
4209 0.1812754865
4210 0.1813051042
4211 0.1813347219
4212 0.1813643396
4213 0.1813939573
4214 0.181423575
4215 0.1814531927
4216 0.1814828105
4217 0.1815124282
4218 0.1815420459
4219 0.1815716636
4220 0.1816012813
4221 0.181630899
4222 0.1816605167
4223 0.1816901345
4224 0.1817197522
4225 0.1817493699
4226 0.1817789876
4227 0.1818086053
4228 0.181838223
4229 0.1818678407
4230 0.1818974585
4231 0.1819270762
4232 0.1819566939
4233 0.1819863116
4234 0.1820159293
4235 0.182045547
4236 0.1820751648
4237 0.1821047825
4238 0.1821344002
4239 0.1821640179
4240 0.1821936356
4241 0.1822232533
4242 0.182252871
4243 0.1822824888
4244 0.1823121065
4245 0.1823417242
4246 0.1823713419
4247 0.1824009596
4248 0.1824305773
4249 0.182460195
4250 0.1824898128
4251 0.1825194305
4252 0.1825490482
4253 0.1825786659
4254 0.1826082836
4255 0.1826379013
4256 0.182667519
4257 0.1826971368
4258 0.1827267545
4259 0.1827563722
4260 0.1827859899
4261 0.1828156076
4262 0.1828452253
4263 0.182874843
4264 0.1829044608
4265 0.1829340785
4266 0.1829636962
4267 0.1829933139
4268 0.1830229316
4269 0.1830525493
4270 0.183082167
4271 0.1831117848
4272 0.1831414025
4273 0.1831710202
4274 0.1832006379
4275 0.1832302556
4276 0.1832598733
4277 0.1832894911
4278 0.1833191088
4279 0.1833487265
4280 0.1833783442
4281 0.1834079619
4282 0.1834375796
4283 0.1834671973
4284 0.1834968151
4285 0.1835264328
4286 0.1835560505
4287 0.1835856682
4288 0.1836152859
4289 0.1836449036
4290 0.1836745213
4291 0.1837041391
4292 0.1837337568
4293 0.1837633745
4294 0.1837929922
4295 0.1838226099
4296 0.1838522276
4297 0.1838818453
4298 0.1839114631
4299 0.1839410808
4300 0.1839706985
4301 0.1840003162
4302 0.1840299339
4303 0.1840595516
4304 0.1840891693
4305 0.1841187871
4306 0.1841484048
4307 0.1841780225
4308 0.1842076402
4309 0.1842372579
4310 0.1842668756
4311 0.1842964934
4312 0.1843261111
4313 0.1843557288
4314 0.1843853465
4315 0.1844149642
4316 0.1844445819
4317 0.1844741996
4318 0.1845038174
4319 0.1845334351
4320 0.1845630528
4321 0.1845926705
4322 0.1846222882
4323 0.1846519059
4324 0.1846815236
4325 0.1847111414
4326 0.1847407591
4327 0.1847703768
4328 0.1847999945
4329 0.1848296122
4330 0.1848592299
4331 0.1848888476
4332 0.1849184654
4333 0.1849480831
4334 0.1849777008
4335 0.1850073185
4336 0.1850369362
4337 0.1850665539
4338 0.1850961716
4339 0.1851257894
4340 0.1851554071
4341 0.1851850248
4342 0.1852146425
4343 0.1852442602
4344 0.1852738779
4345 0.1853034957
4346 0.1853331134
4347 0.1853627311
4348 0.1853923488
4349 0.1854219665
4350 0.1854515842
4351 0.1854812019
4352 0.1855108197
4353 0.1855404374
4354 0.1855700551
4355 0.1855996728
4356 0.1856292905
4357 0.1856589082
4358 0.1856885259
4359 0.1857181437
4360 0.1857477614
4361 0.1857773791
4362 0.1858069968
4363 0.1858366145
4364 0.1858662322
4365 0.1858958499
4366 0.1859254677
4367 0.1859550854
4368 0.1859847031
4369 0.1860143208
4370 0.1860439385
4371 0.1860735562
4372 0.1861031739
4373 0.1861327917
4374 0.1861624094
4375 0.1861920271
4376 0.1862216448
4377 0.1862512625
4378 0.1862808802
4379 0.186310498
4380 0.1863401157
4381 0.1863697334
4382 0.1863993511
4383 0.1864289688
4384 0.1864585865
4385 0.1864882042
4386 0.1865185501
4387 0.1865488959
4388 0.1865792417
4389 0.1866095876
4390 0.1866399334
4391 0.1866702792
4392 0.186700625
4393 0.1867309709
4394 0.1867613167
4395 0.1867916625
4396 0.1868220084
4397 0.1868523542
4398 0.1868827
4399 0.1869130459
4400 0.1869433917
4401 0.1869737375
4402 0.1870040833
4403 0.1870344292
4404 0.187064775
4405 0.1870951208
4406 0.1871254667
4407 0.1871558125
4408 0.1871861583
4409 0.1872165041
4410 0.18724685
4411 0.1872771958
4412 0.1873075416
4413 0.1873378875
4414 0.1873682333
4415 0.1873985791
4416 0.187428925
4417 0.1874592708
4418 0.1874896166
4419 0.1875199624
4420 0.1875503083
4421 0.1875806541
4422 0.1876109999
4423 0.1876413458
4424 0.1876716916
4425 0.1877020374
4426 0.1877323833
4427 0.1877627291
4428 0.1877930749
4429 0.1878234207
4430 0.1878537666
4431 0.1878841124
4432 0.1879144582
4433 0.1879448041
4434 0.1879751499
4435 0.1880054957
4436 0.1880358415
4437 0.1880661874
4438 0.1880965332
4439 0.188126879
4440 0.1881572249
4441 0.1881875707
4442 0.1882179165
4443 0.1882482624
4444 0.1882786082
4445 0.188308954
4446 0.1883392998
4447 0.1883696457
4448 0.1883999915
4449 0.1884303373
4450 0.1884606832
4451 0.188491029
4452 0.1885213748
4453 0.1885517206
4454 0.1885820665
4455 0.1886124123
4456 0.1886427581
4457 0.188673104
4458 0.1887034498
4459 0.1887337956
4460 0.1887641415
4461 0.1887944873
4462 0.1888248331
4463 0.1888551789
4464 0.1888855248
4465 0.1889158706
4466 0.1889462164
4467 0.1889765623
4468 0.1890069081
4469 0.1890372539
4470 0.1890675998
4471 0.1890979456
4472 0.1891282914
4473 0.1891586372
4474 0.1891889831
4475 0.1892193289
4476 0.1892496747
4477 0.1892800206
4478 0.1893103664
4479 0.1893407122
4480 0.189371058
4481 0.1894014039
4482 0.1894317497
4483 0.1894620955
4484 0.1894924414
4485 0.1895227872
4486 0.189553133
4487 0.1895834789
4488 0.1896138247
4489 0.1896441705
4490 0.1896745163
4491 0.1897048622
4492 0.189735208
4493 0.1897655538
4494 0.1897958997
4495 0.1898262455
4496 0.1898565913
4497 0.1898869372
4498 0.189917283
4499 0.1899476288
4500 0.1899779746
4501 0.1900083205
4502 0.1900386663
4503 0.1900690121
4504 0.190099358
4505 0.1901297038
4506 0.1901600496
4507 0.1901903954
4508 0.1902207413
4509 0.1902510871
4510 0.1902814329
4511 0.1903117788
4512 0.1903421246
4513 0.1903724704
4514 0.1904028163
4515 0.1904331621
4516 0.1904635079
4517 0.1904938537
4518 0.1905241996
4519 0.1905545454
4520 0.1905848912
4521 0.1906152371
4522 0.1906455829
4523 0.1906759287
4524 0.1907062745
4525 0.1907366204
4526 0.1907669662
4527 0.190797312
4528 0.1908276579
4529 0.1908580037
4530 0.1908883495
4531 0.1909186954
4532 0.1909490412
4533 0.190979387
4534 0.1910097328
4535 0.1910400787
4536 0.1910704245
4537 0.1911007703
4538 0.1911311162
4539 0.191161462
4540 0.1911918078
4541 0.1912221537
4542 0.1912524995
4543 0.1912828453
4544 0.1913131911
4545 0.191343537
4546 0.1913738828
4547 0.1914042286
4548 0.1914345745
4549 0.1914649203
4550 0.1914952661
4551 0.1915256119
4552 0.1915559578
4553 0.1915863036
4554 0.1916166494
4555 0.1916469953
4556 0.1916773411
4557 0.1917076869
4558 0.1917380328
4559 0.1917683786
4560 0.1917987244
4561 0.1918290702
4562 0.1918594161
4563 0.1918897619
4564 0.1919201077
4565 0.1919504536
4566 0.1919807994
4567 0.1920111452
4568 0.1920414911
4569 0.1920718369
4570 0.1921021827
4571 0.1921325285
4572 0.1921628744
4573 0.1921932202
4574 0.192223566
4575 0.1922539119
4576 0.1922842577
4577 0.1923146035
4578 0.1923449493
4579 0.1923752952
4580 0.192405641
4581 0.1924359868
4582 0.1924663327
4583 0.1924966785
4584 0.1925270243
4585 0.1925573702
4586 0.192587716
4587 0.1926180618
4588 0.1926484076
4589 0.1926787535
4590 0.1927090993
4591 0.1927394451
4592 0.192769791
4593 0.1928001368
4594 0.1928304826
4595 0.1928608284
4596 0.1928911743
4597 0.1929215201
4598 0.1929518659
4599 0.1929822118
4600 0.1930125576
4601 0.1930429034
4602 0.1930732493
4603 0.1931035951
4604 0.1931339409
4605 0.1931642867
4606 0.1931946326
4607 0.1932249784
4608 0.1932553242
4609 0.1932856701
4610 0.1933160159
4611 0.1933463617
4612 0.1933767076
4613 0.1934070534
4614 0.1934373992
4615 0.193467745
4616 0.1934980909
4617 0.1935284367
4618 0.1935587825
4619 0.1935891284
4620 0.1936194742
4621 0.19364982
4622 0.1936801658
4623 0.1937105117
4624 0.1937408575
4625 0.1937712033
4626 0.1938015492
4627 0.193831895
4628 0.1938622408
4629 0.1938925867
4630 0.1939229325
4631 0.1939532783
4632 0.1939836241
4633 0.19401397
4634 0.1940443158
4635 0.1940746616
4636 0.1941050075
4637 0.1941353533
4638 0.1941656991
4639 0.194196045
4640 0.1942263908
4641 0.1942567366
4642 0.1942870824
4643 0.1943174283
4644 0.1943477741
4645 0.1943781199
4646 0.1944084658
4647 0.1944388116
4648 0.1944691574
4649 0.1944995032
4650 0.1945298491
4651 0.1945601949
4652 0.1945905407
4653 0.1946208866
4654 0.1946512324
4655 0.1946815782
4656 0.1947119241
4657 0.1947422699
4658 0.1947726157
4659 0.1948029615
4660 0.1948333074
4661 0.1948636532
4662 0.194893999
4663 0.1949243449
4664 0.1949546907
4665 0.1949850365
4666 0.1950153823
4667 0.1950457282
4668 0.195076074
4669 0.1951064198
4670 0.1951367657
4671 0.1951671115
4672 0.1951974573
4673 0.1952278032
4674 0.195258149
4675 0.1952884948
4676 0.1953188406
4677 0.1953491865
4678 0.1953795323
4679 0.1954098781
4680 0.195440224
4681 0.1954705698
4682 0.1955009156
4683 0.1955312615
4684 0.1955616073
4685 0.1955919531
4686 0.1956222989
4687 0.1956526448
4688 0.1956829906
4689 0.1957133364
4690 0.1957436823
4691 0.1957740281
4692 0.1958043739
4693 0.1958347197
4694 0.1958650656
4695 0.1958954114
4696 0.1959257572
4697 0.1959561031
4698 0.1959864489
4699 0.1960167947
4700 0.1960471406
4701 0.1960774864
4702 0.1961078322
4703 0.196138178
4704 0.1961685239
4705 0.1961988697
4706 0.1962292155
4707 0.1962595614
4708 0.1962899072
4709 0.196320253
4710 0.1963505989
4711 0.1963809447
4712 0.1964112905
4713 0.1964416363
4714 0.1964719822
4715 0.196502328
4716 0.1965326738
4717 0.1965630197
4718 0.1965933655
4719 0.1966237113
4720 0.1966540571
4721 0.196684403
4722 0.1967147488
4723 0.1967450946
4724 0.1967754405
4725 0.1968057863
4726 0.1968361321
4727 0.196866478
4728 0.1968968238
4729 0.1969271696
4730 0.1969575154
4731 0.1969878613
4732 0.1970182071
4733 0.1970485529
4734 0.1970788988
4735 0.1971092446
4736 0.1971395904
4737 0.1971699362
4738 0.1972002821
4739 0.1972306279
4740 0.1972609737
4741 0.1972913196
4742 0.1973216654
4743 0.1973520112
4744 0.1973823571
4745 0.1974127029
4746 0.1974430487
4747 0.1974733945
4748 0.1975037404
4749 0.1975340862
4750 0.197564432
4751 0.1975947779
4752 0.1976251237
4753 0.1976554695
4754 0.1976858154
4755 0.1977161612
4756 0.197746507
4757 0.1977768528
4758 0.1978071987
4759 0.1978375445
4760 0.1978678903
4761 0.1978982362
4762 0.197928582
4763 0.1979589278
4764 0.1979892736
4765 0.1980196195
4766 0.1980499653
4767 0.1980803111
4768 0.198110657
4769 0.1981410028
4770 0.1981713486
4771 0.1982016945
4772 0.1982320403
4773 0.1982623861
4774 0.1982927319
4775 0.1983230778
4776 0.1983534236
4777 0.1983837694
4778 0.1984141153
4779 0.1984444611
4780 0.1984748069
4781 0.1985051528
4782 0.1985354986
4783 0.1985658444
4784 0.1985961902
4785 0.1986265361
4786 0.1986568819
4787 0.1986872277
4788 0.1987175736
4789 0.1987479194
4790 0.1987782652
4791 0.198808611
4792 0.1988389569
4793 0.1988693027
4794 0.1988996485
4795 0.1989299944
4796 0.1989603402
4797 0.198990686
4798 0.1990210319
4799 0.1990513777
4800 0.1990817235
4801 0.1991120693
4802 0.1991424152
4803 0.199172761
4804 0.1992031068
4805 0.1992334527
4806 0.1992637985
4807 0.1992941443
4808 0.1993244901
4809 0.199354836
4810 0.1993851818
4811 0.1994155276
4812 0.1994458735
4813 0.1994762193
4814 0.1995065651
4815 0.199536911
4816 0.1995672568
4817 0.1995976026
4818 0.1996279484
4819 0.1996582943
4820 0.1996886401
4821 0.1997189859
4822 0.1997493318
4823 0.1997796776
4824 0.1998100234
4825 0.1998403693
4826 0.1998707151
4827 0.1999010609
4828 0.1999314067
4829 0.1999617526
4830 0.1999920984
4831 0.2000224442
4832 0.2000527901
4833 0.2000831359
4834 0.2001134817
4835 0.2001438275
4836 0.2001741734
4837 0.2002045192
4838 0.200234865
4839 0.2002652109
4840 0.2002955567
4841 0.2003259025
4842 0.2003562484
4843 0.2003865942
4844 0.20041694
4845 0.2004472858
4846 0.2004776317
4847 0.2005079775
4848 0.2005383233
4849 0.2005686692
4850 0.200599015
4851 0.2006293608
4852 0.2006597067
4853 0.2006900525
4854 0.2007203983
4855 0.2007507441
4856 0.20078109
4857 0.2008114358
4858 0.2008417816
4859 0.2008721275
4860 0.2009024733
4861 0.2009328191
4862 0.2009631649
4863 0.2009935108
4864 0.2010238566
4865 0.2010542024
4866 0.2010845483
4867 0.2011148941
4868 0.2011452399
4869 0.2011755858
4870 0.2012059316
4871 0.2012362774
4872 0.2012666232
4873 0.2012969691
4874 0.2013273149
4875 0.2013576607
4876 0.2013880066
4877 0.2014183524
4878 0.2014486982
4879 0.201479044
4880 0.2015093899
4881 0.2015397357
4882 0.2015700815
4883 0.2016004274
4884 0.2016307732
4885 0.201661119
4886 0.2016914649
4887 0.2017218107
4888 0.2017521565
4889 0.2017825023
4890 0.2018128482
4891 0.201843194
4892 0.2018735398
4893 0.2019038857
4894 0.2019342315
4895 0.2019645773
4896 0.2019949232
4897 0.202025269
4898 0.2020556148
4899 0.2020859606
4900 0.2021163065
4901 0.2021466523
4902 0.2021769981
4903 0.202207344
4904 0.2022376898
4905 0.2022680356
4906 0.2022983814
4907 0.2023287273
4908 0.2023590731
4909 0.2023894189
4910 0.2024197648
4911 0.2024501106
4912 0.2024804564
4913 0.2025108023
4914 0.2025411481
4915 0.2025714939
4916 0.2026018397
4917 0.2026321856
4918 0.2026625314
4919 0.2026928772
4920 0.2027232231
4921 0.2027535689
4922 0.2027839147
4923 0.2028142606
4924 0.2028446064
4925 0.2028749522
4926 0.202905298
4927 0.2029356439
4928 0.2029659897
4929 0.2029963355
4930 0.2030266814
4931 0.2030570272
4932 0.203087373
4933 0.2031177188
4934 0.2031480647
4935 0.2031784105
4936 0.2032087563
4937 0.2032391022
4938 0.203269448
4939 0.2032997938
4940 0.2033301397
4941 0.2033604855
4942 0.2033908313
4943 0.2034211771
4944 0.203451523
4945 0.2034818688
4946 0.2035122146
4947 0.2035425605
4948 0.2035729063
4949 0.2036032521
4950 0.2036335979
4951 0.2036639438
4952 0.2036942896
4953 0.2037246354
4954 0.2037549813
4955 0.2037853271
4956 0.2038156729
4957 0.2038460188
4958 0.2038763646
4959 0.2039067104
4960 0.2039370562
4961 0.2039674021
4962 0.2039977479
4963 0.2040280937
4964 0.2040584396
4965 0.2040887854
4966 0.2041191312
4967 0.2041494771
4968 0.2041798229
4969 0.2042101687
4970 0.2042405145
4971 0.2042708604
4972 0.2043012062
4973 0.204331552
4974 0.2043618979
4975 0.2043922437
4976 0.2044225895
4977 0.2044529353
4978 0.2044832812
4979 0.204513627
4980 0.2045439728
4981 0.2045743187
4982 0.2046046645
4983 0.2046350103
4984 0.2046653562
4985 0.204695702
4986 0.2047260478
4987 0.2047563936
4988 0.2047867395
4989 0.2048170853
4990 0.2048474311
4991 0.204877777
4992 0.2049081228
4993 0.2049384686
4994 0.2049688145
4995 0.2049991603
4996 0.2050295061
4997 0.2050598519
4998 0.2050901978
4999 0.2051205436
5000 0.2051508894
5001 0.2051812353
5002 0.2052115811
5003 0.2052419269
5004 0.2052722727
5005 0.2053026186
5006 0.2053329644
5007 0.2053633102
5008 0.2053936561
5009 0.2054240019
5010 0.2054543477
5011 0.2054846936
5012 0.2055150394
5013 0.2055453852
5014 0.205575731
5015 0.2056060769
5016 0.2056364227
5017 0.2056667685
5018 0.2056971144
5019 0.2057274602
5020 0.205757806
5021 0.2057881518
5022 0.2058184977
5023 0.2058488435
5024 0.2058791893
5025 0.2059095352
5026 0.205939881
5027 0.2059702268
5028 0.2060005727
5029 0.2060309185
5030 0.2060612643
5031 0.2060916101
5032 0.206121956
5033 0.2061523018
5034 0.2061826476
5035 0.2062129935
5036 0.2062433393
5037 0.2062736851
5038 0.206304031
5039 0.2063343768
5040 0.2063647226
5041 0.2063950684
5042 0.2064254143
5043 0.2064557601
5044 0.2064861059
5045 0.2065164518
5046 0.2065467976
5047 0.2065771434
5048 0.2066074892
5049 0.2066378351
5050 0.2066681809
5051 0.2066985267
5052 0.2067288726
5053 0.2067592184
5054 0.2067895642
5055 0.2068199101
5056 0.2068502559
5057 0.2068806017
5058 0.2069109475
5059 0.2069412934
5060 0.2069716392
5061 0.207001985
5062 0.2070323309
5063 0.2070626767
5064 0.2070930225
5065 0.2071233684
5066 0.2071537142
5067 0.20718406
5068 0.2072144058
5069 0.2072447517
5070 0.2072750975
5071 0.2073054433
5072 0.2073357892
5073 0.207366135
5074 0.2073964808
5075 0.2074268266
5076 0.2074571725
5077 0.2074875183
5078 0.2075178641
5079 0.20754821
5080 0.2075785558
5081 0.2076089016
5082 0.2076392475
5083 0.2076695933
5084 0.2076999391
5085 0.2077302849
5086 0.2077606308
5087 0.2077909766
5088 0.2078213224
5089 0.2078516683
5090 0.2078820141
5091 0.2079123599
5092 0.2079427057
5093 0.2079730516
5094 0.2080033974
5095 0.2080337432
5096 0.2080640891
5097 0.2080944349
5098 0.2081247807
5099 0.2081551266
5100 0.2081854724
5101 0.2082158182
5102 0.208246164
5103 0.2082765099
5104 0.2083068557
5105 0.2083372015
5106 0.2083675474
5107 0.2083978932
5108 0.208428239
5109 0.2084585849
5110 0.2084889307
5111 0.2085192765
5112 0.2085496223
5113 0.2085799682
5114 0.208610314
5115 0.2086406598
5116 0.2086710057
5117 0.2087013515
5118 0.2087316973
5119 0.2087620431
5120 0.208792389
5121 0.2088227348
5122 0.2088530806
5123 0.2088834265
5124 0.2089137723
5125 0.2089441181
5126 0.208974464
5127 0.2090048098
5128 0.2090351556
5129 0.2090655014
5130 0.2090958473
5131 0.2091261931
5132 0.2091565389
5133 0.2091868848
5134 0.2092172306
5135 0.2092475764
5136 0.2092779223
5137 0.2093082681
5138 0.2093386139
5139 0.2093689597
5140 0.2093993056
5141 0.2094296514
5142 0.2094599972
5143 0.2094903431
5144 0.2095206889
5145 0.2095510347
5146 0.2095813805
5147 0.2096117264
5148 0.2096420722
5149 0.209672418
5150 0.2097027639
5151 0.2097331097
5152 0.2097634555
5153 0.2097938014
5154 0.2098241472
5155 0.209854493
5156 0.2098848388
5157 0.2099151847
5158 0.2099455305
5159 0.2099758763
5160 0.2100062222
5161 0.210036568
5162 0.2100669138
5163 0.2100972596
5164 0.2101276055
5165 0.2101579513
5166 0.2101882971
5167 0.210218643
5168 0.2102489888
5169 0.2102793346
5170 0.2103096805
5171 0.2103400263
5172 0.2103703721
5173 0.2104007179
5174 0.2104310638
5175 0.2104614096
5176 0.2104917554
5177 0.2105221013
5178 0.2105524471
5179 0.2105827929
5180 0.2106131388
5181 0.2106434846
5182 0.2106738304
5183 0.2107041762
5184 0.2107345221
5185 0.2107648679
5186 0.2107952137
5187 0.2108255596
5188 0.2108559054
5189 0.2108862512
5190 0.210916597
5191 0.2109469429
5192 0.2109772887
5193 0.2110076345
5194 0.2110379804
5195 0.2110683262
5196 0.211098672
5197 0.2111290179
5198 0.2111593637
5199 0.2111897095
5200 0.2112200553
5201 0.2112504012
5202 0.211280747
5203 0.2113110928
5204 0.2113414387
5205 0.2113717845
5206 0.2114021303
5207 0.2114324762
5208 0.211462822
5209 0.2114931678
5210 0.2115235136
5211 0.2115538595
5212 0.2115842053
5213 0.2116145511
5214 0.211644897
5215 0.2116752428
5216 0.2117055886
5217 0.2117359344
5218 0.2117662803
5219 0.2117966261
5220 0.2118269719
5221 0.2118573178
5222 0.2118876636
5223 0.2119180094
5224 0.2119483553
5225 0.2119787011
5226 0.2120090469
5227 0.2120393927
5228 0.2120697386
5229 0.2121000844
5230 0.2121304302
5231 0.2121607761
5232 0.2121911219
5233 0.2122214677
5234 0.2122518135
5235 0.2122821594
5236 0.2123125052
5237 0.212342851
5238 0.2123731969
5239 0.2124035427
5240 0.2124338885
5241 0.2124642344
5242 0.2124945802
5243 0.212524926
5244 0.2125552718
5245 0.2125856177
5246 0.2126159635
5247 0.2126463093
5248 0.2126766552
5249 0.212707001
5250 0.2127373468
5251 0.2127676927
5252 0.2127980385
5253 0.2128283843
5254 0.2128587301
5255 0.212889076
5256 0.2129194218
5257 0.2129497676
5258 0.2129801135
5259 0.2130104593
5260 0.2130408051
5261 0.2130711509
5262 0.2131014968
5263 0.2131318426
5264 0.2131621884
5265 0.2131925343
5266 0.2132228801
5267 0.2132532259
5268 0.2132835718
5269 0.2133139176
5270 0.2133442634
5271 0.2133746092
5272 0.2134049551
5273 0.2134353009
5274 0.2134656467
5275 0.2134959926
5276 0.2135263384
5277 0.2135566842
5278 0.21358703
5279 0.2136173759
5280 0.2136477217
5281 0.2136780675
5282 0.2137084134
5283 0.2137387592
5284 0.213769105
5285 0.2137994509
5286 0.2138297967
5287 0.2138601425
5288 0.2138904883
5289 0.2139208342
5290 0.21395118
5291 0.2139815258
5292 0.2140118717
5293 0.2140422175
5294 0.2140725633
5295 0.2141029092
5296 0.214133255
5297 0.2141636008
5298 0.2141939466
5299 0.2142242925
5300 0.2142546383
5301 0.2142849841
5302 0.21431533
5303 0.2143456758
5304 0.2143760216
5305 0.2144063674
5306 0.2144367133
5307 0.2144670591
5308 0.2144974049
5309 0.2145277508
5310 0.2145580966
5311 0.2145884424
5312 0.2146187883
5313 0.2146491341
5314 0.2146794799
5315 0.2147098257
5316 0.2147401716
5317 0.2147705174
5318 0.2148008632
5319 0.2148312091
5320 0.2148615549
5321 0.2148919007
5322 0.2149222466
5323 0.2149525924
5324 0.2149829382
5325 0.215013284
5326 0.2150436299
5327 0.2150739757
5328 0.2151043215
5329 0.2151346674
5330 0.2151650132
5331 0.215195359
5332 0.2152257048
5333 0.2152560507
5334 0.2152863965
5335 0.2153167423
5336 0.2153470882
5337 0.215377434
5338 0.2154077798
5339 0.2154381257
5340 0.2154684715
5341 0.2154988173
5342 0.2155291631
5343 0.215559509
5344 0.2155898548
5345 0.2156202006
5346 0.2156505465
5347 0.2156808923
5348 0.2157112381
5349 0.2157415839
5350 0.2157719298
5351 0.2158022756
5352 0.2158326214
5353 0.2158629673
5354 0.2158933131
5355 0.2159236589
5356 0.2159540048
5357 0.2159843506
5358 0.2160146964
5359 0.2160450422
5360 0.2160753881
5361 0.2161057339
5362 0.2161360797
5363 0.2161664256
5364 0.2161967714
5365 0.2162271172
5366 0.2162574631
5367 0.2162878089
5368 0.2163181547
5369 0.2163485005
5370 0.2163788464
5371 0.2164091922
5372 0.216439538
5373 0.2164698839
5374 0.2165002297
5375 0.2165305755
5376 0.2165609213
5377 0.2165912672
5378 0.216621613
5379 0.2166519588
5380 0.2166823047
5381 0.2167126505
5382 0.2167429963
5383 0.2167733422
5384 0.216803688
5385 0.2168340338
5386 0.2168643796
5387 0.2168947255
5388 0.2169250713
5389 0.2169554171
5390 0.216985763
5391 0.2170161088
5392 0.2170464546
5393 0.2170768005
5394 0.2171071463
5395 0.2171374921
5396 0.2171678379
5397 0.2171981838
5398 0.2172285296
5399 0.2172588754
5400 0.2172892213
5401 0.2173195671
5402 0.2173499129
5403 0.2173802587
5404 0.2174106046
5405 0.2174409504
5406 0.2174712962
5407 0.2175016421
5408 0.2175319879
5409 0.2175623337
5410 0.2175926796
5411 0.2176230254
5412 0.2176533712
5413 0.217683717
5414 0.2177140629
5415 0.2177444087
5416 0.2177747545
5417 0.2178051004
5418 0.2178354462
5419 0.217865792
5420 0.2178961378
5421 0.2179264837
5422 0.2179568295
5423 0.2179871753
5424 0.2180175212
5425 0.218047867
5426 0.2180782128
5427 0.2181085587
5428 0.2181389045
5429 0.2181692503
5430 0.2181995961
5431 0.218229942
5432 0.2182602878
5433 0.2182906336
5434 0.2183209795
5435 0.2183513253
5436 0.2183816711
5437 0.218412017
5438 0.2184423628
5439 0.2184727086
5440 0.2185030544
5441 0.2185334003
5442 0.2185637461
5443 0.2185940919
5444 0.2186244378
5445 0.2186547836
5446 0.2186851294
5447 0.2187154752
5448 0.2187458211
5449 0.2187761669
5450 0.2188065127
5451 0.2188368586
5452 0.2188672044
5453 0.2188975502
5454 0.2189278961
5455 0.2189582419
5456 0.2189885877
5457 0.2190189335
5458 0.2190492794
5459 0.2190796252
5460 0.219109971
5461 0.2191403169
5462 0.2191706627
5463 0.2192010085
5464 0.2192313544
5465 0.2192617002
5466 0.219292046
5467 0.2193223918
5468 0.2193527377
5469 0.2193830835
5470 0.2194134293
5471 0.2194437752
5472 0.219474121
5473 0.2195044668
5474 0.2195348126
5475 0.2195651585
5476 0.2195955043
5477 0.2196258501
5478 0.219656196
5479 0.2196865418
5480 0.2197168876
5481 0.2197472335
5482 0.2197975851
5483 0.2198479368
5484 0.2198982885
5485 0.2199486402
5486 0.2199989918
5487 0.2200493435
5488 0.2200996952
5489 0.2201500469
5490 0.2202003985
5491 0.2202507502
5492 0.2203011019
5493 0.2203514535
5494 0.2204018052
5495 0.2204521569
5496 0.2205025086
5497 0.2205528602
5498 0.2206032119
5499 0.2206535636
5500 0.2207039153
5501 0.2207542669
5502 0.2208046186
5503 0.2208549703
5504 0.220905322
5505 0.2209556736
5506 0.2210060253
5507 0.221056377
5508 0.2211067287
5509 0.2211570803
5510 0.221207432
5511 0.2212577837
5512 0.2213081354
5513 0.221358487
5514 0.2214088387
5515 0.2214591904
5516 0.2215095421
5517 0.2215598937
5518 0.2216102454
5519 0.2216605971
5520 0.2217109488
5521 0.2217613004
5522 0.2218116521
5523 0.2218620038
5524 0.2219123555
5525 0.2219627071
5526 0.2220130588
5527 0.2220634105
5528 0.2221137622
5529 0.2221641138
5530 0.2222144655
5531 0.2222648172
5532 0.2223151689
5533 0.2223655205
5534 0.2224158722
5535 0.2224662239
5536 0.2225165756
5537 0.2225669272
5538 0.2226172789
5539 0.2226676306
5540 0.2227179823
5541 0.2227683339
5542 0.2228186856
5543 0.2228690373
5544 0.222919389
5545 0.2229697406
5546 0.2230200923
5547 0.223070444
5548 0.2231207957
5549 0.2231711473
5550 0.223221499
5551 0.2232718507
5552 0.2233222024
5553 0.223372554
5554 0.2234229057
5555 0.2234732574
5556 0.223523609
5557 0.2235739607
5558 0.2236243124
5559 0.2236746641
5560 0.2237250157
5561 0.2237753674
5562 0.2238257191
5563 0.2238760708
5564 0.2239264224
5565 0.2239767741
5566 0.2240271258
5567 0.2240774775
5568 0.2241278291
5569 0.2241781808
5570 0.2242285325
5571 0.2242788842
5572 0.2243292358
5573 0.2243795875
5574 0.2244299392
5575 0.2244802909
5576 0.2245306425
5577 0.2245809942
5578 0.2246313459
5579 0.2246816976
5580 0.2247320492
5581 0.2247824009
5582 0.2248327526
5583 0.2248831043
5584 0.2249334559
5585 0.2249838076
5586 0.2250341593
5587 0.225084511
5588 0.2251348626
5589 0.2251852143
5590 0.225235566
5591 0.2252859177
5592 0.2253362693
5593 0.225386621
5594 0.2254369727
5595 0.2254873244
5596 0.225537676
5597 0.2255880277
5598 0.2256383794
5599 0.2256887311
5600 0.2257390827
5601 0.2257894344
5602 0.2258397861
5603 0.2258901378
5604 0.2259404894
5605 0.2259908411
5606 0.2260411928
5607 0.2260915445
5608 0.2261418961
5609 0.2261922478
5610 0.2262425995
5611 0.2262929512
5612 0.2263433028
5613 0.2263936545
5614 0.2264440062
5615 0.2264943579
5616 0.2265447095
5617 0.2265950612
5618 0.2266454129
5619 0.2266957646
5620 0.2267461162
5621 0.2267964679
5622 0.2268468196
5623 0.2268971712
5624 0.2269475229
5625 0.2269978746
5626 0.2270482263
5627 0.2270985779
5628 0.2271489296
5629 0.2271992813
5630 0.227249633
5631 0.2272999846
5632 0.2273503363
5633 0.227400688
5634 0.2274510397
5635 0.2275013913
5636 0.227551743
5637 0.2276020947
5638 0.2276524464
5639 0.227702798
5640 0.2277531497
5641 0.2278035014
5642 0.2278538531
5643 0.2279042047
5644 0.2279545564
5645 0.2280049081
5646 0.2280552598
5647 0.2281056114
5648 0.2281559631
5649 0.2282063148
5650 0.2282566665
5651 0.2283070181
5652 0.2283573698
5653 0.2284077215
5654 0.2284580732
5655 0.2285084248
5656 0.2285587765
5657 0.2286091282
5658 0.2286594799
5659 0.2287098315
5660 0.2287601832
5661 0.2288105349
5662 0.2288608866
5663 0.2289112382
5664 0.2289615899
5665 0.2290119416
5666 0.2290622933
5667 0.2291126449
5668 0.2291629966
5669 0.2292133483
5670 0.2292637
5671 0.2293140516
5672 0.2293644033
5673 0.229414755
5674 0.2294651067
5675 0.2295154583
5676 0.22956581
5677 0.2296161617
5678 0.2296665134
5679 0.229716865
5680 0.2297672167
5681 0.2298175684
5682 0.2298679201
5683 0.2299182717
5684 0.2299686234
5685 0.2300189751
5686 0.2300693267
5687 0.2301196784
5688 0.2301700301
5689 0.2302203818
5690 0.2302707334
5691 0.2303210851
5692 0.2303714368
5693 0.2304217885
5694 0.2304721401
5695 0.2305224918
5696 0.2305728435
5697 0.2306231952
5698 0.2306735468
5699 0.2307238985
5700 0.2307742502
5701 0.2308246019
5702 0.2308749535
5703 0.2309253052
5704 0.2309756569
5705 0.2310260086
5706 0.2310763602
5707 0.2311267119
5708 0.2311770636
5709 0.2312274153
5710 0.2312777669
5711 0.2313281186
5712 0.2313784703
5713 0.231428822
5714 0.2314791736
5715 0.2315295253
5716 0.231579877
5717 0.2316302287
5718 0.2316805803
5719 0.231730932
5720 0.2317812837
5721 0.2318316354
5722 0.231881987
5723 0.2319323387
5724 0.2319826904
5725 0.2320330421
5726 0.2320833937
5727 0.2321337454
5728 0.2321840971
5729 0.2322344488
5730 0.2322848004
5731 0.2323351521
5732 0.2323855038
5733 0.2324358555
5734 0.2324862071
5735 0.2325365588
5736 0.2325869105
5737 0.2326372622
5738 0.2326876138
5739 0.2327379655
5740 0.2327883172
5741 0.2328386689
5742 0.2328890205
5743 0.2329393722
5744 0.2329897239
5745 0.2330400756
5746 0.2330904272
5747 0.2331407789
5748 0.2331911306
5749 0.2332414823
5750 0.2332918339
5751 0.2333421856
5752 0.2333925373
5753 0.2334428889
5754 0.2334932406
5755 0.2335435923
5756 0.233593944
5757 0.2336442956
5758 0.2336946473
5759 0.233744999
5760 0.2337953507
5761 0.2338457023
5762 0.233896054
5763 0.2339464057
5764 0.2339967574
5765 0.234047109
5766 0.2340974607
5767 0.2341478124
5768 0.2341981641
5769 0.2342485157
5770 0.2342988674
5771 0.2343492191
5772 0.2343995708
5773 0.2344499224
5774 0.2345002741
5775 0.2345506258
5776 0.2346009775
5777 0.2346513291
5778 0.2347016808
5779 0.2347520325
5780 0.2348023842
5781 0.2348527358
5782 0.2349030875
5783 0.2349534392
5784 0.2350037909
5785 0.2350541425
5786 0.2351044942
5787 0.2351548459
5788 0.2352051976
5789 0.2352555492
5790 0.2353059009
5791 0.2353562526
5792 0.2354066043
5793 0.2354569559
5794 0.2355073076
5795 0.2355576593
5796 0.235608011
5797 0.2356583626
5798 0.2357087143
5799 0.235759066
5800 0.2358094177
5801 0.2358597693
5802 0.235910121
5803 0.2359604727
5804 0.2360108244
5805 0.236061176
5806 0.2361115277
5807 0.2361618794
5808 0.2362122311
5809 0.2362625827
5810 0.2363129344
5811 0.2363632861
5812 0.2364136378
5813 0.2364639894
5814 0.2365143411
5815 0.2365646928
5816 0.2366150444
5817 0.2366653961
5818 0.2367157478
5819 0.2367660995
5820 0.2368164511
5821 0.2368668028
5822 0.2369171545
5823 0.2369675062
5824 0.2370178578
5825 0.2370682095
5826 0.2371185612
5827 0.2371689129
5828 0.2372192645
5829 0.2372696162
5830 0.2373199679
5831 0.2373703196
5832 0.2374206712
5833 0.2374710229
5834 0.2375213746
5835 0.2375717263
5836 0.2376220779
5837 0.2376724296
5838 0.2377227813
5839 0.237773133
5840 0.2378234846
5841 0.2378738363
5842 0.237924188
5843 0.2379745397
5844 0.2380248913
5845 0.238075243
5846 0.2381255947
5847 0.2381759464
5848 0.238226298
5849 0.2382766497
5850 0.2383270014
5851 0.2383773531
5852 0.2384277047
5853 0.2384780564
5854 0.2385284081
5855 0.2385787598
5856 0.2386291114
5857 0.2386794631
5858 0.2387298148
5859 0.2387801665
5860 0.2388305181
5861 0.2388808698
5862 0.2389312215
5863 0.2389815732
5864 0.2390319248
5865 0.2390822765
5866 0.2391326282
5867 0.2391829799
5868 0.2392333315
5869 0.2392836832
5870 0.2393340349
5871 0.2393843866
5872 0.2394347382
5873 0.2394850899
5874 0.2395354416
5875 0.2395857933
5876 0.2396361449
5877 0.2396864966
5878 0.2397368483
5879 0.2397872
5880 0.2398375516
5881 0.2398879033
5882 0.239938255
5883 0.2399886066
5884 0.2400389583
5885 0.24008931
5886 0.2401396617
5887 0.2401900133
5888 0.240240365
5889 0.2402907167
5890 0.2403410684
5891 0.24039142
5892 0.2404417717
5893 0.2404921234
5894 0.2405424751
5895 0.2405928267
5896 0.2406431784
5897 0.2406935301
5898 0.2407438818
5899 0.2407942334
5900 0.2408445851
5901 0.2408949368
5902 0.2409452885
5903 0.2409956401
5904 0.2410459918
5905 0.2410963435
5906 0.2411466952
5907 0.2411970468
5908 0.2412473985
5909 0.2412977502
5910 0.2413481019
5911 0.2413984535
5912 0.2414488052
5913 0.2414991569
5914 0.2415495086
5915 0.2415998602
5916 0.2416502119
5917 0.2417005636
5918 0.2417509153
5919 0.2418012669
5920 0.2418516186
5921 0.2419019703
5922 0.241952322
5923 0.2420026736
5924 0.2420530253
5925 0.242103377
5926 0.2421537287
5927 0.2422040803
5928 0.242254432
5929 0.2423047837
5930 0.2423551354
5931 0.242405487
5932 0.2424558387
5933 0.2425061904
5934 0.2425565421
5935 0.2426068937
5936 0.2426572454
5937 0.2427075971
5938 0.2427579488
5939 0.2428083004
5940 0.2428586521
5941 0.2429090038
5942 0.2429593555
5943 0.2430097071
5944 0.2430600588
5945 0.2431104105
5946 0.2431607621
5947 0.2432111138
5948 0.2432614655
5949 0.2433118172
5950 0.2433621688
5951 0.2434125205
5952 0.2434628722
5953 0.2435132239
5954 0.2435635755
5955 0.2436139272
5956 0.2436642789
5957 0.2437146306
5958 0.2437649822
5959 0.2438153339
5960 0.2438656856
5961 0.2439160373
5962 0.2439663889
5963 0.2440167406
5964 0.2440670923
5965 0.244117444
5966 0.2441677956
5967 0.2442181473
5968 0.244268499
5969 0.2443188507
5970 0.2443692023
5971 0.244419554
5972 0.2444699057
5973 0.2445202574
5974 0.244570609
5975 0.2446209607
5976 0.2446713124
5977 0.2447216641
5978 0.2447720157
5979 0.2448223674
5980 0.2448727191
5981 0.2449230708
5982 0.2449734224
5983 0.2450237741
5984 0.2450741258
5985 0.2451244775
5986 0.2451748291
5987 0.2452251808
5988 0.2452755325
5989 0.2453258842
5990 0.2453762358
5991 0.2454265875
5992 0.2454769392
5993 0.2455272909
5994 0.2455776425
5995 0.2456279942
5996 0.2456783459
5997 0.2457286976
5998 0.2457790492
5999 0.2458294009
6000 0.2458797526
6001 0.2459301043
6002 0.2459804559
6003 0.2460308076
6004 0.2460811593
6005 0.246131511
6006 0.2461818626
6007 0.2462322143
6008 0.246282566
6009 0.2463329176
6010 0.2463832693
6011 0.246433621
6012 0.2464839727
6013 0.2465343243
6014 0.246584676
6015 0.2466350277
6016 0.2466853794
6017 0.246735731
6018 0.2467860827
6019 0.2468364344
6020 0.2468867861
6021 0.2469371377
6022 0.2469874894
6023 0.2470378411
6024 0.2470881928
6025 0.2471385444
6026 0.2471888961
6027 0.2472392478
6028 0.2472895995
6029 0.2473399511
6030 0.2473903028
6031 0.2474406545
6032 0.2474910062
6033 0.2475413578
6034 0.2475917095
6035 0.2476420612
6036 0.2476924129
6037 0.2477427645
6038 0.2477931162
6039 0.2478434679
6040 0.2478938196
6041 0.2479441712
6042 0.2479945229
6043 0.2480448746
6044 0.2480952263
6045 0.2481455779
6046 0.2481959296
6047 0.2482462813
6048 0.248296633
6049 0.2483469846
6050 0.2483973363
6051 0.248447688
6052 0.2484980397
6053 0.2485483913
6054 0.248598743
6055 0.2486490947
6056 0.2486994464
6057 0.248749798
6058 0.2488001497
6059 0.2488505014
6060 0.2489008531
6061 0.2489512047
6062 0.2490015564
6063 0.2490519081
6064 0.2491022598
6065 0.2491526114
6066 0.2492029631
6067 0.2492533148
6068 0.2493036665
6069 0.2493540181
6070 0.2494043698
6071 0.2494547215
6072 0.2495050732
6073 0.2495554248
6074 0.2496057765
6075 0.2496561282
6076 0.2497064798
6077 0.2497568315
6078 0.2498071832
6079 0.2498575349
6080 0.2499078865
6081 0.2499582382
6082 0.2500085899
6083 0.2500589416
6084 0.2501092932
6085 0.2501596449
6086 0.2502099966
6087 0.2502603483
6088 0.2503106999
6089 0.2503610516
6090 0.2504114033
6091 0.250461755
6092 0.2505121066
6093 0.2505624583
6094 0.25061281
6095 0.2506631617
6096 0.2507135133
6097 0.250763865
6098 0.2508142167
6099 0.2508645684
6100 0.25091492
6101 0.2509652717
6102 0.2510156234
6103 0.2510659751
6104 0.2511163267
6105 0.2511666784
6106 0.2512170301
6107 0.2512673818
6108 0.2513177334
6109 0.2513680851
6110 0.2514184368
6111 0.2514687885
6112 0.2515191401
6113 0.2515694918
6114 0.2516198435
6115 0.2516701952
6116 0.2517205468
6117 0.2517708985
6118 0.2518212502
6119 0.2518716019
6120 0.2519219535
6121 0.2519723052
6122 0.2520226569
6123 0.2520730086
6124 0.2521233602
6125 0.2521737119
6126 0.2522240636
6127 0.2522744153
6128 0.2523247669
6129 0.2523751186
6130 0.2524254703
6131 0.252475822
6132 0.2525261736
6133 0.2525765253
6134 0.252626877
6135 0.2526772287
6136 0.2527275803
6137 0.252777932
6138 0.2528282837
6139 0.2528786353
6140 0.252928987
6141 0.2529793387
6142 0.2530296904
6143 0.253080042
6144 0.2531303937
6145 0.2531807454
6146 0.2532310971
6147 0.2532814487
6148 0.2533318004
6149 0.2533821521
6150 0.2534325038
6151 0.2534828554
6152 0.2535332071
6153 0.2535835588
6154 0.2536339105
6155 0.2536842621
6156 0.2537346138
6157 0.2537849655
6158 0.2538353172
6159 0.2538856688
6160 0.2539360205
6161 0.2539863722
6162 0.2540367239
6163 0.2540870755
6164 0.2541374272
6165 0.2541877789
6166 0.2542381306
6167 0.2542884822
6168 0.2543388339
6169 0.2543891856
6170 0.2544395373
6171 0.2544898889
6172 0.2545402406
6173 0.2545905923
6174 0.254640944
6175 0.2546912956
6176 0.2547416473
6177 0.254791999
6178 0.2548423507
6179 0.2548927023
6180 0.254943054
6181 0.2549934057
6182 0.2550437574
6183 0.255094109
6184 0.2551444607
6185 0.2551948124
6186 0.2552451641
6187 0.2552955157
6188 0.2553458674
6189 0.2553962191
6190 0.2554465708
6191 0.2554969224
6192 0.2555472741
6193 0.2555976258
6194 0.2556479775
6195 0.2556983291
6196 0.2557486808
6197 0.2557990325
6198 0.2558493842
6199 0.2558997358
6200 0.2559500875
6201 0.2560004392
6202 0.2560507909
6203 0.2561011425
6204 0.2561514942
6205 0.2562018459
6206 0.2562521975
6207 0.2563025492
6208 0.2563529009
6209 0.2564032526
6210 0.2564536042
6211 0.2565039559
6212 0.2565543076
6213 0.2566046593
6214 0.2566550109
6215 0.2567053626
6216 0.2567557143
6217 0.256806066
6218 0.2568564176
6219 0.2569067693
6220 0.256957121
6221 0.2570074727
6222 0.2570578243
6223 0.257108176
6224 0.2571585277
6225 0.2572088794
6226 0.257259231
6227 0.2573095827
6228 0.2573599344
6229 0.2574102861
6230 0.2574606377
6231 0.2575109894
6232 0.2575613411
6233 0.2576116928
6234 0.2576620444
6235 0.2577123961
6236 0.2577627478
6237 0.2578130995
6238 0.2578634511
6239 0.2579138028
6240 0.2579641545
6241 0.2580145062
6242 0.2580648578
6243 0.2581152095
6244 0.2581655612
6245 0.2582159129
6246 0.2582662645
6247 0.2583166162
6248 0.2583669679
6249 0.2584173196
6250 0.2584676712
6251 0.2585180229
6252 0.2585683746
6253 0.2586187263
6254 0.2586690779
6255 0.2587194296
6256 0.2587697813
6257 0.258820133
6258 0.2588704846
6259 0.2589208363
6260 0.258971188
6261 0.2590215397
6262 0.2590718913
6263 0.259122243
6264 0.2591725947
6265 0.2592229464
6266 0.259273298
6267 0.2593236497
6268 0.2593740014
6269 0.259424353
6270 0.2594747047
6271 0.2595250564
6272 0.2595754081
6273 0.2596257597
6274 0.2596761114
6275 0.2597264631
6276 0.2597768148
6277 0.2598271664
6278 0.2598775181
6279 0.2599278698
6280 0.2599782215
6281 0.2600285731
6282 0.2600789248
6283 0.2601292765
6284 0.2601796282
6285 0.2602299798
6286 0.2602803315
6287 0.2603306832
6288 0.2603810349
6289 0.2604313865
6290 0.2604817382
6291 0.2605320899
6292 0.2605824416
6293 0.2606327932
6294 0.2606831449
6295 0.2607334966
6296 0.2607838483
6297 0.2608341999
6298 0.2608845516
6299 0.2609349033
6300 0.260985255
6301 0.2610356066
6302 0.2610859583
6303 0.26113631
6304 0.2611866617
6305 0.2612370133
6306 0.261287365
6307 0.2613377167
6308 0.2613880684
6309 0.26143842
6310 0.2614887717
6311 0.2615391234
6312 0.2615894751
6313 0.2616398267
6314 0.2616901784
6315 0.2617405301
6316 0.2617908818
6317 0.2618412334
6318 0.2618915851
6319 0.2619419368
6320 0.2619922885
6321 0.2620426401
6322 0.2620929918
6323 0.2621433435
6324 0.2621936952
6325 0.2622440468
6326 0.2622943985
6327 0.2623447502
6328 0.2623951019
6329 0.2624454535
6330 0.2624958052
6331 0.2625461569
6332 0.2625965086
6333 0.2626468602
6334 0.2626972119
6335 0.2627475636
6336 0.2627979152
6337 0.2628482669
6338 0.2628986186
6339 0.2629489703
6340 0.2629993219
6341 0.2630496736
6342 0.2631000253
6343 0.263150377
6344 0.2632007286
6345 0.2632510803
6346 0.263301432
6347 0.2633517837
6348 0.2634021353
6349 0.263452487
6350 0.2635028387
6351 0.2635531904
6352 0.263603542
6353 0.2636538937
6354 0.2637042454
6355 0.2637545971
6356 0.2638049487
6357 0.2638553004
6358 0.2639056521
6359 0.2639560038
6360 0.2640063554
6361 0.2640567071
6362 0.2641070588
6363 0.2641574105
6364 0.2642077621
6365 0.2642581138
6366 0.2643084655
6367 0.2643588172
6368 0.2644091688
6369 0.2644595205
6370 0.2645098722
6371 0.2645602239
6372 0.2646105755
6373 0.2646609272
6374 0.2647112789
6375 0.2647616306
6376 0.2648119822
6377 0.2648623339
6378 0.2649126856
6379 0.2649630373
6380 0.2650133889
6381 0.2650637406
6382 0.2651140923
6383 0.265164444
6384 0.2652147956
6385 0.2652651473
6386 0.265315499
6387 0.2653658507
6388 0.2654162023
6389 0.265466554
6390 0.2655169057
6391 0.2655672574
6392 0.265617609
6393 0.2656679607
6394 0.2657183124
6395 0.2657686641
6396 0.2658190157
6397 0.2658693674
6398 0.2659197191
6399 0.2659700707
6400 0.2660204224
6401 0.2660707741
6402 0.2661211258
6403 0.2661714774
6404 0.2662218291
6405 0.2662721808
6406 0.2663225325
6407 0.2663728841
6408 0.2664232358
6409 0.2664735875
6410 0.2665239392
6411 0.2665742908
6412 0.2666246425
6413 0.2666749942
6414 0.2667253459
6415 0.2667756975
6416 0.2668260492
6417 0.2668764009
6418 0.2669267526
6419 0.2669771042
6420 0.2670274559
6421 0.2670778076
6422 0.2671281593
6423 0.2671785109
6424 0.2672288626
6425 0.2672792143
6426 0.267329566
6427 0.2673799176
6428 0.2674302693
6429 0.267480621
6430 0.2675309727
6431 0.2675813243
6432 0.267631676
6433 0.2676820277
6434 0.2677323794
6435 0.267782731
6436 0.2678330827
6437 0.2678834344
6438 0.2679337861
6439 0.2679841377
6440 0.2680344894
6441 0.2680848411
6442 0.2681351928
6443 0.2681855444
6444 0.2682358961
6445 0.2682862478
6446 0.2683365995
6447 0.2683869511
6448 0.2684373028
6449 0.2684876545
6450 0.2685380062
6451 0.2685883578
6452 0.2686387095
6453 0.2686890612
6454 0.2687394129
6455 0.2687897645
6456 0.2688401162
6457 0.2688904679
6458 0.2689408196
6459 0.2689911712
6460 0.2690415229
6461 0.2690918746
6462 0.2691422262
6463 0.2691925779
6464 0.2692429296
6465 0.2692932813
6466 0.2693436329
6467 0.2693939846
6468 0.2694443363
6469 0.269494688
6470 0.2695450396
6471 0.2695953913
6472 0.269645743
6473 0.2696960947
6474 0.2697464463
6475 0.269796798
6476 0.2698471497
6477 0.2698975014
6478 0.269947853
6479 0.2699982047
6480 0.2700485564
6481 0.2700989081
6482 0.2701492597
6483 0.2701996114
6484 0.2702499631
6485 0.2703003148
6486 0.2703506664
6487 0.2704010181
6488 0.2704513698
6489 0.2705017215
6490 0.2705520731
6491 0.2706024248
6492 0.2706527765
6493 0.2707031282
6494 0.2707534798
6495 0.2708038315
6496 0.2708541832
6497 0.2709045349
6498 0.2709548865
6499 0.2710052382
6500 0.2710555899
6501 0.2711059416
6502 0.2711562932
6503 0.2712066449
6504 0.2712569966
6505 0.2713073483
6506 0.2713576999
6507 0.2714080516
6508 0.2714584033
6509 0.271508755
6510 0.2715591066
6511 0.2716094583
6512 0.27165981
6513 0.2717101617
6514 0.2717605133
6515 0.271810865
6516 0.2718612167
6517 0.2719115684
6518 0.27196192
6519 0.2720122717
6520 0.2720626234
6521 0.2721129751
6522 0.2721633267
6523 0.2722136784
6524 0.2722640301
6525 0.2723143818
6526 0.2723647334
6527 0.2724150851
6528 0.2724654368
6529 0.2725157884
6530 0.2725661401
6531 0.2726164918
6532 0.2726668435
6533 0.2727171951
6534 0.2727675468
6535 0.2728178985
6536 0.2728682502
6537 0.2729186018
6538 0.2729689535
6539 0.2730193052
6540 0.2730696569
6541 0.2731200085
6542 0.2731703602
6543 0.2732207119
6544 0.2732710636
6545 0.2733214152
6546 0.2733717669
6547 0.2734221186
6548 0.2734724703
6549 0.2735228219
6550 0.2735731736
6551 0.2736235253
6552 0.273673877
6553 0.2737242286
6554 0.2737745803
6555 0.273824932
6556 0.2738752837
6557 0.2739256353
6558 0.273975987
6559 0.2740263387
6560 0.2740766904
6561 0.274127042
6562 0.2741773937
6563 0.2742277454
6564 0.2742780971
6565 0.2743284487
6566 0.2743788004
6567 0.2744291521
6568 0.2744795038
6569 0.2745298554
6570 0.2745802071
6571 0.2746305588
6572 0.2746809105
6573 0.2747312621
6574 0.2747816138
6575 0.2748319655
6576 0.2748823172
6577 0.2749326688
6578 0.2749830205
6579 0.2750333722
6580 0.2750837239
6581 0.2751340755
6582 0.2751844272
6583 0.2752347789
6584 0.2752851306
6585 0.2753354822
6586 0.2753858339
6587 0.2754361856
6588 0.2754865373
6589 0.2755368889
6590 0.2755872406
6591 0.2756375923
6592 0.2756879439
6593 0.2757382956
6594 0.2757886473
6595 0.275838999
6596 0.2758893506
6597 0.2759397023
6598 0.275990054
6599 0.2760404057
6600 0.2760907573
6601 0.276141109
6602 0.2761914607
6603 0.2762418124
6604 0.276292164
6605 0.2763425157
6606 0.2763928674
6607 0.2764432191
6608 0.2764935707
6609 0.2765439224
6610 0.2765942741
6611 0.2766446258
6612 0.2766949774
6613 0.2767453291
6614 0.2767956808
6615 0.2768460325
6616 0.2768963841
6617 0.2769467358
6618 0.2769970875
6619 0.2770474392
6620 0.2770977908
6621 0.2771481425
6622 0.2771984942
6623 0.2772488459
6624 0.2772991975
6625 0.2773495492
6626 0.2773999009
6627 0.2774502526
6628 0.2775006042
6629 0.2775509559
6630 0.2776013076
6631 0.2776516593
6632 0.2777020109
6633 0.2777523626
6634 0.2778027143
6635 0.277853066
6636 0.2779034176
6637 0.2779537693
6638 0.278004121
6639 0.2780544727
6640 0.2781048243
6641 0.278155176
6642 0.2782055277
6643 0.2782558794
6644 0.278306231
6645 0.2783565827
6646 0.2784069344
6647 0.2784572861
6648 0.2785076377
6649 0.2785579894
6650 0.2786083411
6651 0.2786586928
6652 0.2787090444
6653 0.2787593961
6654 0.2788097478
6655 0.2788600995
6656 0.2789104511
6657 0.2789608028
6658 0.2790111545
6659 0.2790615061
6660 0.2791118578
6661 0.2791622095
6662 0.2792125612
6663 0.2792629128
6664 0.2793132645
6665 0.2793636162
6666 0.2794139679
6667 0.2794643195
6668 0.2795146712
6669 0.2795650229
6670 0.2796153746
6671 0.2796657262
6672 0.2797160779
6673 0.2797664296
6674 0.2798167813
6675 0.2798671329
6676 0.2799174846
6677 0.2799678363
6678 0.280018188
6679 0.2800685396
6680 0.2801188913
6681 0.280169243
6682 0.2802195947
6683 0.2802699463
6684 0.280320298
6685 0.2803706497
6686 0.2804210014
6687 0.280471353
6688 0.2805217047
6689 0.2805720564
6690 0.2806224081
6691 0.2806727597
6692 0.2807231114
6693 0.2807734631
6694 0.2808238148
6695 0.2808741664
6696 0.2809245181
6697 0.2809748698
6698 0.2810252215
6699 0.2810755731
6700 0.2811259248
6701 0.2811762765
6702 0.2812266282
6703 0.2812769798
6704 0.2813273315
6705 0.2813776832
6706 0.2814280349
6707 0.2814783865
6708 0.2815287382
6709 0.2815790899
6710 0.2816294416
6711 0.2816797932
6712 0.2817301449
6713 0.2817804966
6714 0.2818308483
6715 0.2818811999
6716 0.2819315516
6717 0.2819819033
6718 0.282032255
6719 0.2820826066
6720 0.2821329583
6721 0.28218331
6722 0.2822336616
6723 0.2822840133
6724 0.282334365
6725 0.2823847167
6726 0.2824350683
6727 0.28248542
6728 0.2825357717
6729 0.2825861234
6730 0.282636475
6731 0.2826868267
6732 0.2827371784
6733 0.2827875301
6734 0.2828378817
6735 0.2828882334
6736 0.2829385851
6737 0.2829889368
6738 0.2830392884
6739 0.2830896401
6740 0.2831399918
6741 0.2831903435
6742 0.2832406951
6743 0.2832910468
6744 0.2833413985
6745 0.2833917502
6746 0.2834421018
6747 0.2834924535
6748 0.2835428052
6749 0.2835931569
6750 0.2836435085
6751 0.2836938602
6752 0.2837442119
6753 0.2837945636
6754 0.2838449152
6755 0.2838952669
6756 0.2839456186
6757 0.2839959703
6758 0.2840463219
6759 0.2840966736
6760 0.2841470253
6761 0.284197377
6762 0.2842477286
6763 0.2842980803
6764 0.284348432
6765 0.2843987837
6766 0.2844491353
6767 0.284499487
6768 0.2845498387
6769 0.2846001904
6770 0.284650542
6771 0.2847008937
6772 0.2847512454
6773 0.2848015971
6774 0.2848519487
6775 0.2849023004
6776 0.2849526521
6777 0.2850030038
6778 0.2850533554
6779 0.2851037071
6780 0.2851540588
6781 0.2852044105
6782 0.2852547621
6783 0.2853051138
6784 0.2853554655
6785 0.2854058171
6786 0.2854561688
6787 0.2855065205
6788 0.2855568722
6789 0.2856072238
6790 0.2856575755
6791 0.2857079272
6792 0.2857582789
6793 0.2858086305
6794 0.2858589822
6795 0.2859093339
6796 0.2859596856
6797 0.2860100372
6798 0.2860603889
6799 0.2861107406
6800 0.2861610923
6801 0.2862114439
6802 0.2862617956
6803 0.2863121473
6804 0.286362499
6805 0.2864128506
6806 0.2864632023
6807 0.286513554
6808 0.2865639057
6809 0.2866142573
6810 0.286664609
6811 0.2867149607
6812 0.2867653124
6813 0.286815664
6814 0.2868660157
6815 0.2869163674
6816 0.2869667191
6817 0.2870170707
6818 0.2870674224
6819 0.2871177741
6820 0.2871681258
6821 0.2872184774
6822 0.2872688291
6823 0.2873191808
6824 0.2873695325
6825 0.2874198841
6826 0.2874702358
6827 0.2875205875
6828 0.2875709392
6829 0.2876212908
6830 0.2876716425
6831 0.2877219942
6832 0.2877723459
6833 0.2878226975
6834 0.2878730492
6835 0.2879234009
6836 0.2879737526
6837 0.2880241042
6838 0.2880744559
6839 0.2881248076
6840 0.2881751593
6841 0.2882255109
6842 0.2882758626
6843 0.2883262143
6844 0.288376566
6845 0.2884269176
6846 0.2884772693
6847 0.288527621
6848 0.2885779727
6849 0.2886283243
6850 0.288678676
6851 0.2887290277
6852 0.2887793793
6853 0.288829731
6854 0.2888800827
6855 0.2889304344
6856 0.288980786
6857 0.2890311377
6858 0.2890814894
6859 0.2891318411
6860 0.2891821927
6861 0.2892325444
6862 0.2892828961
6863 0.2893332478
6864 0.2893835994
6865 0.2894339511
6866 0.2894843028
6867 0.2895346545
6868 0.2895850061
6869 0.2896353578
6870 0.2896857095
6871 0.2897360612
6872 0.2897864128
6873 0.2898367645
6874 0.2898871162
6875 0.2899374679
6876 0.2899878195
6877 0.2900381712
6878 0.2900885229
6879 0.2901388746
6880 0.2901892262
6881 0.2902395779
6882 0.2902899296
6883 0.2903402813
6884 0.2903906329
6885 0.2904409846
6886 0.2904913363
6887 0.290541688
6888 0.2905920396
6889 0.2906423913
6890 0.290692743
6891 0.2907430947
6892 0.2907934463
6893 0.290843798
6894 0.2908941497
6895 0.2909445014
6896 0.290994853
6897 0.2910452047
6898 0.2910955564
6899 0.2911459081
6900 0.2911962597
6901 0.2912466114
6902 0.2912969631
6903 0.2913473148
6904 0.2913976664
6905 0.2914480181
6906 0.2914983698
6907 0.2915487215
6908 0.2915990731
6909 0.2916494248
6910 0.2916997765
6911 0.2917501282
6912 0.2918004798
6913 0.2918508315
6914 0.2919011832
6915 0.2919515348
6916 0.2920018865
6917 0.2920522382
6918 0.2921025899
6919 0.2921529415
6920 0.2922032932
6921 0.2922536449
6922 0.2923039966
6923 0.2923543482
6924 0.2924046999
6925 0.2924550516
6926 0.2925054033
6927 0.2925557549
6928 0.2926061066
6929 0.2926564583
6930 0.29270681
6931 0.2927571616
6932 0.2928075133
6933 0.292857865
6934 0.2929082167
6935 0.2929585683
6936 0.29300892
6937 0.2930592717
6938 0.2931096234
6939 0.293159975
6940 0.2932103267
6941 0.2932606784
6942 0.2933110301
6943 0.2933613817
6944 0.2934117334
6945 0.2934620851
6946 0.2935124368
6947 0.2935627884
6948 0.2936131401
6949 0.2936634918
6950 0.2937138435
6951 0.2937641951
6952 0.2938145468
6953 0.2938648985
6954 0.2939152502
6955 0.2939656018
6956 0.2940159535
6957 0.2940663052
6958 0.2941166569
6959 0.2941670085
6960 0.2942173602
6961 0.2942677119
6962 0.2943180636
6963 0.2943684152
6964 0.2944187669
6965 0.2944691186
6966 0.2945194703
6967 0.2945698219
6968 0.2946201736
6969 0.2946705253
6970 0.294720877
6971 0.2947712286
6972 0.2948215803
6973 0.294871932
6974 0.2949222837
6975 0.2949726353
6976 0.295022987
6977 0.2950733387
6978 0.2951236904
6979 0.295174042
6980 0.2952243937
6981 0.2952747454
6982 0.295325097
6983 0.2953754487
6984 0.2954258004
6985 0.2954761521
6986 0.2955265037
6987 0.2955768554
6988 0.2956272071
6989 0.2956775588
6990 0.2957279104
6991 0.2957782621
6992 0.2958286138
6993 0.2958789655
6994 0.2959293171
6995 0.2959796688
6996 0.2960300205
6997 0.2960803722
6998 0.2961307238
6999 0.2961810755
7000 0.2962314272
7001 0.2962817789
7002 0.2963321305
7003 0.2963824822
7004 0.2964328339
7005 0.2964831856
7006 0.2965335372
7007 0.2965838889
7008 0.2966342406
7009 0.2966845923
7010 0.2967349439
7011 0.2967852956
7012 0.2968356473
7013 0.296885999
7014 0.2969363506
7015 0.2969867023
7016 0.297037054
7017 0.2970874057
7018 0.2971377573
7019 0.297188109
7020 0.2972384607
7021 0.2972888124
7022 0.297339164
7023 0.2973895157
7024 0.2974398674
7025 0.2974902191
7026 0.2975405707
7027 0.2975909224
7028 0.2976412741
7029 0.2976916258
7030 0.2977419774
7031 0.2977923291
7032 0.2978426808
7033 0.2978930325
7034 0.2979433841
7035 0.2979937358
7036 0.2980440875
7037 0.2980944392
7038 0.2981447908
7039 0.2981951425
7040 0.2982454942
7041 0.2982958459
7042 0.2983461975
7043 0.2983965492
7044 0.2984469009
7045 0.2984972525
7046 0.2985476042
7047 0.2985979559
7048 0.2986483076
7049 0.2986986592
7050 0.2987490109
7051 0.2987993626
7052 0.2988497143
7053 0.2989000659
7054 0.2989504176
7055 0.2990007693
7056 0.299051121
7057 0.2991014726
7058 0.2991518243
7059 0.299202176
7060 0.2992525277
7061 0.2993028793
7062 0.299353231
7063 0.2994035827
7064 0.2994539344
7065 0.299504286
7066 0.2995546377
7067 0.2996049894
7068 0.2996553411
7069 0.2997056927
7070 0.2997560444
7071 0.2998063961
7072 0.2998567478
7073 0.2999070994
7074 0.2999574511
7075 0.3000078028
7076 0.3000581545
7077 0.3001085061
7078 0.3001588578
7079 0.3002092095
7080 0.3002595612
7081 0.3003099128
7082 0.3003602645
7083 0.3004106162
7084 0.3004609679
7085 0.3005113195
7086 0.3005616712
7087 0.3006120229
7088 0.3006623746
7089 0.3007127262
7090 0.3007630779
7091 0.3008134296
7092 0.3008637813
7093 0.3009141329
7094 0.3009644846
7095 0.3010148363
7096 0.301065188
7097 0.3011155396
7098 0.3011658913
7099 0.301216243
7100 0.3012665947
7101 0.3013169463
7102 0.301367298
7103 0.3014176497
7104 0.3014680014
7105 0.301518353
7106 0.3015687047
7107 0.3016190564
7108 0.3016694081
7109 0.3017197597
7110 0.3017701114
7111 0.3018204631
7112 0.3018708147
7113 0.3019211664
7114 0.3019715181
7115 0.3020218698
7116 0.3020722214
7117 0.3021225731
7118 0.3021729248
7119 0.3022232765
7120 0.3022736281
7121 0.3023239798
7122 0.3023743315
7123 0.3024246832
7124 0.3024750348
7125 0.3025253865
7126 0.3025757382
7127 0.3026260899
7128 0.3026764415
7129 0.3027267932
7130 0.3027771449
7131 0.3028274966
7132 0.3028778482
7133 0.3029281999
7134 0.3029785516
7135 0.3030289033
7136 0.3030792549
7137 0.3031296066
7138 0.3031799583
7139 0.30323031
7140 0.3032806616
7141 0.3033310133
7142 0.303381365
7143 0.3034317167
7144 0.3034820683
7145 0.30353242
7146 0.3035827717
7147 0.3036331234
7148 0.303683475
7149 0.3037338267
7150 0.3037841784
7151 0.3038345301
7152 0.3038848817
7153 0.3039352334
7154 0.3039855851
7155 0.3040359368
7156 0.3040862884
7157 0.3041366401
7158 0.3041869918
7159 0.3042373435
7160 0.3042876951
7161 0.3043380468
7162 0.3043883985
7163 0.3044387502
7164 0.3044891018
7165 0.3045394535
7166 0.3045898052
7167 0.3046401569
7168 0.3046905085
7169 0.3047408602
7170 0.3047912119
7171 0.3048415636
7172 0.3048919152
7173 0.3049422669
7174 0.3049926186
7175 0.3050429702
7176 0.3050933219
7177 0.3051436736
7178 0.3051940253
7179 0.3052443769
7180 0.3052947286
7181 0.3053450803
7182 0.305395432
7183 0.3054457836
7184 0.3054961353
7185 0.305546487
7186 0.3055968387
7187 0.3056471903
7188 0.305697542
7189 0.3057478937
7190 0.3057982454
7191 0.305848597
7192 0.3058989487
7193 0.3059493004
7194 0.3059996521
7195 0.3060500037
7196 0.3061003554
7197 0.3061507071
7198 0.3062010588
7199 0.3062514104
7200 0.3063017621
7201 0.3063521138
7202 0.3064024655
7203 0.3064528171
7204 0.3065031688
7205 0.3065535205
7206 0.3066038722
7207 0.3066542238
7208 0.3067045755
7209 0.3067549272
7210 0.3068052789
7211 0.3068556305
7212 0.3069059822
7213 0.3069563339
7214 0.3070066856
7215 0.3070570372
7216 0.3071073889
7217 0.3071577406
7218 0.3072080923
7219 0.3072584439
7220 0.3073087956
7221 0.3073591473
7222 0.307409499
7223 0.3074598506
7224 0.3075102023
7225 0.307560554
7226 0.3076109057
7227 0.3076612573
7228 0.307711609
7229 0.3077619607
7230 0.3078123124
7231 0.307862664
7232 0.3079130157
7233 0.3079633674
7234 0.3080137191
7235 0.3080640707
7236 0.3081144224
7237 0.3081647741
7238 0.3082151257
7239 0.3082654774
7240 0.3083158291
7241 0.3083661808
7242 0.3084165324
7243 0.3084668841
7244 0.3085172358
7245 0.3085675875
7246 0.3086179391
7247 0.3086682908
7248 0.3087186425
7249 0.3087689942
7250 0.3088193458
7251 0.3088696975
7252 0.3089200492
7253 0.3089704009
7254 0.3090207525
7255 0.3090711042
7256 0.3091214559
7257 0.3091718076
7258 0.3092221592
7259 0.3092725109
7260 0.3093228626
7261 0.3093732143
7262 0.3094235659
7263 0.3094739176
7264 0.3095242693
7265 0.309574621
7266 0.3096249726
7267 0.3096753243
7268 0.309725676
7269 0.3097760277
7270 0.3098263793
7271 0.309876731
7272 0.3099270827
7273 0.3099774344
7274 0.310027786
7275 0.3100781377
7276 0.3101284894
7277 0.3101788411
7278 0.3102291927
7279 0.3102795444
7280 0.3103298961
7281 0.3103802478
7282 0.3104305994
7283 0.3104809511
7284 0.3105313028
7285 0.3105816545
7286 0.3106320061
7287 0.3106823578
7288 0.3107327095
7289 0.3107830612
7290 0.3108334128
7291 0.3108837645
7292 0.3109341162
7293 0.3109844679
7294 0.3110348195
7295 0.3110851712
7296 0.3111355229
7297 0.3111858746
7298 0.3112362262
7299 0.3112865779
7300 0.3113369296
7301 0.3113872813
7302 0.3114376329
7303 0.3114879846
7304 0.3115383363
7305 0.3115886879
7306 0.3116390396
7307 0.3116893913
7308 0.311739743
7309 0.3118110856
7310 0.3118824283
7311 0.3119537709
7312 0.3120251136
7313 0.3120964562
7314 0.3121677989
7315 0.3122391416
7316 0.3123104842
7317 0.3123818269
7318 0.3124531695
7319 0.3125245122
7320 0.3125958548
7321 0.3126671975
7322 0.3127385401
7323 0.3128098828
7324 0.3128812255
7325 0.3129525681
7326 0.3130239108
7327 0.3130952534
7328 0.3131665961
7329 0.3132379387
7330 0.3133092814
7331 0.313380624
7332 0.3134519667
7333 0.3135233093
7334 0.313594652
7335 0.3136659947
7336 0.3137373373
7337 0.31380868
7338 0.3138800226
7339 0.3139513653
7340 0.3140227079
7341 0.3140940506
7342 0.3141653932
7343 0.3142367359
7344 0.3143080785
7345 0.3143794212
7346 0.3144507639
7347 0.3145221065
7348 0.3145934492
7349 0.3146647918
7350 0.3147361345
7351 0.3148074771
7352 0.3148788198
7353 0.3149501624
7354 0.3150215051
7355 0.3150928478
7356 0.3151641904
7357 0.3152355331
7358 0.3153068757
7359 0.3153782184
7360 0.315449561
7361 0.3155209037
7362 0.3155922463
7363 0.315663589
7364 0.3157349316
7365 0.3158062743
7366 0.315877617
7367 0.3159489596
7368 0.3160203023
7369 0.3160916449
7370 0.3161629876
7371 0.3162343302
7372 0.3163056729
7373 0.3163770155
7374 0.3164483582
7375 0.3165197008
7376 0.3165910435
7377 0.3166623862
7378 0.3167337288
7379 0.3168050715
7380 0.3168764141
7381 0.3169477568
7382 0.3170190994
7383 0.3170904421
7384 0.3171617847
7385 0.3172331274
7386 0.3173044701
7387 0.3173758127
7388 0.3174471554
7389 0.317518498
7390 0.3175898407
7391 0.3176611833
7392 0.317732526
7393 0.3178038686
7394 0.3178752113
7395 0.3179465539
7396 0.3180178966
7397 0.3180892393
7398 0.3181605819
7399 0.3182319246
7400 0.3183032672
7401 0.3183746099
7402 0.3184459525
7403 0.3185172952
7404 0.3185886378
7405 0.3186599805
7406 0.3187313231
7407 0.3188026658
7408 0.3188740085
7409 0.3189453511
7410 0.3190166938
7411 0.3190880364
7412 0.3191593791
7413 0.3192307217
7414 0.3193020644
7415 0.319373407
7416 0.3194447497
7417 0.3195160923
7418 0.319587435
7419 0.3196587777
7420 0.3197301203
7421 0.319801463
7422 0.3198728056
7423 0.3199441483
7424 0.3200154909
7425 0.3200868336
7426 0.3201581762
7427 0.3202295189
7428 0.3203008616
7429 0.3203722042
7430 0.3204435469
7431 0.3205148895
7432 0.3205862322
7433 0.3206575748
7434 0.3207289175
7435 0.3208002601
7436 0.3208716028
7437 0.3209429454
7438 0.3210142881
7439 0.3210856308
7440 0.3211569734
7441 0.3212283161
7442 0.3212996587
7443 0.3213710014
7444 0.321442344
7445 0.3215136867
7446 0.3215850293
7447 0.321656372
7448 0.3217277146
7449 0.3217990573
7450 0.3218704
7451 0.3219417426
7452 0.3220130853
7453 0.3220844279
7454 0.3221557706
7455 0.3222271132
7456 0.3222984559
7457 0.3223697985
7458 0.3224411412
7459 0.3225124839
7460 0.3225838265
7461 0.3226551692
7462 0.3227265118
7463 0.3227978545
7464 0.3228691971
7465 0.3229405398
7466 0.3230118824
7467 0.3230832251
7468 0.3231545677
7469 0.3232259104
7470 0.3232972531
7471 0.3233685957
7472 0.3234399384
7473 0.323511281
7474 0.3235826237
7475 0.3236539663
7476 0.323725309
7477 0.3237966516
7478 0.3238679943
7479 0.3239393369
7480 0.3240106796
7481 0.3240820223
7482 0.3241533649
7483 0.3242247076
7484 0.3242960502
7485 0.3243673929
7486 0.3244387355
7487 0.3245100782
7488 0.3245814208
7489 0.3246527635
7490 0.3247241062
7491 0.3247954488
7492 0.3248667915
7493 0.3249381341
7494 0.3250094768
7495 0.3250808194
7496 0.3251521621
7497 0.3252235047
7498 0.3252948474
7499 0.32536619
7500 0.3254375327
7501 0.3255088754
7502 0.325580218
7503 0.3256515607
7504 0.3257229033
7505 0.325794246
7506 0.3258655886
7507 0.3259369313
7508 0.3260082739
7509 0.3260796166
7510 0.3261509592
7511 0.3262223019
7512 0.3262936446
7513 0.3263649872
7514 0.3264363299
7515 0.3265076725
7516 0.3265790152
7517 0.3266503578
7518 0.3267217005
7519 0.3267930431
7520 0.3268643858
7521 0.3269357285
7522 0.3270070711
7523 0.3270784138
7524 0.3271497564
7525 0.3272210991
7526 0.3272924417
7527 0.3273637844
7528 0.327435127
7529 0.3275064697
7530 0.3275778123
7531 0.327649155
7532 0.3277204977
7533 0.3277918403
7534 0.327863183
7535 0.3279345256
7536 0.3280058683
7537 0.3280772109
7538 0.3281485536
7539 0.3282198962
7540 0.3282912389
7541 0.3283625815
7542 0.3284339242
7543 0.3285052669
7544 0.3285766095
7545 0.3286479522
7546 0.3287192948
7547 0.3287906375
7548 0.3288619801
7549 0.3289333228
7550 0.3290046654
7551 0.3290760081
7552 0.3291473508
7553 0.3292186934
7554 0.3292900361
7555 0.3293613787
7556 0.3294327214
7557 0.329504064
7558 0.3295754067
7559 0.3296467493
7560 0.329718092
7561 0.3297894346
7562 0.3298607773
7563 0.32993212
7564 0.3300034626
7565 0.3300748053
7566 0.3301461479
7567 0.3302174906
7568 0.3302888332
7569 0.3303601759
7570 0.3304315185
7571 0.3305028612
7572 0.3305742038
7573 0.3306455465
7574 0.3307168892
7575 0.3307882318
7576 0.3308595745
7577 0.3309309171
7578 0.3310022598
7579 0.3310736024
7580 0.3311449451
7581 0.3312162877
7582 0.3312876304
7583 0.3313589731
7584 0.3314303157
7585 0.3315016584
7586 0.331573001
7587 0.3316443437
7588 0.3317156863
7589 0.331787029
7590 0.3318583716
7591 0.3319297143
7592 0.3320010569
7593 0.3320723996
7594 0.3321437423
7595 0.3322150849
7596 0.3322864276
7597 0.3323577702
7598 0.3324291129
7599 0.3325004555
7600 0.3325717982
7601 0.3326431408
7602 0.3327144835
7603 0.3327858261
7604 0.3328571688
7605 0.3329285115
7606 0.3329998541
7607 0.3330711968
7608 0.3331425394
7609 0.3332138821
7610 0.3332852247
7611 0.3333565674
7612 0.33342791
7613 0.3334992527
7614 0.3335705954
7615 0.333641938
7616 0.3337132807
7617 0.3337846233
7618 0.333855966
7619 0.3339273086
7620 0.3339986513
7621 0.3340699939
7622 0.3341413366
7623 0.3342126792
7624 0.3342840219
7625 0.3343553646
7626 0.3344267072
7627 0.3344980499
7628 0.3345693925
7629 0.3346407352
7630 0.3347120778
7631 0.3347834205
7632 0.3348547631
7633 0.3349261058
7634 0.3349974484
7635 0.3350687911
7636 0.3351401338
7637 0.3352114764
7638 0.3352828191
7639 0.3353541617
7640 0.3354255044
7641 0.335496847
7642 0.3355681897
7643 0.3356395323
7644 0.335710875
7645 0.3357822177
7646 0.3358535603
7647 0.335924903
7648 0.3359962456
7649 0.3360675883
7650 0.3361389309
7651 0.3362102736
7652 0.3362816162
7653 0.3363529589
7654 0.3364243015
7655 0.3364956442
7656 0.3365669869
7657 0.3366383295
7658 0.3367096722
7659 0.3367810148
7660 0.3368523575
7661 0.3369237001
7662 0.3369950428
7663 0.3370663854
7664 0.3371377281
7665 0.3372090707
7666 0.3372804134
7667 0.3373517561
7668 0.3374230987
7669 0.3374944414
7670 0.337565784
7671 0.3376371267
7672 0.3377084693
7673 0.337779812
7674 0.3378511546
7675 0.3379224973
7676 0.33799384
7677 0.3380651826
7678 0.3381365253
7679 0.3382078679
7680 0.3382792106
7681 0.3383505532
7682 0.3384218959
7683 0.3384932385
7684 0.3385645812
7685 0.3386359238
7686 0.3387072665
7687 0.3387786092
7688 0.3388499518
7689 0.3389212945
7690 0.3389926371
7691 0.3390639798
7692 0.3391353224
7693 0.3392066651
7694 0.3392780077
7695 0.3393493504
7696 0.339420693
7697 0.3394920357
7698 0.3395633784
7699 0.339634721
7700 0.3397060637
7701 0.3397774063
7702 0.339848749
7703 0.3399200916
7704 0.3399914343
7705 0.3400627769
7706 0.3401341196
7707 0.3402054623
7708 0.3402768049
7709 0.3403481476
7710 0.3404194902
7711 0.3404908329
7712 0.3405621755
7713 0.3406335182
7714 0.3407048608
7715 0.3407762035
7716 0.3408475461
7717 0.3409188888
7718 0.3409902315
7719 0.3410615741
7720 0.3411329168
7721 0.3412042594
7722 0.3412756021
7723 0.3413469447
7724 0.3414182874
7725 0.34148963
7726 0.3415609727
7727 0.3416323153
7728 0.341703658
7729 0.3417750007
7730 0.3418463433
7731 0.341917686
7732 0.3419890286
7733 0.3420603713
7734 0.3421317139
7735 0.3422030566
7736 0.3422743992
7737 0.3423457419
7738 0.3424170846
7739 0.3424884272
7740 0.3425597699
7741 0.3426311125
7742 0.3427024552
7743 0.3427737978
7744 0.3428451405
7745 0.3429164831
7746 0.3429878258
7747 0.3430591684
7748 0.3431305111
7749 0.3432018538
7750 0.3432731964
7751 0.3433445391
7752 0.3434158817
7753 0.3434872244
7754 0.343558567
7755 0.3436299097
7756 0.3437012523
7757 0.343772595
7758 0.3438439376
7759 0.3439152803
7760 0.343986623
7761 0.3440579656
7762 0.3441293083
7763 0.3442006509
7764 0.3442719936
7765 0.3443433362
7766 0.3444146789
7767 0.3444860215
7768 0.3445573642
7769 0.3446287069
7770 0.3447000495
7771 0.3447713922
7772 0.3448427348
7773 0.3449140775
7774 0.3449854201
7775 0.3450567628
7776 0.3451281054
7777 0.3451994481
7778 0.3452707907
7779 0.3453421334
7780 0.3454134761
7781 0.3454848187
7782 0.3455561614
7783 0.345627504
7784 0.3456988467
7785 0.3457701893
7786 0.345841532
7787 0.3459128746
7788 0.3459842173
7789 0.3460555599
7790 0.3461269026
7791 0.3461982453
7792 0.3462695879
7793 0.3463409306
7794 0.3464122732
7795 0.3464836159
7796 0.3465549585
7797 0.3466263012
7798 0.3466976438
7799 0.3467689865
7800 0.3468403292
7801 0.3469116718
7802 0.3469830145
7803 0.3470543571
7804 0.3471256998
7805 0.3471970424
7806 0.3472683851
7807 0.3473397277
7808 0.3474110704
7809 0.347482413
7810 0.3475537557
7811 0.3476250984
7812 0.347696441
7813 0.3477677837
7814 0.3478391263
7815 0.347910469
7816 0.3479818116
7817 0.3480531543
7818 0.3481244969
7819 0.3481958396
7820 0.3482671822
7821 0.3483385249
7822 0.3484098676
7823 0.3484812102
7824 0.3485525529
7825 0.3486238955
7826 0.3486952382
7827 0.3487665808
7828 0.3488379235
7829 0.3489092661
7830 0.3489806088
7831 0.3490519515
7832 0.3491232941
7833 0.3491946368
7834 0.3492659794
7835 0.3493373221
7836 0.3494086647
7837 0.3494800074
7838 0.34955135
7839 0.3496226927
7840 0.3496940353
7841 0.349765378
7842 0.3498367207
7843 0.3499080633
7844 0.349979406
7845 0.3500507486
7846 0.3501220913
7847 0.3501934339
7848 0.3502647766
7849 0.3503361192
7850 0.3504074619
7851 0.3504788045
7852 0.3505501472
7853 0.3506214899
7854 0.3506928325
7855 0.3507641752
7856 0.3508355178
7857 0.3509068605
7858 0.3509782031
7859 0.3510495458
7860 0.3511208884
7861 0.3511922311
7862 0.3512635738
7863 0.3513349164
7864 0.3514062591
7865 0.3514776017
7866 0.3515489444
7867 0.351620287
7868 0.3516916297
7869 0.3517629723
7870 0.351834315
7871 0.3519056576
7872 0.3519770003
7873 0.352048343
7874 0.3521196856
7875 0.3521910283
7876 0.3522623709
7877 0.3523337136
7878 0.3524050562
7879 0.3524763989
7880 0.3525477415
7881 0.3526190842
7882 0.3526904268
7883 0.3527617695
7884 0.3528331122
7885 0.3529044548
7886 0.3529757975
7887 0.3530471401
7888 0.3531184828
7889 0.3531898254
7890 0.3532611681
7891 0.3533325107
7892 0.3534038534
7893 0.3534751961
7894 0.3535465387
7895 0.3536178814
7896 0.353689224
7897 0.3537605667
7898 0.3538319093
7899 0.353903252
7900 0.3539745946
7901 0.3540459373
7902 0.3541172799
7903 0.3541886226
7904 0.3542599653
7905 0.3543313079
7906 0.3544026506
7907 0.3544739932
7908 0.3545453359
7909 0.3546166785
7910 0.3546880212
7911 0.3547593638
7912 0.3548307065
7913 0.3549020491
7914 0.3549733918
7915 0.3550447345
7916 0.3551160771
7917 0.3551874198
7918 0.3552587624
7919 0.3553301051
7920 0.3554014477
7921 0.3554727904
7922 0.355544133
7923 0.3556154757
7924 0.3556868184
7925 0.355758161
7926 0.3558295037
7927 0.3559008463
7928 0.355972189
7929 0.3560435316
7930 0.3561148743
7931 0.3561862169
7932 0.3562575596
7933 0.3563289022
7934 0.3564002449
7935 0.3564715876
7936 0.3565429302
7937 0.3566142729
7938 0.3566856155
7939 0.3567569582
7940 0.3568283008
7941 0.3568996435
7942 0.3569709861
7943 0.3570423288
7944 0.3571136714
7945 0.3571850141
7946 0.3572563568
7947 0.3573276994
7948 0.3573990421
7949 0.3574703847
7950 0.3575417274
7951 0.35761307
7952 0.3576844127
7953 0.3577557553
7954 0.357827098
7955 0.3578984407
7956 0.3579697833
7957 0.358041126
7958 0.3581124686
7959 0.3581838113
7960 0.3582551539
7961 0.3583264966
7962 0.3583978392
7963 0.3584691819
7964 0.3585405245
7965 0.3586118672
7966 0.3586832099
7967 0.3587545525
7968 0.3588258952
7969 0.3588972378
7970 0.3589685805
7971 0.3590399231
7972 0.3591112658
7973 0.3591826084
7974 0.3592539511
7975 0.3593252937
7976 0.3593966364
7977 0.3594679791
7978 0.3595393217
7979 0.3596106644
7980 0.359682007
7981 0.3597533497
7982 0.3598246923
7983 0.359896035
7984 0.3599673776
7985 0.3600387203
7986 0.360110063
7987 0.3601814056
7988 0.3602527483
7989 0.3603240909
7990 0.3603954336
7991 0.3604667762
7992 0.3605381189
7993 0.3606094615
7994 0.3606808042
7995 0.3607521468
7996 0.3608234895
7997 0.3608948322
7998 0.3609661748
7999 0.3610375175
8000 0.3611088601
8001 0.3611802028
8002 0.3612515454
8003 0.3613228881
8004 0.3613942307
8005 0.3614655734
8006 0.361536916
8007 0.3616082587
8008 0.3616796014
8009 0.361750944
8010 0.3618222867
8011 0.3618936293
8012 0.361964972
8013 0.3620363146
8014 0.3621076573
8015 0.3621789999
8016 0.3622503426
8017 0.3623216853
8018 0.3623930279
8019 0.3624643706
8020 0.3625357132
8021 0.3626070559
8022 0.3626783985
8023 0.3627497412
8024 0.3628210838
8025 0.3628924265
8026 0.3629637691
8027 0.3630351118
8028 0.3631064545
8029 0.3631777971
8030 0.3632491398
8031 0.3633204824
8032 0.3633918251
8033 0.3634631677
8034 0.3635345104
8035 0.363605853
8036 0.3636771957
8037 0.3637485383
8038 0.363819881
8039 0.3638912237
8040 0.3639625663
8041 0.364033909
8042 0.3641052516
8043 0.3641765943
8044 0.3642479369
8045 0.3643192796
8046 0.3643906222
8047 0.3644619649
8048 0.3645333076
8049 0.3646046502
8050 0.3646759929
8051 0.3647473355
8052 0.3648186782
8053 0.3648900208
8054 0.3649613635
8055 0.3650327061
8056 0.3651040488
8057 0.3651753914
8058 0.3652467341
8059 0.3653180768
8060 0.3653894194
8061 0.3654607621
8062 0.3655321047
8063 0.3656034474
8064 0.36567479
8065 0.3657461327
8066 0.3658174753
8067 0.365888818
8068 0.3659601606
8069 0.3660315033
8070 0.366102846
8071 0.3661741886
8072 0.3662455313
8073 0.3663168739
8074 0.3663882166
8075 0.3664595592
8076 0.3665309019
8077 0.3666022445
8078 0.3666735872
8079 0.3667449299
8080 0.3668162725
8081 0.3668876152
8082 0.3669589578
8083 0.3670303005
8084 0.3671016431
8085 0.3671729858
8086 0.3672443284
8087 0.3673156711
8088 0.3673870137
8089 0.3674583564
8090 0.3675296991
8091 0.3676010417
8092 0.3676723844
8093 0.367743727
8094 0.3678150697
8095 0.3678864123
8096 0.367957755
8097 0.3680290976
8098 0.3681004403
8099 0.3681717829
8100 0.3682431256
8101 0.3683144683
8102 0.3683858109
8103 0.3684571536
8104 0.3685284962
8105 0.3685998389
8106 0.3686711815
8107 0.3687425242
8108 0.3688138668
8109 0.3688852095
8110 0.3689565522
8111 0.3690278948
8112 0.3690992375
8113 0.3691705801
8114 0.3692419228
8115 0.3693132654
8116 0.3693846081
8117 0.3694559507
8118 0.3695272934
8119 0.369598636
8120 0.3696699787
8121 0.3697413214
8122 0.369812664
8123 0.3698840067
8124 0.3699553493
8125 0.370026692
8126 0.3700980346
8127 0.3701693773
8128 0.3702407199
8129 0.3703120626
8130 0.3703834052
8131 0.3704547479
8132 0.3705260906
8133 0.3705974332
8134 0.3706687759
8135 0.3707401185
8136 0.3708114612
8137 0.3708828038
8138 0.3709541465
8139 0.3710254891
8140 0.3710968318
8141 0.3711681745
8142 0.3712395171
8143 0.3713108598
8144 0.3713822024
8145 0.3714535451
8146 0.3715248877
8147 0.3715962304
8148 0.371667573
8149 0.3717389157
8150 0.3718102583
8151 0.371881601
8152 0.3719529437
8153 0.3720242863
8154 0.372095629
8155 0.3721669716
8156 0.3722383143
8157 0.3723096569
8158 0.3723809996
8159 0.3724523422
8160 0.3725236849
8161 0.3725950275
8162 0.3726663702
8163 0.3727377129
8164 0.3728090555
8165 0.3728803982
8166 0.3729517408
8167 0.3730230835
8168 0.3730944261
8169 0.3731657688
8170 0.3732371114
8171 0.3733084541
8172 0.3733797968
8173 0.3734511394
8174 0.3735224821
8175 0.3735938247
8176 0.3736651674
8177 0.37373651
8178 0.3738078527
8179 0.3738791953
8180 0.373950538
8181 0.3740218806
8182 0.3740932233
8183 0.374164566
8184 0.3742359086
8185 0.3743072513
8186 0.3743785939
8187 0.3744499366
8188 0.3745212792
8189 0.3745926219
8190 0.3746639645
8191 0.3747353072
8192 0.3748066498
8193 0.3748779925
8194 0.3749493352
8195 0.3750206778
8196 0.3750920205
8197 0.3751633631
8198 0.3752347058
8199 0.3753060484
8200 0.3753773911
8201 0.3754487337
8202 0.3755200764
8203 0.3755914191
8204 0.3756627617
8205 0.3757341044
8206 0.375805447
8207 0.3758767897
8208 0.3759481323
8209 0.376019475
8210 0.3760908176
8211 0.3761621603
8212 0.3762335029
8213 0.3763048456
8214 0.3763761883
8215 0.3764475309
8216 0.3765188736
8217 0.3765902162
8218 0.3766615589
8219 0.3767329015
8220 0.3768042442
8221 0.3768755868
8222 0.3769469295
8223 0.3770182721
8224 0.3770896148
8225 0.3771609575
8226 0.3772323001
8227 0.3773036428
8228 0.3773749854
8229 0.3774463281
8230 0.3775176707
8231 0.3775890134
8232 0.377660356
8233 0.3777316987
8234 0.3778030414
8235 0.377874384
8236 0.3779457267
8237 0.3780170693
8238 0.378088412
8239 0.3781597546
8240 0.3782310973
8241 0.3783024399
8242 0.3783737826
8243 0.3784451252
8244 0.3785164679
8245 0.3785878106
8246 0.3786591532
8247 0.3787304959
8248 0.3788018385
8249 0.3788731812
8250 0.3789445238
8251 0.3790158665
8252 0.3790872091
8253 0.3791585518
8254 0.3792298944
8255 0.3793012371
8256 0.3793725798
8257 0.3794439224
8258 0.3795152651
8259 0.3795866077
8260 0.3796579504
8261 0.379729293
8262 0.3798006357
8263 0.3798719783
8264 0.379943321
8265 0.3800146637
8266 0.3800860063
8267 0.380157349
8268 0.3802286916
8269 0.3803000343
8270 0.3803713769
8271 0.3804427196
8272 0.3805140622
8273 0.3805854049
8274 0.3806567475
8275 0.3807280902
8276 0.3807994329
8277 0.3808707755
8278 0.3809421182
8279 0.3810134608
8280 0.3810848035
8281 0.3811561461
8282 0.3812274888
8283 0.3812988314
8284 0.3813701741
8285 0.3814415167
8286 0.3815128594
8287 0.3815842021
8288 0.3816555447
8289 0.3817268874
8290 0.38179823
8291 0.3818695727
8292 0.3819409153
8293 0.382012258
8294 0.3820836006
8295 0.3821549433
8296 0.382226286
8297 0.3822976286
8298 0.3823689713
8299 0.3824403139
8300 0.3825116566
8301 0.3825829992
8302 0.3826543419
8303 0.3827256845
8304 0.3827970272
8305 0.3828683698
8306 0.3829397125
8307 0.3830110552
8308 0.3830823978
8309 0.3831537405
8310 0.3832250831
8311 0.3832964258
8312 0.3833677684
8313 0.3834391111
8314 0.3835104537
8315 0.3835817964
8316 0.383653139
8317 0.3837244817
8318 0.3837958244
8319 0.383867167
8320 0.3839385097
8321 0.3840098523
8322 0.384081195
8323 0.3841525376
8324 0.3842238803
8325 0.3842952229
8326 0.3843665656
8327 0.3844379083
8328 0.3845092509
8329 0.3845805936
8330 0.3846519362
8331 0.3847232789
8332 0.3847946215
8333 0.3848659642
8334 0.3849373068
8335 0.3850086495
8336 0.3850799921
8337 0.3851513348
8338 0.3852226775
8339 0.3852940201
8340 0.3853653628
8341 0.3854367054
8342 0.3855080481
8343 0.3855793907
8344 0.3856507334
8345 0.385722076
8346 0.3857934187
8347 0.3858647613
8348 0.385936104
8349 0.3860074467
8350 0.3860787893
8351 0.386150132
8352 0.3862214746
8353 0.3862928173
8354 0.3863641599
8355 0.3864355026
8356 0.3865068452
8357 0.3865781879
8358 0.3866495306
8359 0.3867208732
8360 0.3867922159
8361 0.3868635585
8362 0.3869349012
8363 0.3870062438
8364 0.3870775865
8365 0.3871489291
8366 0.3872202718
8367 0.3872916144
8368 0.3873629571
8369 0.3874342998
8370 0.3875056424
8371 0.3875769851
8372 0.3876483277
8373 0.3877196704
8374 0.387791013
8375 0.3878623557
8376 0.3879336983
8377 0.388005041
8378 0.3880763836
8379 0.3881477263
8380 0.388219069
8381 0.3882904116
8382 0.3883617543
8383 0.3884330969
8384 0.3885044396
8385 0.3885757822
8386 0.3886471249
8387 0.3887184675
8388 0.3887898102
8389 0.3888611528
8390 0.3889324955
8391 0.3890038382
8392 0.3890751808
8393 0.3891465235
8394 0.3892178661
8395 0.3892892088
8396 0.3893605514
8397 0.3894318941
8398 0.3895032367
8399 0.3895745794
8400 0.3896459221
8401 0.3897172647
8402 0.3897886074
8403 0.38985995
8404 0.3899312927
8405 0.3900026353
8406 0.390073978
8407 0.3901453206
8408 0.3902166633
8409 0.3902880059
8410 0.3903593486
8411 0.3904306913
8412 0.3905020339
8413 0.3905733766
8414 0.3906447192
8415 0.3907160619
8416 0.3907874045
8417 0.3908587472
8418 0.3909300898
8419 0.3910014325
8420 0.3910727751
8421 0.3911441178
8422 0.3912154605
8423 0.3912868031
8424 0.3913581458
8425 0.3914294884
8426 0.3915008311
8427 0.3915721737
8428 0.3916435164
8429 0.391714859
8430 0.3917862017
8431 0.3918575444
8432 0.391928887
8433 0.3920002297
8434 0.3920715723
8435 0.392142915
8436 0.3922142576
8437 0.3922856003
8438 0.3923569429
8439 0.3924282856
8440 0.3924996282
8441 0.3925709709
8442 0.3926423136
8443 0.3927136562
8444 0.3927849989
8445 0.3928563415
8446 0.3929276842
8447 0.3929990268
8448 0.3930703695
8449 0.3931417121
8450 0.3932130548
8451 0.3932843974
8452 0.3933557401
8453 0.3934270828
8454 0.3934984254
8455 0.3935697681
8456 0.3936411107
8457 0.3937124534
8458 0.393783796
8459 0.3938551387
8460 0.3939264813
8461 0.393997824
8462 0.3940691667
8463 0.3941405093
8464 0.394211852
8465 0.3942831946
8466 0.3943545373
8467 0.3944258799
8468 0.3944972226
8469 0.3945685652
8470 0.3946399079
8471 0.3947112505
8472 0.3947825932
8473 0.3948539359
8474 0.3949252785
8475 0.3949966212
8476 0.3950679638
8477 0.3951393065
8478 0.3952106491
8479 0.3952819918
8480 0.3953533344
8481 0.3954246771
8482 0.3954960197
8483 0.3955673624
8484 0.3956387051
8485 0.3957100477
8486 0.3957813904
8487 0.395852733
8488 0.3959240757
8489 0.3959954183
8490 0.396066761
8491 0.3961381036
8492 0.3962094463
8493 0.396280789
8494 0.3963521316
8495 0.3964234743
8496 0.3964948169
8497 0.3965661596
8498 0.3966375022
8499 0.3967088449
8500 0.3967801875
8501 0.3968515302
8502 0.3969228728
8503 0.3969942155
8504 0.3970655582
8505 0.3971369008
8506 0.3972082435
8507 0.3972795861
8508 0.3973509288
8509 0.3974222714
8510 0.3974936141
8511 0.3975649567
8512 0.3976362994
8513 0.397707642
8514 0.3977789847
8515 0.3978503274
8516 0.39792167
8517 0.3979930127
8518 0.3980643553
8519 0.398135698
8520 0.3982070406
8521 0.3982783833
8522 0.3983497259
8523 0.3984210686
8524 0.3984924113
8525 0.3985637539
8526 0.3986350966
8527 0.3987064392
8528 0.3987777819
8529 0.3988491245
8530 0.3989204672
8531 0.3989918098
8532 0.3990631525
8533 0.3991344951
8534 0.3992058378
8535 0.3992771805
8536 0.3993485231
8537 0.3994198658
8538 0.3994912084
8539 0.3995625511
8540 0.3996338937
8541 0.3997052364
8542 0.399776579
8543 0.3998479217
8544 0.3999192643
8545 0.399990607
8546 0.4000619497
8547 0.4001332923
8548 0.400204635
8549 0.4002759776
8550 0.4003473203
8551 0.4004186629
8552 0.4004900056
8553 0.4005613482
8554 0.4006326909
8555 0.4007040336
8556 0.4007753762
8557 0.4008467189
8558 0.4009180615
8559 0.4009894042
8560 0.4010607468
8561 0.4011320895
8562 0.4012034321
8563 0.4012747748
8564 0.4013461174
8565 0.4014174601
8566 0.4014888028
8567 0.4015601454
8568 0.4016314881
8569 0.4017028307
8570 0.4017741734
8571 0.401845516
8572 0.4019168587
8573 0.4019882013
8574 0.402059544
8575 0.4021308866
8576 0.4022022293
8577 0.402273572
8578 0.4023449146
8579 0.4024162573
8580 0.4024875999
8581 0.4025589426
8582 0.4026302852
8583 0.4027016279
8584 0.4027729705
8585 0.4028443132
8586 0.4029156559
8587 0.4029869985
8588 0.4030583412
8589 0.4031296838
8590 0.4032010265
8591 0.4032723691
8592 0.4033437118
8593 0.4034150544
8594 0.4034863971
8595 0.4035577397
8596 0.4036290824
8597 0.4037004251
8598 0.4037717677
8599 0.4038431104
8600 0.403914453
8601 0.4039857957
8602 0.4040571383
8603 0.404128481
8604 0.4041998236
8605 0.4042711663
8606 0.4043425089
8607 0.4044138516
8608 0.4044851943
8609 0.4045565369
8610 0.4046278796
8611 0.4046992222
8612 0.4047705649
8613 0.4048419075
8614 0.4049132502
8615 0.4049845928
8616 0.4050559355
8617 0.4051272782
8618 0.4051986208
8619 0.4052699635
8620 0.4053413061
8621 0.4054126488
8622 0.4054839914
8623 0.4055553341
8624 0.4056266767
8625 0.4056980194
8626 0.405769362
8627 0.4058407047
8628 0.4059120474
8629 0.40598339
8630 0.4060547327
8631 0.4061260753
8632 0.406197418
8633 0.4062687606
8634 0.4063401033
8635 0.4064114459
8636 0.4064827886
8637 0.4065541312
8638 0.4066254739
8639 0.4066968166
8640 0.4067681592
8641 0.4068395019
8642 0.4069108445
8643 0.4069821872
8644 0.4070535298
8645 0.4071248725
8646 0.4071962151
8647 0.4072675578
8648 0.4073389005
8649 0.4074102431
8650 0.4074815858
8651 0.4075529284
8652 0.4076242711
8653 0.4076956137
8654 0.4077669564
8655 0.407838299
8656 0.4079096417
8657 0.4079809843
8658 0.408052327
8659 0.4081236697
8660 0.4081950123
8661 0.408266355
8662 0.4083376976
8663 0.4084090403
8664 0.4084803829
8665 0.4085517256
8666 0.4086230682
8667 0.4086944109
8668 0.4087657535
8669 0.4088370962
8670 0.4089084389
8671 0.4089797815
8672 0.4090511242
8673 0.4091224668
8674 0.4091938095
8675 0.4092651521
8676 0.4093364948
8677 0.4094078374
8678 0.4094791801
8679 0.4095505228
8680 0.4096218654
8681 0.4096932081
8682 0.4097645507
8683 0.4098358934
8684 0.409907236
8685 0.4099785787
8686 0.4100499213
8687 0.410121264
8688 0.4101926066
8689 0.4102639493
8690 0.410335292
8691 0.4104066346
8692 0.4104779773
8693 0.4105493199
8694 0.4106206626
8695 0.4106920052
8696 0.4107633479
8697 0.4108346905
8698 0.4109060332
8699 0.4109773758
8700 0.4110487185
8701 0.4111200612
8702 0.4111914038
8703 0.4112627465
8704 0.4113340891
8705 0.4114054318
8706 0.4114767744
8707 0.4115481171
8708 0.4116194597
8709 0.4116908024
8710 0.4117621451
8711 0.4118334877
8712 0.4119048304
8713 0.411976173
8714 0.4120475157
8715 0.4121188583
8716 0.412190201
8717 0.4122615436
8718 0.4123328863
8719 0.4124042289
8720 0.4124755716
8721 0.4125469143
8722 0.4126182569
8723 0.4126895996
8724 0.4127609422
8725 0.4128322849
8726 0.4129036275
8727 0.4129749702
8728 0.4130463128
8729 0.4131176555
8730 0.4131889981
8731 0.4132603408
8732 0.4133316835
8733 0.4134030261
8734 0.4134743688
8735 0.4135457114
8736 0.4136170541
8737 0.4136883967
8738 0.4137597394
8739 0.413831082
8740 0.4139024247
8741 0.4139737674
8742 0.41404511
8743 0.4141164527
8744 0.4141877953
8745 0.414259138
8746 0.4143304806
8747 0.4144018233
8748 0.4144731659
8749 0.4145445086
8750 0.4146158512
8751 0.4146871939
8752 0.4147585366
8753 0.4148298792
8754 0.4149012219
8755 0.4149725645
8756 0.4150439072
8757 0.4151152498
8758 0.4151865925
8759 0.4152579351
8760 0.4153292778
8761 0.4154006204
8762 0.4154719631
8763 0.4155433058
8764 0.4156146484
8765 0.4156859911
8766 0.4157573337
8767 0.4158286764
8768 0.415900019
8769 0.4159713617
8770 0.4160427043
8771 0.416114047
8772 0.4161853897
8773 0.4162567323
8774 0.416328075
8775 0.4163994176
8776 0.4164707603
8777 0.4165421029
8778 0.4166134456
8779 0.4166847882
8780 0.4167561309
8781 0.4168274735
8782 0.4168988162
8783 0.4169701589
8784 0.4170415015
8785 0.4171128442
8786 0.4171841868
8787 0.4172555295
8788 0.4173268721
8789 0.4173982148
8790 0.4174695574
8791 0.4175409001
8792 0.4176122427
8793 0.4176835854
8794 0.4177549281
8795 0.4178262707
8796 0.4178976134
8797 0.417968956
8798 0.4180402987
8799 0.4181116413
8800 0.418182984
8801 0.4182543266
8802 0.4183256693
8803 0.418397012
8804 0.4184683546
8805 0.4185396973
8806 0.4186110399
8807 0.4186823826
8808 0.4187537252
8809 0.4188250679
8810 0.4188964105
8811 0.4189677532
8812 0.4190390958
8813 0.4191104385
8814 0.4191817812
8815 0.4192531238
8816 0.4193244665
8817 0.4193958091
8818 0.4194671518
8819 0.4195384944
8820 0.4196098371
8821 0.4196811797
8822 0.4197525224
8823 0.419823865
8824 0.4198952077
8825 0.4199665504
8826 0.420037893
8827 0.4201092357
8828 0.4201805783
8829 0.420251921
8830 0.4203232636
8831 0.4203946063
8832 0.4204659489
8833 0.4205372916
8834 0.4206086343
8835 0.4206799769
8836 0.4207513196
8837 0.4208226622
8838 0.4208940049
8839 0.4209653475
8840 0.4210366902
8841 0.4211080328
8842 0.4211793755
8843 0.4212507181
8844 0.4213220608
8845 0.4213934035
8846 0.4214647461
8847 0.4215360888
8848 0.4216074314
8849 0.4216787741
8850 0.4217501167
8851 0.4218214594
8852 0.421892802
8853 0.4219641447
8854 0.4220354873
8855 0.42210683
8856 0.4221781727
8857 0.4222495153
8858 0.422320858
8859 0.4223922006
8860 0.4224635433
8861 0.4225348859
8862 0.4226062286
8863 0.4226775712
8864 0.4227489139
8865 0.4228202566
8866 0.4228915992
8867 0.4229629419
8868 0.4230342845
8869 0.4231056272
8870 0.4231769698
8871 0.4232483125
8872 0.4233196551
8873 0.4233909978
8874 0.4234623404
8875 0.4235336831
8876 0.4236050258
8877 0.4236763684
8878 0.4237477111
8879 0.4238190537
8880 0.4238903964
8881 0.423961739
8882 0.4240330817
8883 0.4241044243
8884 0.424175767
8885 0.4242471096
8886 0.4243184523
8887 0.424389795
8888 0.4244611376
8889 0.4245324803
8890 0.4246038229
8891 0.4246751656
8892 0.4247465082
8893 0.4248178509
8894 0.4248891935
8895 0.4249605362
8896 0.4250318789
8897 0.4251032215
8898 0.4251745642
8899 0.4252459068
8900 0.4253172495
8901 0.4253885921
8902 0.4254599348
8903 0.4255312774
8904 0.4256026201
8905 0.4256739627
8906 0.4257453054
8907 0.4258166481
8908 0.4258879907
8909 0.4259593334
8910 0.426030676
8911 0.4261020187
8912 0.4261733613
8913 0.426244704
8914 0.4263160466
8915 0.4263873893
8916 0.4264587319
8917 0.4265300746
8918 0.4266014173
8919 0.4266727599
8920 0.4267441026
8921 0.4268154452
8922 0.4268867879
8923 0.4269581305
8924 0.4270294732
8925 0.4271008158
8926 0.4271721585
8927 0.4272435012
8928 0.4273148438
8929 0.4273861865
8930 0.4274575291
8931 0.4275288718
8932 0.4276002144
8933 0.4276715571
8934 0.4277428997
8935 0.4278142424
8936 0.427885585
8937 0.4279569277
8938 0.4280282704
8939 0.428099613
8940 0.4281709557
8941 0.4282422983
8942 0.428313641
8943 0.4283849836
8944 0.4284563263
8945 0.4285276689
8946 0.4285990116
8947 0.4286703542
8948 0.4287416969
8949 0.4288130396
8950 0.4288843822
8951 0.4289557249
8952 0.4290270675
8953 0.4290984102
8954 0.4291697528
8955 0.4292410955
8956 0.4293124381
8957 0.4293837808
8958 0.4294551235
8959 0.4295264661
8960 0.4295978088
8961 0.4296691514
8962 0.4297404941
8963 0.4298118367
8964 0.4298831794
8965 0.429954522
8966 0.4300258647
8967 0.4300972073
8968 0.43016855
8969 0.4302398927
8970 0.4303112353
8971 0.430382578
8972 0.4304539206
8973 0.4305252633
8974 0.4305966059
8975 0.4306679486
8976 0.4307392912
8977 0.4308106339
8978 0.4308819765
8979 0.4309533192
8980 0.4310246619
8981 0.4310960045
8982 0.4311673472
8983 0.4312386898
8984 0.4313100325
8985 0.4313813751
8986 0.4314527178
8987 0.4315240604
8988 0.4315954031
8989 0.4316667458
8990 0.4317380884
8991 0.4318094311
8992 0.4318807737
8993 0.4319521164
8994 0.432023459
8995 0.4320948017
8996 0.4321661443
8997 0.432237487
8998 0.4323088296
8999 0.4323801723
9000 0.432451515
9001 0.4325228576
9002 0.4325942003
9003 0.4326655429
9004 0.4327368856
9005 0.4328082282
9006 0.4328795709
9007 0.4329509135
9008 0.4330222562
9009 0.4330935988
9010 0.4331649415
9011 0.4332362842
9012 0.4333076268
9013 0.4333789695
9014 0.4334503121
9015 0.4335216548
9016 0.4335929974
9017 0.4336643401
9018 0.4337356827
9019 0.4338070254
9020 0.4338783681
9021 0.4339497107
9022 0.4340210534
9023 0.434092396
9024 0.4341637387
9025 0.4342350813
9026 0.434306424
9027 0.4343777666
9028 0.4344491093
9029 0.4345204519
9030 0.4345917946
9031 0.4346631373
9032 0.4347344799
9033 0.4348058226
9034 0.4348771652
9035 0.4349485079
9036 0.4350198505
9037 0.4350911932
9038 0.4351625358
9039 0.4352338785
9040 0.4353052211
9041 0.4353765638
9042 0.4354479065
9043 0.4355192491
9044 0.4355905918
9045 0.4356619344
9046 0.4357332771
9047 0.4358046197
9048 0.4358759624
9049 0.435947305
9050 0.4360186477
9051 0.4360899904
9052 0.436161333
9053 0.4362326757
9054 0.4363040183
9055 0.436375361
9056 0.4364467036
9057 0.4365180463
9058 0.4365893889
9059 0.4366607316
9060 0.4367320742
9061 0.4368034169
9062 0.4368747596
9063 0.4369461022
9064 0.4370174449
9065 0.4370887875
9066 0.4371601302
9067 0.4372314728
9068 0.4373028155
9069 0.4373741581
9070 0.4374455008
9071 0.4375168434
9072 0.4375881861
9073 0.4376595288
9074 0.4377308714
9075 0.4378022141
9076 0.4378735567
9077 0.4379448994
9078 0.438016242
9079 0.4380875847
9080 0.4381589273
9081 0.43823027
9082 0.4383016127
9083 0.4383729553
9084 0.438444298
9085 0.4385156406
9086 0.4385869833
9087 0.4386583259
9088 0.4387296686
9089 0.4388010112
9090 0.4388723539
9091 0.4389436965
9092 0.4390150392
9093 0.4390863819
9094 0.4391577245
9095 0.4392290672
9096 0.4393004098
9097 0.4393717525
9098 0.4394430951
9099 0.4395144378
9100 0.4395857804
9101 0.4396571231
9102 0.4397284657
9103 0.4397998084
9104 0.4398711511
9105 0.4399424937
9106 0.4400138364
9107 0.440085179
9108 0.4401565217
9109 0.4402278643
9110 0.440299207
9111 0.4403705496
9112 0.4404418923
9113 0.440513235
9114 0.4405845776
9115 0.4406559203
9116 0.4407272629
9117 0.4407986056
9118 0.4408699482
9119 0.4409412909
9120 0.4410126335
9121 0.4410839762
9122 0.4411553188
9123 0.4412266615
9124 0.4412980042
9125 0.4413693468
9126 0.4414406895
9127 0.4415120321
9128 0.4415833748
9129 0.4416547174
9130 0.4417260601
9131 0.4417974027
9132 0.4418687454
9133 0.441940088
9134 0.4420114307
9135 0.4420827734
9136 0.442173123
9137 0.4422634727
9138 0.4423538223
9139 0.442444172
9140 0.4425345216
9141 0.4426248713
9142 0.4427152209
9143 0.4428055706
9144 0.4428959202
9145 0.4429862699
9146 0.4430766195
9147 0.4431669692
9148 0.4432573188
9149 0.4433476685
9150 0.4434380181
9151 0.4435283678
9152 0.4436187174
9153 0.4437090671
9154 0.4437994167
9155 0.4438897664
9156 0.443980116
9157 0.4440704657
9158 0.4441608153
9159 0.444251165
9160 0.4443415146
9161 0.4444318643
9162 0.4445222139
9163 0.4446125636
9164 0.4447029132
9165 0.4447932629
9166 0.4448836125
9167 0.4449739622
9168 0.4450643118
9169 0.4451546615
9170 0.4452450111
9171 0.4453353608
9172 0.4454257104
9173 0.4455160601
9174 0.4456064097
9175 0.4456967594
9176 0.445787109
9177 0.4458774587
9178 0.4459678084
9179 0.446058158
9180 0.4461485077
9181 0.4462388573
9182 0.446329207
9183 0.4464195566
9184 0.4465099063
9185 0.4466002559
9186 0.4466906056
9187 0.4467809552
9188 0.4468713049
9189 0.4469616545
9190 0.4470520042
9191 0.4471423538
9192 0.4472327035
9193 0.4473230531
9194 0.4474134028
9195 0.4475037524
9196 0.4475941021
9197 0.4476844517
9198 0.4477748014
9199 0.447865151
9200 0.4479555007
9201 0.4480458503
9202 0.4481362
9203 0.4482265496
9204 0.4483168993
9205 0.4484072489
9206 0.4484975986
9207 0.4485879482
9208 0.4486782979
9209 0.4487686475
9210 0.4488589972
9211 0.4489493468
9212 0.4490396965
9213 0.4491300461
9214 0.4492203958
9215 0.4493107454
9216 0.4494010951
9217 0.4494914447
9218 0.4495817944
9219 0.449672144
9220 0.4497624937
9221 0.4498528433
9222 0.449943193
9223 0.4500335426
9224 0.4501238923
9225 0.450214242
9226 0.4503045916
9227 0.4503949413
9228 0.4504852909
9229 0.4505756406
9230 0.4506659902
9231 0.4507563399
9232 0.4508466895
9233 0.4509370392
9234 0.4510273888
9235 0.4511177385
9236 0.4512080881
9237 0.4512984378
9238 0.4513887874
9239 0.4514791371
9240 0.4515694867
9241 0.4516598364
9242 0.451750186
9243 0.4518405357
9244 0.4519308853
9245 0.452021235
9246 0.4521115846
9247 0.4522019343
9248 0.4522922839
9249 0.4523826336
9250 0.4524729832
9251 0.4525633329
9252 0.4526536825
9253 0.4527440322
9254 0.4528343818
9255 0.4529247315
9256 0.4530150811
9257 0.4531054308
9258 0.4531957804
9259 0.4532861301
9260 0.4533764797
9261 0.4534668294
9262 0.453557179
9263 0.4536475287
9264 0.4537378783
9265 0.453828228
9266 0.4539185776
9267 0.4540089273
9268 0.4540992769
9269 0.4541896266
9270 0.4542799762
9271 0.4543703259
9272 0.4544606755
9273 0.4545510252
9274 0.4546413749
9275 0.4547317245
9276 0.4548220742
9277 0.4549124238
9278 0.4550027735
9279 0.4550931231
9280 0.4551834728
9281 0.4552738224
9282 0.4553641721
9283 0.4554545217
9284 0.4555448714
9285 0.455635221
9286 0.4557255707
9287 0.4558159203
9288 0.45590627
9289 0.4559966196
9290 0.4560869693
9291 0.4561773189
9292 0.4562676686
9293 0.4563580182
9294 0.4564483679
9295 0.4565387175
9296 0.4566290672
9297 0.4567194168
9298 0.4568097665
9299 0.4569001161
9300 0.4569904658
9301 0.4570808154
9302 0.4571711651
9303 0.4572615147
9304 0.4573518644
9305 0.457442214
9306 0.4575325637
9307 0.4576229133
9308 0.457713263
9309 0.4578036126
9310 0.4578939623
9311 0.4579843119
9312 0.4580746616
9313 0.4581650112
9314 0.4582553609
9315 0.4583457105
9316 0.4584360602
9317 0.4585264098
9318 0.4586167595
9319 0.4587071091
9320 0.4587974588
9321 0.4588878084
9322 0.4589781581
9323 0.4590685078
9324 0.4591588574
9325 0.4592492071
9326 0.4593395567
9327 0.4594299064
9328 0.459520256
9329 0.4596106057
9330 0.4597009553
9331 0.459791305
9332 0.4598816546
9333 0.4599720043
9334 0.4600623539
9335 0.4601527036
9336 0.4602430532
9337 0.4603334029
9338 0.4604237525
9339 0.4605141022
9340 0.4606044518
9341 0.4606948015
9342 0.4607851511
9343 0.4608755008
9344 0.4609658504
9345 0.4610562001
9346 0.4611465497
9347 0.4612368994
9348 0.461327249
9349 0.4614175987
9350 0.4615079483
9351 0.461598298
9352 0.4616886476
9353 0.4617789973
9354 0.4618693469
9355 0.4619596966
9356 0.4620500462
9357 0.4621403959
9358 0.4622307455
9359 0.4623210952
9360 0.4624114448
9361 0.4625017945
9362 0.4625921441
9363 0.4626824938
9364 0.4627728434
9365 0.4628631931
9366 0.4629535427
9367 0.4630438924
9368 0.463134242
9369 0.4632245917
9370 0.4633149414
9371 0.463405291
9372 0.4634956407
9373 0.4635859903
9374 0.46367634
9375 0.4637666896
9376 0.4638570393
9377 0.4639473889
9378 0.4640377386
9379 0.4641280882
9380 0.4642184379
9381 0.4643087875
9382 0.4643991372
9383 0.4644894868
9384 0.4645798365
9385 0.4646701861
9386 0.4647605358
9387 0.4648508854
9388 0.4649412351
9389 0.4650315847
9390 0.4651219344
9391 0.465212284
9392 0.4653026337
9393 0.4653929833
9394 0.465483333
9395 0.4655736826
9396 0.4656640323
9397 0.4657543819
9398 0.4658447316
9399 0.4659350812
9400 0.4660254309
9401 0.4661157805
9402 0.4662061302
9403 0.4662964798
9404 0.4663868295
9405 0.4664771791
9406 0.4665675288
9407 0.4666578784
9408 0.4667482281
9409 0.4668385777
9410 0.4669289274
9411 0.467019277
9412 0.4671096267
9413 0.4671999763
9414 0.467290326
9415 0.4673806756
9416 0.4674710253
9417 0.4675613749
9418 0.4676517246
9419 0.4677420743
9420 0.4678324239
9421 0.4679227736
9422 0.4680131232
9423 0.4681034729
9424 0.4681938225
9425 0.4682841722
9426 0.4683745218
9427 0.4684648715
9428 0.4685552211
9429 0.4686455708
9430 0.4687359204
9431 0.4688262701
9432 0.4689166197
9433 0.4690069694
9434 0.469097319
9435 0.4691876687
9436 0.4692780183
9437 0.469368368
9438 0.4694587176
9439 0.4695490673
9440 0.4696394169
9441 0.4697297666
9442 0.4698201162
9443 0.4699104659
9444 0.4700008155
9445 0.4700911652
9446 0.4701815148
9447 0.4702718645
9448 0.4703622141
9449 0.4704525638
9450 0.4705429134
9451 0.4706332631
9452 0.4707236127
9453 0.4708139624
9454 0.470904312
9455 0.4709946617
9456 0.4710850113
9457 0.471175361
9458 0.4712657106
9459 0.4713560603
9460 0.4714464099
9461 0.4715367596
9462 0.4716271092
9463 0.4717174589
9464 0.4718078085
9465 0.4718981582
9466 0.4719885078
9467 0.4720788575
9468 0.4721692072
9469 0.4722595568
9470 0.4723499065
9471 0.4724402561
9472 0.4725306058
9473 0.4726209554
9474 0.4727113051
9475 0.4728016547
9476 0.4728920044
9477 0.472982354
9478 0.4730727037
9479 0.4731630533
9480 0.473253403
9481 0.4733437526
9482 0.4734341023
9483 0.4735244519
9484 0.4736148016
9485 0.4737051512
9486 0.4737955009
9487 0.4738858505
9488 0.4739762002
9489 0.4740665498
9490 0.4741568995
9491 0.4742472491
9492 0.4743375988
9493 0.4744279484
9494 0.4745182981
9495 0.4746086477
9496 0.4746989974
9497 0.474789347
9498 0.4748796967
9499 0.4749700463
9500 0.475060396
9501 0.4751507456
9502 0.4752410953
9503 0.4753314449
9504 0.4754217946
9505 0.4755121442
9506 0.4756024939
9507 0.4756928435
9508 0.4757831932
9509 0.4758735428
9510 0.4759638925
9511 0.4760542421
9512 0.4761445918
9513 0.4762349414
9514 0.4763252911
9515 0.4764156408
9516 0.4765059904
9517 0.4765963401
9518 0.4766866897
9519 0.4767770394
9520 0.476867389
9521 0.4769577387
9522 0.4770480883
9523 0.477138438
9524 0.4772287876
9525 0.4773191373
9526 0.4774094869
9527 0.4774998366
9528 0.4775901862
9529 0.4776805359
9530 0.4777708855
9531 0.4778612352
9532 0.4779515848
9533 0.4780419345
9534 0.4781322841
9535 0.4782226338
9536 0.4783129834
9537 0.4784033331
9538 0.4784936827
9539 0.4785840324
9540 0.478674382
9541 0.4787647317
9542 0.4788550813
9543 0.478945431
9544 0.4790357806
9545 0.4791261303
9546 0.4792164799
9547 0.4793068296
9548 0.4793971792
9549 0.4794875289
9550 0.4795778785
9551 0.4796682282
9552 0.4797585778
9553 0.4798489275
9554 0.4799392771
9555 0.4800296268
9556 0.4801199764
9557 0.4802103261
9558 0.4803006757
9559 0.4803910254
9560 0.480481375
9561 0.4805717247
9562 0.4806620743
9563 0.480752424
9564 0.4808427737
9565 0.4809331233
9566 0.481023473
9567 0.4811138226
9568 0.4812041723
9569 0.4812945219
9570 0.4813848716
9571 0.4814752212
9572 0.4815655709
9573 0.4816559205
9574 0.4817462702
9575 0.4818366198
9576 0.4819269695
9577 0.4820173191
9578 0.4821076688
9579 0.4821980184
9580 0.4822883681
9581 0.4823787177
9582 0.4824690674
9583 0.482559417
9584 0.4826497667
9585 0.4827401163
9586 0.482830466
9587 0.4829208156
9588 0.4830111653
9589 0.4831015149
9590 0.4831918646
9591 0.4832822142
9592 0.4833725639
9593 0.4834629135
9594 0.4835532632
9595 0.4836436128
9596 0.4837339625
9597 0.4838243121
9598 0.4839146618
9599 0.4840050114
9600 0.4840953611
9601 0.4841857107
9602 0.4842760604
9603 0.48436641
9604 0.4844567597
9605 0.4845471093
9606 0.484637459
9607 0.4847278086
9608 0.4848181583
9609 0.4849085079
9610 0.4849988576
9611 0.4850892072
9612 0.4851795569
9613 0.4852699066
9614 0.4853602562
9615 0.4854506059
9616 0.4855409555
9617 0.4856313052
9618 0.4857216548
9619 0.4858120045
9620 0.4859023541
9621 0.4859927038
9622 0.4860830534
9623 0.4861734031
9624 0.4862637527
9625 0.4863541024
9626 0.486444452
9627 0.4865348017
9628 0.4866251513
9629 0.486715501
9630 0.4868058506
9631 0.4868962003
9632 0.4869865499
9633 0.4870768996
9634 0.4871672492
9635 0.4872575989
9636 0.4873479485
9637 0.4874382982
9638 0.4875286478
9639 0.4876189975
9640 0.4877093471
9641 0.4877996968
9642 0.4878900464
9643 0.4879803961
9644 0.4880707457
9645 0.4881610954
9646 0.488251445
9647 0.4883417947
9648 0.4884321443
9649 0.488522494
9650 0.4886128436
9651 0.4887031933
9652 0.4887935429
9653 0.4888838926
9654 0.4889742422
9655 0.4890645919
9656 0.4891549415
9657 0.4892452912
9658 0.4893356408
9659 0.4894259905
9660 0.4895163401
9661 0.4896066898
9662 0.4896970395
9663 0.4897873891
9664 0.4898777388
9665 0.4899680884
9666 0.4900584381
9667 0.4901487877
9668 0.4902391374
9669 0.490329487
9670 0.4904198367
9671 0.4905101863
9672 0.490600536
9673 0.4906908856
9674 0.4907812353
9675 0.4908715849
9676 0.4909619346
9677 0.4910522842
9678 0.4911426339
9679 0.4912329835
9680 0.4913233332
9681 0.4914136828
9682 0.4915040325
9683 0.4915943821
9684 0.4916847318
9685 0.4917750814
9686 0.4918654311
9687 0.4919557807
9688 0.4920461304
9689 0.49213648
9690 0.4922268297
9691 0.4923171793
9692 0.492407529
9693 0.4924978786
9694 0.4925882283
9695 0.4926785779
9696 0.4927689276
9697 0.4928592772
9698 0.4929496269
9699 0.4930399765
9700 0.4931303262
9701 0.4932206758
9702 0.4933110255
9703 0.4934013751
9704 0.4934917248
9705 0.4935820744
9706 0.4936724241
9707 0.4937627737
9708 0.4938531234
9709 0.4939434731
9710 0.4940338227
9711 0.4941241724
9712 0.494214522
9713 0.4943048717
9714 0.4943952213
9715 0.494485571
9716 0.4945759206
9717 0.4946662703
9718 0.4947566199
9719 0.4948469696
9720 0.4949373192
9721 0.4950276689
9722 0.4951180185
9723 0.4952083682
9724 0.4952987178
9725 0.4953890675
9726 0.4954794171
9727 0.4955697668
9728 0.4956601164
9729 0.4957504661
9730 0.4958408157
9731 0.4959311654
9732 0.496021515
9733 0.4961118647
9734 0.4962022143
9735 0.496292564
9736 0.4963829136
9737 0.4964732633
9738 0.4965636129
9739 0.4966539626
9740 0.4967443122
9741 0.4968346619
9742 0.4969250115
9743 0.4970153612
9744 0.4971057108
9745 0.4971960605
9746 0.4972864101
9747 0.4973767598
9748 0.4974671094
9749 0.4975574591
9750 0.4976478087
9751 0.4977381584
9752 0.497828508
9753 0.4979188577
9754 0.4980092073
9755 0.498099557
9756 0.4981899066
9757 0.4982802563
9758 0.498370606
9759 0.4984609556
9760 0.4985513053
9761 0.4986416549
9762 0.4987320046
9763 0.4988223542
9764 0.4989127039
9765 0.4990030535
9766 0.4990934032
9767 0.4991837528
9768 0.4992741025
9769 0.4993644521
9770 0.4994548018
9771 0.4995451514
9772 0.4996355011
9773 0.4997258507
9774 0.4998162004
9775 0.49990655
9776 0.4999968997
9777 0.5000872493
9778 0.500177599
9779 0.5002679486
9780 0.5003582983
9781 0.5004486479
9782 0.5005389976
9783 0.5006293472
9784 0.5007196969
9785 0.5008100465
9786 0.5009003962
9787 0.5009907458
9788 0.5010810955
9789 0.5011714451
9790 0.5012617948
9791 0.5013521444
9792 0.5014424941
9793 0.5015328437
9794 0.5016231934
9795 0.501713543
9796 0.5018038927
9797 0.5018942423
9798 0.501984592
9799 0.5020749416
9800 0.5021652913
9801 0.5022556409
9802 0.5023459906
9803 0.5024363402
9804 0.5025266899
9805 0.5026170395
9806 0.5027073892
9807 0.5027977389
9808 0.5028880885
9809 0.5029784382
9810 0.5030687878
9811 0.5031591375
9812 0.5032494871
9813 0.5033398368
9814 0.5034301864
9815 0.5035205361
9816 0.5036108857
9817 0.5037012354
9818 0.503791585
9819 0.5038819347
9820 0.5039722843
9821 0.504062634
9822 0.5041529836
9823 0.5042433333
9824 0.5043336829
9825 0.5044240326
9826 0.5045143822
9827 0.5046047319
9828 0.5046950815
9829 0.5047854312
9830 0.5048757808
9831 0.5049661305
9832 0.5050564801
9833 0.5051468298
9834 0.5052371794
9835 0.5053275291
9836 0.5054178787
9837 0.5055082284
9838 0.505598578
9839 0.5056889277
9840 0.5057792773
9841 0.505869627
9842 0.5059599766
9843 0.5060503263
9844 0.5061406759
9845 0.5062310256
9846 0.5063213752
9847 0.5064117249
9848 0.5065020745
9849 0.5065924242
9850 0.5066827738
9851 0.5067731235
9852 0.5068634731
9853 0.5069538228
9854 0.5070441725
9855 0.5071345221
9856 0.5072248718
9857 0.5073152214
9858 0.5074055711
9859 0.5074959207
9860 0.5075862704
9861 0.50767662
9862 0.5077669697
9863 0.5078573193
9864 0.507947669
9865 0.5080380186
9866 0.5081283683
9867 0.5082187179
9868 0.5083090676
9869 0.5083994172
9870 0.5084897669
9871 0.5085801165
9872 0.5086704662
9873 0.5087608158
9874 0.5088511655
9875 0.5089415151
9876 0.5090318648
9877 0.5091222144
9878 0.5092125641
9879 0.5093029137
9880 0.5093932634
9881 0.509483613
9882 0.5095739627
9883 0.5096643123
9884 0.509754662
9885 0.5098450116
9886 0.5099353613
9887 0.5100257109
9888 0.5101160606
9889 0.5102064102
9890 0.5102967599
9891 0.5103871095
9892 0.5104774592
9893 0.5105678088
9894 0.5106581585
9895 0.5107485081
9896 0.5108388578
9897 0.5109292074
9898 0.5110195571
9899 0.5111099067
9900 0.5112002564
9901 0.511290606
9902 0.5113809557
9903 0.5114713054
9904 0.511561655
9905 0.5116520047
9906 0.5117423543
9907 0.511832704
9908 0.5119230536
9909 0.5120134033
9910 0.5121037529
9911 0.5121941026
9912 0.5122844522
9913 0.5123748019
9914 0.5124651515
9915 0.5125555012
9916 0.5126458508
9917 0.5127362005
9918 0.5128265501
9919 0.5129168998
9920 0.5130072494
9921 0.5130975991
9922 0.5131879487
9923 0.5132782984
9924 0.513368648
9925 0.5134589977
9926 0.5135493473
9927 0.513639697
9928 0.5137300466
9929 0.5138203963
9930 0.5139107459
9931 0.5140010956
9932 0.5140914452
9933 0.5141817949
9934 0.5142721445
9935 0.5143624942
9936 0.5144528438
9937 0.5145431935
9938 0.5146335431
9939 0.5147238928
9940 0.5148142424
9941 0.5149045921
9942 0.5149949417
9943 0.5150852914
9944 0.515175641
9945 0.5152659907
9946 0.5153563403
9947 0.51544669
9948 0.5155370396
9949 0.5156273893
9950 0.5157177389
9951 0.5158080886
9952 0.5158984383
9953 0.5159887879
9954 0.5160791376
9955 0.5161694872
9956 0.5162598369
9957 0.5163501865
9958 0.5164405362
9959 0.5165308858
9960 0.5166212355
9961 0.5167115851
9962 0.5168019348
9963 0.5168922844
9964 0.5169826341
9965 0.5170729837
9966 0.5171633334
9967 0.517253683
9968 0.5173440327
9969 0.5174343823
9970 0.517524732
9971 0.5176150816
9972 0.5177054313
9973 0.5177957809
9974 0.5178861306
9975 0.5179764802
9976 0.5180668299
9977 0.5181571795
9978 0.5182475292
9979 0.5183378788
9980 0.5184282285
9981 0.5185185781
9982 0.5186089278
9983 0.5186992774
9984 0.5187896271
9985 0.5188799767
9986 0.5189703264
9987 0.519060676
9988 0.5191510257
9989 0.5192413753
9990 0.519331725
9991 0.5194220746
9992 0.5195124243
9993 0.5196027739
9994 0.5196931236
9995 0.5197834732
9996 0.5198738229
9997 0.5199641725
9998 0.5200545222
9999 0.5201448719
10000 0.5202352215
10001 0.5203255712
10002 0.5204159208
10003 0.5205062705
10004 0.5205966201
10005 0.5206869698
10006 0.5207773194
10007 0.5208676691
10008 0.5209580187
10009 0.5210483684
10010 0.521138718
10011 0.5212290677
10012 0.5213194173
10013 0.521409767
10014 0.5215001166
10015 0.5215904663
10016 0.5216808159
10017 0.5217711656
10018 0.5218615152
10019 0.5219518649
10020 0.5220422145
10021 0.5221325642
10022 0.5222229138
10023 0.5223132635
10024 0.5224036131
10025 0.5224939628
10026 0.5225843124
10027 0.5226746621
10028 0.5227650117
10029 0.5228553614
10030 0.522945711
10031 0.5230360607
10032 0.5231264103
10033 0.52321676
10034 0.5233071096
10035 0.5233974593
10036 0.5234878089
10037 0.5235781586
10038 0.5236685082
10039 0.5237588579
10040 0.5238492075
10041 0.5239395572
10042 0.5240299068
10043 0.5241202565
10044 0.5242106061
10045 0.5243009558
10046 0.5243913054
10047 0.5244816551
10048 0.5245720048
10049 0.5246623544
10050 0.5247527041
10051 0.5248430537
10052 0.5249334034
10053 0.525023753
10054 0.5251141027
10055 0.5252044523
10056 0.525294802
10057 0.5253851516
10058 0.5254755013
10059 0.5255658509
10060 0.5256562006
10061 0.5257465502
10062 0.5258368999
10063 0.5259272495
10064 0.5260175992
10065 0.5261079488
10066 0.5261982985
10067 0.5262886481
10068 0.5263789978
10069 0.5264693474
10070 0.5265596971
10071 0.5266500467
10072 0.5267403964
10073 0.526830746
10074 0.5269210957
10075 0.5270114453
10076 0.527101795
10077 0.5271921446
10078 0.5272824943
10079 0.5273728439
10080 0.5274631936
10081 0.5275535432
10082 0.5276438929
10083 0.5277342425
10084 0.5278245922
10085 0.5279149418
10086 0.5280052915
10087 0.5280956411
10088 0.5281859908
10089 0.5282763404
10090 0.5283666901
10091 0.5284570397
10092 0.5285473894
10093 0.528637739
10094 0.5287280887
10095 0.5288184383
10096 0.528908788
10097 0.5289991377
10098 0.5290894873
10099 0.529179837
10100 0.5292701866
10101 0.5293605363
10102 0.5294508859
10103 0.5295412356
10104 0.5296315852
10105 0.5297219349
10106 0.5298122845
10107 0.5299026342
10108 0.5299929838
10109 0.5300833335
10110 0.5301736831
10111 0.5302640328
10112 0.5303543824
10113 0.5304447321
10114 0.5305350817
10115 0.5306254314
10116 0.530715781
10117 0.5308061307
10118 0.5308964803
10119 0.53098683
10120 0.5310771796
10121 0.5311675293
10122 0.5312578789
10123 0.5313482286
10124 0.5314385782
10125 0.5315289279
10126 0.5316192775
10127 0.5317096272
10128 0.5317999768
10129 0.5318903265
10130 0.5319806761
10131 0.5320710258
10132 0.5321613754
10133 0.5322517251
10134 0.5323420747
10135 0.5324324244
10136 0.532522774
10137 0.5326131237
10138 0.5327034733
10139 0.532793823
10140 0.5328841726
10141 0.5329745223
10142 0.5330648719
10143 0.5331552216
10144 0.5332455713
10145 0.5333359209
10146 0.5334262706
10147 0.5335166202
10148 0.5336069699
10149 0.5336973195
10150 0.5337876692
10151 0.5338780188
10152 0.5339683685
10153 0.5340587181
10154 0.5341490678
10155 0.5342394174
10156 0.5343297671
10157 0.5344201167
10158 0.5345104664
10159 0.534600816
10160 0.5346911657
10161 0.5347815153
10162 0.534871865
10163 0.5349622146
10164 0.5350525643
10165 0.5351429139
10166 0.5352332636
10167 0.5353236132
10168 0.5354139629
10169 0.5355043125
10170 0.5355946622
10171 0.5356850118
10172 0.5357753615
10173 0.5358657111
10174 0.5359560608
10175 0.5360464104
10176 0.5361367601
10177 0.5362271097
10178 0.5363174594
10179 0.536407809
10180 0.5364981587
10181 0.5365885083
10182 0.536678858
10183 0.5367692076
10184 0.5368595573
10185 0.5369499069
10186 0.5370402566
10187 0.5371306062
10188 0.5372209559
10189 0.5373113055
10190 0.5374016552
10191 0.5374920048
10192 0.5375823545
10193 0.5376727042
10194 0.5377630538
10195 0.5378534035
10196 0.5379437531
10197 0.5380341028
10198 0.5381244524
10199 0.5382148021
10200 0.5383051517
10201 0.5383955014
10202 0.538485851
10203 0.5385762007
10204 0.5386665503
10205 0.5387569
10206 0.5388472496
10207 0.5389375993
10208 0.5390279489
10209 0.5391182986
10210 0.5392086482
10211 0.5392989979
10212 0.5393893475
10213 0.5394796972
10214 0.5395700468
10215 0.5396603965
10216 0.5397507461
10217 0.5398410958
10218 0.5399314454
10219 0.5400217951
10220 0.5401121447
10221 0.5402024944
10222 0.540292844
10223 0.5403831937
10224 0.5404735433
10225 0.540563893
10226 0.5406542426
10227 0.5407445923
10228 0.5408349419
10229 0.5409252916
10230 0.5410156412
10231 0.5411059909
10232 0.5411963405
10233 0.5412866902
10234 0.5413770398
10235 0.5414673895
10236 0.5415577391
10237 0.5416480888
10238 0.5417384384
10239 0.5418287881
10240 0.5419191377
10241 0.5420094874
10242 0.5420998371
10243 0.5421901867
10244 0.5422805364
10245 0.542370886
10246 0.5424612357
10247 0.5425515853
10248 0.542641935
10249 0.5427322846
10250 0.5428226343
10251 0.5429129839
10252 0.5430033336
10253 0.5430936832
10254 0.5431840329
10255 0.5432743825
10256 0.5433647322
10257 0.5434550818
10258 0.5435454315
10259 0.5436357811
10260 0.5437261308
10261 0.5438164804
10262 0.5439068301
10263 0.5439971797
10264 0.5440875294
10265 0.544177879
10266 0.5442682287
10267 0.5443585783
10268 0.544448928
10269 0.5445392776
10270 0.5446296273
10271 0.5447199769
10272 0.5448103266
10273 0.5449006762
10274 0.5449910259
10275 0.5450813755
10276 0.5451717252
10277 0.5452620748
10278 0.5453524245
10279 0.5454427741
10280 0.5455331238
10281 0.5456234734
10282 0.5457138231
10283 0.5458041727
10284 0.5458945224
10285 0.545984872
10286 0.5460752217
10287 0.5461655713
10288 0.546255921
10289 0.5463462707
10290 0.5464366203
10291 0.54652697
10292 0.5466173196
10293 0.5467076693
10294 0.5467980189
10295 0.5468883686
10296 0.5469787182
10297 0.5470690679
10298 0.5471594175
10299 0.5472497672
10300 0.5473401168
10301 0.5474304665
10302 0.5475208161
10303 0.5476111658
10304 0.5477015154
10305 0.5477918651
10306 0.5478822147
10307 0.5479725644
10308 0.548062914
10309 0.5481532637
10310 0.5482436133
10311 0.548333963
10312 0.5484243126
10313 0.5485146623
10314 0.5486050119
10315 0.5486953616
10316 0.5487857112
10317 0.5488760609
10318 0.5489664105
10319 0.5490567602
10320 0.5491471098
10321 0.5492374595
10322 0.5493278091
10323 0.5494181588
10324 0.5495085084
10325 0.5495988581
10326 0.5496892077
10327 0.5497795574
10328 0.549869907
10329 0.5499602567
10330 0.5500506063
10331 0.550140956
10332 0.5502313056
10333 0.5503216553
10334 0.5504120049
10335 0.5505023546
10336 0.5505927042
10337 0.5506830539
10338 0.5507734036
10339 0.5508637532
10340 0.5509541029
10341 0.5510444525
10342 0.5511348022
10343 0.5512251518
10344 0.5513155015
10345 0.5514058511
10346 0.5514962008
10347 0.5515865504
10348 0.5516769001
10349 0.5517672497
10350 0.5518575994
10351 0.551947949
10352 0.5520382987
10353 0.5521286483
10354 0.552218998
10355 0.5523093476
10356 0.5523996973
10357 0.5524900469
10358 0.5525803966
10359 0.5526707462
10360 0.5527610959
10361 0.5528514455
10362 0.5529417952
10363 0.5530321448
10364 0.5531224945
10365 0.5532128441
10366 0.5533031938
10367 0.5533935434
10368 0.5534838931
10369 0.5535742427
10370 0.5536645924
10371 0.553754942
10372 0.5538452917
10373 0.5539356413
10374 0.554025991
10375 0.5541163406
10376 0.5542066903
10377 0.5542970399
10378 0.5543873896
10379 0.5544777392
10380 0.5545680889
10381 0.5546584385
10382 0.5547487882
10383 0.5548391378
10384 0.5549294875
10385 0.5550198371
10386 0.5551101868
10387 0.5552005365
10388 0.5552908861
10389 0.5553812358
10390 0.5554715854
10391 0.5555619351
10392 0.5556522847
10393 0.5557426344
10394 0.555832984
10395 0.5559233337
10396 0.5560136833
10397 0.556104033
10398 0.5561943826
10399 0.5562847323
10400 0.5563750819
10401 0.5564654316
10402 0.5565557812
10403 0.5566461309
10404 0.5567364805
10405 0.5568268302
10406 0.5569171798
10407 0.5570075295
10408 0.5570978791
10409 0.5571882288
10410 0.5572785784
10411 0.5573689281
10412 0.5574592777
10413 0.5575496274
10414 0.557639977
10415 0.5577303267
10416 0.5578206763
10417 0.557911026
10418 0.5580013756
10419 0.5580917253
10420 0.5581820749
10421 0.5582724246
10422 0.5583627742
10423 0.5584531239
10424 0.5585434735
10425 0.5586338232
10426 0.5587241728
10427 0.5588145225
10428 0.5589048721
10429 0.5589952218
10430 0.5590855714
10431 0.5591759211
10432 0.5592662707
10433 0.5593566204
10434 0.5594469701
10435 0.5595373197
10436 0.5596276694
10437 0.559718019
10438 0.5598083687
10439 0.5598987183
10440 0.559989068
10441 0.5600794176
10442 0.5601697673
10443 0.5602601169
10444 0.5603504666
10445 0.5604408162
10446 0.5605311659
10447 0.5606215155
10448 0.5607118652
10449 0.5608022148
10450 0.5608925645
10451 0.5609829141
10452 0.5610732638
10453 0.5611636134
10454 0.5612539631
10455 0.5613443127
10456 0.5614346624
10457 0.561525012
10458 0.5616153617
10459 0.5617057113
10460 0.561796061
10461 0.5618864106
10462 0.5619767603
10463 0.5620671099
10464 0.5621574596
10465 0.5622478092
10466 0.5623381589
10467 0.5624285085
10468 0.5625188582
10469 0.5626092078
10470 0.5626995575
10471 0.5627899071
10472 0.5628802568
10473 0.5629706064
10474 0.5630609561
10475 0.5631513057
10476 0.5632416554
10477 0.563332005
10478 0.5634223547
10479 0.5635127043
10480 0.563603054
10481 0.5636934036
10482 0.5637837533
10483 0.563874103
10484 0.5639644526
10485 0.5640548023
10486 0.5641451519
10487 0.5642355016
10488 0.5643258512
10489 0.5644162009
10490 0.5645065505
10491 0.5645969002
10492 0.5646872498
10493 0.5647775995
10494 0.5648679491
10495 0.5649582988
10496 0.5650486484
10497 0.5651389981
10498 0.5652293477
10499 0.5653196974
10500 0.565410047
10501 0.5655003967
10502 0.5655907463
10503 0.565681096
10504 0.5657714456
10505 0.5658617953
10506 0.5659521449
10507 0.5660424946
10508 0.5661328442
10509 0.5662231939
10510 0.5663135435
10511 0.5664038932
10512 0.5664942428
10513 0.5665845925
10514 0.5666749421
10515 0.5667652918
10516 0.5668556414
10517 0.5669459911
10518 0.5670363407
10519 0.5671266904
10520 0.56721704
10521 0.5673073897
10522 0.5673977393
10523 0.567488089
10524 0.5675784386
10525 0.5676687883
10526 0.5677591379
10527 0.5678494876
10528 0.5679398372
10529 0.5680301869
10530 0.5681205365
10531 0.5682108862
10532 0.5683012359
10533 0.5683915855
10534 0.5684819352
10535 0.5685722848
10536 0.5686626345
10537 0.5687529841
10538 0.5688433338
10539 0.5689336834
10540 0.5690240331
10541 0.5691143827
10542 0.5692047324
10543 0.569295082
10544 0.5693854317
10545 0.5694757813
10546 0.569566131
10547 0.5696564806
10548 0.5697468303
10549 0.5698371799
10550 0.5699275296
10551 0.5700178792
10552 0.5701082289
10553 0.5701985785
10554 0.5702889282
10555 0.5703792778
10556 0.5704696275
10557 0.5705599771
10558 0.5706503268
10559 0.5707406764
10560 0.5708310261
10561 0.5709213757
10562 0.5710117254
10563 0.571102075
10564 0.5711924247
10565 0.5712827743
10566 0.571373124
10567 0.5714634736
10568 0.5715538233
10569 0.5716441729
10570 0.5717345226
10571 0.5718248722
10572 0.5719152219
10573 0.5720055715
10574 0.5720959212
10575 0.5721862708
10576 0.5722766205
10577 0.5723669701
10578 0.5724573198
10579 0.5725476695
10580 0.5726380191
10581 0.5727283688
10582 0.5728187184
10583 0.5729090681
10584 0.5729994177
10585 0.5730897674
10586 0.573180117
10587 0.5732704667
10588 0.5733608163
10589 0.573451166
10590 0.5735415156
10591 0.5736318653
10592 0.5737222149
10593 0.5738125646
10594 0.5739029142
10595 0.5739932639
10596 0.5740836135
10597 0.5741739632
10598 0.5742643128
10599 0.5743546625
10600 0.5744450121
10601 0.5745353618
10602 0.5746257114
10603 0.5747160611
10604 0.5748064107
10605 0.5748967604
10606 0.57498711
10607 0.5750774597
10608 0.5751678093
10609 0.575258159
10610 0.5753485086
10611 0.5754388583
10612 0.5755292079
10613 0.5756195576
10614 0.5757099072
10615 0.5758002569
10616 0.5758906065
10617 0.5759809562
10618 0.5760713058
10619 0.5761616555
10620 0.5762520051
10621 0.5763423548
10622 0.5764327044
10623 0.5765230541
10624 0.5766134037
10625 0.5767037534
10626 0.576794103
10627 0.5768844527
10628 0.5769748024
10629 0.577065152
10630 0.5771555017
10631 0.5772458513
10632 0.577336201
10633 0.5774265506
10634 0.5775169003
10635 0.5776072499
10636 0.5776975996
10637 0.5777879492
10638 0.5778782989
10639 0.5779686485
10640 0.5780589982
10641 0.5781493478
10642 0.5782396975
10643 0.5783300471
10644 0.5784203968
10645 0.5785107464
10646 0.5786010961
10647 0.5786914457
10648 0.5787817954
10649 0.578872145
10650 0.5789624947
10651 0.5790528443
10652 0.579143194
10653 0.5792335436
10654 0.5793238933
10655 0.5794142429
10656 0.5795045926
10657 0.5795949422
10658 0.5796852919
10659 0.5797756415
10660 0.5798659912
10661 0.5799563408
10662 0.5800466905
10663 0.5801370401
10664 0.5802273898
10665 0.5803177394
10666 0.5804080891
10667 0.5804984387
10668 0.5805887884
10669 0.580679138
10670 0.5807694877
10671 0.5808598373
10672 0.580950187
10673 0.5810405366
10674 0.5811308863
10675 0.5812212359
10676 0.5813115856
10677 0.5814019353
10678 0.5814922849
10679 0.5815826346
10680 0.5816729842
10681 0.5817633339
10682 0.5818536835
10683 0.5819440332
10684 0.5820343828
10685 0.5821247325
10686 0.5822150821
10687 0.5823054318
10688 0.5823957814
10689 0.5824861311
10690 0.5825764807
10691 0.5826668304
10692 0.58275718
10693 0.5828475297
10694 0.5829378793
10695 0.583028229
10696 0.5831185786
10697 0.5832089283
10698 0.5832992779
10699 0.5833896276
10700 0.5834799772
10701 0.5835703269
10702 0.5836606765
10703 0.5837510262
10704 0.5838413758
10705 0.5839317255
10706 0.5840220751
10707 0.5841124248
10708 0.5842027744
10709 0.5842931241
10710 0.5843834737
10711 0.5844738234
10712 0.584564173
10713 0.5846545227
10714 0.5847448723
10715 0.584835222
10716 0.5849255716
10717 0.5850159213
10718 0.5851062709
10719 0.5851966206
10720 0.5852869702
10721 0.5853773199
10722 0.5854676695
10723 0.5855580192
10724 0.5856483689
10725 0.5857387185
10726 0.5858290682
10727 0.5859194178
10728 0.5860097675
10729 0.5861001171
10730 0.5861904668
10731 0.5862808164
10732 0.5863711661
10733 0.5864615157
10734 0.5865518654
10735 0.586642215
10736 0.5867325647
10737 0.5868229143
10738 0.586913264
10739 0.5870036136
10740 0.5870939633
10741 0.5871843129
10742 0.5872746626
10743 0.5873650122
10744 0.5874553619
10745 0.5875457115
10746 0.5876360612
10747 0.5877264108
10748 0.5878167605
10749 0.5879071101
10750 0.5879974598
10751 0.5880878094
10752 0.5881781591
10753 0.5882685087
10754 0.5883588584
10755 0.588449208
10756 0.5885395577
10757 0.5886299073
10758 0.588720257
10759 0.5888106066
10760 0.5889009563
10761 0.5889913059
10762 0.5890816556
10763 0.5891720052
10764 0.5892623549
10765 0.5893527045
10766 0.5894430542
10767 0.5895334038
10768 0.5896237535
10769 0.5897141031
10770 0.5898044528
10771 0.5898948024
10772 0.5899851521
10773 0.5900755018
10774 0.5901658514
10775 0.5902562011
10776 0.5903465507
10777 0.5904369004
10778 0.59052725
10779 0.5906175997
10780 0.5907079493
10781 0.590798299
10782 0.5908886486
10783 0.5909789983
10784 0.5910693479
10785 0.5911596976
10786 0.5912500472
10787 0.5913403969
10788 0.5914307465
10789 0.5915210962
10790 0.5916114458
10791 0.5917017955
10792 0.5917921451
10793 0.5918824948
10794 0.5919728444
10795 0.5920631941
10796 0.5921535437
10797 0.5922438934
10798 0.592334243
10799 0.5924245927
10800 0.5925149423
10801 0.592605292
10802 0.5926956416
10803 0.5927859913
10804 0.5928763409
10805 0.5929666906
10806 0.5930570402
10807 0.5931473899
10808 0.5932377395
10809 0.5933280892
10810 0.5934184388
10811 0.5935087885
10812 0.5935991381
10813 0.5936894878
10814 0.5937798374
10815 0.5938701871
10816 0.5939605367
10817 0.5940508864
10818 0.594141236
10819 0.5942315857
10820 0.5943219353
10821 0.594412285
10822 0.5945026347
10823 0.5945929843
10824 0.594683334
10825 0.5947736836
10826 0.5948640333
10827 0.5949543829
10828 0.5950447326
10829 0.5951350822
10830 0.5952254319
10831 0.5953157815
10832 0.5954061312
10833 0.5954964808
10834 0.5955868305
10835 0.5956771801
10836 0.5957675298
10837 0.5958578794
10838 0.5959482291
10839 0.5960385787
10840 0.5961289284
10841 0.596219278
10842 0.5963096277
10843 0.5963999773
10844 0.596490327
10845 0.5965806766
10846 0.5966710263
10847 0.5967613759
10848 0.5968517256
10849 0.5969420752
10850 0.5970324249
10851 0.5971227745
10852 0.5972131242
10853 0.5973034738
10854 0.5973938235
10855 0.5974841731
10856 0.5975745228
10857 0.5976648724
10858 0.5977552221
10859 0.5978455717
10860 0.5979359214
10861 0.598026271
10862 0.5981166207
10863 0.5982069703
10864 0.59829732
10865 0.5983876696
10866 0.5984780193
10867 0.5985683689
10868 0.5986587186
10869 0.5987490682
10870 0.5988394179
10871 0.5989297676
10872 0.5990201172
10873 0.5991104669
10874 0.5992008165
10875 0.5992911662
10876 0.5993815158
10877 0.5994718655
10878 0.5995622151
10879 0.5996525648
10880 0.5997429144
10881 0.5998332641
10882 0.5999236137
10883 0.6000139634
10884 0.600104313
10885 0.6001946627
10886 0.6002850123
10887 0.600375362
10888 0.6004657116
10889 0.6005560613
10890 0.6006464109
10891 0.6007367606
10892 0.6008271102
10893 0.6009174599
10894 0.6010078095
10895 0.6010981592
10896 0.6011885088
10897 0.6012788585
10898 0.6013692081
10899 0.6014595578
10900 0.6015499074
10901 0.6016402571
10902 0.6017306067
10903 0.6018209564
10904 0.601911306
10905 0.6020016557
10906 0.6020920053
10907 0.602182355
10908 0.6022727046
10909 0.6023630543
10910 0.6024534039
10911 0.6025437536
10912 0.6026341032
10913 0.6027244529
10914 0.6028148025
10915 0.6029051522
10916 0.6029955018
10917 0.6030858515
10918 0.6031762012
10919 0.6032665508
10920 0.6033569005
10921 0.6034472501
10922 0.6035375998
10923 0.6036279494
10924 0.6037182991
10925 0.6038086487
10926 0.6038989984
10927 0.603989348
10928 0.6040796977
10929 0.6041700473
10930 0.604260397
10931 0.6043507466
10932 0.6044410963
10933 0.6045314459
10934 0.6046217956
10935 0.6047121452
10936 0.6048024949
10937 0.6048928445
10938 0.6049831942
10939 0.6050735438
10940 0.6051638935
10941 0.6052542431
10942 0.6053445928
10943 0.6054349424
10944 0.6055252921
10945 0.6056156417
10946 0.6057059914
10947 0.605796341
10948 0.6058866907
10949 0.6059770403
10950 0.60606739
10951 0.6061577396
10952 0.6062480893
10953 0.6063384389
10954 0.6064287886
10955 0.6065191382
10956 0.6066094879
10957 0.6066998375
10958 0.6067901872
10959 0.6068805368
10960 0.6069708865
10961 0.6070612361
10962 0.6071515858
