1 0.1237734196
2 0.123784904
3 0.1237963897
4 0.1238078766
5 0.1238193647
6 0.1238308541
7 0.1236927718
8 0.1229376082
9 0.1223526706
10 0.121782158
11 0.1214125512
12 0.1210190596
13 0.1206877593
14 0.1204801642
15 0.1203016968
16 0.1201468959
17 0.1199499333
18 0.119834284
19 0.1197319525
20 0.1196409414
21 0.1195596335
22 0.1194390413
23 0.1193754688
24 0.1193181005
25 0.1192661922
26 0.1192191139
27 0.1191763291
28 0.119099904
29 0.1190656785
30 0.1190344605
31 0.1191413907
32 0.1192751485
33 0.1193696804
34 0.1194901978
35 0.1195744813
36 0.1196547119
37 0.1197596032
38 0.1198319354
39 0.1199280743
40 0.1199937146
41 0.120056706
42 0.1201422565
43 0.1201999213
44 0.1202793669
45 0.1203324329
46 0.1204065376
47 0.1204556079
48 0.1205031067
49 0.1205705902
50 0.1206148
51 0.1206783441
52 0.1207196572
53 0.1207598401
54 0.1208184385
55 0.1208561927
56 0.1209117953
57 0.1209473866
58 0.1209821427
59 0.1210339471
60 0.1210668621
61 0.1211163304
62 0.1211475906
63 0.1211949347
64 0.1212411585
65 0.1212863135
66 0.1213304485
67 0.1213736092
68 0.1214158387
69 0.1214724484
70 0.121512718
71 0.1215521773
72 0.1215908601
73 0.1216287983
74 0.1216660222
75 0.1217025604
76 0.1217384401
77 0.1217736869
78 0.1218083252
79 0.1218534128
80 0.1219111286
81 0.1219549594
82 0.1219982768
83 0.1220410995
84 0.1220834455
85 0.1221253318
86 0.1221667747
87 0.1222077896
88 0.1222483915
89 0.1222885943
90 0.1223284117
91 0.1223678565
92 0.1224069412
93 0.1224797532
94 0.1225402713
95 0.1226111242
96 0.1226699782
97 0.1227389909
98 0.1227962852
99 0.1228635672
100 0.122919398
101 0.1229745824
102 0.1230395059
103 0.1230933549
104 0.1231567839
105 0.1232093759
106 0.1232713935
107 0.1233228014
108 0.1233834846
109 0.1234337756
110 0.123493196
111 0.1235424324
112 0.1235912056
113 0.1236488963
114 0.1236966989
115 0.1237532831
116 0.1238001671
117 0.1238557006
118 0.1239017145
119 0.1239473479
120 0.1240014386
121 0.1240462673
122 0.1240994302
123 0.1241434952
124 0.1241957744
125 0.124239114
126 0.124290551
127 0.124333201
128 0.1243838347
129 0.1244258286
130 0.1244675376
131 0.1245170649
132 0.1245581634
133 0.1246069739
134 0.1246474906
135 0.1246956157
136 0.1247355777
137 0.1247752999
138 0.1248224796
139 0.1248616838
140 0.1249082483
141 0.1249469578
142 0.1249929329
143 0.1250311696
144 0.1250765795
145 0.1251143643
146 0.1251519552
147 0.1251965843
148 0.1252337516
149 0.1252778701
150 0.1253146317
151 0.1253582597
152 0.1253946329
153 0.1254377895
154 0.1254737903
155 0.1255096326
156 0.1255521374
157 0.1255876295
158 0.125629706
159 0.1256648622
160 0.1257065262
161 0.1257413599
162 0.1257826269
163 0.1258171509
164 0.1258580351
165 0.1258922617
166 0.125926363
167 0.1259667177
168 0.1260005382
169 0.1260405431
170 0.1260709745
171 0.1261075212
172 0.1261376899
173 0.1261677486
174 0.1262038237
175 0.1262336338
176 0.1262693964
177 0.1262989671
178 0.1263344275
179 0.1263637675
180 0.1263989358
181 0.1264280535
182 0.1264570788
183 0.1264976716
184 0.126532253
185 0.1265724535
186 0.1266067103
187 0.1266465309
188 0.126680474
189 0.1267199268
190 0.1267535668
191 0.1267926634
192 0.1268260103
193 0.1268647617
194 0.1268978252
195 0.126936242
196 0.1269690314
197 0.1270017006
198 0.1270396479
199 0.1270720559
200 0.1271096931
201 0.1271418482
202 0.1271791846
203 0.1272110947
204 0.1272481392
205 0.1272798121
206 0.1273165731
207 0.1273480163
208 0.1273845021
209 0.1274157226
210 0.1274468462
211 0.1274829457
212 0.1275138566
213 0.1275496999
214 0.1275804045
215 0.1276159988
216 0.1276465033
217 0.1276818556
218 0.127712166
219 0.1277472829
220 0.127777405
221 0.127812293
222 0.1278422323
223 0.1278720929
224 0.1279066596
225 0.1279363451
226 0.1279706979
227 0.1280002135
228 0.1280343581
229 0.1280637086
230 0.1280976505
231 0.1281268407
232 0.1281605853
233 0.1281896197
234 0.128223172
235 0.1282520551
236 0.1282808734
237 0.1283141561
238 0.1283428292
239 0.1283759316
240 0.1284044636
241 0.1284373904
242 0.128465785
243 0.1284985406
244 0.1285268017
245 0.1285593904
246 0.1285875216
247 0.1286199475
248 0.1286479524
249 0.1286759039
250 0.1287081015
251 0.1287359315
252 0.1287679761
253 0.128795688
254 0.1288275833
255 0.1288551801
256 0.1288869296
257 0.1289144145
258 0.1289460218
259 0.1289733976
260 0.1290048661
261 0.1290287523
262 0.1290525925
263 0.1290804798
264 0.1291042147
265 0.1291319679
266 0.1291556001
267 0.1291832223
268 0.1292067545
269 0.1292342486
270 0.1292576831
271 0.129285052
272 0.1293083914
273 0.1293356379
274 0.1293588844
275 0.1293624968
276 0.129370114
277 0.1293739106
278 0.1293816828
279 0.1293856599
280 0.1293935838
281 0.1293977378
282 0.1294058102
283 0.1294101376
284 0.1294183555
285 0.1294228529
286 0.1294312133
287 0.1294358773
288 0.1294443773
289 0.1294492047
290 0.1294578414
291 0.1294628291
292 0.1294715999
293 0.1294767448
294 0.1294856469
295 0.129490946
296 0.1294999768
297 0.1295054273
298 0.1295145843
299 0.1295201834
300 0.1295294641
301 0.129535209
302 0.129544611
303 0.129550499
304 0.12956002
305 0.1295660486
306 0.1295756863
307 0.1295818528
308 0.1295916051
309 0.1295979071
310 0.1296077717
311 0.1296142069
312 0.1296241817
313 0.1296307476
314 0.1296408307
315 0.1296475251
316 0.1296577144
317 0.129664535
318 0.1296748287
319 0.1296817733
320 0.1296921693
321 0.1296992359
322 0.1297097325
323 0.1297169189
324 0.1297275143
325 0.1297348186
326 0.1297455109
327 0.1297529311
328 0.1297637187
329 0.1297712528
330 0.1297821341
331 0.1297897802
332 0.1298007535
333 0.1298085098
334 0.1298195735
335 0.1298274383
336 0.1298385909
337 0.1298465623
338 0.1298578023
339 0.1298658787
340 0.1298772045
341 0.1298853842
342 0.1298967945
343 0.1299050758
344 0.1299165692
345 0.1299249506
346 0.1299365256
347 0.1299450055
348 0.1299566609
349 0.1299652377
350 0.1299769721
351 0.1299856444
352 0.1299943895
353 0.1300000875
354 0.1300089064
355 0.1300146943
356 0.1300235859
357 0.1300294623
358 0.1300384253
359 0.130044389
360 0.1300534223
361 0.1300594718
362 0.1300685742
363 0.1300747082
364 0.1300838787
365 0.130090096
366 0.1301082582
367 0.1301234357
368 0.1301415708
369 0.1301567369
370 0.1301748454
371 0.1301900004
372 0.1302080828
373 0.130223227
374 0.1302412837
375 0.1302564174
376 0.1302744488
377 0.1302895723
378 0.1303075788
379 0.1303226924
380 0.1303406745
381 0.1303557784
382 0.1303737365
383 0.1303888309
384 0.1304067654
385 0.1304218506
386 0.130439762
387 0.1304548382
388 0.1304727267
389 0.1304877943
390 0.1305056603
391 0.1305207194
392 0.1305385634
393 0.1305536143
394 0.1305714366
395 0.1305864794
396 0.1306042804
397 0.1306220675
398 0.1306370954
399 0.1306548617
400 0.1306698822
401 0.1306876281
402 0.1307026413
403 0.1307203671
404 0.1307353732
405 0.1307530793
406 0.1307680786
407 0.1307857652
408 0.1308007578
409 0.1308184253
410 0.1308334115
411 0.1308510601
412 0.13086604
413 0.1308836702
414 0.130898644
415 0.1309162559
416 0.1309312239
417 0.1309488179
418 0.1309637801
419 0.1309813564
420 0.130996313
421 0.1310138721
422 0.1310288233
423 0.1310463653
424 0.1310613112
425 0.1310788364
426 0.1310963504
427 0.131111286
428 0.1311287836
429 0.1311437143
430 0.1311611958
431 0.1311761219
432 0.1311935876
433 0.1312085092
434 0.1312259593
435 0.1312408765
436 0.1312583112
437 0.1312732242
438 0.1312906438
439 0.1313055528
440 0.1313229575
441 0.1313378625
442 0.1313552526
443 0.1313678508
444 0.1313829224
445 0.1313955148
446 0.1314105702
447 0.1314231571
448 0.1314381966
449 0.131450778
450 0.1314658017
451 0.1314783778
452 0.131493386
453 0.1315059569
454 0.1315209498
455 0.1315335157
456 0.1315484934
457 0.1315634611
458 0.1315760172
459 0.1315909701
460 0.1316035214
461 0.1316184597
462 0.1316310064
463 0.1316459303
464 0.1316584725
465 0.1316733822
466 0.1316859199
467 0.1317008157
468 0.1317133491
469 0.131728231
470 0.1317407602
471 0.1317556285
472 0.1317681536
473 0.1317830084
474 0.1317955295
475 0.1318103711
476 0.1318228882
477 0.1318377167
478 0.1318502301
479 0.1318650456
480 0.1318775552
481 0.131892358
482 0.131904864
483 0.1319196542
484 0.1319321567
485 0.1319469345
486 0.1319594335
487 0.131974199
488 0.1319889563
489 0.1320014481
490 0.1320161934
491 0.132028682
492 0.1320434154
493 0.132055901
494 0.1320706227
495 0.1320831051
496 0.1320978153
497 0.1321102948
498 0.1321249936
499 0.1321374702
500 0.1321521577
501 0.1321646316
502 0.132179308
503 0.1321917791
504 0.1322064446
505 0.132218913
506 0.1322335677
507 0.1322460336
508 0.1322606775
509 0.1322731409
510 0.1322877743
511 0.1323002353
512 0.1323148582
513 0.1323273168
514 0.1323419296
515 0.1323543859
516 0.1323689884
517 0.132383584
518 0.1323960351
519 0.1324106207
520 0.1324230696
521 0.1324376454
522 0.1324500923
523 0.1324646585
524 0.1324771034
525 0.1324916599
526 0.1325041029
527 0.13251865
528 0.1325310912
529 0.132545629
530 0.1325580683
531 0.1325725969
532 0.1325850345
533 0.1325995539
534 0.1326103486
535 0.132623217
536 0.1326340086
537 0.1326468667
538 0.1326576554
539 0.1326705033
540 0.1326812891
541 0.132694127
542 0.1327049098
543 0.1327177377
544 0.1327285178
545 0.1327413359
546 0.1327521132
547 0.1327649215
548 0.132634615394696
549 0.132504309289391
550 0.132374003184087
551 0.132243697078782
552 0.132113390973478
553 0.131983084868173
554 0.131852778762869
555 0.131722472657564
556 0.13159216655226
557 0.131461860446956
558 0.131331554341651
559 0.131201248236347
560 0.131070942131042
561 0.130940636025738
562 0.130810329920433
563 0.130680023815129
564 0.130549717709824
565 0.13041941160452
566 0.130289105499215
567 0.130158799393911
568 0.130028493288607
569 0.129898187183302
570 0.129767881077998
571 0.129637574972693
572 0.129507268867389
573 0.129376962762084
574 0.12924665665678
575 0.129116350551475
576 0.128986044446171
577 0.128855738340867
578 0.128725432235562
579 0.128595126130258
580 0.128464820024953
581 0.128334513919649
582 0.128204207814344
583 0.12807390170904
584 0.127943595603735
585 0.127813289498431
586 0.127682983393127
587 0.127552677287822
588 0.127422371182518
589 0.127292065077213
590 0.127161758971909
591 0.127031452866604
592 0.1269011467613
593 0.126770840655995
594 0.126640534550691
595 0.126510228445386
596 0.126379922340082
597 0.126249616234778
598 0.126119310129473
599 0.125989004024169
600 0.125858697918864
601 0.12572839181356
602 0.125598085708255
603 0.125467779602951
604 0.125337473497646
605 0.125207167392342
606 0.125076861287038
607 0.124946555181733
608 0.124816249076429
609 0.124685942971124
610 0.12455563686582
611 0.124425330760515
612 0.124295024655211
613 0.124164718549906
614 0.124034412444602
615 0.123904106339298
616 0.123773800233993
617 0.123643494128689
618 0.123513188023384
619 0.12338288191808
620 0.123252575812775
621 0.123122269707471
622 0.122991963602166
623 0.122861657496862
624 0.122731351391557
625 0.122601045286253
626 0.122470739180949
627 0.122340433075644
628 0.12221012697034
629 0.122079820865035
630 0.121949514759731
631 0.121819208654426
632 0.121688902549122
633 0.121558596443817
634 0.121428290338513
635 0.121297984233209
636 0.121167678127904
637 0.1210373720226
638 0.120907065917295
639 0.120776759811991
640 0.120646453706686
641 0.120516147601382
642 0.120385841496077
643 0.120255535390773
644 0.120125229285469
645 0.119994923180164
646 0.11986461707486
647 0.119734310969555
648 0.119604004864251
649 0.119473698758946
650 0.119343392653642
651 0.119213086548337
652 0.119082780443033
653 0.118952474337728
654 0.118822168232424
655 0.11869186212712
656 0.118561556021815
657 0.118431249916511
658 0.118300943811206
659 0.118170637705902
660 0.118040331600597
661 0.117910025495293
662 0.117779719389988
663 0.117649413284684
664 0.11751910717938
665 0.117388801074075
666 0.117258494968771
667 0.117128188863466
668 0.116997882758162
669 0.116867576652857
670 0.116737270547553
671 0.116606964442248
672 0.116476658336944
673 0.116346352231639
674 0.116216046126335
675 0.116085740021031
676 0.115955433915726
677 0.115825127810422
678 0.115694821705117
679 0.115564515599813
680 0.115434209494508
681 0.115303903389204
682 0.115173597283899
683 0.115043291178595
684 0.114912985073291
685 0.114782678967986
686 0.114652372862682
687 0.114522066757377
688 0.114391760652073
689 0.114261454546768
690 0.114131148441464
691 0.114000842336159
692 0.113870536230855
693 0.113740230125551
694 0.113609924020246
695 0.113479617914942
696 0.113349311809637
697 0.113219005704333
698 0.113088699599028
699 0.112958393493724
700 0.112828087388419
701 0.112697781283115
702 0.112567475177811
703 0.112437169072506
704 0.112306862967202
705 0.112176556861897
706 0.112046250756593
707 0.111915944651288
708 0.111785638545984
709 0.111655332440679
710 0.111525026335375
711 0.11139472023007
712 0.111264414124766
713 0.111134108019462
714 0.111003801914157
715 0.110873495808853
716 0.110743189703548
717 0.110612883598244
718 0.110482577492939
719 0.110352271387635
720 0.11022196528233
721 0.110091659177026
722 0.109961353071722
723 0.109831046966417
724 0.109700740861113
725 0.109570434755808
726 0.109440128650504
727 0.109309822545199
728 0.109179516439895
729 0.10904921033459
730 0.108918904229286
731 0.108788598123981
732 0.108658292018677
733 0.108527985913373
734 0.108397679808068
735 0.108267373702764
736 0.108137067597459
737 0.108138144409272
738 0.108139221221085
739 0.108140298032898
740 0.10814137484471
741 0.108142451656523
742 0.108143528468336
743 0.108144605280149
744 0.108145682091961
745 0.108146758903774
746 0.108147835715587
747 0.1081489125274
748 0.108149989339212
749 0.108151066151025
750 0.108152142962838
751 0.108153219774651
752 0.108154296586463
753 0.108155373398276
754 0.108156450210089
755 0.108157527021902
756 0.108158603833714
757 0.108159680645527
758 0.10816075745734
759 0.108161834269153
760 0.108162911080965
761 0.108163987892778
762 0.108165064704591
763 0.108166141516404
764 0.108167218328216
765 0.108168295140029
766 0.108169371951842
767 0.108170448763655
768 0.108171525575468
769 0.10817260238728
770 0.108173679199093
771 0.108174756010906
772 0.108175832822719
773 0.108176909634531
774 0.108177986446344
775 0.108179063258157
776 0.10818014006997
777 0.108181216881782
778 0.108182293693595
779 0.108183370505408
780 0.108184447317221
781 0.108185524129033
782 0.108186600940846
783 0.108187677752659
784 0.108188754564472
785 0.108189831376284
786 0.108190908188097
787 0.10819198499991
788 0.108193061811723
789 0.108194138623535
790 0.108195215435348
791 0.108196292247161
792 0.108197369058974
793 0.108198445870786
794 0.108199522682599
795 0.108200599494412
796 0.108201676306225
797 0.108202753118037
798 0.10820382992985
799 0.108204906741663
800 0.108205983553476
801 0.108207060365289
802 0.108208137177101
803 0.108209213988914
804 0.108210290800727
805 0.10821136761254
806 0.108212444424352
807 0.108213521236165
808 0.108214598047978
809 0.108215674859791
810 0.108216751671603
811 0.108217828483416
812 0.108218905295229
813 0.108219982107042
814 0.108221058918854
815 0.108222135730667
816 0.10822321254248
817 0.108224289354293
818 0.108225366166105
819 0.108226442977918
820 0.108227519789731
821 0.108228596601544
822 0.108229673413356
823 0.108230750225169
824 0.108231827036982
825 0.108232903848795
826 0.108233980660607
827 0.10823505747242
828 0.108236134284233
829 0.108237211096046
830 0.108238287907858
831 0.108239364719671
832 0.108240441531484
833 0.108241518343297
834 0.10824259515511
835 0.108243671966922
836 0.108244748778735
837 0.108245825590548
838 0.108246902402361
839 0.108247979214173
840 0.108249056025986
841 0.108250132837799
842 0.108251209649612
843 0.108252286461424
844 0.108253363273237
845 0.10825444008505
846 0.108255516896863
847 0.108256593708675
848 0.108257670520488
849 0.108258747332301
850 0.108259824144114
851 0.108260900955926
852 0.108261977767739
853 0.108263054579552
854 0.108264131391365
855 0.108265208203177
856 0.10826628501499
857 0.108267361826803
858 0.108268438638616
859 0.108269515450428
860 0.108270592262241
861 0.108271669074054
862 0.108272745885867
863 0.10827382269768
864 0.108274899509492
865 0.108275976321305
866 0.108277053133118
867 0.108278129944931
868 0.108279206756743
869 0.108280283568556
870 0.108281360380369
871 0.108282437192182
872 0.108283514003994
873 0.108284590815807
874 0.10828566762762
875 0.108286744439433
876 0.108287821251245
877 0.108288898063058
878 0.108289974874871
879 0.108291051686684
880 0.108292128498496
881 0.108293205310309
882 0.108294282122122
883 0.108295358933935
884 0.108296435745747
885 0.10829751255756
886 0.108298589369373
887 0.108299666181186
888 0.108300742992998
889 0.108301819804811
890 0.108302896616624
891 0.108303973428437
892 0.10830505024025
893 0.108306127052062
894 0.108307203863875
895 0.108308280675688
896 0.108309357487501
897 0.108310434299313
898 0.108311511111126
899 0.108312587922939
900 0.108313664734752
901 0.108314741546564
902 0.108315818358377
903 0.10831689517019
904 0.108317971982003
905 0.108319048793815
906 0.108320125605628
907 0.108321202417441
908 0.108322279229254
909 0.108323356041066
910 0.108324432852879
911 0.108325509664692
912 0.108326586476505
913 0.108327663288317
914 0.10832874010013
915 0.108329816911943
916 0.108330893723756
917 0.108331970535568
918 0.108333047347381
919 0.108334124159194
920 0.108335200971007
921 0.108336277782819
922 0.108337354594632
923 0.108338431406445
924 0.108339508218258
925 0.108340585030071
926 0.108341661841883
927 0.108342738653696
928 0.108343815465509
929 0.108344892277322
930 0.108345969089134
931 0.108347045900947
932 0.10834812271276
933 0.108349199524573
934 0.108350276336385
935 0.108351353148198
936 0.108352429960011
937 0.108353506771824
938 0.108354583583636
939 0.108355660395449
940 0.108356737207262
941 0.108357814019075
942 0.108358890830887
943 0.1083599676427
944 0.108361044454513
945 0.108362121266326
946 0.108363198078138
947 0.108364274889951
948 0.108365351701764
949 0.108366428513577
950 0.108367505325389
951 0.108368582137202
952 0.108369658949015
953 0.108370735760828
954 0.10837181257264
955 0.108372889384453
956 0.108373966196266
957 0.108375043008079
958 0.108376119819892
959 0.108377196631704
960 0.108378273443517
961 0.10837935025533
962 0.108380427067143
963 0.108381503878955
964 0.108382580690768
965 0.108383657502581
966 0.108384734314394
967 0.108385811126206
968 0.108386887938019
969 0.108387964749832
970 0.108389041561645
971 0.108390118373457
972 0.10839119518527
973 0.108392271997083
974 0.108393348808896
975 0.108394425620708
976 0.108395502432521
977 0.108396579244334
978 0.108397656056147
979 0.108398732867959
980 0.108399809679772
981 0.108400886491585
982 0.108401963303398
983 0.10840304011521
984 0.108404116927023
985 0.108405193738836
986 0.108406270550649
987 0.108407347362462
988 0.108408424174274
989 0.108409500986087
990 0.1084105777979
991 0.108411654609713
992 0.108412731421525
993 0.108413808233338
994 0.108414885045151
995 0.108415961856964
996 0.108417038668776
997 0.108418115480589
998 0.108419192292402
999 0.108420269104215
1000 0.108421345916027
1001 0.10842242272784
1002 0.108423499539653
1003 0.108424576351466
1004 0.108425653163278
1005 0.108426729975091
1006 0.108427806786904
1007 0.108428883598717
1008 0.108429960410529
1009 0.108431037222342
1010 0.108432114034155
1011 0.108433190845968
1012 0.10843426765778
1013 0.108435344469593
1014 0.108436421281406
1015 0.108437498093219
1016 0.108438574905031
1017 0.108439651716844
1018 0.108440728528657
1019 0.10844180534047
1020 0.108442882152283
1021 0.108443958964095
1022 0.108445035775908
1023 0.108446112587721
1024 0.108447189399534
1025 0.108448266211346
1026 0.108449343023159
1027 0.108450419834972
1028 0.108451496646785
1029 0.108452573458597
1030 0.10845365027041
1031 0.108454727082223
1032 0.108455803894036
1033 0.108456880705848
1034 0.108457957517661
1035 0.108459034329474
1036 0.108460111141287
1037 0.108461187953099
1038 0.108462264764912
1039 0.108463341576725
1040 0.108464418388538
1041 0.10846549520035
1042 0.108466572012163
1043 0.108467648823976
1044 0.108468725635789
1045 0.108469802447601
1046 0.108470879259414
1047 0.108471956071227
1048 0.10847303288304
1049 0.108474109694852
1050 0.108475186506665
1051 0.108476263318478
1052 0.108477340130291
1053 0.108478416942104
1054 0.108479493753916
1055 0.108480570565729
1056 0.108481647377542
1057 0.108482724189355
1058 0.108483801001167
1059 0.10848487781298
1060 0.108485954624793
1061 0.108487031436606
1062 0.108488108248418
1063 0.108489185060231
1064 0.108490261872044
1065 0.108491338683857
1066 0.108492415495669
1067 0.108493492307482
1068 0.108494569119295
1069 0.108495645931108
1070 0.10849672274292
1071 0.108497799554733
1072 0.108498876366546
1073 0.108499953178359
1074 0.108501029990171
1075 0.108502106801984
1076 0.108503183613797
1077 0.10850426042561
1078 0.108505337237422
1079 0.108506414049235
1080 0.108507490861048
1081 0.108508567672861
1082 0.108509644484674
1083 0.108510721296486
1084 0.108511798108299
1085 0.108512874920112
1086 0.108513951731925
1087 0.108515028543737
1088 0.10851610535555
1089 0.108517182167363
1090 0.108518258979176
1091 0.108519335790988
1092 0.108520412602801
1093 0.108521489414614
1094 0.108522566226427
1095 0.108523643038239
1096 0.108524719850052
1097 0.108525796661865
1098 0.108526873473678
1099 0.10852795028549
1100 0.108528803797513
1101 0.108529657309536
1102 0.108530510821558
1103 0.108531364333581
1104 0.108532217845603
1105 0.108533071357626
1106 0.108533924869649
1107 0.108534778381671
1108 0.108535631893694
1109 0.108536485405716
1110 0.108537338917739
1111 0.108538192429761
1112 0.108539045941784
1113 0.108539899453807
1114 0.108540752965829
1115 0.108541606477852
1116 0.108542459989874
1117 0.108543313501897
1118 0.10854416701392
1119 0.108545020525942
1120 0.108545874037965
1121 0.108546727549987
1122 0.10854758106201
1123 0.108548434574033
1124 0.108549288086055
1125 0.108550141598078
1126 0.1085509951101
1127 0.108551848622123
1128 0.108552702134145
1129 0.108553555646168
1130 0.108554409158191
1131 0.108555262670213
1132 0.108556116182236
1133 0.108556969694258
1134 0.108557823206281
1135 0.108558676718304
1136 0.108559530230326
1137 0.108560383742349
1138 0.108561237254371
1139 0.108562090766394
1140 0.108562944278417
1141 0.108563797790439
1142 0.108564651302462
1143 0.108565504814484
1144 0.108566358326507
1145 0.10856721183853
1146 0.108568065350552
1147 0.108568918862575
1148 0.108569772374597
1149 0.10857062588662
1150 0.108571479398642
1151 0.108572332910665
1152 0.108573186422688
1153 0.10857403993471
1154 0.108574893446733
1155 0.108575746958755
1156 0.108576600470778
1157 0.108577453982801
1158 0.108578307494823
1159 0.108579161006846
1160 0.108580014518868
1161 0.108580868030891
1162 0.108581721542914
1163 0.108582575054936
1164 0.108583428566959
1165 0.108584282078981
1166 0.108585135591004
1167 0.108585989103026
1168 0.108586842615049
1169 0.108587696127072
1170 0.108588549639094
1171 0.108589403151117
1172 0.108590256663139
1173 0.108591110175162
1174 0.108591963687185
1175 0.108592817199207
1176 0.10859367071123
1177 0.108594524223252
1178 0.108595377735275
1179 0.108596231247298
1180 0.10859708475932
1181 0.108597938271343
1182 0.108598791783365
1183 0.108599645295388
1184 0.10860049880741
1185 0.108601352319433
1186 0.108602205831456
1187 0.108603059343478
1188 0.108603912855501
1189 0.108604766367523
1190 0.108605619879546
1191 0.108606473391569
1192 0.108607326903591
1193 0.108608180415614
1194 0.108609033927636
1195 0.108609887439659
1196 0.108610740951682
1197 0.108611594463704
1198 0.108612447975727
1199 0.108613301487749
1200 0.108614154999772
1201 0.108615008511795
1202 0.108615862023817
1203 0.10861671553584
1204 0.108617569047862
1205 0.108618422559885
1206 0.108619276071907
1207 0.10862012958393
1208 0.108620983095953
1209 0.108621836607975
1210 0.108622690119998
1211 0.10862354363202
1212 0.108624397144043
1213 0.108625250656066
1214 0.108626104168088
1215 0.108626957680111
1216 0.108627811192133
1217 0.108628664704156
1218 0.108629518216179
1219 0.108630371728201
1220 0.108631225240224
1221 0.108632078752246
1222 0.108632932264269
1223 0.108633785776291
1224 0.108634639288314
1225 0.108635492800337
1226 0.108636346312359
1227 0.108637199824382
1228 0.108638053336404
1229 0.108638906848427
1230 0.10863976036045
1231 0.108640613872472
1232 0.108641467384495
1233 0.108642320896517
1234 0.10864317440854
1235 0.108644027920563
1236 0.108644881432585
1237 0.108645734944608
1238 0.10864658845663
1239 0.108647441968653
1240 0.108648295480675
1241 0.108649148992698
1242 0.108650002504721
1243 0.108650856016743
1244 0.108651709528766
1245 0.108652563040788
1246 0.108653416552811
1247 0.108654270064834
1248 0.108655123576856
1249 0.108655977088879
1250 0.108656830600901
1251 0.108657684112924
1252 0.108658537624947
1253 0.108659391136969
1254 0.108660244648992
1255 0.108661098161014
1256 0.108661951673037
1257 0.10866280518506
1258 0.108663658697082
1259 0.108664512209105
1260 0.108665365721127
1261 0.10866621923315
1262 0.108667072745172
1263 0.108667926257195
1264 0.108668779769218
1265 0.10866963328124
1266 0.108670486793263
1267 0.108671340305285
1268 0.108672193817308
1269 0.108673047329331
1270 0.108673900841353
1271 0.108674754353376
1272 0.108675607865398
1273 0.108676461377421
1274 0.108677314889444
1275 0.108678168401466
1276 0.108679021913489
1277 0.108679875425511
1278 0.108680728937534
1279 0.108681582449556
1280 0.108682435961579
1281 0.108683289473602
1282 0.108684142985624
1283 0.108684996497647
1284 0.108685850009669
1285 0.108686703521692
1286 0.108687557033715
1287 0.108688410545737
1288 0.10868926405776
1289 0.108690117569782
1290 0.108690971081805
1291 0.108691824593828
1292 0.10869267810585
1293 0.108693531617873
1294 0.108694385129895
1295 0.108695238641918
1296 0.10869609215394
1297 0.108696945665963
1298 0.108697799177986
1299 0.108698652690008
1300 0.108699506202031
1301 0.108700359714053
1302 0.108701213226076
1303 0.108702066738099
1304 0.108702920250121
1305 0.108703773762144
1306 0.108704627274166
1307 0.108705480786189
1308 0.108706334298212
1309 0.108707187810234
1310 0.108708041322257
1311 0.108708894834279
1312 0.108709748346302
1313 0.108710601858325
1314 0.108711455370347
1315 0.10871230888237
1316 0.108713162394392
1317 0.108714015906415
1318 0.108714869418437
1319 0.10871572293046
1320 0.108716576442483
1321 0.108717429954505
1322 0.108718283466528
1323 0.10871913697855
1324 0.108719990490573
1325 0.108720844002596
1326 0.108721697514618
1327 0.108722551026641
1328 0.108723404538663
1329 0.108724258050686
1330 0.108725111562709
1331 0.108725965074731
1332 0.108726818586754
1333 0.108727672098776
1334 0.108728525610799
1335 0.108729379122821
1336 0.108730232634844
1337 0.108731086146867
1338 0.108731939658889
1339 0.108732793170912
1340 0.108733646682934
1341 0.108734500194957
1342 0.10873535370698
1343 0.108736207219002
1344 0.108737060731025
1345 0.108737914243047
1346 0.10873876775507
1347 0.108739621267093
1348 0.108740474779115
1349 0.108741328291138
1350 0.10874218180316
1351 0.108743035315183
1352 0.108743888827205
1353 0.108744742339228
1354 0.108745595851251
1355 0.108746449363273
1356 0.108747302875296
1357 0.108748156387318
1358 0.108749009899341
1359 0.108749863411364
1360 0.108750716923386
1361 0.108751570435409
1362 0.108752423947431
1363 0.108753277459454
1364 0.108754130971477
1365 0.108754984483499
1366 0.108755837995522
1367 0.108756691507544
1368 0.108757545019567
1369 0.10875839853159
1370 0.108759252043612
1371 0.108760105555635
1372 0.108760959067657
1373 0.10876181257968
1374 0.108762666091702
1375 0.108763519603725
1376 0.108764373115748
1377 0.10876522662777
1378 0.108766080139793
1379 0.108766933651815
1380 0.108767787163838
1381 0.108768640675861
1382 0.108769494187883
1383 0.108770347699906
1384 0.108771201211928
1385 0.108772054723951
1386 0.108772908235974
1387 0.108773761747996
1388 0.108774615260019
1389 0.108775468772041
1390 0.108776322284064
1391 0.108777175796086
1392 0.108778029308109
1393 0.108778882820132
1394 0.108779736332154
1395 0.108780589844177
1396 0.108781443356199
1397 0.108782296868222
1398 0.108783150380245
1399 0.108784003892267
1400 0.10878485740429
1401 0.108785710916312
1402 0.108786564428335
1403 0.108787417940358
1404 0.10878827145238
1405 0.108789124964403
1406 0.108789978476425
1407 0.108790831988448
1408 0.10879168550047
1409 0.108792539012493
1410 0.108793392524516
1411 0.108794246036538
1412 0.108795099548561
1413 0.108795953060583
1414 0.108796806572606
1415 0.108797660084629
1416 0.108798513596651
1417 0.108799367108674
1418 0.108800220620696
1419 0.108801074132719
1420 0.108801927644742
1421 0.108802781156764
1422 0.108803634668787
1423 0.108804488180809
1424 0.108805341692832
1425 0.108806195204855
1426 0.108807048716877
1427 0.1088079022289
1428 0.108808755740922
1429 0.108809609252945
1430 0.108810462764967
1431 0.10881131627699
1432 0.108812169789013
1433 0.108813023301035
1434 0.108813876813058
1435 0.10881473032508
1436 0.108815583837103
1437 0.108816437349126
1438 0.108817290861148
1439 0.108818144373171
1440 0.108818997885193
1441 0.108819851397216
1442 0.108820704909239
1443 0.108821558421261
1444 0.108822411933284
1445 0.108823265445306
1446 0.108824118957329
1447 0.108824972469351
1448 0.108825825981374
1449 0.108826679493397
1450 0.108827533005419
1451 0.108828386517442
1452 0.108829240029464
1453 0.108830093541487
1454 0.10883094705351
1455 0.108831800565532
1456 0.108832654077555
1457 0.108833507589577
1458 0.1088343611016
1459 0.108835214613623
1460 0.108836068125645
1461 0.108836921637668
1462 0.10883777514969
1463 0.108838628661713
1464 0.108848459266745
1465 0.108858289871776
1466 0.108868120476808
1467 0.10887795108184
1468 0.108887781686871
1469 0.108897612291903
1470 0.108907442896935
1471 0.108917273501967
1472 0.108927104106998
1473 0.10893693471203
1474 0.108946765317062
1475 0.108956595922093
1476 0.108966426527125
1477 0.108976257132157
1478 0.108986087737189
1479 0.10899591834222
1480 0.109005748947252
1481 0.109015579552284
1482 0.109025410157315
1483 0.109035240762347
1484 0.109045071367379
1485 0.10905490197241
1486 0.109064732577442
1487 0.109074563182474
1488 0.109084393787506
1489 0.109094224392537
1490 0.109104054997569
1491 0.109113885602601
1492 0.109123716207632
1493 0.109133546812664
1494 0.109143377417696
1495 0.109153208022728
1496 0.109163038627759
1497 0.109172869232791
1498 0.109182699837823
1499 0.109192530442854
1500 0.109202361047886
1501 0.109212191652918
1502 0.109222022257949
1503 0.109231852862981
1504 0.109241683468013
1505 0.109251514073045
1506 0.109261344678076
1507 0.109271175283108
1508 0.10928100588814
1509 0.109290836493171
1510 0.109300667098203
1511 0.109310497703235
1512 0.109320328308267
1513 0.109330158913298
1514 0.10933998951833
1515 0.109349820123362
1516 0.109359650728393
1517 0.109369481333425
1518 0.109379311938457
1519 0.109389142543489
1520 0.10939897314852
1521 0.109408803753552
1522 0.109418634358584
1523 0.109428464963615
1524 0.109438295568647
1525 0.109448126173679
1526 0.10945795677871
1527 0.109467787383742
1528 0.109477617988774
1529 0.109487448593806
1530 0.109497279198837
1531 0.109507109803869
1532 0.109516940408901
1533 0.109526771013932
1534 0.109536601618964
1535 0.109546432223996
1536 0.109556262829028
1537 0.109566093434059
1538 0.109575924039091
1539 0.109585754644123
1540 0.109595585249154
1541 0.109605415854186
1542 0.109615246459218
1543 0.109625077064249
1544 0.109634907669281
1545 0.109644738274313
1546 0.109654568879345
1547 0.109664399484376
1548 0.109674230089408
1549 0.10968406069444
1550 0.109693891299471
1551 0.109703721904503
1552 0.109713552509535
1553 0.109723383114567
1554 0.109733213719598
1555 0.10974304432463
1556 0.109752874929662
1557 0.109762705534693
1558 0.109772536139725
1559 0.109782366744757
1560 0.109792197349789
1561 0.10980202795482
1562 0.109811858559852
1563 0.109821689164884
1564 0.109831519769915
1565 0.109841350374947
1566 0.109851180979979
1567 0.10986101158501
1568 0.109870842190042
1569 0.109880672795074
1570 0.109890503400106
1571 0.109900334005137
1572 0.109910164610169
1573 0.109919995215201
1574 0.109929825820232
1575 0.109939656425264
1576 0.109949487030296
1577 0.109959317635328
1578 0.109969148240359
1579 0.109978978845391
1580 0.109988809450423
1581 0.109998640055454
1582 0.110008470660486
1583 0.110018301265518
1584 0.110028131870549
1585 0.110037962475581
1586 0.110047793080613
1587 0.110057623685645
1588 0.110067454290676
1589 0.110077284895708
1590 0.11008711550074
1591 0.110096946105771
1592 0.110106776710803
1593 0.110116607315835
1594 0.110126437920867
1595 0.110136268525898
1596 0.11014609913093
1597 0.110155929735962
1598 0.110165760340993
1599 0.110175590946025
1600 0.110185421551057
1601 0.110195252156089
1602 0.11020508276112
1603 0.110214913366152
1604 0.110224743971184
1605 0.110234574576215
1606 0.110244405181247
1607 0.110254235786279
1608 0.11026406639131
1609 0.110273896996342
1610 0.110283727601374
1611 0.110293558206406
1612 0.110303388811437
1613 0.110313219416469
1614 0.110323050021501
1615 0.110332880626532
1616 0.110342711231564
1617 0.110352541836596
1618 0.110362372441628
1619 0.110372203046659
1620 0.110382033651691
1621 0.110391864256723
1622 0.110401694861754
1623 0.110411525466786
1624 0.110421356071818
1625 0.110431186676849
1626 0.110441017281881
1627 0.110450847886913
1628 0.110460678491945
1629 0.110470509096976
1630 0.110480339702008
1631 0.11049017030704
1632 0.110500000912071
1633 0.110509831517103
1634 0.110519662122135
1635 0.110529492727167
1636 0.110539323332198
1637 0.11054915393723
1638 0.110558984542262
1639 0.110568815147293
1640 0.110578645752325
1641 0.110588476357357
1642 0.110598306962389
1643 0.11060813756742
1644 0.110617968172452
1645 0.110627798777484
1646 0.110637629382515
1647 0.110647459987547
1648 0.110657290592579
1649 0.11066712119761
1650 0.110676951802642
1651 0.110686782407674
1652 0.110696613012706
1653 0.110706443617737
1654 0.110716274222769
1655 0.110726104827801
1656 0.110735935432832
1657 0.110745766037864
1658 0.110755596642896
1659 0.110765427247928
1660 0.110775257852959
1661 0.110785088457991
1662 0.110794919063023
1663 0.110804749668054
1664 0.110814580273086
1665 0.110824410878118
1666 0.110834241483149
1667 0.110844072088181
1668 0.110853902693213
1669 0.110863733298245
1670 0.110873563903276
1671 0.110883394508308
1672 0.11089322511334
1673 0.110903055718371
1674 0.110912886323403
1675 0.110922716928435
1676 0.110932547533467
1677 0.110942378138498
1678 0.11095220874353
1679 0.110962039348562
1680 0.110971869953593
1681 0.110981700558625
1682 0.110991531163657
1683 0.111001361768689
1684 0.11101119237372
1685 0.111021022978752
1686 0.111030853583784
1687 0.111040684188815
1688 0.111050514793847
1689 0.111060345398879
1690 0.11107017600391
1691 0.111080006608942
1692 0.111089837213974
1693 0.111099667819006
1694 0.111109498424037
1695 0.111119329029069
1696 0.111129159634101
1697 0.111138990239132
1698 0.111148820844164
1699 0.111158651449196
1700 0.111168482054228
1701 0.111178312659259
1702 0.111188143264291
1703 0.111197973869323
1704 0.111207804474354
1705 0.111217635079386
1706 0.111227465684418
1707 0.111237296289449
1708 0.111247126894481
1709 0.111256957499513
1710 0.111266788104545
1711 0.111276618709576
1712 0.111286449314608
1713 0.11129627991964
1714 0.111306110524671
1715 0.111315941129703
1716 0.111325771734735
1717 0.111335602339767
1718 0.111345432944798
1719 0.11135526354983
1720 0.111365094154862
1721 0.111374924759893
1722 0.111384755364925
1723 0.111394585969957
1724 0.111404416574989
1725 0.11141424718002
1726 0.111424077785052
1727 0.111433908390084
1728 0.111443738995115
1729 0.111453569600147
1730 0.111463400205179
1731 0.11147323081021
1732 0.111483061415242
1733 0.111492892020274
1734 0.111502722625306
1735 0.111512553230337
1736 0.111522383835369
1737 0.111532214440401
1738 0.111542045045432
1739 0.111551875650464
1740 0.111561706255496
1741 0.111571536860528
1742 0.111581367465559
1743 0.111591198070591
1744 0.111601028675623
1745 0.111610859280654
1746 0.111620689885686
1747 0.111630520490718
1748 0.111640351095749
1749 0.111650181700781
1750 0.111660012305813
1751 0.111669842910845
1752 0.111679673515876
1753 0.111689504120908
1754 0.11169933472594
1755 0.111709165330971
1756 0.111718995936003
1757 0.111728826541035
1758 0.111738657146067
1759 0.111748487751098
1760 0.11175831835613
1761 0.111768148961162
1762 0.111777979566193
1763 0.111787810171225
1764 0.111797640776257
1765 0.111807471381289
1766 0.11181730198632
1767 0.111827132591352
1768 0.111836963196384
1769 0.111846793801415
1770 0.111856624406447
1771 0.111866455011479
1772 0.11187628561651
1773 0.111886116221542
1774 0.111895946826574
1775 0.111905777431606
1776 0.111915608036637
1777 0.111925438641669
1778 0.111935269246701
1779 0.111945099851732
1780 0.111954930456764
1781 0.111964761061796
1782 0.111974591666828
1783 0.111984422271859
1784 0.111994252876891
1785 0.112004083481923
1786 0.112013914086954
1787 0.112023744691986
1788 0.112033575297018
1789 0.112043405902049
1790 0.112053236507081
1791 0.112063067112113
1792 0.112072897717145
1793 0.112082728322176
1794 0.112092558927208
1795 0.11210238953224
1796 0.112112220137271
1797 0.112122050742303
1798 0.112131881347335
1799 0.112141711952367
1800 0.112151542557398
1801 0.11216137316243
1802 0.112171203767462
1803 0.112181034372493
1804 0.112190864977525
1805 0.112200695582557
1806 0.112210526187589
1807 0.11222035679262
1808 0.112230187397652
1809 0.112240018002684
1810 0.112249848607715
1811 0.112259679212747
1812 0.112269509817779
1813 0.11227934042281
1814 0.112289171027842
1815 0.112299001632874
1816 0.112308832237906
1817 0.112318662842937
1818 0.112328493447969
1819 0.112338324053001
1820 0.112348154658032
1821 0.112357985263064
1822 0.112367815868096
1823 0.112377646473128
1824 0.112387477078159
1825 0.112397307683191
1826 0.112407138288223
1827 0.112416968893254
1828 0.112426799498286
1829 0.112439923748802
1830 0.112453047999317
1831 0.112466172249833
1832 0.112479296500348
1833 0.112492420750864
1834 0.112505545001379
1835 0.112518669251895
1836 0.11253179350241
1837 0.112544917752926
1838 0.112558042003441
1839 0.112571166253957
1840 0.112584290504472
1841 0.112597414754988
1842 0.112610539005503
1843 0.112623663256019
1844 0.112636787506534
1845 0.11264991175705
1846 0.112663036007565
1847 0.112676160258081
1848 0.112689284508596
1849 0.112702408759112
1850 0.112715533009628
1851 0.112728657260143
1852 0.112741781510659
1853 0.112754905761174
1854 0.11276803001169
1855 0.112781154262205
1856 0.112794278512721
1857 0.112807402763236
1858 0.112820527013752
1859 0.112833651264267
1860 0.112846775514783
1861 0.112859899765298
1862 0.112873024015814
1863 0.112886148266329
1864 0.112899272516845
1865 0.11291239676736
1866 0.112925521017876
1867 0.112938645268391
1868 0.112951769518907
1869 0.112964893769422
1870 0.112978018019938
1871 0.112991142270453
1872 0.113004266520969
1873 0.113017390771485
1874 0.113030515022
1875 0.113043639272516
1876 0.113056763523031
1877 0.113069887773547
1878 0.113083012024062
1879 0.113096136274578
1880 0.113109260525093
1881 0.113122384775609
1882 0.113135509026124
1883 0.11314863327664
1884 0.113161757527155
1885 0.113174881777671
1886 0.113188006028186
1887 0.113201130278702
1888 0.113214254529217
1889 0.113227378779733
1890 0.113240503030248
1891 0.113253627280764
1892 0.113266751531279
1893 0.113279875781795
1894 0.11329300003231
1895 0.113306124282826
1896 0.113319248533342
1897 0.113332372783857
1898 0.113345497034373
1899 0.113358621284888
1900 0.113371745535404
1901 0.113384869785919
1902 0.113397994036435
1903 0.11341111828695
1904 0.113424242537466
1905 0.113437366787981
1906 0.113450491038497
1907 0.113463615289012
1908 0.113476739539528
1909 0.113489863790043
1910 0.113502988040559
1911 0.113516112291074
1912 0.11352923654159
1913 0.113542360792105
1914 0.113555485042621
1915 0.113568609293136
1916 0.113581733543652
1917 0.113594857794167
1918 0.113607982044683
1919 0.113621106295199
1920 0.113634230545714
1921 0.11364735479623
1922 0.113660479046745
1923 0.113673603297261
1924 0.113686727547776
1925 0.113699851798292
1926 0.113712976048807
1927 0.113726100299323
1928 0.113739224549838
1929 0.113752348800354
1930 0.113765473050869
1931 0.113778597301385
1932 0.1137917215519
1933 0.113804845802416
1934 0.113817970052931
1935 0.113831094303447
1936 0.113844218553962
1937 0.113857342804478
1938 0.113870467054993
1939 0.113883591305509
1940 0.113896715556024
1941 0.11390983980654
1942 0.113922964057056
1943 0.113936088307571
1944 0.113949212558087
1945 0.113962336808602
1946 0.113975461059118
1947 0.113988585309633
1948 0.114001709560149
1949 0.114014833810664
1950 0.11402795806118
1951 0.114041082311695
1952 0.114054206562211
1953 0.114067330812726
1954 0.114080455063242
1955 0.114093579313757
1956 0.114106703564273
1957 0.114119827814788
1958 0.114132952065304
1959 0.114146076315819
1960 0.114159200566335
1961 0.11417232481685
1962 0.114185449067366
1963 0.114198573317881
1964 0.114211697568397
1965 0.114224821818913
1966 0.114237946069428
1967 0.114251070319944
1968 0.114264194570459
1969 0.114277318820975
1970 0.11429044307149
1971 0.114303567322006
1972 0.114316691572521
1973 0.114329815823037
1974 0.114342940073552
1975 0.114356064324068
1976 0.114369188574583
1977 0.114382312825099
1978 0.114395437075614
1979 0.11440856132613
1980 0.114421685576645
1981 0.114434809827161
1982 0.114447934077676
1983 0.114461058328192
1984 0.114474182578707
1985 0.114487306829223
1986 0.114500431079738
1987 0.114513555330254
1988 0.11452667958077
1989 0.114539803831285
1990 0.114552928081801
1991 0.114566052332316
1992 0.114579176582832
1993 0.114592300833347
1994 0.114605425083863
1995 0.114618549334378
1996 0.114631673584894
1997 0.114644797835409
1998 0.114657922085925
1999 0.11467104633644
2000 0.114684170586956
2001 0.114697294837471
2002 0.114710419087987
2003 0.114723543338502
2004 0.114736667589018
2005 0.114749791839533
2006 0.114762916090049
2007 0.114776040340564
2008 0.11478916459108
2009 0.114802288841595
2010 0.114815413092111
2011 0.114828537342626
2012 0.114841661593142
2013 0.114854785843658
2014 0.114867910094173
2015 0.114881034344689
2016 0.114894158595204
2017 0.11490728284572
2018 0.114920407096235
2019 0.114933531346751
2020 0.114946655597266
2021 0.114959779847782
2022 0.114972904098297
2023 0.114986028348813
2024 0.114999152599328
2025 0.115012276849844
2026 0.115025401100359
2027 0.115038525350875
2028 0.11505164960139
2029 0.115064773851906
2030 0.115077898102421
2031 0.115091022352937
2032 0.115104146603452
2033 0.115117270853968
2034 0.115130395104483
2035 0.115143519354999
2036 0.115156643605515
2037 0.11516976785603
2038 0.115182892106546
2039 0.115196016357061
2040 0.115209140607577
2041 0.115222264858092
2042 0.115235389108608
2043 0.115248513359123
2044 0.115261637609639
2045 0.115274761860154
2046 0.11528788611067
2047 0.115301010361185
2048 0.115314134611701
2049 0.115327258862216
2050 0.115340383112732
2051 0.115353507363247
2052 0.115366631613763
2053 0.115379755864278
2054 0.115392880114794
2055 0.115406004365309
2056 0.115419128615825
2057 0.11543225286634
2058 0.115445377116856
2059 0.115458501367372
2060 0.115471625617887
2061 0.115484749868403
2062 0.115497874118918
2063 0.115510998369434
2064 0.115524122619949
2065 0.115537246870465
2066 0.11555037112098
2067 0.115563495371496
2068 0.115576619622011
2069 0.115589743872527
2070 0.115602868123042
2071 0.115615992373558
2072 0.115629116624073
2073 0.115642240874589
2074 0.115655365125104
2075 0.11566848937562
2076 0.115681613626135
2077 0.115694737876651
2078 0.115707862127166
2079 0.115720986377682
2080 0.115734110628197
2081 0.115747234878713
2082 0.115760359129229
2083 0.115773483379744
2084 0.11578660763026
2085 0.115799731880775
2086 0.115812856131291
2087 0.115825980381806
2088 0.115839104632322
2089 0.115852228882837
2090 0.115865353133353
2091 0.115878477383868
2092 0.115891601634384
2093 0.115904725884899
2094 0.115917850135415
2095 0.11593097438593
2096 0.115944098636446
2097 0.115957222886961
2098 0.115970347137477
2099 0.115983471387992
2100 0.115996595638508
2101 0.116009719889023
2102 0.116022844139539
2103 0.116035968390054
2104 0.11604909264057
2105 0.116062216891086
2106 0.116075341141601
2107 0.116088465392117
2108 0.116101589642632
2109 0.116114713893148
2110 0.116127838143663
2111 0.116140962394179
2112 0.116154086644694
2113 0.11616721089521
2114 0.116180335145725
2115 0.116193459396241
2116 0.116206583646756
2117 0.116219707897272
2118 0.116232832147787
2119 0.116245956398303
2120 0.116259080648818
2121 0.116272204899334
2122 0.116285329149849
2123 0.116298453400365
2124 0.11631157765088
2125 0.116324701901396
2126 0.116337826151911
2127 0.116350950402427
2128 0.116364074652943
2129 0.116377198903458
2130 0.116390323153974
2131 0.116403447404489
2132 0.116416571655005
2133 0.11642969590552
2134 0.116442820156036
2135 0.116455944406551
2136 0.116469068657067
2137 0.116482192907582
2138 0.116495317158098
2139 0.116508441408613
2140 0.116521565659129
2141 0.116534689909644
2142 0.11654781416016
2143 0.116560938410675
2144 0.116574062661191
2145 0.116587186911706
2146 0.116600311162222
2147 0.116613435412737
2148 0.116626559663253
2149 0.116639683913768
2150 0.116652808164284
2151 0.1166659324148
2152 0.116679056665315
2153 0.116692180915831
2154 0.116705305166346
2155 0.116718429416862
2156 0.116731553667377
2157 0.116744677917893
2158 0.116757802168408
2159 0.116770926418924
2160 0.116784050669439
2161 0.116797174919955
2162 0.11681029917047
2163 0.116823423420986
2164 0.116836547671501
2165 0.116849671922017
2166 0.116862796172532
2167 0.116875920423048
2168 0.116889044673563
2169 0.116902168924079
2170 0.116915293174594
2171 0.11692841742511
2172 0.116941541675625
2173 0.116954665926141
2174 0.116967790176657
2175 0.116980914427172
2176 0.116994038677688
2177 0.117007162928203
2178 0.117020287178719
2179 0.117033411429234
2180 0.11704653567975
2181 0.117059659930265
2182 0.117072784180781
2183 0.117085908431296
2184 0.117099032681812
2185 0.117112156932327
2186 0.117125281182843
2187 0.117138405433358
2188 0.117151529683874
2189 0.117164653934389
2190 0.117177778184905
2191 0.11719090243542
2192 0.117204026685936
2193 0.117217150936451
2194 0.117230275186967
2195 0.117250934765944
2196 0.11727159434492
2197 0.117292253923897
2198 0.117312913502873
2199 0.11733357308185
2200 0.117354232660827
2201 0.117374892239803
2202 0.11739555181878
2203 0.117416211397757
2204 0.117436870976733
2205 0.11745753055571
2206 0.117478190134687
2207 0.117498849713663
2208 0.11751950929264
2209 0.117540168871617
2210 0.117560828450593
2211 0.11758148802957
2212 0.117602147608546
2213 0.117622807187523
2214 0.1176434667665
2215 0.117664126345476
2216 0.117684785924453
2217 0.11770544550343
2218 0.117726105082406
2219 0.117746764661383
2220 0.11776742424036
2221 0.117788083819336
2222 0.117808743398313
2223 0.117829402977289
2224 0.117850062556266
2225 0.117870722135243
2226 0.117891381714219
2227 0.117912041293196
2228 0.117932700872173
2229 0.117953360451149
2230 0.117974020030126
2231 0.117994679609103
2232 0.118015339188079
2233 0.118035998767056
2234 0.118056658346033
2235 0.118077317925009
2236 0.118097977503986
2237 0.118118637082962
2238 0.118139296661939
2239 0.118159956240916
2240 0.118180615819892
2241 0.118201275398869
2242 0.118221934977846
2243 0.118242594556822
2244 0.118263254135799
2245 0.118283913714776
2246 0.118304573293752
2247 0.118325232872729
2248 0.118345892451705
2249 0.118366552030682
2250 0.118387211609659
2251 0.118407871188635
2252 0.118428530767612
2253 0.118449190346589
2254 0.118469849925565
2255 0.118490509504542
2256 0.118511169083519
2257 0.118531828662495
2258 0.118552488241472
2259 0.118573147820448
2260 0.118593807399425
2261 0.118614466978402
2262 0.118635126557378
2263 0.118655786136355
2264 0.118676445715332
2265 0.118697105294308
2266 0.118717764873285
2267 0.118738424452262
2268 0.118759084031238
2269 0.118779743610215
2270 0.118800403189192
2271 0.118821062768168
2272 0.118841722347145
2273 0.118862381926121
2274 0.118883041505098
2275 0.118903701084075
2276 0.118924360663051
2277 0.118945020242028
2278 0.118965679821005
2279 0.118986339399981
2280 0.119006998978958
2281 0.119027658557935
2282 0.119048318136911
2283 0.119068977715888
2284 0.119089637294864
2285 0.119110296873841
2286 0.119130956452818
2287 0.119151616031794
2288 0.119172275610771
2289 0.119192935189748
2290 0.119213594768724
2291 0.119234254347701
2292 0.119254913926678
2293 0.119275573505654
2294 0.119296233084631
2295 0.119316892663608
2296 0.119337552242584
2297 0.119358211821561
2298 0.119378871400537
2299 0.119399530979514
2300 0.119420190558491
2301 0.119440850137467
2302 0.119461509716444
2303 0.119482169295421
2304 0.119502828874397
2305 0.119523488453374
2306 0.119544148032351
2307 0.119564807611327
2308 0.119585467190304
2309 0.11960612676928
2310 0.119626786348257
2311 0.119647445927234
2312 0.11966810550621
2313 0.119688765085187
2314 0.119709424664164
2315 0.11973008424314
2316 0.119750743822117
2317 0.119771403401094
2318 0.11979206298007
2319 0.119812722559047
2320 0.119833382138023
2321 0.119854041717
2322 0.119874701295977
2323 0.119895360874953
2324 0.11991602045393
2325 0.119936680032907
2326 0.119957339611883
2327 0.11997799919086
2328 0.119998658769837
2329 0.120019318348813
2330 0.12003997792779
2331 0.120060637506767
2332 0.120081297085743
2333 0.12010195666472
2334 0.120122616243696
2335 0.120143275822673
2336 0.12016393540165
2337 0.120184594980626
2338 0.120205254559603
2339 0.12022591413858
2340 0.120246573717556
2341 0.120267233296533
2342 0.12028789287551
2343 0.120308552454486
2344 0.120329212033463
2345 0.120349871612439
2346 0.120370531191416
2347 0.120391190770393
2348 0.120411850349369
2349 0.120432509928346
2350 0.120453169507323
2351 0.120473829086299
2352 0.120494488665276
2353 0.120515148244253
2354 0.120535807823229
2355 0.120556467402206
2356 0.120577126981183
2357 0.120597786560159
2358 0.120618446139136
2359 0.120639105718112
2360 0.120659765297089
2361 0.120680424876066
2362 0.120701084455042
2363 0.120721744034019
2364 0.120742403612996
2365 0.120763063191972
2366 0.120783722770949
2367 0.120804382349926
2368 0.120825041928902
2369 0.120845701507879
2370 0.120866361086855
2371 0.120887020665832
2372 0.120907680244809
2373 0.120928339823785
2374 0.120948999402762
2375 0.120969658981739
2376 0.120990318560715
2377 0.121010978139692
2378 0.121031637718669
2379 0.121052297297645
2380 0.121072956876622
2381 0.121093616455599
2382 0.121114276034575
2383 0.121134935613552
2384 0.121155595192528
2385 0.121176254771505
2386 0.121196914350482
2387 0.121217573929458
2388 0.121238233508435
2389 0.121258893087412
2390 0.121279552666388
2391 0.121300212245365
2392 0.121320871824342
2393 0.121341531403318
2394 0.121362190982295
2395 0.121382850561271
2396 0.121403510140248
2397 0.121424169719225
2398 0.121444829298201
2399 0.121465488877178
2400 0.121486148456155
2401 0.121506808035131
2402 0.121527467614108
2403 0.121548127193085
2404 0.121568786772061
2405 0.121589446351038
2406 0.121610105930014
2407 0.121630765508991
2408 0.121651425087968
2409 0.121672084666944
2410 0.121692744245921
2411 0.121713403824898
2412 0.121734063403874
2413 0.121754722982851
2414 0.121775382561828
2415 0.121796042140804
2416 0.121816701719781
2417 0.121837361298758
2418 0.121858020877734
2419 0.121878680456711
2420 0.121899340035687
2421 0.121919999614664
2422 0.121940659193641
2423 0.121961318772617
2424 0.121981978351594
2425 0.122002637930571
2426 0.122023297509547
2427 0.122043957088524
2428 0.122064616667501
2429 0.122085276246477
2430 0.122105935825454
2431 0.12212659540443
2432 0.122147254983407
2433 0.122167914562384
2434 0.12218857414136
2435 0.122209233720337
2436 0.122229893299314
2437 0.12225055287829
2438 0.122271212457267
2439 0.122291872036244
2440 0.12231253161522
2441 0.122333191194197
2442 0.122353850773173
2443 0.12237451035215
2444 0.122395169931127
2445 0.122415829510103
2446 0.12243648908908
2447 0.122457148668057
2448 0.122477808247033
2449 0.12249846782601
2450 0.122519127404987
2451 0.122539786983963
2452 0.12256044656294
2453 0.122581106141917
2454 0.122601765720893
2455 0.12262242529987
2456 0.122643084878846
2457 0.122663744457823
2458 0.1226844040368
2459 0.122705063615776
2460 0.122725723194753
2461 0.12274638277373
2462 0.122767042352706
2463 0.122787701931683
2464 0.12280836151066
2465 0.122829021089636
2466 0.122849680668613
2467 0.122870340247589
2468 0.122890999826566
2469 0.122911659405543
2470 0.122932318984519
2471 0.122952978563496
2472 0.122973638142473
2473 0.122994297721449
2474 0.123014957300426
2475 0.123035616879403
2476 0.123056276458379
2477 0.123076936037356
2478 0.123097595616333
2479 0.123118255195309
2480 0.123138914774286
2481 0.123159574353262
2482 0.123180233932239
2483 0.123200893511216
2484 0.123221553090192
2485 0.123242212669169
2486 0.123262872248146
2487 0.123283531827122
2488 0.123304191406099
2489 0.123324850985076
2490 0.123345510564052
2491 0.123366170143029
2492 0.123386829722005
2493 0.123407489300982
2494 0.123428148879959
2495 0.123448808458935
2496 0.123469468037912
2497 0.123490127616889
2498 0.123510787195865
2499 0.123531446774842
2500 0.123552106353819
2501 0.123572765932795
2502 0.123593425511772
2503 0.123614085090749
2504 0.123634744669725
2505 0.123655404248702
2506 0.123676063827678
2507 0.123696723406655
2508 0.123717382985632
2509 0.123738042564608
2510 0.123758702143585
2511 0.123779361722562
2512 0.123800021301538
2513 0.123820680880515
2514 0.123841340459492
2515 0.123862000038468
2516 0.123882659617445
2517 0.123903319196421
2518 0.123923978775398
2519 0.123944638354375
2520 0.123965297933351
2521 0.123985957512328
2522 0.124006617091305
2523 0.124027276670281
2524 0.124047936249258
2525 0.124068595828235
2526 0.124089255407211
2527 0.124109914986188
2528 0.124130574565164
2529 0.124151234144141
2530 0.124171893723118
2531 0.124192553302094
2532 0.124213212881071
2533 0.124233872460048
2534 0.124254532039024
2535 0.124275191618001
2536 0.124295851196978
2537 0.124316510775954
2538 0.124337170354931
2539 0.124357829933908
2540 0.124378489512884
2541 0.124399149091861
2542 0.124419808670837
2543 0.124440468249814
2544 0.124461127828791
2545 0.124481787407767
2546 0.124502446986744
2547 0.124523106565721
2548 0.124543766144697
2549 0.124564425723674
2550 0.124585085302651
2551 0.124605744881627
2552 0.124626404460604
2553 0.12464706403958
2554 0.124667723618557
2555 0.124688383197534
2556 0.12470904277651
2557 0.124729702355487
2558 0.124750361934464
2559 0.12477102151344
2560 0.124791681092417
2561 0.124812340671394
2562 0.12483300025037
2563 0.124846661748939
2564 0.124860323247508
2565 0.124873984746078
2566 0.124887646244647
2567 0.124901307743216
2568 0.124914969241785
2569 0.124928630740354
2570 0.124942292238923
2571 0.124955953737492
2572 0.124969615236061
2573 0.12498327673463
2574 0.1249969382332
2575 0.125010599731769
2576 0.125024261230338
2577 0.125037922728907
2578 0.125051584227476
2579 0.125065245726045
2580 0.125078907224614
2581 0.125092568723183
2582 0.125106230221752
2583 0.125119891720322
2584 0.125133553218891
2585 0.12514721471746
2586 0.125160876216029
2587 0.125174537714598
2588 0.125188199213167
2589 0.125201860711736
2590 0.125215522210305
2591 0.125229183708874
2592 0.125242845207443
2593 0.125256506706013
2594 0.125270168204582
2595 0.125283829703151
2596 0.12529749120172
2597 0.125311152700289
2598 0.125324814198858
2599 0.125338475697427
2600 0.125352137195996
2601 0.125365798694565
2602 0.125379460193135
2603 0.125393121691704
2604 0.125406783190273
2605 0.125420444688842
2606 0.125434106187411
2607 0.12544776768598
2608 0.125461429184549
2609 0.125475090683118
2610 0.125488752181687
2611 0.125502413680257
2612 0.125516075178826
2613 0.125529736677395
2614 0.125543398175964
2615 0.125557059674533
2616 0.125570721173102
2617 0.125584382671671
2618 0.12559804417024
2619 0.125611705668809
2620 0.125625367167379
2621 0.125639028665948
2622 0.125652690164517
2623 0.125666351663086
2624 0.125680013161655
2625 0.125693674660224
2626 0.125707336158793
2627 0.125720997657362
2628 0.125734659155931
2629 0.125748320654501
2630 0.12576198215307
2631 0.125775643651639
2632 0.125789305150208
2633 0.125802966648777
2634 0.125816628147346
2635 0.125830289645915
2636 0.125843951144484
2637 0.125857612643053
2638 0.125871274141622
2639 0.125884935640192
2640 0.125898597138761
2641 0.12591225863733
2642 0.125925920135899
2643 0.125939581634468
2644 0.125953243133037
2645 0.125966904631606
2646 0.125980566130175
2647 0.125994227628744
2648 0.126007889127314
2649 0.126021550625883
2650 0.126035212124452
2651 0.126048873623021
2652 0.12606253512159
2653 0.126076196620159
2654 0.126089858118728
2655 0.126103519617297
2656 0.126117181115866
2657 0.126130842614436
2658 0.126144504113005
2659 0.126158165611574
2660 0.126171827110143
2661 0.126185488608712
2662 0.126199150107281
2663 0.12621281160585
2664 0.126226473104419
2665 0.126240134602988
2666 0.126253796101558
2667 0.126267457600127
2668 0.126281119098696
2669 0.126294780597265
2670 0.126308442095834
2671 0.126322103594403
2672 0.126335765092972
2673 0.126349426591541
2674 0.12636308809011
2675 0.12637674958868
2676 0.126390411087249
2677 0.126404072585818
2678 0.126417734084387
2679 0.126431395582956
2680 0.126445057081525
2681 0.126458718580094
2682 0.126472380078663
2683 0.126486041577232
2684 0.126499703075802
2685 0.126513364574371
2686 0.12652702607294
2687 0.126540687571509
2688 0.126554349070078
2689 0.126568010568647
2690 0.126581672067216
2691 0.126595333565785
2692 0.126608995064354
2693 0.126622656562923
2694 0.126636318061493
2695 0.126649979560062
2696 0.126663641058631
2697 0.1266773025572
2698 0.126690964055769
2699 0.126704625554338
2700 0.126718287052907
2701 0.126731948551476
2702 0.126745610050045
2703 0.126759271548615
2704 0.126772933047184
2705 0.126786594545753
2706 0.126800256044322
2707 0.126813917542891
2708 0.12682757904146
2709 0.126841240540029
2710 0.126854902038598
2711 0.126868563537167
2712 0.126882225035737
2713 0.126895886534306
2714 0.126909548032875
2715 0.126923209531444
2716 0.126936871030013
2717 0.126950532528582
2718 0.126964194027151
2719 0.12697785552572
2720 0.126991517024289
2721 0.127005178522859
2722 0.127018840021428
2723 0.127032501519997
2724 0.127046163018566
2725 0.127059824517135
2726 0.127073486015704
2727 0.127087147514273
2728 0.127100809012842
2729 0.127114470511411
2730 0.127128132009981
2731 0.12714179350855
2732 0.127155455007119
2733 0.127169116505688
2734 0.127182778004257
2735 0.127196439502826
2736 0.127210101001395
2737 0.127223762499964
2738 0.127237423998533
2739 0.127251085497103
2740 0.127264746995672
2741 0.127278408494241
2742 0.12729206999281
2743 0.127305731491379
2744 0.127319392989948
2745 0.127333054488517
2746 0.127346715987086
2747 0.127360377485655
2748 0.127374038984225
2749 0.127387700482794
2750 0.127401361981363
2751 0.127415023479932
2752 0.127428684978501
2753 0.12744234647707
2754 0.127456007975639
2755 0.127469669474208
2756 0.127483330972777
2757 0.127496992471346
2758 0.127510653969916
2759 0.127524315468485
2760 0.127537976967054
2761 0.127551638465623
2762 0.127565299964192
2763 0.127578961462761
2764 0.12759262296133
2765 0.127606284459899
2766 0.127619945958468
2767 0.127633607457038
2768 0.127647268955607
2769 0.127660930454176
2770 0.127674591952745
2771 0.127688253451314
2772 0.127701914949883
2773 0.127715576448452
2774 0.127729237947021
2775 0.12774289944559
2776 0.12775656094416
2777 0.127770222442729
2778 0.127783883941298
2779 0.127797545439867
2780 0.127811206938436
2781 0.127824868437005
2782 0.127838529935574
2783 0.127852191434143
2784 0.127865852932712
2785 0.127879514431282
2786 0.127893175929851
2787 0.12790683742842
2788 0.127920498926989
2789 0.127934160425558
2790 0.127947821924127
2791 0.127961483422696
2792 0.127975144921265
2793 0.127988806419834
2794 0.128002467918404
2795 0.128016129416973
2796 0.128029790915542
2797 0.128043452414111
2798 0.12805711391268
2799 0.128070775411249
2800 0.128084436909818
2801 0.128098098408387
2802 0.128111759906956
2803 0.128125421405525
2804 0.128139082904095
2805 0.128152744402664
2806 0.128166405901233
2807 0.128180067399802
2808 0.128193728898371
2809 0.12820739039694
2810 0.128221051895509
2811 0.128234713394078
2812 0.128248374892647
2813 0.128262036391217
2814 0.128275697889786
2815 0.128289359388355
2816 0.128303020886924
2817 0.128316682385493
2818 0.128330343884062
2819 0.128344005382631
2820 0.1283576668812
2821 0.128371328379769
2822 0.128384989878339
2823 0.128398651376908
2824 0.128412312875477
2825 0.128425974374046
2826 0.128439635872615
2827 0.128453297371184
2828 0.128466958869753
2829 0.128480620368322
2830 0.128494281866891
2831 0.128507943365461
2832 0.12852160486403
2833 0.128535266362599
2834 0.128548927861168
2835 0.128562589359737
2836 0.128576250858306
2837 0.128589912356875
2838 0.128603573855444
2839 0.128617235354013
2840 0.128630896852582
2841 0.128644558351152
2842 0.128658219849721
2843 0.12867188134829
2844 0.128685542846859
2845 0.128699204345428
2846 0.128712865843997
2847 0.128726527342566
2848 0.128740188841135
2849 0.128753850339704
2850 0.128767511838274
2851 0.128781173336843
2852 0.128794834835412
2853 0.128808496333981
2854 0.12882215783255
2855 0.128835819331119
2856 0.128849480829688
2857 0.128863142328257
2858 0.128876803826826
2859 0.128890465325396
2860 0.128904126823965
2861 0.128917788322534
2862 0.128931449821103
2863 0.128945111319672
2864 0.128958772818241
2865 0.12897243431681
2866 0.128986095815379
2867 0.128999757313948
2868 0.129013418812518
2869 0.129027080311087
2870 0.129040741809656
2871 0.129054403308225
2872 0.129068064806794
2873 0.129081726305363
2874 0.129095387803932
2875 0.129109049302501
2876 0.12912271080107
2877 0.12913637229964
2878 0.129150033798209
2879 0.129163695296778
2880 0.129177356795347
2881 0.129191018293916
2882 0.129204679792485
2883 0.129218341291054
2884 0.129232002789623
2885 0.129245664288192
2886 0.129259325786762
2887 0.129272987285331
2888 0.1292866487839
2889 0.129300310282469
2890 0.129313971781038
2891 0.129327633279607
2892 0.129341294778176
2893 0.129354956276745
2894 0.129368617775314
2895 0.129382279273884
2896 0.129395940772453
2897 0.129409602271022
2898 0.129423263769591
2899 0.12943692526816
2900 0.129450586766729
2901 0.129464248265298
2902 0.129477909763867
2903 0.129491571262436
2904 0.129505232761005
2905 0.129518894259575
2906 0.129532555758144
2907 0.129546217256713
2908 0.129559878755282
2909 0.129573540253851
2910 0.12958720175242
2911 0.129600863250989
2912 0.129614524749558
2913 0.129628186248127
2914 0.129641847746697
2915 0.129655509245266
2916 0.129669170743835
2917 0.129682832242404
2918 0.129696493740973
2919 0.129710155239542
2920 0.129723816738111
2921 0.12973747823668
2922 0.129751139735249
2923 0.129764801233819
2924 0.129778462732388
2925 0.129792124230957
2926 0.129805785729526
2927 0.129819447228095
2928 0.12983159157975
2929 0.129843735931405
2930 0.12985588028306
2931 0.129868024634715
2932 0.12988016898637
2933 0.129892313338025
2934 0.12990445768968
2935 0.129916602041335
2936 0.12992874639299
2937 0.129940890744646
2938 0.129953035096301
2939 0.129965179447956
2940 0.129977323799611
2941 0.129989468151266
2942 0.130001612502921
2943 0.130013756854576
2944 0.130025901206231
2945 0.130038045557886
2946 0.130050189909541
2947 0.130062334261196
2948 0.130074478612851
2949 0.130086622964506
2950 0.130098767316161
2951 0.130110911667816
2952 0.130123056019471
2953 0.130135200371126
2954 0.130147344722781
2955 0.130159489074437
2956 0.130171633426092
2957 0.130183777777747
2958 0.130195922129402
2959 0.130208066481057
2960 0.130220210832712
2961 0.130232355184367
2962 0.130244499536022
2963 0.130256643887677
2964 0.130268788239332
2965 0.130280932590987
2966 0.130293076942642
2967 0.130305221294297
2968 0.130317365645952
2969 0.130329509997607
2970 0.130341654349262
2971 0.130353798700917
2972 0.130365943052573
2973 0.130378087404228
2974 0.130390231755883
2975 0.130402376107538
2976 0.130414520459193
2977 0.130426664810848
2978 0.130438809162503
2979 0.130450953514158
2980 0.130463097865813
2981 0.130475242217468
2982 0.130487386569123
2983 0.130499530920778
2984 0.130511675272433
2985 0.130523819624088
2986 0.130535963975743
2987 0.130548108327398
2988 0.130560252679053
2989 0.130572397030708
2990 0.130584541382364
2991 0.130596685734019
2992 0.130608830085674
2993 0.130620974437329
2994 0.130633118788984
2995 0.130645263140639
2996 0.130657407492294
2997 0.130669551843949
2998 0.130681696195604
2999 0.130693840547259
3000 0.130705984898914
3001 0.130718129250569
3002 0.130730273602224
3003 0.130742417953879
3004 0.130754562305534
3005 0.130766706657189
3006 0.130778851008844
3007 0.130790995360499
3008 0.130803139712155
3009 0.13081528406381
3010 0.130827428415465
3011 0.13083957276712
3012 0.130851717118775
3013 0.13086386147043
3014 0.130876005822085
3015 0.13088815017374
3016 0.130900294525395
3017 0.13091243887705
3018 0.130924583228705
3019 0.13093672758036
3020 0.130948871932015
3021 0.13096101628367
3022 0.130973160635325
3023 0.13098530498698
3024 0.130997449338635
3025 0.13100959369029
3026 0.131021738041946
3027 0.131033882393601
3028 0.131046026745256
3029 0.131058171096911
3030 0.131070315448566
3031 0.131082459800221
3032 0.131094604151876
3033 0.131106748503531
3034 0.131118892855186
3035 0.131131037206841
3036 0.131143181558496
3037 0.131155325910151
3038 0.131167470261806
3039 0.131179614613461
3040 0.131191758965116
3041 0.131203903316771
3042 0.131216047668426
3043 0.131228192020081
3044 0.131240336371737
3045 0.131252480723392
3046 0.131264625075047
3047 0.131276769426702
3048 0.131288913778357
3049 0.131301058130012
3050 0.131313202481667
3051 0.131325346833322
3052 0.131337491184977
3053 0.131349635536632
3054 0.131361779888287
3055 0.131373924239942
3056 0.131386068591597
3057 0.131398212943252
3058 0.131410357294907
3059 0.131422501646562
3060 0.131434645998217
3061 0.131446790349872
3062 0.131458934701528
3063 0.131471079053183
3064 0.131483223404838
3065 0.131495367756493
3066 0.131507512108148
3067 0.131519656459803
3068 0.131531800811458
3069 0.131543945163113
3070 0.131556089514768
3071 0.131568233866423
3072 0.131580378218078
3073 0.131592522569733
3074 0.131604666921388
3075 0.131616811273043
3076 0.131628955624698
3077 0.131641099976353
3078 0.131653244328008
3079 0.131665388679664
3080 0.131677533031319
3081 0.131689677382974
3082 0.131701821734629
3083 0.131713966086284
3084 0.131726110437939
3085 0.131738254789594
3086 0.131750399141249
3087 0.131762543492904
3088 0.131774687844559
3089 0.131786832196214
3090 0.131798976547869
3091 0.131811120899524
3092 0.131823265251179
3093 0.131835409602834
3094 0.131847553954489
3095 0.131859698306144
3096 0.131871842657799
3097 0.131883987009455
3098 0.13189613136111
3099 0.131908275712765
3100 0.13192042006442
3101 0.131932564416075
3102 0.13194470876773
3103 0.131956853119385
3104 0.13196899747104
3105 0.131981141822695
3106 0.13199328617435
3107 0.132005430526005
3108 0.13201757487766
3109 0.132029719229315
3110 0.13204186358097
3111 0.132054007932625
3112 0.13206615228428
3113 0.132078296635935
3114 0.13209044098759
3115 0.132102585339246
3116 0.132114729690901
3117 0.132126874042556
3118 0.132139018394211
3119 0.132151162745866
3120 0.132163307097521
3121 0.132175451449176
3122 0.132187595800831
3123 0.132199740152486
3124 0.132211884504141
3125 0.132224028855796
3126 0.132236173207451
3127 0.132248317559106
3128 0.132260461910761
3129 0.132272606262416
3130 0.132284750614071
3131 0.132296894965726
3132 0.132309039317381
3133 0.132321183669037
3134 0.132333328020692
3135 0.132345472372347
3136 0.132357616724002
3137 0.132369761075657
3138 0.132381905427312
3139 0.132394049778967
3140 0.132406194130622
3141 0.132418338482277
3142 0.132430482833932
3143 0.132442627185587
3144 0.132454771537242
3145 0.132466915888897
3146 0.132479060240552
3147 0.132491204592207
3148 0.132503348943862
3149 0.132515493295517
3150 0.132527637647172
3151 0.132539781998828
3152 0.132551926350483
3153 0.132564070702138
3154 0.132576215053793
3155 0.132588359405448
3156 0.132600503757103
3157 0.132612648108758
3158 0.132624792460413
3159 0.132636936812068
3160 0.132649081163723
3161 0.132661225515378
3162 0.132673369867033
3163 0.132685514218688
3164 0.132697658570343
3165 0.132709802921998
3166 0.132721947273653
3167 0.132734091625308
3168 0.132746235976963
3169 0.132758380328619
3170 0.132770524680274
3171 0.132782669031929
3172 0.132794813383584
3173 0.132806957735239
3174 0.132819102086894
3175 0.132831246438549
3176 0.132843390790204
3177 0.132855535141859
3178 0.132867679493514
3179 0.132879823845169
3180 0.132891968196824
3181 0.132904112548479
3182 0.132916256900134
3183 0.132928401251789
3184 0.132940545603444
3185 0.132952689955099
3186 0.132964834306754
3187 0.13297697865841
3188 0.132989123010065
3189 0.13300126736172
3190 0.133013411713375
3191 0.13302555606503
3192 0.133037700416685
3193 0.13304984476834
3194 0.133061989119995
3195 0.13307413347165
3196 0.133086277823305
3197 0.13309842217496
3198 0.133110566526615
3199 0.13312271087827
3200 0.133134855229925
3201 0.13314699958158
3202 0.133159143933235
3203 0.13317128828489
3204 0.133183432636546
3205 0.133195576988201
3206 0.133207721339856
3207 0.133219865691511
3208 0.133232010043166
3209 0.133244154394821
3210 0.133256298746476
3211 0.133268443098131
3212 0.133280587449786
3213 0.133292731801441
3214 0.133304876153096
3215 0.133317020504751
3216 0.133329164856406
3217 0.133341309208061
3218 0.133353453559716
3219 0.133365597911371
3220 0.133377742263026
3221 0.133389886614681
3222 0.133402030966337
3223 0.133414175317992
3224 0.133426319669647
3225 0.133438464021302
3226 0.133450608372957
3227 0.133462752724612
3228 0.133474897076267
3229 0.133487041427922
3230 0.133499185779577
3231 0.133511330131232
3232 0.133523474482887
3233 0.133535618834542
3234 0.133547763186197
3235 0.133559907537852
3236 0.133572051889507
3237 0.133584196241162
3238 0.133596340592817
3239 0.133608484944472
3240 0.133620629296128
3241 0.133632773647783
3242 0.133644917999438
3243 0.133657062351093
3244 0.133669206702748
3245 0.133681351054403
3246 0.133693495406058
3247 0.133705639757713
3248 0.133717784109368
3249 0.133729928461023
3250 0.133742072812678
3251 0.133754217164333
3252 0.133766361515988
3253 0.133778505867643
3254 0.133790650219298
3255 0.133802794570953
3256 0.133814938922608
3257 0.133827083274263
3258 0.133839227625919
3259 0.133851371977574
3260 0.133863516329229
3261 0.133875660680884
3262 0.133887805032539
3263 0.133899949384194
3264 0.133912093735849
3265 0.133924238087504
3266 0.133936382439159
3267 0.133948526790814
3268 0.133960671142469
3269 0.133972815494124
3270 0.133984959845779
3271 0.133997104197434
3272 0.134009248549089
3273 0.134021392900744
3274 0.134033537252399
3275 0.134045681604054
3276 0.13405782595571
3277 0.134069970307365
3278 0.13408211465902
3279 0.134094259010675
3280 0.13410640336233
3281 0.134118547713985
3282 0.13413069206564
3283 0.134142836417295
3284 0.13415498076895
3285 0.134167125120605
3286 0.13417926947226
3287 0.134191413823915
3288 0.13420355817557
3289 0.134215702527225
3290 0.13422784687888
3291 0.134260425672242
3292 0.134293004465604
3293 0.134325583258966
3294 0.134358162052327
3295 0.134390740845689
3296 0.134423319639051
3297 0.134455898432413
3298 0.134488477225774
3299 0.134521056019136
3300 0.134553634812498
3301 0.13458621360586
3302 0.134618792399222
3303 0.134651371192583
3304 0.134683949985945
3305 0.134716528779307
3306 0.134749107572669
3307 0.13478168636603
3308 0.134814265159392
3309 0.134846843952754
3310 0.134879422746116
3311 0.134912001539477
3312 0.134944580332839
3313 0.134977159126201
3314 0.135009737919563
3315 0.135042316712924
3316 0.135074895506286
3317 0.135107474299648
3318 0.13514005309301
3319 0.135172631886372
3320 0.135205210679733
3321 0.135237789473095
3322 0.135270368266457
3323 0.135302947059819
3324 0.13533552585318
3325 0.135368104646542
3326 0.135400683439904
3327 0.135433262233266
3328 0.135465841026627
3329 0.135498419819989
3330 0.135530998613351
3331 0.135563577406713
3332 0.135596156200075
3333 0.135628734993436
3334 0.135661313786798
3335 0.13569389258016
3336 0.135726471373522
3337 0.135759050166883
3338 0.135791628960245
3339 0.135824207753607
3340 0.135856786546969
3341 0.13588936534033
3342 0.135921944133692
3343 0.135954522927054
3344 0.135987101720416
3345 0.136019680513777
3346 0.136052259307139
3347 0.136084838100501
3348 0.136117416893863
3349 0.136149995687225
3350 0.136182574480586
3351 0.136215153273948
3352 0.13624773206731
3353 0.136280310860672
3354 0.136312889654033
3355 0.136345468447395
3356 0.136378047240757
3357 0.136410626034119
3358 0.13644320482748
3359 0.136475783620842
3360 0.136508362414204
3361 0.136540941207566
3362 0.136573520000928
3363 0.136606098794289
3364 0.136638677587651
3365 0.136671256381013
3366 0.136703835174375
3367 0.136736413967736
3368 0.136768992761098
3369 0.13680157155446
3370 0.136834150347822
3371 0.136866729141183
3372 0.136899307934545
3373 0.136931886727907
3374 0.136964465521269
3375 0.136997044314631
3376 0.137029623107992
3377 0.137062201901354
3378 0.137094780694716
3379 0.137127359488078
3380 0.137159938281439
3381 0.137192517074801
3382 0.137225095868163
3383 0.137257674661525
3384 0.137290253454886
3385 0.137322832248248
3386 0.13735541104161
3387 0.137387989834972
3388 0.137420568628333
3389 0.137453147421695
3390 0.137485726215057
3391 0.137518305008419
3392 0.137550883801781
3393 0.137583462595142
3394 0.137616041388504
3395 0.137648620181866
3396 0.137681198975228
3397 0.137713777768589
3398 0.137746356561951
3399 0.137778935355313
3400 0.137811514148675
3401 0.137844092942036
3402 0.137876671735398
3403 0.13790925052876
3404 0.137941829322122
3405 0.137974408115484
3406 0.138006986908845
3407 0.138039565702207
3408 0.138072144495569
3409 0.138104723288931
3410 0.138137302082292
3411 0.138169880875654
3412 0.138202459669016
3413 0.138235038462378
3414 0.138267617255739
3415 0.138300196049101
3416 0.138332774842463
3417 0.138365353635825
3418 0.138397932429186
3419 0.138430511222548
3420 0.13846309001591
3421 0.138495668809272
3422 0.138528247602634
3423 0.138560826395995
3424 0.138593405189357
3425 0.138625983982719
3426 0.138658562776081
3427 0.138691141569442
3428 0.138723720362804
3429 0.138756299156166
3430 0.138788877949528
3431 0.138821456742889
3432 0.138854035536251
3433 0.138886614329613
3434 0.138919193122975
3435 0.138951771916337
3436 0.138984350709698
3437 0.13901692950306
3438 0.139049508296422
3439 0.139082087089784
3440 0.139114665883145
3441 0.139147244676507
3442 0.139179823469869
3443 0.139212402263231
3444 0.139244981056592
3445 0.139277559849954
3446 0.139310138643316
3447 0.139342717436678
3448 0.139375296230039
3449 0.139407875023401
3450 0.139440453816763
3451 0.139473032610125
3452 0.139505611403487
3453 0.139538190196848
3454 0.13957076899021
3455 0.139603347783572
3456 0.139635926576934
3457 0.139668505370295
3458 0.139701084163657
3459 0.139733662957019
3460 0.139766241750381
3461 0.139798820543742
3462 0.139831399337104
3463 0.139863978130466
3464 0.139896556923828
3465 0.13992913571719
3466 0.139961714510551
3467 0.139994293303913
3468 0.140026872097275
3469 0.140059450890637
3470 0.140092029683998
3471 0.14012460847736
3472 0.140157187270722
3473 0.140189766064084
3474 0.140222344857445
3475 0.140254923650807
3476 0.140287502444169
3477 0.140320081237531
3478 0.140352660030892
3479 0.140385238824254
3480 0.140417817617616
3481 0.140450396410978
3482 0.14048297520434
3483 0.140515553997701
3484 0.140548132791063
3485 0.140580711584425
3486 0.140613290377787
3487 0.140645869171148
3488 0.14067844796451
3489 0.140711026757872
3490 0.140743605551234
3491 0.140776184344595
3492 0.140808763137957
3493 0.140841341931319
3494 0.140873920724681
3495 0.140906499518042
3496 0.140939078311404
3497 0.140971657104766
3498 0.141004235898128
3499 0.14103681469149
3500 0.141069393484851
3501 0.141101972278213
3502 0.141134551071575
3503 0.141167129864937
3504 0.141199708658298
3505 0.14123228745166
3506 0.141264866245022
3507 0.141297445038384
3508 0.141330023831745
3509 0.141362602625107
3510 0.141395181418469
3511 0.141427760211831
3512 0.141460339005193
3513 0.141492917798554
3514 0.141525496591916
3515 0.141558075385278
3516 0.14159065417864
3517 0.141623232972001
3518 0.141655811765363
3519 0.141688390558725
3520 0.141720969352087
3521 0.141753548145448
3522 0.14178612693881
3523 0.141818705732172
3524 0.141851284525534
3525 0.141883863318895
3526 0.141916442112257
3527 0.141949020905619
3528 0.141981599698981
3529 0.142014178492343
3530 0.142046757285704
3531 0.142079336079066
3532 0.142111914872428
3533 0.14214449366579
3534 0.142177072459151
3535 0.142209651252513
3536 0.142242230045875
3537 0.142274808839237
3538 0.142307387632598
3539 0.14233996642596
3540 0.142372545219322
3541 0.142405124012684
3542 0.142437702806046
3543 0.142470281599407
3544 0.142502860392769
3545 0.142535439186131
3546 0.142568017979493
3547 0.142600596772854
3548 0.142633175566216
3549 0.142665754359578
3550 0.14269833315294
3551 0.142730911946301
3552 0.142763490739663
3553 0.142796069533025
3554 0.142828648326387
3555 0.142861227119748
3556 0.14289380591311
3557 0.142926384706472
3558 0.142958963499834
3559 0.142991542293196
3560 0.143024121086557
3561 0.143056699879919
3562 0.143089278673281
3563 0.143121857466643
3564 0.143154436260004
3565 0.143187015053366
3566 0.143219593846728
3567 0.14325217264009
3568 0.143284751433451
3569 0.143317330226813
3570 0.143349909020175
3571 0.143382487813537
3572 0.143415066606899
3573 0.14344764540026
3574 0.143480224193622
3575 0.143512802986984
3576 0.143545381780346
3577 0.143577960573707
3578 0.143610539367069
3579 0.143643118160431
3580 0.143675696953793
3581 0.143708275747154
3582 0.143740854540516
3583 0.143773433333878
3584 0.14380601212724
3585 0.143838590920602
3586 0.143871169713963
3587 0.143903748507325
3588 0.143936327300687
3589 0.143968906094049
3590 0.14400148488741
3591 0.144034063680772
3592 0.144066642474134
3593 0.144099221267496
3594 0.144131800060857
3595 0.144164378854219
3596 0.144196957647581
3597 0.144229536440943
3598 0.144262115234304
3599 0.144294694027666
3600 0.144327272821028
3601 0.14435985161439
3602 0.144392430407752
3603 0.144425009201113
3604 0.144457587994475
3605 0.144490166787837
3606 0.144522745581199
3607 0.14455532437456
3608 0.144587903167922
3609 0.144620481961284
3610 0.144653060754646
3611 0.144685639548007
3612 0.144718218341369
3613 0.144750797134731
3614 0.144783375928093
3615 0.144815954721455
3616 0.144848533514816
3617 0.144881112308178
3618 0.14491369110154
3619 0.144946269894902
3620 0.144978848688263
3621 0.145011427481625
3622 0.145044006274987
3623 0.145076585068349
3624 0.14510916386171
3625 0.145141742655072
3626 0.145174321448434
3627 0.145206900241796
3628 0.145239479035157
3629 0.145272057828519
3630 0.145304636621881
3631 0.145337215415243
3632 0.145369794208605
3633 0.145402373001966
3634 0.145434951795328
3635 0.14546753058869
3636 0.145500109382052
3637 0.145532688175413
3638 0.145565266968775
3639 0.145597845762137
3640 0.145630424555499
3641 0.14566300334886
3642 0.145695582142222
3643 0.145728160935584
3644 0.145760739728946
3645 0.145793318522308
3646 0.145825897315669
3647 0.145858476109031
3648 0.145891054902393
3649 0.145923633695755
3650 0.145956212489116
3651 0.145988791282478
3652 0.14602137007584
3653 0.146053948869202
3654 0.146086527662563
3655 0.146119106455925
3656 0.146141923451903
3657 0.146164740447882
3658 0.14618755744386
3659 0.146210374439838
3660 0.146233191435816
3661 0.146256008431794
3662 0.146278825427773
3663 0.146301642423751
3664 0.146324459419729
3665 0.146347276415707
3666 0.146370093411685
3667 0.146392910407664
3668 0.146415727403642
3669 0.14643854439962
3670 0.146461361395598
3671 0.146484178391576
3672 0.146506995387554
3673 0.146529812383533
3674 0.146552629379511
3675 0.146575446375489
3676 0.146598263371467
3677 0.146621080367445
3678 0.146643897363424
3679 0.146666714359402
3680 0.14668953135538
3681 0.146712348351358
3682 0.146735165347336
3683 0.146757982343315
3684 0.146780799339293
3685 0.146803616335271
3686 0.146826433331249
3687 0.146849250327227
3688 0.146872067323206
3689 0.146894884319184
3690 0.146917701315162
3691 0.14694051831114
3692 0.146963335307118
3693 0.146986152303097
3694 0.147008969299075
3695 0.147031786295053
3696 0.147054603291031
3697 0.147077420287009
3698 0.147100237282988
3699 0.147123054278966
3700 0.147145871274944
3701 0.147168688270922
3702 0.1471915052669
3703 0.147214322262879
3704 0.147237139258857
3705 0.147259956254835
3706 0.147282773250813
3707 0.147305590246791
3708 0.14732840724277
3709 0.147351224238748
3710 0.147374041234726
3711 0.147396858230704
3712 0.147419675226682
3713 0.14744249222266
3714 0.147465309218639
3715 0.147488126214617
3716 0.147510943210595
3717 0.147533760206573
3718 0.147556577202551
3719 0.14757939419853
3720 0.147602211194508
3721 0.147625028190486
3722 0.147647845186464
3723 0.147670662182442
3724 0.147693479178421
3725 0.147716296174399
3726 0.147739113170377
3727 0.147761930166355
3728 0.147784747162333
3729 0.147807564158312
3730 0.14783038115429
3731 0.147853198150268
3732 0.147876015146246
3733 0.147898832142224
3734 0.147921649138203
3735 0.147944466134181
3736 0.147967283130159
3737 0.147990100126137
3738 0.148012917122115
3739 0.148035734118094
3740 0.148058551114072
3741 0.14808136811005
3742 0.148104185106028
3743 0.148127002102006
3744 0.148149819097985
3745 0.148172636093963
3746 0.148195453089941
3747 0.148218270085919
3748 0.148241087081897
3749 0.148263904077876
3750 0.148286721073854
3751 0.148309538069832
3752 0.14833235506581
3753 0.148355172061788
3754 0.148377989057766
3755 0.148400806053745
3756 0.148423623049723
3757 0.148446440045701
3758 0.148469257041679
3759 0.148492074037657
3760 0.148514891033636
3761 0.148537708029614
3762 0.148560525025592
3763 0.14858334202157
3764 0.148606159017548
3765 0.148628976013527
3766 0.148651793009505
3767 0.148674610005483
3768 0.148697427001461
3769 0.148720243997439
3770 0.148743060993418
3771 0.148765877989396
3772 0.148788694985374
3773 0.148811511981352
3774 0.14883432897733
3775 0.148857145973309
3776 0.148879962969287
3777 0.148902779965265
3778 0.148925596961243
3779 0.148948413957221
3780 0.1489712309532
3781 0.148994047949178
3782 0.149016864945156
3783 0.149039681941134
3784 0.149062498937112
3785 0.149085315933091
3786 0.149108132929069
3787 0.149130949925047
3788 0.149153766921025
3789 0.149176583917003
3790 0.149199400912982
3791 0.14922221790896
3792 0.149245034904938
3793 0.149267851900916
3794 0.149290668896894
3795 0.149313485892872
3796 0.149336302888851
3797 0.149359119884829
3798 0.149381936880807
3799 0.149404753876785
3800 0.149427570872763
3801 0.149450387868742
3802 0.14947320486472
3803 0.149496021860698
3804 0.149518838856676
3805 0.149541655852654
3806 0.149564472848633
3807 0.149587289844611
3808 0.149610106840589
3809 0.149632923836567
3810 0.149655740832545
3811 0.149678557828524
3812 0.149701374824502
3813 0.14972419182048
3814 0.149747008816458
3815 0.149769825812436
3816 0.149792642808415
3817 0.149815459804393
3818 0.149838276800371
3819 0.149861093796349
3820 0.149883910792327
3821 0.149906727788306
3822 0.149929544784284
3823 0.149952361780262
3824 0.14997517877624
3825 0.149997995772218
3826 0.150020812768197
3827 0.150043629764175
3828 0.150066446760153
3829 0.150089263756131
3830 0.150112080752109
3831 0.150134897748087
3832 0.150157714744066
3833 0.150180531740044
3834 0.150203348736022
3835 0.150226165732
3836 0.150248982727978
3837 0.150271799723957
3838 0.150294616719935
3839 0.150317433715913
3840 0.150340250711891
3841 0.150363067707869
3842 0.150385884703848
3843 0.150408701699826
3844 0.150431518695804
3845 0.150454335691782
3846 0.15047715268776
3847 0.150499969683739
3848 0.150522786679717
3849 0.150545603675695
3850 0.150568420671673
3851 0.150591237667651
3852 0.15061405466363
3853 0.150636871659608
3854 0.150659688655586
3855 0.150682505651564
3856 0.150705322647542
3857 0.150728139643521
3858 0.150750956639499
3859 0.150773773635477
3860 0.150796590631455
3861 0.150819407627433
3862 0.150842224623412
3863 0.15086504161939
3864 0.150887858615368
3865 0.150910675611346
3866 0.150933492607324
3867 0.150956309603303
3868 0.150979126599281
3869 0.151001943595259
3870 0.151024760591237
3871 0.151047577587215
3872 0.151070394583193
3873 0.151093211579172
3874 0.15111602857515
3875 0.151138845571128
3876 0.151161662567106
3877 0.151184479563084
3878 0.151207296559063
3879 0.151230113555041
3880 0.151252930551019
3881 0.151275747546997
3882 0.151298564542975
3883 0.151321381538954
3884 0.151344198534932
3885 0.15136701553091
3886 0.151389832526888
3887 0.151412649522866
3888 0.151435466518845
3889 0.151458283514823
3890 0.151481100510801
3891 0.151503917506779
3892 0.151526734502757
3893 0.151549551498736
3894 0.151572368494714
3895 0.151595185490692
3896 0.15161800248667
3897 0.151640819482648
3898 0.151663636478627
3899 0.151686453474605
3900 0.151709270470583
3901 0.151732087466561
3902 0.151754904462539
3903 0.151777721458518
3904 0.151800538454496
3905 0.151823355450474
3906 0.151846172446452
3907 0.15186898944243
3908 0.151891806438408
3909 0.151914623434387
3910 0.151937440430365
3911 0.151960257426343
3912 0.151983074422321
3913 0.152005891418299
3914 0.152028708414278
3915 0.152051525410256
3916 0.152074342406234
3917 0.152097159402212
3918 0.15211997639819
3919 0.152142793394169
3920 0.152165610390147
3921 0.152188427386125
3922 0.152211244382103
3923 0.152234061378081
3924 0.15225687837406
3925 0.152279695370038
3926 0.152302512366016
3927 0.152325329361994
3928 0.152348146357972
3929 0.152370963353951
3930 0.152393780349929
3931 0.152416597345907
3932 0.152439414341885
3933 0.152462231337863
3934 0.152485048333842
3935 0.15250786532982
3936 0.152530682325798
3937 0.152553499321776
3938 0.152576316317754
3939 0.152599133313733
3940 0.152621950309711
3941 0.152644767305689
3942 0.152667584301667
3943 0.152690401297645
3944 0.152713218293623
3945 0.152736035289602
3946 0.15275885228558
3947 0.152781669281558
3948 0.152804486277536
3949 0.152827303273514
3950 0.152850120269493
3951 0.152872937265471
3952 0.152895754261449
3953 0.152918571257427
3954 0.152941388253405
3955 0.152964205249384
3956 0.152987022245362
3957 0.15300983924134
3958 0.153032656237318
3959 0.153055473233296
3960 0.153078290229275
3961 0.153101107225253
3962 0.153123924221231
3963 0.153146741217209
3964 0.153169558213187
3965 0.153192375209166
3966 0.153215192205144
3967 0.153238009201122
3968 0.1532608261971
3969 0.153283643193078
3970 0.153306460189057
3971 0.153329277185035
3972 0.153352094181013
3973 0.153374911176991
3974 0.153397728172969
3975 0.153420545168948
3976 0.153443362164926
3977 0.153466179160904
3978 0.153488996156882
3979 0.15351181315286
3980 0.153534630148839
3981 0.153557447144817
3982 0.153580264140795
3983 0.153603081136773
3984 0.153625898132751
3985 0.153648715128729
3986 0.153671532124708
3987 0.153694349120686
3988 0.153717166116664
3989 0.153739983112642
3990 0.15376280010862
3991 0.153785617104599
3992 0.153808434100577
3993 0.153831251096555
3994 0.153854068092533
3995 0.153876885088511
3996 0.15389970208449
3997 0.153922519080468
3998 0.153945336076446
3999 0.153968153072424
4000 0.153990970068402
4001 0.154013787064381
4002 0.154036604060359
4003 0.154059421056337
4004 0.154082238052315
4005 0.154105055048293
4006 0.154127872044272
4007 0.15415068904025
4008 0.154173506036228
4009 0.154196323032206
4010 0.154219140028184
4011 0.154241957024163
4012 0.154264774020141
4013 0.154287591016119
4014 0.154310408012097
4015 0.154333225008075
4016 0.154356042004054
4017 0.154378859000032
4018 0.15440167599601
4019 0.154424492991988
4020 0.154447309987966
4021 0.154470126983944
4022 0.154492943979923
4023 0.154515760975901
4024 0.154538577971879
4025 0.154561394967857
4026 0.154584211963835
4027 0.154607028959814
4028 0.154629845955792
4029 0.15465266295177
4030 0.154675479947748
4031 0.154698296943726
4032 0.154721113939705
4033 0.154743930935683
4034 0.154766747931661
4035 0.154789564927639
4036 0.154812381923617
4037 0.154835198919596
4038 0.154858015915574
4039 0.154880832911552
4040 0.15490364990753
4041 0.154926466903508
4042 0.154949283899487
4043 0.154972100895465
4044 0.154994917891443
4045 0.155017734887421
4046 0.155040551883399
4047 0.155063368879378
4048 0.155086185875356
4049 0.155109002871334
4050 0.155131819867312
4051 0.15515463686329
4052 0.155177453859269
4053 0.155200270855247
4054 0.155223087851225
4055 0.155245904847203
4056 0.155268721843181
4057 0.15529153883916
4058 0.155314355835138
4059 0.155337172831116
4060 0.155359989827094
4061 0.155382806823072
4062 0.15540562381905
4063 0.155428440815029
4064 0.155451257811007
4065 0.155474074806985
4066 0.155496891802963
4067 0.155519708798941
4068 0.15554252579492
4069 0.155565342790898
4070 0.155588159786876
4071 0.155610976782854
4072 0.155633793778832
4073 0.155656610774811
4074 0.155679427770789
4075 0.155702244766767
4076 0.155725061762745
4077 0.155747878758723
4078 0.155770695754702
4079 0.15579351275068
4080 0.155816329746658
4081 0.155839146742636
4082 0.155861963738614
4083 0.155884780734593
4084 0.155907597730571
4085 0.155930414726549
4086 0.155953231722527
4087 0.155976048718505
4088 0.155998865714484
4089 0.156021682710462
4090 0.15604449970644
4091 0.156067316702418
4092 0.156090133698396
4093 0.156112950694375
4094 0.156135767690353
4095 0.156158584686331
4096 0.156181401682309
4097 0.156204218678287
4098 0.156227035674266
4099 0.156249852670244
4100 0.156272669666222
4101 0.1562954866622
4102 0.156318303658178
4103 0.156341120654156
4104 0.156363937650135
4105 0.156386754646113
4106 0.156409571642091
4107 0.156432388638069
4108 0.156455205634047
4109 0.156478022630026
4110 0.156500839626004
4111 0.156523656621982
4112 0.15654647361796
4113 0.156569290613938
4114 0.156592107609917
4115 0.156614924605895
4116 0.156637741601873
4117 0.156660558597851
4118 0.156683375593829
4119 0.156706192589808
4120 0.156729009585786
4121 0.156751826581764
4122 0.156774643577742
4123 0.15679746057372
4124 0.156820277569699
4125 0.156843094565677
4126 0.156865911561655
4127 0.156888728557633
4128 0.156911545553611
4129 0.15693436254959
4130 0.156957179545568
4131 0.156979996541546
4132 0.157002813537524
4133 0.157025630533502
4134 0.157048447529481
4135 0.157071264525459
4136 0.157094081521437
4137 0.157116898517415
4138 0.157139715513393
4139 0.157162532509372
4140 0.15718534950535
4141 0.157208166501328
4142 0.157230983497306
4143 0.157253800493284
4144 0.157276617489262
4145 0.157299434485241
4146 0.157322251481219
4147 0.157345068477197
4148 0.157367885473175
4149 0.157390702469153
4150 0.157413519465132
4151 0.15743633646111
4152 0.157459153457088
4153 0.157481970453066
4154 0.157504787449044
4155 0.157527604445023
4156 0.157550421441001
4157 0.157573238436979
4158 0.157596055432957
4159 0.157618872428935
4160 0.157641689424914
4161 0.157664506420892
4162 0.15768732341687
4163 0.157710140412848
4164 0.157732957408826
4165 0.157755774404805
4166 0.157778591400783
4167 0.157801408396761
4168 0.157824225392739
4169 0.157847042388717
4170 0.157869859384696
4171 0.157892676380674
4172 0.157915493376652
4173 0.15793831037263
4174 0.157961127368608
4175 0.157983944364587
4176 0.158006761360565
4177 0.158029578356543
4178 0.158052395352521
4179 0.158075212348499
4180 0.158098029344477
4181 0.158120846340456
4182 0.158143663336434
4183 0.158166480332412
4184 0.15818929732839
4185 0.158212114324368
4186 0.158234931320347
4187 0.158257748316325
4188 0.158280565312303
4189 0.158303382308281
4190 0.158326199304259
4191 0.158349016300238
4192 0.158371833296216
4193 0.158394650292194
4194 0.158417467288172
4195 0.15844028428415
4196 0.158463101280129
4197 0.158485918276107
4198 0.158508735272085
4199 0.158531552268063
4200 0.158554369264041
4201 0.15857718626002
4202 0.158600003255998
4203 0.158622820251976
4204 0.158645637247954
4205 0.158668454243932
4206 0.158691271239911
4207 0.158714088235889
4208 0.158736905231867
4209 0.158759722227845
4210 0.158782539223823
4211 0.158805356219802
4212 0.15882817321578
4213 0.158850990211758
4214 0.158873807207736
4215 0.158896624203714
4216 0.158919441199693
4217 0.158942258195671
4218 0.158965075191649
4219 0.158987892187627
4220 0.159010709183605
4221 0.159033526179583
4222 0.159056343175562
4223 0.15907916017154
4224 0.159101977167518
4225 0.159124794163496
4226 0.159147611159474
4227 0.159170428155453
4228 0.159193245151431
4229 0.159216062147409
4230 0.159238879143387
4231 0.159261696139365
4232 0.159284513135344
4233 0.159307330131322
4234 0.1593301471273
4235 0.159352964123278
4236 0.159375781119256
4237 0.159398598115235
4238 0.159421415111213
4239 0.159444232107191
4240 0.159467049103169
4241 0.159489866099147
4242 0.159512683095126
4243 0.159535500091104
4244 0.159558317087082
4245 0.15958113408306
4246 0.159603951079038
4247 0.159626768075017
4248 0.159649585070995
4249 0.159672402066973
4250 0.159695219062951
4251 0.159718036058929
4252 0.159740853054908
4253 0.159763670050886
4254 0.159786487046864
4255 0.159809304042842
4256 0.15983212103882
4257 0.159854938034798
4258 0.159877755030777
4259 0.159900572026755
4260 0.159923389022733
4261 0.159946206018711
4262 0.159969023014689
4263 0.159991840010668
4264 0.160014657006646
4265 0.160037474002624
4266 0.160060290998602
4267 0.16008310799458
4268 0.160105924990559
4269 0.160128741986537
4270 0.160151558982515
4271 0.160174375978493
4272 0.160197192974471
4273 0.16022000997045
4274 0.160242826966428
4275 0.160265643962406
4276 0.160288460958384
4277 0.160311277954362
4278 0.160334094950341
4279 0.160356911946319
4280 0.160379728942297
4281 0.160402545938275
4282 0.160425362934253
4283 0.160448179930232
4284 0.16047099692621
4285 0.160493813922188
4286 0.160516630918166
4287 0.160539447914144
4288 0.160562264910123
4289 0.160585081906101
4290 0.160607898902079
4291 0.160630715898057
4292 0.160653532894035
4293 0.160676349890014
4294 0.160699166885992
4295 0.16072198388197
4296 0.160744800877948
4297 0.160767617873926
4298 0.160790434869904
4299 0.160813251865883
4300 0.160836068861861
4301 0.160858885857839
4302 0.160881702853817
4303 0.160904519849795
4304 0.160927336845774
4305 0.160950153841752
4306 0.16097297083773
4307 0.160995787833708
4308 0.161018604829686
4309 0.161041421825665
4310 0.161064238821643
4311 0.161087055817621
4312 0.161109872813599
4313 0.161132689809577
4314 0.161155506805556
4315 0.161178323801534
4316 0.161201140797512
4317 0.16122395779349
4318 0.161246774789468
4319 0.161269591785447
4320 0.161292408781425
4321 0.161315225777403
4322 0.161338042773381
4323 0.161360859769359
4324 0.161383676765338
4325 0.161406493761316
4326 0.161429310757294
4327 0.161452127753272
4328 0.16147494474925
4329 0.161497761745229
4330 0.161520578741207
4331 0.161543395737185
4332 0.161566212733163
4333 0.161589029729141
4334 0.161611846725119
4335 0.161634663721098
4336 0.161657480717076
4337 0.161680297713054
4338 0.161703114709032
4339 0.16172593170501
4340 0.161748748700989
4341 0.161771565696967
4342 0.161794382692945
4343 0.161817199688923
4344 0.161840016684901
4345 0.16186283368088
4346 0.161885650676858
4347 0.161908467672836
4348 0.161931284668814
4349 0.161954101664792
4350 0.161976918660771
4351 0.161999735656749
4352 0.162022552652727
4353 0.162045369648705
4354 0.162068186644683
4355 0.162091003640662
4356 0.16211382063664
4357 0.162136637632618
4358 0.162159454628596
4359 0.162182271624574
4360 0.162205088620553
4361 0.162227905616531
4362 0.162250722612509
4363 0.162273539608487
4364 0.162296356604465
4365 0.162319173600444
4366 0.162341990596422
4367 0.1623648075924
4368 0.162387624588378
4369 0.162410441584356
4370 0.162433258580335
4371 0.162456075576313
4372 0.162478892572291
4373 0.162501709568269
4374 0.162524526564247
4375 0.162547343560225
4376 0.162570160556204
4377 0.162592977552182
4378 0.16261579454816
4379 0.162638611544138
4380 0.162661428540116
4381 0.162684245536095
4382 0.162707062532073
4383 0.162729879528051
4384 0.162752696524029
4385 0.162775513520007
4386 0.162799891231754
4387 0.1628242689435
4388 0.162848646655247
4389 0.162873024366993
4390 0.16289740207874
4391 0.162921779790486
4392 0.162946157502233
4393 0.162970535213979
4394 0.162994912925726
4395 0.163019290637472
4396 0.163043668349219
4397 0.163068046060965
4398 0.163092423772712
4399 0.163116801484458
4400 0.163141179196204
4401 0.163165556907951
4402 0.163189934619697
4403 0.163214312331444
4404 0.16323869004319
4405 0.163263067754937
4406 0.163287445466683
4407 0.16331182317843
4408 0.163336200890176
4409 0.163360578601923
4410 0.163384956313669
4411 0.163409334025416
4412 0.163433711737162
4413 0.163458089448909
4414 0.163482467160655
4415 0.163506844872401
4416 0.163531222584148
4417 0.163555600295894
4418 0.163579978007641
4419 0.163604355719387
4420 0.163628733431134
4421 0.16365311114288
4422 0.163677488854627
4423 0.163701866566373
4424 0.16372624427812
4425 0.163750621989866
4426 0.163774999701613
4427 0.163799377413359
4428 0.163823755125106
4429 0.163848132836852
4430 0.163872510548598
4431 0.163896888260345
4432 0.163921265972091
4433 0.163945643683838
4434 0.163970021395584
4435 0.163994399107331
4436 0.164018776819077
4437 0.164043154530824
4438 0.16406753224257
4439 0.164091909954317
4440 0.164116287666063
4441 0.16414066537781
4442 0.164165043089556
4443 0.164189420801303
4444 0.164213798513049
4445 0.164238176224796
4446 0.164262553936542
4447 0.164286931648288
4448 0.164311309360035
4449 0.164335687071781
4450 0.164360064783528
4451 0.164384442495274
4452 0.164408820207021
4453 0.164433197918767
4454 0.164457575630514
4455 0.16448195334226
4456 0.164506331054007
4457 0.164530708765753
4458 0.1645550864775
4459 0.164579464189246
4460 0.164603841900993
4461 0.164628219612739
4462 0.164652597324485
4463 0.164676975036232
4464 0.164701352747978
4465 0.164725730459725
4466 0.164750108171471
4467 0.164774485883218
4468 0.164798863594964
4469 0.164823241306711
4470 0.164847619018457
4471 0.164871996730204
4472 0.16489637444195
4473 0.164920752153697
4474 0.164945129865443
4475 0.16496950757719
4476 0.164993885288936
4477 0.165018263000682
4478 0.165042640712429
4479 0.165067018424175
4480 0.165091396135922
4481 0.165115773847668
4482 0.165140151559415
4483 0.165164529271161
4484 0.165188906982908
4485 0.165213284694654
4486 0.165237662406401
4487 0.165262040118147
4488 0.165286417829894
4489 0.16531079554164
4490 0.165335173253387
4491 0.165359550965133
4492 0.165383928676879
4493 0.165408306388626
4494 0.165432684100372
4495 0.165457061812119
4496 0.165481439523865
4497 0.165505817235612
4498 0.165530194947358
4499 0.165554572659105
4500 0.165578950370851
4501 0.165603328082598
4502 0.165627705794344
4503 0.165652083506091
4504 0.165676461217837
4505 0.165700838929584
4506 0.16572521664133
4507 0.165749594353077
4508 0.165773972064823
4509 0.165798349776569
4510 0.165822727488316
4511 0.165847105200062
4512 0.165871482911809
4513 0.165895860623555
4514 0.165920238335302
4515 0.165944616047048
4516 0.165968993758795
4517 0.165993371470541
4518 0.166017749182288
4519 0.166042126894034
4520 0.166066504605781
4521 0.166090882317527
4522 0.166115260029274
4523 0.16613963774102
4524 0.166164015452766
4525 0.166188393164513
4526 0.166212770876259
4527 0.166237148588006
4528 0.166261526299752
4529 0.166285904011499
4530 0.166310281723245
4531 0.166334659434992
4532 0.166359037146738
4533 0.166383414858485
4534 0.166407792570231
4535 0.166432170281978
4536 0.166456547993724
4537 0.166480925705471
4538 0.166505303417217
4539 0.166529681128963
4540 0.16655405884071
4541 0.166578436552456
4542 0.166602814264203
4543 0.166627191975949
4544 0.166651569687696
4545 0.166675947399442
4546 0.166700325111189
4547 0.166724702822935
4548 0.166749080534682
4549 0.166773458246428
4550 0.166797835958175
4551 0.166822213669921
4552 0.166846591381668
4553 0.166870969093414
4554 0.16689534680516
4555 0.166919724516907
4556 0.166944102228653
4557 0.1669684799404
4558 0.166992857652146
4559 0.167017235363893
4560 0.167041613075639
4561 0.167065990787386
4562 0.167090368499132
4563 0.167114746210879
4564 0.167139123922625
4565 0.167163501634372
4566 0.167187879346118
4567 0.167212257057865
4568 0.167236634769611
4569 0.167261012481358
4570 0.167285390193104
4571 0.16730976790485
4572 0.167334145616597
4573 0.167358523328343
4574 0.16738290104009
4575 0.167407278751836
4576 0.167431656463583
4577 0.167456034175329
4578 0.167480411887076
4579 0.167504789598822
4580 0.167529167310569
4581 0.167553545022315
4582 0.167577922734062
4583 0.167602300445808
4584 0.167626678157555
4585 0.167651055869301
4586 0.167675433581047
4587 0.167699811292794
4588 0.16772418900454
4589 0.167748566716287
4590 0.167772944428033
4591 0.16779732213978
4592 0.167821699851526
4593 0.167846077563273
4594 0.167870455275019
4595 0.167894832986766
4596 0.167919210698512
4597 0.167943588410259
4598 0.167967966122005
4599 0.167992343833752
4600 0.168016721545498
4601 0.168041099257244
4602 0.168065476968991
4603 0.168089854680737
4604 0.168114232392484
4605 0.16813861010423
4606 0.168162987815977
4607 0.168187365527723
4608 0.16821174323947
4609 0.168236120951216
4610 0.168260498662963
4611 0.168284876374709
4612 0.168309254086456
4613 0.168333631798202
4614 0.168358009509949
4615 0.168382387221695
4616 0.168406764933442
4617 0.168431142645188
4618 0.168455520356934
4619 0.168479898068681
4620 0.168504275780427
4621 0.168528653492174
4622 0.16855303120392
4623 0.168577408915667
4624 0.168601786627413
4625 0.16862616433916
4626 0.168650542050906
4627 0.168674919762653
4628 0.168699297474399
4629 0.168723675186146
4630 0.168748052897892
4631 0.168772430609639
4632 0.168796808321385
4633 0.168821186033131
4634 0.168845563744878
4635 0.168869941456624
4636 0.168894319168371
4637 0.168918696880117
4638 0.168943074591864
4639 0.16896745230361
4640 0.168991830015357
4641 0.169016207727103
4642 0.16904058543885
4643 0.169064963150596
4644 0.169089340862343
4645 0.169113718574089
4646 0.169138096285836
4647 0.169162473997582
4648 0.169186851709328
4649 0.169211229421075
4650 0.169235607132821
4651 0.169259984844568
4652 0.169284362556314
4653 0.169308740268061
4654 0.169333117979807
4655 0.169357495691554
4656 0.1693818734033
4657 0.169406251115047
4658 0.169430628826793
4659 0.16945500653854
4660 0.169479384250286
4661 0.169503761962033
4662 0.169528139673779
4663 0.169552517385525
4664 0.169576895097272
4665 0.169601272809018
4666 0.169625650520765
4667 0.169650028232511
4668 0.169674405944258
4669 0.169698783656004
4670 0.169723161367751
4671 0.169747539079497
4672 0.169771916791244
4673 0.16979629450299
4674 0.169820672214737
4675 0.169845049926483
4676 0.16986942763823
4677 0.169893805349976
4678 0.169918183061723
4679 0.169942560773469
4680 0.169966938485215
4681 0.169991316196962
4682 0.170015693908708
4683 0.170040071620455
4684 0.170064449332201
4685 0.170088827043948
4686 0.170113204755694
4687 0.170137582467441
4688 0.170161960179187
4689 0.170186337890934
4690 0.17021071560268
4691 0.170235093314427
4692 0.170259471026173
4693 0.17028384873792
4694 0.170308226449666
4695 0.170332604161412
4696 0.170356981873159
4697 0.170381359584905
4698 0.170405737296652
4699 0.170430115008398
4700 0.170454492720145
4701 0.170478870431891
4702 0.170503248143638
4703 0.170527625855384
4704 0.170552003567131
4705 0.170576381278877
4706 0.170600758990624
4707 0.17062513670237
4708 0.170649514414117
4709 0.170673892125863
4710 0.170698269837609
4711 0.170722647549356
4712 0.170747025261102
4713 0.170771402972849
4714 0.170795780684595
4715 0.170820158396342
4716 0.170844536108088
4717 0.170868913819835
4718 0.170893291531581
4719 0.170917669243328
4720 0.170942046955074
4721 0.170966424666821
4722 0.170990802378567
4723 0.171015180090314
4724 0.17103955780206
4725 0.171063935513806
4726 0.171088313225553
4727 0.171112690937299
4728 0.171137068649046
4729 0.171161446360792
4730 0.171185824072539
4731 0.171210201784285
4732 0.171234579496032
4733 0.171258957207778
4734 0.171283334919525
4735 0.171307712631271
4736 0.171332090343018
4737 0.171356468054764
4738 0.171380845766511
4739 0.171405223478257
4740 0.171429601190004
4741 0.17145397890175
4742 0.171478356613496
4743 0.171502734325243
4744 0.171527112036989
4745 0.171551489748736
4746 0.171575867460482
4747 0.171600245172229
4748 0.171624622883975
4749 0.171649000595722
4750 0.171673378307468
4751 0.171697756019215
4752 0.171722133730961
4753 0.171746511442708
4754 0.171770889154454
4755 0.171795266866201
4756 0.171819644577947
4757 0.171844022289693
4758 0.17186840000144
4759 0.171892777713186
4760 0.171917155424933
4761 0.171941533136679
4762 0.171965910848426
4763 0.171990288560172
4764 0.172014666271919
4765 0.172039043983665
4766 0.172063421695412
4767 0.172087799407158
4768 0.172112177118905
4769 0.172136554830651
4770 0.172160932542398
4771 0.172185310254144
4772 0.17220968796589
4773 0.172234065677637
4774 0.172258443389383
4775 0.17228282110113
4776 0.172307198812876
4777 0.172331576524623
4778 0.172355954236369
4779 0.172380331948116
4780 0.172404709659862
4781 0.172429087371609
4782 0.172453465083355
4783 0.172477842795102
4784 0.172502220506848
4785 0.172526598218595
4786 0.172550975930341
4787 0.172575353642088
4788 0.172599731353834
4789 0.17262410906558
4790 0.172648486777327
4791 0.172672864489073
4792 0.17269724220082
4793 0.172721619912566
4794 0.172745997624313
4795 0.172770375336059
4796 0.172794753047806
4797 0.172819130759552
4798 0.172843508471299
4799 0.172867886183045
4800 0.172892263894792
4801 0.172916641606538
4802 0.172941019318285
4803 0.172965397030031
4804 0.172989774741777
4805 0.173014152453524
4806 0.17303853016527
4807 0.173062907877017
4808 0.173087285588763
4809 0.17311166330051
4810 0.173136041012256
4811 0.173160418724003
4812 0.173184796435749
4813 0.173209174147496
4814 0.173233551859242
4815 0.173257929570989
4816 0.173282307282735
4817 0.173306684994482
4818 0.173331062706228
4819 0.173355440417974
4820 0.173379818129721
4821 0.173404195841467
4822 0.173428573553214
4823 0.17345295126496
4824 0.173477328976707
4825 0.173501706688453
4826 0.1735260844002
4827 0.173550462111946
4828 0.173574839823693
4829 0.173599217535439
4830 0.173623595247186
4831 0.173647972958932
4832 0.173672350670679
4833 0.173696728382425
4834 0.173721106094171
4835 0.173745483805918
4836 0.173769861517664
4837 0.173794239229411
4838 0.173818616941157
4839 0.173842994652904
4840 0.17386737236465
4841 0.173891750076397
4842 0.173916127788143
4843 0.17394050549989
4844 0.173964883211636
4845 0.173989260923383
4846 0.174013638635129
4847 0.174038016346876
4848 0.174062394058622
4849 0.174086771770369
4850 0.174111149482115
4851 0.174135527193861
4852 0.174159904905608
4853 0.174184282617354
4854 0.174208660329101
4855 0.174233038040847
4856 0.174257415752594
4857 0.17428179346434
4858 0.174306171176087
4859 0.174330548887833
4860 0.17435492659958
4861 0.174379304311326
4862 0.174403682023073
4863 0.174428059734819
4864 0.174452437446566
4865 0.174476815158312
4866 0.174501192870058
4867 0.174525570581805
4868 0.174549948293551
4869 0.174574326005298
4870 0.174598703717044
4871 0.174623081428791
4872 0.174647459140537
4873 0.174671836852284
4874 0.17469621456403
4875 0.174720592275777
4876 0.174744969987523
4877 0.17476934769927
4878 0.174793725411016
4879 0.174818103122763
4880 0.174842480834509
4881 0.174866858546255
4882 0.174891236258002
4883 0.174915613969748
4884 0.174939991681495
4885 0.174964369393241
4886 0.174988747104988
4887 0.175013124816734
4888 0.175037502528481
4889 0.175061880240227
4890 0.175086257951974
4891 0.17511063566372
4892 0.175135013375467
4893 0.175159391087213
4894 0.17518376879896
4895 0.175208146510706
4896 0.175232524222453
4897 0.175256901934199
4898 0.175281279645945
4899 0.175305657357692
4900 0.175330035069438
4901 0.175354412781185
4902 0.175378790492931
4903 0.175403168204678
4904 0.175427545916424
4905 0.175451923628171
4906 0.175476301339917
4907 0.175500679051664
4908 0.17552505676341
4909 0.175549434475157
4910 0.175573812186903
4911 0.17559818989865
4912 0.175622567610396
4913 0.175646945322142
4914 0.175671323033889
4915 0.175695700745635
4916 0.175720078457382
4917 0.175744456169128
4918 0.175768833880875
4919 0.175793211592621
4920 0.175817589304368
4921 0.175841967016114
4922 0.175866344727861
4923 0.175890722439607
4924 0.175915100151354
4925 0.1759394778631
4926 0.175963855574847
4927 0.175988233286593
4928 0.176012610998339
4929 0.176036988710086
4930 0.176061366421832
4931 0.176085744133579
4932 0.176110121845325
4933 0.176134499557072
4934 0.176158877268818
4935 0.176183254980565
4936 0.176207632692311
4937 0.176232010404058
4938 0.176256388115804
4939 0.176280765827551
4940 0.176305143539297
4941 0.176329521251044
4942 0.17635389896279
4943 0.176378276674536
4944 0.176402654386283
4945 0.176427032098029
4946 0.176451409809776
4947 0.176475787521522
4948 0.176500165233269
4949 0.176524542945015
4950 0.176548920656762
4951 0.176573298368508
4952 0.176597676080255
4953 0.176622053792001
4954 0.176646431503748
4955 0.176670809215494
4956 0.176695186927241
4957 0.176719564638987
4958 0.176743942350734
4959 0.17676832006248
4960 0.176792697774226
4961 0.176817075485973
4962 0.176841453197719
4963 0.176865830909466
4964 0.176890208621212
4965 0.176914586332959
4966 0.176938964044705
4967 0.176963341756452
4968 0.176987719468198
4969 0.177012097179945
4970 0.177036474891691
4971 0.177060852603438
4972 0.177085230315184
4973 0.177109608026931
4974 0.177133985738677
4975 0.177158363450423
4976 0.17718274116217
4977 0.177207118873916
4978 0.177231496585663
4979 0.177255874297409
4980 0.177280252009156
4981 0.177304629720902
4982 0.177329007432649
4983 0.177353385144395
4984 0.177377762856142
4985 0.177402140567888
4986 0.177426518279635
4987 0.177450895991381
4988 0.177475273703128
4989 0.177499651414874
4990 0.17752402912662
4991 0.177548406838367
4992 0.177572784550113
4993 0.17759716226186
4994 0.177621539973606
4995 0.177645917685353
4996 0.177670295397099
4997 0.177694673108846
4998 0.177719050820592
4999 0.177743428532339
5000 0.177767806244085
5001 0.177792183955832
5002 0.177816561667578
5003 0.177840939379325
5004 0.177865317091071
5005 0.177889694802817
5006 0.177914072514564
5007 0.17793845022631
5008 0.177962827938057
5009 0.177987205649803
5010 0.17801158336155
5011 0.178035961073296
5012 0.178060338785043
5013 0.178084716496789
5014 0.178109094208536
5015 0.178133471920282
5016 0.178157849632029
5017 0.178182227343775
5018 0.178206605055522
5019 0.178230982767268
5020 0.178255360479014
5021 0.178279738190761
5022 0.178304115902507
5023 0.178328493614254
5024 0.178352871326
5025 0.178377249037747
5026 0.178401626749493
5027 0.17842600446124
5028 0.178450382172986
5029 0.178474759884733
5030 0.178499137596479
5031 0.178523515308226
5032 0.178547893019972
5033 0.178572270731719
5034 0.178596648443465
5035 0.178621026155212
5036 0.178645403866958
5037 0.178669781578704
5038 0.178694159290451
5039 0.178718537002197
5040 0.178742914713944
5041 0.17876729242569
5042 0.178791670137437
5043 0.178816047849183
5044 0.17884042556093
5045 0.178864803272676
5046 0.178889180984423
5047 0.178913558696169
5048 0.178937936407916
5049 0.178962314119662
5050 0.178986691831409
5051 0.179011069543155
5052 0.179035447254901
5053 0.179059824966648
5054 0.179084202678394
5055 0.179108580390141
5056 0.179132958101887
5057 0.179157335813634
5058 0.17918171352538
5059 0.179206091237127
5060 0.179230468948873
5061 0.17925484666062
5062 0.179279224372366
5063 0.179303602084113
5064 0.179327979795859
5065 0.179352357507606
5066 0.179376735219352
5067 0.179401112931099
5068 0.179425490642845
5069 0.179449868354591
5070 0.179474246066338
5071 0.179498623778084
5072 0.179523001489831
5073 0.179547379201577
5074 0.179571756913324
5075 0.17959613462507
5076 0.179620512336817
5077 0.179644890048563
5078 0.17966926776031
5079 0.179693645472056
5080 0.179718023183803
5081 0.179742400895549
5082 0.179766778607296
5083 0.179791156319042
5084 0.179815534030788
5085 0.179839911742535
5086 0.179864289454281
5087 0.179888667166028
5088 0.179913044877774
5089 0.179937422589521
5090 0.179961800301267
5091 0.179986178013014
5092 0.18001055572476
5093 0.180034933436507
5094 0.180059311148253
5095 0.18008368886
5096 0.180108066571746
5097 0.180132444283493
5098 0.180156821995239
5099 0.180181199706985
5100 0.180205577418732
5101 0.180229955130478
5102 0.180254332842225
5103 0.180278710553971
5104 0.180303088265718
5105 0.180327465977464
5106 0.180351843689211
5107 0.180376221400957
5108 0.180400599112704
5109 0.18042497682445
5110 0.180449354536197
5111 0.180473732247943
5112 0.18049810995969
5113 0.180522487671436
5114 0.180546865383182
5115 0.180571243094929
5116 0.180595620806675
5117 0.180619998518422
5118 0.180644376230168
5119 0.180668753941915
5120 0.180693131653661
5121 0.180717509365408
5122 0.180741887077154
5123 0.180766264788901
5124 0.180790642500647
5125 0.180815020212394
5126 0.18083939792414
5127 0.180863775635887
5128 0.180888153347633
5129 0.180912531059379
5130 0.180936908771126
5131 0.180961286482872
5132 0.180985664194619
5133 0.181010041906365
5134 0.181034419618112
5135 0.181058797329858
5136 0.181083175041605
5137 0.181107552753351
5138 0.181131930465098
5139 0.181156308176844
5140 0.181180685888591
5141 0.181205063600337
5142 0.181229441312084
5143 0.18125381902383
5144 0.181278196735577
5145 0.181302574447323
5146 0.181326952159069
5147 0.181351329870816
5148 0.181375707582562
5149 0.181400085294309
5150 0.181424463006055
5151 0.181448840717802
5152 0.181473218429548
5153 0.181497596141295
5154 0.181521973853041
5155 0.181546351564788
5156 0.181570729276534
5157 0.181595106988281
5158 0.181619484700027
5159 0.181643862411774
5160 0.18166824012352
5161 0.181692617835266
5162 0.181716995547013
5163 0.181741373258759
5164 0.181765750970506
5165 0.181790128682252
5166 0.181814506393999
5167 0.181838884105745
5168 0.181863261817492
5169 0.181887639529238
5170 0.181912017240985
5171 0.181936394952731
5172 0.181960772664478
5173 0.181985150376224
5174 0.182009528087971
5175 0.182033905799717
5176 0.182058283511463
5177 0.18208266122321
5178 0.182107038934956
5179 0.182131416646703
5180 0.182155794358449
5181 0.182180172070196
5182 0.182204549781942
5183 0.182228927493689
5184 0.182253305205435
5185 0.182277682917182
5186 0.182302060628928
5187 0.182326438340675
5188 0.182350816052421
5189 0.182375193764168
5190 0.182399571475914
5191 0.182423949187661
5192 0.182448326899407
5193 0.182472704611153
5194 0.1824970823229
5195 0.182521460034646
5196 0.182545837746393
5197 0.182570215458139
5198 0.182594593169886
5199 0.182618970881632
5200 0.182643348593379
5201 0.182667726305125
5202 0.182692104016872
5203 0.182716481728618
5204 0.182740859440365
5205 0.182765237152111
5206 0.182789614863858
5207 0.182813992575604
5208 0.18283837028735
5209 0.182862747999097
5210 0.182887125710843
5211 0.18291150342259
5212 0.182935881134336
5213 0.182960258846083
5214 0.182984636557829
5215 0.183009014269576
5216 0.183033391981322
5217 0.183057769693069
5218 0.183082147404815
5219 0.183106525116562
5220 0.183130902828308
5221 0.183155280540055
5222 0.183179658251801
5223 0.183204035963547
5224 0.183228413675294
5225 0.18325279138704
5226 0.183277169098787
5227 0.183301546810533
5228 0.18332592452228
5229 0.183350302234026
5230 0.183374679945773
5231 0.183399057657519
5232 0.183423435369266
5233 0.183447813081012
5234 0.183472190792759
5235 0.183496568504505
5236 0.183520946216252
5237 0.183545323927998
5238 0.183569701639745
5239 0.183594079351491
5240 0.183618457063237
5241 0.183642834774984
5242 0.18366721248673
5243 0.183691590198477
5244 0.183715967910223
5245 0.18374034562197
5246 0.183764723333716
5247 0.183789101045463
5248 0.183813478757209
5249 0.183837856468956
5250 0.183862234180702
5251 0.183886611892449
5252 0.183910989604195
5253 0.183935367315942
5254 0.183959745027688
5255 0.183984122739434
5256 0.184008500451181
5257 0.184032878162927
5258 0.184057255874674
5259 0.18408163358642
5260 0.184106011298167
5261 0.184130389009913
5262 0.18415476672166
5263 0.184179144433406
5264 0.184203522145153
5265 0.184227899856899
5266 0.184252277568646
5267 0.184276655280392
5268 0.184301032992139
5269 0.184325410703885
5270 0.184349788415631
5271 0.184374166127378
5272 0.184398543839124
5273 0.184422921550871
5274 0.184447299262617
5275 0.184471676974364
5276 0.18449605468611
5277 0.184520432397857
5278 0.184544810109603
5279 0.18456918782135
5280 0.184593565533096
5281 0.184617943244843
5282 0.184642320956589
5283 0.184666698668336
5284 0.184691076380082
5285 0.184715454091828
5286 0.184739831803575
5287 0.184764209515321
5288 0.184788587227068
5289 0.184812964938814
5290 0.184837342650561
5291 0.184861720362307
5292 0.184886098074054
5293 0.1849104757858
5294 0.184934853497547
5295 0.184959231209293
5296 0.18498360892104
5297 0.185007986632786
5298 0.185032364344533
5299 0.185056742056279
5300 0.185081119768025
5301 0.185105497479772
5302 0.185129875191518
5303 0.185154252903265
5304 0.185178630615011
5305 0.185203008326758
5306 0.185227386038504
5307 0.185251763750251
5308 0.185276141461997
5309 0.185300519173744
5310 0.18532489688549
5311 0.185349274597237
5312 0.185373652308983
5313 0.18539803002073
5314 0.185422407732476
5315 0.185446785444223
5316 0.185471163155969
5317 0.185495540867715
5318 0.185519918579462
5319 0.185544296291208
5320 0.185568674002955
5321 0.185593051714701
5322 0.185617429426448
5323 0.185641807138194
5324 0.185666184849941
5325 0.185690562561687
5326 0.185714940273434
5327 0.18573931798518
5328 0.185763695696927
5329 0.185788073408673
5330 0.18581245112042
5331 0.185836828832166
5332 0.185861206543912
5333 0.185885584255659
5334 0.185909961967405
5335 0.185934339679152
5336 0.185958717390898
5337 0.185983095102645
5338 0.186007472814391
5339 0.186031850526138
5340 0.186056228237884
5341 0.186080605949631
5342 0.186104983661377
5343 0.186129361373124
5344 0.18615373908487
5345 0.186178116796617
5346 0.186202494508363
5347 0.186226872220109
5348 0.186251249931856
5349 0.186275627643602
5350 0.186300005355349
5351 0.186324383067095
5352 0.186348760778842
5353 0.186373138490588
5354 0.186397516202335
5355 0.186421893914081
5356 0.186446271625828
5357 0.186470649337574
5358 0.186495027049321
5359 0.186519404761067
5360 0.186543782472814
5361 0.18656816018456
5362 0.186592537896307
5363 0.186616915608053
5364 0.186641293319799
5365 0.186665671031546
5366 0.186690048743292
5367 0.186714426455039
5368 0.186738804166785
5369 0.186763181878532
5370 0.186787559590278
5371 0.186811937302025
5372 0.186836315013771
5373 0.186860692725518
5374 0.186885070437264
5375 0.186909448149011
5376 0.186933825860757
5377 0.186958203572504
5378 0.18698258128425
5379 0.187006958995996
5380 0.187031336707743
5381 0.187055714419489
5382 0.187080092131236
5383 0.187104469842982
5384 0.187128847554729
5385 0.187153225266475
5386 0.187177602978222
5387 0.187201980689968
5388 0.187226358401715
5389 0.187250736113461
5390 0.187275113825208
5391 0.187299491536954
5392 0.187323869248701
5393 0.187348246960447
5394 0.187372624672193
5395 0.18739700238394
5396 0.187421380095686
5397 0.187445757807433
5398 0.187470135519179
5399 0.187494513230926
5400 0.187518890942672
5401 0.187543268654419
5402 0.187567646366165
5403 0.187592024077912
5404 0.187616401789658
5405 0.187640779501405
5406 0.187665157213151
5407 0.187689534924898
5408 0.187713912636644
5409 0.18773829034839
5410 0.187762668060137
5411 0.187787045771883
5412 0.18781142348363
5413 0.187835801195376
5414 0.187860178907123
5415 0.187884556618869
5416 0.187908934330616
5417 0.187933312042362
5418 0.187957689754109
5419 0.187982067465855
5420 0.188006445177602
5421 0.188030822889348
5422 0.188055200601095
5423 0.188079578312841
5424 0.188103956024588
5425 0.188128333736334
5426 0.18815271144808
5427 0.188177089159827
5428 0.188201466871573
5429 0.18822584458332
5430 0.188250222295066
5431 0.188274600006813
5432 0.188298977718559
5433 0.188323355430306
5434 0.188347733142052
5435 0.188372110853799
5436 0.188396488565545
5437 0.188420866277292
5438 0.188445243989038
5439 0.188469621700785
5440 0.188493999412531
5441 0.188518377124277
5442 0.188542754836024
5443 0.18856713254777
5444 0.188591510259517
5445 0.188615887971263
5446 0.18864026568301
5447 0.188664643394756
5448 0.188689021106503
5449 0.188713398818249
5450 0.188737776529996
5451 0.188762154241742
5452 0.188786531953489
5453 0.188810909665235
5454 0.188835287376982
5455 0.188859665088728
5456 0.188884042800474
5457 0.188908420512221
5458 0.188932798223967
5459 0.188957175935714
5460 0.18898155364746
5461 0.189005931359207
5462 0.189030309070953
5463 0.1890546867827
5464 0.189079064494446
5465 0.189103442206193
5466 0.189127819917939
5467 0.189152197629686
5468 0.189176575341432
5469 0.189200953053179
5470 0.189225330764925
5471 0.189249708476671
5472 0.189274086188418
5473 0.189298463900164
5474 0.189322841611911
5475 0.189347219323657
5476 0.189371597035404
5477 0.18939597474715
5478 0.189420352458897
5479 0.189444730170643
5480 0.18946910788239
5481 0.189493485594136
5482 0.189528508442875
5483 0.189563531291614
5484 0.189598554140354
5485 0.189633576989093
5486 0.189668599837832
5487 0.189703622686571
5488 0.18973864553531
5489 0.189773668384049
5490 0.189808691232788
5491 0.189843714081528
5492 0.189878736930267
5493 0.189913759779006
5494 0.189948782627745
5495 0.189983805476484
5496 0.190018828325223
5497 0.190053851173962
5498 0.190088874022702
5499 0.190123896871441
5500 0.19015891972018
5501 0.190193942568919
5502 0.190228965417658
5503 0.190263988266397
5504 0.190299011115136
5505 0.190334033963876
5506 0.190369056812615
5507 0.190404079661354
5508 0.190439102510093
5509 0.190474125358832
5510 0.190509148207571
5511 0.19054417105631
5512 0.190579193905049
5513 0.190614216753789
5514 0.190649239602528
5515 0.190684262451267
5516 0.190719285300006
5517 0.190754308148745
5518 0.190789330997484
5519 0.190824353846223
5520 0.190859376694963
5521 0.190894399543702
5522 0.190929422392441
5523 0.19096444524118
5524 0.190999468089919
5525 0.191034490938658
5526 0.191069513787397
5527 0.191104536636137
5528 0.191139559484876
5529 0.191174582333615
5530 0.191209605182354
5531 0.191244628031093
5532 0.191279650879832
5533 0.191314673728571
5534 0.191349696577311
5535 0.19138471942605
5536 0.191419742274789
5537 0.191454765123528
5538 0.191489787972267
5539 0.191524810821006
5540 0.191559833669745
5541 0.191594856518485
5542 0.191629879367224
5543 0.191664902215963
5544 0.191699925064702
5545 0.191734947913441
5546 0.19176997076218
5547 0.191804993610919
5548 0.191840016459658
5549 0.191875039308398
5550 0.191910062157137
5551 0.191945085005876
5552 0.191980107854615
5553 0.192015130703354
5554 0.192050153552093
5555 0.192085176400832
5556 0.192120199249572
5557 0.192155222098311
5558 0.19219024494705
5559 0.192225267795789
5560 0.192260290644528
5561 0.192295313493267
5562 0.192330336342006
5563 0.192365359190746
5564 0.192400382039485
5565 0.192435404888224
5566 0.192470427736963
5567 0.192505450585702
5568 0.192540473434441
5569 0.19257549628318
5570 0.19261051913192
5571 0.192645541980659
5572 0.192680564829398
5573 0.192715587678137
5574 0.192750610526876
5575 0.192785633375615
5576 0.192820656224354
5577 0.192855679073094
5578 0.192890701921833
5579 0.192925724770572
5580 0.192960747619311
5581 0.19299577046805
5582 0.193030793316789
5583 0.193065816165528
5584 0.193100839014267
5585 0.193135861863007
5586 0.193170884711746
5587 0.193205907560485
5588 0.193240930409224
5589 0.193275953257963
5590 0.193310976106702
5591 0.193345998955441
5592 0.193381021804181
5593 0.19341604465292
5594 0.193451067501659
5595 0.193486090350398
5596 0.193521113199137
5597 0.193556136047876
5598 0.193591158896615
5599 0.193626181745355
5600 0.193661204594094
5601 0.193696227442833
5602 0.193731250291572
5603 0.193766273140311
5604 0.19380129598905
5605 0.193836318837789
5606 0.193871341686529
5607 0.193906364535268
5608 0.193941387384007
5609 0.193976410232746
5610 0.194011433081485
5611 0.194046455930224
5612 0.194081478778963
5613 0.194116501627702
5614 0.194151524476442
5615 0.194186547325181
5616 0.19422157017392
5617 0.194256593022659
5618 0.194291615871398
5619 0.194326638720137
5620 0.194361661568876
5621 0.194396684417616
5622 0.194431707266355
5623 0.194466730115094
5624 0.194501752963833
5625 0.194536775812572
5626 0.194571798661311
5627 0.19460682151005
5628 0.19464184435879
5629 0.194676867207529
5630 0.194711890056268
5631 0.194746912905007
5632 0.194781935753746
5633 0.194816958602485
5634 0.194851981451224
5635 0.194887004299964
5636 0.194922027148703
5637 0.194957049997442
5638 0.194992072846181
5639 0.19502709569492
5640 0.195062118543659
5641 0.195097141392398
5642 0.195132164241138
5643 0.195167187089877
5644 0.195202209938616
5645 0.195237232787355
5646 0.195272255636094
5647 0.195307278484833
5648 0.195342301333572
5649 0.195377324182312
5650 0.195412347031051
5651 0.19544736987979
5652 0.195482392728529
5653 0.195517415577268
5654 0.195552438426007
5655 0.195587461274746
5656 0.195622484123485
5657 0.195657506972225
5658 0.195692529820964
5659 0.195727552669703
5660 0.195762575518442
5661 0.195797598367181
5662 0.19583262121592
5663 0.195867644064659
5664 0.195902666913399
5665 0.195937689762138
5666 0.195972712610877
5667 0.196007735459616
5668 0.196042758308355
5669 0.196077781157094
5670 0.196112804005833
5671 0.196147826854573
5672 0.196182849703312
5673 0.196217872552051
5674 0.19625289540079
5675 0.196287918249529
5676 0.196322941098268
5677 0.196357963947007
5678 0.196392986795747
5679 0.196428009644486
5680 0.196463032493225
5681 0.196498055341964
5682 0.196533078190703
5683 0.196568101039442
5684 0.196603123888181
5685 0.196638146736921
5686 0.19667316958566
5687 0.196708192434399
5688 0.196743215283138
5689 0.196778238131877
5690 0.196813260980616
5691 0.196848283829355
5692 0.196883306678094
5693 0.196918329526834
5694 0.196953352375573
5695 0.196988375224312
5696 0.197023398073051
5697 0.19705842092179
5698 0.197093443770529
5699 0.197128466619268
5700 0.197163489468008
5701 0.197198512316747
5702 0.197233535165486
5703 0.197268558014225
5704 0.197303580862964
5705 0.197338603711703
5706 0.197373626560442
5707 0.197408649409182
5708 0.197443672257921
5709 0.19747869510666
5710 0.197513717955399
5711 0.197548740804138
5712 0.197583763652877
5713 0.197618786501616
5714 0.197653809350356
5715 0.197688832199095
5716 0.197723855047834
5717 0.197758877896573
5718 0.197793900745312
5719 0.197828923594051
5720 0.19786394644279
5721 0.19789896929153
5722 0.197933992140269
5723 0.197969014989008
5724 0.198004037837747
5725 0.198039060686486
5726 0.198074083535225
5727 0.198109106383964
5728 0.198144129232703
5729 0.198179152081443
5730 0.198214174930182
5731 0.198249197778921
5732 0.19828422062766
5733 0.198319243476399
5734 0.198354266325138
5735 0.198389289173877
5736 0.198424312022617
5737 0.198459334871356
5738 0.198494357720095
5739 0.198529380568834
5740 0.198564403417573
5741 0.198599426266312
5742 0.198634449115051
5743 0.198669471963791
5744 0.19870449481253
5745 0.198739517661269
5746 0.198774540510008
5747 0.198809563358747
5748 0.198844586207486
5749 0.198879609056225
5750 0.198914631904965
5751 0.198949654753704
5752 0.198984677602443
5753 0.199019700451182
5754 0.199054723299921
5755 0.19908974614866
5756 0.199124768997399
5757 0.199159791846139
5758 0.199194814694878
5759 0.199229837543617
5760 0.199264860392356
5761 0.199299883241095
5762 0.199334906089834
5763 0.199369928938573
5764 0.199404951787312
5765 0.199439974636052
5766 0.199474997484791
5767 0.19951002033353
5768 0.199545043182269
5769 0.199580066031008
5770 0.199615088879747
5771 0.199650111728486
5772 0.199685134577226
5773 0.199720157425965
5774 0.199755180274704
5775 0.199790203123443
5776 0.199825225972182
5777 0.199860248820921
5778 0.19989527166966
5779 0.1999302945184
5780 0.199965317367139
5781 0.200000340215878
5782 0.200035363064617
5783 0.200070385913356
5784 0.200105408762095
5785 0.200140431610834
5786 0.200175454459574
5787 0.200210477308313
5788 0.200245500157052
5789 0.200280523005791
5790 0.20031554585453
5791 0.200350568703269
5792 0.200385591552008
5793 0.200420614400748
5794 0.200455637249487
5795 0.200490660098226
5796 0.200525682946965
5797 0.200560705795704
5798 0.200595728644443
5799 0.200630751493182
5800 0.200665774341921
5801 0.200700797190661
5802 0.2007358200394
5803 0.200770842888139
5804 0.200805865736878
5805 0.200840888585617
5806 0.200875911434356
5807 0.200910934283095
5808 0.200945957131835
5809 0.200980979980574
5810 0.201016002829313
5811 0.201051025678052
5812 0.201086048526791
5813 0.20112107137553
5814 0.201156094224269
5815 0.201191117073009
5816 0.201226139921748
5817 0.201261162770487
5818 0.201296185619226
5819 0.201331208467965
5820 0.201366231316704
5821 0.201401254165443
5822 0.201436277014183
5823 0.201471299862922
5824 0.201506322711661
5825 0.2015413455604
5826 0.201576368409139
5827 0.201611391257878
5828 0.201646414106617
5829 0.201681436955357
5830 0.201716459804096
5831 0.201751482652835
5832 0.201786505501574
5833 0.201821528350313
5834 0.201856551199052
5835 0.201891574047791
5836 0.20192659689653
5837 0.20196161974527
5838 0.201996642594009
5839 0.202031665442748
5840 0.202066688291487
5841 0.202101711140226
5842 0.202136733988965
5843 0.202171756837704
5844 0.202206779686444
5845 0.202241802535183
5846 0.202276825383922
5847 0.202311848232661
5848 0.2023468710814
5849 0.202381893930139
5850 0.202416916778878
5851 0.202451939627618
5852 0.202486962476357
5853 0.202521985325096
5854 0.202557008173835
5855 0.202592031022574
5856 0.202627053871313
5857 0.202662076720052
5858 0.202697099568792
5859 0.202732122417531
5860 0.20276714526627
5861 0.202802168115009
5862 0.202837190963748
5863 0.202872213812487
5864 0.202907236661226
5865 0.202942259509966
5866 0.202977282358705
5867 0.203012305207444
5868 0.203047328056183
5869 0.203082350904922
5870 0.203117373753661
5871 0.2031523966024
5872 0.203187419451139
5873 0.203222442299879
5874 0.203257465148618
5875 0.203292487997357
5876 0.203327510846096
5877 0.203362533694835
5878 0.203397556543574
5879 0.203432579392313
5880 0.203467602241053
5881 0.203502625089792
5882 0.203537647938531
5883 0.20357267078727
5884 0.203607693636009
5885 0.203642716484748
5886 0.203677739333487
5887 0.203712762182227
5888 0.203747785030966
5889 0.203782807879705
5890 0.203817830728444
5891 0.203852853577183
5892 0.203887876425922
5893 0.203922899274661
5894 0.203957922123401
5895 0.20399294497214
5896 0.204027967820879
5897 0.204062990669618
5898 0.204098013518357
5899 0.204133036367096
5900 0.204168059215835
5901 0.204203082064575
5902 0.204238104913314
5903 0.204273127762053
5904 0.204308150610792
5905 0.204343173459531
5906 0.20437819630827
5907 0.204413219157009
5908 0.204448242005748
5909 0.204483264854488
5910 0.204518287703227
5911 0.204553310551966
5912 0.204588333400705
5913 0.204623356249444
5914 0.204658379098183
5915 0.204693401946922
5916 0.204728424795662
5917 0.204763447644401
5918 0.20479847049314
5919 0.204833493341879
5920 0.204868516190618
5921 0.204903539039357
5922 0.204938561888096
5923 0.204973584736836
5924 0.205008607585575
5925 0.205043630434314
5926 0.205078653283053
5927 0.205113676131792
5928 0.205148698980531
5929 0.20518372182927
5930 0.20521874467801
5931 0.205253767526749
5932 0.205288790375488
5933 0.205323813224227
5934 0.205358836072966
5935 0.205393858921705
5936 0.205428881770444
5937 0.205463904619184
5938 0.205498927467923
5939 0.205533950316662
5940 0.205568973165401
5941 0.20560399601414
5942 0.205639018862879
5943 0.205674041711618
5944 0.205709064560357
5945 0.205744087409097
5946 0.205779110257836
5947 0.205814133106575
5948 0.205849155955314
5949 0.205884178804053
5950 0.205919201652792
5951 0.205954224501531
5952 0.205989247350271
5953 0.20602427019901
5954 0.206059293047749
5955 0.206094315896488
5956 0.206129338745227
5957 0.206164361593966
5958 0.206199384442705
5959 0.206234407291445
5960 0.206269430140184
5961 0.206304452988923
5962 0.206339475837662
5963 0.206374498686401
5964 0.20640952153514
5965 0.206444544383879
5966 0.206479567232619
5967 0.206514590081358
5968 0.206549612930097
5969 0.206584635778836
5970 0.206619658627575
5971 0.206654681476314
5972 0.206689704325053
5973 0.206724727173793
5974 0.206759750022532
5975 0.206794772871271
5976 0.20682979572001
5977 0.206864818568749
5978 0.206899841417488
5979 0.206934864266227
5980 0.206969887114966
5981 0.207004909963706
5982 0.207039932812445
5983 0.207074955661184
5984 0.207109978509923
5985 0.207145001358662
5986 0.207180024207401
5987 0.20721504705614
5988 0.20725006990488
5989 0.207285092753619
5990 0.207320115602358
5991 0.207355138451097
5992 0.207390161299836
5993 0.207425184148575
5994 0.207460206997314
5995 0.207495229846054
5996 0.207530252694793
5997 0.207565275543532
5998 0.207600298392271
5999 0.20763532124101
6000 0.207670344089749
6001 0.207705366938488
6002 0.207740389787228
6003 0.207775412635967
6004 0.207810435484706
6005 0.207845458333445
6006 0.207880481182184
6007 0.207915504030923
6008 0.207950526879662
6009 0.207985549728402
6010 0.208020572577141
6011 0.20805559542588
6012 0.208090618274619
6013 0.208125641123358
6014 0.208160663972097
6015 0.208195686820836
6016 0.208230709669575
6017 0.208265732518315
6018 0.208300755367054
6019 0.208335778215793
6020 0.208370801064532
6021 0.208405823913271
6022 0.20844084676201
6023 0.208475869610749
6024 0.208510892459489
6025 0.208545915308228
6026 0.208580938156967
6027 0.208615961005706
6028 0.208650983854445
6029 0.208686006703184
6030 0.208721029551923
6031 0.208756052400663
6032 0.208791075249402
6033 0.208826098098141
6034 0.20886112094688
6035 0.208896143795619
6036 0.208931166644358
6037 0.208966189493097
6038 0.209001212341837
6039 0.209036235190576
6040 0.209071258039315
6041 0.209106280888054
6042 0.209141303736793
6043 0.209176326585532
6044 0.209211349434271
6045 0.209246372283011
6046 0.20928139513175
6047 0.209316417980489
6048 0.209351440829228
6049 0.209386463677967
6050 0.209421486526706
6051 0.209456509375445
6052 0.209491532224184
6053 0.209526555072924
6054 0.209561577921663
6055 0.209596600770402
6056 0.209631623619141
6057 0.20966664646788
6058 0.209701669316619
6059 0.209736692165358
6060 0.209771715014098
6061 0.209806737862837
6062 0.209841760711576
6063 0.209876783560315
6064 0.209911806409054
6065 0.209946829257793
6066 0.209981852106532
6067 0.210016874955272
6068 0.210051897804011
6069 0.21008692065275
6070 0.210121943501489
6071 0.210156966350228
6072 0.210191989198967
6073 0.210227012047706
6074 0.210262034896446
6075 0.210297057745185
6076 0.210332080593924
6077 0.210367103442663
6078 0.210402126291402
6079 0.210437149140141
6080 0.21047217198888
6081 0.21050719483762
6082 0.210542217686359
6083 0.210577240535098
6084 0.210612263383837
6085 0.210647286232576
6086 0.210682309081315
6087 0.210717331930054
6088 0.210752354778793
6089 0.210787377627533
6090 0.210822400476272
6091 0.210857423325011
6092 0.21089244617375
6093 0.210927469022489
6094 0.210962491871228
6095 0.210997514719967
6096 0.211032537568707
6097 0.211067560417446
6098 0.211102583266185
6099 0.211137606114924
6100 0.211172628963663
6101 0.211207651812402
6102 0.211242674661141
6103 0.211277697509881
6104 0.21131272035862
6105 0.211347743207359
6106 0.211382766056098
6107 0.211417788904837
6108 0.211452811753576
6109 0.211487834602315
6110 0.211522857451055
6111 0.211557880299794
6112 0.211592903148533
6113 0.211627925997272
6114 0.211662948846011
6115 0.21169797169475
6116 0.211732994543489
6117 0.211768017392229
6118 0.211803040240968
6119 0.211838063089707
6120 0.211873085938446
6121 0.211908108787185
6122 0.211943131635924
6123 0.211978154484663
6124 0.212013177333402
6125 0.212048200182142
6126 0.212083223030881
6127 0.21211824587962
6128 0.212153268728359
6129 0.212188291577098
6130 0.212223314425837
6131 0.212258337274576
6132 0.212293360123316
6133 0.212328382972055
6134 0.212363405820794
6135 0.212398428669533
6136 0.212433451518272
6137 0.212468474367011
6138 0.21250349721575
6139 0.21253852006449
6140 0.212573542913229
6141 0.212608565761968
6142 0.212643588610707
6143 0.212678611459446
6144 0.212713634308185
6145 0.212748657156924
6146 0.212783680005664
6147 0.212818702854403
6148 0.212853725703142
6149 0.212888748551881
6150 0.21292377140062
6151 0.212958794249359
6152 0.212993817098098
6153 0.213028839946838
6154 0.213063862795577
6155 0.213098885644316
6156 0.213133908493055
6157 0.213168931341794
6158 0.213203954190533
6159 0.213238977039272
6160 0.213273999888011
6161 0.213309022736751
6162 0.21334404558549
6163 0.213379068434229
6164 0.213414091282968
6165 0.213449114131707
6166 0.213484136980446
6167 0.213519159829185
6168 0.213554182677925
6169 0.213589205526664
6170 0.213624228375403
6171 0.213659251224142
6172 0.213694274072881
6173 0.21372929692162
6174 0.213764319770359
6175 0.213799342619099
6176 0.213834365467838
6177 0.213869388316577
6178 0.213904411165316
6179 0.213939434014055
6180 0.213974456862794
6181 0.214009479711533
6182 0.214044502560273
6183 0.214079525409012
6184 0.214114548257751
6185 0.21414957110649
6186 0.214184593955229
6187 0.214219616803968
6188 0.214254639652707
6189 0.214289662501447
6190 0.214324685350186
6191 0.214359708198925
6192 0.214394731047664
6193 0.214429753896403
6194 0.214464776745142
6195 0.214499799593881
6196 0.21453482244262
6197 0.21456984529136
6198 0.214604868140099
6199 0.214639890988838
6200 0.214674913837577
6201 0.214709936686316
6202 0.214744959535055
6203 0.214779982383794
6204 0.214815005232534
6205 0.214850028081273
6206 0.214885050930012
6207 0.214920073778751
6208 0.21495509662749
6209 0.214990119476229
6210 0.215025142324968
6211 0.215060165173708
6212 0.215095188022447
6213 0.215130210871186
6214 0.215165233719925
6215 0.215200256568664
6216 0.215235279417403
6217 0.215270302266142
6218 0.215305325114882
6219 0.215340347963621
6220 0.21537537081236
6221 0.215410393661099
6222 0.215445416509838
6223 0.215480439358577
6224 0.215515462207316
6225 0.215550485056056
6226 0.215585507904795
6227 0.215620530753534
6228 0.215655553602273
6229 0.215690576451012
6230 0.215725599299751
6231 0.21576062214849
6232 0.21579564499723
6233 0.215830667845969
6234 0.215865690694708
6235 0.215900713543447
6236 0.215935736392186
6237 0.215970759240925
6238 0.216005782089664
6239 0.216040804938403
6240 0.216075827787143
6241 0.216110850635882
6242 0.216145873484621
6243 0.21618089633336
6244 0.216215919182099
6245 0.216250942030838
6246 0.216285964879577
6247 0.216320987728317
6248 0.216356010577056
6249 0.216391033425795
6250 0.216426056274534
6251 0.216461079123273
6252 0.216496101972012
6253 0.216531124820751
6254 0.216566147669491
6255 0.21660117051823
6256 0.216636193366969
6257 0.216671216215708
6258 0.216706239064447
6259 0.216741261913186
6260 0.216776284761925
6261 0.216811307610665
6262 0.216846330459404
6263 0.216881353308143
6264 0.216916376156882
6265 0.216951399005621
6266 0.21698642185436
6267 0.217021444703099
6268 0.217056467551838
6269 0.217091490400578
6270 0.217126513249317
6271 0.217161536098056
6272 0.217196558946795
6273 0.217231581795534
6274 0.217266604644273
6275 0.217301627493012
6276 0.217336650341752
6277 0.217371673190491
6278 0.21740669603923
6279 0.217441718887969
6280 0.217476741736708
6281 0.217511764585447
6282 0.217546787434186
6283 0.217581810282926
6284 0.217616833131665
6285 0.217651855980404
6286 0.217686878829143
6287 0.217721901677882
6288 0.217756924526621
6289 0.21779194737536
6290 0.2178269702241
6291 0.217861993072839
6292 0.217897015921578
6293 0.217932038770317
6294 0.217967061619056
6295 0.218002084467795
6296 0.218037107316534
6297 0.218072130165274
6298 0.218107153014013
6299 0.218142175862752
6300 0.218177198711491
6301 0.21821222156023
6302 0.218247244408969
6303 0.218282267257708
6304 0.218317290106447
6305 0.218352312955187
6306 0.218387335803926
6307 0.218422358652665
6308 0.218457381501404
6309 0.218492404350143
6310 0.218527427198882
6311 0.218562450047621
6312 0.218597472896361
6313 0.2186324957451
6314 0.218667518593839
6315 0.218702541442578
6316 0.218737564291317
6317 0.218772587140056
6318 0.218807609988795
6319 0.218842632837535
6320 0.218877655686274
6321 0.218912678535013
6322 0.218947701383752
6323 0.218982724232491
6324 0.21901774708123
6325 0.219052769929969
6326 0.219087792778709
6327 0.219122815627448
6328 0.219157838476187
6329 0.219192861324926
6330 0.219227884173665
6331 0.219262907022404
6332 0.219297929871143
6333 0.219332952719883
6334 0.219367975568622
6335 0.219402998417361
6336 0.2194380212661
6337 0.219473044114839
6338 0.219508066963578
6339 0.219543089812317
6340 0.219578112661056
6341 0.219613135509796
6342 0.219648158358535
6343 0.219683181207274
6344 0.219718204056013
6345 0.219753226904752
6346 0.219788249753491
6347 0.21982327260223
6348 0.21985829545097
6349 0.219893318299709
6350 0.219928341148448
6351 0.219963363997187
6352 0.219998386845926
6353 0.220033409694665
6354 0.220068432543404
6355 0.220103455392144
6356 0.220138478240883
6357 0.220173501089622
6358 0.220208523938361
6359 0.2202435467871
6360 0.220278569635839
6361 0.220313592484578
6362 0.220348615333318
6363 0.220383638182057
6364 0.220418661030796
6365 0.220453683879535
6366 0.220488706728274
6367 0.220523729577013
6368 0.220558752425752
6369 0.220593775274492
6370 0.220628798123231
6371 0.22066382097197
6372 0.220698843820709
6373 0.220733866669448
6374 0.220768889518187
6375 0.220803912366926
6376 0.220838935215665
6377 0.220873958064405
6378 0.220908980913144
6379 0.220944003761883
6380 0.220979026610622
6381 0.221014049459361
6382 0.2210490723081
6383 0.221084095156839
6384 0.221119118005579
6385 0.221154140854318
6386 0.221189163703057
6387 0.221224186551796
6388 0.221259209400535
6389 0.221294232249274
6390 0.221329255098013
6391 0.221364277946753
6392 0.221399300795492
6393 0.221434323644231
6394 0.22146934649297
6395 0.221504369341709
6396 0.221539392190448
6397 0.221574415039187
6398 0.221609437887927
6399 0.221644460736666
6400 0.221679483585405
6401 0.221714506434144
6402 0.221749529282883
6403 0.221784552131622
6404 0.221819574980361
6405 0.221854597829101
6406 0.22188962067784
6407 0.221924643526579
6408 0.221959666375318
6409 0.221994689224057
6410 0.222029712072796
6411 0.222064734921535
6412 0.222099757770274
6413 0.222134780619014
6414 0.222169803467753
6415 0.222204826316492
6416 0.222239849165231
6417 0.22227487201397
6418 0.222309894862709
6419 0.222344917711448
6420 0.222379940560188
6421 0.222414963408927
6422 0.222449986257666
6423 0.222485009106405
6424 0.222520031955144
6425 0.222555054803883
6426 0.222590077652622
6427 0.222625100501362
6428 0.222660123350101
6429 0.22269514619884
6430 0.222730169047579
6431 0.222765191896318
6432 0.222800214745057
6433 0.222835237593796
6434 0.222870260442536
6435 0.222905283291275
6436 0.222940306140014
6437 0.222975328988753
6438 0.223010351837492
6439 0.223045374686231
6440 0.22308039753497
6441 0.22311542038371
6442 0.223150443232449
6443 0.223185466081188
6444 0.223220488929927
6445 0.223255511778666
6446 0.223290534627405
6447 0.223325557476144
6448 0.223360580324883
6449 0.223395603173623
6450 0.223430626022362
6451 0.223465648871101
6452 0.22350067171984
6453 0.223535694568579
6454 0.223570717417318
6455 0.223605740266057
6456 0.223640763114797
6457 0.223675785963536
6458 0.223710808812275
6459 0.223745831661014
6460 0.223780854509753
6461 0.223815877358492
6462 0.223850900207231
6463 0.223885923055971
6464 0.22392094590471
6465 0.223955968753449
6466 0.223990991602188
6467 0.224026014450927
6468 0.224061037299666
6469 0.224096060148405
6470 0.224131082997145
6471 0.224166105845884
6472 0.224201128694623
6473 0.224236151543362
6474 0.224271174392101
6475 0.22430619724084
6476 0.224341220089579
6477 0.224376242938319
6478 0.224411265787058
6479 0.224446288635797
6480 0.224481311484536
6481 0.224516334333275
6482 0.224551357182014
6483 0.224586380030753
6484 0.224621402879493
6485 0.224656425728232
6486 0.224691448576971
6487 0.22472647142571
6488 0.224761494274449
6489 0.224796517123188
6490 0.224831539971927
6491 0.224866562820666
6492 0.224901585669406
6493 0.224936608518145
6494 0.224971631366884
6495 0.225006654215623
6496 0.225041677064362
6497 0.225076699913101
6498 0.22511172276184
6499 0.22514674561058
6500 0.225181768459319
6501 0.225216791308058
6502 0.225251814156797
6503 0.225286837005536
6504 0.225321859854275
6505 0.225356882703014
6506 0.225391905551754
6507 0.225426928400493
6508 0.225461951249232
6509 0.225496974097971
6510 0.22553199694671
6511 0.225567019795449
6512 0.225602042644188
6513 0.225637065492928
6514 0.225672088341667
6515 0.225707111190406
6516 0.225742134039145
6517 0.225777156887884
6518 0.225812179736623
6519 0.225847202585362
6520 0.225882225434101
6521 0.225917248282841
6522 0.22595227113158
6523 0.225987293980319
6524 0.226022316829058
6525 0.226057339677797
6526 0.226092362526536
6527 0.226127385375275
6528 0.226162408224015
6529 0.226197431072754
6530 0.226232453921493
6531 0.226267476770232
6532 0.226302499618971
6533 0.22633752246771
6534 0.226372545316449
6535 0.226407568165189
6536 0.226442591013928
6537 0.226477613862667
6538 0.226512636711406
6539 0.226547659560145
6540 0.226582682408884
6541 0.226617705257623
6542 0.226652728106363
6543 0.226687750955102
6544 0.226722773803841
6545 0.22675779665258
6546 0.226792819501319
6547 0.226827842350058
6548 0.226862865198797
6549 0.226897888047537
6550 0.226932910896276
6551 0.226967933745015
6552 0.227002956593754
6553 0.227037979442493
6554 0.227073002291232
6555 0.227108025139971
6556 0.22714304798871
6557 0.22717807083745
6558 0.227213093686189
6559 0.227248116534928
6560 0.227283139383667
6561 0.227318162232406
6562 0.227353185081145
6563 0.227388207929884
6564 0.227423230778624
6565 0.227458253627363
6566 0.227493276476102
6567 0.227528299324841
6568 0.22756332217358
6569 0.227598345022319
6570 0.227633367871058
6571 0.227668390719798
6572 0.227703413568537
6573 0.227738436417276
6574 0.227773459266015
6575 0.227808482114754
6576 0.227843504963493
6577 0.227878527812232
6578 0.227913550660972
6579 0.227948573509711
6580 0.22798359635845
6581 0.228018619207189
6582 0.228053642055928
6583 0.228088664904667
6584 0.228123687753406
6585 0.228158710602146
6586 0.228193733450885
6587 0.228228756299624
6588 0.228263779148363
6589 0.228298801997102
6590 0.228333824845841
6591 0.22836884769458
6592 0.22840387054332
6593 0.228438893392059
6594 0.228473916240798
6595 0.228508939089537
6596 0.228543961938276
6597 0.228578984787015
6598 0.228614007635754
6599 0.228649030484493
6600 0.228684053333233
6601 0.228719076181972
6602 0.228754099030711
6603 0.22878912187945
6604 0.228824144728189
6605 0.228859167576928
6606 0.228894190425667
6607 0.228929213274407
6608 0.228964236123146
6609 0.228999258971885
6610 0.229034281820624
6611 0.229069304669363
6612 0.229104327518102
6613 0.229139350366841
6614 0.229174373215581
6615 0.22920939606432
6616 0.229244418913059
6617 0.229279441761798
6618 0.229314464610537
6619 0.229349487459276
6620 0.229384510308015
6621 0.229419533156755
6622 0.229454556005494
6623 0.229489578854233
6624 0.229524601702972
6625 0.229559624551711
6626 0.22959464740045
6627 0.229629670249189
6628 0.229664693097929
6629 0.229699715946668
6630 0.229734738795407
6631 0.229769761644146
6632 0.229804784492885
6633 0.229839807341624
6634 0.229874830190363
6635 0.229909853039102
6636 0.229944875887842
6637 0.229979898736581
6638 0.23001492158532
6639 0.230049944434059
6640 0.230084967282798
6641 0.230119990131537
6642 0.230155012980276
6643 0.230190035829016
6644 0.230225058677755
6645 0.230260081526494
6646 0.230295104375233
6647 0.230330127223972
6648 0.230365150072711
6649 0.23040017292145
6650 0.23043519577019
6651 0.230470218618929
6652 0.230505241467668
6653 0.230540264316407
6654 0.230575287165146
6655 0.230610310013885
6656 0.230645332862624
6657 0.230680355711364
6658 0.230715378560103
6659 0.230750401408842
6660 0.230785424257581
6661 0.23082044710632
6662 0.230855469955059
6663 0.230890492803798
6664 0.230925515652537
6665 0.230960538501277
6666 0.230995561350016
6667 0.231030584198755
6668 0.231065607047494
6669 0.231100629896233
6670 0.231135652744972
6671 0.231170675593711
6672 0.231205698442451
6673 0.23124072129119
6674 0.231275744139929
6675 0.231310766988668
6676 0.231345789837407
6677 0.231380812686146
6678 0.231415835534885
6679 0.231450858383625
6680 0.231485881232364
6681 0.231520904081103
6682 0.231555926929842
6683 0.231590949778581
6684 0.23162597262732
6685 0.231660995476059
6686 0.231696018324799
6687 0.231731041173538
6688 0.231766064022277
6689 0.231801086871016
6690 0.231836109719755
6691 0.231871132568494
6692 0.231906155417233
6693 0.231941178265973
6694 0.231976201114712
6695 0.232011223963451
6696 0.23204624681219
6697 0.232081269660929
6698 0.232116292509668
6699 0.232151315358407
6700 0.232186338207147
6701 0.232221361055886
6702 0.232256383904625
6703 0.232291406753364
6704 0.232326429602103
6705 0.232361452450842
6706 0.232396475299581
6707 0.23243149814832
6708 0.23246652099706
6709 0.232501543845799
6710 0.232536566694538
6711 0.232571589543277
6712 0.232606612392016
6713 0.232641635240755
6714 0.232676658089494
6715 0.232711680938234
6716 0.232746703786973
6717 0.232781726635712
6718 0.232816749484451
6719 0.23285177233319
6720 0.232886795181929
6721 0.232921818030668
6722 0.232956840879408
6723 0.232991863728147
6724 0.233026886576886
6725 0.233061909425625
6726 0.233096932274364
6727 0.233131955123103
6728 0.233166977971842
6729 0.233202000820582
6730 0.233237023669321
6731 0.23327204651806
6732 0.233307069366799
6733 0.233342092215538
6734 0.233377115064277
6735 0.233412137913016
6736 0.233447160761756
6737 0.233482183610495
6738 0.233517206459234
6739 0.233552229307973
6740 0.233587252156712
6741 0.233622275005451
6742 0.23365729785419
6743 0.233692320702929
6744 0.233727343551669
6745 0.233762366400408
6746 0.233797389249147
6747 0.233832412097886
6748 0.233867434946625
6749 0.233902457795364
6750 0.233937480644103
6751 0.233972503492843
6752 0.234007526341582
6753 0.234042549190321
6754 0.23407757203906
6755 0.234112594887799
6756 0.234147617736538
6757 0.234182640585277
6758 0.234217663434017
6759 0.234252686282756
6760 0.234287709131495
6761 0.234322731980234
6762 0.234357754828973
6763 0.234392777677712
6764 0.234427800526451
6765 0.234462823375191
6766 0.23449784622393
6767 0.234532869072669
6768 0.234567891921408
6769 0.234602914770147
6770 0.234637937618886
6771 0.234672960467625
6772 0.234707983316364
6773 0.234743006165104
6774 0.234778029013843
6775 0.234813051862582
6776 0.234848074711321
6777 0.23488309756006
6778 0.234918120408799
6779 0.234953143257538
6780 0.234988166106278
6781 0.235023188955017
6782 0.235058211803756
6783 0.235093234652495
6784 0.235128257501234
6785 0.235163280349973
6786 0.235198303198712
6787 0.235233326047452
6788 0.235268348896191
6789 0.23530337174493
6790 0.235338394593669
6791 0.235373417442408
6792 0.235408440291147
6793 0.235443463139886
6794 0.235478485988626
6795 0.235513508837365
6796 0.235548531686104
6797 0.235583554534843
6798 0.235618577383582
6799 0.235653600232321
6800 0.23568862308106
6801 0.2357236459298
6802 0.235758668778539
6803 0.235793691627278
6804 0.235828714476017
6805 0.235863737324756
6806 0.235898760173495
6807 0.235933783022234
6808 0.235968805870973
6809 0.236003828719713
6810 0.236038851568452
6811 0.236073874417191
6812 0.23610889726593
6813 0.236143920114669
6814 0.236178942963408
6815 0.236213965812147
6816 0.236248988660887
6817 0.236284011509626
6818 0.236319034358365
6819 0.236354057207104
6820 0.236389080055843
6821 0.236424102904582
6822 0.236459125753321
6823 0.236494148602061
6824 0.2365291714508
6825 0.236564194299539
6826 0.236599217148278
6827 0.236634239997017
6828 0.236669262845756
6829 0.236704285694495
6830 0.236739308543235
6831 0.236774331391974
6832 0.236809354240713
6833 0.236844377089452
6834 0.236879399938191
6835 0.23691442278693
6836 0.236949445635669
6837 0.236984468484409
6838 0.237019491333148
6839 0.237054514181887
6840 0.237089537030626
6841 0.237124559879365
6842 0.237159582728104
6843 0.237194605576843
6844 0.237229628425582
6845 0.237264651274322
6846 0.237299674123061
6847 0.2373346969718
6848 0.237369719820539
6849 0.237404742669278
6850 0.237439765518017
6851 0.237474788366756
6852 0.237509811215496
6853 0.237544834064235
6854 0.237579856912974
6855 0.237614879761713
6856 0.237649902610452
6857 0.237684925459191
6858 0.23771994830793
6859 0.23775497115667
6860 0.237789994005409
6861 0.237825016854148
6862 0.237860039702887
6863 0.237895062551626
6864 0.237930085400365
6865 0.237965108249104
6866 0.238000131097844
6867 0.238035153946583
6868 0.238070176795322
6869 0.238105199644061
6870 0.2381402224928
6871 0.238175245341539
6872 0.238210268190278
6873 0.238245291039018
6874 0.238280313887757
6875 0.238315336736496
6876 0.238350359585235
6877 0.238385382433974
6878 0.238420405282713
6879 0.238455428131452
6880 0.238490450980192
6881 0.238525473828931
6882 0.23856049667767
6883 0.238595519526409
6884 0.238630542375148
6885 0.238665565223887
6886 0.238700588072626
6887 0.238735610921365
6888 0.238770633770105
6889 0.238805656618844
6890 0.238840679467583
6891 0.238875702316322
6892 0.238910725165061
6893 0.2389457480138
6894 0.238980770862539
6895 0.239015793711279
6896 0.239050816560018
6897 0.239085839408757
6898 0.239120862257496
6899 0.239155885106235
6900 0.239190907954974
6901 0.239225930803713
6902 0.239260953652453
6903 0.239295976501192
6904 0.239330999349931
6905 0.23936602219867
6906 0.239401045047409
6907 0.239436067896148
6908 0.239471090744887
6909 0.239506113593627
6910 0.239541136442366
6911 0.239576159291105
6912 0.239611182139844
6913 0.239646204988583
6914 0.239681227837322
6915 0.239716250686061
6916 0.2397512735348
6917 0.23978629638354
6918 0.239821319232279
6919 0.239856342081018
6920 0.239891364929757
6921 0.239926387778496
6922 0.239961410627235
6923 0.239996433475974
6924 0.240031456324714
6925 0.240066479173453
6926 0.240101502022192
6927 0.240136524870931
6928 0.24017154771967
6929 0.240206570568409
6930 0.240241593417148
6931 0.240276616265888
6932 0.240311639114627
6933 0.240346661963366
6934 0.240381684812105
6935 0.240416707660844
6936 0.240451730509583
6937 0.240486753358322
6938 0.240521776207062
6939 0.240556799055801
6940 0.24059182190454
6941 0.240626844753279
6942 0.240661867602018
6943 0.240696890450757
6944 0.240731913299496
6945 0.240766936148236
6946 0.240801958996975
6947 0.240836981845714
6948 0.240872004694453
6949 0.240907027543192
6950 0.240942050391931
6951 0.24097707324067
6952 0.241012096089409
6953 0.241047118938149
6954 0.241082141786888
6955 0.241117164635627
6956 0.241152187484366
6957 0.241187210333105
6958 0.241222233181844
6959 0.241257256030583
6960 0.241292278879323
6961 0.241327301728062
6962 0.241362324576801
6963 0.24139734742554
6964 0.241432370274279
6965 0.241467393123018
6966 0.241502415971757
6967 0.241537438820497
6968 0.241572461669236
6969 0.241607484517975
6970 0.241642507366714
6971 0.241677530215453
6972 0.241712553064192
6973 0.241747575912931
6974 0.241782598761671
6975 0.24181762161041
6976 0.241852644459149
6977 0.241887667307888
6978 0.241922690156627
6979 0.241957713005366
6980 0.241992735854105
6981 0.242027758702845
6982 0.242062781551584
6983 0.242097804400323
6984 0.242132827249062
6985 0.242167850097801
6986 0.24220287294654
6987 0.242237895795279
6988 0.242272918644019
6989 0.242307941492758
6990 0.242342964341497
6991 0.242377987190236
6992 0.242413010038975
6993 0.242448032887714
6994 0.242483055736453
6995 0.242518078585192
6996 0.242553101433932
6997 0.242588124282671
6998 0.24262314713141
6999 0.242658169980149
7000 0.242693192828888
7001 0.242728215677627
7002 0.242763238526366
7003 0.242798261375106
7004 0.242833284223845
7005 0.242868307072584
7006 0.242903329921323
7007 0.242938352770062
7008 0.242973375618801
7009 0.24300839846754
7010 0.24304342131628
7011 0.243078444165019
7012 0.243113467013758
7013 0.243148489862497
7014 0.243183512711236
7015 0.243218535559975
7016 0.243253558408714
7017 0.243288581257454
7018 0.243323604106193
7019 0.243358626954932
7020 0.243393649803671
7021 0.24342867265241
7022 0.243463695501149
7023 0.243498718349888
7024 0.243533741198628
7025 0.243568764047367
7026 0.243603786896106
7027 0.243638809744845
7028 0.243673832593584
7029 0.243708855442323
7030 0.243743878291062
7031 0.243778901139801
7032 0.243813923988541
7033 0.24384894683728
7034 0.243883969686019
7035 0.243918992534758
7036 0.243954015383497
7037 0.243989038232236
7038 0.244024061080975
7039 0.244059083929715
7040 0.244094106778454
7041 0.244129129627193
7042 0.244164152475932
7043 0.244199175324671
7044 0.24423419817341
7045 0.244269221022149
7046 0.244304243870889
7047 0.244339266719628
7048 0.244374289568367
7049 0.244409312417106
7050 0.244444335265845
7051 0.244479358114584
7052 0.244514380963323
7053 0.244549403812063
7054 0.244584426660802
7055 0.244619449509541
7056 0.24465447235828
7057 0.244689495207019
7058 0.244724518055758
7059 0.244759540904497
7060 0.244794563753236
7061 0.244829586601976
7062 0.244864609450715
7063 0.244899632299454
7064 0.244934655148193
7065 0.244969677996932
7066 0.245004700845671
7067 0.24503972369441
7068 0.24507474654315
7069 0.245109769391889
7070 0.245144792240628
7071 0.245179815089367
7072 0.245214837938106
7073 0.245249860786845
7074 0.245284883635584
7075 0.245319906484324
7076 0.245354929333063
7077 0.245389952181802
7078 0.245424975030541
7079 0.24545999787928
7080 0.245495020728019
7081 0.245530043576758
7082 0.245565066425498
7083 0.245600089274237
7084 0.245635112122976
7085 0.245670134971715
7086 0.245705157820454
7087 0.245740180669193
7088 0.245775203517932
7089 0.245810226366672
7090 0.245845249215411
7091 0.24588027206415
7092 0.245915294912889
7093 0.245950317761628
7094 0.245985340610367
7095 0.246020363459106
7096 0.246055386307846
7097 0.246090409156585
7098 0.246125432005324
7099 0.246160454854063
7100 0.246195477702802
7101 0.246230500551541
7102 0.24626552340028
7103 0.246300546249019
7104 0.246335569097759
7105 0.246370591946498
7106 0.246405614795237
7107 0.246440637643976
7108 0.246475660492715
7109 0.246510683341454
7110 0.246545706190193
7111 0.246580729038933
7112 0.246615751887672
7113 0.246650774736411
7114 0.24668579758515
7115 0.246720820433889
7116 0.246755843282628
7117 0.246790866131367
7118 0.246825888980107
7119 0.246860911828846
7120 0.246895934677585
7121 0.246930957526324
7122 0.246965980375063
7123 0.247001003223802
7124 0.247036026072541
7125 0.247071048921281
7126 0.24710607177002
7127 0.247141094618759
7128 0.247176117467498
7129 0.247211140316237
7130 0.247246163164976
7131 0.247281186013715
7132 0.247316208862455
7133 0.247351231711194
7134 0.247386254559933
7135 0.247421277408672
7136 0.247456300257411
7137 0.24749132310615
7138 0.247526345954889
7139 0.247561368803628
7140 0.247596391652368
7141 0.247631414501107
7142 0.247666437349846
7143 0.247701460198585
7144 0.247736483047324
7145 0.247771505896063
7146 0.247806528744802
7147 0.247841551593542
7148 0.247876574442281
7149 0.24791159729102
7150 0.247946620139759
7151 0.247981642988498
7152 0.248016665837237
7153 0.248051688685976
7154 0.248086711534716
7155 0.248121734383455
7156 0.248156757232194
7157 0.248191780080933
7158 0.248226802929672
7159 0.248261825778411
7160 0.24829684862715
7161 0.24833187147589
7162 0.248366894324629
7163 0.248401917173368
7164 0.248436940022107
7165 0.248471962870846
7166 0.248506985719585
7167 0.248542008568324
7168 0.248577031417063
7169 0.248612054265803
7170 0.248647077114542
7171 0.248682099963281
7172 0.24871712281202
7173 0.248752145660759
7174 0.248787168509498
7175 0.248822191358237
7176 0.248857214206977
7177 0.248892237055716
7178 0.248927259904455
7179 0.248962282753194
7180 0.248997305601933
7181 0.249032328450672
7182 0.249067351299411
7183 0.249102374148151
7184 0.24913739699689
7185 0.249172419845629
7186 0.249207442694368
7187 0.249242465543107
7188 0.249277488391846
7189 0.249312511240585
7190 0.249347534089325
7191 0.249382556938064
7192 0.249417579786803
7193 0.249452602635542
7194 0.249487625484281
7195 0.24952264833302
7196 0.249557671181759
7197 0.249592694030499
7198 0.249627716879238
7199 0.249662739727977
7200 0.249697762576716
7201 0.249732785425455
7202 0.249767808274194
7203 0.249802831122933
7204 0.249837853971673
7205 0.249872876820412
7206 0.249907899669151
7207 0.24994292251789
7208 0.249977945366629
7209 0.250012968215368
7210 0.250047991064107
7211 0.250083013912846
7212 0.250118036761586
7213 0.250153059610325
7214 0.250188082459064
7215 0.250223105307803
7216 0.250258128156542
7217 0.250293151005281
7218 0.25032817385402
7219 0.25036319670276
7220 0.250398219551499
7221 0.250433242400238
7222 0.250468265248977
7223 0.250503288097716
7224 0.250538310946455
7225 0.250573333795194
7226 0.250608356643934
7227 0.250643379492673
7228 0.250678402341412
7229 0.250713425190151
7230 0.25074844803889
7231 0.250783470887629
7232 0.250818493736368
7233 0.250853516585108
7234 0.250888539433847
7235 0.250923562282586
7236 0.250958585131325
7237 0.250993607980064
7238 0.251028630828803
7239 0.251063653677542
7240 0.251098676526281
7241 0.251133699375021
7242 0.25116872222376
7243 0.251203745072499
7244 0.251238767921238
7245 0.251273790769977
7246 0.251308813618716
7247 0.251343836467456
7248 0.251378859316195
7249 0.251413882164934
7250 0.251448905013673
7251 0.251483927862412
7252 0.251518950711151
7253 0.25155397355989
7254 0.251588996408629
7255 0.251624019257369
7256 0.251659042106108
7257 0.251694064954847
7258 0.251729087803586
7259 0.251764110652325
7260 0.251799133501064
7261 0.251834156349803
7262 0.251869179198543
7263 0.251904202047282
7264 0.251939224896021
7265 0.25197424774476
7266 0.252009270593499
7267 0.252044293442238
7268 0.252079316290977
7269 0.252114339139717
7270 0.252149361988456
7271 0.252184384837195
7272 0.252219407685934
7273 0.252254430534673
7274 0.252289453383412
7275 0.252324476232151
7276 0.252359499080891
7277 0.25239452192963
7278 0.252429544778369
7279 0.252464567627108
7280 0.252499590475847
7281 0.252534613324586
7282 0.252569636173325
7283 0.252604659022064
7284 0.252639681870804
7285 0.252674704719543
7286 0.252709727568282
7287 0.252744750417021
7288 0.25277977326576
7289 0.252814796114499
7290 0.252849818963238
7291 0.252884841811978
7292 0.252919864660717
7293 0.252954887509456
7294 0.252989910358195
7295 0.253024933206934
7296 0.253059956055673
7297 0.253094978904412
7298 0.253130001753152
7299 0.253165024601891
7300 0.25320004745063
7301 0.253235070299369
7302 0.253270093148108
7303 0.253305115996847
7304 0.253340138845586
7305 0.253375161694326
7306 0.253410184543065
7307 0.253445207391804
7308 0.253480230240543
7309 0.253535931357214
7310 0.253591632473884
7311 0.253647333590555
7312 0.253703034707226
7313 0.253758735823897
7314 0.253814436940567
7315 0.253870138057238
7316 0.253925839173909
7317 0.253981540290579
7318 0.25403724140725
7319 0.254092942523921
7320 0.254148643640592
7321 0.254204344757262
7322 0.254260045873933
7323 0.254315746990604
7324 0.254371448107274
7325 0.254427149223945
7326 0.254482850340616
7327 0.254538551457287
7328 0.254594252573957
7329 0.254649953690628
7330 0.254705654807299
7331 0.25476135592397
7332 0.25481705704064
7333 0.254872758157311
7334 0.254928459273982
7335 0.254984160390652
7336 0.255039861507323
7337 0.255095562623994
7338 0.255151263740665
7339 0.255206964857335
7340 0.255262665974006
7341 0.255318367090677
7342 0.255374068207347
7343 0.255429769324018
7344 0.255485470440689
7345 0.25554117155736
7346 0.25559687267403
7347 0.255652573790701
7348 0.255708274907372
7349 0.255763976024042
7350 0.255819677140713
7351 0.255875378257384
7352 0.255931079374055
7353 0.255986780490725
7354 0.256042481607396
7355 0.256098182724067
7356 0.256153883840738
7357 0.256209584957408
7358 0.256265286074079
7359 0.25632098719075
7360 0.25637668830742
7361 0.256432389424091
7362 0.256488090540762
7363 0.256543791657433
7364 0.256599492774103
7365 0.256655193890774
7366 0.256710895007445
7367 0.256766596124116
7368 0.256822297240786
7369 0.256877998357457
7370 0.256933699474128
7371 0.256989400590798
7372 0.257045101707469
7373 0.25710080282414
7374 0.257156503940811
7375 0.257212205057481
7376 0.257267906174152
7377 0.257323607290823
7378 0.257379308407493
7379 0.257435009524164
7380 0.257490710640835
7381 0.257546411757506
7382 0.257602112874176
7383 0.257657813990847
7384 0.257713515107518
7385 0.257769216224188
7386 0.257824917340859
7387 0.25788061845753
7388 0.257936319574201
7389 0.257992020690871
7390 0.258047721807542
7391 0.258103422924213
7392 0.258159124040884
7393 0.258214825157554
7394 0.258270526274225
7395 0.258326227390896
7396 0.258381928507566
7397 0.258437629624237
7398 0.258493330740908
7399 0.258549031857579
7400 0.258604732974249
7401 0.25866043409092
7402 0.258716135207591
7403 0.258771836324261
7404 0.258827537440932
7405 0.258883238557603
7406 0.258938939674274
7407 0.258994640790944
7408 0.259050341907615
7409 0.259106043024286
7410 0.259161744140956
7411 0.259217445257627
7412 0.259273146374298
7413 0.259328847490969
7414 0.259384548607639
7415 0.25944024972431
7416 0.259495950840981
7417 0.259551651957652
7418 0.259607353074322
7419 0.259663054190993
7420 0.259718755307664
7421 0.259774456424334
7422 0.259830157541005
7423 0.259885858657676
7424 0.259941559774347
7425 0.259997260891017
7426 0.260052962007688
7427 0.260108663124359
7428 0.26016436424103
7429 0.2602200653577
7430 0.260275766474371
7431 0.260331467591042
7432 0.260387168707712
7433 0.260442869824383
7434 0.260498570941054
7435 0.260554272057725
7436 0.260609973174395
7437 0.260665674291066
7438 0.260721375407737
7439 0.260777076524407
7440 0.260832777641078
7441 0.260888478757749
7442 0.26094417987442
7443 0.26099988099109
7444 0.261055582107761
7445 0.261111283224432
7446 0.261166984341102
7447 0.261222685457773
7448 0.261278386574444
7449 0.261334087691115
7450 0.261389788807785
7451 0.261445489924456
7452 0.261501191041127
7453 0.261556892157798
7454 0.261612593274468
7455 0.261668294391139
7456 0.26172399550781
7457 0.26177969662448
7458 0.261835397741151
7459 0.261891098857822
7460 0.261946799974493
7461 0.262002501091163
7462 0.262058202207834
7463 0.262113903324505
7464 0.262169604441175
7465 0.262225305557846
7466 0.262281006674517
7467 0.262336707791188
7468 0.262392408907858
7469 0.262448110024529
7470 0.2625038111412
7471 0.26255951225787
7472 0.262615213374541
7473 0.262670914491212
7474 0.262726615607883
7475 0.262782316724553
7476 0.262838017841224
7477 0.262893718957895
7478 0.262949420074566
7479 0.263005121191236
7480 0.263060822307907
7481 0.263116523424578
7482 0.263172224541248
7483 0.263227925657919
7484 0.26328362677459
7485 0.263339327891261
7486 0.263395029007931
7487 0.263450730124602
7488 0.263506431241273
7489 0.263562132357943
7490 0.263617833474614
7491 0.263673534591285
7492 0.263729235707956
7493 0.263784936824626
7494 0.263840637941297
7495 0.263896339057968
7496 0.263952040174639
7497 0.264007741291309
7498 0.26406344240798
7499 0.264119143524651
7500 0.264174844641321
7501 0.264230545757992
7502 0.264286246874663
7503 0.264341947991334
7504 0.264397649108004
7505 0.264453350224675
7506 0.264509051341346
7507 0.264564752458016
7508 0.264620453574687
7509 0.264676154691358
7510 0.264731855808029
7511 0.264787556924699
7512 0.26484325804137
7513 0.264898959158041
7514 0.264954660274711
7515 0.265010361391382
7516 0.265066062508053
7517 0.265121763624724
7518 0.265177464741394
7519 0.265233165858065
7520 0.265288866974736
7521 0.265344568091407
7522 0.265400269208077
7523 0.265455970324748
7524 0.265511671441419
7525 0.265567372558089
7526 0.26562307367476
7527 0.265678774791431
7528 0.265734475908102
7529 0.265790177024772
7530 0.265845878141443
7531 0.265901579258114
7532 0.265957280374784
7533 0.266012981491455
7534 0.266068682608126
7535 0.266124383724797
7536 0.266180084841467
7537 0.266235785958138
7538 0.266291487074809
7539 0.26634718819148
7540 0.26640288930815
7541 0.266458590424821
7542 0.266514291541492
7543 0.266569992658162
7544 0.266625693774833
7545 0.266681394891504
7546 0.266737096008175
7547 0.266792797124845
7548 0.266848498241516
7549 0.266904199358187
7550 0.266959900474857
7551 0.267015601591528
7552 0.267071302708199
7553 0.26712700382487
7554 0.26718270494154
7555 0.267238406058211
7556 0.267294107174882
7557 0.267349808291553
7558 0.267405509408223
7559 0.267461210524894
7560 0.267516911641565
7561 0.267572612758235
7562 0.267628313874906
7563 0.267684014991577
7564 0.267739716108248
7565 0.267795417224918
7566 0.267851118341589
7567 0.26790681945826
7568 0.26796252057493
7569 0.268018221691601
7570 0.268073922808272
7571 0.268129623924943
7572 0.268185325041613
7573 0.268241026158284
7574 0.268296727274955
7575 0.268352428391625
7576 0.268408129508296
7577 0.268463830624967
7578 0.268519531741638
7579 0.268575232858308
7580 0.268630933974979
7581 0.26868663509165
7582 0.268742336208321
7583 0.268798037324991
7584 0.268853738441662
7585 0.268909439558333
7586 0.268965140675003
7587 0.269020841791674
7588 0.269076542908345
7589 0.269132244025016
7590 0.269187945141686
7591 0.269243646258357
7592 0.269299347375028
7593 0.269355048491699
7594 0.269410749608369
7595 0.26946645072504
7596 0.269522151841711
7597 0.269577852958381
7598 0.269633554075052
7599 0.269689255191723
7600 0.269744956308394
7601 0.269800657425064
7602 0.269856358541735
7603 0.269912059658406
7604 0.269967760775076
7605 0.270023461891747
7606 0.270079163008418
7607 0.270134864125089
7608 0.270190565241759
7609 0.27024626635843
7610 0.270301967475101
7611 0.270357668591771
7612 0.270413369708442
7613 0.270469070825113
7614 0.270524771941784
7615 0.270580473058454
7616 0.270636174175125
7617 0.270691875291796
7618 0.270747576408467
7619 0.270803277525137
7620 0.270858978641808
7621 0.270914679758479
7622 0.270970380875149
7623 0.27102608199182
7624 0.271081783108491
7625 0.271137484225162
7626 0.271193185341832
7627 0.271248886458503
7628 0.271304587575174
7629 0.271360288691844
7630 0.271415989808515
7631 0.271471690925186
7632 0.271527392041857
7633 0.271583093158527
7634 0.271638794275198
7635 0.271694495391869
7636 0.271750196508539
7637 0.27180589762521
7638 0.271861598741881
7639 0.271917299858552
7640 0.271973000975222
7641 0.272028702091893
7642 0.272084403208564
7643 0.272140104325235
7644 0.272195805441905
7645 0.272251506558576
7646 0.272307207675247
7647 0.272362908791917
7648 0.272418609908588
7649 0.272474311025259
7650 0.27253001214193
7651 0.2725857132586
7652 0.272641414375271
7653 0.272697115491942
7654 0.272752816608613
7655 0.272808517725283
7656 0.272864218841954
7657 0.272919919958625
7658 0.272975621075295
7659 0.273031322191966
7660 0.273087023308637
7661 0.273142724425308
7662 0.273198425541978
7663 0.273254126658649
7664 0.27330982777532
7665 0.27336552889199
7666 0.273421230008661
7667 0.273476931125332
7668 0.273532632242003
7669 0.273588333358673
7670 0.273644034475344
7671 0.273699735592015
7672 0.273755436708685
7673 0.273811137825356
7674 0.273866838942027
7675 0.273922540058698
7676 0.273978241175368
7677 0.274033942292039
7678 0.27408964340871
7679 0.274145344525381
7680 0.274201045642051
7681 0.274256746758722
7682 0.274312447875393
7683 0.274368148992063
7684 0.274423850108734
7685 0.274479551225405
7686 0.274535252342076
7687 0.274590953458746
7688 0.274646654575417
7689 0.274702355692088
7690 0.274758056808758
7691 0.274813757925429
7692 0.2748694590421
7693 0.274925160158771
7694 0.274980861275441
7695 0.275036562392112
7696 0.275092263508783
7697 0.275147964625453
7698 0.275203665742124
7699 0.275259366858795
7700 0.275315067975466
7701 0.275370769092136
7702 0.275426470208807
7703 0.275482171325478
7704 0.275537872442149
7705 0.275593573558819
7706 0.27564927467549
7707 0.275704975792161
7708 0.275760676908831
7709 0.275816378025502
7710 0.275872079142173
7711 0.275927780258844
7712 0.275983481375514
7713 0.276039182492185
7714 0.276094883608856
7715 0.276150584725526
7716 0.276206285842197
7717 0.276261986958868
7718 0.276317688075539
7719 0.276373389192209
7720 0.27642909030888
7721 0.276484791425551
7722 0.276540492542222
7723 0.276596193658892
7724 0.276651894775563
7725 0.276707595892234
7726 0.276763297008904
7727 0.276818998125575
7728 0.276874699242246
7729 0.276930400358917
7730 0.276986101475587
7731 0.277041802592258
7732 0.277097503708929
7733 0.277153204825599
7734 0.27720890594227
7735 0.277264607058941
7736 0.277320308175612
7737 0.277376009292282
7738 0.277431710408953
7739 0.277487411525624
7740 0.277543112642294
7741 0.277598813758965
7742 0.277654514875636
7743 0.277710215992307
7744 0.277765917108977
7745 0.277821618225648
7746 0.277877319342319
7747 0.27793302045899
7748 0.27798872157566
7749 0.278044422692331
7750 0.278100123809002
7751 0.278155824925672
7752 0.278211526042343
7753 0.278267227159014
7754 0.278322928275685
7755 0.278378629392355
7756 0.278434330509026
7757 0.278490031625697
7758 0.278545732742367
7759 0.278601433859038
7760 0.278657134975709
7761 0.27871283609238
7762 0.27876853720905
7763 0.278824238325721
7764 0.278879939442392
7765 0.278935640559063
7766 0.278991341675733
7767 0.279047042792404
7768 0.279102743909075
7769 0.279158445025745
7770 0.279214146142416
7771 0.279269847259087
7772 0.279325548375758
7773 0.279381249492428
7774 0.279436950609099
7775 0.27949265172577
7776 0.27954835284244
7777 0.279604053959111
7778 0.279659755075782
7779 0.279715456192453
7780 0.279771157309123
7781 0.279826858425794
7782 0.279882559542465
7783 0.279938260659136
7784 0.279993961775806
7785 0.280049662892477
7786 0.280105364009148
7787 0.280161065125818
7788 0.280216766242489
7789 0.28027246735916
7790 0.280328168475831
7791 0.280383869592501
7792 0.280439570709172
7793 0.280495271825843
7794 0.280550972942513
7795 0.280606674059184
7796 0.280662375175855
7797 0.280718076292526
7798 0.280773777409196
7799 0.280829478525867
7800 0.280885179642538
7801 0.280940880759208
7802 0.280996581875879
7803 0.28105228299255
7804 0.281107984109221
7805 0.281163685225891
7806 0.281219386342562
7807 0.281275087459233
7808 0.281330788575904
7809 0.281386489692574
7810 0.281442190809245
7811 0.281497891925916
7812 0.281553593042586
7813 0.281609294159257
7814 0.281664995275928
7815 0.281720696392599
7816 0.281776397509269
7817 0.28183209862594
7818 0.281887799742611
7819 0.281943500859281
7820 0.281999201975952
7821 0.282054903092623
7822 0.282110604209294
7823 0.282166305325964
7824 0.282222006442635
7825 0.282277707559306
7826 0.282333408675977
7827 0.282389109792647
7828 0.282444810909318
7829 0.282500512025989
7830 0.282556213142659
7831 0.28261191425933
7832 0.282667615376001
7833 0.282723316492672
7834 0.282779017609342
7835 0.282834718726013
7836 0.282890419842684
7837 0.282946120959354
7838 0.283001822076025
7839 0.283057523192696
7840 0.283113224309367
7841 0.283168925426037
7842 0.283224626542708
7843 0.283280327659379
7844 0.28333602877605
7845 0.28339172989272
7846 0.283447431009391
7847 0.283503132126062
7848 0.283558833242732
7849 0.283614534359403
7850 0.283670235476074
7851 0.283725936592745
7852 0.283781637709415
7853 0.283837338826086
7854 0.283893039942757
7855 0.283948741059427
7856 0.284004442176098
7857 0.284060143292769
7858 0.28411584440944
7859 0.28417154552611
7860 0.284227246642781
7861 0.284282947759452
7862 0.284338648876122
7863 0.284394349992793
7864 0.284450051109464
7865 0.284505752226135
7866 0.284561453342805
7867 0.284617154459476
7868 0.284672855576147
7869 0.284728556692818
7870 0.284784257809488
7871 0.284839958926159
7872 0.28489566004283
7873 0.2849513611595
7874 0.285007062276171
7875 0.285062763392842
7876 0.285118464509513
7877 0.285174165626183
7878 0.285229866742854
7879 0.285285567859525
7880 0.285341268976195
7881 0.285396970092866
7882 0.285452671209537
7883 0.285508372326208
7884 0.285564073442878
7885 0.285619774559549
7886 0.28567547567622
7887 0.285731176792891
7888 0.285786877909561
7889 0.285842579026232
7890 0.285898280142903
7891 0.285953981259573
7892 0.286009682376244
7893 0.286065383492915
7894 0.286121084609586
7895 0.286176785726256
7896 0.286232486842927
7897 0.286288187959598
7898 0.286343889076268
7899 0.286399590192939
7900 0.28645529130961
7901 0.286510992426281
7902 0.286566693542951
7903 0.286622394659622
7904 0.286678095776293
7905 0.286733796892964
7906 0.286789498009634
7907 0.286845199126305
7908 0.286900900242976
7909 0.286956601359646
7910 0.287012302476317
7911 0.287068003592988
7912 0.287123704709659
7913 0.287179405826329
7914 0.287235106943
7915 0.287290808059671
7916 0.287346509176341
7917 0.287402210293012
7918 0.287457911409683
7919 0.287513612526354
7920 0.287569313643024
7921 0.287625014759695
7922 0.287680715876366
7923 0.287736416993036
7924 0.287792118109707
7925 0.287847819226378
7926 0.287903520343049
7927 0.287959221459719
7928 0.28801492257639
7929 0.288070623693061
7930 0.288126324809732
7931 0.288182025926402
7932 0.288237727043073
7933 0.288293428159744
7934 0.288349129276414
7935 0.288404830393085
7936 0.288460531509756
7937 0.288516232626427
7938 0.288571933743097
7939 0.288627634859768
7940 0.288683335976439
7941 0.288739037093109
7942 0.28879473820978
7943 0.288850439326451
7944 0.288906140443122
7945 0.288961841559792
7946 0.289017542676463
7947 0.289073243793134
7948 0.289128944909805
7949 0.289184646026475
7950 0.289240347143146
7951 0.289296048259817
7952 0.289351749376487
7953 0.289407450493158
7954 0.289463151609829
7955 0.2895188527265
7956 0.28957455384317
7957 0.289630254959841
7958 0.289685956076512
7959 0.289741657193182
7960 0.289797358309853
7961 0.289853059426524
7962 0.289908760543195
7963 0.289964461659865
7964 0.290020162776536
7965 0.290075863893207
7966 0.290131565009877
7967 0.290187266126548
7968 0.290242967243219
7969 0.29029866835989
7970 0.29035436947656
7971 0.290410070593231
7972 0.290465771709902
7973 0.290521472826573
7974 0.290577173943243
7975 0.290632875059914
7976 0.290688576176585
7977 0.290744277293255
7978 0.290799978409926
7979 0.290855679526597
7980 0.290911380643268
7981 0.290967081759938
7982 0.291022782876609
7983 0.29107848399328
7984 0.29113418510995
7985 0.291189886226621
7986 0.291245587343292
7987 0.291301288459963
7988 0.291356989576633
7989 0.291412690693304
7990 0.291468391809975
7991 0.291524092926645
7992 0.291579794043316
7993 0.291635495159987
7994 0.291691196276658
7995 0.291746897393328
7996 0.291802598509999
7997 0.29185829962667
7998 0.291914000743341
7999 0.291969701860011
8000 0.292025402976682
8001 0.292081104093353
8002 0.292136805210023
8003 0.292192506326694
8004 0.292248207443365
8005 0.292303908560036
8006 0.292359609676706
8007 0.292415310793377
8008 0.292471011910048
8009 0.292526713026719
8010 0.292582414143389
8011 0.29263811526006
8012 0.292693816376731
8013 0.292749517493401
8014 0.292805218610072
8015 0.292860919726743
8016 0.292916620843414
8017 0.292972321960084
8018 0.293028023076755
8019 0.293083724193426
8020 0.293139425310096
8021 0.293195126426767
8022 0.293250827543438
8023 0.293306528660109
8024 0.293362229776779
8025 0.29341793089345
8026 0.293473632010121
8027 0.293529333126791
8028 0.293585034243462
8029 0.293640735360133
8030 0.293696436476804
8031 0.293752137593474
8032 0.293807838710145
8033 0.293863539826816
8034 0.293919240943487
8035 0.293974942060157
8036 0.294030643176828
8037 0.294086344293499
8038 0.294142045410169
8039 0.29419774652684
8040 0.294253447643511
8041 0.294309148760182
8042 0.294364849876852
8043 0.294420550993523
8044 0.294476252110194
8045 0.294531953226864
8046 0.294587654343535
8047 0.294643355460206
8048 0.294699056576877
8049 0.294754757693547
8050 0.294810458810218
8051 0.294866159926889
8052 0.294921861043559
8053 0.29497756216023
8054 0.295033263276901
8055 0.295088964393572
8056 0.295144665510242
8057 0.295200366626913
8058 0.295256067743584
8059 0.295311768860255
8060 0.295367469976925
8061 0.295423171093596
8062 0.295478872210267
8063 0.295534573326937
8064 0.295590274443608
8065 0.295645975560279
8066 0.29570167667695
8067 0.29575737779362
8068 0.295813078910291
8069 0.295868780026962
8070 0.295924481143633
8071 0.295980182260303
8072 0.296035883376974
8073 0.296091584493645
8074 0.296147285610315
8075 0.296202986726986
8076 0.296258687843657
8077 0.296314388960328
8078 0.296370090076998
8079 0.296425791193669
8080 0.29648149231034
8081 0.29653719342701
8082 0.296592894543681
8083 0.296648595660352
8084 0.296704296777023
8085 0.296759997893693
8086 0.296815699010364
8087 0.296871400127035
8088 0.296927101243705
8089 0.296982802360376
8090 0.297038503477047
8091 0.297094204593718
8092 0.297149905710388
8093 0.297205606827059
8094 0.29726130794373
8095 0.297317009060401
8096 0.297372710177071
8097 0.297428411293742
8098 0.297484112410413
8099 0.297539813527083
8100 0.297595514643754
8101 0.297651215760425
8102 0.297706916877096
8103 0.297762617993766
8104 0.297818319110437
8105 0.297874020227108
8106 0.297929721343778
8107 0.297985422460449
8108 0.29804112357712
8109 0.298096824693791
8110 0.298152525810461
8111 0.298208226927132
8112 0.298263928043803
8113 0.298319629160473
8114 0.298375330277144
8115 0.298431031393815
8116 0.298486732510486
8117 0.298542433627156
8118 0.298598134743827
8119 0.298653835860498
8120 0.298709536977169
8121 0.298765238093839
8122 0.29882093921051
8123 0.298876640327181
8124 0.298932341443851
8125 0.298988042560522
8126 0.299043743677193
8127 0.299099444793864
8128 0.299155145910534
8129 0.299210847027205
8130 0.299266548143876
8131 0.299322249260547
8132 0.299377950377217
8133 0.299433651493888
8134 0.299489352610559
8135 0.299545053727229
8136 0.2996007548439
8137 0.299656455960571
8138 0.299712157077242
8139 0.299767858193912
8140 0.299823559310583
8141 0.299879260427254
8142 0.299934961543924
8143 0.299990662660595
8144 0.300046363777266
8145 0.300102064893937
8146 0.300157766010607
8147 0.300213467127278
8148 0.300269168243949
8149 0.300324869360619
8150 0.30038057047729
8151 0.300436271593961
8152 0.300491972710632
8153 0.300547673827302
8154 0.300603374943973
8155 0.300659076060644
8156 0.300714777177315
8157 0.300770478293985
8158 0.300826179410656
8159 0.300881880527327
8160 0.300937581643997
8161 0.300993282760668
8162 0.301048983877339
8163 0.30110468499401
8164 0.30116038611068
8165 0.301216087227351
8166 0.301271788344022
8167 0.301327489460692
8168 0.301383190577363
8169 0.301438891694034
8170 0.301494592810705
8171 0.301550293927375
8172 0.301605995044046
8173 0.301661696160717
8174 0.301717397277388
8175 0.301773098394058
8176 0.301828799510729
8177 0.3018845006274
8178 0.30194020174407
8179 0.301995902860741
8180 0.302051603977412
8181 0.302107305094083
8182 0.302163006210753
8183 0.302218707327424
8184 0.302274408444095
8185 0.302330109560765
8186 0.302385810677436
8187 0.302441511794107
8188 0.302497212910778
8189 0.302552914027448
8190 0.302608615144119
8191 0.30266431626079
8192 0.30272001737746
8193 0.302775718494131
8194 0.302831419610802
8195 0.302887120727473
8196 0.302942821844143
8197 0.302998522960814
8198 0.303054224077485
8199 0.303109925194156
8200 0.303165626310826
8201 0.303221327427497
8202 0.303277028544168
8203 0.303332729660838
8204 0.303388430777509
8205 0.30344413189418
8206 0.303499833010851
8207 0.303555534127521
8208 0.303611235244192
8209 0.303666936360863
8210 0.303722637477533
8211 0.303778338594204
8212 0.303834039710875
8213 0.303889740827546
8214 0.303945441944216
8215 0.304001143060887
8216 0.304056844177558
8217 0.304112545294228
8218 0.304168246410899
8219 0.30422394752757
8220 0.304279648644241
8221 0.304335349760911
8222 0.304391050877582
8223 0.304446751994253
8224 0.304502453110924
8225 0.304558154227594
8226 0.304613855344265
8227 0.304669556460936
8228 0.304725257577606
8229 0.304780958694277
8230 0.304836659810948
8231 0.304892360927619
8232 0.304948062044289
8233 0.30500376316096
8234 0.305059464277631
8235 0.305115165394302
8236 0.305170866510972
8237 0.305226567627643
8238 0.305282268744314
8239 0.305337969860984
8240 0.305393670977655
8241 0.305449372094326
8242 0.305505073210997
8243 0.305560774327667
8244 0.305616475444338
8245 0.305672176561009
8246 0.305727877677679
8247 0.30578357879435
8248 0.305839279911021
8249 0.305894981027692
8250 0.305950682144362
8251 0.306006383261033
8252 0.306062084377704
8253 0.306117785494374
8254 0.306173486611045
8255 0.306229187727716
8256 0.306284888844387
8257 0.306340589961057
8258 0.306396291077728
8259 0.306451992194399
8260 0.30650769331107
8261 0.30656339442774
8262 0.306619095544411
8263 0.306674796661082
8264 0.306730497777752
8265 0.306786198894423
8266 0.306841900011094
8267 0.306897601127765
8268 0.306953302244435
8269 0.307009003361106
8270 0.307064704477777
8271 0.307120405594447
8272 0.307176106711118
8273 0.307231807827789
8274 0.30728750894446
8275 0.30734321006113
8276 0.307398911177801
8277 0.307454612294472
8278 0.307510313411142
8279 0.307566014527813
8280 0.307621715644484
8281 0.307677416761155
8282 0.307733117877825
8283 0.307788818994496
8284 0.307844520111167
8285 0.307900221227838
8286 0.307955922344508
8287 0.308011623461179
8288 0.30806732457785
8289 0.30812302569452
8290 0.308178726811191
8291 0.308234427927862
8292 0.308290129044533
8293 0.308345830161203
8294 0.308401531277874
8295 0.308457232394545
8296 0.308512933511216
8297 0.308568634627886
8298 0.308624335744557
8299 0.308680036861228
8300 0.308735737977898
8301 0.308791439094569
8302 0.30884714021124
8303 0.308902841327911
8304 0.308958542444581
8305 0.309014243561252
8306 0.309069944677923
8307 0.309125645794593
8308 0.309181346911264
8309 0.309237048027935
8310 0.309292749144606
8311 0.309348450261276
8312 0.309404151377947
8313 0.309459852494618
8314 0.309515553611288
8315 0.309571254727959
8316 0.30962695584463
8317 0.309682656961301
8318 0.309738358077971
8319 0.309794059194642
8320 0.309849760311313
8321 0.309905461427984
8322 0.309961162544654
8323 0.310016863661325
8324 0.310072564777996
8325 0.310128265894666
8326 0.310183967011337
8327 0.310239668128008
8328 0.310295369244679
8329 0.310351070361349
8330 0.31040677147802
8331 0.310462472594691
8332 0.310518173711361
8333 0.310573874828032
8334 0.310629575944703
8335 0.310685277061374
8336 0.310740978178044
8337 0.310796679294715
8338 0.310852380411386
8339 0.310908081528056
8340 0.310963782644727
8341 0.311019483761398
8342 0.311075184878069
8343 0.311130885994739
8344 0.31118658711141
8345 0.311242288228081
8346 0.311297989344752
8347 0.311353690461422
8348 0.311409391578093
8349 0.311465092694764
8350 0.311520793811434
8351 0.311576494928105
8352 0.311632196044776
8353 0.311687897161447
8354 0.311743598278117
8355 0.311799299394788
8356 0.311855000511459
8357 0.311910701628129
8358 0.3119664027448
8359 0.312022103861471
8360 0.312077804978142
8361 0.312133506094812
8362 0.312189207211483
8363 0.312244908328154
8364 0.312300609444825
8365 0.312356310561495
8366 0.312412011678166
8367 0.312467712794837
8368 0.312523413911507
8369 0.312579115028178
8370 0.312634816144849
8371 0.31269051726152
8372 0.31274621837819
8373 0.312801919494861
8374 0.312857620611532
8375 0.312913321728202
8376 0.312969022844873
8377 0.313024723961544
8378 0.313080425078215
8379 0.313136126194885
8380 0.313191827311556
8381 0.313247528428227
8382 0.313303229544898
8383 0.313358930661568
8384 0.313414631778239
8385 0.31347033289491
8386 0.31352603401158
8387 0.313581735128251
8388 0.313637436244922
8389 0.313693137361593
8390 0.313748838478263
8391 0.313804539594934
8392 0.313860240711605
8393 0.313915941828275
8394 0.313971642944946
8395 0.314027344061617
8396 0.314083045178288
8397 0.314138746294958
8398 0.314194447411629
8399 0.3142501485283
8400 0.31430584964497
8401 0.314361550761641
8402 0.314417251878312
8403 0.314472952994983
8404 0.314528654111653
8405 0.314584355228324
8406 0.314640056344995
8407 0.314695757461666
8408 0.314751458578336
8409 0.314807159695007
8410 0.314862860811678
8411 0.314918561928348
8412 0.314974263045019
8413 0.31502996416169
8414 0.315085665278361
8415 0.315141366395031
8416 0.315197067511702
8417 0.315252768628373
8418 0.315308469745043
8419 0.315364170861714
8420 0.315419871978385
8421 0.315475573095056
8422 0.315531274211726
8423 0.315586975328397
8424 0.315642676445068
8425 0.315698377561739
8426 0.315754078678409
8427 0.31580977979508
8428 0.315865480911751
8429 0.315921182028421
8430 0.315976883145092
8431 0.316032584261763
8432 0.316088285378434
8433 0.316143986495104
8434 0.316199687611775
8435 0.316255388728446
8436 0.316311089845116
8437 0.316366790961787
8438 0.316422492078458
8439 0.316478193195129
8440 0.316533894311799
8441 0.31658959542847
8442 0.316645296545141
8443 0.316700997661811
8444 0.316756698778482
8445 0.316812399895153
8446 0.316868101011824
8447 0.316923802128494
8448 0.316979503245165
8449 0.317035204361836
8450 0.317090905478507
8451 0.317146606595177
8452 0.317202307711848
8453 0.317258008828519
8454 0.317313709945189
8455 0.31736941106186
8456 0.317425112178531
8457 0.317480813295202
8458 0.317536514411872
8459 0.317592215528543
8460 0.317647916645214
8461 0.317703617761884
8462 0.317759318878555
8463 0.317815019995226
8464 0.317870721111897
8465 0.317926422228567
8466 0.317982123345238
8467 0.318037824461909
8468 0.31809352557858
8469 0.31814922669525
8470 0.318204927811921
8471 0.318260628928592
8472 0.318316330045262
8473 0.318372031161933
8474 0.318427732278604
8475 0.318483433395275
8476 0.318539134511945
8477 0.318594835628616
8478 0.318650536745287
8479 0.318706237861957
8480 0.318761938978628
8481 0.318817640095299
8482 0.31887334121197
8483 0.31892904232864
8484 0.318984743445311
8485 0.319040444561982
8486 0.319096145678653
8487 0.319151846795323
8488 0.319207547911994
8489 0.319263249028665
8490 0.319318950145335
8491 0.319374651262006
8492 0.319430352378677
8493 0.319486053495348
8494 0.319541754612018
8495 0.319597455728689
8496 0.31965315684536
8497 0.31970885796203
8498 0.319764559078701
8499 0.319820260195372
8500 0.319875961312043
8501 0.319931662428713
8502 0.319987363545384
8503 0.320043064662055
8504 0.320098765778725
8505 0.320154466895396
8506 0.320210168012067
8507 0.320265869128738
8508 0.320321570245408
8509 0.320377271362079
8510 0.32043297247875
8511 0.320488673595421
8512 0.320544374712091
8513 0.320600075828762
8514 0.320655776945433
8515 0.320711478062103
8516 0.320767179178774
8517 0.320822880295445
8518 0.320878581412116
8519 0.320934282528786
8520 0.320989983645457
8521 0.321045684762128
8522 0.321101385878798
8523 0.321157086995469
8524 0.32121278811214
8525 0.321268489228811
8526 0.321324190345481
8527 0.321379891462152
8528 0.321435592578823
8529 0.321491293695494
8530 0.321546994812164
8531 0.321602695928835
8532 0.321658397045506
8533 0.321714098162176
8534 0.321769799278847
8535 0.321825500395518
8536 0.321881201512189
8537 0.321936902628859
8538 0.32199260374553
8539 0.322048304862201
8540 0.322104005978871
8541 0.322159707095542
8542 0.322215408212213
8543 0.322271109328884
8544 0.322326810445554
8545 0.322382511562225
8546 0.322438212678896
8547 0.322493913795566
8548 0.322549614912237
8549 0.322605316028908
8550 0.322661017145579
8551 0.322716718262249
8552 0.32277241937892
8553 0.322828120495591
8554 0.322883821612262
8555 0.322939522728932
8556 0.322995223845603
8557 0.323050924962274
8558 0.323106626078944
8559 0.323162327195615
8560 0.323218028312286
8561 0.323273729428957
8562 0.323329430545627
8563 0.323385131662298
8564 0.323440832778969
8565 0.323496533895639
8566 0.32355223501231
8567 0.323607936128981
8568 0.323663637245652
8569 0.323719338362322
8570 0.323775039478993
8571 0.323830740595664
8572 0.323886441712334
8573 0.323942142829005
8574 0.323997843945676
8575 0.324053545062347
8576 0.324109246179017
8577 0.324164947295688
8578 0.324220648412359
8579 0.32427634952903
8580 0.3243320506457
8581 0.324387751762371
8582 0.324443452879042
8583 0.324499153995712
8584 0.324554855112383
8585 0.324610556229054
8586 0.324666257345725
8587 0.324721958462395
8588 0.324777659579066
8589 0.324833360695737
8590 0.324889061812408
8591 0.324944762929078
8592 0.325000464045749
8593 0.32505616516242
8594 0.32511186627909
8595 0.325167567395761
8596 0.325223268512432
8597 0.325278969629103
8598 0.325334670745773
8599 0.325390371862444
8600 0.325446072979115
8601 0.325501774095785
8602 0.325557475212456
8603 0.325613176329127
8604 0.325668877445798
8605 0.325724578562468
8606 0.325780279679139
8607 0.32583598079581
8608 0.325891681912481
8609 0.325947383029151
8610 0.326003084145822
8611 0.326058785262493
8612 0.326114486379163
8613 0.326170187495834
8614 0.326225888612505
8615 0.326281589729176
8616 0.326337290845846
8617 0.326392991962517
8618 0.326448693079188
8619 0.326504394195858
8620 0.326560095312529
8621 0.3266157964292
8622 0.326671497545871
8623 0.326727198662541
8624 0.326782899779212
8625 0.326838600895883
8626 0.326894302012553
8627 0.326950003129224
8628 0.327005704245895
8629 0.327061405362566
8630 0.327117106479236
8631 0.327172807595907
8632 0.327228508712578
8633 0.327284209829249
8634 0.327339910945919
8635 0.32739561206259
8636 0.327451313179261
8637 0.327507014295931
8638 0.327562715412602
8639 0.327618416529273
8640 0.327674117645944
8641 0.327729818762614
8642 0.327785519879285
8643 0.327841220995956
8644 0.327896922112626
8645 0.327952623229297
8646 0.328008324345968
8647 0.328064025462639
8648 0.328119726579309
8649 0.32817542769598
8650 0.328231128812651
8651 0.328286829929322
8652 0.328342531045992
8653 0.328398232162663
8654 0.328453933279334
8655 0.328509634396004
8656 0.328565335512675
8657 0.328621036629346
8658 0.328676737746017
8659 0.328732438862687
8660 0.328788139979358
8661 0.328843841096029
8662 0.328899542212699
8663 0.32895524332937
8664 0.329010944446041
8665 0.329066645562712
8666 0.329122346679382
8667 0.329178047796053
8668 0.329233748912724
8669 0.329289450029394
8670 0.329345151146065
8671 0.329400852262736
8672 0.329456553379407
8673 0.329512254496077
8674 0.329567955612748
8675 0.329623656729419
8676 0.32967935784609
8677 0.32973505896276
8678 0.329790760079431
8679 0.329846461196102
8680 0.329902162312772
8681 0.329957863429443
8682 0.330013564546114
8683 0.330069265662785
8684 0.330124966779455
8685 0.330180667896126
8686 0.330236369012797
8687 0.330292070129467
8688 0.330347771246138
8689 0.330403472362809
8690 0.33045917347948
8691 0.33051487459615
8692 0.330570575712821
8693 0.330626276829492
8694 0.330681977946162
8695 0.330737679062833
8696 0.330793380179504
8697 0.330849081296175
8698 0.330904782412845
8699 0.330960483529516
8700 0.331016184646187
8701 0.331071885762858
8702 0.331127586879528
8703 0.331183287996199
8704 0.33123898911287
8705 0.33129469022954
8706 0.331350391346211
8707 0.331406092462882
8708 0.331461793579553
8709 0.331517494696223
8710 0.331573195812894
8711 0.331628896929565
8712 0.331684598046236
8713 0.331740299162906
8714 0.331796000279577
8715 0.331851701396248
8716 0.331907402512918
8717 0.331963103629589
8718 0.33201880474626
8719 0.332074505862931
8720 0.332130206979601
8721 0.332185908096272
8722 0.332241609212943
8723 0.332297310329613
8724 0.332353011446284
8725 0.332408712562955
8726 0.332464413679626
8727 0.332520114796296
8728 0.332575815912967
8729 0.332631517029638
8730 0.332687218146308
8731 0.332742919262979
8732 0.33279862037965
8733 0.332854321496321
8734 0.332910022612991
8735 0.332965723729662
8736 0.333021424846333
8737 0.333077125963004
8738 0.333132827079674
8739 0.333188528196345
8740 0.333244229313016
8741 0.333299930429686
8742 0.333355631546357
8743 0.333411332663028
8744 0.333467033779699
8745 0.333522734896369
8746 0.33357843601304
8747 0.333634137129711
8748 0.333689838246381
8749 0.333745539363052
8750 0.333801240479723
8751 0.333856941596394
8752 0.333912642713064
8753 0.333968343829735
8754 0.334024044946406
8755 0.334079746063076
8756 0.334135447179747
8757 0.334191148296418
8758 0.334246849413089
8759 0.334302550529759
8760 0.33435825164643
8761 0.334413952763101
8762 0.334469653879772
8763 0.334525354996442
8764 0.334581056113113
8765 0.334636757229784
8766 0.334692458346454
8767 0.334748159463125
8768 0.334803860579796
8769 0.334859561696467
8770 0.334915262813137
8771 0.334970963929808
8772 0.335026665046479
8773 0.335082366163149
8774 0.33513806727982
8775 0.335193768396491
8776 0.335249469513162
8777 0.335305170629832
8778 0.335360871746503
8779 0.335416572863174
8780 0.335472273979845
8781 0.335527975096515
8782 0.335583676213186
8783 0.335639377329857
8784 0.335695078446527
8785 0.335750779563198
8786 0.335806480679869
8787 0.33586218179654
8788 0.33591788291321
8789 0.335973584029881
8790 0.336029285146552
8791 0.336084986263222
8792 0.336140687379893
8793 0.336196388496564
8794 0.336252089613235
8795 0.336307790729905
8796 0.336363491846576
8797 0.336419192963247
8798 0.336474894079917
8799 0.336530595196588
8800 0.336586296313259
8801 0.33664199742993
8802 0.3366976985466
8803 0.336753399663271
8804 0.336809100779942
8805 0.336864801896613
8806 0.336920503013283
8807 0.336976204129954
8808 0.337031905246625
8809 0.337087606363295
8810 0.337143307479966
8811 0.337199008596637
8812 0.337254709713308
8813 0.337310410829978
8814 0.337366111946649
8815 0.33742181306332
8816 0.337477514179991
8817 0.337533215296661
8818 0.337588916413332
8819 0.337644617530003
8820 0.337700318646673
8821 0.337756019763344
8822 0.337811720880015
8823 0.337867421996686
8824 0.337923123113356
8825 0.337978824230027
8826 0.338034525346698
8827 0.338090226463368
8828 0.338145927580039
8829 0.33820162869671
8830 0.338257329813381
8831 0.338313030930051
8832 0.338368732046722
8833 0.338424433163393
8834 0.338480134280063
8835 0.338535835396734
8836 0.338591536513405
8837 0.338647237630076
8838 0.338702938746746
8839 0.338758639863417
8840 0.338814340980088
8841 0.338870042096759
8842 0.338925743213429
8843 0.3389814443301
8844 0.339037145446771
8845 0.339092846563441
8846 0.339148547680112
8847 0.339204248796783
8848 0.339259949913454
8849 0.339315651030124
8850 0.339371352146795
8851 0.339427053263466
8852 0.339482754380136
8853 0.339538455496807
8854 0.339594156613478
8855 0.339649857730149
8856 0.339705558846819
8857 0.33976125996349
8858 0.339816961080161
8859 0.339872662196832
8860 0.339928363313502
8861 0.339984064430173
8862 0.340039765546844
8863 0.340095466663514
8864 0.340151167780185
8865 0.340206868896856
8866 0.340262570013527
8867 0.340318271130197
8868 0.340373972246868
8869 0.340429673363539
8870 0.340485374480209
8871 0.34054107559688
8872 0.340596776713551
8873 0.340652477830222
8874 0.340708178946892
8875 0.340763880063563
8876 0.340819581180234
8877 0.340875282296905
8878 0.340930983413575
8879 0.340986684530246
8880 0.341042385646917
8881 0.341098086763587
8882 0.341153787880258
8883 0.341209488996929
8884 0.3412651901136
8885 0.34132089123027
8886 0.341376592346941
8887 0.341432293463612
8888 0.341487994580282
8889 0.341543695696953
8890 0.341599396813624
8891 0.341655097930295
8892 0.341710799046965
8893 0.341766500163636
8894 0.341822201280307
8895 0.341877902396977
8896 0.341933603513648
8897 0.341989304630319
8898 0.34204500574699
8899 0.34210070686366
8900 0.342156407980331
8901 0.342212109097002
8902 0.342267810213673
8903 0.342323511330343
8904 0.342379212447014
8905 0.342434913563685
8906 0.342490614680355
8907 0.342546315797026
8908 0.342602016913697
8909 0.342657718030368
8910 0.342713419147038
8911 0.342769120263709
8912 0.34282482138038
8913 0.34288052249705
8914 0.342936223613721
8915 0.342991924730392
8916 0.343047625847063
8917 0.343103326963733
8918 0.343159028080404
8919 0.343214729197075
8920 0.343270430313745
8921 0.343326131430416
8922 0.343381832547087
8923 0.343437533663758
8924 0.343493234780428
8925 0.343548935897099
8926 0.34360463701377
8927 0.343660338130441
8928 0.343716039247111
8929 0.343771740363782
8930 0.343827441480453
8931 0.343883142597123
8932 0.343938843713794
8933 0.343994544830465
8934 0.344050245947136
8935 0.344105947063806
8936 0.344161648180477
8937 0.344217349297148
8938 0.344273050413819
8939 0.344328751530489
8940 0.34438445264716
8941 0.344440153763831
8942 0.344495854880501
8943 0.344551555997172
8944 0.344607257113843
8945 0.344662958230514
8946 0.344718659347184
8947 0.344774360463855
8948 0.344830061580526
8949 0.344885762697196
8950 0.344941463813867
8951 0.344997164930538
8952 0.345052866047209
8953 0.345108567163879
8954 0.34516426828055
8955 0.345219969397221
8956 0.345275670513891
8957 0.345331371630562
8958 0.345387072747233
8959 0.345442773863904
8960 0.345498474980574
8961 0.345554176097245
8962 0.345609877213916
8963 0.345665578330587
8964 0.345721279447257
8965 0.345776980563928
8966 0.345832681680599
8967 0.345888382797269
8968 0.34594408391394
8969 0.345999785030611
8970 0.346055486147282
8971 0.346111187263952
8972 0.346166888380623
8973 0.346222589497294
8974 0.346278290613964
8975 0.346333991730635
8976 0.346389692847306
8977 0.346445393963977
8978 0.346501095080647
8979 0.346556796197318
8980 0.346612497313989
8981 0.346668198430659
8982 0.34672389954733
8983 0.346779600664001
8984 0.346835301780672
8985 0.346891002897342
8986 0.346946704014013
8987 0.347002405130684
8988 0.347058106247355
8989 0.347113807364025
8990 0.347169508480696
8991 0.347225209597367
8992 0.347280910714037
8993 0.347336611830708
8994 0.347392312947379
8995 0.34744801406405
8996 0.34750371518072
8997 0.347559416297391
8998 0.347615117414062
8999 0.347670818530732
9000 0.347726519647403
9001 0.347782220764074
9002 0.347837921880745
9003 0.347893622997415
9004 0.347949324114086
9005 0.348005025230757
9006 0.348060726347428
9007 0.348116427464098
9008 0.348172128580769
9009 0.34822782969744
9010 0.34828353081411
9011 0.348339231930781
9012 0.348394933047452
9013 0.348450634164123
9014 0.348506335280793
9015 0.348562036397464
9016 0.348617737514135
9017 0.348673438630805
9018 0.348729139747476
9019 0.348784840864147
9020 0.348840541980818
9021 0.348896243097488
9022 0.348951944214159
9023 0.34900764533083
9024 0.3490633464475
9025 0.349119047564171
9026 0.349174748680842
9027 0.349230449797513
9028 0.349286150914183
9029 0.349341852030854
9030 0.349397553147525
9031 0.349453254264196
9032 0.349508955380866
9033 0.349564656497537
9034 0.349620357614208
9035 0.349676058730878
9036 0.349731759847549
9037 0.34978746096422
9038 0.349843162080891
9039 0.349898863197561
9040 0.349954564314232
9041 0.350010265430903
9042 0.350065966547573
9043 0.350121667664244
9044 0.350177368780915
9045 0.350233069897586
9046 0.350288771014256
9047 0.350344472130927
9048 0.350400173247598
9049 0.350455874364269
9050 0.350511575480939
9051 0.35056727659761
9052 0.350622977714281
9053 0.350678678830951
9054 0.350734379947622
9055 0.350790081064293
9056 0.350845782180964
9057 0.350901483297634
9058 0.350957184414305
9059 0.351012885530976
9060 0.351068586647646
9061 0.351124287764317
9062 0.351179988880988
9063 0.351235689997659
9064 0.351291391114329
9065 0.351347092231
9066 0.351402793347671
9067 0.351458494464342
9068 0.351514195581012
9069 0.351569896697683
9070 0.351625597814354
9071 0.351681298931024
9072 0.351737000047695
9073 0.351792701164366
9074 0.351848402281037
9075 0.351904103397707
9076 0.351959804514378
9077 0.352015505631049
9078 0.352071206747719
9079 0.35212690786439
9080 0.352182608981061
9081 0.352238310097732
9082 0.352294011214402
9083 0.352349712331073
9084 0.352405413447744
9085 0.352461114564414
9086 0.352516815681085
9087 0.352572516797756
9088 0.352628217914427
9089 0.352683919031097
9090 0.352739620147768
9091 0.352795321264439
9092 0.35285102238111
9093 0.35290672349778
9094 0.352962424614451
9095 0.353018125731122
9096 0.353073826847792
9097 0.353129527964463
9098 0.353185229081134
9099 0.353240930197805
9100 0.353296631314475
9101 0.353352332431146
9102 0.353408033547817
9103 0.353463734664487
9104 0.353519435781158
9105 0.353575136897829
9106 0.3536308380145
9107 0.35368653913117
9108 0.353742240247841
9109 0.353797941364512
9110 0.353853642481183
9111 0.353909343597853
9112 0.353965044714524
9113 0.354020745831195
9114 0.354076446947865
9115 0.354132148064536
9116 0.354187849181207
9117 0.354243550297878
9118 0.354299251414548
9119 0.354354952531219
9120 0.35441065364789
9121 0.35446635476456
9122 0.354522055881231
9123 0.354577756997902
9124 0.354633458114573
9125 0.354689159231243
9126 0.354744860347914
9127 0.354800561464585
9128 0.354856262581256
9129 0.354911963697926
9130 0.354967664814597
9131 0.355023365931268
9132 0.355079067047938
9133 0.355134768164609
9134 0.35519046928128
9135 0.355246170397951
9136 0.355301871514621
9137 0.355360932743815
9138 0.355419993973009
9139 0.355479055202203
9140 0.355538116431396
9141 0.35559717766059
9142 0.355656238889784
9143 0.355715300118978
9144 0.355774361348171
9145 0.355833422577365
9146 0.355892483806559
9147 0.355951545035752
9148 0.356010606264946
9149 0.35606966749414
9150 0.356128728723334
9151 0.356187789952527
9152 0.356246851181721
9153 0.356305912410915
9154 0.356364973640109
9155 0.356424034869302
9156 0.356483096098496
9157 0.35654215732769
9158 0.356601218556884
9159 0.356660279786077
9160 0.356719341015271
9161 0.356778402244465
9162 0.356837463473659
9163 0.356896524702852
9164 0.356955585932046
9165 0.35701464716124
9166 0.357073708390434
9167 0.357132769619627
9168 0.357191830848821
9169 0.357250892078015
9170 0.357309953307209
9171 0.357369014536402
9172 0.357428075765596
9173 0.35748713699479
9174 0.357546198223984
9175 0.357605259453177
9176 0.357664320682371
9177 0.357723381911565
9178 0.357782443140759
9179 0.357841504369952
9180 0.357900565599146
9181 0.35795962682834
9182 0.358018688057534
9183 0.358077749286727
9184 0.358136810515921
9185 0.358195871745115
9186 0.358254932974308
9187 0.358313994203502
9188 0.358373055432696
9189 0.35843211666189
9190 0.358491177891083
9191 0.358550239120277
9192 0.358609300349471
9193 0.358668361578665
9194 0.358727422807858
9195 0.358786484037052
9196 0.358845545266246
9197 0.35890460649544
9198 0.358963667724633
9199 0.359022728953827
9200 0.359081790183021
9201 0.359140851412215
9202 0.359199912641408
9203 0.359258973870602
9204 0.359318035099796
9205 0.35937709632899
9206 0.359436157558183
9207 0.359495218787377
9208 0.359554280016571
9209 0.359613341245765
9210 0.359672402474958
9211 0.359731463704152
9212 0.359790524933346
9213 0.35984958616254
9214 0.359908647391733
9215 0.359967708620927
9216 0.360026769850121
9217 0.360085831079315
9218 0.360144892308508
9219 0.360203953537702
9220 0.360263014766896
9221 0.36032207599609
9222 0.360381137225283
9223 0.360440198454477
9224 0.360499259683671
9225 0.360558320912864
9226 0.360617382142058
9227 0.360676443371252
9228 0.360735504600446
9229 0.360794565829639
9230 0.360853627058833
9231 0.360912688288027
9232 0.360971749517221
9233 0.361030810746414
9234 0.361089871975608
9235 0.361148933204802
9236 0.361207994433996
9237 0.361267055663189
9238 0.361326116892383
9239 0.361385178121577
9240 0.361444239350771
9241 0.361503300579964
9242 0.361562361809158
9243 0.361621423038352
9244 0.361680484267546
9245 0.361739545496739
9246 0.361798606725933
9247 0.361857667955127
9248 0.361916729184321
9249 0.361975790413514
9250 0.362034851642708
9251 0.362093912871902
9252 0.362152974101096
9253 0.362212035330289
9254 0.362271096559483
9255 0.362330157788677
9256 0.362389219017871
9257 0.362448280247064
9258 0.362507341476258
9259 0.362566402705452
9260 0.362625463934646
9261 0.362684525163839
9262 0.362743586393033
9263 0.362802647622227
9264 0.362861708851421
9265 0.362920770080614
9266 0.362979831309808
9267 0.363038892539002
9268 0.363097953768196
9269 0.363157014997389
9270 0.363216076226583
9271 0.363275137455777
9272 0.36333419868497
9273 0.363393259914164
9274 0.363452321143358
9275 0.363511382372552
9276 0.363570443601745
9277 0.363629504830939
9278 0.363688566060133
9279 0.363747627289327
9280 0.36380668851852
9281 0.363865749747714
9282 0.363924810976908
9283 0.363983872206102
9284 0.364042933435295
9285 0.364101994664489
9286 0.364161055893683
9287 0.364220117122877
9288 0.36427917835207
9289 0.364338239581264
9290 0.364397300810458
9291 0.364456362039652
9292 0.364515423268845
9293 0.364574484498039
9294 0.364633545727233
9295 0.364692606956427
9296 0.36475166818562
9297 0.364810729414814
9298 0.364869790644008
9299 0.364928851873202
9300 0.364987913102395
9301 0.365046974331589
9302 0.365106035560783
9303 0.365165096789977
9304 0.36522415801917
9305 0.365283219248364
9306 0.365342280477558
9307 0.365401341706752
9308 0.365460402935945
9309 0.365519464165139
9310 0.365578525394333
9311 0.365637586623527
9312 0.36569664785272
9313 0.365755709081914
9314 0.365814770311108
9315 0.365873831540302
9316 0.365932892769495
9317 0.365991953998689
9318 0.366051015227883
9319 0.366110076457076
9320 0.36616913768627
9321 0.366228198915464
9322 0.366287260144658
9323 0.366346321373851
9324 0.366405382603045
9325 0.366464443832239
9326 0.366523505061433
9327 0.366582566290626
9328 0.36664162751982
9329 0.366700688749014
9330 0.366759749978208
9331 0.366818811207401
9332 0.366877872436595
9333 0.366936933665789
9334 0.366995994894983
9335 0.367055056124176
9336 0.36711411735337
9337 0.367173178582564
9338 0.367232239811758
9339 0.367291301040951
9340 0.367350362270145
9341 0.367409423499339
9342 0.367468484728533
9343 0.367527545957726
9344 0.36758660718692
9345 0.367645668416114
9346 0.367704729645308
9347 0.367763790874501
9348 0.367822852103695
9349 0.367881913332889
9350 0.367940974562083
9351 0.368000035791276
9352 0.36805909702047
9353 0.368118158249664
9354 0.368177219478858
9355 0.368236280708051
9356 0.368295341937245
9357 0.368354403166439
9358 0.368413464395632
9359 0.368472525624826
9360 0.36853158685402
9361 0.368590648083214
9362 0.368649709312407
9363 0.368708770541601
9364 0.368767831770795
9365 0.368826892999989
9366 0.368885954229182
9367 0.368945015458376
9368 0.36900407668757
9369 0.369063137916764
9370 0.369122199145957
9371 0.369181260375151
9372 0.369240321604345
9373 0.369299382833539
9374 0.369358444062732
9375 0.369417505291926
9376 0.36947656652112
9377 0.369535627750314
9378 0.369594688979507
9379 0.369653750208701
9380 0.369712811437895
9381 0.369771872667089
9382 0.369830933896282
9383 0.369889995125476
9384 0.36994905635467
9385 0.370008117583864
9386 0.370067178813057
9387 0.370126240042251
9388 0.370185301271445
9389 0.370244362500639
9390 0.370303423729832
9391 0.370362484959026
9392 0.37042154618822
9393 0.370480607417414
9394 0.370539668646607
9395 0.370598729875801
9396 0.370657791104995
9397 0.370716852334188
9398 0.370775913563382
9399 0.370834974792576
9400 0.37089403602177
9401 0.370953097250963
9402 0.371012158480157
9403 0.371071219709351
9404 0.371130280938545
9405 0.371189342167738
9406 0.371248403396932
9407 0.371307464626126
9408 0.37136652585532
9409 0.371425587084513
9410 0.371484648313707
9411 0.371543709542901
9412 0.371602770772095
9413 0.371661832001288
9414 0.371720893230482
9415 0.371779954459676
9416 0.37183901568887
9417 0.371898076918063
9418 0.371957138147257
9419 0.372016199376451
9420 0.372075260605645
9421 0.372134321834838
9422 0.372193383064032
9423 0.372252444293226
9424 0.37231150552242
9425 0.372370566751613
9426 0.372429627980807
9427 0.372488689210001
9428 0.372547750439195
9429 0.372606811668388
9430 0.372665872897582
9431 0.372724934126776
9432 0.37278399535597
9433 0.372843056585163
9434 0.372902117814357
9435 0.372961179043551
9436 0.373020240272745
9437 0.373079301501938
9438 0.373138362731132
9439 0.373197423960326
9440 0.373256485189519
9441 0.373315546418713
9442 0.373374607647907
9443 0.373433668877101
9444 0.373492730106294
9445 0.373551791335488
9446 0.373610852564682
9447 0.373669913793876
9448 0.373728975023069
9449 0.373788036252263
9450 0.373847097481457
9451 0.373906158710651
9452 0.373965219939844
9453 0.374024281169038
9454 0.374083342398232
9455 0.374142403627426
9456 0.374201464856619
9457 0.374260526085813
9458 0.374319587315007
9459 0.374378648544201
9460 0.374437709773394
9461 0.374496771002588
9462 0.374555832231782
9463 0.374614893460976
9464 0.374673954690169
9465 0.374733015919363
9466 0.374792077148557
9467 0.374851138377751
9468 0.374910199606944
9469 0.374969260836138
9470 0.375028322065332
9471 0.375087383294526
9472 0.375146444523719
9473 0.375205505752913
9474 0.375264566982107
9475 0.375323628211301
9476 0.375382689440494
9477 0.375441750669688
9478 0.375500811898882
9479 0.375559873128076
9480 0.375618934357269
9481 0.375677995586463
9482 0.375737056815657
9483 0.375796118044851
9484 0.375855179274044
9485 0.375914240503238
9486 0.375973301732432
9487 0.376032362961626
9488 0.376091424190819
9489 0.376150485420013
9490 0.376209546649207
9491 0.3762686078784
9492 0.376327669107594
9493 0.376386730336788
9494 0.376445791565982
9495 0.376504852795175
9496 0.376563914024369
9497 0.376622975253563
9498 0.376682036482757
9499 0.37674109771195
9500 0.376800158941144
9501 0.376859220170338
9502 0.376918281399532
9503 0.376977342628725
9504 0.377036403857919
9505 0.377095465087113
9506 0.377154526316307
9507 0.3772135875455
9508 0.377272648774694
9509 0.377331710003888
9510 0.377390771233082
9511 0.377449832462275
9512 0.377508893691469
9513 0.377567954920663
9514 0.377627016149857
9515 0.37768607737905
9516 0.377745138608244
9517 0.377804199837438
9518 0.377863261066632
9519 0.377922322295825
9520 0.377981383525019
9521 0.378040444754213
9522 0.378099505983407
9523 0.3781585672126
9524 0.378217628441794
9525 0.378276689670988
9526 0.378335750900182
9527 0.378394812129375
9528 0.378453873358569
9529 0.378512934587763
9530 0.378571995816956
9531 0.37863105704615
9532 0.378690118275344
9533 0.378749179504538
9534 0.378808240733731
9535 0.378867301962925
9536 0.378926363192119
9537 0.378985424421313
9538 0.379044485650506
9539 0.3791035468797
9540 0.379162608108894
9541 0.379221669338088
9542 0.379280730567281
9543 0.379339791796475
9544 0.379398853025669
9545 0.379457914254863
9546 0.379516975484056
9547 0.37957603671325
9548 0.379635097942444
9549 0.379694159171638
9550 0.379753220400831
9551 0.379812281630025
9552 0.379871342859219
9553 0.379930404088413
9554 0.379989465317606
9555 0.3800485265468
9556 0.380107587775994
9557 0.380166649005188
9558 0.380225710234381
9559 0.380284771463575
9560 0.380343832692769
9561 0.380402893921963
9562 0.380461955151156
9563 0.38052101638035
9564 0.380580077609544
9565 0.380639138838738
9566 0.380698200067931
9567 0.380757261297125
9568 0.380816322526319
9569 0.380875383755512
9570 0.380934444984706
9571 0.3809935062139
9572 0.381052567443094
9573 0.381111628672287
9574 0.381170689901481
9575 0.381229751130675
9576 0.381288812359869
9577 0.381347873589062
9578 0.381406934818256
9579 0.38146599604745
9580 0.381525057276644
9581 0.381584118505837
9582 0.381643179735031
9583 0.381702240964225
9584 0.381761302193419
9585 0.381820363422612
9586 0.381879424651806
9587 0.381938485881
9588 0.381997547110194
9589 0.382056608339387
9590 0.382115669568581
9591 0.382174730797775
9592 0.382233792026969
9593 0.382292853256162
9594 0.382351914485356
9595 0.38241097571455
9596 0.382470036943744
9597 0.382529098172937
9598 0.382588159402131
9599 0.382647220631325
9600 0.382706281860519
9601 0.382765343089712
9602 0.382824404318906
9603 0.3828834655481
9604 0.382942526777294
9605 0.383001588006487
9606 0.383060649235681
9607 0.383119710464875
9608 0.383178771694069
9609 0.383237832923262
9610 0.383296894152456
9611 0.38335595538165
9612 0.383415016610844
9613 0.383474077840037
9614 0.383533139069231
9615 0.383592200298425
9616 0.383651261527618
9617 0.383710322756812
9618 0.383769383986006
9619 0.3838284452152
9620 0.383887506444393
9621 0.383946567673587
9622 0.384005628902781
9623 0.384064690131975
9624 0.384123751361168
9625 0.384182812590362
9626 0.384241873819556
9627 0.38430093504875
9628 0.384359996277943
9629 0.384419057507137
9630 0.384478118736331
9631 0.384537179965525
9632 0.384596241194718
9633 0.384655302423912
9634 0.384714363653106
9635 0.3847734248823
9636 0.384832486111493
9637 0.384891547340687
9638 0.384950608569881
9639 0.385009669799075
9640 0.385068731028268
9641 0.385127792257462
9642 0.385186853486656
9643 0.38524591471585
9644 0.385304975945043
9645 0.385364037174237
9646 0.385423098403431
9647 0.385482159632625
9648 0.385541220861818
9649 0.385600282091012
9650 0.385659343320206
9651 0.3857184045494
9652 0.385777465778593
9653 0.385836527007787
9654 0.385895588236981
9655 0.385954649466175
9656 0.386013710695368
9657 0.386072771924562
9658 0.386131833153756
9659 0.38619089438295
9660 0.386249955612143
9661 0.386309016841337
9662 0.386368078070531
9663 0.386427139299724
9664 0.386486200528918
9665 0.386545261758112
9666 0.386604322987306
9667 0.386663384216499
9668 0.386722445445693
9669 0.386781506674887
9670 0.386840567904081
9671 0.386899629133274
9672 0.386958690362468
9673 0.387017751591662
9674 0.387076812820856
9675 0.387135874050049
9676 0.387194935279243
9677 0.387253996508437
9678 0.387313057737631
9679 0.387372118966824
9680 0.387431180196018
9681 0.387490241425212
9682 0.387549302654406
9683 0.387608363883599
9684 0.387667425112793
9685 0.387726486341987
9686 0.387785547571181
9687 0.387844608800374
9688 0.387903670029568
9689 0.387962731258762
9690 0.388021792487956
9691 0.388080853717149
9692 0.388139914946343
9693 0.388198976175537
9694 0.388258037404731
9695 0.388317098633924
9696 0.388376159863118
9697 0.388435221092312
9698 0.388494282321506
9699 0.388553343550699
9700 0.388612404779893
9701 0.388671466009087
9702 0.38873052723828
9703 0.388789588467474
9704 0.388848649696668
9705 0.388907710925862
9706 0.388966772155055
9707 0.389025833384249
9708 0.389084894613443
9709 0.389143955842637
9710 0.38920301707183
9711 0.389262078301024
9712 0.389321139530218
9713 0.389380200759412
9714 0.389439261988605
9715 0.389498323217799
9716 0.389557384446993
9717 0.389616445676187
9718 0.38967550690538
9719 0.389734568134574
9720 0.389793629363768
9721 0.389852690592962
9722 0.389911751822155
9723 0.389970813051349
9724 0.390029874280543
9725 0.390088935509737
9726 0.39014799673893
9727 0.390207057968124
9728 0.390266119197318
9729 0.390325180426512
9730 0.390384241655705
9731 0.390443302884899
9732 0.390502364114093
9733 0.390561425343287
9734 0.39062048657248
9735 0.390679547801674
9736 0.390738609030868
9737 0.390797670260062
9738 0.390856731489255
9739 0.390915792718449
9740 0.390974853947643
9741 0.391033915176836
9742 0.39109297640603
9743 0.391152037635224
9744 0.391211098864418
9745 0.391270160093611
9746 0.391329221322805
9747 0.391388282551999
9748 0.391447343781193
9749 0.391506405010386
9750 0.39156546623958
9751 0.391624527468774
9752 0.391683588697968
9753 0.391742649927161
9754 0.391801711156355
9755 0.391860772385549
9756 0.391919833614743
9757 0.391978894843936
9758 0.39203795607313
9759 0.392097017302324
9760 0.392156078531518
9761 0.392215139760711
9762 0.392274200989905
9763 0.392333262219099
9764 0.392392323448293
9765 0.392451384677486
9766 0.39251044590668
9767 0.392569507135874
9768 0.392628568365068
9769 0.392687629594261
9770 0.392746690823455
9771 0.392805752052649
9772 0.392864813281843
9773 0.392923874511036
9774 0.39298293574023
9775 0.393041996969424
9776 0.393101058198618
9777 0.393160119427811
9778 0.393219180657005
9779 0.393278241886199
9780 0.393337303115393
9781 0.393396364344586
9782 0.39345542557378
9783 0.393514486802974
9784 0.393573548032167
9785 0.393632609261361
9786 0.393691670490555
9787 0.393750731719749
9788 0.393809792948942
9789 0.393868854178136
9790 0.39392791540733
9791 0.393986976636524
9792 0.394046037865717
9793 0.394105099094911
9794 0.394164160324105
9795 0.394223221553299
9796 0.394282282782492
9797 0.394341344011686
9798 0.39440040524088
9799 0.394459466470074
9800 0.394518527699267
9801 0.394577588928461
9802 0.394636650157655
9803 0.394695711386849
9804 0.394754772616042
9805 0.394813833845236
9806 0.39487289507443
9807 0.394931956303624
9808 0.394991017532817
9809 0.395050078762011
9810 0.395109139991205
9811 0.395168201220399
9812 0.395227262449592
9813 0.395286323678786
9814 0.39534538490798
9815 0.395404446137174
9816 0.395463507366367
9817 0.395522568595561
9818 0.395581629824755
9819 0.395640691053949
9820 0.395699752283142
9821 0.395758813512336
9822 0.39581787474153
9823 0.395876935970724
9824 0.395935997199917
9825 0.395995058429111
9826 0.396054119658305
9827 0.396113180887499
9828 0.396172242116692
9829 0.396231303345886
9830 0.39629036457508
9831 0.396349425804273
9832 0.396408487033467
9833 0.396467548262661
9834 0.396526609491855
9835 0.396585670721048
9836 0.396644731950242
9837 0.396703793179436
9838 0.39676285440863
9839 0.396821915637823
9840 0.396880976867017
9841 0.396940038096211
9842 0.396999099325405
9843 0.397058160554598
9844 0.397117221783792
9845 0.397176283012986
9846 0.39723534424218
9847 0.397294405471373
9848 0.397353466700567
9849 0.397412527929761
9850 0.397471589158955
9851 0.397530650388148
9852 0.397589711617342
9853 0.397648772846536
9854 0.39770783407573
9855 0.397766895304923
9856 0.397825956534117
9857 0.397885017763311
9858 0.397944078992505
9859 0.398003140221698
9860 0.398062201450892
9861 0.398121262680086
9862 0.39818032390928
9863 0.398239385138473
9864 0.398298446367667
9865 0.398357507596861
9866 0.398416568826055
9867 0.398475630055248
9868 0.398534691284442
9869 0.398593752513636
9870 0.39865281374283
9871 0.398711874972023
9872 0.398770936201217
9873 0.398829997430411
9874 0.398889058659605
9875 0.398948119888798
9876 0.399007181117992
9877 0.399066242347186
9878 0.399125303576379
9879 0.399184364805573
9880 0.399243426034767
9881 0.399302487263961
9882 0.399361548493154
9883 0.399420609722348
9884 0.399479670951542
9885 0.399538732180736
9886 0.399597793409929
9887 0.399656854639123
9888 0.399715915868317
9889 0.399774977097511
9890 0.399834038326704
9891 0.399893099555898
9892 0.399952160785092
9893 0.400011222014286
9894 0.400070283243479
9895 0.400129344472673
9896 0.400188405701867
9897 0.400247466931061
9898 0.400306528160254
9899 0.400365589389448
9900 0.400424650618642
9901 0.400483711847836
9902 0.400542773077029
9903 0.400601834306223
9904 0.400660895535417
9905 0.400719956764611
9906 0.400779017993804
9907 0.400838079222998
9908 0.400897140452192
9909 0.400956201681386
9910 0.401015262910579
9911 0.401074324139773
9912 0.401133385368967
9913 0.401192446598161
9914 0.401251507827354
9915 0.401310569056548
9916 0.401369630285742
9917 0.401428691514935
9918 0.401487752744129
9919 0.401546813973323
9920 0.401605875202517
9921 0.40166493643171
9922 0.401723997660904
9923 0.401783058890098
9924 0.401842120119292
9925 0.401901181348485
9926 0.401960242577679
9927 0.402019303806873
9928 0.402078365036067
9929 0.40213742626526
9930 0.402196487494454
9931 0.402255548723648
9932 0.402314609952842
9933 0.402373671182035
9934 0.402432732411229
9935 0.402491793640423
9936 0.402550854869617
9937 0.40260991609881
9938 0.402668977328004
9939 0.402728038557198
9940 0.402787099786392
9941 0.402846161015585
9942 0.402905222244779
9943 0.402964283473973
9944 0.403023344703167
9945 0.40308240593236
9946 0.403141467161554
9947 0.403200528390748
9948 0.403259589619942
9949 0.403318650849135
9950 0.403377712078329
9951 0.403436773307523
9952 0.403495834536717
9953 0.40355489576591
9954 0.403613956995104
9955 0.403673018224298
9956 0.403732079453491
9957 0.403791140682685
9958 0.403850201911879
9959 0.403909263141073
9960 0.403968324370266
9961 0.40402738559946
9962 0.404086446828654
9963 0.404145508057848
9964 0.404204569287041
9965 0.404263630516235
9966 0.404322691745429
9967 0.404381752974623
9968 0.404440814203816
9969 0.40449987543301
9970 0.404558936662204
9971 0.404617997891398
9972 0.404677059120591
9973 0.404736120349785
9974 0.404795181578979
9975 0.404854242808173
9976 0.404913304037366
9977 0.40497236526656
9978 0.405031426495754
9979 0.405090487724948
9980 0.405149548954141
9981 0.405208610183335
9982 0.405267671412529
9983 0.405326732641723
9984 0.405385793870916
9985 0.40544485510011
9986 0.405503916329304
9987 0.405562977558498
9988 0.405622038787691
9989 0.405681100016885
9990 0.405740161246079
9991 0.405799222475273
9992 0.405858283704466
9993 0.40591734493366
9994 0.405976406162854
9995 0.406035467392048
9996 0.406094528621241
9997 0.406153589850435
9998 0.406212651079629
9999 0.406271712308823
10000 0.406330773538016
10001 0.40638983476721
10002 0.406448895996404
10003 0.406507957225598
10004 0.406567018454791
10005 0.406626079683985
10006 0.406685140913179
10007 0.406744202142372
10008 0.406803263371566
10009 0.40686232460076
10010 0.406921385829954
10011 0.406980447059147
10012 0.407039508288341
10013 0.407098569517535
10014 0.407157630746729
10015 0.407216691975922
10016 0.407275753205116
10017 0.40733481443431
10018 0.407393875663504
10019 0.407452936892697
10020 0.407511998121891
10021 0.407571059351085
10022 0.407630120580279
10023 0.407689181809472
10024 0.407748243038666
10025 0.40780730426786
10026 0.407866365497054
10027 0.407925426726247
10028 0.407984487955441
10029 0.408043549184635
10030 0.408102610413829
10031 0.408161671643022
10032 0.408220732872216
10033 0.40827979410141
10034 0.408338855330604
10035 0.408397916559797
10036 0.408456977788991
10037 0.408516039018185
10038 0.408575100247379
10039 0.408634161476572
10040 0.408693222705766
10041 0.40875228393496
10042 0.408811345164154
10043 0.408870406393347
10044 0.408929467622541
10045 0.408988528851735
10046 0.409047590080929
10047 0.409106651310122
10048 0.409165712539316
10049 0.40922477376851
10050 0.409283834997703
10051 0.409342896226897
10052 0.409401957456091
10053 0.409461018685285
10054 0.409520079914478
10055 0.409579141143672
10056 0.409638202372866
10057 0.40969726360206
10058 0.409756324831253
10059 0.409815386060447
10060 0.409874447289641
10061 0.409933508518835
10062 0.409992569748028
10063 0.410051630977222
10064 0.410110692206416
10065 0.41016975343561
10066 0.410228814664803
10067 0.410287875893997
10068 0.410346937123191
10069 0.410405998352385
10070 0.410465059581578
10071 0.410524120810772
10072 0.410583182039966
10073 0.41064224326916
10074 0.410701304498353
10075 0.410760365727547
10076 0.410819426956741
10077 0.410878488185935
10078 0.410937549415128
10079 0.410996610644322
10080 0.411055671873516
10081 0.41111473310271
10082 0.411173794331903
10083 0.411232855561097
10084 0.411291916790291
10085 0.411350978019485
10086 0.411410039248678
10087 0.411469100477872
10088 0.411528161707066
10089 0.411587222936259
10090 0.411646284165453
10091 0.411705345394647
10092 0.411764406623841
10093 0.411823467853034
10094 0.411882529082228
10095 0.411941590311422
10096 0.412000651540616
10097 0.412059712769809
10098 0.412118773999003
10099 0.412177835228197
10100 0.412236896457391
10101 0.412295957686584
10102 0.412355018915778
10103 0.412414080144972
10104 0.412473141374166
10105 0.412532202603359
10106 0.412591263832553
10107 0.412650325061747
10108 0.412709386290941
10109 0.412768447520134
10110 0.412827508749328
10111 0.412886569978522
10112 0.412945631207716
10113 0.413004692436909
10114 0.413063753666103
10115 0.413122814895297
10116 0.413181876124491
10117 0.413240937353684
10118 0.413299998582878
10119 0.413359059812072
10120 0.413418121041266
10121 0.413477182270459
10122 0.413536243499653
10123 0.413595304728847
10124 0.413654365958041
10125 0.413713427187234
10126 0.413772488416428
10127 0.413831549645622
10128 0.413890610874815
10129 0.413949672104009
10130 0.414008733333203
10131 0.414067794562397
10132 0.41412685579159
10133 0.414185917020784
10134 0.414244978249978
10135 0.414304039479172
10136 0.414363100708365
10137 0.414422161937559
10138 0.414481223166753
10139 0.414540284395947
10140 0.41459934562514
10141 0.414658406854334
10142 0.414717468083528
10143 0.414776529312722
10144 0.414835590541915
10145 0.414894651771109
10146 0.414953713000303
10147 0.415012774229497
10148 0.41507183545869
10149 0.415130896687884
10150 0.415189957917078
10151 0.415249019146272
10152 0.415308080375465
10153 0.415367141604659
10154 0.415426202833853
10155 0.415485264063047
10156 0.41554432529224
10157 0.415603386521434
10158 0.415662447750628
10159 0.415721508979822
10160 0.415780570209015
10161 0.415839631438209
10162 0.415898692667403
10163 0.415957753896597
10164 0.41601681512579
10165 0.416075876354984
10166 0.416134937584178
10167 0.416193998813372
10168 0.416253060042565
10169 0.416312121271759
10170 0.416371182500953
10171 0.416430243730146
10172 0.41648930495934
10173 0.416548366188534
10174 0.416607427417728
10175 0.416666488646921
10176 0.416725549876115
10177 0.416784611105309
10178 0.416843672334503
10179 0.416902733563696
10180 0.41696179479289
10181 0.417020856022084
10182 0.417079917251278
10183 0.417138978480471
10184 0.417198039709665
10185 0.417257100938859
10186 0.417316162168053
10187 0.417375223397246
10188 0.41743428462644
10189 0.417493345855634
10190 0.417552407084828
10191 0.417611468314021
10192 0.417670529543215
10193 0.417729590772409
10194 0.417788652001603
10195 0.417847713230796
10196 0.41790677445999
10197 0.417965835689184
10198 0.418024896918378
10199 0.418083958147571
10200 0.418143019376765
10201 0.418202080605959
10202 0.418261141835153
10203 0.418320203064346
10204 0.41837926429354
10205 0.418438325522734
10206 0.418497386751928
10207 0.418556447981121
10208 0.418615509210315
10209 0.418674570439509
10210 0.418733631668703
10211 0.418792692897896
10212 0.41885175412709
10213 0.418910815356284
10214 0.418969876585478
10215 0.419028937814671
10216 0.419087999043865
10217 0.419147060273059
10218 0.419206121502252
10219 0.419265182731446
10220 0.41932424396064
10221 0.419383305189834
10222 0.419442366419027
10223 0.419501427648221
10224 0.419560488877415
10225 0.419619550106609
10226 0.419678611335802
10227 0.419737672564996
10228 0.41979673379419
10229 0.419855795023384
10230 0.419914856252577
10231 0.419973917481771
10232 0.420032978710965
10233 0.420092039940159
10234 0.420151101169352
10235 0.420210162398546
10236 0.42026922362774
10237 0.420328284856934
10238 0.420387346086127
10239 0.420446407315321
10240 0.420505468544515
10241 0.420564529773709
10242 0.420623591002902
10243 0.420682652232096
10244 0.42074171346129
10245 0.420800774690484
10246 0.420859835919677
10247 0.420918897148871
10248 0.420977958378065
10249 0.421037019607259
10250 0.421096080836452
10251 0.421155142065646
10252 0.42121420329484
10253 0.421273264524034
10254 0.421332325753227
10255 0.421391386982421
10256 0.421450448211615
10257 0.421509509440809
10258 0.421568570670002
10259 0.421627631899196
10260 0.42168669312839
10261 0.421745754357583
10262 0.421804815586777
10263 0.421863876815971
10264 0.421922938045165
10265 0.421981999274358
10266 0.422041060503552
10267 0.422100121732746
10268 0.42215918296194
10269 0.422218244191133
10270 0.422277305420327
10271 0.422336366649521
10272 0.422395427878715
10273 0.422454489107908
10274 0.422513550337102
10275 0.422572611566296
10276 0.42263167279549
10277 0.422690734024683
10278 0.422749795253877
10279 0.422808856483071
10280 0.422867917712265
10281 0.422926978941458
10282 0.422986040170652
10283 0.423045101399846
10284 0.42310416262904
10285 0.423163223858233
10286 0.423222285087427
10287 0.423281346316621
10288 0.423340407545815
10289 0.423399468775008
10290 0.423458530004202
10291 0.423517591233396
10292 0.42357665246259
10293 0.423635713691783
10294 0.423694774920977
10295 0.423753836150171
10296 0.423812897379365
10297 0.423871958608558
10298 0.423931019837752
10299 0.423990081066946
10300 0.424049142296139
10301 0.424108203525333
10302 0.424167264754527
10303 0.424226325983721
10304 0.424285387212914
10305 0.424344448442108
10306 0.424403509671302
10307 0.424462570900496
10308 0.424521632129689
10309 0.424580693358883
10310 0.424639754588077
10311 0.424698815817271
10312 0.424757877046464
10313 0.424816938275658
10314 0.424875999504852
10315 0.424935060734046
10316 0.424994121963239
10317 0.425053183192433
10318 0.425112244421627
10319 0.425171305650821
10320 0.425230366880014
10321 0.425289428109208
10322 0.425348489338402
10323 0.425407550567596
10324 0.425466611796789
10325 0.425525673025983
10326 0.425584734255177
10327 0.425643795484371
10328 0.425702856713564
10329 0.425761917942758
10330 0.425820979171952
10331 0.425880040401146
10332 0.425939101630339
10333 0.425998162859533
10334 0.426057224088727
10335 0.426116285317921
10336 0.426175346547114
10337 0.426234407776308
10338 0.426293469005502
10339 0.426352530234696
10340 0.426411591463889
10341 0.426470652693083
10342 0.426529713922277
10343 0.426588775151471
10344 0.426647836380664
10345 0.426706897609858
10346 0.426765958839052
10347 0.426825020068245
10348 0.426884081297439
10349 0.426943142526633
10350 0.427002203755827
10351 0.42706126498502
10352 0.427120326214214
10353 0.427179387443408
10354 0.427238448672602
10355 0.427297509901795
10356 0.427356571130989
10357 0.427415632360183
10358 0.427474693589377
10359 0.42753375481857
10360 0.427592816047764
10361 0.427651877276958
10362 0.427710938506152
10363 0.427769999735345
10364 0.427829060964539
10365 0.427888122193733
10366 0.427947183422927
10367 0.42800624465212
10368 0.428065305881314
10369 0.428124367110508
10370 0.428183428339702
10371 0.428242489568895
10372 0.428301550798089
10373 0.428360612027283
10374 0.428419673256477
10375 0.42847873448567
10376 0.428537795714864
10377 0.428596856944058
10378 0.428655918173252
10379 0.428714979402445
10380 0.428774040631639
10381 0.428833101860833
10382 0.428892163090027
10383 0.42895122431922
10384 0.429010285548414
10385 0.429069346777608
10386 0.429128408006802
10387 0.429187469235995
10388 0.429246530465189
10389 0.429305591694383
10390 0.429364652923577
10391 0.42942371415277
10392 0.429482775381964
10393 0.429541836611158
10394 0.429600897840351
10395 0.429659959069545
10396 0.429719020298739
10397 0.429778081527933
10398 0.429837142757126
10399 0.42989620398632
10400 0.429955265215514
10401 0.430014326444708
10402 0.430073387673901
10403 0.430132448903095
10404 0.430191510132289
10405 0.430250571361483
10406 0.430309632590676
10407 0.43036869381987
10408 0.430427755049064
10409 0.430486816278258
10410 0.430545877507451
10411 0.430604938736645
10412 0.430663999965839
10413 0.430723061195033
10414 0.430782122424226
10415 0.43084118365342
10416 0.430900244882614
10417 0.430959306111808
10418 0.431018367341001
10419 0.431077428570195
10420 0.431136489799389
10421 0.431195551028583
10422 0.431254612257776
10423 0.43131367348697
10424 0.431372734716164
10425 0.431431795945358
10426 0.431490857174551
10427 0.431549918403745
10428 0.431608979632939
10429 0.431668040862133
10430 0.431727102091326
10431 0.43178616332052
10432 0.431845224549714
10433 0.431904285778907
10434 0.431963347008101
10435 0.432022408237295
10436 0.432081469466489
10437 0.432140530695682
10438 0.432199591924876
10439 0.43225865315407
10440 0.432317714383264
10441 0.432376775612457
10442 0.432435836841651
10443 0.432494898070845
10444 0.432553959300039
10445 0.432613020529232
10446 0.432672081758426
10447 0.43273114298762
10448 0.432790204216814
10449 0.432849265446007
10450 0.432908326675201
10451 0.432967387904395
10452 0.433026449133589
10453 0.433085510362782
10454 0.433144571591976
10455 0.43320363282117
10456 0.433262694050364
10457 0.433321755279557
10458 0.433380816508751
10459 0.433439877737945
10460 0.433498938967139
10461 0.433558000196332
10462 0.433617061425526
10463 0.43367612265472
10464 0.433735183883914
10465 0.433794245113107
10466 0.433853306342301
10467 0.433912367571495
10468 0.433971428800689
10469 0.434030490029882
10470 0.434089551259076
10471 0.43414861248827
10472 0.434207673717463
10473 0.434266734946657
10474 0.434325796175851
10475 0.434384857405045
10476 0.434443918634238
10477 0.434502979863432
10478 0.434562041092626
10479 0.43462110232182
10480 0.434680163551013
10481 0.434739224780207
10482 0.434798286009401
10483 0.434857347238595
10484 0.434916408467788
10485 0.434975469696982
10486 0.435034530926176
10487 0.43509359215537
10488 0.435152653384563
10489 0.435211714613757
10490 0.435270775842951
10491 0.435329837072145
10492 0.435388898301338
10493 0.435447959530532
10494 0.435507020759726
10495 0.43556608198892
10496 0.435625143218113
10497 0.435684204447307
10498 0.435743265676501
10499 0.435802326905695
10500 0.435861388134888
10501 0.435920449364082
10502 0.435979510593276
10503 0.43603857182247
10504 0.436097633051663
10505 0.436156694280857
10506 0.436215755510051
10507 0.436274816739245
10508 0.436333877968438
10509 0.436392939197632
10510 0.436452000426826
10511 0.436511061656019
10512 0.436570122885213
10513 0.436629184114407
10514 0.436688245343601
10515 0.436747306572794
10516 0.436806367801988
10517 0.436865429031182
10518 0.436924490260376
10519 0.436983551489569
10520 0.437042612718763
10521 0.437101673947957
10522 0.437160735177151
10523 0.437219796406344
10524 0.437278857635538
10525 0.437337918864732
10526 0.437396980093926
10527 0.437456041323119
10528 0.437515102552313
10529 0.437574163781507
10530 0.437633225010701
10531 0.437692286239894
10532 0.437751347469088
10533 0.437810408698282
10534 0.437869469927476
10535 0.437928531156669
10536 0.437987592385863
10537 0.438046653615057
10538 0.438105714844251
10539 0.438164776073444
10540 0.438223837302638
10541 0.438282898531832
10542 0.438341959761026
10543 0.438401020990219
10544 0.438460082219413
10545 0.438519143448607
10546 0.438578204677801
10547 0.438637265906994
10548 0.438696327136188
10549 0.438755388365382
10550 0.438814449594576
10551 0.438873510823769
10552 0.438932572052963
10553 0.438991633282157
10554 0.439050694511351
10555 0.439109755740544
10556 0.439168816969738
10557 0.439227878198932
10558 0.439286939428126
10559 0.439346000657319
10560 0.439405061886513
10561 0.439464123115707
10562 0.4395231843449
10563 0.439582245574094
10564 0.439641306803288
10565 0.439700368032482
10566 0.439759429261675
10567 0.439818490490869
10568 0.439877551720063
10569 0.439936612949257
10570 0.43999567417845
10571 0.440054735407644
10572 0.440113796636838
10573 0.440172857866032
10574 0.440231919095225
10575 0.440290980324419
10576 0.440350041553613
10577 0.440409102782807
10578 0.440468164012
10579 0.440527225241194
10580 0.440586286470388
10581 0.440645347699582
10582 0.440704408928775
10583 0.440763470157969
10584 0.440822531387163
10585 0.440881592616357
10586 0.44094065384555
10587 0.440999715074744
10588 0.441058776303938
10589 0.441117837533132
10590 0.441176898762325
10591 0.441235959991519
10592 0.441295021220713
10593 0.441354082449907
10594 0.4414131436791
10595 0.441472204908294
10596 0.441531266137488
10597 0.441590327366682
10598 0.441649388595875
10599 0.441708449825069
10600 0.441767511054263
10601 0.441826572283457
10602 0.44188563351265
10603 0.441944694741844
10604 0.442003755971038
10605 0.442062817200231
10606 0.442121878429425
10607 0.442180939658619
10608 0.442240000887813
10609 0.442299062117006
10610 0.4423581233462
10611 0.442417184575394
10612 0.442476245804588
10613 0.442535307033781
10614 0.442594368262975
10615 0.442653429492169
10616 0.442712490721363
10617 0.442771551950556
10618 0.44283061317975
10619 0.442889674408944
10620 0.442948735638138
10621 0.443007796867331
10622 0.443066858096525
10623 0.443125919325719
10624 0.443184980554913
10625 0.443244041784106
10626 0.4433031030133
10627 0.443362164242494
10628 0.443421225471688
10629 0.443480286700881
10630 0.443539347930075
10631 0.443598409159269
10632 0.443657470388463
10633 0.443716531617656
10634 0.44377559284685
10635 0.443834654076044
10636 0.443893715305238
10637 0.443952776534431
10638 0.444011837763625
10639 0.444070898992819
10640 0.444129960222013
10641 0.444189021451206
10642 0.4442480826804
10643 0.444307143909594
10644 0.444366205138787
10645 0.444425266367981
10646 0.444484327597175
10647 0.444543388826369
10648 0.444602450055562
10649 0.444661511284756
10650 0.44472057251395
10651 0.444779633743144
10652 0.444838694972337
10653 0.444897756201531
10654 0.444956817430725
10655 0.445015878659919
10656 0.445074939889112
10657 0.445134001118306
10658 0.4451930623475
10659 0.445252123576694
10660 0.445311184805887
10661 0.445370246035081
10662 0.445429307264275
10663 0.445488368493469
10664 0.445547429722662
10665 0.445606490951856
10666 0.44566555218105
10667 0.445724613410244
10668 0.445783674639437
10669 0.445842735868631
10670 0.445901797097825
10671 0.445960858327019
10672 0.446019919556212
10673 0.446078980785406
10674 0.4461380420146
10675 0.446197103243794
10676 0.446256164472987
10677 0.446315225702181
10678 0.446374286931375
10679 0.446433348160569
10680 0.446492409389762
10681 0.446551470618956
10682 0.44661053184815
10683 0.446669593077344
10684 0.446728654306537
10685 0.446787715535731
10686 0.446846776764925
10687 0.446905837994119
10688 0.446964899223312
10689 0.447023960452506
10690 0.4470830216817
10691 0.447142082910893
10692 0.447201144140087
10693 0.447260205369281
10694 0.447319266598475
10695 0.447378327827668
10696 0.447437389056862
10697 0.447496450286056
10698 0.44755551151525
10699 0.447614572744443
10700 0.447673633973637
10701 0.447732695202831
10702 0.447791756432025
10703 0.447850817661218
10704 0.447909878890412
10705 0.447968940119606
10706 0.4480280013488
10707 0.448087062577993
10708 0.448146123807187
10709 0.448205185036381
10710 0.448264246265575
10711 0.448323307494768
10712 0.448382368723962
10713 0.448441429953156
10714 0.44850049118235
10715 0.448559552411543
10716 0.448618613640737
10717 0.448677674869931
10718 0.448736736099125
10719 0.448795797328318
10720 0.448854858557512
10721 0.448913919786706
10722 0.4489729810159
10723 0.449032042245093
10724 0.449091103474287
10725 0.449150164703481
10726 0.449209225932675
10727 0.449268287161868
10728 0.449327348391062
10729 0.449386409620256
10730 0.44944547084945
10731 0.449504532078643
10732 0.449563593307837
10733 0.449622654537031
10734 0.449681715766225
10735 0.449740776995418
10736 0.449799838224612
10737 0.449858899453806
10738 0.449917960682999
10739 0.449977021912193
10740 0.450036083141387
10741 0.450095144370581
10742 0.450154205599774
10743 0.450213266828968
10744 0.450272328058162
10745 0.450331389287356
10746 0.450390450516549
10747 0.450449511745743
10748 0.450508572974937
10749 0.450567634204131
10750 0.450626695433324
10751 0.450685756662518
10752 0.450744817891712
10753 0.450803879120906
10754 0.450862940350099
10755 0.450922001579293
10756 0.450981062808487
10757 0.451040124037681
10758 0.451099185266874
10759 0.451158246496068
10760 0.451217307725262
10761 0.451276368954456
10762 0.451335430183649
10763 0.451394491412843
10764 0.451453552642037
10765 0.451512613871231
10766 0.451571675100424
10767 0.451630736329618
10768 0.451689797558812
10769 0.451748858788006
10770 0.451807920017199
10771 0.451866981246393
10772 0.451926042475587
10773 0.451985103704781
10774 0.452044164933974
10775 0.452103226163168
10776 0.452162287392362
10777 0.452221348621555
10778 0.452280409850749
10779 0.452339471079943
10780 0.452398532309137
10781 0.45245759353833
10782 0.452516654767524
10783 0.452575715996718
10784 0.452634777225912
10785 0.452693838455105
10786 0.452752899684299
10787 0.452811960913493
10788 0.452871022142687
10789 0.45293008337188
10790 0.452989144601074
10791 0.453048205830268
10792 0.453107267059462
10793 0.453166328288655
10794 0.453225389517849
10795 0.453284450747043
10796 0.453343511976237
10797 0.45340257320543
10798 0.453461634434624
10799 0.453520695663818
10800 0.453579756893012
10801 0.453638818122205
10802 0.453697879351399
10803 0.453756940580593
10804 0.453816001809787
10805 0.45387506303898
10806 0.453934124268174
10807 0.453993185497368
10808 0.454052246726562
10809 0.454111307955755
10810 0.454170369184949
10811 0.454229430414143
10812 0.454288491643337
10813 0.45434755287253
10814 0.454406614101724
10815 0.454465675330918
10816 0.454524736560111
10817 0.454583797789305
10818 0.454642859018499
10819 0.454701920247693
10820 0.454760981476886
10821 0.45482004270608
10822 0.454879103935274
10823 0.454938165164468
10824 0.454997226393661
10825 0.455056287622855
10826 0.455115348852049
10827 0.455174410081243
10828 0.455233471310436
10829 0.45529253253963
10830 0.455351593768824
10831 0.455410654998018
10832 0.455469716227211
10833 0.455528777456405
10834 0.455587838685599
10835 0.455646899914793
10836 0.455705961143986
10837 0.45576502237318
10838 0.455824083602374
10839 0.455883144831568
10840 0.455942206060761
10841 0.456001267289955
10842 0.456060328519149
10843 0.456119389748343
10844 0.456178450977536
10845 0.45623751220673
10846 0.456296573435924
10847 0.456355634665118
10848 0.456414695894311
10849 0.456473757123505
10850 0.456532818352699
10851 0.456591879581893
10852 0.456650940811086
10853 0.45671000204028
10854 0.456769063269474
10855 0.456828124498667
10856 0.456887185727861
10857 0.456946246957055
10858 0.457005308186249
10859 0.457064369415442
10860 0.457123430644636
10861 0.45718249187383
10862 0.457241553103024
10863 0.457300614332217
10864 0.457359675561411
10865 0.457418736790605
10866 0.457477798019799
10867 0.457536859248992
10868 0.457595920478186
10869 0.45765498170738
10870 0.457714042936574
10871 0.457773104165767
10872 0.457832165394961
10873 0.457891226624155
10874 0.457950287853349
10875 0.458009349082542
10876 0.458068410311736
10877 0.45812747154093
10878 0.458186532770124
10879 0.458245593999317
10880 0.458304655228511
10881 0.458363716457705
10882 0.458422777686899
10883 0.458481838916092
10884 0.458540900145286
10885 0.45859996137448
10886 0.458659022603674
10887 0.458718083832867
10888 0.458777145062061
10889 0.458836206291255
10890 0.458895267520449
10891 0.458954328749642
10892 0.459013389978836
10893 0.45907245120803
10894 0.459131512437224
10895 0.459190573666417
10896 0.459249634895611
10897 0.459308696124805
10898 0.459367757353999
10899 0.459426818583192
10900 0.459485879812386
10901 0.45954494104158
10902 0.459604002270773
10903 0.459663063499967
10904 0.459722124729161
10905 0.459781185958355
10906 0.459840247187548
10907 0.459899308416742
10908 0.459958369645936
10909 0.46001743087513
10910 0.460076492104323
10911 0.460135553333517
10912 0.460194614562711
10913 0.460253675791905
10914 0.460312737021098
10915 0.460371798250292
10916 0.460430859479486
10917 0.46048992070868
10918 0.460548981937873
10919 0.460608043167067
10920 0.460667104396261
10921 0.460726165625455
10922 0.460785226854648
10923 0.460844288083842
10924 0.460903349313036
10925 0.46096241054223
10926 0.461021471771423
10927 0.461080533000617
10928 0.461139594229811
10929 0.461198655459005
10930 0.461257716688198
10931 0.461316777917392
10932 0.461375839146586
10933 0.46143490037578
10934 0.461493961604973
10935 0.461553022834167
10936 0.461612084063361
10937 0.461671145292555
10938 0.461730206521748
10939 0.461789267750942
10940 0.461848328980136
10941 0.46190739020933
10942 0.461966451438523
10943 0.462025512667717
10944 0.462084573896911
10945 0.462143635126105
10946 0.462202696355298
10947 0.462261757584492
10948 0.462320818813686
10949 0.462379880042879
10950 0.462438941272073
10951 0.462498002501267
10952 0.462557063730461
10953 0.462616124959654
10954 0.462675186188848
10955 0.462734247418042
10956 0.462793308647236
10957 0.462852369876429
10958 0.462911431105623
10959 0.462970492334817
10960 0.463029553564011
10961 0.463088614793204
10962 0.463147676022398
10963 0.463206737251592
