1 0.0491242234
2 0.0492469646
3 0.0494275205
4 0.049579092
5 0.0497537574
6 0.0499110119
7 0.0500706947
8 0.0502318757
9 0.0503940382
10 0.0505568722
11 0.0507122907
12 0.0508765994
13 0.0510343829
14 0.0511994263
15 0.051358696
16 0.0515308674
17 0.0517030388
18 0.0518752102
19 0.0520473815
20 0.0522195529
21 0.0523917243
22 0.0525638956
23 0.052736067
24 0.0529082384
25 0.0530804097
26 0.0532525811
27 0.0534247525
28 0.0535969238
29 0.0537690952
30 0.0539412666
31 0.0541134379
32 0.0542856093
33 0.0544577807
34 0.054629952
35 0.0548021234
36 0.0549742948
37 0.0551464661
38 0.0553186375
39 0.0554908089
40 0.0556629803
41 0.0558351516
42 0.056007323
43 0.0561794944
44 0.0563516657
45 0.0565238371
46 0.0566960085
47 0.0568681798
48 0.0570403512
49 0.0572125226
50 0.0573846939
51 0.0575568653
52 0.0577290367
53 0.057901208
54 0.0580733794
55 0.0582455508
56 0.0584177221
57 0.0585898935
58 0.0587620649
59 0.0589342362
60 0.0591064076
61 0.059278579
62 0.0594507504
63 0.0596229217
64 0.0597950931
65 0.0599672645
66 0.0601394358
67 0.0603116072
68 0.0604837786
69 0.0606559499
70 0.0608281213
71 0.0610002927
72 0.061172464
73 0.0613446354
74 0.0615168068
75 0.0616889781
76 0.0618611495
77 0.0620333209
78 0.0622054922
79 0.0623776636
80 0.062549835
81 0.0627220063
82 0.0628941777
83 0.0630663491
84 0.0632385205
85 0.0634106918
86 0.0635828632
87 0.0637550346
88 0.0639272059
89 0.0640993773
90 0.0642715487
91 0.06444372
92 0.0646158914
93 0.0647880628
94 0.0649602341
95 0.0651324055
96 0.0653045769
97 0.0654767482
98 0.0656489196
99 0.065821091
100 0.0659932623
101 0.0661654337
102 0.0663376051
103 0.0665097764
104 0.0666819478
105 0.0668541192
106 0.0670262905
107 0.0671984619
108 0.0673706333
109 0.0675428047
110 0.067714976
111 0.0678871474
112 0.0680593188
113 0.0682314901
114 0.0684036615
115 0.0685758329
116 0.0687480042
117 0.0689201756
118 0.069092347
119 0.0692645183
120 0.0694366897
121 0.0696088611
122 0.0697810324
123 0.0699532038
124 0.0701253752
125 0.0702975465
126 0.0704697179
127 0.0706418893
128 0.0708140606
129 0.070986232
130 0.0711584034
131 0.0713305748
132 0.0715027461
133 0.0716749175
134 0.0718470889
135 0.0720192602
136 0.0721914316
137 0.072363603
138 0.0725357743
139 0.0727079457
140 0.0728801171
141 0.0730522884
142 0.0732244598
143 0.0733966312
144 0.0735688025
145 0.0737409739
146 0.0739131453
147 0.0740853166
148 0.074257488
149 0.0744296594
150 0.0746018307
151 0.0747740021
152 0.0749461735
153 0.0751183449
154 0.0752905162
155 0.0754626876
156 0.075634859
157 0.0758070303
158 0.0759792017
159 0.0761513731
160 0.0763235444
161 0.0764957158
162 0.0766678872
163 0.0768400585
164 0.0770122299
165 0.0771844013
166 0.0773565726
167 0.077528744
168 0.0777009154
169 0.0778730867
170 0.0780452581
171 0.0782174295
172 0.0783896008
173 0.0785617722
174 0.0787339436
175 0.078906115
176 0.0790782863
177 0.0792504577
178 0.0794226291
179 0.0795948004
180 0.0797669718
181 0.0799391432
182 0.0801113145
183 0.0802834859
184 0.0804556573
185 0.0806278286
186 0.0808
187 0.0807499529
188 0.0806999058
189 0.0806498586
190 0.0805998115
191 0.0805497644
192 0.0804997173
193 0.0804496702
194 0.080399623
195 0.0803495759
196 0.0802995288
197 0.0802494817
198 0.0801994346
199 0.0801493874
200 0.0800993403
201 0.0800492932
202 0.0799992461
203 0.079949199
204 0.0798991518
205 0.0798491047
206 0.0797990576
207 0.0797490105
208 0.0796989634
209 0.0796489162
210 0.0795988691
211 0.079548822
212 0.0794987749
213 0.0794487277
214 0.0793986806
215 0.0793486335
216 0.0792985864
217 0.0792485393
218 0.0791984921
219 0.079148445
220 0.0790983979
221 0.0790483508
222 0.0789983037
223 0.0789482565
224 0.0788982094
225 0.0788481623
226 0.0787981152
227 0.0787480681
228 0.0786980209
229 0.0786479738
230 0.0785979267
231 0.0785478796
232 0.0784978325
233 0.0784477853
234 0.0783977382
235 0.0783476911
236 0.078297644
237 0.0782475969
238 0.0781975497
239 0.0781475026
240 0.0780974555
241 0.0780474084
242 0.0779973613
243 0.0779473141
244 0.077897267
245 0.0778472199
246 0.0777971728
247 0.0777471257
248 0.0776970785
249 0.0776470314
250 0.0775969843
251 0.0775469372
252 0.0774968901
253 0.0774468429
254 0.0773967958
255 0.0773467487
256 0.0772967016
257 0.0772466544
258 0.0771966073
259 0.0771465602
260 0.0770965131
261 0.077046466
262 0.0769964188
263 0.0769463717
264 0.0768963246
265 0.0768462775
266 0.0767962304
267 0.0767461832
268 0.0766961361
269 0.076646089
270 0.0765960419
271 0.0765459948
272 0.0764959476
273 0.0764459005
274 0.0763958534
275 0.0763458063
276 0.0762957592
277 0.076245712
278 0.0761956649
279 0.0761456178
280 0.0760955707
281 0.0760455236
282 0.0759954764
283 0.0759454293
284 0.0758953822
285 0.0758453351
286 0.075795288
287 0.0757452408
288 0.0756951937
289 0.0756451466
290 0.0755950995
291 0.0755450524
292 0.0754950052
293 0.0754449581
294 0.075394911
295 0.0753448639
296 0.0752948168
297 0.0752447696
298 0.0751947225
299 0.0751446754
300 0.0750946283
301 0.0750445811
302 0.074994534
303 0.0749444869
304 0.0748944398
305 0.0748443927
306 0.0747943455
307 0.0747442984
308 0.0746942513
309 0.0746442042
310 0.0745941571
311 0.0745441099
312 0.0744940628
313 0.0744440157
314 0.0743939686
315 0.0743439215
316 0.0742938743
317 0.0742438272
318 0.0741937801
319 0.074143733
320 0.0740936859
321 0.0740436387
322 0.0739935916
323 0.0739435445
324 0.0738934974
325 0.0738434503
326 0.0737934031
327 0.073743356
328 0.0736933089
329 0.0736432618
330 0.0735932147
331 0.0735431675
332 0.0734931204
333 0.0734430733
334 0.0733930262
335 0.0733429791
336 0.0732929319
337 0.0732428848
338 0.0731928377
339 0.0731427906
340 0.0730927435
341 0.0730426963
342 0.0729926492
343 0.0729426021
344 0.072892555
345 0.0728425078
346 0.0727924607
347 0.0727424136
348 0.0726923665
349 0.0726423194
350 0.0725922722
351 0.0725422251
352 0.072492178
353 0.0724421309
354 0.0723920838
355 0.0723420366
356 0.0722919895
357 0.0722419424
358 0.0721918953
359 0.0721418482
360 0.072091801
361 0.0720417539
362 0.0719917068
363 0.0719416597
364 0.0718916126
365 0.0718415654
366 0.0717915183
367 0.0717414712
368 0.0717849687
369 0.0718284662
370 0.0718719637
371 0.0719154613
372 0.0719589588
373 0.0720024563
374 0.0720459538
375 0.0720894513
376 0.0721329488
377 0.0721764464
378 0.0722199439
379 0.0722634414
380 0.0723069389
381 0.0723504364
382 0.0723939339
383 0.0724374314
384 0.072480929
385 0.0725244265
386 0.072567924
387 0.0726114215
388 0.072654919
389 0.0726984165
390 0.072741914
391 0.0727854116
392 0.0728289091
393 0.0728724066
394 0.0729159041
395 0.0729594016
396 0.0730028991
397 0.0730463967
398 0.0730898942
399 0.0731333917
400 0.0731768892
401 0.0732203867
402 0.0732638842
403 0.0733073817
404 0.0733508793
405 0.0733943768
406 0.0734378743
407 0.0734813718
408 0.0735248693
409 0.0735683668
410 0.0736118644
411 0.0736553619
412 0.0736988594
413 0.0737423569
414 0.0737858544
415 0.0738293519
416 0.0738728494
417 0.073916347
418 0.0739598445
419 0.074003342
420 0.0740468395
421 0.074090337
422 0.0741338345
423 0.074177332
424 0.0742208296
425 0.0742643271
426 0.0743078246
427 0.0743513221
428 0.0743948196
429 0.0744383171
430 0.0744818147
431 0.0745253122
432 0.0745688097
433 0.0746123072
434 0.0746558047
435 0.0746993022
436 0.0747427997
437 0.0747862973
438 0.0748297948
439 0.0748732923
440 0.0749167898
441 0.0749602873
442 0.0750037848
443 0.0750472824
444 0.0750907799
445 0.0751342774
446 0.0751777749
447 0.0752212724
448 0.0752647699
449 0.0753082674
450 0.075351765
451 0.0753952625
452 0.07543876
453 0.0754822575
454 0.075525755
455 0.0755692525
456 0.07561275
457 0.0756562476
458 0.0756997451
459 0.0757432426
460 0.0757867401
461 0.0758302376
462 0.0758737351
463 0.0759172327
464 0.0759607302
465 0.0760042277
466 0.0760477252
467 0.0760912227
468 0.0761347202
469 0.0761782177
470 0.0762217153
471 0.0762652128
472 0.0763087103
473 0.0763522078
474 0.0763957053
475 0.0764392028
476 0.0764827003
477 0.0765261979
478 0.0765696954
479 0.0766131929
480 0.0766566904
481 0.0767001879
482 0.0767436854
483 0.076787183
484 0.0768306805
485 0.076874178
486 0.0769176755
487 0.076961173
488 0.0770046705
489 0.077048168
490 0.0770916656
491 0.0771351631
492 0.0771786606
493 0.0772221581
494 0.0772656556
495 0.0773091531
496 0.0773526507
497 0.0773961482
498 0.0774396457
499 0.0774831432
500 0.0775266407
501 0.0775701382
502 0.0776136357
503 0.0776571333
504 0.0777006308
505 0.0777441283
506 0.0777876258
507 0.0778311233
508 0.0778746208
509 0.0779181183
510 0.0779616159
511 0.0780051134
512 0.0780486109
513 0.0780921084
514 0.0781356059
515 0.0781791034
516 0.078222601
517 0.0782660985
518 0.078309596
519 0.0783530935
520 0.078396591
521 0.0784400885
522 0.078483586
523 0.0785270836
524 0.0785705811
525 0.0786140786
526 0.0786575761
527 0.0787010736
528 0.0787445711
529 0.0787880687
530 0.0788315662
531 0.0788750637
532 0.0789185612
533 0.0789620587
534 0.0790055562
535 0.0790490537
536 0.0790925513
537 0.0791360488
538 0.0791795463
539 0.0792230438
540 0.0792665413
541 0.0793100388
542 0.0793535363
543 0.0793970339
544 0.0794405314
545 0.0794840289
546 0.0795275264
547 0.0795710239
548 0.0796145214
549 0.079658019
550 0.0797015165
551 0.079745014
552 0.0797885115
553 0.0796298228
554 0.0794711341
555 0.0793124454
556 0.0791537567
557 0.078995068
558 0.0788363793
559 0.0786776906
560 0.0785190019
561 0.0783603132
562 0.0782016245
563 0.0780429358
564 0.0778842471
565 0.0777255584
566 0.0775668697
567 0.077408181
568 0.0772494923
569 0.0770908036
570 0.0769321149
571 0.0767734262
572 0.0766147375
573 0.0764560488
574 0.0762973601
575 0.0761386714
576 0.0759799827
577 0.075821294
578 0.0756626053
579 0.0755039166
580 0.0753452279
581 0.0751865392
582 0.0750278505
583 0.0748691618
584 0.0747104731
585 0.0745517844
586 0.0743930957
587 0.074234407
588 0.0740757183
589 0.0739170296
590 0.0737583409
591 0.0735996522
592 0.0734409635
593 0.0732822748
594 0.0731235861
595 0.0729648974
596 0.0728062087
597 0.07264752
598 0.0724888314
599 0.0723301427
600 0.072171454
601 0.0720127653
602 0.0718540766
603 0.0716953879
604 0.0715366992
605 0.0713780105
606 0.0712193218
607 0.0710606331
608 0.0709019444
609 0.0707432557
610 0.070584567
611 0.0704258783
612 0.0702671896
613 0.0701085009
614 0.0699498122
615 0.0697911235
616 0.0696324348
617 0.0694737461
618 0.0693150574
619 0.0691563687
620 0.06899768
621 0.0688389913
622 0.0686803026
623 0.0685216139
624 0.0683629252
625 0.0682042365
626 0.0680455478
627 0.0678868591
628 0.0677281704
629 0.0675694817
630 0.067410793
631 0.0672521043
632 0.0670934156
633 0.0669347269
634 0.0667760382
635 0.0666173495
636 0.0664586608
637 0.0662999721
638 0.0661412834
639 0.0659825947
640 0.065823906
641 0.0656652173
642 0.0655065286
643 0.0653478399
644 0.0651891512
645 0.0650304625
646 0.0648717738
647 0.0647130851
648 0.0645543964
649 0.0643957077
650 0.064237019
651 0.0640783303
652 0.0639196416
653 0.0637609529
654 0.0636022642
655 0.0634435755
656 0.0632848868
657 0.0631261981
658 0.0629675094
659 0.0628088207
660 0.062650132
661 0.0624914433
662 0.0623327546
663 0.0621740659
664 0.0620153772
665 0.0618566885
666 0.0616979998
667 0.0615393111
668 0.0613806224
669 0.0612219337
670 0.061063245
671 0.0609045563
672 0.0607458676
673 0.0605871789
674 0.0604284902
675 0.0602698015
676 0.0601111128
677 0.0599524241
678 0.0597937354
679 0.0596350467
680 0.059476358
681 0.0593176693
682 0.0591589806
683 0.0590002919
684 0.0588416032
685 0.0586829145
686 0.0585242258
687 0.0583655371
688 0.0582068484
689 0.0580481597
690 0.0578894711
691 0.0577307824
692 0.0575720937
693 0.057413405
694 0.0572547163
695 0.0570960276
696 0.0569373389
697 0.0567786502
698 0.0566199615
699 0.0564612728
700 0.0563025841
701 0.0561438954
702 0.0559852067
703 0.055826518
704 0.0556678293
705 0.0555091406
706 0.0553504519
707 0.0551917632
708 0.0550330745
709 0.0548743858
710 0.0547156971
711 0.0545570084
712 0.0543983197
713 0.054239631
714 0.0540809423
715 0.0539222536
716 0.0537635649
717 0.0536048762
718 0.0534461875
719 0.0532874988
720 0.0531288101
721 0.0529701214
722 0.0528114327
723 0.052652744
724 0.0524940553
725 0.0523353666
726 0.0521766779
727 0.0520179892
728 0.0518593005
729 0.0517006118
730 0.0515419231
731 0.0513832344
732 0.0512245457
733 0.051065857
734 0.0509071683
735 0.0507484796
736 0.0505897909
737 0.0506080312
738 0.0506262715
739 0.0506445118
740 0.0506627521
741 0.0506809924
742 0.0506992327
743 0.050717473
744 0.0507357133
745 0.0507539536
746 0.0507721939
747 0.0507904342
748 0.0508086745
749 0.0508269148
750 0.0508451551
751 0.0508633954
752 0.0508816357
753 0.050899876
754 0.0509181163
755 0.0509363566
756 0.0509545969
757 0.0509728372
758 0.0509910775
759 0.0510093178
760 0.0510275581
761 0.0510457984
762 0.0510640387
763 0.051082279
764 0.0511005193
765 0.0511187596
766 0.0511369999
767 0.0511552402
768 0.0511734805
769 0.0511917208
770 0.0512099611
771 0.0512282014
772 0.0512464417
773 0.051264682
774 0.0512829223
775 0.0513011626
776 0.0513194029
777 0.0513376432
778 0.0513558835
779 0.0513741238
780 0.0513923641
781 0.0514106044
782 0.0514288447
783 0.051447085
784 0.0514653253
785 0.0514835656
786 0.0515018059
787 0.0515200462
788 0.0515382865
789 0.0515565268
790 0.0515747671
791 0.0515930074
792 0.0516112477
793 0.051629488
794 0.0516477283
795 0.0516659686
796 0.0516842089
797 0.0517024492
798 0.0517206895
799 0.0517389298
800 0.0517571701
801 0.0517754104
802 0.0517936507
803 0.051811891
804 0.0518301313
805 0.0518483716
806 0.0518666119
807 0.0518848522
808 0.0519030925
809 0.0519213328
810 0.0519395731
811 0.0519578134
812 0.0519760537
813 0.051994294
814 0.0520125343
815 0.0520307746
816 0.0520490149
817 0.0520672552
818 0.0520854955
819 0.0521037358
820 0.0521219761
821 0.0521402164
822 0.0521584567
823 0.052176697
824 0.0521949373
825 0.0522131776
826 0.0522314179
827 0.0522496582
828 0.0522678985
829 0.0522861388
830 0.0523043791
831 0.0523226194
832 0.0523408597
833 0.0523591
834 0.0523773403
835 0.0523955806
836 0.0524138209
837 0.0524320612
838 0.0524503015
839 0.0524685418
840 0.0524867821
841 0.0525050224
842 0.0525232627
843 0.052541503
844 0.0525597433
845 0.0525779836
846 0.0525962239
847 0.0526144642
848 0.0526327045
849 0.0526509448
850 0.0526691851
851 0.0526874254
852 0.0527056657
853 0.052723906
854 0.0527421463
855 0.0527603866
856 0.0527786269
857 0.0527968672
858 0.0528151075
859 0.0528333478
860 0.0528515881
861 0.0528698284
862 0.0528880687
863 0.052906309
864 0.0529245493
865 0.0529427896
866 0.0529610299
867 0.0529792702
868 0.0529975105
869 0.0530157508
870 0.0530339911
871 0.0530522314
872 0.0530704717
873 0.053088712
874 0.0531069523
875 0.0531251926
876 0.0531434329
877 0.0531616732
878 0.0531799135
879 0.0531981538
880 0.0532163941
881 0.0532346344
882 0.0532528747
883 0.053271115
884 0.0532893553
885 0.0533075956
886 0.0533258359
887 0.0533440762
888 0.0533623165
889 0.0533805568
890 0.0533987971
891 0.0534170374
892 0.0534352777
893 0.053453518
894 0.0534717583
895 0.0534899986
896 0.0535082389
897 0.0535264792
898 0.0535447195
899 0.0535629598
900 0.0535812001
901 0.0535994404
902 0.0536176807
903 0.053635921
904 0.0536541613
905 0.0536724016
906 0.0536906419
907 0.0537088822
908 0.0537271225
909 0.0537453628
910 0.0537636031
911 0.0537818434
912 0.0538000837
913 0.053818324
914 0.0538365643
915 0.0538548046
916 0.0538730449
917 0.0538912852
918 0.0539095255
919 0.0539277658
920 0.0539460061
921 0.0539642464
922 0.0539824867
923 0.054000727
924 0.0540189673
925 0.0540372076
926 0.0540554479
927 0.0540736882
928 0.0540919285
929 0.0541101688
930 0.0541284091
931 0.0541466494
932 0.0541648897
933 0.05418313
934 0.0542013703
935 0.0542196106
936 0.0542378509
937 0.0542560912
938 0.0542743315
939 0.0542925718
940 0.0543108121
941 0.0543290524
942 0.0543472927
943 0.054365533
944 0.0543837733
945 0.0544020136
946 0.0544202539
947 0.0544384942
948 0.0544567345
949 0.0544749748
950 0.0544932151
951 0.0545114554
952 0.0545296957
953 0.054547936
954 0.0545661763
955 0.0545844166
956 0.0546026569
957 0.0546208972
958 0.0546391375
959 0.0546573778
960 0.0546756181
961 0.0546938584
962 0.0547120987
963 0.054730339
964 0.0547485793
965 0.0547668196
966 0.0547850599
967 0.0548033002
968 0.0548215405
969 0.0548397808
970 0.0548580211
971 0.0548762614
972 0.0548945017
973 0.054912742
974 0.0549309823
975 0.0549492226
976 0.0549674629
977 0.0549857032
978 0.0550039435
979 0.0550221838
980 0.0550404241
981 0.0550586644
982 0.0550769047
983 0.055095145
984 0.0551133853
985 0.0551316256
986 0.0551498659
987 0.0551681062
988 0.0551863465
989 0.0552045868
990 0.0552228271
991 0.0552410674
992 0.0552593077
993 0.055277548
994 0.0552957883
995 0.0553140286
996 0.0553322689
997 0.0553505092
998 0.0553687495
999 0.0553869898
1000 0.0554052301
1001 0.0554234704
1002 0.0554417107
1003 0.055459951
1004 0.0554781913
1005 0.0554964316
1006 0.0555146719
1007 0.0555329122
1008 0.0555511525
1009 0.0555693928
1010 0.0555876331
1011 0.0556058734
1012 0.0556241137
1013 0.055642354
1014 0.0556605943
1015 0.0556788346
1016 0.0556970749
1017 0.0557153152
1018 0.0557335555
1019 0.0557517958
1020 0.0557700361
1021 0.0557882764
1022 0.0558065167
1023 0.055824757
1024 0.0558429973
1025 0.0558612376
1026 0.0558794779
1027 0.0558977182
1028 0.0559159585
1029 0.0559341988
1030 0.0559524391
1031 0.0559706794
1032 0.0559889197
1033 0.05600716
1034 0.0560254003
1035 0.0560436406
1036 0.0560618809
1037 0.0560801212
1038 0.0560983615
1039 0.0561166018
1040 0.0561348421
1041 0.0561530824
1042 0.0561713227
1043 0.056189563
1044 0.0562078033
1045 0.0562260436
1046 0.0562442839
1047 0.0562625242
1048 0.0562807645
1049 0.0562990048
1050 0.0563172451
1051 0.0563354854
1052 0.0563537257
1053 0.056371966
1054 0.0563902063
1055 0.0564084466
1056 0.0564266869
1057 0.0564449272
1058 0.0564631675
1059 0.0564814078
1060 0.0564996481
1061 0.0565178884
1062 0.0565361287
1063 0.056554369
1064 0.0565726093
1065 0.0565908496
1066 0.0566090899
1067 0.0566273302
1068 0.0566455705
1069 0.0566638108
1070 0.0566820511
1071 0.0567002914
1072 0.0567185317
1073 0.056736772
1074 0.0567550123
1075 0.0567732526
1076 0.0567914929
1077 0.0568097332
1078 0.0568279735
1079 0.0568462138
1080 0.0568644541
1081 0.0568826944
1082 0.0569009347
1083 0.056919175
1084 0.0569374153
1085 0.0569556556
1086 0.0569738959
1087 0.0569921362
1088 0.0570103765
1089 0.0570286168
1090 0.0570468571
1091 0.0570650974
1092 0.0570833377
1093 0.057101578
1094 0.0571198183
1095 0.0571380586
1096 0.0571562989
1097 0.0571745392
1098 0.0571927795
1099 0.0572110198
1100 0.0572248453
1101 0.0572386708
1102 0.0572524963
1103 0.0572663217
1104 0.0572801472
1105 0.0572939727
1106 0.0573077982
1107 0.0573216237
1108 0.0573354492
1109 0.0573492746
1110 0.0573631001
1111 0.0573769256
1112 0.0573907511
1113 0.0574045766
1114 0.0574184021
1115 0.0574322276
1116 0.057446053
1117 0.0574598785
1118 0.057473704
1119 0.0574875295
1120 0.057501355
1121 0.0575151805
1122 0.057529006
1123 0.0575428314
1124 0.0575566569
1125 0.0575704824
1126 0.0575843079
1127 0.0575981334
1128 0.0576119589
1129 0.0576257843
1130 0.0576396098
1131 0.0576534353
1132 0.0576672608
1133 0.0576810863
1134 0.0576949118
1135 0.0577087373
1136 0.0577225627
1137 0.0577363882
1138 0.0577502137
1139 0.0577640392
1140 0.0577778647
1141 0.0577916902
1142 0.0578055157
1143 0.0578193411
1144 0.0578331666
1145 0.0578469921
1146 0.0578608176
1147 0.0578746431
1148 0.0578884686
1149 0.057902294
1150 0.0579161195
1151 0.057929945
1152 0.0579437705
1153 0.057957596
1154 0.0579714215
1155 0.057985247
1156 0.0579990724
1157 0.0580128979
1158 0.0580267234
1159 0.0580405489
1160 0.0580543744
1161 0.0580681999
1162 0.0580820253
1163 0.0580958508
1164 0.0581096763
1165 0.0581235018
1166 0.0581373273
1167 0.0581511528
1168 0.0581649783
1169 0.0581788037
1170 0.0581926292
1171 0.0582064547
1172 0.0582202802
1173 0.0582341057
1174 0.0582479312
1175 0.0582617567
1176 0.0582755821
1177 0.0582894076
1178 0.0583032331
1179 0.0583170586
1180 0.0583308841
1181 0.0583447096
1182 0.058358535
1183 0.0583723605
1184 0.058386186
1185 0.0584000115
1186 0.058413837
1187 0.0584276625
1188 0.058441488
1189 0.0584553134
1190 0.0584691389
1191 0.0584829644
1192 0.0584967899
1193 0.0585106154
1194 0.0585244409
1195 0.0585382663
1196 0.0585520918
1197 0.0585659173
1198 0.0585797428
1199 0.0585935683
1200 0.0586073938
1201 0.0586212193
1202 0.0586350447
1203 0.0586488702
1204 0.0586626957
1205 0.0586765212
1206 0.0586903467
1207 0.0587041722
1208 0.0587179977
1209 0.0587318231
1210 0.0587456486
1211 0.0587594741
1212 0.0587732996
1213 0.0587871251
1214 0.0588009506
1215 0.058814776
1216 0.0588286015
1217 0.058842427
1218 0.0588562525
1219 0.058870078
1220 0.0588839035
1221 0.058897729
1222 0.0589115544
1223 0.0589253799
1224 0.0589392054
1225 0.0589530309
1226 0.0589668564
1227 0.0589806819
1228 0.0589945074
1229 0.0590083328
1230 0.0590221583
1231 0.0590359838
1232 0.0590498093
1233 0.0590636348
1234 0.0590774603
1235 0.0590912857
1236 0.0591051112
1237 0.0591189367
1238 0.0591327622
1239 0.0591465877
1240 0.0591604132
1241 0.0591742387
1242 0.0591880641
1243 0.0592018896
1244 0.0592157151
1245 0.0592295406
1246 0.0592433661
1247 0.0592571916
1248 0.059271017
1249 0.0592848425
1250 0.059298668
1251 0.0593124935
1252 0.059326319
1253 0.0593401445
1254 0.05935397
1255 0.0593677954
1256 0.0593816209
1257 0.0593954464
1258 0.0594092719
1259 0.0594230974
1260 0.0594369229
1261 0.0594507484
1262 0.0594645738
1263 0.0594783993
1264 0.0594922248
1265 0.0595060503
1266 0.0595198758
1267 0.0595337013
1268 0.0595475267
1269 0.0595613522
1270 0.0595751777
1271 0.0595890032
1272 0.0596028287
1273 0.0596166542
1274 0.0596304797
1275 0.0596443051
1276 0.0596581306
1277 0.0596719561
1278 0.0596857816
1279 0.0596996071
1280 0.0597134326
1281 0.059727258
1282 0.0597410835
1283 0.059754909
1284 0.0597687345
1285 0.05978256
1286 0.0597963855
1287 0.059810211
1288 0.0598240364
1289 0.0598378619
1290 0.0598516874
1291 0.0598655129
1292 0.0598793384
1293 0.0598931639
1294 0.0599069894
1295 0.0599208148
1296 0.0599346403
1297 0.0599484658
1298 0.0599622913
1299 0.0599761168
1300 0.0599899423
1301 0.0600037677
1302 0.0600175932
1303 0.0600314187
1304 0.0600452442
1305 0.0600590697
1306 0.0600728952
1307 0.0600867207
1308 0.0601005461
1309 0.0601143716
1310 0.0601281971
1311 0.0601420226
1312 0.0601558481
1313 0.0601696736
1314 0.0601834991
1315 0.0601973245
1316 0.06021115
1317 0.0602249755
1318 0.060238801
1319 0.0602526265
1320 0.060266452
1321 0.0602802774
1322 0.0602941029
1323 0.0603079284
1324 0.0603217539
1325 0.0603355794
1326 0.0603494049
1327 0.0603632304
1328 0.0603770558
1329 0.0603908813
1330 0.0604047068
1331 0.0604185323
1332 0.0604323578
1333 0.0604461833
1334 0.0604600087
1335 0.0604738342
1336 0.0604876597
1337 0.0605014852
1338 0.0605153107
1339 0.0605291362
1340 0.0605429617
1341 0.0605567871
1342 0.0605706126
1343 0.0605844381
1344 0.0605982636
1345 0.0606120891
1346 0.0606259146
1347 0.0606397401
1348 0.0606535655
1349 0.060667391
1350 0.0606812165
1351 0.060695042
1352 0.0607088675
1353 0.060722693
1354 0.0607365184
1355 0.0607503439
1356 0.0607641694
1357 0.0607779949
1358 0.0607918204
1359 0.0608056459
1360 0.0608194714
1361 0.0608332968
1362 0.0608471223
1363 0.0608609478
1364 0.0608747733
1365 0.0608885988
1366 0.0609024243
1367 0.0609162498
1368 0.0609300752
1369 0.0609439007
1370 0.0609577262
1371 0.0609715517
1372 0.0609853772
1373 0.0609992027
1374 0.0610130281
1375 0.0610268536
1376 0.0610406791
1377 0.0610545046
1378 0.0610683301
1379 0.0610821556
1380 0.0610959811
1381 0.0611098065
1382 0.061123632
1383 0.0611374575
1384 0.061151283
1385 0.0611651085
1386 0.061178934
1387 0.0611927594
1388 0.0612065849
1389 0.0612204104
1390 0.0612342359
1391 0.0612480614
1392 0.0612618869
1393 0.0612757124
1394 0.0612895378
1395 0.0613033633
1396 0.0613171888
1397 0.0613310143
1398 0.0613448398
1399 0.0613586653
1400 0.0613724908
1401 0.0613863162
1402 0.0614001417
1403 0.0614139672
1404 0.0614277927
1405 0.0614416182
1406 0.0614554437
1407 0.0614692691
1408 0.0614830946
1409 0.0614969201
1410 0.0615107456
1411 0.0615245711
1412 0.0615383966
1413 0.0615522221
1414 0.0615660475
1415 0.061579873
1416 0.0615936985
1417 0.061607524
1418 0.0616213495
1419 0.061635175
1420 0.0616490004
1421 0.0616628259
1422 0.0616766514
1423 0.0616904769
1424 0.0617043024
1425 0.0617181279
1426 0.0617319534
1427 0.0617457788
1428 0.0617596043
1429 0.0617734298
1430 0.0617872553
1431 0.0618010808
1432 0.0618149063
1433 0.0618287318
1434 0.0618425572
1435 0.0618563827
1436 0.0618702082
1437 0.0618840337
1438 0.0618978592
1439 0.0619116847
1440 0.0619255101
1441 0.0619393356
1442 0.0619531611
1443 0.0619669866
1444 0.0619808121
1445 0.0619946376
1446 0.0620084631
1447 0.0620222885
1448 0.062036114
1449 0.0620499395
1450 0.062063765
1451 0.0620775905
1452 0.062091416
1453 0.0621052415
1454 0.0621190669
1455 0.0621328924
1456 0.0621467179
1457 0.0621605434
1458 0.0621743689
1459 0.0621881944
1460 0.0622020198
1461 0.0622158453
1462 0.0622296708
1463 0.0622434963
1464 0.0622173638
1465 0.0621912314
1466 0.0621650989
1467 0.0621389664
1468 0.0621128339
1469 0.0620867015
1470 0.062060569
1471 0.0620344365
1472 0.0620083041
1473 0.0619821716
1474 0.0619560391
1475 0.0619299067
1476 0.0619037742
1477 0.0618776417
1478 0.0618515092
1479 0.0618253768
1480 0.0617992443
1481 0.0617731118
1482 0.0617469794
1483 0.0617208469
1484 0.0616947144
1485 0.061668582
1486 0.0616424495
1487 0.061616317
1488 0.0615901845
1489 0.0615640521
1490 0.0615379196
1491 0.0615117871
1492 0.0614856547
1493 0.0614595222
1494 0.0614333897
1495 0.0614072572
1496 0.0613811248
1497 0.0613549923
1498 0.0613288598
1499 0.0613027274
1500 0.0612765949
1501 0.0612504624
1502 0.06122433
1503 0.0611981975
1504 0.061172065
1505 0.0611459325
1506 0.0611198001
1507 0.0610936676
1508 0.0610675351
1509 0.0610414027
1510 0.0610152702
1511 0.0609891377
1512 0.0609630052
1513 0.0609368728
1514 0.0609107403
1515 0.0608846078
1516 0.0608584754
1517 0.0608323429
1518 0.0608062104
1519 0.060780078
1520 0.0607539455
1521 0.060727813
1522 0.0607016805
1523 0.0606755481
1524 0.0606494156
1525 0.0606232831
1526 0.0605971507
1527 0.0605710182
1528 0.0605448857
1529 0.0605187533
1530 0.0604926208
1531 0.0604664883
1532 0.0604403558
1533 0.0604142234
1534 0.0603880909
1535 0.0603619584
1536 0.060335826
1537 0.0603096935
1538 0.060283561
1539 0.0602574285
1540 0.0602312961
1541 0.0602051636
1542 0.0601790311
1543 0.0601528987
1544 0.0601267662
1545 0.0601006337
1546 0.0600745013
1547 0.0600483688
1548 0.0600222363
1549 0.0599961038
1550 0.0599699714
1551 0.0599438389
1552 0.0599177064
1553 0.059891574
1554 0.0598654415
1555 0.059839309
1556 0.0598131766
1557 0.0597870441
1558 0.0597609116
1559 0.0597347791
1560 0.0597086467
1561 0.0596825142
1562 0.0596563817
1563 0.0596302493
1564 0.0596041168
1565 0.0595779843
1566 0.0595518518
1567 0.0595257194
1568 0.0594995869
1569 0.0594734544
1570 0.059447322
1571 0.0594211895
1572 0.059395057
1573 0.0593689246
1574 0.0593427921
1575 0.0593166596
1576 0.0592905271
1577 0.0592643947
1578 0.0592382622
1579 0.0592121297
1580 0.0591859973
1581 0.0591598648
1582 0.0591337323
1583 0.0591075999
1584 0.0590814674
1585 0.0590553349
1586 0.0590292024
1587 0.05900307
1588 0.0589769375
1589 0.058950805
1590 0.0589246726
1591 0.0588985401
1592 0.0588724076
1593 0.0588462751
1594 0.0588201427
1595 0.0587940102
1596 0.0587678777
1597 0.0587417453
1598 0.0587156128
1599 0.0586894803
1600 0.0586633479
1601 0.0586372154
1602 0.0586110829
1603 0.0585849504
1604 0.058558818
1605 0.0585326855
1606 0.058506553
1607 0.0584804206
1608 0.0584542881
1609 0.0584281556
1610 0.0584020231
1611 0.0583758907
1612 0.0583497582
1613 0.0583236257
1614 0.0582974933
1615 0.0582713608
1616 0.0582452283
1617 0.0582190959
1618 0.0581929634
1619 0.0581668309
1620 0.0581406984
1621 0.058114566
1622 0.0580884335
1623 0.058062301
1624 0.0580361686
1625 0.0580100361
1626 0.0579839036
1627 0.0579577712
1628 0.0579316387
1629 0.0579055062
1630 0.0578793737
1631 0.0578532413
1632 0.0578271088
1633 0.0578009763
1634 0.0577748439
1635 0.0577487114
1636 0.0577225789
1637 0.0576964464
1638 0.057670314
1639 0.0576441815
1640 0.057618049
1641 0.0575919166
1642 0.0575657841
1643 0.0575396516
1644 0.0575135192
1645 0.0574873867
1646 0.0574612542
1647 0.0574351217
1648 0.0574089893
1649 0.0573828568
1650 0.0573567243
1651 0.0573305919
1652 0.0573044594
1653 0.0572783269
1654 0.0572521945
1655 0.057226062
1656 0.0571999295
1657 0.057173797
1658 0.0571476646
1659 0.0571215321
1660 0.0570953996
1661 0.0570692672
1662 0.0570431347
1663 0.0570170022
1664 0.0569908697
1665 0.0569647373
1666 0.0569386048
1667 0.0569124723
1668 0.0568863399
1669 0.0568602074
1670 0.0568340749
1671 0.0568079425
1672 0.05678181
1673 0.0567556775
1674 0.056729545
1675 0.0567034126
1676 0.0566772801
1677 0.0566511476
1678 0.0566250152
1679 0.0565988827
1680 0.0565727502
1681 0.0565466178
1682 0.0565204853
1683 0.0564943528
1684 0.0564682203
1685 0.0564420879
1686 0.0564159554
1687 0.0563898229
1688 0.0563636905
1689 0.056337558
1690 0.0563114255
1691 0.056285293
1692 0.0562591606
1693 0.0562330281
1694 0.0562068956
1695 0.0561807632
1696 0.0561546307
1697 0.0561284982
1698 0.0561023658
1699 0.0560762333
1700 0.0560501008
1701 0.0560239683
1702 0.0559978359
1703 0.0559717034
1704 0.0559455709
1705 0.0559194385
1706 0.055893306
1707 0.0558671735
1708 0.055841041
1709 0.0558149086
1710 0.0557887761
1711 0.0557626436
1712 0.0557365112
1713 0.0557103787
1714 0.0556842462
1715 0.0556581138
1716 0.0556319813
1717 0.0556058488
1718 0.0555797163
1719 0.0555535839
1720 0.0555274514
1721 0.0555013189
1722 0.0554751865
1723 0.055449054
1724 0.0554229215
1725 0.0553967891
1726 0.0553706566
1727 0.0553445241
1728 0.0553183916
1729 0.0552922592
1730 0.0552661267
1731 0.0552399942
1732 0.0552138618
1733 0.0551877293
1734 0.0551615968
1735 0.0551354643
1736 0.0551093319
1737 0.0550831994
1738 0.0550570669
1739 0.0550309345
1740 0.055004802
1741 0.0549786695
1742 0.0549525371
1743 0.0549264046
1744 0.0549002721
1745 0.0548741396
1746 0.0548480072
1747 0.0548218747
1748 0.0547957422
1749 0.0547696098
1750 0.0547434773
1751 0.0547173448
1752 0.0546912124
1753 0.0546650799
1754 0.0546389474
1755 0.0546128149
1756 0.0545866825
1757 0.05456055
1758 0.0545344175
1759 0.0545082851
1760 0.0544821526
1761 0.0544560201
1762 0.0544298876
1763 0.0544037552
1764 0.0543776227
1765 0.0543514902
1766 0.0543253578
1767 0.0542992253
1768 0.0542730928
1769 0.0542469604
1770 0.0542208279
1771 0.0541946954
1772 0.0541685629
1773 0.0541424305
1774 0.054116298
1775 0.0540901655
1776 0.0540640331
1777 0.0540379006
1778 0.0540117681
1779 0.0539856357
1780 0.0539595032
1781 0.0539333707
1782 0.0539072382
1783 0.0538811058
1784 0.0538549733
1785 0.0538288408
1786 0.0538027084
1787 0.0537765759
1788 0.0537504434
1789 0.0537243109
1790 0.0536981785
1791 0.053672046
1792 0.0536459135
1793 0.0536197811
1794 0.0535936486
1795 0.0535675161
1796 0.0535413837
1797 0.0535152512
1798 0.0534891187
1799 0.0534629862
1800 0.0534368538
1801 0.0534107213
1802 0.0533845888
1803 0.0533584564
1804 0.0533323239
1805 0.0533061914
1806 0.0532800589
1807 0.0532539265
1808 0.053227794
1809 0.0532016615
1810 0.0531755291
1811 0.0531493966
1812 0.0531232641
1813 0.0530971317
1814 0.0530709992
1815 0.0530448667
1816 0.0530187342
1817 0.0529926018
1818 0.0529664693
1819 0.0529403368
1820 0.0529142044
1821 0.0528880719
1822 0.0528619394
1823 0.052835807
1824 0.0528096745
1825 0.052783542
1826 0.0527574095
1827 0.0527312771
1828 0.0527051446
1829 0.052692769
1830 0.0526803934
1831 0.0526680178
1832 0.0526556422
1833 0.0526432666
1834 0.052630891
1835 0.0526185154
1836 0.0526061398
1837 0.0525937642
1838 0.0525813886
1839 0.0525690129
1840 0.0525566373
1841 0.0525442617
1842 0.0525318861
1843 0.0525195105
1844 0.0525071349
1845 0.0524947593
1846 0.0524823837
1847 0.0524700081
1848 0.0524576325
1849 0.0524452569
1850 0.0524328813
1851 0.0524205057
1852 0.0524081301
1853 0.0523957545
1854 0.0523833789
1855 0.0523710033
1856 0.0523586277
1857 0.0523462521
1858 0.0523338765
1859 0.0523215009
1860 0.0523091253
1861 0.0522967496
1862 0.052284374
1863 0.0522719984
1864 0.0522596228
1865 0.0522472472
1866 0.0522348716
1867 0.052222496
1868 0.0522101204
1869 0.0521977448
1870 0.0521853692
1871 0.0521729936
1872 0.052160618
1873 0.0521482424
1874 0.0521358668
1875 0.0521234912
1876 0.0521111156
1877 0.05209874
1878 0.0520863644
1879 0.0520739888
1880 0.0520616132
1881 0.0520492376
1882 0.0520368619
1883 0.0520244863
1884 0.0520121107
1885 0.0519997351
1886 0.0519873595
1887 0.0519749839
1888 0.0519626083
1889 0.0519502327
1890 0.0519378571
1891 0.0519254815
1892 0.0519131059
1893 0.0519007303
1894 0.0518883547
1895 0.0518759791
1896 0.0518636035
1897 0.0518512279
1898 0.0518388523
1899 0.0518264767
1900 0.0518141011
1901 0.0518017255
1902 0.0517893499
1903 0.0517769743
1904 0.0517645986
1905 0.051752223
1906 0.0517398474
1907 0.0517274718
1908 0.0517150962
1909 0.0517027206
1910 0.051690345
1911 0.0516779694
1912 0.0516655938
1913 0.0516532182
1914 0.0516408426
1915 0.051628467
1916 0.0516160914
1917 0.0516037158
1918 0.0515913402
1919 0.0515789646
1920 0.051566589
1921 0.0515542134
1922 0.0515418378
1923 0.0515294622
1924 0.0515170866
1925 0.0515047109
1926 0.0514923353
1927 0.0514799597
1928 0.0514675841
1929 0.0514552085
1930 0.0514428329
1931 0.0514304573
1932 0.0514180817
1933 0.0514057061
1934 0.0513933305
1935 0.0513809549
1936 0.0513685793
1937 0.0513562037
1938 0.0513438281
1939 0.0513314525
1940 0.0513190769
1941 0.0513067013
1942 0.0512943257
1943 0.0512819501
1944 0.0512695745
1945 0.0512571989
1946 0.0512448233
1947 0.0512324476
1948 0.051220072
1949 0.0512076964
1950 0.0511953208
1951 0.0511829452
1952 0.0511705696
1953 0.051158194
1954 0.0511458184
1955 0.0511334428
1956 0.0511210672
1957 0.0511086916
1958 0.051096316
1959 0.0510839404
1960 0.0510715648
1961 0.0510591892
1962 0.0510468136
1963 0.051034438
1964 0.0510220624
1965 0.0510096868
1966 0.0509973112
1967 0.0509849356
1968 0.0509725599
1969 0.0509601843
1970 0.0509478087
1971 0.0509354331
1972 0.0509230575
1973 0.0509106819
1974 0.0508983063
1975 0.0508859307
1976 0.0508735551
1977 0.0508611795
1978 0.0508488039
1979 0.0508364283
1980 0.0508240527
1981 0.0508116771
1982 0.0507993015
1983 0.0507869259
1984 0.0507745503
1985 0.0507621747
1986 0.0507497991
1987 0.0507374235
1988 0.0507250479
1989 0.0507126723
1990 0.0507002966
1991 0.050687921
1992 0.0506755454
1993 0.0506631698
1994 0.0506507942
1995 0.0506384186
1996 0.050626043
1997 0.0506136674
1998 0.0506012918
1999 0.0505889162
2000 0.0505765406
2001 0.050564165
2002 0.0505517894
2003 0.0505394138
2004 0.0505270382
2005 0.0505146626
2006 0.050502287
2007 0.0504899114
2008 0.0504775358
2009 0.0504651602
2010 0.0504527846
2011 0.050440409
2012 0.0504280333
2013 0.0504156577
2014 0.0504032821
2015 0.0503909065
2016 0.0503785309
2017 0.0503661553
2018 0.0503537797
2019 0.0503414041
2020 0.0503290285
2021 0.0503166529
2022 0.0503042773
2023 0.0502919017
2024 0.0502795261
2025 0.0502671505
2026 0.0502547749
2027 0.0502423993
2028 0.0502300237
2029 0.0502176481
2030 0.0502052725
2031 0.0501928969
2032 0.0501805213
2033 0.0501681456
2034 0.05015577
2035 0.0501433944
2036 0.0501310188
2037 0.0501186432
2038 0.0501062676
2039 0.050093892
2040 0.0500815164
2041 0.0500691408
2042 0.0500567652
2043 0.0500443896
2044 0.050032014
2045 0.0500196384
2046 0.0500072628
2047 0.0499948872
2048 0.0499825116
2049 0.049970136
2050 0.0499577604
2051 0.0499453848
2052 0.0499330092
2053 0.0499206336
2054 0.049908258
2055 0.0498958823
2056 0.0498835067
2057 0.0498711311
2058 0.0498587555
2059 0.0498463799
2060 0.0498340043
2061 0.0498216287
2062 0.0498092531
2063 0.0497968775
2064 0.0497845019
2065 0.0497721263
2066 0.0497597507
2067 0.0497473751
2068 0.0497349995
2069 0.0497226239
2070 0.0497102483
2071 0.0496978727
2072 0.0496854971
2073 0.0496731215
2074 0.0496607459
2075 0.0496483703
2076 0.0496359946
2077 0.049623619
2078 0.0496112434
2079 0.0495988678
2080 0.0495864922
2081 0.0495741166
2082 0.049561741
2083 0.0495493654
2084 0.0495369898
2085 0.0495246142
2086 0.0495122386
2087 0.049499863
2088 0.0494874874
2089 0.0494751118
2090 0.0494627362
2091 0.0494503606
2092 0.049437985
2093 0.0494256094
2094 0.0494132338
2095 0.0494008582
2096 0.0493884826
2097 0.049376107
2098 0.0493637313
2099 0.0493513557
2100 0.0493389801
2101 0.0493266045
2102 0.0493142289
2103 0.0493018533
2104 0.0492894777
2105 0.0492771021
2106 0.0492647265
2107 0.0492523509
2108 0.0492399753
2109 0.0492275997
2110 0.0492152241
2111 0.0492028485
2112 0.0491904729
2113 0.0491780973
2114 0.0491657217
2115 0.0491533461
2116 0.0491409705
2117 0.0491285949
2118 0.0491162193
2119 0.0491038436
2120 0.049091468
2121 0.0490790924
2122 0.0490667168
2123 0.0490543412
2124 0.0490419656
2125 0.04902959
2126 0.0490172144
2127 0.0490048388
2128 0.0489924632
2129 0.0489800876
2130 0.048967712
2131 0.0489553364
2132 0.0489429608
2133 0.0489305852
2134 0.0489182096
2135 0.048905834
2136 0.0488934584
2137 0.0488810828
2138 0.0488687072
2139 0.0488563316
2140 0.048843956
2141 0.0488315803
2142 0.0488192047
2143 0.0488068291
2144 0.0487944535
2145 0.0487820779
2146 0.0487697023
2147 0.0487573267
2148 0.0487449511
2149 0.0487325755
2150 0.0487201999
2151 0.0487078243
2152 0.0486954487
2153 0.0486830731
2154 0.0486706975
2155 0.0486583219
2156 0.0486459463
2157 0.0486335707
2158 0.0486211951
2159 0.0486088195
2160 0.0485964439
2161 0.0485840683
2162 0.0485716926
2163 0.048559317
2164 0.0485469414
2165 0.0485345658
2166 0.0485221902
2167 0.0485098146
2168 0.048497439
2169 0.0484850634
2170 0.0484726878
2171 0.0484603122
2172 0.0484479366
2173 0.048435561
2174 0.0484231854
2175 0.0484108098
2176 0.0483984342
2177 0.0483860586
2178 0.048373683
2179 0.0483613074
2180 0.0483489318
2181 0.0483365562
2182 0.0483241806
2183 0.048311805
2184 0.0482994293
2185 0.0482870537
2186 0.0482746781
2187 0.0482623025
2188 0.0482499269
2189 0.0482375513
2190 0.0482251757
2191 0.0482128001
2192 0.0482004245
2193 0.0481880489
2194 0.0481756733
2195 0.0481886903
2196 0.0482017073
2197 0.0482147244
2198 0.0482277414
2199 0.0482407584
2200 0.0482537754
2201 0.0482667925
2202 0.0482798095
2203 0.0482928265
2204 0.0483058435
2205 0.0483188606
2206 0.0483318776
2207 0.0483448946
2208 0.0483579116
2209 0.0483709287
2210 0.0483839457
2211 0.0483969627
2212 0.0484099797
2213 0.0484229968
2214 0.0484360138
2215 0.0484490308
2216 0.0484620478
2217 0.0484750648
2218 0.0484880819
2219 0.0485010989
2220 0.0485141159
2221 0.0485271329
2222 0.04854015
2223 0.048553167
2224 0.048566184
2225 0.048579201
2226 0.0485922181
2227 0.0486052351
2228 0.0486182521
2229 0.0486312691
2230 0.0486442862
2231 0.0486573032
2232 0.0486703202
2233 0.0486833372
2234 0.0486963543
2235 0.0487093713
2236 0.0487223883
2237 0.0487354053
2238 0.0487484224
2239 0.0487614394
2240 0.0487744564
2241 0.0487874734
2242 0.0488004904
2243 0.0488135075
2244 0.0488265245
2245 0.0488395415
2246 0.0488525585
2247 0.0488655756
2248 0.0488785926
2249 0.0488916096
2250 0.0489046266
2251 0.0489176437
2252 0.0489306607
2253 0.0489436777
2254 0.0489566947
2255 0.0489697118
2256 0.0489827288
2257 0.0489957458
2258 0.0490087628
2259 0.0490217799
2260 0.0490347969
2261 0.0490478139
2262 0.0490608309
2263 0.0490738479
2264 0.049086865
2265 0.049099882
2266 0.049112899
2267 0.049125916
2268 0.0491389331
2269 0.0491519501
2270 0.0491649671
2271 0.0491779841
2272 0.0491910012
2273 0.0492040182
2274 0.0492170352
2275 0.0492300522
2276 0.0492430693
2277 0.0492560863
2278 0.0492691033
2279 0.0492821203
2280 0.0492951374
2281 0.0493081544
2282 0.0493211714
2283 0.0493341884
2284 0.0493472055
2285 0.0493602225
2286 0.0493732395
2287 0.0493862565
2288 0.0493992735
2289 0.0494122906
2290 0.0494253076
2291 0.0494383246
2292 0.0494513416
2293 0.0494643587
2294 0.0494773757
2295 0.0494903927
2296 0.0495034097
2297 0.0495164268
2298 0.0495294438
2299 0.0495424608
2300 0.0495554778
2301 0.0495684949
2302 0.0495815119
2303 0.0495945289
2304 0.0496075459
2305 0.049620563
2306 0.04963358
2307 0.049646597
2308 0.049659614
2309 0.049672631
2310 0.0496856481
2311 0.0496986651
2312 0.0497116821
2313 0.0497246991
2314 0.0497377162
2315 0.0497507332
2316 0.0497637502
2317 0.0497767672
2318 0.0497897843
2319 0.0498028013
2320 0.0498158183
2321 0.0498288353
2322 0.0498418524
2323 0.0498548694
2324 0.0498678864
2325 0.0498809034
2326 0.0498939205
2327 0.0499069375
2328 0.0499199545
2329 0.0499329715
2330 0.0499459886
2331 0.0499590056
2332 0.0499720226
2333 0.0499850396
2334 0.0499980566
2335 0.0500110737
2336 0.0500240907
2337 0.0500371077
2338 0.0500501247
2339 0.0500631418
2340 0.0500761588
2341 0.0500891758
2342 0.0501021928
2343 0.0501152099
2344 0.0501282269
2345 0.0501412439
2346 0.0501542609
2347 0.050167278
2348 0.050180295
2349 0.050193312
2350 0.050206329
2351 0.0502193461
2352 0.0502323631
2353 0.0502453801
2354 0.0502583971
2355 0.0502714141
2356 0.0502844312
2357 0.0502974482
2358 0.0503104652
2359 0.0503234822
2360 0.0503364993
2361 0.0503495163
2362 0.0503625333
2363 0.0503755503
2364 0.0503885674
2365 0.0504015844
2366 0.0504146014
2367 0.0504276184
2368 0.0504406355
2369 0.0504536525
2370 0.0504666695
2371 0.0504796865
2372 0.0504927036
2373 0.0505057206
2374 0.0505187376
2375 0.0505317546
2376 0.0505447717
2377 0.0505577887
2378 0.0505708057
2379 0.0505838227
2380 0.0505968397
2381 0.0506098568
2382 0.0506228738
2383 0.0506358908
2384 0.0506489078
2385 0.0506619249
2386 0.0506749419
2387 0.0506879589
2388 0.0507009759
2389 0.050713993
2390 0.05072701
2391 0.050740027
2392 0.050753044
2393 0.0507660611
2394 0.0507790781
2395 0.0507920951
2396 0.0508051121
2397 0.0508181292
2398 0.0508311462
2399 0.0508441632
2400 0.0508571802
2401 0.0508701972
2402 0.0508832143
2403 0.0508962313
2404 0.0509092483
2405 0.0509222653
2406 0.0509352824
2407 0.0509482994
2408 0.0509613164
2409 0.0509743334
2410 0.0509873505
2411 0.0510003675
2412 0.0510133845
2413 0.0510264015
2414 0.0510394186
2415 0.0510524356
2416 0.0510654526
2417 0.0510784696
2418 0.0510914867
2419 0.0511045037
2420 0.0511175207
2421 0.0511305377
2422 0.0511435548
2423 0.0511565718
2424 0.0511695888
2425 0.0511826058
2426 0.0511956228
2427 0.0512086399
2428 0.0512216569
2429 0.0512346739
2430 0.0512476909
2431 0.051260708
2432 0.051273725
2433 0.051286742
2434 0.051299759
2435 0.0513127761
2436 0.0513257931
2437 0.0513388101
2438 0.0513518271
2439 0.0513648442
2440 0.0513778612
2441 0.0513908782
2442 0.0514038952
2443 0.0514169123
2444 0.0514299293
2445 0.0514429463
2446 0.0514559633
2447 0.0514689803
2448 0.0514819974
2449 0.0514950144
2450 0.0515080314
2451 0.0515210484
2452 0.0515340655
2453 0.0515470825
2454 0.0515600995
2455 0.0515731165
2456 0.0515861336
2457 0.0515991506
2458 0.0516121676
2459 0.0516251846
2460 0.0516382017
2461 0.0516512187
2462 0.0516642357
2463 0.0516772527
2464 0.0516902698
2465 0.0517032868
2466 0.0517163038
2467 0.0517293208
2468 0.0517423379
2469 0.0517553549
2470 0.0517683719
2471 0.0517813889
2472 0.0517944059
2473 0.051807423
2474 0.05182044
2475 0.051833457
2476 0.051846474
2477 0.0518594911
2478 0.0518725081
2479 0.0518855251
2480 0.0518985421
2481 0.0519115592
2482 0.0519245762
2483 0.0519375932
2484 0.0519506102
2485 0.0519636273
2486 0.0519766443
2487 0.0519896613
2488 0.0520026783
2489 0.0520156954
2490 0.0520287124
2491 0.0520417294
2492 0.0520547464
2493 0.0520677634
2494 0.0520807805
2495 0.0520937975
2496 0.0521068145
2497 0.0521198315
2498 0.0521328486
2499 0.0521458656
2500 0.0521588826
2501 0.0521718996
2502 0.0521849167
2503 0.0521979337
2504 0.0522109507
2505 0.0522239677
2506 0.0522369848
2507 0.0522500018
2508 0.0522630188
2509 0.0522760358
2510 0.0522890529
2511 0.0523020699
2512 0.0523150869
2513 0.0523281039
2514 0.052341121
2515 0.052354138
2516 0.052367155
2517 0.052380172
2518 0.052393189
2519 0.0524062061
2520 0.0524192231
2521 0.0524322401
2522 0.0524452571
2523 0.0524582742
2524 0.0524712912
2525 0.0524843082
2526 0.0524973252
2527 0.0525103423
2528 0.0525233593
2529 0.0525363763
2530 0.0525493933
2531 0.0525624104
2532 0.0525754274
2533 0.0525884444
2534 0.0526014614
2535 0.0526144785
2536 0.0526274955
2537 0.0526405125
2538 0.0526535295
2539 0.0526665465
2540 0.0526795636
2541 0.0526925806
2542 0.0527055976
2543 0.0527186146
2544 0.0527316317
2545 0.0527446487
2546 0.0527576657
2547 0.0527706827
2548 0.0527836998
2549 0.0527967168
2550 0.0528097338
2551 0.0528227508
2552 0.0528357679
2553 0.0528487849
2554 0.0528618019
2555 0.0528748189
2556 0.052887836
2557 0.052900853
2558 0.05291387
2559 0.052926887
2560 0.0529399041
2561 0.0529529211
2562 0.0529659381
2563 0.0529447315
2564 0.0529235248
2565 0.0529023182
2566 0.0528811116
2567 0.0528599049
2568 0.0528386983
2569 0.0528174917
2570 0.052796285
2571 0.0527750784
2572 0.0527538717
2573 0.0527326651
2574 0.0527114585
2575 0.0526902518
2576 0.0526690452
2577 0.0526478386
2578 0.0526266319
2579 0.0526054253
2580 0.0525842187
2581 0.052563012
2582 0.0525418054
2583 0.0525205988
2584 0.0524993921
2585 0.0524781855
2586 0.0524569789
2587 0.0524357722
2588 0.0524145656
2589 0.0523933589
2590 0.0523721523
2591 0.0523509457
2592 0.052329739
2593 0.0523085324
2594 0.0522873258
2595 0.0522661191
2596 0.0522449125
2597 0.0522237059
2598 0.0522024992
2599 0.0521812926
2600 0.052160086
2601 0.0521388793
2602 0.0521176727
2603 0.0520964661
2604 0.0520752594
2605 0.0520540528
2606 0.0520328461
2607 0.0520116395
2608 0.0519904329
2609 0.0519692262
2610 0.0519480196
2611 0.051926813
2612 0.0519056063
2613 0.0518843997
2614 0.0518631931
2615 0.0518419864
2616 0.0518207798
2617 0.0517995732
2618 0.0517783665
2619 0.0517571599
2620 0.0517359533
2621 0.0517147466
2622 0.05169354
2623 0.0516723333
2624 0.0516511267
2625 0.0516299201
2626 0.0516087134
2627 0.0515875068
2628 0.0515663002
2629 0.0515450935
2630 0.0515238869
2631 0.0515026803
2632 0.0514814736
2633 0.051460267
2634 0.0514390604
2635 0.0514178537
2636 0.0513966471
2637 0.0513754404
2638 0.0513542338
2639 0.0513330272
2640 0.0513118205
2641 0.0512906139
2642 0.0512694073
2643 0.0512482006
2644 0.051226994
2645 0.0512057874
2646 0.0511845807
2647 0.0511633741
2648 0.0511421675
2649 0.0511209608
2650 0.0510997542
2651 0.0510785476
2652 0.0510573409
2653 0.0510361343
2654 0.0510149276
2655 0.050993721
2656 0.0509725144
2657 0.0509513077
2658 0.0509301011
2659 0.0509088945
2660 0.0508876878
2661 0.0508664812
2662 0.0508452746
2663 0.0508240679
2664 0.0508028613
2665 0.0507816547
2666 0.050760448
2667 0.0507392414
2668 0.0507180348
2669 0.0506968281
2670 0.0506756215
2671 0.0506544148
2672 0.0506332082
2673 0.0506120016
2674 0.0505907949
2675 0.0505695883
2676 0.0505483817
2677 0.050527175
2678 0.0505059684
2679 0.0504847618
2680 0.0504635551
2681 0.0504423485
2682 0.0504211419
2683 0.0503999352
2684 0.0503787286
2685 0.050357522
2686 0.0503363153
2687 0.0503151087
2688 0.050293902
2689 0.0502726954
2690 0.0502514888
2691 0.0502302821
2692 0.0502090755
2693 0.0501878689
2694 0.0501666622
2695 0.0501454556
2696 0.050124249
2697 0.0501030423
2698 0.0500818357
2699 0.0500606291
2700 0.0500394224
2701 0.0500182158
2702 0.0499970092
2703 0.0499758025
2704 0.0499545959
2705 0.0499333892
2706 0.0499121826
2707 0.049890976
2708 0.0498697693
2709 0.0498485627
2710 0.0498273561
2711 0.0498061494
2712 0.0497849428
2713 0.0497637362
2714 0.0497425295
2715 0.0497213229
2716 0.0497001163
2717 0.0496789096
2718 0.049657703
2719 0.0496364964
2720 0.0496152897
2721 0.0495940831
2722 0.0495728764
2723 0.0495516698
2724 0.0495304632
2725 0.0495092565
2726 0.0494880499
2727 0.0494668433
2728 0.0494456366
2729 0.04942443
2730 0.0494032234
2731 0.0493820167
2732 0.0493608101
2733 0.0493396035
2734 0.0493183968
2735 0.0492971902
2736 0.0492759836
2737 0.0492547769
2738 0.0492335703
2739 0.0492123636
2740 0.049191157
2741 0.0491699504
2742 0.0491487437
2743 0.0491275371
2744 0.0491063305
2745 0.0490851238
2746 0.0490639172
2747 0.0490427106
2748 0.0490215039
2749 0.0490002973
2750 0.0489790907
2751 0.048957884
2752 0.0489366774
2753 0.0489154707
2754 0.0488942641
2755 0.0488730575
2756 0.0488518508
2757 0.0488306442
2758 0.0488094376
2759 0.0487882309
2760 0.0487670243
2761 0.0487458177
2762 0.048724611
2763 0.0487034044
2764 0.0486821978
2765 0.0486609911
2766 0.0486397845
2767 0.0486185779
2768 0.0485973712
2769 0.0485761646
2770 0.0485549579
2771 0.0485337513
2772 0.0485125447
2773 0.048491338
2774 0.0484701314
2775 0.0484489248
2776 0.0484277181
2777 0.0484065115
2778 0.0483853049
2779 0.0483640982
2780 0.0483428916
2781 0.048321685
2782 0.0483004783
2783 0.0482792717
2784 0.0482580651
2785 0.0482368584
2786 0.0482156518
2787 0.0481944451
2788 0.0481732385
2789 0.0481520319
2790 0.0481308252
2791 0.0481096186
2792 0.048088412
2793 0.0480672053
2794 0.0480459987
2795 0.0480247921
2796 0.0480035854
2797 0.0479823788
2798 0.0479611722
2799 0.0479399655
2800 0.0479187589
2801 0.0478975523
2802 0.0478763456
2803 0.047855139
2804 0.0478339323
2805 0.0478127257
2806 0.0477915191
2807 0.0477703124
2808 0.0477491058
2809 0.0477278992
2810 0.0477066925
2811 0.0476854859
2812 0.0476642793
2813 0.0476430726
2814 0.047621866
2815 0.0476006594
2816 0.0475794527
2817 0.0475582461
2818 0.0475370395
2819 0.0475158328
2820 0.0474946262
2821 0.0474734195
2822 0.0474522129
2823 0.0474310063
2824 0.0474097996
2825 0.047388593
2826 0.0473673864
2827 0.0473461797
2828 0.0473249731
2829 0.0473037665
2830 0.0472825598
2831 0.0472613532
2832 0.0472401466
2833 0.0472189399
2834 0.0471977333
2835 0.0471765267
2836 0.04715532
2837 0.0471341134
2838 0.0471129067
2839 0.0470917001
2840 0.0470704935
2841 0.0470492868
2842 0.0470280802
2843 0.0470068736
2844 0.0469856669
2845 0.0469644603
2846 0.0469432537
2847 0.046922047
2848 0.0469008404
2849 0.0468796338
2850 0.0468584271
2851 0.0468372205
2852 0.0468160139
2853 0.0467948072
2854 0.0467736006
2855 0.0467523939
2856 0.0467311873
2857 0.0467099807
2858 0.046688774
2859 0.0466675674
2860 0.0466463608
2861 0.0466251541
2862 0.0466039475
2863 0.0465827409
2864 0.0465615342
2865 0.0465403276
2866 0.046519121
2867 0.0464979143
2868 0.0464767077
2869 0.046455501
2870 0.0464342944
2871 0.0464130878
2872 0.0463918811
2873 0.0463706745
2874 0.0463494679
2875 0.0463282612
2876 0.0463070546
2877 0.046285848
2878 0.0462646413
2879 0.0462434347
2880 0.0462222281
2881 0.0462010214
2882 0.0461798148
2883 0.0461586082
2884 0.0461374015
2885 0.0461161949
2886 0.0460949882
2887 0.0460737816
2888 0.046052575
2889 0.0460313683
2890 0.0460101617
2891 0.0459889551
2892 0.0459677484
2893 0.0459465418
2894 0.0459253352
2895 0.0459041285
2896 0.0458829219
2897 0.0458617153
2898 0.0458405086
2899 0.045819302
2900 0.0457980954
2901 0.0457768887
2902 0.0457556821
2903 0.0457344754
2904 0.0457132688
2905 0.0456920622
2906 0.0456708555
2907 0.0456496489
2908 0.0456284423
2909 0.0456072356
2910 0.045586029
2911 0.0455648224
2912 0.0455436157
2913 0.0455224091
2914 0.0455012025
2915 0.0454799958
2916 0.0454587892
2917 0.0454375826
2918 0.0454163759
2919 0.0453951693
2920 0.0453739626
2921 0.045352756
2922 0.0453315494
2923 0.0453103427
2924 0.0452891361
2925 0.0452679295
2926 0.0452467228
2927 0.0452255162
2928 0.0452342694
2929 0.0452430225
2930 0.0452517757
2931 0.0452605289
2932 0.045269282
2933 0.0452780352
2934 0.0452867884
2935 0.0452955415
2936 0.0453042947
2937 0.0453130478
2938 0.045321801
2939 0.0453305542
2940 0.0453393073
2941 0.0453480605
2942 0.0453568137
2943 0.0453655668
2944 0.04537432
2945 0.0453830732
2946 0.0453918263
2947 0.0454005795
2948 0.0454093327
2949 0.0454180858
2950 0.045426839
2951 0.0454355921
2952 0.0454443453
2953 0.0454530985
2954 0.0454618516
2955 0.0454706048
2956 0.045479358
2957 0.0454881111
2958 0.0454968643
2959 0.0455056175
2960 0.0455143706
2961 0.0455231238
2962 0.045531877
2963 0.0455406301
2964 0.0455493833
2965 0.0455581364
2966 0.0455668896
2967 0.0455756428
2968 0.0455843959
2969 0.0455931491
2970 0.0456019023
2971 0.0456106554
2972 0.0456194086
2973 0.0456281618
2974 0.0456369149
2975 0.0456456681
2976 0.0456544213
2977 0.0456631744
2978 0.0456719276
2979 0.0456806808
2980 0.0456894339
2981 0.0456981871
2982 0.0457069402
2983 0.0457156934
2984 0.0457244466
2985 0.0457331997
2986 0.0457419529
2987 0.0457507061
2988 0.0457594592
2989 0.0457682124
2990 0.0457769656
2991 0.0457857187
2992 0.0457944719
2993 0.0458032251
2994 0.0458119782
2995 0.0458207314
2996 0.0458294845
2997 0.0458382377
2998 0.0458469909
2999 0.045855744
3000 0.0458644972
3001 0.0458732504
3002 0.0458820035
3003 0.0458907567
3004 0.0458995099
3005 0.045908263
3006 0.0459170162
3007 0.0459257694
3008 0.0459345225
3009 0.0459432757
3010 0.0459520289
3011 0.045960782
3012 0.0459695352
3013 0.0459782883
3014 0.0459870415
3015 0.0459957947
3016 0.0460045478
3017 0.046013301
3018 0.0460220542
3019 0.0460308073
3020 0.0460395605
3021 0.0460483137
3022 0.0460570668
3023 0.04606582
3024 0.0460745732
3025 0.0460833263
3026 0.0460920795
3027 0.0461008326
3028 0.0461095858
3029 0.046118339
3030 0.0461270921
3031 0.0461358453
3032 0.0461445985
3033 0.0461533516
3034 0.0461621048
3035 0.046170858
3036 0.0461796111
3037 0.0461883643
3038 0.0461971175
3039 0.0462058706
3040 0.0462146238
3041 0.0462233769
3042 0.0462321301
3043 0.0462408833
3044 0.0462496364
3045 0.0462583896
3046 0.0462671428
3047 0.0462758959
3048 0.0462846491
3049 0.0462934023
3050 0.0463021554
3051 0.0463109086
3052 0.0463196618
3053 0.0463284149
3054 0.0463371681
3055 0.0463459213
3056 0.0463546744
3057 0.0463634276
3058 0.0463721807
3059 0.0463809339
3060 0.0463896871
3061 0.0463984402
3062 0.0464071934
3063 0.0464159466
3064 0.0464246997
3065 0.0464334529
3066 0.0464422061
3067 0.0464509592
3068 0.0464597124
3069 0.0464684656
3070 0.0464772187
3071 0.0464859719
3072 0.046494725
3073 0.0465034782
3074 0.0465122314
3075 0.0465209845
3076 0.0465297377
3077 0.0465384909
3078 0.046547244
3079 0.0465559972
3080 0.0465647504
3081 0.0465735035
3082 0.0465822567
3083 0.0465910099
3084 0.046599763
3085 0.0466085162
3086 0.0466172693
3087 0.0466260225
3088 0.0466347757
3089 0.0466435288
3090 0.046652282
3091 0.0466610352
3092 0.0466697883
3093 0.0466785415
3094 0.0466872947
3095 0.0466960478
3096 0.046704801
3097 0.0467135542
3098 0.0467223073
3099 0.0467310605
3100 0.0467398137
3101 0.0467485668
3102 0.04675732
3103 0.0467660731
3104 0.0467748263
3105 0.0467835795
3106 0.0467923326
3107 0.0468010858
3108 0.046809839
3109 0.0468185921
3110 0.0468273453
3111 0.0468360985
3112 0.0468448516
3113 0.0468536048
3114 0.046862358
3115 0.0468711111
3116 0.0468798643
3117 0.0468886174
3118 0.0468973706
3119 0.0469061238
3120 0.0469148769
3121 0.0469236301
3122 0.0469323833
3123 0.0469411364
3124 0.0469498896
3125 0.0469586428
3126 0.0469673959
3127 0.0469761491
3128 0.0469849023
3129 0.0469936554
3130 0.0470024086
3131 0.0470111618
3132 0.0470199149
3133 0.0470286681
3134 0.0470374212
3135 0.0470461744
3136 0.0470549276
3137 0.0470636807
3138 0.0470724339
3139 0.0470811871
3140 0.0470899402
3141 0.0470986934
3142 0.0471074466
3143 0.0471161997
3144 0.0471249529
3145 0.0471337061
3146 0.0471424592
3147 0.0471512124
3148 0.0471599655
3149 0.0471687187
3150 0.0471774719
3151 0.047186225
3152 0.0471949782
3153 0.0472037314
3154 0.0472124845
3155 0.0472212377
3156 0.0472299909
3157 0.047238744
3158 0.0472474972
3159 0.0472562504
3160 0.0472650035
3161 0.0472737567
3162 0.0472825098
3163 0.047291263
3164 0.0473000162
3165 0.0473087693
3166 0.0473175225
3167 0.0473262757
3168 0.0473350288
3169 0.047343782
3170 0.0473525352
3171 0.0473612883
3172 0.0473700415
3173 0.0473787947
3174 0.0473875478
3175 0.047396301
3176 0.0474050542
3177 0.0474138073
3178 0.0474225605
3179 0.0474313136
3180 0.0474400668
3181 0.04744882
3182 0.0474575731
3183 0.0474663263
3184 0.0474750795
3185 0.0474838326
3186 0.0474925858
3187 0.047501339
3188 0.0475100921
3189 0.0475188453
3190 0.0475275985
3191 0.0475363516
3192 0.0475451048
3193 0.0475538579
3194 0.0475626111
3195 0.0475713643
3196 0.0475801174
3197 0.0475888706
3198 0.0475976238
3199 0.0476063769
3200 0.0476151301
3201 0.0476238833
3202 0.0476326364
3203 0.0476413896
3204 0.0476501428
3205 0.0476588959
3206 0.0476676491
3207 0.0476764022
3208 0.0476851554
3209 0.0476939086
3210 0.0477026617
3211 0.0477114149
3212 0.0477201681
3213 0.0477289212
3214 0.0477376744
3215 0.0477464276
3216 0.0477551807
3217 0.0477639339
3218 0.0477726871
3219 0.0477814402
3220 0.0477901934
3221 0.0477989466
3222 0.0478076997
3223 0.0478164529
3224 0.047825206
3225 0.0478339592
3226 0.0478427124
3227 0.0478514655
3228 0.0478602187
3229 0.0478689719
3230 0.047877725
3231 0.0478864782
3232 0.0478952314
3233 0.0479039845
3234 0.0479127377
3235 0.0479214909
3236 0.047930244
3237 0.0479389972
3238 0.0479477503
3239 0.0479565035
3240 0.0479652567
3241 0.0479740098
3242 0.047982763
3243 0.0479915162
3244 0.0480002693
3245 0.0480090225
3246 0.0480177757
3247 0.0480265288
3248 0.048035282
3249 0.0480440352
3250 0.0480527883
3251 0.0480615415
3252 0.0480702947
3253 0.0480790478
3254 0.048087801
3255 0.0480965541
3256 0.0481053073
3257 0.0481140605
3258 0.0481228136
3259 0.0481315668
3260 0.04814032
3261 0.0481490731
3262 0.0481578263
3263 0.0481665795
3264 0.0481753326
3265 0.0481840858
3266 0.048192839
3267 0.0482015921
3268 0.0482103453
3269 0.0482190984
3270 0.0482278516
3271 0.0482366048
3272 0.0482453579
3273 0.0482541111
3274 0.0482628643
3275 0.0482716174
3276 0.0482803706
3277 0.0482891238
3278 0.0482978769
3279 0.0483066301
3280 0.0483153833
3281 0.0483241364
3282 0.0483328896
3283 0.0483416427
3284 0.0483503959
3285 0.0483591491
3286 0.0483679022
3287 0.0483766554
3288 0.0483854086
3289 0.0483941617
3290 0.0484029149
3291 0.0484293888
3292 0.0484558628
3293 0.0484823367
3294 0.0485088106
3295 0.0485352846
3296 0.0485617585
3297 0.0485882324
3298 0.0486147063
3299 0.0486411803
3300 0.0486676542
3301 0.0486941281
3302 0.0487206021
3303 0.048747076
3304 0.0487735499
3305 0.0488000239
3306 0.0488264978
3307 0.0488529717
3308 0.0488794457
3309 0.0489059196
3310 0.0489323935
3311 0.0489588675
3312 0.0489853414
3313 0.0490118153
3314 0.0490382892
3315 0.0490647632
3316 0.0490912371
3317 0.049117711
3318 0.049144185
3319 0.0491706589
3320 0.0491971328
3321 0.0492236068
3322 0.0492500807
3323 0.0492765546
3324 0.0493030286
3325 0.0493295025
3326 0.0493559764
3327 0.0493824503
3328 0.0494089243
3329 0.0494353982
3330 0.0494618721
3331 0.0494883461
3332 0.04951482
3333 0.0495412939
3334 0.0495677679
3335 0.0495942418
3336 0.0496207157
3337 0.0496471897
3338 0.0496736636
3339 0.0497001375
3340 0.0497266114
3341 0.0497530854
3342 0.0497795593
3343 0.0498060332
3344 0.0498325072
3345 0.0498589811
3346 0.049885455
3347 0.049911929
3348 0.0499384029
3349 0.0499648768
3350 0.0499913508
3351 0.0500178247
3352 0.0500442986
3353 0.0500707726
3354 0.0500972465
3355 0.0501237204
3356 0.0501501943
3357 0.0501766683
3358 0.0502031422
3359 0.0502296161
3360 0.0502560901
3361 0.050282564
3362 0.0503090379
3363 0.0503355119
3364 0.0503619858
3365 0.0503884597
3366 0.0504149337
3367 0.0504414076
3368 0.0504678815
3369 0.0504943554
3370 0.0505208294
3371 0.0505473033
3372 0.0505737772
3373 0.0506002512
3374 0.0506267251
3375 0.050653199
3376 0.050679673
3377 0.0507061469
3378 0.0507326208
3379 0.0507590948
3380 0.0507855687
3381 0.0508120426
3382 0.0508385165
3383 0.0508649905
3384 0.0508914644
3385 0.0509179383
3386 0.0509444123
3387 0.0509708862
3388 0.0509973601
3389 0.0510238341
3390 0.051050308
3391 0.0510767819
3392 0.0511032559
3393 0.0511297298
3394 0.0511562037
3395 0.0511826777
3396 0.0512091516
3397 0.0512356255
3398 0.0512620994
3399 0.0512885734
3400 0.0513150473
3401 0.0513415212
3402 0.0513679952
3403 0.0513944691
3404 0.051420943
3405 0.051447417
3406 0.0514738909
3407 0.0515003648
3408 0.0515268388
3409 0.0515533127
3410 0.0515797866
3411 0.0516062605
3412 0.0516327345
3413 0.0516592084
3414 0.0516856823
3415 0.0517121563
3416 0.0517386302
3417 0.0517651041
3418 0.0517915781
3419 0.051818052
3420 0.0518445259
3421 0.0518709999
3422 0.0518974738
3423 0.0519239477
3424 0.0519504216
3425 0.0519768956
3426 0.0520033695
3427 0.0520298434
3428 0.0520563174
3429 0.0520827913
3430 0.0521092652
3431 0.0521357392
3432 0.0521622131
3433 0.052188687
3434 0.052215161
3435 0.0522416349
3436 0.0522681088
3437 0.0522945828
3438 0.0523210567
3439 0.0523475306
3440 0.0523740045
3441 0.0524004785
3442 0.0524269524
3443 0.0524534263
3444 0.0524799003
3445 0.0525063742
3446 0.0525328481
3447 0.0525593221
3448 0.052585796
3449 0.0526122699
3450 0.0526387439
3451 0.0526652178
3452 0.0526916917
3453 0.0527181656
3454 0.0527446396
3455 0.0527711135
3456 0.0527975874
3457 0.0528240614
3458 0.0528505353
3459 0.0528770092
3460 0.0529034832
3461 0.0529299571
3462 0.052956431
3463 0.052982905
3464 0.0530093789
3465 0.0530358528
3466 0.0530623267
3467 0.0530888007
3468 0.0531152746
3469 0.0531417485
3470 0.0531682225
3471 0.0531946964
3472 0.0532211703
3473 0.0532476443
3474 0.0532741182
3475 0.0533005921
3476 0.0533270661
3477 0.05335354
3478 0.0533800139
3479 0.0534064879
3480 0.0534329618
3481 0.0534594357
3482 0.0534859096
3483 0.0535123836
3484 0.0535388575
3485 0.0535653314
3486 0.0535918054
3487 0.0536182793
3488 0.0536447532
3489 0.0536712272
3490 0.0536977011
3491 0.053724175
3492 0.053750649
3493 0.0537771229
3494 0.0538035968
3495 0.0538300707
3496 0.0538565447
3497 0.0538830186
3498 0.0539094925
3499 0.0539359665
3500 0.0539624404
3501 0.0539889143
3502 0.0540153883
3503 0.0540418622
3504 0.0540683361
3505 0.0540948101
3506 0.054121284
3507 0.0541477579
3508 0.0541742318
3509 0.0542007058
3510 0.0542271797
3511 0.0542536536
3512 0.0542801276
3513 0.0543066015
3514 0.0543330754
3515 0.0543595494
3516 0.0543860233
3517 0.0544124972
3518 0.0544389712
3519 0.0544654451
3520 0.054491919
3521 0.054518393
3522 0.0545448669
3523 0.0545713408
3524 0.0545978147
3525 0.0546242887
3526 0.0546507626
3527 0.0546772365
3528 0.0547037105
3529 0.0547301844
3530 0.0547566583
3531 0.0547831323
3532 0.0548096062
3533 0.0548360801
3534 0.0548625541
3535 0.054889028
3536 0.0549155019
3537 0.0549419758
3538 0.0549684498
3539 0.0549949237
3540 0.0550213976
3541 0.0550478716
3542 0.0550743455
3543 0.0551008194
3544 0.0551272934
3545 0.0551537673
3546 0.0551802412
3547 0.0552067152
3548 0.0552331891
3549 0.055259663
3550 0.0552861369
3551 0.0553126109
3552 0.0553390848
3553 0.0553655587
3554 0.0553920327
3555 0.0554185066
3556 0.0554449805
3557 0.0554714545
3558 0.0554979284
3559 0.0555244023
3560 0.0555508763
3561 0.0555773502
3562 0.0556038241
3563 0.0556302981
3564 0.055656772
3565 0.0556832459
3566 0.0557097198
3567 0.0557361938
3568 0.0557626677
3569 0.0557891416
3570 0.0558156156
3571 0.0558420895
3572 0.0558685634
3573 0.0558950374
3574 0.0559215113
3575 0.0559479852
3576 0.0559744592
3577 0.0560009331
3578 0.056027407
3579 0.0560538809
3580 0.0560803549
3581 0.0561068288
3582 0.0561333027
3583 0.0561597767
3584 0.0561862506
3585 0.0562127245
3586 0.0562391985
3587 0.0562656724
3588 0.0562921463
3589 0.0563186203
3590 0.0563450942
3591 0.0563715681
3592 0.056398042
3593 0.056424516
3594 0.0564509899
3595 0.0564774638
3596 0.0565039378
3597 0.0565304117
3598 0.0565568856
3599 0.0565833596
3600 0.0566098335
3601 0.0566363074
3602 0.0566627814
3603 0.0566892553
3604 0.0567157292
3605 0.0567422032
3606 0.0567686771
3607 0.056795151
3608 0.0568216249
3609 0.0568480989
3610 0.0568745728
3611 0.0569010467
3612 0.0569275207
3613 0.0569539946
3614 0.0569804685
3615 0.0570069425
3616 0.0570334164
3617 0.0570598903
3618 0.0570863643
3619 0.0571128382
3620 0.0571393121
3621 0.057165786
3622 0.05719226
3623 0.0572187339
3624 0.0572452078
3625 0.0572716818
3626 0.0572981557
3627 0.0573246296
3628 0.0573511036
3629 0.0573775775
3630 0.0574040514
3631 0.0574305254
3632 0.0574569993
3633 0.0574834732
3634 0.0575099471
3635 0.0575364211
3636 0.057562895
3637 0.0575893689
3638 0.0576158429
3639 0.0576423168
3640 0.0576687907
3641 0.0576952647
3642 0.0577217386
3643 0.0577482125
3644 0.0577746865
3645 0.0578011604
3646 0.0578276343
3647 0.0578541083
3648 0.0578805822
3649 0.0579070561
3650 0.05793353
3651 0.057960004
3652 0.0579864779
3653 0.0580129518
3654 0.0580394258
3655 0.0580658997
3656 0.0580675108
3657 0.058069122
3658 0.0580707331
3659 0.0580723442
3660 0.0580739554
3661 0.0580755665
3662 0.0580771776
3663 0.0580787888
3664 0.0580803999
3665 0.058082011
3666 0.0580836222
3667 0.0580852333
3668 0.0580868444
3669 0.0580884556
3670 0.0580900667
3671 0.0580916778
3672 0.058093289
3673 0.0580949001
3674 0.0580965112
3675 0.0580981224
3676 0.0580997335
3677 0.0581013446
3678 0.0581029558
3679 0.0581045669
3680 0.058106178
3681 0.0581077892
3682 0.0581094003
3683 0.0581110114
3684 0.0581126225
3685 0.0581142337
3686 0.0581158448
3687 0.0581174559
3688 0.0581190671
3689 0.0581206782
3690 0.0581222893
3691 0.0581239005
3692 0.0581255116
3693 0.0581271227
3694 0.0581287339
3695 0.058130345
3696 0.0581319561
3697 0.0581335673
3698 0.0581351784
3699 0.0581367895
3700 0.0581384007
3701 0.0581400118
3702 0.0581416229
3703 0.0581432341
3704 0.0581448452
3705 0.0581464563
3706 0.0581480675
3707 0.0581496786
3708 0.0581512897
3709 0.0581529009
3710 0.058154512
3711 0.0581561231
3712 0.0581577343
3713 0.0581593454
3714 0.0581609565
3715 0.0581625677
3716 0.0581641788
3717 0.0581657899
3718 0.0581674011
3719 0.0581690122
3720 0.0581706233
3721 0.0581722345
3722 0.0581738456
3723 0.0581754567
3724 0.0581770679
3725 0.058178679
3726 0.0581802901
3727 0.0581819013
3728 0.0581835124
3729 0.0581851235
3730 0.0581867347
3731 0.0581883458
3732 0.0581899569
3733 0.0581915681
3734 0.0581931792
3735 0.0581947903
3736 0.0581964015
3737 0.0581980126
3738 0.0581996237
3739 0.0582012349
3740 0.058202846
3741 0.0582044571
3742 0.0582060682
3743 0.0582076794
3744 0.0582092905
3745 0.0582109016
3746 0.0582125128
3747 0.0582141239
3748 0.058215735
3749 0.0582173462
3750 0.0582189573
3751 0.0582205684
3752 0.0582221796
3753 0.0582237907
3754 0.0582254018
3755 0.058227013
3756 0.0582286241
3757 0.0582302352
3758 0.0582318464
3759 0.0582334575
3760 0.0582350686
3761 0.0582366798
3762 0.0582382909
3763 0.058239902
3764 0.0582415132
3765 0.0582431243
3766 0.0582447354
3767 0.0582463466
3768 0.0582479577
3769 0.0582495688
3770 0.05825118
3771 0.0582527911
3772 0.0582544022
3773 0.0582560134
3774 0.0582576245
3775 0.0582592356
3776 0.0582608468
3777 0.0582624579
3778 0.058264069
3779 0.0582656802
3780 0.0582672913
3781 0.0582689024
3782 0.0582705136
3783 0.0582721247
3784 0.0582737358
3785 0.058275347
3786 0.0582769581
3787 0.0582785692
3788 0.0582801804
3789 0.0582817915
3790 0.0582834026
3791 0.0582850138
3792 0.0582866249
3793 0.058288236
3794 0.0582898472
3795 0.0582914583
3796 0.0582930694
3797 0.0582946805
3798 0.0582962917
3799 0.0582979028
3800 0.0582995139
3801 0.0583011251
3802 0.0583027362
3803 0.0583043473
3804 0.0583059585
3805 0.0583075696
3806 0.0583091807
3807 0.0583107919
3808 0.058312403
3809 0.0583140141
3810 0.0583156253
3811 0.0583172364
3812 0.0583188475
3813 0.0583204587
3814 0.0583220698
3815 0.0583236809
3816 0.0583252921
3817 0.0583269032
3818 0.0583285143
3819 0.0583301255
3820 0.0583317366
3821 0.0583333477
3822 0.0583349589
3823 0.05833657
3824 0.0583381811
3825 0.0583397923
3826 0.0583414034
3827 0.0583430145
3828 0.0583446257
3829 0.0583462368
3830 0.0583478479
3831 0.0583494591
3832 0.0583510702
3833 0.0583526813
3834 0.0583542925
3835 0.0583559036
3836 0.0583575147
3837 0.0583591259
3838 0.058360737
3839 0.0583623481
3840 0.0583639593
3841 0.0583655704
3842 0.0583671815
3843 0.0583687927
3844 0.0583704038
3845 0.0583720149
3846 0.0583736261
3847 0.0583752372
3848 0.0583768483
3849 0.0583784595
3850 0.0583800706
3851 0.0583816817
3852 0.0583832928
3853 0.058384904
3854 0.0583865151
3855 0.0583881262
3856 0.0583897374
3857 0.0583913485
3858 0.0583929596
3859 0.0583945708
3860 0.0583961819
3861 0.058397793
3862 0.0583994042
3863 0.0584010153
3864 0.0584026264
3865 0.0584042376
3866 0.0584058487
3867 0.0584074598
3868 0.058409071
3869 0.0584106821
3870 0.0584122932
3871 0.0584139044
3872 0.0584155155
3873 0.0584171266
3874 0.0584187378
3875 0.0584203489
3876 0.05842196
3877 0.0584235712
3878 0.0584251823
3879 0.0584267934
3880 0.0584284046
3881 0.0584300157
3882 0.0584316268
3883 0.058433238
3884 0.0584348491
3885 0.0584364602
3886 0.0584380714
3887 0.0584396825
3888 0.0584412936
3889 0.0584429048
3890 0.0584445159
3891 0.058446127
3892 0.0584477382
3893 0.0584493493
3894 0.0584509604
3895 0.0584525716
3896 0.0584541827
3897 0.0584557938
3898 0.058457405
3899 0.0584590161
3900 0.0584606272
3901 0.0584622384
3902 0.0584638495
3903 0.0584654606
3904 0.0584670718
3905 0.0584686829
3906 0.058470294
3907 0.0584719052
3908 0.0584735163
3909 0.0584751274
3910 0.0584767385
3911 0.0584783497
3912 0.0584799608
3913 0.0584815719
3914 0.0584831831
3915 0.0584847942
3916 0.0584864053
3917 0.0584880165
3918 0.0584896276
3919 0.0584912387
3920 0.0584928499
3921 0.058494461
3922 0.0584960721
3923 0.0584976833
3924 0.0584992944
3925 0.0585009055
3926 0.0585025167
3927 0.0585041278
3928 0.0585057389
3929 0.0585073501
3930 0.0585089612
3931 0.0585105723
3932 0.0585121835
3933 0.0585137946
3934 0.0585154057
3935 0.0585170169
3936 0.058518628
3937 0.0585202391
3938 0.0585218503
3939 0.0585234614
3940 0.0585250725
3941 0.0585266837
3942 0.0585282948
3943 0.0585299059
3944 0.0585315171
3945 0.0585331282
3946 0.0585347393
3947 0.0585363505
3948 0.0585379616
3949 0.0585395727
3950 0.0585411839
3951 0.058542795
3952 0.0585444061
3953 0.0585460173
3954 0.0585476284
3955 0.0585492395
3956 0.0585508507
3957 0.0585524618
3958 0.0585540729
3959 0.0585556841
3960 0.0585572952
3961 0.0585589063
3962 0.0585605175
3963 0.0585621286
3964 0.0585637397
3965 0.0585653508
3966 0.058566962
3967 0.0585685731
3968 0.0585701842
3969 0.0585717954
3970 0.0585734065
3971 0.0585750176
3972 0.0585766288
3973 0.0585782399
3974 0.058579851
3975 0.0585814622
3976 0.0585830733
3977 0.0585846844
3978 0.0585862956
3979 0.0585879067
3980 0.0585895178
3981 0.058591129
3982 0.0585927401
3983 0.0585943512
3984 0.0585959624
3985 0.0585975735
3986 0.0585991846
3987 0.0586007958
3988 0.0586024069
3989 0.058604018
3990 0.0586056292
3991 0.0586072403
3992 0.0586088514
3993 0.0586104626
3994 0.0586120737
3995 0.0586136848
3996 0.058615296
3997 0.0586169071
3998 0.0586185182
3999 0.0586201294
4000 0.0586217405
4001 0.0586233516
4002 0.0586249628
4003 0.0586265739
4004 0.058628185
4005 0.0586297962
4006 0.0586314073
4007 0.0586330184
4008 0.0586346296
4009 0.0586362407
4010 0.0586378518
4011 0.058639463
4012 0.0586410741
4013 0.0586426852
4014 0.0586442964
4015 0.0586459075
4016 0.0586475186
4017 0.0586491298
4018 0.0586507409
4019 0.058652352
4020 0.0586539632
4021 0.0586555743
4022 0.0586571854
4023 0.0586587965
4024 0.0586604077
4025 0.0586620188
4026 0.0586636299
4027 0.0586652411
4028 0.0586668522
4029 0.0586684633
4030 0.0586700745
4031 0.0586716856
4032 0.0586732967
4033 0.0586749079
4034 0.058676519
4035 0.0586781301
4036 0.0586797413
4037 0.0586813524
4038 0.0586829635
4039 0.0586845747
4040 0.0586861858
4041 0.0586877969
4042 0.0586894081
4043 0.0586910192
4044 0.0586926303
4045 0.0586942415
4046 0.0586958526
4047 0.0586974637
4048 0.0586990749
4049 0.058700686
4050 0.0587022971
4051 0.0587039083
4052 0.0587055194
4053 0.0587071305
4054 0.0587087417
4055 0.0587103528
4056 0.0587119639
4057 0.0587135751
4058 0.0587151862
4059 0.0587167973
4060 0.0587184085
4061 0.0587200196
4062 0.0587216307
4063 0.0587232419
4064 0.058724853
4065 0.0587264641
4066 0.0587280753
4067 0.0587296864
4068 0.0587312975
4069 0.0587329087
4070 0.0587345198
4071 0.0587361309
4072 0.0587377421
4073 0.0587393532
4074 0.0587409643
4075 0.0587425755
4076 0.0587441866
4077 0.0587457977
4078 0.0587474088
4079 0.05874902
4080 0.0587506311
4081 0.0587522422
4082 0.0587538534
4083 0.0587554645
4084 0.0587570756
4085 0.0587586868
4086 0.0587602979
4087 0.058761909
4088 0.0587635202
4089 0.0587651313
4090 0.0587667424
4091 0.0587683536
4092 0.0587699647
4093 0.0587715758
4094 0.058773187
4095 0.0587747981
4096 0.0587764092
4097 0.0587780204
4098 0.0587796315
4099 0.0587812426
4100 0.0587828538
4101 0.0587844649
4102 0.058786076
4103 0.0587876872
4104 0.0587892983
4105 0.0587909094
4106 0.0587925206
4107 0.0587941317
4108 0.0587957428
4109 0.058797354
4110 0.0587989651
4111 0.0588005762
4112 0.0588021874
4113 0.0588037985
4114 0.0588054096
4115 0.0588070208
4116 0.0588086319
4117 0.058810243
4118 0.0588118542
4119 0.0588134653
4120 0.0588150764
4121 0.0588166876
4122 0.0588182987
4123 0.0588199098
4124 0.058821521
4125 0.0588231321
4126 0.0588247432
4127 0.0588263544
4128 0.0588279655
4129 0.0588295766
4130 0.0588311878
4131 0.0588327989
4132 0.05883441
4133 0.0588360211
4134 0.0588376323
4135 0.0588392434
4136 0.0588408545
4137 0.0588424657
4138 0.0588440768
4139 0.0588456879
4140 0.0588472991
4141 0.0588489102
4142 0.0588505213
4143 0.0588521325
4144 0.0588537436
4145 0.0588553547
4146 0.0588569659
4147 0.058858577
4148 0.0588601881
4149 0.0588617993
4150 0.0588634104
4151 0.0588650215
4152 0.0588666327
4153 0.0588682438
4154 0.0588698549
4155 0.0588714661
4156 0.0588730772
4157 0.0588746883
4158 0.0588762995
4159 0.0588779106
4160 0.0588795217
4161 0.0588811329
4162 0.058882744
4163 0.0588843551
4164 0.0588859663
4165 0.0588875774
4166 0.0588891885
4167 0.0588907997
4168 0.0588924108
4169 0.0588940219
4170 0.0588956331
4171 0.0588972442
4172 0.0588988553
4173 0.0589004665
4174 0.0589020776
4175 0.0589036887
4176 0.0589052999
4177 0.058906911
4178 0.0589085221
4179 0.0589101333
4180 0.0589117444
4181 0.0589133555
4182 0.0589149667
4183 0.0589165778
4184 0.0589181889
4185 0.0589198001
4186 0.0589214112
4187 0.0589230223
4188 0.0589246335
4189 0.0589262446
4190 0.0589278557
4191 0.0589294668
4192 0.058931078
4193 0.0589326891
4194 0.0589343002
4195 0.0589359114
4196 0.0589375225
4197 0.0589391336
4198 0.0589407448
4199 0.0589423559
4200 0.058943967
4201 0.0589455782
4202 0.0589471893
4203 0.0589488004
4204 0.0589504116
4205 0.0589520227
4206 0.0589536338
4207 0.058955245
4208 0.0589568561
4209 0.0589584672
4210 0.0589600784
4211 0.0589616895
4212 0.0589633006
4213 0.0589649118
4214 0.0589665229
4215 0.058968134
4216 0.0589697452
4217 0.0589713563
4218 0.0589729674
4219 0.0589745786
4220 0.0589761897
4221 0.0589778008
4222 0.058979412
4223 0.0589810231
4224 0.0589826342
4225 0.0589842454
4226 0.0589858565
4227 0.0589874676
4228 0.0589890788
4229 0.0589906899
4230 0.058992301
4231 0.0589939122
4232 0.0589955233
4233 0.0589971344
4234 0.0589987456
4235 0.0590003567
4236 0.0590019678
4237 0.059003579
4238 0.0590051901
4239 0.0590068012
4240 0.0590084124
4241 0.0590100235
4242 0.0590116346
4243 0.0590132458
4244 0.0590148569
4245 0.059016468
4246 0.0590180791
4247 0.0590196903
4248 0.0590213014
4249 0.0590229125
4250 0.0590245237
4251 0.0590261348
4252 0.0590277459
4253 0.0590293571
4254 0.0590309682
4255 0.0590325793
4256 0.0590341905
4257 0.0590358016
4258 0.0590374127
4259 0.0590390239
4260 0.059040635
4261 0.0590422461
4262 0.0590438573
4263 0.0590454684
4264 0.0590470795
4265 0.0590486907
4266 0.0590503018
4267 0.0590519129
4268 0.0590535241
4269 0.0590551352
4270 0.0590567463
4271 0.0590583575
4272 0.0590599686
4273 0.0590615797
4274 0.0590631909
4275 0.059064802
4276 0.0590664131
4277 0.0590680243
4278 0.0590696354
4279 0.0590712465
4280 0.0590728577
4281 0.0590744688
4282 0.0590760799
4283 0.0590776911
4284 0.0590793022
4285 0.0590809133
4286 0.0590825245
4287 0.0590841356
4288 0.0590857467
4289 0.0590873579
4290 0.059088969
4291 0.0590905801
4292 0.0590921913
4293 0.0590938024
4294 0.0590954135
4295 0.0590970247
4296 0.0590986358
4297 0.0591002469
4298 0.0591018581
4299 0.0591034692
4300 0.0591050803
4301 0.0591066914
4302 0.0591083026
4303 0.0591099137
4304 0.0591115248
4305 0.059113136
4306 0.0591147471
4307 0.0591163582
4308 0.0591179694
4309 0.0591195805
4310 0.0591211916
4311 0.0591228028
4312 0.0591244139
4313 0.059126025
4314 0.0591276362
4315 0.0591292473
4316 0.0591308584
4317 0.0591324696
4318 0.0591340807
4319 0.0591356918
4320 0.059137303
4321 0.0591389141
4322 0.0591405252
4323 0.0591421364
4324 0.0591437475
4325 0.0591453586
4326 0.0591469698
4327 0.0591485809
4328 0.059150192
4329 0.0591518032
4330 0.0591534143
4331 0.0591550254
4332 0.0591566366
4333 0.0591582477
4334 0.0591598588
4335 0.05916147
4336 0.0591630811
4337 0.0591646922
4338 0.0591663034
4339 0.0591679145
4340 0.0591695256
4341 0.0591711368
4342 0.0591727479
4343 0.059174359
4344 0.0591759702
4345 0.0591775813
4346 0.0591791924
4347 0.0591808036
4348 0.0591824147
4349 0.0591840258
4350 0.059185637
4351 0.0591872481
4352 0.0591888592
4353 0.0591904704
4354 0.0591920815
4355 0.0591936926
4356 0.0591953038
4357 0.0591969149
4358 0.059198526
4359 0.0592001371
4360 0.0592017483
4361 0.0592033594
4362 0.0592049705
4363 0.0592065817
4364 0.0592081928
4365 0.0592098039
4366 0.0592114151
4367 0.0592130262
4368 0.0592146373
4369 0.0592162485
4370 0.0592178596
4371 0.0592194707
4372 0.0592210819
4373 0.059222693
4374 0.0592243041
4375 0.0592259153
4376 0.0592275264
4377 0.0592291375
4378 0.0592307487
4379 0.0592323598
4380 0.0592339709
4381 0.0592355821
4382 0.0592371932
4383 0.0592388043
4384 0.0592404155
4385 0.0592420266
4386 0.0592440771
4387 0.0592461276
4388 0.059248178
4389 0.0592502285
4390 0.059252279
4391 0.0592543295
4392 0.05925638
4393 0.0592584305
4394 0.0592604809
4395 0.0592625314
4396 0.0592645819
4397 0.0592666324
4398 0.0592686829
4399 0.0592707334
4400 0.0592727838
4401 0.0592748343
4402 0.0592768848
4403 0.0592789353
4404 0.0592809858
4405 0.0592830362
4406 0.0592850867
4407 0.0592871372
4408 0.0592891877
4409 0.0592912382
4410 0.0592932887
4411 0.0592953391
4412 0.0592973896
4413 0.0592994401
4414 0.0593014906
4415 0.0593035411
4416 0.0593055916
4417 0.059307642
4418 0.0593096925
4419 0.059311743
4420 0.0593137935
4421 0.059315844
4422 0.0593178945
4423 0.0593199449
4424 0.0593219954
4425 0.0593240459
4426 0.0593260964
4427 0.0593281469
4428 0.0593301973
4429 0.0593322478
4430 0.0593342983
4431 0.0593363488
4432 0.0593383993
4433 0.0593404498
4434 0.0593425002
4435 0.0593445507
4436 0.0593466012
4437 0.0593486517
4438 0.0593507022
4439 0.0593527527
4440 0.0593548031
4441 0.0593568536
4442 0.0593589041
4443 0.0593609546
4444 0.0593630051
4445 0.0593650555
4446 0.059367106
4447 0.0593691565
4448 0.059371207
4449 0.0593732575
4450 0.059375308
4451 0.0593773584
4452 0.0593794089
4453 0.0593814594
4454 0.0593835099
4455 0.0593855604
4456 0.0593876109
4457 0.0593896613
4458 0.0593917118
4459 0.0593937623
4460 0.0593958128
4461 0.0593978633
4462 0.0593999138
4463 0.0594019642
4464 0.0594040147
4465 0.0594060652
4466 0.0594081157
4467 0.0594101662
4468 0.0594122166
4469 0.0594142671
4470 0.0594163176
4471 0.0594183681
4472 0.0594204186
4473 0.0594224691
4474 0.0594245195
4475 0.05942657
4476 0.0594286205
4477 0.059430671
4478 0.0594327215
4479 0.059434772
4480 0.0594368224
4481 0.0594388729
4482 0.0594409234
4483 0.0594429739
4484 0.0594450244
4485 0.0594470748
4486 0.0594491253
4487 0.0594511758
4488 0.0594532263
4489 0.0594552768
4490 0.0594573273
4491 0.0594593777
4492 0.0594614282
4493 0.0594634787
4494 0.0594655292
4495 0.0594675797
4496 0.0594696302
4497 0.0594716806
4498 0.0594737311
4499 0.0594757816
4500 0.0594778321
4501 0.0594798826
4502 0.0594819331
4503 0.0594839835
4504 0.059486034
4505 0.0594880845
4506 0.059490135
4507 0.0594921855
4508 0.0594942359
4509 0.0594962864
4510 0.0594983369
4511 0.0595003874
4512 0.0595024379
4513 0.0595044884
4514 0.0595065388
4515 0.0595085893
4516 0.0595106398
4517 0.0595126903
4518 0.0595147408
4519 0.0595167913
4520 0.0595188417
4521 0.0595208922
4522 0.0595229427
4523 0.0595249932
4524 0.0595270437
4525 0.0595290941
4526 0.0595311446
4527 0.0595331951
4528 0.0595352456
4529 0.0595372961
4530 0.0595393466
4531 0.059541397
4532 0.0595434475
4533 0.059545498
4534 0.0595475485
4535 0.059549599
4536 0.0595516495
4537 0.0595536999
4538 0.0595557504
4539 0.0595578009
4540 0.0595598514
4541 0.0595619019
4542 0.0595639523
4543 0.0595660028
4544 0.0595680533
4545 0.0595701038
4546 0.0595721543
4547 0.0595742048
4548 0.0595762552
4549 0.0595783057
4550 0.0595803562
4551 0.0595824067
4552 0.0595844572
4553 0.0595865077
4554 0.0595885581
4555 0.0595906086
4556 0.0595926591
4557 0.0595947096
4558 0.0595967601
4559 0.0595988106
4560 0.059600861
4561 0.0596029115
4562 0.059604962
4563 0.0596070125
4564 0.059609063
4565 0.0596111134
4566 0.0596131639
4567 0.0596152144
4568 0.0596172649
4569 0.0596193154
4570 0.0596213659
4571 0.0596234163
4572 0.0596254668
4573 0.0596275173
4574 0.0596295678
4575 0.0596316183
4576 0.0596336688
4577 0.0596357192
4578 0.0596377697
4579 0.0596398202
4580 0.0596418707
4581 0.0596439212
4582 0.0596459716
4583 0.0596480221
4584 0.0596500726
4585 0.0596521231
4586 0.0596541736
4587 0.0596562241
4588 0.0596582745
4589 0.059660325
4590 0.0596623755
4591 0.059664426
4592 0.0596664765
4593 0.059668527
4594 0.0596705774
4595 0.0596726279
4596 0.0596746784
4597 0.0596767289
4598 0.0596787794
4599 0.0596808299
4600 0.0596828803
4601 0.0596849308
4602 0.0596869813
4603 0.0596890318
4604 0.0596910823
4605 0.0596931327
4606 0.0596951832
4607 0.0596972337
4608 0.0596992842
4609 0.0597013347
4610 0.0597033852
4611 0.0597054356
4612 0.0597074861
4613 0.0597095366
4614 0.0597115871
4615 0.0597136376
4616 0.0597156881
4617 0.0597177385
4618 0.059719789
4619 0.0597218395
4620 0.05972389
4621 0.0597259405
4622 0.0597279909
4623 0.0597300414
4624 0.0597320919
4625 0.0597341424
4626 0.0597361929
4627 0.0597382434
4628 0.0597402938
4629 0.0597423443
4630 0.0597443948
4631 0.0597464453
4632 0.0597484958
4633 0.0597505463
4634 0.0597525967
4635 0.0597546472
4636 0.0597566977
4637 0.0597587482
4638 0.0597607987
4639 0.0597628492
4640 0.0597648996
4641 0.0597669501
4642 0.0597690006
4643 0.0597710511
4644 0.0597731016
4645 0.059775152
4646 0.0597772025
4647 0.059779253
4648 0.0597813035
4649 0.059783354
4650 0.0597854045
4651 0.0597874549
4652 0.0597895054
4653 0.0597915559
4654 0.0597936064
4655 0.0597956569
4656 0.0597977074
4657 0.0597997578
4658 0.0598018083
4659 0.0598038588
4660 0.0598059093
4661 0.0598079598
4662 0.0598100102
4663 0.0598120607
4664 0.0598141112
4665 0.0598161617
4666 0.0598182122
4667 0.0598202627
4668 0.0598223131
4669 0.0598243636
4670 0.0598264141
4671 0.0598284646
4672 0.0598305151
4673 0.0598325656
4674 0.059834616
4675 0.0598366665
4676 0.059838717
4677 0.0598407675
4678 0.059842818
4679 0.0598448684
4680 0.0598469189
4681 0.0598489694
4682 0.0598510199
4683 0.0598530704
4684 0.0598551209
4685 0.0598571713
4686 0.0598592218
4687 0.0598612723
4688 0.0598633228
4689 0.0598653733
4690 0.0598674238
4691 0.0598694742
4692 0.0598715247
4693 0.0598735752
4694 0.0598756257
4695 0.0598776762
4696 0.0598797267
4697 0.0598817771
4698 0.0598838276
4699 0.0598858781
4700 0.0598879286
4701 0.0598899791
4702 0.0598920295
4703 0.05989408
4704 0.0598961305
4705 0.059898181
4706 0.0599002315
4707 0.059902282
4708 0.0599043324
4709 0.0599063829
4710 0.0599084334
4711 0.0599104839
4712 0.0599125344
4713 0.0599145849
4714 0.0599166353
4715 0.0599186858
4716 0.0599207363
4717 0.0599227868
4718 0.0599248373
4719 0.0599268877
4720 0.0599289382
4721 0.0599309887
4722 0.0599330392
4723 0.0599350897
4724 0.0599371402
4725 0.0599391906
4726 0.0599412411
4727 0.0599432916
4728 0.0599453421
4729 0.0599473926
4730 0.0599494431
4731 0.0599514935
4732 0.059953544
4733 0.0599555945
4734 0.059957645
4735 0.0599596955
4736 0.059961746
4737 0.0599637964
4738 0.0599658469
4739 0.0599678974
4740 0.0599699479
4741 0.0599719984
4742 0.0599740488
4743 0.0599760993
4744 0.0599781498
4745 0.0599802003
4746 0.0599822508
4747 0.0599843013
4748 0.0599863517
4749 0.0599884022
4750 0.0599904527
4751 0.0599925032
4752 0.0599945537
4753 0.0599966042
4754 0.0599986546
4755 0.0600007051
4756 0.0600027556
4757 0.0600048061
4758 0.0600068566
4759 0.060008907
4760 0.0600109575
4761 0.060013008
4762 0.0600150585
4763 0.060017109
4764 0.0600191595
4765 0.0600212099
4766 0.0600232604
4767 0.0600253109
4768 0.0600273614
4769 0.0600294119
4770 0.0600314624
4771 0.0600335128
4772 0.0600355633
4773 0.0600376138
4774 0.0600396643
4775 0.0600417148
4776 0.0600437653
4777 0.0600458157
4778 0.0600478662
4779 0.0600499167
4780 0.0600519672
4781 0.0600540177
4782 0.0600560681
4783 0.0600581186
4784 0.0600601691
4785 0.0600622196
4786 0.0600642701
4787 0.0600663206
4788 0.060068371
4789 0.0600704215
4790 0.060072472
4791 0.0600745225
4792 0.060076573
4793 0.0600786235
4794 0.0600806739
4795 0.0600827244
4796 0.0600847749
4797 0.0600868254
4798 0.0600888759
4799 0.0600909263
4800 0.0600929768
4801 0.0600950273
4802 0.0600970778
4803 0.0600991283
4804 0.0601011788
4805 0.0601032292
4806 0.0601052797
4807 0.0601073302
4808 0.0601093807
4809 0.0601114312
4810 0.0601134817
4811 0.0601155321
4812 0.0601175826
4813 0.0601196331
4814 0.0601216836
4815 0.0601237341
4816 0.0601257845
4817 0.060127835
4818 0.0601298855
4819 0.060131936
4820 0.0601339865
4821 0.060136037
4822 0.0601380874
4823 0.0601401379
4824 0.0601421884
4825 0.0601442389
4826 0.0601462894
4827 0.0601483399
4828 0.0601503903
4829 0.0601524408
4830 0.0601544913
4831 0.0601565418
4832 0.0601585923
4833 0.0601606428
4834 0.0601626932
4835 0.0601647437
4836 0.0601667942
4837 0.0601688447
4838 0.0601708952
4839 0.0601729456
4840 0.0601749961
4841 0.0601770466
4842 0.0601790971
4843 0.0601811476
4844 0.0601831981
4845 0.0601852485
4846 0.060187299
4847 0.0601893495
4848 0.0601914
4849 0.0601934505
4850 0.060195501
4851 0.0601975514
4852 0.0601996019
4853 0.0602016524
4854 0.0602037029
4855 0.0602057534
4856 0.0602078038
4857 0.0602098543
4858 0.0602119048
4859 0.0602139553
4860 0.0602160058
4861 0.0602180563
4862 0.0602201067
4863 0.0602221572
4864 0.0602242077
4865 0.0602262582
4866 0.0602283087
4867 0.0602303592
4868 0.0602324096
4869 0.0602344601
4870 0.0602365106
4871 0.0602385611
4872 0.0602406116
4873 0.0602426621
4874 0.0602447125
4875 0.060246763
4876 0.0602488135
4877 0.060250864
4878 0.0602529145
4879 0.0602549649
4880 0.0602570154
4881 0.0602590659
4882 0.0602611164
4883 0.0602631669
4884 0.0602652174
4885 0.0602672678
4886 0.0602693183
4887 0.0602713688
4888 0.0602734193
4889 0.0602754698
4890 0.0602775203
4891 0.0602795707
4892 0.0602816212
4893 0.0602836717
4894 0.0602857222
4895 0.0602877727
4896 0.0602898231
4897 0.0602918736
4898 0.0602939241
4899 0.0602959746
4900 0.0602980251
4901 0.0603000756
4902 0.060302126
4903 0.0603041765
4904 0.060306227
4905 0.0603082775
4906 0.060310328
4907 0.0603123785
4908 0.0603144289
4909 0.0603164794
4910 0.0603185299
4911 0.0603205804
4912 0.0603226309
4913 0.0603246814
4914 0.0603267318
4915 0.0603287823
4916 0.0603308328
4917 0.0603328833
4918 0.0603349338
4919 0.0603369842
4920 0.0603390347
4921 0.0603410852
4922 0.0603431357
4923 0.0603451862
4924 0.0603472367
4925 0.0603492871
4926 0.0603513376
4927 0.0603533881
4928 0.0603554386
4929 0.0603574891
4930 0.0603595396
4931 0.06036159
4932 0.0603636405
4933 0.060365691
4934 0.0603677415
4935 0.060369792
4936 0.0603718424
4937 0.0603738929
4938 0.0603759434
4939 0.0603779939
4940 0.0603800444
4941 0.0603820949
4942 0.0603841453
4943 0.0603861958
4944 0.0603882463
4945 0.0603902968
4946 0.0603923473
4947 0.0603943978
4948 0.0603964482
4949 0.0603984987
4950 0.0604005492
4951 0.0604025997
4952 0.0604046502
4953 0.0604067006
4954 0.0604087511
4955 0.0604108016
4956 0.0604128521
4957 0.0604149026
4958 0.0604169531
4959 0.0604190035
4960 0.060421054
4961 0.0604231045
4962 0.060425155
4963 0.0604272055
4964 0.060429256
4965 0.0604313064
4966 0.0604333569
4967 0.0604354074
4968 0.0604374579
4969 0.0604395084
4970 0.0604415589
4971 0.0604436093
4972 0.0604456598
4973 0.0604477103
4974 0.0604497608
4975 0.0604518113
4976 0.0604538617
4977 0.0604559122
4978 0.0604579627
4979 0.0604600132
4980 0.0604620637
4981 0.0604641142
4982 0.0604661646
4983 0.0604682151
4984 0.0604702656
4985 0.0604723161
4986 0.0604743666
4987 0.0604764171
4988 0.0604784675
4989 0.060480518
4990 0.0604825685
4991 0.060484619
4992 0.0604866695
4993 0.0604887199
4994 0.0604907704
4995 0.0604928209
4996 0.0604948714
4997 0.0604969219
4998 0.0604989724
4999 0.0605010228
5000 0.0605030733
5001 0.0605051238
5002 0.0605071743
5003 0.0605092248
5004 0.0605112753
5005 0.0605133257
5006 0.0605153762
5007 0.0605174267
5008 0.0605194772
5009 0.0605215277
5010 0.0605235782
5011 0.0605256286
5012 0.0605276791
5013 0.0605297296
5014 0.0605317801
5015 0.0605338306
5016 0.060535881
5017 0.0605379315
5018 0.060539982
5019 0.0605420325
5020 0.060544083
5021 0.0605461335
5022 0.0605481839
5023 0.0605502344
5024 0.0605522849
5025 0.0605543354
5026 0.0605563859
5027 0.0605584364
5028 0.0605604868
5029 0.0605625373
5030 0.0605645878
5031 0.0605666383
5032 0.0605686888
5033 0.0605707392
5034 0.0605727897
5035 0.0605748402
5036 0.0605768907
5037 0.0605789412
5038 0.0605809917
5039 0.0605830421
5040 0.0605850926
5041 0.0605871431
5042 0.0605891936
5043 0.0605912441
5044 0.0605932946
5045 0.060595345
5046 0.0605973955
5047 0.060599446
5048 0.0606014965
5049 0.060603547
5050 0.0606055975
5051 0.0606076479
5052 0.0606096984
5053 0.0606117489
5054 0.0606137994
5055 0.0606158499
5056 0.0606179003
5057 0.0606199508
5058 0.0606220013
5059 0.0606240518
5060 0.0606261023
5061 0.0606281528
5062 0.0606302032
5063 0.0606322537
5064 0.0606343042
5065 0.0606363547
5066 0.0606384052
5067 0.0606404557
5068 0.0606425061
5069 0.0606445566
5070 0.0606466071
5071 0.0606486576
5072 0.0606507081
5073 0.0606527585
5074 0.060654809
5075 0.0606568595
5076 0.06065891
5077 0.0606609605
5078 0.060663011
5079 0.0606650614
5080 0.0606671119
5081 0.0606691624
5082 0.0606712129
5083 0.0606732634
5084 0.0606753139
5085 0.0606773643
5086 0.0606794148
5087 0.0606814653
5088 0.0606835158
5089 0.0606855663
5090 0.0606876167
5091 0.0606896672
5092 0.0606917177
5093 0.0606937682
5094 0.0606958187
5095 0.0606978692
5096 0.0606999196
5097 0.0607019701
5098 0.0607040206
5099 0.0607060711
5100 0.0607081216
5101 0.0607101721
5102 0.0607122225
5103 0.060714273
5104 0.0607163235
5105 0.060718374
5106 0.0607204245
5107 0.060722475
5108 0.0607245254
5109 0.0607265759
5110 0.0607286264
5111 0.0607306769
5112 0.0607327274
5113 0.0607347778
5114 0.0607368283
5115 0.0607388788
5116 0.0607409293
5117 0.0607429798
5118 0.0607450303
5119 0.0607470807
5120 0.0607491312
5121 0.0607511817
5122 0.0607532322
5123 0.0607552827
5124 0.0607573332
5125 0.0607593836
5126 0.0607614341
5127 0.0607634846
5128 0.0607655351
5129 0.0607675856
5130 0.060769636
5131 0.0607716865
5132 0.060773737
5133 0.0607757875
5134 0.060777838
5135 0.0607798885
5136 0.0607819389
5137 0.0607839894
5138 0.0607860399
5139 0.0607880904
5140 0.0607901409
5141 0.0607921914
5142 0.0607942418
5143 0.0607962923
5144 0.0607983428
5145 0.0608003933
5146 0.0608024438
5147 0.0608044943
5148 0.0608065447
5149 0.0608085952
5150 0.0608106457
5151 0.0608126962
5152 0.0608147467
5153 0.0608167971
5154 0.0608188476
5155 0.0608208981
5156 0.0608229486
5157 0.0608249991
5158 0.0608270496
5159 0.0608291
5160 0.0608311505
5161 0.060833201
5162 0.0608352515
5163 0.060837302
5164 0.0608393525
5165 0.0608414029
5166 0.0608434534
5167 0.0608455039
5168 0.0608475544
5169 0.0608496049
5170 0.0608516553
5171 0.0608537058
5172 0.0608557563
5173 0.0608578068
5174 0.0608598573
5175 0.0608619078
5176 0.0608639582
5177 0.0608660087
5178 0.0608680592
5179 0.0608701097
5180 0.0608721602
5181 0.0608742107
5182 0.0608762611
5183 0.0608783116
5184 0.0608803621
5185 0.0608824126
5186 0.0608844631
5187 0.0608865136
5188 0.060888564
5189 0.0608906145
5190 0.060892665
5191 0.0608947155
5192 0.060896766
5193 0.0608988164
5194 0.0609008669
5195 0.0609029174
5196 0.0609049679
5197 0.0609070184
5198 0.0609090689
5199 0.0609111193
5200 0.0609131698
5201 0.0609152203
5202 0.0609172708
5203 0.0609193213
5204 0.0609213718
5205 0.0609234222
5206 0.0609254727
5207 0.0609275232
5208 0.0609295737
5209 0.0609316242
5210 0.0609336746
5211 0.0609357251
5212 0.0609377756
5213 0.0609398261
5214 0.0609418766
5215 0.0609439271
5216 0.0609459775
5217 0.060948028
5218 0.0609500785
5219 0.060952129
5220 0.0609541795
5221 0.06095623
5222 0.0609582804
5223 0.0609603309
5224 0.0609623814
5225 0.0609644319
5226 0.0609664824
5227 0.0609685328
5228 0.0609705833
5229 0.0609726338
5230 0.0609746843
5231 0.0609767348
5232 0.0609787853
5233 0.0609808357
5234 0.0609828862
5235 0.0609849367
5236 0.0609869872
5237 0.0609890377
5238 0.0609910882
5239 0.0609931386
5240 0.0609951891
5241 0.0609972396
5242 0.0609992901
5243 0.0610013406
5244 0.0610033911
5245 0.0610054415
5246 0.061007492
5247 0.0610095425
5248 0.061011593
5249 0.0610136435
5250 0.0610156939
5251 0.0610177444
5252 0.0610197949
5253 0.0610218454
5254 0.0610238959
5255 0.0610259464
5256 0.0610279968
5257 0.0610300473
5258 0.0610320978
5259 0.0610341483
5260 0.0610361988
5261 0.0610382493
5262 0.0610402997
5263 0.0610423502
5264 0.0610444007
5265 0.0610464512
5266 0.0610485017
5267 0.0610505521
5268 0.0610526026
5269 0.0610546531
5270 0.0610567036
5271 0.0610587541
5272 0.0610608046
5273 0.061062855
5274 0.0610649055
5275 0.061066956
5276 0.0610690065
5277 0.061071057
5278 0.0610731075
5279 0.0610751579
5280 0.0610772084
5281 0.0610792589
5282 0.0610813094
5283 0.0610833599
5284 0.0610854104
5285 0.0610874608
5286 0.0610895113
5287 0.0610915618
5288 0.0610936123
5289 0.0610956628
5290 0.0610977132
5291 0.0610997637
5292 0.0611018142
5293 0.0611038647
5294 0.0611059152
5295 0.0611079657
5296 0.0611100161
5297 0.0611120666
5298 0.0611141171
5299 0.0611161676
5300 0.0611182181
5301 0.0611202686
5302 0.061122319
5303 0.0611243695
5304 0.06112642
5305 0.0611284705
5306 0.061130521
5307 0.0611325714
5308 0.0611346219
5309 0.0611366724
5310 0.0611387229
5311 0.0611407734
5312 0.0611428239
5313 0.0611448743
5314 0.0611469248
5315 0.0611489753
5316 0.0611510258
5317 0.0611530763
5318 0.0611551268
5319 0.0611571772
5320 0.0611592277
5321 0.0611612782
5322 0.0611633287
5323 0.0611653792
5324 0.0611674297
5325 0.0611694801
5326 0.0611715306
5327 0.0611735811
5328 0.0611756316
5329 0.0611776821
5330 0.0611797325
5331 0.061181783
5332 0.0611838335
5333 0.061185884
5334 0.0611879345
5335 0.061189985
5336 0.0611920354
5337 0.0611940859
5338 0.0611961364
5339 0.0611981869
5340 0.0612002374
5341 0.0612022879
5342 0.0612043383
5343 0.0612063888
5344 0.0612084393
5345 0.0612104898
5346 0.0612125403
5347 0.0612145907
5348 0.0612166412
5349 0.0612186917
5350 0.0612207422
5351 0.0612227927
5352 0.0612248432
5353 0.0612268936
5354 0.0612289441
5355 0.0612309946
5356 0.0612330451
5357 0.0612350956
5358 0.0612371461
5359 0.0612391965
5360 0.061241247
5361 0.0612432975
5362 0.061245348
5363 0.0612473985
5364 0.0612494489
5365 0.0612514994
5366 0.0612535499
5367 0.0612556004
5368 0.0612576509
5369 0.0612597014
5370 0.0612617518
5371 0.0612638023
5372 0.0612658528
5373 0.0612679033
5374 0.0612699538
5375 0.0612720043
5376 0.0612740547
5377 0.0612761052
5378 0.0612781557
5379 0.0612802062
5380 0.0612822567
5381 0.0612843072
5382 0.0612863576
5383 0.0612884081
5384 0.0612904586
5385 0.0612925091
5386 0.0612945596
5387 0.06129661
5388 0.0612986605
5389 0.061300711
5390 0.0613027615
5391 0.061304812
5392 0.0613068625
5393 0.0613089129
5394 0.0613109634
5395 0.0613130139
5396 0.0613150644
5397 0.0613171149
5398 0.0613191654
5399 0.0613212158
5400 0.0613232663
5401 0.0613253168
5402 0.0613273673
5403 0.0613294178
5404 0.0613314682
5405 0.0613335187
5406 0.0613355692
5407 0.0613376197
5408 0.0613396702
5409 0.0613417207
5410 0.0613437711
5411 0.0613458216
5412 0.0613478721
5413 0.0613499226
5414 0.0613519731
5415 0.0613540236
5416 0.061356074
5417 0.0613581245
5418 0.061360175
5419 0.0613622255
5420 0.061364276
5421 0.0613663265
5422 0.0613683769
5423 0.0613704274
5424 0.0613724779
5425 0.0613745284
5426 0.0613765789
5427 0.0613786293
5428 0.0613806798
5429 0.0613827303
5430 0.0613847808
5431 0.0613868313
5432 0.0613888818
5433 0.0613909322
5434 0.0613929827
5435 0.0613950332
5436 0.0613970837
5437 0.0613991342
5438 0.0614011847
5439 0.0614032351
5440 0.0614052856
5441 0.0614073361
5442 0.0614093866
5443 0.0614114371
5444 0.0614134875
5445 0.061415538
5446 0.0614175885
5447 0.061419639
5448 0.0614216895
5449 0.06142374
5450 0.0614257904
5451 0.0614278409
5452 0.0614298914
5453 0.0614319419
5454 0.0614339924
5455 0.0614360429
5456 0.0614380933
5457 0.0614401438
5458 0.0614421943
5459 0.0614442448
5460 0.0614462953
5461 0.0614483458
5462 0.0614503962
5463 0.0614524467
5464 0.0614544972
5465 0.0614565477
5466 0.0614585982
5467 0.0614606486
5468 0.0614626991
5469 0.0614647496
5470 0.0614668001
5471 0.0614688506
5472 0.0614709011
5473 0.0614729515
5474 0.061475002
5475 0.0614770525
5476 0.061479103
5477 0.0614811535
5478 0.061483204
5479 0.0614852544
5480 0.0614873049
5481 0.0614893554
5482 0.0614898556
5483 0.0614903558
5484 0.0614908559
5485 0.0614913561
5486 0.0614918563
5487 0.0614923565
5488 0.0614928566
5489 0.0614933568
5490 0.061493857
5491 0.0614943572
5492 0.0614948573
5493 0.0614953575
5494 0.0614958577
5495 0.0614963579
5496 0.061496858
5497 0.0614973582
5498 0.0614978584
5499 0.0614983586
5500 0.0614988587
5501 0.0614993589
5502 0.0614998591
5503 0.0615003593
5504 0.0615008594
5505 0.0615013596
5506 0.0615018598
5507 0.06150236
5508 0.0615028601
5509 0.0615033603
5510 0.0615038605
5511 0.0615043607
5512 0.0615048608
5513 0.061505361
5514 0.0615058612
5515 0.0615063614
5516 0.0615068615
5517 0.0615073617
5518 0.0615078619
5519 0.0615083621
5520 0.0615088622
5521 0.0615093624
5522 0.0615098626
5523 0.0615103628
5524 0.0615108629
5525 0.0615113631
5526 0.0615118633
5527 0.0615123635
5528 0.0615128636
5529 0.0615133638
5530 0.061513864
5531 0.0615143642
5532 0.0615148643
5533 0.0615153645
5534 0.0615158647
5535 0.0615163649
5536 0.061516865
5537 0.0615173652
5538 0.0615178654
5539 0.0615183656
5540 0.0615188657
5541 0.0615193659
5542 0.0615198661
5543 0.0615203663
5544 0.0615208664
5545 0.0615213666
5546 0.0615218668
5547 0.061522367
5548 0.0615228671
5549 0.0615233673
5550 0.0615238675
5551 0.0615243677
5552 0.0615248678
5553 0.061525368
5554 0.0615258682
5555 0.0615263684
5556 0.0615268685
5557 0.0615273687
5558 0.0615278689
5559 0.0615283691
5560 0.0615288692
5561 0.0615293694
5562 0.0615298696
5563 0.0615303698
5564 0.0615308699
5565 0.0615313701
5566 0.0615318703
5567 0.0615323705
5568 0.0615328706
5569 0.0615333708
5570 0.061533871
5571 0.0615343712
5572 0.0615348713
5573 0.0615353715
5574 0.0615358717
5575 0.0615363719
5576 0.061536872
5577 0.0615373722
5578 0.0615378724
5579 0.0615383726
5580 0.0615388728
5581 0.0615393729
5582 0.0615398731
5583 0.0615403733
5584 0.0615408735
5585 0.0615413736
5586 0.0615418738
5587 0.061542374
5588 0.0615428742
5589 0.0615433743
5590 0.0615438745
5591 0.0615443747
5592 0.0615448749
5593 0.061545375
5594 0.0615458752
5595 0.0615463754
5596 0.0615468756
5597 0.0615473757
5598 0.0615478759
5599 0.0615483761
5600 0.0615488763
5601 0.0615493764
5602 0.0615498766
5603 0.0615503768
5604 0.061550877
5605 0.0615513771
5606 0.0615518773
5607 0.0615523775
5608 0.0615528777
5609 0.0615533778
5610 0.061553878
5611 0.0615543782
5612 0.0615548784
5613 0.0615553785
5614 0.0615558787
5615 0.0615563789
5616 0.0615568791
5617 0.0615573792
5618 0.0615578794
5619 0.0615583796
5620 0.0615588798
5621 0.0615593799
5622 0.0615598801
5623 0.0615603803
5624 0.0615608805
5625 0.0615613806
5626 0.0615618808
5627 0.061562381
5628 0.0615628812
5629 0.0615633813
5630 0.0615638815
5631 0.0615643817
5632 0.0615648819
5633 0.061565382
5634 0.0615658822
5635 0.0615663824
5636 0.0615668826
5637 0.0615673827
5638 0.0615678829
5639 0.0615683831
5640 0.0615688833
5641 0.0615693834
5642 0.0615698836
5643 0.0615703838
5644 0.061570884
5645 0.0615713841
5646 0.0615718843
5647 0.0615723845
5648 0.0615728847
5649 0.0615733848
5650 0.061573885
5651 0.0615743852
5652 0.0615748854
5653 0.0615753855
5654 0.0615758857
5655 0.0615763859
5656 0.0615768861
5657 0.0615773862
5658 0.0615778864
5659 0.0615783866
5660 0.0615788868
5661 0.0615793869
5662 0.0615798871
5663 0.0615803873
5664 0.0615808875
5665 0.0615813876
5666 0.0615818878
5667 0.061582388
5668 0.0615828882
5669 0.0615833883
5670 0.0615838885
5671 0.0615843887
5672 0.0615848889
5673 0.061585389
5674 0.0615858892
5675 0.0615863894
5676 0.0615868896
5677 0.0615873898
5678 0.0615878899
5679 0.0615883901
5680 0.0615888903
5681 0.0615893905
5682 0.0615898906
5683 0.0615903908
5684 0.061590891
5685 0.0615913912
5686 0.0615918913
5687 0.0615923915
5688 0.0615928917
5689 0.0615933919
5690 0.061593892
5691 0.0615943922
5692 0.0615948924
5693 0.0615953926
5694 0.0615958927
5695 0.0615963929
5696 0.0615968931
5697 0.0615973933
5698 0.0615978934
5699 0.0615983936
5700 0.0615988938
5701 0.061599394
5702 0.0615998941
5703 0.0616003943
5704 0.0616008945
5705 0.0616013947
5706 0.0616018948
5707 0.061602395
5708 0.0616028952
5709 0.0616033954
5710 0.0616038955
5711 0.0616043957
5712 0.0616048959
5713 0.0616053961
5714 0.0616058962
5715 0.0616063964
5716 0.0616068966
5717 0.0616073968
5718 0.0616078969
5719 0.0616083971
5720 0.0616088973
5721 0.0616093975
5722 0.0616098976
5723 0.0616103978
5724 0.061610898
5725 0.0616113982
5726 0.0616118983
5727 0.0616123985
5728 0.0616128987
5729 0.0616133989
5730 0.061613899
5731 0.0616143992
5732 0.0616148994
5733 0.0616153996
5734 0.0616158997
5735 0.0616163999
5736 0.0616169001
5737 0.0616174003
5738 0.0616179004
5739 0.0616184006
5740 0.0616189008
5741 0.061619401
5742 0.0616199011
5743 0.0616204013
5744 0.0616209015
5745 0.0616214017
5746 0.0616219018
5747 0.061622402
5748 0.0616229022
5749 0.0616234024
5750 0.0616239025
5751 0.0616244027
5752 0.0616249029
5753 0.0616254031
5754 0.0616259032
5755 0.0616264034
5756 0.0616269036
5757 0.0616274038
5758 0.0616279039
5759 0.0616284041
5760 0.0616289043
5761 0.0616294045
5762 0.0616299046
5763 0.0616304048
5764 0.061630905
5765 0.0616314052
5766 0.0616319053
5767 0.0616324055
5768 0.0616329057
5769 0.0616334059
5770 0.0616339061
5771 0.0616344062
5772 0.0616349064
5773 0.0616354066
5774 0.0616359068
5775 0.0616364069
5776 0.0616369071
5777 0.0616374073
5778 0.0616379075
5779 0.0616384076
5780 0.0616389078
5781 0.061639408
5782 0.0616399082
5783 0.0616404083
5784 0.0616409085
5785 0.0616414087
5786 0.0616419089
5787 0.061642409
5788 0.0616429092
5789 0.0616434094
5790 0.0616439096
5791 0.0616444097
5792 0.0616449099
5793 0.0616454101
5794 0.0616459103
5795 0.0616464104
5796 0.0616469106
5797 0.0616474108
5798 0.061647911
5799 0.0616484111
5800 0.0616489113
5801 0.0616494115
5802 0.0616499117
5803 0.0616504118
5804 0.061650912
5805 0.0616514122
5806 0.0616519124
5807 0.0616524125
5808 0.0616529127
5809 0.0616534129
5810 0.0616539131
5811 0.0616544132
5812 0.0616549134
5813 0.0616554136
5814 0.0616559138
5815 0.0616564139
5816 0.0616569141
5817 0.0616574143
5818 0.0616579145
5819 0.0616584146
5820 0.0616589148
5821 0.061659415
5822 0.0616599152
5823 0.0616604153
5824 0.0616609155
5825 0.0616614157
5826 0.0616619159
5827 0.061662416
5828 0.0616629162
5829 0.0616634164
5830 0.0616639166
5831 0.0616644167
5832 0.0616649169
5833 0.0616654171
5834 0.0616659173
5835 0.0616664174
5836 0.0616669176
5837 0.0616674178
5838 0.061667918
5839 0.0616684181
5840 0.0616689183
5841 0.0616694185
5842 0.0616699187
5843 0.0616704188
5844 0.061670919
5845 0.0616714192
5846 0.0616719194
5847 0.0616724195
5848 0.0616729197
5849 0.0616734199
5850 0.0616739201
5851 0.0616744202
5852 0.0616749204
5853 0.0616754206
5854 0.0616759208
5855 0.0616764209
5856 0.0616769211
5857 0.0616774213
5858 0.0616779215
5859 0.0616784216
5860 0.0616789218
5861 0.061679422
5862 0.0616799222
5863 0.0616804223
5864 0.0616809225
5865 0.0616814227
5866 0.0616819229
5867 0.0616824231
5868 0.0616829232
5869 0.0616834234
5870 0.0616839236
5871 0.0616844238
5872 0.0616849239
5873 0.0616854241
5874 0.0616859243
5875 0.0616864245
5876 0.0616869246
5877 0.0616874248
5878 0.061687925
5879 0.0616884252
5880 0.0616889253
5881 0.0616894255
5882 0.0616899257
5883 0.0616904259
5884 0.061690926
5885 0.0616914262
5886 0.0616919264
5887 0.0616924266
5888 0.0616929267
5889 0.0616934269
5890 0.0616939271
5891 0.0616944273
5892 0.0616949274
5893 0.0616954276
5894 0.0616959278
5895 0.061696428
5896 0.0616969281
5897 0.0616974283
5898 0.0616979285
5899 0.0616984287
5900 0.0616989288
5901 0.061699429
5902 0.0616999292
5903 0.0617004294
5904 0.0617009295
5905 0.0617014297
5906 0.0617019299
5907 0.0617024301
5908 0.0617029302
5909 0.0617034304
5910 0.0617039306
5911 0.0617044308
5912 0.0617049309
5913 0.0617054311
5914 0.0617059313
5915 0.0617064315
5916 0.0617069316
5917 0.0617074318
5918 0.061707932
5919 0.0617084322
5920 0.0617089323
5921 0.0617094325
5922 0.0617099327
5923 0.0617104329
5924 0.061710933
5925 0.0617114332
5926 0.0617119334
5927 0.0617124336
5928 0.0617129337
5929 0.0617134339
5930 0.0617139341
5931 0.0617144343
5932 0.0617149344
5933 0.0617154346
5934 0.0617159348
5935 0.061716435
5936 0.0617169351
5937 0.0617174353
5938 0.0617179355
5939 0.0617184357
5940 0.0617189358
5941 0.061719436
5942 0.0617199362
5943 0.0617204364
5944 0.0617209365
5945 0.0617214367
5946 0.0617219369
5947 0.0617224371
5948 0.0617229372
5949 0.0617234374
5950 0.0617239376
5951 0.0617244378
5952 0.0617249379
5953 0.0617254381
5954 0.0617259383
5955 0.0617264385
5956 0.0617269386
5957 0.0617274388
5958 0.061727939
5959 0.0617284392
5960 0.0617289393
5961 0.0617294395
5962 0.0617299397
5963 0.0617304399
5964 0.0617309401
5965 0.0617314402
5966 0.0617319404
5967 0.0617324406
5968 0.0617329408
5969 0.0617334409
5970 0.0617339411
5971 0.0617344413
5972 0.0617349415
5973 0.0617354416
5974 0.0617359418
5975 0.061736442
5976 0.0617369422
5977 0.0617374423
5978 0.0617379425
5979 0.0617384427
5980 0.0617389429
5981 0.061739443
5982 0.0617399432
5983 0.0617404434
5984 0.0617409436
5985 0.0617414437
5986 0.0617419439
5987 0.0617424441
5988 0.0617429443
5989 0.0617434444
5990 0.0617439446
5991 0.0617444448
5992 0.061744945
5993 0.0617454451
5994 0.0617459453
5995 0.0617464455
5996 0.0617469457
5997 0.0617474458
5998 0.061747946
5999 0.0617484462
6000 0.0617489464
6001 0.0617494465
6002 0.0617499467
6003 0.0617504469
6004 0.0617509471
6005 0.0617514472
6006 0.0617519474
6007 0.0617524476
6008 0.0617529478
6009 0.0617534479
6010 0.0617539481
6011 0.0617544483
6012 0.0617549485
6013 0.0617554486
6014 0.0617559488
6015 0.061756449
6016 0.0617569492
6017 0.0617574493
6018 0.0617579495
6019 0.0617584497
6020 0.0617589499
6021 0.06175945
6022 0.0617599502
6023 0.0617604504
6024 0.0617609506
6025 0.0617614507
6026 0.0617619509
6027 0.0617624511
6028 0.0617629513
6029 0.0617634514
6030 0.0617639516
6031 0.0617644518
6032 0.061764952
6033 0.0617654521
6034 0.0617659523
6035 0.0617664525
6036 0.0617669527
6037 0.0617674528
6038 0.061767953
6039 0.0617684532
6040 0.0617689534
6041 0.0617694535
6042 0.0617699537
6043 0.0617704539
6044 0.0617709541
6045 0.0617714542
6046 0.0617719544
6047 0.0617724546
6048 0.0617729548
6049 0.0617734549
6050 0.0617739551
6051 0.0617744553
6052 0.0617749555
6053 0.0617754556
6054 0.0617759558
6055 0.061776456
6056 0.0617769562
6057 0.0617774563
6058 0.0617779565
6059 0.0617784567
6060 0.0617789569
6061 0.0617794571
6062 0.0617799572
6063 0.0617804574
6064 0.0617809576
6065 0.0617814578
6066 0.0617819579
6067 0.0617824581
6068 0.0617829583
6069 0.0617834585
6070 0.0617839586
6071 0.0617844588
6072 0.061784959
6073 0.0617854592
6074 0.0617859593
6075 0.0617864595
6076 0.0617869597
6077 0.0617874599
6078 0.06178796
6079 0.0617884602
6080 0.0617889604
6081 0.0617894606
6082 0.0617899607
6083 0.0617904609
6084 0.0617909611
6085 0.0617914613
6086 0.0617919614
6087 0.0617924616
6088 0.0617929618
6089 0.061793462
6090 0.0617939621
6091 0.0617944623
6092 0.0617949625
6093 0.0617954627
6094 0.0617959628
6095 0.061796463
6096 0.0617969632
6097 0.0617974634
6098 0.0617979635
6099 0.0617984637
6100 0.0617989639
6101 0.0617994641
6102 0.0617999642
6103 0.0618004644
6104 0.0618009646
6105 0.0618014648
6106 0.0618019649
6107 0.0618024651
6108 0.0618029653
6109 0.0618034655
6110 0.0618039656
6111 0.0618044658
6112 0.061804966
6113 0.0618054662
6114 0.0618059663
6115 0.0618064665
6116 0.0618069667
6117 0.0618074669
6118 0.061807967
6119 0.0618084672
6120 0.0618089674
6121 0.0618094676
6122 0.0618099677
6123 0.0618104679
6124 0.0618109681
6125 0.0618114683
6126 0.0618119684
6127 0.0618124686
6128 0.0618129688
6129 0.061813469
6130 0.0618139691
6131 0.0618144693
6132 0.0618149695
6133 0.0618154697
6134 0.0618159698
6135 0.06181647
6136 0.0618169702
6137 0.0618174704
6138 0.0618179705
6139 0.0618184707
6140 0.0618189709
6141 0.0618194711
6142 0.0618199712
6143 0.0618204714
6144 0.0618209716
6145 0.0618214718
6146 0.0618219719
6147 0.0618224721
6148 0.0618229723
6149 0.0618234725
6150 0.0618239726
6151 0.0618244728
6152 0.061824973
6153 0.0618254732
6154 0.0618259733
6155 0.0618264735
6156 0.0618269737
6157 0.0618274739
6158 0.0618279741
6159 0.0618284742
6160 0.0618289744
6161 0.0618294746
6162 0.0618299748
6163 0.0618304749
6164 0.0618309751
6165 0.0618314753
6166 0.0618319755
6167 0.0618324756
6168 0.0618329758
6169 0.061833476
6170 0.0618339762
6171 0.0618344763
6172 0.0618349765
6173 0.0618354767
6174 0.0618359769
6175 0.061836477
6176 0.0618369772
6177 0.0618374774
6178 0.0618379776
6179 0.0618384777
6180 0.0618389779
6181 0.0618394781
6182 0.0618399783
6183 0.0618404784
6184 0.0618409786
6185 0.0618414788
6186 0.061841979
6187 0.0618424791
6188 0.0618429793
6189 0.0618434795
6190 0.0618439797
6191 0.0618444798
6192 0.06184498
6193 0.0618454802
6194 0.0618459804
6195 0.0618464805
6196 0.0618469807
6197 0.0618474809
6198 0.0618479811
6199 0.0618484812
6200 0.0618489814
6201 0.0618494816
6202 0.0618499818
6203 0.0618504819
6204 0.0618509821
6205 0.0618514823
6206 0.0618519825
6207 0.0618524826
6208 0.0618529828
6209 0.061853483
6210 0.0618539832
6211 0.0618544833
6212 0.0618549835
6213 0.0618554837
6214 0.0618559839
6215 0.061856484
6216 0.0618569842
6217 0.0618574844
6218 0.0618579846
6219 0.0618584847
6220 0.0618589849
6221 0.0618594851
6222 0.0618599853
6223 0.0618604854
6224 0.0618609856
6225 0.0618614858
6226 0.061861986
6227 0.0618624861
6228 0.0618629863
6229 0.0618634865
6230 0.0618639867
6231 0.0618644868
6232 0.061864987
6233 0.0618654872
6234 0.0618659874
6235 0.0618664875
6236 0.0618669877
6237 0.0618674879
6238 0.0618679881
6239 0.0618684882
6240 0.0618689884
6241 0.0618694886
6242 0.0618699888
6243 0.0618704889
6244 0.0618709891
6245 0.0618714893
6246 0.0618719895
6247 0.0618724896
6248 0.0618729898
6249 0.06187349
6250 0.0618739902
6251 0.0618744904
6252 0.0618749905
6253 0.0618754907
6254 0.0618759909
6255 0.0618764911
6256 0.0618769912
6257 0.0618774914
6258 0.0618779916
6259 0.0618784918
6260 0.0618789919
6261 0.0618794921
6262 0.0618799923
6263 0.0618804925
6264 0.0618809926
6265 0.0618814928
6266 0.061881993
6267 0.0618824932
6268 0.0618829933
6269 0.0618834935
6270 0.0618839937
6271 0.0618844939
6272 0.061884994
6273 0.0618854942
6274 0.0618859944
6275 0.0618864946
6276 0.0618869947
6277 0.0618874949
6278 0.0618879951
6279 0.0618884953
6280 0.0618889954
6281 0.0618894956
6282 0.0618899958
6283 0.061890496
6284 0.0618909961
6285 0.0618914963
6286 0.0618919965
6287 0.0618924967
6288 0.0618929968
6289 0.061893497
6290 0.0618939972
6291 0.0618944974
6292 0.0618949975
6293 0.0618954977
6294 0.0618959979
6295 0.0618964981
6296 0.0618969982
6297 0.0618974984
6298 0.0618979986
6299 0.0618984988
6300 0.0618989989
6301 0.0618994991
6302 0.0618999993
6303 0.0619004995
6304 0.0619009996
6305 0.0619014998
6306 0.061902
6307 0.0619025002
6308 0.0619030003
6309 0.0619035005
6310 0.0619040007
6311 0.0619045009
6312 0.061905001
6313 0.0619055012
6314 0.0619060014
6315 0.0619065016
6316 0.0619070017
6317 0.0619075019
6318 0.0619080021
6319 0.0619085023
6320 0.0619090024
6321 0.0619095026
6322 0.0619100028
6323 0.061910503
6324 0.0619110031
6325 0.0619115033
6326 0.0619120035
6327 0.0619125037
6328 0.0619130038
6329 0.061913504
6330 0.0619140042
6331 0.0619145044
6332 0.0619150045
6333 0.0619155047
6334 0.0619160049
6335 0.0619165051
6336 0.0619170052
6337 0.0619175054
6338 0.0619180056
6339 0.0619185058
6340 0.0619190059
6341 0.0619195061
6342 0.0619200063
6343 0.0619205065
6344 0.0619210066
6345 0.0619215068
6346 0.061922007
6347 0.0619225072
6348 0.0619230074
6349 0.0619235075
6350 0.0619240077
6351 0.0619245079
6352 0.0619250081
6353 0.0619255082
6354 0.0619260084
6355 0.0619265086
6356 0.0619270088
6357 0.0619275089
6358 0.0619280091
6359 0.0619285093
6360 0.0619290095
6361 0.0619295096
6362 0.0619300098
6363 0.06193051
6364 0.0619310102
6365 0.0619315103
6366 0.0619320105
6367 0.0619325107
6368 0.0619330109
6369 0.061933511
6370 0.0619340112
6371 0.0619345114
6372 0.0619350116
6373 0.0619355117
6374 0.0619360119
6375 0.0619365121
6376 0.0619370123
6377 0.0619375124
6378 0.0619380126
6379 0.0619385128
6380 0.061939013
6381 0.0619395131
6382 0.0619400133
6383 0.0619405135
6384 0.0619410137
6385 0.0619415138
6386 0.061942014
6387 0.0619425142
6388 0.0619430144
6389 0.0619435145
6390 0.0619440147
6391 0.0619445149
6392 0.0619450151
6393 0.0619455152
6394 0.0619460154
6395 0.0619465156
6396 0.0619470158
6397 0.0619475159
6398 0.0619480161
6399 0.0619485163
6400 0.0619490165
6401 0.0619495166
6402 0.0619500168
6403 0.061950517
6404 0.0619510172
6405 0.0619515173
6406 0.0619520175
6407 0.0619525177
6408 0.0619530179
6409 0.061953518
6410 0.0619540182
6411 0.0619545184
6412 0.0619550186
6413 0.0619555187
6414 0.0619560189
6415 0.0619565191
6416 0.0619570193
6417 0.0619575194
6418 0.0619580196
6419 0.0619585198
6420 0.06195902
6421 0.0619595201
6422 0.0619600203
6423 0.0619605205
6424 0.0619610207
6425 0.0619615208
6426 0.061962021
6427 0.0619625212
6428 0.0619630214
6429 0.0619635215
6430 0.0619640217
6431 0.0619645219
6432 0.0619650221
6433 0.0619655222
6434 0.0619660224
6435 0.0619665226
6436 0.0619670228
6437 0.0619675229
6438 0.0619680231
6439 0.0619685233
6440 0.0619690235
6441 0.0619695236
6442 0.0619700238
6443 0.061970524
6444 0.0619710242
6445 0.0619715244
6446 0.0619720245
6447 0.0619725247
6448 0.0619730249
6449 0.0619735251
6450 0.0619740252
6451 0.0619745254
6452 0.0619750256
6453 0.0619755258
6454 0.0619760259
6455 0.0619765261
6456 0.0619770263
6457 0.0619775265
6458 0.0619780266
6459 0.0619785268
6460 0.061979027
6461 0.0619795272
6462 0.0619800273
6463 0.0619805275
6464 0.0619810277
6465 0.0619815279
6466 0.061982028
6467 0.0619825282
6468 0.0619830284
6469 0.0619835286
6470 0.0619840287
6471 0.0619845289
6472 0.0619850291
6473 0.0619855293
6474 0.0619860294
6475 0.0619865296
6476 0.0619870298
6477 0.06198753
6478 0.0619880301
6479 0.0619885303
6480 0.0619890305
6481 0.0619895307
6482 0.0619900308
6483 0.061990531
6484 0.0619910312
6485 0.0619915314
6486 0.0619920315
6487 0.0619925317
6488 0.0619930319
6489 0.0619935321
6490 0.0619940322
6491 0.0619945324
6492 0.0619950326
6493 0.0619955328
6494 0.0619960329
6495 0.0619965331
6496 0.0619970333
6497 0.0619975335
6498 0.0619980336
6499 0.0619985338
6500 0.061999034
6501 0.0619995342
6502 0.0620000343
6503 0.0620005345
6504 0.0620010347
6505 0.0620015349
6506 0.062002035
6507 0.0620025352
6508 0.0620030354
6509 0.0620035356
6510 0.0620040357
6511 0.0620045359
6512 0.0620050361
6513 0.0620055363
6514 0.0620060364
6515 0.0620065366
6516 0.0620070368
6517 0.062007537
6518 0.0620080371
6519 0.0620085373
6520 0.0620090375
6521 0.0620095377
6522 0.0620100378
6523 0.062010538
6524 0.0620110382
6525 0.0620115384
6526 0.0620120385
6527 0.0620125387
6528 0.0620130389
6529 0.0620135391
6530 0.0620140392
6531 0.0620145394
6532 0.0620150396
6533 0.0620155398
6534 0.0620160399
6535 0.0620165401
6536 0.0620170403
6537 0.0620175405
6538 0.0620180406
6539 0.0620185408
6540 0.062019041
6541 0.0620195412
6542 0.0620200414
6543 0.0620205415
6544 0.0620210417
6545 0.0620215419
6546 0.0620220421
6547 0.0620225422
6548 0.0620230424
6549 0.0620235426
6550 0.0620240428
6551 0.0620245429
6552 0.0620250431
6553 0.0620255433
6554 0.0620260435
6555 0.0620265436
6556 0.0620270438
6557 0.062027544
6558 0.0620280442
6559 0.0620285443
6560 0.0620290445
6561 0.0620295447
6562 0.0620300449
6563 0.062030545
6564 0.0620310452
6565 0.0620315454
6566 0.0620320456
6567 0.0620325457
6568 0.0620330459
6569 0.0620335461
6570 0.0620340463
6571 0.0620345464
6572 0.0620350466
6573 0.0620355468
6574 0.062036047
6575 0.0620365471
6576 0.0620370473
6577 0.0620375475
6578 0.0620380477
6579 0.0620385478
6580 0.062039048
6581 0.0620395482
6582 0.0620400484
6583 0.0620405485
6584 0.0620410487
6585 0.0620415489
6586 0.0620420491
6587 0.0620425492
6588 0.0620430494
6589 0.0620435496
6590 0.0620440498
6591 0.0620445499
6592 0.0620450501
6593 0.0620455503
6594 0.0620460505
6595 0.0620465506
6596 0.0620470508
6597 0.062047551
6598 0.0620480512
6599 0.0620485513
6600 0.0620490515
6601 0.0620495517
6602 0.0620500519
6603 0.062050552
6604 0.0620510522
6605 0.0620515524
6606 0.0620520526
6607 0.0620525527
6608 0.0620530529
6609 0.0620535531
6610 0.0620540533
6611 0.0620545534
6612 0.0620550536
6613 0.0620555538
6614 0.062056054
6615 0.0620565541
6616 0.0620570543
6617 0.0620575545
6618 0.0620580547
6619 0.0620585548
6620 0.062059055
6621 0.0620595552
6622 0.0620600554
6623 0.0620605555
6624 0.0620610557
6625 0.0620615559
6626 0.0620620561
6627 0.0620625562
6628 0.0620630564
6629 0.0620635566
6630 0.0620640568
6631 0.0620645569
6632 0.0620650571
6633 0.0620655573
6634 0.0620660575
6635 0.0620665577
6636 0.0620670578
6637 0.062067558
6638 0.0620680582
6639 0.0620685584
6640 0.0620690585
6641 0.0620695587
6642 0.0620700589
6643 0.0620705591
6644 0.0620710592
6645 0.0620715594
6646 0.0620720596
6647 0.0620725598
6648 0.0620730599
6649 0.0620735601
6650 0.0620740603
6651 0.0620745605
6652 0.0620750606
6653 0.0620755608
6654 0.062076061
6655 0.0620765612
6656 0.0620770613
6657 0.0620775615
6658 0.0620780617
6659 0.0620785619
6660 0.062079062
6661 0.0620795622
6662 0.0620800624
6663 0.0620805626
6664 0.0620810627
6665 0.0620815629
6666 0.0620820631
6667 0.0620825633
6668 0.0620830634
6669 0.0620835636
6670 0.0620840638
6671 0.062084564
6672 0.0620850641
6673 0.0620855643
6674 0.0620860645
6675 0.0620865647
6676 0.0620870648
6677 0.062087565
6678 0.0620880652
6679 0.0620885654
6680 0.0620890655
6681 0.0620895657
6682 0.0620900659
6683 0.0620905661
6684 0.0620910662
6685 0.0620915664
6686 0.0620920666
6687 0.0620925668
6688 0.0620930669
6689 0.0620935671
6690 0.0620940673
6691 0.0620945675
6692 0.0620950676
6693 0.0620955678
6694 0.062096068
6695 0.0620965682
6696 0.0620970683
6697 0.0620975685
6698 0.0620980687
6699 0.0620985689
6700 0.062099069
6701 0.0620995692
6702 0.0621000694
6703 0.0621005696
6704 0.0621010697
6705 0.0621015699
6706 0.0621020701
6707 0.0621025703
6708 0.0621030704
6709 0.0621035706
6710 0.0621040708
6711 0.062104571
6712 0.0621050711
6713 0.0621055713
6714 0.0621060715
6715 0.0621065717
6716 0.0621070718
6717 0.062107572
6718 0.0621080722
6719 0.0621085724
6720 0.0621090725
6721 0.0621095727
6722 0.0621100729
6723 0.0621105731
6724 0.0621110732
6725 0.0621115734
6726 0.0621120736
6727 0.0621125738
6728 0.0621130739
6729 0.0621135741
6730 0.0621140743
6731 0.0621145745
6732 0.0621150747
6733 0.0621155748
6734 0.062116075
6735 0.0621165752
6736 0.0621170754
6737 0.0621175755
6738 0.0621180757
6739 0.0621185759
6740 0.0621190761
6741 0.0621195762
6742 0.0621200764
6743 0.0621205766
6744 0.0621210768
6745 0.0621215769
6746 0.0621220771
6747 0.0621225773
6748 0.0621230775
6749 0.0621235776
6750 0.0621240778
6751 0.062124578
6752 0.0621250782
6753 0.0621255783
6754 0.0621260785
6755 0.0621265787
6756 0.0621270789
6757 0.062127579
6758 0.0621280792
6759 0.0621285794
6760 0.0621290796
6761 0.0621295797
6762 0.0621300799
6763 0.0621305801
6764 0.0621310803
6765 0.0621315804
6766 0.0621320806
6767 0.0621325808
6768 0.062133081
6769 0.0621335811
6770 0.0621340813
6771 0.0621345815
6772 0.0621350817
6773 0.0621355818
6774 0.062136082
6775 0.0621365822
6776 0.0621370824
6777 0.0621375825
6778 0.0621380827
6779 0.0621385829
6780 0.0621390831
6781 0.0621395832
6782 0.0621400834
6783 0.0621405836
6784 0.0621410838
6785 0.0621415839
6786 0.0621420841
6787 0.0621425843
6788 0.0621430845
6789 0.0621435846
6790 0.0621440848
6791 0.062144585
6792 0.0621450852
6793 0.0621455853
6794 0.0621460855
6795 0.0621465857
6796 0.0621470859
6797 0.062147586
6798 0.0621480862
6799 0.0621485864
6800 0.0621490866
6801 0.0621495867
6802 0.0621500869
6803 0.0621505871
6804 0.0621510873
6805 0.0621515874
6806 0.0621520876
6807 0.0621525878
6808 0.062153088
6809 0.0621535881
6810 0.0621540883
6811 0.0621545885
6812 0.0621550887
6813 0.0621555888
6814 0.062156089
6815 0.0621565892
6816 0.0621570894
6817 0.0621575895
6818 0.0621580897
6819 0.0621585899
6820 0.0621590901
6821 0.0621595902
6822 0.0621600904
6823 0.0621605906
6824 0.0621610908
6825 0.0621615909
6826 0.0621620911
6827 0.0621625913
6828 0.0621630915
6829 0.0621635917
6830 0.0621640918
6831 0.062164592
6832 0.0621650922
6833 0.0621655924
6834 0.0621660925
6835 0.0621665927
6836 0.0621670929
6837 0.0621675931
6838 0.0621680932
6839 0.0621685934
6840 0.0621690936
6841 0.0621695938
6842 0.0621700939
6843 0.0621705941
6844 0.0621710943
6845 0.0621715945
6846 0.0621720946
6847 0.0621725948
6848 0.062173095
6849 0.0621735952
6850 0.0621740953
6851 0.0621745955
6852 0.0621750957
6853 0.0621755959
6854 0.062176096
6855 0.0621765962
6856 0.0621770964
6857 0.0621775966
6858 0.0621780967
6859 0.0621785969
6860 0.0621790971
6861 0.0621795973
6862 0.0621800974
6863 0.0621805976
6864 0.0621810978
6865 0.062181598
6866 0.0621820981
6867 0.0621825983
6868 0.0621830985
6869 0.0621835987
6870 0.0621840988
6871 0.062184599
6872 0.0621850992
6873 0.0621855994
6874 0.0621860995
6875 0.0621865997
6876 0.0621870999
6877 0.0621876001
6878 0.0621881002
6879 0.0621886004
6880 0.0621891006
6881 0.0621896008
6882 0.0621901009
6883 0.0621906011
6884 0.0621911013
6885 0.0621916015
6886 0.0621921016
6887 0.0621926018
6888 0.062193102
6889 0.0621936022
6890 0.0621941023
6891 0.0621946025
6892 0.0621951027
6893 0.0621956029
6894 0.062196103
6895 0.0621966032
6896 0.0621971034
6897 0.0621976036
6898 0.0621981037
6899 0.0621986039
6900 0.0621991041
6901 0.0621996043
6902 0.0622001044
6903 0.0622006046
6904 0.0622011048
6905 0.062201605
6906 0.0622021051
6907 0.0622026053
6908 0.0622031055
6909 0.0622036057
6910 0.0622041058
6911 0.062204606
6912 0.0622051062
6913 0.0622056064
6914 0.0622061065
6915 0.0622066067
6916 0.0622071069
6917 0.0622076071
6918 0.0622081072
6919 0.0622086074
6920 0.0622091076
6921 0.0622096078
6922 0.0622101079
6923 0.0622106081
6924 0.0622111083
6925 0.0622116085
6926 0.0622121087
6927 0.0622126088
6928 0.062213109
6929 0.0622136092
6930 0.0622141094
6931 0.0622146095
6932 0.0622151097
6933 0.0622156099
6934 0.0622161101
6935 0.0622166102
6936 0.0622171104
6937 0.0622176106
6938 0.0622181108
6939 0.0622186109
6940 0.0622191111
6941 0.0622196113
6942 0.0622201115
6943 0.0622206116
6944 0.0622211118
6945 0.062221612
6946 0.0622221122
6947 0.0622226123
6948 0.0622231125
6949 0.0622236127
6950 0.0622241129
6951 0.062224613
6952 0.0622251132
6953 0.0622256134
6954 0.0622261136
6955 0.0622266137
6956 0.0622271139
6957 0.0622276141
6958 0.0622281143
6959 0.0622286144
6960 0.0622291146
6961 0.0622296148
6962 0.062230115
6963 0.0622306151
6964 0.0622311153
6965 0.0622316155
6966 0.0622321157
6967 0.0622326158
6968 0.062233116
6969 0.0622336162
6970 0.0622341164
6971 0.0622346165
6972 0.0622351167
6973 0.0622356169
6974 0.0622361171
6975 0.0622366172
6976 0.0622371174
6977 0.0622376176
6978 0.0622381178
6979 0.0622386179
6980 0.0622391181
6981 0.0622396183
6982 0.0622401185
6983 0.0622406186
6984 0.0622411188
6985 0.062241619
6986 0.0622421192
6987 0.0622426193
6988 0.0622431195
6989 0.0622436197
6990 0.0622441199
6991 0.06224462
6992 0.0622451202
6993 0.0622456204
6994 0.0622461206
6995 0.0622466207
6996 0.0622471209
6997 0.0622476211
6998 0.0622481213
6999 0.0622486214
7000 0.0622491216
7001 0.0622496218
7002 0.062250122
7003 0.0622506221
7004 0.0622511223
7005 0.0622516225
7006 0.0622521227
7007 0.0622526228
7008 0.062253123
7009 0.0622536232
7010 0.0622541234
7011 0.0622546235
7012 0.0622551237
7013 0.0622556239
7014 0.0622561241
7015 0.0622566242
7016 0.0622571244
7017 0.0622576246
7018 0.0622581248
7019 0.0622586249
7020 0.0622591251
7021 0.0622596253
7022 0.0622601255
7023 0.0622606257
7024 0.0622611258
7025 0.062261626
7026 0.0622621262
7027 0.0622626264
7028 0.0622631265
7029 0.0622636267
7030 0.0622641269
7031 0.0622646271
7032 0.0622651272
7033 0.0622656274
7034 0.0622661276
7035 0.0622666278
7036 0.0622671279
7037 0.0622676281
7038 0.0622681283
7039 0.0622686285
7040 0.0622691286
7041 0.0622696288
7042 0.062270129
7043 0.0622706292
7044 0.0622711293
7045 0.0622716295
7046 0.0622721297
7047 0.0622726299
7048 0.06227313
7049 0.0622736302
7050 0.0622741304
7051 0.0622746306
7052 0.0622751307
7053 0.0622756309
7054 0.0622761311
7055 0.0622766313
7056 0.0622771314
7057 0.0622776316
7058 0.0622781318
7059 0.062278632
7060 0.0622791321
7061 0.0622796323
7062 0.0622801325
7063 0.0622806327
7064 0.0622811328
7065 0.062281633
7066 0.0622821332
7067 0.0622826334
7068 0.0622831335
7069 0.0622836337
7070 0.0622841339
7071 0.0622846341
7072 0.0622851342
7073 0.0622856344
7074 0.0622861346
7075 0.0622866348
7076 0.0622871349
7077 0.0622876351
7078 0.0622881353
7079 0.0622886355
7080 0.0622891356
7081 0.0622896358
7082 0.062290136
7083 0.0622906362
7084 0.0622911363
7085 0.0622916365
7086 0.0622921367
7087 0.0622926369
7088 0.062293137
7089 0.0622936372
7090 0.0622941374
7091 0.0622946376
7092 0.0622951377
7093 0.0622956379
7094 0.0622961381
7095 0.0622966383
7096 0.0622971384
7097 0.0622976386
7098 0.0622981388
7099 0.062298639
7100 0.0622991391
7101 0.0622996393
7102 0.0623001395
7103 0.0623006397
7104 0.0623011398
7105 0.06230164
7106 0.0623021402
7107 0.0623026404
7108 0.0623031405
7109 0.0623036407
7110 0.0623041409
7111 0.0623046411
7112 0.0623051412
7113 0.0623056414
7114 0.0623061416
7115 0.0623066418
7116 0.062307142
7117 0.0623076421
7118 0.0623081423
7119 0.0623086425
7120 0.0623091427
7121 0.0623096428
7122 0.062310143
7123 0.0623106432
7124 0.0623111434
7125 0.0623116435
7126 0.0623121437
7127 0.0623126439
7128 0.0623131441
7129 0.0623136442
7130 0.0623141444
7131 0.0623146446
7132 0.0623151448
7133 0.0623156449
7134 0.0623161451
7135 0.0623166453
7136 0.0623171455
7137 0.0623176456
7138 0.0623181458
7139 0.062318646
7140 0.0623191462
7141 0.0623196463
7142 0.0623201465
7143 0.0623206467
7144 0.0623211469
7145 0.062321647
7146 0.0623221472
7147 0.0623226474
7148 0.0623231476
7149 0.0623236477
7150 0.0623241479
7151 0.0623246481
7152 0.0623251483
7153 0.0623256484
7154 0.0623261486
7155 0.0623266488
7156 0.062327149
7157 0.0623276491
7158 0.0623281493
7159 0.0623286495
7160 0.0623291497
7161 0.0623296498
7162 0.06233015
7163 0.0623306502
7164 0.0623311504
7165 0.0623316505
7166 0.0623321507
7167 0.0623326509
7168 0.0623331511
7169 0.0623336512
7170 0.0623341514
7171 0.0623346516
7172 0.0623351518
7173 0.0623356519
7174 0.0623361521
7175 0.0623366523
7176 0.0623371525
7177 0.0623376526
7178 0.0623381528
7179 0.062338653
7180 0.0623391532
7181 0.0623396533
7182 0.0623401535
7183 0.0623406537
7184 0.0623411539
7185 0.062341654
7186 0.0623421542
7187 0.0623426544
7188 0.0623431546
7189 0.0623436547
7190 0.0623441549
7191 0.0623446551
7192 0.0623451553
7193 0.0623456554
7194 0.0623461556
7195 0.0623466558
7196 0.062347156
7197 0.0623476561
7198 0.0623481563
7199 0.0623486565
7200 0.0623491567
7201 0.0623496568
7202 0.062350157
7203 0.0623506572
7204 0.0623511574
7205 0.0623516575
7206 0.0623521577
7207 0.0623526579
7208 0.0623531581
7209 0.0623536582
7210 0.0623541584
7211 0.0623546586
7212 0.0623551588
7213 0.062355659
7214 0.0623561591
7215 0.0623566593
7216 0.0623571595
7217 0.0623576597
7218 0.0623581598
7219 0.06235866
7220 0.0623591602
7221 0.0623596604
7222 0.0623601605
7223 0.0623606607
7224 0.0623611609
7225 0.0623616611
7226 0.0623621612
7227 0.0623626614
7228 0.0623631616
7229 0.0623636618
7230 0.0623641619
7231 0.0623646621
7232 0.0623651623
7233 0.0623656625
7234 0.0623661626
7235 0.0623666628
7236 0.062367163
7237 0.0623676632
7238 0.0623681633
7239 0.0623686635
7240 0.0623691637
7241 0.0623696639
7242 0.062370164
7243 0.0623706642
7244 0.0623711644
7245 0.0623716646
7246 0.0623721647
7247 0.0623726649
7248 0.0623731651
7249 0.0623736653
7250 0.0623741654
7251 0.0623746656
7252 0.0623751658
7253 0.062375666
7254 0.0623761661
7255 0.0623766663
7256 0.0623771665
7257 0.0623776667
7258 0.0623781668
7259 0.062378667
7260 0.0623791672
7261 0.0623796674
7262 0.0623801675
7263 0.0623806677
7264 0.0623811679
7265 0.0623816681
7266 0.0623821682
7267 0.0623826684
7268 0.0623831686
7269 0.0623836688
7270 0.0623841689
7271 0.0623846691
7272 0.0623851693
7273 0.0623856695
7274 0.0623861696
7275 0.0623866698
7276 0.06238717
7277 0.0623876702
7278 0.0623881703
7279 0.0623886705
7280 0.0623891707
7281 0.0623896709
7282 0.062390171
7283 0.0623906712
7284 0.0623911714
7285 0.0623916716
7286 0.0623921717
7287 0.0623926719
7288 0.0623931721
7289 0.0623936723
7290 0.0623941724
7291 0.0623946726
7292 0.0623951728
7293 0.062395673
7294 0.0623961731
7295 0.0623966733
7296 0.0623971735
7297 0.0623976737
7298 0.0623981738
7299 0.062398674
7300 0.0623991742
7301 0.0623996744
7302 0.0624001745
7303 0.0624006747
7304 0.0624011749
7305 0.0624016751
7306 0.0624021752
7307 0.0624026754
7308 0.0624031756
