1 0.018361324110029997
2 0.018676134294390856
3 0.018893851574528497
4 0.019087234558261557
5 0.019270835014076226
6 0.019449503570636573
7 0.019625319202166227
8 0.02063364267730905
9 0.021455084179633488
10 0.022145686028657074
11 0.02274111153653845
12 0.023265136261203523
13 0.02373422021943811
14 0.024160120580146556
15 0.02452971529461223
16 0.0248739384453589
17 0.025197254389781338
18 0.02550313514011915
19 0.02579432202598977
20 0.026073008041247014
21 0.026340968476001234
22 0.026599655849302826
23 0.026850270076729195
24 0.027093811096124965
25 0.027331118863113346
26 0.027562904116914106
27 0.02778977230930124
28 0.028012242505281688
29 0.028230761897015944
30 0.028445718329180636
31 0.02850311483875314
32 0.02856726849689961
33 0.028637557950915007
34 0.028713434954856787
35 0.028679028695357038
36 0.028649346931308717
37 0.028624004669190177
38 0.02860265744287853
39 0.02858499601870653
40 0.028570742375492397
41 0.028559645339655135
42 0.028551477750184646
43 0.028546033578872386
44 0.028543125528860302
45 0.0285425829533672
46 0.028544249946959564
47 0.028547984162606347
48 0.028553654836507292
49 0.02856114197169287
50 0.028570335172276452
51 0.028581132702160703
52 0.028593440652364004
53 0.028607172103830424
54 0.028622246866238932
55 0.028638590300440147
56 0.028656133191576734
57 0.02867481118312289
58 0.028694564358055757
59 0.028715336862637206
60 0.02873707646916035
61 0.0287597346651985
62 0.028783265786003997
63 0.028796488847424584
64 0.02881085354143567
65 0.02882630609796262
66 0.028842795908229055
67 0.028860275675473102
68 0.02887870060213463
69 0.02889802858137273
70 0.02891821991338008
71 0.028939237135892675
72 0.028961044868783814
73 0.028983609573134943
74 0.029006899813518238
75 0.029030885547387086
76 0.02905553840741999
77 0.02908083150076031
78 0.029106739314512627
79 0.02913323762839227
80 0.029160303335770688
81 0.029187914761568123
82 0.029216051003841406
83 0.029244692262213573
84 0.029273819679942154
85 0.02930341528842629
86 0.029333461955560386
87 0.02936394323965622
88 0.02939484373668916
89 0.029426148450421057
90 0.029457843145495488
91 0.029489914212990492
92 0.029522348636371452
93 0.029528939155167997
94 0.029536433666529905
95 0.02951733229384788
96 0.02949909083068525
97 0.029481682352781584
98 0.029465080937383002
99 0.029449261998757012
100 0.029434201649426138
101 0.02941987704215825
102 0.02940626622598889
103 0.029393348005080196
104 0.029381102288281127
105 0.02936950946459684
106 0.029358550757331982
107 0.02934820799446249
108 0.029338463966317452
109 0.029329301809541127
110 0.029320705368281838
111 0.029312658971704427
112 0.029305147797802276
113 0.029298157264016973
114 0.029291673393773553
115 0.029285682599548456
116 0.02928017205133398
117 0.02927512907256654
118 0.029270541510722475
119 0.029266397524759537
120 0.02926268595714454
121 0.02925939573404257
122 0.029256516239030302
123 0.029254037104007258
124 0.02925194858396209
125 0.029250240960628348
126 0.029248904918598915
127 0.02924793133902249
128 0.0292473116764555
129 0.029247037365410865
130 0.02924710019828933
131 0.029247492121350385
132 0.029248205613158117
133 0.02924923309354922
134 0.029250567302961456
135 0.029252201100257242
136 0.029254127842392615
137 0.029256340795436254
138 0.02925883351495795
139 0.029261599742190357
140 0.029264633300619014
141 0.029267928476761487
142 0.029271479433362033
143 0.029275280590740273
144 0.02927932642772413
145 0.029283611863055788
146 0.029288131670089146
147 0.02929288085867266
148 0.029297854477127874
149 0.029303047994103174
150 0.029308456714607623
151 0.029314076162266566
152 0.029319901882194355
153 0.029325929823158122
154 0.029332155754808367
155 0.02933857565018163
156 0.029345185489343308
157 0.029351981641754586
158 0.029358960284577372
159 0.029366117785331405
160 0.02937345050620832
161 0.029380955186539038
162 0.029388628362100197
163 0.029396466747828056
164 0.029404467042729938
165 0.029412626312377975
166 0.029420941409135922
167 0.029429409354874446
168 0.029438027146401202
169 0.02944679213792871
170 0.029455701462161123
171 0.029464752412945498
172 0.029473942251181693
173 0.029483268587199917
174 0.029492728802662745
175 0.029502320433111757
176 0.029512041070256564
177 0.029521888264459423
178 0.029531859906947865
179 0.029541953652675815
180 0.029552167302685728
181 0.02956249861092704
182 0.02957294566630778
183 0.029577849656007748
184 0.029582928419316284
185 0.029588178864470006
186 0.02959359825156379
187 0.029599183616250368
188 0.029604932151141572
189 0.029606838120352495
190 0.0296089036282233
191 0.029611126231350003
192 0.029613503254383305
193 0.029616032171217204
194 0.02961871050794985
195 0.029621535841544554
196 0.029624505798529793
197 0.02962761805374524
198 0.02963087032911775
199 0.029634260392480287
200 0.029637786056423865
201 0.029641445081794986
202 0.029645235558191537
203 0.0296491553305163
204 0.0296532023795814
205 0.029657374725708507
206 0.029661670427769057
207 0.02966608758225544
208 0.029670624322373558
209 0.02967527881716607
210 0.0296800492706591
211 0.029684933921032133
212 0.029689930944673128
213 0.02969503883597879
214 0.029700255835684187
215 0.02970558031075221
216 0.02971101065848969
217 0.029716545305851532
218 0.029722182708756706
219 0.02972792135143022
220 0.02973375974575765
221 0.029739696430659678
222 0.02974572997148356
223 0.029751858864515753
224 0.029758081916003272
225 0.029764397672163056
226 0.02977080479827655
227 0.029777301983242372
228 0.02978388793905802
229 0.029790561400315562
230 0.02979732112370902
231 0.029804165887559127
232 0.029811094491343417
233 0.029818105755244625
234 0.02982519842505817
235 0.029832371550376765
236 0.02983962391621607
237 0.029846954421261108
238 0.029854361982798738
239 0.029861845536328206
240 0.02986940403518168
241 0.029877036450152973
242 0.029884741769139394
243 0.029892518996785224
244 0.029900367154143126
245 0.029908285183932185
246 0.029916272327851292
247 0.029924327559767726
248 0.02993244996308941
249 0.029940638636036934
250 0.02994889269134472
251 0.029957211255972553
252 0.029965593470823646
253 0.02997403849046908
254 0.029982545482877168
255 0.0299911136291536
256 0.029999742029120473
257 0.03000843007773343
258 0.030017176899805254
259 0.030025981726475234
260 0.030034843800793663
261 0.030043762377493375
262 0.030052736722765885
263 0.030061766114044736
264 0.03007084983979139
265 0.030079987199287745
266 0.030089177502432164
267 0.030098419975622046
268 0.03010771413725737
269 0.03011705923397045
270 0.030126454616181242
271 0.03013589964397519
272 0.030145393686926408
273 0.030154936123923032
274 0.03016452634299521
275 0.030192289179660135
276 0.03021996255855173
277 0.030241784445485902
278 0.030263521179175353
279 0.030285173628192115
280 0.030306742555098624
281 0.030328228991259355
282 0.03034963367513819
283 0.03037095742714004
284 0.030392201056156476
285 0.03041336535976491
286 0.030434451124429194
287 0.030455459125691003
288 0.03047639012836001
289 0.03049724488670067
290 0.030518024144612108
291 0.030538728635807314
292 0.030559359083987554
293 0.030579916203012418
294 0.03060040069706826
295 0.030620813260831097
296 0.030641154579627766
297 0.030661425329593338
298 0.03068162617782453
299 0.030701757782531917
300 0.03072182079318724
301 0.030741815850668822
302 0.03076174349420928
303 0.030781604534332527
304 0.030801399493763867
305 0.03082112898040212
306 0.03084079359423629
307 0.030860393927473872
308 0.030879930564668718
309 0.030899404082841798
310 0.0309188150516068
311 0.030938164033284622
312 0.030957451583024823
313 0.030976678248916374
314 0.0309958445721016
315 0.031014951086886962
316 0.031033998320850208
317 0.031052986794946492
318 0.031071917023613522
319 0.031090789514872454
320 0.0311096047704284
321 0.031128363285769314
322 0.031147065550262275
323 0.031165712047247742
324 0.031184303254132573
325 0.031202839549753492
326 0.03122132158540095
327 0.03123974972847442
328 0.03125812443354276
329 0.031276446149682655
330 0.031294715320560135
331 0.03131293238451254
332 0.03133109777462832
333 0.031349211918826544
334 0.03136727523993476
335 0.031385288155762844
336 0.03140325107918007
337 0.03142116441818649
338 0.031439028575986135
339 0.03145684395105709
340 0.0314746109372212
341 0.03149232992371231
342 0.031510001295243416
343 0.031527625432072284
344 0.03154520271006597
345 0.03156273350076495
346 0.03158021817144584
347 0.03159765699289263
348 0.031615050508633225
349 0.031632398981206955
350 0.031649702761436034
351 0.03166696219617544
352 0.03168417762836836
353 0.0317013493971032
354 0.03171847783766531
355 0.03173556328159324
356 0.031752606056729596
357 0.031769606487273214
358 0.03178656489383053
359 0.03180348159346514
360 0.03182035689974638
361 0.031837191122798786
362 0.03185398456934926
363 0.03187073754277385
364 0.03188745034314335
365 0.03190412326726904
366 0.031912559024057416
367 0.03192100213714808
368 0.03191646571260623
369 0.031911942336698126
370 0.031907431820234526
371 0.031902934066958655
372 0.0318984489816425
373 0.031893976470071354
374 0.03188951643903217
375 0.03188506870457239
376 0.03188063335891429
377 0.031876210220020636
378 0.03187179919855002
379 0.03186740020609762
380 0.03186301315518204
381 0.03185863795923425
382 0.031854274441000655
383 0.03184992269888806
384 0.03184558255738733
385 0.03184125393345902
386 0.03183693674491738
387 0.03183263091041994
388 0.031828336349455984
389 0.03182405289089543
390 0.031819780638762736
391 0.031815519423518575
392 0.031811269167876334
393 0.03180702979532829
394 0.03180280123013797
395 0.031798583397329175
396 0.0317943761313779
397 0.031790179541419994
398 0.03178599346338449
399 0.0317818178252437
400 0.031777652555683635
401 0.03177349758409567
402 0.03176935284056741
403 0.031765218164716356
404 0.03176109367033409
405 0.03175697919836809
406 0.03175287468160664
407 0.03174878005349251
408 0.03174469524811531
409 0.03174062020020298
410 0.03173655475409729
411 0.03173249902783486
412 0.03172845286697578
413 0.031724416208726215
414 0.03172038899089226
415 0.03171637115187446
416 0.03171236263065952
417 0.03170836327593631
418 0.03170437320961759
419 0.03170039228151039
420 0.03169642043287808
421 0.031692457605536004
422 0.031688503741845904
423 0.03168455878470777
424 0.03168062258681928
425 0.03167669527363383
426 0.031672776698875596
427 0.031668866807539935
428 0.03166496554513084
429 0.031661072857654654
430 0.03165718869161405
431 0.03165331290340649
432 0.03164944562172478
433 0.03164558670391113
434 0.031641736098398314
435 0.03163789375408852
436 0.031634059620346495
437 0.031630233646995326
438 0.031626415784311426
439 0.03162260589257961
440 0.03161880410386265
441 0.031615010279305966
442 0.03161122437094612
443 0.03160744633124719
444 0.03160367611309607
445 0.03159991366979813
446 0.03159615886477326
447 0.03159241183276694
448 0.03158867243799219
449 0.031584940635380504
450 0.03158121638025975
451 0.03157749962834776
452 0.031573790335749315
453 0.03157008836879139
454 0.03156639386468047
455 0.0315627066904763
456 0.0315590268037878
457 0.03155535416259108
458 0.03155168872522337
459 0.031548030450380585
460 0.031544379207089135
461 0.03154073513481472
462 0.03153709810326117
463 0.03153346807251773
464 0.03152984500301306
465 0.03152622885551039
466 0.031522619591105576
467 0.03151901708133752
468 0.031515421467744886
469 0.03151183262249279
470 0.03150825050796965
471 0.0315046750868777
472 0.03150110632223086
473 0.031497544177350595
474 0.03149398852611553
475 0.03149043951196907
476 0.031486897009370324
477 0.031483360982840845
478 0.031479831397193576
479 0.03147630821753196
480 0.03147279140924425
481 0.03146928084839122
482 0.0314657766801674
483 0.03146227878117132
484 0.03145878711790645
485 0.03145530165714873
486 0.03145182236594213
487 0.031448349211597025
488 0.031444882072211515
489 0.031441421094590326
490 0.03143796615733079
491 0.0314345172287809
492 0.03143107427754074
493 0.03142763727246112
494 0.03142420618264071
495 0.03142078088808295
496 0.03141736153707322
497 0.031413948010078914
498 0.03141054027716458
499 0.031407138308630546
500 0.03140374207500933
501 0.03140035154706567
502 0.03139696660658735
503 0.031393587403221554
504 0.03139021381918683
505 0.031386845826148695
506 0.03138348339599096
507 0.0313801265008155
508 0.03137677511293975
509 0.03137342911582448
510 0.031370088660369194
511 0.031366753630435944
512 0.03136342399918232
513 0.031360099739971184
514 0.031356780826367975
515 0.03135346723213961
516 0.03135015884231725
517 0.03134685580895269
518 0.0313435580174505
519 0.03134026544236237
520 0.03133697805843204
521 0.031333695840592535
522 0.03133041876396502
523 0.03132714671505609
524 0.031323879846977716
525 0.03132061804658452
526 0.03131736128973136
527 0.03131410955245291
528 0.03131086281096051
529 0.03130762104164222
530 0.03130438413239261
531 0.03130115223729881
532 0.031297925244579854
533 0.031294703131310414
534 0.03129148587473269
535 0.03128827345225473
536 0.03128506584144989
537 0.031281862931520514
538 0.03127866487745003
539 0.03127547156874359
540 0.03127228298361784
541 0.031269099100445695
542 0.03126591989775676
543 0.031262745354233804
544 0.031259575360313215
545 0.03125641007180203
546 0.0312532493794187
547 0.03125009326244993
548 0.031256644892801326
549 0.03126319652315275
550 0.031269748153504195
551 0.03127629978385567
552 0.03128285141420702
553 0.0312894030445584
554 0.03129595467490995
555 0.03130250630526138
556 0.03130905793561268
557 0.03131560956596416
558 0.03132216119631565
559 0.031328712826667035
560 0.031335264457018445
561 0.03134181608736988
562 0.03134836771772132
563 0.03135491934807266
564 0.031361470978424164
565 0.031368022608775546
566 0.031374574239126964
567 0.03138112586947839
568 0.03138767749982985
569 0.03139422913018119
570 0.03140078076053269
571 0.031407332390884085
572 0.031413884021235496
573 0.03142043565158693
574 0.031426987281938386
575 0.031433538912289734
576 0.03144009054264124
577 0.03144664217299264
578 0.03145319380334405
579 0.03145974543369549
580 0.03146629706404695
581 0.0314728486943983
582 0.0314794003247498
583 0.0314859519551012
584 0.03149250358545262
585 0.03149905521580407
586 0.03150560684615552
587 0.031512158476506874
588 0.03151871010685839
589 0.031525261737209785
590 0.03153181336756121
591 0.03153836499791265
592 0.03154491662826398
593 0.031551468258615475
594 0.03155801988896685
595 0.031564571519318255
596 0.03157112314966968
597 0.031577674780021124
598 0.0315842264103726
599 0.03159077804072395
600 0.031597329671075335
601 0.03160388130142688
602 0.0316104329317783
603 0.031616984562129614
604 0.03162353619248109
605 0.03163008782283258
606 0.03163663945318397
607 0.03164319108353538
608 0.031649742713886805
609 0.03165629434423826
610 0.031662845974589605
611 0.0316693976049411
612 0.03167594923529249
613 0.0316825008656439
614 0.03168905249599534
615 0.03169560412634679
616 0.03170215575669814
617 0.03170870738704963
618 0.03171525901740102
619 0.03172181064775244
620 0.031728362278103876
621 0.03173491390845533
622 0.03174146553880668
623 0.031748017169158184
624 0.031754568799509574
625 0.031761120429861
626 0.03176767206021243
627 0.031774223690563895
628 0.03178077532091525
629 0.03178732695126675
630 0.031793878581618154
631 0.03180043021196957
632 0.031806981842321
633 0.031813533472672344
634 0.03182008510302383
635 0.031826636733375206
636 0.03183318836372661
637 0.03183973999407816
638 0.03184629162442947
639 0.03185284325478094
640 0.031859394885132425
641 0.03186594651548381
642 0.03187249814583521
643 0.031879049776186635
644 0.03188560140653808
645 0.031892153036889546
646 0.031898704667240915
647 0.0319052562975923
648 0.03191180792794371
649 0.03191835955829513
650 0.031924911188646585
651 0.03193146281899805
652 0.03193801444934942
653 0.031944566079700934
654 0.03195111771005234
655 0.03195766934040377
656 0.031964220970755096
657 0.03197077260110657
658 0.03197732423145806
659 0.03198387586180946
660 0.03199042749216086
661 0.0319969791225123
662 0.03200353075286375
663 0.03201008238321511
664 0.0320166340135666
665 0.03202318564391799
666 0.03202973727426941
667 0.03203628890462085
668 0.032042840534972306
669 0.032049392165323654
670 0.032055943795675154
671 0.032062495426026544
672 0.03206904705637797
673 0.0320755986867294
674 0.03208215031708075
675 0.03208870194743222
676 0.0320952535777836
677 0.032101805208135
678 0.03210835683848654
679 0.03211490846883786
680 0.03212146009918932
681 0.0321280117295408
682 0.03213456335989219
683 0.03214111499024359
684 0.03214766662059502
685 0.032154218250946456
686 0.03216076988129792
687 0.032167321511649284
688 0.032173873142000785
689 0.03218042477235219
690 0.03218697640270362
691 0.03219352803305495
692 0.032200079663406406
693 0.0322066312937579
694 0.03221318292410928
695 0.03221973455446069
696 0.03222628618481212
697 0.03223283781516357
698 0.03223938944551492
699 0.032245941075866404
700 0.0322524927062178
701 0.03225904433656921
702 0.03226559596692064
703 0.03227214759727209
704 0.03227869922762356
705 0.032285250857974936
706 0.032291802488326325
707 0.03229835411867774
708 0.032304905749029174
709 0.032311457379380626
710 0.0323180090097321
711 0.032324560640083475
712 0.03233111227043487
713 0.03233766390078629
714 0.03234421553113772
715 0.03235076716148918
716 0.03235731879184065
717 0.032363870422192034
718 0.03237042205254343
719 0.03237697368289485
720 0.032383525313246286
721 0.032390076943597745
722 0.03239662857394911
723 0.0324031802043006
724 0.032409731834652004
725 0.03241628346500342
726 0.03242283509535487
727 0.03242938672570621
728 0.032435938356057695
729 0.03244248998640908
730 0.03244904161676059
731 0.032455593247112016
732 0.03246214487746335
733 0.03246869650781481
734 0.03247524813816629
735 0.03248179976851767
736 0.03248835139886908
737 0.03249007178167423
738 0.032491792164479456
739 0.03249351254728466
740 0.03249523293008984
741 0.03249695331289499
742 0.03249867369570023
743 0.032500394078505336
744 0.03250211446131052
745 0.0325038348441158
746 0.032505555226920946
747 0.03250727560972617
748 0.03250899599253136
749 0.03251071637533654
750 0.0325124367581417
751 0.03251415714094693
752 0.03251587752375204
753 0.03251759790655723
754 0.03251931828936239
755 0.032521038672167636
756 0.03252275905497286
757 0.03252447943777795
758 0.03252619982058323
759 0.032527920203388384
760 0.03252964058619351
761 0.032531360968998724
762 0.03253308135180391
763 0.03253480173460907
764 0.03253652211741431
765 0.032538242500219534
766 0.032539962883024735
767 0.03254168326582991
768 0.032543403648635054
769 0.03254512403144028
770 0.032546844414245386
771 0.032548564797050566
772 0.03255028517985584
773 0.032552005562660975
774 0.03255372594546619
775 0.032555446328271384
776 0.03255716671107656
777 0.03255888709388171
778 0.03256060747668694
779 0.03256232785949214
780 0.032564048242297326
781 0.03256576862510248
782 0.03256748900790762
783 0.03256920939071284
784 0.032570929773518026
785 0.03257265015632319
786 0.03257437053912845
787 0.032576090921933566
788 0.032577811304738774
789 0.032579531687543954
790 0.032581252070349113
791 0.03258297245315434
792 0.03258469283595956
793 0.03258641321876475
794 0.032588133601569924
795 0.03258985398437506
796 0.03259157436718029
797 0.032593294749985485
798 0.032595015132790665
799 0.032596735515595825
800 0.03259845589840106
801 0.03260017628120617
802 0.03260189666401136
803 0.03260361704681662
804 0.03260533742962177
805 0.03260705781242699
806 0.03260877819523219
807 0.03261049857803736
808 0.03261221896084252
809 0.032613939343647654
810 0.03261565972645286
811 0.03261738010925805
812 0.032619100492063215
813 0.03262082087486845
814 0.03262254125767367
815 0.032624261640478776
816 0.032625982023284046
817 0.0326277024060892
818 0.03262942278889433
819 0.03263114317169954
820 0.032632863554504725
821 0.032634583937309884
822 0.03263630432011513
823 0.03263802470292034
824 0.032639745085725536
825 0.03264146546853071
826 0.03264318585133586
827 0.03264490623414108
828 0.032646626616946194
829 0.03264834699975138
830 0.032650067382556644
831 0.032651787765361776
832 0.03265350814816699
833 0.032655228530972184
834 0.03265694891377736
835 0.03265866929658251
836 0.03266038967938774
837 0.03266211006219294
838 0.03266383044499811
839 0.03266555082780328
840 0.032667271210608514
841 0.03266899159341363
842 0.032670711976218826
843 0.03267243235902408
844 0.032674152741829235
845 0.03267587312463446
846 0.03267759350743956
847 0.03267931389024475
848 0.03268103427305
849 0.032682754655855135
850 0.03268447503866035
851 0.03268619542146554
852 0.032687915804270704
853 0.032689636187075946
854 0.03269135656988107
855 0.03269307695268627
856 0.03269479733549145
857 0.032696517718296604
858 0.03269823810110183
859 0.03269995848390705
860 0.03270167886671223
861 0.0327033992495174
862 0.032705119632322546
863 0.03270684001512777
864 0.03270856039793296
865 0.032710280780738135
866 0.032712001163543294
867 0.03271372154634852
868 0.032715441929153724
869 0.03271716231195892
870 0.03271888269476408
871 0.03272060307756922
872 0.032722323460374445
873 0.03272404384317964
874 0.03272576422598481
875 0.032727484608789964
876 0.03272920499159519
877 0.032730925374400394
878 0.03273264575720558
879 0.03273436614001075
880 0.03273608652281598
881 0.0327378069056211
882 0.032739527288426294
883 0.032741247671231474
884 0.03274296805403672
885 0.03274468843684185
886 0.03274640881964705
887 0.032748129202452236
888 0.032749849585257396
889 0.03275156996806263
890 0.03275329035086784
891 0.03275501073367303
892 0.032756731116478206
893 0.03275845149928336
894 0.03276017188208858
895 0.03276189226489378
896 0.03276361264769896
897 0.03276533303050412
898 0.03276705341330926
899 0.032768773796114474
900 0.03277049417891966
901 0.032772214561724834
902 0.03277393494453008
903 0.0327756553273352
904 0.0327773757101404
905 0.03277909609294558
906 0.03278081647575083
907 0.03278253685855597
908 0.03278425724136118
909 0.032785977624166365
910 0.03278769800697154
911 0.032789418389776684
912 0.0327911387725819
913 0.0327928591553871
914 0.03279457953819227
915 0.03279629992099744
916 0.03279802030380266
917 0.03279974068660787
918 0.032801461069413056
919 0.03280318145221822
920 0.032804901835023374
921 0.03280662221782858
922 0.03280834260063378
923 0.032810062983438956
924 0.032811783366244116
925 0.03281350374904934
926 0.032815224131854545
927 0.03281694451465973
928 0.0328186648974649
929 0.032820385280270044
930 0.03282210566307525
931 0.03282382604588045
932 0.032825546428685626
933 0.03282726681149087
934 0.03282898719429601
935 0.03283070757710121
936 0.03283242795990639
937 0.032834148342711554
938 0.03283586872551679
939 0.032837589108321914
940 0.03283930949112711
941 0.032841029873932275
942 0.03284275025673752
943 0.032844470639542656
944 0.032846191022347856
945 0.03284791140515304
946 0.032849631787958286
947 0.03285135217076343
948 0.03285307255356864
949 0.03285479293637383
950 0.032856513319179
951 0.03285823370198416
952 0.032859954084789374
953 0.032861674467594575
954 0.032863394850399755
955 0.03286511523320492
956 0.03286683561601014
957 0.03286855599881527
958 0.03287027638162046
959 0.03287199676442571
960 0.03287371714723086
961 0.03287543753003608
962 0.03287715791284128
963 0.03287887829564646
964 0.03288059867845162
965 0.03288231906125676
966 0.032884039444061965
967 0.03288575982686715
968 0.032887480209672325
969 0.032889200592477554
970 0.032890920975282685
971 0.032892641358087886
972 0.03289436174089306
973 0.0328960821236983
974 0.03289780250650344
975 0.03289952288930865
976 0.032901243272113835
977 0.032902963654919
978 0.03290468403772423
979 0.03290640442052936
980 0.03290812480333456
981 0.03290984518613974
982 0.03291156556894498
983 0.03291328595175012
984 0.03291500633455532
985 0.03291672671736051
986 0.032918447100165754
987 0.0329201674829709
988 0.032921887865776114
989 0.0329236082485813
990 0.032925328631386475
991 0.03292704901419164
992 0.032928769396996856
993 0.03293048977980198
994 0.032932210162607244
995 0.03293393054541241
996 0.032935650928217555
997 0.03293737131102276
998 0.03293909169382795
999 0.03294081207663312
1000 0.03294253245943836
1001 0.0329442528422435
1002 0.0329459732250487
1003 0.03294769360785388
1004 0.032949413990659045
1005 0.03295113437346427
1006 0.032952854756269474
1007 0.03295457513907459
1008 0.03295629552187984
1009 0.032958015904684994
1010 0.032959736287490216
1011 0.03296145667029541
1012 0.03296317705310059
1013 0.03296489743590575
1014 0.0329666178187109
1015 0.0329683382015161
1016 0.03297005858432129
1017 0.03297177896712646
1018 0.0329734993499317
1019 0.03297521973273683
1020 0.03297694011554203
1021 0.032978660498347204
1022 0.032980380881152446
1023 0.032982101263957585
1024 0.03298382164676279
1025 0.03298554202956798
1026 0.03298726241237315
1027 0.03298898279517838
1028 0.03299070317798351
1029 0.03299242356078871
1030 0.032994143943593894
1031 0.03299586432639913
1032 0.03299758470920427
1033 0.032999305092009476
1034 0.033001025474814656
1035 0.03300274585761982
1036 0.03300446624042505
1037 0.03300618662323019
1038 0.033007907006035384
1039 0.03300962738884063
1040 0.03301134777164579
1041 0.03301306815445093
1042 0.03301478853725613
1043 0.03301650892006132
1044 0.03301822930286656
1045 0.03301994968567171
1046 0.03302167006847692
1047 0.03302339045128211
1048 0.03302511083408729
1049 0.03302683121689244
1050 0.03302855159969766
1051 0.033030271982502864
1052 0.03303199236530805
1053 0.03303371274811322
1054 0.03303543313091836
1055 0.03303715351372357
1056 0.03303887389652876
1057 0.03304059427933393
1058 0.033042314662139166
1059 0.033044035044944305
1060 0.033045755427749506
1061 0.033047475810554686
1062 0.03304919619335992
1063 0.033050916576165074
1064 0.033052636958970275
1065 0.03305435734177547
1066 0.03305607772458064
1067 0.033057798107385794
1068 0.03305951849019101
1069 0.0330612388729962
1070 0.03306295925580139
1071 0.03306467963860655
1072 0.033066400021411764
1073 0.0330681204042169
1074 0.03306984078702216
1075 0.03307156116982733
1076 0.033073281552632484
1077 0.0330750019354377
1078 0.03307672231824289
1079 0.03307844270104807
1080 0.03308016308385324
1081 0.033081883466658454
1082 0.03308360384946358
1083 0.03308532423226877
1084 0.033087044615074016
1085 0.03308876499787917
1086 0.033090485380684376
1087 0.03309220576348957
1088 0.03309392614629475
1089 0.03309564652909991
1090 0.033097366911905124
1091 0.033099087294710325
1092 0.03310080767751551
1093 0.03310252806032068
1094 0.03310424844312584
1095 0.033105968825931045
1096 0.03310768920873623
1097 0.03310940959154141
1098 0.03311112997434657
1099 0.03311285035715179
1100 0.03311289185865028
1101 0.03311293336014875
1102 0.033112974861647264
1103 0.03311301636314574
1104 0.03311305786464426
1105 0.033113099366142755
1106 0.03311314086764129
1107 0.033113182369139724
1108 0.033113223870638274
1109 0.03311326537213673
1110 0.033113306873635215
1111 0.033113348375133744
1112 0.03311338987663225
1113 0.03311343137813073
1114 0.03311347287962925
1115 0.03311351438112773
1116 0.03311355588262619
1117 0.0331135973841247
1118 0.03311363888562324
1119 0.03311368038712169
1120 0.03311372188862024
1121 0.0331137633901187
1122 0.0331138048916172
1123 0.033113846393115674
1124 0.03311388789461418
1125 0.033113929396112664
1126 0.03311397089761119
1127 0.033114012399109695
1128 0.033114053900608155
1129 0.03311409540210667
1130 0.03311413690360515
1131 0.033114178405103674
1132 0.03311421990660217
1133 0.033114261408100636
1134 0.033114302909599144
1135 0.033114344411097625
1136 0.03311438591259615
1137 0.03311442741409464
1138 0.0331144689155931
1139 0.03311451041709161
1140 0.03311455191859016
1141 0.0331145934200886
1142 0.033114634921587095
1143 0.03311467642308563
1144 0.03311471792458413
1145 0.03311475942608261
1146 0.03311480092758113
1147 0.03311484242907962
1148 0.03311488393057808
1149 0.03311492543207657
1150 0.033114966933575116
1151 0.03311500843507356
1152 0.03311504993657212
1153 0.03311509143807058
1154 0.03311513293956908
1155 0.03311517444106755
1156 0.03311521594256606
1157 0.033115257444064544
1158 0.03311529894556307
1159 0.03311534044706156
1160 0.033115381948560035
1161 0.033115423450058544
1162 0.033115464951557025
1163 0.03311550645305555
1164 0.03311554795455404
1165 0.03311558945605251
1166 0.03311563095755102
1167 0.0331156724590495
1168 0.03311571396054802
1169 0.03311575546204651
1170 0.03311579696354504
1171 0.033115838465043484
1172 0.03311587996654203
1173 0.03311592146804048
1174 0.03311596296953903
1175 0.0331160044710375
1176 0.03311604597253601
1177 0.03311608747403448
1178 0.03311612897553299
1179 0.03311617047703148
1180 0.03311621197853001
1181 0.033116253480028446
1182 0.03311629498152698
1183 0.0331163364830255
1184 0.03311637798452398
1185 0.03311641948602244
1186 0.03311646098752094
1187 0.03311650248901948
1188 0.03311654399051792
1189 0.03311658549201647
1190 0.033116626993514926
1191 0.03311666849501343
1192 0.033116709996511964
1193 0.033116751498010404
1194 0.033116792999508954
1195 0.03311683450100741
1196 0.0331168760025059
1197 0.03311691750400443
1198 0.03311695900550294
1199 0.03311700050700143
1200 0.033117042008499874
1201 0.03311708350999837
1202 0.0331171250114969
1203 0.0331171665129954
1204 0.03311720801449388
1205 0.0331172495159924
1206 0.03311729101749089
1207 0.03311733251898935
1208 0.03311737402048785
1209 0.033117415521986396
1210 0.03311745702348484
1211 0.03311749852498333
1212 0.03311754002648186
1213 0.03311758152798036
1214 0.033117623029478835
1215 0.033117664530977343
1216 0.03311770603247583
1217 0.033117747533974354
1218 0.033117789035472855
1219 0.03311783053697133
1220 0.03311787203846984
1221 0.03311791353996832
1222 0.03311795504146684
1223 0.033117996542965336
1224 0.03311803804446381
1225 0.03311807954596232
1226 0.0331181210474608
1227 0.03311816254895932
1228 0.03311820405045782
1229 0.03311824555195628
1230 0.033118287053454785
1231 0.033118328554953266
1232 0.03311837005645178
1233 0.03311841155795028
1234 0.033118453059448744
1235 0.033118494560947245
1236 0.03311853606244578
1237 0.03311857756394424
1238 0.03311861906544273
1239 0.03311866056694126
1240 0.03311870206843976
1241 0.033118743569938235
1242 0.03311878507143675
1243 0.03311882657293524
1244 0.03311886807443376
1245 0.0331189095759322
1246 0.033118951077430736
1247 0.033118992578929245
1248 0.03311903408042773
1249 0.03311907558192619
1250 0.033119117083424694
1251 0.033119158584923224
1252 0.03311920008642174
1253 0.03311924158792021
1254 0.03311928308941867
1255 0.033119324590917175
1256 0.033119366092415704
1257 0.03311940759391421
1258 0.0331194490954127
1259 0.033119490596911154
1260 0.03311953209840965
1261 0.03311957359990818
1262 0.03311961510140668
1263 0.03311965660290516
1264 0.033119698104403676
1265 0.03311973960590217
1266 0.03311978110740063
1267 0.03311982260889914
1268 0.033119864110397614
1269 0.03311990561189613
1270 0.033119947113394624
1271 0.033119988614893146
1272 0.03312003011639165
1273 0.03312007161789012
1274 0.03312011311938864
1275 0.033120154620887125
1276 0.03312019612238559
1277 0.03312023762388409
1278 0.03312027912538262
1279 0.03312032062688108
1280 0.03312036212837962
1281 0.03312040362987808
1282 0.033120445131376575
1283 0.03312048663287511
1284 0.03312052813437356
1285 0.03312056963587211
1286 0.03312061113737056
1287 0.033120652638869055
1288 0.03312069414036759
1289 0.0331207356418661
1290 0.03312077714336458
1291 0.033120818644863034
1292 0.03312086014636153
1293 0.03312090164786006
1294 0.03312094314935856
1295 0.03312098465085704
1296 0.03312102615235556
1297 0.03312106765385405
1298 0.03312110915535252
1299 0.03312115065685102
1300 0.033121192158349494
1301 0.03312123365984801
1302 0.0331212751613465
1303 0.03312131666284503
1304 0.03312135816434352
1305 0.033121399665842
1306 0.03312144116734052
1307 0.033121482668839006
1308 0.033121524170337466
1309 0.03312156567183596
1310 0.0331216071733345
1311 0.03312164867483301
1312 0.03312169017633149
1313 0.03312173167782995
1314 0.033121773179328455
1315 0.033121814680826984
1316 0.03312185618232543
1317 0.033121897683823974
1318 0.033121939185322434
1319 0.03312198068682093
1320 0.03312202218831946
1321 0.03312206368981797
1322 0.03312210519131645
1323 0.03312214669281496
1324 0.03312218819431346
1325 0.033122229695811925
1326 0.03312227119731043
1327 0.03312231269880891
1328 0.03312235420030742
1329 0.03312239570180592
1330 0.033122437203304385
1331 0.033122478704802887
1332 0.03312252020630142
1333 0.033122561707799876
1334 0.033122603209298364
1335 0.03312264471079689
1336 0.03312268621229539
1337 0.03312272771379387
1338 0.03312276921529238
1339 0.033122810716790865
1340 0.03312285221828939
1341 0.03312289371978789
1342 0.03312293522128636
1343 0.033122976722784865
1344 0.03312301822428335
1345 0.033123059725781875
1346 0.03312310122728037
1347 0.03312314272877884
1348 0.03312318423027735
1349 0.033123225731775834
1350 0.03312326723327435
1351 0.03312330873477285
1352 0.03312335023627132
1353 0.03312339173776982
1354 0.03312343323926831
1355 0.03312347474076682
1356 0.03312351624226532
1357 0.03312355774376378
1358 0.033123599245262286
1359 0.03312364074676077
1360 0.033123682248259276
1361 0.03312372374975777
1362 0.03312376525125629
1363 0.033123806752754795
1364 0.033123848254253276
1365 0.03312388975575179
1366 0.03312393125725028
1367 0.03312397275874874
1368 0.03312401426024724
1369 0.03312405576174578
1370 0.033124097263244286
1371 0.03312413876474277
1372 0.03312418026624124
1373 0.033124221767739735
1374 0.03312426326923821
1375 0.03312430477073672
1376 0.03312434627223526
1377 0.03312438777373372
1378 0.033124429275232216
1379 0.03312447077673069
1380 0.0331245122782292
1381 0.03312455377972774
1382 0.0331245952812262
1383 0.03312463678272469
1384 0.03312467828422322
1385 0.03312471978572172
1386 0.03312476128722021
1387 0.03312480278871867
1388 0.03312484429021722
1389 0.033124885791715686
1390 0.03312492729321419
1391 0.03312496879471267
1392 0.03312501029621118
1393 0.03312505179770967
1394 0.033125093299208194
1395 0.03312513480070664
1396 0.03312517630220518
1397 0.03312521780370363
1398 0.03312525930520217
1399 0.03312530080670064
1400 0.033125342308199135
1401 0.033125383809697616
1402 0.033125425311196124
1403 0.03312546681269461
1404 0.033125508314193135
1405 0.03312554981569163
1406 0.0331255913171901
1407 0.03312563281868861
1408 0.0331256743201871
1409 0.033125715821685615
1410 0.03312575732318411
1411 0.033125798824682584
1412 0.03312584032618109
1413 0.033125881827679574
1414 0.03312592332917809
1415 0.033125964830676584
1416 0.03312600633217506
1417 0.03312604783367356
1418 0.0331260893351721
1419 0.033126130836670556
1420 0.03312617233816905
1421 0.03312621383966757
1422 0.033126255341166075
1423 0.033126296842664556
1424 0.03312633834416307
1425 0.03312637984566156
1426 0.033126421347160026
1427 0.03312646284865853
1428 0.033126504350157064
1429 0.03312654585165552
1430 0.033126587353154005
1431 0.03312662885465253
1432 0.03312667035615103
1433 0.0331267118576495
1434 0.03312675335914801
1435 0.03312679486064649
1436 0.033126836362145015
1437 0.03312687786364352
1438 0.03312691936514199
1439 0.03312696086664049
1440 0.03312700236813898
1441 0.0331270438696375
1442 0.03312708537113599
1443 0.033127126872634464
1444 0.03312716837413297
1445 0.033127209875631454
1446 0.03312725137712997
1447 0.033127292878628464
1448 0.03312733438012693
1449 0.03312737588162544
1450 0.03312741738312392
1451 0.033127458884622436
1452 0.033127500386120924
1453 0.033127541887619454
1454 0.033127583389117955
1455 0.03312762489061643
1456 0.033127666392114945
1457 0.03312770789361343
1458 0.0331277493951119
1459 0.0331277908966104
1460 0.03312783239810888
1461 0.03312787389960739
1462 0.033127915401105934
1463 0.0331279569026044
1464 0.033130547454966616
1465 0.0331331380073288
1466 0.03313572855969105
1467 0.0331383191120532
1468 0.033140909664415415
1469 0.03314350021677766
1470 0.033146090769139845
1471 0.03314868132150206
1472 0.03315127187386428
1473 0.03315386242622646
1474 0.03315645297858866
1475 0.03315904353095087
1476 0.0331616340833131
1477 0.03316422463567528
1478 0.033166815188037484
1479 0.03316940574039969
1480 0.03317199629276192
1481 0.033174586845124115
1482 0.03317717739748632
1483 0.03317976794984853
1484 0.033182358502210706
1485 0.033184949054572956
1486 0.03318753960693515
1487 0.03319013015929737
1488 0.03319272071165955
1489 0.033195311264021796
1490 0.033197901816384004
1491 0.03320049236874617
1492 0.03320308292110841
1493 0.0332056734734706
1494 0.03320826402583281
1495 0.033210854578194976
1496 0.03321344513055722
1497 0.03321603568291941
1498 0.03321862623528162
1499 0.03322121678764385
1500 0.03322380734000603
1501 0.03322639789236823
1502 0.03322898844473045
1503 0.03323157899709267
1504 0.03323416954945486
1505 0.03323676010181706
1506 0.03323935065417928
1507 0.03324194120654151
1508 0.0332445317589037
1509 0.0332471223112659
1510 0.033249712863628114
1511 0.033252303415990295
1512 0.033254893968352545
1513 0.033257484520714746
1514 0.03326007507307691
1515 0.03326266562543915
1516 0.03326525617780134
1517 0.03326784673016355
1518 0.03327043728252577
1519 0.033273027834887954
1520 0.033275618387250155
1521 0.03327820893961236
1522 0.033280799491974586
1523 0.03328339004433677
1524 0.03328598059669902
1525 0.03328857114906118
1526 0.033291161701423405
1527 0.03329375225378559
1528 0.03329634280614785
1529 0.03329893335851001
1530 0.03330152391087224
1531 0.033304114463234426
1532 0.033306705015596634
1533 0.03330929556795885
1534 0.03331188612032108
1535 0.03331447667268327
1536 0.03331706722504548
1537 0.033319657777407696
1538 0.03332224832976988
1539 0.03332483888213207
1540 0.03332742943449428
1541 0.0333300199868565
1542 0.03333261053921868
1543 0.03333520109158093
1544 0.03333779164394314
1545 0.033340382196305314
1546 0.03334297274866755
1547 0.033345563301029744
1548 0.03334815385339196
1549 0.03335074440575413
1550 0.033353334958116376
1551 0.03335592551047857
1552 0.033358516062840786
1553 0.033361106615202966
1554 0.0333636971675652
1555 0.033366287719927404
1556 0.03336887827228957
1557 0.0333714688246518
1558 0.033374059377013994
1559 0.0333766499293762
1560 0.03337924048173842
1561 0.033381831034100654
1562 0.03338442158646284
1563 0.03338701213882505
1564 0.03338960269118727
1565 0.03339219324354945
1566 0.033394783795911646
1567 0.03339737434827386
1568 0.03339996490063608
1569 0.033402555452998264
1570 0.03340514600536046
1571 0.033407736557722674
1572 0.033410327110084896
1573 0.033412917662447084
1574 0.03341550821480934
1575 0.0334180987671715
1576 0.03342068931953372
1577 0.03342327987189592
1578 0.03342587042425812
1579 0.03342846097662033
1580 0.03343105152898256
1581 0.03343364208134476
1582 0.03343623263370696
1583 0.03343882318606917
1584 0.0334414137384314
1585 0.033444004290793604
1586 0.033446594843155805
1587 0.03344918539551798
1588 0.03345177594788021
1589 0.0334543665002424
1590 0.03345695705260462
1591 0.03345954760496684
1592 0.03346213815732902
1593 0.03346472870969122
1594 0.03346731926205343
1595 0.03346990981441565
1596 0.03347250036677784
1597 0.03347509091914004
1598 0.033477681471502256
1599 0.03348027202386448
1600 0.03348286257622667
1601 0.03348545312858887
1602 0.03348804368095108
1603 0.03349063423331331
1604 0.033493224785675506
1605 0.03349581533803771
1606 0.03349840589039993
1607 0.0335009964427621
1608 0.033503586995124346
1609 0.033506177547486554
1610 0.03350876809984872
1611 0.03351135865221096
1612 0.03351394920457315
1613 0.03351653975693536
1614 0.03351913030929758
1615 0.03352172086165976
1616 0.033524311414021964
1617 0.03352690196638418
1618 0.0335294925187464
1619 0.03353208307110859
1620 0.03353467362347078
1621 0.033537264175833
1622 0.03353985472819522
1623 0.03354244528055741
1624 0.03354503583291961
1625 0.033547626385281824
1626 0.03355021693764405
1627 0.03355280749000625
1628 0.03355539804236845
1629 0.033557988594730664
1630 0.033560579147092845
1631 0.03356316969945509
1632 0.03356576025181729
1633 0.03356835080417951
1634 0.03357094135654169
1635 0.033573531908903886
1636 0.033576122461266095
1637 0.03357871301362832
1638 0.03358130356599055
1639 0.03358389411835275
1640 0.033586484670714956
1641 0.03358907522307713
1642 0.033591665775439365
1643 0.03359425632780157
1644 0.033596846880163775
1645 0.033599437432525955
1646 0.03360202798488819
1647 0.03360461853725039
1648 0.0336072090896126
1649 0.03360979964197478
1650 0.033612390194337025
1651 0.033614980746699226
1652 0.03361757129906139
1653 0.03362016185142362
1654 0.033622752403785816
1655 0.03362534295614802
1656 0.03362793350851024
1657 0.03363052406087247
1658 0.03363311461323466
1659 0.03363570516559687
1660 0.033638295717959045
1661 0.033640886270321274
1662 0.03364347682268347
1663 0.033646067375045684
1664 0.033648657927407906
1665 0.033651248479770086
1666 0.03365383903213229
1667 0.0336564295844945
1668 0.03365902013685672
1669 0.03366161068921891
1670 0.033664201241581114
1671 0.03366679179394333
1672 0.03366938234630555
1673 0.033671972898667746
1674 0.03367456345102995
1675 0.033677154003392155
1676 0.033679744555754385
1677 0.03368233510811658
1678 0.03368492566047879
1679 0.033687516212841
1680 0.03369010676520318
1681 0.03369269731756538
1682 0.033695287869927634
1683 0.0336978784222898
1684 0.03370046897465204
1685 0.03370305952701423
1686 0.03370565007937644
1687 0.03370824063173861
1688 0.03371083118410085
1689 0.03371342173646305
1690 0.03371601228882526
1691 0.03371860284118748
1692 0.03372119339354967
1693 0.03372378394591187
1694 0.033726374498274085
1695 0.03372896505063631
1696 0.0337315556029985
1697 0.0337341461553607
1698 0.03373673670772292
1699 0.03373932726008509
1700 0.033741917812447335
1701 0.033744508364809536
1702 0.03374709891717176
1703 0.03374968946953394
1704 0.03375228002189613
1705 0.03375487057425834
1706 0.03375746112662056
1707 0.033760051678982786
1708 0.03376264223134498
1709 0.033765232783707196
1710 0.03376782333606941
1711 0.0337704138884316
1712 0.03377300444079379
1713 0.03377559499315601
1714 0.03377818554551823
1715 0.03378077609788042
1716 0.03378336665024262
1717 0.03378595720260483
1718 0.033788547754967056
1719 0.033791138307329244
1720 0.033793728859691445
1721 0.03379631941205366
1722 0.03379890996441584
1723 0.033801500516778084
1724 0.033804091069140285
1725 0.0338066816215025
1726 0.03380927217386468
1727 0.033811862726226875
1728 0.033814453278589084
1729 0.0338170438309513
1730 0.03381963438331353
1731 0.03382222493567573
1732 0.03382481548803793
1733 0.03382740604040015
1734 0.03382999659276234
1735 0.033832587145124535
1736 0.03383517769748675
1737 0.03383776824984897
1738 0.03384035880221116
1739 0.033842949354573354
1740 0.03384553990693557
1741 0.03384813045929779
1742 0.03385072101165998
1743 0.03385331156402219
1744 0.033855902116384395
1745 0.033858492668746624
1746 0.03386108322110881
1747 0.03386367377347102
1748 0.033866264325833235
1749 0.03386885487819546
1750 0.03387144543055765
1751 0.03387403598291986
1752 0.03387662653528203
1753 0.03387921708764426
1754 0.03388180764000646
1755 0.033884398192368666
1756 0.03388698874473088
1757 0.03388957929709307
1758 0.03389216984945531
1759 0.03389476040181752
1760 0.0338973509541797
1761 0.03389994150654193
1762 0.03390253205890413
1763 0.03390512261126634
1764 0.03390771316362852
1765 0.033910303715990756
1766 0.03391289426835296
1767 0.033915484820715165
1768 0.03391807537307735
1769 0.03392066592543958
1770 0.03392325647780179
1771 0.03392584703016396
1772 0.033928437582526186
1773 0.03393102813488838
1774 0.03393361868725059
1775 0.0339362092396128
1776 0.03393879979197503
1777 0.03394139034433723
1778 0.03394398089669943
1779 0.03394657144906165
1780 0.03394916200142384
1781 0.03395175255378603
1782 0.03395434310614824
1783 0.03395693365851046
1784 0.03395952421087265
1785 0.033962114763234894
1786 0.03396470531559706
1787 0.03396729586795928
1788 0.03396988642032147
1789 0.03397247697268372
1790 0.033975067525045886
1791 0.03397765807740811
1792 0.0339802486297703
1793 0.033982839182132504
1794 0.03398542973449472
1795 0.03398802028685694
1796 0.033990610839219136
1797 0.033993201391581344
1798 0.03399579194394356
1799 0.03399838249630574
1800 0.03400097304866798
1801 0.03400356360103019
1802 0.034006154153392365
1803 0.034008744705754594
1804 0.03401133525811679
1805 0.034013925810479
1806 0.03401651636284122
1807 0.034019106915203406
1808 0.0340216974675656
1809 0.034024288019927816
1810 0.03402687857229004
1811 0.034029469124652226
1812 0.03403205967701443
1813 0.034034650229376635
1814 0.034037240781738864
1815 0.03403983133410105
1816 0.03404242188646325
1817 0.03404501243882547
1818 0.0340476029911877
1819 0.034050193543549885
1820 0.03405278409591209
1821 0.03405537464827431
1822 0.03405796520063649
1823 0.03406055575299873
1824 0.03406314630536093
1825 0.03406573685772311
1826 0.034068327410085336
1827 0.03407091796244754
1828 0.034073508514809746
1829 0.034077198236974617
1830 0.03408088795913945
1831 0.03408457768130434
1832 0.03408826740346917
1833 0.034091957125634065
1834 0.034095646847798915
1835 0.034099336569963806
1836 0.03410302629212866
1837 0.03410671601429352
1838 0.03411040573645838
1839 0.03411409545862324
1840 0.03411778518078811
1841 0.03412147490295298
1842 0.03412516462511785
1843 0.03412885434728269
1844 0.034132544069447567
1845 0.034136233791612444
1846 0.034139923513777294
1847 0.03414361323594218
1848 0.03414730295810703
1849 0.03415099268027188
1850 0.034154682402436735
1851 0.03415837212460164
1852 0.0341620618467665
1853 0.03416575156893136
1854 0.03416944129109619
1855 0.03417313101326106
1856 0.03417682073542593
1857 0.03418051045759081
1858 0.034184200179755646
1859 0.03418788990192053
1860 0.03419157962408538
1861 0.034195269346250265
1862 0.034198959068415115
1863 0.03420264879057997
1864 0.03420633851274483
1865 0.034210028234909734
1866 0.03421371795707459
1867 0.03421740767923946
1868 0.034221097401404284
1869 0.03422478712356916
1870 0.03422847684573404
1871 0.03423216656789891
1872 0.03423585629006375
1873 0.03423954601222864
1874 0.03424323573439348
1875 0.03424692545655837
1876 0.03425061517872323
1877 0.03425430490088807
1878 0.034257994623052936
1879 0.0342616843452178
1880 0.03426537406738266
1881 0.03426906378954753
1882 0.0342727535117124
1883 0.034276443233877275
1884 0.034280132956042146
1885 0.03428382267820698
1886 0.034287512400371874
1887 0.03429120212253671
1888 0.0342948918447016
1889 0.03429858156686645
1890 0.0343022712890313
1891 0.03430596101119616
1892 0.03430965073336106
1893 0.03431334045552593
1894 0.03431703017769075
1895 0.03432071989985561
1896 0.03432440962202049
1897 0.03432809934418536
1898 0.03433178906635024
1899 0.034335478788515075
1900 0.03433916851067997
1901 0.0343428582328448
1902 0.034346547955009694
1903 0.034350237677174544
1904 0.03435392739933941
1905 0.03435761712150426
1906 0.034361306843669163
1907 0.03436499656583403
1908 0.0343686862879989
1909 0.03437237601016371
1910 0.03437606573232859
1911 0.03437975545449347
1912 0.0343834451766583
1913 0.03438713489882319
1914 0.03439082462098807
1915 0.03439451434315292
1916 0.03439820406531777
1917 0.03440189378748266
1918 0.034405583509647515
1919 0.03440927323181237
1920 0.034412962953977236
1921 0.0344166526761421
1922 0.03442034239830696
1923 0.034424032120471834
1924 0.03442772184263667
1925 0.03443141156480155
1926 0.03443510128696643
1927 0.03443879100913127
1928 0.03444248073129615
1929 0.034446170453461
1930 0.03444986017562585
1931 0.034453549897790745
1932 0.0344572396199556
1933 0.03446092934212046
1934 0.03446461906428532
1935 0.03446830878645019
1936 0.03447199850861506
1937 0.034475688230779934
1938 0.03447937795294476
1939 0.03448306767510964
1940 0.034486757397274526
1941 0.03449044711943937
1942 0.03449413684160426
1943 0.0344978265637691
1944 0.03450151628593395
1945 0.03450520600809885
1946 0.03450889573026371
1947 0.03451258545242857
1948 0.034516275174593436
1949 0.0345199648967583
1950 0.03452365461892317
1951 0.03452734434108805
1952 0.03453103406325288
1953 0.034534723785417755
1954 0.0345384135075826
1955 0.03454210322974748
1956 0.034545792951912326
1957 0.03454948267407722
1958 0.034553172396242074
1959 0.03455686211840693
1960 0.03456055184057179
1961 0.03456424156273665
1962 0.034567931284901515
1963 0.034571621007066386
1964 0.03457531072923125
1965 0.034579000451396134
1966 0.03458269017356097
1967 0.03458637989572584
1968 0.034590069617890726
1969 0.034593759340055576
1970 0.034597449062220426
1971 0.03460113878438531
1972 0.03460482850655017
1973 0.034608518228715024
1974 0.03461220795087989
1975 0.03461589767304475
1976 0.034619587395209615
1977 0.03462327711737448
1978 0.03462696683953936
1979 0.03463065656170423
1980 0.034634346283869064
1981 0.03463803600603395
1982 0.03464172572819879
1983 0.034645415450363676
1984 0.03464910517252853
1985 0.03465279489469338
1986 0.03465648461685828
1987 0.03466017433902313
1988 0.034663864061188
1989 0.03466755378335286
1990 0.03467124350551773
1991 0.0346749332276826
1992 0.03467862294984743
1993 0.03468231267201231
1994 0.03468600239417719
1995 0.03468969211634203
1996 0.03469338183850691
1997 0.03469707156067176
1998 0.03470076128283661
1999 0.0347044510050015
2000 0.03470814072716636
2001 0.034711830449331224
2002 0.03471552017149608
2003 0.034719209893660945
2004 0.034722899615825815
2005 0.034726589337990686
2006 0.03473027906015553
2007 0.0347339687823204
2008 0.03473765850448528
2009 0.03474134822665012
2010 0.03474503794881501
2011 0.034748727670979855
2012 0.03475241739314471
2013 0.034756107115309604
2014 0.03475979683747446
2015 0.03476348655963932
2016 0.03476717628180419
2017 0.03477086600396905
2018 0.03477455572613392
2019 0.03477824544829875
2020 0.034781935170463636
2021 0.03478562489262851
2022 0.03478931461479335
2023 0.034793004336958235
2024 0.03479669405912308
2025 0.03480038378128793
2026 0.034804073503452826
2027 0.03480776322561768
2028 0.03481145294778254
2029 0.0348151426699474
2030 0.03481883239211226
2031 0.03482252211427713
2032 0.03482621183644201
2033 0.03482990155860687
2034 0.03483359128077175
2035 0.03483728100293659
2036 0.03484097072510148
2037 0.03484466044726632
2038 0.03484835016943121
2039 0.034852039891596055
2040 0.03485572961376092
2041 0.034859419335925776
2042 0.03486310905809063
2043 0.03486679878025553
2044 0.03487048850242036
2045 0.034874178224585224
2046 0.034877867946750095
2047 0.03488155766891497
2048 0.034885247391079816
2049 0.034888937113244686
2050 0.034892626835409536
2051 0.03489631655757442
2052 0.03490000627973928
2053 0.03490369600190416
2054 0.03490738572406902
2055 0.034911075446233876
2056 0.03491476516839874
2057 0.034918454890563604
2058 0.03492214461272847
2059 0.034925834334893345
2060 0.034929524057058216
2061 0.03493321377922305
2062 0.03493690350138792
2063 0.03494059322355281
2064 0.03494428294571765
2065 0.034947972667882535
2066 0.03495166239004739
2067 0.03495535211221225
2068 0.0349590418343771
2069 0.03496273155654196
2070 0.034966421278706826
2071 0.03497011100087168
2072 0.034973800723036554
2073 0.034977490445201424
2074 0.0349811801673663
2075 0.03498486988953117
2076 0.034988559611696016
2077 0.0349922493338609
2078 0.03499593905602574
2079 0.034999628778190635
2080 0.035003318500355485
2081 0.03500700822252034
2082 0.03501069794468519
2083 0.03501438766685006
2084 0.035018077389014926
2085 0.03502176711117979
2086 0.035025456833344654
2087 0.03502914655550953
2088 0.0350328362776744
2089 0.035036525999839245
2090 0.03504021572200412
2091 0.035043905444168966
2092 0.03504759516633385
2093 0.03505128488849871
2094 0.03505497461066356
2095 0.03505866433282845
2096 0.03506235405499331
2097 0.03506604377715817
2098 0.03506973349932303
2099 0.035073423221487904
2100 0.035077112943652775
2101 0.035080802665817604
2102 0.03508449238798248
2103 0.03508818211014736
2104 0.0350918718323122
2105 0.03509556155447709
2106 0.035099251276641937
2107 0.03510294099880679
2108 0.03510663072097168
2109 0.035110320443136535
2110 0.0351140101653014
2111 0.03511769988746626
2112 0.035121389609631126
2113 0.03512507933179599
2114 0.03512876905396087
2115 0.0351324587761257
2116 0.03513614849829058
2117 0.03513983822045546
2118 0.0351435279426203
2119 0.03514721766478519
2120 0.03515090738695004
2121 0.035154597109114886
2122 0.035158286831279785
2123 0.03516197655344464
2124 0.0351656662756095
2125 0.03516935599777437
2126 0.03517304571993923
2127 0.035176735442104104
2128 0.035180425164268975
2129 0.03518411488643381
2130 0.03518780460859869
2131 0.035191494330763524
2132 0.03519518405292841
2133 0.035198873775093266
2134 0.03520256349725815
2135 0.03520625321942301
2136 0.035209942941587864
2137 0.03521363266375272
2138 0.035217322385917585
2139 0.03522101210808245
2140 0.03522470183024732
2141 0.03522839155241219
2142 0.035232081274577054
2143 0.0352357709967419
2144 0.035239460718906775
2145 0.03524315044107165
2146 0.0352468401632365
2147 0.03525052988540135
2148 0.035254219607566244
2149 0.0352579093297311
2150 0.03526159905189596
2151 0.035265288774060814
2152 0.03526897849622568
2153 0.03527266821839054
2154 0.03527635794055541
2155 0.03528004766272028
2156 0.03528373738488516
2157 0.035287427107050004
2158 0.035291116829214875
2159 0.03529480655137972
2160 0.03529849627354461
2161 0.03530218599570946
2162 0.03530587571787435
2163 0.0353095654400392
2164 0.035313255162204064
2165 0.03531694488436893
2166 0.035320634606533785
2167 0.035324324328698656
2168 0.035328014050863527
2169 0.035331703773028356
2170 0.03533539349519323
2171 0.03533908321735811
2172 0.035342772939522954
2173 0.03534646266168784
2174 0.03535015238385269
2175 0.03535384210601754
2176 0.03535753182818243
2177 0.03536122155034729
2178 0.03536491127251215
2179 0.035368600994677014
2180 0.03537229071684188
2181 0.03537598043900674
2182 0.03537967016117161
2183 0.03538335988333648
2184 0.035387049605501326
2185 0.035390739327666204
2186 0.03539442904983105
2187 0.03539811877199593
2188 0.03540180849416079
2189 0.03540549821632567
2190 0.03540918793849053
2191 0.03541287766065539
2192 0.03541656738282025
2193 0.03542025710498511
2194 0.03542394682714998
2195 0.03542967292799711
2196 0.03543539902884423
2197 0.03544112512969134
2198 0.03544685123053843
2199 0.03545257733138559
2200 0.03545830343223269
2201 0.035464029533079824
2202 0.035469755633926944
2203 0.03547548173477404
2204 0.03548120783562118
2205 0.03548693393646829
2206 0.035492660037315396
2207 0.03549838613816252
2208 0.03550411223900964
2209 0.035509838339856784
2210 0.035515564440703876
2211 0.03552129054155099
2212 0.03552701664239812
2213 0.035532742743245214
2214 0.03553846884409236
2215 0.03554419494493947
2216 0.035549921045786595
2217 0.03555564714663371
2218 0.03556137324748084
2219 0.035567099348327934
2220 0.03557282544917508
2221 0.03557855155002218
2222 0.03558427765086931
2223 0.03559000375171642
2224 0.035595729852563554
2225 0.03560145595341064
2226 0.035607182054257794
2227 0.035612908155104886
2228 0.035618634255952006
2229 0.03562436035679916
2230 0.03563008645764625
2231 0.03563581255849337
2232 0.035641538659340485
2233 0.03564726476018762
2234 0.03565299086103474
2235 0.03565871696188185
2236 0.035664443062728986
2237 0.0356701691635761
2238 0.035675895264423205
2239 0.03568162136527034
2240 0.03568734746611746
2241 0.035693073566964564
2242 0.0356987996678117
2243 0.03570452576865881
2244 0.035710251869505924
2245 0.03571597797035305
2246 0.035721704071200164
2247 0.03572743017204727
2248 0.035733156272894404
2249 0.035738882373741516
2250 0.03574460847458862
2251 0.035750334575435756
2252 0.03575606067628287
2253 0.03576178677713
2254 0.035767512877977095
2255 0.035773238978824215
2256 0.035778965079671356
2257 0.03578469118051844
2258 0.03579041728136559
2259 0.035796143382212695
2260 0.03580186948305982
2261 0.035807595583906934
2262 0.03581332168475403
2263 0.03581904778560117
2264 0.03582477388644831
2265 0.035830499987295414
2266 0.035836226088142534
2267 0.03584195218898965
2268 0.03584767828983678
2269 0.03585340439068387
2270 0.03585913049153101
2271 0.03586485659237811
2272 0.03587058269322524
2273 0.03587630879407239
2274 0.03588203489491948
2275 0.035887760995766606
2276 0.03589348709661371
2277 0.035899213197460846
2278 0.035904939298307965
2279 0.03591066539915507
2280 0.035916391500002205
2281 0.035922117600849325
2282 0.03592784370169643
2283 0.035933569802543565
2284 0.035939295903390685
2285 0.03594502200423779
2286 0.03595074810508492
2287 0.035956474205932044
2288 0.03596220030677915
2289 0.03596792640762628
2290 0.03597365250847339
2291 0.035979378609320496
2292 0.03598510471016763
2293 0.03599083081101474
2294 0.03599655691186185
2295 0.036002283012708976
2296 0.036008009113556096
2297 0.036013735214403236
2298 0.03601946131525032
2299 0.03602518741609744
2300 0.03603091351694458
2301 0.03603663961779167
2302 0.03604236571863882
2303 0.03604809181948592
2304 0.03605381792033305
2305 0.03605954402118016
2306 0.0360652701220273
2307 0.03607099622287442
2308 0.036076722323721534
2309 0.03608244842456863
2310 0.03608817452541576
2311 0.03609390062626287
2312 0.03609962672711001
2313 0.036105352827957134
2314 0.03611107892880424
2315 0.03611680502965134
2316 0.036122531130498466
2317 0.036128257231345606
2318 0.036133983332192705
2319 0.036139709433039825
2320 0.03614543553388694
2321 0.03615116163473407
2322 0.036156887735581185
2323 0.0361626138364283
2324 0.03616833993727543
2325 0.03617406603812255
2326 0.03617979213896966
2327 0.03618551823981679
2328 0.03619124434066391
2329 0.03619697044151102
2330 0.03620269654235815
2331 0.036208422643205264
2332 0.03621414874405237
2333 0.036219874844899504
2334 0.03622560094574662
2335 0.03623132704659373
2336 0.03623705314744085
2337 0.03624277924828797
2338 0.036248505349135075
2339 0.0362542314499822
2340 0.03625995755082932
2341 0.03626568365167646
2342 0.03627140975252355
2343 0.03627713585337067
2344 0.0362828619542178
2345 0.03628858805506493
2346 0.03629431415591204
2347 0.03630004025675915
2348 0.03630576635760627
2349 0.03631149245845338
2350 0.03631721855930052
2351 0.03632294466014765
2352 0.036328670760994754
2353 0.03633439686184186
2354 0.03634012296268899
2355 0.03634584906353609
2356 0.03635157516438323
2357 0.03635730126523035
2358 0.036363027366077466
2359 0.03636875346692456
2360 0.036374479567771685
2361 0.03638020566861883
2362 0.03638593176946593
2363 0.03639165787031305
2364 0.03639738397116016
2365 0.03640311007200729
2366 0.03640883617285441
2367 0.036414562273701524
2368 0.03642028837454865
2369 0.03642601447539577
2370 0.036431740576242884
2371 0.03643746667709001
2372 0.03644319277793713
2373 0.03644891887878424
2374 0.03645464497963137
2375 0.03646037108047848
2376 0.036466097181325596
2377 0.03647182328217272
2378 0.03647754938301984
2379 0.03648327548386695
2380 0.036489001584714076
2381 0.03649472768556119
2382 0.036500453786408295
2383 0.03650617988725542
2384 0.036511905988102576
2385 0.03651763208894968
2386 0.03652335818979681
2387 0.03652908429064392
2388 0.03653481039149103
2389 0.036540536492338155
2390 0.03654626259318527
2391 0.03655198869403237
2392 0.036557714794879494
2393 0.03656344089572661
2394 0.03656916699657375
2395 0.03657489309742087
2396 0.03658061919826798
2397 0.036586345299115114
2398 0.036592071399962206
2399 0.03659779750080932
2400 0.03660352360165645
2401 0.03660924970250357
2402 0.036614975803350686
2403 0.03662070190419782
2404 0.036626428005044905
2405 0.03663215410589205
2406 0.03663788020673915
2407 0.03664360630758627
2408 0.03664933240843341
2409 0.03665505850928051
2410 0.03666078461012763
2411 0.036666510710974744
2412 0.03667223681182188
2413 0.036677962912669
2414 0.0366836890135161
2415 0.03668941511436323
2416 0.03669514121521035
2417 0.036700867316057456
2418 0.03670659341690459
2419 0.03671231951775171
2420 0.03671804561859885
2421 0.03672377171944594
2422 0.03672949782029306
2423 0.0367352239211402
2424 0.036740950021987295
2425 0.03674667612283441
2426 0.03675240222368155
2427 0.03675812832452864
2428 0.036763854425375796
2429 0.036769580526222895
2430 0.03677530662707002
2431 0.03678103272791714
2432 0.03678675882876424
2433 0.03679248492961137
2434 0.03679821103045849
2435 0.03680393713130562
2436 0.03680966323215274
2437 0.03681538933299986
2438 0.03682111543384696
2439 0.03682684153469409
2440 0.0368325676355412
2441 0.03683829373638833
2442 0.03684401983723545
2443 0.036849745938082566
2444 0.03685547203892967
2445 0.03686119813977679
2446 0.03686692424062393
2447 0.03687265034147104
2448 0.03687837644231816
2449 0.03688410254316527
2450 0.036889828644012405
2451 0.03689555474485949
2452 0.03690128084570663
2453 0.03690700694655373
2454 0.03691273304740089
2455 0.036918459148248
2456 0.03692418524909509
2457 0.03692991134994221
2458 0.03693563745078936
2459 0.03694136355163645
2460 0.036947089652483604
2461 0.03695281575333071
2462 0.036958541854177844
2463 0.03696426795502493
2464 0.036969994055872035
2465 0.03697572015671916
2466 0.03698144625756632
2467 0.03698717235841342
2468 0.03699289845926054
2469 0.03699862456010763
2470 0.03700435066095477
2471 0.037010076761801895
2472 0.03701580286264901
2473 0.037021528963496114
2474 0.03702725506434325
2475 0.03703298116519036
2476 0.037038707266037495
2477 0.03704443336688462
2478 0.03705015946773171
2479 0.037055885568578834
2480 0.03706161166942597
2481 0.03706733777027307
2482 0.03707306387112018
2483 0.0370787899719673
2484 0.03708451607281445
2485 0.03709024217366155
2486 0.03709596827450867
2487 0.037101694375355786
2488 0.03710742047620292
2489 0.037113146577050046
2490 0.03711887267789715
2491 0.037124598778744286
2492 0.03713032487959138
2493 0.037136050980438484
2494 0.03714177708128562
2495 0.03714750318213274
2496 0.03715322928297985
2497 0.037158955383826985
2498 0.037164681484674104
2499 0.03717040758552121
2500 0.037176133686368344
2501 0.03718185978721543
2502 0.03718758588806257
2503 0.03719331198890966
2504 0.03719903808975682
2505 0.03720476419060393
2506 0.03721049029145106
2507 0.037216216392298176
2508 0.03722194249314528
2509 0.03722766859399241
2510 0.03723339469483953
2511 0.037239120795686635
2512 0.03724484689653376
2513 0.03725057299738088
2514 0.03725629909822799
2515 0.037262025199075115
2516 0.03726775129992223
2517 0.03727347740076936
2518 0.03727920350161649
2519 0.03728492960246361
2520 0.03729065570331071
2521 0.037296381804157834
2522 0.03730210790500495
2523 0.03730783400585209
2524 0.03731356010669918
2525 0.03731928620754629
2526 0.03732501230839343
2527 0.037330738409240546
2528 0.037336464510087666
2529 0.037342190610934765
2530 0.03734791671178192
2531 0.03735364281262903
2532 0.03735936891347613
2533 0.03736509501432325
2534 0.037370821115170365
2535 0.037376547216017506
2536 0.037382273316864625
2537 0.03738799941771173
2538 0.03739372551855883
2539 0.037399451619405985
2540 0.0374051777202531
2541 0.0374109038211002
2542 0.03741662992194732
2543 0.03742235602279442
2544 0.03742808212364156
2545 0.03743380822448868
2546 0.03743953432533582
2547 0.037445260426182916
2548 0.03745098652703003
2549 0.03745671262787714
2550 0.03746243872872427
2551 0.03746816482957139
2552 0.03747389093041853
2553 0.03747961703126563
2554 0.03748534313211274
2555 0.03749106923295988
2556 0.037496795333806975
2557 0.03750252143465412
2558 0.03750824753550123
2559 0.037513973636348355
2560 0.037519699737195475
2561 0.037525425838042574
2562 0.0375311519388897
2563 0.03753406801100987
2564 0.03753698408313006
2565 0.03753990015525021
2566 0.0375428162273704
2567 0.03754573229949055
2568 0.03754864837161072
2569 0.03755156444373091
2570 0.03755448051585108
2571 0.03755739658797125
2572 0.037560312660091424
2573 0.03756322873221159
2574 0.03756614480433178
2575 0.03756906087645195
2576 0.03757197694857211
2577 0.037574893020692286
2578 0.037577809092812456
2579 0.03758072516493264
2580 0.03758364123705281
2581 0.037586557309172965
2582 0.03758947338129315
2583 0.03759238945341331
2584 0.037595305525533494
2585 0.037598221597653664
2586 0.037601137669773854
2587 0.037604053741894024
2588 0.03760696981401419
2589 0.037609885886134335
2590 0.03761280195825453
2591 0.037615718030374695
2592 0.037618634102494865
2593 0.03762155017461506
2594 0.03762446624673521
2595 0.03762738231885541
2596 0.03763029839097556
2597 0.037633214463095734
2598 0.03763613053521592
2599 0.03763904660733607
2600 0.037641962679456235
2601 0.03764487875157642
2602 0.03764779482369659
2603 0.03765071089581678
2604 0.03765362696793692
2605 0.03765654304005712
2606 0.03765945911217727
2607 0.037662375184297464
2608 0.03766529125641763
2609 0.037668207328537796
2610 0.03767112340065796
2611 0.03767403947277814
2612 0.03767695554489831
2613 0.03767987161701847
2614 0.037682787689138665
2615 0.037685703761258835
2616 0.037688619833379004
2617 0.037691535905499174
2618 0.037694451977619364
2619 0.0376973680497395
2620 0.03770028412185969
2621 0.037703200193979866
2622 0.037706116266100036
2623 0.03770903233822022
2624 0.03771194841034039
2625 0.037714864482460544
2626 0.03771778055458072
2627 0.03772069662670091
2628 0.03772361269882106
2629 0.037726528770941264
2630 0.03772944484306142
2631 0.03773236091518156
2632 0.03773527698730175
2633 0.037738193059421936
2634 0.0377411091315421
2635 0.037744025203662254
2636 0.03774694127578243
2637 0.03774985734790262
2638 0.0377527734200228
2639 0.03775568949214296
2640 0.037758605564263116
2641 0.03776152163638332
2642 0.037764437708503476
2643 0.03776735378062365
2644 0.037770269852743815
2645 0.037773185924864
2646 0.03777610199698417
2647 0.037779018069104324
2648 0.0377819341412245
2649 0.03778485021334469
2650 0.037787766285464874
2651 0.037790682357585044
2652 0.0377935984297052
2653 0.03779651450182537
2654 0.03779943057394553
2655 0.037802346646065715
2656 0.03780526271818588
2657 0.03780817879030606
2658 0.03781109486242624
2659 0.03781401093454643
2660 0.03781692700666657
2661 0.03781984307878677
2662 0.03782275915090692
2663 0.03782567522302709
2664 0.03782859129514725
2665 0.037831507367267425
2666 0.03783442343938762
2667 0.0378373395115078
2668 0.03784025558362794
2669 0.03784317165574813
2670 0.0378460877278683
2671 0.037849003799988463
2672 0.03785191987210865
2673 0.03785483594422881
2674 0.037857752016349
2675 0.03786066808846917
2676 0.037863584160589325
2677 0.03786650023270951
2678 0.03786941630482967
2679 0.03787233237694986
2680 0.03787524844907003
2681 0.03787816452119019
2682 0.03788108059331037
2683 0.037883996665430526
2684 0.03788691273755072
2685 0.037889828809670886
2686 0.03789274488179104
2687 0.037895660953911246
2688 0.03789857702603141
2689 0.037901493098151565
2690 0.037904409170271734
2691 0.03790732524239192
2692 0.03791024131451209
2693 0.037913157386632285
2694 0.037916073458752426
2695 0.03791898953087263
2696 0.037921905602992786
2697 0.037924821675112956
2698 0.03792773774723312
2699 0.037930653819353295
2700 0.03793356989147346
2701 0.03793648596359364
2702 0.03793940203571381
2703 0.037942318107834
2704 0.03794523417995415
2705 0.03794815025207434
2706 0.037951066324194496
2707 0.03795398239631466
2708 0.03795689846843485
2709 0.037959814540555026
2710 0.03796273061267519
2711 0.037965646684795365
2712 0.037968562756915535
2713 0.03797147882903569
2714 0.03797439490115586
2715 0.03797731097327606
2716 0.037980227045396234
2717 0.0379831431175164
2718 0.03798605918963656
2719 0.03798897526175673
2720 0.03799189133387691
2721 0.037994807405997096
2722 0.03799772347811726
2723 0.038000639550237414
2724 0.03800355562235761
2725 0.038006471694477774
2726 0.038009387766597943
2727 0.038012303838718106
2728 0.03801521991083829
2729 0.03801813598295846
2730 0.03802105205507865
2731 0.03802396812719879
2732 0.03802688419931898
2733 0.03802980027143916
2734 0.03803271634355933
2735 0.038035632415679484
2736 0.03803854848779965
2737 0.03804146455991985
2738 0.03804438063204
2739 0.03804729670416019
2740 0.03805021277628037
2741 0.038053128848400515
2742 0.038056044920520705
2743 0.03805896099264088
2744 0.038061877064761045
2745 0.03806479313688123
2746 0.0380677092090014
2747 0.03807062528112156
2748 0.03807354135324173
2749 0.03807645742536192
2750 0.038079373497482076
2751 0.03808228956960224
2752 0.03808520564172243
2753 0.038088121713842606
2754 0.03809103778596276
2755 0.038093953858082945
2756 0.03809686993020311
2757 0.0380997860023233
2758 0.03810270207444347
2759 0.03810561814656362
2760 0.03810853421868381
2761 0.03811145029080397
2762 0.03811436636292415
2763 0.03811728243504432
2764 0.038120198507164506
2765 0.038123114579284655
2766 0.03812603065140485
2767 0.03812894672352501
2768 0.03813186279564517
2769 0.03813477886776536
2770 0.03813769493988554
2771 0.03814061101200569
2772 0.038143527084125876
2773 0.03814644315624604
2774 0.0381493592283662
2775 0.038152275300486406
2776 0.03815519137260656
2777 0.03815810744472674
2778 0.03816102351684691
2779 0.03816393958896709
2780 0.03816685566108723
2781 0.038169771733207424
2782 0.0381726878053276
2783 0.03817560387744777
2784 0.038178519949567946
2785 0.038181436021688116
2786 0.03818435209380827
2787 0.03818726816592845
2788 0.03819018423804864
2789 0.038193100310168794
2790 0.038196016382288964
2791 0.03819893245440912
2792 0.038201848526529324
2793 0.038204764598649486
2794 0.03820768067076966
2795 0.03821059674288983
2796 0.03821351281500999
2797 0.03821642888713016
2798 0.03821934495925035
2799 0.038222261031370525
2800 0.038225177103490694
2801 0.03822809317561085
2802 0.03823100924773102
2803 0.03823392531985121
2804 0.038236841391971386
2805 0.03823975746409154
2806 0.038242673536211726
2807 0.038245589608331895
2808 0.038248505680452086
2809 0.03825142175257223
2810 0.038254337824692425
2811 0.0382572538968126
2812 0.03826016996893277
2813 0.03826308604105293
2814 0.0382660021131731
2815 0.038268918185293266
2816 0.038271834257413435
2817 0.038274750329533605
2818 0.03827766640165379
2819 0.038280582473773965
2820 0.03828349854589415
2821 0.03828641461801433
2822 0.038289330690134495
2823 0.03829224676225465
2824 0.03829516283437482
2825 0.03829807890649501
2826 0.03830099497861518
2827 0.03830391105073535
2828 0.038306827122855526
2829 0.038309743194975696
2830 0.03831265926709585
2831 0.03831557533921603
2832 0.03831849141133619
2833 0.03832140748345637
2834 0.03832432355557654
2835 0.03832723962769672
2836 0.0383301556998169
2837 0.03833307177193706
2838 0.038335987844057236
2839 0.0383389039161774
2840 0.03834181998829758
2841 0.03834473606041775
2842 0.038347652132537914
2843 0.03835056820465809
2844 0.03835348427677825
2845 0.03835640034889844
2846 0.038359316421018606
2847 0.0383622324931388
2848 0.03836514856525897
2849 0.038368064637379136
2850 0.03837098070949931
2851 0.03837389678161948
2852 0.038376812853739645
2853 0.038379728925859814
2854 0.038382644997980005
2855 0.03838556107010019
2856 0.038388477142220344
2857 0.038391393214340507
2858 0.038394309286460676
2859 0.03839722535858084
2860 0.038400141430701015
2861 0.038403057502821185
2862 0.03840597357494136
2863 0.03840888964706154
2864 0.03841180571918173
2865 0.0384147217913019
2866 0.03841763786342207
2867 0.038420553935542216
2868 0.038423470007662414
2869 0.03842638607978257
2870 0.038429302151902746
2871 0.038432218224022936
2872 0.03843513429614309
2873 0.038438050368263255
2874 0.03844096644038344
2875 0.038443882512503615
2876 0.03844679858462378
2877 0.038449714656743954
2878 0.03845263072886412
2879 0.03845554680098431
2880 0.038458462873104476
2881 0.03846137894522464
2882 0.038464295017344816
2883 0.03846721108946498
2884 0.03847012716158516
2885 0.03847304323370533
2886 0.03847595930582549
2887 0.03847887537794567
2888 0.038481791450065854
2889 0.03848470752218604
2890 0.03848762359430621
2891 0.03849053966642636
2892 0.03849345573854654
2893 0.0384963718106667
2894 0.03849928788278688
2895 0.03850220395490705
2896 0.03850512002702723
2897 0.0385080360991474
2898 0.038510952171267564
2899 0.03851386824338775
2900 0.03851678431550791
2901 0.03851970038762809
2902 0.03852261645974826
2903 0.038525532531868426
2904 0.0385284486039886
2905 0.038531364676108765
2906 0.03853428074822895
2907 0.03853719682034912
2908 0.0385401128924693
2909 0.03854302896458948
2910 0.03854594503670964
2911 0.03854886110882979
2912 0.038551777180949987
2913 0.03855469325307017
2914 0.03855760932519032
2915 0.03856052539731051
2916 0.03856344146943066
2917 0.038566357541550855
2918 0.03856927361367101
2919 0.03857218968579119
2920 0.03857510575791137
2921 0.03857802183003152
2922 0.03858093790215172
2923 0.03858385397427187
2924 0.038586770046392035
2925 0.038589686118512226
2926 0.0385926021906324
2927 0.038595518262752565
2928 0.03859757843092557
2929 0.0385996385990986
2930 0.03860169876727162
2931 0.03860375893544462
2932 0.038605819103617635
2933 0.03860787927179064
2934 0.038609939439963666
2935 0.03861199960813668
2936 0.0386140597763097
2937 0.03861611994448272
2938 0.03861818011265572
2939 0.03862024028082874
2940 0.03862230044900178
2941 0.03862436061717478
2942 0.03862642078534779
2943 0.03862848095352082
2944 0.03863054112169383
2945 0.03863260128986686
2946 0.03863466145803986
2947 0.038636721626212865
2948 0.03863878179438589
2949 0.0386408419625589
2950 0.03864290213073193
2951 0.03864496229890495
2952 0.038647022467077956
2953 0.03864908263525097
2954 0.038651142803423987
2955 0.03865320297159701
2956 0.038655263139770024
2957 0.038657323307943026
2958 0.03865938347611605
2959 0.03866144364428905
2960 0.03866350381246207
2961 0.038665563980635115
2962 0.03866762414880811
2963 0.038669684316981125
2964 0.038671744485154154
2965 0.03867380465332715
2966 0.03867586482150016
2967 0.03867792498967318
2968 0.038679985157846215
2969 0.03868204532601922
2970 0.03868410549419223
2971 0.03868616566236526
2972 0.038688225830538256
2973 0.03869028599871129
2974 0.03869234616688429
2975 0.03869440633505733
2976 0.03869646650323033
2977 0.03869852667140335
2978 0.038700586839576376
2979 0.03870264700774937
2980 0.03870470717592238
2981 0.0387067673440954
2982 0.038708827512268416
2983 0.038710887680441446
2984 0.03871294784861446
2985 0.03871500801678747
2986 0.038717068184960485
2987 0.0387191283531335
2988 0.03872118852130652
2989 0.03872324868947954
2990 0.038725308857652546
2991 0.03872736902582556
2992 0.03872942919399857
2993 0.03873148936217159
2994 0.0387335495303446
2995 0.03873560969851762
2996 0.038737669866690645
2997 0.03873973003486365
2998 0.03874179020303666
2999 0.0387438503712097
3000 0.0387459105393827
3001 0.03874797070755571
3002 0.03875003087572873
3003 0.03875209104390175
3004 0.03875415121207478
3005 0.038756211380247776
3006 0.03875827154842081
3007 0.03876033171659381
3008 0.038762391884766816
3009 0.038764452052939845
3010 0.03876651222111286
3011 0.03876857238928587
3012 0.03877063255745889
3013 0.0387726927256319
3014 0.03877475289380492
3015 0.038776813061977944
3016 0.038778873230150966
3017 0.03878093339832396
3018 0.03878299356649697
3019 0.038785053734669984
3020 0.03878711390284303
3021 0.03878917407101602
3022 0.03879123423918904
3023 0.03879329440736207
3024 0.03879535457553508
3025 0.03879741474370809
3026 0.03879947491188111
3027 0.03880153508005413
3028 0.03880359524822715
3029 0.038805655416400166
3030 0.03880771558457317
3031 0.03880977575274619
3032 0.0388118359209192
3033 0.03881389608909222
3034 0.03881595625726523
3035 0.03881801642543824
3036 0.03882007659361125
3037 0.03882213676178428
3038 0.038824196929957304
3039 0.03882625709813031
3040 0.038828317266303335
3041 0.03883037743447635
3042 0.03883243760264935
3043 0.03883449777082237
3044 0.0388365579389954
3045 0.03883861810716839
3046 0.038840678275341406
3047 0.03884273844351443
3048 0.03884479861168747
3049 0.038846858779860466
3050 0.03884891894803349
3051 0.03885097911620649
3052 0.03885303928437951
3053 0.03885509945255253
3054 0.03885715962072555
3055 0.038859219788898565
3056 0.038861279957071566
3057 0.03886334012524459
3058 0.0388654002934176
3059 0.03886746046159062
3060 0.038869520629763656
3061 0.03887158079793666
3062 0.03887364096610967
3063 0.038875701134282674
3064 0.038877761302455696
3065 0.03887982147062873
3066 0.03888188163880173
3067 0.03888394180697474
3068 0.038886001975147765
3069 0.03888806214332079
3070 0.03889012231149379
3071 0.03889218247966681
3072 0.03889424264783982
3073 0.03889630281601284
3074 0.03889836298418586
3075 0.03890042315235886
3076 0.0389024833205319
3077 0.03890454348870491
3078 0.038906603656877925
3079 0.03890866382505094
3080 0.038910723993223935
3081 0.03891278416139698
3082 0.03891484432956998
3083 0.038916904497742995
3084 0.038918964665916
3085 0.03892102483408903
3086 0.03892308500226204
3087 0.03892514517043506
3088 0.03892720533860808
3089 0.03892926550678111
3090 0.0389313256749541
3091 0.03893338584312711
3092 0.03893544601130013
3093 0.03893750617947317
3094 0.03893956634764617
3095 0.038941626515819186
3096 0.038943686683992215
3097 0.03894574685216521
3098 0.03894780702033822
3099 0.03894986718851124
3100 0.038951927356684256
3101 0.038953987524857285
3102 0.0389560476930303
3103 0.03895810786120331
3104 0.038960168029376324
3105 0.03896222819754933
3106 0.03896428836572236
3107 0.03896634853389538
3108 0.03896840870206838
3109 0.03897046887024142
3110 0.03897252903841442
3111 0.038974589206587446
3112 0.038976649374760454
3113 0.03897870954293348
3114 0.03898076971110647
3115 0.0389828298792795
3116 0.038984890047452515
3117 0.038986950215625524
3118 0.038989010383798546
3119 0.03899107055197156
3120 0.038993130720144584
3121 0.0389951908883176
3122 0.03899725105649061
3123 0.03899931122466362
3124 0.03900137139283663
3125 0.039003431561009654
3126 0.03900549172918266
3127 0.03900755189735569
3128 0.039009612065528686
3129 0.039011672233701715
3130 0.03901373240187473
3131 0.039015792570047746
3132 0.03901785273822077
3133 0.039019912906393776
3134 0.039021973074566785
3135 0.03902403324273979
3136 0.03902609341091283
3137 0.03902815357908585
3138 0.03903021374725886
3139 0.03903227391543188
3140 0.0390343340836049
3141 0.039036394251777906
3142 0.03903845441995092
3143 0.03904051458812392
3144 0.039042574756296945
3145 0.03904463492446998
3146 0.03904669509264298
3147 0.039048755260816
3148 0.03905081542898903
3149 0.03905287559716202
3150 0.03905493576533505
3151 0.03905699593350805
3152 0.03905905610168108
3153 0.03906111626985409
3154 0.039063176438027106
3155 0.03906523660620013
3156 0.03906729677437313
3157 0.03906935694254616
3158 0.03907141711071916
3159 0.039073477278892196
3160 0.0390755374470652
3161 0.03907759761523821
3162 0.03907965778341124
3163 0.03908171795158424
3164 0.039083778119757245
3165 0.039085838287930275
3166 0.03908789845610331
3167 0.03908995862427631
3168 0.03909201879244933
3169 0.039094078960622336
3170 0.03909613912879536
3171 0.03909819929696837
3172 0.03910025946514139
3173 0.039102319633314404
3174 0.039104379801487434
3175 0.03910643996966043
3176 0.03910850013783346
3177 0.03911056030600648
3178 0.03911262047417949
3179 0.03911468064235249
3180 0.039116740810525505
3181 0.03911880097869851
3182 0.03912086114687153
3183 0.039122921315044565
3184 0.03912498148321756
3185 0.039127041651390596
3186 0.0391291018195636
3187 0.03913116198773661
3188 0.03913322215590964
3189 0.039135282324082664
3190 0.03913734249225567
3191 0.039139402660428695
3192 0.03914146282860171
3193 0.03914352299677471
3194 0.03914558316494773
3195 0.039147643333120756
3196 0.03914970350129375
3197 0.03915176366946679
3198 0.03915382383763978
3199 0.0391558840058128
3200 0.039157944173985826
3201 0.03916000434215884
3202 0.03916206451033185
3203 0.03916412467850487
3204 0.03916618484667788
3205 0.03916824501485091
3206 0.03917030518302392
3207 0.03917236535119692
3208 0.03917442551936994
3209 0.03917648568754297
3210 0.03917854585571597
3211 0.03918060602388898
3212 0.03918266619206201
3213 0.039184726360235025
3214 0.03918678652840803
3215 0.03918884669658107
3216 0.03919090686475408
3217 0.03919296703292707
3218 0.03919502720110009
3219 0.03919708736927311
3220 0.03919914753744613
3221 0.03920120770561916
3222 0.03920326787379218
3223 0.039205328041965186
3224 0.039207388210138215
3225 0.0392094483783112
3226 0.039211508546484225
3227 0.03921356871465724
3228 0.039215628882830256
3229 0.03921768905100327
3230 0.03921974921917631
3231 0.03922180938734931
3232 0.03922386955552232
3233 0.039225929723695346
3234 0.03922798989186834
3235 0.03923005006004137
3236 0.03923211022821439
3237 0.0392341703963874
3238 0.0392362305645604
3239 0.03923829073273344
3240 0.03924035090090645
3241 0.03924241106907946
3242 0.03924447123725247
3243 0.03924653140542549
3244 0.0392485915735985
3245 0.03925065174177153
3246 0.039252711909944546
3247 0.03925477207811755
3248 0.03925683224629057
3249 0.03925889241446358
3250 0.0392609525826366
3251 0.03926301275080964
3252 0.039265072918982645
3253 0.03926713308715565
3254 0.03926919325532866
3255 0.039271253423501684
3256 0.03927331359167471
3257 0.039275373759847715
3258 0.03927743392802073
3259 0.03927949409619375
3260 0.039281554264366754
3261 0.03928361443253978
3262 0.0392856746007128
3263 0.03928773476888581
3264 0.03928979493705881
3265 0.039291855105231824
3266 0.039293915273404846
3267 0.03929597544157787
3268 0.039298035609750905
3269 0.0393000957779239
3270 0.03930215594609691
3271 0.03930421611426993
3272 0.03930627628244295
3273 0.03930833645061595
3274 0.039310396618789
3275 0.039312456786962005
3276 0.039314516955135
3277 0.03931657712330801
3278 0.03931863729148104
3279 0.03932069745965408
3280 0.03932275762782708
3281 0.039324817796000104
3282 0.039326877964173106
3283 0.03932893813234613
3284 0.03933099830051912
3285 0.039333058468692145
3286 0.03933511863686516
3287 0.03933717880503817
3288 0.03933923897321119
3289 0.03934129914138423
3290 0.03934335930955723
3291 0.03935167304686114
3292 0.03935998678416505
3293 0.03936830052146895
3294 0.03937661425877288
3295 0.03938492799607678
3296 0.03939324173338068
3297 0.03940155547068459
3298 0.03940986920798851
3299 0.039418182945292424
3300 0.03942649668259634
3301 0.03943481041990024
3302 0.039443124157204135
3303 0.039451437894508064
3304 0.03945975163181198
3305 0.03946806536911587
3306 0.03947637910641979
3307 0.0394846928437237
3308 0.039493006581027605
3309 0.039501320318331506
3310 0.03950963405563544
3311 0.03951794779293936
3312 0.03952626153024325
3313 0.03953457526754717
3314 0.039542889004851076
3315 0.039551202742154984
3316 0.03955951647945889
3317 0.039567830216762793
3318 0.03957614395406672
3319 0.03958445769137061
3320 0.039592771428674525
3321 0.03960108516597845
3322 0.039609398903282356
3323 0.039617712640586264
3324 0.039626026377890186
3325 0.039634340115194094
3326 0.03964265385249799
3327 0.03965096758980191
3328 0.039659281327105826
3329 0.039667595064409734
3330 0.03967590880171364
3331 0.03968422253901755
3332 0.03969253627632145
3333 0.03970085001362538
3334 0.0397091637509293
3335 0.03971747748823319
3336 0.039725791225537106
3337 0.039734104962841015
3338 0.03974241870014492
3339 0.039750732437448824
3340 0.039759046174752746
3341 0.03976735991205665
3342 0.03977567364936056
3343 0.03978398738666446
3344 0.039792301123968365
3345 0.0398006148612723
3346 0.03980892859857621
3347 0.03981724233588011
3348 0.03982555607318404
3349 0.03983386981048793
3350 0.03984218354779185
3351 0.03985049728509576
3352 0.03985881102239967
3353 0.039867124759703575
3354 0.03987543849700748
3355 0.03988375223431141
3356 0.039892065971615306
3357 0.03990037970891922
3358 0.039908693446223116
3359 0.03991700718352705
3360 0.03992532092083094
3361 0.03993363465813486
3362 0.03994194839543877
3363 0.039950262132742664
3364 0.03995857587004659
3365 0.03996688960735051
3366 0.0399752033446544
3367 0.039983517081958325
3368 0.03999183081926222
3369 0.04000014455656615
3370 0.04000845829387007
3371 0.04001677203117394
3372 0.04002508576847787
3373 0.040033399505781775
3374 0.04004171324308569
3375 0.0400500269803896
3376 0.04005834071769351
3377 0.0400666544549974
3378 0.04007496819230133
3379 0.04008328192960525
3380 0.04009159566690915
3381 0.040099909404213055
3382 0.04010822314151697
3383 0.04011653687882088
3384 0.04012485061612478
3385 0.04013316435342871
3386 0.0401414780907326
3387 0.04014979182803652
3388 0.040158105565340434
3389 0.04016641930264433
3390 0.040174733039948236
3391 0.040183046777252165
3392 0.040191360514556074
3393 0.040199674251859996
3394 0.04020798798916389
3395 0.040216301726467805
3396 0.04022461546377172
3397 0.04023292920107561
3398 0.04024124293837954
3399 0.04024955667568344
3400 0.04025787041298735
3401 0.04026618415029127
3402 0.040274497887595184
3403 0.04028281162489908
3404 0.040291125362202994
3405 0.040299439099506895
3406 0.0403077528368108
3407 0.04031606657411473
3408 0.040324380311418634
3409 0.04033269404872255
3410 0.040341007786026464
3411 0.040349321523330366
3412 0.04035763526063427
3413 0.04036594899793818
3414 0.040374262735242104
3415 0.040382576472546006
3416 0.04039089020984991
3417 0.04039920394715383
3418 0.040407517684457744
3419 0.04041583142176165
3420 0.04042414515906557
3421 0.040432458896369476
3422 0.04044077263367337
3423 0.0404490863709773
3424 0.0404574001082812
3425 0.04046571384558511
3426 0.04047402758288903
3427 0.04048234132019294
3428 0.04049065505749682
3429 0.04049896879480075
3430 0.04050728253210467
3431 0.04051559626940858
3432 0.04052391000671247
3433 0.04053222374401639
3434 0.0405405374813203
3435 0.040548851218624206
3436 0.040557164955928114
3437 0.04056547869323204
3438 0.040573792430535945
3439 0.04058210616783987
3440 0.04059041990514376
3441 0.040598733642447676
3442 0.040607047379751585
3443 0.04061536111705552
3444 0.0406236748543594
3445 0.04063198859166332
3446 0.04064030232896722
3447 0.04064861606627114
3448 0.040656929803575055
3449 0.04066524354087894
3450 0.04067355727818285
3451 0.04068187101548679
3452 0.04069018475279069
3453 0.04069849849009462
3454 0.040706812227398505
3455 0.0407151259647024
3456 0.04072343970200632
3457 0.04073175343931026
3458 0.040740067176614166
3459 0.04074838091391804
3460 0.04075669465122197
3461 0.0407650083885259
3462 0.040773322125829785
3463 0.04078163586313371
3464 0.040789949600437615
3465 0.040798263337741524
3466 0.04080657707504543
3467 0.04081489081234934
3468 0.04082320454965326
3469 0.04083151828695716
3470 0.04083983202426107
3471 0.040848145761564994
3472 0.040856459498868875
3473 0.04086477323617281
3474 0.04087308697347671
3475 0.04088140071078061
3476 0.04088971444808454
3477 0.04089802818538846
3478 0.04090634192269238
3479 0.04091465565999627
3480 0.04092296939730017
3481 0.040931283134604084
3482 0.040939596871908006
3483 0.040947910609211914
3484 0.0409562243465158
3485 0.040964538083819724
3486 0.04097285182112364
3487 0.040981165558427554
3488 0.04098947929573146
3489 0.040997793033035364
3490 0.041006106770339265
3491 0.041014420507643194
3492 0.04102273424494711
3493 0.04103104798225102
3494 0.04103936171955491
3495 0.04104767545685882
3496 0.041055989194162756
3497 0.04106430293146666
3498 0.04107261666877056
3499 0.04108093040607448
3500 0.04108924414337837
3501 0.04109755788068229
3502 0.0411058716179862
3503 0.041114185355290114
3504 0.041122499092594016
3505 0.04113081282989794
3506 0.04113912656720184
3507 0.04114744030450576
3508 0.041155754041809677
3509 0.041164067779113564
3510 0.0411723815164175
3511 0.0411806952537214
3512 0.04118900899102531
3513 0.04119732272832921
3514 0.04120563646563313
3515 0.04121395020293703
3516 0.04122226394024094
3517 0.04123057767754486
3518 0.041238891414848766
3519 0.04124720515215267
3520 0.04125551888945659
3521 0.0412638326267605
3522 0.04127214636406441
3523 0.04128046010136832
3524 0.041288773838672244
3525 0.04129708757597613
3526 0.04130540131328006
3527 0.04131371505058397
3528 0.04132202878788786
3529 0.041330342525191785
3530 0.04133865626249568
3531 0.0413469699997996
3532 0.04135528373710351
3533 0.04136359747440742
3534 0.04137191121171132
3535 0.04138022494901525
3536 0.04138853868631915
3537 0.041396852423623065
3538 0.04140516616092699
3539 0.041413479898230875
3540 0.04142179363553478
3541 0.04143010737283871
3542 0.04143842111014262
3543 0.04144673484744652
3544 0.041455048584750416
3545 0.04146336232205434
3546 0.04147167605935825
3547 0.04147998979666216
3548 0.04148830353396607
3549 0.04149661727126998
3550 0.04150493100857388
3551 0.04151324474587781
3552 0.041521558483181724
3553 0.04152987222048563
3554 0.04153818595778953
3555 0.04154649969509344
3556 0.04155481343239737
3557 0.04156312716970128
3558 0.041571440907005174
3559 0.041579754644309096
3560 0.04158806838161299
3561 0.04159638211891691
3562 0.04160469585622079
3563 0.04161300959352473
3564 0.04162132333082863
3565 0.04162963706813254
3566 0.04163795080543646
3567 0.04164626454274038
3568 0.04165457828004428
3569 0.041662892017348185
3570 0.041671205754652094
3571 0.04167951949195601
3572 0.04168783322925991
3573 0.04169614696656384
3574 0.04170446070386773
3575 0.04171277444117165
3576 0.041721088178475564
3577 0.04172940191577948
3578 0.04173771565308339
3579 0.04174602939038729
3580 0.04175434312769119
3581 0.04176265686499512
3582 0.041770970602299014
3583 0.041779284339602936
3584 0.041787598076906844
3585 0.04179591181421075
3586 0.04180422555151467
3587 0.04181253928881859
3588 0.04182085302612249
3589 0.04182916676342639
3590 0.04183748050073029
3591 0.04184579423803423
3592 0.04185410797533811
3593 0.041862421712642046
3594 0.04187073544994595
3595 0.041879049187249856
3596 0.04188736292455376
3597 0.04189567666185768
3598 0.041903990399161595
3599 0.04191230413646548
3600 0.0419206178737694
3601 0.041928931611073327
3602 0.04193724534837723
3603 0.041945559085681136
3604 0.04195387282298505
3605 0.041962186560288946
3606 0.04197050029759286
3607 0.041978814034896776
3608 0.041987127772200684
3609 0.04199544150950459
3610 0.042003755246808515
3611 0.042012068984112416
3612 0.04202038272141631
3613 0.04202869645872023
3614 0.04203701019602414
3615 0.042045323933328056
3616 0.042053637670631965
3617 0.042061951407935866
3618 0.04207026514523977
3619 0.04207857888254372
3620 0.04208689261984761
3621 0.04209520635715153
3622 0.042103520094455435
3623 0.04211183383175935
3624 0.04212014756906326
3625 0.04212846130636715
3626 0.042136775043671054
3627 0.042145088780974976
3628 0.04215340251827889
3629 0.04216171625558281
3630 0.042170029992886715
3631 0.04217834373019063
3632 0.04218665746749453
3633 0.04219497120479843
3634 0.04220328494210236
3635 0.04221159867940627
3636 0.042219912416710165
3637 0.04222822615401408
3638 0.04223653989131799
3639 0.042244853628621896
3640 0.042253167365925826
3641 0.04226148110322972
3642 0.04226979484053364
3643 0.042278108577837564
3644 0.04228642231514148
3645 0.04229473605244536
3646 0.04230304978974927
3647 0.0423113635270532
3648 0.0423196772643571
3649 0.04232799100166101
3650 0.04233630473896492
3651 0.04234461847626883
3652 0.042352932213572725
3653 0.042361245950876654
3654 0.04236955968818056
3655 0.04237787342548447
3656 0.04238218965246195
3657 0.04238650587943942
3658 0.042390822106416905
3659 0.04239513833339439
3660 0.042399454560371856
3661 0.04240377078734934
3662 0.042408087014326815
3663 0.0424124032413043
3664 0.04241671946828178
3665 0.04242103569525926
3666 0.04242535192223674
3667 0.04242966814921422
3668 0.04243398437619169
3669 0.042438300603169166
3670 0.04244261683014664
3671 0.04244693305712412
3672 0.04245124928410159
3673 0.04245556551107906
3674 0.04245988173805653
3675 0.04246419796503403
3676 0.0424685141920115
3677 0.042472830418988985
3678 0.04247714664596646
3679 0.042481462872943944
3680 0.04248577909992141
3681 0.042490095326898895
3682 0.042494411553876364
3683 0.04249872778085385
3684 0.04250304400783133
3685 0.04250736023480879
3686 0.042511676461786274
3687 0.04251599268876376
3688 0.04252030891574123
3689 0.042524625142718715
3690 0.04252894136969617
3691 0.0425332575966737
3692 0.042537573823651136
3693 0.04254189005062863
3694 0.0425462062776061
3695 0.04255052250458358
3696 0.042554838731561045
3697 0.04255915495853852
3698 0.04256347118551602
3699 0.042567787412493494
3700 0.042572103639470955
3701 0.04257641986644845
3702 0.04258073609342592
3703 0.04258505232040338
3704 0.04258936854738087
3705 0.04259368477435836
3706 0.042598001001335824
3707 0.04260231722831331
3708 0.04260663345529079
3709 0.04261094968226826
3710 0.04261526590924574
3711 0.04261958213622322
3712 0.042623898363200706
3713 0.04262821459017819
3714 0.04263253081715566
3715 0.04263684704413314
3716 0.042641163271110616
3717 0.04264547949808809
3718 0.04264979572506557
3719 0.04265411195204304
3720 0.04265842817902052
3721 0.04266274440599799
3722 0.04266706063297546
3723 0.04267137685995295
3724 0.04267569308693042
3725 0.04268000931390791
3726 0.04268432554088539
3727 0.04268864176786285
3728 0.04269295799484034
3729 0.04269727422181783
3730 0.04270159044879529
3731 0.04270590667577278
3732 0.04271022290275026
3733 0.042714539129727724
3734 0.04271885535670521
3735 0.04272317158368269
3736 0.04272748781066018
3737 0.042731804037637655
3738 0.04273612026461511
3739 0.042740436491592586
3740 0.04274475271857007
3741 0.042749068945547544
3742 0.04275338517252502
3743 0.042757701399502517
3744 0.04276201762647999
3745 0.04276633385345746
3746 0.04277065008043494
3747 0.042774966307412406
3748 0.0427792825343899
3749 0.04278359876136737
3750 0.04278791498834486
3751 0.04279223121532232
3752 0.04279654744229981
3753 0.04280086366927729
3754 0.04280517989625477
3755 0.04280949612323223
3756 0.042813812350209715
3757 0.042818128577187205
3758 0.04282244480416467
3759 0.04282676103114215
3760 0.042831077258119625
3761 0.04283539348509711
3762 0.04283970971207459
3763 0.042844025939052066
3764 0.04284834216602955
3765 0.042852658393007025
3766 0.04285697461998449
3767 0.04286129084696197
3768 0.04286560707393945
3769 0.04286992330091694
3770 0.04287423952789442
3771 0.042878555754871886
3772 0.042882871981849334
3773 0.042887188208826824
3774 0.04289150443580432
3775 0.04289582066278178
3776 0.04290013688975927
3777 0.04290445311673674
3778 0.04290876934371423
3779 0.04291308557069171
3780 0.04291740179766918
3781 0.042921718024646664
3782 0.04292603425162412
3783 0.04293035047860161
3784 0.042934666705579085
3785 0.04293898293255657
3786 0.04294329915953404
3787 0.042947615386511526
3788 0.04295193161348901
3789 0.042956247840466484
3790 0.04296056406744396
3791 0.042964880294421436
3792 0.04296919652139891
3793 0.04297351274837638
3794 0.04297782897535388
3795 0.042982145202331346
3796 0.04298646142930882
3797 0.04299077765628631
3798 0.04299509388326378
3799 0.04299941011024125
3800 0.04300372633721876
3801 0.04300804256419623
3802 0.0430123587911737
3803 0.04301667501815116
3804 0.04302099124512864
3805 0.04302530747210613
3806 0.04302962369908361
3807 0.043033939926061054
3808 0.04303825615303856
3809 0.04304257238001604
3810 0.04304688860699351
3811 0.04305120483397099
3812 0.043055521060948475
3813 0.04305983728792592
3814 0.043064153514903426
3815 0.0430684697418809
3816 0.04307278596885838
3817 0.043077102195835854
3818 0.04308141842281335
3819 0.04308573464979081
3820 0.04309005087676829
3821 0.04309436710374576
3822 0.04309868333072325
3823 0.04310299955770072
3824 0.04310731578467821
3825 0.04311163201165567
3826 0.04311594823863316
3827 0.043120264465610625
3828 0.043124580692588114
3829 0.043128896919565576
3830 0.043133213146543066
3831 0.04313752937352055
3832 0.043141845600498004
3833 0.04314616182747551
3834 0.04315047805445296
3835 0.04315479428143047
3836 0.04315911050840792
3837 0.04316342673538542
3838 0.04316774296236288
3839 0.043172059189340375
3840 0.04317637541631785
3841 0.04318069164329532
3842 0.043185007870272796
3843 0.04318932409725027
3844 0.04319364032422777
3845 0.04319795655120524
3846 0.0432022727781827
3847 0.043206589005160195
3848 0.043210905232137664
3849 0.04321522145911513
3850 0.043219537686092616
3851 0.043223853913070105
3852 0.04322817014004757
3853 0.04323248636702505
3854 0.04323680259400253
3855 0.04324111882098
3856 0.043245435047957484
3857 0.04324975127493497
3858 0.04325406750191246
3859 0.043258383728889925
3860 0.0432626999558674
3861 0.043267016182844883
3862 0.04327133240982234
3863 0.043275648636799835
3864 0.04327996486377731
3865 0.04328428109075478
3866 0.04328859731773226
3867 0.04329291354470973
3868 0.04329722977168722
3869 0.04330154599866469
3870 0.043305862225642165
3871 0.043310178452619655
3872 0.043314494679597124
3873 0.04331881090657461
3874 0.04332312713355208
3875 0.043327443360529565
3876 0.04333175958750703
3877 0.04333607581448454
3878 0.043340392041462
3879 0.04334470826843949
3880 0.043349024495416943
3881 0.043353340722394426
3882 0.04335765694937188
3883 0.043361973176349385
3884 0.04336628940332686
3885 0.043370605630304364
3886 0.04337492185728182
3887 0.0433792380842593
3888 0.04338355431123677
3889 0.04338787053821425
3890 0.04339218676519172
3891 0.04339650299216919
3892 0.04340081921914669
3893 0.043405135446124156
3894 0.04340945167310163
3895 0.04341376790007912
3896 0.04341808412705659
3897 0.04342240035403407
3898 0.04342671658101155
3899 0.04343103280798904
3900 0.0434353490349665
3901 0.04343966526194398
3902 0.043443981488921445
3903 0.043448297715898934
3904 0.04345261394287641
3905 0.04345693016985389
3906 0.04346124639683138
3907 0.04346556262380885
3908 0.043469878850786334
3909 0.04347419507776381
3910 0.04347851130474129
3911 0.04348282753171877
3912 0.043487143758696244
3913 0.04349145998567372
3914 0.043495776212651174
3915 0.043500092439628664
3916 0.04350440866660614
3917 0.043508724893583615
3918 0.043513041120561105
3919 0.04351735734753859
3920 0.043521673574516063
3921 0.04352598980149353
3922 0.043530306028471015
3923 0.043534622255448505
3924 0.04353893848242597
3925 0.043543254709403435
3926 0.043547570936380925
3927 0.0435518871633584
3928 0.04355620339033587
3929 0.043560519617313366
3930 0.043564835844290835
3931 0.04356915207126831
3932 0.043573468298245786
3933 0.04357778452522327
3934 0.043582100752200745
3935 0.04358641697917822
3936 0.04359073320615568
3937 0.04359504943313318
3938 0.04359936566011065
3939 0.043603681887088123
3940 0.04360799811406562
3941 0.04361231434104308
3942 0.04361663056802058
3943 0.04362094679499805
3944 0.043625263021975516
3945 0.043629579248953006
3946 0.043633895475930475
3947 0.043638211702907964
3948 0.043642527929885426
3949 0.043646844156862916
3950 0.04365116038384038
3951 0.04365547661081786
3952 0.04365979283779534
3953 0.043664109064772805
3954 0.04366842529175031
3955 0.04367274151872777
3956 0.043677057745705246
3957 0.04368137397268272
3958 0.04368569019966021
3959 0.04369000642663769
3960 0.04369432265361516
3961 0.04369863888059264
3962 0.04370295510757011
3963 0.043707271334547604
3964 0.04371158756152507
3965 0.04371590378850257
3966 0.043720220015480045
3967 0.043724536242457514
3968 0.04372885246943498
3969 0.04373316869641247
3970 0.043737484923389934
3971 0.043741801150367424
3972 0.04374611737734489
3973 0.04375043360432238
3974 0.043754749831299865
3975 0.04375906605827733
3976 0.043763382285254816
3977 0.04376769851223229
3978 0.043772014739209754
3979 0.04377633096618725
3980 0.04378064719316472
3981 0.043784963420142195
3982 0.04378927964711967
3983 0.043793595874097174
3984 0.04379791210107465
3985 0.0438022283280521
3986 0.043806544555029574
3987 0.04381086078200707
3988 0.043815177008984546
3989 0.043819493235962015
3990 0.04382380946293951
3991 0.04382812568991698
3992 0.04383244191689445
3993 0.04383675814387192
3994 0.04384107437084939
3995 0.043845390597826876
3996 0.04384970682480436
3997 0.04385402305178185
3998 0.04385833927875931
3999 0.0438626555057368
4000 0.04386697173271426
4001 0.04387128795969172
4002 0.04387560418666924
4003 0.04387992041364671
4004 0.04388423664062421
4005 0.04388855286760167
4006 0.043892869094579144
4007 0.04389718532155662
4008 0.043901501548534096
4009 0.04390581777551158
4010 0.04391013400248905
4011 0.043914450229466544
4012 0.04391876645644399
4013 0.04392308268342147
4014 0.043927398910398985
4015 0.043931715137376454
4016 0.04393603136435392
4017 0.04394034759133139
4018 0.04394466381830886
4019 0.04394898004528635
4020 0.04395329627226383
4021 0.0439576124992413
4022 0.04396192872621879
4023 0.043966244953196267
4024 0.043970561180173735
4025 0.043974877407151204
4026 0.043979193634128694
4027 0.04398350986110616
4028 0.043987826088083645
4029 0.04399214231506112
4030 0.0439964585420386
4031 0.04400077476901608
4032 0.044005090995993555
4033 0.04400940722297103
4034 0.04401372344994853
4035 0.04401803967692598
4036 0.04402235590390348
4037 0.04402667213088095
4038 0.04403098835785842
4039 0.044035304584835906
4040 0.04403962081181338
4041 0.04404393703879085
4042 0.04404825326576834
4043 0.04405256949274581
4044 0.04405688571972329
4045 0.04406120194670074
4046 0.04406551817367824
4047 0.04406983440065573
4048 0.044074150627633195
4049 0.04407846685461066
4050 0.04408278308158814
4051 0.04408709930856562
4052 0.044091415535543105
4053 0.04409573176252059
4054 0.04410004798949806
4055 0.04410436421647554
4056 0.04410868044345302
4057 0.0441129966704305
4058 0.04411731289740797
4059 0.04412162912438545
4060 0.044125945351362925
4061 0.044130261578340414
4062 0.04413457780531788
4063 0.04413889403229538
4064 0.04414321025927287
4065 0.04414752648625032
4066 0.04415184271322781
4067 0.044156158940205276
4068 0.04416047516718274
4069 0.044164791394160206
4070 0.04416910762113771
4071 0.04417342384811519
4072 0.04417774007509266
4073 0.044182056302070165
4074 0.04418637252904763
4075 0.04419068875602509
4076 0.04419500498300257
4077 0.04419932120998005
4078 0.04420363743695753
4079 0.044207953663935005
4080 0.04421226989091249
4081 0.044216586117889964
4082 0.04422090234486744
4083 0.04422521857184491
4084 0.04422953479882241
4085 0.04423385102579986
4086 0.04423816725277735
4087 0.04424248347975484
4088 0.0442467997067323
4089 0.044251115933709784
4090 0.04425543216068727
4091 0.04425974838766476
4092 0.04426406461464221
4093 0.044268380841619694
4094 0.04427269706859718
4095 0.04427701329557465
4096 0.044281329522552135
4097 0.0442856457495296
4098 0.04428996197650706
4099 0.04429427820348458
4100 0.04429859443046204
4101 0.04430291065743952
4102 0.044307226884417
4103 0.04431154311139448
4104 0.044315859338371955
4105 0.04432017556534943
4106 0.04432449179232691
4107 0.04432880801930438
4108 0.044333124246281864
4109 0.04433744047325933
4110 0.04434175670023681
4111 0.04434607292721428
4112 0.044350389154191774
4113 0.04435470538116926
4114 0.04435902160814673
4115 0.044363337835124216
4116 0.04436765406210167
4117 0.04437197028907919
4118 0.04437628651605664
4119 0.044380602743034125
4120 0.04438491897001159
4121 0.04438923519698907
4122 0.04439355142396654
4123 0.04439786765094404
4124 0.0444021838779215
4125 0.04440650010489898
4126 0.044410816331876476
4127 0.04441513255885394
4128 0.04441944878583142
4129 0.04442376501280887
4130 0.044428081239786386
4131 0.04443239746676385
4132 0.04443671369374132
4133 0.044441029920718834
4134 0.04444534614769627
4135 0.04444966237467376
4136 0.04445397860165123
4137 0.0444582948286287
4138 0.04446261105560619
4139 0.044466927282583675
4140 0.04447124350956115
4141 0.04447555973653862
4142 0.0444798759635161
4143 0.044484192190493606
4144 0.044488508417471075
4145 0.044492824644448536
4146 0.044497140871426
4147 0.04450145709840348
4148 0.044505773325380964
4149 0.044510089552358446
4150 0.04451440577933592
4151 0.044518722006313405
4152 0.04452303823329088
4153 0.044527354460268356
4154 0.04453167068724583
4155 0.04453598691422329
4156 0.044540303141200784
4157 0.04454461936817826
4158 0.044548935595155756
4159 0.044553251822133225
4160 0.0445575680491107
4161 0.04456188427608821
4162 0.04456620050306566
4163 0.04457051673004313
4164 0.044574832957020596
4165 0.0445791491839981
4166 0.04458346541097557
4167 0.04458778163795304
4168 0.04459209786493052
4169 0.044596414091908
4170 0.04460073031888547
4171 0.044605046545862954
4172 0.04460936277284045
4173 0.04461367899981791
4174 0.044617995226795396
4175 0.04462231145377285
4176 0.044626627680750354
4177 0.04463094390772781
4178 0.044635260134705285
4179 0.04463957636168276
4180 0.04464389258866026
4181 0.044648208815637726
4182 0.0446525250426152
4183 0.0446568412695927
4184 0.04466115749657015
4185 0.04466547372354764
4186 0.04466978995052511
4187 0.044674106177502594
4188 0.04467842240448006
4189 0.04468273863145757
4190 0.04468705485843504
4191 0.04469137108541251
4192 0.044695687312389994
4193 0.044700003539367476
4194 0.044704319766344945
4195 0.04470863599332243
4196 0.044712952220299924
4197 0.044717268447277386
4198 0.04472158467425487
4199 0.04472590090123231
4200 0.04473021712820981
4201 0.04473453335518729
4202 0.04473884958216476
4203 0.044743165809142234
4204 0.044747482036119696
4205 0.044751798263097206
4206 0.04475611449007468
4207 0.04476043071705216
4208 0.044764746944029626
4209 0.044769063171007116
4210 0.04477337939798459
4211 0.044777695624962054
4212 0.04478201185193954
4213 0.04478632807891701
4214 0.044790644305894495
4215 0.04479496053287199
4216 0.04479927675984945
4217 0.04480359298682692
4218 0.0448079092138044
4219 0.0448122254407819
4220 0.04481654166775936
4221 0.044820857894736846
4222 0.04482517412171431
4223 0.044829490348691804
4224 0.044833806575669266
4225 0.04483812280264676
4226 0.04484243902962422
4227 0.044846755256601735
4228 0.044851071483579176
4229 0.04485538771055667
4230 0.04485970393753414
4231 0.04486402016451162
4232 0.04486833639148911
4233 0.04487265261846656
4234 0.04487696884544405
4235 0.044881285072421534
4236 0.04488560129939899
4237 0.04488991752637647
4238 0.04489423375335396
4239 0.04489854998033143
4240 0.04490286620730891
4241 0.0449071824342864
4242 0.044911498661263864
4243 0.04491581488824135
4244 0.04492013111521883
4245 0.04492444734219631
4246 0.044928763569173774
4247 0.04493307979615127
4248 0.04493739602312875
4249 0.044941712250106215
4250 0.044946028477083705
4251 0.04495034470406118
4252 0.04495466093103866
4253 0.04495897715801614
4254 0.04496329338499361
4255 0.04496760961197108
4256 0.04497192583894855
4257 0.04497624206592605
4258 0.0449805582929035
4259 0.044984874519880994
4260 0.044989190746858476
4261 0.044993506973835945
4262 0.04499782320081345
4263 0.04500213942779088
4264 0.045006455654768386
4265 0.045010771881745855
4266 0.04501508810872334
4267 0.04501940433570082
4268 0.04502372056267828
4269 0.0450280367896558
4270 0.04503235301663326
4271 0.04503666924361072
4272 0.0450409854705882
4273 0.04504530169756568
4274 0.04504961792454316
4275 0.04505393415152063
4276 0.04505825037849811
4277 0.045062566605475585
4278 0.04506688283245306
4279 0.045071199059430536
4280 0.045075515286408005
4281 0.0450798315133855
4282 0.04508414774036299
4283 0.04508846396734044
4284 0.04509278019431793
4285 0.04509709642129542
4286 0.04510141264827287
4287 0.045105728875250356
4288 0.045110045102227825
4289 0.04511436132920533
4290 0.04511867755618281
4291 0.045122993783160294
4292 0.045127310010137756
4293 0.0451316262371152
4294 0.045135942464092714
4295 0.04514025869107018
4296 0.04514457491804766
4297 0.04514889114502512
4298 0.04515320737200262
4299 0.04515752359898009
4300 0.045161839825957575
4301 0.04516615605293505
4302 0.04517047227991254
4303 0.04517478850689001
4304 0.045179104733867485
4305 0.04518342096084498
4306 0.04518773718782245
4307 0.04519205341479992
4308 0.04519636964177739
4309 0.04520068586875488
4310 0.04520500209573237
4311 0.04520931832270983
4312 0.045213634549687305
4313 0.04521795077666479
4314 0.04522226700364227
4315 0.04522658323061974
4316 0.045230899457597215
4317 0.0452352156845747
4318 0.04523953191155217
4319 0.04524384813852966
4320 0.045248164365507125
4321 0.04525248059248464
4322 0.045256796819462076
4323 0.04526111304643958
4324 0.045265429273417035
4325 0.045269745500394525
4326 0.045274061727372
4327 0.045278377954349476
4328 0.04528269418132695
4329 0.04528701040830442
4330 0.04529132663528192
4331 0.045295642862259386
4332 0.045299959089236855
4333 0.045304275316214344
4334 0.045308591543191834
4335 0.045312907770169296
4336 0.045317223997146765
4337 0.04532154022412425
4338 0.04532585645110174
4339 0.045330172678079206
4340 0.04533448890505668
4341 0.04533880513203417
4342 0.04534312135901161
4343 0.04534743758598911
4344 0.04535175381296659
4345 0.04535607003994407
4346 0.04536038626692155
4347 0.04536470249389904
4348 0.0453690187208765
4349 0.04537333494785398
4350 0.04537765117483145
4351 0.04538196740180895
4352 0.045386283628786425
4353 0.04539059985576388
4354 0.045394916082741384
4355 0.04539923230971886
4356 0.04540354853669634
4357 0.04540786476367379
4358 0.04541218099065129
4359 0.04541649721762877
4360 0.04542081344460624
4361 0.0454251296715837
4362 0.04542944589856121
4363 0.04543376212553867
4364 0.04543807835251614
4365 0.04544239457949364
4366 0.04544671080647112
4367 0.0454510270334486
4368 0.045455343260426065
4369 0.04545965948740353
4370 0.045463975714381016
4371 0.0454682919413585
4372 0.045472608168335975
4373 0.04547692439531345
4374 0.04548124062229095
4375 0.04548555684926842
4376 0.04548987307624588
4377 0.045494189303223354
4378 0.04549850553020082
4379 0.04550282175717831
4380 0.045507137984155815
4381 0.04551145421113327
4382 0.045515770438110725
4383 0.04552008666508823
4384 0.04552440289206569
4385 0.04552871911904318
4386 0.04553376900335759
4387 0.045538818887671986
4388 0.0455438687719864
4389 0.04554891865630083
4390 0.04555396854061521
4391 0.04555901842492963
4392 0.04556406830924407
4393 0.04556911819355847
4394 0.04557416807787288
4395 0.04557921796218727
4396 0.045584267846501686
4397 0.04558931773081609
4398 0.04559436761513052
4399 0.04559941749944491
4400 0.04560446738375931
4401 0.04560951726807373
4402 0.04561456715238814
4403 0.04561961703670255
4404 0.04562466692101695
4405 0.045629716805331344
4406 0.0456347666896458
4407 0.045639816573960185
4408 0.04564486645827458
4409 0.045649916342589004
4410 0.045654966226903425
4411 0.04566001611121783
4412 0.04566506599553225
4413 0.04567011587984667
4414 0.04567516576416107
4415 0.04568021564847547
4416 0.04568526553278988
4417 0.04569031541710429
4418 0.04569536530141868
4419 0.0457004151857331
4420 0.045705465070047496
4421 0.045710514954361944
4422 0.045715564838676344
4423 0.04572061472299075
4424 0.04572566460730517
4425 0.045730714491619584
4426 0.045735764375933984
4427 0.0457408142602484
4428 0.04574586414456279
4429 0.045750914028877196
4430 0.04575596391319162
4431 0.04576101379750603
4432 0.04576606368182046
4433 0.04577111356613484
4434 0.04577616345044924
4435 0.04578121333476366
4436 0.045786263219078076
4437 0.04579131310339251
4438 0.04579636298770691
4439 0.0458014128720213
4440 0.04580646275633571
4441 0.045811512640650115
4442 0.04581656252496453
4443 0.04582161240927893
4444 0.045826662293593355
4445 0.04583171217790775
4446 0.04583676206222217
4447 0.04584181194653658
4448 0.045846861830850995
4449 0.045851911715165394
4450 0.0458569615994798
4451 0.045862011483794214
4452 0.04586706136810864
4453 0.04587211125242305
4454 0.045877161136737434
4455 0.045882211021051875
4456 0.04588726090536626
4457 0.04589231078968069
4458 0.045897360673995066
4459 0.0459024105583095
4460 0.04590746044262392
4461 0.045912510326938306
4462 0.04591756021125272
4463 0.04592261009556714
4464 0.04592765997988155
4465 0.04593270986419594
4466 0.04593775974851037
4467 0.04594280963282477
4468 0.04594785951713919
4469 0.04595290940145359
4470 0.045957959285768006
4471 0.04596300917008242
4472 0.045968059054396805
4473 0.04597310893871124
4474 0.04597815882302564
4475 0.045983208707340024
4476 0.04598825859165445
4477 0.045993308475968886
4478 0.04599835836028329
4479 0.04600340824459769
4480 0.046008458128912105
4481 0.04601350801322652
4482 0.04601855789754091
4483 0.046023607781855325
4484 0.04602865766616973
4485 0.04603370755048414
4486 0.046038757434798544
4487 0.04604380731911297
4488 0.04604885720342737
4489 0.046053907087741784
4490 0.04605895697205616
4491 0.046064006856370604
4492 0.04606905674068501
4493 0.046074106624999424
4494 0.04607915650931383
4495 0.046084206393628244
4496 0.04608925627794267
4497 0.04609430616225708
4498 0.046099356046571456
4499 0.046104405930885876
4500 0.046109455815200276
4501 0.04611450569951472
4502 0.04611955558382911
4503 0.04612460546814352
4504 0.04612965535245793
4505 0.04613470523677234
4506 0.04613975512108675
4507 0.046144805005401156
4508 0.04614985488971556
4509 0.04615490477402998
4510 0.04615995465834439
4511 0.0461650045426588
4512 0.0461700544269732
4513 0.046175104311287615
4514 0.04618015419560202
4515 0.046185204079916435
4516 0.04619025396423085
4517 0.046195303848545255
4518 0.04620035373285968
4519 0.04620540361717408
4520 0.04621045350148849
4521 0.0462155033858029
4522 0.0462205532701173
4523 0.04622560315443172
4524 0.046230653038746135
4525 0.04623570292306055
4526 0.046240752807374955
4527 0.04624580269168935
4528 0.046250852576003774
4529 0.04625590246031816
4530 0.04626095234463258
4531 0.04626600222894698
4532 0.046271052113261386
4533 0.04627610199757581
4534 0.04628115188189022
4535 0.046286201766204634
4536 0.04629125165051905
4537 0.04629630153483345
4538 0.04630135141914787
4539 0.046306401303462266
4540 0.04631145118777667
4541 0.046316501072091086
4542 0.0463215509564055
4543 0.0463266008407199
4544 0.04633165072503432
4545 0.04633670060934872
4546 0.046341750493663125
4547 0.04634680037797756
4548 0.046351850262291966
4549 0.04635690014660636
4550 0.046361950030920786
4551 0.046366999915235185
4552 0.04637204979954959
4553 0.04637709968386401
4554 0.04638214956817841
4555 0.046387199452492825
4556 0.046392249336807224
4557 0.046397299221121624
4558 0.04640234910543605
4559 0.046407398989750465
4560 0.04641244887406487
4561 0.04641749875837927
4562 0.0464225486426937
4563 0.046427598527008104
4564 0.04643264841132254
4565 0.04643769829563692
4566 0.04644274817995134
4567 0.04644779806426575
4568 0.04645284794858015
4569 0.04645789783289456
4570 0.04646294771720896
4571 0.04646799760152337
4572 0.04647304748583778
4573 0.046478097370152203
4574 0.0464831472544666
4575 0.04648819713878102
4576 0.04649324702309542
4577 0.04649829690740984
4578 0.04650334679172425
4579 0.04650839667603865
4580 0.04651344656035309
4581 0.04651849644466748
4582 0.04652354632898188
4583 0.0465285962132963
4584 0.0465336460976107
4585 0.04653869598192513
4586 0.04654374586623952
4587 0.04654879575055392
4588 0.04655384563486833
4589 0.046558895519182755
4590 0.04656394540349715
4591 0.04656899528781158
4592 0.04657404517212598
4593 0.046579095056440395
4594 0.046584144940754794
4595 0.04658919482506921
4596 0.04659424470938362
4597 0.04659929459369803
4598 0.04660434447801244
4599 0.046609394362326834
4600 0.04661444424664127
4601 0.04661949413095567
4602 0.046624544015270074
4603 0.0466295938995845
4604 0.04663464378389891
4605 0.04663969366821331
4606 0.04664474355252772
4607 0.04664979343684214
4608 0.046654843321156554
4609 0.046659893205470954
4610 0.04666494308978535
4611 0.04666999297409978
4612 0.04667504285841417
4613 0.046680092742728586
4614 0.04668514262704298
4615 0.0466901925113574
4616 0.046695242395671806
4617 0.046700292279986226
4618 0.046705342164300626
4619 0.046710392048615046
4620 0.04671544193292946
4621 0.046720491817243845
4622 0.04672554170155827
4623 0.046730591585872686
4624 0.04673564147018709
4625 0.0467406913545015
4626 0.04674574123881594
4627 0.046750791123130325
4628 0.04675584100744473
4629 0.04676089089175913
4630 0.04676594077607355
4631 0.04677099066038797
4632 0.04677604054470238
4633 0.04678109042901678
4634 0.046786140313331184
4635 0.04679119019764558
4636 0.046796240081960004
4637 0.04680128996627441
4638 0.04680633985058881
4639 0.04681138973490324
4640 0.04681643961921764
4641 0.04682148950353207
4642 0.04682653938784647
4643 0.046831589272160905
4644 0.04683663915647528
4645 0.046841689040789704
4646 0.046846738925104096
4647 0.0468517888094185
4648 0.04685683869373293
4649 0.04686188857804734
4650 0.046866938462361736
4651 0.046871988346676136
4652 0.046877038230990556
4653 0.04688208811530497
4654 0.04688713799961938
4655 0.046892187883933775
4656 0.04689723776824821
4657 0.04690228765256263
4658 0.04690733753687702
4659 0.04691238742119143
4660 0.04691743730550585
4661 0.046922487189820235
4662 0.04692753707413467
4663 0.04693258695844907
4664 0.04693763684276348
4665 0.046942686727077895
4666 0.046947736611392274
4667 0.0469527864957067
4668 0.04695783638002112
4669 0.04696288626433553
4670 0.046967936148649934
4671 0.046972986032964355
4672 0.04697803591727875
4673 0.04698308580159317
4674 0.046988135685907574
4675 0.046993185570221974
4676 0.04699823545453639
4677 0.047003285338850814
4678 0.047008335223165214
4679 0.047013385107479634
4680 0.04701843499179403
4681 0.04702348487610843
4682 0.04702853476042285
4683 0.04703358464473725
4684 0.04703863452905167
4685 0.047043684413366066
4686 0.047048734297680486
4687 0.0470537841819949
4688 0.047058834066309306
4689 0.04706388395062371
4690 0.04706893383493814
4691 0.04707398371925257
4692 0.04707903360356695
4693 0.04708408348788136
4694 0.04708913337219574
4695 0.04709418325651019
4696 0.04709923314082459
4697 0.047104283025139006
4698 0.04710933290945342
4699 0.04711438279376779
4700 0.04711943267808222
4701 0.047124482562396645
4702 0.04712953244671105
4703 0.04713458233102547
4704 0.04713963221533987
4705 0.04714468209965429
4706 0.04714973198396869
4707 0.047154781868283105
4708 0.047159831752597504
4709 0.04716488163691192
4710 0.04716993152122633
4711 0.04717498140554074
4712 0.047180031289855144
4713 0.04718508117416953
4714 0.04719013105848397
4715 0.04719518094279837
4716 0.04720023082711279
4717 0.04720528071142719
4718 0.047210330595741604
4719 0.047215380480056
4720 0.047220430364370396
4721 0.047225480248684844
4722 0.04723053013299925
4723 0.04723558001731366
4724 0.04724062990162803
4725 0.04724567978594246
4726 0.04725072967025687
4727 0.0472557795545713
4728 0.0472608294388857
4729 0.0472658793232001
4730 0.047270929207514516
4731 0.04727597909182894
4732 0.047281028976143336
4733 0.04728607886045774
4734 0.04729112874477215
4735 0.04729617862908657
4736 0.047301228513400975
4737 0.047306278397715396
4738 0.04731132828202978
4739 0.04731637816634421
4740 0.04732142805065861
4741 0.047326477934973035
4742 0.047331527819287414
4743 0.04733657770360184
4744 0.047341627587916255
4745 0.04734667747223066
4746 0.047351727356545074
4747 0.04735677724085949
4748 0.04736182712517389
4749 0.0473668770094883
4750 0.0473719268938027
4751 0.047376976778117114
4752 0.04738202666243153
4753 0.047387076546745954
4754 0.04739212643106035
4755 0.04739717631537474
4756 0.04740222619968916
4757 0.04740727608400358
4758 0.047412325968317987
4759 0.0474173758526324
4760 0.047422425736946786
4761 0.04742747562126122
4762 0.04743252550557563
4763 0.047437575389890047
4764 0.047442625274204425
4765 0.047447675158518866
4766 0.04745272504283327
4767 0.04745777492714768
4768 0.04746282481146208
4769 0.0474678746957765
4770 0.047472924580090906
4771 0.047477974464405305
4772 0.04748302434871975
4773 0.047488074233034146
4774 0.04749312411734856
4775 0.04749817400166295
4776 0.047503223885977365
4777 0.04750827377029177
4778 0.04751332365460618
4779 0.04751837353892058
4780 0.04752342342323502
4781 0.04752847330754938
4782 0.0475335231918638
4783 0.04753857307617825
4784 0.04754362296049263
4785 0.04754867284480706
4786 0.047553722729121464
4787 0.04755877261343586
4788 0.04756382249775026
4789 0.047568872382064684
4790 0.04757392226637911
4791 0.04757897215069351
4792 0.047584022035007896
4793 0.047589071919322344
4794 0.04759412180363672
4795 0.047599171687951136
4796 0.04760422157226557
4797 0.04760927145657996
4798 0.04761432134089438
4799 0.04761937122520877
4800 0.047624421109523196
4801 0.04762947099383758
4802 0.047634520878152016
4803 0.04763957076246642
4804 0.047644620646780836
4805 0.047649670531095235
4806 0.04765472041540965
4807 0.04765977029972407
4808 0.04766482018403847
4809 0.04766987006835289
4810 0.047674919952667295
4811 0.0476799698369817
4812 0.0476850197212961
4813 0.04769006960561053
4814 0.04769511948992492
4815 0.04770016937423934
4816 0.04770521925855377
4817 0.04771026914286817
4818 0.04771531902718256
4819 0.04772036891149697
4820 0.047725418795811374
4821 0.047730468680125815
4822 0.04773551856444019
4823 0.04774056844875461
4824 0.04774561833306903
4825 0.04775066821738342
4826 0.04775571810169784
4827 0.047760767986012254
4828 0.04776581787032667
4829 0.047770867754641094
4830 0.04777591763895549
4831 0.04778096752326991
4832 0.04778601740758432
4833 0.047791067291898706
4834 0.047796117176213106
4835 0.047801167060527526
4836 0.047806216944841926
4837 0.047811266829156374
4838 0.04781631671347077
4839 0.04782136659778518
4840 0.04782641648209957
4841 0.047831466366413986
4842 0.047836516250728406
4843 0.04784156613504279
4844 0.04784661601935723
4845 0.047851665903671646
4846 0.04785671578798605
4847 0.04786176567230047
4848 0.04786681555661485
4849 0.047871865440929265
4850 0.04787691532524367
4851 0.047881965209558064
4852 0.04788701509387251
4853 0.0478920649781869
4854 0.04789711486250132
4855 0.047902164746815724
4856 0.047907214631130145
4857 0.04791226451544456
4858 0.04791731439975896
4859 0.04792236428407336
4860 0.04792741416838777
4861 0.047932464052702184
4862 0.04793751393701659
4863 0.047942563821331
4864 0.047947613705645424
4865 0.047952663589959824
4866 0.04795771347427423
4867 0.04796276335858865
4868 0.04796781324290305
4869 0.047972863127217484
4870 0.047977913011531884
4871 0.047982962895846255
4872 0.04798801278016068
4873 0.04799306266447511
4874 0.04799811254878952
4875 0.04800316243310393
4876 0.048008212317418336
4877 0.04801326220173275
4878 0.04801831208604715
4879 0.048023361970361556
4880 0.04802841185467599
4881 0.04803346173899038
4882 0.048038511623304796
4883 0.0480435615076192
4884 0.048048611391933595
4885 0.048053661276248
4886 0.04805871116056243
4887 0.048063761044876835
4888 0.048068810929191255
4889 0.04807386081350567
4890 0.04807891069782007
4891 0.04808396058213445
4892 0.04808901046644888
4893 0.048094060350763294
4894 0.0480991102350777
4895 0.04810416011939211
4896 0.04810921000370652
4897 0.04811425988802094
4898 0.04811930977233535
4899 0.04812435965664976
4900 0.04812940954096416
4901 0.04813445942527858
4902 0.04813950930959298
4903 0.048144559193907394
4904 0.04814960907822181
4905 0.0481546589625362
4906 0.048159708846850606
4907 0.048164758731165026
4908 0.04816980861547944
4909 0.04817485849979385
4910 0.04817990838410826
4911 0.04818495826842266
4912 0.04819000815273708
4913 0.04819505803705149
4914 0.0482001079213659
4915 0.04820515780568028
4916 0.048210207689994705
4917 0.04821525757430913
4918 0.04822030745862355
4919 0.048225357342937945
4920 0.048230407227252345
4921 0.048235457111566765
4922 0.048240506995881165
4923 0.048245556880195585
4924 0.04825060676451001
4925 0.0482556566488244
4926 0.048260706533138804
4927 0.04826575641745321
4928 0.04827080630176764
4929 0.048275856186082045
4930 0.048280906070396465
4931 0.048285955954710864
4932 0.04829100583902527
4933 0.04829605572333969
4934 0.048301105607654105
4935 0.0483061554919685
4936 0.04831120537628291
4937 0.04831625526059734
4938 0.04832130514491173
4939 0.04832635502922612
4940 0.04833140491354054
4941 0.04833645479785495
4942 0.04834150468216937
4943 0.04834655456648379
4944 0.04835160445079819
4945 0.04835665433511262
4946 0.04836170421942699
4947 0.048366754103741416
4948 0.04837180398805582
4949 0.04837685387237023
4950 0.048381903756684656
4951 0.04838695364099903
4952 0.04839200352531345
4953 0.04839705340962787
4954 0.048402103293942275
4955 0.04840715317825669
4956 0.04841220306257109
4957 0.0484172529468855
4958 0.04842230283119992
4959 0.04842735271551434
4960 0.04843240259982876
4961 0.048437452484143155
4962 0.04844250236845754
4963 0.04844755225277198
4964 0.04845260213708638
4965 0.04845765202140078
4966 0.0484627019057152
4967 0.0484677517900296
4968 0.04847280167434403
4969 0.04847785155865844
4970 0.048482901442972834
4971 0.04848795132728724
4972 0.04849300121160165
4973 0.04849805109591607
4974 0.048503100980230474
4975 0.04850815086454487
4976 0.04851320074885929
4977 0.04851825063317372
4978 0.04852330051748812
4979 0.04852835040180251
4980 0.04853340028611691
4981 0.04853845017043135
4982 0.04854350005474576
4983 0.048548549939060166
4984 0.048553599823374545
4985 0.04855864970768897
4986 0.048563699592003365
4987 0.04856874947631781
4988 0.04857379936063221
4989 0.048578849244946626
4990 0.04858389912926102
4991 0.04858894901357545
4992 0.048593998897889845
4993 0.04859904878220425
4994 0.04860409866651868
4995 0.04860914855083308
4996 0.0486141984351475
4997 0.048619248319461884
4998 0.04862429820377632
4999 0.04862934808809072
5000 0.04863439797240513
5001 0.04863944785671954
5002 0.04864449774103397
5003 0.048649547625348365
5004 0.04865459750966277
5005 0.04865964739397716
5006 0.0486646972782916
5007 0.048669747162606
5008 0.048674797046920404
5009 0.04867984693123482
5010 0.04868489681554923
5011 0.048689946699863644
5012 0.04869499658417804
5013 0.04870004646849247
5014 0.048705096352806856
5015 0.048710146237121284
5016 0.04871519612143569
5017 0.04872024600575009
5018 0.048725295890064496
5019 0.048730345774378916
5020 0.04873539565869331
5021 0.04874044554300773
5022 0.04874549542732212
5023 0.04875054531163655
5024 0.048755595195950976
5025 0.04876064508026537
5026 0.04876569496457979
5027 0.04877074484889418
5028 0.0487757947332086
5029 0.048780844617523
5030 0.04878589450183741
5031 0.04879094438615181
5032 0.048795994270466235
5033 0.04880104415478066
5034 0.04880609403909506
5035 0.04881114392340949
5036 0.04881619380772388
5037 0.04882124369203829
5038 0.048826293576352674
5039 0.04883134346066711
5040 0.048836393344981514
5041 0.048841443229295935
5042 0.04884649311361031
5043 0.04885154299792474
5044 0.048856592882239154
5045 0.04886164276655357
5046 0.048866692650867974
5047 0.048871742535182366
5048 0.04887679241949679
5049 0.048881842303811214
5050 0.04888689218812562
5051 0.04889194207244002
5052 0.04889699195675443
5053 0.04890204184106882
5054 0.04890709172538327
5055 0.04891214160969766
5056 0.048917191494012066
5057 0.04892224137832648
5058 0.0489272912626409
5059 0.04893234114695529
5060 0.0489373910312697
5061 0.04894244091558412
5062 0.04894749079989853
5063 0.04895254068421295
5064 0.04895759056852733
5065 0.048962640452841766
5066 0.04896769033715616
5067 0.04897274022147057
5068 0.048977790105785
5069 0.048982839990099405
5070 0.04898788987441381
5071 0.04899293975872821
5072 0.04899798964304263
5073 0.04900303952735703
5074 0.04900808941167143
5075 0.04901313929598585
5076 0.04901818918030028
5077 0.04902323906461467
5078 0.049028288948929084
5079 0.04903333883324349
5080 0.04903838871755792
5081 0.04904343860187229
5082 0.049048488486186745
5083 0.049053538370501124
5084 0.049058588254815544
5085 0.04906363813912996
5086 0.04906868802344436
5087 0.049073737907758784
5088 0.04907878779207317
5089 0.0490838376763876
5090 0.049088887560702
5091 0.049093937445016396
5092 0.0490989873293308
5093 0.04910403721364524
5094 0.049109087097959636
5095 0.04911413698227402
5096 0.049119186866588456
5097 0.04912423675090286
5098 0.0491292866352173
5099 0.049134336519531675
5100 0.04913938640384607
5101 0.04914443628816051
5102 0.049149486172474915
5103 0.0491545360567893
5104 0.049159585941103756
5105 0.04916463582541816
5106 0.04916968570973256
5107 0.04917473559404695
5108 0.049179785478361354
5109 0.049184835362675754
5110 0.049189885246990195
5111 0.04919493513130459
5112 0.049199985015618994
5113 0.049205034899933414
5114 0.04921008478424784
5115 0.04921513466856225
5116 0.04922018455287665
5117 0.04922523443719105
5118 0.04923028432150548
5119 0.049235334205819874
5120 0.0492403840901343
5121 0.0492454339744487
5122 0.04925048385876312
5123 0.04925553374307751
5124 0.04926058362739192
5125 0.049265633511706354
5126 0.04927068339602076
5127 0.049275733280335146
5128 0.049280783164649546
5129 0.04928583304896396
5130 0.049290882933278386
5131 0.04929593281759281
5132 0.04930098270190719
5133 0.049306032586221606
5134 0.049311082470536026
5135 0.04931613235485042
5136 0.04932118223916484
5137 0.04932623212347924
5138 0.04933128200779366
5139 0.04933633189210807
5140 0.049341381776422485
5141 0.049346431660736885
5142 0.0493514815450513
5143 0.04935653142936571
5144 0.0493615813136801
5145 0.04936663119799454
5146 0.049371681082308945
5147 0.049376730966623344
5148 0.04938178085093778
5149 0.04938683073525217
5150 0.049391880619566585
5151 0.04939693050388097
5152 0.04940198038819541
5153 0.049407030272509825
5154 0.04941208015682422
5155 0.049417130041138624
5156 0.04942217992545304
5157 0.04942722980976745
5158 0.04943227969408186
5159 0.049437329578396264
5160 0.04944237946271069
5161 0.04944742934702509
5162 0.04945247923133949
5163 0.0494575291156539
5164 0.04946257899996831
5165 0.04946762888428272
5166 0.04947267876859713
5167 0.04947772865291156
5168 0.049482778537225956
5169 0.04948782842154036
5170 0.049492878305854776
5171 0.04949792819016918
5172 0.04950297807448358
5173 0.049508027958798
5174 0.04951307784311239
5175 0.049518127727426815
5176 0.04952317761174124
5177 0.049528227496055635
5178 0.049533277380370055
5179 0.049538327264684455
5180 0.04954337714899886
5181 0.049548427033313275
5182 0.04955347691762768
5183 0.0495585268019421
5184 0.04956357668625651
5185 0.04956862657057093
5186 0.04957367645488532
5187 0.04957872633919974
5188 0.049583776223514155
5189 0.04958882610782857
5190 0.04959387599214294
5191 0.04959892587645736
5192 0.049603975760771794
5193 0.04960902564508618
5194 0.049614075529400614
5195 0.04961912541371502
5196 0.049624175298029434
5197 0.04962922518234381
5198 0.04963427506665824
5199 0.049639324950972674
5200 0.04964437483528708
5201 0.04964942471960149
5202 0.04965447460391588
5203 0.04965952448823029
5204 0.049664574372544706
5205 0.04966962425685911
5206 0.04967467414117352
5207 0.04967972402548791
5208 0.04968477390980234
5209 0.04968982379411676
5210 0.04969487367843115
5211 0.04969992356274558
5212 0.049704973447059986
5213 0.04971002333137439
5214 0.049715073215688785
5215 0.049720123100003205
5216 0.049725172984317605
5217 0.049730222868632025
5218 0.04973527275294644
5219 0.049740322637260845
5220 0.04974537252157526
5221 0.04975042240588966
5222 0.04975547229020408
5223 0.04976052217451848
5224 0.049765572058832905
5225 0.0497706219431473
5226 0.04977567182746174
5227 0.04978072171177612
5228 0.04978577159609053
5229 0.049790821480404944
5230 0.04979587136471935
5231 0.04980092124903374
5232 0.04980597113334816
5233 0.049811021017662604
5234 0.04981607090197699
5235 0.04982112078629139
5236 0.049826170670605796
5237 0.04983122055492022
5238 0.04983627043923464
5239 0.04984132032354905
5240 0.04984637020786344
5241 0.04985142009217785
5242 0.04985646997649227
5243 0.04986151986080668
5244 0.04986656974512109
5245 0.0498716196294355
5246 0.0498766695137499
5247 0.04988171939806433
5248 0.04988676928237872
5249 0.049891819166693135
5250 0.04989686905100755
5251 0.049901918935321955
5252 0.04990696881963636
5253 0.049912018703950775
5254 0.049917068588265175
5255 0.049922118472579595
5256 0.04992716835689401
5257 0.049932218241208415
5258 0.04993726812552282
5259 0.04994231800983723
5260 0.049947367894151655
5261 0.049952417778466054
5262 0.04995746766278045
5263 0.04996251754709488
5264 0.049967567431409274
5265 0.04997261731572371
5266 0.04997766720003813
5267 0.0499827170843525
5268 0.049987766968666913
5269 0.049992816852981334
5270 0.04999786673729574
5271 0.050002916621610154
5272 0.05000796650592453
5273 0.05001301639023896
5274 0.05001806627455338
5275 0.05002311615886779
5276 0.0500281660431822
5277 0.050033215927496606
5278 0.050038265811811006
5279 0.05004331569612542
5280 0.05004836558043983
5281 0.05005341546475425
5282 0.05005846534906868
5283 0.050063515233383094
5284 0.050068565117697465
5285 0.050073615002011886
5286 0.0500786648863263
5287 0.050083714770640685
5288 0.050088764654955126
5289 0.050093814539269525
5290 0.050098864423583925
5291 0.050103914307898345
5292 0.05010896419221275
5293 0.050114014076527186
5294 0.05011906396084158
5295 0.050124113845155985
5296 0.050129163729470405
5297 0.0501342136137848
5298 0.05013926349809922
5299 0.050144313382413624
5300 0.050149363266728045
5301 0.05015441315104244
5302 0.050159463035356865
5303 0.050164512919671264
5304 0.050169562803985664
5305 0.05017461268830009
5306 0.05017966257261449
5307 0.05018471245692889
5308 0.05018976234124332
5309 0.05019481222555772
5310 0.05019986210987214
5311 0.05020491199418653
5312 0.050209961878500964
5313 0.05021501176281537
5314 0.05022006164712975
5315 0.050225111531444155
5316 0.05023016141575859
5317 0.050235211300072996
5318 0.05024026118438739
5319 0.05024531106870182
5320 0.050250360953016215
5321 0.050255410837330636
5322 0.05026046072164505
5323 0.050265510605959456
5324 0.05027056049027385
5325 0.05027561037458828
5326 0.05028066025890271
5327 0.05028571014321708
5328 0.05029076002753148
5329 0.0502958099118459
5330 0.050300859796160335
5331 0.05030590968047474
5332 0.050310959564789134
5333 0.05031600944910354
5334 0.05032105933341797
5335 0.050326109217732375
5336 0.05033115910204677
5337 0.05033620898636118
5338 0.05034125887067561
5339 0.050346308754990014
5340 0.05035135863930442
5341 0.05035640852361881
5342 0.05036145840793323
5343 0.05036650829224765
5344 0.050371558176562053
5345 0.05037660806087647
5346 0.05038165794519087
5347 0.05038670782950529
5348 0.0503917577138197
5349 0.05039680759813411
5350 0.05040185748244852
5351 0.05040690736676294
5352 0.05041195725107733
5353 0.05041700713539175
5354 0.05042205701970615
5355 0.05042710690402055
5356 0.05043215678833498
5357 0.05043720667264938
5358 0.05044225655696381
5359 0.050447306441278185
5360 0.050452356325592605
5361 0.050457406209907026
5362 0.05046245609422145
5363 0.05046750597853585
5364 0.050472555862850245
5365 0.05047760574716467
5366 0.05048265563147905
5367 0.05048770551579348
5368 0.0504927554001079
5369 0.05049780528442229
5370 0.050502855168736684
5371 0.05050790505305111
5372 0.050512954937365524
5373 0.05051800482167991
5374 0.050523054705994316
5375 0.05052810459030876
5376 0.05053315447462316
5377 0.05053820435893755
5378 0.050543254243251956
5379 0.05054830412756642
5380 0.05055335401188079
5381 0.05055840389619522
5382 0.050563453780509623
5383 0.050568503664824044
5384 0.05057355354913845
5385 0.05057860343345286
5386 0.05058365331776725
5387 0.05058870320208168
5388 0.050593753086396076
5389 0.05059880297071048
5390 0.050603852855024924
5391 0.05060890273933931
5392 0.05061395262365374
5393 0.05061900250796811
5394 0.050624052392282556
5395 0.050629102276596956
5396 0.05063415216091136
5397 0.05063920204522576
5398 0.05064425192954016
5399 0.050649301813854596
5400 0.050654351698168995
5401 0.05065940158248341
5402 0.0506644514667978
5403 0.05066950135111225
5404 0.050674551235426635
5405 0.05067960111974102
5406 0.05068465100405546
5407 0.05068970088836987
5408 0.050694750772684254
5409 0.05069980065699867
5410 0.05070485054131308
5411 0.0507099004256275
5412 0.050714950309941914
5413 0.05072000019425633
5414 0.05072505007857074
5415 0.05073009996288514
5416 0.05073514984719956
5417 0.050740199731513946
5418 0.05074524961582838
5419 0.05075029950014278
5420 0.05075534938445721
5421 0.0507603992687716
5422 0.050765449153086006
5423 0.05077049903740044
5424 0.05077554892171483
5425 0.05078059880602922
5426 0.050785648690343646
5427 0.05079069857465804
5428 0.05079574845897248
5429 0.050800798343286886
5430 0.050805848227601286
5431 0.0508108981119157
5432 0.05081594799623011
5433 0.05082099788054452
5434 0.05082604776485891
5435 0.05083109764917336
5436 0.050836147533487745
5437 0.05084119741780215
5438 0.050846247302116565
5439 0.05085129718643097
5440 0.05085634707074541
5441 0.05086139695505979
5442 0.05086644683937421
5443 0.0508714967236886
5444 0.05087654660800302
5445 0.05088159649231742
5446 0.050886646376631844
5447 0.05089169626094625
5448 0.050896746145260685
5449 0.05090179602957508
5450 0.050906845913889484
5451 0.05091189579820389
5452 0.05091694568251829
5453 0.0509219955668327
5454 0.05092704545114713
5455 0.05093209533546153
5456 0.050937145219775944
5457 0.05094219510409035
5458 0.05094724498840478
5459 0.05095229487271916
5460 0.05095734475703357
5461 0.050962394641347976
5462 0.050967444525662396
5463 0.0509724944099768
5464 0.05097754429429124
5465 0.05098259417860561
5466 0.05098764406292005
5467 0.05099269394723443
5468 0.05099774383154884
5469 0.05100279371586326
5470 0.05100784360017768
5471 0.05101289348449209
5472 0.051017943368806495
5473 0.051022993253120895
5474 0.051028043137435294
5475 0.05103309302174973
5476 0.051038142906064135
5477 0.051043192790378535
5478 0.05104824267469295
5479 0.05105329255900737
5480 0.051058342443321775
5481 0.05106339232763618
5482 0.051067895739591876
5483 0.05107239915154753
5484 0.051076902563503224
5485 0.051081405975458904
5486 0.05108590938741459
5487 0.05109041279937029
5488 0.05109491621132596
5489 0.05109941962328166
5490 0.051103923035237336
5491 0.05110842644719302
5492 0.051112929859148684
5493 0.05111743327110438
5494 0.05112193668306004
5495 0.051126440095015754
5496 0.051130943506971435
5497 0.051135446918927074
5498 0.051139950330882804
5499 0.05114445374283847
5500 0.051148957154794165
5501 0.05115346056674984
5502 0.05115796397870553
5503 0.0511624673906612
5504 0.051166970802616875
5505 0.05117147421457257
5506 0.05117597762652826
5507 0.05118048103848393
5508 0.051184984450439626
5509 0.0511894878623953
5510 0.051193991274350995
5511 0.051198494686306634
5512 0.051202998098262356
5513 0.05120750151021802
5514 0.05121200492217369
5515 0.051216508334129385
5516 0.0512210117460851
5517 0.05122551515804077
5518 0.05123001856999644
5519 0.05123452198195213
5520 0.05123902539390781
5521 0.0512435288058635
5522 0.05124803221781915
5523 0.05125253562977488
5524 0.051257039041730554
5525 0.05126154245368622
5526 0.05126604586564191
5527 0.05127054927759758
5528 0.05127505268955328
5529 0.05127955610150894
5530 0.051284059513464646
5531 0.05128856292542032
5532 0.051293066337376
5533 0.05129756974933168
5534 0.05130207316128737
5535 0.05130657657324305
5536 0.05131107998519873
5537 0.05131558339715441
5538 0.05132008680911009
5539 0.05132459022106578
5540 0.05132909363302147
5541 0.05133359704497715
5542 0.05133810045693284
5543 0.05134260386888849
5544 0.05134710728084419
5545 0.051351610692799865
5546 0.05135611410475554
5547 0.051360617516711254
5548 0.051365120928666935
5549 0.05136962434062259
5550 0.0513741277525783
5551 0.05137863116453399
5552 0.051383134576489665
5553 0.05138763798844534
5554 0.05139214140040102
5555 0.051396644812356715
5556 0.05140114822431239
5557 0.05140565163626807
5558 0.051410155048223743
5559 0.05141465846017943
5560 0.05141916187213511
5561 0.0514236652840908
5562 0.05142816869604647
5563 0.05143267210800215
5564 0.05143717551995784
5565 0.05144167893191353
5566 0.05144618234386921
5567 0.05145068575582489
5568 0.051455189167780586
5569 0.05145969257973626
5570 0.05146419599169194
5571 0.05146869940364765
5572 0.0514732028156033
5573 0.051477706227559
5574 0.051482209639514664
5575 0.051486713051470366
5576 0.051491216463426054
5577 0.051495719875381714
5578 0.05150022328733742
5579 0.0515047266992931
5580 0.051509230111248756
5581 0.05151373352320446
5582 0.05151823693516013
5583 0.051522740347115806
5584 0.051527243759071494
5585 0.05153174717102719
5586 0.05153625058298286
5587 0.05154075399493855
5588 0.05154525740689424
5589 0.05154976081884992
5590 0.0515542642308056
5591 0.05155876764276127
5592 0.051563271054716975
5593 0.05156777446667262
5594 0.05157227787862833
5595 0.05157678129058401
5596 0.0515812847025397
5597 0.05158578811449541
5598 0.05159029152645106
5599 0.051594794938406754
5600 0.051599298350362435
5601 0.051603801762318116
5602 0.051608305174273776
5603 0.051612808586229485
5604 0.05161731199818516
5605 0.05162181541014084
5606 0.05162631882209652
5607 0.051630822234052194
5608 0.0516353256460079
5609 0.05163982905796358
5610 0.05164433246991927
5611 0.05164883588187494
5612 0.051653339293830626
5613 0.05165784270578632
5614 0.05166234611774199
5615 0.05166684952969769
5616 0.05167135294165334
5617 0.051675856353609044
5618 0.0516803597655647
5619 0.0516848631775204
5620 0.051689366589476086
5621 0.05169387000143178
5622 0.05169837341338745
5623 0.05170287682534312
5624 0.05170738023729881
5625 0.0517118836492545
5626 0.051716387061210185
5627 0.051720890473165866
5628 0.05172539388512154
5629 0.051729897297077235
5630 0.05173440070903291
5631 0.05173890412098859
5632 0.05174340753294427
5633 0.05174791094489997
5634 0.051752414356855646
5635 0.05175691776881132
5636 0.05176142118076702
5637 0.05176592459272267
5638 0.05177042800467837
5639 0.05177493141663405
5640 0.05177943482858975
5641 0.05178393824054543
5642 0.05178844165250109
5643 0.05179294506445678
5644 0.051797448476412475
5645 0.05180195188836815
5646 0.051806455300323816
5647 0.05181095871227952
5648 0.051815462124235184
5649 0.05181996553619088
5650 0.05182446894814655
5651 0.05182897236010225
5652 0.05183347577205793
5653 0.05183797918401361
5654 0.0518424825959693
5655 0.05184698600792495
5656 0.05185148941988066
5657 0.05185599283183634
5658 0.05186049624379203
5659 0.05186499965574772
5660 0.0518695030677034
5661 0.05187400647965909
5662 0.05187850989161476
5663 0.05188301330357042
5664 0.05188751671552612
5665 0.05189202012748178
5666 0.05189652353943749
5667 0.05190102695139317
5668 0.05190553036334885
5669 0.051910033775304544
5670 0.051914537187260204
5671 0.0519190405992159
5672 0.05192354401117161
5673 0.051928047423127274
5674 0.051932550835082955
5675 0.05193705424703862
5676 0.05194155765899432
5677 0.05194606107095
5678 0.05195056448290568
5679 0.05195506789486137
5680 0.05195957130681705
5681 0.05196407471877272
5682 0.051968578130728395
5683 0.05197308154268409
5684 0.051977584954639784
5685 0.05198208836659546
5686 0.05198659177855113
5687 0.05199109519050683
5688 0.05199559860246251
5689 0.052000102014418174
5690 0.05200460542637389
5691 0.052009108838329564
5692 0.05201361225028523
5693 0.05201811566224091
5694 0.05202261907419659
5695 0.05202712248615228
5696 0.05203162589810797
5697 0.052036129310063656
5698 0.05204063272201934
5699 0.052045136133975003
5700 0.05204963954593071
5701 0.052054142957886386
5702 0.052058646369842074
5703 0.05206314978179775
5704 0.052067653193753435
5705 0.052072156605709116
5706 0.05207666001766481
5707 0.05208116342962048
5708 0.052085666841576166
5709 0.05209017025353183
5710 0.05209467366548753
5711 0.05209917707744321
5712 0.0521036804893989
5713 0.052108183901354584
5714 0.05211268731331025
5715 0.05211719072526594
5716 0.052121694137221605
5717 0.052126197549177314
5718 0.05213070096113299
5719 0.05213520437308866
5720 0.05213970778504438
5721 0.052144211197000016
5722 0.05214871460895572
5723 0.052153218020911406
5724 0.05215772143286709
5725 0.05216222484482277
5726 0.052166728256778434
5727 0.05217123166873414
5728 0.052175735080689824
5729 0.052180238492645484
5730 0.05218474190460118
5731 0.052189245316556845
5732 0.052193748728512554
5733 0.05219825214046824
5734 0.05220275555242393
5735 0.052207258964379596
5736 0.05221176237633528
5737 0.05221626578829096
5738 0.05222076920024665
5739 0.05222527261220232
5740 0.05222977602415801
5741 0.0522342794361137
5742 0.05223878284806938
5743 0.05224328626002506
5744 0.05224778967198074
5745 0.05225229308393641
5746 0.05225679649589212
5747 0.05226129990784781
5748 0.05226580331980348
5749 0.05227030673175914
5750 0.05227481014371483
5751 0.05227931355567051
5752 0.052283816967626205
5753 0.05228832037958187
5754 0.052292823791537574
5755 0.05229732720349326
5756 0.05230183061544894
5757 0.05230633402740461
5758 0.05231083743936032
5759 0.052315340851316
5760 0.05231984426327166
5761 0.05232434767522737
5762 0.052328851087183006
5763 0.0523333544991387
5764 0.052337857911094375
5765 0.05234236132305007
5766 0.05234686473500575
5767 0.05235136814696146
5768 0.052355871558917126
5769 0.05236037497087281
5770 0.05236487838282849
5771 0.052369381794784176
5772 0.05237388520673984
5773 0.052378388618695544
5774 0.05238289203065122
5775 0.052387395442606906
5776 0.0523918988545626
5777 0.052396402266518295
5778 0.052400905678473955
5779 0.05240540909042964
5780 0.05240991250238532
5781 0.052414415914341
5782 0.05241891932629669
5783 0.05242342273825237
5784 0.05242792615020807
5785 0.05243242956216375
5786 0.05243693297411942
5787 0.0524414363860751
5788 0.052445939798030784
5789 0.05245044320998646
5790 0.05245494662194214
5791 0.05245945003389783
5792 0.052463953445853515
5793 0.05246845685780921
5794 0.052472960269764876
5795 0.05247746368172054
5796 0.05248196709367623
5797 0.05248647050563191
5798 0.05249097391758759
5799 0.052495477329543294
5800 0.052499980741498975
5801 0.05250448415345464
5802 0.05250898756541034
5803 0.05251349097736604
5804 0.052517994389321705
5805 0.05252249780127738
5806 0.05252700121323307
5807 0.052531504625188755
5808 0.052536008037144435
5809 0.052540511449100116
5810 0.052545014861055804
5811 0.05254951827301148
5812 0.052554021684967166
5813 0.05255852509692283
5814 0.052563028508878555
5815 0.05256753192083421
5816 0.052572035332789896
5817 0.05257653874474559
5818 0.052581042156701265
5819 0.052585545568656945
5820 0.05259004898061263
5821 0.052594552392568314
5822 0.052599055804523995
5823 0.05260355921647968
5824 0.05260806262843536
5825 0.05261256604039105
5826 0.05261706945234673
5827 0.0526215728643024
5828 0.05262607627625808
5829 0.05263057968821379
5830 0.05263508310016945
5831 0.05263958651212513
5832 0.052644089924080824
5833 0.0526485933360365
5834 0.05265309674799217
5835 0.05265760015994787
5836 0.05266210357190354
5837 0.05266660698385923
5838 0.05267111039581493
5839 0.05267561380777059
5840 0.05268011721972628
5841 0.05268462063168197
5842 0.05268912404363763
5843 0.05269362745559334
5844 0.052698130867549015
5845 0.052702634279504695
5846 0.052707137691460376
5847 0.052711641103416064
5848 0.05271614451537174
5849 0.05272064792732743
5850 0.052725151339283106
5851 0.05272965475123878
5852 0.05273415816319446
5853 0.05273866157515017
5854 0.052743164987105844
5855 0.052747668399061524
5856 0.05275217181101721
5857 0.052756675222972886
5858 0.05276117863492858
5859 0.05276568204688424
5860 0.05277018545883993
5861 0.05277468887079561
5862 0.052779192282751304
5863 0.05278369569470699
5864 0.05278819910666267
5865 0.05279270251861836
5866 0.05279720593057403
5867 0.052801709342529694
5868 0.05280621275448539
5869 0.0528107161664411
5870 0.05281521957839675
5871 0.05281972299035244
5872 0.05282422640230812
5873 0.05282872981426379
5874 0.05283323322621949
5875 0.05283773663817519
5876 0.05284224005013084
5877 0.05284674346208654
5878 0.05285124687404223
5879 0.05285575028599791
5880 0.05286025369795361
5881 0.05286475710990928
5882 0.052869260521864955
5883 0.05287376393382063
5884 0.05287826734577631
5885 0.05288277075773199
5886 0.05288727416968767
5887 0.05289177758164339
5888 0.052896280993599054
5889 0.052900784405554756
5890 0.05290528781751043
5891 0.05290979122946611
5892 0.052914294641421784
5893 0.052918798053377486
5894 0.052923301465333146
5895 0.05292780487728881
5896 0.05293230828924453
5897 0.052936811701200216
5898 0.05294131511315587
5899 0.05294581852511157
5900 0.052950321937067245
5901 0.052954825349022926
5902 0.05295932876097863
5903 0.05296383217293429
5904 0.05296833558489
5905 0.05297283899684567
5906 0.05297734240880135
5907 0.05298184582075703
5908 0.05298634923271272
5909 0.05299085264466839
5910 0.05299535605662408
5911 0.05299985946857977
5912 0.05300436288053543
5913 0.053008866292491116
5914 0.053013369704446804
5915 0.05301787311640249
5916 0.05302237652835817
5917 0.05302687994031383
5918 0.05303138335226952
5919 0.053035886764225215
5920 0.0530403901761809
5921 0.05304489358813658
5922 0.053049397000092265
5923 0.05305390041204795
5924 0.05305840382400361
5925 0.05306290723595932
5926 0.053067410647914995
5927 0.05307191405987069
5928 0.053076417471826356
5929 0.05308092088378206
5930 0.053085424295737746
5931 0.053089927707693406
5932 0.053094431119649094
5933 0.053098934531604795
5934 0.05310343794356047
5935 0.05310794135551615
5936 0.053112444767471824
5937 0.0531169481794275
5938 0.053121451591383186
5939 0.05312595500333887
5940 0.05313045841529457
5941 0.053134961827250235
5942 0.053139465239205916
5943 0.053143968651161604
5944 0.05314847206311731
5945 0.05315297547507299
5946 0.05315747888702865
5947 0.05316198229898434
5948 0.05316648571094003
5949 0.053170989122895695
5950 0.05317549253485139
5951 0.053179995946807064
5952 0.05318449935876275
5953 0.05318900277071843
5954 0.05319350618267411
5955 0.05319800959462978
5956 0.05320251300658548
5957 0.05320701641854116
5958 0.05321151983049685
5959 0.05321602324245253
5960 0.053220526654408226
5961 0.053225030066363886
5962 0.05322953347831957
5963 0.05323403689027524
5964 0.05323854030223094
5965 0.05324304371418663
5966 0.05324754712614232
5967 0.053252050538098006
5968 0.053256553950053666
5969 0.053261057362009354
5970 0.053265560773965034
5971 0.05327006418592073
5972 0.0532745675978764
5973 0.05327907100983208
5974 0.05328357442178778
5975 0.05328807783374347
5976 0.053292581245699154
5977 0.053297084657654814
5978 0.0533015880696105
5979 0.05330609148156619
5980 0.05331059489352187
5981 0.05331509830547755
5982 0.05331960171743323
5983 0.0533241051293889
5984 0.05332860854134461
5985 0.053333111953300295
5986 0.05333761536525598
5987 0.05334211877721165
5988 0.053346622189167324
5989 0.05335112560112301
5990 0.05335562901307868
5991 0.053360132425034366
5992 0.05336463583699004
5993 0.05336913924894574
5994 0.05337364266090143
5995 0.053378146072857104
5996 0.05338264948481279
5997 0.05338715289676848
5998 0.05339165630872415
5999 0.05339615972067983
6000 0.053400663132635515
6001 0.05340516654459121
6002 0.05340966995654689
6003 0.05341417336850258
6004 0.053418676780458245
6005 0.053423180192413953
6006 0.05342768360436962
6007 0.05343218701632531
6008 0.05343669042828098
6009 0.053441193840236684
6010 0.05344569725219236
6011 0.053450200664148025
6012 0.05345470407610372
6013 0.053459207488059386
6014 0.05346371090001506
6015 0.05346821431197076
6016 0.053472717723926456
6017 0.05347722113588214
6018 0.05348172454783783
6019 0.053486227959793485
6020 0.05349073137174919
6021 0.053495234783704854
6022 0.05349973819566052
6023 0.05350424160761624
6024 0.053508745019571896
6025 0.05351324843152761
6026 0.05351775184348328
6027 0.05352225525543896
6028 0.05352675866739464
6029 0.05353126207935032
6030 0.05353576549130601
6031 0.05354026890326168
6032 0.05354477231521739
6033 0.053549275727173044
6034 0.05355377913912874
6035 0.05355828255108443
6036 0.0535627859630401
6037 0.05356728937499577
6038 0.05357179278695146
6039 0.053576296198907136
6040 0.053580799610862845
6041 0.05358530302281852
6042 0.05358980643477422
6043 0.053594309846729866
6044 0.05359881325868558
6045 0.05360331667064124
6046 0.053607820082596916
6047 0.05361232349455261
6048 0.053616826906508305
6049 0.053621330318464
6050 0.05362583373041967
6051 0.05363033714237534
6052 0.053634840554331036
6053 0.05363934396628672
6054 0.05364384737824239
6055 0.05364835079019807
6056 0.053652854202153766
6057 0.05365735761410944
6058 0.05366186102606514
6059 0.05366636443802078
6060 0.05367086784997648
6061 0.05367537126193218
6062 0.05367987467388783
6063 0.053684378085843545
6064 0.05368888149779924
6065 0.05369338490975489
6066 0.05369788832171059
6067 0.053702391733666255
6068 0.053706895145621936
6069 0.05371139855757763
6070 0.05371590196953332
6071 0.05372040538148899
6072 0.05372490879344467
6073 0.053729412205400354
6074 0.05373391561735606
6075 0.05373841902931174
6076 0.05374292244126739
6077 0.0537474258532231
6078 0.05375192926517878
6079 0.05375643267713446
6080 0.05376093608909014
6081 0.05376543950104582
6082 0.053769942913001495
6083 0.05377444632495718
6084 0.05377894973691286
6085 0.05378345314886855
6086 0.05378795656082424
6087 0.053792459972779934
6088 0.053796963384735594
6089 0.053801466796691295
6090 0.053805970208646976
6091 0.05381047362060266
6092 0.05381497703255834
6093 0.05381948044451401
6094 0.05382398385646972
6095 0.05382848726842539
6096 0.053832990680381054
6097 0.05383749409233675
6098 0.05384199750429245
6099 0.05384650091624811
6100 0.05385100432820379
6101 0.05385550774015948
6102 0.05386001115211516
6103 0.05386451456407083
6104 0.05386901797602653
6105 0.0538735213879822
6106 0.05387802479993789
6107 0.05388252821189358
6108 0.05388703162384925
6109 0.05389153503580494
6110 0.053896038447760614
6111 0.05390054185971631
6112 0.05390504527167201
6113 0.05390954868362768
6114 0.05391405209558334
6115 0.05391855550753903
6116 0.05392305891949472
6117 0.05392756233145039
6118 0.053932065743406074
6119 0.053936569155361776
6120 0.05394107256731744
6121 0.05394557597927314
6122 0.05395007939122881
6123 0.0539545828031845
6124 0.05395908621514019
6125 0.053963589627095854
6126 0.053968093039051535
6127 0.053972596451007236
6128 0.05397709986296291
6129 0.053981603274918605
6130 0.05398610668687428
6131 0.053990610098829946
6132 0.05399511351078565
6133 0.053999616922741335
6134 0.05400412033469701
6135 0.054008623746652704
6136 0.05401312715860838
6137 0.05401763057056405
6138 0.05402213398251975
6139 0.054026637394475434
6140 0.05403114080643109
6141 0.054035644218386775
6142 0.05404014763034247
6143 0.05404465104229818
6144 0.054049154454253845
6145 0.05405365786620952
6146 0.054058161278165186
6147 0.054062664690120894
6148 0.05406716810207659
6149 0.05407167151403227
6150 0.05407617492598793
6151 0.05408067833794362
6152 0.0540851817498993
6153 0.05408968516185498
6154 0.054094188573810674
6155 0.05409869198576636
6156 0.05410319539772202
6157 0.054107698809677716
6158 0.05411220222163339
6159 0.05411670563358908
6160 0.05412120904554477
6161 0.054125712457500454
6162 0.054130215869456114
6163 0.05413471928141181
6164 0.05413922269336748
6165 0.05414372610532316
6166 0.054148229517278865
6167 0.05415273292923454
6168 0.05415723634119023
6169 0.05416173975314592
6170 0.054166243165101574
6171 0.05417074657705726
6172 0.05417524998901294
6173 0.05417975340096865
6174 0.05418425681292433
6175 0.05418876022488
6176 0.054193263636835694
6177 0.054197767048791354
6178 0.05420227046074705
6179 0.054206773872702736
6180 0.054211277284658424
6181 0.0542157806966141
6182 0.0542202841085698
6183 0.054224787520525466
6184 0.054229290932481126
6185 0.05423379434443684
6186 0.05423829775639252
6187 0.05424280116834818
6188 0.0542473045803039
6189 0.05425180799225955
6190 0.05425631140421525
6191 0.054260814816170934
6192 0.05426531822812662
6193 0.05426982164008228
6194 0.05427432505203797
6195 0.054278828463993664
6196 0.054283331875949345
6197 0.054287835287905026
6198 0.05429233869986071
6199 0.05429684211181637
6200 0.05430134552377206
6201 0.05430584893572775
6202 0.05431035234768344
6203 0.054314855759639125
6204 0.054319359171594805
6205 0.05432386258355047
6206 0.05432836599550615
6207 0.05433286940746185
6208 0.054337372819417556
6209 0.0543418762313732
6210 0.05434637964332891
6211 0.05435088305528459
6212 0.05435538646724026
6213 0.054359889879195954
6214 0.05436439329115161
6215 0.05436889670310731
6216 0.05437340011506301
6217 0.05437790352701869
6218 0.05438240693897435
6219 0.054386910350930046
6220 0.05439141376288572
6221 0.0543959171748414
6222 0.05440042058679709
6223 0.054404923998752755
6224 0.054409427410708436
6225 0.054413930822664124
6226 0.054418434234619846
6227 0.05442293764657553
6228 0.0544274410585312
6229 0.05443194447048685
6230 0.05443644788244257
6231 0.05444095129439824
6232 0.054445454706353924
6233 0.05444995811830959
6234 0.05445446153026528
6235 0.054458964942220967
6236 0.05446346835417665
6237 0.05446797176613234
6238 0.054472475178088016
6239 0.0544769785900437
6240 0.054481482001999364
6241 0.05448598541395507
6242 0.05449048882591074
6243 0.054494992237866434
6244 0.0544994956498221
6245 0.054503999061777796
6246 0.0545085024737335
6247 0.05451300588568917
6248 0.054517509297644845
6249 0.05452201270960051
6250 0.05452651612155621
6251 0.05453101953351189
6252 0.05453552294546758
6253 0.054540026357423235
6254 0.05454452976937894
6255 0.05454903318133463
6256 0.0545535365932903
6257 0.05455804000524598
6258 0.054562543417201674
6259 0.054567046829157355
6260 0.05457155024111302
6261 0.054576053653068723
6262 0.05458055706502442
6263 0.0545850604769801
6264 0.05458956388893576
6265 0.05459406730089147
6266 0.054598570712847135
6267 0.0546030741248028
6268 0.054607577536758496
6269 0.05461208094871416
6270 0.054616584360669865
6271 0.05462108777262555
6272 0.05462559118458123
6273 0.05463009459653692
6274 0.054634598008492595
6275 0.05463910142044827
6276 0.05464360483240397
6277 0.05464810824435964
6278 0.054652611656315346
6279 0.05465711506827101
6280 0.05466161848022669
6281 0.05466612189218238
6282 0.05467062530413806
6283 0.05467512871609373
6284 0.05467963212804941
6285 0.054684135540005105
6286 0.054688638951960786
6287 0.05469314236391648
6288 0.05469764577587217
6289 0.054702149187827856
6290 0.054706652599783516
6291 0.0547111560117392
6292 0.0547156594236949
6293 0.05472016283565057
6294 0.054724666247606246
6295 0.054729169659561934
6296 0.05473367307151763
6297 0.0547381764834733
6298 0.05474267989542897
6299 0.05474718330738465
6300 0.054751686719340345
6301 0.05475619013129603
6302 0.05476069354325171
6303 0.054765196955207394
6304 0.05476970036716306
6305 0.054774203779118735
6306 0.054778707191074444
6307 0.05478321060303011
6308 0.054787714014985806
6309 0.05479221742694151
6310 0.054796720838897195
6311 0.05480122425085284
6312 0.054805727662808515
6313 0.05481023107476423
6314 0.05481473448671992
6315 0.054819237898675564
6316 0.054823741310631266
6317 0.05482824472258693
6318 0.05483274813454264
6319 0.054837251546498315
6320 0.054841754958453996
6321 0.05484625837040969
6322 0.054850761782365344
6323 0.05485526519432105
6324 0.05485976860627675
6325 0.0548642720182324
6326 0.05486877543018811
6327 0.05487327884214379
6328 0.054877782254099464
6329 0.054882285666055165
6330 0.05488678907801083
6331 0.054891292489966506
6332 0.0548957959019222
6333 0.05490029931387789
6334 0.05490480272583356
6335 0.05490930613778923
6336 0.05491380954974494
6337 0.054918312961700626
6338 0.05492281637365628
6339 0.054927319785611974
6340 0.05493182319756767
6341 0.054936326609523335
6342 0.054940830021479
6343 0.05494533343343472
6344 0.054949836845390364
6345 0.05495434025734608
6346 0.05495884366930173
6347 0.05496334708125744
6348 0.05496785049321312
6349 0.0549723539051688
6350 0.0549768573171245
6351 0.05498136072908018
6352 0.05498586414103584
6353 0.05499036755299154
6354 0.05499487096494719
6355 0.054999374376902894
6356 0.05500387778885857
6357 0.05500838120081427
6358 0.055012884612769944
6359 0.055017388024725625
6360 0.055021891436681285
6361 0.055026394848637014
6362 0.05503089826059266
6363 0.055035401672548355
6364 0.055039905084504036
6365 0.0550444084964597
6366 0.0550489119084154
6367 0.055053415320371085
6368 0.05505791873232677
6369 0.05506242214428243
6370 0.055066925556238135
6371 0.05507142896819382
6372 0.0550759323801495
6373 0.055080435792105205
6374 0.05508493920406086
6375 0.05508944261601656
6376 0.05509394602797225
6377 0.055098449439927914
6378 0.055102952851883616
6379 0.05510745626383929
6380 0.05511195967579495
6381 0.05511646308775064
6382 0.05512096649970632
6383 0.055125469911662
6384 0.05512997332361767
6385 0.05513447673557336
6386 0.05513898014752907
6387 0.05514348355948476
6388 0.05514798697144041
6389 0.055152490383396105
6390 0.05515699379535181
6391 0.05516149720730746
6392 0.05516600061926315
6393 0.05517050403121883
6394 0.05517500744317452
6395 0.05517951085513018
6396 0.055184014267085905
6397 0.055188517679041565
6398 0.05519302109099727
6399 0.05519752450295294
6400 0.05520202791490862
6401 0.0552065313268643
6402 0.055211034738820004
6403 0.055215538150775664
6404 0.05522004156273135
6405 0.055224544974687026
6406 0.055229048386642735
6407 0.05523355179859841
6408 0.055238055210554075
6409 0.05524255862250974
6410 0.05524706203446546
6411 0.05525156544642113
6412 0.055256068858376826
6413 0.05526057227033249
6414 0.05526507568228819
6415 0.05526957909424386
6416 0.05527408250619953
6417 0.0552785859181552
6418 0.0552830893301109
6419 0.0552875927420666
6420 0.05529209615402226
6421 0.05529659956597796
6422 0.05530110297793365
6423 0.055305606389889315
6424 0.05531010980184501
6425 0.0553146132138007
6426 0.055319116625756365
6427 0.055323620037712073
6428 0.05532812344966774
6429 0.05533262686162342
6430 0.05533713027357911
6431 0.0553416336855348
6432 0.055346137097490464
6433 0.055350640509446145
6434 0.055355143921401846
6435 0.05535964733335753
6436 0.0553641507453132
6437 0.05536865415726886
6438 0.055373157569224556
6439 0.05537766098118023
6440 0.055382164393135924
6441 0.055386667805091626
6442 0.055391171217047286
6443 0.055395674629002974
6444 0.05540017804095867
6445 0.05540468145291434
6446 0.05540918486487001
6447 0.05541368827682571
6448 0.055418191688781406
6449 0.055422695100737066
6450 0.05542719851269275
6451 0.055431701924648455
6452 0.05543620533660413
6453 0.0554407087485598
6454 0.05544521216051549
6455 0.05544971557247118
6456 0.05545421898442684
6457 0.05545872239638252
6458 0.055463225808338214
6459 0.055467729220293895
6460 0.05547223263224958
6461 0.05547673604420527
6462 0.05548123945616095
6463 0.05548574286811661
6464 0.055490246280072326
6465 0.05549474969202802
6466 0.0554992531039837
6467 0.05550375651593937
6468 0.05550825992789503
6469 0.05551276333985074
6470 0.0555172667518064
6471 0.05552177016376211
6472 0.055526273575717766
6473 0.05553077698767347
6474 0.05553528039962914
6475 0.055539783811584816
6476 0.05554428722354052
6477 0.05554879063549621
6478 0.05555329404745186
6479 0.055557797459407546
6480 0.05556230087136324
6481 0.055566804283318935
6482 0.0555713076952746
6483 0.055575811107230304
6484 0.05558031451918598
6485 0.05558481793114165
6486 0.055589321343097325
6487 0.05559382475505301
6488 0.055598328167008694
6489 0.05560283157896438
6490 0.05560733499092004
6491 0.05561183840287576
6492 0.05561634181483143
6493 0.05562084522678712
6494 0.0556253486387428
6495 0.0556298520506985
6496 0.05563435546265415
6497 0.05563885887460983
6498 0.055643362286565544
6499 0.05564786569852122
6500 0.055652369110476885
6501 0.05565687252243257
6502 0.05566137593438824
6503 0.055665879346343934
6504 0.055670382758299636
6505 0.0556748861702553
6506 0.05567938958221099
6507 0.055683892994166685
6508 0.055688396406122366
6509 0.055692899818078026
6510 0.05569740323003371
6511 0.0557019066419894
6512 0.05570641005394507
6513 0.055710913465900756
6514 0.05571541687785645
6515 0.05571992028981213
6516 0.055724423701767806
6517 0.055728927113723487
6518 0.05573343052567919
6519 0.05573793393763487
6520 0.05574243734959053
6521 0.05574694076154622
6522 0.05575144417350191
6523 0.055755947585457606
6524 0.0557604509974133
6525 0.05576495440936894
6526 0.05576945782132465
6527 0.055773961233280316
6528 0.055778464645235996
6529 0.05578296805719171
6530 0.05578747146914739
6531 0.05579197488110305
6532 0.05579647829305874
6533 0.0558009817050144
6534 0.0558054851169701
6535 0.05580998852892577
6536 0.05581449194088147
6537 0.055818995352837145
6538 0.055823498764792846
6539 0.055828002176748534
6540 0.05583250558870419
6541 0.055837009000659875
6542 0.05584151241261558
6543 0.05584601582457126
6544 0.055850519236526945
6545 0.05585502264848261
6546 0.055859526060438314
6547 0.05586402947239396
6548 0.05586853288434966
6549 0.05587303629630534
6550 0.05587753970826103
6551 0.05588204312021672
6552 0.05588654653217239
6553 0.05589104994412809
6554 0.05589555335608378
6555 0.05590005676803944
6556 0.05590456017999514
6557 0.05590906359195082
6558 0.05591356700390649
6559 0.05591807041586218
6560 0.05592257382781785
6561 0.05592707723977354
6562 0.05593158065172922
6563 0.05593608406368489
6564 0.055940587475640596
6565 0.05594509088759627
6566 0.055949594299551965
6567 0.05595409771150764
6568 0.05595860112346334
6569 0.05596310453541899
6570 0.05596760794737467
6571 0.05597211135933038
6572 0.055976614771286064
6573 0.055981118183241724
6574 0.05598562159519741
6575 0.05599012500715308
6576 0.05599462841910877
6577 0.05599913183106445
6578 0.05600363524302014
6579 0.05600813865497582
6580 0.056012642066931496
6581 0.056017145478887205
6582 0.056021648890842865
6583 0.05602615230279856
6584 0.05603065571475424
6585 0.056035159126709935
6586 0.05603966253866562
6587 0.0560441659506213
6588 0.05604866936257697
6589 0.05605317277453264
6590 0.05605767618648832
6591 0.05606217959844403
6592 0.05606668301039971
6593 0.05607118642235539
6594 0.056075689834311056
6595 0.05608019324626675
6596 0.05608469665822244
6597 0.05608920007017813
6598 0.05609370348213381
6599 0.05609820689408948
6600 0.05610271030604516
6601 0.05610721371800084
6602 0.056111717129956544
6603 0.056116220541912225
6604 0.05612072395386789
6605 0.05612522736582357
6606 0.05612973077777926
6607 0.05613423418973494
6608 0.05613873760169063
6609 0.05614324101364631
6610 0.056147744425601984
6611 0.05615224783755768
6612 0.056156751249513366
6613 0.05616125466146902
6614 0.05616575807342471
6615 0.05617026148538042
6616 0.05617476489733609
6617 0.05617926830929178
6618 0.05618377172124747
6619 0.056188275133203146
6620 0.05619277854515882
6621 0.056197281957114494
6622 0.056201785369070174
6623 0.05620628878102586
6624 0.05621079219298154
6625 0.05621529560493723
6626 0.056219799016892925
6627 0.05622430242884861
6628 0.05622880584080429
6629 0.056233309252759975
6630 0.05623781266471565
6631 0.05624231607667132
6632 0.05624681948862703
6633 0.056251322900582684
6634 0.056255826312538365
6635 0.05626032972449408
6636 0.05626483313644977
6637 0.05626933654840543
6638 0.05627383996036112
6639 0.0562783433723168
6640 0.05628284678427249
6641 0.056287350196228166
6642 0.05629185360818384
6643 0.05629635702013953
6644 0.05630086043209521
6645 0.056305363844050896
6646 0.056309867256006556
6647 0.05631437066796224
6648 0.05631887407991793
6649 0.056323377491873605
6650 0.0563278809038293
6651 0.056332384315784974
6652 0.05633688772774068
6653 0.05634139113969635
6654 0.05634589455165204
6655 0.05635039796360772
6656 0.0563549013755634
6657 0.05635940478751909
6658 0.05636390819947479
6659 0.056368411611430455
6660 0.05637291502338612
6661 0.056377418435341824
6662 0.05638192184729749
6663 0.0563864252592532
6664 0.05639092867120885
6665 0.05639543208316453
6666 0.05639993549512023
6667 0.05640443890707591
6668 0.056408942319031596
6669 0.05641344573098729
6670 0.05641794914294296
6671 0.05642245255489863
6672 0.056426955966854334
6673 0.05643145937881001
6674 0.05643596279076569
6675 0.05644046620272137
6676 0.05644496961467705
6677 0.05644947302663274
6678 0.056453976438588425
6679 0.0564584798505441
6680 0.05646298326249979
6681 0.05646748667445548
6682 0.056471990086411156
6683 0.056476493498366837
6684 0.05648099691032251
6685 0.05648550032227819
6686 0.05649000373423387
6687 0.05649450714618958
6688 0.05649901055814525
6689 0.056503513970100935
6690 0.0565080173820566
6691 0.05651252079401229
6692 0.056517024205967964
6693 0.056521527617923666
6694 0.056526031029879346
6695 0.05653053444183502
6696 0.05653503785379071
6697 0.056539541265746396
6698 0.056544044677702084
6699 0.05654854808965777
6700 0.05655305150161343
6701 0.05655755491356912
6702 0.05656205832552479
6703 0.05656656173748047
6704 0.05657106514943617
6705 0.05657556856139185
6706 0.05658007197334755
6707 0.05658457538530321
6708 0.0565890787972589
6709 0.05659358220921459
6710 0.05659808562117025
6711 0.05660258903312594
6712 0.05660709244508164
6713 0.05661159585703732
6714 0.05661609926899299
6715 0.056620602680948685
6716 0.056625106092904366
6717 0.056629609504860054
6718 0.056634112916815735
6719 0.05663861632877142
6720 0.05664311974072711
6721 0.05664762315268278
6722 0.05665212656463847
6723 0.056656629976594146
6724 0.05666113338854984
6725 0.05666563680050552
6726 0.056670140212461195
6727 0.056674643624416876
6728 0.05667914703637256
6729 0.056683650448328245
6730 0.05668815386028391
6731 0.056692657272239606
6732 0.05669716068419529
6733 0.05670166409615097
6734 0.056706167508106635
6735 0.05671067092006234
6736 0.05671517433201801
6737 0.05671967774397369
6738 0.0567241811559294
6739 0.05672868456788506
6740 0.05673318797984075
6741 0.05673769139179644
6742 0.05674219480375211
6743 0.056746698215707804
6744 0.05675120162766347
6745 0.05675570503961917
6746 0.05676020845157484
6747 0.05676471186353052
6748 0.056769215275486236
6749 0.05677371868744192
6750 0.05677822209939758
6751 0.056782725511353264
6752 0.056787228923308924
6753 0.056791732335264626
6754 0.05679623574722029
6755 0.056800739159175995
6756 0.05680524257113166
6757 0.05680974598308737
6758 0.05681424939504305
6759 0.056818752806998704
6760 0.0568232562189544
6761 0.05682775963091009
6762 0.056832263042865774
6763 0.05683676645482146
6764 0.05684126986677713
6765 0.05684577327873283
6766 0.05685027669068848
6767 0.056854780102644206
6768 0.05685928351459986
6769 0.05686378692655554
6770 0.05686829033851125
6771 0.05687279375046691
6772 0.0568772971624226
6773 0.05688180057437829
6774 0.05688630398633396
6775 0.05689080739828965
6776 0.05689531081024533
6777 0.05689981422220103
6778 0.0569043176341567
6779 0.05690882104611236
6780 0.05691332445806805
6781 0.05691782787002376
6782 0.05692233128197942
6783 0.056926834693935106
6784 0.05693133810589081
6785 0.056935841517846475
6786 0.05694034492980218
6787 0.056944848341757844
6788 0.05694935175371352
6789 0.056953855165669205
6790 0.056958358577624886
6791 0.056962861989580574
6792 0.056967365401536255
6793 0.056971868813491915
6794 0.05697637222544764
6795 0.056980875637403304
6796 0.056985379049359006
6797 0.05698988246131465
6798 0.056994385873270346
6799 0.05699888928522603
6800 0.05700339269718171
6801 0.05700789610913739
6802 0.05701239952109308
6803 0.05701690293304877
6804 0.05702140634500445
6805 0.05702590975696012
6806 0.057030413168915814
6807 0.057034916580871495
6808 0.05703941999282716
6809 0.05704392340478287
6810 0.05704842681673852
6811 0.057052930228694204
6812 0.05705743364064991
6813 0.05706193705260561
6814 0.05706644046456127
6815 0.057070943876516955
6816 0.05707544728847263
6817 0.057079950700428324
6818 0.057084454112384005
6819 0.0570889575243397
6820 0.05709346093629537
6821 0.057097964348251054
6822 0.05710246776020672
6823 0.05710697117216242
6824 0.05711147458411809
6825 0.057115977996073784
6826 0.05712048140802947
6827 0.057124984819985146
6828 0.05712948823194084
6829 0.057133991643896515
6830 0.057138495055852195
6831 0.05714299846780788
6832 0.057147501879763564
6833 0.05715200529171925
6834 0.057156508703674926
6835 0.0571610121156306
6836 0.057165515527586294
6837 0.057170018939541954
6838 0.057174522351497656
6839 0.05717902576345333
6840 0.05718352917540901
6841 0.05718803258736471
6842 0.05719253599932039
6843 0.057197039411276074
6844 0.057201542823231734
6845 0.05720604623518742
6846 0.05721054964714312
6847 0.05721505305909881
6848 0.057219556471054485
6849 0.05722405988301018
6850 0.057228563294965853
6851 0.05723306670692153
6852 0.057237570118877215
6853 0.0572420735308329
6854 0.057246576942788584
6855 0.05725108035474427
6856 0.05725558376669996
6857 0.057260087178655626
6858 0.05726459059061132
6859 0.05726909400256699
6860 0.057273597414522696
6861 0.05727810082647834
6862 0.05728260423843405
6863 0.057287107650389725
6864 0.05729161106234541
6865 0.05729611447430111
6866 0.05730061788625677
6867 0.05730512129821246
6868 0.05730962471016814
6869 0.057314128122123824
6870 0.0573186315340795
6871 0.05732313494603519
6872 0.05732763835799087
6873 0.057332141769946554
6874 0.057336645181902214
6875 0.05734114859385792
6876 0.057345652005813604
6877 0.05735015541776928
6878 0.057354658829724965
6879 0.05735916224168066
6880 0.057363665653636334
6881 0.057368169065592015
6882 0.057372672477547716
6883 0.05737717588950337
6884 0.05738167930145905
6885 0.05738618271341476
6886 0.057390686125370446
6887 0.057395189537326106
6888 0.0573996929492818
6889 0.057404196361237475
6890 0.05740869977319317
6891 0.05741320318514884
6892 0.057417706597104545
6893 0.05742221000906022
6894 0.05742671342101588
6895 0.05743121683297157
6896 0.05743572024492725
6897 0.057440223656882956
6898 0.05744472706883862
6899 0.05744923048079429
6900 0.05745373389274999
6901 0.05745823730470569
6902 0.05746274071666136
6903 0.057467244128617014
6904 0.057471747540572715
6905 0.0574762509525284
6906 0.057480754364484084
6907 0.057485257776439744
6908 0.05748976118839544
6909 0.05749426460035113
6910 0.0574987680123068
6911 0.0575032714242625
6912 0.057507774836218176
6913 0.05751227824817388
6914 0.05751678166012955
6915 0.05752128507208523
6916 0.05752578848404091
6917 0.05753029189599658
6918 0.05753479530795229
6919 0.057539298719907955
6920 0.05754380213186365
6921 0.057548305543819324
6922 0.05755280895577502
6923 0.05755731236773069
6924 0.05756181577968637
6925 0.057566319191642054
6926 0.057570822603597735
6927 0.057575326015553416
6928 0.057579829427509104
6929 0.0575843328394648
6930 0.05758883625142046
6931 0.05759333966337616
6932 0.057597843075331855
6933 0.05760234648728753
6934 0.05760684989924321
6935 0.05761135331119888
6936 0.057615856723154564
6937 0.05762036013511025
6938 0.05762486354706593
6939 0.057629366959021606
6940 0.05763387037097729
6941 0.05763837378293298
6942 0.057642877194888656
6943 0.05764738060684434
6944 0.05765188401880003
6945 0.05765638743075571
6946 0.05766089084271139
6947 0.057665394254667074
6948 0.05766989766662276
6949 0.05767440107857844
6950 0.05767890449053414
6951 0.057683407902489804
6952 0.0576879113144455
6953 0.057692414726401166
6954 0.057696918138356874
6955 0.05770142155031254
6956 0.05770592496226822
6957 0.0577104283742239
6958 0.0577149317861796
6959 0.05771943519813528
6960 0.057723938610090945
6961 0.05772844202204663
6962 0.0577329454340023
6963 0.057737448845958
6964 0.057741952257913676
6965 0.05774645566986938
6966 0.05775095908182506
6967 0.05775546249378073
6968 0.05775996590573641
6969 0.0577644693176921
6970 0.057768972729647795
6971 0.05777347614160346
6972 0.05777797955355915
6973 0.05778248296551482
6974 0.05778698637747052
6975 0.05779148978942619
6976 0.05779599320138187
6977 0.057800496613337575
6978 0.057805000025293235
6979 0.057809503437248916
6980 0.05781400684920463
6981 0.05781851026116029
6982 0.057823013673115986
6983 0.05782751708507166
6984 0.05783202049702735
6985 0.05783652390898302
6986 0.057841027320938695
6987 0.05784553073289438
6988 0.05785003414485006
6989 0.05785453755680577
6990 0.05785904096876143
6991 0.05786354438071712
6992 0.05786804779267281
6993 0.05787255120462848
6994 0.05787705461658417
6995 0.057881558028539844
6996 0.057886061440495545
6997 0.057890564852451226
6998 0.05789506826440688
6999 0.05789957167636256
7000 0.05790407508831827
7001 0.057908578500273956
7002 0.05791308191222963
7003 0.05791758532418532
7004 0.057922088736140985
7005 0.05792659214809668
7006 0.057931095560052354
7007 0.05793559897200803
7008 0.057940102383963736
7009 0.05794460579591942
7010 0.05794910920787508
7011 0.057953612619830785
7012 0.057958116031786445
7013 0.05796261944374214
7014 0.057967122855697835
7015 0.05797162626765351
7016 0.057976129679609203
7017 0.05798063309156488
7018 0.05798513650352053
7019 0.05798963991547621
7020 0.05799414332743192
7021 0.0579986467393876
7022 0.05800315015134327
7023 0.05800765356329896
7024 0.05801215697525465
7025 0.058016660387210324
7026 0.058021163799166
7027 0.05802566721112169
7028 0.05803017062307737
7029 0.058034674035033075
7030 0.058039177446988756
7031 0.05804368085894442
7032 0.058048184270900104
7033 0.05805268768285579
7034 0.05805719109481146
7035 0.05806169450676718
7036 0.05806619791872282
7037 0.05807070133067852
7038 0.0580752047426342
7039 0.05807970815458988
7040 0.05808421156654558
7041 0.058088714978501266
7042 0.058093218390456926
7043 0.05809772180241261
7044 0.0581022252143683
7045 0.05810672862632399
7046 0.05811123203827966
7047 0.058115735450235344
7048 0.05812023886219103
7049 0.05812474227414671
7050 0.0581292456861024
7051 0.0581337490980581
7052 0.05813825251001376
7053 0.05814275592196945
7054 0.05814725933392514
7055 0.058151762745880804
7056 0.05815626615783649
7057 0.05816076956979217
7058 0.05816527298174787
7059 0.05816977639370355
7060 0.05817427980565924
7061 0.05817878321761491
7062 0.058183286629570584
7063 0.05818779004152627
7064 0.05819229345348196
7065 0.05819679686543763
7066 0.05820130027739332
7067 0.05820580368934899
7068 0.05821030710130469
7069 0.058214810513260364
7070 0.05821931392521604
7071 0.058223817337171746
7072 0.05822832074912742
7073 0.058232824161083094
7074 0.058237327573038775
7075 0.05824183098499449
7076 0.05824633439695016
7077 0.058250837808905824
7078 0.05825534122086152
7079 0.0582598446328172
7080 0.05826434804477287
7081 0.058268851456728554
7082 0.058273354868684256
7083 0.05827785828063994
7084 0.058282361692595604
7085 0.05828686510455129
7086 0.058291368516506986
7087 0.05829587192846265
7088 0.05830037534041834
7089 0.05830487875237402
7090 0.058309382164329696
7091 0.0583138855762854
7092 0.05831838898824108
7093 0.05832289240019676
7094 0.05832739581215242
7095 0.05833189922410813
7096 0.05833640263606382
7097 0.05834090604801949
7098 0.058345409459975184
7099 0.05834991287193085
7100 0.05835441628388655
7101 0.05835891969584223
7102 0.05836342310779789
7103 0.058367926519753595
7104 0.058372429931709276
7105 0.058376933343664957
7106 0.05838143675562062
7107 0.05838594016757632
7108 0.058390443579531985
7109 0.05839494699148769
7110 0.058399450403443354
7111 0.058403953815399055
7112 0.058408457227354736
7113 0.05841296063931039
7114 0.05841746405126608
7115 0.058421967463221786
7116 0.05842647087517747
7117 0.05843097428713314
7118 0.05843547769908883
7119 0.058439981111044495
7120 0.0584444845230002
7121 0.05844898793495587
7122 0.05845349134691157
7123 0.05845799475886725
7124 0.05846249817082291
7125 0.058467001582778594
7126 0.0584715049947343
7127 0.05847600840668997
7128 0.05848051181864566
7129 0.05848501523060136
7130 0.058489518642557026
7131 0.0584940220545127
7132 0.058498525466468394
7133 0.05850302887842406
7134 0.058507532290379735
7135 0.058512035702335444
7136 0.05851653911429113
7137 0.05852104252624679
7138 0.05852554593820248
7139 0.05853004935015815
7140 0.05853455276211384
7141 0.058539056174069515
7142 0.058543559586025216
7143 0.0585480629979809
7144 0.05855256640993657
7145 0.05855706982189226
7146 0.05856157323384794
7147 0.05856607664580363
7148 0.0585705800577593
7149 0.05857508346971498
7150 0.058579586881670656
7151 0.05858409029362635
7152 0.058588593705582025
7153 0.058593097117537726
7154 0.05859760052949341
7155 0.05860210394144909
7156 0.05860660735340477
7157 0.05861111076536046
7158 0.05861561417731614
7159 0.05862011758927181
7160 0.058624621001227506
7161 0.05862912441318317
7162 0.05863362782513887
7163 0.05863813123709455
7164 0.05864263464905022
7165 0.05864713806100593
7166 0.058651641472961584
7167 0.05865614488491728
7168 0.05866064829687296
7169 0.058665151708828654
7170 0.058669655120784335
7171 0.058674158532740016
7172 0.05867866194469571
7173 0.05868316535665138
7174 0.05868766876860706
7175 0.05869217218056274
7176 0.05869667559251842
7177 0.0587011790044741
7178 0.05870568241642979
7179 0.05871018582838548
7180 0.058714689240341164
7181 0.05871919265229684
7182 0.05872369606425253
7183 0.05872819947620821
7184 0.05873270288816388
7185 0.058737206300119554
7186 0.05874170971207524
7187 0.05874621312403092
7188 0.05875071653598663
7189 0.05875521994794229
7190 0.058759723359897986
7191 0.058764226771853674
7192 0.05876873018380935
7193 0.05877323359576502
7194 0.058777737007720716
7195 0.0587822404196764
7196 0.05878674383163208
7197 0.05879124724358776
7198 0.05879575065554345
7199 0.05880025406749913
7200 0.058804757479454794
7201 0.05880926089141049
7202 0.05881376430336618
7203 0.05881826771532187
7204 0.058822771127277546
7205 0.058827274539233226
7206 0.0588317779511889
7207 0.05883628136314459
7208 0.05884078477510026
7209 0.05884528818705597
7210 0.05884979159901164
7211 0.058854295010967325
7212 0.058858798422923
7213 0.058863301834878694
7214 0.05886780524683437
7215 0.05887230865879006
7216 0.058876812070745736
7217 0.058881315482701424
7218 0.0588858188946571
7219 0.058890322306612786
7220 0.058894825718568466
7221 0.05889932913052414
7222 0.05890383254247983
7223 0.058908335954435495
7224 0.0589128393663912
7225 0.05891734277834688
7226 0.05892184619030257
7227 0.058926349602258246
7228 0.05893085301421393
7229 0.058935356426169615
7230 0.058939859838125296
7231 0.05894436325008099
7232 0.05894886666203665
7233 0.058953370073992345
7234 0.05895787348594801
7235 0.05896237689790372
7236 0.05896688030985939
7237 0.05897138372181507
7238 0.05897588713377077
7239 0.05898039054572643
7240 0.05898489395768212
7241 0.0589893973696378
7242 0.058993900781593465
7243 0.05899840419354918
7244 0.05900290760550483
7245 0.05900741101746054
7246 0.05901191442941622
7247 0.0590164178413719
7248 0.05902092125332758
7249 0.059025424665283266
7250 0.05902992807723895
7251 0.05903443148919463
7252 0.059038934901150315
7253 0.05904343831310601
7254 0.05904794172506168
7255 0.059052445137017365
7256 0.059056948548973046
7257 0.059061451960928726
7258 0.05906595537288443
7259 0.05907045878484008
7260 0.05907496219679576
7261 0.05907946560875147
7262 0.05908396902070714
7263 0.059088472432662825
7264 0.05909297584461852
7265 0.05909747925657419
7266 0.05910198266852988
7267 0.05910648608048556
7268 0.059110989492441236
7269 0.05911549290439692
7270 0.05911999631635259
7271 0.05912449972830828
7272 0.05912900314026397
7273 0.059133506552219633
7274 0.05913800996417534
7275 0.059142513376131016
7276 0.05914701678808671
7277 0.059151520200042385
7278 0.05915602361199808
7279 0.05916052702395374
7280 0.05916503043590942
7281 0.05916953384786511
7282 0.05917403725982081
7283 0.059178540671776476
7284 0.059183044083732164
7285 0.05918754749568783
7286 0.059192050907643526
7287 0.0591965543195992
7288 0.059201057731554894
7289 0.05920556114351057
7290 0.059210064555466256
7291 0.05921456796742194
7292 0.059219071379377625
7293 0.059223574791333305
7294 0.05922807820328897
7295 0.05923258161524467
7296 0.05923708502720036
7297 0.059241588439156036
7298 0.0592460918511117
7299 0.059250595263067404
7300 0.059255098675023085
7301 0.059259602086978766
7302 0.05926410549893445
7303 0.059268608910890135
7304 0.059273112322845815
7305 0.05927761573480149
7306 0.059282119146757184
7307 0.05928662255871287
7308 0.059291125970668546
7309 0.05929577805042545
7310 0.05930043013018232
7311 0.05930508220993924
7312 0.059309734289696145
7313 0.05931438636945302
7314 0.05931903844920993
7315 0.059323690528966834
7316 0.059328342608723716
7317 0.05933299468848063
7318 0.059337646768237516
7319 0.059342298847994426
7320 0.059346950927751316
7321 0.059351603007508205
7322 0.05935625508726512
7323 0.05936090716702201
7324 0.05936555924677891
7325 0.05937021132653583
7326 0.0593748634062927
7327 0.059379515486049604
7328 0.0593841675658065
7329 0.059388819645563404
7330 0.0593934717253203
7331 0.0593981238050772
7332 0.05940277588483409
7333 0.05940742796459099
7334 0.05941208004434788
7335 0.05941673212410478
7336 0.05942138420386168
7337 0.05942603628361859
7338 0.05943068836337548
7339 0.05943534044313239
7340 0.05943999252288928
7341 0.059444644602646174
7342 0.05944929668240307
7343 0.05945394876215997
7344 0.05945860084191686
7345 0.05946325292167378
7346 0.05946790500143066
7347 0.059472557081187566
7348 0.05947720916094446
7349 0.059481861240701345
7350 0.05948651332045825
7351 0.05949116540021516
7352 0.05949581747997204
7353 0.05950046955972895
7354 0.05950512163948584
7355 0.05950977371924273
7356 0.05951442579899964
7357 0.059519077878756536
7358 0.05952372995851345
7359 0.05952838203827034
7360 0.05953303411802724
7361 0.05953768619778413
7362 0.05954233827754103
7363 0.05954699035729793
7364 0.05955164243705481
7365 0.05955629451681171
7366 0.05956094659656864
7367 0.05956559867632552
7368 0.059570250756082424
7369 0.059574902835839334
7370 0.05957955491559621
7371 0.05958420699535312
7372 0.05958885907511001
7373 0.059593511154866906
7374 0.059598163234623816
7375 0.059602815314380705
7376 0.05960746739413762
7377 0.05961211947389449
7378 0.05961677155365139
7379 0.05962142363340829
7380 0.05962607571316521
7381 0.059630727792922084
7382 0.05963537987267899
7383 0.05964003195243588
7384 0.05964468403219277
7385 0.0596493361119497
7386 0.05965398819170658
7387 0.05965864027146349
7388 0.05966329235122037
7389 0.059667944430977275
7390 0.05967259651073417
7391 0.05967724859049108
7392 0.05968190067024795
7393 0.05968655275000486
7394 0.05969120482976176
7395 0.059695856909518646
7396 0.05970050898927555
7397 0.059705161069032446
7398 0.05970981314878934
7399 0.059714465228546246
7400 0.05971911730830317
7401 0.05972376938806005
7402 0.059728421467816956
7403 0.05973307354757386
7404 0.05973772562733074
7405 0.059742377707087645
7406 0.059747029786844534
7407 0.059751681866601444
7408 0.059756333946358334
7409 0.05976098602611525
7410 0.05976563810587213
7411 0.05977029018562901
7412 0.059774942265385926
7413 0.059779594345142816
7414 0.05978424642489971
7415 0.059788898504656636
7416 0.05979355058441351
7417 0.05979820266417041
7418 0.05980285474392731
7419 0.05980750682368422
7420 0.0598121589034411
7421 0.059816810983198
7422 0.05982146306295491
7423 0.05982611514271179
7424 0.059830767222468675
7425 0.05983541930222559
7426 0.05984007138198248
7427 0.05984472346173939
7428 0.05984937554149628
7429 0.05985402762125318
7430 0.059858679701010095
7431 0.05986333178076699
7432 0.05986798386052389
7433 0.05987263594028076
7434 0.05987728802003769
7435 0.059881940099794584
7436 0.059886592179551466
7437 0.05989124425930836
7438 0.05989589633906527
7439 0.059900548418822155
7440 0.059905200498579066
7441 0.05990985257833595
7442 0.05991450465809286
7443 0.05991915673784975
7444 0.05992380881760665
7445 0.05992846089736355
7446 0.05993311297712044
7447 0.05993776505687736
7448 0.05994241713663425
7449 0.05994706921639115
7450 0.05995172129614804
7451 0.05995637337590494
7452 0.059961025455661836
7453 0.05996567753541872
7454 0.05997032961517563
7455 0.05997498169493253
7456 0.05997963377468941
7457 0.05998428585444633
7458 0.05998893793420322
7459 0.05999359001396013
7460 0.059998242093717014
7461 0.06000289417347393
7462 0.06000754625323081
7463 0.06001219833298773
7464 0.060016850412744606
7465 0.060021502492501495
7466 0.06002615457225842
7467 0.060030806652015316
7468 0.06003545873177221
7469 0.06004011081152911
7470 0.060044762891286005
7471 0.06004941497104289
7472 0.06005406705079979
7473 0.060058719130556694
7474 0.0600633712103136
7475 0.06006802329007048
7476 0.06007267536982737
7477 0.06007732744958428
7478 0.06008197952934118
7479 0.06008663160909807
7480 0.06009128368885496
7481 0.060095935768611886
7482 0.06010058784836877
7483 0.060105239928125664
7484 0.06010989200788257
7485 0.06011454408763946
7486 0.060119196167396353
7487 0.06012384824715327
7488 0.06012850032691015
7489 0.060133152406667056
7490 0.06013780448642396
7491 0.06014245656618084
7492 0.060147108645937745
7493 0.060151760725694656
7494 0.06015641280545154
7495 0.06016106488520845
7496 0.06016571696496534
7497 0.06017036904472223
7498 0.06017502112447914
7499 0.060179673204236034
7500 0.060184325283992944
7501 0.06018897736374984
7502 0.060193629443506716
7503 0.06019828152326361
7504 0.06020293360302053
7505 0.06020758568277743
7506 0.06021223776253431
7507 0.06021688984229121
7508 0.060221541922048115
7509 0.06022619400180502
7510 0.0602308460815619
7511 0.06023549816131881
7512 0.06024015024107572
7513 0.060244802320832604
7514 0.060249454400589514
7515 0.06025410648034639
7516 0.06025875856010331
7517 0.060263410639860196
7518 0.060268062719617085
7519 0.06027271479937401
7520 0.060277366879130906
7521 0.060282018958887774
7522 0.06028667103864468
7523 0.060291323118401595
7524 0.0602959751981585
7525 0.060300627277915374
7526 0.06030527935767228
7527 0.060309931437429166
7528 0.06031458351718607
7529 0.06031923559694295
7530 0.06032388767669986
7531 0.06032853975645677
7532 0.06033319183621367
7533 0.06033784391597055
7534 0.06034249599572746
7535 0.06034714807548436
7536 0.060351800155241254
7537 0.06035645223499817
7538 0.06036110431475505
7539 0.060365756394511944
7540 0.06037040847426886
7541 0.060375060554025764
7542 0.060379712633782646
7543 0.06038436471353954
7544 0.060389016793296425
7545 0.060393668873053336
7546 0.060398320952810246
7547 0.06040297303256712
7548 0.06040762511232403
7549 0.06041227719208093
7550 0.06041692927183782
7551 0.06042158135159472
7552 0.06042623343135162
7553 0.06043088551110853
7554 0.060435537590865424
7555 0.06044018967062233
7556 0.060444841750379216
7557 0.06044949383013612
7558 0.060454145909893016
7559 0.0604587979896499
7560 0.0604634500694068
7561 0.060468102149163726
7562 0.06047275422892061
7563 0.060477406308677505
7564 0.0604820583884344
7565 0.060486710468191304
7566 0.06049136254794819
7567 0.0604960146277051
7568 0.06050066670746197
7569 0.060505318787218904
7570 0.06050997086697578
7571 0.06051462294673267
7572 0.060519275026489586
7573 0.06052392710624648
7574 0.060528579186003385
7575 0.060533231265760275
7576 0.06053788334551717
7577 0.06054253542527408
7578 0.060547187505030964
7579 0.06055183958478787
7580 0.06055649166454474
7581 0.06056114374430165
7582 0.06056579582405856
7583 0.060570447903815446
7584 0.060575099983572356
7585 0.060579752063329245
7586 0.060584404143086135
7587 0.06058905622284305
7588 0.06059370830259994
7589 0.06059836038235686
7590 0.06060301246211375
7591 0.06060766454187062
7592 0.06061231662162755
7593 0.060616968701384444
7594 0.06062162078114134
7595 0.06062627286089822
7596 0.060630924940655126
7597 0.06063557702041203
7598 0.06064022910016891
7599 0.060644881179925815
7600 0.060649533259682704
7601 0.06065418533943961
7602 0.060658837419196504
7603 0.060663489498953414
7604 0.060668141578710304
7605 0.06067279365846719
7606 0.06067744573822411
7607 0.06068209781798101
7608 0.0606867498977379
7609 0.06069140197749479
7610 0.060696054057251696
7611 0.0607007061370086
7612 0.060705358216765495
7613 0.06071001029652239
7614 0.0607146623762793
7615 0.0607193144560362
7616 0.06072396653579308
7617 0.06072861861555
7618 0.06073327069530689
7619 0.060737922775063784
7620 0.06074257485482068
7621 0.06074722693457759
7622 0.06075187901433448
7623 0.060756531094091376
7624 0.060761183173848266
7625 0.06076583525360516
7626 0.06077048733336205
7627 0.060775139413118975
7628 0.06077979149287585
7629 0.060784443572632754
7630 0.06078909565238965
7631 0.060793747732146554
7632 0.06079839981190344
7633 0.06080305189166036
7634 0.06080770397141725
7635 0.06081235605117415
7636 0.060817008130931036
7637 0.060821660210687946
7638 0.060826312290444835
7639 0.06083096437020175
7640 0.06083561644995862
7641 0.06084026852971554
7642 0.06084492060947243
7643 0.060849572689229324
7644 0.06085422476898624
7645 0.06085887684874314
7646 0.06086352892850002
7647 0.060868181008256916
7648 0.06087283308801382
7649 0.0608774851677707
7650 0.060882137247527626
7651 0.06088678932728451
7652 0.06089144140704141
7653 0.06089609348679832
7654 0.060900745566555205
7655 0.0609053976463121
7656 0.06091004972606901
7657 0.0609147018058259
7658 0.06091935388558281
7659 0.06092400596533968
7660 0.06092865804509658
7661 0.06093331012485349
7662 0.06093796220461039
7663 0.060942614284367286
7664 0.06094726636412419
7665 0.060951918443881085
7666 0.06095657052363798
7667 0.06096122260339487
7668 0.060965874683151774
7669 0.06097052676290866
7670 0.06097517884266556
7671 0.06097983092242247
7672 0.06098448300217936
7673 0.06098913508193627
7674 0.06099378716169316
7675 0.060998439241450056
7676 0.061003091321206966
7677 0.06100774340096386
7678 0.06101239548072075
7679 0.06101704756047765
7680 0.061021699640234545
7681 0.06102635171999145
7682 0.061031003799748344
7683 0.06103565587950525
7684 0.06104030795926215
7685 0.06104496003901905
7686 0.06104961211877594
7687 0.06105426419853284
7688 0.06105891627828972
7689 0.061063568358046626
7690 0.061068220437803515
7691 0.061072872517560425
7692 0.061077524597317315
7693 0.06108217667707423
7694 0.06108682875683112
7695 0.06109148083658802
7696 0.061096132916344914
7697 0.06110078499610181
7698 0.06110543707585871
7699 0.061110089155615624
7700 0.0611147412353725
7701 0.06111939331512941
7702 0.061124045394886306
7703 0.061128697474643195
7704 0.06113334955440009
7705 0.061138001634157
7706 0.061142653713913885
7707 0.06114730579367077
7708 0.061151957873427684
7709 0.061156609953184574
7710 0.061161262032941484
7711 0.06116591411269837
7712 0.06117056619245529
7713 0.06117521827221218
7714 0.061179870351969076
7715 0.06118452243172597
7716 0.06118917451148287
7717 0.06119382659123977
7718 0.06119847867099665
7719 0.06120313075075355
7720 0.061207782830510475
7721 0.06121243491026736
7722 0.06121708699002426
7723 0.061221739069781164
7724 0.061226391149538054
7725 0.061231043229294964
7726 0.06123569530905185
7727 0.061240347388808763
7728 0.06124499946856565
7729 0.06124965154832253
7730 0.061254303628079446
7731 0.061258955707836335
7732 0.06126360778759323
7733 0.06126825986735015
7734 0.061272911947107024
7735 0.06127756402686393
7736 0.061282216106620824
7737 0.061286868186377734
7738 0.06129152026613461
7739 0.06129617234589154
7740 0.06130082442564842
7741 0.061305476505405326
7742 0.061310128585162216
7743 0.06131478066491912
7744 0.06131943274467601
7745 0.06132408482443292
7746 0.06132873690418979
7747 0.061333388983946704
7748 0.0613380410637036
7749 0.06134269314346049
7750 0.06134734522321741
7751 0.06135199730297431
7752 0.061356649382731186
7753 0.06136130146248808
7754 0.061365953542245014
7755 0.06137060562200189
7756 0.06137525770175879
7757 0.061379909781515675
7758 0.06138456186127258
7759 0.06138921394102948
7760 0.06139386602078637
7761 0.06139851810054329
7762 0.06140317018030017
7763 0.06140782226005708
7764 0.06141247433981398
7765 0.06141712641957087
7766 0.06142177849932776
7767 0.06142643057908466
7768 0.061431082658841556
7769 0.06143573473859845
7770 0.06144038681835537
7771 0.06144503889811225
7772 0.061449690977869155
7773 0.06145434305762605
7774 0.061458995137382934
7775 0.061463647217139844
7776 0.061468299296896727
7777 0.06147295137665365
7778 0.06147760345641055
7779 0.06148225553616743
7780 0.06148690761592432
7781 0.061491559695681236
7782 0.061496211775438125
7783 0.061500863855195015
7784 0.06150551593495194
7785 0.06151016801470883
7786 0.061514820094465725
7787 0.06151947217422262
7788 0.061524124253979524
7789 0.06152877633373643
7790 0.0615334284134933
7791 0.061538080493250207
7792 0.06154273257300711
7793 0.061547384652764
7794 0.0615520367325209
7795 0.061556688812277785
7796 0.061561340892034716
7797 0.06156599297179161
7798 0.061570645051548495
7799 0.06157529713130539
7800 0.06157994921106228
7801 0.0615846012908192
7802 0.06158925337057609
7803 0.061593905450332984
7804 0.0615985575300899
7805 0.06160320960984678
7806 0.061607861689603687
7807 0.06161251376936058
7808 0.06161716584911746
7809 0.06162181792887438
7810 0.061626470008631265
7811 0.061631122088388175
7812 0.061635774168145065
7813 0.06164042624790197
7814 0.06164507832765886
7815 0.06164973040741577
7816 0.06165438248717266
7817 0.06165903456692957
7818 0.06166368664668644
7819 0.06166833872644333
7820 0.06167299080620025
7821 0.061677642885957146
7822 0.06168229496571405
7823 0.061686947045470945
7824 0.06169159912522785
7825 0.061696251204984745
7826 0.06170090328474163
7827 0.061705555364498524
7828 0.061710207444255434
7829 0.061714859524012323
7830 0.06171951160376923
7831 0.06172416368352611
7832 0.06172881576328305
7833 0.06173346784303991
7834 0.061738119922796826
7835 0.061742772002553716
7836 0.06174742408231061
7837 0.06175207616206753
7838 0.06175672824182442
7839 0.0617613803215813
7840 0.06176603240133819
7841 0.061770684481095114
7842 0.06177533656085202
7843 0.06177998864060889
7844 0.0617846407203658
7845 0.0617892928001227
7846 0.06179394487987958
7847 0.06179859695963649
7848 0.06180324903939338
7849 0.061807901119150285
7850 0.061812553198907175
7851 0.061817205278664085
7852 0.06182185735842098
7853 0.061826509438177864
7854 0.06183116151793478
7855 0.06183581359769168
7856 0.061840465677448574
7857 0.06184511775720547
7858 0.061849769836962366
7859 0.06185442191671926
7860 0.061859073996476166
7861 0.061863726076233055
7862 0.06186837815598997
7863 0.061873030235746834
7864 0.061877682315503765
7865 0.06188233439526065
7866 0.06188698647501756
7867 0.06189163855477444
7868 0.06189629063453136
7869 0.06190094271428824
7870 0.06190559479404515
7871 0.061910246873802026
7872 0.06191489895355894
7873 0.06191955103331584
7874 0.061924203113072736
7875 0.06192885519282963
7876 0.061933507272586535
7877 0.06193815935234343
7878 0.061942811432100335
7879 0.06194746351185722
7880 0.061952115591614114
7881 0.061956767671371024
7882 0.06196141975112791
7883 0.06196607183088482
7884 0.061970723910641706
7885 0.06197537599039861
7886 0.0619800280701555
7887 0.06198468014991239
7888 0.0619893322296693
7889 0.061993984309426195
7890 0.06199863638918311
7891 0.06200328846894001
7892 0.062007940548696905
7893 0.062012592628453794
7894 0.0620172447082107
7895 0.062021896787967594
7896 0.06202654886772448
7897 0.06203120094748139
7898 0.06203585302723829
7899 0.062040505106995165
7900 0.062045157186752076
7901 0.06204980926650896
7902 0.06205446134626587
7903 0.06205911342602276
7904 0.06206376550577967
7905 0.062068417585536564
7906 0.062073069665293454
7907 0.062077721745050364
7908 0.06208237382480726
7909 0.06208702590456416
7910 0.06209167798432105
7911 0.06209633006407795
7912 0.06210098214383485
7913 0.06210563422359175
7914 0.06211028630334864
7915 0.062114938383105556
7916 0.06211959046286246
7917 0.06212424254261934
7918 0.06212889462237625
7919 0.06213354670213314
7920 0.062138198781890044
7921 0.062142850861646934
7922 0.06214750294140382
7923 0.062152155021160733
7924 0.06215680710091763
7925 0.062161459180674526
7926 0.062166111260431416
7927 0.06217076334018832
7928 0.06217541541994521
7929 0.06218006749970213
7930 0.06218471957945901
7931 0.06218937165921591
7932 0.062194023738972815
7933 0.0621986758187297
7934 0.06220332789848662
7935 0.062207979978243504
7936 0.06221263205800041
7937 0.062217284137757296
7938 0.06222193621751421
7939 0.062226588297271096
7940 0.062231240377028006
7941 0.06223589245678488
7942 0.06224054453654178
7943 0.06224519661629869
7944 0.062249848696055585
7945 0.062254500775812474
7946 0.06225915285556938
7947 0.062263804935326274
7948 0.06226845701508318
7949 0.06227310909484006
7950 0.06227776117459696
7951 0.06228241325435388
7952 0.06228706533411077
7953 0.06229171741386767
7954 0.06229636949362456
7955 0.062301021573381465
7956 0.062305673653138355
7957 0.062310325732895265
7958 0.06231497781265216
7959 0.06231962989240905
7960 0.06232428197216595
7961 0.06232893405192284
7962 0.062333586131679754
7963 0.06233823821143665
7964 0.06234289029119353
7965 0.06234754237095042
7966 0.062352194450707346
7967 0.06235684653046425
7968 0.062361498610221125
7969 0.062366150689978035
7970 0.06237080276973492
7971 0.06237545484949183
7972 0.06238010692924872
7973 0.06238475900900562
7974 0.06238941108876251
7975 0.06239406316851942
7976 0.06239871524827631
7977 0.06240336732803323
7978 0.06240801940779012
7979 0.06241267148754699
7980 0.06241732356730391
7981 0.062421975647060805
7982 0.06242662772681771
7983 0.062431279806574584
7984 0.06243593188633148
7985 0.062440583966088405
7986 0.06244523604584531
7987 0.0624498881256022
7988 0.0624545402053591
7989 0.06245919228511598
7990 0.06246384436487289
7991 0.062468496444629776
7992 0.06247314852438669
7993 0.06247780060414358
7994 0.06248245268390049
7995 0.06248710476365738
7996 0.06249175684341426
7997 0.062496408923171154
7998 0.06250106100292807
7999 0.06250571308268496
8000 0.06251036516244186
8001 0.06251501724219877
8002 0.06251966932195567
8003 0.06252432140171257
8004 0.06252897348146945
8005 0.06253362556122637
8006 0.06253827764098327
8007 0.06254292972074015
8008 0.06254758180049703
8009 0.06255223388025395
8010 0.06255688596001084
8011 0.06256153803976774
8012 0.06256619011952463
8013 0.06257084219928154
8014 0.06257549427903844
8015 0.06258014635879532
8016 0.06258479843855223
8017 0.06258945051830914
8018 0.06259410259806604
8019 0.06259875467782292
8020 0.06260340675757982
8021 0.06260805883733672
8022 0.06261271091709361
8023 0.0626173629968505
8024 0.06262201507660743
8025 0.0626266671563643
8026 0.06263131923612121
8027 0.0626359713158781
8028 0.06264062339563502
8029 0.06264527547539192
8030 0.0626499275551488
8031 0.06265457963490569
8032 0.0626592317146626
8033 0.06266388379441949
8034 0.0626685358741764
8035 0.06267318795393327
8036 0.06267784003369019
8037 0.06268249211344706
8038 0.06268714419320398
8039 0.06269179627296087
8040 0.06269644835271776
8041 0.06270110043247466
8042 0.0627057525122316
8043 0.06271040459198846
8044 0.06271505667174536
8045 0.06271970875150226
8046 0.06272436083125917
8047 0.06272901291101605
8048 0.06273366499077296
8049 0.06273831707052986
8050 0.06274296915028676
8051 0.06274762123004365
8052 0.06275227330980056
8053 0.06275692538955746
8054 0.06276157746931435
8055 0.06276622954907124
8056 0.06277088162882813
8057 0.06277553370858506
8058 0.06278018578834192
8059 0.06278483786809884
8060 0.06278948994785571
8061 0.06279414202761265
8062 0.06279879410736953
8063 0.06280344618712642
8064 0.06280809826688331
8065 0.0628127503466402
8066 0.06281740242639712
8067 0.06282205450615401
8068 0.0628267065859109
8069 0.06283135866566782
8070 0.06283601074542472
8071 0.0628406628251816
8072 0.06284531490493851
8073 0.0628499669846954
8074 0.0628546190644523
8075 0.06285927114420921
8076 0.06286392322396608
8077 0.062868575303723
8078 0.06287322738347989
8079 0.0628778794632368
8080 0.06288253154299368
8081 0.06288718362275059
8082 0.06289183570250749
8083 0.06289648778226438
8084 0.0629011398620213
8085 0.06290579194177819
8086 0.06291044402153508
8087 0.06291509610129198
8088 0.06291974818104887
8089 0.06292440026080577
8090 0.06292905234056267
8091 0.06293370442031958
8092 0.06293835650007648
8093 0.06294300857983336
8094 0.06294766065959027
8095 0.06295231273934715
8096 0.06295696481910407
8097 0.06296161689886094
8098 0.06296626897861786
8099 0.06297092105837475
8100 0.06297557313813165
8101 0.06298022521788856
8102 0.06298487729764544
8103 0.06298952937740236
8104 0.06299418145715924
8105 0.06299883353691614
8106 0.06300348561667303
8107 0.06300813769642993
8108 0.06301278977618684
8109 0.06301744185594374
8110 0.06302209393570062
8111 0.06302674601545752
8112 0.06303139809521441
8113 0.06303605017497131
8114 0.06304070225472821
8115 0.06304535433448512
8116 0.06305000641424202
8117 0.06305465849399891
8118 0.0630593105737558
8119 0.0630639626535127
8120 0.0630686147332696
8121 0.06307326681302651
8122 0.0630779188927834
8123 0.0630825709725403
8124 0.0630872230522972
8125 0.0630918751320541
8126 0.063096527211811
8127 0.06310117929156789
8128 0.06310583137132479
8129 0.0631104834510817
8130 0.06311513553083858
8131 0.06311978761059547
8132 0.06312443969035239
8133 0.06312909177010928
8134 0.06313374384986617
8135 0.06313839592962307
8136 0.06314304800937999
8137 0.06314770008913687
8138 0.06315235216889377
8139 0.06315700424865067
8140 0.06316165632840758
8141 0.06316630840816446
8142 0.06317096048792134
8143 0.06317561256767824
8144 0.06318026464743517
8145 0.06318491672719205
8146 0.06318956880694895
8147 0.06319422088670584
8148 0.06319887296646275
8149 0.06320352504621965
8150 0.06320817712597654
8151 0.06321282920573346
8152 0.06321748128549035
8153 0.06322213336524724
8154 0.06322678544500415
8155 0.06323143752476101
8156 0.06323608960451792
8157 0.06324074168427483
8158 0.06324539376403172
8159 0.06325004584378863
8160 0.06325469792354552
8161 0.06325935000330242
8162 0.06326400208305934
8163 0.06326865416281621
8164 0.06327330624257312
8165 0.06327795832233
8166 0.06328261040208691
8167 0.06328726248184381
8168 0.0632919145616007
8169 0.06329656664135759
8170 0.0633012187211145
8171 0.06330587080087138
8172 0.06331052288062831
8173 0.06331517496038519
8174 0.0633198270401421
8175 0.06332447911989898
8176 0.0633291311996559
8177 0.06333378327941279
8178 0.06333843535916966
8179 0.06334308743892658
8180 0.06334773951868347
8181 0.06335239159844036
8182 0.06335704367819728
8183 0.06336169575795418
8184 0.06336634783771107
8185 0.06337099991746799
8186 0.06337565199722486
8187 0.06338030407698178
8188 0.06338495615673867
8189 0.06338960823649555
8190 0.06339426031625246
8191 0.06339891239600935
8192 0.06340356447576624
8193 0.06340821655552316
8194 0.06341286863528006
8195 0.06341752071503695
8196 0.06342217279479384
8197 0.06342682487455074
8198 0.06343147695430763
8199 0.06343612903406454
8200 0.06344078111382144
8201 0.06344543319357833
8202 0.06345008527333523
8203 0.06345473735309214
8204 0.06345938943284903
8205 0.06346404151260593
8206 0.06346869359236282
8207 0.06347334567211974
8208 0.06347799775187662
8209 0.0634826498316335
8210 0.06348730191139042
8211 0.0634919539911473
8212 0.0634966060709042
8213 0.06350125815066113
8214 0.063505910230418
8215 0.0635105623101749
8216 0.0635152143899318
8217 0.0635198664696887
8218 0.06352451854944559
8219 0.06352917062920249
8220 0.06353382270895938
8221 0.06353847478871628
8222 0.06354312686847319
8223 0.06354777894823008
8224 0.06355243102798698
8225 0.0635570831077439
8226 0.06356173518750079
8227 0.06356638726725766
8228 0.06357103934701458
8229 0.06357569142677147
8230 0.06358034350652837
8231 0.06358499558628528
8232 0.06358964766604217
8233 0.06359429974579908
8234 0.06359895182555596
8235 0.06360360390531286
8236 0.06360825598506976
8237 0.06361290806482665
8238 0.06361756014458356
8239 0.06362221222434045
8240 0.06362686430409736
8241 0.06363151638385425
8242 0.06363616846361114
8243 0.06364082054336805
8244 0.06364547262312492
8245 0.06365012470288184
8246 0.06365477678263874
8247 0.06365942886239563
8248 0.06366408094215253
8249 0.06366873302190942
8250 0.06367338510166633
8251 0.06367803718142323
8252 0.06368268926118013
8253 0.06368734134093702
8254 0.06369199342069393
8255 0.06369664550045082
8256 0.0637012975802077
8257 0.06370594965996461
8258 0.06371060173972151
8259 0.06371525381947842
8260 0.06371990589923532
8261 0.06372455797899221
8262 0.06372921005874908
8263 0.063733862138506
8264 0.06373851421826289
8265 0.0637431662980198
8266 0.0637478183777767
8267 0.0637524704575336
8268 0.0637571225372905
8269 0.06376177461704739
8270 0.06376642669680428
8271 0.06377107877656119
8272 0.06377573085631807
8273 0.06378038293607498
8274 0.06378503501583187
8275 0.06378968709558876
8276 0.06379433917534566
8277 0.06379899125510258
8278 0.06380364333485947
8279 0.06380829541461636
8280 0.06381294749437326
8281 0.06381759957413016
8282 0.06382225165388705
8283 0.06382690373364396
8284 0.06383155581340087
8285 0.06383620789315775
8286 0.06384085997291465
8287 0.06384551205267155
8288 0.06385016413242843
8289 0.06385481621218533
8290 0.06385946829194224
8291 0.06386412037169914
8292 0.06386877245145603
8293 0.06387342453121293
8294 0.06387807661096982
8295 0.06388272869072673
8296 0.06388738077048363
8297 0.06389203285024055
8298 0.06389668492999742
8299 0.06390133700975432
8300 0.06390598908951123
8301 0.06391064116926812
8302 0.06391529324902503
8303 0.06391994532878192
8304 0.06392459740853881
8305 0.0639292494882957
8306 0.0639339015680526
8307 0.0639385536478095
8308 0.0639432057275664
8309 0.0639478578073233
8310 0.06395250988708019
8311 0.06395716196683708
8312 0.063961814046594
8313 0.06396646612635089
8314 0.06397111820610779
8315 0.0639757702858647
8316 0.06398042236562158
8317 0.06398507444537849
8318 0.06398972652513538
8319 0.06399437860489228
8320 0.06399903068464918
8321 0.06400368276440607
8322 0.06400833484416298
8323 0.06401298692391985
8324 0.06401763900367678
8325 0.06402229108343369
8326 0.06402694316319056
8327 0.06403159524294748
8328 0.06403624732270435
8329 0.06404089940246126
8330 0.06404555148221817
8331 0.06405020356197505
8332 0.06405485564173195
8333 0.06405950772148884
8334 0.06406415980124575
8335 0.06406881188100265
8336 0.06407346396075952
8337 0.06407811604051644
8338 0.06408276812027335
8339 0.06408742020003023
8340 0.06409207227978712
8341 0.06409672435954403
8342 0.06410137643930092
8343 0.06410602851905783
8344 0.06411068059881472
8345 0.06411533267857164
8346 0.0641199847583285
8347 0.06412463683808542
8348 0.06412928891784232
8349 0.0641339409975992
8350 0.06413859307735612
8351 0.06414324515711302
8352 0.06414789723686992
8353 0.06415254931662683
8354 0.0641572013963837
8355 0.0641618534761406
8356 0.06416650555589751
8357 0.0641711576356544
8358 0.06417580971541131
8359 0.06418046179516819
8360 0.06418511387492509
8361 0.06418976595468201
8362 0.0641944180344389
8363 0.06419907011419579
8364 0.06420372219395268
8365 0.06420837427370957
8366 0.0642130263534665
8367 0.06421767843322336
8368 0.06422233051298026
8369 0.06422698259273718
8370 0.06423163467249408
8371 0.06423628675225097
8372 0.06424093883200785
8373 0.06424559091176478
8374 0.06425024299152166
8375 0.06425489507127856
8376 0.06425954715103546
8377 0.06426419923079235
8378 0.06426885131054924
8379 0.06427350339030617
8380 0.06427815547006305
8381 0.06428280754981994
8382 0.06428745962957684
8383 0.06429211170933374
8384 0.06429676378909065
8385 0.06430141586884755
8386 0.06430606794860444
8387 0.06431072002836133
8388 0.06431537210811823
8389 0.06432002418787512
8390 0.06432467626763201
8391 0.06432932834738893
8392 0.06433398042714582
8393 0.06433863250690273
8394 0.06434328458665962
8395 0.06434793666641651
8396 0.06435258874617342
8397 0.0643572408259303
8398 0.0643618929056872
8399 0.06436654498544411
8400 0.064371197065201
8401 0.06437584914495792
8402 0.06438050122471481
8403 0.0643851533044717
8404 0.0643898053842286
8405 0.06439445746398549
8406 0.0643991095437424
8407 0.06440376162349931
8408 0.06440841370325619
8409 0.06441306578301309
8410 0.06441771786277
8411 0.06442236994252688
8412 0.06442702202228379
8413 0.06443167410204066
8414 0.06443632618179757
8415 0.06444097826155445
8416 0.06444563034131137
8417 0.06445028242106828
8418 0.06445493450082516
8419 0.06445958658058207
8420 0.06446423866033896
8421 0.06446889074009587
8422 0.06447354281985276
8423 0.06447819489960965
8424 0.06448284697936656
8425 0.06448749905912346
8426 0.06449215113888034
8427 0.06449680321863725
8428 0.06450145529839414
8429 0.06450610737815106
8430 0.06451075945790795
8431 0.06451541153766484
8432 0.06452006361742173
8433 0.06452471569717864
8434 0.06452936777693553
8435 0.06453401985669244
8436 0.06453867193644933
8437 0.06454332401620623
8438 0.06454797609596312
8439 0.06455262817572001
8440 0.06455728025547693
8441 0.06456193233523383
8442 0.06456658441499072
8443 0.06457123649474761
8444 0.06457588857450451
8445 0.06458054065426141
8446 0.06458519273401829
8447 0.06458984481377522
8448 0.06459449689353211
8449 0.06459914897328901
8450 0.06460380105304592
8451 0.06460845313280279
8452 0.06461310521255971
8453 0.0646177572923166
8454 0.06462240937207349
8455 0.06462706145183039
8456 0.06463171353158728
8457 0.06463636561134417
8458 0.0646410176911011
8459 0.06464566977085798
8460 0.06465032185061487
8461 0.06465497393037177
8462 0.06465962601012867
8463 0.06466427808988559
8464 0.06466893016964247
8465 0.06467358224939938
8466 0.06467823432915626
8467 0.06468288640891316
8468 0.06468753848867007
8469 0.06469219056842697
8470 0.06469684264818384
8471 0.06470149472794076
8472 0.06470614680769765
8473 0.06471079888745457
8474 0.06471545096721146
8475 0.06472010304696833
8476 0.06472475512672525
8477 0.06472940720648214
8478 0.06473405928623906
8479 0.06473871136599593
8480 0.06474336344575284
8481 0.06474801552550974
8482 0.06475266760526663
8483 0.06475731968502353
8484 0.06476197176478042
8485 0.06476662384453734
8486 0.06477127592429424
8487 0.06477592800405113
8488 0.06478058008380802
8489 0.0647852321635649
8490 0.06478988424332181
8491 0.06479453632307872
8492 0.0647991884028356
8493 0.06480384048259251
8494 0.06480849256234943
8495 0.0648131446421063
8496 0.06481779672186319
8497 0.0648224488016201
8498 0.06482710088137698
8499 0.06483175296113389
8500 0.06483640504089079
8501 0.06484105712064771
8502 0.06484570920040458
8503 0.06485036128016149
8504 0.06485501335991839
8505 0.06485966543967528
8506 0.0648643175194322
8507 0.06486896959918906
8508 0.06487362167894598
8509 0.06487827375870286
8510 0.06488292583845975
8511 0.06488757791821667
8512 0.06489222999797356
8513 0.06489688207773045
8514 0.06490153415748737
8515 0.06490618623724426
8516 0.06491083831700116
8517 0.06491549039675805
8518 0.06492014247651495
8519 0.06492479455627186
8520 0.06492944663602875
8521 0.06493409871578563
8522 0.06493875079554255
8523 0.06494340287529944
8524 0.06494805495505634
8525 0.06495270703481325
8526 0.06495735911457015
8527 0.06496201119432705
8528 0.06496666327408393
8529 0.06497131535384083
8530 0.06497596743359774
8531 0.06498061951335464
8532 0.06498527159311153
8533 0.06498992367286842
8534 0.06499457575262534
8535 0.0649992278323822
8536 0.06500387991213913
8537 0.06500853199189602
8538 0.06501318407165292
8539 0.06501783615140981
8540 0.06502248823116671
8541 0.06502714031092359
8542 0.0650317923906805
8543 0.0650364444704374
8544 0.0650410965501943
8545 0.06504574862995119
8546 0.06505040070970809
8547 0.06505505278946501
8548 0.06505970486922188
8549 0.06506435694897877
8550 0.06506900902873569
8551 0.06507366110849257
8552 0.06507831318824947
8553 0.06508296526800636
8554 0.06508761734776326
8555 0.06509226942752018
8556 0.06509692150727707
8557 0.06510157358703397
8558 0.06510622566679086
8559 0.06511087774654777
8560 0.06511552982630467
8561 0.06512018190606156
8562 0.06512483398581846
8563 0.06512948606557534
8564 0.06513413814533225
8565 0.06513879022508916
8566 0.06514344230484605
8567 0.06514809438460294
8568 0.06515274646435984
8569 0.06515739854411674
8570 0.06516205062387363
8571 0.06516670270363054
8572 0.06517135478338743
8573 0.06517600686314434
8574 0.06518065894290122
8575 0.06518531102265814
8576 0.06518996310241502
8577 0.06519461518217193
8578 0.06519926726192883
8579 0.06520391934168572
8580 0.06520857142144262
8581 0.06521322350119951
8582 0.0652178755809564
8583 0.06522252766071332
8584 0.06522717974047022
8585 0.0652318318202271
8586 0.065236483899984
8587 0.0652411359797409
8588 0.06524578805949782
8589 0.06525044013925471
8590 0.06525509221901162
8591 0.0652597442987685
8592 0.06526439637852541
8593 0.0652690484582823
8594 0.06527370053803919
8595 0.06527835261779609
8596 0.06528300469755301
8597 0.0652876567773099
8598 0.06529230885706677
8599 0.06529696093682368
8600 0.06530161301658059
8601 0.0653062650963375
8602 0.06531091717609436
8603 0.06531556925585126
8604 0.06532022133560816
8605 0.06532487341536507
8606 0.06532952549512197
8607 0.06533417757487886
8608 0.06533882965463575
8609 0.06534348173439265
8610 0.06534813381414957
8611 0.06535278589390647
8612 0.06535743797366335
8613 0.06536209005342027
8614 0.06536674213317714
8615 0.06537139421293403
8616 0.06537604629269095
8617 0.06538069837244785
8618 0.06538535045220474
8619 0.06539000253196164
8620 0.06539465461171852
8621 0.06539930669147544
8622 0.06540395877123234
8623 0.06540861085098922
8624 0.06541326293074613
8625 0.06541791501050301
8626 0.06542256709025993
8627 0.06542721917001681
8628 0.06543187124977372
8629 0.06543652332953062
8630 0.06544117540928751
8631 0.0654458274890444
8632 0.0654504795688013
8633 0.0654551316485582
8634 0.06545978372831512
8635 0.06546443580807199
8636 0.06546908788782889
8637 0.0654737399675858
8638 0.0654783920473427
8639 0.06548304412709961
8640 0.0654876962068565
8641 0.0654923482866134
8642 0.06549700036637028
8643 0.0655016524461272
8644 0.06550630452588407
8645 0.06551095660564098
8646 0.06551560868539788
8647 0.06552026076515478
8648 0.06552491284491167
8649 0.06552956492466859
8650 0.06553421700442547
8651 0.06553886908418237
8652 0.06554352116393929
8653 0.06554817324369616
8654 0.06555282532345307
8655 0.06555747740320994
8656 0.06556212948296686
8657 0.06556678156272376
8658 0.06557143364248065
8659 0.06557608572223754
8660 0.06558073780199444
8661 0.06558538988175135
8662 0.06559004196150824
8663 0.06559469404126514
8664 0.06559934612102204
8665 0.06560399820077895
8666 0.06560865028053585
8667 0.06561330236029274
8668 0.06561795444004963
8669 0.06562260651980655
8670 0.06562725859956343
8671 0.06563191067932032
8672 0.06563656275907723
8673 0.06564121483883412
8674 0.06564586691859102
8675 0.06565051899834791
8676 0.06565517107810481
8677 0.06565982315786172
8678 0.06566447523761862
8679 0.06566912731737552
8680 0.06567377939713241
8681 0.06567843147688929
8682 0.06568308355664622
8683 0.0656877356364031
8684 0.06569238771616
8685 0.0656970397959169
8686 0.06570169187567378
8687 0.0657063439554307
8688 0.06571099603518758
8689 0.06571564811494449
8690 0.06572030019470139
8691 0.06572495227445828
8692 0.0657296043542152
8693 0.06573425643397207
8694 0.06573890851372897
8695 0.06574356059348588
8696 0.06574821267324277
8697 0.06575286475299968
8698 0.06575751683275659
8699 0.06576216891251346
8700 0.06576682099227035
8701 0.06577147307202726
8702 0.06577612515178416
8703 0.06578077723154106
8704 0.06578542931129795
8705 0.06579008139105486
8706 0.06579473347081173
8707 0.06579938555056863
8708 0.06580403763032555
8709 0.06580868971008245
8710 0.06581334178983933
8711 0.06581799386959625
8712 0.06582264594935315
8713 0.06582729802911005
8714 0.06583195010886694
8715 0.06583660218862383
8716 0.06584125426838074
8717 0.06584590634813763
8718 0.06585055842789454
8719 0.06585521050765142
8720 0.06585986258740832
8721 0.06586451466716521
8722 0.06586916674692211
8723 0.06587381882667902
8724 0.06587847090643591
8725 0.0658831229861928
8726 0.06588777506594971
8727 0.06589242714570662
8728 0.06589707922546352
8729 0.0659017313052204
8730 0.0659063833849773
8731 0.0659110354647342
8732 0.06591568754449109
8733 0.06592033962424798
8734 0.06592499170400488
8735 0.06592964378376179
8736 0.06593429586351869
8737 0.06593894794327558
8738 0.06594360002303248
8739 0.06594825210278937
8740 0.06595290418254628
8741 0.06595755626230318
8742 0.06596220834206007
8743 0.06596686042181696
8744 0.06597151250157388
8745 0.06597616458133075
8746 0.06598081666108767
8747 0.06598546874084456
8748 0.06599012082060146
8749 0.06599477290035836
8750 0.06599942498011525
8751 0.06600407705987216
8752 0.06600872913962905
8753 0.06601338121938595
8754 0.06601803329914284
8755 0.06602268537889976
8756 0.06602733745865665
8757 0.06603198953841355
8758 0.06603664161817044
8759 0.06604129369792733
8760 0.06604594577768423
8761 0.06605059785744113
8762 0.06605524993719802
8763 0.06605990201695493
8764 0.06606455409671183
8765 0.06606920617646872
8766 0.06607385825622562
8767 0.06607851033598253
8768 0.06608316241573942
8769 0.06608781449549632
8770 0.06609246657525321
8771 0.06609711865501011
8772 0.066101770734767
8773 0.06610642281452389
8774 0.06611107489428081
8775 0.06611572697403771
8776 0.0661203790537946
8777 0.06612503113355152
8778 0.0661296832133084
8779 0.0661343352930653
8780 0.06613898737282221
8781 0.06614363945257909
8782 0.06614829153233599
8783 0.06615294361209288
8784 0.06615759569184979
8785 0.06616224777160669
8786 0.06616689985136358
8787 0.06617155193112048
8788 0.06617620401087737
8789 0.06618085609063429
8790 0.06618550817039118
8791 0.06619016025014807
8792 0.06619481232990498
8793 0.06619946440966186
8794 0.06620411648941875
8795 0.06620876856917567
8796 0.06621342064893256
8797 0.06621807272868946
8798 0.06622272480844635
8799 0.06622737688820327
8800 0.06623202896796015
8801 0.06623668104771706
8802 0.06624133312747396
8803 0.06624598520723085
8804 0.06625063728698774
8805 0.06625528936674464
8806 0.06625994144650153
8807 0.06626459352625845
8808 0.06626924560601533
8809 0.06627389768577224
8810 0.06627854976552912
8811 0.06628320184528602
8812 0.06628785392504292
8813 0.06629250600479981
8814 0.0662971580845567
8815 0.06630181016431362
8816 0.06630646224407052
8817 0.06631111432382741
8818 0.0663157664035843
8819 0.0663204184833412
8820 0.0663250705630981
8821 0.066329722642855
8822 0.0663343747226119
8823 0.0663390268023688
8824 0.0663436788821257
8825 0.0663483309618826
8826 0.06635298304163949
8827 0.06635763512139639
8828 0.06636228720115331
8829 0.06636693928091017
8830 0.06637159136066709
8831 0.06637624344042399
8832 0.0663808955201809
8833 0.06638554759993778
8834 0.06639019967969467
8835 0.06639485175945158
8836 0.06639950383920849
8837 0.06640415591896538
8838 0.06640880799872229
8839 0.06641346007847918
8840 0.06641811215823608
8841 0.06642276423799297
8842 0.06642741631774984
8843 0.06643206839750677
8844 0.06643672047726365
8845 0.06644137255702055
8846 0.06644602463677746
8847 0.06645067671653435
8848 0.06645532879629126
8849 0.06645998087604814
8850 0.06646463295580503
8851 0.06646928503556193
8852 0.06647393711531883
8853 0.06647858919507574
8854 0.06648324127483263
8855 0.06648789335458953
8856 0.06649254543434643
8857 0.06649719751410332
8858 0.06650184959386023
8859 0.06650650167361713
8860 0.06651115375337402
8861 0.06651580583313092
8862 0.0665204579128878
8863 0.06652510999264472
8864 0.0665297620724016
8865 0.06653441415215851
8866 0.06653906623191541
8867 0.06654371831167229
8868 0.06654837039142919
8869 0.06655302247118611
8870 0.06655767455094301
8871 0.06656232663069989
8872 0.0665669787104568
8873 0.06657163079021368
8874 0.0665762828699706
8875 0.06658093494972749
8876 0.06658558702948439
8877 0.06659023910924128
8878 0.0665948911889982
8879 0.06659954326875508
8880 0.06660419534851197
8881 0.06660884742826889
8882 0.06661349950802578
8883 0.06661815158778267
8884 0.06662280366753957
8885 0.06662745574729648
8886 0.06663210782705335
8887 0.06663675990681026
8888 0.06664141198656716
8889 0.06664606406632406
8890 0.06665071614608097
8891 0.06665536822583787
8892 0.06666002030559476
8893 0.06666467238535165
8894 0.06666932446510855
8895 0.06667397654486544
8896 0.06667862862462236
8897 0.06668328070437925
8898 0.06668793278413612
8899 0.06669258486389304
8900 0.06669723694364993
8901 0.06670188902340685
8902 0.06670654110316374
8903 0.06671119318292061
8904 0.06671584526267753
8905 0.06672049734243445
8906 0.06672514942219132
8907 0.06672980150194824
8908 0.06673445358170511
8909 0.06673910566146202
8910 0.06674375774121893
8911 0.06674840982097581
8912 0.06675306190073271
8913 0.0667577139804896
8914 0.0667623660602465
8915 0.06676701814000342
8916 0.06677167021976028
8917 0.06677632229951719
8918 0.0667809743792741
8919 0.066785626459031
8920 0.06679027853878791
8921 0.06679493061854477
8922 0.06679958269830169
8923 0.06680423477805858
8924 0.06680888685781547
8925 0.06681353893757237
8926 0.06681819101732926
8927 0.06682284309708618
8928 0.0668274951768431
8929 0.06683214725659997
8930 0.06683679933635688
8931 0.06684145141611376
8932 0.06684610349587067
8933 0.06685075557562757
8934 0.06685540765538446
8935 0.06686005973514136
8936 0.06686471181489825
8937 0.06686936389465516
8938 0.06687401597441206
8939 0.06687866805416895
8940 0.06688332013392587
8941 0.06688797221368276
8942 0.06689262429343965
8943 0.06689727637319653
8944 0.06690192845295344
8945 0.06690658053271033
8946 0.06691123261246724
8947 0.06691588469222412
8948 0.06692053677198104
8949 0.06692518885173793
8950 0.06692984093149484
8951 0.06693449301125173
8952 0.06693914509100861
8953 0.06694379717076553
8954 0.06694844925052242
8955 0.06695310133027932
8956 0.06695775341003622
8957 0.06696240548979311
8958 0.06696705756955003
8959 0.0669717096493069
8960 0.06697636172906381
8961 0.06698101380882071
8962 0.0669856658885776
8963 0.0669903179683345
8964 0.06699497004809139
8965 0.0669996221278483
8966 0.0670042742076052
8967 0.0670089262873621
8968 0.06701357836711899
8969 0.06701823044687588
8970 0.0670228825266328
8971 0.06702753460638967
8972 0.06703218668614658
8973 0.0670368387659035
8974 0.06704149084566038
8975 0.06704614292541726
8976 0.06705079500517418
8977 0.06705544708493105
8978 0.06706009916468797
8979 0.06706475124444487
8980 0.06706940332420175
8981 0.06707405540395867
8982 0.06707870748371554
8983 0.06708335956347247
8984 0.06708801164322938
8985 0.06709266372298625
8986 0.06709731580274315
8987 0.06710196788250004
8988 0.06710661996225696
8989 0.06711127204201385
8990 0.06711592412177074
8991 0.06712057620152763
8992 0.06712522828128455
8993 0.06712988036104145
8994 0.06713453244079833
8995 0.06713918452055523
8996 0.06714383660031213
8997 0.06714848868006902
8998 0.06715314075982591
8999 0.06715779283958281
9000 0.0671624449193397
9001 0.0671670969990966
9002 0.06717174907885351
9003 0.06717640115861041
9004 0.0671810532383673
9005 0.06718570531812422
9006 0.06719035739788112
9007 0.06719500947763803
9008 0.0671996615573949
9009 0.0672043136371518
9010 0.06720896571690871
9011 0.0672136177966656
9012 0.0672182698764225
9013 0.06722292195617939
9014 0.06722757403593628
9015 0.06723222611569318
9016 0.06723687819545007
9017 0.06724153027520699
9018 0.06724618235496387
9019 0.06725083443472078
9020 0.06725548651447769
9021 0.06726013859423456
9022 0.06726479067399148
9023 0.06726944275374837
9024 0.06727409483350527
9025 0.06727874691326216
9026 0.06728339899301906
9027 0.06728805107277595
9028 0.06729270315253284
9029 0.06729735523228976
9030 0.06730200731204666
9031 0.06730665939180357
9032 0.06731131147156046
9033 0.06731596355131735
9034 0.06732061563107425
9035 0.06732526771083115
9036 0.06732991979058804
9037 0.06733457187034496
9038 0.06733922395010185
9039 0.06734387602985874
9040 0.06734852810961565
9041 0.06735318018937253
9042 0.06735783226912942
9043 0.06736248434888634
9044 0.06736713642864324
9045 0.06737178850840013
9046 0.067376440588157
9047 0.06738109266791394
9048 0.0673857447476708
9049 0.06739039682742773
9050 0.06739504890718463
9051 0.06739970098694151
9052 0.06740435306669842
9053 0.0674090051464553
9054 0.0674136572262122
9055 0.0674183093059691
9056 0.06742296138572598
9057 0.06742761346548291
9058 0.06743226554523979
9059 0.06743691762499669
9060 0.0674415697047536
9061 0.06744622178451048
9062 0.06745087386426739
9063 0.06745552594402429
9064 0.06746017802378118
9065 0.0674648301035381
9066 0.06746948218329499
9067 0.06747413426305188
9068 0.06747878634280878
9069 0.06748343842256568
9070 0.06748809050232256
9071 0.06749274258207948
9072 0.06749739466183635
9073 0.06750204674159327
9074 0.06750669882135016
9075 0.06751135090110706
9076 0.06751600298086398
9077 0.06752065506062084
9078 0.06752530714037774
9079 0.06752995922013466
9080 0.06753461129989156
9081 0.06753926337964844
9082 0.06754391545940534
9083 0.06754856753916223
9084 0.06755321961891914
9085 0.06755787169867604
9086 0.06756252377843294
9087 0.06756717585818983
9088 0.06757182793794674
9089 0.06757648001770364
9090 0.06758113209746053
9091 0.06758578417721745
9092 0.06759043625697432
9093 0.06759508833673122
9094 0.06759974041648813
9095 0.06760439249624502
9096 0.06760904457600193
9097 0.06761369665575881
9098 0.06761834873551573
9099 0.06762300081527262
9100 0.0676276528950295
9101 0.0676323049747864
9102 0.06763695705454328
9103 0.0676416091343002
9104 0.0676462612140571
9105 0.067650913293814
9106 0.06765556537357091
9107 0.06766021745332777
9108 0.06766486953308469
9109 0.06766952161284158
9110 0.06767417369259847
9111 0.06767882577235539
9112 0.06768347785211228
9113 0.06768812993186918
9114 0.06769278201162608
9115 0.06769743409138297
9116 0.06770208617113987
9117 0.06770673825089676
9118 0.06771139033065367
9119 0.06771604241041057
9120 0.06772069449016746
9121 0.06772534656992436
9122 0.06772999864968128
9123 0.06773465072943817
9124 0.06773930280919507
9125 0.06774395488895195
9126 0.06774860696870885
9127 0.06775325904846576
9128 0.06775791112822263
9129 0.06776256320797953
9130 0.06776721528773644
9131 0.06777186736749334
9132 0.06777651944725026
9133 0.06778117152700712
9134 0.06778582360676404
9135 0.06779047568652094
9136 0.06779512776627783
9137 0.06779907444335227
9138 0.06780302112042673
9139 0.06780696779750117
9140 0.06781091447457563
9141 0.06781486115165007
9142 0.06781880782872453
9143 0.06782275450579897
9144 0.06782670118287343
9145 0.06783064785994787
9146 0.06783459453702231
9147 0.06783854121409676
9148 0.06784248789117121
9149 0.06784643456824566
9150 0.0678503812453201
9151 0.06785432792239456
9152 0.067858274599469
9153 0.06786222127654347
9154 0.06786616795361788
9155 0.06787011463069235
9156 0.06787406130776681
9157 0.06787800798484124
9158 0.06788195466191568
9159 0.06788590133899013
9160 0.06788984801606458
9161 0.06789379469313904
9162 0.06789774137021348
9163 0.06790168804728794
9164 0.06790563472436237
9165 0.06790958140143684
9166 0.06791352807851128
9167 0.06791747475558571
9168 0.06792142143266018
9169 0.06792536810973461
9170 0.06792931478680908
9171 0.06793326146388351
9172 0.06793720814095797
9173 0.06794115481803242
9174 0.06794510149510687
9175 0.06794904817218132
9176 0.06795299484925575
9177 0.06795694152633021
9178 0.06796088820340467
9179 0.0679648348804791
9180 0.06796878155755356
9181 0.06797272823462802
9182 0.06797667491170245
9183 0.06798062158877691
9184 0.06798456826585135
9185 0.0679885149429258
9186 0.06799246162000025
9187 0.06799640829707469
9188 0.06800035497414915
9189 0.06800430165122359
9190 0.06800824832829805
9191 0.06801219500537249
9192 0.06801614168244693
9193 0.06802008835952139
9194 0.06802403503659583
9195 0.06802798171367028
9196 0.06803192839074472
9197 0.06803587506781916
9198 0.06803982174489363
9199 0.06804376842196809
9200 0.06804771509904253
9201 0.06805166177611696
9202 0.06805560845319142
9203 0.06805955513026588
9204 0.06806350180734033
9205 0.06806744848441477
9206 0.06807139516148922
9207 0.06807534183856365
9208 0.0680792885156381
9209 0.06808323519271256
9210 0.06808718186978702
9211 0.06809112854686146
9212 0.06809507522393592
9213 0.06809902190101036
9214 0.0681029685780848
9215 0.06810691525515924
9216 0.0681108619322337
9217 0.06811480860930814
9218 0.0681187552863826
9219 0.06812270196345703
9220 0.0681266486405315
9221 0.06813059531760594
9222 0.06813454199468039
9223 0.06813848867175486
9224 0.06814243534882929
9225 0.06814638202590374
9226 0.06815032870297819
9227 0.06815427538005263
9228 0.0681582220571271
9229 0.06816216873420153
9230 0.068166115411276
9231 0.06817006208835044
9232 0.06817400876542487
9233 0.06817795544249933
9234 0.06818190211957377
9235 0.06818584879664824
9236 0.06818979547372267
9237 0.0681937421507971
9238 0.06819768882787158
9239 0.068201635504946
9240 0.06820558218202047
9241 0.06820952885909491
9242 0.06821347553616935
9243 0.06821742221324381
9244 0.06822136889031825
9245 0.06822531556739271
9246 0.06822926224446717
9247 0.0682332089215416
9248 0.06823715559861605
9249 0.0682411022756905
9250 0.06824504895276495
9251 0.06824899562983938
9252 0.06825294230691385
9253 0.0682568889839883
9254 0.06826083566106272
9255 0.06826478233813718
9256 0.06826872901521162
9257 0.06827267569228608
9258 0.06827662236936055
9259 0.06828056904643498
9260 0.06828451572350944
9261 0.06828846240058388
9262 0.06829240907765834
9263 0.06829635575473278
9264 0.06830030243180724
9265 0.06830424910888168
9266 0.06830819578595612
9267 0.06831214246303055
9268 0.06831608914010504
9269 0.06832003581717948
9270 0.06832398249425392
9271 0.06832792917132838
9272 0.0683318758484028
9273 0.06833582252547728
9274 0.0683397692025517
9275 0.06834371587962616
9276 0.0683476625567006
9277 0.06835160923377505
9278 0.0683555559108495
9279 0.06835950258792396
9280 0.06836344926499842
9281 0.06836739594207286
9282 0.0683713426191473
9283 0.06837528929622175
9284 0.06837923597329619
9285 0.06838318265037063
9286 0.0683871293274451
9287 0.06839107600451955
9288 0.06839502268159398
9289 0.06839896935866843
9290 0.06840291603574288
9291 0.06840686271281735
9292 0.06841080938989177
9293 0.06841475606696623
9294 0.06841870274404069
9295 0.06842264942111513
9296 0.06842659609818957
9297 0.06843054277526402
9298 0.06843448945233847
9299 0.06843843612941292
9300 0.06844238280648739
9301 0.06844632948356182
9302 0.06845027616063626
9303 0.06845422283771072
9304 0.06845816951478514
9305 0.06846211619185961
9306 0.06846606286893406
9307 0.06847000954600851
9308 0.06847395622308296
9309 0.06847790290015741
9310 0.06848184957723187
9311 0.0684857962543063
9312 0.06848974293138074
9313 0.0684936896084552
9314 0.06849763628552966
9315 0.0685015829626041
9316 0.06850552963967854
9317 0.06850947631675298
9318 0.06851342299382744
9319 0.06851736967090187
9320 0.06852131634797635
9321 0.06852526302505078
9322 0.06852920970212523
9323 0.06853315637919968
9324 0.06853710305627413
9325 0.0685410497333486
9326 0.06854499641042303
9327 0.06854894308749748
9328 0.06855288976457194
9329 0.06855683644164637
9330 0.06856078311872081
9331 0.06856472979579527
9332 0.06856867647286971
9333 0.06857262314994417
9334 0.0685765698270186
9335 0.06858051650409307
9336 0.06858446318116751
9337 0.06858840985824197
9338 0.0685923565353164
9339 0.06859630321239084
9340 0.06860024988946531
9341 0.06860419656653974
9342 0.06860814324361421
9343 0.06861208992068865
9344 0.0686160365977631
9345 0.06861998327483755
9346 0.068623929951912
9347 0.06862787662898642
9348 0.0686318233060609
9349 0.06863576998313534
9350 0.06863971666020979
9351 0.06864366333728422
9352 0.06864761001435868
9353 0.06865155669143314
9354 0.06865550336850758
9355 0.06865945004558202
9356 0.06866339672265648
9357 0.06866734339973093
9358 0.06867129007680536
9359 0.06867523675387983
9360 0.06867918343095429
9361 0.06868313010802872
9362 0.06868707678510316
9363 0.06869102346217762
9364 0.06869497013925205
9365 0.0686989168163265
9366 0.06870286349340096
9367 0.0687068101704754
9368 0.06871075684754985
9369 0.0687147035246243
9370 0.06871865020169876
9371 0.0687225968787732
9372 0.06872654355584765
9373 0.0687304902329221
9374 0.06873443690999653
9375 0.06873838358707099
9376 0.06874233026414545
9377 0.06874627694121989
9378 0.06875022361829435
9379 0.06875417029536877
9380 0.06875811697244325
9381 0.06876206364951769
9382 0.06876601032659213
9383 0.06876995700366659
9384 0.06877390368074103
9385 0.0687778503578155
9386 0.06878179703488993
9387 0.06878574371196439
9388 0.06878969038903883
9389 0.06879363706611327
9390 0.06879758374318773
9391 0.06880153042026217
9392 0.06880547709733661
9393 0.06880942377441106
9394 0.06881337045148551
9395 0.06881731712855997
9396 0.06882126380563443
9397 0.06882521048270884
9398 0.06882915715978331
9399 0.06883310383685774
9400 0.0688370505139322
9401 0.06884099719100664
9402 0.0688449438680811
9403 0.06884889054515554
9404 0.06885283722222998
9405 0.06885678389930447
9406 0.06886073057637891
9407 0.06886467725345334
9408 0.0688686239305278
9409 0.06887257060760225
9410 0.0688765172846767
9411 0.06888046396175115
9412 0.06888441063882558
9413 0.06888835731590004
9414 0.06889230399297448
9415 0.06889625067004895
9416 0.06890019734712338
9417 0.06890414402419782
9418 0.06890809070127228
9419 0.06891203737834671
9420 0.06891598405542118
9421 0.06891993073249562
9422 0.06892387740957008
9423 0.06892782408664452
9424 0.06893177076371895
9425 0.06893571744079344
9426 0.06893966411786787
9427 0.0689436107949423
9428 0.06894755747201677
9429 0.06895150414909122
9430 0.06895545082616565
9431 0.06895939750324011
9432 0.06896334418031455
9433 0.06896729085738902
9434 0.06897123753446344
9435 0.06897518421153792
9436 0.06897913088861234
9437 0.06898307756568679
9438 0.06898702424276125
9439 0.06899097091983569
9440 0.06899491759691014
9441 0.06899886427398459
9442 0.06900281095105902
9443 0.06900675762813349
9444 0.06901070430520792
9445 0.06901465098228239
9446 0.06901859765935683
9447 0.06902254433643128
9448 0.06902649101350573
9449 0.06903043769058018
9450 0.06903438436765463
9451 0.06903833104472906
9452 0.06904227772180352
9453 0.06904622439887798
9454 0.0690501710759524
9455 0.06905411775302688
9456 0.06905806443010132
9457 0.06906201110717576
9458 0.06906595778425022
9459 0.06906990446132465
9460 0.06907385113839913
9461 0.06907779781547356
9462 0.069081744492548
9463 0.06908569116962246
9464 0.06908963784669692
9465 0.06909358452377136
9466 0.0690975312008458
9467 0.06910147787792026
9468 0.0691054245549947
9469 0.06910937123206916
9470 0.0691133179091436
9471 0.06911726458621806
9472 0.06912121126329249
9473 0.06912515794036694
9474 0.06912910461744137
9475 0.06913305129451584
9476 0.0691369979715903
9477 0.06914094464866473
9478 0.0691448913257392
9479 0.06914883800281363
9480 0.06915278467988809
9481 0.06915673135696251
9482 0.06916067803403698
9483 0.06916462471111143
9484 0.06916857138818586
9485 0.06917251806526031
9486 0.06917646474233476
9487 0.06918041141940921
9488 0.06918435809648366
9489 0.06918830477355811
9490 0.06919225145063257
9491 0.06919619812770701
9492 0.06920014480478147
9493 0.0692040914818559
9494 0.06920803815893035
9495 0.0692119848360048
9496 0.06921593151307925
9497 0.0692198781901537
9498 0.06922382486722815
9499 0.0692277715443026
9500 0.06923171822137705
9501 0.06923566489845151
9502 0.06923961157552594
9503 0.0692435582526004
9504 0.06924750492967482
9505 0.0692514516067493
9506 0.06925539828382372
9507 0.06925934496089817
9508 0.06926329163797265
9509 0.06926723831504708
9510 0.06927118499212154
9511 0.06927513166919598
9512 0.06927907834627044
9513 0.06928302502334488
9514 0.06928697170041932
9515 0.06929091837749378
9516 0.06929486505456822
9517 0.06929881173164266
9518 0.06930275840871714
9519 0.06930670508579155
9520 0.06931065176286602
9521 0.06931459843994046
9522 0.06931854511701491
9523 0.06932249179408936
9524 0.0693264384711638
9525 0.06933038514823828
9526 0.06933433182531272
9527 0.06933827850238715
9528 0.0693422251794616
9529 0.06934617185653605
9530 0.0693501185336105
9531 0.06935406521068495
9532 0.06935801188775939
9533 0.06936195856483385
9534 0.0693659052419083
9535 0.06936985191898275
9536 0.06937379859605719
9537 0.06937774527313163
9538 0.06938169195020609
9539 0.06938563862728055
9540 0.06938958530435498
9541 0.06939353198142942
9542 0.06939747865850386
9543 0.06940142533557833
9544 0.06940537201265279
9545 0.06940931868972722
9546 0.06941326536680169
9547 0.06941721204387613
9548 0.06942115872095059
9549 0.06942510539802502
9550 0.06942905207509949
9551 0.0694329987521739
9552 0.06943694542924836
9553 0.06944089210632282
9554 0.06944483878339726
9555 0.06944878546047173
9556 0.06945273213754616
9557 0.0694566788146206
9558 0.06946062549169507
9559 0.06946457216876951
9560 0.06946851884584396
9561 0.06947246552291839
9562 0.06947641219999283
9563 0.0694803588770673
9564 0.06948430555414174
9565 0.0694882522312162
9566 0.06949219890829063
9567 0.06949614558536509
9568 0.06950009226243956
9569 0.06950403893951398
9570 0.06950798561658844
9571 0.06951193229366288
9572 0.06951587897073733
9573 0.06951982564781178
9574 0.06952377232488623
9575 0.06952771900196067
9576 0.06953166567903511
9577 0.06953561235610957
9578 0.06953955903318404
9579 0.06954350571025848
9580 0.06954745238733291
9581 0.06955139906440737
9582 0.06955534574148181
9583 0.06955929241855628
9584 0.06956323909563071
9585 0.06956718577270517
9586 0.06957113244977961
9587 0.06957507912685404
9588 0.06957902580392851
9589 0.06958297248100295
9590 0.0695869191580774
9591 0.06959086583515185
9592 0.0695948125122263
9593 0.06959875918930074
9594 0.06960270586637518
9595 0.06960665254344967
9596 0.0696105992205241
9597 0.06961454589759854
9598 0.06961849257467301
9599 0.06962243925174744
9600 0.0696263859288219
9601 0.06963033260589634
9602 0.06963427928297078
9603 0.06963822596004524
9604 0.06964217263711966
9605 0.06964611931419412
9606 0.06965006599126858
9607 0.06965401266834302
9608 0.06965795934541748
9609 0.06966190602249192
9610 0.06966585269956638
9611 0.0696697993766408
9612 0.06967374605371525
9613 0.06967769273078972
9614 0.06968163940786416
9615 0.06968558608493863
9616 0.06968953276201306
9617 0.06969347943908749
9618 0.06969742611616195
9619 0.06970137279323642
9620 0.06970531947031086
9621 0.0697092661473853
9622 0.06971321282445976
9623 0.0697171595015342
9624 0.06972110617860866
9625 0.0697250528556831
9626 0.06972899953275755
9627 0.069732946209832
9628 0.06973689288690645
9629 0.06974083956398089
9630 0.06974478624105535
9631 0.06974873291812979
9632 0.06975267959520423
9633 0.06975662627227869
9634 0.06976057294935313
9635 0.06976451962642759
9636 0.06976846630350203
9637 0.06977241298057649
9638 0.06977635965765094
9639 0.06978030633472537
9640 0.06978425301179982
9641 0.06978819968887427
9642 0.06979214636594872
9643 0.06979609304302316
9644 0.0698000397200976
9645 0.06980398639717207
9646 0.06980793307424653
9647 0.06981187975132096
9648 0.0698158264283954
9649 0.06981977310546986
9650 0.0698237197825443
9651 0.06982766645961876
9652 0.0698316131366932
9653 0.06983555981376767
9654 0.0698395064908421
9655 0.06984345316791654
9656 0.06984739984499101
9657 0.06985134652206543
9658 0.0698552931991399
9659 0.06985923987621433
9660 0.06986318655328881
9661 0.06986713323036325
9662 0.06987107990743768
9663 0.06987502658451214
9664 0.06987897326158658
9665 0.06988291993866105
9666 0.0698868666157355
9667 0.06989081329280993
9668 0.06989475996988438
9669 0.06989870664695882
9670 0.06990265332403328
9671 0.06990660000110772
9672 0.06991054667818217
9673 0.06991449335525662
9674 0.06991844003233108
9675 0.06992238670940552
9676 0.06992633338647998
9677 0.0699302800635544
9678 0.06993422674062888
9679 0.06993817341770332
9680 0.06994212009477777
9681 0.06994606677185221
9682 0.06995001344892664
9683 0.06995396012600112
9684 0.06995790680307555
9685 0.06996185348015001
9686 0.06996580015722445
9687 0.06996974683429891
9688 0.06997369351137334
9689 0.06997764018844778
9690 0.06998158686552225
9691 0.0699855335425967
9692 0.06998948021967112
9693 0.06999342689674558
9694 0.06999737357382003
9695 0.07000132025089448
9696 0.07000526692796893
9697 0.07000921360504338
9698 0.07001316028211783
9699 0.07001710695919228
9700 0.07002105363626672
9701 0.07002500031334118
9702 0.0700289469904156
9703 0.07003289366749008
9704 0.0700368403445645
9705 0.07004078702163896
9706 0.07004473369871342
9707 0.07004868037578785
9708 0.07005262705286232
9709 0.07005657372993676
9710 0.07006052040701122
9711 0.07006446708408566
9712 0.0700684137611601
9713 0.07007236043823455
9714 0.070076307115309
9715 0.07008025379238347
9716 0.07008420046945792
9717 0.07008814714653235
9718 0.07009209382360682
9719 0.07009604050068124
9720 0.0700999871777557
9721 0.07010393385483014
9722 0.07010788053190457
9723 0.07011182720897903
9724 0.07011577388605349
9725 0.07011972056312794
9726 0.07012366724020239
9727 0.07012761391727683
9728 0.07013156059435129
9729 0.07013550727142573
9730 0.0701394539485002
9731 0.07014340062557463
9732 0.07014734730264909
9733 0.07015129397972353
9734 0.07015524065679797
9735 0.07015918733387243
9736 0.07016313401094686
9737 0.07016708068802131
9738 0.07017102736509576
9739 0.07017497404217021
9740 0.07017892071924468
9741 0.0701828673963191
9742 0.07018681407339357
9743 0.07019076075046801
9744 0.07019470742754247
9745 0.07019865410461691
9746 0.07020260078169137
9747 0.07020654745876581
9748 0.07021049413584025
9749 0.0702144408129147
9750 0.07021838748998915
9751 0.07022233416706358
9752 0.07022628084413804
9753 0.0702302275212125
9754 0.07023417419828695
9755 0.0702381208753614
9756 0.07024206755243584
9757 0.07024601422951028
9758 0.07024996090658474
9759 0.07025390758365918
9760 0.07025785426073364
9761 0.07026180093780808
9762 0.07026574761488254
9763 0.070269694291957
9764 0.0702736409690314
9765 0.07027758764610587
9766 0.07028153432318032
9767 0.07028548100025477
9768 0.07028942767732924
9769 0.07029337435440366
9770 0.07029732103147814
9771 0.07030126770855258
9772 0.070305214385627
9773 0.07030916106270146
9774 0.0703131077397759
9775 0.07031705441685038
9776 0.0703210010939248
9777 0.07032494777099925
9778 0.07032889444807372
9779 0.07033284112514814
9780 0.07033678780222262
9781 0.07034073447929705
9782 0.07034468115637149
9783 0.07034862783344595
9784 0.07035257451052039
9785 0.07035652118759486
9786 0.0703604678646693
9787 0.07036441454174373
9788 0.0703683612188182
9789 0.07037230789589263
9790 0.07037625457296709
9791 0.0703802012500415
9792 0.07038414792711599
9793 0.07038809460419045
9794 0.07039204128126486
9795 0.07039598795833935
9796 0.07039993463541376
9797 0.07040388131248822
9798 0.07040782798956266
9799 0.07041177466663712
9800 0.07041572134371157
9801 0.07041966802078602
9802 0.07042361469786046
9803 0.0704275613749349
9804 0.07043150805200936
9805 0.0704354547290838
9806 0.07043940140615826
9807 0.07044334808323272
9808 0.07044729476030716
9809 0.0704512414373816
9810 0.07045518811445604
9811 0.07045913479153051
9812 0.07046308146860494
9813 0.0704670281456794
9814 0.07047097482275384
9815 0.0704749214998283
9816 0.07047886817690276
9817 0.0704828148539772
9818 0.07048676153105163
9819 0.07049070820812607
9820 0.07049465488520054
9821 0.07049860156227498
9822 0.07050254823934941
9823 0.07050649491642388
9824 0.07051044159349833
9825 0.07051438827057278
9826 0.07051833494764724
9827 0.07052228162472166
9828 0.07052622830179613
9829 0.07053017497887057
9830 0.07053412165594503
9831 0.07053806833301947
9832 0.07054201501009394
9833 0.07054596168716835
9834 0.07054990836424281
9835 0.07055385504131727
9836 0.07055780171839171
9837 0.07056174839546615
9838 0.07056569507254061
9839 0.07056964174961505
9840 0.07057358842668951
9841 0.07057753510376394
9842 0.0705814817808384
9843 0.07058542845791285
9844 0.0705893751349873
9845 0.07059332181206174
9846 0.0705972684891362
9847 0.07060121516621065
9848 0.07060516184328511
9849 0.07060910852035955
9850 0.070613055197434
9851 0.07061700187450844
9852 0.07062094855158288
9853 0.07062489522865734
9854 0.07062884190573177
9855 0.07063278858280624
9856 0.07063673525988068
9857 0.07064068193695512
9858 0.07064462861402956
9859 0.07064857529110402
9860 0.07065252196817848
9861 0.07065646864525292
9862 0.07066041532232736
9863 0.07066436199940182
9864 0.07066830867647625
9865 0.07067225535355073
9866 0.07067620203062516
9867 0.0706801487076996
9868 0.07068409538477406
9869 0.0706880420618485
9870 0.07069198873892295
9871 0.07069593541599739
9872 0.07069988209307185
9873 0.0707038287701463
9874 0.07070777544722075
9875 0.07071172212429519
9876 0.07071566880136966
9877 0.07071961547844408
9878 0.07072356215551855
9879 0.07072750883259299
9880 0.07073145550966745
9881 0.07073540218674187
9882 0.07073934886381633
9883 0.0707432955408908
9884 0.07074724221796524
9885 0.07075118889503969
9886 0.07075513557211413
9887 0.07075908224918859
9888 0.07076302892626304
9889 0.07076697560333747
9890 0.07077092228041193
9891 0.07077486895748637
9892 0.07077881563456082
9893 0.07078276231163527
9894 0.07078670898870973
9895 0.07079065566578417
9896 0.07079460234285861
9897 0.07079854901993307
9898 0.07080249569700753
9899 0.07080644237408196
9900 0.07081038905115644
9901 0.07081433572823086
9902 0.07081828240530529
9903 0.07082222908237974
9904 0.07082617575945419
9905 0.07083012243652864
9906 0.0708340691136031
9907 0.07083801579067756
9908 0.07084196246775198
9909 0.07084590914482644
9910 0.07084985582190088
9911 0.07085380249897534
9912 0.07085774917604978
9913 0.07086169585312421
9914 0.07086564253019868
9915 0.07086958920727314
9916 0.07087353588434758
9917 0.07087748256142203
9918 0.0708814292384965
9919 0.07088537591557093
9920 0.07088932259264538
9921 0.07089326926971982
9922 0.07089721594679427
9923 0.07090116262386872
9924 0.07090510930094317
9925 0.07090905597801762
9926 0.07091300265509208
9927 0.07091694933216651
9928 0.07092089600924097
9929 0.0709248426863154
9930 0.07092878936338987
9931 0.07093273604046432
9932 0.07093668271753875
9933 0.07094062939461322
9934 0.07094457607168765
9935 0.07094852274876211
9936 0.07095246942583656
9937 0.070956416102911
9938 0.07096036277998545
9939 0.0709643094570599
9940 0.07096825613413436
9941 0.07097220281120882
9942 0.07097614948828324
9943 0.07098009616535769
9944 0.07098404284243214
9945 0.07098798951950659
9946 0.07099193619658103
9947 0.07099588287365548
9948 0.07099982955072993
9949 0.07100377622780436
9950 0.07100772290487885
9951 0.07101166958195326
9952 0.07101561625902772
9953 0.07101956293610218
9954 0.0710235096131766
9955 0.07102745629025108
9956 0.07103140296732552
9957 0.07103534964439998
9958 0.0710392963214744
9959 0.07104324299854888
9960 0.07104718967562332
9961 0.07105113635269777
9962 0.0710550830297722
9963 0.07105902970684666
9964 0.0710629763839211
9965 0.07106692306099557
9966 0.07107086973806999
9967 0.07107481641514446
9968 0.0710787630922189
9969 0.07108270976929335
9970 0.0710866564463678
9971 0.07109060312344224
9972 0.0710945498005167
9973 0.07109849647759114
9974 0.07110244315466557
9975 0.07110638983174004
9976 0.07111033650881447
9977 0.07111428318588893
9978 0.07111822986296337
9979 0.07112217654003783
9980 0.07112612321711229
9981 0.07113006989418673
9982 0.07113401657126117
9983 0.07113796324833564
9984 0.07114190992541006
9985 0.07114585660248451
9986 0.07114980327955897
9987 0.07115374995663341
9988 0.07115769663370786
9989 0.0711616433107823
9990 0.07116558998785677
9991 0.07116953666493123
9992 0.07117348334200566
9993 0.0711774300190801
9994 0.07118137669615454
9995 0.071185323373229
9996 0.07118927005030345
9997 0.07119321672737791
9998 0.07119716340445235
9999 0.07120111008152681
10000 0.07120505675860127
10001 0.0712090034356757
10002 0.07121295011275014
10003 0.07121689678982457
10004 0.07122084346689904
10005 0.0712247901439735
10006 0.07122873682104794
10007 0.07123268349812237
10008 0.07123663017519684
10009 0.07124057685227128
10010 0.07124452352934574
10011 0.07124847020642018
10012 0.07125241688349462
10013 0.0712563635605691
10014 0.07126031023764351
10015 0.07126425691471798
10016 0.07126820359179242
10017 0.07127215026886685
10018 0.07127609694594132
10019 0.07128004362301577
10020 0.07128399030009021
10021 0.07128793697716466
10022 0.07129188365423911
10023 0.07129583033131356
10024 0.07129977700838801
10025 0.07130372368546248
10026 0.0713076703625369
10027 0.07131161703961135
10028 0.0713155637166858
10029 0.07131951039376025
10030 0.0713234570708347
10031 0.07132740374790915
10032 0.07133135042498359
10033 0.07133529710205806
10034 0.07133924377913249
10035 0.07134319045620695
10036 0.07134713713328138
10037 0.07135108381035586
10038 0.07135503048743029
10039 0.07135897716450473
10040 0.07136292384157919
10041 0.07136687051865363
10042 0.07137081719572808
10043 0.0713747638728025
10044 0.07137871054987699
10045 0.07138265722695143
10046 0.07138660390402589
10047 0.0713905505811003
10048 0.07139449725817477
10049 0.0713984439352492
10050 0.07140239061232367
10051 0.07140633728939813
10052 0.07141028396647256
10053 0.071414230643547
10054 0.07141817732062146
10055 0.0714221239976959
10056 0.07142607067477034
10057 0.0714300173518448
10058 0.07143396402891927
10059 0.0714379107059937
10060 0.07144185738306816
10061 0.0714458040601426
10062 0.07144975073721704
10063 0.0714536974142915
10064 0.07145764409136594
10065 0.07146159076844039
10066 0.07146553744551486
10067 0.07146948412258929
10068 0.07147343079966373
10069 0.07147737747673819
10070 0.07148132415381266
10071 0.07148527083088708
10072 0.07148921750796153
10073 0.07149316418503597
10074 0.07149711086211043
10075 0.07150105753918487
10076 0.07150500421625933
10077 0.07150895089333377
10078 0.07151289757040823
10079 0.07151684424748267
10080 0.07152079092455711
10081 0.07152473760163158
10082 0.07152868427870601
10083 0.07153263095578047
10084 0.0715365776328549
10085 0.07154052430992938
10086 0.07154447098700381
10087 0.07154841766407825
10088 0.07155236434115271
10089 0.07155631101822715
10090 0.07156025769530161
10091 0.07156420437237605
10092 0.07156815104945048
10093 0.07157209772652495
10094 0.0715760444035994
10095 0.07157999108067385
10096 0.0715839377577483
10097 0.07158788443482274
10098 0.0715918311118972
10099 0.07159577778897165
10100 0.0715997244660461
10101 0.07160367114312055
10102 0.07160761782019497
10103 0.07161156449726944
10104 0.07161551117434388
10105 0.07161945785141832
10106 0.07162340452849279
10107 0.07162735120556721
10108 0.07163129788264168
10109 0.07163524455971612
10110 0.07163919123679056
10111 0.07164313791386502
10112 0.07164708459093946
10113 0.0716510312680139
10114 0.07165497794508836
10115 0.07165892462216282
10116 0.07166287129923728
10117 0.07166681797631169
10118 0.07167076465338616
10119 0.07167471133046059
10120 0.07167865800753508
10121 0.07168260468460949
10122 0.07168655136168395
10123 0.07169049803875839
10124 0.07169444471583285
10125 0.07169839139290732
10126 0.07170233806998173
10127 0.0717062847470562
10128 0.07171023142413065
10129 0.07171417810120506
10130 0.07171812477827955
10131 0.07172207145535399
10132 0.07172601813242843
10133 0.07172996480950289
10134 0.07173391148657733
10135 0.07173785816365177
10136 0.07174180484072623
10137 0.07174575151780069
10138 0.07174969819487513
10139 0.07175364487194957
10140 0.07175759154902403
10141 0.07176153822609847
10142 0.07176548490317293
10143 0.07176943158024737
10144 0.07177337825732182
10145 0.07177732493439627
10146 0.07178127161147071
10147 0.07178521828854519
10148 0.0717891649656196
10149 0.07179311164269406
10150 0.07179705831976851
10151 0.07180100499684297
10152 0.07180495167391739
10153 0.07180889835099187
10154 0.0718128450280663
10155 0.07181679170514077
10156 0.07182073838221521
10157 0.07182468505928967
10158 0.0718286317363641
10159 0.07183257841343854
10160 0.07183652509051298
10161 0.07184047176758745
10162 0.07184441844466191
10163 0.07184836512173634
10164 0.07185231179881077
10165 0.07185625847588524
10166 0.0718602051529597
10167 0.07186415183003413
10168 0.0718680985071086
10169 0.07187204518418301
10170 0.0718759918612575
10171 0.07187993853833193
10172 0.07188388521540637
10173 0.07188783189248082
10174 0.07189177856955527
10175 0.07189572524662972
10176 0.07189967192370417
10177 0.07190361860077862
10178 0.07190756527785307
10179 0.07191151195492751
10180 0.07191545863200197
10181 0.07191940530907641
10182 0.07192335198615084
10183 0.07192729866322532
10184 0.07193124534029975
10185 0.07193519201737422
10186 0.07193913869444864
10187 0.07194308537152312
10188 0.07194703204859755
10189 0.071950978725672
10190 0.07195492540274646
10191 0.0719588720798209
10192 0.07196281875689535
10193 0.07196676543396979
10194 0.07197071211104424
10195 0.0719746587881187
10196 0.07197860546519314
10197 0.07198255214226759
10198 0.07198649881934203
10199 0.07199044549641648
10200 0.07199439217349096
10201 0.07199833885056538
10202 0.07200228552763982
10203 0.07200623220471428
10204 0.07201017888178872
10205 0.07201412555886318
10206 0.07201807223593762
10207 0.07202201891301208
10208 0.0720259655900865
10209 0.07202991226716096
10210 0.0720338589442354
10211 0.07203780562130985
10212 0.0720417522983843
10213 0.07204569897545875
10214 0.07204964565253322
10215 0.07205359232960765
10216 0.07205753900668212
10217 0.07206148568375656
10218 0.072065432360831
10219 0.07206937903790543
10220 0.07207332571497992
10221 0.07207727239205435
10222 0.07208121906912879
10223 0.07208516574620324
10224 0.07208911242327767
10225 0.07209305910035213
10226 0.07209700577742659
10227 0.07210095245450104
10228 0.07210489913157549
10229 0.07210884580864993
10230 0.07211279248572439
10231 0.07211673916279883
10232 0.07212068583987327
10233 0.07212463251694773
10234 0.07212857919402219
10235 0.07213252587109663
10236 0.07213647254817107
10237 0.07214041922524553
10238 0.07214436590231997
10239 0.0721483125793944
10240 0.07215225925646887
10241 0.07215620593354331
10242 0.07216015261061776
10243 0.07216409928769221
10244 0.07216804596476666
10245 0.07217199264184113
10246 0.07217593931891557
10247 0.07217988599599001
10248 0.07218383267306445
10249 0.07218777935013891
10250 0.07219172602721335
10251 0.0721956727042878
10252 0.07219961938136224
10253 0.07220356605843671
10254 0.07220751273551113
10255 0.0722114594125856
10256 0.07221540608966004
10257 0.0722193527667345
10258 0.07222329944380894
10259 0.07222724612088337
10260 0.07223119279795785
10261 0.07223513947503228
10262 0.07223908615210672
10263 0.07224303282918118
10264 0.07224697950625564
10265 0.07225092618333007
10266 0.07225487286040451
10267 0.07225881953747898
10268 0.07226276621455344
10269 0.07226671289162787
10270 0.07227065956870231
10271 0.07227460624577677
10272 0.07227855292285121
10273 0.07228249959992566
10274 0.07228644627700012
10275 0.07229039295407456
10276 0.07229433963114901
10277 0.07229828630822348
10278 0.0723022329852979
10279 0.07230617966237236
10280 0.0723101263394468
10281 0.07231407301652126
10282 0.07231801969359569
10283 0.07232196637067016
10284 0.07232591304774458
10285 0.07232985972481903
10286 0.07233380640189349
10287 0.07233775307896796
10288 0.07234169975604238
10289 0.07234564643311683
10290 0.07234959311019129
10291 0.07235353978726573
10292 0.07235748646434018
10293 0.07236143314141462
10294 0.0723653798184891
10295 0.07236932649556353
10296 0.072373273172638
10297 0.07237721984971245
10298 0.07238116652678687
10299 0.07238511320386132
10300 0.07238905988093577
10301 0.07239300655801023
10302 0.07239695323508466
10303 0.07240089991215912
10304 0.07240484658923356
10305 0.07240879326630803
10306 0.07241273994338246
10307 0.07241668662045692
10308 0.07242063329753136
10309 0.0724245799746058
10310 0.07242852665168027
10311 0.07243247332875467
10312 0.07243642000582914
10313 0.07244036668290357
10314 0.07244431335997806
10315 0.07244826003705253
10316 0.07245220671412693
10317 0.07245615339120143
10318 0.07246010006827584
10319 0.07246404674535029
10320 0.07246799342242471
10321 0.0724719400994992
10322 0.0724758867765736
10323 0.07247983345364808
10324 0.07248378013072254
10325 0.07248772680779698
10326 0.07249167348487143
10327 0.07249562016194588
10328 0.07249956683902033
10329 0.07250351351609477
10330 0.07250746019316923
10331 0.07251140687024366
10332 0.07251535354731811
10333 0.07251930022439257
10334 0.07252324690146701
10335 0.07252719357854147
10336 0.07253114025561591
10337 0.07253508693269037
10338 0.07253903360976481
10339 0.07254298028683925
10340 0.07254692696391371
10341 0.07255087364098815
10342 0.0725548203180626
10343 0.07255876699513705
10344 0.0725627136722115
10345 0.07256666034928595
10346 0.07257060702636037
10347 0.07257455370343485
10348 0.0725785003805093
10349 0.07258244705758372
10350 0.0725863937346582
10351 0.07259034041173264
10352 0.07259428708880708
10353 0.07259823376588154
10354 0.07260218044295598
10355 0.07260612712003042
10356 0.0726100737971049
10357 0.07261402047417934
10358 0.07261796715125375
10359 0.07262191382832824
10360 0.07262586050540268
10361 0.07262980718247712
10362 0.07263375385955155
10363 0.072637700536626
10364 0.07264164721370045
10365 0.07264559389077492
10366 0.07264954056784936
10367 0.07265348724492379
10368 0.07265743392199826
10369 0.0726613805990727
10370 0.07266532727614715
10371 0.0726692739532216
10372 0.07267322063029605
10373 0.07267716730737052
10374 0.07268111398444495
10375 0.0726850606615194
10376 0.07268900733859385
10377 0.0726929540156683
10378 0.07269690069274276
10379 0.07270084736981719
10380 0.07270479404689165
10381 0.07270874072396609
10382 0.07271268740104055
10383 0.07271663407811499
10384 0.07272058075518945
10385 0.07272452743226387
10386 0.0727284741093383
10387 0.07273242078641277
10388 0.07273636746348724
10389 0.07274031414056169
10390 0.07274426081763614
10391 0.07274820749471057
10392 0.07275215417178502
10393 0.07275610084885949
10394 0.07276004752593393
10395 0.07276399420300837
10396 0.07276794088008282
10397 0.07277188755715727
10398 0.0727758342342317
10399 0.07277978091130616
10400 0.0727837275883806
10401 0.07278767426545507
10402 0.0727916209425295
10403 0.07279556761960396
10404 0.07279951429667837
10405 0.07280346097375286
10406 0.0728074076508273
10407 0.07281135432790177
10408 0.0728153010049762
10409 0.07281924768205064
10410 0.07282319435912511
10411 0.07282714103619954
10412 0.07283108771327397
10413 0.07283503439034845
10414 0.07283898106742288
10415 0.07284292774449735
10416 0.07284687442157176
10417 0.07285082109864624
10418 0.0728547677757207
10419 0.07285871445279513
10420 0.07286266112986961
10421 0.07286660780694401
10422 0.07287055448401847
10423 0.07287450116109292
10424 0.07287844783816735
10425 0.07288239451524182
10426 0.07288634119231625
10427 0.07289028786939072
10428 0.07289423454646517
10429 0.07289818122353961
10430 0.07290212790061407
10431 0.07290607457768848
10432 0.07291002125476295
10433 0.07291396793183741
10434 0.07291791460891185
10435 0.07292186128598632
10436 0.07292580796306077
10437 0.07292975464013521
10438 0.07293370131720965
10439 0.07293764799428408
10440 0.07294159467135855
10441 0.072945541348433
10442 0.07294948802550744
10443 0.07295343470258188
10444 0.07295738137965634
10445 0.07296132805673079
10446 0.07296527473380524
10447 0.07296922141087969
10448 0.07297316808795414
10449 0.07297711476502858
10450 0.07298106144210303
10451 0.07298500811917748
10452 0.07298895479625192
10453 0.07299290147332638
10454 0.07299684815040082
10455 0.07300079482747529
10456 0.0730047415045497
10457 0.07300868818162418
10458 0.07301263485869862
10459 0.07301658153577306
10460 0.07302052821284753
10461 0.07302447488992196
10462 0.0730284215669964
10463 0.07303236824407086
10464 0.0730363149211453
10465 0.07304026159821976
10466 0.0730442082752942
10467 0.07304815495236865
10468 0.0730521016294431
10469 0.07305604830651755
10470 0.07305999498359202
10471 0.07306394166066645
10472 0.07306788833774089
10473 0.07307183501481535
10474 0.07307578169188979
10475 0.07307972836896426
10476 0.07308367504603869
10477 0.07308762172311313
10478 0.07309156840018759
10479 0.07309551507726203
10480 0.07309946175433649
10481 0.07310340843141092
10482 0.07310735510848537
10483 0.07311130178555983
10484 0.07311524846263427
10485 0.07311919513970873
10486 0.07312314181678317
10487 0.07312708849385763
10488 0.07313103517093207
10489 0.07313498184800651
10490 0.07313892852508097
10491 0.07314287520215541
10492 0.07314682187922986
10493 0.0731507685563043
10494 0.07315471523337876
10495 0.07315866191045321
10496 0.07316260858752766
10497 0.0731665552646021
10498 0.07317050194167656
10499 0.07317444861875097
10500 0.07317839529582545
10501 0.07318234197289991
10502 0.07318628864997435
10503 0.0731902353270488
10504 0.07319418200412324
10505 0.07319812868119767
10506 0.07320207535827214
10507 0.0732060220353466
10508 0.07320996871242103
10509 0.07321391538949548
10510 0.07321786206656995
10511 0.07322180874364438
10512 0.07322575542071884
10513 0.07322970209779328
10514 0.07323364877486772
10515 0.07323759545194218
10516 0.07324154212901661
10517 0.07324548880609108
10518 0.07324943548316552
10519 0.07325338216023997
10520 0.07325732883731442
10521 0.07326127551438887
10522 0.07326522219146328
10523 0.07326916886853777
10524 0.07327311554561221
10525 0.07327706222268668
10526 0.07328100889976111
10527 0.07328495557683556
10528 0.07328890225391002
10529 0.07329284893098445
10530 0.0732967956080589
10531 0.07330074228513335
10532 0.07330468896220779
10533 0.07330863563928224
10534 0.07331258231635666
10535 0.07331652899343116
10536 0.07332047567050558
10537 0.07332442234758005
10538 0.07332836902465449
10539 0.07333231570172895
10540 0.07333626237880339
10541 0.07334020905587782
10542 0.07334415573295228
10543 0.07334810241002673
10544 0.07335204908710118
10545 0.07335599576417563
10546 0.07335994244125005
10547 0.07336388911832453
10548 0.07336783579539899
10549 0.07337178247247342
10550 0.07337572914954787
10551 0.0733796758266223
10552 0.07338362250369677
10553 0.07338756918077122
10554 0.07339151585784565
10555 0.07339546253492012
10556 0.07339940921199456
10557 0.07340335588906903
10558 0.07340730256614346
10559 0.0734112492432179
10560 0.07341519592029236
10561 0.0734191425973668
10562 0.07342308927444123
10563 0.07342703595151567
10564 0.07343098262859014
10565 0.0734349293056646
10566 0.07343887598273903
10567 0.07344282265981349
10568 0.07344676933688796
10569 0.07345071601396239
10570 0.07345466269103684
10571 0.07345860936811127
10572 0.07346255604518571
10573 0.07346650272226019
10574 0.07347044939933463
10575 0.07347439607640907
10576 0.07347834275348353
10577 0.07348228943055798
10578 0.07348623610763244
10579 0.07349018278470686
10580 0.07349412946178133
10581 0.07349807613885577
10582 0.0735020228159302
10583 0.07350596949300467
10584 0.07350991617007913
10585 0.07351386284715357
10586 0.073517809524228
10587 0.07352175620130247
10588 0.07352570287837691
10589 0.07352964955545137
10590 0.07353359623252581
10591 0.07353754290960024
10592 0.0735414895866747
10593 0.07354543626374915
10594 0.07354938294082357
10595 0.07355332961789805
10596 0.07355727629497248
10597 0.07356122297204695
10598 0.0735651696491214
10599 0.07356911632619584
10600 0.07357306300327031
10601 0.07357700968034474
10602 0.07358095635741918
10603 0.07358490303449364
10604 0.07358884971156808
10605 0.07359279638864254
10606 0.073596743065717
10607 0.07360068974279144
10608 0.0736046364198659
10609 0.07360858309694034
10610 0.07361252977401479
10611 0.07361647645108922
10612 0.07362042312816366
10613 0.07362436980523814
10614 0.07362831648231255
10615 0.07363226315938703
10616 0.07363620983646145
10617 0.07364015651353592
10618 0.07364410319061036
10619 0.0736480498676848
10620 0.07365199654475926
10621 0.0736559432218337
10622 0.07365988989890816
10623 0.0736638365759826
10624 0.07366778325305705
10625 0.0736717299301315
10626 0.07367567660720595
10627 0.0736796232842804
10628 0.07368356996135485
10629 0.0736875166384293
10630 0.07369146331550373
10631 0.0736954099925782
10632 0.07369935666965263
10633 0.07370330334672709
10634 0.07370725002380155
10635 0.07371119670087599
10636 0.07371514337795043
10637 0.07371909005502487
10638 0.07372303673209933
10639 0.07372698340917379
10640 0.07373093008624824
10641 0.07373487676332266
10642 0.07373882344039712
10643 0.07374277011747157
10644 0.07374671679454602
10645 0.07375066347162047
10646 0.07375461014869492
10647 0.07375855682576936
10648 0.07376250350284382
10649 0.07376645017991826
10650 0.0737703968569927
10651 0.07377434353406716
10652 0.0737782902111416
10653 0.07378223688821607
10654 0.0737861835652905
10655 0.07379013024236496
10656 0.07379407691943939
10657 0.07379802359651386
10658 0.0738019702735883
10659 0.07380591695066274
10660 0.07380986362773717
10661 0.07381381030481163
10662 0.07381775698188607
10663 0.07382170365896054
10664 0.07382565033603497
10665 0.07382959701310944
10666 0.07383354369018388
10667 0.07383749036725834
10668 0.07384143704433278
10669 0.07384538372140724
10670 0.07384933039848168
10671 0.07385327707555611
10672 0.07385722375263057
10673 0.07386117042970503
10674 0.07386511710677947
10675 0.07386906378385392
10676 0.07387301046092837
10677 0.07387695713800282
10678 0.07388090381507725
10679 0.0738848504921517
10680 0.07388879716922617
10681 0.07389274384630062
10682 0.07389669052337507
10683 0.07390063720044951
10684 0.07390458387752397
10685 0.07390853055459842
10686 0.07391247723167284
10687 0.0739164239087473
10688 0.07392037058582175
10689 0.07392431726289621
10690 0.07392826393997065
10691 0.0739322106170451
10692 0.07393615729411955
10693 0.07394010397119398
10694 0.07394405064826844
10695 0.07394799732534288
10696 0.07395194400241735
10697 0.07395589067949179
10698 0.07395983735656625
10699 0.07396378403364068
10700 0.07396773071071513
10701 0.07397167738778958
10702 0.07397562406486403
10703 0.07397957074193848
10704 0.0739835174190129
10705 0.07398746409608738
10706 0.07399141077316182
10707 0.07399535745023626
10708 0.07399930412731072
10709 0.07400325080438516
10710 0.07400719748145959
10711 0.07401114415853406
10712 0.07401509083560852
10713 0.07401903751268296
10714 0.07402298418975739
10715 0.07402693086683186
10716 0.07403087754390629
10717 0.07403482422098076
10718 0.0740387708980552
10719 0.07404271757512966
10720 0.0740466642522041
10721 0.07405061092927856
10722 0.07405455760635299
10723 0.07405850428342743
10724 0.07406245096050189
10725 0.07406639763757634
10726 0.07407034431465079
10727 0.07407429099172524
10728 0.07407823766879969
10729 0.07408218434587412
10730 0.07408613102294859
10731 0.07409007770002303
10732 0.07409402437709749
10733 0.07409797105417193
10734 0.07410191773124637
10735 0.07410586440832084
10736 0.07410981108539527
10737 0.07411375776246971
10738 0.07411770443954419
10739 0.07412165111661863
10740 0.07412559779369307
10741 0.0741295444707675
10742 0.07413349114784196
10743 0.07413743782491643
10744 0.07414138450199084
10745 0.0741453311790653
10746 0.07414927785613976
10747 0.07415322453321421
10748 0.07415717121028866
10749 0.0741611178873631
10750 0.07416506456443754
10751 0.07416901124151201
10752 0.07417295791858645
10753 0.0741769045956609
10754 0.07418085127273533
10755 0.0741847979498098
10756 0.07418874462688423
10757 0.0741926913039587
10758 0.07419663798103314
10759 0.07420058465810757
10760 0.07420453133518204
10761 0.07420847801225648
10762 0.07421242468933092
10763 0.07421637136640538
10764 0.07422031804347982
10765 0.07422426472055428
10766 0.07422821139762872
10767 0.07423215807470318
10768 0.07423610475177761
10769 0.07424005142885207
10770 0.07424399810592652
10771 0.07424794478300097
10772 0.07425189146007542
10773 0.07425583813714987
10774 0.07425978481422431
10775 0.07426373149129877
10776 0.07426767816837321
10777 0.07427162484544766
10778 0.07427557152252211
10779 0.07427951819959658
10780 0.07428346487667102
10781 0.07428741155374545
10782 0.0742913582308199
10783 0.07429530490789435
10784 0.0742992515849688
10785 0.07430319826204325
10786 0.07430714493911769
10787 0.07431109161619215
10788 0.07431503829326659
10789 0.07431898497034105
10790 0.07432293164741549
10791 0.07432687832448993
10792 0.07433082500156439
10793 0.07433477167863883
10794 0.07433871835571329
10795 0.07434266503278773
10796 0.07434661170986218
10797 0.07435055838693665
10798 0.07435450506401108
10799 0.07435845174108553
10800 0.07436239841815998
10801 0.07436634509523443
10802 0.07437029177230887
10803 0.0743742384493833
10804 0.07437818512645775
10805 0.0743821318035322
10806 0.07438607848060667
10807 0.07439002515768113
10808 0.07439397183475556
10809 0.07439791851183002
10810 0.07440186518890446
10811 0.0744058118659789
10812 0.07440975854305334
10813 0.0744137052201278
10814 0.07441765189720224
10815 0.0744215985742767
10816 0.07442554525135116
10817 0.0744294919284256
10818 0.07443343860550004
10819 0.07443738528257449
10820 0.07444133195964896
10821 0.0744452786367234
10822 0.07444922531379784
10823 0.07445317199087229
10824 0.07445711866794673
10825 0.07446106534502119
10826 0.07446501202209561
10827 0.07446895869917008
10828 0.07447290537624453
10829 0.07447685205331896
10830 0.07448079873039341
10831 0.07448474540746788
10832 0.07448869208454234
10833 0.07449263876161677
10834 0.07449658543869121
10835 0.07450053211576567
10836 0.07450447879284013
10837 0.07450842546991457
10838 0.07451237214698901
10839 0.07451631882406344
10840 0.07452026550113791
10841 0.07452421217821235
10842 0.07452815885528681
10843 0.07453210553236125
10844 0.0745360522094357
10845 0.07453999888651017
10846 0.0745439455635846
10847 0.07454789224065905
10848 0.0745518389177335
10849 0.07455578559480794
10850 0.0745597322718824
10851 0.07456367894895684
10852 0.0745676256260313
10853 0.07457157230310574
10854 0.0745755189801802
10855 0.07457946565725464
10856 0.07458341233432908
10857 0.07458735901140354
10858 0.07459130568847798
10859 0.07459525236555242
10860 0.07459919904262688
10861 0.07460314571970131
10862 0.07460709239677578
10863 0.07461103907385024
10864 0.07461498575092466
10865 0.07461893242799912
10866 0.07462287910507356
10867 0.07462682578214803
10868 0.07463077245922245
10869 0.0746347191362969
10870 0.07463866581337136
10871 0.0746426124904458
10872 0.07464655916752025
10873 0.0746505058445947
10874 0.07465445252166915
10875 0.0746583991987436
10876 0.07466234587581803
10877 0.0746662925528925
10878 0.07467023922996696
10879 0.07467418590704138
10880 0.07467813258411586
10881 0.0746820792611903
10882 0.07468602593826475
10883 0.07468997261533919
10884 0.07469391929241363
10885 0.07469786596948808
10886 0.07470181264656253
10887 0.07470575932363699
10888 0.07470970600071143
10889 0.0747136526777859
10890 0.07471759935486036
10891 0.07472154603193477
10892 0.07472549270900923
10893 0.07472943938608367
10894 0.0747333860631581
10895 0.07473733274023256
10896 0.07474127941730703
10897 0.07474522609438147
10898 0.07474917277145592
10899 0.07475311944853037
10900 0.07475706612560482
10901 0.07476101280267924
10902 0.07476495947975373
10903 0.07476890615682816
10904 0.07477285283390259
10905 0.07477679951097706
10906 0.0747807461880515
10907 0.07478469286512596
10908 0.0747886395422004
10909 0.07479258621927486
10910 0.0747965328963493
10911 0.07480047957342374
10912 0.0748044262504982
10913 0.07480837292757263
10914 0.07481231960464711
10915 0.07481626628172154
10916 0.07482021295879597
10917 0.07482415963587044
10918 0.07482810631294488
10919 0.07483205299001933
10920 0.0748359996670938
10921 0.07483994634416823
10922 0.07484389302124268
10923 0.07484783969831713
10924 0.07485178637539158
10925 0.07485573305246603
10926 0.0748596797295405
10927 0.07486362640661491
10928 0.07486757308368937
10929 0.07487151976076382
10930 0.07487546643783827
10931 0.07487941311491272
10932 0.07488335979198718
10933 0.07488730646906162
10934 0.07489125314613604
10935 0.07489519982321051
10936 0.07489914650028495
10937 0.07490309317735941
10938 0.07490703985443385
10939 0.0749109865315083
10940 0.07491493320858277
10941 0.0749188798856572
10942 0.07492282656273165
10943 0.07492677323980608
10944 0.07493071991688054
10945 0.074934666593955
10946 0.07493861327102944
10947 0.07494255994810389
10948 0.07494650662517836
10949 0.07495045330225276
10950 0.07495439997932725
10951 0.07495834665640169
10952 0.07496229333347613
10953 0.07496624001055058
10954 0.07497018668762502
10955 0.07497413336469946
10956 0.07497808004177392
10957 0.07498202671884836
10958 0.07498597339592282
10959 0.07498992007299725
10960 0.07499386675007172
10961 0.07499781342714616
10962 0.07500176010422062
10963 0.07500570678129506
