1 0.69635
2 1.401125
3 2.1059
4 2.810675
5 3.51545
6 4.220225
7 4.925
8 5.60714286
9 6.28928571
10 6.97142857
11 7.65357143
12 8.33571429
13 9.01785714
14 9.7
15 10.42
16 11.14
17 11.86
18 12.58
19 13.3
20 14.02
21 14.74
22 15.46
23 16.18
24 16.9
25 17.62
26 18.34
27 19.06
28 19.78
29 20.5
30 21.22
31 21.94
32 22.66
33 23.38
34 24.1
35 24.90715345
36 25.7143069
37 26.52146034
38 27.32861379
39 28.13576724
40 28.94292069
41 29.75007414
42 30.55722759
43 31.36438103
44 32.17153448
45 32.97868793
46 33.78584138
47 34.59299483
48 35.40014828
49 36.20730172
50 37.01445517
51 37.82160862
52 38.62876207
53 39.43591552
54 40.24306897
55 41.05022241
56 41.85737586
57 42.66452931
58 43.47168276
59 44.27883621
60 45.08598966
61 45.8931431
62 46.70029655
63 47.50745
64 48.28721813
65 49.06698625
66 49.84675438
67 50.6265225
68 51.40629063
69 52.18605875
70 52.96582688
71 53.745595
72 54.52536313
73 55.30513125
74 56.08489938
75 56.8646675
76 57.64443563
77 58.42420375
78 59.20397188
79 59.98374
80 60.76350813
81 61.54327625
82 62.32304438
83 63.1028125
84 63.88258063
85 64.66234875
86 65.44211688
87 66.221885
88 67.00165313
89 67.78142125
90 68.56118938
91 69.3409575
92 70.12072563
93 70.90049375
94 71.68026188
95 72.46003
96 73.2267688
97 73.99350761
98 74.76024641
99 75.52698522
100 76.29372402
101 77.06046283
102 77.82720163
103 78.59394043
104 79.36067924
105 80.12741804
106 80.89415685
107 81.66089565
108 82.42763446
109 83.19437326
110 83.96111207
111 84.72785087
112 85.49458967
113 86.26132848
114 87.02806728
115 87.79480609
116 88.56154489
117 89.3282837
118 90.0950225
119 90.8617613
120 91.62850011
121 92.39523891
122 93.16197772
123 93.92871652
124 94.69545533
125 95.46219413
126 96.22893293
127 96.99567174
128 97.76241054
129 98.52914935
130 99.29588815
131 100.06262696
132 100.82936576
133 101.59610457
134 102.36284337
135 103.12958217
136 103.89632098
137 104.66305978
138 105.42979859
139 106.19653739
140 106.9632762
141 107.730015
142 108.4967538
143 109.26349261
144 110.03023141
145 110.79697022
146 111.56370902
147 112.33044783
148 113.09718663
149 113.86392543
150 114.63066424
151 115.39740304
152 116.16414185
153 116.93088065
154 117.69761946
155 118.46435826
156 119.23109707
157 119.99783587
158 120.76457467
159 121.53131348
160 122.29805228
161 123.06479109
162 123.83152989
163 124.5982687
164 125.3650075
165 126.1317463
166 126.89848511
167 127.66522391
168 128.43196272
169 129.19870152
170 129.96544033
171 130.73217913
172 131.49891793
173 132.26565674
174 133.03239554
175 133.79913435
176 134.56587315
177 135.33261196
178 136.09935076
179 136.86608957
180 137.63282837
181 138.39956717
182 139.16630598
183 139.93304478
184 140.69978359
185 141.46652239
186 142.2332612
187 143.0
188 143.81666667
189 144.63333333
190 145.45
191 146.26666667
192 147.08333333
193 147.9
194 148.71666667
195 149.53333333
196 150.35
197 151.16666667
198 151.98333333
199 152.8
200 153.61666667
201 154.43333333
202 155.25
203 156.06666667
204 156.88333333
205 157.7
206 158.51666667
207 159.33333333
208 160.15
209 160.96666667
210 161.78333333
211 162.6
212 163.41666667
213 164.23333333
214 165.05
215 165.86666667
216 166.68333333
217 167.5
218 168.31666667
219 169.13333333
220 169.95
221 170.76666667
222 171.58333333
223 172.4
224 173.21666667
225 174.03333333
226 174.85
227 175.66666667
228 176.48333333
229 177.3
230 178.11666667
231 178.93333333
232 179.75
233 180.56666667
234 181.38333333
235 182.2
236 183.01666667
237 183.83333333
238 184.65
239 185.46666667
240 186.28333333
241 187.1
242 187.91666667
243 188.73333333
244 189.55
245 190.36666667
246 191.18333333
247 192.0
248 192.81666667
249 193.63333333
250 194.45
251 195.26666667
252 196.08333333
253 196.9
254 197.71666667
255 198.53333333
256 199.35
257 200.16666667
258 200.98333333
259 201.8
260 202.61666667
261 203.43333333
262 204.25
263 205.06666667
264 205.88333333
265 206.7
266 207.51666667
267 208.33333333
268 209.15
269 209.96666667
270 210.78333333
271 211.6
272 212.41666667
273 213.23333333
274 214.05
275 214.86666667
276 215.68333333
277 216.5
278 217.28571429
279 218.07142857
280 218.85714286
281 219.64285714
282 220.42857143
283 221.21428571
284 222.0
285 222.78571429
286 223.57142857
287 224.35714286
288 225.14285714
289 225.92857143
290 226.71428571
291 227.5
292 228.28571429
293 229.07142857
294 229.85714286
295 230.64285714
296 231.42857143
297 232.21428571
298 233.0
299 233.78571429
300 234.57142857
301 235.35714286
302 236.14285714
303 236.92857143
304 237.71428571
305 238.5
306 239.28571429
307 240.07142857
308 240.85714286
309 241.64285714
310 242.42857143
311 243.21428571
312 244.0
313 244.78571429
314 245.57142857
315 246.35714286
316 247.14285714
317 247.92857143
318 248.71428571
319 249.5
320 250.28571429
321 251.07142857
322 251.85714286
323 252.64285714
324 253.42857143
325 254.21428571
326 255.0
327 255.78571429
328 256.57142857
329 257.35714286
330 258.14285714
331 258.92857143
332 259.71428571
333 260.5
334 261.28571429
335 262.07142857
336 262.85714286
337 263.64285714
338 264.42857143
339 265.21428571
340 266.0
341 266.78571429
342 267.57142857
343 268.35714286
344 269.14285714
345 269.92857143
346 270.71428571
347 271.5
348 272.28571429
349 273.07142857
350 273.85714286
351 274.64285714
352 275.42857143
353 276.21428571
354 277.0
355 277.78571429
356 278.57142857
357 279.35714286
358 280.14285714
359 280.92857143
360 281.71428571
361 282.5
362 283.28571429
363 284.07142857
364 284.85714286
365 285.64285714
366 286.42857143
367 287.21428571
368 288.0
369 288.79347826
370 289.58695652
371 290.38043478
372 291.17391304
373 291.9673913
374 292.76086957
375 293.55434783
376 294.34782609
377 295.14130435
378 295.93478261
379 296.72826087
380 297.52173913
381 298.31521739
382 299.10869565
383 299.90217391
384 300.69565217
385 301.48913043
386 302.2826087
387 303.07608696
388 303.86956522
389 304.66304348
390 305.45652174
391 306.25
392 307.04347826
393 307.83695652
394 308.63043478
395 309.42391304
396 310.2173913
397 311.01086957
398 311.80434783
399 312.59782609
400 313.39130435
401 314.18478261
402 314.97826087
403 315.77173913
404 316.56521739
405 317.35869565
406 318.15217391
407 318.94565217
408 319.73913043
409 320.5326087
410 321.32608696
411 322.11956522
412 322.91304348
413 323.70652174
414 324.5
415 325.29347826
416 326.08695652
417 326.88043478
418 327.67391304
419 328.4673913
420 329.26086957
421 330.05434783
422 330.84782609
423 331.64130435
424 332.43478261
425 333.22826087
426 334.02173913
427 334.81521739
428 335.60869565
429 336.40217391
430 337.19565217
431 337.98913043
432 338.7826087
433 339.57608696
434 340.36956522
435 341.16304348
436 341.95652174
437 342.75
438 343.54347826
439 344.33695652
440 345.13043478
441 345.92391304
442 346.7173913
443 347.51086957
444 348.30434783
445 349.09782609
446 349.89130435
447 350.68478261
448 351.47826087
449 352.27173913
450 353.06521739
451 353.85869565
452 354.65217391
453 355.44565217
454 356.23913043
455 357.0326087
456 357.82608696
457 358.61956522
458 359.41304348
459 360.20652174
460 361.0
461 361.79347826
462 362.58695652
463 363.38043478
464 364.17391304
465 364.9673913
466 365.76086957
467 366.55434783
468 367.34782609
469 368.14130435
470 368.93478261
471 369.72826087
472 370.52173913
473 371.31521739
474 372.10869565
475 372.90217391
476 373.69565217
477 374.48913043
478 375.2826087
479 376.07608696
480 376.86956522
481 377.66304348
482 378.45652174
483 379.25
484 380.04347826
485 380.83695652
486 381.63043478
487 382.42391304
488 383.2173913
489 384.01086957
490 384.80434783
491 385.59782609
492 386.39130435
493 387.18478261
494 387.97826087
495 388.77173913
496 389.56521739
497 390.35869565
498 391.15217391
499 391.94565217
500 392.73913043
501 393.5326087
502 394.32608696
503 395.11956522
504 395.91304348
505 396.70652174
506 397.5
507 398.29347826
508 399.08695652
509 399.88043478
510 400.67391304
511 401.4673913
512 402.26086957
513 403.05434783
514 403.84782609
515 404.64130435
516 405.43478261
517 406.22826087
518 407.02173913
519 407.81521739
520 408.60869565
521 409.40217391
522 410.19565217
523 410.98913043
524 411.7826087
525 412.57608696
526 413.36956522
527 414.16304348
528 414.95652174
529 415.75
530 416.54347826
531 417.33695652
532 418.13043478
533 418.92391304
534 419.7173913
535 420.51086957
536 421.30434783
537 422.09782609
538 422.89130435
539 423.68478261
540 424.47826087
541 425.27173913
542 426.06521739
543 426.85869565
544 427.65217391
545 428.44565217
546 429.23913043
547 430.0326087
548 430.82608696
549 431.61956522
550 432.41304348
551 433.20652174
552 434.0
553 434.67414536
554 435.34787182
555 436.02117911
556 436.69406826
557 437.36593283
558 438.03737714
559 438.70840064
560 439.37900274
561 440.049184
562 440.71894426
563 441.38828411
564 442.05720296
565 442.72570023
566 443.39377697
567 444.06143206
568 444.72866656
569 445.3954794
570 446.06187096
571 446.72784184
572 447.39339089
573 448.05851919
574 448.72322615
575 449.38751118
576 450.05137487
577 450.71481706
578 451.37783833
579 452.04043811
580 452.7026158
581 453.36437248
582 454.025707
583 454.68662047
584 455.34711178
585 456.00718134
586 456.66682974
587 457.32605584
588 457.98486073
589 458.64324381
590 459.30120449
591 459.95874388
592 460.61586029
593 461.27255587
594 461.9288295
595 462.58468057
596 463.24011022
597 463.89511784
598 464.54970282
599 465.2038663
600 465.85760656
601 466.51092578
602 467.16382284
603 467.81629712
604 468.46834977
605 469.11997959
606 469.77118772
607 470.42197305
608 471.07233598
609 471.72227716
610 472.37179538
611 473.0208918
612 473.66956581
613 474.31781677
614 474.96564587
615 475.61305135
616 476.26003546
617 476.90659702
618 477.55273543
619 478.19845186
620 478.84374508
621 479.48861629
622 480.13306486
623 480.77708961
624 481.42069282
625 482.0638727
626 482.70663047
627 483.34896549
628 483.99087712
629 484.63236657
630 485.27343206
631 485.91407587
632 486.55429683
633 487.1940943
634 487.83346951
635 488.4724218
636 489.11095054
637 489.74905696
638 490.38673925
639 491.02399973
640 491.66083721
641 492.29725104
642 492.93324246
643 493.56881021
644 494.20395552
645 494.83867774
646 495.47297568
647 496.10685168
648 496.74030392
649 497.37333364
650 498.0059402
651 498.63812294
652 499.26988313
653 499.90121891
654 500.53213266
655 501.16262317
656 501.79268979
657 502.42233378
658 503.05155385
659 503.68035127
660 504.30872538
661 504.93667496
662 505.56420242
663 506.19130588
664 506.81798664
665 507.44424403
666 508.07007738
667 508.69548799
668 509.32047454
669 509.94503776
670 510.56917812
671 511.19289439
672 511.81618786
673 512.43905722
674 513.06150376
675 513.68352683
676 514.30512574
677 514.92630125
678 515.54705382
679 516.16738221
680 516.78728774
681 517.40676906
682 518.02582751
683 518.64446242
684 519.26267251
685 519.88046028
686 520.49782381
687 521.11476443
688 521.73128146
689 522.34737422
690 522.96304406
691 523.57828961
692 524.19311163
693 524.80751062
694 525.42148531
695 526.03503704
696 526.64816445
697 527.26086891
698 527.87314971
699 528.48500618
700 529.09643909
701 529.70744824
702 530.31803441
703 530.92819692
704 531.53793506
705 532.14725022
706 532.75614101
707 533.36460821
708 533.97265233
709 534.58027206
710 535.1874688
711 535.79424115
712 536.40059051
713 537.00651617
714 537.61201744
715 538.21709511
716 538.82174968
717 539.42597985
718 540.02978703
719 540.63316979
720 541.23612957
721 541.83866565
722 542.44077732
723 543.04246539
724 543.64372966
725 544.24457094
726 544.84498853
727 545.44498171
728 546.04455192
729 546.64369771
730 547.24242053
731 547.84071906
732 548.43859379
733 549.03604556
734 549.63307293
735 550.22967735
736 550.82585809
737 551.42161444
738 552.01694723
739 552.70549636
740 553.39389566
741 554.08214434
742 554.77024391
743 555.45819295
744 556.14599295
745 556.83364324
746 557.52114311
747 558.20849407
748 558.8956947
749 559.58274652
750 560.26964807
751 560.9564009
752 561.64300355
753 562.32945755
754 563.01576146
755 563.7019168
756 564.38792212
757 565.07377897
758 565.75948588
759 566.4450444
760 567.1304537
761 567.81571405
762 568.50082538
763 569.18578697
764 569.87060038
765 570.55526413
766 571.23977978
767 571.92414586
768 572.60836392
769 573.29243248
770 573.97635311
771 574.66012433
772 575.34374769
773 576.02722172
774 576.71054798
775 577.39372499
776 578.07675431
777 578.75963446
778 579.44236701
779 580.12495123
780 580.80738704
781 581.48967474
782 582.17181345
783 582.85380477
784 583.53564719
785 584.21734231
786 584.89888861
787 585.58028768
788 586.26153801
789 586.9426412
790 587.62359574
791 588.30440321
792 588.9850621
793 589.66557402
794 590.34593744
795 591.02615396
796 591.70622285
797 592.38614335
798 593.06591709
799 593.74554252
800 594.42502194
801 595.10435247
802 595.78353639
803 596.46257216
804 597.14146142
805 597.82020261
806 598.49879736
807 599.17724412
808 599.85554453
809 600.53369703
810 601.21170326
811 601.88956165
812 602.56727386
813 603.24483912
814 603.92225666
815 604.59952814
816 605.27665198
817 605.95362984
818 606.63046014
819 607.30714455
820 607.98368215
821 608.66007326
822 609.33631697
823 610.01241494
824 610.68836558
825 611.36417058
826 612.03982833
827 612.71534051
828 613.39070552
829 614.06592504
830 614.7409983
831 615.4159245
832 616.09070535
833 616.76533921
834 617.4398278
835 618.11416949
836 618.78836598
837 619.46241565
838 620.1363202
839 620.81007801
840 621.48369079
841 622.1571576
842 622.83047876
843 623.50365334
844 624.17668304
845 624.84956623
846 625.52230463
847 626.19489745
848 626.86734387
849 627.53964562
850 628.21180106
851 628.88381191
852 629.55567652
853 630.22739663
854 630.89897057
855 631.5704001
856 632.24168353
857 632.91282263
858 633.58381572
859 634.25466455
860 634.92536745
861 635.59592689
862 636.26633976
863 636.93660853
864 637.60673238
865 638.2767105
866 638.94654464
867 639.61623311
868 640.2857777
869 640.9551767
870 641.62443188
871 642.29354156
872 642.96250751
873 643.63132802
874 644.30000488
875 644.96853639
876 645.63692432
877 646.30516698
878 646.97326615
879 647.64122011
880 648.30903067
881 648.97669771
882 649.64421893
883 650.31159687
884 650.97882979
885 651.6459195
886 652.31286429
887 652.97966594
888 653.64632273
889 654.31283648
890 654.97920545
891 655.64543144
892 656.31151274
893 656.97745114
894 657.64324492
895 658.30889589
896 658.9744023
897 659.63976599
898 660.3049861
899 660.97006177
900 661.63499483
901 662.29978353
902 662.96443045
903 663.62893234
904 664.29329178
905 664.95750701
906 665.62157987
907 666.28550859
908 666.94929503
909 667.61293741
910 668.27643758
911 668.93979376
912 669.60300782
913 670.26607797
914 670.92900607
915 671.59179125
916 672.25443264
917 672.9169321
918 673.57928783
919 674.24150172
920 674.90357197
921 675.56550044
922 676.22728611
923 676.88892932
924 677.55042904
925 678.21178716
926 678.87300185
927 679.53407501
928 680.19500482
929 680.85579319
930 681.51643828
931 682.176942
932 682.83730347
933 683.49752177
934 684.15759882
935 684.81753279
936 685.47732558
937 686.13697536
938 686.79648406
939 687.45584981
940 688.11507456
941 688.77415644
942 689.43309817
943 690.09189633
944 690.75055364
945 691.40906824
946 692.06744205
947 692.72567324
948 693.38376372
949 694.0417126
950 694.69951895
951 695.35718472
952 696.01470804
953 696.67209086
954 697.3293313
955 697.98643132
956 698.64338904
957 699.30020642
958 699.95688156
959 700.61341645
960 701.26980917
961 701.92606171
962 702.58217218
963 703.23814332
964 703.89397167
965 704.54965999
966 705.20520735
967 705.86061281
968 706.51587836
969 707.17100209
970 707.82598599
971 708.48082814
972 709.13553053
973 709.79009125
974 710.44451229
975 711.09879173
976 711.75293157
977 712.40692989
978 713.06078869
979 713.71450603
980 714.36808393
981 715.02152045
982 715.6748176
983 716.32797525
984 716.98099082
985 717.63386714
986 718.28660227
987 718.93919823
988 719.59165306
989 720.2439688
990 720.8961435
991 721.54817917
992 722.20007388
993 722.85182964
994 723.5034445
995 724.1549205
996 724.80625567
997 725.45745206
998 726.1085077
999 726.75942462
1000 727.41020188
1001 728.06083849
1002 728.7113365
1003 729.36169477
1004 730.01191371
1005 730.66199214
1006 731.31193214
1007 731.96173171
1008 732.61139292
1009 733.26091378
1010 733.91029636
1011 734.55953865
1012 735.20864275
1013 735.85760663
1014 736.50643239
1015 737.15511801
1016 737.80366558
1017 738.45207411
1018 739.10034262
1019 739.74847319
1020 740.39646381
1021 741.04431657
1022 741.69202945
1023 742.33960538
1024 742.98704067
1025 743.63433825
1026 744.2814961
1027 744.92851632
1028 745.57539687
1029 746.22213987
1030 746.86874329
1031 747.51520922
1032 748.16153564
1033 748.80772465
1034 749.45377527
1035 750.09968647
1036 750.74546039
1037 751.39109496
1038 752.03659234
1039 752.68195044
1040 753.32717141
1041 753.97225319
1042 754.61719791
1043 755.26200351
1044 755.90667298
1045 756.55120255
1046 757.19559522
1047 757.8398489
1048 758.48396576
1049 759.12794371
1050 759.77178491
1051 760.41548834
1052 761.05905297
1053 761.70248096
1054 762.34577022
1055 762.98892292
1056 763.63193697
1057 764.27481452
1058 764.9175535
1059 765.56015606
1060 766.20262011
1061 766.84494783
1062 767.4871371
1063 768.12919012
1064 768.77110563
1065 769.4128841
1066 770.05452426
1067 770.69602832
1068 771.33739523
1069 771.97862395
1070 772.61971667
1071 773.26067127
1072 773.90148995
1073 774.54217059
1074 775.18271538
1075 775.82312219
1076 776.46339323
1077 777.10352637
1078 777.74352382
1079 778.38338342
1080 779.02310741
1081 779.66269364
1082 780.30214432
1083 780.94145731
1084 781.58063571
1085 782.21967671
1086 782.85858011
1087 783.49734817
1088 784.1359787
1089 784.77447396
1090 785.41283177
1091 786.05105437
1092 786.6891396
1093 787.3270897
1094 787.96490249
1095 788.60258023
1096 789.24012073
1097 789.87752625
1098 790.51479461
1099 791.15192806
1100 791.78892442
1101 792.42578595
1102 793.06251157
1103 793.75709038
1104 794.45162934
1105 795.14612754
1106 795.84058681
1107 796.53500625
1108 797.22938589
1109 797.92372596
1110 798.61802603
1111 799.31228633
1112 800.00650597
1113 800.70068678
1114 801.39482787
1115 802.08892833
1116 802.78299113
1117 803.47701312
1118 804.17099453
1119 804.86493719
1120 805.55884021
1121 806.25270268
1122 806.94652645
1123 807.64031176
1124 808.33405542
1125 809.02776042
1126 809.72142586
1127 810.41505175
1128 811.10863719
1129 811.80218402
1130 812.4956925
1131 813.18915941
1132 813.88258776
1133 814.57597664
1134 815.26932514
1135 815.96263513
1136 816.65590569
1137 817.34913707
1138 818.04232881
1139 818.73548117
1140 819.42859323
1141 820.12166686
1142 820.81470114
1143 821.50769516
1144 822.20065195
1145 822.89356827
1146 823.5864453
1147 824.27928213
1148 824.97208061
1149 825.66483985
1150 826.35755891
1151 827.05024085
1152 827.74288241
1153 828.43548384
1154 829.12804701
1155 829.82057102
1156 830.51305493
1157 831.20550063
1158 831.89790838
1159 832.5902749
1160 833.28260324
1161 833.9748925
1162 834.66714174
1163 835.35935286
1164 836.05152492
1165 836.74365914
1166 837.4357522
1167 838.12780719
1168 838.81982319
1169 839.51179925
1170 840.20373729
1171 840.89563637
1172 841.58749676
1173 842.27931797
1174 842.97110026
1175 843.66284269
1176 844.35454719
1177 845.04621281
1178 845.73783861
1179 846.42942771
1180 847.12097678
1181 847.81248702
1182 848.50395749
1183 849.19539013
1184 849.88678397
1185 850.5781393
1186 851.26945562
1187 851.96073319
1188 852.65197108
1189 853.3431712
1190 854.03433262
1191 854.72545438
1192 855.41653965
1193 856.10758503
1194 856.7985908
1195 857.48955889
1196 858.18048836
1197 858.87137824
1198 859.5622305
1199 860.25304539
1200 860.94382048
1201 861.63455605
1202 862.32525404
1203 863.0159135
1204 863.70653346
1205 864.39711589
1206 865.08766105
1207 865.77816553
1208 866.46863252
1209 867.15906105
1210 867.84945017
1211 868.53980183
1212 869.23011507
1213 869.92039018
1214 870.61062664
1215 871.30082472
1216 871.99098346
1217 872.68110483
1218 873.37118786
1219 874.06123257
1220 874.75123923
1221 875.44120733
1222 876.13113715
1223 876.82102771
1224 877.510881
1225 878.20069605
1226 878.89047187
1227 879.58021172
1228 880.26991211
1229 880.95957332
1230 881.64919733
1231 882.33878318
1232 883.02832989
1233 883.71783944
1234 884.40731214
1235 885.09674545
1236 885.78613967
1237 886.4754968
1238 887.16481585
1239 887.85409584
1240 888.54333877
1241 889.23254495
1242 889.92171083
1243 890.6108397
1244 891.29993057
1245 891.98898245
1246 892.67799737
1247 893.36697432
1248 894.05591361
1249 894.74481469
1250 895.43367785
1251 896.12250209
1252 896.81128945
1253 897.50003893
1254 898.18875054
1255 898.87742457
1256 899.56606048
1257 900.25465857
1258 900.94321782
1259 901.63174029
1260 902.32022496
1261 903.00867084
1262 903.69708127
1263 904.38545265
1264 905.07378527
1265 905.76208119
1266 906.45033939
1267 907.13855887
1268 907.82674169
1269 908.51488813
1270 909.20299459
1271 909.89106442
1272 910.57909661
1273 911.26709118
1274 911.95504712
1275 912.64296779
1276 913.33084957
1277 914.01869275
1278 914.7064994
1279 915.3942685
1280 916.08199904
1281 916.76969308
1282 917.45735094
1283 918.14496896
1284 918.83255052
1285 919.52009461
1286 920.20760021
1287 920.8950694
1288 921.58250116
1289 922.2698958
1290 922.95725274
1291 923.64457228
1292 924.33185444
1293 925.0190982
1294 925.70630564
1295 926.39347574
1296 927.08060881
1297 927.76770426
1298 928.45476241
1299 929.14178223
1300 929.82876581
1301 930.51571213
1302 931.20262015
1303 931.88949331
1304 932.57632791
1305 933.26312424
1306 933.94988442
1307 934.63660741
1308 935.32329322
1309 936.00994082
1310 936.69655367
1311 937.38312802
1312 938.06966421
1313 938.75616432
1314 939.44262734
1315 940.12905222
1316 940.81544107
1317 941.50179422
1318 942.1881079
1319 942.87438561
1320 943.56062628
1321 944.24682889
1322 944.93299556
1323 945.61912523
1324 946.30521825
1325 946.99127399
1326 947.67729278
1327 948.36327463
1328 949.0492185
1329 949.73512652
1330 950.42099764
1331 951.10683219
1332 951.79262955
1333 952.47839004
1334 953.16411263
1335 953.84979944
1336 954.53544943
1337 955.22106154
1338 955.9066393
1339 956.59217889
1340 957.27768064
1341 957.9631467
1342 958.64857601
1343 959.33396751
1344 960.01932336
1345 960.70464389
1346 961.38992633
1347 962.07517101
1348 962.76038009
1349 963.44555251
1350 964.1306872
1351 964.81578633
1352 965.50085024
1353 966.18587506
1354 966.87086436
1355 967.55581708
1356 968.24073214
1357 968.92561172
1358 969.61045615
1359 970.29526156
1360 970.98003153
1361 971.66476499
1362 972.34946195
1363 973.03412133
1364 973.71874533
1365 974.40333428
1366 975.08788428
1367 975.77239893
1368 976.45687715
1369 977.14131787
1370 977.82572328
1371 978.51009231
1372 979.19442529
1373 979.87872157
1374 980.56298151
1375 981.24720401
1376 981.93139128
1377 982.61554224
1378 983.2996558
1379 983.9837356
1380 984.66777769
1381 985.35178352
1382 986.03575199
1383 986.71968533
1384 987.40358244
1385 988.08744223
1386 988.77126836
1387 989.45505687
1388 990.13880809
1389 990.82252425
1390 991.50620425
1391 992.18984701
1392 992.87345475
1393 993.55702782
1394 994.24056222
1395 994.92406165
1396 995.607525
1397 996.29095116
1398 996.97434239
1399 997.65769757
1400 998.34101817
1401 999.02430019
1402 999.70754732
1403 1000.39075845
1404 1001.07393248
1405 1001.75707167
1406 1002.44017489
1407 1003.12324251
1408 1003.80627386
1409 1004.48926929
1410 1005.17222769
1411 1005.85515131
1412 1006.53803905
1413 1007.2208898
1414 1007.90370728
1415 1008.58648744
1416 1009.26923064
1417 1009.95193914
1418 1010.63461184
1419 1011.31724873
1420 1011.99984871
1421 1012.68241553
1422 1013.3649451
1423 1014.04743779
1424 1014.72989588
1425 1015.41231824
1426 1016.09470375
1427 1016.7770547
1428 1017.45937144
1429 1018.14164988
1430 1018.8238938
1431 1019.50610206
1432 1020.18827355
1433 1020.87041054
1434 1021.55251191
1435 1022.23457918
1436 1022.91660822
1437 1023.59860282
1438 1024.28056185
1439 1024.96248418
1440 1025.64437211
1441 1026.32622451
1442 1027.00804175
1443 1027.68982313
1444 1028.371569
1445 1029.05327825
1446 1029.73495317
1447 1030.41659263
1448 1031.09819701
1449 1031.77976559
1450 1032.46129875
1451 1033.14279534
1452 1033.82425769
1453 1034.50568464
1454 1035.18707623
1455 1035.86843281
1456 1036.54975368
1457 1037.23103921
1458 1037.91228826
1459 1038.59350314
1460 1039.27468273
1461 1039.95582586
1462 1040.6369364
1463 1041.31801015
1464 1041.99904748
1465 1042.68005073
1466 1043.36101874
1467 1044.04195038
1468 1044.69646281
1469 1045.35089298
1470 1046.00524321
1471 1046.65951117
1472 1047.31369802
1473 1047.96780491
1474 1048.62182953
1475 1049.27577418
1476 1049.92963501
1477 1050.58341741
1478 1051.23711751
1479 1051.89073648
1480 1052.54427548
1481 1053.19773218
1482 1053.85110889
1483 1054.50440329
1484 1055.15761654
1485 1055.8107498
1486 1056.46380074
1487 1057.11677168
1488 1057.76965874
1489 1058.42246618
1490 1059.07519363
1491 1059.72783872
1492 1060.38040382
1493 1061.03288656
1494 1061.68528812
1495 1062.33760967
1496 1062.98984886
1497 1063.64200803
1498 1064.29408483
1499 1064.94607885
1500 1065.59799443
1501 1066.24982762
1502 1066.90158079
1503 1067.55325156
1504 1068.2048423
1505 1068.85635064
1506 1069.50777776
1507 1070.15912484
1508 1070.81038951
1509 1071.46157414
1510 1072.11267635
1511 1072.76369574
1512 1073.41463667
1513 1074.06549516
1514 1074.7162736
1515 1075.3669696
1516 1076.01758435
1517 1076.66811905
1518 1077.31857129
1519 1077.96894347
1520 1078.61923319
1521 1079.26944164
1522 1079.91956843
1523 1080.56961435
1524 1081.21958019
1525 1081.86946355
1526 1082.51926684
1527 1083.16898764
1528 1083.81862716
1529 1084.46818659
1530 1085.11766353
1531 1085.76706038
1532 1086.41637473
1533 1087.06560777
1534 1087.71475912
1535 1088.36382956
1536 1089.01281989
1537 1089.66172771
1538 1090.31055422
1539 1090.95930062
1540 1091.60796449
1541 1092.25654824
1542 1092.90504947
1543 1093.55346936
1544 1094.20180914
1545 1094.85006475
1546 1095.49824185
1547 1096.14633641
1548 1096.79434962
1549 1097.44228271
1550 1098.09013323
1551 1098.73790362
1552 1099.38559144
1553 1100.03319912
1554 1100.68072423
1555 1101.32816798
1556 1101.97553158
1557 1102.62281097
1558 1103.27001184
1559 1103.91713011
1560 1104.56416702
1561 1105.21112377
1562 1105.85799792
1563 1106.50479191
1564 1107.15150329
1565 1107.79813329
1566 1108.44468312
1567 1109.09115033
1568 1109.73753573
1569 1110.38384015
1570 1111.03006318
1571 1111.67620602
1572 1112.32226624
1573 1112.96824627
1574 1113.61414367
1575 1114.25996089
1576 1114.90569546
1577 1115.55134861
1578 1116.19692157
1579 1116.84241188
1580 1117.48782034
1581 1118.1331478
1582 1118.77839382
1583 1119.42355965
1584 1120.06864281
1585 1120.71364577
1586 1121.35856605
1587 1122.00340489
1588 1122.64816352
1589 1123.29283947
1590 1123.93743521
1591 1124.58194658
1592 1125.22637817
1593 1125.87072954
1594 1126.51499822
1595 1127.15918667
1596 1127.80329242
1597 1128.4473167
1598 1129.09126076
1599 1129.7351221
1600 1130.37890322
1601 1131.02260161
1602 1131.66621977
1603 1132.30975352
1604 1132.95320747
1605 1133.59658119
1606 1134.23987216
1607 1134.8830829
1608 1135.5262109
1609 1136.1692574
1610 1136.81222366
1611 1137.45510717
1612 1138.09791043
1613 1138.74063093
1614 1139.38326823
1615 1140.02582698
1616 1140.66830295
1617 1141.31069868
1618 1141.95301163
1619 1142.59524306
1620 1143.23739424
1621 1143.87946264
1622 1144.52145077
1623 1145.16335612
1624 1145.8051812
1625 1146.44692349
1626 1147.08858253
1627 1147.73016302
1628 1148.37166071
1629 1149.01307812
1630 1149.65441273
1631 1150.29566579
1632 1150.93683858
1633 1151.57792855
1634 1152.21893825
1635 1152.85986512
1636 1153.50071044
1637 1154.14147376
1638 1154.78215596
1639 1155.42275788
1640 1156.06327697
1641 1156.70371449
1642 1157.34407173
1643 1157.98434612
1644 1158.62454022
1645 1159.26465147
1646 1159.90468114
1647 1160.54463052
1648 1161.18449704
1649 1161.82428153
1650 1162.46398489
1651 1163.10360795
1652 1163.74314814
1653 1164.38260675
1654 1165.02198505
1655 1165.66128047
1656 1166.30049559
1657 1166.93962783
1658 1167.57867846
1659 1168.21764879
1660 1168.85653448
1661 1169.4953416
1662 1170.13406584
1663 1170.77270846
1664 1171.41127077
1665 1172.04975017
1666 1172.68814926
1667 1173.32646544
1668 1173.9647
1669 1174.60285424
1670 1175.24092557
1671 1175.87891656
1672 1176.51682288
1673 1177.15465063
1674 1177.79239546
1675 1178.43005866
1676 1179.06764153
1677 1179.70514147
1678 1180.34256107
1679 1180.97989774
1680 1181.61715277
1681 1182.25432746
1682 1182.89141921
1683 1183.52842884
1684 1184.16535731
1685 1184.80220412
1686 1185.43897059
1687 1186.07565411
1688 1186.71225728
1689 1187.3487775
1690 1187.98521605
1691 1188.62157426
1692 1189.25784951
1693 1189.8940444
1694 1190.53015632
1695 1191.16618479
1696 1191.80213469
1697 1192.43800162
1698 1193.07378819
1699 1193.70949178
1700 1194.34511501
1701 1194.98065525
1702 1195.61611382
1703 1196.25149203
1704 1196.88678725
1705 1197.5220021
1706 1198.15713215
1707 1198.79218232
1708 1199.42715213
1709 1200.06203893
1710 1200.69684537
1711 1201.33156879
1712 1201.96621053
1713 1202.60077189
1714 1203.23525024
1715 1203.86964822
1716 1204.50396318
1717 1205.13819644
1718 1205.77234751
1719 1206.40641737
1720 1207.04040685
1721 1207.6743133
1722 1208.30813938
1723 1208.94188242
1724 1209.57554375
1725 1210.20912471
1726 1210.84262262
1727 1211.47604015
1728 1212.10937463
1729 1212.74262557
1730 1213.37579796
1731 1214.00888729
1732 1214.64189624
1733 1215.27482213
1734 1215.9076663
1735 1216.54043009
1736 1217.17311081
1737 1217.80571114
1738 1218.43822841
1739 1219.07066394
1740 1219.70301909
1741 1220.33528932
1742 1220.967481
1743 1221.59958961
1744 1222.23161648
1745 1222.86356295
1746 1223.49542635
1747 1224.12720935
1748 1224.75890926
1749 1225.39052878
1750 1226.0220652
1751 1226.65351988
1752 1227.28489231
1753 1227.9161835
1754 1228.54739429
1755 1229.17852197
1756 1229.80956791
1757 1230.44053345
1758 1231.07141588
1759 1231.70221791
1760 1232.33293683
1761 1232.96357399
1762 1233.59413075
1763 1234.22460439
1764 1234.85499576
1765 1235.48530589
1766 1236.11553424
1767 1236.74568219
1768 1237.37574702
1769 1238.00573144
1770 1238.63563274
1771 1239.26545362
1772 1239.89519137
1773 1240.52484736
1774 1241.15442293
1775 1241.78391349
1776 1242.41332551
1777 1243.0426544
1778 1243.67190151
1779 1244.30106821
1780 1244.93015176
1781 1245.5591549
1782 1246.1880749
1783 1246.81691311
1784 1247.4456709
1785 1248.07434555
1786 1248.70293978
1787 1249.33144895
1788 1249.95987824
1789 1250.58822711
1790 1251.21649281
1791 1251.8446781
1792 1252.47278023
1793 1253.10080057
1794 1253.72874048
1795 1254.35659723
1796 1254.98437356
1797 1255.61206671
1798 1256.23967754
1799 1256.8672071
1800 1257.49465487
1801 1258.12202221
1802 1258.74930637
1803 1259.37651011
1804 1260.00363067
1805 1260.63066942
1806 1261.25762776
1807 1261.8845029
1808 1262.51129762
1809 1263.13800916
1810 1263.76463696
1811 1264.39118626
1812 1265.01765237
1813 1265.64403805
1814 1266.27034053
1815 1266.89656121
1816 1267.52270145
1817 1268.1487585
1818 1268.77473512
1819 1269.40062854
1820 1270.02644014
1821 1270.65216938
1822 1271.27781735
1823 1271.90338488
1824 1272.52886921
1825 1273.15427311
1826 1273.7795938
1827 1274.40483267
1828 1275.02999111
1829 1275.65506633
1830 1276.28006112
1831 1276.90497269
1832 1277.60788494
1833 1278.31078647
1834 1279.01367531
1835 1279.71655144
1836 1280.41941288
1837 1281.12226351
1838 1281.82510135
1839 1282.52792638
1840 1283.23073662
1841 1283.93353594
1842 1284.63632238
1843 1285.3390959
1844 1286.04185453
1845 1286.74460214
1846 1287.44733818
1847 1288.15005783
1848 1288.8527664
1849 1289.5554619
1850 1290.25814432
1851 1290.96081165
1852 1291.6634678
1853 1292.36611079
1854 1293.06874059
1855 1293.77135519
1856 1294.47395853
1857 1295.1765486
1858 1295.87912538
1859 1296.58168686
1860 1297.28423697
1861 1297.98677372
1862 1298.68929708
1863 1299.39180503
1864 1300.09430152
1865 1300.79678455
1866 1301.49925408
1867 1302.20170811
1868 1302.90415058
1869 1303.60657948
1870 1304.30899479
1871 1305.01139448
1872 1305.71378253
1873 1306.41615833
1874 1307.11851902
1875 1307.82086398
1876 1308.52319721
1877 1309.22551666
1878 1309.92782032
1879 1310.63011217
1880 1311.33239017
1881 1312.0346543
1882 1312.73690254
1883 1313.43913886
1884 1314.14136124
1885 1314.84356966
1886 1315.54576207
1887 1316.24794247
1888 1316.95010883
1889 1317.65226113
1890 1318.35439732
1891 1319.05652141
1892 1319.75863136
1893 1320.46072714
1894 1321.16280671
1895 1321.86487409
1896 1322.56692723
1897 1323.2689661
1898 1323.97098866
1899 1324.67299893
1900 1325.37499486
1901 1326.07697787
1902 1326.77894303
1903 1327.48089579
1904 1328.18283413
1905 1328.88475596
1906 1329.58666534
1907 1330.28856022
1908 1330.99044055
1909 1331.69230429
1910 1332.39415548
1911 1333.09599207
1912 1333.79781401
1913 1334.49961926
1914 1335.20141187
1915 1335.90318977
1916 1336.60495294
1917 1337.3066993
1918 1338.00843293
1919 1338.71015176
1920 1339.41185575
1921 1340.11354284
1922 1340.8152171
1923 1341.51687646
1924 1342.21852089
1925 1342.92014831
1926 1343.62176282
1927 1344.32336232
1928 1345.02494679
1929 1345.72651562
1930 1346.42806997
1931 1347.12960923
1932 1347.83113336
1933 1348.53264028
1934 1349.23413409
1935 1349.93561271
1936 1350.63707404
1937 1351.3385222
1938 1352.03995508
1939 1352.74137268
1940 1353.44277288
1941 1354.14415981
1942 1354.84553138
1943 1355.54688756
1944 1356.24822625
1945 1356.94955158
1946 1357.65086145
1947 1358.35215583
1948 1359.05343261
1949 1359.75469595
1950 1360.45594372
1951 1361.15717592
1952 1361.85839041
1953 1362.55959137
1954 1363.26077667
1955 1363.96194629
1956 1364.66309959
1957 1365.36423778
1958 1366.06536021
1959 1366.76646688
1960 1367.46755564
1961 1368.16863068
1962 1368.86968987
1963 1369.57073109
1964 1370.27175851
1965 1370.97277002
1966 1371.67376558
1967 1372.37474306
1968 1373.07570666
1969 1373.77665425
1970 1374.4775858
1971 1375.17849917
1972 1375.87939856
1973 1376.58028185
1974 1377.28114899
1975 1377.98199787
1976 1378.68283268
1977 1379.38365128
1978 1380.08445365
1979 1380.78523764
1980 1381.48600748
1981 1382.18676101
1982 1382.88749822
1983 1383.58821696
1984 1384.28892294
1985 1384.98961103
1986 1385.6902827
1987 1386.39093579
1988 1387.09157455
1989 1387.79219681
1990 1388.49280256
1991 1389.19338963
1992 1389.89396228
1993 1390.59451834
1994 1391.29505565
1995 1391.99557846
1996 1392.69608462
1997 1393.39657409
1998 1394.09704472
1999 1394.79750076
2000 1395.49794004
2001 1396.19836256
2002 1396.89876612
2003 1397.59915501
2004 1398.29952705
2005 1398.99988222
2006 1399.70021835
2007 1400.40053971
2008 1401.10084413
2009 1401.80113158
2010 1402.50139989
2011 1403.20165335
2012 1403.90189127
2013 1404.60211064
2014 1405.30231076
2015 1406.00249593
2016 1406.70266398
2017 1407.40281487
2018 1408.10294643
2019 1408.80306294
2020 1409.50316224
2021 1410.20324212
2022 1410.9033069
2023 1411.60335439
2024 1412.30338457
2025 1413.00339523
2026 1413.7033907
2027 1414.40336878
2028 1415.10332946
2029 1415.80327052
2030 1416.50319631
2031 1417.20310462
2032 1417.90299543
2033 1418.60286652
2034 1419.30272226
2035 1420.00256041
2036 1420.70238098
2037 1421.40218174
2038 1422.10196704
2039 1422.8017362
2040 1423.50148615
2041 1424.2012162
2042 1424.9009307
2043 1425.60062745
2044 1426.30030642
2045 1426.99996538
2046 1427.69960872
2047 1428.3992342
2048 1429.09884181
2049 1429.79842932
2050 1430.49800112
2051 1431.19755497
2052 1431.89708865
2053 1432.59660655
2054 1433.29610644
2055 1433.99558829
2056 1434.69504987
2057 1435.39449558
2058 1436.09392319
2059 1436.79333267
2060 1437.49272179
2061 1438.19209495
2062 1438.89144991
2063 1439.59078666
2064 1440.29010294
2065 1440.98940318
2066 1441.68868513
2067 1442.38795031
2068 1443.08719339
2069 1443.78642034
2070 1444.48562892
2071 1445.18481909
2072 1445.8839886
2073 1446.5831419
2074 1447.28227673
2075 1447.98139306
2076 1448.68048865
2077 1449.37956793
2078 1450.07862864
2079 1450.77766854
2080 1451.47669206
2081 1452.17569696
2082 1452.8746832
2083 1453.57364853
2084 1454.2725974
2085 1454.97152754
2086 1455.67043895
2087 1456.36932934
2088 1457.06820319
2089 1457.76705823
2090 1458.46589443
2091 1459.16470952
2092 1459.86350799
2093 1460.56228755
2094 1461.26104819
2095 1461.95978919
2096 1462.65851191
2097 1463.35721564
2098 1464.05590035
2099 1464.75456376
2100 1465.45321038
2101 1466.15183791
2102 1466.85044634
2103 1467.54903337
2104 1468.24760352
2105 1468.9461545
2106 1469.64468628
2107 1470.34319656
2108 1471.04168988
2109 1471.74016394
2110 1472.43861644
2111 1473.1370519
2112 1473.83546804
2113 1474.53386482
2114 1475.23223994
2115 1475.93059795
2116 1476.62893654
2117 1477.32725568
2118 1478.02555308
2119 1478.72383327
2120 1479.42209395
2121 1480.1203351
2122 1480.81855441
2123 1481.51675801
2124 1482.21494043
2125 1482.91310323
2126 1483.61124409
2127 1484.30936759
2128 1485.00747139
2129 1485.70555548
2130 1486.40361754
2131 1487.10166215
2132 1487.79968698
2133 1488.49769201
2134 1489.19567491
2135 1489.89364028
2136 1490.59158578
2137 1491.28950908
2138 1491.98741478
2139 1492.68530055
2140 1493.38316636
2141 1494.08100989
2142 1494.77883572
2143 1495.47664154
2144 1496.17442732
2145 1496.87219071
2146 1497.56993633
2147 1498.26766184
2148 1498.96536722
2149 1499.66305013
2150 1500.36071677
2151 1501.05836163
2152 1501.75598626
2153 1502.45358833
2154 1503.15117246
2155 1503.84873631
2156 1504.54627984
2157 1505.24380072
2158 1505.94130358
2159 1506.63878606
2160 1507.33624815
2161 1508.03368748
2162 1508.73110871
2163 1509.42850948
2164 1510.12588977
2165 1510.82324721
2166 1511.52058647
2167 1512.21790518
2168 1512.91520097
2169 1513.61247851
2170 1514.30973544
2171 1515.00697173
2172 1515.70418502
2173 1516.40137998
2174 1517.09855423
2175 1517.79570776
2176 1518.49283819
2177 1519.18995021
2178 1519.88704305
2179 1520.58411347
2180 1521.2811607
2181 1521.97818944
2182 1522.6751973
2183 1523.37218426
2184 1524.06914794
2185 1524.76609304
2186 1525.46301718
2187 1526.15992034
2188 1526.85680012
2189 1527.55366124
2190 1528.25050132
2191 1528.94732032
2192 1529.64411586
2193 1530.34089266
2194 1531.03764832
2195 1531.73438283
2196 1532.43109378
2197 1533.1277859
2198 1533.97231536
2199 1534.8169242
2200 1535.6616156
2201 1536.50638864
2202 1537.35124011
2203 1538.19617395
2204 1539.04118686
2205 1539.88628203
2206 1540.73145613
2207 1541.57671236
2208 1542.42204741
2209 1543.26746524
2210 1544.11296261
2211 1544.9585386
2212 1545.80419642
2213 1546.64993274
2214 1547.49575076
2215 1548.34164715
2216 1549.18762511
2217 1550.03368374
2218 1550.87981977
2219 1551.7260372
2220 1552.57233268
2221 1553.41870944
2222 1554.26516413
2223 1555.11169996
2224 1555.95831602
2225 1556.80500905
2226 1557.65178304
2227 1558.49863466
2228 1559.34556711
2229 1560.19257706
2230 1561.03966772
2231 1561.88683576
2232 1562.73408682
2233 1563.5814127
2234 1564.42881741
2235 1565.27630253
2236 1566.12386471
2237 1566.97150717
2238 1567.81922657
2239 1568.66702613
2240 1569.51490495
2241 1570.36285972
2242 1571.21089448
2243 1572.05900586
2244 1572.90719709
2245 1573.75546483
2246 1574.60381231
2247 1575.45223861
2248 1576.30074207
2249 1577.14932179
2250 1577.99797936
2251 1578.84671635
2252 1579.69552941
2253 1580.54442177
2254 1581.39339009
2255 1582.24244004
2256 1583.09156336
2257 1583.94076574
2258 1584.79004382
2259 1585.63939918
2260 1586.48883343
2261 1587.33834319
2262 1588.18793417
2263 1589.03759808
2264 1589.88734063
2265 1590.73715844
2266 1591.5870531
2267 1592.43702623
2268 1593.28707443
2269 1594.13720097
2270 1594.98740493
2271 1595.83768464
2272 1596.68803918
2273 1597.53847181
2274 1598.38897915
2275 1599.23956279
2276 1600.09022435
2277 1600.94096043
2278 1601.79177679
2279 1602.64266506
2280 1603.493631
2281 1604.34467122
2282 1605.19578732
2283 1606.0469809
2284 1606.89824858
2285 1607.74959612
2286 1608.60101514
2287 1609.4525114
2288 1610.30408151
2289 1611.15572875
2290 1612.00744971
2291 1612.859246
2292 1613.71111924
2293 1614.56306852
2294 1615.41509213
2295 1616.26718915
2296 1617.11936287
2297 1617.97160989
2298 1618.82393182
2299 1619.67633027
2300 1620.52880184
2301 1621.38135232
2302 1622.23397328
2303 1623.08667052
2304 1623.93944062
2305 1624.7922869
2306 1625.64520591
2307 1626.49819929
2308 1627.35127117
2309 1628.2044131
2310 1629.05763089
2311 1629.91092112
2312 1630.76428709
2313 1631.61772538
2314 1632.47123761
2315 1633.3248254
2316 1634.17848786
2317 1635.03222323
2318 1635.88603062
2319 1636.73991333
2320 1637.59386794
2321 1638.44789775
2322 1639.30199933
2323 1640.1561743
2324 1641.01042685
2325 1641.86474844
2326 1642.71914494
2327 1643.5736129
2328 1644.42815565
2329 1645.28276975
2330 1646.13745852
2331 1646.99222106
2332 1647.84705391
2333 1648.70196124
2334 1649.55693962
2335 1650.41199237
2336 1651.26711604
2337 1652.12231397
2338 1652.97758269
2339 1653.83292641
2340 1654.68834164
2341 1655.54382749
2342 1656.3993873
2343 1657.2550176
2344 1658.11072175
2345 1658.96649626
2346 1659.82234707
2347 1660.67826556
2348 1661.53425595
2349 1662.39031988
2350 1663.24645389
2351 1664.10266131
2352 1664.9589387
2353 1665.81528938
2354 1666.67171248
2355 1667.52820448
2356 1668.38476961
2357 1669.24140438
2358 1670.09811217
2359 1670.95488949
2360 1671.8117397
2361 1672.66865932
2362 1673.52565431
2363 1674.382716
2364 1675.23984863
2365 1676.09705385
2366 1676.95432819
2367 1677.81167501
2368 1678.66909082
2369 1679.52658159
2370 1680.38413863
2371 1681.2417662
2372 1682.09946595
2373 1682.95723439
2374 1683.8150749
2375 1684.67298399
2376 1685.53096502
2377 1686.38901712
2378 1687.24713843
2379 1688.10532808
2380 1688.96358773
2381 1689.82191902
2382 1690.68031848
2383 1691.53878947
2384 1692.39732849
2385 1693.25594156
2386 1694.11461992
2387 1694.97336959
2388 1695.83218705
2389 1696.69107397
2390 1697.55003202
2391 1698.40905769
2392 1699.268157
2393 1700.12732118
2394 1700.98655625
2395 1701.8458587
2396 1702.7052302
2397 1703.56467242
2398 1704.42418184
2399 1705.28376187
2400 1706.14341161
2401 1707.0031292
2402 1707.86291376
2403 1708.72276868
2404 1709.58269045
2405 1710.44268073
2406 1711.30274121
2407 1712.16287101
2408 1713.02306824
2409 1713.88333201
2410 1714.74366575
2411 1715.60406591
2412 1716.46453419
2413 1717.32507225
2414 1718.18567656
2415 1719.0463532
2416 1719.90709332
2417 1720.767903
2418 1721.62877869
2419 1722.48972382
2420 1723.35073484
2421 1724.21181345
2422 1725.07296132
2423 1725.93417758
2424 1726.79546033
2425 1727.65680867
2426 1728.51822605
2427 1729.37970892
2428 1730.24125895
2429 1731.10287785
2430 1731.96456473
2431 1732.82631768
2432 1733.68813582
2433 1734.55002259
2434 1735.41197444
2435 1736.27399479
2436 1737.1360801
2437 1737.99823206
2438 1738.86045505
2439 1739.72274013
2440 1740.58509344
2441 1741.4475114
2442 1742.30999748
2443 1743.1725481
2444 1744.03516496
2445 1744.89784976
2446 1745.76060163
2447 1746.62341862
2448 1747.48629986
2449 1748.34924881
2450 1749.21226189
2451 1750.07534257
2452 1750.93848726
2453 1751.80170039
2454 1752.66497822
2455 1753.5283199
2456 1754.39172888
2457 1755.25520159
2458 1756.11874149
2459 1756.98234499
2460 1757.84601558
2461 1758.70975237
2462 1759.57355165
2463 1760.43741783
2464 1761.30134732
2465 1762.16534361
2466 1763.0294031
2467 1763.89352927
2468 1764.75771851
2469 1765.62197529
2470 1766.48629584
2471 1767.35067929
2472 1768.21512914
2473 1769.07964179
2474 1769.94422071
2475 1770.8088623
2476 1771.6735728
2477 1772.53834312
2478 1773.40317772
2479 1774.26807831
2480 1775.13304129
2481 1775.99807014
2482 1776.86316127
2483 1777.72831816
2484 1778.59353996
2485 1779.45882288
2486 1780.3241714
2487 1781.18958189
2488 1782.05505787
2489 1782.92059572
2490 1783.78619893
2491 1784.65186665
2492 1785.51759687
2493 1786.38338872
2494 1787.24924393
2495 1788.11516422
2496 1788.98114598
2497 1789.8471927
2498 1790.71330078
2499 1791.57947647
2500 1792.44571064
2501 1793.31200776
2502 1794.17836957
2503 1795.04479243
2504 1795.91127987
2505 1796.77782826
2506 1797.64444111
2507 1798.51111756
2508 1799.37785559
2509 1800.24465432
2510 1801.11151551
2511 1801.97844087
2512 1802.84542678
2513 1803.71247675
2514 1804.57958994
2515 1805.44676429
2516 1806.31399896
2517 1807.18129567
2518 1808.04865617
2519 1808.91607681
2520 1809.78356112
2521 1810.65110546
2522 1811.51871615
2523 1812.38638396
2524 1813.25411522
2525 1814.12190628
2526 1814.98975887
2527 1815.85767474
2528 1816.72565024
2529 1817.5936889
2530 1818.46178989
2531 1819.32995112
2532 1820.19817175
2533 1821.06645533
2534 1821.93479818
2535 1822.80320207
2536 1823.67166873
2537 1824.54019732
2538 1825.40878576
2539 1826.2774332
2540 1827.14614319
2541 1828.01491206
2542 1828.88374157
2543 1829.75263346
2544 1830.62158407
2545 1831.49059977
2546 1832.35967125
2547 1833.2288049
2548 1834.09799703
2549 1834.9672512
2550 1835.83656376
2551 1836.70593644
2552 1837.57537384
2553 1838.44486661
2554 1839.31442114
2555 1840.18403377
2556 1841.05370806
2557 1841.92344033
2558 1842.79323233
2559 1843.66308583
2560 1844.53299998
2561 1845.40297266
2562 1846.27300304
2563 1847.04475076
2564 1847.81647641
2565 1848.58818176
2566 1849.35986856
2567 1850.13153314
2568 1850.9031744
2569 1851.67479982
2570 1852.44640285
2571 1853.21798525
2572 1853.98954881
2573 1854.76108981
2574 1855.53261185
2575 1856.30411124
2576 1857.07558973
2577 1857.84704912
2578 1858.61848568
2579 1859.3899012
2580 1860.16129744
2581 1860.93267071
2582 1861.70402277
2583 1862.4753554
2584 1863.24666489
2585 1864.01795197
2586 1864.78921868
2587 1865.56046392
2588 1866.33168948
2589 1867.10289163
2590 1867.87407215
2591 1868.64523283
2592 1869.41636994
2593 1870.18748527
2594 1870.95858059
2595 1871.7296522
2596 1872.50070369
2597 1873.27173136
2598 1874.04273698
2599 1874.81372234
2600 1875.58468372
2601 1876.35562289
2602 1877.12653874
2603 1877.89743335
2604 1878.6683056
2605 1879.43915728
2606 1880.20998465
2607 1880.98079135
2608 1881.75157364
2609 1882.52233331
2610 1883.29307215
2611 1884.06378642
2612 1884.83447792
2613 1885.60514843
2614 1886.37579422
2615 1887.14641708
2616 1887.9170188
2617 1888.68759564
2618 1889.45815124
2619 1890.22867894
2620 1890.99918636
2621 1891.76967239
2622 1892.54013327
2623 1893.31057081
2624 1894.08098681
2625 1894.8513775
2626 1895.6217447
2627 1896.39209019
2628 1897.16241023
2629 1897.93270846
2630 1898.70298114
2631 1899.47323006
2632 1900.24345703
2633 1901.01365828
2634 1901.78383562
2635 1902.55399084
2636 1903.32411726
2637 1904.09422256
2638 1904.86430559
2639 1905.6343626
2640 1906.40439725
2641 1907.17440576
2642 1907.94438996
2643 1908.71435164
2644 1909.48428704
2645 1910.25419797
2646 1911.02408623
2647 1911.79394805
2648 1912.56378525
2649 1913.33359962
2650 1914.10338741
2651 1914.87315228
2652 1915.64289045
2653 1916.41260079
2654 1917.18229101
2655 1917.95195438
2656 1918.72159272
2657 1919.49120784
2658 1920.26079596
2659 1921.0303589
2660 1921.79989846
2661 1922.56941087
2662 1923.3388998
2663 1924.10836148
2664 1924.87779773
2665 1925.64721035
2666 1926.41659556
2667 1927.18595518
2668 1927.95529103
2669 1928.72459932
2670 1929.49387888
2671 1930.26313751
2672 1931.03236842
2673 1931.80157531
2674 1932.57075438
2675 1933.33990746
2676 1934.10903638
2677 1934.87813732
2678 1935.64721212
2679 1936.41626261
2680 1937.18528497
2681 1937.95428104
2682 1938.72325265
2683 1939.49219598
2684 1940.26111475
2685 1941.03000514
2686 1941.798869
2687 1942.56770513
2688 1943.33651575
2689 1944.10529967
2690 1944.87405873
2691 1945.64278911
2692 1946.41149266
2693 1947.18017119
2694 1947.9488209
2695 1948.7174455
2696 1949.48604118
2697 1950.25460977
2698 1951.0231531
2699 1951.79166735
2700 1952.56015437
2701 1953.32861599
2702 1954.09704838
2703 1954.86545338
2704 1955.63382981
2705 1956.40217989
2706 1957.17050432
2707 1957.93879928
2708 1958.7070666
2709 1959.47530813
2710 1960.24352004
2711 1961.01170416
2712 1961.77986235
2713 1962.54799076
2714 1963.31609125
2715 1964.08416564
2716 1964.85221012
2717 1965.62022841
2718 1966.38821669
2719 1967.15617679
2720 1967.92411056
2721 1968.69201112
2722 1969.4598864
2723 1970.22773521
2724 1970.9955537
2725 1971.76334373
2726 1972.53110713
2727 1973.29884007
2728 1974.0665463
2729 1974.83422196
2730 1975.60186891
2731 1976.369489
2732 1977.13707839
2733 1977.90463891
2734 1978.67217243
2735 1979.43967509
2736 1980.20714875
2737 1980.97459527
2738 1981.74200771
2739 1982.50939597
2740 1983.27675313
2741 1984.04408105
2742 1984.81138158
2743 1985.57865086
2744 1986.34589074
2745 1987.1131031
2746 1987.88028406
2747 1988.64743549
2748 1989.41455925
2749 1990.18165146
2750 1990.9487159
2751 1991.71574871
2752 1992.48275174
2753 1993.24972685
2754 1994.01667019
2755 1994.78358052
2756 1995.55046587
2757 1996.3173193
2758 1997.08414267
2759 1997.85093783
2760 1998.61770093
2761 1999.38443573
2762 2000.15113836
2763 2000.91781069
2764 2001.68445458
2765 2002.45106616
2766 2003.21764729
2767 2003.98419985
2768 2004.75071994
2769 2005.51720945
2770 2006.28367024
2771 2007.05009843
2772 2007.81649781
2773 2008.58286138
2774 2009.34919723
2775 2010.11550412
2776 2010.88177817
2777 2011.64802126
2778 2012.41423525
2779 2013.18041625
2780 2013.94656614
2781 2014.7126868
2782 2015.47877433
2783 2016.24483253
2784 2017.01085751
2785 2017.77685114
2786 2018.5428153
2787 2019.30874609
2788 2020.0746454
2789 2020.84051509
2790 2021.60634815
2791 2022.37215271
2792 2023.13792752
2793 2023.90366867
2794 2024.66937998
2795 2025.43505755
2796 2026.20070326
2797 2026.96631898
2798 2027.73190081
2799 2028.49745064
2800 2029.26297035
2801 2030.02845603
2802 2030.79390957
2803 2031.55933284
2804 2032.32472195
2805 2033.0900807
2806 2033.85540519
2807 2034.62069415
2808 2035.38595577
2809 2036.15118298
2810 2036.91637768
2811 2037.68154174
2812 2038.44667126
2813 2039.21176813
2814 2039.97683422
2815 2040.74186563
2816 2041.50686619
2817 2042.27183196
2818 2043.03676484
2819 2043.80166673
2820 2044.5665337
2821 2045.33136763
2822 2046.09617044
2823 2046.86093819
2824 2047.6256696
2825 2048.39037291
2826 2049.15504102
2827 2049.91967777
2828 2050.68427922
2829 2051.44884728
2830 2052.21338384
2831 2052.97788497
2832 2053.74235257
2833 2054.50678853
2834 2055.27118892
2835 2056.03555564
2836 2056.79989059
2837 2057.56418983
2838 2058.32845721
2839 2059.09268878
2840 2059.85688646
2841 2060.62104895
2842 2061.38517869
2843 2062.14927439
2844 2062.91333796
2845 2063.67736545
2846 2064.44135877
2847 2065.20531982
2848 2065.96924466
2849 2066.73313714
2850 2067.4969933
2851 2068.26081507
2852 2069.02460435
2853 2069.78835718
2854 2070.55207547
2855 2071.31576114
2856 2072.07941023
2857 2072.84302464
2858 2073.60660309
2859 2074.37014802
2860 2075.1336601
2861 2075.89713537
2862 2076.66057574
2863 2077.42398313
2864 2078.18735357
2865 2078.95068898
2866 2079.71399127
2867 2080.47725647
2868 2081.24048651
2869 2082.0036833
2870 2082.76684287
2871 2083.5299691
2872 2084.29305801
2873 2085.05611154
2874 2085.81913159
2875 2086.58211097
2876 2087.34505804
2877 2088.10797152
2878 2088.87084741
2879 2089.63368764
2880 2090.39649413
2881 2091.15926291
2882 2091.92199786
2883 2092.684695
2884 2093.44735626
2885 2094.20998356
2886 2094.97257292
2887 2095.73512627
2888 2096.49764552
2889 2097.2601267
2890 2098.02257172
2891 2098.78498253
2892 2099.54735188
2893 2100.30969016
2894 2101.07199015
2895 2101.83425376
2896 2102.59648293
2897 2103.35867367
2898 2104.12082791
2899 2104.88294758
2900 2105.64502867
2901 2106.40707313
2902 2107.16908289
2903 2107.93105395
2904 2108.69299022
2905 2109.4548877
2906 2110.21674833
2907 2110.97857403
2908 2111.74036081
2909 2112.50210734
2910 2113.26382208
2911 2114.02549777
2912 2114.78713634
2913 2115.54873973
2914 2116.31030394
2915 2117.07183287
2916 2117.83332254
2917 2118.59477486
2918 2119.35619179
2919 2120.11756931
2920 2120.87890936
2921 2121.64021389
2922 2122.40147888
2923 2123.16270627
2924 2123.92389801
2925 2124.68505007
2926 2125.44616311
2927 2126.20723967
2928 2126.96827842
2929 2127.7292813
2930 2128.63818568
2931 2129.54713729
2932 2130.45614134
2933 2131.36519379
2934 2132.27430187
2935 2133.18345494
2936 2134.09265822
2937 2135.00191364
2938 2135.91122047
2939 2136.82057403
2940 2137.72997956
2941 2138.639433
2942 2139.5489416
2943 2140.45849468
2944 2141.3680975
2945 2142.27775198
2946 2143.18745739
2947 2144.09721103
2948 2145.00701217
2949 2145.91686605
2950 2146.82676798
2951 2147.73671722
2952 2148.64671571
2953 2149.55676871
2954 2150.46686552
2955 2151.37701339
2956 2152.28720827
2957 2153.19745543
2958 2154.10775015
2959 2155.0180917
2960 2155.92848201
2961 2156.83892636
2962 2157.74941403
2963 2158.65995229
2964 2159.57053707
2965 2160.48117366
2966 2161.39185732
2967 2162.30258733
2968 2163.21336763
2969 2164.12419749
2970 2165.03507218
2971 2165.94599699
2972 2166.85697118
2973 2167.76799002
2974 2168.6790588
2975 2169.59017343
2976 2170.50134124
2977 2171.41255144
2978 2172.32380932
2979 2173.23511685
2980 2174.1464733
2981 2175.0578739
2982 2175.96932396
2983 2176.8808194
2984 2177.79236756
2985 2178.70395761
2986 2179.61559488
2987 2180.52728131
2988 2181.4390162
2989 2182.35079677
2990 2183.26262229
2991 2184.17449474
2992 2185.08641943
2993 2185.99838553
2994 2186.91039837
2995 2187.82246329
2996 2188.73456943
2997 2189.64672415
2998 2190.55892336
2999 2191.47117239
3000 2192.38346644
3001 2193.29580479
3002 2194.20818941
3003 2195.12062565
3004 2196.03310263
3005 2196.94562771
3006 2197.8581968
3007 2198.77081526
3008 2199.68347825
3009 2200.59618507
3010 2201.50893972
3011 2202.42174147
3012 2203.33458549
3013 2204.24747716
3014 2205.16041236
3015 2206.07339646
3016 2206.98642463
3017 2207.89949615
3018 2208.81261843
3019 2209.72578053
3020 2210.63898784
3021 2211.55224232
3022 2212.46554328
3023 2213.37888584
3024 2214.29227541
3025 2215.20570786
3026 2216.11919062
3027 2217.03271271
3028 2217.94627954
3029 2218.85989308
3030 2219.77355264
3031 2220.68725536
3032 2221.60100054
3033 2222.51479017
3034 2223.42862965
3035 2224.34250799
3036 2225.25643059
3037 2226.17039944
3038 2227.08441384
3039 2227.99847094
3040 2228.91257003
3041 2229.82671653
3042 2230.74090556
3043 2231.6551364
3044 2232.56941104
3045 2233.48373491
3046 2234.39809698
3047 2235.31250471
3048 2236.22695398
3049 2237.1414502
3050 2238.05598847
3051 2238.97056808
3052 2239.88519308
3053 2240.79986276
3054 2241.71457221
3055 2242.62932687
3056 2243.54412258
3057 2244.4589648
3058 2245.37384859
3059 2246.28877327
3060 2247.20374286
3061 2248.11875669
3062 2249.0338098
3063 2249.94890767
3064 2250.86404959
3065 2251.77923062
3066 2252.69445624
3067 2253.60972226
3068 2254.52503623
3069 2255.44038701
3070 2256.35578009
3071 2257.27121746
3072 2258.18669843
3073 2259.1022201
3074 2260.01778178
3075 2260.93338546
3076 2261.84903663
3077 2262.76472415
3078 2263.6804535
3079 2264.59622669
3080 2265.51204303
3081 2266.42789959
3082 2267.3437957
3083 2268.25973335
3084 2269.17571805
3085 2270.09173862
3086 2271.00780056
3087 2271.92390938
3088 2272.8400539
3089 2273.75624168
3090 2274.67246854
3091 2275.58874
3092 2276.50505104
3093 2277.42140099
3094 2278.33779392
3095 2279.25422916
3096 2280.17070168
3097 2281.08721701
3098 2282.00377097
3099 2282.92036907
3100 2283.83700629
3101 2284.75368196
3102 2285.67040015
3103 2286.5871602
3104 2287.50395708
3105 2288.4207963
3106 2289.33767369
3107 2290.25459478
3108 2291.17155453
3109 2292.08855227
3110 2293.00559562
3111 2293.9226733
3112 2294.83979088
3113 2295.75695036
3114 2296.67415108
3115 2297.59139006
3116 2298.50866662
3117 2299.42598279
3118 2300.34334412
3119 2301.26073933
3120 2302.17817397
3121 2303.09565007
3122 2304.01316696
3123 2304.93072165
3124 2305.84831346
3125 2306.76594443
3126 2307.68362013
3127 2308.60132923
3128 2309.51907732
3129 2310.43686641
3130 2311.35469585
3131 2312.27256263
3132 2313.19046608
3133 2314.1084118
3134 2315.02639468
3135 2315.94441406
3136 2316.86247406
3137 2317.78057402
3138 2318.69870883
3139 2319.61688408
3140 2320.53509556
3141 2321.45334887
3142 2322.37163887
3143 2323.28996493
3144 2324.20833116
3145 2325.12673691
3146 2326.04517705
3147 2326.96365718
3148 2327.88217309
3149 2328.80073038
3150 2329.71932393
3151 2330.63795307
3152 2331.55662193
3153 2332.47532988
3154 2333.39407175
3155 2334.31285318
3156 2335.23167353
3157 2336.15052972
3158 2337.06942112
3159 2337.98834976
3160 2338.90732128
3161 2339.82632424
3162 2340.74536427
3163 2341.66444342
3164 2342.58356104
3165 2343.50271406
3166 2344.42190183
3167 2345.3411264
3168 2346.26039341
3169 2347.17969141
3170 2348.09902603
3171 2349.01839932
3172 2349.93781065
3173 2350.85725693
3174 2351.77673751
3175 2352.69625444
3176 2353.61581339
3177 2354.53540286
3178 2355.45503062
3179 2356.37469603
3180 2357.29439389
3181 2358.21412987
3182 2359.1338997
3183 2360.05370908
3184 2360.97355279
3185 2361.89343019
3186 2362.81334543
3187 2363.73329789
3188 2364.65328235
3189 2365.57330449
3190 2366.49336004
3191 2367.41345471
3192 2368.33358325
3193 2369.25374503
3194 2370.17394423
3195 2371.09418021
3196 2372.01444773
3197 2372.9347525
3198 2373.85509389
3199 2374.77546877
3200 2375.6958765
3201 2376.61631915
3202 2377.53680243
3203 2378.45731475
3204 2379.37786182
3205 2380.29844569
3206 2381.21906576
3207 2382.13971886
3208 2383.06040438
3209 2383.98112438
3210 2384.90188458
3211 2385.82267336
3212 2386.74349646
3213 2387.66435593
3214 2388.58525116
3215 2389.50617898
3216 2390.42713878
3217 2391.34813262
3218 2392.26916623
3219 2393.19022799
3220 2394.11132361
3221 2395.03245886
3222 2395.95362207
3223 2396.87482111
3224 2397.79605169
3225 2398.71731956
3226 2399.63861942
3227 2400.55995064
3228 2401.48131742
3229 2402.40271916
3230 2403.32415054
3231 2404.24561732
3232 2405.16711519
3233 2406.08864993
3234 2407.01021621
3235 2407.93181343
3236 2408.85344577
3237 2409.77511265
3238 2410.69680871
3239 2411.61853975
3240 2412.54030144
3241 2413.46209958
3242 2414.38392881
3243 2415.30578855
3244 2416.22768669
3245 2417.14961152
3246 2418.0715688
3247 2418.99356063
3248 2419.91558639
3249 2420.83764288
3250 2421.75972948
3251 2422.68184827
3252 2423.60400505
3253 2424.52618807
3254 2425.44840312
3255 2426.37065228
3256 2427.29293496
3257 2428.21524791
3258 2429.13759055
3259 2430.05996495
3260 2430.98237693
3261 2431.90481469
3262 2432.82728406
3263 2433.7497871
3264 2434.67232325
3265 2435.59488924
3266 2436.51748447
3267 2437.44011478
3268 2438.36277477
3269 2439.28546384
3270 2440.20818623
3271 2441.13094134
3272 2442.05372377
3273 2442.97653935
3274 2443.89938375
3275 2444.82226281
3276 2445.74517111
3277 2446.66810807
3278 2447.59107791
3279 2448.51408006
3280 2449.43710909
3281 2450.36017085
3282 2451.283261
3283 2452.20638539
3284 2453.12953859
3285 2454.05272001
3286 2454.9759339
3287 2455.89917967
3288 2456.82245189
3289 2457.74575642
3290 2458.66909267
3291 2459.59245736
3292 2460.5158499
3293 2461.43927238
3294 2462.4901555
3295 2463.54112651
3296 2464.59219129
3297 2465.64334976
3298 2466.6946078
3299 2467.74595346
3300 2468.79739263
3301 2469.84892903
3302 2470.90055716
3303 2471.95227644
3304 2473.00408897
3305 2474.05599847
3306 2475.10799944
3307 2476.1600913
3308 2477.21227615
3309 2478.26455988
3310 2479.3169305
3311 2480.36939392
3312 2481.42195387
3313 2482.47460483
3314 2483.52734623
3315 2484.58018016
3316 2485.63311037
3317 2486.68613133
3318 2487.73924248
3319 2488.79244971
3320 2489.84574534
3321 2490.89913528
3322 2491.95261514
3323 2493.00619084
3324 2494.05985683
3325 2495.11361256
3326 2496.16746393
3327 2497.22140323
3328 2498.2754364
3329 2499.32955904
3330 2500.38377708
3331 2501.43808279
3332 2502.49248211
3333 2503.54697063
3334 2504.60155431
3335 2505.6562254
3336 2506.71098984
3337 2507.76584708
3338 2508.82079153
3339 2509.87582914
3340 2510.93095551
3341 2511.9861766
3342 2513.04148463
3343 2514.09688558
3344 2515.15237888
3345 2516.20795894
3346 2517.26362954
3347 2518.3193928
3348 2519.37524816
3349 2520.43119002
3350 2521.48722216
3351 2522.54334671
3352 2523.59956311
3353 2524.65586575
3354 2525.7122606
3355 2526.76874711
3356 2527.82531967
3357 2528.88198207
3358 2529.93873642
3359 2530.9955822
3360 2532.05251375
3361 2533.10953489
3362 2534.16665162
3363 2535.22385176
3364 2536.2811413
3365 2537.33852017
3366 2538.39599438
3367 2539.45355174
3368 2540.51119825
3369 2541.56893773
3370 2542.62676452
3371 2543.68467809
3372 2544.74268055
3373 2545.80077792
3374 2546.85895797
3375 2547.91722674
3376 2548.97558414
3377 2550.03403621
3378 2551.0925707
3379 2552.15119365
3380 2553.20990889
3381 2554.26871074
3382 2555.32759866
3383 2556.38657479
3384 2557.44564296
3385 2558.50479748
3386 2559.56403782
3387 2560.62337002
3388 2561.68278839
3389 2562.74229238
3390 2563.80188413
3391 2564.8615675
3392 2565.92133677
3393 2566.98119142
3394 2568.04113358
3395 2569.10116711
3396 2570.16128628
3397 2571.22149058
3398 2572.28178607
3399 2573.34216482
3400 2574.40263289
3401 2575.46318584
3402 2576.52382973
3403 2577.58455882
3404 2578.64537259
3405 2579.70627712
3406 2580.76726447
3407 2581.8283407
3408 2582.88950137
3409 2583.95075255
3410 2585.01208628
3411 2586.07350866
3412 2587.13501917
3413 2588.19661204
3414 2589.25829117
3415 2590.32005869
3416 2591.38191409
3417 2592.44385161
3418 2593.50587733
3419 2594.56798679
3420 2595.6301861
3421 2596.69246726
3422 2597.75483638
3423 2598.81729296
3424 2599.8798312
3425 2600.942455
3426 2602.00516652
3427 2603.06796526
3428 2604.1308454
3429 2605.19381086
3430 2606.25686776
3431 2607.32000368
3432 2608.38322472
3433 2609.44653084
3434 2610.50992817
3435 2611.57340424
3436 2612.63696521
3437 2613.7006132
3438 2614.76434774
3439 2615.82816299
3440 2616.89206287
3441 2617.95605354
3442 2619.02012251
3443 2620.08427594
3444 2621.14851375
3445 2622.21284211
3446 2623.27724852
3447 2624.34173914
3448 2625.4063179
3449 2626.47097896
3450 2627.53572182
3451 2628.60054863
3452 2629.66546558
3453 2630.73046012
3454 2631.79553844
3455 2632.86070449
3456 2633.92595239
3457 2634.99128166
3458 2636.05669446
3459 2637.12219474
3460 2638.18777662
3461 2639.25343963
3462 2640.31918591
3463 2641.38501945
3464 2642.45093433
3465 2643.51693009
3466 2644.58301291
3467 2645.6491769
3468 2646.71542158
3469 2647.78174911
3470 2648.84816346
3471 2649.91465873
3472 2650.98123444
3473 2652.0478968
3474 2653.11463766
3475 2654.18146323
3476 2655.24836899
3477 2656.31536117
3478 2657.38243159
3479 2658.44958648
3480 2659.51682132
3481 2660.58414233
3482 2661.65154133
3483 2662.71902457
3484 2663.78659156
3485 2664.85423637
3486 2665.92196521
3487 2666.98977358
3488 2668.0576677
3489 2669.12563938
3490 2670.19369486
3491 2671.26183368
3492 2672.33004988
3493 2673.39834746
3494 2674.4667286
3495 2675.53519284
3496 2676.60373421
3497 2677.67235672
3498 2678.74106663
3499 2679.80985123
3500 2680.8787168
3501 2681.9476655
3502 2683.01669689
3503 2684.08580496
3504 2685.15499375
3505 2686.22426544
3506 2687.29361957
3507 2688.36305014
3508 2689.43256119
3509 2690.50215898
3510 2691.57183079
3511 2692.64158289
3512 2693.71141523
3513 2694.78133407
3514 2695.85132669
3515 2696.92139935
3516 2697.99155835
3517 2699.06179093
3518 2700.13210337
3519 2701.20249563
3520 2702.27297399
3521 2703.34352568
3522 2704.41415699
3523 2705.48486788
3524 2706.55566463
3525 2707.62653446
3526 2708.69748368
3527 2709.76851635
3528 2710.83962641
3529 2711.91081343
3530 2712.98207959
3531 2714.05343121
3532 2715.12485548
3533 2716.19635871
3534 2717.26794498
3535 2718.33960822
3536 2719.41134799
3537 2720.48316648
3538 2721.55506777
3539 2722.62704579
3540 2723.69910009
3541 2724.77123702
3542 2725.84344824
3543 2726.91574007
3544 2727.98810795
3545 2729.06055823
3546 2730.13308254
3547 2731.20568724
3548 2732.27836774
3549 2733.3511304
3550 2734.42396911
3551 2735.49688345
3552 2736.56987978
3553 2737.64294971
3554 2738.71609961
3555 2739.7893249
3556 2740.86263194
3557 2741.93601234
3558 2743.00947247
3559 2744.08301192
3560 2745.15662455
3561 2746.23031447
3562 2747.30408388
3563 2748.37793237
3564 2749.4518538
3565 2750.52585455
3566 2751.59993002
3567 2752.67408661
3568 2753.74831588
3569 2754.82262424
3570 2755.89701128
3571 2756.97147082
3572 2758.046007
3573 2759.12062202
3574 2760.19531548
3575 2761.27008121
3576 2762.34492334
3577 2763.41984827
3578 2764.49484301
3579 2765.56991398
3580 2766.64506338
3581 2767.72029081
3582 2768.79559009
3583 2769.87096535
3584 2770.94642301
3585 2772.02195006
3586 2773.09755292
3587 2774.17323152
3588 2775.2489923
3589 2776.32482223
3590 2777.40072772
3591 2778.47670872
3592 2779.55277168
3593 2780.62890353
3594 2781.70511072
3595 2782.78139968
3596 2783.85775736
3597 2784.9341902
3598 2786.01069814
3599 2787.08728762
3600 2788.16394559
3601 2789.24067847
3602 2790.31749045
3603 2791.39437529
3604 2792.47133259
3605 2793.54836457
3606 2794.62547543
3607 2795.7026589
3608 2796.7799146
3609 2797.85724476
3610 2798.93465355
3611 2800.01213472
3612 2801.08968788
3613 2802.16731952
3614 2803.24502334
3615 2804.32279899
3616 2805.40064868
3617 2806.47857661
3618 2807.55657649
3619 2808.63464796
3620 2809.7127975
3621 2810.79101653
3622 2811.86931154
3623 2812.9476779
3624 2814.0261221
3625 2815.10463555
3626 2816.18322475
3627 2817.26188934
3628 2818.34062299
3629 2819.41943222
3630 2820.49831239
3631 2821.57727001
3632 2822.65629645
3633 2823.73539824
3634 2824.81457073
3635 2825.89382044
3636 2826.97313875
3637 2828.05253217
3638 2829.13200034
3639 2830.21153693
3640 2831.29114617
3641 2832.37083028
3642 2833.45058893
3643 2834.53041575
3644 2835.61031729
3645 2836.69029318
3646 2837.77033707
3647 2838.8504532
3648 2839.93064381
3649 2841.01090855
3650 2842.09124105
3651 2843.17164556
3652 2844.25212863
3653 2845.33267698
3654 2846.41329717
3655 2847.49398913
3656 2848.57475943
3657 2849.65559478
3658 2850.73650173
3659 2851.62468079
3660 2852.51283898
3661 2853.40098086
3662 2854.28910609
3663 2855.1772106
3664 2856.06529407
3665 2856.95336104
3666 2857.84140689
3667 2858.72943616
3668 2859.61744421
3669 2860.50543561
3670 2861.3934057
3671 2862.28135906
3672 2863.16929536
3673 2864.0572105
3674 2864.94510416
3675 2865.83298092
3676 2866.72083611
3677 2867.60867431
3678 2868.49649087
3679 2869.38429034
3680 2870.27206809
3681 2871.15982868
3682 2872.0475718
3683 2872.93529332
3684 2873.82299526
3685 2874.71067525
3686 2875.59833786
3687 2876.48597845
3688 2877.37360159
3689 2878.26120261
3690 2879.1487861
3691 2880.03634738
3692 2880.92389541
3693 2881.81141679
3694 2882.69892047
3695 2883.58640178
3696 2884.47386531
3697 2885.36130638
3698 2886.24872958
3699 2887.13613025
3700 2888.02351296
3701 2888.91087305
3702 2889.79821948
3703 2890.68553883
3704 2891.57284006
3705 2892.4601185
3706 2893.34737874
3707 2894.23461611
3708 2895.12183519
3709 2896.00903131
3710 2896.89620907
3711 2897.78336378
3712 2898.67050444
3713 2899.55761758
3714 2900.44471219
3715 2901.33178358
3716 2902.21883637
3717 2903.10586586
3718 2903.99287666
3719 2904.87986408
3720 2905.76683272
3721 2906.6537779
3722 2907.54070862
3723 2908.4276114
3724 2909.31449523
3725 2910.20135544
3726 2911.08819662
3727 2911.97501409
3728 2912.86181246
3729 2913.74858704
3730 2914.63534242
3731 2915.52207393
3732 2916.40878617
3733 2917.29547887
3734 2918.1821478
3735 2919.06879269
3736 2919.95541814
3737 2920.8420218
3738 2921.72860129
3739 2922.61516123
3740 2923.50169691
3741 2924.38821296
3742 2925.27470468
3743 2926.16118111
3744 2927.0476287
3745 2927.93405649
3746 2928.82045979
3747 2929.7068432
3748 2930.59320204
3749 2931.47954092
3750 2932.36585513
3751 2933.25214931
3752 2934.13841874
3753 2935.02467249
3754 2935.91089698
3755 2936.79710126
3756 2937.68328064
3757 2938.56943973
3758 2939.45557383
3759 2940.34168758
3760 2941.22777625
3761 2942.11384447
3762 2942.99988755
3763 2943.88591455
3764 2944.77191187
3765 2945.65788858
3766 2946.54383998
3767 2947.42977069
3768 2948.31567601
3769 2949.20156056
3770 2950.08741963
3771 2950.97325786
3772 2951.85907053
3773 2952.74486674
3774 2953.63063285
3775 2954.51637795
3776 2955.40209732
3777 2956.28779562
3778 2957.17346811
3779 2958.05911944
3780 2958.94474488
3781 2959.83034908
3782 2960.71592732
3783 2961.60148872
3784 2962.48701958
3785 2963.37252905
3786 2964.25801239
3787 2965.14347425
3788 2966.02891225
3789 2966.914324
3790 2967.79971415
3791 2968.68507797
3792 2969.57042011
3793 2970.45574034
3794 2971.34103432
3795 2972.22630181
3796 2973.11154746
3797 2973.99676655
3798 2974.88196372
3799 2975.76713424
3800 2976.65228276
3801 2977.53740456
3802 2978.42250429
3803 2979.30758171
3804 2980.19263248
3805 2981.07765635
3806 2981.962658
3807 2982.84763268
3808 2983.73258505
3809 2984.61751037
3810 2985.50241331
3811 2986.38728911
3812 2987.27214246
3813 2988.15697311
3814 2989.04177671
3815 2989.92655301
3816 2990.8113067
3817 2991.69603302
3818 2992.58073664
3819 2993.46541282
3820 2994.35006622
3821 2995.23469209
3822 2996.11929511
3823 2997.00387506
3824 2997.88842755
3825 2998.77295235
3826 2999.65745414
3827 3000.54192817
3828 3001.42637912
3829 3002.31080222
3830 3003.19520216
3831 3004.07957418
3832 3004.96392295
3833 3005.84824373
3834 3006.73254574
3835 3007.61681512
3836 3008.50106111
3837 3009.38527894
3838 3010.2694733
3839 3011.15364179
3840 3012.037782
3841 3012.92189862
3842 3013.8059869
3843 3014.6900515
3844 3015.57409224
3845 3016.45810468
3846 3017.3420886
3847 3018.22604871
3848 3019.10998023
3849 3019.99388786
3850 3020.87776682
3851 3021.76162181
3852 3022.64544806
3853 3023.52925026
3854 3024.41302821
3855 3025.29677747
3856 3026.18049783
3857 3027.06419398
3858 3027.94786116
3859 3028.83150407
3860 3029.71511792
3861 3030.59870741
3862 3031.48226778
3863 3032.36580372
3864 3033.24931503
3865 3034.13279726
3866 3035.0162502
3867 3035.89967856
3868 3036.78307755
3869 3037.66645189
3870 3038.54979679
3871 3039.43311695
3872 3040.3164076
3873 3041.19967344
3874 3042.08291429
3875 3042.96612565
3876 3043.84930734
3877 3044.73246408
3878 3045.61559106
3879 3046.49869302
3880 3047.38176514
3881 3048.26481216
3882 3049.14782928
3883 3050.03082121
3884 3050.91378777
3885 3051.79672447
3886 3052.67963111
3887 3053.56251241
3888 3054.44536358
3889 3055.32818935
3890 3056.21098729
3891 3057.09375498
3892 3057.97649715
3893 3058.85920899
3894 3059.74189987
3895 3060.62455572
3896 3061.50718591
3897 3062.38978562
3898 3063.27235958
3899 3064.15490299
3900 3065.03742059
3901 3065.91990755
3902 3066.80236862
3903 3067.68479899
3904 3068.56720803
3905 3069.44958166
3906 3070.33192924
3907 3071.21424597
3908 3072.09653658
3909 3072.97879627
3910 3073.86102976
3911 3074.74323224
3912 3075.62540847
3913 3076.50755361
3914 3077.38967706
3915 3078.27176471
3916 3079.15382595
3917 3080.03585596
3918 3080.91785948
3919 3081.79983169
3920 3082.68177734
3921 3083.56369162
3922 3084.44557926
3923 3085.32743544
3924 3086.20926492
3925 3087.09106753
3926 3087.9728387
3927 3088.85457826
3928 3089.73629097
3929 3090.617972
3930 3091.4996261
3931 3092.38124844
3932 3093.26284379
3933 3094.1444073
3934 3095.02594375
3935 3095.90745297
3936 3096.78893036
3937 3097.67037578
3938 3098.55179397
3939 3099.43318012
3940 3100.31453897
3941 3101.19586809
3942 3102.07716506
3943 3102.95843462
3944 3103.83967194
3945 3104.72088648
3946 3105.60206402
3947 3106.48321401
3948 3107.36433161
3949 3108.2454216
3950 3109.12647913
3951 3110.00750896
3952 3110.88850627
3953 3111.76947581
3954 3112.65041274
3955 3113.53132654
3956 3114.41220296
3957 3115.29305146
3958 3116.17386722
3959 3117.05465499
3960 3117.93540994
3961 3118.81613683
3962 3119.69683083
3963 3120.5774967
3964 3121.4581296
3965 3122.33873901
3966 3123.21931067
3967 3124.09985405
3968 3124.98036432
3969 3125.86084624
3970 3126.74129498
3971 3127.6217153
3972 3128.50210235
3973 3129.38246093
3974 3130.26278616
3975 3131.14308757
3976 3132.02335084
3977 3132.90358548
3978 3133.78378665
3979 3134.66395911
3980 3135.54409801
3981 3136.42420815
3982 3137.30428466
3983 3138.18433233
3984 3139.0643463
3985 3139.9443361
3986 3140.82428738
3987 3141.70420968
3988 3142.58409814
3989 3143.46395754
3990 3144.34378303
3991 3145.22357939
3992 3146.10334418
3993 3146.98307494
3994 3147.86277648
3995 3148.74244867
3996 3149.6220868
3997 3150.50169077
3998 3151.38126536
3999 3152.26080572
4000 3153.14031663
4001 3154.01979323
4002 3154.89924031
4003 3155.77865302
4004 3156.65803614
4005 3157.53738957
4006 3158.41670858
4007 3159.29599306
4008 3160.17524783
4009 3161.05446799
4010 3161.93365836
4011 3162.81281406
4012 3163.69193989
4013 3164.57103099
4014 3165.45009215
4015 3166.32912328
4016 3167.20811963
4017 3168.0870811
4018 3168.96601249
4019 3169.84490893
4020 3170.72377522
4021 3171.60260649
4022 3172.48140755
4023 3173.36017351
4024 3174.23890919
4025 3175.11760971
4026 3175.99628467
4027 3176.87491959
4028 3177.7535241
4029 3178.6320933
4030 3179.51063201
4031 3180.38913534
4032 3181.26760811
4033 3182.14604544
4034 3183.02445213
4035 3183.90282331
4036 3184.78116859
4037 3185.65947349
4038 3186.53774761
4039 3187.41598608
4040 3188.29419371
4041 3189.17236561
4042 3190.0505066
4043 3190.92861423
4044 3191.80668603
4045 3192.68472681
4046 3193.56273652
4047 3194.44071033
4048 3195.31864816
4049 3196.19655485
4050 3197.0744255
4051 3197.95226494
4052 3198.83006826
4053 3199.7078403
4054 3200.58557616
4055 3201.46328066
4056 3202.34095375
4057 3203.21859059
4058 3204.09619111
4059 3204.97376014
4060 3205.85129278
4061 3206.72879387
4062 3207.6062585
4063 3208.4836915
4064 3209.36108798
4065 3210.23845277
4066 3211.1157858
4067 3211.99308223
4068 3212.870342
4069 3213.74756994
4070 3214.62476114
4071 3215.50192045
4072 3216.37904295
4073 3217.2561335
4074 3218.13318717
4075 3219.01020881
4076 3219.88719837
4077 3220.76415098
4078 3221.64106657
4079 3222.51795
4080 3223.39479635
4081 3224.27161048
4082 3225.14838745
4083 3226.02513213
4084 3226.90183959
4085 3227.77851468
4086 3228.65515737
4087 3229.53176275
4088 3230.40833077
4089 3231.2848663
4090 3232.16136441
4091 3233.03782996
4092 3233.91425801
4093 3234.79065343
4094 3235.6670113
4095 3236.54333646
4096 3237.41963133
4097 3238.29588366
4098 3239.1721032
4099 3240.048285
4100 3240.92443394
4101 3241.80054509
4102 3242.6766233
4103 3243.55266365
4104 3244.428671
4105 3245.30464043
4106 3246.18058168
4107 3247.05648005
4108 3247.93234528
4109 3248.80817245
4110 3249.68396642
4111 3250.55972226
4112 3251.43544484
4113 3252.31112922
4114 3253.18678027
4115 3254.06239306
4116 3254.93797245
4117 3255.81351841
4118 3256.68902601
4119 3257.56449521
4120 3258.43993088
4121 3259.31532808
4122 3260.1906917
4123 3261.06601677
4124 3261.9413082
4125 3262.81656102
4126 3263.69178011
4127 3264.56696547
4128 3265.44211211
4129 3266.31722002
4130 3267.19229408
4131 3268.06732933
4132 3268.94233067
4133 3269.81729314
4134 3270.69222162
4135 3271.56711118
4136 3272.44196668
4137 3273.31678812
4138 3274.19157051
4139 3275.06631383
4140 3275.94102298
4141 3276.81569299
4142 3277.69032876
4143 3278.56492533
4144 3279.4394876
4145 3280.31401059
4146 3281.18849922
4147 3282.06295593
4148 3282.93736832
4149 3283.81174625
4150 3284.68608474
4151 3285.56038871
4152 3286.43465317
4153 3287.30888304
4154 3288.18307335
4155 3289.05722899
4156 3289.93134501
4157 3290.80543126
4158 3291.67947286
4159 3292.55347967
4160 3293.42744672
4161 3294.30137892
4162 3295.17527129
4163 3296.04912875
4164 3296.92294631
4165 3297.79672889
4166 3298.67047152
4167 3299.54418408
4168 3300.41785164
4169 3301.29148409
4170 3302.16507647
4171 3303.03863366
4172 3303.91215071
4173 3304.78563251
4174 3305.65907411
4175 3306.5324804
4176 3307.40584641
4177 3308.27918205
4178 3309.15247236
4179 3310.02572723
4180 3310.8989417
4181 3311.77212068
4182 3312.64525919
4183 3313.51836213
4184 3314.39142455
4185 3315.26445134
4186 3316.13743754
4187 3317.01039305
4188 3317.88330289
4189 3318.75617699
4190 3319.62901037
4191 3320.50180793
4192 3321.3745647
4193 3322.2472856
4194 3323.11996564
4195 3323.99260975
4196 3324.86521294
4197 3325.73778514
4198 3326.61031382
4199 3327.48280148
4200 3328.35525306
4201 3329.22766355
4202 3330.10003789
4203 3330.97237109
4204 3331.84466807
4205 3332.71692384
4206 3333.58914333
4207 3334.46132657
4208 3335.33346845
4209 3336.20556899
4210 3337.07763313
4211 3337.94965588
4212 3338.82164215
4213 3339.69358697
4214 3340.56549525
4215 3341.43736201
4216 3342.30919218
4217 3343.18098076
4218 3344.05273773
4219 3344.92444801
4220 3345.79612157
4221 3346.66775342
4222 3347.5393485
4223 3348.41090179
4224 3349.28241825
4225 3350.15389287
4226 3351.02533059
4227 3351.8967264
4228 3352.76809031
4229 3353.6394072
4230 3354.51068707
4231 3355.3819249
4232 3356.25312566
4233 3357.12428432
4234 3357.99540584
4235 3358.8664852
4236 3359.73752736
4237 3360.6085273
4238 3361.47949503
4239 3362.35041543
4240 3363.2212985
4241 3364.09213922
4242 3364.96294255
4243 3365.83370349
4244 3366.70442697
4245 3367.57510798
4246 3368.44575148
4247 3369.31635246
4248 3370.18692094
4249 3371.05744424
4250 3371.92792493
4251 3372.79836795
4252 3373.66876829
4253 3374.53913091
4254 3375.40945078
4255 3376.27973286
4256 3377.14997214
4257 3378.02017358
4258 3378.89033723
4259 3379.76045789
4260 3380.63053563
4261 3381.50057539
4262 3382.37057217
4263 3383.24053091
4264 3384.11044661
4265 3384.98032422
4266 3385.85015871
4267 3386.71995506
4268 3387.58971333
4269 3388.4594283
4270 3389.32910003
4271 3390.19873349
4272 3391.06832366
4273 3391.9378755
4274 3392.80738398
4275 3393.67685407
4276 3394.54628075
4277 3395.41566897
4278 3396.28501884
4279 3397.15432508
4280 3398.02358778
4281 3398.89281191
4282 3399.76199244
4283 3400.63113435
4284 3401.50023259
4285 3402.36929215
4286 3403.23830799
4287 3404.10728508
4288 3404.97622351
4289 3405.84511802
4290 3406.71396868
4291 3407.58278048
4292 3408.45154837
4293 3409.32027734
4294 3410.18896235
4295 3411.05760837
4296 3411.92621037
4297 3412.79477333
4298 3413.66329734
4299 3414.53177711
4300 3415.40021525
4301 3416.26860922
4302 3417.13696399
4303 3418.00527453
4304 3418.87354582
4305 3419.74177282
4306 3420.60996051
4307 3421.47810385
4308 3422.34620782
4309 3423.21427253
4310 3424.08229267
4311 3424.95026833
4312 3425.81820451
4313 3426.68609616
4314 3427.55394827
4315 3428.42175578
4316 3429.2895237
4317 3430.15724696
4318 3431.02493057
4319 3431.89257463
4320 3432.76017381
4321 3433.62772822
4322 3434.49524286
4323 3435.36271267
4324 3436.23014264
4325 3437.09752773
4326 3437.96487292
4327 3438.83217317
4328 3439.69943347
4329 3440.56665394
4330 3441.43382923
4331 3442.30095946
4332 3443.16804962
4333 3444.03509465
4334 3444.90209957
4335 3445.7690593
4336 3446.63597885
4337 3447.50285316
4338 3448.36968723
4339 3449.2364812
4340 3450.10322968
4341 3450.9699328
4342 3451.83659557
4343 3452.70321292
4344 3453.56978986
4345 3454.43632133
4346 3455.30281233
4347 3456.16925779
4348 3457.03566274
4349 3457.90202729
4350 3458.76834606
4351 3459.6346217
4352 3460.50085166
4353 3461.36704096
4354 3462.23318452
4355 3463.09928735
4356 3463.96534439
4357 3464.83136065
4358 3465.69733105
4359 3466.56326584
4360 3467.4291495
4361 3468.29499226
4362 3469.16078905
4363 3470.0265449
4364 3470.89225472
4365 3471.75792353
4366 3472.62354625
4367 3473.48912791
4368 3474.35466343
4369 3475.22016306
4370 3476.08561126
4371 3476.95101829
4372 3477.81637906
4373 3478.68169859
4374 3479.54697181
4375 3480.41220375
4376 3481.27738931
4377 3482.14253352
4378 3483.00763131
4379 3483.87269294
4380 3484.73770284
4381 3485.60267128
4382 3486.46759318
4383 3487.33247357
4384 3488.19730735
4385 3489.06209957
4386 3489.92684513
4387 3490.79154907
4388 3491.65620629
4389 3492.70324124
4390 3493.75024133
4391 3494.79720397
4392 3495.84413414
4393 3496.89102674
4394 3497.93788151
4395 3498.98470384
4396 3500.03149348
4397 3501.07824783
4398 3502.12496431
4399 3503.17164791
4400 3504.21828826
4401 3505.26490088
4402 3506.31147538
4403 3507.35801678
4404 3508.40452248
4405 3509.45098988
4406 3510.49741872
4407 3511.54381443
4408 3512.59017673
4409 3513.6365005
4410 3514.68279075
4411 3515.72904488
4412 3516.77525502
4413 3517.82143675
4414 3518.86757965
4415 3519.91368874
4416 3520.95975887
4417 3522.00579508
4418 3523.05178947
4419 3524.09775002
4420 3525.14367647
4421 3526.18956367
4422 3527.23541665
4423 3528.28123027
4424 3529.32700425
4425 3530.37274659
4426 3531.4184494
4427 3532.46411769
4428 3533.50974632
4429 3534.55533502
4430 3535.60088925
4431 3536.64640873
4432 3537.69189086
4433 3538.73733305
4434 3539.78274031
4435 3540.8281022
4436 3541.87343436
4437 3542.91872634
4438 3543.96398316
4439 3545.00920224
4440 3546.05438095
4441 3547.09951902
4442 3548.14462193
4443 3549.1896894
4444 3550.23471629
4445 3551.27970761
4446 3552.32466078
4447 3553.36956785
4448 3554.41444452
4449 3555.45928031
4450 3556.50408026
4451 3557.54883921
4452 3558.5935622
4453 3559.63824129
4454 3560.68288454
4455 3561.72749167
4456 3562.77205751
4457 3563.81658711
4458 3564.8610753
4459 3565.90552179
4460 3566.94993466
4461 3567.99430596
4462 3569.03864073
4463 3570.0829338
4464 3571.12719024
4465 3572.17139952
4466 3573.21557739
4467 3574.25971589
4468 3575.30381243
4469 3576.34787203
4470 3577.39188954
4471 3578.43586466
4472 3579.47980292
4473 3580.52370404
4474 3581.56756539
4475 3582.61138436
4476 3583.65516601
4477 3584.6988998
4478 3585.74260153
4479 3586.78626065
4480 3587.82988222
4481 3588.87346363
4482 3589.91700227
4483 3590.96049781
4484 3592.00395584
4485 3593.04737604
4486 3594.09075324
4487 3595.1340925
4488 3596.1773912
4489 3597.22064135
4490 3598.26385877
4491 3599.30703291
4492 3600.35016882
4493 3601.39326134
4494 3602.43631553
4495 3603.47932337
4496 3604.52229304
4497 3605.56522421
4498 3606.60811171
4499 3607.65096058
4500 3608.69376568
4501 3609.73652664
4502 3610.77924911
4503 3611.82193274
4504 3612.86457491
4505 3613.90717302
4506 3614.94972672
4507 3615.99224165
4508 3617.03471746
4509 3618.07714898
4510 3619.11954128
4511 3620.16189173
4512 3621.20419232
4513 3622.24645892
4514 3623.28868096
4515 3624.3308635
4516 3625.37300136
4517 3626.4150996
4518 3627.4571502
4519 3628.49916137
4520 3629.54113276
4521 3630.5830592
4522 3631.62494575
4523 3632.66678724
4524 3633.7085833
4525 3634.75034217
4526 3635.79205581
4527 3636.83372929
4528 3637.87535743
4529 3638.9169453
4530 3639.95848228
4531 3640.99998432
4532 3642.04144336
4533 3643.08285678
4534 3644.12422966
4535 3645.16555681
4536 3646.20683787
4537 3647.24807853
4538 3648.28927844
4539 3649.33043496
4540 3650.37154548
4541 3651.41261509
4542 3652.45363313
4543 3653.49461558
4544 3654.53555183
4545 3655.57644693
4546 3656.61729827
4547 3657.65810323
4548 3658.69886143
4549 3659.73957859
4550 3660.78025435
4551 3661.82088351
4552 3662.86147115
4553 3663.90201465
4554 3664.94250592
4555 3665.98296099
4556 3667.02336918
4557 3668.06373558
4558 3669.10405501
4559 3670.14433255
4560 3671.18456009
4561 3672.22474597
4562 3673.26488979
4563 3674.30498637
4564 3675.34504079
4565 3676.38504785
4566 3677.42500717
4567 3678.46492707
4568 3679.50479946
4569 3680.54462942
4570 3681.58441176
4571 3682.62415156
4572 3683.66383814
4573 3684.70348758
4574 3685.74309175
4575 3686.78264803
4576 3687.82216151
4577 3688.86162699
4578 3689.90104407
4579 3690.94041854
4580 3691.97975001
4581 3693.01903583
4582 3694.0582734
4583 3695.09746229
4584 3696.13660831
4585 3697.17571106
4586 3698.21476533
4587 3699.25377623
4588 3700.29274112
4589 3701.33165186
4590 3702.37052458
4591 3703.40934855
4592 3704.44812889
4593 3705.48686037
4594 3706.52554812
4595 3707.56418396
4596 3708.60277632
4597 3709.64132478
4598 3710.67982413
4599 3711.71827947
4600 3712.7566856
4601 3713.79504208
4602 3714.83335736
4603 3715.87162325
4604 3716.90984489
4605 3717.94801704
4606 3718.98614482
4607 3720.02421749
4608 3721.06225121
4609 3722.10023783
4610 3723.13817471
4611 3724.17606696
4612 3725.21390936
4613 3726.25170149
4614 3727.28944921
4615 3728.3271521
4616 3729.36480751
4617 3730.40241282
4618 3731.43997314
4619 3732.4774777
4620 3733.51494272
4621 3734.55235743
4622 3735.58972693
4623 3736.62704861
4624 3737.66431982
4625 3738.70154012
4626 3739.73871541
4627 3740.77584524
4628 3741.8129244
4629 3742.84995801
4630 3743.88694342
4631 3744.92387244
4632 3745.96076131
4633 3746.99759926
4634 3748.03439139
4635 3749.07113249
4636 3750.10782767
4637 3751.14446874
4638 3752.18106418
4639 3753.21761357
4640 3754.25411166
4641 3755.29056359
4642 3756.32696412
4643 3757.3633128
4644 3758.39961816
4645 3759.43587197
4646 3760.47207937
4647 3761.50823511
4648 3762.54434434
4649 3763.58039622
4650 3764.61640707
4651 3765.65236866
4652 3766.68827835
4653 3767.72414127
4654 3768.75995218
4655 3769.79571063
4656 3770.83142256
4657 3771.86708752
4658 3772.90270287
4659 3773.93826596
4660 3774.97377632
4661 3776.00923993
4662 3777.04465631
4663 3778.08002024
4664 3779.11533684
4665 3780.15060348
4666 3781.18581189
4667 3782.22097844
4668 3783.25609229
4669 3784.29115855
4670 3785.32617201
4671 3786.3611378
4672 3787.39604765
4673 3788.43091016
4674 3789.46572485
4675 3790.50048648
4676 3791.53520018
4677 3792.56986073
4678 3793.60446763
4679 3794.63902949
4680 3795.67353804
4681 3796.70799843
4682 3797.7424054
4683 3798.77676411
4684 3799.81106367
4685 3800.84532051
4686 3801.87952633
4687 3802.91367849
4688 3803.94778215
4689 3804.98183204
4690 3806.01582768
4691 3807.04977511
4692 3808.08367383
4693 3809.11752119
4694 3810.15131455
4695 3811.18505906
4696 3812.21874381
4697 3813.25238526
4698 3814.2859725
4699 3815.3195107
4700 3816.35299719
4701 3817.38642934
4702 3818.41980664
4703 3819.45313514
4704 3820.48641435
4705 3821.51963901
4706 3822.55281429
4707 3823.58593752
4708 3824.6190004
4709 3825.6520194
4710 3826.68498361
4711 3827.71789819
4712 3828.75075789
4713 3829.78356785
4714 3830.81631976
4715 3831.84902231
4716 3832.88167499
4717 3833.91427253
4718 3834.94682011
4719 3835.97931246
4720 3837.01174906
4721 3838.04413862
4722 3839.0764728
4723 3840.10875678
4724 3841.14098529
4725 3842.17316349
4726 3843.20528044
4727 3844.23735267
4728 3845.26937184
4729 3846.3013353
4730 3847.33324822
4731 3848.36510533
4732 3849.39690611
4733 3850.42865668
4734 3851.46035651
4735 3852.49200294
4736 3853.52359334
4737 3854.55512715
4738 3855.58661052
4739 3856.61804291
4740 3857.64941907
4741 3858.68074416
4742 3859.71201552
4743 3860.74322479
4744 3861.77438856
4745 3862.80549585
4746 3863.83655184
4747 3864.86755126
4748 3865.89849927
4749 3866.92938752
4750 3867.96022476
4751 3868.99101046
4752 3870.02173935
4753 3871.05241661
4754 3872.08303697
4755 3873.11359987
4756 3874.1441141
4757 3875.1745713
4758 3876.20497662
4759 3877.2353248
4760 3878.26562102
4761 3879.29585427
4762 3880.32604119
4763 3881.3561734
4764 3882.38624824
4765 3883.41627088
4766 3884.44623605
4767 3885.47614319
4768 3886.5059985
4769 3887.53580143
4770 3888.56554932
4771 3889.59523951
4772 3890.62487717
4773 3891.65445129
4774 3892.68397854
4775 3893.7134479
4776 3894.74286455
4777 3895.77222584
4778 3896.80152909
4779 3897.83077375
4780 3898.85996603
4781 3899.88910538
4782 3900.91818651
4783 3901.94721461
4784 3902.97618702
4785 3904.00509531
4786 3905.03395619
4787 3906.06275863
4788 3907.0915078
4789 3908.12019844
4790 3909.14883573
4791 3910.17741123
4792 3911.20593382
4793 3912.23440292
4794 3913.26281325
4795 3914.29117001
4796 3915.3194679
4797 3916.34770634
4798 3917.37589422
4799 3918.4040231
4800 3919.43209818
4801 3920.46011416
4802 3921.48807624
4803 3922.51597336
4804 3923.54382227
4805 3924.57161453
4806 3925.59934747
4807 3926.62702628
4808 3927.65464568
4809 3928.68220507
4810 3929.70971075
4811 3930.73716213
4812 3931.76455653
4813 3932.79189129
4814 3933.81916582
4815 3934.84638641
4816 3935.87355247
4817 3936.90065871
4818 3937.92771034
4819 3938.95470467
4820 3939.98163324
4821 3941.00851286
4822 3942.03533244
4823 3943.06209717
4824 3944.08880176
4825 3945.11545142
4826 3946.14203767
4827 3947.16856945
4828 3948.19504617
4829 3949.22146252
4830 3950.24782372
4831 3951.27412447
4832 3952.30036415
4833 3953.32655174
4834 3954.35267874
4835 3955.37875036
4836 3956.40476131
4837 3957.43071679
4838 3958.45660568
4839 3959.48244484
4840 3960.50822577
4841 3961.53394581
4842 3962.55961015
4843 3963.58521351
4844 3964.61075526
4845 3965.63624177
4846 3966.66167241
4847 3967.68704452
4848 3968.71235542
4849 3969.73761032
4850 3970.76279808
4851 3971.7879356
4852 3972.81301173
4853 3973.8380317
4854 3974.86299282
4855 3975.88789242
4856 3976.91272986
4857 3977.93751156
4858 3978.96223686
4859 3979.98690046
4860 3981.01150759
4861 3982.03605557
4862 3983.06053587
4863 3984.08496542
4864 3985.10933305
4865 3986.13364399
4866 3987.15789292
4867 3988.18208508
4868 3989.20621192
4869 3990.23028248
4870 3991.25429614
4871 3992.27824758
4872 3993.30214202
4873 3994.32597416
4874 3995.34974334
4875 3996.37345863
4876 3997.39711148
4877 3998.42070713
4878 3999.44424024
4879 4000.46771607
4880 4001.4911234
4881 4002.51447922
4882 4003.53777499
4883 4004.56100801
4884 4005.58418353
4885 4006.60729621
4886 4007.63034542
4887 4008.65333759
4888 4009.67627209
4889 4010.69914622
4890 4011.72195731
4891 4012.74470469
4892 4013.76739484
4893 4014.7900271
4894 4015.81259614
4895 4016.8351072
4896 4017.8575576
4897 4018.87993876
4898 4019.9022677
4899 4020.92453323
4900 4021.94674056
4901 4022.96888437
4902 4023.99096991
4903 4025.01298859
4904 4026.03494953
4905 4027.05685207
4906 4028.07869088
4907 4029.10047121
4908 4030.12218772
4909 4031.14383975
4910 4032.16543644
4911 4033.18696919
4912 4034.20844324
4913 4035.22985328
4914 4036.25120453
4915 4037.27248575
4916 4038.29371403
4917 4039.31488076
4918 4040.33598326
4919 4041.35702676
4920 4042.37800596
4921 4043.39892014
4922 4044.41977586
4923 4045.44057242
4924 4046.46130714
4925 4047.48197733
4926 4048.50258824
4927 4049.52312861
4928 4050.54361554
4929 4051.56403778
4930 4052.58440058
4931 4053.60470124
4932 4054.62493709
4933 4055.64510742
4934 4056.66521879
4935 4057.6852705
4936 4058.70525724
4937 4059.72518423
4938 4060.7450488
4939 4061.76484232
4940 4062.78458192
4941 4063.80425633
4942 4064.82387081
4943 4065.84342
4944 4066.86290917
4945 4067.88232968
4946 4068.90169074
4947 4069.92099166
4948 4070.94022709
4949 4071.9594023
4950 4072.97851195
4951 4073.99755532
4952 4075.01654165
4953 4076.03546231
4954 4077.05432253
4955 4078.07311698
4956 4079.09185092
4957 4080.11051303
4958 4081.12912053
4959 4082.14766474
4960 4083.16614298
4961 4084.18456051
4962 4085.20291198
4963 4086.22119667
4964 4087.23942121
4965 4088.25758488
4966 4089.27568497
4967 4090.29371881
4968 4091.31168567
4969 4092.32959217
4970 4093.34743759
4971 4094.3652166
4972 4095.38293445
4973 4096.40058845
4974 4097.41816991
4975 4098.43569609
4976 4099.45315565
4977 4100.47055385
4978 4101.48788535
4979 4102.50515541
4980 4103.52235534
4981 4104.53949445
4982 4105.556572
4983 4106.57358265
4984 4107.59053166
4985 4108.60741369
4986 4109.62422799
4987 4110.6409839
4988 4111.6576727
4989 4112.67429966
4990 4113.69085945
4991 4114.70735732
4992 4115.72378191
4993 4116.74015052
4994 4117.75645445
4995 4118.77269099
4996 4119.78886543
4997 4120.8049724
4998 4121.82101116
4999 4122.8369884
5000 4123.85290338
5001 4124.86875339
5002 4125.88453574
5003 4126.9002557
5004 4127.9159019
5005 4128.93149166
5006 4129.94701361
5007 4130.96247301
5008 4131.97786717
5009 4132.9931934
5010 4134.00845094
5011 4135.02364649
5012 4136.03877931
5013 4137.05384404
5014 4138.06884595
5015 4139.08378235
5016 4140.0986445
5017 4141.11344976
5018 4142.12818673
5019 4143.14286069
5020 4144.15746629
5021 4145.1720088
5022 4146.18647948
5023 4147.20088772
5024 4148.21523276
5025 4149.22950925
5026 4150.24372245
5027 4151.25786702
5028 4152.27194217
5029 4153.28595732
5030 4154.29990373
5031 4155.31378666
5032 4156.32760076
5033 4157.34135131
5034 4158.35502689
5035 4159.36864491
5036 4160.3821966
5037 4161.39567928
5038 4162.40909821
5039 4163.42244804
5040 4164.43572799
5041 4165.44894483
5042 4166.46209778
5043 4167.47518414
5044 4168.4882012
5045 4169.50114818
5046 4170.51403188
5047 4171.52685149
5048 4172.53960165
5049 4173.55228767
5050 4174.56490682
5051 4175.57745032
5052 4176.58993565
5053 4177.60235134
5054 4178.61470268
5055 4179.62698431
5056 4180.63920152
5057 4181.65134552
5058 4182.66342578
5059 4183.67544151
5060 4184.68738734
5061 4185.69926856
5062 4186.71107981
5063 4187.72282027
5064 4188.73449945
5065 4189.74610854
5066 4190.75765283
5067 4191.76912696
5068 4192.78053622
5069 4193.79186913
5070 4194.80314321
5071 4195.81434964
5072 4196.82548571
5073 4197.83655673
5074 4198.84755733
5075 4199.85848668
5076 4200.86935164
5077 4201.8801514
5078 4202.89088325
5079 4203.90154449
5080 4204.91214041
5081 4205.92265952
5082 4206.93311937
5083 4207.94350845
5084 4208.95383208
5085 4209.96408753
5086 4210.97427212
5087 4211.984385
5088 4212.99443306
5089 4214.00441548
5090 4215.01432687
5091 4216.02417255
5092 4217.0339498
5093 4218.04364979
5094 4219.05329008
5095 4220.06285917
5096 4221.07236235
5097 4222.08179426
5098 4223.0911602
5099 4224.1004513
5100 4225.10967716
5101 4226.11883694
5102 4227.12792526
5103 4228.13694742
5104 4229.14589805
5105 4230.1547763
5106 4231.16359176
5107 4232.17233558
5108 4233.18101306
5109 4234.18961882
5110 4235.19815818
5111 4236.20661959
5112 4237.21502067
5113 4238.22335257
5114 4239.23161256
5115 4240.23980597
5116 4241.24792741
5117 4242.25597602
5118 4243.26395875
5119 4244.27187475
5120 4245.27972131
5121 4246.28749572
5122 4247.29519711
5123 4248.30283245
5124 4249.31040089
5125 4250.31789703
5126 4251.32532618
5127 4252.33268565
5128 4253.33996653
5129 4254.3471865
5130 4255.354334
5131 4256.36141434
5132 4257.36842213
5133 4258.37536269
5134 4259.38222713
5135 4260.38902509
5136 4261.39575572
5137 4262.40241363
5138 4263.40900413
5139 4264.41552183
5140 4265.42196587
5141 4266.4283459
5142 4267.43465304
5143 4268.44089259
5144 4269.44705917
5145 4270.4531581
5146 4271.45917778
5147 4272.46513594
5148 4273.47102367
5149 4274.47683824
5150 4275.48258499
5151 4276.48825852
5152 4277.49385794
5153 4278.49939028
5154 4279.50485466
5155 4280.51024835
5156 4281.51556865
5157 4282.52082088
5158 4283.52599342
5159 4284.53110404
5160 4285.53614113
5161 4286.54111
5162 4287.54600795
5163 4288.55083226
5164 4289.55558204
5165 4290.56026432
5166 4291.56487823
5167 4292.56941835
5168 4293.57389003
5169 4294.57829054
5170 4295.58261093
5171 4296.586869
5172 4297.59105312
5173 4298.59516862
5174 4299.59921009
5175 4300.60318287
5176 4301.60707801
5177 4302.61090526
5178 4303.61466371
5179 4304.61834797
5180 4305.62196337
5181 4306.62550451
5182 4307.62897047
5183 4308.63237103
5184 4309.63569722
5185 4310.63895438
5186 4311.64213711
5187 4312.64525074
5188 4313.64828361
5189 4314.65125357
5190 4315.65415164
5191 4316.65697511
5192 4317.6597293
5193 4318.66240883
5194 4319.66501276
5195 4320.66754821
5196 4321.67001425
5197 4322.67240818
5198 4323.67472725
5199 4324.67697057
5200 4325.67914523
5201 4326.68125032
5202 4327.68328044
5203 4328.68524092
5204 4329.68712904
5205 4330.68893581
5206 4331.69067911
5207 4332.69234727
5208 4333.69394562
5209 4334.69546875
5210 4335.69692202
5211 4336.69829642
5212 4337.69960178
5213 4338.70083717
5214 4339.70199717
5215 4340.70308714
5216 4341.70410167
5217 4342.7050398
5218 4343.7059114
5219 4344.70670744
5220 4345.70743329
5221 4346.70808352
5222 4347.70866348
5223 4348.70916147
5224 4349.70959541
5225 4350.7099563
5226 4351.71024141
5227 4352.71045609
5228 4353.71059492
5229 4354.71065696
5230 4355.71064938
5231 4356.71057123
5232 4357.7104198
5233 4358.71019236
5234 4359.70989426
5235 4360.70951378
5236 4361.70906887
5237 4362.70854782
5238 4363.70795598
5239 4364.70729063
5240 4365.70654903
5241 4366.70573024
5242 4367.70484144
5243 4368.7038817
5244 4369.70284558
5245 4370.70173845
5246 4371.70055757
5247 4372.69929391
5248 4373.69796545
5249 4374.69656045
5250 4375.69508428
5251 4376.6935315
5252 4377.69190749
5253 4378.69020317
5254 4379.68842849
5255 4380.68658247
5256 4381.68465969
5257 4382.6826655
5258 4383.68059449
5259 4384.67844568
5260 4385.676229
5261 4386.67393541
5262 4387.67157025
5263 4388.6691281
5264 4389.66661433
5265 4390.66401717
5266 4391.66135466
5267 4392.65861773
5268 4393.65580365
5269 4394.65291779
5270 4395.64995472
5271 4396.64691345
5272 4397.64380126
5273 4398.64061715
5274 4399.63735841
5275 4400.63402229
5276 4401.63060782
5277 4402.62712226
5278 4403.62356464
5279 4404.61992952
5280 4405.61622227
5281 4406.61244016
5282 4407.6085741
5283 4408.60464217
5284 4409.60063258
5285 4410.59655071
5286 4411.59239113
5287 4412.58815919
5288 4413.5838458
5289 4414.57946097
5290 4415.5750037
5291 4416.57046855
5292 4417.56586089
5293 4418.5611753
5294 4419.55641077
5295 4420.55157731
5296 4421.54666582
5297 4422.54168167
5298 4423.53661942
5299 4424.53148446
5300 4425.52626495
5301 4426.52097905
5302 4427.51561763
5303 4428.51017796
5304 4429.50466541
5305 4430.49907455
5306 4431.49340437
5307 4432.4876622
5308 4433.48184704
5309 4434.47595614
5310 4435.46998677
5311 4436.46394432
5312 4437.45781694
5313 4438.45162281
5314 4439.44535009
5315 4440.43900415
5316 4441.43258227
5317 4442.42608171
5318 4443.41950145
5319 4444.41284884
5320 4445.40612287
5321 4446.3993181
5322 4447.3924399
5323 4448.38548554
5324 4449.37844588
5325 4450.37133911
5326 4451.36415339
5327 4452.35689409
5328 4453.34955577
5329 4454.34214382
5330 4455.33464908
5331 4456.32708165
5332 4457.3194405
5333 4458.31172017
5334 4459.30392606
5335 4460.29605273
5336 4461.28809912
5337 4462.28007535
5338 4463.27197227
5339 4464.26379525
5340 4465.25553885
5341 4466.24720846
5342 4467.2387922
5343 4468.23030831
5344 4469.22174763
5345 4470.21310742
5346 4471.20439307
5347 4472.19559914
5348 4473.18672456
5349 4474.17777677
5350 4475.16875472
5351 4476.15965567
5352 4477.15047688
5353 4478.1412173
5354 4479.13188436
5355 4480.12247702
5356 4481.11298982
5357 4482.10342815
5358 4483.09378928
5359 4484.08406401
5360 4485.07427063
5361 4486.06439725
5362 4487.05444926
5363 4488.0444212
5364 4489.03431848
5365 4490.02413188
5366 4491.01387159
5367 4492.00353653
5368 4492.99312127
5369 4493.98263119
5370 4494.97206084
5371 4495.96140916
5372 4496.95068632
5373 4497.93988312
5374 4498.92900496
5375 4499.91804638
5376 4500.90701279
5377 4501.89589225
5378 4502.8847031
5379 4503.87343614
5380 4504.86208861
5381 4505.85066592
5382 4506.83916261
5383 4507.8275776
5384 4508.81591839
5385 4509.80418391
5386 4510.7923714
5387 4511.78047813
5388 4512.76850949
5389 4513.75645356
5390 4514.74432868
5391 4515.73212292
5392 4516.71984169
5393 4517.70748223
5394 4518.69504181
5395 4519.68251933
5396 4520.66992233
5397 4521.6572497
5398 4522.64449599
5399 4523.63166661
5400 4524.61875881
5401 4525.60576334
5402 4526.59269861
5403 4527.57955266
5404 4528.56633089
5405 4529.55302784
5406 4530.53964892
5407 4531.52618487
5408 4532.51264596
5409 4533.4990311
5410 4534.48533482
5411 4535.47156252
5412 4536.45770874
5413 4537.44377239
5414 4538.42976372
5415 4539.4156735
5416 4540.40150712
5417 4541.38725913
5418 4542.37293493
5419 4543.35852253
5420 4544.34404039
5421 4545.32947924
5422 4546.31483632
5423 4547.30011706
5424 4548.28531599
5425 4549.27043199
5426 4550.25547265
5427 4551.24043684
5428 4552.22532183
5429 4553.21012487
5430 4554.19484483
5431 4555.17948932
5432 4556.16405721
5433 4557.14854304
5434 4558.13295221
5435 4559.11728199
5436 4560.10152308
5437 4561.08569398
5438 4562.06978267
5439 4563.05379458
5440 4564.03772423
5441 4565.02157704
5442 4566.00534371
5443 4566.98903459
5444 4567.97264854
5445 4568.9561801
5446 4569.93963469
5447 4570.92300682
5448 4571.90629537
5449 4572.88951069
5450 4573.87264347
5451 4574.85569915
5452 4575.83867224
5453 4576.82156816
5454 4577.80437489
5455 4578.78711095
5456 4579.76976704
5457 4580.75234041
5458 4581.73483647
5459 4582.71724977
5460 4583.69957914
5461 4584.68183225
5462 4585.66400794
5463 4586.64610348
5464 4587.62811611
5465 4588.61005125
5466 4589.59189686
5467 4590.57367149
5468 4591.55536311
5469 4592.53697713
5470 4593.51851081
5471 4594.49996139
5472 4595.48132771
5473 4596.46261747
5474 4597.44382949
5475 4598.42495831
5476 4599.40600935
5477 4600.38697985
5478 4601.36786049
5479 4602.34866986
5480 4603.32939588
5481 4604.31004399
5482 4605.29060872
5483 4606.27109547
5484 4607.25149493
5485 4608.2318175
5486 4609.76478643
5487 4611.29777551
5488 4612.83076875
5489 4614.36377813
5490 4615.89680084
5491 4617.42983409
5492 4618.96288325
5493 4620.49595213
5494 4622.02902472
5495 4623.56211301
5496 4625.09521419
5497 4626.62832546
5498 4628.16145221
5499 4629.69459824
5500 4631.22774754
5501 4632.76091209
5502 4634.2940891
5503 4635.82727576
5504 4637.36047746
5505 4638.89369802
5506 4640.42692412
5507 4641.96015958
5508 4643.49340979
5509 4645.02667194
5510 4646.55994986
5511 4648.09323569
5512 4649.62653323
5513 4651.1598397
5514 4652.69316048
5515 4654.22649277
5516 4655.75984041
5517 4657.2931955
5518 4658.82656187
5519 4660.35993674
5520 4661.89332548
5521 4663.42672529
5522 4664.96014002
5523 4666.49356177
5524 4668.02699436
5525 4669.56043774
5526 4671.0938891
5527 4672.62735383
5528 4674.16083579
5529 4675.69431885
5530 4677.22781506
5531 4678.76132162
5532 4680.29483573
5533 4681.82836945
5534 4683.36190663
5535 4684.89545114
5536 4686.42900837
5537 4687.96257552
5538 4689.49614979
5539 4691.02974324
5540 4692.56333971
5541 4694.09694582
5542 4695.63055875
5543 4697.1641839
5544 4698.69781847
5545 4700.23146634
5546 4701.76511952
5547 4703.29878191
5548 4704.83245069
5549 4706.36613126
5550 4707.89982082
5551 4709.43352327
5552 4710.96723059
5553 4712.50094668
5554 4714.03466873
5555 4715.56840216
5556 4717.10215085
5557 4718.63589858
5558 4720.16965747
5559 4721.7034247
5560 4723.2372002
5561 4724.77098117
5562 4726.30477973
5563 4727.83857963
5564 4729.37238478
5565 4730.90620059
5566 4732.44002425
5567 4733.97385294
5568 4735.50769881
5569 4737.04154559
5570 4738.57539719
5571 4740.10925903
5572 4741.64312828
5573 4743.17700215
5574 4744.71089279
5575 4746.24478389
5576 4747.7786794
5577 4749.31258471
5578 4750.84649703
5579 4752.38041627
5580 4753.91434638
5581 4755.44827928
5582 4756.98221889
5583 4758.5161624
5584 4760.05011524
5585 4761.58408134
5586 4763.11804438
5587 4764.65201653
5588 4766.18599497
5589 4767.7199769
5590 4769.25396773
5591 4770.78797141
5592 4772.3219716
5593 4773.85598047
5594 4775.38999523
5595 4776.92401304
5596 4778.45803934
5597 4779.99207808
5598 4781.52611564
5599 4783.06015599
5600 4784.59420453
5601 4786.12825846
5602 4787.66231497
5603 4789.19638626
5604 4790.73045594
5605 4792.26452798
5606 4793.79860781
5607 4795.33269261
5608 4796.86678636
5609 4798.40088089
5610 4799.93498018
5611 4801.46908142
5612 4803.00319002
5613 4804.53730318
5614 4806.07142764
5615 4807.60554695
5616 4809.13967336
5617 4810.67380404
5618 4812.20793619
5619 4813.74207522
5620 4815.27622513
5621 4816.81036949
5622 4818.34452052
5623 4819.87867541
5624 4821.41283135
5625 4822.94699377
5626 4824.48116666
5627 4826.01533357
5628 4827.54950674
5629 4829.08368337
5630 4830.61786062
5631 4832.15205077
5632 4833.68623733
5633 4835.22042707
5634 4836.75461716
5635 4838.28881304
5636 4839.82301188
5637 4841.35721772
5638 4842.8914223
5639 4844.42562965
5640 4845.95983693
5641 4847.4940496
5642 4849.02826482
5643 4850.56248664
5644 4852.09670677
5645 4853.63092926
5646 4855.16515128
5647 4856.69937827
5648 4858.23360741
5649 4859.76784274
5650 4861.30207598
5651 4862.83631115
5652 4864.37054821
5653 4865.90478432
5654 4867.4390318
5655 4868.97327408
5656 4870.50751521
5657 4872.04176063
5658 4873.57600751
5659 4875.11025305
5660 4876.64450956
5661 4878.17876045
5662 4879.71300979
5663 4881.24726301
5664 4882.78151729
5665 4884.31576982
5666 4885.85003292
5667 4887.38428999
5668 4888.91854785
5669 4890.45280368
5670 4891.98706293
5671 4893.52132276
5672 4895.05558727
5673 4896.58984809
5674 4898.12410929
5675 4899.65836806
5676 4901.19262985
5677 4902.72689181
5678 4904.26115806
5679 4905.7954202
5680 4907.32968233
5681 4908.86394162
5682 4910.39820352
5683 4911.93247213
5684 4913.46673078
5685 4915.00099183
5686 4916.53525247
5687 4918.06951262
5688 4919.60376947
5689 4921.13803539
5690 4922.6722937
5691 4924.2065485
5692 4925.74080524
5693 4927.27506109
5694 4928.80931324
5695 4930.34357408
5696 4931.87782689
5697 4933.41207579
5698 4934.94632623
5699 4936.48057539
5700 4938.01482044
5701 4939.54907379
5702 4941.08331871
5703 4942.61755932
5704 4944.15180107
5705 4945.68604114
5706 4947.22028643
5707 4948.75452019
5708 4950.28875482
5709 4951.82298751
5710 4953.35721543
5711 4954.89144403
5712 4956.42567746
5713 4957.95989895
5714 4959.49412093
5715 4961.02834056
5716 4962.56255503
5717 4964.09676978
5718 4965.63098897
5719 4967.16519582
5720 4968.69940276
5721 4970.23360697
5722 4971.76780561
5723 4973.30200414
5724 4974.83620673
5725 4976.37039933
5726 4977.90458611
5727 4979.43877252
5728 4980.97295573
5729 4982.50713992
5730 4984.04131655
5731 4985.57548978
5732 4987.1096568
5733 4988.64382305
5734 4990.17798572
5735 4991.71214898
5736 4993.24630427
5737 4994.78045579
5738 4996.31460069
5739 4997.84874443
5740 4999.38288421
5741 5000.91702695
5742 5002.4511558
5743 5003.98528325
5744 5005.51940645
5745 5007.05352259
5746 5008.58763712
5747 5010.12175425
5748 5011.65585708
5749 5013.18995811
5750 5014.72405452
5751 5016.25814347
5752 5017.79223042
5753 5019.3263196
5754 5020.86039408
5755 5022.39446637
5756 5023.92853365
5757 5025.46259307
5758 5026.99665717
5759 5028.53070901
5760 5030.06475558
5761 5031.59879404
5762 5033.13282986
5763 5034.66686022
5764 5036.20088933
5765 5037.73490856
5766 5039.26892212
5767 5040.80292719
5768 5042.33692924
5769 5043.87092544
5770 5045.40492002
5771 5046.93890432
5772 5048.47288257
5773 5050.00685194
5774 5051.54081791
5775 5053.07477764
5776 5054.60873538
5777 5056.14268244
5778 5057.67662307
5779 5059.21055721
5780 5060.74448202
5781 5062.27841007
5782 5063.81232434
5783 5065.3462291
5784 5066.88012981
5785 5068.41402365
5786 5069.94790778
5787 5071.48179477
5788 5073.0156676
5789 5074.54953052
5790 5076.08338902
5791 5077.61724027
5792 5079.15108142
5793 5080.68492506
5794 5082.21875415
5795 5083.75257296
5796 5085.28638697
5797 5086.82019333
5798 5088.353992
5799 5089.88778725
5800 5091.42157032
5801 5092.9553455
5802 5094.48910996
5803 5096.02286917
5804 5097.55662743
5805 5099.09036764
5806 5100.62410243
5807 5102.15782894
5808 5103.69154435
5809 5105.22525414
5810 5106.7589626
5811 5108.29265263
5812 5109.82633686
5813 5111.36001244
5814 5112.89367931
5815 5114.42733463
5816 5115.96099103
5817 5117.4946314
5818 5119.02826003
5819 5120.56188241
5820 5122.09549571
5821 5123.62909709
5822 5125.16269918
5823 5126.69628485
5824 5128.22985841
5825 5129.76342534
5826 5131.29698282
5827 5132.83052799
5828 5134.36407353
5829 5135.89760225
5830 5137.43111849
5831 5138.96462773
5832 5140.49812714
5833 5142.03162382
5834 5143.5651006
5835 5145.09857014
5836 5146.63202959
5837 5148.16547612
5838 5149.69891523
5839 5151.23235124
5840 5152.76576697
5841 5154.29917509
5842 5155.83257275
5843 5157.36595711
5844 5158.89933368
5845 5160.4327068
5846 5161.96605925
5847 5163.49940372
5848 5165.03273736
5849 5166.56605733
5850 5168.09936914
5851 5169.63267714
5852 5171.16596687
5853 5172.69924268
5854 5174.23251009
5855 5175.76576623
5856 5177.29901549
5857 5178.83224894
5858 5180.36547096
5859 5181.89867869
5860 5183.43187764
5861 5184.96506496
5862 5186.49824504
5863 5188.03140894
5864 5189.56456102
5865 5191.09769846
5866 5192.63082675
5867 5194.16394305
5868 5195.69705453
5869 5197.23014388
5870 5198.76322384
5871 5200.29629157
5872 5201.82934422
5873 5203.36238729
5874 5204.89542519
5875 5206.42844059
5876 5207.96144623
5877 5209.49443927
5878 5211.02741686
5879 5212.56039177
5880 5214.09334665
5881 5215.6262859
5882 5217.15921503
5883 5218.69213119
5884 5220.22503155
5885 5221.75792887
5886 5223.29080578
5887 5224.82366948
5888 5226.35651714
5889 5227.88935425
5890 5229.42217797
5891 5230.95499273
5892 5232.4877895
5893 5234.0205727
5894 5235.55333948
5895 5237.08609537
5896 5238.6188375
5897 5240.15157031
5898 5241.68428477
5899 5243.21698529
5900 5244.74966904
5901 5246.28234153
5902 5247.8149999
5903 5249.34764861
5904 5250.88027859
5905 5252.41289428
5906 5253.94549561
5907 5255.47807975
5908 5257.01065951
5909 5258.54321744
5910 5260.07575799
5911 5261.60828669
5912 5263.14080067
5913 5264.6732971
5914 5266.20578879
5915 5267.7382583
5916 5269.27071006
5917 5270.80314961
5918 5272.33557409
5919 5273.86798066
5920 5275.40038215
5921 5276.93276108
5922 5278.46512191
5923 5279.99747018
5924 5281.52980301
5925 5283.06212037
5926 5284.59442672
5927 5286.12671294
5928 5287.65898349
5929 5289.19123554
5930 5290.7234746
5931 5292.25570516
5932 5293.78790969
5933 5295.32010106
5934 5296.85227642
5935 5298.38443291
5936 5299.91657606
5937 5301.44871036
5938 5302.98081828
5939 5304.51291268
5940 5306.04499071
5941 5307.57705232
5942 5309.10909465
5943 5310.64113058
5944 5312.17314255
5945 5313.70513507
5946 5315.23711366
5947 5316.76907547
5948 5318.30101764
5949 5319.83295308
5950 5321.36486421
5951 5322.89675552
5952 5324.42863256
5953 5325.96049246
5954 5327.49233976
5955 5329.02416522
5956 5330.55597339
5957 5332.08776139
5958 5333.61953477
5959 5335.15129066
5960 5336.6830364
5961 5338.21475437
5962 5339.74645747
5963 5341.27814286
5964 5342.80980769
5965 5344.34145747
5966 5345.87309677
5967 5347.40470793
5968 5348.93630388
5969 5350.46788177
5970 5351.99943874
5971 5353.53098033
5972 5355.06251109
5973 5356.59401335
5974 5358.12550006
5975 5359.65696836
5976 5361.1884154
5977 5362.7198467
5978 5364.25126684
5979 5365.78266093
5980 5367.31403352
5981 5368.84539015
5982 5370.37672797
5983 5371.90805154
5984 5373.43935156
5985 5374.97063259
5986 5376.50189179
5987 5378.03313467
5988 5379.5643584
5989 5381.09556755
5990 5382.6267528
5991 5384.15791871
5992 5385.68906243
5993 5387.22018951
5994 5388.75129709
5995 5390.28239255
5996 5391.81345815
5997 5393.34450688
5998 5394.87553588
5999 5396.40654228
6000 5397.93753165
6001 5399.46850856
6002 5400.99945526
6003 5402.53038475
6004 5404.06129416
6005 5405.59218065
6006 5407.1230572
6007 5408.65390606
6008 5410.18473181
6009 5411.71554
6010 5413.24632778
6011 5414.77709229
6012 5416.30784654
6013 5417.83857274
6014 5419.3692783
6015 5420.89996036
6016 5422.43062446
6017 5423.96126776
6018 5425.49189486
6019 5427.02249637
6020 5428.55307689
6021 5430.08363358
6022 5431.61417197
6023 5433.14468922
6024 5434.67518994
6025 5436.20566472
6026 5437.73611818
6027 5439.26654746
6028 5440.79695811
6029 5442.32735477
6030 5443.85771959
6031 5445.38806561
6032 5446.91838998
6033 5448.44869263
6034 5449.97897071
6035 5451.50923728
6036 5453.03947447
6037 5454.56968691
6038 5456.09988017
6039 5457.63005137
6040 5459.16019767
6041 5460.69033213
6042 5462.22043686
6043 5463.75051651
6044 5465.28057665
6045 5466.81061439
6046 5468.3406269
6047 5469.87062724
6048 5471.4005975
6049 5472.93054236
6050 5474.46046736
6051 5475.99036964
6052 5477.52024915
6053 5479.05011057
6054 5480.57994437
6055 5482.10975523
6056 5483.63954029
6057 5485.16930511
6058 5486.69905436
6059 5488.22877011
6060 5489.75846545
6061 5491.28813752
6062 5492.81778345
6063 5494.34740881
6064 5495.87701829
6065 5497.40659391
6066 5498.9361488
6067 5500.46568008
6068 5501.99518771
6069 5503.52466882
6070 5505.05413653
6071 5506.58357286
6072 5508.1129825
6073 5509.64237102
6074 5511.17173555
6075 5512.70107323
6076 5514.2303972
6077 5515.75968944
6078 5517.28895467
6079 5518.81819844
6080 5520.3474179
6081 5521.87661776
6082 5523.40578843
6083 5524.93493461
6084 5526.46405345
6085 5527.99315052
6086 5529.52222293
6087 5531.05127825
6088 5532.58029841
6089 5534.10929657
6090 5535.63826987
6091 5537.16721544
6092 5538.69613886
6093 5540.22504485
6094 5541.75391535
6095 5543.28276353
6096 5544.81158652
6097 5546.34038146
6098 5547.86915391
6099 5549.39790863
6100 5550.92662752
6101 5552.45532376
6102 5553.98399449
6103 5555.51263684
6104 5557.041264
6105 5558.56985787
6106 5560.09842601
6107 5561.62696556
6108 5563.15548208
6109 5564.68397271
6110 5566.21244221
6111 5567.7408809
6112 5569.26929354
6113 5570.79767726
6114 5572.32603763
6115 5573.85437179
6116 5575.3826845
6117 5576.91096608
6118 5578.43922127
6119 5579.96744723
6120 5581.49564952
6121 5583.02382527
6122 5584.55197927
6123 5586.0801018
6124 5587.60819763
6125 5589.13626671
6126 5590.66430617
6127 5592.19232159
6128 5593.72031776
6129 5595.2482765
6130 5596.77621104
6131 5598.3041185
6132 5599.83199603
6133 5601.35985687
6134 5602.88768281
6135 5604.41547865
6136 5605.94324998
6137 5607.47099391
6138 5608.99870759
6139 5610.52640427
6140 5612.05406573
6141 5613.58169958
6142 5615.10930297
6143 5616.63688146
6144 5618.1644322
6145 5619.69195999
6146 5621.21945505
6147 5622.7469222
6148 5624.27435855
6149 5625.8017697
6150 5627.32915278
6151 5628.8565126
6152 5630.38383937
6153 5631.9111379
6154 5633.43840533
6155 5634.96564723
6156 5636.49286845
6157 5638.02005071
6158 5639.54720728
6159 5641.0743353
6160 5642.60143473
6161 5644.12850268
6162 5645.65555246
6163 5647.18256576
6164 5648.70954744
6165 5650.23650307
6166 5651.76342978
6167 5653.29032471
6168 5654.81720116
6169 5656.34404081
6170 5657.87084852
6171 5659.39762987
6172 5660.924382
6173 5662.45110202
6174 5663.97780326
6175 5665.50446739
6176 5667.03109926
6177 5668.55770446
6178 5670.08428011
6179 5671.61083392
6180 5673.13734752
6181 5674.66383425
6182 5676.19029122
6183 5677.71671557
6184 5679.2431129
6185 5680.76948807
6186 5682.29582271
6187 5683.82213017
6188 5685.34840756
6189 5686.87465203
6190 5688.40086915
6191 5689.92706382
6192 5691.45321765
6193 5692.97934398
6194 5694.50543994
6195 5696.03150548
6196 5697.55753772
6197 5699.08355004
6198 5700.60952401
6199 5702.13546453
6200 5703.6613772
6201 5705.18725914
6202 5706.71311526
6203 5708.23893559
6204 5709.76472504
6205 5711.29048073
6206 5712.81620826
6207 5714.34190476
6208 5715.86757513
6209 5717.3932094
6210 5718.91881249
6211 5720.4443815
6212 5721.96992206
6213 5723.49543126
6214 5725.02091688
6215 5726.54636043
6216 5728.07177531
6217 5729.59715864
6218 5731.12250755
6219 5732.64782764
6220 5734.17312384
6221 5735.69837766
6222 5737.2236025
6223 5738.74879549
6224 5740.27395376
6225 5741.7990829
6226 5743.32418785
6227 5744.84925011
6228 5746.37428309
6229 5747.89928392
6230 5749.42424972
6231 5750.94919391
6232 5752.47409798
6233 5753.99896968
6234 5755.52380616
6235 5757.048613
6236 5758.57338734
6237 5760.09813413
6238 5761.6228433
6239 5763.14751982
6240 5764.67216079
6241 5766.19677184
6242 5767.72135008
6243 5769.24590048
6244 5770.77041295
6245 5772.29489247
6246 5773.81933614
6247 5775.34374959
6248 5776.86812992
6249 5778.39248213
6250 5779.91679609
6251 5781.4410768
6252 5782.9653242
6253 5784.48953541
6254 5786.01372391
6255 5787.53787108
6256 5789.06198192
6257 5790.58606203
6258 5792.11010853
6259 5793.63411854
6260 5795.15810555
6261 5796.68205092
6262 5798.20595966
6263 5799.72983738
6264 5801.25368119
6265 5802.77748821
6266 5804.30127194
6267 5805.82501373
6268 5807.34872142
6269 5808.87239213
6270 5810.39603146
6271 5811.91963654
6272 5813.44321238
6273 5814.96674881
6274 5816.49025084
6275 5818.01371558
6276 5819.53714866
6277 5821.06055509
6278 5822.5839162
6279 5824.10724548
6280 5825.63054007
6281 5827.15379709
6282 5828.67702214
6283 5830.20022026
6284 5831.72337275
6285 5833.24649312
6286 5834.76957851
6287 5836.29262885
6288 5837.81564128
6289 5839.33862932
6290 5840.86157426
6291 5842.38448112
6292 5843.90735554
6293 5845.43019463
6294 5846.9529955
6295 5848.4757717
6296 5849.99850449
6297 5851.52119893
6298 5853.04386062
6299 5854.56648668
6300 5856.08907424
6301 5857.61163685
6302 5859.13415575
6303 5860.656636
6304 5862.17908321
6305 5863.70149451
6306 5865.22387779
6307 5866.74621428
6308 5868.26851753
6309 5869.79078468
6310 5871.31301284
6311 5872.83520762
6312 5874.3573741
6313 5875.87949349
6314 5877.40157937
6315 5878.92362884
6316 5880.44563903
6317 5881.96761556
6318 5883.48956351
6319 5885.01146407
6320 5886.53333083
6321 5888.05516089
6322 5889.57695138
6323 5891.09870792
6324 5892.62043561
6325 5894.14211844
6326 5895.66376151
6327 5897.18537043
6328 5898.70694233
6329 5900.22848231
6330 5901.74998002
6331 5903.27144056
6332 5904.79286105
6333 5906.31424711
6334 5907.83559586
6335 5909.35691242
6336 5910.8781864
6337 5912.39942293
6338 5913.92061913
6339 5915.44178061
6340 5916.96290449
6341 5918.48399874
6342 5920.00504445
6343 5921.52605525
6344 5923.04702828
6345 5924.56796063
6346 5926.08885793
6347 5927.60972532
6348 5929.13054388
6349 5930.65132726
6350 5932.17207256
6351 5933.69277691
6352 5935.21345395
6353 5936.73408476
6354 5938.25467447
6355 5939.77522871
6356 5941.2957446
6357 5942.81621924
6358 5944.33666631
6359 5945.85706685
6360 5947.37742885
6361 5948.89774942
6362 5950.41803419
6363 5951.93828028
6364 5953.45849283
6365 5954.97866141
6366 5956.49879117
6367 5958.01887921
6368 5959.53893117
6369 5961.05894417
6370 5962.57892337
6371 5964.0988583
6372 5965.61875413
6373 5967.13860796
6374 5968.65842543
6375 5970.17820366
6376 5971.69794781
6377 5973.21764741
6378 5974.73730762
6379 5976.2569284
6380 5977.77650686
6381 5979.29605671
6382 5980.81555891
6383 5982.33501866
6384 5983.85444158
6385 5985.3738248
6386 5986.89316541
6387 5988.41247714
6388 5989.93174095
6389 5991.45096201
6390 5992.97014598
6391 5994.48928996
6392 5996.00839105
6393 5997.52746301
6394 5999.04648674
6395 6000.5654703
6396 6002.0844108
6397 6003.60331388
6398 6005.12217664
6399 6006.64100431
6400 6008.15978631
6401 6009.67852787
6402 6011.19722609
6403 6012.7158866
6404 6014.23451464
6405 6015.7530911
6406 6017.27162972
6407 6018.79012761
6408 6020.30858189
6409 6021.8269982
6410 6023.34538176
6411 6024.86371346
6412 6026.38200704
6413 6027.90025963
6414 6029.41847117
6415 6030.93663877
6416 6032.45477621
6417 6033.97286434
6418 6035.4909084
6419 6037.00891404
6420 6038.52687835
6421 6040.04479845
6422 6041.56268813
6423 6043.08052821
6424 6044.59832396
6425 6046.116081
6426 6047.63379644
6427 6049.15147556
6428 6050.66910769
6429 6052.18669809
6430 6053.70424388
6431 6055.2217507
6432 6056.73921565
6433 6058.25664685
6434 6059.7740251
6435 6061.2913642
6436 6062.80866125
6437 6064.32591337
6438 6065.8431262
6439 6067.36030502
6440 6068.87743061
6441 6070.39451677
6442 6071.91156062
6443 6073.42855927
6444 6074.94551836
6445 6076.46244317
6446 6077.97931448
6447 6079.49614609
6448 6081.01293512
6449 6082.52967868
6450 6084.04638241
6451 6085.56305161
6452 6087.07966987
6453 6088.59624247
6454 6090.11277507
6455 6091.62926477
6456 6093.14571688
6457 6094.66212066
6458 6096.17848142
6459 6097.69479625
6460 6099.21107081
6461 6100.72730221
6462 6102.24349576
6463 6103.7596407
6464 6105.27574235
6465 6106.79179781
6466 6108.30781274
6467 6109.82378424
6468 6111.33972047
6469 6112.85560213
6470 6114.37144307
6471 6115.88724042
6472 6117.40299126
6473 6118.91870126
6474 6120.43437574
6475 6121.94999537
6476 6123.46557402
6477 6124.9811088
6478 6126.49659682
6479 6128.01205196
6480 6129.52745487
6481 6131.04281088
6482 6132.55812566
6483 6134.07339629
6484 6135.5886199
6485 6137.10381038
6486 6138.61894836
6487 6140.13404202
6488 6141.64908848
6489 6143.1640934
6490 6144.67905388
6491 6146.19397526
6492 6147.70884672
6493 6149.22367362
6494 6150.73845304
6495 6152.25319066
6496 6153.76788357
6497 6155.28253715
6498 6156.79714053
6499 6158.31169907
6500 6159.82620989
6501 6161.34067864
6502 6162.85511069
6503 6164.36948662
6504 6165.88382035
6505 6167.39810898
6506 6168.91235248
6507 6170.42654795
6508 6171.94070932
6509 6173.45481715
6510 6174.96887681
6511 6176.48289398
6512 6177.99686575
6513 6179.51078922
6514 6181.02467835
6515 6182.53851367
6516 6184.05230057
6517 6185.56604471
6518 6187.07974319
6519 6188.59339312
6520 6190.10700846
6521 6191.62056972
6522 6193.13408515
6523 6194.64755186
6524 6196.16097551
6525 6197.67435321
6526 6199.18769035
6527 6200.700976
6528 6202.21421557
6529 6203.72740616
6530 6205.24055344
6531 6206.75366281
6532 6208.26671476
6533 6209.77972327
6534 6211.29268543
6535 6212.80559836
6536 6214.31846772
6537 6215.83129893
6538 6217.34407245
6539 6218.85680228
6540 6220.36948551
6541 6221.8821221
6542 6223.39470915
6543 6224.90726067
6544 6226.41975709
6545 6227.93220385
6546 6229.44460661
6547 6230.95696248
6548 6232.46926856
6549 6233.98153885
6550 6235.49375379
6551 6237.00591881
6552 6238.51803958
6553 6240.0301132
6554 6241.54214513
6555 6243.05412434
6556 6244.56605627
6557 6246.07793803
6558 6247.58977529
6559 6249.10156515
6560 6250.61331593
6561 6252.12500801
6562 6253.63665542
6563 6255.14825527
6564 6256.65980465
6565 6258.17130924
6566 6259.68277449
6567 6261.1941808
6568 6262.70554218
6569 6264.21685574
6570 6265.72811859
6571 6267.23933639
6572 6268.75051463
6573 6270.26163364
6574 6271.77270749
6575 6273.28373327
6576 6274.79470808
6577 6276.30564598
6578 6277.81652731
6579 6279.3273604
6580 6280.83814235
6581 6282.34887884
6582 6283.85956698
6583 6285.37021225
6584 6286.88080354
6585 6288.39134635
6586 6289.90183777
6587 6291.41228349
6588 6292.9226806
6589 6294.4330346
6590 6295.94333437
6591 6297.45358541
6592 6298.96378481
6593 6300.47393826
6594 6301.98404286
6595 6303.49410697
6596 6305.00411087
6597 6306.51406865
6598 6308.02397741
6599 6309.53383425
6600 6311.04364485
6601 6312.55341472
6602 6314.06312413
6603 6315.57278718
6604 6317.08240096
6605 6318.59196257
6606 6320.10148612
6607 6321.61095186
6608 6323.1203653
6609 6324.62973213
6610 6326.13904946
6611 6327.64831436
6612 6329.15754098
6613 6330.66670952
6614 6332.17582839
6615 6333.68489469
6616 6335.19391408
6617 6336.70288369
6618 6338.21180903
6619 6339.72067892
6620 6341.22949889
6621 6342.73826603
6622 6344.24698604
6623 6345.75565601
6624 6347.26428149
6625 6348.77285126
6626 6350.28137087
6627 6351.78983741
6628 6353.29825657
6629 6354.80663392
6630 6356.31494961
6631 6357.8232178
6632 6359.33143559
6633 6360.83960294
6634 6362.34771693
6635 6363.85579174
6636 6365.36380752
6637 6366.87176982
6638 6368.37968434
6639 6369.88754818
6640 6371.39535843
6641 6372.90312926
6642 6374.4108408
6643 6375.91849863
6644 6377.42610844
6645 6378.93366732
6646 6380.44117238
6647 6381.94863778
6648 6383.45604365
6649 6384.96339557
6650 6386.47069923
6651 6387.97795172
6652 6389.48516151
6653 6390.99230869
6654 6392.49940745
6655 6394.00645488
6656 6395.51344809
6657 6397.02039275
6658 6398.52729449
6659 6400.03413336
6660 6401.54092358
6661 6403.04766224
6662 6404.55434643
6663 6406.06098184
6664 6407.56757409
6665 6409.07410323
6666 6410.58058349
6667 6412.08701194
6668 6413.59338855
6669 6415.09971042
6670 6416.60599176
6671 6418.11221262
6672 6419.61837861
6673 6421.12449544
6674 6422.63056019
6675 6424.13656996
6676 6425.64253898
6677 6427.14844727
6678 6428.65430046
6679 6430.16010424
6680 6431.66585572
6681 6433.17156052
6682 6434.67720726
6683 6436.18280156
6684 6437.68834053
6685 6439.19382987
6686 6440.69926665
6687 6442.20465941
6688 6443.70998813
6689 6445.21526704
6690 6446.72049326
6691 6448.22566387
6692 6449.73078456
6693 6451.23586101
6694 6452.74087316
6695 6454.24583529
6696 6455.75074448
6697 6457.25559783
6698 6458.76040103
6699 6460.26515976
6700 6461.76985396
6701 6463.27449789
6702 6464.77908866
6703 6466.28362336
6704 6467.78811626
6705 6469.2925473
6706 6470.79692501
6707 6472.3012465
6708 6473.80551745
6709 6475.30973497
6710 6476.81390474
6711 6478.31801527
6712 6479.82207224
6713 6481.32607276
6714 6482.83002251
6715 6484.3339186
6716 6485.83776672
6717 6487.34155535
6718 6488.84529021
6719 6490.34896837
6720 6491.85259555
6721 6493.35616882
6722 6494.85969677
6723 6496.36315927
6724 6497.86657063
6725 6499.36992793
6726 6500.87322827
6727 6502.37648598
6728 6503.87968091
6729 6505.38281876
6730 6506.88590524
6731 6508.38893744
6732 6509.89191246
6733 6511.39484461
6734 6512.89771375
6735 6514.40052559
6736 6515.90328583
6737 6517.40599156
6738 6518.90863987
6739 6520.41124512
6740 6521.9137871
6741 6523.41627443
6742 6524.91870419
6743 6526.42108209
6744 6527.92340522
6745 6529.42567931
6746 6530.92789278
6747 6532.43005137
6748 6533.93215217
6749 6535.43420087
6750 6536.93620324
6751 6538.43813904
6752 6539.94002265
6753 6541.44185114
6754 6542.94362162
6755 6544.44533978
6756 6545.94701138
6757 6547.44861619
6758 6548.95016858
6759 6550.45166563
6760 6551.95310731
6761 6553.4544907
6762 6554.9558302
6763 6556.45710554
6764 6557.95832249
6765 6559.45948675
6766 6560.96059542
6767 6562.46164557
6768 6563.96265162
6769 6565.46359328
6770 6566.96447632
6771 6568.46530645
6772 6569.96608076
6773 6571.46679635
6774 6572.9674676
6775 6574.46807424
6776 6575.96862204
6777 6577.4691167
6778 6578.96955533
6779 6580.46994658
6780 6581.97027014
6781 6583.47054042
6782 6584.97075452
6783 6586.47090951
6784 6587.97101112
6785 6589.47106514
6786 6590.97105124
6787 6592.47098385
6788 6593.97086004
6789 6595.47067692
6790 6596.97044018
6791 6598.47015565
6792 6599.96980297
6793 6601.46939657
6794 6602.96893354
6795 6604.46841385
6796 6605.96783457
6797 6607.46721017
6798 6608.96652026
6799 6610.46577066
6800 6611.96496709
6801 6613.46410664
6802 6614.96319512
6803 6616.46222079
6804 6617.96118947
6805 6619.46009824
6806 6620.95895282
6807 6622.45775029
6808 6623.9564965
6809 6625.45517966
6810 6626.95380561
6811 6628.45237143
6812 6629.95088285
6813 6631.44933695
6814 6632.94774245
6815 6634.44607892
6816 6635.94436084
6817 6637.4425853
6818 6638.94074937
6819 6640.43885879
6820 6641.9369194
6821 6643.43491076
6822 6644.93284735
6823 6646.43072626
6824 6647.92854458
6825 6649.42631679
6826 6650.92402244
6827 6652.42166739
6828 6653.91925736
6829 6655.41678943
6830 6656.91426069
6831 6658.41168564
6832 6659.90904381
6833 6661.40634394
6834 6662.90358311
6835 6664.40076705
6836 6665.89789285
6837 6667.39496637
6838 6668.89197576
6839 6670.38892691
6840 6671.88581688
6841 6673.38265141
6842 6674.87942757
6843 6676.37615126
6844 6677.8728106
6845 6679.36941148
6846 6680.86595097
6847 6682.3624348
6848 6683.85886006
6849 6685.35523264
6850 6686.85154065
6851 6688.34778998
6852 6689.84398059
6853 6691.34010958
6854 6692.83619147
6855 6694.33220573
6856 6695.82815825
6857 6697.32405476
6858 6698.81989235
6859 6700.31566809
6860 6701.81139654
6861 6703.30705713
6862 6704.80265578
6863 6706.29819821
6864 6707.7936815
6865 6709.28910273
6866 6710.78447647
6867 6712.27978214
6868 6713.77502853
6869 6715.27021273
6870 6716.76534046
6871 6718.2604088
6872 6719.7554237
6873 6721.25037318
6874 6722.74526317
6875 6724.24009076
6876 6725.73486167
6877 6727.22958185
6878 6728.72423066
6879 6730.2188227
6880 6731.71335504
6881 6733.20782476
6882 6734.70223761
6883 6736.19659952
6884 6737.69088984
6885 6739.18512319
6886 6740.67929663
6887 6742.17341013
6888 6743.66746077
6889 6745.16146316
6890 6746.65539664
6891 6748.14926716
6892 6749.64308045
6893 6751.1368336
6894 6752.63052368
6895 6754.12416531
6896 6755.61773781
6897 6757.11124715
6898 6758.60469905
6899 6760.0980906
6900 6761.59142777
6901 6763.08469852
6902 6764.57790881
6903 6766.07105573
6904 6767.56414501
6905 6769.05717373
6906 6770.55015075
6907 6772.04305537
6908 6773.53590222
6909 6775.02868837
6910 6776.52141091
6911 6778.01407557
6912 6779.50668834
6913 6780.99922849
6914 6782.49171066
6915 6783.98413193
6916 6785.47648939
6917 6786.96878876
6918 6788.46103605
6919 6789.9532105
6920 6791.44532678
6921 6792.93738195
6922 6794.42937598
6923 6795.92130596
6924 6797.41318655
6925 6798.90499697
6926 6800.39674324
6927 6801.88843109
6928 6803.3800576
6929 6804.87162878
6930 6806.36313252
6931 6807.85457481
6932 6809.34595275
6933 6810.83727206
6934 6812.32852983
6935 6813.81973209
6936 6815.31086668
6937 6816.80193963
6938 6818.29294803
6939 6819.7838976
6940 6821.27478542
6941 6822.76562043
6942 6824.25638178
6943 6825.74708419
6944 6827.23772472
6945 6828.72830045
6946 6830.21881713
6947 6831.70928079
6948 6833.19967059
6949 6834.69000125
6950 6836.18026982
6951 6837.67047341
6952 6839.1606267
6953 6840.65070885
6954 6842.14072591
6955 6843.63068361
6956 6845.12057904
6957 6846.61040928
6958 6848.10018903
6959 6849.58989744
6960 6851.07954345
6961 6852.56912412
6962 6854.05864521
6963 6855.54810379
6964 6857.03750593
6965 6858.52683941
6966 6860.01611028
6967 6861.50531562
6968 6862.99446118
6969 6864.48354404
6970 6865.97257026
6971 6867.46152761
6972 6868.95042217
6973 6870.43925099
6974 6871.92801984
6975 6873.41673479
6976 6874.90537492
6977 6876.39395497
6978 6877.88247202
6979 6879.37092604
6980 6880.85931411
6981 6882.34765099
6982 6883.83591572
6983 6885.3241144
6984 6886.81225278
6985 6888.30032793
6986 6889.78833693
6987 6891.27629455
6988 6892.76417983
6989 6894.25199886
6990 6895.73975739
6991 6897.2274525
6992 6898.71508127
6993 6900.20265846
6994 6901.69016312
6995 6903.17760422
6996 6904.66497884
6997 6906.15229275
6998 6907.639543
6999 6909.12673572
7000 6910.61385858
7001 6912.1009177
7002 6913.58791015
7003 6915.07484168
7004 6916.56171842
7005 6918.04851935
7006 6919.53525926
7007 6921.02193523
7008 6922.50854435
7009 6923.99509235
7010 6925.48158538
7011 6926.96800239
7012 6928.4543582
7013 6929.94064988
7014 6931.42687739
7015 6932.91303782
7016 6934.39914598
7017 6935.88518082
7018 6937.37114848
7019 6938.85705471
7020 6940.34289659
7021 6941.82867119
7022 6943.31439334
7023 6944.80004196
7024 6946.28562322
7025 6947.77114286
7026 6949.25659795
7027 6950.74199465
7028 6952.22732056
7029 6953.71258184
7030 6955.19777554
7031 6956.68290744
7032 6958.16797461
7033 6959.6529861
7034 6961.13792081
7035 6962.62279359
7036 6964.10760151
7037 6965.59234164
7038 6967.07701974
7039 6968.56164199
7040 6970.04618727
7041 6971.53067041
7042 6973.01508851
7043 6974.49943864
7044 6975.98372655
7045 6977.46795842
7046 6978.95211312
7047 6980.43620551
7048 6981.92023266
7049 6983.40419455
7050 6984.88809735
7051 6986.37192861
7052 6987.85569451
7053 6989.33939212
7054 6990.82302719
7055 6992.30659682
7056 6993.79010719
7057 6995.27354581
7058 6996.75691889
7059 6998.24022349
7060 6999.72346537
7061 7001.20664162
7062 7002.68975843
7063 7004.1728033
7064 7005.65578244
7065 7007.13869291
7066 7008.62154049
7067 7010.10432224
7068 7011.58704727
7069 7013.06969438
7070 7014.55227846
7071 7016.0347966
7072 7017.51724585
7073 7018.99963199
7074 7020.48196124
7075 7021.96421237
7076 7023.4464003
7077 7024.92852208
7078 7026.41057481
7079 7027.8925734
7080 7029.3744966
7081 7030.85635064
7082 7032.3381413
7083 7033.81986563
7084 7035.30152072
7085 7036.7831215
7086 7038.2646467
7087 7039.74610546
7088 7041.22749485
7089 7042.70882063
7090 7044.19007989
7091 7045.67127886
7092 7047.15240496
7093 7048.63346443
7094 7050.11445436
7095 7051.59538049
7096 7053.07623992
7097 7054.55703889
7098 7056.03776479
7099 7057.51842389
7100 7058.99901326
7101 7060.47953866
7102 7061.96000635
7103 7063.44039503
7104 7064.92071966
7105 7066.40097729
7106 7067.88116791
7107 7069.36128858
7108 7070.84135428
7109 7072.32134367
7110 7073.80126303
7111 7075.28111811
7112 7076.760906
7113 7078.24062376
7114 7079.72028638
7115 7081.1998725
7116 7082.6793884
7117 7084.15883986
7118 7085.63822394
7119 7087.11753771
7120 7088.59679617
7121 7090.07597794
7122 7091.55509221
7123 7093.03413606
7124 7094.51311526
7125 7095.99203609
7126 7097.47087719
7127 7098.94965354
7128 7100.42836221
7129 7101.90700028
7130 7103.38557352
7131 7104.86408823
7132 7106.34252301
7133 7107.82089287
7134 7109.29919487
7135 7110.7774261
7136 7112.25559231
7137 7113.73369983
7138 7115.21172723
7139 7116.68968953
7140 7118.1675838
7141 7119.64541001
7142 7121.12316524
7143 7122.6008645
7144 7124.07848636
7145 7125.55603714
7146 7127.03352262
7147 7128.51093986
7148 7129.98828594
7149 7131.46557588
7150 7132.94278825
7151 7134.41992935
7152 7135.89700498
7153 7137.3740122
7154 7138.85095734
7155 7140.32782765
7156 7141.80462946
7157 7143.28135984
7158 7144.75802456
7159 7146.2346207
7160 7147.7111575
7161 7149.18761348
7162 7150.66400369
7163 7152.14032519
7164 7153.61657507
7165 7155.09275908
7166 7156.56888359
7167 7158.0449271
7168 7159.52090466
7169 7160.99681334
7170 7162.47265022
7171 7163.94842106
7172 7165.42413224
7173 7166.89976223
7174 7168.3753261
7175 7169.85082092
7176 7171.32624376
7177 7172.80160971
7178 7174.27689721
7179 7175.75211555
7180 7177.22726179
7181 7178.70234171
7182 7180.17735239
7183 7181.65230019
7184 7183.12717228
7185 7184.60197503
7186 7186.07670552
7187 7187.55136951
7188 7189.02596408
7189 7190.50049562
7190 7191.97495126
7191 7193.4493374
7192 7194.92365109
7193 7196.39789813
7194 7197.87207557
7195 7199.34619272
7196 7200.82022799
7197 7202.29419648
7198 7203.76809527
7199 7205.24192142
7200 7206.71569004
7201 7208.18937954
7202 7209.66299632
7203 7211.13654614
7204 7212.6100261
7205 7214.08343324
7206 7215.5567827
7207 7217.03005286
7208 7218.50325012
7209 7219.97638027
7210 7221.44944037
7211 7222.92242749
7212 7224.39535678
7213 7225.86820658
7214 7227.34098622
7215 7228.81369276
7216 7230.286332
7217 7231.758901
7218 7233.23140619
7219 7234.70383462
7220 7236.17619272
7221 7237.64847757
7222 7239.12069493
7223 7240.59284189
7224 7242.06492488
7225 7243.53693093
7226 7245.00886649
7227 7246.48072863
7228 7247.95252312
7229 7249.42425642
7230 7250.89590682
7231 7252.3674895
7232 7253.83900151
7233 7255.31044284
7234 7256.78181055
7235 7258.25311981
7236 7259.72434891
7237 7261.1955043
7238 7262.66659178
7239 7264.1376084
7240 7265.60855123
7241 7267.07943546
7242 7268.55023935
7243 7270.02096938
7244 7271.49163131
7245 7272.96222223
7246 7274.43273919
7247 7275.9031974
7248 7277.3735751
7249 7278.84388166
7250 7280.31411417
7251 7281.78427839
7252 7283.25438083
7253 7284.7243997
7254 7286.19435021
7255 7287.66422943
7256 7289.13403442
7257 7290.60377096
7258 7292.07344557
7259 7293.54303643
7260 7295.01255877
7261 7296.48200966
7262 7297.95138616
7263 7299.42069404
7264 7300.88993983
7265 7302.35910171
7266 7303.82819491
7267 7305.29721648
7268 7306.76616641
7269 7308.23504176
7270 7309.70385776
7271 7311.17259258
7272 7312.64125275
7273 7314.10984403
7274 7315.57836351
7275 7317.0468177
7276 7318.51519348
7277 7319.98349738
7278 7321.45172645
7279 7322.91988648
7280 7324.38797454
7281 7325.85599716
7282 7327.3239412
7283 7328.79181319
7284 7330.25961019
7285 7331.727338
7286 7333.19499367
7287 7334.66258666
7288 7336.13009509
7289 7337.59753421
7290 7339.0649011
7291 7340.53219281
7292 7341.99941514
7293 7343.46657463
7294 7344.93364939
7295 7346.40065468
7296 7347.86758758
7297 7349.33444514
7298 7350.80123317
7299 7352.2679582
7300 7353.73459833
7301 7355.20116884
7302 7356.6676668
7303 7358.13408926
7304 7359.60045151
7305 7361.06673164
7306 7362.5329391
7307 7363.99907097
7308 7365.46513303
7309 7366.93112234
7310 7368.39704549
7311 7369.86288924
7312 7371.92617739
7313 7373.98940301
7314 7376.05256605
7315 7378.11566645
7316 7380.17870416
7317 7382.24167911
7318 7384.30459127
7319 7386.36744057
7320 7388.43022695
7321 7390.49294085
7322 7392.55560124
7323 7394.61819856
7324 7396.68073275
7325 7398.74320376
7326 7400.80560861
7327 7402.86795309
7328 7404.93023421
7329 7406.99245193
7330 7409.05460619
7331 7411.11669694
7332 7413.17872413
7333 7415.2406877
7334 7417.30258759
7335 7419.36442376
7336 7421.42619614
7337 7423.48790468
7338 7425.54954934
7339 7427.61113005
7340 7429.67264676
7341 7431.73409942
7342 7433.79548797
7343 7435.85681236
7344 7437.91807254
7345 7439.97926845
7346 7442.04040003
7347 7444.10146724
7348 7446.16247002
7349 7448.22340832
7350 7450.28428208
7351 7452.34509125
7352 7454.40583577
7353 7456.46651559
7354 7458.52713067
7355 7460.58768093
7356 7462.64815675
7357 7464.70857724
7358 7466.76892986
7359 7468.82922037
7360 7470.8894458
7361 7472.94960611
7362 7475.00970124
7363 7477.06973114
7364 7479.12969575
7365 7481.18959502
7366 7483.24942889
7367 7485.30919733
7368 7487.36890026
7369 7489.42853764
7370 7491.48810942
7371 7493.54761553
7372 7495.60705594
7373 7497.66643058
7374 7499.7257394
7375 7501.78498236
7376 7503.84415939
7377 7505.90327044
7378 7507.96231547
7379 7510.02129441
7380 7512.08020722
7381 7514.13905384
7382 7516.19783422
7383 7518.25654831
7384 7520.31519605
7385 7522.37377739
7386 7524.43229229
7387 7526.49074068
7388 7528.54912251
7389 7530.60743774
7390 7532.66568339
7391 7534.72386524
7392 7536.78197066
7393 7538.84001893
7394 7540.89800032
7395 7542.95591479
7396 7545.01376229
7397 7547.07154276
7398 7549.12925615
7399 7551.18690241
7400 7553.24448148
7401 7555.30199332
7402 7557.35943787
7403 7559.41681508
7404 7561.47412489
7405 7563.53136726
7406 7565.58854214
7407 7567.64564947
7408 7569.70268919
7409 7571.75966127
7410 7573.81656563
7411 7575.87340225
7412 7577.93017105
7413 7579.986872
7414 7582.04350503
7415 7584.10007011
7416 7586.15656716
7417 7588.21299615
7418 7590.26935702
7419 7592.32564973
7420 7594.38187421
7421 7596.43803041
7422 7598.49411538
7423 7600.55013489
7424 7602.60608597
7425 7604.66196857
7426 7606.71778264
7427 7608.7735184
7428 7610.82919525
7429 7612.88480343
7430 7614.94034286
7431 7616.99581351
7432 7619.05121532
7433 7621.10654824
7434 7623.16181222
7435 7625.21700721
7436 7627.27213316
7437 7629.32719002
7438 7631.38217773
7439 7633.43709624
7440 7635.49194551
7441 7637.54672548
7442 7639.6014361
7443 7641.65607733
7444 7643.7106491
7445 7645.76515137
7446 7647.81958409
7447 7649.87394721
7448 7651.92824068
7449 7653.98246444
7450 7656.03661844
7451 7658.09070265
7452 7660.14471699
7453 7662.19865852
7454 7664.252533
7455 7666.30633748
7456 7668.36007189
7457 7670.4137362
7458 7672.46733035
7459 7674.52085429
7460 7676.57430798
7461 7678.62769135
7462 7680.68100436
7463 7682.73423715
7464 7684.78740929
7465 7686.84051092
7466 7688.89354199
7467 7690.94650244
7468 7692.99939223
7469 7695.05221131
7470 7697.10495963
7471 7699.15763714
7472 7701.21024379
7473 7703.26277953
7474 7705.3152443
7475 7707.36763806
7476 7709.41996076
7477 7711.47221235
7478 7713.52439278
7479 7715.57650199
7480 7717.62853995
7481 7719.6805066
7482 7721.73240188
7483 7723.78422576
7484 7725.83597817
7485 7727.88765616
7486 7729.93926551
7487 7731.99080325
7488 7734.04226933
7489 7736.09366371
7490 7738.14498633
7491 7740.19623714
7492 7742.24741609
7493 7744.29852314
7494 7746.34955824
7495 7748.40052133
7496 7750.45141237
7497 7752.5022313
7498 7754.55296821
7499 7756.6036428
7500 7758.65424513
7501 7760.70477516
7502 7762.75523284
7503 7764.80561813
7504 7766.85593097
7505 7768.90617131
7506 7770.95633911
7507 7773.00643432
7508 7775.05645688
7509 7777.10640675
7510 7779.15628388
7511 7781.20608823
7512 7783.25581973
7513 7785.30547835
7514 7787.35506403
7515 7789.40457672
7516 7791.45401639
7517 7793.50338005
7518 7795.55267351
7519 7797.60189378
7520 7799.65104082
7521 7801.70011459
7522 7803.74911503
7523 7805.7980421
7524 7807.84689575
7525 7809.89567593
7526 7811.94438259
7527 7813.99301568
7528 7816.04157516
7529 7818.09006097
7530 7820.13847307
7531 7822.18681141
7532 7824.23507594
7533 7826.28326661
7534 7828.33137344
7535 7830.37941625
7536 7832.42738506
7537 7834.47527983
7538 7836.52310049
7539 7838.57084701
7540 7840.61851934
7541 7842.66611742
7542 7844.71364121
7543 7846.76109067
7544 7848.80846574
7545 7850.85576638
7546 7852.90299254
7547 7854.95014416
7548 7856.9972183
7549 7859.04422072
7550 7861.09114847
7551 7863.13800151
7552 7865.18477977
7553 7867.23148322
7554 7869.27811181
7555 7871.32466548
7556 7873.3711442
7557 7875.41754791
7558 7877.46387657
7559 7879.51013013
7560 7881.55630854
7561 7883.60241175
7562 7885.64843973
7563 7887.69439241
7564 7889.74026975
7565 7891.78607171
7566 7893.83179823
7567 7895.87744928
7568 7897.9230248
7569 7899.96851473
7570 7902.01393905
7571 7904.05928771
7572 7906.10456065
7573 7908.14975782
7574 7910.19487919
7575 7912.2399247
7576 7914.28489431
7577 7916.32978796
7578 7918.37460562
7579 7920.41934724
7580 7922.46400984
7581 7924.50859923
7582 7926.55311243
7583 7928.5975494
7584 7930.64191009
7585 7932.68619445
7586 7934.73040244
7587 7936.77453402
7588 7938.81858913
7589 7940.86256773
7590 7942.90646976
7591 7944.9502952
7592 7946.99404398
7593 7949.03771607
7594 7951.0813114
7595 7953.12482995
7596 7955.16827167
7597 7957.21163649
7598 7959.25492439
7599 7961.29813531
7600 7963.34126921
7601 7965.38432604
7602 7967.42730575
7603 7969.4702083
7604 7971.51303365
7605 7973.55577165
7606 7975.59844244
7607 7977.64103588
7608 7979.68355193
7609 7981.72599054
7610 7983.76835167
7611 7985.81063527
7612 7987.85283837
7613 7989.89496676
7614 7991.93701749
7615 7993.97899051
7616 7996.02088576
7617 7998.06270321
7618 8000.10444281
7619 8002.14610451
7620 8004.18768826
7621 8006.22919403
7622 8008.27062176
7623 8010.31197141
7624 8012.35324294
7625 8014.39443629
7626 8016.43555143
7627 8018.47658831
7628 8020.51754687
7629 8022.55842708
7630 8024.5992289
7631 8026.63995227
7632 8028.68059714
7633 8030.72116349
7634 8032.76165125
7635 8034.80206039
7636 8036.84239085
7637 8038.8826426
7638 8040.92281558
7639 8042.96290976
7640 8045.00291494
7641 8047.04285136
7642 8049.08270885
7643 8051.12248734
7644 8053.16218388
7645 8055.20180427
7646 8057.24134553
7647 8059.28080762
7648 8061.3201905
7649 8063.35949413
7650 8065.39871844
7651 8067.43786342
7652 8069.47692899
7653 8071.51591514
7654 8073.55482179
7655 8075.59364893
7656 8077.63239649
7657 8079.67106443
7658 8081.70965271
7659 8083.74816129
7660 8085.78659011
7661 8087.82493914
7662 8089.86320833
7663 8091.90139764
7664 8093.93950702
7665 8095.97753642
7666 8098.01548581
7667 8100.05335513
7668 8102.09114434
7669 8104.12885341
7670 8106.16648228
7671 8108.20403091
7672 8110.24149926
7673 8112.27888727
7674 8114.31619492
7675 8116.35341922
7676 8118.39055577
7677 8120.42762203
7678 8122.46460774
7679 8124.50151285
7680 8126.53833733
7681 8128.57508113
7682 8130.6117442
7683 8132.6483265
7684 8134.68482798
7685 8136.72124861
7686 8138.75758834
7687 8140.79384712
7688 8142.83002491
7689 8144.86612167
7690 8146.90213735
7691 8148.93807191
7692 8150.97392531
7693 8153.00969749
7694 8155.04538843
7695 8157.08099806
7696 8159.11652636
7697 8161.15197328
7698 8163.18733876
7699 8165.22262278
7700 8167.25782529
7701 8169.29294623
7702 8171.32798558
7703 8173.36294328
7704 8175.39781929
7705 8177.43261357
7706 8179.46732608
7707 8181.50195384
7708 8183.53650267
7709 8185.57096959
7710 8187.60535457
7711 8189.63964726
7712 8191.67386821
7713 8193.70800708
7714 8195.74206382
7715 8197.77603841
7716 8199.80993078
7717 8201.84374091
7718 8203.87746874
7719 8205.91111424
7720 8207.94467735
7721 8209.97815805
7722 8212.01155627
7723 8214.04487199
7724 8216.07810516
7725 8218.11125574
7726 8220.14432367
7727 8222.17730893
7728 8224.21021147
7729 8226.24303124
7730 8228.2757682
7731 8230.30842231
7732 8232.34099352
7733 8234.37348181
7734 8236.40588711
7735 8238.43820939
7736 8240.4704486
7737 8242.50260471
7738 8244.53467767
7739 8246.56666452
7740 8248.59857105
7741 8250.63039431
7742 8252.66213425
7743 8254.69379083
7744 8256.725364
7745 8258.75685373
7746 8260.78825996
7747 8262.81957232
7748 8264.85081145
7749 8266.88196697
7750 8268.91303883
7751 8270.94402699
7752 8272.9749314
7753 8275.00575204
7754 8277.03648884
7755 8279.06714178
7756 8281.09771081
7757 8283.12819589
7758 8285.15859697
7759 8287.18891402
7760 8289.21914699
7761 8291.24929583
7762 8293.27936052
7763 8295.309341
7764 8297.33923723
7765 8299.36904918
7766 8301.3987768
7767 8303.42842005
7768 8305.45797888
7769 8307.48745326
7770 8309.51684022
7771 8311.54614557
7772 8313.57536633
7773 8315.60450247
7774 8317.63355396
7775 8319.66252073
7776 8321.69140276
7777 8323.72020001
7778 8325.74891242
7779 8327.77753996
7780 8329.8060826
7781 8331.83454027
7782 8333.86290254
7783 8335.89119018
7784 8337.91939275
7785 8339.9475102
7786 8341.97554249
7787 8344.00348958
7788 8346.03135143
7789 8348.05912799
7790 8350.08681923
7791 8352.1144251
7792 8354.14194557
7793 8356.16938058
7794 8358.19673011
7795 8360.22399411
7796 8362.25117254
7797 8364.27826535
7798 8366.30527252
7799 8368.33219398
7800 8370.35902972
7801 8372.38577967
7802 8374.41244089
7803 8376.43901917
7804 8378.46551156
7805 8380.491918
7806 8382.51823847
7807 8384.54447291
7808 8386.5706213
7809 8388.59668358
7810 8390.62265972
7811 8392.64854967
7812 8394.6743534
7813 8396.70007087
7814 8398.72570203
7815 8400.75124685
7816 8402.77670528
7817 8404.80207729
7818 8406.82735234
7819 8408.85255136
7820 8410.87766385
7821 8412.90268974
7822 8414.927629
7823 8416.9524816
7824 8418.97724749
7825 8421.00192662
7826 8423.02651897
7827 8425.05102449
7828 8427.07544314
7829 8429.09977488
7830 8431.12401966
7831 8433.14817746
7832 8435.17224823
7833 8437.19623193
7834 8439.22012559
7835 8441.24393502
7836 8443.26765727
7837 8445.29129228
7838 8447.31484003
7839 8449.33830046
7840 8451.36167355
7841 8453.38495924
7842 8455.40815751
7843 8457.4312683
7844 8459.45429159
7845 8461.47722732
7846 8463.50007547
7847 8465.52283599
7848 8467.54550884
7849 8469.56809398
7850 8471.59059138
7851 8473.61300099
7852 8475.63532277
7853 8477.65754613
7854 8479.67969213
7855 8481.7017502
7856 8483.72372027
7857 8485.74560233
7858 8487.76739631
7859 8489.7891022
7860 8491.81071995
7861 8493.83224951
7862 8495.85369085
7863 8497.87504393
7864 8499.89630871
7865 8501.91748223
7866 8503.93857029
7867 8505.95956994
7868 8507.98048113
7869 8510.00130382
7870 8512.02203798
7871 8514.04268357
7872 8516.06324054
7873 8518.08370886
7874 8520.10408849
7875 8522.1243794
7876 8524.14458153
7877 8526.16469485
7878 8528.18471933
7879 8530.20465492
7880 8532.22450158
7881 8534.24425929
7882 8536.26392799
7883 8538.28350765
7884 8540.30299823
7885 8542.32239969
7886 8544.34171199
7887 8546.3609351
7888 8548.38006898
7889 8550.39910295
7890 8552.41805824
7891 8554.43692418
7892 8556.45570073
7893 8558.47438784
7894 8560.4929855
7895 8562.51149365
7896 8564.52991225
7897 8566.54823835
7898 8568.56647776
7899 8570.5846275
7900 8572.60268755
7901 8574.62065787
7902 8576.63853841
7903 8578.65632914
7904 8580.67403002
7905 8582.69164101
7906 8584.70916208
7907 8586.72659318
7908 8588.74393428
7909 8590.76118533
7910 8592.77834631
7911 8594.79541717
7912 8596.81239788
7913 8598.82928839
7914 8600.84608867
7915 8602.86279868
7916 8604.87941839
7917 8606.89594775
7918 8608.91238673
7919 8610.92873528
7920 8612.94499338
7921 8614.96116098
7922 8616.97723804
7923 8618.99322454
7924 8621.00910973
7925 8623.02491496
7926 8625.04062951
7927 8627.05625334
7928 8629.0717864
7929 8631.08722574
7930 8633.10257717
7931 8635.11783772
7932 8637.13300737
7933 8639.14808606
7934 8641.16307377
7935 8643.17797045
7936 8645.19277607
7937 8647.2074906
7938 8649.22211398
7939 8651.2366462
7940 8653.2510872
7941 8655.26543695
7942 8657.27969542
7943 8659.29386256
7944 8661.30793835
7945 8663.32192273
7946 8665.33581569
7947 8667.34961716
7948 8669.36332713
7949 8671.37694556
7950 8673.3904724
7951 8675.40390761
7952 8677.41725117
7953 8679.43050304
7954 8681.44366317
7955 8683.45673154
7956 8685.4697081
7957 8687.48259281
7958 8689.49538565
7959 8691.50808657
7960 8693.52068478
7961 8695.53319882
7962 8697.54562377
7963 8699.55795665
7964 8701.57019743
7965 8703.58234607
7966 8705.59440254
7967 8707.60636679
7968 8709.6182388
7969 8711.63001852
7970 8713.64170593
7971 8715.65330097
7972 8717.66480362
7973 8719.67621384
7974 8721.68753159
7975 8723.69875683
7976 8725.70988954
7977 8727.72092967
7978 8729.73187718
7979 8731.74273204
7980 8733.75349422
7981 8735.76416367
7982 8737.77474037
7983 8739.78522427
7984 8741.79561533
7985 8743.80591353
7986 8745.81611883
7987 8747.82623118
7988 8749.83625056
7989 8751.84617692
7990 8753.85601023
7991 8755.86575046
7992 8757.87539464
7993 8759.88494859
7994 8761.89440934
7995 8763.90376605
7996 8765.9130403
7997 8767.92222126
7998 8769.93130887
7999 8771.94030312
8000 8773.94920395
8001 8775.95801134
8002 8777.96672524
8003 8779.97534563
8004 8781.98387246
8005 8783.99230571
8006 8786.00064533
8007 8788.00889129
8008 8790.01704355
8009 8792.02510208
8010 8794.03306685
8011 8796.04093781
8012 8798.04871493
8013 8800.05639817
8014 8802.06398751
8015 8804.07148289
8016 8806.0788843
8017 8808.08619169
8018 8810.09340503
8019 8812.10052428
8020 8814.1075494
8021 8816.11448037
8022 8818.12131714
8023 8820.12805968
8024 8822.13470503
8025 8824.14125901
8026 8826.14771865
8027 8828.15408392
8028 8830.16035478
8029 8832.1665312
8030 8834.17261314
8031 8836.17858969
8032 8838.18448257
8033 8840.19028087
8034 8842.19598455
8035 8844.20159358
8036 8846.20710793
8037 8848.21252755
8038 8850.21785241
8039 8852.22308248
8040 8854.22821772
8041 8856.23325809
8042 8858.23820357
8043 8860.24305412
8044 8862.2478097
8045 8864.25247028
8046 8866.25703582
8047 8868.26150628
8048 8870.26588164
8049 8872.27016186
8050 8874.27434691
8051 8876.27843674
8052 8878.28243132
8053 8880.28633063
8054 8882.29013461
8055 8884.29384325
8056 8886.29745358
8057 8888.30097142
8058 8890.3043938
8059 8892.30772069
8060 8894.31095206
8061 8896.31408787
8062 8898.3171281
8063 8900.32007269
8064 8902.32292162
8065 8904.32567486
8066 8906.32832142
8067 8908.33088316
8068 8910.33334911
8069 8912.33571922
8070 8914.33799347
8071 8916.34017181
8072 8918.34225422
8073 8920.34424066
8074 8922.3461311
8075 8924.3479255
8076 8926.34962383
8077 8928.35122605
8078 8930.35273213
8079 8932.35414203
8080 8934.35545573
8081 8936.35667318
8082 8938.35779436
8083 8940.35881923
8084 8942.35974775
8085 8944.3605799
8086 8946.36131563
8087 8948.36195199
8088 8950.36249479
8089 8952.36294109
8090 8954.36329083
8091 8956.36354399
8092 8958.36370054
8093 8960.36376044
8094 8962.36372365
8095 8964.36359015
8096 8966.3633599
8097 8968.36303286
8098 8970.36260901
8099 8972.3620883
8100 8974.36147071
8101 8976.3607562
8102 8978.35993372
8103 8980.35902528
8104 8982.35801981
8105 8984.35691729
8106 8986.35571768
8107 8988.35442096
8108 8990.35302708
8109 8992.35153601
8110 8994.34994773
8111 8996.34826219
8112 8998.34647937
8113 9000.34459922
8114 9002.34262173
8115 9004.34054684
8116 9006.33837454
8117 9008.33610479
8118 9010.33373755
8119 9012.33126986
8120 9014.32870754
8121 9016.32604765
8122 9018.32329013
8123 9020.32043496
8124 9022.31748211
8125 9024.31443154
8126 9026.31128322
8127 9028.30803712
8128 9030.30469319
8129 9032.30125142
8130 9034.29771177
8131 9036.2940742
8132 9038.29033869
8133 9040.28650519
8134 9042.28257368
8135 9044.27854412
8136 9046.27441648
8137 9048.27017964
8138 9050.26585575
8139 9052.26143367
8140 9054.25691339
8141 9056.25229486
8142 9058.24757805
8143 9060.24276294
8144 9062.23784948
8145 9064.23283766
8146 9066.22772742
8147 9068.22251875
8148 9070.2172116
8149 9072.21180596
8150 9074.20630177
8151 9076.20069609
8152 9078.19499473
8153 9080.18919475
8154 9082.18329609
8155 9084.17729874
8156 9086.17120266
8157 9088.16500781
8158 9090.15871417
8159 9092.1523217
8160 9094.14583037
8161 9096.13924015
8162 9098.13255101
8163 9100.1257629
8164 9102.11887581
8165 9104.1118897
8166 9106.10480454
8167 9108.09762029
8168 9110.09033692
8169 9112.08295441
8170 9114.07547271
8171 9116.0678918
8172 9118.06021165
8173 9120.05242107
8174 9122.04454233
8175 9124.03656424
8176 9126.02848679
8177 9128.02030993
8178 9130.01203363
8179 9132.00365786
8180 9133.9951826
8181 9135.9866078
8182 9137.97793344
8183 9139.96915655
8184 9141.96028297
8185 9143.95130972
8186 9145.94223679
8187 9147.93306413
8188 9149.92379172
8189 9151.91441952
8190 9153.90494751
8191 9155.89537565
8192 9157.88570391
8193 9159.87593225
8194 9161.86606066
8195 9163.85608908
8196 9165.84601751
8197 9167.83584589
8198 9169.8255742
8199 9171.81520242
8200 9173.8047305
8201 9175.79415842
8202 9177.78348614
8203 9179.77271364
8204 9181.76184089
8205 9183.75086784
8206 9185.73979447
8207 9187.72862076
8208 9189.71733544
8209 9191.70596093
8210 9193.69448597
8211 9195.68291054
8212 9197.6712346
8213 9199.65945812
8214 9201.64757814
8215 9203.6356005
8216 9205.62352222
8217 9207.61134328
8218 9209.59906365
8219 9211.58668329
8220 9213.57420218
8221 9215.56162028
8222 9217.54893757
8223 9219.53615401
8224 9221.52326957
8225 9223.51028422
8226 9225.49719793
8227 9227.48401068
8228 9229.47072242
8229 9231.45733312
8230 9233.44384277
8231 9235.43025132
8232 9237.41655875
8233 9239.40276502
8234 9241.38887011
8235 9243.37487398
8236 9245.3607766
8237 9247.34657795
8238 9249.33227798
8239 9251.31787668
8240 9253.30337401
8241 9255.28876995
8242 9257.27406445
8243 9259.25925749
8244 9261.24433776
8245 9263.22932779
8246 9265.21421334
8247 9267.19900023
8248 9269.18368551
8249 9271.16826915
8250 9273.15275112
8251 9275.13713138
8252 9277.12140991
8253 9279.10558668
8254 9281.08966165
8255 9283.0736348
8256 9285.0575061
8257 9287.04127551
8258 9289.024943
8259 9291.00850855
8260 9292.99197213
8261 9294.9753337
8262 9296.95859324
8263 9298.94175071
8264 9300.92480609
8265 9302.90775935
8266 9304.89061044
8267 9306.87335936
8268 9308.85600606
8269 9310.83855051
8270 9312.8209927
8271 9314.80333257
8272 9316.78557012
8273 9318.7677053
8274 9320.74973808
8275 9322.73166845
8276 9324.71349636
8277 9326.69522179
8278 9328.67684177
8279 9330.6583508
8280 9332.6397686
8281 9334.6210838
8282 9336.60229637
8283 9338.58340628
8284 9340.56441349
8285 9342.54531799
8286 9344.52611974
8287 9346.50681871
8288 9348.48741487
8289 9350.46790819
8290 9352.44829865
8291 9354.42858621
8292 9356.40877084
8293 9358.38885252
8294 9360.36883122
8295 9362.3487069
8296 9364.32847953
8297 9366.3081491
8298 9368.28771556
8299 9370.26717889
8300 9372.24653906
8301 9374.22579604
8302 9376.20494981
8303 9378.18400032
8304 9380.16294756
8305 9382.14179149
8306 9384.12053208
8307 9386.09916931
8308 9388.07770315
8309 9390.05613064
8310 9392.0344576
8311 9394.01268108
8312 9395.99080106
8313 9397.96881749
8314 9399.94673036
8315 9401.92452822
8316 9403.90223387
8317 9405.87983586
8318 9407.85733416
8319 9409.83472876
8320 9411.81201961
8321 9413.7892067
8322 9415.76628998
8323 9417.74326944
8324 9419.72014504
8325 9421.69691676
8326 9423.67358457
8327 9425.65014843
8328 9427.62660832
8329 9429.60296422
8330 9431.57921608
8331 9433.55536389
8332 9435.53140762
8333 9437.50734723
8334 9439.4831827
8335 9441.458914
8336 9443.4345411
8337 9445.41006397
8338 9447.38548259
8339 9449.36079692
8340 9451.33600694
8341 9453.31110969
8342 9455.28611099
8343 9457.2610079
8344 9459.23580039
8345 9461.21048842
8346 9463.18507197
8347 9465.159551
8348 9467.1339255
8349 9469.10819543
8350 9471.08236076
8351 9473.05641
8352 9475.03036606
8353 9477.00421743
8354 9478.9779641
8355 9480.95160603
8356 9482.9251432
8357 9484.89857557
8358 9486.87190312
8359 9488.84512583
8360 9490.81824366
8361 9492.79125658
8362 9494.76416457
8363 9496.7369676
8364 9498.70966564
8365 9500.68225867
8366 9502.65474665
8367 9504.62712956
8368 9506.59940737
8369 9508.57158005
8370 9510.54364758
8371 9512.51560992
8372 9514.48746705
8373 9516.45921602
8374 9518.43086265
8375 9520.40240398
8376 9522.37383999
8377 9524.34517065
8378 9526.31639594
8379 9528.28751582
8380 9530.25853026
8381 9532.22943925
8382 9534.20024275
8383 9536.17094074
8384 9538.14153318
8385 9540.11202005
8386 9542.0823898
8387 9544.05266544
8388 9546.02283544
8389 9547.99289976
8390 9549.96285837
8391 9551.93271124
8392 9553.90245836
8393 9555.87209968
8394 9557.84163519
8395 9559.81106485
8396 9561.78038864
8397 9563.74960654
8398 9565.71871851
8399 9567.68772452
8400 9569.65662456
8401 9571.62541859
8402 9573.59410658
8403 9575.56268852
8404 9577.53116143
8405 9579.49953116
8406 9581.46779475
8407 9583.43595217
8408 9585.40400339
8409 9587.37194838
8410 9589.33978713
8411 9591.3075196
8412 9593.27514576
8413 9595.24266559
8414 9597.21007906
8415 9599.17738615
8416 9601.14458683
8417 9603.11168106
8418 9605.07866884
8419 9607.04555011
8420 9609.01232487
8421 9610.97899308
8422 9612.94554313
8423 9614.91199816
8424 9616.87834657
8425 9618.84458833
8426 9620.81072341
8427 9622.77675178
8428 9624.74267342
8429 9626.70848829
8430 9628.67419639
8431 9630.63979766
8432 9632.6052921
8433 9634.57067968
8434 9636.53596036
8435 9638.50113412
8436 9640.466198
8437 9642.43115785
8438 9644.39601069
8439 9646.36075651
8440 9648.32539528
8441 9650.28992697
8442 9652.25435156
8443 9654.21866902
8444 9656.18287932
8445 9658.14698243
8446 9660.11097834
8447 9662.07486701
8448 9664.03864843
8449 9666.00232255
8450 9667.96588936
8451 9669.92934882
8452 9671.89270093
8453 9673.85594564
8454 9675.81908293
8455 9677.78211277
8456 9679.74503514
8457 9681.70783836
8458 9683.67054572
8459 9685.63314552
8460 9687.59563775
8461 9689.55802237
8462 9691.52029937
8463 9693.48246872
8464 9695.44453039
8465 9697.40648435
8466 9699.36833058
8467 9701.33006906
8468 9703.29169682
8469 9705.25321971
8470 9707.21463476
8471 9709.17594195
8472 9711.13714125
8473 9713.09823265
8474 9715.0592161
8475 9717.0200916
8476 9718.9808591
8477 9720.94151859
8478 9722.90207004
8479 9724.86251343
8480 9726.82284872
8481 9728.7830759
8482 9730.74319493
8483 9732.7032058
8484 9734.66310847
8485 9736.62290292
8486 9738.58258913
8487 9740.54216707
8488 9742.50163672
8489 9744.46099804
8490 9746.42025102
8491 9748.37939562
8492 9750.33843183
8493 9752.29734789
8494 9754.25616723
8495 9756.21487809
8496 9758.17348046
8497 9760.1319743
8498 9762.09035959
8499 9764.0486363
8500 9766.00680149
8501 9767.96486098
8502 9769.92281183
8503 9771.88065399
8504 9773.83838746
8505 9775.7960122
8506 9777.75352819
8507 9779.71093541
8508 9781.66823382
8509 9783.62542341
8510 9785.58250415
8511 9787.53947601
8512 9789.49633897
8513 9791.453093
8514 9793.40973809
8515 9795.3662742
8516 9797.3227013
8517 9799.27901938
8518 9801.23522842
8519 9803.19132837
8520 9805.14731923
8521 9807.10320096
8522 9809.05897354
8523 9811.01463694
8524 9812.97019115
8525 9814.92563613
8526 9816.88097186
8527 9818.83619832
8528 9820.7913037
8529 9822.74631154
8530 9824.70121002
8531 9826.65599621
8532 9828.61067593
8533 9830.56524623
8534 9832.51970708
8535 9834.47405846
8536 9836.42830034
8537 9838.3824327
8538 9840.33645552
8539 9842.29036877
8540 9844.24417243
8541 9846.19786647
8542 9848.15145087
8543 9850.1049256
8544 9852.05829064
8545 9854.01154596
8546 9855.96469154
8547 9857.91772736
8548 9859.87065339
8549 9861.82346961
8550 9863.77617599
8551 9865.72877251
8552 9867.68125915
8553 9869.63363587
8554 9871.58590266
8555 9873.53805949
8556 9875.49010634
8557 9877.44204318
8558 9879.39386999
8559 9881.34558675
8560 9883.29719342
8561 9885.24869
8562 9887.20007644
8563 9889.15134981
8564 9891.10250409
8565 9893.05356001
8566 9895.0045057
8567 9896.95534115
8568 9898.90606633
8569 9900.85668121
8570 9902.80718577
8571 9904.75757999
8572 9906.70786385
8573 9908.65803731
8574 9910.60810036
8575 9912.55805296
8576 9914.50789511
8577 9916.45762677
8578 9918.40724792
8579 9920.35675854
8580 9922.3061586
8581 9924.25544808
8582 9926.20462696
8583 9928.1536952
8584 9930.1026528
8585 9932.05149972
8586 9934.00023594
8587 9935.94886143
8588 9937.89737618
8589 9939.84578016
8590 9941.79407335
8591 9943.74225572
8592 9945.69032725
8593 9947.63828791
8594 9949.58613769
8595 9951.53387363
8596 9953.48150156
8597 9955.42901853
8598 9957.37642453
8599 9959.32370761
8600 9961.27089157
8601 9963.21796447
8602 9965.1649263
8603 9967.11177704
8604 9969.05851665
8605 9971.00514512
8606 9972.95166242
8607 9974.89806852
8608 9976.84436342
8609 9978.79054707
8610 9980.73661947
8611 9982.68258058
8612 9984.62843039
8613 9986.57416886
8614 9988.51979598
8615 9990.46531173
8616 9992.41071607
8617 9994.35600899
8618 9996.30119047
8619 9998.24626048
8620 10000.191219
8621 10002.136066
8622 10004.08080146
8623 10006.02542537
8624 10007.96993769
8625 10009.9143384
8626 10011.85862456
8627 10013.80280199
8628 10015.74686775
8629 10017.69082181
8630 10019.63466415
8631 10021.57839475
8632 10023.52201358
8633 10025.46552062
8634 10027.40891585
8635 10029.35218728
8636 10031.29535881
8637 10033.23841847
8638 10035.18136622
8639 10037.12420205
8640 10039.06692593
8641 10041.00953784
8642 10042.95203776
8643 10044.89442566
8644 10046.83670152
8645 10048.77886532
8646 10050.72091704
8647 10052.66285665
8648 10054.60468414
8649 10056.54639947
8650 10058.48800263
8651 10060.42949359
8652 10062.37087234
8653 10064.31213885
8654 10066.25329309
8655 10068.19433504
8656 10070.13526469
8657 10072.07608201
8658 10074.01678405
8659 10075.95737664
8660 10077.89785684
8661 10079.83822461
8662 10081.77847995
8663 10083.71862282
8664 10085.6586532
8665 10087.59857108
8666 10089.53837643
8667 10091.47806922
8668 10093.41764944
8669 10095.35711706
8670 10097.29646004
8671 10099.2357024
8672 10101.1748321
8673 10103.11384911
8674 10105.05275341
8675 10106.99154499
8676 10108.93022381
8677 10110.86878987
8678 10112.80724312
8679 10114.74558356
8680 10116.68381116
8681 10118.6219259
8682 10120.55992776
8683 10122.49781671
8684 10124.43559274
8685 10126.37325582
8686 10128.31080592
8687 10130.24824304
8688 10132.18556714
8689 10134.12277821
8690 10136.05987329
8691 10137.99685822
8692 10139.93373004
8693 10141.87048875
8694 10143.80713431
8695 10145.74366671
8696 10147.68008592
8697 10149.61639192
8698 10151.55258469
8699 10153.4886642
8700 10155.42463044
8701 10157.36048339
8702 10159.29622302
8703 10161.23184931
8704 10163.16736224
8705 10165.10276179
8706 10167.03803585
8707 10168.97320857
8708 10170.90826784
8709 10172.84321365
8710 10174.77804597
8711 10176.71276478
8712 10178.64737005
8713 10180.58186178
8714 10182.51623992
8715 10184.45050448
8716 10186.38465541
8717 10188.31869271
8718 10190.25261635
8719 10192.18642631
8720 10194.12012257
8721 10196.0537051
8722 10197.98717096
8723 10199.92052598
8724 10201.85376722
8725 10203.78689465
8726 10205.71990825
8727 10207.652808
8728 10209.58559388
8729 10211.51826586
8730 10213.45082394
8731 10215.38326808
8732 10217.31559826
8733 10219.24781447
8734 10221.17991668
8735 10223.11190487
8736 10225.04377902
8737 10226.97553911
8738 10228.90718512
8739 10230.83871703
8740 10232.77013481
8741 10234.70142631
8742 10236.63261578
8743 10238.56369107
8744 10240.49465215
8745 10242.42549901
8746 10244.35623162
8747 10246.28684996
8748 10248.21735401
8749 10250.14774375
8750 10252.07801915
8751 10254.00818021
8752 10255.9382269
8753 10257.86815626
8754 10259.79797414
8755 10261.72767758
8756 10263.65726657
8757 10265.58674108
8758 10267.5161011
8759 10269.4453466
8760 10271.37447756
8761 10273.30349397
8762 10275.2323958
8763 10277.16118303
8764 10279.08985563
8765 10281.0184136
8766 10282.94685691
8767 10284.87518554
8768 10286.80339947
8769 10288.73149868
8770 10290.65948314
8771 10292.58735284
8772 10294.51510776
8773 10296.44274788
8774 10298.37027318
8775 10300.29768363
8776 10302.22497921
8777 10304.15214771
8778 10306.07921351
8779 10308.00616438
8780 10309.93300031
8781 10311.85972127
8782 10313.78632725
8783 10315.71281822
8784 10317.63919417
8785 10319.56545215
8786 10321.49159798
8787 10323.41762873
8788 10325.34354438
8789 10327.2693449
8790 10329.19503027
8791 10331.12060048
8792 10333.0460555
8793 10334.97139532
8794 10336.89661991
8795 10338.82172926
8796 10340.74672333
8797 10342.67160213
8798 10344.59636562
8799 10346.52101378
8800 10348.4455466
8801 10350.36996405
8802 10352.29426612
8803 10354.21845278
8804 10356.14252401
8805 10358.06647981
8806 10359.99032014
8807 10361.91404498
8808 10363.83765432
8809 10365.76114814
8810 10367.68452641
8811 10369.60778913
8812 10371.53092399
8813 10373.45395551
8814 10375.37687141
8815 10377.29967168
8816 10379.22235628
8817 10381.14492227
8818 10383.06737549
8819 10384.98971299
8820 10386.91193475
8821 10388.83404075
8822 10390.75603098
8823 10392.6779054
8824 10394.59966401
8825 10396.52130678
8826 10398.44283369
8827 10400.36424473
8828 10402.28553988
8829 10404.20671911
8830 10406.1277824
8831 10408.04872974
8832 10409.96956111
8833 10411.89027649
8834 10413.81087586
8835 10415.73135919
8836 10417.65172648
8837 10419.5719777
8838 10421.49211283
8839 10423.41213185
8840 10425.33203474
8841 10427.25182149
8842 10429.17149207
8843 10431.09104647
8844 10433.01048467
8845 10434.92980664
8846 10436.84901237
8847 10438.76810184
8848 10440.68705977
8849 10442.60591666
8850 10444.52465723
8851 10446.44328147
8852 10448.36178935
8853 10450.28018085
8854 10452.19845596
8855 10454.11661465
8856 10456.03465692
8857 10457.95258273
8858 10459.87039207
8859 10461.78808493
8860 10463.70566127
8861 10465.62312109
8862 10467.54046437
8863 10469.45769108
8864 10471.3748012
8865 10473.29179473
8866 10475.20867163
8867 10477.1254319
8868 10479.0420755
8869 10480.95860243
8870 10482.87501266
8871 10484.79130618
8872 10486.70748297
8873 10488.623543
8874 10490.53948627
8875 10492.45531274
8876 10494.37102241
8877 10496.28661525
8878 10498.20209125
8879 10500.11745038
8880 10502.0326897
8881 10503.94781505
8882 10505.86282348
8883 10507.77770259
8884 10509.69247712
8885 10511.60713468
8886 10513.52167525
8887 10515.4360988
8888 10517.35040533
8889 10519.2645948
8890 10521.17866721
8891 10523.09262254
8892 10525.00646076
8893 10526.92018186
8894 10528.83378581
8895 10530.74727261
8896 10532.66064224
8897 10534.57389466
8898 10536.48702988
8899 10538.40004786
8900 10540.31294859
8901 10542.22573205
8902 10544.13839823
8903 10546.0509471
8904 10547.96337865
8905 10549.87569285
8906 10551.7878897
8907 10553.69996917
8908 10555.61193125
8909 10557.52377591
8910 10559.43550314
8911 10561.34711292
8912 10563.25860231
8913 10565.16997713
8914 10567.08123446
8915 10568.99237426
8916 10570.90339652
8917 10572.81430122
8918 10574.72508835
8919 10576.63574543
8920 10578.54629735
8921 10580.45673164
8922 10582.36704828
8923 10584.27724726
8924 10586.18732855
8925 10588.09729215
8926 10590.00713802
8927 10591.91686616
8928 10593.82647654
8929 10595.73596915
8930 10597.64534397
8931 10599.55460098
8932 10601.46374016
8933 10603.3727615
8934 10605.28166498
8935 10607.19045059
8936 10609.09911829
8937 10611.00766808
8938 10612.91609994
8939 10614.82441385
8940 10616.73260979
8941 10618.64068775
8942 10620.54864771
8943 10622.45648964
8944 10624.36421062
8945 10626.27181646
8946 10628.17930423
8947 10630.08667391
8948 10631.99392548
8949 10633.90105893
8950 10635.80807424
8951 10637.71497139
8952 10639.62175035
8953 10641.52841113
8954 10643.43494119
8955 10645.34136552
8956 10647.2476716
8957 10649.15385942
8958 10651.05992896
8959 10652.9658802
8960 10654.87171312
8961 10656.77742771
8962 10658.68302395
8963 10660.58850182
8964 10662.49386131
8965 10664.39910239
8966 10666.30422505
8967 10668.20922928
8968 10670.11411505
8969 10672.01888235
8970 10673.92353116
8971 10675.82806147
8972 10677.73247325
8973 10679.6367665
8974 10681.54094118
8975 10683.44499437
8976 10685.3489319
8977 10687.25275081
8978 10689.1564511
8979 10691.06003275
8980 10692.96349574
8981 10694.86684005
8982 10696.77006567
8983 10698.67317257
8984 10700.57616076
8985 10702.47903019
8986 10704.38178087
8987 10706.28441277
8988 10708.18692588
8989 10710.08932017
8990 10711.99158307
8991 10713.89373969
8992 10715.79577745
8993 10717.69769632
8994 10719.59949631
8995 10721.50117738
8996 10723.40273952
8997 10725.30418271
8998 10727.20550694
8999 10729.1067122
9000 10731.00779845
9001 10732.9087657
9002 10734.80961391
9003 10736.71034308
9004 10738.61095319
9005 10740.51144422
9006 10742.41181615
9007 10744.31206605
9008 10746.21219974
9009 10748.11221428
9010 10750.01210967
9011 10751.91188587
9012 10753.81154288
9013 10755.71108068
9014 10757.61049925
9015 10759.50979857
9016 10761.40897864
9017 10763.30803942
9018 10765.20698092
9019 10767.1058031
9020 10769.00450596
9021 10770.90308947
9022 10772.80155362
9023 10774.6998984
9024 10776.59812379
9025 10778.49621714
9026 10780.3942037
9027 10782.29207081
9028 10784.18981846
9029 10786.08744664
9030 10787.98495533
9031 10789.88234451
9032 10791.77961417
9033 10793.6767643
9034 10795.57379486
9035 10797.47070586
9036 10799.36749727
9037 10801.26416908
9038 10803.16072127
9039 10805.0571509
9040 10806.9534638
9041 10808.84965704
9042 10810.74573059
9043 10812.64168444
9044 10814.53751857
9045 10816.43323298
9046 10818.32882764
9047 10820.22430253
9048 10822.11965764
9049 10824.01489296
9050 10825.91000847
9051 10827.80500414
9052 10829.69987998
9053 10831.59463596
9054 10833.48927206
9055 10835.38378827
9056 10837.27818457
9057 10839.17246095
9058 10841.06661739
9059 10842.96065388
9060 10844.8545704
9061 10846.74835425
9062 10848.64203078
9063 10850.53558729
9064 10852.42902377
9065 10854.3223402
9066 10856.21553656
9067 10858.10861285
9068 10860.00156903
9069 10861.89440511
9070 10863.78711814
9071 10865.67971394
9072 10867.57218959
9073 10869.46454506
9074 10871.35678035
9075 10873.24889542
9076 10875.14089028
9077 10877.0327649
9078 10878.92451927
9079 10880.81615337
9080 10882.70766719
9081 10884.59906071
9082 10886.49033392
9083 10888.38148679
9084 10890.27251932
9085 10892.16343149
9086 10894.05422329
9087 10895.94489469
9088 10897.83544569
9089 10899.72587627
9090 10901.6161864
9091 10903.50637609
9092 10905.39644531
9093 10907.28639404
9094 10909.17622228
9095 10911.06593
9096 10912.95550446
9097 10914.84497111
9098 10916.73431719
9099 10918.62354271
9100 10920.51264763
9101 10922.40163195
9102 10924.29049272
9103 10926.17923578
9104 10928.06785819
9105 10929.95635994
9106 10931.844741
9107 10933.73300137
9108 10935.62114103
9109 10937.50915996
9110 10939.39705814
9111 10941.28483558
9112 10943.17249224
9113 10945.06002811
9114 10946.94744318
9115 10948.83473744
9116 10950.72191086
9117 10952.60896344
9118 10954.49589516
9119 10956.382706
9120 10958.26939595
9121 10960.15596499
9122 10962.04241311
9123 10963.9287403
9124 10965.81494653
9125 10967.7010318
9126 10969.58699609
9127 10971.47283938
9128 10973.35856167
9129 10975.24416292
9130 10977.12964314
9131 10979.0150023
9132 10980.90022761
9133 10982.78534462
9134 10984.6703376
9135 10986.5552124
9136 10988.43996607
9137 10990.32459859
9138 10992.20910996
9139 10994.74817707
9140 10997.28714564
9141 10999.8260028
9142 11002.36477124
9143 11004.90344395
9144 11007.44201797
9145 11009.98047753
9146 11012.51885408
9147 11015.05713184
9148 11017.59531079
9149 11020.13337513
9150 11022.67135633
9151 11025.20923862
9152 11027.74700619
9153 11030.28469054
9154 11032.82227586
9155 11035.35976213
9156 11037.89713354
9157 11040.4344216
9158 11042.97161051
9159 11045.50869731
9160 11048.04567496
9161 11050.5825662
9162 11053.11935816
9163 11055.65603502
9164 11058.1926283
9165 11060.7291222
9166 11063.26551668
9167 11065.80179592
9168 11068.33799146
9169 11070.87408748
9170 11073.41008103
9171 11075.94596503
9172 11078.4817623
9173 11081.01745991
9174 11083.55304204
9175 11086.08854025
9176 11088.62393871
9177 11091.15923447
9178 11093.69442044
9179 11096.22951945
9180 11098.76451858
9181 11101.29941487
9182 11103.83420124
9183 11106.36890053
9184 11108.9034998
9185 11111.4379832
9186 11113.97238235
9187 11116.50668139
9188 11119.04087736
9189 11121.57496316
9190 11124.10896167
9191 11126.64285993
9192 11129.176655
9193 11131.71033975
9194 11134.24393709
9195 11136.77743114
9196 11139.31081477
9197 11141.84411089
9198 11144.37730655
9199 11146.91039878
9200 11149.44338045
9201 11151.97627449
9202 11154.50906794
9203 11157.04175783
9204 11159.57433703
9205 11162.10682848
9206 11164.63921628
9207 11167.17149328
9208 11169.70368244
9209 11172.23577077
9210 11174.76775533
9211 11177.29962895
9212 11179.8314146
9213 11182.36309639
9214 11184.8946801
9215 11187.42614982
9216 11189.95753146
9217 11192.4888091
9218 11195.01997555
9219 11197.55105384
9220 11200.08202803
9221 11202.61290392
9222 11205.14366558
9223 11207.67433895
9224 11210.20490809
9225 11212.73537881
9226 11215.26573516
9227 11217.7960031
9228 11220.32616668
9229 11222.8562187
9230 11225.38618223
9231 11227.91604131
9232 11230.44580174
9233 11232.97544756
9234 11235.50500477
9235 11238.0344574
9236 11240.56381125
9237 11243.09305035
9238 11245.62219781
9239 11248.15124639
9240 11250.68018013
9241 11253.20902504
9242 11255.73776515
9243 11258.26640627
9244 11260.7949324
9245 11263.32336959
9246 11265.85170185
9247 11268.379935
9248 11270.90805302
9249 11273.43607906
9250 11275.96400589
9251 11278.4918175
9252 11281.01953996
9253 11283.54715728
9254 11286.07467525
9255 11288.60207786
9256 11291.1293883
9257 11293.65659929
9258 11296.18370791
9259 11298.71070103
9260 11301.23760185
9261 11303.76440311
9262 11306.29108878
9263 11308.81768498
9264 11311.34417569
9265 11313.87056672
9266 11316.39684202
9267 11318.92302481
9268 11321.44910783
9269 11323.97508812
9270 11326.50095254
9271 11329.02672435
9272 11331.55239626
9273 11334.07795221
9274 11336.60341545
9275 11339.1287787
9276 11341.654039
9277 11344.1791832
9278 11346.70423459
9279 11349.22918585
9280 11351.75403405
9281 11354.27876309
9282 11356.80340505
9283 11359.32794384
9284 11361.8523663
9285 11364.37669575
9286 11366.90092485
9287 11369.42505067
9288 11371.94906003
9289 11374.47297626
9290 11376.99679203
9291 11379.52050439
9292 11382.04409723
9293 11384.56760267
9294 11387.09100461
9295 11389.61428985
9296 11392.13748177
9297 11394.66057301
9298 11397.18356062
9299 11399.70642849
9300 11402.22920876
9301 11404.75188531
9302 11407.27445811
9303 11409.79691104
9304 11412.31927625
9305 11414.84153762
9306 11417.36368194
9307 11419.88573262
9308 11422.40768228
9309 11424.92952799
9310 11427.45125359
9311 11429.97289128
9312 11432.49442491
9313 11435.01585447
9314 11437.53716379
9315 11440.05838508
9316 11442.5795022
9317 11445.10049899
9318 11447.62140766
9319 11450.14221208
9320 11452.6629122
9321 11455.18349185
9322 11457.70398329
9323 11460.22437034
9324 11462.74465005
9325 11465.26481502
9326 11467.78488873
9327 11470.30485794
9328 11472.82470646
9329 11475.34446656
9330 11477.86412206
9331 11480.38367294
9332 11482.903103
9333 11485.42244454
9334 11487.94168136
9335 11490.46081051
9336 11492.97982456
9337 11495.49874705
9338 11498.0175647
9339 11500.53626132
9340 11503.05486921
9341 11505.57337217
9342 11508.09176727
9343 11510.61004703
9344 11513.12823504
9345 11515.64631801
9346 11518.16429298
9347 11520.6821525
9348 11523.19992015
9349 11525.71758264
9350 11528.23512374
9351 11530.75257581
9352 11533.26992264
9353 11535.78716126
9354 11538.3042842
9355 11540.82131509
9356 11543.3382406
9357 11545.8550578
9358 11548.37175919
9359 11550.88836842
9360 11553.40486924
9361 11555.92125416
9362 11558.43754683
9363 11560.95373393
9364 11563.4698125
9365 11565.98577504
9366 11568.50164523
9367 11571.01740973
9368 11573.53306558
9369 11576.04860528
9370 11578.56405252
9371 11581.07939102
9372 11583.59461328
9373 11586.10974299
9374 11588.62476681
9375 11591.13968177
9376 11593.65448037
9377 11596.16918631
9378 11598.68378331
9379 11601.1982772
9380 11603.71265166
9381 11606.22693336
9382 11608.74110601
9383 11611.25516207
9384 11613.76912529
9385 11616.28297937
9386 11618.79673012
9387 11621.31036124
9388 11623.8238994
9389 11626.33732832
9390 11628.85065378
9391 11631.36385949
9392 11633.87697214
9393 11636.38997543
9394 11638.90286178
9395 11641.41565499
9396 11643.92833875
9397 11646.44091886
9398 11648.95337899
9399 11651.46574588
9400 11653.9780032
9401 11656.49015676
9402 11659.00219021
9403 11661.5141274
9404 11664.02596075
9405 11666.53767389
9406 11669.04929362
9407 11671.56080357
9408 11674.07220955
9409 11676.58349522
9410 11679.09468736
9411 11681.60576961
9412 11684.11674779
9413 11686.62760552
9414 11689.1383667
9415 11691.64902372
9416 11694.1595602
9417 11696.67000297
9418 11699.18033565
9419 11701.69056406
9420 11704.20067181
9421 11706.71068282
9422 11709.22058947
9423 11711.73038881
9424 11714.24006737
9425 11716.7496491
9426 11719.25912634
9427 11721.76848272
9428 11724.27774509
9429 11726.78689707
9430 11729.29594446
9431 11731.80487086
9432 11734.31370024
9433 11736.82242494
9434 11739.33104202
9435 11741.83953799
9436 11744.34793684
9437 11746.85623089
9438 11749.36440375
9439 11751.8724794
9440 11754.38045018
9441 11756.88831314
9442 11759.39605478
9443 11761.90369911
9444 11764.41123846
9445 11766.91866989
9446 11769.42597695
9447 11771.93319243
9448 11774.4402999
9449 11776.94728584
9450 11779.45417429
9451 11781.96095756
9452 11784.46763272
9453 11786.97418621
9454 11789.48064212
9455 11791.98699273
9456 11794.49323512
9457 11796.99935281
9458 11799.50537864
9459 11802.01129616
9460 11804.51709181
9461 11807.02278969
9462 11809.52838209
9463 11812.03386607
9464 11814.53922514
9465 11817.04449218
9466 11819.5496507
9467 11822.05468716
9468 11824.55962566
9469 11827.0644585
9470 11829.56918271
9471 11832.07378473
9472 11834.5782887
9473 11837.08268689
9474 11839.58697634
9475 11842.09114057
9476 11844.59521249
9477 11847.09917559
9478 11849.60301629
9479 11852.10675877
9480 11854.61039528
9481 11857.11392286
9482 11859.617325
9483 11862.12063466
9484 11864.62383531
9485 11867.12692694
9486 11869.62989301
9487 11872.13276649
9488 11874.63553086
9489 11877.13816959
9490 11879.64071565
9491 11882.14315252
9492 11884.64548017
9493 11887.14768206
9494 11889.64979119
9495 11892.15179101
9496 11894.65368151
9497 11897.15544613
9498 11899.65711789
9499 11902.15868023
9500 11904.66011662
9501 11907.16146006
9502 11909.66269402
9503 11912.16381846
9504 11914.66481682
9505 11917.16572214
9506 11919.66651786
9507 11922.16720104
9508 11924.66776386
9509 11927.16823063
9510 11929.66858769
9511 11932.16881847
9512 11934.66895604
9513 11937.16898382
9514 11939.66890179
9515 11942.16869337
9516 11944.66839163
9517 11947.16798
9518 11949.66745554
9519 11952.1668104
9520 11954.66606893
9521 11957.16521746
9522 11959.6642394
9523 11962.16316785
9524 11964.66198623
9525 11967.16069158
9526 11969.65927605
9527 11972.15776403
9528 11974.65614183
9529 11977.15440649
9530 11979.65255016
9531 11982.15059724
9532 11984.64853403
9533 11987.1463439
9534 11989.64406003
9535 11992.14166579
9536 11994.63915823
9537 11997.13652948
9538 11999.63380397
9539 12002.13096798
9540 12004.62801857
9541 12007.12494786
9542 12009.62178028
9543 12012.11849921
9544 12014.61509675
9545 12017.11159735
9546 12019.6079873
9547 12022.10426365
9548 12024.60041849
9549 12027.0964763
9550 12029.59242043
9551 12032.08825669
9552 12034.58396841
9553 12037.07958301
9554 12039.57508382
9555 12042.07046293
9556 12044.56574485
9557 12047.06091582
9558 12049.55597291
9559 12052.05090817
9560 12054.54574615
9561 12057.04047016
9562 12059.53508601
9563 12062.02957701
9564 12064.52397063
9565 12067.01825018
9566 12069.51240771
9567 12072.0064678
9568 12074.50041373
9569 12076.99425132
9570 12079.48796387
9571 12081.98157888
9572 12084.47507963
9573 12086.96847194
9574 12089.46173909
9575 12091.9549086
9576 12094.44796376
9577 12096.94089659
9578 12099.43373171
9579 12101.9264524
9580 12104.41906447
9581 12106.91155119
9582 12109.4039401
9583 12111.89621448
9584 12114.38838014
9585 12116.88042033
9586 12119.37235971
9587 12121.86419028
9588 12124.35589531
9589 12126.84750237
9590 12129.33899472
9591 12131.83037817
9592 12134.32163596
9593 12136.81279568
9594 12139.3038406
9595 12141.79477651
9596 12144.28558665
9597 12146.77629573
9598 12149.26689572
9599 12151.75736986
9600 12154.24774578
9601 12156.73800671
9602 12159.22815846
9603 12161.71818425
9604 12164.2081088
9605 12166.6979241
9606 12169.1876272
9607 12171.67720423
9608 12174.16667994
9609 12176.65604629
9610 12179.14528648
9611 12181.63442529
9612 12184.12345466
9613 12186.61237165
9614 12189.10116239
9615 12191.58985164
9616 12194.07843136
9617 12196.5668986
9618 12199.05523948
9619 12201.54347877
9620 12204.03160844
9621 12206.51961165
9622 12209.00751322
9623 12211.49530509
9624 12213.9829843
9625 12216.47053695
9626 12218.95798787
9627 12221.44532898
9628 12223.93255734
9629 12226.41965612
9630 12228.90665891
9631 12231.39354887
9632 12233.88031209
9633 12236.36697341
9634 12238.85352475
9635 12241.33996317
9636 12243.82627474
9637 12246.31248432
9638 12248.79858382
9639 12251.2845703
9640 12253.7704269
9641 12256.25618726
9642 12258.74183453
9643 12261.22735475
9644 12263.71277283
9645 12266.19808066
9646 12268.6832753
9647 12271.16833988
9648 12273.65330805
9649 12276.13816296
9650 12278.62290458
9651 12281.10751602
9652 12283.59203098
9653 12286.07643258
9654 12288.56070392
9655 12291.04487871
9656 12293.52894006
9657 12296.01288795
9658 12298.49670549
9659 12300.98042638
9660 12303.46403374
9661 12305.94752753
9662 12308.43089087
9663 12310.91415747
9664 12313.39731044
9665 12315.88033287
9666 12318.3632585
9667 12320.84607043
9668 12323.32876863
9669 12325.81133618
9670 12328.29380685
9671 12330.77616371
9672 12333.25840384
9673 12335.74051904
9674 12338.22253435
9675 12340.70443577
9676 12343.18620636
9677 12345.66787991
9678 12348.14943948
9679 12350.63088507
9680 12353.11219972
9681 12355.59341724
9682 12358.07452069
9683 12360.55550715
9684 12363.03636839
9685 12365.5171295
9686 12367.99777646
9687 12370.47829229
9688 12372.95871085
9689 12375.43901517
9690 12377.91920232
9691 12380.39926409
9692 12382.87922557
9693 12385.35907272
9694 12387.8388026
9695 12390.318407
9696 12392.79791102
9697 12395.27730062
9698 12397.75655882
9699 12400.2357195
9700 12402.71476569
9701 12405.19369444
9702 12407.67249753
9703 12410.15120009
9704 12412.62978806
9705 12415.10825851
9706 12417.58660318
9707 12420.06484724
9708 12422.54297371
9709 12425.02097432
9710 12427.49887426
9711 12429.97665945
9712 12432.45432695
9713 12434.9318685
9714 12437.40930928
9715 12439.88663231
9716 12442.36384338
9717 12444.84092548
9718 12447.31790673
9719 12449.79477014
9720 12452.2715074
9721 12454.74814377
9722 12457.22466512
9723 12459.70106853
9724 12462.17734569
9725 12464.65352187
9726 12467.12958003
9727 12469.60552598
9728 12472.08134268
9729 12474.5570583
9730 12477.03265582
9731 12479.50812691
9732 12481.98349688
9733 12484.45874866
9734 12486.93388807
9735 12489.40889805
9736 12491.8838068
9737 12494.35859729
9738 12496.83327531
9739 12499.3078238
9740 12501.78227098
9741 12504.2565998
9742 12506.73080193
9743 12509.20490269
9744 12511.67888502
9745 12514.15275472
9746 12516.62649471
9747 12519.10013326
9748 12521.57365328
9749 12524.04706057
9750 12526.52033807
9751 12528.99351111
9752 12531.46657137
9753 12533.93950175
9754 12536.41233053
9755 12538.88504063
9756 12541.35763784
9757 12543.83010508
9758 12546.30247064
9759 12548.77471742
9760 12551.24685123
9761 12553.71885496
9762 12556.19075402
9763 12558.66254004
9764 12561.1341959
9765 12563.60574995
9766 12566.07718506
9767 12568.54850703
9768 12571.01969876
9769 12573.49078567
9770 12575.96175938
9771 12578.43261696
9772 12580.90334418
9773 12583.37396651
9774 12585.84447555
9775 12588.31485416
9776 12590.78512781
9777 12593.25528811
9778 12595.72533212
9779 12598.1952456
9780 12600.66505404
9781 12603.13474904
9782 12605.60432765
9783 12608.07377565
9784 12610.54311852
9785 12613.01234786
9786 12615.4814465
9787 12617.95043996
9788 12620.41931981
9789 12622.88808314
9790 12625.35671566
9791 12627.82524293
9792 12630.2936565
9793 12632.76193921
9794 12635.23011659
9795 12637.69818022
9796 12640.16612716
9797 12642.63394313
9798 12645.1016537
9799 12647.56925042
9800 12650.03673036
9801 12652.50407925
9802 12654.97132264
9803 12657.43845211
9804 12659.90545044
9805 12662.37234323
9806 12664.83912202
9807 12667.30578387
9808 12669.77231449
9809 12672.2387395
9810 12674.70505041
9811 12677.1712443
9812 12679.63730395
9813 12682.10326373
9814 12684.56910642
9815 12687.0348177
9816 12689.50042323
9817 12691.96591452
9818 12694.43128863
9819 12696.89652834
9820 12699.36166803
9821 12701.82669048
9822 12704.29159566
9823 12706.75636635
9824 12709.22103694
9825 12711.6855902
9826 12714.1500118
9827 12716.61432743
9828 12719.07852857
9829 12721.5426123
9830 12724.00656136
9831 12726.47041019
9832 12728.93414154
9833 12731.39775539
9834 12733.86123448
9835 12736.32461326
9836 12738.78787447
9837 12741.25100084
9838 12743.71402686
9839 12746.17693524
9840 12748.63972596
9841 12751.10238176
9842 12753.56493712
9843 12756.02737476
9844 12758.48969466
9845 12760.95187953
9846 12763.41396389
9847 12765.87593044
9848 12768.3377619
9849 12770.79949278
9850 12773.26110579
9851 12775.72260092
9852 12778.18396086
9853 12780.64522014
9854 12783.10636147
9855 12785.56738192
9856 12788.0282729
9857 12790.48906025
9858 12792.94972956
9859 12795.41026351
9860 12797.87069668
9861 12800.33101175
9862 12802.79120869
9863 12805.25127019
9864 12807.71123083
9865 12810.17107328
9866 12812.63079461
9867 12815.09038622
9868 12817.54987399
9869 12820.00924348
9870 12822.46847737
9871 12824.92761026
9872 12827.38662482
9873 12829.84551811
9874 12832.30428152
9875 12834.76294095
9876 12837.22148196
9877 12839.67990163
9878 12842.13819132
9879 12844.59637696
9880 12847.05444118
9881 12849.51237536
9882 12851.97020543
9883 12854.42791694
9884 12856.88550695
9885 12859.34296683
9886 12861.80032251
9887 12864.25755956
9888 12866.71467502
9889 12869.17166026
9890 12871.62854124
9891 12874.08530057
9892 12876.54192961
9893 12878.99845434
9894 12881.45486027
9895 12883.91114447
9896 12886.3672983
9897 12888.82334773
9898 12891.27927537
9899 12893.73508703
9900 12896.19076531
9901 12898.64633911
9902 12901.10179105
9903 12903.55711245
9904 12906.01232932
9905 12908.46742717
9906 12910.92240307
9907 12913.37724834
9908 12915.83198902
9909 12918.28660768
9910 12920.74111013
9911 12923.19547895
9912 12925.64974309
9913 12928.10388514
9914 12930.55789641
9915 12933.01180294
9916 12935.46558732
9917 12937.91925535
9918 12940.37278959
9919 12942.82621903
9920 12945.27952623
9921 12947.73271699
9922 12950.18577388
9923 12952.63872298
9924 12955.09155559
9925 12957.54425425
9926 12959.99684799
9927 12962.44931934
9928 12964.90167412
9929 12967.35389486
9930 12969.80601061
9931 12972.25800389
9932 12974.70988052
9933 12977.16162302
9934 12979.61325754
9935 12982.06477535
9936 12984.51615896
9937 12986.96743744
9938 12989.41859333
9939 12991.86963241
9940 12994.32053722
9941 12996.77133392
9942 12999.22201376
9943 13001.67257381
9944 13004.1229995
9945 13006.573317
9946 13009.02351756
9947 13011.4735837
9948 13013.9235445
9949 13016.37338249
9950 13018.82310346
9951 13021.27268991
9952 13023.72216806
9953 13026.17152912
9954 13028.62077018
9955 13031.06987663
9956 13033.51887471
9957 13035.96775562
9958 13038.41650186
9959 13040.86513968
9960 13043.31366027
9961 13045.76206072
9962 13048.21032641
9963 13050.6584836
9964 13053.10652349
9965 13055.55444316
9966 13058.00222798
9967 13060.44990423
9968 13062.8974631
9969 13065.34488706
9970 13067.7922024
9971 13070.23940031
9972 13072.68647785
9973 13075.13342039
9974 13077.58025424
9975 13080.02697058
9976 13082.47356648
9977 13084.92002438
9978 13087.36637934
9979 13089.8126138
9980 13092.2587131
9981 13094.7047036
9982 13097.15057644
9983 13099.59632871
9984 13102.04194283
9985 13104.48745389
9986 13106.93284431
9987 13109.37811408
9988 13111.82324561
9989 13114.26827401
9990 13116.7131817
9991 13119.157954
9992 13121.6026173
9993 13124.04716273
9994 13126.49158738
9995 13128.93587364
9996 13131.38005665
9997 13133.82411882
9998 13136.26806011
9999 13138.71186294
10000 13141.15556244
10001 13143.59914103
10002 13146.04258107
10003 13148.48591775
10004 13150.92913344
10005 13153.37222814
10006 13155.81518421
10007 13158.25803685
10008 13160.70076843
10009 13163.14337893
10010 13165.58585073
10011 13168.02821902
10012 13170.47046618
10013 13172.91257457
10014 13175.3545794
10015 13177.79646304
10016 13180.23822547
10017 13182.67984905
10018 13185.121369
10019 13187.56276769
10020 13190.00404219
10021 13192.44518356
10022 13194.88621834
10023 13197.32713177
10024 13199.7679062
10025 13202.20857689
10026 13204.64912619
10027 13207.08955406
10028 13209.52984286
10029 13211.97002784
10030 13214.41009135
10031 13216.85003046
10032 13219.28983622
10033 13221.7295352
10034 13224.16911262
10035 13226.60855083
10036 13229.0478851
10037 13231.48709777
10038 13233.9261859
10039 13236.36514055
10040 13238.80398829
10041 13241.24271435
10042 13243.68131581
10043 13246.11978369
10044 13248.55814461
10045 13250.99638086
10046 13253.43448347
10047 13255.87247907
10048 13258.31035285
10049 13260.7481019
10050 13263.18571724
10051 13265.62322549
10052 13268.06061185
10053 13270.49787341
10054 13272.93500116
10055 13275.37202176
10056 13277.8089175
10057 13280.24567938
10058 13282.68233406
10059 13285.11886673
10060 13287.55527445
10061 13289.99154824
10062 13292.42771476
10063 13294.86375629
10064 13297.29967862
10065 13299.73546401
10066 13302.17114208
10067 13304.60669509
10068 13307.042114
10069 13309.47742554
10070 13311.91261486
10071 13314.34767905
10072 13316.78260907
10073 13319.21743164
10074 13321.65212903
10075 13324.08670701
10076 13326.52114784
10077 13328.95548117
10078 13331.38968922
10079 13333.82376297
10080 13336.25772917
10081 13338.69157004
10082 13341.12529139
10083 13343.55887544
10084 13345.99235188
10085 13348.42570292
10086 13350.85893437
10087 13353.29202843
10088 13355.72501191
10089 13358.15787574
10090 13360.59060214
10091 13363.0232208
10092 13365.45571394
10093 13367.88808737
10094 13370.32032327
10095 13372.75245138
10096 13375.18445391
10097 13377.61633664
10098 13380.04808177
10099 13382.47971614
10100 13384.91123067
10101 13387.34260753
10102 13389.77387649
10103 13392.20501974
10104 13394.63604308
10105 13397.06692867
10106 13399.49770339
10107 13401.92835814
10108 13404.35889
10109 13406.78928404
10110 13409.21956714
10111 13411.64973021
10112 13414.0797554
10113 13416.50967251
10114 13418.93946371
10115 13421.36913481
10116 13423.79866795
10117 13426.22809004
10118 13428.65739197
10119 13431.08657081
10120 13433.51561162
10121 13435.94454132
10122 13438.37335079
10123 13440.80202216
10124 13443.23058239
10125 13445.65902232
10126 13448.08733904
10127 13450.5155176
10128 13452.94358494
10129 13455.37153192
10130 13457.79934068
10131 13460.22704108
10132 13462.65461526
10133 13465.08206901
10134 13467.50938446
10135 13469.93658858
10136 13472.36367223
10137 13474.79063247
10138 13477.21745433
10139 13479.64416481
10140 13482.07075474
10141 13484.49720623
10142 13486.92354629
10143 13489.34976575
10144 13491.77586168
10145 13494.2018191
10146 13496.62766503
10147 13499.05339029
10148 13501.47899196
10149 13503.90445213
10150 13506.32980656
10151 13508.75503734
10152 13511.18012948
10153 13513.60511002
10154 13516.02996977
10155 13518.45470581
10156 13520.87930311
10157 13523.30378877
10158 13525.72815357
10159 13528.15239458
10160 13530.57649389
10161 13533.00048729
10162 13535.42435686
10163 13537.84808757
10164 13540.27170652
10165 13542.69520449
10166 13545.11857856
10167 13547.54181079
10168 13549.96493702
10169 13552.38793929
10170 13554.81081759
10171 13557.23355398
10172 13559.6561843
10173 13562.0786906
10174 13564.50105783
10175 13566.92331314
10176 13569.34544728
10177 13571.76745734
10178 13574.18932535
10179 13576.61108719
10180 13579.03272489
10181 13581.45423845
10182 13583.87560987
10183 13586.29687507
10184 13588.71801606
10185 13591.13901487
10186 13593.55990741
10187 13595.98067569
10188 13598.40131971
10189 13600.82182147
10190 13603.2422169
10191 13605.66248801
10192 13608.08263478
10193 13610.50263922
10194 13612.92253727
10195 13615.34231094
10196 13617.76194222
10197 13620.18146706
10198 13622.60086747
10199 13625.02014343
10200 13627.43927693
10201 13629.85830394
10202 13632.27720644
10203 13634.69598153
10204 13637.11461988
10205 13639.53314879
10206 13641.95155312
10207 13644.36981487
10208 13646.78797002
10209 13649.20600056
10210 13651.62390356
10211 13654.0416697
10212 13656.45932629
10213 13658.8768582
10214 13661.29426251
10215 13663.71152989
10216 13666.12868765
10217 13668.54572067
10218 13670.9626109
10219 13673.37939438
10220 13675.79605306
10221 13678.21258403
10222 13680.62897794
10223 13683.04526213
10224 13685.46142147
10225 13687.87745303
10226 13690.29334746
10227 13692.70913212
10228 13695.12478895
10229 13697.5403086
10230 13699.95571843
10231 13702.3710033
10232 13704.78616027
10233 13707.20117998
10234 13709.61608983
10235 13712.03087463
10236 13714.44553149
10237 13716.86005101
10238 13719.27446061
10239 13721.6887422
10240 13724.10288641
10241 13726.51692066
10242 13728.93082976
10243 13731.34461079
10244 13733.75825436
10245 13736.17178791
10246 13738.58519334
10247 13740.99847645
10248 13743.41161913
10249 13745.82465174
10250 13748.23755616
10251 13750.650323
10252 13753.06297973
10253 13755.47550822
10254 13757.88791428
10255 13760.30017979
10256 13762.71233512
10257 13765.12436216
10258 13767.5362667
10259 13769.94803062
10260 13772.3596843
10261 13774.77120963
10262 13777.18259719
10263 13779.59387448
10264 13782.00502336
10265 13784.41604964
10266 13786.82693517
10267 13789.23771037
10268 13791.64835711
10269 13794.05888117
10270 13796.46926442
10271 13798.87953438
10272 13801.28968162
10273 13803.69968799
10274 13806.10958395
10275 13808.51935132
10276 13810.92899592
10277 13813.33849957
10278 13815.74789275
10279 13818.1571573
10280 13820.566299
10281 13822.97529969
10282 13825.38418695
10283 13827.79295131
10284 13830.20157461
10285 13832.61008735
10286 13835.01847134
10287 13837.42673238
10288 13839.83485228
10289 13842.24285866
10290 13844.65074204
10291 13847.0584995
10292 13849.46611576
10293 13851.87361844
10294 13854.28099806
10295 13856.68823642
10296 13859.09536407
10297 13861.50236281
10298 13863.90923843
10299 13866.31597272
10300 13868.72259334
10301 13871.1290908
10302 13873.53546217
10303 13875.94169214
10304 13878.34780839
10305 13880.75380142
10306 13883.15965299
10307 13885.56539081
10308 13887.97100535
10309 13890.3764937
10310 13892.78184053
10311 13895.18707355
10312 13897.59218324
10313 13899.99716667
10314 13902.40200562
10315 13904.80673651
10316 13907.2113411
10317 13909.61580405
10318 13912.0201531
10319 13914.42437871
10320 13916.82847797
10321 13919.23243552
10322 13921.63627911
10323 13924.0399992
10324 13926.44359288
10325 13928.84704188
10326 13931.25038268
10327 13933.65359702
10328 13936.05666953
10329 13938.459628
10330 13940.86246287
10331 13943.26517121
10332 13945.66773476
10333 13948.07019002
10334 13950.47251871
10335 13952.87472082
10336 13955.27677807
10337 13957.67872698
10338 13960.08054926
10339 13962.48222953
10340 13964.88379562
10341 13967.28523793
10342 13969.68655357
10343 13972.08772423
10344 13974.48878645
10345 13976.88972195
10346 13979.2905307
10347 13981.69119441
10348 13984.09174963
10349 13986.49217807
10350 13988.89246142
10351 13991.29263624
10352 13993.69268423
10353 13996.09260537
10354 13998.49238136
10355 14000.89204877
10356 14003.29158929
10357 14005.69100292
10358 14008.09027131
10359 14010.48943108
10360 14012.8884639
10361 14015.28735145
10362 14017.68613034
10363 14020.08478223
10364 14022.48330712
10365 14024.88168668
10366 14027.27995751
10367 14029.6781013
10368 14032.07611513
10369 14034.47398935
10370 14036.87175191
10371 14039.26938737
10372 14041.66687736
10373 14044.06425856
10374 14046.46151261
10375 14048.8586366
10376 14051.25562087
10377 14053.65249338
10378 14056.0492387
10379 14058.44585389
10380 14060.84232929
10381 14063.2386929
10382 14065.63492925
10383 14068.03101996
10384 14070.42700173
10385 14072.8228562
10386 14075.21858045
10387 14077.6141648
10388 14080.00963727
10389 14082.40498237
10390 14084.8001972
10391 14087.19527206
10392 14089.590235
10393 14091.98506761
10394 14094.37976021
10395 14096.77434084
10396 14099.16879401
10397 14101.5631168
10398 14103.95729952
10399 14106.35137022
10400 14108.74531341
10401 14111.13912616
10402 14113.53279877
10403 14115.92635932
10404 14118.31978939
10405 14120.71307927
10406 14123.10625705
10407 14125.49930722
10408 14127.89222686
10409 14130.28500625
10410 14132.67767348
10411 14135.07021015
10412 14137.46262203
10413 14139.85489069
10414 14142.24704716
10415 14144.639073
10416 14147.03095848
10417 14149.42273172
10418 14151.8143743
10419 14154.20589199
10420 14156.59726636
10421 14158.98852844
10422 14161.37965981
10423 14163.77066624
10424 14166.16152927
10425 14168.55227998
10426 14170.94289992
10427 14173.33337931
10428 14175.72374634
10429 14178.11398256
10430 14180.50409374
10431 14182.89406142
10432 14185.28391669
10433 14187.67364109
10434 14190.06324039
10435 14192.45269614
10436 14194.84203653
10437 14197.2312518
10438 14199.62032345
10439 14202.00928261
10440 14204.39811081
10441 14206.78681382
10442 14209.17537316
10443 14211.56381996
10444 14213.95213574
10445 14216.34032628
10446 14218.72837309
10447 14221.11630441
10448 14223.50411046
10449 14225.89177273
10450 14228.27932238
10451 14230.66674091
10452 14233.05403411
10453 14235.44118347
10454 14237.82821727
10455 14240.21512569
10456 14242.60190583
10457 14244.98854207
10458 14247.3750627
10459 14249.7614579
10460 14252.14770915
10461 14254.53384766
10462 14256.91985491
10463 14259.30573668
10464 14261.69147443
10465 14264.0770965
10466 14266.46259305
10467 14268.84794555
10468 14271.23318522
10469 14273.61829353
10470 14276.00327628
10471 14278.3881149
10472 14280.77283776
10473 14283.15743501
10474 14285.54190373
10475 14287.92622828
10476 14290.31043701
10477 14292.69452008
10478 14295.07845893
10479 14297.46228194
10480 14299.84597923
10481 14302.22954792
10482 14304.61297232
10483 14306.99628083
10484 14309.37946358
10485 14311.76251767
10486 14314.14542741
10487 14316.52822122
10488 14318.91088922
10489 14321.29341283
10490 14323.67582048
10491 14326.05810228
10492 14328.44025532
10493 14330.82226391
10494 14333.20415649
10495 14335.58592317
10496 14337.96756104
10497 14340.3490515
10498 14342.73043171
10499 14345.11168306
10500 14347.49278987
10501 14349.87378058
10502 14352.25464531
10503 14354.63538114
10504 14357.01597235
10505 14359.39644743
10506 14361.77679647
10507 14364.15701656
10508 14366.53708909
10509 14368.91705123
10510 14371.29688438
10511 14373.67657282
10512 14376.05614505
10513 14378.43559115
10514 14380.8149082
10515 14383.19407759
10516 14385.57313652
10517 14387.95206637
10518 14390.33086713
10519 14392.70952016
10520 14395.0880627
10521 14397.4664761
10522 14399.84474462
10523 14402.22289683
10524 14404.60092276
10525 14406.97881951
10526 14409.35656843
10527 14411.73420677
10528 14414.1117159
10529 14416.48909579
10530 14418.8663278
10531 14421.24344919
10532 14423.62044132
10533 14425.99728551
10534 14428.37401905
10535 14430.75062329
10536 14433.1270982
10537 14435.50342513
10538 14437.87964137
10539 14440.25572825
10540 14442.63168287
10541 14445.00749523
10542 14447.38319397
10543 14449.75876329
10544 14452.13418453
10545 14454.50949501
10546 14456.88467604
10547 14459.25972761
10548 14461.63463104
10549 14464.00942366
10550 14466.38408679
10551 14468.75861752
10552 14471.13300584
10553 14473.50728042
10554 14475.88142545
10555 14478.25542223
10556 14480.62930814
10557 14483.00306447
10558 14485.37668832
10559 14487.75016965
10560 14490.12353716
10561 14492.49677505
10562 14494.8698804
10563 14497.24284319
10564 14499.61569211
10565 14501.98841136
10566 14504.36098221
10567 14506.73344207
10568 14509.10577222
10569 14511.47796974
10570 14513.8500246
10571 14516.22196553
10572 14518.5937767
10573 14520.9654552
10574 14523.33699098
10575 14525.70841279
10576 14528.07970189
10577 14530.45084823
10578 14532.82188057
10579 14535.19278306
10580 14537.56355281
10581 14539.93417973
10582 14542.30469261
10583 14544.6750727
10584 14547.04532578
10585 14549.41543309
10586 14551.78542632
10587 14554.15528672
10588 14556.5250042
10589 14558.89460756
10590 14561.26408095
10591 14563.63342146
10592 14566.00261899
10593 14568.37170238
10594 14570.74065284
10595 14573.10947617
10596 14575.47815356
10597 14577.84671677
10598 14580.21514702
10599 14582.58343419
10600 14584.95160715
10601 14587.3196471
10602 14589.68755983
10603 14592.05532654
10604 14594.42297899
10605 14596.7904984
10606 14599.15789053
10607 14601.52513658
10608 14603.89226834
10609 14606.25926701
10610 14608.62612245
10611 14610.99286357
10612 14613.35947156
10613 14615.72595219
10614 14618.09228666
10615 14620.45850676
10616 14622.82459368
10617 14625.1905532
10618 14627.5563665
10619 14629.92206251
10620 14632.28763107
10621 14634.65305337
10622 14637.01836124
10623 14639.38353586
10624 14641.74858299
10625 14644.1134838
10626 14646.47827014
10627 14648.84292318
10628 14651.20744869
10629 14653.57182783
10630 14655.93608957
10631 14658.30022374
10632 14660.6642115
10633 14663.02808473
10634 14665.39182457
10635 14667.7554368
10636 14670.11890257
10637 14672.48225087
10638 14674.84547152
10639 14677.20856163
10640 14679.57150522
10641 14681.93433131
10642 14684.29702971
10643 14686.65958154
10644 14689.02201585
10645 14691.38432243
10646 14693.74649839
10647 14696.10852773
10648 14698.4704395
10649 14700.83222351
10650 14703.19387684
10651 14705.55538351
10652 14707.91677257
10653 14710.27803382
10654 14712.63914836
10655 14715.00014527
10656 14717.36101433
10657 14719.72175264
10658 14722.0823442
10659 14724.44281808
10660 14726.80316407
10661 14729.16337927
10662 14731.52344476
10663 14733.88339834
10664 14736.24322108
10665 14738.60289697
10666 14740.96245513
10667 14743.32188532
10668 14745.68118463
10669 14748.04033705
10670 14750.39937169
10671 14752.75827832
10672 14755.11705403
10673 14757.4756799
10674 14759.83419375
10675 14762.19257664
10676 14764.55081254
10677 14766.90893061
10678 14769.26692059
10679 14771.62477957
10680 14773.98248862
10681 14776.34008558
10682 14778.69755151
10683 14781.05488641
10684 14783.41207132
10685 14785.7691441
10686 14788.12608582
10687 14790.4828804
10688 14792.83955705
10689 14795.19610549
10690 14797.55252281
10691 14799.90879006
10692 14802.26494513
10693 14804.62096904
10694 14806.9768618
10695 14809.33260444
10696 14811.68823485
10697 14814.04373407
10698 14816.39908313
10699 14818.75431994
10700 14821.10942553
10701 14823.46439988
10702 14825.81922403
10703 14828.17393588
10704 14830.52851647
10705 14832.8829629
10706 14835.23726485
10707 14837.59145158
10708 14839.94550701
10709 14842.29941214
10710 14844.65320491
10711 14847.00686635
10712 14849.36039644
10713 14851.71377618
10714 14854.06704354
10715 14856.42017952
10716 14858.77318121
10717 14861.12603829
10718 14863.47878006
10719 14865.8313904
10720 14868.18385031
10721 14870.53619777
10722 14872.88841378
10723 14875.24049543
10724 14877.59243238
10725 14879.94425395
10726 14882.29594403
10727 14884.64749972
10728 14886.99891065
10729 14889.35020617
10730 14891.70137016
10731 14894.05238357
10732 14896.40328445
10733 14898.75405375
10734 14901.10468859
10735 14903.45517858
10736 14905.80555311
10737 14908.15579603
10738 14910.50590444
10739 14912.85586796
10740 14915.20571598
10741 14917.55542946
10742 14919.90499801
10743 14922.25445103
10744 14924.60377238
10745 14926.95295914
10746 14929.30200093
10747 14931.65092716
10748 14933.99971878
10749 14936.34838155
10750 14938.6968964
10751 14941.04529567
10752 14943.39356029
10753 14945.74167984
10754 14948.08968378
10755 14950.43755592
10756 14952.78529337
10757 14955.1328857
10758 14957.48036239
10759 14959.82770436
10760 14962.17491736
10761 14964.52198232
10762 14966.8689316
10763 14969.21574612
10764 14971.56241544
10765 14973.90896905
10766 14976.25538788
10767 14978.60167767
10768 14980.94781933
10769 14983.29384525
10770 14985.63973634
10771 14987.98549836
10772 14990.3311122
10773 14992.67661027
10774 14995.02197346
10775 14997.36719133
10776 14999.71229341
10777 15002.05726058
10778 15004.40209861
10779 15006.74678838
10780 15009.09136232
10781 15011.43580132
10782 15013.78011114
10783 15016.12427265
10784 15018.46831541
10785 15020.81222897
10786 15023.15599418
10787 15025.49964351
10788 15027.84315783
10789 15030.1865429
10790 15032.52977957
10791 15034.87290034
10792 15037.21588605
10793 15039.55874247
10794 15041.90145045
10795 15044.24403961
10796 15046.58649944
10797 15048.9288108
10798 15051.2710062
10799 15053.61306647
10800 15055.95499739
10801 15058.29677978
10802 15060.63844329
10803 15062.97997742
10804 15065.32136299
10805 15067.66263253
10806 15070.00376689
10807 15072.34477182
10808 15074.68562816
10809 15077.02636555
10810 15079.36697349
10811 15081.70744907
10812 15084.04777602
10813 15086.38798399
10814 15088.72806246
10815 15091.06799226
10816 15093.40780595
10817 15095.74748434
10818 15098.08703321
10819 15100.42643334
10820 15102.76571445
10821 15105.10486601
10822 15107.4438851
10823 15109.78275543
10824 15112.12150669
10825 15114.46012837
10826 15116.79860123
10827 15119.13695502
10828 15121.47517918
10829 15123.81327082
10830 15126.1512136
10831 15128.48903728
10832 15130.8267313
10833 15133.16429275
10834 15135.50170531
10835 15137.83899873
10836 15140.17616245
10837 15142.51317724
10838 15144.85007287
10839 15147.18683876
10840 15149.52347204
10841 15151.85995633
10842 15154.19632144
10843 15156.53255678
10844 15158.86865946
10845 15161.20461023
10846 15163.54044755
10847 15165.87615218
10848 15168.21170776
10849 15170.5471441
10850 15172.88245061
10851 15175.21762438
10852 15177.55264906
10853 15179.88755447
10854 15182.22233001
10855 15184.55697278
10856 15186.89146353
10857 15189.22584075
10858 15191.56008517
10859 15193.89418042
10860 15196.22815635
10861 15198.56200235
10862 15200.89571551
10863 15203.22927658
10864 15205.56272406
10865 15207.89603868
10866 15210.22922044
10867 15212.56225006
10868 15214.89516606
10869 15217.22794917
10870 15219.5605801
10871 15221.8930974
10872 15224.22548178
10873 15226.55773323
10874 15228.88983246
10875 15231.22181803
10876 15233.55367064
10877 15235.88539029
10878 15238.21695767
10879 15240.54841136
10880 15242.87973206
10881 15245.21090046
10882 15247.54195515
10883 15249.87287683
10884 15252.20366547
10885 15254.53430178
10886 15256.86482434
10887 15259.19521385
10888 15261.52546742
10889 15263.85557437
10890 15266.18556467
10891 15268.51542188
10892 15270.84512667
10893 15273.17471767
10894 15275.50417556
10895 15277.83350032
10896 15280.16267263
10897 15282.49173111
10898 15284.82065645
10899 15287.14944575
10900 15289.4780883
10901 15291.80661414
10902 15294.13500678
10903 15296.4632469
10904 15298.79137314
10905 15301.11936618
10906 15303.44722311
10907 15305.77493323
10908 15308.10252658
10909 15310.42998668
10910 15312.75731065
10911 15315.08448776
10912 15317.41154806
10913 15319.73847221
10914 15322.06524947
10915 15324.39190991
10916 15326.71843704
10917 15329.04482797
10918 15331.37107197
10919 15333.69719913
10920 15336.02319295
10921 15338.34905053
10922 15340.67476114
10923 15343.00035488
10924 15345.32581236
10925 15347.65112284
10926 15349.97631643
10927 15352.30137661
10928 15354.6263005
10929 15356.95107735
10930 15359.27573728
10931 15361.60026089
10932 15363.92465394
10933 15366.24889702
10934 15368.57302315
10935 15370.89701294
10936 15373.22085561
10937 15375.54458131
10938 15377.86817352
10939 15380.19162934
10940 15382.514938
10941 15384.83812968
10942 15387.16118494
10943 15389.48410955
10944 15391.80688408
10945 15394.12954159
10946 15396.45206266
10947 15398.7744365
10948 15401.0966933
10949 15403.41881363
10950 15405.74080325
10951 15408.06264272
10952 15410.38436512
10953 15412.70595103
10954 15415.02740618
10955 15417.34871115
10956 15419.66989903
10957 15421.99095037
10958 15424.31185437
10959 15426.63264127
10960 15428.9532916
10961 15431.27381113
10962 15433.5941804
10963 15435.91443254
10964 15438.23454808
10965 15440.55453279
