1 0.0018905 0.001777 0.002004
2 0.0018905 0.001777 0.002004
3 0.0018905 0.001777 0.002004
4 0.0 0.0 0.0
5 0.00146893 0.00141586 0.001522
6 0.00293786 0.00283171 0.003044
7 0.00440679 0.00424757 0.004566
8 0.00587571 0.00566343 0.006088
9 0.00734464 0.00707929 0.00761
10 0.00881357 0.00849514 0.009132
11 0.0102825 0.009911 0.010654
12 0.011766 0.01133529 0.01219671
13 0.0132495 0.01275957 0.01373943
14 0.014733 0.01418386 0.01528214
15 0.0162165 0.01560814 0.01682486
16 0.0177 0.01703243 0.01836757
17 0.0191835 0.01845671 0.01991029
18 0.020667 0.019881 0.021453
19 0.02218843 0.02134057 0.02303629
20 0.02370986 0.02280014 0.02461957
21 0.02523129 0.02425971 0.02620286
22 0.02675271 0.02571929 0.02778614
23 0.02827414 0.02717886 0.02936943
24 0.02979557 0.02863843 0.03095271
25 0.031317 0.030098 0.032536
26 0.03275005 0.0315859 0.0339142
27 0.0341831 0.0330738 0.0352924
28 0.03561615 0.0345617 0.0366706
29 0.0370492 0.0360496 0.0380488
30 0.03848225 0.0375375 0.039427
31 0.0399153 0.0390254 0.0408052
32 0.04134835 0.0405133 0.0421834
33 0.0427814 0.0420012 0.0435616
34 0.04421445 0.0434891 0.0449398
35 0.0456475 0.044977 0.046318
36 0.04711463 0.04642626 0.047803
37 0.04858176 0.04787552 0.049288
38 0.05004889 0.04932477 0.050773
39 0.05151602 0.05077403 0.052258
40 0.05298315 0.05222329 0.053743
41 0.05445027 0.05367255 0.055228
42 0.0559174 0.05512181 0.056713
43 0.05738453 0.05657106 0.058198
44 0.05885166 0.05802032 0.059683
45 0.06031879 0.05946958 0.061168
46 0.06178592 0.06091884 0.062653
47 0.06325305 0.0623681 0.064138
48 0.06472018 0.06381735 0.065623
49 0.06618731 0.06526661 0.067108
50 0.06765444 0.06671587 0.068593
51 0.06912156 0.06816513 0.070078
52 0.07058869 0.06961439 0.071563
53 0.07205582 0.07106365 0.073048
54 0.07352295 0.0725129 0.074533
55 0.07499008 0.07396216 0.076018
56 0.07645721 0.07541142 0.077503
57 0.07792434 0.07686068 0.078988
58 0.07939147 0.07830994 0.080473
59 0.0808586 0.07975919 0.081958
60 0.08232573 0.08120845 0.083443
61 0.08379285 0.08265771 0.084928
62 0.08525998 0.08410697 0.086413
63 0.08672711 0.08555623 0.087898
64 0.08819424 0.08700548 0.089383
65 0.08966137 0.08845474 0.090868
66 0.0911285 0.089904 0.092353
67 0.09255008 0.091332 0.09376817
68 0.09397167 0.09276 0.09518333
69 0.09539325 0.094188 0.0965985
70 0.09681483 0.095616 0.09801367
71 0.09823642 0.097044 0.09942883
72 0.099658 0.098472 0.100844
73 0.10107958 0.0999 0.10225917
74 0.10250117 0.101328 0.10367433
75 0.10392275 0.102756 0.1050895
76 0.10534433 0.104184 0.10650467
77 0.10676592 0.105612 0.10791983
78 0.1081875 0.10704 0.109335
79 0.10960908 0.108468 0.11075017
80 0.11103067 0.109896 0.11216533
81 0.11245225 0.111324 0.1135805
82 0.11387383 0.112752 0.11499567
83 0.11529542 0.11418 0.11641083
84 0.116717 0.115608 0.117826
85 0.11813858 0.117036 0.11924117
86 0.11956017 0.118464 0.12065633
87 0.12098175 0.119892 0.1220715
88 0.12240333 0.12132 0.12348667
89 0.12382492 0.122748 0.12490183
90 0.1252465 0.124176 0.126317
91 0.12666808 0.125604 0.12773217
92 0.12808967 0.127032 0.12914733
93 0.12951125 0.12846 0.1305625
94 0.13093283 0.129888 0.13197767
95 0.13235442 0.131316 0.13339283
96 0.133776 0.132744 0.134808
97 0.13519901 0.13409847 0.13629956
98 0.13662203 0.13545294 0.13779112
99 0.13804504 0.13680741 0.13928268
100 0.13946806 0.13816188 0.14077424
101 0.14089107 0.13951635 0.14226579
102 0.14231409 0.14087082 0.14375735
103 0.1437371 0.14222529 0.14524891
104 0.14516012 0.14357976 0.14674047
105 0.14658313 0.14493424 0.14823203
106 0.14800615 0.14628871 0.14972359
107 0.14942916 0.14764318 0.15121515
108 0.15085218 0.14899765 0.15270671
109 0.15227519 0.15035212 0.15419826
110 0.15369821 0.15170659 0.15568982
111 0.15512122 0.15306106 0.15718138
112 0.15654424 0.15441553 0.15867294
113 0.15796725 0.15577 0.1601645
114 0.15939026 0.15712447 0.16165606
115 0.16081328 0.15847894 0.16314762
116 0.16223629 0.15983341 0.16463918
117 0.16365931 0.16118788 0.16613074
118 0.16508232 0.16254235 0.16762229
119 0.16650534 0.16389682 0.16911385
120 0.16792835 0.16525129 0.17060541
121 0.16935137 0.16660576 0.17209697
122 0.17077438 0.16796024 0.17358853
123 0.1721974 0.16931471 0.17508009
124 0.17362041 0.17066918 0.17657165
125 0.17504343 0.17202365 0.17806321
126 0.17646644 0.17337812 0.17955476
127 0.17788946 0.17473259 0.18104632
128 0.17931247 0.17608706 0.18253788
129 0.18073549 0.17744153 0.18402944
130 0.1821585 0.178796 0.185521
131 0.18353707 0.18013974 0.18693441
132 0.18491565 0.18148348 0.18834781
133 0.18629422 0.18282722 0.18976122
134 0.1876728 0.18417096 0.19117463
135 0.18905137 0.1855147 0.19258804
136 0.19042994 0.18685844 0.19400144
137 0.19180852 0.18820219 0.19541485
138 0.19318709 0.18954593 0.19682826
139 0.19456567 0.19088967 0.19824167
140 0.19594424 0.19223341 0.19965507
141 0.19732281 0.19357715 0.20106848
142 0.19870139 0.19492089 0.20248189
143 0.20007996 0.19626463 0.2038953
144 0.20145854 0.19760837 0.2053087
145 0.20283711 0.19895211 0.20672211
146 0.20421569 0.20029585 0.20813552
147 0.20559426 0.20163959 0.20954893
148 0.20697283 0.20298333 0.21096233
149 0.20835141 0.20432707 0.21237574
150 0.20972998 0.20567081 0.21378915
151 0.21110856 0.20701456 0.21520256
152 0.21248713 0.2083583 0.21661596
153 0.2138657 0.20970204 0.21802937
154 0.21524428 0.21104578 0.21944278
155 0.21662285 0.21238952 0.22085619
156 0.21800143 0.21373326 0.22226959
157 0.21938 0.215077 0.223683
158 0.2207486 0.21646481 0.22503239
159 0.22211719 0.21785261 0.22638177
160 0.22348579 0.21924042 0.22773116
161 0.22485439 0.22062823 0.22908055
162 0.22622298 0.22201603 0.23042994
163 0.22759158 0.22340384 0.23177932
164 0.22896018 0.22479165 0.23312871
165 0.23032877 0.22617945 0.2344781
166 0.23169737 0.22756726 0.23582748
167 0.23306597 0.22895506 0.23717687
168 0.23443456 0.23034287 0.23852626
169 0.23580316 0.23173068 0.23987565
170 0.23717176 0.23311848 0.24122503
171 0.23854035 0.23450629 0.24257442
172 0.23990895 0.2358941 0.24392381
173 0.24127755 0.2372819 0.24527319
174 0.24264615 0.23866971 0.24662258
175 0.24401474 0.24005752 0.24797197
176 0.24538334 0.24144532 0.24932135
177 0.24675194 0.24283313 0.25067074
178 0.24812053 0.24422094 0.25202013
179 0.24948913 0.24560874 0.25336952
180 0.25085773 0.24699655 0.2547189
181 0.25222632 0.24838435 0.25606829
182 0.25359492 0.24977216 0.25741768
183 0.25496352 0.25115997 0.25876706
184 0.25633211 0.25254777 0.26011645
185 0.25770071 0.25393558 0.26146584
186 0.25906931 0.25532339 0.26281523
187 0.2604379 0.25671119 0.26416461
188 0.2618065 0.258099 0.265514
189 0.26319609 0.25936909 0.26702309
190 0.26458568 0.26063918 0.26853218
191 0.26597527 0.26190927 0.27004127
192 0.26736486 0.26317936 0.27155036
193 0.26875445 0.26444945 0.27305945
194 0.27014405 0.26571955 0.27456855
195 0.27153364 0.26698964 0.27607764
196 0.27292323 0.26825973 0.27758673
197 0.27431282 0.26952982 0.27909582
198 0.27570241 0.27079991 0.28060491
199 0.277092 0.27207 0.282114
200 0.27848159 0.27334009 0.28362309
201 0.27987118 0.27461018 0.28513218
202 0.28126077 0.27588027 0.28664127
203 0.28265036 0.27715036 0.28815036
204 0.28403995 0.27842045 0.28965945
205 0.28542955 0.27969055 0.29116855
206 0.28681914 0.28096064 0.29267764
207 0.28820873 0.28223073 0.29418673
208 0.28959832 0.28350082 0.29569582
209 0.29098791 0.28477091 0.29720491
210 0.2923775 0.286041 0.298714
211 0.29376709 0.28731109 0.30022309
212 0.29515668 0.28858118 0.30173218
213 0.29654627 0.28985127 0.30324127
214 0.29793586 0.29112136 0.30475036
215 0.29932545 0.29239145 0.30625945
216 0.30071505 0.29366155 0.30776855
217 0.30210464 0.29493164 0.30927764
218 0.30349423 0.29620173 0.31078673
219 0.30488382 0.29747182 0.31229582
220 0.30627341 0.29874191 0.31380491
221 0.307663 0.300012 0.315314
222 0.30905979 0.30132725 0.31679232
223 0.31045657 0.3026425 0.31827064
224 0.31185336 0.30395775 0.31974896
225 0.31325014 0.305273 0.32122729
226 0.31464693 0.30658825 0.32270561
227 0.31604371 0.3079035 0.32418393
228 0.3174405 0.30921875 0.32566225
229 0.31883729 0.310534 0.32714057
230 0.32023407 0.31184925 0.32861889
231 0.32163086 0.3131645 0.33009721
232 0.32302764 0.31447975 0.33157554
233 0.32442443 0.315795 0.33305386
234 0.32582121 0.31711025 0.33453218
235 0.327218 0.3184255 0.3360105
236 0.32861479 0.31974075 0.33748882
237 0.33001157 0.321056 0.33896714
238 0.33140836 0.32237125 0.34044546
239 0.33280514 0.3236865 0.34192379
240 0.33420193 0.32500175 0.34340211
241 0.33559871 0.326317 0.34488043
242 0.3369955 0.32763225 0.34635875
243 0.33839229 0.3289475 0.34783707
244 0.33978907 0.33026275 0.34931539
245 0.34118586 0.331578 0.35079371
246 0.34258264 0.33289325 0.35227204
247 0.34397943 0.3342085 0.35375036
248 0.34537621 0.33552375 0.35522868
249 0.346773 0.336839 0.356707
250 0.348095 0.33829938 0.35789062
251 0.349417 0.33975976 0.35907424
252 0.350739 0.34122014 0.36025786
253 0.352061 0.34268052 0.36144148
254 0.353383 0.3441409 0.3626251
255 0.354705 0.34560128 0.36380872
256 0.356027 0.34706166 0.36499234
257 0.357349 0.34852203 0.36617597
258 0.358671 0.34998241 0.36735959
259 0.359993 0.35144279 0.36854321
260 0.361315 0.35290317 0.36972683
261 0.362637 0.35436355 0.37091045
262 0.363959 0.35582393 0.37209407
263 0.365281 0.35728431 0.37327769
264 0.366603 0.35874469 0.37446131
265 0.367925 0.36020507 0.37564493
266 0.369247 0.36166545 0.37682855
267 0.370569 0.36312583 0.37801217
268 0.371891 0.36458621 0.37919579
269 0.373213 0.36604659 0.38037941
270 0.374535 0.36750697 0.38156303
271 0.375857 0.36896734 0.38274666
272 0.377179 0.37042772 0.38393028
273 0.378501 0.3718881 0.3851139
274 0.379823 0.37334848 0.38629752
275 0.381145 0.37480886 0.38748114
276 0.382467 0.37626924 0.38866476
277 0.383789 0.37772962 0.38984838
278 0.385111 0.37919 0.391032
279 0.38657158 0.38039223 0.39275093
280 0.38803217 0.38159447 0.39446987
281 0.38949275 0.3827967 0.3961888
282 0.39095333 0.38399893 0.39790773
283 0.39241392 0.38520117 0.39962667
284 0.3938745 0.3864034 0.4013456
285 0.39533508 0.38760563 0.40306453
286 0.39679567 0.38880787 0.40478347
287 0.39825625 0.3900101 0.4065024
288 0.39971683 0.39121233 0.40822133
289 0.40117742 0.39241457 0.40994027
290 0.402638 0.3936168 0.4116592
291 0.40409858 0.39481903 0.41337813
292 0.40555917 0.39602127 0.41509707
293 0.40701975 0.3972235 0.416816
294 0.40848033 0.39842573 0.41853493
295 0.40994092 0.39962797 0.42025387
296 0.4114015 0.4008302 0.4219728
297 0.41286208 0.40203243 0.42369173
298 0.41432267 0.40323467 0.42541067
299 0.41578325 0.4044369 0.4271296
300 0.41724383 0.40563913 0.42884853
301 0.41870442 0.40684137 0.43056747
302 0.420165 0.4080436 0.4322864
303 0.42162558 0.40924583 0.43400533
304 0.42308617 0.41044807 0.43572427
305 0.42454675 0.4116503 0.4374432
306 0.42600733 0.41285253 0.43916213
307 0.42746792 0.41405477 0.44088107
308 0.4289285 0.415257 0.4426
309 0.43034935 0.41665923 0.44403948
310 0.43177021 0.41806145 0.44547897
311 0.43319106 0.41946368 0.44691845
312 0.43461192 0.4208659 0.44835794
313 0.43603277 0.42226813 0.44979742
314 0.43745363 0.42367035 0.4512369
315 0.43887448 0.42507258 0.45267639
316 0.44029534 0.42647481 0.45411587
317 0.44171619 0.42787703 0.45555535
318 0.44313705 0.42927926 0.45699484
319 0.4445579 0.43068148 0.45843432
320 0.44597876 0.43208371 0.45987381
321 0.44739961 0.43348594 0.46131329
322 0.44882047 0.43488816 0.46275277
323 0.45024132 0.43629039 0.46419226
324 0.45166218 0.43769261 0.46563174
325 0.45308303 0.43909484 0.46707123
326 0.45450389 0.44049706 0.46851071
327 0.45592474 0.44189929 0.46995019
328 0.4573456 0.44330152 0.47138968
329 0.45876645 0.44470374 0.47282916
330 0.46018731 0.44610597 0.47426865
331 0.46160816 0.44750819 0.47570813
332 0.46302902 0.44891042 0.47714761
333 0.46444987 0.45031265 0.4785871
334 0.46587073 0.45171487 0.48002658
335 0.46729158 0.4531171 0.48146606
336 0.46871244 0.45451932 0.48290555
337 0.47013329 0.45592155 0.48434503
338 0.47155415 0.45732377 0.48578452
339 0.472975 0.458726 0.487224
340 0.47435578 0.46032127 0.4883903
341 0.47573657 0.46191653 0.4895566
342 0.47711735 0.4635118 0.4907229
343 0.47849813 0.46510707 0.4918892
344 0.47987892 0.46670233 0.4930555
345 0.4812597 0.4682976 0.4942218
346 0.48264048 0.46989287 0.4953881
347 0.48402127 0.47148813 0.4965544
348 0.48540205 0.4730834 0.4977207
349 0.48678283 0.47467867 0.498887
350 0.48816362 0.47627393 0.5000533
351 0.4895444 0.4778692 0.5012196
352 0.49092518 0.47946447 0.5023859
353 0.49230597 0.48105973 0.5035522
354 0.49368675 0.482655 0.5047185
355 0.49506753 0.48425027 0.5058848
356 0.49644832 0.48584553 0.5070511
357 0.4978291 0.4874408 0.5082174
358 0.49920988 0.48903607 0.5093837
359 0.50059067 0.49063133 0.51055
360 0.50197145 0.4922266 0.5117163
361 0.50335223 0.49382187 0.5128826
362 0.50473302 0.49541713 0.5140489
363 0.5061138 0.4970124 0.5152152
364 0.50749458 0.49860767 0.5163815
365 0.50887537 0.50020293 0.5175478
366 0.51025615 0.5017982 0.5187141
367 0.51163693 0.50339347 0.5198804
368 0.51301772 0.50498873 0.5210467
369 0.5143985 0.506584 0.522213
370 0.51615299 0.50804163 0.52426436
371 0.51790749 0.50949926 0.52631572
372 0.51966198 0.51095689 0.52836708
373 0.52141648 0.51241452 0.53041843
374 0.52317097 0.51387215 0.53246979
375 0.52492547 0.51532978 0.53452115
376 0.52667996 0.51678741 0.53657251
377 0.52843446 0.51824504 0.53862387
378 0.53018895 0.51970267 0.54067523
379 0.53194345 0.5211603 0.54272659
380 0.53369794 0.52261793 0.54477795
381 0.53545243 0.52407557 0.5468293
382 0.53720693 0.5255332 0.54888066
383 0.53896142 0.52699083 0.55093202
384 0.54071592 0.52844846 0.55298338
385 0.54247041 0.52990609 0.55503474
386 0.54422491 0.53136372 0.5570861
387 0.5459794 0.53282135 0.55913746
388 0.5477339 0.53427898 0.56118882
389 0.54948839 0.53573661 0.56324017
390 0.55124289 0.53719424 0.56529153
391 0.55299738 0.53865187 0.56734289
392 0.55475188 0.5401095 0.56939425
393 0.55650637 0.54156713 0.57144561
394 0.55826086 0.54302476 0.57349697
395 0.56001536 0.54448239 0.57554833
396 0.56176985 0.54594002 0.57759968
397 0.56352435 0.54739765 0.57965104
398 0.56527884 0.54885528 0.5817024
399 0.56703334 0.55031291 0.58375376
400 0.56878783 0.55177054 0.58580512
401 0.57054233 0.55322817 0.58785648
402 0.57229682 0.5546858 0.58990784
403 0.57405132 0.55614343 0.5919592
404 0.57580581 0.55760107 0.59401055
405 0.5775603 0.5590587 0.59606191
406 0.5793148 0.56051633 0.59811327
407 0.58106929 0.56197396 0.60016463
408 0.58282379 0.56343159 0.60221599
409 0.58457828 0.56488922 0.60426735
410 0.58633278 0.56634685 0.60631871
411 0.58808727 0.56780448 0.60837007
412 0.58984177 0.56926211 0.61042142
413 0.59159626 0.57071974 0.61247278
414 0.59335076 0.57217737 0.61452414
415 0.59510525 0.573635 0.6165755
416 0.59685974 0.57509263 0.61862686
417 0.59861424 0.57655026 0.62067822
418 0.60036873 0.57800789 0.62272958
419 0.60212323 0.57946552 0.62478093
420 0.60387772 0.58092315 0.62683229
421 0.60563222 0.58238078 0.62888365
422 0.60738671 0.58383841 0.63093501
423 0.60914121 0.58529604 0.63298637
424 0.6108957 0.58675367 0.63503773
425 0.6126502 0.5882113 0.63708909
426 0.61440469 0.58966893 0.63914045
427 0.61615918 0.59112657 0.6411918
428 0.61791368 0.5925842 0.64324316
429 0.61966817 0.59404183 0.64529452
430 0.62142267 0.59549946 0.64734588
431 0.62317716 0.59695709 0.64939724
432 0.62493166 0.59841472 0.6514486
433 0.62668615 0.59987235 0.65349996
434 0.62844065 0.60132998 0.65555132
435 0.63019514 0.60278761 0.65760267
436 0.63194964 0.60424524 0.65965403
437 0.63370413 0.60570287 0.66170539
438 0.63545863 0.6071605 0.66375675
439 0.63721312 0.60861813 0.66580811
440 0.63896761 0.61007576 0.66785947
441 0.64072211 0.61153339 0.66991083
442 0.6424766 0.61299102 0.67196218
443 0.6442311 0.61444865 0.67401354
444 0.64598559 0.61590628 0.6760649
445 0.64774009 0.61736391 0.67811626
446 0.64949458 0.61882154 0.68016762
447 0.65124908 0.62027917 0.68221898
448 0.65300357 0.6217368 0.68427034
449 0.65475807 0.62319443 0.6863217
450 0.65651256 0.62465207 0.68837305
451 0.65826705 0.6261097 0.69042441
452 0.66002155 0.62756733 0.69247577
453 0.66177604 0.62902496 0.69452713
454 0.66353054 0.63048259 0.69657849
455 0.66528503 0.63194022 0.69862985
456 0.66703953 0.63339785 0.70068121
457 0.66879402 0.63485548 0.70273257
458 0.67054852 0.63631311 0.70478392
459 0.67230301 0.63777074 0.70683528
460 0.67405751 0.63922837 0.70888664
461 0.675812 0.640686 0.710938
462 0.67756649 0.64214363 0.71298936
463 0.67932099 0.64360126 0.71504072
464 0.68107548 0.64505889 0.71709208
465 0.68282998 0.64651652 0.71914343
466 0.68458447 0.64797415 0.72119479
467 0.68633897 0.64943178 0.72324615
468 0.68809346 0.65088941 0.72529751
469 0.68984796 0.65234704 0.72734887
470 0.69160245 0.65380467 0.72940023
471 0.69335695 0.6552623 0.73145159
472 0.69511144 0.65671993 0.73350295
473 0.69686593 0.65817757 0.7355543
474 0.69862043 0.6596352 0.73760566
475 0.70037492 0.66109283 0.73965702
476 0.70212942 0.66255046 0.74170838
477 0.70388391 0.66400809 0.74375974
478 0.70563841 0.66546572 0.7458111
479 0.7073929 0.66692335 0.74786246
480 0.7091474 0.66838098 0.74991382
481 0.71090189 0.66983861 0.75196517
482 0.71265639 0.67129624 0.75401653
483 0.71441088 0.67275387 0.75606789
484 0.71616538 0.6742115 0.75811925
485 0.71791987 0.67566913 0.76017061
486 0.71967436 0.67712676 0.76222197
487 0.72142886 0.67858439 0.76427333
488 0.72318335 0.68004202 0.76632468
489 0.72493785 0.68149965 0.76837604
490 0.72669234 0.68295728 0.7704274
491 0.72844684 0.68441491 0.77247876
492 0.73020133 0.68587254 0.77453012
493 0.73195583 0.68733017 0.77658148
494 0.73371032 0.6887878 0.77863284
495 0.73546482 0.69024543 0.7806842
496 0.73721931 0.69170307 0.78273555
497 0.7389738 0.6931607 0.78478691
498 0.7407283 0.69461833 0.78683827
499 0.74248279 0.69607596 0.78888963
500 0.74423729 0.69753359 0.79094099
501 0.74599178 0.69899122 0.79299235
502 0.74774628 0.70044885 0.79504371
503 0.74950077 0.70190648 0.79709507
504 0.75125527 0.70336411 0.79914642
505 0.75300976 0.70482174 0.80119778
506 0.75476426 0.70627937 0.80324914
507 0.75651875 0.707737 0.8053005
508 0.75827324 0.70919463 0.80735186
509 0.76002774 0.71065226 0.80940322
510 0.76178223 0.71210989 0.81145458
511 0.76353673 0.71356752 0.81350593
512 0.76529122 0.71502515 0.81555729
513 0.76704572 0.71648278 0.81760865
514 0.76880021 0.71794041 0.81966001
515 0.77055471 0.71939804 0.82171137
516 0.7723092 0.72085567 0.82376273
517 0.7740637 0.7223133 0.82581409
518 0.77581819 0.72377093 0.82786545
519 0.77757268 0.72522857 0.8299168
520 0.77932718 0.7266862 0.83196816
521 0.78108167 0.72814383 0.83401952
522 0.78283617 0.72960146 0.83607088
523 0.78459066 0.73105909 0.83812224
524 0.78634516 0.73251672 0.8401736
525 0.78809965 0.73397435 0.84222496
526 0.78985415 0.73543198 0.84427632
527 0.79160864 0.73688961 0.84632767
528 0.79336314 0.73834724 0.84837903
529 0.79511763 0.73980487 0.85043039
530 0.79687213 0.7412625 0.85248175
531 0.79862662 0.74272013 0.85453311
532 0.80038111 0.74417776 0.85658447
533 0.80213561 0.74563539 0.85863583
534 0.8038901 0.74709302 0.86068718
535 0.8056446 0.74855065 0.86273854
536 0.80739909 0.75000828 0.8647899
537 0.80915359 0.75146591 0.86684126
538 0.81090808 0.75292354 0.86889262
539 0.81266258 0.75438117 0.87094398
540 0.81441707 0.7558388 0.87299534
541 0.81617157 0.75729643 0.8750467
542 0.81792606 0.75875407 0.87709805
543 0.81968055 0.7602117 0.87914941
544 0.82143505 0.76166933 0.88120077
545 0.82318954 0.76312696 0.88325213
546 0.82494404 0.76458459 0.88530349
547 0.82669853 0.76604222 0.88735485
548 0.82845303 0.76749985 0.88940621
549 0.83020752 0.76895748 0.89145757
550 0.83196202 0.77041511 0.89350892
551 0.83371651 0.77187274 0.89556028
552 0.83547101 0.77333037 0.89761164
553 0.8372255 0.774788 0.899663
554 0.83907281 0.77689452 0.9012511
555 0.84092013 0.77900104 0.90283921
556 0.84276744 0.78110757 0.90442731
557 0.84461475 0.78321409 0.90601542
558 0.84646207 0.78532061 0.90760352
559 0.84830938 0.78742713 0.90919163
560 0.85015669 0.78953365 0.91077973
561 0.85200401 0.79164018 0.91236784
562 0.85385132 0.7937467 0.91395594
563 0.85569863 0.79585322 0.91554404
564 0.85754595 0.79795974 0.91713215
565 0.85939326 0.80006626 0.91872025
566 0.86124057 0.80217279 0.92030836
567 0.86308788 0.80427931 0.92189646
568 0.8649352 0.80638583 0.92348457
569 0.86678251 0.80849235 0.92507267
570 0.86862982 0.81059887 0.92666077
571 0.87047714 0.8127054 0.92824888
572 0.87232445 0.81481192 0.92983698
573 0.87417176 0.81691844 0.93142509
574 0.87601908 0.81902496 0.93301319
575 0.87786639 0.82113148 0.9346013
576 0.8797137 0.82323801 0.9361894
577 0.88156102 0.82534453 0.93777751
578 0.88340833 0.82745105 0.93936561
579 0.88525564 0.82955757 0.94095371
580 0.88710296 0.83166409 0.94254182
581 0.88895027 0.83377062 0.94412992
582 0.89079758 0.83587714 0.94571803
583 0.8926449 0.83798366 0.94730613
584 0.89449221 0.84009018 0.94889424
585 0.89633952 0.8421967 0.95048234
586 0.89818684 0.84430323 0.95207045
587 0.90003415 0.84640975 0.95365855
588 0.90188146 0.84851627 0.95524665
589 0.90372877 0.85062279 0.95683476
590 0.90557609 0.85272931 0.95842286
591 0.9074234 0.85483584 0.96001097
592 0.90927071 0.85694236 0.96159907
593 0.91111803 0.85904888 0.96318718
594 0.91296534 0.8611554 0.96477528
595 0.91481265 0.86326192 0.96636338
596 0.91665997 0.86536845 0.96795149
597 0.91850728 0.86747497 0.96953959
598 0.92035459 0.86958149 0.9711277
599 0.92220191 0.87168801 0.9727158
600 0.92404922 0.87379453 0.97430391
601 0.92589653 0.87590105 0.97589201
602 0.92774385 0.87800758 0.97748012
603 0.92959116 0.8801141 0.97906822
604 0.93143847 0.88222062 0.98065632
605 0.93328579 0.88432714 0.98224443
606 0.9351331 0.88643366 0.98383253
607 0.93698041 0.88854019 0.98542064
608 0.93882773 0.89064671 0.98700874
609 0.94067504 0.89275323 0.98859685
610 0.94252235 0.89485975 0.99018495
611 0.94436966 0.89696627 0.99177305
612 0.94621698 0.8990728 0.99336116
613 0.94806429 0.90117932 0.99494926
614 0.9499116 0.90328584 0.99653737
615 0.95175892 0.90539236 0.99812547
616 0.95360623 0.90749888 0.99971358
617 0.95545354 0.90960541 1.00130168
618 0.95730086 0.91171193 1.00288979
619 0.95914817 0.91381845 1.00447789
620 0.96099548 0.91592497 1.00606599
621 0.9628428 0.91803149 1.0076541
622 0.96469011 0.92013802 1.0092422
623 0.96653742 0.92224454 1.01083031
624 0.96838474 0.92435106 1.01241841
625 0.97023205 0.92645758 1.01400652
626 0.97207936 0.9285641 1.01559462
627 0.97392668 0.93067063 1.01718273
628 0.97577399 0.93277715 1.01877083
629 0.9776213 0.93488367 1.02035893
630 0.97946862 0.93699019 1.02194704
631 0.98131593 0.93909671 1.02353514
632 0.98316324 0.94120324 1.02512325
633 0.98501055 0.94330976 1.02671135
634 0.98685787 0.94541628 1.02829946
635 0.98870518 0.9475228 1.02988756
636 0.99055249 0.94962932 1.03147566
637 0.99239981 0.95173585 1.03306377
638 0.99424712 0.95384237 1.03465187
639 0.99609443 0.95594889 1.03623998
640 0.99794175 0.95805541 1.03782808
641 0.99978906 0.96016193 1.03941619
642 1.00163637 0.96226846 1.04100429
643 1.00348369 0.96437498 1.0425924
644 1.005331 0.9664815 1.0441805
645 1.00717831 0.96858802 1.0457686
646 1.00902563 0.97069454 1.04735671
647 1.01087294 0.97280107 1.04894481
648 1.01272025 0.97490759 1.05053292
649 1.01456757 0.97701411 1.05212102
650 1.01641488 0.97912063 1.05370913
651 1.01826219 0.98122715 1.05529723
652 1.02010951 0.98333368 1.05688534
653 1.02195682 0.9854402 1.05847344
654 1.02380413 0.98754672 1.06006154
655 1.02565145 0.98965324 1.06164965
656 1.02749876 0.99175976 1.06323775
657 1.02934607 0.99386629 1.06482586
658 1.03119338 0.99597281 1.06641396
659 1.0330407 0.99807933 1.06800207
660 1.03488801 1.00018585 1.06959017
661 1.03673532 1.00229237 1.07117827
662 1.03858264 1.0043989 1.07276638
663 1.04042995 1.00650542 1.07435448
664 1.04227726 1.00861194 1.07594259
665 1.04412458 1.01071846 1.07753069
666 1.04597189 1.01282498 1.0791188
667 1.0478192 1.01493151 1.0807069
668 1.04966652 1.01703803 1.08229501
669 1.05151383 1.01914455 1.08388311
670 1.05336114 1.02125107 1.08547121
671 1.05520846 1.02335759 1.08705932
672 1.05705577 1.02546412 1.08864742
673 1.05890308 1.02757064 1.09023553
674 1.0607504 1.02967716 1.09182363
675 1.06259771 1.03178368 1.09341174
676 1.06444502 1.0338902 1.09499984
677 1.06629234 1.03599673 1.09658795
678 1.06813965 1.03810325 1.09817605
679 1.06998696 1.04020977 1.09976415
680 1.07183427 1.04231629 1.10135226
681 1.07368159 1.04442281 1.10294036
682 1.0755289 1.04652934 1.10452847
683 1.07737621 1.04863586 1.10611657
684 1.07922353 1.05074238 1.10770468
685 1.08107084 1.0528489 1.10929278
686 1.08291815 1.05495542 1.11088088
687 1.08476547 1.05706195 1.11246899
688 1.08661278 1.05916847 1.11405709
689 1.08846009 1.06127499 1.1156452
690 1.09030741 1.06338151 1.1172333
691 1.09215472 1.06548803 1.11882141
692 1.09400203 1.06759455 1.12040951
693 1.09584935 1.06970108 1.12199762
694 1.09769666 1.0718076 1.12358572
695 1.09954397 1.07391412 1.12517382
696 1.10139129 1.07602064 1.12676193
697 1.1032386 1.07812716 1.12835003
698 1.10508591 1.08023369 1.12993814
699 1.10693323 1.08234021 1.13152624
700 1.10878054 1.08444673 1.13311435
701 1.11062785 1.08655325 1.13470245
702 1.11247516 1.08865977 1.13629055
703 1.11432248 1.0907663 1.13787866
704 1.11616979 1.09287282 1.13946676
705 1.1180171 1.09497934 1.14105487
706 1.11986442 1.09708586 1.14264297
707 1.12171173 1.09919238 1.14423108
708 1.12355904 1.10129891 1.14581918
709 1.12540636 1.10340543 1.14740729
710 1.12725367 1.10551195 1.14899539
711 1.12910098 1.10761847 1.15058349
712 1.1309483 1.10972499 1.1521716
713 1.13279561 1.11183152 1.1537597
714 1.13464292 1.11393804 1.15534781
715 1.13649024 1.11604456 1.15693591
716 1.13833755 1.11815108 1.15852402
717 1.14018486 1.1202576 1.16011212
718 1.14203218 1.12236413 1.16170023
719 1.14387949 1.12447065 1.16328833
720 1.1457268 1.12657717 1.16487643
721 1.14757412 1.12868369 1.16646454
722 1.14942143 1.13079021 1.16805264
723 1.15126874 1.13289674 1.16964075
724 1.15311605 1.13500326 1.17122885
725 1.15496337 1.13710978 1.17281696
726 1.15681068 1.1392163 1.17440506
727 1.15865799 1.14132282 1.17599316
728 1.16050531 1.14342935 1.17758127
729 1.16235262 1.14553587 1.17916937
730 1.16419993 1.14764239 1.18075748
731 1.16604725 1.14974891 1.18234558
732 1.16789456 1.15185543 1.18393369
733 1.16974187 1.15396196 1.18552179
734 1.17158919 1.15606848 1.1871099
735 1.1734365 1.158175 1.188698
736 1.17571538 1.16031777 1.19111299
737 1.17799427 1.16246055 1.19352798
738 1.18027315 1.16460332 1.19594298
739 1.18255203 1.1667461 1.19835797
740 1.18483091 1.16888887 1.20077296
741 1.1871098 1.17103164 1.20318795
742 1.18938868 1.17317442 1.20560294
743 1.19166756 1.17531719 1.20801793
744 1.19394645 1.17745996 1.21043293
745 1.19622533 1.17960274 1.21284792
746 1.19850421 1.18174551 1.21526291
747 1.20078309 1.18388829 1.2176779
748 1.20306198 1.18603106 1.22009289
749 1.20534086 1.18817383 1.22250789
750 1.20761974 1.19031661 1.22492288
751 1.20989863 1.19245938 1.22733787
752 1.21217751 1.19460216 1.22975286
753 1.21445639 1.19674493 1.23216785
754 1.21673527 1.1988877 1.23458284
755 1.21901416 1.20103048 1.23699784
756 1.22129304 1.20317325 1.23941283
757 1.22357192 1.20531602 1.24182782
758 1.22585081 1.2074588 1.24424281
759 1.22812969 1.20960157 1.2466578
760 1.23040857 1.21174435 1.2490728
761 1.23268745 1.21388712 1.25148779
762 1.23496634 1.21602989 1.25390278
763 1.23724522 1.21817267 1.25631777
764 1.2395241 1.22031544 1.25873276
765 1.24180299 1.22245822 1.26114775
766 1.24408187 1.22460099 1.26356275
767 1.24636075 1.22674376 1.26597774
768 1.24863963 1.22888654 1.26839273
769 1.25091852 1.23102931 1.27080772
770 1.2531974 1.23317208 1.27322271
771 1.25547628 1.23531486 1.27563771
772 1.25775516 1.23745763 1.2780527
773 1.26003405 1.23960041 1.28046769
774 1.26231293 1.24174318 1.28288268
775 1.26459181 1.24388595 1.28529767
776 1.2668707 1.24602873 1.28771266
777 1.26914958 1.2481715 1.29012766
778 1.27142846 1.25031428 1.29254265
779 1.27370734 1.25245705 1.29495764
780 1.27598623 1.25459982 1.29737263
781 1.27826511 1.2567426 1.29978762
782 1.28054399 1.25888537 1.30220262
783 1.28282288 1.26102814 1.30461761
784 1.28510176 1.26317092 1.3070326
785 1.28738064 1.26531369 1.30944759
786 1.28965952 1.26745647 1.31186258
787 1.29193841 1.26959924 1.31427757
788 1.29421729 1.27174201 1.31669257
789 1.29649617 1.27388479 1.31910756
790 1.29877506 1.27602756 1.32152255
791 1.30105394 1.27817034 1.32393754
792 1.30333282 1.28031311 1.32635253
793 1.3056117 1.28245588 1.32876753
794 1.30789059 1.28459866 1.33118252
795 1.31016947 1.28674143 1.33359751
796 1.31244835 1.2888842 1.3360125
797 1.31472724 1.29102698 1.33842749
798 1.31700612 1.29316975 1.34084249
799 1.319285 1.29531253 1.34325748
800 1.32156388 1.2974553 1.34567247
801 1.32384277 1.29959807 1.34808746
802 1.32612165 1.30174085 1.35050245
803 1.32840053 1.30388362 1.35291744
804 1.33067942 1.3060264 1.35533244
805 1.3329583 1.30816917 1.35774743
806 1.33523718 1.31031194 1.36016242
807 1.33751606 1.31245472 1.36257741
808 1.33979495 1.31459749 1.3649924
809 1.34207383 1.31674026 1.3674074
810 1.34435271 1.31888304 1.36982239
811 1.3466316 1.32102581 1.37223738
812 1.34891048 1.32316859 1.37465237
813 1.35118936 1.32531136 1.37706736
814 1.35346824 1.32745413 1.37948235
815 1.35574713 1.32959691 1.38189735
816 1.35802601 1.33173968 1.38431234
817 1.36030489 1.33388246 1.38672733
818 1.36258378 1.33602523 1.38914232
819 1.36486266 1.338168 1.39155731
820 1.36714154 1.34031078 1.39397231
821 1.36942042 1.34245355 1.3963873
822 1.37169931 1.34459632 1.39880229
823 1.37397819 1.3467391 1.40121728
824 1.37625707 1.34888187 1.40363227
825 1.37853596 1.35102465 1.40604726
826 1.38081484 1.35316742 1.40846226
827 1.38309372 1.35531019 1.41087725
828 1.3853726 1.35745297 1.41329224
829 1.38765149 1.35959574 1.41570723
830 1.38993037 1.36173852 1.41812222
831 1.39220925 1.36388129 1.42053722
832 1.39448813 1.36602406 1.42295221
833 1.39676702 1.36816684 1.4253672
834 1.3990459 1.37030961 1.42778219
835 1.40132478 1.37245238 1.43019718
836 1.40360367 1.37459516 1.43261217
837 1.40588255 1.37673793 1.43502717
838 1.40816143 1.37888071 1.43744216
839 1.41044031 1.38102348 1.43985715
840 1.4127192 1.38316625 1.44227214
841 1.41499808 1.38530903 1.44468713
842 1.41727696 1.3874518 1.44710213
843 1.41955585 1.38959457 1.44951712
844 1.42183473 1.39173735 1.45193211
845 1.42411361 1.39388012 1.4543471
846 1.42639249 1.3960229 1.45676209
847 1.42867138 1.39816567 1.45917708
848 1.43095026 1.40030844 1.46159208
849 1.43322914 1.40245122 1.46400707
850 1.43550803 1.40459399 1.46642206
851 1.43778691 1.40673677 1.46883705
852 1.44006579 1.40887954 1.47125204
853 1.44234467 1.41102231 1.47366704
854 1.44462356 1.41316509 1.47608203
855 1.44690244 1.41530786 1.47849702
856 1.44918132 1.41745063 1.48091201
857 1.45146021 1.41959341 1.483327
858 1.45373909 1.42173618 1.48574199
859 1.45601797 1.42387896 1.48815699
860 1.45829685 1.42602173 1.49057198
861 1.46057574 1.4281645 1.49298697
862 1.46285462 1.43030728 1.49540196
863 1.4651335 1.43245005 1.49781695
864 1.46741239 1.43459283 1.50023195
865 1.46969127 1.4367356 1.50264694
866 1.47197015 1.43887837 1.50506193
867 1.47424903 1.44102115 1.50747692
868 1.47652792 1.44316392 1.50989191
869 1.4788068 1.44530669 1.5123069
870 1.48108568 1.44744947 1.5147219
871 1.48336457 1.44959224 1.51713689
872 1.48564345 1.45173502 1.51955188
873 1.48792233 1.45387779 1.52196687
874 1.49020121 1.45602056 1.52438186
875 1.4924801 1.45816334 1.52679686
876 1.49475898 1.46030611 1.52921185
877 1.49703786 1.46244889 1.53162684
878 1.49931675 1.46459166 1.53404183
879 1.50159563 1.46673443 1.53645682
880 1.50387451 1.46887721 1.53887181
881 1.50615339 1.47101998 1.54128681
882 1.50843228 1.47316275 1.5437018
883 1.51071116 1.47530553 1.54611679
884 1.51299004 1.4774483 1.54853178
885 1.51526893 1.47959108 1.55094677
886 1.51754781 1.48173385 1.55336177
887 1.51982669 1.48387662 1.55577676
888 1.52210557 1.4860194 1.55819175
889 1.52438446 1.48816217 1.56060674
890 1.52666334 1.49030495 1.56302173
891 1.52894222 1.49244772 1.56543672
892 1.5312211 1.49459049 1.56785172
893 1.53349999 1.49673327 1.57026671
894 1.53577887 1.49887604 1.5726817
895 1.53805775 1.50101881 1.57509669
896 1.54033664 1.50316159 1.57751168
897 1.54261552 1.50530436 1.57992668
898 1.5448944 1.50744714 1.58234167
899 1.54717328 1.50958991 1.58475666
900 1.54945217 1.51173268 1.58717165
901 1.55173105 1.51387546 1.58958664
902 1.55400993 1.51601823 1.59200163
903 1.55628882 1.51816101 1.59441663
904 1.5585677 1.52030378 1.59683162
905 1.56084658 1.52244655 1.59924661
906 1.56312546 1.52458933 1.6016616
907 1.56540435 1.5267321 1.60407659
908 1.56768323 1.52887487 1.60649159
909 1.56996211 1.53101765 1.60890658
910 1.572241 1.53316042 1.61132157
911 1.57451988 1.5353032 1.61373656
912 1.57679876 1.53744597 1.61615155
913 1.57907764 1.53958874 1.61856655
914 1.58135653 1.54173152 1.62098154
915 1.58363541 1.54387429 1.62339653
916 1.58591429 1.54601707 1.62581152
917 1.58819318 1.54815984 1.62822651
918 1.59047206 1.55030261 1.6306415
919 1.59275094 1.55244539 1.6330565
920 1.59502982 1.55458816 1.63547149
921 1.59730871 1.55673093 1.63788648
922 1.59958759 1.55887371 1.64030147
923 1.60186647 1.56101648 1.64271646
924 1.60414536 1.56315926 1.64513146
925 1.60642424 1.56530203 1.64754645
926 1.60870312 1.5674448 1.64996144
927 1.610982 1.56958758 1.65237643
928 1.61326089 1.57173035 1.65479142
929 1.61553977 1.57387313 1.65720641
930 1.61781865 1.5760159 1.65962141
931 1.62009754 1.57815867 1.6620364
932 1.62237642 1.58030145 1.66445139
933 1.6246553 1.58244422 1.66686638
934 1.62693418 1.58458699 1.66928137
935 1.62921307 1.58672977 1.67169637
936 1.63149195 1.58887254 1.67411136
937 1.63377083 1.59101532 1.67652635
938 1.63604972 1.59315809 1.67894134
939 1.6383286 1.59530086 1.68135633
940 1.64060748 1.59744364 1.68377132
941 1.64288636 1.59958641 1.68618632
942 1.64516525 1.60172919 1.68860131
943 1.64744413 1.60387196 1.6910163
944 1.64972301 1.60601473 1.69343129
945 1.6520019 1.60815751 1.69584628
946 1.65428078 1.61030028 1.69826128
947 1.65655966 1.61244305 1.70067627
948 1.65883854 1.61458583 1.70309126
949 1.66111743 1.6167286 1.70550625
950 1.66339631 1.61887138 1.70792124
951 1.66567519 1.62101415 1.71033623
952 1.66795407 1.62315692 1.71275123
953 1.67023296 1.6252997 1.71516622
954 1.67251184 1.62744247 1.71758121
955 1.67479072 1.62958525 1.7199962
956 1.67706961 1.63172802 1.72241119
957 1.67934849 1.63387079 1.72482619
958 1.68162737 1.63601357 1.72724118
959 1.68390625 1.63815634 1.72965617
960 1.68618514 1.64029911 1.73207116
961 1.68846402 1.64244189 1.73448615
962 1.6907429 1.64458466 1.73690114
963 1.69302179 1.64672744 1.73931614
964 1.69530067 1.64887021 1.74173113
965 1.69757955 1.65101298 1.74414612
966 1.69985843 1.65315576 1.74656111
967 1.70213732 1.65529853 1.7489761
968 1.7044162 1.65744131 1.7513911
969 1.70669508 1.65958408 1.75380609
970 1.70897397 1.66172685 1.75622108
971 1.71125285 1.66386963 1.75863607
972 1.71353173 1.6660124 1.76105106
973 1.71581061 1.66815517 1.76346605
974 1.7180895 1.67029795 1.76588105
975 1.72036838 1.67244072 1.76829604
976 1.72264726 1.6745835 1.77071103
977 1.72492615 1.67672627 1.77312602
978 1.72720503 1.67886904 1.77554101
979 1.72948391 1.68101182 1.77795601
980 1.73176279 1.68315459 1.780371
981 1.73404168 1.68529737 1.78278599
982 1.73632056 1.68744014 1.78520098
983 1.73859944 1.68958291 1.78761597
984 1.74087833 1.69172569 1.79003096
985 1.74315721 1.69386846 1.79244596
986 1.74543609 1.69601123 1.79486095
987 1.74771497 1.69815401 1.79727594
988 1.74999386 1.70029678 1.79969093
989 1.75227274 1.70243956 1.80210592
990 1.75455162 1.70458233 1.80452092
991 1.75683051 1.7067251 1.80693591
992 1.75910939 1.70886788 1.8093509
993 1.76138827 1.71101065 1.81176589
994 1.76366715 1.71315343 1.81418088
995 1.76594604 1.7152962 1.81659587
996 1.76822492 1.71743897 1.81901087
997 1.7705038 1.71958175 1.82142586
998 1.77278269 1.72172452 1.82384085
999 1.77506157 1.72386729 1.82625584
1000 1.77734045 1.72601007 1.82867083
1001 1.77961933 1.72815284 1.83108583
1002 1.78189822 1.73029562 1.83350082
1003 1.7841771 1.73243839 1.83591581
1004 1.78645598 1.73458116 1.8383308
1005 1.78873487 1.73672394 1.84074579
1006 1.79101375 1.73886671 1.84316078
1007 1.79329263 1.74100949 1.84557578
1008 1.79557151 1.74315226 1.84799077
1009 1.7978504 1.74529503 1.85040576
1010 1.80012928 1.74743781 1.85282075
1011 1.80240816 1.74958058 1.85523574
1012 1.80468705 1.75172335 1.85765074
1013 1.80696593 1.75386613 1.86006573
1014 1.80924481 1.7560089 1.86248072
1015 1.81152369 1.75815168 1.86489571
1016 1.81380258 1.76029445 1.8673107
1017 1.81608146 1.76243722 1.86972569
1018 1.81836034 1.76458 1.87214069
1019 1.82063922 1.76672277 1.87455568
1020 1.82291811 1.76886555 1.87697067
1021 1.82519699 1.77100832 1.87938566
1022 1.82747587 1.77315109 1.88180065
1023 1.82975476 1.77529387 1.88421565
1024 1.83203364 1.77743664 1.88663064
1025 1.83431252 1.77957941 1.88904563
1026 1.8365914 1.78172219 1.89146062
1027 1.83887029 1.78386496 1.89387561
1028 1.84114917 1.78600774 1.8962906
1029 1.84342805 1.78815051 1.8987056
1030 1.84570694 1.79029328 1.90112059
1031 1.84798582 1.79243606 1.90353558
1032 1.8502647 1.79457883 1.90595057
1033 1.85254358 1.7967216 1.90836556
1034 1.85482247 1.79886438 1.91078056
1035 1.85710135 1.80100715 1.91319555
1036 1.85938023 1.80314993 1.91561054
1037 1.86165912 1.8052927 1.91802553
1038 1.863938 1.80743547 1.92044052
1039 1.86621688 1.80957825 1.92285552
1040 1.86849576 1.81172102 1.92527051
1041 1.87077465 1.8138638 1.9276855
1042 1.87305353 1.81600657 1.93010049
1043 1.87533241 1.81814934 1.93251548
1044 1.8776113 1.82029212 1.93493047
1045 1.87989018 1.82243489 1.93734547
1046 1.88216906 1.82457766 1.93976046
1047 1.88444794 1.82672044 1.94217545
1048 1.88672683 1.82886321 1.94459044
1049 1.88900571 1.83100599 1.94700543
1050 1.89128459 1.83314876 1.94942043
1051 1.89356348 1.83529153 1.95183542
1052 1.89584236 1.83743431 1.95425041
1053 1.89812124 1.83957708 1.9566654
1054 1.90040012 1.84171986 1.95908039
1055 1.90267901 1.84386263 1.96149538
1056 1.90495789 1.8460054 1.96391038
1057 1.90723677 1.84814818 1.96632537
1058 1.90951566 1.85029095 1.96874036
1059 1.91179454 1.85243372 1.97115535
1060 1.91407342 1.8545765 1.97357034
1061 1.9163523 1.85671927 1.97598534
1062 1.91863119 1.85886205 1.97840033
1063 1.92091007 1.86100482 1.98081532
1064 1.92318895 1.86314759 1.98323031
1065 1.92546784 1.86529037 1.9856453
1066 1.92774672 1.86743314 1.98806029
1067 1.9300256 1.86957592 1.99047529
1068 1.93230448 1.87171869 1.99289028
1069 1.93458337 1.87386146 1.99530527
1070 1.93686225 1.87600424 1.99772026
1071 1.93914113 1.87814701 2.00013525
1072 1.94142002 1.88028978 2.00255025
1073 1.9436989 1.88243256 2.00496524
1074 1.94597778 1.88457533 2.00738023
1075 1.94825666 1.88671811 2.00979522
1076 1.95053555 1.88886088 2.01221021
1077 1.95281443 1.89100365 2.0146252
1078 1.95509331 1.89314643 2.0170402
1079 1.95737219 1.8952892 2.01945519
1080 1.95965108 1.89743198 2.02187018
1081 1.96192996 1.89957475 2.02428517
1082 1.96420884 1.90171752 2.02670016
1083 1.96648773 1.9038603 2.02911516
1084 1.96876661 1.90600307 2.03153015
1085 1.97104549 1.90814584 2.03394514
1086 1.97332437 1.91028862 2.03636013
1087 1.97560326 1.91243139 2.03877512
1088 1.97788214 1.91457417 2.04119011
1089 1.98016102 1.91671694 2.04360511
1090 1.98243991 1.91885971 2.0460201
1091 1.98471879 1.92100249 2.04843509
1092 1.98699767 1.92314526 2.05085008
1093 1.98927655 1.92528804 2.05326507
1094 1.99155544 1.92743081 2.05568007
1095 1.99383432 1.92957358 2.05809506
1096 1.9961132 1.93171636 2.06051005
1097 1.99839209 1.93385913 2.06292504
1098 2.00067097 1.9360019 2.06534003
1099 2.00294985 1.93814468 2.06775502
1100 2.00522873 1.94028745 2.07017002
1101 2.00750762 1.94243023 2.07258501
1102 2.0097865 1.944573 2.075
1103 2.01216539 1.94695505 2.07737572
1104 2.01454427 1.94933711 2.07975143
1105 2.01692316 1.95171916 2.08212715
1106 2.01930204 1.95410122 2.08450287
1107 2.02168093 1.95648327 2.08687859
1108 2.02405982 1.95886533 2.0892543
1109 2.0264387 1.96124738 2.09163002
1110 2.02881759 1.96362944 2.09400574
1111 2.03119647 1.96601149 2.09638145
1112 2.03357536 1.96839355 2.09875717
1113 2.03595425 1.9707756 2.10113289
1114 2.03833313 1.97315766 2.1035086
1115 2.04071202 1.97553971 2.10588432
1116 2.0430909 1.97792177 2.10826004
1117 2.04546979 1.98030382 2.11063576
1118 2.04784868 1.98268588 2.11301147
1119 2.05022756 1.98506793 2.11538719
1120 2.05260645 1.98744999 2.11776291
1121 2.05498533 1.98983204 2.12013862
1122 2.05736422 1.9922141 2.12251434
1123 2.05974311 1.99459615 2.12489006
1124 2.06212199 1.99697821 2.12726577
1125 2.06450088 1.99936026 2.12964149
1126 2.06687976 2.00174232 2.13201721
1127 2.06925865 2.00412437 2.13439293
1128 2.07163754 2.00650643 2.13676864
1129 2.07401642 2.00888848 2.13914436
1130 2.07639531 2.01127054 2.14152008
1131 2.07877419 2.01365259 2.14389579
1132 2.08115308 2.01603465 2.14627151
1133 2.08353197 2.0184167 2.14864723
1134 2.08591085 2.02079876 2.15102295
1135 2.08828974 2.02318081 2.15339866
1136 2.09066862 2.02556287 2.15577438
1137 2.09304751 2.02794492 2.1581501
1138 2.0954264 2.03032698 2.16052581
1139 2.09780528 2.03270903 2.16290153
1140 2.10018417 2.03509109 2.16527725
1141 2.10256305 2.03747314 2.16765296
1142 2.10494194 2.0398552 2.17002868
1143 2.10732083 2.04223725 2.1724044
1144 2.10969971 2.04461931 2.17478012
1145 2.1120786 2.04700136 2.17715583
1146 2.11445748 2.04938342 2.17953155
1147 2.11683637 2.05176547 2.18190727
1148 2.11921526 2.05414753 2.18428298
1149 2.12159414 2.05652958 2.1866587
1150 2.12397303 2.05891164 2.18903442
1151 2.12635191 2.06129369 2.19141013
1152 2.1287308 2.06367575 2.19378585
1153 2.13110969 2.0660578 2.19616157
1154 2.13348857 2.06843986 2.19853729
1155 2.13586746 2.07082191 2.200913
1156 2.13824634 2.07320397 2.20328872
1157 2.14062523 2.07558602 2.20566444
1158 2.14300412 2.07796808 2.20804015
1159 2.145383 2.08035013 2.21041587
1160 2.14776189 2.08273219 2.21279159
1161 2.15014077 2.08511424 2.2151673
1162 2.15251966 2.0874963 2.21754302
1163 2.15489855 2.08987835 2.21991874
1164 2.15727743 2.09226041 2.22229446
1165 2.15965632 2.09464246 2.22467017
1166 2.1620352 2.09702452 2.22704589
1167 2.16441409 2.09940657 2.22942161
1168 2.16679298 2.10178863 2.23179732
1169 2.16917186 2.10417068 2.23417304
1170 2.17155075 2.10655274 2.23654876
1171 2.17392963 2.10893479 2.23892448
1172 2.17630852 2.11131685 2.24130019
1173 2.17868741 2.1136989 2.24367591
1174 2.18106629 2.11608096 2.24605163
1175 2.18344518 2.11846301 2.24842734
1176 2.18582406 2.12084507 2.25080306
1177 2.18820295 2.12322712 2.25317878
1178 2.19058184 2.12560918 2.25555449
1179 2.19296072 2.12799123 2.25793021
1180 2.19533961 2.13037329 2.26030593
1181 2.19771849 2.13275534 2.26268165
1182 2.20009738 2.1351374 2.26505736
1183 2.20247627 2.13751945 2.26743308
1184 2.20485515 2.13990151 2.2698088
1185 2.20723404 2.14228356 2.27218451
1186 2.20961292 2.14466562 2.27456023
1187 2.21199181 2.14704767 2.27693595
1188 2.2143707 2.14942973 2.27931166
1189 2.21674958 2.15181178 2.28168738
1190 2.21912847 2.15419384 2.2840631
1191 2.22150735 2.15657589 2.28643882
1192 2.22388624 2.15895795 2.28881453
1193 2.22626513 2.16134 2.29119025
1194 2.22864401 2.16372205 2.29356597
1195 2.2310229 2.16610411 2.29594168
1196 2.23340178 2.16848616 2.2983174
1197 2.23578067 2.17086822 2.30069312
1198 2.23815955 2.17325027 2.30306884
1199 2.24053844 2.17563233 2.30544455
1200 2.24291733 2.17801438 2.30782027
1201 2.24529621 2.18039644 2.31019599
1202 2.2476751 2.18277849 2.3125717
1203 2.25005398 2.18516055 2.31494742
1204 2.25243287 2.1875426 2.31732314
1205 2.25481176 2.18992466 2.31969885
1206 2.25719064 2.19230671 2.32207457
1207 2.25956953 2.19468877 2.32445029
1208 2.26194841 2.19707082 2.32682601
1209 2.2643273 2.19945288 2.32920172
1210 2.26670619 2.20183493 2.33157744
1211 2.26908507 2.20421699 2.33395316
1212 2.27146396 2.20659904 2.33632887
1213 2.27384284 2.2089811 2.33870459
1214 2.27622173 2.21136315 2.34108031
1215 2.27860062 2.21374521 2.34345602
1216 2.2809795 2.21612726 2.34583174
1217 2.28335839 2.21850932 2.34820746
1218 2.28573727 2.22089137 2.35058318
1219 2.28811616 2.22327343 2.35295889
1220 2.29049505 2.22565548 2.35533461
1221 2.29287393 2.22803754 2.35771033
1222 2.29525282 2.23041959 2.36008604
1223 2.2976317 2.23280165 2.36246176
1224 2.30001059 2.2351837 2.36483748
1225 2.30238948 2.23756576 2.3672132
1226 2.30476836 2.23994781 2.36958891
1227 2.30714725 2.24232987 2.37196463
1228 2.30952613 2.24471192 2.37434035
1229 2.31190502 2.24709398 2.37671606
1230 2.31428391 2.24947603 2.37909178
1231 2.31666279 2.25185809 2.3814675
1232 2.31904168 2.25424014 2.38384321
1233 2.32142056 2.2566222 2.38621893
1234 2.32379945 2.25900425 2.38859465
1235 2.32617834 2.26138631 2.39097037
1236 2.32855722 2.26376836 2.39334608
1237 2.33093611 2.26615042 2.3957218
1238 2.33331499 2.26853247 2.39809752
1239 2.33569388 2.27091453 2.40047323
1240 2.33807277 2.27329658 2.40284895
1241 2.34045165 2.27567864 2.40522467
1242 2.34283054 2.27806069 2.40760038
1243 2.34520942 2.28044275 2.4099761
1244 2.34758831 2.2828248 2.41235182
1245 2.3499672 2.28520686 2.41472754
1246 2.35234608 2.28758891 2.41710325
1247 2.35472497 2.28997097 2.41947897
1248 2.35710385 2.29235302 2.42185469
1249 2.35948274 2.29473508 2.4242304
1250 2.36186163 2.29711713 2.42660612
1251 2.36424051 2.29949919 2.42898184
1252 2.3666194 2.30188124 2.43135755
1253 2.36899828 2.3042633 2.43373327
1254 2.37137717 2.30664535 2.43610899
1255 2.37375606 2.30902741 2.43848471
1256 2.37613494 2.31140946 2.44086042
1257 2.37851383 2.31379152 2.44323614
1258 2.38089271 2.31617357 2.44561186
1259 2.3832716 2.31855563 2.44798757
1260 2.38565049 2.32093768 2.45036329
1261 2.38802937 2.32331974 2.45273901
1262 2.39040826 2.32570179 2.45511473
1263 2.39278714 2.32808385 2.45749044
1264 2.39516603 2.3304659 2.45986616
1265 2.39754492 2.33284796 2.46224188
1266 2.3999238 2.33523001 2.46461759
1267 2.40230269 2.33761207 2.46699331
1268 2.40468157 2.33999412 2.46936903
1269 2.40706046 2.34237618 2.47174474
1270 2.40943935 2.34475823 2.47412046
1271 2.41181823 2.34714029 2.47649618
1272 2.41419712 2.34952234 2.4788719
1273 2.416576 2.3519044 2.48124761
1274 2.41895489 2.35428645 2.48362333
1275 2.42133378 2.35666851 2.48599905
1276 2.42371266 2.35905056 2.48837476
1277 2.42609155 2.36143262 2.49075048
1278 2.42847043 2.36381467 2.4931262
1279 2.43084932 2.36619673 2.49550191
1280 2.43322821 2.36857878 2.49787763
1281 2.43560709 2.37096084 2.50025335
1282 2.43798598 2.37334289 2.50262907
1283 2.44036486 2.37572495 2.50500478
1284 2.44274375 2.378107 2.5073805
1285 2.44512264 2.38048905 2.50975622
1286 2.44750152 2.38287111 2.51213193
1287 2.44988041 2.38525316 2.51450765
1288 2.45225929 2.38763522 2.51688337
1289 2.45463818 2.39001727 2.51925909
1290 2.45701707 2.39239933 2.5216348
1291 2.45939595 2.39478138 2.52401052
1292 2.46177484 2.39716344 2.52638624
1293 2.46415372 2.39954549 2.52876195
1294 2.46653261 2.40192755 2.53113767
1295 2.4689115 2.4043096 2.53351339
1296 2.47129038 2.40669166 2.5358891
1297 2.47366927 2.40907371 2.53826482
1298 2.47604815 2.41145577 2.54064054
1299 2.47842704 2.41383782 2.54301626
1300 2.48080593 2.41621988 2.54539197
1301 2.48318481 2.41860193 2.54776769
1302 2.4855637 2.42098399 2.55014341
1303 2.48794258 2.42336604 2.55251912
1304 2.49032147 2.4257481 2.55489484
1305 2.49270036 2.42813015 2.55727056
1306 2.49507924 2.43051221 2.55964627
1307 2.49745813 2.43289426 2.56202199
1308 2.49983701 2.43527632 2.56439771
1309 2.5022159 2.43765837 2.56677343
1310 2.50459479 2.44004043 2.56914914
1311 2.50697367 2.44242248 2.57152486
1312 2.50935256 2.44480454 2.57390058
1313 2.51173144 2.44718659 2.57627629
1314 2.51411033 2.44956865 2.57865201
1315 2.51648922 2.4519507 2.58102773
1316 2.5188681 2.45433276 2.58340345
1317 2.52124699 2.45671481 2.58577916
1318 2.52362587 2.45909687 2.58815488
1319 2.52600476 2.46147892 2.5905306
1320 2.52838365 2.46386098 2.59290631
1321 2.53076253 2.46624303 2.59528203
1322 2.53314142 2.46862509 2.59765775
1323 2.5355203 2.47100714 2.60003346
1324 2.53789919 2.4733892 2.60240918
1325 2.54027808 2.47577125 2.6047849
1326 2.54265696 2.47815331 2.60716062
1327 2.54503585 2.48053536 2.60953633
1328 2.54741473 2.48291742 2.61191205
1329 2.54979362 2.48529947 2.61428777
1330 2.55217251 2.48768153 2.61666348
1331 2.55455139 2.49006358 2.6190392
1332 2.55693028 2.49244564 2.62141492
1333 2.55930916 2.49482769 2.62379063
1334 2.56168805 2.49720975 2.62616635
1335 2.56406694 2.4995918 2.62854207
1336 2.56644582 2.50197386 2.63091779
1337 2.56882471 2.50435591 2.6332935
1338 2.57120359 2.50673797 2.63566922
1339 2.57358248 2.50912002 2.63804494
1340 2.57596137 2.51150208 2.64042065
1341 2.57834025 2.51388413 2.64279637
1342 2.58071914 2.51626619 2.64517209
1343 2.58309802 2.51864824 2.6475478
1344 2.58547691 2.5210303 2.64992352
1345 2.5878558 2.52341235 2.65229924
1346 2.59023468 2.52579441 2.65467496
1347 2.59261357 2.52817646 2.65705067
1348 2.59499245 2.53055852 2.65942639
1349 2.59737134 2.53294057 2.66180211
1350 2.59975023 2.53532263 2.66417782
1351 2.60212911 2.53770468 2.66655354
1352 2.604508 2.54008674 2.66892926
1353 2.60688688 2.54246879 2.67130498
1354 2.60926577 2.54485085 2.67368069
1355 2.61164466 2.5472329 2.67605641
1356 2.61402354 2.54961496 2.67843213
1357 2.61640243 2.55199701 2.68080784
1358 2.61878131 2.55437907 2.68318356
1359 2.6211602 2.55676112 2.68555928
1360 2.62353909 2.55914318 2.68793499
1361 2.62591797 2.56152523 2.69031071
1362 2.62829686 2.56390729 2.69268643
1363 2.63067574 2.56628934 2.69506215
1364 2.63305463 2.5686714 2.69743786
1365 2.63543352 2.57105345 2.69981358
1366 2.6378124 2.57343551 2.7021893
1367 2.64019129 2.57581756 2.70456501
1368 2.64257017 2.57819962 2.70694073
1369 2.64494906 2.58058167 2.70931645
1370 2.64732795 2.58296373 2.71169216
1371 2.64970683 2.58534578 2.71406788
1372 2.65208572 2.58772784 2.7164436
1373 2.6544646 2.59010989 2.71881932
1374 2.65684349 2.59249195 2.72119503
1375 2.65922238 2.594874 2.72357075
1376 2.66160126 2.59725605 2.72594647
1377 2.66398015 2.59963811 2.72832218
1378 2.66635903 2.60202016 2.7306979
1379 2.66873792 2.60440222 2.73307362
1380 2.6711168 2.60678427 2.73544934
1381 2.67349569 2.60916633 2.73782505
1382 2.67587458 2.61154838 2.74020077
1383 2.67825346 2.61393044 2.74257649
1384 2.68063235 2.61631249 2.7449522
1385 2.68301123 2.61869455 2.74732792
1386 2.68539012 2.6210766 2.74970364
1387 2.68776901 2.62345866 2.75207935
1388 2.69014789 2.62584071 2.75445507
1389 2.69252678 2.62822277 2.75683079
1390 2.69490566 2.63060482 2.75920651
1391 2.69728455 2.63298688 2.76158222
1392 2.69966344 2.63536893 2.76395794
1393 2.70204232 2.63775099 2.76633366
1394 2.70442121 2.64013304 2.76870937
1395 2.70680009 2.6425151 2.77108509
1396 2.70917898 2.64489715 2.77346081
1397 2.71155787 2.64727921 2.77583652
1398 2.71393675 2.64966126 2.77821224
1399 2.71631564 2.65204332 2.78058796
1400 2.71869452 2.65442537 2.78296368
1401 2.72107341 2.65680743 2.78533939
1402 2.7234523 2.65918948 2.78771511
1403 2.72583118 2.66157154 2.79009083
1404 2.72821007 2.66395359 2.79246654
1405 2.73058895 2.66633565 2.79484226
1406 2.73296784 2.6687177 2.79721798
1407 2.73534673 2.67109976 2.7995937
1408 2.73772561 2.67348181 2.80196941
1409 2.7401045 2.67586387 2.80434513
1410 2.74248338 2.67824592 2.80672085
1411 2.74486227 2.68062798 2.80909656
1412 2.74724116 2.68301003 2.81147228
1413 2.74962004 2.68539209 2.813848
1414 2.75199893 2.68777414 2.81622371
1415 2.75437781 2.6901562 2.81859943
1416 2.7567567 2.69253825 2.82097515
1417 2.75913559 2.69492031 2.82335087
1418 2.76151447 2.69730236 2.82572658
1419 2.76389336 2.69968442 2.8281023
1420 2.76627224 2.70206647 2.83047802
1421 2.76865113 2.70444853 2.83285373
1422 2.77103002 2.70683058 2.83522945
1423 2.7734089 2.70921264 2.83760517
1424 2.77578779 2.71159469 2.83998088
1425 2.77816667 2.71397675 2.8423566
1426 2.78054556 2.7163588 2.84473232
1427 2.78292445 2.71874086 2.84710804
1428 2.78530333 2.72112291 2.84948375
1429 2.78768222 2.72350497 2.85185947
1430 2.7900611 2.72588702 2.85423519
1431 2.79243999 2.72826908 2.8566109
1432 2.79481888 2.73065113 2.85898662
1433 2.79719776 2.73303319 2.86136234
1434 2.79957665 2.73541524 2.86373805
1435 2.80195553 2.7377973 2.86611377
1436 2.80433442 2.74017935 2.86848949
1437 2.80671331 2.74256141 2.87086521
1438 2.80909219 2.74494346 2.87324092
1439 2.81147108 2.74732552 2.87561664
1440 2.81384996 2.74970757 2.87799236
1441 2.81622885 2.75208963 2.88036807
1442 2.81860774 2.75447168 2.88274379
1443 2.82098662 2.75685374 2.88511951
1444 2.82336551 2.75923579 2.88749523
1445 2.82574439 2.76161785 2.88987094
1446 2.82812328 2.7639999 2.89224666
1447 2.83050217 2.76638196 2.89462238
1448 2.83288105 2.76876401 2.89699809
1449 2.83525994 2.77114607 2.89937381
1450 2.83763882 2.77352812 2.90174953
1451 2.84001771 2.77591018 2.90412524
1452 2.8423966 2.77829223 2.90650096
1453 2.84477548 2.78067429 2.90887668
1454 2.84715437 2.78305634 2.9112524
1455 2.84953325 2.7854384 2.91362811
1456 2.85191214 2.78782045 2.91600383
1457 2.85429103 2.79020251 2.91837955
1458 2.85666991 2.79258456 2.92075526
1459 2.8590488 2.79496662 2.92313098
1460 2.86142768 2.79734867 2.9255067
1461 2.86380657 2.79973073 2.92788241
1462 2.86618546 2.80211278 2.93025813
1463 2.86856434 2.80449484 2.93263385
1464 2.87094323 2.80687689 2.93500957
1465 2.87332211 2.80925895 2.93738528
1466 2.875701 2.811641 2.939761
1467 2.87824617 2.81414516 2.94234718
1468 2.88079134 2.81664932 2.94493336
1469 2.88333651 2.81915349 2.94751954
1470 2.88588168 2.82165765 2.95010571
1471 2.88842685 2.82416181 2.95269189
1472 2.89097202 2.82666597 2.95527807
1473 2.89351719 2.82917013 2.95786425
1474 2.89606236 2.8316743 2.96045043
1475 2.89860753 2.83417846 2.96303661
1476 2.9011527 2.83668262 2.96562279
1477 2.90369787 2.83918678 2.96820896
1478 2.90624304 2.84169095 2.97079514
1479 2.90878821 2.84419511 2.97338132
1480 2.91133338 2.84669927 2.9759675
1481 2.91387855 2.84920343 2.97855368
1482 2.91642373 2.85170759 2.98113986
1483 2.9189689 2.85421176 2.98372604
1484 2.92151407 2.85671592 2.98631221
1485 2.92405924 2.85922008 2.98889839
1486 2.92660441 2.86172424 2.99148457
1487 2.92914958 2.8642284 2.99407075
1488 2.93169475 2.86673257 2.99665693
1489 2.93423992 2.86923673 2.99924311
1490 2.93678509 2.87174089 3.00182929
1491 2.93933026 2.87424505 3.00441546
1492 2.94187543 2.87674921 3.00700164
1493 2.9444206 2.87925338 3.00958782
1494 2.94696577 2.88175754 3.012174
1495 2.94951094 2.8842617 3.01476018
1496 2.95205611 2.88676586 3.01734636
1497 2.95460128 2.88927002 3.01993254
1498 2.95714645 2.89177419 3.02251871
1499 2.95969162 2.89427835 3.02510489
1500 2.96223679 2.89678251 3.02769107
1501 2.96478196 2.89928667 3.03027725
1502 2.96732713 2.90179084 3.03286343
1503 2.9698723 2.904295 3.03544961
1504 2.97241747 2.90679916 3.03803579
1505 2.97496264 2.90930332 3.04062196
1506 2.97750781 2.91180748 3.04320814
1507 2.98005298 2.91431165 3.04579432
1508 2.98259815 2.91681581 3.0483805
1509 2.98514332 2.91931997 3.05096668
1510 2.98768849 2.92182413 3.05355286
1511 2.99023366 2.92432829 3.05613904
1512 2.99277884 2.92683246 3.05872521
1513 2.99532401 2.92933662 3.06131139
1514 2.99786918 2.93184078 3.06389757
1515 3.00041435 2.93434494 3.06648375
1516 3.00295952 2.9368491 3.06906993
1517 3.00550469 2.93935327 3.07165611
1518 3.00804986 2.94185743 3.07424229
1519 3.01059503 2.94436159 3.07682846
1520 3.0131402 2.94686575 3.07941464
1521 3.01568537 2.94936991 3.08200082
1522 3.01823054 2.95187408 3.084587
1523 3.02077571 2.95437824 3.08717318
1524 3.02332088 2.9568824 3.08975936
1525 3.02586605 2.95938656 3.09234554
1526 3.02841122 2.96189073 3.09493171
1527 3.03095639 2.96439489 3.09751789
1528 3.03350156 2.96689905 3.10010407
1529 3.03604673 2.96940321 3.10269025
1530 3.0385919 2.97190737 3.10527643
1531 3.04113707 2.97441154 3.10786261
1532 3.04368224 2.9769157 3.11044879
1533 3.04622741 2.97941986 3.11303496
1534 3.04877258 2.98192402 3.11562114
1535 3.05131775 2.98442818 3.11820732
1536 3.05386292 2.98693235 3.1207935
1537 3.05640809 2.98943651 3.12337968
1538 3.05895326 2.99194067 3.12596586
1539 3.06149843 2.99444483 3.12855204
1540 3.0640436 2.99694899 3.13113821
1541 3.06658877 2.99945316 3.13372439
1542 3.06913395 3.00195732 3.13631057
1543 3.07167912 3.00446148 3.13889675
1544 3.07422429 3.00696564 3.14148293
1545 3.07676946 3.0094698 3.14406911
1546 3.07931463 3.01197397 3.14665529
1547 3.0818598 3.01447813 3.14924146
1548 3.08440497 3.01698229 3.15182764
1549 3.08695014 3.01948645 3.15441382
1550 3.08949531 3.02199062 3.157
1551 3.09204048 3.02449478 3.15958618
1552 3.09458565 3.02699894 3.16217236
1553 3.09713082 3.0295031 3.16475854
1554 3.09967599 3.03200726 3.16734471
1555 3.10222116 3.03451143 3.16993089
1556 3.10476633 3.03701559 3.17251707
1557 3.1073115 3.03951975 3.17510325
1558 3.10985667 3.04202391 3.17768943
1559 3.11240184 3.04452807 3.18027561
1560 3.11494701 3.04703224 3.18286179
1561 3.11749218 3.0495364 3.18544796
1562 3.12003735 3.05204056 3.18803414
1563 3.12258252 3.05454472 3.19062032
1564 3.12512769 3.05704888 3.1932065
1565 3.12767286 3.05955305 3.19579268
1566 3.13021803 3.06205721 3.19837886
1567 3.1327632 3.06456137 3.20096504
1568 3.13530837 3.06706553 3.20355121
1569 3.13785354 3.0695697 3.20613739
1570 3.14039871 3.07207386 3.20872357
1571 3.14294388 3.07457802 3.21130975
1572 3.14548905 3.07708218 3.21389593
1573 3.14803423 3.07958634 3.21648211
1574 3.1505794 3.08209051 3.21906829
1575 3.15312457 3.08459467 3.22165446
1576 3.15566974 3.08709883 3.22424064
1577 3.15821491 3.08960299 3.22682682
1578 3.16076008 3.09210715 3.229413
1579 3.16330525 3.09461132 3.23199918
1580 3.16585042 3.09711548 3.23458536
1581 3.16839559 3.09961964 3.23717154
1582 3.17094076 3.1021238 3.23975771
1583 3.17348593 3.10462796 3.24234389
1584 3.1760311 3.10713213 3.24493007
1585 3.17857627 3.10963629 3.24751625
1586 3.18112144 3.11214045 3.25010243
1587 3.18366661 3.11464461 3.25268861
1588 3.18621178 3.11714877 3.25527479
1589 3.18875695 3.11965294 3.25786096
1590 3.19130212 3.1221571 3.26044714
1591 3.19384729 3.12466126 3.26303332
1592 3.19639246 3.12716542 3.2656195
1593 3.19893763 3.12966959 3.26820568
1594 3.2014828 3.13217375 3.27079186
1595 3.20402797 3.13467791 3.27337804
1596 3.20657314 3.13718207 3.27596421
1597 3.20911831 3.13968623 3.27855039
1598 3.21166348 3.1421904 3.28113657
1599 3.21420865 3.14469456 3.28372275
1600 3.21675382 3.14719872 3.28630893
1601 3.21929899 3.14970288 3.28889511
1602 3.22184416 3.15220704 3.29148129
1603 3.22438934 3.15471121 3.29406746
1604 3.22693451 3.15721537 3.29665364
1605 3.22947968 3.15971953 3.29923982
1606 3.23202485 3.16222369 3.301826
1607 3.23457002 3.16472785 3.30441218
1608 3.23711519 3.16723202 3.30699836
1609 3.23966036 3.16973618 3.30958454
1610 3.24220553 3.17224034 3.31217071
1611 3.2447507 3.1747445 3.31475689
1612 3.24729587 3.17724866 3.31734307
1613 3.24984104 3.17975283 3.31992925
1614 3.25238621 3.18225699 3.32251543
1615 3.25493138 3.18476115 3.32510161
1616 3.25747655 3.18726531 3.32768779
1617 3.26002172 3.18976948 3.33027396
1618 3.26256689 3.19227364 3.33286014
1619 3.26511206 3.1947778 3.33544632
1620 3.26765723 3.19728196 3.3380325
1621 3.2702024 3.19978612 3.34061868
1622 3.27274757 3.20229029 3.34320486
1623 3.27529274 3.20479445 3.34579104
1624 3.27783791 3.20729861 3.34837721
1625 3.28038308 3.20980277 3.35096339
1626 3.28292825 3.21230693 3.35354957
1627 3.28547342 3.2148111 3.35613575
1628 3.28801859 3.21731526 3.35872193
1629 3.29056376 3.21981942 3.36130811
1630 3.29310893 3.22232358 3.36389429
1631 3.2956541 3.22482774 3.36648046
1632 3.29819927 3.22733191 3.36906664
1633 3.30074445 3.22983607 3.37165282
1634 3.30328962 3.23234023 3.374239
1635 3.30583479 3.23484439 3.37682518
1636 3.30837996 3.23734855 3.37941136
1637 3.31092513 3.23985272 3.38199754
1638 3.3134703 3.24235688 3.38458371
1639 3.31601547 3.24486104 3.38716989
1640 3.31856064 3.2473652 3.38975607
1641 3.32110581 3.24986937 3.39234225
1642 3.32365098 3.25237353 3.39492843
1643 3.32619615 3.25487769 3.39751461
1644 3.32874132 3.25738185 3.40010079
1645 3.33128649 3.25988601 3.40268696
1646 3.33383166 3.26239018 3.40527314
1647 3.33637683 3.26489434 3.40785932
1648 3.338922 3.2673985 3.4104455
1649 3.34146717 3.26990266 3.41303168
1650 3.34401234 3.27240682 3.41561786
1651 3.34655751 3.27491099 3.41820404
1652 3.34910268 3.27741515 3.42079021
1653 3.35164785 3.27991931 3.42337639
1654 3.35419302 3.28242347 3.42596257
1655 3.35673819 3.28492763 3.42854875
1656 3.35928336 3.2874318 3.43113493
1657 3.36182853 3.28993596 3.43372111
1658 3.3643737 3.29244012 3.43630729
1659 3.36691887 3.29494428 3.43889346
1660 3.36946404 3.29744845 3.44147964
1661 3.37200921 3.29995261 3.44406582
1662 3.37455438 3.30245677 3.446652
1663 3.37709955 3.30496093 3.44923818
1664 3.37964473 3.30746509 3.45182436
1665 3.3821899 3.30996926 3.45441054
1666 3.38473507 3.31247342 3.45699671
1667 3.38728024 3.31497758 3.45958289
1668 3.38982541 3.31748174 3.46216907
1669 3.39237058 3.3199859 3.46475525
1670 3.39491575 3.32249007 3.46734143
1671 3.39746092 3.32499423 3.46992761
1672 3.40000609 3.32749839 3.47251379
1673 3.40255126 3.33000255 3.47509996
1674 3.40509643 3.33250671 3.47768614
1675 3.4076416 3.33501088 3.48027232
1676 3.41018677 3.33751504 3.4828585
1677 3.41273194 3.3400192 3.48544468
1678 3.41527711 3.34252336 3.48803086
1679 3.41782228 3.34502752 3.49061704
1680 3.42036745 3.34753169 3.49320321
1681 3.42291262 3.35003585 3.49578939
1682 3.42545779 3.35254001 3.49837557
1683 3.42800296 3.35504417 3.50096175
1684 3.43054813 3.35754834 3.50354793
1685 3.4330933 3.3600525 3.50613411
1686 3.43563847 3.36255666 3.50872029
1687 3.43818364 3.36506082 3.51130646
1688 3.44072881 3.36756498 3.51389264
1689 3.44327398 3.37006915 3.51647882
1690 3.44581915 3.37257331 3.519065
1691 3.44836432 3.37507747 3.52165118
1692 3.45090949 3.37758163 3.52423736
1693 3.45345466 3.38008579 3.52682354
1694 3.45599984 3.38258996 3.52940971
1695 3.45854501 3.38509412 3.53199589
1696 3.46109018 3.38759828 3.53458207
1697 3.46363535 3.39010244 3.53716825
1698 3.46618052 3.3926066 3.53975443
1699 3.46872569 3.39511077 3.54234061
1700 3.47127086 3.39761493 3.54492679
1701 3.47381603 3.40011909 3.54751296
1702 3.4763612 3.40262325 3.55009914
1703 3.47890637 3.40512741 3.55268532
1704 3.48145154 3.40763158 3.5552715
1705 3.48399671 3.41013574 3.55785768
1706 3.48654188 3.4126399 3.56044386
1707 3.48908705 3.41514406 3.56303004
1708 3.49163222 3.41764823 3.56561621
1709 3.49417739 3.42015239 3.56820239
1710 3.49672256 3.42265655 3.57078857
1711 3.49926773 3.42516071 3.57337475
1712 3.5018129 3.42766487 3.57596093
1713 3.50435807 3.43016904 3.57854711
1714 3.50690324 3.4326732 3.58113329
1715 3.50944841 3.43517736 3.58371946
1716 3.51199358 3.43768152 3.58630564
1717 3.51453875 3.44018568 3.58889182
1718 3.51708392 3.44268985 3.591478
1719 3.51962909 3.44519401 3.59406418
1720 3.52217426 3.44769817 3.59665036
1721 3.52471943 3.45020233 3.59923654
1722 3.5272646 3.45270649 3.60182271
1723 3.52980977 3.45521066 3.60440889
1724 3.53235495 3.45771482 3.60699507
1725 3.53490012 3.46021898 3.60958125
1726 3.53744529 3.46272314 3.61216743
1727 3.53999046 3.4652273 3.61475361
1728 3.54253563 3.46773147 3.61733979
1729 3.5450808 3.47023563 3.61992596
1730 3.54762597 3.47273979 3.62251214
1731 3.55017114 3.47524395 3.62509832
1732 3.55271631 3.47774812 3.6276845
1733 3.55526148 3.48025228 3.63027068
1734 3.55780665 3.48275644 3.63285686
1735 3.56035182 3.4852606 3.63544304
1736 3.56289699 3.48776476 3.63802921
1737 3.56544216 3.49026893 3.64061539
1738 3.56798733 3.49277309 3.64320157
1739 3.5705325 3.49527725 3.64578775
1740 3.57307767 3.49778141 3.64837393
1741 3.57562284 3.50028557 3.65096011
1742 3.57816801 3.50278974 3.65354629
1743 3.58071318 3.5052939 3.65613246
1744 3.58325835 3.50779806 3.65871864
1745 3.58580352 3.51030222 3.66130482
1746 3.58834869 3.51280638 3.663891
1747 3.59089386 3.51531055 3.66647718
1748 3.59343903 3.51781471 3.66906336
1749 3.5959842 3.52031887 3.67164954
1750 3.59852937 3.52282303 3.67423571
1751 3.60107454 3.5253272 3.67682189
1752 3.60361971 3.52783136 3.67940807
1753 3.60616488 3.53033552 3.68199425
1754 3.60871005 3.53283968 3.68458043
1755 3.61125523 3.53534384 3.68716661
1756 3.6138004 3.53784801 3.68975279
1757 3.61634557 3.54035217 3.69233896
1758 3.61889074 3.54285633 3.69492514
1759 3.62143591 3.54536049 3.69751132
1760 3.62398108 3.54786465 3.7000975
1761 3.62652625 3.55036882 3.70268368
1762 3.62907142 3.55287298 3.70526986
1763 3.63161659 3.55537714 3.70785604
1764 3.63416176 3.5578813 3.71044221
1765 3.63670693 3.56038546 3.71302839
1766 3.6392521 3.56288963 3.71561457
1767 3.64179727 3.56539379 3.71820075
1768 3.64434244 3.56789795 3.72078693
1769 3.64688761 3.57040211 3.72337311
1770 3.64943278 3.57290627 3.72595929
1771 3.65197795 3.57541044 3.72854546
1772 3.65452312 3.5779146 3.73113164
1773 3.65706829 3.58041876 3.73371782
1774 3.65961346 3.58292292 3.736304
1775 3.66215863 3.58542709 3.73889018
1776 3.6647038 3.58793125 3.74147636
1777 3.66724897 3.59043541 3.74406254
1778 3.66979414 3.59293957 3.74664871
1779 3.67233931 3.59544373 3.74923489
1780 3.67488448 3.5979479 3.75182107
1781 3.67742965 3.60045206 3.75440725
1782 3.67997482 3.60295622 3.75699343
1783 3.68251999 3.60546038 3.75957961
1784 3.68506516 3.60796454 3.76216579
1785 3.68761034 3.61046871 3.76475196
1786 3.69015551 3.61297287 3.76733814
1787 3.69270068 3.61547703 3.76992432
1788 3.69524585 3.61798119 3.7725105
1789 3.69779102 3.62048535 3.77509668
1790 3.70033619 3.62298952 3.77768286
1791 3.70288136 3.62549368 3.78026904
1792 3.70542653 3.62799784 3.78285521
1793 3.7079717 3.630502 3.78544139
1794 3.71051687 3.63300616 3.78802757
1795 3.71306204 3.63551033 3.79061375
1796 3.71560721 3.63801449 3.79319993
1797 3.71815238 3.64051865 3.79578611
1798 3.72069755 3.64302281 3.79837229
1799 3.72324272 3.64552698 3.80095846
1800 3.72578789 3.64803114 3.80354464
1801 3.72833306 3.6505353 3.80613082
1802 3.73087823 3.65303946 3.808717
1803 3.7334234 3.65554362 3.81130318
1804 3.73596857 3.65804779 3.81388936
1805 3.73851374 3.66055195 3.81647554
1806 3.74105891 3.66305611 3.81906171
1807 3.74360408 3.66556027 3.82164789
1808 3.74614925 3.66806443 3.82423407
1809 3.74869442 3.6705686 3.82682025
1810 3.75123959 3.67307276 3.82940643
1811 3.75378476 3.67557692 3.83199261
1812 3.75632993 3.67808108 3.83457879
1813 3.7588751 3.68058524 3.83716496
1814 3.76142027 3.68308941 3.83975114
1815 3.76396545 3.68559357 3.84233732
1816 3.76651062 3.68809773 3.8449235
1817 3.76905579 3.69060189 3.84750968
1818 3.77160096 3.69310605 3.85009586
1819 3.77414613 3.69561022 3.85268204
1820 3.7766913 3.69811438 3.85526821
1821 3.77923647 3.70061854 3.85785439
1822 3.78178164 3.7031227 3.86044057
1823 3.78432681 3.70562687 3.86302675
1824 3.78687198 3.70813103 3.86561293
1825 3.78941715 3.71063519 3.86819911
1826 3.79196232 3.71313935 3.87078529
1827 3.79450749 3.71564351 3.87337146
1828 3.79705266 3.71814768 3.87595764
1829 3.79959783 3.72065184 3.87854382
1830 3.802143 3.723156 3.88113
1831 5.03805359 5.03805359 5.03805359
1832 5.04118291 5.04118291 5.04118291
1833 5.04431248 5.04431248 5.04431248
1834 5.0474423 5.0474423 5.0474423
1835 5.05057238 5.05057238 5.05057238
1836 5.05370271 5.05370271 5.05370271
1837 5.0568333 5.0568333 5.0568333
1838 5.05996415 5.05996415 5.05996415
1839 5.06309524 5.06309524 5.06309524
1840 5.0662266 5.0662266 5.0662266
1841 5.06935821 5.06935821 5.06935821
1842 5.07249008 5.07249008 5.07249008
1843 5.0756222 5.0756222 5.0756222
1844 5.07875457 5.07875457 5.07875457
1845 5.0818872 5.0818872 5.0818872
1846 5.08502008 5.08502008 5.08502008
1847 5.08815321 5.08815321 5.08815321
1848 5.09128659 5.09128659 5.09128659
1849 5.09442023 5.09442023 5.09442023
1850 5.09755413 5.09755413 5.09755413
1851 5.10068827 5.10068827 5.10068827
1852 5.10382266 5.10382266 5.10382266
1853 5.10695731 5.10695731 5.10695731
1854 5.11009221 5.11009221 5.11009221
1855 5.11322736 5.11322736 5.11322736
1856 5.11636276 5.11636276 5.11636276
1857 5.11949841 5.11949841 5.11949841
1858 5.12263432 5.12263432 5.12263432
1859 5.12577047 5.12577047 5.12577047
1860 5.12890687 5.12890687 5.12890687
1861 5.13204353 5.13204353 5.13204353
1862 5.13518044 5.13518044 5.13518044
1863 5.1383176 5.1383176 5.1383176
1864 5.14145499 5.14145499 5.14145499
1865 5.14459264 5.14459264 5.14459264
1866 5.14773055 5.14773055 5.14773055
1867 5.1508687 5.1508687 5.1508687
1868 5.15400709 5.15400709 5.15400709
1869 5.15714575 5.15714575 5.15714575
1870 5.16028465 5.16028465 5.16028465
1871 5.16342379 5.16342379 5.16342379
1872 5.16656318 5.16656318 5.16656318
1873 5.16970282 5.16970282 5.16970282
1874 5.17284271 5.17284271 5.17284271
1875 5.17598285 5.17598285 5.17598285
1876 5.17912323 5.17912323 5.17912323
1877 5.18226386 5.18226386 5.18226386
1878 5.18540473 5.18540473 5.18540473
1879 5.18854586 5.18854586 5.18854586
1880 5.19168722 5.19168722 5.19168722
1881 5.19482883 5.19482883 5.19482883
1882 5.19797069 5.19797069 5.19797069
1883 5.2011128 5.2011128 5.2011128
1884 5.20425515 5.20425515 5.20425515
1885 5.20739774 5.20739774 5.20739774
1886 5.21054058 5.21054058 5.21054058
1887 5.21368366 5.21368366 5.21368366
1888 5.216827 5.216827 5.216827
1889 5.21997056 5.21997056 5.21997056
1890 5.22311438 5.22311438 5.22311438
1891 5.22625844 5.22625844 5.22625844
1892 5.22940275 5.22940275 5.22940275
1893 5.23254729 5.23254729 5.23254729
1894 5.23569207 5.23569207 5.23569207
1895 5.23883711 5.23883711 5.23883711
1896 5.24198239 5.24198239 5.24198239
1897 5.2451279 5.2451279 5.2451279
1898 5.24827366 5.24827366 5.24827366
1899 5.25141967 5.25141967 5.25141967
1900 5.25456591 5.25456591 5.25456591
1901 5.25771239 5.25771239 5.25771239
1902 5.26085912 5.26085912 5.26085912
1903 5.26400609 5.26400609 5.26400609
1904 5.2671533 5.2671533 5.2671533
1905 5.27030074 5.27030074 5.27030074
1906 5.27344844 5.27344844 5.27344844
1907 5.27659637 5.27659637 5.27659637
1908 5.27974454 5.27974454 5.27974454
1909 5.28289294 5.28289294 5.28289294
1910 5.28604159 5.28604159 5.28604159
1911 5.28919048 5.28919048 5.28919048
1912 5.29233961 5.29233961 5.29233961
1913 5.29548897 5.29548897 5.29548897
1914 5.29863858 5.29863858 5.29863858
1915 5.30178843 5.30178843 5.30178843
1916 5.30493852 5.30493852 5.30493852
1917 5.30808884 5.30808884 5.30808884
1918 5.31123939 5.31123939 5.31123939
1919 5.31439019 5.31439019 5.31439019
1920 5.31754123 5.31754123 5.31754123
1921 5.32069251 5.32069251 5.32069251
1922 5.32384401 5.32384401 5.32384401
1923 5.32699575 5.32699575 5.32699575
1924 5.33014773 5.33014773 5.33014773
1925 5.33329995 5.33329995 5.33329995
1926 5.3364524 5.3364524 5.3364524
1927 5.3396051 5.3396051 5.3396051
1928 5.34275803 5.34275803 5.34275803
1929 5.34591119 5.34591119 5.34591119
1930 5.34906458 5.34906458 5.34906458
1931 5.35221822 5.35221822 5.35221822
1932 5.35537209 5.35537209 5.35537209
1933 5.3585262 5.3585262 5.3585262
1934 5.36168053 5.36168053 5.36168053
1935 5.3648351 5.3648351 5.3648351
1936 5.36798991 5.36798991 5.36798991
1937 5.37114495 5.37114495 5.37114495
1938 5.37430021 5.37430021 5.37430021
1939 5.37745572 5.37745572 5.37745572
1940 5.38061146 5.38061146 5.38061146
1941 5.38376744 5.38376744 5.38376744
1942 5.38692364 5.38692364 5.38692364
1943 5.39008008 5.39008008 5.39008008
1944 5.39323675 5.39323675 5.39323675
1945 5.39639366 5.39639366 5.39639366
1946 5.39955079 5.39955079 5.39955079
1947 5.40270816 5.40270816 5.40270816
1948 5.40586576 5.40586576 5.40586576
1949 5.40902359 5.40902359 5.40902359
1950 5.41218165 5.41218165 5.41218165
1951 5.41533994 5.41533994 5.41533994
1952 5.41849846 5.41849846 5.41849846
1953 5.42165722 5.42165722 5.42165722
1954 5.4248162 5.4248162 5.4248162
1955 5.42797541 5.42797541 5.42797541
1956 5.43113486 5.43113486 5.43113486
1957 5.43429454 5.43429454 5.43429454
1958 5.43745444 5.43745444 5.43745444
1959 5.44061457 5.44061457 5.44061457
1960 5.44377493 5.44377493 5.44377493
1961 5.44693552 5.44693552 5.44693552
1962 5.45009635 5.45009635 5.45009635
1963 5.45325739 5.45325739 5.45325739
1964 5.45641867 5.45641867 5.45641867
1965 5.45958017 5.45958017 5.45958017
1966 5.46274191 5.46274191 5.46274191
1967 5.46590385 5.46590385 5.46590385
1968 5.46906604 5.46906604 5.46906604
1969 5.47222846 5.47222846 5.47222846
1970 5.4753911 5.4753911 5.4753911
1971 5.47855396 5.47855396 5.47855396
1972 5.48171706 5.48171706 5.48171706
1973 5.48488038 5.48488038 5.48488038
1974 5.48804393 5.48804393 5.48804393
1975 5.4912077 5.4912077 5.4912077
1976 5.4943717 5.4943717 5.4943717
1977 5.49753592 5.49753592 5.49753592
1978 5.50070038 5.50070038 5.50070038
1979 5.50386504 5.50386504 5.50386504
1980 5.50702995 5.50702995 5.50702995
1981 5.51019507 5.51019507 5.51019507
1982 5.51336042 5.51336042 5.51336042
1983 5.51652598 5.51652598 5.51652598
1984 5.51969178 5.51969178 5.51969178
1985 5.5228578 5.5228578 5.5228578
1986 5.52602405 5.52602405 5.52602405
1987 5.52919051 5.52919051 5.52919051
1988 5.53235721 5.53235721 5.53235721
1989 5.53552412 5.53552412 5.53552412
1990 5.53869126 5.53869126 5.53869126
1991 5.54185862 5.54185862 5.54185862
1992 5.5450262 5.5450262 5.5450262
1993 5.54819401 5.54819401 5.54819401
1994 5.55136203 5.55136203 5.55136203
1995 5.55453028 5.55453028 5.55453028
1996 5.55769874 5.55769874 5.55769874
1997 5.56086743 5.56086743 5.56086743
1998 5.56403635 5.56403635 5.56403635
1999 5.56720548 5.56720548 5.56720548
2000 5.57037483 5.57037483 5.57037483
2001 5.57354441 5.57354441 5.57354441
2002 5.5767142 5.5767142 5.5767142
2003 5.57988422 5.57988422 5.57988422
2004 5.58305445 5.58305445 5.58305445
2005 5.58622491 5.58622491 5.58622491
2006 5.58939558 5.58939558 5.58939558
2007 5.59256648 5.59256648 5.59256648
2008 5.59573758 5.59573758 5.59573758
2009 5.59890892 5.59890892 5.59890892
2010 5.60208047 5.60208047 5.60208047
2011 5.60525223 5.60525223 5.60525223
2012 5.60842421 5.60842421 5.60842421
2013 5.61159642 5.61159642 5.61159642
2014 5.61476884 5.61476884 5.61476884
2015 5.61794149 5.61794149 5.61794149
2016 5.62111434 5.62111434 5.62111434
2017 5.62428742 5.62428742 5.62428742
2018 5.62746071 5.62746071 5.62746071
2019 5.63063422 5.63063422 5.63063422
2020 5.63380794 5.63380794 5.63380794
2021 5.63698189 5.63698189 5.63698189
2022 5.64015605 5.64015605 5.64015605
2023 5.64333042 5.64333042 5.64333042
2024 5.64650501 5.64650501 5.64650501
2025 5.64967981 5.64967981 5.64967981
2026 5.65285483 5.65285483 5.65285483
2027 5.65603007 5.65603007 5.65603007
2028 5.65920552 5.65920552 5.65920552
2029 5.66238118 5.66238118 5.66238118
2030 5.66555706 5.66555706 5.66555706
2031 5.66873316 5.66873316 5.66873316
2032 5.67190947 5.67190947 5.67190947
2033 5.67508599 5.67508599 5.67508599
2034 5.67826273 5.67826273 5.67826273
2035 5.68143968 5.68143968 5.68143968
2036 5.68461685 5.68461685 5.68461685
2037 5.68779422 5.68779422 5.68779422
2038 5.69097181 5.69097181 5.69097181
2039 5.69414962 5.69414962 5.69414962
2040 5.69732763 5.69732763 5.69732763
2041 5.70050585 5.70050585 5.70050585
2042 5.70368429 5.70368429 5.70368429
2043 5.70686294 5.70686294 5.70686294
2044 5.71004181 5.71004181 5.71004181
2045 5.71322088 5.71322088 5.71322088
2046 5.71640017 5.71640017 5.71640017
2047 5.71957967 5.71957967 5.71957967
2048 5.72275938 5.72275938 5.72275938
2049 5.72593929 5.72593929 5.72593929
2050 5.72911942 5.72911942 5.72911942
2051 5.73229977 5.73229977 5.73229977
2052 5.73548032 5.73548032 5.73548032
2053 5.73866107 5.73866107 5.73866107
2054 5.74184203 5.74184203 5.74184203
2055 5.74502322 5.74502322 5.74502322
2056 5.74820461 5.74820461 5.74820461
2057 5.7513862 5.7513862 5.7513862
2058 5.75456801 5.75456801 5.75456801
2059 5.75775003 5.75775003 5.75775003
2060 5.76093225 5.76093225 5.76093225
2061 5.76411468 5.76411468 5.76411468
2062 5.76729732 5.76729732 5.76729732
2063 5.77048017 5.77048017 5.77048017
2064 5.77366323 5.77366323 5.77366323
2065 5.77684649 5.77684649 5.77684649
2066 5.78002996 5.78002996 5.78002996
2067 5.78321364 5.78321364 5.78321364
2068 5.78639752 5.78639752 5.78639752
2069 5.78958161 5.78958161 5.78958161
2070 5.7927659 5.7927659 5.7927659
2071 5.79595041 5.79595041 5.79595041
2072 5.79913512 5.79913512 5.79913512
2073 5.80232004 5.80232004 5.80232004
2074 5.80550515 5.80550515 5.80550515
2075 5.80869048 5.80869048 5.80869048
2076 5.81187602 5.81187602 5.81187602
2077 5.81506176 5.81506176 5.81506176
2078 5.81824769 5.81824769 5.81824769
2079 5.82143384 5.82143384 5.82143384
2080 5.82462019 5.82462019 5.82462019
2081 5.82780675 5.82780675 5.82780675
2082 5.8309935 5.8309935 5.8309935
2083 5.83418046 5.83418046 5.83418046
2084 5.83736763 5.83736763 5.83736763
2085 5.84055501 5.84055501 5.84055501
2086 5.84374257 5.84374257 5.84374257
2087 5.84693035 5.84693035 5.84693035
2088 5.85011833 5.85011833 5.85011833
2089 5.85330652 5.85330652 5.85330652
2090 5.8564949 5.8564949 5.8564949
2091 5.85968349 5.85968349 5.85968349
2092 5.86287228 5.86287228 5.86287228
2093 5.86606127 5.86606127 5.86606127
2094 5.86925046 5.86925046 5.86925046
2095 5.87243985 5.87243985 5.87243985
2096 5.87562945 5.87562945 5.87562945
2097 5.87881925 5.87881925 5.87881925
2098 5.88200923 5.88200923 5.88200923
2099 5.88519943 5.88519943 5.88519943
2100 5.88838984 5.88838984 5.88838984
2101 5.89158044 5.89158044 5.89158044
2102 5.89477124 5.89477124 5.89477124
2103 5.89796223 5.89796223 5.89796223
2104 5.90115343 5.90115343 5.90115343
2105 5.90434483 5.90434483 5.90434483
2106 5.90753643 5.90753643 5.90753643
2107 5.91072822 5.91072822 5.91072822
2108 5.91392022 5.91392022 5.91392022
2109 5.91711241 5.91711241 5.91711241
2110 5.92030481 5.92030481 5.92030481
2111 5.92349739 5.92349739 5.92349739
2112 5.92669018 5.92669018 5.92669018
2113 5.92988316 5.92988316 5.92988316
2114 5.93307635 5.93307635 5.93307635
2115 5.93626973 5.93626973 5.93626973
2116 5.93946331 5.93946331 5.93946331
2117 5.94265709 5.94265709 5.94265709
2118 5.94585106 5.94585106 5.94585106
2119 5.94904522 5.94904522 5.94904522
2120 5.95223959 5.95223959 5.95223959
2121 5.95543416 5.95543416 5.95543416
2122 5.95862892 5.95862892 5.95862892
2123 5.96182387 5.96182387 5.96182387
2124 5.96501902 5.96501902 5.96501902
2125 5.96821437 5.96821437 5.96821437
2126 5.97140991 5.97140991 5.97140991
2127 5.97460563 5.97460563 5.97460563
2128 5.97780157 5.97780157 5.97780157
2129 5.98099769 5.98099769 5.98099769
2130 5.98419402 5.98419402 5.98419402
2131 5.98739052 5.98739052 5.98739052
2132 5.99058724 5.99058724 5.99058724
2133 5.99378414 5.99378414 5.99378414
2134 5.99698124 5.99698124 5.99698124
2135 6.00017852 6.00017852 6.00017852
2136 6.00337601 6.00337601 6.00337601
2137 6.00657369 6.00657369 6.00657369
2138 6.00977156 6.00977156 6.00977156
2139 6.01296963 6.01296963 6.01296963
2140 6.01616787 6.01616787 6.01616787
2141 6.01936632 6.01936632 6.01936632
2142 6.02256496 6.02256496 6.02256496
2143 6.02576379 6.02576379 6.02576379
2144 6.02896281 6.02896281 6.02896281
2145 6.03216202 6.03216202 6.03216202
2146 6.03536143 6.03536143 6.03536143
2147 6.03856103 6.03856103 6.03856103
2148 6.04176081 6.04176081 6.04176081
2149 6.0449608 6.0449608 6.0449608
2150 6.04816097 6.04816097 6.04816097
2151 6.05136133 6.05136133 6.05136133
2152 6.05456187 6.05456187 6.05456187
2153 6.05776262 6.05776262 6.05776262
2154 6.06096355 6.06096355 6.06096355
2155 6.06416467 6.06416467 6.06416467
2156 6.06736596 6.06736596 6.06736596
2157 6.07056747 6.07056747 6.07056747
2158 6.07376916 6.07376916 6.07376916
2159 6.07697104 6.07697104 6.07697104
2160 6.08017309 6.08017309 6.08017309
2161 6.08337535 6.08337535 6.08337535
2162 6.08657779 6.08657779 6.08657779
2163 6.08978043 6.08978043 6.08978043
2164 6.09298323 6.09298323 6.09298323
2165 6.09618624 6.09618624 6.09618624
2166 6.09938944 6.09938944 6.09938944
2167 6.10259282 6.10259282 6.10259282
2168 6.10579638 6.10579638 6.10579638
2169 6.10900014 6.10900014 6.10900014
2170 6.11220408 6.11220408 6.11220408
2171 6.1154082 6.1154082 6.1154082
2172 6.11861251 6.11861251 6.11861251
2173 6.12181701 6.12181701 6.12181701
2174 6.1250217 6.1250217 6.1250217
2175 6.12822657 6.12822657 6.12822657
2176 6.13143163 6.13143163 6.13143163
2177 6.13463687 6.13463687 6.13463687
2178 6.1378423 6.1378423 6.1378423
2179 6.14104791 6.14104791 6.14104791
2180 6.14425371 6.14425371 6.14425371
2181 6.14745969 6.14745969 6.14745969
2182 6.15066586 6.15066586 6.15066586
2183 6.15387221 6.15387221 6.15387221
2184 6.15707875 6.15707875 6.15707875
2185 6.16028545 6.16028545 6.16028545
2186 6.16349235 6.16349235 6.16349235
2187 6.16669944 6.16669944 6.16669944
2188 6.16990671 6.16990671 6.16990671
2189 6.17311415 6.17311415 6.17311415
2190 6.17632179 6.17632179 6.17632179
2191 6.17952961 6.17952961 6.17952961
2192 6.18273761 6.18273761 6.18273761
2193 6.18594579 6.18594579 6.18594579
2194 6.18915415 6.18915415 6.18915415
2195 6.1923627 6.1923627 6.1923627
2196 6.19557143 6.19557143 6.19557143
2197 6.19873802 6.19873802 6.19873802
2198 6.20190474 6.20190474 6.20190474
2199 6.20507162 6.20507162 6.20507162
2200 6.20823862 6.20823862 6.20823862
2201 6.21140576 6.21140576 6.21140576
2202 6.21457306 6.21457306 6.21457306
2203 6.21774049 6.21774049 6.21774049
2204 6.22090806 6.22090806 6.22090806
2205 6.22407577 6.22407577 6.22407577
2206 6.22724362 6.22724362 6.22724362
2207 6.23041162 6.23041162 6.23041162
2208 6.23357974 6.23357974 6.23357974
2209 6.236748 6.236748 6.236748
2210 6.23991642 6.23991642 6.23991642
2211 6.24308496 6.24308496 6.24308496
2212 6.24625364 6.24625364 6.24625364
2213 6.24942246 6.24942246 6.24942246
2214 6.25259141 6.25259141 6.25259141
2215 6.2557605 6.2557605 6.2557605
2216 6.25892975 6.25892975 6.25892975
2217 6.26209911 6.26209911 6.26209911
2218 6.26526862 6.26526862 6.26526862
2219 6.26843827 6.26843827 6.26843827
2220 6.27160805 6.27160805 6.27160805
2221 6.27477796 6.27477796 6.27477796
2222 6.27794803 6.27794803 6.27794803
2223 6.28111821 6.28111821 6.28111821
2224 6.28428855 6.28428855 6.28428855
2225 6.28745901 6.28745901 6.28745901
2226 6.2906296 6.2906296 6.2906296
2227 6.29380035 6.29380035 6.29380035
2228 6.29697121 6.29697121 6.29697121
2229 6.3001422 6.3001422 6.3001422
2230 6.30331335 6.30331335 6.30331335
2231 6.30648462 6.30648462 6.30648462
2232 6.30965603 6.30965603 6.30965603
2233 6.31282758 6.31282758 6.31282758
2234 6.31599925 6.31599925 6.31599925
2235 6.31917106 6.31917106 6.31917106
2236 6.32234301 6.32234301 6.32234301
2237 6.32551508 6.32551508 6.32551508
2238 6.32868729 6.32868729 6.32868729
2239 6.33185964 6.33185964 6.33185964
2240 6.33503212 6.33503212 6.33503212
2241 6.33820473 6.33820473 6.33820473
2242 6.34137747 6.34137747 6.34137747
2243 6.34455034 6.34455034 6.34455034
2244 6.34772335 6.34772335 6.34772335
2245 6.35089649 6.35089649 6.35089649
2246 6.35406975 6.35406975 6.35406975
2247 6.35724317 6.35724317 6.35724317
2248 6.3604167 6.3604167 6.3604167
2249 6.36359036 6.36359036 6.36359036
2250 6.36676416 6.36676416 6.36676416
2251 6.36993809 6.36993809 6.36993809
2252 6.37311214 6.37311214 6.37311214
2253 6.37628634 6.37628634 6.37628634
2254 6.37946065 6.37946065 6.37946065
2255 6.3826351 6.3826351 6.3826351
2256 6.38580969 6.38580969 6.38580969
2257 6.38898439 6.38898439 6.38898439
2258 6.39215923 6.39215923 6.39215923
2259 6.39533419 6.39533419 6.39533419
2260 6.39850929 6.39850929 6.39850929
2261 6.40168452 6.40168452 6.40168452
2262 6.40485987 6.40485987 6.40485987
2263 6.40803535 6.40803535 6.40803535
2264 6.41121097 6.41121097 6.41121097
2265 6.41438671 6.41438671 6.41438671
2266 6.41756257 6.41756257 6.41756257
2267 6.42073857 6.42073857 6.42073857
2268 6.42391469 6.42391469 6.42391469
2269 6.42709094 6.42709094 6.42709094
2270 6.43026733 6.43026733 6.43026733
2271 6.43344383 6.43344383 6.43344383
2272 6.43662046 6.43662046 6.43662046
2273 6.43979722 6.43979722 6.43979722
2274 6.4429741 6.4429741 6.4429741
2275 6.44615112 6.44615112 6.44615112
2276 6.44932825 6.44932825 6.44932825
2277 6.45250551 6.45250551 6.45250551
2278 6.45568291 6.45568291 6.45568291
2279 6.45886042 6.45886042 6.45886042
2280 6.46203806 6.46203806 6.46203806
2281 6.46521584 6.46521584 6.46521584
2282 6.46839372 6.46839372 6.46839372
2283 6.47157174 6.47157174 6.47157174
2284 6.47474989 6.47474989 6.47474989
2285 6.47792815 6.47792815 6.47792815
2286 6.48110653 6.48110653 6.48110653
2287 6.48428505 6.48428505 6.48428505
2288 6.48746368 6.48746368 6.48746368
2289 6.49064245 6.49064245 6.49064245
2290 6.49382133 6.49382133 6.49382133
2291 6.49700034 6.49700034 6.49700034
2292 6.50017948 6.50017948 6.50017948
2293 6.50335873 6.50335873 6.50335873
2294 6.5065381 6.5065381 6.5065381
2295 6.50971761 6.50971761 6.50971761
2296 6.51289723 6.51289723 6.51289723
2297 6.51607697 6.51607697 6.51607697
2298 6.51925685 6.51925685 6.51925685
2299 6.52243683 6.52243683 6.52243683
2300 6.52561694 6.52561694 6.52561694
2301 6.52879718 6.52879718 6.52879718
2302 6.53197752 6.53197752 6.53197752
2303 6.53515799 6.53515799 6.53515799
2304 6.53833859 6.53833859 6.53833859
2305 6.54151931 6.54151931 6.54151931
2306 6.54470015 6.54470015 6.54470015
2307 6.5478811 6.5478811 6.5478811
2308 6.55106218 6.55106218 6.55106218
2309 6.55424338 6.55424338 6.55424338
2310 6.5574247 6.5574247 6.5574247
2311 6.56060613 6.56060613 6.56060613
2312 6.5637877 6.5637877 6.5637877
2313 6.56696937 6.56696937 6.56696937
2314 6.57015116 6.57015116 6.57015116
2315 6.57333308 6.57333308 6.57333308
2316 6.5765151 6.5765151 6.5765151
2317 6.57969725 6.57969725 6.57969725
2318 6.58287953 6.58287953 6.58287953
2319 6.58606191 6.58606191 6.58606191
2320 6.58924442 6.58924442 6.58924442
2321 6.59242705 6.59242705 6.59242705
2322 6.59560979 6.59560979 6.59560979
2323 6.59879265 6.59879265 6.59879265
2324 6.60197562 6.60197562 6.60197562
2325 6.60515871 6.60515871 6.60515871
2326 6.60834193 6.60834193 6.60834193
2327 6.61152526 6.61152526 6.61152526
2328 6.6147087 6.6147087 6.6147087
2329 6.61789226 6.61789226 6.61789226
2330 6.62107594 6.62107594 6.62107594
2331 6.62425972 6.62425972 6.62425972
2332 6.62744363 6.62744363 6.62744363
2333 6.63062765 6.63062765 6.63062765
2334 6.63381179 6.63381179 6.63381179
2335 6.63699605 6.63699605 6.63699605
2336 6.64018042 6.64018042 6.64018042
2337 6.6433649 6.6433649 6.6433649
2338 6.6465495 6.6465495 6.6465495
2339 6.64973421 6.64973421 6.64973421
2340 6.65291905 6.65291905 6.65291905
2341 6.65610399 6.65610399 6.65610399
2342 6.65928904 6.65928904 6.65928904
2343 6.66247422 6.66247422 6.66247422
2344 6.6656595 6.6656595 6.6656595
2345 6.66884488 6.66884488 6.66884488
2346 6.6720304 6.6720304 6.6720304
2347 6.67521602 6.67521602 6.67521602
2348 6.67840175 6.67840175 6.67840175
2349 6.68158761 6.68158761 6.68158761
2350 6.68477357 6.68477357 6.68477357
2351 6.68795964 6.68795964 6.68795964
2352 6.69114583 6.69114583 6.69114583
2353 6.69433213 6.69433213 6.69433213
2354 6.69751853 6.69751853 6.69751853
2355 6.70070506 6.70070506 6.70070506
2356 6.70389169 6.70389169 6.70389169
2357 6.70707844 6.70707844 6.70707844
2358 6.7102653 6.7102653 6.7102653
2359 6.71345226 6.71345226 6.71345226
2360 6.71663933 6.71663933 6.71663933
2361 6.71982652 6.71982652 6.71982652
2362 6.72301381 6.72301381 6.72301381
2363 6.72620123 6.72620123 6.72620123
2364 6.72938874 6.72938874 6.72938874
2365 6.73257637 6.73257637 6.73257637
2366 6.73576411 6.73576411 6.73576411
2367 6.73895195 6.73895195 6.73895195
2368 6.74213991 6.74213991 6.74213991
2369 6.74532798 6.74532798 6.74532798
2370 6.74851615 6.74851615 6.74851615
2371 6.75170443 6.75170443 6.75170443
2372 6.75489283 6.75489283 6.75489283
2373 6.75808133 6.75808133 6.75808133
2374 6.76126993 6.76126993 6.76126993
2375 6.76445865 6.76445865 6.76445865
2376 6.76764747 6.76764747 6.76764747
2377 6.77083641 6.77083641 6.77083641
2378 6.77402544 6.77402544 6.77402544
2379 6.77721458 6.77721458 6.77721458
2380 6.78040385 6.78040385 6.78040385
2381 6.7835932 6.7835932 6.7835932
2382 6.78678267 6.78678267 6.78678267
2383 6.78997225 6.78997225 6.78997225
2384 6.79316192 6.79316192 6.79316192
2385 6.79635171 6.79635171 6.79635171
2386 6.79954161 6.79954161 6.79954161
2387 6.8027316 6.8027316 6.8027316
2388 6.8059217 6.8059217 6.8059217
2389 6.80911191 6.80911191 6.80911191
2390 6.81230222 6.81230222 6.81230222
2391 6.81549265 6.81549265 6.81549265
2392 6.81868317 6.81868317 6.81868317
2393 6.8218738 6.8218738 6.8218738
2394 6.82506454 6.82506454 6.82506454
2395 6.82825538 6.82825538 6.82825538
2396 6.83144631 6.83144631 6.83144631
2397 6.83463737 6.83463737 6.83463737
2398 6.83782852 6.83782852 6.83782852
2399 6.84101977 6.84101977 6.84101977
2400 6.84421113 6.84421113 6.84421113
2401 6.84740259 6.84740259 6.84740259
2402 6.85059415 6.85059415 6.85059415
2403 6.85378582 6.85378582 6.85378582
2404 6.85697759 6.85697759 6.85697759
2405 6.86016947 6.86016947 6.86016947
2406 6.86336144 6.86336144 6.86336144
2407 6.86655352 6.86655352 6.86655352
2408 6.8697457 6.8697457 6.8697457
2409 6.87293798 6.87293798 6.87293798
2410 6.87613036 6.87613036 6.87613036
2411 6.87932286 6.87932286 6.87932286
2412 6.88251544 6.88251544 6.88251544
2413 6.88570813 6.88570813 6.88570813
2414 6.88890092 6.88890092 6.88890092
2415 6.89209381 6.89209381 6.89209381
2416 6.8952868 6.8952868 6.8952868
2417 6.8984799 6.8984799 6.8984799
2418 6.90167308 6.90167308 6.90167308
2419 6.90486636 6.90486636 6.90486636
2420 6.90805976 6.90805976 6.90805976
2421 6.91125325 6.91125325 6.91125325
2422 6.91444685 6.91444685 6.91444685
2423 6.91764054 6.91764054 6.91764054
2424 6.92083432 6.92083432 6.92083432
2425 6.92402822 6.92402822 6.92402822
2426 6.92722221 6.92722221 6.92722221
2427 6.93041629 6.93041629 6.93041629
2428 6.93361048 6.93361048 6.93361048
2429 6.93680476 6.93680476 6.93680476
2430 6.93999914 6.93999914 6.93999914
2431 6.94319363 6.94319363 6.94319363
2432 6.9463882 6.9463882 6.9463882
2433 6.94958287 6.94958287 6.94958287
2434 6.95277765 6.95277765 6.95277765
2435 6.95597252 6.95597252 6.95597252
2436 6.95916748 6.95916748 6.95916748
2437 6.96236256 6.96236256 6.96236256
2438 6.96555771 6.96555771 6.96555771
2439 6.96875298 6.96875298 6.96875298
2440 6.97194833 6.97194833 6.97194833
2441 6.97514378 6.97514378 6.97514378
2442 6.97833934 6.97833934 6.97833934
2443 6.98153498 6.98153498 6.98153498
2444 6.98473071 6.98473071 6.98473071
2445 6.98792655 6.98792655 6.98792655
2446 6.99112248 6.99112248 6.99112248
2447 6.99431849 6.99431849 6.99431849
2448 6.99751462 6.99751462 6.99751462
2449 7.00071083 7.00071083 7.00071083
2450 7.00390714 7.00390714 7.00390714
2451 7.00710355 7.00710355 7.00710355
2452 7.01030005 7.01030005 7.01030005
2453 7.01349664 7.01349664 7.01349664
2454 7.01669333 7.01669333 7.01669333
2455 7.01989011 7.01989011 7.01989011
2456 7.023087 7.023087 7.023087
2457 7.02628396 7.02628396 7.02628396
2458 7.02948102 7.02948102 7.02948102
2459 7.03267818 7.03267818 7.03267818
2460 7.03587543 7.03587543 7.03587543
2461 7.03907275 7.03907275 7.03907275
2462 7.0422702 7.0422702 7.0422702
2463 7.04546772 7.04546772 7.04546772
2464 7.04866533 7.04866533 7.04866533
2465 7.05186305 7.05186305 7.05186305
2466 7.05506085 7.05506085 7.05506085
2467 7.05825874 7.05825874 7.05825874
2468 7.06145673 7.06145673 7.06145673
2469 7.06465481 7.06465481 7.06465481
2470 7.06785297 7.06785297 7.06785297
2471 7.07105124 7.07105124 7.07105124
2472 7.07424959 7.07424959 7.07424959
2473 7.07744804 7.07744804 7.07744804
2474 7.08064657 7.08064657 7.08064657
2475 7.08384518 7.08384518 7.08384518
2476 7.0870439 7.0870439 7.0870439
2477 7.09024269 7.09024269 7.09024269
2478 7.09344158 7.09344158 7.09344158
2479 7.09664057 7.09664057 7.09664057
2480 7.09983964 7.09983964 7.09983964
2481 7.1030388 7.1030388 7.1030388
2482 7.10623806 7.10623806 7.10623806
2483 7.10943739 7.10943739 7.10943739
2484 7.11263682 7.11263682 7.11263682
2485 7.11583634 7.11583634 7.11583634
2486 7.11903594 7.11903594 7.11903594
2487 7.12223563 7.12223563 7.12223563
2488 7.12543542 7.12543542 7.12543542
2489 7.12863529 7.12863529 7.12863529
2490 7.13183526 7.13183526 7.13183526
2491 7.13503529 7.13503529 7.13503529
2492 7.13823542 7.13823542 7.13823542
2493 7.14143564 7.14143564 7.14143564
2494 7.14463595 7.14463595 7.14463595
2495 7.14783634 7.14783634 7.14783634
2496 7.15103683 7.15103683 7.15103683
2497 7.15423739 7.15423739 7.15423739
2498 7.15743804 7.15743804 7.15743804
2499 7.16063879 7.16063879 7.16063879
2500 7.16383961 7.16383961 7.16383961
2501 7.16704052 7.16704052 7.16704052
2502 7.17024153 7.17024153 7.17024153
2503 7.17344261 7.17344261 7.17344261
2504 7.17664377 7.17664377 7.17664377
2505 7.17984503 7.17984503 7.17984503
2506 7.18304636 7.18304636 7.18304636
2507 7.18624779 7.18624779 7.18624779
2508 7.1894493 7.1894493 7.1894493
2509 7.19265089 7.19265089 7.19265089
2510 7.19585258 7.19585258 7.19585258
2511 7.19905433 7.19905433 7.19905433
2512 7.20225618 7.20225618 7.20225618
2513 7.20545811 7.20545811 7.20545811
2514 7.20866012 7.20866012 7.20866012
2515 7.21186222 7.21186222 7.21186222
2516 7.21506441 7.21506441 7.21506441
2517 7.21826667 7.21826667 7.21826667
2518 7.22146901 7.22146901 7.22146901
2519 7.22467145 7.22467145 7.22467145
2520 7.22787395 7.22787395 7.22787395
2521 7.23107655 7.23107655 7.23107655
2522 7.23427923 7.23427923 7.23427923
2523 7.23748198 7.23748198 7.23748198
2524 7.24068483 7.24068483 7.24068483
2525 7.24388775 7.24388775 7.24388775
2526 7.24709075 7.24709075 7.24709075
2527 7.25029385 7.25029385 7.25029385
2528 7.25349701 7.25349701 7.25349701
2529 7.25670026 7.25670026 7.25670026
2530 7.2599036 7.2599036 7.2599036
2531 7.26310701 7.26310701 7.26310701
2532 7.26631049 7.26631049 7.26631049
2533 7.26951407 7.26951407 7.26951407
2534 7.27271771 7.27271771 7.27271771
2535 7.27592144 7.27592144 7.27592144
2536 7.27912526 7.27912526 7.27912526
2537 7.28232915 7.28232915 7.28232915
2538 7.28553314 7.28553314 7.28553314
2539 7.28873718 7.28873718 7.28873718
2540 7.29194131 7.29194131 7.29194131
2541 7.29514553 7.29514553 7.29514553
2542 7.29834981 7.29834981 7.29834981
2543 7.30155418 7.30155418 7.30155418
2544 7.30475863 7.30475863 7.30475863
2545 7.30796316 7.30796316 7.30796316
2546 7.31116776 7.31116776 7.31116776
2547 7.31437245 7.31437245 7.31437245
2548 7.3175772 7.3175772 7.3175772
2549 7.32078203 7.32078203 7.32078203
2550 7.32398695 7.32398695 7.32398695
2551 7.32719194 7.32719194 7.32719194
2552 7.33039701 7.33039701 7.33039701
2553 7.33397505 7.33397505 7.33397505
2554 7.33755337 7.33755337 7.33755337
2555 7.34113198 7.34113198 7.34113198
2556 7.34471086 7.34471086 7.34471086
2557 7.34829003 7.34829003 7.34829003
2558 7.35186949 7.35186949 7.35186949
2559 7.35544921 7.35544921 7.35544921
2560 7.35902923 7.35902923 7.35902923
2561 7.36260954 7.36260954 7.36260954
2562 7.36614924 7.36614924 7.36614924
2563 7.36968917 7.36968917 7.36968917
2564 7.37322937 7.37322937 7.37322937
2565 7.37676982 7.37676982 7.37676982
2566 7.38031051 7.38031051 7.38031051
2567 7.38385144 7.38385144 7.38385144
2568 7.38739262 7.38739262 7.38739262
2569 7.39093405 7.39093405 7.39093405
2570 7.39447573 7.39447573 7.39447573
2571 7.39801765 7.39801765 7.39801765
2572 7.40155979 7.40155979 7.40155979
2573 7.4051022 7.4051022 7.4051022
2574 7.40864485 7.40864485 7.40864485
2575 7.41218775 7.41218775 7.41218775
2576 7.41573088 7.41573088 7.41573088
2577 7.41927426 7.41927426 7.41927426
2578 7.42281789 7.42281789 7.42281789
2579 7.42636176 7.42636176 7.42636176
2580 7.42990586 7.42990586 7.42990586
2581 7.4334502 7.4334502 7.4334502
2582 7.4369948 7.4369948 7.4369948
2583 7.44053964 7.44053964 7.44053964
2584 7.44408471 7.44408471 7.44408471
2585 7.44763003 7.44763003 7.44763003
2586 7.45117559 7.45117559 7.45117559
2587 7.4547214 7.4547214 7.4547214
2588 7.45826743 7.45826743 7.45826743
2589 7.46181372 7.46181372 7.46181372
2590 7.46536023 7.46536023 7.46536023
2591 7.46890699 7.46890699 7.46890699
2592 7.47245399 7.47245399 7.47245399
2593 7.47600123 7.47600123 7.47600123
2594 7.47954871 7.47954871 7.47954871
2595 7.48309643 7.48309643 7.48309643
2596 7.48664438 7.48664438 7.48664438
2597 7.49019258 7.49019258 7.49019258
2598 7.493741 7.493741 7.493741
2599 7.49728968 7.49728968 7.49728968
2600 7.50083858 7.50083858 7.50083858
2601 7.50438773 7.50438773 7.50438773
2602 7.50793711 7.50793711 7.50793711
2603 7.51148674 7.51148674 7.51148674
2604 7.51503659 7.51503659 7.51503659
2605 7.51858668 7.51858668 7.51858668
2606 7.52213701 7.52213701 7.52213701
2607 7.52568757 7.52568757 7.52568757
2608 7.52923836 7.52923836 7.52923836
2609 7.5327894 7.5327894 7.5327894
2610 7.53634067 7.53634067 7.53634067
2611 7.53989218 7.53989218 7.53989218
2612 7.54344391 7.54344391 7.54344391
2613 7.54699589 7.54699589 7.54699589
2614 7.5505481 7.5505481 7.5505481
2615 7.55410055 7.55410055 7.55410055
2616 7.5576532 7.5576532 7.5576532
2617 7.56120612 7.56120612 7.56120612
2618 7.56475926 7.56475926 7.56475926
2619 7.56831264 7.56831264 7.56831264
2620 7.57186624 7.57186624 7.57186624
2621 7.57542008 7.57542008 7.57542008
2622 7.57897416 7.57897416 7.57897416
2623 7.58252846 7.58252846 7.58252846
2624 7.58608299 7.58608299 7.58608299
2625 7.58963775 7.58963775 7.58963775
2626 7.59319275 7.59319275 7.59319275
2627 7.59674798 7.59674798 7.59674798
2628 7.60030343 7.60030343 7.60030343
2629 7.60385912 7.60385912 7.60385912
2630 7.60741504 7.60741504 7.60741504
2631 7.6109712 7.6109712 7.6109712
2632 7.61452757 7.61452757 7.61452757
2633 7.61808418 7.61808418 7.61808418
2634 7.621641 7.621641 7.621641
2635 7.62519807 7.62519807 7.62519807
2636 7.62875536 7.62875536 7.62875536
2637 7.63231289 7.63231289 7.63231289
2638 7.63587064 7.63587064 7.63587064
2639 7.63942862 7.63942862 7.63942862
2640 7.64298682 7.64298682 7.64298682
2641 7.64654526 7.64654526 7.64654526
2642 7.65010392 7.65010392 7.65010392
2643 7.6536628 7.6536628 7.6536628
2644 7.65722191 7.65722191 7.65722191
2645 7.66078125 7.66078125 7.66078125
2646 7.66434082 7.66434082 7.66434082
2647 7.66790061 7.66790061 7.66790061
2648 7.67146063 7.67146063 7.67146063
2649 7.67502087 7.67502087 7.67502087
2650 7.67858134 7.67858134 7.67858134
2651 7.68214204 7.68214204 7.68214204
2652 7.68570294 7.68570294 7.68570294
2653 7.68926408 7.68926408 7.68926408
2654 7.69282545 7.69282545 7.69282545
2655 7.69638704 7.69638704 7.69638704
2656 7.69994885 7.69994885 7.69994885
2657 7.70351089 7.70351089 7.70351089
2658 7.70707316 7.70707316 7.70707316
2659 7.71063564 7.71063564 7.71063564
2660 7.71419834 7.71419834 7.71419834
2661 7.71776126 7.71776126 7.71776126
2662 7.72132441 7.72132441 7.72132441
2663 7.72488779 7.72488779 7.72488779
2664 7.72845138 7.72845138 7.72845138
2665 7.73201519 7.73201519 7.73201519
2666 7.73557923 7.73557923 7.73557923
2667 7.73914349 7.73914349 7.73914349
2668 7.74270797 7.74270797 7.74270797
2669 7.74627267 7.74627267 7.74627267
2670 7.74983758 7.74983758 7.74983758
2671 7.75340272 7.75340272 7.75340272
2672 7.75696807 7.75696807 7.75696807
2673 7.76053365 7.76053365 7.76053365
2674 7.76409945 7.76409945 7.76409945
2675 7.76766547 7.76766547 7.76766547
2676 7.7712317 7.7712317 7.7712317
2677 7.77479816 7.77479816 7.77479816
2678 7.77836483 7.77836483 7.77836483
2679 7.78193171 7.78193171 7.78193171
2680 7.78549881 7.78549881 7.78549881
2681 7.78906614 7.78906614 7.78906614
2682 7.79263368 7.79263368 7.79263368
2683 7.79620145 7.79620145 7.79620145
2684 7.79976941 7.79976941 7.79976941
2685 7.80333761 7.80333761 7.80333761
2686 7.80690602 7.80690602 7.80690602
2687 7.81047465 7.81047465 7.81047465
2688 7.81404347 7.81404347 7.81404347
2689 7.81761253 7.81761253 7.81761253
2690 7.8211818 7.8211818 7.8211818
2691 7.82475129 7.82475129 7.82475129
2692 7.82832099 7.82832099 7.82832099
2693 7.83189091 7.83189091 7.83189091
2694 7.83546104 7.83546104 7.83546104
2695 7.83903139 7.83903139 7.83903139
2696 7.84260194 7.84260194 7.84260194
2697 7.8461727 7.8461727 7.8461727
2698 7.84974369 7.84974369 7.84974369
2699 7.85331489 7.85331489 7.85331489
2700 7.8568863 7.8568863 7.8568863
2701 7.86045792 7.86045792 7.86045792
2702 7.86402976 7.86402976 7.86402976
2703 7.86760182 7.86760182 7.86760182
2704 7.87117407 7.87117407 7.87117407
2705 7.87474655 7.87474655 7.87474655
2706 7.87831922 7.87831922 7.87831922
2707 7.88189212 7.88189212 7.88189212
2708 7.88546522 7.88546522 7.88546522
2709 7.88903854 7.88903854 7.88903854
2710 7.89261207 7.89261207 7.89261207
2711 7.89618581 7.89618581 7.89618581
2712 7.89975975 7.89975975 7.89975975
2713 7.90333391 7.90333391 7.90333391
2714 7.90690828 7.90690828 7.90690828
2715 7.91048284 7.91048284 7.91048284
2716 7.91405762 7.91405762 7.91405762
2717 7.91763262 7.91763262 7.91763262
2718 7.92120782 7.92120782 7.92120782
2719 7.92478324 7.92478324 7.92478324
2720 7.92835885 7.92835885 7.92835885
2721 7.93193468 7.93193468 7.93193468
2722 7.93551071 7.93551071 7.93551071
2723 7.93908694 7.93908694 7.93908694
2724 7.94266339 7.94266339 7.94266339
2725 7.94624004 7.94624004 7.94624004
2726 7.94981691 7.94981691 7.94981691
2727 7.95339398 7.95339398 7.95339398
2728 7.95697125 7.95697125 7.95697125
2729 7.96054873 7.96054873 7.96054873
2730 7.96412642 7.96412642 7.96412642
2731 7.96770432 7.96770432 7.96770432
2732 7.97128239 7.97128239 7.97128239
2733 7.9748607 7.9748607 7.9748607
2734 7.97843921 7.97843921 7.97843921
2735 7.98201792 7.98201792 7.98201792
2736 7.98559683 7.98559683 7.98559683
2737 7.98917595 7.98917595 7.98917595
2738 7.99275528 7.99275528 7.99275528
2739 7.99633481 7.99633481 7.99633481
2740 7.99991453 7.99991453 7.99991453
2741 8.00349445 8.00349445 8.00349445
2742 8.00707459 8.00707459 8.00707459
2743 8.01065493 8.01065493 8.01065493
2744 8.01423547 8.01423547 8.01423547
2745 8.01781621 8.01781621 8.01781621
2746 8.02139716 8.02139716 8.02139716
2747 8.02497831 8.02497831 8.02497831
2748 8.02855965 8.02855965 8.02855965
2749 8.0321412 8.0321412 8.0321412
2750 8.03572294 8.03572294 8.03572294
2751 8.03930489 8.03930489 8.03930489
2752 8.04288704 8.04288704 8.04288704
2753 8.04646939 8.04646939 8.04646939
2754 8.05005195 8.05005195 8.05005195
2755 8.0536347 8.0536347 8.0536347
2756 8.05721764 8.05721764 8.05721764
2757 8.06080079 8.06080079 8.06080079
2758 8.06438415 8.06438415 8.06438415
2759 8.06796768 8.06796768 8.06796768
2760 8.07155142 8.07155142 8.07155142
2761 8.07513537 8.07513537 8.07513537
2762 8.07871951 8.07871951 8.07871951
2763 8.08230386 8.08230386 8.08230386
2764 8.08588839 8.08588839 8.08588839
2765 8.08947312 8.08947312 8.08947312
2766 8.09305806 8.09305806 8.09305806
2767 8.09664319 8.09664319 8.09664319
2768 8.1002285 8.1002285 8.1002285
2769 8.10381402 8.10381402 8.10381402
2770 8.10739974 8.10739974 8.10739974
2771 8.11098566 8.11098566 8.11098566
2772 8.11457176 8.11457176 8.11457176
2773 8.11815807 8.11815807 8.11815807
2774 8.12174457 8.12174457 8.12174457
2775 8.12533127 8.12533127 8.12533127
2776 8.12891815 8.12891815 8.12891815
2777 8.13250523 8.13250523 8.13250523
2778 8.13609251 8.13609251 8.13609251
2779 8.13967999 8.13967999 8.13967999
2780 8.14326765 8.14326765 8.14326765
2781 8.14685551 8.14685551 8.14685551
2782 8.15044357 8.15044357 8.15044357
2783 8.15403182 8.15403182 8.15403182
2784 8.15762025 8.15762025 8.15762025
2785 8.16120889 8.16120889 8.16120889
2786 8.1647977 8.1647977 8.1647977
2787 8.16838672 8.16838672 8.16838672
2788 8.17197592 8.17197592 8.17197592
2789 8.17556533 8.17556533 8.17556533
2790 8.17915492 8.17915492 8.17915492
2791 8.18274471 8.18274471 8.18274471
2792 8.18633467 8.18633467 8.18633467
2793 8.18992484 8.18992484 8.18992484
2794 8.1935152 8.1935152 8.1935152
2795 8.19710574 8.19710574 8.19710574
2796 8.20069647 8.20069647 8.20069647
2797 8.2042874 8.2042874 8.2042874
2798 8.20787851 8.20787851 8.20787851
2799 8.21146982 8.21146982 8.21146982
2800 8.21506131 8.21506131 8.21506131
2801 8.218653 8.218653 8.218653
2802 8.22224487 8.22224487 8.22224487
2803 8.22583694 8.22583694 8.22583694
2804 8.22942916 8.22942916 8.22942916
2805 8.2330216 8.2330216 8.2330216
2806 8.23661423 8.23661423 8.23661423
2807 8.24020704 8.24020704 8.24020704
2808 8.24380004 8.24380004 8.24380004
2809 8.24739323 8.24739323 8.24739323
2810 8.2509866 8.2509866 8.2509866
2811 8.25458016 8.25458016 8.25458016
2812 8.2581739 8.2581739 8.2581739
2813 8.26176782 8.26176782 8.26176782
2814 8.26536195 8.26536195 8.26536195
2815 8.26895625 8.26895625 8.26895625
2816 8.27255073 8.27255073 8.27255073
2817 8.27614541 8.27614541 8.27614541
2818 8.27974027 8.27974027 8.27974027
2819 8.28333532 8.28333532 8.28333532
2820 8.28693054 8.28693054 8.28693054
2821 8.29052596 8.29052596 8.29052596
2822 8.29412154 8.29412154 8.29412154
2823 8.29771733 8.29771733 8.29771733
2824 8.30131329 8.30131329 8.30131329
2825 8.30490944 8.30490944 8.30490944
2826 8.30850577 8.30850577 8.30850577
2827 8.31210229 8.31210229 8.31210229
2828 8.31569898 8.31569898 8.31569898
2829 8.31929586 8.31929586 8.31929586
2830 8.32289292 8.32289292 8.32289292
2831 8.32649015 8.32649015 8.32649015
2832 8.33008757 8.33008757 8.33008757
2833 8.33368518 8.33368518 8.33368518
2834 8.33728297 8.33728297 8.33728297
2835 8.34088094 8.34088094 8.34088094
2836 8.34447909 8.34447909 8.34447909
2837 8.34807742 8.34807742 8.34807742
2838 8.35167593 8.35167593 8.35167593
2839 8.35527463 8.35527463 8.35527463
2840 8.35887348 8.35887348 8.35887348
2841 8.36247253 8.36247253 8.36247253
2842 8.36607176 8.36607176 8.36607176
2843 8.36967117 8.36967117 8.36967117
2844 8.37327075 8.37327075 8.37327075
2845 8.37687052 8.37687052 8.37687052
2846 8.38047047 8.38047047 8.38047047
2847 8.3840706 8.3840706 8.3840706
2848 8.38767088 8.38767088 8.38767088
2849 8.39127136 8.39127136 8.39127136
2850 8.39487202 8.39487202 8.39487202
2851 8.39847286 8.39847286 8.39847286
2852 8.40207386 8.40207386 8.40207386
2853 8.40567506 8.40567506 8.40567506
2854 8.40927642 8.40927642 8.40927642
2855 8.41287797 8.41287797 8.41287797
2856 8.41647968 8.41647968 8.41647968
2857 8.42008156 8.42008156 8.42008156
2858 8.42368364 8.42368364 8.42368364
2859 8.42728588 8.42728588 8.42728588
2860 8.4308883 8.4308883 8.4308883
2861 8.4344909 8.4344909 8.4344909
2862 8.43809367 8.43809367 8.43809367
2863 8.44169662 8.44169662 8.44169662
2864 8.44529973 8.44529973 8.44529973
2865 8.44890303 8.44890303 8.44890303
2866 8.45250649 8.45250649 8.45250649
2867 8.45611013 8.45611013 8.45611013
2868 8.45971394 8.45971394 8.45971394
2869 8.46331793 8.46331793 8.46331793
2870 8.4669221 8.4669221 8.4669221
2871 8.47052643 8.47052643 8.47052643
2872 8.47413093 8.47413093 8.47413093
2873 8.47773562 8.47773562 8.47773562
2874 8.48134047 8.48134047 8.48134047
2875 8.48494548 8.48494548 8.48494548
2876 8.48855067 8.48855067 8.48855067
2877 8.49215604 8.49215604 8.49215604
2878 8.49576158 8.49576158 8.49576158
2879 8.4993673 8.4993673 8.4993673
2880 8.50297317 8.50297317 8.50297317
2881 8.50657922 8.50657922 8.50657922
2882 8.51018545 8.51018545 8.51018545
2883 8.51379184 8.51379184 8.51379184
2884 8.51739838 8.51739838 8.51739838
2885 8.52100512 8.52100512 8.52100512
2886 8.52461202 8.52461202 8.52461202
2887 8.52821909 8.52821909 8.52821909
2888 8.53182632 8.53182632 8.53182632
2889 8.53543373 8.53543373 8.53543373
2890 8.53904131 8.53904131 8.53904131
2891 8.54264906 8.54264906 8.54264906
2892 8.54625697 8.54625697 8.54625697
2893 8.54986503 8.54986503 8.54986503
2894 8.55347328 8.55347328 8.55347328
2895 8.5570817 8.5570817 8.5570817
2896 8.56069028 8.56069028 8.56069028
2897 8.56429903 8.56429903 8.56429903
2898 8.56790795 8.56790795 8.56790795
2899 8.57151704 8.57151704 8.57151704
2900 8.57512628 8.57512628 8.57512628
2901 8.5787357 8.5787357 8.5787357
2902 8.58234527 8.58234527 8.58234527
2903 8.58595502 8.58595502 8.58595502
2904 8.58956492 8.58956492 8.58956492
2905 8.593175 8.593175 8.593175
2906 8.59678525 8.59678525 8.59678525
2907 8.60039566 8.60039566 8.60039566
2908 8.60400622 8.60400622 8.60400622
2909 8.60761696 8.60761696 8.60761696
2910 8.61122787 8.61122787 8.61122787
2911 8.61483892 8.61483892 8.61483892
2912 8.61845014 8.61845014 8.61845014
2913 8.62206153 8.62206153 8.62206153
2914 8.62567309 8.62567309 8.62567309
2915 8.62928481 8.62928481 8.62928481
2916 8.63289669 8.63289669 8.63289669
2917 8.63650873 8.63650873 8.63650873
2918 8.64012094 8.64012094 8.64012094
2919 8.64373331 8.64373331 8.64373331
2920 8.64734582 8.64734582 8.64734582
2921 8.65095851 8.65095851 8.65095851
2922 8.65457136 8.65457136 8.65457136
2923 8.65818438 8.65818438 8.65818438
2924 8.66179755 8.66179755 8.66179755
2925 8.66541089 8.66541089 8.66541089
2926 8.66902439 8.66902439 8.66902439
2927 8.67259415 8.67259415 8.67259415
2928 8.67616404 8.67616404 8.67616404
2929 8.67973408 8.67973408 8.67973408
2930 8.68330423 8.68330423 8.68330423
2931 8.68687453 8.68687453 8.68687453
2932 8.69044493 8.69044493 8.69044493
2933 8.69401546 8.69401546 8.69401546
2934 8.69758614 8.69758614 8.69758614
2935 8.70115693 8.70115693 8.70115693
2936 8.70472784 8.70472784 8.70472784
2937 8.7082989 8.7082989 8.7082989
2938 8.71187007 8.71187007 8.71187007
2939 8.71544138 8.71544138 8.71544138
2940 8.71901279 8.71901279 8.71901279
2941 8.72258433 8.72258433 8.72258433
2942 8.72615602 8.72615602 8.72615602
2943 8.72972782 8.72972782 8.72972782
2944 8.73329973 8.73329973 8.73329973
2945 8.73687179 8.73687179 8.73687179
2946 8.74044396 8.74044396 8.74044396
2947 8.74401626 8.74401626 8.74401626
2948 8.74758868 8.74758868 8.74758868
2949 8.75116123 8.75116123 8.75116123
2950 8.75473391 8.75473391 8.75473391
2951 8.7583067 8.7583067 8.7583067
2952 8.7618796 8.7618796 8.7618796
2953 8.76545266 8.76545266 8.76545266
2954 8.76902582 8.76902582 8.76902582
2955 8.7725991 8.7725991 8.7725991
2956 8.77617251 8.77617251 8.77617251
2957 8.77974603 8.77974603 8.77974603
2958 8.78331968 8.78331968 8.78331968
2959 8.78689347 8.78689347 8.78689347
2960 8.79046735 8.79046735 8.79046735
2961 8.79404137 8.79404137 8.79404137
2962 8.79761551 8.79761551 8.79761551
2963 8.80118976 8.80118976 8.80118976
2964 8.80476414 8.80476414 8.80476414
2965 8.80833863 8.80833863 8.80833863
2966 8.81191325 8.81191325 8.81191325
2967 8.815488 8.815488 8.815488
2968 8.81906284 8.81906284 8.81906284
2969 8.82263782 8.82263782 8.82263782
2970 8.82621293 8.82621293 8.82621293
2971 8.82978814 8.82978814 8.82978814
2972 8.83336348 8.83336348 8.83336348
2973 8.83693892 8.83693892 8.83693892
2974 8.84051449 8.84051449 8.84051449
2975 8.84409019 8.84409019 8.84409019
2976 8.84766599 8.84766599 8.84766599
2977 8.85124191 8.85124191 8.85124191
2978 8.85481796 8.85481796 8.85481796
2979 8.85839412 8.85839412 8.85839412
2980 8.86197038 8.86197038 8.86197038
2981 8.86554679 8.86554679 8.86554679
2982 8.8691233 8.8691233 8.8691233
2983 8.87269994 8.87269994 8.87269994
2984 8.87627667 8.87627667 8.87627667
2985 8.87985352 8.87985352 8.87985352
2986 8.88343051 8.88343051 8.88343051
2987 8.8870076 8.8870076 8.8870076
2988 8.89058479 8.89058479 8.89058479
2989 8.89416212 8.89416212 8.89416212
2990 8.89773955 8.89773955 8.89773955
2991 8.90131712 8.90131712 8.90131712
2992 8.90489477 8.90489477 8.90489477
2993 8.90847254 8.90847254 8.90847254
2994 8.91205045 8.91205045 8.91205045
2995 8.91562845 8.91562845 8.91562845
2996 8.91920656 8.91920656 8.91920656
2997 8.92278481 8.92278481 8.92278481
2998 8.92636315 8.92636315 8.92636315
2999 8.92994161 8.92994161 8.92994161
3000 8.93352018 8.93352018 8.93352018
3001 8.93709887 8.93709887 8.93709887
3002 8.94067768 8.94067768 8.94067768
3003 8.94425658 8.94425658 8.94425658
3004 8.94783559 8.94783559 8.94783559
3005 8.95141474 8.95141474 8.95141474
3006 8.95499398 8.95499398 8.95499398
3007 8.95857333 8.95857333 8.95857333
3008 8.9621528 8.9621528 8.9621528
3009 8.96573238 8.96573238 8.96573238
3010 8.96931206 8.96931206 8.96931206
3011 8.97289188 8.97289188 8.97289188
3012 8.97647177 8.97647177 8.97647177
3013 8.9800518 8.9800518 8.9800518
3014 8.98363193 8.98363193 8.98363193
3015 8.98721217 8.98721217 8.98721217
3016 8.99079252 8.99079252 8.99079252
3017 8.99437297 8.99437297 8.99437297
3018 8.99795353 8.99795353 8.99795353
3019 9.00153422 9.00153422 9.00153422
3020 9.00511499 9.00511499 9.00511499
3021 9.00869588 9.00869588 9.00869588
3022 9.01227689 9.01227689 9.01227689
3023 9.015858 9.015858 9.015858
3024 9.01943922 9.01943922 9.01943922
3025 9.02302054 9.02302054 9.02302054
3026 9.02660196 9.02660196 9.02660196
3027 9.03018351 9.03018351 9.03018351
3028 9.03376514 9.03376514 9.03376514
3029 9.03734689 9.03734689 9.03734689
3030 9.04092876 9.04092876 9.04092876
3031 9.04451072 9.04451072 9.04451072
3032 9.04809279 9.04809279 9.04809279
3033 9.05167496 9.05167496 9.05167496
3034 9.05525724 9.05525724 9.05525724
3035 9.05883964 9.05883964 9.05883964
3036 9.06242211 9.06242211 9.06242211
3037 9.06600471 9.06600471 9.06600471
3038 9.06958742 9.06958742 9.06958742
3039 9.07317022 9.07317022 9.07317022
3040 9.07675312 9.07675312 9.07675312
3041 9.08033614 9.08033614 9.08033614
3042 9.08391926 9.08391926 9.08391926
3043 9.08750249 9.08750249 9.08750249
3044 9.0910858 9.0910858 9.0910858
3045 9.09466922 9.09466922 9.09466922
3046 9.09825277 9.09825277 9.09825277
3047 9.1018364 9.1018364 9.1018364
3048 9.10542012 9.10542012 9.10542012
3049 9.10900397 9.10900397 9.10900397
3050 9.11258791 9.11258791 9.11258791
3051 9.11617194 9.11617194 9.11617194
3052 9.11975609 9.11975609 9.11975609
3053 9.12334033 9.12334033 9.12334033
3054 9.12692469 9.12692469 9.12692469
3055 9.13050914 9.13050914 9.13050914
3056 9.13409367 9.13409367 9.13409367
3057 9.13767833 9.13767833 9.13767833
3058 9.14126308 9.14126308 9.14126308
3059 9.14484793 9.14484793 9.14484793
3060 9.14843288 9.14843288 9.14843288
3061 9.15201793 9.15201793 9.15201793
3062 9.15560307 9.15560307 9.15560307
3063 9.15918833 9.15918833 9.15918833
3064 9.16277367 9.16277367 9.16277367
3065 9.16635913 9.16635913 9.16635913
3066 9.16994467 9.16994467 9.16994467
3067 9.17353031 9.17353031 9.17353031
3068 9.17711606 9.17711606 9.17711606
3069 9.1807019 9.1807019 9.1807019
3070 9.18428783 9.18428783 9.18428783
3071 9.18787388 9.18787388 9.18787388
3072 9.19146001 9.19146001 9.19146001
3073 9.19504623 9.19504623 9.19504623
3074 9.19863258 9.19863258 9.19863258
3075 9.202219 9.202219 9.202219
3076 9.20580552 9.20580552 9.20580552
3077 9.20939214 9.20939214 9.20939214
3078 9.21297885 9.21297885 9.21297885
3079 9.21656568 9.21656568 9.21656568
3080 9.22015257 9.22015257 9.22015257
3081 9.22373957 9.22373957 9.22373957
3082 9.22732668 9.22732668 9.22732668
3083 9.23091388 9.23091388 9.23091388
3084 9.23450117 9.23450117 9.23450117
3085 9.23808855 9.23808855 9.23808855
3086 9.24167602 9.24167602 9.24167602
3087 9.24526361 9.24526361 9.24526361
3088 9.24885126 9.24885126 9.24885126
3089 9.25243902 9.25243902 9.25243902
3090 9.25602689 9.25602689 9.25602689
3091 9.25961484 9.25961484 9.25961484
3092 9.26320287 9.26320287 9.26320287
3093 9.26679101 9.26679101 9.26679101
3094 9.27037924 9.27037924 9.27037924
3095 9.27396757 9.27396757 9.27396757
3096 9.27755598 9.27755598 9.27755598
3097 9.28114448 9.28114448 9.28114448
3098 9.28473309 9.28473309 9.28473309
3099 9.28832178 9.28832178 9.28832178
3100 9.29191055 9.29191055 9.29191055
3101 9.29549943 9.29549943 9.29549943
3102 9.2990884 9.2990884 9.2990884
3103 9.30267745 9.30267745 9.30267745
3104 9.3062666 9.3062666 9.3062666
3105 9.30985583 9.30985583 9.30985583
3106 9.31344518 9.31344518 9.31344518
3107 9.31703459 9.31703459 9.31703459
3108 9.32062409 9.32062409 9.32062409
3109 9.3242137 9.3242137 9.3242137
3110 9.32780339 9.32780339 9.32780339
3111 9.33139316 9.33139316 9.33139316
3112 9.33498303 9.33498303 9.33498303
3113 9.33857299 9.33857299 9.33857299
3114 9.34216303 9.34216303 9.34216303
3115 9.34575318 9.34575318 9.34575318
3116 9.34934339 9.34934339 9.34934339
3117 9.35293371 9.35293371 9.35293371
3118 9.35652411 9.35652411 9.35652411
3119 9.36011459 9.36011459 9.36011459
3120 9.36370517 9.36370517 9.36370517
3121 9.36729583 9.36729583 9.36729583
3122 9.37088658 9.37088658 9.37088658
3123 9.37447743 9.37447743 9.37447743
3124 9.37806834 9.37806834 9.37806834
3125 9.38165934 9.38165934 9.38165934
3126 9.38525045 9.38525045 9.38525045
3127 9.38884163 9.38884163 9.38884163
3128 9.39243291 9.39243291 9.39243291
3129 9.39602426 9.39602426 9.39602426
3130 9.39961569 9.39961569 9.39961569
3131 9.40320723 9.40320723 9.40320723
3132 9.40679883 9.40679883 9.40679883
3133 9.41039053 9.41039053 9.41039053
3134 9.41398232 9.41398232 9.41398232
3135 9.41757418 9.41757418 9.41757418
3136 9.42116614 9.42116614 9.42116614
3137 9.42475817 9.42475817 9.42475817
3138 9.42835028 9.42835028 9.42835028
3139 9.4319425 9.4319425 9.4319425
3140 9.43553477 9.43553477 9.43553477
3141 9.43912714 9.43912714 9.43912714
3142 9.44271961 9.44271961 9.44271961
3143 9.44631214 9.44631214 9.44631214
3144 9.44990474 9.44990474 9.44990474
3145 9.45349746 9.45349746 9.45349746
3146 9.45709024 9.45709024 9.45709024
3147 9.46068312 9.46068312 9.46068312
3148 9.46427606 9.46427606 9.46427606
3149 9.46786908 9.46786908 9.46786908
3150 9.4714622 9.4714622 9.4714622
3151 9.47505539 9.47505539 9.47505539
3152 9.47864867 9.47864867 9.47864867
3153 9.48224202 9.48224202 9.48224202
3154 9.48583546 9.48583546 9.48583546
3155 9.48942897 9.48942897 9.48942897
3156 9.49302258 9.49302258 9.49302258
3157 9.49661624 9.49661624 9.49661624
3158 9.50021001 9.50021001 9.50021001
3159 9.50380385 9.50380385 9.50380385
3160 9.50739776 9.50739776 9.50739776
3161 9.51099176 9.51099176 9.51099176
3162 9.51458583 9.51458583 9.51458583
3163 9.51817998 9.51817998 9.51817998
3164 9.52177423 9.52177423 9.52177423
3165 9.52536853 9.52536853 9.52536853
3166 9.52896292 9.52896292 9.52896292
3167 9.5325574 9.5325574 9.5325574
3168 9.53615194 9.53615194 9.53615194
3169 9.53974657 9.53974657 9.53974657
3170 9.54334127 9.54334127 9.54334127
3171 9.54693604 9.54693604 9.54693604
3172 9.55053091 9.55053091 9.55053091
3173 9.55412583 9.55412583 9.55412583
3174 9.55772084 9.55772084 9.55772084
3175 9.56131594 9.56131594 9.56131594
3176 9.5649111 9.5649111 9.5649111
3177 9.56850633 9.56850633 9.56850633
3178 9.57210166 9.57210166 9.57210166
3179 9.57569705 9.57569705 9.57569705
3180 9.57929253 9.57929253 9.57929253
3181 9.58288806 9.58288806 9.58288806
3182 9.58648367 9.58648367 9.58648367
3183 9.59007938 9.59007938 9.59007938
3184 9.59367514 9.59367514 9.59367514
3185 9.59727097 9.59727097 9.59727097
3186 9.6008669 9.6008669 9.6008669
3187 9.60446289 9.60446289 9.60446289
3188 9.60805897 9.60805897 9.60805897
3189 9.61165509 9.61165509 9.61165509
3190 9.6152513 9.6152513 9.6152513
3191 9.6188476 9.6188476 9.6188476
3192 9.62244396 9.62244396 9.62244396
3193 9.62604038 9.62604038 9.62604038
3194 9.6296369 9.6296369 9.6296369
3195 9.63323347 9.63323347 9.63323347
3196 9.63683012 9.63683012 9.63683012
3197 9.64042684 9.64042684 9.64042684
3198 9.64402363 9.64402363 9.64402363
3199 9.64762052 9.64762052 9.64762052
3200 9.65121745 9.65121745 9.65121745
3201 9.65481445 9.65481445 9.65481445
3202 9.65841154 9.65841154 9.65841154
3203 9.66200869 9.66200869 9.66200869
3204 9.66560591 9.66560591 9.66560591
3205 9.66920321 9.66920321 9.66920321
3206 9.67280057 9.67280057 9.67280057
3207 9.676398 9.676398 9.676398
3208 9.67999552 9.67999552 9.67999552
3209 9.68359308 9.68359308 9.68359308
3210 9.68719074 9.68719074 9.68719074
3211 9.69078845 9.69078845 9.69078845
3212 9.69438623 9.69438623 9.69438623
3213 9.69798408 9.69798408 9.69798408
3214 9.701582 9.701582 9.701582
3215 9.70517999 9.70517999 9.70517999
3216 9.70877806 9.70877806 9.70877806
3217 9.71237617 9.71237617 9.71237617
3218 9.71597437 9.71597437 9.71597437
3219 9.71957264 9.71957264 9.71957264
3220 9.72317097 9.72317097 9.72317097
3221 9.72676937 9.72676937 9.72676937
3222 9.73036784 9.73036784 9.73036784
3223 9.73396637 9.73396637 9.73396637
3224 9.73756498 9.73756498 9.73756498
3225 9.74116363 9.74116363 9.74116363
3226 9.74476236 9.74476236 9.74476236
3227 9.74836118 9.74836118 9.74836118
3228 9.75196004 9.75196004 9.75196004
3229 9.75555896 9.75555896 9.75555896
3230 9.75915797 9.75915797 9.75915797
3231 9.76275703 9.76275703 9.76275703
3232 9.76635617 9.76635617 9.76635617
3233 9.76995535 9.76995535 9.76995535
3234 9.77355461 9.77355461 9.77355461
3235 9.77715395 9.77715395 9.77715395
3236 9.78075333 9.78075333 9.78075333
3237 9.78435277 9.78435277 9.78435277
3238 9.7879523 9.7879523 9.7879523
3239 9.79155188 9.79155188 9.79155188
3240 9.79515154 9.79515154 9.79515154
3241 9.79875124 9.79875124 9.79875124
3242 9.80235101 9.80235101 9.80235101
3243 9.80595086 9.80595086 9.80595086
3244 9.80955075 9.80955075 9.80955075
3245 9.8131507 9.8131507 9.8131507
3246 9.81675074 9.81675074 9.81675074
3247 9.82035082 9.82035082 9.82035082
3248 9.82395097 9.82395097 9.82395097
3249 9.82755119 9.82755119 9.82755119
3250 9.83115146 9.83115146 9.83115146
3251 9.83475181 9.83475181 9.83475181
3252 9.8383522 9.8383522 9.8383522
3253 9.84195265 9.84195265 9.84195265
3254 9.84555318 9.84555318 9.84555318
3255 9.84915376 9.84915376 9.84915376
3256 9.8527544 9.8527544 9.8527544
3257 9.8563551 9.8563551 9.8563551
3258 9.85995586 9.85995586 9.85995586
3259 9.86355668 9.86355668 9.86355668
3260 9.86715758 9.86715758 9.86715758
3261 9.87075851 9.87075851 9.87075851
3262 9.87435952 9.87435952 9.87435952
3263 9.87796058 9.87796058 9.87796058
3264 9.8815617 9.8815617 9.8815617
3265 9.88516288 9.88516288 9.88516288
3266 9.88876412 9.88876412 9.88876412
3267 9.89236541 9.89236541 9.89236541
3268 9.89596678 9.89596678 9.89596678
3269 9.89956819 9.89956819 9.89956819
3270 9.90316965 9.90316965 9.90316965
3271 9.9067712 9.9067712 9.9067712
3272 9.91037279 9.91037279 9.91037279
3273 9.91397443 9.91397443 9.91397443
3274 9.91757614 9.91757614 9.91757614
3275 9.92117789 9.92117789 9.92117789
3276 9.92477972 9.92477972 9.92477972
3277 9.92838159 9.92838159 9.92838159
3278 9.93198351 9.93198351 9.93198351
3279 9.93558552 9.93558552 9.93558552
3280 9.93918756 9.93918756 9.93918756
3281 9.94278964 9.94278964 9.94278964
3282 9.94639181 9.94639181 9.94639181
3283 9.94999402 9.94999402 9.94999402
3284 9.9535963 9.9535963 9.9535963
3285 9.95719861 9.95719861 9.95719861
3286 9.96080098 9.96080098 9.96080098
3287 9.96440343 9.96440343 9.96440343
3288 9.96800591 9.96800591 9.96800591
3289 9.97160844 9.97160844 9.97160844
3290 9.97521105 9.97521105 9.97521105
3291 9.9788137 9.9788137 9.9788137
3292 9.98241642 9.98241642 9.98241642
3293 9.98601916 9.98601916 9.98601916
3294 9.98956513 9.98956513 9.98956513
3295 9.99311111 9.99311111 9.99311111
3296 9.9966571 9.9966571 9.9966571
3297 10.00020311 10.00020311 10.00020311
3298 10.00374915 10.00374915 10.00374915
3299 10.00729521 10.00729521 10.00729521
3300 10.01084128 10.01084128 10.01084128
3301 10.01438734 10.01438734 10.01438734
3302 10.01793345 10.01793345 10.01793345
3303 10.02147957 10.02147957 10.02147957
3304 10.02502571 10.02502571 10.02502571
3305 10.02857185 10.02857185 10.02857185
3306 10.032118 10.032118 10.032118
3307 10.03566419 10.03566419 10.03566419
3308 10.03921039 10.03921039 10.03921039
3309 10.0427566 10.0427566 10.0427566
3310 10.04630283 10.04630283 10.04630283
3311 10.04984907 10.04984907 10.04984907
3312 10.05339532 10.05339532 10.05339532
3313 10.05694158 10.05694158 10.05694158
3314 10.06048787 10.06048787 10.06048787
3315 10.06403418 10.06403418 10.06403418
3316 10.06758049 10.06758049 10.06758049
3317 10.0711268 10.0711268 10.0711268
3318 10.07467314 10.07467314 10.07467314
3319 10.0782195 10.0782195 10.0782195
3320 10.08176587 10.08176587 10.08176587
3321 10.08531225 10.08531225 10.08531225
3322 10.08885865 10.08885865 10.08885865
3323 10.09240504 10.09240504 10.09240504
3324 10.09595146 10.09595146 10.09595146
3325 10.09949789 10.09949789 10.09949789
3326 10.10304433 10.10304433 10.10304433
3327 10.10659079 10.10659079 10.10659079
3328 10.11013725 10.11013725 10.11013725
3329 10.11368372 10.11368372 10.11368372
3330 10.11723021 10.11723021 10.11723021
3331 10.12077672 10.12077672 10.12077672
3332 10.12432323 10.12432323 10.12432323
3333 10.12786973 10.12786973 10.12786973
3334 10.13141627 10.13141627 10.13141627
3335 10.13496282 10.13496282 10.13496282
3336 10.13850937 10.13850937 10.13850937
3337 10.14205593 10.14205593 10.14205593
3338 10.14560251 10.14560251 10.14560251
3339 10.14914908 10.14914908 10.14914908
3340 10.15269568 10.15269568 10.15269568
3341 10.15624227 10.15624227 10.15624227
3342 10.15978889 10.15978889 10.15978889
3343 10.16333551 10.16333551 10.16333551
3344 10.16688213 10.16688213 10.16688213
3345 10.17042876 10.17042876 10.17042876
3346 10.17397541 10.17397541 10.17397541
3347 10.17752207 10.17752207 10.17752207
3348 10.18106874 10.18106874 10.18106874
3349 10.1846154 10.1846154 10.1846154
3350 10.18816207 10.18816207 10.18816207
3351 10.19170876 10.19170876 10.19170876
3352 10.19525545 10.19525545 10.19525545
3353 10.19880215 10.19880215 10.19880215
3354 10.20234886 10.20234886 10.20234886
3355 10.20589556 10.20589556 10.20589556
3356 10.20944229 10.20944229 10.20944229
3357 10.21298901 10.21298901 10.21298901
3358 10.21653574 10.21653574 10.21653574
3359 10.22008249 10.22008249 10.22008249
3360 10.22362922 10.22362922 10.22362922
3361 10.22717596 10.22717596 10.22717596
3362 10.23072273 10.23072273 10.23072273
3363 10.23426949 10.23426949 10.23426949
3364 10.23781626 10.23781626 10.23781626
3365 10.24136303 10.24136303 10.24136303
3366 10.24490979 10.24490979 10.24490979
3367 10.24845658 10.24845658 10.24845658
3368 10.25200337 10.25200337 10.25200337
3369 10.25555015 10.25555015 10.25555015
3370 10.25909695 10.25909695 10.25909695
3371 10.26264374 10.26264374 10.26264374
3372 10.26619055 10.26619055 10.26619055
3373 10.26973734 10.26973734 10.26973734
3374 10.27328416 10.27328416 10.27328416
3375 10.27683098 10.27683098 10.27683098
3376 10.2803778 10.2803778 10.2803778
3377 10.28392459 10.28392459 10.28392459
3378 10.28747141 10.28747141 10.28747141
3379 10.29101824 10.29101824 10.29101824
3380 10.29456507 10.29456507 10.29456507
3381 10.29811189 10.29811189 10.29811189
3382 10.30165871 10.30165871 10.30165871
3383 10.30520555 10.30520555 10.30520555
3384 10.30875238 10.30875238 10.30875238
3385 10.31229921 10.31229921 10.31229921
3386 10.31584605 10.31584605 10.31584605
3387 10.31939288 10.31939288 10.31939288
3388 10.32293972 10.32293972 10.32293972
3389 10.32648655 10.32648655 10.32648655
3390 10.33003339 10.33003339 10.33003339
3391 10.33358024 10.33358024 10.33358024
3392 10.33712708 10.33712708 10.33712708
3393 10.3406739 10.3406739 10.3406739
3394 10.34422074 10.34422074 10.34422074
3395 10.34776758 10.34776758 10.34776758
3396 10.35131443 10.35131443 10.35131443
3397 10.35486126 10.35486126 10.35486126
3398 10.35840808 10.35840808 10.35840808
3399 10.36195492 10.36195492 10.36195492
3400 10.36550176 10.36550176 10.36550176
3401 10.36904859 10.36904859 10.36904859
3402 10.37259542 10.37259542 10.37259542
3403 10.37614226 10.37614226 10.37614226
3404 10.37968907 10.37968907 10.37968907
3405 10.38323589 10.38323589 10.38323589
3406 10.38678272 10.38678272 10.38678272
3407 10.39032954 10.39032954 10.39032954
3408 10.39387636 10.39387636 10.39387636
3409 10.39742315 10.39742315 10.39742315
3410 10.40096997 10.40096997 10.40096997
3411 10.40451678 10.40451678 10.40451678
3412 10.40806359 10.40806359 10.40806359
3413 10.41161039 10.41161039 10.41161039
3414 10.41515718 10.41515718 10.41515718
3415 10.41870397 10.41870397 10.41870397
3416 10.42225077 10.42225077 10.42225077
3417 10.42579755 10.42579755 10.42579755
3418 10.42934433 10.42934433 10.42934433
3419 10.43289112 10.43289112 10.43289112
3420 10.43643787 10.43643787 10.43643787
3421 10.43998464 10.43998464 10.43998464
3422 10.4435314 10.4435314 10.4435314
3423 10.44707816 10.44707816 10.44707816
3424 10.45062492 10.45062492 10.45062492
3425 10.45417164 10.45417164 10.45417164
3426 10.45771838 10.45771838 10.45771838
3427 10.46126512 10.46126512 10.46126512
3428 10.46481186 10.46481186 10.46481186
3429 10.46835857 10.46835857 10.46835857
3430 10.47190529 10.47190529 10.47190529
3431 10.47545198 10.47545198 10.47545198
3432 10.47899869 10.47899869 10.47899869
3433 10.48254538 10.48254538 10.48254538
3434 10.48609207 10.48609207 10.48609207
3435 10.48963875 10.48963875 10.48963875
3436 10.49318541 10.49318541 10.49318541
3437 10.49673207 10.49673207 10.49673207
3438 10.50027873 10.50027873 10.50027873
3439 10.50382538 10.50382538 10.50382538
3440 10.50737203 10.50737203 10.50737203
3441 10.51091863 10.51091863 10.51091863
3442 10.51446526 10.51446526 10.51446526
3443 10.51801188 10.51801188 10.51801188
3444 10.52155849 10.52155849 10.52155849
3445 10.52510508 10.52510508 10.52510508
3446 10.52865167 10.52865167 10.52865167
3447 10.53219823 10.53219823 10.53219823
3448 10.53574481 10.53574481 10.53574481
3449 10.53929136 10.53929136 10.53929136
3450 10.54283791 10.54283791 10.54283791
3451 10.54638445 10.54638445 10.54638445
3452 10.54993096 10.54993096 10.54993096
3453 10.55347747 10.55347747 10.55347747
3454 10.55702398 10.55702398 10.55702398
3455 10.56057048 10.56057048 10.56057048
3456 10.56411697 10.56411697 10.56411697
3457 10.56766344 10.56766344 10.56766344
3458 10.57120989 10.57120989 10.57120989
3459 10.57475634 10.57475634 10.57475634
3460 10.57830278 10.57830278 10.57830278
3461 10.5818492 10.5818492 10.5818492
3462 10.58539562 10.58539562 10.58539562
3463 10.58894201 10.58894201 10.58894201
3464 10.5924884 10.5924884 10.5924884
3465 10.59603477 10.59603477 10.59603477
3466 10.59958114 10.59958114 10.59958114
3467 10.6031275 10.6031275 10.6031275
3468 10.60667382 10.60667382 10.60667382
3469 10.61022014 10.61022014 10.61022014
3470 10.61376646 10.61376646 10.61376646
3471 10.61731276 10.61731276 10.61731276
3472 10.62085905 10.62085905 10.62085905
3473 10.62440531 10.62440531 10.62440531
3474 10.62795155 10.62795155 10.62795155
3475 10.6314978 10.6314978 10.6314978
3476 10.63504403 10.63504403 10.63504403
3477 10.63859024 10.63859024 10.63859024
3478 10.64213644 10.64213644 10.64213644
3479 10.64568261 10.64568261 10.64568261
3480 10.64922878 10.64922878 10.64922878
3481 10.65277492 10.65277492 10.65277492
3482 10.65632107 10.65632107 10.65632107
3483 10.65986719 10.65986719 10.65986719
3484 10.6634133 10.6634133 10.6634133
3485 10.66695937 10.66695937 10.66695937
3486 10.67050544 10.67050544 10.67050544
3487 10.6740515 10.6740515 10.6740515
3488 10.67759755 10.67759755 10.67759755
3489 10.68114357 10.68114357 10.68114357
3490 10.68468956 10.68468956 10.68468956
3491 10.68823555 10.68823555 10.68823555
3492 10.69178153 10.69178153 10.69178153
3493 10.69532748 10.69532748 10.69532748
3494 10.69887342 10.69887342 10.69887342
3495 10.70241933 10.70241933 10.70241933
3496 10.70596523 10.70596523 10.70596523
3497 10.70951111 10.70951111 10.70951111
3498 10.71305698 10.71305698 10.71305698
3499 10.71660283 10.71660283 10.71660283
3500 10.72014866 10.72014866 10.72014866
3501 10.72369445 10.72369445 10.72369445
3502 10.72724025 10.72724025 10.72724025
3503 10.73078602 10.73078602 10.73078602
3504 10.73433178 10.73433178 10.73433178
3505 10.73787751 10.73787751 10.73787751
3506 10.74142321 10.74142321 10.74142321
3507 10.7449689 10.7449689 10.7449689
3508 10.74851458 10.74851458 10.74851458
3509 10.75206023 10.75206023 10.75206023
3510 10.75560587 10.75560587 10.75560587
3511 10.75915149 10.75915149 10.75915149
3512 10.76269707 10.76269707 10.76269707
3513 10.76624263 10.76624263 10.76624263
3514 10.76978819 10.76978819 10.76978819
3515 10.77333372 10.77333372 10.77333372
3516 10.77687924 10.77687924 10.77687924
3517 10.7804247 10.7804247 10.7804247
3518 10.78397017 10.78397017 10.78397017
3519 10.78751562 10.78751562 10.78751562
3520 10.79106105 10.79106105 10.79106105
3521 10.79460644 10.79460644 10.79460644
3522 10.7981518 10.7981518 10.7981518
3523 10.80169717 10.80169717 10.80169717
3524 10.8052425 10.8052425 10.8052425
3525 10.80878781 10.80878781 10.80878781
3526 10.8123331 10.8123331 10.8123331
3527 10.81587837 10.81587837 10.81587837
3528 10.8194236 10.8194236 10.8194236
3529 10.82296881 10.82296881 10.82296881
3530 10.82651401 10.82651401 10.82651401
3531 10.83005918 10.83005918 10.83005918
3532 10.83360433 10.83360433 10.83360433
3533 10.83714943 10.83714943 10.83714943
3534 10.84069453 10.84069453 10.84069453
3535 10.84423961 10.84423961 10.84423961
3536 10.84778467 10.84778467 10.84778467
3537 10.85132968 10.85132968 10.85132968
3538 10.85487469 10.85487469 10.85487469
3539 10.85841965 10.85841965 10.85841965
3540 10.8619646 10.8619646 10.8619646
3541 10.86550952 10.86550952 10.86550952
3542 10.86905442 10.86905442 10.86905442
3543 10.8725993 10.8725993 10.8725993
3544 10.87614413 10.87614413 10.87614413
3545 10.87968895 10.87968895 10.87968895
3546 10.88323375 10.88323375 10.88323375
3547 10.88677852 10.88677852 10.88677852
3548 10.89032327 10.89032327 10.89032327
3549 10.89386796 10.89386796 10.89386796
3550 10.89741265 10.89741265 10.89741265
3551 10.90095732 10.90095732 10.90095732
3552 10.90450195 10.90450195 10.90450195
3553 10.90804655 10.90804655 10.90804655
3554 10.91159114 10.91159114 10.91159114
3555 10.91513568 10.91513568 10.91513568
3556 10.9186802 10.9186802 10.9186802
3557 10.92222469 10.92222469 10.92222469
3558 10.92576916 10.92576916 10.92576916
3559 10.92931361 10.92931361 10.92931361
3560 10.932858 10.932858 10.932858
3561 10.93640238 10.93640238 10.93640238
3562 10.93994674 10.93994674 10.93994674
3563 10.94349107 10.94349107 10.94349107
3564 10.94703536 10.94703536 10.94703536
3565 10.95057962 10.95057962 10.95057962
3566 10.95412385 10.95412385 10.95412385
3567 10.95766806 10.95766806 10.95766806
3568 10.96121224 10.96121224 10.96121224
3569 10.96475638 10.96475638 10.96475638
3570 10.9683005 10.9683005 10.9683005
3571 10.97184457 10.97184457 10.97184457
3572 10.97538863 10.97538863 10.97538863
3573 10.97893265 10.97893265 10.97893265
3574 10.98247665 10.98247665 10.98247665
3575 10.98602062 10.98602062 10.98602062
3576 10.98956453 10.98956453 10.98956453
3577 10.99310843 10.99310843 10.99310843
3578 10.9966523 10.9966523 10.9966523
3579 11.00019614 11.00019614 11.00019614
3580 11.00373995 11.00373995 11.00373995
3581 11.00728372 11.00728372 11.00728372
3582 11.01082745 11.01082745 11.01082745
3583 11.01437116 11.01437116 11.01437116
3584 11.01791485 11.01791485 11.01791485
3585 11.02145848 11.02145848 11.02145848
3586 11.0250021 11.0250021 11.0250021
3587 11.02854566 11.02854566 11.02854566
3588 11.03208922 11.03208922 11.03208922
3589 11.03563272 11.03563272 11.03563272
3590 11.0391762 11.0391762 11.0391762
3591 11.04271966 11.04271966 11.04271966
3592 11.04626307 11.04626307 11.04626307
3593 11.04980642 11.04980642 11.04980642
3594 11.05334977 11.05334977 11.05334977
3595 11.05689309 11.05689309 11.05689309
3596 11.06043637 11.06043637 11.06043637
3597 11.0639796 11.0639796 11.0639796
3598 11.06752279 11.06752279 11.06752279
3599 11.07106597 11.07106597 11.07106597
3600 11.07460911 11.07460911 11.07460911
3601 11.07815221 11.07815221 11.07815221
3602 11.08169528 11.08169528 11.08169528
3603 11.08523829 11.08523829 11.08523829
3604 11.08878129 11.08878129 11.08878129
3605 11.09232425 11.09232425 11.09232425
3606 11.09586717 11.09586717 11.09586717
3607 11.09941007 11.09941007 11.09941007
3608 11.10295292 11.10295292 11.10295292
3609 11.10649571 11.10649571 11.10649571
3610 11.11003849 11.11003849 11.11003849
3611 11.11358124 11.11358124 11.11358124
3612 11.11712395 11.11712395 11.11712395
3613 11.12066661 11.12066661 11.12066661
3614 11.12420922 11.12420922 11.12420922
3615 11.12775182 11.12775182 11.12775182
3616 11.13129438 11.13129438 11.13129438
3617 11.13483689 11.13483689 11.13483689
3618 11.13837938 11.13837938 11.13837938
3619 11.14192182 11.14192182 11.14192182
3620 11.14546421 11.14546421 11.14546421
3621 11.14900657 11.14900657 11.14900657
3622 11.1525489 11.1525489 11.1525489
3623 11.15609119 11.15609119 11.15609119
3624 11.15963345 11.15963345 11.15963345
3625 11.16317563 11.16317563 11.16317563
3626 11.1667178 11.1667178 11.1667178
3627 11.17025994 11.17025994 11.17025994
3628 11.17380204 11.17380204 11.17380204
3629 11.17734408 11.17734408 11.17734408
3630 11.18088608 11.18088608 11.18088608
3631 11.18442806 11.18442806 11.18442806
3632 11.18797 11.18797 11.18797
3633 11.19151188 11.19151188 11.19151188
3634 11.19505374 11.19505374 11.19505374
3635 11.19859555 11.19859555 11.19859555
3636 11.20213731 11.20213731 11.20213731
3637 11.20567903 11.20567903 11.20567903
3638 11.20922073 11.20922073 11.20922073
3639 11.21276238 11.21276238 11.21276238
3640 11.21630399 11.21630399 11.21630399
3641 11.21984553 11.21984553 11.21984553
3642 11.22338706 11.22338706 11.22338706
3643 11.22692854 11.22692854 11.22692854
3644 11.23195076 11.23195076 11.23195076
3645 11.23697339 11.23697339 11.23697339
3646 11.24199643 11.24199643 11.24199643
3647 11.24701986 11.24701986 11.24701986
3648 11.25204371 11.25204371 11.25204371
3649 11.25706797 11.25706797 11.25706797
3650 11.26209265 11.26209265 11.26209265
3651 11.26711772 11.26711772 11.26711772
3652 11.27214318 11.27214318 11.27214318
3653 11.27716906 11.27716906 11.27716906
3654 11.28219535 11.28219535 11.28219535
3655 11.28722204 11.28722204 11.28722204
3656 11.29224914 11.29224914 11.29224914
3657 11.29727662 11.29727662 11.29727662
3658 11.30222295 11.30222295 11.30222295
3659 11.30716963 11.30716963 11.30716963
3660 11.31211665 11.31211665 11.31211665
3661 11.31706401 11.31706401 11.31706401
3662 11.32201174 11.32201174 11.32201174
3663 11.32695983 11.32695983 11.32695983
3664 11.33190823 11.33190823 11.33190823
3665 11.336857 11.336857 11.336857
3666 11.34180612 11.34180612 11.34180612
3667 11.34675559 11.34675559 11.34675559
3668 11.35170538 11.35170538 11.35170538
3669 11.35665554 11.35665554 11.35665554
3670 11.36160604 11.36160604 11.36160604
3671 11.36655688 11.36655688 11.36655688
3672 11.37150807 11.37150807 11.37150807
3673 11.37645961 11.37645961 11.37645961
3674 11.3814115 11.3814115 11.3814115
3675 11.38636372 11.38636372 11.38636372
3676 11.39131629 11.39131629 11.39131629
3677 11.39626921 11.39626921 11.39626921
3678 11.40122245 11.40122245 11.40122245
3679 11.40617605 11.40617605 11.40617605
3680 11.41112999 11.41112999 11.41112999
3681 11.41608428 11.41608428 11.41608428
3682 11.42103889 11.42103889 11.42103889
3683 11.42599385 11.42599385 11.42599385
3684 11.43094916 11.43094916 11.43094916
3685 11.43590479 11.43590479 11.43590479
3686 11.44086078 11.44086078 11.44086078
3687 11.44581712 11.44581712 11.44581712
3688 11.45077378 11.45077378 11.45077378
3689 11.45573077 11.45573077 11.45573077
3690 11.46068811 11.46068811 11.46068811
3691 11.46564579 11.46564579 11.46564579
3692 11.47060379 11.47060379 11.47060379
3693 11.47556214 11.47556214 11.47556214
3694 11.48052084 11.48052084 11.48052084
3695 11.48547986 11.48547986 11.48547986
3696 11.49043921 11.49043921 11.49043921
3697 11.49539891 11.49539891 11.49539891
3698 11.50035894 11.50035894 11.50035894
3699 11.50531929 11.50531929 11.50531929
3700 11.51028001 11.51028001 11.51028001
3701 11.51524104 11.51524104 11.51524104
3702 11.52020241 11.52020241 11.52020241
3703 11.5251641 11.5251641 11.5251641
3704 11.53012613 11.53012613 11.53012613
3705 11.5350885 11.5350885 11.5350885
3706 11.54005118 11.54005118 11.54005118
3707 11.54501422 11.54501422 11.54501422
3708 11.54997758 11.54997758 11.54997758
3709 11.55494128 11.55494128 11.55494128
3710 11.55990528 11.55990528 11.55990528
3711 11.56486964 11.56486964 11.56486964
3712 11.56983433 11.56983433 11.56983433
3713 11.57479933 11.57479933 11.57479933
3714 11.57976467 11.57976467 11.57976467
3715 11.58473034 11.58473034 11.58473034
3716 11.58969634 11.58969634 11.58969634
3717 11.59466265 11.59466265 11.59466265
3718 11.5996293 11.5996293 11.5996293
3719 11.60459628 11.60459628 11.60459628
3720 11.60956357 11.60956357 11.60956357
3721 11.6145312 11.6145312 11.6145312
3722 11.61949916 11.61949916 11.61949916
3723 11.62446745 11.62446745 11.62446745
3724 11.62943604 11.62943604 11.62943604
3725 11.63440498 11.63440498 11.63440498
3726 11.63937424 11.63937424 11.63937424
3727 11.64434381 11.64434381 11.64434381
3728 11.64931371 11.64931371 11.64931371
3729 11.65428394 11.65428394 11.65428394
3730 11.65925449 11.65925449 11.65925449
3731 11.66422535 11.66422535 11.66422535
3732 11.66919655 11.66919655 11.66919655
3733 11.67416806 11.67416806 11.67416806
3734 11.67913988 11.67913988 11.67913988
3735 11.68411204 11.68411204 11.68411204
3736 11.68908452 11.68908452 11.68908452
3737 11.69405734 11.69405734 11.69405734
3738 11.69903044 11.69903044 11.69903044
3739 11.70400388 11.70400388 11.70400388
3740 11.70897763 11.70897763 11.70897763
3741 11.71395169 11.71395169 11.71395169
3742 11.71892609 11.71892609 11.71892609
3743 11.7239008 11.7239008 11.7239008
3744 11.72887583 11.72887583 11.72887583
3745 11.73385116 11.73385116 11.73385116
3746 11.73882682 11.73882682 11.73882682
3747 11.7438028 11.7438028 11.7438028
3748 11.74877907 11.74877907 11.74877907
3749 11.75375569 11.75375569 11.75375569
3750 11.75873262 11.75873262 11.75873262
3751 11.76370986 11.76370986 11.76370986
3752 11.7686874 11.7686874 11.7686874
3753 11.77366527 11.77366527 11.77366527
3754 11.77864345 11.77864345 11.77864345
3755 11.78362193 11.78362193 11.78362193
3756 11.78860074 11.78860074 11.78860074
3757 11.79357986 11.79357986 11.79357986
3758 11.79855929 11.79855929 11.79855929
3759 11.80353902 11.80353902 11.80353902
3760 11.80851907 11.80851907 11.80851907
3761 11.81349944 11.81349944 11.81349944
3762 11.81848011 11.81848011 11.81848011
3763 11.8234611 11.8234611 11.8234611
3764 11.8284424 11.8284424 11.8284424
3765 11.833424 11.833424 11.833424
3766 11.8384059 11.8384059 11.8384059
3767 11.84338812 11.84338812 11.84338812
3768 11.84837066 11.84837066 11.84837066
3769 11.85335348 11.85335348 11.85335348
3770 11.85833663 11.85833663 11.85833663
3771 11.86332008 11.86332008 11.86332008
3772 11.86830384 11.86830384 11.86830384
3773 11.87328789 11.87328789 11.87328789
3774 11.87827227 11.87827227 11.87827227
3775 11.88325696 11.88325696 11.88325696
3776 11.88824192 11.88824192 11.88824192
3777 11.89322722 11.89322722 11.89322722
3778 11.89821281 11.89821281 11.89821281
3779 11.90319871 11.90319871 11.90319871
3780 11.90818489 11.90818489 11.90818489
3781 11.9131714 11.9131714 11.9131714
3782 11.91815821 11.91815821 11.91815821
3783 11.9231453 11.9231453 11.9231453
3784 11.92813271 11.92813271 11.92813271
3785 11.93312043 11.93312043 11.93312043
3786 11.93810843 11.93810843 11.93810843
3787 11.94309676 11.94309676 11.94309676
3788 11.94808538 11.94808538 11.94808538
3789 11.9530743 11.9530743 11.9530743
3790 11.9580635 11.9580635 11.9580635
3791 11.96305302 11.96305302 11.96305302
3792 11.96804283 11.96804283 11.96804283
3793 11.97303293 11.97303293 11.97303293
3794 11.97802335 11.97802335 11.97802335
3795 11.98301406 11.98301406 11.98301406
3796 11.98800507 11.98800507 11.98800507
3797 11.99299636 11.99299636 11.99299636
3798 11.99798797 11.99798797 11.99798797
3799 12.00297987 12.00297987 12.00297987
3800 12.00797206 12.00797206 12.00797206
3801 12.01296456 12.01296456 12.01296456
3802 12.01795735 12.01795735 12.01795735
3803 12.02295044 12.02295044 12.02295044
3804 12.0279438 12.0279438 12.0279438
3805 12.03293747 12.03293747 12.03293747
3806 12.03793144 12.03793144 12.03793144
3807 12.04292568 12.04292568 12.04292568
3808 12.04792024 12.04792024 12.04792024
3809 12.05291509 12.05291509 12.05291509
3810 12.05791023 12.05791023 12.05791023
3811 12.06290565 12.06290565 12.06290565
3812 12.06790138 12.06790138 12.06790138
3813 12.0728974 12.0728974 12.0728974
3814 12.07789369 12.07789369 12.07789369
3815 12.08289029 12.08289029 12.08289029
3816 12.08788718 12.08788718 12.08788718
3817 12.09288436 12.09288436 12.09288436
3818 12.09788181 12.09788181 12.09788181
3819 12.10287956 12.10287956 12.10287956
3820 12.10787761 12.10787761 12.10787761
3821 12.11287593 12.11287593 12.11287593
3822 12.11787455 12.11787455 12.11787455
3823 12.12287346 12.12287346 12.12287346
3824 12.12787267 12.12787267 12.12787267
3825 12.13287214 12.13287214 12.13287214
3826 12.13787191 12.13787191 12.13787191
3827 12.14287197 12.14287197 12.14287197
3828 12.14787229 12.14787229 12.14787229
3829 12.15287292 12.15287292 12.15287292
3830 12.15787384 12.15787384 12.15787384
3831 12.16287504 12.16287504 12.16287504
3832 12.1678765 12.1678765 12.1678765
3833 12.17287827 12.17287827 12.17287827
3834 12.17788033 12.17788033 12.17788033
3835 12.18288264 12.18288264 12.18288264
3836 12.18788526 12.18788526 12.18788526
3837 12.19288817 12.19288817 12.19288817
3838 12.19789136 12.19789136 12.19789136
3839 12.2028948 12.2028948 12.2028948
3840 12.20789855 12.20789855 12.20789855
3841 12.21290258 12.21290258 12.21290258
3842 12.21790687 12.21790687 12.21790687
3843 12.22291146 12.22291146 12.22291146
3844 12.22791633 12.22791633 12.22791633
3845 12.23292147 12.23292147 12.23292147
3846 12.23792688 12.23792688 12.23792688
3847 12.24293259 12.24293259 12.24293259
3848 12.24793858 12.24793858 12.24793858
3849 12.25294483 12.25294483 12.25294483
3850 12.25795137 12.25795137 12.25795137
3851 12.26295819 12.26295819 12.26295819
3852 12.26796529 12.26796529 12.26796529
3853 12.27297264 12.27297264 12.27297264
3854 12.27798029 12.27798029 12.27798029
3855 12.28298822 12.28298822 12.28298822
3856 12.2879964 12.2879964 12.2879964
3857 12.29300488 12.29300488 12.29300488
3858 12.29801363 12.29801363 12.29801363
3859 12.30302266 12.30302266 12.30302266
3860 12.30803194 12.30803194 12.30803194
3861 12.31304151 12.31304151 12.31304151
3862 12.31805137 12.31805137 12.31805137
3863 12.32306147 12.32306147 12.32306147
3864 12.32807187 12.32807187 12.32807187
3865 12.33308253 12.33308253 12.33308253
3866 12.33809347 12.33809347 12.33809347
3867 12.34310466 12.34310466 12.34310466
3868 12.34811614 12.34811614 12.34811614
3869 12.3531279 12.3531279 12.3531279
3870 12.3581399 12.3581399 12.3581399
3871 12.36315219 12.36315219 12.36315219
3872 12.36816475 12.36816475 12.36816475
3873 12.37317759 12.37317759 12.37317759
3874 12.37819068 12.37819068 12.37819068
3875 12.38320405 12.38320405 12.38320405
3876 12.38821769 12.38821769 12.38821769
3877 12.39323158 12.39323158 12.39323158
3878 12.39824575 12.39824575 12.39824575
3879 12.40326019 12.40326019 12.40326019
3880 12.4082749 12.4082749 12.4082749
3881 12.41328986 12.41328986 12.41328986
3882 12.4183051 12.4183051 12.4183051
3883 12.42332061 12.42332061 12.42332061
3884 12.42833636 12.42833636 12.42833636
3885 12.4333524 12.4333524 12.4333524
3886 12.43836871 12.43836871 12.43836871
3887 12.44338529 12.44338529 12.44338529
3888 12.4484021 12.4484021 12.4484021
3889 12.45341919 12.45341919 12.45341919
3890 12.45843655 12.45843655 12.45843655
3891 12.46345416 12.46345416 12.46345416
3892 12.46847204 12.46847204 12.46847204
3893 12.47349019 12.47349019 12.47349019
3894 12.4785086 12.4785086 12.4785086
3895 12.48352725 12.48352725 12.48352725
3896 12.48854618 12.48854618 12.48854618
3897 12.49356537 12.49356537 12.49356537
3898 12.49858481 12.49858481 12.49858481
3899 12.50360453 12.50360453 12.50360453
3900 12.50862451 12.50862451 12.50862451
3901 12.51364474 12.51364474 12.51364474
3902 12.51866521 12.51866521 12.51866521
3903 12.52368596 12.52368596 12.52368596
3904 12.52870697 12.52870697 12.52870697
3905 12.53372822 12.53372822 12.53372822
3906 12.53874975 12.53874975 12.53874975
3907 12.54377153 12.54377153 12.54377153
3908 12.54879357 12.54879357 12.54879357
3909 12.55381585 12.55381585 12.55381585
3910 12.5588384 12.5588384 12.5588384
3911 12.56386121 12.56386121 12.56386121
3912 12.56888426 12.56888426 12.56888426
3913 12.57390758 12.57390758 12.57390758
3914 12.57893116 12.57893116 12.57893116
3915 12.58395498 12.58395498 12.58395498
3916 12.58897905 12.58897905 12.58897905
3917 12.59400338 12.59400338 12.59400338
3918 12.59902797 12.59902797 12.59902797
3919 12.6040528 12.6040528 12.6040528
3920 12.60907789 12.60907789 12.60907789
3921 12.61410324 12.61410324 12.61410324
3922 12.61912884 12.61912884 12.61912884
3923 12.62415467 12.62415467 12.62415467
3924 12.62918079 12.62918079 12.62918079
3925 12.63420714 12.63420714 12.63420714
3926 12.63923372 12.63923372 12.63923372
3927 12.64426058 12.64426058 12.64426058
3928 12.64928768 12.64928768 12.64928768
3929 12.65431504 12.65431504 12.65431504
3930 12.65934262 12.65934262 12.65934262
3931 12.66437047 12.66437047 12.66437047
3932 12.66939858 12.66939858 12.66939858
3933 12.6744269 12.6744269 12.6744269
3934 12.6794555 12.6794555 12.6794555
3935 12.68448435 12.68448435 12.68448435
3936 12.68951345 12.68951345 12.68951345
3937 12.69454277 12.69454277 12.69454277
3938 12.69957235 12.69957235 12.69957235
3939 12.70460218 12.70460218 12.70460218
3940 12.70963224 12.70963224 12.70963224
3941 12.71466256 12.71466256 12.71466256
3942 12.71969313 12.71969313 12.71969313
3943 12.72472392 12.72472392 12.72472392
3944 12.72975497 12.72975497 12.72975497
3945 12.73478627 12.73478627 12.73478627
3946 12.73981781 12.73981781 12.73981781
3947 12.74484958 12.74484958 12.74484958
3948 12.74988161 12.74988161 12.74988161
3949 12.75491389 12.75491389 12.75491389
3950 12.75994639 12.75994639 12.75994639
3951 12.76497914 12.76497914 12.76497914
3952 12.77001214 12.77001214 12.77001214
3953 12.77504538 12.77504538 12.77504538
3954 12.78007883 12.78007883 12.78007883
3955 12.78511255 12.78511255 12.78511255
3956 12.79014651 12.79014651 12.79014651
3957 12.79518069 12.79518069 12.79518069
3958 12.80021513 12.80021513 12.80021513
3959 12.80524981 12.80524981 12.80524981
3960 12.81028473 12.81028473 12.81028473
3961 12.81531987 12.81531987 12.81531987
3962 12.82035526 12.82035526 12.82035526
3963 12.8253909 12.8253909 12.8253909
3964 12.83042674 12.83042674 12.83042674
3965 12.83546285 12.83546285 12.83546285
3966 12.84049919 12.84049919 12.84049919
3967 12.84553577 12.84553577 12.84553577
3968 12.85057256 12.85057256 12.85057256
3969 12.85560961 12.85560961 12.85560961
3970 12.86064689 12.86064689 12.86064689
3971 12.86568439 12.86568439 12.86568439
3972 12.87072214 12.87072214 12.87072214
3973 12.87576013 12.87576013 12.87576013
3974 12.88079837 12.88079837 12.88079837
3975 12.8858368 12.8858368 12.8858368
3976 12.89087549 12.89087549 12.89087549
3977 12.89591441 12.89591441 12.89591441
3978 12.90095354 12.90095354 12.90095354
3979 12.90599293 12.90599293 12.90599293
3980 12.91103255 12.91103255 12.91103255
3981 12.9160724 12.9160724 12.9160724
3982 12.92111245 12.92111245 12.92111245
3983 12.92615276 12.92615276 12.92615276
3984 12.93119331 12.93119331 12.93119331
3985 12.93623406 12.93623406 12.93623406
3986 12.94127507 12.94127507 12.94127507
3987 12.9463163 12.9463163 12.9463163
3988 12.95135776 12.95135776 12.95135776
3989 12.95639943 12.95639943 12.95639943
3990 12.96144134 12.96144134 12.96144134
3991 12.96648349 12.96648349 12.96648349
3992 12.97152584 12.97152584 12.97152584
3993 12.97656844 12.97656844 12.97656844
3994 12.98161126 12.98161126 12.98161126
3995 12.98665432 12.98665432 12.98665432
3996 12.99169757 12.99169757 12.99169757
3997 12.99674108 12.99674108 12.99674108
3998 13.00178481 13.00178481 13.00178481
3999 13.00682876 13.00682876 13.00682876
4000 13.01187294 13.01187294 13.01187294
4001 13.01691734 13.01691734 13.01691734
4002 13.02196197 13.02196197 13.02196197
4003 13.02700681 13.02700681 13.02700681
4004 13.03205188 13.03205188 13.03205188
4005 13.03709718 13.03709718 13.03709718
4006 13.04214269 13.04214269 13.04214269
4007 13.04718843 13.04718843 13.04718843
4008 13.0522344 13.0522344 13.0522344
4009 13.05728059 13.05728059 13.05728059
4010 13.06232698 13.06232698 13.06232698
4011 13.06737362 13.06737362 13.06737362
4012 13.07242048 13.07242048 13.07242048
4013 13.07746753 13.07746753 13.07746753
4014 13.08251482 13.08251482 13.08251482
4015 13.08756234 13.08756234 13.08756234
4016 13.09261007 13.09261007 13.09261007
4017 13.097658 13.097658 13.097658
4018 13.10270617 13.10270617 13.10270617
4019 13.10775456 13.10775456 13.10775456
4020 13.11280315 13.11280315 13.11280315
4021 13.11785197 13.11785197 13.11785197
4022 13.12290101 13.12290101 13.12290101
4023 13.12795027 13.12795027 13.12795027
4024 13.13299974 13.13299974 13.13299974
4025 13.13804943 13.13804943 13.13804943
4026 13.14309934 13.14309934 13.14309934
4027 13.14814945 13.14814945 13.14814945
4028 13.15319979 13.15319979 13.15319979
4029 13.15825034 13.15825034 13.15825034
4030 13.16330111 13.16330111 13.16330111
4031 13.16835208 13.16835208 13.16835208
4032 13.17340327 13.17340327 13.17340327
4033 13.17845469 13.17845469 13.17845469
4034 13.18350629 13.18350629 13.18350629
4035 13.18855813 13.18855813 13.18855813
4036 13.19361019 13.19361019 13.19361019
4037 13.19866246 13.19866246 13.19866246
4038 13.20371491 13.20371491 13.20371491
4039 13.2087676 13.2087676 13.2087676
4040 13.2138205 13.2138205 13.2138205
4041 13.21887358 13.21887358 13.21887358
4042 13.2239269 13.2239269 13.2239269
4043 13.22898043 13.22898043 13.22898043
4044 13.23403418 13.23403418 13.23403418
4045 13.2390881 13.2390881 13.2390881
4046 13.24414226 13.24414226 13.24414226
4047 13.24919663 13.24919663 13.24919663
4048 13.25425119 13.25425119 13.25425119
4049 13.25930599 13.25930599 13.25930599
4050 13.26436098 13.26436098 13.26436098
4051 13.26941618 13.26941618 13.26941618
4052 13.27447157 13.27447157 13.27447157
4053 13.27952718 13.27952718 13.27952718
4054 13.28458301 13.28458301 13.28458301
4055 13.28963901 13.28963901 13.28963901
4056 13.29469525 13.29469525 13.29469525
4057 13.29975169 13.29975169 13.29975169
4058 13.30480833 13.30480833 13.30480833
4059 13.30986516 13.30986516 13.30986516
4060 13.31492222 13.31492222 13.31492222
4061 13.31997949 13.31997949 13.31997949
4062 13.32503693 13.32503693 13.32503693
4063 13.3300946 13.3300946 13.3300946
4064 13.33515247 13.33515247 13.33515247
4065 13.34021055 13.34021055 13.34021055
4066 13.3452688 13.3452688 13.3452688
4067 13.35032728 13.35032728 13.35032728
4068 13.35538596 13.35538596 13.35538596
4069 13.36044482 13.36044482 13.36044482
4070 13.3655039 13.3655039 13.3655039
4071 13.37056319 13.37056319 13.37056319
4072 13.37562267 13.37562267 13.37562267
4073 13.38068235 13.38068235 13.38068235
4074 13.38574224 13.38574224 13.38574224
4075 13.39080232 13.39080232 13.39080232
4076 13.39586259 13.39586259 13.39586259
4077 13.40092307 13.40092307 13.40092307
4078 13.40598375 13.40598375 13.40598375
4079 13.41104463 13.41104463 13.41104463
4080 13.41610569 13.41610569 13.41610569
4081 13.42116697 13.42116697 13.42116697
4082 13.42622844 13.42622844 13.42622844
4083 13.43129009 13.43129009 13.43129009
4084 13.43635196 13.43635196 13.43635196
4085 13.44141402 13.44141402 13.44141402
4086 13.4464763 13.4464763 13.4464763
4087 13.45153873 13.45153873 13.45153873
4088 13.45660138 13.45660138 13.45660138
4089 13.46166423 13.46166423 13.46166423
4090 13.46672725 13.46672725 13.46672725
4091 13.47179048 13.47179048 13.47179048
4092 13.47685391 13.47685391 13.47685391
4093 13.48191752 13.48191752 13.48191752
4094 13.48698133 13.48698133 13.48698133
4095 13.49204534 13.49204534 13.49204534
4096 13.49710955 13.49710955 13.49710955
4097 13.50217392 13.50217392 13.50217392
4098 13.50723852 13.50723852 13.50723852
4099 13.5123033 13.5123033 13.5123033
4100 13.51736825 13.51736825 13.51736825
4101 13.52243341 13.52243341 13.52243341
4102 13.52749876 13.52749876 13.52749876
4103 13.53256431 13.53256431 13.53256431
4104 13.53763002 13.53763002 13.53763002
4105 13.54269594 13.54269594 13.54269594
4106 13.54776205 13.54776205 13.54776205
4107 13.55282833 13.55282833 13.55282833
4108 13.55789483 13.55789483 13.55789483
4109 13.5629615 13.5629615 13.5629615
4110 13.56802837 13.56802837 13.56802837
4111 13.57309542 13.57309542 13.57309542
4112 13.57816266 13.57816266 13.57816266
4113 13.58323009 13.58323009 13.58323009
4114 13.58829769 13.58829769 13.58829769
4115 13.59336549 13.59336549 13.59336549
4116 13.59843348 13.59843348 13.59843348
4117 13.60350166 13.60350166 13.60350166
4118 13.60857 13.60857 13.60857
4119 13.61363854 13.61363854 13.61363854
4120 13.61870727 13.61870727 13.61870727
4121 13.62377617 13.62377617 13.62377617
4122 13.62884527 13.62884527 13.62884527
4123 13.63391457 13.63391457 13.63391457
4124 13.63898404 13.63898404 13.63898404
4125 13.64405367 13.64405367 13.64405367
4126 13.6491235 13.6491235 13.6491235
4127 13.65419352 13.65419352 13.65419352
4128 13.6592637 13.6592637 13.6592637
4129 13.66433408 13.66433408 13.66433408
4130 13.66940464 13.66940464 13.66940464
4131 13.67447539 13.67447539 13.67447539
4132 13.67954629 13.67954629 13.67954629
4133 13.6846174 13.6846174 13.6846174
4134 13.68968868 13.68968868 13.68968868
4135 13.69476013 13.69476013 13.69476013
4136 13.69983179 13.69983179 13.69983179
4137 13.70490362 13.70490362 13.70490362
4138 13.70997562 13.70997562 13.70997562
4139 13.71504778 13.71504778 13.71504778
4140 13.72012015 13.72012015 13.72012015
4141 13.72519269 13.72519269 13.72519269
4142 13.73026538 13.73026538 13.73026538
4143 13.73533828 13.73533828 13.73533828
4144 13.74041136 13.74041136 13.74041136
4145 13.74548461 13.74548461 13.74548461
4146 13.75055801 13.75055801 13.75055801
4147 13.75563161 13.75563161 13.75563161
4148 13.76070541 13.76070541 13.76070541
4149 13.76577934 13.76577934 13.76577934
4150 13.77085347 13.77085347 13.77085347
4151 13.77592778 13.77592778 13.77592778
4152 13.78100226 13.78100226 13.78100226
4153 13.78607689 13.78607689 13.78607689
4154 13.79115172 13.79115172 13.79115172
4155 13.79622672 13.79622672 13.79622672
4156 13.80130187 13.80130187 13.80130187
4157 13.80637722 13.80637722 13.80637722
4158 13.81145274 13.81145274 13.81145274
4159 13.81652844 13.81652844 13.81652844
4160 13.82160428 13.82160428 13.82160428
4161 13.82668033 13.82668033 13.82668033
4162 13.83175654 13.83175654 13.83175654
4163 13.8368329 13.8368329 13.8368329
4164 13.84190945 13.84190945 13.84190945
4165 13.84698617 13.84698617 13.84698617
4166 13.85206306 13.85206306 13.85206306
4167 13.8571401 13.8571401 13.8571401
4168 13.86221733 13.86221733 13.86221733
4169 13.86729473 13.86729473 13.86729473
4170 13.87237228 13.87237228 13.87237228
4171 13.87745002 13.87745002 13.87745002
4172 13.88252793 13.88252793 13.88252793
4173 13.88760601 13.88760601 13.88760601
4174 13.89268423 13.89268423 13.89268423
4175 13.89776264 13.89776264 13.89776264
4176 13.90284122 13.90284122 13.90284122
4177 13.90791994 13.90791994 13.90791994
4178 13.91299885 13.91299885 13.91299885
4179 13.91807792 13.91807792 13.91807792
4180 13.92315717 13.92315717 13.92315717
4181 13.92823655 13.92823655 13.92823655
4182 13.93331612 13.93331612 13.93331612
4183 13.93839586 13.93839586 13.93839586
4184 13.94347574 13.94347574 13.94347574
4185 13.94855582 13.94855582 13.94855582
4186 13.95363605 13.95363605 13.95363605
4187 13.95871644 13.95871644 13.95871644
4188 13.96379697 13.96379697 13.96379697
4189 13.96887769 13.96887769 13.96887769
4190 13.97395857 13.97395857 13.97395857
4191 13.9790396 13.9790396 13.9790396
4192 13.9841208 13.9841208 13.9841208
4193 13.98920217 13.98920217 13.98920217
4194 13.9942837 13.9942837 13.9942837
4195 13.99936537 13.99936537 13.99936537
4196 14.00444722 14.00444722 14.00444722
4197 14.00952923 14.00952923 14.00952923
4198 14.01461139 14.01461139 14.01461139
4199 14.01969372 14.01969372 14.01969372
4200 14.02477621 14.02477621 14.02477621
4201 14.02985886 14.02985886 14.02985886
4202 14.03494165 14.03494165 14.03494165
4203 14.04002462 14.04002462 14.04002462
4204 14.04510774 14.04510774 14.04510774
4205 14.050191 14.050191 14.050191
4206 14.05527444 14.05527444 14.05527444
4207 14.06035804 14.06035804 14.06035804
4208 14.0654418 14.0654418 14.0654418
4209 14.07052569 14.07052569 14.07052569
4210 14.07560977 14.07560977 14.07560977
4211 14.08069399 14.08069399 14.08069399
4212 14.08577835 14.08577835 14.08577835
4213 14.09086289 14.09086289 14.09086289
4214 14.09594758 14.09594758 14.09594758
4215 14.10103242 14.10103242 14.10103242
4216 14.1061174 14.1061174 14.1061174
4217 14.11120255 14.11120255 14.11120255
4218 14.11628786 14.11628786 14.11628786
4219 14.1213733 14.1213733 14.1213733
4220 14.12645892 14.12645892 14.12645892
4221 14.13154468 14.13154468 14.13154468
4222 14.1366306 14.1366306 14.1366306
4223 14.14171667 14.14171667 14.14171667
4224 14.14680289 14.14680289 14.14680289
4225 14.15188927 14.15188927 14.15188927
4226 14.15697577 14.15697577 14.15697577
4227 14.16206245 14.16206245 14.16206245
4228 14.16714928 14.16714928 14.16714928
4229 14.17223626 14.17223626 14.17223626
4230 14.17732337 14.17732337 14.17732337
4231 14.18241065 14.18241065 14.18241065
4232 14.18749808 14.18749808 14.18749808
4233 14.19258564 14.19258564 14.19258564
4234 14.19767337 14.19767337 14.19767337
4235 14.20276126 14.20276126 14.20276126
4236 14.20784928 14.20784928 14.20784928
4237 14.21293743 14.21293743 14.21293743
4238 14.21802575 14.21802575 14.21802575
4239 14.22311422 14.22311422 14.22311422
4240 14.22820281 14.22820281 14.22820281
4241 14.23329158 14.23329158 14.23329158
4242 14.23838049 14.23838049 14.23838049
4243 14.24346954 14.24346954 14.24346954
4244 14.24855872 14.24855872 14.24855872
4245 14.25364806 14.25364806 14.25364806
4246 14.25873756 14.25873756 14.25873756
4247 14.26382717 14.26382717 14.26382717
4248 14.26891696 14.26891696 14.26891696
4249 14.27400689 14.27400689 14.27400689
4250 14.27909693 14.27909693 14.27909693
4251 14.28418715 14.28418715 14.28418715
4252 14.2892775 14.2892775 14.2892775
4253 14.294368 14.294368 14.294368
4254 14.29945862 14.29945862 14.29945862
4255 14.30454941 14.30454941 14.30454941
4256 14.30964034 14.30964034 14.30964034
4257 14.31473138 14.31473138 14.31473138
4258 14.31982259 14.31982259 14.31982259
4259 14.32491394 14.32491394 14.32491394
4260 14.33000545 14.33000545 14.33000545
4261 14.33509706 14.33509706 14.33509706
4262 14.34018883 14.34018883 14.34018883
4263 14.34528075 14.34528075 14.34528075
4264 14.35037278 14.35037278 14.35037278
4265 14.35546497 14.35546497 14.35546497
4266 14.36055731 14.36055731 14.36055731
4267 14.36564978 14.36564978 14.36564978
4268 14.37074236 14.37074236 14.37074236
4269 14.37583511 14.37583511 14.37583511
4270 14.380928 14.380928 14.380928
4271 14.386021 14.386021 14.386021
4272 14.39111416 14.39111416 14.39111416
4273 14.39620747 14.39620747 14.39620747
4274 14.4013009 14.4013009 14.4013009
4275 14.40639445 14.40639445 14.40639445
4276 14.41148816 14.41148816 14.41148816
4277 14.416582 14.416582 14.416582
4278 14.42167596 14.42167596 14.42167596
4279 14.42677007 14.42677007 14.42677007
4280 14.43186432 14.43186432 14.43186432
4281 14.4369587 14.4369587 14.4369587
4282 14.4420532 14.4420532 14.4420532
4283 14.44714785 14.44714785 14.44714785
4284 14.45224264 14.45224264 14.45224264
4285 14.45733755 14.45733755 14.45733755
4286 14.4624326 14.4624326 14.4624326
4287 14.46752778 14.46752778 14.46752778
4288 14.4726231 14.4726231 14.4726231
4289 14.47771853 14.47771853 14.47771853
4290 14.48281411 14.48281411 14.48281411
4291 14.48790982 14.48790982 14.48790982
4292 14.49300564 14.49300564 14.49300564
4293 14.49810162 14.49810162 14.49810162
4294 14.50319772 14.50319772 14.50319772
4295 14.50829396 14.50829396 14.50829396
4296 14.5133903 14.5133903 14.5133903
4297 14.5184868 14.5184868 14.5184868
4298 14.52358344 14.52358344 14.52358344
4299 14.52868017 14.52868017 14.52868017
4300 14.53377705 14.53377705 14.53377705
4301 14.53887407 14.53887407 14.53887407
4302 14.54397121 14.54397121 14.54397121
4303 14.54906845 14.54906845 14.54906845
4304 14.55416585 14.55416585 14.55416585
4305 14.55926337 14.55926337 14.55926337
4306 14.564361 14.564361 14.564361
4307 14.56945878 14.56945878 14.56945878
4308 14.57455669 14.57455669 14.57455669
4309 14.57965472 14.57965472 14.57965472
4310 14.58475286 14.58475286 14.58475286
4311 14.58985114 14.58985114 14.58985114
4312 14.59494955 14.59494955 14.59494955
4313 14.60004806 14.60004806 14.60004806
4314 14.60514672 14.60514672 14.60514672
4315 14.6102455 14.6102455 14.6102455
4316 14.61534441 14.61534441 14.61534441
4317 14.62044341 14.62044341 14.62044341
4318 14.62554257 14.62554257 14.62554257
4319 14.63064185 14.63064185 14.63064185
4320 14.63574122 14.63574122 14.63574122
4321 14.64084074 14.64084074 14.64084074
4322 14.6459404 14.6459404 14.6459404
4323 14.65104017 14.65104017 14.65104017
4324 14.65614003 14.65614003 14.65614003
4325 14.66124005 14.66124005 14.66124005
4326 14.66634018 14.66634018 14.66634018
4327 14.67144041 14.67144041 14.67144041
4328 14.67654078 14.67654078 14.67654078
4329 14.68164127 14.68164127 14.68164127
4330 14.68674189 14.68674189 14.68674189
4331 14.69184259 14.69184259 14.69184259
4332 14.69694345 14.69694345 14.69694345
4333 14.70204442 14.70204442 14.70204442
4334 14.70714549 14.70714549 14.70714549
4335 14.71224671 14.71224671 14.71224671
4336 14.71734804 14.71734804 14.71734804
4337 14.72244948 14.72244948 14.72244948
4338 14.72755102 14.72755102 14.72755102
4339 14.7326527 14.7326527 14.7326527
4340 14.7377545 14.7377545 14.7377545
4341 14.74285639 14.74285639 14.74285639
4342 14.74795842 14.74795842 14.74795842
4343 14.75306057 14.75306057 14.75306057
4344 14.75816283 14.75816283 14.75816283
4345 14.76326518 14.76326518 14.76326518
4346 14.76836768 14.76836768 14.76836768
4347 14.7734703 14.7734703 14.7734703
4348 14.778573 14.778573 14.778573
4349 14.78367584 14.78367584 14.78367584
4350 14.78877879 14.78877879 14.78877879
4351 14.79388185 14.79388185 14.79388185
4352 14.79898501 14.79898501 14.79898501
4353 14.8040883 14.8040883 14.8040883
4354 14.80919171 14.80919171 14.80919171
4355 14.8142952 14.8142952 14.8142952
4356 14.81939883 14.81939883 14.81939883
4357 14.82450258 14.82450258 14.82450258
4358 14.82960643 14.82960643 14.82960643
4359 14.83471037 14.83471037 14.83471037
4360 14.83981446 14.83981446 14.83981446
4361 14.84491865 14.84491865 14.84491865
4362 14.85002293 14.85002293 14.85002293
4363 14.85512734 14.85512734 14.85512734
4364 14.86023186 14.86023186 14.86023186
4365 14.86533649 14.86533649 14.86533649
4366 14.8704412 14.8704412 14.8704412
4367 14.87554605 14.87554605 14.87554605
4368 14.88065101 14.88065101 14.88065101
4369 14.88575605 14.88575605 14.88575605
4370 14.89086122 14.89086122 14.89086122
4371 14.89596651 14.89596651 14.89596651
4372 14.90107191 14.90107191 14.90107191
4373 14.90617738 14.90617738 14.90617738
4374 14.91128299 14.91128299 14.91128299
4375 14.9163887 14.9163887 14.9163887
4376 14.92149449 14.92149449 14.92149449
4377 14.92660042 14.92660042 14.92660042
4378 14.93170645 14.93170645 14.93170645
4379 14.93681258 14.93681258 14.93681258
4380 14.9419188 14.9419188 14.9419188
4381 14.94702515 14.94702515 14.94702515
4382 14.9521316 14.9521316 14.9521316
4383 14.95723813 14.95723813 14.95723813
4384 14.96234479 14.96234479 14.96234479
4385 14.96745157 14.96745157 14.96745157
4386 14.97255844 14.97255844 14.97255844
4387 14.97766538 14.97766538 14.97766538
4388 14.98266256 14.98266256 14.98266256
4389 14.98765975 14.98765975 14.98765975
4390 14.99265701 14.99265701 14.99265701
4391 14.99765432 14.99765432 14.99765432
4392 15.00265166 15.00265166 15.00265166
4393 15.00764906 15.00764906 15.00764906
4394 15.01264648 15.01264648 15.01264648
4395 15.01764397 15.01764397 15.01764397
4396 15.02264149 15.02264149 15.02264149
4397 15.02763908 15.02763908 15.02763908
4398 15.03263671 15.03263671 15.03263671
4399 15.03763435 15.03763435 15.03763435
4400 15.04263206 15.04263206 15.04263206
4401 15.0476298 15.0476298 15.0476298
4402 15.0526276 15.0526276 15.0526276
4403 15.05762541 15.05762541 15.05762541
4404 15.0626233 15.0626233 15.0626233
4405 15.06762122 15.06762122 15.06762122
4406 15.07261917 15.07261917 15.07261917
4407 15.07761718 15.07761718 15.07761718
4408 15.0826152 15.0826152 15.0826152
4409 15.0876133 15.0876133 15.0876133
4410 15.09261142 15.09261142 15.09261142
4411 15.09760959 15.09760959 15.09760959
4412 15.10260781 15.10260781 15.10260781
4413 15.10760603 15.10760603 15.10760603
4414 15.11260433 15.11260433 15.11260433
4415 15.11760264 15.11760264 15.11760264
4416 15.12260101 15.12260101 15.12260101
4417 15.12759939 15.12759939 15.12759939
4418 15.13259784 15.13259784 15.13259784
4419 15.13759633 15.13759633 15.13759633
4420 15.14259483 15.14259483 15.14259483
4421 15.14759339 15.14759339 15.14759339
4422 15.15259198 15.15259198 15.15259198
4423 15.15759062 15.15759062 15.15759062
4424 15.16258929 15.16258929 15.16258929
4425 15.16758798 15.16758798 15.16758798
4426 15.17258673 15.17258673 15.17258673
4427 15.17758548 15.17758548 15.17758548
4428 15.1825843 15.1825843 15.1825843
4429 15.18758313 15.18758313 15.18758313
4430 15.19258202 15.19258202 15.19258202
4431 15.19758095 15.19758095 15.19758095
4432 15.20257988 15.20257988 15.20257988
4433 15.20757887 15.20757887 15.20757887
4434 15.21257789 15.21257789 15.21257789
4435 15.21757695 15.21757695 15.21757695
4436 15.22257602 15.22257602 15.22257602
4437 15.22757515 15.22757515 15.22757515
4438 15.23257431 15.23257431 15.23257431
4439 15.23757348 15.23757348 15.23757348
4440 15.2425727 15.2425727 15.2425727
4441 15.24757194 15.24757194 15.24757194
4442 15.25257122 15.25257122 15.25257122
4443 15.25757052 15.25757052 15.25757052
4444 15.26256987 15.26256987 15.26256987
4445 15.26756926 15.26756926 15.26756926
4446 15.27256865 15.27256865 15.27256865
4447 15.2775681 15.2775681 15.2775681
4448 15.28256756 15.28256756 15.28256756
4449 15.28756706 15.28756706 15.28756706
4450 15.29256657 15.29256657 15.29256657
4451 15.29756613 15.29756613 15.29756613
4452 15.30256573 15.30256573 15.30256573
4453 15.30756532 15.30756532 15.30756532
4454 15.31256497 15.31256497 15.31256497
4455 15.31756463 15.31756463 15.31756463
4456 15.32256433 15.32256433 15.32256433
4457 15.32756407 15.32756407 15.32756407
4458 15.3325638 15.3325638 15.3325638
4459 15.33756361 15.33756361 15.33756361
4460 15.3425634 15.3425634 15.3425634
4461 15.34756324 15.34756324 15.34756324
4462 15.35256308 15.35256308 15.35256308
4463 15.35756298 15.35756298 15.35756298
4464 15.3625629 15.3625629 15.3625629
4465 15.36756282 15.36756282 15.36756282
4466 15.37256279 15.37256279 15.37256279
4467 15.37756276 15.37756276 15.37756276
4468 15.38256278 15.38256278 15.38256278
4469 15.3875628 15.3875628 15.3875628
4470 15.39256287 15.39256287 15.39256287
4471 15.39756297 15.39756297 15.39756297
4472 15.40256307 15.40256307 15.40256307
4473 15.40756321 15.40756321 15.40756321
4474 15.41256335 15.41256335 15.41256335
4475 15.41756354 15.41756354 15.41756354
4476 15.42256372 15.42256372 15.42256372
4477 15.42756395 15.42756395 15.42756395
4478 15.43256421 15.43256421 15.43256421
4479 15.43756446 15.43756446 15.43756446
4480 15.44256475 15.44256475 15.44256475
4481 15.44756504 15.44756504 15.44756504
4482 15.45256538 15.45256538 15.45256538
4483 15.45756572 15.45756572 15.45756572
4484 15.46256611 15.46256611 15.46256611
4485 15.46756651 15.46756651 15.46756651
4486 15.4725669 15.4725669 15.4725669
4487 15.47756734 15.47756734 15.47756734
4488 15.48256777 15.48256777 15.48256777
4489 15.48756825 15.48756825 15.48756825
4490 15.49256875 15.49256875 15.49256875
4491 15.49756924 15.49756924 15.49756924
4492 15.50256977 15.50256977 15.50256977
4493 15.50757029 15.50757029 15.50757029
4494 15.51257086 15.51257086 15.51257086
4495 15.51757142 15.51757142 15.51757142
4496 15.52257203 15.52257203 15.52257203
4497 15.52757266 15.52757266 15.52757266
4498 15.53257327 15.53257327 15.53257327
4499 15.53757392 15.53757392 15.53757392
4500 15.54257456 15.54257456 15.54257456
4501 15.54757525 15.54757525 15.54757525
4502 15.55257592 15.55257592 15.55257592
4503 15.55757664 15.55757664 15.55757664
4504 15.56257737 15.56257737 15.56257737
4505 15.56757809 15.56757809 15.56757809
4506 15.57257885 15.57257885 15.57257885
4507 15.5775796 15.5775796 15.5775796
4508 15.58258038 15.58258038 15.58258038
4509 15.58758117 15.58758117 15.58758117
4510 15.59258199 15.59258199 15.59258199
4511 15.59758281 15.59758281 15.59758281
4512 15.60258363 15.60258363 15.60258363
4513 15.60758448 15.60758448 15.60758448
4514 15.61258532 15.61258532 15.61258532
4515 15.6175862 15.6175862 15.6175862
4516 15.62258706 15.62258706 15.62258706
4517 15.62758796 15.62758796 15.62758796
4518 15.63258887 15.63258887 15.63258887
4519 15.63758977 15.63758977 15.63758977
4520 15.64259071 15.64259071 15.64259071
4521 15.64759162 15.64759162 15.64759162
4522 15.65259259 15.65259259 15.65259259
4523 15.65759356 15.65759356 15.65759356
4524 15.6625945 15.6625945 15.6625945
4525 15.66759549 15.66759549 15.66759549
4526 15.67259645 15.67259645 15.67259645
4527 15.67759746 15.67759746 15.67759746
4528 15.68259844 15.68259844 15.68259844
4529 15.68759946 15.68759946 15.68759946
4530 15.69260048 15.69260048 15.69260048
4531 15.69760149 15.69760149 15.69760149
4532 15.70260253 15.70260253 15.70260253
4533 15.70760356 15.70760356 15.70760356
4534 15.71260463 15.71260463 15.71260463
4535 15.71760566 15.71760566 15.71760566
4536 15.72260673 15.72260673 15.72260673
4537 15.72760781 15.72760781 15.72760781
4538 15.73260886 15.73260886 15.73260886
4539 15.73760995 15.73760995 15.73760995
4540 15.74261102 15.74261102 15.74261102
4541 15.74761211 15.74761211 15.74761211
4542 15.75261319 15.75261319 15.75261319
4543 15.7576143 15.7576143 15.7576143
4544 15.76261541 15.76261541 15.76261541
4545 15.7676165 15.7676165 15.7676165
4546 15.77261762 15.77261762 15.77261762
4547 15.77761873 15.77761873 15.77761873
4548 15.78261986 15.78261986 15.78261986
4549 15.78762096 15.78762096 15.78762096
4550 15.79262209 15.79262209 15.79262209
4551 15.79762323 15.79762323 15.79762323
4552 15.80262434 15.80262434 15.80262434
4553 15.80762548 15.80762548 15.80762548
4554 15.81262659 15.81262659 15.81262659
4555 15.81762774 15.81762774 15.81762774
4556 15.82262888 15.82262888 15.82262888
4557 15.82763 15.82763 15.82763
4558 15.83263115 15.83263115 15.83263115
4559 15.83763228 15.83763228 15.83763228
4560 15.84263342 15.84263342 15.84263342
4561 15.84763455 15.84763455 15.84763455
4562 15.85263569 15.85263569 15.85263569
4563 15.85763684 15.85763684 15.85763684
4564 15.86263796 15.86263796 15.86263796
4565 15.8676391 15.8676391 15.8676391
4566 15.87264022 15.87264022 15.87264022
4567 15.87764136 15.87764136 15.87764136
4568 15.88264247 15.88264247 15.88264247
4569 15.8876436 15.8876436 15.8876436
4570 15.89264474 15.89264474 15.89264474
4571 15.89764586 15.89764586 15.89764586
4572 15.90264699 15.90264699 15.90264699
4573 15.90764809 15.90764809 15.90764809
4574 15.91264921 15.91264921 15.91264921
4575 15.9176503 15.9176503 15.9176503
4576 15.92265141 15.92265141 15.92265141
4577 15.92765252 15.92765252 15.92765252
4578 15.9326536 15.9326536 15.9326536
4579 15.93765471 15.93765471 15.93765471
4580 15.94265578 15.94265578 15.94265578
4581 15.94765687 15.94765687 15.94765687
4582 15.95265793 15.95265793 15.95265793
4583 15.95765901 15.95765901 15.95765901
4584 15.96266009 15.96266009 15.96266009
4585 15.96766113 15.96766113 15.96766113
4586 15.97266219 15.97266219 15.97266219
4587 15.97766322 15.97766322 15.97766322
4588 15.98266427 15.98266427 15.98266427
4589 15.98766531 15.98766531 15.98766531
4590 15.99266632 15.99266632 15.99266632
4591 15.99766734 15.99766734 15.99766734
4592 16.00266833 16.00266833 16.00266833
4593 16.00766934 16.00766934 16.00766934
4594 16.01267031 16.01267031 16.01267031
4595 16.0176713 16.0176713 16.0176713
4596 16.0226723 16.0226723 16.0226723
4597 16.02767325 16.02767325 16.02767325
4598 16.03267421 16.03267421 16.03267421
4599 16.03767514 16.03767514 16.03767514
4600 16.04267608 16.04267608 16.04267608
4601 16.04767699 16.04767699 16.04767699
4602 16.05267791 16.05267791 16.05267791
4603 16.05767882 16.05767882 16.05767882
4604 16.06267969 16.06267969 16.06267969
4605 16.06768058 16.06768058 16.06768058
4606 16.07268143 16.07268143 16.07268143
4607 16.0776823 16.0776823 16.0776823
4608 16.08268313 16.08268313 16.08268313
4609 16.08768398 16.08768398 16.08768398
4610 16.09268481 16.09268481 16.09268481
4611 16.0976856 16.0976856 16.0976856
4612 16.1026864 16.1026864 16.1026864
4613 16.10768716 16.10768716 16.10768716
4614 16.11268794 16.11268794 16.11268794
4615 16.11768867 16.11768867 16.11768867
4616 16.12268942 16.12268942 16.12268942
4617 16.12769015 16.12769015 16.12769015
4618 16.13269084 16.13269084 16.13269084
4619 16.13769155 16.13769155 16.13769155
4620 16.14269221 16.14269221 16.14269221
4621 16.14769289 16.14769289 16.14769289
4622 16.15269355 16.15269355 16.15269355
4623 16.15769417 16.15769417 16.15769417
4624 16.16269479 16.16269479 16.16269479
4625 16.16769537 16.16769537 16.16769537
4626 16.17269597 16.17269597 16.17269597
4627 16.17769651 16.17769651 16.17769651
4628 16.18269707 16.18269707 16.18269707
4629 16.18769761 16.18769761 16.18769761
4630 16.19269811 16.19269811 16.19269811
4631 16.19769861 16.19769861 16.19769861
4632 16.20269907 16.20269907 16.20269907
4633 16.20769954 16.20769954 16.20769954
4634 16.21269998 16.21269998 16.21269998
4635 16.21770041 16.21770041 16.21770041
4636 16.22270082 16.22270082 16.22270082
4637 16.22770119 16.22770119 16.22770119
4638 16.23270156 16.23270156 16.23270156
4639 16.23770189 16.23770189 16.23770189
4640 16.24270222 16.24270222 16.24270222
4641 16.2477025 16.2477025 16.2477025
4642 16.2527028 16.2527028 16.2527028
4643 16.25770307 16.25770307 16.25770307
4644 16.26270329 16.26270329 16.26270329
4645 16.26770352 16.26770352 16.26770352
4646 16.27270371 16.27270371 16.27270371
4647 16.27770389 16.27770389 16.27770389
4648 16.28270403 16.28270403 16.28270403
4649 16.28770417 16.28770417 16.28770417
4650 16.29270429 16.29270429 16.29270429
4651 16.29770436 16.29770436 16.29770436
4652 16.30270443 16.30270443 16.30270443
4653 16.30770445 16.30770445 16.30770445
4654 16.31270447 16.31270447 16.31270447
4655 16.31770447 16.31770447 16.31770447
4656 16.32270442 16.32270442 16.32270442
4657 16.32770437 16.32770437 16.32770437
4658 16.33270427 16.33270427 16.33270427
4659 16.33770419 16.33770419 16.33770419
4660 16.34270404 16.34270404 16.34270404
4661 16.34770389 16.34770389 16.34770389
4662 16.35270372 16.35270372 16.35270372
4663 16.35770349 16.35770349 16.35770349
4664 16.36270326 16.36270326 16.36270326
4665 16.36770299 16.36770299 16.36770299
4666 16.37270271 16.37270271 16.37270271
4667 16.37770238 16.37770238 16.37770238
4668 16.38270204 16.38270204 16.38270204
4669 16.38770168 16.38770168 16.38770168
4670 16.39270127 16.39270127 16.39270127
4671 16.39770087 16.39770087 16.39770087
4672 16.4027004 16.4027004 16.4027004
4673 16.40769992 16.40769992 16.40769992
4674 16.4126994 16.4126994 16.4126994
4675 16.41769887 16.41769887 16.41769887
4676 16.42269831 16.42269831 16.42269831
4677 16.42769769 16.42769769 16.42769769
4678 16.43269708 16.43269708 16.43269708
4679 16.4376964 16.4376964 16.4376964
4680 16.44269573 16.44269573 16.44269573
4681 16.44769499 16.44769499 16.44769499
4682 16.45269425 16.45269425 16.45269425
4683 16.4576935 16.4576935 16.4576935
4684 16.46269267 16.46269267 16.46269267
4685 16.46769184 16.46769184 16.46769184
4686 16.47269095 16.47269095 16.47269095
4687 16.47769006 16.47769006 16.47769006
4688 16.48268913 16.48268913 16.48268913
4689 16.48768815 16.48768815 16.48768815
4690 16.49268716 16.49268716 16.49268716
4691 16.49768611 16.49768611 16.49768611
4692 16.50268505 16.50268505 16.50268505
4693 16.50768393 16.50768393 16.50768393
4694 16.51268281 16.51268281 16.51268281
4695 16.51768165 16.51768165 16.51768165
4696 16.52268045 16.52268045 16.52268045
4697 16.52767923 16.52767923 16.52767923
4698 16.53267794 16.53267794 16.53267794
4699 16.53767665 16.53767665 16.53767665
4700 16.54267529 16.54267529 16.54267529
4701 16.54767393 16.54767393 16.54767393
4702 16.55267253 16.55267253 16.55267253
4703 16.55767107 16.55767107 16.55767107
4704 16.56266959 16.56266959 16.56266959
4705 16.56766806 16.56766806 16.56766806
4706 16.57266652 16.57266652 16.57266652
4707 16.57766491 16.57766491 16.57766491
4708 16.58266331 16.58266331 16.58266331
4709 16.58766165 16.58766165 16.58766165
4710 16.59265994 16.59265994 16.59265994
4711 16.59765821 16.59765821 16.59765821
4712 16.60265642 16.60265642 16.60265642
4713 16.60765461 16.60765461 16.60765461
4714 16.61265274 16.61265274 16.61265274
4715 16.61765086 16.61765086 16.61765086
4716 16.62264894 16.62264894 16.62264894
4717 16.62764696 16.62764696 16.62764696
4718 16.63264496 16.63264496 16.63264496
4719 16.63764289 16.63764289 16.63764289
4720 16.64264082 16.64264082 16.64264082
4721 16.64763871 16.64763871 16.64763871
4722 16.65263653 16.65263653 16.65263653
4723 16.65763433 16.65763433 16.65763433
4724 16.66263207 16.66263207 16.66263207
4725 16.66762979 16.66762979 16.66762979
4726 16.67262744 16.67262744 16.67262744
4727 16.67762508 16.67762508 16.67762508
4728 16.68262268 16.68262268 16.68262268
4729 16.6876202 16.6876202 16.6876202
4730 16.69261772 16.69261772 16.69261772
4731 16.69761516 16.69761516 16.69761516
4732 16.70261259 16.70261259 16.70261259
4733 16.70760996 16.70760996 16.70760996
4734 16.7126073 16.7126073 16.7126073
4735 16.7176046 16.7176046 16.7176046
4736 16.72260183 16.72260183 16.72260183
4737 16.72759904 16.72759904 16.72759904
4738 16.73259618 16.73259618 16.73259618
4739 16.73759331 16.73759331 16.73759331
4740 16.74259036 16.74259036 16.74259036
4741 16.74758739 16.74758739 16.74758739
4742 16.75258438 16.75258438 16.75258438
4743 16.7575813 16.7575813 16.7575813
4744 16.7625782 16.7625782 16.7625782
4745 16.76757502 16.76757502 16.76757502
4746 16.77257184 16.77257184 16.77257184
4747 16.77756858 16.77756858 16.77756858
4748 16.78256529 16.78256529 16.78256529
4749 16.78756196 16.78756196 16.78756196
4750 16.79255856 16.79255856 16.79255856
4751 16.79755513 16.79755513 16.79755513
4752 16.80255163 16.80255163 16.80255163
4753 16.80754811 16.80754811 16.80754811
4754 16.81254454 16.81254454 16.81254454
4755 16.8175409 16.8175409 16.8175409
4756 16.82253724 16.82253724 16.82253724
4757 16.8275335 16.8275335 16.8275335
4758 16.83252975 16.83252975 16.83252975
4759 16.83752591 16.83752591 16.83752591
4760 16.84252205 16.84252205 16.84252205
4761 16.84751814 16.84751814 16.84751814
4762 16.85251416 16.85251416 16.85251416
4763 16.85751015 16.85751015 16.85751015
4764 16.86250606 16.86250606 16.86250606
4765 16.86750195 16.86750195 16.86750195
4766 16.87249777 16.87249777 16.87249777
4767 16.87749356 16.87749356 16.87749356
4768 16.8824893 16.8824893 16.8824893
4769 16.88748496 16.88748496 16.88748496
4770 16.89248059 16.89248059 16.89248059
4771 16.89747617 16.89747617 16.89747617
4772 16.9024717 16.9024717 16.9024717
4773 16.90746715 16.90746715 16.90746715
4774 16.91246258 16.91246258 16.91246258
4775 16.91745795 16.91745795 16.91745795
4776 16.92245325 16.92245325 16.92245325
4777 16.92744852 16.92744852 16.92744852
4778 16.93244371 16.93244371 16.93244371
4779 16.93743887 16.93743887 16.93743887
4780 16.94243395 16.94243395 16.94243395
4781 16.94742901 16.94742901 16.94742901
4782 16.95242401 16.95242401 16.95242401
4783 16.95741894 16.95741894 16.95741894
4784 16.96241383 16.96241383 16.96241383
4785 16.96740864 16.96740864 16.96740864
4786 16.97240342 16.97240342 16.97240342
4787 16.97739814 16.97739814 16.97739814
4788 16.98239279 16.98239279 16.98239279
4789 16.9873874 16.9873874 16.9873874
4790 16.99238193 16.99238193 16.99238193
4791 16.99737643 16.99737643 16.99737643
4792 17.00237085 17.00237085 17.00237085
4793 17.00736524 17.00736524 17.00736524
4794 17.01235957 17.01235957 17.01235957
4795 17.01735382 17.01735382 17.01735382
4796 17.02234805 17.02234805 17.02234805
4797 17.02734218 17.02734218 17.02734218
4798 17.03233628 17.03233628 17.03233628
4799 17.03733029 17.03733029 17.03733029
4800 17.04232428 17.04232428 17.04232428
4801 17.0473182 17.0473182 17.0473182
4802 17.05231204 17.05231204 17.05231204
4803 17.05730585 17.05730585 17.05730585
4804 17.06229957 17.06229957 17.06229957
4805 17.06729326 17.06729326 17.06729326
4806 17.07228686 17.07228686 17.07228686
4807 17.07728043 17.07728043 17.07728043
4808 17.08227395 17.08227395 17.08227395
4809 17.08726737 17.08726737 17.08726737
4810 17.09226076 17.09226076 17.09226076
4811 17.09725406 17.09725406 17.09725406
4812 17.10224732 17.10224732 17.10224732
4813 17.1072405 17.1072405 17.1072405
4814 17.11223364 17.11223364 17.11223364
4815 17.11722672 17.11722672 17.11722672
4816 17.12221972 17.12221972 17.12221972
4817 17.12721267 17.12721267 17.12721267
4818 17.13220554 17.13220554 17.13220554
4819 17.13719837 17.13719837 17.13719837
4820 17.14219115 17.14219115 17.14219115
4821 17.14718383 17.14718383 17.14718383
4822 17.15217647 17.15217647 17.15217647
4823 17.15716902 17.15716902 17.15716902
4824 17.16216153 17.16216153 17.16216153
4825 17.16715396 17.16715396 17.16715396
4826 17.17214634 17.17214634 17.17214634
4827 17.17713866 17.17713866 17.17713866
4828 17.18213089 17.18213089 17.18213089
4829 17.18712308 17.18712308 17.18712308
4830 17.19211518 17.19211518 17.19211518
4831 17.19710724 17.19710724 17.19710724
4832 17.20209921 17.20209921 17.20209921
4833 17.20709115 17.20709115 17.20709115
4834 17.21208301 17.21208301 17.21208301
4835 17.21707478 17.21707478 17.21707478
4836 17.22206651 17.22206651 17.22206651
4837 17.22705815 17.22705815 17.22705815
4838 17.23204974 17.23204974 17.23204974
4839 17.23704125 17.23704125 17.23704125
4840 17.24203271 17.24203271 17.24203271
4841 17.2470241 17.2470241 17.2470241
4842 17.2520154 17.2520154 17.2520154
4843 17.25700666 17.25700666 17.25700666
4844 17.26199782 17.26199782 17.26199782
4845 17.26698895 17.26698895 17.26698895
4846 17.27197998 17.27197998 17.27197998
4847 17.27697096 17.27697096 17.27697096
4848 17.28196187 17.28196187 17.28196187
4849 17.28695269 17.28695269 17.28695269
4850 17.29194346 17.29194346 17.29194346
4851 17.29693414 17.29693414 17.29693414
4852 17.30192478 17.30192478 17.30192478
4853 17.30691534 17.30691534 17.30691534
4854 17.31190581 17.31190581 17.31190581
4855 17.31689623 17.31689623 17.31689623
4856 17.32188655 17.32188655 17.32188655
4857 17.32687683 17.32687683 17.32687683
4858 17.33186703 17.33186703 17.33186703
4859 17.33685716 17.33685716 17.33685716
4860 17.34184723 17.34184723 17.34184723
4861 17.34683719 17.34683719 17.34683719
4862 17.35182712 17.35182712 17.35182712
4863 17.35681694 17.35681694 17.35681694
4864 17.36180671 17.36180671 17.36180671
4865 17.36679639 17.36679639 17.36679639
4866 17.37178601 17.37178601 17.37178601
4867 17.37677557 17.37677557 17.37677557
4868 17.38176502 17.38176502 17.38176502
4869 17.38675443 17.38675443 17.38675443
4870 17.39174375 17.39174375 17.39174375
4871 17.39673301 17.39673301 17.39673301
4872 17.40172217 17.40172217 17.40172217
4873 17.40671128 17.40671128 17.40671128
4874 17.41170031 17.41170031 17.41170031
4875 17.41668925 17.41668925 17.41668925
4876 17.42167813 17.42167813 17.42167813
4877 17.42666691 17.42666691 17.42666691
4878 17.43165564 17.43165564 17.43165564
4879 17.43664427 17.43664427 17.43664427
4880 17.44163285 17.44163285 17.44163285
4881 17.44662136 17.44662136 17.44662136
4882 17.45160976 17.45160976 17.45160976
4883 17.45659812 17.45659812 17.45659812
4884 17.46158637 17.46158637 17.46158637
4885 17.46657456 17.46657456 17.46657456
4886 17.47156268 17.47156268 17.47156268
4887 17.47655069 17.47655069 17.47655069
4888 17.48153865 17.48153865 17.48153865
4889 17.48652651 17.48652651 17.48652651
4890 17.49151432 17.49151432 17.49151432
4891 17.49650201 17.49650201 17.49650201
4892 17.50148966 17.50148966 17.50148966
4893 17.50647723 17.50647723 17.50647723
4894 17.51146469 17.51146469 17.51146469
4895 17.51645211 17.51645211 17.51645211
4896 17.52143942 17.52143942 17.52143942
4897 17.52642666 17.52642666 17.52642666
4898 17.53141381 17.53141381 17.53141381
4899 17.5364009 17.5364009 17.5364009
4900 17.5413879 17.5413879 17.5413879
4901 17.5463748 17.5463748 17.5463748
4902 17.55136165 17.55136165 17.55136165
4903 17.55634839 17.55634839 17.55634839
4904 17.56133507 17.56133507 17.56133507
4905 17.56632164 17.56632164 17.56632164
4906 17.57130816 17.57130816 17.57130816
4907 17.5762946 17.5762946 17.5762946
4908 17.58128094 17.58128094 17.58128094
4909 17.58626721 17.58626721 17.58626721
4910 17.59125337 17.59125337 17.59125337
4911 17.59623948 17.59623948 17.59623948
4912 17.60122548 17.60122548 17.60122548
4913 17.60621141 17.60621141 17.60621141
4914 17.61119727 17.61119727 17.61119727
4915 17.61618301 17.61618301 17.61618301
4916 17.6211687 17.6211687 17.6211687
4917 17.62615428 17.62615428 17.62615428
4918 17.6311398 17.6311398 17.6311398
4919 17.63612523 17.63612523 17.63612523
4920 17.64111056 17.64111056 17.64111056
4921 17.64609583 17.64609583 17.64609583
4922 17.65108098 17.65108098 17.65108098
4923 17.65606607 17.65606607 17.65606607
4924 17.66105105 17.66105105 17.66105105
4925 17.66603597 17.66603597 17.66603597
4926 17.67102081 17.67102081 17.67102081
4927 17.67600553 17.67600553 17.67600553
4928 17.68099019 17.68099019 17.68099019
4929 17.68597473 17.68597473 17.68597473
4930 17.69095922 17.69095922 17.69095922
4931 17.69594359 17.69594359 17.69594359
4932 17.70092792 17.70092792 17.70092792
4933 17.70591214 17.70591214 17.70591214
4934 17.71089625 17.71089625 17.71089625
4935 17.7158803 17.7158803 17.7158803
4936 17.72086423 17.72086423 17.72086423
4937 17.72584811 17.72584811 17.72584811
4938 17.73083186 17.73083186 17.73083186
4939 17.73581555 17.73581555 17.73581555
4940 17.74079916 17.74079916 17.74079916
4941 17.74578265 17.74578265 17.74578265
4942 17.75076607 17.75076607 17.75076607
4943 17.75574938 17.75574938 17.75574938
4944 17.76073262 17.76073262 17.76073262
4945 17.76571576 17.76571576 17.76571576
4946 17.77069883 17.77069883 17.77069883
4947 17.7756818 17.7756818 17.7756818
4948 17.78066466 17.78066466 17.78066466
4949 17.78564745 17.78564745 17.78564745
4950 17.79063012 17.79063012 17.79063012
4951 17.79561273 17.79561273 17.79561273
4952 17.80059524 17.80059524 17.80059524
4953 17.80557764 17.80557764 17.80557764
4954 17.81055997 17.81055997 17.81055997
4955 17.81554219 17.81554219 17.81554219
4956 17.82052433 17.82052433 17.82052433
4957 17.82550637 17.82550637 17.82550637
4958 17.83048834 17.83048834 17.83048834
4959 17.8354702 17.8354702 17.8354702
4960 17.84045195 17.84045195 17.84045195
4961 17.84543363 17.84543363 17.84543363
4962 17.85041519 17.85041519 17.85041519
4963 17.85539668 17.85539668 17.85539668
4964 17.86037806 17.86037806 17.86037806
4965 17.86535936 17.86535936 17.86535936
4966 17.87034057 17.87034057 17.87034057
4967 17.87532166 17.87532166 17.87532166
4968 17.88030268 17.88030268 17.88030268
4969 17.88528357 17.88528357 17.88528357
4970 17.89026441 17.89026441 17.89026441
4971 17.89524512 17.89524512 17.89524512
4972 17.90022576 17.90022576 17.90022576
4973 17.9052063 17.9052063 17.9052063
4974 17.91018671 17.91018671 17.91018671
4975 17.91516706 17.91516706 17.91516706
4976 17.92014728 17.92014728 17.92014728
4977 17.92512744 17.92512744 17.92512744
4978 17.93010747 17.93010747 17.93010747
4979 17.93508743 17.93508743 17.93508743
4980 17.94006729 17.94006729 17.94006729
4981 17.94504702 17.94504702 17.94504702
4982 17.9500267 17.9500267 17.9500267
4983 17.95500624 17.95500624 17.95500624
4984 17.95998571 17.95998571 17.95998571
4985 17.96496508 17.96496508 17.96496508
4986 17.96994432 17.96994432 17.96994432
4987 17.9749235 17.9749235 17.9749235
4988 17.97990254 17.97990254 17.97990254
4989 17.98488152 17.98488152 17.98488152
4990 17.98986036 17.98986036 17.98986036
4991 17.99483914 17.99483914 17.99483914
4992 17.99981781 17.99981781 17.99981781
4993 18.00479635 18.00479635 18.00479635
4994 18.00977483 18.00977483 18.00977483
4995 18.01475319 18.01475319 18.01475319
4996 18.01973146 18.01973146 18.01973146
4997 18.0247096 18.0247096 18.0247096
4998 18.02968767 18.02968767 18.02968767
4999 18.03466563 18.03466563 18.03466563
5000 18.03964347 18.03964347 18.03964347
5001 18.04462124 18.04462124 18.04462124
5002 18.04959887 18.04959887 18.04959887
5003 18.05457643 18.05457643 18.05457643
5004 18.05955386 18.05955386 18.05955386
5005 18.06453121 18.06453121 18.06453121
5006 18.06950846 18.06950846 18.06950846
5007 18.07448559 18.07448559 18.07448559
5008 18.07946264 18.07946264 18.07946264
5009 18.08443955 18.08443955 18.08443955
5010 18.08941639 18.08941639 18.08941639
5011 18.09439309 18.09439309 18.09439309
5012 18.09936972 18.09936972 18.09936972
5013 18.10434624 18.10434624 18.10434624
5014 18.10932264 18.10932264 18.10932264
5015 18.11429895 18.11429895 18.11429895
5016 18.11927513 18.11927513 18.11927513
5017 18.12425124 18.12425124 18.12425124
5018 18.12922724 18.12922724 18.12922724
5019 18.1342031 18.1342031 18.1342031
5020 18.1391789 18.1391789 18.1391789
5021 18.14415456 18.14415456 18.14415456
5022 18.14913013 18.14913013 18.14913013
5023 18.15410557 18.15410557 18.15410557
5024 18.15908093 18.15908093 18.15908093
5025 18.16405619 18.16405619 18.16405619
5026 18.16903131 18.16903131 18.16903131
5027 18.17400635 18.17400635 18.17400635
5028 18.17898126 18.17898126 18.17898126
5029 18.18395608 18.18395608 18.18395608
5030 18.18893077 18.18893077 18.18893077
5031 18.19390538 18.19390538 18.19390538
5032 18.1988799 18.1988799 18.1988799
5033 18.20385426 18.20385426 18.20385426
5034 18.20882855 18.20882855 18.20882855
5035 18.21380269 18.21380269 18.21380269
5036 18.21877676 18.21877676 18.21877676
5037 18.22375069 18.22375069 18.22375069
5038 18.22872454 18.22872454 18.22872454
5039 18.23369828 18.23369828 18.23369828
5040 18.23867188 18.23867188 18.23867188
5041 18.24364539 18.24364539 18.24364539
5042 18.24861878 18.24861878 18.24861878
5043 18.25359207 18.25359207 18.25359207
5044 18.25856525 18.25856525 18.25856525
5045 18.26353832 18.26353832 18.26353832
5046 18.26851129 18.26851129 18.26851129
5047 18.27348411 18.27348411 18.27348411
5048 18.27845685 18.27845685 18.27845685
5049 18.28342946 18.28342946 18.28342946
5050 18.28840198 18.28840198 18.28840198
5051 18.29337438 18.29337438 18.29337438
5052 18.29834665 18.29834665 18.29834665
5053 18.30331883 18.30331883 18.30331883
5054 18.30829087 18.30829087 18.30829087
5055 18.31326283 18.31326283 18.31326283
5056 18.31823465 18.31823465 18.31823465
5057 18.32320639 18.32320639 18.32320639
5058 18.32817801 18.32817801 18.32817801
5059 18.33314948 18.33314948 18.33314948
5060 18.33812087 18.33812087 18.33812087
5061 18.34309212 18.34309212 18.34309212
5062 18.34806328 18.34806328 18.34806328
5063 18.3530343 18.3530343 18.3530343
5064 18.35800523 18.35800523 18.35800523
5065 18.36297605 18.36297605 18.36297605
5066 18.36794672 18.36794672 18.36794672
5067 18.37291731 18.37291731 18.37291731
5068 18.37788775 18.37788775 18.37788775
5069 18.38285812 18.38285812 18.38285812
5070 18.38782833 18.38782833 18.38782833
5071 18.39279846 18.39279846 18.39279846
5072 18.39776846 18.39776846 18.39776846
5073 18.40273833 18.40273833 18.40273833
5074 18.4077081 18.4077081 18.4077081
5075 18.41267773 18.41267773 18.41267773
5076 18.41764727 18.41764727 18.41764727
5077 18.42261667 18.42261667 18.42261667
5078 18.42758598 18.42758598 18.42758598
5079 18.43255516 18.43255516 18.43255516
5080 18.43752421 18.43752421 18.43752421
5081 18.44249316 18.44249316 18.44249316
5082 18.44746198 18.44746198 18.44746198
5083 18.4524307 18.4524307 18.4524307
5084 18.4573993 18.4573993 18.4573993
5085 18.46236775 18.46236775 18.46236775
5086 18.46733611 18.46733611 18.46733611
5087 18.47230432 18.47230432 18.47230432
5088 18.47727244 18.47727244 18.47727244
5089 18.48224042 18.48224042 18.48224042
5090 18.4872083 18.4872083 18.4872083
5091 18.49217606 18.49217606 18.49217606
5092 18.49714368 18.49714368 18.49714368
5093 18.5021112 18.5021112 18.5021112
5094 18.50707859 18.50707859 18.50707859
5095 18.51204587 18.51204587 18.51204587
5096 18.517013 18.517013 18.517013
5097 18.52198004 18.52198004 18.52198004
5098 18.52694696 18.52694696 18.52694696
5099 18.53191372 18.53191372 18.53191372
5100 18.5368804 18.5368804 18.5368804
5101 18.54184692 18.54184692 18.54184692
5102 18.54681335 18.54681335 18.54681335
5103 18.55177963 18.55177963 18.55177963
5104 18.55674582 18.55674582 18.55674582
5105 18.56171188 18.56171188 18.56171188
5106 18.5666778 18.5666778 18.5666778
5107 18.57164363 18.57164363 18.57164363
5108 18.57660929 18.57660929 18.57660929
5109 18.58157486 18.58157486 18.58157486
5110 18.58654028 18.58654028 18.58654028
5111 18.59150561 18.59150561 18.59150561
5112 18.59647081 18.59647081 18.59647081
5113 18.60143585 18.60143585 18.60143585
5114 18.6064008 18.6064008 18.6064008
5115 18.6113656 18.6113656 18.6113656
5116 18.6163303 18.6163303 18.6163303
5117 18.62129488 18.62129488 18.62129488
5118 18.6262593 18.6262593 18.6262593
5119 18.63122364 18.63122364 18.63122364
5120 18.63618782 18.63618782 18.63618782
5121 18.64115189 18.64115189 18.64115189
5122 18.64611581 18.64611581 18.64611581
5123 18.65107964 18.65107964 18.65107964
5124 18.65604333 18.65604333 18.65604333
5125 18.66100687 18.66100687 18.66100687
5126 18.66597032 18.66597032 18.66597032
5127 18.67093361 18.67093361 18.67093361
5128 18.6758968 18.6758968 18.6758968
5129 18.68085983 18.68085983 18.68085983
5130 18.68582277 18.68582277 18.68582277
5131 18.69078557 18.69078557 18.69078557
5132 18.69574824 18.69574824 18.69574824
5133 18.70071079 18.70071079 18.70071079
5134 18.70567318 18.70567318 18.70567318
5135 18.71063548 18.71063548 18.71063548
5136 18.71559762 18.71559762 18.71559762
5137 18.72055966 18.72055966 18.72055966
5138 18.72552156 18.72552156 18.72552156
5139 18.73048332 18.73048332 18.73048332
5140 18.73544497 18.73544497 18.73544497
5141 18.74040646 18.74040646 18.74040646
5142 18.74536785 18.74536785 18.74536785
5143 18.75032908 18.75032908 18.75032908
5144 18.75529023 18.75529023 18.75529023
5145 18.76025123 18.76025123 18.76025123
5146 18.76521207 18.76521207 18.76521207
5147 18.77017281 18.77017281 18.77017281
5148 18.77513339 18.77513339 18.77513339
5149 18.78009387 18.78009387 18.78009387
5150 18.78505422 18.78505422 18.78505422
5151 18.7900144 18.7900144 18.7900144
5152 18.79497449 18.79497449 18.79497449
5153 18.79993441 18.79993441 18.79993441
5154 18.80489423 18.80489423 18.80489423
5155 18.80985389 18.80985389 18.80985389
5156 18.81481345 18.81481345 18.81481345
5157 18.81977288 18.81977288 18.81977288
5158 18.82473215 18.82473215 18.82473215
5159 18.8296913 18.8296913 18.8296913
5160 18.8346503 18.8346503 18.8346503
5161 18.83960919 18.83960919 18.83960919
5162 18.84456792 18.84456792 18.84456792
5163 18.84952655 18.84952655 18.84952655
5164 18.85448504 18.85448504 18.85448504
5165 18.85944336 18.85944336 18.85944336
5166 18.86440159 18.86440159 18.86440159
5167 18.86935965 18.86935965 18.86935965
5168 18.8743176 18.8743176 18.8743176
5169 18.8792754 18.8792754 18.8792754
5170 18.88423309 18.88423309 18.88423309
5171 18.88919063 18.88919063 18.88919063
5172 18.89414802 18.89414802 18.89414802
5173 18.8991053 18.8991053 18.8991053
5174 18.90406241 18.90406241 18.90406241
5175 18.90901942 18.90901942 18.90901942
5176 18.91397626 18.91397626 18.91397626
5177 18.91893299 18.91893299 18.91893299
5178 18.92388959 18.92388959 18.92388959
5179 18.92884602 18.92884602 18.92884602
5180 18.93380235 18.93380235 18.93380235
5181 18.93875852 18.93875852 18.93875852
5182 18.94371457 18.94371457 18.94371457
5183 18.94867048 18.94867048 18.94867048
5184 18.95362623 18.95362623 18.95362623
5185 18.95858186 18.95858186 18.95858186
5186 18.96353733 18.96353733 18.96353733
5187 18.9684927 18.9684927 18.9684927
5188 18.97344789 18.97344789 18.97344789
5189 18.97840297 18.97840297 18.97840297
5190 18.98335792 18.98335792 18.98335792
5191 18.9883127 18.9883127 18.9883127
5192 18.99326737 18.99326737 18.99326737
5193 18.99822187 18.99822187 18.99822187
5194 19.00317627 19.00317627 19.00317627
5195 19.00813049 19.00813049 19.00813049
5196 19.0130846 19.0130846 19.0130846
5197 19.01803857 19.01803857 19.01803857
5198 19.02299237 19.02299237 19.02299237
5199 19.02794606 19.02794606 19.02794606
5200 19.03289959 19.03289959 19.03289959
5201 19.03785299 19.03785299 19.03785299
5202 19.04280623 19.04280623 19.04280623
5203 19.04775936 19.04775936 19.04775936
5204 19.05271235 19.05271235 19.05271235
5205 19.05766516 19.05766516 19.05766516
5206 19.06261788 19.06261788 19.06261788
5207 19.06757041 19.06757041 19.06757041
5208 19.07252283 19.07252283 19.07252283
5209 19.07747508 19.07747508 19.07747508
5210 19.08242721 19.08242721 19.08242721
5211 19.08737921 19.08737921 19.08737921
5212 19.09233103 19.09233103 19.09233103
5213 19.09728274 19.09728274 19.09728274
5214 19.10223427 19.10223427 19.10223427
5215 19.10718569 19.10718569 19.10718569
5216 19.11213697 19.11213697 19.11213697
5217 19.11708807 19.11708807 19.11708807
5218 19.12203906 19.12203906 19.12203906
5219 19.1269899 19.1269899 19.1269899
5220 19.1319406 19.1319406 19.1319406
5221 19.13689113 19.13689113 19.13689113
5222 19.14184154 19.14184154 19.14184154
5223 19.14679181 19.14679181 19.14679181
5224 19.1517419 19.1517419 19.1517419
5225 19.15669188 19.15669188 19.15669188
5226 19.16164169 19.16164169 19.16164169
5227 19.16659138 19.16659138 19.16659138
5228 19.17154089 19.17154089 19.17154089
5229 19.17649029 19.17649029 19.17649029
5230 19.18143954 19.18143954 19.18143954
5231 19.18638863 19.18638863 19.18638863
5232 19.19133759 19.19133759 19.19133759
5233 19.19628637 19.19628637 19.19628637
5234 19.20123504 19.20123504 19.20123504
5235 19.20618353 19.20618353 19.20618353
5236 19.2111319 19.2111319 19.2111319
5237 19.21608013 19.21608013 19.21608013
5238 19.22102818 19.22102818 19.22102818
5239 19.22597611 19.22597611 19.22597611
5240 19.23092386 19.23092386 19.23092386
5241 19.2358715 19.2358715 19.2358715
5242 19.24081895 19.24081895 19.24081895
5243 19.24576629 19.24576629 19.24576629
5244 19.2507135 19.2507135 19.2507135
5245 19.25566051 19.25566051 19.25566051
5246 19.2606074 19.2606074 19.2606074
5247 19.26555412 19.26555412 19.26555412
5248 19.27050071 19.27050071 19.27050071
5249 19.27544716 19.27544716 19.27544716
5250 19.28039342 19.28039342 19.28039342
5251 19.28533957 19.28533957 19.28533957
5252 19.29028554 19.29028554 19.29028554
5253 19.29523139 19.29523139 19.29523139
5254 19.30017705 19.30017705 19.30017705
5255 19.3051226 19.3051226 19.3051226
5256 19.31006801 19.31006801 19.31006801
5257 19.31501323 19.31501323 19.31501323
5258 19.31995832 19.31995832 19.31995832
5259 19.32490323 19.32490323 19.32490323
5260 19.32984803 19.32984803 19.32984803
5261 19.33479264 19.33479264 19.33479264
5262 19.33973713 19.33973713 19.33973713
5263 19.34468146 19.34468146 19.34468146
5264 19.34962562 19.34962562 19.34962562
5265 19.35456965 19.35456965 19.35456965
5266 19.3595135 19.3595135 19.3595135
5267 19.36445723 19.36445723 19.36445723
5268 19.36940078 19.36940078 19.36940078
5269 19.37434422 19.37434422 19.37434422
5270 19.37928749 19.37928749 19.37928749
5271 19.38423058 19.38423058 19.38423058
5272 19.38917354 19.38917354 19.38917354
5273 19.39411632 19.39411632 19.39411632
5274 19.39905898 19.39905898 19.39905898
5275 19.40400145 19.40400145 19.40400145
5276 19.4089438 19.4089438 19.4089438
5277 19.41388599 19.41388599 19.41388599
5278 19.418828 19.418828 19.418828
5279 19.42376989 19.42376989 19.42376989
5280 19.42871159 19.42871159 19.42871159
5281 19.43365318 19.43365318 19.43365318
5282 19.4385946 19.4385946 19.4385946
5283 19.44353584 19.44353584 19.44353584
5284 19.44847695 19.44847695 19.44847695
5285 19.45341787 19.45341787 19.45341787
5286 19.45835867 19.45835867 19.45835867
5287 19.46329929 19.46329929 19.46329929
5288 19.46823977 19.46823977 19.46823977
5289 19.4731801 19.4731801 19.4731801
5290 19.47812025 19.47812025 19.47812025
5291 19.48306027 19.48306027 19.48306027
5292 19.4880001 19.4880001 19.4880001
5293 19.49293982 19.49293982 19.49293982
5294 19.49787933 19.49787933 19.49787933
5295 19.50281872 19.50281872 19.50281872
5296 19.50775795 19.50775795 19.50775795
5297 19.512697 19.512697 19.512697
5298 19.51763592 19.51763592 19.51763592
5299 19.52257465 19.52257465 19.52257465
5300 19.52751325 19.52751325 19.52751325
5301 19.53245166 19.53245166 19.53245166
5302 19.53738994 19.53738994 19.53738994
5303 19.54232807 19.54232807 19.54232807
5304 19.547266 19.547266 19.547266
5305 19.55220381 19.55220381 19.55220381
5306 19.55714144 19.55714144 19.55714144
5307 19.56207893 19.56207893 19.56207893
5308 19.56701623 19.56701623 19.56701623
5309 19.5719534 19.5719534 19.5719534
5310 19.57689041 19.57689041 19.57689041
5311 19.58182723 19.58182723 19.58182723
5312 19.58676391 19.58676391 19.58676391
5313 19.59170041 19.59170041 19.59170041
5314 19.59663678 19.59663678 19.59663678
5315 19.60157299 19.60157299 19.60157299
5316 19.606509 19.606509 19.606509
5317 19.61144489 19.61144489 19.61144489
5318 19.6163806 19.6163806 19.6163806
5319 19.62131616 19.62131616 19.62131616
5320 19.62625153 19.62625153 19.62625153
5321 19.63118677 19.63118677 19.63118677
5322 19.63612185 19.63612185 19.63612185
5323 19.64105673 19.64105673 19.64105673
5324 19.64599149 19.64599149 19.64599149
5325 19.65092605 19.65092605 19.65092605
5326 19.65586047 19.65586047 19.65586047
5327 19.66079471 19.66079471 19.66079471
5328 19.66572881 19.66572881 19.66572881
5329 19.67066275 19.67066275 19.67066275
5330 19.6755965 19.6755965 19.6755965
5331 19.68053012 19.68053012 19.68053012
5332 19.68546354 19.68546354 19.68546354
5333 19.69039683 19.69039683 19.69039683
5334 19.69532992 19.69532992 19.69532992
5335 19.70026287 19.70026287 19.70026287
5336 19.70519567 19.70519567 19.70519567
5337 19.71012826 19.71012826 19.71012826
5338 19.71506073 19.71506073 19.71506073
5339 19.719993 19.719993 19.719993
5340 19.72492513 19.72492513 19.72492513
5341 19.72985707 19.72985707 19.72985707
5342 19.73478887 19.73478887 19.73478887
5343 19.73972052 19.73972052 19.73972052
5344 19.74465197 19.74465197 19.74465197
5345 19.74958327 19.74958327 19.74958327
5346 19.75451438 19.75451438 19.75451438
5347 19.75944536 19.75944536 19.75944536
5348 19.76437616 19.76437616 19.76437616
5349 19.76930677 19.76930677 19.76930677
5350 19.77423725 19.77423725 19.77423725
5351 19.77916753 19.77916753 19.77916753
5352 19.78409767 19.78409767 19.78409767
5353 19.78902761 19.78902761 19.78902761
5354 19.79395742 19.79395742 19.79395742
5355 19.79888706 19.79888706 19.79888706
5356 19.80381651 19.80381651 19.80381651
5357 19.80874582 19.80874582 19.80874582
5358 19.81367492 19.81367492 19.81367492
5359 19.81860389 19.81860389 19.81860389
5360 19.82353266 19.82353266 19.82353266
5361 19.82846129 19.82846129 19.82846129
5362 19.83338975 19.83338975 19.83338975
5363 19.83831801 19.83831801 19.83831801
5364 19.84324614 19.84324614 19.84324614
5365 19.84817406 19.84817406 19.84817406
5366 19.85310185 19.85310185 19.85310185
5367 19.85802944 19.85802944 19.85802944
5368 19.8629569 19.8629569 19.8629569
5369 19.86788417 19.86788417 19.86788417
5370 19.87281125 19.87281125 19.87281125
5371 19.87773819 19.87773819 19.87773819
5372 19.88266492 19.88266492 19.88266492
5373 19.88759152 19.88759152 19.88759152
5374 19.89251792 19.89251792 19.89251792
5375 19.89744417 19.89744417 19.89744417
5376 19.90237025 19.90237025 19.90237025
5377 19.90729614 19.90729614 19.90729614
5378 19.91222188 19.91222188 19.91222188
5379 19.91714742 19.91714742 19.91714742
5380 19.92207282 19.92207282 19.92207282
5381 19.92699806 19.92699806 19.92699806
5382 19.93192308 19.93192308 19.93192308
5383 19.93684796 19.93684796 19.93684796
5384 19.94177265 19.94177265 19.94177265
5385 19.94669718 19.94669718 19.94669718
5386 19.95162152 19.95162152 19.95162152
5387 19.95654571 19.95654571 19.95654571
5388 19.96146973 19.96146973 19.96146973
5389 19.96639355 19.96639355 19.96639355
5390 19.97131722 19.97131722 19.97131722
5391 19.97624069 19.97624069 19.97624069
5392 19.98116402 19.98116402 19.98116402
5393 19.98608715 19.98608715 19.98608715
5394 19.99101013 19.99101013 19.99101013
5395 19.99593294 19.99593294 19.99593294
5396 20.00085554 20.00085554 20.00085554
5397 20.00577799 20.00577799 20.00577799
5398 20.01070025 20.01070025 20.01070025
5399 20.01562235 20.01562235 20.01562235
5400 20.02054426 20.02054426 20.02054426
5401 20.02546601 20.02546601 20.02546601
5402 20.03038759 20.03038759 20.03038759
5403 20.03530897 20.03530897 20.03530897
5404 20.0402302 20.0402302 20.0402302
5405 20.04515123 20.04515123 20.04515123
5406 20.05007212 20.05007212 20.05007212
5407 20.0549928 20.0549928 20.0549928
5408 20.05991332 20.05991332 20.05991332
5409 20.06483367 20.06483367 20.06483367
5410 20.06975382 20.06975382 20.06975382
5411 20.07467382 20.07467382 20.07467382
5412 20.07959361 20.07959361 20.07959361
5413 20.08451325 20.08451325 20.08451325
5414 20.08943272 20.08943272 20.08943272
5415 20.09435198 20.09435198 20.09435198
5416 20.09927109 20.09927109 20.09927109
5417 20.10419 20.10419 20.10419
5418 20.10910877 20.10910877 20.10910877
5419 20.11402732 20.11402732 20.11402732
5420 20.11894572 20.11894572 20.11894572
5421 20.12386394 20.12386394 20.12386394
5422 20.12878196 20.12878196 20.12878196
5423 20.13369982 20.13369982 20.13369982
5424 20.13861748 20.13861748 20.13861748
5425 20.14353499 20.14353499 20.14353499
5426 20.14845229 20.14845229 20.14845229
5427 20.15336944 20.15336944 20.15336944
5428 20.15828641 20.15828641 20.15828641
5429 20.16320317 20.16320317 20.16320317
5430 20.1681198 20.1681198 20.1681198
5431 20.1730362 20.1730362 20.1730362
5432 20.17795245 20.17795245 20.17795245
5433 20.1828685 20.1828685 20.1828685
5434 20.18778439 20.18778439 20.18778439
5435 20.1927001 20.1927001 20.1927001
5436 20.1976156 20.1976156 20.1976156
5437 20.20253095 20.20253095 20.20253095
5438 20.20744609 20.20744609 20.20744609
5439 20.21236108 20.21236108 20.21236108
5440 20.21727585 20.21727585 20.21727585
5441 20.22219048 20.22219048 20.22219048
5442 20.22710492 20.22710492 20.22710492
5443 20.23201917 20.23201917 20.23201917
5444 20.23693325 20.23693325 20.23693325
5445 20.24184712 20.24184712 20.24184712
5446 20.24676083 20.24676083 20.24676083
5447 20.25167436 20.25167436 20.25167436
5448 20.25658769 20.25658769 20.25658769
5449 20.26150085 20.26150085 20.26150085
5450 20.26641381 20.26641381 20.26641381
5451 20.27132661 20.27132661 20.27132661
5452 20.2762392 20.2762392 20.2762392
5453 20.28115164 20.28115164 20.28115164
5454 20.28606389 20.28606389 20.28606389
5455 20.29097594 20.29097594 20.29097594
5456 20.29588783 20.29588783 20.29588783
5457 20.3007995 20.3007995 20.3007995
5458 20.30571102 20.30571102 20.30571102
5459 20.31062232 20.31062232 20.31062232
5460 20.31553347 20.31553347 20.31553347
5461 20.32044443 20.32044443 20.32044443
5462 20.32535518 20.32535518 20.32535518
5463 20.33026578 20.33026578 20.33026578
5464 20.33659535 20.33659535 20.33659535
5465 20.3429249 20.3429249 20.3429249
5466 20.34925439 20.34925439 20.34925439
5467 20.35558389 20.35558389 20.35558389
5468 20.36191334 20.36191334 20.36191334
5469 20.36824273 20.36824273 20.36824273
5470 20.37457213 20.37457213 20.37457213
5471 20.38090145 20.38090145 20.38090145
5472 20.38723077 20.38723077 20.38723077
5473 20.39356004 20.39356004 20.39356004
5474 20.39988929 20.39988929 20.39988929
5475 20.4062185 20.4062185 20.4062185
5476 20.41254767 20.41254767 20.41254767
5477 20.41887681 20.41887681 20.41887681
5478 20.42520589 20.42520589 20.42520589
5479 20.43153497 20.43153497 20.43153497
5480 20.43786401 20.43786401 20.43786401
5481 20.44419299 20.44419299 20.44419299
5482 20.45052195 20.45052195 20.45052195
5483 20.45685085 20.45685085 20.45685085
5484 20.46317975 20.46317975 20.46317975
5485 20.46949058 20.46949058 20.46949058
5486 20.47580139 20.47580139 20.47580139
5487 20.48211214 20.48211214 20.48211214
5488 20.48842285 20.48842285 20.48842285
5489 20.49473349 20.49473349 20.49473349
5490 20.5010441 20.5010441 20.5010441
5491 20.50735468 20.50735468 20.50735468
5492 20.51366518 20.51366518 20.51366518
5493 20.51997567 20.51997567 20.51997567
5494 20.52628608 20.52628608 20.52628608
5495 20.53259647 20.53259647 20.53259647
5496 20.53890678 20.53890678 20.53890678
5497 20.54521707 20.54521707 20.54521707
5498 20.55152729 20.55152729 20.55152729
5499 20.55783745 20.55783745 20.55783745
5500 20.56414759 20.56414759 20.56414759
5501 20.57045766 20.57045766 20.57045766
5502 20.5767677 20.5767677 20.5767677
5503 20.58307766 20.58307766 20.58307766
5504 20.58938761 20.58938761 20.58938761
5505 20.59569746 20.59569746 20.59569746
5506 20.60200727 20.60200727 20.60200727
5507 20.60831707 20.60831707 20.60831707
5508 20.61462677 20.61462677 20.61462677
5509 20.62093646 20.62093646 20.62093646
5510 20.62724606 20.62724606 20.62724606
5511 20.63355563 20.63355563 20.63355563
5512 20.63986513 20.63986513 20.63986513
5513 20.6461746 20.6461746 20.6461746
5514 20.65248399 20.65248399 20.65248399
5515 20.65879333 20.65879333 20.65879333
5516 20.66510263 20.66510263 20.66510263
5517 20.67141186 20.67141186 20.67141186
5518 20.67772107 20.67772107 20.67772107
5519 20.68403018 20.68403018 20.68403018
5520 20.69033927 20.69033927 20.69033927
5521 20.69664828 20.69664828 20.69664828
5522 20.70295726 20.70295726 20.70295726
5523 20.70926616 20.70926616 20.70926616
5524 20.71557499 20.71557499 20.71557499
5525 20.7218838 20.7218838 20.7218838
5526 20.72819253 20.72819253 20.72819253
5527 20.73450123 20.73450123 20.73450123
5528 20.74080983 20.74080983 20.74080983
5529 20.74711842 20.74711842 20.74711842
5530 20.75342691 20.75342691 20.75342691
5531 20.75973535 20.75973535 20.75973535
5532 20.76604376 20.76604376 20.76604376
5533 20.77235208 20.77235208 20.77235208
5534 20.77866036 20.77866036 20.77866036
5535 20.78496857 20.78496857 20.78496857
5536 20.79127674 20.79127674 20.79127674
5537 20.79758483 20.79758483 20.79758483
5538 20.80389288 20.80389288 20.80389288
5539 20.81020084 20.81020084 20.81020084
5540 20.81650875 20.81650875 20.81650875
5541 20.82281661 20.82281661 20.82281661
5542 20.82912439 20.82912439 20.82912439
5543 20.83543214 20.83543214 20.83543214
5544 20.84173979 20.84173979 20.84173979
5545 20.84804741 20.84804741 20.84804741
5546 20.85435495 20.85435495 20.85435495
5547 20.86066245 20.86066245 20.86066245
5548 20.86696985 20.86696985 20.86696985
5549 20.8732772 20.8732772 20.8732772
5550 20.87958451 20.87958451 20.87958451
5551 20.88589172 20.88589172 20.88589172
5552 20.89219891 20.89219891 20.89219891
5553 20.898506 20.898506 20.898506
5554 20.90481306 20.90481306 20.90481306
5555 20.91112002 20.91112002 20.91112002
5556 20.9174269 20.9174269 20.9174269
5557 20.92373377 20.92373377 20.92373377
5558 20.93004053 20.93004053 20.93004053
5559 20.93634726 20.93634726 20.93634726
5560 20.9426539 20.9426539 20.9426539
5561 20.94896049 20.94896049 20.94896049
5562 20.95526699 20.95526699 20.95526699
5563 20.96157346 20.96157346 20.96157346
5564 20.96787982 20.96787982 20.96787982
5565 20.97418612 20.97418612 20.97418612
5566 20.98049239 20.98049239 20.98049239
5567 20.98679855 20.98679855 20.98679855
5568 20.99310468 20.99310468 20.99310468
5569 20.9994107 20.9994107 20.9994107
5570 21.00571669 21.00571669 21.00571669
5571 21.01202259 21.01202259 21.01202259
5572 21.01832844 21.01832844 21.01832844
5573 21.02463418 21.02463418 21.02463418
5574 21.03093987 21.03093987 21.03093987
5575 21.03724551 21.03724551 21.03724551
5576 21.04355105 21.04355105 21.04355105
5577 21.04985656 21.04985656 21.04985656
5578 21.05616195 21.05616195 21.05616195
5579 21.06246731 21.06246731 21.06246731
5580 21.06877258 21.06877258 21.06877258
5581 21.07507776 21.07507776 21.07507776
5582 21.08138292 21.08138292 21.08138292
5583 21.08768795 21.08768795 21.08768795
5584 21.09399295 21.09399295 21.09399295
5585 21.10029786 21.10029786 21.10029786
5586 21.10660271 21.10660271 21.10660271
5587 21.11290746 21.11290746 21.11290746
5588 21.11921218 21.11921218 21.11921218
5589 21.12551678 21.12551678 21.12551678
5590 21.1318213 21.1318213 21.1318213
5591 21.1381258 21.1381258 21.1381258
5592 21.14443018 21.14443018 21.14443018
5593 21.15073452 21.15073452 21.15073452
5594 21.15703876 21.15703876 21.15703876
5595 21.16334294 21.16334294 21.16334294
5596 21.16964704 21.16964704 21.16964704
5597 21.17595107 21.17595107 21.17595107
5598 21.182255 21.182255 21.182255
5599 21.18855886 21.18855886 21.18855886
5600 21.19486267 21.19486267 21.19486267
5601 21.20116636 21.20116636 21.20116636
5602 21.20747003 21.20747003 21.20747003
5603 21.21377357 21.21377357 21.21377357
5604 21.22007707 21.22007707 21.22007707
5605 21.22638047 21.22638047 21.22638047
5606 21.23268378 21.23268378 21.23268378
5607 21.23898704 21.23898704 21.23898704
5608 21.24529021 21.24529021 21.24529021
5609 21.25159332 21.25159332 21.25159332
5610 21.25789631 21.25789631 21.25789631
5611 21.26419927 21.26419927 21.26419927
5612 21.27050211 21.27050211 21.27050211
5613 21.27680491 21.27680491 21.27680491
5614 21.28310759 21.28310759 21.28310759
5615 21.28941019 21.28941019 21.28941019
5616 21.29571275 21.29571275 21.29571275
5617 21.30201518 21.30201518 21.30201518
5618 21.30831757 21.30831757 21.30831757
5619 21.31461985 21.31461985 21.31461985
5620 21.32092208 21.32092208 21.32092208
5621 21.32722418 21.32722418 21.32722418
5622 21.33352626 21.33352626 21.33352626
5623 21.3398282 21.3398282 21.3398282
5624 21.34613006 21.34613006 21.34613006
5625 21.35243189 21.35243189 21.35243189
5626 21.35873358 21.35873358 21.35873358
5627 21.36503524 21.36503524 21.36503524
5628 21.37133677 21.37133677 21.37133677
5629 21.37763825 21.37763825 21.37763825
5630 21.38393962 21.38393962 21.38393962
5631 21.3902409 21.3902409 21.3902409
5632 21.39654212 21.39654212 21.39654212
5633 21.40284324 21.40284324 21.40284324
5634 21.40914429 21.40914429 21.40914429
5635 21.41544523 21.41544523 21.41544523
5636 21.42174612 21.42174612 21.42174612
5637 21.42804689 21.42804689 21.42804689
5638 21.4343476 21.4343476 21.4343476
5639 21.4406482 21.4406482 21.4406482
5640 21.44694871 21.44694871 21.44694871
5641 21.45324917 21.45324917 21.45324917
5642 21.4595495 21.4595495 21.4595495
5643 21.46584978 21.46584978 21.46584978
5644 21.47214995 21.47214995 21.47214995
5645 21.47845004 21.47845004 21.47845004
5646 21.48475002 21.48475002 21.48475002
5647 21.49104996 21.49104996 21.49104996
5648 21.49734976 21.49734976 21.49734976
5649 21.50364947 21.50364947 21.50364947
5650 21.50994914 21.50994914 21.50994914
5651 21.51624868 21.51624868 21.51624868
5652 21.52254815 21.52254815 21.52254815
5653 21.52884752 21.52884752 21.52884752
5654 21.53514682 21.53514682 21.53514682
5655 21.541446 21.541446 21.541446
5656 21.54774509 21.54774509 21.54774509
5657 21.55404411 21.55404411 21.55404411
5658 21.56034302 21.56034302 21.56034302
5659 21.56664186 21.56664186 21.56664186
5660 21.57294058 21.57294058 21.57294058
5661 21.57923925 21.57923925 21.57923925
5662 21.58553778 21.58553778 21.58553778
5663 21.59183626 21.59183626 21.59183626
5664 21.59813462 21.59813462 21.59813462
5665 21.60443287 21.60443287 21.60443287
5666 21.61073106 21.61073106 21.61073106
5667 21.61702915 21.61702915 21.61702915
5668 21.62332715 21.62332715 21.62332715
5669 21.62962503 21.62962503 21.62962503
5670 21.63592286 21.63592286 21.63592286
5671 21.64222055 21.64222055 21.64222055
5672 21.64851819 21.64851819 21.64851819
5673 21.65481569 21.65481569 21.65481569
5674 21.6611131 21.6611131 21.6611131
5675 21.66741046 21.66741046 21.66741046
5676 21.67370767 21.67370767 21.67370767
5677 21.68000482 21.68000482 21.68000482
5678 21.68630186 21.68630186 21.68630186
5679 21.69259881 21.69259881 21.69259881
5680 21.69889564 21.69889564 21.69889564
5681 21.70519239 21.70519239 21.70519239
5682 21.71148905 21.71148905 21.71148905
5683 21.71778559 21.71778559 21.71778559
5684 21.72408208 21.72408208 21.72408208
5685 21.73037842 21.73037842 21.73037842
5686 21.7366747 21.7366747 21.7366747
5687 21.74297085 21.74297085 21.74297085
5688 21.74926693 21.74926693 21.74926693
5689 21.75556289 21.75556289 21.75556289
5690 21.76185873 21.76185873 21.76185873
5691 21.76815451 21.76815451 21.76815451
5692 21.77445017 21.77445017 21.77445017
5693 21.78074575 21.78074575 21.78074575
5694 21.7870412 21.7870412 21.7870412
5695 21.79333659 21.79333659 21.79333659
5696 21.79963184 21.79963184 21.79963184
5697 21.80592702 21.80592702 21.80592702
5698 21.81222208 21.81222208 21.81222208
5699 21.81851702 21.81851702 21.81851702
5700 21.82481191 21.82481191 21.82481191
5701 21.83110664 21.83110664 21.83110664
5702 21.83740131 21.83740131 21.83740131
5703 21.84369586 21.84369586 21.84369586
5704 21.84999032 21.84999032 21.84999032
5705 21.85628465 21.85628465 21.85628465
5706 21.86257889 21.86257889 21.86257889
5707 21.86887305 21.86887305 21.86887305
5708 21.87516706 21.87516706 21.87516706
5709 21.88146102 21.88146102 21.88146102
5710 21.88775483 21.88775483 21.88775483
5711 21.89404857 21.89404857 21.89404857
5712 21.90034219 21.90034219 21.90034219
5713 21.90663571 21.90663571 21.90663571
5714 21.91292912 21.91292912 21.91292912
5715 21.9192224 21.9192224 21.9192224
5716 21.92551561 21.92551561 21.92551561
5717 21.9318087 21.9318087 21.9318087
5718 21.9381017 21.9381017 21.9381017
5719 21.94439456 21.94439456 21.94439456
5720 21.95068736 21.95068736 21.95068736
5721 21.95698001 21.95698001 21.95698001
5722 21.96327258 21.96327258 21.96327258
5723 21.96956503 21.96956503 21.96956503
5724 21.97585736 21.97585736 21.97585736
5725 21.98214961 21.98214961 21.98214961
5726 21.98844173 21.98844173 21.98844173
5727 21.99473376 21.99473376 21.99473376
5728 22.00102566 22.00102566 22.00102566
5729 22.00731749 22.00731749 22.00731749
5730 22.01360916 22.01360916 22.01360916
5731 22.01990074 22.01990074 22.01990074
5732 22.02619223 22.02619223 22.02619223
5733 22.03248358 22.03248358 22.03248358
5734 22.03877486 22.03877486 22.03877486
5735 22.04506598 22.04506598 22.04506598
5736 22.05135703 22.05135703 22.05135703
5737 22.05764795 22.05764795 22.05764795
5738 22.06393878 22.06393878 22.06393878
5739 22.07022946 22.07022946 22.07022946
5740 22.07652004 22.07652004 22.07652004
5741 22.08281054 22.08281054 22.08281054
5742 22.08910088 22.08910088 22.08910088
5743 22.09539116 22.09539116 22.09539116
5744 22.10168129 22.10168129 22.10168129
5745 22.10797134 22.10797134 22.10797134
5746 22.11426124 22.11426124 22.11426124
5747 22.12055106 22.12055106 22.12055106
5748 22.12684074 22.12684074 22.12684074
5749 22.1331303 22.1331303 22.1331303
5750 22.13941977 22.13941977 22.13941977
5751 22.14570912 22.14570912 22.14570912
5752 22.15199836 22.15199836 22.15199836
5753 22.15828746 22.15828746 22.15828746
5754 22.1645765 22.1645765 22.1645765
5755 22.17086537 22.17086537 22.17086537
5756 22.17715412 22.17715412 22.17715412
5757 22.18344281 22.18344281 22.18344281
5758 22.18973133 22.18973133 22.18973133
5759 22.19601978 22.19601978 22.19601978
5760 22.20230808 22.20230808 22.20230808
5761 22.20859628 22.20859628 22.20859628
5762 22.21488435 22.21488435 22.21488435
5763 22.22117233 22.22117233 22.22117233
5764 22.22746015 22.22746015 22.22746015
5765 22.23374787 22.23374787 22.23374787
5766 22.24003549 22.24003549 22.24003549
5767 22.24632296 22.24632296 22.24632296
5768 22.25261036 22.25261036 22.25261036
5769 22.2588976 22.2588976 22.2588976
5770 22.26518475 22.26518475 22.26518475
5771 22.27147176 22.27147176 22.27147176
5772 22.27775867 22.27775867 22.27775867
5773 22.28404544 22.28404544 22.28404544
5774 22.29033208 22.29033208 22.29033208
5775 22.29661863 22.29661863 22.29661863
5776 22.30290504 22.30290504 22.30290504
5777 22.30919135 22.30919135 22.30919135
5778 22.31547751 22.31547751 22.31547751
5779 22.3217636 22.3217636 22.3217636
5780 22.32804951 22.32804951 22.32804951
5781 22.33433531 22.33433531 22.33433531
5782 22.34062103 22.34062103 22.34062103
5783 22.34690658 22.34690658 22.34690658
5784 22.35319204 22.35319204 22.35319204
5785 22.35947737 22.35947737 22.35947737
5786 22.36576258 22.36576258 22.36576258
5787 22.37204765 22.37204765 22.37204765
5788 22.37833263 22.37833263 22.37833263
5789 22.38461745 22.38461745 22.38461745
5790 22.39090216 22.39090216 22.39090216
5791 22.39718676 22.39718676 22.39718676
5792 22.40347121 22.40347121 22.40347121
5793 22.40975558 22.40975558 22.40975558
5794 22.41603977 22.41603977 22.41603977
5795 22.42232388 22.42232388 22.42232388
5796 22.42860784 22.42860784 22.42860784
5797 22.4348917 22.4348917 22.4348917
5798 22.4411754 22.4411754 22.4411754
5799 22.44745898 22.44745898 22.44745898
5800 22.45374246 22.45374246 22.45374246
5801 22.46002579 22.46002579 22.46002579
5802 22.46630903 22.46630903 22.46630903
5803 22.4725921 22.4725921 22.4725921
5804 22.47887509 22.47887509 22.47887509
5805 22.4851579 22.4851579 22.4851579
5806 22.49144059 22.49144059 22.49144059
5807 22.4977232 22.4977232 22.4977232
5808 22.50400563 22.50400563 22.50400563
5809 22.51028797 22.51028797 22.51028797
5810 22.51657016 22.51657016 22.51657016
5811 22.52285225 22.52285225 22.52285225
5812 22.52913417 22.52913417 22.52913417
5813 22.53541601 22.53541601 22.53541601
5814 22.54169767 22.54169767 22.54169767
5815 22.54797921 22.54797921 22.54797921
5816 22.55426066 22.55426066 22.55426066
5817 22.56054193 22.56054193 22.56054193
5818 22.56682313 22.56682313 22.56682313
5819 22.57310414 22.57310414 22.57310414
5820 22.57938506 22.57938506 22.57938506
5821 22.58566583 22.58566583 22.58566583
5822 22.59194649 22.59194649 22.59194649
5823 22.59822698 22.59822698 22.59822698
5824 22.60450736 22.60450736 22.60450736
5825 22.61078762 22.61078762 22.61078762
5826 22.61706772 22.61706772 22.61706772
5827 22.62334773 22.62334773 22.62334773
5828 22.62962757 22.62962757 22.62962757
5829 22.6359073 22.6359073 22.6359073
5830 22.64218689 22.64218689 22.64218689
5831 22.64846632 22.64846632 22.64846632
5832 22.65474567 22.65474567 22.65474567
5833 22.66102485 22.66102485 22.66102485
5834 22.66730392 22.66730392 22.66730392
5835 22.67358283 22.67358283 22.67358283
5836 22.67986164 22.67986164 22.67986164
5837 22.68614027 22.68614027 22.68614027
5838 22.69241882 22.69241882 22.69241882
5839 22.69869719 22.69869719 22.69869719
5840 22.70497542 22.70497542 22.70497542
5841 22.71125356 22.71125356 22.71125356
5842 22.71753152 22.71753152 22.71753152
5843 22.72380938 22.72380938 22.72380938
5844 22.73008708 22.73008708 22.73008708
5845 22.73636467 22.73636467 22.73636467
5846 22.7426421 22.7426421 22.7426421
5847 22.74891942 22.74891942 22.74891942
5848 22.75519656 22.75519656 22.75519656
5849 22.76147358 22.76147358 22.76147358
5850 22.76775049 22.76775049 22.76775049
5851 22.77402722 22.77402722 22.77402722
5852 22.78030386 22.78030386 22.78030386
5853 22.78658032 22.78658032 22.78658032
5854 22.79285667 22.79285667 22.79285667
5855 22.79913287 22.79913287 22.79913287
5856 22.80540891 22.80540891 22.80540891
5857 22.81168485 22.81168485 22.81168485
5858 22.81796063 22.81796063 22.81796063
5859 22.82423629 22.82423629 22.82423629
5860 22.83051177 22.83051177 22.83051177
5861 22.83678717 22.83678717 22.83678717
5862 22.84306237 22.84306237 22.84306237
5863 22.84933749 22.84933749 22.84933749
5864 22.85561242 22.85561242 22.85561242
5865 22.8618872 22.8618872 22.8618872
5866 22.86816189 22.86816189 22.86816189
5867 22.8744364 22.8744364 22.8744364
5868 22.8807108 22.8807108 22.8807108
5869 22.88698503 22.88698503 22.88698503
5870 22.89325915 22.89325915 22.89325915
5871 22.89953308 22.89953308 22.89953308
5872 22.90580693 22.90580693 22.90580693
5873 22.91208058 22.91208058 22.91208058
5874 22.91835409 22.91835409 22.91835409
5875 22.92462751 22.92462751 22.92462751
5876 22.93090074 22.93090074 22.93090074
5877 22.93717387 22.93717387 22.93717387
5878 22.9434468 22.9434468 22.9434468
5879 22.94971963 22.94971963 22.94971963
5880 22.9559923 22.9559923 22.9559923
5881 22.96226481 22.96226481 22.96226481
5882 22.9685372 22.9685372 22.9685372
5883 22.97480944 22.97480944 22.97480944
5884 22.98108154 22.98108154 22.98108154
5885 22.98735347 22.98735347 22.98735347
5886 22.99362531 22.99362531 22.99362531
5887 22.99989694 22.99989694 22.99989694
5888 23.00616847 23.00616847 23.00616847
5889 23.01243983 23.01243983 23.01243983
5890 23.01871103 23.01871103 23.01871103
5891 23.02498213 23.02498213 23.02498213
5892 23.03125304 23.03125304 23.03125304
5893 23.03752384 23.03752384 23.03752384
5894 23.04379447 23.04379447 23.04379447
5895 23.05006497 23.05006497 23.05006497
5896 23.05633529 23.05633529 23.05633529
5897 23.06260551 23.06260551 23.06260551
5898 23.06887553 23.06887553 23.06887553
5899 23.07514541 23.07514541 23.07514541
5900 23.08141518 23.08141518 23.08141518
5901 23.08768476 23.08768476 23.08768476
5902 23.09395423 23.09395423 23.09395423
5903 23.10022352 23.10022352 23.10022352
5904 23.10649269 23.10649269 23.10649269
5905 23.11276169 23.11276169 23.11276169
5906 23.11903052 23.11903052 23.11903052
5907 23.12529924 23.12529924 23.12529924
5908 23.13156779 23.13156779 23.13156779
5909 23.1378362 23.1378362 23.1378362
5910 23.14410444 23.14410444 23.14410444
5911 23.15037257 23.15037257 23.15037257
5912 23.1566405 23.1566405 23.1566405
5913 23.16290831 23.16290831 23.16290831
5914 23.16917596 23.16917596 23.16917596
5915 23.17544343 23.17544343 23.17544343
5916 23.18171079 23.18171079 23.18171079
5917 23.18797798 23.18797798 23.18797798
5918 23.19424504 23.19424504 23.19424504
5919 23.2005119 23.2005119 23.2005119
5920 23.20677867 23.20677867 23.20677867
5921 23.21304523 23.21304523 23.21304523
5922 23.21931169 23.21931169 23.21931169
5923 23.22557795 23.22557795 23.22557795
5924 23.23184405 23.23184405 23.23184405
5925 23.23811005 23.23811005 23.23811005
5926 23.24437585 23.24437585 23.24437585
5927 23.25064152 23.25064152 23.25064152
5928 23.25690702 23.25690702 23.25690702
5929 23.26317239 23.26317239 23.26317239
5930 23.26943757 23.26943757 23.26943757
5931 23.27570261 23.27570261 23.27570261
5932 23.28196751 23.28196751 23.28196751
5933 23.28823222 23.28823222 23.28823222
5934 23.29449682 23.29449682 23.29449682
5935 23.30076122 23.30076122 23.30076122
5936 23.30702552 23.30702552 23.30702552
5937 23.31328961 23.31328961 23.31328961
5938 23.31955357 23.31955357 23.31955357
5939 23.32581736 23.32581736 23.32581736
5940 23.33208098 23.33208098 23.33208098
5941 23.33834447 23.33834447 23.33834447
5942 23.34460779 23.34460779 23.34460779
5943 23.35087097 23.35087097 23.35087097
5944 23.35713396 23.35713396 23.35713396
5945 23.36339684 23.36339684 23.36339684
5946 23.36965951 23.36965951 23.36965951
5947 23.37592205 23.37592205 23.37592205
5948 23.38218442 23.38218442 23.38218442
5949 23.38844662 23.38844662 23.38844662
5950 23.3947087 23.3947087 23.3947087
5951 23.40097058 23.40097058 23.40097058
5952 23.40723233 23.40723233 23.40723233
5953 23.4134939 23.4134939 23.4134939
5954 23.41975534 23.41975534 23.41975534
5955 23.42601657 23.42601657 23.42601657
5956 23.43227767 23.43227767 23.43227767
5957 23.43853862 23.43853862 23.43853862
5958 23.44479937 23.44479937 23.44479937
5959 23.45106002 23.45106002 23.45106002
5960 23.45732045 23.45732045 23.45732045
5961 23.46358076 23.46358076 23.46358076
5962 23.46984088 23.46984088 23.46984088
5963 23.47610086 23.47610086 23.47610086
5964 23.48236066 23.48236066 23.48236066
5965 23.48862029 23.48862029 23.48862029
5966 23.49487978 23.49487978 23.49487978
5967 23.5011391 23.5011391 23.5011391
5968 23.50739827 23.50739827 23.50739827
5969 23.51365724 23.51365724 23.51365724
5970 23.5199161 23.5199161 23.5199161
5971 23.52617475 23.52617475 23.52617475
5972 23.53243326 23.53243326 23.53243326
5973 23.53869159 23.53869159 23.53869159
5974 23.54494975 23.54494975 23.54494975
5975 23.55120777 23.55120777 23.55120777
5976 23.55746561 23.55746561 23.55746561
5977 23.56372331 23.56372331 23.56372331
5978 23.5699808 23.5699808 23.5699808
5979 23.57623818 23.57623818 23.57623818
5980 23.58249534 23.58249534 23.58249534
5981 23.58875236 23.58875236 23.58875236
5982 23.59500922 23.59500922 23.59500922
5983 23.60126589 23.60126589 23.60126589
5984 23.60752244 23.60752244 23.60752244
5985 23.61377877 23.61377877 23.61377877
5986 23.62003498 23.62003498 23.62003498
5987 23.62629099 23.62629099 23.62629099
5988 23.63254686 23.63254686 23.63254686
5989 23.63880252 23.63880252 23.63880252
5990 23.64505804 23.64505804 23.64505804
5991 23.6513134 23.6513134 23.6513134
5992 23.65756856 23.65756856 23.65756856
5993 23.66382361 23.66382361 23.66382361
5994 23.67007843 23.67007843 23.67007843
5995 23.67633314 23.67633314 23.67633314
5996 23.68258763 23.68258763 23.68258763
5997 23.68884198 23.68884198 23.68884198
5998 23.69509615 23.69509615 23.69509615
5999 23.70135013 23.70135013 23.70135013
6000 23.70760397 23.70760397 23.70760397
6001 23.71385763 23.71385763 23.71385763
6002 23.72011114 23.72011114 23.72011114
6003 23.72636444 23.72636444 23.72636444
6004 23.73261762 23.73261762 23.73261762
6005 23.73887058 23.73887058 23.73887058
6006 23.74512337 23.74512337 23.74512337
6007 23.75137603 23.75137603 23.75137603
6008 23.75762848 23.75762848 23.75762848
6009 23.7638808 23.7638808 23.7638808
6010 23.77013291 23.77013291 23.77013291
6011 23.77638487 23.77638487 23.77638487
6012 23.78263665 23.78263665 23.78263665
6013 23.78888827 23.78888827 23.78888827
6014 23.79513968 23.79513968 23.79513968
6015 23.80139094 23.80139094 23.80139094
6016 23.80764204 23.80764204 23.80764204
6017 23.81389294 23.81389294 23.81389294
6018 23.82014371 23.82014371 23.82014371
6019 23.82639426 23.82639426 23.82639426
6020 23.83264467 23.83264467 23.83264467
6021 23.83889489 23.83889489 23.83889489
6022 23.84514495 23.84514495 23.84514495
6023 23.85139482 23.85139482 23.85139482
6024 23.85764449 23.85764449 23.85764449
6025 23.86389403 23.86389403 23.86389403
6026 23.87014338 23.87014338 23.87014338
6027 23.87639256 23.87639256 23.87639256
6028 23.88264154 23.88264154 23.88264154
6029 23.88889039 23.88889039 23.88889039
6030 23.89513902 23.89513902 23.89513902
6031 23.90138747 23.90138747 23.90138747
6032 23.90763579 23.90763579 23.90763579
6033 23.91388389 23.91388389 23.91388389
6034 23.92013185 23.92013185 23.92013185
6035 23.92637961 23.92637961 23.92637961
6036 23.93262721 23.93262721 23.93262721
6037 23.9388746 23.9388746 23.9388746
6038 23.94512186 23.94512186 23.94512186
6039 23.9513689 23.9513689 23.9513689
6040 23.95761577 23.95761577 23.95761577
6041 23.96386248 23.96386248 23.96386248
6042 23.97010898 23.97010898 23.97010898
6043 23.97635535 23.97635535 23.97635535
6044 23.9826015 23.9826015 23.9826015
6045 23.9888475 23.9888475 23.9888475
6046 23.9950933 23.9950933 23.9950933
6047 24.00133894 24.00133894 24.00133894
6048 24.00758437 24.00758437 24.00758437
6049 24.01382963 24.01382963 24.01382963
6050 24.02007473 24.02007473 24.02007473
6051 24.02631962 24.02631962 24.02631962
6052 24.03256438 24.03256438 24.03256438
6053 24.03880891 24.03880891 24.03880891
6054 24.0450533 24.0450533 24.0450533
6055 24.05129747 24.05129747 24.05129747
6056 24.05754145 24.05754145 24.05754145
6057 24.06378531 24.06378531 24.06378531
6058 24.07002893 24.07002893 24.07002893
6059 24.0762724 24.0762724 24.0762724
6060 24.08251568 24.08251568 24.08251568
6061 24.08875879 24.08875879 24.08875879
6062 24.09500168 24.09500168 24.09500168
6063 24.10124444 24.10124444 24.10124444
6064 24.10748697 24.10748697 24.10748697
6065 24.11372932 24.11372932 24.11372932
6066 24.11997153 24.11997153 24.11997153
6067 24.12621351 24.12621351 24.12621351
6068 24.13245536 24.13245536 24.13245536
6069 24.13869697 24.13869697 24.13869697
6070 24.14493843 24.14493843 24.14493843
6071 24.15117969 24.15117969 24.15117969
6072 24.15742079 24.15742079 24.15742079
6073 24.16366166 24.16366166 24.16366166
6074 24.16990237 24.16990237 24.16990237
6075 24.17614291 24.17614291 24.17614291
6076 24.18238323 24.18238323 24.18238323
6077 24.18862342 24.18862342 24.18862342
6078 24.19486337 24.19486337 24.19486337
6079 24.20110317 24.20110317 24.20110317
6080 24.20734276 24.20734276 24.20734276
6081 24.21358216 24.21358216 24.21358216
6082 24.21982141 24.21982141 24.21982141
6083 24.22606044 24.22606044 24.22606044
6084 24.2322993 24.2322993 24.2322993
6085 24.23853797 24.23853797 24.23853797
6086 24.24477646 24.24477646 24.24477646
6087 24.25101474 24.25101474 24.25101474
6088 24.25725287 24.25725287 24.25725287
6089 24.26349077 24.26349077 24.26349077
6090 24.26972848 24.26972848 24.26972848
6091 24.27596605 24.27596605 24.27596605
6092 24.28220339 24.28220339 24.28220339
6093 24.28844057 24.28844057 24.28844057
6094 24.29467754 24.29467754 24.29467754
6095 24.30091434 24.30091434 24.30091434
6096 24.30715094 24.30715094 24.30715094
6097 24.31338736 24.31338736 24.31338736
6098 24.31962356 24.31962356 24.31962356
6099 24.32585959 24.32585959 24.32585959
6100 24.33209544 24.33209544 24.33209544
6101 24.33833108 24.33833108 24.33833108
6102 24.34456657 24.34456657 24.34456657
6103 24.35080182 24.35080182 24.35080182
6104 24.35703691 24.35703691 24.35703691
6105 24.3632718 24.3632718 24.3632718
6106 24.36950648 24.36950648 24.36950648
6107 24.375741 24.375741 24.375741
6108 24.38197531 24.38197531 24.38197531
6109 24.38820945 24.38820945 24.38820945
6110 24.39444336 24.39444336 24.39444336
6111 24.40067713 24.40067713 24.40067713
6112 24.40691066 24.40691066 24.40691066
6113 24.41314405 24.41314405 24.41314405
6114 24.41937719 24.41937719 24.41937719
6115 24.42561015 24.42561015 24.42561015
6116 24.43184295 24.43184295 24.43184295
6117 24.43807552 24.43807552 24.43807552
6118 24.44430793 24.44430793 24.44430793
6119 24.45054012 24.45054012 24.45054012
6120 24.45677214 24.45677214 24.45677214
6121 24.46300393 24.46300393 24.46300393
6122 24.46923558 24.46923558 24.46923558
6123 24.47546698 24.47546698 24.47546698
6124 24.48169819 24.48169819 24.48169819
6125 24.48792926 24.48792926 24.48792926
6126 24.49416008 24.49416008 24.49416008
6127 24.50039075 24.50039075 24.50039075
6128 24.50662118 24.50662118 24.50662118
6129 24.51285145 24.51285145 24.51285145
6130 24.5190815 24.5190815 24.5190815
6131 24.52531134 24.52531134 24.52531134
6132 24.53154102 24.53154102 24.53154102
6133 24.53777049 24.53777049 24.53777049
6134 24.54399978 24.54399978 24.54399978
6135 24.55022884 24.55022884 24.55022884
6136 24.55645775 24.55645775 24.55645775
6137 24.56268641 24.56268641 24.56268641
6138 24.56891491 24.56891491 24.56891491
6139 24.5751432 24.5751432 24.5751432
6140 24.58137127 24.58137127 24.58137127
6141 24.58759919 24.58759919 24.58759919
6142 24.59382687 24.59382687 24.59382687
6143 24.60005438 24.60005438 24.60005438
6144 24.60628168 24.60628168 24.60628168
6145 24.61250879 24.61250879 24.61250879
6146 24.61873568 24.61873568 24.61873568
6147 24.62496241 24.62496241 24.62496241
6148 24.6311889 24.6311889 24.6311889
6149 24.63741518 24.63741518 24.63741518
6150 24.64364132 24.64364132 24.64364132
6151 24.64986721 24.64986721 24.64986721
6152 24.65609293 24.65609293 24.65609293
6153 24.66231843 24.66231843 24.66231843
6154 24.66854375 24.66854375 24.66854375
6155 24.67476885 24.67476885 24.67476885
6156 24.68099374 24.68099374 24.68099374
6157 24.68721846 24.68721846 24.68721846
6158 24.69344296 24.69344296 24.69344296
6159 24.69966728 24.69966728 24.69966728
6160 24.70589136 24.70589136 24.70589136
6161 24.71211529 24.71211529 24.71211529
6162 24.71833897 24.71833897 24.71833897
6163 24.72456248 24.72456248 24.72456248
6164 24.73078577 24.73078577 24.73078577
6165 24.73700885 24.73700885 24.73700885
6166 24.74323175 24.74323175 24.74323175
6167 24.74945444 24.74945444 24.74945444
6168 24.75567694 24.75567694 24.75567694
6169 24.7618992 24.7618992 24.7618992
6170 24.76812131 24.76812131 24.76812131
6171 24.77434316 24.77434316 24.77434316
6172 24.78056487 24.78056487 24.78056487
6173 24.78678631 24.78678631 24.78678631
6174 24.79300756 24.79300756 24.79300756
6175 24.79922865 24.79922865 24.79922865
6176 24.80544949 24.80544949 24.80544949
6177 24.81167015 24.81167015 24.81167015
6178 24.81789059 24.81789059 24.81789059
6179 24.82411085 24.82411085 24.82411085
6180 24.83033087 24.83033087 24.83033087
6181 24.8365507 24.8365507 24.8365507
6182 24.84277034 24.84277034 24.84277034
6183 24.84898974 24.84898974 24.84898974
6184 24.85520898 24.85520898 24.85520898
6185 24.86142797 24.86142797 24.86142797
6186 24.86764681 24.86764681 24.86764681
6187 24.87386538 24.87386538 24.87386538
6188 24.88008379 24.88008379 24.88008379
6189 24.88630197 24.88630197 24.88630197
6190 24.89251992 24.89251992 24.89251992
6191 24.89873771 24.89873771 24.89873771
6192 24.90495527 24.90495527 24.90495527
6193 24.91117264 24.91117264 24.91117264
6194 24.91738976 24.91738976 24.91738976
6195 24.92360673 24.92360673 24.92360673
6196 24.92982345 24.92982345 24.92982345
6197 24.93603998 24.93603998 24.93603998
6198 24.94225629 24.94225629 24.94225629
6199 24.94847238 24.94847238 24.94847238
6200 24.95468831 24.95468831 24.95468831
6201 24.96090398 24.96090398 24.96090398
6202 24.96711947 24.96711947 24.96711947
6203 24.97333474 24.97333474 24.97333474
6204 24.97954981 24.97954981 24.97954981
6205 24.98576464 24.98576464 24.98576464
6206 24.99197928 24.99197928 24.99197928
6207 24.99819373 24.99819373 24.99819373
6208 25.00440793 25.00440793 25.00440793
6209 25.01062197 25.01062197 25.01062197
6210 25.01683575 25.01683575 25.01683575
6211 25.02304936 25.02304936 25.02304936
6212 25.02926273 25.02926273 25.02926273
6213 25.03547591 25.03547591 25.03547591
6214 25.04168886 25.04168886 25.04168886
6215 25.04790159 25.04790159 25.04790159
6216 25.05411414 25.05411414 25.05411414
6217 25.06032645 25.06032645 25.06032645
6218 25.06653858 25.06653858 25.06653858
6219 25.07275045 25.07275045 25.07275045
6220 25.07896217 25.07896217 25.07896217
6221 25.08517362 25.08517362 25.08517362
6222 25.09138489 25.09138489 25.09138489
6223 25.09759594 25.09759594 25.09759594
6224 25.10380675 25.10380675 25.10380675
6225 25.11001738 25.11001738 25.11001738
6226 25.11622779 25.11622779 25.11622779
6227 25.12243799 25.12243799 25.12243799
6228 25.12864795 25.12864795 25.12864795
6229 25.13485775 25.13485775 25.13485775
6230 25.14106728 25.14106728 25.14106728
6231 25.14727661 25.14727661 25.14727661
6232 25.15348575 25.15348575 25.15348575
6233 25.15969463 25.15969463 25.15969463
6234 25.16590336 25.16590336 25.16590336
6235 25.17211181 25.17211181 25.17211181
6236 25.17832009 25.17832009 25.17832009
6237 25.18452813 25.18452813 25.18452813
6238 25.19073598 25.19073598 25.19073598
6239 25.19694357 25.19694357 25.19694357
6240 25.20315097 25.20315097 25.20315097
6241 25.20935816 25.20935816 25.20935816
6242 25.21556511 25.21556511 25.21556511
6243 25.22177189 25.22177189 25.22177189
6244 25.2279784 25.2279784 25.2279784
6245 25.23418475 25.23418475 25.23418475
6246 25.24039083 25.24039083 25.24039083
6247 25.24659673 25.24659673 25.24659673
6248 25.25280239 25.25280239 25.25280239
6249 25.25900781 25.25900781 25.25900781
6250 25.26521306 25.26521306 25.26521306
6251 25.27141806 25.27141806 25.27141806
6252 25.27762287 25.27762287 25.27762287
6253 25.28382743 25.28382743 25.28382743
6254 25.29003181 25.29003181 25.29003181
6255 25.29623593 25.29623593 25.29623593
6256 25.30243983 25.30243983 25.30243983
6257 25.30864356 25.30864356 25.30864356
6258 25.31484702 25.31484702 25.31484702
6259 25.32105031 25.32105031 25.32105031
6260 25.32725333 25.32725333 25.32725333
6261 25.33345617 25.33345617 25.33345617
6262 25.33965876 25.33965876 25.33965876
6263 25.34586116 25.34586116 25.34586116
6264 25.3520633 25.3520633 25.3520633
6265 25.35826524 25.35826524 25.35826524
6266 25.36446697 25.36446697 25.36446697
6267 25.37066845 25.37066845 25.37066845
6268 25.37686976 25.37686976 25.37686976
6269 25.3830708 25.3830708 25.3830708
6270 25.38927165 25.38927165 25.38927165
6271 25.39547226 25.39547226 25.39547226
6272 25.40167267 25.40167267 25.40167267
6273 25.40787283 25.40787283 25.40787283
6274 25.41407276 25.41407276 25.41407276
6275 25.4202725 25.4202725 25.4202725
6276 25.426472 25.426472 25.426472
6277 25.4326713 25.4326713 25.4326713
6278 25.43887034 25.43887034 25.43887034
6279 25.4450692 25.4450692 25.4450692
6280 25.4512678 25.4512678 25.4512678
6281 25.45746617 25.45746617 25.45746617
6282 25.46366436 25.46366436 25.46366436
6283 25.46986228 25.46986228 25.46986228
6284 25.47606002 25.47606002 25.47606002
6285 25.48225751 25.48225751 25.48225751
6286 25.48845479 25.48845479 25.48845479
6287 25.49465182 25.49465182 25.49465182
6288 25.50084867 25.50084867 25.50084867
6289 25.50704525 25.50704525 25.50704525
6290 25.51324162 25.51324162 25.51324162
6291 25.51943778 25.51943778 25.51943778
6292 25.52563368 25.52563368 25.52563368
6293 25.53182941 25.53182941 25.53182941
6294 25.53802486 25.53802486 25.53802486
6295 25.54422012 25.54422012 25.54422012
6296 25.55041513 25.55041513 25.55041513
6297 25.55660994 25.55660994 25.55660994
6298 25.56280449 25.56280449 25.56280449
6299 25.56899883 25.56899883 25.56899883
6300 25.57519296 25.57519296 25.57519296
6301 25.58138682 25.58138682 25.58138682
6302 25.58758051 25.58758051 25.58758051
6303 25.59377393 25.59377393 25.59377393
6304 25.59996716 25.59996716 25.59996716
6305 25.60616012 25.60616012 25.60616012
6306 25.61235285 25.61235285 25.61235285
6307 25.61854541 25.61854541 25.61854541
6308 25.62473768 25.62473768 25.62473768
6309 25.63092977 25.63092977 25.63092977
6310 25.6371216 25.6371216 25.6371216
6311 25.64331323 25.64331323 25.64331323
6312 25.64950459 25.64950459 25.64950459
6313 25.65569577 25.65569577 25.65569577
6314 25.66188668 25.66188668 25.66188668
6315 25.66807735 25.66807735 25.66807735
6316 25.67426785 25.67426785 25.67426785
6317 25.68045806 25.68045806 25.68045806
6318 25.6866481 25.6866481 25.6866481
6319 25.69283786 25.69283786 25.69283786
6320 25.69902742 25.69902742 25.69902742
6321 25.70521673 25.70521673 25.70521673
6322 25.71140583 25.71140583 25.71140583
6323 25.71759467 25.71759467 25.71759467
6324 25.72378329 25.72378329 25.72378329
6325 25.7299717 25.7299717 25.7299717
6326 25.73615984 25.73615984 25.73615984
6327 25.7423478 25.7423478 25.7423478
6328 25.74853548 25.74853548 25.74853548
6329 25.75472297 25.75472297 25.75472297
6330 25.7609102 25.7609102 25.7609102
6331 25.76709718 25.76709718 25.76709718
6332 25.77328399 25.77328399 25.77328399
6333 25.77947051 25.77947051 25.77947051
6334 25.78565683 25.78565683 25.78565683
6335 25.7918429 25.7918429 25.7918429
6336 25.79802876 25.79802876 25.79802876
6337 25.80421435 25.80421435 25.80421435
6338 25.81039976 25.81039976 25.81039976
6339 25.81658488 25.81658488 25.81658488
6340 25.82276977 25.82276977 25.82276977
6341 25.82895448 25.82895448 25.82895448
6342 25.8351389 25.8351389 25.8351389
6343 25.84132313 25.84132313 25.84132313
6344 25.8475071 25.8475071 25.8475071
6345 25.85369086 25.85369086 25.85369086
6346 25.85987436 25.85987436 25.85987436
6347 25.86605764 25.86605764 25.86605764
6348 25.87224066 25.87224066 25.87224066
6349 25.87842346 25.87842346 25.87842346
6350 25.88460604 25.88460604 25.88460604
6351 25.89078835 25.89078835 25.89078835
6352 25.89697048 25.89697048 25.89697048
6353 25.90315232 25.90315232 25.90315232
6354 25.90933396 25.90933396 25.90933396
6355 25.91551535 25.91551535 25.91551535
6356 25.92169648 25.92169648 25.92169648
6357 25.92787741 25.92787741 25.92787741
6358 25.93405809 25.93405809 25.93405809
6359 25.94023855 25.94023855 25.94023855
6360 25.94641873 25.94641873 25.94641873
6361 25.95259873 25.95259873 25.95259873
6362 25.95877845 25.95877845 25.95877845
6363 25.96495797 25.96495797 25.96495797
6364 25.97113721 25.97113721 25.97113721
6365 25.97731621 25.97731621 25.97731621
6366 25.98349503 25.98349503 25.98349503
6367 25.98967355 25.98967355 25.98967355
6368 25.99585187 25.99585187 25.99585187
6369 26.00202994 26.00202994 26.00202994
6370 26.00820778 26.00820778 26.00820778
6371 26.01438536 26.01438536 26.01438536
6372 26.02056274 26.02056274 26.02056274
6373 26.02673983 26.02673983 26.02673983
6374 26.03291669 26.03291669 26.03291669
6375 26.03909335 26.03909335 26.03909335
6376 26.04526973 26.04526973 26.04526973
6377 26.05144592 26.05144592 26.05144592
6378 26.05762181 26.05762181 26.05762181
6379 26.06379751 26.06379751 26.06379751
6380 26.06997294 26.06997294 26.06997294
6381 26.07614812 26.07614812 26.07614812
6382 26.08232309 26.08232309 26.08232309
6383 26.0884978 26.0884978 26.0884978
6384 26.09467229 26.09467229 26.09467229
6385 26.1008465 26.1008465 26.1008465
6386 26.10702053 26.10702053 26.10702053
6387 26.11319426 26.11319426 26.11319426
6388 26.11936778 26.11936778 26.11936778
6389 26.12554105 26.12554105 26.12554105
6390 26.13171405 26.13171405 26.13171405
6391 26.13788687 26.13788687 26.13788687
6392 26.14405939 26.14405939 26.14405939
6393 26.15023171 26.15023171 26.15023171
6394 26.15640376 26.15640376 26.15640376
6395 26.1625756 26.1625756 26.1625756
6396 26.16874715 26.16874715 26.16874715
6397 26.17491851 26.17491851 26.17491851
6398 26.18108958 26.18108958 26.18108958
6399 26.1872604 26.1872604 26.1872604
6400 26.19343103 26.19343103 26.19343103
6401 26.19960137 26.19960137 26.19960137
6402 26.2057715 26.2057715 26.2057715
6403 26.21194137 26.21194137 26.21194137
6404 26.21811101 26.21811101 26.21811101
6405 26.22428038 26.22428038 26.22428038
6406 26.2304495 26.2304495 26.2304495
6407 26.23661841 26.23661841 26.23661841
6408 26.24278705 26.24278705 26.24278705
6409 26.24895547 26.24895547 26.24895547
6410 26.25512361 26.25512361 26.25512361
6411 26.26129156 26.26129156 26.26129156
6412 26.2674592 26.2674592 26.2674592
6413 26.27362664 26.27362664 26.27362664
6414 26.27979382 26.27979382 26.27979382
6415 26.28596073 26.28596073 26.28596073
6416 26.29212743 26.29212743 26.29212743
6417 26.29829386 26.29829386 26.29829386
6418 26.30446007 26.30446007 26.30446007
6419 26.310626 26.310626 26.310626
6420 26.31679173 26.31679173 26.31679173
6421 26.32295716 26.32295716 26.32295716
6422 26.3291224 26.3291224 26.3291224
6423 26.33528734 26.33528734 26.33528734
6424 26.34145203 26.34145203 26.34145203
6425 26.34761653 26.34761653 26.34761653
6426 26.35378072 26.35378072 26.35378072
6427 26.35994471 26.35994471 26.35994471
6428 26.36610843 26.36610843 26.36610843
6429 26.37227192 26.37227192 26.37227192
6430 26.37843512 26.37843512 26.37843512
6431 26.38459809 26.38459809 26.38459809
6432 26.39076084 26.39076084 26.39076084
6433 26.3969233 26.3969233 26.3969233
6434 26.40308556 26.40308556 26.40308556
6435 26.40924752 26.40924752 26.40924752
6436 26.41540929 26.41540929 26.41540929
6437 26.42157075 26.42157075 26.42157075
6438 26.427732 26.427732 26.427732
6439 26.43389298 26.43389298 26.43389298
6440 26.44005369 26.44005369 26.44005369
6441 26.4462142 26.4462142 26.4462142
6442 26.45237443 26.45237443 26.45237443
6443 26.45853443 26.45853443 26.45853443
6444 26.46469414 26.46469414 26.46469414
6445 26.47085366 26.47085366 26.47085366
6446 26.47701287 26.47701287 26.47701287
6447 26.48317187 26.48317187 26.48317187
6448 26.48933059 26.48933059 26.48933059
6449 26.49548905 26.49548905 26.49548905
6450 26.50164731 26.50164731 26.50164731
6451 26.50780527 26.50780527 26.50780527
6452 26.51396301 26.51396301 26.51396301
6453 26.52012048 26.52012048 26.52012048
6454 26.52627772 26.52627772 26.52627772
6455 26.53243467 26.53243467 26.53243467
6456 26.53859138 26.53859138 26.53859138
6457 26.54474786 26.54474786 26.54474786
6458 26.55090405 26.55090405 26.55090405
6459 26.55706004 26.55706004 26.55706004
6460 26.56321573 26.56321573 26.56321573
6461 26.5693712 26.5693712 26.5693712
6462 26.5755264 26.5755264 26.5755264
6463 26.58168136 26.58168136 26.58168136
6464 26.58783605 26.58783605 26.58783605
6465 26.59399047 26.59399047 26.59399047
6466 26.60014467 26.60014467 26.60014467
6467 26.6062986 26.6062986 26.6062986
6468 26.61245229 26.61245229 26.61245229
6469 26.61860569 26.61860569 26.61860569
6470 26.62475889 26.62475889 26.62475889
6471 26.63091179 26.63091179 26.63091179
6472 26.63706443 26.63706443 26.63706443
6473 26.64321686 26.64321686 26.64321686
6474 26.64936899 26.64936899 26.64936899
6475 26.6555209 26.6555209 26.6555209
6476 26.66167254 26.66167254 26.66167254
6477 26.66782394 26.66782394 26.66782394
6478 26.67397504 26.67397504 26.67397504
6479 26.68012595 26.68012595 26.68012595
6480 26.68627654 26.68627654 26.68627654
6481 26.6924269 26.6924269 26.6924269
6482 26.69857702 26.69857702 26.69857702
6483 26.70472684 26.70472684 26.70472684
6484 26.71087646 26.71087646 26.71087646
6485 26.71702578 26.71702578 26.71702578
6486 26.72317487 26.72317487 26.72317487
6487 26.72932368 26.72932368 26.72932368
6488 26.73547226 26.73547226 26.73547226
6489 26.74162055 26.74162055 26.74162055
6490 26.74776859 26.74776859 26.74776859
6491 26.7539164 26.7539164 26.7539164
6492 26.76006391 26.76006391 26.76006391
6493 26.76621121 26.76621121 26.76621121
6494 26.77235821 26.77235821 26.77235821
6495 26.778505 26.778505 26.778505
6496 26.78465147 26.78465147 26.78465147
6497 26.79079769 26.79079769 26.79079769
6498 26.79694371 26.79694371 26.79694371
6499 26.80308941 26.80308941 26.80308941
6500 26.80923489 26.80923489 26.80923489
6501 26.81538009 26.81538009 26.81538009
6502 26.82152505 26.82152505 26.82152505
6503 26.82766971 26.82766971 26.82766971
6504 26.83381417 26.83381417 26.83381417
6505 26.83995831 26.83995831 26.83995831
6506 26.8461022 26.8461022 26.8461022
6507 26.85224588 26.85224588 26.85224588
6508 26.85838924 26.85838924 26.85838924
6509 26.8645324 26.8645324 26.8645324
6510 26.87067524 26.87067524 26.87067524
6511 26.87681786 26.87681786 26.87681786
6512 26.8829602 26.8829602 26.8829602
6513 26.8891023 26.8891023 26.8891023
6514 26.8952441 26.8952441 26.8952441
6515 26.90138565 26.90138565 26.90138565
6516 26.90752696 26.90752696 26.90752696
6517 26.91366798 26.91366798 26.91366798
6518 26.91980878 26.91980878 26.91980878
6519 26.92594928 26.92594928 26.92594928
6520 26.93208954 26.93208954 26.93208954
6521 26.93822952 26.93822952 26.93822952
6522 26.94436923 26.94436923 26.94436923
6523 26.95050872 26.95050872 26.95050872
6524 26.9566479 26.9566479 26.9566479
6525 26.96278686 26.96278686 26.96278686
6526 26.96892552 26.96892552 26.96892552
6527 26.97506395 26.97506395 26.97506395
6528 26.98120208 26.98120208 26.98120208
6529 26.98733999 26.98733999 26.98733999
6530 26.99347759 26.99347759 26.99347759
6531 26.99961493 26.99961493 26.99961493
6532 27.00575205 27.00575205 27.00575205
6533 27.01188886 27.01188886 27.01188886
6534 27.01802544 27.01802544 27.01802544
6535 27.02416174 27.02416174 27.02416174
6536 27.03029779 27.03029779 27.03029779
6537 27.03643354 27.03643354 27.03643354
6538 27.04256908 27.04256908 27.04256908
6539 27.0487043 27.0487043 27.0487043
6540 27.05483927 27.05483927 27.05483927
6541 27.060974 27.060974 27.060974
6542 27.06710842 27.06710842 27.06710842
6543 27.07324263 27.07324263 27.07324263
6544 27.07937653 27.07937653 27.07937653
6545 27.08551019 27.08551019 27.08551019
6546 27.09164357 27.09164357 27.09164357
6547 27.09777667 27.09777667 27.09777667
6548 27.10390953 27.10390953 27.10390953
6549 27.11004211 27.11004211 27.11004211
6550 27.11617444 27.11617444 27.11617444
6551 27.12230647 27.12230647 27.12230647
6552 27.12843829 27.12843829 27.12843829
6553 27.13456979 27.13456979 27.13456979
6554 27.14070107 27.14070107 27.14070107
6555 27.14683203 27.14683203 27.14683203
6556 27.15296272 27.15296272 27.15296272
6557 27.1590932 27.1590932 27.1590932
6558 27.16522336 27.16522336 27.16522336
6559 27.17135329 27.17135329 27.17135329
6560 27.17748292 27.17748292 27.17748292
6561 27.18361232 27.18361232 27.18361232
6562 27.1897414 27.1897414 27.1897414
6563 27.19587027 27.19587027 27.19587027
6564 27.20199882 27.20199882 27.20199882
6565 27.2081271 27.2081271 27.2081271
6566 27.21425516 27.21425516 27.21425516
6567 27.22038291 27.22038291 27.22038291
6568 27.22651043 27.22651043 27.22651043
6569 27.23263764 27.23263764 27.23263764
6570 27.23876461 27.23876461 27.23876461
6571 27.24489129 27.24489129 27.24489129
6572 27.25101768 27.25101768 27.25101768
6573 27.25714384 27.25714384 27.25714384
6574 27.26326971 27.26326971 27.26326971
6575 27.26939533 27.26939533 27.26939533
6576 27.27552065 27.27552065 27.27552065
6577 27.28164574 27.28164574 27.28164574
6578 27.28777052 27.28777052 27.28777052
6579 27.29389506 27.29389506 27.29389506
6580 27.3000193 27.3000193 27.3000193
6581 27.30614326 27.30614326 27.30614326
6582 27.312267 27.312267 27.312267
6583 27.31839042 27.31839042 27.31839042
6584 27.3245136 27.3245136 27.3245136
6585 27.33063649 27.33063649 27.33063649
6586 27.33675913 27.33675913 27.33675913
6587 27.34288146 27.34288146 27.34288146
6588 27.34900357 27.34900357 27.34900357
6589 27.35512536 27.35512536 27.35512536
6590 27.36124687 27.36124687 27.36124687
6591 27.36736817 27.36736817 27.36736817
6592 27.37348913 27.37348913 27.37348913
6593 27.37960987 27.37960987 27.37960987
6594 27.38573031 27.38573031 27.38573031
6595 27.39185049 27.39185049 27.39185049
6596 27.39797038 27.39797038 27.39797038
6597 27.40408999 27.40408999 27.40408999
6598 27.41020935 27.41020935 27.41020935
6599 27.41632842 27.41632842 27.41632842
6600 27.42244724 27.42244724 27.42244724
6601 27.42856575 27.42856575 27.42856575
6602 27.43468404 27.43468404 27.43468404
6603 27.44080199 27.44080199 27.44080199
6604 27.44691972 27.44691972 27.44691972
6605 27.45303714 27.45303714 27.45303714
6606 27.45915428 27.45915428 27.45915428
6607 27.46527118 27.46527118 27.46527118
6608 27.47138778 27.47138778 27.47138778
6609 27.47750413 27.47750413 27.47750413
6610 27.48362016 27.48362016 27.48362016
6611 27.48973597 27.48973597 27.48973597
6612 27.49585146 27.49585146 27.49585146
6613 27.50196672 27.50196672 27.50196672
6614 27.50808165 27.50808165 27.50808165
6615 27.51419631 27.51419631 27.51419631
6616 27.52031074 27.52031074 27.52031074
6617 27.52642485 27.52642485 27.52642485
6618 27.53253871 27.53253871 27.53253871
6619 27.53865228 27.53865228 27.53865228
6620 27.54476559 27.54476559 27.54476559
6621 27.55087859 27.55087859 27.55087859
6622 27.55699133 27.55699133 27.55699133
6623 27.56310381 27.56310381 27.56310381
6624 27.56921598 27.56921598 27.56921598
6625 27.57532792 27.57532792 27.57532792
6626 27.58143953 27.58143953 27.58143953
6627 27.58755092 27.58755092 27.58755092
6628 27.59366198 27.59366198 27.59366198
6629 27.59977279 27.59977279 27.59977279
6630 27.60588331 27.60588331 27.60588331
6631 27.61199353 27.61199353 27.61199353
6632 27.61810351 27.61810351 27.61810351
6633 27.62421319 27.62421319 27.62421319
6634 27.63032262 27.63032262 27.63032262
6635 27.63643173 27.63643173 27.63643173
6636 27.64254061 27.64254061 27.64254061
6637 27.64864916 27.64864916 27.64864916
6638 27.65475747 27.65475747 27.65475747
6639 27.66086547 27.66086547 27.66086547
6640 27.66697319 27.66697319 27.66697319
6641 27.67308067 27.67308067 27.67308067
6642 27.67918782 27.67918782 27.67918782
6643 27.68529474 27.68529474 27.68529474
6644 27.69140134 27.69140134 27.69140134
6645 27.69750769 27.69750769 27.69750769
6646 27.70361373 27.70361373 27.70361373
6647 27.70971949 27.70971949 27.70971949
6648 27.715825 27.715825 27.715825
6649 27.7219302 27.7219302 27.7219302
6650 27.72803516 27.72803516 27.72803516
6651 27.73413979 27.73413979 27.73413979
6652 27.74024417 27.74024417 27.74024417
6653 27.74634825 27.74634825 27.74634825
6654 27.75245208 27.75245208 27.75245208
6655 27.7585556 27.7585556 27.7585556
6656 27.76465882 27.76465882 27.76465882
6657 27.7707618 27.7707618 27.7707618
6658 27.77686447 27.77686447 27.77686447
6659 27.78296688 27.78296688 27.78296688
6660 27.78906898 27.78906898 27.78906898
6661 27.79517084 27.79517084 27.79517084
6662 27.80127237 27.80127237 27.80127237
6663 27.80737366 27.80737366 27.80737366
6664 27.81347464 27.81347464 27.81347464
6665 27.81957532 27.81957532 27.81957532
6666 27.82567575 27.82567575 27.82567575
6667 27.83177588 27.83177588 27.83177588
6668 27.83787575 27.83787575 27.83787575
6669 27.8439753 27.8439753 27.8439753
6670 27.85007462 27.85007462 27.85007462
6671 27.8561736 27.8561736 27.8561736
6672 27.86227231 27.86227231 27.86227231
6673 27.86837076 27.86837076 27.86837076
6674 27.87446889 27.87446889 27.87446889
6675 27.88056678 27.88056678 27.88056678
6676 27.88666434 27.88666434 27.88666434
6677 27.89276166 27.89276166 27.89276166
6678 27.89885866 27.89885866 27.89885866
6679 27.90495541 27.90495541 27.90495541
6680 27.91105183 27.91105183 27.91105183
6681 27.91714798 27.91714798 27.91714798
6682 27.92324387 27.92324387 27.92324387
6683 27.92933943 27.92933943 27.92933943
6684 27.93543477 27.93543477 27.93543477
6685 27.94152976 27.94152976 27.94152976
6686 27.94762452 27.94762452 27.94762452
6687 27.95371894 27.95371894 27.95371894
6688 27.95981312 27.95981312 27.95981312
6689 27.96590698 27.96590698 27.96590698
6690 27.97200055 27.97200055 27.97200055
6691 27.97809386 27.97809386 27.97809386
6692 27.98418687 27.98418687 27.98418687
6693 27.99027961 27.99027961 27.99027961
6694 27.99637203 27.99637203 27.99637203
6695 28.00246421 28.00246421 28.00246421
6696 28.00855606 28.00855606 28.00855606
6697 28.01464761 28.01464761 28.01464761
6698 28.02073894 28.02073894 28.02073894
6699 28.02682992 28.02682992 28.02682992
6700 28.03292066 28.03292066 28.03292066
6701 28.03901107 28.03901107 28.03901107
6702 28.04510123 28.04510123 28.04510123
6703 28.05119107 28.05119107 28.05119107
6704 28.05728065 28.05728065 28.05728065
6705 28.0633699 28.0633699 28.0633699
6706 28.06945888 28.06945888 28.06945888
6707 28.0755476 28.0755476 28.0755476
6708 28.08163599 28.08163599 28.08163599
6709 28.08772414 28.08772414 28.08772414
6710 28.09381195 28.09381195 28.09381195
6711 28.09989951 28.09989951 28.09989951
6712 28.10598676 28.10598676 28.10598676
6713 28.11207374 28.11207374 28.11207374
6714 28.1181604 28.1181604 28.1181604
6715 28.12424677 28.12424677 28.12424677
6716 28.13033288 28.13033288 28.13033288
6717 28.13641868 28.13641868 28.13641868
6718 28.14250421 28.14250421 28.14250421
6719 28.14858941 28.14858941 28.14858941
6720 28.15467438 28.15467438 28.15467438
6721 28.160759 28.160759 28.160759
6722 28.16684334 28.16684334 28.16684334
6723 28.17292743 28.17292743 28.17292743
6724 28.17901118 28.17901118 28.17901118
6725 28.18509468 28.18509468 28.18509468
6726 28.19117786 28.19117786 28.19117786
6727 28.19726078 28.19726078 28.19726078
6728 28.20334336 28.20334336 28.20334336
6729 28.20942571 28.20942571 28.20942571
6730 28.21550772 28.21550772 28.21550772
6731 28.22158944 28.22158944 28.22158944
6732 28.2276709 28.2276709 28.2276709
6733 28.23375203 28.23375203 28.23375203
6734 28.23983292 28.23983292 28.23983292
6735 28.24591346 28.24591346 28.24591346
6736 28.25199375 28.25199375 28.25199375
6737 28.25807372 28.25807372 28.25807372
6738 28.26415343 28.26415343 28.26415343
6739 28.2702328 28.2702328 28.2702328
6740 28.27631189 28.27631189 28.27631189
6741 28.28239072 28.28239072 28.28239072
6742 28.28846921 28.28846921 28.28846921
6743 28.29454747 28.29454747 28.29454747
6744 28.30062538 28.30062538 28.30062538
6745 28.30670304 28.30670304 28.30670304
6746 28.31278036 28.31278036 28.31278036
6747 28.31885739 28.31885739 28.31885739
6748 28.32493417 28.32493417 28.32493417
6749 28.33101061 28.33101061 28.33101061
6750 28.33708679 28.33708679 28.33708679
6751 28.34316266 28.34316266 28.34316266
6752 28.34923825 28.34923825 28.34923825
6753 28.35531351 28.35531351 28.35531351
6754 28.36138853 28.36138853 28.36138853
6755 28.3674632 28.3674632 28.3674632
6756 28.37353758 28.37353758 28.37353758
6757 28.37961171 28.37961171 28.37961171
6758 28.3856855 28.3856855 28.3856855
6759 28.39175904 28.39175904 28.39175904
6760 28.39783224 28.39783224 28.39783224
6761 28.40390518 28.40390518 28.40390518
6762 28.4099778 28.4099778 28.4099778
6763 28.41605014 28.41605014 28.41605014
6764 28.42212215 28.42212215 28.42212215
6765 28.42819388 28.42819388 28.42819388
6766 28.43426534 28.43426534 28.43426534
6767 28.44033647 28.44033647 28.44033647
6768 28.44640735 28.44640735 28.44640735
6769 28.45247788 28.45247788 28.45247788
6770 28.45854815 28.45854815 28.45854815
6771 28.4646181 28.4646181 28.4646181
6772 28.47068774 28.47068774 28.47068774
6773 28.47675713 28.47675713 28.47675713
6774 28.48282618 28.48282618 28.48282618
6775 28.48889497 28.48889497 28.48889497
6776 28.49496343 28.49496343 28.49496343
6777 28.50103162 28.50103162 28.50103162
6778 28.50709948 28.50709948 28.50709948
6779 28.51316709 28.51316709 28.51316709
6780 28.51923435 28.51923435 28.51923435
6781 28.52530131 28.52530131 28.52530131
6782 28.53136802 28.53136802 28.53136802
6783 28.53743439 28.53743439 28.53743439
6784 28.54350049 28.54350049 28.54350049
6785 28.54956627 28.54956627 28.54956627
6786 28.55563178 28.55563178 28.55563178
6787 28.56169695 28.56169695 28.56169695
6788 28.56776187 28.56776187 28.56776187
6789 28.57382644 28.57382644 28.57382644
6790 28.57989073 28.57989073 28.57989073
6791 28.58595474 28.58595474 28.58595474
6792 28.59201841 28.59201841 28.59201841
6793 28.59808184 28.59808184 28.59808184
6794 28.60414491 28.60414491 28.60414491
6795 28.61020773 28.61020773 28.61020773
6796 28.61627021 28.61627021 28.61627021
6797 28.62233239 28.62233239 28.62233239
6798 28.6283943 28.6283943 28.6283943
6799 28.63445589 28.63445589 28.63445589
6800 28.6405172 28.6405172 28.6405172
6801 28.64657817 28.64657817 28.64657817
6802 28.65263889 28.65263889 28.65263889
6803 28.65869926 28.65869926 28.65869926
6804 28.66475938 28.66475938 28.66475938
6805 28.67081915 28.67081915 28.67081915
6806 28.67687862 28.67687862 28.67687862
6807 28.68293784 28.68293784 28.68293784
6808 28.6889967 28.6889967 28.6889967
6809 28.6950553 28.6950553 28.6950553
6810 28.70111358 28.70111358 28.70111358
6811 28.70717157 28.70717157 28.70717157
6812 28.71322923 28.71322923 28.71322923
6813 28.71928664 28.71928664 28.71928664
6814 28.72534369 28.72534369 28.72534369
6815 28.73140044 28.73140044 28.73140044
6816 28.73745694 28.73745694 28.73745694
6817 28.74351308 28.74351308 28.74351308
6818 28.74956898 28.74956898 28.74956898
6819 28.75562452 28.75562452 28.75562452
6820 28.76167979 28.76167979 28.76167979
6821 28.76773474 28.76773474 28.76773474
6822 28.77378937 28.77378937 28.77378937
6823 28.77984373 28.77984373 28.77984373
6824 28.78589777 28.78589777 28.78589777
6825 28.79195153 28.79195153 28.79195153
6826 28.79800494 28.79800494 28.79800494
6827 28.80405811 28.80405811 28.80405811
6828 28.81011091 28.81011091 28.81011091
6829 28.81616345 28.81616345 28.81616345
6830 28.82221567 28.82221567 28.82221567
6831 28.82826756 28.82826756 28.82826756
6832 28.83431921 28.83431921 28.83431921
6833 28.84037049 28.84037049 28.84037049
6834 28.84642151 28.84642151 28.84642151
6835 28.8524722 28.8524722 28.8524722
6836 28.85852261 28.85852261 28.85852261
6837 28.86457268 28.86457268 28.86457268
6838 28.87062249 28.87062249 28.87062249
6839 28.87667195 28.87667195 28.87667195
6840 28.8827211 28.8827211 28.8827211
6841 28.88877 28.88877 28.88877
6842 28.89481853 28.89481853 28.89481853
6843 28.90086681 28.90086681 28.90086681
6844 28.90691475 28.90691475 28.90691475
6845 28.91296241 28.91296241 28.91296241
6846 28.91900972 28.91900972 28.91900972
6847 28.92505675 28.92505675 28.92505675
6848 28.93110349 28.93110349 28.93110349
6849 28.9371499 28.9371499 28.9371499
6850 28.94319603 28.94319603 28.94319603
6851 28.94924181 28.94924181 28.94924181
6852 28.95528734 28.95528734 28.95528734
6853 28.96133251 28.96133251 28.96133251
6854 28.96737741 28.96737741 28.96737741
6855 28.97342197 28.97342197 28.97342197
6856 28.97946622 28.97946622 28.97946622
6857 28.9855102 28.9855102 28.9855102
6858 28.99155384 28.99155384 28.99155384
6859 28.99759721 28.99759721 28.99759721
6860 29.00364022 29.00364022 29.00364022
6861 29.00968299 29.00968299 29.00968299
6862 29.01572539 29.01572539 29.01572539
6863 29.02176753 29.02176753 29.02176753
6864 29.02780931 29.02780931 29.02780931
6865 29.03385079 29.03385079 29.03385079
6866 29.03989201 29.03989201 29.03989201
6867 29.04593287 29.04593287 29.04593287
6868 29.05197345 29.05197345 29.05197345
6869 29.05801371 29.05801371 29.05801371
6870 29.06405368 29.06405368 29.06405368
6871 29.0700933 29.0700933 29.0700933
6872 29.07613263 29.07613263 29.07613263
6873 29.08217167 29.08217167 29.08217167
6874 29.08821036 29.08821036 29.08821036
6875 29.0942488 29.0942488 29.0942488
6876 29.10028688 29.10028688 29.10028688
6877 29.10632469 29.10632469 29.10632469
6878 29.11236215 29.11236215 29.11236215
6879 29.11839933 29.11839933 29.11839933
6880 29.12443618 29.12443618 29.12443618
6881 29.13047271 29.13047271 29.13047271
6882 29.13650896 29.13650896 29.13650896
6883 29.14254488 29.14254488 29.14254488
6884 29.14858051 29.14858051 29.14858051
6885 29.15461579 29.15461579 29.15461579
6886 29.16065081 29.16065081 29.16065081
6887 29.16668547 29.16668547 29.16668547
6888 29.17271986 29.17271986 29.17271986
6889 29.17875391 29.17875391 29.17875391
6890 29.18478764 29.18478764 29.18478764
6891 29.1908211 29.1908211 29.1908211
6892 29.19685421 29.19685421 29.19685421
6893 29.20288704 29.20288704 29.20288704
6894 29.20891953 29.20891953 29.20891953
6895 29.21495174 29.21495174 29.21495174
6896 29.22098359 29.22098359 29.22098359
6897 29.22701515 29.22701515 29.22701515
6898 29.23304642 29.23304642 29.23304642
6899 29.23907734 29.23907734 29.23907734
6900 29.24510799 29.24510799 29.24510799
6901 29.25113829 29.25113829 29.25113829
6902 29.25716831 29.25716831 29.25716831
6903 29.26319799 29.26319799 29.26319799
6904 29.26922738 29.26922738 29.26922738
6905 29.27525644 29.27525644 29.27525644
6906 29.28128516 29.28128516 29.28128516
6907 29.28731362 29.28731362 29.28731362
6908 29.29334173 29.29334173 29.29334173
6909 29.29936956 29.29936956 29.29936956
6910 29.30539703 29.30539703 29.30539703
6911 29.31142425 29.31142425 29.31142425
6912 29.31745109 29.31745109 29.31745109
6913 29.32347766 29.32347766 29.32347766
6914 29.3295039 29.3295039 29.3295039
6915 29.3355298 29.3355298 29.3355298
6916 29.34155543 29.34155543 29.34155543
6917 29.34758072 29.34758072 29.34758072
6918 29.35360571 29.35360571 29.35360571
6919 29.35963036 29.35963036 29.35963036
6920 29.36565474 29.36565474 29.36565474
6921 29.37167876 29.37167876 29.37167876
6922 29.37770247 29.37770247 29.37770247
6923 29.3837259 29.3837259 29.3837259
6924 29.38974897 29.38974897 29.38974897
6925 29.39577177 29.39577177 29.39577177
6926 29.40179421 29.40179421 29.40179421
6927 29.40781638 29.40781638 29.40781638
6928 29.4138382 29.4138382 29.4138382
6929 29.41985973 29.41985973 29.41985973
6930 29.4258809 29.4258809 29.4258809
6931 29.43190178 29.43190178 29.43190178
6932 29.43792236 29.43792236 29.43792236
6933 29.44394259 29.44394259 29.44394259
6934 29.44996255 29.44996255 29.44996255
6935 29.45598214 29.45598214 29.45598214
6936 29.46200147 29.46200147 29.46200147
6937 29.46802043 29.46802043 29.46802043
6938 29.47403912 29.47403912 29.47403912
6939 29.48005746 29.48005746 29.48005746
6940 29.48607547 29.48607547 29.48607547
6941 29.4920932 29.4920932 29.4920932
6942 29.49811059 29.49811059 29.49811059
6943 29.50412768 29.50412768 29.50412768
6944 29.51014442 29.51014442 29.51014442
6945 29.5161609 29.5161609 29.5161609
6946 29.522177 29.522177 29.522177
6947 29.52819279 29.52819279 29.52819279
6948 29.53420831 29.53420831 29.53420831
6949 29.54022346 29.54022346 29.54022346
6950 29.54623835 29.54623835 29.54623835
6951 29.55225286 29.55225286 29.55225286
6952 29.55826709 29.55826709 29.55826709
6953 29.56428099 29.56428099 29.56428099
6954 29.57029458 29.57029458 29.57029458
6955 29.57630782 29.57630782 29.57630782
6956 29.58232076 29.58232076 29.58232076
6957 29.5883334 29.5883334 29.5883334
6958 29.59434568 29.59434568 29.59434568
6959 29.60035769 29.60035769 29.60035769
6960 29.60636934 29.60636934 29.60636934
6961 29.6123807 29.6123807 29.6123807
6962 29.61839172 29.61839172 29.61839172
6963 29.62440244 29.62440244 29.62440244
6964 29.63041282 29.63041282 29.63041282
6965 29.63642287 29.63642287 29.63642287
6966 29.64243263 29.64243263 29.64243263
6967 29.64844205 29.64844205 29.64844205
6968 29.65445117 29.65445117 29.65445117
6969 29.66045994 29.66045994 29.66045994
6970 29.66646843 29.66646843 29.66646843
6971 29.67247656 29.67247656 29.67247656
6972 29.67848436 29.67848436 29.67848436
6973 29.68449189 29.68449189 29.68449189
6974 29.69049905 29.69049905 29.69049905
6975 29.69650593 29.69650593 29.69650593
6976 29.70251247 29.70251247 29.70251247
6977 29.7085187 29.7085187 29.7085187
6978 29.71452458 29.71452458 29.71452458
6979 29.72053019 29.72053019 29.72053019
6980 29.72653542 29.72653542 29.72653542
6981 29.73254034 29.73254034 29.73254034
6982 29.73854497 29.73854497 29.73854497
6983 29.74454924 29.74454924 29.74454924
6984 29.75055324 29.75055324 29.75055324
6985 29.75655686 29.75655686 29.75655686
6986 29.7625602 29.7625602 29.7625602
6987 29.7685632 29.7685632 29.7685632
6988 29.77456589 29.77456589 29.77456589
6989 29.78056823 29.78056823 29.78056823
6990 29.78657025 29.78657025 29.78657025
6991 29.79257198 29.79257198 29.79257198
6992 29.79857334 29.79857334 29.79857334
6993 29.80457444 29.80457444 29.80457444
6994 29.81057516 29.81057516 29.81057516
6995 29.81657561 29.81657561 29.81657561
6996 29.82257568 29.82257568 29.82257568
6997 29.82857543 29.82857543 29.82857543
6998 29.83457491 29.83457491 29.83457491
6999 29.84057401 29.84057401 29.84057401
7000 29.84657283 29.84657283 29.84657283
7001 29.8525713 29.8525713 29.8525713
7002 29.85856947 29.85856947 29.85856947
7003 29.86456728 29.86456728 29.86456728
7004 29.87056481 29.87056481 29.87056481
7005 29.87656197 29.87656197 29.87656197
7006 29.8825588 29.8825588 29.8825588
7007 29.88855537 29.88855537 29.88855537
7008 29.89455155 29.89455155 29.89455155
7009 29.90054747 29.90054747 29.90054747
7010 29.906543 29.906543 29.906543
7011 29.91253825 29.91253825 29.91253825
7012 29.91853315 29.91853315 29.91853315
7013 29.92452775 29.92452775 29.92452775
7014 29.93052198 29.93052198 29.93052198
7015 29.93651591 29.93651591 29.93651591
7016 29.94250953 29.94250953 29.94250953
7017 29.94850279 29.94850279 29.94850279
7018 29.95449578 29.95449578 29.95449578
7019 29.96048838 29.96048838 29.96048838
7020 29.9664807 29.9664807 29.9664807
7021 29.97247267 29.97247267 29.97247267
7022 29.9784643 29.9784643 29.9784643
7023 29.98445566 29.98445566 29.98445566
7024 29.99044663 29.99044663 29.99044663
7025 29.99643732 29.99643732 29.99643732
7026 30.00242766 30.00242766 30.00242766
7027 30.0084177 30.0084177 30.0084177
7028 30.01440737 30.01440737 30.01440737
7029 30.02039676 30.02039676 30.02039676
7030 30.02638578 30.02638578 30.02638578
7031 30.03237447 30.03237447 30.03237447
7032 30.03836289 30.03836289 30.03836289
7033 30.04435092 30.04435092 30.04435092
7034 30.05033867 30.05033867 30.05033867
7035 30.05632606 30.05632606 30.05632606
7036 30.06231315 30.06231315 30.06231315
7037 30.06829988 30.06829988 30.06829988
7038 30.07428633 30.07428633 30.07428633
7039 30.0802724 30.0802724 30.0802724
7040 30.08625815 30.08625815 30.08625815
7041 30.09224361 30.09224361 30.09224361
7042 30.09822869 30.09822869 30.09822869
7043 30.1042135 30.1042135 30.1042135
7044 30.11019793 30.11019793 30.11019793
7045 30.11618207 30.11618207 30.11618207
7046 30.12216585 30.12216585 30.12216585
7047 30.1281493 30.1281493 30.1281493
7048 30.13413245 30.13413245 30.13413245
7049 30.14011525 30.14011525 30.14011525
7050 30.14609774 30.14609774 30.14609774
7051 30.15207987 30.15207987 30.15207987
7052 30.15806172 30.15806172 30.15806172
7053 30.16404319 30.16404319 30.16404319
7054 30.17002438 30.17002438 30.17002438
7055 30.17600519 30.17600519 30.17600519
7056 30.18198567 30.18198567 30.18198567
7057 30.18796587 30.18796587 30.18796587
7058 30.19394569 30.19394569 30.19394569
7059 30.19992522 30.19992522 30.19992522
7060 30.20590439 30.20590439 30.20590439
7061 30.21188326 30.21188326 30.21188326
7062 30.21786176 30.21786176 30.21786176
7063 30.22383998 30.22383998 30.22383998
7064 30.22981782 30.22981782 30.22981782
7065 30.23579532 30.23579532 30.23579532
7066 30.24177256 30.24177256 30.24177256
7067 30.2477494 30.2477494 30.2477494
7068 30.25372597 30.25372597 30.25372597
7069 30.25970215 30.25970215 30.25970215
7070 30.26567805 30.26567805 30.26567805
7071 30.27165358 30.27165358 30.27165358
7072 30.27762877 30.27762877 30.27762877
7073 30.28360367 30.28360367 30.28360367
7074 30.28957821 30.28957821 30.28957821
7075 30.29555245 30.29555245 30.29555245
7076 30.30152631 30.30152631 30.30152631
7077 30.3074999 30.3074999 30.3074999
7078 30.3134731 30.3134731 30.3134731
7079 30.31944601 30.31944601 30.31944601
7080 30.32541856 30.32541856 30.32541856
7081 30.33139076 30.33139076 30.33139076
7082 30.33736268 30.33736268 30.33736268
7083 30.34333422 30.34333422 30.34333422
7084 30.34930547 30.34930547 30.34930547
7085 30.35527636 30.35527636 30.35527636
7086 30.36124694 30.36124694 30.36124694
7087 30.36721715 30.36721715 30.36721715
7088 30.37318708 30.37318708 30.37318708
7089 30.37915662 30.37915662 30.37915662
7090 30.38512583 30.38512583 30.38512583
7091 30.39109476 30.39109476 30.39109476
7092 30.3970633 30.3970633 30.3970633
7093 30.40303155 30.40303155 30.40303155
7094 30.40899944 30.40899944 30.40899944
7095 30.41496702 30.41496702 30.41496702
7096 30.42093423 30.42093423 30.42093423
7097 30.42690112 30.42690112 30.42690112
7098 30.4328677 30.4328677 30.4328677
7099 30.43883392 30.43883392 30.43883392
7100 30.44479983 30.44479983 30.44479983
7101 30.45076537 30.45076537 30.45076537
7102 30.45673063 30.45673063 30.45673063
7103 30.4626955 30.4626955 30.4626955
7104 30.46866007 30.46866007 30.46866007
7105 30.47462428 30.47462428 30.47462428
7106 30.48058815 30.48058815 30.48058815
7107 30.48655172 30.48655172 30.48655172
7108 30.49251493 30.49251493 30.49251493
7109 30.49847783 30.49847783 30.49847783
7110 30.50444035 30.50444035 30.50444035
7111 30.5104026 30.5104026 30.5104026
7112 30.51636445 30.51636445 30.51636445
7113 30.52232603 30.52232603 30.52232603
7114 30.52828721 30.52828721 30.52828721
7115 30.53424806 30.53424806 30.53424806
7116 30.54020863 30.54020863 30.54020863
7117 30.5461688 30.5461688 30.5461688
7118 30.55212868 30.55212868 30.55212868
7119 30.5580882 30.5580882 30.5580882
7120 30.56404741 30.56404741 30.56404741
7121 30.57000624 30.57000624 30.57000624
7122 30.57596475 30.57596475 30.57596475
7123 30.58192295 30.58192295 30.58192295
7124 30.58788077 30.58788077 30.58788077
7125 30.59383831 30.59383831 30.59383831
7126 30.59979546 30.59979546 30.59979546
7127 30.60575233 30.60575233 30.60575233
7128 30.61170881 30.61170881 30.61170881
7129 30.61766498 30.61766498 30.61766498
7130 30.6236208 30.6236208 30.6236208
7131 30.62957626 30.62957626 30.62957626
7132 30.63553143 30.63553143 30.63553143
7133 30.64148623 30.64148623 30.64148623
7134 30.64744073 30.64744073 30.64744073
7135 30.65339484 30.65339484 30.65339484
7136 30.65934867 30.65934867 30.65934867
7137 30.66530211 30.66530211 30.66530211
7138 30.67125525 30.67125525 30.67125525
7139 30.67720803 30.67720803 30.67720803
7140 30.68316045 30.68316045 30.68316045
7141 30.6891126 30.6891126 30.6891126
7142 30.69506434 30.69506434 30.69506434
7143 30.70101579 30.70101579 30.70101579
7144 30.70696688 30.70696688 30.70696688
7145 30.71291765 30.71291765 30.71291765
7146 30.71886805 30.71886805 30.71886805
7147 30.72481812 30.72481812 30.72481812
7148 30.73076787 30.73076787 30.73076787
7149 30.73671725 30.73671725 30.73671725
7150 30.74266635 30.74266635 30.74266635
7151 30.74861504 30.74861504 30.74861504
7152 30.75456345 30.75456345 30.75456345
7153 30.76051148 30.76051148 30.76051148
7154 30.7664592 30.7664592 30.7664592
7155 30.77240656 30.77240656 30.77240656
7156 30.77835356 30.77835356 30.77835356
7157 30.78430026 30.78430026 30.78430026
7158 30.7902466 30.7902466 30.7902466
7159 30.79619262 30.79619262 30.79619262
7160 30.80213827 30.80213827 30.80213827
7161 30.80808362 30.80808362 30.80808362
7162 30.81402859 30.81402859 30.81402859
7163 30.81997325 30.81997325 30.81997325
7164 30.82591754 30.82591754 30.82591754
7165 30.83186148 30.83186148 30.83186148
7166 30.83780513 30.83780513 30.83780513
7167 30.8437484 30.8437484 30.8437484
7168 30.84969136 30.84969136 30.84969136
7169 30.85563394 30.85563394 30.85563394
7170 30.86157623 30.86157623 30.86157623
7171 30.86751813 30.86751813 30.86751813
7172 30.8734597 30.8734597 30.8734597
7173 30.87940095 30.87940095 30.87940095
7174 30.88534182 30.88534182 30.88534182
7175 30.89128241 30.89128241 30.89128241
7176 30.8972226 30.8972226 30.8972226
7177 30.90316248 30.90316248 30.90316248
7178 30.90910201 30.90910201 30.90910201
7179 30.91504121 30.91504121 30.91504121
7180 30.92098003 30.92098003 30.92098003
7181 30.92691853 30.92691853 30.92691853
7182 30.9328567 30.9328567 30.9328567
7183 30.9387945 30.9387945 30.9387945
7184 30.94473201 30.94473201 30.94473201
7185 30.95066912 30.95066912 30.95066912
7186 30.95660594 30.95660594 30.95660594
7187 30.96254237 30.96254237 30.96254237
7188 30.96847849 30.96847849 30.96847849
7189 30.97441425 30.97441425 30.97441425
7190 30.98034965 30.98034965 30.98034965
7191 30.98628474 30.98628474 30.98628474
7192 30.99221947 30.99221947 30.99221947
7193 30.99815388 30.99815388 30.99815388
7194 31.0040879 31.0040879 31.0040879
7195 31.01002164 31.01002164 31.01002164
7196 31.01595498 31.01595498 31.01595498
7197 31.02188797 31.02188797 31.02188797
7198 31.02782068 31.02782068 31.02782068
7199 31.03375299 31.03375299 31.03375299
7200 31.03968501 31.03968501 31.03968501
7201 31.04561663 31.04561663 31.04561663
7202 31.05154794 31.05154794 31.05154794
7203 31.05747889 31.05747889 31.05747889
7204 31.06340952 31.06340952 31.06340952
7205 31.06933976 31.06933976 31.06933976
7206 31.07526968 31.07526968 31.07526968
7207 31.08119927 31.08119927 31.08119927
7208 31.08712848 31.08712848 31.08712848
7209 31.0930574 31.0930574 31.0930574
7210 31.09898592 31.09898592 31.09898592
7211 31.10491414 31.10491414 31.10491414
7212 31.11084199 31.11084199 31.11084199
7213 31.11676951 31.11676951 31.11676951
7214 31.12269667 31.12269667 31.12269667
7215 31.12862347 31.12862347 31.12862347
7216 31.13454996 31.13454996 31.13454996
7217 31.14047608 31.14047608 31.14047608
7218 31.14640188 31.14640188 31.14640188
7219 31.15232729 31.15232729 31.15232729
7220 31.15825242 31.15825242 31.15825242
7221 31.16417714 31.16417714 31.16417714
7222 31.17010152 31.17010152 31.17010152
7223 31.1760256 31.1760256 31.1760256
7224 31.18194929 31.18194929 31.18194929
7225 31.18787267 31.18787267 31.18787267
7226 31.19379568 31.19379568 31.19379568
7227 31.19971836 31.19971836 31.19971836
7228 31.20564066 31.20564066 31.20564066
7229 31.21156267 31.21156267 31.21156267
7230 31.21748428 31.21748428 31.21748428
7231 31.22340556 31.22340556 31.22340556
7232 31.22932651 31.22932651 31.22932651
7233 31.23524708 31.23524708 31.23524708
7234 31.24116735 31.24116735 31.24116735
7235 31.24708723 31.24708723 31.24708723
7236 31.25300679 31.25300679 31.25300679
7237 31.25892599 31.25892599 31.25892599
7238 31.26484486 31.26484486 31.26484486
7239 31.27076335 31.27076335 31.27076335
7240 31.2766815 31.2766815 31.2766815
7241 31.28259933 31.28259933 31.28259933
7242 31.28851677 31.28851677 31.28851677
7243 31.29443392 31.29443392 31.29443392
7244 31.30035066 31.30035066 31.30035066
7245 31.30626712 31.30626712 31.30626712
7246 31.31218317 31.31218317 31.31218317
7247 31.31809887 31.31809887 31.31809887
7248 31.32401428 31.32401428 31.32401428
7249 31.32992929 31.32992929 31.32992929
7250 31.33584399 31.33584399 31.33584399
7251 31.34175831 31.34175831 31.34175831
7252 31.34767231 31.34767231 31.34767231
7253 31.35358592 31.35358592 31.35358592
7254 31.35949924 31.35949924 31.35949924
7255 31.36541216 31.36541216 31.36541216
7256 31.37132472 31.37132472 31.37132472
7257 31.37723699 31.37723699 31.37723699
7258 31.38314886 31.38314886 31.38314886
7259 31.38906044 31.38906044 31.38906044
7260 31.39497161 31.39497161 31.39497161
7261 31.40088247 31.40088247 31.40088247
7262 31.40679295 31.40679295 31.40679295
7263 31.41270311 31.41270311 31.41270311
7264 31.41861289 31.41861289 31.41861289
7265 31.42452232 31.42452232 31.42452232
7266 31.43043143 31.43043143 31.43043143
7267 31.43634016 31.43634016 31.43634016
7268 31.44224858 31.44224858 31.44224858
7269 31.44815661 31.44815661 31.44815661
7270 31.45406432 31.45406432 31.45406432
7271 31.45997166 31.45997166 31.45997166
7272 31.46587863 31.46587863 31.46587863
7273 31.47178531 31.47178531 31.47178531
7274 31.47769158 31.47769158 31.47769158
7275 31.48359754 31.48359754 31.48359754
7276 31.48950312 31.48950312 31.48950312
7277 31.49540838 31.49540838 31.49540838
7278 31.50131325 31.50131325 31.50131325
7279 31.50721782 31.50721782 31.50721782
7280 31.51312199 31.51312199 31.51312199
7281 31.5190258 31.5190258 31.5190258
7282 31.52492932 31.52492932 31.52492932
7283 31.53083244 31.53083244 31.53083244
