1 0.52683333 0.45400000 0.59966667
2 0.52683333 0.45400000 0.59966667
3 0.52683333 0.45400000 0.59966667
4 0.00000000 0.00000000 0.00000000
5 0.44900000 0.44300000 0.45500000
6 0.89666667 0.88750000 0.90583333
7 1.34433333 1.33200000 1.35666667
8 1.79200000 1.77650000 1.80750000
9 2.23966667 2.22100000 2.25833333
10 2.68733333 2.66550000 2.70916667
11 3.13500000 3.11000000 3.16000000
12 3.58714286 3.56000000 3.61428571
13 4.03928571 4.01000000 4.06857143
14 4.49142857 4.46000000 4.52285714
15 4.94357143 4.91000000 4.97714286
16 5.39571429 5.36000000 5.43142857
17 5.84785714 5.81000000 5.88571429
18 6.30000000 6.26000000 6.34000000
19 6.77857143 6.73857143 6.81857143
20 7.25714286 7.21714286 7.29714286
21 7.73571429 7.69571429 7.77571429
22 8.21428571 8.17428571 8.25428571
23 8.69285714 8.65285714 8.73285714
24 9.17142857 9.13142857 9.21142857
25 9.65000000 9.61000000 9.69000000
26 10.12300000 10.08100000 10.16500000
27 10.59600000 10.55200000 10.64000000
28 11.06900000 11.02300000 11.11500000
29 11.54200000 11.49400000 11.59000000
30 12.01500000 11.96500000 12.06500000
31 12.48800000 12.43600000 12.54000000
32 12.96100000 12.90700000 13.01500000
33 13.43400000 13.37800000 13.49000000
34 13.90700000 13.84900000 13.96500000
35 14.38000000 14.32000000 14.44000000
36 14.85629032 14.79387097 14.91870968
37 15.33258065 15.26774194 15.39741935
38 15.80887097 15.74161290 15.87612903
39 16.28516129 16.21548387 16.35483871
40 16.76145161 16.68935484 16.83354839
41 17.23774194 17.16322581 17.31225806
42 17.71403226 17.63709677 17.79096774
43 18.19032258 18.11096774 18.26967742
44 18.66661290 18.58483871 18.74838710
45 19.14290323 19.05870968 19.22709677
46 19.61919355 19.53258065 19.70580645
47 20.09548387 20.00645161 20.18451613
48 20.57177419 20.48032258 20.66322581
49 21.04806452 20.95419355 21.14193548
50 21.52435484 21.42806452 21.62064516
51 22.00064516 21.90193548 22.09935484
52 22.47693548 22.37580645 22.57806452
53 22.95322581 22.84967742 23.05677419
54 23.42951613 23.32354839 23.53548387
55 23.90580645 23.79741935 24.01419355
56 24.38209677 24.27129032 24.49290323
57 24.85838710 24.74516129 24.97161290
58 25.33467742 25.21903226 25.45032258
59 25.81096774 25.69290323 25.92903226
60 26.28725806 26.16677419 26.40774194
61 26.76354839 26.64064516 26.88645161
62 27.23983871 27.11451613 27.36516129
63 27.71612903 27.58838710 27.84387097
64 28.19241935 28.06225806 28.32258065
65 28.66870968 28.53612903 28.80129032
66 29.14500000 29.01000000 29.28000000
67 29.61000000 29.47133333 29.74866667
68 30.07500000 29.93266667 30.21733333
69 30.54000000 30.39400000 30.68600000
70 31.00500000 30.85533333 31.15466667
71 31.47000000 31.31666667 31.62333333
72 31.93500000 31.77800000 32.09200000
73 32.40000000 32.23933333 32.56066667
74 32.86500000 32.70066667 33.02933333
75 33.33000000 33.16200000 33.49800000
76 33.79500000 33.62333333 33.96666667
77 34.26000000 34.08466667 34.43533333
78 34.72500000 34.54600000 34.90400000
79 35.19000000 35.00733333 35.37266667
80 35.65500000 35.46866667 35.84133333
81 36.12000000 35.93000000 36.31000000
82 36.58500000 36.39133333 36.77866667
83 37.05000000 36.85266667 37.24733333
84 37.51500000 37.31400000 37.71600000
85 37.98000000 37.77533333 38.18466667
86 38.44500000 38.23666667 38.65333333
87 38.91000000 38.69800000 39.12200000
88 39.37500000 39.15933333 39.59066667
89 39.84000000 39.62066667 40.05933333
90 40.30500000 40.08200000 40.52800000
91 40.77000000 40.54333333 40.99666667
92 41.23500000 41.00466667 41.46533333
93 41.70000000 41.46600000 41.93400000
94 42.16500000 41.92733333 42.40266667
95 42.63000000 42.38866667 42.87133333
96 43.09500000 42.85000000 43.34000000
97 43.56500000 43.31757576 43.81242424
98 44.03500000 43.78515152 44.28484848
99 44.50500000 44.25272727 44.75727273
100 44.97500000 44.72030303 45.22969697
101 45.44500000 45.18787879 45.70212121
102 45.91500000 45.65545455 46.17454545
103 46.38500000 46.12303030 46.64696970
104 46.85500000 46.59060606 47.11939394
105 47.32500000 47.05818182 47.59181818
106 47.79500000 47.52575758 48.06424242
107 48.26500000 47.99333333 48.53666667
108 48.73500000 48.46090909 49.00909091
109 49.20500000 48.92848485 49.48151515
110 49.67500000 49.39606061 49.95393939
111 50.14500000 49.86363636 50.42636364
112 50.61500000 50.33121212 50.89878788
113 51.08500000 50.79878788 51.37121212
114 51.55500000 51.26636364 51.84363636
115 52.02500000 51.73393939 52.31606061
116 52.49500000 52.20151515 52.78848485
117 52.96500000 52.66909091 53.26090909
118 53.43500000 53.13666667 53.73333333
119 53.90500000 53.60424242 54.20575758
120 54.37500000 54.07181818 54.67818182
121 54.84500000 54.53939394 55.15060606
122 55.31500000 55.00696970 55.62303030
123 55.78500000 55.47454545 56.09545455
124 56.25500000 55.94212121 56.56787879
125 56.72500000 56.40969697 57.04030303
126 57.19500000 56.87727273 57.51272727
127 57.66500000 57.34484848 57.98515152
128 58.13500000 57.81242424 58.45757576
129 58.60500000 58.28000000 58.93000000
130 59.07428571 58.74714286 59.40142857
131 59.54357143 59.21428571 59.87285714
132 60.01285714 59.68142857 60.34428571
133 60.48214286 60.14857143 60.81571429
134 60.95142857 60.61571429 61.28714286
135 61.42071429 61.08285714 61.75857143
136 61.89000000 61.55000000 62.23000000
137 62.35928571 62.01714286 62.70142857
138 62.82857143 62.48428571 63.17285714
139 63.29785714 62.95142857 63.64428571
140 63.76714286 63.41857143 64.11571429
141 64.23642857 63.88571429 64.58714286
142 64.70571429 64.35285714 65.05857143
143 65.17500000 64.82000000 65.53000000
144 65.64428571 65.28714286 66.00142857
145 66.11357143 65.75428571 66.47285714
146 66.58285714 66.22142857 66.94428571
147 67.05214286 66.68857143 67.41571429
148 67.52142857 67.15571429 67.88714286
149 67.99071429 67.62285714 68.35857143
150 68.46000000 68.09000000 68.83000000
151 68.92928571 68.55714286 69.30142857
152 69.39857143 69.02428571 69.77285714
153 69.86785714 69.49142857 70.24428571
154 70.33714286 69.95857143 70.71571429
155 70.80642857 70.42571429 71.18714286
156 71.27571429 70.89285714 71.65857143
157 71.74500000 71.36000000 72.13000000
158 72.26919355 71.88032258 72.65806452
159 72.79338710 72.40064516 73.18612903
160 73.31758065 72.92096774 73.71419355
161 73.84177419 73.44129032 74.24225806
162 74.36596774 73.96161290 74.77032258
163 74.89016129 74.48193548 75.29838710
164 75.41435484 75.00225806 75.82645161
165 75.93854839 75.52258065 76.35451613
166 76.46274194 76.04290323 76.88258065
167 76.98693548 76.56322581 77.41064516
168 77.51112903 77.08354839 77.93870968
169 78.03532258 77.60387097 78.46677419
170 78.55951613 78.12419355 78.99483871
171 79.08370968 78.64451613 79.52290323
172 79.60790323 79.16483871 80.05096774
173 80.13209677 79.68516129 80.57903226
174 80.65629032 80.20548387 81.10709677
175 81.18048387 80.72580645 81.63516129
176 81.70467742 81.24612903 82.16322581
177 82.22887097 81.76645161 82.69129032
178 82.75306452 82.28677419 83.21935484
179 83.27725806 82.80709677 83.74741935
180 83.80145161 83.32741935 84.27548387
181 84.32564516 83.84774194 84.80354839
182 84.84983871 84.36806452 85.33161290
183 85.37403226 84.88838710 85.85967742
184 85.89822581 85.40870968 86.38774194
185 86.42241935 85.92903226 86.91580645
186 86.94661290 86.44935484 87.44387097
187 87.47080645 86.96967742 87.97193548
188 87.99500000 87.49000000 88.50000000
189 88.48560606 87.97939394 88.99181818
190 88.97621212 88.46878788 89.48363636
191 89.46681818 88.95818182 89.97545455
192 89.95742424 89.44757576 90.46727273
193 90.44803030 89.93696970 90.95909091
194 90.93863636 90.42636364 91.45090909
195 91.42924242 90.91575758 91.94272727
196 91.91984848 91.40515152 92.43454545
197 92.41045455 91.89454545 92.92636364
198 92.90106061 92.38393939 93.41818182
199 93.39166667 92.87333333 93.91000000
200 93.88227273 93.36272727 94.40181818
201 94.37287879 93.85212121 94.89363636
202 94.86348485 94.34151515 95.38545455
203 95.35409091 94.83090909 95.87727273
204 95.84469697 95.32030303 96.36909091
205 96.33530303 95.80969697 96.86090909
206 96.82590909 96.29909091 97.35272727
207 97.31651515 96.78848485 97.84454545
208 97.80712121 97.27787879 98.33636364
209 98.29772727 97.76727273 98.82818182
210 98.78833333 98.25666667 99.32000000
211 99.27893939 98.74606061 99.81181818
212 99.76954545 99.23545455 100.30363636
213 100.26015152 99.72484848 100.79545455
214 100.75075758 100.21424242 101.28727273
215 101.24136364 100.70363636 101.77909091
216 101.73196970 101.19303030 102.27090909
217 102.22257576 101.68242424 102.76272727
218 102.71318182 102.17181818 103.25454545
219 103.20378788 102.66121212 103.74636364
220 103.69439394 103.15060606 104.23818182
221 104.18500000 103.64000000 104.73000000
222 104.67537037 104.12740741 105.22333333
223 105.16574074 104.61481481 105.71666667
224 105.65611111 105.10222222 106.21000000
225 106.14648148 105.58962963 106.70333333
226 106.63685185 106.07703704 107.19666667
227 107.12722222 106.56444444 107.69000000
228 107.61759259 107.05185185 108.18333333
229 108.10796296 107.53925926 108.67666667
230 108.59833333 108.02666667 109.17000000
231 109.08870370 108.51407407 109.66333333
232 109.57907407 109.00148148 110.15666667
233 110.06944444 109.48888889 110.65000000
234 110.55981481 109.97629630 111.14333333
235 111.05018519 110.46370370 111.63666667
236 111.54055556 110.95111111 112.13000000
237 112.03092593 111.43851852 112.62333333
238 112.52129630 111.92592593 113.11666667
239 113.01166667 112.41333333 113.61000000
240 113.50203704 112.90074074 114.10333333
241 113.99240741 113.38814815 114.59666667
242 114.48277778 113.87555556 115.09000000
243 114.97314815 114.36296296 115.58333333
244 115.46351852 114.85037037 116.07666667
245 115.95388889 115.33777778 116.57000000
246 116.44425926 115.82518519 117.06333333
247 116.93462963 116.31259259 117.55666667
248 117.42500000 116.80000000 118.05000000
249 117.92350000 117.29466667 118.55233333
250 118.42200000 117.78933333 119.05466667
251 118.92050000 118.28400000 119.55700000
252 119.41900000 118.77866667 120.05933333
253 119.91750000 119.27333333 120.56166667
254 120.41600000 119.76800000 121.06400000
255 120.91450000 120.26266667 121.56633333
256 121.41300000 120.75733333 122.06866667
257 121.91150000 121.25200000 122.57100000
258 122.41000000 121.74666667 123.07333333
259 122.90850000 122.24133333 123.57566667
260 123.40700000 122.73600000 124.07800000
261 123.90550000 123.23066667 124.58033333
262 124.40400000 123.72533333 125.08266667
263 124.90250000 124.22000000 125.58500000
264 125.40100000 124.71466667 126.08733333
265 125.89950000 125.20933333 126.58966667
266 126.39800000 125.70400000 127.09200000
267 126.89650000 126.19866667 127.59433333
268 127.39500000 126.69333333 128.09666667
269 127.89350000 127.18800000 128.59900000
270 128.39200000 127.68266667 129.10133333
271 128.89050000 128.17733333 129.60366667
272 129.38900000 128.67200000 130.10600000
273 129.88750000 129.16666667 130.60833333
274 130.38600000 129.66133333 131.11066667
275 130.88450000 130.15600000 131.61300000
276 131.38300000 130.65066667 132.11533333
277 131.88150000 131.14533333 132.61766667
278 132.38000000 131.64000000 133.12000000
279 132.87233333 132.12966667 133.61500000
280 133.36466667 132.61933333 134.11000000
281 133.85700000 133.10900000 134.60500000
282 134.34933333 133.59866667 135.10000000
283 134.84166667 134.08833333 135.59500000
284 135.33400000 134.57800000 136.09000000
285 135.82633333 135.06766667 136.58500000
286 136.31866667 135.55733333 137.08000000
287 136.81100000 136.04700000 137.57500000
288 137.30333333 136.53666667 138.07000000
289 137.79566667 137.02633333 138.56500000
290 138.28800000 137.51600000 139.06000000
291 138.78033333 138.00566667 139.55500000
292 139.27266667 138.49533333 140.05000000
293 139.76500000 138.98500000 140.54500000
294 140.25733333 139.47466667 141.04000000
295 140.74966667 139.96433333 141.53500000
296 141.24200000 140.45400000 142.03000000
297 141.73433333 140.94366667 142.52500000
298 142.22666667 141.43333333 143.02000000
299 142.71900000 141.92300000 143.51500000
300 143.21133333 142.41266667 144.01000000
301 143.70366667 142.90233333 144.50500000
302 144.19600000 143.39200000 145.00000000
303 144.68833333 143.88166667 145.49500000
304 145.18066667 144.37133333 145.99000000
305 145.67300000 144.86100000 146.48500000
306 146.16533333 145.35066667 146.98000000
307 146.65766667 145.84033333 147.47500000
308 147.15000000 146.33000000 147.97000000
309 147.64790323 146.82612903 148.46967742
310 148.14580645 147.32225806 148.96935484
311 148.64370968 147.81838710 149.46903226
312 149.14161290 148.31451613 149.96870968
313 149.63951613 148.81064516 150.46838710
314 150.13741935 149.30677419 150.96806452
315 150.63532258 149.80290323 151.46774194
316 151.13322581 150.29903226 151.96741935
317 151.63112903 150.79516129 152.46709677
318 152.12903226 151.29129032 152.96677419
319 152.62693548 151.78741935 153.46645161
320 153.12483871 152.28354839 153.96612903
321 153.62274194 152.77967742 154.46580645
322 154.12064516 153.27580645 154.96548387
323 154.61854839 153.77193548 155.46516129
324 155.11645161 154.26806452 155.96483871
325 155.61435484 154.76419355 156.46451613
326 156.11225806 155.26032258 156.96419355
327 156.61016129 155.75645161 157.46387097
328 157.10806452 156.25258065 157.96354839
329 157.60596774 156.74870968 158.46322581
330 158.10387097 157.24483871 158.96290323
331 158.60177419 157.74096774 159.46258065
332 159.09967742 158.23709677 159.96225806
333 159.59758065 158.73322581 160.46193548
334 160.09548387 159.22935484 160.96161290
335 160.59338710 159.72548387 161.46129032
336 161.09129032 160.22161290 161.96096774
337 161.58919355 160.71774194 162.46064516
338 162.08709677 161.21387097 162.96032258
339 162.58500000 161.71000000 163.46000000
340 163.07900000 162.19700000 163.96100000
341 163.57300000 162.68400000 164.46200000
342 164.06700000 163.17100000 164.96300000
343 164.56100000 163.65800000 165.46400000
344 165.05500000 164.14500000 165.96500000
345 165.54900000 164.63200000 166.46600000
346 166.04300000 165.11900000 166.96700000
347 166.53700000 165.60600000 167.46800000
348 167.03100000 166.09300000 167.96900000
349 167.52500000 166.58000000 168.47000000
350 168.01900000 167.06700000 168.97100000
351 168.51300000 167.55400000 169.47200000
352 169.00700000 168.04100000 169.97300000
353 169.50100000 168.52800000 170.47400000
354 169.99500000 169.01500000 170.97500000
355 170.48900000 169.50200000 171.47600000
356 170.98300000 169.98900000 171.97700000
357 171.47700000 170.47600000 172.47800000
358 171.97100000 170.96300000 172.97900000
359 172.46500000 171.45000000 173.48000000
360 172.95900000 171.93700000 173.98100000
361 173.45300000 172.42400000 174.48200000
362 173.94700000 172.91100000 174.98300000
363 174.44100000 173.39800000 175.48400000
364 174.93500000 173.88500000 175.98500000
365 175.42900000 174.37200000 176.48600000
366 175.92300000 174.85900000 176.98700000
367 176.41700000 175.34600000 177.48800000
368 176.91100000 175.83300000 177.98900000
369 177.40500000 176.32000000 178.49000000
370 177.89016304 176.79978261 178.98054348
371 178.37532609 177.27956522 179.47108696
372 178.86048913 177.75934783 179.96163043
373 179.34565217 178.23913043 180.45217391
374 179.83081522 178.71891304 180.94271739
375 180.31597826 179.19869565 181.43326087
376 180.80114130 179.67847826 181.92380435
377 181.28630435 180.15826087 182.41434783
378 181.77146739 180.63804348 182.90489130
379 182.25663043 181.11782609 183.39543478
380 182.74179348 181.59760870 183.88597826
381 183.22695652 182.07739130 184.37652174
382 183.71211957 182.55717391 184.86706522
383 184.19728261 183.03695652 185.35760870
384 184.68244565 183.51673913 185.84815217
385 185.16760870 183.99652174 186.33869565
386 185.65277174 184.47630435 186.82923913
387 186.13793478 184.95608696 187.31978261
388 186.62309783 185.43586957 187.81032609
389 187.10826087 185.91565217 188.30086957
390 187.59342391 186.39543478 188.79141304
391 188.07858696 186.87521739 189.28195652
392 188.56375000 187.35500000 189.77250000
393 189.04891304 187.83478261 190.26304348
394 189.53407609 188.31456522 190.75358696
395 190.01923913 188.79434783 191.24413043
396 190.50440217 189.27413043 191.73467391
397 190.98956522 189.75391304 192.22521739
398 191.47472826 190.23369565 192.71576087
399 191.95989130 190.71347826 193.20630435
400 192.44505435 191.19326087 193.69684783
401 192.93021739 191.67304348 194.18739130
402 193.41538043 192.15282609 194.67793478
403 193.90054348 192.63260870 195.16847826
404 194.38570652 193.11239130 195.65902174
405 194.87086957 193.59217391 196.14956522
406 195.35603261 194.07195652 196.64010870
407 195.84119565 194.55173913 197.13065217
408 196.32635870 195.03152174 197.62119565
409 196.81152174 195.51130435 198.11173913
410 197.29668478 195.99108696 198.60228261
411 197.78184783 196.47086957 199.09282609
412 198.26701087 196.95065217 199.58336957
413 198.75217391 197.43043478 200.07391304
414 199.23733696 197.91021739 200.56445652
415 199.72250000 198.39000000 201.05500000
416 200.20766304 198.86978261 201.54554348
417 200.69282609 199.34956522 202.03608696
418 201.17798913 199.82934783 202.52663043
419 201.66315217 200.30913043 203.01717391
420 202.14831522 200.78891304 203.50771739
421 202.63347826 201.26869565 203.99826087
422 203.11864130 201.74847826 204.48880435
423 203.60380435 202.22826087 204.97934783
424 204.08896739 202.70804348 205.46989130
425 204.57413043 203.18782609 205.96043478
426 205.05929348 203.66760870 206.45097826
427 205.54445652 204.14739130 206.94152174
428 206.02961957 204.62717391 207.43206522
429 206.51478261 205.10695652 207.92260870
430 206.99994565 205.58673913 208.41315217
431 207.48510870 206.06652174 208.90369565
432 207.97027174 206.54630435 209.39423913
433 208.45543478 207.02608696 209.88478261
434 208.94059783 207.50586957 210.37532609
435 209.42576087 207.98565217 210.86586957
436 209.91092391 208.46543478 211.35641304
437 210.39608696 208.94521739 211.84695652
438 210.88125000 209.42500000 212.33750000
439 211.36641304 209.90478261 212.82804348
440 211.85157609 210.38456522 213.31858696
441 212.33673913 210.86434783 213.80913043
442 212.82190217 211.34413043 214.29967391
443 213.30706522 211.82391304 214.79021739
444 213.79222826 212.30369565 215.28076087
445 214.27739130 212.78347826 215.77130435
446 214.76255435 213.26326087 216.26184783
447 215.24771739 213.74304348 216.75239130
448 215.73288043 214.22282609 217.24293478
449 216.21804348 214.70260870 217.73347826
450 216.70320652 215.18239130 218.22402174
451 217.18836957 215.66217391 218.71456522
452 217.67353261 216.14195652 219.20510870
453 218.15869565 216.62173913 219.69565217
454 218.64385870 217.10152174 220.18619565
455 219.12902174 217.58130435 220.67673913
456 219.61418478 218.06108696 221.16728261
457 220.09934783 218.54086957 221.65782609
458 220.58451087 219.02065217 222.14836957
459 221.06967391 219.50043478 222.63891304
460 221.55483696 219.98021739 223.12945652
461 222.04000000 220.46000000 223.62000000
462 222.52168478 220.92978261 224.11358696
463 223.00336957 221.39956522 224.60717391
464 223.48505435 221.86934783 225.10076087
465 223.96673913 222.33913043 225.59434783
466 224.44842391 222.80891304 226.08793478
467 224.93010870 223.27869565 226.58152174
468 225.41179348 223.74847826 227.07510870
469 225.89347826 224.21826087 227.56869565
470 226.37516304 224.68804348 228.06228261
471 226.85684783 225.15782609 228.55586957
472 227.33853261 225.62760870 229.04945652
473 227.82021739 226.09739130 229.54304348
474 228.30190217 226.56717391 230.03663043
475 228.78358696 227.03695652 230.53021739
476 229.26527174 227.50673913 231.02380435
477 229.74695652 227.97652174 231.51739130
478 230.22864130 228.44630435 232.01097826
479 230.71032609 228.91608696 232.50456522
480 231.19201087 229.38586957 232.99815217
481 231.67369565 229.85565217 233.49173913
482 232.15538043 230.32543478 233.98532609
483 232.63706522 230.79521739 234.47891304
484 233.11875000 231.26500000 234.97250000
485 233.60043478 231.73478261 235.46608696
486 234.08211957 232.20456522 235.95967391
487 234.56380435 232.67434783 236.45326087
488 235.04548913 233.14413043 236.94684783
489 235.52717391 233.61391304 237.44043478
490 236.00885870 234.08369565 237.93402174
491 236.49054348 234.55347826 238.42760870
492 236.97222826 235.02326087 238.92119565
493 237.45391304 235.49304348 239.41478261
494 237.93559783 235.96282609 239.90836957
495 238.41728261 236.43260870 240.40195652
496 238.89896739 236.90239130 240.89554348
497 239.38065217 237.37217391 241.38913043
498 239.86233696 237.84195652 241.88271739
499 240.34402174 238.31173913 242.37630435
500 240.82570652 238.78152174 242.86989130
501 241.30739130 239.25130435 243.36347826
502 241.78907609 239.72108696 243.85706522
503 242.27076087 240.19086957 244.35065217
504 242.75244565 240.66065217 244.84423913
505 243.23413043 241.13043478 245.33782609
506 243.71581522 241.60021739 245.83141304
507 244.19750000 242.07000000 246.32500000
508 244.67918478 242.53978261 246.81858696
509 245.16086957 243.00956522 247.31217391
510 245.64255435 243.47934783 247.80576087
511 246.12423913 243.94913043 248.29934783
512 246.60592391 244.41891304 248.79293478
513 247.08760870 244.88869565 249.28652174
514 247.56929348 245.35847826 249.78010870
515 248.05097826 245.82826087 250.27369565
516 248.53266304 246.29804348 250.76728261
517 249.01434783 246.76782609 251.26086957
518 249.49603261 247.23760870 251.75445652
519 249.97771739 247.70739130 252.24804348
520 250.45940217 248.17717391 252.74163043
521 250.94108696 248.64695652 253.23521739
522 251.42277174 249.11673913 253.72880435
523 251.90445652 249.58652174 254.22239130
524 252.38614130 250.05630435 254.71597826
525 252.86782609 250.52608696 255.20956522
526 253.34951087 250.99586957 255.70315217
527 253.83119565 251.46565217 256.19673913
528 254.31288043 251.93543478 256.69032609
529 254.79456522 252.40521739 257.18391304
530 255.27625000 252.87500000 257.67750000
531 255.75793478 253.34478261 258.17108696
532 256.23961957 253.81456522 258.66467391
533 256.72130435 254.28434783 259.15826087
534 257.20298913 254.75413043 259.65184783
535 257.68467391 255.22391304 260.14543478
536 258.16635870 255.69369565 260.63902174
537 258.64804348 256.16347826 261.13260870
538 259.12972826 256.63326087 261.62619565
539 259.61141304 257.10304348 262.11978261
540 260.09309783 257.57282609 262.61336957
541 260.57478261 258.04260870 263.10695652
542 261.05646739 258.51239130 263.60054348
543 261.53815217 258.98217391 264.09413043
544 262.01983696 259.45195652 264.58771739
545 262.50152174 259.92173913 265.08130435
546 262.98320652 260.39152174 265.57489130
547 263.46489130 260.86130435 266.06847826
548 263.94657609 261.33108696 266.56206522
549 264.42826087 261.80086957 267.05565217
550 264.90994565 262.27065217 267.54923913
551 265.39163043 262.74043478 268.04282609
552 265.87331522 263.21021739 268.53641304
553 266.35500000 263.68000000 269.03000000
554 266.81605263 264.13663158 269.49547368
555 267.27710526 264.59326316 269.96094737
556 267.73815789 265.04989474 270.42642105
557 268.19921053 265.50652632 270.89189474
558 268.66026316 265.96315789 271.35736842
559 269.12131579 266.41978947 271.82284211
560 269.58236842 266.87642105 272.28831579
561 270.04342105 267.33305263 272.75378947
562 270.50447368 267.78968421 273.21926316
563 270.96552632 268.24631579 273.68473684
564 271.42657895 268.70294737 274.15021053
565 271.88763158 269.15957895 274.61568421
566 272.34868421 269.61621053 275.08115789
567 272.80973684 270.07284211 275.54663158
568 273.27078947 270.52947368 276.01210526
569 273.73184211 270.98610526 276.47757895
570 274.19289474 271.44273684 276.94305263
571 274.65394737 271.89936842 277.40852632
572 275.11500000 272.35600000 277.87400000
573 275.57605263 272.81263158 278.33947368
574 276.03710526 273.26926316 278.80494737
575 276.49815789 273.72589474 279.27042105
576 276.95921053 274.18252632 279.73589474
577 277.42026316 274.63915789 280.20136842
578 277.88131579 275.09578947 280.66684211
579 278.34236842 275.55242105 281.13231579
580 278.80342105 276.00905263 281.59778947
581 279.26447368 276.46568421 282.06326316
582 279.72552632 276.92231579 282.52873684
583 280.18657895 277.37894737 282.99421053
584 280.64763158 277.83557895 283.45968421
585 281.10868421 278.29221053 283.92515789
586 281.56973684 278.74884211 284.39063158
587 282.03078947 279.20547368 284.85610526
588 282.49184211 279.66210526 285.32157895
589 282.95289474 280.11873684 285.78705263
590 283.41394737 280.57536842 286.25252632
591 283.87500000 281.03200000 286.71800000
592 284.33605263 281.48863158 287.18347368
593 284.79710526 281.94526316 287.64894737
594 285.25815789 282.40189474 288.11442105
595 285.71921053 282.85852632 288.57989474
596 286.18026316 283.31515789 289.04536842
597 286.64131579 283.77178947 289.51084211
598 287.10236842 284.22842105 289.97631579
599 287.56342105 284.68505263 290.44178947
600 288.02447368 285.14168421 290.90726316
601 288.48552632 285.59831579 291.37273684
602 288.94657895 286.05494737 291.83821053
603 289.40763158 286.51157895 292.30368421
604 289.86868421 286.96821053 292.76915789
605 290.32973684 287.42484211 293.23463158
606 290.79078947 287.88147368 293.70010526
607 291.25184211 288.33810526 294.16557895
608 291.71289474 288.79473684 294.63105263
609 292.17394737 289.25136842 295.09652632
610 292.63500000 289.70800000 295.56200000
611 293.09605263 290.16463158 296.02747368
612 293.55710526 290.62126316 296.49294737
613 294.01815789 291.07789474 296.95842105
614 294.47921053 291.53452632 297.42389474
615 294.94026316 291.99115789 297.88936842
616 295.40131579 292.44778947 298.35484211
617 295.86236842 292.90442105 298.82031579
618 296.32342105 293.36105263 299.28578947
619 296.78447368 293.81768421 299.75126316
620 297.24552632 294.27431579 300.21673684
621 297.70657895 294.73094737 300.68221053
622 298.16763158 295.18757895 301.14768421
623 298.62868421 295.64421053 301.61315789
624 299.08973684 296.10084211 302.07863158
625 299.55078947 296.55747368 302.54410526
626 300.01184211 297.01410526 303.00957895
627 300.47289474 297.47073684 303.47505263
628 300.93394737 297.92736842 303.94052632
629 301.39500000 298.38400000 304.40600000
630 301.85605263 298.84063158 304.87147368
631 302.31710526 299.29726316 305.33694737
632 302.77815789 299.75389474 305.80242105
633 303.23921053 300.21052632 306.26789474
634 303.70026316 300.66715789 306.73336842
635 304.16131579 301.12378947 307.19884211
636 304.62236842 301.58042105 307.66431579
637 305.08342105 302.03705263 308.12978947
638 305.54447368 302.49368421 308.59526316
639 306.00552632 302.95031579 309.06073684
640 306.46657895 303.40694737 309.52621053
641 306.92763158 303.86357895 309.99168421
642 307.38868421 304.32021053 310.45715789
643 307.84973684 304.77684211 310.92263158
644 308.31078947 305.23347368 311.38810526
645 308.77184211 305.69010526 311.85357895
646 309.23289474 306.14673684 312.31905263
647 309.69394737 306.60336842 312.78452632
648 310.15500000 307.06000000 313.25000000
649 310.58977011 307.47620690 313.70333333
650 311.02454023 307.89241379 314.15666667
651 311.45931034 308.30862069 314.61000000
652 311.89408046 308.72482759 315.06333333
653 312.32885057 309.14103448 315.51666667
654 312.76362069 309.55724138 315.97000000
655 313.19839080 309.97344828 316.42333333
656 313.63316092 310.38965517 316.87666667
657 314.06793103 310.80586207 317.33000000
658 314.50270115 311.22206897 317.78333333
659 314.93747126 311.63827586 318.23666667
660 315.37224138 312.05448276 318.69000000
661 315.80701149 312.47068966 319.14333333
662 316.24178161 312.88689655 319.59666667
663 316.67655172 313.30310345 320.05000000
664 317.11132184 313.71931034 320.50333333
665 317.54609195 314.13551724 320.95666667
666 317.98086207 314.55172414 321.41000000
667 318.41563218 314.96793103 321.86333333
668 318.85040230 315.38413793 322.31666667
669 319.28517241 315.80034483 322.77000000
670 319.71994253 316.21655172 323.22333333
671 320.15471264 316.63275862 323.67666667
672 320.58948276 317.04896552 324.13000000
673 321.02425287 317.46517241 324.58333333
674 321.45902299 317.88137931 325.03666667
675 321.89379310 318.29758621 325.49000000
676 322.32856322 318.71379310 325.94333333
677 322.76333333 319.13000000 326.39666667
678 323.19810345 319.54620690 326.85000000
679 323.63287356 319.96241379 327.30333333
680 324.06764368 320.37862069 327.75666667
681 324.50241379 320.79482759 328.21000000
682 324.93718391 321.21103448 328.66333333
683 325.37195402 321.62724138 329.11666667
684 325.80672414 322.04344828 329.57000000
685 326.24149425 322.45965517 330.02333333
686 326.67626437 322.87586207 330.47666667
687 327.11103448 323.29206897 330.93000000
688 327.54580460 323.70827586 331.38333333
689 327.98057471 324.12448276 331.83666667
690 328.41534483 324.54068966 332.29000000
691 328.85011494 324.95689655 332.74333333
692 329.28488506 325.37310345 333.19666667
693 329.71965517 325.78931034 333.65000000
694 330.15442529 326.20551724 334.10333333
695 330.58919540 326.62172414 334.55666667
696 331.02396552 327.03793103 335.01000000
697 331.45873563 327.45413793 335.46333333
698 331.89350575 327.87034483 335.91666667
699 332.32827586 328.28655172 336.37000000
700 332.76304598 328.70275862 336.82333333
701 333.19781609 329.11896552 337.27666667
702 333.63258621 329.53517241 337.73000000
703 334.06735632 329.95137931 338.18333333
704 334.50212644 330.36758621 338.63666667
705 334.93689655 330.78379310 339.09000000
706 335.37166667 331.20000000 339.54333333
707 335.80643678 331.61620690 339.99666667
708 336.24120690 332.03241379 340.45000000
709 336.67597701 332.44862069 340.90333333
710 337.11074713 332.86482759 341.35666667
711 337.54551724 333.28103448 341.81000000
712 337.98028736 333.69724138 342.26333333
713 338.41505747 334.11344828 342.71666667
714 338.84982759 334.52965517 343.17000000
715 339.28459770 334.94586207 343.62333333
716 339.71936782 335.36206897 344.07666667
717 340.15413793 335.77827586 344.53000000
718 340.58890805 336.19448276 344.98333333
719 341.02367816 336.61068966 345.43666667
720 341.45844828 337.02689655 345.89000000
721 341.89321839 337.44310345 346.34333333
722 342.32798851 337.85931034 346.79666667
723 342.76275862 338.27551724 347.25000000
724 343.19752874 338.69172414 347.70333333
725 343.63229885 339.10793103 348.15666667
726 344.06706897 339.52413793 348.61000000
727 344.50183908 339.94034483 349.06333333
728 344.93660920 340.35655172 349.51666667
729 345.37137931 340.77275862 349.97000000
730 345.80614943 341.18896552 350.42333333
731 346.24091954 341.60517241 350.87666667
732 346.67568966 342.02137931 351.33000000
733 347.11045977 342.43758621 351.78333333
734 347.54522989 342.85379310 352.23666667
735 347.98000000 343.27000000 352.69000000
736 348.41587193 343.69940055 353.13234332
737 348.85174387 344.12880109 353.57468665
738 349.28761580 344.55820163 354.01702997
739 349.72348774 344.98760218 354.45937330
740 350.15935967 345.41700272 354.90171662
741 350.59523161 345.84640327 355.34405995
742 351.03110354 346.27580381 355.78640327
743 351.46697548 346.70520436 356.22874659
744 351.90284741 347.13460490 356.67108992
745 352.33871935 347.56400545 357.11343324
746 352.77459128 347.99340599 357.55577657
747 353.21046322 348.42280654 357.99811989
748 353.64633515 348.85220708 358.44046322
749 354.08220708 349.28160763 358.88280654
750 354.51807902 349.71100817 359.32514986
751 354.95395095 350.14040872 359.76749319
752 355.38982289 350.56980926 360.20983651
753 355.82569482 350.99920981 360.65217984
754 356.26156676 351.42861035 361.09452316
755 356.69743869 351.85801090 361.53686649
756 357.13331063 352.28741144 361.97920981
757 357.56918256 352.71681199 362.42155313
758 358.00505450 353.14621253 362.86389646
759 358.44092643 353.57561308 363.30623978
760 358.87679837 354.00501362 363.74858311
761 359.31267030 354.43441417 364.19092643
762 359.74854223 354.86381471 364.63326975
763 360.18441417 355.29321526 365.07561308
764 360.62028610 355.72261580 365.51795640
765 361.05615804 356.15201635 365.96029973
766 361.49202997 356.58141689 366.40264305
767 361.92790191 357.01081744 366.84498638
768 362.36377384 357.44021798 367.28732970
769 362.79964578 357.86961853 367.72967302
770 363.23551771 358.29901907 368.17201635
771 363.67138965 358.72841962 368.61435967
772 364.10726158 359.15782016 369.05670300
773 364.54313352 359.58722071 369.49904632
774 364.97900545 360.01662125 369.94138965
775 365.41487738 360.44602180 370.38373297
776 365.85074932 360.87542234 370.82607629
777 366.28662125 361.30482289 371.26841962
778 366.72249319 361.73422343 371.71076294
779 367.15836512 362.16362398 372.15310627
780 367.59423706 362.59302452 372.59544959
781 368.03010899 363.02242507 373.03779292
782 368.46598093 363.45182561 373.48013624
783 368.90185286 363.88122616 373.92247956
784 369.33772480 364.31062670 374.36482289
785 369.77359673 364.74002725 374.80716621
786 370.20946866 365.16942779 375.24950954
787 370.64534060 365.59882834 375.69185286
788 371.08121253 366.02822888 376.13419619
789 371.51708447 366.45762943 376.57653951
790 371.95295640 366.88702997 377.01888283
791 372.38882834 367.31643052 377.46122616
792 372.82470027 367.74583106 377.90356948
793 373.26057221 368.17523161 378.34591281
794 373.69644414 368.60463215 378.78825613
795 374.13231608 369.03403270 379.23059946
796 374.56818801 369.46343324 379.67294278
797 375.00405995 369.89283379 380.11528610
798 375.43993188 370.32223433 380.55762943
799 375.87580381 370.75163488 380.99997275
800 376.31167575 371.18103542 381.44231608
801 376.74754768 371.61043597 381.88465940
802 377.18341962 372.03983651 382.32700272
803 377.61929155 372.46923706 382.76934605
804 378.05516349 372.89863760 383.21168937
805 378.49103542 373.32803815 383.65403270
806 378.92690736 373.75743869 384.09637602
807 379.36277929 374.18683924 384.53871935
808 379.79865123 374.61623978 384.98106267
809 380.23452316 375.04564033 385.42340599
810 380.67039510 375.47504087 385.86574932
811 381.10626703 375.90444142 386.30809264
812 381.54213896 376.33384196 386.75043597
813 381.97801090 376.76324251 387.19277929
814 382.41388283 377.19264305 387.63512262
815 382.84975477 377.62204360 388.07746594
816 383.28562670 378.05144414 388.51980926
817 383.72149864 378.48084469 388.96215259
818 384.15737057 378.91024523 389.40449591
819 384.59324251 379.33964578 389.84683924
820 385.02911444 379.76904632 390.28918256
821 385.46498638 380.19844687 390.73152589
822 385.90085831 380.62784741 391.17386921
823 386.33673025 381.05724796 391.61621253
824 386.77260218 381.48664850 392.05855586
825 387.20847411 381.91604905 392.50089918
826 387.64434605 382.34544959 392.94324251
827 388.08021798 382.77485014 393.38558583
828 388.51608992 383.20425068 393.82792916
829 388.95196185 383.63365123 394.27027248
830 389.38783379 384.06305177 394.71261580
831 389.82370572 384.49245232 395.15495913
832 390.25957766 384.92185286 395.59730245
833 390.69544959 385.35125341 396.03964578
834 391.13132153 385.78065395 396.48198910
835 391.56719346 386.21005450 396.92433243
836 392.00306540 386.63945504 397.36667575
837 392.43893733 387.06885559 397.80901907
838 392.87480926 387.49825613 398.25136240
839 393.31068120 387.92765668 398.69370572
840 393.74655313 388.35705722 399.13604905
841 394.18242507 388.78645777 399.57839237
842 394.61829700 389.21585831 400.02073569
843 395.05416894 389.64525886 400.46307902
844 395.49004087 390.07465940 400.90542234
845 395.92591281 390.50405995 401.34776567
846 396.36178474 390.93346049 401.79010899
847 396.79765668 391.36286104 402.23245232
848 397.23352861 391.79226158 402.67479564
849 397.66940055 392.22166213 403.11713896
850 398.10527248 392.65106267 403.55948229
851 398.54114441 393.08046322 404.00182561
852 398.97701635 393.50986376 404.44416894
853 399.41288828 393.93926431 404.88651226
854 399.84876022 394.36866485 405.32885559
855 400.28463215 394.79806540 405.77119891
856 400.72050409 395.22746594 406.21354223
857 401.15637602 395.65686649 406.65588556
858 401.59224796 396.08626703 407.09822888
859 402.02811989 396.51566757 407.54057221
860 402.46399183 396.94506812 407.98291553
861 402.89986376 397.37446866 408.42525886
862 403.33573569 397.80386921 408.86760218
863 403.77160763 398.23326975 409.30994550
864 404.20747956 398.66267030 409.75228883
865 404.64335150 399.09207084 410.19463215
866 405.07922343 399.52147139 410.63697548
867 405.51509537 399.95087193 411.07931880
868 405.95096730 400.38027248 411.52166213
869 406.38683924 400.80967302 411.96400545
870 406.82271117 401.23907357 412.40634877
871 407.25858311 401.66847411 412.84869210
872 407.69445504 402.09787466 413.29103542
873 408.13032698 402.52727520 413.73337875
874 408.56619891 402.95667575 414.17572207
875 409.00207084 403.38607629 414.61806540
876 409.43794278 403.81547684 415.06040872
877 409.87381471 404.24487738 415.50275204
878 410.30968665 404.67427793 415.94509537
879 410.74555858 405.10367847 416.38743869
880 411.18143052 405.53307902 416.82978202
881 411.61730245 405.96247956 417.27212534
882 412.05317439 406.39188011 417.71446866
883 412.48904632 406.82128065 418.15681199
884 412.92491826 407.25068120 418.59915531
885 413.36079019 407.68008174 419.04149864
886 413.79666213 408.10948229 419.48384196
887 414.23253406 408.53888283 419.92618529
888 414.66840599 408.96828338 420.36852861
889 415.10427793 409.39768392 420.81087193
890 415.54014986 409.82708447 421.25321526
891 415.97602180 410.25648501 421.69555858
892 416.41189373 410.68588556 422.13790191
893 416.84776567 411.11528610 422.58024523
894 417.28363760 411.54468665 423.02258856
895 417.71950954 411.97408719 423.46493188
896 418.15538147 412.40348774 423.90727520
897 418.59125341 412.83288828 424.34961853
898 419.02712534 413.26228883 424.79196185
899 419.46299728 413.69168937 425.23430518
900 419.89886921 414.12108992 425.67664850
901 420.33474114 414.55049046 426.11899183
902 420.77061308 414.97989101 426.56133515
903 421.20648501 415.40929155 427.00367847
904 421.64235695 415.83869210 427.44602180
905 422.07822888 416.26809264 427.88836512
906 422.51410082 416.69749319 428.33070845
907 422.94997275 417.12689373 428.77305177
908 423.38584469 417.55629428 429.21539510
909 423.82171662 417.98569482 429.65773842
910 424.25758856 418.41509537 430.10008174
911 424.69346049 418.84449591 430.54242507
912 425.12933243 419.27389646 430.98476839
913 425.56520436 419.70329700 431.42711172
914 426.00107629 420.13269755 431.86945504
915 426.43694823 420.56209809 432.31179837
916 426.87282016 420.99149864 432.75414169
917 427.30869210 421.42089918 433.19648501
918 427.74456403 421.85029973 433.63882834
919 428.18043597 422.27970027 434.08117166
920 428.61630790 422.70910082 434.52351499
921 429.05217984 423.13850136 434.96585831
922 429.48805177 423.56790191 435.40820163
923 429.92392371 423.99730245 435.85054496
924 430.35979564 424.42670300 436.29288828
925 430.79566757 424.85610354 436.73523161
926 431.23153951 425.28550409 437.17757493
927 431.66741144 425.71490463 437.61991826
928 432.10328338 426.14430518 438.06226158
929 432.53915531 426.57370572 438.50460490
930 432.97502725 427.00310627 438.94694823
931 433.41089918 427.43250681 439.38929155
932 433.84677112 427.86190736 439.83163488
933 434.28264305 428.29130790 440.27397820
934 434.71851499 428.72070845 440.71632153
935 435.15438692 429.15010899 441.15866485
936 435.59025886 429.57950954 441.60100817
937 436.02613079 430.00891008 442.04335150
938 436.46200272 430.43831063 442.48569482
939 436.89787466 430.86771117 442.92803815
940 437.33374659 431.29711172 443.37038147
941 437.76961853 431.72651226 443.81272480
942 438.20549046 432.15591281 444.25506812
943 438.64136240 432.58531335 444.69741144
944 439.07723433 433.01471390 445.13975477
945 439.51310627 433.44411444 445.58209809
946 439.94897820 433.87351499 446.02444142
947 440.38485014 434.30291553 446.46678474
948 440.82072207 434.73231608 446.90912807
949 441.25659401 435.16171662 447.35147139
950 441.69246594 435.59111717 447.79381471
951 442.12833787 436.02051771 448.23615804
952 442.56420981 436.44991826 448.67850136
953 443.00008174 436.87931880 449.12084469
954 443.43595368 437.30871935 449.56318801
955 443.87182561 437.73811989 450.00553134
956 444.30769755 438.16752044 450.44787466
957 444.74356948 438.59692098 450.89021798
958 445.17944142 439.02632153 451.33256131
959 445.61531335 439.45572207 451.77490463
960 446.05118529 439.88512262 452.21724796
961 446.48705722 440.31452316 452.65959128
962 446.92292916 440.74392371 453.10193460
963 447.35880109 441.17332425 453.54427793
964 447.79467302 441.60272480 453.98662125
965 448.23054496 442.03212534 454.42896458
966 448.66641689 442.46152589 454.87130790
967 449.10228883 442.89092643 455.31365123
968 449.53816076 443.32032698 455.75599455
969 449.97403270 443.74972752 456.19833787
970 450.40990463 444.17912807 456.64068120
971 450.84577657 444.60852861 457.08302452
972 451.28164850 445.03792916 457.52536785
973 451.71752044 445.46732970 457.96771117
974 452.15339237 445.89673025 458.41005450
975 452.58926431 446.32613079 458.85239782
976 453.02513624 446.75553134 459.29474114
977 453.46100817 447.18493188 459.73708447
978 453.89688011 447.61433243 460.17942779
979 454.33275204 448.04373297 460.62177112
980 454.76862398 448.47313352 461.06411444
981 455.20449591 448.90253406 461.50645777
982 455.64036785 449.33193460 461.94880109
983 456.07623978 449.76133515 462.39114441
984 456.51211172 450.19073569 462.83348774
985 456.94798365 450.62013624 463.27583106
986 457.38385559 451.04953678 463.71817439
987 457.81972752 451.47893733 464.16051771
988 458.25559946 451.90833787 464.60286104
989 458.69147139 452.33773842 465.04520436
990 459.12734332 452.76713896 465.48754768
991 459.56321526 453.19653951 465.92989101
992 459.99908719 453.62594005 466.37223433
993 460.43495913 454.05534060 466.81457766
994 460.87083106 454.48474114 467.25692098
995 461.30670300 454.91414169 467.69926431
996 461.74257493 455.34354223 468.14160763
997 462.17844687 455.77294278 468.58395095
998 462.61431880 456.20234332 469.02629428
999 463.05019074 456.63174387 469.46863760
1000 463.48606267 457.06114441 469.91098093
1001 463.92193460 457.49054496 470.35332425
1002 464.35780654 457.91994550 470.79566757
1003 464.79367847 458.34934605 471.23801090
1004 465.22955041 458.77874659 471.68035422
1005 465.66542234 459.20814714 472.12269755
1006 466.10129428 459.63754768 472.56504087
1007 466.53716621 460.06694823 473.00738420
1008 466.97303815 460.49634877 473.44972752
1009 467.40891008 460.92574932 473.89207084
1010 467.84478202 461.35514986 474.33441417
1011 468.28065395 461.78455041 474.77675749
1012 468.71652589 462.21395095 475.21910082
1013 469.15239782 462.64335150 475.66144414
1014 469.58826975 463.07275204 476.10378747
1015 470.02414169 463.50215259 476.54613079
1016 470.46001362 463.93155313 476.98847411
1017 470.89588556 464.36095368 477.43081744
1018 471.33175749 464.79035422 477.87316076
1019 471.76762943 465.21975477 478.31550409
1020 472.20350136 465.64915531 478.75784741
1021 472.63937330 466.07855586 479.20019074
1022 473.07524523 466.50795640 479.64253406
1023 473.51111717 466.93735695 480.08487738
1024 473.94698910 467.36675749 480.52722071
1025 474.38286104 467.79615804 480.96956403
1026 474.81873297 468.22555858 481.41190736
1027 475.25460490 468.65495913 481.85425068
1028 475.69047684 469.08435967 482.29659401
1029 476.12634877 469.51376022 482.73893733
1030 476.56222071 469.94316076 483.18128065
1031 476.99809264 470.37256131 483.62362398
1032 477.43396458 470.80196185 484.06596730
1033 477.86983651 471.23136240 484.50831063
1034 478.30570845 471.66076294 484.95065395
1035 478.74158038 472.09016349 485.39299728
1036 479.17745232 472.51956403 485.83534060
1037 479.61332425 472.94896458 486.27768392
1038 480.04919619 473.37836512 486.72002725
1039 480.48506812 473.80776567 487.16237057
1040 480.92094005 474.23716621 487.60471390
1041 481.35681199 474.66656676 488.04705722
1042 481.79268392 475.09596730 488.48940055
1043 482.22855586 475.52536785 488.93174387
1044 482.66442779 475.95476839 489.37408719
1045 483.10029973 476.38416894 489.81643052
1046 483.53617166 476.81356948 490.25877384
1047 483.97204360 477.24297003 490.70111717
1048 484.40791553 477.67237057 491.14346049
1049 484.84378747 478.10177112 491.58580381
1050 485.27965940 478.53117166 492.02814714
1051 485.71553134 478.96057221 492.47049046
1052 486.15140327 479.38997275 492.91283379
1053 486.58727520 479.81937330 493.35517711
1054 487.02314714 480.24877384 493.79752044
1055 487.45901907 480.67817439 494.23986376
1056 487.89489101 481.10757493 494.68220708
1057 488.33076294 481.53697548 495.12455041
1058 488.76663488 481.96637602 495.56689373
1059 489.20250681 482.39577657 496.00923706
1060 489.63837875 482.82517711 496.45158038
1061 490.07425068 483.25457766 496.89392371
1062 490.51012262 483.68397820 497.33626703
1063 490.94599455 484.11337875 497.77861035
1064 491.38186649 484.54277929 498.22095368
1065 491.81773842 484.97217984 498.66329700
1066 492.25361035 485.40158038 499.10564033
1067 492.68948229 485.83098093 499.54798365
1068 493.12535422 486.26038147 499.99032698
1069 493.56122616 486.68978202 500.43267030
1070 493.99709809 487.11918256 500.87501362
1071 494.43297003 487.54858311 501.31735695
1072 494.86884196 487.97798365 501.75970027
1073 495.30471390 488.40738420 502.20204360
1074 495.74058583 488.83678474 502.64438692
1075 496.17645777 489.26618529 503.08673025
1076 496.61232970 489.69558583 503.52907357
1077 497.04820163 490.12498638 503.97141689
1078 497.48407357 490.55438692 504.41376022
1079 497.91994550 490.98378747 504.85610354
1080 498.35581744 491.41318801 505.29844687
1081 498.79168937 491.84258856 505.74079019
1082 499.22756131 492.27198910 506.18313352
1083 499.66343324 492.70138965 506.62547684
1084 500.09930518 493.13079019 507.06782016
1085 500.53517711 493.56019074 507.51016349
1086 500.97104905 493.98959128 507.95250681
1087 501.40692098 494.41899183 508.39485014
1088 501.84279292 494.84839237 508.83719346
1089 502.27866485 495.27779292 509.27953678
1090 502.71453678 495.70719346 509.72188011
1091 503.15040872 496.13659401 510.16422343
1092 503.58628065 496.56599455 510.60656676
1093 504.02215259 496.99539510 511.04891008
1094 504.45802452 497.42479564 511.49125341
1095 504.89389646 497.85419619 511.93359673
1096 505.32976839 498.28359673 512.37594005
1097 505.76564033 498.71299728 512.81828338
1098 506.20151226 499.14239782 513.26062670
1099 506.63738420 499.57179837 513.70297003
1100 507.07325613 500.00119891 514.14531335
1101 507.50912807 500.43059946 514.58765668
1102 507.94500000 500.86000000 515.03000000
1103 508.36262363 501.27708791 515.44815934
1104 508.78024725 501.69417582 515.86631868
1105 509.19787088 502.11126374 516.28447802
1106 509.61549451 502.52835165 516.70263736
1107 510.03311813 502.94543956 517.12079670
1108 510.45074176 503.36252747 517.53895604
1109 510.86836538 503.77961538 517.95711538
1110 511.28598901 504.19670330 518.37527473
1111 511.70361264 504.61379121 518.79343407
1112 512.12123626 505.03087912 519.21159341
1113 512.53885989 505.44796703 519.62975275
1114 512.95648352 505.86505495 520.04791209
1115 513.37410714 506.28214286 520.46607143
1116 513.79173077 506.69923077 520.88423077
1117 514.20935440 507.11631868 521.30239011
1118 514.62697802 507.53340659 521.72054945
1119 515.04460165 507.95049451 522.13870879
1120 515.46222527 508.36758242 522.55686813
1121 515.87984890 508.78467033 522.97502747
1122 516.29747253 509.20175824 523.39318681
1123 516.71509615 509.61884615 523.81134615
1124 517.13271978 510.03593407 524.22950549
1125 517.55034341 510.45302198 524.64766484
1126 517.96796703 510.87010989 525.06582418
1127 518.38559066 511.28719780 525.48398352
1128 518.80321429 511.70428571 525.90214286
1129 519.22083791 512.12137363 526.32030220
1130 519.63846154 512.53846154 526.73846154
1131 520.05608516 512.95554945 527.15662088
1132 520.47370879 513.37263736 527.57478022
1133 520.89133242 513.78972527 527.99293956
1134 521.30895604 514.20681319 528.41109890
1135 521.72657967 514.62390110 528.82925824
1136 522.14420330 515.04098901 529.24741758
1137 522.56182692 515.45807692 529.66557692
1138 522.97945055 515.87516484 530.08373626
1139 523.39707418 516.29225275 530.50189560
1140 523.81469780 516.70934066 530.92005495
1141 524.23232143 517.12642857 531.33821429
1142 524.64994505 517.54351648 531.75637363
1143 525.06756868 517.96060440 532.17453297
1144 525.48519231 518.37769231 532.59269231
1145 525.90281593 518.79478022 533.01085165
1146 526.32043956 519.21186813 533.42901099
1147 526.73806319 519.62895604 533.84717033
1148 527.15568681 520.04604396 534.26532967
1149 527.57331044 520.46313187 534.68348901
1150 527.99093407 520.88021978 535.10164835
1151 528.40855769 521.29730769 535.51980769
1152 528.82618132 521.71439560 535.93796703
1153 529.24380495 522.13148352 536.35612637
1154 529.66142857 522.54857143 536.77428571
1155 530.07905220 522.96565934 537.19244505
1156 530.49667582 523.38274725 537.61060440
1157 530.91429945 523.79983516 538.02876374
1158 531.33192308 524.21692308 538.44692308
1159 531.74954670 524.63401099 538.86508242
1160 532.16717033 525.05109890 539.28324176
1161 532.58479396 525.46818681 539.70140110
1162 533.00241758 525.88527473 540.11956044
1163 533.42004121 526.30236264 540.53771978
1164 533.83766484 526.71945055 540.95587912
1165 534.25528846 527.13653846 541.37403846
1166 534.67291209 527.55362637 541.79219780
1167 535.09053571 527.97071429 542.21035714
1168 535.50815934 528.38780220 542.62851648
1169 535.92578297 528.80489011 543.04667582
1170 536.34340659 529.22197802 543.46483516
1171 536.76103022 529.63906593 543.88299451
1172 537.17865385 530.05615385 544.30115385
1173 537.59627747 530.47324176 544.71931319
1174 538.01390110 530.89032967 545.13747253
1175 538.43152473 531.30741758 545.55563187
1176 538.84914835 531.72450549 545.97379121
1177 539.26677198 532.14159341 546.39195055
1178 539.68439560 532.55868132 546.81010989
1179 540.10201923 532.97576923 547.22826923
1180 540.51964286 533.39285714 547.64642857
1181 540.93726648 533.80994505 548.06458791
1182 541.35489011 534.22703297 548.48274725
1183 541.77251374 534.64412088 548.90090659
1184 542.19013736 535.06120879 549.31906593
1185 542.60776099 535.47829670 549.73722527
1186 543.02538462 535.89538462 550.15538462
1187 543.44300824 536.31247253 550.57354396
1188 543.86063187 536.72956044 550.99170330
1189 544.27825549 537.14664835 551.40986264
1190 544.69587912 537.56373626 551.82802198
1191 545.11350275 537.98082418 552.24618132
1192 545.53112637 538.39791209 552.66434066
1193 545.94875000 538.81500000 553.08250000
1194 546.36637363 539.23208791 553.50065934
1195 546.78399725 539.64917582 553.91881868
1196 547.20162088 540.06626374 554.33697802
1197 547.61924451 540.48335165 554.75513736
1198 548.03686813 540.90043956 555.17329670
1199 548.45449176 541.31752747 555.59145604
1200 548.87211538 541.73461538 556.00961538
1201 549.28973901 542.15170330 556.42777473
1202 549.70736264 542.56879121 556.84593407
1203 550.12498626 542.98587912 557.26409341
1204 550.54260989 543.40296703 557.68225275
1205 550.96023352 543.82005495 558.10041209
1206 551.37785714 544.23714286 558.51857143
1207 551.79548077 544.65423077 558.93673077
1208 552.21310440 545.07131868 559.35489011
1209 552.63072802 545.48840659 559.77304945
1210 553.04835165 545.90549451 560.19120879
1211 553.46597527 546.32258242 560.60936813
1212 553.88359890 546.73967033 561.02752747
1213 554.30122253 547.15675824 561.44568681
1214 554.71884615 547.57384615 561.86384615
1215 555.13646978 547.99093407 562.28200549
1216 555.55409341 548.40802198 562.70016484
1217 555.97171703 548.82510989 563.11832418
1218 556.38934066 549.24219780 563.53648352
1219 556.80696429 549.65928571 563.95464286
1220 557.22458791 550.07637363 564.37280220
1221 557.64221154 550.49346154 564.79096154
1222 558.05983516 550.91054945 565.20912088
1223 558.47745879 551.32763736 565.62728022
1224 558.89508242 551.74472527 566.04543956
1225 559.31270604 552.16181319 566.46359890
1226 559.73032967 552.57890110 566.88175824
1227 560.14795330 552.99598901 567.29991758
1228 560.56557692 553.41307692 567.71807692
1229 560.98320055 553.83016484 568.13623626
1230 561.40082418 554.24725275 568.55439560
1231 561.81844780 554.66434066 568.97255495
1232 562.23607143 555.08142857 569.39071429
1233 562.65369505 555.49851648 569.80887363
1234 563.07131868 555.91560440 570.22703297
1235 563.48894231 556.33269231 570.64519231
1236 563.90656593 556.74978022 571.06335165
1237 564.32418956 557.16686813 571.48151099
1238 564.74181319 557.58395604 571.89967033
1239 565.15943681 558.00104396 572.31782967
1240 565.57706044 558.41813187 572.73598901
1241 565.99468407 558.83521978 573.15414835
1242 566.41230769 559.25230769 573.57230769
1243 566.82993132 559.66939560 573.99046703
1244 567.24755495 560.08648352 574.40862637
1245 567.66517857 560.50357143 574.82678571
1246 568.08280220 560.92065934 575.24494505
1247 568.50042582 561.33774725 575.66310440
1248 568.91804945 561.75483516 576.08126374
1249 569.33567308 562.17192308 576.49942308
1250 569.75329670 562.58901099 576.91758242
1251 570.17092033 563.00609890 577.33574176
1252 570.58854396 563.42318681 577.75390110
1253 571.00616758 563.84027473 578.17206044
1254 571.42379121 564.25736264 578.59021978
1255 571.84141484 564.67445055 579.00837912
1256 572.25903846 565.09153846 579.42653846
1257 572.67666209 565.50862637 579.84469780
1258 573.09428571 565.92571429 580.26285714
1259 573.51190934 566.34280220 580.68101648
1260 573.92953297 566.75989011 581.09917582
1261 574.34715659 567.17697802 581.51733516
1262 574.76478022 567.59406593 581.93549451
1263 575.18240385 568.01115385 582.35365385
1264 575.60002747 568.42824176 582.77181319
1265 576.01765110 568.84532967 583.18997253
1266 576.43527473 569.26241758 583.60813187
1267 576.85289835 569.67950549 584.02629121
1268 577.27052198 570.09659341 584.44445055
1269 577.68814560 570.51368132 584.86260989
1270 578.10576923 570.93076923 585.28076923
1271 578.52339286 571.34785714 585.69892857
1272 578.94101648 571.76494505 586.11708791
1273 579.35864011 572.18203297 586.53524725
1274 579.77626374 572.59912088 586.95340659
1275 580.19388736 573.01620879 587.37156593
1276 580.61151099 573.43329670 587.78972527
1277 581.02913462 573.85038462 588.20788462
1278 581.44675824 574.26747253 588.62604396
1279 581.86438187 574.68456044 589.04420330
1280 582.28200549 575.10164835 589.46236264
1281 582.69962912 575.51873626 589.88052198
1282 583.11725275 575.93582418 590.29868132
1283 583.53487637 576.35291209 590.71684066
1284 583.95250000 576.77000000 591.13500000
1285 584.37012363 577.18708791 591.55315934
1286 584.78774725 577.60417582 591.97131868
1287 585.20537088 578.02126374 592.38947802
1288 585.62299451 578.43835165 592.80763736
1289 586.04061813 578.85543956 593.22579670
1290 586.45824176 579.27252747 593.64395604
1291 586.87586538 579.68961538 594.06211538
1292 587.29348901 580.10670330 594.48027473
1293 587.71111264 580.52379121 594.89843407
1294 588.12873626 580.94087912 595.31659341
1295 588.54635989 581.35796703 595.73475275
1296 588.96398352 581.77505495 596.15291209
1297 589.38160714 582.19214286 596.57107143
1298 589.79923077 582.60923077 596.98923077
1299 590.21685440 583.02631868 597.40739011
1300 590.63447802 583.44340659 597.82554945
1301 591.05210165 583.86049451 598.24370879
1302 591.46972527 584.27758242 598.66186813
1303 591.88734890 584.69467033 599.08002747
1304 592.30497253 585.11175824 599.49818681
1305 592.72259615 585.52884615 599.91634615
1306 593.14021978 585.94593407 600.33450549
1307 593.55784341 586.36302198 600.75266484
1308 593.97546703 586.78010989 601.17082418
1309 594.39309066 587.19719780 601.58898352
1310 594.81071429 587.61428571 602.00714286
1311 595.22833791 588.03137363 602.42530220
1312 595.64596154 588.44846154 602.84346154
1313 596.06358516 588.86554945 603.26162088
1314 596.48120879 589.28263736 603.67978022
1315 596.89883242 589.69972527 604.09793956
1316 597.31645604 590.11681319 604.51609890
1317 597.73407967 590.53390110 604.93425824
1318 598.15170330 590.95098901 605.35241758
1319 598.56932692 591.36807692 605.77057692
1320 598.98695055 591.78516484 606.18873626
1321 599.40457418 592.20225275 606.60689560
1322 599.82219780 592.61934066 607.02505495
1323 600.23982143 593.03642857 607.44321429
1324 600.65744505 593.45351648 607.86137363
1325 601.07506868 593.87060440 608.27953297
1326 601.49269231 594.28769231 608.69769231
1327 601.91031593 594.70478022 609.11585165
1328 602.32793956 595.12186813 609.53401099
1329 602.74556319 595.53895604 609.95217033
1330 603.16318681 595.95604396 610.37032967
1331 603.58081044 596.37313187 610.78848901
1332 603.99843407 596.79021978 611.20664835
1333 604.41605769 597.20730769 611.62480769
1334 604.83368132 597.62439560 612.04296703
1335 605.25130495 598.04148352 612.46112637
1336 605.66892857 598.45857143 612.87928571
1337 606.08655220 598.87565934 613.29744505
1338 606.50417582 599.29274725 613.71560440
1339 606.92179945 599.70983516 614.13376374
1340 607.33942308 600.12692308 614.55192308
1341 607.75704670 600.54401099 614.97008242
1342 608.17467033 600.96109890 615.38824176
1343 608.59229396 601.37818681 615.80640110
1344 609.00991758 601.79527473 616.22456044
1345 609.42754121 602.21236264 616.64271978
1346 609.84516484 602.62945055 617.06087912
1347 610.26278846 603.04653846 617.47903846
1348 610.68041209 603.46362637 617.89719780
1349 611.09803571 603.88071429 618.31535714
1350 611.51565934 604.29780220 618.73351648
1351 611.93328297 604.71489011 619.15167582
1352 612.35090659 605.13197802 619.56983516
1353 612.76853022 605.54906593 619.98799451
1354 613.18615385 605.96615385 620.40615385
1355 613.60377747 606.38324176 620.82431319
1356 614.02140110 606.80032967 621.24247253
1357 614.43902473 607.21741758 621.66063187
1358 614.85664835 607.63450549 622.07879121
1359 615.27427198 608.05159341 622.49695055
1360 615.69189560 608.46868132 622.91510989
1361 616.10951923 608.88576923 623.33326923
1362 616.52714286 609.30285714 623.75142857
1363 616.94476648 609.71994505 624.16958791
1364 617.36239011 610.13703297 624.58774725
1365 617.78001374 610.55412088 625.00590659
1366 618.19763736 610.97120879 625.42406593
1367 618.61526099 611.38829670 625.84222527
1368 619.03288462 611.80538462 626.26038462
1369 619.45050824 612.22247253 626.67854396
1370 619.86813187 612.63956044 627.09670330
1371 620.28575549 613.05664835 627.51486264
1372 620.70337912 613.47373626 627.93302198
1373 621.12100275 613.89082418 628.35118132
1374 621.53862637 614.30791209 628.76934066
1375 621.95625000 614.72500000 629.18750000
1376 622.37387363 615.14208791 629.60565934
1377 622.79149725 615.55917582 630.02381868
1378 623.20912088 615.97626374 630.44197802
1379 623.62674451 616.39335165 630.86013736
1380 624.04436813 616.81043956 631.27829670
1381 624.46199176 617.22752747 631.69645604
1382 624.87961538 617.64461538 632.11461538
1383 625.29723901 618.06170330 632.53277473
1384 625.71486264 618.47879121 632.95093407
1385 626.13248626 618.89587912 633.36909341
1386 626.55010989 619.31296703 633.78725275
1387 626.96773352 619.73005495 634.20541209
1388 627.38535714 620.14714286 634.62357143
1389 627.80298077 620.56423077 635.04173077
1390 628.22060440 620.98131868 635.45989011
1391 628.63822802 621.39840659 635.87804945
1392 629.05585165 621.81549451 636.29620879
1393 629.47347527 622.23258242 636.71436813
1394 629.89109890 622.64967033 637.13252747
1395 630.30872253 623.06675824 637.55068681
1396 630.72634615 623.48384615 637.96884615
1397 631.14396978 623.90093407 638.38700549
1398 631.56159341 624.31802198 638.80516484
1399 631.97921703 624.73510989 639.22332418
1400 632.39684066 625.15219780 639.64148352
1401 632.81446429 625.56928571 640.05964286
1402 633.23208791 625.98637363 640.47780220
1403 633.64971154 626.40346154 640.89596154
1404 634.06733516 626.82054945 641.31412088
1405 634.48495879 627.23763736 641.73228022
1406 634.90258242 627.65472527 642.15043956
1407 635.32020604 628.07181319 642.56859890
1408 635.73782967 628.48890110 642.98675824
1409 636.15545330 628.90598901 643.40491758
1410 636.57307692 629.32307692 643.82307692
1411 636.99070055 629.74016484 644.24123626
1412 637.40832418 630.15725275 644.65939560
1413 637.82594780 630.57434066 645.07755495
1414 638.24357143 630.99142857 645.49571429
1415 638.66119505 631.40851648 645.91387363
1416 639.07881868 631.82560440 646.33203297
1417 639.49644231 632.24269231 646.75019231
1418 639.91406593 632.65978022 647.16835165
1419 640.33168956 633.07686813 647.58651099
1420 640.74931319 633.49395604 648.00467033
1421 641.16693681 633.91104396 648.42282967
1422 641.58456044 634.32813187 648.84098901
1423 642.00218407 634.74521978 649.25914835
1424 642.41980769 635.16230769 649.67730769
1425 642.83743132 635.57939560 650.09546703
1426 643.25505495 635.99648352 650.51362637
1427 643.67267857 636.41357143 650.93178571
1428 644.09030220 636.83065934 651.34994505
1429 644.50792582 637.24774725 651.76810440
1430 644.92554945 637.66483516 652.18626374
1431 645.34317308 638.08192308 652.60442308
1432 645.76079670 638.49901099 653.02258242
1433 646.17842033 638.91609890 653.44074176
1434 646.59604396 639.33318681 653.85890110
1435 647.01366758 639.75027473 654.27706044
1436 647.43129121 640.16736264 654.69521978
1437 647.84891484 640.58445055 655.11337912
1438 648.26653846 641.00153846 655.53153846
1439 648.68416209 641.41862637 655.94969780
1440 649.10178571 641.83571429 656.36785714
1441 649.51940934 642.25280220 656.78601648
1442 649.93703297 642.66989011 657.20417582
1443 650.35465659 643.08697802 657.62233516
1444 650.77228022 643.50406593 658.04049451
1445 651.18990385 643.92115385 658.45865385
1446 651.60752747 644.33824176 658.87681319
1447 652.02515110 644.75532967 659.29497253
1448 652.44277473 645.17241758 659.71313187
1449 652.86039835 645.58950549 660.13129121
1450 653.27802198 646.00659341 660.54945055
1451 653.69564560 646.42368132 660.96760989
1452 654.11326923 646.84076923 661.38576923
1453 654.53089286 647.25785714 661.80392857
1454 654.94851648 647.67494505 662.22208791
1455 655.36614011 648.09203297 662.64024725
1456 655.78376374 648.50912088 663.05840659
1457 656.20138736 648.92620879 663.47656593
1458 656.61901099 649.34329670 663.89472527
1459 657.03663462 649.76038462 664.31288462
1460 657.45425824 650.17747253 664.73104396
1461 657.87188187 650.59456044 665.14920330
1462 658.28950549 651.01164835 665.56736264
1463 658.70712912 651.42873626 665.98552198
1464 659.12475275 651.84582418 666.40368132
1465 659.54237637 652.26291209 666.82184066
1466 659.96000000 652.68000000 667.24000000
1467 660.36550824 653.07656593 667.65445055
1468 660.77101648 653.47313187 668.06890110
1469 661.17652473 653.86969780 668.48335165
1470 661.58203297 654.26626374 668.89780220
1471 661.98754121 654.66282967 669.31225275
1472 662.39304945 655.05939560 669.72670330
1473 662.79855769 655.45596154 670.14115385
1474 663.20406593 655.85252747 670.55560440
1475 663.60957418 656.24909341 670.97005495
1476 664.01508242 656.64565934 671.38450549
1477 664.42059066 657.04222527 671.79895604
1478 664.82609890 657.43879121 672.21340659
1479 665.23160714 657.83535714 672.62785714
1480 665.63711538 658.23192308 673.04230769
1481 666.04262363 658.62848901 673.45675824
1482 666.44813187 659.02505495 673.87120879
1483 666.85364011 659.42162088 674.28565934
1484 667.25914835 659.81818681 674.70010989
1485 667.66465659 660.21475275 675.11456044
1486 668.07016484 660.61131868 675.52901099
1487 668.47567308 661.00788462 675.94346154
1488 668.88118132 661.40445055 676.35791209
1489 669.28668956 661.80101648 676.77236264
1490 669.69219780 662.19758242 677.18681319
1491 670.09770604 662.59414835 677.60126374
1492 670.50321429 662.99071429 678.01571429
1493 670.90872253 663.38728022 678.43016484
1494 671.31423077 663.78384615 678.84461538
1495 671.71973901 664.18041209 679.25906593
1496 672.12524725 664.57697802 679.67351648
1497 672.53075549 664.97354396 680.08796703
1498 672.93626374 665.37010989 680.50241758
1499 673.34177198 665.76667582 680.91686813
1500 673.74728022 666.16324176 681.33131868
1501 674.15278846 666.55980769 681.74576923
1502 674.55829670 666.95637363 682.16021978
1503 674.96380495 667.35293956 682.57467033
1504 675.36931319 667.74950549 682.98912088
1505 675.77482143 668.14607143 683.40357143
1506 676.18032967 668.54263736 683.81802198
1507 676.58583791 668.93920330 684.23247253
1508 676.99134615 669.33576923 684.64692308
1509 677.39685440 669.73233516 685.06137363
1510 677.80236264 670.12890110 685.47582418
1511 678.20787088 670.52546703 685.89027473
1512 678.61337912 670.92203297 686.30472527
1513 679.01888736 671.31859890 686.71917582
1514 679.42439560 671.71516484 687.13362637
1515 679.82990385 672.11173077 687.54807692
1516 680.23541209 672.50829670 687.96252747
1517 680.64092033 672.90486264 688.37697802
1518 681.04642857 673.30142857 688.79142857
1519 681.45193681 673.69799451 689.20587912
1520 681.85744505 674.09456044 689.62032967
1521 682.26295330 674.49112637 690.03478022
1522 682.66846154 674.88769231 690.44923077
1523 683.07396978 675.28425824 690.86368132
1524 683.47947802 675.68082418 691.27813187
1525 683.88498626 676.07739011 691.69258242
1526 684.29049451 676.47395604 692.10703297
1527 684.69600275 676.87052198 692.52148352
1528 685.10151099 677.26708791 692.93593407
1529 685.50701923 677.66365385 693.35038462
1530 685.91252747 678.06021978 693.76483516
1531 686.31803571 678.45678571 694.17928571
1532 686.72354396 678.85335165 694.59373626
1533 687.12905220 679.24991758 695.00818681
1534 687.53456044 679.64648352 695.42263736
1535 687.94006868 680.04304945 695.83708791
1536 688.34557692 680.43961538 696.25153846
1537 688.75108516 680.83618132 696.66598901
1538 689.15659341 681.23274725 697.08043956
1539 689.56210165 681.62931319 697.49489011
1540 689.96760989 682.02587912 697.90934066
1541 690.37311813 682.42244505 698.32379121
1542 690.77862637 682.81901099 698.73824176
1543 691.18413462 683.21557692 699.15269231
1544 691.58964286 683.61214286 699.56714286
1545 691.99515110 684.00870879 699.98159341
1546 692.40065934 684.40527473 700.39604396
1547 692.80616758 684.80184066 700.81049451
1548 693.21167582 685.19840659 701.22494505
1549 693.61718407 685.59497253 701.63939560
1550 694.02269231 685.99153846 702.05384615
1551 694.42820055 686.38810440 702.46829670
1552 694.83370879 686.78467033 702.88274725
1553 695.23921703 687.18123626 703.29719780
1554 695.64472527 687.57780220 703.71164835
1555 696.05023352 687.97436813 704.12609890
1556 696.45574176 688.37093407 704.54054945
1557 696.86125000 688.76750000 704.95500000
1558 697.26675824 689.16406593 705.36945055
1559 697.67226648 689.56063187 705.78390110
1560 698.07777473 689.95719780 706.19835165
1561 698.48328297 690.35376374 706.61280220
1562 698.88879121 690.75032967 707.02725275
1563 699.29429945 691.14689560 707.44170330
1564 699.69980769 691.54346154 707.85615385
1565 700.10531593 691.94002747 708.27060440
1566 700.51082418 692.33659341 708.68505495
1567 700.91633242 692.73315934 709.09950549
1568 701.32184066 693.12972527 709.51395604
1569 701.72734890 693.52629121 709.92840659
1570 702.13285714 693.92285714 710.34285714
1571 702.53836538 694.31942308 710.75730769
1572 702.94387363 694.71598901 711.17175824
1573 703.34938187 695.11255495 711.58620879
1574 703.75489011 695.50912088 712.00065934
1575 704.16039835 695.90568681 712.41510989
1576 704.56590659 696.30225275 712.82956044
1577 704.97141484 696.69881868 713.24401099
1578 705.37692308 697.09538462 713.65846154
1579 705.78243132 697.49195055 714.07291209
1580 706.18793956 697.88851648 714.48736264
1581 706.59344780 698.28508242 714.90181319
1582 706.99895604 698.68164835 715.31626374
1583 707.40446429 699.07821429 715.73071429
1584 707.80997253 699.47478022 716.14516484
1585 708.21548077 699.87134615 716.55961538
1586 708.62098901 700.26791209 716.97406593
1587 709.02649725 700.66447802 717.38851648
1588 709.43200549 701.06104396 717.80296703
1589 709.83751374 701.45760989 718.21741758
1590 710.24302198 701.85417582 718.63186813
1591 710.64853022 702.25074176 719.04631868
1592 711.05403846 702.64730769 719.46076923
1593 711.45954670 703.04387363 719.87521978
1594 711.86505495 703.44043956 720.28967033
1595 712.27056319 703.83700549 720.70412088
1596 712.67607143 704.23357143 721.11857143
1597 713.08157967 704.63013736 721.53302198
1598 713.48708791 705.02670330 721.94747253
1599 713.89259615 705.42326923 722.36192308
1600 714.29810440 705.81983516 722.77637363
1601 714.70361264 706.21640110 723.19082418
1602 715.10912088 706.61296703 723.60527473
1603 715.51462912 707.00953297 724.01972527
1604 715.92013736 707.40609890 724.43417582
1605 716.32564560 707.80266484 724.84862637
1606 716.73115385 708.19923077 725.26307692
1607 717.13666209 708.59579670 725.67752747
1608 717.54217033 708.99236264 726.09197802
1609 717.94767857 709.38892857 726.50642857
1610 718.35318681 709.78549451 726.92087912
1611 718.75869505 710.18206044 727.33532967
1612 719.16420330 710.57862637 727.74978022
1613 719.56971154 710.97519231 728.16423077
1614 719.97521978 711.37175824 728.57868132
1615 720.38072802 711.76832418 728.99313187
1616 720.78623626 712.16489011 729.40758242
1617 721.19174451 712.56145604 729.82203297
1618 721.59725275 712.95802198 730.23648352
1619 722.00276099 713.35458791 730.65093407
1620 722.40826923 713.75115385 731.06538462
1621 722.81377747 714.14771978 731.47983516
1622 723.21928571 714.54428571 731.89428571
1623 723.62479396 714.94085165 732.30873626
1624 724.03030220 715.33741758 732.72318681
1625 724.43581044 715.73398352 733.13763736
1626 724.84131868 716.13054945 733.55208791
1627 725.24682692 716.52711538 733.96653846
1628 725.65233516 716.92368132 734.38098901
1629 726.05784341 717.32024725 734.79543956
1630 726.46335165 717.71681319 735.20989011
1631 726.86885989 718.11337912 735.62434066
1632 727.27436813 718.50994505 736.03879121
1633 727.67987637 718.90651099 736.45324176
1634 728.08538462 719.30307692 736.86769231
1635 728.49089286 719.69964286 737.28214286
1636 728.89640110 720.09620879 737.69659341
1637 729.30190934 720.49277473 738.11104396
1638 729.70741758 720.88934066 738.52549451
1639 730.11292582 721.28590659 738.93994505
1640 730.51843407 721.68247253 739.35439560
1641 730.92394231 722.07903846 739.76884615
1642 731.32945055 722.47560440 740.18329670
1643 731.73495879 722.87217033 740.59774725
1644 732.14046703 723.26873626 741.01219780
1645 732.54597527 723.66530220 741.42664835
1646 732.95148352 724.06186813 741.84109890
1647 733.35699176 724.45843407 742.25554945
1648 733.76250000 724.85500000 742.67000000
1649 734.16800824 725.25156593 743.08445055
1650 734.57351648 725.64813187 743.49890110
1651 734.97902473 726.04469780 743.91335165
1652 735.38453297 726.44126374 744.32780220
1653 735.79004121 726.83782967 744.74225275
1654 736.19554945 727.23439560 745.15670330
1655 736.60105769 727.63096154 745.57115385
1656 737.00656593 728.02752747 745.98560440
1657 737.41207418 728.42409341 746.40005495
1658 737.81758242 728.82065934 746.81450549
1659 738.22309066 729.21722527 747.22895604
1660 738.62859890 729.61379121 747.64340659
1661 739.03410714 730.01035714 748.05785714
1662 739.43961538 730.40692308 748.47230769
1663 739.84512363 730.80348901 748.88675824
1664 740.25063187 731.20005495 749.30120879
1665 740.65614011 731.59662088 749.71565934
1666 741.06164835 731.99318681 750.13010989
1667 741.46715659 732.38975275 750.54456044
1668 741.87266484 732.78631868 750.95901099
1669 742.27817308 733.18288462 751.37346154
1670 742.68368132 733.57945055 751.78791209
1671 743.08918956 733.97601648 752.20236264
1672 743.49469780 734.37258242 752.61681319
1673 743.90020604 734.76914835 753.03126374
1674 744.30571429 735.16571429 753.44571429
1675 744.71122253 735.56228022 753.86016484
1676 745.11673077 735.95884615 754.27461538
1677 745.52223901 736.35541209 754.68906593
1678 745.92774725 736.75197802 755.10351648
1679 746.33325549 737.14854396 755.51796703
1680 746.73876374 737.54510989 755.93241758
1681 747.14427198 737.94167582 756.34686813
1682 747.54978022 738.33824176 756.76131868
1683 747.95528846 738.73480769 757.17576923
1684 748.36079670 739.13137363 757.59021978
1685 748.76630495 739.52793956 758.00467033
1686 749.17181319 739.92450549 758.41912088
1687 749.57732143 740.32107143 758.83357143
1688 749.98282967 740.71763736 759.24802198
1689 750.38833791 741.11420330 759.66247253
1690 750.79384615 741.51076923 760.07692308
1691 751.19935440 741.90733516 760.49137363
1692 751.60486264 742.30390110 760.90582418
1693 752.01037088 742.70046703 761.32027473
1694 752.41587912 743.09703297 761.73472527
1695 752.82138736 743.49359890 762.14917582
1696 753.22689560 743.89016484 762.56362637
1697 753.63240385 744.28673077 762.97807692
1698 754.03791209 744.68329670 763.39252747
1699 754.44342033 745.07986264 763.80697802
1700 754.84892857 745.47642857 764.22142857
1701 755.25443681 745.87299451 764.63587912
1702 755.65994505 746.26956044 765.05032967
1703 756.06545330 746.66612637 765.46478022
1704 756.47096154 747.06269231 765.87923077
1705 756.87646978 747.45925824 766.29368132
1706 757.28197802 747.85582418 766.70813187
1707 757.68748626 748.25239011 767.12258242
1708 758.09299451 748.64895604 767.53703297
1709 758.49850275 749.04552198 767.95148352
1710 758.90401099 749.44208791 768.36593407
1711 759.30951923 749.83865385 768.78038462
1712 759.71502747 750.23521978 769.19483516
1713 760.12053571 750.63178571 769.60928571
1714 760.52604396 751.02835165 770.02373626
1715 760.93155220 751.42491758 770.43818681
1716 761.33706044 751.82148352 770.85263736
1717 761.74256868 752.21804945 771.26708791
1718 762.14807692 752.61461538 771.68153846
1719 762.55358516 753.01118132 772.09598901
1720 762.95909341 753.40774725 772.51043956
1721 763.36460165 753.80431319 772.92489011
1722 763.77010989 754.20087912 773.33934066
1723 764.17561813 754.59744505 773.75379121
1724 764.58112637 754.99401099 774.16824176
1725 764.98663462 755.39057692 774.58269231
1726 765.39214286 755.78714286 774.99714286
1727 765.79765110 756.18370879 775.41159341
1728 766.20315934 756.58027473 775.82604396
1729 766.60866758 756.97684066 776.24049451
1730 767.01417582 757.37340659 776.65494505
1731 767.41968407 757.76997253 777.06939560
1732 767.82519231 758.16653846 777.48384615
1733 768.23070055 758.56310440 777.89829670
1734 768.63620879 758.95967033 778.31274725
1735 769.04171703 759.35623626 778.72719780
1736 769.44722527 759.75280220 779.14164835
1737 769.85273352 760.14936813 779.55609890
1738 770.25824176 760.54593407 779.97054945
1739 770.66375000 760.94250000 780.38500000
1740 771.06925824 761.33906593 780.79945055
1741 771.47476648 761.73563187 781.21390110
1742 771.88027473 762.13219780 781.62835165
1743 772.28578297 762.52876374 782.04280220
1744 772.69129121 762.92532967 782.45725275
1745 773.09679945 763.32189560 782.87170330
1746 773.50230769 763.71846154 783.28615385
1747 773.90781593 764.11502747 783.70060440
1748 774.31332418 764.51159341 784.11505495
1749 774.71883242 764.90815934 784.52950549
1750 775.12434066 765.30472527 784.94395604
1751 775.52984890 765.70129121 785.35840659
1752 775.93535714 766.09785714 785.77285714
1753 776.34086538 766.49442308 786.18730769
1754 776.74637363 766.89098901 786.60175824
1755 777.15188187 767.28755495 787.01620879
1756 777.55739011 767.68412088 787.43065934
1757 777.96289835 768.08068681 787.84510989
1758 778.36840659 768.47725275 788.25956044
1759 778.77391484 768.87381868 788.67401099
1760 779.17942308 769.27038462 789.08846154
1761 779.58493132 769.66695055 789.50291209
1762 779.99043956 770.06351648 789.91736264
1763 780.39594780 770.46008242 790.33181319
1764 780.80145604 770.85664835 790.74626374
1765 781.20696429 771.25321429 791.16071429
1766 781.61247253 771.64978022 791.57516484
1767 782.01798077 772.04634615 791.98961538
1768 782.42348901 772.44291209 792.40406593
1769 782.82899725 772.83947802 792.81851648
1770 783.23450549 773.23604396 793.23296703
1771 783.64001374 773.63260989 793.64741758
1772 784.04552198 774.02917582 794.06186813
1773 784.45103022 774.42574176 794.47631868
1774 784.85653846 774.82230769 794.89076923
1775 785.26204670 775.21887363 795.30521978
1776 785.66755495 775.61543956 795.71967033
1777 786.07306319 776.01200549 796.13412088
1778 786.47857143 776.40857143 796.54857143
1779 786.88407967 776.80513736 796.96302198
1780 787.28958791 777.20170330 797.37747253
1781 787.69509615 777.59826923 797.79192308
1782 788.10060440 777.99483516 798.20637363
1783 788.50611264 778.39140110 798.62082418
1784 788.91162088 778.78796703 799.03527473
1785 789.31712912 779.18453297 799.44972527
1786 789.72263736 779.58109890 799.86417582
1787 790.12814560 779.97766484 800.27862637
1788 790.53365385 780.37423077 800.69307692
1789 790.93916209 780.77079670 801.10752747
1790 791.34467033 781.16736264 801.52197802
1791 791.75017857 781.56392857 801.93642857
1792 792.15568681 781.96049451 802.35087912
1793 792.56119505 782.35706044 802.76532967
1794 792.96670330 782.75362637 803.17978022
1795 793.37221154 783.15019231 803.59423077
1796 793.77771978 783.54675824 804.00868132
1797 794.18322802 783.94332418 804.42313187
1798 794.58873626 784.33989011 804.83758242
1799 794.99424451 784.73645604 805.25203297
1800 795.39975275 785.13302198 805.66648352
1801 795.80526099 785.52958791 806.08093407
1802 796.21076923 785.92615385 806.49538462
1803 796.61627747 786.32271978 806.90983516
1804 797.02178571 786.71928571 807.32428571
1805 797.42729396 787.11585165 807.73873626
1806 797.83280220 787.51241758 808.15318681
1807 798.23831044 787.90898352 808.56763736
1808 798.64381868 788.30554945 808.98208791
1809 799.04932692 788.70211538 809.39653846
1810 799.45483516 789.09868132 809.81098901
1811 799.86034341 789.49524725 810.22543956
1812 800.26585165 789.89181319 810.63989011
1813 800.67135989 790.28837912 811.05434066
1814 801.07686813 790.68494505 811.46879121
1815 801.48237637 791.08151099 811.88324176
1816 801.88788462 791.47807692 812.29769231
1817 802.29339286 791.87464286 812.71214286
1818 802.69890110 792.27120879 813.12659341
1819 803.10440934 792.66777473 813.54104396
1820 803.50991758 793.06434066 813.95549451
1821 803.91542582 793.46090659 814.36994505
1822 804.32093407 793.85747253 814.78439560
1823 804.72644231 794.25403846 815.19884615
1824 805.13195055 794.65060440 815.61329670
1825 805.53745879 795.04717033 816.02774725
1826 805.94296703 795.44373626 816.44219780
1827 806.34847527 795.84030220 816.85664835
1828 806.75398352 796.23686813 817.27109890
1829 807.15949176 796.63343407 817.68554945
1830 807.56500000 797.03000000 818.10000000
1831 807.99148907 797.45926230 818.52371585
1832 808.41797814 797.88852459 818.94743169
1833 808.84446721 798.31778689 819.37114754
1834 809.27095628 798.74704918 819.79486339
1835 809.69744536 799.17631148 820.21857924
1836 810.12393443 799.60557377 820.64229508
1837 810.55042350 800.03483607 821.06601093
1838 810.97691257 800.46409836 821.48972678
1839 811.40340164 800.89336066 821.91344262
1840 811.82989071 801.32262295 822.33715847
1841 812.25637978 801.75188525 822.76087432
1842 812.68286885 802.18114754 823.18459016
1843 813.10935792 802.61040984 823.60830601
1844 813.53584699 803.03967213 824.03202186
1845 813.96233607 803.46893443 824.45573770
1846 814.38882514 803.89819672 824.87945355
1847 814.81531421 804.32745902 825.30316940
1848 815.24180328 804.75672131 825.72688525
1849 815.66829235 805.18598361 826.15060109
1850 816.09478142 805.61524590 826.57431694
1851 816.52127049 806.04450820 826.99803279
1852 816.94775956 806.47377049 827.42174863
1853 817.37424863 806.90303279 827.84546448
1854 817.80073770 807.33229508 828.26918033
1855 818.22722678 807.76155738 828.69289617
1856 818.65371585 808.19081967 829.11661202
1857 819.08020492 808.62008197 829.54032787
1858 819.50669399 809.04934426 829.96404372
1859 819.93318306 809.47860656 830.38775956
1860 820.35967213 809.90786885 830.81147541
1861 820.78616120 810.33713115 831.23519126
1862 821.21265027 810.76639344 831.65890710
1863 821.63913934 811.19565574 832.08262295
1864 822.06562842 811.62491803 832.50633880
1865 822.49211749 812.05418033 832.93005464
1866 822.91860656 812.48344262 833.35377049
1867 823.34509563 812.91270492 833.77748634
1868 823.77158470 813.34196721 834.20120219
1869 824.19807377 813.77122951 834.62491803
1870 824.62456284 814.20049180 835.04863388
1871 825.05105191 814.62975410 835.47234973
1872 825.47754098 815.05901639 835.89606557
1873 825.90403005 815.48827869 836.31978142
1874 826.33051913 815.91754098 836.74349727
1875 826.75700820 816.34680328 837.16721311
1876 827.18349727 816.77606557 837.59092896
1877 827.60998634 817.20532787 838.01464481
1878 828.03647541 817.63459016 838.43836066
1879 828.46296448 818.06385246 838.86207650
1880 828.88945355 818.49311475 839.28579235
1881 829.31594262 818.92237705 839.70950820
1882 829.74243169 819.35163934 840.13322404
1883 830.16892077 819.78090164 840.55693989
1884 830.59540984 820.21016393 840.98065574
1885 831.02189891 820.63942623 841.40437158
1886 831.44838798 821.06868852 841.82808743
1887 831.87487705 821.49795082 842.25180328
1888 832.30136612 821.92721311 842.67551913
1889 832.72785519 822.35647541 843.09923497
1890 833.15434426 822.78573770 843.52295082
1891 833.58083333 823.21500000 843.94666667
1892 834.00732240 823.64426230 844.37038251
1893 834.43381148 824.07352459 844.79409836
1894 834.86030055 824.50278689 845.21781421
1895 835.28678962 824.93204918 845.64153005
1896 835.71327869 825.36131148 846.06524590
1897 836.13976776 825.79057377 846.48896175
1898 836.56625683 826.21983607 846.91267760
1899 836.99274590 826.64909836 847.33639344
1900 837.41923497 827.07836066 847.76010929
1901 837.84572404 827.50762295 848.18382514
1902 838.27221311 827.93688525 848.60754098
1903 838.69870219 828.36614754 849.03125683
1904 839.12519126 828.79540984 849.45497268
1905 839.55168033 829.22467213 849.87868852
1906 839.97816940 829.65393443 850.30240437
1907 840.40465847 830.08319672 850.72612022
1908 840.83114754 830.51245902 851.14983607
1909 841.25763661 830.94172131 851.57355191
1910 841.68412568 831.37098361 851.99726776
1911 842.11061475 831.80024590 852.42098361
1912 842.53710383 832.22950820 852.84469945
1913 842.96359290 832.65877049 853.26841530
1914 843.39008197 833.08803279 853.69213115
1915 843.81657104 833.51729508 854.11584699
1916 844.24306011 833.94655738 854.53956284
1917 844.66954918 834.37581967 854.96327869
1918 845.09603825 834.80508197 855.38699454
1919 845.52252732 835.23434426 855.81071038
1920 845.94901639 835.66360656 856.23442623
1921 846.37550546 836.09286885 856.65814208
1922 846.80199454 836.52213115 857.08185792
1923 847.22848361 836.95139344 857.50557377
1924 847.65497268 837.38065574 857.92928962
1925 848.08146175 837.80991803 858.35300546
1926 848.50795082 838.23918033 858.77672131
1927 848.93443989 838.66844262 859.20043716
1928 849.36092896 839.09770492 859.62415301
1929 849.78741803 839.52696721 860.04786885
1930 850.21390710 839.95622951 860.47158470
1931 850.64039617 840.38549180 860.89530055
1932 851.06688525 840.81475410 861.31901639
1933 851.49337432 841.24401639 861.74273224
1934 851.91986339 841.67327869 862.16644809
1935 852.34635246 842.10254098 862.59016393
1936 852.77284153 842.53180328 863.01387978
1937 853.19933060 842.96106557 863.43759563
1938 853.62581967 843.39032787 863.86131148
1939 854.05230874 843.81959016 864.28502732
1940 854.47879781 844.24885246 864.70874317
1941 854.90528689 844.67811475 865.13245902
1942 855.33177596 845.10737705 865.55617486
1943 855.75826503 845.53663934 865.97989071
1944 856.18475410 845.96590164 866.40360656
1945 856.61124317 846.39516393 866.82732240
1946 857.03773224 846.82442623 867.25103825
1947 857.46422131 847.25368852 867.67475410
1948 857.89071038 847.68295082 868.09846995
1949 858.31719945 848.11221311 868.52218579
1950 858.74368852 848.54147541 868.94590164
1951 859.17017760 848.97073770 869.36961749
1952 859.59666667 849.40000000 869.79333333
1953 860.02315574 849.82926230 870.21704918
1954 860.44964481 850.25852459 870.64076503
1955 860.87613388 850.68778689 871.06448087
1956 861.30262295 851.11704918 871.48819672
1957 861.72911202 851.54631148 871.91191257
1958 862.15560109 851.97557377 872.33562842
1959 862.58209016 852.40483607 872.75934426
1960 863.00857924 852.83409836 873.18306011
1961 863.43506831 853.26336066 873.60677596
1962 863.86155738 853.69262295 874.03049180
1963 864.28804645 854.12188525 874.45420765
1964 864.71453552 854.55114754 874.87792350
1965 865.14102459 854.98040984 875.30163934
1966 865.56751366 855.40967213 875.72535519
1967 865.99400273 855.83893443 876.14907104
1968 866.42049180 856.26819672 876.57278689
1969 866.84698087 856.69745902 876.99650273
1970 867.27346995 857.12672131 877.42021858
1971 867.69995902 857.55598361 877.84393443
1972 868.12644809 857.98524590 878.26765027
1973 868.55293716 858.41450820 878.69136612
1974 868.97942623 858.84377049 879.11508197
1975 869.40591530 859.27303279 879.53879781
1976 869.83240437 859.70229508 879.96251366
1977 870.25889344 860.13155738 880.38622951
1978 870.68538251 860.56081967 880.80994536
1979 871.11187158 860.99008197 881.23366120
1980 871.53836066 861.41934426 881.65737705
1981 871.96484973 861.84860656 882.08109290
1982 872.39133880 862.27786885 882.50480874
1983 872.81782787 862.70713115 882.92852459
1984 873.24431694 863.13639344 883.35224044
1985 873.67080601 863.56565574 883.77595628
1986 874.09729508 863.99491803 884.19967213
1987 874.52378415 864.42418033 884.62338798
1988 874.95027322 864.85344262 885.04710383
1989 875.37676230 865.28270492 885.47081967
1990 875.80325137 865.71196721 885.89453552
1991 876.22974044 866.14122951 886.31825137
1992 876.65622951 866.57049180 886.74196721
1993 877.08271858 866.99975410 887.16568306
1994 877.50920765 867.42901639 887.58939891
1995 877.93569672 867.85827869 888.01311475
1996 878.36218579 868.28754098 888.43683060
1997 878.78867486 868.71680328 888.86054645
1998 879.21516393 869.14606557 889.28426230
1999 879.64165301 869.57532787 889.70797814
2000 880.06814208 870.00459016 890.13169399
2001 880.49463115 870.43385246 890.55540984
2002 880.92112022 870.86311475 890.97912568
2003 881.34760929 871.29237705 891.40284153
2004 881.77409836 871.72163934 891.82655738
2005 882.20058743 872.15090164 892.25027322
2006 882.62707650 872.58016393 892.67398907
2007 883.05356557 873.00942623 893.09770492
2008 883.48005464 873.43868852 893.52142077
2009 883.90654372 873.86795082 893.94513661
2010 884.33303279 874.29721311 894.36885246
2011 884.75952186 874.72647541 894.79256831
2012 885.18601093 875.15573770 895.21628415
2013 885.61250000 875.58500000 895.64000000
2014 886.03898907 876.01426230 896.06371585
2015 886.46547814 876.44352459 896.48743169
2016 886.89196721 876.87278689 896.91114754
2017 887.31845628 877.30204918 897.33486339
2018 887.74494536 877.73131148 897.75857924
2019 888.17143443 878.16057377 898.18229508
2020 888.59792350 878.58983607 898.60601093
2021 889.02441257 879.01909836 899.02972678
2022 889.45090164 879.44836066 899.45344262
2023 889.87739071 879.87762295 899.87715847
2024 890.30387978 880.30688525 900.30087432
2025 890.73036885 880.73614754 900.72459016
2026 891.15685792 881.16540984 901.14830601
2027 891.58334699 881.59467213 901.57202186
2028 892.00983607 882.02393443 901.99573770
2029 892.43632514 882.45319672 902.41945355
2030 892.86281421 882.88245902 902.84316940
2031 893.28930328 883.31172131 903.26688525
2032 893.71579235 883.74098361 903.69060109
2033 894.14228142 884.17024590 904.11431694
2034 894.56877049 884.59950820 904.53803279
2035 894.99525956 885.02877049 904.96174863
2036 895.42174863 885.45803279 905.38546448
2037 895.84823770 885.88729508 905.80918033
2038 896.27472678 886.31655738 906.23289617
2039 896.70121585 886.74581967 906.65661202
2040 897.12770492 887.17508197 907.08032787
2041 897.55419399 887.60434426 907.50404372
2042 897.98068306 888.03360656 907.92775956
2043 898.40717213 888.46286885 908.35147541
2044 898.83366120 888.89213115 908.77519126
2045 899.26015027 889.32139344 909.19890710
2046 899.68663934 889.75065574 909.62262295
2047 900.11312842 890.17991803 910.04633880
2048 900.53961749 890.60918033 910.47005464
2049 900.96610656 891.03844262 910.89377049
2050 901.39259563 891.46770492 911.31748634
2051 901.81908470 891.89696721 911.74120219
2052 902.24557377 892.32622951 912.16491803
2053 902.67206284 892.75549180 912.58863388
2054 903.09855191 893.18475410 913.01234973
2055 903.52504098 893.61401639 913.43606557
2056 903.95153005 894.04327869 913.85978142
2057 904.37801913 894.47254098 914.28349727
2058 904.80450820 894.90180328 914.70721311
2059 905.23099727 895.33106557 915.13092896
2060 905.65748634 895.76032787 915.55464481
2061 906.08397541 896.18959016 915.97836066
2062 906.51046448 896.61885246 916.40207650
2063 906.93695355 897.04811475 916.82579235
2064 907.36344262 897.47737705 917.24950820
2065 907.78993169 897.90663934 917.67322404
2066 908.21642077 898.33590164 918.09693989
2067 908.64290984 898.76516393 918.52065574
2068 909.06939891 899.19442623 918.94437158
2069 909.49588798 899.62368852 919.36808743
2070 909.92237705 900.05295082 919.79180328
2071 910.34886612 900.48221311 920.21551913
2072 910.77535519 900.91147541 920.63923497
2073 911.20184426 901.34073770 921.06295082
2074 911.62833333 901.77000000 921.48666667
2075 912.05482240 902.19926230 921.91038251
2076 912.48131148 902.62852459 922.33409836
2077 912.90780055 903.05778689 922.75781421
2078 913.33428962 903.48704918 923.18153005
2079 913.76077869 903.91631148 923.60524590
2080 914.18726776 904.34557377 924.02896175
2081 914.61375683 904.77483607 924.45267760
2082 915.04024590 905.20409836 924.87639344
2083 915.46673497 905.63336066 925.30010929
2084 915.89322404 906.06262295 925.72382514
2085 916.31971311 906.49188525 926.14754098
2086 916.74620219 906.92114754 926.57125683
2087 917.17269126 907.35040984 926.99497268
2088 917.59918033 907.77967213 927.41868852
2089 918.02566940 908.20893443 927.84240437
2090 918.45215847 908.63819672 928.26612022
2091 918.87864754 909.06745902 928.68983607
2092 919.30513661 909.49672131 929.11355191
2093 919.73162568 909.92598361 929.53726776
2094 920.15811475 910.35524590 929.96098361
2095 920.58460383 910.78450820 930.38469945
2096 921.01109290 911.21377049 930.80841530
2097 921.43758197 911.64303279 931.23213115
2098 921.86407104 912.07229508 931.65584699
2099 922.29056011 912.50155738 932.07956284
2100 922.71704918 912.93081967 932.50327869
2101 923.14353825 913.36008197 932.92699454
2102 923.57002732 913.78934426 933.35071038
2103 923.99651639 914.21860656 933.77442623
2104 924.42300546 914.64786885 934.19814208
2105 924.84949454 915.07713115 934.62185792
2106 925.27598361 915.50639344 935.04557377
2107 925.70247268 915.93565574 935.46928962
2108 926.12896175 916.36491803 935.89300546
2109 926.55545082 916.79418033 936.31672131
2110 926.98193989 917.22344262 936.74043716
2111 927.40842896 917.65270492 937.16415301
2112 927.83491803 918.08196721 937.58786885
2113 928.26140710 918.51122951 938.01158470
2114 928.68789617 918.94049180 938.43530055
2115 929.11438525 919.36975410 938.85901639
2116 929.54087432 919.79901639 939.28273224
2117 929.96736339 920.22827869 939.70644809
2118 930.39385246 920.65754098 940.13016393
2119 930.82034153 921.08680328 940.55387978
2120 931.24683060 921.51606557 940.97759563
2121 931.67331967 921.94532787 941.40131148
2122 932.09980874 922.37459016 941.82502732
2123 932.52629781 922.80385246 942.24874317
2124 932.95278689 923.23311475 942.67245902
2125 933.37927596 923.66237705 943.09617486
2126 933.80576503 924.09163934 943.51989071
2127 934.23225410 924.52090164 943.94360656
2128 934.65874317 924.95016393 944.36732240
2129 935.08523224 925.37942623 944.79103825
2130 935.51172131 925.80868852 945.21475410
2131 935.93821038 926.23795082 945.63846995
2132 936.36469945 926.66721311 946.06218579
2133 936.79118852 927.09647541 946.48590164
2134 937.21767760 927.52573770 946.90961749
2135 937.64416667 927.95500000 947.33333333
2136 938.07065574 928.38426230 947.75704918
2137 938.49714481 928.81352459 948.18076503
2138 938.92363388 929.24278689 948.60448087
2139 939.35012295 929.67204918 949.02819672
2140 939.77661202 930.10131148 949.45191257
2141 940.20310109 930.53057377 949.87562842
2142 940.62959016 930.95983607 950.29934426
2143 941.05607924 931.38909836 950.72306011
2144 941.48256831 931.81836066 951.14677596
2145 941.90905738 932.24762295 951.57049180
2146 942.33554645 932.67688525 951.99420765
2147 942.76203552 933.10614754 952.41792350
2148 943.18852459 933.53540984 952.84163934
2149 943.61501366 933.96467213 953.26535519
2150 944.04150273 934.39393443 953.68907104
2151 944.46799180 934.82319672 954.11278689
2152 944.89448087 935.25245902 954.53650273
2153 945.32096995 935.68172131 954.96021858
2154 945.74745902 936.11098361 955.38393443
2155 946.17394809 936.54024590 955.80765027
2156 946.60043716 936.96950820 956.23136612
2157 947.02692623 937.39877049 956.65508197
2158 947.45341530 937.82803279 957.07879781
2159 947.87990437 938.25729508 957.50251366
2160 948.30639344 938.68655738 957.92622951
2161 948.73288251 939.11581967 958.34994536
2162 949.15937158 939.54508197 958.77366120
2163 949.58586066 939.97434426 959.19737705
2164 950.01234973 940.40360656 959.62109290
2165 950.43883880 940.83286885 960.04480874
2166 950.86532787 941.26213115 960.46852459
2167 951.29181694 941.69139344 960.89224044
2168 951.71830601 942.12065574 961.31595628
2169 952.14479508 942.54991803 961.73967213
2170 952.57128415 942.97918033 962.16338798
2171 952.99777322 943.40844262 962.58710383
2172 953.42426230 943.83770492 963.01081967
2173 953.85075137 944.26696721 963.43453552
2174 954.27724044 944.69622951 963.85825137
2175 954.70372951 945.12549180 964.28196721
2176 955.13021858 945.55475410 964.70568306
2177 955.55670765 945.98401639 965.12939891
2178 955.98319672 946.41327869 965.55311475
2179 956.40968579 946.84254098 965.97683060
2180 956.83617486 947.27180328 966.40054645
2181 957.26266393 947.70106557 966.82426230
2182 957.68915301 948.13032787 967.24797814
2183 958.11564208 948.55959016 967.67169399
2184 958.54213115 948.98885246 968.09540984
2185 958.96862022 949.41811475 968.51912568
2186 959.39510929 949.84737705 968.94284153
2187 959.82159836 950.27663934 969.36655738
2188 960.24808743 950.70590164 969.79027322
2189 960.67457650 951.13516393 970.21398907
2190 961.10106557 951.56442623 970.63770492
2191 961.52755464 951.99368852 971.06142077
2192 961.95404372 952.42295082 971.48513661
2193 962.38053279 952.85221311 971.90885246
2194 962.80702186 953.28147541 972.33256831
2195 963.23351093 953.71073770 972.75628415
2196 963.66000000 954.14000000 973.18000000
2197 964.07127397 954.54863014 973.59391781
2198 964.48254795 954.95726027 974.00783562
2199 964.89382192 955.36589041 974.42175342
2200 965.30509589 955.77452055 974.83567123
2201 965.71636986 956.18315068 975.24958904
2202 966.12764384 956.59178082 975.66350685
2203 966.53891781 957.00041096 976.07742466
2204 966.95019178 957.40904110 976.49134247
2205 967.36146575 957.81767123 976.90526027
2206 967.77273973 958.22630137 977.31917808
2207 968.18401370 958.63493151 977.73309589
2208 968.59528767 959.04356164 978.14701370
2209 969.00656164 959.45219178 978.56093151
2210 969.41783562 959.86082192 978.97484932
2211 969.82910959 960.26945205 979.38876712
2212 970.24038356 960.67808219 979.80268493
2213 970.65165753 961.08671233 980.21660274
2214 971.06293151 961.49534247 980.63052055
2215 971.47420548 961.90397260 981.04443836
2216 971.88547945 962.31260274 981.45835616
2217 972.29675342 962.72123288 981.87227397
2218 972.70802740 963.12986301 982.28619178
2219 973.11930137 963.53849315 982.70010959
2220 973.53057534 963.94712329 983.11402740
2221 973.94184932 964.35575342 983.52794521
2222 974.35312329 964.76438356 983.94186301
2223 974.76439726 965.17301370 984.35578082
2224 975.17567123 965.58164384 984.76969863
2225 975.58694521 965.99027397 985.18361644
2226 975.99821918 966.39890411 985.59753425
2227 976.40949315 966.80753425 986.01145205
2228 976.82076712 967.21616438 986.42536986
2229 977.23204110 967.62479452 986.83928767
2230 977.64331507 968.03342466 987.25320548
2231 978.05458904 968.44205479 987.66712329
2232 978.46586301 968.85068493 988.08104110
2233 978.87713699 969.25931507 988.49495890
2234 979.28841096 969.66794521 988.90887671
2235 979.69968493 970.07657534 989.32279452
2236 980.11095890 970.48520548 989.73671233
2237 980.52223288 970.89383562 990.15063014
2238 980.93350685 971.30246575 990.56454795
2239 981.34478082 971.71109589 990.97846575
2240 981.75605479 972.11972603 991.39238356
2241 982.16732877 972.52835616 991.80630137
2242 982.57860274 972.93698630 992.22021918
2243 982.98987671 973.34561644 992.63413699
2244 983.40115068 973.75424658 993.04805479
2245 983.81242466 974.16287671 993.46197260
2246 984.22369863 974.57150685 993.87589041
2247 984.63497260 974.98013699 994.28980822
2248 985.04624658 975.38876712 994.70372603
2249 985.45752055 975.79739726 995.11764384
2250 985.86879452 976.20602740 995.53156164
2251 986.28006849 976.61465753 995.94547945
2252 986.69134247 977.02328767 996.35939726
2253 987.10261644 977.43191781 996.77331507
2254 987.51389041 977.84054795 997.18723288
2255 987.92516438 978.24917808 997.60115068
2256 988.33643836 978.65780822 998.01506849
2257 988.74771233 979.06643836 998.42898630
2258 989.15898630 979.47506849 998.84290411
2259 989.57026027 979.88369863 999.25682192
2260 989.98153425 980.29232877 999.67073973
2261 990.39280822 980.70095890 1000.08465753
2262 990.80408219 981.10958904 1000.49857534
2263 991.21535616 981.51821918 1000.91249315
2264 991.62663014 981.92684932 1001.32641096
2265 992.03790411 982.33547945 1001.74032877
2266 992.44917808 982.74410959 1002.15424658
2267 992.86045205 983.15273973 1002.56816438
2268 993.27172603 983.56136986 1002.98208219
2269 993.68300000 983.97000000 1003.39600000
2270 994.09427397 984.37863014 1003.80991781
2271 994.50554795 984.78726027 1004.22383562
2272 994.91682192 985.19589041 1004.63775342
2273 995.32809589 985.60452055 1005.05167123
2274 995.73936986 986.01315068 1005.46558904
2275 996.15064384 986.42178082 1005.87950685
2276 996.56191781 986.83041096 1006.29342466
2277 996.97319178 987.23904110 1006.70734247
2278 997.38446575 987.64767123 1007.12126027
2279 997.79573973 988.05630137 1007.53517808
2280 998.20701370 988.46493151 1007.94909589
2281 998.61828767 988.87356164 1008.36301370
2282 999.02956164 989.28219178 1008.77693151
2283 999.44083562 989.69082192 1009.19084932
2284 999.85210959 990.09945205 1009.60476712
2285 1000.26338356 990.50808219 1010.01868493
2286 1000.67465753 990.91671233 1010.43260274
2287 1001.08593151 991.32534247 1010.84652055
2288 1001.49720548 991.73397260 1011.26043836
2289 1001.90847945 992.14260274 1011.67435616
2290 1002.31975342 992.55123288 1012.08827397
2291 1002.73102740 992.95986301 1012.50219178
2292 1003.14230137 993.36849315 1012.91610959
2293 1003.55357534 993.77712329 1013.33002740
2294 1003.96484932 994.18575342 1013.74394521
2295 1004.37612329 994.59438356 1014.15786301
2296 1004.78739726 995.00301370 1014.57178082
2297 1005.19867123 995.41164384 1014.98569863
2298 1005.60994521 995.82027397 1015.39961644
2299 1006.02121918 996.22890411 1015.81353425
2300 1006.43249315 996.63753425 1016.22745205
2301 1006.84376712 997.04616438 1016.64136986
2302 1007.25504110 997.45479452 1017.05528767
2303 1007.66631507 997.86342466 1017.46920548
2304 1008.07758904 998.27205479 1017.88312329
2305 1008.48886301 998.68068493 1018.29704110
2306 1008.90013699 999.08931507 1018.71095890
2307 1009.31141096 999.49794521 1019.12487671
2308 1009.72268493 999.90657534 1019.53879452
2309 1010.13395890 1000.31520548 1019.95271233
2310 1010.54523288 1000.72383562 1020.36663014
2311 1010.95650685 1001.13246575 1020.78054795
2312 1011.36778082 1001.54109589 1021.19446575
2313 1011.77905479 1001.94972603 1021.60838356
2314 1012.19032877 1002.35835616 1022.02230137
2315 1012.60160274 1002.76698630 1022.43621918
2316 1013.01287671 1003.17561644 1022.85013699
2317 1013.42415068 1003.58424658 1023.26405479
2318 1013.83542466 1003.99287671 1023.67797260
2319 1014.24669863 1004.40150685 1024.09189041
2320 1014.65797260 1004.81013699 1024.50580822
2321 1015.06924658 1005.21876712 1024.91972603
2322 1015.48052055 1005.62739726 1025.33364384
2323 1015.89179452 1006.03602740 1025.74756164
2324 1016.30306849 1006.44465753 1026.16147945
2325 1016.71434247 1006.85328767 1026.57539726
2326 1017.12561644 1007.26191781 1026.98931507
2327 1017.53689041 1007.67054795 1027.40323288
2328 1017.94816438 1008.07917808 1027.81715068
2329 1018.35943836 1008.48780822 1028.23106849
2330 1018.77071233 1008.89643836 1028.64498630
2331 1019.18198630 1009.30506849 1029.05890411
2332 1019.59326027 1009.71369863 1029.47282192
2333 1020.00453425 1010.12232877 1029.88673973
2334 1020.41580822 1010.53095890 1030.30065753
2335 1020.82708219 1010.93958904 1030.71457534
2336 1021.23835616 1011.34821918 1031.12849315
2337 1021.64963014 1011.75684932 1031.54241096
2338 1022.06090411 1012.16547945 1031.95632877
2339 1022.47217808 1012.57410959 1032.37024658
2340 1022.88345205 1012.98273973 1032.78416438
2341 1023.29472603 1013.39136986 1033.19808219
2342 1023.70600000 1013.80000000 1033.61200000
2343 1024.11727397 1014.20863014 1034.02591781
2344 1024.52854795 1014.61726027 1034.43983562
2345 1024.93982192 1015.02589041 1034.85375342
2346 1025.35109589 1015.43452055 1035.26767123
2347 1025.76236986 1015.84315068 1035.68158904
2348 1026.17364384 1016.25178082 1036.09550685
2349 1026.58491781 1016.66041096 1036.50942466
2350 1026.99619178 1017.06904110 1036.92334247
2351 1027.40746575 1017.47767123 1037.33726027
2352 1027.81873973 1017.88630137 1037.75117808
2353 1028.23001370 1018.29493151 1038.16509589
2354 1028.64128767 1018.70356164 1038.57901370
2355 1029.05256164 1019.11219178 1038.99293151
2356 1029.46383562 1019.52082192 1039.40684932
2357 1029.87510959 1019.92945205 1039.82076712
2358 1030.28638356 1020.33808219 1040.23468493
2359 1030.69765753 1020.74671233 1040.64860274
2360 1031.10893151 1021.15534247 1041.06252055
2361 1031.52020548 1021.56397260 1041.47643836
2362 1031.93147945 1021.97260274 1041.89035616
2363 1032.34275342 1022.38123288 1042.30427397
2364 1032.75402740 1022.78986301 1042.71819178
2365 1033.16530137 1023.19849315 1043.13210959
2366 1033.57657534 1023.60712329 1043.54602740
2367 1033.98784932 1024.01575342 1043.95994521
2368 1034.39912329 1024.42438356 1044.37386301
2369 1034.81039726 1024.83301370 1044.78778082
2370 1035.22167123 1025.24164384 1045.20169863
2371 1035.63294521 1025.65027397 1045.61561644
2372 1036.04421918 1026.05890411 1046.02953425
2373 1036.45549315 1026.46753425 1046.44345205
2374 1036.86676712 1026.87616438 1046.85736986
2375 1037.27804110 1027.28479452 1047.27128767
2376 1037.68931507 1027.69342466 1047.68520548
2377 1038.10058904 1028.10205479 1048.09912329
2378 1038.51186301 1028.51068493 1048.51304110
2379 1038.92313699 1028.91931507 1048.92695890
2380 1039.33441096 1029.32794521 1049.34087671
2381 1039.74568493 1029.73657534 1049.75479452
2382 1040.15695890 1030.14520548 1050.16871233
2383 1040.56823288 1030.55383562 1050.58263014
2384 1040.97950685 1030.96246575 1050.99654795
2385 1041.39078082 1031.37109589 1051.41046575
2386 1041.80205479 1031.77972603 1051.82438356
2387 1042.21332877 1032.18835616 1052.23830137
2388 1042.62460274 1032.59698630 1052.65221918
2389 1043.03587671 1033.00561644 1053.06613699
2390 1043.44715068 1033.41424658 1053.48005479
2391 1043.85842466 1033.82287671 1053.89397260
2392 1044.26969863 1034.23150685 1054.30789041
2393 1044.68097260 1034.64013699 1054.72180822
2394 1045.09224658 1035.04876712 1055.13572603
2395 1045.50352055 1035.45739726 1055.54964384
2396 1045.91479452 1035.86602740 1055.96356164
2397 1046.32606849 1036.27465753 1056.37747945
2398 1046.73734247 1036.68328767 1056.79139726
2399 1047.14861644 1037.09191781 1057.20531507
2400 1047.55989041 1037.50054795 1057.61923288
2401 1047.97116438 1037.90917808 1058.03315068
2402 1048.38243836 1038.31780822 1058.44706849
2403 1048.79371233 1038.72643836 1058.86098630
2404 1049.20498630 1039.13506849 1059.27490411
2405 1049.61626027 1039.54369863 1059.68882192
2406 1050.02753425 1039.95232877 1060.10273973
2407 1050.43880822 1040.36095890 1060.51665753
2408 1050.85008219 1040.76958904 1060.93057534
2409 1051.26135616 1041.17821918 1061.34449315
2410 1051.67263014 1041.58684932 1061.75841096
2411 1052.08390411 1041.99547945 1062.17232877
2412 1052.49517808 1042.40410959 1062.58624658
2413 1052.90645205 1042.81273973 1063.00016438
2414 1053.31772603 1043.22136986 1063.41408219
2415 1053.72900000 1043.63000000 1063.82800000
2416 1054.14027397 1044.03863014 1064.24191781
2417 1054.55154795 1044.44726027 1064.65583562
2418 1054.96282192 1044.85589041 1065.06975342
2419 1055.37409589 1045.26452055 1065.48367123
2420 1055.78536986 1045.67315068 1065.89758904
2421 1056.19664384 1046.08178082 1066.31150685
2422 1056.60791781 1046.49041096 1066.72542466
2423 1057.01919178 1046.89904110 1067.13934247
2424 1057.43046575 1047.30767123 1067.55326027
2425 1057.84173973 1047.71630137 1067.96717808
2426 1058.25301370 1048.12493151 1068.38109589
2427 1058.66428767 1048.53356164 1068.79501370
2428 1059.07556164 1048.94219178 1069.20893151
2429 1059.48683562 1049.35082192 1069.62284932
2430 1059.89810959 1049.75945205 1070.03676712
2431 1060.30938356 1050.16808219 1070.45068493
2432 1060.72065753 1050.57671233 1070.86460274
2433 1061.13193151 1050.98534247 1071.27852055
2434 1061.54320548 1051.39397260 1071.69243836
2435 1061.95447945 1051.80260274 1072.10635616
2436 1062.36575342 1052.21123288 1072.52027397
2437 1062.77702740 1052.61986301 1072.93419178
2438 1063.18830137 1053.02849315 1073.34810959
2439 1063.59957534 1053.43712329 1073.76202740
2440 1064.01084932 1053.84575342 1074.17594521
2441 1064.42212329 1054.25438356 1074.58986301
2442 1064.83339726 1054.66301370 1075.00378082
2443 1065.24467123 1055.07164384 1075.41769863
2444 1065.65594521 1055.48027397 1075.83161644
2445 1066.06721918 1055.88890411 1076.24553425
2446 1066.47849315 1056.29753425 1076.65945205
2447 1066.88976712 1056.70616438 1077.07336986
2448 1067.30104110 1057.11479452 1077.48728767
2449 1067.71231507 1057.52342466 1077.90120548
2450 1068.12358904 1057.93205479 1078.31512329
2451 1068.53486301 1058.34068493 1078.72904110
2452 1068.94613699 1058.74931507 1079.14295890
2453 1069.35741096 1059.15794521 1079.55687671
2454 1069.76868493 1059.56657534 1079.97079452
2455 1070.17995890 1059.97520548 1080.38471233
2456 1070.59123288 1060.38383562 1080.79863014
2457 1071.00250685 1060.79246575 1081.21254795
2458 1071.41378082 1061.20109589 1081.62646575
2459 1071.82505479 1061.60972603 1082.04038356
2460 1072.23632877 1062.01835616 1082.45430137
2461 1072.64760274 1062.42698630 1082.86821918
2462 1073.05887671 1062.83561644 1083.28213699
2463 1073.47015068 1063.24424658 1083.69605479
2464 1073.88142466 1063.65287671 1084.10997260
2465 1074.29269863 1064.06150685 1084.52389041
2466 1074.70397260 1064.47013699 1084.93780822
2467 1075.11524658 1064.87876712 1085.35172603
2468 1075.52652055 1065.28739726 1085.76564384
2469 1075.93779452 1065.69602740 1086.17956164
2470 1076.34906849 1066.10465753 1086.59347945
2471 1076.76034247 1066.51328767 1087.00739726
2472 1077.17161644 1066.92191781 1087.42131507
2473 1077.58289041 1067.33054795 1087.83523288
2474 1077.99416438 1067.73917808 1088.24915068
2475 1078.40543836 1068.14780822 1088.66306849
2476 1078.81671233 1068.55643836 1089.07698630
2477 1079.22798630 1068.96506849 1089.49090411
2478 1079.63926027 1069.37369863 1089.90482192
2479 1080.05053425 1069.78232877 1090.31873973
2480 1080.46180822 1070.19095890 1090.73265753
2481 1080.87308219 1070.59958904 1091.14657534
2482 1081.28435616 1071.00821918 1091.56049315
2483 1081.69563014 1071.41684932 1091.97441096
2484 1082.10690411 1071.82547945 1092.38832877
2485 1082.51817808 1072.23410959 1092.80224658
2486 1082.92945205 1072.64273973 1093.21616438
2487 1083.34072603 1073.05136986 1093.63008219
2488 1083.75200000 1073.46000000 1094.04400000
2489 1084.16327397 1073.86863014 1094.45791781
2490 1084.57454795 1074.27726027 1094.87183562
2491 1084.98582192 1074.68589041 1095.28575342
2492 1085.39709589 1075.09452055 1095.69967123
2493 1085.80836986 1075.50315068 1096.11358904
2494 1086.21964384 1075.91178082 1096.52750685
2495 1086.63091781 1076.32041096 1096.94142466
2496 1087.04219178 1076.72904110 1097.35534247
2497 1087.45346575 1077.13767123 1097.76926027
2498 1087.86473973 1077.54630137 1098.18317808
2499 1088.27601370 1077.95493151 1098.59709589
2500 1088.68728767 1078.36356164 1099.01101370
2501 1089.09856164 1078.77219178 1099.42493151
2502 1089.50983562 1079.18082192 1099.83884932
2503 1089.92110959 1079.58945205 1100.25276712
2504 1090.33238356 1079.99808219 1100.66668493
2505 1090.74365753 1080.40671233 1101.08060274
2506 1091.15493151 1080.81534247 1101.49452055
2507 1091.56620548 1081.22397260 1101.90843836
2508 1091.97747945 1081.63260274 1102.32235616
2509 1092.38875342 1082.04123288 1102.73627397
2510 1092.80002740 1082.44986301 1103.15019178
2511 1093.21130137 1082.85849315 1103.56410959
2512 1093.62257534 1083.26712329 1103.97802740
2513 1094.03384932 1083.67575342 1104.39194521
2514 1094.44512329 1084.08438356 1104.80586301
2515 1094.85639726 1084.49301370 1105.21978082
2516 1095.26767123 1084.90164384 1105.63369863
2517 1095.67894521 1085.31027397 1106.04761644
2518 1096.09021918 1085.71890411 1106.46153425
2519 1096.50149315 1086.12753425 1106.87545205
2520 1096.91276712 1086.53616438 1107.28936986
2521 1097.32404110 1086.94479452 1107.70328767
2522 1097.73531507 1087.35342466 1108.11720548
2523 1098.14658904 1087.76205479 1108.53112329
2524 1098.55786301 1088.17068493 1108.94504110
2525 1098.96913699 1088.57931507 1109.35895890
2526 1099.38041096 1088.98794521 1109.77287671
2527 1099.79168493 1089.39657534 1110.18679452
2528 1100.20295890 1089.80520548 1110.60071233
2529 1100.61423288 1090.21383562 1111.01463014
2530 1101.02550685 1090.62246575 1111.42854795
2531 1101.43678082 1091.03109589 1111.84246575
2532 1101.84805479 1091.43972603 1112.25638356
2533 1102.25932877 1091.84835616 1112.67030137
2534 1102.67060274 1092.25698630 1113.08421918
2535 1103.08187671 1092.66561644 1113.49813699
2536 1103.49315068 1093.07424658 1113.91205479
2537 1103.90442466 1093.48287671 1114.32597260
2538 1104.31569863 1093.89150685 1114.73989041
2539 1104.72697260 1094.30013699 1115.15380822
2540 1105.13824658 1094.70876712 1115.56772603
2541 1105.54952055 1095.11739726 1115.98164384
2542 1105.96079452 1095.52602740 1116.39556164
2543 1106.37206849 1095.93465753 1116.80947945
2544 1106.78334247 1096.34328767 1117.22339726
2545 1107.19461644 1096.75191781 1117.63731507
2546 1107.60589041 1097.16054795 1118.05123288
2547 1108.01716438 1097.56917808 1118.46515068
2548 1108.42843836 1097.97780822 1118.87906849
2549 1108.83971233 1098.38643836 1119.29298630
2550 1109.25098630 1098.79506849 1119.70690411
2551 1109.66226027 1099.20369863 1120.12082192
2552 1110.07353425 1099.61232877 1120.53473973
2553 1110.48480822 1100.02095890 1120.94865753
2554 1110.89608219 1100.42958904 1121.36257534
2555 1111.30735616 1100.83821918 1121.77649315
2556 1111.71863014 1101.24684932 1122.19041096
2557 1112.12990411 1101.65547945 1122.60432877
2558 1112.54117808 1102.06410959 1123.01824658
2559 1112.95245205 1102.47273973 1123.43216438
2560 1113.36372603 1102.88136986 1123.84608219
2561 1113.77500000 1103.29000000 1124.26000000
2562 1114.17360274 1103.68460274 1124.66260274
2563 1114.57220548 1104.07920548 1125.06520548
2564 1114.97080822 1104.47380822 1125.46780822
2565 1115.36941096 1104.86841096 1125.87041096
2566 1115.76801370 1105.26301370 1126.27301370
2567 1116.16661644 1105.65761644 1126.67561644
2568 1116.56521918 1106.05221918 1127.07821918
2569 1116.96382192 1106.44682192 1127.48082192
2570 1117.36242466 1106.84142466 1127.88342466
2571 1117.76102740 1107.23602740 1128.28602740
2572 1118.15963014 1107.63063014 1128.68863014
2573 1118.55823288 1108.02523288 1129.09123288
2574 1118.95683562 1108.41983562 1129.49383562
2575 1119.35543836 1108.81443836 1129.89643836
2576 1119.75404110 1109.20904110 1130.29904110
2577 1120.15264384 1109.60364384 1130.70164384
2578 1120.55124658 1109.99824658 1131.10424658
2579 1120.94984932 1110.39284932 1131.50684932
2580 1121.34845205 1110.78745205 1131.90945205
2581 1121.74705479 1111.18205479 1132.31205479
2582 1122.14565753 1111.57665753 1132.71465753
2583 1122.54426027 1111.97126027 1133.11726027
2584 1122.94286301 1112.36586301 1133.51986301
2585 1123.34146575 1112.76046575 1133.92246575
2586 1123.74006849 1113.15506849 1134.32506849
2587 1124.13867123 1113.54967123 1134.72767123
2588 1124.53727397 1113.94427397 1135.13027397
2589 1124.93587671 1114.33887671 1135.53287671
2590 1125.33447945 1114.73347945 1135.93547945
2591 1125.73308219 1115.12808219 1136.33808219
2592 1126.13168493 1115.52268493 1136.74068493
2593 1126.53028767 1115.91728767 1137.14328767
2594 1126.92889041 1116.31189041 1137.54589041
2595 1127.32749315 1116.70649315 1137.94849315
2596 1127.72609589 1117.10109589 1138.35109589
2597 1128.12469863 1117.49569863 1138.75369863
2598 1128.52330137 1117.89030137 1139.15630137
2599 1128.92190411 1118.28490411 1139.55890411
2600 1129.32050685 1118.67950685 1139.96150685
2601 1129.71910959 1119.07410959 1140.36410959
2602 1130.11771233 1119.46871233 1140.76671233
2603 1130.51631507 1119.86331507 1141.16931507
2604 1130.91491781 1120.25791781 1141.57191781
2605 1131.31352055 1120.65252055 1141.97452055
2606 1131.71212329 1121.04712329 1142.37712329
2607 1132.11072603 1121.44172603 1142.77972603
2608 1132.50932877 1121.83632877 1143.18232877
2609 1132.90793151 1122.23093151 1143.58493151
2610 1133.30653425 1122.62553425 1143.98753425
2611 1133.70513699 1123.02013699 1144.39013699
2612 1134.10373973 1123.41473973 1144.79273973
2613 1134.50234247 1123.80934247 1145.19534247
2614 1134.90094521 1124.20394521 1145.59794521
2615 1135.29954795 1124.59854795 1146.00054795
2616 1135.69815068 1124.99315068 1146.40315068
2617 1136.09675342 1125.38775342 1146.80575342
2618 1136.49535616 1125.78235616 1147.20835616
2619 1136.89395890 1126.17695890 1147.61095890
2620 1137.29256164 1126.57156164 1148.01356164
2621 1137.69116438 1126.96616438 1148.41616438
2622 1138.08976712 1127.36076712 1148.81876712
2623 1138.48836986 1127.75536986 1149.22136986
2624 1138.88697260 1128.14997260 1149.62397260
2625 1139.28557534 1128.54457534 1150.02657534
2626 1139.68417808 1128.93917808 1150.42917808
2627 1140.08278082 1129.33378082 1150.83178082
2628 1140.48138356 1129.72838356 1151.23438356
2629 1140.87998630 1130.12298630 1151.63698630
2630 1141.27858904 1130.51758904 1152.03958904
2631 1141.67719178 1130.91219178 1152.44219178
2632 1142.07579452 1131.30679452 1152.84479452
2633 1142.47439726 1131.70139726 1153.24739726
2634 1142.87300000 1132.09600000 1153.65000000
2635 1143.27160274 1132.49060274 1154.05260274
2636 1143.67020548 1132.88520548 1154.45520548
2637 1144.06880822 1133.27980822 1154.85780822
2638 1144.46741096 1133.67441096 1155.26041096
2639 1144.86601370 1134.06901370 1155.66301370
2640 1145.26461644 1134.46361644 1156.06561644
2641 1145.66321918 1134.85821918 1156.46821918
2642 1146.06182192 1135.25282192 1156.87082192
2643 1146.46042466 1135.64742466 1157.27342466
2644 1146.85902740 1136.04202740 1157.67602740
2645 1147.25763014 1136.43663014 1158.07863014
2646 1147.65623288 1136.83123288 1158.48123288
2647 1148.05483562 1137.22583562 1158.88383562
2648 1148.45343836 1137.62043836 1159.28643836
2649 1148.85204110 1138.01504110 1159.68904110
2650 1149.25064384 1138.40964384 1160.09164384
2651 1149.64924658 1138.80424658 1160.49424658
2652 1150.04784932 1139.19884932 1160.89684932
2653 1150.44645205 1139.59345205 1161.29945205
2654 1150.84505479 1139.98805479 1161.70205479
2655 1151.24365753 1140.38265753 1162.10465753
2656 1151.64226027 1140.77726027 1162.50726027
2657 1152.04086301 1141.17186301 1162.90986301
2658 1152.43946575 1141.56646575 1163.31246575
2659 1152.83806849 1141.96106849 1163.71506849
2660 1153.23667123 1142.35567123 1164.11767123
2661 1153.63527397 1142.75027397 1164.52027397
2662 1154.03387671 1143.14487671 1164.92287671
2663 1154.43247945 1143.53947945 1165.32547945
2664 1154.83108219 1143.93408219 1165.72808219
2665 1155.22968493 1144.32868493 1166.13068493
2666 1155.62828767 1144.72328767 1166.53328767
2667 1156.02689041 1145.11789041 1166.93589041
2668 1156.42549315 1145.51249315 1167.33849315
2669 1156.82409589 1145.90709589 1167.74109589
2670 1157.22269863 1146.30169863 1168.14369863
2671 1157.62130137 1146.69630137 1168.54630137
2672 1158.01990411 1147.09090411 1168.94890411
2673 1158.41850685 1147.48550685 1169.35150685
2674 1158.81710959 1147.88010959 1169.75410959
2675 1159.21571233 1148.27471233 1170.15671233
2676 1159.61431507 1148.66931507 1170.55931507
2677 1160.01291781 1149.06391781 1170.96191781
2678 1160.41152055 1149.45852055 1171.36452055
2679 1160.81012329 1149.85312329 1171.76712329
2680 1161.20872603 1150.24772603 1172.16972603
2681 1161.60732877 1150.64232877 1172.57232877
2682 1162.00593151 1151.03693151 1172.97493151
2683 1162.40453425 1151.43153425 1173.37753425
2684 1162.80313699 1151.82613699 1173.78013699
2685 1163.20173973 1152.22073973 1174.18273973
2686 1163.60034247 1152.61534247 1174.58534247
2687 1163.99894521 1153.00994521 1174.98794521
2688 1164.39754795 1153.40454795 1175.39054795
2689 1164.79615068 1153.79915068 1175.79315068
2690 1165.19475342 1154.19375342 1176.19575342
2691 1165.59335616 1154.58835616 1176.59835616
2692 1165.99195890 1154.98295890 1177.00095890
2693 1166.39056164 1155.37756164 1177.40356164
2694 1166.78916438 1155.77216438 1177.80616438
2695 1167.18776712 1156.16676712 1178.20876712
2696 1167.58636986 1156.56136986 1178.61136986
2697 1167.98497260 1156.95597260 1179.01397260
2698 1168.38357534 1157.35057534 1179.41657534
2699 1168.78217808 1157.74517808 1179.81917808
2700 1169.18078082 1158.13978082 1180.22178082
2701 1169.57938356 1158.53438356 1180.62438356
2702 1169.97798630 1158.92898630 1181.02698630
2703 1170.37658904 1159.32358904 1181.42958904
2704 1170.77519178 1159.71819178 1181.83219178
2705 1171.17379452 1160.11279452 1182.23479452
2706 1171.57239726 1160.50739726 1182.63739726
2707 1171.97100000 1160.90200000 1183.04000000
2708 1172.36960274 1161.29660274 1183.44260274
2709 1172.76820548 1161.69120548 1183.84520548
2710 1173.16680822 1162.08580822 1184.24780822
2711 1173.56541096 1162.48041096 1184.65041096
2712 1173.96401370 1162.87501370 1185.05301370
2713 1174.36261644 1163.26961644 1185.45561644
2714 1174.76121918 1163.66421918 1185.85821918
2715 1175.15982192 1164.05882192 1186.26082192
2716 1175.55842466 1164.45342466 1186.66342466
2717 1175.95702740 1164.84802740 1187.06602740
2718 1176.35563014 1165.24263014 1187.46863014
2719 1176.75423288 1165.63723288 1187.87123288
2720 1177.15283562 1166.03183562 1188.27383562
2721 1177.55143836 1166.42643836 1188.67643836
2722 1177.95004110 1166.82104110 1189.07904110
2723 1178.34864384 1167.21564384 1189.48164384
2724 1178.74724658 1167.61024658 1189.88424658
2725 1179.14584932 1168.00484932 1190.28684932
2726 1179.54445205 1168.39945205 1190.68945205
2727 1179.94305479 1168.79405479 1191.09205479
2728 1180.34165753 1169.18865753 1191.49465753
2729 1180.74026027 1169.58326027 1191.89726027
2730 1181.13886301 1169.97786301 1192.29986301
2731 1181.53746575 1170.37246575 1192.70246575
2732 1181.93606849 1170.76706849 1193.10506849
2733 1182.33467123 1171.16167123 1193.50767123
2734 1182.73327397 1171.55627397 1193.91027397
2735 1183.13187671 1171.95087671 1194.31287671
2736 1183.53047945 1172.34547945 1194.71547945
2737 1183.92908219 1172.74008219 1195.11808219
2738 1184.32768493 1173.13468493 1195.52068493
2739 1184.72628767 1173.52928767 1195.92328767
2740 1185.12489041 1173.92389041 1196.32589041
2741 1185.52349315 1174.31849315 1196.72849315
2742 1185.92209589 1174.71309589 1197.13109589
2743 1186.32069863 1175.10769863 1197.53369863
2744 1186.71930137 1175.50230137 1197.93630137
2745 1187.11790411 1175.89690411 1198.33890411
2746 1187.51650685 1176.29150685 1198.74150685
2747 1187.91510959 1176.68610959 1199.14410959
2748 1188.31371233 1177.08071233 1199.54671233
2749 1188.71231507 1177.47531507 1199.94931507
2750 1189.11091781 1177.86991781 1200.35191781
2751 1189.50952055 1178.26452055 1200.75452055
2752 1189.90812329 1178.65912329 1201.15712329
2753 1190.30672603 1179.05372603 1201.55972603
2754 1190.70532877 1179.44832877 1201.96232877
2755 1191.10393151 1179.84293151 1202.36493151
2756 1191.50253425 1180.23753425 1202.76753425
2757 1191.90113699 1180.63213699 1203.17013699
2758 1192.29973973 1181.02673973 1203.57273973
2759 1192.69834247 1181.42134247 1203.97534247
2760 1193.09694521 1181.81594521 1204.37794521
2761 1193.49554795 1182.21054795 1204.78054795
2762 1193.89415068 1182.60515068 1205.18315068
2763 1194.29275342 1182.99975342 1205.58575342
2764 1194.69135616 1183.39435616 1205.98835616
2765 1195.08995890 1183.78895890 1206.39095890
2766 1195.48856164 1184.18356164 1206.79356164
2767 1195.88716438 1184.57816438 1207.19616438
2768 1196.28576712 1184.97276712 1207.59876712
2769 1196.68436986 1185.36736986 1208.00136986
2770 1197.08297260 1185.76197260 1208.40397260
2771 1197.48157534 1186.15657534 1208.80657534
2772 1197.88017808 1186.55117808 1209.20917808
2773 1198.27878082 1186.94578082 1209.61178082
2774 1198.67738356 1187.34038356 1210.01438356
2775 1199.07598630 1187.73498630 1210.41698630
2776 1199.47458904 1188.12958904 1210.81958904
2777 1199.87319178 1188.52419178 1211.22219178
2778 1200.27179452 1188.91879452 1211.62479452
2779 1200.67039726 1189.31339726 1212.02739726
2780 1201.06900000 1189.70800000 1212.43000000
2781 1201.46760274 1190.10260274 1212.83260274
2782 1201.86620548 1190.49720548 1213.23520548
2783 1202.26480822 1190.89180822 1213.63780822
2784 1202.66341096 1191.28641096 1214.04041096
2785 1203.06201370 1191.68101370 1214.44301370
2786 1203.46061644 1192.07561644 1214.84561644
2787 1203.85921918 1192.47021918 1215.24821918
2788 1204.25782192 1192.86482192 1215.65082192
2789 1204.65642466 1193.25942466 1216.05342466
2790 1205.05502740 1193.65402740 1216.45602740
2791 1205.45363014 1194.04863014 1216.85863014
2792 1205.85223288 1194.44323288 1217.26123288
2793 1206.25083562 1194.83783562 1217.66383562
2794 1206.64943836 1195.23243836 1218.06643836
2795 1207.04804110 1195.62704110 1218.46904110
2796 1207.44664384 1196.02164384 1218.87164384
2797 1207.84524658 1196.41624658 1219.27424658
2798 1208.24384932 1196.81084932 1219.67684932
2799 1208.64245205 1197.20545205 1220.07945205
2800 1209.04105479 1197.60005479 1220.48205479
2801 1209.43965753 1197.99465753 1220.88465753
2802 1209.83826027 1198.38926027 1221.28726027
2803 1210.23686301 1198.78386301 1221.68986301
2804 1210.63546575 1199.17846575 1222.09246575
2805 1211.03406849 1199.57306849 1222.49506849
2806 1211.43267123 1199.96767123 1222.89767123
2807 1211.83127397 1200.36227397 1223.30027397
2808 1212.22987671 1200.75687671 1223.70287671
2809 1212.62847945 1201.15147945 1224.10547945
2810 1213.02708219 1201.54608219 1224.50808219
2811 1213.42568493 1201.94068493 1224.91068493
2812 1213.82428767 1202.33528767 1225.31328767
2813 1214.22289041 1202.72989041 1225.71589041
2814 1214.62149315 1203.12449315 1226.11849315
2815 1215.02009589 1203.51909589 1226.52109589
2816 1215.41869863 1203.91369863 1226.92369863
2817 1215.81730137 1204.30830137 1227.32630137
2818 1216.21590411 1204.70290411 1227.72890411
2819 1216.61450685 1205.09750685 1228.13150685
2820 1217.01310959 1205.49210959 1228.53410959
2821 1217.41171233 1205.88671233 1228.93671233
2822 1217.81031507 1206.28131507 1229.33931507
2823 1218.20891781 1206.67591781 1229.74191781
2824 1218.60752055 1207.07052055 1230.14452055
2825 1219.00612329 1207.46512329 1230.54712329
2826 1219.40472603 1207.85972603 1230.94972603
2827 1219.80332877 1208.25432877 1231.35232877
2828 1220.20193151 1208.64893151 1231.75493151
2829 1220.60053425 1209.04353425 1232.15753425
2830 1220.99913699 1209.43813699 1232.56013699
2831 1221.39773973 1209.83273973 1232.96273973
2832 1221.79634247 1210.22734247 1233.36534247
2833 1222.19494521 1210.62194521 1233.76794521
2834 1222.59354795 1211.01654795 1234.17054795
2835 1222.99215068 1211.41115068 1234.57315068
2836 1223.39075342 1211.80575342 1234.97575342
2837 1223.78935616 1212.20035616 1235.37835616
2838 1224.18795890 1212.59495890 1235.78095890
2839 1224.58656164 1212.98956164 1236.18356164
2840 1224.98516438 1213.38416438 1236.58616438
2841 1225.38376712 1213.77876712 1236.98876712
2842 1225.78236986 1214.17336986 1237.39136986
2843 1226.18097260 1214.56797260 1237.79397260
2844 1226.57957534 1214.96257534 1238.19657534
2845 1226.97817808 1215.35717808 1238.59917808
2846 1227.37678082 1215.75178082 1239.00178082
2847 1227.77538356 1216.14638356 1239.40438356
2848 1228.17398630 1216.54098630 1239.80698630
2849 1228.57258904 1216.93558904 1240.20958904
2850 1228.97119178 1217.33019178 1240.61219178
2851 1229.36979452 1217.72479452 1241.01479452
2852 1229.76839726 1218.11939726 1241.41739726
2853 1230.16700000 1218.51400000 1241.82000000
2854 1230.56560274 1218.90860274 1242.22260274
2855 1230.96420548 1219.30320548 1242.62520548
2856 1231.36280822 1219.69780822 1243.02780822
2857 1231.76141096 1220.09241096 1243.43041096
2858 1232.16001370 1220.48701370 1243.83301370
2859 1232.55861644 1220.88161644 1244.23561644
2860 1232.95721918 1221.27621918 1244.63821918
2861 1233.35582192 1221.67082192 1245.04082192
2862 1233.75442466 1222.06542466 1245.44342466
2863 1234.15302740 1222.46002740 1245.84602740
2864 1234.55163014 1222.85463014 1246.24863014
2865 1234.95023288 1223.24923288 1246.65123288
2866 1235.34883562 1223.64383562 1247.05383562
2867 1235.74743836 1224.03843836 1247.45643836
2868 1236.14604110 1224.43304110 1247.85904110
2869 1236.54464384 1224.82764384 1248.26164384
2870 1236.94324658 1225.22224658 1248.66424658
2871 1237.34184932 1225.61684932 1249.06684932
2872 1237.74045205 1226.01145205 1249.46945205
2873 1238.13905479 1226.40605479 1249.87205479
2874 1238.53765753 1226.80065753 1250.27465753
2875 1238.93626027 1227.19526027 1250.67726027
2876 1239.33486301 1227.58986301 1251.07986301
2877 1239.73346575 1227.98446575 1251.48246575
2878 1240.13206849 1228.37906849 1251.88506849
2879 1240.53067123 1228.77367123 1252.28767123
2880 1240.92927397 1229.16827397 1252.69027397
2881 1241.32787671 1229.56287671 1253.09287671
2882 1241.72647945 1229.95747945 1253.49547945
2883 1242.12508219 1230.35208219 1253.89808219
2884 1242.52368493 1230.74668493 1254.30068493
2885 1242.92228767 1231.14128767 1254.70328767
2886 1243.32089041 1231.53589041 1255.10589041
2887 1243.71949315 1231.93049315 1255.50849315
2888 1244.11809589 1232.32509589 1255.91109589
2889 1244.51669863 1232.71969863 1256.31369863
2890 1244.91530137 1233.11430137 1256.71630137
2891 1245.31390411 1233.50890411 1257.11890411
2892 1245.71250685 1233.90350685 1257.52150685
2893 1246.11110959 1234.29810959 1257.92410959
2894 1246.50971233 1234.69271233 1258.32671233
2895 1246.90831507 1235.08731507 1258.72931507
2896 1247.30691781 1235.48191781 1259.13191781
2897 1247.70552055 1235.87652055 1259.53452055
2898 1248.10412329 1236.27112329 1259.93712329
2899 1248.50272603 1236.66572603 1260.33972603
2900 1248.90132877 1237.06032877 1260.74232877
2901 1249.29993151 1237.45493151 1261.14493151
2902 1249.69853425 1237.84953425 1261.54753425
2903 1250.09713699 1238.24413699 1261.95013699
2904 1250.49573973 1238.63873973 1262.35273973
2905 1250.89434247 1239.03334247 1262.75534247
2906 1251.29294521 1239.42794521 1263.15794521
2907 1251.69154795 1239.82254795 1263.56054795
2908 1252.09015068 1240.21715068 1263.96315068
2909 1252.48875342 1240.61175342 1264.36575342
2910 1252.88735616 1241.00635616 1264.76835616
2911 1253.28595890 1241.40095890 1265.17095890
2912 1253.68456164 1241.79556164 1265.57356164
2913 1254.08316438 1242.19016438 1265.97616438
2914 1254.48176712 1242.58476712 1266.37876712
2915 1254.88036986 1242.97936986 1266.78136986
2916 1255.27897260 1243.37397260 1267.18397260
2917 1255.67757534 1243.76857534 1267.58657534
2918 1256.07617808 1244.16317808 1267.98917808
2919 1256.47478082 1244.55778082 1268.39178082
2920 1256.87338356 1244.95238356 1268.79438356
2921 1257.27198630 1245.34698630 1269.19698630
2922 1257.67058904 1245.74158904 1269.59958904
2923 1258.06919178 1246.13619178 1270.00219178
2924 1258.46779452 1246.53079452 1270.40479452
2925 1258.86639726 1246.92539726 1270.80739726
2926 1259.26500000 1247.32000000 1271.21000000
2927 1259.66472752 1247.71370572 1271.61574932
2928 1260.06445504 1248.10741144 1272.02149864
2929 1260.46418256 1248.50111717 1272.42724796
2930 1260.86391008 1248.89482289 1272.83299728
2931 1261.26363760 1249.28852861 1273.23874659
2932 1261.66336512 1249.68223433 1273.64449591
2933 1262.06309264 1250.07594005 1274.05024523
2934 1262.46282016 1250.46964578 1274.45599455
2935 1262.86254768 1250.86335150 1274.86174387
2936 1263.26227520 1251.25705722 1275.26749319
2937 1263.66200272 1251.65076294 1275.67324251
2938 1264.06173025 1252.04446866 1276.07899183
2939 1264.46145777 1252.43817439 1276.48474114
2940 1264.86118529 1252.83188011 1276.89049046
2941 1265.26091281 1253.22558583 1277.29623978
2942 1265.66064033 1253.61929155 1277.70198910
2943 1266.06036785 1254.01299728 1278.10773842
2944 1266.46009537 1254.40670300 1278.51348774
2945 1266.85982289 1254.80040872 1278.91923706
2946 1267.25955041 1255.19411444 1279.32498638
2947 1267.65927793 1255.58782016 1279.73073569
2948 1268.05900545 1255.98152589 1280.13648501
2949 1268.45873297 1256.37523161 1280.54223433
2950 1268.85846049 1256.76893733 1280.94798365
2951 1269.25818801 1257.16264305 1281.35373297
2952 1269.65791553 1257.55634877 1281.75948229
2953 1270.05764305 1257.95005450 1282.16523161
2954 1270.45737057 1258.34376022 1282.57098093
2955 1270.85709809 1258.73746594 1282.97673025
2956 1271.25682561 1259.13117166 1283.38247956
2957 1271.65655313 1259.52487738 1283.78822888
2958 1272.05628065 1259.91858311 1284.19397820
2959 1272.45600817 1260.31228883 1284.59972752
2960 1272.85573569 1260.70599455 1285.00547684
2961 1273.25546322 1261.09970027 1285.41122616
2962 1273.65519074 1261.49340599 1285.81697548
2963 1274.05491826 1261.88711172 1286.22272480
2964 1274.45464578 1262.28081744 1286.62847411
2965 1274.85437330 1262.67452316 1287.03422343
2966 1275.25410082 1263.06822888 1287.43997275
2967 1275.65382834 1263.46193460 1287.84572207
2968 1276.05355586 1263.85564033 1288.25147139
2969 1276.45328338 1264.24934605 1288.65722071
2970 1276.85301090 1264.64305177 1289.06297003
2971 1277.25273842 1265.03675749 1289.46871935
2972 1277.65246594 1265.43046322 1289.87446866
2973 1278.05219346 1265.82416894 1290.28021798
2974 1278.45192098 1266.21787466 1290.68596730
2975 1278.85164850 1266.61158038 1291.09171662
2976 1279.25137602 1267.00528610 1291.49746594
2977 1279.65110354 1267.39899183 1291.90321526
2978 1280.05083106 1267.79269755 1292.30896458
2979 1280.45055858 1268.18640327 1292.71471390
2980 1280.85028610 1268.58010899 1293.12046322
2981 1281.25001362 1268.97381471 1293.52621253
2982 1281.64974114 1269.36752044 1293.93196185
2983 1282.04946866 1269.76122616 1294.33771117
2984 1282.44919619 1270.15493188 1294.74346049
2985 1282.84892371 1270.54863760 1295.14920981
2986 1283.24865123 1270.94234332 1295.55495913
2987 1283.64837875 1271.33604905 1295.96070845
2988 1284.04810627 1271.72975477 1296.36645777
2989 1284.44783379 1272.12346049 1296.77220708
2990 1284.84756131 1272.51716621 1297.17795640
2991 1285.24728883 1272.91087193 1297.58370572
2992 1285.64701635 1273.30457766 1297.98945504
2993 1286.04674387 1273.69828338 1298.39520436
2994 1286.44647139 1274.09198910 1298.80095368
2995 1286.84619891 1274.48569482 1299.20670300
2996 1287.24592643 1274.87940055 1299.61245232
2997 1287.64565395 1275.27310627 1300.01820163
2998 1288.04538147 1275.66681199 1300.42395095
2999 1288.44510899 1276.06051771 1300.82970027
3000 1288.84483651 1276.45422343 1301.23544959
3001 1289.24456403 1276.84792916 1301.64119891
3002 1289.64429155 1277.24163488 1302.04694823
3003 1290.04401907 1277.63534060 1302.45269755
3004 1290.44374659 1278.02904632 1302.85844687
3005 1290.84347411 1278.42275204 1303.26419619
3006 1291.24320163 1278.81645777 1303.66994550
3007 1291.64292916 1279.21016349 1304.07569482
3008 1292.04265668 1279.60386921 1304.48144414
3009 1292.44238420 1279.99757493 1304.88719346
3010 1292.84211172 1280.39128065 1305.29294278
3011 1293.24183924 1280.78498638 1305.69869210
3012 1293.64156676 1281.17869210 1306.10444142
3013 1294.04129428 1281.57239782 1306.51019074
3014 1294.44102180 1281.96610354 1306.91594005
3015 1294.84074932 1282.35980926 1307.32168937
3016 1295.24047684 1282.75351499 1307.72743869
3017 1295.64020436 1283.14722071 1308.13318801
3018 1296.03993188 1283.54092643 1308.53893733
3019 1296.43965940 1283.93463215 1308.94468665
3020 1296.83938692 1284.32833787 1309.35043597
3021 1297.23911444 1284.72204360 1309.75618529
3022 1297.63884196 1285.11574932 1310.16193460
3023 1298.03856948 1285.50945504 1310.56768392
3024 1298.43829700 1285.90316076 1310.97343324
3025 1298.83802452 1286.29686649 1311.37918256
3026 1299.23775204 1286.69057221 1311.78493188
3027 1299.63747956 1287.08427793 1312.19068120
3028 1300.03720708 1287.47798365 1312.59643052
3029 1300.43693460 1287.87168937 1313.00217984
3030 1300.83666213 1288.26539510 1313.40792916
3031 1301.23638965 1288.65910082 1313.81367847
3032 1301.63611717 1289.05280654 1314.21942779
3033 1302.03584469 1289.44651226 1314.62517711
3034 1302.43557221 1289.84021798 1315.03092643
3035 1302.83529973 1290.23392371 1315.43667575
3036 1303.23502725 1290.62762943 1315.84242507
3037 1303.63475477 1291.02133515 1316.24817439
3038 1304.03448229 1291.41504087 1316.65392371
3039 1304.43420981 1291.80874659 1317.05967302
3040 1304.83393733 1292.20245232 1317.46542234
3041 1305.23366485 1292.59615804 1317.87117166
3042 1305.63339237 1292.98986376 1318.27692098
3043 1306.03311989 1293.38356948 1318.68267030
3044 1306.43284741 1293.77727520 1319.08841962
3045 1306.83257493 1294.17098093 1319.49416894
3046 1307.23230245 1294.56468665 1319.89991826
3047 1307.63202997 1294.95839237 1320.30566757
3048 1308.03175749 1295.35209809 1320.71141689
3049 1308.43148501 1295.74580381 1321.11716621
3050 1308.83121253 1296.13950954 1321.52291553
3051 1309.23094005 1296.53321526 1321.92866485
3052 1309.63066757 1296.92692098 1322.33441417
3053 1310.03039510 1297.32062670 1322.74016349
3054 1310.43012262 1297.71433243 1323.14591281
3055 1310.82985014 1298.10803815 1323.55166213
3056 1311.22957766 1298.50174387 1323.95741144
3057 1311.62930518 1298.89544959 1324.36316076
3058 1312.02903270 1299.28915531 1324.76891008
3059 1312.42876022 1299.68286104 1325.17465940
3060 1312.82848774 1300.07656676 1325.58040872
3061 1313.22821526 1300.47027248 1325.98615804
3062 1313.62794278 1300.86397820 1326.39190736
3063 1314.02767030 1301.25768392 1326.79765668
3064 1314.42739782 1301.65138965 1327.20340599
3065 1314.82712534 1302.04509537 1327.60915531
3066 1315.22685286 1302.43880109 1328.01490463
3067 1315.62658038 1302.83250681 1328.42065395
3068 1316.02630790 1303.22621253 1328.82640327
3069 1316.42603542 1303.61991826 1329.23215259
3070 1316.82576294 1304.01362398 1329.63790191
3071 1317.22549046 1304.40732970 1330.04365123
3072 1317.62521798 1304.80103542 1330.44940055
3073 1318.02494550 1305.19474114 1330.85514986
3074 1318.42467302 1305.58844687 1331.26089918
3075 1318.82440055 1305.98215259 1331.66664850
3076 1319.22412807 1306.37585831 1332.07239782
3077 1319.62385559 1306.76956403 1332.47814714
3078 1320.02358311 1307.16326975 1332.88389646
3079 1320.42331063 1307.55697548 1333.28964578
3080 1320.82303815 1307.95068120 1333.69539510
3081 1321.22276567 1308.34438692 1334.10114441
3082 1321.62249319 1308.73809264 1334.50689373
3083 1322.02222071 1309.13179837 1334.91264305
3084 1322.42194823 1309.52550409 1335.31839237
3085 1322.82167575 1309.91920981 1335.72414169
3086 1323.22140327 1310.31291553 1336.12989101
3087 1323.62113079 1310.70662125 1336.53564033
3088 1324.02085831 1311.10032698 1336.94138965
3089 1324.42058583 1311.49403270 1337.34713896
3090 1324.82031335 1311.88773842 1337.75288828
3091 1325.22004087 1312.28144414 1338.15863760
3092 1325.61976839 1312.67514986 1338.56438692
3093 1326.01949591 1313.06885559 1338.97013624
3094 1326.41922343 1313.46256131 1339.37588556
3095 1326.81895095 1313.85626703 1339.78163488
3096 1327.21867847 1314.24997275 1340.18738420
3097 1327.61840599 1314.64367847 1340.59313352
3098 1328.01813352 1315.03738420 1340.99888283
3099 1328.41786104 1315.43108992 1341.40463215
3100 1328.81758856 1315.82479564 1341.81038147
3101 1329.21731608 1316.21850136 1342.21613079
3102 1329.61704360 1316.61220708 1342.62188011
3103 1330.01677112 1317.00591281 1343.02762943
3104 1330.41649864 1317.39961853 1343.43337875
3105 1330.81622616 1317.79332425 1343.83912807
3106 1331.21595368 1318.18702997 1344.24487738
3107 1331.61568120 1318.58073569 1344.65062670
3108 1332.01540872 1318.97444142 1345.05637602
3109 1332.41513624 1319.36814714 1345.46212534
3110 1332.81486376 1319.76185286 1345.86787466
3111 1333.21459128 1320.15555858 1346.27362398
3112 1333.61431880 1320.54926431 1346.67937330
3113 1334.01404632 1320.94297003 1347.08512262
3114 1334.41377384 1321.33667575 1347.49087193
3115 1334.81350136 1321.73038147 1347.89662125
3116 1335.21322888 1322.12408719 1348.30237057
3117 1335.61295640 1322.51779292 1348.70811989
3118 1336.01268392 1322.91149864 1349.11386921
3119 1336.41241144 1323.30520436 1349.51961853
3120 1336.81213896 1323.69891008 1349.92536785
3121 1337.21186649 1324.09261580 1350.33111717
3122 1337.61159401 1324.48632153 1350.73686649
3123 1338.01132153 1324.88002725 1351.14261580
3124 1338.41104905 1325.27373297 1351.54836512
3125 1338.81077657 1325.66743869 1351.95411444
3126 1339.21050409 1326.06114441 1352.35986376
3127 1339.61023161 1326.45485014 1352.76561308
3128 1340.00995913 1326.84855586 1353.17136240
3129 1340.40968665 1327.24226158 1353.57711172
3130 1340.80941417 1327.63596730 1353.98286104
3131 1341.20914169 1328.02967302 1354.38861035
3132 1341.60886921 1328.42337875 1354.79435967
3133 1342.00859673 1328.81708447 1355.20010899
3134 1342.40832425 1329.21079019 1355.60585831
3135 1342.80805177 1329.60449591 1356.01160763
3136 1343.20777929 1329.99820163 1356.41735695
3137 1343.60750681 1330.39190736 1356.82310627
3138 1344.00723433 1330.78561308 1357.22885559
3139 1344.40696185 1331.17931880 1357.63460490
3140 1344.80668937 1331.57302452 1358.04035422
3141 1345.20641689 1331.96673025 1358.44610354
3142 1345.60614441 1332.36043597 1358.85185286
3143 1346.00587193 1332.75414169 1359.25760218
3144 1346.40559946 1333.14784741 1359.66335150
3145 1346.80532698 1333.54155313 1360.06910082
3146 1347.20505450 1333.93525886 1360.47485014
3147 1347.60478202 1334.32896458 1360.88059946
3148 1348.00450954 1334.72267030 1361.28634877
3149 1348.40423706 1335.11637602 1361.69209809
3150 1348.80396458 1335.51008174 1362.09784741
3151 1349.20369210 1335.90378747 1362.50359673
3152 1349.60341962 1336.29749319 1362.90934605
3153 1350.00314714 1336.69119891 1363.31509537
3154 1350.40287466 1337.08490463 1363.72084469
3155 1350.80260218 1337.47861035 1364.12659401
3156 1351.20232970 1337.87231608 1364.53234332
3157 1351.60205722 1338.26602180 1364.93809264
3158 1352.00178474 1338.65972752 1365.34384196
3159 1352.40151226 1339.05343324 1365.74959128
3160 1352.80123978 1339.44713896 1366.15534060
3161 1353.20096730 1339.84084469 1366.56108992
3162 1353.60069482 1340.23455041 1366.96683924
3163 1354.00042234 1340.62825613 1367.37258856
3164 1354.40014986 1341.02196185 1367.77833787
3165 1354.79987738 1341.41566757 1368.18408719
3166 1355.19960490 1341.80937330 1368.58983651
3167 1355.59933243 1342.20307902 1368.99558583
3168 1355.99905995 1342.59678474 1369.40133515
3169 1356.39878747 1342.99049046 1369.80708447
3170 1356.79851499 1343.38419619 1370.21283379
3171 1357.19824251 1343.77790191 1370.61858311
3172 1357.59797003 1344.17160763 1371.02433243
3173 1357.99769755 1344.56531335 1371.43008174
3174 1358.39742507 1344.95901907 1371.83583106
3175 1358.79715259 1345.35272480 1372.24158038
3176 1359.19688011 1345.74643052 1372.64732970
3177 1359.59660763 1346.14013624 1373.05307902
3178 1359.99633515 1346.53384196 1373.45882834
3179 1360.39606267 1346.92754768 1373.86457766
3180 1360.79579019 1347.32125341 1374.27032698
3181 1361.19551771 1347.71495913 1374.67607629
3182 1361.59524523 1348.10866485 1375.08182561
3183 1361.99497275 1348.50237057 1375.48757493
3184 1362.39470027 1348.89607629 1375.89332425
3185 1362.79442779 1349.28978202 1376.29907357
3186 1363.19415531 1349.68348774 1376.70482289
3187 1363.59388283 1350.07719346 1377.11057221
3188 1363.99361035 1350.47089918 1377.51632153
3189 1364.39333787 1350.86460490 1377.92207084
3190 1364.79306540 1351.25831063 1378.32782016
3191 1365.19279292 1351.65201635 1378.73356948
3192 1365.59252044 1352.04572207 1379.13931880
3193 1365.99224796 1352.43942779 1379.54506812
3194 1366.39197548 1352.83313352 1379.95081744
3195 1366.79170300 1353.22683924 1380.35656676
3196 1367.19143052 1353.62054496 1380.76231608
3197 1367.59115804 1354.01425068 1381.16806540
3198 1367.99088556 1354.40795640 1381.57381471
3199 1368.39061308 1354.80166213 1381.97956403
3200 1368.79034060 1355.19536785 1382.38531335
3201 1369.19006812 1355.58907357 1382.79106267
3202 1369.58979564 1355.98277929 1383.19681199
3203 1369.98952316 1356.37648501 1383.60256131
3204 1370.38925068 1356.77019074 1384.00831063
3205 1370.78897820 1357.16389646 1384.41405995
3206 1371.18870572 1357.55760218 1384.81980926
3207 1371.58843324 1357.95130790 1385.22555858
3208 1371.98816076 1358.34501362 1385.63130790
3209 1372.38788828 1358.73871935 1386.03705722
3210 1372.78761580 1359.13242507 1386.44280654
3211 1373.18734332 1359.52613079 1386.84855586
3212 1373.58707084 1359.91983651 1387.25430518
3213 1373.98679837 1360.31354223 1387.66005450
3214 1374.38652589 1360.70724796 1388.06580381
3215 1374.78625341 1361.10095368 1388.47155313
3216 1375.18598093 1361.49465940 1388.87730245
3217 1375.58570845 1361.88836512 1389.28305177
3218 1375.98543597 1362.28207084 1389.68880109
3219 1376.38516349 1362.67577657 1390.09455041
3220 1376.78489101 1363.06948229 1390.50029973
3221 1377.18461853 1363.46318801 1390.90604905
3222 1377.58434605 1363.85689373 1391.31179837
3223 1377.98407357 1364.25059946 1391.71754768
3224 1378.38380109 1364.64430518 1392.12329700
3225 1378.78352861 1365.03801090 1392.52904632
3226 1379.18325613 1365.43171662 1392.93479564
3227 1379.58298365 1365.82542234 1393.34054496
3228 1379.98271117 1366.21912807 1393.74629428
3229 1380.38243869 1366.61283379 1394.15204360
3230 1380.78216621 1367.00653951 1394.55779292
3231 1381.18189373 1367.40024523 1394.96354223
3232 1381.58162125 1367.79395095 1395.36929155
3233 1381.98134877 1368.18765668 1395.77504087
3234 1382.38107629 1368.58136240 1396.18079019
3235 1382.78080381 1368.97506812 1396.58653951
3236 1383.18053134 1369.36877384 1396.99228883
3237 1383.58025886 1369.76247956 1397.39803815
3238 1383.97998638 1370.15618529 1397.80378747
3239 1384.37971390 1370.54989101 1398.20953678
3240 1384.77944142 1370.94359673 1398.61528610
3241 1385.17916894 1371.33730245 1399.02103542
3242 1385.57889646 1371.73100817 1399.42678474
3243 1385.97862398 1372.12471390 1399.83253406
3244 1386.37835150 1372.51841962 1400.23828338
3245 1386.77807902 1372.91212534 1400.64403270
3246 1387.17780654 1373.30583106 1401.04978202
3247 1387.57753406 1373.69953678 1401.45553134
3248 1387.97726158 1374.09324251 1401.86128065
3249 1388.37698910 1374.48694823 1402.26702997
3250 1388.77671662 1374.88065395 1402.67277929
3251 1389.17644414 1375.27435967 1403.07852861
3252 1389.57617166 1375.66806540 1403.48427793
3253 1389.97589918 1376.06177112 1403.89002725
3254 1390.37562670 1376.45547684 1404.29577657
3255 1390.77535422 1376.84918256 1404.70152589
3256 1391.17508174 1377.24288828 1405.10727520
3257 1391.57480926 1377.63659401 1405.51302452
3258 1391.97453678 1378.03029973 1405.91877384
3259 1392.37426431 1378.42400545 1406.32452316
3260 1392.77399183 1378.81771117 1406.73027248
3261 1393.17371935 1379.21141689 1407.13602180
3262 1393.57344687 1379.60512262 1407.54177112
3263 1393.97317439 1379.99882834 1407.94752044
3264 1394.37290191 1380.39253406 1408.35326975
3265 1394.77262943 1380.78623978 1408.75901907
3266 1395.17235695 1381.17994550 1409.16476839
3267 1395.57208447 1381.57365123 1409.57051771
3268 1395.97181199 1381.96735695 1409.97626703
3269 1396.37153951 1382.36106267 1410.38201635
3270 1396.77126703 1382.75476839 1410.78776567
3271 1397.17099455 1383.14847411 1411.19351499
3272 1397.57072207 1383.54217984 1411.59926431
3273 1397.97044959 1383.93588556 1412.00501362
3274 1398.37017711 1384.32959128 1412.41076294
3275 1398.76990463 1384.72329700 1412.81651226
3276 1399.16963215 1385.11700272 1413.22226158
3277 1399.56935967 1385.51070845 1413.62801090
3278 1399.96908719 1385.90441417 1414.03376022
3279 1400.36881471 1386.29811989 1414.43950954
3280 1400.76854223 1386.69182561 1414.84525886
3281 1401.16826975 1387.08553134 1415.25100817
3282 1401.56799728 1387.47923706 1415.65675749
3283 1401.96772480 1387.87294278 1416.06250681
3284 1402.36745232 1388.26664850 1416.46825613
3285 1402.76717984 1388.66035422 1416.87400545
3286 1403.16690736 1389.05405995 1417.27975477
3287 1403.56663488 1389.44776567 1417.68550409
3288 1403.96636240 1389.84147139 1418.09125341
3289 1404.36608992 1390.23517711 1418.49700272
3290 1404.76581744 1390.62888283 1418.90275204
3291 1405.16554496 1391.02258856 1419.30850136
3292 1405.56527248 1391.41629428 1419.71425068
3293 1405.96500000 1391.81000000 1420.12000000
3294 1406.36859890 1392.20681319 1420.53038462
3295 1406.77219780 1392.60362637 1420.94076923
3296 1407.17579670 1393.00043956 1421.35115385
3297 1407.57939560 1393.39725275 1421.76153846
3298 1407.98299451 1393.79406593 1422.17192308
3299 1408.38659341 1394.19087912 1422.58230769
3300 1408.79019231 1394.58769231 1422.99269231
3301 1409.19379121 1394.98450549 1423.40307692
3302 1409.59739011 1395.38131868 1423.81346154
3303 1410.00098901 1395.77813187 1424.22384615
3304 1410.40458791 1396.17494505 1424.63423077
3305 1410.80818681 1396.57175824 1425.04461538
3306 1411.21178571 1396.96857143 1425.45500000
3307 1411.61538462 1397.36538462 1425.86538462
3308 1412.01898352 1397.76219780 1426.27576923
3309 1412.42258242 1398.15901099 1426.68615385
3310 1412.82618132 1398.55582418 1427.09653846
3311 1413.22978022 1398.95263736 1427.50692308
3312 1413.63337912 1399.34945055 1427.91730769
3313 1414.03697802 1399.74626374 1428.32769231
3314 1414.44057692 1400.14307692 1428.73807692
3315 1414.84417582 1400.53989011 1429.14846154
3316 1415.24777473 1400.93670330 1429.55884615
3317 1415.65137363 1401.33351648 1429.96923077
3318 1416.05497253 1401.73032967 1430.37961538
3319 1416.45857143 1402.12714286 1430.79000000
3320 1416.86217033 1402.52395604 1431.20038462
3321 1417.26576923 1402.92076923 1431.61076923
3322 1417.66936813 1403.31758242 1432.02115385
3323 1418.07296703 1403.71439560 1432.43153846
3324 1418.47656593 1404.11120879 1432.84192308
3325 1418.88016484 1404.50802198 1433.25230769
3326 1419.28376374 1404.90483516 1433.66269231
3327 1419.68736264 1405.30164835 1434.07307692
3328 1420.09096154 1405.69846154 1434.48346154
3329 1420.49456044 1406.09527473 1434.89384615
3330 1420.89815934 1406.49208791 1435.30423077
3331 1421.30175824 1406.88890110 1435.71461538
3332 1421.70535714 1407.28571429 1436.12500000
3333 1422.10895604 1407.68252747 1436.53538462
3334 1422.51255495 1408.07934066 1436.94576923
3335 1422.91615385 1408.47615385 1437.35615385
3336 1423.31975275 1408.87296703 1437.76653846
3337 1423.72335165 1409.26978022 1438.17692308
3338 1424.12695055 1409.66659341 1438.58730769
3339 1424.53054945 1410.06340659 1438.99769231
3340 1424.93414835 1410.46021978 1439.40807692
3341 1425.33774725 1410.85703297 1439.81846154
3342 1425.74134615 1411.25384615 1440.22884615
3343 1426.14494505 1411.65065934 1440.63923077
3344 1426.54854396 1412.04747253 1441.04961538
3345 1426.95214286 1412.44428571 1441.46000000
3346 1427.35574176 1412.84109890 1441.87038462
3347 1427.75934066 1413.23791209 1442.28076923
3348 1428.16293956 1413.63472527 1442.69115385
3349 1428.56653846 1414.03153846 1443.10153846
3350 1428.97013736 1414.42835165 1443.51192308
3351 1429.37373626 1414.82516484 1443.92230769
3352 1429.77733516 1415.22197802 1444.33269231
3353 1430.18093407 1415.61879121 1444.74307692
3354 1430.58453297 1416.01560440 1445.15346154
3355 1430.98813187 1416.41241758 1445.56384615
3356 1431.39173077 1416.80923077 1445.97423077
3357 1431.79532967 1417.20604396 1446.38461538
3358 1432.19892857 1417.60285714 1446.79500000
3359 1432.60252747 1417.99967033 1447.20538462
3360 1433.00612637 1418.39648352 1447.61576923
3361 1433.40972527 1418.79329670 1448.02615385
3362 1433.81332418 1419.19010989 1448.43653846
3363 1434.21692308 1419.58692308 1448.84692308
3364 1434.62052198 1419.98373626 1449.25730769
3365 1435.02412088 1420.38054945 1449.66769231
3366 1435.42771978 1420.77736264 1450.07807692
3367 1435.83131868 1421.17417582 1450.48846154
3368 1436.23491758 1421.57098901 1450.89884615
3369 1436.63851648 1421.96780220 1451.30923077
3370 1437.04211538 1422.36461538 1451.71961538
3371 1437.44571429 1422.76142857 1452.13000000
3372 1437.84931319 1423.15824176 1452.54038462
3373 1438.25291209 1423.55505495 1452.95076923
3374 1438.65651099 1423.95186813 1453.36115385
3375 1439.06010989 1424.34868132 1453.77153846
3376 1439.46370879 1424.74549451 1454.18192308
3377 1439.86730769 1425.14230769 1454.59230769
3378 1440.27090659 1425.53912088 1455.00269231
3379 1440.67450549 1425.93593407 1455.41307692
3380 1441.07810440 1426.33274725 1455.82346154
3381 1441.48170330 1426.72956044 1456.23384615
3382 1441.88530220 1427.12637363 1456.64423077
3383 1442.28890110 1427.52318681 1457.05461538
3384 1442.69250000 1427.92000000 1457.46500000
3385 1443.09609890 1428.31681319 1457.87538462
3386 1443.49969780 1428.71362637 1458.28576923
3387 1443.90329670 1429.11043956 1458.69615385
3388 1444.30689560 1429.50725275 1459.10653846
3389 1444.71049451 1429.90406593 1459.51692308
3390 1445.11409341 1430.30087912 1459.92730769
3391 1445.51769231 1430.69769231 1460.33769231
3392 1445.92129121 1431.09450549 1460.74807692
3393 1446.32489011 1431.49131868 1461.15846154
3394 1446.72848901 1431.88813187 1461.56884615
3395 1447.13208791 1432.28494505 1461.97923077
3396 1447.53568681 1432.68175824 1462.38961538
3397 1447.93928571 1433.07857143 1462.80000000
3398 1448.34288462 1433.47538462 1463.21038462
3399 1448.74648352 1433.87219780 1463.62076923
3400 1449.15008242 1434.26901099 1464.03115385
3401 1449.55368132 1434.66582418 1464.44153846
3402 1449.95728022 1435.06263736 1464.85192308
3403 1450.36087912 1435.45945055 1465.26230769
3404 1450.76447802 1435.85626374 1465.67269231
3405 1451.16807692 1436.25307692 1466.08307692
3406 1451.57167582 1436.64989011 1466.49346154
3407 1451.97527473 1437.04670330 1466.90384615
3408 1452.37887363 1437.44351648 1467.31423077
3409 1452.78247253 1437.84032967 1467.72461538
3410 1453.18607143 1438.23714286 1468.13500000
3411 1453.58967033 1438.63395604 1468.54538462
3412 1453.99326923 1439.03076923 1468.95576923
3413 1454.39686813 1439.42758242 1469.36615385
3414 1454.80046703 1439.82439560 1469.77653846
3415 1455.20406593 1440.22120879 1470.18692308
3416 1455.60766484 1440.61802198 1470.59730769
3417 1456.01126374 1441.01483516 1471.00769231
3418 1456.41486264 1441.41164835 1471.41807692
3419 1456.81846154 1441.80846154 1471.82846154
3420 1457.22206044 1442.20527473 1472.23884615
3421 1457.62565934 1442.60208791 1472.64923077
3422 1458.02925824 1442.99890110 1473.05961538
3423 1458.43285714 1443.39571429 1473.47000000
3424 1458.83645604 1443.79252747 1473.88038462
3425 1459.24005495 1444.18934066 1474.29076923
3426 1459.64365385 1444.58615385 1474.70115385
3427 1460.04725275 1444.98296703 1475.11153846
3428 1460.45085165 1445.37978022 1475.52192308
3429 1460.85445055 1445.77659341 1475.93230769
3430 1461.25804945 1446.17340659 1476.34269231
3431 1461.66164835 1446.57021978 1476.75307692
3432 1462.06524725 1446.96703297 1477.16346154
3433 1462.46884615 1447.36384615 1477.57384615
3434 1462.87244505 1447.76065934 1477.98423077
3435 1463.27604396 1448.15747253 1478.39461538
3436 1463.67964286 1448.55428571 1478.80500000
3437 1464.08324176 1448.95109890 1479.21538462
3438 1464.48684066 1449.34791209 1479.62576923
3439 1464.89043956 1449.74472527 1480.03615385
3440 1465.29403846 1450.14153846 1480.44653846
3441 1465.69763736 1450.53835165 1480.85692308
3442 1466.10123626 1450.93516484 1481.26730769
3443 1466.50483516 1451.33197802 1481.67769231
3444 1466.90843407 1451.72879121 1482.08807692
3445 1467.31203297 1452.12560440 1482.49846154
3446 1467.71563187 1452.52241758 1482.90884615
3447 1468.11923077 1452.91923077 1483.31923077
3448 1468.52282967 1453.31604396 1483.72961538
3449 1468.92642857 1453.71285714 1484.14000000
3450 1469.33002747 1454.10967033 1484.55038462
3451 1469.73362637 1454.50648352 1484.96076923
3452 1470.13722527 1454.90329670 1485.37115385
3453 1470.54082418 1455.30010989 1485.78153846
3454 1470.94442308 1455.69692308 1486.19192308
3455 1471.34802198 1456.09373626 1486.60230769
3456 1471.75162088 1456.49054945 1487.01269231
3457 1472.15521978 1456.88736264 1487.42307692
3458 1472.55881868 1457.28417582 1487.83346154
3459 1472.96241758 1457.68098901 1488.24384615
3460 1473.36601648 1458.07780220 1488.65423077
3461 1473.76961538 1458.47461538 1489.06461538
3462 1474.17321429 1458.87142857 1489.47500000
3463 1474.57681319 1459.26824176 1489.88538462
3464 1474.98041209 1459.66505495 1490.29576923
3465 1475.38401099 1460.06186813 1490.70615385
3466 1475.78760989 1460.45868132 1491.11653846
3467 1476.19120879 1460.85549451 1491.52692308
3468 1476.59480769 1461.25230769 1491.93730769
3469 1476.99840659 1461.64912088 1492.34769231
3470 1477.40200549 1462.04593407 1492.75807692
3471 1477.80560440 1462.44274725 1493.16846154
3472 1478.20920330 1462.83956044 1493.57884615
3473 1478.61280220 1463.23637363 1493.98923077
3474 1479.01640110 1463.63318681 1494.39961538
3475 1479.42000000 1464.03000000 1494.81000000
3476 1479.82359890 1464.42681319 1495.22038462
3477 1480.22719780 1464.82362637 1495.63076923
3478 1480.63079670 1465.22043956 1496.04115385
3479 1481.03439560 1465.61725275 1496.45153846
3480 1481.43799451 1466.01406593 1496.86192308
3481 1481.84159341 1466.41087912 1497.27230769
3482 1482.24519231 1466.80769231 1497.68269231
3483 1482.64879121 1467.20450549 1498.09307692
3484 1483.05239011 1467.60131868 1498.50346154
3485 1483.45598901 1467.99813187 1498.91384615
3486 1483.85958791 1468.39494505 1499.32423077
3487 1484.26318681 1468.79175824 1499.73461538
3488 1484.66678571 1469.18857143 1500.14500000
3489 1485.07038462 1469.58538462 1500.55538462
3490 1485.47398352 1469.98219780 1500.96576923
3491 1485.87758242 1470.37901099 1501.37615385
3492 1486.28118132 1470.77582418 1501.78653846
3493 1486.68478022 1471.17263736 1502.19692308
3494 1487.08837912 1471.56945055 1502.60730769
3495 1487.49197802 1471.96626374 1503.01769231
3496 1487.89557692 1472.36307692 1503.42807692
3497 1488.29917582 1472.75989011 1503.83846154
3498 1488.70277473 1473.15670330 1504.24884615
3499 1489.10637363 1473.55351648 1504.65923077
3500 1489.50997253 1473.95032967 1505.06961538
3501 1489.91357143 1474.34714286 1505.48000000
3502 1490.31717033 1474.74395604 1505.89038462
3503 1490.72076923 1475.14076923 1506.30076923
3504 1491.12436813 1475.53758242 1506.71115385
3505 1491.52796703 1475.93439560 1507.12153846
3506 1491.93156593 1476.33120879 1507.53192308
3507 1492.33516484 1476.72802198 1507.94230769
3508 1492.73876374 1477.12483516 1508.35269231
3509 1493.14236264 1477.52164835 1508.76307692
3510 1493.54596154 1477.91846154 1509.17346154
3511 1493.94956044 1478.31527473 1509.58384615
3512 1494.35315934 1478.71208791 1509.99423077
3513 1494.75675824 1479.10890110 1510.40461538
3514 1495.16035714 1479.50571429 1510.81500000
3515 1495.56395604 1479.90252747 1511.22538462
3516 1495.96755495 1480.29934066 1511.63576923
3517 1496.37115385 1480.69615385 1512.04615385
3518 1496.77475275 1481.09296703 1512.45653846
3519 1497.17835165 1481.48978022 1512.86692308
3520 1497.58195055 1481.88659341 1513.27730769
3521 1497.98554945 1482.28340659 1513.68769231
3522 1498.38914835 1482.68021978 1514.09807692
3523 1498.79274725 1483.07703297 1514.50846154
3524 1499.19634615 1483.47384615 1514.91884615
3525 1499.59994505 1483.87065934 1515.32923077
3526 1500.00354396 1484.26747253 1515.73961538
3527 1500.40714286 1484.66428571 1516.15000000
3528 1500.81074176 1485.06109890 1516.56038462
3529 1501.21434066 1485.45791209 1516.97076923
3530 1501.61793956 1485.85472527 1517.38115385
3531 1502.02153846 1486.25153846 1517.79153846
3532 1502.42513736 1486.64835165 1518.20192308
3533 1502.82873626 1487.04516484 1518.61230769
3534 1503.23233516 1487.44197802 1519.02269231
3535 1503.63593407 1487.83879121 1519.43307692
3536 1504.03953297 1488.23560440 1519.84346154
3537 1504.44313187 1488.63241758 1520.25384615
3538 1504.84673077 1489.02923077 1520.66423077
3539 1505.25032967 1489.42604396 1521.07461538
3540 1505.65392857 1489.82285714 1521.48500000
3541 1506.05752747 1490.21967033 1521.89538462
3542 1506.46112637 1490.61648352 1522.30576923
3543 1506.86472527 1491.01329670 1522.71615385
3544 1507.26832418 1491.41010989 1523.12653846
3545 1507.67192308 1491.80692308 1523.53692308
3546 1508.07552198 1492.20373626 1523.94730769
3547 1508.47912088 1492.60054945 1524.35769231
3548 1508.88271978 1492.99736264 1524.76807692
3549 1509.28631868 1493.39417582 1525.17846154
3550 1509.68991758 1493.79098901 1525.58884615
3551 1510.09351648 1494.18780220 1525.99923077
3552 1510.49711538 1494.58461538 1526.40961538
3553 1510.90071429 1494.98142857 1526.82000000
3554 1511.30431319 1495.37824176 1527.23038462
3555 1511.70791209 1495.77505495 1527.64076923
3556 1512.11151099 1496.17186813 1528.05115385
3557 1512.51510989 1496.56868132 1528.46153846
3558 1512.91870879 1496.96549451 1528.87192308
3559 1513.32230769 1497.36230769 1529.28230769
3560 1513.72590659 1497.75912088 1529.69269231
3561 1514.12950549 1498.15593407 1530.10307692
3562 1514.53310440 1498.55274725 1530.51346154
3563 1514.93670330 1498.94956044 1530.92384615
3564 1515.34030220 1499.34637363 1531.33423077
3565 1515.74390110 1499.74318681 1531.74461538
3566 1516.14750000 1500.14000000 1532.15500000
3567 1516.55109890 1500.53681319 1532.56538462
3568 1516.95469780 1500.93362637 1532.97576923
3569 1517.35829670 1501.33043956 1533.38615385
3570 1517.76189560 1501.72725275 1533.79653846
3571 1518.16549451 1502.12406593 1534.20692308
3572 1518.56909341 1502.52087912 1534.61730769
3573 1518.97269231 1502.91769231 1535.02769231
3574 1519.37629121 1503.31450549 1535.43807692
3575 1519.77989011 1503.71131868 1535.84846154
3576 1520.18348901 1504.10813187 1536.25884615
3577 1520.58708791 1504.50494505 1536.66923077
3578 1520.99068681 1504.90175824 1537.07961538
3579 1521.39428571 1505.29857143 1537.49000000
3580 1521.79788462 1505.69538462 1537.90038462
3581 1522.20148352 1506.09219780 1538.31076923
3582 1522.60508242 1506.48901099 1538.72115385
3583 1523.00868132 1506.88582418 1539.13153846
3584 1523.41228022 1507.28263736 1539.54192308
3585 1523.81587912 1507.67945055 1539.95230769
3586 1524.21947802 1508.07626374 1540.36269231
3587 1524.62307692 1508.47307692 1540.77307692
3588 1525.02667582 1508.86989011 1541.18346154
3589 1525.43027473 1509.26670330 1541.59384615
3590 1525.83387363 1509.66351648 1542.00423077
3591 1526.23747253 1510.06032967 1542.41461538
3592 1526.64107143 1510.45714286 1542.82500000
3593 1527.04467033 1510.85395604 1543.23538462
3594 1527.44826923 1511.25076923 1543.64576923
3595 1527.85186813 1511.64758242 1544.05615385
3596 1528.25546703 1512.04439560 1544.46653846
3597 1528.65906593 1512.44120879 1544.87692308
3598 1529.06266484 1512.83802198 1545.28730769
3599 1529.46626374 1513.23483516 1545.69769231
3600 1529.86986264 1513.63164835 1546.10807692
3601 1530.27346154 1514.02846154 1546.51846154
3602 1530.67706044 1514.42527473 1546.92884615
3603 1531.08065934 1514.82208791 1547.33923077
3604 1531.48425824 1515.21890110 1547.74961538
3605 1531.88785714 1515.61571429 1548.16000000
3606 1532.29145604 1516.01252747 1548.57038462
3607 1532.69505495 1516.40934066 1548.98076923
3608 1533.09865385 1516.80615385 1549.39115385
3609 1533.50225275 1517.20296703 1549.80153846
3610 1533.90585165 1517.59978022 1550.21192308
3611 1534.30945055 1517.99659341 1550.62230769
3612 1534.71304945 1518.39340659 1551.03269231
3613 1535.11664835 1518.79021978 1551.44307692
3614 1535.52024725 1519.18703297 1551.85346154
3615 1535.92384615 1519.58384615 1552.26384615
3616 1536.32744505 1519.98065934 1552.67423077
3617 1536.73104396 1520.37747253 1553.08461538
3618 1537.13464286 1520.77428571 1553.49500000
3619 1537.53824176 1521.17109890 1553.90538462
3620 1537.94184066 1521.56791209 1554.31576923
3621 1538.34543956 1521.96472527 1554.72615385
3622 1538.74903846 1522.36153846 1555.13653846
3623 1539.15263736 1522.75835165 1555.54692308
3624 1539.55623626 1523.15516484 1555.95730769
3625 1539.95983516 1523.55197802 1556.36769231
3626 1540.36343407 1523.94879121 1556.77807692
3627 1540.76703297 1524.34560440 1557.18846154
3628 1541.17063187 1524.74241758 1557.59884615
3629 1541.57423077 1525.13923077 1558.00923077
3630 1541.97782967 1525.53604396 1558.41961538
3631 1542.38142857 1525.93285714 1558.83000000
3632 1542.78502747 1526.32967033 1559.24038462
3633 1543.18862637 1526.72648352 1559.65076923
3634 1543.59222527 1527.12329670 1560.06115385
3635 1543.99582418 1527.52010989 1560.47153846
3636 1544.39942308 1527.91692308 1560.88192308
3637 1544.80302198 1528.31373626 1561.29230769
3638 1545.20662088 1528.71054945 1561.70269231
3639 1545.61021978 1529.10736264 1562.11307692
3640 1546.01381868 1529.50417582 1562.52346154
3641 1546.41741758 1529.90098901 1562.93384615
3642 1546.82101648 1530.29780220 1563.34423077
3643 1547.22461538 1530.69461538 1563.75461538
3644 1547.62821429 1531.09142857 1564.16500000
3645 1548.03181319 1531.48824176 1564.57538462
3646 1548.43541209 1531.88505495 1564.98576923
3647 1548.83901099 1532.28186813 1565.39615385
3648 1549.24260989 1532.67868132 1565.80653846
3649 1549.64620879 1533.07549451 1566.21692308
3650 1550.04980769 1533.47230769 1566.62730769
3651 1550.45340659 1533.86912088 1567.03769231
3652 1550.85700549 1534.26593407 1567.44807692
3653 1551.26060440 1534.66274725 1567.85846154
3654 1551.66420330 1535.05956044 1568.26884615
3655 1552.06780220 1535.45637363 1568.67923077
3656 1552.47140110 1535.85318681 1569.08961538
3657 1552.87500000 1536.25000000 1569.50000000
