1 0.1116891218
2 0.1117394145
3 0.1117897073
4 0.11184
5 0.1118902927
6 0.1119405855
7 0.1119908782
8 0.1120411709
9 0.1120914637
10 0.1121417564
11 0.1121920491
12 0.1122423419
13 0.1122926346
14 0.1123429273
15 0.1123932201
16 0.1124435128
17 0.1124938055
18 0.1125440983
19 0.112594391
20 0.1126446837
21 0.1126949765
22 0.1127452692
23 0.1127955619
24 0.1128458547
25 0.1128961474
26 0.1129464401
27 0.1129967329
28 0.1130470256
29 0.1130973183
30 0.1131476111
31 0.1131979038
32 0.1132481965
33 0.1132984893
34 0.113348782
35 0.1133990747
36 0.1134493675
37 0.1134996602
38 0.1135499529
39 0.1136002457
40 0.1136433731
41 0.1136865005
42 0.1137296279
43 0.1137727553
44 0.1138158828
45 0.1138590102
46 0.1139021376
47 0.113945265
48 0.1139883924
49 0.1140315199
50 0.1140746473
51 0.1141177747
52 0.1141609021
53 0.1142040295
54 0.114247157
55 0.1142902844
56 0.1143334118
57 0.1143765392
58 0.1144196666
59 0.114462794
60 0.1145059215
61 0.1145490489
62 0.1145921763
63 0.1146353037
64 0.1146784311
65 0.1147215586
66 0.114764686
67 0.1148078134
68 0.1148509408
69 0.1148940682
70 0.1149371957
71 0.1149803231
72 0.1150234505
73 0.1150665779
74 0.1151097053
75 0.1151528327
76 0.1151959602
77 0.1152390876
78 0.115282215
79 0.1153253424
80 0.1153684698
81 0.1154115973
82 0.1154547247
83 0.1154978521
84 0.1155409795
85 0.1155841069
86 0.1156272344
87 0.1156703618
88 0.1157134892
89 0.1157566166
90 0.115799744
91 0.1158428714
92 0.1158859989
93 0.1159291263
94 0.1159722537
95 0.1160153811
96 0.1160585085
97 0.116101636
98 0.1161359671
99 0.1161702982
100 0.1162046293
101 0.1162389604
102 0.1162732915
103 0.1163076226
104 0.1163419537
105 0.1163762848
106 0.1164106159
107 0.116444947
108 0.1164792781
109 0.1165136092
110 0.1165479403
111 0.1165822714
112 0.1166166025
113 0.1166509336
114 0.1166852647
115 0.1167195958
116 0.1167539269
117 0.116788258
118 0.1168225892
119 0.1168569203
120 0.1168912514
121 0.1169255825
122 0.1169599136
123 0.1169942447
124 0.1170285758
125 0.1170629069
126 0.117097238
127 0.1171315691
128 0.1171659002
129 0.1172002313
130 0.1172345624
131 0.1172688935
132 0.1173032246
133 0.1173375557
134 0.1173718868
135 0.1174062179
136 0.117440549
137 0.1174748801
138 0.1175092112
139 0.1175435423
140 0.1175778734
141 0.1176122046
142 0.1176465357
143 0.1176808668
144 0.1177151979
145 0.117749529
146 0.1177838601
147 0.1178181912
148 0.1178525223
149 0.1178868534
150 0.1179211845
151 0.1179555156
152 0.1179898467
153 0.1180241778
154 0.1180585089
155 0.11809284
156 0.1181271711
157 0.1181615022
158 0.1181958333
159 0.1182301644
160 0.1182644955
161 0.1182988266
162 0.1183331577
163 0.1183674888
164 0.11840182
165 0.1184361511
166 0.1184704822
167 0.1185048133
168 0.1185391444
169 0.1185734755
170 0.1186078066
171 0.1186421377
172 0.1186764688
173 0.1187107999
174 0.118745131
175 0.1187794621
176 0.1188137932
177 0.1188481243
178 0.1188824554
179 0.1189167865
180 0.1189511176
181 0.1189854487
182 0.1190197798
183 0.1190541109
184 0.119088442
185 0.1191227731
186 0.1191571042
187 0.1191914354
188 0.1192257665
189 0.1192600976
190 0.1192845858
191 0.1193090741
192 0.1193335623
193 0.1193580505
194 0.1193825388
195 0.119407027
196 0.1194315153
197 0.1194560035
198 0.1194804918
199 0.11950498
200 0.1195294683
201 0.1195539565
202 0.1195784448
203 0.119602933
204 0.1196274213
205 0.1196519095
206 0.1196763977
207 0.119700886
208 0.1197253742
209 0.1197498625
210 0.1197743507
211 0.119798839
212 0.1198233272
213 0.1198478155
214 0.1198723037
215 0.119896792
216 0.1199212802
217 0.1199457685
218 0.1199702567
219 0.119994745
220 0.1200192332
221 0.1200437214
222 0.1200682097
223 0.1200926979
224 0.1201171862
225 0.1201416744
226 0.1201661627
227 0.1201906509
228 0.1202151392
229 0.1202396274
230 0.1202641157
231 0.1202886039
232 0.1203130922
233 0.1203375804
234 0.1203620686
235 0.1203865569
236 0.1204110451
237 0.1204355334
238 0.1204600216
239 0.1204845099
240 0.1205089981
241 0.1205334864
242 0.1205579746
243 0.1205824629
244 0.1206069511
245 0.1206314394
246 0.1206559276
247 0.1206804158
248 0.1207049041
249 0.1207293923
250 0.1207538806
251 0.1207783688
252 0.1208028571
253 0.1208273453
254 0.1208518336
255 0.1208763218
256 0.1209008101
257 0.1209252983
258 0.1209497866
259 0.1209742748
260 0.1209987631
261 0.1210232513
262 0.1210477395
263 0.1210722278
264 0.121096716
265 0.1211212043
266 0.1211456925
267 0.1211701808
268 0.121194669
269 0.1212191573
270 0.1212436455
271 0.1212681338
272 0.121292622
273 0.1213171103
274 0.1213415985
275 0.1213660867
276 0.121390575
277 0.1214150632
278 0.1214395515
279 0.1214640397
280 0.1214797122
281 0.1214953847
282 0.1215110571
283 0.1215267296
284 0.1215424021
285 0.1215580745
286 0.121573747
287 0.1215894195
288 0.121605092
289 0.1216207644
290 0.1216364369
291 0.1216521094
292 0.1216677818
293 0.1216834543
294 0.1216991268
295 0.1217147992
296 0.1217304717
297 0.1217461442
298 0.1217618166
299 0.1217774891
300 0.1217931616
301 0.121808834
302 0.1218245065
303 0.121840179
304 0.1218558514
305 0.1218715239
306 0.1218871964
307 0.1219028689
308 0.1219185413
309 0.1219342138
310 0.1219498863
311 0.1219655587
312 0.1219812312
313 0.1219969037
314 0.1220125761
315 0.1220282486
316 0.1220439211
317 0.1220595935
318 0.122075266
319 0.1220909385
320 0.1221066109
321 0.1221222834
322 0.1221379559
323 0.1221536284
324 0.1221693008
325 0.1221849733
326 0.1222006458
327 0.1222163182
328 0.1222319907
329 0.1222476632
330 0.1222633356
331 0.1222790081
332 0.1222946806
333 0.122310353
334 0.1223260255
335 0.122341698
336 0.1223573704
337 0.1223730429
338 0.1223887154
339 0.1224043879
340 0.1224200603
341 0.1224357328
342 0.1224514053
343 0.1224670777
344 0.1224827502
345 0.1224984227
346 0.1225140951
347 0.1225297676
348 0.1225454401
349 0.1225611125
350 0.122576785
351 0.1225924575
352 0.1226081299
353 0.1226238024
354 0.1226394749
355 0.1226551474
356 0.1226708198
357 0.1226864923
358 0.1227021648
359 0.1227178372
360 0.1227335097
361 0.1227491822
362 0.1227648546
363 0.1227805271
364 0.1227961996
365 0.122811872
366 0.1228275445
367 0.122843217
368 0.1228588894
369 0.1228745619
370 0.1228902344
371 0.1228928934
372 0.1228955524
373 0.1228982115
374 0.1229008705
375 0.1229035295
376 0.1229061886
377 0.1229088476
378 0.1229115066
379 0.1229141657
380 0.1229168247
381 0.1229194837
382 0.1229221427
383 0.1229248018
384 0.1229274608
385 0.1229301198
386 0.1229327789
387 0.1229354379
388 0.1229380969
389 0.122940756
390 0.122943415
391 0.122946074
392 0.122948733
393 0.1229513921
394 0.1229540511
395 0.1229567101
396 0.1229593692
397 0.1229620282
398 0.1229646872
399 0.1229673463
400 0.1229700053
401 0.1229726643
402 0.1229753233
403 0.1229779824
404 0.1229806414
405 0.1229833004
406 0.1229859595
407 0.1229886185
408 0.1229912775
409 0.1229939366
410 0.1229965956
411 0.1229992546
412 0.1230019136
413 0.1230045727
414 0.1230072317
415 0.1230098907
416 0.1230125498
417 0.1230152088
418 0.1230178678
419 0.1230205269
420 0.1230231859
421 0.1230258449
422 0.1230285039
423 0.123031163
424 0.123033822
425 0.123036481
426 0.1230391401
427 0.1230417991
428 0.1230444581
429 0.1230471172
430 0.1230497762
431 0.1230524352
432 0.1230550942
433 0.1230577533
434 0.1230604123
435 0.1230630713
436 0.1230657304
437 0.1230683894
438 0.1230710484
439 0.1230737075
440 0.1230763665
441 0.1230790255
442 0.1230816845
443 0.1230843436
444 0.1230870026
445 0.1230896616
446 0.1230923207
447 0.1230949797
448 0.1230976387
449 0.1231002978
450 0.1231029568
451 0.1231056158
452 0.1231082748
453 0.1231109339
454 0.1231135929
455 0.1231162519
456 0.123118911
457 0.12312157
458 0.123124229
459 0.1231268881
460 0.1231295471
461 0.1231322061
462 0.1231348651
463 0.1231375242
464 0.1231401832
465 0.1231428422
466 0.1231455013
467 0.1231481603
468 0.1231508193
469 0.1231534784
470 0.1231561374
471 0.1231587964
472 0.1231614554
473 0.1231641145
474 0.1231667735
475 0.1231694325
476 0.1231720916
477 0.1231747506
478 0.1231774096
479 0.1231800687
480 0.1231827277
481 0.1231853867
482 0.1231880457
483 0.1231907048
484 0.1231933638
485 0.1231960228
486 0.1231986819
487 0.1232013409
488 0.1232039999
489 0.123206659
490 0.123209318
491 0.123211977
492 0.123214636
493 0.1232172951
494 0.1232199541
495 0.1232226131
496 0.1232252722
497 0.1232279312
498 0.1232305902
499 0.1232332493
500 0.1232359083
501 0.1232385673
502 0.1232412263
503 0.1232438854
504 0.1232465444
505 0.1232492034
506 0.1232518625
507 0.1232545215
508 0.1232571805
509 0.1232598396
510 0.1232624986
511 0.1232651576
512 0.1232678166
513 0.1232704757
514 0.1232731347
515 0.1232757937
516 0.1232784528
517 0.1232811118
518 0.1232837708
519 0.1232864299
520 0.1232890889
521 0.1232917479
522 0.1232944069
523 0.123297066
524 0.123299725
525 0.123302384
526 0.1233050431
527 0.1233077021
528 0.1233103611
529 0.1233130202
530 0.1233156792
531 0.1233183382
532 0.1233209972
533 0.1233236563
534 0.1233263153
535 0.1233289743
536 0.1233316334
537 0.1233342924
538 0.1233369514
539 0.1233396105
540 0.1233422695
541 0.1233449285
542 0.1233475875
543 0.1233502466
544 0.1233529056
545 0.1233555646
546 0.1233582237
547 0.1233608827
548 0.1233635417
549 0.1233662008
550 0.1233688598
551 0.1233715188
552 0.1233741778
553 0.1233768369
554 0.1233794959
555 0.1233821549
556 0.123384814
557 0.123387473
558 0.1233898599
559 0.1233922468
560 0.1233946336
561 0.1233970205
562 0.1233994074
563 0.1234017943
564 0.1234041812
565 0.1234065681
566 0.123408955
567 0.1234113418
568 0.1234137287
569 0.1234161156
570 0.1234185025
571 0.1234208894
572 0.1234232763
573 0.1234256631
574 0.12342805
575 0.1234304369
576 0.1234328238
577 0.1234352107
578 0.1234375976
579 0.1234399845
580 0.1234423713
581 0.1234447582
582 0.1234471451
583 0.123449532
584 0.1234519189
585 0.1234543058
586 0.1234566926
587 0.1234590795
588 0.1234614664
589 0.1234638533
590 0.1234662402
591 0.1234686271
592 0.1234710139
593 0.1234734008
594 0.1234757877
595 0.1234781746
596 0.1234805615
597 0.1234829484
598 0.1234853353
599 0.1234877221
600 0.123490109
601 0.1234924959
602 0.1234948828
603 0.1234972697
604 0.1234996566
605 0.1235020434
606 0.1235044303
607 0.1235068172
608 0.1235092041
609 0.123511591
610 0.1235139779
611 0.1235163648
612 0.1235187516
613 0.1235211385
614 0.1235235254
615 0.1235259123
616 0.1235282992
617 0.1235306861
618 0.1235330729
619 0.1235354598
620 0.1235378467
621 0.1235402336
622 0.1235426205
623 0.1235450074
624 0.1235473942
625 0.1235497811
626 0.123552168
627 0.1235545549
628 0.1235569418
629 0.1235593287
630 0.1235617156
631 0.1235641024
632 0.1235664893
633 0.1235688762
634 0.1235712631
635 0.12357365
636 0.1235760369
637 0.1235784237
638 0.1235808106
639 0.1235831975
640 0.1235855844
641 0.1235879713
642 0.1235903582
643 0.123592745
644 0.1235951319
645 0.1235975188
646 0.1235999057
647 0.1236022926
648 0.1236046795
649 0.1236070664
650 0.1236094532
651 0.1236118401
652 0.123614227
653 0.1236166139
654 0.1236190008
655 0.1236213877
656 0.1236237745
657 0.1236261614
658 0.1236285483
659 0.1236309352
660 0.1236333221
661 0.123635709
662 0.1236380959
663 0.1236404827
664 0.1236428696
665 0.1236452565
666 0.1236476434
667 0.1236500303
668 0.1236524172
669 0.123654804
670 0.1236571909
671 0.1236595778
672 0.1236619647
673 0.1236643516
674 0.1236667385
675 0.1236691253
676 0.1236715122
677 0.1236738991
678 0.123676286
679 0.1236786729
680 0.1236810598
681 0.1236834467
682 0.1236858335
683 0.1236882204
684 0.1236906073
685 0.1236929942
686 0.1236953811
687 0.123697768
688 0.1237001548
689 0.1237025417
690 0.1237049286
691 0.1237073155
692 0.1237097024
693 0.1237120893
694 0.1237144762
695 0.123716863
696 0.1237192499
697 0.1237216368
698 0.1237240237
699 0.1237264106
700 0.1237287975
701 0.1237311843
702 0.1237335712
703 0.1237359581
704 0.123738345
705 0.1237407319
706 0.1237431188
707 0.1237455056
708 0.1237478925
709 0.1237502794
710 0.1237526663
711 0.1237550532
712 0.1237574401
713 0.123759827
714 0.1237622138
715 0.1237646007
716 0.1237669876
717 0.1237693745
718 0.1237717614
719 0.1237741483
720 0.1237765351
721 0.123778922
722 0.1237813089
723 0.1237836958
724 0.1237860827
725 0.1237884696
726 0.1237908565
727 0.1237932433
728 0.1237956302
729 0.1237980171
730 0.123800404
731 0.1238027909
732 0.1238051778
733 0.1238075646
734 0.1238099515
735 0.1238123384
736 0.1238147253
737 0.1238171122
738 0.1238194991
739 0.1238176629
740 0.1238158268
741 0.1238139907
742 0.1238121545
743 0.1238103184
744 0.1238084823
745 0.1238066461
746 0.12380481
747 0.1238029739
748 0.1238011377
749 0.1237993016
750 0.1237974655
751 0.1237956293
752 0.1237937932
753 0.1237919571
754 0.1237901209
755 0.1237882848
756 0.1237864487
757 0.1237846125
758 0.1237827764
759 0.1237809403
760 0.1237791041
761 0.123777268
762 0.1237754319
763 0.1237735957
764 0.1237717596
765 0.1237699235
766 0.1237680873
767 0.1237662512
768 0.1237644151
769 0.1237625789
770 0.1237607428
771 0.1237589067
772 0.1237570705
773 0.1237552344
774 0.1237533983
775 0.1237515621
776 0.123749726
777 0.1237478899
778 0.1237460537
779 0.1237442176
780 0.1237423815
781 0.1237405453
782 0.1237387092
783 0.1237368731
784 0.1237350369
785 0.1237332008
786 0.1237313647
787 0.1237295286
788 0.1237276924
789 0.1237258563
790 0.1237240202
791 0.123722184
792 0.1237203479
793 0.1237185118
794 0.1237166756
795 0.1237148395
796 0.1237130034
797 0.1237111672
798 0.1237093311
799 0.123707495
800 0.1237056588
801 0.1237038227
802 0.1237019866
803 0.1237001504
804 0.1236983143
805 0.1236964782
806 0.123694642
807 0.1236928059
808 0.1236909698
809 0.1236891336
810 0.1236872975
811 0.1236854614
812 0.1236836252
813 0.1236817891
814 0.123679953
815 0.1236781168
816 0.1236762807
817 0.1236744446
818 0.1236726084
819 0.1236707723
820 0.1236689362
821 0.1236671
822 0.1236652639
823 0.1236634278
824 0.1236615916
825 0.1236597555
826 0.1236579194
827 0.1236560832
828 0.1236542471
829 0.123652411
830 0.1236505748
831 0.1236487387
832 0.1236469026
833 0.1236450664
834 0.1236432303
835 0.1236413942
836 0.123639558
837 0.1236377219
838 0.1236358858
839 0.1236340496
840 0.1236322135
841 0.1236303774
842 0.1236285412
843 0.1236267051
844 0.123624869
845 0.1236230328
846 0.1236211967
847 0.1236193606
848 0.1236175244
849 0.1236156883
850 0.1236138522
851 0.123612016
852 0.1236101799
853 0.1236083438
854 0.1236065076
855 0.1236046715
856 0.1236028354
857 0.1236009992
858 0.1235991631
859 0.123597327
860 0.1235954908
861 0.1235936547
862 0.1235918186
863 0.1235899824
864 0.1235881463
865 0.1235863102
866 0.1235844741
867 0.1235826379
868 0.1235808018
869 0.1235789657
870 0.1235771295
871 0.1235752934
872 0.1235734573
873 0.1235716211
874 0.123569785
875 0.1235679489
876 0.1235661127
877 0.1235642766
878 0.1235624405
879 0.1235606043
880 0.1235587682
881 0.1235569321
882 0.1235550959
883 0.1235532598
884 0.1235514237
885 0.1235495875
886 0.1235477514
887 0.1235459153
888 0.1235440791
889 0.123542243
890 0.1235404069
891 0.1235385707
892 0.1235367346
893 0.1235348985
894 0.1235330623
895 0.1235312262
896 0.1235293901
897 0.1235275539
898 0.1235257178
899 0.1235238817
900 0.1235220455
901 0.1235202094
902 0.1235183733
903 0.1235165371
904 0.123514701
905 0.1235128649
906 0.1235110287
907 0.1235091926
908 0.1235073565
909 0.1235055203
910 0.1235036842
911 0.1235018481
912 0.1235000119
913 0.1234981758
914 0.1234963397
915 0.1234945035
916 0.1234926674
917 0.1234908313
918 0.1234889951
919 0.123487159
920 0.1234853229
921 0.1234834867
922 0.1234816506
923 0.1234798145
924 0.1234779783
925 0.1234761422
926 0.1234743061
927 0.1234724699
928 0.1234706338
929 0.1234687977
930 0.1234669615
931 0.1234651254
932 0.1234632893
933 0.1234614531
934 0.123459617
935 0.1234577809
936 0.1234559447
937 0.1234541086
938 0.1234522725
939 0.1234504363
940 0.1234486002
941 0.1234467641
942 0.1234449279
943 0.1234430918
944 0.1234412557
945 0.1234394196
946 0.1234375834
947 0.1234357473
948 0.1234339112
949 0.123432075
950 0.1234302389
951 0.1234284028
952 0.1234265666
953 0.1234247305
954 0.1234228944
955 0.1234210582
956 0.1234192221
957 0.123417386
958 0.1234155498
959 0.1234137137
960 0.1234118776
961 0.1234100414
962 0.1234082053
963 0.1234063692
964 0.123404533
965 0.1234026969
966 0.1234008608
967 0.1233990246
968 0.1233971885
969 0.1233953524
970 0.1233935162
971 0.1233916801
972 0.123389844
973 0.1233880078
974 0.1233861717
975 0.1233843356
976 0.1233824994
977 0.1233806633
978 0.1233788272
979 0.123376991
980 0.1233751549
981 0.1233733188
982 0.1233714826
983 0.1233696465
984 0.1233678104
985 0.1233659742
986 0.1233641381
987 0.123362302
988 0.1233604658
989 0.1233586297
990 0.1233567936
991 0.1233549574
992 0.1233531213
993 0.1233512852
994 0.123349449
995 0.1233476129
996 0.1233457768
997 0.1233439406
998 0.1233421045
999 0.1233402684
1000 0.1233384322
1001 0.1233365961
1002 0.12333476
1003 0.1233329238
1004 0.1233310877
1005 0.1233292516
1006 0.1233274154
1007 0.1233255793
1008 0.1233237432
1009 0.123321907
1010 0.1233200709
1011 0.1233182348
1012 0.1233163986
1013 0.1233145625
1014 0.1233127264
1015 0.1233108902
1016 0.1233090541
1017 0.123307218
1018 0.1233053818
1019 0.1233035457
1020 0.1233017096
1021 0.1232998734
1022 0.1232980373
1023 0.1232962012
1024 0.1232943651
1025 0.1232925289
1026 0.1232906928
1027 0.1232888567
1028 0.1232870205
1029 0.1232851844
1030 0.1232833483
1031 0.1232815121
1032 0.123279676
1033 0.1232778399
1034 0.1232760037
1035 0.1232741676
1036 0.1232723315
1037 0.1232704953
1038 0.1232686592
1039 0.1232668231
1040 0.1232649869
1041 0.1232631508
1042 0.1232613147
1043 0.1232594785
1044 0.1232576424
1045 0.1232558063
1046 0.1232539701
1047 0.123252134
1048 0.1232502979
1049 0.1232484617
1050 0.1232466256
1051 0.1232447895
1052 0.1232429533
1053 0.1232411172
1054 0.1232392811
1055 0.1232374449
1056 0.1232356088
1057 0.1232337727
1058 0.1232319365
1059 0.1232301004
1060 0.1232282643
1061 0.1232264281
1062 0.123224592
1063 0.1232227559
1064 0.1232209197
1065 0.1232190836
1066 0.1232172475
1067 0.1232154113
1068 0.1232135752
1069 0.1232117391
1070 0.1232099029
1071 0.1232080668
1072 0.1232062307
1073 0.1232043945
1074 0.1232025584
1075 0.1232007223
1076 0.1231988861
1077 0.12319705
1078 0.1231952139
1079 0.1231933777
1080 0.1231915416
1081 0.1231897055
1082 0.1231878693
1083 0.1231860332
1084 0.1231841971
1085 0.1231823609
1086 0.1231805248
1087 0.1231786887
1088 0.1231768525
1089 0.1231750164
1090 0.1231731803
1091 0.1231713441
1092 0.123169508
1093 0.1231676719
1094 0.1231658357
1095 0.1231639996
1096 0.1231621635
1097 0.1231603273
1098 0.1231584912
1099 0.1231566551
1100 0.123154819
1101 0.1231529828
1102 0.1231511467
1103 0.1231555003
1104 0.1231598538
1105 0.1231642074
1106 0.123168561
1107 0.1231729146
1108 0.1231772681
1109 0.1231816217
1110 0.1231859753
1111 0.1231903289
1112 0.1231946825
1113 0.123199036
1114 0.1232033896
1115 0.1232077432
1116 0.1232120968
1117 0.1232164503
1118 0.1232208039
1119 0.1232251575
1120 0.1232295111
1121 0.1232338647
1122 0.1232382182
1123 0.1232425718
1124 0.1232469254
1125 0.123251279
1126 0.1232556325
1127 0.1232599861
1128 0.1232643397
1129 0.1232686933
1130 0.1232730469
1131 0.1232774004
1132 0.123281754
1133 0.1232861076
1134 0.1232904612
1135 0.1232948147
1136 0.1232991683
1137 0.1233035219
1138 0.1233078755
1139 0.1233122291
1140 0.1233165826
1141 0.1233209362
1142 0.1233252898
1143 0.1233296434
1144 0.1233339969
1145 0.1233383505
1146 0.1233427041
1147 0.1233470577
1148 0.1233514113
1149 0.1233557648
1150 0.1233601184
1151 0.123364472
1152 0.1233688256
1153 0.1233731791
1154 0.1233775327
1155 0.1233818863
1156 0.1233862399
1157 0.1233905935
1158 0.123394947
1159 0.1233993006
1160 0.1234036542
1161 0.1234080078
1162 0.1234123613
1163 0.1234167149
1164 0.1234210685
1165 0.1234254221
1166 0.1234297757
1167 0.1234341292
1168 0.1234384828
1169 0.1234428364
1170 0.12344719
1171 0.1234515435
1172 0.1234558971
1173 0.1234602507
1174 0.1234646043
1175 0.1234689579
1176 0.1234733114
1177 0.123477665
1178 0.1234820186
1179 0.1234863722
1180 0.1234907257
1181 0.1234950793
1182 0.1234994329
1183 0.1235037865
1184 0.1235081401
1185 0.1235124936
1186 0.1235168472
1187 0.1235212008
1188 0.1235255544
1189 0.1235299079
1190 0.1235342615
1191 0.1235386151
1192 0.1235429687
1193 0.1235473222
1194 0.1235516758
1195 0.1235560294
1196 0.123560383
1197 0.1235647366
1198 0.1235690901
1199 0.1235734437
1200 0.1235777973
1201 0.1235821509
1202 0.1235865044
1203 0.123590858
1204 0.1235952116
1205 0.1235995652
1206 0.1236039188
1207 0.1236082723
1208 0.1236126259
1209 0.1236169795
1210 0.1236213331
1211 0.1236256866
1212 0.1236300402
1213 0.1236343938
1214 0.1236387474
1215 0.123643101
1216 0.1236474545
1217 0.1236518081
1218 0.1236561617
1219 0.1236605153
1220 0.1236648688
1221 0.1236692224
1222 0.123673576
1223 0.1236779296
1224 0.1236822832
1225 0.1236866367
1226 0.1236909903
1227 0.1236953439
1228 0.1236996975
1229 0.123704051
1230 0.1237084046
1231 0.1237127582
1232 0.1237171118
1233 0.1237214654
1234 0.1237258189
1235 0.1237301725
1236 0.1237345261
1237 0.1237388797
1238 0.1237432332
1239 0.1237475868
1240 0.1237519404
1241 0.123756294
1242 0.1237606476
1243 0.1237650011
1244 0.1237693547
1245 0.1237737083
1246 0.1237780619
1247 0.1237824154
1248 0.123786769
1249 0.1237911226
1250 0.1237954762
1251 0.1237998298
1252 0.1238041833
1253 0.1238085369
1254 0.1238128905
1255 0.1238172441
1256 0.1238215976
1257 0.1238259512
1258 0.1238303048
1259 0.1238346584
1260 0.123839012
1261 0.1238433655
1262 0.1238477191
1263 0.1238520727
1264 0.1238564263
1265 0.1238607798
1266 0.1238651334
1267 0.123869487
1268 0.1238738406
1269 0.1238781941
1270 0.1238825477
1271 0.1238869013
1272 0.1238912549
1273 0.1238956085
1274 0.123899962
1275 0.1239043156
1276 0.1239086692
1277 0.1239130228
1278 0.1239173763
1279 0.1239217299
1280 0.1239260835
1281 0.1239304371
1282 0.1239347907
1283 0.1239391442
1284 0.1239434978
1285 0.1239478514
1286 0.123952205
1287 0.1239565585
1288 0.1239609121
1289 0.1239652657
1290 0.1239696193
1291 0.1239739729
1292 0.1239783264
1293 0.12398268
1294 0.1239870336
1295 0.1239913872
1296 0.1239957407
1297 0.1240000943
1298 0.1240044479
1299 0.1240088015
1300 0.1240131551
1301 0.1240175086
1302 0.1240218622
1303 0.1240262158
1304 0.1240305694
1305 0.1240349229
1306 0.1240392765
1307 0.1240436301
1308 0.1240479837
1309 0.1240523373
1310 0.1240566908
1311 0.1240610444
1312 0.124065398
1313 0.1240697516
1314 0.1240741051
1315 0.1240784587
1316 0.1240828123
1317 0.1240871659
1318 0.1240915195
1319 0.124095873
1320 0.1241002266
1321 0.1241045802
1322 0.1241089338
1323 0.1241132873
1324 0.1241176409
1325 0.1241219945
1326 0.1241263481
1327 0.1241307017
1328 0.1241350552
1329 0.1241394088
1330 0.1241437624
1331 0.124148116
1332 0.1241524695
1333 0.1241568231
1334 0.1241611767
1335 0.1241655303
1336 0.1241698839
1337 0.1241742374
1338 0.124178591
1339 0.1241829446
1340 0.1241872982
1341 0.1241916517
1342 0.1241960053
1343 0.1242003589
1344 0.1242047125
1345 0.124209066
1346 0.1242134196
1347 0.1242177732
1348 0.1242221268
1349 0.1242264804
1350 0.1242308339
1351 0.1242351875
1352 0.1242395411
1353 0.1242438947
1354 0.1242482482
1355 0.1242526018
1356 0.1242569554
1357 0.124261309
1358 0.1242656626
1359 0.1242700161
1360 0.1242743697
1361 0.1242787233
1362 0.1242830769
1363 0.1242874304
1364 0.124291784
1365 0.1242961376
1366 0.1243004912
1367 0.1243048448
1368 0.1243091983
1369 0.1243135519
1370 0.1243179055
1371 0.1243222591
1372 0.1243266126
1373 0.1243309662
1374 0.1243353198
1375 0.1243396734
1376 0.124344027
1377 0.1243483805
1378 0.1243527341
1379 0.1243570877
1380 0.1243614413
1381 0.1243657948
1382 0.1243701484
1383 0.124374502
1384 0.1243788556
1385 0.1243832092
1386 0.1243875627
1387 0.1243919163
1388 0.1243962699
1389 0.1244006235
1390 0.124404977
1391 0.1244093306
1392 0.1244136842
1393 0.1244180378
1394 0.1244223914
1395 0.1244267449
1396 0.1244310985
1397 0.1244354521
1398 0.1244398057
1399 0.1244441592
1400 0.1244485128
1401 0.1244528664
1402 0.12445722
1403 0.1244615736
1404 0.1244659271
1405 0.1244702807
1406 0.1244746343
1407 0.1244789879
1408 0.1244833414
1409 0.124487695
1410 0.1244920486
1411 0.1244964022
1412 0.1245007558
1413 0.1245051093
1414 0.1245094629
1415 0.1245138165
1416 0.1245181701
1417 0.1245225236
1418 0.1245268772
1419 0.1245312308
1420 0.1245355844
1421 0.1245399379
1422 0.1245442915
1423 0.1245486451
1424 0.1245529987
1425 0.1245573523
1426 0.1245617058
1427 0.1245660594
1428 0.124570413
1429 0.1245747666
1430 0.1245791201
1431 0.1245834737
1432 0.1245878273
1433 0.1245921809
1434 0.1245965345
1435 0.124600888
1436 0.1246052416
1437 0.1246095952
1438 0.1246139488
1439 0.1246183023
1440 0.1246226559
1441 0.1246270095
1442 0.1246313631
1443 0.1246357167
1444 0.1246400702
1445 0.1246444238
1446 0.1246487774
1447 0.124653131
1448 0.1246574845
1449 0.1246618381
1450 0.1246661917
1451 0.1246705453
1452 0.1246748989
1453 0.1246792524
1454 0.124683606
1455 0.1246879596
1456 0.1246923132
1457 0.1246966667
1458 0.1247010203
1459 0.1247053739
1460 0.1247097275
1461 0.1247140811
1462 0.1247184346
1463 0.1247227882
1464 0.1247271418
1465 0.1247314954
1466 0.1247358489
1467 0.1247402025
1468 0.124746335
1469 0.1247524676
1470 0.1247586001
1471 0.1247647326
1472 0.1247708652
1473 0.1247769977
1474 0.1247831302
1475 0.1247892628
1476 0.1247953953
1477 0.1248015278
1478 0.1248076603
1479 0.1248137929
1480 0.1248199254
1481 0.1248260579
1482 0.1248321905
1483 0.124838323
1484 0.1248444555
1485 0.124850588
1486 0.1248567206
1487 0.1248628531
1488 0.1248689856
1489 0.1248751182
1490 0.1248812507
1491 0.1248873832
1492 0.1248935158
1493 0.1248996483
1494 0.1249057808
1495 0.1249119133
1496 0.1249180459
1497 0.1249241784
1498 0.1249303109
1499 0.1249364435
1500 0.124942576
1501 0.1249487085
1502 0.124954841
1503 0.1249609736
1504 0.1249671061
1505 0.1249732386
1506 0.1249793712
1507 0.1249855037
1508 0.1249916362
1509 0.1249977687
1510 0.1250039013
1511 0.1250100338
1512 0.1250161663
1513 0.1250222989
1514 0.1250284314
1515 0.1250345639
1516 0.1250406965
1517 0.125046829
1518 0.1250529615
1519 0.125059094
1520 0.1250652266
1521 0.1250713591
1522 0.1250774916
1523 0.1250836242
1524 0.1250897567
1525 0.1250958892
1526 0.1251020217
1527 0.1251081543
1528 0.1251142868
1529 0.1251204193
1530 0.1251265519
1531 0.1251326844
1532 0.1251388169
1533 0.1251449495
1534 0.125151082
1535 0.1251572145
1536 0.125163347
1537 0.1251694796
1538 0.1251756121
1539 0.1251817446
1540 0.1251878772
1541 0.1251940097
1542 0.1252001422
1543 0.1252062747
1544 0.1252124073
1545 0.1252185398
1546 0.1252246723
1547 0.1252308049
1548 0.1252369374
1549 0.1252430699
1550 0.1252492024
1551 0.125255335
1552 0.1252614675
1553 0.1252676
1554 0.1252737326
1555 0.1252798651
1556 0.1252859976
1557 0.1252921302
1558 0.1252982627
1559 0.1253043952
1560 0.1253105277
1561 0.1253166603
1562 0.1253227928
1563 0.1253289253
1564 0.1253350579
1565 0.1253411904
1566 0.1253473229
1567 0.1253534554
1568 0.125359588
1569 0.1253657205
1570 0.125371853
1571 0.1253779856
1572 0.1253841181
1573 0.1253902506
1574 0.1253963831
1575 0.1254025157
1576 0.1254086482
1577 0.1254147807
1578 0.1254209133
1579 0.1254270458
1580 0.1254331783
1581 0.1254393109
1582 0.1254454434
1583 0.1254515759
1584 0.1254577084
1585 0.125463841
1586 0.1254699735
1587 0.125476106
1588 0.1254822386
1589 0.1254883711
1590 0.1254945036
1591 0.1255006361
1592 0.1255067687
1593 0.1255129012
1594 0.1255190337
1595 0.1255251663
1596 0.1255312988
1597 0.1255374313
1598 0.1255435639
1599 0.1255496964
1600 0.1255558289
1601 0.1255619614
1602 0.125568094
1603 0.1255742265
1604 0.125580359
1605 0.1255864916
1606 0.1255926241
1607 0.1255987566
1608 0.1256048891
1609 0.1256110217
1610 0.1256171542
1611 0.1256232867
1612 0.1256294193
1613 0.1256355518
1614 0.1256416843
1615 0.1256478168
1616 0.1256539494
1617 0.1256600819
1618 0.1256662144
1619 0.125672347
1620 0.1256784795
1621 0.125684612
1622 0.1256907446
1623 0.1256968771
1624 0.1257030096
1625 0.1257091421
1626 0.1257152747
1627 0.1257214072
1628 0.1257275397
1629 0.1257336723
1630 0.1257398048
1631 0.1257459373
1632 0.1257520698
1633 0.1257582024
1634 0.1257643349
1635 0.1257704674
1636 0.1257766
1637 0.1257827325
1638 0.125788865
1639 0.1257949976
1640 0.1258011301
1641 0.1258072626
1642 0.1258133951
1643 0.1258195277
1644 0.1258256602
1645 0.1258317927
1646 0.1258379253
1647 0.1258440578
1648 0.1258501903
1649 0.1258563228
1650 0.1258624554
1651 0.1258685879
1652 0.1258747204
1653 0.125880853
1654 0.1258869855
1655 0.125893118
1656 0.1258992505
1657 0.1259053831
1658 0.1259115156
1659 0.1259176481
1660 0.1259237807
1661 0.1259299132
1662 0.1259360457
1663 0.1259421783
1664 0.1259483108
1665 0.1259544433
1666 0.1259605758
1667 0.1259667084
1668 0.1259728409
1669 0.1259789734
1670 0.125985106
1671 0.1259912385
1672 0.125997371
1673 0.1260035035
1674 0.1260096361
1675 0.1260157686
1676 0.1260219011
1677 0.1260280337
1678 0.1260341662
1679 0.1260402987
1680 0.1260464312
1681 0.1260525638
1682 0.1260586963
1683 0.1260648288
1684 0.1260709614
1685 0.1260770939
1686 0.1260832264
1687 0.126089359
1688 0.1260954915
1689 0.126101624
1690 0.1261077565
1691 0.1261138891
1692 0.1261200216
1693 0.1261261541
1694 0.1261322867
1695 0.1261384192
1696 0.1261445517
1697 0.1261506842
1698 0.1261568168
1699 0.1261629493
1700 0.1261690818
1701 0.1261752144
1702 0.1261813469
1703 0.1261874794
1704 0.126193612
1705 0.1261997445
1706 0.126205877
1707 0.1262120095
1708 0.1262181421
1709 0.1262242746
1710 0.1262304071
1711 0.1262365397
1712 0.1262426722
1713 0.1262488047
1714 0.1262549372
1715 0.1262610698
1716 0.1262672023
1717 0.1262733348
1718 0.1262794674
1719 0.1262855999
1720 0.1262917324
1721 0.1262978649
1722 0.1263039975
1723 0.12631013
1724 0.1263162625
1725 0.1263223951
1726 0.1263285276
1727 0.1263346601
1728 0.1263407927
1729 0.1263469252
1730 0.1263530577
1731 0.1263591902
1732 0.1263653228
1733 0.1263714553
1734 0.1263775878
1735 0.1263837204
1736 0.1263898529
1737 0.1263959854
1738 0.1264021179
1739 0.1264082505
1740 0.126414383
1741 0.1264205155
1742 0.1264266481
1743 0.1264327806
1744 0.1264389131
1745 0.1264450457
1746 0.1264511782
1747 0.1264573107
1748 0.1264634432
1749 0.1264695758
1750 0.1264757083
1751 0.1264818408
1752 0.1264879734
1753 0.1264941059
1754 0.1265002384
1755 0.1265063709
1756 0.1265125035
1757 0.126518636
1758 0.1265247685
1759 0.1265309011
1760 0.1265370336
1761 0.1265431661
1762 0.1265492986
1763 0.1265554312
1764 0.1265615637
1765 0.1265676962
1766 0.1265738288
1767 0.1265799613
1768 0.1265860938
1769 0.1265922264
1770 0.1265983589
1771 0.1266044914
1772 0.1266106239
1773 0.1266167565
1774 0.126622889
1775 0.1266290215
1776 0.1266351541
1777 0.1266412866
1778 0.1266474191
1779 0.1266535516
1780 0.1266596842
1781 0.1266658167
1782 0.1266719492
1783 0.1266780818
1784 0.1266842143
1785 0.1266903468
1786 0.1266964794
1787 0.1267026119
1788 0.1267087444
1789 0.1267148769
1790 0.1267210095
1791 0.126727142
1792 0.1267332745
1793 0.1267394071
1794 0.1267455396
1795 0.1267516721
1796 0.1267578046
1797 0.1267639372
1798 0.1267700697
1799 0.1267762022
1800 0.1267823348
1801 0.1267884673
1802 0.1267945998
1803 0.1268007323
1804 0.1268068649
1805 0.1268129974
1806 0.1268191299
1807 0.1268252625
1808 0.126831395
1809 0.1268375275
1810 0.1268436601
1811 0.1268497926
1812 0.1268559251
1813 0.1268620576
1814 0.1268681902
1815 0.1268743227
1816 0.1268804552
1817 0.1268865878
1818 0.1268927203
1819 0.1268988528
1820 0.1269049853
1821 0.1269111179
1822 0.1269172504
1823 0.1269233829
1824 0.1269295155
1825 0.126935648
1826 0.1269417805
1827 0.126947913
1828 0.1269540456
1829 0.1269601781
1830 0.1269663106
1831 0.1269724432
1832 0.1269844924
1833 0.1269965416
1834 0.1270085908
1835 0.1270206401
1836 0.1270326893
1837 0.1270447385
1838 0.1270567877
1839 0.127068837
1840 0.1270808862
1841 0.1270929354
1842 0.1271049846
1843 0.1271170339
1844 0.1271290831
1845 0.1271411323
1846 0.1271531815
1847 0.1271652308
1848 0.12717728
1849 0.1271893292
1850 0.1272013784
1851 0.1272134277
1852 0.1272254769
1853 0.1272375261
1854 0.1272495753
1855 0.1272616245
1856 0.1272736738
1857 0.127285723
1858 0.1272977722
1859 0.1273098214
1860 0.1273218707
1861 0.1273339199
1862 0.1273459691
1863 0.1273580183
1864 0.1273700676
1865 0.1273821168
1866 0.127394166
1867 0.1274062152
1868 0.1274182645
1869 0.1274303137
1870 0.1274423629
1871 0.1274544121
1872 0.1274664614
1873 0.1274785106
1874 0.1274905598
1875 0.127502609
1876 0.1275146583
1877 0.1275267075
1878 0.1275387567
1879 0.1275508059
1880 0.1275628552
1881 0.1275749044
1882 0.1275869536
1883 0.1275990028
1884 0.1276110521
1885 0.1276231013
1886 0.1276351505
1887 0.1276471997
1888 0.1276592489
1889 0.1276712982
1890 0.1276833474
1891 0.1276953966
1892 0.1277074458
1893 0.1277194951
1894 0.1277315443
1895 0.1277435935
1896 0.1277556427
1897 0.127767692
1898 0.1277797412
1899 0.1277917904
1900 0.1278038396
1901 0.1278158889
1902 0.1278279381
1903 0.1278399873
1904 0.1278520365
1905 0.1278640858
1906 0.127876135
1907 0.1278881842
1908 0.1279002334
1909 0.1279122827
1910 0.1279243319
1911 0.1279363811
1912 0.1279484303
1913 0.1279604796
1914 0.1279725288
1915 0.127984578
1916 0.1279966272
1917 0.1280086765
1918 0.1280207257
1919 0.1280327749
1920 0.1280448241
1921 0.1280568733
1922 0.1280689226
1923 0.1280809718
1924 0.128093021
1925 0.1281050702
1926 0.1281171195
1927 0.1281291687
1928 0.1281412179
1929 0.1281532671
1930 0.1281653164
1931 0.1281773656
1932 0.1281894148
1933 0.128201464
1934 0.1282135133
1935 0.1282255625
1936 0.1282376117
1937 0.1282496609
1938 0.1282617102
1939 0.1282737594
1940 0.1282858086
1941 0.1282978578
1942 0.1283099071
1943 0.1283219563
1944 0.1283340055
1945 0.1283460547
1946 0.128358104
1947 0.1283701532
1948 0.1283822024
1949 0.1283942516
1950 0.1284063009
1951 0.1284183501
1952 0.1284303993
1953 0.1284424485
1954 0.1284544978
1955 0.128466547
1956 0.1284785962
1957 0.1284906454
1958 0.1285026946
1959 0.1285147439
1960 0.1285267931
1961 0.1285388423
1962 0.1285508915
1963 0.1285629408
1964 0.12857499
1965 0.1285870392
1966 0.1285990884
1967 0.1286111377
1968 0.1286231869
1969 0.1286352361
1970 0.1286472853
1971 0.1286593346
1972 0.1286713838
1973 0.128683433
1974 0.1286954822
1975 0.1287075315
1976 0.1287195807
1977 0.1287316299
1978 0.1287436791
1979 0.1287557284
1980 0.1287677776
1981 0.1287798268
1982 0.128791876
1983 0.1288039253
1984 0.1288159745
1985 0.1288280237
1986 0.1288400729
1987 0.1288521222
1988 0.1288641714
1989 0.1288762206
1990 0.1288882698
1991 0.128900319
1992 0.1289123683
1993 0.1289244175
1994 0.1289364667
1995 0.1289485159
1996 0.1289605652
1997 0.1289726144
1998 0.1289846636
1999 0.1289967128
2000 0.1290087621
2001 0.1290208113
2002 0.1290328605
2003 0.1290449097
2004 0.129056959
2005 0.1290690082
2006 0.1290810574
2007 0.1290931066
2008 0.1291051559
2009 0.1291172051
2010 0.1291292543
2011 0.1291413035
2012 0.1291533528
2013 0.129165402
2014 0.1291774512
2015 0.1291895004
2016 0.1292015497
2017 0.1292135989
2018 0.1292256481
2019 0.1292376973
2020 0.1292497466
2021 0.1292617958
2022 0.129273845
2023 0.1292858942
2024 0.1292979434
2025 0.1293099927
2026 0.1293220419
2027 0.1293340911
2028 0.1293461403
2029 0.1293581896
2030 0.1293702388
2031 0.129382288
2032 0.1293943372
2033 0.1294063865
2034 0.1294184357
2035 0.1294304849
2036 0.1294425341
2037 0.1294545834
2038 0.1294666326
2039 0.1294786818
2040 0.129490731
2041 0.1295027803
2042 0.1295148295
2043 0.1295268787
2044 0.1295389279
2045 0.1295509772
2046 0.1295630264
2047 0.1295750756
2048 0.1295871248
2049 0.1295991741
2050 0.1296112233
2051 0.1296232725
2052 0.1296353217
2053 0.129647371
2054 0.1296594202
2055 0.1296714694
2056 0.1296835186
2057 0.1296955678
2058 0.1297076171
2059 0.1297196663
2060 0.1297317155
2061 0.1297437647
2062 0.129755814
2063 0.1297678632
2064 0.1297799124
2065 0.1297919616
2066 0.1298040109
2067 0.1298160601
2068 0.1298281093
2069 0.1298401585
2070 0.1298522078
2071 0.129864257
2072 0.1298763062
2073 0.1298883554
2074 0.1299004047
2075 0.1299124539
2076 0.1299245031
2077 0.1299365523
2078 0.1299486016
2079 0.1299606508
2080 0.1299727
2081 0.1299847492
2082 0.1299967985
2083 0.1300088477
2084 0.1300208969
2085 0.1300329461
2086 0.1300449954
2087 0.1300570446
2088 0.1300690938
2089 0.130081143
2090 0.1300931922
2091 0.1301052415
2092 0.1301172907
2093 0.1301293399
2094 0.1301413891
2095 0.1301534384
2096 0.1301654876
2097 0.1301775368
2098 0.130189586
2099 0.1302016353
2100 0.1302136845
2101 0.1302257337
2102 0.1302377829
2103 0.1302498322
2104 0.1302618814
2105 0.1302739306
2106 0.1302859798
2107 0.1302980291
2108 0.1303100783
2109 0.1303221275
2110 0.1303341767
2111 0.130346226
2112 0.1303582752
2113 0.1303703244
2114 0.1303823736
2115 0.1303944229
2116 0.1304064721
2117 0.1304185213
2118 0.1304305705
2119 0.1304426198
2120 0.130454669
2121 0.1304667182
2122 0.1304787674
2123 0.1304908167
2124 0.1305028659
2125 0.1305149151
2126 0.1305269643
2127 0.1305390135
2128 0.1305510628
2129 0.130563112
2130 0.1305751612
2131 0.1305872104
2132 0.1305992597
2133 0.1306113089
2134 0.1306233581
2135 0.1306354073
2136 0.1306474566
2137 0.1306595058
2138 0.130671555
2139 0.1306836042
2140 0.1306956535
2141 0.1307077027
2142 0.1307197519
2143 0.1307318011
2144 0.1307438504
2145 0.1307558996
2146 0.1307679488
2147 0.130779998
2148 0.1307920473
2149 0.1308040965
2150 0.1308161457
2151 0.1308281949
2152 0.1308402442
2153 0.1308522934
2154 0.1308643426
2155 0.1308763918
2156 0.1308884411
2157 0.1309004903
2158 0.1309125395
2159 0.1309245887
2160 0.1309366379
2161 0.1309486872
2162 0.1309607364
2163 0.1309727856
2164 0.1309848348
2165 0.1309968841
2166 0.1310089333
2167 0.1310209825
2168 0.1310330317
2169 0.131045081
2170 0.1310571302
2171 0.1310691794
2172 0.1310812286
2173 0.1310932779
2174 0.1311053271
2175 0.1311173763
2176 0.1311294255
2177 0.1311414748
2178 0.131153524
2179 0.1311655732
2180 0.1311776224
2181 0.1311896717
2182 0.1312017209
2183 0.1312137701
2184 0.1312258193
2185 0.1312378686
2186 0.1312499178
2187 0.131261967
2188 0.1312740162
2189 0.1312860655
2190 0.1312981147
2191 0.1313101639
2192 0.1313222131
2193 0.1313342623
2194 0.1313463116
2195 0.1313583608
2196 0.13137041
2197 0.1313824592
2198 0.1314044071
2199 0.1314263549
2200 0.1314483027
2201 0.1314702505
2202 0.1314921983
2203 0.1315141462
2204 0.131536094
2205 0.1315580418
2206 0.1315799896
2207 0.1316019374
2208 0.1316238852
2209 0.1316458331
2210 0.1316677809
2211 0.1316897287
2212 0.1317116765
2213 0.1317336243
2214 0.1317555722
2215 0.13177752
2216 0.1317994678
2217 0.1318214156
2218 0.1318433634
2219 0.1318653112
2220 0.1318872591
2221 0.1319092069
2222 0.1319311547
2223 0.1319531025
2224 0.1319750503
2225 0.1319969982
2226 0.132018946
2227 0.1320408938
2228 0.1320628416
2229 0.1320847894
2230 0.1321067372
2231 0.1321286851
2232 0.1321506329
2233 0.1321725807
2234 0.1321945285
2235 0.1322164763
2236 0.1322384242
2237 0.132260372
2238 0.1322823198
2239 0.1323042676
2240 0.1323262154
2241 0.1323481632
2242 0.1323701111
2243 0.1323920589
2244 0.1324140067
2245 0.1324359545
2246 0.1324579023
2247 0.1324798502
2248 0.132501798
2249 0.1325237458
2250 0.1325456936
2251 0.1325676414
2252 0.1325895892
2253 0.1326115371
2254 0.1326334849
2255 0.1326554327
2256 0.1326773805
2257 0.1326993283
2258 0.1327212762
2259 0.132743224
2260 0.1327651718
2261 0.1327871196
2262 0.1328090674
2263 0.1328310152
2264 0.1328529631
2265 0.1328749109
2266 0.1328968587
2267 0.1329188065
2268 0.1329407543
2269 0.1329627022
2270 0.13298465
2271 0.1330065978
2272 0.1330285456
2273 0.1330504934
2274 0.1330724412
2275 0.1330943891
2276 0.1331163369
2277 0.1331382847
2278 0.1331602325
2279 0.1331821803
2280 0.1332041282
2281 0.133226076
2282 0.1332480238
2283 0.1332699716
2284 0.1332919194
2285 0.1333138672
2286 0.1333358151
2287 0.1333577629
2288 0.1333797107
2289 0.1334016585
2290 0.1334236063
2291 0.1334455542
2292 0.133467502
2293 0.1334894498
2294 0.1335113976
2295 0.1335333454
2296 0.1335552932
2297 0.1335772411
2298 0.1335991889
2299 0.1336211367
2300 0.1336430845
2301 0.1336650323
2302 0.1336869802
2303 0.133708928
2304 0.1337308758
2305 0.1337528236
2306 0.1337747714
2307 0.1337967192
2308 0.1338186671
2309 0.1338406149
2310 0.1338625627
2311 0.1338845105
2312 0.1339064583
2313 0.1339284062
2314 0.133950354
2315 0.1339723018
2316 0.1339942496
2317 0.1340161974
2318 0.1340381452
2319 0.1340600931
2320 0.1340820409
2321 0.1341039887
2322 0.1341259365
2323 0.1341478843
2324 0.1341698322
2325 0.13419178
2326 0.1342137278
2327 0.1342356756
2328 0.1342576234
2329 0.1342795712
2330 0.1343015191
2331 0.1343234669
2332 0.1343454147
2333 0.1343673625
2334 0.1343893103
2335 0.1344112582
2336 0.134433206
2337 0.1344551538
2338 0.1344771016
2339 0.1344990494
2340 0.1345209972
2341 0.1345429451
2342 0.1345648929
2343 0.1345868407
2344 0.1346087885
2345 0.1346307363
2346 0.1346526841
2347 0.134674632
2348 0.1346965798
2349 0.1347185276
2350 0.1347404754
2351 0.1347624232
2352 0.1347843711
2353 0.1348063189
2354 0.1348282667
2355 0.1348502145
2356 0.1348721623
2357 0.1348941101
2358 0.134916058
2359 0.1349380058
2360 0.1349599536
2361 0.1349819014
2362 0.1350038492
2363 0.1350257971
2364 0.1350477449
2365 0.1350696927
2366 0.1350916405
2367 0.1351135883
2368 0.1351355361
2369 0.135157484
2370 0.1351794318
2371 0.1352013796
2372 0.1352233274
2373 0.1352452752
2374 0.1352672231
2375 0.1352891709
2376 0.1353111187
2377 0.1353330665
2378 0.1353550143
2379 0.1353769621
2380 0.13539891
2381 0.1354208578
2382 0.1354428056
2383 0.1354647534
2384 0.1354867012
2385 0.1355086491
2386 0.1355305969
2387 0.1355525447
2388 0.1355744925
2389 0.1355964403
2390 0.1356183881
2391 0.135640336
2392 0.1356622838
2393 0.1356842316
2394 0.1357061794
2395 0.1357281272
2396 0.1357500751
2397 0.1357720229
2398 0.1357939707
2399 0.1358159185
2400 0.1358378663
2401 0.1358598141
2402 0.135881762
2403 0.1359037098
2404 0.1359256576
2405 0.1359476054
2406 0.1359695532
2407 0.1359915011
2408 0.1360134489
2409 0.1360353967
2410 0.1360573445
2411 0.1360792923
2412 0.1361012401
2413 0.136123188
2414 0.1361451358
2415 0.1361670836
2416 0.1361890314
2417 0.1362109792
2418 0.1362329271
2419 0.1362548749
2420 0.1362768227
2421 0.1362987705
2422 0.1363207183
2423 0.1363426661
2424 0.136364614
2425 0.1363865618
2426 0.1364085096
2427 0.1364304574
2428 0.1364524052
2429 0.1364743531
2430 0.1364963009
2431 0.1365182487
2432 0.1365401965
2433 0.1365621443
2434 0.1365840921
2435 0.13660604
2436 0.1366279878
2437 0.1366499356
2438 0.1366718834
2439 0.1366938312
2440 0.1367157791
2441 0.1367377269
2442 0.1367596747
2443 0.1367816225
2444 0.1368035703
2445 0.1368255181
2446 0.136847466
2447 0.1368694138
2448 0.1368913616
2449 0.1369133094
2450 0.1369352572
2451 0.1369572051
2452 0.1369791529
2453 0.1370011007
2454 0.1370230485
2455 0.1370449963
2456 0.1370669441
2457 0.137088892
2458 0.1371108398
2459 0.1371327876
2460 0.1371547354
2461 0.1371766832
2462 0.1371986311
2463 0.1372205789
2464 0.1372425267
2465 0.1372644745
2466 0.1372864223
2467 0.1373083701
2468 0.137330318
2469 0.1373522658
2470 0.1373742136
2471 0.1373961614
2472 0.1374181092
2473 0.1374400571
2474 0.1374620049
2475 0.1374839527
2476 0.1375059005
2477 0.1375278483
2478 0.1375497961
2479 0.137571744
2480 0.1375936918
2481 0.1376156396
2482 0.1376375874
2483 0.1376595352
2484 0.1376814831
2485 0.1377034309
2486 0.1377253787
2487 0.1377473265
2488 0.1377692743
2489 0.1377912221
2490 0.13781317
2491 0.1378351178
2492 0.1378570656
2493 0.1378790134
2494 0.1379009612
2495 0.1379229091
2496 0.1379448569
2497 0.1379668047
2498 0.1379887525
2499 0.1380107003
2500 0.1380326481
2501 0.138054596
2502 0.1380765438
2503 0.1380984916
2504 0.1381204394
2505 0.1381423872
2506 0.1381643351
2507 0.1381862829
2508 0.1382082307
2509 0.1382301785
2510 0.1382521263
2511 0.1382740741
2512 0.138296022
2513 0.1383179698
2514 0.1383399176
2515 0.1383618654
2516 0.1383838132
2517 0.1384057611
2518 0.1384277089
2519 0.1384496567
2520 0.1384716045
2521 0.1384935523
2522 0.1385155001
2523 0.138537448
2524 0.1385593958
2525 0.1385813436
2526 0.1386032914
2527 0.1386252392
2528 0.1386471871
2529 0.1386691349
2530 0.1386910827
2531 0.1387130305
2532 0.1387349783
2533 0.1387569261
2534 0.138778874
2535 0.1388008218
2536 0.1388227696
2537 0.1388447174
2538 0.1388666652
2539 0.1388886131
2540 0.1389105609
2541 0.1389325087
2542 0.1389544565
2543 0.1389764043
2544 0.1389983521
2545 0.1390203
2546 0.1390422478
2547 0.1390641956
2548 0.1390861434
2549 0.1391080912
2550 0.1391300391
2551 0.1391519869
2552 0.1391739347
2553 0.1391958825
2554 0.1392178303
2555 0.1392397781
2556 0.139261726
2557 0.1392836738
2558 0.1393056216
2559 0.1393275694
2560 0.1393495172
2561 0.1393714651
2562 0.1393934129
2563 0.1394140293
2564 0.1394346457
2565 0.1394552622
2566 0.1394758786
2567 0.139496495
2568 0.1395171115
2569 0.1395377279
2570 0.1395583444
2571 0.1395789608
2572 0.1395995772
2573 0.1396201937
2574 0.1396408101
2575 0.1396614265
2576 0.139682043
2577 0.1397026594
2578 0.1397232758
2579 0.1397438923
2580 0.1397645087
2581 0.1397851251
2582 0.1398057416
2583 0.139826358
2584 0.1398469744
2585 0.1398675909
2586 0.1398882073
2587 0.1399088238
2588 0.1399294402
2589 0.1399500566
2590 0.1399706731
2591 0.1399912895
2592 0.1400119059
2593 0.1400325224
2594 0.1400531388
2595 0.1400737552
2596 0.1400943717
2597 0.1401149881
2598 0.1401356045
2599 0.140156221
2600 0.1401768374
2601 0.1401974538
2602 0.1402180703
2603 0.1402386867
2604 0.1402593031
2605 0.1402799196
2606 0.140300536
2607 0.1403211525
2608 0.1403417689
2609 0.1403623853
2610 0.1403830018
2611 0.1404036182
2612 0.1404242346
2613 0.1404448511
2614 0.1404654675
2615 0.1404860839
2616 0.1405067004
2617 0.1405273168
2618 0.1405479332
2619 0.1405685497
2620 0.1405891661
2621 0.1406097825
2622 0.140630399
2623 0.1406510154
2624 0.1406716319
2625 0.1406922483
2626 0.1407128647
2627 0.1407334812
2628 0.1407540976
2629 0.140774714
2630 0.1407953305
2631 0.1408159469
2632 0.1408365633
2633 0.1408571798
2634 0.1408777962
2635 0.1408984126
2636 0.1409190291
2637 0.1409396455
2638 0.1409602619
2639 0.1409808784
2640 0.1410014948
2641 0.1410221113
2642 0.1410427277
2643 0.1410633441
2644 0.1410839606
2645 0.141104577
2646 0.1411251934
2647 0.1411458099
2648 0.1411664263
2649 0.1411870427
2650 0.1412076592
2651 0.1412282756
2652 0.141248892
2653 0.1412695085
2654 0.1412901249
2655 0.1413107413
2656 0.1413313578
2657 0.1413519742
2658 0.1413725907
2659 0.1413932071
2660 0.1414138235
2661 0.14143444
2662 0.1414550564
2663 0.1414756728
2664 0.1414962893
2665 0.1415169057
2666 0.1415375221
2667 0.1415581386
2668 0.141578755
2669 0.1415993714
2670 0.1416199879
2671 0.1416406043
2672 0.1416612207
2673 0.1416818372
2674 0.1417024536
2675 0.1417230701
2676 0.1417436865
2677 0.1417643029
2678 0.1417849194
2679 0.1418055358
2680 0.1418261522
2681 0.1418467687
2682 0.1418673851
2683 0.1418880015
2684 0.141908618
2685 0.1419292344
2686 0.1419498508
2687 0.1419704673
2688 0.1419910837
2689 0.1420117001
2690 0.1420323166
2691 0.142052933
2692 0.1420735495
2693 0.1420941659
2694 0.1421147823
2695 0.1421353988
2696 0.1421560152
2697 0.1421766316
2698 0.1421972481
2699 0.1422178645
2700 0.1422384809
2701 0.1422590974
2702 0.1422797138
2703 0.1423003302
2704 0.1423209467
2705 0.1423415631
2706 0.1423621795
2707 0.142382796
2708 0.1424034124
2709 0.1424240288
2710 0.1424446453
2711 0.1424652617
2712 0.1424858782
2713 0.1425064946
2714 0.142527111
2715 0.1425477275
2716 0.1425683439
2717 0.1425889603
2718 0.1426095768
2719 0.1426301932
2720 0.1426508096
2721 0.1426714261
2722 0.1426920425
2723 0.1427126589
2724 0.1427332754
2725 0.1427538918
2726 0.1427745082
2727 0.1427951247
2728 0.1428157411
2729 0.1428363576
2730 0.142856974
2731 0.1428775904
2732 0.1428982069
2733 0.1429188233
2734 0.1429394397
2735 0.1429600562
2736 0.1429806726
2737 0.143001289
2738 0.1430219055
2739 0.1430425219
2740 0.1430631383
2741 0.1430837548
2742 0.1431043712
2743 0.1431249876
2744 0.1431456041
2745 0.1431662205
2746 0.143186837
2747 0.1432074534
2748 0.1432280698
2749 0.1432486863
2750 0.1432693027
2751 0.1432899191
2752 0.1433105356
2753 0.143331152
2754 0.1433517684
2755 0.1433723849
2756 0.1433930013
2757 0.1434136177
2758 0.1434342342
2759 0.1434548506
2760 0.143475467
2761 0.1434960835
2762 0.1435166999
2763 0.1435373164
2764 0.1435579328
2765 0.1435785492
2766 0.1435991657
2767 0.1436197821
2768 0.1436403985
2769 0.143661015
2770 0.1436816314
2771 0.1437022478
2772 0.1437228643
2773 0.1437434807
2774 0.1437640971
2775 0.1437847136
2776 0.14380533
2777 0.1438259464
2778 0.1438465629
2779 0.1438671793
2780 0.1438877958
2781 0.1439084122
2782 0.1439290286
2783 0.1439496451
2784 0.1439702615
2785 0.1439908779
2786 0.1440114944
2787 0.1440321108
2788 0.1440527272
2789 0.1440733437
2790 0.1440939601
2791 0.1441145765
2792 0.144135193
2793 0.1441558094
2794 0.1441764258
2795 0.1441970423
2796 0.1442176587
2797 0.1442382751
2798 0.1442588916
2799 0.144279508
2800 0.1443001245
2801 0.1443207409
2802 0.1443413573
2803 0.1443619738
2804 0.1443825902
2805 0.1444032066
2806 0.1444238231
2807 0.1444444395
2808 0.1444650559
2809 0.1444856724
2810 0.1445062888
2811 0.1445269052
2812 0.1445475217
2813 0.1445681381
2814 0.1445887545
2815 0.144609371
2816 0.1446299874
2817 0.1446506039
2818 0.1446712203
2819 0.1446918367
2820 0.1447124532
2821 0.1447330696
2822 0.144753686
2823 0.1447743025
2824 0.1447949189
2825 0.1448155353
2826 0.1448361518
2827 0.1448567682
2828 0.1448773846
2829 0.1448980011
2830 0.1449186175
2831 0.1449392339
2832 0.1449598504
2833 0.1449804668
2834 0.1450010833
2835 0.1450216997
2836 0.1450423161
2837 0.1450629326
2838 0.145083549
2839 0.1451041654
2840 0.1451247819
2841 0.1451453983
2842 0.1451660147
2843 0.1451866312
2844 0.1452072476
2845 0.145227864
2846 0.1452484805
2847 0.1452690969
2848 0.1452897133
2849 0.1453103298
2850 0.1453309462
2851 0.1453515627
2852 0.1453721791
2853 0.1453927955
2854 0.145413412
2855 0.1454340284
2856 0.1454546448
2857 0.1454752613
2858 0.1454958777
2859 0.1455164941
2860 0.1455371106
2861 0.145557727
2862 0.1455783434
2863 0.1455989599
2864 0.1456195763
2865 0.1456401927
2866 0.1456608092
2867 0.1456814256
2868 0.1457020421
2869 0.1457226585
2870 0.1457432749
2871 0.1457638914
2872 0.1457845078
2873 0.1458051242
2874 0.1458257407
2875 0.1458463571
2876 0.1458669735
2877 0.14588759
2878 0.1459082064
2879 0.1459288228
2880 0.1459494393
2881 0.1459700557
2882 0.1459906721
2883 0.1460112886
2884 0.146031905
2885 0.1460525215
2886 0.1460731379
2887 0.1460937543
2888 0.1461143708
2889 0.1461349872
2890 0.1461556036
2891 0.1461762201
2892 0.1461968365
2893 0.1462174529
2894 0.1462380694
2895 0.1462586858
2896 0.1462793022
2897 0.1462999187
2898 0.1463205351
2899 0.1463411515
2900 0.146361768
2901 0.1463823844
2902 0.1464030008
2903 0.1464236173
2904 0.1464442337
2905 0.1464648502
2906 0.1464854666
2907 0.146506083
2908 0.1465266995
2909 0.1465473159
2910 0.1465679323
2911 0.1465885488
2912 0.1466091652
2913 0.1466297816
2914 0.1466503981
2915 0.1466710145
2916 0.1466916309
2917 0.1467122474
2918 0.1467328638
2919 0.1467534802
2920 0.1467740967
2921 0.1467947131
2922 0.1468153296
2923 0.146835946
2924 0.1468565624
2925 0.1468771789
2926 0.1468977953
2927 0.1469184117
2928 0.1469390282
2929 0.1469596446
2930 0.1469842901
2931 0.1470089355
2932 0.147033581
2933 0.1470582265
2934 0.147082872
2935 0.1471075174
2936 0.1471321629
2937 0.1471568084
2938 0.1471814539
2939 0.1472060993
2940 0.1472307448
2941 0.1472553903
2942 0.1472800358
2943 0.1473046812
2944 0.1473293267
2945 0.1473539722
2946 0.1473786176
2947 0.1474032631
2948 0.1474279086
2949 0.1474525541
2950 0.1474771995
2951 0.147501845
2952 0.1475264905
2953 0.147551136
2954 0.1475757814
2955 0.1476004269
2956 0.1476250724
2957 0.1476497178
2958 0.1476743633
2959 0.1476990088
2960 0.1477236543
2961 0.1477482997
2962 0.1477729452
2963 0.1477975907
2964 0.1478222362
2965 0.1478468816
2966 0.1478715271
2967 0.1478961726
2968 0.1479208181
2969 0.1479454635
2970 0.147970109
2971 0.1479947545
2972 0.1480193999
2973 0.1480440454
2974 0.1480686909
2975 0.1480933364
2976 0.1481179818
2977 0.1481426273
2978 0.1481672728
2979 0.1481919183
2980 0.1482165637
2981 0.1482412092
2982 0.1482658547
2983 0.1482905001
2984 0.1483151456
2985 0.1483397911
2986 0.1483644366
2987 0.148389082
2988 0.1484137275
2989 0.148438373
2990 0.1484630185
2991 0.1484876639
2992 0.1485123094
2993 0.1485369549
2994 0.1485616004
2995 0.1485862458
2996 0.1486108913
2997 0.1486355368
2998 0.1486601822
2999 0.1486848277
3000 0.1487094732
3001 0.1487341187
3002 0.1487587641
3003 0.1487834096
3004 0.1488080551
3005 0.1488327006
3006 0.148857346
3007 0.1488819915
3008 0.148906637
3009 0.1489312824
3010 0.1489559279
3011 0.1489805734
3012 0.1490052189
3013 0.1490298643
3014 0.1490545098
3015 0.1490791553
3016 0.1491038008
3017 0.1491284462
3018 0.1491530917
3019 0.1491777372
3020 0.1492023826
3021 0.1492270281
3022 0.1492516736
3023 0.1492763191
3024 0.1493009645
3025 0.14932561
3026 0.1493502555
3027 0.149374901
3028 0.1493995464
3029 0.1494241919
3030 0.1494488374
3031 0.1494734829
3032 0.1494981283
3033 0.1495227738
3034 0.1495474193
3035 0.1495720647
3036 0.1495967102
3037 0.1496213557
3038 0.1496460012
3039 0.1496706466
3040 0.1496952921
3041 0.1497199376
3042 0.1497445831
3043 0.1497692285
3044 0.149793874
3045 0.1498185195
3046 0.1498431649
3047 0.1498678104
3048 0.1498924559
3049 0.1499171014
3050 0.1499417468
3051 0.1499663923
3052 0.1499910378
3053 0.1500156833
3054 0.1500403287
3055 0.1500649742
3056 0.1500896197
3057 0.1501142652
3058 0.1501389106
3059 0.1501635561
3060 0.1501882016
3061 0.150212847
3062 0.1502374925
3063 0.150262138
3064 0.1502867835
3065 0.1503114289
3066 0.1503360744
3067 0.1503607199
3068 0.1503853654
3069 0.1504100108
3070 0.1504346563
3071 0.1504593018
3072 0.1504839472
3073 0.1505085927
3074 0.1505332382
3075 0.1505578837
3076 0.1505825291
3077 0.1506071746
3078 0.1506318201
3079 0.1506564656
3080 0.150681111
3081 0.1507057565
3082 0.150730402
3083 0.1507550475
3084 0.1507796929
3085 0.1508043384
3086 0.1508289839
3087 0.1508536293
3088 0.1508782748
3089 0.1509029203
3090 0.1509275658
3091 0.1509522112
3092 0.1509768567
3093 0.1510015022
3094 0.1510261477
3095 0.1510507931
3096 0.1510754386
3097 0.1511000841
3098 0.1511247295
3099 0.151149375
3100 0.1511740205
3101 0.151198666
3102 0.1512233114
3103 0.1512479569
3104 0.1512726024
3105 0.1512972479
3106 0.1513218933
3107 0.1513465388
3108 0.1513711843
3109 0.1513958298
3110 0.1514204752
3111 0.1514451207
3112 0.1514697662
3113 0.1514944116
3114 0.1515190571
3115 0.1515437026
3116 0.1515683481
3117 0.1515929935
3118 0.151617639
3119 0.1516422845
3120 0.15166693
3121 0.1516915754
3122 0.1517162209
3123 0.1517408664
3124 0.1517655118
3125 0.1517901573
3126 0.1518148028
3127 0.1518394483
3128 0.1518640937
3129 0.1518887392
3130 0.1519133847
3131 0.1519380302
3132 0.1519626756
3133 0.1519873211
3134 0.1520119666
3135 0.1520366121
3136 0.1520612575
3137 0.152085903
3138 0.1521105485
3139 0.1521351939
3140 0.1521598394
3141 0.1521844849
3142 0.1522091304
3143 0.1522337758
3144 0.1522584213
3145 0.1522830668
3146 0.1523077123
3147 0.1523323577
3148 0.1523570032
3149 0.1523816487
3150 0.1524062941
3151 0.1524309396
3152 0.1524555851
3153 0.1524802306
3154 0.152504876
3155 0.1525295215
3156 0.152554167
3157 0.1525788125
3158 0.1526034579
3159 0.1526281034
3160 0.1526527489
3161 0.1526773944
3162 0.1527020398
3163 0.1527266853
3164 0.1527513308
3165 0.1527759762
3166 0.1528006217
3167 0.1528252672
3168 0.1528499127
3169 0.1528745581
3170 0.1528992036
3171 0.1529238491
3172 0.1529484946
3173 0.15297314
3174 0.1529977855
3175 0.153022431
3176 0.1530470764
3177 0.1530717219
3178 0.1530963674
3179 0.1531210129
3180 0.1531456583
3181 0.1531703038
3182 0.1531949493
3183 0.1532195948
3184 0.1532442402
3185 0.1532688857
3186 0.1532935312
3187 0.1533181767
3188 0.1533428221
3189 0.1533674676
3190 0.1533921131
3191 0.1534167585
3192 0.153441404
3193 0.1534660495
3194 0.153490695
3195 0.1535153404
3196 0.1535399859
3197 0.1535646314
3198 0.1535892769
3199 0.1536139223
3200 0.1536385678
3201 0.1536632133
3202 0.1536878587
3203 0.1537125042
3204 0.1537371497
3205 0.1537617952
3206 0.1537864406
3207 0.1538110861
3208 0.1538357316
3209 0.1538603771
3210 0.1538850225
3211 0.153909668
3212 0.1539343135
3213 0.153958959
3214 0.1539836044
3215 0.1540082499
3216 0.1540328954
3217 0.1540575408
3218 0.1540821863
3219 0.1541068318
3220 0.1541314773
3221 0.1541561227
3222 0.1541807682
3223 0.1542054137
3224 0.1542300592
3225 0.1542547046
3226 0.1542793501
3227 0.1543039956
3228 0.154328641
3229 0.1543532865
3230 0.154377932
3231 0.1544025775
3232 0.1544272229
3233 0.1544518684
3234 0.1544765139
3235 0.1545011594
3236 0.1545258048
3237 0.1545504503
3238 0.1545750958
3239 0.1545997413
3240 0.1546243867
3241 0.1546490322
3242 0.1546736777
3243 0.1546983231
3244 0.1547229686
3245 0.1547476141
3246 0.1547722596
3247 0.154796905
3248 0.1548215505
3249 0.154846196
3250 0.1548708415
3251 0.1548954869
3252 0.1549201324
3253 0.1549447779
3254 0.1549694233
3255 0.1549940688
3256 0.1550187143
3257 0.1550433598
3258 0.1550680052
3259 0.1550926507
3260 0.1551172962
3261 0.1551419417
3262 0.1551665871
3263 0.1551912326
3264 0.1552158781
3265 0.1552405236
3266 0.155265169
3267 0.1552898145
3268 0.15531446
3269 0.1553391054
3270 0.1553637509
3271 0.1553883964
3272 0.1554130419
3273 0.1554376873
3274 0.1554623328
3275 0.1554869783
3276 0.1555116238
3277 0.1555362692
3278 0.1555609147
3279 0.1555855602
3280 0.1556102056
3281 0.1556348511
3282 0.1556594966
3283 0.1556841421
3284 0.1557087875
3285 0.155733433
3286 0.1557580785
3287 0.155782724
3288 0.1558073694
3289 0.1558320149
3290 0.1558566604
3291 0.1558813059
3292 0.1559059513
3293 0.1559305968
3294 0.155959406
3295 0.1559882152
3296 0.1560170245
3297 0.1560458337
3298 0.1560746429
3299 0.1561034521
3300 0.1561322613
3301 0.1561610706
3302 0.1561898798
3303 0.156218689
3304 0.1562474982
3305 0.1562763074
3306 0.1563051167
3307 0.1563339259
3308 0.1563627351
3309 0.1563915443
3310 0.1564203536
3311 0.1564491628
3312 0.156477972
3313 0.1565067812
3314 0.1565355904
3315 0.1565643997
3316 0.1565932089
3317 0.1566220181
3318 0.1566508273
3319 0.1566796365
3320 0.1567084458
3321 0.156737255
3322 0.1567660642
3323 0.1567948734
3324 0.1568236826
3325 0.1568524919
3326 0.1568813011
3327 0.1569101103
3328 0.1569389195
3329 0.1569677287
3330 0.156996538
3331 0.1570253472
3332 0.1570541564
3333 0.1570829656
3334 0.1571117749
3335 0.1571405841
3336 0.1571693933
3337 0.1571982025
3338 0.1572270117
3339 0.157255821
3340 0.1572846302
3341 0.1573134394
3342 0.1573422486
3343 0.1573710578
3344 0.1573998671
3345 0.1574286763
3346 0.1574574855
3347 0.1574862947
3348 0.1575151039
3349 0.1575439132
3350 0.1575727224
3351 0.1576015316
3352 0.1576303408
3353 0.15765915
3354 0.1576879593
3355 0.1577167685
3356 0.1577455777
3357 0.1577743869
3358 0.1578031962
3359 0.1578320054
3360 0.1578608146
3361 0.1578896238
3362 0.157918433
3363 0.1579472423
3364 0.1579760515
3365 0.1580048607
3366 0.1580336699
3367 0.1580624791
3368 0.1580912884
3369 0.1581200976
3370 0.1581489068
3371 0.158177716
3372 0.1582065252
3373 0.1582353345
3374 0.1582641437
3375 0.1582929529
3376 0.1583217621
3377 0.1583505713
3378 0.1583793806
3379 0.1584081898
3380 0.158436999
3381 0.1584658082
3382 0.1584946175
3383 0.1585234267
3384 0.1585522359
3385 0.1585810451
3386 0.1586098543
3387 0.1586386636
3388 0.1586674728
3389 0.158696282
3390 0.1587250912
3391 0.1587539004
3392 0.1587827097
3393 0.1588115189
3394 0.1588403281
3395 0.1588691373
3396 0.1588979465
3397 0.1589267558
3398 0.158955565
3399 0.1589843742
3400 0.1590131834
3401 0.1590419926
3402 0.1590708019
3403 0.1590996111
3404 0.1591284203
3405 0.1591572295
3406 0.1591860388
3407 0.159214848
3408 0.1592436572
3409 0.1592724664
3410 0.1593012756
3411 0.1593300849
3412 0.1593588941
3413 0.1593877033
3414 0.1594165125
3415 0.1594453217
3416 0.159474131
3417 0.1595029402
3418 0.1595317494
3419 0.1595605586
3420 0.1595893678
3421 0.1596181771
3422 0.1596469863
3423 0.1596757955
3424 0.1597046047
3425 0.1597334139
3426 0.1597622232
3427 0.1597910324
3428 0.1598198416
3429 0.1598486508
3430 0.1598774601
3431 0.1599062693
3432 0.1599350785
3433 0.1599638877
3434 0.1599926969
3435 0.1600215062
3436 0.1600503154
3437 0.1600791246
3438 0.1601079338
3439 0.160136743
3440 0.1601655523
3441 0.1601943615
3442 0.1602231707
3443 0.1602519799
3444 0.1602807891
3445 0.1603095984
3446 0.1603384076
3447 0.1603672168
3448 0.160396026
3449 0.1604248352
3450 0.1604536445
3451 0.1604824537
3452 0.1605112629
3453 0.1605400721
3454 0.1605688814
3455 0.1605976906
3456 0.1606264998
3457 0.160655309
3458 0.1606841182
3459 0.1607129275
3460 0.1607417367
3461 0.1607705459
3462 0.1607993551
3463 0.1608281643
3464 0.1608569736
3465 0.1608857828
3466 0.160914592
3467 0.1609434012
3468 0.1609722104
3469 0.1610010197
3470 0.1610298289
3471 0.1610586381
3472 0.1610874473
3473 0.1611162565
3474 0.1611450658
3475 0.161173875
3476 0.1612026842
3477 0.1612314934
3478 0.1612603027
3479 0.1612891119
3480 0.1613179211
3481 0.1613467303
3482 0.1613755395
3483 0.1614043488
3484 0.161433158
3485 0.1614619672
3486 0.1614907764
3487 0.1615195856
3488 0.1615483949
3489 0.1615772041
3490 0.1616060133
3491 0.1616348225
3492 0.1616636317
3493 0.161692441
3494 0.1617212502
3495 0.1617500594
3496 0.1617788686
3497 0.1618076778
3498 0.1618364871
3499 0.1618652963
3500 0.1618941055
3501 0.1619229147
3502 0.161951724
3503 0.1619805332
3504 0.1620093424
3505 0.1620381516
3506 0.1620669608
3507 0.1620957701
3508 0.1621245793
3509 0.1621533885
3510 0.1621821977
3511 0.1622110069
3512 0.1622398162
3513 0.1622686254
3514 0.1622974346
3515 0.1623262438
3516 0.162355053
3517 0.1623838623
3518 0.1624126715
3519 0.1624414807
3520 0.1624702899
3521 0.1624990991
3522 0.1625279084
3523 0.1625567176
3524 0.1625855268
3525 0.162614336
3526 0.1626431453
3527 0.1626719545
3528 0.1627007637
3529 0.1627295729
3530 0.1627583821
3531 0.1627871914
3532 0.1628160006
3533 0.1628448098
3534 0.162873619
3535 0.1629024282
3536 0.1629312375
3537 0.1629600467
3538 0.1629888559
3539 0.1630176651
3540 0.1630464743
3541 0.1630752836
3542 0.1631040928
3543 0.163132902
3544 0.1631617112
3545 0.1631905204
3546 0.1632193297
3547 0.1632481389
3548 0.1632769481
3549 0.1633057573
3550 0.1633345666
3551 0.1633633758
3552 0.163392185
3553 0.1634209942
3554 0.1634498034
3555 0.1634786127
3556 0.1635074219
3557 0.1635362311
3558 0.1635650403
3559 0.1635938495
3560 0.1636226588
3561 0.163651468
3562 0.1636802772
3563 0.1637090864
3564 0.1637378956
3565 0.1637667049
3566 0.1637955141
3567 0.1638243233
3568 0.1638531325
3569 0.1638819418
3570 0.163910751
3571 0.1639395602
3572 0.1639683694
3573 0.1639971786
3574 0.1640259879
3575 0.1640547971
3576 0.1640836063
3577 0.1641124155
3578 0.1641412247
3579 0.164170034
3580 0.1641988432
3581 0.1642276524
3582 0.1642564616
3583 0.1642852708
3584 0.1643140801
3585 0.1643428893
3586 0.1643716985
3587 0.1644005077
3588 0.1644293169
3589 0.1644581262
3590 0.1644869354
3591 0.1645157446
3592 0.1645445538
3593 0.1645733631
3594 0.1646021723
3595 0.1646309815
3596 0.1646597907
3597 0.1646885999
3598 0.1647174092
3599 0.1647462184
3600 0.1647750276
3601 0.1648038368
3602 0.164832646
3603 0.1648614553
3604 0.1648902645
3605 0.1649190737
3606 0.1649478829
3607 0.1649766921
3608 0.1650055014
3609 0.1650343106
3610 0.1650631198
3611 0.165091929
3612 0.1651207382
3613 0.1651495475
3614 0.1651783567
3615 0.1652071659
3616 0.1652359751
3617 0.1652647844
3618 0.1652935936
3619 0.1653224028
3620 0.165351212
3621 0.1653800212
3622 0.1654088305
3623 0.1654376397
3624 0.1654664489
3625 0.1654952581
3626 0.1655240673
3627 0.1655528766
3628 0.1655816858
3629 0.165610495
3630 0.1656393042
3631 0.1656681134
3632 0.1656969227
3633 0.1657257319
3634 0.1657545411
3635 0.1657833503
3636 0.1658121595
3637 0.1658409688
3638 0.165869778
3639 0.1658985872
3640 0.1659273964
3641 0.1659562057
3642 0.1659850149
3643 0.1660138241
3644 0.1660426333
3645 0.1660714425
3646 0.1661002518
3647 0.166129061
3648 0.1661578702
3649 0.1661866794
3650 0.1662154886
3651 0.1662442979
3652 0.1662731071
3653 0.1663019163
3654 0.1663307255
3655 0.1663595347
3656 0.166388344
3657 0.1664171532
3658 0.1664459624
3659 0.1664697067
3660 0.166493451
3661 0.1665171953
3662 0.1665409396
3663 0.1665646839
3664 0.1665884282
3665 0.1666121724
3666 0.1666359167
3667 0.166659661
3668 0.1666834053
3669 0.1667071496
3670 0.1667308939
3671 0.1667546382
3672 0.1667783825
3673 0.1668021268
3674 0.1668258711
3675 0.1668496154
3676 0.1668733597
3677 0.1668971039
3678 0.1669208482
3679 0.1669445925
3680 0.1669683368
3681 0.1669920811
3682 0.1670158254
3683 0.1670395697
3684 0.167063314
3685 0.1670870583
3686 0.1671108026
3687 0.1671345469
3688 0.1671582911
3689 0.1671820354
3690 0.1672057797
3691 0.167229524
3692 0.1672532683
3693 0.1672770126
3694 0.1673007569
3695 0.1673245012
3696 0.1673482455
3697 0.1673719898
3698 0.1673957341
3699 0.1674194784
3700 0.1674432226
3701 0.1674669669
3702 0.1674907112
3703 0.1675144555
3704 0.1675381998
3705 0.1675619441
3706 0.1675856884
3707 0.1676094327
3708 0.167633177
3709 0.1676569213
3710 0.1676806656
3711 0.1677044098
3712 0.1677281541
3713 0.1677518984
3714 0.1677756427
3715 0.167799387
3716 0.1678231313
3717 0.1678468756
3718 0.1678706199
3719 0.1678943642
3720 0.1679181085
3721 0.1679418528
3722 0.1679655971
3723 0.1679893413
3724 0.1680130856
3725 0.1680368299
3726 0.1680605742
3727 0.1680843185
3728 0.1681080628
3729 0.1681318071
3730 0.1681555514
3731 0.1681792957
3732 0.16820304
3733 0.1682267843
3734 0.1682505286
3735 0.1682742728
3736 0.1682980171
3737 0.1683217614
3738 0.1683455057
3739 0.16836925
3740 0.1683929943
3741 0.1684167386
3742 0.1684404829
3743 0.1684642272
3744 0.1684879715
3745 0.1685117158
3746 0.16853546
3747 0.1685592043
3748 0.1685829486
3749 0.1686066929
3750 0.1686304372
3751 0.1686541815
3752 0.1686779258
3753 0.1687016701
3754 0.1687254144
3755 0.1687491587
3756 0.168772903
3757 0.1687966473
3758 0.1688203915
3759 0.1688441358
3760 0.1688678801
3761 0.1688916244
3762 0.1689153687
3763 0.168939113
3764 0.1689628573
3765 0.1689866016
3766 0.1690103459
3767 0.1690340902
3768 0.1690578345
3769 0.1690815788
3770 0.169105323
3771 0.1691290673
3772 0.1691528116
3773 0.1691765559
3774 0.1692003002
3775 0.1692240445
3776 0.1692477888
3777 0.1692715331
3778 0.1692952774
3779 0.1693190217
3780 0.169342766
3781 0.1693665102
3782 0.1693902545
3783 0.1694139988
3784 0.1694377431
3785 0.1694614874
3786 0.1694852317
3787 0.169508976
3788 0.1695327203
3789 0.1695564646
3790 0.1695802089
3791 0.1696039532
3792 0.1696276975
3793 0.1696514417
3794 0.169675186
3795 0.1696989303
3796 0.1697226746
3797 0.1697464189
3798 0.1697701632
3799 0.1697939075
3800 0.1698176518
3801 0.1698413961
3802 0.1698651404
3803 0.1698888847
3804 0.169912629
3805 0.1699363732
3806 0.1699601175
3807 0.1699838618
3808 0.1700076061
3809 0.1700313504
3810 0.1700550947
3811 0.170078839
3812 0.1701025833
3813 0.1701263276
3814 0.1701500719
3815 0.1701738162
3816 0.1701975604
3817 0.1702213047
3818 0.170245049
3819 0.1702687933
3820 0.1702925376
3821 0.1703162819
3822 0.1703400262
3823 0.1703637705
3824 0.1703875148
3825 0.1704112591
3826 0.1704350034
3827 0.1704587477
3828 0.1704824919
3829 0.1705062362
3830 0.1705299805
3831 0.1705537248
3832 0.1705774691
3833 0.1706012134
3834 0.1706249577
3835 0.170648702
3836 0.1706724463
3837 0.1706961906
3838 0.1707199349
3839 0.1707436791
3840 0.1707674234
3841 0.1707911677
3842 0.170814912
3843 0.1708386563
3844 0.1708624006
3845 0.1708861449
3846 0.1709098892
3847 0.1709336335
3848 0.1709573778
3849 0.1709811221
3850 0.1710048664
3851 0.1710286106
3852 0.1710523549
3853 0.1710760992
3854 0.1710998435
3855 0.1711235878
3856 0.1711473321
3857 0.1711710764
3858 0.1711948207
3859 0.171218565
3860 0.1712423093
3861 0.1712660536
3862 0.1712897979
3863 0.1713135421
3864 0.1713372864
3865 0.1713610307
3866 0.171384775
3867 0.1714085193
3868 0.1714322636
3869 0.1714560079
3870 0.1714797522
3871 0.1715034965
3872 0.1715272408
3873 0.1715509851
3874 0.1715747293
3875 0.1715984736
3876 0.1716222179
3877 0.1716459622
3878 0.1716697065
3879 0.1716934508
3880 0.1717171951
3881 0.1717409394
3882 0.1717646837
3883 0.171788428
3884 0.1718121723
3885 0.1718359166
3886 0.1718596608
3887 0.1718834051
3888 0.1719071494
3889 0.1719308937
3890 0.171954638
3891 0.1719783823
3892 0.1720021266
3893 0.1720258709
3894 0.1720496152
3895 0.1720733595
3896 0.1720971038
3897 0.1721208481
3898 0.1721445923
3899 0.1721683366
3900 0.1721920809
3901 0.1722158252
3902 0.1722395695
3903 0.1722633138
3904 0.1722870581
3905 0.1723108024
3906 0.1723345467
3907 0.172358291
3908 0.1723820353
3909 0.1724057795
3910 0.1724295238
3911 0.1724532681
3912 0.1724770124
3913 0.1725007567
3914 0.172524501
3915 0.1725482453
3916 0.1725719896
3917 0.1725957339
3918 0.1726194782
3919 0.1726432225
3920 0.1726669668
3921 0.172690711
3922 0.1727144553
3923 0.1727381996
3924 0.1727619439
3925 0.1727856882
3926 0.1728094325
3927 0.1728331768
3928 0.1728569211
3929 0.1728806654
3930 0.1729044097
3931 0.172928154
3932 0.1729518983
3933 0.1729756425
3934 0.1729993868
3935 0.1730231311
3936 0.1730468754
3937 0.1730706197
3938 0.173094364
3939 0.1731181083
3940 0.1731418526
3941 0.1731655969
3942 0.1731893412
3943 0.1732130855
3944 0.1732368297
3945 0.173260574
3946 0.1732843183
3947 0.1733080626
3948 0.1733318069
3949 0.1733555512
3950 0.1733792955
3951 0.1734030398
3952 0.1734267841
3953 0.1734505284
3954 0.1734742727
3955 0.173498017
3956 0.1735217612
3957 0.1735455055
3958 0.1735692498
3959 0.1735929941
3960 0.1736167384
3961 0.1736404827
3962 0.173664227
3963 0.1736879713
3964 0.1737117156
3965 0.1737354599
3966 0.1737592042
3967 0.1737829484
3968 0.1738066927
3969 0.173830437
3970 0.1738541813
3971 0.1738779256
3972 0.1739016699
3973 0.1739254142
3974 0.1739491585
3975 0.1739729028
3976 0.1739966471
3977 0.1740203914
3978 0.1740441357
3979 0.1740678799
3980 0.1740916242
3981 0.1741153685
3982 0.1741391128
3983 0.1741628571
3984 0.1741866014
3985 0.1742103457
3986 0.17423409
3987 0.1742578343
3988 0.1742815786
3989 0.1743053229
3990 0.1743290672
3991 0.1743528114
3992 0.1743765557
3993 0.1744003
3994 0.1744240443
3995 0.1744477886
3996 0.1744715329
3997 0.1744952772
3998 0.1745190215
3999 0.1745427658
4000 0.1745665101
4001 0.1745902544
4002 0.1746139986
4003 0.1746377429
4004 0.1746614872
4005 0.1746852315
4006 0.1747089758
4007 0.1747327201
4008 0.1747564644
4009 0.1747802087
4010 0.174803953
4011 0.1748276973
4012 0.1748514416
4013 0.1748751859
4014 0.1748989301
4015 0.1749226744
4016 0.1749464187
4017 0.174970163
4018 0.1749939073
4019 0.1750176516
4020 0.1750413959
4021 0.1750651402
4022 0.1750888845
4023 0.1751126288
4024 0.1751363731
4025 0.1751601174
4026 0.1751838616
4027 0.1752076059
4028 0.1752313502
4029 0.1752550945
4030 0.1752788388
4031 0.1753025831
4032 0.1753263274
4033 0.1753500717
4034 0.175373816
4035 0.1753975603
4036 0.1754213046
4037 0.1754450488
4038 0.1754687931
4039 0.1754925374
4040 0.1755162817
4041 0.175540026
4042 0.1755637703
4043 0.1755875146
4044 0.1756112589
4045 0.1756350032
4046 0.1756587475
4047 0.1756824918
4048 0.1757062361
4049 0.1757299803
4050 0.1757537246
4051 0.1757774689
4052 0.1758012132
4053 0.1758249575
4054 0.1758487018
4055 0.1758724461
4056 0.1758961904
4057 0.1759199347
4058 0.175943679
4059 0.1759674233
4060 0.1759911675
4061 0.1760149118
4062 0.1760386561
4063 0.1760624004
4064 0.1760861447
4065 0.176109889
4066 0.1761336333
4067 0.1761573776
4068 0.1761811219
4069 0.1762048662
4070 0.1762286105
4071 0.1762523548
4072 0.176276099
4073 0.1762998433
4074 0.1763235876
4075 0.1763473319
4076 0.1763710762
4077 0.1763948205
4078 0.1764185648
4079 0.1764423091
4080 0.1764660534
4081 0.1764897977
4082 0.176513542
4083 0.1765372863
4084 0.1765610305
4085 0.1765847748
4086 0.1766085191
4087 0.1766322634
4088 0.1766560077
4089 0.176679752
4090 0.1767034963
4091 0.1767272406
4092 0.1767509849
4093 0.1767747292
4094 0.1767984735
4095 0.1768222177
4096 0.176845962
4097 0.1768697063
4098 0.1768934506
4099 0.1769171949
4100 0.1769409392
4101 0.1769646835
4102 0.1769884278
4103 0.1770121721
4104 0.1770359164
4105 0.1770596607
4106 0.177083405
4107 0.1771071492
4108 0.1771308935
4109 0.1771546378
4110 0.1771783821
4111 0.1772021264
4112 0.1772258707
4113 0.177249615
4114 0.1772733593
4115 0.1772971036
4116 0.1773208479
4117 0.1773445922
4118 0.1773683365
4119 0.1773920807
4120 0.177415825
4121 0.1774395693
4122 0.1774633136
4123 0.1774870579
4124 0.1775108022
4125 0.1775345465
4126 0.1775582908
4127 0.1775820351
4128 0.1776057794
4129 0.1776295237
4130 0.1776532679
4131 0.1776770122
4132 0.1777007565
4133 0.1777245008
4134 0.1777482451
4135 0.1777719894
4136 0.1777957337
4137 0.177819478
4138 0.1778432223
4139 0.1778669666
4140 0.1778907109
4141 0.1779144552
4142 0.1779381994
4143 0.1779619437
4144 0.177985688
4145 0.1780094323
4146 0.1780331766
4147 0.1780569209
4148 0.1780806652
4149 0.1781044095
4150 0.1781281538
4151 0.1781518981
4152 0.1781756424
4153 0.1781993867
4154 0.1782231309
4155 0.1782468752
4156 0.1782706195
4157 0.1782943638
4158 0.1783181081
4159 0.1783418524
4160 0.1783655967
4161 0.178389341
4162 0.1784130853
4163 0.1784368296
4164 0.1784605739
4165 0.1784843181
4166 0.1785080624
4167 0.1785318067
4168 0.178555551
4169 0.1785792953
4170 0.1786030396
4171 0.1786267839
4172 0.1786505282
4173 0.1786742725
4174 0.1786980168
4175 0.1787217611
4176 0.1787455054
4177 0.1787692496
4178 0.1787929939
4179 0.1788167382
4180 0.1788404825
4181 0.1788642268
4182 0.1788879711
4183 0.1789117154
4184 0.1789354597
4185 0.178959204
4186 0.1789829483
4187 0.1790066926
4188 0.1790304368
4189 0.1790541811
4190 0.1790779254
4191 0.1791016697
4192 0.179125414
4193 0.1791491583
4194 0.1791729026
4195 0.1791966469
4196 0.1792203912
4197 0.1792441355
4198 0.1792678798
4199 0.1792916241
4200 0.1793153683
4201 0.1793391126
4202 0.1793628569
4203 0.1793866012
4204 0.1794103455
4205 0.1794340898
4206 0.1794578341
4207 0.1794815784
4208 0.1795053227
4209 0.179529067
4210 0.1795528113
4211 0.1795765556
4212 0.1796002998
4213 0.1796240441
4214 0.1796477884
4215 0.1796715327
4216 0.179695277
4217 0.1797190213
4218 0.1797427656
4219 0.1797665099
4220 0.1797902542
4221 0.1798139985
4222 0.1798377428
4223 0.179861487
4224 0.1798852313
4225 0.1799089756
4226 0.1799327199
4227 0.1799564642
4228 0.1799802085
4229 0.1800039528
4230 0.1800276971
4231 0.1800514414
4232 0.1800751857
4233 0.18009893
4234 0.1801226743
4235 0.1801464185
4236 0.1801701628
4237 0.1801939071
4238 0.1802176514
4239 0.1802413957
4240 0.18026514
4241 0.1802888843
4242 0.1803126286
4243 0.1803363729
4244 0.1803601172
4245 0.1803838615
4246 0.1804076058
4247 0.18043135
4248 0.1804550943
4249 0.1804788386
4250 0.1805025829
4251 0.1805263272
4252 0.1805500715
4253 0.1805738158
4254 0.1805975601
4255 0.1806213044
4256 0.1806450487
4257 0.180668793
4258 0.1806925372
4259 0.1807162815
4260 0.1807400258
4261 0.1807637701
4262 0.1807875144
4263 0.1808112587
4264 0.180835003
4265 0.1808587473
4266 0.1808824916
4267 0.1809062359
4268 0.1809299802
4269 0.1809537245
4270 0.1809774687
4271 0.181001213
4272 0.1810249573
4273 0.1810487016
4274 0.1810724459
4275 0.1810961902
4276 0.1811199345
4277 0.1811436788
4278 0.1811674231
4279 0.1811911674
4280 0.1812149117
4281 0.181238656
4282 0.1812624002
4283 0.1812861445
4284 0.1813098888
4285 0.1813336331
4286 0.1813573774
4287 0.1813811217
4288 0.181404866
4289 0.1814286103
4290 0.1814523546
4291 0.1814760989
4292 0.1814998432
4293 0.1815235874
4294 0.1815473317
4295 0.181571076
4296 0.1815948203
4297 0.1816185646
4298 0.1816423089
4299 0.1816660532
4300 0.1816897975
4301 0.1817135418
4302 0.1817372861
4303 0.1817610304
4304 0.1817847747
4305 0.1818085189
4306 0.1818322632
4307 0.1818560075
4308 0.1818797518
4309 0.1819034961
4310 0.1819272404
4311 0.1819509847
4312 0.181974729
4313 0.1819984733
4314 0.1820222176
4315 0.1820459619
4316 0.1820697061
4317 0.1820934504
4318 0.1821171947
4319 0.182140939
4320 0.1821646833
4321 0.1821884276
4322 0.1822121719
4323 0.1822359162
4324 0.1822596605
4325 0.1822834048
4326 0.1823071491
4327 0.1823308934
4328 0.1823546376
4329 0.1823783819
4330 0.1824021262
4331 0.1824258705
4332 0.1824496148
4333 0.1824733591
4334 0.1824971034
4335 0.1825208477
4336 0.182544592
4337 0.1825683363
4338 0.1825920806
4339 0.1826158249
4340 0.1826395691
4341 0.1826633134
4342 0.1826870577
4343 0.182710802
4344 0.1827345463
4345 0.1827582906
4346 0.1827820349
4347 0.1828057792
4348 0.1828295235
4349 0.1828532678
4350 0.1828770121
4351 0.1829007563
4352 0.1829245006
4353 0.1829482449
4354 0.1829719892
4355 0.1829957335
4356 0.1830194778
4357 0.1830432221
4358 0.1830669664
4359 0.1830907107
4360 0.183114455
4361 0.1831381993
4362 0.1831619436
4363 0.1831856878
4364 0.1832094321
4365 0.1832331764
4366 0.1832569207
4367 0.183280665
4368 0.1833044093
4369 0.1833281536
4370 0.1833518979
4371 0.1833756422
4372 0.1833993865
4373 0.1834231308
4374 0.1834468751
4375 0.1834706193
4376 0.1834943636
4377 0.1835181079
4378 0.1835418522
4379 0.1835655965
4380 0.1835893408
4381 0.1836130851
4382 0.1836368294
4383 0.1836605737
4384 0.183684318
4385 0.1837080623
4386 0.1837318065
4387 0.1837555508
4388 0.1837792951
4389 0.1838143243
4390 0.1838493535
4391 0.1838843826
4392 0.1839194118
4393 0.183954441
4394 0.1839894701
4395 0.1840244993
4396 0.1840595284
4397 0.1840945576
4398 0.1841295868
4399 0.1841646159
4400 0.1841996451
4401 0.1842346743
4402 0.1842697034
4403 0.1843047326
4404 0.1843397618
4405 0.1843747909
4406 0.1844098201
4407 0.1844448492
4408 0.1844798784
4409 0.1845149076
4410 0.1845499367
4411 0.1845849659
4412 0.1846199951
4413 0.1846550242
4414 0.1846900534
4415 0.1847250826
4416 0.1847601117
4417 0.1847951409
4418 0.18483017
4419 0.1848651992
4420 0.1849002284
4421 0.1849352575
4422 0.1849702867
4423 0.1850053159
4424 0.185040345
4425 0.1850753742
4426 0.1851104034
4427 0.1851454325
4428 0.1851804617
4429 0.1852154909
4430 0.18525052
4431 0.1852855492
4432 0.1853205783
4433 0.1853556075
4434 0.1853906367
4435 0.1854256658
4436 0.185460695
4437 0.1854957242
4438 0.1855307533
4439 0.1855657825
4440 0.1856008117
4441 0.1856358408
4442 0.18567087
4443 0.1857058991
4444 0.1857409283
4445 0.1857759575
4446 0.1858109866
4447 0.1858460158
4448 0.185881045
4449 0.1859160741
4450 0.1859511033
4451 0.1859861325
4452 0.1860211616
4453 0.1860561908
4454 0.18609122
4455 0.1861262491
4456 0.1861612783
4457 0.1861963074
4458 0.1862313366
4459 0.1862663658
4460 0.1863013949
4461 0.1863364241
4462 0.1863714533
4463 0.1864064824
4464 0.1864415116
4465 0.1864765408
4466 0.1865115699
4467 0.1865465991
4468 0.1865816282
4469 0.1866166574
4470 0.1866516866
4471 0.1866867157
4472 0.1867217449
4473 0.1867567741
4474 0.1867918032
4475 0.1868268324
4476 0.1868618616
4477 0.1868968907
4478 0.1869319199
4479 0.1869669491
4480 0.1870019782
4481 0.1870370074
4482 0.1870720365
4483 0.1871070657
4484 0.1871420949
4485 0.187177124
4486 0.1872121532
4487 0.1872471824
4488 0.1872822115
4489 0.1873172407
4490 0.1873522699
4491 0.187387299
4492 0.1874223282
4493 0.1874573573
4494 0.1874923865
4495 0.1875274157
4496 0.1875624448
4497 0.187597474
4498 0.1876325032
4499 0.1876675323
4500 0.1877025615
4501 0.1877375907
4502 0.1877726198
4503 0.187807649
4504 0.1878426782
4505 0.1878777073
4506 0.1879127365
4507 0.1879477656
4508 0.1879827948
4509 0.188017824
4510 0.1880528531
4511 0.1880878823
4512 0.1881229115
4513 0.1881579406
4514 0.1881929698
4515 0.188227999
4516 0.1882630281
4517 0.1882980573
4518 0.1883330864
4519 0.1883681156
4520 0.1884031448
4521 0.1884381739
4522 0.1884732031
4523 0.1885082323
4524 0.1885432614
4525 0.1885782906
4526 0.1886133198
4527 0.1886483489
4528 0.1886833781
4529 0.1887184073
4530 0.1887534364
4531 0.1887884656
4532 0.1888234947
4533 0.1888585239
4534 0.1888935531
4535 0.1889285822
4536 0.1889636114
4537 0.1889986406
4538 0.1890336697
4539 0.1890686989
4540 0.1891037281
4541 0.1891387572
4542 0.1891737864
4543 0.1892088155
4544 0.1892438447
4545 0.1892788739
4546 0.189313903
4547 0.1893489322
4548 0.1893839614
4549 0.1894189905
4550 0.1894540197
4551 0.1894890489
4552 0.189524078
4553 0.1895591072
4554 0.1895941364
4555 0.1896291655
4556 0.1896641947
4557 0.1896992238
4558 0.189734253
4559 0.1897692822
4560 0.1898043113
4561 0.1898393405
4562 0.1898743697
4563 0.1899093988
4564 0.189944428
4565 0.1899794572
4566 0.1900144863
4567 0.1900495155
4568 0.1900845446
4569 0.1901195738
4570 0.190154603
4571 0.1901896321
4572 0.1902246613
4573 0.1902596905
4574 0.1902947196
4575 0.1903297488
4576 0.190364778
4577 0.1903998071
4578 0.1904348363
4579 0.1904698655
4580 0.1905048946
4581 0.1905399238
4582 0.1905749529
4583 0.1906099821
4584 0.1906450113
4585 0.1906800404
4586 0.1907150696
4587 0.1907500988
4588 0.1907851279
4589 0.1908201571
4590 0.1908551863
4591 0.1908902154
4592 0.1909252446
4593 0.1909602737
4594 0.1909953029
4595 0.1910303321
4596 0.1910653612
4597 0.1911003904
4598 0.1911354196
4599 0.1911704487
4600 0.1912054779
4601 0.1912405071
4602 0.1912755362
4603 0.1913105654
4604 0.1913455945
4605 0.1913806237
4606 0.1914156529
4607 0.191450682
4608 0.1914857112
4609 0.1915207404
4610 0.1915557695
4611 0.1915907987
4612 0.1916258279
4613 0.191660857
4614 0.1916958862
4615 0.1917309154
4616 0.1917659445
4617 0.1918009737
4618 0.1918360028
4619 0.191871032
4620 0.1919060612
4621 0.1919410903
4622 0.1919761195
4623 0.1920111487
4624 0.1920461778
4625 0.192081207
4626 0.1921162362
4627 0.1921512653
4628 0.1921862945
4629 0.1922213236
4630 0.1922563528
4631 0.192291382
4632 0.1923264111
4633 0.1923614403
4634 0.1923964695
4635 0.1924314986
4636 0.1924665278
4637 0.192501557
4638 0.1925365861
4639 0.1925716153
4640 0.1926066445
4641 0.1926416736
4642 0.1926767028
4643 0.1927117319
4644 0.1927467611
4645 0.1927817903
4646 0.1928168194
4647 0.1928518486
4648 0.1928868778
4649 0.1929219069
4650 0.1929569361
4651 0.1929919653
4652 0.1930269944
4653 0.1930620236
4654 0.1930970527
4655 0.1931320819
4656 0.1931671111
4657 0.1932021402
4658 0.1932371694
4659 0.1932721986
4660 0.1933072277
4661 0.1933422569
4662 0.1933772861
4663 0.1934123152
4664 0.1934473444
4665 0.1934823736
4666 0.1935174027
4667 0.1935524319
4668 0.193587461
4669 0.1936224902
4670 0.1936575194
4671 0.1936925485
4672 0.1937275777
4673 0.1937626069
4674 0.193797636
4675 0.1938326652
4676 0.1938676944
4677 0.1939027235
4678 0.1939377527
4679 0.1939727818
4680 0.194007811
4681 0.1940428402
4682 0.1940778693
4683 0.1941128985
4684 0.1941479277
4685 0.1941829568
4686 0.194217986
4687 0.1942530152
4688 0.1942880443
4689 0.1943230735
4690 0.1943581027
4691 0.1943931318
4692 0.194428161
4693 0.1944631901
4694 0.1944982193
4695 0.1945332485
4696 0.1945682776
4697 0.1946033068
4698 0.194638336
4699 0.1946733651
4700 0.1947083943
4701 0.1947434235
4702 0.1947784526
4703 0.1948134818
4704 0.1948485109
4705 0.1948835401
4706 0.1949185693
4707 0.1949535984
4708 0.1949886276
4709 0.1950236568
4710 0.1950586859
4711 0.1950937151
4712 0.1951287443
4713 0.1951637734
4714 0.1951988026
4715 0.1952338318
4716 0.1952688609
4717 0.1953038901
4718 0.1953389192
4719 0.1953739484
4720 0.1954089776
4721 0.1954440067
4722 0.1954790359
4723 0.1955140651
4724 0.1955490942
4725 0.1955841234
4726 0.1956191526
4727 0.1956541817
4728 0.1956892109
4729 0.19572424
4730 0.1957592692
4731 0.1957942984
4732 0.1958293275
4733 0.1958643567
4734 0.1958993859
4735 0.195934415
4736 0.1959694442
4737 0.1960044734
4738 0.1960395025
4739 0.1960745317
4740 0.1961095609
4741 0.19614459
4742 0.1961796192
4743 0.1962146483
4744 0.1962496775
4745 0.1962847067
4746 0.1963197358
4747 0.196354765
4748 0.1963897942
4749 0.1964248233
4750 0.1964598525
4751 0.1964948817
4752 0.1965299108
4753 0.19656494
4754 0.1965999691
4755 0.1966349983
4756 0.1966700275
4757 0.1967050566
4758 0.1967400858
4759 0.196775115
4760 0.1968101441
4761 0.1968451733
4762 0.1968802025
4763 0.1969152316
4764 0.1969502608
4765 0.19698529
4766 0.1970203191
4767 0.1970553483
4768 0.1970903774
4769 0.1971254066
4770 0.1971604358
4771 0.1971954649
4772 0.1972304941
4773 0.1972655233
4774 0.1973005524
4775 0.1973355816
4776 0.1973706108
4777 0.1974056399
4778 0.1974406691
4779 0.1974756982
4780 0.1975107274
4781 0.1975457566
4782 0.1975807857
4783 0.1976158149
4784 0.1976508441
4785 0.1976858732
4786 0.1977209024
4787 0.1977559316
4788 0.1977909607
4789 0.1978259899
4790 0.197861019
4791 0.1978960482
4792 0.1979310774
4793 0.1979661065
4794 0.1980011357
4795 0.1980361649
4796 0.198071194
4797 0.1981062232
4798 0.1981412524
4799 0.1981762815
4800 0.1982113107
4801 0.1982463399
4802 0.198281369
4803 0.1983163982
4804 0.1983514273
4805 0.1983864565
4806 0.1984214857
4807 0.1984565148
4808 0.198491544
4809 0.1985265732
4810 0.1985616023
4811 0.1985966315
4812 0.1986316607
4813 0.1986666898
4814 0.198701719
4815 0.1987367481
4816 0.1987717773
4817 0.1988068065
4818 0.1988418356
4819 0.1988768648
4820 0.198911894
4821 0.1989469231
4822 0.1989819523
4823 0.1990169815
4824 0.1990520106
4825 0.1990870398
4826 0.199122069
4827 0.1991570981
4828 0.1991921273
4829 0.1992271564
4830 0.1992621856
4831 0.1992972148
4832 0.1993322439
4833 0.1993672731
4834 0.1994023023
4835 0.1994373314
4836 0.1994723606
4837 0.1995073898
4838 0.1995424189
4839 0.1995774481
4840 0.1996124772
4841 0.1996475064
4842 0.1996825356
4843 0.1997175647
4844 0.1997525939
4845 0.1997876231
4846 0.1998226522
4847 0.1998576814
4848 0.1998927106
4849 0.1999277397
4850 0.1999627689
4851 0.1999977981
4852 0.2000328272
4853 0.2000678564
4854 0.2001028855
4855 0.2001379147
4856 0.2001729439
4857 0.200207973
4858 0.2002430022
4859 0.2002780314
4860 0.2003130605
4861 0.2003480897
4862 0.2003831189
4863 0.200418148
4864 0.2004531772
4865 0.2004882063
4866 0.2005232355
4867 0.2005582647
4868 0.2005932938
4869 0.200628323
4870 0.2006633522
4871 0.2006983813
4872 0.2007334105
4873 0.2007684397
4874 0.2008034688
4875 0.200838498
4876 0.2008735272
4877 0.2009085563
4878 0.2009435855
4879 0.2009786146
4880 0.2010136438
4881 0.201048673
4882 0.2010837021
4883 0.2011187313
4884 0.2011537605
4885 0.2011887896
4886 0.2012238188
4887 0.201258848
4888 0.2012938771
4889 0.2013289063
4890 0.2013639354
4891 0.2013989646
4892 0.2014339938
4893 0.2014690229
4894 0.2015040521
4895 0.2015390813
4896 0.2015741104
4897 0.2016091396
4898 0.2016441688
4899 0.2016791979
4900 0.2017142271
4901 0.2017492563
4902 0.2017842854
4903 0.2018193146
4904 0.2018543437
4905 0.2018893729
4906 0.2019244021
4907 0.2019594312
4908 0.2019944604
4909 0.2020294896
4910 0.2020645187
4911 0.2020995479
4912 0.2021345771
4913 0.2021696062
4914 0.2022046354
4915 0.2022396645
4916 0.2022746937
4917 0.2023097229
4918 0.202344752
4919 0.2023797812
4920 0.2024148104
4921 0.2024498395
4922 0.2024848687
4923 0.2025198979
4924 0.202554927
4925 0.2025899562
4926 0.2026249854
4927 0.2026600145
4928 0.2026950437
4929 0.2027300728
4930 0.202765102
4931 0.2028001312
4932 0.2028351603
4933 0.2028701895
4934 0.2029052187
4935 0.2029402478
4936 0.202975277
4937 0.2030103062
4938 0.2030453353
4939 0.2030803645
4940 0.2031153936
4941 0.2031504228
4942 0.203185452
4943 0.2032204811
4944 0.2032555103
4945 0.2032905395
4946 0.2033255686
4947 0.2033605978
4948 0.203395627
4949 0.2034306561
4950 0.2034656853
4951 0.2035007145
4952 0.2035357436
4953 0.2035707728
4954 0.2036058019
4955 0.2036408311
4956 0.2036758603
4957 0.2037108894
4958 0.2037459186
4959 0.2037809478
4960 0.2038159769
4961 0.2038510061
4962 0.2038860353
4963 0.2039210644
4964 0.2039560936
4965 0.2039911227
4966 0.2040261519
4967 0.2040611811
4968 0.2040962102
4969 0.2041312394
4970 0.2041662686
4971 0.2042012977
4972 0.2042363269
4973 0.2042713561
4974 0.2043063852
4975 0.2043414144
4976 0.2043764435
4977 0.2044114727
4978 0.2044465019
4979 0.204481531
4980 0.2045165602
4981 0.2045515894
4982 0.2045866185
4983 0.2046216477
4984 0.2046566769
4985 0.204691706
4986 0.2047267352
4987 0.2047617644
4988 0.2047967935
4989 0.2048318227
4990 0.2048668518
4991 0.204901881
4992 0.2049369102
4993 0.2049719393
4994 0.2050069685
4995 0.2050419977
4996 0.2050770268
4997 0.205112056
4998 0.2051470852
4999 0.2051821143
5000 0.2052171435
5001 0.2052521726
5002 0.2052872018
5003 0.205322231
5004 0.2053572601
5005 0.2053922893
5006 0.2054273185
5007 0.2054623476
5008 0.2054973768
5009 0.205532406
5010 0.2055674351
5011 0.2056024643
5012 0.2056374935
5013 0.2056725226
5014 0.2057075518
5015 0.2057425809
5016 0.2057776101
5017 0.2058126393
5018 0.2058476684
5019 0.2058826976
5020 0.2059177268
5021 0.2059527559
5022 0.2059877851
5023 0.2060228143
5024 0.2060578434
5025 0.2060928726
5026 0.2061279017
5027 0.2061629309
5028 0.2061979601
5029 0.2062329892
5030 0.2062680184
5031 0.2063030476
5032 0.2063380767
5033 0.2063731059
5034 0.2064081351
5035 0.2064431642
5036 0.2064781934
5037 0.2065132226
5038 0.2065482517
5039 0.2065832809
5040 0.20661831
5041 0.2066533392
5042 0.2066883684
5043 0.2067233975
5044 0.2067584267
5045 0.2067934559
5046 0.206828485
5047 0.2068635142
5048 0.2068985434
5049 0.2069335725
5050 0.2069686017
5051 0.2070036308
5052 0.20703866
5053 0.2070736892
5054 0.2071087183
5055 0.2071437475
5056 0.2071787767
5057 0.2072138058
5058 0.207248835
5059 0.2072838642
5060 0.2073188933
5061 0.2073539225
5062 0.2073889517
5063 0.2074239808
5064 0.20745901
5065 0.2074940391
5066 0.2075290683
5067 0.2075640975
5068 0.2075991266
5069 0.2076341558
5070 0.207669185
5071 0.2077042141
5072 0.2077392433
5073 0.2077742725
5074 0.2078093016
5075 0.2078443308
5076 0.2078793599
5077 0.2079143891
5078 0.2079494183
5079 0.2079844474
5080 0.2080194766
5081 0.2080545058
5082 0.2080895349
5083 0.2081245641
5084 0.2081595933
5085 0.2081946224
5086 0.2082296516
5087 0.2082646808
5088 0.2082997099
5089 0.2083347391
5090 0.2083697682
5091 0.2084047974
5092 0.2084398266
5093 0.2084748557
5094 0.2085098849
5095 0.2085449141
5096 0.2085799432
5097 0.2086149724
5098 0.2086500016
5099 0.2086850307
5100 0.2087200599
5101 0.208755089
5102 0.2087901182
5103 0.2088251474
5104 0.2088601765
5105 0.2088952057
5106 0.2089302349
5107 0.208965264
5108 0.2090002932
5109 0.2090353224
5110 0.2090703515
5111 0.2091053807
5112 0.2091404099
5113 0.209175439
5114 0.2092104682
5115 0.2092454973
5116 0.2092805265
5117 0.2093155557
5118 0.2093505848
5119 0.209385614
5120 0.2094206432
5121 0.2094556723
5122 0.2094907015
5123 0.2095257307
5124 0.2095607598
5125 0.209595789
5126 0.2096308181
5127 0.2096658473
5128 0.2097008765
5129 0.2097359056
5130 0.2097709348
5131 0.209805964
5132 0.2098409931
5133 0.2098760223
5134 0.2099110515
5135 0.2099460806
5136 0.2099811098
5137 0.210016139
5138 0.2100511681
5139 0.2100861973
5140 0.2101212264
5141 0.2101562556
5142 0.2101912848
5143 0.2102263139
5144 0.2102613431
5145 0.2102963723
5146 0.2103314014
5147 0.2103664306
5148 0.2104014598
5149 0.2104364889
5150 0.2104715181
5151 0.2105065472
5152 0.2105415764
5153 0.2105766056
5154 0.2106116347
5155 0.2106466639
5156 0.2106816931
5157 0.2107167222
5158 0.2107517514
5159 0.2107867806
5160 0.2108218097
5161 0.2108568389
5162 0.210891868
5163 0.2109268972
5164 0.2109619264
5165 0.2109969555
5166 0.2110319847
5167 0.2110670139
5168 0.211102043
5169 0.2111370722
5170 0.2111721014
5171 0.2112071305
5172 0.2112421597
5173 0.2112771889
5174 0.211312218
5175 0.2113472472
5176 0.2113822763
5177 0.2114173055
5178 0.2114523347
5179 0.2114873638
5180 0.211522393
5181 0.2115574222
5182 0.2115924513
5183 0.2116274805
5184 0.2116625097
5185 0.2116975388
5186 0.211732568
5187 0.2117675971
5188 0.2118026263
5189 0.2118376555
5190 0.2118726846
5191 0.2119077138
5192 0.211942743
5193 0.2119777721
5194 0.2120128013
5195 0.2120478305
5196 0.2120828596
5197 0.2121178888
5198 0.212152918
5199 0.2121879471
5200 0.2122229763
5201 0.2122580054
5202 0.2122930346
5203 0.2123280638
5204 0.2123630929
5205 0.2123981221
5206 0.2124331513
5207 0.2124681804
5208 0.2125032096
5209 0.2125382388
5210 0.2125732679
5211 0.2126082971
5212 0.2126433262
5213 0.2126783554
5214 0.2127133846
5215 0.2127484137
5216 0.2127834429
5217 0.2128184721
5218 0.2128535012
5219 0.2128885304
5220 0.2129235596
5221 0.2129585887
5222 0.2129936179
5223 0.2130286471
5224 0.2130636762
5225 0.2130987054
5226 0.2131337345
5227 0.2131687637
5228 0.2132037929
5229 0.213238822
5230 0.2132738512
5231 0.2133088804
5232 0.2133439095
5233 0.2133789387
5234 0.2134139679
5235 0.213448997
5236 0.2134840262
5237 0.2135190553
5238 0.2135540845
5239 0.2135891137
5240 0.2136241428
5241 0.213659172
5242 0.2136942012
5243 0.2137292303
5244 0.2137642595
5245 0.2137992887
5246 0.2138343178
5247 0.213869347
5248 0.2139043762
5249 0.2139394053
5250 0.2139744345
5251 0.2140094636
5252 0.2140444928
5253 0.214079522
5254 0.2141145511
5255 0.2141495803
5256 0.2141846095
5257 0.2142196386
5258 0.2142546678
5259 0.214289697
5260 0.2143247261
5261 0.2143597553
5262 0.2143947844
5263 0.2144298136
5264 0.2144648428
5265 0.2144998719
5266 0.2145349011
5267 0.2145699303
5268 0.2146049594
5269 0.2146399886
5270 0.2146750178
5271 0.2147100469
5272 0.2147450761
5273 0.2147801053
5274 0.2148151344
5275 0.2148501636
5276 0.2148851927
5277 0.2149202219
5278 0.2149552511
5279 0.2149902802
5280 0.2150253094
5281 0.2150603386
5282 0.2150953677
5283 0.2151303969
5284 0.2151654261
5285 0.2152004552
5286 0.2152354844
5287 0.2152705135
5288 0.2153055427
5289 0.2153405719
5290 0.215375601
5291 0.2154106302
5292 0.2154456594
5293 0.2154806885
5294 0.2155157177
5295 0.2155507469
5296 0.215585776
5297 0.2156208052
5298 0.2156558344
5299 0.2156908635
5300 0.2157258927
5301 0.2157609218
5302 0.215795951
5303 0.2158309802
5304 0.2158660093
5305 0.2159010385
5306 0.2159360677
5307 0.2159710968
5308 0.216006126
5309 0.2160411552
5310 0.2160761843
5311 0.2161112135
5312 0.2161462426
5313 0.2161812718
5314 0.216216301
5315 0.2162513301
5316 0.2162863593
5317 0.2163213885
5318 0.2163564176
5319 0.2163914468
5320 0.216426476
5321 0.2164615051
5322 0.2164965343
5323 0.2165315635
5324 0.2165665926
5325 0.2166016218
5326 0.2166366509
5327 0.2166716801
5328 0.2167067093
5329 0.2167417384
5330 0.2167767676
5331 0.2168117968
5332 0.2168468259
5333 0.2168818551
5334 0.2169168843
5335 0.2169519134
5336 0.2169869426
5337 0.2170219717
5338 0.2170570009
5339 0.2170920301
5340 0.2171270592
5341 0.2171620884
5342 0.2171971176
5343 0.2172321467
5344 0.2172671759
5345 0.2173022051
5346 0.2173372342
5347 0.2173722634
5348 0.2174072925
5349 0.2174423217
5350 0.2174773509
5351 0.21751238
5352 0.2175474092
5353 0.2175824384
5354 0.2176174675
5355 0.2176524967
5356 0.2176875259
5357 0.217722555
5358 0.2177575842
5359 0.2177926134
5360 0.2178276425
5361 0.2178626717
5362 0.2178977008
5363 0.21793273
5364 0.2179677592
5365 0.2180027883
5366 0.2180378175
5367 0.2180728467
5368 0.2181078758
5369 0.218142905
5370 0.2181779342
5371 0.2182129633
5372 0.2182479925
5373 0.2182830216
5374 0.2183180508
5375 0.21835308
5376 0.2183881091
5377 0.2184231383
5378 0.2184581675
5379 0.2184931966
5380 0.2185282258
5381 0.218563255
5382 0.2185982841
5383 0.2186333133
5384 0.2186683425
5385 0.2187033716
5386 0.2187384008
5387 0.2187734299
5388 0.2188084591
5389 0.2188434883
5390 0.2188785174
5391 0.2189135466
5392 0.2189485758
5393 0.2189836049
5394 0.2190186341
5395 0.2190536633
5396 0.2190886924
5397 0.2191237216
5398 0.2191587507
5399 0.2191937799
5400 0.2192288091
5401 0.2192638382
5402 0.2192988674
5403 0.2193338966
5404 0.2193689257
5405 0.2194039549
5406 0.2194389841
5407 0.2194740132
5408 0.2195090424
5409 0.2195440716
5410 0.2195791007
5411 0.2196141299
5412 0.219649159
5413 0.2196841882
5414 0.2197192174
5415 0.2197542465
5416 0.2197892757
5417 0.2198243049
5418 0.219859334
5419 0.2198943632
5420 0.2199293924
5421 0.2199644215
5422 0.2199994507
5423 0.2200344798
5424 0.220069509
5425 0.2201045382
5426 0.2201395673
5427 0.2201745965
5428 0.2202096257
5429 0.2202446548
5430 0.220279684
5431 0.2203147132
5432 0.2203497423
5433 0.2203847715
5434 0.2204198007
5435 0.2204548298
5436 0.220489859
5437 0.2205248881
5438 0.2205599173
5439 0.2205949465
5440 0.2206299756
5441 0.2206650048
5442 0.220700034
5443 0.2207350631
5444 0.2207700923
5445 0.2208051215
5446 0.2208401506
5447 0.2208751798
5448 0.2209102089
5449 0.2209452381
5450 0.2209802673
5451 0.2210152964
5452 0.2210503256
5453 0.2210853548
5454 0.2211203839
5455 0.2211554131
5456 0.2211904423
5457 0.2212254714
5458 0.2212605006
5459 0.2212955298
5460 0.2213305589
5461 0.2213655881
5462 0.2214006172
5463 0.2214356464
5464 0.2214706756
5465 0.2215057047
5466 0.2215407339
5467 0.2215757631
5468 0.2216107922
5469 0.2216458214
5470 0.2216808506
5471 0.2217158797
5472 0.2217509089
5473 0.221785938
5474 0.2218209672
5475 0.2218559964
5476 0.2218910255
5477 0.2219260547
5478 0.2219610839
5479 0.221996113
5480 0.2220311422
5481 0.2220661714
5482 0.2221012005
5483 0.2221362297
5484 0.2221712589
5485 0.222206288
5486 0.2222574758
5487 0.2223086635
5488 0.2223598513
5489 0.222411039
5490 0.2224622268
5491 0.2225134145
5492 0.2225646022
5493 0.22261579
5494 0.2226669777
5495 0.2227181655
5496 0.2227693532
5497 0.222820541
5498 0.2228717287
5499 0.2229229165
5500 0.2229741042
5501 0.223025292
5502 0.2230764797
5503 0.2231276675
5504 0.2231788552
5505 0.223230043
5506 0.2232812307
5507 0.2233324185
5508 0.2233836062
5509 0.223434794
5510 0.2234859817
5511 0.2235371694
5512 0.2235883572
5513 0.2236395449
5514 0.2236907327
5515 0.2237419204
5516 0.2237931082
5517 0.2238442959
5518 0.2238954837
5519 0.2239466714
5520 0.2239978592
5521 0.2240490469
5522 0.2241002347
5523 0.2241514224
5524 0.2242026102
5525 0.2242537979
5526 0.2243049857
5527 0.2243561734
5528 0.2244073612
5529 0.2244585489
5530 0.2245097367
5531 0.2245609244
5532 0.2246121121
5533 0.2246632999
5534 0.2247144876
5535 0.2247656754
5536 0.2248168631
5537 0.2248680509
5538 0.2249192386
5539 0.2249704264
5540 0.2250216141
5541 0.2250728019
5542 0.2251239896
5543 0.2251751774
5544 0.2252263651
5545 0.2252775529
5546 0.2253287406
5547 0.2253799284
5548 0.2254311161
5549 0.2254823039
5550 0.2255334916
5551 0.2255846793
5552 0.2256358671
5553 0.2256870548
5554 0.2257382426
5555 0.2257894303
5556 0.2258406181
5557 0.2258918058
5558 0.2259429936
5559 0.2259941813
5560 0.2260453691
5561 0.2260965568
5562 0.2261477446
5563 0.2261989323
5564 0.2262501201
5565 0.2263013078
5566 0.2263524956
5567 0.2264036833
5568 0.2264548711
5569 0.2265060588
5570 0.2265572465
5571 0.2266084343
5572 0.226659622
5573 0.2267108098
5574 0.2267619975
5575 0.2268131853
5576 0.226864373
5577 0.2269155608
5578 0.2269667485
5579 0.2270179363
5580 0.227069124
5581 0.2271203118
5582 0.2271714995
5583 0.2272226873
5584 0.227273875
5585 0.2273250628
5586 0.2273762505
5587 0.2274274383
5588 0.227478626
5589 0.2275298137
5590 0.2275810015
5591 0.2276321892
5592 0.227683377
5593 0.2277345647
5594 0.2277857525
5595 0.2278369402
5596 0.227888128
5597 0.2279393157
5598 0.2279905035
5599 0.2280416912
5600 0.228092879
5601 0.2281440667
5602 0.2281952545
5603 0.2282464422
5604 0.22829763
5605 0.2283488177
5606 0.2284000055
5607 0.2284511932
5608 0.228502381
5609 0.2285535687
5610 0.2286047564
5611 0.2286559442
5612 0.2287071319
5613 0.2287583197
5614 0.2288095074
5615 0.2288606952
5616 0.2289118829
5617 0.2289630707
5618 0.2290142584
5619 0.2290654462
5620 0.2291166339
5621 0.2291678217
5622 0.2292190094
5623 0.2292701972
5624 0.2293213849
5625 0.2293725727
5626 0.2294237604
5627 0.2294749482
5628 0.2295261359
5629 0.2295773236
5630 0.2296285114
5631 0.2296796991
5632 0.2297308869
5633 0.2297820746
5634 0.2298332624
5635 0.2298844501
5636 0.2299356379
5637 0.2299868256
5638 0.2300380134
5639 0.2300892011
5640 0.2301403889
5641 0.2301915766
5642 0.2302427644
5643 0.2302939521
5644 0.2303451399
5645 0.2303963276
5646 0.2304475154
5647 0.2304987031
5648 0.2305498908
5649 0.2306010786
5650 0.2306522663
5651 0.2307034541
5652 0.2307546418
5653 0.2308058296
5654 0.2308570173
5655 0.2309082051
5656 0.2309593928
5657 0.2310105806
5658 0.2310617683
5659 0.2311129561
5660 0.2311641438
5661 0.2312153316
5662 0.2312665193
5663 0.2313177071
5664 0.2313688948
5665 0.2314200826
5666 0.2314712703
5667 0.2315224581
5668 0.2315736458
5669 0.2316248335
5670 0.2316760213
5671 0.231727209
5672 0.2317783968
5673 0.2318295845
5674 0.2318807723
5675 0.23193196
5676 0.2319831478
5677 0.2320343355
5678 0.2320855233
5679 0.232136711
5680 0.2321878988
5681 0.2322390865
5682 0.2322902743
5683 0.232341462
5684 0.2323926498
5685 0.2324438375
5686 0.2324950253
5687 0.232546213
5688 0.2325974007
5689 0.2326485885
5690 0.2326997762
5691 0.232750964
5692 0.2328021517
5693 0.2328533395
5694 0.2329045272
5695 0.232955715
5696 0.2330069027
5697 0.2330580905
5698 0.2331092782
5699 0.233160466
5700 0.2332116537
5701 0.2332628415
5702 0.2333140292
5703 0.233365217
5704 0.2334164047
5705 0.2334675925
5706 0.2335187802
5707 0.2335699679
5708 0.2336211557
5709 0.2336723434
5710 0.2337235312
5711 0.2337747189
5712 0.2338259067
5713 0.2338770944
5714 0.2339282822
5715 0.2339794699
5716 0.2340306577
5717 0.2340818454
5718 0.2341330332
5719 0.2341842209
5720 0.2342354087
5721 0.2342865964
5722 0.2343377842
5723 0.2343889719
5724 0.2344401597
5725 0.2344913474
5726 0.2345425351
5727 0.2345937229
5728 0.2346449106
5729 0.2346960984
5730 0.2347472861
5731 0.2347984739
5732 0.2348496616
5733 0.2349008494
5734 0.2349520371
5735 0.2350032249
5736 0.2350544126
5737 0.2351056004
5738 0.2351567881
5739 0.2352079759
5740 0.2352591636
5741 0.2353103514
5742 0.2353615391
5743 0.2354127269
5744 0.2354639146
5745 0.2355151024
5746 0.2355662901
5747 0.2356174778
5748 0.2356686656
5749 0.2357198533
5750 0.2357710411
5751 0.2358222288
5752 0.2358734166
5753 0.2359246043
5754 0.2359757921
5755 0.2360269798
5756 0.2360781676
5757 0.2361293553
5758 0.2361805431
5759 0.2362317308
5760 0.2362829186
5761 0.2363341063
5762 0.2363852941
5763 0.2364364818
5764 0.2364876696
5765 0.2365388573
5766 0.236590045
5767 0.2366412328
5768 0.2366924205
5769 0.2367436083
5770 0.236794796
5771 0.2368459838
5772 0.2368971715
5773 0.2369483593
5774 0.236999547
5775 0.2370507348
5776 0.2371019225
5777 0.2371531103
5778 0.237204298
5779 0.2372554858
5780 0.2373066735
5781 0.2373578613
5782 0.237409049
5783 0.2374602368
5784 0.2375114245
5785 0.2375626122
5786 0.2376138
5787 0.2376649877
5788 0.2377161755
5789 0.2377673632
5790 0.237818551
5791 0.2378697387
5792 0.2379209265
5793 0.2379721142
5794 0.238023302
5795 0.2380744897
5796 0.2381256775
5797 0.2381768652
5798 0.238228053
5799 0.2382792407
5800 0.2383304285
5801 0.2383816162
5802 0.238432804
5803 0.2384839917
5804 0.2385351795
5805 0.2385863672
5806 0.2386375549
5807 0.2386887427
5808 0.2387399304
5809 0.2387911182
5810 0.2388423059
5811 0.2388934937
5812 0.2389446814
5813 0.2389958692
5814 0.2390470569
5815 0.2390982447
5816 0.2391494324
5817 0.2392006202
5818 0.2392518079
5819 0.2393029957
5820 0.2393541834
5821 0.2394053712
5822 0.2394565589
5823 0.2395077467
5824 0.2395589344
5825 0.2396101221
5826 0.2396613099
5827 0.2397124976
5828 0.2397636854
5829 0.2398148731
5830 0.2398660609
5831 0.2399172486
5832 0.2399684364
5833 0.2400196241
5834 0.2400708119
5835 0.2401219996
5836 0.2401731874
5837 0.2402243751
5838 0.2402755629
5839 0.2403267506
5840 0.2403779384
5841 0.2404291261
5842 0.2404803139
5843 0.2405315016
5844 0.2405826893
5845 0.2406338771
5846 0.2406850648
5847 0.2407362526
5848 0.2407874403
5849 0.2408386281
5850 0.2408898158
5851 0.2409410036
5852 0.2409921913
5853 0.2410433791
5854 0.2410945668
5855 0.2411457546
5856 0.2411969423
5857 0.2412481301
5858 0.2412993178
5859 0.2413505056
5860 0.2414016933
5861 0.2414528811
5862 0.2415040688
5863 0.2415552566
5864 0.2416064443
5865 0.241657632
5866 0.2417088198
5867 0.2417600075
5868 0.2418111953
5869 0.241862383
5870 0.2419135708
5871 0.2419647585
5872 0.2420159463
5873 0.242067134
5874 0.2421183218
5875 0.2421695095
5876 0.2422206973
5877 0.242271885
5878 0.2423230728
5879 0.2423742605
5880 0.2424254483
5881 0.242476636
5882 0.2425278238
5883 0.2425790115
5884 0.2426301992
5885 0.242681387
5886 0.2427325747
5887 0.2427837625
5888 0.2428349502
5889 0.242886138
5890 0.2429373257
5891 0.2429885135
5892 0.2430397012
5893 0.243090889
5894 0.2431420767
5895 0.2431932645
5896 0.2432444522
5897 0.24329564
5898 0.2433468277
5899 0.2433980155
5900 0.2434492032
5901 0.243500391
5902 0.2435515787
5903 0.2436027664
5904 0.2436539542
5905 0.2437051419
5906 0.2437563297
5907 0.2438075174
5908 0.2438587052
5909 0.2439098929
5910 0.2439610807
5911 0.2440122684
5912 0.2440634562
5913 0.2441146439
5914 0.2441658317
5915 0.2442170194
5916 0.2442682072
5917 0.2443193949
5918 0.2443705827
5919 0.2444217704
5920 0.2444729582
5921 0.2445241459
5922 0.2445753336
5923 0.2446265214
5924 0.2446777091
5925 0.2447288969
5926 0.2447800846
5927 0.2448312724
5928 0.2448824601
5929 0.2449336479
5930 0.2449848356
5931 0.2450360234
5932 0.2450872111
5933 0.2451383989
5934 0.2451895866
5935 0.2452407744
5936 0.2452919621
5937 0.2453431499
5938 0.2453943376
5939 0.2454455254
5940 0.2454967131
5941 0.2455479009
5942 0.2455990886
5943 0.2456502763
5944 0.2457014641
5945 0.2457526518
5946 0.2458038396
5947 0.2458550273
5948 0.2459062151
5949 0.2459574028
5950 0.2460085906
5951 0.2460597783
5952 0.2461109661
5953 0.2461621538
5954 0.2462133416
5955 0.2462645293
5956 0.2463157171
5957 0.2463669048
5958 0.2464180926
5959 0.2464692803
5960 0.2465204681
5961 0.2465716558
5962 0.2466228435
5963 0.2466740313
5964 0.246725219
5965 0.2467764068
5966 0.2468275945
5967 0.2468787823
5968 0.24692997
5969 0.2469811578
5970 0.2470323455
5971 0.2470835333
5972 0.247134721
5973 0.2471859088
5974 0.2472370965
5975 0.2472882843
5976 0.247339472
5977 0.2473906598
5978 0.2474418475
5979 0.2474930353
5980 0.247544223
5981 0.2475954107
5982 0.2476465985
5983 0.2476977862
5984 0.247748974
5985 0.2478001617
5986 0.2478513495
5987 0.2479025372
5988 0.247953725
5989 0.2480049127
5990 0.2480561005
5991 0.2481072882
5992 0.248158476
5993 0.2482096637
5994 0.2482608515
5995 0.2483120392
5996 0.248363227
5997 0.2484144147
5998 0.2484656025
5999 0.2485167902
6000 0.248567978
6001 0.2486191657
6002 0.2486703534
6003 0.2487215412
6004 0.2487727289
6005 0.2488239167
6006 0.2488751044
6007 0.2489262922
6008 0.2489774799
6009 0.2490286677
6010 0.2490798554
6011 0.2491310432
6012 0.2491822309
6013 0.2492334187
6014 0.2492846064
6015 0.2493357942
6016 0.2493869819
6017 0.2494381697
6018 0.2494893574
6019 0.2495405452
6020 0.2495917329
6021 0.2496429206
6022 0.2496941084
6023 0.2497452961
6024 0.2497964839
6025 0.2498476716
6026 0.2498988594
6027 0.2499500471
6028 0.2500012349
6029 0.2500524226
6030 0.2501036104
6031 0.2501547981
6032 0.2502059859
6033 0.2502571736
6034 0.2503083614
6035 0.2503595491
6036 0.2504107369
6037 0.2504619246
6038 0.2505131124
6039 0.2505643001
6040 0.2506154878
6041 0.2506666756
6042 0.2507178633
6043 0.2507690511
6044 0.2508202388
6045 0.2508714266
6046 0.2509226143
6047 0.2509738021
6048 0.2510249898
6049 0.2510761776
6050 0.2511273653
6051 0.2511785531
6052 0.2512297408
6053 0.2512809286
6054 0.2513321163
6055 0.2513833041
6056 0.2514344918
6057 0.2514856796
6058 0.2515368673
6059 0.2515880551
6060 0.2516392428
6061 0.2516904305
6062 0.2517416183
6063 0.251792806
6064 0.2518439938
6065 0.2518951815
6066 0.2519463693
6067 0.251997557
6068 0.2520487448
6069 0.2520999325
6070 0.2521511203
6071 0.252202308
6072 0.2522534958
6073 0.2523046835
6074 0.2523558713
6075 0.252407059
6076 0.2524582468
6077 0.2525094345
6078 0.2525606223
6079 0.25261181
6080 0.2526629977
6081 0.2527141855
6082 0.2527653732
6083 0.252816561
6084 0.2528677487
6085 0.2529189365
6086 0.2529701242
6087 0.253021312
6088 0.2530724997
6089 0.2531236875
6090 0.2531748752
6091 0.253226063
6092 0.2532772507
6093 0.2533284385
6094 0.2533796262
6095 0.253430814
6096 0.2534820017
6097 0.2535331895
6098 0.2535843772
6099 0.2536355649
6100 0.2536867527
6101 0.2537379404
6102 0.2537891282
6103 0.2538403159
6104 0.2538915037
6105 0.2539426914
6106 0.2539938792
6107 0.2540450669
6108 0.2540962547
6109 0.2541474424
6110 0.2541986302
6111 0.2542498179
6112 0.2543010057
6113 0.2543521934
6114 0.2544033812
6115 0.2544545689
6116 0.2545057567
6117 0.2545569444
6118 0.2546081321
6119 0.2546593199
6120 0.2547105076
6121 0.2547616954
6122 0.2548128831
6123 0.2548640709
6124 0.2549152586
6125 0.2549664464
6126 0.2550176341
6127 0.2550688219
6128 0.2551200096
6129 0.2551711974
6130 0.2552223851
6131 0.2552735729
6132 0.2553247606
6133 0.2553759484
6134 0.2554271361
6135 0.2554783239
6136 0.2555295116
6137 0.2555806994
6138 0.2556318871
6139 0.2556830748
6140 0.2557342626
6141 0.2557854503
6142 0.2558366381
6143 0.2558878258
6144 0.2559390136
6145 0.2559902013
6146 0.2560413891
6147 0.2560925768
6148 0.2561437646
6149 0.2561949523
6150 0.2562461401
6151 0.2562973278
6152 0.2563485156
6153 0.2563997033
6154 0.2564508911
6155 0.2565020788
6156 0.2565532666
6157 0.2566044543
6158 0.256655642
6159 0.2567068298
6160 0.2567580175
6161 0.2568092053
6162 0.256860393
6163 0.2569115808
6164 0.2569627685
6165 0.2570139563
6166 0.257065144
6167 0.2571163318
6168 0.2571675195
6169 0.2572187073
6170 0.257269895
6171 0.2573210828
6172 0.2573722705
6173 0.2574234583
6174 0.257474646
6175 0.2575258338
6176 0.2575770215
6177 0.2576282092
6178 0.257679397
6179 0.2577305847
6180 0.2577817725
6181 0.2578329602
6182 0.257884148
6183 0.2579353357
6184 0.2579865235
6185 0.2580377112
6186 0.258088899
6187 0.2581400867
6188 0.2581912745
6189 0.2582424622
6190 0.25829365
6191 0.2583448377
6192 0.2583960255
6193 0.2584472132
6194 0.258498401
6195 0.2585495887
6196 0.2586007765
6197 0.2586519642
6198 0.2587031519
6199 0.2587543397
6200 0.2588055274
6201 0.2588567152
6202 0.2589079029
6203 0.2589590907
6204 0.2590102784
6205 0.2590614662
6206 0.2591126539
6207 0.2591638417
6208 0.2592150294
6209 0.2592662172
6210 0.2593174049
6211 0.2593685927
6212 0.2594197804
6213 0.2594709682
6214 0.2595221559
6215 0.2595733437
6216 0.2596245314
6217 0.2596757191
6218 0.2597269069
6219 0.2597780946
6220 0.2598292824
6221 0.2598804701
6222 0.2599316579
6223 0.2599828456
6224 0.2600340334
6225 0.2600852211
6226 0.2601364089
6227 0.2601875966
6228 0.2602387844
6229 0.2602899721
6230 0.2603411599
6231 0.2603923476
6232 0.2604435354
6233 0.2604947231
6234 0.2605459109
6235 0.2605970986
6236 0.2606482863
6237 0.2606994741
6238 0.2607506618
6239 0.2608018496
6240 0.2608530373
6241 0.2609042251
6242 0.2609554128
6243 0.2610066006
6244 0.2610577883
6245 0.2611089761
6246 0.2611601638
6247 0.2612113516
6248 0.2612625393
6249 0.2613137271
6250 0.2613649148
6251 0.2614161026
6252 0.2614672903
6253 0.2615184781
6254 0.2615696658
6255 0.2616208536
6256 0.2616720413
6257 0.261723229
6258 0.2617744168
6259 0.2618256045
6260 0.2618767923
6261 0.26192798
6262 0.2619791678
6263 0.2620303555
6264 0.2620815433
6265 0.262132731
6266 0.2621839188
6267 0.2622351065
6268 0.2622862943
6269 0.262337482
6270 0.2623886698
6271 0.2624398575
6272 0.2624910453
6273 0.262542233
6274 0.2625934208
6275 0.2626446085
6276 0.2626957962
6277 0.262746984
6278 0.2627981717
6279 0.2628493595
6280 0.2629005472
6281 0.262951735
6282 0.2630029227
6283 0.2630541105
6284 0.2631052982
6285 0.263156486
6286 0.2632076737
6287 0.2632588615
6288 0.2633100492
6289 0.263361237
6290 0.2634124247
6291 0.2634636125
6292 0.2635148002
6293 0.263565988
6294 0.2636171757
6295 0.2636683634
6296 0.2637195512
6297 0.2637707389
6298 0.2638219267
6299 0.2638731144
6300 0.2639243022
6301 0.2639754899
6302 0.2640266777
6303 0.2640778654
6304 0.2641290532
6305 0.2641802409
6306 0.2642314287
6307 0.2642826164
6308 0.2643338042
6309 0.2643849919
6310 0.2644361797
6311 0.2644873674
6312 0.2645385552
6313 0.2645897429
6314 0.2646409306
6315 0.2646921184
6316 0.2647433061
6317 0.2647944939
6318 0.2648456816
6319 0.2648968694
6320 0.2649480571
6321 0.2649992449
6322 0.2650504326
6323 0.2651016204
6324 0.2651528081
6325 0.2652039959
6326 0.2652551836
6327 0.2653063714
6328 0.2653575591
6329 0.2654087469
6330 0.2654599346
6331 0.2655111224
6332 0.2655623101
6333 0.2656134979
6334 0.2656646856
6335 0.2657158733
6336 0.2657670611
6337 0.2658182488
6338 0.2658694366
6339 0.2659206243
6340 0.2659718121
6341 0.2660229998
6342 0.2660741876
6343 0.2661253753
6344 0.2661765631
6345 0.2662277508
6346 0.2662789386
6347 0.2663301263
6348 0.2663813141
6349 0.2664325018
6350 0.2664836896
6351 0.2665348773
6352 0.2665860651
6353 0.2666372528
6354 0.2666884405
6355 0.2667396283
6356 0.266790816
6357 0.2668420038
6358 0.2668931915
6359 0.2669443793
6360 0.266995567
6361 0.2670467548
6362 0.2670979425
6363 0.2671491303
6364 0.267200318
6365 0.2672515058
6366 0.2673026935
6367 0.2673538813
6368 0.267405069
6369 0.2674562568
6370 0.2675074445
6371 0.2675586323
6372 0.26760982
6373 0.2676610077
6374 0.2677121955
6375 0.2677633832
6376 0.267814571
6377 0.2678657587
6378 0.2679169465
6379 0.2679681342
6380 0.268019322
6381 0.2680705097
6382 0.2681216975
6383 0.2681728852
6384 0.268224073
6385 0.2682752607
6386 0.2683264485
6387 0.2683776362
6388 0.268428824
6389 0.2684800117
6390 0.2685311995
6391 0.2685823872
6392 0.268633575
6393 0.2686847627
6394 0.2687359504
6395 0.2687871382
6396 0.2688383259
6397 0.2688895137
6398 0.2689407014
6399 0.2689918892
6400 0.2690430769
6401 0.2690942647
6402 0.2691454524
6403 0.2691966402
6404 0.2692478279
6405 0.2692990157
6406 0.2693502034
6407 0.2694013912
6408 0.2694525789
6409 0.2695037667
6410 0.2695549544
6411 0.2696061422
6412 0.2696573299
6413 0.2697085176
6414 0.2697597054
6415 0.2698108931
6416 0.2698620809
6417 0.2699132686
6418 0.2699644564
6419 0.2700156441
6420 0.2700668319
6421 0.2701180196
6422 0.2701692074
6423 0.2702203951
6424 0.2702715829
6425 0.2703227706
6426 0.2703739584
6427 0.2704251461
6428 0.2704763339
6429 0.2705275216
6430 0.2705787094
6431 0.2706298971
6432 0.2706810848
6433 0.2707322726
6434 0.2707834603
6435 0.2708346481
6436 0.2708858358
6437 0.2709370236
6438 0.2709882113
6439 0.2710393991
6440 0.2710905868
6441 0.2711417746
6442 0.2711929623
6443 0.2712441501
6444 0.2712953378
6445 0.2713465256
6446 0.2713977133
6447 0.2714489011
6448 0.2715000888
6449 0.2715512766
6450 0.2716024643
6451 0.2716536521
6452 0.2717048398
6453 0.2717560275
6454 0.2718072153
6455 0.271858403
6456 0.2719095908
6457 0.2719607785
6458 0.2720119663
6459 0.272063154
6460 0.2721143418
6461 0.2721655295
6462 0.2722167173
6463 0.272267905
6464 0.2723190928
6465 0.2723702805
6466 0.2724214683
6467 0.272472656
6468 0.2725238438
6469 0.2725750315
6470 0.2726262193
6471 0.272677407
6472 0.2727285947
6473 0.2727797825
6474 0.2728309702
6475 0.272882158
6476 0.2729333457
6477 0.2729845335
6478 0.2730357212
6479 0.273086909
6480 0.2731380967
6481 0.2731892845
6482 0.2732404722
6483 0.27329166
6484 0.2733428477
6485 0.2733940355
6486 0.2734452232
6487 0.273496411
6488 0.2735475987
6489 0.2735987865
6490 0.2736499742
6491 0.2737011619
6492 0.2737523497
6493 0.2738035374
6494 0.2738547252
6495 0.2739059129
6496 0.2739571007
6497 0.2740082884
6498 0.2740594762
6499 0.2741106639
6500 0.2741618517
6501 0.2742130394
6502 0.2742642272
6503 0.2743154149
6504 0.2743666027
6505 0.2744177904
6506 0.2744689782
6507 0.2745201659
6508 0.2745713537
6509 0.2746225414
6510 0.2746737291
6511 0.2747249169
6512 0.2747761046
6513 0.2748272924
6514 0.2748784801
6515 0.2749296679
6516 0.2749808556
6517 0.2750320434
6518 0.2750832311
6519 0.2751344189
6520 0.2751856066
6521 0.2752367944
6522 0.2752879821
6523 0.2753391699
6524 0.2753903576
6525 0.2754415454
6526 0.2754927331
6527 0.2755439209
6528 0.2755951086
6529 0.2756462964
6530 0.2756974841
6531 0.2757486718
6532 0.2757998596
6533 0.2758510473
6534 0.2759022351
6535 0.2759534228
6536 0.2760046106
6537 0.2760557983
6538 0.2761069861
6539 0.2761581738
6540 0.2762093616
6541 0.2762605493
6542 0.2763117371
6543 0.2763629248
6544 0.2764141126
6545 0.2764653003
6546 0.2765164881
6547 0.2765676758
6548 0.2766188636
6549 0.2766700513
6550 0.276721239
6551 0.2767724268
6552 0.2768236145
6553 0.2768748023
6554 0.27692599
6555 0.2769771778
6556 0.2770283655
6557 0.2770795533
6558 0.277130741
6559 0.2771819288
6560 0.2772331165
6561 0.2772843043
6562 0.277335492
6563 0.2773866798
6564 0.2774378675
6565 0.2774890553
6566 0.277540243
6567 0.2775914308
6568 0.2776426185
6569 0.2776938062
6570 0.277744994
6571 0.2777961817
6572 0.2778473695
6573 0.2778985572
6574 0.277949745
6575 0.2780009327
6576 0.2780521205
6577 0.2781033082
6578 0.278154496
6579 0.2782056837
6580 0.2782568715
6581 0.2783080592
6582 0.278359247
6583 0.2784104347
6584 0.2784616225
6585 0.2785128102
6586 0.278563998
6587 0.2786151857
6588 0.2786663735
6589 0.2787175612
6590 0.2787687489
6591 0.2788199367
6592 0.2788711244
6593 0.2789223122
6594 0.2789734999
6595 0.2790246877
6596 0.2790758754
6597 0.2791270632
6598 0.2791782509
6599 0.2792294387
6600 0.2792806264
6601 0.2793318142
6602 0.2793830019
6603 0.2794341897
6604 0.2794853774
6605 0.2795365652
6606 0.2795877529
6607 0.2796389407
6608 0.2796901284
6609 0.2797413161
6610 0.2797925039
6611 0.2798436916
6612 0.2798948794
6613 0.2799460671
6614 0.2799972549
6615 0.2800484426
6616 0.2800996304
6617 0.2801508181
6618 0.2802020059
6619 0.2802531936
6620 0.2803043814
6621 0.2803555691
6622 0.2804067569
6623 0.2804579446
6624 0.2805091324
6625 0.2805603201
6626 0.2806115079
6627 0.2806626956
6628 0.2807138833
6629 0.2807650711
6630 0.2808162588
6631 0.2808674466
6632 0.2809186343
6633 0.2809698221
6634 0.2810210098
6635 0.2810721976
6636 0.2811233853
6637 0.2811745731
6638 0.2812257608
6639 0.2812769486
6640 0.2813281363
6641 0.2813793241
6642 0.2814305118
6643 0.2814816996
6644 0.2815328873
6645 0.2815840751
6646 0.2816352628
6647 0.2816864506
6648 0.2817376383
6649 0.281788826
6650 0.2818400138
6651 0.2818912015
6652 0.2819423893
6653 0.281993577
6654 0.2820447648
6655 0.2820959525
6656 0.2821471403
6657 0.282198328
6658 0.2822495158
6659 0.2823007035
6660 0.2823518913
6661 0.282403079
6662 0.2824542668
6663 0.2825054545
6664 0.2825566423
6665 0.28260783
6666 0.2826590178
6667 0.2827102055
6668 0.2827613932
6669 0.282812581
6670 0.2828637687
6671 0.2829149565
6672 0.2829661442
6673 0.283017332
6674 0.2830685197
6675 0.2831197075
6676 0.2831708952
6677 0.283222083
6678 0.2832732707
6679 0.2833244585
6680 0.2833756462
6681 0.283426834
6682 0.2834780217
6683 0.2835292095
6684 0.2835803972
6685 0.283631585
6686 0.2836827727
6687 0.2837339604
6688 0.2837851482
6689 0.2838363359
6690 0.2838875237
6691 0.2839387114
6692 0.2839898992
6693 0.2840410869
6694 0.2840922747
6695 0.2841434624
6696 0.2841946502
6697 0.2842458379
6698 0.2842970257
6699 0.2843482134
6700 0.2843994012
6701 0.2844505889
6702 0.2845017767
6703 0.2845529644
6704 0.2846041522
6705 0.2846553399
6706 0.2847065276
6707 0.2847577154
6708 0.2848089031
6709 0.2848600909
6710 0.2849112786
6711 0.2849624664
6712 0.2850136541
6713 0.2850648419
6714 0.2851160296
6715 0.2851672174
6716 0.2852184051
6717 0.2852695929
6718 0.2853207806
6719 0.2853719684
6720 0.2854231561
6721 0.2854743439
6722 0.2855255316
6723 0.2855767194
6724 0.2856279071
6725 0.2856790949
6726 0.2857302826
6727 0.2857814703
6728 0.2858326581
6729 0.2858838458
6730 0.2859350336
6731 0.2859862213
6732 0.2860374091
6733 0.2860885968
6734 0.2861397846
6735 0.2861909723
6736 0.2862421601
6737 0.2862933478
6738 0.2863445356
6739 0.2863957233
6740 0.2864469111
6741 0.2864980988
6742 0.2865492866
6743 0.2866004743
6744 0.2866516621
6745 0.2867028498
6746 0.2867540375
6747 0.2868052253
6748 0.286856413
6749 0.2869076008
6750 0.2869587885
6751 0.2870099763
6752 0.287061164
6753 0.2871123518
6754 0.2871635395
6755 0.2872147273
6756 0.287265915
6757 0.2873171028
6758 0.2873682905
6759 0.2874194783
6760 0.287470666
6761 0.2875218538
6762 0.2875730415
6763 0.2876242293
6764 0.287675417
6765 0.2877266047
6766 0.2877777925
6767 0.2878289802
6768 0.287880168
6769 0.2879313557
6770 0.2879825435
6771 0.2880337312
6772 0.288084919
6773 0.2881361067
6774 0.2881872945
6775 0.2882384822
6776 0.28828967
6777 0.2883408577
6778 0.2883920455
6779 0.2884432332
6780 0.288494421
6781 0.2885456087
6782 0.2885967965
6783 0.2886479842
6784 0.288699172
6785 0.2887503597
6786 0.2888015474
6787 0.2888527352
6788 0.2889039229
6789 0.2889551107
6790 0.2890062984
6791 0.2890574862
6792 0.2891086739
6793 0.2891598617
6794 0.2892110494
6795 0.2892622372
6796 0.2893134249
6797 0.2893646127
6798 0.2894158004
6799 0.2894669882
6800 0.2895181759
6801 0.2895693637
6802 0.2896205514
6803 0.2896717392
6804 0.2897229269
6805 0.2897741146
6806 0.2898253024
6807 0.2898764901
6808 0.2899276779
6809 0.2899788656
6810 0.2900300534
6811 0.2900812411
6812 0.2901324289
6813 0.2901836166
6814 0.2902348044
6815 0.2902859921
6816 0.2903371799
6817 0.2903883676
6818 0.2904395554
6819 0.2904907431
6820 0.2905419309
6821 0.2905931186
6822 0.2906443064
6823 0.2906954941
6824 0.2907466818
6825 0.2907978696
6826 0.2908490573
6827 0.2909002451
6828 0.2909514328
6829 0.2910026206
6830 0.2910538083
6831 0.2911049961
6832 0.2911561838
6833 0.2912073716
6834 0.2912585593
6835 0.2913097471
6836 0.2913609348
6837 0.2914121226
6838 0.2914633103
6839 0.2915144981
6840 0.2915656858
6841 0.2916168736
6842 0.2916680613
6843 0.2917192491
6844 0.2917704368
6845 0.2918216245
6846 0.2918728123
6847 0.291924
6848 0.2919751878
6849 0.2920263755
6850 0.2920775633
6851 0.292128751
6852 0.2921799388
6853 0.2922311265
6854 0.2922823143
6855 0.292333502
6856 0.2923846898
6857 0.2924358775
6858 0.2924870653
6859 0.292538253
6860 0.2925894408
6861 0.2926406285
6862 0.2926918163
6863 0.292743004
6864 0.2927941917
6865 0.2928453795
6866 0.2928965672
6867 0.292947755
6868 0.2929989427
6869 0.2930501305
6870 0.2931013182
6871 0.293152506
6872 0.2932036937
6873 0.2932548815
6874 0.2933060692
6875 0.293357257
6876 0.2934084447
6877 0.2934596325
6878 0.2935108202
6879 0.293562008
6880 0.2936131957
6881 0.2936643835
6882 0.2937155712
6883 0.2937667589
6884 0.2938179467
6885 0.2938691344
6886 0.2939203222
6887 0.2939715099
6888 0.2940226977
6889 0.2940738854
6890 0.2941250732
6891 0.2941762609
6892 0.2942274487
6893 0.2942786364
6894 0.2943298242
6895 0.2943810119
6896 0.2944321997
6897 0.2944833874
6898 0.2945345752
6899 0.2945857629
6900 0.2946369507
6901 0.2946881384
6902 0.2947393261
6903 0.2947905139
6904 0.2948417016
6905 0.2948928894
6906 0.2949440771
6907 0.2949952649
6908 0.2950464526
6909 0.2950976404
6910 0.2951488281
6911 0.2952000159
6912 0.2952512036
6913 0.2953023914
6914 0.2953535791
6915 0.2954047669
6916 0.2954559546
6917 0.2955071424
6918 0.2955583301
6919 0.2956095179
6920 0.2956607056
6921 0.2957118934
6922 0.2957630811
6923 0.2958142688
6924 0.2958654566
6925 0.2959166443
6926 0.2959678321
6927 0.2960190198
6928 0.2960702076
6929 0.2961213953
6930 0.2961725831
6931 0.2962237708
6932 0.2962749586
6933 0.2963261463
6934 0.2963773341
6935 0.2964285218
6936 0.2964797096
6937 0.2965308973
6938 0.2965820851
6939 0.2966332728
6940 0.2966844606
6941 0.2967356483
6942 0.296786836
6943 0.2968380238
6944 0.2968892115
6945 0.2969403993
6946 0.296991587
6947 0.2970427748
6948 0.2970939625
6949 0.2971451503
6950 0.297196338
6951 0.2972475258
6952 0.2972987135
6953 0.2973499013
6954 0.297401089
6955 0.2974522768
6956 0.2975034645
6957 0.2975546523
6958 0.29760584
6959 0.2976570278
6960 0.2977082155
6961 0.2977594032
6962 0.297810591
6963 0.2978617787
6964 0.2979129665
6965 0.2979641542
6966 0.298015342
6967 0.2980665297
6968 0.2981177175
6969 0.2981689052
6970 0.298220093
6971 0.2982712807
6972 0.2983224685
6973 0.2983736562
6974 0.298424844
6975 0.2984760317
6976 0.2985272195
6977 0.2985784072
6978 0.298629595
6979 0.2986807827
6980 0.2987319705
6981 0.2987831582
6982 0.2988343459
6983 0.2988855337
6984 0.2989367214
6985 0.2989879092
6986 0.2990390969
6987 0.2990902847
6988 0.2991414724
6989 0.2991926602
6990 0.2992438479
6991 0.2992950357
6992 0.2993462234
6993 0.2993974112
6994 0.2994485989
6995 0.2994997867
6996 0.2995509744
6997 0.2996021622
6998 0.2996533499
6999 0.2997045377
7000 0.2997557254
7001 0.2998069131
7002 0.2998581009
7003 0.2999092886
7004 0.2999604764
7005 0.3000116641
7006 0.3000628519
7007 0.3001140396
7008 0.3001652274
7009 0.3002164151
7010 0.3002676029
7011 0.3003187906
7012 0.3003699784
7013 0.3004211661
7014 0.3004723539
7015 0.3005235416
7016 0.3005747294
7017 0.3006259171
7018 0.3006771049
7019 0.3007282926
7020 0.3007794803
7021 0.3008306681
7022 0.3008818558
7023 0.3009330436
7024 0.3009842313
7025 0.3010354191
7026 0.3010866068
7027 0.3011377946
7028 0.3011889823
7029 0.3012401701
7030 0.3012913578
7031 0.3013425456
7032 0.3013937333
7033 0.3014449211
7034 0.3014961088
7035 0.3015472966
7036 0.3015984843
7037 0.3016496721
7038 0.3017008598
7039 0.3017520476
7040 0.3018032353
7041 0.301854423
7042 0.3019056108
7043 0.3019567985
7044 0.3020079863
7045 0.302059174
7046 0.3021103618
7047 0.3021615495
7048 0.3022127373
7049 0.302263925
7050 0.3023151128
7051 0.3023663005
7052 0.3024174883
7053 0.302468676
7054 0.3025198638
7055 0.3025710515
7056 0.3026222393
7057 0.302673427
7058 0.3027246148
7059 0.3027758025
7060 0.3028269902
7061 0.302878178
7062 0.3029293657
7063 0.3029805535
7064 0.3030317412
7065 0.303082929
7066 0.3031341167
7067 0.3031853045
7068 0.3032364922
7069 0.30328768
7070 0.3033388677
7071 0.3033900555
7072 0.3034412432
7073 0.303492431
7074 0.3035436187
7075 0.3035948065
7076 0.3036459942
7077 0.303697182
7078 0.3037483697
7079 0.3037995574
7080 0.3038507452
7081 0.3039019329
7082 0.3039531207
7083 0.3040043084
7084 0.3040554962
7085 0.3041066839
7086 0.3041578717
7087 0.3042090594
7088 0.3042602472
7089 0.3043114349
7090 0.3043626227
7091 0.3044138104
7092 0.3044649982
7093 0.3045161859
7094 0.3045673737
7095 0.3046185614
7096 0.3046697492
7097 0.3047209369
7098 0.3047721246
7099 0.3048233124
7100 0.3048745001
7101 0.3049256879
7102 0.3049768756
7103 0.3050280634
7104 0.3050792511
7105 0.3051304389
7106 0.3051816266
7107 0.3052328144
7108 0.3052840021
7109 0.3053351899
7110 0.3053863776
7111 0.3054375654
7112 0.3054887531
7113 0.3055399409
7114 0.3055911286
7115 0.3056423164
7116 0.3056935041
7117 0.3057446919
7118 0.3057958796
7119 0.3058470673
7120 0.3058982551
7121 0.3059494428
7122 0.3060006306
7123 0.3060518183
7124 0.3061030061
7125 0.3061541938
7126 0.3062053816
7127 0.3062565693
7128 0.3063077571
7129 0.3063589448
7130 0.3064101326
7131 0.3064613203
7132 0.3065125081
7133 0.3065636958
7134 0.3066148836
7135 0.3066660713
7136 0.3067172591
7137 0.3067684468
7138 0.3068196345
7139 0.3068708223
7140 0.30692201
7141 0.3069731978
7142 0.3070243855
7143 0.3070755733
7144 0.307126761
7145 0.3071779488
7146 0.3072291365
7147 0.3072803243
7148 0.307331512
7149 0.3073826998
7150 0.3074338875
7151 0.3074850753
7152 0.307536263
7153 0.3075874508
7154 0.3076386385
7155 0.3076898263
7156 0.307741014
7157 0.3077922017
7158 0.3078433895
7159 0.3078945772
7160 0.307945765
7161 0.3079969527
7162 0.3080481405
7163 0.3080993282
7164 0.308150516
7165 0.3082017037
7166 0.3082528915
7167 0.3083040792
7168 0.308355267
7169 0.3084064547
7170 0.3084576425
7171 0.3085088302
7172 0.308560018
7173 0.3086112057
7174 0.3086623935
7175 0.3087135812
7176 0.308764769
7177 0.3088159567
7178 0.3088671444
7179 0.3089183322
7180 0.3089695199
7181 0.3090207077
7182 0.3090718954
7183 0.3091230832
7184 0.3091742709
7185 0.3092254587
7186 0.3092766464
7187 0.3093278342
7188 0.3093790219
7189 0.3094302097
7190 0.3094813974
7191 0.3095325852
7192 0.3095837729
7193 0.3096349607
7194 0.3096861484
7195 0.3097373362
7196 0.3097885239
7197 0.3098397116
7198 0.3098908994
7199 0.3099420871
7200 0.3099932749
7201 0.3100444626
7202 0.3100956504
7203 0.3101468381
7204 0.3101980259
7205 0.3102492136
7206 0.3103004014
7207 0.3103515891
7208 0.3104027769
7209 0.3104539646
7210 0.3105051524
7211 0.3105563401
7212 0.3106075279
7213 0.3106587156
7214 0.3107099034
7215 0.3107610911
7216 0.3108122788
7217 0.3108634666
7218 0.3109146543
7219 0.3109658421
7220 0.3110170298
7221 0.3110682176
7222 0.3111194053
7223 0.3111705931
7224 0.3112217808
7225 0.3112729686
7226 0.3113241563
7227 0.3113753441
7228 0.3114265318
7229 0.3114777196
7230 0.3115289073
7231 0.3115800951
7232 0.3116312828
7233 0.3116824706
7234 0.3117336583
7235 0.3117848461
7236 0.3118360338
7237 0.3118872215
7238 0.3119384093
7239 0.311989597
7240 0.3120407848
7241 0.3120919725
7242 0.3121431603
7243 0.312194348
7244 0.3122455358
7245 0.3122967235
7246 0.3123479113
7247 0.312399099
7248 0.3124502868
7249 0.3125014745
7250 0.3125526623
7251 0.31260385
7252 0.3126550378
7253 0.3127062255
7254 0.3127574133
7255 0.312808601
7256 0.3128597887
7257 0.3129109765
7258 0.3129621642
7259 0.313013352
7260 0.3130645397
7261 0.3131157275
7262 0.3131669152
7263 0.313218103
7264 0.3132692907
7265 0.3133204785
7266 0.3133716662
7267 0.313422854
7268 0.3134740417
7269 0.3135252295
7270 0.3135764172
7271 0.313627605
7272 0.3136787927
7273 0.3137299805
7274 0.3137811682
7275 0.3138323559
7276 0.3138835437
7277 0.3139347314
7278 0.3139859192
7279 0.3140371069
7280 0.3140882947
7281 0.3141394824
7282 0.3141906702
7283 0.3142418579
7284 0.3142930457
7285 0.3143442334
7286 0.3143954212
7287 0.3144466089
7288 0.3144977967
7289 0.3145489844
7290 0.3146001722
7291 0.3146513599
7292 0.3147025477
7293 0.3147537354
7294 0.3148049231
7295 0.3148561109
7296 0.3149072986
7297 0.3149584864
7298 0.3150096741
7299 0.3150608619
7300 0.3151120496
7301 0.3151632374
7302 0.3152144251
7303 0.3152656129
7304 0.3153168006
7305 0.3153679884
7306 0.3154191761
7307 0.3154703639
7308 0.3155215516
7309 0.3155727394
7310 0.3156239271
7311 0.3156751149
7312 0.3157477587
7313 0.3158204026
7314 0.3158930464
7315 0.3159656903
7316 0.3160383341
7317 0.316110978
7318 0.3161836218
7319 0.3162562657
7320 0.3163289095
7321 0.3164015534
7322 0.3164741972
7323 0.3165468411
7324 0.3166194849
7325 0.3166921288
7326 0.3167647726
7327 0.3168374165
7328 0.3169100603
7329 0.3169827042
7330 0.317055348
7331 0.3171279919
7332 0.3172006358
7333 0.3172732796
7334 0.3173459235
7335 0.3174185673
7336 0.3174912112
7337 0.317563855
7338 0.3176364989
7339 0.3177091427
7340 0.3177817866
7341 0.3178544304
7342 0.3179270743
7343 0.3179997181
7344 0.318072362
7345 0.3181450058
7346 0.3182176497
7347 0.3182902935
7348 0.3183629374
7349 0.3184355812
7350 0.3185082251
7351 0.3185808689
7352 0.3186535128
7353 0.3187261566
7354 0.3187988005
7355 0.3188714443
7356 0.3189440882
7357 0.3190167321
7358 0.3190893759
7359 0.3191620198
7360 0.3192346636
7361 0.3193073075
7362 0.3193799513
7363 0.3194525952
7364 0.319525239
7365 0.3195978829
7366 0.3196705267
7367 0.3197431706
7368 0.3198158144
7369 0.3198884583
7370 0.3199611021
7371 0.320033746
7372 0.3201063898
7373 0.3201790337
7374 0.3202516775
7375 0.3203243214
7376 0.3203969652
7377 0.3204696091
7378 0.3205422529
7379 0.3206148968
7380 0.3206875407
7381 0.3207601845
7382 0.3208328284
7383 0.3209054722
7384 0.3209781161
7385 0.3210507599
7386 0.3211234038
7387 0.3211960476
7388 0.3212686915
7389 0.3213413353
7390 0.3214139792
7391 0.321486623
7392 0.3215592669
7393 0.3216319107
7394 0.3217045546
7395 0.3217771984
7396 0.3218498423
7397 0.3219224861
7398 0.32199513
7399 0.3220677738
7400 0.3221404177
7401 0.3222130615
7402 0.3222857054
7403 0.3223583493
7404 0.3224309931
7405 0.322503637
7406 0.3225762808
7407 0.3226489247
7408 0.3227215685
7409 0.3227942124
7410 0.3228668562
7411 0.3229395001
7412 0.3230121439
7413 0.3230847878
7414 0.3231574316
7415 0.3232300755
7416 0.3233027193
7417 0.3233753632
7418 0.323448007
7419 0.3235206509
7420 0.3235932947
7421 0.3236659386
7422 0.3237385824
7423 0.3238112263
7424 0.3238838701
7425 0.323956514
7426 0.3240291578
7427 0.3241018017
7428 0.3241744456
7429 0.3242470894
7430 0.3243197333
7431 0.3243923771
7432 0.324465021
7433 0.3245376648
7434 0.3246103087
7435 0.3246829525
7436 0.3247555964
7437 0.3248282402
7438 0.3249008841
7439 0.3249735279
7440 0.3250461718
7441 0.3251188156
7442 0.3251914595
7443 0.3252641033
7444 0.3253367472
7445 0.325409391
7446 0.3254820349
7447 0.3255546787
7448 0.3256273226
7449 0.3256999664
7450 0.3257726103
7451 0.3258452542
7452 0.325917898
7453 0.3259905419
7454 0.3260631857
7455 0.3261358296
7456 0.3262084734
7457 0.3262811173
7458 0.3263537611
7459 0.326426405
7460 0.3264990488
7461 0.3265716927
7462 0.3266443365
7463 0.3267169804
7464 0.3267896242
7465 0.3268622681
7466 0.3269349119
7467 0.3270075558
7468 0.3270801996
7469 0.3271528435
7470 0.3272254873
7471 0.3272981312
7472 0.327370775
7473 0.3274434189
7474 0.3275160628
7475 0.3275887066
7476 0.3276613505
7477 0.3277339943
7478 0.3278066382
7479 0.327879282
7480 0.3279519259
7481 0.3280245697
7482 0.3280972136
7483 0.3281698574
7484 0.3282425013
7485 0.3283151451
7486 0.328387789
7487 0.3284604328
7488 0.3285330767
7489 0.3286057205
7490 0.3286783644
7491 0.3287510082
7492 0.3288236521
7493 0.3288962959
7494 0.3289689398
7495 0.3290415836
7496 0.3291142275
7497 0.3291868713
7498 0.3292595152
7499 0.3293321591
7500 0.3294048029
7501 0.3294774468
7502 0.3295500906
7503 0.3296227345
7504 0.3296953783
7505 0.3297680222
7506 0.329840666
7507 0.3299133099
7508 0.3299859537
7509 0.3300585976
7510 0.3301312414
7511 0.3302038853
7512 0.3302765291
7513 0.330349173
7514 0.3304218168
7515 0.3304944607
7516 0.3305671045
7517 0.3306397484
7518 0.3307123922
7519 0.3307850361
7520 0.3308576799
7521 0.3309303238
7522 0.3310029677
7523 0.3310756115
7524 0.3311482554
7525 0.3312208992
7526 0.3312935431
7527 0.3313661869
7528 0.3314388308
7529 0.3315114746
7530 0.3315841185
7531 0.3316567623
7532 0.3317294062
7533 0.33180205
7534 0.3318746939
7535 0.3319473377
7536 0.3320199816
7537 0.3320926254
7538 0.3321652693
7539 0.3322379131
7540 0.332310557
7541 0.3323832008
7542 0.3324558447
7543 0.3325284885
7544 0.3326011324
7545 0.3326737763
7546 0.3327464201
7547 0.332819064
7548 0.3328917078
7549 0.3329643517
7550 0.3330369955
7551 0.3331096394
7552 0.3331822832
7553 0.3332549271
7554 0.3333275709
7555 0.3334002148
7556 0.3334728586
7557 0.3335455025
7558 0.3336181463
7559 0.3336907902
7560 0.333763434
7561 0.3338360779
7562 0.3339087217
7563 0.3339813656
7564 0.3340540094
7565 0.3341266533
7566 0.3341992971
7567 0.334271941
7568 0.3343445848
7569 0.3344172287
7570 0.3344898726
7571 0.3345625164
7572 0.3346351603
7573 0.3347078041
7574 0.334780448
7575 0.3348530918
7576 0.3349257357
7577 0.3349983795
7578 0.3350710234
7579 0.3351436672
7580 0.3352163111
7581 0.3352889549
7582 0.3353615988
7583 0.3354342426
7584 0.3355068865
7585 0.3355795303
7586 0.3356521742
7587 0.335724818
7588 0.3357974619
7589 0.3358701057
7590 0.3359427496
7591 0.3360153934
7592 0.3360880373
7593 0.3361606812
7594 0.336233325
7595 0.3363059689
7596 0.3363786127
7597 0.3364512566
7598 0.3365239004
7599 0.3365965443
7600 0.3366691881
7601 0.336741832
7602 0.3368144758
7603 0.3368871197
7604 0.3369597635
7605 0.3370324074
7606 0.3371050512
7607 0.3371776951
7608 0.3372503389
7609 0.3373229828
7610 0.3373956266
7611 0.3374682705
7612 0.3375409143
7613 0.3376135582
7614 0.337686202
7615 0.3377588459
7616 0.3378314897
7617 0.3379041336
7618 0.3379767775
7619 0.3380494213
7620 0.3381220652
7621 0.338194709
7622 0.3382673529
7623 0.3383399967
7624 0.3384126406
7625 0.3384852844
7626 0.3385579283
7627 0.3386305721
7628 0.338703216
7629 0.3387758598
7630 0.3388485037
7631 0.3389211475
7632 0.3389937914
7633 0.3390664352
7634 0.3391390791
7635 0.3392117229
7636 0.3392843668
7637 0.3393570106
7638 0.3394296545
7639 0.3395022983
7640 0.3395749422
7641 0.3396475861
7642 0.3397202299
7643 0.3397928738
7644 0.3398655176
7645 0.3399381615
7646 0.3400108053
7647 0.3400834492
7648 0.340156093
7649 0.3402287369
7650 0.3403013807
7651 0.3403740246
7652 0.3404466684
7653 0.3405193123
7654 0.3405919561
7655 0.3406646
7656 0.3407372438
7657 0.3408098877
7658 0.3408825315
7659 0.3409551754
7660 0.3410278192
7661 0.3411004631
7662 0.3411731069
7663 0.3412457508
7664 0.3413183947
7665 0.3413910385
7666 0.3414636824
7667 0.3415363262
7668 0.3416089701
7669 0.3416816139
7670 0.3417542578
7671 0.3418269016
7672 0.3418995455
7673 0.3419721893
7674 0.3420448332
7675 0.342117477
7676 0.3421901209
7677 0.3422627647
7678 0.3423354086
7679 0.3424080524
7680 0.3424806963
7681 0.3425533401
7682 0.342625984
7683 0.3426986278
7684 0.3427712717
7685 0.3428439155
7686 0.3429165594
7687 0.3429892032
7688 0.3430618471
7689 0.343134491
7690 0.3432071348
7691 0.3432797787
7692 0.3433524225
7693 0.3434250664
7694 0.3434977102
7695 0.3435703541
7696 0.3436429979
7697 0.3437156418
7698 0.3437882856
7699 0.3438609295
7700 0.3439335733
7701 0.3440062172
7702 0.344078861
7703 0.3441515049
7704 0.3442241487
7705 0.3442967926
7706 0.3443694364
7707 0.3444420803
7708 0.3445147241
7709 0.344587368
7710 0.3446600118
7711 0.3447326557
7712 0.3448052996
7713 0.3448779434
7714 0.3449505873
7715 0.3450232311
7716 0.345095875
7717 0.3451685188
7718 0.3452411627
7719 0.3453138065
7720 0.3453864504
7721 0.3454590942
7722 0.3455317381
7723 0.3456043819
7724 0.3456770258
7725 0.3457496696
7726 0.3458223135
7727 0.3458949573
7728 0.3459676012
7729 0.346040245
7730 0.3461128889
7731 0.3461855327
7732 0.3462581766
7733 0.3463308204
7734 0.3464034643
7735 0.3464761082
7736 0.346548752
7737 0.3466213959
7738 0.3466940397
7739 0.3467666836
7740 0.3468393274
7741 0.3469119713
7742 0.3469846151
7743 0.347057259
7744 0.3471299028
7745 0.3472025467
7746 0.3472751905
7747 0.3473478344
7748 0.3474204782
7749 0.3474931221
7750 0.3475657659
7751 0.3476384098
7752 0.3477110536
7753 0.3477836975
7754 0.3478563413
7755 0.3479289852
7756 0.348001629
7757 0.3480742729
7758 0.3481469167
7759 0.3482195606
7760 0.3482922045
7761 0.3483648483
7762 0.3484374922
7763 0.348510136
7764 0.3485827799
7765 0.3486554237
7766 0.3487280676
7767 0.3488007114
7768 0.3488733553
7769 0.3489459991
7770 0.349018643
7771 0.3490912868
7772 0.3491639307
7773 0.3492365745
7774 0.3493092184
7775 0.3493818622
7776 0.3494545061
7777 0.3495271499
7778 0.3495997938
7779 0.3496724376
7780 0.3497450815
7781 0.3498177253
7782 0.3498903692
7783 0.3499630131
7784 0.3500356569
7785 0.3501083008
7786 0.3501809446
7787 0.3502535885
7788 0.3503262323
7789 0.3503988762
7790 0.35047152
7791 0.3505441639
7792 0.3506168077
7793 0.3506894516
7794 0.3507620954
7795 0.3508347393
7796 0.3509073831
7797 0.350980027
7798 0.3510526708
7799 0.3511253147
7800 0.3511979585
7801 0.3512706024
7802 0.3513432462
7803 0.3514158901
7804 0.3514885339
7805 0.3515611778
7806 0.3516338217
7807 0.3517064655
7808 0.3517791094
7809 0.3518517532
7810 0.3519243971
7811 0.3519970409
7812 0.3520696848
7813 0.3521423286
7814 0.3522149725
7815 0.3522876163
7816 0.3523602602
7817 0.352432904
7818 0.3525055479
7819 0.3525781917
7820 0.3526508356
7821 0.3527234794
7822 0.3527961233
7823 0.3528687671
7824 0.352941411
7825 0.3530140548
7826 0.3530866987
7827 0.3531593425
7828 0.3532319864
7829 0.3533046302
7830 0.3533772741
7831 0.353449918
7832 0.3535225618
7833 0.3535952057
7834 0.3536678495
7835 0.3537404934
7836 0.3538131372
7837 0.3538857811
7838 0.3539584249
7839 0.3540310688
7840 0.3541037126
7841 0.3541763565
7842 0.3542490003
7843 0.3543216442
7844 0.354394288
7845 0.3544669319
7846 0.3545395757
7847 0.3546122196
7848 0.3546848634
7849 0.3547575073
7850 0.3548301511
7851 0.354902795
7852 0.3549754388
7853 0.3550480827
7854 0.3551207266
7855 0.3551933704
7856 0.3552660143
7857 0.3553386581
7858 0.355411302
7859 0.3554839458
7860 0.3555565897
7861 0.3556292335
7862 0.3557018774
7863 0.3557745212
7864 0.3558471651
7865 0.3559198089
7866 0.3559924528
7867 0.3560650966
7868 0.3561377405
7869 0.3562103843
7870 0.3562830282
7871 0.356355672
7872 0.3564283159
7873 0.3565009597
7874 0.3565736036
7875 0.3566462474
7876 0.3567188913
7877 0.3567915352
7878 0.356864179
7879 0.3569368229
7880 0.3570094667
7881 0.3570821106
7882 0.3571547544
7883 0.3572273983
7884 0.3573000421
7885 0.357372686
7886 0.3574453298
7887 0.3575179737
7888 0.3575906175
7889 0.3576632614
7890 0.3577359052
7891 0.3578085491
7892 0.3578811929
7893 0.3579538368
7894 0.3580264806
7895 0.3580991245
7896 0.3581717683
7897 0.3582444122
7898 0.358317056
7899 0.3583896999
7900 0.3584623437
7901 0.3585349876
7902 0.3586076315
7903 0.3586802753
7904 0.3587529192
7905 0.358825563
7906 0.3588982069
7907 0.3589708507
7908 0.3590434946
7909 0.3591161384
7910 0.3591887823
7911 0.3592614261
7912 0.35933407
7913 0.3594067138
7914 0.3594793577
7915 0.3595520015
7916 0.3596246454
7917 0.3596972892
7918 0.3597699331
7919 0.3598425769
7920 0.3599152208
7921 0.3599878646
7922 0.3600605085
7923 0.3601331523
7924 0.3602057962
7925 0.3602784401
7926 0.3603510839
7927 0.3604237278
7928 0.3604963716
7929 0.3605690155
7930 0.3606416593
7931 0.3607143032
7932 0.360786947
7933 0.3608595909
7934 0.3609322347
7935 0.3610048786
7936 0.3610775224
7937 0.3611501663
7938 0.3612228101
7939 0.361295454
7940 0.3613680978
7941 0.3614407417
7942 0.3615133855
7943 0.3615860294
7944 0.3616586732
7945 0.3617313171
7946 0.3618039609
7947 0.3618766048
7948 0.3619492487
7949 0.3620218925
7950 0.3620945364
7951 0.3621671802
7952 0.3622398241
7953 0.3623124679
7954 0.3623851118
7955 0.3624577556
7956 0.3625303995
7957 0.3626030433
7958 0.3626756872
7959 0.362748331
7960 0.3628209749
7961 0.3628936187
7962 0.3629662626
7963 0.3630389064
7964 0.3631115503
7965 0.3631841941
7966 0.363256838
7967 0.3633294818
7968 0.3634021257
7969 0.3634747695
7970 0.3635474134
7971 0.3636200572
7972 0.3636927011
7973 0.363765345
7974 0.3638379888
7975 0.3639106327
7976 0.3639832765
7977 0.3640559204
7978 0.3641285642
7979 0.3642012081
7980 0.3642738519
7981 0.3643464958
7982 0.3644191396
7983 0.3644917835
7984 0.3645644273
7985 0.3646370712
7986 0.364709715
7987 0.3647823589
7988 0.3648550027
7989 0.3649276466
7990 0.3650002904
7991 0.3650729343
7992 0.3651455781
7993 0.365218222
7994 0.3652908658
7995 0.3653635097
7996 0.3654361536
7997 0.3655087974
7998 0.3655814413
7999 0.3656540851
8000 0.365726729
8001 0.3657993728
8002 0.3658720167
8003 0.3659446605
8004 0.3660173044
8005 0.3660899482
8006 0.3661625921
8007 0.3662352359
8008 0.3663078798
8009 0.3663805236
8010 0.3664531675
8011 0.3665258113
8012 0.3665984552
8013 0.366671099
8014 0.3667437429
8015 0.3668163867
8016 0.3668890306
8017 0.3669616744
8018 0.3670343183
8019 0.3671069622
8020 0.367179606
8021 0.3672522499
8022 0.3673248937
8023 0.3673975376
8024 0.3674701814
8025 0.3675428253
8026 0.3676154691
8027 0.367688113
8028 0.3677607568
8029 0.3678334007
8030 0.3679060445
8031 0.3679786884
8032 0.3680513322
8033 0.3681239761
8034 0.3681966199
8035 0.3682692638
8036 0.3683419076
8037 0.3684145515
8038 0.3684871953
8039 0.3685598392
8040 0.368632483
8041 0.3687051269
8042 0.3687777707
8043 0.3688504146
8044 0.3689230585
8045 0.3689957023
8046 0.3690683462
8047 0.36914099
8048 0.3692136339
8049 0.3692862777
8050 0.3693589216
8051 0.3694315654
8052 0.3695042093
8053 0.3695768531
8054 0.369649497
8055 0.3697221408
8056 0.3697947847
8057 0.3698674285
8058 0.3699400724
8059 0.3700127162
8060 0.3700853601
8061 0.3701580039
8062 0.3702306478
8063 0.3703032916
8064 0.3703759355
8065 0.3704485793
8066 0.3705212232
8067 0.3705938671
8068 0.3706665109
8069 0.3707391548
8070 0.3708117986
8071 0.3708844425
8072 0.3709570863
8073 0.3710297302
8074 0.371102374
8075 0.3711750179
8076 0.3712476617
8077 0.3713203056
8078 0.3713929494
8079 0.3714655933
8080 0.3715382371
8081 0.371610881
8082 0.3716835248
8083 0.3717561687
8084 0.3718288125
8085 0.3719014564
8086 0.3719741002
8087 0.3720467441
8088 0.3721193879
8089 0.3721920318
8090 0.3722646757
8091 0.3723373195
8092 0.3724099634
8093 0.3724826072
8094 0.3725552511
8095 0.3726278949
8096 0.3727005388
8097 0.3727731826
8098 0.3728458265
8099 0.3729184703
8100 0.3729911142
8101 0.373063758
8102 0.3731364019
8103 0.3732090457
8104 0.3732816896
8105 0.3733543334
8106 0.3734269773
8107 0.3734996211
8108 0.373572265
8109 0.3736449088
8110 0.3737175527
8111 0.3737901965
8112 0.3738628404
8113 0.3739354842
8114 0.3740081281
8115 0.374080772
8116 0.3741534158
8117 0.3742260597
8118 0.3742987035
8119 0.3743713474
8120 0.3744439912
8121 0.3745166351
8122 0.3745892789
8123 0.3746619228
8124 0.3747345666
8125 0.3748072105
8126 0.3748798543
8127 0.3749524982
8128 0.375025142
8129 0.3750977859
8130 0.3751704297
8131 0.3752430736
8132 0.3753157174
8133 0.3753883613
8134 0.3754610051
8135 0.375533649
8136 0.3756062928
8137 0.3756789367
8138 0.3757515806
8139 0.3758242244
8140 0.3758968683
8141 0.3759695121
8142 0.376042156
8143 0.3761147998
8144 0.3761874437
8145 0.3762600875
8146 0.3763327314
8147 0.3764053752
8148 0.3764780191
8149 0.3765506629
8150 0.3766233068
8151 0.3766959506
8152 0.3767685945
8153 0.3768412383
8154 0.3769138822
8155 0.376986526
8156 0.3770591699
8157 0.3771318137
8158 0.3772044576
8159 0.3772771014
8160 0.3773497453
8161 0.3774223891
8162 0.377495033
8163 0.3775676769
8164 0.3776403207
8165 0.3777129646
8166 0.3777856084
8167 0.3778582523
8168 0.3779308961
8169 0.37800354
8170 0.3780761838
8171 0.3781488277
8172 0.3782214715
8173 0.3782941154
8174 0.3783667592
8175 0.3784394031
8176 0.3785120469
8177 0.3785846908
8178 0.3786573346
8179 0.3787299785
8180 0.3788026223
8181 0.3788752662
8182 0.37894791
8183 0.3790205539
8184 0.3790931977
8185 0.3791658416
8186 0.3792384855
8187 0.3793111293
8188 0.3793837732
8189 0.379456417
8190 0.3795290609
8191 0.3796017047
8192 0.3796743486
8193 0.3797469924
8194 0.3798196363
8195 0.3798922801
8196 0.379964924
8197 0.3800375678
8198 0.3801102117
8199 0.3801828555
8200 0.3802554994
8201 0.3803281432
8202 0.3804007871
8203 0.3804734309
8204 0.3805460748
8205 0.3806187186
8206 0.3806913625
8207 0.3807640063
8208 0.3808366502
8209 0.3809092941
8210 0.3809819379
8211 0.3810545818
8212 0.3811272256
8213 0.3811998695
8214 0.3812725133
8215 0.3813451572
8216 0.381417801
8217 0.3814904449
8218 0.3815630887
8219 0.3816357326
8220 0.3817083764
8221 0.3817810203
8222 0.3818536641
8223 0.381926308
8224 0.3819989518
8225 0.3820715957
8226 0.3821442395
8227 0.3822168834
8228 0.3822895272
8229 0.3823621711
8230 0.3824348149
8231 0.3825074588
8232 0.3825801026
8233 0.3826527465
8234 0.3827253904
8235 0.3827980342
8236 0.3828706781
8237 0.3829433219
8238 0.3830159658
8239 0.3830886096
8240 0.3831612535
8241 0.3832338973
8242 0.3833065412
8243 0.383379185
8244 0.3834518289
8245 0.3835244727
8246 0.3835971166
8247 0.3836697604
8248 0.3837424043
8249 0.3838150481
8250 0.383887692
8251 0.3839603358
8252 0.3840329797
8253 0.3841056235
8254 0.3841782674
8255 0.3842509112
8256 0.3843235551
8257 0.384396199
8258 0.3844688428
8259 0.3845414867
8260 0.3846141305
8261 0.3846867744
8262 0.3847594182
8263 0.3848320621
8264 0.3849047059
8265 0.3849773498
8266 0.3850499936
8267 0.3851226375
8268 0.3851952813
8269 0.3852679252
8270 0.385340569
8271 0.3854132129
8272 0.3854858567
8273 0.3855585006
8274 0.3856311444
8275 0.3857037883
8276 0.3857764321
8277 0.385849076
8278 0.3859217198
8279 0.3859943637
8280 0.3860670076
8281 0.3861396514
8282 0.3862122953
8283 0.3862849391
8284 0.386357583
8285 0.3864302268
8286 0.3865028707
8287 0.3865755145
8288 0.3866481584
8289 0.3867208022
8290 0.3867934461
8291 0.3868660899
8292 0.3869387338
8293 0.3870113776
8294 0.3870840215
8295 0.3871566653
8296 0.3872293092
8297 0.387301953
8298 0.3873745969
8299 0.3874472407
8300 0.3875198846
8301 0.3875925284
8302 0.3876651723
8303 0.3877378161
8304 0.38781046
8305 0.3878831039
8306 0.3879557477
8307 0.3880283916
8308 0.3881010354
8309 0.3881736793
8310 0.3882463231
8311 0.388318967
8312 0.3883916108
8313 0.3884642547
8314 0.3885368985
8315 0.3886095424
8316 0.3886821862
8317 0.3887548301
8318 0.3888274739
8319 0.3889001178
8320 0.3889727616
8321 0.3890454055
8322 0.3891180493
8323 0.3891906932
8324 0.389263337
8325 0.3893359809
8326 0.3894086247
8327 0.3894812686
8328 0.3895539125
8329 0.3896265563
8330 0.3896992002
8331 0.389771844
8332 0.3898444879
8333 0.3899171317
8334 0.3899897756
8335 0.3900624194
8336 0.3901350633
8337 0.3902077071
8338 0.390280351
8339 0.3903529948
8340 0.3904256387
8341 0.3904982825
8342 0.3905709264
8343 0.3906435702
8344 0.3907162141
8345 0.3907888579
8346 0.3908615018
8347 0.3909341456
8348 0.3910067895
8349 0.3910794333
8350 0.3911520772
8351 0.3912247211
8352 0.3912973649
8353 0.3913700088
8354 0.3914426526
8355 0.3915152965
8356 0.3915879403
8357 0.3916605842
8358 0.391733228
8359 0.3918058719
8360 0.3918785157
8361 0.3919511596
8362 0.3920238034
8363 0.3920964473
8364 0.3921690911
8365 0.392241735
8366 0.3923143788
8367 0.3923870227
8368 0.3924596665
8369 0.3925323104
8370 0.3926049542
8371 0.3926775981
8372 0.3927502419
8373 0.3928228858
8374 0.3928955296
8375 0.3929681735
8376 0.3930408174
8377 0.3931134612
8378 0.3931861051
8379 0.3932587489
8380 0.3933313928
8381 0.3934040366
8382 0.3934766805
8383 0.3935493243
8384 0.3936219682
8385 0.393694612
8386 0.3937672559
8387 0.3938398997
8388 0.3939125436
8389 0.3939851874
8390 0.3940578313
8391 0.3941304751
8392 0.394203119
8393 0.3942757628
8394 0.3943484067
8395 0.3944210505
8396 0.3944936944
8397 0.3945663382
8398 0.3946389821
8399 0.394711626
8400 0.3947842698
8401 0.3948569137
8402 0.3949295575
8403 0.3950022014
8404 0.3950748452
8405 0.3951474891
8406 0.3952201329
8407 0.3952927768
8408 0.3953654206
8409 0.3954380645
8410 0.3955107083
8411 0.3955833522
8412 0.395655996
8413 0.3957286399
8414 0.3958012837
8415 0.3958739276
8416 0.3959465714
8417 0.3960192153
8418 0.3960918591
8419 0.396164503
8420 0.3962371468
8421 0.3963097907
8422 0.3963824346
8423 0.3964550784
8424 0.3965277223
8425 0.3966003661
8426 0.39667301
8427 0.3967456538
8428 0.3968182977
8429 0.3968909415
8430 0.3969635854
8431 0.3970362292
8432 0.3971088731
8433 0.3971815169
8434 0.3972541608
8435 0.3973268046
8436 0.3973994485
8437 0.3974720923
8438 0.3975447362
8439 0.39761738
8440 0.3976900239
8441 0.3977626677
8442 0.3978353116
8443 0.3979079554
8444 0.3979805993
8445 0.3980532431
8446 0.398125887
8447 0.3981985309
8448 0.3982711747
8449 0.3983438186
8450 0.3984164624
8451 0.3984891063
8452 0.3985617501
8453 0.398634394
8454 0.3987070378
8455 0.3987796817
8456 0.3988523255
8457 0.3989249694
8458 0.3989976132
8459 0.3990702571
8460 0.3991429009
8461 0.3992155448
8462 0.3992881886
8463 0.3993608325
8464 0.3994334763
8465 0.3995061202
8466 0.399578764
8467 0.3996514079
8468 0.3997240517
8469 0.3997966956
8470 0.3998693395
8471 0.3999419833
8472 0.4000146272
8473 0.400087271
8474 0.4001599149
8475 0.4002325587
8476 0.4003052026
8477 0.4003778464
8478 0.4004504903
8479 0.4005231341
8480 0.400595778
8481 0.4006684218
8482 0.4007410657
8483 0.4008137095
8484 0.4008863534
8485 0.4009589972
8486 0.4010316411
8487 0.4011042849
8488 0.4011769288
8489 0.4012495726
8490 0.4013222165
8491 0.4013948603
8492 0.4014675042
8493 0.4015401481
8494 0.4016127919
8495 0.4016854358
8496 0.4017580796
8497 0.4018307235
8498 0.4019033673
8499 0.4019760112
8500 0.402048655
8501 0.4021212989
8502 0.4021939427
8503 0.4022665866
8504 0.4023392304
8505 0.4024118743
8506 0.4024845181
8507 0.402557162
8508 0.4026298058
8509 0.4027024497
8510 0.4027750935
8511 0.4028477374
8512 0.4029203812
8513 0.4029930251
8514 0.4030656689
8515 0.4031383128
8516 0.4032109566
8517 0.4032836005
8518 0.4033562444
8519 0.4034288882
8520 0.4035015321
8521 0.4035741759
8522 0.4036468198
8523 0.4037194636
8524 0.4037921075
8525 0.4038647513
8526 0.4039373952
8527 0.404010039
8528 0.4040826829
8529 0.4041553267
8530 0.4042279706
8531 0.4043006144
8532 0.4043732583
8533 0.4044459021
8534 0.404518546
8535 0.4045911898
8536 0.4046638337
8537 0.4047364775
8538 0.4048091214
8539 0.4048817652
8540 0.4049544091
8541 0.405027053
8542 0.4050996968
8543 0.4051723407
8544 0.4052449845
8545 0.4053176284
8546 0.4053902722
8547 0.4054629161
8548 0.4055355599
8549 0.4056082038
8550 0.4056808476
8551 0.4057534915
8552 0.4058261353
8553 0.4058987792
8554 0.405971423
8555 0.4060440669
8556 0.4061167107
8557 0.4061893546
8558 0.4062619984
8559 0.4063346423
8560 0.4064072861
8561 0.40647993
8562 0.4065525738
8563 0.4066252177
8564 0.4066978616
8565 0.4067705054
8566 0.4068431493
8567 0.4069157931
8568 0.406988437
8569 0.4070610808
8570 0.4071337247
8571 0.4072063685
8572 0.4072790124
8573 0.4073516562
8574 0.4074243001
8575 0.4074969439
8576 0.4075695878
8577 0.4076422316
8578 0.4077148755
8579 0.4077875193
8580 0.4078601632
8581 0.407932807
8582 0.4080054509
8583 0.4080780947
8584 0.4081507386
8585 0.4082233824
8586 0.4082960263
8587 0.4083686701
8588 0.408441314
8589 0.4085139579
8590 0.4085866017
8591 0.4086592456
8592 0.4087318894
8593 0.4088045333
8594 0.4088771771
8595 0.408949821
8596 0.4090224648
8597 0.4090951087
8598 0.4091677525
8599 0.4092403964
8600 0.4093130402
8601 0.4093856841
8602 0.4094583279
8603 0.4095309718
8604 0.4096036156
8605 0.4096762595
8606 0.4097489033
8607 0.4098215472
8608 0.409894191
8609 0.4099668349
8610 0.4100394787
8611 0.4101121226
8612 0.4101847665
8613 0.4102574103
8614 0.4103300542
8615 0.410402698
8616 0.4104753419
8617 0.4105479857
8618 0.4106206296
8619 0.4106932734
8620 0.4107659173
8621 0.4108385611
8622 0.410911205
8623 0.4109838488
8624 0.4110564927
8625 0.4111291365
8626 0.4112017804
8627 0.4112744242
8628 0.4113470681
8629 0.4114197119
8630 0.4114923558
8631 0.4115649996
8632 0.4116376435
8633 0.4117102873
8634 0.4117829312
8635 0.4118555751
8636 0.4119282189
8637 0.4120008628
8638 0.4120735066
8639 0.4121461505
8640 0.4122187943
8641 0.4122914382
8642 0.412364082
8643 0.4124367259
8644 0.4125093697
8645 0.4125820136
8646 0.4126546574
8647 0.4127273013
8648 0.4127999451
8649 0.412872589
8650 0.4129452328
8651 0.4130178767
8652 0.4130905205
8653 0.4131631644
8654 0.4132358082
8655 0.4133084521
8656 0.4133810959
8657 0.4134537398
8658 0.4135263836
8659 0.4135990275
8660 0.4136716714
8661 0.4137443152
8662 0.4138169591
8663 0.4138896029
8664 0.4139622468
8665 0.4140348906
8666 0.4141075345
8667 0.4141801783
8668 0.4142528222
8669 0.414325466
8670 0.4143981099
8671 0.4144707537
8672 0.4145433976
8673 0.4146160414
8674 0.4146886853
8675 0.4147613291
8676 0.414833973
8677 0.4149066168
8678 0.4149792607
8679 0.4150519045
8680 0.4151245484
8681 0.4151971922
8682 0.4152698361
8683 0.41534248
8684 0.4154151238
8685 0.4154877677
8686 0.4155604115
8687 0.4156330554
8688 0.4157056992
8689 0.4157783431
8690 0.4158509869
8691 0.4159236308
8692 0.4159962746
8693 0.4160689185
8694 0.4161415623
8695 0.4162142062
8696 0.41628685
8697 0.4163594939
8698 0.4164321377
8699 0.4165047816
8700 0.4165774254
8701 0.4166500693
8702 0.4167227131
8703 0.416795357
8704 0.4168680008
8705 0.4169406447
8706 0.4170132885
8707 0.4170859324
8708 0.4171585763
8709 0.4172312201
8710 0.417303864
8711 0.4173765078
8712 0.4174491517
8713 0.4175217955
8714 0.4175944394
8715 0.4176670832
8716 0.4177397271
8717 0.4178123709
8718 0.4178850148
8719 0.4179576586
8720 0.4180303025
8721 0.4181029463
8722 0.4181755902
8723 0.418248234
8724 0.4183208779
8725 0.4183935217
8726 0.4184661656
8727 0.4185388094
8728 0.4186114533
8729 0.4186840971
8730 0.418756741
8731 0.4188293849
8732 0.4189020287
8733 0.4189746726
8734 0.4190473164
8735 0.4191199603
8736 0.4191926041
8737 0.419265248
8738 0.4193378918
8739 0.4194105357
8740 0.4194831795
8741 0.4195558234
8742 0.4196284672
8743 0.4197011111
8744 0.4197737549
8745 0.4198463988
8746 0.4199190426
8747 0.4199916865
8748 0.4200643303
8749 0.4201369742
8750 0.420209618
8751 0.4202822619
8752 0.4203549057
8753 0.4204275496
8754 0.4205001935
8755 0.4205728373
8756 0.4206454812
8757 0.420718125
8758 0.4207907689
8759 0.4208634127
8760 0.4209360566
8761 0.4210087004
8762 0.4210813443
8763 0.4211539881
8764 0.421226632
8765 0.4212992758
8766 0.4213719197
8767 0.4214445635
8768 0.4215172074
8769 0.4215898512
8770 0.4216624951
8771 0.4217351389
8772 0.4218077828
8773 0.4218804266
8774 0.4219530705
8775 0.4220257143
8776 0.4220983582
8777 0.422171002
8778 0.4222436459
8779 0.4223162898
8780 0.4223889336
8781 0.4224615775
8782 0.4225342213
8783 0.4226068652
8784 0.422679509
8785 0.4227521529
8786 0.4228247967
8787 0.4228974406
8788 0.4229700844
8789 0.4230427283
8790 0.4231153721
8791 0.423188016
8792 0.4232606598
8793 0.4233333037
8794 0.4234059475
8795 0.4234785914
8796 0.4235512352
8797 0.4236238791
8798 0.4236965229
8799 0.4237691668
8800 0.4238418106
8801 0.4239144545
8802 0.4239870984
8803 0.4240597422
8804 0.4241323861
8805 0.4242050299
8806 0.4242776738
8807 0.4243503176
8808 0.4244229615
8809 0.4244956053
8810 0.4245682492
8811 0.424640893
8812 0.4247135369
8813 0.4247861807
8814 0.4248588246
8815 0.4249314684
8816 0.4250041123
8817 0.4250767561
8818 0.4251494
8819 0.4252220438
8820 0.4252946877
8821 0.4253673315
8822 0.4254399754
8823 0.4255126192
8824 0.4255852631
8825 0.425657907
8826 0.4257305508
8827 0.4258031947
8828 0.4258758385
8829 0.4259484824
8830 0.4260211262
8831 0.4260937701
8832 0.4261664139
8833 0.4262390578
8834 0.4263117016
8835 0.4263843455
8836 0.4264569893
8837 0.4265296332
8838 0.426602277
8839 0.4266749209
8840 0.4267475647
8841 0.4268202086
8842 0.4268928524
8843 0.4269654963
8844 0.4270381401
8845 0.427110784
8846 0.4271834278
8847 0.4272560717
8848 0.4273287155
8849 0.4274013594
8850 0.4274740033
8851 0.4275466471
8852 0.427619291
8853 0.4276919348
8854 0.4277645787
8855 0.4278372225
8856 0.4279098664
8857 0.4279825102
8858 0.4280551541
8859 0.4281277979
8860 0.4282004418
8861 0.4282730856
8862 0.4283457295
8863 0.4284183733
8864 0.4284910172
8865 0.428563661
8866 0.4286363049
8867 0.4287089487
8868 0.4287815926
8869 0.4288542364
8870 0.4289268803
8871 0.4289995241
8872 0.429072168
8873 0.4291448119
8874 0.4292174557
8875 0.4292900996
8876 0.4293627434
8877 0.4294353873
8878 0.4295080311
8879 0.429580675
8880 0.4296533188
8881 0.4297259627
8882 0.4297986065
8883 0.4298712504
8884 0.4299438942
8885 0.4300165381
8886 0.4300891819
8887 0.4301618258
8888 0.4302344696
8889 0.4303071135
8890 0.4303797573
8891 0.4304524012
8892 0.430525045
8893 0.4305976889
8894 0.4306703327
8895 0.4307429766
8896 0.4308156205
8897 0.4308882643
8898 0.4309609082
8899 0.431033552
8900 0.4311061959
8901 0.4311788397
8902 0.4312514836
8903 0.4313241274
8904 0.4313967713
8905 0.4314694151
8906 0.431542059
8907 0.4316147028
8908 0.4316873467
8909 0.4317599905
8910 0.4318326344
8911 0.4319052782
8912 0.4319779221
8913 0.4320505659
8914 0.4321232098
8915 0.4321958536
8916 0.4322684975
8917 0.4323411413
8918 0.4324137852
8919 0.432486429
8920 0.4325590729
8921 0.4326317168
8922 0.4327043606
8923 0.4327770045
8924 0.4328496483
8925 0.4329222922
8926 0.432994936
8927 0.4330675799
8928 0.4331402237
8929 0.4332128676
8930 0.4332855114
8931 0.4333581553
8932 0.4334307991
8933 0.433503443
8934 0.4335760868
8935 0.4336487307
8936 0.4337213745
8937 0.4337940184
8938 0.4338666622
8939 0.4339393061
8940 0.4340119499
8941 0.4340845938
8942 0.4341572376
8943 0.4342298815
8944 0.4343025254
8945 0.4343751692
8946 0.4344478131
8947 0.4345204569
8948 0.4345931008
8949 0.4346657446
8950 0.4347383885
8951 0.4348110323
8952 0.4348836762
8953 0.43495632
8954 0.4350289639
8955 0.4351016077
8956 0.4351742516
8957 0.4352468954
8958 0.4353195393
8959 0.4353921831
8960 0.435464827
8961 0.4355374708
8962 0.4356101147
8963 0.4356827585
8964 0.4357554024
8965 0.4358280462
8966 0.4359006901
8967 0.435973334
8968 0.4360459778
8969 0.4361186217
8970 0.4361912655
8971 0.4362639094
8972 0.4363365532
8973 0.4364091971
8974 0.4364818409
8975 0.4365544848
8976 0.4366271286
8977 0.4366997725
8978 0.4367724163
8979 0.4368450602
8980 0.436917704
8981 0.4369903479
8982 0.4370629917
8983 0.4371356356
8984 0.4372082794
8985 0.4372809233
8986 0.4373535671
8987 0.437426211
8988 0.4374988548
8989 0.4375714987
8990 0.4376441425
8991 0.4377167864
8992 0.4377894303
8993 0.4378620741
8994 0.437934718
8995 0.4380073618
8996 0.4380800057
8997 0.4381526495
8998 0.4382252934
8999 0.4382979372
9000 0.4383705811
9001 0.4384432249
9002 0.4385158688
9003 0.4385885126
9004 0.4386611565
9005 0.4387338003
9006 0.4388064442
9007 0.438879088
9008 0.4389517319
9009 0.4390243757
9010 0.4390970196
9011 0.4391696634
9012 0.4392423073
9013 0.4393149511
9014 0.439387595
9015 0.4394602389
9016 0.4395328827
9017 0.4396055266
9018 0.4396781704
9019 0.4397508143
9020 0.4398234581
9021 0.439896102
9022 0.4399687458
9023 0.4400413897
9024 0.4401140335
9025 0.4401866774
9026 0.4402593212
9027 0.4403319651
9028 0.4404046089
9029 0.4404772528
9030 0.4405498966
9031 0.4406225405
9032 0.4406951843
9033 0.4407678282
9034 0.440840472
9035 0.4409131159
9036 0.4409857597
9037 0.4410584036
9038 0.4411310475
9039 0.4412036913
9040 0.4412763352
9041 0.441348979
9042 0.4414216229
9043 0.4414942667
9044 0.4415669106
9045 0.4416395544
9046 0.4417121983
9047 0.4417848421
9048 0.441857486
9049 0.4419301298
9050 0.4420027737
9051 0.4420754175
9052 0.4421480614
9053 0.4422207052
9054 0.4422933491
9055 0.4423659929
9056 0.4424386368
9057 0.4425112806
9058 0.4425839245
9059 0.4426565683
9060 0.4427292122
9061 0.442801856
9062 0.4428744999
9063 0.4429471438
9064 0.4430197876
9065 0.4430924315
9066 0.4431650753
9067 0.4432377192
9068 0.443310363
9069 0.4433830069
9070 0.4434556507
9071 0.4435282946
9072 0.4436009384
9073 0.4436735823
9074 0.4437462261
9075 0.44381887
9076 0.4438915138
9077 0.4439641577
9078 0.4440368015
9079 0.4441094454
9080 0.4441820892
9081 0.4442547331
9082 0.4443273769
9083 0.4444000208
9084 0.4444726646
9085 0.4445453085
9086 0.4446179524
9087 0.4446905962
9088 0.4447632401
9089 0.4448358839
9090 0.4449085278
9091 0.4449811716
9092 0.4450538155
9093 0.4451264593
9094 0.4451991032
9095 0.445271747
9096 0.4453443909
9097 0.4454170347
9098 0.4454896786
9099 0.4455623224
9100 0.4456349663
9101 0.4457076101
9102 0.445780254
9103 0.4458528978
9104 0.4459255417
9105 0.4459981855
9106 0.4460708294
9107 0.4461434732
9108 0.4462161171
9109 0.446288761
9110 0.4463614048
9111 0.4464340487
9112 0.4465066925
9113 0.4465793364
9114 0.4466519802
9115 0.4467246241
9116 0.4467972679
9117 0.4468699118
9118 0.4469425556
9119 0.4470151995
9120 0.4470878433
9121 0.4471604872
9122 0.447233131
9123 0.4473057749
9124 0.4473784187
9125 0.4474510626
9126 0.4475237064
9127 0.4475963503
9128 0.4476689941
9129 0.447741638
9130 0.4478142818
9131 0.4478869257
9132 0.4479595695
9133 0.4480322134
9134 0.4481048573
9135 0.4481775011
9136 0.448250145
9137 0.4483227888
9138 0.4483954327
9139 0.4484869192
9140 0.4485784057
9141 0.4486698923
9142 0.4487613788
9143 0.4488528654
9144 0.4489443519
9145 0.4490358385
9146 0.449127325
9147 0.4492188115
9148 0.4493102981
9149 0.4494017846
9150 0.4494932712
9151 0.4495847577
9152 0.4496762442
9153 0.4497677308
9154 0.4498592173
9155 0.4499507039
9156 0.4500421904
9157 0.450133677
9158 0.4502251635
9159 0.45031665
9160 0.4504081366
9161 0.4504996231
9162 0.4505911097
9163 0.4506825962
9164 0.4507740828
9165 0.4508655693
9166 0.4509570558
9167 0.4510485424
9168 0.4511400289
9169 0.4512315155
9170 0.451323002
9171 0.4514144885
9172 0.4515059751
9173 0.4515974616
9174 0.4516889482
9175 0.4517804347
9176 0.4518719213
9177 0.4519634078
9178 0.4520548943
9179 0.4521463809
9180 0.4522378674
9181 0.452329354
9182 0.4524208405
9183 0.452512327
9184 0.4526038136
9185 0.4526953001
9186 0.4527867867
9187 0.4528782732
9188 0.4529697598
9189 0.4530612463
9190 0.4531527328
9191 0.4532442194
9192 0.4533357059
9193 0.4534271925
9194 0.453518679
9195 0.4536101655
9196 0.4537016521
9197 0.4537931386
9198 0.4538846252
9199 0.4539761117
9200 0.4540675983
9201 0.4541590848
9202 0.4542505713
9203 0.4543420579
9204 0.4544335444
9205 0.454525031
9206 0.4546165175
9207 0.4547080041
9208 0.4547994906
9209 0.4548909771
9210 0.4549824637
9211 0.4550739502
9212 0.4551654368
9213 0.4552569233
9214 0.4553484098
9215 0.4554398964
9216 0.4555313829
9217 0.4556228695
9218 0.455714356
9219 0.4558058426
9220 0.4558973291
9221 0.4559888156
9222 0.4560803022
9223 0.4561717887
9224 0.4562632753
9225 0.4563547618
9226 0.4564462483
9227 0.4565377349
9228 0.4566292214
9229 0.456720708
9230 0.4568121945
9231 0.4569036811
9232 0.4569951676
9233 0.4570866541
9234 0.4571781407
9235 0.4572696272
9236 0.4573611138
9237 0.4574526003
9238 0.4575440869
9239 0.4576355734
9240 0.4577270599
9241 0.4578185465
9242 0.457910033
9243 0.4580015196
9244 0.4580930061
9245 0.4581844926
9246 0.4582759792
9247 0.4583674657
9248 0.4584589523
9249 0.4585504388
9250 0.4586419254
9251 0.4587334119
9252 0.4588248984
9253 0.458916385
9254 0.4590078715
9255 0.4590993581
9256 0.4591908446
9257 0.4592823311
9258 0.4593738177
9259 0.4594653042
9260 0.4595567908
9261 0.4596482773
9262 0.4597397639
9263 0.4598312504
9264 0.4599227369
9265 0.4600142235
9266 0.46010571
9267 0.4601971966
9268 0.4602886831
9269 0.4603801697
9270 0.4604716562
9271 0.4605631427
9272 0.4606546293
9273 0.4607461158
9274 0.4608376024
9275 0.4609290889
9276 0.4610205754
9277 0.461112062
9278 0.4612035485
9279 0.4612950351
9280 0.4613865216
9281 0.4614780082
9282 0.4615694947
9283 0.4616609812
9284 0.4617524678
9285 0.4618439543
9286 0.4619354409
9287 0.4620269274
9288 0.4621184139
9289 0.4622099005
9290 0.462301387
9291 0.4623928736
9292 0.4624843601
9293 0.4625758467
9294 0.4626673332
9295 0.4627588197
9296 0.4628503063
9297 0.4629417928
9298 0.4630332794
9299 0.4631247659
9300 0.4632162524
9301 0.463307739
9302 0.4633992255
9303 0.4634907121
9304 0.4635821986
9305 0.4636736852
9306 0.4637651717
9307 0.4638566582
9308 0.4639481448
9309 0.4640396313
9310 0.4641311179
9311 0.4642226044
9312 0.464314091
9313 0.4644055775
9314 0.464497064
9315 0.4645885506
9316 0.4646800371
9317 0.4647715237
9318 0.4648630102
9319 0.4649544967
9320 0.4650459833
9321 0.4651374698
9322 0.4652289564
9323 0.4653204429
9324 0.4654119295
9325 0.465503416
9326 0.4655949025
9327 0.4656863891
9328 0.4657778756
9329 0.4658693622
9330 0.4659608487
9331 0.4660523352
9332 0.4661438218
9333 0.4662353083
9334 0.4663267949
9335 0.4664182814
9336 0.466509768
9337 0.4666012545
9338 0.466692741
9339 0.4667842276
9340 0.4668757141
9341 0.4669672007
9342 0.4670586872
9343 0.4671501738
9344 0.4672416603
9345 0.4673331468
9346 0.4674246334
9347 0.4675161199
9348 0.4676076065
9349 0.467699093
9350 0.4677905795
9351 0.4678820661
9352 0.4679735526
9353 0.4680650392
9354 0.4681565257
9355 0.4682480123
9356 0.4683394988
9357 0.4684309853
9358 0.4685224719
9359 0.4686139584
9360 0.468705445
9361 0.4687969315
9362 0.468888418
9363 0.4689799046
9364 0.4690713911
9365 0.4691628777
9366 0.4692543642
9367 0.4693458508
9368 0.4694373373
9369 0.4695288238
9370 0.4696203104
9371 0.4697117969
9372 0.4698032835
9373 0.46989477
9374 0.4699862565
9375 0.4700777431
9376 0.4701692296
9377 0.4702607162
9378 0.4703522027
9379 0.4704436893
9380 0.4705351758
9381 0.4706266623
9382 0.4707181489
9383 0.4708096354
9384 0.470901122
9385 0.4709926085
9386 0.4710840951
9387 0.4711755816
9388 0.4712670681
9389 0.4713585547
9390 0.4714500412
9391 0.4715415278
9392 0.4716330143
9393 0.4717245008
9394 0.4718159874
9395 0.4719074739
9396 0.4719989605
9397 0.472090447
9398 0.4721819336
9399 0.4722734201
9400 0.4723649066
9401 0.4724563932
9402 0.4725478797
9403 0.4726393663
9404 0.4727308528
9405 0.4728223393
9406 0.4729138259
9407 0.4730053124
9408 0.473096799
9409 0.4731882855
9410 0.4732797721
9411 0.4733712586
9412 0.4734627451
9413 0.4735542317
9414 0.4736457182
9415 0.4737372048
9416 0.4738286913
9417 0.4739201779
9418 0.4740116644
9419 0.4741031509
9420 0.4741946375
9421 0.474286124
9422 0.4743776106
9423 0.4744690971
9424 0.4745605836
9425 0.4746520702
9426 0.4747435567
9427 0.4748350433
9428 0.4749265298
9429 0.4750180164
9430 0.4751095029
9431 0.4752009894
9432 0.475292476
9433 0.4753839625
9434 0.4754754491
9435 0.4755669356
9436 0.4756584221
9437 0.4757499087
9438 0.4758413952
9439 0.4759328818
9440 0.4760243683
9441 0.4761158549
9442 0.4762073414
9443 0.4762988279
9444 0.4763903145
9445 0.476481801
9446 0.4765732876
9447 0.4766647741
9448 0.4767562607
9449 0.4768477472
9450 0.4769392337
9451 0.4770307203
9452 0.4771222068
9453 0.4772136934
9454 0.4773051799
9455 0.4773966664
9456 0.477488153
9457 0.4775796395
9458 0.4776711261
9459 0.4777626126
9460 0.4778540992
9461 0.4779455857
9462 0.4780370722
9463 0.4781285588
9464 0.4782200453
9465 0.4783115319
9466 0.4784030184
9467 0.4784945049
9468 0.4785859915
9469 0.478677478
9470 0.4787689646
9471 0.4788604511
9472 0.4789519377
9473 0.4790434242
9474 0.4791349107
9475 0.4792263973
9476 0.4793178838
9477 0.4794093704
9478 0.4795008569
9479 0.4795923434
9480 0.47968383
9481 0.4797753165
9482 0.4798668031
9483 0.4799582896
9484 0.4800497762
9485 0.4801412627
9486 0.4802327492
9487 0.4803242358
9488 0.4804157223
9489 0.4805072089
9490 0.4805986954
9491 0.480690182
9492 0.4807816685
9493 0.480873155
9494 0.4809646416
9495 0.4810561281
9496 0.4811476147
9497 0.4812391012
9498 0.4813305877
9499 0.4814220743
9500 0.4815135608
9501 0.4816050474
9502 0.4816965339
9503 0.4817880205
9504 0.481879507
9505 0.4819709935
9506 0.4820624801
9507 0.4821539666
9508 0.4822454532
9509 0.4823369397
9510 0.4824284262
9511 0.4825199128
9512 0.4826113993
9513 0.4827028859
9514 0.4827943724
9515 0.482885859
9516 0.4829773455
9517 0.483068832
9518 0.4831603186
9519 0.4832518051
9520 0.4833432917
9521 0.4834347782
9522 0.4835262648
9523 0.4836177513
9524 0.4837092378
9525 0.4838007244
9526 0.4838922109
9527 0.4839836975
9528 0.484075184
9529 0.4841666705
9530 0.4842581571
9531 0.4843496436
9532 0.4844411302
9533 0.4845326167
9534 0.4846241033
9535 0.4847155898
9536 0.4848070763
9537 0.4848985629
9538 0.4849900494
9539 0.485081536
9540 0.4851730225
9541 0.485264509
9542 0.4853559956
9543 0.4854474821
9544 0.4855389687
9545 0.4856304552
9546 0.4857219418
9547 0.4858134283
9548 0.4859049148
9549 0.4859964014
9550 0.4860878879
9551 0.4861793745
9552 0.486270861
9553 0.4863623476
9554 0.4864538341
9555 0.4865453206
9556 0.4866368072
9557 0.4867282937
9558 0.4868197803
9559 0.4869112668
9560 0.4870027533
9561 0.4870942399
9562 0.4871857264
9563 0.487277213
9564 0.4873686995
9565 0.4874601861
9566 0.4875516726
9567 0.4876431591
9568 0.4877346457
9569 0.4878261322
9570 0.4879176188
9571 0.4880091053
9572 0.4881005918
9573 0.4881920784
9574 0.4882835649
9575 0.4883750515
9576 0.488466538
9577 0.4885580246
9578 0.4886495111
9579 0.4887409976
9580 0.4888324842
9581 0.4889239707
9582 0.4890154573
9583 0.4891069438
9584 0.4891984303
9585 0.4892899169
9586 0.4893814034
9587 0.48947289
9588 0.4895643765
9589 0.4896558631
9590 0.4897473496
9591 0.4898388361
9592 0.4899303227
9593 0.4900218092
9594 0.4901132958
9595 0.4902047823
9596 0.4902962689
9597 0.4903877554
9598 0.4904792419
9599 0.4905707285
9600 0.490662215
9601 0.4907537016
9602 0.4908451881
9603 0.4909366746
9604 0.4910281612
9605 0.4911196477
9606 0.4912111343
9607 0.4913026208
9608 0.4913941074
9609 0.4914855939
9610 0.4915770804
9611 0.491668567
9612 0.4917600535
9613 0.4918515401
9614 0.4919430266
9615 0.4920345131
9616 0.4921259997
9617 0.4922174862
9618 0.4923089728
9619 0.4924004593
9620 0.4924919459
9621 0.4925834324
9622 0.4926749189
9623 0.4927664055
9624 0.492857892
9625 0.4929493786
9626 0.4930408651
9627 0.4931323517
9628 0.4932238382
9629 0.4933153247
9630 0.4934068113
9631 0.4934982978
9632 0.4935897844
9633 0.4936812709
9634 0.4937727574
9635 0.493864244
9636 0.4939557305
9637 0.4940472171
9638 0.4941387036
9639 0.4942301902
9640 0.4943216767
9641 0.4944131632
9642 0.4945046498
9643 0.4945961363
9644 0.4946876229
9645 0.4947791094
9646 0.4948705959
9647 0.4949620825
9648 0.495053569
9649 0.4951450556
9650 0.4952365421
9651 0.4953280287
9652 0.4954195152
9653 0.4955110017
9654 0.4956024883
9655 0.4956939748
9656 0.4957854614
9657 0.4958769479
9658 0.4959684344
9659 0.496059921
9660 0.4961514075
9661 0.4962428941
9662 0.4963343806
9663 0.4964258672
9664 0.4965173537
9665 0.4966088402
9666 0.4967003268
9667 0.4967918133
9668 0.4968832999
9669 0.4969747864
9670 0.497066273
9671 0.4971577595
9672 0.497249246
9673 0.4973407326
9674 0.4974322191
9675 0.4975237057
9676 0.4976151922
9677 0.4977066787
9678 0.4977981653
9679 0.4978896518
9680 0.4979811384
9681 0.4980726249
9682 0.4981641115
9683 0.498255598
9684 0.4983470845
9685 0.4984385711
9686 0.4985300576
9687 0.4986215442
9688 0.4987130307
9689 0.4988045172
9690 0.4988960038
9691 0.4989874903
9692 0.4990789769
9693 0.4991704634
9694 0.49926195
9695 0.4993534365
9696 0.499444923
9697 0.4995364096
9698 0.4996278961
9699 0.4997193827
9700 0.4998108692
9701 0.4999023558
9702 0.4999938423
9703 0.5000853288
9704 0.5001768154
9705 0.5002683019
9706 0.5003597885
9707 0.500451275
9708 0.5005427615
9709 0.5006342481
9710 0.5007257346
9711 0.5008172212
9712 0.5009087077
9713 0.5010001943
9714 0.5010916808
9715 0.5011831673
9716 0.5012746539
9717 0.5013661404
9718 0.501457627
9719 0.5015491135
9720 0.5016406
9721 0.5017320866
9722 0.5018235731
9723 0.5019150597
9724 0.5020065462
9725 0.5020980328
9726 0.5021895193
9727 0.5022810058
9728 0.5023724924
9729 0.5024639789
9730 0.5025554655
9731 0.502646952
9732 0.5027384386
9733 0.5028299251
9734 0.5029214116
9735 0.5030128982
9736 0.5031043847
9737 0.5031958713
9738 0.5032873578
9739 0.5033788443
9740 0.5034703309
9741 0.5035618174
9742 0.503653304
9743 0.5037447905
9744 0.5038362771
9745 0.5039277636
9746 0.5040192501
9747 0.5041107367
9748 0.5042022232
9749 0.5042937098
9750 0.5043851963
9751 0.5044766828
9752 0.5045681694
9753 0.5046596559
9754 0.5047511425
9755 0.504842629
9756 0.5049341156
9757 0.5050256021
9758 0.5051170886
9759 0.5052085752
9760 0.5053000617
9761 0.5053915483
9762 0.5054830348
9763 0.5055745213
9764 0.5056660079
9765 0.5057574944
9766 0.505848981
9767 0.5059404675
9768 0.5060319541
9769 0.5061234406
9770 0.5062149271
9771 0.5063064137
9772 0.5063979002
9773 0.5064893868
9774 0.5065808733
9775 0.5066723599
9776 0.5067638464
9777 0.5068553329
9778 0.5069468195
9779 0.507038306
9780 0.5071297926
9781 0.5072212791
9782 0.5073127656
9783 0.5074042522
9784 0.5074957387
9785 0.5075872253
9786 0.5076787118
9787 0.5077701984
9788 0.5078616849
9789 0.5079531714
9790 0.508044658
9791 0.5081361445
9792 0.5082276311
9793 0.5083191176
9794 0.5084106041
9795 0.5085020907
9796 0.5085935772
9797 0.5086850638
9798 0.5087765503
9799 0.5088680369
9800 0.5089595234
9801 0.5090510099
9802 0.5091424965
9803 0.509233983
9804 0.5093254696
9805 0.5094169561
9806 0.5095084427
9807 0.5095999292
9808 0.5096914157
9809 0.5097829023
9810 0.5098743888
9811 0.5099658754
9812 0.5100573619
9813 0.5101488484
9814 0.510240335
9815 0.5103318215
9816 0.5104233081
9817 0.5105147946
9818 0.5106062812
9819 0.5106977677
9820 0.5107892542
9821 0.5108807408
9822 0.5109722273
9823 0.5110637139
9824 0.5111552004
9825 0.5112466869
9826 0.5113381735
9827 0.51142966
9828 0.5115211466
9829 0.5116126331
9830 0.5117041197
9831 0.5117956062
9832 0.5118870927
9833 0.5119785793
9834 0.5120700658
9835 0.5121615524
9836 0.5122530389
9837 0.5123445254
9838 0.512436012
9839 0.5125274985
9840 0.5126189851
9841 0.5127104716
9842 0.5128019582
9843 0.5128934447
9844 0.5129849312
9845 0.5130764178
9846 0.5131679043
9847 0.5132593909
9848 0.5133508774
9849 0.513442364
9850 0.5135338505
9851 0.513625337
9852 0.5137168236
9853 0.5138083101
9854 0.5138997967
9855 0.5139912832
9856 0.5140827697
9857 0.5141742563
9858 0.5142657428
9859 0.5143572294
9860 0.5144487159
9861 0.5145402025
9862 0.514631689
9863 0.5147231755
9864 0.5148146621
9865 0.5149061486
9866 0.5149976352
9867 0.5150891217
9868 0.5151806082
9869 0.5152720948
9870 0.5153635813
9871 0.5154550679
9872 0.5155465544
9873 0.515638041
9874 0.5157295275
9875 0.515821014
9876 0.5159125006
9877 0.5160039871
9878 0.5160954737
9879 0.5161869602
9880 0.5162784468
9881 0.5163699333
9882 0.5164614198
9883 0.5165529064
9884 0.5166443929
9885 0.5167358795
9886 0.516827366
9887 0.5169188525
9888 0.5170103391
9889 0.5171018256
9890 0.5171933122
9891 0.5172847987
9892 0.5173762853
9893 0.5174677718
9894 0.5175592583
9895 0.5176507449
9896 0.5177422314
9897 0.517833718
9898 0.5179252045
9899 0.518016691
9900 0.5181081776
9901 0.5181996641
9902 0.5182911507
9903 0.5183826372
9904 0.5184741238
9905 0.5185656103
9906 0.5186570968
9907 0.5187485834
9908 0.5188400699
9909 0.5189315565
9910 0.519023043
9911 0.5191145296
9912 0.5192060161
9913 0.5192975026
9914 0.5193889892
9915 0.5194804757
9916 0.5195719623
9917 0.5196634488
9918 0.5197549353
9919 0.5198464219
9920 0.5199379084
9921 0.520029395
9922 0.5201208815
9923 0.5202123681
9924 0.5203038546
9925 0.5203953411
9926 0.5204868277
9927 0.5205783142
9928 0.5206698008
9929 0.5207612873
9930 0.5208527738
9931 0.5209442604
9932 0.5210357469
9933 0.5211272335
9934 0.52121872
9935 0.5213102066
9936 0.5214016931
9937 0.5214931796
9938 0.5215846662
9939 0.5216761527
9940 0.5217676393
9941 0.5218591258
9942 0.5219506123
9943 0.5220420989
9944 0.5221335854
9945 0.522225072
9946 0.5223165585
9947 0.5224080451
9948 0.5224995316
9949 0.5225910181
9950 0.5226825047
9951 0.5227739912
9952 0.5228654778
9953 0.5229569643
9954 0.5230484509
9955 0.5231399374
9956 0.5232314239
9957 0.5233229105
9958 0.523414397
9959 0.5235058836
9960 0.5235973701
9961 0.5236888566
9962 0.5237803432
9963 0.5238718297
9964 0.5239633163
9965 0.5240548028
9966 0.5241462894
9967 0.5242377759
9968 0.5243292624
9969 0.524420749
9970 0.5245122355
9971 0.5246037221
9972 0.5246952086
9973 0.5247866951
9974 0.5248781817
9975 0.5249696682
9976 0.5250611548
9977 0.5251526413
9978 0.5252441279
9979 0.5253356144
9980 0.5254271009
9981 0.5255185875
9982 0.525610074
9983 0.5257015606
9984 0.5257930471
9985 0.5258845337
9986 0.5259760202
9987 0.5260675067
9988 0.5261589933
9989 0.5262504798
9990 0.5263419664
9991 0.5264334529
9992 0.5265249394
9993 0.526616426
9994 0.5267079125
9995 0.5267993991
9996 0.5268908856
9997 0.5269823722
9998 0.5270738587
9999 0.5271653452
10000 0.5272568318
10001 0.5273483183
10002 0.5274398049
10003 0.5275312914
10004 0.5276227779
10005 0.5277142645
10006 0.527805751
10007 0.5278972376
10008 0.5279887241
10009 0.5280802107
10010 0.5281716972
10011 0.5282631837
10012 0.5283546703
10013 0.5284461568
10014 0.5285376434
10015 0.5286291299
10016 0.5287206164
10017 0.528812103
10018 0.5289035895
10019 0.5289950761
10020 0.5290865626
10021 0.5291780492
10022 0.5292695357
10023 0.5293610222
10024 0.5294525088
10025 0.5295439953
10026 0.5296354819
10027 0.5297269684
10028 0.529818455
10029 0.5299099415
10030 0.530001428
10031 0.5300929146
10032 0.5301844011
10033 0.5302758877
10034 0.5303673742
10035 0.5304588607
10036 0.5305503473
10037 0.5306418338
10038 0.5307333204
10039 0.5308248069
10040 0.5309162935
10041 0.53100778
10042 0.5310992665
10043 0.5311907531
10044 0.5312822396
10045 0.5313737262
10046 0.5314652127
10047 0.5315566992
10048 0.5316481858
10049 0.5317396723
10050 0.5318311589
10051 0.5319226454
10052 0.532014132
10053 0.5321056185
10054 0.532197105
10055 0.5322885916
10056 0.5323800781
10057 0.5324715647
10058 0.5325630512
10059 0.5326545378
10060 0.5327460243
10061 0.5328375108
10062 0.5329289974
10063 0.5330204839
10064 0.5331119705
10065 0.533203457
10066 0.5332949435
10067 0.5333864301
10068 0.5334779166
10069 0.5335694032
10070 0.5336608897
10071 0.5337523763
10072 0.5338438628
10073 0.5339353493
10074 0.5340268359
10075 0.5341183224
10076 0.534209809
10077 0.5343012955
10078 0.534392782
10079 0.5344842686
10080 0.5345757551
10081 0.5346672417
10082 0.5347587282
10083 0.5348502148
10084 0.5349417013
10085 0.5350331878
10086 0.5351246744
10087 0.5352161609
10088 0.5353076475
10089 0.535399134
10090 0.5354906206
10091 0.5355821071
10092 0.5356735936
10093 0.5357650802
10094 0.5358565667
10095 0.5359480533
10096 0.5360395398
10097 0.5361310263
10098 0.5362225129
10099 0.5363139994
10100 0.536405486
10101 0.5364969725
10102 0.5365884591
10103 0.5366799456
10104 0.5367714321
10105 0.5368629187
10106 0.5369544052
10107 0.5370458918
10108 0.5371373783
10109 0.5372288648
10110 0.5373203514
10111 0.5374118379
10112 0.5375033245
10113 0.537594811
10114 0.5376862976
10115 0.5377777841
10116 0.5378692706
10117 0.5379607572
10118 0.5380522437
10119 0.5381437303
10120 0.5382352168
10121 0.5383267033
10122 0.5384181899
10123 0.5385096764
10124 0.538601163
10125 0.5386926495
10126 0.5387841361
10127 0.5388756226
10128 0.5389671091
10129 0.5390585957
10130 0.5391500822
10131 0.5392415688
10132 0.5393330553
10133 0.5394245419
10134 0.5395160284
10135 0.5396075149
10136 0.5396990015
10137 0.539790488
10138 0.5398819746
10139 0.5399734611
10140 0.5400649476
10141 0.5401564342
10142 0.5402479207
10143 0.5403394073
10144 0.5404308938
10145 0.5405223804
10146 0.5406138669
10147 0.5407053534
10148 0.54079684
10149 0.5408883265
10150 0.5409798131
10151 0.5410712996
10152 0.5411627861
10153 0.5412542727
10154 0.5413457592
10155 0.5414372458
10156 0.5415287323
10157 0.5416202189
10158 0.5417117054
10159 0.5418031919
10160 0.5418946785
10161 0.541986165
10162 0.5420776516
10163 0.5421691381
10164 0.5422606247
10165 0.5423521112
10166 0.5424435977
10167 0.5425350843
10168 0.5426265708
10169 0.5427180574
10170 0.5428095439
10171 0.5429010304
10172 0.542992517
10173 0.5430840035
10174 0.5431754901
10175 0.5432669766
10176 0.5433584632
10177 0.5434499497
10178 0.5435414362
10179 0.5436329228
10180 0.5437244093
10181 0.5438158959
10182 0.5439073824
10183 0.5439988689
10184 0.5440903555
10185 0.544181842
10186 0.5442733286
10187 0.5443648151
10188 0.5444563017
10189 0.5445477882
10190 0.5446392747
10191 0.5447307613
10192 0.5448222478
10193 0.5449137344
10194 0.5450052209
10195 0.5450967075
10196 0.545188194
10197 0.5452796805
10198 0.5453711671
10199 0.5454626536
10200 0.5455541402
10201 0.5456456267
10202 0.5457371132
10203 0.5458285998
10204 0.5459200863
10205 0.5460115729
10206 0.5461030594
10207 0.546194546
10208 0.5462860325
10209 0.546377519
10210 0.5464690056
10211 0.5465604921
10212 0.5466519787
10213 0.5467434652
10214 0.5468349517
10215 0.5469264383
10216 0.5470179248
10217 0.5471094114
10218 0.5472008979
10219 0.5472923845
10220 0.547383871
10221 0.5474753575
10222 0.5475668441
10223 0.5476583306
10224 0.5477498172
10225 0.5478413037
10226 0.5479327902
10227 0.5480242768
10228 0.5481157633
10229 0.5482072499
10230 0.5482987364
10231 0.548390223
10232 0.5484817095
10233 0.548573196
10234 0.5486646826
10235 0.5487561691
10236 0.5488476557
10237 0.5489391422
10238 0.5490306288
10239 0.5491221153
10240 0.5492136018
10241 0.5493050884
10242 0.5493965749
10243 0.5494880615
10244 0.549579548
10245 0.5496710345
10246 0.5497625211
10247 0.5498540076
10248 0.5499454942
10249 0.5500369807
10250 0.5501284673
10251 0.5502199538
10252 0.5503114403
10253 0.5504029269
10254 0.5504944134
10255 0.5505859
10256 0.5506773865
10257 0.550768873
10258 0.5508603596
10259 0.5509518461
10260 0.5510433327
10261 0.5511348192
10262 0.5512263058
10263 0.5513177923
10264 0.5514092788
10265 0.5515007654
10266 0.5515922519
10267 0.5516837385
10268 0.551775225
10269 0.5518667116
10270 0.5519581981
10271 0.5520496846
10272 0.5521411712
10273 0.5522326577
10274 0.5523241443
10275 0.5524156308
10276 0.5525071173
10277 0.5525986039
10278 0.5526900904
10279 0.552781577
10280 0.5528730635
10281 0.5529645501
10282 0.5530560366
10283 0.5531475231
10284 0.5532390097
10285 0.5533304962
10286 0.5534219828
10287 0.5535134693
10288 0.5536049558
10289 0.5536964424
10290 0.5537879289
10291 0.5538794155
10292 0.553970902
10293 0.5540623886
10294 0.5541538751
10295 0.5542453616
10296 0.5543368482
10297 0.5544283347
10298 0.5545198213
10299 0.5546113078
10300 0.5547027943
10301 0.5547942809
10302 0.5548857674
10303 0.554977254
10304 0.5550687405
10305 0.5551602271
10306 0.5552517136
10307 0.5553432001
10308 0.5554346867
10309 0.5555261732
10310 0.5556176598
10311 0.5557091463
10312 0.5558006329
10313 0.5558921194
10314 0.5559836059
10315 0.5560750925
10316 0.556166579
10317 0.5562580656
10318 0.5563495521
10319 0.5564410386
10320 0.5565325252
10321 0.5566240117
10322 0.5567154983
10323 0.5568069848
10324 0.5568984714
10325 0.5569899579
10326 0.5570814444
10327 0.557172931
10328 0.5572644175
10329 0.5573559041
10330 0.5574473906
10331 0.5575388771
10332 0.5576303637
10333 0.5577218502
10334 0.5578133368
10335 0.5579048233
10336 0.5579963099
10337 0.5580877964
10338 0.5581792829
10339 0.5582707695
10340 0.558362256
10341 0.5584537426
10342 0.5585452291
10343 0.5586367157
10344 0.5587282022
10345 0.5588196887
10346 0.5589111753
10347 0.5590026618
10348 0.5590941484
10349 0.5591856349
10350 0.5592771214
10351 0.559368608
10352 0.5594600945
10353 0.5595515811
10354 0.5596430676
10355 0.5597345542
10356 0.5598260407
10357 0.5599175272
10358 0.5600090138
10359 0.5601005003
10360 0.5601919869
10361 0.5602834734
10362 0.5603749599
10363 0.5604664465
10364 0.560557933
10365 0.5606494196
10366 0.5607409061
10367 0.5608323927
10368 0.5609238792
10369 0.5610153657
10370 0.5611068523
10371 0.5611983388
10372 0.5612898254
10373 0.5613813119
10374 0.5614727985
10375 0.561564285
10376 0.5616557715
10377 0.5617472581
10378 0.5618387446
10379 0.5619302312
10380 0.5620217177
10381 0.5621132042
10382 0.5622046908
10383 0.5622961773
10384 0.5623876639
10385 0.5624791504
10386 0.562570637
10387 0.5626621235
10388 0.56275361
10389 0.5628450966
10390 0.5629365831
10391 0.5630280697
10392 0.5631195562
10393 0.5632110427
10394 0.5633025293
10395 0.5633940158
10396 0.5634855024
10397 0.5635769889
10398 0.5636684755
10399 0.563759962
10400 0.5638514485
10401 0.5639429351
10402 0.5640344216
10403 0.5641259082
10404 0.5642173947
10405 0.5643088812
10406 0.5644003678
10407 0.5644918543
10408 0.5645833409
10409 0.5646748274
10410 0.564766314
10411 0.5648578005
10412 0.564949287
10413 0.5650407736
10414 0.5651322601
10415 0.5652237467
10416 0.5653152332
10417 0.5654067198
10418 0.5654982063
10419 0.5655896928
10420 0.5656811794
10421 0.5657726659
10422 0.5658641525
10423 0.565955639
10424 0.5660471255
10425 0.5661386121
10426 0.5662300986
10427 0.5663215852
10428 0.5664130717
10429 0.5665045583
10430 0.5665960448
10431 0.5666875313
10432 0.5667790179
10433 0.5668705044
10434 0.566961991
10435 0.5670534775
10436 0.567144964
10437 0.5672364506
10438 0.5673279371
10439 0.5674194237
10440 0.5675109102
10441 0.5676023968
10442 0.5676938833
10443 0.5677853698
10444 0.5678768564
10445 0.5679683429
10446 0.5680598295
10447 0.568151316
10448 0.5682428026
10449 0.5683342891
10450 0.5684257756
10451 0.5685172622
10452 0.5686087487
10453 0.5687002353
10454 0.5687917218
10455 0.5688832083
10456 0.5689746949
10457 0.5690661814
10458 0.569157668
10459 0.5692491545
10460 0.5693406411
10461 0.5694321276
10462 0.5695236141
10463 0.5696151007
10464 0.5697065872
10465 0.5697980738
10466 0.5698895603
10467 0.5699810468
10468 0.5700725334
10469 0.5701640199
10470 0.5702555065
10471 0.570346993
10472 0.5704384796
10473 0.5705299661
10474 0.5706214526
10475 0.5707129392
10476 0.5708044257
10477 0.5708959123
10478 0.5709873988
10479 0.5710788853
10480 0.5711703719
10481 0.5712618584
10482 0.571353345
10483 0.5714448315
10484 0.5715363181
10485 0.5716278046
10486 0.5717192911
10487 0.5718107777
10488 0.5719022642
10489 0.5719937508
10490 0.5720852373
10491 0.5721767239
10492 0.5722682104
10493 0.5723596969
10494 0.5724511835
10495 0.57254267
10496 0.5726341566
10497 0.5727256431
10498 0.5728171296
10499 0.5729086162
10500 0.5730001027
10501 0.5730915893
10502 0.5731830758
10503 0.5732745624
10504 0.5733660489
10505 0.5734575354
10506 0.573549022
10507 0.5736405085
10508 0.5737319951
10509 0.5738234816
10510 0.5739149681
10511 0.5740064547
10512 0.5740979412
10513 0.5741894278
10514 0.5742809143
10515 0.5743724009
10516 0.5744638874
10517 0.5745553739
10518 0.5746468605
10519 0.574738347
10520 0.5748298336
10521 0.5749213201
10522 0.5750128067
10523 0.5751042932
10524 0.5751957797
10525 0.5752872663
10526 0.5753787528
10527 0.5754702394
10528 0.5755617259
10529 0.5756532124
10530 0.575744699
10531 0.5758361855
10532 0.5759276721
10533 0.5760191586
10534 0.5761106452
10535 0.5762021317
10536 0.5762936182
10537 0.5763851048
10538 0.5764765913
10539 0.5765680779
10540 0.5766595644
10541 0.5767510509
10542 0.5768425375
10543 0.576934024
10544 0.5770255106
10545 0.5771169971
10546 0.5772084837
10547 0.5772999702
10548 0.5773914567
10549 0.5774829433
10550 0.5775744298
10551 0.5776659164
10552 0.5777574029
10553 0.5778488895
10554 0.577940376
10555 0.5780318625
10556 0.5781233491
10557 0.5782148356
10558 0.5783063222
10559 0.5783978087
10560 0.5784892952
10561 0.5785807818
10562 0.5786722683
10563 0.5787637549
10564 0.5788552414
10565 0.578946728
10566 0.5790382145
10567 0.579129701
10568 0.5792211876
10569 0.5793126741
10570 0.5794041607
10571 0.5794956472
10572 0.5795871337
10573 0.5796786203
10574 0.5797701068
10575 0.5798615934
10576 0.5799530799
10577 0.5800445665
10578 0.580136053
10579 0.5802275395
10580 0.5803190261
10581 0.5804105126
10582 0.5805019992
10583 0.5805934857
10584 0.5806849722
10585 0.5807764588
10586 0.5808679453
10587 0.5809594319
10588 0.5810509184
10589 0.581142405
10590 0.5812338915
10591 0.581325378
10592 0.5814168646
10593 0.5815083511
10594 0.5815998377
10595 0.5816913242
10596 0.5817828108
10597 0.5818742973
10598 0.5819657838
10599 0.5820572704
10600 0.5821487569
10601 0.5822402435
10602 0.58233173
10603 0.5824232165
10604 0.5825147031
10605 0.5826061896
10606 0.5826976762
10607 0.5827891627
10608 0.5828806493
10609 0.5829721358
10610 0.5830636223
10611 0.5831551089
10612 0.5832465954
10613 0.583338082
10614 0.5834295685
10615 0.583521055
10616 0.5836125416
10617 0.5837040281
10618 0.5837955147
10619 0.5838870012
10620 0.5839784878
10621 0.5840699743
10622 0.5841614608
10623 0.5842529474
10624 0.5843444339
10625 0.5844359205
10626 0.584527407
10627 0.5846188936
10628 0.5847103801
10629 0.5848018666
10630 0.5848933532
10631 0.5849848397
10632 0.5850763263
10633 0.5851678128
10634 0.5852592993
10635 0.5853507859
10636 0.5854422724
10637 0.585533759
10638 0.5856252455
10639 0.5857167321
10640 0.5858082186
10641 0.5858997051
10642 0.5859911917
10643 0.5860826782
10644 0.5861741648
10645 0.5862656513
10646 0.5863571378
10647 0.5864486244
10648 0.5865401109
10649 0.5866315975
10650 0.586723084
10651 0.5868145706
10652 0.5869060571
10653 0.5869975436
10654 0.5870890302
10655 0.5871805167
10656 0.5872720033
10657 0.5873634898
10658 0.5874549763
10659 0.5875464629
10660 0.5876379494
10661 0.587729436
10662 0.5878209225
10663 0.5879124091
10664 0.5880038956
10665 0.5880953821
10666 0.5881868687
10667 0.5882783552
10668 0.5883698418
10669 0.5884613283
10670 0.5885528149
10671 0.5886443014
10672 0.5887357879
10673 0.5888272745
10674 0.588918761
10675 0.5890102476
10676 0.5891017341
10677 0.5891932206
10678 0.5892847072
10679 0.5893761937
10680 0.5894676803
10681 0.5895591668
10682 0.5896506534
10683 0.5897421399
10684 0.5898336264
10685 0.589925113
10686 0.5900165995
10687 0.5901080861
10688 0.5901995726
10689 0.5902910591
10690 0.5903825457
10691 0.5904740322
10692 0.5905655188
10693 0.5906570053
10694 0.5907484919
10695 0.5908399784
10696 0.5909314649
10697 0.5910229515
10698 0.591114438
10699 0.5912059246
10700 0.5912974111
10701 0.5913888977
10702 0.5914803842
10703 0.5915718707
10704 0.5916633573
10705 0.5917548438
10706 0.5918463304
10707 0.5919378169
10708 0.5920293034
10709 0.59212079
10710 0.5922122765
10711 0.5923037631
10712 0.5923952496
10713 0.5924867362
10714 0.5925782227
10715 0.5926697092
10716 0.5927611958
10717 0.5928526823
10718 0.5929441689
10719 0.5930356554
10720 0.5931271419
10721 0.5932186285
10722 0.593310115
10723 0.5934016016
10724 0.5934930881
10725 0.5935845747
10726 0.5936760612
10727 0.5937675477
10728 0.5938590343
10729 0.5939505208
10730 0.5940420074
10731 0.5941334939
10732 0.5942249805
10733 0.594316467
10734 0.5944079535
10735 0.5944994401
10736 0.5945909266
10737 0.5946824132
10738 0.5947738997
10739 0.5948653862
10740 0.5949568728
10741 0.5950483593
10742 0.5951398459
10743 0.5952313324
10744 0.595322819
10745 0.5954143055
10746 0.595505792
10747 0.5955972786
10748 0.5956887651
10749 0.5957802517
10750 0.5958717382
10751 0.5959632247
10752 0.5960547113
10753 0.5961461978
10754 0.5962376844
10755 0.5963291709
10756 0.5964206575
10757 0.596512144
10758 0.5966036305
10759 0.5966951171
10760 0.5967866036
10761 0.5968780902
10762 0.5969695767
10763 0.5970610632
10764 0.5971525498
10765 0.5972440363
10766 0.5973355229
10767 0.5974270094
10768 0.597518496
10769 0.5976099825
10770 0.597701469
10771 0.5977929556
10772 0.5978844421
10773 0.5979759287
10774 0.5980674152
10775 0.5981589018
10776 0.5982503883
10777 0.5983418748
10778 0.5984333614
10779 0.5985248479
10780 0.5986163345
10781 0.598707821
10782 0.5987993075
10783 0.5988907941
10784 0.5989822806
10785 0.5990737672
10786 0.5991652537
10787 0.5992567403
10788 0.5993482268
10789 0.5994397133
10790 0.5995311999
10791 0.5996226864
10792 0.599714173
10793 0.5998056595
10794 0.599897146
10795 0.5999886326
10796 0.6000801191
10797 0.6001716057
10798 0.6002630922
10799 0.6003545788
10800 0.6004460653
10801 0.6005375518
10802 0.6006290384
10803 0.6007205249
10804 0.6008120115
10805 0.600903498
10806 0.6009949846
10807 0.6010864711
10808 0.6011779576
10809 0.6012694442
10810 0.6013609307
10811 0.6014524173
10812 0.6015439038
10813 0.6016353903
10814 0.6017268769
10815 0.6018183634
10816 0.60190985
10817 0.6020013365
10818 0.6020928231
10819 0.6021843096
10820 0.6022757961
10821 0.6023672827
10822 0.6024587692
10823 0.6025502558
10824 0.6026417423
10825 0.6027332288
10826 0.6028247154
10827 0.6029162019
10828 0.6030076885
10829 0.603099175
10830 0.6031906616
10831 0.6032821481
10832 0.6033736346
10833 0.6034651212
10834 0.6035566077
10835 0.6036480943
10836 0.6037395808
10837 0.6038310674
10838 0.6039225539
10839 0.6040140404
10840 0.604105527
10841 0.6041970135
10842 0.6042885001
10843 0.6043799866
10844 0.6044714731
10845 0.6045629597
10846 0.6046544462
10847 0.6047459328
10848 0.6048374193
10849 0.6049289059
10850 0.6050203924
10851 0.6051118789
10852 0.6052033655
10853 0.605294852
10854 0.6053863386
10855 0.6054778251
10856 0.6055693116
10857 0.6056607982
10858 0.6057522847
10859 0.6058437713
10860 0.6059352578
10861 0.6060267444
10862 0.6061182309
10863 0.6062097174
10864 0.606301204
10865 0.6063926905
10866 0.6064841771
10867 0.6065756636
10868 0.6066671501
10869 0.6067586367
10870 0.6068501232
10871 0.6069416098
10872 0.6070330963
10873 0.6071245829
10874 0.6072160694
10875 0.6073075559
10876 0.6073990425
10877 0.607490529
10878 0.6075820156
10879 0.6076735021
10880 0.6077649887
10881 0.6078564752
10882 0.6079479617
10883 0.6080394483
10884 0.6081309348
10885 0.6082224214
10886 0.6083139079
10887 0.6084053944
10888 0.608496881
10889 0.6085883675
10890 0.6086798541
10891 0.6087713406
10892 0.6088628272
10893 0.6089543137
10894 0.6090458002
10895 0.6091372868
10896 0.6092287733
10897 0.6093202599
10898 0.6094117464
10899 0.6095032329
10900 0.6095947195
10901 0.609686206
10902 0.6097776926
10903 0.6098691791
10904 0.6099606657
10905 0.6100521522
10906 0.6101436387
10907 0.6102351253
10908 0.6103266118
10909 0.6104180984
10910 0.6105095849
10911 0.6106010715
10912 0.610692558
10913 0.6107840445
10914 0.6108755311
10915 0.6109670176
10916 0.6110585042
10917 0.6111499907
10918 0.6112414772
10919 0.6113329638
10920 0.6114244503
10921 0.6115159369
10922 0.6116074234
10923 0.61169891
10924 0.6117903965
10925 0.611881883
10926 0.6119733696
10927 0.6120648561
10928 0.6121563427
10929 0.6122478292
10930 0.6123393157
10931 0.6124308023
10932 0.6125222888
10933 0.6126137754
10934 0.6127052619
10935 0.6127967485
10936 0.612888235
10937 0.6129797215
10938 0.6130712081
10939 0.6131626946
10940 0.6132541812
10941 0.6133456677
10942 0.6134371542
10943 0.6135286408
10944 0.6136201273
10945 0.6137116139
10946 0.6138031004
10947 0.613894587
10948 0.6139860735
10949 0.61407756
10950 0.6141690466
10951 0.6142605331
10952 0.6143520197
10953 0.6144435062
10954 0.6145349928
10955 0.6146264793
10956 0.6147179658
10957 0.6148094524
10958 0.6149009389
10959 0.6149924255
10960 0.615083912
10961 0.6151753985
10962 0.6152668851
10963 0.6153583716
10964 0.6154498582
10965 0.6155413447
