1 0.0554977225
2 0.0555791483
3 0.0556027845
4 0.0556552975
5 0.0556846875
6 0.0575658908
7 0.0589205599
8 0.0599461412
9 0.0607523276
10 0.0613962654
11 0.0619379635
12 0.0623957554
13 0.0627823319
14 0.063125338
15 0.0634219245
16 0.0636862123
17 0.0639290014
18 0.0641442369
19 0.0643408325
20 0.0645215824
21 0.0646887491
22 0.0648441836
23 0.0649894149
24 0.0651257171
25 0.0652506896
26 0.0653723134
27 0.0654877459
28 0.0655945496
29 0.0656996016
30 0.0657972899
31 0.0658939262
32 0.0659841827
33 0.0660712691
34 0.0661554642
35 0.066237015
36 0.0663161411
37 0.0664018428
38 0.0664875446
39 0.0665732463
40 0.0666589481
41 0.0667446498
42 0.0668303516
43 0.0669160533
44 0.0670017551
45 0.0670874568
46 0.0671731586
47 0.0672588603
48 0.0673445621
49 0.0674302638
50 0.0675159656
51 0.0676016673
52 0.0676873691
53 0.0677730708
54 0.0678587726
55 0.0679444743
56 0.0680301761
57 0.0681158778
58 0.0682015796
59 0.0682872813
60 0.0683729831
61 0.0684586848
62 0.0685443866
63 0.0686300883
64 0.0687157901
65 0.0688014918
66 0.0688871936
67 0.0689728953
68 0.0690585971
69 0.0691442988
70 0.0692300006
71 0.0693157023
72 0.0694014041
73 0.0694871058
74 0.0695728076
75 0.0696585093
76 0.0697442111
77 0.0698299128
78 0.0699156146
79 0.0700013163
80 0.0700870181
81 0.0701727198
82 0.0702584215
83 0.0703441233
84 0.070429825
85 0.0705155268
86 0.0706012285
87 0.0706869303
88 0.070772632
89 0.0708583338
90 0.0709440355
91 0.0710297373
92 0.071115439
93 0.0712011408
94 0.0712868425
95 0.0713725443
96 0.071458246
97 0.0715439478
98 0.0716296495
99 0.0717153513
100 0.071801053
101 0.0718867548
102 0.0719724565
103 0.0720581583
104 0.07214386
105 0.0722295618
106 0.0723152635
107 0.0724009653
108 0.072486667
109 0.0725723688
110 0.0726580705
111 0.0727437723
112 0.072829474
113 0.0729151758
114 0.0730008775
115 0.0730865793
116 0.073172281
117 0.0732579828
118 0.0733436845
119 0.0734293863
120 0.073515088
121 0.0736007898
122 0.0736864915
123 0.0737721933
124 0.073857895
125 0.0739435968
126 0.0740292985
127 0.0741150003
128 0.074200702
129 0.0742864038
130 0.0743721055
131 0.0744578073
132 0.074543509
133 0.0746292108
134 0.0747149125
135 0.0748006143
136 0.074886316
137 0.0749720178
138 0.0750577195
139 0.0751434213
140 0.075229123
141 0.0753148248
142 0.0754005265
143 0.0754862283
144 0.07557193
145 0.0756576318
146 0.0757433335
147 0.0758290353
148 0.075914737
149 0.0760004388
150 0.0760861405
151 0.0761718423
152 0.076257544
153 0.0763432458
154 0.0764289475
155 0.0765146493
156 0.076600351
157 0.0766860528
158 0.0767717545
159 0.0768574563
160 0.076943158
161 0.0770288598
162 0.0771145615
163 0.0772002633
164 0.077285965
165 0.0773716668
166 0.0774573685
167 0.0775430703
168 0.077628772
169 0.0777144738
170 0.0778001755
171 0.0778858773
172 0.077971579
173 0.0780572808
174 0.0781429825
175 0.0782286843
176 0.078314386
177 0.0784000878
178 0.0784857895
179 0.0785714913
180 0.078657193
181 0.0787428948
182 0.0788285965
183 0.0789142983
184 0.079
185 0.0789628804
186 0.0789257609
187 0.0788886413
188 0.0788515218
189 0.0788144022
190 0.0787772826
191 0.0787401631
192 0.0787030435
193 0.078665924
194 0.0786288044
195 0.0785916849
196 0.0785545653
197 0.0785174457
198 0.0784803262
199 0.0784432066
200 0.0784060871
201 0.0783689675
202 0.0783318479
203 0.0782947284
204 0.0782576088
205 0.0782204893
206 0.0781833697
207 0.0781462502
208 0.0781091306
209 0.078072011
210 0.0780348915
211 0.0779977719
212 0.0779606524
213 0.0779235328
214 0.0778864132
215 0.0778492937
216 0.0778121741
217 0.0777750546
218 0.077737935
219 0.0777008154
220 0.0776636959
221 0.0776265763
222 0.0775894568
223 0.0775523372
224 0.0775152177
225 0.0774780981
226 0.0774409785
227 0.077403859
228 0.0773667394
229 0.0773296199
230 0.0772925003
231 0.0772553807
232 0.0772182612
233 0.0771811416
234 0.0771440221
235 0.0771069025
236 0.077069783
237 0.0770326634
238 0.0769955438
239 0.0769584243
240 0.0769213047
241 0.0768841852
242 0.0768470656
243 0.076809946
244 0.0767728265
245 0.0767357069
246 0.0766985874
247 0.0766614678
248 0.0766243482
249 0.0765872287
250 0.0765501091
251 0.0765129896
252 0.07647587
253 0.0764387505
254 0.0764016309
255 0.0763645113
256 0.0763273918
257 0.0762902722
258 0.0762531527
259 0.0762160331
260 0.0761789135
261 0.076141794
262 0.0761046744
263 0.0760675549
264 0.0760304353
265 0.0759933158
266 0.0759561962
267 0.0759190766
268 0.0758819571
269 0.0758448375
270 0.075807718
271 0.0757705984
272 0.0757334788
273 0.0756963593
274 0.0756592397
275 0.0756221202
276 0.0755850006
277 0.075547881
278 0.0755107615
279 0.0754736419
280 0.0754365224
281 0.0753994028
282 0.0753622833
283 0.0753251637
284 0.0752880441
285 0.0752509246
286 0.075213805
287 0.0751766855
288 0.0751395659
289 0.0751024463
290 0.0750653268
291 0.0750282072
292 0.0749910877
293 0.0749539681
294 0.0749168486
295 0.074879729
296 0.0748426094
297 0.0748054899
298 0.0747683703
299 0.0747312508
300 0.0746941312
301 0.0746570116
302 0.0746198921
303 0.0745827725
304 0.074545653
305 0.0745085334
306 0.0744714139
307 0.0744342943
308 0.0743971747
309 0.0743600552
310 0.0743229356
311 0.0742858161
312 0.0742486965
313 0.0742115769
314 0.0741744574
315 0.0741373378
316 0.0741002183
317 0.0740630987
318 0.0740259791
319 0.0739888596
320 0.07395174
321 0.0739146205
322 0.0738775009
323 0.0738403814
324 0.0738032618
325 0.0737661422
326 0.0737290227
327 0.0736919031
328 0.0736547836
329 0.073617664
330 0.0735805444
331 0.0735434249
332 0.0735063053
333 0.0734691858
334 0.0734320662
335 0.0733949467
336 0.0733578271
337 0.0733207075
338 0.073283588
339 0.0732464684
340 0.0732093489
341 0.0731722293
342 0.0731351097
343 0.0730979902
344 0.0730608706
345 0.0730237511
346 0.0729866315
347 0.0729495119
348 0.0729123924
349 0.0728752728
350 0.0728381533
351 0.0728010337
352 0.0727639142
353 0.0727267946
354 0.072689675
355 0.0726525555
356 0.0726154359
357 0.0725783164
358 0.0725411968
359 0.0725040772
360 0.0724669577
361 0.0724298381
362 0.0723927186
363 0.072355599
364 0.0723184795
365 0.0722813599
366 0.0722442403
367 0.0722071208
368 0.0721700012
369 0.0721328817
370 0.0720957621
371 0.0721403399
372 0.0721849177
373 0.0722294956
374 0.0722740734
375 0.0723186512
376 0.072363229
377 0.0724078068
378 0.0724523847
379 0.0724969625
380 0.0725415403
381 0.0725861181
382 0.0726306959
383 0.0726752738
384 0.0727198516
385 0.0727644294
386 0.0728090072
387 0.072853585
388 0.0728981628
389 0.0729427407
390 0.0729873185
391 0.0730318963
392 0.0730764741
393 0.0731210519
394 0.0731656298
395 0.0732102076
396 0.0732547854
397 0.0732993632
398 0.073343941
399 0.0733885189
400 0.0734330967
401 0.0734776745
402 0.0735222523
403 0.0735668301
404 0.073611408
405 0.0736559858
406 0.0737005636
407 0.0737451414
408 0.0737897192
409 0.0738342971
410 0.0738788749
411 0.0739234527
412 0.0739680305
413 0.0740126083
414 0.0740571861
415 0.074101764
416 0.0741463418
417 0.0741909196
418 0.0742354974
419 0.0742800752
420 0.0743246531
421 0.0743692309
422 0.0744138087
423 0.0744583865
424 0.0745029643
425 0.0745475422
426 0.07459212
427 0.0746366978
428 0.0746812756
429 0.0747258534
430 0.0747704313
431 0.0748150091
432 0.0748595869
433 0.0749041647
434 0.0749487425
435 0.0749933204
436 0.0750378982
437 0.075082476
438 0.0751270538
439 0.0751716316
440 0.0752162094
441 0.0752607873
442 0.0753053651
443 0.0753499429
444 0.0753945207
445 0.0754390985
446 0.0754836764
447 0.0755282542
448 0.075572832
449 0.0756174098
450 0.0756619876
451 0.0757065655
452 0.0757511433
453 0.0757957211
454 0.0758402989
455 0.0758848767
456 0.0759294546
457 0.0759740324
458 0.0760186102
459 0.076063188
460 0.0761077658
461 0.0761523437
462 0.0761969215
463 0.0762414993
464 0.0762860771
465 0.0763306549
466 0.0763752327
467 0.0764198106
468 0.0764643884
469 0.0765089662
470 0.076553544
471 0.0765981218
472 0.0766426997
473 0.0766872775
474 0.0767318553
475 0.0767764331
476 0.0768210109
477 0.0768655888
478 0.0769101666
479 0.0769547444
480 0.0769993222
481 0.0770439
482 0.0770884779
483 0.0771330557
484 0.0771776335
485 0.0772222113
486 0.0772667891
487 0.077311367
488 0.0773559448
489 0.0774005226
490 0.0774451004
491 0.0774896782
492 0.077534256
493 0.0775788339
494 0.0776234117
495 0.0776679895
496 0.0777125673
497 0.0777571451
498 0.077801723
499 0.0778463008
500 0.0778908786
501 0.0779354564
502 0.0779800342
503 0.0780246121
504 0.0780691899
505 0.0781137677
506 0.0781583455
507 0.0782029233
508 0.0782475012
509 0.078292079
510 0.0783366568
511 0.0783812346
512 0.0784258124
513 0.0784703903
514 0.0785149681
515 0.0785595459
516 0.0786041237
517 0.0786487015
518 0.0786932793
519 0.0787378572
520 0.078782435
521 0.0788270128
522 0.0788715906
523 0.0789161684
524 0.0789607463
525 0.0790053241
526 0.0790499019
527 0.0790944797
528 0.0791390575
529 0.0791836354
530 0.0792282132
531 0.079272791
532 0.0793173688
533 0.0793619466
534 0.0794065245
535 0.0794511023
536 0.0794956801
537 0.0795402579
538 0.0795848357
539 0.0796294136
540 0.0796739914
541 0.0797185692
542 0.079763147
543 0.0798077248
544 0.0798523026
545 0.0798968805
546 0.0799414583
547 0.0799860361
548 0.0800306139
549 0.0800751917
550 0.0801197696
551 0.0801643474
552 0.0802089252
553 0.080253503
554 0.0802980808
555 0.0803426587
556 0.0803872365
557 0.0804318143
558 0.0802685623
559 0.0801053102
560 0.0799420582
561 0.0797788061
562 0.0796155541
563 0.079452302
564 0.07928905
565 0.0791257979
566 0.0789625459
567 0.0787992938
568 0.0786360418
569 0.0784727897
570 0.0783095377
571 0.0781462856
572 0.0779830336
573 0.0778197815
574 0.0776565295
575 0.0774932774
576 0.0773300254
577 0.0771667733
578 0.0770035213
579 0.0768402692
580 0.0766770172
581 0.0765137651
582 0.0763505131
583 0.076187261
584 0.076024009
585 0.0758607569
586 0.0756975049
587 0.0755342528
588 0.0753710008
589 0.0752077487
590 0.0750444967
591 0.0748812446
592 0.0747179926
593 0.0745547405
594 0.0743914885
595 0.0742282364
596 0.0740649844
597 0.0739017323
598 0.0737384803
599 0.0735752282
600 0.0734119762
601 0.0732487241
602 0.0730854721
603 0.07292222
604 0.072758968
605 0.0725957159
606 0.0724324639
607 0.0722692118
608 0.0721059598
609 0.0719427077
610 0.0717794557
611 0.0716162036
612 0.0714529516
613 0.0712896995
614 0.0711264475
615 0.0709631954
616 0.0707999434
617 0.0706366913
618 0.0704734393
619 0.0703101873
620 0.0701469352
621 0.0699836832
622 0.0698204311
623 0.0696571791
624 0.069493927
625 0.069330675
626 0.0691674229
627 0.0690041709
628 0.0688409188
629 0.0686776668
630 0.0685144147
631 0.0683511627
632 0.0681879106
633 0.0680246586
634 0.0678614065
635 0.0676981545
636 0.0675349024
637 0.0673716504
638 0.0672083983
639 0.0670451463
640 0.0668818942
641 0.0667186422
642 0.0665553901
643 0.0663921381
644 0.066228886
645 0.066065634
646 0.0659023819
647 0.0657391299
648 0.0655758778
649 0.0654126258
650 0.0652493737
651 0.0650861217
652 0.0649228696
653 0.0647596176
654 0.0645963655
655 0.0644331135
656 0.0642698614
657 0.0641066094
658 0.0639433573
659 0.0637801053
660 0.0636168532
661 0.0634536012
662 0.0632903491
663 0.0631270971
664 0.062963845
665 0.062800593
666 0.0626373409
667 0.0624740889
668 0.0623108368
669 0.0621475848
670 0.0619843327
671 0.0618210807
672 0.0616578286
673 0.0614945766
674 0.0613313245
675 0.0611680725
676 0.0610048204
677 0.0608415684
678 0.0606783164
679 0.0605150643
680 0.0603518123
681 0.0601885602
682 0.0600253082
683 0.0598620561
684 0.0596988041
685 0.059535552
686 0.0593723
687 0.0592090479
688 0.0590457959
689 0.0588825438
690 0.0587192918
691 0.0585560397
692 0.0583927877
693 0.0582295356
694 0.0580662836
695 0.0579030315
696 0.0577397795
697 0.0575765274
698 0.0574132754
699 0.0572500233
700 0.0570867713
701 0.0569235192
702 0.0567602672
703 0.0565970151
704 0.0564337631
705 0.056270511
706 0.056107259
707 0.0559440069
708 0.0557807549
709 0.0556175028
710 0.0554542508
711 0.0552909987
712 0.0551277467
713 0.0549644946
714 0.0548012426
715 0.0546379905
716 0.0544747385
717 0.0543114864
718 0.0541482344
719 0.0539849823
720 0.0538217303
721 0.0536584782
722 0.0534952262
723 0.0533319741
724 0.0531687221
725 0.05300547
726 0.052842218
727 0.0526789659
728 0.0525157139
729 0.0523524618
730 0.0521892098
731 0.0520259577
732 0.0518627057
733 0.0516994536
734 0.0515362016
735 0.0513729495
736 0.0512096975
737 0.0510464454
738 0.0508831934
739 0.050901426
740 0.0509196587
741 0.0509378913
742 0.0509561239
743 0.0509743566
744 0.0509925892
745 0.0510108218
746 0.0510290544
747 0.0510472871
748 0.0510655197
749 0.0510837523
750 0.051101985
751 0.0511202176
752 0.0511384502
753 0.0511566829
754 0.0511749155
755 0.0511931481
756 0.0512113808
757 0.0512296134
758 0.051247846
759 0.0512660787
760 0.0512843113
761 0.0513025439
762 0.0513207765
763 0.0513390092
764 0.0513572418
765 0.0513754744
766 0.0513937071
767 0.0514119397
768 0.0514301723
769 0.051448405
770 0.0514666376
771 0.0514848702
772 0.0515031029
773 0.0515213355
774 0.0515395681
775 0.0515578007
776 0.0515760334
777 0.051594266
778 0.0516124986
779 0.0516307313
780 0.0516489639
781 0.0516671965
782 0.0516854292
783 0.0517036618
784 0.0517218944
785 0.0517401271
786 0.0517583597
787 0.0517765923
788 0.051794825
789 0.0518130576
790 0.0518312902
791 0.0518495228
792 0.0518677555
793 0.0518859881
794 0.0519042207
795 0.0519224534
796 0.051940686
797 0.0519589186
798 0.0519771513
799 0.0519953839
800 0.0520136165
801 0.0520318492
802 0.0520500818
803 0.0520683144
804 0.052086547
805 0.0521047797
806 0.0521230123
807 0.0521412449
808 0.0521594776
809 0.0521777102
810 0.0521959428
811 0.0522141755
812 0.0522324081
813 0.0522506407
814 0.0522688734
815 0.052287106
816 0.0523053386
817 0.0523235713
818 0.0523418039
819 0.0523600365
820 0.0523782691
821 0.0523965018
822 0.0524147344
823 0.052432967
824 0.0524511997
825 0.0524694323
826 0.0524876649
827 0.0525058976
828 0.0525241302
829 0.0525423628
830 0.0525605955
831 0.0525788281
832 0.0525970607
833 0.0526152933
834 0.052633526
835 0.0526517586
836 0.0526699912
837 0.0526882239
838 0.0527064565
839 0.0527246891
840 0.0527429218
841 0.0527611544
842 0.052779387
843 0.0527976197
844 0.0528158523
845 0.0528340849
846 0.0528523176
847 0.0528705502
848 0.0528887828
849 0.0529070154
850 0.0529252481
851 0.0529434807
852 0.0529617133
853 0.052979946
854 0.0529981786
855 0.0530164112
856 0.0530346439
857 0.0530528765
858 0.0530711091
859 0.0530893418
860 0.0531075744
861 0.053125807
862 0.0531440396
863 0.0531622723
864 0.0531805049
865 0.0531987375
866 0.0532169702
867 0.0532352028
868 0.0532534354
869 0.0532716681
870 0.0532899007
871 0.0533081333
872 0.053326366
873 0.0533445986
874 0.0533628312
875 0.0533810639
876 0.0533992965
877 0.0534175291
878 0.0534357617
879 0.0534539944
880 0.053472227
881 0.0534904596
882 0.0535086923
883 0.0535269249
884 0.0535451575
885 0.0535633902
886 0.0535816228
887 0.0535998554
888 0.0536180881
889 0.0536363207
890 0.0536545533
891 0.0536727859
892 0.0536910186
893 0.0537092512
894 0.0537274838
895 0.0537457165
896 0.0537639491
897 0.0537821817
898 0.0538004144
899 0.053818647
900 0.0538368796
901 0.0538551123
902 0.0538733449
903 0.0538915775
904 0.0539098102
905 0.0539280428
906 0.0539462754
907 0.053964508
908 0.0539827407
909 0.0540009733
910 0.0540192059
911 0.0540374386
912 0.0540556712
913 0.0540739038
914 0.0540921365
915 0.0541103691
916 0.0541286017
917 0.0541468344
918 0.054165067
919 0.0541832996
920 0.0542015323
921 0.0542197649
922 0.0542379975
923 0.0542562301
924 0.0542744628
925 0.0542926954
926 0.054310928
927 0.0543291607
928 0.0543473933
929 0.0543656259
930 0.0543838586
931 0.0544020912
932 0.0544203238
933 0.0544385565
934 0.0544567891
935 0.0544750217
936 0.0544932543
937 0.054511487
938 0.0545297196
939 0.0545479522
940 0.0545661849
941 0.0545844175
942 0.0546026501
943 0.0546208828
944 0.0546391154
945 0.054657348
946 0.0546755807
947 0.0546938133
948 0.0547120459
949 0.0547302786
950 0.0547485112
951 0.0547667438
952 0.0547849764
953 0.0548032091
954 0.0548214417
955 0.0548396743
956 0.054857907
957 0.0548761396
958 0.0548943722
959 0.0549126049
960 0.0549308375
961 0.0549490701
962 0.0549673028
963 0.0549855354
964 0.055003768
965 0.0550220006
966 0.0550402333
967 0.0550584659
968 0.0550766985
969 0.0550949312
970 0.0551131638
971 0.0551313964
972 0.0551496291
973 0.0551678617
974 0.0551860943
975 0.055204327
976 0.0552225596
977 0.0552407922
978 0.0552590249
979 0.0552772575
980 0.0552954901
981 0.0553137227
982 0.0553319554
983 0.055350188
984 0.0553684206
985 0.0553866533
986 0.0554048859
987 0.0554231185
988 0.0554413512
989 0.0554595838
990 0.0554778164
991 0.0554960491
992 0.0555142817
993 0.0555325143
994 0.0555507469
995 0.0555689796
996 0.0555872122
997 0.0556054448
998 0.0556236775
999 0.0556419101
1000 0.0556601427
1001 0.0556783754
1002 0.055696608
1003 0.0557148406
1004 0.0557330733
1005 0.0557513059
1006 0.0557695385
1007 0.0557877712
1008 0.0558060038
1009 0.0558242364
1010 0.055842469
1011 0.0558607017
1012 0.0558789343
1013 0.0558971669
1014 0.0559153996
1015 0.0559336322
1016 0.0559518648
1017 0.0559700975
1018 0.0559883301
1019 0.0560065627
1020 0.0560247954
1021 0.056043028
1022 0.0560612606
1023 0.0560794932
1024 0.0560977259
1025 0.0561159585
1026 0.0561341911
1027 0.0561524238
1028 0.0561706564
1029 0.056188889
1030 0.0562071217
1031 0.0562253543
1032 0.0562435869
1033 0.0562618196
1034 0.0562800522
1035 0.0562982848
1036 0.0563165175
1037 0.0563347501
1038 0.0563529827
1039 0.0563712153
1040 0.056389448
1041 0.0564076806
1042 0.0564259132
1043 0.0564441459
1044 0.0564623785
1045 0.0564806111
1046 0.0564988438
1047 0.0565170764
1048 0.056535309
1049 0.0565535417
1050 0.0565717743
1051 0.0565900069
1052 0.0566082395
1053 0.0566264722
1054 0.0566447048
1055 0.0566629374
1056 0.0566811701
1057 0.0566994027
1058 0.0567176353
1059 0.056735868
1060 0.0567541006
1061 0.0567723332
1062 0.0567905659
1063 0.0568087985
1064 0.0568270311
1065 0.0568452638
1066 0.0568634964
1067 0.056881729
1068 0.0568999616
1069 0.0569181943
1070 0.0569364269
1071 0.0569546595
1072 0.0569728922
1073 0.0569911248
1074 0.0570093574
1075 0.0570275901
1076 0.0570458227
1077 0.0570640553
1078 0.057082288
1079 0.0571005206
1080 0.0571187532
1081 0.0571369858
1082 0.0571552185
1083 0.0571734511
1084 0.0571916837
1085 0.0572099164
1086 0.057228149
1087 0.0572463816
1088 0.0572646143
1089 0.0572828469
1090 0.0573010795
1091 0.0573193122
1092 0.0573375448
1093 0.0573557774
1094 0.0573740101
1095 0.0573922427
1096 0.0574104753
1097 0.0574287079
1098 0.0574469406
1099 0.0574651732
1100 0.0574834058
1101 0.0575016385
1102 0.0575198711
1103 0.0575150372
1104 0.0575102033
1105 0.0575053694
1106 0.0575005355
1107 0.0574957016
1108 0.0574908677
1109 0.0574860338
1110 0.0574811999
1111 0.057476366
1112 0.0574715321
1113 0.0574666983
1114 0.0574618644
1115 0.0574570305
1116 0.0574521966
1117 0.0574473627
1118 0.0574425288
1119 0.0574376949
1120 0.057432861
1121 0.0574280271
1122 0.0574231932
1123 0.0574183593
1124 0.0574135254
1125 0.0574086915
1126 0.0574038576
1127 0.0573990237
1128 0.0573941898
1129 0.0573893559
1130 0.057384522
1131 0.0573796881
1132 0.0573748542
1133 0.0573700204
1134 0.0573651865
1135 0.0573603526
1136 0.0573555187
1137 0.0573506848
1138 0.0573458509
1139 0.057341017
1140 0.0573361831
1141 0.0573313492
1142 0.0573265153
1143 0.0573216814
1144 0.0573168475
1145 0.0573120136
1146 0.0573071797
1147 0.0573023458
1148 0.0572975119
1149 0.057292678
1150 0.0572878441
1151 0.0572830102
1152 0.0572781763
1153 0.0572733425
1154 0.0572685086
1155 0.0572636747
1156 0.0572588408
1157 0.0572540069
1158 0.057249173
1159 0.0572443391
1160 0.0572395052
1161 0.0572346713
1162 0.0572298374
1163 0.0572250035
1164 0.0572201696
1165 0.0572153357
1166 0.0572105018
1167 0.0572056679
1168 0.057200834
1169 0.0571960001
1170 0.0571911662
1171 0.0571863323
1172 0.0571814984
1173 0.0571766646
1174 0.0571718307
1175 0.0571669968
1176 0.0571621629
1177 0.057157329
1178 0.0571524951
1179 0.0571476612
1180 0.0571428273
1181 0.0571379934
1182 0.0571331595
1183 0.0571283256
1184 0.0571234917
1185 0.0571186578
1186 0.0571138239
1187 0.05710899
1188 0.0571041561
1189 0.0570993222
1190 0.0570944883
1191 0.0570896544
1192 0.0570848205
1193 0.0570799866
1194 0.0570751528
1195 0.0570703189
1196 0.057065485
1197 0.0570606511
1198 0.0570558172
1199 0.0570509833
1200 0.0570461494
1201 0.0570413155
1202 0.0570364816
1203 0.0570316477
1204 0.0570268138
1205 0.0570219799
1206 0.057017146
1207 0.0570123121
1208 0.0570074782
1209 0.0570026443
1210 0.0569978104
1211 0.0569929765
1212 0.0569881426
1213 0.0569833087
1214 0.0569784749
1215 0.056973641
1216 0.0569688071
1217 0.0569639732
1218 0.0569591393
1219 0.0569543054
1220 0.0569494715
1221 0.0569446376
1222 0.0569398037
1223 0.0569349698
1224 0.0569301359
1225 0.056925302
1226 0.0569204681
1227 0.0569156342
1228 0.0569108003
1229 0.0569059664
1230 0.0569011325
1231 0.0568962986
1232 0.0568914647
1233 0.0568866308
1234 0.056881797
1235 0.0568769631
1236 0.0568721292
1237 0.0568672953
1238 0.0568624614
1239 0.0568576275
1240 0.0568527936
1241 0.0568479597
1242 0.0568431258
1243 0.0568382919
1244 0.056833458
1245 0.0568286241
1246 0.0568237902
1247 0.0568189563
1248 0.0568141224
1249 0.0568092885
1250 0.0568044546
1251 0.0567996207
1252 0.0567947868
1253 0.0567899529
1254 0.056785119
1255 0.0567802852
1256 0.0567754513
1257 0.0567706174
1258 0.0567657835
1259 0.0567609496
1260 0.0567561157
1261 0.0567512818
1262 0.0567464479
1263 0.056741614
1264 0.0567367801
1265 0.0567319462
1266 0.0567271123
1267 0.0567222784
1268 0.0567174445
1269 0.0567126106
1270 0.0567077767
1271 0.0567029428
1272 0.0566981089
1273 0.056693275
1274 0.0566884411
1275 0.0566836073
1276 0.0566787734
1277 0.0566739395
1278 0.0566691056
1279 0.0566642717
1280 0.0566594378
1281 0.0566546039
1282 0.05664977
1283 0.0566449361
1284 0.0566401022
1285 0.0566352683
1286 0.0566304344
1287 0.0566256005
1288 0.0566207666
1289 0.0566159327
1290 0.0566110988
1291 0.0566062649
1292 0.056601431
1293 0.0565965971
1294 0.0565917632
1295 0.0565869294
1296 0.0565820955
1297 0.0565772616
1298 0.0565724277
1299 0.0565675938
1300 0.0565627599
1301 0.056557926
1302 0.0565530921
1303 0.0565482582
1304 0.0565434243
1305 0.0565385904
1306 0.0565337565
1307 0.0565289226
1308 0.0565240887
1309 0.0565192548
1310 0.0565144209
1311 0.056509587
1312 0.0565047531
1313 0.0564999192
1314 0.0564950853
1315 0.0564902515
1316 0.0564854176
1317 0.0564805837
1318 0.0564757498
1319 0.0564709159
1320 0.056466082
1321 0.0564612481
1322 0.0564564142
1323 0.0564515803
1324 0.0564467464
1325 0.0564419125
1326 0.0564370786
1327 0.0564322447
1328 0.0564274108
1329 0.0564225769
1330 0.056417743
1331 0.0564129091
1332 0.0564080752
1333 0.0564032413
1334 0.0563984074
1335 0.0563935735
1336 0.0563887397
1337 0.0563839058
1338 0.0563790719
1339 0.056374238
1340 0.0563694041
1341 0.0563645702
1342 0.0563597363
1343 0.0563549024
1344 0.0563500685
1345 0.0563452346
1346 0.0563404007
1347 0.0563355668
1348 0.0563307329
1349 0.056325899
1350 0.0563210651
1351 0.0563162312
1352 0.0563113973
1353 0.0563065634
1354 0.0563017295
1355 0.0562968956
1356 0.0562920618
1357 0.0562872279
1358 0.056282394
1359 0.0562775601
1360 0.0562727262
1361 0.0562678923
1362 0.0562630584
1363 0.0562582245
1364 0.0562533906
1365 0.0562485567
1366 0.0562437228
1367 0.0562388889
1368 0.056234055
1369 0.0562292211
1370 0.0562243872
1371 0.0562195533
1372 0.0562147194
1373 0.0562098855
1374 0.0562050516
1375 0.0562002177
1376 0.0561953839
1377 0.05619055
1378 0.0561857161
1379 0.0561808822
1380 0.0561760483
1381 0.0561712144
1382 0.0561663805
1383 0.0561615466
1384 0.0561567127
1385 0.0561518788
1386 0.0561470449
1387 0.056142211
1388 0.0561373771
1389 0.0561325432
1390 0.0561277093
1391 0.0561228754
1392 0.0561180415
1393 0.0561132076
1394 0.0561083737
1395 0.0561035398
1396 0.0560987059
1397 0.0560938721
1398 0.0560890382
1399 0.0560842043
1400 0.0560793704
1401 0.0560745365
1402 0.0560697026
1403 0.0560648687
1404 0.0560600348
1405 0.0560552009
1406 0.056050367
1407 0.0560455331
1408 0.0560406992
1409 0.0560358653
1410 0.0560310314
1411 0.0560261975
1412 0.0560213636
1413 0.0560165297
1414 0.0560116958
1415 0.0560068619
1416 0.056002028
1417 0.0559971942
1418 0.0559923603
1419 0.0559875264
1420 0.0559826925
1421 0.0559778586
1422 0.0559730247
1423 0.0559681908
1424 0.0559633569
1425 0.055958523
1426 0.0559536891
1427 0.0559488552
1428 0.0559440213
1429 0.0559391874
1430 0.0559343535
1431 0.0559295196
1432 0.0559246857
1433 0.0559198518
1434 0.0559150179
1435 0.055910184
1436 0.0559053501
1437 0.0559005163
1438 0.0558956824
1439 0.0558908485
1440 0.0558860146
1441 0.0558811807
1442 0.0558763468
1443 0.0558715129
1444 0.055866679
1445 0.0558618451
1446 0.0558570112
1447 0.0558521773
1448 0.0558473434
1449 0.0558425095
1450 0.0558376756
1451 0.0558328417
1452 0.0558280078
1453 0.0558231739
1454 0.05581834
1455 0.0558135061
1456 0.0558086722
1457 0.0558038384
1458 0.0557990045
1459 0.0557941706
1460 0.0557893367
1461 0.0557845028
1462 0.0557796689
1463 0.055774835
1464 0.0557700011
1465 0.0557651672
1466 0.0557603333
1467 0.0557554994
1468 0.0557480174
1469 0.0557405354
1470 0.0557330534
1471 0.0557255714
1472 0.0557180894
1473 0.0557106075
1474 0.0557031255
1475 0.0556956435
1476 0.0556881615
1477 0.0556806795
1478 0.0556731975
1479 0.0556657155
1480 0.0556582335
1481 0.0556507515
1482 0.0556432695
1483 0.0556357875
1484 0.0556283056
1485 0.0556208236
1486 0.0556133416
1487 0.0556058596
1488 0.0555983776
1489 0.0555908956
1490 0.0555834136
1491 0.0555759316
1492 0.0555684496
1493 0.0555609676
1494 0.0555534857
1495 0.0555460037
1496 0.0555385217
1497 0.0555310397
1498 0.0555235577
1499 0.0555160757
1500 0.0555085937
1501 0.0555011117
1502 0.0554936297
1503 0.0554861477
1504 0.0554786657
1505 0.0554711838
1506 0.0554637018
1507 0.0554562198
1508 0.0554487378
1509 0.0554412558
1510 0.0554337738
1511 0.0554262918
1512 0.0554188098
1513 0.0554113278
1514 0.0554038458
1515 0.0553963638
1516 0.0553888819
1517 0.0553813999
1518 0.0553739179
1519 0.0553664359
1520 0.0553589539
1521 0.0553514719
1522 0.0553439899
1523 0.0553365079
1524 0.0553290259
1525 0.0553215439
1526 0.055314062
1527 0.05530658
1528 0.055299098
1529 0.055291616
1530 0.055284134
1531 0.055276652
1532 0.05526917
1533 0.055261688
1534 0.055254206
1535 0.055246724
1536 0.055239242
1537 0.0552317601
1538 0.0552242781
1539 0.0552167961
1540 0.0552093141
1541 0.0552018321
1542 0.0551943501
1543 0.0551868681
1544 0.0551793861
1545 0.0551719041
1546 0.0551644221
1547 0.0551569401
1548 0.0551494582
1549 0.0551419762
1550 0.0551344942
1551 0.0551270122
1552 0.0551195302
1553 0.0551120482
1554 0.0551045662
1555 0.0550970842
1556 0.0550896022
1557 0.0550821202
1558 0.0550746383
1559 0.0550671563
1560 0.0550596743
1561 0.0550521923
1562 0.0550447103
1563 0.0550372283
1564 0.0550297463
1565 0.0550222643
1566 0.0550147823
1567 0.0550073003
1568 0.0549998183
1569 0.0549923364
1570 0.0549848544
1571 0.0549773724
1572 0.0549698904
1573 0.0549624084
1574 0.0549549264
1575 0.0549474444
1576 0.0549399624
1577 0.0549324804
1578 0.0549249984
1579 0.0549175164
1580 0.0549100345
1581 0.0549025525
1582 0.0548950705
1583 0.0548875885
1584 0.0548801065
1585 0.0548726245
1586 0.0548651425
1587 0.0548576605
1588 0.0548501785
1589 0.0548426965
1590 0.0548352145
1591 0.0548277326
1592 0.0548202506
1593 0.0548127686
1594 0.0548052866
1595 0.0547978046
1596 0.0547903226
1597 0.0547828406
1598 0.0547753586
1599 0.0547678766
1600 0.0547603946
1601 0.0547529127
1602 0.0547454307
1603 0.0547379487
1604 0.0547304667
1605 0.0547229847
1606 0.0547155027
1607 0.0547080207
1608 0.0547005387
1609 0.0546930567
1610 0.0546855747
1611 0.0546780927
1612 0.0546706108
1613 0.0546631288
1614 0.0546556468
1615 0.0546481648
1616 0.0546406828
1617 0.0546332008
1618 0.0546257188
1619 0.0546182368
1620 0.0546107548
1621 0.0546032728
1622 0.0545957908
1623 0.0545883089
1624 0.0545808269
1625 0.0545733449
1626 0.0545658629
1627 0.0545583809
1628 0.0545508989
1629 0.0545434169
1630 0.0545359349
1631 0.0545284529
1632 0.0545209709
1633 0.054513489
1634 0.054506007
1635 0.054498525
1636 0.054491043
1637 0.054483561
1638 0.054476079
1639 0.054468597
1640 0.054461115
1641 0.054453633
1642 0.054446151
1643 0.054438669
1644 0.0544311871
1645 0.0544237051
1646 0.0544162231
1647 0.0544087411
1648 0.0544012591
1649 0.0543937771
1650 0.0543862951
1651 0.0543788131
1652 0.0543713311
1653 0.0543638491
1654 0.0543563671
1655 0.0543488852
1656 0.0543414032
1657 0.0543339212
1658 0.0543264392
1659 0.0543189572
1660 0.0543114752
1661 0.0543039932
1662 0.0542965112
1663 0.0542890292
1664 0.0542815472
1665 0.0542740652
1666 0.0542665833
1667 0.0542591013
1668 0.0542516193
1669 0.0542441373
1670 0.0542366553
1671 0.0542291733
1672 0.0542216913
1673 0.0542142093
1674 0.0542067273
1675 0.0541992453
1676 0.0541917634
1677 0.0541842814
1678 0.0541767994
1679 0.0541693174
1680 0.0541618354
1681 0.0541543534
1682 0.0541468714
1683 0.0541393894
1684 0.0541319074
1685 0.0541244254
1686 0.0541169434
1687 0.0541094615
1688 0.0541019795
1689 0.0540944975
1690 0.0540870155
1691 0.0540795335
1692 0.0540720515
1693 0.0540645695
1694 0.0540570875
1695 0.0540496055
1696 0.0540421235
1697 0.0540346415
1698 0.0540271596
1699 0.0540196776
1700 0.0540121956
1701 0.0540047136
1702 0.0539972316
1703 0.0539897496
1704 0.0539822676
1705 0.0539747856
1706 0.0539673036
1707 0.0539598216
1708 0.0539523397
1709 0.0539448577
1710 0.0539373757
1711 0.0539298937
1712 0.0539224117
1713 0.0539149297
1714 0.0539074477
1715 0.0538999657
1716 0.0538924837
1717 0.0538850017
1718 0.0538775197
1719 0.0538700378
1720 0.0538625558
1721 0.0538550738
1722 0.0538475918
1723 0.0538401098
1724 0.0538326278
1725 0.0538251458
1726 0.0538176638
1727 0.0538101818
1728 0.0538026998
1729 0.0537952178
1730 0.0537877359
1731 0.0537802539
1732 0.0537727719
1733 0.0537652899
1734 0.0537578079
1735 0.0537503259
1736 0.0537428439
1737 0.0537353619
1738 0.0537278799
1739 0.0537203979
1740 0.0537129159
1741 0.053705434
1742 0.053697952
1743 0.05369047
1744 0.053682988
1745 0.053675506
1746 0.053668024
1747 0.053660542
1748 0.05365306
1749 0.053645578
1750 0.053638096
1751 0.0536306141
1752 0.0536231321
1753 0.0536156501
1754 0.0536081681
1755 0.0536006861
1756 0.0535932041
1757 0.0535857221
1758 0.0535782401
1759 0.0535707581
1760 0.0535632761
1761 0.0535557941
1762 0.0535483122
1763 0.0535408302
1764 0.0535333482
1765 0.0535258662
1766 0.0535183842
1767 0.0535109022
1768 0.0535034202
1769 0.0534959382
1770 0.0534884562
1771 0.0534809742
1772 0.0534734922
1773 0.0534660103
1774 0.0534585283
1775 0.0534510463
1776 0.0534435643
1777 0.0534360823
1778 0.0534286003
1779 0.0534211183
1780 0.0534136363
1781 0.0534061543
1782 0.0533986723
1783 0.0533911904
1784 0.0533837084
1785 0.0533762264
1786 0.0533687444
1787 0.0533612624
1788 0.0533537804
1789 0.0533462984
1790 0.0533388164
1791 0.0533313344
1792 0.0533238524
1793 0.0533163704
1794 0.0533088885
1795 0.0533014065
1796 0.0532939245
1797 0.0532864425
1798 0.0532789605
1799 0.0532714785
1800 0.0532639965
1801 0.0532565145
1802 0.0532490325
1803 0.0532415505
1804 0.0532340685
1805 0.0532265866
1806 0.0532191046
1807 0.0532116226
1808 0.0532041406
1809 0.0531966586
1810 0.0531891766
1811 0.0531816946
1812 0.0531742126
1813 0.0531667306
1814 0.0531592486
1815 0.0531517667
1816 0.0531442847
1817 0.0531368027
1818 0.0531293207
1819 0.0531218387
1820 0.0531143567
1821 0.0531068747
1822 0.0530993927
1823 0.0530919107
1824 0.0530844287
1825 0.0530769467
1826 0.0530694648
1827 0.0530619828
1828 0.0530545008
1829 0.0530470188
1830 0.0530395368
1831 0.0530320548
1832 0.0530268231
1833 0.0530215914
1834 0.0530163597
1835 0.053011128
1836 0.0530058963
1837 0.0530006646
1838 0.0529954329
1839 0.0529902012
1840 0.0529849696
1841 0.0529797379
1842 0.0529745062
1843 0.0529692745
1844 0.0529640428
1845 0.0529588111
1846 0.0529535794
1847 0.0529483477
1848 0.052943116
1849 0.0529378843
1850 0.0529326526
1851 0.0529274209
1852 0.0529221892
1853 0.0529169575
1854 0.0529117258
1855 0.0529064941
1856 0.0529012624
1857 0.0528960307
1858 0.0528907991
1859 0.0528855674
1860 0.0528803357
1861 0.052875104
1862 0.0528698723
1863 0.0528646406
1864 0.0528594089
1865 0.0528541772
1866 0.0528489455
1867 0.0528437138
1868 0.0528384821
1869 0.0528332504
1870 0.0528280187
1871 0.052822787
1872 0.0528175553
1873 0.0528123236
1874 0.0528070919
1875 0.0528018603
1876 0.0527966286
1877 0.0527913969
1878 0.0527861652
1879 0.0527809335
1880 0.0527757018
1881 0.0527704701
1882 0.0527652384
1883 0.0527600067
1884 0.052754775
1885 0.0527495433
1886 0.0527443116
1887 0.0527390799
1888 0.0527338482
1889 0.0527286165
1890 0.0527233848
1891 0.0527181531
1892 0.0527129214
1893 0.0527076898
1894 0.0527024581
1895 0.0526972264
1896 0.0526919947
1897 0.052686763
1898 0.0526815313
1899 0.0526762996
1900 0.0526710679
1901 0.0526658362
1902 0.0526606045
1903 0.0526553728
1904 0.0526501411
1905 0.0526449094
1906 0.0526396777
1907 0.052634446
1908 0.0526292143
1909 0.0526239826
1910 0.052618751
1911 0.0526135193
1912 0.0526082876
1913 0.0526030559
1914 0.0525978242
1915 0.0525925925
1916 0.0525873608
1917 0.0525821291
1918 0.0525768974
1919 0.0525716657
1920 0.052566434
1921 0.0525612023
1922 0.0525559706
1923 0.0525507389
1924 0.0525455072
1925 0.0525402755
1926 0.0525350438
1927 0.0525298122
1928 0.0525245805
1929 0.0525193488
1930 0.0525141171
1931 0.0525088854
1932 0.0525036537
1933 0.052498422
1934 0.0524931903
1935 0.0524879586
1936 0.0524827269
1937 0.0524774952
1938 0.0524722635
1939 0.0524670318
1940 0.0524618001
1941 0.0524565684
1942 0.0524513367
1943 0.052446105
1944 0.0524408733
1945 0.0524356417
1946 0.05243041
1947 0.0524251783
1948 0.0524199466
1949 0.0524147149
1950 0.0524094832
1951 0.0524042515
1952 0.0523990198
1953 0.0523937881
1954 0.0523885564
1955 0.0523833247
1956 0.052378093
1957 0.0523728613
1958 0.0523676296
1959 0.0523623979
1960 0.0523571662
1961 0.0523519345
1962 0.0523467029
1963 0.0523414712
1964 0.0523362395
1965 0.0523310078
1966 0.0523257761
1967 0.0523205444
1968 0.0523153127
1969 0.052310081
1970 0.0523048493
1971 0.0522996176
1972 0.0522943859
1973 0.0522891542
1974 0.0522839225
1975 0.0522786908
1976 0.0522734591
1977 0.0522682274
1978 0.0522629957
1979 0.052257764
1980 0.0522525324
1981 0.0522473007
1982 0.052242069
1983 0.0522368373
1984 0.0522316056
1985 0.0522263739
1986 0.0522211422
1987 0.0522159105
1988 0.0522106788
1989 0.0522054471
1990 0.0522002154
1991 0.0521949837
1992 0.052189752
1993 0.0521845203
1994 0.0521792886
1995 0.0521740569
1996 0.0521688252
1997 0.0521635936
1998 0.0521583619
1999 0.0521531302
2000 0.0521478985
2001 0.0521426668
2002 0.0521374351
2003 0.0521322034
2004 0.0521269717
2005 0.05212174
2006 0.0521165083
2007 0.0521112766
2008 0.0521060449
2009 0.0521008132
2010 0.0520955815
2011 0.0520903498
2012 0.0520851181
2013 0.0520798864
2014 0.0520746548
2015 0.0520694231
2016 0.0520641914
2017 0.0520589597
2018 0.052053728
2019 0.0520484963
2020 0.0520432646
2021 0.0520380329
2022 0.0520328012
2023 0.0520275695
2024 0.0520223378
2025 0.0520171061
2026 0.0520118744
2027 0.0520066427
2028 0.052001411
2029 0.0519961793
2030 0.0519909476
2031 0.0519857159
2032 0.0519804843
2033 0.0519752526
2034 0.0519700209
2035 0.0519647892
2036 0.0519595575
2037 0.0519543258
2038 0.0519490941
2039 0.0519438624
2040 0.0519386307
2041 0.051933399
2042 0.0519281673
2043 0.0519229356
2044 0.0519177039
2045 0.0519124722
2046 0.0519072405
2047 0.0519020088
2048 0.0518967771
2049 0.0518915455
2050 0.0518863138
2051 0.0518810821
2052 0.0518758504
2053 0.0518706187
2054 0.051865387
2055 0.0518601553
2056 0.0518549236
2057 0.0518496919
2058 0.0518444602
2059 0.0518392285
2060 0.0518339968
2061 0.0518287651
2062 0.0518235334
2063 0.0518183017
2064 0.05181307
2065 0.0518078383
2066 0.0518026066
2067 0.051797375
2068 0.0517921433
2069 0.0517869116
2070 0.0517816799
2071 0.0517764482
2072 0.0517712165
2073 0.0517659848
2074 0.0517607531
2075 0.0517555214
2076 0.0517502897
2077 0.051745058
2078 0.0517398263
2079 0.0517345946
2080 0.0517293629
2081 0.0517241312
2082 0.0517188995
2083 0.0517136678
2084 0.0517084362
2085 0.0517032045
2086 0.0516979728
2087 0.0516927411
2088 0.0516875094
2089 0.0516822777
2090 0.051677046
2091 0.0516718143
2092 0.0516665826
2093 0.0516613509
2094 0.0516561192
2095 0.0516508875
2096 0.0516456558
2097 0.0516404241
2098 0.0516351924
2099 0.0516299607
2100 0.051624729
2101 0.0516194973
2102 0.0516142657
2103 0.051609034
2104 0.0516038023
2105 0.0515985706
2106 0.0515933389
2107 0.0515881072
2108 0.0515828755
2109 0.0515776438
2110 0.0515724121
2111 0.0515671804
2112 0.0515619487
2113 0.051556717
2114 0.0515514853
2115 0.0515462536
2116 0.0515410219
2117 0.0515357902
2118 0.0515305585
2119 0.0515253269
2120 0.0515200952
2121 0.0515148635
2122 0.0515096318
2123 0.0515044001
2124 0.0514991684
2125 0.0514939367
2126 0.051488705
2127 0.0514834733
2128 0.0514782416
2129 0.0514730099
2130 0.0514677782
2131 0.0514625465
2132 0.0514573148
2133 0.0514520831
2134 0.0514468514
2135 0.0514416197
2136 0.0514363881
2137 0.0514311564
2138 0.0514259247
2139 0.051420693
2140 0.0514154613
2141 0.0514102296
2142 0.0514049979
2143 0.0513997662
2144 0.0513945345
2145 0.0513893028
2146 0.0513840711
2147 0.0513788394
2148 0.0513736077
2149 0.051368376
2150 0.0513631443
2151 0.0513579126
2152 0.0513526809
2153 0.0513474492
2154 0.0513422176
2155 0.0513369859
2156 0.0513317542
2157 0.0513265225
2158 0.0513212908
2159 0.0513160591
2160 0.0513108274
2161 0.0513055957
2162 0.051300364
2163 0.0512951323
2164 0.0512899006
2165 0.0512846689
2166 0.0512794372
2167 0.0512742055
2168 0.0512689738
2169 0.0512637421
2170 0.0512585104
2171 0.0512532788
2172 0.0512480471
2173 0.0512428154
2174 0.0512375837
2175 0.051232352
2176 0.0512271203
2177 0.0512218886
2178 0.0512166569
2179 0.0512114252
2180 0.0512061935
2181 0.0512009618
2182 0.0511957301
2183 0.0511904984
2184 0.0511852667
2185 0.051180035
2186 0.0511748033
2187 0.0511695716
2188 0.0511643399
2189 0.0511591083
2190 0.0511538766
2191 0.0511486449
2192 0.0511434132
2193 0.0511381815
2194 0.0511329498
2195 0.0511277181
2196 0.0511224864
2197 0.0511172547
2198 0.0511326821
2199 0.0511481095
2200 0.051163537
2201 0.0511789644
2202 0.0511943918
2203 0.0512098192
2204 0.0512252466
2205 0.0512406741
2206 0.0512561015
2207 0.0512715289
2208 0.0512869563
2209 0.0513023837
2210 0.0513178111
2211 0.0513332386
2212 0.051348666
2213 0.0513640934
2214 0.0513795208
2215 0.0513949482
2216 0.0514103757
2217 0.0514258031
2218 0.0514412305
2219 0.0514566579
2220 0.0514720853
2221 0.0514875128
2222 0.0515029402
2223 0.0515183676
2224 0.051533795
2225 0.0515492224
2226 0.0515646498
2227 0.0515800773
2228 0.0515955047
2229 0.0516109321
2230 0.0516263595
2231 0.0516417869
2232 0.0516572144
2233 0.0516726418
2234 0.0516880692
2235 0.0517034966
2236 0.051718924
2237 0.0517343515
2238 0.0517497789
2239 0.0517652063
2240 0.0517806337
2241 0.0517960611
2242 0.0518114886
2243 0.051826916
2244 0.0518423434
2245 0.0518577708
2246 0.0518731982
2247 0.0518886256
2248 0.0519040531
2249 0.0519194805
2250 0.0519349079
2251 0.0519503353
2252 0.0519657627
2253 0.0519811902
2254 0.0519966176
2255 0.052012045
2256 0.0520274724
2257 0.0520428998
2258 0.0520583273
2259 0.0520737547
2260 0.0520891821
2261 0.0521046095
2262 0.0521200369
2263 0.0521354643
2264 0.0521508918
2265 0.0521663192
2266 0.0521817466
2267 0.052197174
2268 0.0522126014
2269 0.0522280289
2270 0.0522434563
2271 0.0522588837
2272 0.0522743111
2273 0.0522897385
2274 0.052305166
2275 0.0523205934
2276 0.0523360208
2277 0.0523514482
2278 0.0523668756
2279 0.0523823031
2280 0.0523977305
2281 0.0524131579
2282 0.0524285853
2283 0.0524440127
2284 0.0524594401
2285 0.0524748676
2286 0.052490295
2287 0.0525057224
2288 0.0525211498
2289 0.0525365772
2290 0.0525520047
2291 0.0525674321
2292 0.0525828595
2293 0.0525982869
2294 0.0526137143
2295 0.0526291418
2296 0.0526445692
2297 0.0526599966
2298 0.052675424
2299 0.0526908514
2300 0.0527062788
2301 0.0527217063
2302 0.0527371337
2303 0.0527525611
2304 0.0527679885
2305 0.0527834159
2306 0.0527988434
2307 0.0528142708
2308 0.0528296982
2309 0.0528451256
2310 0.052860553
2311 0.0528759805
2312 0.0528914079
2313 0.0529068353
2314 0.0529222627
2315 0.0529376901
2316 0.0529531175
2317 0.052968545
2318 0.0529839724
2319 0.0529993998
2320 0.0530148272
2321 0.0530302546
2322 0.0530456821
2323 0.0530611095
2324 0.0530765369
2325 0.0530919643
2326 0.0531073917
2327 0.0531228192
2328 0.0531382466
2329 0.053153674
2330 0.0531691014
2331 0.0531845288
2332 0.0531999563
2333 0.0532153837
2334 0.0532308111
2335 0.0532462385
2336 0.0532616659
2337 0.0532770933
2338 0.0532925208
2339 0.0533079482
2340 0.0533233756
2341 0.053338803
2342 0.0533542304
2343 0.0533696579
2344 0.0533850853
2345 0.0534005127
2346 0.0534159401
2347 0.0534313675
2348 0.053446795
2349 0.0534622224
2350 0.0534776498
2351 0.0534930772
2352 0.0535085046
2353 0.053523932
2354 0.0535393595
2355 0.0535547869
2356 0.0535702143
2357 0.0535856417
2358 0.0536010691
2359 0.0536164966
2360 0.053631924
2361 0.0536473514
2362 0.0536627788
2363 0.0536782062
2364 0.0536936337
2365 0.0537090611
2366 0.0537244885
2367 0.0537399159
2368 0.0537553433
2369 0.0537707708
2370 0.0537861982
2371 0.0538016256
2372 0.053817053
2373 0.0538324804
2374 0.0538479078
2375 0.0538633353
2376 0.0538787627
2377 0.0538941901
2378 0.0539096175
2379 0.0539250449
2380 0.0539404724
2381 0.0539558998
2382 0.0539713272
2383 0.0539867546
2384 0.054002182
2385 0.0540176095
2386 0.0540330369
2387 0.0540484643
2388 0.0540638917
2389 0.0540793191
2390 0.0540947465
2391 0.054110174
2392 0.0541256014
2393 0.0541410288
2394 0.0541564562
2395 0.0541718836
2396 0.0541873111
2397 0.0542027385
2398 0.0542181659
2399 0.0542335933
2400 0.0542490207
2401 0.0542644482
2402 0.0542798756
2403 0.054295303
2404 0.0543107304
2405 0.0543261578
2406 0.0543415853
2407 0.0543570127
2408 0.0543724401
2409 0.0543878675
2410 0.0544032949
2411 0.0544187223
2412 0.0544341498
2413 0.0544495772
2414 0.0544650046
2415 0.054480432
2416 0.0544958594
2417 0.0545112869
2418 0.0545267143
2419 0.0545421417
2420 0.0545575691
2421 0.0545729965
2422 0.054588424
2423 0.0546038514
2424 0.0546192788
2425 0.0546347062
2426 0.0546501336
2427 0.054665561
2428 0.0546809885
2429 0.0546964159
2430 0.0547118433
2431 0.0547272707
2432 0.0547426981
2433 0.0547581256
2434 0.054773553
2435 0.0547889804
2436 0.0548044078
2437 0.0548198352
2438 0.0548352627
2439 0.0548506901
2440 0.0548661175
2441 0.0548815449
2442 0.0548969723
2443 0.0549123998
2444 0.0549278272
2445 0.0549432546
2446 0.054958682
2447 0.0549741094
2448 0.0549895368
2449 0.0550049643
2450 0.0550203917
2451 0.0550358191
2452 0.0550512465
2453 0.0550666739
2454 0.0550821014
2455 0.0550975288
2456 0.0551129562
2457 0.0551283836
2458 0.055143811
2459 0.0551592385
2460 0.0551746659
2461 0.0551900933
2462 0.0552055207
2463 0.0552209481
2464 0.0552363755
2465 0.055251803
2466 0.0552672304
2467 0.0552826578
2468 0.0552980852
2469 0.0553135126
2470 0.0553289401
2471 0.0553443675
2472 0.0553597949
2473 0.0553752223
2474 0.0553906497
2475 0.0554060772
2476 0.0554215046
2477 0.055436932
2478 0.0554523594
2479 0.0554677868
2480 0.0554832142
2481 0.0554986417
2482 0.0555140691
2483 0.0555294965
2484 0.0555449239
2485 0.0555603513
2486 0.0555757788
2487 0.0555912062
2488 0.0556066336
2489 0.055622061
2490 0.0556374884
2491 0.0556529159
2492 0.0556683433
2493 0.0556837707
2494 0.0556991981
2495 0.0557146255
2496 0.055730053
2497 0.0557454804
2498 0.0557609078
2499 0.0557763352
2500 0.0557917626
2501 0.05580719
2502 0.0558226175
2503 0.0558380449
2504 0.0558534723
2505 0.0558688997
2506 0.0558843271
2507 0.0558997546
2508 0.055915182
2509 0.0559306094
2510 0.0559460368
2511 0.0559614642
2512 0.0559768917
2513 0.0559923191
2514 0.0560077465
2515 0.0560231739
2516 0.0560386013
2517 0.0560540287
2518 0.0560694562
2519 0.0560848836
2520 0.056100311
2521 0.0561157384
2522 0.0561311658
2523 0.0561465933
2524 0.0561620207
2525 0.0561774481
2526 0.0561928755
2527 0.0562083029
2528 0.0562237304
2529 0.0562391578
2530 0.0562545852
2531 0.0562700126
2532 0.05628544
2533 0.0563008675
2534 0.0563162949
2535 0.0563317223
2536 0.0563471497
2537 0.0563625771
2538 0.0563780045
2539 0.056393432
2540 0.0564088594
2541 0.0564242868
2542 0.0564397142
2543 0.0564551416
2544 0.0564705691
2545 0.0564859965
2546 0.0565014239
2547 0.0565168513
2548 0.0565322787
2549 0.0565477062
2550 0.0565631336
2551 0.056578561
2552 0.0565939884
2553 0.0566094158
2554 0.0566248432
2555 0.0566402707
2556 0.0566556981
2557 0.0566711255
2558 0.0566865529
2559 0.0567019803
2560 0.0567174078
2561 0.0567328352
2562 0.0567482626
2563 0.0567409788
2564 0.056733695
2565 0.0567264113
2566 0.0567191275
2567 0.0567118437
2568 0.0567045599
2569 0.0566972761
2570 0.0566899923
2571 0.0566827086
2572 0.0566754248
2573 0.056668141
2574 0.0566608572
2575 0.0566535734
2576 0.0566462896
2577 0.0566390059
2578 0.0566317221
2579 0.0566244383
2580 0.0566171545
2581 0.0566098707
2582 0.0566025869
2583 0.0565953032
2584 0.0565880194
2585 0.0565807356
2586 0.0565734518
2587 0.056566168
2588 0.0565588842
2589 0.0565516005
2590 0.0565443167
2591 0.0565370329
2592 0.0565297491
2593 0.0565224653
2594 0.0565151815
2595 0.0565078978
2596 0.056500614
2597 0.0564933302
2598 0.0564860464
2599 0.0564787626
2600 0.0564714789
2601 0.0564641951
2602 0.0564569113
2603 0.0564496275
2604 0.0564423437
2605 0.0564350599
2606 0.0564277762
2607 0.0564204924
2608 0.0564132086
2609 0.0564059248
2610 0.056398641
2611 0.0563913572
2612 0.0563840735
2613 0.0563767897
2614 0.0563695059
2615 0.0563622221
2616 0.0563549383
2617 0.0563476545
2618 0.0563403708
2619 0.056333087
2620 0.0563258032
2621 0.0563185194
2622 0.0563112356
2623 0.0563039518
2624 0.0562966681
2625 0.0562893843
2626 0.0562821005
2627 0.0562748167
2628 0.0562675329
2629 0.0562602492
2630 0.0562529654
2631 0.0562456816
2632 0.0562383978
2633 0.056231114
2634 0.0562238302
2635 0.0562165465
2636 0.0562092627
2637 0.0562019789
2638 0.0561946951
2639 0.0561874113
2640 0.0561801275
2641 0.0561728438
2642 0.05616556
2643 0.0561582762
2644 0.0561509924
2645 0.0561437086
2646 0.0561364248
2647 0.0561291411
2648 0.0561218573
2649 0.0561145735
2650 0.0561072897
2651 0.0561000059
2652 0.0560927221
2653 0.0560854384
2654 0.0560781546
2655 0.0560708708
2656 0.056063587
2657 0.0560563032
2658 0.0560490194
2659 0.0560417357
2660 0.0560344519
2661 0.0560271681
2662 0.0560198843
2663 0.0560126005
2664 0.0560053168
2665 0.055998033
2666 0.0559907492
2667 0.0559834654
2668 0.0559761816
2669 0.0559688978
2670 0.0559616141
2671 0.0559543303
2672 0.0559470465
2673 0.0559397627
2674 0.0559324789
2675 0.0559251951
2676 0.0559179114
2677 0.0559106276
2678 0.0559033438
2679 0.05589606
2680 0.0558887762
2681 0.0558814924
2682 0.0558742087
2683 0.0558669249
2684 0.0558596411
2685 0.0558523573
2686 0.0558450735
2687 0.0558377897
2688 0.055830506
2689 0.0558232222
2690 0.0558159384
2691 0.0558086546
2692 0.0558013708
2693 0.055794087
2694 0.0557868033
2695 0.0557795195
2696 0.0557722357
2697 0.0557649519
2698 0.0557576681
2699 0.0557503844
2700 0.0557431006
2701 0.0557358168
2702 0.055728533
2703 0.0557212492
2704 0.0557139654
2705 0.0557066817
2706 0.0556993979
2707 0.0556921141
2708 0.0556848303
2709 0.0556775465
2710 0.0556702627
2711 0.055662979
2712 0.0556556952
2713 0.0556484114
2714 0.0556411276
2715 0.0556338438
2716 0.05562656
2717 0.0556192763
2718 0.0556119925
2719 0.0556047087
2720 0.0555974249
2721 0.0555901411
2722 0.0555828573
2723 0.0555755736
2724 0.0555682898
2725 0.055561006
2726 0.0555537222
2727 0.0555464384
2728 0.0555391546
2729 0.0555318709
2730 0.0555245871
2731 0.0555173033
2732 0.0555100195
2733 0.0555027357
2734 0.055495452
2735 0.0554881682
2736 0.0554808844
2737 0.0554736006
2738 0.0554663168
2739 0.055459033
2740 0.0554517493
2741 0.0554444655
2742 0.0554371817
2743 0.0554298979
2744 0.0554226141
2745 0.0554153303
2746 0.0554080466
2747 0.0554007628
2748 0.055393479
2749 0.0553861952
2750 0.0553789114
2751 0.0553716276
2752 0.0553643439
2753 0.0553570601
2754 0.0553497763
2755 0.0553424925
2756 0.0553352087
2757 0.0553279249
2758 0.0553206412
2759 0.0553133574
2760 0.0553060736
2761 0.0552987898
2762 0.055291506
2763 0.0552842223
2764 0.0552769385
2765 0.0552696547
2766 0.0552623709
2767 0.0552550871
2768 0.0552478033
2769 0.0552405196
2770 0.0552332358
2771 0.055225952
2772 0.0552186682
2773 0.0552113844
2774 0.0552041006
2775 0.0551968169
2776 0.0551895331
2777 0.0551822493
2778 0.0551749655
2779 0.0551676817
2780 0.0551603979
2781 0.0551531142
2782 0.0551458304
2783 0.0551385466
2784 0.0551312628
2785 0.055123979
2786 0.0551166952
2787 0.0551094115
2788 0.0551021277
2789 0.0550948439
2790 0.0550875601
2791 0.0550802763
2792 0.0550729925
2793 0.0550657088
2794 0.055058425
2795 0.0550511412
2796 0.0550438574
2797 0.0550365736
2798 0.0550292899
2799 0.0550220061
2800 0.0550147223
2801 0.0550074385
2802 0.0550001547
2803 0.0549928709
2804 0.0549855872
2805 0.0549783034
2806 0.0549710196
2807 0.0549637358
2808 0.054956452
2809 0.0549491682
2810 0.0549418845
2811 0.0549346007
2812 0.0549273169
2813 0.0549200331
2814 0.0549127493
2815 0.0549054655
2816 0.0548981818
2817 0.054890898
2818 0.0548836142
2819 0.0548763304
2820 0.0548690466
2821 0.0548617628
2822 0.0548544791
2823 0.0548471953
2824 0.0548399115
2825 0.0548326277
2826 0.0548253439
2827 0.0548180601
2828 0.0548107764
2829 0.0548034926
2830 0.0547962088
2831 0.054788925
2832 0.0547816412
2833 0.0547743575
2834 0.0547670737
2835 0.0547597899
2836 0.0547525061
2837 0.0547452223
2838 0.0547379385
2839 0.0547306548
2840 0.054723371
2841 0.0547160872
2842 0.0547088034
2843 0.0547015196
2844 0.0546942358
2845 0.0546869521
2846 0.0546796683
2847 0.0546723845
2848 0.0546651007
2849 0.0546578169
2850 0.0546505331
2851 0.0546432494
2852 0.0546359656
2853 0.0546286818
2854 0.054621398
2855 0.0546141142
2856 0.0546068304
2857 0.0545995467
2858 0.0545922629
2859 0.0545849791
2860 0.0545776953
2861 0.0545704115
2862 0.0545631277
2863 0.054555844
2864 0.0545485602
2865 0.0545412764
2866 0.0545339926
2867 0.0545267088
2868 0.0545194251
2869 0.0545121413
2870 0.0545048575
2871 0.0544975737
2872 0.0544902899
2873 0.0544830061
2874 0.0544757224
2875 0.0544684386
2876 0.0544611548
2877 0.054453871
2878 0.0544465872
2879 0.0544393034
2880 0.0544320197
2881 0.0544247359
2882 0.0544174521
2883 0.0544101683
2884 0.0544028845
2885 0.0543956007
2886 0.054388317
2887 0.0543810332
2888 0.0543737494
2889 0.0543664656
2890 0.0543591818
2891 0.054351898
2892 0.0543446143
2893 0.0543373305
2894 0.0543300467
2895 0.0543227629
2896 0.0543154791
2897 0.0543081954
2898 0.0543009116
2899 0.0542936278
2900 0.054286344
2901 0.0542790602
2902 0.0542717764
2903 0.0542644927
2904 0.0542572089
2905 0.0542499251
2906 0.0542426413
2907 0.0542353575
2908 0.0542280737
2909 0.05422079
2910 0.0542135062
2911 0.0542062224
2912 0.0541989386
2913 0.0541916548
2914 0.054184371
2915 0.0541770873
2916 0.0541698035
2917 0.0541625197
2918 0.0541552359
2919 0.0541479521
2920 0.0541406683
2921 0.0541333846
2922 0.0541261008
2923 0.054118817
2924 0.0541115332
2925 0.0541042494
2926 0.0540969656
2927 0.0540896819
2928 0.0540823981
2929 0.0540751143
2930 0.0540777321
2931 0.0540803499
2932 0.0540829676
2933 0.0540855854
2934 0.0540882032
2935 0.054090821
2936 0.0540934388
2937 0.0540960565
2938 0.0540986743
2939 0.0541012921
2940 0.0541039099
2941 0.0541065277
2942 0.0541091454
2943 0.0541117632
2944 0.054114381
2945 0.0541169988
2946 0.0541196166
2947 0.0541222343
2948 0.0541248521
2949 0.0541274699
2950 0.0541300877
2951 0.0541327055
2952 0.0541353232
2953 0.054137941
2954 0.0541405588
2955 0.0541431766
2956 0.0541457944
2957 0.0541484121
2958 0.0541510299
2959 0.0541536477
2960 0.0541562655
2961 0.0541588832
2962 0.054161501
2963 0.0541641188
2964 0.0541667366
2965 0.0541693544
2966 0.0541719721
2967 0.0541745899
2968 0.0541772077
2969 0.0541798255
2970 0.0541824433
2971 0.054185061
2972 0.0541876788
2973 0.0541902966
2974 0.0541929144
2975 0.0541955322
2976 0.0541981499
2977 0.0542007677
2978 0.0542033855
2979 0.0542060033
2980 0.0542086211
2981 0.0542112388
2982 0.0542138566
2983 0.0542164744
2984 0.0542190922
2985 0.05422171
2986 0.0542243277
2987 0.0542269455
2988 0.0542295633
2989 0.0542321811
2990 0.0542347989
2991 0.0542374166
2992 0.0542400344
2993 0.0542426522
2994 0.05424527
2995 0.0542478878
2996 0.0542505055
2997 0.0542531233
2998 0.0542557411
2999 0.0542583589
3000 0.0542609767
3001 0.0542635944
3002 0.0542662122
3003 0.05426883
3004 0.0542714478
3005 0.0542740656
3006 0.0542766833
3007 0.0542793011
3008 0.0542819189
3009 0.0542845367
3010 0.0542871545
3011 0.0542897722
3012 0.05429239
3013 0.0542950078
3014 0.0542976256
3015 0.0543002434
3016 0.0543028611
3017 0.0543054789
3018 0.0543080967
3019 0.0543107145
3020 0.0543133322
3021 0.05431595
3022 0.0543185678
3023 0.0543211856
3024 0.0543238034
3025 0.0543264211
3026 0.0543290389
3027 0.0543316567
3028 0.0543342745
3029 0.0543368923
3030 0.05433951
3031 0.0543421278
3032 0.0543447456
3033 0.0543473634
3034 0.0543499812
3035 0.0543525989
3036 0.0543552167
3037 0.0543578345
3038 0.0543604523
3039 0.0543630701
3040 0.0543656878
3041 0.0543683056
3042 0.0543709234
3043 0.0543735412
3044 0.054376159
3045 0.0543787767
3046 0.0543813945
3047 0.0543840123
3048 0.0543866301
3049 0.0543892479
3050 0.0543918656
3051 0.0543944834
3052 0.0543971012
3053 0.054399719
3054 0.0544023368
3055 0.0544049545
3056 0.0544075723
3057 0.0544101901
3058 0.0544128079
3059 0.0544154257
3060 0.0544180434
3061 0.0544206612
3062 0.054423279
3063 0.0544258968
3064 0.0544285146
3065 0.0544311323
3066 0.0544337501
3067 0.0544363679
3068 0.0544389857
3069 0.0544416035
3070 0.0544442212
3071 0.054446839
3072 0.0544494568
3073 0.0544520746
3074 0.0544546924
3075 0.0544573101
3076 0.0544599279
3077 0.0544625457
3078 0.0544651635
3079 0.0544677813
3080 0.054470399
3081 0.0544730168
3082 0.0544756346
3083 0.0544782524
3084 0.0544808701
3085 0.0544834879
3086 0.0544861057
3087 0.0544887235
3088 0.0544913413
3089 0.054493959
3090 0.0544965768
3091 0.0544991946
3092 0.0545018124
3093 0.0545044302
3094 0.0545070479
3095 0.0545096657
3096 0.0545122835
3097 0.0545149013
3098 0.0545175191
3099 0.0545201368
3100 0.0545227546
3101 0.0545253724
3102 0.0545279902
3103 0.054530608
3104 0.0545332257
3105 0.0545358435
3106 0.0545384613
3107 0.0545410791
3108 0.0545436969
3109 0.0545463146
3110 0.0545489324
3111 0.0545515502
3112 0.054554168
3113 0.0545567858
3114 0.0545594035
3115 0.0545620213
3116 0.0545646391
3117 0.0545672569
3118 0.0545698747
3119 0.0545724924
3120 0.0545751102
3121 0.054577728
3122 0.0545803458
3123 0.0545829636
3124 0.0545855813
3125 0.0545881991
3126 0.0545908169
3127 0.0545934347
3128 0.0545960525
3129 0.0545986702
3130 0.054601288
3131 0.0546039058
3132 0.0546065236
3133 0.0546091414
3134 0.0546117591
3135 0.0546143769
3136 0.0546169947
3137 0.0546196125
3138 0.0546222303
3139 0.054624848
3140 0.0546274658
3141 0.0546300836
3142 0.0546327014
3143 0.0546353191
3144 0.0546379369
3145 0.0546405547
3146 0.0546431725
3147 0.0546457903
3148 0.054648408
3149 0.0546510258
3150 0.0546536436
3151 0.0546562614
3152 0.0546588792
3153 0.0546614969
3154 0.0546641147
3155 0.0546667325
3156 0.0546693503
3157 0.0546719681
3158 0.0546745858
3159 0.0546772036
3160 0.0546798214
3161 0.0546824392
3162 0.054685057
3163 0.0546876747
3164 0.0546902925
3165 0.0546929103
3166 0.0546955281
3167 0.0546981459
3168 0.0547007636
3169 0.0547033814
3170 0.0547059992
3171 0.054708617
3172 0.0547112348
3173 0.0547138525
3174 0.0547164703
3175 0.0547190881
3176 0.0547217059
3177 0.0547243237
3178 0.0547269414
3179 0.0547295592
3180 0.054732177
3181 0.0547347948
3182 0.0547374126
3183 0.0547400303
3184 0.0547426481
3185 0.0547452659
3186 0.0547478837
3187 0.0547505015
3188 0.0547531192
3189 0.054755737
3190 0.0547583548
3191 0.0547609726
3192 0.0547635904
3193 0.0547662081
3194 0.0547688259
3195 0.0547714437
3196 0.0547740615
3197 0.0547766793
3198 0.054779297
3199 0.0547819148
3200 0.0547845326
3201 0.0547871504
3202 0.0547897682
3203 0.0547923859
3204 0.0547950037
3205 0.0547976215
3206 0.0548002393
3207 0.054802857
3208 0.0548054748
3209 0.0548080926
3210 0.0548107104
3211 0.0548133282
3212 0.0548159459
3213 0.0548185637
3214 0.0548211815
3215 0.0548237993
3216 0.0548264171
3217 0.0548290348
3218 0.0548316526
3219 0.0548342704
3220 0.0548368882
3221 0.054839506
3222 0.0548421237
3223 0.0548447415
3224 0.0548473593
3225 0.0548499771
3226 0.0548525949
3227 0.0548552126
3228 0.0548578304
3229 0.0548604482
3230 0.054863066
3231 0.0548656838
3232 0.0548683015
3233 0.0548709193
3234 0.0548735371
3235 0.0548761549
3236 0.0548787727
3237 0.0548813904
3238 0.0548840082
3239 0.054886626
3240 0.0548892438
3241 0.0548918616
3242 0.0548944793
3243 0.0548970971
3244 0.0548997149
3245 0.0549023327
3246 0.0549049505
3247 0.0549075682
3248 0.054910186
3249 0.0549128038
3250 0.0549154216
3251 0.0549180394
3252 0.0549206571
3253 0.0549232749
3254 0.0549258927
3255 0.0549285105
3256 0.0549311283
3257 0.054933746
3258 0.0549363638
3259 0.0549389816
3260 0.0549415994
3261 0.0549442172
3262 0.0549468349
3263 0.0549494527
3264 0.0549520705
3265 0.0549546883
3266 0.054957306
3267 0.0549599238
3268 0.0549625416
3269 0.0549651594
3270 0.0549677772
3271 0.0549703949
3272 0.0549730127
3273 0.0549756305
3274 0.0549782483
3275 0.0549808661
3276 0.0549834838
3277 0.0549861016
3278 0.0549887194
3279 0.0549913372
3280 0.054993955
3281 0.0549965727
3282 0.0549991905
3283 0.0550018083
3284 0.0550044261
3285 0.0550070439
3286 0.0550096616
3287 0.0550122794
3288 0.0550148972
3289 0.055017515
3290 0.0550201328
3291 0.0550227505
3292 0.0550253683
3293 0.0550279861
3294 0.0550439047
3295 0.0550598233
3296 0.0550757419
3297 0.0550916605
3298 0.0551075791
3299 0.0551234977
3300 0.0551394163
3301 0.0551553349
3302 0.0551712535
3303 0.0551871721
3304 0.0552030907
3305 0.0552190093
3306 0.0552349279
3307 0.0552508465
3308 0.0552667651
3309 0.0552826837
3310 0.0552986023
3311 0.0553145209
3312 0.0553304395
3313 0.0553463581
3314 0.0553622767
3315 0.0553781953
3316 0.0553941139
3317 0.0554100325
3318 0.0554259511
3319 0.0554418697
3320 0.0554577883
3321 0.0554737069
3322 0.0554896255
3323 0.0555055441
3324 0.0555214627
3325 0.0555373813
3326 0.0555532999
3327 0.0555692185
3328 0.0555851371
3329 0.0556010557
3330 0.0556169743
3331 0.0556328929
3332 0.0556488115
3333 0.0556647301
3334 0.0556806487
3335 0.0556965673
3336 0.0557124859
3337 0.0557284045
3338 0.0557443231
3339 0.0557602418
3340 0.0557761604
3341 0.055792079
3342 0.0558079976
3343 0.0558239162
3344 0.0558398348
3345 0.0558557534
3346 0.055871672
3347 0.0558875906
3348 0.0559035092
3349 0.0559194278
3350 0.0559353464
3351 0.055951265
3352 0.0559671836
3353 0.0559831022
3354 0.0559990208
3355 0.0560149394
3356 0.056030858
3357 0.0560467766
3358 0.0560626952
3359 0.0560786138
3360 0.0560945324
3361 0.056110451
3362 0.0561263696
3363 0.0561422882
3364 0.0561582068
3365 0.0561741254
3366 0.056190044
3367 0.0562059626
3368 0.0562218812
3369 0.0562377998
3370 0.0562537184
3371 0.056269637
3372 0.0562855556
3373 0.0563014742
3374 0.0563173928
3375 0.0563333114
3376 0.05634923
3377 0.0563651486
3378 0.0563810672
3379 0.0563969858
3380 0.0564129044
3381 0.056428823
3382 0.0564447416
3383 0.0564606602
3384 0.0564765788
3385 0.0564924974
3386 0.056508416
3387 0.0565243346
3388 0.0565402532
3389 0.0565561718
3390 0.0565720904
3391 0.056588009
3392 0.0566039276
3393 0.0566198462
3394 0.0566357648
3395 0.0566516834
3396 0.056667602
3397 0.0566835206
3398 0.0566994392
3399 0.0567153578
3400 0.0567312764
3401 0.056747195
3402 0.0567631136
3403 0.0567790322
3404 0.0567949508
3405 0.0568108694
3406 0.056826788
3407 0.0568427066
3408 0.0568586252
3409 0.0568745438
3410 0.0568904624
3411 0.056906381
3412 0.0569222996
3413 0.0569382182
3414 0.0569541368
3415 0.0569700554
3416 0.056985974
3417 0.0570018926
3418 0.0570178112
3419 0.0570337298
3420 0.0570496484
3421 0.057065567
3422 0.0570814856
3423 0.0570974042
3424 0.0571133228
3425 0.0571292414
3426 0.05714516
3427 0.0571610786
3428 0.0571769972
3429 0.0571929158
3430 0.0572088345
3431 0.0572247531
3432 0.0572406717
3433 0.0572565903
3434 0.0572725089
3435 0.0572884275
3436 0.0573043461
3437 0.0573202647
3438 0.0573361833
3439 0.0573521019
3440 0.0573680205
3441 0.0573839391
3442 0.0573998577
3443 0.0574157763
3444 0.0574316949
3445 0.0574476135
3446 0.0574635321
3447 0.0574794507
3448 0.0574953693
3449 0.0575112879
3450 0.0575272065
3451 0.0575431251
3452 0.0575590437
3453 0.0575749623
3454 0.0575908809
3455 0.0576067995
3456 0.0576227181
3457 0.0576386367
3458 0.0576545553
3459 0.0576704739
3460 0.0576863925
3461 0.0577023111
3462 0.0577182297
3463 0.0577341483
3464 0.0577500669
3465 0.0577659855
3466 0.0577819041
3467 0.0577978227
3468 0.0578137413
3469 0.0578296599
3470 0.0578455785
3471 0.0578614971
3472 0.0578774157
3473 0.0578933343
3474 0.0579092529
3475 0.0579251715
3476 0.0579410901
3477 0.0579570087
3478 0.0579729273
3479 0.0579888459
3480 0.0580047645
3481 0.0580206831
3482 0.0580366017
3483 0.0580525203
3484 0.0580684389
3485 0.0580843575
3486 0.0581002761
3487 0.0581161947
3488 0.0581321133
3489 0.0581480319
3490 0.0581639505
3491 0.0581798691
3492 0.0581957877
3493 0.0582117063
3494 0.0582276249
3495 0.0582435435
3496 0.0582594621
3497 0.0582753807
3498 0.0582912993
3499 0.0583072179
3500 0.0583231365
3501 0.0583390551
3502 0.0583549737
3503 0.0583708923
3504 0.0583868109
3505 0.0584027295
3506 0.0584186481
3507 0.0584345667
3508 0.0584504853
3509 0.0584664039
3510 0.0584823225
3511 0.0584982411
3512 0.0585141597
3513 0.0585300783
3514 0.0585459969
3515 0.0585619155
3516 0.0585778341
3517 0.0585937527
3518 0.0586096713
3519 0.0586255899
3520 0.0586415085
3521 0.0586574271
3522 0.0586733458
3523 0.0586892644
3524 0.058705183
3525 0.0587211016
3526 0.0587370202
3527 0.0587529388
3528 0.0587688574
3529 0.058784776
3530 0.0588006946
3531 0.0588166132
3532 0.0588325318
3533 0.0588484504
3534 0.058864369
3535 0.0588802876
3536 0.0588962062
3537 0.0589121248
3538 0.0589280434
3539 0.058943962
3540 0.0589598806
3541 0.0589757992
3542 0.0589917178
3543 0.0590076364
3544 0.059023555
3545 0.0590394736
3546 0.0590553922
3547 0.0590713108
3548 0.0590872294
3549 0.059103148
3550 0.0591190666
3551 0.0591349852
3552 0.0591509038
3553 0.0591668224
3554 0.059182741
3555 0.0591986596
3556 0.0592145782
3557 0.0592304968
3558 0.0592464154
3559 0.059262334
3560 0.0592782526
3561 0.0592941712
3562 0.0593100898
3563 0.0593260084
3564 0.059341927
3565 0.0593578456
3566 0.0593737642
3567 0.0593896828
3568 0.0594056014
3569 0.05942152
3570 0.0594374386
3571 0.0594533572
3572 0.0594692758
3573 0.0594851944
3574 0.059501113
3575 0.0595170316
3576 0.0595329502
3577 0.0595488688
3578 0.0595647874
3579 0.059580706
3580 0.0595966246
3581 0.0596125432
3582 0.0596284618
3583 0.0596443804
3584 0.059660299
3585 0.0596762176
3586 0.0596921362
3587 0.0597080548
3588 0.0597239734
3589 0.059739892
3590 0.0597558106
3591 0.0597717292
3592 0.0597876478
3593 0.0598035664
3594 0.059819485
3595 0.0598354036
3596 0.0598513222
3597 0.0598672408
3598 0.0598831594
3599 0.059899078
3600 0.0599149966
3601 0.0599309152
3602 0.0599468338
3603 0.0599627524
3604 0.059978671
3605 0.0599945896
3606 0.0600105082
3607 0.0600264268
3608 0.0600423454
3609 0.060058264
3610 0.0600741826
3611 0.0600901012
3612 0.0601060198
3613 0.0601219385
3614 0.0601378571
3615 0.0601537757
3616 0.0601696943
3617 0.0601856129
3618 0.0602015315
3619 0.0602174501
3620 0.0602333687
3621 0.0602492873
3622 0.0602652059
3623 0.0602811245
3624 0.0602970431
3625 0.0603129617
3626 0.0603288803
3627 0.0603447989
3628 0.0603607175
3629 0.0603766361
3630 0.0603925547
3631 0.0604084733
3632 0.0604243919
3633 0.0604403105
3634 0.0604562291
3635 0.0604721477
3636 0.0604880663
3637 0.0605039849
3638 0.0605199035
3639 0.0605358221
3640 0.0605517407
3641 0.0605676593
3642 0.0605835779
3643 0.0605994965
3644 0.0606154151
3645 0.0606313337
3646 0.0606472523
3647 0.0606631709
3648 0.0606790895
3649 0.0606950081
3650 0.0607109267
3651 0.0607268453
3652 0.0607427639
3653 0.0607586825
3654 0.0607746011
3655 0.0607905197
3656 0.0608064383
3657 0.0608223569
3658 0.0608382755
3659 0.0608399317
3660 0.0608415879
3661 0.060843244
3662 0.0608449002
3663 0.0608465564
3664 0.0608482126
3665 0.0608498688
3666 0.0608515249
3667 0.0608531811
3668 0.0608548373
3669 0.0608564935
3670 0.0608581497
3671 0.0608598058
3672 0.060861462
3673 0.0608631182
3674 0.0608647744
3675 0.0608664306
3676 0.0608680867
3677 0.0608697429
3678 0.0608713991
3679 0.0608730553
3680 0.0608747115
3681 0.0608763676
3682 0.0608780238
3683 0.06087968
3684 0.0608813362
3685 0.0608829923
3686 0.0608846485
3687 0.0608863047
3688 0.0608879609
3689 0.0608896171
3690 0.0608912732
3691 0.0608929294
3692 0.0608945856
3693 0.0608962418
3694 0.060897898
3695 0.0608995541
3696 0.0609012103
3697 0.0609028665
3698 0.0609045227
3699 0.0609061789
3700 0.060907835
3701 0.0609094912
3702 0.0609111474
3703 0.0609128036
3704 0.0609144598
3705 0.0609161159
3706 0.0609177721
3707 0.0609194283
3708 0.0609210845
3709 0.0609227407
3710 0.0609243968
3711 0.060926053
3712 0.0609277092
3713 0.0609293654
3714 0.0609310216
3715 0.0609326777
3716 0.0609343339
3717 0.0609359901
3718 0.0609376463
3719 0.0609393025
3720 0.0609409586
3721 0.0609426148
3722 0.060944271
3723 0.0609459272
3724 0.0609475834
3725 0.0609492395
3726 0.0609508957
3727 0.0609525519
3728 0.0609542081
3729 0.0609558643
3730 0.0609575204
3731 0.0609591766
3732 0.0609608328
3733 0.060962489
3734 0.0609641451
3735 0.0609658013
3736 0.0609674575
3737 0.0609691137
3738 0.0609707699
3739 0.060972426
3740 0.0609740822
3741 0.0609757384
3742 0.0609773946
3743 0.0609790508
3744 0.0609807069
3745 0.0609823631
3746 0.0609840193
3747 0.0609856755
3748 0.0609873317
3749 0.0609889878
3750 0.060990644
3751 0.0609923002
3752 0.0609939564
3753 0.0609956126
3754 0.0609972687
3755 0.0609989249
3756 0.0610005811
3757 0.0610022373
3758 0.0610038935
3759 0.0610055496
3760 0.0610072058
3761 0.061008862
3762 0.0610105182
3763 0.0610121744
3764 0.0610138305
3765 0.0610154867
3766 0.0610171429
3767 0.0610187991
3768 0.0610204553
3769 0.0610221114
3770 0.0610237676
3771 0.0610254238
3772 0.06102708
3773 0.0610287362
3774 0.0610303923
3775 0.0610320485
3776 0.0610337047
3777 0.0610353609
3778 0.0610370171
3779 0.0610386732
3780 0.0610403294
3781 0.0610419856
3782 0.0610436418
3783 0.0610452979
3784 0.0610469541
3785 0.0610486103
3786 0.0610502665
3787 0.0610519227
3788 0.0610535788
3789 0.061055235
3790 0.0610568912
3791 0.0610585474
3792 0.0610602036
3793 0.0610618597
3794 0.0610635159
3795 0.0610651721
3796 0.0610668283
3797 0.0610684845
3798 0.0610701406
3799 0.0610717968
3800 0.061073453
3801 0.0610751092
3802 0.0610767654
3803 0.0610784215
3804 0.0610800777
3805 0.0610817339
3806 0.0610833901
3807 0.0610850463
3808 0.0610867024
3809 0.0610883586
3810 0.0610900148
3811 0.061091671
3812 0.0610933272
3813 0.0610949833
3814 0.0610966395
3815 0.0610982957
3816 0.0610999519
3817 0.0611016081
3818 0.0611032642
3819 0.0611049204
3820 0.0611065766
3821 0.0611082328
3822 0.061109889
3823 0.0611115451
3824 0.0611132013
3825 0.0611148575
3826 0.0611165137
3827 0.0611181699
3828 0.061119826
3829 0.0611214822
3830 0.0611231384
3831 0.0611247946
3832 0.0611264507
3833 0.0611281069
3834 0.0611297631
3835 0.0611314193
3836 0.0611330755
3837 0.0611347316
3838 0.0611363878
3839 0.061138044
3840 0.0611397002
3841 0.0611413564
3842 0.0611430125
3843 0.0611446687
3844 0.0611463249
3845 0.0611479811
3846 0.0611496373
3847 0.0611512934
3848 0.0611529496
3849 0.0611546058
3850 0.061156262
3851 0.0611579182
3852 0.0611595743
3853 0.0611612305
3854 0.0611628867
3855 0.0611645429
3856 0.0611661991
3857 0.0611678552
3858 0.0611695114
3859 0.0611711676
3860 0.0611728238
3861 0.06117448
3862 0.0611761361
3863 0.0611777923
3864 0.0611794485
3865 0.0611811047
3866 0.0611827609
3867 0.061184417
3868 0.0611860732
3869 0.0611877294
3870 0.0611893856
3871 0.0611910418
3872 0.0611926979
3873 0.0611943541
3874 0.0611960103
3875 0.0611976665
3876 0.0611993227
3877 0.0612009788
3878 0.061202635
3879 0.0612042912
3880 0.0612059474
3881 0.0612076035
3882 0.0612092597
3883 0.0612109159
3884 0.0612125721
3885 0.0612142283
3886 0.0612158844
3887 0.0612175406
3888 0.0612191968
3889 0.061220853
3890 0.0612225092
3891 0.0612241653
3892 0.0612258215
3893 0.0612274777
3894 0.0612291339
3895 0.0612307901
3896 0.0612324462
3897 0.0612341024
3898 0.0612357586
3899 0.0612374148
3900 0.061239071
3901 0.0612407271
3902 0.0612423833
3903 0.0612440395
3904 0.0612456957
3905 0.0612473519
3906 0.061249008
3907 0.0612506642
3908 0.0612523204
3909 0.0612539766
3910 0.0612556328
3911 0.0612572889
3912 0.0612589451
3913 0.0612606013
3914 0.0612622575
3915 0.0612639137
3916 0.0612655698
3917 0.061267226
3918 0.0612688822
3919 0.0612705384
3920 0.0612721946
3921 0.0612738507
3922 0.0612755069
3923 0.0612771631
3924 0.0612788193
3925 0.0612804755
3926 0.0612821316
3927 0.0612837878
3928 0.061285444
3929 0.0612871002
3930 0.0612887563
3931 0.0612904125
3932 0.0612920687
3933 0.0612937249
3934 0.0612953811
3935 0.0612970372
3936 0.0612986934
3937 0.0613003496
3938 0.0613020058
3939 0.061303662
3940 0.0613053181
3941 0.0613069743
3942 0.0613086305
3943 0.0613102867
3944 0.0613119429
3945 0.061313599
3946 0.0613152552
3947 0.0613169114
3948 0.0613185676
3949 0.0613202238
3950 0.0613218799
3951 0.0613235361
3952 0.0613251923
3953 0.0613268485
3954 0.0613285047
3955 0.0613301608
3956 0.061331817
3957 0.0613334732
3958 0.0613351294
3959 0.0613367856
3960 0.0613384417
3961 0.0613400979
3962 0.0613417541
3963 0.0613434103
3964 0.0613450665
3965 0.0613467226
3966 0.0613483788
3967 0.061350035
3968 0.0613516912
3969 0.0613533474
3970 0.0613550035
3971 0.0613566597
3972 0.0613583159
3973 0.0613599721
3974 0.0613616283
3975 0.0613632844
3976 0.0613649406
3977 0.0613665968
3978 0.061368253
3979 0.0613699091
3980 0.0613715653
3981 0.0613732215
3982 0.0613748777
3983 0.0613765339
3984 0.06137819
3985 0.0613798462
3986 0.0613815024
3987 0.0613831586
3988 0.0613848148
3989 0.0613864709
3990 0.0613881271
3991 0.0613897833
3992 0.0613914395
3993 0.0613930957
3994 0.0613947518
3995 0.061396408
3996 0.0613980642
3997 0.0613997204
3998 0.0614013766
3999 0.0614030327
4000 0.0614046889
4001 0.0614063451
4002 0.0614080013
4003 0.0614096575
4004 0.0614113136
4005 0.0614129698
4006 0.061414626
4007 0.0614162822
4008 0.0614179384
4009 0.0614195945
4010 0.0614212507
4011 0.0614229069
4012 0.0614245631
4013 0.0614262193
4014 0.0614278754
4015 0.0614295316
4016 0.0614311878
4017 0.061432844
4018 0.0614345002
4019 0.0614361563
4020 0.0614378125
4021 0.0614394687
4022 0.0614411249
4023 0.061442781
4024 0.0614444372
4025 0.0614460934
4026 0.0614477496
4027 0.0614494058
4028 0.0614510619
4029 0.0614527181
4030 0.0614543743
4031 0.0614560305
4032 0.0614576867
4033 0.0614593428
4034 0.061460999
4035 0.0614626552
4036 0.0614643114
4037 0.0614659676
4038 0.0614676237
4039 0.0614692799
4040 0.0614709361
4041 0.0614725923
4042 0.0614742485
4043 0.0614759046
4044 0.0614775608
4045 0.061479217
4046 0.0614808732
4047 0.0614825294
4048 0.0614841855
4049 0.0614858417
4050 0.0614874979
4051 0.0614891541
4052 0.0614908103
4053 0.0614924664
4054 0.0614941226
4055 0.0614957788
4056 0.061497435
4057 0.0614990912
4058 0.0615007473
4059 0.0615024035
4060 0.0615040597
4061 0.0615057159
4062 0.0615073721
4063 0.0615090282
4064 0.0615106844
4065 0.0615123406
4066 0.0615139968
4067 0.061515653
4068 0.0615173091
4069 0.0615189653
4070 0.0615206215
4071 0.0615222777
4072 0.0615239338
4073 0.06152559
4074 0.0615272462
4075 0.0615289024
4076 0.0615305586
4077 0.0615322147
4078 0.0615338709
4079 0.0615355271
4080 0.0615371833
4081 0.0615388395
4082 0.0615404956
4083 0.0615421518
4084 0.061543808
4085 0.0615454642
4086 0.0615471204
4087 0.0615487765
4088 0.0615504327
4089 0.0615520889
4090 0.0615537451
4091 0.0615554013
4092 0.0615570574
4093 0.0615587136
4094 0.0615603698
4095 0.061562026
4096 0.0615636822
4097 0.0615653383
4098 0.0615669945
4099 0.0615686507
4100 0.0615703069
4101 0.0615719631
4102 0.0615736192
4103 0.0615752754
4104 0.0615769316
4105 0.0615785878
4106 0.061580244
4107 0.0615819001
4108 0.0615835563
4109 0.0615852125
4110 0.0615868687
4111 0.0615885249
4112 0.061590181
4113 0.0615918372
4114 0.0615934934
4115 0.0615951496
4116 0.0615968058
4117 0.0615984619
4118 0.0616001181
4119 0.0616017743
4120 0.0616034305
4121 0.0616050866
4122 0.0616067428
4123 0.061608399
4124 0.0616100552
4125 0.0616117114
4126 0.0616133675
4127 0.0616150237
4128 0.0616166799
4129 0.0616183361
4130 0.0616199923
4131 0.0616216484
4132 0.0616233046
4133 0.0616249608
4134 0.061626617
4135 0.0616282732
4136 0.0616299293
4137 0.0616315855
4138 0.0616332417
4139 0.0616348979
4140 0.0616365541
4141 0.0616382102
4142 0.0616398664
4143 0.0616415226
4144 0.0616431788
4145 0.061644835
4146 0.0616464911
4147 0.0616481473
4148 0.0616498035
4149 0.0616514597
4150 0.0616531159
4151 0.061654772
4152 0.0616564282
4153 0.0616580844
4154 0.0616597406
4155 0.0616613968
4156 0.0616630529
4157 0.0616647091
4158 0.0616663653
4159 0.0616680215
4160 0.0616696777
4161 0.0616713338
4162 0.06167299
4163 0.0616746462
4164 0.0616763024
4165 0.0616779586
4166 0.0616796147
4167 0.0616812709
4168 0.0616829271
4169 0.0616845833
4170 0.0616862394
4171 0.0616878956
4172 0.0616895518
4173 0.061691208
4174 0.0616928642
4175 0.0616945203
4176 0.0616961765
4177 0.0616978327
4178 0.0616994889
4179 0.0617011451
4180 0.0617028012
4181 0.0617044574
4182 0.0617061136
4183 0.0617077698
4184 0.061709426
4185 0.0617110821
4186 0.0617127383
4187 0.0617143945
4188 0.0617160507
4189 0.0617177069
4190 0.061719363
4191 0.0617210192
4192 0.0617226754
4193 0.0617243316
4194 0.0617259878
4195 0.0617276439
4196 0.0617293001
4197 0.0617309563
4198 0.0617326125
4199 0.0617342687
4200 0.0617359248
4201 0.061737581
4202 0.0617392372
4203 0.0617408934
4204 0.0617425496
4205 0.0617442057
4206 0.0617458619
4207 0.0617475181
4208 0.0617491743
4209 0.0617508305
4210 0.0617524866
4211 0.0617541428
4212 0.061755799
4213 0.0617574552
4214 0.0617591114
4215 0.0617607675
4216 0.0617624237
4217 0.0617640799
4218 0.0617657361
4219 0.0617673922
4220 0.0617690484
4221 0.0617707046
4222 0.0617723608
4223 0.061774017
4224 0.0617756731
4225 0.0617773293
4226 0.0617789855
4227 0.0617806417
4228 0.0617822979
4229 0.061783954
4230 0.0617856102
4231 0.0617872664
4232 0.0617889226
4233 0.0617905788
4234 0.0617922349
4235 0.0617938911
4236 0.0617955473
4237 0.0617972035
4238 0.0617988597
4239 0.0618005158
4240 0.061802172
4241 0.0618038282
4242 0.0618054844
4243 0.0618071406
4244 0.0618087967
4245 0.0618104529
4246 0.0618121091
4247 0.0618137653
4248 0.0618154215
4249 0.0618170776
4250 0.0618187338
4251 0.06182039
4252 0.0618220462
4253 0.0618237024
4254 0.0618253585
4255 0.0618270147
4256 0.0618286709
4257 0.0618303271
4258 0.0618319833
4259 0.0618336394
4260 0.0618352956
4261 0.0618369518
4262 0.061838608
4263 0.0618402642
4264 0.0618419203
4265 0.0618435765
4266 0.0618452327
4267 0.0618468889
4268 0.061848545
4269 0.0618502012
4270 0.0618518574
4271 0.0618535136
4272 0.0618551698
4273 0.0618568259
4274 0.0618584821
4275 0.0618601383
4276 0.0618617945
4277 0.0618634507
4278 0.0618651068
4279 0.061866763
4280 0.0618684192
4281 0.0618700754
4282 0.0618717316
4283 0.0618733877
4284 0.0618750439
4285 0.0618767001
4286 0.0618783563
4287 0.0618800125
4288 0.0618816686
4289 0.0618833248
4290 0.061884981
4291 0.0618866372
4292 0.0618882934
4293 0.0618899495
4294 0.0618916057
4295 0.0618932619
4296 0.0618949181
4297 0.0618965743
4298 0.0618982304
4299 0.0618998866
4300 0.0619015428
4301 0.061903199
4302 0.0619048552
4303 0.0619065113
4304 0.0619081675
4305 0.0619098237
4306 0.0619114799
4307 0.0619131361
4308 0.0619147922
4309 0.0619164484
4310 0.0619181046
4311 0.0619197608
4312 0.061921417
4313 0.0619230731
4314 0.0619247293
4315 0.0619263855
4316 0.0619280417
4317 0.0619296978
4318 0.061931354
4319 0.0619330102
4320 0.0619346664
4321 0.0619363226
4322 0.0619379787
4323 0.0619396349
4324 0.0619412911
4325 0.0619429473
4326 0.0619446035
4327 0.0619462596
4328 0.0619479158
4329 0.061949572
4330 0.0619512282
4331 0.0619528844
4332 0.0619545405
4333 0.0619561967
4334 0.0619578529
4335 0.0619595091
4336 0.0619611653
4337 0.0619628214
4338 0.0619644776
4339 0.0619661338
4340 0.06196779
4341 0.0619694462
4342 0.0619711023
4343 0.0619727585
4344 0.0619744147
4345 0.0619760709
4346 0.0619777271
4347 0.0619793832
4348 0.0619810394
4349 0.0619826956
4350 0.0619843518
4351 0.061986008
4352 0.0619876641
4353 0.0619893203
4354 0.0619909765
4355 0.0619926327
4356 0.0619942889
4357 0.061995945
4358 0.0619976012
4359 0.0619992574
4360 0.0620009136
4361 0.0620025698
4362 0.0620042259
4363 0.0620058821
4364 0.0620075383
4365 0.0620091945
4366 0.0620108506
4367 0.0620125068
4368 0.062014163
4369 0.0620158192
4370 0.0620174754
4371 0.0620191315
4372 0.0620207877
4373 0.0620224439
4374 0.0620241001
4375 0.0620257563
4376 0.0620274124
4377 0.0620290686
4378 0.0620307248
4379 0.062032381
4380 0.0620340372
4381 0.0620356933
4382 0.0620373495
4383 0.0620390057
4384 0.0620406619
4385 0.0620423181
4386 0.0620439742
4387 0.0620456304
4388 0.0620472866
4389 0.0620499155
4390 0.0620525444
4391 0.0620551732
4392 0.0620578021
4393 0.062060431
4394 0.0620630599
4395 0.0620656888
4396 0.0620683176
4397 0.0620709465
4398 0.0620735754
4399 0.0620762043
4400 0.0620788332
4401 0.062081462
4402 0.0620840909
4403 0.0620867198
4404 0.0620893487
4405 0.0620919776
4406 0.0620946064
4407 0.0620972353
4408 0.0620998642
4409 0.0621024931
4410 0.062105122
4411 0.0621077508
4412 0.0621103797
4413 0.0621130086
4414 0.0621156375
4415 0.0621182664
4416 0.0621208952
4417 0.0621235241
4418 0.062126153
4419 0.0621287819
4420 0.0621314108
4421 0.0621340396
4422 0.0621366685
4423 0.0621392974
4424 0.0621419263
4425 0.0621445552
4426 0.062147184
4427 0.0621498129
4428 0.0621524418
4429 0.0621550707
4430 0.0621576996
4431 0.0621603284
4432 0.0621629573
4433 0.0621655862
4434 0.0621682151
4435 0.0621708439
4436 0.0621734728
4437 0.0621761017
4438 0.0621787306
4439 0.0621813595
4440 0.0621839883
4441 0.0621866172
4442 0.0621892461
4443 0.062191875
4444 0.0621945039
4445 0.0621971327
4446 0.0621997616
4447 0.0622023905
4448 0.0622050194
4449 0.0622076483
4450 0.0622102771
4451 0.062212906
4452 0.0622155349
4453 0.0622181638
4454 0.0622207927
4455 0.0622234215
4456 0.0622260504
4457 0.0622286793
4458 0.0622313082
4459 0.0622339371
4460 0.0622365659
4461 0.0622391948
4462 0.0622418237
4463 0.0622444526
4464 0.0622470815
4465 0.0622497103
4466 0.0622523392
4467 0.0622549681
4468 0.062257597
4469 0.0622602259
4470 0.0622628547
4471 0.0622654836
4472 0.0622681125
4473 0.0622707414
4474 0.0622733703
4475 0.0622759991
4476 0.062278628
4477 0.0622812569
4478 0.0622838858
4479 0.0622865147
4480 0.0622891435
4481 0.0622917724
4482 0.0622944013
4483 0.0622970302
4484 0.0622996591
4485 0.0623022879
4486 0.0623049168
4487 0.0623075457
4488 0.0623101746
4489 0.0623128035
4490 0.0623154323
4491 0.0623180612
4492 0.0623206901
4493 0.062323319
4494 0.0623259479
4495 0.0623285767
4496 0.0623312056
4497 0.0623338345
4498 0.0623364634
4499 0.0623390923
4500 0.0623417211
4501 0.06234435
4502 0.0623469789
4503 0.0623496078
4504 0.0623522367
4505 0.0623548655
4506 0.0623574944
4507 0.0623601233
4508 0.0623627522
4509 0.0623653811
4510 0.0623680099
4511 0.0623706388
4512 0.0623732677
4513 0.0623758966
4514 0.0623785255
4515 0.0623811543
4516 0.0623837832
4517 0.0623864121
4518 0.062389041
4519 0.0623916698
4520 0.0623942987
4521 0.0623969276
4522 0.0623995565
4523 0.0624021854
4524 0.0624048142
4525 0.0624074431
4526 0.062410072
4527 0.0624127009
4528 0.0624153298
4529 0.0624179586
4530 0.0624205875
4531 0.0624232164
4532 0.0624258453
4533 0.0624284742
4534 0.062431103
4535 0.0624337319
4536 0.0624363608
4537 0.0624389897
4538 0.0624416186
4539 0.0624442474
4540 0.0624468763
4541 0.0624495052
4542 0.0624521341
4543 0.062454763
4544 0.0624573918
4545 0.0624600207
4546 0.0624626496
4547 0.0624652785
4548 0.0624679074
4549 0.0624705362
4550 0.0624731651
4551 0.062475794
4552 0.0624784229
4553 0.0624810518
4554 0.0624836806
4555 0.0624863095
4556 0.0624889384
4557 0.0624915673
4558 0.0624941962
4559 0.062496825
4560 0.0624994539
4561 0.0625020828
4562 0.0625047117
4563 0.0625073406
4564 0.0625099694
4565 0.0625125983
4566 0.0625152272
4567 0.0625178561
4568 0.062520485
4569 0.0625231138
4570 0.0625257427
4571 0.0625283716
4572 0.0625310005
4573 0.0625336294
4574 0.0625362582
4575 0.0625388871
4576 0.062541516
4577 0.0625441449
4578 0.0625467738
4579 0.0625494026
4580 0.0625520315
4581 0.0625546604
4582 0.0625572893
4583 0.0625599182
4584 0.062562547
4585 0.0625651759
4586 0.0625678048
4587 0.0625704337
4588 0.0625730626
4589 0.0625756914
4590 0.0625783203
4591 0.0625809492
4592 0.0625835781
4593 0.062586207
4594 0.0625888358
4595 0.0625914647
4596 0.0625940936
4597 0.0625967225
4598 0.0625993514
4599 0.0626019802
4600 0.0626046091
4601 0.062607238
4602 0.0626098669
4603 0.0626124957
4604 0.0626151246
4605 0.0626177535
4606 0.0626203824
4607 0.0626230113
4608 0.0626256401
4609 0.062628269
4610 0.0626308979
4611 0.0626335268
4612 0.0626361557
4613 0.0626387845
4614 0.0626414134
4615 0.0626440423
4616 0.0626466712
4617 0.0626493001
4618 0.0626519289
4619 0.0626545578
4620 0.0626571867
4621 0.0626598156
4622 0.0626624445
4623 0.0626650733
4624 0.0626677022
4625 0.0626703311
4626 0.06267296
4627 0.0626755889
4628 0.0626782177
4629 0.0626808466
4630 0.0626834755
4631 0.0626861044
4632 0.0626887333
4633 0.0626913621
4634 0.062693991
4635 0.0626966199
4636 0.0626992488
4637 0.0627018777
4638 0.0627045065
4639 0.0627071354
4640 0.0627097643
4641 0.0627123932
4642 0.0627150221
4643 0.0627176509
4644 0.0627202798
4645 0.0627229087
4646 0.0627255376
4647 0.0627281665
4648 0.0627307953
4649 0.0627334242
4650 0.0627360531
4651 0.062738682
4652 0.0627413109
4653 0.0627439397
4654 0.0627465686
4655 0.0627491975
4656 0.0627518264
4657 0.0627544553
4658 0.0627570841
4659 0.062759713
4660 0.0627623419
4661 0.0627649708
4662 0.0627675997
4663 0.0627702285
4664 0.0627728574
4665 0.0627754863
4666 0.0627781152
4667 0.0627807441
4668 0.0627833729
4669 0.0627860018
4670 0.0627886307
4671 0.0627912596
4672 0.0627938885
4673 0.0627965173
4674 0.0627991462
4675 0.0628017751
4676 0.062804404
4677 0.0628070329
4678 0.0628096617
4679 0.0628122906
4680 0.0628149195
4681 0.0628175484
4682 0.0628201773
4683 0.0628228061
4684 0.062825435
4685 0.0628280639
4686 0.0628306928
4687 0.0628333216
4688 0.0628359505
4689 0.0628385794
4690 0.0628412083
4691 0.0628438372
4692 0.062846466
4693 0.0628490949
4694 0.0628517238
4695 0.0628543527
4696 0.0628569816
4697 0.0628596104
4698 0.0628622393
4699 0.0628648682
4700 0.0628674971
4701 0.062870126
4702 0.0628727548
4703 0.0628753837
4704 0.0628780126
4705 0.0628806415
4706 0.0628832704
4707 0.0628858992
4708 0.0628885281
4709 0.062891157
4710 0.0628937859
4711 0.0628964148
4712 0.0628990436
4713 0.0629016725
4714 0.0629043014
4715 0.0629069303
4716 0.0629095592
4717 0.062912188
4718 0.0629148169
4719 0.0629174458
4720 0.0629200747
4721 0.0629227036
4722 0.0629253324
4723 0.0629279613
4724 0.0629305902
4725 0.0629332191
4726 0.062935848
4727 0.0629384768
4728 0.0629411057
4729 0.0629437346
4730 0.0629463635
4731 0.0629489924
4732 0.0629516212
4733 0.0629542501
4734 0.062956879
4735 0.0629595079
4736 0.0629621368
4737 0.0629647656
4738 0.0629673945
4739 0.0629700234
4740 0.0629726523
4741 0.0629752812
4742 0.06297791
4743 0.0629805389
4744 0.0629831678
4745 0.0629857967
4746 0.0629884256
4747 0.0629910544
4748 0.0629936833
4749 0.0629963122
4750 0.0629989411
4751 0.06300157
4752 0.0630041988
4753 0.0630068277
4754 0.0630094566
4755 0.0630120855
4756 0.0630147144
4757 0.0630173432
4758 0.0630199721
4759 0.063022601
4760 0.0630252299
4761 0.0630278588
4762 0.0630304876
4763 0.0630331165
4764 0.0630357454
4765 0.0630383743
4766 0.0630410032
4767 0.063043632
4768 0.0630462609
4769 0.0630488898
4770 0.0630515187
4771 0.0630541475
4772 0.0630567764
4773 0.0630594053
4774 0.0630620342
4775 0.0630646631
4776 0.0630672919
4777 0.0630699208
4778 0.0630725497
4779 0.0630751786
4780 0.0630778075
4781 0.0630804363
4782 0.0630830652
4783 0.0630856941
4784 0.063088323
4785 0.0630909519
4786 0.0630935807
4787 0.0630962096
4788 0.0630988385
4789 0.0631014674
4790 0.0631040963
4791 0.0631067251
4792 0.063109354
4793 0.0631119829
4794 0.0631146118
4795 0.0631172407
4796 0.0631198695
4797 0.0631224984
4798 0.0631251273
4799 0.0631277562
4800 0.0631303851
4801 0.0631330139
4802 0.0631356428
4803 0.0631382717
4804 0.0631409006
4805 0.0631435295
4806 0.0631461583
4807 0.0631487872
4808 0.0631514161
4809 0.063154045
4810 0.0631566739
4811 0.0631593027
4812 0.0631619316
4813 0.0631645605
4814 0.0631671894
4815 0.0631698183
4816 0.0631724471
4817 0.063175076
4818 0.0631777049
4819 0.0631803338
4820 0.0631829627
4821 0.0631855915
4822 0.0631882204
4823 0.0631908493
4824 0.0631934782
4825 0.0631961071
4826 0.0631987359
4827 0.0632013648
4828 0.0632039937
4829 0.0632066226
4830 0.0632092515
4831 0.0632118803
4832 0.0632145092
4833 0.0632171381
4834 0.063219767
4835 0.0632223959
4836 0.0632250247
4837 0.0632276536
4838 0.0632302825
4839 0.0632329114
4840 0.0632355403
4841 0.0632381691
4842 0.063240798
4843 0.0632434269
4844 0.0632460558
4845 0.0632486847
4846 0.0632513135
4847 0.0632539424
4848 0.0632565713
4849 0.0632592002
4850 0.0632618291
4851 0.0632644579
4852 0.0632670868
4853 0.0632697157
4854 0.0632723446
4855 0.0632749734
4856 0.0632776023
4857 0.0632802312
4858 0.0632828601
4859 0.063285489
4860 0.0632881178
4861 0.0632907467
4862 0.0632933756
4863 0.0632960045
4864 0.0632986334
4865 0.0633012622
4866 0.0633038911
4867 0.06330652
4868 0.0633091489
4869 0.0633117778
4870 0.0633144066
4871 0.0633170355
4872 0.0633196644
4873 0.0633222933
4874 0.0633249222
4875 0.063327551
4876 0.0633301799
4877 0.0633328088
4878 0.0633354377
4879 0.0633380666
4880 0.0633406954
4881 0.0633433243
4882 0.0633459532
4883 0.0633485821
4884 0.063351211
4885 0.0633538398
4886 0.0633564687
4887 0.0633590976
4888 0.0633617265
4889 0.0633643554
4890 0.0633669842
4891 0.0633696131
4892 0.063372242
4893 0.0633748709
4894 0.0633774998
4895 0.0633801286
4896 0.0633827575
4897 0.0633853864
4898 0.0633880153
4899 0.0633906442
4900 0.063393273
4901 0.0633959019
4902 0.0633985308
4903 0.0634011597
4904 0.0634037886
4905 0.0634064174
4906 0.0634090463
4907 0.0634116752
4908 0.0634143041
4909 0.063416933
4910 0.0634195618
4911 0.0634221907
4912 0.0634248196
4913 0.0634274485
4914 0.0634300774
4915 0.0634327062
4916 0.0634353351
4917 0.063437964
4918 0.0634405929
4919 0.0634432218
4920 0.0634458506
4921 0.0634484795
4922 0.0634511084
4923 0.0634537373
4924 0.0634563662
4925 0.063458995
4926 0.0634616239
4927 0.0634642528
4928 0.0634668817
4929 0.0634695106
4930 0.0634721394
4931 0.0634747683
4932 0.0634773972
4933 0.0634800261
4934 0.063482655
4935 0.0634852838
4936 0.0634879127
4937 0.0634905416
4938 0.0634931705
4939 0.0634957993
4940 0.0634984282
4941 0.0635010571
4942 0.063503686
4943 0.0635063149
4944 0.0635089437
4945 0.0635115726
4946 0.0635142015
4947 0.0635168304
4948 0.0635194593
4949 0.0635220881
4950 0.063524717
4951 0.0635273459
4952 0.0635299748
4953 0.0635326037
4954 0.0635352325
4955 0.0635378614
4956 0.0635404903
4957 0.0635431192
4958 0.0635457481
4959 0.0635483769
4960 0.0635510058
4961 0.0635536347
4962 0.0635562636
4963 0.0635588925
4964 0.0635615213
4965 0.0635641502
4966 0.0635667791
4967 0.063569408
4968 0.0635720369
4969 0.0635746657
4970 0.0635772946
4971 0.0635799235
4972 0.0635825524
4973 0.0635851813
4974 0.0635878101
4975 0.063590439
4976 0.0635930679
4977 0.0635956968
4978 0.0635983257
4979 0.0636009545
4980 0.0636035834
4981 0.0636062123
4982 0.0636088412
4983 0.0636114701
4984 0.0636140989
4985 0.0636167278
4986 0.0636193567
4987 0.0636219856
4988 0.0636246145
4989 0.0636272433
4990 0.0636298722
4991 0.0636325011
4992 0.06363513
4993 0.0636377589
4994 0.0636403877
4995 0.0636430166
4996 0.0636456455
4997 0.0636482744
4998 0.0636509033
4999 0.0636535321
5000 0.063656161
5001 0.0636587899
5002 0.0636614188
5003 0.0636640477
5004 0.0636666765
5005 0.0636693054
5006 0.0636719343
5007 0.0636745632
5008 0.0636771921
5009 0.0636798209
5010 0.0636824498
5011 0.0636850787
5012 0.0636877076
5013 0.0636903365
5014 0.0636929653
5015 0.0636955942
5016 0.0636982231
5017 0.063700852
5018 0.0637034809
5019 0.0637061097
5020 0.0637087386
5021 0.0637113675
5022 0.0637139964
5023 0.0637166252
5024 0.0637192541
5025 0.063721883
5026 0.0637245119
5027 0.0637271408
5028 0.0637297696
5029 0.0637323985
5030 0.0637350274
5031 0.0637376563
5032 0.0637402852
5033 0.063742914
5034 0.0637455429
5035 0.0637481718
5036 0.0637508007
5037 0.0637534296
5038 0.0637560584
5039 0.0637586873
5040 0.0637613162
5041 0.0637639451
5042 0.063766574
5043 0.0637692028
5044 0.0637718317
5045 0.0637744606
5046 0.0637770895
5047 0.0637797184
5048 0.0637823472
5049 0.0637849761
5050 0.063787605
5051 0.0637902339
5052 0.0637928628
5053 0.0637954916
5054 0.0637981205
5055 0.0638007494
5056 0.0638033783
5057 0.0638060072
5058 0.063808636
5059 0.0638112649
5060 0.0638138938
5061 0.0638165227
5062 0.0638191516
5063 0.0638217804
5064 0.0638244093
5065 0.0638270382
5066 0.0638296671
5067 0.063832296
5068 0.0638349248
5069 0.0638375537
5070 0.0638401826
5071 0.0638428115
5072 0.0638454404
5073 0.0638480692
5074 0.0638506981
5075 0.063853327
5076 0.0638559559
5077 0.0638585848
5078 0.0638612136
5079 0.0638638425
5080 0.0638664714
5081 0.0638691003
5082 0.0638717292
5083 0.063874358
5084 0.0638769869
5085 0.0638796158
5086 0.0638822447
5087 0.0638848736
5088 0.0638875024
5089 0.0638901313
5090 0.0638927602
5091 0.0638953891
5092 0.063898018
5093 0.0639006468
5094 0.0639032757
5095 0.0639059046
5096 0.0639085335
5097 0.0639111624
5098 0.0639137912
5099 0.0639164201
5100 0.063919049
5101 0.0639216779
5102 0.0639243068
5103 0.0639269356
5104 0.0639295645
5105 0.0639321934
5106 0.0639348223
5107 0.0639374511
5108 0.06394008
5109 0.0639427089
5110 0.0639453378
5111 0.0639479667
5112 0.0639505955
5113 0.0639532244
5114 0.0639558533
5115 0.0639584822
5116 0.0639611111
5117 0.0639637399
5118 0.0639663688
5119 0.0639689977
5120 0.0639716266
5121 0.0639742555
5122 0.0639768843
5123 0.0639795132
5124 0.0639821421
5125 0.063984771
5126 0.0639873999
5127 0.0639900287
5128 0.0639926576
5129 0.0639952865
5130 0.0639979154
5131 0.0640005443
5132 0.0640031731
5133 0.064005802
5134 0.0640084309
5135 0.0640110598
5136 0.0640136887
5137 0.0640163175
5138 0.0640189464
5139 0.0640215753
5140 0.0640242042
5141 0.0640268331
5142 0.0640294619
5143 0.0640320908
5144 0.0640347197
5145 0.0640373486
5146 0.0640399775
5147 0.0640426063
5148 0.0640452352
5149 0.0640478641
5150 0.064050493
5151 0.0640531219
5152 0.0640557507
5153 0.0640583796
5154 0.0640610085
5155 0.0640636374
5156 0.0640662663
5157 0.0640688951
5158 0.064071524
5159 0.0640741529
5160 0.0640767818
5161 0.0640794107
5162 0.0640820395
5163 0.0640846684
5164 0.0640872973
5165 0.0640899262
5166 0.0640925551
5167 0.0640951839
5168 0.0640978128
5169 0.0641004417
5170 0.0641030706
5171 0.0641056995
5172 0.0641083283
5173 0.0641109572
5174 0.0641135861
5175 0.064116215
5176 0.0641188439
5177 0.0641214727
5178 0.0641241016
5179 0.0641267305
5180 0.0641293594
5181 0.0641319883
5182 0.0641346171
5183 0.064137246
5184 0.0641398749
5185 0.0641425038
5186 0.0641451327
5187 0.0641477615
5188 0.0641503904
5189 0.0641530193
5190 0.0641556482
5191 0.064158277
5192 0.0641609059
5193 0.0641635348
5194 0.0641661637
5195 0.0641687926
5196 0.0641714214
5197 0.0641740503
5198 0.0641766792
5199 0.0641793081
5200 0.064181937
5201 0.0641845658
5202 0.0641871947
5203 0.0641898236
5204 0.0641924525
5205 0.0641950814
5206 0.0641977102
5207 0.0642003391
5208 0.064202968
5209 0.0642055969
5210 0.0642082258
5211 0.0642108546
5212 0.0642134835
5213 0.0642161124
5214 0.0642187413
5215 0.0642213702
5216 0.064223999
5217 0.0642266279
5218 0.0642292568
5219 0.0642318857
5220 0.0642345146
5221 0.0642371434
5222 0.0642397723
5223 0.0642424012
5224 0.0642450301
5225 0.064247659
5226 0.0642502878
5227 0.0642529167
5228 0.0642555456
5229 0.0642581745
5230 0.0642608034
5231 0.0642634322
5232 0.0642660611
5233 0.06426869
5234 0.0642713189
5235 0.0642739478
5236 0.0642765766
5237 0.0642792055
5238 0.0642818344
5239 0.0642844633
5240 0.0642870922
5241 0.064289721
5242 0.0642923499
5243 0.0642949788
5244 0.0642976077
5245 0.0643002366
5246 0.0643028654
5247 0.0643054943
5248 0.0643081232
5249 0.0643107521
5250 0.064313381
5251 0.0643160098
5252 0.0643186387
5253 0.0643212676
5254 0.0643238965
5255 0.0643265254
5256 0.0643291542
5257 0.0643317831
5258 0.064334412
5259 0.0643370409
5260 0.0643396698
5261 0.0643422986
5262 0.0643449275
5263 0.0643475564
5264 0.0643501853
5265 0.0643528142
5266 0.064355443
5267 0.0643580719
5268 0.0643607008
5269 0.0643633297
5270 0.0643659586
5271 0.0643685874
5272 0.0643712163
5273 0.0643738452
5274 0.0643764741
5275 0.0643791029
5276 0.0643817318
5277 0.0643843607
5278 0.0643869896
5279 0.0643896185
5280 0.0643922473
5281 0.0643948762
5282 0.0643975051
5283 0.064400134
5284 0.0644027629
5285 0.0644053917
5286 0.0644080206
5287 0.0644106495
5288 0.0644132784
5289 0.0644159073
5290 0.0644185361
5291 0.064421165
5292 0.0644237939
5293 0.0644264228
5294 0.0644290517
5295 0.0644316805
5296 0.0644343094
5297 0.0644369383
5298 0.0644395672
5299 0.0644421961
5300 0.0644448249
5301 0.0644474538
5302 0.0644500827
5303 0.0644527116
5304 0.0644553405
5305 0.0644579693
5306 0.0644605982
5307 0.0644632271
5308 0.064465856
5309 0.0644684849
5310 0.0644711137
5311 0.0644737426
5312 0.0644763715
5313 0.0644790004
5314 0.0644816293
5315 0.0644842581
5316 0.064486887
5317 0.0644895159
5318 0.0644921448
5319 0.0644947737
5320 0.0644974025
5321 0.0645000314
5322 0.0645026603
5323 0.0645052892
5324 0.0645079181
5325 0.0645105469
5326 0.0645131758
5327 0.0645158047
5328 0.0645184336
5329 0.0645210625
5330 0.0645236913
5331 0.0645263202
5332 0.0645289491
5333 0.064531578
5334 0.0645342069
5335 0.0645368357
5336 0.0645394646
5337 0.0645420935
5338 0.0645447224
5339 0.0645473513
5340 0.0645499801
5341 0.064552609
5342 0.0645552379
5343 0.0645578668
5344 0.0645604957
5345 0.0645631245
5346 0.0645657534
5347 0.0645683823
5348 0.0645710112
5349 0.0645736401
5350 0.0645762689
5351 0.0645788978
5352 0.0645815267
5353 0.0645841556
5354 0.0645867845
5355 0.0645894133
5356 0.0645920422
5357 0.0645946711
5358 0.0645973
5359 0.0645999288
5360 0.0646025577
5361 0.0646051866
5362 0.0646078155
5363 0.0646104444
5364 0.0646130732
5365 0.0646157021
5366 0.064618331
5367 0.0646209599
5368 0.0646235888
5369 0.0646262176
5370 0.0646288465
5371 0.0646314754
5372 0.0646341043
5373 0.0646367332
5374 0.064639362
5375 0.0646419909
5376 0.0646446198
5377 0.0646472487
5378 0.0646498776
5379 0.0646525064
5380 0.0646551353
5381 0.0646577642
5382 0.0646603931
5383 0.064663022
5384 0.0646656508
5385 0.0646682797
5386 0.0646709086
5387 0.0646735375
5388 0.0646761664
5389 0.0646787952
5390 0.0646814241
5391 0.064684053
5392 0.0646866819
5393 0.0646893108
5394 0.0646919396
5395 0.0646945685
5396 0.0646971974
5397 0.0646998263
5398 0.0647024552
5399 0.064705084
5400 0.0647077129
5401 0.0647103418
5402 0.0647129707
5403 0.0647155996
5404 0.0647182284
5405 0.0647208573
5406 0.0647234862
5407 0.0647261151
5408 0.064728744
5409 0.0647313728
5410 0.0647340017
5411 0.0647366306
5412 0.0647392595
5413 0.0647418884
5414 0.0647445172
5415 0.0647471461
5416 0.064749775
5417 0.0647524039
5418 0.0647550328
5419 0.0647576616
5420 0.0647602905
5421 0.0647629194
5422 0.0647655483
5423 0.0647681772
5424 0.064770806
5425 0.0647734349
5426 0.0647760638
5427 0.0647786927
5428 0.0647813216
5429 0.0647839504
5430 0.0647865793
5431 0.0647892082
5432 0.0647918371
5433 0.064794466
5434 0.0647970948
5435 0.0647997237
5436 0.0648023526
5437 0.0648049815
5438 0.0648076104
5439 0.0648102392
5440 0.0648128681
5441 0.064815497
5442 0.0648181259
5443 0.0648207547
5444 0.0648233836
5445 0.0648260125
5446 0.0648286414
5447 0.0648312703
5448 0.0648338991
5449 0.064836528
5450 0.0648391569
5451 0.0648417858
5452 0.0648444147
5453 0.0648470435
5454 0.0648496724
5455 0.0648523013
5456 0.0648549302
5457 0.0648575591
5458 0.0648601879
5459 0.0648628168
5460 0.0648654457
5461 0.0648680746
5462 0.0648707035
5463 0.0648733323
5464 0.0648759612
5465 0.0648785901
5466 0.064881219
5467 0.0648838479
5468 0.0648864767
5469 0.0648891056
5470 0.0648917345
5471 0.0648943634
5472 0.0648969923
5473 0.0648996211
5474 0.06490225
5475 0.0649048789
5476 0.0649075078
5477 0.0649101367
5478 0.0649127655
5479 0.0649153944
5480 0.0649180233
5481 0.0649206522
5482 0.0649232811
5483 0.0649259099
5484 0.0649285388
5485 0.0649311677
5486 0.0649318022
5487 0.0649324366
5488 0.0649330711
5489 0.0649337055
5490 0.06493434
5491 0.0649349745
5492 0.0649356089
5493 0.0649362434
5494 0.0649368779
5495 0.0649375123
5496 0.0649381468
5497 0.0649387812
5498 0.0649394157
5499 0.0649400502
5500 0.0649406846
5501 0.0649413191
5502 0.0649419535
5503 0.064942588
5504 0.0649432225
5505 0.0649438569
5506 0.0649444914
5507 0.0649451258
5508 0.0649457603
5509 0.0649463948
5510 0.0649470292
5511 0.0649476637
5512 0.0649482982
5513 0.0649489326
5514 0.0649495671
5515 0.0649502015
5516 0.064950836
5517 0.0649514705
5518 0.0649521049
5519 0.0649527394
5520 0.0649533738
5521 0.0649540083
5522 0.0649546428
5523 0.0649552772
5524 0.0649559117
5525 0.0649565461
5526 0.0649571806
5527 0.0649578151
5528 0.0649584495
5529 0.064959084
5530 0.0649597185
5531 0.0649603529
5532 0.0649609874
5533 0.0649616218
5534 0.0649622563
5535 0.0649628908
5536 0.0649635252
5537 0.0649641597
5538 0.0649647941
5539 0.0649654286
5540 0.0649660631
5541 0.0649666975
5542 0.064967332
5543 0.0649679664
5544 0.0649686009
5545 0.0649692354
5546 0.0649698698
5547 0.0649705043
5548 0.0649711388
5549 0.0649717732
5550 0.0649724077
5551 0.0649730421
5552 0.0649736766
5553 0.0649743111
5554 0.0649749455
5555 0.06497558
5556 0.0649762144
5557 0.0649768489
5558 0.0649774834
5559 0.0649781178
5560 0.0649787523
5561 0.0649793867
5562 0.0649800212
5563 0.0649806557
5564 0.0649812901
5565 0.0649819246
5566 0.0649825591
5567 0.0649831935
5568 0.064983828
5569 0.0649844624
5570 0.0649850969
5571 0.0649857314
5572 0.0649863658
5573 0.0649870003
5574 0.0649876347
5575 0.0649882692
5576 0.0649889037
5577 0.0649895381
5578 0.0649901726
5579 0.0649908071
5580 0.0649914415
5581 0.064992076
5582 0.0649927104
5583 0.0649933449
5584 0.0649939794
5585 0.0649946138
5586 0.0649952483
5587 0.0649958827
5588 0.0649965172
5589 0.0649971517
5590 0.0649977861
5591 0.0649984206
5592 0.064999055
5593 0.0649996895
5594 0.065000324
5595 0.0650009584
5596 0.0650015929
5597 0.0650022274
5598 0.0650028618
5599 0.0650034963
5600 0.0650041307
5601 0.0650047652
5602 0.0650053997
5603 0.0650060341
5604 0.0650066686
5605 0.065007303
5606 0.0650079375
5607 0.065008572
5608 0.0650092064
5609 0.0650098409
5610 0.0650104753
5611 0.0650111098
5612 0.0650117443
5613 0.0650123787
5614 0.0650130132
5615 0.0650136477
5616 0.0650142821
5617 0.0650149166
5618 0.065015551
5619 0.0650161855
5620 0.06501682
5621 0.0650174544
5622 0.0650180889
5623 0.0650187233
5624 0.0650193578
5625 0.0650199923
5626 0.0650206267
5627 0.0650212612
5628 0.0650218956
5629 0.0650225301
5630 0.0650231646
5631 0.065023799
5632 0.0650244335
5633 0.065025068
5634 0.0650257024
5635 0.0650263369
5636 0.0650269713
5637 0.0650276058
5638 0.0650282403
5639 0.0650288747
5640 0.0650295092
5641 0.0650301436
5642 0.0650307781
5643 0.0650314126
5644 0.065032047
5645 0.0650326815
5646 0.0650333159
5647 0.0650339504
5648 0.0650345849
5649 0.0650352193
5650 0.0650358538
5651 0.0650364883
5652 0.0650371227
5653 0.0650377572
5654 0.0650383916
5655 0.0650390261
5656 0.0650396606
5657 0.065040295
5658 0.0650409295
5659 0.0650415639
5660 0.0650421984
5661 0.0650428329
5662 0.0650434673
5663 0.0650441018
5664 0.0650447362
5665 0.0650453707
5666 0.0650460052
5667 0.0650466396
5668 0.0650472741
5669 0.0650479086
5670 0.065048543
5671 0.0650491775
5672 0.0650498119
5673 0.0650504464
5674 0.0650510809
5675 0.0650517153
5676 0.0650523498
5677 0.0650529842
5678 0.0650536187
5679 0.0650542532
5680 0.0650548876
5681 0.0650555221
5682 0.0650561566
5683 0.065056791
5684 0.0650574255
5685 0.0650580599
5686 0.0650586944
5687 0.0650593289
5688 0.0650599633
5689 0.0650605978
5690 0.0650612322
5691 0.0650618667
5692 0.0650625012
5693 0.0650631356
5694 0.0650637701
5695 0.0650644045
5696 0.065065039
5697 0.0650656735
5698 0.0650663079
5699 0.0650669424
5700 0.0650675769
5701 0.0650682113
5702 0.0650688458
5703 0.0650694802
5704 0.0650701147
5705 0.0650707492
5706 0.0650713836
5707 0.0650720181
5708 0.0650726525
5709 0.065073287
5710 0.0650739215
5711 0.0650745559
5712 0.0650751904
5713 0.0650758248
5714 0.0650764593
5715 0.0650770938
5716 0.0650777282
5717 0.0650783627
5718 0.0650789972
5719 0.0650796316
5720 0.0650802661
5721 0.0650809005
5722 0.065081535
5723 0.0650821695
5724 0.0650828039
5725 0.0650834384
5726 0.0650840728
5727 0.0650847073
5728 0.0650853418
5729 0.0650859762
5730 0.0650866107
5731 0.0650872451
5732 0.0650878796
5733 0.0650885141
5734 0.0650891485
5735 0.065089783
5736 0.0650904175
5737 0.0650910519
5738 0.0650916864
5739 0.0650923208
5740 0.0650929553
5741 0.0650935898
5742 0.0650942242
5743 0.0650948587
5744 0.0650954931
5745 0.0650961276
5746 0.0650967621
5747 0.0650973965
5748 0.065098031
5749 0.0650986654
5750 0.0650992999
5751 0.0650999344
5752 0.0651005688
5753 0.0651012033
5754 0.0651018378
5755 0.0651024722
5756 0.0651031067
5757 0.0651037411
5758 0.0651043756
5759 0.0651050101
5760 0.0651056445
5761 0.065106279
5762 0.0651069134
5763 0.0651075479
5764 0.0651081824
5765 0.0651088168
5766 0.0651094513
5767 0.0651100858
5768 0.0651107202
5769 0.0651113547
5770 0.0651119891
5771 0.0651126236
5772 0.0651132581
5773 0.0651138925
5774 0.065114527
5775 0.0651151614
5776 0.0651157959
5777 0.0651164304
5778 0.0651170648
5779 0.0651176993
5780 0.0651183337
5781 0.0651189682
5782 0.0651196027
5783 0.0651202371
5784 0.0651208716
5785 0.0651215061
5786 0.0651221405
5787 0.065122775
5788 0.0651234094
5789 0.0651240439
5790 0.0651246784
5791 0.0651253128
5792 0.0651259473
5793 0.0651265817
5794 0.0651272162
5795 0.0651278507
5796 0.0651284851
5797 0.0651291196
5798 0.065129754
5799 0.0651303885
5800 0.065131023
5801 0.0651316574
5802 0.0651322919
5803 0.0651329264
5804 0.0651335608
5805 0.0651341953
5806 0.0651348297
5807 0.0651354642
5808 0.0651360987
5809 0.0651367331
5810 0.0651373676
5811 0.065138002
5812 0.0651386365
5813 0.065139271
5814 0.0651399054
5815 0.0651405399
5816 0.0651411743
5817 0.0651418088
5818 0.0651424433
5819 0.0651430777
5820 0.0651437122
5821 0.0651443467
5822 0.0651449811
5823 0.0651456156
5824 0.06514625
5825 0.0651468845
5826 0.065147519
5827 0.0651481534
5828 0.0651487879
5829 0.0651494223
5830 0.0651500568
5831 0.0651506913
5832 0.0651513257
5833 0.0651519602
5834 0.0651525946
5835 0.0651532291
5836 0.0651538636
5837 0.065154498
5838 0.0651551325
5839 0.065155767
5840 0.0651564014
5841 0.0651570359
5842 0.0651576703
5843 0.0651583048
5844 0.0651589393
5845 0.0651595737
5846 0.0651602082
5847 0.0651608426
5848 0.0651614771
5849 0.0651621116
5850 0.065162746
5851 0.0651633805
5852 0.065164015
5853 0.0651646494
5854 0.0651652839
5855 0.0651659183
5856 0.0651665528
5857 0.0651671873
5858 0.0651678217
5859 0.0651684562
5860 0.0651690906
5861 0.0651697251
5862 0.0651703596
5863 0.065170994
5864 0.0651716285
5865 0.0651722629
5866 0.0651728974
5867 0.0651735319
5868 0.0651741663
5869 0.0651748008
5870 0.0651754353
5871 0.0651760697
5872 0.0651767042
5873 0.0651773386
5874 0.0651779731
5875 0.0651786076
5876 0.065179242
5877 0.0651798765
5878 0.0651805109
5879 0.0651811454
5880 0.0651817799
5881 0.0651824143
5882 0.0651830488
5883 0.0651836832
5884 0.0651843177
5885 0.0651849522
5886 0.0651855866
5887 0.0651862211
5888 0.0651868556
5889 0.06518749
5890 0.0651881245
5891 0.0651887589
5892 0.0651893934
5893 0.0651900279
5894 0.0651906623
5895 0.0651912968
5896 0.0651919312
5897 0.0651925657
5898 0.0651932002
5899 0.0651938346
5900 0.0651944691
5901 0.0651951035
5902 0.065195738
5903 0.0651963725
5904 0.0651970069
5905 0.0651976414
5906 0.0651982759
5907 0.0651989103
5908 0.0651995448
5909 0.0652001792
5910 0.0652008137
5911 0.0652014482
5912 0.0652020826
5913 0.0652027171
5914 0.0652033515
5915 0.065203986
5916 0.0652046205
5917 0.0652052549
5918 0.0652058894
5919 0.0652065238
5920 0.0652071583
5921 0.0652077928
5922 0.0652084272
5923 0.0652090617
5924 0.0652096962
5925 0.0652103306
5926 0.0652109651
5927 0.0652115995
5928 0.065212234
5929 0.0652128685
5930 0.0652135029
5931 0.0652141374
5932 0.0652147718
5933 0.0652154063
5934 0.0652160408
5935 0.0652166752
5936 0.0652173097
5937 0.0652179441
5938 0.0652185786
5939 0.0652192131
5940 0.0652198475
5941 0.065220482
5942 0.0652211165
5943 0.0652217509
5944 0.0652223854
5945 0.0652230198
5946 0.0652236543
5947 0.0652242888
5948 0.0652249232
5949 0.0652255577
5950 0.0652261921
5951 0.0652268266
5952 0.0652274611
5953 0.0652280955
5954 0.06522873
5955 0.0652293645
5956 0.0652299989
5957 0.0652306334
5958 0.0652312678
5959 0.0652319023
5960 0.0652325368
5961 0.0652331712
5962 0.0652338057
5963 0.0652344401
5964 0.0652350746
5965 0.0652357091
5966 0.0652363435
5967 0.065236978
5968 0.0652376124
5969 0.0652382469
5970 0.0652388814
5971 0.0652395158
5972 0.0652401503
5973 0.0652407848
5974 0.0652414192
5975 0.0652420537
5976 0.0652426881
5977 0.0652433226
5978 0.0652439571
5979 0.0652445915
5980 0.065245226
5981 0.0652458604
5982 0.0652464949
5983 0.0652471294
5984 0.0652477638
5985 0.0652483983
5986 0.0652490327
5987 0.0652496672
5988 0.0652503017
5989 0.0652509361
5990 0.0652515706
5991 0.0652522051
5992 0.0652528395
5993 0.065253474
5994 0.0652541084
5995 0.0652547429
5996 0.0652553774
5997 0.0652560118
5998 0.0652566463
5999 0.0652572807
6000 0.0652579152
6001 0.0652585497
6002 0.0652591841
6003 0.0652598186
6004 0.065260453
6005 0.0652610875
6006 0.065261722
6007 0.0652623564
6008 0.0652629909
6009 0.0652636254
6010 0.0652642598
6011 0.0652648943
6012 0.0652655287
6013 0.0652661632
6014 0.0652667977
6015 0.0652674321
6016 0.0652680666
6017 0.065268701
6018 0.0652693355
6019 0.06526997
6020 0.0652706044
6021 0.0652712389
6022 0.0652718733
6023 0.0652725078
6024 0.0652731423
6025 0.0652737767
6026 0.0652744112
6027 0.0652750457
6028 0.0652756801
6029 0.0652763146
6030 0.065276949
6031 0.0652775835
6032 0.065278218
6033 0.0652788524
6034 0.0652794869
6035 0.0652801213
6036 0.0652807558
6037 0.0652813903
6038 0.0652820247
6039 0.0652826592
6040 0.0652832937
6041 0.0652839281
6042 0.0652845626
6043 0.065285197
6044 0.0652858315
6045 0.065286466
6046 0.0652871004
6047 0.0652877349
6048 0.0652883693
6049 0.0652890038
6050 0.0652896383
6051 0.0652902727
6052 0.0652909072
6053 0.0652915416
6054 0.0652921761
6055 0.0652928106
6056 0.065293445
6057 0.0652940795
6058 0.065294714
6059 0.0652953484
6060 0.0652959829
6061 0.0652966173
6062 0.0652972518
6063 0.0652978863
6064 0.0652985207
6065 0.0652991552
6066 0.0652997896
6067 0.0653004241
6068 0.0653010586
6069 0.065301693
6070 0.0653023275
6071 0.0653029619
6072 0.0653035964
6073 0.0653042309
6074 0.0653048653
6075 0.0653054998
6076 0.0653061343
6077 0.0653067687
6078 0.0653074032
6079 0.0653080376
6080 0.0653086721
6081 0.0653093066
6082 0.065309941
6083 0.0653105755
6084 0.0653112099
6085 0.0653118444
6086 0.0653124789
6087 0.0653131133
6088 0.0653137478
6089 0.0653143822
6090 0.0653150167
6091 0.0653156512
6092 0.0653162856
6093 0.0653169201
6094 0.0653175546
6095 0.065318189
6096 0.0653188235
6097 0.0653194579
6098 0.0653200924
6099 0.0653207269
6100 0.0653213613
6101 0.0653219958
6102 0.0653226302
6103 0.0653232647
6104 0.0653238992
6105 0.0653245336
6106 0.0653251681
6107 0.0653258025
6108 0.065326437
6109 0.0653270715
6110 0.0653277059
6111 0.0653283404
6112 0.0653289749
6113 0.0653296093
6114 0.0653302438
6115 0.0653308782
6116 0.0653315127
6117 0.0653321472
6118 0.0653327816
6119 0.0653334161
6120 0.0653340505
6121 0.065334685
6122 0.0653353195
6123 0.0653359539
6124 0.0653365884
6125 0.0653372229
6126 0.0653378573
6127 0.0653384918
6128 0.0653391262
6129 0.0653397607
6130 0.0653403952
6131 0.0653410296
6132 0.0653416641
6133 0.0653422985
6134 0.065342933
6135 0.0653435675
6136 0.0653442019
6137 0.0653448364
6138 0.0653454708
6139 0.0653461053
6140 0.0653467398
6141 0.0653473742
6142 0.0653480087
6143 0.0653486432
6144 0.0653492776
6145 0.0653499121
6146 0.0653505465
6147 0.065351181
6148 0.0653518155
6149 0.0653524499
6150 0.0653530844
6151 0.0653537188
6152 0.0653543533
6153 0.0653549878
6154 0.0653556222
6155 0.0653562567
6156 0.0653568911
6157 0.0653575256
6158 0.0653581601
6159 0.0653587945
6160 0.065359429
6161 0.0653600635
6162 0.0653606979
6163 0.0653613324
6164 0.0653619668
6165 0.0653626013
6166 0.0653632358
6167 0.0653638702
6168 0.0653645047
6169 0.0653651391
6170 0.0653657736
6171 0.0653664081
6172 0.0653670425
6173 0.065367677
6174 0.0653683114
6175 0.0653689459
6176 0.0653695804
6177 0.0653702148
6178 0.0653708493
6179 0.0653714838
6180 0.0653721182
6181 0.0653727527
6182 0.0653733871
6183 0.0653740216
6184 0.0653746561
6185 0.0653752905
6186 0.065375925
6187 0.0653765594
6188 0.0653771939
6189 0.0653778284
6190 0.0653784628
6191 0.0653790973
6192 0.0653797317
6193 0.0653803662
6194 0.0653810007
6195 0.0653816351
6196 0.0653822696
6197 0.0653829041
6198 0.0653835385
6199 0.065384173
6200 0.0653848074
6201 0.0653854419
6202 0.0653860764
6203 0.0653867108
6204 0.0653873453
6205 0.0653879797
6206 0.0653886142
6207 0.0653892487
6208 0.0653898831
6209 0.0653905176
6210 0.065391152
6211 0.0653917865
6212 0.065392421
6213 0.0653930554
6214 0.0653936899
6215 0.0653943244
6216 0.0653949588
6217 0.0653955933
6218 0.0653962277
6219 0.0653968622
6220 0.0653974967
6221 0.0653981311
6222 0.0653987656
6223 0.0653994
6224 0.0654000345
6225 0.065400669
6226 0.0654013034
6227 0.0654019379
6228 0.0654025724
6229 0.0654032068
6230 0.0654038413
6231 0.0654044757
6232 0.0654051102
6233 0.0654057447
6234 0.0654063791
6235 0.0654070136
6236 0.065407648
6237 0.0654082825
6238 0.065408917
6239 0.0654095514
6240 0.0654101859
6241 0.0654108203
6242 0.0654114548
6243 0.0654120893
6244 0.0654127237
6245 0.0654133582
6246 0.0654139927
6247 0.0654146271
6248 0.0654152616
6249 0.065415896
6250 0.0654165305
6251 0.065417165
6252 0.0654177994
6253 0.0654184339
6254 0.0654190683
6255 0.0654197028
6256 0.0654203373
6257 0.0654209717
6258 0.0654216062
6259 0.0654222406
6260 0.0654228751
6261 0.0654235096
6262 0.065424144
6263 0.0654247785
6264 0.065425413
6265 0.0654260474
6266 0.0654266819
6267 0.0654273163
6268 0.0654279508
6269 0.0654285853
6270 0.0654292197
6271 0.0654298542
6272 0.0654304886
6273 0.0654311231
6274 0.0654317576
6275 0.065432392
6276 0.0654330265
6277 0.0654336609
6278 0.0654342954
6279 0.0654349299
6280 0.0654355643
6281 0.0654361988
6282 0.0654368333
6283 0.0654374677
6284 0.0654381022
6285 0.0654387366
6286 0.0654393711
6287 0.0654400056
6288 0.06544064
6289 0.0654412745
6290 0.0654419089
6291 0.0654425434
6292 0.0654431779
6293 0.0654438123
6294 0.0654444468
6295 0.0654450812
6296 0.0654457157
6297 0.0654463502
6298 0.0654469846
6299 0.0654476191
6300 0.0654482536
6301 0.065448888
6302 0.0654495225
6303 0.0654501569
6304 0.0654507914
6305 0.0654514259
6306 0.0654520603
6307 0.0654526948
6308 0.0654533292
6309 0.0654539637
6310 0.0654545982
6311 0.0654552326
6312 0.0654558671
6313 0.0654565016
6314 0.065457136
6315 0.0654577705
6316 0.0654584049
6317 0.0654590394
6318 0.0654596739
6319 0.0654603083
6320 0.0654609428
6321 0.0654615772
6322 0.0654622117
6323 0.0654628462
6324 0.0654634806
6325 0.0654641151
6326 0.0654647495
6327 0.065465384
6328 0.0654660185
6329 0.0654666529
6330 0.0654672874
6331 0.0654679219
6332 0.0654685563
6333 0.0654691908
6334 0.0654698252
6335 0.0654704597
6336 0.0654710942
6337 0.0654717286
6338 0.0654723631
6339 0.0654729975
6340 0.065473632
6341 0.0654742665
6342 0.0654749009
6343 0.0654755354
6344 0.0654761698
6345 0.0654768043
6346 0.0654774388
6347 0.0654780732
6348 0.0654787077
6349 0.0654793422
6350 0.0654799766
6351 0.0654806111
6352 0.0654812455
6353 0.06548188
6354 0.0654825145
6355 0.0654831489
6356 0.0654837834
6357 0.0654844178
6358 0.0654850523
6359 0.0654856868
6360 0.0654863212
6361 0.0654869557
6362 0.0654875901
6363 0.0654882246
6364 0.0654888591
6365 0.0654894935
6366 0.065490128
6367 0.0654907625
6368 0.0654913969
6369 0.0654920314
6370 0.0654926658
6371 0.0654933003
6372 0.0654939348
6373 0.0654945692
6374 0.0654952037
6375 0.0654958381
6376 0.0654964726
6377 0.0654971071
6378 0.0654977415
6379 0.065498376
6380 0.0654990104
6381 0.0654996449
6382 0.0655002794
6383 0.0655009138
6384 0.0655015483
6385 0.0655021828
6386 0.0655028172
6387 0.0655034517
6388 0.0655040861
6389 0.0655047206
6390 0.0655053551
6391 0.0655059895
6392 0.065506624
6393 0.0655072584
6394 0.0655078929
6395 0.0655085274
6396 0.0655091618
6397 0.0655097963
6398 0.0655104308
6399 0.0655110652
6400 0.0655116997
6401 0.0655123341
6402 0.0655129686
6403 0.0655136031
6404 0.0655142375
6405 0.065514872
6406 0.0655155064
6407 0.0655161409
6408 0.0655167754
6409 0.0655174098
6410 0.0655180443
6411 0.0655186787
6412 0.0655193132
6413 0.0655199477
6414 0.0655205821
6415 0.0655212166
6416 0.0655218511
6417 0.0655224855
6418 0.06552312
6419 0.0655237544
6420 0.0655243889
6421 0.0655250234
6422 0.0655256578
6423 0.0655262923
6424 0.0655269267
6425 0.0655275612
6426 0.0655281957
6427 0.0655288301
6428 0.0655294646
6429 0.065530099
6430 0.0655307335
6431 0.065531368
6432 0.0655320024
6433 0.0655326369
6434 0.0655332714
6435 0.0655339058
6436 0.0655345403
6437 0.0655351747
6438 0.0655358092
6439 0.0655364437
6440 0.0655370781
6441 0.0655377126
6442 0.065538347
6443 0.0655389815
6444 0.065539616
6445 0.0655402504
6446 0.0655408849
6447 0.0655415193
6448 0.0655421538
6449 0.0655427883
6450 0.0655434227
6451 0.0655440572
6452 0.0655446917
6453 0.0655453261
6454 0.0655459606
6455 0.065546595
6456 0.0655472295
6457 0.065547864
6458 0.0655484984
6459 0.0655491329
6460 0.0655497673
6461 0.0655504018
6462 0.0655510363
6463 0.0655516707
6464 0.0655523052
6465 0.0655529396
6466 0.0655535741
6467 0.0655542086
6468 0.065554843
6469 0.0655554775
6470 0.065556112
6471 0.0655567464
6472 0.0655573809
6473 0.0655580153
6474 0.0655586498
6475 0.0655592843
6476 0.0655599187
6477 0.0655605532
6478 0.0655611876
6479 0.0655618221
6480 0.0655624566
6481 0.065563091
6482 0.0655637255
6483 0.0655643599
6484 0.0655649944
6485 0.0655656289
6486 0.0655662633
6487 0.0655668978
6488 0.0655675323
6489 0.0655681667
6490 0.0655688012
6491 0.0655694356
6492 0.0655700701
6493 0.0655707046
6494 0.065571339
6495 0.0655719735
6496 0.0655726079
6497 0.0655732424
6498 0.0655738769
6499 0.0655745113
6500 0.0655751458
6501 0.0655757803
6502 0.0655764147
6503 0.0655770492
6504 0.0655776836
6505 0.0655783181
6506 0.0655789526
6507 0.065579587
6508 0.0655802215
6509 0.0655808559
6510 0.0655814904
6511 0.0655821249
6512 0.0655827593
6513 0.0655833938
6514 0.0655840282
6515 0.0655846627
6516 0.0655852972
6517 0.0655859316
6518 0.0655865661
6519 0.0655872006
6520 0.065587835
6521 0.0655884695
6522 0.0655891039
6523 0.0655897384
6524 0.0655903729
6525 0.0655910073
6526 0.0655916418
6527 0.0655922762
6528 0.0655929107
6529 0.0655935452
6530 0.0655941796
6531 0.0655948141
6532 0.0655954485
6533 0.065596083
6534 0.0655967175
6535 0.0655973519
6536 0.0655979864
6537 0.0655986209
6538 0.0655992553
6539 0.0655998898
6540 0.0656005242
6541 0.0656011587
6542 0.0656017932
6543 0.0656024276
6544 0.0656030621
6545 0.0656036965
6546 0.065604331
6547 0.0656049655
6548 0.0656055999
6549 0.0656062344
6550 0.0656068688
6551 0.0656075033
6552 0.0656081378
6553 0.0656087722
6554 0.0656094067
6555 0.0656100412
6556 0.0656106756
6557 0.0656113101
6558 0.0656119445
6559 0.065612579
6560 0.0656132135
6561 0.0656138479
6562 0.0656144824
6563 0.0656151168
6564 0.0656157513
6565 0.0656163858
6566 0.0656170202
6567 0.0656176547
6568 0.0656182891
6569 0.0656189236
6570 0.0656195581
6571 0.0656201925
6572 0.065620827
6573 0.0656214615
6574 0.0656220959
6575 0.0656227304
6576 0.0656233648
6577 0.0656239993
6578 0.0656246338
6579 0.0656252682
6580 0.0656259027
6581 0.0656265371
6582 0.0656271716
6583 0.0656278061
6584 0.0656284405
6585 0.065629075
6586 0.0656297095
6587 0.0656303439
6588 0.0656309784
6589 0.0656316128
6590 0.0656322473
6591 0.0656328818
6592 0.0656335162
6593 0.0656341507
6594 0.0656347851
6595 0.0656354196
6596 0.0656360541
6597 0.0656366885
6598 0.065637323
6599 0.0656379574
6600 0.0656385919
6601 0.0656392264
6602 0.0656398608
6603 0.0656404953
6604 0.0656411298
6605 0.0656417642
6606 0.0656423987
6607 0.0656430331
6608 0.0656436676
6609 0.0656443021
6610 0.0656449365
6611 0.065645571
6612 0.0656462054
6613 0.0656468399
6614 0.0656474744
6615 0.0656481088
6616 0.0656487433
6617 0.0656493777
6618 0.0656500122
6619 0.0656506467
6620 0.0656512811
6621 0.0656519156
6622 0.0656525501
6623 0.0656531845
6624 0.065653819
6625 0.0656544534
6626 0.0656550879
6627 0.0656557224
6628 0.0656563568
6629 0.0656569913
6630 0.0656576257
6631 0.0656582602
6632 0.0656588947
6633 0.0656595291
6634 0.0656601636
6635 0.065660798
6636 0.0656614325
6637 0.065662067
6638 0.0656627014
6639 0.0656633359
6640 0.0656639704
6641 0.0656646048
6642 0.0656652393
6643 0.0656658737
6644 0.0656665082
6645 0.0656671427
6646 0.0656677771
6647 0.0656684116
6648 0.065669046
6649 0.0656696805
6650 0.065670315
6651 0.0656709494
6652 0.0656715839
6653 0.0656722183
6654 0.0656728528
6655 0.0656734873
6656 0.0656741217
6657 0.0656747562
6658 0.0656753907
6659 0.0656760251
6660 0.0656766596
6661 0.065677294
6662 0.0656779285
6663 0.065678563
6664 0.0656791974
6665 0.0656798319
6666 0.0656804663
6667 0.0656811008
6668 0.0656817353
6669 0.0656823697
6670 0.0656830042
6671 0.0656836386
6672 0.0656842731
6673 0.0656849076
6674 0.065685542
6675 0.0656861765
6676 0.065686811
6677 0.0656874454
6678 0.0656880799
6679 0.0656887143
6680 0.0656893488
6681 0.0656899833
6682 0.0656906177
6683 0.0656912522
6684 0.0656918866
6685 0.0656925211
6686 0.0656931556
6687 0.06569379
6688 0.0656944245
6689 0.065695059
6690 0.0656956934
6691 0.0656963279
6692 0.0656969623
6693 0.0656975968
6694 0.0656982313
6695 0.0656988657
6696 0.0656995002
6697 0.0657001346
6698 0.0657007691
6699 0.0657014036
6700 0.065702038
6701 0.0657026725
6702 0.0657033069
6703 0.0657039414
6704 0.0657045759
6705 0.0657052103
6706 0.0657058448
6707 0.0657064793
6708 0.0657071137
6709 0.0657077482
6710 0.0657083826
6711 0.0657090171
6712 0.0657096516
6713 0.065710286
6714 0.0657109205
6715 0.0657115549
6716 0.0657121894
6717 0.0657128239
6718 0.0657134583
6719 0.0657140928
6720 0.0657147272
6721 0.0657153617
6722 0.0657159962
6723 0.0657166306
6724 0.0657172651
6725 0.0657178996
6726 0.065718534
6727 0.0657191685
6728 0.0657198029
6729 0.0657204374
6730 0.0657210719
6731 0.0657217063
6732 0.0657223408
6733 0.0657229752
6734 0.0657236097
6735 0.0657242442
6736 0.0657248786
6737 0.0657255131
6738 0.0657261475
6739 0.065726782
6740 0.0657274165
6741 0.0657280509
6742 0.0657286854
6743 0.0657293199
6744 0.0657299543
6745 0.0657305888
6746 0.0657312232
6747 0.0657318577
6748 0.0657324922
6749 0.0657331266
6750 0.0657337611
6751 0.0657343955
6752 0.06573503
6753 0.0657356645
6754 0.0657362989
6755 0.0657369334
6756 0.0657375678
6757 0.0657382023
6758 0.0657388368
6759 0.0657394712
6760 0.0657401057
6761 0.0657407402
6762 0.0657413746
6763 0.0657420091
6764 0.0657426435
6765 0.065743278
6766 0.0657439125
6767 0.0657445469
6768 0.0657451814
6769 0.0657458158
6770 0.0657464503
6771 0.0657470848
6772 0.0657477192
6773 0.0657483537
6774 0.0657489882
6775 0.0657496226
6776 0.0657502571
6777 0.0657508915
6778 0.065751526
6779 0.0657521605
6780 0.0657527949
6781 0.0657534294
6782 0.0657540638
6783 0.0657546983
6784 0.0657553328
6785 0.0657559672
6786 0.0657566017
6787 0.0657572361
6788 0.0657578706
6789 0.0657585051
6790 0.0657591395
6791 0.065759774
6792 0.0657604085
6793 0.0657610429
6794 0.0657616774
6795 0.0657623118
6796 0.0657629463
6797 0.0657635808
6798 0.0657642152
6799 0.0657648497
6800 0.0657654841
6801 0.0657661186
6802 0.0657667531
6803 0.0657673875
6804 0.065768022
6805 0.0657686564
6806 0.0657692909
6807 0.0657699254
6808 0.0657705598
6809 0.0657711943
6810 0.0657718288
6811 0.0657724632
6812 0.0657730977
6813 0.0657737321
6814 0.0657743666
6815 0.0657750011
6816 0.0657756355
6817 0.06577627
6818 0.0657769044
6819 0.0657775389
6820 0.0657781734
6821 0.0657788078
6822 0.0657794423
6823 0.0657800767
6824 0.0657807112
6825 0.0657813457
6826 0.0657819801
6827 0.0657826146
6828 0.0657832491
6829 0.0657838835
6830 0.065784518
6831 0.0657851524
6832 0.0657857869
6833 0.0657864214
6834 0.0657870558
6835 0.0657876903
6836 0.0657883247
6837 0.0657889592
6838 0.0657895937
6839 0.0657902281
6840 0.0657908626
6841 0.065791497
6842 0.0657921315
6843 0.065792766
6844 0.0657934004
6845 0.0657940349
6846 0.0657946694
6847 0.0657953038
6848 0.0657959383
6849 0.0657965727
6850 0.0657972072
6851 0.0657978417
6852 0.0657984761
6853 0.0657991106
6854 0.065799745
6855 0.0658003795
6856 0.065801014
6857 0.0658016484
6858 0.0658022829
6859 0.0658029174
6860 0.0658035518
6861 0.0658041863
6862 0.0658048207
6863 0.0658054552
6864 0.0658060897
6865 0.0658067241
6866 0.0658073586
6867 0.065807993
6868 0.0658086275
6869 0.065809262
6870 0.0658098964
6871 0.0658105309
6872 0.0658111653
6873 0.0658117998
6874 0.0658124343
6875 0.0658130687
6876 0.0658137032
6877 0.0658143377
6878 0.0658149721
6879 0.0658156066
6880 0.065816241
6881 0.0658168755
6882 0.06581751
6883 0.0658181444
6884 0.0658187789
6885 0.0658194133
6886 0.0658200478
6887 0.0658206823
6888 0.0658213167
6889 0.0658219512
6890 0.0658225856
6891 0.0658232201
6892 0.0658238546
6893 0.065824489
6894 0.0658251235
6895 0.065825758
6896 0.0658263924
6897 0.0658270269
6898 0.0658276613
6899 0.0658282958
6900 0.0658289303
6901 0.0658295647
6902 0.0658301992
6903 0.0658308336
6904 0.0658314681
6905 0.0658321026
6906 0.065832737
6907 0.0658333715
6908 0.0658340059
6909 0.0658346404
6910 0.0658352749
6911 0.0658359093
6912 0.0658365438
6913 0.0658371783
6914 0.0658378127
6915 0.0658384472
6916 0.0658390816
6917 0.0658397161
6918 0.0658403506
6919 0.065840985
6920 0.0658416195
6921 0.0658422539
6922 0.0658428884
6923 0.0658435229
6924 0.0658441573
6925 0.0658447918
6926 0.0658454262
6927 0.0658460607
6928 0.0658466952
6929 0.0658473296
6930 0.0658479641
6931 0.0658485986
6932 0.065849233
6933 0.0658498675
6934 0.0658505019
6935 0.0658511364
6936 0.0658517709
6937 0.0658524053
6938 0.0658530398
6939 0.0658536742
6940 0.0658543087
6941 0.0658549432
6942 0.0658555776
6943 0.0658562121
6944 0.0658568465
6945 0.065857481
6946 0.0658581155
6947 0.0658587499
6948 0.0658593844
6949 0.0658600189
6950 0.0658606533
6951 0.0658612878
6952 0.0658619222
6953 0.0658625567
6954 0.0658631912
6955 0.0658638256
6956 0.0658644601
6957 0.0658650945
6958 0.065865729
6959 0.0658663635
6960 0.0658669979
6961 0.0658676324
6962 0.0658682669
6963 0.0658689013
6964 0.0658695358
6965 0.0658701702
6966 0.0658708047
6967 0.0658714392
6968 0.0658720736
6969 0.0658727081
6970 0.0658733425
6971 0.065873977
6972 0.0658746115
6973 0.0658752459
6974 0.0658758804
6975 0.0658765148
6976 0.0658771493
6977 0.0658777838
6978 0.0658784182
6979 0.0658790527
6980 0.0658796872
6981 0.0658803216
6982 0.0658809561
6983 0.0658815905
6984 0.065882225
6985 0.0658828595
6986 0.0658834939
6987 0.0658841284
6988 0.0658847628
6989 0.0658853973
6990 0.0658860318
6991 0.0658866662
6992 0.0658873007
6993 0.0658879351
6994 0.0658885696
6995 0.0658892041
6996 0.0658898385
6997 0.065890473
6998 0.0658911075
6999 0.0658917419
7000 0.0658923764
7001 0.0658930108
7002 0.0658936453
7003 0.0658942798
7004 0.0658949142
7005 0.0658955487
7006 0.0658961831
7007 0.0658968176
7008 0.0658974521
7009 0.0658980865
7010 0.065898721
7011 0.0658993554
7012 0.0658999899
7013 0.0659006244
7014 0.0659012588
7015 0.0659018933
7016 0.0659025278
7017 0.0659031622
7018 0.0659037967
7019 0.0659044311
7020 0.0659050656
7021 0.0659057001
7022 0.0659063345
7023 0.065906969
7024 0.0659076034
7025 0.0659082379
7026 0.0659088724
7027 0.0659095068
7028 0.0659101413
7029 0.0659107757
7030 0.0659114102
7031 0.0659120447
7032 0.0659126791
7033 0.0659133136
7034 0.0659139481
7035 0.0659145825
7036 0.065915217
7037 0.0659158514
7038 0.0659164859
7039 0.0659171204
7040 0.0659177548
7041 0.0659183893
7042 0.0659190237
7043 0.0659196582
7044 0.0659202927
7045 0.0659209271
7046 0.0659215616
7047 0.0659221961
7048 0.0659228305
7049 0.065923465
7050 0.0659240994
7051 0.0659247339
7052 0.0659253684
7053 0.0659260028
7054 0.0659266373
7055 0.0659272717
7056 0.0659279062
7057 0.0659285407
7058 0.0659291751
7059 0.0659298096
7060 0.065930444
7061 0.0659310785
7062 0.065931713
7063 0.0659323474
7064 0.0659329819
7065 0.0659336164
7066 0.0659342508
7067 0.0659348853
7068 0.0659355197
7069 0.0659361542
7070 0.0659367887
7071 0.0659374231
7072 0.0659380576
7073 0.065938692
7074 0.0659393265
7075 0.065939961
7076 0.0659405954
7077 0.0659412299
7078 0.0659418643
7079 0.0659424988
7080 0.0659431333
7081 0.0659437677
7082 0.0659444022
7083 0.0659450367
7084 0.0659456711
7085 0.0659463056
7086 0.06594694
7087 0.0659475745
7088 0.065948209
7089 0.0659488434
7090 0.0659494779
7091 0.0659501123
7092 0.0659507468
7093 0.0659513813
7094 0.0659520157
7095 0.0659526502
7096 0.0659532846
7097 0.0659539191
7098 0.0659545536
7099 0.065955188
7100 0.0659558225
7101 0.065956457
7102 0.0659570914
7103 0.0659577259
7104 0.0659583603
7105 0.0659589948
7106 0.0659596293
7107 0.0659602637
7108 0.0659608982
7109 0.0659615326
7110 0.0659621671
7111 0.0659628016
7112 0.065963436
7113 0.0659640705
7114 0.0659647049
7115 0.0659653394
7116 0.0659659739
7117 0.0659666083
7118 0.0659672428
7119 0.0659678773
7120 0.0659685117
7121 0.0659691462
7122 0.0659697806
7123 0.0659704151
7124 0.0659710496
7125 0.065971684
7126 0.0659723185
7127 0.0659729529
7128 0.0659735874
7129 0.0659742219
7130 0.0659748563
7131 0.0659754908
7132 0.0659761253
7133 0.0659767597
7134 0.0659773942
7135 0.0659780286
7136 0.0659786631
7137 0.0659792976
7138 0.065979932
7139 0.0659805665
7140 0.0659812009
7141 0.0659818354
7142 0.0659824699
7143 0.0659831043
7144 0.0659837388
7145 0.0659843732
7146 0.0659850077
7147 0.0659856422
7148 0.0659862766
7149 0.0659869111
7150 0.0659875456
7151 0.06598818
7152 0.0659888145
7153 0.0659894489
7154 0.0659900834
7155 0.0659907179
7156 0.0659913523
7157 0.0659919868
7158 0.0659926212
7159 0.0659932557
7160 0.0659938902
7161 0.0659945246
7162 0.0659951591
7163 0.0659957935
7164 0.065996428
7165 0.0659970625
7166 0.0659976969
7167 0.0659983314
7168 0.0659989659
7169 0.0659996003
7170 0.0660002348
7171 0.0660008692
7172 0.0660015037
7173 0.0660021382
7174 0.0660027726
7175 0.0660034071
7176 0.0660040415
7177 0.066004676
7178 0.0660053105
7179 0.0660059449
7180 0.0660065794
7181 0.0660072138
7182 0.0660078483
7183 0.0660084828
7184 0.0660091172
7185 0.0660097517
7186 0.0660103862
7187 0.0660110206
7188 0.0660116551
7189 0.0660122895
7190 0.066012924
7191 0.0660135585
7192 0.0660141929
7193 0.0660148274
7194 0.0660154618
7195 0.0660160963
7196 0.0660167308
7197 0.0660173652
7198 0.0660179997
7199 0.0660186341
7200 0.0660192686
7201 0.0660199031
7202 0.0660205375
7203 0.066021172
7204 0.0660218065
7205 0.0660224409
7206 0.0660230754
7207 0.0660237098
7208 0.0660243443
7209 0.0660249788
7210 0.0660256132
7211 0.0660262477
7212 0.0660268821
7213 0.0660275166
7214 0.0660281511
7215 0.0660287855
7216 0.06602942
7217 0.0660300544
7218 0.0660306889
7219 0.0660313234
7220 0.0660319578
7221 0.0660325923
7222 0.0660332268
7223 0.0660338612
7224 0.0660344957
7225 0.0660351301
7226 0.0660357646
7227 0.0660363991
7228 0.0660370335
7229 0.066037668
7230 0.0660383024
7231 0.0660389369
7232 0.0660395714
7233 0.0660402058
7234 0.0660408403
7235 0.0660414748
7236 0.0660421092
7237 0.0660427437
7238 0.0660433781
7239 0.0660440126
7240 0.0660446471
7241 0.0660452815
7242 0.066045916
7243 0.0660465504
7244 0.0660471849
7245 0.0660478194
7246 0.0660484538
7247 0.0660490883
7248 0.0660497227
7249 0.0660503572
7250 0.0660509917
7251 0.0660516261
7252 0.0660522606
7253 0.0660528951
7254 0.0660535295
7255 0.066054164
7256 0.0660547984
7257 0.0660554329
7258 0.0660560674
7259 0.0660567018
7260 0.0660573363
7261 0.0660579707
7262 0.0660586052
7263 0.0660592397
7264 0.0660598741
7265 0.0660605086
7266 0.066061143
7267 0.0660617775
7268 0.066062412
7269 0.0660630464
7270 0.0660636809
7271 0.0660643154
7272 0.0660649498
7273 0.0660655843
7274 0.0660662187
7275 0.0660668532
7276 0.0660674877
7277 0.0660681221
7278 0.0660687566
7279 0.066069391
7280 0.0660700255
7281 0.06607066
7282 0.0660712944
7283 0.0660719289
7284 0.0660725633
7285 0.0660731978
7286 0.0660738323
7287 0.0660744667
7288 0.0660751012
7289 0.0660757357
7290 0.0660763701
7291 0.0660770046
7292 0.066077639
7293 0.0660782735
7294 0.066078908
7295 0.0660795424
7296 0.0660801769
7297 0.0660808113
7298 0.0660814458
7299 0.0660820803
7300 0.0660827147
7301 0.0660833492
7302 0.0660839836
7303 0.0660846181
7304 0.0660852526
7305 0.066085887
7306 0.0660865215
7307 0.066087156
7308 0.0660877904
7309 0.0660884249
7310 0.0660890593
7311 0.0660896938
