1 0.0218104308
2 0.0218152154
3 0.02182
4 0.0218247846
5 0.0218295692
6 0.0218343539
7 0.0218391385
8 0.0218439231
9 0.0218487077
10 0.0218534924
11 0.021858277
12 0.0218593067
13 0.0218603364
14 0.0218613662
15 0.0218623959
16 0.0218634257
17 0.0218644554
18 0.0218654851
19 0.0218756672
20 0.0218858492
21 0.0218960312
22 0.0219062133
23 0.0219163953
24 0.0219265774
25 0.0219367594
26 0.0219469414
27 0.0219571235
28 0.0219673055
29 0.0219774876
30 0.0219876696
31 0.0219978516
32 0.0220080337
33 0.0220182157
34 0.0220283978
35 0.0220385798
36 0.0220420957
37 0.0220456116
38 0.0220491275
39 0.0220526434
40 0.0220561593
41 0.0220596752
42 0.0220631911
43 0.022066707
44 0.0220702229
45 0.0220737388
46 0.0220772547
47 0.0220807706
48 0.0220842865
49 0.0220878024
50 0.0220913183
51 0.0220948342
52 0.0220983501
53 0.022101866
54 0.0221053819
55 0.0221088978
56 0.0221124137
57 0.0221159296
58 0.0221194455
59 0.0221229614
60 0.0221264773
61 0.0221299932
62 0.0221335091
63 0.022137025
64 0.0221405409
65 0.0221440568
66 0.0221475727
67 0.02216843
68 0.0221892873
69 0.0222101446
70 0.0222310019
71 0.0222518591
72 0.0222727164
73 0.0222935737
74 0.022314431
75 0.0223352883
76 0.0223561455
77 0.0223770028
78 0.0223978601
79 0.0224187174
80 0.0224395747
81 0.0224604319
82 0.0224812892
83 0.0225021465
84 0.0225230038
85 0.0225438611
86 0.0225647183
87 0.0225855756
88 0.0226064329
89 0.0226272902
90 0.0226481475
91 0.0226690047
92 0.022689862
93 0.0227107193
94 0.0227315766
95 0.0227524339
96 0.0227732911
97 0.0227869795
98 0.0228006679
99 0.0228143563
100 0.0228280447
101 0.0228417331
102 0.0228554214
103 0.0228691098
104 0.0228827982
105 0.0228964866
106 0.022910175
107 0.0229238634
108 0.0229375517
109 0.0229512401
110 0.0229649285
111 0.0229786169
112 0.0229923053
113 0.0230059937
114 0.0230196821
115 0.0230333704
116 0.0230470588
117 0.0230607472
118 0.0230744356
119 0.023088124
120 0.0231018124
121 0.0231155007
122 0.0231291891
123 0.0231428775
124 0.0231565659
125 0.0231702543
126 0.0231839427
127 0.023197631
128 0.0232113194
129 0.0232250078
130 0.0232359129
131 0.023246818
132 0.0232577231
133 0.0232686281
134 0.0232795332
135 0.0232904383
136 0.0233013434
137 0.0233122485
138 0.0233231536
139 0.0233340586
140 0.0233449637
141 0.0233558688
142 0.0233667739
143 0.023377679
144 0.0233885841
145 0.0233994891
146 0.0234103942
147 0.0234212993
148 0.0234322044
149 0.0234431095
150 0.0234540146
151 0.0234649196
152 0.0234758247
153 0.0234867298
154 0.0234976349
155 0.02350854
156 0.0235194451
157 0.0235303501
158 0.02354124
159 0.02355213
160 0.0235630199
161 0.0235739098
162 0.0235847997
163 0.0235956896
164 0.0236065795
165 0.0236174694
166 0.0236283593
167 0.0236392492
168 0.0236501391
169 0.023661029
170 0.0236719189
171 0.0236828088
172 0.0236936987
173 0.0237045886
174 0.0237154785
175 0.0237263684
176 0.0237372583
177 0.0237481482
178 0.0237590381
179 0.023769928
180 0.0237808179
181 0.0237917078
182 0.0238025977
183 0.0238134876
184 0.0238243775
185 0.0238352674
186 0.0238461573
187 0.0238570472
188 0.0238679371
189 0.02387697
190 0.0238860029
191 0.0238950358
192 0.0239040687
193 0.0239131016
194 0.0239221346
195 0.0239311675
196 0.0239402004
197 0.0239492333
198 0.0239582662
199 0.0239672991
200 0.023976332
201 0.0239853649
202 0.0239943978
203 0.0240034307
204 0.0240124636
205 0.0240214965
206 0.0240305294
207 0.0240395623
208 0.0240485952
209 0.0240576281
210 0.0240666611
211 0.024075694
212 0.0240847269
213 0.0240937598
214 0.0241027927
215 0.0241118256
216 0.0241208585
217 0.0241298914
218 0.0241389243
219 0.0241479572
220 0.0241569901
221 0.0241658098
222 0.0241746295
223 0.0241834492
224 0.0241922689
225 0.0242010885
226 0.0242099082
227 0.0242187279
228 0.0242275476
229 0.0242363673
230 0.024245187
231 0.0242540067
232 0.0242628264
233 0.024271646
234 0.0242804657
235 0.0242892854
236 0.0242981051
237 0.0243069248
238 0.0243157445
239 0.0243245642
240 0.0243333838
241 0.0243422035
242 0.0243510232
243 0.0243598429
244 0.0243686626
245 0.0243774823
246 0.024386302
247 0.0243951216
248 0.0244039413
249 0.0244114883
250 0.0244190352
251 0.0244265821
252 0.024434129
253 0.024441676
254 0.0244492229
255 0.0244567698
256 0.0244643167
257 0.0244718637
258 0.0244794106
259 0.0244869575
260 0.0244945044
261 0.0245020514
262 0.0245095983
263 0.0245171452
264 0.0245246921
265 0.0245322391
266 0.024539786
267 0.0245473329
268 0.0245548798
269 0.0245624268
270 0.0245699737
271 0.0245775206
272 0.0245850675
273 0.0245926145
274 0.0246001614
275 0.0246077083
276 0.0246152552
277 0.0246228022
278 0.0246303491
279 0.0246373154
280 0.0246442817
281 0.024651248
282 0.0246582143
283 0.0246651806
284 0.0246721469
285 0.0246791132
286 0.0246860796
287 0.0246930459
288 0.0247000122
289 0.0247069785
290 0.0247139448
291 0.0247209111
292 0.0247278774
293 0.0247348437
294 0.02474181
295 0.0247487763
296 0.0247557426
297 0.0247627089
298 0.0247696752
299 0.0247766415
300 0.0247836078
301 0.0247905742
302 0.0247975405
303 0.0248045068
304 0.0248114731
305 0.0248184394
306 0.0248254057
307 0.024832372
308 0.0248393383
309 0.024845704
310 0.0248520697
311 0.0248584354
312 0.0248648011
313 0.0248711668
314 0.0248775325
315 0.0248838982
316 0.024890264
317 0.0248966297
318 0.0249029954
319 0.0249093611
320 0.0249157268
321 0.0249220925
322 0.0249284582
323 0.0249348239
324 0.0249411896
325 0.0249475553
326 0.024953921
327 0.0249602867
328 0.0249666524
329 0.0249730181
330 0.0249793838
331 0.0249857495
332 0.0249921152
333 0.0249984809
334 0.0250048467
335 0.0250112124
336 0.0250175781
337 0.0250239438
338 0.0250303095
339 0.0250366752
340 0.0250434853
341 0.0250502955
342 0.0250571057
343 0.0250639158
344 0.025070726
345 0.0250775361
346 0.0250843463
347 0.0250911565
348 0.0250979666
349 0.0251047768
350 0.0251115869
351 0.0251183971
352 0.0251252073
353 0.0251320174
354 0.0251388276
355 0.0251456377
356 0.0251524479
357 0.0251592581
358 0.0251660682
359 0.0251728784
360 0.0251796885
361 0.0251864987
362 0.0251933089
363 0.025200119
364 0.0252069292
365 0.0252137393
366 0.0252205495
367 0.0252273597
368 0.0252341698
369 0.02524098
370 0.0252433727
371 0.0252457654
372 0.0252481581
373 0.0252505508
374 0.0252529436
375 0.0252553363
376 0.025257729
377 0.0252601217
378 0.0252625144
379 0.0252649071
380 0.0252672999
381 0.0252696926
382 0.0252720853
383 0.025274478
384 0.0252768707
385 0.0252792635
386 0.0252816562
387 0.0252840489
388 0.0252864416
389 0.0252888343
390 0.025291227
391 0.0252936198
392 0.0252960125
393 0.0252984052
394 0.0253007979
395 0.0253031906
396 0.0253055833
397 0.0253079761
398 0.0253103688
399 0.0253127615
400 0.0253151542
401 0.0253175469
402 0.0253199397
403 0.0253223324
404 0.0253247251
405 0.0253271178
406 0.0253295105
407 0.0253319032
408 0.025334296
409 0.0253366887
410 0.0253390814
411 0.0253414741
412 0.0253438668
413 0.0253462596
414 0.0253486523
415 0.025351045
416 0.0253534377
417 0.0253558304
418 0.0253582231
419 0.0253606159
420 0.0253630086
421 0.0253654013
422 0.025367794
423 0.0253701867
424 0.0253725794
425 0.0253749722
426 0.0253773649
427 0.0253797576
428 0.0253821503
429 0.025384543
430 0.0253869358
431 0.0253893285
432 0.0253917212
433 0.0253941139
434 0.0253965066
435 0.0253988993
436 0.0254012921
437 0.0254036848
438 0.0254060775
439 0.0254084702
440 0.0254108629
441 0.0254132556
442 0.0254156484
443 0.0254180411
444 0.0254204338
445 0.0254228265
446 0.0254252192
447 0.025427612
448 0.0254300047
449 0.0254323974
450 0.0254347901
451 0.0254371828
452 0.0254395755
453 0.0254419683
454 0.025444361
455 0.0254467537
456 0.0254491464
457 0.0254515391
458 0.0254539318
459 0.0254563246
460 0.0254587173
461 0.02546111
462 0.0254635027
463 0.0254658954
464 0.0254682882
465 0.0254706809
466 0.0254730736
467 0.0254754663
468 0.025477859
469 0.0254802517
470 0.0254826445
471 0.0254850372
472 0.0254874299
473 0.0254898226
474 0.0254922153
475 0.025494608
476 0.0254970008
477 0.0254993935
478 0.0255017862
479 0.0255041789
480 0.0255065716
481 0.0255089644
482 0.0255113571
483 0.0255137498
484 0.0255161425
485 0.0255185352
486 0.0255209279
487 0.0255233207
488 0.0255257134
489 0.0255281061
490 0.0255304988
491 0.0255328915
492 0.0255352843
493 0.025537677
494 0.0255400697
495 0.0255424624
496 0.0255448551
497 0.0255472478
498 0.0255496406
499 0.0255520333
500 0.025554426
501 0.0255568187
502 0.0255592114
503 0.0255616041
504 0.0255639969
505 0.0255663896
506 0.0255687823
507 0.025571175
508 0.0255735677
509 0.0255759605
510 0.0255783532
511 0.0255807459
512 0.0255831386
513 0.0255855313
514 0.025587924
515 0.0255903168
516 0.0255927095
517 0.0255951022
518 0.0255974949
519 0.0255998876
520 0.0256022803
521 0.0256046731
522 0.0256070658
523 0.0256094585
524 0.0256118512
525 0.0256142439
526 0.0256166367
527 0.0256190294
528 0.0256214221
529 0.0256238148
530 0.0256262075
531 0.0256286002
532 0.025630993
533 0.0256333857
534 0.0256357784
535 0.0256381711
536 0.0256405638
537 0.0256429565
538 0.0256453493
539 0.025647742
540 0.0256501347
541 0.0256525274
542 0.0256549201
543 0.0256573129
544 0.0256597056
545 0.0256620983
546 0.025664491
547 0.0256668837
548 0.0256692764
549 0.0256716692
550 0.0256740619
551 0.0256764546
552 0.0256788473
553 0.02568124
554 0.0256833435
555 0.0256854469
556 0.0256875504
557 0.0256896539
558 0.0256917573
559 0.0256938608
560 0.0256959642
561 0.0256980677
562 0.0257001711
563 0.0257022746
564 0.0257043781
565 0.0257064815
566 0.025708585
567 0.0257106884
568 0.0257127919
569 0.0257148953
570 0.0257169988
571 0.0257191023
572 0.0257212057
573 0.0257233092
574 0.0257254126
575 0.0257275161
576 0.0257296195
577 0.025731723
578 0.0257338265
579 0.0257359299
580 0.0257380334
581 0.0257401368
582 0.0257422403
583 0.0257443437
584 0.0257464472
585 0.0257485507
586 0.0257506541
587 0.0257527576
588 0.025754861
589 0.0257569645
590 0.0257590679
591 0.0257611714
592 0.0257632749
593 0.0257653783
594 0.0257674818
595 0.0257695852
596 0.0257716887
597 0.0257737921
598 0.0257758956
599 0.0257779991
600 0.0257801025
601 0.025782206
602 0.0257843094
603 0.0257864129
604 0.0257885163
605 0.0257906198
606 0.0257927233
607 0.0257948267
608 0.0257969302
609 0.0257990336
610 0.0258011371
611 0.0258032405
612 0.025805344
613 0.0258074474
614 0.0258095509
615 0.0258116544
616 0.0258137578
617 0.0258158613
618 0.0258179647
619 0.0258200682
620 0.0258221716
621 0.0258242751
622 0.0258263786
623 0.025828482
624 0.0258305855
625 0.0258326889
626 0.0258347924
627 0.0258368958
628 0.0258389993
629 0.0258411028
630 0.0258432062
631 0.0258453097
632 0.0258474131
633 0.0258495166
634 0.02585162
635 0.0258537235
636 0.025855827
637 0.0258579304
638 0.0258600339
639 0.0258621373
640 0.0258642408
641 0.0258663442
642 0.0258684477
643 0.0258705512
644 0.0258726546
645 0.0258747581
646 0.0258768615
647 0.025878965
648 0.0258810684
649 0.0258831719
650 0.0258852754
651 0.0258873788
652 0.0258894823
653 0.0258915857
654 0.0258936892
655 0.0258957926
656 0.0258978961
657 0.0258999996
658 0.025902103
659 0.0259042065
660 0.0259063099
661 0.0259084134
662 0.0259105168
663 0.0259126203
664 0.0259147238
665 0.0259168272
666 0.0259189307
667 0.0259210341
668 0.0259231376
669 0.025925241
670 0.0259273445
671 0.025929448
672 0.0259315514
673 0.0259336549
674 0.0259357583
675 0.0259378618
676 0.0259399652
677 0.0259420687
678 0.0259441722
679 0.0259462756
680 0.0259483791
681 0.0259504825
682 0.025952586
683 0.0259546894
684 0.0259567929
685 0.0259588964
686 0.0259609998
687 0.0259631033
688 0.0259652067
689 0.0259673102
690 0.0259694136
691 0.0259715171
692 0.0259736205
693 0.025975724
694 0.0259778275
695 0.0259799309
696 0.0259820344
697 0.0259841378
698 0.0259862413
699 0.0259883447
700 0.0259904482
701 0.0259925517
702 0.0259946551
703 0.0259967586
704 0.025998862
705 0.0260009655
706 0.0260030689
707 0.0260051724
708 0.0260072759
709 0.0260093793
710 0.0260114828
711 0.0260135862
712 0.0260156897
713 0.0260177931
714 0.0260198966
715 0.0260220001
716 0.0260241035
717 0.026026207
718 0.0260283104
719 0.0260304139
720 0.0260325173
721 0.0260346208
722 0.0260367243
723 0.0260388277
724 0.0260409312
725 0.0260430346
726 0.0260451381
727 0.0260472415
728 0.026049345
729 0.0260514485
730 0.0260535519
731 0.0260556554
732 0.0260577588
733 0.0260598623
734 0.0260619657
735 0.0260640692
736 0.0260655084
737 0.0260669476
738 0.0260683868
739 0.026069826
740 0.0260712651
741 0.0260727043
742 0.0260741435
743 0.0260755827
744 0.0260770219
745 0.0260784611
746 0.0260799003
747 0.0260813395
748 0.0260827786
749 0.0260842178
750 0.026085657
751 0.0260870962
752 0.0260885354
753 0.0260899746
754 0.0260914138
755 0.026092853
756 0.0260942922
757 0.0260957313
758 0.0260971705
759 0.0260986097
760 0.0261000489
761 0.0261014881
762 0.0261029273
763 0.0261043665
764 0.0261058057
765 0.0261072448
766 0.026108684
767 0.0261101232
768 0.0261115624
769 0.0261130016
770 0.0261144408
771 0.02611588
772 0.0261173192
773 0.0261187583
774 0.0261201975
775 0.0261216367
776 0.0261230759
777 0.0261245151
778 0.0261259543
779 0.0261273935
780 0.0261288327
781 0.0261302719
782 0.026131711
783 0.0261331502
784 0.0261345894
785 0.0261360286
786 0.0261374678
787 0.026138907
788 0.0261403462
789 0.0261417854
790 0.0261432245
791 0.0261446637
792 0.0261461029
793 0.0261475421
794 0.0261489813
795 0.0261504205
796 0.0261518597
797 0.0261532989
798 0.0261547381
799 0.0261561772
800 0.0261576164
801 0.0261590556
802 0.0261604948
803 0.026161934
804 0.0261633732
805 0.0261648124
806 0.0261662516
807 0.0261676907
808 0.0261691299
809 0.0261705691
810 0.0261720083
811 0.0261734475
812 0.0261748867
813 0.0261763259
814 0.0261777651
815 0.0261792043
816 0.0261806434
817 0.0261820826
818 0.0261835218
819 0.026184961
820 0.0261864002
821 0.0261878394
822 0.0261892786
823 0.0261907178
824 0.0261921569
825 0.0261935961
826 0.0261950353
827 0.0261964745
828 0.0261979137
829 0.0261993529
830 0.0262007921
831 0.0262022313
832 0.0262036705
833 0.0262051096
834 0.0262065488
835 0.026207988
836 0.0262094272
837 0.0262108664
838 0.0262123056
839 0.0262137448
840 0.026215184
841 0.0262166231
842 0.0262180623
843 0.0262195015
844 0.0262209407
845 0.0262223799
846 0.0262238191
847 0.0262252583
848 0.0262266975
849 0.0262281366
850 0.0262295758
851 0.026231015
852 0.0262324542
853 0.0262338934
854 0.0262353326
855 0.0262367718
856 0.026238211
857 0.0262396502
858 0.0262410893
859 0.0262425285
860 0.0262439677
861 0.0262454069
862 0.0262468461
863 0.0262482853
864 0.0262497245
865 0.0262511637
866 0.0262526028
867 0.026254042
868 0.0262554812
869 0.0262569204
870 0.0262583596
871 0.0262597988
872 0.026261238
873 0.0262626772
874 0.0262641164
875 0.0262655555
876 0.0262669947
877 0.0262684339
878 0.0262698731
879 0.0262713123
880 0.0262727515
881 0.0262741907
882 0.0262756299
883 0.026277069
884 0.0262785082
885 0.0262799474
886 0.0262813866
887 0.0262828258
888 0.026284265
889 0.0262857042
890 0.0262871434
891 0.0262885826
892 0.0262900217
893 0.0262914609
894 0.0262929001
895 0.0262943393
896 0.0262957785
897 0.0262972177
898 0.0262986569
899 0.0263000961
900 0.0263015352
901 0.0263029744
902 0.0263044136
903 0.0263058528
904 0.026307292
905 0.0263087312
906 0.0263101704
907 0.0263116096
908 0.0263130488
909 0.0263144879
910 0.0263159271
911 0.0263173663
912 0.0263188055
913 0.0263202447
914 0.0263216839
915 0.0263231231
916 0.0263245623
917 0.0263260014
918 0.0263274406
919 0.0263288798
920 0.026330319
921 0.0263317582
922 0.0263331974
923 0.0263346366
924 0.0263360758
925 0.026337515
926 0.0263389541
927 0.0263403933
928 0.0263418325
929 0.0263432717
930 0.0263447109
931 0.0263461501
932 0.0263475893
933 0.0263490285
934 0.0263504676
935 0.0263519068
936 0.026353346
937 0.0263547852
938 0.0263562244
939 0.0263576636
940 0.0263591028
941 0.026360542
942 0.0263619811
943 0.0263634203
944 0.0263648595
945 0.0263662987
946 0.0263677379
947 0.0263691771
948 0.0263706163
949 0.0263720555
950 0.0263734947
951 0.0263749338
952 0.026376373
953 0.0263778122
954 0.0263792514
955 0.0263806906
956 0.0263821298
957 0.026383569
958 0.0263850082
959 0.0263864473
960 0.0263878865
961 0.0263893257
962 0.0263907649
963 0.0263922041
964 0.0263936433
965 0.0263950825
966 0.0263965217
967 0.0263979609
968 0.0263994
969 0.0264008392
970 0.0264022784
971 0.0264037176
972 0.0264051568
973 0.026406596
974 0.0264080352
975 0.0264094744
976 0.0264109135
977 0.0264123527
978 0.0264137919
979 0.0264152311
980 0.0264166703
981 0.0264181095
982 0.0264195487
983 0.0264209879
984 0.0264224271
985 0.0264238662
986 0.0264253054
987 0.0264267446
988 0.0264281838
989 0.026429623
990 0.0264310622
991 0.0264325014
992 0.0264339406
993 0.0264353797
994 0.0264368189
995 0.0264382581
996 0.0264396973
997 0.0264411365
998 0.0264425757
999 0.0264440149
1000 0.0264454541
1001 0.0264468933
1002 0.0264483324
1003 0.0264497716
1004 0.0264512108
1005 0.02645265
1006 0.0264540892
1007 0.0264555284
1008 0.0264569676
1009 0.0264584068
1010 0.0264598459
1011 0.0264612851
1012 0.0264627243
1013 0.0264641635
1014 0.0264656027
1015 0.0264670419
1016 0.0264684811
1017 0.0264699203
1018 0.0264713594
1019 0.0264727986
1020 0.0264742378
1021 0.026475677
1022 0.0264771162
1023 0.0264785554
1024 0.0264799946
1025 0.0264814338
1026 0.026482873
1027 0.0264843121
1028 0.0264857513
1029 0.0264871905
1030 0.0264886297
1031 0.0264900689
1032 0.0264915081
1033 0.0264929473
1034 0.0264943865
1035 0.0264958256
1036 0.0264972648
1037 0.026498704
1038 0.0265001432
1039 0.0265015824
1040 0.0265030216
1041 0.0265044608
1042 0.0265059
1043 0.0265073392
1044 0.0265087783
1045 0.0265102175
1046 0.0265116567
1047 0.0265130959
1048 0.0265145351
1049 0.0265159743
1050 0.0265174135
1051 0.0265188527
1052 0.0265202918
1053 0.026521731
1054 0.0265231702
1055 0.0265246094
1056 0.0265260486
1057 0.0265274878
1058 0.026528927
1059 0.0265303662
1060 0.0265318054
1061 0.0265332445
1062 0.0265346837
1063 0.0265361229
1064 0.0265375621
1065 0.0265390013
1066 0.0265404405
1067 0.0265418797
1068 0.0265433189
1069 0.026544758
1070 0.0265461972
1071 0.0265476364
1072 0.0265490756
1073 0.0265505148
1074 0.026551954
1075 0.0265533932
1076 0.0265548324
1077 0.0265562716
1078 0.0265577107
1079 0.0265591499
1080 0.0265605891
1081 0.0265620283
1082 0.0265634675
1083 0.0265649067
1084 0.0265663459
1085 0.0265677851
1086 0.0265692242
1087 0.0265706634
1088 0.0265721026
1089 0.0265735418
1090 0.026574981
1091 0.0265764202
1092 0.0265778594
1093 0.0265792986
1094 0.0265807378
1095 0.0265821769
1096 0.0265836161
1097 0.0265850553
1098 0.0265864945
1099 0.0265879337
1100 0.0265893729
1101 0.0265908121
1102 0.0265922513
1103 0.0265940425
1104 0.0265958337
1105 0.026597625
1106 0.0265994162
1107 0.0266012074
1108 0.0266029987
1109 0.0266047899
1110 0.0266065811
1111 0.0266083724
1112 0.0266101636
1113 0.0266119548
1114 0.0266137461
1115 0.0266155373
1116 0.0266173286
1117 0.0266191198
1118 0.026620911
1119 0.0266227023
1120 0.0266244935
1121 0.0266262847
1122 0.026628076
1123 0.0266298672
1124 0.0266316584
1125 0.0266334497
1126 0.0266352409
1127 0.0266370321
1128 0.0266388234
1129 0.0266406146
1130 0.0266424059
1131 0.0266441971
1132 0.0266459883
1133 0.0266477796
1134 0.0266495708
1135 0.026651362
1136 0.0266531533
1137 0.0266549445
1138 0.0266567357
1139 0.026658527
1140 0.0266603182
1141 0.0266621094
1142 0.0266639007
1143 0.0266656919
1144 0.0266674832
1145 0.0266692744
1146 0.0266710656
1147 0.0266728569
1148 0.0266746481
1149 0.0266764393
1150 0.0266782306
1151 0.0266800218
1152 0.026681813
1153 0.0266836043
1154 0.0266853955
1155 0.0266871867
1156 0.026688978
1157 0.0266907692
1158 0.0266925605
1159 0.0266943517
1160 0.0266961429
1161 0.0266979342
1162 0.0266997254
1163 0.0267015166
1164 0.0267033079
1165 0.0267050991
1166 0.0267068903
1167 0.0267086816
1168 0.0267104728
1169 0.026712264
1170 0.0267140553
1171 0.0267158465
1172 0.0267176378
1173 0.026719429
1174 0.0267212202
1175 0.0267230115
1176 0.0267248027
1177 0.0267265939
1178 0.0267283852
1179 0.0267301764
1180 0.0267319676
1181 0.0267337589
1182 0.0267355501
1183 0.0267373413
1184 0.0267391326
1185 0.0267409238
1186 0.0267427151
1187 0.0267445063
1188 0.0267462975
1189 0.0267480888
1190 0.02674988
1191 0.0267516712
1192 0.0267534625
1193 0.0267552537
1194 0.0267570449
1195 0.0267588362
1196 0.0267606274
1197 0.0267624186
1198 0.0267642099
1199 0.0267660011
1200 0.0267677924
1201 0.0267695836
1202 0.0267713748
1203 0.0267731661
1204 0.0267749573
1205 0.0267767485
1206 0.0267785398
1207 0.026780331
1208 0.0267821222
1209 0.0267839135
1210 0.0267857047
1211 0.0267874959
1212 0.0267892872
1213 0.0267910784
1214 0.0267928697
1215 0.0267946609
1216 0.0267964521
1217 0.0267982434
1218 0.0268000346
1219 0.0268018258
1220 0.0268036171
1221 0.0268054083
1222 0.0268071995
1223 0.0268089908
1224 0.026810782
1225 0.0268125732
1226 0.0268143645
1227 0.0268161557
1228 0.026817947
1229 0.0268197382
1230 0.0268215294
1231 0.0268233207
1232 0.0268251119
1233 0.0268269031
1234 0.0268286944
1235 0.0268304856
1236 0.0268322768
1237 0.0268340681
1238 0.0268358593
1239 0.0268376505
1240 0.0268394418
1241 0.026841233
1242 0.0268430243
1243 0.0268448155
1244 0.0268466067
1245 0.026848398
1246 0.0268501892
1247 0.0268519804
1248 0.0268537717
1249 0.0268555629
1250 0.0268573541
1251 0.0268591454
1252 0.0268609366
1253 0.0268627278
1254 0.0268645191
1255 0.0268663103
1256 0.0268681016
1257 0.0268698928
1258 0.026871684
1259 0.0268734753
1260 0.0268752665
1261 0.0268770577
1262 0.026878849
1263 0.0268806402
1264 0.0268824314
1265 0.0268842227
1266 0.0268860139
1267 0.0268878051
1268 0.0268895964
1269 0.0268913876
1270 0.0268931788
1271 0.0268949701
1272 0.0268967613
1273 0.0268985526
1274 0.0269003438
1275 0.026902135
1276 0.0269039263
1277 0.0269057175
1278 0.0269075087
1279 0.0269093
1280 0.0269110912
1281 0.0269128824
1282 0.0269146737
1283 0.0269164649
1284 0.0269182561
1285 0.0269200474
1286 0.0269218386
1287 0.0269236299
1288 0.0269254211
1289 0.0269272123
1290 0.0269290036
1291 0.0269307948
1292 0.026932586
1293 0.0269343773
1294 0.0269361685
1295 0.0269379597
1296 0.026939751
1297 0.0269415422
1298 0.0269433334
1299 0.0269451247
1300 0.0269469159
1301 0.0269487072
1302 0.0269504984
1303 0.0269522896
1304 0.0269540809
1305 0.0269558721
1306 0.0269576633
1307 0.0269594546
1308 0.0269612458
1309 0.026963037
1310 0.0269648283
1311 0.0269666195
1312 0.0269684107
1313 0.026970202
1314 0.0269719932
1315 0.0269737845
1316 0.0269755757
1317 0.0269773669
1318 0.0269791582
1319 0.0269809494
1320 0.0269827406
1321 0.0269845319
1322 0.0269863231
1323 0.0269881143
1324 0.0269899056
1325 0.0269916968
1326 0.026993488
1327 0.0269952793
1328 0.0269970705
1329 0.0269988618
1330 0.027000653
1331 0.0270024442
1332 0.0270042355
1333 0.0270060267
1334 0.0270078179
1335 0.0270096092
1336 0.0270114004
1337 0.0270131916
1338 0.0270149829
1339 0.0270167741
1340 0.0270185653
1341 0.0270203566
1342 0.0270221478
1343 0.0270239391
1344 0.0270257303
1345 0.0270275215
1346 0.0270293128
1347 0.027031104
1348 0.0270328952
1349 0.0270346865
1350 0.0270364777
1351 0.0270382689
1352 0.0270400602
1353 0.0270418514
1354 0.0270436426
1355 0.0270454339
1356 0.0270472251
1357 0.0270490164
1358 0.0270508076
1359 0.0270525988
1360 0.0270543901
1361 0.0270561813
1362 0.0270579725
1363 0.0270597638
1364 0.027061555
1365 0.0270633462
1366 0.0270651375
1367 0.0270669287
1368 0.0270687199
1369 0.0270705112
1370 0.0270723024
1371 0.0270740937
1372 0.0270758849
1373 0.0270776761
1374 0.0270794674
1375 0.0270812586
1376 0.0270830498
1377 0.0270848411
1378 0.0270866323
1379 0.0270884235
1380 0.0270902148
1381 0.027092006
1382 0.0270937972
1383 0.0270955885
1384 0.0270973797
1385 0.027099171
1386 0.0271009622
1387 0.0271027534
1388 0.0271045447
1389 0.0271063359
1390 0.0271081271
1391 0.0271099184
1392 0.0271117096
1393 0.0271135008
1394 0.0271152921
1395 0.0271170833
1396 0.0271188745
1397 0.0271206658
1398 0.027122457
1399 0.0271242483
1400 0.0271260395
1401 0.0271278307
1402 0.027129622
1403 0.0271314132
1404 0.0271332044
1405 0.0271349957
1406 0.0271367869
1407 0.0271385781
1408 0.0271403694
1409 0.0271421606
1410 0.0271439518
1411 0.0271457431
1412 0.0271475343
1413 0.0271493256
1414 0.0271511168
1415 0.027152908
1416 0.0271546993
1417 0.0271564905
1418 0.0271582817
1419 0.027160073
1420 0.0271618642
1421 0.0271636554
1422 0.0271654467
1423 0.0271672379
1424 0.0271690291
1425 0.0271708204
1426 0.0271726116
1427 0.0271744029
1428 0.0271761941
1429 0.0271779853
1430 0.0271797766
1431 0.0271815678
1432 0.027183359
1433 0.0271851503
1434 0.0271869415
1435 0.0271887327
1436 0.027190524
1437 0.0271923152
1438 0.0271941064
1439 0.0271958977
1440 0.0271976889
1441 0.0271994802
1442 0.0272012714
1443 0.0272030626
1444 0.0272048539
1445 0.0272066451
1446 0.0272084363
1447 0.0272102276
1448 0.0272120188
1449 0.02721381
1450 0.0272156013
1451 0.0272173925
1452 0.0272191837
1453 0.027220975
1454 0.0272227662
1455 0.0272245575
1456 0.0272263487
1457 0.0272281399
1458 0.0272299312
1459 0.0272317224
1460 0.0272335136
1461 0.0272353049
1462 0.0272370961
1463 0.0272388873
1464 0.0272406786
1465 0.0272424698
1466 0.027244261
1467 0.0272463418
1468 0.0272484226
1469 0.0272505033
1470 0.0272525841
1471 0.0272546648
1472 0.0272567456
1473 0.0272588263
1474 0.0272609071
1475 0.0272629878
1476 0.0272650686
1477 0.0272671494
1478 0.0272692301
1479 0.0272713109
1480 0.0272733916
1481 0.0272754724
1482 0.0272775531
1483 0.0272796339
1484 0.0272817146
1485 0.0272837954
1486 0.0272858761
1487 0.0272879569
1488 0.0272900377
1489 0.0272921184
1490 0.0272941992
1491 0.0272962799
1492 0.0272983607
1493 0.0273004414
1494 0.0273025222
1495 0.0273046029
1496 0.0273066837
1497 0.0273087645
1498 0.0273108452
1499 0.027312926
1500 0.0273150067
1501 0.0273170875
1502 0.0273191682
1503 0.027321249
1504 0.0273233297
1505 0.0273254105
1506 0.0273274913
1507 0.027329572
1508 0.0273316528
1509 0.0273337335
1510 0.0273358143
1511 0.027337895
1512 0.0273399758
1513 0.0273420565
1514 0.0273441373
1515 0.0273462181
1516 0.0273482988
1517 0.0273503796
1518 0.0273524603
1519 0.0273545411
1520 0.0273566218
1521 0.0273587026
1522 0.0273607833
1523 0.0273628641
1524 0.0273649449
1525 0.0273670256
1526 0.0273691064
1527 0.0273711871
1528 0.0273732679
1529 0.0273753486
1530 0.0273774294
1531 0.0273795101
1532 0.0273815909
1533 0.0273836716
1534 0.0273857524
1535 0.0273878332
1536 0.0273899139
1537 0.0273919947
1538 0.0273940754
1539 0.0273961562
1540 0.0273982369
1541 0.0274003177
1542 0.0274023984
1543 0.0274044792
1544 0.02740656
1545 0.0274086407
1546 0.0274107215
1547 0.0274128022
1548 0.027414883
1549 0.0274169637
1550 0.0274190445
1551 0.0274211252
1552 0.027423206
1553 0.0274252868
1554 0.0274273675
1555 0.0274294483
1556 0.027431529
1557 0.0274336098
1558 0.0274356905
1559 0.0274377713
1560 0.027439852
1561 0.0274419328
1562 0.0274440136
1563 0.0274460943
1564 0.0274481751
1565 0.0274502558
1566 0.0274523366
1567 0.0274544173
1568 0.0274564981
1569 0.0274585788
1570 0.0274606596
1571 0.0274627403
1572 0.0274648211
1573 0.0274669019
1574 0.0274689826
1575 0.0274710634
1576 0.0274731441
1577 0.0274752249
1578 0.0274773056
1579 0.0274793864
1580 0.0274814671
1581 0.0274835479
1582 0.0274856287
1583 0.0274877094
1584 0.0274897902
1585 0.0274918709
1586 0.0274939517
1587 0.0274960324
1588 0.0274981132
1589 0.0275001939
1590 0.0275022747
1591 0.0275043555
1592 0.0275064362
1593 0.027508517
1594 0.0275105977
1595 0.0275126785
1596 0.0275147592
1597 0.02751684
1598 0.0275189207
1599 0.0275210015
1600 0.0275230823
1601 0.027525163
1602 0.0275272438
1603 0.0275293245
1604 0.0275314053
1605 0.027533486
1606 0.0275355668
1607 0.0275376475
1608 0.0275397283
1609 0.0275418091
1610 0.0275438898
1611 0.0275459706
1612 0.0275480513
1613 0.0275501321
1614 0.0275522128
1615 0.0275542936
1616 0.0275563743
1617 0.0275584551
1618 0.0275605358
1619 0.0275626166
1620 0.0275646974
1621 0.0275667781
1622 0.0275688589
1623 0.0275709396
1624 0.0275730204
1625 0.0275751011
1626 0.0275771819
1627 0.0275792626
1628 0.0275813434
1629 0.0275834242
1630 0.0275855049
1631 0.0275875857
1632 0.0275896664
1633 0.0275917472
1634 0.0275938279
1635 0.0275959087
1636 0.0275979894
1637 0.0276000702
1638 0.027602151
1639 0.0276042317
1640 0.0276063125
1641 0.0276083932
1642 0.027610474
1643 0.0276125547
1644 0.0276146355
1645 0.0276167162
1646 0.027618797
1647 0.0276208778
1648 0.0276229585
1649 0.0276250393
1650 0.02762712
1651 0.0276292008
1652 0.0276312815
1653 0.0276333623
1654 0.027635443
1655 0.0276375238
1656 0.0276396045
1657 0.0276416853
1658 0.0276437661
1659 0.0276458468
1660 0.0276479276
1661 0.0276500083
1662 0.0276520891
1663 0.0276541698
1664 0.0276562506
1665 0.0276583313
1666 0.0276604121
1667 0.0276624929
1668 0.0276645736
1669 0.0276666544
1670 0.0276687351
1671 0.0276708159
1672 0.0276728966
1673 0.0276749774
1674 0.0276770581
1675 0.0276791389
1676 0.0276812197
1677 0.0276833004
1678 0.0276853812
1679 0.0276874619
1680 0.0276895427
1681 0.0276916234
1682 0.0276937042
1683 0.0276957849
1684 0.0276978657
1685 0.0276999465
1686 0.0277020272
1687 0.027704108
1688 0.0277061887
1689 0.0277082695
1690 0.0277103502
1691 0.027712431
1692 0.0277145117
1693 0.0277165925
1694 0.0277186732
1695 0.027720754
1696 0.0277228348
1697 0.0277249155
1698 0.0277269963
1699 0.027729077
1700 0.0277311578
1701 0.0277332385
1702 0.0277353193
1703 0.0277374
1704 0.0277394808
1705 0.0277415616
1706 0.0277436423
1707 0.0277457231
1708 0.0277478038
1709 0.0277498846
1710 0.0277519653
1711 0.0277540461
1712 0.0277561268
1713 0.0277582076
1714 0.0277602884
1715 0.0277623691
1716 0.0277644499
1717 0.0277665306
1718 0.0277686114
1719 0.0277706921
1720 0.0277727729
1721 0.0277748536
1722 0.0277769344
1723 0.0277790152
1724 0.0277810959
1725 0.0277831767
1726 0.0277852574
1727 0.0277873382
1728 0.0277894189
1729 0.0277914997
1730 0.0277935804
1731 0.0277956612
1732 0.027797742
1733 0.0277998227
1734 0.0278019035
1735 0.0278039842
1736 0.027806065
1737 0.0278081457
1738 0.0278102265
1739 0.0278123072
1740 0.027814388
1741 0.0278164687
1742 0.0278185495
1743 0.0278206303
1744 0.027822711
1745 0.0278247918
1746 0.0278268725
1747 0.0278289533
1748 0.027831034
1749 0.0278331148
1750 0.0278351955
1751 0.0278372763
1752 0.0278393571
1753 0.0278414378
1754 0.0278435186
1755 0.0278455993
1756 0.0278476801
1757 0.0278497608
1758 0.0278518416
1759 0.0278539223
1760 0.0278560031
1761 0.0278580839
1762 0.0278601646
1763 0.0278622454
1764 0.0278643261
1765 0.0278664069
1766 0.0278684876
1767 0.0278705684
1768 0.0278726491
1769 0.0278747299
1770 0.0278768107
1771 0.0278788914
1772 0.0278809722
1773 0.0278830529
1774 0.0278851337
1775 0.0278872144
1776 0.0278892952
1777 0.0278913759
1778 0.0278934567
1779 0.0278955374
1780 0.0278976182
1781 0.027899699
1782 0.0279017797
1783 0.0279038605
1784 0.0279059412
1785 0.027908022
1786 0.0279101027
1787 0.0279121835
1788 0.0279142642
1789 0.027916345
1790 0.0279184258
1791 0.0279205065
1792 0.0279225873
1793 0.027924668
1794 0.0279267488
1795 0.0279288295
1796 0.0279309103
1797 0.027932991
1798 0.0279350718
1799 0.0279371526
1800 0.0279392333
1801 0.0279413141
1802 0.0279433948
1803 0.0279454756
1804 0.0279475563
1805 0.0279496371
1806 0.0279517178
1807 0.0279537986
1808 0.0279558794
1809 0.0279579601
1810 0.0279600409
1811 0.0279621216
1812 0.0279642024
1813 0.0279662831
1814 0.0279683639
1815 0.0279704446
1816 0.0279725254
1817 0.0279746062
1818 0.0279766869
1819 0.0279787677
1820 0.0279808484
1821 0.0279829292
1822 0.0279850099
1823 0.0279870907
1824 0.0279891714
1825 0.0279912522
1826 0.0279933329
1827 0.0279954137
1828 0.0279974945
1829 0.0279995752
1830 0.028001656
1831 0.0280040993
1832 0.0280065426
1833 0.0280089859
1834 0.0280114292
1835 0.0280138725
1836 0.0280163158
1837 0.0280187591
1838 0.0280212024
1839 0.0280236457
1840 0.028026089
1841 0.0280285323
1842 0.0280309756
1843 0.0280334189
1844 0.0280358622
1845 0.0280383055
1846 0.0280407488
1847 0.0280431921
1848 0.0280456354
1849 0.0280480788
1850 0.0280505221
1851 0.0280529654
1852 0.0280554087
1853 0.028057852
1854 0.0280602953
1855 0.0280627386
1856 0.0280651819
1857 0.0280676252
1858 0.0280700685
1859 0.0280725118
1860 0.0280749551
1861 0.0280773984
1862 0.0280798417
1863 0.028082285
1864 0.0280847283
1865 0.0280871716
1866 0.0280896149
1867 0.0280920582
1868 0.0280945015
1869 0.0280969448
1870 0.0280993881
1871 0.0281018314
1872 0.0281042748
1873 0.0281067181
1874 0.0281091614
1875 0.0281116047
1876 0.028114048
1877 0.0281164913
1878 0.0281189346
1879 0.0281213779
1880 0.0281238212
1881 0.0281262645
1882 0.0281287078
1883 0.0281311511
1884 0.0281335944
1885 0.0281360377
1886 0.028138481
1887 0.0281409243
1888 0.0281433676
1889 0.0281458109
1890 0.0281482542
1891 0.0281506975
1892 0.0281531408
1893 0.0281555841
1894 0.0281580274
1895 0.0281604708
1896 0.0281629141
1897 0.0281653574
1898 0.0281678007
1899 0.028170244
1900 0.0281726873
1901 0.0281751306
1902 0.0281775739
1903 0.0281800172
1904 0.0281824605
1905 0.0281849038
1906 0.0281873471
1907 0.0281897904
1908 0.0281922337
1909 0.028194677
1910 0.0281971203
1911 0.0281995636
1912 0.0282020069
1913 0.0282044502
1914 0.0282068935
1915 0.0282093368
1916 0.0282117801
1917 0.0282142234
1918 0.0282166668
1919 0.0282191101
1920 0.0282215534
1921 0.0282239967
1922 0.02822644
1923 0.0282288833
1924 0.0282313266
1925 0.0282337699
1926 0.0282362132
1927 0.0282386565
1928 0.0282410998
1929 0.0282435431
1930 0.0282459864
1931 0.0282484297
1932 0.028250873
1933 0.0282533163
1934 0.0282557596
1935 0.0282582029
1936 0.0282606462
1937 0.0282630895
1938 0.0282655328
1939 0.0282679761
1940 0.0282704194
1941 0.0282728628
1942 0.0282753061
1943 0.0282777494
1944 0.0282801927
1945 0.028282636
1946 0.0282850793
1947 0.0282875226
1948 0.0282899659
1949 0.0282924092
1950 0.0282948525
1951 0.0282972958
1952 0.0282997391
1953 0.0283021824
1954 0.0283046257
1955 0.028307069
1956 0.0283095123
1957 0.0283119556
1958 0.0283143989
1959 0.0283168422
1960 0.0283192855
1961 0.0283217288
1962 0.0283241721
1963 0.0283266154
1964 0.0283290588
1965 0.0283315021
1966 0.0283339454
1967 0.0283363887
1968 0.028338832
1969 0.0283412753
1970 0.0283437186
1971 0.0283461619
1972 0.0283486052
1973 0.0283510485
1974 0.0283534918
1975 0.0283559351
1976 0.0283583784
1977 0.0283608217
1978 0.028363265
1979 0.0283657083
1980 0.0283681516
1981 0.0283705949
1982 0.0283730382
1983 0.0283754815
1984 0.0283779248
1985 0.0283803681
1986 0.0283828114
1987 0.0283852548
1988 0.0283876981
1989 0.0283901414
1990 0.0283925847
1991 0.028395028
1992 0.0283974713
1993 0.0283999146
1994 0.0284023579
1995 0.0284048012
1996 0.0284072445
1997 0.0284096878
1998 0.0284121311
1999 0.0284145744
2000 0.0284170177
2001 0.028419461
2002 0.0284219043
2003 0.0284243476
2004 0.0284267909
2005 0.0284292342
2006 0.0284316775
2007 0.0284341208
2008 0.0284365641
2009 0.0284390074
2010 0.0284414508
2011 0.0284438941
2012 0.0284463374
2013 0.0284487807
2014 0.028451224
2015 0.0284536673
2016 0.0284561106
2017 0.0284585539
2018 0.0284609972
2019 0.0284634405
2020 0.0284658838
2021 0.0284683271
2022 0.0284707704
2023 0.0284732137
2024 0.028475657
2025 0.0284781003
2026 0.0284805436
2027 0.0284829869
2028 0.0284854302
2029 0.0284878735
2030 0.0284903168
2031 0.0284927601
2032 0.0284952034
2033 0.0284976468
2034 0.0285000901
2035 0.0285025334
2036 0.0285049767
2037 0.02850742
2038 0.0285098633
2039 0.0285123066
2040 0.0285147499
2041 0.0285171932
2042 0.0285196365
2043 0.0285220798
2044 0.0285245231
2045 0.0285269664
2046 0.0285294097
2047 0.028531853
2048 0.0285342963
2049 0.0285367396
2050 0.0285391829
2051 0.0285416262
2052 0.0285440695
2053 0.0285465128
2054 0.0285489561
2055 0.0285513994
2056 0.0285538427
2057 0.0285562861
2058 0.0285587294
2059 0.0285611727
2060 0.028563616
2061 0.0285660593
2062 0.0285685026
2063 0.0285709459
2064 0.0285733892
2065 0.0285758325
2066 0.0285782758
2067 0.0285807191
2068 0.0285831624
2069 0.0285856057
2070 0.028588049
2071 0.0285904923
2072 0.0285929356
2073 0.0285953789
2074 0.0285978222
2075 0.0286002655
2076 0.0286027088
2077 0.0286051521
2078 0.0286075954
2079 0.0286100387
2080 0.0286124821
2081 0.0286149254
2082 0.0286173687
2083 0.028619812
2084 0.0286222553
2085 0.0286246986
2086 0.0286271419
2087 0.0286295852
2088 0.0286320285
2089 0.0286344718
2090 0.0286369151
2091 0.0286393584
2092 0.0286418017
2093 0.028644245
2094 0.0286466883
2095 0.0286491316
2096 0.0286515749
2097 0.0286540182
2098 0.0286564615
2099 0.0286589048
2100 0.0286613481
2101 0.0286637914
2102 0.0286662347
2103 0.0286686781
2104 0.0286711214
2105 0.0286735647
2106 0.028676008
2107 0.0286784513
2108 0.0286808946
2109 0.0286833379
2110 0.0286857812
2111 0.0286882245
2112 0.0286906678
2113 0.0286931111
2114 0.0286955544
2115 0.0286979977
2116 0.028700441
2117 0.0287028843
2118 0.0287053276
2119 0.0287077709
2120 0.0287102142
2121 0.0287126575
2122 0.0287151008
2123 0.0287175441
2124 0.0287199874
2125 0.0287224307
2126 0.0287248741
2127 0.0287273174
2128 0.0287297607
2129 0.028732204
2130 0.0287346473
2131 0.0287370906
2132 0.0287395339
2133 0.0287419772
2134 0.0287444205
2135 0.0287468638
2136 0.0287493071
2137 0.0287517504
2138 0.0287541937
2139 0.028756637
2140 0.0287590803
2141 0.0287615236
2142 0.0287639669
2143 0.0287664102
2144 0.0287688535
2145 0.0287712968
2146 0.0287737401
2147 0.0287761834
2148 0.0287786267
2149 0.0287810701
2150 0.0287835134
2151 0.0287859567
2152 0.0287884
2153 0.0287908433
2154 0.0287932866
2155 0.0287957299
2156 0.0287981732
2157 0.0288006165
2158 0.0288030598
2159 0.0288055031
2160 0.0288079464
2161 0.0288103897
2162 0.028812833
2163 0.0288152763
2164 0.0288177196
2165 0.0288201629
2166 0.0288226062
2167 0.0288250495
2168 0.0288274928
2169 0.0288299361
2170 0.0288323794
2171 0.0288348227
2172 0.0288372661
2173 0.0288397094
2174 0.0288421527
2175 0.028844596
2176 0.0288470393
2177 0.0288494826
2178 0.0288519259
2179 0.0288543692
2180 0.0288568125
2181 0.0288592558
2182 0.0288616991
2183 0.0288641424
2184 0.0288665857
2185 0.028869029
2186 0.0288714723
2187 0.0288739156
2188 0.0288763589
2189 0.0288788022
2190 0.0288812455
2191 0.0288836888
2192 0.0288861321
2193 0.0288885754
2194 0.0288910187
2195 0.0288934621
2196 0.0288959054
2197 0.0288983487
2198 0.028900792
2199 0.0289032353
2200 0.0289056786
2201 0.0289081219
2202 0.0289105652
2203 0.0289130085
2204 0.0289154518
2205 0.0289178951
2206 0.0289203384
2207 0.0289227817
2208 0.028925225
2209 0.0289276683
2210 0.0289301116
2211 0.0289325549
2212 0.0289349982
2213 0.0289374415
2214 0.0289398848
2215 0.0289423281
2216 0.0289447714
2217 0.0289472147
2218 0.0289496581
2219 0.0289521014
2220 0.0289545447
2221 0.028956988
2222 0.0289594313
2223 0.0289618746
2224 0.0289643179
2225 0.0289667612
2226 0.0289692045
2227 0.0289716478
2228 0.0289740911
2229 0.0289765344
2230 0.0289789777
2231 0.028981421
2232 0.0289838643
2233 0.0289863076
2234 0.0289887509
2235 0.0289911942
2236 0.0289936375
2237 0.0289960808
2238 0.0289985241
2239 0.0290009674
2240 0.0290034107
2241 0.0290058541
2242 0.0290082974
2243 0.0290107407
2244 0.029013184
2245 0.0290156273
2246 0.0290180706
2247 0.0290205139
2248 0.0290229572
2249 0.0290254005
2250 0.0290278438
2251 0.0290302871
2252 0.0290327304
2253 0.0290351737
2254 0.029037617
2255 0.0290400603
2256 0.0290425036
2257 0.0290449469
2258 0.0290473902
2259 0.0290498335
2260 0.0290522768
2261 0.0290547201
2262 0.0290571634
2263 0.0290596067
2264 0.0290620501
2265 0.0290644934
2266 0.0290669367
2267 0.02906938
2268 0.0290718233
2269 0.0290742666
2270 0.0290767099
2271 0.0290791532
2272 0.0290815965
2273 0.0290840398
2274 0.0290864831
2275 0.0290889264
2276 0.0290913697
2277 0.029093813
2278 0.0290962563
2279 0.0290986996
2280 0.0291011429
2281 0.0291035862
2282 0.0291060295
2283 0.0291084728
2284 0.0291109161
2285 0.0291133594
2286 0.0291158027
2287 0.0291182461
2288 0.0291206894
2289 0.0291231327
2290 0.029125576
2291 0.0291280193
2292 0.0291304626
2293 0.0291329059
2294 0.0291353492
2295 0.0291377925
2296 0.0291402358
2297 0.0291426791
2298 0.0291451224
2299 0.0291475657
2300 0.029150009
2301 0.0291524523
2302 0.0291548956
2303 0.0291573389
2304 0.0291597822
2305 0.0291622255
2306 0.0291646688
2307 0.0291671121
2308 0.0291695554
2309 0.0291719987
2310 0.0291744421
2311 0.0291768854
2312 0.0291793287
2313 0.029181772
2314 0.0291842153
2315 0.0291866586
2316 0.0291891019
2317 0.0291915452
2318 0.0291939885
2319 0.0291964318
2320 0.0291988751
2321 0.0292013184
2322 0.0292037617
2323 0.029206205
2324 0.0292086483
2325 0.0292110916
2326 0.0292135349
2327 0.0292159782
2328 0.0292184215
2329 0.0292208648
2330 0.0292233081
2331 0.0292257514
2332 0.0292281947
2333 0.0292306381
2334 0.0292330814
2335 0.0292355247
2336 0.029237968
2337 0.0292404113
2338 0.0292428546
2339 0.0292452979
2340 0.0292477412
2341 0.0292501845
2342 0.0292526278
2343 0.0292550711
2344 0.0292575144
2345 0.0292599577
2346 0.029262401
2347 0.0292648443
2348 0.0292672876
2349 0.0292697309
2350 0.0292721742
2351 0.0292746175
2352 0.0292770608
2353 0.0292795041
2354 0.0292819474
2355 0.0292843907
2356 0.0292868341
2357 0.0292892774
2358 0.0292917207
2359 0.029294164
2360 0.0292966073
2361 0.0292990506
2362 0.0293014939
2363 0.0293039372
2364 0.0293063805
2365 0.0293088238
2366 0.0293112671
2367 0.0293137104
2368 0.0293161537
2369 0.029318597
2370 0.0293210403
2371 0.0293234836
2372 0.0293259269
2373 0.0293283702
2374 0.0293308135
2375 0.0293332568
2376 0.0293357001
2377 0.0293381434
2378 0.0293405867
2379 0.0293430301
2380 0.0293454734
2381 0.0293479167
2382 0.02935036
2383 0.0293528033
2384 0.0293552466
2385 0.0293576899
2386 0.0293601332
2387 0.0293625765
2388 0.0293650198
2389 0.0293674631
2390 0.0293699064
2391 0.0293723497
2392 0.029374793
2393 0.0293772363
2394 0.0293796796
2395 0.0293821229
2396 0.0293845662
2397 0.0293870095
2398 0.0293894528
2399 0.0293918961
2400 0.0293943394
2401 0.0293967827
2402 0.0293992261
2403 0.0294016694
2404 0.0294041127
2405 0.029406556
2406 0.0294089993
2407 0.0294114426
2408 0.0294138859
2409 0.0294163292
2410 0.0294187725
2411 0.0294212158
2412 0.0294236591
2413 0.0294261024
2414 0.0294285457
2415 0.029430989
2416 0.0294334323
2417 0.0294358756
2418 0.0294383189
2419 0.0294407622
2420 0.0294432055
2421 0.0294456488
2422 0.0294480921
2423 0.0294505354
2424 0.0294529787
2425 0.0294554221
2426 0.0294578654
2427 0.0294603087
2428 0.029462752
2429 0.0294651953
2430 0.0294676386
2431 0.0294700819
2432 0.0294725252
2433 0.0294749685
2434 0.0294774118
2435 0.0294798551
2436 0.0294822984
2437 0.0294847417
2438 0.029487185
2439 0.0294896283
2440 0.0294920716
2441 0.0294945149
2442 0.0294969582
2443 0.0294994015
2444 0.0295018448
2445 0.0295042881
2446 0.0295067314
2447 0.0295091747
2448 0.0295116181
2449 0.0295140614
2450 0.0295165047
2451 0.029518948
2452 0.0295213913
2453 0.0295238346
2454 0.0295262779
2455 0.0295287212
2456 0.0295311645
2457 0.0295336078
2458 0.0295360511
2459 0.0295384944
2460 0.0295409377
2461 0.029543381
2462 0.0295458243
2463 0.0295482676
2464 0.0295507109
2465 0.0295531542
2466 0.0295555975
2467 0.0295580408
2468 0.0295604841
2469 0.0295629274
2470 0.0295653707
2471 0.0295678141
2472 0.0295702574
2473 0.0295727007
2474 0.029575144
2475 0.0295775873
2476 0.0295800306
2477 0.0295824739
2478 0.0295849172
2479 0.0295873605
2480 0.0295898038
2481 0.0295922471
2482 0.0295946904
2483 0.0295971337
2484 0.029599577
2485 0.0296020203
2486 0.0296044636
2487 0.0296069069
2488 0.0296093502
2489 0.0296117935
2490 0.0296142368
2491 0.0296166801
2492 0.0296191234
2493 0.0296215667
2494 0.0296240101
2495 0.0296264534
2496 0.0296288967
2497 0.02963134
2498 0.0296337833
2499 0.0296362266
2500 0.0296386699
2501 0.0296411132
2502 0.0296435565
2503 0.0296459998
2504 0.0296484431
2505 0.0296508864
2506 0.0296533297
2507 0.029655773
2508 0.0296582163
2509 0.0296606596
2510 0.0296631029
2511 0.0296655462
2512 0.0296679895
2513 0.0296704328
2514 0.0296728761
2515 0.0296753194
2516 0.0296777627
2517 0.0296802061
2518 0.0296826494
2519 0.0296850927
2520 0.029687536
2521 0.0296899793
2522 0.0296924226
2523 0.0296948659
2524 0.0296973092
2525 0.0296997525
2526 0.0297021958
2527 0.0297046391
2528 0.0297070824
2529 0.0297095257
2530 0.029711969
2531 0.0297144123
2532 0.0297168556
2533 0.0297192989
2534 0.0297217422
2535 0.0297241855
2536 0.0297266288
2537 0.0297290721
2538 0.0297315154
2539 0.0297339587
2540 0.0297364021
2541 0.0297388454
2542 0.0297412887
2543 0.029743732
2544 0.0297461753
2545 0.0297486186
2546 0.0297510619
2547 0.0297535052
2548 0.0297559485
2549 0.0297583918
2550 0.0297608351
2551 0.0297632784
2552 0.0297657217
2553 0.029768165
2554 0.0297706083
2555 0.0297730516
2556 0.0297754949
2557 0.0297779382
2558 0.0297803815
2559 0.0297828248
2560 0.0297852681
2561 0.0297877114
2562 0.0297907497
2563 0.0297937879
2564 0.0297968262
2565 0.0297998644
2566 0.0298029027
2567 0.0298059409
2568 0.0298089791
2569 0.0298120174
2570 0.0298150556
2571 0.0298180939
2572 0.0298211321
2573 0.0298241704
2574 0.0298272086
2575 0.0298302468
2576 0.0298332851
2577 0.0298363233
2578 0.0298393616
2579 0.0298423998
2580 0.029845438
2581 0.0298484763
2582 0.0298515145
2583 0.0298545528
2584 0.029857591
2585 0.0298606293
2586 0.0298636675
2587 0.0298667057
2588 0.029869744
2589 0.0298727822
2590 0.0298758205
2591 0.0298788587
2592 0.029881897
2593 0.0298849352
2594 0.0298879734
2595 0.0298910117
2596 0.0298940499
2597 0.0298970882
2598 0.0299001264
2599 0.0299031647
2600 0.0299062029
2601 0.0299092411
2602 0.0299122794
2603 0.0299153176
2604 0.0299183559
2605 0.0299213941
2606 0.0299244324
2607 0.0299274706
2608 0.0299305088
2609 0.0299335471
2610 0.0299365853
2611 0.0299396236
2612 0.0299426618
2613 0.0299457001
2614 0.0299487383
2615 0.0299517765
2616 0.0299548148
2617 0.029957853
2618 0.0299608913
2619 0.0299639295
2620 0.0299669678
2621 0.029970006
2622 0.0299730442
2623 0.0299760825
2624 0.0299791207
2625 0.029982159
2626 0.0299851972
2627 0.0299882354
2628 0.0299912737
2629 0.0299943119
2630 0.0299973502
2631 0.0300003884
2632 0.0300034267
2633 0.0300064649
2634 0.0300095031
2635 0.0300125414
2636 0.0300155796
2637 0.0300186179
2638 0.0300216561
2639 0.0300246944
2640 0.0300277326
2641 0.0300307708
2642 0.0300338091
2643 0.0300368473
2644 0.0300398856
2645 0.0300429238
2646 0.0300459621
2647 0.0300490003
2648 0.0300520385
2649 0.0300550768
2650 0.030058115
2651 0.0300611533
2652 0.0300641915
2653 0.0300672298
2654 0.030070268
2655 0.0300733062
2656 0.0300763445
2657 0.0300793827
2658 0.030082421
2659 0.0300854592
2660 0.0300884975
2661 0.0300915357
2662 0.0300945739
2663 0.0300976122
2664 0.0301006504
2665 0.0301036887
2666 0.0301067269
2667 0.0301097651
2668 0.0301128034
2669 0.0301158416
2670 0.0301188799
2671 0.0301219181
2672 0.0301249564
2673 0.0301279946
2674 0.0301310328
2675 0.0301340711
2676 0.0301371093
2677 0.0301401476
2678 0.0301431858
2679 0.0301462241
2680 0.0301492623
2681 0.0301523005
2682 0.0301553388
2683 0.030158377
2684 0.0301614153
2685 0.0301644535
2686 0.0301674918
2687 0.03017053
2688 0.0301735682
2689 0.0301766065
2690 0.0301796447
2691 0.030182683
2692 0.0301857212
2693 0.0301887595
2694 0.0301917977
2695 0.0301948359
2696 0.0301978742
2697 0.0302009124
2698 0.0302039507
2699 0.0302069889
2700 0.0302100272
2701 0.0302130654
2702 0.0302161036
2703 0.0302191419
2704 0.0302221801
2705 0.0302252184
2706 0.0302282566
2707 0.0302312948
2708 0.0302343331
2709 0.0302373713
2710 0.0302404096
2711 0.0302434478
2712 0.0302464861
2713 0.0302495243
2714 0.0302525625
2715 0.0302556008
2716 0.030258639
2717 0.0302616773
2718 0.0302647155
2719 0.0302677538
2720 0.030270792
2721 0.0302738302
2722 0.0302768685
2723 0.0302799067
2724 0.030282945
2725 0.0302859832
2726 0.0302890215
2727 0.0302920597
2728 0.0302950979
2729 0.0302981362
2730 0.0303011744
2731 0.0303042127
2732 0.0303072509
2733 0.0303102892
2734 0.0303133274
2735 0.0303163656
2736 0.0303194039
2737 0.0303224421
2738 0.0303254804
2739 0.0303285186
2740 0.0303315569
2741 0.0303345951
2742 0.0303376333
2743 0.0303406716
2744 0.0303437098
2745 0.0303467481
2746 0.0303497863
2747 0.0303528245
2748 0.0303558628
2749 0.030358901
2750 0.0303619393
2751 0.0303649775
2752 0.0303680158
2753 0.030371054
2754 0.0303740922
2755 0.0303771305
2756 0.0303801687
2757 0.030383207
2758 0.0303862452
2759 0.0303892835
2760 0.0303923217
2761 0.0303953599
2762 0.0303983982
2763 0.0304014364
2764 0.0304044747
2765 0.0304075129
2766 0.0304105512
2767 0.0304135894
2768 0.0304166276
2769 0.0304196659
2770 0.0304227041
2771 0.0304257424
2772 0.0304287806
2773 0.0304318189
2774 0.0304348571
2775 0.0304378953
2776 0.0304409336
2777 0.0304439718
2778 0.0304470101
2779 0.0304500483
2780 0.0304530866
2781 0.0304561248
2782 0.030459163
2783 0.0304622013
2784 0.0304652395
2785 0.0304682778
2786 0.030471316
2787 0.0304743542
2788 0.0304773925
2789 0.0304804307
2790 0.030483469
2791 0.0304865072
2792 0.0304895455
2793 0.0304925837
2794 0.0304956219
2795 0.0304986602
2796 0.0305016984
2797 0.0305047367
2798 0.0305077749
2799 0.0305108132
2800 0.0305138514
2801 0.0305168896
2802 0.0305199279
2803 0.0305229661
2804 0.0305260044
2805 0.0305290426
2806 0.0305320809
2807 0.0305351191
2808 0.0305381573
2809 0.0305411956
2810 0.0305442338
2811 0.0305472721
2812 0.0305503103
2813 0.0305533486
2814 0.0305563868
2815 0.030559425
2816 0.0305624633
2817 0.0305655015
2818 0.0305685398
2819 0.030571578
2820 0.0305746163
2821 0.0305776545
2822 0.0305806927
2823 0.030583731
2824 0.0305867692
2825 0.0305898075
2826 0.0305928457
2827 0.030595884
2828 0.0305989222
2829 0.0306019604
2830 0.0306049987
2831 0.0306080369
2832 0.0306110752
2833 0.0306141134
2834 0.0306171516
2835 0.0306201899
2836 0.0306232281
2837 0.0306262664
2838 0.0306293046
2839 0.0306323429
2840 0.0306353811
2841 0.0306384193
2842 0.0306414576
2843 0.0306444958
2844 0.0306475341
2845 0.0306505723
2846 0.0306536106
2847 0.0306566488
2848 0.030659687
2849 0.0306627253
2850 0.0306657635
2851 0.0306688018
2852 0.03067184
2853 0.0306748783
2854 0.0306779165
2855 0.0306809547
2856 0.030683993
2857 0.0306870312
2858 0.0306900695
2859 0.0306931077
2860 0.030696146
2861 0.0306991842
2862 0.0307022224
2863 0.0307052607
2864 0.0307082989
2865 0.0307113372
2866 0.0307143754
2867 0.0307174137
2868 0.0307204519
2869 0.0307234901
2870 0.0307265284
2871 0.0307295666
2872 0.0307326049
2873 0.0307356431
2874 0.0307386813
2875 0.0307417196
2876 0.0307447578
2877 0.0307477961
2878 0.0307508343
2879 0.0307538726
2880 0.0307569108
2881 0.030759949
2882 0.0307629873
2883 0.0307660255
2884 0.0307690638
2885 0.030772102
2886 0.0307751403
2887 0.0307781785
2888 0.0307812167
2889 0.030784255
2890 0.0307872932
2891 0.0307903315
2892 0.0307933697
2893 0.030796408
2894 0.0307994462
2895 0.0308024844
2896 0.0308055227
2897 0.0308085609
2898 0.0308115992
2899 0.0308146374
2900 0.0308176757
2901 0.0308207139
2902 0.0308237521
2903 0.0308267904
2904 0.0308298286
2905 0.0308328669
2906 0.0308359051
2907 0.0308389434
2908 0.0308419816
2909 0.0308450198
2910 0.0308480581
2911 0.0308510963
2912 0.0308541346
2913 0.0308571728
2914 0.030860211
2915 0.0308632493
2916 0.0308662875
2917 0.0308693258
2918 0.030872364
2919 0.0308754023
2920 0.0308784405
2921 0.0308814787
2922 0.030884517
2923 0.0308875552
2924 0.0308905935
2925 0.0308936317
2926 0.03089667
2927 0.0308997082
2928 0.0309027464
2929 0.0309057847
2930 0.0309088229
2931 0.0309118612
2932 0.0309148994
2933 0.0309179377
2934 0.0309209759
2935 0.0309240141
2936 0.0309270524
2937 0.0309300906
2938 0.0309331289
2939 0.0309361671
2940 0.0309392054
2941 0.0309422436
2942 0.0309452818
2943 0.0309483201
2944 0.0309513583
2945 0.0309543966
2946 0.0309574348
2947 0.0309604731
2948 0.0309635113
2949 0.0309665495
2950 0.0309695878
2951 0.030972626
2952 0.0309756643
2953 0.0309787025
2954 0.0309817407
2955 0.030984779
2956 0.0309878172
2957 0.0309908555
2958 0.0309938937
2959 0.030996932
2960 0.0309999702
2961 0.0310030084
2962 0.0310060467
2963 0.0310090849
2964 0.0310121232
2965 0.0310151614
2966 0.0310181997
2967 0.0310212379
2968 0.0310242761
2969 0.0310273144
2970 0.0310303526
2971 0.0310333909
2972 0.0310364291
2973 0.0310394674
2974 0.0310425056
2975 0.0310455438
2976 0.0310485821
2977 0.0310516203
2978 0.0310546586
2979 0.0310576968
2980 0.0310607351
2981 0.0310637733
2982 0.0310668115
2983 0.0310698498
2984 0.031072888
2985 0.0310759263
2986 0.0310789645
2987 0.0310820028
2988 0.031085041
2989 0.0310880792
2990 0.0310911175
2991 0.0310941557
2992 0.031097194
2993 0.0311002322
2994 0.0311032705
2995 0.0311063087
2996 0.0311093469
2997 0.0311123852
2998 0.0311154234
2999 0.0311184617
3000 0.0311214999
3001 0.0311245381
3002 0.0311275764
3003 0.0311306146
3004 0.0311336529
3005 0.0311366911
3006 0.0311397294
3007 0.0311427676
3008 0.0311458058
3009 0.0311488441
3010 0.0311518823
3011 0.0311549206
3012 0.0311579588
3013 0.0311609971
3014 0.0311640353
3015 0.0311670735
3016 0.0311701118
3017 0.03117315
3018 0.0311761883
3019 0.0311792265
3020 0.0311822648
3021 0.031185303
3022 0.0311883412
3023 0.0311913795
3024 0.0311944177
3025 0.031197456
3026 0.0312004942
3027 0.0312035325
3028 0.0312065707
3029 0.0312096089
3030 0.0312126472
3031 0.0312156854
3032 0.0312187237
3033 0.0312217619
3034 0.0312248002
3035 0.0312278384
3036 0.0312308766
3037 0.0312339149
3038 0.0312369531
3039 0.0312399914
3040 0.0312430296
3041 0.0312460678
3042 0.0312491061
3043 0.0312521443
3044 0.0312551826
3045 0.0312582208
3046 0.0312612591
3047 0.0312642973
3048 0.0312673355
3049 0.0312703738
3050 0.031273412
3051 0.0312764503
3052 0.0312794885
3053 0.0312825268
3054 0.031285565
3055 0.0312886032
3056 0.0312916415
3057 0.0312946797
3058 0.031297718
3059 0.0313007562
3060 0.0313037945
3061 0.0313068327
3062 0.0313098709
3063 0.0313129092
3064 0.0313159474
3065 0.0313189857
3066 0.0313220239
3067 0.0313250622
3068 0.0313281004
3069 0.0313311386
3070 0.0313341769
3071 0.0313372151
3072 0.0313402534
3073 0.0313432916
3074 0.0313463299
3075 0.0313493681
3076 0.0313524063
3077 0.0313554446
3078 0.0313584828
3079 0.0313615211
3080 0.0313645593
3081 0.0313675975
3082 0.0313706358
3083 0.031373674
3084 0.0313767123
3085 0.0313797505
3086 0.0313827888
3087 0.031385827
3088 0.0313888652
3089 0.0313919035
3090 0.0313949417
3091 0.03139798
3092 0.0314010182
3093 0.0314040565
3094 0.0314070947
3095 0.0314101329
3096 0.0314131712
3097 0.0314162094
3098 0.0314192477
3099 0.0314222859
3100 0.0314253242
3101 0.0314283624
3102 0.0314314006
3103 0.0314344389
3104 0.0314374771
3105 0.0314405154
3106 0.0314435536
3107 0.0314465919
3108 0.0314496301
3109 0.0314526683
3110 0.0314557066
3111 0.0314587448
3112 0.0314617831
3113 0.0314648213
3114 0.0314678596
3115 0.0314708978
3116 0.031473936
3117 0.0314769743
3118 0.0314800125
3119 0.0314830508
3120 0.031486089
3121 0.0314891272
3122 0.0314921655
3123 0.0314952037
3124 0.031498242
3125 0.0315012802
3126 0.0315043185
3127 0.0315073567
3128 0.0315103949
3129 0.0315134332
3130 0.0315164714
3131 0.0315195097
3132 0.0315225479
3133 0.0315255862
3134 0.0315286244
3135 0.0315316626
3136 0.0315347009
3137 0.0315377391
3138 0.0315407774
3139 0.0315438156
3140 0.0315468539
3141 0.0315498921
3142 0.0315529303
3143 0.0315559686
3144 0.0315590068
3145 0.0315620451
3146 0.0315650833
3147 0.0315681216
3148 0.0315711598
3149 0.031574198
3150 0.0315772363
3151 0.0315802745
3152 0.0315833128
3153 0.031586351
3154 0.0315893893
3155 0.0315924275
3156 0.0315954657
3157 0.031598504
3158 0.0316015422
3159 0.0316045805
3160 0.0316076187
3161 0.0316106569
3162 0.0316136952
3163 0.0316167334
3164 0.0316197717
3165 0.0316228099
3166 0.0316258482
3167 0.0316288864
3168 0.0316319246
3169 0.0316349629
3170 0.0316380011
3171 0.0316410394
3172 0.0316440776
3173 0.0316471159
3174 0.0316501541
3175 0.0316531923
3176 0.0316562306
3177 0.0316592688
3178 0.0316623071
3179 0.0316653453
3180 0.0316683836
3181 0.0316714218
3182 0.03167446
3183 0.0316774983
3184 0.0316805365
3185 0.0316835748
3186 0.031686613
3187 0.0316896513
3188 0.0316926895
3189 0.0316957277
3190 0.031698766
3191 0.0317018042
3192 0.0317048425
3193 0.0317078807
3194 0.031710919
3195 0.0317139572
3196 0.0317169954
3197 0.0317200337
3198 0.0317230719
3199 0.0317261102
3200 0.0317291484
3201 0.0317321867
3202 0.0317352249
3203 0.0317382631
3204 0.0317413014
3205 0.0317443396
3206 0.0317473779
3207 0.0317504161
3208 0.0317534543
3209 0.0317564926
3210 0.0317595308
3211 0.0317625691
3212 0.0317656073
3213 0.0317686456
3214 0.0317716838
3215 0.031774722
3216 0.0317777603
3217 0.0317807985
3218 0.0317838368
3219 0.031786875
3220 0.0317899133
3221 0.0317929515
3222 0.0317959897
3223 0.031799028
3224 0.0318020662
3225 0.0318051045
3226 0.0318081427
3227 0.031811181
3228 0.0318142192
3229 0.0318172574
3230 0.0318202957
3231 0.0318233339
3232 0.0318263722
3233 0.0318294104
3234 0.0318324487
3235 0.0318354869
3236 0.0318385251
3237 0.0318415634
3238 0.0318446016
3239 0.0318476399
3240 0.0318506781
3241 0.0318537164
3242 0.0318567546
3243 0.0318597928
3244 0.0318628311
3245 0.0318658693
3246 0.0318689076
3247 0.0318719458
3248 0.031874984
3249 0.0318780223
3250 0.0318810605
3251 0.0318840988
3252 0.031887137
3253 0.0318901753
3254 0.0318932135
3255 0.0318962517
3256 0.03189929
3257 0.0319023282
3258 0.0319053665
3259 0.0319084047
3260 0.031911443
3261 0.0319144812
3262 0.0319175194
3263 0.0319205577
3264 0.0319235959
3265 0.0319266342
3266 0.0319296724
3267 0.0319327107
3268 0.0319357489
3269 0.0319387871
3270 0.0319418254
3271 0.0319448636
3272 0.0319479019
3273 0.0319509401
3274 0.0319539784
3275 0.0319570166
3276 0.0319600548
3277 0.0319630931
3278 0.0319661313
3279 0.0319691696
3280 0.0319722078
3281 0.0319752461
3282 0.0319782843
3283 0.0319813225
3284 0.0319843608
3285 0.031987399
3286 0.0319904373
3287 0.0319934755
3288 0.0319965137
3289 0.031999552
3290 0.0320025902
3291 0.0320056285
3292 0.0320086667
3293 0.032011705
3294 0.0320147432
3295 0.0320177814
3296 0.0320208197
3297 0.0320238579
3298 0.0320268962
3299 0.0320299344
3300 0.0320329727
3301 0.0320360109
3302 0.0320390491
3303 0.0320420874
3304 0.0320451256
3305 0.0320481639
3306 0.0320512021
3307 0.0320542404
3308 0.0320572786
3309 0.0320603168
3310 0.0320633551
3311 0.0320663933
3312 0.0320694316
3313 0.0320724698
3314 0.0320755081
3315 0.0320785463
3316 0.0320815845
3317 0.0320846228
3318 0.032087661
3319 0.0320906993
3320 0.0320937375
3321 0.0320967758
3322 0.032099814
3323 0.0321028522
3324 0.0321058905
3325 0.0321089287
3326 0.032111967
3327 0.0321150052
3328 0.0321180434
3329 0.0321210817
3330 0.0321241199
3331 0.0321271582
3332 0.0321301964
3333 0.0321332347
3334 0.0321362729
3335 0.0321393111
3336 0.0321423494
3337 0.0321453876
3338 0.0321484259
3339 0.0321514641
3340 0.0321545024
3341 0.0321575406
3342 0.0321605788
3343 0.0321636171
3344 0.0321666553
3345 0.0321696936
3346 0.0321727318
3347 0.0321757701
3348 0.0321788083
3349 0.0321818465
3350 0.0321848848
3351 0.032187923
3352 0.0321909613
3353 0.0321939995
3354 0.0321970378
3355 0.032200076
3356 0.0322031142
3357 0.0322061525
3358 0.0322091907
3359 0.032212229
3360 0.0322152672
3361 0.0322183055
3362 0.0322213437
3363 0.0322243819
3364 0.0322274202
3365 0.0322304584
3366 0.0322334967
3367 0.0322365349
3368 0.0322395732
3369 0.0322426114
3370 0.0322456496
3371 0.0322486879
3372 0.0322517261
3373 0.0322547644
3374 0.0322578026
3375 0.0322608408
3376 0.0322638791
3377 0.0322669173
3378 0.0322699556
3379 0.0322729938
3380 0.0322760321
3381 0.0322790703
3382 0.0322821085
3383 0.0322851468
3384 0.032288185
3385 0.0322912233
3386 0.0322942615
3387 0.0322972998
3388 0.032300338
3389 0.0323033762
3390 0.0323064145
3391 0.0323094527
3392 0.032312491
3393 0.0323155292
3394 0.0323185675
3395 0.0323216057
3396 0.0323246439
3397 0.0323276822
3398 0.0323307204
3399 0.0323337587
3400 0.0323367969
3401 0.0323398352
3402 0.0323428734
3403 0.0323459116
3404 0.0323489499
3405 0.0323519881
3406 0.0323550264
3407 0.0323580646
3408 0.0323611029
3409 0.0323641411
3410 0.0323671793
3411 0.0323702176
3412 0.0323732558
3413 0.0323762941
3414 0.0323793323
3415 0.0323823705
3416 0.0323854088
3417 0.032388447
3418 0.0323914853
3419 0.0323945235
3420 0.0323975618
3421 0.0324006
3422 0.0324036382
3423 0.0324066765
3424 0.0324097147
3425 0.032412753
3426 0.0324157912
3427 0.0324188295
3428 0.0324218677
3429 0.0324249059
3430 0.0324279442
3431 0.0324309824
3432 0.0324340207
3433 0.0324370589
3434 0.0324400972
3435 0.0324431354
3436 0.0324461736
3437 0.0324492119
3438 0.0324522501
3439 0.0324552884
3440 0.0324583266
3441 0.0324613649
3442 0.0324644031
3443 0.0324674413
3444 0.0324704796
3445 0.0324735178
3446 0.0324765561
3447 0.0324795943
3448 0.0324826326
3449 0.0324856708
3450 0.032488709
3451 0.0324917473
3452 0.0324947855
3453 0.0324978238
3454 0.032500862
3455 0.0325039002
3456 0.0325069385
3457 0.0325099767
3458 0.032513015
3459 0.0325160532
3460 0.0325190915
3461 0.0325221297
3462 0.0325251679
3463 0.0325282062
3464 0.0325312444
3465 0.0325342827
3466 0.0325373209
3467 0.0325403592
3468 0.0325433974
3469 0.0325464356
3470 0.0325494739
3471 0.0325525121
3472 0.0325555504
3473 0.0325585886
3474 0.0325616269
3475 0.0325646651
3476 0.0325677033
3477 0.0325707416
3478 0.0325737798
3479 0.0325768181
3480 0.0325798563
3481 0.0325828946
3482 0.0325859328
3483 0.032588971
3484 0.0325920093
3485 0.0325950475
3486 0.0325980858
3487 0.032601124
3488 0.0326041623
3489 0.0326072005
3490 0.0326102387
3491 0.032613277
3492 0.0326163152
3493 0.0326193535
3494 0.0326223917
3495 0.0326254299
3496 0.0326284682
3497 0.0326315064
3498 0.0326345447
3499 0.0326375829
3500 0.0326406212
3501 0.0326436594
3502 0.0326466976
3503 0.0326497359
3504 0.0326527741
3505 0.0326558124
3506 0.0326588506
3507 0.0326618889
3508 0.0326649271
3509 0.0326679653
3510 0.0326710036
3511 0.0326740418
3512 0.0326770801
3513 0.0326801183
3514 0.0326831566
3515 0.0326861948
3516 0.032689233
3517 0.0326922713
3518 0.0326953095
3519 0.0326983478
3520 0.032701386
3521 0.0327044243
3522 0.0327074625
3523 0.0327105007
3524 0.032713539
3525 0.0327165772
3526 0.0327196155
3527 0.0327226537
3528 0.032725692
3529 0.0327287302
3530 0.0327317684
3531 0.0327348067
3532 0.0327378449
3533 0.0327408832
3534 0.0327439214
3535 0.0327469596
3536 0.0327499979
3537 0.0327530361
3538 0.0327560744
3539 0.0327591126
3540 0.0327621509
3541 0.0327651891
3542 0.0327682273
3543 0.0327712656
3544 0.0327743038
3545 0.0327773421
3546 0.0327803803
3547 0.0327834186
3548 0.0327864568
3549 0.032789495
3550 0.0327925333
3551 0.0327955715
3552 0.0327986098
3553 0.032801648
3554 0.0328046863
3555 0.0328077245
3556 0.0328107627
3557 0.032813801
3558 0.0328168392
3559 0.0328198775
3560 0.0328229157
3561 0.032825954
3562 0.0328289922
3563 0.0328320304
3564 0.0328350687
3565 0.0328381069
3566 0.0328411452
3567 0.0328441834
3568 0.0328472217
3569 0.0328502599
3570 0.0328532981
3571 0.0328563364
3572 0.0328593746
3573 0.0328624129
3574 0.0328654511
3575 0.0328684894
3576 0.0328715276
3577 0.0328745658
3578 0.0328776041
3579 0.0328806423
3580 0.0328836806
3581 0.0328867188
3582 0.032889757
3583 0.0328927953
3584 0.0328958335
3585 0.0328988718
3586 0.03290191
3587 0.0329049483
3588 0.0329079865
3589 0.0329110247
3590 0.032914063
3591 0.0329171012
3592 0.0329201395
3593 0.0329231777
3594 0.032926216
3595 0.0329292542
3596 0.0329322924
3597 0.0329353307
3598 0.0329383689
3599 0.0329414072
3600 0.0329444454
3601 0.0329474837
3602 0.0329505219
3603 0.0329535601
3604 0.0329565984
3605 0.0329596366
3606 0.0329626749
3607 0.0329657131
3608 0.0329687514
3609 0.0329717896
3610 0.0329748278
3611 0.0329778661
3612 0.0329809043
3613 0.0329839426
3614 0.0329869808
3615 0.0329900191
3616 0.0329930573
3617 0.0329960955
3618 0.0329991338
3619 0.033002172
3620 0.0330052103
3621 0.0330082485
3622 0.0330112867
3623 0.033014325
3624 0.0330173632
3625 0.0330204015
3626 0.0330234397
3627 0.033026478
3628 0.0330295162
3629 0.0330325544
3630 0.0330355927
3631 0.0330386309
3632 0.0330416692
3633 0.0330447074
3634 0.0330477457
3635 0.0330507839
3636 0.0330538221
3637 0.0330568604
3638 0.0330598986
3639 0.0330629369
3640 0.0330659751
3641 0.0330690134
3642 0.0330720516
3643 0.0330750898
3644 0.0330781281
3645 0.0330811663
3646 0.0330842046
3647 0.0330872428
3648 0.0330902811
3649 0.0330933193
3650 0.0330963575
3651 0.0330993958
3652 0.033102434
3653 0.0331054723
3654 0.0331085105
3655 0.0331115488
3656 0.033114587
3657 0.0331176252
3658 0.0331209345
3659 0.0331242438
3660 0.0331275531
3661 0.0331308624
3662 0.0331341717
3663 0.033137481
3664 0.0331407903
3665 0.0331440996
3666 0.0331474089
3667 0.0331507181
3668 0.0331540274
3669 0.0331573367
3670 0.033160646
3671 0.0331639553
3672 0.0331672646
3673 0.0331705739
3674 0.0331738832
3675 0.0331771925
3676 0.0331805018
3677 0.033183811
3678 0.0331871203
3679 0.0331904296
3680 0.0331937389
3681 0.0331970482
3682 0.0332003575
3683 0.0332036668
3684 0.0332069761
3685 0.0332102854
3686 0.0332135947
3687 0.033216904
3688 0.0332202132
3689 0.0332235225
3690 0.0332268318
3691 0.0332301411
3692 0.0332334504
3693 0.0332367597
3694 0.033240069
3695 0.0332433783
3696 0.0332466876
3697 0.0332499969
3698 0.0332533062
3699 0.0332566154
3700 0.0332599247
3701 0.033263234
3702 0.0332665433
3703 0.0332698526
3704 0.0332731619
3705 0.0332764712
3706 0.0332797805
3707 0.0332830898
3708 0.0332863991
3709 0.0332897084
3710 0.0332930176
3711 0.0332963269
3712 0.0332996362
3713 0.0333029455
3714 0.0333062548
3715 0.0333095641
3716 0.0333128734
3717 0.0333161827
3718 0.033319492
3719 0.0333228013
3720 0.0333261105
3721 0.0333294198
3722 0.0333327291
3723 0.0333360384
3724 0.0333393477
3725 0.033342657
3726 0.0333459663
3727 0.0333492756
3728 0.0333525849
3729 0.0333558942
3730 0.0333592035
3731 0.0333625127
3732 0.033365822
3733 0.0333691313
3734 0.0333724406
3735 0.0333757499
3736 0.0333790592
3737 0.0333823685
3738 0.0333856778
3739 0.0333889871
3740 0.0333922964
3741 0.0333956057
3742 0.0333989149
3743 0.0334022242
3744 0.0334055335
3745 0.0334088428
3746 0.0334121521
3747 0.0334154614
3748 0.0334187707
3749 0.03342208
3750 0.0334253893
3751 0.0334286986
3752 0.0334320078
3753 0.0334353171
3754 0.0334386264
3755 0.0334419357
3756 0.033445245
3757 0.0334485543
3758 0.0334518636
3759 0.0334551729
3760 0.0334584822
3761 0.0334617915
3762 0.0334651008
3763 0.03346841
3764 0.0334717193
3765 0.0334750286
3766 0.0334783379
3767 0.0334816472
3768 0.0334849565
3769 0.0334882658
3770 0.0334915751
3771 0.0334948844
3772 0.0334981937
3773 0.033501503
3774 0.0335048122
3775 0.0335081215
3776 0.0335114308
3777 0.0335147401
3778 0.0335180494
3779 0.0335213587
3780 0.033524668
3781 0.0335279773
3782 0.0335312866
3783 0.0335345959
3784 0.0335379051
3785 0.0335412144
3786 0.0335445237
3787 0.033547833
3788 0.0335511423
3789 0.0335544516
3790 0.0335577609
3791 0.0335610702
3792 0.0335643795
3793 0.0335676888
3794 0.0335709981
3795 0.0335743073
3796 0.0335776166
3797 0.0335809259
3798 0.0335842352
3799 0.0335875445
3800 0.0335908538
3801 0.0335941631
3802 0.0335974724
3803 0.0336007817
3804 0.033604091
3805 0.0336074003
3806 0.0336107095
3807 0.0336140188
3808 0.0336173281
3809 0.0336206374
3810 0.0336239467
3811 0.033627256
3812 0.0336305653
3813 0.0336338746
3814 0.0336371839
3815 0.0336404932
3816 0.0336438025
3817 0.0336471117
3818 0.033650421
3819 0.0336537303
3820 0.0336570396
3821 0.0336603489
3822 0.0336636582
3823 0.0336669675
3824 0.0336702768
3825 0.0336735861
3826 0.0336768954
3827 0.0336802046
3828 0.0336835139
3829 0.0336868232
3830 0.0336901325
3831 0.0336934418
3832 0.0336967511
3833 0.0337000604
3834 0.0337033697
3835 0.033706679
3836 0.0337099883
3837 0.0337132976
3838 0.0337166068
3839 0.0337199161
3840 0.0337232254
3841 0.0337265347
3842 0.033729844
3843 0.0337331533
3844 0.0337364626
3845 0.0337397719
3846 0.0337430812
3847 0.0337463905
3848 0.0337496998
3849 0.033753009
3850 0.0337563183
3851 0.0337596276
3852 0.0337629369
3853 0.0337662462
3854 0.0337695555
3855 0.0337728648
3856 0.0337761741
3857 0.0337794834
3858 0.0337827927
3859 0.0337861019
3860 0.0337894112
3861 0.0337927205
3862 0.0337960298
3863 0.0337993391
3864 0.0338026484
3865 0.0338059577
3866 0.033809267
3867 0.0338125763
3868 0.0338158856
3869 0.0338191949
3870 0.0338225041
3871 0.0338258134
3872 0.0338291227
3873 0.033832432
3874 0.0338357413
3875 0.0338390506
3876 0.0338423599
3877 0.0338456692
3878 0.0338489785
3879 0.0338522878
3880 0.0338555971
3881 0.0338589063
3882 0.0338622156
3883 0.0338655249
3884 0.0338688342
3885 0.0338721435
3886 0.0338754528
3887 0.0338787621
3888 0.0338820714
3889 0.0338853807
3890 0.03388869
3891 0.0338919992
3892 0.0338953085
3893 0.0338986178
3894 0.0339019271
3895 0.0339052364
3896 0.0339085457
3897 0.033911855
3898 0.0339151643
3899 0.0339184736
3900 0.0339217829
3901 0.0339250922
3902 0.0339284014
3903 0.0339317107
3904 0.03393502
3905 0.0339383293
3906 0.0339416386
3907 0.0339449479
3908 0.0339482572
3909 0.0339515665
3910 0.0339548758
3911 0.0339581851
3912 0.0339614944
3913 0.0339648036
3914 0.0339681129
3915 0.0339714222
3916 0.0339747315
3917 0.0339780408
3918 0.0339813501
3919 0.0339846594
3920 0.0339879687
3921 0.033991278
3922 0.0339945873
3923 0.0339978966
3924 0.0340012058
3925 0.0340045151
3926 0.0340078244
3927 0.0340111337
3928 0.034014443
3929 0.0340177523
3930 0.0340210616
3931 0.0340243709
3932 0.0340276802
3933 0.0340309895
3934 0.0340342987
3935 0.034037608
3936 0.0340409173
3937 0.0340442266
3938 0.0340475359
3939 0.0340508452
3940 0.0340541545
3941 0.0340574638
3942 0.0340607731
3943 0.0340640824
3944 0.0340673917
3945 0.0340707009
3946 0.0340740102
3947 0.0340773195
3948 0.0340806288
3949 0.0340839381
3950 0.0340872474
3951 0.0340905567
3952 0.034093866
3953 0.0340971753
3954 0.0341004846
3955 0.0341037939
3956 0.0341071031
3957 0.0341104124
3958 0.0341137217
3959 0.034117031
3960 0.0341203403
3961 0.0341236496
3962 0.0341269589
3963 0.0341302682
3964 0.0341335775
3965 0.0341368868
3966 0.034140196
3967 0.0341435053
3968 0.0341468146
3969 0.0341501239
3970 0.0341534332
3971 0.0341567425
3972 0.0341600518
3973 0.0341633611
3974 0.0341666704
3975 0.0341699797
3976 0.034173289
3977 0.0341765982
3978 0.0341799075
3979 0.0341832168
3980 0.0341865261
3981 0.0341898354
3982 0.0341931447
3983 0.034196454
3984 0.0341997633
3985 0.0342030726
3986 0.0342063819
3987 0.0342096912
3988 0.0342130004
3989 0.0342163097
3990 0.034219619
3991 0.0342229283
3992 0.0342262376
3993 0.0342295469
3994 0.0342328562
3995 0.0342361655
3996 0.0342394748
3997 0.0342427841
3998 0.0342460934
3999 0.0342494026
4000 0.0342527119
4001 0.0342560212
4002 0.0342593305
4003 0.0342626398
4004 0.0342659491
4005 0.0342692584
4006 0.0342725677
4007 0.034275877
4008 0.0342791863
4009 0.0342824955
4010 0.0342858048
4011 0.0342891141
4012 0.0342924234
4013 0.0342957327
4014 0.034299042
4015 0.0343023513
4016 0.0343056606
4017 0.0343089699
4018 0.0343122792
4019 0.0343155885
4020 0.0343188977
4021 0.034322207
4022 0.0343255163
4023 0.0343288256
4024 0.0343321349
4025 0.0343354442
4026 0.0343387535
4027 0.0343420628
4028 0.0343453721
4029 0.0343486814
4030 0.0343519907
4031 0.0343552999
4032 0.0343586092
4033 0.0343619185
4034 0.0343652278
4035 0.0343685371
4036 0.0343718464
4037 0.0343751557
4038 0.034378465
4039 0.0343817743
4040 0.0343850836
4041 0.0343883928
4042 0.0343917021
4043 0.0343950114
4044 0.0343983207
4045 0.03440163
4046 0.0344049393
4047 0.0344082486
4048 0.0344115579
4049 0.0344148672
4050 0.0344181765
4051 0.0344214858
4052 0.034424795
4053 0.0344281043
4054 0.0344314136
4055 0.0344347229
4056 0.0344380322
4057 0.0344413415
4058 0.0344446508
4059 0.0344479601
4060 0.0344512694
4061 0.0344545787
4062 0.034457888
4063 0.0344611972
4064 0.0344645065
4065 0.0344678158
4066 0.0344711251
4067 0.0344744344
4068 0.0344777437
4069 0.034481053
4070 0.0344843623
4071 0.0344876716
4072 0.0344909809
4073 0.0344942901
4074 0.0344975994
4075 0.0345009087
4076 0.034504218
4077 0.0345075273
4078 0.0345108366
4079 0.0345141459
4080 0.0345174552
4081 0.0345207645
4082 0.0345240738
4083 0.0345273831
4084 0.0345306923
4085 0.0345340016
4086 0.0345373109
4087 0.0345406202
4088 0.0345439295
4089 0.0345472388
4090 0.0345505481
4091 0.0345538574
4092 0.0345571667
4093 0.034560476
4094 0.0345637853
4095 0.0345670945
4096 0.0345704038
4097 0.0345737131
4098 0.0345770224
4099 0.0345803317
4100 0.034583641
4101 0.0345869503
4102 0.0345902596
4103 0.0345935689
4104 0.0345968782
4105 0.0346001875
4106 0.0346034967
4107 0.034606806
4108 0.0346101153
4109 0.0346134246
4110 0.0346167339
4111 0.0346200432
4112 0.0346233525
4113 0.0346266618
4114 0.0346299711
4115 0.0346332804
4116 0.0346365896
4117 0.0346398989
4118 0.0346432082
4119 0.0346465175
4120 0.0346498268
4121 0.0346531361
4122 0.0346564454
4123 0.0346597547
4124 0.034663064
4125 0.0346663733
4126 0.0346696826
4127 0.0346729918
4128 0.0346763011
4129 0.0346796104
4130 0.0346829197
4131 0.034686229
4132 0.0346895383
4133 0.0346928476
4134 0.0346961569
4135 0.0346994662
4136 0.0347027755
4137 0.0347060848
4138 0.034709394
4139 0.0347127033
4140 0.0347160126
4141 0.0347193219
4142 0.0347226312
4143 0.0347259405
4144 0.0347292498
4145 0.0347325591
4146 0.0347358684
4147 0.0347391777
4148 0.0347424869
4149 0.0347457962
4150 0.0347491055
4151 0.0347524148
4152 0.0347557241
4153 0.0347590334
4154 0.0347623427
4155 0.034765652
4156 0.0347689613
4157 0.0347722706
4158 0.0347755799
4159 0.0347788891
4160 0.0347821984
4161 0.0347855077
4162 0.034788817
4163 0.0347921263
4164 0.0347954356
4165 0.0347987449
4166 0.0348020542
4167 0.0348053635
4168 0.0348086728
4169 0.0348119821
4170 0.0348152913
4171 0.0348186006
4172 0.0348219099
4173 0.0348252192
4174 0.0348285285
4175 0.0348318378
4176 0.0348351471
4177 0.0348384564
4178 0.0348417657
4179 0.034845075
4180 0.0348483842
4181 0.0348516935
4182 0.0348550028
4183 0.0348583121
4184 0.0348616214
4185 0.0348649307
4186 0.03486824
4187 0.0348715493
4188 0.0348748586
4189 0.0348781679
4190 0.0348814772
4191 0.0348847864
4192 0.0348880957
4193 0.034891405
4194 0.0348947143
4195 0.0348980236
4196 0.0349013329
4197 0.0349046422
4198 0.0349079515
4199 0.0349112608
4200 0.0349145701
4201 0.0349178794
4202 0.0349211886
4203 0.0349244979
4204 0.0349278072
4205 0.0349311165
4206 0.0349344258
4207 0.0349377351
4208 0.0349410444
4209 0.0349443537
4210 0.034947663
4211 0.0349509723
4212 0.0349542816
4213 0.0349575908
4214 0.0349609001
4215 0.0349642094
4216 0.0349675187
4217 0.034970828
4218 0.0349741373
4219 0.0349774466
4220 0.0349807559
4221 0.0349840652
4222 0.0349873745
4223 0.0349906837
4224 0.034993993
4225 0.0349973023
4226 0.0350006116
4227 0.0350039209
4228 0.0350072302
4229 0.0350105395
4230 0.0350138488
4231 0.0350171581
4232 0.0350204674
4233 0.0350237767
4234 0.0350270859
4235 0.0350303952
4236 0.0350337045
4237 0.0350370138
4238 0.0350403231
4239 0.0350436324
4240 0.0350469417
4241 0.035050251
4242 0.0350535603
4243 0.0350568696
4244 0.0350601789
4245 0.0350634881
4246 0.0350667974
4247 0.0350701067
4248 0.035073416
4249 0.0350767253
4250 0.0350800346
4251 0.0350833439
4252 0.0350866532
4253 0.0350899625
4254 0.0350932718
4255 0.035096581
4256 0.0350998903
4257 0.0351031996
4258 0.0351065089
4259 0.0351098182
4260 0.0351131275
4261 0.0351164368
4262 0.0351197461
4263 0.0351230554
4264 0.0351263647
4265 0.035129674
4266 0.0351329832
4267 0.0351362925
4268 0.0351396018
4269 0.0351429111
4270 0.0351462204
4271 0.0351495297
4272 0.035152839
4273 0.0351561483
4274 0.0351594576
4275 0.0351627669
4276 0.0351660762
4277 0.0351693854
4278 0.0351726947
4279 0.035176004
4280 0.0351793133
4281 0.0351826226
4282 0.0351859319
4283 0.0351892412
4284 0.0351925505
4285 0.0351958598
4286 0.0351991691
4287 0.0352024783
4288 0.0352057876
4289 0.0352090969
4290 0.0352124062
4291 0.0352157155
4292 0.0352190248
4293 0.0352223341
4294 0.0352256434
4295 0.0352289527
4296 0.035232262
4297 0.0352355713
4298 0.0352388805
4299 0.0352421898
4300 0.0352454991
4301 0.0352488084
4302 0.0352521177
4303 0.035255427
4304 0.0352587363
4305 0.0352620456
4306 0.0352653549
4307 0.0352686642
4308 0.0352719735
4309 0.0352752827
4310 0.035278592
4311 0.0352819013
4312 0.0352852106
4313 0.0352885199
4314 0.0352918292
4315 0.0352951385
4316 0.0352984478
4317 0.0353017571
4318 0.0353050664
4319 0.0353083757
4320 0.0353116849
4321 0.0353149942
4322 0.0353183035
4323 0.0353216128
4324 0.0353249221
4325 0.0353282314
4326 0.0353315407
4327 0.03533485
4328 0.0353381593
4329 0.0353414686
4330 0.0353447778
4331 0.0353480871
4332 0.0353513964
4333 0.0353547057
4334 0.035358015
4335 0.0353613243
4336 0.0353646336
4337 0.0353679429
4338 0.0353712522
4339 0.0353745615
4340 0.0353778708
4341 0.03538118
4342 0.0353844893
4343 0.0353877986
4344 0.0353911079
4345 0.0353944172
4346 0.0353977265
4347 0.0354010358
4348 0.0354043451
4349 0.0354076544
4350 0.0354109637
4351 0.035414273
4352 0.0354175822
4353 0.0354208915
4354 0.0354242008
4355 0.0354275101
4356 0.0354308194
4357 0.0354341287
4358 0.035437438
4359 0.0354407473
4360 0.0354440566
4361 0.0354473659
4362 0.0354506751
4363 0.0354539844
4364 0.0354572937
4365 0.035460603
4366 0.0354639123
4367 0.0354672216
4368 0.0354705309
4369 0.0354738402
4370 0.0354771495
4371 0.0354804588
4372 0.0354837681
4373 0.0354870773
4374 0.0354903866
4375 0.0354936959
4376 0.0354970052
4377 0.0355003145
4378 0.0355036238
4379 0.0355069331
4380 0.0355102424
4381 0.0355135517
4382 0.035516861
4383 0.0355201703
4384 0.0355234795
4385 0.0355267888
4386 0.0355300981
4387 0.0355334074
4388 0.0355367152
4389 0.035540023
4390 0.0355433308
4391 0.0355466386
4392 0.0355499464
4393 0.0355532541
4394 0.0355565619
4395 0.0355598697
4396 0.0355631775
4397 0.0355664853
4398 0.0355697931
4399 0.0355731009
4400 0.0355764087
4401 0.0355797164
4402 0.0355830242
4403 0.035586332
4404 0.0355896398
4405 0.0355929476
4406 0.0355962554
4407 0.0355995632
4408 0.035602871
4409 0.0356061787
4410 0.0356094865
4411 0.0356127943
4412 0.0356161021
4413 0.0356194099
4414 0.0356227177
4415 0.0356260255
4416 0.0356293333
4417 0.035632641
4418 0.0356359488
4419 0.0356392566
4420 0.0356425644
4421 0.0356458722
4422 0.03564918
4423 0.0356524878
4424 0.0356557956
4425 0.0356591033
4426 0.0356624111
4427 0.0356657189
4428 0.0356690267
4429 0.0356723345
4430 0.0356756423
4431 0.0356789501
4432 0.0356822579
4433 0.0356855656
4434 0.0356888734
4435 0.0356921812
4436 0.035695489
4437 0.0356987968
4438 0.0357021046
4439 0.0357054124
4440 0.0357087202
4441 0.0357120279
4442 0.0357153357
4443 0.0357186435
4444 0.0357219513
4445 0.0357252591
4446 0.0357285669
4447 0.0357318747
4448 0.0357351825
4449 0.0357384902
4450 0.035741798
4451 0.0357451058
4452 0.0357484136
4453 0.0357517214
4454 0.0357550292
4455 0.035758337
4456 0.0357616448
4457 0.0357649525
4458 0.0357682603
4459 0.0357715681
4460 0.0357748759
4461 0.0357781837
4462 0.0357814915
4463 0.0357847993
4464 0.0357881071
4465 0.0357914148
4466 0.0357947226
4467 0.0357980304
4468 0.0358013382
4469 0.035804646
4470 0.0358079538
4471 0.0358112616
4472 0.0358145694
4473 0.0358178771
4474 0.0358211849
4475 0.0358244927
4476 0.0358278005
4477 0.0358311083
4478 0.0358344161
4479 0.0358377239
4480 0.0358410317
4481 0.0358443394
4482 0.0358476472
4483 0.035850955
4484 0.0358542628
4485 0.0358575706
4486 0.0358608784
4487 0.0358641862
4488 0.035867494
4489 0.0358708017
4490 0.0358741095
4491 0.0358774173
4492 0.0358807251
4493 0.0358840329
4494 0.0358873407
4495 0.0358906485
4496 0.0358939562
4497 0.035897264
4498 0.0359005718
4499 0.0359038796
4500 0.0359071874
4501 0.0359104952
4502 0.035913803
4503 0.0359171108
4504 0.0359204185
4505 0.0359237263
4506 0.0359270341
4507 0.0359303419
4508 0.0359336497
4509 0.0359369575
4510 0.0359402653
4511 0.0359435731
4512 0.0359468808
4513 0.0359501886
4514 0.0359534964
4515 0.0359568042
4516 0.035960112
4517 0.0359634198
4518 0.0359667276
4519 0.0359700354
4520 0.0359733431
4521 0.0359766509
4522 0.0359799587
4523 0.0359832665
4524 0.0359865743
4525 0.0359898821
4526 0.0359931899
4527 0.0359964977
4528 0.0359998054
4529 0.0360031132
4530 0.036006421
4531 0.0360097288
4532 0.0360130366
4533 0.0360163444
4534 0.0360196522
4535 0.03602296
4536 0.0360262677
4537 0.0360295755
4538 0.0360328833
4539 0.0360361911
4540 0.0360394989
4541 0.0360428067
4542 0.0360461145
4543 0.0360494223
4544 0.03605273
4545 0.0360560378
4546 0.0360593456
4547 0.0360626534
4548 0.0360659612
4549 0.036069269
4550 0.0360725768
4551 0.0360758846
4552 0.0360791923
4553 0.0360825001
4554 0.0360858079
4555 0.0360891157
4556 0.0360924235
4557 0.0360957313
4558 0.0360990391
4559 0.0361023469
4560 0.0361056546
4561 0.0361089624
4562 0.0361122702
4563 0.036115578
4564 0.0361188858
4565 0.0361221936
4566 0.0361255014
4567 0.0361288092
4568 0.0361321169
4569 0.0361354247
4570 0.0361387325
4571 0.0361420403
4572 0.0361453481
4573 0.0361486559
4574 0.0361519637
4575 0.0361552715
4576 0.0361585792
4577 0.036161887
4578 0.0361651948
4579 0.0361685026
4580 0.0361718104
4581 0.0361751182
4582 0.036178426
4583 0.0361817338
4584 0.0361850415
4585 0.0361883493
4586 0.0361916571
4587 0.0361949649
4588 0.0361982727
4589 0.0362015805
4590 0.0362048883
4591 0.0362081961
4592 0.0362115038
4593 0.0362148116
4594 0.0362181194
4595 0.0362214272
4596 0.036224735
4597 0.0362280428
4598 0.0362313506
4599 0.0362346584
4600 0.0362379661
4601 0.0362412739
4602 0.0362445817
4603 0.0362478895
4604 0.0362511973
4605 0.0362545051
4606 0.0362578129
4607 0.0362611207
4608 0.0362644284
4609 0.0362677362
4610 0.036271044
4611 0.0362743518
4612 0.0362776596
4613 0.0362809674
4614 0.0362842752
4615 0.036287583
4616 0.0362908907
4617 0.0362941985
4618 0.0362975063
4619 0.0363008141
4620 0.0363041219
4621 0.0363074297
4622 0.0363107375
4623 0.0363140453
4624 0.036317353
4625 0.0363206608
4626 0.0363239686
4627 0.0363272764
4628 0.0363305842
4629 0.036333892
4630 0.0363371998
4631 0.0363405076
4632 0.0363438153
4633 0.0363471231
4634 0.0363504309
4635 0.0363537387
4636 0.0363570465
4637 0.0363603543
4638 0.0363636621
4639 0.0363669699
4640 0.0363702776
4641 0.0363735854
4642 0.0363768932
4643 0.036380201
4644 0.0363835088
4645 0.0363868166
4646 0.0363901244
4647 0.0363934322
4648 0.0363967399
4649 0.0364000477
4650 0.0364033555
4651 0.0364066633
4652 0.0364099711
4653 0.0364132789
4654 0.0364165867
4655 0.0364198945
4656 0.0364232022
4657 0.03642651
4658 0.0364298178
4659 0.0364331256
4660 0.0364364334
4661 0.0364397412
4662 0.036443049
4663 0.0364463568
4664 0.0364496645
4665 0.0364529723
4666 0.0364562801
4667 0.0364595879
4668 0.0364628957
4669 0.0364662035
4670 0.0364695113
4671 0.0364728191
4672 0.0364761268
4673 0.0364794346
4674 0.0364827424
4675 0.0364860502
4676 0.036489358
4677 0.0364926658
4678 0.0364959736
4679 0.0364992814
4680 0.0365025891
4681 0.0365058969
4682 0.0365092047
4683 0.0365125125
4684 0.0365158203
4685 0.0365191281
4686 0.0365224359
4687 0.0365257437
4688 0.0365290514
4689 0.0365323592
4690 0.036535667
4691 0.0365389748
4692 0.0365422826
4693 0.0365455904
4694 0.0365488982
4695 0.036552206
4696 0.0365555137
4697 0.0365588215
4698 0.0365621293
4699 0.0365654371
4700 0.0365687449
4701 0.0365720527
4702 0.0365753605
4703 0.0365786683
4704 0.036581976
4705 0.0365852838
4706 0.0365885916
4707 0.0365918994
4708 0.0365952072
4709 0.036598515
4710 0.0366018228
4711 0.0366051306
4712 0.0366084383
4713 0.0366117461
4714 0.0366150539
4715 0.0366183617
4716 0.0366216695
4717 0.0366249773
4718 0.0366282851
4719 0.0366315929
4720 0.0366349006
4721 0.0366382084
4722 0.0366415162
4723 0.036644824
4724 0.0366481318
4725 0.0366514396
4726 0.0366547474
4727 0.0366580552
4728 0.0366613629
4729 0.0366646707
4730 0.0366679785
4731 0.0366712863
4732 0.0366745941
4733 0.0366779019
4734 0.0366812097
4735 0.0366845175
4736 0.0366878252
4737 0.036691133
4738 0.0366944408
4739 0.0366977486
4740 0.0367010564
4741 0.0367043642
4742 0.036707672
4743 0.0367109798
4744 0.0367142875
4745 0.0367175953
4746 0.0367209031
4747 0.0367242109
4748 0.0367275187
4749 0.0367308265
4750 0.0367341343
4751 0.0367374421
4752 0.0367407498
4753 0.0367440576
4754 0.0367473654
4755 0.0367506732
4756 0.036753981
4757 0.0367572888
4758 0.0367605966
4759 0.0367639044
4760 0.0367672121
4761 0.0367705199
4762 0.0367738277
4763 0.0367771355
4764 0.0367804433
4765 0.0367837511
4766 0.0367870589
4767 0.0367903667
4768 0.0367936744
4769 0.0367969822
4770 0.03680029
4771 0.0368035978
4772 0.0368069056
4773 0.0368102134
4774 0.0368135212
4775 0.036816829
4776 0.0368201367
4777 0.0368234445
4778 0.0368267523
4779 0.0368300601
4780 0.0368333679
4781 0.0368366757
4782 0.0368399835
4783 0.0368432913
4784 0.036846599
4785 0.0368499068
4786 0.0368532146
4787 0.0368565224
4788 0.0368598302
4789 0.036863138
4790 0.0368664458
4791 0.0368697536
4792 0.0368730613
4793 0.0368763691
4794 0.0368796769
4795 0.0368829847
4796 0.0368862925
4797 0.0368896003
4798 0.0368929081
4799 0.0368962159
4800 0.0368995236
4801 0.0369028314
4802 0.0369061392
4803 0.036909447
4804 0.0369127548
4805 0.0369160626
4806 0.0369193704
4807 0.0369226782
4808 0.0369259859
4809 0.0369292937
4810 0.0369326015
4811 0.0369359093
4812 0.0369392171
4813 0.0369425249
4814 0.0369458327
4815 0.0369491405
4816 0.0369524482
4817 0.036955756
4818 0.0369590638
4819 0.0369623716
4820 0.0369656794
4821 0.0369689872
4822 0.036972295
4823 0.0369756028
4824 0.0369789105
4825 0.0369822183
4826 0.0369855261
4827 0.0369888339
4828 0.0369921417
4829 0.0369954495
4830 0.0369987573
4831 0.0370020651
4832 0.0370053728
4833 0.0370086806
4834 0.0370119884
4835 0.0370152962
4836 0.037018604
4837 0.0370219118
4838 0.0370252196
4839 0.0370285274
4840 0.0370318351
4841 0.0370351429
4842 0.0370384507
4843 0.0370417585
4844 0.0370450663
4845 0.0370483741
4846 0.0370516819
4847 0.0370549897
4848 0.0370582974
4849 0.0370616052
4850 0.037064913
4851 0.0370682208
4852 0.0370715286
4853 0.0370748364
4854 0.0370781442
4855 0.037081452
4856 0.0370847597
4857 0.0370880675
4858 0.0370913753
4859 0.0370946831
4860 0.0370979909
4861 0.0371012987
4862 0.0371046065
4863 0.0371079143
4864 0.037111222
4865 0.0371145298
4866 0.0371178376
4867 0.0371211454
4868 0.0371244532
4869 0.037127761
4870 0.0371310688
4871 0.0371343766
4872 0.0371376843
4873 0.0371409921
4874 0.0371442999
4875 0.0371476077
4876 0.0371509155
4877 0.0371542233
4878 0.0371575311
4879 0.0371608389
4880 0.0371641466
4881 0.0371674544
4882 0.0371707622
4883 0.03717407
4884 0.0371773778
4885 0.0371806856
4886 0.0371839934
4887 0.0371873012
4888 0.0371906089
4889 0.0371939167
4890 0.0371972245
4891 0.0372005323
4892 0.0372038401
4893 0.0372071479
4894 0.0372104557
4895 0.0372137635
4896 0.0372170712
4897 0.037220379
4898 0.0372236868
4899 0.0372269946
4900 0.0372303024
4901 0.0372336102
4902 0.037236918
4903 0.0372402258
4904 0.0372435335
4905 0.0372468413
4906 0.0372501491
4907 0.0372534569
4908 0.0372567647
4909 0.0372600725
4910 0.0372633803
4911 0.0372666881
4912 0.0372699958
4913 0.0372733036
4914 0.0372766114
4915 0.0372799192
4916 0.037283227
4917 0.0372865348
4918 0.0372898426
4919 0.0372931504
4920 0.0372964581
4921 0.0372997659
4922 0.0373030737
4923 0.0373063815
4924 0.0373096893
4925 0.0373129971
4926 0.0373163049
4927 0.0373196127
4928 0.0373229204
4929 0.0373262282
4930 0.037329536
4931 0.0373328438
4932 0.0373361516
4933 0.0373394594
4934 0.0373427672
4935 0.037346075
4936 0.0373493827
4937 0.0373526905
4938 0.0373559983
4939 0.0373593061
4940 0.0373626139
4941 0.0373659217
4942 0.0373692295
4943 0.0373725373
4944 0.037375845
4945 0.0373791528
4946 0.0373824606
4947 0.0373857684
4948 0.0373890762
4949 0.037392384
4950 0.0373956918
4951 0.0373989996
4952 0.0374023073
4953 0.0374056151
4954 0.0374089229
4955 0.0374122307
4956 0.0374155385
4957 0.0374188463
4958 0.0374221541
4959 0.0374254619
4960 0.0374287696
4961 0.0374320774
4962 0.0374353852
4963 0.037438693
4964 0.0374420008
4965 0.0374453086
4966 0.0374486164
4967 0.0374519241
4968 0.0374552319
4969 0.0374585397
4970 0.0374618475
4971 0.0374651553
4972 0.0374684631
4973 0.0374717709
4974 0.0374750787
4975 0.0374783864
4976 0.0374816942
4977 0.037485002
4978 0.0374883098
4979 0.0374916176
4980 0.0374949254
4981 0.0374982332
4982 0.037501541
4983 0.0375048487
4984 0.0375081565
4985 0.0375114643
4986 0.0375147721
4987 0.0375180799
4988 0.0375213877
4989 0.0375246955
4990 0.0375280033
4991 0.037531311
4992 0.0375346188
4993 0.0375379266
4994 0.0375412344
4995 0.0375445422
4996 0.03754785
4997 0.0375511578
4998 0.0375544656
4999 0.0375577733
5000 0.0375610811
5001 0.0375643889
5002 0.0375676967
5003 0.0375710045
5004 0.0375743123
5005 0.0375776201
5006 0.0375809279
5007 0.0375842356
5008 0.0375875434
5009 0.0375908512
5010 0.037594159
5011 0.0375974668
5012 0.0376007746
5013 0.0376040824
5014 0.0376073902
5015 0.0376106979
5016 0.0376140057
5017 0.0376173135
5018 0.0376206213
5019 0.0376239291
5020 0.0376272369
5021 0.0376305447
5022 0.0376338525
5023 0.0376371602
5024 0.037640468
5025 0.0376437758
5026 0.0376470836
5027 0.0376503914
5028 0.0376536992
5029 0.037657007
5030 0.0376603148
5031 0.0376636225
5032 0.0376669303
5033 0.0376702381
5034 0.0376735459
5035 0.0376768537
5036 0.0376801615
5037 0.0376834693
5038 0.0376867771
5039 0.0376900848
5040 0.0376933926
5041 0.0376967004
5042 0.0377000082
5043 0.037703316
5044 0.0377066238
5045 0.0377099316
5046 0.0377132394
5047 0.0377165471
5048 0.0377198549
5049 0.0377231627
5050 0.0377264705
5051 0.0377297783
5052 0.0377330861
5053 0.0377363939
5054 0.0377397017
5055 0.0377430094
5056 0.0377463172
5057 0.037749625
5058 0.0377529328
5059 0.0377562406
5060 0.0377595484
5061 0.0377628562
5062 0.037766164
5063 0.0377694717
5064 0.0377727795
5065 0.0377760873
5066 0.0377793951
5067 0.0377827029
5068 0.0377860107
5069 0.0377893185
5070 0.0377926263
5071 0.037795934
5072 0.0377992418
5073 0.0378025496
5074 0.0378058574
5075 0.0378091652
5076 0.037812473
5077 0.0378157808
5078 0.0378190886
5079 0.0378223963
5080 0.0378257041
5081 0.0378290119
5082 0.0378323197
5083 0.0378356275
5084 0.0378389353
5085 0.0378422431
5086 0.0378455509
5087 0.0378488586
5088 0.0378521664
5089 0.0378554742
5090 0.037858782
5091 0.0378620898
5092 0.0378653976
5093 0.0378687054
5094 0.0378720132
5095 0.0378753209
5096 0.0378786287
5097 0.0378819365
5098 0.0378852443
5099 0.0378885521
5100 0.0378918599
5101 0.0378951677
5102 0.0378984755
5103 0.0379017832
5104 0.037905091
5105 0.0379083988
5106 0.0379117066
5107 0.0379150144
5108 0.0379183222
5109 0.03792163
5110 0.0379249378
5111 0.0379282455
5112 0.0379315533
5113 0.0379348611
5114 0.0379381689
5115 0.0379414767
5116 0.0379447845
5117 0.0379480923
5118 0.0379514001
5119 0.0379547078
5120 0.0379580156
5121 0.0379613234
5122 0.0379646312
5123 0.037967939
5124 0.0379712468
5125 0.0379745546
5126 0.0379778624
5127 0.0379811701
5128 0.0379844779
5129 0.0379877857
5130 0.0379910935
5131 0.0379944013
5132 0.0379977091
5133 0.0380010169
5134 0.0380043247
5135 0.0380076324
5136 0.0380109402
5137 0.038014248
5138 0.0380175558
5139 0.0380208636
5140 0.0380241714
5141 0.0380274792
5142 0.038030787
5143 0.0380340947
5144 0.0380374025
5145 0.0380407103
5146 0.0380440181
5147 0.0380473259
5148 0.0380506337
5149 0.0380539415
5150 0.0380572493
5151 0.038060557
5152 0.0380638648
5153 0.0380671726
5154 0.0380704804
5155 0.0380737882
5156 0.038077096
5157 0.0380804038
5158 0.0380837116
5159 0.0380870193
5160 0.0380903271
5161 0.0380936349
5162 0.0380969427
5163 0.0381002505
5164 0.0381035583
5165 0.0381068661
5166 0.0381101739
5167 0.0381134816
5168 0.0381167894
5169 0.0381200972
5170 0.038123405
5171 0.0381267128
5172 0.0381300206
5173 0.0381333284
5174 0.0381366362
5175 0.0381399439
5176 0.0381432517
5177 0.0381465595
5178 0.0381498673
5179 0.0381531751
5180 0.0381564829
5181 0.0381597907
5182 0.0381630985
5183 0.0381664062
5184 0.038169714
5185 0.0381730218
5186 0.0381763296
5187 0.0381796374
5188 0.0381829452
5189 0.038186253
5190 0.0381895608
5191 0.0381928685
5192 0.0381961763
5193 0.0381994841
5194 0.0382027919
5195 0.0382060997
5196 0.0382094075
5197 0.0382127153
5198 0.0382160231
5199 0.0382193308
5200 0.0382226386
5201 0.0382259464
5202 0.0382292542
5203 0.038232562
5204 0.0382358698
5205 0.0382391776
5206 0.0382424854
5207 0.0382457931
5208 0.0382491009
5209 0.0382524087
5210 0.0382557165
5211 0.0382590243
5212 0.0382623321
5213 0.0382656399
5214 0.0382689477
5215 0.0382722554
5216 0.0382755632
5217 0.038278871
5218 0.0382821788
5219 0.0382854866
5220 0.0382887944
5221 0.0382921022
5222 0.03829541
5223 0.0382987177
5224 0.0383020255
5225 0.0383053333
5226 0.0383086411
5227 0.0383119489
5228 0.0383152567
5229 0.0383185645
5230 0.0383218723
5231 0.03832518
5232 0.0383284878
5233 0.0383317956
5234 0.0383351034
5235 0.0383384112
5236 0.038341719
5237 0.0383450268
5238 0.0383483346
5239 0.0383516423
5240 0.0383549501
5241 0.0383582579
5242 0.0383615657
5243 0.0383648735
5244 0.0383681813
5245 0.0383714891
5246 0.0383747969
5247 0.0383781046
5248 0.0383814124
5249 0.0383847202
5250 0.038388028
5251 0.0383913358
5252 0.0383946436
5253 0.0383979514
5254 0.0384012592
5255 0.0384045669
5256 0.0384078747
5257 0.0384111825
5258 0.0384144903
5259 0.0384177981
5260 0.0384211059
5261 0.0384244137
5262 0.0384277215
5263 0.0384310292
5264 0.038434337
5265 0.0384376448
5266 0.0384409526
5267 0.0384442604
5268 0.0384475682
5269 0.038450876
5270 0.0384541838
5271 0.0384574915
5272 0.0384607993
5273 0.0384641071
5274 0.0384674149
5275 0.0384707227
5276 0.0384740305
5277 0.0384773383
5278 0.0384806461
5279 0.0384839538
5280 0.0384872616
5281 0.0384905694
5282 0.0384938772
5283 0.038497185
5284 0.0385004928
5285 0.0385038006
5286 0.0385071084
5287 0.0385104161
5288 0.0385137239
5289 0.0385170317
5290 0.0385203395
5291 0.0385236473
5292 0.0385269551
5293 0.0385302629
5294 0.0385335707
5295 0.0385368784
5296 0.0385401862
5297 0.038543494
5298 0.0385468018
5299 0.0385501096
5300 0.0385534174
5301 0.0385567252
5302 0.038560033
5303 0.0385633407
5304 0.0385666485
5305 0.0385699563
5306 0.0385732641
5307 0.0385765719
5308 0.0385798797
5309 0.0385831875
5310 0.0385864953
5311 0.038589803
5312 0.0385931108
5313 0.0385964186
5314 0.0385997264
5315 0.0386030342
5316 0.038606342
5317 0.0386096498
5318 0.0386129576
5319 0.0386162653
5320 0.0386195731
5321 0.0386228809
5322 0.0386261887
5323 0.0386294965
5324 0.0386328043
5325 0.0386361121
5326 0.0386394199
5327 0.0386427276
5328 0.0386460354
5329 0.0386493432
5330 0.038652651
5331 0.0386559588
5332 0.0386592666
5333 0.0386625744
5334 0.0386658822
5335 0.0386691899
5336 0.0386724977
5337 0.0386758055
5338 0.0386791133
5339 0.0386824211
5340 0.0386857289
5341 0.0386890367
5342 0.0386923445
5343 0.0386956522
5344 0.03869896
5345 0.0387022678
5346 0.0387055756
5347 0.0387088834
5348 0.0387121912
5349 0.038715499
5350 0.0387188068
5351 0.0387221145
5352 0.0387254223
5353 0.0387287301
5354 0.0387320379
5355 0.0387353457
5356 0.0387386535
5357 0.0387419613
5358 0.0387452691
5359 0.0387485768
5360 0.0387518846
5361 0.0387551924
5362 0.0387585002
5363 0.038761808
5364 0.0387651158
5365 0.0387684236
5366 0.0387717314
5367 0.0387750391
5368 0.0387783469
5369 0.0387816547
5370 0.0387849625
5371 0.0387882703
5372 0.0387915781
5373 0.0387948859
5374 0.0387981937
5375 0.0388015014
5376 0.0388048092
5377 0.038808117
5378 0.0388114248
5379 0.0388147326
5380 0.0388180404
5381 0.0388213482
5382 0.038824656
5383 0.0388279637
5384 0.0388312715
5385 0.0388345793
5386 0.0388378871
5387 0.0388411949
5388 0.0388445027
5389 0.0388478105
5390 0.0388511183
5391 0.038854426
5392 0.0388577338
5393 0.0388610416
5394 0.0388643494
5395 0.0388676572
5396 0.038870965
5397 0.0388742728
5398 0.0388775806
5399 0.0388808883
5400 0.0388841961
5401 0.0388875039
5402 0.0388908117
5403 0.0388941195
5404 0.0388974273
5405 0.0389007351
5406 0.0389040429
5407 0.0389073506
5408 0.0389106584
5409 0.0389139662
5410 0.038917274
5411 0.0389205818
5412 0.0389238896
5413 0.0389271974
5414 0.0389305052
5415 0.0389338129
5416 0.0389371207
5417 0.0389404285
5418 0.0389437363
5419 0.0389470441
5420 0.0389503519
5421 0.0389536597
5422 0.0389569675
5423 0.0389602752
5424 0.038963583
5425 0.0389668908
5426 0.0389701986
5427 0.0389735064
5428 0.0389768142
5429 0.038980122
5430 0.0389834298
5431 0.0389867375
5432 0.0389900453
5433 0.0389933531
5434 0.0389966609
5435 0.0389999687
5436 0.0390032765
5437 0.0390065843
5438 0.039009892
5439 0.0390131998
5440 0.0390165076
5441 0.0390198154
5442 0.0390231232
5443 0.039026431
5444 0.0390297388
5445 0.0390330466
5446 0.0390363543
5447 0.0390396621
5448 0.0390429699
5449 0.0390462777
5450 0.0390495855
5451 0.0390528933
5452 0.0390562011
5453 0.0390595089
5454 0.0390628166
5455 0.0390661244
5456 0.0390694322
5457 0.03907274
5458 0.0390760478
5459 0.0390793556
5460 0.0390826634
5461 0.0390859712
5462 0.0390892789
5463 0.0390925867
5464 0.0390958945
5465 0.0390992023
5466 0.0391025101
5467 0.0391058179
5468 0.0391091257
5469 0.0391124335
5470 0.0391157412
5471 0.039119049
5472 0.0391223568
5473 0.0391256646
5474 0.0391289724
5475 0.0391322802
5476 0.039135588
5477 0.0391388958
5478 0.0391422035
5479 0.0391455113
5480 0.0391488191
5481 0.0391521269
5482 0.0391554347
5483 0.0391587425
5484 0.0391620503
5485 0.0391649371
5486 0.039167824
5487 0.0391707109
5488 0.0391735977
5489 0.0391764846
5490 0.0391793715
5491 0.0391822583
5492 0.0391851452
5493 0.039188032
5494 0.0391909189
5495 0.0391938058
5496 0.0391966926
5497 0.0391995795
5498 0.0392024664
5499 0.0392053532
5500 0.0392082401
5501 0.039211127
5502 0.0392140138
5503 0.0392169007
5504 0.0392197875
5505 0.0392226744
5506 0.0392255613
5507 0.0392284481
5508 0.039231335
5509 0.0392342219
5510 0.0392371087
5511 0.0392399956
5512 0.0392428825
5513 0.0392457693
5514 0.0392486562
5515 0.039251543
5516 0.0392544299
5517 0.0392573168
5518 0.0392602036
5519 0.0392630905
5520 0.0392659774
5521 0.0392688642
5522 0.0392717511
5523 0.039274638
5524 0.0392775248
5525 0.0392804117
5526 0.0392832985
5527 0.0392861854
5528 0.0392890723
5529 0.0392919591
5530 0.039294846
5531 0.0392977329
5532 0.0393006197
5533 0.0393035066
5534 0.0393063935
5535 0.0393092803
5536 0.0393121672
5537 0.039315054
5538 0.0393179409
5539 0.0393208278
5540 0.0393237146
5541 0.0393266015
5542 0.0393294884
5543 0.0393323752
5544 0.0393352621
5545 0.039338149
5546 0.0393410358
5547 0.0393439227
5548 0.0393468095
5549 0.0393496964
5550 0.0393525833
5551 0.0393554701
5552 0.039358357
5553 0.0393612439
5554 0.0393641307
5555 0.0393670176
5556 0.0393699045
5557 0.0393727913
5558 0.0393756782
5559 0.039378565
5560 0.0393814519
5561 0.0393843388
5562 0.0393872256
5563 0.0393901125
5564 0.0393929994
5565 0.0393958862
5566 0.0393987731
5567 0.03940166
5568 0.0394045468
5569 0.0394074337
5570 0.0394103205
5571 0.0394132074
5572 0.0394160943
5573 0.0394189811
5574 0.039421868
5575 0.0394247549
5576 0.0394276417
5577 0.0394305286
5578 0.0394334155
5579 0.0394363023
5580 0.0394391892
5581 0.039442076
5582 0.0394449629
5583 0.0394478498
5584 0.0394507366
5585 0.0394536235
5586 0.0394565104
5587 0.0394593972
5588 0.0394622841
5589 0.039465171
5590 0.0394680578
5591 0.0394709447
5592 0.0394738315
5593 0.0394767184
5594 0.0394796053
5595 0.0394824921
5596 0.039485379
5597 0.0394882659
5598 0.0394911527
5599 0.0394940396
5600 0.0394969265
5601 0.0394998133
5602 0.0395027002
5603 0.039505587
5604 0.0395084739
5605 0.0395113608
5606 0.0395142476
5607 0.0395171345
5608 0.0395200214
5609 0.0395229082
5610 0.0395257951
5611 0.039528682
5612 0.0395315688
5613 0.0395344557
5614 0.0395373425
5615 0.0395402294
5616 0.0395431163
5617 0.0395460031
5618 0.03954889
5619 0.0395517769
5620 0.0395546637
5621 0.0395575506
5622 0.0395604375
5623 0.0395633243
5624 0.0395662112
5625 0.039569098
5626 0.0395719849
5627 0.0395748718
5628 0.0395777586
5629 0.0395806455
5630 0.0395835324
5631 0.0395864192
5632 0.0395893061
5633 0.039592193
5634 0.0395950798
5635 0.0395979667
5636 0.0396008535
5637 0.0396037404
5638 0.0396066273
5639 0.0396095141
5640 0.039612401
5641 0.0396152879
5642 0.0396181747
5643 0.0396210616
5644 0.0396239485
5645 0.0396268353
5646 0.0396297222
5647 0.039632609
5648 0.0396354959
5649 0.0396383828
5650 0.0396412696
5651 0.0396441565
5652 0.0396470434
5653 0.0396499302
5654 0.0396528171
5655 0.039655704
5656 0.0396585908
5657 0.0396614777
5658 0.0396643645
5659 0.0396672514
5660 0.0396701383
5661 0.0396730251
5662 0.039675912
5663 0.0396787989
5664 0.0396816857
5665 0.0396845726
5666 0.0396874595
5667 0.0396903463
5668 0.0396932332
5669 0.03969612
5670 0.0396990069
5671 0.0397018938
5672 0.0397047806
5673 0.0397076675
5674 0.0397105544
5675 0.0397134412
5676 0.0397163281
5677 0.039719215
5678 0.0397221018
5679 0.0397249887
5680 0.0397278755
5681 0.0397307624
5682 0.0397336493
5683 0.0397365361
5684 0.039739423
5685 0.0397423099
5686 0.0397451967
5687 0.0397480836
5688 0.0397509705
5689 0.0397538573
5690 0.0397567442
5691 0.039759631
5692 0.0397625179
5693 0.0397654048
5694 0.0397682916
5695 0.0397711785
5696 0.0397740654
5697 0.0397769522
5698 0.0397798391
5699 0.039782726
5700 0.0397856128
5701 0.0397884997
5702 0.0397913865
5703 0.0397942734
5704 0.0397971603
5705 0.0398000471
5706 0.039802934
5707 0.0398058209
5708 0.0398087077
5709 0.0398115946
5710 0.0398144815
5711 0.0398173683
5712 0.0398202552
5713 0.039823142
5714 0.0398260289
5715 0.0398289158
5716 0.0398318026
5717 0.0398346895
5718 0.0398375764
5719 0.0398404632
5720 0.0398433501
5721 0.039846237
5722 0.0398491238
5723 0.0398520107
5724 0.0398548975
5725 0.0398577844
5726 0.0398606713
5727 0.0398635581
5728 0.039866445
5729 0.0398693319
5730 0.0398722187
5731 0.0398751056
5732 0.0398779925
5733 0.0398808793
5734 0.0398837662
5735 0.039886653
5736 0.0398895399
5737 0.0398924268
5738 0.0398953136
5739 0.0398982005
5740 0.0399010874
5741 0.0399039742
5742 0.0399068611
5743 0.039909748
5744 0.0399126348
5745 0.0399155217
5746 0.0399184085
5747 0.0399212954
5748 0.0399241823
5749 0.0399270691
5750 0.039929956
5751 0.0399328429
5752 0.0399357297
5753 0.0399386166
5754 0.0399415035
5755 0.0399443903
5756 0.0399472772
5757 0.039950164
5758 0.0399530509
5759 0.0399559378
5760 0.0399588246
5761 0.0399617115
5762 0.0399645984
5763 0.0399674852
5764 0.0399703721
5765 0.039973259
5766 0.0399761458
5767 0.0399790327
5768 0.0399819195
5769 0.0399848064
5770 0.0399876933
5771 0.0399905801
5772 0.039993467
5773 0.0399963539
5774 0.0399992407
5775 0.0400021276
5776 0.0400050145
5777 0.0400079013
5778 0.0400107882
5779 0.040013675
5780 0.0400165619
5781 0.0400194488
5782 0.0400223356
5783 0.0400252225
5784 0.0400281094
5785 0.0400309962
5786 0.0400338831
5787 0.04003677
5788 0.0400396568
5789 0.0400425437
5790 0.0400454305
5791 0.0400483174
5792 0.0400512043
5793 0.0400540911
5794 0.040056978
5795 0.0400598649
5796 0.0400627517
5797 0.0400656386
5798 0.0400685255
5799 0.0400714123
5800 0.0400742992
5801 0.040077186
5802 0.0400800729
5803 0.0400829598
5804 0.0400858466
5805 0.0400887335
5806 0.0400916204
5807 0.0400945072
5808 0.0400973941
5809 0.040100281
5810 0.0401031678
5811 0.0401060547
5812 0.0401089415
5813 0.0401118284
5814 0.0401147153
5815 0.0401176021
5816 0.040120489
5817 0.0401233759
5818 0.0401262627
5819 0.0401291496
5820 0.0401320365
5821 0.0401349233
5822 0.0401378102
5823 0.040140697
5824 0.0401435839
5825 0.0401464708
5826 0.0401493576
5827 0.0401522445
5828 0.0401551314
5829 0.0401580182
5830 0.0401609051
5831 0.040163792
5832 0.0401666788
5833 0.0401695657
5834 0.0401724526
5835 0.0401753394
5836 0.0401782263
5837 0.0401811131
5838 0.040184
5839 0.0401868869
5840 0.0401897737
5841 0.0401926606
5842 0.0401955475
5843 0.0401984343
5844 0.0402013212
5845 0.0402042081
5846 0.0402070949
5847 0.0402099818
5848 0.0402128686
5849 0.0402157555
5850 0.0402186424
5851 0.0402215292
5852 0.0402244161
5853 0.040227303
5854 0.0402301898
5855 0.0402330767
5856 0.0402359636
5857 0.0402388504
5858 0.0402417373
5859 0.0402446241
5860 0.040247511
5861 0.0402503979
5862 0.0402532847
5863 0.0402561716
5864 0.0402590585
5865 0.0402619453
5866 0.0402648322
5867 0.0402677191
5868 0.0402706059
5869 0.0402734928
5870 0.0402763796
5871 0.0402792665
5872 0.0402821534
5873 0.0402850402
5874 0.0402879271
5875 0.040290814
5876 0.0402937008
5877 0.0402965877
5878 0.0402994746
5879 0.0403023614
5880 0.0403052483
5881 0.0403081351
5882 0.040311022
5883 0.0403139089
5884 0.0403167957
5885 0.0403196826
5886 0.0403225695
5887 0.0403254563
5888 0.0403283432
5889 0.0403312301
5890 0.0403341169
5891 0.0403370038
5892 0.0403398906
5893 0.0403427775
5894 0.0403456644
5895 0.0403485512
5896 0.0403514381
5897 0.040354325
5898 0.0403572118
5899 0.0403600987
5900 0.0403629856
5901 0.0403658724
5902 0.0403687593
5903 0.0403716461
5904 0.040374533
5905 0.0403774199
5906 0.0403803067
5907 0.0403831936
5908 0.0403860805
5909 0.0403889673
5910 0.0403918542
5911 0.0403947411
5912 0.0403976279
5913 0.0404005148
5914 0.0404034016
5915 0.0404062885
5916 0.0404091754
5917 0.0404120622
5918 0.0404149491
5919 0.040417836
5920 0.0404207228
5921 0.0404236097
5922 0.0404264966
5923 0.0404293834
5924 0.0404322703
5925 0.0404351571
5926 0.040438044
5927 0.0404409309
5928 0.0404438177
5929 0.0404467046
5930 0.0404495915
5931 0.0404524783
5932 0.0404553652
5933 0.0404582521
5934 0.0404611389
5935 0.0404640258
5936 0.0404669126
5937 0.0404697995
5938 0.0404726864
5939 0.0404755732
5940 0.0404784601
5941 0.040481347
5942 0.0404842338
5943 0.0404871207
5944 0.0404900076
5945 0.0404928944
5946 0.0404957813
5947 0.0404986681
5948 0.040501555
5949 0.0405044419
5950 0.0405073287
5951 0.0405102156
5952 0.0405131025
5953 0.0405159893
5954 0.0405188762
5955 0.0405217631
5956 0.0405246499
5957 0.0405275368
5958 0.0405304236
5959 0.0405333105
5960 0.0405361974
5961 0.0405390842
5962 0.0405419711
5963 0.040544858
5964 0.0405477448
5965 0.0405506317
5966 0.0405535186
5967 0.0405564054
5968 0.0405592923
5969 0.0405621791
5970 0.040565066
5971 0.0405679529
5972 0.0405708397
5973 0.0405737266
5974 0.0405766135
5975 0.0405795003
5976 0.0405823872
5977 0.0405852741
5978 0.0405881609
5979 0.0405910478
5980 0.0405939346
5981 0.0405968215
5982 0.0405997084
5983 0.0406025952
5984 0.0406054821
5985 0.040608369
5986 0.0406112558
5987 0.0406141427
5988 0.0406170296
5989 0.0406199164
5990 0.0406228033
5991 0.0406256901
5992 0.040628577
5993 0.0406314639
5994 0.0406343507
5995 0.0406372376
5996 0.0406401245
5997 0.0406430113
5998 0.0406458982
5999 0.0406487851
6000 0.0406516719
6001 0.0406545588
6002 0.0406574456
6003 0.0406603325
6004 0.0406632194
6005 0.0406661062
6006 0.0406689931
6007 0.04067188
6008 0.0406747668
6009 0.0406776537
6010 0.0406805406
6011 0.0406834274
6012 0.0406863143
6013 0.0406892011
6014 0.040692088
6015 0.0406949749
6016 0.0406978617
6017 0.0407007486
6018 0.0407036355
6019 0.0407065223
6020 0.0407094092
6021 0.0407122961
6022 0.0407151829
6023 0.0407180698
6024 0.0407209566
6025 0.0407238435
6026 0.0407267304
6027 0.0407296172
6028 0.0407325041
6029 0.040735391
6030 0.0407382778
6031 0.0407411647
6032 0.0407440516
6033 0.0407469384
6034 0.0407498253
6035 0.0407527121
6036 0.040755599
6037 0.0407584859
6038 0.0407613727
6039 0.0407642596
6040 0.0407671465
6041 0.0407700333
6042 0.0407729202
6043 0.0407758071
6044 0.0407786939
6045 0.0407815808
6046 0.0407844676
6047 0.0407873545
6048 0.0407902414
6049 0.0407931282
6050 0.0407960151
6051 0.040798902
6052 0.0408017888
6053 0.0408046757
6054 0.0408075626
6055 0.0408104494
6056 0.0408133363
6057 0.0408162231
6058 0.04081911
6059 0.0408219969
6060 0.0408248837
6061 0.0408277706
6062 0.0408306575
6063 0.0408335443
6064 0.0408364312
6065 0.0408393181
6066 0.0408422049
6067 0.0408450918
6068 0.0408479786
6069 0.0408508655
6070 0.0408537524
6071 0.0408566392
6072 0.0408595261
6073 0.040862413
6074 0.0408652998
6075 0.0408681867
6076 0.0408710736
6077 0.0408739604
6078 0.0408768473
6079 0.0408797341
6080 0.040882621
6081 0.0408855079
6082 0.0408883947
6083 0.0408912816
6084 0.0408941685
6085 0.0408970553
6086 0.0408999422
6087 0.0409028291
6088 0.0409057159
6089 0.0409086028
6090 0.0409114896
6091 0.0409143765
6092 0.0409172634
6093 0.0409201502
6094 0.0409230371
6095 0.040925924
6096 0.0409288108
6097 0.0409316977
6098 0.0409345846
6099 0.0409374714
6100 0.0409403583
6101 0.0409432451
6102 0.040946132
6103 0.0409490189
6104 0.0409519057
6105 0.0409547926
6106 0.0409576795
6107 0.0409605663
6108 0.0409634532
6109 0.0409663401
6110 0.0409692269
6111 0.0409721138
6112 0.0409750006
6113 0.0409778875
6114 0.0409807744
6115 0.0409836612
6116 0.0409865481
6117 0.040989435
6118 0.0409923218
6119 0.0409952087
6120 0.0409980956
6121 0.0410009824
6122 0.0410038693
6123 0.0410067561
6124 0.041009643
6125 0.0410125299
6126 0.0410154167
6127 0.0410183036
6128 0.0410211905
6129 0.0410240773
6130 0.0410269642
6131 0.0410298511
6132 0.0410327379
6133 0.0410356248
6134 0.0410385116
6135 0.0410413985
6136 0.0410442854
6137 0.0410471722
6138 0.0410500591
6139 0.041052946
6140 0.0410558328
6141 0.0410587197
6142 0.0410616066
6143 0.0410644934
6144 0.0410673803
6145 0.0410702671
6146 0.041073154
6147 0.0410760409
6148 0.0410789277
6149 0.0410818146
6150 0.0410847015
6151 0.0410875883
6152 0.0410904752
6153 0.0410933621
6154 0.0410962489
6155 0.0410991358
6156 0.0411020226
6157 0.0411049095
6158 0.0411077964
6159 0.0411106832
6160 0.0411135701
6161 0.041116457
6162 0.0411193438
6163 0.0411222307
6164 0.0411251176
6165 0.0411280044
6166 0.0411308913
6167 0.0411337781
6168 0.041136665
6169 0.0411395519
6170 0.0411424387
6171 0.0411453256
6172 0.0411482125
6173 0.0411510993
6174 0.0411539862
6175 0.0411568731
6176 0.0411597599
6177 0.0411626468
6178 0.0411655336
6179 0.0411684205
6180 0.0411713074
6181 0.0411741942
6182 0.0411770811
6183 0.041179968
6184 0.0411828548
6185 0.0411857417
6186 0.0411886286
6187 0.0411915154
6188 0.0411944023
6189 0.0411972891
6190 0.041200176
6191 0.0412030629
6192 0.0412059497
6193 0.0412088366
6194 0.0412117235
6195 0.0412146103
6196 0.0412174972
6197 0.0412203841
6198 0.0412232709
6199 0.0412261578
6200 0.0412290446
6201 0.0412319315
6202 0.0412348184
6203 0.0412377052
6204 0.0412405921
6205 0.041243479
6206 0.0412463658
6207 0.0412492527
6208 0.0412521396
6209 0.0412550264
6210 0.0412579133
6211 0.0412608001
6212 0.041263687
6213 0.0412665739
6214 0.0412694607
6215 0.0412723476
6216 0.0412752345
6217 0.0412781213
6218 0.0412810082
6219 0.0412838951
6220 0.0412867819
6221 0.0412896688
6222 0.0412925556
6223 0.0412954425
6224 0.0412983294
6225 0.0413012162
6226 0.0413041031
6227 0.04130699
6228 0.0413098768
6229 0.0413127637
6230 0.0413156506
6231 0.0413185374
6232 0.0413214243
6233 0.0413243111
6234 0.041327198
6235 0.0413300849
6236 0.0413329717
6237 0.0413358586
6238 0.0413387455
6239 0.0413416323
6240 0.0413445192
6241 0.0413474061
6242 0.0413502929
6243 0.0413531798
6244 0.0413560666
6245 0.0413589535
6246 0.0413618404
6247 0.0413647272
6248 0.0413676141
6249 0.041370501
6250 0.0413733878
6251 0.0413762747
6252 0.0413791616
6253 0.0413820484
6254 0.0413849353
6255 0.0413878221
6256 0.041390709
6257 0.0413935959
6258 0.0413964827
6259 0.0413993696
6260 0.0414022565
6261 0.0414051433
6262 0.0414080302
6263 0.0414109171
6264 0.0414138039
6265 0.0414166908
6266 0.0414195776
6267 0.0414224645
6268 0.0414253514
6269 0.0414282382
6270 0.0414311251
6271 0.041434012
6272 0.0414368988
6273 0.0414397857
6274 0.0414426726
6275 0.0414455594
6276 0.0414484463
6277 0.0414513331
6278 0.04145422
6279 0.0414571069
6280 0.0414599937
6281 0.0414628806
6282 0.0414657675
6283 0.0414686543
6284 0.0414715412
6285 0.0414744281
6286 0.0414773149
6287 0.0414802018
6288 0.0414830886
6289 0.0414859755
6290 0.0414888624
6291 0.0414917492
6292 0.0414946361
6293 0.041497523
6294 0.0415004098
6295 0.0415032967
6296 0.0415061836
6297 0.0415090704
6298 0.0415119573
6299 0.0415148441
6300 0.041517731
6301 0.0415206179
6302 0.0415235047
6303 0.0415263916
6304 0.0415292785
6305 0.0415321653
6306 0.0415350522
6307 0.0415379391
6308 0.0415408259
6309 0.0415437128
6310 0.0415465996
6311 0.0415494865
6312 0.0415523734
6313 0.0415552602
6314 0.0415581471
6315 0.041561034
6316 0.0415639208
6317 0.0415668077
6318 0.0415696946
6319 0.0415725814
6320 0.0415754683
6321 0.0415783551
6322 0.041581242
6323 0.0415841289
6324 0.0415870157
6325 0.0415899026
6326 0.0415927895
6327 0.0415956763
6328 0.0415985632
6329 0.0416014501
6330 0.0416043369
6331 0.0416072238
6332 0.0416101106
6333 0.0416129975
6334 0.0416158844
6335 0.0416187712
6336 0.0416216581
6337 0.041624545
6338 0.0416274318
6339 0.0416303187
6340 0.0416332056
6341 0.0416360924
6342 0.0416389793
6343 0.0416418661
6344 0.041644753
6345 0.0416476399
6346 0.0416505267
6347 0.0416534136
6348 0.0416563005
6349 0.0416591873
6350 0.0416620742
6351 0.0416649611
6352 0.0416678479
6353 0.0416707348
6354 0.0416736216
6355 0.0416765085
6356 0.0416793954
6357 0.0416822822
6358 0.0416851691
6359 0.041688056
6360 0.0416909428
6361 0.0416938297
6362 0.0416967166
6363 0.0416996034
6364 0.0417024903
6365 0.0417053771
6366 0.041708264
6367 0.0417111509
6368 0.0417140377
6369 0.0417169246
6370 0.0417198115
6371 0.0417226983
6372 0.0417255852
6373 0.0417284721
6374 0.0417313589
6375 0.0417342458
6376 0.0417371326
6377 0.0417400195
6378 0.0417429064
6379 0.0417457932
6380 0.0417486801
6381 0.041751567
6382 0.0417544538
6383 0.0417573407
6384 0.0417602276
6385 0.0417631144
6386 0.0417660013
6387 0.0417688881
6388 0.041771775
6389 0.0417746619
6390 0.0417775487
6391 0.0417804356
6392 0.0417833225
6393 0.0417862093
6394 0.0417890962
6395 0.0417919831
6396 0.0417948699
6397 0.0417977568
6398 0.0418006436
6399 0.0418035305
6400 0.0418064174
6401 0.0418093042
6402 0.0418121911
6403 0.041815078
6404 0.0418179648
6405 0.0418208517
6406 0.0418237386
6407 0.0418266254
6408 0.0418295123
6409 0.0418323991
6410 0.041835286
6411 0.0418381729
6412 0.0418410597
6413 0.0418439466
6414 0.0418468335
6415 0.0418497203
6416 0.0418526072
6417 0.0418554941
6418 0.0418583809
6419 0.0418612678
6420 0.0418641546
6421 0.0418670415
6422 0.0418699284
6423 0.0418728152
6424 0.0418757021
6425 0.041878589
6426 0.0418814758
6427 0.0418843627
6428 0.0418872496
6429 0.0418901364
6430 0.0418930233
6431 0.0418959101
6432 0.041898797
6433 0.0419016839
6434 0.0419045707
6435 0.0419074576
6436 0.0419103445
6437 0.0419132313
6438 0.0419161182
6439 0.0419190051
6440 0.0419218919
6441 0.0419247788
6442 0.0419276656
6443 0.0419305525
6444 0.0419334394
6445 0.0419363262
6446 0.0419392131
6447 0.0419421
6448 0.0419449868
6449 0.0419478737
6450 0.0419507606
6451 0.0419536474
6452 0.0419565343
6453 0.0419594211
6454 0.041962308
6455 0.0419651949
6456 0.0419680817
6457 0.0419709686
6458 0.0419738555
6459 0.0419767423
6460 0.0419796292
6461 0.0419825161
6462 0.0419854029
6463 0.0419882898
6464 0.0419911766
6465 0.0419940635
6466 0.0419969504
6467 0.0419998372
6468 0.0420027241
6469 0.042005611
6470 0.0420084978
6471 0.0420113847
6472 0.0420142716
6473 0.0420171584
6474 0.0420200453
6475 0.0420229321
6476 0.042025819
6477 0.0420287059
6478 0.0420315927
6479 0.0420344796
6480 0.0420373665
6481 0.0420402533
6482 0.0420431402
6483 0.0420460271
6484 0.0420489139
6485 0.0420518008
6486 0.0420546876
6487 0.0420575745
6488 0.0420604614
6489 0.0420633482
6490 0.0420662351
6491 0.042069122
6492 0.0420720088
6493 0.0420748957
6494 0.0420777826
6495 0.0420806694
6496 0.0420835563
6497 0.0420864431
6498 0.04208933
6499 0.0420922169
6500 0.0420951037
6501 0.0420979906
6502 0.0421008775
6503 0.0421037643
6504 0.0421066512
6505 0.0421095381
6506 0.0421124249
6507 0.0421153118
6508 0.0421181986
6509 0.0421210855
6510 0.0421239724
6511 0.0421268592
6512 0.0421297461
6513 0.042132633
6514 0.0421355198
6515 0.0421384067
6516 0.0421412936
6517 0.0421441804
6518 0.0421470673
6519 0.0421499541
6520 0.042152841
6521 0.0421557279
6522 0.0421586147
6523 0.0421615016
6524 0.0421643885
6525 0.0421672753
6526 0.0421701622
6527 0.0421730491
6528 0.0421759359
6529 0.0421788228
6530 0.0421817096
6531 0.0421845965
6532 0.0421874834
6533 0.0421903702
6534 0.0421932571
6535 0.042196144
6536 0.0421990308
6537 0.0422019177
6538 0.0422048046
6539 0.0422076914
6540 0.0422105783
6541 0.0422134651
6542 0.042216352
6543 0.0422192389
6544 0.0422221257
6545 0.0422250126
6546 0.0422278995
6547 0.0422307863
6548 0.0422336732
6549 0.0422365601
6550 0.0422394469
6551 0.0422423338
6552 0.0422452206
6553 0.0422481075
6554 0.0422509944
6555 0.0422538812
6556 0.0422567681
6557 0.042259655
6558 0.0422625418
6559 0.0422654287
6560 0.0422683156
6561 0.0422712024
6562 0.0422740893
6563 0.0422769761
6564 0.042279863
6565 0.0422827499
6566 0.0422856367
6567 0.0422885236
6568 0.0422914105
6569 0.0422942973
6570 0.0422971842
6571 0.0423000711
6572 0.0423029579
6573 0.0423058448
6574 0.0423087316
6575 0.0423116185
6576 0.0423145054
6577 0.0423173922
6578 0.0423202791
6579 0.042323166
6580 0.0423260528
6581 0.0423289397
6582 0.0423318266
6583 0.0423347134
6584 0.0423376003
6585 0.0423404871
6586 0.042343374
6587 0.0423462609
6588 0.0423491477
6589 0.0423520346
6590 0.0423549215
6591 0.0423578083
6592 0.0423606952
6593 0.0423635821
6594 0.0423664689
6595 0.0423693558
6596 0.0423722426
6597 0.0423751295
6598 0.0423780164
6599 0.0423809032
6600 0.0423837901
6601 0.042386677
6602 0.0423895638
6603 0.0423924507
6604 0.0423953376
6605 0.0423982244
6606 0.0424011113
6607 0.0424039981
6608 0.042406885
6609 0.0424097719
6610 0.0424126587
6611 0.0424155456
6612 0.0424184325
6613 0.0424213193
6614 0.0424242062
6615 0.0424270931
6616 0.0424299799
6617 0.0424328668
6618 0.0424357536
6619 0.0424386405
6620 0.0424415274
6621 0.0424444142
6622 0.0424473011
6623 0.042450188
6624 0.0424530748
6625 0.0424559617
6626 0.0424588486
6627 0.0424617354
6628 0.0424646223
6629 0.0424675091
6630 0.042470396
6631 0.0424732829
6632 0.0424761697
6633 0.0424790566
6634 0.0424819435
6635 0.0424848303
6636 0.0424877172
6637 0.0424906041
6638 0.0424934909
6639 0.0424963778
6640 0.0424992646
6641 0.0425021515
6642 0.0425050384
6643 0.0425079252
6644 0.0425108121
6645 0.042513699
6646 0.0425165858
6647 0.0425194727
6648 0.0425223596
6649 0.0425252464
6650 0.0425281333
6651 0.0425310201
6652 0.042533907
6653 0.0425367939
6654 0.0425396807
6655 0.0425425676
6656 0.0425454545
6657 0.0425483413
6658 0.0425512282
6659 0.0425541151
6660 0.0425570019
6661 0.0425598888
6662 0.0425627756
6663 0.0425656625
6664 0.0425685494
6665 0.0425714362
6666 0.0425743231
6667 0.04257721
6668 0.0425800968
6669 0.0425829837
6670 0.0425858706
6671 0.0425887574
6672 0.0425916443
6673 0.0425945311
6674 0.042597418
6675 0.0426003049
6676 0.0426031917
6677 0.0426060786
6678 0.0426089655
6679 0.0426118523
6680 0.0426147392
6681 0.0426176261
6682 0.0426205129
6683 0.0426233998
6684 0.0426262866
6685 0.0426291735
6686 0.0426320604
6687 0.0426349472
6688 0.0426378341
6689 0.042640721
6690 0.0426436078
6691 0.0426464947
6692 0.0426493816
6693 0.0426522684
6694 0.0426551553
6695 0.0426580421
6696 0.042660929
6697 0.0426638159
6698 0.0426667027
6699 0.0426695896
6700 0.0426724765
6701 0.0426753633
6702 0.0426782502
6703 0.0426811371
6704 0.0426840239
6705 0.0426869108
6706 0.0426897976
6707 0.0426926845
6708 0.0426955714
6709 0.0426984582
6710 0.0427013451
6711 0.042704232
6712 0.0427071188
6713 0.0427100057
6714 0.0427128926
6715 0.0427157794
6716 0.0427186663
6717 0.0427215531
6718 0.04272444
6719 0.0427273269
6720 0.0427302137
6721 0.0427331006
6722 0.0427359875
6723 0.0427388743
6724 0.0427417612
6725 0.0427446481
6726 0.0427475349
6727 0.0427504218
6728 0.0427533087
6729 0.0427561955
6730 0.0427590824
6731 0.0427619692
6732 0.0427648561
6733 0.042767743
6734 0.0427706298
6735 0.0427735167
6736 0.0427764036
6737 0.0427792904
6738 0.0427821773
6739 0.0427850642
6740 0.042787951
6741 0.0427908379
6742 0.0427937247
6743 0.0427966116
6744 0.0427994985
6745 0.0428023853
6746 0.0428052722
6747 0.0428081591
6748 0.0428110459
6749 0.0428139328
6750 0.0428168197
6751 0.0428197065
6752 0.0428225934
6753 0.0428254802
6754 0.0428283671
6755 0.042831254
6756 0.0428341408
6757 0.0428370277
6758 0.0428399146
6759 0.0428428014
6760 0.0428456883
6761 0.0428485752
6762 0.042851462
6763 0.0428543489
6764 0.0428572357
6765 0.0428601226
6766 0.0428630095
6767 0.0428658963
6768 0.0428687832
6769 0.0428716701
6770 0.0428745569
6771 0.0428774438
6772 0.0428803307
6773 0.0428832175
6774 0.0428861044
6775 0.0428889912
6776 0.0428918781
6777 0.042894765
6778 0.0428976518
6779 0.0429005387
6780 0.0429034256
6781 0.0429063124
6782 0.0429091993
6783 0.0429120862
6784 0.042914973
6785 0.0429178599
6786 0.0429207467
6787 0.0429236336
6788 0.0429265205
6789 0.0429294073
6790 0.0429322942
6791 0.0429351811
6792 0.0429380679
6793 0.0429409548
6794 0.0429438417
6795 0.0429467285
6796 0.0429496154
6797 0.0429525022
6798 0.0429553891
6799 0.042958276
6800 0.0429611628
6801 0.0429640497
6802 0.0429669366
6803 0.0429698234
6804 0.0429727103
6805 0.0429755972
6806 0.042978484
6807 0.0429813709
6808 0.0429842577
6809 0.0429871446
6810 0.0429900315
6811 0.0429929183
6812 0.0429958052
6813 0.0429986921
6814 0.0430015789
6815 0.0430044658
6816 0.0430073527
6817 0.0430102395
6818 0.0430131264
6819 0.0430160132
6820 0.0430189001
6821 0.043021787
6822 0.0430246738
6823 0.0430275607
6824 0.0430304476
6825 0.0430333344
6826 0.0430362213
6827 0.0430391082
6828 0.043041995
6829 0.0430448819
6830 0.0430477687
6831 0.0430506556
6832 0.0430535425
6833 0.0430564293
6834 0.0430593162
6835 0.0430622031
6836 0.0430650899
6837 0.0430679768
6838 0.0430708637
6839 0.0430737505
6840 0.0430766374
6841 0.0430795242
6842 0.0430824111
6843 0.043085298
6844 0.0430881848
6845 0.0430910717
6846 0.0430939586
6847 0.0430968454
6848 0.0430997323
6849 0.0431026192
6850 0.043105506
6851 0.0431083929
6852 0.0431112797
6853 0.0431141666
6854 0.0431170535
6855 0.0431199403
6856 0.0431228272
6857 0.0431257141
6858 0.0431286009
6859 0.0431314878
6860 0.0431343747
6861 0.0431372615
6862 0.0431401484
6863 0.0431430352
6864 0.0431459221
6865 0.043148809
6866 0.0431516958
6867 0.0431545827
6868 0.0431574696
6869 0.0431603564
6870 0.0431632433
6871 0.0431661302
6872 0.043169017
6873 0.0431719039
6874 0.0431747907
6875 0.0431776776
6876 0.0431805645
6877 0.0431834513
6878 0.0431863382
6879 0.0431892251
6880 0.0431921119
6881 0.0431949988
6882 0.0431978857
6883 0.0432007725
6884 0.0432036594
6885 0.0432065462
6886 0.0432094331
6887 0.04321232
6888 0.0432152068
6889 0.0432180937
6890 0.0432209806
6891 0.0432238674
6892 0.0432267543
6893 0.0432296412
6894 0.043232528
6895 0.0432354149
6896 0.0432383017
6897 0.0432411886
6898 0.0432440755
6899 0.0432469623
6900 0.0432498492
6901 0.0432527361
6902 0.0432556229
6903 0.0432585098
6904 0.0432613967
6905 0.0432642835
6906 0.0432671704
6907 0.0432700572
6908 0.0432729441
6909 0.043275831
6910 0.0432787178
6911 0.0432816047
6912 0.0432844916
6913 0.0432873784
6914 0.0432902653
6915 0.0432931522
6916 0.043296039
6917 0.0432989259
6918 0.0433018127
6919 0.0433046996
6920 0.0433075865
6921 0.0433104733
6922 0.0433133602
6923 0.0433162471
6924 0.0433191339
6925 0.0433220208
6926 0.0433249077
6927 0.0433277945
6928 0.0433306814
6929 0.0433335682
6930 0.0433364551
6931 0.043339342
6932 0.0433422288
6933 0.0433451157
6934 0.0433480026
6935 0.0433508894
6936 0.0433537763
6937 0.0433566632
6938 0.04335955
6939 0.0433624369
6940 0.0433653237
6941 0.0433682106
6942 0.0433710975
6943 0.0433739843
6944 0.0433768712
6945 0.0433797581
6946 0.0433826449
6947 0.0433855318
6948 0.0433884187
6949 0.0433913055
6950 0.0433941924
6951 0.0433970792
6952 0.0433999661
6953 0.043402853
6954 0.0434057398
6955 0.0434086267
6956 0.0434115136
6957 0.0434144004
6958 0.0434172873
6959 0.0434201742
6960 0.043423061
6961 0.0434259479
6962 0.0434288347
6963 0.0434317216
6964 0.0434346085
6965 0.0434374953
6966 0.0434403822
6967 0.0434432691
6968 0.0434461559
6969 0.0434490428
6970 0.0434519297
6971 0.0434548165
6972 0.0434577034
6973 0.0434605902
6974 0.0434634771
6975 0.043466364
6976 0.0434692508
6977 0.0434721377
6978 0.0434750246
6979 0.0434779114
6980 0.0434807983
6981 0.0434836852
6982 0.043486572
6983 0.0434894589
6984 0.0434923457
6985 0.0434952326
6986 0.0434981195
6987 0.0435010063
6988 0.0435038932
6989 0.0435067801
6990 0.0435096669
6991 0.0435125538
6992 0.0435154407
6993 0.0435183275
6994 0.0435212144
6995 0.0435241012
6996 0.0435269881
6997 0.043529875
6998 0.0435327618
6999 0.0435356487
7000 0.0435385356
7001 0.0435414224
7002 0.0435443093
7003 0.0435471962
7004 0.043550083
7005 0.0435529699
7006 0.0435558567
7007 0.0435587436
7008 0.0435616305
7009 0.0435645173
7010 0.0435674042
7011 0.0435702911
7012 0.0435731779
7013 0.0435760648
7014 0.0435789517
7015 0.0435818385
7016 0.0435847254
7017 0.0435876122
7018 0.0435904991
7019 0.043593386
7020 0.0435962728
7021 0.0435991597
7022 0.0436020466
7023 0.0436049334
7024 0.0436078203
7025 0.0436107072
7026 0.043613594
7027 0.0436164809
7028 0.0436193677
7029 0.0436222546
7030 0.0436251415
7031 0.0436280283
7032 0.0436309152
7033 0.0436338021
7034 0.0436366889
7035 0.0436395758
7036 0.0436424627
7037 0.0436453495
7038 0.0436482364
7039 0.0436511232
7040 0.0436540101
7041 0.043656897
7042 0.0436597838
7043 0.0436626707
7044 0.0436655576
7045 0.0436684444
7046 0.0436713313
7047 0.0436742182
7048 0.043677105
7049 0.0436799919
7050 0.0436828787
7051 0.0436857656
7052 0.0436886525
7053 0.0436915393
7054 0.0436944262
7055 0.0436973131
7056 0.0437001999
7057 0.0437030868
7058 0.0437059737
7059 0.0437088605
7060 0.0437117474
7061 0.0437146342
7062 0.0437175211
7063 0.043720408
7064 0.0437232948
7065 0.0437261817
7066 0.0437290686
7067 0.0437319554
7068 0.0437348423
7069 0.0437377292
7070 0.043740616
7071 0.0437435029
7072 0.0437463897
7073 0.0437492766
7074 0.0437521635
7075 0.0437550503
7076 0.0437579372
7077 0.0437608241
7078 0.0437637109
7079 0.0437665978
7080 0.0437694847
7081 0.0437723715
7082 0.0437752584
7083 0.0437781452
7084 0.0437810321
7085 0.043783919
7086 0.0437868058
7087 0.0437896927
7088 0.0437925796
7089 0.0437954664
7090 0.0437983533
7091 0.0438012402
7092 0.043804127
7093 0.0438070139
7094 0.0438099007
7095 0.0438127876
7096 0.0438156745
7097 0.0438185613
7098 0.0438214482
7099 0.0438243351
7100 0.0438272219
7101 0.0438301088
7102 0.0438329957
7103 0.0438358825
7104 0.0438387694
7105 0.0438416562
7106 0.0438445431
7107 0.04384743
7108 0.0438503168
7109 0.0438532037
7110 0.0438560906
7111 0.0438589774
7112 0.0438618643
7113 0.0438647512
7114 0.043867638
7115 0.0438705249
7116 0.0438734117
7117 0.0438762986
7118 0.0438791855
7119 0.0438820723
7120 0.0438849592
7121 0.0438878461
7122 0.0438907329
7123 0.0438936198
7124 0.0438965067
7125 0.0438993935
7126 0.0439022804
7127 0.0439051672
7128 0.0439080541
7129 0.043910941
7130 0.0439138278
7131 0.0439167147
7132 0.0439196016
7133 0.0439224884
7134 0.0439253753
7135 0.0439282622
7136 0.043931149
7137 0.0439340359
7138 0.0439369227
7139 0.0439398096
7140 0.0439426965
7141 0.0439455833
7142 0.0439484702
7143 0.0439513571
7144 0.0439542439
7145 0.0439571308
7146 0.0439600177
7147 0.0439629045
7148 0.0439657914
7149 0.0439686782
7150 0.0439715651
7151 0.043974452
7152 0.0439773388
7153 0.0439802257
7154 0.0439831126
7155 0.0439859994
7156 0.0439888863
7157 0.0439917732
7158 0.04399466
7159 0.0439975469
7160 0.0440004337
7161 0.0440033206
7162 0.0440062075
7163 0.0440090943
7164 0.0440119812
7165 0.0440148681
7166 0.0440177549
7167 0.0440206418
7168 0.0440235287
7169 0.0440264155
7170 0.0440293024
7171 0.0440321892
7172 0.0440350761
7173 0.044037963
7174 0.0440408498
7175 0.0440437367
7176 0.0440466236
7177 0.0440495104
7178 0.0440523973
7179 0.0440552842
7180 0.044058171
7181 0.0440610579
7182 0.0440639447
7183 0.0440668316
7184 0.0440697185
7185 0.0440726053
7186 0.0440754922
7187 0.0440783791
7188 0.0440812659
7189 0.0440841528
7190 0.0440870397
7191 0.0440899265
7192 0.0440928134
7193 0.0440957002
7194 0.0440985871
7195 0.044101474
7196 0.0441043608
7197 0.0441072477
7198 0.0441101346
7199 0.0441130214
7200 0.0441159083
7201 0.0441187952
7202 0.044121682
7203 0.0441245689
7204 0.0441274557
7205 0.0441303426
7206 0.0441332295
7207 0.0441361163
7208 0.0441390032
7209 0.0441418901
7210 0.0441447769
7211 0.0441476638
7212 0.0441505507
7213 0.0441534375
7214 0.0441563244
7215 0.0441592112
7216 0.0441620981
7217 0.044164985
7218 0.0441678718
7219 0.0441707587
7220 0.0441736456
7221 0.0441765324
7222 0.0441794193
7223 0.0441823062
7224 0.044185193
7225 0.0441880799
7226 0.0441909667
7227 0.0441938536
7228 0.0441967405
7229 0.0441996273
7230 0.0442025142
7231 0.0442054011
7232 0.0442082879
7233 0.0442111748
7234 0.0442140617
7235 0.0442169485
7236 0.0442198354
7237 0.0442227222
7238 0.0442256091
7239 0.044228496
7240 0.0442313828
7241 0.0442342697
7242 0.0442371566
7243 0.0442400434
7244 0.0442429303
7245 0.0442458172
7246 0.044248704
7247 0.0442515909
7248 0.0442544777
7249 0.0442573646
7250 0.0442602515
7251 0.0442631383
7252 0.0442660252
7253 0.0442689121
7254 0.0442717989
7255 0.0442746858
7256 0.0442775727
7257 0.0442804595
7258 0.0442833464
7259 0.0442862332
7260 0.0442891201
7261 0.044292007
7262 0.0442948938
7263 0.0442977807
7264 0.0443006676
7265 0.0443035544
7266 0.0443064413
7267 0.0443093282
7268 0.044312215
7269 0.0443151019
7270 0.0443179887
7271 0.0443208756
7272 0.0443237625
7273 0.0443266493
7274 0.0443295362
7275 0.0443324231
7276 0.0443353099
7277 0.0443381968
7278 0.0443410837
7279 0.0443439705
7280 0.0443468574
7281 0.0443497442
7282 0.0443526311
7283 0.044355518
7284 0.0443584048
7285 0.0443612917
7286 0.0443641786
7287 0.0443670654
7288 0.0443699523
7289 0.0443728392
7290 0.044375726
7291 0.0443786129
7292 0.0443814997
7293 0.0443843866
7294 0.0443872735
7295 0.0443901603
7296 0.0443930472
7297 0.0443959341
7298 0.0443988209
7299 0.0444017078
7300 0.0444045947
7301 0.0444074815
7302 0.0444103684
7303 0.0444132552
7304 0.0444161421
7305 0.044419029
7306 0.0444219158
7307 0.0444248027
7308 0.0444276896
7309 0.0444305764
7310 0.0444334633
7311 0.0444363502
7312 0.0444386139
7313 0.0444408776
7314 0.0444431413
7315 0.044445405
7316 0.0444476688
7317 0.0444499325
7318 0.0444521962
7319 0.0444544599
7320 0.0444567236
7321 0.0444589873
7322 0.0444612511
7323 0.0444635148
7324 0.0444657785
7325 0.0444680422
7326 0.0444703059
7327 0.0444725697
7328 0.0444748334
7329 0.0444770971
7330 0.0444793608
7331 0.0444816245
7332 0.0444838883
7333 0.044486152
7334 0.0444884157
7335 0.0444906794
7336 0.0444929431
7337 0.0444952069
7338 0.0444974706
7339 0.0444997343
7340 0.044501998
7341 0.0445042617
7342 0.0445065254
7343 0.0445087892
7344 0.0445110529
7345 0.0445133166
7346 0.0445155803
7347 0.044517844
7348 0.0445201078
7349 0.0445223715
7350 0.0445246352
7351 0.0445268989
7352 0.0445291626
7353 0.0445314264
7354 0.0445336901
7355 0.0445359538
7356 0.0445382175
7357 0.0445404812
7358 0.044542745
7359 0.0445450087
7360 0.0445472724
7361 0.0445495361
7362 0.0445517998
7363 0.0445540635
7364 0.0445563273
7365 0.044558591
7366 0.0445608547
7367 0.0445631184
7368 0.0445653821
7369 0.0445676459
7370 0.0445699096
7371 0.0445721733
7372 0.044574437
7373 0.0445767007
7374 0.0445789645
7375 0.0445812282
7376 0.0445834919
7377 0.0445857556
7378 0.0445880193
7379 0.0445902831
7380 0.0445925468
7381 0.0445948105
7382 0.0445970742
7383 0.0445993379
7384 0.0446016016
7385 0.0446038654
7386 0.0446061291
7387 0.0446083928
7388 0.0446106565
7389 0.0446129202
7390 0.044615184
7391 0.0446174477
7392 0.0446197114
7393 0.0446219751
7394 0.0446242388
7395 0.0446265026
7396 0.0446287663
7397 0.04463103
7398 0.0446332937
7399 0.0446355574
7400 0.0446378212
7401 0.0446400849
7402 0.0446423486
7403 0.0446446123
7404 0.044646876
7405 0.0446491397
7406 0.0446514035
7407 0.0446536672
7408 0.0446559309
7409 0.0446581946
7410 0.0446604583
7411 0.0446627221
7412 0.0446649858
7413 0.0446672495
7414 0.0446695132
7415 0.0446717769
7416 0.0446740407
7417 0.0446763044
7418 0.0446785681
7419 0.0446808318
7420 0.0446830955
7421 0.0446853593
7422 0.044687623
7423 0.0446898867
7424 0.0446921504
7425 0.0446944141
7426 0.0446966778
7427 0.0446989416
7428 0.0447012053
7429 0.044703469
7430 0.0447057327
7431 0.0447079964
7432 0.0447102602
7433 0.0447125239
7434 0.0447147876
7435 0.0447170513
7436 0.044719315
7437 0.0447215788
7438 0.0447238425
7439 0.0447261062
7440 0.0447283699
7441 0.0447306336
7442 0.0447328974
7443 0.0447351611
7444 0.0447374248
7445 0.0447396885
7446 0.0447419522
7447 0.0447442159
7448 0.0447464797
7449 0.0447487434
7450 0.0447510071
7451 0.0447532708
7452 0.0447555345
7453 0.0447577983
7454 0.044760062
7455 0.0447623257
7456 0.0447645894
7457 0.0447668531
7458 0.0447691169
7459 0.0447713806
7460 0.0447736443
7461 0.044775908
7462 0.0447781717
7463 0.0447804355
7464 0.0447826992
7465 0.0447849629
7466 0.0447872266
7467 0.0447894903
7468 0.0447917541
7469 0.0447940178
7470 0.0447962815
7471 0.0447985452
7472 0.0448008089
7473 0.0448030726
7474 0.0448053364
7475 0.0448076001
7476 0.0448098638
7477 0.0448121275
7478 0.0448143912
7479 0.044816655
7480 0.0448189187
7481 0.0448211824
7482 0.0448234461
7483 0.0448257098
7484 0.0448279736
7485 0.0448302373
7486 0.044832501
7487 0.0448347647
7488 0.0448370284
7489 0.0448392922
7490 0.0448415559
7491 0.0448438196
7492 0.0448460833
7493 0.044848347
7494 0.0448506107
7495 0.0448528745
7496 0.0448551382
7497 0.0448574019
7498 0.0448596656
7499 0.0448619293
7500 0.0448641931
7501 0.0448664568
7502 0.0448687205
7503 0.0448709842
7504 0.0448732479
7505 0.0448755117
7506 0.0448777754
7507 0.0448800391
7508 0.0448823028
7509 0.0448845665
7510 0.0448868303
7511 0.044889094
7512 0.0448913577
7513 0.0448936214
7514 0.0448958851
7515 0.0448981488
7516 0.0449004126
7517 0.0449026763
7518 0.04490494
7519 0.0449072037
7520 0.0449094674
7521 0.0449117312
7522 0.0449139949
7523 0.0449162586
7524 0.0449185223
7525 0.044920786
7526 0.0449230498
7527 0.0449253135
7528 0.0449275772
7529 0.0449298409
7530 0.0449321046
7531 0.0449343684
7532 0.0449366321
7533 0.0449388958
7534 0.0449411595
7535 0.0449434232
7536 0.0449456869
7537 0.0449479507
7538 0.0449502144
7539 0.0449524781
7540 0.0449547418
7541 0.0449570055
7542 0.0449592693
7543 0.044961533
7544 0.0449637967
7545 0.0449660604
7546 0.0449683241
7547 0.0449705879
7548 0.0449728516
7549 0.0449751153
7550 0.044977379
7551 0.0449796427
7552 0.0449819065
7553 0.0449841702
7554 0.0449864339
7555 0.0449886976
7556 0.0449909613
7557 0.044993225
7558 0.0449954888
7559 0.0449977525
7560 0.0450000162
7561 0.0450022799
7562 0.0450045436
7563 0.0450068074
7564 0.0450090711
7565 0.0450113348
7566 0.0450135985
7567 0.0450158622
7568 0.045018126
7569 0.0450203897
7570 0.0450226534
7571 0.0450249171
7572 0.0450271808
7573 0.0450294446
7574 0.0450317083
7575 0.045033972
7576 0.0450362357
7577 0.0450384994
7578 0.0450407631
7579 0.0450430269
7580 0.0450452906
7581 0.0450475543
7582 0.045049818
7583 0.0450520817
7584 0.0450543455
7585 0.0450566092
7586 0.0450588729
7587 0.0450611366
7588 0.0450634003
7589 0.0450656641
7590 0.0450679278
7591 0.0450701915
7592 0.0450724552
7593 0.0450747189
7594 0.0450769827
7595 0.0450792464
7596 0.0450815101
7597 0.0450837738
7598 0.0450860375
7599 0.0450883012
7600 0.045090565
7601 0.0450928287
7602 0.0450950924
7603 0.0450973561
7604 0.0450996198
7605 0.0451018836
7606 0.0451041473
7607 0.045106411
7608 0.0451086747
7609 0.0451109384
7610 0.0451132022
7611 0.0451154659
7612 0.0451177296
7613 0.0451199933
7614 0.045122257
7615 0.0451245208
7616 0.0451267845
7617 0.0451290482
7618 0.0451313119
7619 0.0451335756
7620 0.0451358393
7621 0.0451381031
7622 0.0451403668
7623 0.0451426305
7624 0.0451448942
7625 0.0451471579
7626 0.0451494217
7627 0.0451516854
7628 0.0451539491
7629 0.0451562128
7630 0.0451584765
7631 0.0451607403
7632 0.045163004
7633 0.0451652677
7634 0.0451675314
7635 0.0451697951
7636 0.0451720589
7637 0.0451743226
7638 0.0451765863
7639 0.04517885
7640 0.0451811137
7641 0.0451833774
7642 0.0451856412
7643 0.0451879049
7644 0.0451901686
7645 0.0451924323
7646 0.045194696
7647 0.0451969598
7648 0.0451992235
7649 0.0452014872
7650 0.0452037509
7651 0.0452060146
7652 0.0452082784
7653 0.0452105421
7654 0.0452128058
7655 0.0452150695
7656 0.0452173332
7657 0.045219597
7658 0.0452218607
7659 0.0452241244
7660 0.0452263881
7661 0.0452286518
7662 0.0452309155
7663 0.0452331793
7664 0.045235443
7665 0.0452377067
7666 0.0452399704
7667 0.0452422341
7668 0.0452444979
7669 0.0452467616
7670 0.0452490253
7671 0.045251289
7672 0.0452535527
7673 0.0452558165
7674 0.0452580802
7675 0.0452603439
7676 0.0452626076
7677 0.0452648713
7678 0.0452671351
7679 0.0452693988
7680 0.0452716625
7681 0.0452739262
7682 0.0452761899
7683 0.0452784537
7684 0.0452807174
7685 0.0452829811
7686 0.0452852448
7687 0.0452875085
7688 0.0452897722
7689 0.045292036
7690 0.0452942997
7691 0.0452965634
7692 0.0452988271
7693 0.0453010908
7694 0.0453033546
7695 0.0453056183
7696 0.045307882
7697 0.0453101457
7698 0.0453124094
7699 0.0453146732
7700 0.0453169369
7701 0.0453192006
7702 0.0453214643
7703 0.045323728
7704 0.0453259918
7705 0.0453282555
7706 0.0453305192
7707 0.0453327829
7708 0.0453350466
7709 0.0453373103
7710 0.0453395741
7711 0.0453418378
7712 0.0453441015
7713 0.0453463652
7714 0.0453486289
7715 0.0453508927
7716 0.0453531564
7717 0.0453554201
7718 0.0453576838
7719 0.0453599475
7720 0.0453622113
7721 0.045364475
7722 0.0453667387
7723 0.0453690024
7724 0.0453712661
7725 0.0453735299
7726 0.0453757936
7727 0.0453780573
7728 0.045380321
7729 0.0453825847
7730 0.0453848484
7731 0.0453871122
7732 0.0453893759
7733 0.0453916396
7734 0.0453939033
7735 0.045396167
7736 0.0453984308
7737 0.0454006945
7738 0.0454029582
7739 0.0454052219
7740 0.0454074856
7741 0.0454097494
7742 0.0454120131
7743 0.0454142768
7744 0.0454165405
7745 0.0454188042
7746 0.045421068
7747 0.0454233317
7748 0.0454255954
7749 0.0454278591
7750 0.0454301228
7751 0.0454323865
7752 0.0454346503
7753 0.045436914
7754 0.0454391777
7755 0.0454414414
7756 0.0454437051
7757 0.0454459689
7758 0.0454482326
7759 0.0454504963
7760 0.04545276
7761 0.0454550237
7762 0.0454572875
7763 0.0454595512
7764 0.0454618149
7765 0.0454640786
7766 0.0454663423
7767 0.0454686061
7768 0.0454708698
7769 0.0454731335
7770 0.0454753972
7771 0.0454776609
7772 0.0454799246
7773 0.0454821884
7774 0.0454844521
7775 0.0454867158
7776 0.0454889795
7777 0.0454912432
7778 0.045493507
7779 0.0454957707
7780 0.0454980344
7781 0.0455002981
7782 0.0455025618
7783 0.0455048256
7784 0.0455070893
7785 0.045509353
7786 0.0455116167
7787 0.0455138804
7788 0.0455161442
7789 0.0455184079
7790 0.0455206716
7791 0.0455229353
7792 0.045525199
7793 0.0455274627
7794 0.0455297265
7795 0.0455319902
7796 0.0455342539
7797 0.0455365176
7798 0.0455387813
7799 0.0455410451
7800 0.0455433088
7801 0.0455455725
7802 0.0455478362
7803 0.0455500999
7804 0.0455523637
7805 0.0455546274
7806 0.0455568911
7807 0.0455591548
7808 0.0455614185
7809 0.0455636823
7810 0.045565946
7811 0.0455682097
7812 0.0455704734
7813 0.0455727371
7814 0.0455750008
7815 0.0455772646
7816 0.0455795283
7817 0.045581792
7818 0.0455840557
7819 0.0455863194
7820 0.0455885832
7821 0.0455908469
7822 0.0455931106
7823 0.0455953743
7824 0.045597638
7825 0.0455999018
7826 0.0456021655
7827 0.0456044292
7828 0.0456066929
7829 0.0456089566
7830 0.0456112204
7831 0.0456134841
7832 0.0456157478
7833 0.0456180115
7834 0.0456202752
7835 0.0456225389
7836 0.0456248027
7837 0.0456270664
7838 0.0456293301
7839 0.0456315938
7840 0.0456338575
7841 0.0456361213
7842 0.045638385
7843 0.0456406487
7844 0.0456429124
7845 0.0456451761
7846 0.0456474399
7847 0.0456497036
7848 0.0456519673
7849 0.045654231
7850 0.0456564947
7851 0.0456587585
7852 0.0456610222
7853 0.0456632859
7854 0.0456655496
7855 0.0456678133
7856 0.045670077
7857 0.0456723408
7858 0.0456746045
7859 0.0456768682
7860 0.0456791319
7861 0.0456813956
7862 0.0456836594
7863 0.0456859231
7864 0.0456881868
7865 0.0456904505
7866 0.0456927142
7867 0.045694978
7868 0.0456972417
7869 0.0456995054
7870 0.0457017691
7871 0.0457040328
7872 0.0457062966
7873 0.0457085603
7874 0.045710824
7875 0.0457130877
7876 0.0457153514
7877 0.0457176151
7878 0.0457198789
7879 0.0457221426
7880 0.0457244063
7881 0.04572667
7882 0.0457289337
7883 0.0457311975
7884 0.0457334612
7885 0.0457357249
7886 0.0457379886
7887 0.0457402523
7888 0.0457425161
7889 0.0457447798
7890 0.0457470435
7891 0.0457493072
7892 0.0457515709
7893 0.0457538347
7894 0.0457560984
7895 0.0457583621
7896 0.0457606258
7897 0.0457628895
7898 0.0457651533
7899 0.045767417
7900 0.0457696807
7901 0.0457719444
7902 0.0457742081
7903 0.0457764718
7904 0.0457787356
7905 0.0457809993
7906 0.045783263
7907 0.0457855267
7908 0.0457877904
7909 0.0457900542
7910 0.0457923179
7911 0.0457945816
7912 0.0457968453
7913 0.045799109
7914 0.0458013728
7915 0.0458036365
7916 0.0458059002
7917 0.0458081639
7918 0.0458104276
7919 0.0458126914
7920 0.0458149551
7921 0.0458172188
7922 0.0458194825
7923 0.0458217462
7924 0.0458240099
7925 0.0458262737
7926 0.0458285374
7927 0.0458308011
7928 0.0458330648
7929 0.0458353285
7930 0.0458375923
7931 0.045839856
7932 0.0458421197
7933 0.0458443834
7934 0.0458466471
7935 0.0458489109
7936 0.0458511746
7937 0.0458534383
7938 0.045855702
7939 0.0458579657
7940 0.0458602295
7941 0.0458624932
7942 0.0458647569
7943 0.0458670206
7944 0.0458692843
7945 0.045871548
7946 0.0458738118
7947 0.0458760755
7948 0.0458783392
7949 0.0458806029
7950 0.0458828666
7951 0.0458851304
7952 0.0458873941
7953 0.0458896578
7954 0.0458919215
7955 0.0458941852
7956 0.045896449
7957 0.0458987127
7958 0.0459009764
7959 0.0459032401
7960 0.0459055038
7961 0.0459077676
7962 0.0459100313
7963 0.045912295
7964 0.0459145587
7965 0.0459168224
7966 0.0459190861
7967 0.0459213499
7968 0.0459236136
7969 0.0459258773
7970 0.045928141
7971 0.0459304047
7972 0.0459326685
7973 0.0459349322
7974 0.0459371959
7975 0.0459394596
7976 0.0459417233
7977 0.0459439871
7978 0.0459462508
7979 0.0459485145
7980 0.0459507782
7981 0.0459530419
7982 0.0459553057
7983 0.0459575694
7984 0.0459598331
7985 0.0459620968
7986 0.0459643605
7987 0.0459666242
7988 0.045968888
7989 0.0459711517
7990 0.0459734154
7991 0.0459756791
7992 0.0459779428
7993 0.0459802066
7994 0.0459824703
7995 0.045984734
7996 0.0459869977
7997 0.0459892614
7998 0.0459915252
7999 0.0459937889
8000 0.0459960526
8001 0.0459983163
8002 0.04600058
8003 0.0460028438
8004 0.0460051075
8005 0.0460073712
8006 0.0460096349
8007 0.0460118986
8008 0.0460141623
8009 0.0460164261
8010 0.0460186898
8011 0.0460209535
8012 0.0460232172
8013 0.0460254809
8014 0.0460277447
8015 0.0460300084
8016 0.0460322721
8017 0.0460345358
8018 0.0460367995
8019 0.0460390633
8020 0.046041327
8021 0.0460435907
8022 0.0460458544
8023 0.0460481181
8024 0.0460503819
8025 0.0460526456
8026 0.0460549093
8027 0.046057173
8028 0.0460594367
8029 0.0460617004
8030 0.0460639642
8031 0.0460662279
8032 0.0460684916
8033 0.0460707553
8034 0.046073019
8035 0.0460752828
8036 0.0460775465
8037 0.0460798102
8038 0.0460820739
8039 0.0460843376
8040 0.0460866014
8041 0.0460888651
8042 0.0460911288
8043 0.0460933925
8044 0.0460956562
8045 0.04609792
8046 0.0461001837
8047 0.0461024474
8048 0.0461047111
8049 0.0461069748
8050 0.0461092385
8051 0.0461115023
8052 0.046113766
8053 0.0461160297
8054 0.0461182934
8055 0.0461205571
8056 0.0461228209
8057 0.0461250846
8058 0.0461273483
8059 0.046129612
8060 0.0461318757
8061 0.0461341395
8062 0.0461364032
8063 0.0461386669
8064 0.0461409306
8065 0.0461431943
8066 0.0461454581
8067 0.0461477218
8068 0.0461499855
8069 0.0461522492
8070 0.0461545129
8071 0.0461567766
8072 0.0461590404
8073 0.0461613041
8074 0.0461635678
8075 0.0461658315
8076 0.0461680952
8077 0.046170359
8078 0.0461726227
8079 0.0461748864
8080 0.0461771501
8081 0.0461794138
8082 0.0461816776
8083 0.0461839413
8084 0.046186205
8085 0.0461884687
8086 0.0461907324
8087 0.0461929962
8088 0.0461952599
8089 0.0461975236
8090 0.0461997873
8091 0.046202051
8092 0.0462043147
8093 0.0462065785
8094 0.0462088422
8095 0.0462111059
8096 0.0462133696
8097 0.0462156333
8098 0.0462178971
8099 0.0462201608
8100 0.0462224245
8101 0.0462246882
8102 0.0462269519
8103 0.0462292157
8104 0.0462314794
8105 0.0462337431
8106 0.0462360068
8107 0.0462382705
8108 0.0462405343
8109 0.046242798
8110 0.0462450617
8111 0.0462473254
8112 0.0462495891
8113 0.0462518529
8114 0.0462541166
8115 0.0462563803
8116 0.046258644
8117 0.0462609077
8118 0.0462631714
8119 0.0462654352
8120 0.0462676989
8121 0.0462699626
8122 0.0462722263
8123 0.04627449
8124 0.0462767538
8125 0.0462790175
8126 0.0462812812
8127 0.0462835449
8128 0.0462858086
8129 0.0462880724
8130 0.0462903361
8131 0.0462925998
8132 0.0462948635
8133 0.0462971272
8134 0.046299391
8135 0.0463016547
8136 0.0463039184
8137 0.0463061821
8138 0.0463084458
8139 0.0463107095
8140 0.0463129733
8141 0.046315237
8142 0.0463175007
8143 0.0463197644
8144 0.0463220281
8145 0.0463242919
8146 0.0463265556
8147 0.0463288193
8148 0.046331083
8149 0.0463333467
8150 0.0463356105
8151 0.0463378742
8152 0.0463401379
8153 0.0463424016
8154 0.0463446653
8155 0.0463469291
8156 0.0463491928
8157 0.0463514565
8158 0.0463537202
8159 0.0463559839
8160 0.0463582476
8161 0.0463605114
8162 0.0463627751
8163 0.0463650388
8164 0.0463673025
8165 0.0463695662
8166 0.04637183
8167 0.0463740937
8168 0.0463763574
8169 0.0463786211
8170 0.0463808848
8171 0.0463831486
8172 0.0463854123
8173 0.046387676
8174 0.0463899397
8175 0.0463922034
8176 0.0463944672
8177 0.0463967309
8178 0.0463989946
8179 0.0464012583
8180 0.046403522
8181 0.0464057857
8182 0.0464080495
8183 0.0464103132
8184 0.0464125769
8185 0.0464148406
8186 0.0464171043
8187 0.0464193681
8188 0.0464216318
8189 0.0464238955
8190 0.0464261592
8191 0.0464284229
8192 0.0464306867
8193 0.0464329504
8194 0.0464352141
8195 0.0464374778
8196 0.0464397415
8197 0.0464420053
8198 0.046444269
8199 0.0464465327
8200 0.0464487964
8201 0.0464510601
8202 0.0464533238
8203 0.0464555876
8204 0.0464578513
8205 0.046460115
8206 0.0464623787
8207 0.0464646424
8208 0.0464669062
8209 0.0464691699
8210 0.0464714336
8211 0.0464736973
8212 0.046475961
8213 0.0464782248
8214 0.0464804885
8215 0.0464827522
8216 0.0464850159
8217 0.0464872796
8218 0.0464895434
8219 0.0464918071
8220 0.0464940708
8221 0.0464963345
8222 0.0464985982
8223 0.0465008619
8224 0.0465031257
8225 0.0465053894
8226 0.0465076531
8227 0.0465099168
8228 0.0465121805
8229 0.0465144443
8230 0.046516708
8231 0.0465189717
8232 0.0465212354
8233 0.0465234991
8234 0.0465257629
8235 0.0465280266
8236 0.0465302903
8237 0.046532554
8238 0.0465348177
8239 0.0465370815
8240 0.0465393452
8241 0.0465416089
8242 0.0465438726
8243 0.0465461363
8244 0.0465484
8245 0.0465506638
8246 0.0465529275
8247 0.0465551912
8248 0.0465574549
8249 0.0465597186
8250 0.0465619824
8251 0.0465642461
8252 0.0465665098
8253 0.0465687735
8254 0.0465710372
8255 0.046573301
8256 0.0465755647
8257 0.0465778284
8258 0.0465800921
8259 0.0465823558
8260 0.0465846196
8261 0.0465868833
8262 0.046589147
8263 0.0465914107
8264 0.0465936744
8265 0.0465959381
8266 0.0465982019
8267 0.0466004656
8268 0.0466027293
8269 0.046604993
8270 0.0466072567
8271 0.0466095205
8272 0.0466117842
8273 0.0466140479
8274 0.0466163116
8275 0.0466185753
8276 0.0466208391
8277 0.0466231028
8278 0.0466253665
8279 0.0466276302
8280 0.0466298939
8281 0.0466321577
8282 0.0466344214
8283 0.0466366851
8284 0.0466389488
8285 0.0466412125
8286 0.0466434762
8287 0.04664574
8288 0.0466480037
8289 0.0466502674
8290 0.0466525311
8291 0.0466547948
8292 0.0466570586
8293 0.0466593223
8294 0.046661586
8295 0.0466638497
8296 0.0466661134
8297 0.0466683772
8298 0.0466706409
8299 0.0466729046
8300 0.0466751683
8301 0.046677432
8302 0.0466796958
8303 0.0466819595
8304 0.0466842232
8305 0.0466864869
8306 0.0466887506
8307 0.0466910143
8308 0.0466932781
8309 0.0466955418
8310 0.0466978055
8311 0.0467000692
8312 0.0467023329
8313 0.0467045967
8314 0.0467068604
8315 0.0467091241
8316 0.0467113878
8317 0.0467136515
8318 0.0467159153
8319 0.046718179
8320 0.0467204427
8321 0.0467227064
8322 0.0467249701
8323 0.0467272339
8324 0.0467294976
8325 0.0467317613
8326 0.046734025
8327 0.0467362887
8328 0.0467385525
8329 0.0467408162
8330 0.0467430799
8331 0.0467453436
8332 0.0467476073
8333 0.046749871
8334 0.0467521348
8335 0.0467543985
8336 0.0467566622
8337 0.0467589259
8338 0.0467611896
8339 0.0467634534
8340 0.0467657171
8341 0.0467679808
8342 0.0467702445
8343 0.0467725082
8344 0.046774772
8345 0.0467770357
8346 0.0467792994
8347 0.0467815631
8348 0.0467838268
8349 0.0467860906
8350 0.0467883543
8351 0.046790618
8352 0.0467928817
8353 0.0467951454
8354 0.0467974091
8355 0.0467996729
8356 0.0468019366
8357 0.0468042003
8358 0.046806464
8359 0.0468087277
8360 0.0468109915
8361 0.0468132552
8362 0.0468155189
8363 0.0468177826
8364 0.0468200463
8365 0.0468223101
8366 0.0468245738
8367 0.0468268375
8368 0.0468291012
8369 0.0468313649
8370 0.0468336287
8371 0.0468358924
8372 0.0468381561
8373 0.0468404198
8374 0.0468426835
8375 0.0468449472
8376 0.046847211
8377 0.0468494747
8378 0.0468517384
8379 0.0468540021
8380 0.0468562658
8381 0.0468585296
8382 0.0468607933
8383 0.046863057
8384 0.0468653207
8385 0.0468675844
8386 0.0468698482
8387 0.0468721119
8388 0.0468743756
8389 0.0468766393
8390 0.046878903
8391 0.0468811668
8392 0.0468834305
8393 0.0468856942
8394 0.0468879579
8395 0.0468902216
8396 0.0468924853
8397 0.0468947491
8398 0.0468970128
8399 0.0468992765
8400 0.0469015402
8401 0.0469038039
8402 0.0469060677
8403 0.0469083314
8404 0.0469105951
8405 0.0469128588
8406 0.0469151225
8407 0.0469173863
8408 0.04691965
8409 0.0469219137
8410 0.0469241774
8411 0.0469264411
8412 0.0469287049
8413 0.0469309686
8414 0.0469332323
8415 0.046935496
8416 0.0469377597
8417 0.0469400234
8418 0.0469422872
8419 0.0469445509
8420 0.0469468146
8421 0.0469490783
8422 0.046951342
8423 0.0469536058
8424 0.0469558695
8425 0.0469581332
8426 0.0469603969
8427 0.0469626606
8428 0.0469649244
8429 0.0469671881
8430 0.0469694518
8431 0.0469717155
8432 0.0469739792
8433 0.046976243
8434 0.0469785067
8435 0.0469807704
8436 0.0469830341
8437 0.0469852978
8438 0.0469875615
8439 0.0469898253
8440 0.046992089
8441 0.0469943527
8442 0.0469966164
8443 0.0469988801
8444 0.0470011439
8445 0.0470034076
8446 0.0470056713
8447 0.047007935
8448 0.0470101987
8449 0.0470124625
8450 0.0470147262
8451 0.0470169899
8452 0.0470192536
8453 0.0470215173
8454 0.0470237811
8455 0.0470260448
8456 0.0470283085
8457 0.0470305722
8458 0.0470328359
8459 0.0470350996
8460 0.0470373634
8461 0.0470396271
8462 0.0470418908
8463 0.0470441545
8464 0.0470464182
8465 0.047048682
8466 0.0470509457
8467 0.0470532094
8468 0.0470554731
8469 0.0470577368
8470 0.0470600006
8471 0.0470622643
8472 0.047064528
8473 0.0470667917
8474 0.0470690554
8475 0.0470713192
8476 0.0470735829
8477 0.0470758466
8478 0.0470781103
8479 0.047080374
8480 0.0470826377
8481 0.0470849015
8482 0.0470871652
8483 0.0470894289
8484 0.0470916926
8485 0.0470939563
8486 0.0470962201
8487 0.0470984838
8488 0.0471007475
8489 0.0471030112
8490 0.0471052749
8491 0.0471075387
8492 0.0471098024
8493 0.0471120661
8494 0.0471143298
8495 0.0471165935
8496 0.0471188573
8497 0.047121121
8498 0.0471233847
8499 0.0471256484
8500 0.0471279121
8501 0.0471301758
8502 0.0471324396
8503 0.0471347033
8504 0.047136967
8505 0.0471392307
8506 0.0471414944
8507 0.0471437582
8508 0.0471460219
8509 0.0471482856
8510 0.0471505493
8511 0.047152813
8512 0.0471550768
8513 0.0471573405
8514 0.0471596042
8515 0.0471618679
8516 0.0471641316
8517 0.0471663954
8518 0.0471686591
8519 0.0471709228
8520 0.0471731865
8521 0.0471754502
8522 0.0471777139
8523 0.0471799777
8524 0.0471822414
8525 0.0471845051
8526 0.0471867688
8527 0.0471890325
8528 0.0471912963
8529 0.04719356
8530 0.0471958237
8531 0.0471980874
8532 0.0472003511
8533 0.0472026149
8534 0.0472048786
8535 0.0472071423
8536 0.047209406
8537 0.0472116697
8538 0.0472139335
8539 0.0472161972
8540 0.0472184609
8541 0.0472207246
8542 0.0472229883
8543 0.0472252521
8544 0.0472275158
8545 0.0472297795
8546 0.0472320432
8547 0.0472343069
8548 0.0472365706
8549 0.0472388344
8550 0.0472410981
8551 0.0472433618
8552 0.0472456255
8553 0.0472478892
8554 0.047250153
8555 0.0472524167
8556 0.0472546804
8557 0.0472569441
8558 0.0472592078
8559 0.0472614716
8560 0.0472637353
8561 0.047265999
8562 0.0472682627
8563 0.0472705264
8564 0.0472727902
8565 0.0472750539
8566 0.0472773176
8567 0.0472795813
8568 0.047281845
8569 0.0472841087
8570 0.0472863725
8571 0.0472886362
8572 0.0472908999
8573 0.0472931636
8574 0.0472954273
8575 0.0472976911
8576 0.0472999548
8577 0.0473022185
8578 0.0473044822
8579 0.0473067459
8580 0.0473090097
8581 0.0473112734
8582 0.0473135371
8583 0.0473158008
8584 0.0473180645
8585 0.0473203283
8586 0.047322592
8587 0.0473248557
8588 0.0473271194
8589 0.0473293831
8590 0.0473316468
8591 0.0473339106
8592 0.0473361743
8593 0.047338438
8594 0.0473407017
8595 0.0473429654
8596 0.0473452292
8597 0.0473474929
8598 0.0473497566
8599 0.0473520203
8600 0.047354284
8601 0.0473565478
8602 0.0473588115
8603 0.0473610752
8604 0.0473633389
8605 0.0473656026
8606 0.0473678664
8607 0.0473701301
8608 0.0473723938
8609 0.0473746575
8610 0.0473769212
8611 0.0473791849
8612 0.0473814487
8613 0.0473837124
8614 0.0473859761
8615 0.0473882398
8616 0.0473905035
8617 0.0473927673
8618 0.047395031
8619 0.0473972947
8620 0.0473995584
8621 0.0474018221
8622 0.0474040859
8623 0.0474063496
8624 0.0474086133
8625 0.047410877
8626 0.0474131407
8627 0.0474154045
8628 0.0474176682
8629 0.0474199319
8630 0.0474221956
8631 0.0474244593
8632 0.047426723
8633 0.0474289868
8634 0.0474312505
8635 0.0474335142
8636 0.0474357779
8637 0.0474380416
8638 0.0474403054
8639 0.0474425691
8640 0.0474448328
8641 0.0474470965
8642 0.0474493602
8643 0.047451624
8644 0.0474538877
8645 0.0474561514
8646 0.0474584151
8647 0.0474606788
8648 0.0474629426
8649 0.0474652063
8650 0.04746747
8651 0.0474697337
8652 0.0474719974
8653 0.0474742611
8654 0.0474765249
8655 0.0474787886
8656 0.0474810523
8657 0.047483316
8658 0.0474855797
8659 0.0474878435
8660 0.0474901072
8661 0.0474923709
8662 0.0474946346
8663 0.0474968983
8664 0.0474991621
8665 0.0475014258
8666 0.0475036895
8667 0.0475059532
8668 0.0475082169
8669 0.0475104807
8670 0.0475127444
8671 0.0475150081
8672 0.0475172718
8673 0.0475195355
8674 0.0475217992
8675 0.047524063
8676 0.0475263267
8677 0.0475285904
8678 0.0475308541
8679 0.0475331178
8680 0.0475353816
8681 0.0475376453
8682 0.047539909
8683 0.0475421727
8684 0.0475444364
8685 0.0475467002
8686 0.0475489639
8687 0.0475512276
8688 0.0475534913
8689 0.047555755
8690 0.0475580188
8691 0.0475602825
8692 0.0475625462
8693 0.0475648099
8694 0.0475670736
8695 0.0475693373
8696 0.0475716011
8697 0.0475738648
8698 0.0475761285
8699 0.0475783922
8700 0.0475806559
8701 0.0475829197
8702 0.0475851834
8703 0.0475874471
8704 0.0475897108
8705 0.0475919745
8706 0.0475942383
8707 0.047596502
8708 0.0475987657
8709 0.0476010294
8710 0.0476032931
8711 0.0476055569
8712 0.0476078206
8713 0.0476100843
8714 0.047612348
8715 0.0476146117
8716 0.0476168754
8717 0.0476191392
8718 0.0476214029
8719 0.0476236666
8720 0.0476259303
8721 0.047628194
8722 0.0476304578
8723 0.0476327215
8724 0.0476349852
8725 0.0476372489
8726 0.0476395126
8727 0.0476417764
8728 0.0476440401
8729 0.0476463038
8730 0.0476485675
8731 0.0476508312
8732 0.047653095
8733 0.0476553587
8734 0.0476576224
8735 0.0476598861
8736 0.0476621498
8737 0.0476644135
8738 0.0476666773
8739 0.047668941
8740 0.0476712047
8741 0.0476734684
8742 0.0476757321
8743 0.0476779959
8744 0.0476802596
8745 0.0476825233
8746 0.047684787
8747 0.0476870507
8748 0.0476893145
8749 0.0476915782
8750 0.0476938419
8751 0.0476961056
8752 0.0476983693
8753 0.0477006331
8754 0.0477028968
8755 0.0477051605
8756 0.0477074242
8757 0.0477096879
8758 0.0477119517
8759 0.0477142154
8760 0.0477164791
8761 0.0477187428
8762 0.0477210065
8763 0.0477232702
8764 0.047725534
8765 0.0477277977
8766 0.0477300614
8767 0.0477323251
8768 0.0477345888
8769 0.0477368526
8770 0.0477391163
8771 0.04774138
8772 0.0477436437
8773 0.0477459074
8774 0.0477481712
8775 0.0477504349
8776 0.0477526986
8777 0.0477549623
8778 0.047757226
8779 0.0477594898
8780 0.0477617535
8781 0.0477640172
8782 0.0477662809
8783 0.0477685446
8784 0.0477708083
8785 0.0477730721
8786 0.0477753358
8787 0.0477775995
8788 0.0477798632
8789 0.0477821269
8790 0.0477843907
8791 0.0477866544
8792 0.0477889181
8793 0.0477911818
8794 0.0477934455
8795 0.0477957093
8796 0.047797973
8797 0.0478002367
8798 0.0478025004
8799 0.0478047641
8800 0.0478070279
8801 0.0478092916
8802 0.0478115553
8803 0.047813819
8804 0.0478160827
8805 0.0478183464
8806 0.0478206102
8807 0.0478228739
8808 0.0478251376
8809 0.0478274013
8810 0.047829665
8811 0.0478319288
8812 0.0478341925
8813 0.0478364562
8814 0.0478387199
8815 0.0478409836
8816 0.0478432474
8817 0.0478455111
8818 0.0478477748
8819 0.0478500385
8820 0.0478523022
8821 0.047854566
8822 0.0478568297
8823 0.0478590934
8824 0.0478613571
8825 0.0478636208
8826 0.0478658845
8827 0.0478681483
8828 0.047870412
8829 0.0478726757
8830 0.0478749394
8831 0.0478772031
8832 0.0478794669
8833 0.0478817306
8834 0.0478839943
8835 0.047886258
8836 0.0478885217
8837 0.0478907855
8838 0.0478930492
8839 0.0478953129
8840 0.0478975766
8841 0.0478998403
8842 0.0479021041
8843 0.0479043678
8844 0.0479066315
8845 0.0479088952
8846 0.0479111589
8847 0.0479134226
8848 0.0479156864
8849 0.0479179501
8850 0.0479202138
8851 0.0479224775
8852 0.0479247412
8853 0.047927005
8854 0.0479292687
8855 0.0479315324
8856 0.0479337961
8857 0.0479360598
8858 0.0479383236
8859 0.0479405873
8860 0.047942851
8861 0.0479451147
8862 0.0479473784
8863 0.0479496422
8864 0.0479519059
8865 0.0479541696
8866 0.0479564333
8867 0.047958697
8868 0.0479609607
8869 0.0479632245
8870 0.0479654882
8871 0.0479677519
8872 0.0479700156
8873 0.0479722793
8874 0.0479745431
8875 0.0479768068
8876 0.0479790705
8877 0.0479813342
8878 0.0479835979
8879 0.0479858617
8880 0.0479881254
8881 0.0479903891
8882 0.0479926528
8883 0.0479949165
8884 0.0479971803
8885 0.047999444
8886 0.0480017077
8887 0.0480039714
8888 0.0480062351
8889 0.0480084988
8890 0.0480107626
8891 0.0480130263
8892 0.04801529
8893 0.0480175537
8894 0.0480198174
8895 0.0480220812
8896 0.0480243449
8897 0.0480266086
8898 0.0480288723
8899 0.048031136
8900 0.0480333998
8901 0.0480356635
8902 0.0480379272
8903 0.0480401909
8904 0.0480424546
8905 0.0480447184
8906 0.0480469821
8907 0.0480492458
8908 0.0480515095
8909 0.0480537732
8910 0.0480560369
8911 0.0480583007
8912 0.0480605644
8913 0.0480628281
8914 0.0480650918
8915 0.0480673555
8916 0.0480696193
8917 0.048071883
8918 0.0480741467
8919 0.0480764104
8920 0.0480786741
8921 0.0480809379
8922 0.0480832016
8923 0.0480854653
8924 0.048087729
8925 0.0480899927
8926 0.0480922565
8927 0.0480945202
8928 0.0480967839
8929 0.0480990476
8930 0.0481013113
8931 0.048103575
8932 0.0481058388
8933 0.0481081025
8934 0.0481103662
8935 0.0481126299
8936 0.0481148936
8937 0.0481171574
8938 0.0481194211
8939 0.0481216848
8940 0.0481239485
8941 0.0481262122
8942 0.048128476
8943 0.0481307397
8944 0.0481330034
8945 0.0481352671
8946 0.0481375308
8947 0.0481397946
8948 0.0481420583
8949 0.048144322
8950 0.0481465857
8951 0.0481488494
8952 0.0481511131
8953 0.0481533769
8954 0.0481556406
8955 0.0481579043
8956 0.048160168
8957 0.0481624317
8958 0.0481646955
8959 0.0481669592
8960 0.0481692229
8961 0.0481714866
8962 0.0481737503
8963 0.0481760141
8964 0.0481782778
8965 0.0481805415
8966 0.0481828052
8967 0.0481850689
8968 0.0481873327
8969 0.0481895964
8970 0.0481918601
8971 0.0481941238
8972 0.0481963875
8973 0.0481986513
8974 0.048200915
8975 0.0482031787
8976 0.0482054424
8977 0.0482077061
8978 0.0482099698
8979 0.0482122336
8980 0.0482144973
8981 0.048216761
8982 0.0482190247
8983 0.0482212884
8984 0.0482235522
8985 0.0482258159
8986 0.0482280796
8987 0.0482303433
8988 0.048232607
8989 0.0482348708
8990 0.0482371345
8991 0.0482393982
8992 0.0482416619
8993 0.0482439256
8994 0.0482461894
8995 0.0482484531
8996 0.0482507168
8997 0.0482529805
8998 0.0482552442
8999 0.0482575079
9000 0.0482597717
9001 0.0482620354
9002 0.0482642991
9003 0.0482665628
9004 0.0482688265
9005 0.0482710903
9006 0.048273354
9007 0.0482756177
9008 0.0482778814
9009 0.0482801451
9010 0.0482824089
9011 0.0482846726
9012 0.0482869363
9013 0.0482892
9014 0.0482914637
9015 0.0482937275
9016 0.0482959912
9017 0.0482982549
9018 0.0483005186
9019 0.0483027823
9020 0.048305046
9021 0.0483073098
9022 0.0483095735
9023 0.0483118372
9024 0.0483141009
9025 0.0483163646
9026 0.0483186284
9027 0.0483208921
9028 0.0483231558
9029 0.0483254195
9030 0.0483276832
9031 0.048329947
9032 0.0483322107
9033 0.0483344744
9034 0.0483367381
9035 0.0483390018
9036 0.0483412656
9037 0.0483435293
9038 0.048345793
9039 0.0483480567
9040 0.0483503204
9041 0.0483525841
9042 0.0483548479
9043 0.0483571116
9044 0.0483593753
9045 0.048361639
9046 0.0483639027
9047 0.0483661665
9048 0.0483684302
9049 0.0483706939
9050 0.0483729576
9051 0.0483752213
9052 0.0483774851
9053 0.0483797488
9054 0.0483820125
9055 0.0483842762
9056 0.0483865399
9057 0.0483888037
9058 0.0483910674
9059 0.0483933311
9060 0.0483955948
9061 0.0483978585
9062 0.0484001222
9063 0.048402386
9064 0.0484046497
9065 0.0484069134
9066 0.0484091771
9067 0.0484114408
9068 0.0484137046
9069 0.0484159683
9070 0.048418232
9071 0.0484204957
9072 0.0484227594
9073 0.0484250232
9074 0.0484272869
9075 0.0484295506
9076 0.0484318143
9077 0.048434078
9078 0.0484363418
9079 0.0484386055
9080 0.0484408692
9081 0.0484431329
9082 0.0484453966
9083 0.0484476603
9084 0.0484499241
9085 0.0484521878
9086 0.0484544515
9087 0.0484567152
9088 0.0484589789
9089 0.0484612427
9090 0.0484635064
9091 0.0484657701
9092 0.0484680338
9093 0.0484702975
9094 0.0484725613
9095 0.048474825
9096 0.0484770887
9097 0.0484793524
9098 0.0484816161
9099 0.0484838799
9100 0.0484861436
9101 0.0484884073
9102 0.048490671
9103 0.0484929347
9104 0.0484951984
9105 0.0484974622
9106 0.0484997259
9107 0.0485019896
9108 0.0485042533
9109 0.048506517
9110 0.0485087808
9111 0.0485110445
9112 0.0485133082
9113 0.0485155719
9114 0.0485178356
9115 0.0485200994
9116 0.0485223631
9117 0.0485246268
9118 0.0485268905
9119 0.0485291542
9120 0.048531418
9121 0.0485336817
9122 0.0485359454
9123 0.0485382091
9124 0.0485404728
9125 0.0485427365
9126 0.0485450003
9127 0.048547264
9128 0.0485495277
9129 0.0485517914
9130 0.0485540551
9131 0.0485563189
9132 0.0485585826
9133 0.0485608463
9134 0.04856311
9135 0.0485653737
